store,account_id,account_review,visit_date,visit_count,verification,review,review_text,photo,group,account_review_count,visit_count_raw,has_photo_raw,rating,account_avg_rating,has_photo,clean_review,review_length,clean_length,length_under_10,length_under_30,length_over_30,length_over_60,experience_count,has_experience,strong_experience_review,context_count,has_context,has_any_number,number_detail_count,has_number_detail,generic_praise_count,has_generic_praise,intensifier_count,intensifier_over_3,exclamation_count,exclamation_over_3,sns_event_count,has_sns_event,mixed_sentiment,trendy_revisit_count,has_trendy_revisit_phrase,account_review_count_is_1,account_review_count_under_5,account_review_count_over_10,account_review_count_over_50,first_visit,revisit,short_generic_review,ultra_short_praise,generic_without_detail,only_praise,experience_rich_review,rich_context_review,low_information_review,event_like_short_praise,event_like_sns_or_service,event_like_low_info_first_visit
이태리국시,hjh6497,25,2026.05.06,1,영수증,맛있게 먹었습니다!,맛있게 먹었습니다!,True,event,25,1번째 방문,True,,,1,맛있게 먹었습니다,10,9,0,1,0,0,0,0,0,0,0,0,0,0,1,1,0,0,1,0,0,0,0,0,0,0,0,1,0,1,0,1,0,1,1,0,0,1,1,0,1
이태리국시,배고프다1172,33,2026.05.09,1,영수증,맛있아요 추천 :-),맛있아요 추천 :-),True,event,33,1번째 방문,True,,,1,맛있아요 추천,11,7,0,1,0,0,0,0,0,0,0,0,0,0,2,1,0,0,0,0,0,0,0,0,0,0,0,1,0,1,0,1,0,1,1,0,0,1,1,0,1
이태리국시,Dnsko,29,2026.05.05,1,영수증,맛있어요 분위기 좋습니다,맛있어요 분위기 좋습니다,True,event,29,1번째 방문,True,,,1,맛있어요 분위기 좋습니다,13,13,0,1,0,0,1,1,0,0,0,0,0,0,1,1,0,0,0,0,0,0,0,0,0,0,0,1,0,1,0,1,0,0,0,1,0,0,1,0,0
이태리국시,pur****,28,2026.05.04,1,영수증,좋은시간 보내고 갑니다🙂,좋은시간 보내고 갑니다🙂,True,event,28,1번째 방문,True,,,1,좋은시간 보내고 갑니다,13,12,0,1,0,0,0,0,0,0,0,0,0,0,0,0,0,0,0,0,0,0,0,0,0,0,0,1,0,1,0,0,0,0,0,0,0,1,0,0,1
이태리국시,밥밥18,147,2026.05.04,1,영수증,분위기 좋고 맛있어요~~,분위기 좋고 맛있어요~~,True,event,147,1번째 방문,True,,,1,분위기 좋고 맛있어요,13,11,0,1,0,0,1,1,0,0,0,0,0,0,1,1,0,0,0,0,0,0,0,0,0,0,0,1,1,1,0,1,0,0,0,1,0,0,1,0,0
이태리국시,이름뭘로하지00,34,2026.04.28,2,영수증,너무 맛있었어용!!🩵🦭👏,너무 맛있었어용!!🩵🦭👏,True,event,34,2번째 방문,True,,,1,너무 맛있었어용,13,8,0,1,0,0,0,0,0,0,0,0,0,0,1,1,1,0,2,0,0,0,0,0,0,0,0,1,0,0,1,1,0,1,1,0,0,1,1,0,0
이태리국시,니진,122,2026.04.26,1,영수증,분위기 좋고 맛있어요 💛,분위기 좋고 맛있어요 💛,True,event,122,1번째 방문,True,,,1,분위기 좋고 맛있어요,13,11,0,1,0,0,1,1,0,0,0,0,0,0,1,1,0,0,0,0,0,0,0,0,0,0,0,1,1,1,0,1,0,0,0,1,0,0,1,0,0
이태리국시,쑤2790,23,2026.04.14,1,영수증,분위기도 좋고 맛있어요~👍😋,분위기도 좋고 맛있어요~👍😋,True,event,23,1번째 방문,True,,,1,분위기도 좋고 맛있어요,15,12,0,1,0,0,1,1,0,0,0,0,0,0,1,1,0,0,0,0,0,0,0,0,0,0,0,1,0,1,0,1,0,0,0,1,0,0,1,0,0
이태리국시,강연58,46,2026.04.05,1,영수증,양이 푸짐하고 다 맛있어요.,양이 푸짐하고 다 맛있어요.,True,event,46,1번째 방문,True,,,1,양이 푸짐하고 다 맛있어요,15,14,0,1,0,0,0,0,0,0,0,0,0,0,1,1,0,0,0,0,0,0,0,0,0,0,0,1,0,1,0,1,0,1,1,0,0,1,1,0,1
이태리국시,민탱민트,31,2026.04.04,1,영수증,빠에야가 엄청 맛있어요요오옹,빠에야가 엄청 맛있어요요오옹,True,event,31,1번째 방문,True,,,1,빠에야가 엄청 맛있어요요오옹,15,15,0,1,0,0,0,0,0,0,0,0,0,0,1,1,1,0,0,0,0,0,0,0,0,0,0,1,0,1,0,1,0,1,1,0,0,1,1,0,1
이태리국시,둥이6725,39,2026.05.04,1,영수증,대창파스타 맛있어요 추천이요!,대창파스타 맛있어요 추천이요!,True,event,39,1번째 방문,True,,,1,대창파스타 맛있어요 추천이요,16,15,0,1,0,0,0,0,0,0,0,0,0,0,2,1,0,0,1,0,0,0,0,0,0,0,0,1,0,1,0,1,0,1,1,0,0,1,1,0,1
이태리국시,Jessica3949,26,2026.05.02,1,영수증,존맛이에여 이거 어떻게 만들져,존맛이에여 이거 어떻게 만들져,True,event,26,1번째 방문,True,,,1,존맛이에여 이거 어떻게 만들져,16,16,0,1,0,0,0,0,0,0,0,0,0,0,0,0,1,0,0,0,0,0,0,0,0,0,0,1,0,1,0,0,0,0,0,0,0,1,0,0,1
이태리국시,지박98,27,2026.04.28,1,영수증,맛나요 돼지처럼 먹었습니다 굿,맛나요 돼지처럼 먹었습니다 굿,True,event,27,1번째 방문,True,,,1,맛나요 돼지처럼 먹었습니다 굿,16,16,0,1,0,0,0,0,0,0,0,0,0,0,0,0,0,0,0,0,0,0,0,0,0,0,0,1,0,1,0,0,0,0,0,0,0,1,0,0,1
이태리국시,yum****,22,2026.05.07,1,영수증,맛잇고 메뉴도 다양해서 좋아요!,맛잇고 메뉴도 다양해서 좋아요!,True,event,22,1번째 방문,True,,,1,맛잇고 메뉴도 다양해서 좋아요,17,16,0,1,0,0,0,0,0,0,0,0,0,0,1,1,0,0,1,0,0,0,0,0,0,0,0,1,0,1,0,1,0,1,1,0,0,1,1,0,1
이태리국시,노리95,40,2026.05.04,1,영수증,대창 파스타 매콤하고 맛있어요!,대창 파스타 매콤하고 맛있어요!,True,event,40,1번째 방문,True,,,1,대창 파스타 매콤하고 맛있어요,17,16,0,1,0,0,0,0,0,0,0,0,0,0,1,1,0,0,1,0,0,0,0,0,0,0,0,1,0,1,0,1,0,1,1,0,0,1,1,0,1
이태리국시,0lsumin,11,2026.05.03,1,영수증,분위기 좋고 음식도 맛있습니다!,분위기 좋고 음식도 맛있습니다!,True,event,11,1번째 방문,True,,,1,분위기 좋고 음식도 맛있습니다,17,16,0,1,0,0,1,1,0,0,0,0,0,0,1,1,0,0,1,0,0,0,0,0,0,0,0,1,0,1,0,1,0,0,0,1,0,0,1,0,0
이태리국시,꼬만10,491,2026.04.22,1,영수증,너무 맛있어요~~ 성수맛집 강추,너무 맛있어요~~ 성수맛집 강추,True,event,491,1번째 방문,True,,,1,너무 맛있어요 성수맛집 강추,17,15,0,1,0,0,0,0,0,0,0,0,0,0,3,1,1,0,0,0,0,0,0,0,0,0,0,1,1,1,0,1,0,1,1,0,0,1,1,0,1
이태리국시,째랑,18,2026.04.14,1,영수증,자주오는데 올때마다 맛있어요!!,자주오는데 올때마다 맛있어요!!,True,event,18,1번째 방문,True,,,1,자주오는데 올때마다 맛있어요,17,15,0,1,0,0,0,0,0,0,0,0,0,0,1,1,0,0,2,0,0,0,0,0,0,0,0,1,0,1,0,1,0,1,1,0,0,1,1,0,1
이태리국시,kdbsle5,35,2026.04.11,1,영수증,대창 고소하고 매콤하고 맛있어용,대창 고소하고 매콤하고 맛있어용,True,event,35,1번째 방문,True,,,1,대창 고소하고 매콤하고 맛있어용,17,17,0,1,0,0,0,0,0,0,0,0,0,0,1,1,0,0,0,0,0,0,0,0,0,0,0,1,0,1,0,1,0,1,1,0,0,1,1,0,1
이태리국시,BW56,35,2026.04.05,1,영수증,파스타랑 피자가 너무 맛있습니다,파스타랑 피자가 너무 맛있습니다,True,event,35,1번째 방문,True,,,1,파스타랑 피자가 너무 맛있습니다,17,17,0,1,0,0,0,0,0,0,0,0,0,0,1,1,1,0,0,0,0,0,0,0,0,0,0,1,0,1,0,1,0,1,1,0,0,1,1,0,1
이태리국시,pro리뷰러,120,2026.03.30,1,영수증,분위기도 좋고 맛도 좋아요 👍👍,분위기도 좋고 맛도 좋아요 👍👍,True,event,120,1번째 방문,True,,,1,분위기도 좋고 맛도 좋아요,17,14,0,1,0,0,1,1,0,0,0,0,0,0,1,1,0,0,0,0,0,0,0,0,0,0,0,1,1,1,0,1,0,0,0,1,0,0,1,0,0
이태리국시,예나다,14,2026.05.09,1,영수증,맛있고 자극적이에여 그치만 맛있움,맛있고 자극적이에여 그치만 맛있움,True,event,14,1번째 방문,True,,,1,맛있고 자극적이에여 그치만 맛있움,18,18,0,1,0,0,0,0,0,0,0,0,0,0,2,1,0,0,0,0,0,0,0,0,0,0,0,1,0,1,0,1,0,1,1,0,0,1,1,0,1
이태리국시,sun****,15,2026.04.11,1,영수증,신기한 메뉴인데 너무 맛있었어요!,신기한 메뉴인데 너무 맛있었어요!,True,event,15,1번째 방문,True,,,1,신기한 메뉴인데 너무 맛있었어요,18,17,0,1,0,0,0,0,0,0,0,0,0,0,1,1,1,0,1,0,0,0,0,0,0,0,0,1,0,1,0,1,0,1,1,0,0,1,1,0,1
이태리국시,은2399,24,2026.04.05,1,영수증,"음식 맛있고, 장소가 넘 좋아요~","음식 맛있고, 장소가 넘 좋아요~",True,event,24,1번째 방문,True,,,1,음식 맛있고 장소가 넘 좋아요,18,16,0,1,0,0,0,0,0,0,0,0,0,0,3,1,0,0,0,0,0,0,0,0,0,0,0,1,0,1,0,1,0,1,1,0,0,1,1,0,1
이태리국시,dakong22,78,2026.05.09,1,영수증,분위기가 엄청 좋아요! 맛있어요!!,분위기가 엄청 좋아요! 맛있어요!!,True,event,78,1번째 방문,True,,,1,분위기가 엄청 좋아요 맛있어요,19,16,0,1,0,0,1,1,0,0,0,0,0,0,2,1,1,0,3,1,0,0,0,0,0,0,0,1,1,1,0,1,0,0,0,1,0,0,1,0,0
이태리국시,김제젠,18,2026.05.05,1,영수증,친구랑 오기도 좋고 너무 맛있어용!,친구랑 오기도 좋고 너무 맛있어용!,True,event,18,1번째 방문,True,,,1,친구랑 오기도 좋고 너무 맛있어용,19,18,0,1,0,0,0,0,0,1,1,0,0,0,1,1,1,0,1,0,0,0,0,0,0,0,0,1,0,1,0,1,0,0,0,1,0,0,1,0,0
이태리국시,sese51,48,2026.04.24,1,영수증,음식이 엄청 빨리나오고 맛있어요!!,음식이 엄청 빨리나오고 맛있어요!!,True,event,48,1번째 방문,True,,,1,음식이 엄청 빨리나오고 맛있어요,19,17,0,1,0,0,0,0,0,0,0,0,0,0,1,1,1,0,2,0,0,0,0,0,0,0,0,1,0,1,0,1,0,1,1,0,0,1,1,0,1
이태리국시,요미요미ㅋ,154,2026.04.04,1,영수증,음식이 맛있고 애들이 너무 조아해요,음식이 맛있고 애들이 너무 조아해요,True,event,154,1번째 방문,True,,,1,음식이 맛있고 애들이 너무 조아해요,19,19,0,1,0,0,0,0,0,0,0,0,0,0,1,1,1,0,0,0,0,0,0,0,0,0,0,1,1,1,0,1,0,1,1,0,0,1,1,0,1
이태리국시,이름뭘로하지00,34,2026.04.02,1,영수증,"맛있고, 인테리어도 멋져용!!💪🤩👏","맛있고, 인테리어도 멋져용!!💪🤩👏",True,event,34,1번째 방문,True,,,1,맛있고 인테리어도 멋져용,19,13,0,1,0,0,0,0,0,0,0,0,0,0,1,1,0,0,2,0,0,0,0,0,0,0,0,1,0,1,0,1,0,1,1,0,0,1,1,0,1
이태리국시,guseod23,35,2026.04.22,1,영수증,맛있어요! 파스타 면 맛이 특이해요!,맛있어요! 파스타 면 맛이 특이해요!,True,event,35,1번째 방문,True,,,1,맛있어요 파스타 면 맛이 특이해요,20,18,0,1,0,0,0,0,0,0,0,0,0,0,1,1,0,0,2,0,0,0,0,0,0,0,0,1,0,1,0,1,0,1,1,0,0,1,1,0,1
이태리국시,선꿍,28,2026.04.18,1,영수증,음식이 맛잇고 매장이 쾌적해서 좋아요,음식이 맛잇고 매장이 쾌적해서 좋아요,True,event,28,1번째 방문,True,,,1,음식이 맛잇고 매장이 쾌적해서 좋아요,20,20,0,1,0,0,1,1,0,0,0,0,0,0,1,1,0,0,0,0,0,0,0,0,0,0,0,1,0,1,0,1,0,0,0,1,0,0,1,0,0
이태리국시,전다운14,43,2026.03.22,1,영수증,메뉴가 하나하나 다 맛있었어요~~~!,메뉴가 하나하나 다 맛있었어요~~~!,True,event,43,1번째 방문,True,,,1,메뉴가 하나하나 다 맛있었어요,20,16,0,1,0,0,0,0,0,0,0,0,0,0,1,1,0,0,1,0,0,0,0,0,0,0,0,1,0,1,0,1,0,1,1,0,0,1,1,0,1
이태리국시,hos****,12,2026.05.03,1,영수증,맛있게 잘먹고 갑니다 다음에 또 올게요,맛있게 잘먹고 갑니다 다음에 또 올게요,True,event,12,1번째 방문,True,,,1,맛있게 잘먹고 갑니다 다음에 또 올게요,21,21,0,1,0,0,0,0,0,0,0,0,0,0,1,1,0,0,0,0,0,0,0,1,1,0,0,1,0,1,0,1,0,1,1,0,0,1,1,0,1
이태리국시,par****,6,2026.05.03,1,영수증,진짜 맛잇습니다. 추천해요.꼭 와보세요,진짜 맛잇습니다. 추천해요.꼭 와보세요,True,event,6,1번째 방문,True,,,1,진짜 맛잇습니다 추천해요 꼭 와보세요,21,20,0,1,0,0,0,0,0,0,0,0,0,0,1,1,1,0,0,0,0,0,1,0,0,0,0,0,0,1,0,1,0,1,1,0,0,1,1,0,1
이태리국시,saemodagal,56,2026.05.01,1,영수증,메뉴도 신선하고 데이트하기 딱이네요!!,메뉴도 신선하고 데이트하기 딱이네요!!,True,event,56,1번째 방문,True,,,1,메뉴도 신선하고 데이트하기 딱이네요,21,19,0,1,0,0,0,0,0,1,1,0,0,0,0,0,0,0,2,0,0,0,0,0,0,0,0,1,1,1,0,0,0,0,0,1,0,0,0,0,0
이태리국시,rea****,1,2026.04.25,1,영수증,맛있어요~ 친구들과 함께 오기 좋아요~,맛있어요~ 친구들과 함께 오기 좋아요~,True,event,1,1번째 방문,True,,,1,맛있어요 친구들과 함께 오기 좋아요,21,19,0,1,0,0,0,0,0,1,1,0,0,0,2,1,0,0,0,0,0,0,0,0,0,1,1,0,0,1,0,1,0,0,0,1,0,0,1,0,0
이태리국시,con****,63,2026.04.11,1,영수증,최애 맛집 친구들 데리고 왔어여!!!!,최애 맛집 친구들 데리고 왔어여!!!!,True,event,63,1번째 방문,True,,,1,최애 맛집 친구들 데리고 왔어여,21,17,0,1,0,0,0,0,0,1,1,0,0,0,1,1,0,0,4,1,0,0,0,0,0,0,0,1,1,1,0,1,0,0,0,1,0,0,1,0,0
이태리국시,rrr50,37,2026.04.24,1,영수증,한식이랑 접목한 특이한 메뉴가 많아용😍😍,한식이랑 접목한 특이한 메뉴가 많아용😍😍,True,event,37,1번째 방문,True,,,1,한식이랑 접목한 특이한 메뉴가 많아용,22,20,0,1,0,0,0,0,0,0,0,0,0,0,0,0,0,0,0,0,0,0,0,0,0,0,0,1,0,1,0,0,0,0,0,0,0,1,0,0,1
이태리국시,언노말인간,57,2026.04.21,1,영수증,극락 매우 맛있습니다 뚝배기로 보온 강화,극락 매우 맛있습니다 뚝배기로 보온 강화,True,event,57,1번째 방문,True,,,1,극락 매우 맛있습니다 뚝배기로 보온 강화,22,22,0,1,0,0,0,0,0,0,0,0,0,0,1,1,0,0,0,0,0,0,0,0,0,0,0,1,1,1,0,1,0,1,1,0,0,1,1,0,1
이태리국시,kslwplc,26,2026.04.08,1,영수증,넘 맛있었구 친절하세요 ㅎㅎ 또올게요 !,넘 맛있었구 친절하세요 ㅎㅎ 또올게요 !,True,event,26,1번째 방문,True,,,1,넘 맛있었구 친절하세요 또올게요,22,17,0,1,0,0,1,1,0,0,0,0,0,0,2,1,0,0,1,0,0,0,0,1,1,0,0,1,0,1,0,1,0,0,0,1,0,0,1,0,0
이태리국시,해융이31,18,2026.04.22,1,영수증,분위기 너무 좋고 음식도 특별해서 좋아요!,분위기 너무 좋고 음식도 특별해서 좋아요!,True,event,18,1번째 방문,True,,,1,분위기 너무 좋고 음식도 특별해서 좋아요,23,22,0,1,0,0,1,1,0,0,0,0,0,0,1,1,1,0,1,0,0,0,0,0,0,0,0,1,0,1,0,1,0,0,0,1,0,0,1,0,0
이태리국시,어둠의지배자,13,2026.04.12,1,영수증,너무 맛있었습니다. 분위기가 너무 좋아여.,너무 맛있었습니다. 분위기가 너무 좋아여.,True,event,13,1번째 방문,True,,,1,너무 맛있었습니다 분위기가 너무 좋아여,23,21,0,1,0,0,1,1,0,0,0,0,0,0,1,1,2,0,0,0,0,0,0,0,0,0,0,1,0,1,0,1,0,0,0,1,0,0,1,0,0
이태리국시,g15****,18,2026.05.07,1,영수증,성수 최고의 파스타집 맛있어요. 뚝섬역 근방,성수 최고의 파스타집 맛있어요. 뚝섬역 근방,True,event,18,1번째 방문,True,,,1,성수 최고의 파스타집 맛있어요 뚝섬역 근방,24,23,0,1,0,0,0,0,0,0,0,0,0,0,2,1,0,0,0,0,0,0,0,0,0,0,0,1,0,1,0,1,0,1,1,0,0,1,1,0,1
이태리국시,원종혁96,32,2026.04.11,1,영수증,분위기가 너무 좋고 음식도 너무 맛있습니다👍,분위기가 너무 좋고 음식도 너무 맛있습니다👍,True,event,32,1번째 방문,True,,,1,분위기가 너무 좋고 음식도 너무 맛있습니다,24,23,0,1,0,0,1,1,0,0,0,0,0,0,1,1,2,0,0,0,0,0,0,0,0,0,0,1,0,1,0,1,0,0,0,1,0,0,1,0,0
이태리국시,kjh****,50,2026.05.09,1,영수증,분위기 괜찮네요👍 음식도 밸런스가 좋았습니다!,분위기 괜찮네요👍 음식도 밸런스가 좋았습니다!,True,event,50,1번째 방문,True,,,1,분위기 괜찮네요 음식도 밸런스가 좋았습니다,25,23,0,1,0,0,1,1,0,0,0,0,0,0,0,0,0,0,1,0,0,0,0,0,0,0,0,1,1,1,0,0,0,0,0,1,0,0,0,0,0
이태리국시,이재성98,13,2026.05.05,1,영수증,아이들과 함께해도 무리없이 좋네요 잘먹고갑니다,아이들과 함께해도 무리없이 좋네요 잘먹고갑니다,True,event,13,1번째 방문,True,,,1,아이들과 함께해도 무리없이 좋네요 잘먹고갑니다,25,25,0,1,0,0,0,0,0,0,0,0,0,0,0,0,0,0,0,0,0,0,0,0,0,0,0,1,0,1,0,0,0,0,0,0,0,1,0,0,1
이태리국시,공쥬 님,24,2026.05.03,1,영수증,생각한것보다 맛있어서 놀랐습니다 😊 맛집 인정,생각한것보다 맛있어서 놀랐습니다 😊 맛집 인정,True,event,24,1번째 방문,True,,,1,생각한것보다 맛있어서 놀랐습니다 맛집 인정,25,23,0,1,0,0,0,0,0,0,0,0,0,0,2,1,0,0,0,0,0,0,0,0,0,0,0,1,0,1,0,1,0,1,1,0,0,1,1,0,1
이태리국시,wldms25,27,2026.05.02,1,영수증,맛있어용!! 퓨전이라 특별한 메뉴가 많아요 😆,맛있어용!! 퓨전이라 특별한 메뉴가 많아요 😆,True,event,27,1번째 방문,True,,,1,맛있어용 퓨전이라 특별한 메뉴가 많아요,25,21,0,1,0,0,0,0,0,0,0,0,0,0,1,1,0,0,2,0,0,0,0,0,0,0,0,1,0,1,0,1,0,1,1,0,0,1,1,0,1
이태리국시,랠롱2,20,2026.05.06,1,영수증,전반적으로 매장 분위기가 좋고 음식도 맛있네요~,전반적으로 매장 분위기가 좋고 음식도 맛있네요~,True,event,20,1번째 방문,True,,,1,전반적으로 매장 분위기가 좋고 음식도 맛있네요,26,25,0,1,0,0,2,1,1,0,0,0,0,0,1,1,0,0,0,0,0,0,0,0,0,0,0,1,0,1,0,1,0,0,0,1,0,0,1,0,0
이태리국시,zzzz4556,42,2026.05.05,1,영수증,맛있게 잘 먹었습니다! 다른 메뉴들도 궁금해요!,맛있게 잘 먹었습니다! 다른 메뉴들도 궁금해요!,True,event,42,1번째 방문,True,,,1,맛있게 잘 먹었습니다 다른 메뉴들도 궁금해요,26,24,0,1,0,0,0,0,0,0,0,0,0,0,1,1,0,0,2,0,0,0,0,0,0,0,0,1,0,1,0,1,0,1,1,0,0,1,1,0,1
이태리국시,ysh****,22,2026.05.05,1,영수증,여자친구랑 데이트와서 너무 맛있게 잘 먹었어요!,여자친구랑 데이트와서 너무 맛있게 잘 먹었어요!,True,event,22,1번째 방문,True,,,1,여자친구랑 데이트와서 너무 맛있게 잘 먹었어요,26,25,0,1,0,0,0,0,0,2,1,0,0,0,1,1,1,0,1,0,0,0,0,0,0,0,0,1,0,1,0,1,0,0,0,1,0,0,1,0,0
이태리국시,연2227,40,2026.04.26,1,영수증,메뉴 구성이 신기해서 와봤는데 맛도 있어여~~~,메뉴 구성이 신기해서 와봤는데 맛도 있어여~~~,True,event,40,1번째 방문,True,,,1,메뉴 구성이 신기해서 와봤는데 맛도 있어여,26,23,0,1,0,0,0,0,0,0,0,0,0,0,0,0,0,0,0,0,0,0,0,0,0,0,0,1,0,1,0,0,0,0,0,0,0,1,0,0,1
이태리국시,ultragirljy55,42,2026.04.04,1,영수증,메뉴 특별하고 맛나요 잘 먹었어요 또 방문할게요,메뉴 특별하고 맛나요 잘 먹었어요 또 방문할게요,True,event,42,1번째 방문,True,,,1,메뉴 특별하고 맛나요 잘 먹었어요 또 방문할게요,26,26,0,1,0,0,0,0,0,0,0,0,0,0,0,0,0,0,0,0,0,0,0,1,1,0,0,1,0,1,0,0,0,0,0,0,0,1,0,0,1
이태리국시,jun****,33,2026.05.06,1,영수증,분위기도 너무 좋고 음식도 맛있어요 잘 먹었습니다,분위기도 너무 좋고 음식도 맛있어요 잘 먹었습니다,True,event,33,1번째 방문,True,,,1,분위기도 너무 좋고 음식도 맛있어요 잘 먹었습니다,27,27,0,1,0,0,1,1,0,0,0,0,0,0,1,1,1,0,0,0,0,0,0,0,0,0,0,1,0,1,0,1,0,0,0,1,0,0,1,0,0
이태리국시,규슐랭91,29,2026.04.22,1,영수증,한식과 이탸리의 조화 너무 맛있어요! 또 와야지!,한식과 이탸리의 조화 너무 맛있어요! 또 와야지!,True,event,29,1번째 방문,True,,,1,한식과 이탸리의 조화 너무 맛있어요 또 와야지,27,25,0,1,0,0,0,0,0,0,0,0,0,0,1,1,1,0,2,0,0,0,0,0,0,0,0,1,0,1,0,1,0,1,1,0,0,1,1,0,1
이태리국시,물먹는호박,56,2026.04.14,1,영수증,다 맛있어요!! 분위기도 좋고 데이트로 추천합니다,다 맛있어요!! 분위기도 좋고 데이트로 추천합니다,True,event,56,1번째 방문,True,,,1,다 맛있어요 분위기도 좋고 데이트로 추천합니다,27,25,0,1,0,0,1,1,0,1,1,0,0,0,2,1,0,0,2,0,0,0,0,0,0,0,0,1,1,1,0,1,0,0,0,1,0,0,1,0,0
이태리국시,김애용31,43,2026.03.31,3,영수증,맛있게 잘먹었어요 종종 생각나서 방문하는 곳입니다,맛있게 잘먹었어요 종종 생각나서 방문하는 곳입니다,True,event,43,3번째 방문,True,,,1,맛있게 잘먹었어요 종종 생각나서 방문하는 곳입니다,27,27,0,1,0,0,0,0,0,0,0,0,0,0,1,1,0,0,0,0,0,0,0,0,0,0,0,1,0,0,1,1,0,1,1,0,0,1,1,0,0
이태리국시,thd****,44,2026.03.29,1,영수증,전에 왔을때보다 맛있었어요! 다음에 또 올께용~~,전에 왔을때보다 맛있었어요! 다음에 또 올께용~~,True,event,44,1번째 방문,True,,,1,전에 왔을때보다 맛있었어요 다음에 또 올께용,27,24,0,1,0,0,0,0,0,0,0,0,0,0,1,1,0,0,1,0,0,0,0,0,0,0,0,1,0,1,0,1,0,1,1,0,0,1,1,0,1
이태리국시,희망89,1,2026.05.03,1,영수증,좋은 친구들과 즐거운 저녁을 보냈네요~ 감사합니다.,좋은 친구들과 즐거운 저녁을 보냈네요~ 감사합니다.,True,event,1,1번째 방문,True,,,1,좋은 친구들과 즐거운 저녁을 보냈네요 감사합니다,28,26,0,1,0,0,0,0,0,2,1,0,0,0,0,0,0,0,0,0,0,0,0,0,0,1,1,0,0,1,0,0,0,0,0,1,0,0,0,0,0
이태리국시,wls****,1,2026.04.25,1,영수증,너무 맛있습니다 특히 숯불대창 풍미 장난아닙니다ㅋㅋ,너무 맛있습니다 특히 숯불대창 풍미 장난아닙니다ㅋㅋ,True,event,1,1번째 방문,True,,,1,너무 맛있습니다 특히 숯불대창 풍미 장난아닙니다,28,26,0,1,0,0,0,0,0,0,0,0,0,0,1,1,1,0,0,0,0,0,0,0,0,1,1,0,0,1,0,1,0,1,1,0,0,1,1,0,1
이태리국시,냥냥냥냥냔냔,18,2026.04.12,1,영수증,매장도 깔금하고 색다른 메뉴인데 맛있었어요 ♥️♥️,매장도 깔금하고 색다른 메뉴인데 맛있었어요 ♥️♥️,True,event,18,1번째 방문,True,,,1,매장도 깔금하고 색다른 메뉴인데 맛있었어요,28,23,0,1,0,0,1,1,0,0,0,0,0,0,1,1,0,0,0,0,0,0,0,0,0,0,0,1,0,1,0,1,0,0,0,1,0,0,1,0,0
이태리국시,두기또기,170,2026.04.09,1,영수증,분위기 좋고 직원분들 친절하세요 음식도 맛있어요~~,분위기 좋고 직원분들 친절하세요 음식도 맛있어요~~,True,event,170,1번째 방문,True,,,1,분위기 좋고 직원분들 친절하세요 음식도 맛있어요,28,26,0,1,0,0,3,1,1,0,0,0,0,0,1,1,0,0,0,0,0,0,0,0,0,0,0,1,1,1,0,1,0,0,0,1,0,0,1,0,0
이태리국시,Parkk,85,2026.04.02,1,영수증,분위기가 너무 좋고 음식 맛이 다 특별해서 좋았어요,분위기가 너무 좋고 음식 맛이 다 특별해서 좋았어요,True,event,85,1번째 방문,True,,,1,분위기가 너무 좋고 음식 맛이 다 특별해서 좋았어요,28,28,0,1,0,0,1,1,0,0,0,0,0,0,0,0,1,0,0,0,0,0,0,0,0,0,0,1,1,1,0,0,0,0,0,1,0,0,0,0,0
이태리국시,Sunny030,78,2026.04.26,1,영수증,한식과 양식이 적절히 어울러져서 특색있고 맛있었습니다,한식과 양식이 적절히 어울러져서 특색있고 맛있었습니다,True,event,78,1번째 방문,True,,,1,한식과 양식이 적절히 어울러져서 특색있고 맛있었습니다,29,29,0,1,0,0,0,0,0,0,0,0,0,0,1,1,0,0,0,0,0,0,0,0,0,0,0,1,1,1,0,1,0,1,1,0,0,1,1,0,1
이태리국시,다롱3858,41,2026.04.22,1,영수증,아주 마싯네요 ㅎㅎ 잘먹었습니다 ! 또 오 고 싶어요,아주 마싯네요 ㅎㅎ 잘먹었습니다 ! 또 오 고 싶어요,True,event,41,1번째 방문,True,,,1,아주 마싯네요 잘먹었습니다 또 오 고 싶어요,29,24,0,1,0,0,0,0,0,0,0,0,0,0,0,0,0,0,1,0,0,0,0,0,0,0,0,1,0,1,0,0,0,0,0,0,0,1,0,0,1
이태리국시,SnAcO,67,2026.04.05,1,영수증,생일 기념으로 와서 언니오빠들이랑 맛있게 먹고 갑니당,생일 기념으로 와서 언니오빠들이랑 맛있게 먹고 갑니당,True,event,67,1번째 방문,True,,,1,생일 기념으로 와서 언니오빠들이랑 맛있게 먹고 갑니당,29,29,0,1,0,0,0,0,0,0,0,0,0,0,1,1,0,0,0,0,0,0,0,0,0,0,0,1,1,1,0,1,0,1,1,0,0,1,1,0,1
이태리국시,송송89,32,2026.05.03,1,영수증,메뉴구성이 좋고 모두다 신선하고 맛있어요. 또 오려고요,메뉴구성이 좋고 모두다 신선하고 맛있어요. 또 오려고요,True,event,32,1번째 방문,True,,,1,메뉴구성이 좋고 모두다 신선하고 맛있어요 또 오려고요,30,29,0,0,1,0,0,0,0,0,0,0,0,0,1,1,0,0,0,0,0,0,0,0,0,0,0,1,0,1,0,0,0,1,1,0,0,0,0,0,0
이태리국시,듀공9988,49,2026.04.22,1,영수증,맛있구 음식이 특이해요 식당도 넓고 쾌적해서 좋았어요!,맛있구 음식이 특이해요 식당도 넓고 쾌적해서 좋았어요!,True,event,49,1번째 방문,True,,,1,맛있구 음식이 특이해요 식당도 넓고 쾌적해서 좋았어요,30,29,0,0,1,0,0,0,0,0,0,0,0,0,1,1,0,0,1,0,0,0,0,0,0,0,0,1,0,1,0,0,0,1,1,0,0,0,0,0,0
이태리국시,꾸자10,42,2026.04.18,1,영수증,곱창스파게티는 기대한 만큼은 아니였지만 피자 맛있었어요,곱창스파게티는 기대한 만큼은 아니였지만 피자 맛있었어요,True,event,42,1번째 방문,True,,,1,곱창스파게티는 기대한 만큼은 아니였지만 피자 맛있었어요,30,30,0,0,1,0,0,0,0,0,0,0,0,0,1,1,0,0,0,0,0,0,0,0,0,0,0,1,0,1,0,0,0,1,1,0,0,0,0,0,0
이태리국시,jonion,28,2026.04.04,1,영수증,짖짜 파스타 불맛나고 너무 맛있어요 다음에 또올게요!!,짖짜 파스타 불맛나고 너무 맛있어요 다음에 또올게요!!,True,event,28,1번째 방문,True,,,1,짖짜 파스타 불맛나고 너무 맛있어요 다음에 또올게요,30,28,0,0,1,0,0,0,0,0,0,0,0,0,1,1,1,0,2,0,0,0,1,1,1,0,0,1,0,1,0,0,0,1,1,0,0,0,0,0,0
이태리국시,라직,65,2026.03.27,1,영수증,특색있는 메뉴 맛있게 잘 먹었어요 다음에 또 올게요 👍,특색있는 메뉴 맛있게 잘 먹었어요 다음에 또 올게요 👍,True,event,65,1번째 방문,True,,,1,특색있는 메뉴 맛있게 잘 먹었어요 다음에 또 올게요,30,28,0,0,1,0,0,0,0,0,0,0,0,0,1,1,0,0,0,0,0,0,0,1,1,0,0,1,1,1,0,0,0,1,1,0,0,0,0,0,0
이태리국시,dmd****,20,2026.05.09,1,영수증,너무맛있었습니다 다만 웨이팅 등록 판이 옮겨졌으면좋겠네요,너무맛있었습니다 다만 웨이팅 등록 판이 옮겨졌으면좋겠네요,True,event,20,1번째 방문,True,,,1,너무맛있었습니다 다만 웨이팅 등록 판이 옮겨졌으면좋겠네요,31,31,0,0,1,0,1,1,0,0,0,0,0,0,1,1,1,0,0,0,0,0,1,0,0,0,0,1,0,1,0,0,0,0,0,1,0,0,0,0,0
이태리국시,kju****,5,2026.04.29,1,영수증,너무 맛있어 오 ㅇ많이파세오사장님 인테리어도 너무 좋아용,너무 맛있어 오 ㅇ많이파세오사장님 인테리어도 너무 좋아용,True,event,5,1번째 방문,True,,,1,너무 맛있어 오 많이파세오사장님 인테리어도 너무 좋아용,31,30,0,0,1,0,0,0,0,0,0,0,0,0,1,1,2,0,0,0,0,0,0,0,0,0,1,0,0,1,0,0,0,1,1,0,0,0,0,0,0
이태리국시,Lizzie07,26,2026.04.04,1,영수증,색다른 맛과 비쥬얼! 궁채나물도 상큼해서 좋았습니당 ;),색다른 맛과 비쥬얼! 궁채나물도 상큼해서 좋았습니당 ;),True,event,26,1번째 방문,True,,,1,색다른 맛과 비쥬얼 궁채나물도 상큼해서 좋았습니당,31,27,0,0,1,0,0,0,0,0,0,0,0,0,0,0,0,0,1,0,0,0,0,0,0,0,0,1,0,1,0,0,0,0,0,0,0,0,0,0,0
이태리국시,얌콩27,21,2026.04.03,1,영수증,첫 방문인데요 친구들 다 맛있다며 엄지척 해가며 먹었어요,첫 방문인데요 친구들 다 맛있다며 엄지척 해가며 먹었어요,True,event,21,1번째 방문,True,,,1,첫 방문인데요 친구들 다 맛있다며 엄지척 해가며 먹었어요,31,31,0,0,1,0,0,0,0,1,1,0,0,0,1,1,0,0,0,0,0,0,0,0,0,0,0,1,0,1,0,0,0,0,0,1,0,0,0,0,0
이태리국시,yeyez,29,2026.05.06,1,영수증,자리가 넓고 분위기가 좋아요!! 음식도 특이하고 맛있어요.,자리가 넓고 분위기가 좋아요!! 음식도 특이하고 맛있어요.,True,event,29,1번째 방문,True,,,1,자리가 넓고 분위기가 좋아요 음식도 특이하고 맛있어요,32,29,0,0,1,0,2,1,1,0,0,0,0,0,2,1,0,0,2,0,0,0,0,0,0,0,0,1,0,1,0,0,0,0,0,1,0,0,0,0,0
이태리국시,Seni,18,2026.04.26,1,영수증,성수 놀러왔다가 들렀어요 돌솥에 나와서 따뜻하고 맛있어요!,성수 놀러왔다가 들렀어요 돌솥에 나와서 따뜻하고 맛있어요!,True,event,18,1번째 방문,True,,,1,성수 놀러왔다가 들렀어요 돌솥에 나와서 따뜻하고 맛있어요,32,31,0,0,1,0,0,0,0,0,0,0,0,0,1,1,0,0,1,0,0,0,0,0,0,0,0,1,0,1,0,0,0,1,1,0,0,0,0,0,0
이태리국시,흐규흐규67,13,2026.04.25,1,영수증,음식 다 맛있고 직원분들도 다 친절하세요 대창진짜 맛있어요,음식 다 맛있고 직원분들도 다 친절하세요 대창진짜 맛있어요,True,event,13,1번째 방문,True,,,1,음식 다 맛있고 직원분들도 다 친절하세요 대창진짜 맛있어요,32,32,0,0,1,0,2,1,1,0,0,0,0,0,2,1,1,0,0,0,0,0,1,0,0,0,0,1,0,1,0,0,0,0,0,1,0,0,0,0,0
이태리국시,rlatnqsl,27,2026.04.20,1,영수증,너무 맛있어요! 친구들과 야무지고 즐겁게 먹고 갑니다ㅎㅎ💓,너무 맛있어요! 친구들과 야무지고 즐겁게 먹고 갑니다ㅎㅎ💓,True,event,27,1번째 방문,True,,,1,너무 맛있어요 친구들과 야무지고 즐겁게 먹고 갑니다,32,28,0,0,1,0,0,0,0,1,1,0,0,0,1,1,1,0,1,0,0,0,0,0,0,0,0,1,0,1,0,0,0,0,0,1,0,0,0,0,0
이태리국시,zoldyck6,26,2026.04.15,1,영수증,곱창파스타랑 리조또 둘다 너무 맛있고 분위기도 좋아요!!!,곱창파스타랑 리조또 둘다 너무 맛있고 분위기도 좋아요!!!,True,event,26,1번째 방문,True,,,1,곱창파스타랑 리조또 둘다 너무 맛있고 분위기도 좋아요,32,29,0,0,1,0,1,1,0,0,0,0,0,0,2,1,1,0,3,1,0,0,0,0,0,0,0,1,0,1,0,0,0,0,0,1,0,0,0,0,0
이태리국시,김먼지0,35,2026.04.12,1,영수증,존맛 ㅠㅠ 한식스러운 이태리 퓨전음식이라 넘 맛있어용 ㅠㅠ,존맛 ㅠㅠ 한식스러운 이태리 퓨전음식이라 넘 맛있어용 ㅠㅠ,True,event,35,1번째 방문,True,,,1,존맛 한식스러운 이태리 퓨전음식이라 넘 맛있어용,32,26,0,0,1,0,0,0,0,0,0,0,0,0,2,1,1,0,0,0,0,0,0,0,0,0,0,1,0,1,0,0,0,1,1,0,0,0,0,0,0
이태리국시,Rain Y,40,2026.03.25,1,영수증,친구랑 왔는데 매장도 넓고 맛있어요. 피자가 너무 맛있네요,친구랑 왔는데 매장도 넓고 맛있어요. 피자가 너무 맛있네요,True,event,40,1번째 방문,True,,,1,친구랑 왔는데 매장도 넓고 맛있어요 피자가 너무 맛있네요,32,31,0,0,1,0,1,1,0,1,1,0,0,0,2,1,1,0,0,0,0,0,0,0,0,0,0,1,0,1,0,0,0,0,0,1,0,0,0,0,0
이태리국시,김지애11,20,2026.05.09,1,영수증,맛있고 특별한 맛이예용 데이트하기도 친목하도 조아요 ㅠㅠ 💖,맛있고 특별한 맛이예용 데이트하기도 친목하도 조아요 ㅠㅠ 💖,True,event,20,1번째 방문,True,,,1,맛있고 특별한 맛이예용 데이트하기도 친목하도 조아요,33,28,0,0,1,0,0,0,0,1,1,0,0,0,1,1,0,0,0,0,0,0,0,0,0,0,0,1,0,1,0,0,0,0,0,1,0,0,0,0,0
이태리국시,daj****,30,2026.05.09,1,영수증,분위기도 좋고 음식도 맛있었어요! 메뉴 금방 나와서 좋았어용,분위기도 좋고 음식도 맛있었어요! 메뉴 금방 나와서 좋았어용,True,event,30,1번째 방문,True,,,1,분위기도 좋고 음식도 맛있었어요 메뉴 금방 나와서 좋았어용,33,32,0,0,1,0,1,1,0,0,0,0,0,0,1,1,0,0,1,0,0,0,0,0,0,0,0,1,0,1,0,0,0,0,0,1,0,0,0,0,0
이태리국시,이정빈대떡,75,2026.05.05,1,영수증,맛도립니다. 생각보다 웨이팅도 빨리 줄어들어요 👍👍👍👍👍👍👍,맛도립니다. 생각보다 웨이팅도 빨리 줄어들어요 👍👍👍👍👍👍👍,True,event,75,1번째 방문,True,,,1,맛도립니다 생각보다 웨이팅도 빨리 줄어들어요,33,24,0,0,1,0,1,1,0,0,0,0,0,0,0,0,0,0,0,0,0,0,0,0,0,0,0,1,1,1,0,0,0,0,0,1,0,0,0,0,0
이태리국시,우히히히15,36,2026.04.25,1,영수증,대창이 탱글탱글하니 맛있고 뇨끼도 트러플향 많이나고 맛있어요,대창이 탱글탱글하니 맛있고 뇨끼도 트러플향 많이나고 맛있어요,True,event,36,1번째 방문,True,,,1,대창이 탱글탱글하니 맛있고 뇨끼도 트러플향 많이나고 맛있어요,33,33,0,0,1,0,0,0,0,0,0,0,0,0,2,1,0,0,0,0,0,0,0,0,0,0,0,1,0,1,0,0,0,1,1,0,0,0,0,0,0
이태리국시,gap****,24,2026.04.09,1,영수증,처음 방문했는데 너무 맛있어요.. 또 방문할 거 같습니다👍🏻,처음 방문했는데 너무 맛있어요.. 또 방문할 거 같습니다👍🏻,True,event,24,1번째 방문,True,,,1,처음 방문했는데 너무 맛있어요 또 방문할 거 같습니다,33,29,0,0,1,0,0,0,0,0,0,0,0,0,1,1,1,0,0,0,0,0,0,1,1,0,0,1,0,1,0,0,0,1,1,0,0,0,0,0,0
이태리국시,아아오넝,12,2026.05.02,1,영수증,누룽지도 맛있고 대창 파스타도 매콤한게 맛있었어용!! 또올게용,누룽지도 맛있고 대창 파스타도 매콤한게 맛있었어용!! 또올게용,True,event,12,1번째 방문,True,,,1,누룽지도 맛있고 대창 파스타도 매콤한게 맛있었어용 또올게용,34,32,0,0,1,0,0,0,0,0,0,0,0,0,2,1,0,0,2,0,0,0,0,0,0,0,0,1,0,1,0,0,0,1,1,0,0,0,0,0,0
이태리국시,nb****,82,2026.04.23,1,영수증,하 너무맛있어요 분위기도 좋구 음식도 짱맛있습니다. 잘먹었슴다,하 너무맛있어요 분위기도 좋구 음식도 짱맛있습니다. 잘먹었슴다,True,event,82,1번째 방문,True,,,1,하 너무맛있어요 분위기도 좋구 음식도 짱맛있습니다 잘먹었슴다,34,33,0,0,1,0,1,1,0,0,0,0,0,0,2,1,2,0,0,0,0,0,0,0,0,0,0,1,1,1,0,0,0,0,0,1,0,0,0,0,0
이태리국시,min****,46,2026.04.04,1,영수증,뚝섬역이랑 가깝구 데이트하기 좋아용 ㅎㅎ 맛있게 잘먹았습니당🩷,뚝섬역이랑 가깝구 데이트하기 좋아용 ㅎㅎ 맛있게 잘먹았습니당🩷,True,event,46,1번째 방문,True,,,1,뚝섬역이랑 가깝구 데이트하기 좋아용 맛있게 잘먹았습니당,34,30,0,0,1,0,0,0,0,1,1,0,0,0,1,1,0,0,0,0,0,0,0,0,0,0,0,1,0,1,0,0,0,0,0,1,0,0,0,0,0
이태리국시,qot****,26,2026.04.04,1,영수증,"퓨전 음식들이 많고, 색다른 느낌을 경험할 수 있어서 좋아요!","퓨전 음식들이 많고, 색다른 느낌을 경험할 수 있어서 좋아요!",True,event,26,1번째 방문,True,,,1,퓨전 음식들이 많고 색다른 느낌을 경험할 수 있어서 좋아요,34,32,0,0,1,0,0,0,0,0,0,0,0,0,1,1,0,0,1,0,0,0,0,0,0,0,0,1,0,1,0,0,0,1,1,0,0,0,0,0,0
이태리국시,Evanc,22,2026.04.12,1,영수증,보물같은 동서양의 조합 눈꽃 숯불갈비가 특히 덜맵고 살살녹아요ㅜ,보물같은 동서양의 조합 눈꽃 숯불갈비가 특히 덜맵고 살살녹아요ㅜ,True,event,22,1번째 방문,True,,,1,보물같은 동서양의 조합 눈꽃 숯불갈비가 특히 덜맵고 살살녹아요,35,34,0,0,1,0,0,0,0,0,0,0,0,0,0,0,0,0,0,0,0,0,0,0,0,0,0,1,0,1,0,0,0,0,0,0,0,0,0,0,0
이태리국시,링356,33,2026.04.02,1,영수증,대창파스타 생각나서 또왔어용!!너무 맜잇음!예약하고 가는거추천!,대창파스타 생각나서 또왔어용!!너무 맜잇음!예약하고 가는거추천!,True,event,33,1번째 방문,True,,,1,대창파스타 생각나서 또왔어용 너무 맜잇음 예약하고 가는거추천,35,33,0,0,1,0,0,0,0,0,0,0,0,0,1,1,1,0,4,1,0,0,0,0,0,0,0,1,0,1,0,0,0,1,1,0,0,0,0,0,0
이태리국시,밍밍4775,13,2026.05.05,1,영수증,처음 먹어봤는데 자극적이지않고 맛있어요 다음에 또오겠습니다 화이팅,처음 먹어봤는데 자극적이지않고 맛있어요 다음에 또오겠습니다 화이팅,True,event,13,1번째 방문,True,,,1,처음 먹어봤는데 자극적이지않고 맛있어요 다음에 또오겠습니다 화이팅,36,36,0,0,1,0,0,0,0,0,0,0,0,0,1,1,0,0,0,0,0,0,0,0,0,0,0,1,0,1,0,0,0,1,1,0,0,0,0,0,0
이태리국시,young25035,15,2026.05.01,1,영수증,돌솥이라 음식이 다 먹을때까지 따뜻함이 유지되어서 좋았습니다 :),돌솥이라 음식이 다 먹을때까지 따뜻함이 유지되어서 좋았습니다 :),True,event,15,1번째 방문,True,,,1,돌솥이라 음식이 다 먹을때까지 따뜻함이 유지되어서 좋았습니다,36,33,0,0,1,0,0,0,0,0,0,0,0,0,0,0,0,0,0,0,0,0,0,0,0,0,0,1,0,1,0,0,0,0,0,0,0,0,0,0,0
이태리국시,shi****,8,2026.05.01,1,영수증,음식 전부 맛있고 매장도 넓어서 쾌적했어요 재방문의사 있습니당~~,음식 전부 맛있고 매장도 넓어서 쾌적했어요 재방문의사 있습니당~~,True,event,8,1번째 방문,True,,,1,음식 전부 맛있고 매장도 넓어서 쾌적했어요 재방문의사 있습니당,36,34,0,0,1,0,1,1,0,0,0,0,0,0,1,1,0,0,0,0,0,0,0,1,1,0,0,0,0,1,0,0,0,0,0,1,0,0,0,0,0
이태리국시,hyy****,35,2026.04.19,1,영수증,너무 맛있어요! 💗 특별한 날 특별한 음식 맛있게 먹었습니다 ㅎㅎ,너무 맛있어요! 💗 특별한 날 특별한 음식 맛있게 먹었습니다 ㅎㅎ,True,event,35,1번째 방문,True,,,1,너무 맛있어요 특별한 날 특별한 음식 맛있게 먹었습니다,36,30,0,0,1,0,0,0,0,0,0,0,0,0,2,1,1,0,1,0,0,0,0,0,0,0,0,1,0,1,0,0,0,1,1,0,0,0,0,0,0
이태리국시,Lemons,23,2026.04.16,1,영수증,"음식도 너무 맛있고, 매장 분위기도 좋아요! 맛있게 잘먹었습니다🙂","음식도 너무 맛있고, 매장 분위기도 좋아요! 맛있게 잘먹었습니다🙂",True,event,23,1번째 방문,True,,,1,음식도 너무 맛있고 매장 분위기도 좋아요 맛있게 잘먹었습니다,36,33,0,0,1,0,2,1,1,0,0,0,0,0,3,1,1,0,1,0,0,0,0,0,0,0,0,1,0,1,0,0,0,0,0,1,0,0,0,0,0
이태리국시,hwa****,37,2026.04.12,1,영수증,"특별한 메뉴가 많고, 다 맛있습니다! 인테리어 분위기도 멋집니당!","특별한 메뉴가 많고, 다 맛있습니다! 인테리어 분위기도 멋집니당!",True,event,37,1번째 방문,True,,,1,특별한 메뉴가 많고 다 맛있습니다 인테리어 분위기도 멋집니당,36,33,0,0,1,0,1,1,0,0,0,0,0,0,1,1,0,0,2,0,0,0,0,0,0,0,0,1,0,1,0,0,0,0,0,1,0,0,0,0,0
이태리국시,soo245,14,2026.04.10,1,영수증,분위기가 좋고 음식도 맛있어요🤍 특별한 날 방문하기 좋은 곳이에요,분위기가 좋고 음식도 맛있어요🤍 특별한 날 방문하기 좋은 곳이에요,True,event,14,1번째 방문,True,,,1,분위기가 좋고 음식도 맛있어요 특별한 날 방문하기 좋은 곳이에요,36,35,0,0,1,0,1,1,0,0,0,0,0,0,1,1,0,0,0,0,0,0,0,0,0,0,0,1,0,1,0,0,0,0,0,1,0,0,0,0,0
이태리국시,yum****,2,2026.05.08,1,영수증,손님이 많아 조금 정신 없었지만 식사는 맛있게 잘 먹었습니다~ 😄😄,손님이 많아 조금 정신 없었지만 식사는 맛있게 잘 먹었습니다~ 😄😄,True,event,2,1번째 방문,True,,,1,손님이 많아 조금 정신 없었지만 식사는 맛있게 잘 먹었습니다,37,33,0,0,1,0,0,0,0,0,0,0,0,0,1,1,0,0,0,0,0,0,0,0,0,0,1,0,0,1,0,0,0,1,1,0,0,0,0,0,0
이태리국시,밤양껭,48,2026.05.06,1,영수증,성수 맛집 검색후에 왔는데 맛있어요 ㅎㅎㅎ 깔끔하고 분위기도 좋아요,성수 맛집 검색후에 왔는데 맛있어요 ㅎㅎㅎ 깔끔하고 분위기도 좋아요,True,event,48,1번째 방문,True,,,1,성수 맛집 검색후에 왔는데 맛있어요 깔끔하고 분위기도 좋아요,37,33,0,0,1,0,1,1,0,0,0,0,0,0,3,1,0,0,0,0,0,0,0,0,0,0,0,1,0,1,0,0,0,0,0,1,0,0,0,0,0
이태리국시,감자망고밍,39,2026.05.04,1,영수증,퓨전으로 한식과 양식을 어울리게 요리해주셔서 맛있게 먹고 갑니다:),퓨전으로 한식과 양식을 어울리게 요리해주셔서 맛있게 먹고 갑니다:),True,event,39,1번째 방문,True,,,1,퓨전으로 한식과 양식을 어울리게 요리해주셔서 맛있게 먹고 갑니다,37,35,0,0,1,0,0,0,0,0,0,0,0,0,1,1,0,0,0,0,0,0,0,0,0,0,0,1,0,1,0,0,0,1,1,0,0,0,0,0,0
이태리국시,준성3822,71,2026.05.03,1,영수증,분위기가 너무 좋고 3층에 있어서 뷰도 좋아요ㅎㅎ 음식도 맛있습니다,분위기가 너무 좋고 3층에 있어서 뷰도 좋아요ㅎㅎ 음식도 맛있습니다,True,event,71,1번째 방문,True,,,1,분위기가 너무 좋고 3층에 있어서 뷰도 좋아요 음식도 맛있습니다,37,35,0,0,1,0,1,1,0,0,0,1,0,0,2,1,1,0,0,0,0,0,0,0,0,0,0,1,1,1,0,0,0,0,0,1,0,0,0,0,0
이태리국시,hnr****,4,2026.05.03,1,영수증,리조또와 파스타 모두 맛있어요! 친절하시고 식당 분위기도 좋습니다.,리조또와 파스타 모두 맛있어요! 친절하시고 식당 분위기도 좋습니다.,True,event,4,1번째 방문,True,,,1,리조또와 파스타 모두 맛있어요 친절하시고 식당 분위기도 좋습니다,37,35,0,0,1,0,2,1,1,0,0,0,0,0,1,1,0,0,1,0,0,0,0,0,0,0,1,0,0,1,0,0,0,0,0,1,0,0,0,0,0
이태리국시,won****,7,2026.05.02,1,영수증,알배추샐러드 너무 맛있고 곱창치즈파스타도 맛있어요! 또 올것같습니다,알배추샐러드 너무 맛있고 곱창치즈파스타도 맛있어요! 또 올것같습니다,True,event,7,1번째 방문,True,,,1,알배추샐러드 너무 맛있고 곱창치즈파스타도 맛있어요 또 올것같습니다,37,36,0,0,1,0,0,0,0,0,0,0,0,0,2,1,1,0,1,0,0,0,0,0,0,0,0,0,0,1,0,0,0,1,1,0,0,0,0,0,0
이태리국시,Eunhasuuu,35,2026.04.27,1,영수증,매장 분위기도 좋고 깔끔하네요! 친구들이랑 맛있게 먹고 갑니다~🍀✨,매장 분위기도 좋고 깔끔하네요! 친구들이랑 맛있게 먹고 갑니다~🍀✨,True,event,35,1번째 방문,True,,,1,매장 분위기도 좋고 깔끔하네요 친구들이랑 맛있게 먹고 갑니다,37,33,0,0,1,0,2,1,1,1,1,0,0,0,1,1,0,0,1,0,0,0,0,0,0,0,0,1,0,1,0,0,0,0,0,1,0,0,0,0,0
이태리국시,달콤한시드니,7,2026.05.01,1,영수증,뇨끼랑 파스타 독특하고 너무 맛나요. 분위기도 좋고 단골집 맛집 추천,뇨끼랑 파스타 독특하고 너무 맛나요. 분위기도 좋고 단골집 맛집 추천,True,event,7,1번째 방문,True,,,1,뇨끼랑 파스타 독특하고 너무 맛나요 분위기도 좋고 단골집 맛집 추천,38,37,0,0,1,0,1,1,0,0,0,0,0,0,2,1,1,0,0,0,0,0,0,0,0,0,0,0,0,1,0,0,0,0,0,1,0,0,0,0,0
이태리국시,kes****,70,2026.04.27,1,영수증,외국인친구들이랑 방문했는데 맛있다고 다들 좋아하네요~😊 만족스럽습니다,외국인친구들이랑 방문했는데 맛있다고 다들 좋아하네요~😊 만족스럽습니다,True,event,70,1번째 방문,True,,,1,외국인친구들이랑 방문했는데 맛있다고 다들 좋아하네요 만족스럽습니다,38,36,0,0,1,0,0,0,0,1,1,0,0,0,1,1,0,0,0,0,0,0,0,0,0,0,0,1,1,1,0,0,0,0,0,1,0,0,0,0,0
이태리국시,쌀떡볶이98,17,2026.04.14,1,영수증,분위기 좋은 곳에서 넘나 맛있는 음식👍🏻👍🏻 데이트하러 또 와야겠어요,분위기 좋은 곳에서 넘나 맛있는 음식👍🏻👍🏻 데이트하러 또 와야겠어요,True,event,17,1번째 방문,True,,,1,분위기 좋은 곳에서 넘나 맛있는 음식 데이트하러 또 와야겠어요,38,34,0,0,1,0,1,1,0,1,1,0,0,0,2,1,0,0,0,0,0,0,0,0,0,0,0,1,0,1,0,0,0,0,0,1,0,0,0,0,0
이태리국시,min****,69,2026.04.02,1,영수증,접근성 분위기 좋고 음식도 퓨전으로 맛있습니다 :) 추천드려요 굿굿굿,접근성 분위기 좋고 음식도 퓨전으로 맛있습니다 :) 추천드려요 굿굿굿,True,event,69,1번째 방문,True,,,1,접근성 분위기 좋고 음식도 퓨전으로 맛있습니다 추천드려요 굿굿굿,38,35,0,0,1,0,1,1,0,0,0,0,0,0,2,1,0,0,0,0,0,0,0,0,0,0,0,1,1,1,0,0,0,0,0,1,0,0,0,0,0
이태리국시,누렁누동,8,2026.05.04,1,영수증,너무 맛있고 너무 깔끔해서 만족스러운 식사가 되었습니다~&gt;&lt;,너무 맛있고 너무 깔끔해서 만족스러운 식사가 되었습니다~&gt;&lt;,True,event,8,1번째 방문,True,,,1,너무 맛있고 너무 깔끔해서 만족스러운 식사가 되었습니다 gt lt,39,36,0,0,1,0,0,0,0,0,0,0,0,0,1,1,2,0,0,0,0,0,0,0,0,0,0,0,0,1,0,0,0,1,1,0,0,0,0,0,0
이태리국시,Kekspp,59,2026.04.12,1,영수증,되게 맛있구 느끼하지가 않아요 !!! 독특한 메뉴라서 걱정했는데 대만족,되게 맛있구 느끼하지가 않아요 !!! 독특한 메뉴라서 걱정했는데 대만족,True,event,59,1번째 방문,True,,,1,되게 맛있구 느끼하지가 않아요 독특한 메뉴라서 걱정했는데 대만족,39,35,0,0,1,0,0,0,0,0,0,0,0,0,1,1,0,0,3,1,0,0,1,0,0,0,0,1,1,1,0,0,0,1,1,0,0,0,0,0,0
이태리국시,lee****,17,2026.05.06,1,영수증,분위기도 좋고 너무 맛있어요~~또 와서 다른 메뉴들 더 먹고싶어요!!🤤🤤,분위기도 좋고 너무 맛있어요~~또 와서 다른 메뉴들 더 먹고싶어요!!🤤🤤,True,event,17,1번째 방문,True,,,1,분위기도 좋고 너무 맛있어요 또 와서 다른 메뉴들 더 먹고싶어요,40,35,0,0,1,0,1,1,0,0,0,0,0,0,1,1,1,0,2,0,0,0,0,0,0,0,0,1,0,1,0,0,0,0,0,1,0,0,0,0,0
이태리국시,비욘드텔라,57,2026.05.01,1,영수증,음식이 다 너무 맛있었어요 분위기도 좋았고 다음에다시 오고싶어지네요—^^,음식이 다 너무 맛있었어요 분위기도 좋았고 다음에다시 오고싶어지네요—^^,True,event,57,1번째 방문,True,,,1,음식이 다 너무 맛있었어요 분위기도 좋았고 다음에다시 오고싶어지네요,40,37,0,0,1,0,1,1,0,0,0,0,0,0,1,1,1,0,0,0,0,0,0,0,0,0,0,1,1,1,0,0,0,0,0,1,0,0,0,0,0
이태리국시,임갱진92,43,2026.04.19,1,예약,대창돌솥파스타 강추입니다!! 너무 맛있어요👍👍 재방문의사 X 100000,대창돌솥파스타 강추입니다!! 너무 맛있어요👍👍 재방문의사 X 100000,True,event,43,1번째 방문,True,,,1,대창돌솥파스타 강추입니다 너무 맛있어요 재방문의사 X 100000,40,36,0,0,1,0,0,0,0,0,0,1,0,0,2,1,1,0,2,0,0,0,0,1,1,0,0,1,0,1,0,0,0,1,1,0,0,0,0,0,0
이태리국시,춘봉유,21,2026.04.18,1,영수증,음식도 빨리 나오고 맛있어요~ 직원분들도 친절해서 이용하기 편했어요~!!,음식도 빨리 나오고 맛있어요~ 직원분들도 친절해서 이용하기 편했어요~!!,True,event,21,1번째 방문,True,,,1,음식도 빨리 나오고 맛있어요 직원분들도 친절해서 이용하기 편했어요,40,36,0,0,1,0,2,1,1,0,0,0,0,0,1,1,0,0,2,0,0,0,0,0,0,0,0,1,0,1,0,0,0,0,0,1,0,0,0,0,0
이태리국시,tls****,31,2026.04.11,1,영수증,익숙?하면서도 익숙하지 않은 맛?.. 특별한 경험하기에는 좋은거 같아요.,익숙?하면서도 익숙하지 않은 맛?.. 특별한 경험하기에는 좋은거 같아요.,True,event,31,1번째 방문,True,,,1,익숙 하면서도 익숙하지 않은 맛 특별한 경험하기에는 좋은거 같아요,40,36,0,0,1,0,0,0,0,0,0,0,0,0,0,0,0,0,0,0,0,0,0,0,0,0,0,1,0,1,0,0,0,0,0,0,0,0,0,0,0
이태리국시,맘마소,310,2026.03.14,1,영수증,냠냠 참신한 조합에 플레이팅이 아주 아름다워요 좋은 시간 보내고 갑니다!,냠냠 참신한 조합에 플레이팅이 아주 아름다워요 좋은 시간 보내고 갑니다!,True,event,310,1번째 방문,True,,,1,냠냠 참신한 조합에 플레이팅이 아주 아름다워요 좋은 시간 보내고 갑니다,40,39,0,0,1,0,0,0,0,0,0,0,0,0,0,0,0,0,1,0,0,0,0,0,0,0,0,1,1,1,0,0,0,0,0,0,0,0,0,0,0
이태리국시,승파카,43,2026.05.09,1,영수증,분위기도 좋고 맛도 맛있고 좋은거같아요! 특별한 날 와서 꼭 먹구 가세요!,분위기도 좋고 맛도 맛있고 좋은거같아요! 특별한 날 와서 꼭 먹구 가세요!,True,event,43,1번째 방문,True,,,1,분위기도 좋고 맛도 맛있고 좋은거같아요 특별한 날 와서 꼭 먹구 가세요,41,39,0,0,1,0,1,1,0,0,0,0,0,0,1,1,0,0,2,0,0,0,0,0,0,0,0,1,0,1,0,0,0,0,0,1,0,0,0,0,0
이태리국시,kys****,4,2026.04.26,1,영수증,국립중앙박물관 갔다가 아이들과 방문하였는데 시킨 모든 음식이 넘 맛있었어요,국립중앙박물관 갔다가 아이들과 방문하였는데 시킨 모든 음식이 넘 맛있었어요,True,event,4,1번째 방문,True,,,1,국립중앙박물관 갔다가 아이들과 방문하였는데 시킨 모든 음식이 넘 맛있었어요,41,41,0,0,1,0,0,0,0,0,0,0,0,0,2,1,0,0,0,0,0,0,0,0,0,0,1,0,0,1,0,0,0,1,1,0,0,0,0,0,0
이태리국시,Chan12345,38,2026.04.24,1,영수증,서울숲 근처 맛집! 이태리 국시👍🏻 아이랑 와도 좋고 음식 모두 맛있어요!,서울숲 근처 맛집! 이태리 국시👍🏻 아이랑 와도 좋고 음식 모두 맛있어요!,True,event,38,1번째 방문,True,,,1,서울숲 근처 맛집 이태리 국시 아이랑 와도 좋고 음식 모두 맛있어요,41,37,0,0,1,0,0,0,0,0,0,0,0,0,2,1,0,0,2,0,0,0,0,0,0,0,0,1,0,1,0,0,0,1,1,0,0,0,0,0,0
이태리국시,rms****,20,2026.04.22,1,영수증,이태리 국시 너무 맛있어요!! 정말 짱짱 다음에 또 먹으러 오려구요 ㅎㅎㅎ,이태리 국시 너무 맛있어요!! 정말 짱짱 다음에 또 먹으러 오려구요 ㅎㅎㅎ,True,event,20,1번째 방문,True,,,1,이태리 국시 너무 맛있어요 정말 짱짱 다음에 또 먹으러 오려구요,41,35,0,0,1,0,0,0,0,0,0,0,0,0,1,1,3,1,2,0,0,0,0,0,0,0,0,1,0,1,0,0,0,1,1,0,0,0,0,0,0
이태리국시,1212376,18,2026.04.03,1,영수증,너무너무 마싯어요. 담에 꼭 다시 방문예정! 성수 맛집 데이트하기너무조아용,너무너무 마싯어요. 담에 꼭 다시 방문예정! 성수 맛집 데이트하기너무조아용,True,event,18,1번째 방문,True,,,1,너무너무 마싯어요 담에 꼭 다시 방문예정 성수 맛집 데이트하기너무조아용,41,39,0,0,1,0,0,0,0,1,1,0,0,0,1,1,3,1,1,0,0,0,0,0,0,0,0,1,0,1,0,0,0,0,0,1,0,0,0,0,0
이태리국시,lee****,35,2026.03.11,2,영수증,친구들이란 왔다가 부모님 모시고 왔어요! 메뉴들이 특이하고 맛도 좋아요☺️,친구들이란 왔다가 부모님 모시고 왔어요! 메뉴들이 특이하고 맛도 좋아요☺️,True,event,35,2번째 방문,True,,,1,친구들이란 왔다가 부모님 모시고 왔어요 메뉴들이 특이하고 맛도 좋아요,41,38,0,0,1,0,0,0,0,1,1,0,0,0,1,1,0,0,1,0,0,0,0,0,0,0,0,1,0,0,1,0,0,0,0,1,0,0,0,0,0
이태리국시,gre****,23,2026.05.05,1,영수증,리뷰보고 방문해보았는데 너무 맛있게 잘 먹었어요! 다음에 또 방문하고 싶어요,리뷰보고 방문해보았는데 너무 맛있게 잘 먹었어요! 다음에 또 방문하고 싶어요,True,event,23,1번째 방문,True,,,1,리뷰보고 방문해보았는데 너무 맛있게 잘 먹었어요 다음에 또 방문하고 싶어요,42,41,0,0,1,0,0,0,0,0,0,0,0,0,1,1,1,0,1,0,0,0,0,1,1,0,0,1,0,1,0,0,0,1,1,0,0,0,0,0,0
이태리국시,힘두러용37,38,2026.05.02,1,영수증,직원 분들도 친절하시고 매장도 쾌적하고 넓어요! 메뉴도 너무너무 맛있어요 🤤,직원 분들도 친절하시고 매장도 쾌적하고 넓어요! 메뉴도 너무너무 맛있어요 🤤,True,event,38,1번째 방문,True,,,1,직원 분들도 친절하시고 매장도 쾌적하고 넓어요 메뉴도 너무너무 맛있어요,42,39,0,0,1,0,3,1,1,0,0,0,0,0,1,1,2,0,1,0,0,0,0,0,0,0,0,1,0,1,0,0,0,0,0,1,0,0,0,0,0
이태리국시,박현아6077,25,2026.04.24,1,영수증,갑오징어빠에야 미쳣음 존맛 분위기도 좋고 매장도 넓어요 데이트로 강추🥢❤️💕,갑오징어빠에야 미쳣음 존맛 분위기도 좋고 매장도 넓어요 데이트로 강추🥢❤️💕,True,event,25,1번째 방문,True,,,1,갑오징어빠에야 미쳣음 존맛 분위기도 좋고 매장도 넓어요 데이트로 강추,42,38,0,0,1,0,2,1,1,1,1,0,0,0,1,1,1,0,0,0,0,0,0,0,0,0,0,1,0,1,0,0,0,0,0,1,0,0,0,0,0
이태리국시,foreverdiva,21,2026.04.23,1,영수증,추천 받아서 방문 했는데 생각보다 맛있어서 놀랬습니다. 가성비도 뛰어나구요.,추천 받아서 방문 했는데 생각보다 맛있어서 놀랬습니다. 가성비도 뛰어나구요.,True,event,21,1번째 방문,True,,,1,추천 받아서 방문 했는데 생각보다 맛있어서 놀랬습니다 가성비도 뛰어나구요,42,40,0,0,1,0,1,1,0,0,0,0,0,0,2,1,0,0,0,0,0,0,0,0,0,0,0,1,0,1,0,0,0,0,0,1,0,0,0,0,0
이태리국시,WANSU23,42,2026.04.13,1,영수증,메뉴도 특이하고 꽤나 맛있게 먹었어요 재방문 의사 있습니다 잘먹었습니다 ~~,메뉴도 특이하고 꽤나 맛있게 먹었어요 재방문 의사 있습니다 잘먹었습니다 ~~,True,event,42,1번째 방문,True,,,1,메뉴도 특이하고 꽤나 맛있게 먹었어요 재방문 의사 있습니다 잘먹었습니다,42,39,0,0,1,0,0,0,0,0,0,0,0,0,1,1,0,0,0,0,0,0,0,1,1,0,0,1,0,1,0,0,0,1,1,0,0,0,0,0,0
이태리국시,fnd****,27,2026.03.30,1,영수증,Pizza가 레알goat 파스타는 곱창도맛잇구 대창도 맛잇다하네여 다들오새요,Pizza가 레알goat 파스타는 곱창도맛잇구 대창도 맛잇다하네여 다들오새요,True,event,27,1번째 방문,True,,,1,Pizza가 레알goat 파스타는 곱창도맛잇구 대창도 맛잇다하네여 다들오새요,42,42,0,0,1,0,0,0,0,0,0,0,0,0,0,0,0,0,0,0,0,0,0,0,0,0,0,1,0,1,0,0,0,0,0,0,0,0,0,0,0
이태리국시,Terra Bella,23,2026.03.28,1,영수증,이태리국시 맛있어요!!! 뇨끼 진짜 맛있었구!! 대창파스타도 맛있었어요 ㅎㅎ,이태리국시 맛있어요!!! 뇨끼 진짜 맛있었구!! 대창파스타도 맛있었어요 ㅎㅎ,True,event,23,1번째 방문,True,,,1,이태리국시 맛있어요 뇨끼 진짜 맛있었구 대창파스타도 맛있었어요,42,34,0,0,1,0,0,0,0,0,0,0,0,0,3,1,1,0,5,1,0,0,1,0,0,0,0,1,0,1,0,0,0,1,1,0,0,0,0,0,0
이태리국시,채하영7,16,2026.03.26,1,영수증,맛있게 먹고 갑니다~~ 한식과 양식이 오묘히 섞여있어요 일본에 지점 내주세요,맛있게 먹고 갑니다~~ 한식과 양식이 오묘히 섞여있어요 일본에 지점 내주세요,True,event,16,1번째 방문,True,,,1,맛있게 먹고 갑니다 한식과 양식이 오묘히 섞여있어요 일본에 지점 내주세요,42,40,0,0,1,0,0,0,0,0,0,0,0,0,1,1,0,0,0,0,0,0,0,0,0,0,0,1,0,1,0,0,0,1,1,0,0,0,0,0,0
이태리국시,xlvksl71,45,2026.03.15,1,영수증,음식이 너무너무 맛있고 시끌벅적하지않아 좋았어요 담에도 또 방문 할게용~!!,음식이 너무너무 맛있고 시끌벅적하지않아 좋았어요 담에도 또 방문 할게용~!!,True,event,45,1번째 방문,True,,,1,음식이 너무너무 맛있고 시끌벅적하지않아 좋았어요 담에도 또 방문 할게용,42,39,0,0,1,0,0,0,0,0,0,0,0,0,1,1,2,0,2,0,0,0,0,1,1,0,0,1,0,1,0,0,0,1,1,0,0,0,0,0,0
이태리국시,twokong,24,2026.03.09,1,영수증,너무 맛있어요! 대창돌솥파스타 너무 맛있고 피자랑 같이 먹으니 좋아요❤️🩷💖,너무 맛있어요! 대창돌솥파스타 너무 맛있고 피자랑 같이 먹으니 좋아요❤️🩷💖,True,event,24,1번째 방문,True,,,1,너무 맛있어요 대창돌솥파스타 너무 맛있고 피자랑 같이 먹으니 좋아요,42,37,0,0,1,0,0,0,0,0,0,0,0,0,3,1,2,0,1,0,0,0,0,0,0,0,0,1,0,1,0,0,0,1,1,0,0,0,0,0,0
이태리국시,지은3192,110,2026.03.09,1,영수증,메뉴가 특별한데 맛있어서 너무 좋았어요☺️ 다음에 떠 방분할 것 같습니다🫶🏻,메뉴가 특별한데 맛있어서 너무 좋았어요☺️ 다음에 떠 방분할 것 같습니다🫶🏻,True,event,110,1번째 방문,True,,,1,메뉴가 특별한데 맛있어서 너무 좋았어요 다음에 떠 방분할 것 같습니다,42,38,0,0,1,0,0,0,0,0,0,0,0,0,1,1,1,0,0,0,0,0,0,0,0,0,0,1,1,1,0,0,0,1,1,0,0,0,0,0,0
이태리국시,seo****,8,2026.05.09,1,영수증,인테리어도 예쁘고 분위기도 너무 좋았어요! 곱창 파스타 피자랑 강추 합니다!!,인테리어도 예쁘고 분위기도 너무 좋았어요! 곱창 파스타 피자랑 강추 합니다!!,True,event,8,1번째 방문,True,,,1,인테리어도 예쁘고 분위기도 너무 좋았어요 곱창 파스타 피자랑 강추 합니다,43,40,0,0,1,0,1,1,0,0,0,0,0,0,1,1,1,0,3,1,0,0,0,0,0,0,0,0,0,1,0,0,0,0,0,1,0,0,0,0,0
이태리국시,보헤미아느,27,2026.04.29,1,영수증,성수동오자마자 먹고싶어서 달려왔네요 너무맛있게 잘먹었습니다 대창파스타 맛있네요,성수동오자마자 먹고싶어서 달려왔네요 너무맛있게 잘먹었습니다 대창파스타 맛있네요,True,event,27,1번째 방문,True,,,1,성수동오자마자 먹고싶어서 달려왔네요 너무맛있게 잘먹었습니다 대창파스타 맛있네요,43,43,0,0,1,0,0,0,0,0,0,0,0,0,2,1,1,0,0,0,0,0,0,0,0,0,0,1,0,1,0,0,0,1,1,0,0,0,0,0,0
이태리국시,커피체고,8,2026.04.11,1,영수증,처음와봤는데 분위기도 좋고 음식도 너무 맛있어요!! 다음에 또 오고 싶어요🥺💞,처음와봤는데 분위기도 좋고 음식도 너무 맛있어요!! 다음에 또 오고 싶어요🥺💞,True,event,8,1번째 방문,True,,,1,처음와봤는데 분위기도 좋고 음식도 너무 맛있어요 다음에 또 오고 싶어요,43,39,0,0,1,0,1,1,0,0,0,0,0,0,1,1,1,0,2,0,0,0,0,0,0,0,0,0,0,1,0,0,0,0,0,1,0,0,0,0,0
이태리국시,summerP,45,2026.04.10,1,영수증,양식과 한식의 조화 음식이 너무 맛있고 가성비 좋아요 모임때 또 들를것 같아요,양식과 한식의 조화 음식이 너무 맛있고 가성비 좋아요 모임때 또 들를것 같아요,True,event,45,1번째 방문,True,,,1,양식과 한식의 조화 음식이 너무 맛있고 가성비 좋아요 모임때 또 들를것 같아요,43,43,0,0,1,0,1,1,0,0,0,0,0,0,2,1,1,0,0,0,0,0,0,0,0,0,0,1,0,1,0,0,0,0,0,1,0,0,0,0,0
이태리국시,프라키온,29,2026.03.18,1,영수증,너무 맛있게 잘 먹었어요. 한국사람 입맛에 최적화된 이태리 국시인 것 같아요.,너무 맛있게 잘 먹었어요. 한국사람 입맛에 최적화된 이태리 국시인 것 같아요.,True,event,29,1번째 방문,True,,,1,너무 맛있게 잘 먹었어요 한국사람 입맛에 최적화된 이태리 국시인 것 같아요,43,41,0,0,1,0,0,0,0,0,0,0,0,0,1,1,1,0,0,0,0,0,0,0,0,0,0,1,0,1,0,0,0,1,1,0,0,0,0,0,0
이태리국시,리뷰맛집러,1203,2026.05.04,1,영수증,평일 저녁 대기없이 입장했습니다~ 맛있어요! 반계닭이랑 숯불대창파스타 추천합니당,평일 저녁 대기없이 입장했습니다~ 맛있어요! 반계닭이랑 숯불대창파스타 추천합니당,True,event,1203,1번째 방문,True,,,1,평일 저녁 대기없이 입장했습니다 맛있어요 반계닭이랑 숯불대창파스타 추천합니당,44,42,0,0,1,0,1,1,0,2,1,0,0,0,2,1,0,0,1,0,0,0,0,0,0,0,0,1,1,1,0,0,0,0,0,1,0,0,0,0,0
이태리국시,you****,101,2026.05.04,1,영수증,1시간.정도대기 후 입장 기다린 보람있어요 너무 맛있고 직원들도 너무 친절친절~,1시간.정도대기 후 입장 기다린 보람있어요 너무 맛있고 직원들도 너무 친절친절~,True,event,101,1번째 방문,True,,,1,1시간 정도대기 후 입장 기다린 보람있어요 너무 맛있고 직원들도 너무 친절친절,44,43,0,0,1,0,4,1,1,0,0,1,1,1,1,1,2,0,0,0,0,0,0,0,0,0,0,1,1,1,0,0,0,0,0,1,0,0,0,0,0
이태리국시,iri****,45,2026.04.26,1,영수증,음싣도 특별하고 맛있어요 쌈피자 샐러드 같기도 하고 건강하면서 맛있는 맛이에요!,음싣도 특별하고 맛있어요 쌈피자 샐러드 같기도 하고 건강하면서 맛있는 맛이에요!,True,event,45,1번째 방문,True,,,1,음싣도 특별하고 맛있어요 쌈피자 샐러드 같기도 하고 건강하면서 맛있는 맛이에요,44,43,0,0,1,0,0,0,0,0,0,0,0,0,2,1,0,0,1,0,0,0,0,0,0,0,0,1,0,1,0,0,0,1,1,0,0,0,0,0,0
이태리국시,이현숙1521,13,2026.04.24,1,영수증,남편이랑 데이트하며 좋으시간 보냈어요 음식이 특이하고 맛있어요 다음에 또 올께요,남편이랑 데이트하며 좋으시간 보냈어요 음식이 특이하고 맛있어요 다음에 또 올께요,True,event,13,1번째 방문,True,,,1,남편이랑 데이트하며 좋으시간 보냈어요 음식이 특이하고 맛있어요 다음에 또 올께요,44,44,0,0,1,0,0,0,0,1,1,0,0,0,1,1,0,0,0,0,0,0,0,0,0,0,0,1,0,1,0,0,0,0,0,1,0,0,0,0,0
이태리국시,호호호83,37,2026.03.15,1,영수증,음식이 깔끔하고 너무 맛있었습니다 내부 분위기도 좋아서 데이트 코스로 딱이에요!,음식이 깔끔하고 너무 맛있었습니다 내부 분위기도 좋아서 데이트 코스로 딱이에요!,True,event,37,1번째 방문,True,,,1,음식이 깔끔하고 너무 맛있었습니다 내부 분위기도 좋아서 데이트 코스로 딱이에요,44,43,0,0,1,0,1,1,0,1,1,0,0,0,1,1,1,0,1,0,0,0,0,0,0,0,0,1,0,1,0,0,0,0,0,1,0,0,0,0,0
이태리국시,금도히,27,2026.05.09,1,영수증,뇨끼 대박!! 뇨끼는 꼭 드세요!!! 대창파스타도 느끼하지 않고 너무 맛있었어요!,뇨끼 대박!! 뇨끼는 꼭 드세요!!! 대창파스타도 느끼하지 않고 너무 맛있었어요!,True,event,27,1번째 방문,True,,,1,뇨끼 대박 뇨끼는 꼭 드세요 대창파스타도 느끼하지 않고 너무 맛있었어요,45,39,0,0,1,0,0,0,0,0,0,0,0,0,1,1,2,0,6,1,0,0,1,0,0,0,0,1,0,1,0,0,0,1,1,0,0,0,0,0,0
이태리국시,횬태,10,2026.05.03,1,영수증,너무 맛있게 잘먹었습니다. 다른거도 더 먹어보러 와야겠어요. 여자친구도 좋아하네욤,너무 맛있게 잘먹었습니다. 다른거도 더 먹어보러 와야겠어요. 여자친구도 좋아하네욤,True,event,10,1번째 방문,True,,,1,너무 맛있게 잘먹었습니다 다른거도 더 먹어보러 와야겠어요 여자친구도 좋아하네욤,45,43,0,0,1,0,0,0,0,1,1,0,0,0,1,1,1,0,0,0,0,0,0,0,0,0,0,1,0,1,0,0,0,0,0,1,0,0,0,0,0
이태리국시,코타파파,12,2026.05.02,1,영수증,음식이 너무 맛있어서 추가 주문 할 정도로 좋았습니다. 다음에도 또 오고 싶네요.,음식이 너무 맛있어서 추가 주문 할 정도로 좋았습니다. 다음에도 또 오고 싶네요.,True,event,12,1번째 방문,True,,,1,음식이 너무 맛있어서 추가 주문 할 정도로 좋았습니다 다음에도 또 오고 싶네요,45,43,0,0,1,0,1,1,0,0,0,0,0,0,1,1,1,0,0,0,0,0,0,0,0,0,0,1,0,1,0,0,0,0,0,1,0,0,0,0,0
이태리국시,꽃송이희,547,2026.04.30,1,영수증,돌솥 대창 파스타라뉘 😋 먹을때까지 뜨끈뜨끈 맛있습니다‼️ 순식간에 순삭했습니다.,돌솥 대창 파스타라뉘 😋 먹을때까지 뜨끈뜨끈 맛있습니다‼️ 순식간에 순삭했습니다.,True,event,547,1번째 방문,True,,,1,돌솥 대창 파스타라뉘 먹을때까지 뜨끈뜨끈 맛있습니다 순식간에 순삭했습니다,45,40,0,0,1,0,0,0,0,0,0,0,0,0,1,1,0,0,0,0,0,0,0,0,0,0,0,1,1,1,0,0,0,1,1,0,0,0,0,0,0
이태리국시,진녜쓰,107,2026.04.18,1,영수증,독특한 메뉴가 많아요! 그리고 맛도있고 직원분들도 너무 친절해요!!! 또 올게요!,독특한 메뉴가 많아요! 그리고 맛도있고 직원분들도 너무 친절해요!!! 또 올게요!,True,event,107,1번째 방문,True,,,1,독특한 메뉴가 많아요 그리고 맛도있고 직원분들도 너무 친절해요 또 올게요,45,40,0,0,1,0,2,1,1,0,0,0,0,0,0,0,1,0,5,1,0,0,0,1,1,0,0,1,1,1,0,0,0,0,0,1,0,0,0,0,0
이태리국시,ale****,14,2026.04.14,1,영수증,곱창파스타 매콤하니 엄청 맛있어요 프렌치프라이도 마요네즈랑 먹으면 고소하고 맛나요,곱창파스타 매콤하니 엄청 맛있어요 프렌치프라이도 마요네즈랑 먹으면 고소하고 맛나요,True,event,14,1번째 방문,True,,,1,곱창파스타 매콤하니 엄청 맛있어요 프렌치프라이도 마요네즈랑 먹으면 고소하고 맛나요,45,45,0,0,1,0,0,0,0,0,0,0,0,0,1,1,1,0,0,0,0,0,0,0,0,0,0,1,0,1,0,0,0,1,1,0,0,0,0,0,0
이태리국시,김서영57,4,2026.04.12,1,영수증,진짜… 너무 맛있어요. 분위기도 너무 좋고 기대 이상이었어요. 다음에 또 올게요!,진짜… 너무 맛있어요. 분위기도 너무 좋고 기대 이상이었어요. 다음에 또 올게요!,True,event,4,1번째 방문,True,,,1,진짜 너무 맛있어요 분위기도 너무 좋고 기대 이상이었어요 다음에 또 올게요,45,41,0,0,1,0,1,1,0,0,0,0,0,0,1,1,3,1,1,0,0,0,1,1,1,0,1,0,0,1,0,0,0,0,0,1,0,0,0,0,0
이태리국시,티나염,44,2026.04.03,1,영수증,첫 방문인데 전혀 느끼하지 않고 너무 맛있네요. 특히 대창뚝배기파스타 강추합니다.,첫 방문인데 전혀 느끼하지 않고 너무 맛있네요. 특히 대창뚝배기파스타 강추합니다.,True,event,44,1번째 방문,True,,,1,첫 방문인데 전혀 느끼하지 않고 너무 맛있네요 특히 대창뚝배기파스타 강추합니다,45,43,0,0,1,0,0,0,0,0,0,0,0,0,2,1,1,0,0,0,0,0,1,0,0,0,0,1,0,1,0,0,0,1,1,0,0,0,0,0,0
이태리국시,bet****,33,2026.03.16,1,영수증,곱창파스타랑 쌈피자 먹었는데 새롭고 맛있어요. 곱창파스타는 느끼하지 않고 맛있어요,곱창파스타랑 쌈피자 먹었는데 새롭고 맛있어요. 곱창파스타는 느끼하지 않고 맛있어요,True,event,33,1번째 방문,True,,,1,곱창파스타랑 쌈피자 먹었는데 새롭고 맛있어요 곱창파스타는 느끼하지 않고 맛있어요,45,44,0,0,1,0,0,0,0,0,0,0,0,0,2,1,0,0,0,0,0,0,1,0,0,0,0,1,0,1,0,0,0,1,1,0,0,0,0,0,0
이태리국시,cau****,227,2026.05.02,1,영수증,양이 적은건 아쉽지만 맛있어요. 아이들입맛 저격 담에 또 먹고싶은맛 연인끼리 강추!,양이 적은건 아쉽지만 맛있어요. 아이들입맛 저격 담에 또 먹고싶은맛 연인끼리 강추!,True,event,227,1번째 방문,True,,,1,양이 적은건 아쉽지만 맛있어요 아이들입맛 저격 담에 또 먹고싶은맛 연인끼리 강추,46,44,0,0,1,0,0,0,0,0,0,0,0,0,2,1,0,0,1,0,0,0,1,0,0,0,0,1,1,1,0,0,0,1,1,0,0,0,0,0,0
이태리국시,Ye0nhee,25,2026.05.02,1,영수증,조용하게 깔끔하게 맛있게 먹었습니다:-) 집근처라 자주올것같아요 ㅎㅎ 샐러드 맛집😉,조용하게 깔끔하게 맛있게 먹었습니다:-) 집근처라 자주올것같아요 ㅎㅎ 샐러드 맛집😉,True,event,25,1번째 방문,True,,,1,조용하게 깔끔하게 맛있게 먹었습니다 집근처라 자주올것같아요 샐러드 맛집,46,39,0,0,1,0,0,0,0,0,0,0,0,0,2,1,0,0,0,0,0,0,0,0,0,0,0,1,0,1,0,0,0,1,1,0,0,0,0,0,0
이태리국시,누누누12,120,2026.04.18,1,영수증,이태리국시 너무 맛있어요 다시 오고싶을정도로 맛있어요 퓨전요리는 여기가 끝판왕이에요,이태리국시 너무 맛있어요 다시 오고싶을정도로 맛있어요 퓨전요리는 여기가 끝판왕이에요,True,event,120,1번째 방문,True,,,1,이태리국시 너무 맛있어요 다시 오고싶을정도로 맛있어요 퓨전요리는 여기가 끝판왕이에요,46,46,0,0,1,0,0,0,0,0,0,0,0,0,2,1,1,0,0,0,0,0,0,0,0,0,0,1,1,1,0,0,0,1,1,0,0,0,0,0,0
이태리국시,qhr****,19,2026.04.10,1,영수증,다음엔 한우곱창파스타 먹으러 와야겠어요 뇨끼 너무 맛있어요!!!!!!!!!!!!!!,다음엔 한우곱창파스타 먹으러 와야겠어요 뇨끼 너무 맛있어요!!!!!!!!!!!!!!,True,event,19,1번째 방문,True,,,1,다음엔 한우곱창파스타 먹으러 와야겠어요 뇨끼 너무 맛있어요,46,32,0,0,1,0,0,0,0,0,0,0,0,0,1,1,1,0,14,1,0,0,0,0,0,0,0,1,0,1,0,0,0,1,1,0,0,0,0,0,0
이태리국시,dob****,24,2026.04.02,1,영수증,음식 사진이 정말 잘 나오는 가게! 조명 훔쳐가고싶네요 칼칼하면서 고소한 파스타에요,음식 사진이 정말 잘 나오는 가게! 조명 훔쳐가고싶네요 칼칼하면서 고소한 파스타에요,True,event,24,1번째 방문,True,,,1,음식 사진이 정말 잘 나오는 가게 조명 훔쳐가고싶네요 칼칼하면서 고소한 파스타에요,46,45,0,0,1,0,0,0,0,0,0,0,0,0,0,0,0,0,1,0,0,0,0,0,0,0,0,1,0,1,0,0,0,0,0,0,0,0,0,0,0
이태리국시,Aa001q,65,2026.03.21,1,영수증,한식과 양식이 섞인 메뉴라 특이하고 분위기도 좋아요 데이트나 친목모임으로도 추천해요,한식과 양식이 섞인 메뉴라 특이하고 분위기도 좋아요 데이트나 친목모임으로도 추천해요,True,event,65,1번째 방문,True,,,1,한식과 양식이 섞인 메뉴라 특이하고 분위기도 좋아요 데이트나 친목모임으로도 추천해요,46,46,0,0,1,0,1,1,0,1,1,0,0,0,2,1,0,0,0,0,0,0,0,0,0,0,0,1,1,1,0,0,0,0,0,1,0,0,0,0,0
이태리국시,칙칙폭12,24,2026.05.05,1,영수증,요리가 색다르고 맛있는데 대체적으로 간이 좀 쎈편이예요 알배기 숯불갈비샐러드 강추예요,요리가 색다르고 맛있는데 대체적으로 간이 좀 쎈편이예요 알배기 숯불갈비샐러드 강추예요,True,event,24,1번째 방문,True,,,1,요리가 색다르고 맛있는데 대체적으로 간이 좀 쎈편이예요 알배기 숯불갈비샐러드 강추예요,47,47,0,0,1,0,0,0,0,0,0,0,0,0,2,1,0,0,0,0,0,0,0,0,0,0,0,1,0,1,0,0,0,1,1,0,0,0,0,0,0
이태리국시,김체리오브,70,2026.05.04,1,영수증,분위기 너무 졸어요 !! 직원분들도 친절하고 맛집이라서 왔어요 ㅜㅜㅜㅜ!!!🩷🩷🩷🩷🩷,분위기 너무 졸어요 !! 직원분들도 친절하고 맛집이라서 왔어요 ㅜㅜㅜㅜ!!!🩷🩷🩷🩷🩷,True,event,70,1번째 방문,True,,,1,분위기 너무 졸어요 직원분들도 친절하고 맛집이라서 왔어요,47,31,0,0,1,0,3,1,1,0,0,0,0,0,1,1,1,0,5,1,0,0,0,0,0,0,0,1,1,1,0,0,0,0,0,1,0,0,0,0,0
이태리국시,alf****,42,2026.04.27,1,영수증,메뉴도 특별하고 너무너무 맛있아요!!! 매장 분위기도 좋아서 맛있게 먹구 갑니다 ㅎㅎ,메뉴도 특별하고 너무너무 맛있아요!!! 매장 분위기도 좋아서 맛있게 먹구 갑니다 ㅎㅎ,True,event,42,1번째 방문,True,,,1,메뉴도 특별하고 너무너무 맛있아요 매장 분위기도 좋아서 맛있게 먹구 갑니다,47,41,0,0,1,0,2,1,1,0,0,0,0,0,2,1,2,0,3,1,0,0,0,0,0,0,0,1,0,1,0,0,0,0,0,1,0,0,0,0,0
이태리국시,queiroo098,11,2026.04.25,1,영수증,음식이 너무 신선하고 맛있어요~ 한식 양식 퓨전 맛집입니다. 또 방문하고 싶어요~ 👍,음식이 너무 신선하고 맛있어요~ 한식 양식 퓨전 맛집입니다. 또 방문하고 싶어요~ 👍,True,event,11,1번째 방문,True,,,1,음식이 너무 신선하고 맛있어요 한식 양식 퓨전 맛집입니다 또 방문하고 싶어요,47,42,0,0,1,0,0,0,0,0,0,0,0,0,2,1,1,0,0,0,0,0,0,1,1,0,0,1,0,1,0,0,0,1,1,0,0,0,0,0,0
이태리국시,줄무늬곰,3,2026.04.22,1,영수증,음식이 맛있고 직원분들이 친절하셔서 좋았어요~ 잘먹고 갑니다! 음식도 빨리 나오네요!,음식이 맛있고 직원분들이 친절하셔서 좋았어요~ 잘먹고 갑니다! 음식도 빨리 나오네요!,True,event,3,1번째 방문,True,,,1,음식이 맛있고 직원분들이 친절하셔서 좋았어요 잘먹고 갑니다 음식도 빨리 나오네요,47,44,0,0,1,0,2,1,1,0,0,0,0,0,1,1,0,0,2,0,0,0,0,0,0,0,1,0,0,1,0,0,0,0,0,1,0,0,0,0,0
이태리국시,HY1175,35,2026.04.18,1,영수증,메뉴 하나하나 다 맛있어요! 특히 리조또가 최고!👍 성수에 오면 또 들릴 것 같아요~,메뉴 하나하나 다 맛있어요! 특히 리조또가 최고!👍 성수에 오면 또 들릴 것 같아요~,True,event,35,1번째 방문,True,,,1,메뉴 하나하나 다 맛있어요 특히 리조또가 최고 성수에 오면 또 들릴 것 같아요,47,43,0,0,1,0,0,0,0,0,0,0,0,0,2,1,0,0,2,0,0,0,0,0,0,0,0,1,0,1,0,0,0,1,1,0,0,0,0,0,0
이태리국시,그래도안간다 훗81,18,2026.03.28,1,영수증,대창 돌솥파스타~~ 살이 통통해요!! 너무너무 맛있습니다. 데이트로 강력추천 해요~~,대창 돌솥파스타~~ 살이 통통해요!! 너무너무 맛있습니다. 데이트로 강력추천 해요~~,True,event,18,1번째 방문,True,,,1,대창 돌솥파스타 살이 통통해요 너무너무 맛있습니다 데이트로 강력추천 해요,47,40,0,0,1,0,0,0,0,1,1,0,0,0,2,1,2,0,2,0,0,0,0,0,0,0,0,1,0,1,0,0,0,0,0,1,0,0,0,0,0
이태리국시,ny4749,13,2026.05.05,1,영수증,메뉴가 독특하고 맛있어요! 특별한 음식 먹고 싶을 때 방문해보시면 좋을 것 같아요~~🤤,메뉴가 독특하고 맛있어요! 특별한 음식 먹고 싶을 때 방문해보시면 좋을 것 같아요~~🤤,True,event,13,1번째 방문,True,,,1,메뉴가 독특하고 맛있어요 특별한 음식 먹고 싶을 때 방문해보시면 좋을 것 같아요,48,44,0,0,1,0,0,0,0,0,0,0,0,0,1,1,0,0,1,0,0,0,0,0,0,0,0,1,0,1,0,0,0,1,1,0,0,0,0,0,0
이태리국시,데자와30,3,2026.05.03,1,영수증,추천받아서 온 곳 너무너무 맛있어요 주말에는 예약 후 이용하는게 좋을 것 같아요 대만족,추천받아서 온 곳 너무너무 맛있어요 주말에는 예약 후 이용하는게 좋을 것 같아요 대만족,True,event,3,1번째 방문,True,,,1,추천받아서 온 곳 너무너무 맛있어요 주말에는 예약 후 이용하는게 좋을 것 같아요 대만족,48,48,0,0,1,0,0,0,0,1,1,0,0,0,2,1,2,0,0,0,0,0,0,0,0,0,1,0,0,1,0,0,0,0,0,1,0,0,0,0,0
이태리국시,뽀쏭111,31,2026.04.24,1,영수증,남편이랑 처음 방문 했는데 기대 이상으로 너무우우 맛있어서 다음에 또 올려구요..💗💕💖,남편이랑 처음 방문 했는데 기대 이상으로 너무우우 맛있어서 다음에 또 올려구요..💗💕💖,True,event,31,1번째 방문,True,,,1,남편이랑 처음 방문 했는데 기대 이상으로 너무우우 맛있어서 다음에 또 올려구요,48,43,0,0,1,0,0,0,0,0,0,0,0,0,1,1,1,0,0,0,0,0,0,0,0,0,0,1,0,1,0,0,0,1,1,0,0,0,0,0,0
이태리국시,YEJI,28,2026.04.05,1,영수증,아~ 너무 맛있게 먹었습니다. 퓨전인데 이질감이 없이 좋았습니다. 또 올 것 같습니다!,아~ 너무 맛있게 먹었습니다. 퓨전인데 이질감이 없이 좋았습니다. 또 올 것 같습니다!,True,event,28,1번째 방문,True,,,1,아 너무 맛있게 먹었습니다 퓨전인데 이질감이 없이 좋았습니다 또 올 것 같습니다,48,44,0,0,1,0,0,0,0,0,0,0,0,0,1,1,1,0,1,0,0,0,0,0,0,0,0,1,0,1,0,0,0,1,1,0,0,0,0,0,0
이태리국시,Hyorin,30,2026.04.02,1,영수증,회사근처에 이란 멋진 맛집이 있었어요. 매장도 멋지고 음식도 맛있고 추천합니다☆☆☆☆☆,회사근처에 이란 멋진 맛집이 있었어요. 매장도 멋지고 음식도 맛있고 추천합니다☆☆☆☆☆,True,event,30,1번째 방문,True,,,1,회사근처에 이란 멋진 맛집이 있었어요 매장도 멋지고 음식도 맛있고 추천합니다,48,42,0,0,1,0,1,1,0,0,0,0,0,0,3,1,0,0,0,0,0,0,0,0,0,0,0,1,0,1,0,0,0,0,0,1,0,0,0,0,0
이태리국시,ks****,2,2026.04.23,1,영수증,생각한것보다 맛있어서 든든하게 잘먹었어요. 담엔 다른 메뉴 도전해 보고싶네요. 굿입니다.,생각한것보다 맛있어서 든든하게 잘먹었어요. 담엔 다른 메뉴 도전해 보고싶네요. 굿입니다.,True,event,2,1번째 방문,True,,,1,생각한것보다 맛있어서 든든하게 잘먹었어요 담엔 다른 메뉴 도전해 보고싶네요 굿입니다,49,46,0,0,1,0,0,0,0,0,0,0,0,0,1,1,0,0,0,0,0,0,0,0,0,0,1,0,0,1,0,0,0,1,1,0,0,0,0,0,0
이태리국시,wldus02,29,2026.04.22,1,영수증,"생일이라 예약하고 왔는데, 분위기가 너무 좋아요!! 음식도 맛있구 직원분들도 친절하세요😚","생일이라 예약하고 왔는데, 분위기가 너무 좋아요!! 음식도 맛있구 직원분들도 친절하세요😚",True,event,29,1번째 방문,True,,,1,생일이라 예약하고 왔는데 분위기가 너무 좋아요 음식도 맛있구 직원분들도 친절하세요,49,45,0,0,1,0,3,1,1,0,0,0,0,0,2,1,1,0,2,0,0,0,0,0,0,0,0,1,0,1,0,0,0,0,0,1,0,0,0,0,0
이태리국시,초지일관63,9,2026.04.21,1,영수증,외국인 친구랑 같이 왔는데 상당히 좋아하네요. 분위기도 좋고 대창파스타 맛나게 먹었어요~,외국인 친구랑 같이 왔는데 상당히 좋아하네요. 분위기도 좋고 대창파스타 맛나게 먹었어요~,True,event,9,1번째 방문,True,,,1,외국인 친구랑 같이 왔는데 상당히 좋아하네요 분위기도 좋고 대창파스타 맛나게 먹었어요,49,47,0,0,1,0,1,1,0,1,1,0,0,0,0,0,0,0,0,0,0,0,0,0,0,0,0,0,0,1,0,0,0,0,0,1,0,0,0,0,0
이태리국시,2JW70,19,2026.03.28,1,영수증,닭리조또 꼭 드셔보세요!! 정말 맛있어요~ 다른 음식들도 맛있으니 데이트할때 들려보세요ㅎ,닭리조또 꼭 드셔보세요!! 정말 맛있어요~ 다른 음식들도 맛있으니 데이트할때 들려보세요ㅎ,True,event,19,1번째 방문,True,,,1,닭리조또 꼭 드셔보세요 정말 맛있어요 다른 음식들도 맛있으니 데이트할때 들려보세요,49,45,0,0,1,0,0,0,0,1,1,0,0,0,2,1,0,0,2,0,0,0,0,0,0,0,0,1,0,1,0,0,0,0,0,1,0,0,0,0,0
이태리국시,똘망똘망37,33,2026.04.06,1,영수증,리조또에 마늘향도 좋고 고기도 밋있어요! 파스타도 맛있어요! 면이 특이해서 식감도 좋네요😄,리조또에 마늘향도 좋고 고기도 밋있어요! 파스타도 맛있어요! 면이 특이해서 식감도 좋네요😄,True,event,33,1번째 방문,True,,,1,리조또에 마늘향도 좋고 고기도 밋있어요 파스타도 맛있어요 면이 특이해서 식감도 좋네요,50,47,0,0,1,0,0,0,0,0,0,0,0,0,1,1,0,0,2,0,0,0,0,0,0,0,0,1,0,1,0,0,0,1,1,0,0,0,0,0,0
이태리국시,깐깐s,286,2026.03.23,1,영수증,"음식이 빨리 나와요 피클이나 이런 건 안나와서 조금 당황,,? 분위기도 편안하고 맛있어요!","음식이 빨리 나와요 피클이나 이런 건 안나와서 조금 당황,,? 분위기도 편안하고 맛있어요!",True,event,286,1번째 방문,True,,,1,음식이 빨리 나와요 피클이나 이런 건 안나와서 조금 당황 분위기도 편안하고 맛있어요,50,46,0,0,1,0,1,1,0,0,0,0,0,0,1,1,0,0,1,0,0,0,0,0,0,0,0,1,1,1,0,0,0,0,0,1,0,0,0,0,0
이태리국시,조경호430,6,2026.05.01,1,영수증,30분 웨이팅 후 식사했어요 퓨전메뉴들이 맛있네요 다시 방문하고 싶어요 맛있게 잘 먹었습니다,30분 웨이팅 후 식사했어요 퓨전메뉴들이 맛있네요 다시 방문하고 싶어요 맛있게 잘 먹었습니다,True,event,6,1번째 방문,True,,,1,30분 웨이팅 후 식사했어요 퓨전메뉴들이 맛있네요 다시 방문하고 싶어요 맛있게 잘 먹었습니다,51,51,0,0,1,0,1,1,0,0,0,1,1,1,2,1,0,0,0,0,0,0,0,0,0,0,0,0,0,1,0,0,0,0,0,1,0,0,0,0,0
이태리국시,seta723275,20,2026.04.27,1,영수증,뚝배기에 나오는게 포인트인 것 같아요! 따뜻함이 잘 유지되었습니다! 음식도 정말 맛있었어요!,뚝배기에 나오는게 포인트인 것 같아요! 따뜻함이 잘 유지되었습니다! 음식도 정말 맛있었어요!,True,event,20,1번째 방문,True,,,1,뚝배기에 나오는게 포인트인 것 같아요 따뜻함이 잘 유지되었습니다 음식도 정말 맛있었어요,51,48,0,0,1,0,0,0,0,0,0,0,0,0,1,1,0,0,3,1,0,0,0,0,0,0,0,1,0,1,0,0,0,1,1,0,0,0,0,0,0
이태리국시,애리73,56,2026.04.25,1,영수증,조금 웨이팅이있었지만 기다린만큼 너무 맛있게 먹었어요 색다른 메뉴라서 더 좋았어요🫶🏻❤️❤️,조금 웨이팅이있었지만 기다린만큼 너무 맛있게 먹었어요 색다른 메뉴라서 더 좋았어요🫶🏻❤️❤️,True,event,56,1번째 방문,True,,,1,조금 웨이팅이있었지만 기다린만큼 너무 맛있게 먹었어요 색다른 메뉴라서 더 좋았어요,51,45,0,0,1,0,1,1,0,0,0,0,0,0,1,1,1,0,0,0,0,0,0,0,0,0,0,1,1,1,0,0,0,0,0,1,0,0,0,0,0
이태리국시,end****,19,2026.03.29,1,영수증,음식이 전체적으로 다 맛있고 제 입맛에 딱이였어요!! 개인적으로 뇨끼 강력 추천 드립니다!!,음식이 전체적으로 다 맛있고 제 입맛에 딱이였어요!! 개인적으로 뇨끼 강력 추천 드립니다!!,True,event,19,1번째 방문,True,,,1,음식이 전체적으로 다 맛있고 제 입맛에 딱이였어요 개인적으로 뇨끼 강력 추천 드립니다,51,47,0,0,1,0,0,0,0,0,0,0,0,0,2,1,0,0,4,1,0,0,0,0,0,0,0,1,0,1,0,0,0,1,1,0,0,0,0,0,0
이태리국시,종현390,40,2026.03.23,1,영수증,너무 맛있었습니다! 평소에 먹지못하는 신선한 요리였고 너무 맛있게 먹었습니당ㅎㅎ 또 올게요!,너무 맛있었습니다! 평소에 먹지못하는 신선한 요리였고 너무 맛있게 먹었습니당ㅎㅎ 또 올게요!,True,event,40,1번째 방문,True,,,1,너무 맛있었습니다 평소에 먹지못하는 신선한 요리였고 너무 맛있게 먹었습니당 또 올게요,51,47,0,0,1,0,0,0,0,0,0,0,0,0,2,1,2,0,2,0,0,0,0,1,1,0,0,1,0,1,0,0,0,1,1,0,0,0,0,0,0
이태리국시,tjcjdqja43,55,2026.05.09,1,영수증,딱 좋아하는 취향의 양식이라서 다시 방문해야겠어요 먹으면서 여자친구랑 감탄했네요~ 번창하세요!,딱 좋아하는 취향의 양식이라서 다시 방문해야겠어요 먹으면서 여자친구랑 감탄했네요~ 번창하세요!,True,event,55,1번째 방문,True,,,1,딱 좋아하는 취향의 양식이라서 다시 방문해야겠어요 먹으면서 여자친구랑 감탄했네요 번창하세요,52,50,0,0,1,0,0,0,0,1,1,0,0,0,0,0,0,0,1,0,0,0,0,0,0,0,0,1,1,1,0,0,0,0,0,1,0,0,0,0,0
이태리국시,kim****,114,2026.05.05,1,영수증,맛있게 잘 먹었습니다! 곱창파스타 특히 맛잇었어요!!! 국물 자작하니 새로운 경험이었습니다☺️,맛있게 잘 먹었습니다! 곱창파스타 특히 맛잇었어요!!! 국물 자작하니 새로운 경험이었습니다☺️,True,event,114,1번째 방문,True,,,1,맛있게 잘 먹었습니다 곱창파스타 특히 맛잇었어요 국물 자작하니 새로운 경험이었습니다,52,46,0,0,1,0,0,0,0,0,0,0,0,0,1,1,0,0,4,1,0,0,0,0,0,0,0,1,1,1,0,0,0,1,1,0,0,0,0,0,0
이태리국시,Amy별,26,2026.04.14,1,영수증,오랜만에 뚝섬와서 맛있는 음식 먹고 가서 기분 좋아요! 다음에 또 다른 메뉴 먹어보고 싶어요!,오랜만에 뚝섬와서 맛있는 음식 먹고 가서 기분 좋아요! 다음에 또 다른 메뉴 먹어보고 싶어요!,True,event,26,1번째 방문,True,,,1,오랜만에 뚝섬와서 맛있는 음식 먹고 가서 기분 좋아요 다음에 또 다른 메뉴 먹어보고 싶어요,52,50,0,0,1,0,0,0,0,0,0,0,0,0,2,1,0,0,2,0,0,0,0,0,0,0,0,1,0,1,0,0,0,1,1,0,0,0,0,0,0
이태리국시,들조류,13,2026.04.05,1,영수증,메뉴가 신기해요!! 그리고 예약 없이도 바로 입장가능해서 좋았어요!! 직원분이 너무 친절해요!,메뉴가 신기해요!! 그리고 예약 없이도 바로 입장가능해서 좋았어요!! 직원분이 너무 친절해요!,True,event,13,1번째 방문,True,,,1,메뉴가 신기해요 그리고 예약 없이도 바로 입장가능해서 좋았어요 직원분이 너무 친절해요,52,47,0,0,1,0,2,1,1,0,0,0,0,0,0,0,1,0,5,1,0,0,0,0,0,0,0,1,0,1,0,0,0,0,0,1,0,0,0,0,0
이태리국시,ldk****,66,2026.04.04,1,영수증,다 특별한 느낌의 맛이에요! 디쉬 3개중에 2개가 깨진그릇에 나온건 조금 더 신경 써주셨으면!,다 특별한 느낌의 맛이에요! 디쉬 3개중에 2개가 깨진그릇에 나온건 조금 더 신경 써주셨으면!,True,event,66,1번째 방문,True,,,1,다 특별한 느낌의 맛이에요 디쉬 3개중에 2개가 깨진그릇에 나온건 조금 더 신경 써주셨으면,52,50,0,0,1,0,0,0,0,0,0,1,0,0,0,0,0,0,2,0,0,0,0,0,0,0,0,1,1,1,0,0,0,0,0,0,0,0,0,0,0
이태리국시,쪼아9351,15,2026.03.25,1,영수증,친구랑 맛집 찾아 왔어요~!! 역시나 맛있네요^^ 순삭하고 갑니다~ 다음에 또 오고싶어요!!👍,친구랑 맛집 찾아 왔어요~!! 역시나 맛있네요^^ 순삭하고 갑니다~ 다음에 또 오고싶어요!!👍,True,event,15,1번째 방문,True,,,1,친구랑 맛집 찾아 왔어요 역시나 맛있네요 순삭하고 갑니다 다음에 또 오고싶어요,52,43,0,0,1,0,0,0,0,1,1,0,0,0,2,1,0,0,4,1,0,0,0,0,0,0,0,1,0,1,0,0,0,0,0,1,0,0,0,0,0
이태리국시,치약2371,19,2026.03.20,1,영수증,엄청 꼬숩고 맛있어요 !! 그리고 가게 분위기가 너무 예뻐서 소개팅 장소로 추천합니다 ❤️❤️,엄청 꼬숩고 맛있어요 !! 그리고 가게 분위기가 너무 예뻐서 소개팅 장소로 추천합니다 ❤️❤️,True,event,19,1번째 방문,True,,,1,엄청 꼬숩고 맛있어요 그리고 가게 분위기가 너무 예뻐서 소개팅 장소로 추천합니다,52,44,0,0,1,0,1,1,0,0,0,0,0,0,2,1,2,0,2,0,0,0,0,0,0,0,0,1,0,1,0,0,0,0,0,1,0,0,0,0,0
이태리국시,네라이젤52,6,2026.05.09,1,영수증,처음 방문했는데 음식이 너무 맛있고 분위기가 좋아요~ 뚝섬역에서 데이트 할경우 추천드립니다~^^,처음 방문했는데 음식이 너무 맛있고 분위기가 좋아요~ 뚝섬역에서 데이트 할경우 추천드립니다~^^,True,event,6,1번째 방문,True,,,1,처음 방문했는데 음식이 너무 맛있고 분위기가 좋아요 뚝섬역에서 데이트 할경우 추천드립니다,53,49,0,0,1,0,1,1,0,1,1,0,0,0,3,1,1,0,0,0,0,0,0,0,0,0,0,0,0,1,0,0,0,0,0,1,0,0,0,0,0
이태리국시,idobg,12,2026.05.03,1,영수증,오랜만에 성수로 데이트 왔는데 날씨와 음식이 너무 조화로워요 백점입니다 즐거운 데이트 하겠습니다,오랜만에 성수로 데이트 왔는데 날씨와 음식이 너무 조화로워요 백점입니다 즐거운 데이트 하겠습니다,True,event,12,1번째 방문,True,,,1,오랜만에 성수로 데이트 왔는데 날씨와 음식이 너무 조화로워요 백점입니다 즐거운 데이트 하겠습니다,53,53,0,0,1,0,0,0,0,2,1,0,0,0,0,0,1,0,0,0,0,0,0,0,0,0,0,1,0,1,0,0,0,0,0,1,0,0,0,0,0
이태리국시,jihyun4583,7,2026.04.27,1,영수증,메뉴도 특별한 것 같고 맛도 좋았습니다!! 분위기도 검정배경에 예뻐요 다음에 또 오고 싶어용👏🏻,메뉴도 특별한 것 같고 맛도 좋았습니다!! 분위기도 검정배경에 예뻐요 다음에 또 오고 싶어용👏🏻,True,event,7,1번째 방문,True,,,1,메뉴도 특별한 것 같고 맛도 좋았습니다 분위기도 검정배경에 예뻐요 다음에 또 오고 싶어용,53,49,0,0,1,0,1,1,0,0,0,0,0,0,0,0,0,0,2,0,0,0,0,0,0,0,0,0,0,1,0,0,0,0,0,1,0,0,0,0,0
이태리국시,한서연82,19,2026.03.18,1,영수증,이런곳 처늠와보는데 진짜 맛잇네요 음식도 특별하고 매장도 깔끔해서ㅓㅅ맛잇엇용 짱짱 담에 또올게연,이런곳 처늠와보는데 진짜 맛잇네요 음식도 특별하고 매장도 깔끔해서ㅓㅅ맛잇엇용 짱짱 담에 또올게연,True,event,19,1번째 방문,True,,,1,이런곳 처늠와보는데 진짜 맛잇네요 음식도 특별하고 매장도 깔끔해서 맛잇엇용 짱짱 담에 또올게연,53,52,0,0,1,0,1,1,0,0,0,0,0,0,0,0,3,1,0,0,0,0,0,0,0,0,0,1,0,1,0,0,0,0,0,1,0,0,0,0,0
이태리국시,BooJH,14,2026.04.26,1,영수증,오랜만에 파스타집이라 기대했는데 기대이상!!대창도 크고 국물도 맛나고 좋아요!담에또 방문할래여:),오랜만에 파스타집이라 기대했는데 기대이상!!대창도 크고 국물도 맛나고 좋아요!담에또 방문할래여:),True,event,14,1번째 방문,True,,,1,오랜만에 파스타집이라 기대했는데 기대이상 대창도 크고 국물도 맛나고 좋아요 담에또 방문할래여,54,51,0,0,1,0,0,0,0,0,0,0,0,0,1,1,0,0,3,1,0,0,0,1,1,0,0,1,0,1,0,0,0,1,1,0,0,0,0,0,0
이태리국시,Almond001,39,2026.04.19,1,영수증,운좋게 웨이팅 없이 들어와서 맛있게 먹었습니다 대창도 하나도 안느끼하고 빠에야도 이국적인 맛이에요,운좋게 웨이팅 없이 들어와서 맛있게 먹었습니다 대창도 하나도 안느끼하고 빠에야도 이국적인 맛이에요,True,event,39,1번째 방문,True,,,1,운좋게 웨이팅 없이 들어와서 맛있게 먹었습니다 대창도 하나도 안느끼하고 빠에야도 이국적인 맛이에요,54,54,0,0,1,0,1,1,0,0,0,0,0,0,1,1,0,0,0,0,0,0,1,0,0,0,0,1,0,1,0,0,0,0,0,1,0,0,0,0,0
이태리국시,정삥빤,33,2026.04.16,1,영수증,언니 추천으로 오게 된 식당입니다. 평일 점심이라 사람도 없어서 쾌적하게 식사 맛있게 했습니다.🥸,언니 추천으로 오게 된 식당입니다. 평일 점심이라 사람도 없어서 쾌적하게 식사 맛있게 했습니다.🥸,True,event,33,1번째 방문,True,,,1,언니 추천으로 오게 된 식당입니다 평일 점심이라 사람도 없어서 쾌적하게 식사 맛있게 했습니다,54,51,0,0,1,0,0,0,0,2,1,0,0,0,2,1,0,0,0,0,0,0,0,0,0,0,0,1,0,1,0,0,0,0,0,1,0,0,0,0,0
이태리국시,니바구니,17,2026.04.13,1,영수증,가게 인테리어도 예쁘규 음식도 맛있습니당! 직원 분들도 친절하시네용 👏🫶 나중에 또 오겠습니다~!,가게 인테리어도 예쁘규 음식도 맛있습니당! 직원 분들도 친절하시네용 👏🫶 나중에 또 오겠습니다~!,True,event,17,1번째 방문,True,,,1,가게 인테리어도 예쁘규 음식도 맛있습니당 직원 분들도 친절하시네용 나중에 또 오겠습니다,54,48,0,0,1,0,2,1,1,0,0,0,0,0,1,1,0,0,2,0,0,0,0,0,0,0,0,1,0,1,0,0,0,0,0,1,0,0,0,0,0
이태리국시,오이지98,18,2026.04.12,1,영수증,우연히 사진에 이끌려 들어왔는데 너무 너무 맛있었던 곳🥹😍 다음엔 남자친구랑 같이 방문할래용!!😙,우연히 사진에 이끌려 들어왔는데 너무 너무 맛있었던 곳🥹😍 다음엔 남자친구랑 같이 방문할래용!!😙,True,event,18,1번째 방문,True,,,1,우연히 사진에 이끌려 들어왔는데 너무 너무 맛있었던 곳 다음엔 남자친구랑 같이 방문할래용,54,49,0,0,1,0,0,0,0,1,1,0,0,0,1,1,2,0,2,0,0,0,0,0,0,0,0,1,0,1,0,0,0,0,0,1,0,0,0,0,0
이태리국시,Hihihi000,19,2026.03.25,1,영수증,분위기도 좋고 새로운 맛이라 좋아요 데이트하기 좋은 맛집입니다 다들 성수오면 와보시길 추천드려요💕,분위기도 좋고 새로운 맛이라 좋아요 데이트하기 좋은 맛집입니다 다들 성수오면 와보시길 추천드려요💕,True,event,19,1번째 방문,True,,,1,분위기도 좋고 새로운 맛이라 좋아요 데이트하기 좋은 맛집입니다 다들 성수오면 와보시길 추천드려요,54,53,0,0,1,0,1,1,0,1,1,0,0,0,3,1,0,0,0,0,0,0,1,0,0,0,0,1,0,1,0,0,0,0,0,1,0,0,0,0,0
이태리국시,Seoyeonjoy,30,2026.03.15,1,영수증,서울 놀러와서 친구랑 먹는 저녁이였는데 너무 맛있었어요ㅠㅠㅠㅠㅠㅠ 하나도 안남기고 다 먹었습니다!,서울 놀러와서 친구랑 먹는 저녁이였는데 너무 맛있었어요ㅠㅠㅠㅠㅠㅠ 하나도 안남기고 다 먹었습니다!,True,event,30,1번째 방문,True,,,1,서울 놀러와서 친구랑 먹는 저녁이였는데 너무 맛있었어요 하나도 안남기고 다 먹었습니다,54,47,0,0,1,0,0,0,0,2,1,0,0,0,1,1,1,0,1,0,0,0,0,0,0,0,0,1,0,1,0,0,0,0,0,1,0,0,0,0,0
이태리국시,반짝반짝7,15,2026.05.03,1,영수증,식전 샐러드 괜찮네요. 가격대비 양이 너무 적어요. 피클도 안나옴. 가격이 사악해서 빵 먹으러 감.,식전 샐러드 괜찮네요. 가격대비 양이 너무 적어요. 피클도 안나옴. 가격이 사악해서 빵 먹으러 감.,True,event,15,1번째 방문,True,,,1,식전 샐러드 괜찮네요 가격대비 양이 너무 적어요 피클도 안나옴 가격이 사악해서 빵 먹으러 감,55,51,0,0,1,0,2,1,1,0,0,0,0,0,0,0,1,0,0,0,0,0,0,0,0,0,0,1,0,1,0,0,0,0,0,1,0,0,0,0,0
이태리국시,qnd****,15,2026.05.02,1,영수증,너무너므 맛있게 먹었어요. 특히 피자가 너무 맛있었어요~ 아이도 좋아했습니다^^ 또 방문할게요~~~,너무너므 맛있게 먹었어요. 특히 피자가 너무 맛있었어요~ 아이도 좋아했습니다^^ 또 방문할게요~~~,True,event,15,1번째 방문,True,,,1,너무너므 맛있게 먹었어요 특히 피자가 너무 맛있었어요 아이도 좋아했습니다 또 방문할게요,55,48,0,0,1,0,0,0,0,0,0,0,0,0,2,1,2,0,0,0,0,0,0,1,1,0,0,1,0,1,0,0,0,1,1,0,0,0,0,0,0
이태리국시,ab9254,39,2026.04.29,1,영수증,이태리 국시 성수점 음식 .굿 분위기도 굿~~ 메인 곱창파스타도 너무 맛있네요👍👍👍 자주이용할께요~,이태리 국시 성수점 음식 .굿 분위기도 굿~~ 메인 곱창파스타도 너무 맛있네요👍👍👍 자주이용할께요~,True,event,39,1번째 방문,True,,,1,이태리 국시 성수점 음식 굿 분위기도 굿 메인 곱창파스타도 너무 맛있네요 자주이용할께요,55,48,0,0,1,0,1,1,0,0,0,0,0,0,1,1,1,0,0,0,0,0,0,0,0,0,0,1,0,1,0,0,0,0,0,1,0,0,0,0,0
이태리국시,이가영8615,37,2026.04.29,1,영수증,양 많고 맛있습니다. 식사분위기도 좋고 식당이 깔끔합니다. 데이트 하기 굿굿! 재방문의사 있습니다.,양 많고 맛있습니다. 식사분위기도 좋고 식당이 깔끔합니다. 데이트 하기 굿굿! 재방문의사 있습니다.,True,event,37,1번째 방문,True,,,1,양 많고 맛있습니다 식사분위기도 좋고 식당이 깔끔합니다 데이트 하기 굿굿 재방문의사 있습니다,55,51,0,0,1,0,1,1,0,1,1,0,0,0,1,1,0,0,1,0,0,0,0,1,1,0,0,1,0,1,0,0,0,0,0,1,0,0,0,0,0
이태리국시,허쌈빠,14,2026.04.25,1,영수증,"메뉴 간 조합이 굉장히 좋아요!! 재료도 신선하고, 맛의 밸런스도 좋아요!! 맛있게 잘 먹었습니다!","메뉴 간 조합이 굉장히 좋아요!! 재료도 신선하고, 맛의 밸런스도 좋아요!! 맛있게 잘 먹었습니다!",True,event,14,1번째 방문,True,,,1,메뉴 간 조합이 굉장히 좋아요 재료도 신선하고 맛의 밸런스도 좋아요 맛있게 잘 먹었습니다,55,49,0,0,1,0,0,0,0,0,0,0,0,0,3,1,0,0,5,1,0,0,0,0,0,0,0,1,0,1,0,0,0,1,1,0,0,0,0,0,0
이태리국시,GaLaTECH,3,2026.04.24,1,영수증,어디서도 먹을 수 없는 특별한 재료 구성인데 맛은 압도적입니다.. 대창파스타랑 뇨끼 조합 강추 !!,어디서도 먹을 수 없는 특별한 재료 구성인데 맛은 압도적입니다.. 대창파스타랑 뇨끼 조합 강추 !!,True,event,3,1번째 방문,True,,,1,어디서도 먹을 수 없는 특별한 재료 구성인데 맛은 압도적입니다 대창파스타랑 뇨끼 조합 강추,55,50,0,0,1,0,0,0,0,0,0,0,0,0,1,1,0,0,2,0,0,0,0,0,0,0,1,0,0,1,0,0,0,1,1,0,0,0,0,0,0
이태리국시,fog****,16,2026.04.07,2,영수증,"특별한 메뉴에 특별한 맛까지!! 가게 분위기도 넘넘 좋아서, 기분 좋게 맛있게 잘 먹고 갑니다ㅎㅎㅎ","특별한 메뉴에 특별한 맛까지!! 가게 분위기도 넘넘 좋아서, 기분 좋게 맛있게 잘 먹고 갑니다ㅎㅎㅎ",True,event,16,2번째 방문,True,,,1,특별한 메뉴에 특별한 맛까지 가게 분위기도 넘넘 좋아서 기분 좋게 맛있게 잘 먹고 갑니다,55,49,0,0,1,0,1,1,0,0,0,0,0,0,3,1,0,0,2,0,0,0,0,0,0,0,0,1,0,0,1,0,0,0,0,1,0,0,0,0,0
이태리국시,yc8567,15,2026.04.04,1,영수증,이태리국시 두번째 방문인데 새로운 메뉴 도전해두 다 맛있어요! 파스타 바질이 많이 들어있어서 좋아요,이태리국시 두번째 방문인데 새로운 메뉴 도전해두 다 맛있어요! 파스타 바질이 많이 들어있어서 좋아요,True,event,15,1번째 방문,True,,,1,이태리국시 두번째 방문인데 새로운 메뉴 도전해두 다 맛있어요 파스타 바질이 많이 들어있어서 좋아요,55,54,0,0,1,0,0,0,0,0,0,0,0,0,2,1,0,0,1,0,0,0,0,0,0,0,0,1,0,1,0,0,0,1,1,0,0,0,0,0,0
이태리국시,포뇨2024,78,2026.03.11,1,영수증,성수 유명 맛집이라고 해서 왔는데 맛있고 분위기도 좋아서 데이트하기도 좋을 것 같아요! 완전 추천🫶,성수 유명 맛집이라고 해서 왔는데 맛있고 분위기도 좋아서 데이트하기도 좋을 것 같아요! 완전 추천🫶,True,event,78,1번째 방문,True,,,1,성수 유명 맛집이라고 해서 왔는데 맛있고 분위기도 좋아서 데이트하기도 좋을 것 같아요 완전 추천,55,53,0,0,1,0,1,1,0,1,1,0,0,0,3,1,1,0,1,0,0,0,0,0,0,0,0,1,1,1,0,0,0,0,0,1,0,0,0,0,0
이태리국시,siy****,29,2026.03.09,1,영수증,음식도 특이하고 너무 맛있어요! 특히 피자가 너무 맛있습니다 :)매장도 깔끔하고 재방문의사있습니다!,음식도 특이하고 너무 맛있어요! 특히 피자가 너무 맛있습니다 :)매장도 깔끔하고 재방문의사있습니다!,True,event,29,1번째 방문,True,,,1,음식도 특이하고 너무 맛있어요 특히 피자가 너무 맛있습니다 매장도 깔끔하고 재방문의사있습니다,55,51,0,0,1,0,1,1,0,0,0,0,0,0,2,1,2,0,2,0,0,0,0,1,1,0,0,1,0,1,0,0,0,0,0,1,0,0,0,0,0
이태리국시,ttm****,6,2026.05.04,1,영수증,고기가 부드럽고 맛있고 파스타도 안느끼하고 잘먹었습니다. 피자는 또띠아 느낌나서 막있게 잘먹었습니다.,고기가 부드럽고 맛있고 파스타도 안느끼하고 잘먹었습니다. 피자는 또띠아 느낌나서 막있게 잘먹었습니다.,True,event,6,1번째 방문,True,,,1,고기가 부드럽고 맛있고 파스타도 안느끼하고 잘먹었습니다 피자는 또띠아 느낌나서 막있게 잘먹었습니다,56,54,0,0,1,0,0,0,0,0,0,0,0,0,1,1,0,0,0,0,0,0,1,0,0,0,0,0,0,1,0,0,0,1,1,0,0,0,0,0,0
이태리국시,ch****,21,2026.04.28,1,영수증,한식 양식 퓨전느낌인데 너무 맛잇어요 분위기도 좋아서 친구들이랑 좋은 시간 보내고 갑니다! 또올게요!,한식 양식 퓨전느낌인데 너무 맛잇어요 분위기도 좋아서 친구들이랑 좋은 시간 보내고 갑니다! 또올게요!,True,event,21,1번째 방문,True,,,1,한식 양식 퓨전느낌인데 너무 맛잇어요 분위기도 좋아서 친구들이랑 좋은 시간 보내고 갑니다 또올게요,56,54,0,0,1,0,1,1,0,1,1,0,0,0,0,0,1,0,2,0,0,0,0,1,1,0,0,1,0,1,0,0,0,0,0,1,0,0,0,0,0
이태리국시,tea****,50,2026.04.20,1,영수증,메뉴 독특하고 너무 맛있어요. 한식과 양식의 퓨전이라니 ! 담번에도 성수동 오면 꼭 방문할것같아요!!,메뉴 독특하고 너무 맛있어요. 한식과 양식의 퓨전이라니 ! 담번에도 성수동 오면 꼭 방문할것같아요!!,True,event,50,1번째 방문,True,,,1,메뉴 독특하고 너무 맛있어요 한식과 양식의 퓨전이라니 담번에도 성수동 오면 꼭 방문할것같아요,56,51,0,0,1,0,0,0,0,0,0,0,0,0,1,1,1,0,3,1,0,0,0,0,0,0,0,1,1,1,0,0,0,1,1,0,0,0,0,0,0
이태리국시,초악마51,22,2026.04.19,1,영수증,음식 양이 좀 적어요 ㅋㅋ 아이들과 즐기기에도 가족과 즐기기에도 적합해요 ~ 음식은 다 맛잇네요 !!,음식 양이 좀 적어요 ㅋㅋ 아이들과 즐기기에도 가족과 즐기기에도 적합해요 ~ 음식은 다 맛잇네요 !!,True,event,22,1번째 방문,True,,,1,음식 양이 좀 적어요 아이들과 즐기기에도 가족과 즐기기에도 적합해요 음식은 다 맛잇네요,56,48,0,0,1,0,0,0,0,1,1,0,0,0,0,0,0,0,2,0,0,0,0,0,0,0,0,1,0,1,0,0,0,0,0,1,0,0,0,0,0
이태리국시,yso****,5,2026.04.17,1,영수증,성수점 방문해서 2종류 메뉴 먹었습니다! 특히 반계리조또가 맛있네요 둘다 못먹어본 맛이라 잘먹고가요~,성수점 방문해서 2종류 메뉴 먹었습니다! 특히 반계리조또가 맛있네요 둘다 못먹어본 맛이라 잘먹고가요~,True,event,5,1번째 방문,True,,,1,성수점 방문해서 2종류 메뉴 먹었습니다 특히 반계리조또가 맛있네요 둘다 못먹어본 맛이라 잘먹고가요,56,54,0,0,1,0,0,0,0,0,0,1,0,0,1,1,0,0,1,0,0,0,0,0,0,0,1,0,0,1,0,0,0,1,1,0,0,0,0,0,0
이태리국시,아에이오우1152,102,2026.04.12,1,영수증,신선한 조합인데 너무 맛있고 분위기도 좋아서 데이트 장소로 딱이에여 성수 올때마다 자주 올것같아여ㅎㅎ,신선한 조합인데 너무 맛있고 분위기도 좋아서 데이트 장소로 딱이에여 성수 올때마다 자주 올것같아여ㅎㅎ,True,event,102,1번째 방문,True,,,1,신선한 조합인데 너무 맛있고 분위기도 좋아서 데이트 장소로 딱이에여 성수 올때마다 자주 올것같아여,56,54,0,0,1,0,1,1,0,1,1,0,0,0,1,1,1,0,0,0,0,0,0,0,0,0,0,1,1,1,0,0,0,0,0,1,0,0,0,0,0
이태리국시,바란34,38,2026.03.15,1,영수증,해외에 오래 살다 온 동생이랑 왔어요 한식 퓨전 양식이라 한국적이면서도 특이한 메뉴가 많아 좋았습니다,해외에 오래 살다 온 동생이랑 왔어요 한식 퓨전 양식이라 한국적이면서도 특이한 메뉴가 많아 좋았습니다,True,event,38,1번째 방문,True,,,1,해외에 오래 살다 온 동생이랑 왔어요 한식 퓨전 양식이라 한국적이면서도 특이한 메뉴가 많아 좋았습니다,56,56,0,0,1,0,0,0,0,0,0,0,0,0,0,0,0,0,0,0,0,0,0,0,0,0,0,1,0,1,0,0,0,0,0,0,0,0,0,0,0
이태리국시,민아2496,59,2026.03.11,1,영수증,맛있어요. 일단 눈이 먼저 먹게되는 정갈함과 고급스러움이네요 맛도 좋아요 분위기내고플때 방문좋을듯해요,맛있어요. 일단 눈이 먼저 먹게되는 정갈함과 고급스러움이네요 맛도 좋아요 분위기내고플때 방문좋을듯해요,True,event,59,1번째 방문,True,,,1,맛있어요 일단 눈이 먼저 먹게되는 정갈함과 고급스러움이네요 맛도 좋아요 분위기내고플때 방문좋을듯해요,56,55,0,0,1,0,1,1,0,0,0,0,0,0,2,1,0,0,0,0,0,0,0,0,0,0,0,1,1,1,0,0,0,0,0,1,0,0,0,0,0
이태리국시,해피트리42,24,2026.05.04,1,영수증,서울숲나들이 왔다가 검색해보고왔어요 퓨전스타일파스타라 재미있네요 바지락아낌없이 듬뿍 잘 먹었습니다~^^,서울숲나들이 왔다가 검색해보고왔어요 퓨전스타일파스타라 재미있네요 바지락아낌없이 듬뿍 잘 먹었습니다~^^,True,event,24,1번째 방문,True,,,1,서울숲나들이 왔다가 검색해보고왔어요 퓨전스타일파스타라 재미있네요 바지락아낌없이 듬뿍 잘 먹었습니다,57,54,0,0,1,0,0,0,0,0,0,0,0,0,0,0,0,0,0,0,0,0,0,0,0,0,0,1,0,1,0,0,0,0,0,0,0,0,0,0,0
이태리국시,나174,12,2026.05.03,1,영수증,전반적으로 맛있고 분위기도 좋아서 조용한 곳 원하시는 분들은 좋을것같아요! 음식도 빨리 나오는 편입니당,전반적으로 맛있고 분위기도 좋아서 조용한 곳 원하시는 분들은 좋을것같아요! 음식도 빨리 나오는 편입니당,True,event,12,1번째 방문,True,,,1,전반적으로 맛있고 분위기도 좋아서 조용한 곳 원하시는 분들은 좋을것같아요 음식도 빨리 나오는 편입니당,57,56,0,0,1,0,1,1,0,0,0,0,0,0,1,1,0,0,1,0,0,0,0,0,0,0,0,1,0,1,0,0,0,0,0,1,0,0,0,0,0
이태리국시,sw2998,207,2026.04.30,1,영수증,처음 먹어보는 메뉴가 너무 많아요♡ 다 맛있고 특히 리조또와 대창 메뉴는 꼭 드셔보세요! 성수맛집 인정,처음 먹어보는 메뉴가 너무 많아요♡ 다 맛있고 특히 리조또와 대창 메뉴는 꼭 드셔보세요! 성수맛집 인정,True,event,207,1번째 방문,True,,,1,처음 먹어보는 메뉴가 너무 많아요 다 맛있고 특히 리조또와 대창 메뉴는 꼭 드셔보세요 성수맛집 인정,57,55,0,0,1,0,0,0,0,0,0,0,0,0,2,1,1,0,1,0,0,0,0,0,0,0,0,1,1,1,0,0,0,1,1,0,0,0,0,0,0
이태리국시,won****,10,2026.04.25,1,영수증,인테리어 잘 되어있고 흔하지 않은 메뉴라서 맛있게 먹었습니다~ 음식도 빨리나오고 직원분들도 친절 하세요,인테리어 잘 되어있고 흔하지 않은 메뉴라서 맛있게 먹었습니다~ 음식도 빨리나오고 직원분들도 친절 하세요,True,event,10,1번째 방문,True,,,1,인테리어 잘 되어있고 흔하지 않은 메뉴라서 맛있게 먹었습니다 음식도 빨리나오고 직원분들도 친절 하세요,57,56,0,0,1,0,2,1,1,0,0,0,0,0,1,1,0,0,0,0,0,0,0,0,0,0,0,1,0,1,0,0,0,0,0,1,0,0,0,0,0
이태리국시,vnd****,11,2026.04.25,1,영수증,분위기 좋고 맛나여 ㅜㅠㅠ 주말 오점에는 웨이팅 없이 널널해서 바로 입장 가능할 듯 재방문 할 것 같움,분위기 좋고 맛나여 ㅜㅠㅠ 주말 오점에는 웨이팅 없이 널널해서 바로 입장 가능할 듯 재방문 할 것 같움,True,event,11,1번째 방문,True,,,1,분위기 좋고 맛나여 주말 오점에는 웨이팅 없이 널널해서 바로 입장 가능할 듯 재방문 할 것 같움,57,53,0,0,1,0,2,1,1,1,1,0,0,0,0,0,0,0,0,0,0,0,0,1,1,0,0,1,0,1,0,0,0,0,0,1,0,0,0,0,0
이태리국시,재래키,24,2026.04.22,1,영수증,부산에서 이거먹으려고 성수왔어요 ^^ !! 곱창파스타 오시면 꼭 드십시오 🐷🐷🐷 진짜 마슀습니다 ;;;,부산에서 이거먹으려고 성수왔어요 ^^ !! 곱창파스타 오시면 꼭 드십시오 🐷🐷🐷 진짜 마슀습니다 ;;;,True,event,24,1번째 방문,True,,,1,부산에서 이거먹으려고 성수왔어요 곱창파스타 오시면 꼭 드십시오 진짜 마슀습니다,57,43,0,0,1,0,0,0,0,0,0,0,0,0,0,0,1,0,2,0,0,0,0,0,0,0,0,1,0,1,0,0,0,0,0,0,0,0,0,0,0
이태리국시,자토50,22,2026.04.18,1,영수증,완즈니 맛있어용~! 샐러드가 진짜 맛있네요 ㅎㅎ 양이 생각보다 많진 않아서 둘이 세개 시켜 먹었습니닷👍,완즈니 맛있어용~! 샐러드가 진짜 맛있네요 ㅎㅎ 양이 생각보다 많진 않아서 둘이 세개 시켜 먹었습니닷👍,True,event,22,1번째 방문,True,,,1,완즈니 맛있어용 샐러드가 진짜 맛있네요 양이 생각보다 많진 않아서 둘이 세개 시켜 먹었습니닷,57,51,0,0,1,0,0,0,0,0,0,0,0,0,2,1,1,0,1,0,0,0,1,0,0,0,0,1,0,1,0,0,0,1,1,0,0,0,0,0,0
이태리국시,nay****,32,2026.04.04,1,영수증,"처음 와보는 곳인데, 맛있게 잘 먹고 갑니다! 양배추 샐러드 너무 맛있어요 😊😊 다음에 또 올게요 :)","처음 와보는 곳인데, 맛있게 잘 먹고 갑니다! 양배추 샐러드 너무 맛있어요 😊😊 다음에 또 올게요 :)",True,event,32,1번째 방문,True,,,1,처음 와보는 곳인데 맛있게 잘 먹고 갑니다 양배추 샐러드 너무 맛있어요 다음에 또 올게요,57,49,0,0,1,0,0,0,0,0,0,0,0,0,2,1,1,0,1,0,0,0,0,1,1,0,0,1,0,1,0,0,0,1,1,0,0,0,0,0,0
이태리국시,Hani11,29,2026.03.21,1,영수증,너무 맛있어용 ㅎㅎ 분위기도좋고 ! 모임도 좋고 소개팅도 좋을것같아요 일단 맛이 미친놈입네다!!!!!🤍,너무 맛있어용 ㅎㅎ 분위기도좋고 ! 모임도 좋고 소개팅도 좋을것같아요 일단 맛이 미친놈입네다!!!!!🤍,True,event,29,1번째 방문,True,,,1,너무 맛있어용 분위기도좋고 모임도 좋고 소개팅도 좋을것같아요 일단 맛이 미친놈입네다,57,46,0,0,1,0,1,1,0,0,0,0,0,0,1,1,1,0,6,1,0,0,0,0,0,0,0,1,0,1,0,0,0,0,0,1,0,0,0,0,0
이태리국시,현태연,44,2026.03.05,1,영수증,접하기 어려운 메뉴도 많고 매장 분위기도 좋아사 데이트 하기 좋을 것 같아요~ 맛있게 잘 먹었습니다:),접하기 어려운 메뉴도 많고 매장 분위기도 좋아사 데이트 하기 좋을 것 같아요~ 맛있게 잘 먹었습니다:),True,event,44,1번째 방문,True,,,1,접하기 어려운 메뉴도 많고 매장 분위기도 좋아사 데이트 하기 좋을 것 같아요 맛있게 잘 먹었습니다,57,54,0,0,1,0,2,1,1,1,1,0,0,0,1,1,0,0,0,0,0,0,0,0,0,0,0,1,0,1,0,0,0,0,0,1,0,0,0,0,0
이태리국시,융퍼플,11,2026.05.04,1,영수증,"파스타는 먹고 싶은데 느끼한 건 싫고, 적당히 격식 있으면서도 편안한 성수동 맛집을 찾는다면 정답인 곳!","파스타는 먹고 싶은데 느끼한 건 싫고, 적당히 격식 있으면서도 편안한 성수동 맛집을 찾는다면 정답인 곳!",True,event,11,1번째 방문,True,,,1,파스타는 먹고 싶은데 느끼한 건 싫고 적당히 격식 있으면서도 편안한 성수동 맛집을 찾는다면 정답인 곳,58,56,0,0,1,0,0,0,0,0,0,0,0,0,1,1,0,0,1,0,0,0,0,0,0,0,0,1,0,1,0,0,0,1,1,0,0,0,0,0,0
이태리국시,khy****,19,2026.05.03,1,영수증,역시 유명한 맛집은 다르군요!!! 아주 그냥 기가 맥힙니다 맥혀 꼭 한 번 들러서 먹어보십쇼 완전 강 추,역시 유명한 맛집은 다르군요!!! 아주 그냥 기가 맥힙니다 맥혀 꼭 한 번 들러서 먹어보십쇼 완전 강 추,True,event,19,1번째 방문,True,,,1,역시 유명한 맛집은 다르군요 아주 그냥 기가 맥힙니다 맥혀 꼭 한 번 들러서 먹어보십쇼 완전 강 추,58,55,0,0,1,0,0,0,0,0,0,0,0,0,1,1,1,0,3,1,0,0,0,0,0,0,0,1,0,1,0,0,0,1,1,0,0,0,0,0,0
이태리국시,rla****,13,2026.03.26,1,영수증,인스타 보고 맛있어 보여서 찾아왔는데 분위기도 좋지만 음식 맛도 너무 좋아서 좋네요 다음에 또 오겠습니당,인스타 보고 맛있어 보여서 찾아왔는데 분위기도 좋지만 음식 맛도 너무 좋아서 좋네요 다음에 또 오겠습니당,True,event,13,1번째 방문,True,,,1,인스타 보고 맛있어 보여서 찾아왔는데 분위기도 좋지만 음식 맛도 너무 좋아서 좋네요 다음에 또 오겠습니당,58,58,0,0,1,0,1,1,0,0,0,0,0,0,1,1,1,0,0,0,1,1,0,0,0,0,0,1,0,1,0,0,0,0,0,1,0,0,0,1,0
이태리국시,rlayvv,28,2026.05.05,1,영수증,전부터 오고싶었던 곳인데 친구랑 방문했어요! 너무 맛있고 분위기도 좋습니다~~ 성수 추천 맛집!!! !!!,전부터 오고싶었던 곳인데 친구랑 방문했어요! 너무 맛있고 분위기도 좋습니다~~ 성수 추천 맛집!!! !!!,True,event,28,1번째 방문,True,,,1,전부터 오고싶었던 곳인데 친구랑 방문했어요 너무 맛있고 분위기도 좋습니다 성수 추천 맛집,59,49,0,0,1,0,1,1,0,1,1,0,0,0,3,1,1,0,7,1,0,0,0,0,0,0,0,1,0,1,0,0,0,0,0,1,0,0,0,0,0
이태리국시,jjinniiv,790,2026.04.30,1,영수증,궁금한 음식들이 있어 방문했는데 음식 맛있게 먹고 갑니다. 대창파스타에 대창이 킥! 인테리어도 멋있었어요.,궁금한 음식들이 있어 방문했는데 음식 맛있게 먹고 갑니다. 대창파스타에 대창이 킥! 인테리어도 멋있었어요.,True,event,790,1번째 방문,True,,,1,궁금한 음식들이 있어 방문했는데 음식 맛있게 먹고 갑니다 대창파스타에 대창이 킥 인테리어도 멋있었어요,59,56,0,0,1,0,0,0,0,0,0,0,0,0,1,1,0,0,1,0,0,0,0,0,0,0,0,1,1,1,0,0,0,1,1,0,0,0,0,0,0
이태리국시,27su,16,2026.04.29,1,영수증,완전 야르ㅜㅠㅠㅠ ㄹㅇ 개마싯서요 매장 분위기도 조와ㅠㅠㅠ 데이트하러 오세요... 저는 칭긔들이랑 왓걸랑요,완전 야르ㅜㅠㅠㅠ ㄹㅇ 개마싯서요 매장 분위기도 조와ㅠㅠㅠ 데이트하러 오세요... 저는 칭긔들이랑 왓걸랑요,True,event,16,1번째 방문,True,,,1,완전 야르 개마싯서요 매장 분위기도 조와 데이트하러 오세요 저는 칭긔들이랑 왓걸랑요,59,46,0,0,1,0,2,1,1,1,1,0,0,0,0,0,1,0,0,0,0,0,0,0,0,0,0,1,0,1,0,0,0,0,0,1,0,0,0,0,0
이태리국시,얍얍,14,2026.04.28,1,영수증,대창파스타라니 세상 너무 맛있구요 대창도 먹고싶고 파스타도 먹고싶을때 옵니다!! 맛있어서 또 방문하고싶네요,대창파스타라니 세상 너무 맛있구요 대창도 먹고싶고 파스타도 먹고싶을때 옵니다!! 맛있어서 또 방문하고싶네요,True,event,14,1번째 방문,True,,,1,대창파스타라니 세상 너무 맛있구요 대창도 먹고싶고 파스타도 먹고싶을때 옵니다 맛있어서 또 방문하고싶네요,59,57,0,0,1,0,0,0,0,0,0,0,0,0,2,1,1,0,2,0,0,0,0,1,1,0,0,1,0,1,0,0,0,1,1,0,0,0,0,0,0
이태리국시,ghd****,7,2026.04.19,1,영수증,음식이 너무 맛있고 분위기도 너무 좋은것 같아요 데이트 장소로 딱인 식당인 것 같고 재방문의사가 있습니다😃,음식이 너무 맛있고 분위기도 너무 좋은것 같아요 데이트 장소로 딱인 식당인 것 같고 재방문의사가 있습니다😃,True,event,7,1번째 방문,True,,,1,음식이 너무 맛있고 분위기도 너무 좋은것 같아요 데이트 장소로 딱인 식당인 것 같고 재방문의사가 있습니다,59,58,0,0,1,0,1,1,0,1,1,0,0,0,1,1,2,0,0,0,0,0,0,1,1,0,0,0,0,1,0,0,0,0,0,1,0,0,0,0,0
이태리국시,쁘리띠꼉,51,2026.03.17,2,영수증,신기한 메뉴가 있어서 처음 도전해 보았는데 너무 맛있어요~~~ 바지락 찜 파스타는 언제나 맛있습니다. ^^,신기한 메뉴가 있어서 처음 도전해 보았는데 너무 맛있어요~~~ 바지락 찜 파스타는 언제나 맛있습니다. ^^,True,event,51,2번째 방문,True,,,1,신기한 메뉴가 있어서 처음 도전해 보았는데 너무 맛있어요 바지락 찜 파스타는 언제나 맛있습니다,59,52,0,0,1,0,0,0,0,0,0,0,0,0,2,1,1,0,0,0,0,0,0,0,0,0,0,1,1,0,1,0,0,1,1,0,0,0,0,0,0
이태리국시,olb****,35,2026.05.09,1,영수증,대창파스타 이거 진짜 미쳤어요… (P) 진짜 갸맛있음 꼭 드세요 그리고 트러플 들오간 메뉴 향이 진짜 좋아요,대창파스타 이거 진짜 미쳤어요… (P) 진짜 갸맛있음 꼭 드세요 그리고 트러플 들오간 메뉴 향이 진짜 좋아요,True,event,35,1번째 방문,True,,,1,대창파스타 이거 진짜 미쳤어요 P 진짜 갸맛있음 꼭 드세요 그리고 트러플 들오간 메뉴 향이 진짜 좋아요,60,57,0,0,1,1,0,0,0,0,0,0,0,0,2,1,3,1,0,0,0,0,1,0,0,0,0,1,0,1,0,0,0,1,1,0,0,0,0,0,0
이태리국시,룰루룬랄라,15,2026.05.08,1,영수증,처음와봤는데 너무 맛있고 메뉴가 새로워서 좋아요! 메뉴 3개 다 실패 없는 맛이예요! 다음에 또 오고싶어요!,처음와봤는데 너무 맛있고 메뉴가 새로워서 좋아요! 메뉴 3개 다 실패 없는 맛이예요! 다음에 또 오고싶어요!,True,event,15,1번째 방문,True,,,1,처음와봤는데 너무 맛있고 메뉴가 새로워서 좋아요 메뉴 3개 다 실패 없는 맛이예요 다음에 또 오고싶어요,60,57,0,0,1,1,0,0,0,0,0,1,0,0,2,1,1,0,3,1,0,0,0,0,0,0,0,1,0,1,0,0,0,1,1,0,0,0,0,0,0
이태리국시,dhddid29,36,2026.05.05,1,영수증,돌솥메뉴는 다 맛있는 거 같아요!! 성수오면 다음에 꼭 다시 오고 싶어요!ㅠ 잘 먹었습니다 ♥ ෆ⃛ ♡ᩚ ღ,돌솥메뉴는 다 맛있는 거 같아요!! 성수오면 다음에 꼭 다시 오고 싶어요!ㅠ 잘 먹었습니다 ♥ ෆ⃛ ♡ᩚ ღ,True,event,36,1번째 방문,True,,,1,돌솥메뉴는 다 맛있는 거 같아요 성수오면 다음에 꼭 다시 오고 싶어요 잘 먹었습니다,60,46,0,0,1,1,0,0,0,0,0,0,0,0,1,1,0,0,3,1,0,0,0,0,0,0,0,1,0,1,0,0,0,1,1,0,0,0,0,0,0
이태리국시,Ryoonn,33,2026.05.05,1,영수증,"너무 맛있어보여서 예약 후 첫 방문한 매장이에요~ 양식인데 느끼하지 않고, 양도 많아서 맛있게 먹었습니다!!","너무 맛있어보여서 예약 후 첫 방문한 매장이에요~ 양식인데 느끼하지 않고, 양도 많아서 맛있게 먹었습니다!!",True,event,33,1번째 방문,True,,,1,너무 맛있어보여서 예약 후 첫 방문한 매장이에요 양식인데 느끼하지 않고 양도 많아서 맛있게 먹었습니다,60,56,0,0,1,1,1,1,0,0,0,0,0,0,2,1,1,0,2,0,0,0,1,0,0,0,0,1,0,1,0,0,0,0,0,1,1,0,0,0,0
이태리국시,my1stlover,20,2026.04.29,1,영수증,곱창파스타랑 갑오징어빠에야 먹었는데 넘 맛있고 분위기도 좋았어요 ㅎ.ㅎ 특히 빠에야가 진짜 맛있습니다....,곱창파스타랑 갑오징어빠에야 먹었는데 넘 맛있고 분위기도 좋았어요 ㅎ.ㅎ 특히 빠에야가 진짜 맛있습니다....,True,event,20,1번째 방문,True,,,1,곱창파스타랑 갑오징어빠에야 먹었는데 넘 맛있고 분위기도 좋았어요 특히 빠에야가 진짜 맛있습니다,60,52,0,0,1,1,1,1,0,0,0,0,0,0,3,1,1,0,0,0,0,0,1,0,0,0,0,1,0,1,0,0,0,0,0,1,1,0,0,0,0
이태리국시,안은빈20,104,2026.04.25,1,영수증,여기 진짜 좋아요 분위기 좋고 맛 좋고 직원 분들도 친절하세요 성수 오면 여기서 저녁 먹는 거 추천해요 !!,여기 진짜 좋아요 분위기 좋고 맛 좋고 직원 분들도 친절하세요 성수 오면 여기서 저녁 먹는 거 추천해요 !!,True,event,104,1번째 방문,True,,,1,여기 진짜 좋아요 분위기 좋고 맛 좋고 직원 분들도 친절하세요 성수 오면 여기서 저녁 먹는 거 추천해요,60,57,0,0,1,1,3,1,1,1,1,0,0,0,2,1,1,0,2,0,0,0,1,0,0,0,0,1,1,1,0,0,0,0,0,1,1,0,0,0,0
이태리국시,xxxgg,112,2026.04.21,1,영수증,분위기도 좋고 음식 그릇도 너무 정갈하고 예뻐서 데이트하러와도 좋을 것 같아요! 직원분들도 매우 친절하세요!,분위기도 좋고 음식 그릇도 너무 정갈하고 예뻐서 데이트하러와도 좋을 것 같아요! 직원분들도 매우 친절하세요!,True,event,112,1번째 방문,True,,,1,분위기도 좋고 음식 그릇도 너무 정갈하고 예뻐서 데이트하러와도 좋을 것 같아요 직원분들도 매우 친절하세요,60,58,0,0,1,1,3,1,1,1,1,0,0,0,0,0,1,0,2,0,0,0,0,0,0,0,0,1,1,1,0,0,0,0,0,1,1,0,0,0,0
이태리국시,Dbddod,4,2026.04.11,1,영수증,성수에서 즐기는 이태리국시 !! 맛도 직원분들도 최고 !!🥺🥺 기분좋게 왔다가 더 기분좋게 먹고 갑니다 ㅠㅠ,성수에서 즐기는 이태리국시 !! 맛도 직원분들도 최고 !!🥺🥺 기분좋게 왔다가 더 기분좋게 먹고 갑니다 ㅠㅠ,True,event,4,1번째 방문,True,,,1,성수에서 즐기는 이태리국시 맛도 직원분들도 최고 기분좋게 왔다가 더 기분좋게 먹고 갑니다,60,49,0,0,1,1,1,1,0,0,0,0,0,0,1,1,0,0,4,1,0,0,0,0,0,0,1,0,0,1,0,0,0,0,0,1,1,0,0,0,0
이태리국시,bak****,19,2026.05.05,1,영수증,성수 맛집 인정합니다 너무너무 맛있게 잘 먹었습니다 특별한 하고 맛있는 향들의 잔치 즐거운 식사 시간이였습니다,성수 맛집 인정합니다 너무너무 맛있게 잘 먹었습니다 특별한 하고 맛있는 향들의 잔치 즐거운 식사 시간이였습니다,True,event,19,1번째 방문,True,,,1,성수 맛집 인정합니다 너무너무 맛있게 잘 먹었습니다 특별한 하고 맛있는 향들의 잔치 즐거운 식사 시간이였습니다,61,61,0,0,1,1,0,0,0,0,0,0,0,0,3,1,2,0,0,0,0,0,0,0,0,0,0,1,0,1,0,0,0,1,1,0,0,0,0,0,0
이태리국시,최희원1,18,2026.05.05,1,영수증,양식과 한식 퓨전이라 독특한 메뉴가 많은데 하나같이 맛있어요! 글라스 와인 종류도 다양해서 더 좋았습니다 ㅎㅎ,양식과 한식 퓨전이라 독특한 메뉴가 많은데 하나같이 맛있어요! 글라스 와인 종류도 다양해서 더 좋았습니다 ㅎㅎ,True,event,18,1번째 방문,True,,,1,양식과 한식 퓨전이라 독특한 메뉴가 많은데 하나같이 맛있어요 글라스 와인 종류도 다양해서 더 좋았습니다,61,57,0,0,1,1,0,0,0,0,0,0,0,0,1,1,0,0,1,0,0,0,0,0,0,0,0,1,0,1,0,0,0,1,1,0,0,0,0,0,0
이태리국시,Som14,40,2026.04.21,1,영수증,메뉴도 흔하지 않으면서 색다른맛도 나면서 너무 맛있었어요!!! 다음엔 다른 대표 메뉴들도 먹어보고 싶어요 ㅎㅎ,메뉴도 흔하지 않으면서 색다른맛도 나면서 너무 맛있었어요!!! 다음엔 다른 대표 메뉴들도 먹어보고 싶어요 ㅎㅎ,True,event,40,1번째 방문,True,,,1,메뉴도 흔하지 않으면서 색다른맛도 나면서 너무 맛있었어요 다음엔 다른 대표 메뉴들도 먹어보고 싶어요,61,55,0,0,1,1,0,0,0,0,0,0,0,0,1,1,1,0,3,1,0,0,0,0,0,0,0,1,0,1,0,0,0,1,1,0,0,0,0,0,0
이태리국시,sue2328,7,2026.04.13,1,영수증,"숯불대창돌솥파스타, 청양불고기크림파스타 먹었는데 맛있었어요!! 매장도 깔끔하고 데이트할때 오면 좋을것 같아요!","숯불대창돌솥파스타, 청양불고기크림파스타 먹었는데 맛있었어요!! 매장도 깔끔하고 데이트할때 오면 좋을것 같아요!",True,event,7,1번째 방문,True,,,1,숯불대창돌솥파스타 청양불고기크림파스타 먹었는데 맛있었어요 매장도 깔끔하고 데이트할때 오면 좋을것 같아요,61,57,0,0,1,1,1,1,0,1,1,0,0,0,1,1,0,0,3,1,0,0,0,0,0,0,0,0,0,1,0,0,0,0,0,1,1,0,0,0,0
이태리국시,아띠지,334,2026.02.28,1,영수증,웨이팅이 생각보다 길었지만 창가자리 당첨이라 만족!! 주문메뉴는 하나같이 맛있어요. 살짝 매콤해서 더 좋은!!,웨이팅이 생각보다 길었지만 창가자리 당첨이라 만족!! 주문메뉴는 하나같이 맛있어요. 살짝 매콤해서 더 좋은!!,True,event,334,1번째 방문,True,,,1,웨이팅이 생각보다 길었지만 창가자리 당첨이라 만족 주문메뉴는 하나같이 맛있어요 살짝 매콤해서 더 좋은,61,56,0,0,1,1,3,1,1,0,0,0,0,0,1,1,0,0,4,1,0,0,1,0,0,0,0,1,1,1,0,0,0,0,0,1,1,0,0,0,0
이태리국시,hyw****,2,2026.04.29,1,영수증,진짜 너무 맛있어요 알배추 샐러드가 너무 맛있고 파스타도 먹어본적 없는 맛인데 신선하게 맛있었어요~ 또오고싶어요,진짜 너무 맛있어요 알배추 샐러드가 너무 맛있고 파스타도 먹어본적 없는 맛인데 신선하게 맛있었어요~ 또오고싶어요,True,event,2,1번째 방문,True,,,1,진짜 너무 맛있어요 알배추 샐러드가 너무 맛있고 파스타도 먹어본적 없는 맛인데 신선하게 맛있었어요 또오고싶어요,62,61,0,0,1,1,0,0,0,0,0,0,0,0,3,1,3,1,0,0,0,0,1,0,0,0,1,0,0,1,0,0,0,1,1,0,0,0,0,0,0
이태리국시,굽닝이,146,2026.04.27,1,영수증,완전 분위기 맛집😍 오랜만에 보는 친구들이라 기분 좋고 맛있어서 즐거운 시간이었어요. 특이한 메뉴 많아서 좋아요,완전 분위기 맛집😍 오랜만에 보는 친구들이라 기분 좋고 맛있어서 즐거운 시간이었어요. 특이한 메뉴 많아서 좋아요,True,event,146,1번째 방문,True,,,1,완전 분위기 맛집 오랜만에 보는 친구들이라 기분 좋고 맛있어서 즐거운 시간이었어요 특이한 메뉴 많아서 좋아요,62,60,0,0,1,1,1,1,0,1,1,0,0,0,3,1,1,0,0,0,0,0,0,0,0,0,0,1,1,1,0,0,0,0,0,1,1,0,0,0,0
이태리국시,정혜인2639,25,2026.04.25,1,영수증,칭구들과 먹고 갔어요 다 가격 값하는 맛이 었습니다!! 넘 맛있어서 올 클리어했습니다. 다음에 또 올 생각이에용,칭구들과 먹고 갔어요 다 가격 값하는 맛이 었습니다!! 넘 맛있어서 올 클리어했습니다. 다음에 또 올 생각이에용,True,event,25,1번째 방문,True,,,1,칭구들과 먹고 갔어요 다 가격 값하는 맛이 었습니다 넘 맛있어서 올 클리어했습니다 다음에 또 올 생각이에용,62,59,0,0,1,1,1,1,0,0,0,0,0,0,2,1,0,0,2,0,0,0,0,0,0,0,0,1,0,1,0,0,0,0,0,1,1,0,0,0,0
이태리국시,토링토링이,16,2026.04.17,1,영수증,퓨전 스타일 독특한 메뉴들이 많아서 이색적이에요! 전부 맛있게 잘 먹었고 다음에 다른 메뉴 도장깨기 할래요 ㅋㅋ,퓨전 스타일 독특한 메뉴들이 많아서 이색적이에요! 전부 맛있게 잘 먹었고 다음에 다른 메뉴 도장깨기 할래요 ㅋㅋ,True,event,16,1번째 방문,True,,,1,퓨전 스타일 독특한 메뉴들이 많아서 이색적이에요 전부 맛있게 잘 먹었고 다음에 다른 메뉴 도장깨기 할래요,62,58,0,0,1,1,0,0,0,0,0,0,0,0,1,1,0,0,1,0,0,0,0,0,0,0,0,1,0,1,0,0,0,1,1,0,0,0,0,0,0
이태리국시,SJ4845,55,2026.05.01,1,영수증,웨이팅 좀 있어도 성수동 가면 다시 갈 의향 200%에요~ 대창파스타는 걸쭉하니 진하고 바질국물파스타는 시원해요~,웨이팅 좀 있어도 성수동 가면 다시 갈 의향 200%에요~ 대창파스타는 걸쭉하니 진하고 바질국물파스타는 시원해요~,True,event,55,1번째 방문,True,,,1,웨이팅 좀 있어도 성수동 가면 다시 갈 의향 200 에요 대창파스타는 걸쭉하니 진하고 바질국물파스타는 시원해요,63,61,0,0,1,1,1,1,0,0,0,1,0,0,0,0,0,0,0,0,0,0,0,0,0,0,0,1,1,1,0,0,0,0,0,1,1,0,0,0,0
이태리국시,땍띠희야,38,2026.04.21,1,영수증,"특별한 곳에서 특별한 맛을 느낄수 있었어요 맛있어요~~감튀도 왜케 맛있는거죵,?ㅋㅋ덕분에 즐거운 데이트 했어요^^","특별한 곳에서 특별한 맛을 느낄수 있었어요 맛있어요~~감튀도 왜케 맛있는거죵,?ㅋㅋ덕분에 즐거운 데이트 했어요^^",True,event,38,1번째 방문,True,,,1,특별한 곳에서 특별한 맛을 느낄수 있었어요 맛있어요 감튀도 왜케 맛있는거죵 덕분에 즐거운 데이트 했어요,63,57,0,0,1,1,0,0,0,1,1,0,0,0,2,1,0,0,0,0,0,0,0,0,0,0,0,1,0,1,0,0,0,0,0,1,1,0,0,0,0
이태리국시,주제주제,42,2026.04.18,1,영수증,음식이너무 독특하면서 너무 맛있어요 !!!! 다음에 또 방문할게요💘 분위기도 좋아서 기념일에 오몀좋을 것 같아요!,음식이너무 독특하면서 너무 맛있어요 !!!! 다음에 또 방문할게요💘 분위기도 좋아서 기념일에 오몀좋을 것 같아요!,True,event,42,1번째 방문,True,,,1,음식이너무 독특하면서 너무 맛있어요 다음에 또 방문할게요 분위기도 좋아서 기념일에 오몀좋을 것 같아요,63,56,0,0,1,1,1,1,0,0,0,0,0,0,1,1,2,0,5,1,0,0,0,1,1,0,0,1,0,1,0,0,0,0,0,1,1,0,0,0,0
이태리국시,사랑아54,25,2026.04.18,1,영수증,친구랑 뚝섬놀러왔다가 검색해서 들른곳~! 색다른 메뉴라 신선하고 맛도 좋네요!! ㅎㅎ 맛있게잘먹고갑니당~~~~^^,친구랑 뚝섬놀러왔다가 검색해서 들른곳~! 색다른 메뉴라 신선하고 맛도 좋네요!! ㅎㅎ 맛있게잘먹고갑니당~~~~^^,True,event,25,1번째 방문,True,,,1,친구랑 뚝섬놀러왔다가 검색해서 들른곳 색다른 메뉴라 신선하고 맛도 좋네요 맛있게잘먹고갑니당,63,50,0,0,1,1,0,0,0,1,1,0,0,0,1,1,0,0,3,1,0,0,0,0,0,0,0,1,0,1,0,0,0,0,0,1,1,0,0,0,0
이태리국시,늘맑음언니,10,2026.04.12,1,영수증,어디갈지 고민하다 예약하고 온 곳인데 후회 없는 선택입니다! 매력적인 퓨전 음식이에요~ 다음에 또 오겠습니다 ㅎㅎ,어디갈지 고민하다 예약하고 온 곳인데 후회 없는 선택입니다! 매력적인 퓨전 음식이에요~ 다음에 또 오겠습니다 ㅎㅎ,True,event,10,1번째 방문,True,,,1,어디갈지 고민하다 예약하고 온 곳인데 후회 없는 선택입니다 매력적인 퓨전 음식이에요 다음에 또 오겠습니다,63,58,0,0,1,1,0,0,0,0,0,0,0,0,0,0,0,0,1,0,0,0,0,0,0,0,0,1,0,1,0,0,0,0,0,0,0,0,0,0,0
이태리국시,jas5450,156,2026.03.31,1,영수증,파스타 안좋아하는 남편도 싹싹 긁어 다먹었네요! 어디서도 맛 못봤던 새로운 메뉴인데 너무 맛있게 잘먹었습니다 ㅎㅎ,파스타 안좋아하는 남편도 싹싹 긁어 다먹었네요! 어디서도 맛 못봤던 새로운 메뉴인데 너무 맛있게 잘먹었습니다 ㅎㅎ,True,event,156,1번째 방문,True,,,1,파스타 안좋아하는 남편도 싹싹 긁어 다먹었네요 어디서도 맛 못봤던 새로운 메뉴인데 너무 맛있게 잘먹었습니다,63,59,0,0,1,1,0,0,0,0,0,0,0,0,1,1,1,0,1,0,0,0,0,0,0,0,0,1,1,1,0,0,0,1,1,0,0,0,0,0,0
이태리국시,미미술술,34,2026.03.14,1,영수증,음식이 전반적으로 특별하고 맛있어요 특히 양배추 샐러드가 마음에들어요 ^^ 공간도 테이블이 넓고 편했습니다 ^-^,음식이 전반적으로 특별하고 맛있어요 특히 양배추 샐러드가 마음에들어요 ^^ 공간도 테이블이 넓고 편했습니다 ^-^,True,event,34,1번째 방문,True,,,1,음식이 전반적으로 특별하고 맛있어요 특히 양배추 샐러드가 마음에들어요 공간도 테이블이 넓고 편했습니다,63,56,0,0,1,1,0,0,0,0,0,0,0,0,1,1,0,0,0,0,0,0,0,0,0,0,0,1,0,1,0,0,0,1,1,0,0,0,0,0,0
이태리국시,scotty32465,24,2026.05.09,2,영수증,파스타 종류가 정말 맛있었어요! 부모님도 좋아하셨네요 직원분들도 친절하시고 매장도 크고 청결해서 모임하기 좋아요^^,파스타 종류가 정말 맛있었어요! 부모님도 좋아하셨네요 직원분들도 친절하시고 매장도 크고 청결해서 모임하기 좋아요^^,True,event,24,2번째 방문,True,,,1,파스타 종류가 정말 맛있었어요 부모님도 좋아하셨네요 직원분들도 친절하시고 매장도 크고 청결해서 모임하기 좋아요,64,61,0,0,1,1,3,1,1,0,0,0,0,0,2,1,0,0,1,0,0,0,0,0,0,0,0,1,0,0,1,0,0,0,0,1,1,0,0,0,0
이태리국시,냥냥안녕이야,41,2026.05.04,1,영수증,완전 맛있어용 이렇게 두개 꼭 시켜드세용!! 매장 안도 넓고 저는 예약없이 들어왔는데 창가 앉으시려면 예약하셔야해여,완전 맛있어용 이렇게 두개 꼭 시켜드세용!! 매장 안도 넓고 저는 예약없이 들어왔는데 창가 앉으시려면 예약하셔야해여,True,event,41,1번째 방문,True,,,1,완전 맛있어용 이렇게 두개 꼭 시켜드세용 매장 안도 넓고 저는 예약없이 들어왔는데 창가 앉으시려면 예약하셔야해여,64,62,0,0,1,1,1,1,0,0,0,0,0,0,1,1,1,0,2,0,0,0,0,0,0,0,0,1,0,1,0,0,0,0,0,1,1,0,0,0,0
이태리국시,pikachu62895,7,2026.05.01,1,영수증,예약 하고 오길 잘 했어요~~ 맛집인 만큼 대기가 길어요~~ 음식도 익숙한듯 하지만 새로워서 맛있게 잘 먹었어요~~,예약 하고 오길 잘 했어요~~ 맛집인 만큼 대기가 길어요~~ 음식도 익숙한듯 하지만 새로워서 맛있게 잘 먹었어요~~,True,event,7,1번째 방문,True,,,1,예약 하고 오길 잘 했어요 맛집인 만큼 대기가 길어요 음식도 익숙한듯 하지만 새로워서 맛있게 잘 먹었어요,64,58,0,0,1,1,1,1,0,0,0,0,0,0,2,1,0,0,0,0,0,0,1,0,0,0,0,0,0,1,0,0,0,0,0,1,1,0,0,0,0
이태리국시,하얀사과4,10,2026.04.16,1,영수증,와인에 음식들이 잘 어울리고 조용한 음악과 분위기가 참 좋았어요. 그리고 이색적인 곱창 파스타가 정맣 맘에 듭니다.,와인에 음식들이 잘 어울리고 조용한 음악과 분위기가 참 좋았어요. 그리고 이색적인 곱창 파스타가 정맣 맘에 듭니다.,True,event,10,1번째 방문,True,,,1,와인에 음식들이 잘 어울리고 조용한 음악과 분위기가 참 좋았어요 그리고 이색적인 곱창 파스타가 정맣 맘에 듭니다,64,62,0,0,1,1,1,1,0,0,0,0,0,0,0,0,0,0,0,0,0,0,0,0,0,0,0,1,0,1,0,0,0,0,0,1,1,0,0,0,0
이태리국시,아줌마7357,53,2026.03.25,1,영수증,추천맛집이라 왔는데 정말 특별한 맛이 있어요~~ 음식이 깔끔하고 너무 맛있어요. 직원분들도 친절하시구요~ 또올께요!,추천맛집이라 왔는데 정말 특별한 맛이 있어요~~ 음식이 깔끔하고 너무 맛있어요. 직원분들도 친절하시구요~ 또올께요!,True,event,53,1번째 방문,True,,,1,추천맛집이라 왔는데 정말 특별한 맛이 있어요 음식이 깔끔하고 너무 맛있어요 직원분들도 친절하시구요 또올께요,64,59,0,0,1,1,2,1,1,0,0,0,0,0,3,1,1,0,1,0,0,0,0,0,0,0,0,1,1,1,0,0,0,0,0,1,1,0,0,0,0
이태리국시,밍기뉴47,28,2026.03.08,1,영수증,쌈 피자 맛이 예상했던 것과 달리 가볍게 맛있어서 좋았어요. 바질해산물파스타도 국물이랑 면이 맛있어서 넘 좋았어요😆,쌈 피자 맛이 예상했던 것과 달리 가볍게 맛있어서 좋았어요. 바질해산물파스타도 국물이랑 면이 맛있어서 넘 좋았어요😆,True,event,28,1번째 방문,True,,,1,쌈 피자 맛이 예상했던 것과 달리 가볍게 맛있어서 좋았어요 바질해산물파스타도 국물이랑 면이 맛있어서 넘 좋았어요,64,62,0,0,1,1,0,0,0,0,0,0,0,0,3,1,0,0,0,0,0,0,0,0,0,0,0,1,0,1,0,0,0,1,1,0,0,0,0,0,0
이태리국시,jie****,12,2026.05.05,1,영수증,너무 맛있어서 바로 리뷰 남겨요! 음식도 너무 맛있고 직원분들도 너무 친절하세요!! 특히 피자 꼭 드세여! 강추강추😉,너무 맛있어서 바로 리뷰 남겨요! 음식도 너무 맛있고 직원분들도 너무 친절하세요!! 특히 피자 꼭 드세여! 강추강추😉,True,event,12,1번째 방문,True,,,1,너무 맛있어서 바로 리뷰 남겨요 음식도 너무 맛있고 직원분들도 너무 친절하세요 특히 피자 꼭 드세여 강추강추,65,60,0,0,1,1,2,1,1,0,0,0,0,0,4,1,3,1,4,1,0,0,0,0,0,0,0,1,0,1,0,0,0,0,0,1,1,0,0,0,0
이태리국시,ㅎㅎㅎㅎ6424,29,2026.05.04,1,영수증,음식이 맛나요~~~근데 코스요리인줄ㅋㅋ하나 먹으면 하나 나와요.. 자리잡으면 꼭 주문먼저 하세요.많이 기다려요 맛나요,음식이 맛나요~~~근데 코스요리인줄ㅋㅋ하나 먹으면 하나 나와요.. 자리잡으면 꼭 주문먼저 하세요.많이 기다려요 맛나요,True,event,29,1번째 방문,True,,,1,음식이 맛나요 근데 코스요리인줄 하나 먹으면 하나 나와요 자리잡으면 꼭 주문먼저 하세요 많이 기다려요 맛나요,65,60,0,0,1,1,2,1,1,0,0,0,0,0,0,0,0,0,0,0,0,0,0,0,0,0,0,1,0,1,0,0,0,0,0,1,1,0,0,0,0
이태리국시,coconi93,16,2026.05.04,1,영수증,한식이랑 양식 퓨전인데 담백하기 딱 먹기 좋아요! 느끼하기 싫어하시는분들 딱b! 데이트로 오기 분위기도 좋고 추천해용,한식이랑 양식 퓨전인데 담백하기 딱 먹기 좋아요! 느끼하기 싫어하시는분들 딱b! 데이트로 오기 분위기도 좋고 추천해용,True,event,16,1번째 방문,True,,,1,한식이랑 양식 퓨전인데 담백하기 딱 먹기 좋아요 느끼하기 싫어하시는분들 딱b 데이트로 오기 분위기도 좋고 추천해용,65,63,0,0,1,1,1,1,0,1,1,0,0,0,2,1,0,0,2,0,0,0,1,0,0,0,0,1,0,1,0,0,0,0,0,1,1,0,0,0,0
이태리국시,shefdiw,9,2026.05.02,1,영수증,양도 적당하고 무엇보다 너무 맛있었습니다 ㅎㅎ 메뉴 2개만 시켜도 배부르게 잘 먹었어용 다음에 또 올게요~ &lt;3,양도 적당하고 무엇보다 너무 맛있었습니다 ㅎㅎ 메뉴 2개만 시켜도 배부르게 잘 먹었어용 다음에 또 올게요~ &lt;3,True,event,9,1번째 방문,True,,,1,양도 적당하고 무엇보다 너무 맛있었습니다 메뉴 2개만 시켜도 배부르게 잘 먹었어용 다음에 또 올게요 lt 3,65,60,0,0,1,1,0,0,0,0,0,1,0,0,1,1,1,0,0,0,0,0,0,1,1,0,0,0,0,1,0,0,0,1,1,0,0,0,0,0,0
이태리국시,맨샤인,20,2026.05.01,1,영수증,이태리국시 전에 너무 마싯게 먹어서 또 왓어요...!! 갈비깍두기리조또를 드셔야만 합니다 반드시 완저니 야르하시다~♡,이태리국시 전에 너무 마싯게 먹어서 또 왓어요...!! 갈비깍두기리조또를 드셔야만 합니다 반드시 완저니 야르하시다~♡,True,event,20,1번째 방문,True,,,1,이태리국시 전에 너무 마싯게 먹어서 또 왓어요 갈비깍두기리조또를 드셔야만 합니다 반드시 완저니 야르하시다,65,58,0,0,1,1,0,0,0,0,0,0,0,0,0,0,1,0,2,0,0,0,0,0,0,0,0,1,0,1,0,0,0,0,0,0,0,0,0,0,0
이태리국시,율이니아,28,2026.04.18,1,영수증,음식이 정갈하고 너무맛있어요!!! 퓨전음식도 있고 종류도 많아서 다음에 또 올것같아요~~~~ 맛있게 잘먹었습니다 ㅎㅎ,음식이 정갈하고 너무맛있어요!!! 퓨전음식도 있고 종류도 많아서 다음에 또 올것같아요~~~~ 맛있게 잘먹었습니다 ㅎㅎ,True,event,28,1번째 방문,True,,,1,음식이 정갈하고 너무맛있어요 퓨전음식도 있고 종류도 많아서 다음에 또 올것같아요 맛있게 잘먹었습니다,65,55,0,0,1,1,0,0,0,0,0,0,0,0,2,1,1,0,3,1,0,0,0,0,0,0,0,1,0,1,0,0,0,1,1,0,0,0,0,0,0
이태리국시,LuckyT,184,2026.04.07,1,영수증,오랜만에 성수왔는데 맛집도 제대로 와서 더 좋네요 곱창도 퀄리티 좋고 엄청 맛납니다! 그렇게 맵지도 않아서 좋았어요.,오랜만에 성수왔는데 맛집도 제대로 와서 더 좋네요 곱창도 퀄리티 좋고 엄청 맛납니다! 그렇게 맵지도 않아서 좋았어요.,True,event,184,1번째 방문,True,,,1,오랜만에 성수왔는데 맛집도 제대로 와서 더 좋네요 곱창도 퀄리티 좋고 엄청 맛납니다 그렇게 맵지도 않아서 좋았어요,65,63,0,0,1,1,0,0,0,0,0,0,0,0,1,1,1,0,1,0,0,0,0,0,0,0,0,1,1,1,0,0,0,1,1,0,0,0,0,0,0
이태리국시,토디야,19,2026.04.04,1,영수증,대창파스타 먹으러 왔는데 뇨끼가 너무너무너무너무 맛있어요!! 이 두개 조합 강추합니다. 밤에 또 생각날 것 같아요🥹🥹,대창파스타 먹으러 왔는데 뇨끼가 너무너무너무너무 맛있어요!! 이 두개 조합 강추합니다. 밤에 또 생각날 것 같아요🥹🥹,True,event,19,1번째 방문,True,,,1,대창파스타 먹으러 왔는데 뇨끼가 너무너무너무너무 맛있어요 이 두개 조합 강추합니다 밤에 또 생각날 것 같아요,65,60,0,0,1,1,0,0,0,0,0,0,0,0,2,1,4,1,2,0,0,0,0,0,0,0,0,1,0,1,0,0,0,1,1,0,0,0,0,0,0
이태리국시,도령76,20,2026.03.20,1,영수증,알배추구이 저 소스 완벽해요.. 너무 맛있습니다 대창도 매콤해서 안느끼하고 삼계리조또도 누룽지 느낌 너무 좋았어요!!,알배추구이 저 소스 완벽해요.. 너무 맛있습니다 대창도 매콤해서 안느끼하고 삼계리조또도 누룽지 느낌 너무 좋았어요!!,True,event,20,1번째 방문,True,,,1,알배추구이 저 소스 완벽해요 너무 맛있습니다 대창도 매콤해서 안느끼하고 삼계리조또도 누룽지 느낌 너무 좋았어요,65,61,0,0,1,1,0,0,0,0,0,0,0,0,1,1,2,0,2,0,0,0,1,0,0,0,0,1,0,1,0,0,0,1,1,0,0,0,0,0,0
이태리국시,맛집투어32,32,2026.05.09,1,영수증,느끼할줄 알았는데 하나도 안느끼하고 맛있어요!! 대창도 냄새도 안나고 굿입니다 웨이팅 좀 있긴한데 그만한 값하는거같아요,느끼할줄 알았는데 하나도 안느끼하고 맛있어요!! 대창도 냄새도 안나고 굿입니다 웨이팅 좀 있긴한데 그만한 값하는거같아요,True,event,32,1번째 방문,True,,,1,느끼할줄 알았는데 하나도 안느끼하고 맛있어요 대창도 냄새도 안나고 굿입니다 웨이팅 좀 있긴한데 그만한 값하는거같아요,66,64,0,0,1,1,1,1,0,0,0,0,0,0,1,1,0,0,2,0,0,0,1,0,0,0,0,1,0,1,0,0,0,0,0,1,1,0,0,0,0
이태리국시,yel****,5,2026.05.07,1,영수증,다양하게 시켜먹었는데 곱창도 잡내 안나고 맛있고 전체적으로 맛이 다 조화로웠어요 끝까지 싹싹 긁어 먹을정도로 맛있었어요,다양하게 시켜먹었는데 곱창도 잡내 안나고 맛있고 전체적으로 맛이 다 조화로웠어요 끝까지 싹싹 긁어 먹을정도로 맛있었어요,True,event,5,1번째 방문,True,,,1,다양하게 시켜먹었는데 곱창도 잡내 안나고 맛있고 전체적으로 맛이 다 조화로웠어요 끝까지 싹싹 긁어 먹을정도로 맛있었어요,66,66,0,0,1,1,0,0,0,0,0,0,0,0,2,1,0,0,0,0,0,0,0,0,0,0,1,0,0,1,0,0,0,1,1,0,0,0,0,0,0
이태리국시,ika****,11,2026.05.05,1,영수증,나오자마자 너무 맛있어서 바로먹다보니 사진을 늦게 찍어버렸너요 너무 맛있어요 ~~친구랑 왔는데 담엔 딸래미랑 와야겠어요,나오자마자 너무 맛있어서 바로먹다보니 사진을 늦게 찍어버렸너요 너무 맛있어요 ~~친구랑 왔는데 담엔 딸래미랑 와야겠어요,True,event,11,1번째 방문,True,,,1,나오자마자 너무 맛있어서 바로먹다보니 사진을 늦게 찍어버렸너요 너무 맛있어요 친구랑 왔는데 담엔 딸래미랑 와야겠어요,66,64,0,0,1,1,0,0,0,1,1,0,0,0,2,1,2,0,0,0,0,0,0,0,0,0,0,1,0,1,0,0,0,0,0,1,1,0,0,0,0
이태리국시,탕팡항,14,2026.04.30,1,영수증,친구랑 놀다가 밥 먹으러 검색해서 왓는데 생각보다 너뮤 맛있고 양도 진짜 많았어요! 하이볼도 진짜 맛잇어서 추천합니당~,친구랑 놀다가 밥 먹으러 검색해서 왓는데 생각보다 너뮤 맛있고 양도 진짜 많았어요! 하이볼도 진짜 맛잇어서 추천합니당~,True,event,14,1번째 방문,True,,,1,친구랑 놀다가 밥 먹으러 검색해서 왓는데 생각보다 너뮤 맛있고 양도 진짜 많았어요 하이볼도 진짜 맛잇어서 추천합니당,66,64,0,0,1,1,0,0,0,1,1,0,0,0,2,1,2,0,1,0,0,0,1,0,0,0,0,1,0,1,0,0,0,0,0,1,1,0,0,0,0
이태리국시,joy2036,14,2026.04.27,1,영수증,처음 방문해봤는데 음식도 맛있고 분위기도 좋아요 ㅎㅎ 직원 분들도 친절하세요 ㅎ 다음에 다른 메뉴 먹으러 또 방문할게요,처음 방문해봤는데 음식도 맛있고 분위기도 좋아요 ㅎㅎ 직원 분들도 친절하세요 ㅎ 다음에 다른 메뉴 먹으러 또 방문할게요,True,event,14,1번째 방문,True,,,1,처음 방문해봤는데 음식도 맛있고 분위기도 좋아요 직원 분들도 친절하세요 다음에 다른 메뉴 먹으러 또 방문할게요,66,61,0,0,1,1,3,1,1,0,0,0,0,0,2,1,0,0,0,0,0,0,0,1,1,0,0,1,0,1,0,0,0,0,0,1,1,0,0,0,0
이태리국시,벼얼며엉81,14,2026.04.19,1,영수증,"이태리국시 처음 방문했는데 음식이 맛있어요 대창파스타, 쌈피자, 갈비파스타, 깍두기 리조또 먹었는데 너무 다 맛있어요😋","이태리국시 처음 방문했는데 음식이 맛있어요 대창파스타, 쌈피자, 갈비파스타, 깍두기 리조또 먹었는데 너무 다 맛있어요😋",True,event,14,1번째 방문,True,,,1,이태리국시 처음 방문했는데 음식이 맛있어요 대창파스타 쌈피자 갈비파스타 깍두기 리조또 먹었는데 너무 다 맛있어요,66,62,0,0,1,1,0,0,0,0,0,0,0,0,2,1,1,0,0,0,0,0,0,0,0,0,0,1,0,1,0,0,0,1,1,0,0,0,0,0,0
이태리국시,happyforever,21,2026.04.16,1,영수증,특이한 메뉴가 많았는데 맛도 있었어요. 매장도 청결하고 다음에 또 오겠습니다! 리뷰 이벤트도 할인되는 이벤트라 좋았어요,특이한 메뉴가 많았는데 맛도 있었어요. 매장도 청결하고 다음에 또 오겠습니다! 리뷰 이벤트도 할인되는 이벤트라 좋았어요,True,event,21,1번째 방문,True,,,1,특이한 메뉴가 많았는데 맛도 있었어요 매장도 청결하고 다음에 또 오겠습니다 리뷰 이벤트도 할인되는 이벤트라 좋았어요,66,64,0,0,1,1,1,1,0,0,0,0,0,0,0,0,0,0,1,0,2,1,0,0,0,0,0,1,0,1,0,0,0,0,0,1,1,0,0,1,0
이태리국시,핑핑핑2,19,2026.03.29,1,영수증,메뉴가 한식 퓨전이라 너무 맛있고 플레이팅도 예뻐요! 매장 분위기도 너무 좋아서 다음에 성수 근처 오면 또 오고 싶네용,메뉴가 한식 퓨전이라 너무 맛있고 플레이팅도 예뻐요! 매장 분위기도 너무 좋아서 다음에 성수 근처 오면 또 오고 싶네용,True,event,19,1번째 방문,True,,,1,메뉴가 한식 퓨전이라 너무 맛있고 플레이팅도 예뻐요 매장 분위기도 너무 좋아서 다음에 성수 근처 오면 또 오고 싶네용,66,65,0,0,1,1,2,1,1,0,0,0,0,0,1,1,2,0,1,0,0,0,0,0,0,0,0,1,0,1,0,0,0,0,0,1,1,0,0,0,0
이태리국시,냠쩌업,195,2026.03.22,1,영수증,분위기도 너무 이쁘고 직원분들도 너무 친절합니다! 그리고 메뉴가 독특했는데 넘 맛도리네요~! 다음에도 또 방문하고싶어요,분위기도 너무 이쁘고 직원분들도 너무 친절합니다! 그리고 메뉴가 독특했는데 넘 맛도리네요~! 다음에도 또 방문하고싶어요,True,event,195,1번째 방문,True,,,1,분위기도 너무 이쁘고 직원분들도 너무 친절합니다 그리고 메뉴가 독특했는데 넘 맛도리네요 다음에도 또 방문하고싶어요,66,63,0,0,1,1,3,1,1,0,0,0,0,0,1,1,2,0,2,0,0,0,0,1,1,0,0,1,1,1,0,0,0,0,0,1,1,0,0,0,0
이태리국시,J1295,38,2026.03.06,1,영수증,대창 매콤 파스타랑 크림리조또가 맛있었어요♥️ 매장도 분위기 있어서 소개팅이나 데이트로 딱이더라구요 자리도 꽤 많음!!,대창 매콤 파스타랑 크림리조또가 맛있었어요♥️ 매장도 분위기 있어서 소개팅이나 데이트로 딱이더라구요 자리도 꽤 많음!!,True,event,38,1번째 방문,True,,,1,대창 매콤 파스타랑 크림리조또가 맛있었어요 매장도 분위기 있어서 소개팅이나 데이트로 딱이더라구요 자리도 꽤 많음,66,62,0,0,1,1,3,1,1,1,1,0,0,0,1,1,0,0,2,0,0,0,0,0,0,0,0,1,0,1,0,0,0,0,0,1,1,0,0,0,0
이태리국시,sbe****,28,2026.02.21,1,영수증,맛있게먹었어요! 대창은 혹시나 느끼하려나했는데 적당히 매콤해서 맛있더라구요 빠에야도 갑오징어가 질기지않고 살살 녹아욤✨,맛있게먹었어요! 대창은 혹시나 느끼하려나했는데 적당히 매콤해서 맛있더라구요 빠에야도 갑오징어가 질기지않고 살살 녹아욤✨,True,event,28,1번째 방문,True,,,1,맛있게먹었어요 대창은 혹시나 느끼하려나했는데 적당히 매콤해서 맛있더라구요 빠에야도 갑오징어가 질기지않고 살살 녹아욤,66,64,0,0,1,1,0,0,0,0,0,0,0,0,2,1,0,0,1,0,0,0,1,0,0,0,0,1,0,1,0,0,0,1,1,0,0,0,0,0,0
이태리국시,tls****,46,2026.05.05,1,영수증,직원분들도 친절하시구 메뉴들이 다 특이해서 그중 베스트로 먹어봤는데 역시 맛없없!! 인테리어도 예쁘고 담에 또 올게요~~,직원분들도 친절하시구 메뉴들이 다 특이해서 그중 베스트로 먹어봤는데 역시 맛없없!! 인테리어도 예쁘고 담에 또 올게요~~,True,event,46,1번째 방문,True,,,1,직원분들도 친절하시구 메뉴들이 다 특이해서 그중 베스트로 먹어봤는데 역시 맛없없 인테리어도 예쁘고 담에 또 올게요,67,63,0,0,1,1,2,1,1,0,0,0,0,0,0,0,0,0,2,0,0,0,0,1,1,0,0,1,0,1,0,0,0,0,0,1,1,0,0,0,0
이태리국시,아지32,28,2026.05.02,1,영수증,서울온김에 분위기내고 싶어서 처음 왔는데 한식양식 동시에 먹는거같아서 좋았어요 데이트 하기 분위기도 좋고 추천드려요 👍👍,서울온김에 분위기내고 싶어서 처음 왔는데 한식양식 동시에 먹는거같아서 좋았어요 데이트 하기 분위기도 좋고 추천드려요 👍👍,True,event,28,1번째 방문,True,,,1,서울온김에 분위기내고 싶어서 처음 왔는데 한식양식 동시에 먹는거같아서 좋았어요 데이트 하기 분위기도 좋고 추천드려요,67,64,0,0,1,1,2,1,1,1,1,0,0,0,1,1,0,0,0,0,0,0,0,0,0,0,0,1,0,1,0,0,0,0,0,1,1,0,0,0,0
이태리국시,신동우34,10,2026.04.30,1,영수증,음식이 특이하고 맛있어요 이색파스타를 먹고싶으면 와도 좋을것같아요 분위기도 좋고 음식맛도 좋아서 좋은시간 보내고 갑니다~,음식이 특이하고 맛있어요 이색파스타를 먹고싶으면 와도 좋을것같아요 분위기도 좋고 음식맛도 좋아서 좋은시간 보내고 갑니다~,True,event,10,1번째 방문,True,,,1,음식이 특이하고 맛있어요 이색파스타를 먹고싶으면 와도 좋을것같아요 분위기도 좋고 음식맛도 좋아서 좋은시간 보내고 갑니다,67,66,0,0,1,1,1,1,0,0,0,0,0,0,1,1,0,0,0,0,0,0,0,0,0,0,0,1,0,1,0,0,0,0,0,1,1,0,0,0,0
이태리국시,아루카바,30,2026.04.21,1,영수증,"청양파스타가 맛있어용 닭고기가 올라간 리조또는 삼계탕이랑 맛이 아주 똑같습니다 ㅋㅋㅋㅎㅎ 편히, 라이트 하게 먹기 좋아요","청양파스타가 맛있어용 닭고기가 올라간 리조또는 삼계탕이랑 맛이 아주 똑같습니다 ㅋㅋㅋㅎㅎ 편히, 라이트 하게 먹기 좋아요",True,event,30,1번째 방문,True,,,1,청양파스타가 맛있어용 닭고기가 올라간 리조또는 삼계탕이랑 맛이 아주 똑같습니다 편히 라이트 하게 먹기 좋아요,67,60,0,0,1,1,0,0,0,0,0,0,0,0,2,1,0,0,0,0,0,0,0,0,0,0,0,1,0,1,0,0,0,1,1,0,0,0,0,0,0
이태리국시,tmv****,22,2026.04.06,1,영수증,월요일이라 저녁시간에 웨이팅없이 입장 가능했어요 그래도 사람은 꽤나 많더라구요 음식도 빠르게 잘 나오고 맛도 있었습니다!,월요일이라 저녁시간에 웨이팅없이 입장 가능했어요 그래도 사람은 꽤나 많더라구요 음식도 빠르게 잘 나오고 맛도 있었습니다!,True,event,22,1번째 방문,True,,,1,월요일이라 저녁시간에 웨이팅없이 입장 가능했어요 그래도 사람은 꽤나 많더라구요 음식도 빠르게 잘 나오고 맛도 있었습니다,67,66,0,0,1,1,1,1,0,2,1,0,0,0,0,0,0,0,1,0,0,0,0,0,0,0,0,1,0,1,0,0,0,0,0,1,1,0,0,0,0
이태리국시,환31,16,2026.04.02,1,영수증,"지인이랑 간단하게 점심 먹으러 왔는데, 메뉴도 다양하고 특히 매장이 넓고 쾌적해서 좋았어요. 또 방문할 거 같습니다 :)","지인이랑 간단하게 점심 먹으러 왔는데, 메뉴도 다양하고 특히 매장이 넓고 쾌적해서 좋았어요. 또 방문할 거 같습니다 :)",True,event,16,1번째 방문,True,,,1,지인이랑 간단하게 점심 먹으러 왔는데 메뉴도 다양하고 특히 매장이 넓고 쾌적해서 좋았어요 또 방문할 거 같습니다,67,62,0,0,1,1,1,1,0,1,1,0,0,0,0,0,0,0,0,0,0,0,0,1,1,0,0,1,0,1,0,0,0,0,0,1,1,0,0,0,0
이태리국시,프리다37,36,2026.03.19,1,영수증,대창이 고소하고 퀄리티가 좋네요~ 뇨끼는 부드럽고 트러플 향이 좋아요~~ 파스타에서 한식 느낌이 나서 맛있게 먹었어요!!,대창이 고소하고 퀄리티가 좋네요~ 뇨끼는 부드럽고 트러플 향이 좋아요~~ 파스타에서 한식 느낌이 나서 맛있게 먹었어요!!,True,event,36,1번째 방문,True,,,1,대창이 고소하고 퀄리티가 좋네요 뇨끼는 부드럽고 트러플 향이 좋아요 파스타에서 한식 느낌이 나서 맛있게 먹었어요,67,62,0,0,1,1,0,0,0,0,0,0,0,0,2,1,0,0,2,0,0,0,0,0,0,0,0,1,0,1,0,0,0,1,1,0,0,0,0,0,0
이태리국시,유리별1,18,2026.02.19,2,영수증,퓨전한식스타일의 요리들이 너무 맛있어서 주기적으로 생각나는 곳이에요😊 올때마다 대만족하고 갑니다. 대창파스타 강추예요!!,퓨전한식스타일의 요리들이 너무 맛있어서 주기적으로 생각나는 곳이에요😊 올때마다 대만족하고 갑니다. 대창파스타 강추예요!!,True,event,18,2번째 방문,True,,,1,퓨전한식스타일의 요리들이 너무 맛있어서 주기적으로 생각나는 곳이에요 올때마다 대만족하고 갑니다 대창파스타 강추예요,67,63,0,0,1,1,0,0,0,0,0,0,0,0,2,1,1,0,2,0,0,0,0,0,0,0,0,1,0,0,1,0,0,1,1,0,0,0,0,0,0
이태리국시,지수츄,59,2026.05.09,1,영수증,예약 없이 오면 웨이팅이 있어서 미리 예약 하고 오는 걸 추천드려요! 그래도 음식도 빨리나오고 너무 맛있게 잘 먹었어요~!,예약 없이 오면 웨이팅이 있어서 미리 예약 하고 오는 걸 추천드려요! 그래도 음식도 빨리나오고 너무 맛있게 잘 먹었어요~!,True,event,59,1번째 방문,True,,,1,예약 없이 오면 웨이팅이 있어서 미리 예약 하고 오는 걸 추천드려요 그래도 음식도 빨리나오고 너무 맛있게 잘 먹었어요,68,65,0,0,1,1,1,1,0,0,0,0,0,0,2,1,1,0,2,0,0,0,1,0,0,0,0,1,1,1,0,0,0,0,0,1,1,0,0,0,0
이태리국시,Rkqspdlcc4,43,2026.05.03,1,영수증,대창파스타랑 뇨끼먹었는데 둘 다 너무 맛있었었요! 먹어보고싶었던 리조또는 품절이라 못먹어서ㅠㅠ 다음에 먹으러 다시 올게요🫶,대창파스타랑 뇨끼먹었는데 둘 다 너무 맛있었었요! 먹어보고싶었던 리조또는 품절이라 못먹어서ㅠㅠ 다음에 먹으러 다시 올게요🫶,True,event,43,1번째 방문,True,,,1,대창파스타랑 뇨끼먹었는데 둘 다 너무 맛있었었요 먹어보고싶었던 리조또는 품절이라 못먹어서 다음에 먹으러 다시 올게요,68,64,0,0,1,1,0,0,0,0,0,0,0,0,1,1,1,0,1,0,0,0,0,0,0,0,0,1,0,1,0,0,0,1,1,0,0,0,0,0,0
이태리국시,전설36,99,2026.05.02,1,영수증,아이들 데리고 다같이 왔는데 음식의 향이 완전 좋고 맛도 기대했던거 이상으로 좋아요 즐거운 저녁식사 시간이었어요 감사합니다,아이들 데리고 다같이 왔는데 음식의 향이 완전 좋고 맛도 기대했던거 이상으로 좋아요 즐거운 저녁식사 시간이었어요 감사합니다,True,event,99,1번째 방문,True,,,1,아이들 데리고 다같이 왔는데 음식의 향이 완전 좋고 맛도 기대했던거 이상으로 좋아요 즐거운 저녁식사 시간이었어요 감사합니다,68,68,0,0,1,1,0,0,0,1,1,0,0,0,1,1,1,0,0,0,0,0,0,0,0,0,0,1,1,1,0,0,0,0,0,1,1,0,0,0,0
이태리국시,심심딱콩,17,2026.04.26,1,영수증,너무 맛있어서 다 먹은 사진밖에 없네여… 분위기도 좋고 깔끔하고 무엇보다 너무 맛있어용ㅠ 뚝섬 올때마다 들릴 거 같아여 🥹,너무 맛있어서 다 먹은 사진밖에 없네여… 분위기도 좋고 깔끔하고 무엇보다 너무 맛있어용ㅠ 뚝섬 올때마다 들릴 거 같아여 🥹,True,event,17,1번째 방문,True,,,1,너무 맛있어서 다 먹은 사진밖에 없네여 분위기도 좋고 깔끔하고 무엇보다 너무 맛있어용 뚝섬 올때마다 들릴 거 같아여,68,64,0,0,1,1,1,1,0,0,0,0,0,0,2,1,2,0,0,0,0,0,0,0,0,0,0,1,0,1,0,0,0,0,0,1,1,0,0,0,0
이태리국시,새벽별9215,37,2026.02.16,1,영수증,"특별한 메뉴가 있어서 기대하는 마음으로 왔는데, 너무 좋아요. 친구들이링 맛있게 먹구 갑니다! 다음엔 다른 메뉴도 도전!!","특별한 메뉴가 있어서 기대하는 마음으로 왔는데, 너무 좋아요. 친구들이링 맛있게 먹구 갑니다! 다음엔 다른 메뉴도 도전!!",True,event,37,1번째 방문,True,,,1,특별한 메뉴가 있어서 기대하는 마음으로 왔는데 너무 좋아요 친구들이링 맛있게 먹구 갑니다 다음엔 다른 메뉴도 도전,68,63,0,0,1,1,0,0,0,1,1,0,0,0,2,1,1,0,3,1,0,0,0,0,0,0,0,1,0,1,0,0,0,0,0,1,1,0,0,0,0
이태리국시,Skadudgusss,11,2026.05.09,1,영수증,제가 먹어본 퓨전양식집 중에 제일 메뉴가 신선하고 맛있었어요 ! 그리고 가게 분위기가 너무 좋습니다 데이트 하기 좋아요 !!,제가 먹어본 퓨전양식집 중에 제일 메뉴가 신선하고 맛있었어요 ! 그리고 가게 분위기가 너무 좋습니다 데이트 하기 좋아요 !!,True,event,11,1번째 방문,True,,,1,제가 먹어본 퓨전양식집 중에 제일 메뉴가 신선하고 맛있었어요 그리고 가게 분위기가 너무 좋습니다 데이트 하기 좋아요,69,64,0,0,1,1,1,1,0,1,1,0,0,0,2,1,1,0,3,1,0,0,0,0,0,0,0,1,0,1,0,0,0,0,0,1,1,0,0,0,0
이태리국시,수희56,3,2026.04.26,1,영수증,너무 맛있게 잘 먹었어요!! 우연히 찾아서 오게 되었는데 분위기도 좋구 맛도 짱마싯슴~!!!! 리뷰 잘 안적는데 적습니댱~~,너무 맛있게 잘 먹었어요!! 우연히 찾아서 오게 되었는데 분위기도 좋구 맛도 짱마싯슴~!!!! 리뷰 잘 안적는데 적습니댱~~,True,event,3,1번째 방문,True,,,1,너무 맛있게 잘 먹었어요 우연히 찾아서 오게 되었는데 분위기도 좋구 맛도 짱마싯슴 리뷰 잘 안적는데 적습니댱,69,60,0,0,1,1,1,1,0,0,0,0,0,0,1,1,2,0,6,1,0,0,0,0,0,0,1,0,0,1,0,0,0,0,0,1,1,0,0,0,0
이태리국시,백군68,29,2026.04.25,1,영수증,이태리국시 성수에 왔어요! 대창돌솥파스타를 먹기위해 1시간을 달려온 보람이 있네요! 에피타이저로 배추알쌈 삼겹도 좋았습니다!,이태리국시 성수에 왔어요! 대창돌솥파스타를 먹기위해 1시간을 달려온 보람이 있네요! 에피타이저로 배추알쌈 삼겹도 좋았습니다!,True,event,29,1번째 방문,True,,,1,이태리국시 성수에 왔어요 대창돌솥파스타를 먹기위해 1시간을 달려온 보람이 있네요 에피타이저로 배추알쌈 삼겹도 좋았습니다,69,66,0,0,1,1,0,0,0,0,0,1,1,1,0,0,0,0,3,1,0,0,0,0,0,0,0,1,0,1,0,0,0,0,0,1,0,0,0,0,0
이태리국시,dreamy hmyhope,7,2026.04.23,1,영수증,성수동 왔다가 파스타 맛집 찾아왔어요. 기대보다 훨씬 맛있어서 너무 잘 왔다 싶네요. 다음 번엔 다른 종류도 먹고 싶어요^^,성수동 왔다가 파스타 맛집 찾아왔어요. 기대보다 훨씬 맛있어서 너무 잘 왔다 싶네요. 다음 번엔 다른 종류도 먹고 싶어요^^,True,event,7,1번째 방문,True,,,1,성수동 왔다가 파스타 맛집 찾아왔어요 기대보다 훨씬 맛있어서 너무 잘 왔다 싶네요 다음 번엔 다른 종류도 먹고 싶어요,69,65,0,0,1,1,0,0,0,0,0,0,0,0,2,1,1,0,0,0,0,0,0,0,0,0,0,0,0,1,0,0,0,1,1,0,0,0,0,0,0
이태리국시,난 쪼리야,31,2026.04.06,1,영수증,양이 생각보다 많고 정말 맛있게 먹었어요 다음에 오게되면 다른 메뉴도 먹어보고싶어요 맛있는 음식 먹고 기분이 좋아졌네요 :),양이 생각보다 많고 정말 맛있게 먹었어요 다음에 오게되면 다른 메뉴도 먹어보고싶어요 맛있는 음식 먹고 기분이 좋아졌네요 :),True,event,31,1번째 방문,True,,,1,양이 생각보다 많고 정말 맛있게 먹었어요 다음에 오게되면 다른 메뉴도 먹어보고싶어요 맛있는 음식 먹고 기분이 좋아졌네요,69,66,0,0,1,1,0,0,0,0,0,0,0,0,2,1,0,0,0,0,0,0,0,0,0,0,0,1,0,1,0,0,0,1,1,0,0,0,0,0,0
이태리국시,miu****,25,2026.03.21,1,영수증,한식스타일 이탈리아메뉴가 있어서 독특했고 아이들도 맛있게 잘 먹고 갑니다. 특별한 메뉴가 먹고 싶을때 시도해 볼 만 합니다.,한식스타일 이탈리아메뉴가 있어서 독특했고 아이들도 맛있게 잘 먹고 갑니다. 특별한 메뉴가 먹고 싶을때 시도해 볼 만 합니다.,True,event,25,1번째 방문,True,,,1,한식스타일 이탈리아메뉴가 있어서 독특했고 아이들도 맛있게 잘 먹고 갑니다 특별한 메뉴가 먹고 싶을때 시도해 볼 만 합니다,69,67,0,0,1,1,0,0,0,0,0,0,0,0,1,1,0,0,0,0,0,0,0,0,0,0,0,1,0,1,0,0,0,1,1,0,0,0,0,0,0
이태리국시,채딘,26,2026.02.25,2,영수증,맛도 양도 만족해요💓 특히 직원분들도 너무 친절하셔서 감사했습니다 ㅎㅎ 분위기도 좋아서 소개팅이나 모임에도 좋을거 같아욥!!,맛도 양도 만족해요💓 특히 직원분들도 너무 친절하셔서 감사했습니다 ㅎㅎ 분위기도 좋아서 소개팅이나 모임에도 좋을거 같아욥!!,True,event,26,2번째 방문,True,,,1,맛도 양도 만족해요 특히 직원분들도 너무 친절하셔서 감사했습니다 분위기도 좋아서 소개팅이나 모임에도 좋을거 같아욥,69,63,0,0,1,1,3,1,1,0,0,0,0,0,0,0,1,0,2,0,0,0,0,0,0,0,0,1,0,0,1,0,0,0,0,1,1,0,0,0,0
이태리국시,박정윤46,8,2026.05.08,1,영수증,외국인 친구랑 같이 방문했는데 한국 스타일 파스타라고 엄청 만족했습니다 저도 맛있게 먹었어요 매장도 넓고 분위기도 엄청 좋아요,외국인 친구랑 같이 방문했는데 한국 스타일 파스타라고 엄청 만족했습니다 저도 맛있게 먹었어요 매장도 넓고 분위기도 엄청 좋아요,True,event,8,1번째 방문,True,,,1,외국인 친구랑 같이 방문했는데 한국 스타일 파스타라고 엄청 만족했습니다 저도 맛있게 먹었어요 매장도 넓고 분위기도 엄청 좋아요,70,70,0,0,1,1,2,1,1,1,1,0,0,0,2,1,2,0,0,0,0,0,0,0,0,0,0,0,0,1,0,0,0,0,0,1,1,0,0,0,0
이태리국시,ds4876,32,2026.05.03,1,영수증,퓨전 이태리음식이여서 궁금했는데 대창파스타 너무 저와 남편입맛에 딱이었어요!!🤤 해산물 좋아하면 갑오징어 파스타도 추천해요!!,퓨전 이태리음식이여서 궁금했는데 대창파스타 너무 저와 남편입맛에 딱이었어요!!🤤 해산물 좋아하면 갑오징어 파스타도 추천해요!!,True,event,32,1번째 방문,True,,,1,퓨전 이태리음식이여서 궁금했는데 대창파스타 너무 저와 남편입맛에 딱이었어요 해산물 좋아하면 갑오징어 파스타도 추천해요,70,65,0,0,1,1,0,0,0,0,0,0,0,0,1,1,1,0,4,1,0,0,0,0,0,0,0,1,0,1,0,0,0,1,1,0,0,0,0,0,0
이태리국시,랑지31,19,2026.05.01,1,영수증,예약 없이 왔지만 긴 웨이팅 없이 들어올 수 있었고 자칫 느끼할 수 있는 메뉴들인데 느끼하지 않아서 너무 맛있게 먹었습니다-*,예약 없이 왔지만 긴 웨이팅 없이 들어올 수 있었고 자칫 느끼할 수 있는 메뉴들인데 느끼하지 않아서 너무 맛있게 먹었습니다-*,True,event,19,1번째 방문,True,,,1,예약 없이 왔지만 긴 웨이팅 없이 들어올 수 있었고 자칫 느끼할 수 있는 메뉴들인데 느끼하지 않아서 너무 맛있게 먹었습니다,70,68,0,0,1,1,1,1,0,0,0,0,0,0,1,1,1,0,0,0,0,0,1,0,0,0,0,1,0,1,0,0,0,0,0,1,1,0,0,0,0
이태리국시,유후5576,15,2026.02.22,1,영수증,맛잇네요 숯불대창 돌솥파스타는 매콤하니 맛잇고 반계마늘리조또는 마늘향이 진하니 맛나요. 닭고기도 연하네요! 담에 또 오고싶어요,맛잇네요 숯불대창 돌솥파스타는 매콤하니 맛잇고 반계마늘리조또는 마늘향이 진하니 맛나요. 닭고기도 연하네요! 담에 또 오고싶어요,True,event,15,1번째 방문,True,,,1,맛잇네요 숯불대창 돌솥파스타는 매콤하니 맛잇고 반계마늘리조또는 마늘향이 진하니 맛나요 닭고기도 연하네요 담에 또 오고싶어요,70,68,0,0,1,1,0,0,0,0,0,0,0,0,0,0,0,0,1,0,0,0,0,0,0,0,0,1,0,1,0,0,0,0,0,0,0,0,0,0,0
이태리국시,웅쓰27,20,2026.05.09,1,영수증,성수 이태리국시 처음와봣는데 양식을 먹으면서 한식을 먹는거처럼 부담스럽지않고 맛있습니다~ 다음엔 미리 웨이팅해서 방문할생각입니다,성수 이태리국시 처음와봣는데 양식을 먹으면서 한식을 먹는거처럼 부담스럽지않고 맛있습니다~ 다음엔 미리 웨이팅해서 방문할생각입니다,True,event,20,1번째 방문,True,,,1,성수 이태리국시 처음와봣는데 양식을 먹으면서 한식을 먹는거처럼 부담스럽지않고 맛있습니다 다음엔 미리 웨이팅해서 방문할생각입니다,71,70,0,0,1,1,1,1,0,0,0,0,0,0,1,1,0,0,0,0,0,0,0,0,0,0,0,1,0,1,0,0,0,0,0,1,1,0,0,0,0
이태리국시,syd****,2,2026.05.03,1,영수증,와~ 맛이 너무 좋아요. 성수 핫플레이스에서 꼭 가봐야하는 맛집으로 꼭 추천입니다. 지인들과 함께 왔는데 다들 맘에 들어하네요.,와~ 맛이 너무 좋아요. 성수 핫플레이스에서 꼭 가봐야하는 맛집으로 꼭 추천입니다. 지인들과 함께 왔는데 다들 맘에 들어하네요.,True,event,2,1번째 방문,True,,,1,와 맛이 너무 좋아요 성수 핫플레이스에서 꼭 가봐야하는 맛집으로 꼭 추천입니다 지인들과 함께 왔는데 다들 맘에 들어하네요,71,67,0,0,1,1,0,0,0,0,0,0,0,0,3,1,1,0,0,0,0,0,0,0,0,0,1,0,0,1,0,0,0,1,1,0,0,0,0,0,0
이태리국시,먕먕몽,30,2026.04.28,1,영수증,상상치도 못한 메뉴들이었는데 정말 맛있었어요 ㅜㅜ 다음에도 또 다시 올 것 같네요 ㅎㅎ 특히 빠에야 정말 강력 추천드립니다 ㅎㅎ,상상치도 못한 메뉴들이었는데 정말 맛있었어요 ㅜㅜ 다음에도 또 다시 올 것 같네요 ㅎㅎ 특히 빠에야 정말 강력 추천드립니다 ㅎㅎ,True,event,30,1번째 방문,True,,,1,상상치도 못한 메뉴들이었는데 정말 맛있었어요 다음에도 또 다시 올 것 같네요 특히 빠에야 정말 강력 추천드립니다,71,62,0,0,1,1,0,0,0,0,0,0,0,0,2,1,0,0,0,0,0,0,0,0,0,0,0,1,0,1,0,0,0,1,1,0,0,0,0,0,0
이태리국시,twi****,35,2026.04.17,1,영수증,우연히 찾게된 맛집인데 음식이 너무 맛있네요~ 재료도 신선하고 테이블이 거의 다 창가에 있어서 그런지 분위기가 넘 좋아요! 😆😃,우연히 찾게된 맛집인데 음식이 너무 맛있네요~ 재료도 신선하고 테이블이 거의 다 창가에 있어서 그런지 분위기가 넘 좋아요! 😆😃,True,event,35,1번째 방문,True,,,1,우연히 찾게된 맛집인데 음식이 너무 맛있네요 재료도 신선하고 테이블이 거의 다 창가에 있어서 그런지 분위기가 넘 좋아요,71,66,0,0,1,1,1,1,0,0,0,0,0,0,4,1,1,0,1,0,0,0,0,0,0,0,0,1,0,1,0,0,0,0,0,1,1,0,0,0,0
이태리국시,jemin17,22,2026.03.14,1,영수증,처음 방문해보는데 메뉴도 정갈하고 맛있어요!! 직원분들도 친절하시고 메뉴도 다양해서 고르는 재미가 있네요~ 다음에 또 올게요!!,처음 방문해보는데 메뉴도 정갈하고 맛있어요!! 직원분들도 친절하시고 메뉴도 다양해서 고르는 재미가 있네요~ 다음에 또 올게요!!,True,event,22,1번째 방문,True,,,1,처음 방문해보는데 메뉴도 정갈하고 맛있어요 직원분들도 친절하시고 메뉴도 다양해서 고르는 재미가 있네요 다음에 또 올게요,71,66,0,0,1,1,2,1,1,0,0,0,0,0,1,1,0,0,4,1,0,0,0,1,1,0,0,1,0,1,0,0,0,0,0,1,1,0,0,0,0
이태리국시,papuri,16,2026.05.03,1,영수증,"여자친구와 방문했습니다. 일단 음식도 다양하고 너무 맛있네요! 매장도 엄청 넓고, 분위기도 아늑하니 좋아요! 다음에 또 방문할게요","여자친구와 방문했습니다. 일단 음식도 다양하고 너무 맛있네요! 매장도 엄청 넓고, 분위기도 아늑하니 좋아요! 다음에 또 방문할게요",True,event,16,1번째 방문,True,,,1,여자친구와 방문했습니다 일단 음식도 다양하고 너무 맛있네요 매장도 엄청 넓고 분위기도 아늑하니 좋아요 다음에 또 방문할게요,72,68,0,0,1,1,2,1,1,1,1,0,0,0,2,1,2,0,2,0,0,0,0,1,1,0,0,1,0,1,0,0,0,0,0,1,1,0,0,0,0
이태리국시,fraise22,72,2026.04.26,1,영수증,"퓨전양식 처음 먹어봤는데 너무 맛있어요! 허겁지겁 먹느라 사진을 처음에 못찍었는데 플레이팅도 예쁘고, 너무 맛있게 잘 먹었습니다!","퓨전양식 처음 먹어봤는데 너무 맛있어요! 허겁지겁 먹느라 사진을 처음에 못찍었는데 플레이팅도 예쁘고, 너무 맛있게 잘 먹었습니다!",True,event,72,1번째 방문,True,,,1,퓨전양식 처음 먹어봤는데 너무 맛있어요 허겁지겁 먹느라 사진을 처음에 못찍었는데 플레이팅도 예쁘고 너무 맛있게 잘 먹었습니다,72,69,0,0,1,1,0,0,0,0,0,0,0,0,2,1,2,0,2,0,0,0,0,0,0,0,0,1,1,1,0,0,0,1,1,0,0,0,0,0,0
이태리국시,si2unnn,16,2026.04.20,1,영수증,"반계리조또 너무 맛있어요! 대창파스타도 자극적인 맛,,, 최고! 상추장아찌랑 곁들여서 먹으면 넘 맛있습니당! 잘 먹고 갑니다 ~~","반계리조또 너무 맛있어요! 대창파스타도 자극적인 맛,,, 최고! 상추장아찌랑 곁들여서 먹으면 넘 맛있습니당! 잘 먹고 갑니다 ~~",True,event,16,1번째 방문,True,,,1,반계리조또 너무 맛있어요 대창파스타도 자극적인 맛 최고 상추장아찌랑 곁들여서 먹으면 넘 맛있습니당 잘 먹고 갑니다,72,63,0,0,1,1,0,0,0,0,0,0,0,0,4,1,1,0,3,1,0,0,0,0,0,0,0,1,0,1,0,0,0,1,1,0,0,0,0,0,0
이태리국시,kimdh92,9,2026.04.17,1,영수증,"매장이 넓어서 편하고 음식이 맛있어요 특히 파스타가 엄청 맛있었고, 떡볶이에도 떡 말고 파스타랑 치즈도 많이 들어가서 맛있어요~~","매장이 넓어서 편하고 음식이 맛있어요 특히 파스타가 엄청 맛있었고, 떡볶이에도 떡 말고 파스타랑 치즈도 많이 들어가서 맛있어요~~",True,event,9,1번째 방문,True,,,1,매장이 넓어서 편하고 음식이 맛있어요 특히 파스타가 엄청 맛있었고 떡볶이에도 떡 말고 파스타랑 치즈도 많이 들어가서 맛있어요,72,69,0,0,1,1,1,1,0,0,0,0,0,0,3,1,1,0,0,0,0,0,0,0,0,0,0,0,0,1,0,0,0,0,0,1,1,0,0,0,0
이태리국시,바다11111,11,2026.04.15,1,영수증,맛있다고 유명한 곳이라 기대하고 방문했습니다ㅎ 특선메뉴랑 시그니처로 담아봤는데 기대보다 더 맛있어서 좋았어요 행복한 식사였습니다~,맛있다고 유명한 곳이라 기대하고 방문했습니다ㅎ 특선메뉴랑 시그니처로 담아봤는데 기대보다 더 맛있어서 좋았어요 행복한 식사였습니다~,True,event,11,1번째 방문,True,,,1,맛있다고 유명한 곳이라 기대하고 방문했습니다 특선메뉴랑 시그니처로 담아봤는데 기대보다 더 맛있어서 좋았어요 행복한 식사였습니다,72,70,0,0,1,1,0,0,0,0,0,0,0,0,2,1,0,0,0,0,0,0,0,0,0,0,0,1,0,1,0,0,0,1,1,0,0,0,0,0,0
이태리국시,kol****,7,2026.04.06,1,영수증,여기 가게만의 특징있고 재미있는 메뉴가 있고 직원분들도 친절하셔서 좋아요! 성수에서 맛있고 특별한 메뉴를 찾으시면 여기로 오세요!,여기 가게만의 특징있고 재미있는 메뉴가 있고 직원분들도 친절하셔서 좋아요! 성수에서 맛있고 특별한 메뉴를 찾으시면 여기로 오세요!,True,event,7,1번째 방문,True,,,1,여기 가게만의 특징있고 재미있는 메뉴가 있고 직원분들도 친절하셔서 좋아요 성수에서 맛있고 특별한 메뉴를 찾으시면 여기로 오세요,72,70,0,0,1,1,2,1,1,0,0,0,0,0,2,1,0,0,2,0,0,0,0,0,0,0,0,0,0,1,0,0,0,0,0,1,1,0,0,0,0
이태리국시,뿌잉ㅎㅁㅇ,36,2026.03.28,1,영수증,일단 인테리어와 분위기가 차분해서 좋았어요. 익숙한 맛이라 어렵지 않게 맛있게 먹을 수 있었습니다! 알바생들도 친절하시고 좋아요.,일단 인테리어와 분위기가 차분해서 좋았어요. 익숙한 맛이라 어렵지 않게 맛있게 먹을 수 있었습니다! 알바생들도 친절하시고 좋아요.,True,event,36,1번째 방문,True,,,1,일단 인테리어와 분위기가 차분해서 좋았어요 익숙한 맛이라 어렵지 않게 맛있게 먹을 수 있었습니다 알바생들도 친절하시고 좋아요,72,69,0,0,1,1,2,1,1,0,0,0,0,0,2,1,0,0,1,0,0,0,0,0,0,0,0,1,0,1,0,0,0,0,0,1,1,0,0,0,0
이태리국시,호호5249,4,2026.03.28,1,영수증,아이들과 성수동 와서 구경하고 맛집찾다 발견한곳🩷분위기 좋은 곳에서 맛있는 음식 먹고 좋은 추억 만들었어요~🥰👍다음에 또 올게요😊,아이들과 성수동 와서 구경하고 맛집찾다 발견한곳🩷분위기 좋은 곳에서 맛있는 음식 먹고 좋은 추억 만들었어요~🥰👍다음에 또 올게요😊,True,event,4,1번째 방문,True,,,1,아이들과 성수동 와서 구경하고 맛집찾다 발견한곳 분위기 좋은 곳에서 맛있는 음식 먹고 좋은 추억 만들었어요 다음에 또 올게요,72,69,0,0,1,1,1,1,0,0,0,0,0,0,2,1,0,0,0,0,0,0,0,1,1,0,1,0,0,1,0,0,0,0,0,1,1,0,0,0,0
이태리국시,링고망고26,28,2026.05.04,1,영수증,성수맛집검색해서 왔는데 진짜맛집이네요 아이도 엄마도 이모도 다맛있어했어요 완전만족합니다 직원분들도 너무친절해서 기분좋게먹고갑니다~♡,성수맛집검색해서 왔는데 진짜맛집이네요 아이도 엄마도 이모도 다맛있어했어요 완전만족합니다 직원분들도 너무친절해서 기분좋게먹고갑니다~♡,True,event,28,1번째 방문,True,,,1,성수맛집검색해서 왔는데 진짜맛집이네요 아이도 엄마도 이모도 다맛있어했어요 완전만족합니다 직원분들도 너무친절해서 기분좋게먹고갑니다,73,71,0,0,1,1,2,1,1,0,0,0,0,0,3,1,3,1,0,0,0,0,1,0,0,0,0,1,0,1,0,0,0,0,0,1,1,0,0,0,0
이태리국시,yew****,27,2026.05.01,1,영수증,데이트하기 너무 좋을 거 같고 음식들도 다 맛있었어요!! 미리 예약하고 오시는 걸 추천드립니다! 해지고 오면 더 좋을 거 같아요ㅎㅎ,데이트하기 너무 좋을 거 같고 음식들도 다 맛있었어요!! 미리 예약하고 오시는 걸 추천드립니다! 해지고 오면 더 좋을 거 같아요ㅎㅎ,True,event,27,1번째 방문,True,,,1,데이트하기 너무 좋을 거 같고 음식들도 다 맛있었어요 미리 예약하고 오시는 걸 추천드립니다 해지고 오면 더 좋을 거 같아요,73,68,0,0,1,1,0,0,0,1,1,0,0,0,2,1,1,0,3,1,0,0,0,0,0,0,0,1,0,1,0,0,0,0,0,1,1,0,0,0,0
이태리국시,빈병21,5,2026.04.04,1,영수증,그냥 파스타랑 평범한 리조또랑 다르게 한식도 좋아하는 저에게 안성만춘이었던 식당이었습니다 파스타 진짜 너무너무 맛있어요 감칠맛 폭발,그냥 파스타랑 평범한 리조또랑 다르게 한식도 좋아하는 저에게 안성만춘이었던 식당이었습니다 파스타 진짜 너무너무 맛있어요 감칠맛 폭발,True,event,5,1번째 방문,True,,,1,그냥 파스타랑 평범한 리조또랑 다르게 한식도 좋아하는 저에게 안성만춘이었던 식당이었습니다 파스타 진짜 너무너무 맛있어요 감칠맛 폭발,73,73,0,0,1,1,0,0,0,0,0,0,0,0,1,1,3,1,0,0,0,0,1,0,0,0,1,0,0,1,0,0,0,1,1,0,0,0,0,0,0
이태리국시,진짱오리배,36,2026.05.09,1,영수증,웨이팅 좀 있었지만 음식은 주문하고 빨리 나오는 편이라 좋았어요! 음식 비주얼도 예쁘고 분위기 좋아서 모임하기도 괜찮을 거 같아요!!,웨이팅 좀 있었지만 음식은 주문하고 빨리 나오는 편이라 좋았어요! 음식 비주얼도 예쁘고 분위기 좋아서 모임하기도 괜찮을 거 같아요!!,True,event,36,1번째 방문,True,,,1,웨이팅 좀 있었지만 음식은 주문하고 빨리 나오는 편이라 좋았어요 음식 비주얼도 예쁘고 분위기 좋아서 모임하기도 괜찮을 거 같아요,74,71,0,0,1,1,3,1,1,0,0,0,0,0,0,0,0,0,3,1,0,0,0,0,0,0,0,1,0,1,0,0,0,0,0,1,1,0,0,0,0
이태리국시,fpe****,25,2026.05.08,1,영수증,특이한 메뉴가 있어서 넘 조와요 🫶🏻🤍🤍 매운 조합과 담백 조합 굿굿입니다 전에도 이걸로 먹었어요! 성수 오면 여기 무조건 추천 !!,특이한 메뉴가 있어서 넘 조와요 🫶🏻🤍🤍 매운 조합과 담백 조합 굿굿입니다 전에도 이걸로 먹었어요! 성수 오면 여기 무조건 추천 !!,True,event,25,1번째 방문,True,,,1,특이한 메뉴가 있어서 넘 조와요 매운 조합과 담백 조합 굿굿입니다 전에도 이걸로 먹었어요 성수 오면 여기 무조건 추천,74,65,0,0,1,1,0,0,0,0,0,0,0,0,2,1,0,0,3,1,0,0,0,0,0,0,0,1,0,1,0,0,0,1,1,0,0,0,0,0,0
이태리국시,sih****,16,2026.04.30,1,영수증,분위기도 너무 좋고 메뉴도 흔치 않은 메뉴라 너무 신선하고 좋았어요!!☺️ 깍두기 리조또가 정말 맛있옸어요 ㅠㅠ… 정말 추천합니다❤️,분위기도 너무 좋고 메뉴도 흔치 않은 메뉴라 너무 신선하고 좋았어요!!☺️ 깍두기 리조또가 정말 맛있옸어요 ㅠㅠ… 정말 추천합니다❤️,True,event,16,1번째 방문,True,,,1,분위기도 너무 좋고 메뉴도 흔치 않은 메뉴라 너무 신선하고 좋았어요 깍두기 리조또가 정말 맛있옸어요 정말 추천합니다,74,64,0,0,1,1,1,1,0,0,0,0,0,0,2,1,2,0,2,0,0,0,0,0,0,0,0,1,0,1,0,0,0,0,0,1,1,0,0,0,0
이태리국시,자몽캐모마일티,20,2026.04.30,1,영수증,가게이름답게 멋진 퓨전음식을 파는 곳!! 파스타와 한식의 조합이 적절하게 어우러져서 더 맛있었어요 다른 메뉴 도장깨기하러 다시 올게요🤗,가게이름답게 멋진 퓨전음식을 파는 곳!! 파스타와 한식의 조합이 적절하게 어우러져서 더 맛있었어요 다른 메뉴 도장깨기하러 다시 올게요🤗,True,event,20,1번째 방문,True,,,1,가게이름답게 멋진 퓨전음식을 파는 곳 파스타와 한식의 조합이 적절하게 어우러져서 더 맛있었어요 다른 메뉴 도장깨기하러 다시 올게요,75,72,0,0,1,1,0,0,0,0,0,0,0,0,1,1,0,0,2,0,0,0,0,0,0,0,0,1,0,1,0,0,0,1,1,0,0,0,0,0,0
이태리국시,BBO62,78,2026.04.18,1,영수증,한식으로 해석한 이탈리아 요리였어요! 신선하고 자극적이지 않고 아이도 어른도 정말 맛있게 먹을수 있었어요 다음엔 친구들하고 와봐야지 ㅎ,한식으로 해석한 이탈리아 요리였어요! 신선하고 자극적이지 않고 아이도 어른도 정말 맛있게 먹을수 있었어요 다음엔 친구들하고 와봐야지 ㅎ,True,event,78,1번째 방문,True,,,1,한식으로 해석한 이탈리아 요리였어요 신선하고 자극적이지 않고 아이도 어른도 정말 맛있게 먹을수 있었어요 다음엔 친구들하고 와봐야지,75,72,0,0,1,1,0,0,0,1,1,0,0,0,1,1,0,0,1,0,0,0,0,0,0,0,0,1,1,1,0,0,0,0,0,1,1,0,0,0,0
이태리국시,zof****,19,2026.04.08,1,영수증,음식 하나하나가 너무 맛있고 엄청 친절하시고 매장도 분위기있고 깔끔해요 음식하나하나 신경쓰인게 보이고 너무 잫먹었습니다 데이트맛집추천👌,음식 하나하나가 너무 맛있고 엄청 친절하시고 매장도 분위기있고 깔끔해요 음식하나하나 신경쓰인게 보이고 너무 잫먹었습니다 데이트맛집추천👌,True,event,19,1번째 방문,True,,,1,음식 하나하나가 너무 맛있고 엄청 친절하시고 매장도 분위기있고 깔끔해요 음식하나하나 신경쓰인게 보이고 너무 잫먹었습니다 데이트맛집추천,75,74,0,0,1,1,3,1,1,1,1,0,0,0,3,1,3,1,0,0,0,0,0,0,0,0,0,1,0,1,0,0,0,0,0,1,1,0,0,0,0
이태리국시,은마루고구마,29,2026.04.06,1,영수증,퓨전한식집인데 완젼 맛있어요! 특히 리조또가 완전 심금을 울립니다... 꼭 꼭 시켜드세요 깔끔한 인테리어 속에서 잘 먹고 갑니다!!^^,퓨전한식집인데 완젼 맛있어요! 특히 리조또가 완전 심금을 울립니다... 꼭 꼭 시켜드세요 깔끔한 인테리어 속에서 잘 먹고 갑니다!!^^,True,event,29,1번째 방문,True,,,1,퓨전한식집인데 완젼 맛있어요 특히 리조또가 완전 심금을 울립니다 꼭 꼭 시켜드세요 깔끔한 인테리어 속에서 잘 먹고 갑니다,75,67,0,0,1,1,0,0,0,0,0,0,0,0,1,1,1,0,3,1,0,0,0,0,0,0,0,1,0,1,0,0,0,1,1,0,0,0,0,0,0
이태리국시,jjo****,16,2026.04.28,1,영수증,연인과 같이 방문했는데 양도 많고 너무 맛있었습니다.특히 깍두기&amp;삼겹 리조토가 진짜진짜 맛있었어요.후회하지 않을 맛집입니다.강추!,연인과 같이 방문했는데 양도 많고 너무 맛있었습니다.특히 깍두기&amp;삼겹 리조토가 진짜진짜 맛있었어요.후회하지 않을 맛집입니다.강추!,True,event,16,1번째 방문,True,,,1,연인과 같이 방문했는데 양도 많고 너무 맛있었습니다 특히 깍두기 amp 삼겹 리조토가 진짜진짜 맛있었어요 후회하지 않을 맛집입니다 강추,76,75,0,0,1,1,0,0,0,0,0,0,0,0,4,1,3,1,1,0,0,0,1,0,0,0,0,1,0,1,0,0,0,1,1,0,0,0,0,0,0
이태리국시,woo8517,7,2026.04.28,1,영수증,숯불 대창 돌솥 파스타랑 바질 해산물 국물 파스타 너무 맛있어요! 숯불 맛도 나고 칼칼해서 입맛에 맞았어요. 다음에 생각 날거같아요 :),숯불 대창 돌솥 파스타랑 바질 해산물 국물 파스타 너무 맛있어요! 숯불 맛도 나고 칼칼해서 입맛에 맞았어요. 다음에 생각 날거같아요 :),True,event,7,1번째 방문,True,,,1,숯불 대창 돌솥 파스타랑 바질 해산물 국물 파스타 너무 맛있어요 숯불 맛도 나고 칼칼해서 입맛에 맞았어요 다음에 생각 날거같아요,76,71,0,0,1,1,0,0,0,0,0,0,0,0,1,1,1,0,1,0,0,0,0,0,0,0,0,0,0,1,0,0,0,1,1,0,0,0,0,0,0
이태리국시,ycy****,4,2026.04.25,1,영수증,음식도 한식 양식 퓨전으로 신선하고 너무 맛있게 먹었습니다 !! 직원분들도 너무 친절하세요! 데이트나 소개팅 하기 너무 좋은 식당입니다!,음식도 한식 양식 퓨전으로 신선하고 너무 맛있게 먹었습니다 !! 직원분들도 너무 친절하세요! 데이트나 소개팅 하기 너무 좋은 식당입니다!,True,event,4,1번째 방문,True,,,1,음식도 한식 양식 퓨전으로 신선하고 너무 맛있게 먹었습니다 직원분들도 너무 친절하세요 데이트나 소개팅 하기 너무 좋은 식당입니다,76,71,0,0,1,1,2,1,1,1,1,0,0,0,1,1,3,1,4,1,0,0,0,0,0,0,1,0,0,1,0,0,0,0,0,1,1,0,0,0,0
이태리국시,출출쓰,111,2026.04.17,1,영수증,추천 받아서 그동안 벼르고 벼르다가 왔어요!! 점심 특선 시간 맞춰서 와서 맛있게 먹었네요ㅋㅋㅋ 매장도 쾌적하고 건물도 새거라 넘 😀 👍,추천 받아서 그동안 벼르고 벼르다가 왔어요!! 점심 특선 시간 맞춰서 와서 맛있게 먹었네요ㅋㅋㅋ 매장도 쾌적하고 건물도 새거라 넘 😀 👍,True,event,111,1번째 방문,True,,,1,추천 받아서 그동안 벼르고 벼르다가 왔어요 점심 특선 시간 맞춰서 와서 맛있게 먹었네요 매장도 쾌적하고 건물도 새거라 넘,76,67,0,0,1,1,1,1,0,1,1,0,0,0,3,1,0,0,2,0,0,0,0,0,0,0,0,1,1,1,0,0,0,0,0,1,1,0,0,0,0
이태리국시,sie****,2,2026.04.11,1,영수증,근래 성수에서 갔던 식당 중에 제일 맛있어요 맛있는 메뉴가 너무 많아서 고르기 어렵다는 점… 숯불대창돌솥파스타 꼭 드시길 추천드립니당 !,근래 성수에서 갔던 식당 중에 제일 맛있어요 맛있는 메뉴가 너무 많아서 고르기 어렵다는 점… 숯불대창돌솥파스타 꼭 드시길 추천드립니당 !,True,event,2,1번째 방문,True,,,1,근래 성수에서 갔던 식당 중에 제일 맛있어요 맛있는 메뉴가 너무 많아서 고르기 어렵다는 점 숯불대창돌솥파스타 꼭 드시길 추천드립니당,76,73,0,0,1,1,0,0,0,0,0,0,0,0,3,1,1,0,1,0,0,0,1,0,0,0,1,0,0,1,0,0,0,1,1,0,0,0,0,0,0
이태리국시,zk****,64,2026.03.28,1,영수증,여기 음식 맛있다구 해서 첫방문 했는데 진짜 맛있네욤… 뇨끼랑 리조또가 대박이에요(๑╹ω╹๑) 또 방문히게 될 것 같아요 잘 먹었습니다😆,여기 음식 맛있다구 해서 첫방문 했는데 진짜 맛있네욤… 뇨끼랑 리조또가 대박이에요(๑╹ω╹๑) 또 방문히게 될 것 같아요 잘 먹었습니다😆,True,event,64,1번째 방문,True,,,1,여기 음식 맛있다구 해서 첫방문 했는데 진짜 맛있네욤 뇨끼랑 리조또가 대박이에요 또 방문히게 될 것 같아요 잘 먹었습니다,76,67,0,0,1,1,0,0,0,0,0,1,0,0,2,1,2,0,0,0,0,0,1,1,1,0,0,1,1,1,0,0,0,1,1,0,0,0,0,0,0
이태리국시,hee175,31,2026.02.25,1,영수증,피자가 진짜 맛도리!! 파스타는 월수금 런치메뉴에요 :) 이거는 가성비 구웃! 남자친구가 회사 근처로 와서 점심데이트 했는데 딱조아요☺️,피자가 진짜 맛도리!! 파스타는 월수금 런치메뉴에요 :) 이거는 가성비 구웃! 남자친구가 회사 근처로 와서 점심데이트 했는데 딱조아요☺️,True,event,31,1번째 방문,True,,,1,피자가 진짜 맛도리 파스타는 월수금 런치메뉴에요 이거는 가성비 구웃 남자친구가 회사 근처로 와서 점심데이트 했는데 딱조아요,76,68,0,0,1,1,1,1,0,3,1,0,0,0,0,0,1,0,3,1,0,0,0,0,0,0,0,1,0,1,0,0,0,0,0,1,1,0,0,0,0
이태리국시,옴냠,45,2026.02.16,1,영수증,메뉴가 하나하나 너뮤 특별하고 맛있어요!🥰🥰 특히 뇨끼가 수준급! 가족모임으로 왔는데 성수에서만 먹을 수 있는 메뉴라 더 특별하네요 ㅎㅎ,메뉴가 하나하나 너뮤 특별하고 맛있어요!🥰🥰 특히 뇨끼가 수준급! 가족모임으로 왔는데 성수에서만 먹을 수 있는 메뉴라 더 특별하네요 ㅎㅎ,True,event,45,1번째 방문,True,,,1,메뉴가 하나하나 너뮤 특별하고 맛있어요 특히 뇨끼가 수준급 가족모임으로 왔는데 성수에서만 먹을 수 있는 메뉴라 더 특별하네요,76,69,0,0,1,1,0,0,0,1,1,0,0,0,1,1,0,0,2,0,0,0,0,0,0,0,0,1,0,1,0,0,0,0,0,1,1,0,0,0,0
이태리국시,dolceLatte,55,2026.05.09,1,영수증,진짜 맛있어요! 간도 딱 맛있는만큼 짭짤하니 딱 좋아요! 추천추천 또 올거에요!! 돌솥에 나와서 음식 온도도 맘에들어요 싹싹 다 먹었습니다,진짜 맛있어요! 간도 딱 맛있는만큼 짭짤하니 딱 좋아요! 추천추천 또 올거에요!! 돌솥에 나와서 음식 온도도 맘에들어요 싹싹 다 먹었습니다,True,event,55,1번째 방문,True,,,1,진짜 맛있어요 간도 딱 맛있는만큼 짭짤하니 딱 좋아요 추천추천 또 올거에요 돌솥에 나와서 음식 온도도 맘에들어요 싹싹 다 먹었습니다,77,73,0,0,1,1,0,0,0,0,0,0,0,0,5,1,1,0,4,1,0,0,1,0,0,0,0,1,1,1,0,0,0,1,1,0,0,0,0,0,0
이태리국시,kim****,5,2026.05.06,1,영수증,점심특선 메뉴와 갈비깍뚜기리조토 먹었어요 익숙한 맛이 나서 좋았습니다 ㅎㅎ 매장 분위기도 좋고 직원분들도 친절하세요 근처 오시면 추천합니다,점심특선 메뉴와 갈비깍뚜기리조토 먹었어요 익숙한 맛이 나서 좋았습니다 ㅎㅎ 매장 분위기도 좋고 직원분들도 친절하세요 근처 오시면 추천합니다,True,event,5,1번째 방문,True,,,1,점심특선 메뉴와 갈비깍뚜기리조토 먹었어요 익숙한 맛이 나서 좋았습니다 매장 분위기도 좋고 직원분들도 친절하세요 근처 오시면 추천합니다,77,74,0,0,1,1,4,1,1,1,1,0,0,0,1,1,0,0,0,0,0,0,0,0,0,0,1,0,0,1,0,0,0,0,0,1,1,0,0,0,0
이태리국시,우주최강최강,23,2026.04.09,1,영수증,다같이 모임하기 좋은 장소인거 같아요! 메뉴도 하나하나 너무 맛있었습니다~~ 뇨끼 장난아니고 감튀도 바삭바삭하고 리조또 진짜 추천입니다~~,다같이 모임하기 좋은 장소인거 같아요! 메뉴도 하나하나 너무 맛있었습니다~~ 뇨끼 장난아니고 감튀도 바삭바삭하고 리조또 진짜 추천입니다~~,True,event,23,1번째 방문,True,,,1,다같이 모임하기 좋은 장소인거 같아요 메뉴도 하나하나 너무 맛있었습니다 뇨끼 장난아니고 감튀도 바삭바삭하고 리조또 진짜 추천입니다,77,72,0,0,1,1,0,0,0,0,0,0,0,0,2,1,2,0,1,0,0,0,1,0,0,0,0,1,0,1,0,0,0,1,1,0,0,0,0,0,0
이태리국시,ebs파이널,36,2026.02.22,1,영수증,우연히 들렀는데 음식도 맛있고 분위기도 좋네요. 음식도 정강하게 나와서 즐겁게 식사할 수있었습니다. 다음에 성수에 오게된다면 추천하고싶네요,우연히 들렀는데 음식도 맛있고 분위기도 좋네요. 음식도 정강하게 나와서 즐겁게 식사할 수있었습니다. 다음에 성수에 오게된다면 추천하고싶네요,True,event,36,1번째 방문,True,,,1,우연히 들렀는데 음식도 맛있고 분위기도 좋네요 음식도 정강하게 나와서 즐겁게 식사할 수있었습니다 다음에 성수에 오게된다면 추천하고싶네요,77,75,0,0,1,1,1,1,0,0,0,0,0,0,2,1,0,0,0,0,0,0,0,0,0,0,0,1,0,1,0,0,0,0,0,1,1,0,0,0,0
이태리국시,맛집쪼오아,32,2026.02.15,1,영수증,음식 비주얼이 너무 좋고 엄청 따뜻하게 나와서 더 맛있었어요 재방문의사 있습니다 먹는 메뉴마다 다 맛있었어요 하이볼도 완전 진하고 맛있네요,음식 비주얼이 너무 좋고 엄청 따뜻하게 나와서 더 맛있었어요 재방문의사 있습니다 먹는 메뉴마다 다 맛있었어요 하이볼도 완전 진하고 맛있네요,True,event,32,1번째 방문,True,,,1,음식 비주얼이 너무 좋고 엄청 따뜻하게 나와서 더 맛있었어요 재방문의사 있습니다 먹는 메뉴마다 다 맛있었어요 하이볼도 완전 진하고 맛있네요,77,77,0,0,1,1,0,0,0,0,0,0,0,0,3,1,3,1,0,0,0,0,0,1,1,0,0,1,0,1,0,0,0,1,1,0,0,0,0,0,0
이태리국시,한정연89,58,2026.05.09,1,영수증,"바질해산물 국물파스타, 숯불불고기쌈피자, 한우소곱창파스타 너무 맛있게 먹었답니다 ㅎㅎ 곱창은진짜 여기서만 먹을 수있는 특별한메뉴라 추천합니다","바질해산물 국물파스타, 숯불불고기쌈피자, 한우소곱창파스타 너무 맛있게 먹었답니다 ㅎㅎ 곱창은진짜 여기서만 먹을 수있는 특별한메뉴라 추천합니다",True,event,58,1번째 방문,True,,,1,바질해산물 국물파스타 숯불불고기쌈피자 한우소곱창파스타 너무 맛있게 먹었답니다 곱창은진짜 여기서만 먹을 수있는 특별한메뉴라 추천합니다,78,73,0,0,1,1,0,0,0,0,0,0,0,0,2,1,2,0,0,0,0,0,1,0,0,0,0,1,1,1,0,0,0,1,1,0,0,0,0,0,0
이태리국시,dud****,26,2026.05.08,1,영수증,대표메뉴 두개 시켜봤는데 이유가 있네요!! 돌판이라 식지 않아서 넘 따뜻하고 맛있어용~ 다만 대기가 너무 길어서 예약하는게 좋을 것 같습니당,대표메뉴 두개 시켜봤는데 이유가 있네요!! 돌판이라 식지 않아서 넘 따뜻하고 맛있어용~ 다만 대기가 너무 길어서 예약하는게 좋을 것 같습니당,True,event,26,1번째 방문,True,,,1,대표메뉴 두개 시켜봤는데 이유가 있네요 돌판이라 식지 않아서 넘 따뜻하고 맛있어용 다만 대기가 너무 길어서 예약하는게 좋을 것 같습니당,78,75,0,0,1,1,1,1,0,0,0,0,0,0,2,1,1,0,2,0,0,0,1,0,0,0,0,1,0,1,0,0,0,0,0,1,1,0,0,0,0
이태리국시,che****,24,2026.05.04,2,영수증,파스타 먹고 싶어서 왔는데 부모님과 아이 니즈를 만족시켜줘서 좋았어요~ 주차가 다소 불편한점이 있지만 공용주차장이 많이 있는편이라 괜챦았어요,파스타 먹고 싶어서 왔는데 부모님과 아이 니즈를 만족시켜줘서 좋았어요~ 주차가 다소 불편한점이 있지만 공용주차장이 많이 있는편이라 괜챦았어요,True,event,24,2번째 방문,True,,,1,파스타 먹고 싶어서 왔는데 부모님과 아이 니즈를 만족시켜줘서 좋았어요 주차가 다소 불편한점이 있지만 공용주차장이 많이 있는편이라 괜챦았어요,78,77,0,0,1,1,0,0,0,0,0,0,0,0,0,0,0,0,0,0,0,0,1,0,0,0,0,1,0,0,1,0,0,0,0,0,0,0,0,0,0
이태리국시,짱구와팡팡,64,2026.04.23,1,영수증,"반계마늘돌솥리조또, 대창파스타 모두 처음먹는 듯한 특별한 느낌을 받았고, 가본 양식점 중에서 가장 맛있었습니다. 소주가 없어서 아쉬웠습니다.","반계마늘돌솥리조또, 대창파스타 모두 처음먹는 듯한 특별한 느낌을 받았고, 가본 양식점 중에서 가장 맛있었습니다. 소주가 없어서 아쉬웠습니다.",True,event,64,1번째 방문,True,,,1,반계마늘돌솥리조또 대창파스타 모두 처음먹는 듯한 특별한 느낌을 받았고 가본 양식점 중에서 가장 맛있었습니다 소주가 없어서 아쉬웠습니다,78,74,0,0,1,1,0,0,0,0,0,0,0,0,1,1,0,0,0,0,0,0,0,0,0,0,0,1,1,1,0,0,0,1,1,0,0,0,0,0,0
이태리국시,가나다5883,64,2026.04.19,1,영수증,퓨전 양식집 와봤는데 넘 맛있어요! 닭고기도 촉촉 부들 넘 맛있구 대창도 넘 맛있어서 순식간에 흡입했네욤&gt;&lt; 다음에 또 올게요~~,퓨전 양식집 와봤는데 넘 맛있어요! 닭고기도 촉촉 부들 넘 맛있구 대창도 넘 맛있어서 순식간에 흡입했네욤&gt;&lt; 다음에 또 올게요~~,True,event,64,1번째 방문,True,,,1,퓨전 양식집 와봤는데 넘 맛있어요 닭고기도 촉촉 부들 넘 맛있구 대창도 넘 맛있어서 순식간에 흡입했네욤 gt lt 다음에 또 올게요,78,73,0,0,1,1,0,0,0,0,0,0,0,0,6,1,0,0,1,0,0,0,0,1,1,0,0,1,1,1,0,0,0,1,1,0,0,0,0,0,0
이태리국시,아비서,20,2026.04.07,1,영수증,간이 너무 싱겁지도 않고 짜지도 얺은게 삼삼해서 맛있게 먹을 수 있었어요. 특히 곱창파스타 곱창은 냄새도 하나도 안나고 매콤하니 맛났어요:),간이 너무 싱겁지도 않고 짜지도 얺은게 삼삼해서 맛있게 먹을 수 있었어요. 특히 곱창파스타 곱창은 냄새도 하나도 안나고 매콤하니 맛났어요:),True,event,20,1번째 방문,True,,,1,간이 너무 싱겁지도 않고 짜지도 얺은게 삼삼해서 맛있게 먹을 수 있었어요 특히 곱창파스타 곱창은 냄새도 하나도 안나고 매콤하니 맛났어요,78,75,0,0,1,1,0,0,0,0,0,0,0,0,1,1,1,0,0,0,0,0,1,0,0,0,0,1,0,1,0,0,0,1,1,0,0,0,0,0,0
이태리국시,OnulSmile,46,2026.03.22,1,예약,숯불대창 돌솥파스타랑 쌈피자 먹었는데 조합 너무 좋아요! 불향도 좋고 음식이 끝까지 따뜻해서 더 맛있게 먹었습니다 매장 분위기도 깔끔해요.👍,숯불대창 돌솥파스타랑 쌈피자 먹었는데 조합 너무 좋아요! 불향도 좋고 음식이 끝까지 따뜻해서 더 맛있게 먹었습니다 매장 분위기도 깔끔해요.👍,True,event,46,1번째 방문,True,,,1,숯불대창 돌솥파스타랑 쌈피자 먹었는데 조합 너무 좋아요 불향도 좋고 음식이 끝까지 따뜻해서 더 맛있게 먹었습니다 매장 분위기도 깔끔해요,78,75,0,0,1,1,2,1,1,0,0,0,0,0,2,1,1,0,1,0,0,0,0,0,0,0,0,1,0,1,0,0,0,0,0,1,1,0,0,0,0
이태리국시,kjy414,28,2026.02.17,1,영수증,빠에야랑 바지락파스타 시켰는데 맛있게 잘 먹었습니다!새우랑 갑오징어가 정말 실해요. 매장 분위기도 좋고 데이트하러 오기 좋은 것 같아요 ㅎㅎ,빠에야랑 바지락파스타 시켰는데 맛있게 잘 먹었습니다!새우랑 갑오징어가 정말 실해요. 매장 분위기도 좋고 데이트하러 오기 좋은 것 같아요 ㅎㅎ,True,event,28,1번째 방문,True,,,1,빠에야랑 바지락파스타 시켰는데 맛있게 잘 먹었습니다 새우랑 갑오징어가 정말 실해요 매장 분위기도 좋고 데이트하러 오기 좋은 것 같아요,78,74,0,0,1,1,2,1,1,1,1,0,0,0,1,1,0,0,1,0,0,0,0,0,0,0,0,1,0,1,0,0,0,0,0,1,1,0,0,0,0
이태리국시,wis****,19,2026.05.05,1,영수증,둘이 와서 곱창이랑 반계 시켰는데 양도 많고 진짜 맛있어요❤️ 고기도 많이 들어있고 진짜 존맛탱! 튿히 반계마늘리조또는 필수로 드시길 plz🙏,둘이 와서 곱창이랑 반계 시켰는데 양도 많고 진짜 맛있어요❤️ 고기도 많이 들어있고 진짜 존맛탱! 튿히 반계마늘리조또는 필수로 드시길 plz🙏,True,event,19,1번째 방문,True,,,1,둘이 와서 곱창이랑 반계 시켰는데 양도 많고 진짜 맛있어요 고기도 많이 들어있고 진짜 존맛탱 튿히 반계마늘리조또는 필수로 드시길 plz,79,75,0,0,1,1,0,0,0,0,0,0,0,0,1,1,3,1,1,0,0,0,1,0,0,0,0,1,0,1,0,0,0,1,1,0,0,0,0,0,0
이태리국시,리리릭,16,2026.05.04,1,영수증,한식기반이라 양식 뱔로 안좋아하는 사람들도 거부감 없이 즐길수 있어 좋았어요~ 매장도 깔끔하고 직원분들께서 친절해서 식사 즐겁게 할수 있었어요,한식기반이라 양식 뱔로 안좋아하는 사람들도 거부감 없이 즐길수 있어 좋았어요~ 매장도 깔끔하고 직원분들께서 친절해서 식사 즐겁게 할수 있었어요,True,event,16,1번째 방문,True,,,1,한식기반이라 양식 뱔로 안좋아하는 사람들도 거부감 없이 즐길수 있어 좋았어요 매장도 깔끔하고 직원분들께서 친절해서 식사 즐겁게 할수 있었어요,79,78,0,0,1,1,3,1,1,0,0,0,0,0,0,0,0,0,0,0,0,0,1,0,0,0,0,1,0,1,0,0,0,0,0,1,1,0,0,0,0
이태리국시,감귤탐방,41,2026.05.01,1,영수증,소스가 너무 맛있어요~!! 밥 비벼먹고 싶은 맛입니다.. 친구 2명이서 왔을 때 3개 시키면 딱 적당해요~! 다음에도 또 먹을 것 같아요 ㅎㅎ,소스가 너무 맛있어요~!! 밥 비벼먹고 싶은 맛입니다.. 친구 2명이서 왔을 때 3개 시키면 딱 적당해요~! 다음에도 또 먹을 것 같아요 ㅎㅎ,True,event,41,1번째 방문,True,,,1,소스가 너무 맛있어요 밥 비벼먹고 싶은 맛입니다 친구 2명이서 왔을 때 3개 시키면 딱 적당해요 다음에도 또 먹을 것 같아요,79,69,0,0,1,1,0,0,0,1,1,1,1,1,1,1,1,0,3,1,0,0,0,0,0,0,0,1,0,1,0,0,0,0,0,1,1,0,0,0,0
이태리국시,떰히,36,2026.04.22,1,영수증,"양식이 갑자기 먹고싶어서 방문한 이태리국시! 넘 맛있고 리조또 꼭 드시길,, 호호 양식 덜 좋아하는 남칭구도 넘 맛있다며.. 또 오겠습니당🫶🏻","양식이 갑자기 먹고싶어서 방문한 이태리국시! 넘 맛있고 리조또 꼭 드시길,, 호호 양식 덜 좋아하는 남칭구도 넘 맛있다며.. 또 오겠습니당🫶🏻",True,event,36,1번째 방문,True,,,1,양식이 갑자기 먹고싶어서 방문한 이태리국시 넘 맛있고 리조또 꼭 드시길 호호 양식 덜 좋아하는 남칭구도 넘 맛있다며 또 오겠습니당,79,72,0,0,1,1,0,0,0,0,0,0,0,0,4,1,0,0,1,0,0,0,1,0,0,0,0,1,0,1,0,0,0,1,1,0,0,0,0,0,0
이태리국시,gs****,24,2026.04.12,1,영수증,대구에서 bts콘서트왔다가 성수에 와서 점심식사를 했어요~~~ 대창 좋아해서 대창 파스타 먹으러 온건데 리조또랑 알배추샐러드도 맛있게 먹었어요,대구에서 bts콘서트왔다가 성수에 와서 점심식사를 했어요~~~ 대창 좋아해서 대창 파스타 먹으러 온건데 리조또랑 알배추샐러드도 맛있게 먹었어요,True,event,24,1번째 방문,True,,,1,대구에서 bts콘서트왔다가 성수에 와서 점심식사를 했어요 대창 좋아해서 대창 파스타 먹으러 온건데 리조또랑 알배추샐러드도 맛있게 먹었어요,79,76,0,0,1,1,0,0,0,1,1,0,0,0,1,1,0,0,0,0,0,0,0,0,0,0,0,1,0,1,0,0,0,0,0,1,1,0,0,0,0
이태리국시,퍙 퍙,52,2026.04.06,1,영수증,맛있다는 후기를 보고 처음 방문하게 되었는데요! 반계마늘돌솥리조또가 너무 맛있었어요 ෆ⸒⸒. 분위기도 좋아서 밥먹으러 오기 좋은 곳 같습니다!,맛있다는 후기를 보고 처음 방문하게 되었는데요! 반계마늘돌솥리조또가 너무 맛있었어요 ෆ⸒⸒. 분위기도 좋아서 밥먹으러 오기 좋은 곳 같습니다!,True,event,52,1번째 방문,True,,,1,맛있다는 후기를 보고 처음 방문하게 되었는데요 반계마늘돌솥리조또가 너무 맛있었어요 분위기도 좋아서 밥먹으러 오기 좋은 곳 같습니다,79,72,0,0,1,1,1,1,0,0,0,0,0,0,2,1,1,0,2,0,0,0,0,0,0,0,0,1,1,1,0,0,0,0,0,1,1,0,0,0,0
이태리국시,징징29,46,2026.04.02,1,영수증,퓨전 이태리라니 너무 신박하고 새로운 메뉴 너무 맛있었어요 ㅎㅎ 분위기도 좋고 데이트 하기 넘 좋네용 돝솥파스타라니 너무 새롭고 맛있어요!!ㅎ,퓨전 이태리라니 너무 신박하고 새로운 메뉴 너무 맛있었어요 ㅎㅎ 분위기도 좋고 데이트 하기 넘 좋네용 돝솥파스타라니 너무 새롭고 맛있어요!!ㅎ,True,event,46,1번째 방문,True,,,1,퓨전 이태리라니 너무 신박하고 새로운 메뉴 너무 맛있었어요 분위기도 좋고 데이트 하기 넘 좋네용 돝솥파스타라니 너무 새롭고 맛있어요,79,73,0,0,1,1,1,1,0,1,1,0,0,0,3,1,3,1,2,0,0,0,0,0,0,0,0,1,0,1,0,0,0,0,0,1,1,0,0,0,0
이태리국시,gracelee0070,6,2026.03.31,1,영수증,오늘 좋은 날이라 친구와함께 왔어요 뚝섬역에서 찾기도 편하고 3층에 있어요 뷰도 좋고 맛과 신선도가 너무 좋아요 계속 방문할꺼에요 강추♡♡♡♡,오늘 좋은 날이라 친구와함께 왔어요 뚝섬역에서 찾기도 편하고 3층에 있어요 뷰도 좋고 맛과 신선도가 너무 좋아요 계속 방문할꺼에요 강추♡♡♡♡,True,event,6,1번째 방문,True,,,1,오늘 좋은 날이라 친구와함께 왔어요 뚝섬역에서 찾기도 편하고 3층에 있어요 뷰도 좋고 맛과 신선도가 너무 좋아요 계속 방문할꺼에요 강추,79,75,0,0,1,1,0,0,0,1,1,1,0,0,2,1,1,0,0,0,0,0,0,0,0,0,0,0,0,1,0,0,0,0,0,1,1,0,0,0,0
이태리국시,축복속의사랑,72,2026.05.04,1,영수증,갑오징어 빠에야 오징어 부드럽고 향이 좋아요 맛이 감칠맛 있어서 너무 맛있네용~ 곱창 치즈 돌솥 파스타 메뉴로 색달라서 시켜봤는데 맛있었어요^^,갑오징어 빠에야 오징어 부드럽고 향이 좋아요 맛이 감칠맛 있어서 너무 맛있네용~ 곱창 치즈 돌솥 파스타 메뉴로 색달라서 시켜봤는데 맛있었어요^^,True,event,72,1번째 방문,True,,,1,갑오징어 빠에야 오징어 부드럽고 향이 좋아요 맛이 감칠맛 있어서 너무 맛있네용 곱창 치즈 돌솥 파스타 메뉴로 색달라서 시켜봤는데 맛있었어요,80,77,0,0,1,1,0,0,0,0,0,0,0,0,3,1,1,0,0,0,0,0,0,0,0,0,0,1,1,1,0,0,0,1,1,0,0,0,0,0,0
이태리국시,jae****,23,2026.03.15,1,영수증,부모님이랑 서울숲 나들이 나왔다가 먹으러 왔는데 다들 맛있게 잘 먹었어요~~! 피자가 짱 맛있스빔다 .. 곱창파스타랑 빠에아는 매콤하게 맛있어요,부모님이랑 서울숲 나들이 나왔다가 먹으러 왔는데 다들 맛있게 잘 먹었어요~~! 피자가 짱 맛있스빔다 .. 곱창파스타랑 빠에아는 매콤하게 맛있어요,True,event,23,1번째 방문,True,,,1,부모님이랑 서울숲 나들이 나왔다가 먹으러 왔는데 다들 맛있게 잘 먹었어요 피자가 짱 맛있스빔다 곱창파스타랑 빠에아는 매콤하게 맛있어요,80,74,0,0,1,1,0,0,0,0,0,0,0,0,3,1,1,0,1,0,0,0,0,0,0,0,0,1,0,1,0,0,0,1,1,0,0,0,0,0,0
이태리국시,햄달,26,2026.02.21,1,영수증,어디서도 보지 못한 특별한 메뉴들이 있어서 재밌었고 음식들도 다 맛있었어요! 성수에 오면 한번쯤 와서 먹어보면 좋을 것 같은 맛집인 것 같아요💗,어디서도 보지 못한 특별한 메뉴들이 있어서 재밌었고 음식들도 다 맛있었어요! 성수에 오면 한번쯤 와서 먹어보면 좋을 것 같은 맛집인 것 같아요💗,True,event,26,1번째 방문,True,,,1,어디서도 보지 못한 특별한 메뉴들이 있어서 재밌었고 음식들도 다 맛있었어요 성수에 오면 한번쯤 와서 먹어보면 좋을 것 같은 맛집인 것 같아요,80,78,0,0,1,1,0,0,0,0,0,0,0,0,2,1,0,0,1,0,0,0,0,0,0,0,0,1,0,1,0,0,0,1,1,0,0,0,0,0,0
이태리국시,킴냉,15,2026.02.16,1,영수증,뚝섬역에서 가깝고 예약해서 웨이팅 없이 바로 입장 했습니다. 음식도 바로 나왔고 맛있어요! 인테리어도 세련 됬습니다. 다음에 또 방문하겠습니다!,뚝섬역에서 가깝고 예약해서 웨이팅 없이 바로 입장 했습니다. 음식도 바로 나왔고 맛있어요! 인테리어도 세련 됬습니다. 다음에 또 방문하겠습니다!,True,event,15,1번째 방문,True,,,1,뚝섬역에서 가깝고 예약해서 웨이팅 없이 바로 입장 했습니다 음식도 바로 나왔고 맛있어요 인테리어도 세련 됬습니다 다음에 또 방문하겠습니다,80,76,0,0,1,1,1,1,0,0,0,0,0,0,1,1,0,0,2,0,0,0,0,1,1,0,0,1,0,1,0,0,0,0,0,1,1,0,0,0,0
이태리국시,ee6****,8,2026.05.09,1,영수증,성수 맛집 알아보다 오게 되었는데 대창돌솥파스타도 너무 맛있고 직원분들도 너무 친절해서 좋았습니다!! 뷴위기도 좋아서 다음번에 또 방문하겠습니다😀,성수 맛집 알아보다 오게 되었는데 대창돌솥파스타도 너무 맛있고 직원분들도 너무 친절해서 좋았습니다!! 뷴위기도 좋아서 다음번에 또 방문하겠습니다😀,True,event,8,1번째 방문,True,,,1,성수 맛집 알아보다 오게 되었는데 대창돌솥파스타도 너무 맛있고 직원분들도 너무 친절해서 좋았습니다 뷴위기도 좋아서 다음번에 또 방문하겠습니다,81,78,0,0,1,1,2,1,1,0,0,0,0,0,2,1,2,0,2,0,0,0,0,1,1,0,0,0,0,1,0,0,0,0,0,1,1,0,0,0,0
이태리국시,shasha43,5,2026.04.19,1,영수증,아이들과 방문했는데 음식이 전체적으로 맛있어요 깔끔하고 신선하고 간도좋아요!! 첫방문이라 베스트 위주로 먹었는데 담엔 다른메뉴들도 먹어보고 싶어요,아이들과 방문했는데 음식이 전체적으로 맛있어요 깔끔하고 신선하고 간도좋아요!! 첫방문이라 베스트 위주로 먹었는데 담엔 다른메뉴들도 먹어보고 싶어요,True,event,5,1번째 방문,True,,,1,아이들과 방문했는데 음식이 전체적으로 맛있어요 깔끔하고 신선하고 간도좋아요 첫방문이라 베스트 위주로 먹었는데 담엔 다른메뉴들도 먹어보고 싶어요,81,79,0,0,1,1,0,0,0,0,0,0,0,0,2,1,0,0,2,0,0,0,0,0,0,0,1,0,0,1,0,0,0,1,1,0,0,0,0,0,0
이태리국시,greenstudy,135,2026.04.17,1,영수증,가격이 비싸다생각했는데 양도 많고 진짜 맛있었어요!!! 엄청 간이 쎄지도않고 와인이나 술이랑 먹음 딱 좋고 분위기ㅜ좋아거 술한잔하면서 먹고싶은 곳,가격이 비싸다생각했는데 양도 많고 진짜 맛있었어요!!! 엄청 간이 쎄지도않고 와인이나 술이랑 먹음 딱 좋고 분위기ㅜ좋아거 술한잔하면서 먹고싶은 곳,True,event,135,1번째 방문,True,,,1,가격이 비싸다생각했는데 양도 많고 진짜 맛있었어요 엄청 간이 쎄지도않고 와인이나 술이랑 먹음 딱 좋고 분위기 좋아거 술한잔하면서 먹고싶은 곳,81,78,0,0,1,1,2,1,1,0,0,0,0,0,1,1,2,0,3,1,0,0,1,0,0,0,0,1,1,1,0,0,0,0,0,1,1,0,0,0,0
이태리국시,byFollower,43,2026.03.26,2,영수증,두번째 방문인데 오늘도 역시 같은 반계 리조또를 주문했네요. 일행도 다 너무 맛있어했고 음식도 빨리 나와서 더 괜찮았습니다. 또 먹으러 오려구요!,두번째 방문인데 오늘도 역시 같은 반계 리조또를 주문했네요. 일행도 다 너무 맛있어했고 음식도 빨리 나와서 더 괜찮았습니다. 또 먹으러 오려구요!,True,event,43,2번째 방문,True,,,1,두번째 방문인데 오늘도 역시 같은 반계 리조또를 주문했네요 일행도 다 너무 맛있어했고 음식도 빨리 나와서 더 괜찮았습니다 또 먹으러 오려구요,81,78,0,0,1,1,1,1,0,0,0,0,0,0,1,1,1,0,1,0,0,0,0,0,0,0,0,1,0,0,1,0,0,0,0,1,1,0,0,0,0
이태리국시,hyuns09,41,2026.02.27,1,영수증,독특한 맛있는 메뉴가 많고 비주얼도 좋아요 !!!!!! 매장도 넓고 분위기도 너무 좋아서 좋은 시간 보내고 갑니다 재방문 의사 있어요 !!!!!!,독특한 맛있는 메뉴가 많고 비주얼도 좋아요 !!!!!! 매장도 넓고 분위기도 너무 좋아서 좋은 시간 보내고 갑니다 재방문 의사 있어요 !!!!!!,True,event,41,1번째 방문,True,,,1,독특한 맛있는 메뉴가 많고 비주얼도 좋아요 매장도 넓고 분위기도 너무 좋아서 좋은 시간 보내고 갑니다 재방문 의사 있어요,81,67,0,0,1,1,2,1,1,0,0,0,0,0,2,1,1,0,12,1,0,0,0,1,1,0,0,1,0,1,0,0,0,0,0,1,1,0,0,0,0
이태리국시,ckhe09,102,2026.02.26,1,영수증,남자친구랑 데이트로 왔어요! 성수동에서 드물게 주차도 되고 식당 안 분위기도 넘 좋았어요~ 오랜만에 즐기는 양식인데 퓨전이어서 부담없이 즐겼어요!,남자친구랑 데이트로 왔어요! 성수동에서 드물게 주차도 되고 식당 안 분위기도 넘 좋았어요~ 오랜만에 즐기는 양식인데 퓨전이어서 부담없이 즐겼어요!,True,event,102,1번째 방문,True,,,1,남자친구랑 데이트로 왔어요 성수동에서 드물게 주차도 되고 식당 안 분위기도 넘 좋았어요 오랜만에 즐기는 양식인데 퓨전이어서 부담없이 즐겼어요,81,78,0,0,1,1,1,1,0,2,1,0,0,0,1,1,0,0,2,0,0,0,0,0,0,0,0,1,1,1,0,0,0,0,0,1,1,0,0,0,0
이태리국시,뚜비두바오,46,2026.04.29,1,영수증,"오일파스타, 대창돌솥파스타, 알배추 숯불갈비 샐러드를 시켰는데요!!!! 진짜 너어무 맛있었어요 분위기도 힙하고 음식도 퓨전이라 색다르고 맛있었어요🤓","오일파스타, 대창돌솥파스타, 알배추 숯불갈비 샐러드를 시켰는데요!!!! 진짜 너어무 맛있었어요 분위기도 힙하고 음식도 퓨전이라 색다르고 맛있었어요🤓",True,event,46,1번째 방문,True,,,1,오일파스타 대창돌솥파스타 알배추 숯불갈비 샐러드를 시켰는데요 진짜 너어무 맛있었어요 분위기도 힙하고 음식도 퓨전이라 색다르고 맛있었어요,82,75,0,0,1,1,1,1,0,0,0,0,0,0,2,1,1,0,4,1,0,0,1,0,0,0,0,1,0,1,0,0,0,0,0,1,1,0,0,0,0
이태리국시,우야맘82,43,2026.04.25,1,영수증,갑자기 성수 오게 되서 찾아보고 왔는데 새로운 음식들이 너무 맛있네요 특히 대창 파스타 느끼하지 않고 맛있고요 깍두기 리조트는 고기도 밥도 맛있어요,갑자기 성수 오게 되서 찾아보고 왔는데 새로운 음식들이 너무 맛있네요 특히 대창 파스타 느끼하지 않고 맛있고요 깍두기 리조트는 고기도 밥도 맛있어요,True,event,43,1번째 방문,True,,,1,갑자기 성수 오게 되서 찾아보고 왔는데 새로운 음식들이 너무 맛있네요 특히 대창 파스타 느끼하지 않고 맛있고요 깍두기 리조트는 고기도 밥도 맛있어요,82,82,0,0,1,1,0,0,0,0,0,0,0,0,3,1,1,0,0,0,0,0,1,0,0,0,0,1,0,1,0,0,0,1,1,0,0,0,0,0,0
이태리국시,dtas8752,15,2026.04.19,1,영수증,주말 저녁에 데이트 겸 방문했는데 웨이팅없이 입장했습니다. 분위기도 좋고 맛있어서 데이트 코스로 추천합니다! 숯불대창돌솥파스타가 특히 맛있습니다!!,주말 저녁에 데이트 겸 방문했는데 웨이팅없이 입장했습니다. 분위기도 좋고 맛있어서 데이트 코스로 추천합니다! 숯불대창돌솥파스타가 특히 맛있습니다!!,True,event,15,1번째 방문,True,,,1,주말 저녁에 데이트 겸 방문했는데 웨이팅없이 입장했습니다 분위기도 좋고 맛있어서 데이트 코스로 추천합니다 숯불대창돌솥파스타가 특히 맛있습니다,82,78,0,0,1,1,2,1,1,4,1,0,0,0,3,1,0,0,3,1,0,0,0,0,0,0,0,1,0,1,0,0,0,0,0,1,1,0,0,0,0
이태리국시,navi6025,32,2026.04.07,1,영수증,"한식을 접목한 색다른 메뉴가 다양하고 정말 맛있어요! 분위기도 좋아서 지인들과 오래오래 대화 나누기도 편하고, 음식도 맛있어서 너무 마음에 들어요~","한식을 접목한 색다른 메뉴가 다양하고 정말 맛있어요! 분위기도 좋아서 지인들과 오래오래 대화 나누기도 편하고, 음식도 맛있어서 너무 마음에 들어요~",True,event,32,1번째 방문,True,,,1,한식을 접목한 색다른 메뉴가 다양하고 정말 맛있어요 분위기도 좋아서 지인들과 오래오래 대화 나누기도 편하고 음식도 맛있어서 너무 마음에 들어요,82,79,0,0,1,1,1,1,0,0,0,0,0,0,2,1,1,0,1,0,0,0,0,0,0,0,0,1,0,1,0,0,0,0,0,1,1,0,0,0,0
이태리국시,혜림48,21,2026.05.09,1,영수증,주말에 예약없이 와서 좀 기다렸지만 기다린 보람이 있어요 플레이팅도 이쁘고 맛도 있어요 얼큰한 파스타와 리조또하고 궁합이 잘 맞아요 추천합니다~!!!,주말에 예약없이 와서 좀 기다렸지만 기다린 보람이 있어요 플레이팅도 이쁘고 맛도 있어요 얼큰한 파스타와 리조또하고 궁합이 잘 맞아요 추천합니다~!!!,True,event,21,1번째 방문,True,,,1,주말에 예약없이 와서 좀 기다렸지만 기다린 보람이 있어요 플레이팅도 이쁘고 맛도 있어요 얼큰한 파스타와 리조또하고 궁합이 잘 맞아요 추천합니다,83,79,0,0,1,1,0,0,0,1,1,0,0,0,1,1,0,0,3,1,0,0,0,0,0,0,0,1,0,1,0,0,0,0,0,1,1,0,0,0,0
이태리국시,ddd****,22,2026.05.04,1,영수증,남친이랑 데이트 하러 와서 찾게 되었어요!! 분위기도 넘 좋고 무엇보다 맛이 진짜 굿이에요 특히 피자가 진짜 맛도리… 다음에 성수 오면 또 오겠습니당,남친이랑 데이트 하러 와서 찾게 되었어요!! 분위기도 넘 좋고 무엇보다 맛이 진짜 굿이에요 특히 피자가 진짜 맛도리… 다음에 성수 오면 또 오겠습니당,True,event,22,1번째 방문,True,,,1,남친이랑 데이트 하러 와서 찾게 되었어요 분위기도 넘 좋고 무엇보다 맛이 진짜 굿이에요 특히 피자가 진짜 맛도리 다음에 성수 오면 또 오겠습니당,83,80,0,0,1,1,1,1,0,1,1,0,0,0,1,1,2,0,2,0,0,0,1,0,0,0,0,1,0,1,0,0,0,0,0,1,1,0,0,0,0
이태리국시,김포수소맘,68,2026.05.02,1,영수증,아이가 다니는 학원건물에 있는데 항상 사람이 많아서 와봤어요. 운좋게 대기없이 바로 식사가능했습니다^^ 면 좋아하는 아이들이 엄청 맛있다고 잘먹네요ㅋ,아이가 다니는 학원건물에 있는데 항상 사람이 많아서 와봤어요. 운좋게 대기없이 바로 식사가능했습니다^^ 면 좋아하는 아이들이 엄청 맛있다고 잘먹네요ㅋ,True,event,68,1번째 방문,True,,,1,아이가 다니는 학원건물에 있는데 항상 사람이 많아서 와봤어요 운좋게 대기없이 바로 식사가능했습니다 면 좋아하는 아이들이 엄청 맛있다고 잘먹네요,83,79,0,0,1,1,1,1,0,0,0,0,0,0,1,1,1,0,0,0,0,0,0,0,0,0,0,1,1,1,0,0,0,0,0,1,1,0,0,0,0
이태리국시,현이야잉,11,2026.04.27,2,영수증,두번째 방문입니다 매번 올때마다 너무 맛있는거같아요 ㅠㅠ 다음에도 또 올 예정이에요 친한동생들 서울 놀러와서 데려 왔는데 좋아해서 저도 기분이 좋네요,두번째 방문입니다 매번 올때마다 너무 맛있는거같아요 ㅠㅠ 다음에도 또 올 예정이에요 친한동생들 서울 놀러와서 데려 왔는데 좋아해서 저도 기분이 좋네요,True,event,11,2번째 방문,True,,,1,두번째 방문입니다 매번 올때마다 너무 맛있는거같아요 다음에도 또 올 예정이에요 친한동생들 서울 놀러와서 데려 왔는데 좋아해서 저도 기분이 좋네요,83,80,0,0,1,1,0,0,0,0,0,0,0,0,1,1,1,0,0,0,0,0,0,0,0,0,0,1,0,0,1,0,0,1,1,0,0,0,0,0,0
이태리국시,pre****,19,2026.04.18,1,영수증,대창도 양념이 너무 잘느껴지고 부드러워요 냄새 하나도 안나고 넘 맛있습니당! ㅎㅎㅎ 근데 깍두기리조또…. 집가서 해먹고 싶어요 레시피 궁금..존맛 ✨,대창도 양념이 너무 잘느껴지고 부드러워요 냄새 하나도 안나고 넘 맛있습니당! ㅎㅎㅎ 근데 깍두기리조또…. 집가서 해먹고 싶어요 레시피 궁금..존맛 ✨,True,event,19,1번째 방문,True,,,1,대창도 양념이 너무 잘느껴지고 부드러워요 냄새 하나도 안나고 넘 맛있습니당 근데 깍두기리조또 집가서 해먹고 싶어요 레시피 궁금 존맛,83,73,0,0,1,1,0,0,0,0,0,0,0,0,2,1,2,0,1,0,0,0,1,0,0,0,0,1,0,1,0,0,0,1,1,0,0,0,0,0,0
이태리국시,열심히일하는인턴,425,2026.03.31,1,영수증,한식 + 양식 퓨전 느낌의 파스타집이에요 ㅎㅎㅎ 청양 갈비 라구파스타 &amp; 청양 봉골레파스타 주문했는데 매우 특이하더라고요 ㅎㅎ &gt;&lt;,한식 + 양식 퓨전 느낌의 파스타집이에요 ㅎㅎㅎ 청양 갈비 라구파스타 &amp; 청양 봉골레파스타 주문했는데 매우 특이하더라고요 ㅎㅎ &gt;&lt;,True,event,425,1번째 방문,True,,,1,한식 양식 퓨전 느낌의 파스타집이에요 청양 갈비 라구파스타 amp 청양 봉골레파스타 주문했는데 매우 특이하더라고요 gt lt,83,69,0,0,1,1,1,1,0,0,0,0,0,0,0,0,0,0,0,0,0,0,0,0,0,0,0,1,1,1,0,0,0,0,0,1,1,0,0,0,0
이태리국시,함49,11,2026.05.08,1,영수증,반계돌솥 빠다 맛이 아주 고소합니다! 대창돌솥도 파스타와 의외의 조합이 맛있었어요!! 매장도 넓고 쾌적해서 대화도 즐겁고 좋은 시간 보내다 갑니다~~!,반계돌솥 빠다 맛이 아주 고소합니다! 대창돌솥도 파스타와 의외의 조합이 맛있었어요!! 매장도 넓고 쾌적해서 대화도 즐겁고 좋은 시간 보내다 갑니다~~!,True,event,11,1번째 방문,True,,,1,반계돌솥 빠다 맛이 아주 고소합니다 대창돌솥도 파스타와 의외의 조합이 맛있었어요 매장도 넓고 쾌적해서 대화도 즐겁고 좋은 시간 보내다 갑니다,84,78,0,0,1,1,1,1,0,0,0,0,0,0,1,1,0,0,4,1,0,0,0,0,0,0,0,1,0,1,0,0,0,0,0,1,1,0,0,0,0
이태리국시,dhd****,27,2026.05.05,1,영수증,진짜 너무너무 맛있어요!!!! ㅜㅠㅠ 배부른 상태로 왔었는데도 다 머겄어요 분위기도 좋고 데이트 하기에 너무 좋을거 같아요 다음에 놀때 또 오려구요!😍,진짜 너무너무 맛있어요!!!! ㅜㅠㅠ 배부른 상태로 왔었는데도 다 머겄어요 분위기도 좋고 데이트 하기에 너무 좋을거 같아요 다음에 놀때 또 오려구요!😍,True,event,27,1번째 방문,True,,,1,진짜 너무너무 맛있어요 배부른 상태로 왔었는데도 다 머겄어요 분위기도 좋고 데이트 하기에 너무 좋을거 같아요 다음에 놀때 또 오려구요,84,74,0,0,1,1,1,1,0,1,1,0,0,0,1,1,4,1,5,1,0,0,1,0,0,0,0,1,0,1,0,0,0,0,0,1,1,0,0,0,0
이태리국시,zoo97,117,2026.05.03,1,영수증,대창파스타 너무 맛있어요! 매콤해서 더 맛남. 오징어빠에야도 시켰는데 새우랑 오징어도 많이 올라가있고 매콤해서 한국인 입맛에 딱임! 인테리어도 깔끔해요,대창파스타 너무 맛있어요! 매콤해서 더 맛남. 오징어빠에야도 시켰는데 새우랑 오징어도 많이 올라가있고 매콤해서 한국인 입맛에 딱임! 인테리어도 깔끔해요,True,event,117,1번째 방문,True,,,1,대창파스타 너무 맛있어요 매콤해서 더 맛남 오징어빠에야도 시켰는데 새우랑 오징어도 많이 올라가있고 매콤해서 한국인 입맛에 딱임 인테리어도 깔끔해요,84,81,0,0,1,1,0,0,0,0,0,0,0,0,1,1,1,0,2,0,0,0,0,0,0,0,0,1,1,1,0,0,0,1,1,0,0,0,0,0,0
이태리국시,멍뚜얌,14,2026.04.19,1,영수증,성수 처음 와서 맛집 검색하다 왔습니다 메뉴 선택은 성공적이고 처음 먹어본 맛이였어요 분위기도 괜찮고 데이트하시는분들 와서 식사하기 좋아요 추천👍🏻👍🏻,성수 처음 와서 맛집 검색하다 왔습니다 메뉴 선택은 성공적이고 처음 먹어본 맛이였어요 분위기도 괜찮고 데이트하시는분들 와서 식사하기 좋아요 추천👍🏻👍🏻,True,event,14,1번째 방문,True,,,1,성수 처음 와서 맛집 검색하다 왔습니다 메뉴 선택은 성공적이고 처음 먹어본 맛이였어요 분위기도 괜찮고 데이트하시는분들 와서 식사하기 좋아요 추천,84,80,0,0,1,1,1,1,0,1,1,0,0,0,3,1,0,0,0,0,0,0,0,0,0,0,0,1,0,1,0,0,0,0,0,1,1,0,0,0,0
이태리국시,또잉6128,7,2026.04.08,1,영수증,"대창이랑 곱창 파스타 중에 엄청 고민했는데, 대창 파스타 너무 맛있어요!!! 담에는 곱창 파스타도 먹어보러 오고싶을 만큼 분위기도 좋고 맛있었습니다:)","대창이랑 곱창 파스타 중에 엄청 고민했는데, 대창 파스타 너무 맛있어요!!! 담에는 곱창 파스타도 먹어보러 오고싶을 만큼 분위기도 좋고 맛있었습니다:)",True,event,7,1번째 방문,True,,,1,대창이랑 곱창 파스타 중에 엄청 고민했는데 대창 파스타 너무 맛있어요 담에는 곱창 파스타도 먹어보러 오고싶을 만큼 분위기도 좋고 맛있었습니다,84,78,0,0,1,1,1,1,0,0,0,0,0,0,2,1,2,0,3,1,0,0,0,0,0,0,0,0,0,1,0,0,0,0,0,1,1,0,0,0,0
이태리국시,수혀23,13,2026.04.18,1,영수증,고등학교 칭구칭긔들과 만나서 방문한 곳입니다~~ 메뉴도 독특한 것이 많고 너무 맛있어요!!!! 그리고 테이블 간격이 넓어서 좋아여 또 방문할 것 같아요🥹,고등학교 칭구칭긔들과 만나서 방문한 곳입니다~~ 메뉴도 독특한 것이 많고 너무 맛있어요!!!! 그리고 테이블 간격이 넓어서 좋아여 또 방문할 것 같아요🥹,True,event,13,1번째 방문,True,,,1,고등학교 칭구칭긔들과 만나서 방문한 곳입니다 메뉴도 독특한 것이 많고 너무 맛있어요 그리고 테이블 간격이 넓어서 좋아여 또 방문할 것 같아요,85,78,0,0,1,1,0,0,0,0,0,0,0,0,1,1,1,0,4,1,0,0,0,1,1,0,0,1,0,1,0,0,0,1,1,0,0,0,0,0,0
이태리국시,j드래곤17,82,2026.04.17,1,영수증,너무맛있어요~~~~!!! 이국적인데 조화로운 맛~~ 예약안했는데 바로 들어가서 좋았어용~! 자리도 넓고 쾌적해요 창가자리는 이뻐요 ~~ 다음에 또올게염~,너무맛있어요~~~~!!! 이국적인데 조화로운 맛~~ 예약안했는데 바로 들어가서 좋았어용~! 자리도 넓고 쾌적해요 창가자리는 이뻐요 ~~ 다음에 또올게염~,True,event,82,1번째 방문,True,,,1,너무맛있어요 이국적인데 조화로운 맛 예약안했는데 바로 들어가서 좋았어용 자리도 넓고 쾌적해요 창가자리는 이뻐요 다음에 또올게염,85,70,0,0,1,1,2,1,1,0,0,0,0,0,1,1,1,0,4,1,0,0,0,0,0,0,0,1,1,1,0,0,0,0,0,1,1,0,0,0,0
이태리국시,맛난거먹쟈,39,2026.03.26,1,영수증,"숯불불고기쌈피자는 신선하고 먹는 게 조금 힘들지만 맛있어요!! 갑오징어빠에야도 시켰는데, 일반적인 빠에야랑 조금 달랐지만 역시나 맛있었어요! 또 올게요~","숯불불고기쌈피자는 신선하고 먹는 게 조금 힘들지만 맛있어요!! 갑오징어빠에야도 시켰는데, 일반적인 빠에야랑 조금 달랐지만 역시나 맛있었어요! 또 올게요~",True,event,39,1번째 방문,True,,,1,숯불불고기쌈피자는 신선하고 먹는 게 조금 힘들지만 맛있어요 갑오징어빠에야도 시켰는데 일반적인 빠에야랑 조금 달랐지만 역시나 맛있었어요 또 올게요,85,80,0,0,1,1,0,0,0,0,0,0,0,0,2,1,0,0,3,1,0,0,0,1,1,0,0,1,0,1,0,0,0,1,1,0,0,0,0,0,0
이태리국시,청년머스크55,16,2026.03.17,1,영수증,숯불대창파스타 먹었는데 숯불향이랑 대창 고소함이 진짜 잘 어울려요 🤤 느끼하지 않고 계속 손 가는 맛이라 순삭했습니다 🍝 대창 좋아하시면 꼭 드셔보세요!,숯불대창파스타 먹었는데 숯불향이랑 대창 고소함이 진짜 잘 어울려요 🤤 느끼하지 않고 계속 손 가는 맛이라 순삭했습니다 🍝 대창 좋아하시면 꼭 드셔보세요!,True,event,16,1번째 방문,True,,,1,숯불대창파스타 먹었는데 숯불향이랑 대창 고소함이 진짜 잘 어울려요 느끼하지 않고 계속 손 가는 맛이라 순삭했습니다 대창 좋아하시면 꼭 드셔보세요,85,80,0,0,1,1,0,0,0,0,0,0,0,0,0,0,1,0,1,0,0,0,1,0,0,0,0,1,0,1,0,0,0,0,0,0,0,0,0,0,0
이태리국시,아영1644,3,2026.05.05,1,영수증,대창파스타랑 리조또 너무 맛있게 먹었어요!! 창문도 통창이라 뷰도 정말 좋았습니다 뚝섬역 주변에 맛있는 파스타집 찾으시면 이태리국시 정말 추천합니다 ˃ᴗ˂,대창파스타랑 리조또 너무 맛있게 먹었어요!! 창문도 통창이라 뷰도 정말 좋았습니다 뚝섬역 주변에 맛있는 파스타집 찾으시면 이태리국시 정말 추천합니다 ˃ᴗ˂,True,event,3,1번째 방문,True,,,1,대창파스타랑 리조또 너무 맛있게 먹었어요 창문도 통창이라 뷰도 정말 좋았습니다 뚝섬역 주변에 맛있는 파스타집 찾으시면 이태리국시 정말 추천합니다,86,80,0,0,1,1,0,0,0,0,0,0,0,0,3,1,1,0,2,0,0,0,0,0,0,0,1,0,0,1,0,0,0,1,1,0,0,0,0,0,0
이태리국시,다시 peace,12,2026.04.21,1,영수증,독특한 맛의 파스타와 리조토 였어요. 청양 봉골레 크림 파스타 아주 강추 합니다. 들깨 베이컨 리조토 조합도 좋으네요. 기존 파스타 싫증나면 여기 오세요.,독특한 맛의 파스타와 리조토 였어요. 청양 봉골레 크림 파스타 아주 강추 합니다. 들깨 베이컨 리조토 조합도 좋으네요. 기존 파스타 싫증나면 여기 오세요.,True,event,12,1번째 방문,True,,,1,독특한 맛의 파스타와 리조토 였어요 청양 봉골레 크림 파스타 아주 강추 합니다 들깨 베이컨 리조토 조합도 좋으네요 기존 파스타 싫증나면 여기 오세요,86,82,0,0,1,1,0,0,0,0,0,0,0,0,1,1,0,0,0,0,0,0,0,0,0,0,0,1,0,1,0,0,0,1,1,0,0,0,0,0,0
이태리국시,이윤707,5,2026.04.08,1,영수증,"매장이 청결하고 분위기 있어서 데이트 하러 오시는 분들에게 추천합니다 직원분들도 친절하시고, 메뉴도 특색 있고 양도 괜찮아서 첫방문임에도 만족하고 갑니다!","매장이 청결하고 분위기 있어서 데이트 하러 오시는 분들에게 추천합니다 직원분들도 친절하시고, 메뉴도 특색 있고 양도 괜찮아서 첫방문임에도 만족하고 갑니다!",True,event,5,1번째 방문,True,,,1,매장이 청결하고 분위기 있어서 데이트 하러 오시는 분들에게 추천합니다 직원분들도 친절하시고 메뉴도 특색 있고 양도 괜찮아서 첫방문임에도 만족하고 갑니다,86,84,0,0,1,1,4,1,1,1,1,0,0,0,1,1,0,0,1,0,0,0,0,0,0,0,1,0,0,1,0,0,0,0,0,1,1,0,0,0,0
이태리국시,sohyeon25,30,2026.04.04,1,영수증,성수 놀러왔다가 맛있어보여서 들렀는데 메뉴도 특색있고 맛있어요!!간도 너무 강하지않고 딱 좋아요 맛있게 잘 먹었습니다~가게 분위기도 깔끔하고 너무 좋아요!,성수 놀러왔다가 맛있어보여서 들렀는데 메뉴도 특색있고 맛있어요!!간도 너무 강하지않고 딱 좋아요 맛있게 잘 먹었습니다~가게 분위기도 깔끔하고 너무 좋아요!,True,event,30,1번째 방문,True,,,1,성수 놀러왔다가 맛있어보여서 들렀는데 메뉴도 특색있고 맛있어요 간도 너무 강하지않고 딱 좋아요 맛있게 잘 먹었습니다 가게 분위기도 깔끔하고 너무 좋아요,86,84,0,0,1,1,1,1,0,0,0,0,0,0,5,1,2,0,3,1,0,0,0,0,0,0,0,1,0,1,0,0,0,0,0,1,1,0,0,0,0
이태리국시,freshin,35,2026.05.05,1,영수증,저는 갈비 샐러드가 일등으로 맛잇었어요! 새콤한 빨간 소스가 김치 소스 같기도 하고 ㅎㅎ 떡볶이는 파스타와 떡볶이의 중간맛? 대창 파스타는 국물이 끝내줍니당,저는 갈비 샐러드가 일등으로 맛잇었어요! 새콤한 빨간 소스가 김치 소스 같기도 하고 ㅎㅎ 떡볶이는 파스타와 떡볶이의 중간맛? 대창 파스타는 국물이 끝내줍니당,True,event,35,1번째 방문,True,,,1,저는 갈비 샐러드가 일등으로 맛잇었어요 새콤한 빨간 소스가 김치 소스 같기도 하고 떡볶이는 파스타와 떡볶이의 중간맛 대창 파스타는 국물이 끝내줍니당,87,82,0,0,1,1,0,0,0,0,0,0,0,0,0,0,0,0,1,0,0,0,0,0,0,0,0,1,0,1,0,0,0,0,0,0,0,0,0,0,0
이태리국시,서마어린이집,1,2026.05.05,1,영수증,가족 모임으로 방문했는데 음식 하나하나 정성스럽고 맛있었습니다😊 재료도 신선하고 분위기도 편안해서 즐거운 시간 보내고 왔어요. 다음에 또 방문하고 싶은 곳✨,가족 모임으로 방문했는데 음식 하나하나 정성스럽고 맛있었습니다😊 재료도 신선하고 분위기도 편안해서 즐거운 시간 보내고 왔어요. 다음에 또 방문하고 싶은 곳✨,True,event,1,1번째 방문,True,,,1,가족 모임으로 방문했는데 음식 하나하나 정성스럽고 맛있었습니다 재료도 신선하고 분위기도 편안해서 즐거운 시간 보내고 왔어요 다음에 또 방문하고 싶은 곳,87,84,0,0,1,1,1,1,0,1,1,0,0,0,1,1,0,0,0,0,0,0,0,1,1,1,1,0,0,1,0,0,0,0,0,1,1,0,0,0,0
이태리국시,현7330,39,2026.04.19,1,영수증,숯불불고기쌈피자 진짜 맛있어요!! 불고기가 가득 들어있고 야채랑 소스들이 잘 어우러져서 색다른데 엄청 맛있습니당!! 대창돌솥파스타 대창이 실해서 맛있었어요🤤,숯불불고기쌈피자 진짜 맛있어요!! 불고기가 가득 들어있고 야채랑 소스들이 잘 어우러져서 색다른데 엄청 맛있습니당!! 대창돌솥파스타 대창이 실해서 맛있었어요🤤,True,event,39,1번째 방문,True,,,1,숯불불고기쌈피자 진짜 맛있어요 불고기가 가득 들어있고 야채랑 소스들이 잘 어우러져서 색다른데 엄청 맛있습니당 대창돌솥파스타 대창이 실해서 맛있었어요,87,82,0,0,1,1,0,0,0,0,0,0,0,0,3,1,2,0,4,1,0,0,1,0,0,0,0,1,0,1,0,0,0,1,1,0,0,0,0,0,0
이태리국시,chicha14,23,2026.04.11,1,영수증,처음 방문해 보았는데 분위기도 좋고 메뉴도 다양하고 음식도 맛있어서 친구와 즐거운 시간 보냈습니다 ㅎㅎ 다음에 다른 메뉴 먹어보러 또 방문해야겠어요 ㅎㅎ👍👍,처음 방문해 보았는데 분위기도 좋고 메뉴도 다양하고 음식도 맛있어서 친구와 즐거운 시간 보냈습니다 ㅎㅎ 다음에 다른 메뉴 먹어보러 또 방문해야겠어요 ㅎㅎ👍👍,True,event,23,1번째 방문,True,,,1,처음 방문해 보았는데 분위기도 좋고 메뉴도 다양하고 음식도 맛있어서 친구와 즐거운 시간 보냈습니다 다음에 다른 메뉴 먹어보러 또 방문해야겠어요,87,79,0,0,1,1,1,1,0,1,1,0,0,0,1,1,0,0,0,0,0,0,0,1,1,0,0,1,0,1,0,0,0,0,0,1,1,0,0,0,0
이태리국시,김승아90,26,2026.04.03,2,영수증,두번째 방문인데 맛있습니다!!👍🏻 빠에야는 자극적이게 맛있고 크림 리조또는 크리미해서 두 음식이 잘 어울렸어요 분위기나 음악도 좋고 만족스러운 식사였습니다!,두번째 방문인데 맛있습니다!!👍🏻 빠에야는 자극적이게 맛있고 크림 리조또는 크리미해서 두 음식이 잘 어울렸어요 분위기나 음악도 좋고 만족스러운 식사였습니다!,True,event,26,2번째 방문,True,,,1,두번째 방문인데 맛있습니다 빠에야는 자극적이게 맛있고 크림 리조또는 크리미해서 두 음식이 잘 어울렸어요 분위기나 음악도 좋고 만족스러운 식사였습니다,87,82,0,0,1,1,1,1,0,0,0,0,0,0,2,1,0,0,3,1,0,0,0,0,0,0,0,1,0,0,1,0,0,0,0,1,1,0,0,0,0
이태리국시,전세은179,29,2026.02.26,1,영수증,한식파스타 맛이 상상이 잘 안됐는데 먹자마자 신세계였어요 !!👀 조화가 진짜 넘 좋아서 싹싹 먹었어요 ㅎㅎㅎ 분위기도 좋아서 데이트 할 때 딱인 것 같아용😻,한식파스타 맛이 상상이 잘 안됐는데 먹자마자 신세계였어요 !!👀 조화가 진짜 넘 좋아서 싹싹 먹었어요 ㅎㅎㅎ 분위기도 좋아서 데이트 할 때 딱인 것 같아용😻,True,event,29,1번째 방문,True,,,1,한식파스타 맛이 상상이 잘 안됐는데 먹자마자 신세계였어요 조화가 진짜 넘 좋아서 싹싹 먹었어요 분위기도 좋아서 데이트 할 때 딱인 것 같아용,87,78,0,0,1,1,1,1,0,1,1,0,0,0,1,1,1,0,2,0,0,0,1,0,0,0,0,1,0,1,0,0,0,0,0,1,1,0,0,0,0
이태리국시,Tiger19,387,2026.04.26,1,영수증,음식도 맛있으며 이태리국시만의 특별한 메뉴도 맛 볼 수 있어서 좋았어요. 인기가 많은 식당이라 원하는 시간대 예약 하고 오시는게 편하실 거예요. 추천 합니다.,음식도 맛있으며 이태리국시만의 특별한 메뉴도 맛 볼 수 있어서 좋았어요. 인기가 많은 식당이라 원하는 시간대 예약 하고 오시는게 편하실 거예요. 추천 합니다.,True,event,387,1번째 방문,True,,,1,음식도 맛있으며 이태리국시만의 특별한 메뉴도 맛 볼 수 있어서 좋았어요 인기가 많은 식당이라 원하는 시간대 예약 하고 오시는게 편하실 거예요 추천 합니다,88,85,0,0,1,1,0,0,0,0,0,0,0,0,2,1,0,0,0,0,0,0,0,0,0,0,0,1,1,1,0,0,0,1,1,0,0,0,0,0,0
이태리국시,푸5385,195,2026.03.11,1,영수증,맛있어서 정신없이 먹었네요🤪 양식인데 한식맛도 나고~~ 한국인 입맛에 딱 음료도 맛있고 디저트도 맛있어요! 장소 이동 없이 디저트까지 해결!! 분위기도 좋아여,맛있어서 정신없이 먹었네요🤪 양식인데 한식맛도 나고~~ 한국인 입맛에 딱 음료도 맛있고 디저트도 맛있어요! 장소 이동 없이 디저트까지 해결!! 분위기도 좋아여,True,event,195,1번째 방문,True,,,1,맛있어서 정신없이 먹었네요 양식인데 한식맛도 나고 한국인 입맛에 딱 음료도 맛있고 디저트도 맛있어요 장소 이동 없이 디저트까지 해결 분위기도 좋아여,88,82,0,0,1,1,1,1,0,0,0,0,0,0,3,1,0,0,3,1,0,0,0,0,0,0,0,1,1,1,0,0,0,0,0,1,1,0,0,0,0
이태리국시,라이키키,50,2026.02.19,1,영수증,진짜 맛있어요 대창이 좀 느끼한데 매콤해서 잘 잡아 주고 리조또도 파스타랑 같이 먹으니 조합이 매우 좋아요 진짜진짜 맛도리 이거 두 개를 같이 먹어야 합니다👍,진짜 맛있어요 대창이 좀 느끼한데 매콤해서 잘 잡아 주고 리조또도 파스타랑 같이 먹으니 조합이 매우 좋아요 진짜진짜 맛도리 이거 두 개를 같이 먹어야 합니다👍,True,event,50,1번째 방문,True,,,1,진짜 맛있어요 대창이 좀 느끼한데 매콤해서 잘 잡아 주고 리조또도 파스타랑 같이 먹으니 조합이 매우 좋아요 진짜진짜 맛도리 이거 두 개를 같이 먹어야 합니다,88,87,0,0,1,1,0,0,0,0,0,0,0,0,2,1,3,1,0,0,0,0,1,0,0,0,0,1,1,1,0,0,0,1,1,0,0,0,0,0,0
이태리국시,오아아아앙21,2,2026.04.07,1,영수증,"친구랑 우연히 방문했는데, 음식들이 맛있어요! 퓨전 이탈리아 요리는 처음이었는데 익숙한듯, 독특한 구성이랑 맛이 인상적이었어요. 다음에도 또 방문할거같네요! 😋","친구랑 우연히 방문했는데, 음식들이 맛있어요! 퓨전 이탈리아 요리는 처음이었는데 익숙한듯, 독특한 구성이랑 맛이 인상적이었어요. 다음에도 또 방문할거같네요! 😋",True,event,2,1번째 방문,True,,,1,친구랑 우연히 방문했는데 음식들이 맛있어요 퓨전 이탈리아 요리는 처음이었는데 익숙한듯 독특한 구성이랑 맛이 인상적이었어요 다음에도 또 방문할거같네요,89,82,0,0,1,1,0,0,0,1,1,0,0,0,1,1,0,0,2,0,0,0,0,1,1,0,1,0,0,1,0,0,0,0,0,1,1,0,0,0,0
이태리국시,세라피나66,39,2026.05.07,1,영수증,퇴근길에 친구랑 같이 나와 먹는 치팅데이! 성수맛집 서울숲 맛집이네요 여기 ㅋㅋㅋㅋㅋ 음식도 맛있고 같이 온 사람도 즐거워서 시간 가는 줄 모르고 즐겼습니다 :),퇴근길에 친구랑 같이 나와 먹는 치팅데이! 성수맛집 서울숲 맛집이네요 여기 ㅋㅋㅋㅋㅋ 음식도 맛있고 같이 온 사람도 즐거워서 시간 가는 줄 모르고 즐겼습니다 :),True,event,39,1번째 방문,True,,,1,퇴근길에 친구랑 같이 나와 먹는 치팅데이 성수맛집 서울숲 맛집이네요 여기 음식도 맛있고 같이 온 사람도 즐거워서 시간 가는 줄 모르고 즐겼습니다,90,80,0,0,1,1,0,0,0,2,1,0,0,0,3,1,0,0,1,0,0,0,1,0,0,0,0,1,0,1,0,0,0,0,0,1,1,0,0,0,0
이태리국시,Run25,17,2026.04.24,1,영수증,시그니처 대창 파스타가 궁금했는데 매콤 칼칼하구 하이볼 종류도 다양해서 너무 맛있었어요&gt;_&lt; 직원분들도 친철하고 너무 기분 좋은 금요일 마무리였습니다!,시그니처 대창 파스타가 궁금했는데 매콤 칼칼하구 하이볼 종류도 다양해서 너무 맛있었어요&gt;_&lt; 직원분들도 친철하고 너무 기분 좋은 금요일 마무리였습니다!,True,event,17,1번째 방문,True,,,1,시그니처 대창 파스타가 궁금했는데 매콤 칼칼하구 하이볼 종류도 다양해서 너무 맛있었어요 gt lt 직원분들도 친철하고 너무 기분 좋은 금요일 마무리였습니다,90,86,0,0,1,1,1,1,0,1,1,0,0,0,1,1,2,0,1,0,0,0,0,0,0,0,0,1,0,1,0,0,0,0,0,1,1,0,0,0,0
이태리국시,슬링백으로맞아볼랭,38,2026.04.18,1,영수증,오렌지자몽청에이드 맛있어요 곱창치즈 돌솥파스타는 불맛도 은은하게 나고 곱창도 쫄깃하고 치즈도 맛있어용 바지락찜파스타도 은근 매콤해서 물리지 않고 잘 먹었어요!!!,오렌지자몽청에이드 맛있어요 곱창치즈 돌솥파스타는 불맛도 은은하게 나고 곱창도 쫄깃하고 치즈도 맛있어용 바지락찜파스타도 은근 매콤해서 물리지 않고 잘 먹었어요!!!,True,event,38,1번째 방문,True,,,1,오렌지자몽청에이드 맛있어요 곱창치즈 돌솥파스타는 불맛도 은은하게 나고 곱창도 쫄깃하고 치즈도 맛있어용 바지락찜파스타도 은근 매콤해서 물리지 않고 잘 먹었어요,90,87,0,0,1,1,0,0,0,0,0,0,0,0,2,1,0,0,3,1,0,0,0,0,0,0,0,1,0,1,0,0,0,1,1,0,0,0,0,0,0
이태리국시,강릉의하루,11,2026.04.09,1,영수증,"좋아하는 뇨끼, 트러플치즈뇨끼는 혼자만 먹고픈 특별함~ 대창파스타, 생각보다 안매워👍🏻 모두 으음~ 반계마늘돌솥리조또는 나의 짝,아버님 추천 모두 만족한 저녘시간","좋아하는 뇨끼, 트러플치즈뇨끼는 혼자만 먹고픈 특별함~ 대창파스타, 생각보다 안매워👍🏻 모두 으음~ 반계마늘돌솥리조또는 나의 짝,아버님 추천 모두 만족한 저녘시간",True,event,11,1번째 방문,True,,,1,좋아하는 뇨끼 트러플치즈뇨끼는 혼자만 먹고픈 특별함 대창파스타 생각보다 안매워 모두 으음 반계마늘돌솥리조또는 나의 짝 아버님 추천 모두 만족한 저녘시간,90,84,0,0,1,1,0,0,0,0,0,0,0,0,1,1,0,0,0,0,0,0,0,0,0,0,0,1,0,1,0,0,0,1,1,0,0,0,0,0,0
이태리국시,두두716,179,2026.03.17,1,영수증,예약 후 이용했어요~ 점심시간이라 그런지 이용객들도 많았어요~ 대창도 크고 매콤하게 맛있게 먹었습니당 갑오징어 빠에야는 꼭 드셔보세요 갑오징오가 세상 부드러워요🤤,예약 후 이용했어요~ 점심시간이라 그런지 이용객들도 많았어요~ 대창도 크고 매콤하게 맛있게 먹었습니당 갑오징어 빠에야는 꼭 드셔보세요 갑오징오가 세상 부드러워요🤤,True,event,179,1번째 방문,True,,,1,예약 후 이용했어요 점심시간이라 그런지 이용객들도 많았어요 대창도 크고 매콤하게 맛있게 먹었습니당 갑오징어 빠에야는 꼭 드셔보세요 갑오징오가 세상 부드러워요,90,87,0,0,1,1,0,0,0,1,1,0,0,0,1,1,0,0,0,0,0,0,0,0,0,0,0,1,1,1,0,0,0,0,0,1,1,0,0,0,0
이태리국시,민동푸,66,2026.03.08,1,영수증,맛있어요~~!! 퓨전이라 더 새로운 맛. 이태리국시 시그니처 메뉴들[반계마늘돌솥리조토랑 바질해산물국물파스타]로 시켰는데 둘 다 맛있어요! 싹싹 비우고 갑니당 ㅎㅎ,맛있어요~~!! 퓨전이라 더 새로운 맛. 이태리국시 시그니처 메뉴들[반계마늘돌솥리조토랑 바질해산물국물파스타]로 시켰는데 둘 다 맛있어요! 싹싹 비우고 갑니당 ㅎㅎ,True,event,66,1번째 방문,True,,,1,맛있어요 퓨전이라 더 새로운 맛 이태리국시 시그니처 메뉴들 반계마늘돌솥리조토랑 바질해산물국물파스타 로 시켰는데 둘 다 맛있어요 싹싹 비우고 갑니당,90,81,0,0,1,1,0,0,0,0,0,0,0,0,2,1,0,0,3,1,0,0,0,0,0,0,0,1,1,1,0,0,0,1,1,0,0,0,0,0,0
이태리국시,채채망,36,2026.05.02,1,영수증,다른 곳에서 먹어보지 못한 특이한 메뉴들이 많았어요 ! 갑오징어 빠에야랑 청양 봉골레 파스타 느끼하지 않고 맛있었습니당 다음에 다른 메뉴들도 먹어보러 올게요 :-),다른 곳에서 먹어보지 못한 특이한 메뉴들이 많았어요 ! 갑오징어 빠에야랑 청양 봉골레 파스타 느끼하지 않고 맛있었습니당 다음에 다른 메뉴들도 먹어보러 올게요 :-),True,event,36,1번째 방문,True,,,1,다른 곳에서 먹어보지 못한 특이한 메뉴들이 많았어요 갑오징어 빠에야랑 청양 봉골레 파스타 느끼하지 않고 맛있었습니당 다음에 다른 메뉴들도 먹어보러 올게요,91,85,0,0,1,1,0,0,0,0,0,0,0,0,1,1,0,0,1,0,0,0,1,0,0,0,0,1,0,1,0,0,0,1,1,0,0,0,0,0,0
이태리국시,도야지ㅎ,42,2026.04.26,1,영수증,파스타에 한국적인 맛이 들어가서 느끼함은 줄어들고 매콤함이 더해져서 질리지않고 많이 먹을 수 있었어요. 특히 한입피자는 신선한 야채랑 고기가 더해져서 맛있었습니다!,파스타에 한국적인 맛이 들어가서 느끼함은 줄어들고 매콤함이 더해져서 질리지않고 많이 먹을 수 있었어요. 특히 한입피자는 신선한 야채랑 고기가 더해져서 맛있었습니다!,True,event,42,1번째 방문,True,,,1,파스타에 한국적인 맛이 들어가서 느끼함은 줄어들고 매콤함이 더해져서 질리지않고 많이 먹을 수 있었어요 특히 한입피자는 신선한 야채랑 고기가 더해져서 맛있었습니다,91,89,0,0,1,1,0,0,0,0,0,0,0,0,1,1,0,0,1,0,0,0,1,0,0,0,0,1,0,1,0,0,0,1,1,0,0,0,0,0,0
이태리국시,점38,13,2026.04.23,1,영수증,너무 맛있게 먹었습니다! 바지락 오일 파스타는 맛이 깔끔한 느낌이어서 좋았고 대창 파스타는 자극적인 맛이 너무 좋았어요! 다음에도 성수에 오면 재방문할 것 같습니다!,너무 맛있게 먹었습니다! 바지락 오일 파스타는 맛이 깔끔한 느낌이어서 좋았고 대창 파스타는 자극적인 맛이 너무 좋았어요! 다음에도 성수에 오면 재방문할 것 같습니다!,True,event,13,1번째 방문,True,,,1,너무 맛있게 먹었습니다 바지락 오일 파스타는 맛이 깔끔한 느낌이어서 좋았고 대창 파스타는 자극적인 맛이 너무 좋았어요 다음에도 성수에 오면 재방문할 것 같습니다,92,89,0,0,1,1,0,0,0,0,0,0,0,0,1,1,2,0,3,1,0,0,0,1,1,0,0,1,0,1,0,0,0,1,1,0,0,0,0,0,0
이태리국시,ybr0423,39,2026.04.12,1,영수증,어무니랑 할머니 모시고 방문했는데 다 같이 너무 맛있게 먹었습니다! 매장도 깔끔하고 친절해서 기분좋게 먹고갑니다~ 양식이라 걱정했는데 퓨전이라 다들 맛나게 드셨네요!,어무니랑 할머니 모시고 방문했는데 다 같이 너무 맛있게 먹었습니다! 매장도 깔끔하고 친절해서 기분좋게 먹고갑니다~ 양식이라 걱정했는데 퓨전이라 다들 맛나게 드셨네요!,True,event,39,1번째 방문,True,,,1,어무니랑 할머니 모시고 방문했는데 다 같이 너무 맛있게 먹었습니다 매장도 깔끔하고 친절해서 기분좋게 먹고갑니다 양식이라 걱정했는데 퓨전이라 다들 맛나게 드셨네요,92,89,0,0,1,1,2,1,1,0,0,0,0,0,1,1,1,0,2,0,0,0,0,0,0,0,0,1,0,1,0,0,0,0,0,1,1,0,0,0,0
이태리국시,s_b****,44,2026.04.04,1,영수증,"워크인으로 왔는데 운좋게 바로 입장 가능했고 , 2인에서 양이 많지않을까햇는데 고민한 시간이 무색할정도로 맛있어서 두명이서 남김없이 먹었네요 !! 재방문 의사있습니다","워크인으로 왔는데 운좋게 바로 입장 가능했고 , 2인에서 양이 많지않을까햇는데 고민한 시간이 무색할정도로 맛있어서 두명이서 남김없이 먹었네요 !! 재방문 의사있습니다",True,event,44,1번째 방문,True,,,1,워크인으로 왔는데 운좋게 바로 입장 가능했고 2인에서 양이 많지않을까햇는데 고민한 시간이 무색할정도로 맛있어서 두명이서 남김없이 먹었네요 재방문 의사있습니다,92,87,0,0,1,1,0,0,0,0,0,1,0,0,1,1,0,0,2,0,0,0,0,1,1,0,0,1,0,1,0,0,0,1,1,0,0,0,0,0,0
이태리국시,혜민4114,42,2026.03.19,1,영수증,두 메뉴 합이 너무 잘 어울렸어요!! 리조토도 맛있고 떡볶이도 맛있었어요 ㅎㅎ 테이블도 넓고 차분한 분위기라 데이트로 와도 좋구 친구들이랑 와도 좋을 거 같아요 ㅎㅎ,두 메뉴 합이 너무 잘 어울렸어요!! 리조토도 맛있고 떡볶이도 맛있었어요 ㅎㅎ 테이블도 넓고 차분한 분위기라 데이트로 와도 좋구 친구들이랑 와도 좋을 거 같아요 ㅎㅎ,True,event,42,1번째 방문,True,,,1,두 메뉴 합이 너무 잘 어울렸어요 리조토도 맛있고 떡볶이도 맛있었어요 테이블도 넓고 차분한 분위기라 데이트로 와도 좋구 친구들이랑 와도 좋을 거 같아요,92,84,0,0,1,1,1,1,0,2,1,0,0,0,2,1,1,0,2,0,0,0,0,0,0,0,0,1,0,1,0,0,0,0,0,1,1,0,0,0,0
이태리국시,심심행38,37,2026.02.23,1,영수증,"메뉴 3개 모두 처음 먹어본 메뉴였는데, 너무 맛있었습니다~ 특히 알배추 항정살이 참기름과 소스 조화가 너무 잘어울렸어요 ㅎㅎ 분위기도 좋고 또 오고 싶은 맛집입니다","메뉴 3개 모두 처음 먹어본 메뉴였는데, 너무 맛있었습니다~ 특히 알배추 항정살이 참기름과 소스 조화가 너무 잘어울렸어요 ㅎㅎ 분위기도 좋고 또 오고 싶은 맛집입니다",True,event,37,1번째 방문,True,,,1,메뉴 3개 모두 처음 먹어본 메뉴였는데 너무 맛있었습니다 특히 알배추 항정살이 참기름과 소스 조화가 너무 잘어울렸어요 분위기도 좋고 또 오고 싶은 맛집입니다,92,87,0,0,1,1,1,1,0,0,0,1,0,0,2,1,2,0,0,0,0,0,0,0,0,0,0,1,0,1,0,0,0,0,0,1,1,0,0,0,0
이태리국시,dingb,29,2026.02.17,1,영수증,음식이 꽤 정갈하게 나와서 기분이 좋았습니다 대창 실하구요ㅎㅎ 초등 아이와 같이왔는데 갈비와 알배추 정말 맛있게 먹네요~ 첫 방문이었는데 리스트에 넣어 두겠습니다^^,음식이 꽤 정갈하게 나와서 기분이 좋았습니다 대창 실하구요ㅎㅎ 초등 아이와 같이왔는데 갈비와 알배추 정말 맛있게 먹네요~ 첫 방문이었는데 리스트에 넣어 두겠습니다^^,True,event,29,1번째 방문,True,,,1,음식이 꽤 정갈하게 나와서 기분이 좋았습니다 대창 실하구요 초등 아이와 같이왔는데 갈비와 알배추 정말 맛있게 먹네요 첫 방문이었는데 리스트에 넣어 두겠습니다,92,87,0,0,1,1,0,0,0,0,0,0,0,0,1,1,0,0,0,0,0,0,0,0,0,0,0,1,0,1,0,0,0,1,1,0,0,0,0,0,0
이태리국시,ydbean,40,2026.05.04,1,영수증,음식 다 넘 맛있고 퓨전양식이라 특색있어서 좋았습니당!! 하나하나 다 과하지 않은 맛이라 더더 좋았던 것 같아요 ㅎㅎ 분위기도 좋아서 다음에 또 방문하고 싶어요🫶🏼☺️,음식 다 넘 맛있고 퓨전양식이라 특색있어서 좋았습니당!! 하나하나 다 과하지 않은 맛이라 더더 좋았던 것 같아요 ㅎㅎ 분위기도 좋아서 다음에 또 방문하고 싶어요🫶🏼☺️,True,event,40,1번째 방문,True,,,1,음식 다 넘 맛있고 퓨전양식이라 특색있어서 좋았습니당 하나하나 다 과하지 않은 맛이라 더더 좋았던 것 같아요 분위기도 좋아서 다음에 또 방문하고 싶어요,93,84,0,0,1,1,1,1,0,0,0,0,0,0,2,1,0,0,2,0,0,0,0,1,1,0,0,1,0,1,0,0,0,0,0,1,1,0,0,0,0
이태리국시,Zzz5620,410,2026.04.25,1,영수증,음식 비쥬얼도 좋고 메뉴가 특색있고 다 맛있어요! 직원분들도 친절하시고 음식도 진짜 빨리 나와서 놀랐어요! 갑오징어빠에가 진짜 맛있어요🥹 담에도 재방문 의사 있습니다!,음식 비쥬얼도 좋고 메뉴가 특색있고 다 맛있어요! 직원분들도 친절하시고 음식도 진짜 빨리 나와서 놀랐어요! 갑오징어빠에가 진짜 맛있어요🥹 담에도 재방문 의사 있습니다!,True,event,410,1번째 방문,True,,,1,음식 비쥬얼도 좋고 메뉴가 특색있고 다 맛있어요 직원분들도 친절하시고 음식도 진짜 빨리 나와서 놀랐어요 갑오징어빠에가 진짜 맛있어요 담에도 재방문 의사 있습니다,93,89,0,0,1,1,2,1,1,0,0,0,0,0,2,1,2,0,3,1,0,0,1,1,1,0,0,1,1,1,0,0,0,0,0,1,1,0,0,0,0
이태리국시,bri****,37,2026.04.06,1,영수증,매장 너무 깨끗하고 직원분들 친절하세요! 그리고 곱창 못먹는데 곱창파스타 냄새도 안나서 너무 맛있게 잘 먹었어요. 피자도 맛있고 모임하거나 와인마시기 좋을 것 같아요.,매장 너무 깨끗하고 직원분들 친절하세요! 그리고 곱창 못먹는데 곱창파스타 냄새도 안나서 너무 맛있게 잘 먹었어요. 피자도 맛있고 모임하거나 와인마시기 좋을 것 같아요.,True,event,37,1번째 방문,True,,,1,매장 너무 깨끗하고 직원분들 친절하세요 그리고 곱창 못먹는데 곱창파스타 냄새도 안나서 너무 맛있게 잘 먹었어요 피자도 맛있고 모임하거나 와인마시기 좋을 것 같아요,93,90,0,0,1,1,3,1,1,0,0,0,0,0,2,1,2,0,1,0,0,0,0,0,0,0,0,1,0,1,0,0,0,0,0,1,1,0,0,0,0
이태리국시,ay2****,11,2026.04.03,1,영수증,"뇨끼랑 바지락찜 파스타, 반계마늘돌솥리조토 먹었는데 바지락찜 파스타는 국물이 넘 맛있었고 뇨끼의 약간 느끼함을 잡아줘서 맛있게 먹었네요. 리조터도 고소하니 맛있었네요.","뇨끼랑 바지락찜 파스타, 반계마늘돌솥리조토 먹었는데 바지락찜 파스타는 국물이 넘 맛있었고 뇨끼의 약간 느끼함을 잡아줘서 맛있게 먹었네요. 리조터도 고소하니 맛있었네요.",True,event,11,1번째 방문,True,,,1,뇨끼랑 바지락찜 파스타 반계마늘돌솥리조토 먹었는데 바지락찜 파스타는 국물이 넘 맛있었고 뇨끼의 약간 느끼함을 잡아줘서 맛있게 먹었네요 리조터도 고소하니 맛있었네요,93,90,0,0,1,1,0,0,0,0,0,0,0,0,4,1,0,0,0,0,0,0,1,0,0,0,0,1,0,1,0,0,0,1,1,0,0,0,0,0,0
이태리국시,먀먀먐먀먐,21,2026.05.06,1,영수증,이름은 기억안나는데 저 피자 껵 먹어야해용!! 이게 젤 맛있어요 매장 깨끗하고 통유리로 더ㅣ어있어서 사야가 탁 트여서 좋아요 뚝섬역이랑 가까워서 오기도 편하고 좋습니다~,이름은 기억안나는데 저 피자 껵 먹어야해용!! 이게 젤 맛있어요 매장 깨끗하고 통유리로 더ㅣ어있어서 사야가 탁 트여서 좋아요 뚝섬역이랑 가까워서 오기도 편하고 좋습니다~,True,event,21,1번째 방문,True,,,1,이름은 기억안나는데 저 피자 껵 먹어야해용 이게 젤 맛있어요 매장 깨끗하고 통유리로 더 어있어서 사야가 탁 트여서 좋아요 뚝섬역이랑 가까워서 오기도 편하고 좋습니다,94,91,0,0,1,1,1,1,0,0,0,0,0,0,2,1,0,0,2,0,0,0,0,0,0,0,0,1,0,1,0,0,0,0,0,1,1,0,0,0,0
이태리국시,유진1614,37,2026.04.21,1,영수증,"맛있다고 유명해서 와봤는데 진짜 맛있어요 대창 파스타는 색다른 맛이라 맛있고 반계마늘리조또는 아는 맛이어서 더 맛있었어요 분위기도 좋아서 모임, 데이트 하기 좋아요!!!","맛있다고 유명해서 와봤는데 진짜 맛있어요 대창 파스타는 색다른 맛이라 맛있고 반계마늘리조또는 아는 맛이어서 더 맛있었어요 분위기도 좋아서 모임, 데이트 하기 좋아요!!!",True,event,37,1번째 방문,True,,,1,맛있다고 유명해서 와봤는데 진짜 맛있어요 대창 파스타는 색다른 맛이라 맛있고 반계마늘리조또는 아는 맛이어서 더 맛있었어요 분위기도 좋아서 모임 데이트 하기 좋아요,94,90,0,0,1,1,1,1,0,1,1,0,0,0,5,1,1,0,3,1,0,0,1,0,0,0,0,1,0,1,0,0,0,0,0,1,1,0,0,0,0
이태리국시,땅꼬마아아리,46,2026.04.21,1,영수증,재미나이 덕에 맛있는거 먹고 가요! 매장이 3층이라 큰기대안했는데 엳시 재미나이…🙋🏻‍♀️ 임신한 친구랑 같이 먹었는데 음식도 자극적이지않고 너무 좋네요💕 뇨끼 존맛탱💕,재미나이 덕에 맛있는거 먹고 가요! 매장이 3층이라 큰기대안했는데 엳시 재미나이…🙋🏻‍♀️ 임신한 친구랑 같이 먹었는데 음식도 자극적이지않고 너무 좋네요💕 뇨끼 존맛탱💕,True,event,46,1번째 방문,True,,,1,재미나이 덕에 맛있는거 먹고 가요 매장이 3층이라 큰기대안했는데 엳시 재미나이 임신한 친구랑 같이 먹었는데 음식도 자극적이지않고 너무 좋네요 뇨끼 존맛탱,94,85,0,0,1,1,1,1,0,1,1,1,0,0,1,1,2,0,1,0,0,0,0,0,0,0,0,1,0,1,0,0,0,0,0,1,1,0,0,0,0
이태리국시,pet****,44,2026.04.19,1,영수증,"퓨전 이탈리아 음식집으로 메뉴 다양, 뭐 먹을지 고민하다가 빠에야,갈비찜버터파스타 시켰는데 둘 다 맛있움! 일반적인 파스타집에 비해 특이한 메뉴가 많아서 다음에도오고싶음","퓨전 이탈리아 음식집으로 메뉴 다양, 뭐 먹을지 고민하다가 빠에야,갈비찜버터파스타 시켰는데 둘 다 맛있움! 일반적인 파스타집에 비해 특이한 메뉴가 많아서 다음에도오고싶음",True,event,44,1번째 방문,True,,,1,퓨전 이탈리아 음식집으로 메뉴 다양 뭐 먹을지 고민하다가 빠에야 갈비찜버터파스타 시켰는데 둘 다 맛있움 일반적인 파스타집에 비해 특이한 메뉴가 많아서 다음에도오고싶음,94,92,0,0,1,1,0,0,0,0,0,0,0,0,1,1,0,0,1,0,0,0,0,0,0,0,0,1,0,1,0,0,0,1,1,0,0,0,0,0,0
이태리국시,비와별이내리는밤,39,2026.05.04,1,영수증,찐 성수맛집!! 메뉴 하나하나 다 맛있어요 분위기도 좋고 무엇보다 재료가 신선하고 맛있어서 만족도가 높았어요 음식도 빨리 나오고 남김없이 다 먹었어요 또 오고 싶어요 ㅎㅎ,찐 성수맛집!! 메뉴 하나하나 다 맛있어요 분위기도 좋고 무엇보다 재료가 신선하고 맛있어서 만족도가 높았어요 음식도 빨리 나오고 남김없이 다 먹었어요 또 오고 싶어요 ㅎㅎ,True,event,39,1번째 방문,True,,,1,찐 성수맛집 메뉴 하나하나 다 맛있어요 분위기도 좋고 무엇보다 재료가 신선하고 맛있어서 만족도가 높았어요 음식도 빨리 나오고 남김없이 다 먹었어요 또 오고 싶어요,95,90,0,0,1,1,1,1,0,0,0,0,0,0,3,1,0,0,2,0,0,0,0,0,0,0,0,1,0,1,0,0,0,0,0,1,1,0,0,0,0
이태리국시,가입용,60,2026.03.28,1,영수증,우연히 찾아보다가 너무 맛있어보여서 왔는데 역시나 맛있어요! 일단 해산물과 대창에서 냄새가 하나도 안나고 싱싱하도라구요? 잡내도 없고 오랜만에 파스타 맛있게 먹었습니다!👍🏻,우연히 찾아보다가 너무 맛있어보여서 왔는데 역시나 맛있어요! 일단 해산물과 대창에서 냄새가 하나도 안나고 싱싱하도라구요? 잡내도 없고 오랜만에 파스타 맛있게 먹었습니다!👍🏻,True,event,60,1번째 방문,True,,,1,우연히 찾아보다가 너무 맛있어보여서 왔는데 역시나 맛있어요 일단 해산물과 대창에서 냄새가 하나도 안나고 싱싱하도라구요 잡내도 없고 오랜만에 파스타 맛있게 먹었습니다,96,91,0,0,1,1,0,0,0,0,0,0,0,0,3,1,1,0,2,0,0,0,0,0,0,0,0,1,1,1,0,0,0,1,1,0,0,0,0,0,0
이태리국시,kim****,25,2026.02.21,1,영수증,맛있습니다 분위기는 성수동 답게 너무좋구 다만 음식나오는데 좀 걸려서 시간 너무 촉박하지만 않게 오시면 좋을 것 같아여 한국 이탈리아 반씩 섞여있는 퓨전요리 잘 먹었습니다~,맛있습니다 분위기는 성수동 답게 너무좋구 다만 음식나오는데 좀 걸려서 시간 너무 촉박하지만 않게 오시면 좋을 것 같아여 한국 이탈리아 반씩 섞여있는 퓨전요리 잘 먹었습니다~,True,event,25,1번째 방문,True,,,1,맛있습니다 분위기는 성수동 답게 너무좋구 다만 음식나오는데 좀 걸려서 시간 너무 촉박하지만 않게 오시면 좋을 것 같아여 한국 이탈리아 반씩 섞여있는 퓨전요리 잘 먹었습니다,96,95,0,0,1,1,1,1,0,0,0,0,0,0,1,1,2,0,0,0,0,0,1,0,0,0,0,1,0,1,0,0,0,0,0,1,1,0,0,0,0
이태리국시,졔야a,4,2026.04.11,1,영수증,주말에 운이 좋게 웨이팅 없이 먹었는데 손님들이 끊임없이 오는데도 직원분들도 모두 친절하시고 음식도 너무 너무 너무 맛있어요👍👍👍 👍👍성수에 오게 되면 또 방문하겠습니다아앙😀,주말에 운이 좋게 웨이팅 없이 먹었는데 손님들이 끊임없이 오는데도 직원분들도 모두 친절하시고 음식도 너무 너무 너무 맛있어요👍👍👍 👍👍성수에 오게 되면 또 방문하겠습니다아앙😀,True,event,4,1번째 방문,True,,,1,주말에 운이 좋게 웨이팅 없이 먹었는데 손님들이 끊임없이 오는데도 직원분들도 모두 친절하시고 음식도 너무 너무 너무 맛있어요 성수에 오게 되면 또 방문하겠습니다아앙,97,91,0,0,1,1,3,1,1,1,1,0,0,0,1,1,3,1,0,0,0,0,0,1,1,0,1,0,0,1,0,0,0,0,0,1,1,0,0,0,0
이태리국시,코코나루53,25,2026.04.09,1,영수증,"회사 근처에 있어서 동료들과 함께 맛집 찾다가 들렀는데, 기대 이상으로 좋은곳을 찾은것같아요. 음식도 예쁘게 담겨서 맛깔스럽고, 식당 분위기도 좋고, 잘 온것같아요~ 또올게요","회사 근처에 있어서 동료들과 함께 맛집 찾다가 들렀는데, 기대 이상으로 좋은곳을 찾은것같아요. 음식도 예쁘게 담겨서 맛깔스럽고, 식당 분위기도 좋고, 잘 온것같아요~ 또올게요",True,event,25,1번째 방문,True,,,1,회사 근처에 있어서 동료들과 함께 맛집 찾다가 들렀는데 기대 이상으로 좋은곳을 찾은것같아요 음식도 예쁘게 담겨서 맛깔스럽고 식당 분위기도 좋고 잘 온것같아요 또올게요,97,92,0,0,1,1,1,1,0,0,0,0,0,0,1,1,0,0,0,0,0,0,0,1,1,0,0,1,0,1,0,0,0,0,0,1,1,0,0,0,0
이태리국시,연지곤지korea,469,2026.02.11,1,영수증,"헉 너무 맛있어요!!! 동서양의 만남! 게다가 숯불향이 나고 느끼하지 않게 한국적이면서, 또 너무 한국적이지 않게 로제 느낌도 나고요 고기도 야채도 다 맛나요 강추 꼭 오세요","헉 너무 맛있어요!!! 동서양의 만남! 게다가 숯불향이 나고 느끼하지 않게 한국적이면서, 또 너무 한국적이지 않게 로제 느낌도 나고요 고기도 야채도 다 맛나요 강추 꼭 오세요",True,event,469,1번째 방문,True,,,1,헉 너무 맛있어요 동서양의 만남 게다가 숯불향이 나고 느끼하지 않게 한국적이면서 또 너무 한국적이지 않게 로제 느낌도 나고요 고기도 야채도 다 맛나요 강추 꼭 오세요,97,92,0,0,1,1,0,0,0,0,0,0,0,0,2,1,2,0,4,1,0,0,1,0,0,0,0,1,1,1,0,0,0,1,1,0,0,0,0,0,0
이태리국시,su****,1,2026.05.07,1,영수증,음식 너무 맛있고 직원분들도 너무 친절하세요 !! 친구랑 둘이서 먹었는데 음식 양도 많았어요 친구나 연인과 데이트 하기 좋을 것 같아여 한 번 방문해세욤 맛있게 잘 먹었습니당😊,음식 너무 맛있고 직원분들도 너무 친절하세요 !! 친구랑 둘이서 먹었는데 음식 양도 많았어요 친구나 연인과 데이트 하기 좋을 것 같아여 한 번 방문해세욤 맛있게 잘 먹었습니당😊,True,event,1,1번째 방문,True,,,1,음식 너무 맛있고 직원분들도 너무 친절하세요 친구랑 둘이서 먹었는데 음식 양도 많았어요 친구나 연인과 데이트 하기 좋을 것 같아여 한 번 방문해세욤 맛있게 잘 먹었습니당,98,94,0,0,1,1,2,1,1,3,1,0,0,0,2,1,2,0,2,0,0,0,0,0,0,1,1,0,0,1,0,0,0,0,0,1,1,0,0,0,0
이태리국시,anszhs,31,2026.05.05,1,영수증,성수에 있는 이태리국시 다녀왔어요 🙂 전체적으로 깔끔한 분위기에 부담 없이 식사하기 좋은 곳이에요. 데이트하거나 친구랑 들르기에도 괜찮은 느낌이에요! 재방문 의사 있습니다! 😊,성수에 있는 이태리국시 다녀왔어요 🙂 전체적으로 깔끔한 분위기에 부담 없이 식사하기 좋은 곳이에요. 데이트하거나 친구랑 들르기에도 괜찮은 느낌이에요! 재방문 의사 있습니다! 😊,True,event,31,1번째 방문,True,,,1,성수에 있는 이태리국시 다녀왔어요 전체적으로 깔끔한 분위기에 부담 없이 식사하기 좋은 곳이에요 데이트하거나 친구랑 들르기에도 괜찮은 느낌이에요 재방문 의사 있습니다,98,91,0,0,1,1,1,1,0,2,1,0,0,0,0,0,0,0,2,0,0,0,0,1,1,0,0,1,0,1,0,0,0,0,0,1,1,0,0,0,0
이태리국시,ATbear,4,2026.04.30,1,영수증,대창돌솥파스타는 매콤한 맛이 대창의 느낀한 맛을 잡아주고 돌솥이라 마지막까지 따뜻하게 먹을 수 있어 좋았어요! 평일 점심 방문이시면 점심메뉴도 가성비 좋고 맛있어서 추천드려요~,대창돌솥파스타는 매콤한 맛이 대창의 느낀한 맛을 잡아주고 돌솥이라 마지막까지 따뜻하게 먹을 수 있어 좋았어요! 평일 점심 방문이시면 점심메뉴도 가성비 좋고 맛있어서 추천드려요~,True,event,4,1번째 방문,True,,,1,대창돌솥파스타는 매콤한 맛이 대창의 느낀한 맛을 잡아주고 돌솥이라 마지막까지 따뜻하게 먹을 수 있어 좋았어요 평일 점심 방문이시면 점심메뉴도 가성비 좋고 맛있어서 추천드려요,98,96,0,0,1,1,1,1,0,3,1,0,0,0,2,1,0,0,1,0,0,0,0,0,0,0,1,0,0,1,0,0,0,0,0,1,1,0,0,0,0
이태리국시,ksh****,22,2026.04.12,1,영수증,"성수동에서 데이트 코스로 방문했는데 정말 만족스러운 식사였습니다. 매장이 넓고 쾌적해서 입장할 때부터 기분이 좋았고, 주말인데도 대기 없이 바로 들어갈 수 있어서 편리했습니다.","성수동에서 데이트 코스로 방문했는데 정말 만족스러운 식사였습니다. 매장이 넓고 쾌적해서 입장할 때부터 기분이 좋았고, 주말인데도 대기 없이 바로 들어갈 수 있어서 편리했습니다.",True,event,22,1번째 방문,True,,,1,성수동에서 데이트 코스로 방문했는데 정말 만족스러운 식사였습니다 매장이 넓고 쾌적해서 입장할 때부터 기분이 좋았고 주말인데도 대기 없이 바로 들어갈 수 있어서 편리했습니다,98,95,0,0,1,1,2,1,1,2,1,0,0,0,0,0,0,0,0,0,0,0,0,0,0,0,0,1,0,1,0,0,0,0,0,1,1,0,0,0,0
이태리국시,당케당크,102,2026.04.09,1,영수증,오늘 회사 단체 점심으로 먹으러왔는데 다양하게 맛있게먹었어요~ 대창이 아주 실하고 불향이 확나네요 피자가 아주 프레시하니 맛있어요 시그니처 바질 파스타 국물도 국밥처럼 시원해요,오늘 회사 단체 점심으로 먹으러왔는데 다양하게 맛있게먹었어요~ 대창이 아주 실하고 불향이 확나네요 피자가 아주 프레시하니 맛있어요 시그니처 바질 파스타 국물도 국밥처럼 시원해요,True,event,102,1번째 방문,True,,,1,오늘 회사 단체 점심으로 먹으러왔는데 다양하게 맛있게먹었어요 대창이 아주 실하고 불향이 확나네요 피자가 아주 프레시하니 맛있어요 시그니처 바질 파스타 국물도 국밥처럼 시원해요,98,97,0,0,1,1,0,0,0,1,1,0,0,0,2,1,0,0,0,0,0,0,0,0,0,0,0,1,1,1,0,0,0,0,0,1,1,0,0,0,0
이태리국시,yj****,17,2026.05.09,1,영수증,시그니처 메뉴 숯불대창돌솥파스타가 정말 맛있네요. 대창을 아주 잘 요리했습니다. 같이 주문한 숯불갈비깍두기돌솥리조또도 일품입니다. 다음 방문때 새로운 요리에 도전해 보고 싶네요.,시그니처 메뉴 숯불대창돌솥파스타가 정말 맛있네요. 대창을 아주 잘 요리했습니다. 같이 주문한 숯불갈비깍두기돌솥리조또도 일품입니다. 다음 방문때 새로운 요리에 도전해 보고 싶네요.,True,event,17,1번째 방문,True,,,1,시그니처 메뉴 숯불대창돌솥파스타가 정말 맛있네요 대창을 아주 잘 요리했습니다 같이 주문한 숯불갈비깍두기돌솥리조또도 일품입니다 다음 방문때 새로운 요리에 도전해 보고 싶네요,99,95,0,0,1,1,1,1,0,0,0,0,0,0,1,1,0,0,0,0,0,0,0,0,0,0,0,1,0,1,0,0,0,0,0,1,1,0,0,0,0
이태리국시,rla****,33,2026.05.03,1,영수증,메뉴들이 다 너무 맛있어보여서 고민됐는데 너무 맛있게 잘 먹었어요!! 분위기도 너무 좋고 매장 인테리어도 너무 예뻐서 놀랬어요! 다음에 다른 메뉴도 먹어보고싶어요 또 올게요~~💕💕,메뉴들이 다 너무 맛있어보여서 고민됐는데 너무 맛있게 잘 먹었어요!! 분위기도 너무 좋고 매장 인테리어도 너무 예뻐서 놀랬어요! 다음에 다른 메뉴도 먹어보고싶어요 또 올게요~~💕💕,True,event,33,1번째 방문,True,,,1,메뉴들이 다 너무 맛있어보여서 고민됐는데 너무 맛있게 잘 먹었어요 분위기도 너무 좋고 매장 인테리어도 너무 예뻐서 놀랬어요 다음에 다른 메뉴도 먹어보고싶어요 또 올게요,100,93,0,0,1,1,2,1,1,0,0,0,0,0,2,1,4,1,3,1,0,0,0,1,1,0,0,1,0,1,0,0,0,0,0,1,1,0,0,0,0
이태리국시,두부만두,68,2026.03.02,1,영수증,오랜만에 친구들이랑 서울숲나들이 왔쒀요!!!🔥🔥 퓨전한식인데 한식 너낌 가득해서 더 맛잏숴오!! 알배기고기 줜맛탱이니 두번시캬먹고 싶을정도에욧!! 청양크림 파슷하도 아주 맛도리붕붕,오랜만에 친구들이랑 서울숲나들이 왔쒀요!!!🔥🔥 퓨전한식인데 한식 너낌 가득해서 더 맛잏숴오!! 알배기고기 줜맛탱이니 두번시캬먹고 싶을정도에욧!! 청양크림 파슷하도 아주 맛도리붕붕,True,event,68,1번째 방문,True,,,1,오랜만에 친구들이랑 서울숲나들이 왔쒀요 퓨전한식인데 한식 너낌 가득해서 더 맛잏숴오 알배기고기 줜맛탱이니 두번시캬먹고 싶을정도에욧 청양크림 파슷하도 아주 맛도리붕붕,100,91,0,0,1,1,0,0,0,1,1,0,0,0,0,0,0,0,7,1,0,0,0,0,0,0,0,1,1,1,0,0,0,0,0,1,1,0,0,0,0
이태리국시,iii****,58,2026.04.26,1,영수증,대창파스타랑 불고기 쌈피자 먹었는데 다른 곳에서는 먹어보지 못햇던 메뉴라 신선했어요. 대창 파스타는 대창이 엄청 고소하고 피자도 야채랑 불고기가 잘어울려서 잘먹었습니다 다음에또올게요,대창파스타랑 불고기 쌈피자 먹었는데 다른 곳에서는 먹어보지 못햇던 메뉴라 신선했어요. 대창 파스타는 대창이 엄청 고소하고 피자도 야채랑 불고기가 잘어울려서 잘먹었습니다 다음에또올게요,True,event,58,1번째 방문,True,,,1,대창파스타랑 불고기 쌈피자 먹었는데 다른 곳에서는 먹어보지 못햇던 메뉴라 신선했어요 대창 파스타는 대창이 엄청 고소하고 피자도 야채랑 불고기가 잘어울려서 잘먹었습니다 다음에또올게요,101,100,0,0,1,1,0,0,0,0,0,0,0,0,0,0,1,0,0,0,0,0,0,1,1,0,0,1,1,1,0,0,0,0,0,0,0,0,0,0,0
이태리국시,번지껌,39,2026.04.26,1,영수증,와…진짜 너무 맛있습니다.. 특히 사진에 있는 리조또랑 대창 파스타 꼭 드셔보세요 야루룽임.. ㅠㅠ 퓨전 양식이 이러케 맛있는줄 첨 알았습니다 😍😍💋💋 매장도 깔끔하고 아주 조으네옹,와…진짜 너무 맛있습니다.. 특히 사진에 있는 리조또랑 대창 파스타 꼭 드셔보세요 야루룽임.. ㅠㅠ 퓨전 양식이 이러케 맛있는줄 첨 알았습니다 😍😍💋💋 매장도 깔끔하고 아주 조으네옹,True,event,39,1번째 방문,True,,,1,와 진짜 너무 맛있습니다 특히 사진에 있는 리조또랑 대창 파스타 꼭 드셔보세요 야루룽임 퓨전 양식이 이러케 맛있는줄 첨 알았습니다 매장도 깔끔하고 아주 조으네옹,101,89,0,0,1,1,1,1,0,0,0,0,0,0,2,1,2,0,0,0,0,0,1,0,0,0,0,1,0,1,0,0,0,0,0,1,1,0,0,0,0
이태리국시,샤르르쿡,20,2026.04.02,1,영수증,시그니처 메뉴와 베스트메뉴로 주문했어요. 재료도 신선하고 건강한 맛이예요. 처음 먹어보는 듯한 느낌의 메뉴들이예요. 너무 맛있어요. 🙌 평일에는 자리도 여유있고 점심식사하기 좋아요.,시그니처 메뉴와 베스트메뉴로 주문했어요. 재료도 신선하고 건강한 맛이예요. 처음 먹어보는 듯한 느낌의 메뉴들이예요. 너무 맛있어요. 🙌 평일에는 자리도 여유있고 점심식사하기 좋아요.,True,event,20,1번째 방문,True,,,1,시그니처 메뉴와 베스트메뉴로 주문했어요 재료도 신선하고 건강한 맛이예요 처음 먹어보는 듯한 느낌의 메뉴들이예요 너무 맛있어요 평일에는 자리도 여유있고 점심식사하기 좋아요,101,94,0,0,1,1,2,1,1,2,1,0,0,0,2,1,1,0,0,0,0,0,0,0,0,0,0,1,0,1,0,0,0,0,0,1,1,0,0,0,0
이태리국시,토리tori,200,2026.02.21,1,영수증,음식 맛있었어요! 주문하는 방법이 신기했어요. 음식은 좀 늦게 나와서 웨이팅하고 들어와서 주문다 하고 먹는데까지 너무 배고파요ㅋㅋ 음식은 맛있었어요! 메뉴들 다른거 먹으러 또 올게요,음식 맛있었어요! 주문하는 방법이 신기했어요. 음식은 좀 늦게 나와서 웨이팅하고 들어와서 주문다 하고 먹는데까지 너무 배고파요ㅋㅋ 음식은 맛있었어요! 메뉴들 다른거 먹으러 또 올게요,True,event,200,1번째 방문,True,,,1,음식 맛있었어요 주문하는 방법이 신기했어요 음식은 좀 늦게 나와서 웨이팅하고 들어와서 주문다 하고 먹는데까지 너무 배고파요 음식은 맛있었어요 메뉴들 다른거 먹으러 또 올게요,101,96,0,0,1,1,3,1,1,0,0,0,0,0,2,1,1,0,2,0,0,0,0,1,1,0,0,1,1,1,0,0,0,0,0,1,1,0,0,0,0
이태리국시,O0TD,28,2026.02.21,1,영수증,대기시간은 조금 있었지만 음식은 진짜 금방나왔어요🥰 테이블에 있는 QR코드로 주문하니까 빨라서 너무 편했어요! 이번 메뉴도 너무 만족하고 다음번에 들러서 다른 메뉴도 먹어보려구요👍🏻,대기시간은 조금 있었지만 음식은 진짜 금방나왔어요🥰 테이블에 있는 QR코드로 주문하니까 빨라서 너무 편했어요! 이번 메뉴도 너무 만족하고 다음번에 들러서 다른 메뉴도 먹어보려구요👍🏻,True,event,28,1번째 방문,True,,,1,대기시간은 조금 있었지만 음식은 진짜 금방나왔어요 테이블에 있는 QR코드로 주문하니까 빨라서 너무 편했어요 이번 메뉴도 너무 만족하고 다음번에 들러서 다른 메뉴도 먹어보려구요,101,97,0,0,1,1,2,1,1,0,0,0,0,0,0,0,3,1,1,0,0,0,1,0,0,0,0,1,0,1,0,0,0,0,0,1,1,0,0,0,0
이태리국시,한승훈4640,13,2026.05.04,2,영수증,정말 맛있고 행복한 시간이었어요. 배우자와 함께 아늑하고 따듯한 시간 보내고 갑니다. 다음에도 또 와서 즐거운 시간 보낼게요. 정말 좋은 날을 만들어줘서 고마운 공간입니다. 맛있어요!,정말 맛있고 행복한 시간이었어요. 배우자와 함께 아늑하고 따듯한 시간 보내고 갑니다. 다음에도 또 와서 즐거운 시간 보낼게요. 정말 좋은 날을 만들어줘서 고마운 공간입니다. 맛있어요!,True,event,13,2번째 방문,True,,,1,정말 맛있고 행복한 시간이었어요 배우자와 함께 아늑하고 따듯한 시간 보내고 갑니다 다음에도 또 와서 즐거운 시간 보낼게요 정말 좋은 날을 만들어줘서 고마운 공간입니다 맛있어요,102,97,0,0,1,1,0,0,0,0,0,0,0,0,2,1,0,0,1,0,0,0,0,0,0,0,0,1,0,0,1,0,0,1,1,0,0,0,0,0,0
이태리국시,khj24,24,2026.04.11,1,영수증,성수 서울숲 데이트 하러 온김에 온 이태리국시 성수점입니다 한국 퓨전 양식 좋아하는 사람이라면 만족하면서 먹을수 있을만한 집입니다 특히 빈계마늘리조또랑 갈비 알배추 샐러드가 맛있네요~,성수 서울숲 데이트 하러 온김에 온 이태리국시 성수점입니다 한국 퓨전 양식 좋아하는 사람이라면 만족하면서 먹을수 있을만한 집입니다 특히 빈계마늘리조또랑 갈비 알배추 샐러드가 맛있네요~,True,event,24,1번째 방문,True,,,1,성수 서울숲 데이트 하러 온김에 온 이태리국시 성수점입니다 한국 퓨전 양식 좋아하는 사람이라면 만족하면서 먹을수 있을만한 집입니다 특히 빈계마늘리조또랑 갈비 알배추 샐러드가 맛있네요,102,101,0,0,1,1,0,0,0,1,1,0,0,0,1,1,0,0,0,0,0,0,0,0,0,0,0,1,0,1,0,0,0,0,0,1,1,0,0,0,0
이태리국시,ms5276,31,2026.04.04,1,영수증,"오늘 방문한 파스타집은 전반적으로 만족스러운 경험이었습니다. 매장 분위기는 깔끔하고 아늑해서 편하게 식사하기 좋았고, 직원분들도 친절하게 응대해주셔서 기분 좋게 이용할 수 있었습니다.","오늘 방문한 파스타집은 전반적으로 만족스러운 경험이었습니다. 매장 분위기는 깔끔하고 아늑해서 편하게 식사하기 좋았고, 직원분들도 친절하게 응대해주셔서 기분 좋게 이용할 수 있었습니다.",True,event,31,1번째 방문,True,,,1,오늘 방문한 파스타집은 전반적으로 만족스러운 경험이었습니다 매장 분위기는 깔끔하고 아늑해서 편하게 식사하기 좋았고 직원분들도 친절하게 응대해주셔서 기분 좋게 이용할 수 있었습니다,102,99,0,0,1,1,4,1,1,0,0,0,0,0,0,0,0,0,0,0,0,0,0,0,0,0,0,1,0,1,0,0,0,0,0,1,1,0,0,0,0
이태리국시,nai****,20,2026.05.09,1,영수증,QR코드는 사용해본 적이 있었는데 탭해서 주문하는 건 처음이였어요. 시작부터 유니크한 경험과 이전엔 경험해보지 못했던 퓨전음식을 맛있게 잘 먹었습니다. 좋은 경험 선사해주셔서 감사합니다,QR코드는 사용해본 적이 있었는데 탭해서 주문하는 건 처음이였어요. 시작부터 유니크한 경험과 이전엔 경험해보지 못했던 퓨전음식을 맛있게 잘 먹었습니다. 좋은 경험 선사해주셔서 감사합니다,True,event,20,1번째 방문,True,,,1,QR코드는 사용해본 적이 있었는데 탭해서 주문하는 건 처음이였어요 시작부터 유니크한 경험과 이전엔 경험해보지 못했던 퓨전음식을 맛있게 잘 먹었습니다 좋은 경험 선사해주셔서 감사합니다,103,101,0,0,1,1,1,1,0,0,0,0,0,0,1,1,0,0,0,0,0,0,0,0,0,0,0,1,0,1,0,0,0,0,0,1,1,0,0,0,0
이태리국시,JCJ95,22,2026.04.29,1,영수증,부라타라구떡볶이와 평일점심특선 청양차돌파스타를 먹었는데 정말 색다르고 맛있는맛 중독성있는맛이었고 또와서 다른 메뉴도 먹어보고싶어졌어요 분명 다른 메뉴들도 맛있을각 덕분에 잘 먹고 갑니다,부라타라구떡볶이와 평일점심특선 청양차돌파스타를 먹었는데 정말 색다르고 맛있는맛 중독성있는맛이었고 또와서 다른 메뉴도 먹어보고싶어졌어요 분명 다른 메뉴들도 맛있을각 덕분에 잘 먹고 갑니다,True,event,22,1번째 방문,True,,,1,부라타라구떡볶이와 평일점심특선 청양차돌파스타를 먹었는데 정말 색다르고 맛있는맛 중독성있는맛이었고 또와서 다른 메뉴도 먹어보고싶어졌어요 분명 다른 메뉴들도 맛있을각 덕분에 잘 먹고 갑니다,103,103,0,0,1,1,0,0,0,2,1,0,0,0,2,1,0,0,0,0,0,0,0,0,0,0,0,1,0,1,0,0,0,0,0,1,1,0,0,0,0
이태리국시,젤라997,77,2026.04.25,1,영수증,음식이 너무 깔끔하고 정갈하게 나오는데 맛도 존맛탱이에요💖💖 퓨전이라 이태리의 풍미와 한국의 감칠맛까지 모두 잡은 곳이에요! 데이트장소로도 친구들과도 너무 좋을 것 같아요! 강추합니다!,음식이 너무 깔끔하고 정갈하게 나오는데 맛도 존맛탱이에요💖💖 퓨전이라 이태리의 풍미와 한국의 감칠맛까지 모두 잡은 곳이에요! 데이트장소로도 친구들과도 너무 좋을 것 같아요! 강추합니다!,True,event,77,1번째 방문,True,,,1,음식이 너무 깔끔하고 정갈하게 나오는데 맛도 존맛탱이에요 퓨전이라 이태리의 풍미와 한국의 감칠맛까지 모두 잡은 곳이에요 데이트장소로도 친구들과도 너무 좋을 것 같아요 강추합니다,103,98,0,0,1,1,0,0,0,2,1,0,0,0,1,1,3,1,3,1,0,0,0,0,0,0,0,1,1,1,0,0,0,0,0,1,1,0,0,0,0
이태리국시,올리부99,5,2026.05.09,1,영수증,"혼밥하러 퓨젼스파게티 먹으러갔어요 대표요리인 대창파스타 매콤한 맛의 부드러운 대창, 면의 단단함이 좋네요. 돌솥에 나와서 다 먹을때까지 음식이 식지 않아요. 매장주방의 깨긋함이 잘보여요.","혼밥하러 퓨젼스파게티 먹으러갔어요 대표요리인 대창파스타 매콤한 맛의 부드러운 대창, 면의 단단함이 좋네요. 돌솥에 나와서 다 먹을때까지 음식이 식지 않아요. 매장주방의 깨긋함이 잘보여요.",True,event,5,1번째 방문,True,,,1,혼밥하러 퓨젼스파게티 먹으러갔어요 대표요리인 대창파스타 매콤한 맛의 부드러운 대창 면의 단단함이 좋네요 돌솥에 나와서 다 먹을때까지 음식이 식지 않아요 매장주방의 깨긋함이 잘보여요,104,100,0,0,1,1,1,1,0,1,1,0,0,0,0,0,0,0,0,0,0,0,0,0,0,0,1,0,0,1,0,0,0,0,0,1,1,0,0,0,0
이태리국시,체리81,11,2026.04.19,1,영수증,빠에야 맛있어요!! 재료도 신선하고 양은 좀 적었지만 맛은 만족합니다 다음엔 곱창파스타를 먹어보고싶네요 대창파스타는 양념은 너무 맛있는데 대창이 좀 느끼해서 ㅠㅠ 양념은 밥 비벼먹고싶은맛,빠에야 맛있어요!! 재료도 신선하고 양은 좀 적었지만 맛은 만족합니다 다음엔 곱창파스타를 먹어보고싶네요 대창파스타는 양념은 너무 맛있는데 대창이 좀 느끼해서 ㅠㅠ 양념은 밥 비벼먹고싶은맛,True,event,11,1번째 방문,True,,,1,빠에야 맛있어요 재료도 신선하고 양은 좀 적었지만 맛은 만족합니다 다음엔 곱창파스타를 먹어보고싶네요 대창파스타는 양념은 너무 맛있는데 대창이 좀 느끼해서 양념은 밥 비벼먹고싶은맛,104,99,0,0,1,1,0,0,0,0,0,0,0,0,2,1,1,0,2,0,0,0,1,0,0,0,0,1,0,1,0,0,0,1,1,0,0,0,0,0,0
이태리국시,hoo****,46,2026.04.04,1,영수증,아이와 함께 점심 먹으러왔는대 특별한메뉴들도 많아서 다음에와서도 새 로 운 메뉴에 도전해봐야겠어요!!넘 맛있게 잘 먹구가요! 떡볶이도 아이먹기 적당히 맵고 대창파스타도 특이하고 맛있었어요,아이와 함께 점심 먹으러왔는대 특별한메뉴들도 많아서 다음에와서도 새 로 운 메뉴에 도전해봐야겠어요!!넘 맛있게 잘 먹구가요! 떡볶이도 아이먹기 적당히 맵고 대창파스타도 특이하고 맛있었어요,True,event,46,1번째 방문,True,,,1,아이와 함께 점심 먹으러왔는대 특별한메뉴들도 많아서 다음에와서도 새 로 운 메뉴에 도전해봐야겠어요 넘 맛있게 잘 먹구가요 떡볶이도 아이먹기 적당히 맵고 대창파스타도 특이하고 맛있었어요,104,102,0,0,1,1,0,0,0,1,1,0,0,0,3,1,0,0,3,1,0,0,0,0,0,0,0,1,0,1,0,0,0,0,0,1,1,0,0,0,0
이태리국시,오9오구,27,2026.04.04,1,영수증,분위기 너무 너무 좋아요!! 친구랑 왔는데 데이트로 와도 너무 좋은 분위기에요 :) 맛도 좋고 흔하지 않은 메뉴가 많아서 고르는 재미도 있어요. 생각보다 조용해서 이야기하기도 좋았어요!!,분위기 너무 너무 좋아요!! 친구랑 왔는데 데이트로 와도 너무 좋은 분위기에요 :) 맛도 좋고 흔하지 않은 메뉴가 많아서 고르는 재미도 있어요. 생각보다 조용해서 이야기하기도 좋았어요!!,True,event,27,1번째 방문,True,,,1,분위기 너무 너무 좋아요 친구랑 왔는데 데이트로 와도 너무 좋은 분위기에요 맛도 좋고 흔하지 않은 메뉴가 많아서 고르는 재미도 있어요 생각보다 조용해서 이야기하기도 좋았어요,104,96,0,0,1,1,2,1,1,2,1,0,0,0,1,1,3,1,4,1,0,0,0,0,0,0,0,1,0,1,0,0,0,0,0,1,1,0,0,0,0
이태리국시,hermoseoy,24,2026.05.05,1,영수증,남친이랑 오랜만에 성수와서 데이트하다가 여기 맛잇다 그래서 찾아왓는데 맛있엇구 분위기더 나쁘지 않아서 만족스럽게 식사하구 갓어용 다음에 가족들이랑 오거나 남친이랑 또 오고싶어졋어요 ! ☺️,남친이랑 오랜만에 성수와서 데이트하다가 여기 맛잇다 그래서 찾아왓는데 맛있엇구 분위기더 나쁘지 않아서 만족스럽게 식사하구 갓어용 다음에 가족들이랑 오거나 남친이랑 또 오고싶어졋어요 ! ☺️,True,event,24,1번째 방문,True,,,1,남친이랑 오랜만에 성수와서 데이트하다가 여기 맛잇다 그래서 찾아왓는데 맛있엇구 분위기더 나쁘지 않아서 만족스럽게 식사하구 갓어용 다음에 가족들이랑 오거나 남친이랑 또 오고싶어졋어요,105,100,0,0,1,1,1,1,0,2,1,0,0,0,1,1,0,0,1,0,0,0,0,0,0,0,0,1,0,1,0,0,0,0,0,1,1,0,0,0,0
이태리국시,kms****,9,2026.05.02,1,영수증,대전에 이태리국시 자주 방문했었는데 이사오고 성수갔다가 반가운 마음에 들렸어요! 곱창파스타 생각보다 안맵고 맛있어요~ 잡내도 안나요 ㅎㅎ 빠에야도 새우 오징어 크고 살짝 매콤하니 맛있어요~,대전에 이태리국시 자주 방문했었는데 이사오고 성수갔다가 반가운 마음에 들렸어요! 곱창파스타 생각보다 안맵고 맛있어요~ 잡내도 안나요 ㅎㅎ 빠에야도 새우 오징어 크고 살짝 매콤하니 맛있어요~,True,event,9,1번째 방문,True,,,1,대전에 이태리국시 자주 방문했었는데 이사오고 성수갔다가 반가운 마음에 들렸어요 곱창파스타 생각보다 안맵고 맛있어요 잡내도 안나요 빠에야도 새우 오징어 크고 살짝 매콤하니 맛있어요,105,99,0,0,1,1,0,0,0,0,0,0,0,0,2,1,0,0,1,0,0,0,0,0,0,0,0,0,0,1,0,0,0,1,1,0,0,0,0,0,0
이태리국시,Keanu33,84,2026.04.05,1,영수증,서울숲 벚꽃구경하러 온김에 예약하고 방문했는데 너무 맛있어요 대창파스타 특이하고 맛있어요 ㅎㅎ 매콤해서 대창이 느끼하지 않네요 리조또도 넘 맛있어요! 직원분들도 친절하고 분위기도 좋아요^^,서울숲 벚꽃구경하러 온김에 예약하고 방문했는데 너무 맛있어요 대창파스타 특이하고 맛있어요 ㅎㅎ 매콤해서 대창이 느끼하지 않네요 리조또도 넘 맛있어요! 직원분들도 친절하고 분위기도 좋아요^^,True,event,84,1번째 방문,True,,,1,서울숲 벚꽃구경하러 온김에 예약하고 방문했는데 너무 맛있어요 대창파스타 특이하고 맛있어요 매콤해서 대창이 느끼하지 않네요 리조또도 넘 맛있어요 직원분들도 친절하고 분위기도 좋아요,105,99,0,0,1,1,3,1,1,0,0,0,0,0,5,1,1,0,1,0,0,0,1,0,0,0,0,1,1,1,0,0,0,0,0,1,1,0,0,0,0
이태리국시,닌아17,34,2026.01.25,1,영수증,"대창을 아주 좋아하는데 구워먹지 않고, 면에 넣어진 메뉴가 있어 반가웠어요 ! 신기한 경험적인 도전이였는데 매콤한 소스가 느끼해질뻔하는 대창의 맛을 잡아줘서 맛있게 잘 먹었어요~ 맛있어요!","대창을 아주 좋아하는데 구워먹지 않고, 면에 넣어진 메뉴가 있어 반가웠어요 ! 신기한 경험적인 도전이였는데 매콤한 소스가 느끼해질뻔하는 대창의 맛을 잡아줘서 맛있게 잘 먹었어요~ 맛있어요!",True,event,34,1번째 방문,True,,,1,대창을 아주 좋아하는데 구워먹지 않고 면에 넣어진 메뉴가 있어 반가웠어요 신기한 경험적인 도전이였는데 매콤한 소스가 느끼해질뻔하는 대창의 맛을 잡아줘서 맛있게 잘 먹었어요 맛있어요,105,100,0,0,1,1,0,0,0,0,0,0,0,0,2,1,0,0,2,0,0,0,1,0,0,0,0,1,0,1,0,0,0,1,1,0,0,0,0,0,0
이태리국시,솔직한리뷰러입니다,463,2026.01.03,1,영수증,대기없이 입장했어요! 분위기 좋고 친절하세요! 대창파스타가 매콤해서 다른 음식과 잘 어울렸어요😁 양이 조금 적은듯 했지만 먹으니 배부르네요!🤗 리뷰이벤트도 합니다 드시고 챙겨서 할인받으세요,대기없이 입장했어요! 분위기 좋고 친절하세요! 대창파스타가 매콤해서 다른 음식과 잘 어울렸어요😁 양이 조금 적은듯 했지만 먹으니 배부르네요!🤗 리뷰이벤트도 합니다 드시고 챙겨서 할인받으세요,True,event,463,1번째 방문,True,,,1,대기없이 입장했어요 분위기 좋고 친절하세요 대창파스타가 매콤해서 다른 음식과 잘 어울렸어요 양이 조금 적은듯 했지만 먹으니 배부르네요 리뷰이벤트도 합니다 드시고 챙겨서 할인받으세요,105,100,0,0,1,1,3,1,1,0,0,0,0,0,0,0,0,0,3,1,2,1,0,0,0,0,0,1,1,1,0,0,0,0,0,1,1,0,0,1,0
이태리국시,bbbxn,15,2026.05.09,1,영수증,남자친구랑 예약없이 방문했는데 웨이팅 안 하고 바로 입장했어요~ 숯불대창파스타 불맛 나면서 엄청 맛있고 알배추도 진짜 맛있어요! 분위기도 좋고 친절하셔서 데이트하러 오시기 좋을 것 같아요~!,남자친구랑 예약없이 방문했는데 웨이팅 안 하고 바로 입장했어요~ 숯불대창파스타 불맛 나면서 엄청 맛있고 알배추도 진짜 맛있어요! 분위기도 좋고 친절하셔서 데이트하러 오시기 좋을 것 같아요~!,True,event,15,1번째 방문,True,,,1,남자친구랑 예약없이 방문했는데 웨이팅 안 하고 바로 입장했어요 숯불대창파스타 불맛 나면서 엄청 맛있고 알배추도 진짜 맛있어요 분위기도 좋고 친절하셔서 데이트하러 오시기 좋을 것 같아요,106,102,0,0,1,1,3,1,1,2,1,0,0,0,2,1,2,0,2,0,0,0,1,0,0,0,0,1,0,1,0,0,0,0,0,1,1,0,0,0,0
이태리국시,mip****,5,2026.05.04,1,영수증,"예약 시간보다 빨리 왔는데 바로 입장 가능했어요!! 분위기 너무 좋고 음식도 맛있어요..🫶 매장에 친구,가족,연인분들 다 많았고 데이트 하러 오기 좋은 것 같아요! 노래도 좋고 다 좋았어요!","예약 시간보다 빨리 왔는데 바로 입장 가능했어요!! 분위기 너무 좋고 음식도 맛있어요..🫶 매장에 친구,가족,연인분들 다 많았고 데이트 하러 오기 좋은 것 같아요! 노래도 좋고 다 좋았어요!",True,event,5,1번째 방문,True,,,1,예약 시간보다 빨리 왔는데 바로 입장 가능했어요 분위기 너무 좋고 음식도 맛있어요 매장에 친구 가족 연인분들 다 많았고 데이트 하러 오기 좋은 것 같아요 노래도 좋고 다 좋았어요,106,99,0,0,1,1,2,1,1,3,1,0,0,0,1,1,1,0,4,1,0,0,0,0,0,0,1,0,0,1,0,0,0,0,0,1,1,0,0,0,0
이태리국시,현주랄까,25,2026.05.02,1,영수증,대창 파스타 강추… 얼큰한데 대창먹으면 느끼해서 파스타 느낌 확나고 돌솥이라 끝까지 음식이 따뜻했어요 그리고 의외로 피자가 제일 맛있었어요 부담스럽지 않고 산뜻하고 샐러드보다 피자가 나을듯!,대창 파스타 강추… 얼큰한데 대창먹으면 느끼해서 파스타 느낌 확나고 돌솥이라 끝까지 음식이 따뜻했어요 그리고 의외로 피자가 제일 맛있었어요 부담스럽지 않고 산뜻하고 샐러드보다 피자가 나을듯!,True,event,25,1번째 방문,True,,,1,대창 파스타 강추 얼큰한데 대창먹으면 느끼해서 파스타 느낌 확나고 돌솥이라 끝까지 음식이 따뜻했어요 그리고 의외로 피자가 제일 맛있었어요 부담스럽지 않고 산뜻하고 샐러드보다 피자가 나을듯,106,104,0,0,1,1,0,0,0,0,0,0,0,0,2,1,0,0,1,0,0,0,1,0,0,0,0,1,0,1,0,0,0,1,1,0,0,0,0,0,0
이태리국시,수빙빙89,19,2026.04.09,1,영수증,원래 마늘도 싫어하고 리조또도 별로 안 좋아하는데 리조또 너무 맛있어요 ㅠㅠ 먹어도 먹어도 맛있고 안 느끼하고 진짜 바닥까지 핥아먹을뻔 .. 다음에도 오면 더 많이 시켜야겠어요!!! 💗💗💗💗,원래 마늘도 싫어하고 리조또도 별로 안 좋아하는데 리조또 너무 맛있어요 ㅠㅠ 먹어도 먹어도 맛있고 안 느끼하고 진짜 바닥까지 핥아먹을뻔 .. 다음에도 오면 더 많이 시켜야겠어요!!! 💗💗💗💗,True,event,19,1번째 방문,True,,,1,원래 마늘도 싫어하고 리조또도 별로 안 좋아하는데 리조또 너무 맛있어요 먹어도 먹어도 맛있고 안 느끼하고 진짜 바닥까지 핥아먹을뻔 다음에도 오면 더 많이 시켜야겠어요,106,92,0,0,1,1,0,0,0,0,0,0,0,0,2,1,2,0,3,1,0,0,1,0,0,0,0,1,0,1,0,0,0,1,1,0,0,0,0,0,0
이태리국시,tkf****,80,2026.03.07,1,영수증,주말이라 웨이팅을 걱정했는데 딱 한자리가 있었네요! 숯불대창돌솥파스타가 가장 유명하대서 주문했어요! 소스랑 같이 먹으니 대창도 느끼하지않고 맛있네요! 분위기도 좋아서 데이트에도 좋을거 같아요,주말이라 웨이팅을 걱정했는데 딱 한자리가 있었네요! 숯불대창돌솥파스타가 가장 유명하대서 주문했어요! 소스랑 같이 먹으니 대창도 느끼하지않고 맛있네요! 분위기도 좋아서 데이트에도 좋을거 같아요,True,event,80,1번째 방문,True,,,1,주말이라 웨이팅을 걱정했는데 딱 한자리가 있었네요 숯불대창돌솥파스타가 가장 유명하대서 주문했어요 소스랑 같이 먹으니 대창도 느끼하지않고 맛있네요 분위기도 좋아서 데이트에도 좋을거 같아요,106,103,0,0,1,1,4,1,1,2,1,0,0,0,1,1,0,0,3,1,0,0,1,0,0,0,0,1,1,1,0,0,0,0,0,1,1,0,0,0,0
이태리국시,imtrash001,465,2026.04.23,1,영수증,성수동 놀러왔다가 맛집인 것 같길래 들렀는데 역시나... 넘 맛있게 먹고 갑니다. 인테리어도 멋지구요. 가족들이랑 같이 왔는데 다들 맛있게 잘 먹었다고 그러네용 ㅎ 다음에 또 먹으러 올께요~~,성수동 놀러왔다가 맛집인 것 같길래 들렀는데 역시나... 넘 맛있게 먹고 갑니다. 인테리어도 멋지구요. 가족들이랑 같이 왔는데 다들 맛있게 잘 먹었다고 그러네용 ㅎ 다음에 또 먹으러 올께요~~,True,event,465,1번째 방문,True,,,1,성수동 놀러왔다가 맛집인 것 같길래 들렀는데 역시나 넘 맛있게 먹고 갑니다 인테리어도 멋지구요 가족들이랑 같이 왔는데 다들 맛있게 잘 먹었다고 그러네용 다음에 또 먹으러 올께요,107,98,0,0,1,1,0,0,0,1,1,0,0,0,4,1,0,0,0,0,0,0,1,0,0,0,0,1,1,1,0,0,0,0,0,1,1,0,0,0,0
이태리국시,heo****,5,2026.04.08,1,영수증,특색있는 파스타 메뉴를 먹을 수 있어서 좋았어요! 대창 좋아하시면 꼭 드셔보시길 추천드립니다!! 바지락 파스타는 해장으로도 기가멕혀서 아주 둘다 싹싹 긁어먹었네요ㅋㅋㅋㅋㅋ 맛있게 잘먹었습니다😊,특색있는 파스타 메뉴를 먹을 수 있어서 좋았어요! 대창 좋아하시면 꼭 드셔보시길 추천드립니다!! 바지락 파스타는 해장으로도 기가멕혀서 아주 둘다 싹싹 긁어먹었네요ㅋㅋㅋㅋㅋ 맛있게 잘먹었습니다😊,True,event,5,1번째 방문,True,,,1,특색있는 파스타 메뉴를 먹을 수 있어서 좋았어요 대창 좋아하시면 꼭 드셔보시길 추천드립니다 바지락 파스타는 해장으로도 기가멕혀서 아주 둘다 싹싹 긁어먹었네요 맛있게 잘먹었습니다,107,98,0,0,1,1,0,0,0,0,0,0,0,0,2,1,0,0,3,1,0,0,1,0,0,0,1,0,0,1,0,0,0,1,1,0,0,0,0,0,0
이태리국시,goo****,43,2026.04.04,1,영수증,대창 파스타는 매운 족발맛 나는데 너무 자극적이지 않고 밸런스있었어요! 리조또는 마늘향에 크림이 잘 어우러졌고 누룽지같은 후레이크가 포인트였어여 구운 닭이랑 같이 먹으니까 보양식같아서 좋았어용,대창 파스타는 매운 족발맛 나는데 너무 자극적이지 않고 밸런스있었어요! 리조또는 마늘향에 크림이 잘 어우러졌고 누룽지같은 후레이크가 포인트였어여 구운 닭이랑 같이 먹으니까 보양식같아서 좋았어용,True,event,43,1번째 방문,True,,,1,대창 파스타는 매운 족발맛 나는데 너무 자극적이지 않고 밸런스있었어요 리조또는 마늘향에 크림이 잘 어우러졌고 누룽지같은 후레이크가 포인트였어여 구운 닭이랑 같이 먹으니까 보양식같아서 좋았어용,107,106,0,0,1,1,0,0,0,0,0,0,0,0,0,0,1,0,1,0,0,0,0,0,0,0,0,1,0,1,0,0,0,0,0,0,0,0,0,0,0
이태리국시,하네지1,22,2026.03.01,1,영수증,음식이 특별하고 맛있었어요. 데이트 하러 왔습니다 한식이랑 퓨전인 것 같아서 신기해서 먹어봤는데 너무 맛있습니다. 분위기도 너무 좋고 직원들도 친절하셔서 너무 맛있게 먹었습니다! 번창하세요💜💜,음식이 특별하고 맛있었어요. 데이트 하러 왔습니다 한식이랑 퓨전인 것 같아서 신기해서 먹어봤는데 너무 맛있습니다. 분위기도 너무 좋고 직원들도 친절하셔서 너무 맛있게 먹었습니다! 번창하세요💜💜,True,event,22,1번째 방문,True,,,1,음식이 특별하고 맛있었어요 데이트 하러 왔습니다 한식이랑 퓨전인 것 같아서 신기해서 먹어봤는데 너무 맛있습니다 분위기도 너무 좋고 직원들도 친절하셔서 너무 맛있게 먹었습니다 번창하세요,107,102,0,0,1,1,3,1,1,1,1,0,0,0,3,1,3,1,1,0,0,0,0,0,0,0,0,1,0,1,0,0,0,0,0,1,1,0,0,0,0
이태리국시,a1l****,28,2026.04.19,1,영수증,대창 파스타 미치셨아요 !!!!! 너무 맛있어요 !!!!!! 진짜 다음에 또 오고싳은 맛이에오 같이 먹은 리조또도 궁합이 최고였습니당 너무 맛있아요 지금 다 먹었는데 하나 더 시키고 싶네요 ..,대창 파스타 미치셨아요 !!!!! 너무 맛있어요 !!!!!! 진짜 다음에 또 오고싳은 맛이에오 같이 먹은 리조또도 궁합이 최고였습니당 너무 맛있아요 지금 다 먹었는데 하나 더 시키고 싶네요 ..,True,event,28,1번째 방문,True,,,1,대창 파스타 미치셨아요 너무 맛있어요 진짜 다음에 또 오고싳은 맛이에오 같이 먹은 리조또도 궁합이 최고였습니당 너무 맛있아요 지금 다 먹었는데 하나 더 시키고 싶네요,108,92,0,0,1,1,0,0,0,0,0,0,0,0,3,1,3,1,11,1,0,0,1,0,0,0,0,1,0,1,0,0,0,1,1,0,0,0,0,0,0
이태리국시,박지박지,27,2026.04.03,1,영수증,성수동에서 음식점들 고민하다가 발견한 집인데 특별한 메뉴가 있어서 방문했습니다! 심지어 맛있기까지해서 너무 만족스러운 저녁식사였습니다~ 다음번엔 곱창치즈파스타랑 깍두기리조또 등도 먹어보고싶어요!,성수동에서 음식점들 고민하다가 발견한 집인데 특별한 메뉴가 있어서 방문했습니다! 심지어 맛있기까지해서 너무 만족스러운 저녁식사였습니다~ 다음번엔 곱창치즈파스타랑 깍두기리조또 등도 먹어보고싶어요!,True,event,27,1번째 방문,True,,,1,성수동에서 음식점들 고민하다가 발견한 집인데 특별한 메뉴가 있어서 방문했습니다 심지어 맛있기까지해서 너무 만족스러운 저녁식사였습니다 다음번엔 곱창치즈파스타랑 깍두기리조또 등도 먹어보고싶어요,108,105,0,0,1,1,0,0,0,1,1,0,0,0,1,1,1,0,2,0,0,0,0,0,0,0,0,1,0,1,0,0,0,0,0,1,1,0,0,0,0
이태리국시,shi****,5,2026.03.29,1,영수증,대창 파스타와 해산물 빠에야를 먹었는데 재료도 신선하고 맛있었요! 그리고 분위기도 좋았고 틀어주신 재즈 노래가 좋았습니당! 대창도 되게 크고 통통해서 좋았고 대창이랑 같이 먹으면 맛있었습니다☺️,대창 파스타와 해산물 빠에야를 먹었는데 재료도 신선하고 맛있었요! 그리고 분위기도 좋았고 틀어주신 재즈 노래가 좋았습니당! 대창도 되게 크고 통통해서 좋았고 대창이랑 같이 먹으면 맛있었습니다☺️,True,event,5,1번째 방문,True,,,1,대창 파스타와 해산물 빠에야를 먹었는데 재료도 신선하고 맛있었요 그리고 분위기도 좋았고 틀어주신 재즈 노래가 좋았습니당 대창도 되게 크고 통통해서 좋았고 대창이랑 같이 먹으면 맛있었습니다,108,104,0,0,1,1,1,1,0,0,0,0,0,0,2,1,0,0,2,0,0,0,0,0,0,0,1,0,0,1,0,0,0,0,0,1,1,0,0,0,0
이태리국시,윤동주82,29,2026.04.27,1,영수증,사랑하는 친구들과 너무너무 마싯는 밥을 먹으러 왔어요 🥺...❤️❤️ 시키는 메뉴마다 대.성.공. 성수 맛집을 알게 되어 넘 기쁩니다...♡ 전 친구랑 왔지만 소개팅 데이트 하기도 좋아보여요 ^^,사랑하는 친구들과 너무너무 마싯는 밥을 먹으러 왔어요 🥺...❤️❤️ 시키는 메뉴마다 대.성.공. 성수 맛집을 알게 되어 넘 기쁩니다...♡ 전 친구랑 왔지만 소개팅 데이트 하기도 좋아보여요 ^^,True,event,29,1번째 방문,True,,,1,사랑하는 친구들과 너무너무 마싯는 밥을 먹으러 왔어요 시키는 메뉴마다 대 성 공 성수 맛집을 알게 되어 넘 기쁩니다 전 친구랑 왔지만 소개팅 데이트 하기도 좋아보여요,109,92,0,0,1,1,0,0,0,3,1,0,0,0,2,1,2,0,0,0,0,0,0,0,0,0,0,1,0,1,0,0,0,0,0,1,1,0,0,0,0
이태리국시,GYUNNY,41,2026.03.12,1,영수증,뚝섬 핫플로 추천합니다!! 매장도 넓고 깨끗하고 블랙톤 인테리어도 멋져용 ㅎㅎ 시그니처 메뉴인 곱창파스타와 리조또를 먹었는데 간이 너무 자극적이지 않고 딱 맛있게 매콤한 맛이라 너무 맛있었어요~~,뚝섬 핫플로 추천합니다!! 매장도 넓고 깨끗하고 블랙톤 인테리어도 멋져용 ㅎㅎ 시그니처 메뉴인 곱창파스타와 리조또를 먹었는데 간이 너무 자극적이지 않고 딱 맛있게 매콤한 맛이라 너무 맛있었어요~~,True,event,41,1번째 방문,True,,,1,뚝섬 핫플로 추천합니다 매장도 넓고 깨끗하고 블랙톤 인테리어도 멋져용 시그니처 메뉴인 곱창파스타와 리조또를 먹었는데 간이 너무 자극적이지 않고 딱 맛있게 매콤한 맛이라 너무 맛있었어요,109,102,0,0,1,1,1,1,0,0,0,0,0,0,3,1,2,0,2,0,0,0,0,0,0,0,0,1,0,1,0,0,0,0,0,1,1,0,0,0,0
이태리국시,꿈틀루씨,76,2026.05.01,1,영수증,너무 와보고 싶었던 곳인데 아이와 오늘 예약없이 갑자기 방문했는데 1팀 대기 후에 들어왔네요. 대표메뉴 2개시키고 샐러드 추가했는데 정말 맛있어요. ㅇ양도 많고 깔끔하니 다른 메뉴도 너무 궁금합니다,너무 와보고 싶었던 곳인데 아이와 오늘 예약없이 갑자기 방문했는데 1팀 대기 후에 들어왔네요. 대표메뉴 2개시키고 샐러드 추가했는데 정말 맛있어요. ㅇ양도 많고 깔끔하니 다른 메뉴도 너무 궁금합니다,True,event,76,1번째 방문,True,,,1,너무 와보고 싶었던 곳인데 아이와 오늘 예약없이 갑자기 방문했는데 1팀 대기 후에 들어왔네요 대표메뉴 2개시키고 샐러드 추가했는데 정말 맛있어요 양도 많고 깔끔하니 다른 메뉴도 너무 궁금합니다,110,107,0,0,1,1,1,1,0,0,0,1,0,0,1,1,2,0,0,0,0,0,0,0,0,0,0,1,1,1,0,0,0,0,0,1,1,0,0,0,0
이태리국시,아이두28,9,2026.05.01,1,영수증,"성수 데이트로 가기 좋은 곳이에요. 분위기 은은하고 조용해서 대화하기 편했고, 음식도 한식 느낌 섞인 파스타라 색다르고 맛있었습니다. 전체적으로 부담 없이 분위기+맛 둘 다 챙기기 좋은 느낌입니다!","성수 데이트로 가기 좋은 곳이에요. 분위기 은은하고 조용해서 대화하기 편했고, 음식도 한식 느낌 섞인 파스타라 색다르고 맛있었습니다. 전체적으로 부담 없이 분위기+맛 둘 다 챙기기 좋은 느낌입니다!",True,event,9,1번째 방문,True,,,1,성수 데이트로 가기 좋은 곳이에요 분위기 은은하고 조용해서 대화하기 편했고 음식도 한식 느낌 섞인 파스타라 색다르고 맛있었습니다 전체적으로 부담 없이 분위기 맛 둘 다 챙기기 좋은 느낌입니다,110,106,0,0,1,1,2,1,1,1,1,0,0,0,1,1,0,0,1,0,0,0,0,0,0,0,0,0,0,1,0,0,0,0,0,1,1,0,0,0,0
이태리국시,나무그늘그자리,4,2026.05.08,1,영수증,어버이날이라서 여기 성수동에 맛집검색후 예약없이찾아왔어요 기다림없이 자리착석 주문후 요리나오는 시간은 조금걸려서 살짝 지루했는데.. 음식이 나오니..눈이 즐거움과 맛에 반했어요 특별한날 추천합니다 👍,어버이날이라서 여기 성수동에 맛집검색후 예약없이찾아왔어요 기다림없이 자리착석 주문후 요리나오는 시간은 조금걸려서 살짝 지루했는데.. 음식이 나오니..눈이 즐거움과 맛에 반했어요 특별한날 추천합니다 👍,True,event,4,1번째 방문,True,,,1,어버이날이라서 여기 성수동에 맛집검색후 예약없이찾아왔어요 기다림없이 자리착석 주문후 요리나오는 시간은 조금걸려서 살짝 지루했는데 음식이 나오니 눈이 즐거움과 맛에 반했어요 특별한날 추천합니다,111,106,0,0,1,1,2,1,1,0,0,0,0,0,2,1,0,0,0,0,0,0,0,0,0,0,1,0,0,1,0,0,0,0,0,1,1,0,0,0,0
이태리국시,Hoooooon,37,2026.04.07,1,영수증,주변 지나가다가 이태리국시가 보여서 왔어요 도산점도 가봤었는데 성수점도 인테리어 깔끔하고 역시나 맛도 맛있네요 파스타면이 정말 알맞게 익었고 맛도 너무 자극적이지 않고 딱 좋네요! 다음에 또 올게요!,주변 지나가다가 이태리국시가 보여서 왔어요 도산점도 가봤었는데 성수점도 인테리어 깔끔하고 역시나 맛도 맛있네요 파스타면이 정말 알맞게 익었고 맛도 너무 자극적이지 않고 딱 좋네요! 다음에 또 올게요!,True,event,37,1번째 방문,True,,,1,주변 지나가다가 이태리국시가 보여서 왔어요 도산점도 가봤었는데 성수점도 인테리어 깔끔하고 역시나 맛도 맛있네요 파스타면이 정말 알맞게 익었고 맛도 너무 자극적이지 않고 딱 좋네요 다음에 또 올게요,111,109,0,0,1,1,0,0,0,0,0,0,0,0,1,1,1,0,2,0,0,0,0,1,1,0,0,1,0,1,0,0,0,1,1,0,0,0,0,0,0
이태리국시,주희15,27,2026.03.14,1,영수증,3가지 시킨메뉴가 모두 진짜 너무 맛있어요!! 쫄깃한 불맛나는 대창파스타에 순한 마늘 리조또가 찰떡입니다. 담백한 트러플 뇨끼는 말해모하나요ㅋ 메뉴 3가지 조합 추천하니 시켜보시길요. 내돈내산 리뷰♡,3가지 시킨메뉴가 모두 진짜 너무 맛있어요!! 쫄깃한 불맛나는 대창파스타에 순한 마늘 리조또가 찰떡입니다. 담백한 트러플 뇨끼는 말해모하나요ㅋ 메뉴 3가지 조합 추천하니 시켜보시길요. 내돈내산 리뷰♡,True,event,27,1번째 방문,True,,,1,3가지 시킨메뉴가 모두 진짜 너무 맛있어요 쫄깃한 불맛나는 대창파스타에 순한 마늘 리조또가 찰떡입니다 담백한 트러플 뇨끼는 말해모하나요 메뉴 3가지 조합 추천하니 시켜보시길요 내돈내산 리뷰,111,105,0,0,1,1,0,0,0,0,0,1,0,0,2,1,2,0,2,0,0,0,1,0,0,0,0,1,0,1,0,0,0,1,1,0,0,0,0,0,0
이태리국시,JUSTTTT,30,2026.01.31,1,영수증,"반계마늘돌솥리조토, 숯불 대창 돌솥파스타, 디저트로 인절미 티라미수 먹었는데 너무 느끼하지않고 완벽한 조합으로 맛있게 먹고왔어요!! 직원분들도 친절하시고 음식도 따뜻하게 금방 나와서 너무 좋습니다!!","반계마늘돌솥리조토, 숯불 대창 돌솥파스타, 디저트로 인절미 티라미수 먹었는데 너무 느끼하지않고 완벽한 조합으로 맛있게 먹고왔어요!! 직원분들도 친절하시고 음식도 따뜻하게 금방 나와서 너무 좋습니다!!",True,event,30,1번째 방문,True,,,1,반계마늘돌솥리조토 숯불 대창 돌솥파스타 디저트로 인절미 티라미수 먹었는데 너무 느끼하지않고 완벽한 조합으로 맛있게 먹고왔어요 직원분들도 친절하시고 음식도 따뜻하게 금방 나와서 너무 좋습니다,111,105,0,0,1,1,2,1,1,0,0,0,0,0,1,1,2,0,4,1,0,0,1,0,0,0,0,1,0,1,0,0,0,0,0,1,1,0,0,0,0
이태리국시,자스민쿠키,11,2026.03.25,1,영수증,친한 형이랑 둘이 와서 먹었는데 진짜 맛있어요!!! 파스타 이름이 특이한데 맛은 정말 맛있었어요 데이트나 친구랑 밥먹기 정말 좋습니다 인테리어나 서비스도 굳이예요!!! 서울숲이나 성수오면 꼭 오시길..,친한 형이랑 둘이 와서 먹었는데 진짜 맛있어요!!! 파스타 이름이 특이한데 맛은 정말 맛있었어요 데이트나 친구랑 밥먹기 정말 좋습니다 인테리어나 서비스도 굳이예요!!! 서울숲이나 성수오면 꼭 오시길..,True,event,11,1번째 방문,True,,,1,친한 형이랑 둘이 와서 먹었는데 진짜 맛있어요 파스타 이름이 특이한데 맛은 정말 맛있었어요 데이트나 친구랑 밥먹기 정말 좋습니다 인테리어나 서비스도 굳이예요 서울숲이나 성수오면 꼭 오시길,112,104,0,0,1,1,1,1,0,2,1,0,0,0,2,1,1,0,6,1,1,1,1,0,0,0,0,1,0,1,0,0,0,0,0,1,1,0,0,1,0
이태리국시,보미553,52,2026.01.11,1,예약,급하게 먹었어야하는 상황인데 다행히 메뉴가 빨리나와서 맛있게 잘 먹었습니다!! 부모님이랑 오는거라 퓨전식당 알아보고있었는데 분위기도 너무 좋고 음식도 정말 맛있네요!! 특히 피자가 정말 맛있었습니다!!,급하게 먹었어야하는 상황인데 다행히 메뉴가 빨리나와서 맛있게 잘 먹었습니다!! 부모님이랑 오는거라 퓨전식당 알아보고있었는데 분위기도 너무 좋고 음식도 정말 맛있네요!! 특히 피자가 정말 맛있었습니다!!,True,event,52,1번째 방문,True,,,1,급하게 먹었어야하는 상황인데 다행히 메뉴가 빨리나와서 맛있게 잘 먹었습니다 부모님이랑 오는거라 퓨전식당 알아보고있었는데 분위기도 너무 좋고 음식도 정말 맛있네요 특히 피자가 정말 맛있었습니다,112,106,0,0,1,1,1,1,0,0,0,0,0,0,3,1,1,0,6,1,0,0,0,0,0,0,0,1,1,1,0,0,0,0,0,1,1,0,0,0,0
이태리국시,시원1086,7,2026.04.16,1,영수증,"들어오자마자 공간이 넓고 탁트여 있어서 좋았는데, 음식도 너무 맛있어서 대만족입니다 ㅠㅠ!! 친구랑 둘이 왔는데 배불리 잘 먹고 행복한 시간 보내고 가네요•• 서울숲 오면 다음에 또 방문하고 싶어요 !!","들어오자마자 공간이 넓고 탁트여 있어서 좋았는데, 음식도 너무 맛있어서 대만족입니다 ㅠㅠ!! 친구랑 둘이 왔는데 배불리 잘 먹고 행복한 시간 보내고 가네요•• 서울숲 오면 다음에 또 방문하고 싶어요 !!",True,event,7,1번째 방문,True,,,1,들어오자마자 공간이 넓고 탁트여 있어서 좋았는데 음식도 너무 맛있어서 대만족입니다 친구랑 둘이 왔는데 배불리 잘 먹고 행복한 시간 보내고 가네요 서울숲 오면 다음에 또 방문하고 싶어요,113,102,0,0,1,1,0,0,0,1,1,0,0,0,1,1,1,0,4,1,0,0,0,1,1,0,0,0,0,1,0,0,0,0,0,1,1,0,0,0,0
이태리국시,마루9,21,2026.05.07,1,영수증,갑작스럽게 들어왔지만 너무 맛있잖아요?? 특이한 퓨전음식에 너무나도 만족하고 돌아갑니다~ 파스타뿐만 아니라 리조또 꼭 먹어야해요!! 성수에서 양식 땡기신다면 꼭 들러보세요! 친구랑 행복한 시간 보내고 가용,갑작스럽게 들어왔지만 너무 맛있잖아요?? 특이한 퓨전음식에 너무나도 만족하고 돌아갑니다~ 파스타뿐만 아니라 리조또 꼭 먹어야해요!! 성수에서 양식 땡기신다면 꼭 들러보세요! 친구랑 행복한 시간 보내고 가용,True,event,21,1번째 방문,True,,,1,갑작스럽게 들어왔지만 너무 맛있잖아요 특이한 퓨전음식에 너무나도 만족하고 돌아갑니다 파스타뿐만 아니라 리조또 꼭 먹어야해요 성수에서 양식 땡기신다면 꼭 들러보세요 친구랑 행복한 시간 보내고 가용,114,108,0,0,1,1,0,0,0,1,1,0,0,0,1,1,2,0,3,1,0,0,0,0,0,0,0,1,0,1,0,0,0,0,0,1,1,0,0,0,0
이태리국시,littlebird33,6,2026.05.04,1,영수증,오랜만에 성수 놀러간거라 이왕이면 맛있는걸로 먹고싶어서 열심히 찾아 방문했습니다! 식당 찾았던 그 시간이 아깝지 않게 맛있게 먹었습니다아 다른 궁금한 메뉴도 많았는데 인기메뉴랑 런치메뉴 하나씩 시켰어요~~,오랜만에 성수 놀러간거라 이왕이면 맛있는걸로 먹고싶어서 열심히 찾아 방문했습니다! 식당 찾았던 그 시간이 아깝지 않게 맛있게 먹었습니다아 다른 궁금한 메뉴도 많았는데 인기메뉴랑 런치메뉴 하나씩 시켰어요~~,True,event,6,1번째 방문,True,,,1,오랜만에 성수 놀러간거라 이왕이면 맛있는걸로 먹고싶어서 열심히 찾아 방문했습니다 식당 찾았던 그 시간이 아깝지 않게 맛있게 먹었습니다아 다른 궁금한 메뉴도 많았는데 인기메뉴랑 런치메뉴 하나씩 시켰어요,114,111,0,0,1,1,0,0,0,0,0,0,0,0,2,1,0,0,1,0,0,0,0,0,0,0,0,0,0,1,0,0,0,1,1,0,0,0,0,0,0
이태리국시,931230,9,2026.04.25,1,영수증,"꼭 와보고 싶었던 이태리국시,, 드디어 방문해서 너무 맛있게 먹고 갑니다! 매장도 꽤 넓직해서 데이트나 친구 모임에도 좋을것같아요 새로운 메뉴들이 있어서 색다르게 먹기도 좋았어요 쌈피자 추천 드립니다 ㅎㅎ","꼭 와보고 싶었던 이태리국시,, 드디어 방문해서 너무 맛있게 먹고 갑니다! 매장도 꽤 넓직해서 데이트나 친구 모임에도 좋을것같아요 새로운 메뉴들이 있어서 색다르게 먹기도 좋았어요 쌈피자 추천 드립니다 ㅎㅎ",True,event,9,1번째 방문,True,,,1,꼭 와보고 싶었던 이태리국시 드디어 방문해서 너무 맛있게 먹고 갑니다 매장도 꽤 넓직해서 데이트나 친구 모임에도 좋을것같아요 새로운 메뉴들이 있어서 색다르게 먹기도 좋았어요 쌈피자 추천 드립니다,114,108,0,0,1,1,1,1,0,2,1,0,0,0,2,1,1,0,1,0,0,0,0,0,0,0,0,0,0,1,0,0,0,0,0,1,1,0,0,0,0
이태리국시,anstkd14743,14,2026.04.18,1,영수증,"전체적으로 조화로운 퓨전음식이었고 다 맛있었어요! 곱창파스타는 치즈가 있어 적당히 매콤해 한식 맛이 나면서도 파스타와 잘 어울렸어요. 피자는 리코타 샐러드와 불고기, 도우 두께도 조화로워 계속 들어갔어요.","전체적으로 조화로운 퓨전음식이었고 다 맛있었어요! 곱창파스타는 치즈가 있어 적당히 매콤해 한식 맛이 나면서도 파스타와 잘 어울렸어요. 피자는 리코타 샐러드와 불고기, 도우 두께도 조화로워 계속 들어갔어요.",True,event,14,1번째 방문,True,,,1,전체적으로 조화로운 퓨전음식이었고 다 맛있었어요 곱창파스타는 치즈가 있어 적당히 매콤해 한식 맛이 나면서도 파스타와 잘 어울렸어요 피자는 리코타 샐러드와 불고기 도우 두께도 조화로워 계속 들어갔어요,114,110,0,0,1,1,0,0,0,0,0,0,0,0,1,1,0,0,1,0,0,0,0,0,0,0,0,1,0,1,0,0,0,1,1,0,0,0,0,0,0
이태리국시,amy****,44,2026.04.17,1,영수증,한입 먹고 너무 맛있어서 진짜 놀랐어요 ㅎㅎ 분위기도 좋고 음식도 너무 맛있어요ㅎㅎ 대창파스타 꼭 드셔보세요 입에 넣자마자 진짜 와 ㅋㅋㅋㅋ 빠에야 갑오징어도 부드럽고 살살 녹아요 다음에 또 방문하려구요!,한입 먹고 너무 맛있어서 진짜 놀랐어요 ㅎㅎ 분위기도 좋고 음식도 너무 맛있어요ㅎㅎ 대창파스타 꼭 드셔보세요 입에 넣자마자 진짜 와 ㅋㅋㅋㅋ 빠에야 갑오징어도 부드럽고 살살 녹아요 다음에 또 방문하려구요!,True,event,44,1번째 방문,True,,,1,한입 먹고 너무 맛있어서 진짜 놀랐어요 분위기도 좋고 음식도 너무 맛있어요 대창파스타 꼭 드셔보세요 입에 넣자마자 진짜 와 빠에야 갑오징어도 부드럽고 살살 녹아요 다음에 또 방문하려구요,114,103,0,0,1,1,1,1,0,0,0,0,0,0,2,1,4,1,1,0,0,0,1,1,1,0,0,1,0,1,0,0,0,0,0,1,1,0,0,0,0
이태리국시,백프로디테,14,2026.03.25,1,영수증,평일 저녁 예약이 꽉 찼다고 해서 조금 걱정했는데 예약 없이도 바로 입장 할 수 있어서 너무 좋았어요!! 부라타/라구 떡볶이는 그냥 무조건 드세요!!!!!! 여기 있는 메뉴 다 먹어보러 다시 오겠습니다😊😊,평일 저녁 예약이 꽉 찼다고 해서 조금 걱정했는데 예약 없이도 바로 입장 할 수 있어서 너무 좋았어요!! 부라타/라구 떡볶이는 그냥 무조건 드세요!!!!!! 여기 있는 메뉴 다 먹어보러 다시 오겠습니다😊😊,True,event,14,1번째 방문,True,,,1,평일 저녁 예약이 꽉 찼다고 해서 조금 걱정했는데 예약 없이도 바로 입장 할 수 있어서 너무 좋았어요 부라타 라구 떡볶이는 그냥 무조건 드세요 여기 있는 메뉴 다 먹어보러 다시 오겠습니다,114,104,0,0,1,1,0,0,0,2,1,0,0,0,0,0,1,0,8,1,0,0,0,0,0,0,0,1,0,1,0,0,0,0,0,1,1,0,0,0,0
이태리국시,red****,24,2026.02.16,1,영수증,와..오래기다릴만한 맛 인정입니다. 대창파스타 진짜 느므느므 맛있어요 조금만 덜 기다리면 좋았겠지만ㅜㅜ 담에는 예약하고 다시 꼭 와서 대창 곱창 스파게티 하나씩 시켜먹을래요 피 자도 무척맛있습니다~~~~♡,와..오래기다릴만한 맛 인정입니다. 대창파스타 진짜 느므느므 맛있어요 조금만 덜 기다리면 좋았겠지만ㅜㅜ 담에는 예약하고 다시 꼭 와서 대창 곱창 스파게티 하나씩 시켜먹을래요 피 자도 무척맛있습니다~~~~♡,True,event,24,1번째 방문,True,,,1,와 오래기다릴만한 맛 인정입니다 대창파스타 진짜 느므느므 맛있어요 조금만 덜 기다리면 좋았겠지만 담에는 예약하고 다시 꼭 와서 대창 곱창 스파게티 하나씩 시켜먹을래요 피 자도 무척맛있습니다,114,105,0,0,1,1,0,0,0,0,0,0,0,0,2,1,1,0,0,0,0,0,1,0,0,0,0,1,0,1,0,0,0,1,1,0,0,0,0,0,0
이태리국시,qlove3,126,2026.03.25,1,영수증,예약하고 방문해서 대기 없이 바로 입장했어요. 매장 넓고 분위기도 좋아서 편하게 식사하기 좋았습니다. 특히 반계 마늘돌솥리조트가 진짜 맛있었어요! 마늘 향이 은은하고 닭도 촉촉해서 계속 손이 가는 맛이에요.,예약하고 방문해서 대기 없이 바로 입장했어요. 매장 넓고 분위기도 좋아서 편하게 식사하기 좋았습니다. 특히 반계 마늘돌솥리조트가 진짜 맛있었어요! 마늘 향이 은은하고 닭도 촉촉해서 계속 손이 가는 맛이에요.,True,event,126,1번째 방문,True,,,1,예약하고 방문해서 대기 없이 바로 입장했어요 매장 넓고 분위기도 좋아서 편하게 식사하기 좋았습니다 특히 반계 마늘돌솥리조트가 진짜 맛있었어요 마늘 향이 은은하고 닭도 촉촉해서 계속 손이 가는 맛이에요,115,111,0,0,1,1,3,1,1,0,0,0,0,0,1,1,1,0,1,0,0,0,1,0,0,0,0,1,1,1,0,0,0,0,0,1,1,0,0,0,0
이태리국시,뚱깡낑,15,2026.03.12,1,영수증,메뉴 다 맛있어요~!!! 양식인데 느끼하지도 않고 재료들도 다 신선해서 너무 좋아요 매장도 넓고 깔끔해서 분위기도 좋고 기분내는 외식하기 좋아요💕 그리고 직원분들도 너무 친절해서 기분 좋게 식사하기 좋았어요,메뉴 다 맛있어요~!!! 양식인데 느끼하지도 않고 재료들도 다 신선해서 너무 좋아요 매장도 넓고 깔끔해서 분위기도 좋고 기분내는 외식하기 좋아요💕 그리고 직원분들도 너무 친절해서 기분 좋게 식사하기 좋았어요,True,event,15,1번째 방문,True,,,1,메뉴 다 맛있어요 양식인데 느끼하지도 않고 재료들도 다 신선해서 너무 좋아요 매장도 넓고 깔끔해서 분위기도 좋고 기분내는 외식하기 좋아요 그리고 직원분들도 너무 친절해서 기분 좋게 식사하기 좋았어요,115,110,0,0,1,1,4,1,1,0,0,0,0,0,3,1,2,0,3,1,0,0,1,0,0,0,0,1,0,1,0,0,0,0,0,1,1,0,0,0,0
이태리국시,롱21,51,2026.04.25,1,영수증,너무너무너무 맛있어요 💗💗💗 별점 5점이 최대인게 아쉽네요. 곱창치즈돌솥파스타랑 뇨끼랑 샐러드 먹었는데 최고에용 !!! 곱창치즈 돌솥파스타는 국물까지 싹싹 긁어먹었네요 &gt;&lt; 담에 또오려규요 !!!!,너무너무너무 맛있어요 💗💗💗 별점 5점이 최대인게 아쉽네요. 곱창치즈돌솥파스타랑 뇨끼랑 샐러드 먹었는데 최고에용 !!! 곱창치즈 돌솥파스타는 국물까지 싹싹 긁어먹었네요 &gt;&lt; 담에 또오려규요 !!!!,True,event,51,1번째 방문,True,,,1,너무너무너무 맛있어요 별점 5점이 최대인게 아쉽네요 곱창치즈돌솥파스타랑 뇨끼랑 샐러드 먹었는데 최고에용 곱창치즈 돌솥파스타는 국물까지 싹싹 긁어먹었네요 gt lt 담에 또오려규요,116,99,0,0,1,1,0,0,0,0,0,1,0,0,2,1,3,1,7,1,0,0,1,0,0,0,0,1,1,1,0,0,0,1,1,0,0,0,0,0,0
이태리국시,gre****,29,2026.04.04,1,영수증,곱창파스타 대창파스타 먹었는데 맛있어용 둘다 곱창 대창 꽤 넉넉히 들어있어서 좋았습니다 대창이 곱창보단 좀 더 한식스러운 맛인데 짬뽕맛과 비슷하다고 느껴졌어요. 개인적으론 곱창이 더 취향이었습니다. 잘먹었네용,곱창파스타 대창파스타 먹었는데 맛있어용 둘다 곱창 대창 꽤 넉넉히 들어있어서 좋았습니다 대창이 곱창보단 좀 더 한식스러운 맛인데 짬뽕맛과 비슷하다고 느껴졌어요. 개인적으론 곱창이 더 취향이었습니다. 잘먹었네용,True,event,29,1번째 방문,True,,,1,곱창파스타 대창파스타 먹었는데 맛있어용 둘다 곱창 대창 꽤 넉넉히 들어있어서 좋았습니다 대창이 곱창보단 좀 더 한식스러운 맛인데 짬뽕맛과 비슷하다고 느껴졌어요 개인적으론 곱창이 더 취향이었습니다 잘먹었네용,116,114,0,0,1,1,0,0,0,0,0,0,0,0,1,1,0,0,0,0,0,0,0,0,0,0,0,1,0,1,0,0,0,1,1,0,0,0,0,0,0
이태리국시,승희2440,12,2026.03.18,1,영수증,"곱창로제는 고소하면서도 살짝 매콤해서 안 느끼했고, 곱창도 잡내 없이 잘 어울렸던 것 같습니다. 깍두기 리조또는 적당한 산미 덕분에 계속 손이 가는 맛👍 전체적으로 퓨전 느낌인데 부담 없이 맛있게 먹었습니다😀","곱창로제는 고소하면서도 살짝 매콤해서 안 느끼했고, 곱창도 잡내 없이 잘 어울렸던 것 같습니다. 깍두기 리조또는 적당한 산미 덕분에 계속 손이 가는 맛👍 전체적으로 퓨전 느낌인데 부담 없이 맛있게 먹었습니다😀",True,event,12,1번째 방문,True,,,1,곱창로제는 고소하면서도 살짝 매콤해서 안 느끼했고 곱창도 잡내 없이 잘 어울렸던 것 같습니다 깍두기 리조또는 적당한 산미 덕분에 계속 손이 가는 맛 전체적으로 퓨전 느낌인데 부담 없이 맛있게 먹었습니다,116,112,0,0,1,1,0,0,0,0,0,0,0,0,1,1,0,0,0,0,0,0,1,0,0,0,0,1,0,1,0,0,0,1,1,0,0,0,0,0,0
이태리국시,jwl****,199,2026.03.13,1,영수증,"이태리 혹시 성수 바질 국물 파스타 그리고 깻잎 불고기 쌈 피자 너무 별미 음식 잘 먹었습니다. 강추 입니다! 재방문 의사 90% 영수증 리뷰 쓰면 랜덤 뽑기로 최대 50,000원 까지 할인 쿠폰 준대요!!!","이태리 혹시 성수 바질 국물 파스타 그리고 깻잎 불고기 쌈 피자 너무 별미 음식 잘 먹었습니다. 강추 입니다! 재방문 의사 90% 영수증 리뷰 쓰면 랜덤 뽑기로 최대 50,000원 까지 할인 쿠폰 준대요!!!",True,event,199,1번째 방문,True,,,1,이태리 혹시 성수 바질 국물 파스타 그리고 깻잎 불고기 쌈 피자 너무 별미 음식 잘 먹었습니다 강추 입니다 재방문 의사 90 영수증 리뷰 쓰면 랜덤 뽑기로 최대 50 000원 까지 할인 쿠폰 준대요,116,110,0,0,1,1,0,0,0,0,0,1,1,1,1,1,1,0,4,1,0,0,0,1,1,0,0,1,1,1,0,0,0,0,0,1,0,0,0,0,0
이태리국시,jo****,18,2026.03.09,1,영수증,고소한 곱창의 풍미와 크리미한 파스타 소스가 의외로 잘 어울려 독특한 맛을 만든다. 곱창의 쫄깃한 식감이 파스타와 조화를 이루어 식감이 재미있다. 다만 곱창 특유의 향 때문에 호불호가 조금 갈릴 수 있다. 🍝,고소한 곱창의 풍미와 크리미한 파스타 소스가 의외로 잘 어울려 독특한 맛을 만든다. 곱창의 쫄깃한 식감이 파스타와 조화를 이루어 식감이 재미있다. 다만 곱창 특유의 향 때문에 호불호가 조금 갈릴 수 있다. 🍝,True,event,18,1번째 방문,True,,,1,고소한 곱창의 풍미와 크리미한 파스타 소스가 의외로 잘 어울려 독특한 맛을 만든다 곱창의 쫄깃한 식감이 파스타와 조화를 이루어 식감이 재미있다 다만 곱창 특유의 향 때문에 호불호가 조금 갈릴 수 있다,116,111,0,0,1,1,0,0,0,0,0,0,0,0,0,0,0,0,0,0,0,0,0,0,0,0,0,1,0,1,0,0,0,0,0,0,0,0,0,0,0
이태리국시,히60,45,2026.02.26,1,영수증,친구 생일파티로 모였는뎅 분위기도 좋고 음식도 맛있어서 좋은 시간 보내다 가요~~😆 대창에서 비린맛 날까 걱정했었는데 비리지도 않고 매콤하니 맛있습니다! 매장 인테리어도 특이하고 직원분들도 너무 친절하세요!!,친구 생일파티로 모였는뎅 분위기도 좋고 음식도 맛있어서 좋은 시간 보내다 가요~~😆 대창에서 비린맛 날까 걱정했었는데 비리지도 않고 매콤하니 맛있습니다! 매장 인테리어도 특이하고 직원분들도 너무 친절하세요!!,True,event,45,1번째 방문,True,,,1,친구 생일파티로 모였는뎅 분위기도 좋고 음식도 맛있어서 좋은 시간 보내다 가요 대창에서 비린맛 날까 걱정했었는데 비리지도 않고 매콤하니 맛있습니다 매장 인테리어도 특이하고 직원분들도 너무 친절하세요,116,110,0,0,1,1,4,1,1,1,1,0,0,0,2,1,1,0,3,1,0,0,0,0,0,0,0,1,0,1,0,0,0,0,0,1,1,0,0,0,0
이태리국시,도순이오,19,2026.02.21,1,영수증,"음식도 깔끔하고 매장 분위기도 좋고, 직원분들도 친절하시고.. 물론 음식의 맛도 최고랍니다 :) 특히 갑오징어빠에야 메뉴는 우리가 알지 못 한 갑오징어의 식감을 느낄 수 있어서 좋았어요! 성수 맛집 개추 👍🏻","음식도 깔끔하고 매장 분위기도 좋고, 직원분들도 친절하시고.. 물론 음식의 맛도 최고랍니다 :) 특히 갑오징어빠에야 메뉴는 우리가 알지 못 한 갑오징어의 식감을 느낄 수 있어서 좋았어요! 성수 맛집 개추 👍🏻",True,event,19,1번째 방문,True,,,1,음식도 깔끔하고 매장 분위기도 좋고 직원분들도 친절하시고 물론 음식의 맛도 최고랍니다 특히 갑오징어빠에야 메뉴는 우리가 알지 못 한 갑오징어의 식감을 느낄 수 있어서 좋았어요 성수 맛집 개추,116,106,0,0,1,1,4,1,1,0,0,0,0,0,2,1,0,0,1,0,0,0,0,0,0,0,0,1,0,1,0,0,0,0,0,1,1,0,0,0,0
이태리국시,녜지57,31,2026.03.27,1,영수증,메뉴가 특별한거 같아 들렸는데 인테리어도 깔끔하고 ㄷ데이트하기 좋은 곳 같아요~ 대창 파스타에 대창이 부드럽고 양념이 잘 베어 너무 맛있었어요~ 반계리조또도 기대보다 맛있어서 놀랐네요! 기분 좋은 식사였습니다~,메뉴가 특별한거 같아 들렸는데 인테리어도 깔끔하고 ㄷ데이트하기 좋은 곳 같아요~ 대창 파스타에 대창이 부드럽고 양념이 잘 베어 너무 맛있었어요~ 반계리조또도 기대보다 맛있어서 놀랐네요! 기분 좋은 식사였습니다~,True,event,31,1번째 방문,True,,,1,메뉴가 특별한거 같아 들렸는데 인테리어도 깔끔하고 데이트하기 좋은 곳 같아요 대창 파스타에 대창이 부드럽고 양념이 잘 베어 너무 맛있었어요 반계리조또도 기대보다 맛있어서 놀랐네요 기분 좋은 식사였습니다,117,112,0,0,1,1,0,0,0,1,1,0,0,0,2,1,1,0,1,0,0,0,0,0,0,0,0,1,0,1,0,0,0,0,0,1,1,0,0,0,0
이태리국시,Joon82,25,2026.02.18,1,영수증,한마디로 자극적이지 않은데 계속 생각나는 집이에요 파스타가 전체적으로 간이 세지 않아서 먹는 동안 속이 편했고 소스가 면에 겉돌지 않아서 좋았어요 파스타도 좋지만 리조토가 더 맛있었어요 한국적인 느낌이 좋았어요,한마디로 자극적이지 않은데 계속 생각나는 집이에요 파스타가 전체적으로 간이 세지 않아서 먹는 동안 속이 편했고 소스가 면에 겉돌지 않아서 좋았어요 파스타도 좋지만 리조토가 더 맛있었어요 한국적인 느낌이 좋았어요,True,event,25,1번째 방문,True,,,1,한마디로 자극적이지 않은데 계속 생각나는 집이에요 파스타가 전체적으로 간이 세지 않아서 먹는 동안 속이 편했고 소스가 면에 겉돌지 않아서 좋았어요 파스타도 좋지만 리조토가 더 맛있었어요 한국적인 느낌이 좋았어요,117,117,0,0,1,1,0,0,0,0,0,0,0,0,1,1,0,0,0,0,0,0,0,0,0,0,0,1,0,1,0,0,0,1,1,0,0,0,0,0,0
이태리국시,Lichi59,88,2026.02.04,1,영수증,진짜 맛있어요 진짜로 ㄹㅇㄹ... 한입먹고 마늘러버 승천함.. 한국식 입맛이라면 먹고 싫어할 수가 없습니다ㅠㅜㅜ😋😋 혼자와서 안타깝게 한 메뉴만 먹었지만 꼭 다음에 여러명이 와서 이것저것 시켜 먹어볼거에요ㅠㅜ💕,진짜 맛있어요 진짜로 ㄹㅇㄹ... 한입먹고 마늘러버 승천함.. 한국식 입맛이라면 먹고 싫어할 수가 없습니다ㅠㅜㅜ😋😋 혼자와서 안타깝게 한 메뉴만 먹었지만 꼭 다음에 여러명이 와서 이것저것 시켜 먹어볼거에요ㅠㅜ💕,True,event,88,1번째 방문,True,,,1,진짜 맛있어요 진짜로 한입먹고 마늘러버 승천함 한국식 입맛이라면 먹고 싫어할 수가 없습니다 혼자와서 안타깝게 한 메뉴만 먹었지만 꼭 다음에 여러명이 와서 이것저것 시켜 먹어볼거에요,117,100,0,0,1,1,0,0,0,0,0,0,0,0,1,1,2,0,0,0,0,0,1,0,0,0,0,1,1,1,0,0,0,1,1,0,0,0,0,0,0
이태리국시,ina****,6,2026.04.23,1,영수증,전체적으로 분위기는 깔끔하고 편안한 편이었고 내부가 너무 시끄럽지 않아서 대화하기 좋았고 좌석 간격도 적당해서 여유롭게 식사 가능했어요~~ 인테리어가 이뻐서 맘에 들었구 식사도 다 맛있어서 재방문 의사 있네요~~,전체적으로 분위기는 깔끔하고 편안한 편이었고 내부가 너무 시끄럽지 않아서 대화하기 좋았고 좌석 간격도 적당해서 여유롭게 식사 가능했어요~~ 인테리어가 이뻐서 맘에 들었구 식사도 다 맛있어서 재방문 의사 있네요~~,True,event,6,1번째 방문,True,,,1,전체적으로 분위기는 깔끔하고 편안한 편이었고 내부가 너무 시끄럽지 않아서 대화하기 좋았고 좌석 간격도 적당해서 여유롭게 식사 가능했어요 인테리어가 이뻐서 맘에 들었구 식사도 다 맛있어서 재방문 의사 있네요,118,114,0,0,1,1,1,1,0,0,0,0,0,0,1,1,1,0,0,0,0,0,0,1,1,0,0,0,0,1,0,0,0,0,0,1,1,0,0,0,0
이태리국시,Eye on me,84,2026.04.14,1,영수증,오며가며 항상 사람이 많고 맛있는 냄새에 한번 오고 싶었는데 드디어 오늘 다녀왔네요! 다른리뷰들처럼 정말 너무 맛있었어요!! 퓨전음식이라고 하는데 거부감없이 조화롭게 잘 만든거 같아요! 다음에또 올거같습니다 ㅎㅎ,오며가며 항상 사람이 많고 맛있는 냄새에 한번 오고 싶었는데 드디어 오늘 다녀왔네요! 다른리뷰들처럼 정말 너무 맛있었어요!! 퓨전음식이라고 하는데 거부감없이 조화롭게 잘 만든거 같아요! 다음에또 올거같습니다 ㅎㅎ,True,event,84,1번째 방문,True,,,1,오며가며 항상 사람이 많고 맛있는 냄새에 한번 오고 싶었는데 드디어 오늘 다녀왔네요 다른리뷰들처럼 정말 너무 맛있었어요 퓨전음식이라고 하는데 거부감없이 조화롭게 잘 만든거 같아요 다음에또 올거같습니다,118,111,0,0,1,1,0,0,0,0,0,0,0,0,2,1,1,0,4,1,0,0,0,0,0,0,0,1,1,1,0,0,0,1,1,0,0,0,0,0,0
이태리국시,아현4358,25,2026.04.04,1,영수증,대창 파스타랑 시그니처인 마늘 크림 리조또 먹었어요!! 크림 싫어하는 남자친구도 파스타보다 리조또가 더 맛있다고 잘 먹었습니당 🙂‍↕️🙂‍↕️ 한식과 양식의 중간 느낌이라 색다른 맛 느끼기에 좋아요!!! ♥️♥️,대창 파스타랑 시그니처인 마늘 크림 리조또 먹었어요!! 크림 싫어하는 남자친구도 파스타보다 리조또가 더 맛있다고 잘 먹었습니당 🙂‍↕️🙂‍↕️ 한식과 양식의 중간 느낌이라 색다른 맛 느끼기에 좋아요!!! ♥️♥️,True,event,25,1번째 방문,True,,,1,대창 파스타랑 시그니처인 마늘 크림 리조또 먹었어요 크림 싫어하는 남자친구도 파스타보다 리조또가 더 맛있다고 잘 먹었습니당 한식과 양식의 중간 느낌이라 색다른 맛 느끼기에 좋아요,118,99,0,0,1,1,0,0,0,1,1,0,0,0,2,1,0,0,5,1,0,0,1,0,0,0,0,1,0,1,0,0,0,0,0,1,1,0,0,0,0
이태리국시,은빛연어1041,3,2026.03.31,1,영수증,베스트 메뉴와 시그니처 메뉴 파스타 2개 시켰는데 둘다 너무 맛있게 먹었습니다. 특히 시그니처 메뉴인 숯불대창돌솥 파스타는 불맛이 확 느껴져 더 맛있게 느껴졌던 것 같아요. 좋은 분위기에서 좋은 식사하고 갑니다.,베스트 메뉴와 시그니처 메뉴 파스타 2개 시켰는데 둘다 너무 맛있게 먹었습니다. 특히 시그니처 메뉴인 숯불대창돌솥 파스타는 불맛이 확 느껴져 더 맛있게 느껴졌던 것 같아요. 좋은 분위기에서 좋은 식사하고 갑니다.,True,event,3,1번째 방문,True,,,1,베스트 메뉴와 시그니처 메뉴 파스타 2개 시켰는데 둘다 너무 맛있게 먹었습니다 특히 시그니처 메뉴인 숯불대창돌솥 파스타는 불맛이 확 느껴져 더 맛있게 느껴졌던 것 같아요 좋은 분위기에서 좋은 식사하고 갑니다,118,115,0,0,1,1,1,1,0,0,0,1,0,0,2,1,1,0,0,0,0,0,0,0,0,0,1,0,0,1,0,0,0,0,0,1,1,0,0,0,0
이태리국시,00채니,281,2026.03.17,1,영수증,대창파스타와 불고기쌈피자 먹었습니다! 쌈피자가 특히 제 스타일이었어요 ‘ㅅ’ 가게 분위기가 아늑하고 깔끔정갈하고 도란도란 얘기하기 좋아요!!! 데이트하기 좋을 것 같습니다 다른 메뉴도 먹어보고 싶어요 추천합니다~,대창파스타와 불고기쌈피자 먹었습니다! 쌈피자가 특히 제 스타일이었어요 ‘ㅅ’ 가게 분위기가 아늑하고 깔끔정갈하고 도란도란 얘기하기 좋아요!!! 데이트하기 좋을 것 같습니다 다른 메뉴도 먹어보고 싶어요 추천합니다~,True,event,281,1번째 방문,True,,,1,대창파스타와 불고기쌈피자 먹었습니다 쌈피자가 특히 제 스타일이었어요 가게 분위기가 아늑하고 깔끔정갈하고 도란도란 얘기하기 좋아요 데이트하기 좋을 것 같습니다 다른 메뉴도 먹어보고 싶어요 추천합니다,118,109,0,0,1,1,1,1,0,1,1,0,0,0,2,1,0,0,4,1,0,0,0,0,0,0,0,1,1,1,0,0,0,0,0,1,1,0,0,0,0
이태리국시,마시마로527,35,2026.04.29,1,영수증,오모오모 그릇도 넘 예쁘고 맛도 상상하던 그런 맛이 아니라 다 특별하고 새로운 메뉴에요 만족하고 갑니다~^^ 반계 크림리조또 최고의 선택이었어용 둘이와서 식사 2개 시키면 샐러드나 사이드 한개 더 시켜야할것같아용!,오모오모 그릇도 넘 예쁘고 맛도 상상하던 그런 맛이 아니라 다 특별하고 새로운 메뉴에요 만족하고 갑니다~^^ 반계 크림리조또 최고의 선택이었어용 둘이와서 식사 2개 시키면 샐러드나 사이드 한개 더 시켜야할것같아용!,True,event,35,1번째 방문,True,,,1,오모오모 그릇도 넘 예쁘고 맛도 상상하던 그런 맛이 아니라 다 특별하고 새로운 메뉴에요 만족하고 갑니다 반계 크림리조또 최고의 선택이었어용 둘이와서 식사 2개 시키면 샐러드나 사이드 한개 더 시켜야할것같아용,119,115,0,0,1,1,0,0,0,0,0,1,0,0,2,1,0,0,1,0,0,0,0,0,0,0,0,1,0,1,0,0,0,1,1,0,0,0,0,0,0
이태리국시,nnnnnny71,6,2026.04.25,1,영수증,"이태리국시 말만듣다가 근처온김에 운좋게 웨이팅없이 들어오게되었습니다. 식당들어오면서부터 너무맛있는냄새가 나서 기분좋게 들었고, 메뉴도 다양하게시켰는데 하나하나 맛있고 서로 잘어울려서 리프레시잘하고갑니다. 번창하세요","이태리국시 말만듣다가 근처온김에 운좋게 웨이팅없이 들어오게되었습니다. 식당들어오면서부터 너무맛있는냄새가 나서 기분좋게 들었고, 메뉴도 다양하게시켰는데 하나하나 맛있고 서로 잘어울려서 리프레시잘하고갑니다. 번창하세요",True,event,6,1번째 방문,True,,,1,이태리국시 말만듣다가 근처온김에 운좋게 웨이팅없이 들어오게되었습니다 식당들어오면서부터 너무맛있는냄새가 나서 기분좋게 들었고 메뉴도 다양하게시켰는데 하나하나 맛있고 서로 잘어울려서 리프레시잘하고갑니다 번창하세요,119,116,0,0,1,1,1,1,0,0,0,0,0,0,2,1,1,0,0,0,0,0,0,0,0,0,0,0,0,1,0,0,0,0,0,1,1,0,0,0,0
이태리국시,헤이즐넛넛,24,2026.03.17,1,영수증,곱창파스타가 신기해서 방문했는데 맛있어요!! 바지락파스타는 바지락 짬뽕 맛이구 국물이 찐하고 바지락이 푸짐해서 맛있습니다! 새로운 경험 하고 가네요~ 화욜 저녁에 예약 안하고 방문했는데 창가 자리 앉아서 좋았습니다,곱창파스타가 신기해서 방문했는데 맛있어요!! 바지락파스타는 바지락 짬뽕 맛이구 국물이 찐하고 바지락이 푸짐해서 맛있습니다! 새로운 경험 하고 가네요~ 화욜 저녁에 예약 안하고 방문했는데 창가 자리 앉아서 좋았습니다,True,event,24,1번째 방문,True,,,1,곱창파스타가 신기해서 방문했는데 맛있어요 바지락파스타는 바지락 짬뽕 맛이구 국물이 찐하고 바지락이 푸짐해서 맛있습니다 새로운 경험 하고 가네요 화욜 저녁에 예약 안하고 방문했는데 창가 자리 앉아서 좋았습니다,119,115,0,0,1,1,1,1,0,2,1,0,0,0,2,1,0,0,3,1,0,0,0,0,0,0,0,1,0,1,0,0,0,0,0,1,1,0,0,0,0
이태리국시,Yumyum윰윰,28,2026.02.13,1,영수증,이태리국시 와보고 싶은 곳이었는데 와서 너무 좋았어요! 예약없이 갔는데 많이 안기다리고 입장 할 수 있어서 좋았습니다. 음식들도 맛있고 다음엔 다른 메뉴도 먹고 싶어요! 매장 분위기도 좋아서 데이트하기도 추천해요!,이태리국시 와보고 싶은 곳이었는데 와서 너무 좋았어요! 예약없이 갔는데 많이 안기다리고 입장 할 수 있어서 좋았습니다. 음식들도 맛있고 다음엔 다른 메뉴도 먹고 싶어요! 매장 분위기도 좋아서 데이트하기도 추천해요!,True,event,28,1번째 방문,True,,,1,이태리국시 와보고 싶은 곳이었는데 와서 너무 좋았어요 예약없이 갔는데 많이 안기다리고 입장 할 수 있어서 좋았습니다 음식들도 맛있고 다음엔 다른 메뉴도 먹고 싶어요 매장 분위기도 좋아서 데이트하기도 추천해요,119,115,0,0,1,1,2,1,1,1,1,0,0,0,2,1,1,0,3,1,0,0,0,0,0,0,0,1,0,1,0,0,0,0,0,1,1,0,0,0,0
이태리국시,FC한결,47,2026.01.04,1,영수증,"가족과 성수동 나들이왔다가 들렸어요. 대기예정이었는데 마침 자리가 나서 바로 입장했습니다. 갈비찜버터파스타,곱창돌솥파스타,불고기쌈피자를 시켰는데 한식과 양식이 잘 어우러지고 정말 맛있어요. 재방문의사 있습니다 ^^","가족과 성수동 나들이왔다가 들렸어요. 대기예정이었는데 마침 자리가 나서 바로 입장했습니다. 갈비찜버터파스타,곱창돌솥파스타,불고기쌈피자를 시켰는데 한식과 양식이 잘 어우러지고 정말 맛있어요. 재방문의사 있습니다 ^^",True,event,47,1번째 방문,True,,,1,가족과 성수동 나들이왔다가 들렸어요 대기예정이었는데 마침 자리가 나서 바로 입장했습니다 갈비찜버터파스타 곱창돌솥파스타 불고기쌈피자를 시켰는데 한식과 양식이 잘 어우러지고 정말 맛있어요 재방문의사 있습니다,119,113,0,0,1,1,2,1,1,1,1,0,0,0,1,1,0,0,0,0,0,0,0,1,1,0,0,1,0,1,0,0,0,0,0,1,1,0,0,0,0
이태리국시,jfk****,39,2026.04.19,1,영수증,퓨전이라 그래서 크게 기대안했는데요 ㅎㅎ 진짜 맛있네요!!! 메뉴들이 다 특색있고 그만큼 맛있어요. 남편이랑 둘이서 메뉴 또 추가해서 먹었어요.다른곳에서는 못먹어보는 메뉴들이 가득해요~ 담에 지인들이랑 또 와야겠어요,퓨전이라 그래서 크게 기대안했는데요 ㅎㅎ 진짜 맛있네요!!! 메뉴들이 다 특색있고 그만큼 맛있어요. 남편이랑 둘이서 메뉴 또 추가해서 먹었어요.다른곳에서는 못먹어보는 메뉴들이 가득해요~ 담에 지인들이랑 또 와야겠어요,True,event,39,1번째 방문,True,,,1,퓨전이라 그래서 크게 기대안했는데요 진짜 맛있네요 메뉴들이 다 특색있고 그만큼 맛있어요 남편이랑 둘이서 메뉴 또 추가해서 먹었어요 다른곳에서는 못먹어보는 메뉴들이 가득해요 담에 지인들이랑 또 와야겠어요,120,112,0,0,1,1,0,0,0,0,0,0,0,0,2,1,1,0,3,1,0,0,1,0,0,0,0,1,0,1,0,0,0,1,1,0,0,0,0,0,0
이태리국시,현이야잉,11,2026.04.19,1,영수증,양식이 너무 먹고싶어서 왔는데 진짜 다음에도 또 올거같아요 맛도 맛있고 양도 괜찮아요 무엇보다도 직원분들이 한분한분 다 친절하셔서 여기는 무조건 재방문 의사 있습니다! 성수에 양식집 찾으시는분들은 여기 꼭 오셔요!♥,양식이 너무 먹고싶어서 왔는데 진짜 다음에도 또 올거같아요 맛도 맛있고 양도 괜찮아요 무엇보다도 직원분들이 한분한분 다 친절하셔서 여기는 무조건 재방문 의사 있습니다! 성수에 양식집 찾으시는분들은 여기 꼭 오셔요!♥,True,event,11,1번째 방문,True,,,1,양식이 너무 먹고싶어서 왔는데 진짜 다음에도 또 올거같아요 맛도 맛있고 양도 괜찮아요 무엇보다도 직원분들이 한분한분 다 친절하셔서 여기는 무조건 재방문 의사 있습니다 성수에 양식집 찾으시는분들은 여기 꼭 오셔요,120,117,0,0,1,1,2,1,1,0,0,0,0,0,1,1,2,0,2,0,0,0,1,1,1,0,0,1,0,1,0,0,0,0,0,1,1,0,0,0,0
이태리국시,뿌솜,12,2026.03.23,1,영수증,친구랑 늦은시간에 방문하였는데 친절히 응대해주셨고 음식들 너무 맛있게 잘먹었어요!! 특히 숯불대창돌솥파스타 정말 대창이 너무맛있구 잘어울려요!!! 친구랑 진짜 푸파하구 나왔습니다 잘먹었어요오 다음에 또 방문할게요 😆,친구랑 늦은시간에 방문하였는데 친절히 응대해주셨고 음식들 너무 맛있게 잘먹었어요!! 특히 숯불대창돌솥파스타 정말 대창이 너무맛있구 잘어울려요!!! 친구랑 진짜 푸파하구 나왔습니다 잘먹었어요오 다음에 또 방문할게요 😆,True,event,12,1번째 방문,True,,,1,친구랑 늦은시간에 방문하였는데 친절히 응대해주셨고 음식들 너무 맛있게 잘먹었어요 특히 숯불대창돌솥파스타 정말 대창이 너무맛있구 잘어울려요 친구랑 진짜 푸파하구 나왔습니다 잘먹었어요오 다음에 또 방문할게요,120,113,0,0,1,1,1,1,0,2,1,0,0,0,2,1,3,1,5,1,0,0,1,1,1,0,0,1,0,1,0,0,0,0,0,1,1,0,0,0,0
이태리국시,kim****,13,2026.03.21,1,영수증,음식 맛이 깔끔하고 양도 충분하고 되게 맛있습니당! 리조또는 맛이 삼삼한데 은은하게 풍미가 되게 좋아요 간도 넘 짜지도 싱겁지도 않고 적당해서 넘 좋은거 같아요 여자직원분도 엄청 친절해서 기분이 좋아지는거 같아용 🩷,음식 맛이 깔끔하고 양도 충분하고 되게 맛있습니당! 리조또는 맛이 삼삼한데 은은하게 풍미가 되게 좋아요 간도 넘 짜지도 싱겁지도 않고 적당해서 넘 좋은거 같아요 여자직원분도 엄청 친절해서 기분이 좋아지는거 같아용 🩷,True,event,13,1번째 방문,True,,,1,음식 맛이 깔끔하고 양도 충분하고 되게 맛있습니당 리조또는 맛이 삼삼한데 은은하게 풍미가 되게 좋아요 간도 넘 짜지도 싱겁지도 않고 적당해서 넘 좋은거 같아요 여자직원분도 엄청 친절해서 기분이 좋아지는거 같아용,120,117,0,0,1,1,2,1,1,0,0,0,0,0,4,1,1,0,1,0,0,0,1,0,0,0,0,1,0,1,0,0,0,0,0,1,1,0,0,0,0
이태리국시,박블리7720,24,2026.02.21,1,영수증,웨이팅 30분 이내로 들어왔구 앞에 큐알로 줄서기 했습니다 ! 주말인데도 생각보다 금방 순환이 돼서 곧 바로 들어갔던거 같아요 한남점 방문 하고 성수점 방문 했는데 성수 나름 대로 분위기도 좋았습다!! 잘 먹고 가용,웨이팅 30분 이내로 들어왔구 앞에 큐알로 줄서기 했습니다 ! 주말인데도 생각보다 금방 순환이 돼서 곧 바로 들어갔던거 같아요 한남점 방문 하고 성수점 방문 했는데 성수 나름 대로 분위기도 좋았습다!! 잘 먹고 가용,True,event,24,1번째 방문,True,,,1,웨이팅 30분 이내로 들어왔구 앞에 큐알로 줄서기 했습니다 주말인데도 생각보다 금방 순환이 돼서 곧 바로 들어갔던거 같아요 한남점 방문 하고 성수점 방문 했는데 성수 나름 대로 분위기도 좋았습다 잘 먹고 가용,120,116,0,0,1,1,2,1,1,1,1,1,1,1,0,0,0,0,3,1,0,0,0,0,0,0,0,1,0,1,0,0,0,0,0,1,1,0,0,0,0
이태리국시,junkang48,22,2026.05.05,1,영수증,처음 먹어보는 맛이라 신기했습니다! 파가 들어간 게 킥이네요 다만 서울인지라 가격은 고려하셔야합니다 ㅎㅎㅎ 콜라가 5500원이라 포기했어요 ㅠ 다음번에는 곱창이 들어간 파스타와 갈비가 들어간 리조또를 먹어보고 싶네요.,처음 먹어보는 맛이라 신기했습니다! 파가 들어간 게 킥이네요 다만 서울인지라 가격은 고려하셔야합니다 ㅎㅎㅎ 콜라가 5500원이라 포기했어요 ㅠ 다음번에는 곱창이 들어간 파스타와 갈비가 들어간 리조또를 먹어보고 싶네요.,True,event,22,1번째 방문,True,,,1,처음 먹어보는 맛이라 신기했습니다 파가 들어간 게 킥이네요 다만 서울인지라 가격은 고려하셔야합니다 콜라가 5500원이라 포기했어요 다음번에는 곱창이 들어간 파스타와 갈비가 들어간 리조또를 먹어보고 싶네요,121,113,0,0,1,1,1,1,0,0,0,1,1,1,0,0,0,0,1,0,0,0,0,0,0,0,0,1,0,1,0,0,0,0,0,1,1,0,0,0,0
이태리국시,뽀미사랑맘,57,2026.03.12,1,영수증,"우연찮게 들어온 식당이 엄청 맛집이에요~~~^^ 대창 파스타, 리조또, 피자 세가지 음식 다 모두 맛있어요~~~~여유롭게 오면 너무나 분위기까지 즐길수 있는 곳같아요 여자 친구랑~남자친구랑 와도 넘넘 좋을것 같아요^^","우연찮게 들어온 식당이 엄청 맛집이에요~~~^^ 대창 파스타, 리조또, 피자 세가지 음식 다 모두 맛있어요~~~~여유롭게 오면 너무나 분위기까지 즐길수 있는 곳같아요 여자 친구랑~남자친구랑 와도 넘넘 좋을것 같아요^^",True,event,57,1번째 방문,True,,,1,우연찮게 들어온 식당이 엄청 맛집이에요 대창 파스타 리조또 피자 세가지 음식 다 모두 맛있어요 여유롭게 오면 너무나 분위기까지 즐길수 있는 곳같아요 여자 친구랑 남자친구랑 와도 넘넘 좋을것 같아요,121,109,0,0,1,1,1,1,0,2,1,0,0,0,4,1,2,0,0,0,0,0,1,0,0,0,0,1,1,1,0,0,0,0,0,1,1,0,0,0,0
이태리국시,가티노,7,2026.03.10,1,영수증,곱창은 불맛과 통통하고 커서 입안가득 고소함이 퍼지네요. 매콤하고 묵직함이 매력이예요. 봉골레는 크림과 청량이 조화롭고 고소하고 짭짤해서 자꾸 먹게 돼요. 예약해서 왔는데 테이블이 여유로워 다음엔 그냥 와도 되겠어요.,곱창은 불맛과 통통하고 커서 입안가득 고소함이 퍼지네요. 매콤하고 묵직함이 매력이예요. 봉골레는 크림과 청량이 조화롭고 고소하고 짭짤해서 자꾸 먹게 돼요. 예약해서 왔는데 테이블이 여유로워 다음엔 그냥 와도 되겠어요.,True,event,7,1번째 방문,True,,,1,곱창은 불맛과 통통하고 커서 입안가득 고소함이 퍼지네요 매콤하고 묵직함이 매력이예요 봉골레는 크림과 청량이 조화롭고 고소하고 짭짤해서 자꾸 먹게 돼요 예약해서 왔는데 테이블이 여유로워 다음엔 그냥 와도 되겠어요,121,117,0,0,1,1,0,0,0,0,0,0,0,0,0,0,0,0,0,0,0,0,0,0,0,0,0,0,0,1,0,0,0,0,0,0,0,0,0,0,0
이태리국시,키미232,6,2026.05.09,1,영수증,처음 방문한 가게인데 웨이팅이 많이 걸려있는 가게임에도 불구하고 예약으로 바로 입장한게 좋았어요! 평소에 양식 많이 먹는데 퓨전양식 집이라 정말 신선한 메뉴들이 많아서 맛잇게 먹었습니다! 다음에도 또 방문하겠습니다!☺️,처음 방문한 가게인데 웨이팅이 많이 걸려있는 가게임에도 불구하고 예약으로 바로 입장한게 좋았어요! 평소에 양식 많이 먹는데 퓨전양식 집이라 정말 신선한 메뉴들이 많아서 맛잇게 먹었습니다! 다음에도 또 방문하겠습니다!☺️,True,event,6,1번째 방문,True,,,1,처음 방문한 가게인데 웨이팅이 많이 걸려있는 가게임에도 불구하고 예약으로 바로 입장한게 좋았어요 평소에 양식 많이 먹는데 퓨전양식 집이라 정말 신선한 메뉴들이 많아서 맛잇게 먹었습니다 다음에도 또 방문하겠습니다,122,117,0,0,1,1,1,1,0,0,0,0,0,0,0,0,0,0,3,1,0,0,0,1,1,0,0,0,0,1,0,0,0,0,0,1,1,0,0,0,0
이태리국시,김밥사랑이야요,20,2026.04.01,1,영수증,친구들이랑 오랜만에 함께 만난 오늘 즐거운 시간을 보내기위해 찾은 이태리국시를 방문했습니다. 식사하면서 친절한 직원들과 맛있는 음식으로 눈과입이 즐거운 시간을 가졌습니다. 다음에 또 성수에 오면 반드시 재방문할거예요.😁,친구들이랑 오랜만에 함께 만난 오늘 즐거운 시간을 보내기위해 찾은 이태리국시를 방문했습니다. 식사하면서 친절한 직원들과 맛있는 음식으로 눈과입이 즐거운 시간을 가졌습니다. 다음에 또 성수에 오면 반드시 재방문할거예요.😁,True,event,20,1번째 방문,True,,,1,친구들이랑 오랜만에 함께 만난 오늘 즐거운 시간을 보내기위해 찾은 이태리국시를 방문했습니다 식사하면서 친절한 직원들과 맛있는 음식으로 눈과입이 즐거운 시간을 가졌습니다 다음에 또 성수에 오면 반드시 재방문할거예요,122,118,0,0,1,1,2,1,1,1,1,0,0,0,1,1,0,0,0,0,0,0,0,1,1,0,0,1,0,1,0,0,0,0,0,1,1,0,0,0,0
이태리국시,큠단,20,2026.03.01,1,영수증,"남자친구가 야심차게 데이트 준비해준다고 여기 데리고 가줬는데 너무 맛있게 잘 먹었어요!! 예약 없이 가서 웨이팅 좀 했는데 그 시간이 너무 인정되는 맛 ,, 데이트할때 특별한 메뉴 먹고싶으면 이태리국시 추천합니다!!🫶🏻","남자친구가 야심차게 데이트 준비해준다고 여기 데리고 가줬는데 너무 맛있게 잘 먹었어요!! 예약 없이 가서 웨이팅 좀 했는데 그 시간이 너무 인정되는 맛 ,, 데이트할때 특별한 메뉴 먹고싶으면 이태리국시 추천합니다!!🫶🏻",True,event,20,1번째 방문,True,,,1,남자친구가 야심차게 데이트 준비해준다고 여기 데리고 가줬는데 너무 맛있게 잘 먹었어요 예약 없이 가서 웨이팅 좀 했는데 그 시간이 너무 인정되는 맛 데이트할때 특별한 메뉴 먹고싶으면 이태리국시 추천합니다,122,113,0,0,1,1,1,1,0,3,1,0,0,0,2,1,2,0,4,1,0,0,0,0,0,0,0,1,0,1,0,0,0,0,0,1,1,0,0,0,0
이태리국시,꿈꾸는 별바람햇살,84,2026.02.01,1,영수증,"한식과 양식의 절묘한 퓨전 숯불고기쌈피자, 갈비 깍뚜기 리조토 주문했는데,. 모두 성공!!! 친숙하면서도 친숙하지 않은 새로운 맛이네요... 독특하면서도 맛있는 곳을 찾으신다면 함 방문해보세요~~^^ 성수 핫플 인정~~","한식과 양식의 절묘한 퓨전 숯불고기쌈피자, 갈비 깍뚜기 리조토 주문했는데,. 모두 성공!!! 친숙하면서도 친숙하지 않은 새로운 맛이네요... 독특하면서도 맛있는 곳을 찾으신다면 함 방문해보세요~~^^ 성수 핫플 인정~~",True,event,84,1번째 방문,True,,,1,한식과 양식의 절묘한 퓨전 숯불고기쌈피자 갈비 깍뚜기 리조토 주문했는데 모두 성공 친숙하면서도 친숙하지 않은 새로운 맛이네요 독특하면서도 맛있는 곳을 찾으신다면 함 방문해보세요 성수 핫플 인정,122,107,0,0,1,1,1,1,0,0,0,0,0,0,1,1,0,0,3,1,0,0,0,0,0,0,0,1,1,1,0,0,0,0,0,1,1,0,0,0,0
이태리국시,luc****,59,2026.04.26,1,영수증,성수동에 이태리국시 왔어요! 종업원 분등도 다 너무 친절하시고 깍두기 리조또랑 바질해산물국물파스타 시켰는데 해산물이 정말 많고 맛있네요! 분위기도 좋아서 남자친구랑 데이트 잘 했습니다 ㅎㅎ 다음번에 친구들과도 올게요!💕🤍,성수동에 이태리국시 왔어요! 종업원 분등도 다 너무 친절하시고 깍두기 리조또랑 바질해산물국물파스타 시켰는데 해산물이 정말 많고 맛있네요! 분위기도 좋아서 남자친구랑 데이트 잘 했습니다 ㅎㅎ 다음번에 친구들과도 올게요!💕🤍,True,event,59,1번째 방문,True,,,1,성수동에 이태리국시 왔어요 종업원 분등도 다 너무 친절하시고 깍두기 리조또랑 바질해산물국물파스타 시켰는데 해산물이 정말 많고 맛있네요 분위기도 좋아서 남자친구랑 데이트 잘 했습니다 다음번에 친구들과도 올게요,123,115,0,0,1,1,2,1,1,3,1,0,0,0,1,1,1,0,3,1,0,0,0,0,0,0,0,1,1,1,0,0,0,0,0,1,1,0,0,0,0
이태리국시,Ssong8647,23,2026.04.24,1,영수증,파스타 종류가 다양한데 다 새로운 것들이라 좋았어요! 음식 더 너무 맛있구 에이드도 너무 맛있어요..🥹 식당 분위기도 좋아서 파스타 먹기에 좋아용 단체로 와도 좋구 데이트로 와두 너무 좋을 것 같아욤 맛있게 먹구 갑니다🖤,파스타 종류가 다양한데 다 새로운 것들이라 좋았어요! 음식 더 너무 맛있구 에이드도 너무 맛있어요..🥹 식당 분위기도 좋아서 파스타 먹기에 좋아용 단체로 와도 좋구 데이트로 와두 너무 좋을 것 같아욤 맛있게 먹구 갑니다🖤,True,event,23,1번째 방문,True,,,1,파스타 종류가 다양한데 다 새로운 것들이라 좋았어요 음식 더 너무 맛있구 에이드도 너무 맛있어요 식당 분위기도 좋아서 파스타 먹기에 좋아용 단체로 와도 좋구 데이트로 와두 너무 좋을 것 같아욤 맛있게 먹구 갑니다,123,118,0,0,1,1,1,1,0,1,1,0,0,0,3,1,3,1,1,0,0,0,0,0,0,0,0,1,0,1,0,0,0,0,0,1,1,0,0,0,0
이태리국시,다자매맘73,2,2026.03.22,1,영수증,일요일에 네식구의 저녁식사를 위해 방문했어요. 분위기가 차분하고 깔끔하구요. 직원분들 친절하십니다. 덕분에 더 맛있게 느껴졌어요. 깍뚜기 리조또는 고기양은 좀 부족한 느낌입니다. 청양파스타는 꽤 매우니 조심하시구요. ^^,일요일에 네식구의 저녁식사를 위해 방문했어요. 분위기가 차분하고 깔끔하구요. 직원분들 친절하십니다. 덕분에 더 맛있게 느껴졌어요. 깍뚜기 리조또는 고기양은 좀 부족한 느낌입니다. 청양파스타는 꽤 매우니 조심하시구요. ^^,True,event,2,1번째 방문,True,,,1,일요일에 네식구의 저녁식사를 위해 방문했어요 분위기가 차분하고 깔끔하구요 직원분들 친절하십니다 덕분에 더 맛있게 느껴졌어요 깍뚜기 리조또는 고기양은 좀 부족한 느낌입니다 청양파스타는 꽤 매우니 조심하시구요,123,114,0,0,1,1,3,1,1,2,1,0,0,0,1,1,0,0,0,0,0,0,0,0,0,0,1,0,0,1,0,0,0,0,0,1,1,0,0,0,0
이태리국시,bhmk****,5,2026.05.03,1,영수증,파스타가 평소에 먹었던 것과는 다른 느낌이라 신선했어요! 뇨끼랑 같이 먹으니까 느끼한 맛도 잡아줘서 더 맛있었어요.불고기 쌈피자에 불고기도 많이 들어있고 건강한 맛이에요. 친구들과 왔는데 완전 성공적인 저녁식사였습니다 ㅎㅎ,파스타가 평소에 먹었던 것과는 다른 느낌이라 신선했어요! 뇨끼랑 같이 먹으니까 느끼한 맛도 잡아줘서 더 맛있었어요.불고기 쌈피자에 불고기도 많이 들어있고 건강한 맛이에요. 친구들과 왔는데 완전 성공적인 저녁식사였습니다 ㅎㅎ,True,event,5,1번째 방문,True,,,1,파스타가 평소에 먹었던 것과는 다른 느낌이라 신선했어요 뇨끼랑 같이 먹으니까 느끼한 맛도 잡아줘서 더 맛있었어요 불고기 쌈피자에 불고기도 많이 들어있고 건강한 맛이에요 친구들과 왔는데 완전 성공적인 저녁식사였습니다,124,119,0,0,1,1,0,0,0,2,1,0,0,0,1,1,1,0,1,0,0,0,1,0,0,0,1,0,0,1,0,0,0,0,0,1,1,0,0,0,0
이태리국시,단델리온87,15,2026.05.02,1,영수증,성수동 이태리국시집 방문! 반계리조또 고소하고 진해서 계속 손이 가요. 닭고기도 부드럽고 양도 넉넉해서 든든했습니다. 곱창 국시는 적당한 칼칼함에 면 식감도 쫄깃해서 밸런스가 좋아요. 분위기도 깔끔해서 재방문 의사 있어요.,성수동 이태리국시집 방문! 반계리조또 고소하고 진해서 계속 손이 가요. 닭고기도 부드럽고 양도 넉넉해서 든든했습니다. 곱창 국시는 적당한 칼칼함에 면 식감도 쫄깃해서 밸런스가 좋아요. 분위기도 깔끔해서 재방문 의사 있어요.,True,event,15,1번째 방문,True,,,1,성수동 이태리국시집 방문 반계리조또 고소하고 진해서 계속 손이 가요 닭고기도 부드럽고 양도 넉넉해서 든든했습니다 곱창 국시는 적당한 칼칼함에 면 식감도 쫄깃해서 밸런스가 좋아요 분위기도 깔끔해서 재방문 의사 있어요,124,119,0,0,1,1,1,1,0,0,0,0,0,0,1,1,0,0,1,0,0,0,0,1,1,0,0,1,0,1,0,0,0,0,0,1,1,0,0,0,0
이태리국시,숩2780,14,2026.03.26,1,영수증,트러플 치즈 뇨끼와 청양갈비라구파스타를 먹었습니당~ 뇨끼는 트러플향이 진해서 너무 좋았구 뇨끼도 식감이 좋았습니다 싹싹 긁어먹엇습니다^_^ 라구파스타는 면이 독특해서 좋았고 청양이 들어가서 느끼함을 잡아줘서 좋았습니당😀👍👍,트러플 치즈 뇨끼와 청양갈비라구파스타를 먹었습니당~ 뇨끼는 트러플향이 진해서 너무 좋았구 뇨끼도 식감이 좋았습니다 싹싹 긁어먹엇습니다^_^ 라구파스타는 면이 독특해서 좋았고 청양이 들어가서 느끼함을 잡아줘서 좋았습니당😀👍👍,True,event,14,1번째 방문,True,,,1,트러플 치즈 뇨끼와 청양갈비라구파스타를 먹었습니당 뇨끼는 트러플향이 진해서 너무 좋았구 뇨끼도 식감이 좋았습니다 싹싹 긁어먹엇습니다 라구파스타는 면이 독특해서 좋았고 청양이 들어가서 느끼함을 잡아줘서 좋았습니당,124,117,0,0,1,1,0,0,0,0,0,0,0,0,0,0,1,0,0,0,0,0,1,0,0,0,0,1,0,1,0,0,0,0,0,0,0,0,0,0,0
이태리국시,상코미야아,65,2026.02.21,1,영수증,불고기피자는 꼭 먹어야 해요 싸 먹는 게 불편하긴 하지만 맛이 제일 좋아요!! 아이들도 엄청 잘 먹어요 대창 파스타는 매콤해서 대창 좋아하는 사람들은 좋아할 거 같애요 리조또도 맛있고 갈비 파스타도 아이들이 엄청 잘 먹네요,불고기피자는 꼭 먹어야 해요 싸 먹는 게 불편하긴 하지만 맛이 제일 좋아요!! 아이들도 엄청 잘 먹어요 대창 파스타는 매콤해서 대창 좋아하는 사람들은 좋아할 거 같애요 리조또도 맛있고 갈비 파스타도 아이들이 엄청 잘 먹네요,True,event,65,1번째 방문,True,,,1,불고기피자는 꼭 먹어야 해요 싸 먹는 게 불편하긴 하지만 맛이 제일 좋아요 아이들도 엄청 잘 먹어요 대창 파스타는 매콤해서 대창 좋아하는 사람들은 좋아할 거 같애요 리조또도 맛있고 갈비 파스타도 아이들이 엄청 잘 먹네요,124,122,0,0,1,1,0,0,0,0,0,0,0,0,2,1,2,0,2,0,0,0,1,0,0,0,0,1,1,1,0,0,0,1,1,0,0,0,0,0,0
이태리국시,긍정이가될꺼야,91,2026.04.02,1,영수증,동친이랑 오랜만에 성수나들이 왔다가 들렀습니다. 특별한 메뉴가 먹고싶어 왔는데 역시 즤 동네는 없는 메뉴들이 독특하게 다가오네요^^ 맛있었습니다! 오징어와 관자도 싱싱하고 대창도 통통하네요! 오늘의 메뉴는 가성비도 좋아요^^,동친이랑 오랜만에 성수나들이 왔다가 들렀습니다. 특별한 메뉴가 먹고싶어 왔는데 역시 즤 동네는 없는 메뉴들이 독특하게 다가오네요^^ 맛있었습니다! 오징어와 관자도 싱싱하고 대창도 통통하네요! 오늘의 메뉴는 가성비도 좋아요^^,True,event,91,1번째 방문,True,,,1,동친이랑 오랜만에 성수나들이 왔다가 들렀습니다 특별한 메뉴가 먹고싶어 왔는데 역시 즤 동네는 없는 메뉴들이 독특하게 다가오네요 맛있었습니다 오징어와 관자도 싱싱하고 대창도 통통하네요 오늘의 메뉴는 가성비도 좋아요,125,118,0,0,1,1,1,1,0,0,0,0,0,0,2,1,0,0,2,0,0,0,0,0,0,0,0,1,1,1,0,0,0,0,0,1,1,0,0,0,0
이태리국시,하니맘37,4,2026.05.09,1,영수증,정말 맛있었습니다 빠에아의 소스가 갑오징어와 새우에 정말 잘 어울렸어요 갑오징어 굽기가 완벽해서 젓가락으로 찢을 수 있을만큼 부드러워서 대만족! 숯불 대창 파스타도 대창이 큼지막했고 감자튀김도 트러플 향이 많이 나서 좋았습니다,정말 맛있었습니다 빠에아의 소스가 갑오징어와 새우에 정말 잘 어울렸어요 갑오징어 굽기가 완벽해서 젓가락으로 찢을 수 있을만큼 부드러워서 대만족! 숯불 대창 파스타도 대창이 큼지막했고 감자튀김도 트러플 향이 많이 나서 좋았습니다,True,event,4,1번째 방문,True,,,1,정말 맛있었습니다 빠에아의 소스가 갑오징어와 새우에 정말 잘 어울렸어요 갑오징어 굽기가 완벽해서 젓가락으로 찢을 수 있을만큼 부드러워서 대만족 숯불 대창 파스타도 대창이 큼지막했고 감자튀김도 트러플 향이 많이 나서 좋았습니다,126,125,0,0,1,1,0,0,0,0,0,0,0,0,1,1,0,0,1,0,0,0,0,0,0,0,1,0,0,1,0,0,0,1,1,0,0,0,0,0,0
이태리국시,개구리 왕눈이6128,45,2026.05.01,1,영수증,숯불대창파스타랑 깍두기갈비리조토? 먹었는데 퓨젼이라 새롭고 맛있었어요! 대창파스타는 약간 떡볶이 느낌나고 리조토는 완전 깍두기 볶음밥 촉촉한 버전이에요. 매장 안 분위기가 너무 여유롭고 테이블 간격도 넓고 널널해서 좋았어요✨👍,숯불대창파스타랑 깍두기갈비리조토? 먹었는데 퓨젼이라 새롭고 맛있었어요! 대창파스타는 약간 떡볶이 느낌나고 리조토는 완전 깍두기 볶음밥 촉촉한 버전이에요. 매장 안 분위기가 너무 여유롭고 테이블 간격도 넓고 널널해서 좋았어요✨👍,True,event,45,1번째 방문,True,,,1,숯불대창파스타랑 깍두기갈비리조토 먹었는데 퓨젼이라 새롭고 맛있었어요 대창파스타는 약간 떡볶이 느낌나고 리조토는 완전 깍두기 볶음밥 촉촉한 버전이에요 매장 안 분위기가 너무 여유롭고 테이블 간격도 넓고 널널해서 좋았어요,126,121,0,0,1,1,2,1,1,0,0,0,0,0,1,1,2,0,1,0,0,0,0,0,0,0,0,1,0,1,0,0,0,0,0,1,1,0,0,0,0
이태리국시,승연39,8,2026.02.17,1,영수증,기념일에 방문했는데 음식도 맛있고 분위기도 좋았습니다 데이트하기도 좋고 메뉴도 독특해서 한 번쯤 와보면 좋은 곳 같아요🙂 독특한 양식이 먹고 싶을 때 방문해 보는 걸 추천합니다! 해산물도 많고 양도 적당해서 맛있게 먹었습니다~,기념일에 방문했는데 음식도 맛있고 분위기도 좋았습니다 데이트하기도 좋고 메뉴도 독특해서 한 번쯤 와보면 좋은 곳 같아요🙂 독특한 양식이 먹고 싶을 때 방문해 보는 걸 추천합니다! 해산물도 많고 양도 적당해서 맛있게 먹었습니다~,True,event,8,1번째 방문,True,,,1,기념일에 방문했는데 음식도 맛있고 분위기도 좋았습니다 데이트하기도 좋고 메뉴도 독특해서 한 번쯤 와보면 좋은 곳 같아요 독특한 양식이 먹고 싶을 때 방문해 보는 걸 추천합니다 해산물도 많고 양도 적당해서 맛있게 먹었습니다,126,123,0,0,1,1,1,1,0,1,1,0,0,0,3,1,0,0,1,0,0,0,0,0,0,0,0,0,0,1,0,0,0,0,0,1,1,0,0,0,0
이태리국시,seongsudonggri,82,2026.01.11,1,영수증,"동네 맛집에 하나 추가되었네요 ㅎㅎ 매장도 넓고 청결하고, 직원분도 친절하셔서 기분좋은 식사하고 갑니다. 반계마늘돌솥리조또는 정말 맛있네여.. 포장이 되면 집에서도 가끔 먹고싶을 정돕니다ㅎㅎ 정말 추천! 다음에 또 방문할게요~","동네 맛집에 하나 추가되었네요 ㅎㅎ 매장도 넓고 청결하고, 직원분도 친절하셔서 기분좋은 식사하고 갑니다. 반계마늘돌솥리조또는 정말 맛있네여.. 포장이 되면 집에서도 가끔 먹고싶을 정돕니다ㅎㅎ 정말 추천! 다음에 또 방문할게요~",True,event,82,1번째 방문,True,,,1,동네 맛집에 하나 추가되었네요 매장도 넓고 청결하고 직원분도 친절하셔서 기분좋은 식사하고 갑니다 반계마늘돌솥리조또는 정말 맛있네여 포장이 되면 집에서도 가끔 먹고싶을 정돕니다 정말 추천 다음에 또 방문할게요,126,115,0,0,1,1,4,1,1,0,0,0,0,0,3,1,0,0,1,0,0,0,0,1,1,0,0,1,1,1,0,0,0,0,0,1,1,0,0,0,0
이태리국시,jooho9511,107,2026.04.18,1,영수증,저번에 친구랑 와서 먹었었는데 분위기도 너무 좋고 음식도 너무 맛있고 특별해서 소개팅 장소로 왔어요!! 대창 파스타 대창 숯불향부터 쫄깃쫄깃 너무 맛있고 빠에야도 처음먹어보는데 너무 맛있었습니다 잘 먹었습니다 다음에 또올게요!!,저번에 친구랑 와서 먹었었는데 분위기도 너무 좋고 음식도 너무 맛있고 특별해서 소개팅 장소로 왔어요!! 대창 파스타 대창 숯불향부터 쫄깃쫄깃 너무 맛있고 빠에야도 처음먹어보는데 너무 맛있었습니다 잘 먹었습니다 다음에 또올게요!!,True,event,107,1번째 방문,True,,,1,저번에 친구랑 와서 먹었었는데 분위기도 너무 좋고 음식도 너무 맛있고 특별해서 소개팅 장소로 왔어요 대창 파스타 대창 숯불향부터 쫄깃쫄깃 너무 맛있고 빠에야도 처음먹어보는데 너무 맛있었습니다 잘 먹었습니다 다음에 또올게요,127,123,0,0,1,1,1,1,0,1,1,0,0,0,3,1,4,1,4,1,0,0,0,1,1,0,0,1,1,1,0,0,0,0,0,1,1,0,0,0,0
이태리국시,cle****,54,2026.04.03,1,영수증,대창 파스타는 칼칼하면서 대창의 기름긴 맛과 조화가 너무 좋구 리조또는 마늘향과 크리스피하고 부드럽게 익힌 닯다리와 부드러운 리조또 조합이 너무 좋았습니다. !!! 집앞에 이렇개 맛있는 곳이 있다니 자주 방문할 예정입니다.!!!,대창 파스타는 칼칼하면서 대창의 기름긴 맛과 조화가 너무 좋구 리조또는 마늘향과 크리스피하고 부드럽게 익힌 닯다리와 부드러운 리조또 조합이 너무 좋았습니다. !!! 집앞에 이렇개 맛있는 곳이 있다니 자주 방문할 예정입니다.!!!,True,event,54,1번째 방문,True,,,1,대창 파스타는 칼칼하면서 대창의 기름긴 맛과 조화가 너무 좋구 리조또는 마늘향과 크리스피하고 부드럽게 익힌 닯다리와 부드러운 리조또 조합이 너무 좋았습니다 집앞에 이렇개 맛있는 곳이 있다니 자주 방문할 예정입니다,127,118,0,0,1,1,0,0,0,0,0,0,0,0,1,1,2,0,6,1,0,0,0,0,0,0,0,1,1,1,0,0,0,1,1,0,0,0,0,0,0
이태리국시,LuckyMoon5571,474,2026.03.07,1,영수증,"인테리어가 멋지고 특별한날 찾아가기에 좋은 장소입니다!!!음식이 예쁘고 플레이팅이 멋집니다! 다만, 자극적이고 짜서 첫입먹고 깜짝 놀랐어요~~!! 원래 짜게 먹는데 이건 좀 심하게 짜요~ 양이 적어서 혼자서 2메뉴도 거뜬하겠어요","인테리어가 멋지고 특별한날 찾아가기에 좋은 장소입니다!!!음식이 예쁘고 플레이팅이 멋집니다! 다만, 자극적이고 짜서 첫입먹고 깜짝 놀랐어요~~!! 원래 짜게 먹는데 이건 좀 심하게 짜요~ 양이 적어서 혼자서 2메뉴도 거뜬하겠어요",True,event,474,1번째 방문,True,,,1,인테리어가 멋지고 특별한날 찾아가기에 좋은 장소입니다 음식이 예쁘고 플레이팅이 멋집니다 다만 자극적이고 짜서 첫입먹고 깜짝 놀랐어요 원래 짜게 먹는데 이건 좀 심하게 짜요 양이 적어서 혼자서 2메뉴도 거뜬하겠어요,127,118,0,0,1,1,0,0,0,0,0,1,0,0,0,0,0,0,6,1,0,0,1,0,0,0,0,1,1,1,0,0,0,0,0,0,0,0,0,0,0
이태리국시,오디28,5,2026.05.04,1,영수증,요일 메뉴인 청양불고기크림파스타와 바지락찜파스타를 시켰어요. 청양이 들어갔어도 맵지 않고 느끼함을 잡아주는 약간의 매콤한맛이 있어서 밸런스가 좋아요. 바지락찜은 국물이 개운해요. 좌석도 넓게 배치되어있어서 시끄럽지 않아서 좋았어요,요일 메뉴인 청양불고기크림파스타와 바지락찜파스타를 시켰어요. 청양이 들어갔어도 맵지 않고 느끼함을 잡아주는 약간의 매콤한맛이 있어서 밸런스가 좋아요. 바지락찜은 국물이 개운해요. 좌석도 넓게 배치되어있어서 시끄럽지 않아서 좋았어요,True,event,5,1번째 방문,True,,,1,요일 메뉴인 청양불고기크림파스타와 바지락찜파스타를 시켰어요 청양이 들어갔어도 맵지 않고 느끼함을 잡아주는 약간의 매콤한맛이 있어서 밸런스가 좋아요 바지락찜은 국물이 개운해요 좌석도 넓게 배치되어있어서 시끄럽지 않아서 좋았어요,128,125,0,0,1,1,0,0,0,0,0,0,0,0,1,1,0,0,0,0,0,0,1,0,0,0,1,0,0,1,0,0,0,1,1,0,0,0,0,0,0
이태리국시,미니보리6,6,2026.04.14,1,영수증,오랜만에 데이트 장소로 방문했는데 너무 좋았습니다. 음식들 컨셉도 특이하고 맛도 있고요. 알배추 샐러드에 소스가 처음먹어보는 맛인데 독특하고 맛있네요. 파스타도 고추지나 궁채같은 한식재료들을 활용해서 잘어우러지는 맛이였습니다!!!,오랜만에 데이트 장소로 방문했는데 너무 좋았습니다. 음식들 컨셉도 특이하고 맛도 있고요. 알배추 샐러드에 소스가 처음먹어보는 맛인데 독특하고 맛있네요. 파스타도 고추지나 궁채같은 한식재료들을 활용해서 잘어우러지는 맛이였습니다!!!,True,event,6,1번째 방문,True,,,1,오랜만에 데이트 장소로 방문했는데 너무 좋았습니다 음식들 컨셉도 특이하고 맛도 있고요 알배추 샐러드에 소스가 처음먹어보는 맛인데 독특하고 맛있네요 파스타도 고추지나 궁채같은 한식재료들을 활용해서 잘어우러지는 맛이였습니다,128,122,0,0,1,1,0,0,0,1,1,0,0,0,1,1,1,0,3,1,0,0,0,0,0,0,0,0,0,1,0,0,0,0,0,1,1,0,0,0,0
이태리국시,타님85,11,2026.03.03,1,영수증,시그니처 대창 파스타와 갈비 깍뚜기 리조토 주문했어요. 한식 퓨전이라서 그런지 느끼하지 않고 입맛에 딱 맞아 먹기 좋았습니다 🥰 양식 잘 드시지 않던 부모님도 맛있게 드세요! 성수동 데이트 할 때 꼭 들러보시면 좋을 것 같습니다~,시그니처 대창 파스타와 갈비 깍뚜기 리조토 주문했어요. 한식 퓨전이라서 그런지 느끼하지 않고 입맛에 딱 맞아 먹기 좋았습니다 🥰 양식 잘 드시지 않던 부모님도 맛있게 드세요! 성수동 데이트 할 때 꼭 들러보시면 좋을 것 같습니다~,True,event,11,1번째 방문,True,,,1,시그니처 대창 파스타와 갈비 깍뚜기 리조토 주문했어요 한식 퓨전이라서 그런지 느끼하지 않고 입맛에 딱 맞아 먹기 좋았습니다 양식 잘 드시지 않던 부모님도 맛있게 드세요 성수동 데이트 할 때 꼭 들러보시면 좋을 것 같습니다,128,123,0,0,1,1,1,1,0,1,1,0,0,0,1,1,0,0,1,0,0,0,1,0,0,0,0,1,0,1,0,0,0,0,0,1,1,0,0,0,0
이태리국시,Yonga,33,2026.01.27,1,영수증,"웨이팅 있으면 어쩌나 걱정했는데 평일저녁시간이 좀지난 후라 바로 입장했어요 🥹 대창 파스타랑 반계리조또 시켰는데 둘다 너무 맛있었어요👍 파스타 한입 먹는데 매콤하면서 기름진데 느끼하지않았고, 리조또는 겉에 바삭한게 진짜 짱이에요😁","웨이팅 있으면 어쩌나 걱정했는데 평일저녁시간이 좀지난 후라 바로 입장했어요 🥹 대창 파스타랑 반계리조또 시켰는데 둘다 너무 맛있었어요👍 파스타 한입 먹는데 매콤하면서 기름진데 느끼하지않았고, 리조또는 겉에 바삭한게 진짜 짱이에요😁",True,event,33,1번째 방문,True,,,1,웨이팅 있으면 어쩌나 걱정했는데 평일저녁시간이 좀지난 후라 바로 입장했어요 대창 파스타랑 반계리조또 시켰는데 둘다 너무 맛있었어요 파스타 한입 먹는데 매콤하면서 기름진데 느끼하지않았고 리조또는 겉에 바삭한게 진짜 짱이에요,128,123,0,0,1,1,1,1,0,2,1,0,0,0,1,1,3,1,0,0,0,0,1,0,0,0,0,1,0,1,0,0,0,0,0,1,1,0,0,0,0
이태리국시,gol****,22,2026.03.18,1,영수증,이태리국시에서만 먹을 수있는 대창파스타와 마늘리조토가 너무 맛있어요👍🏻👍🏻 간도 너무 세지않고 적당한것 같아요!! 퓨전한식이라 입맛에 너무 잘맞고 한식과 양식 고민될때 추천드려요:) 성수점은 깨끗하고 넓어서 분위기도 너무 좋아요❤️,이태리국시에서만 먹을 수있는 대창파스타와 마늘리조토가 너무 맛있어요👍🏻👍🏻 간도 너무 세지않고 적당한것 같아요!! 퓨전한식이라 입맛에 너무 잘맞고 한식과 양식 고민될때 추천드려요:) 성수점은 깨끗하고 넓어서 분위기도 너무 좋아요❤️,True,event,22,1번째 방문,True,,,1,이태리국시에서만 먹을 수있는 대창파스타와 마늘리조토가 너무 맛있어요 간도 너무 세지않고 적당한것 같아요 퓨전한식이라 입맛에 너무 잘맞고 한식과 양식 고민될때 추천드려요 성수점은 깨끗하고 넓어서 분위기도 너무 좋아요,129,119,0,0,1,1,1,1,0,0,0,0,0,0,3,1,4,1,2,0,0,0,0,0,0,0,0,1,0,1,0,0,0,0,0,1,1,0,0,0,0
이태리국시,빠라밤7489,34,2026.02.20,1,영수증,서울 여행와서 처음 방문한 곳인데 분위기도 고급지고 한식과 양식의 조화가 한국인의 입맛에 맞춘듯 너무 맛있게 잘먹고 갑니다. 제가 추천한 곳으로 왔는데 가족들도 다 만족한 식사해서 기분좋게 먹고가요 다음에 또 방문하고 싶어요~^^.,서울 여행와서 처음 방문한 곳인데 분위기도 고급지고 한식과 양식의 조화가 한국인의 입맛에 맞춘듯 너무 맛있게 잘먹고 갑니다. 제가 추천한 곳으로 왔는데 가족들도 다 만족한 식사해서 기분좋게 먹고가요 다음에 또 방문하고 싶어요~^^.,True,event,34,1번째 방문,True,,,1,서울 여행와서 처음 방문한 곳인데 분위기도 고급지고 한식과 양식의 조화가 한국인의 입맛에 맞춘듯 너무 맛있게 잘먹고 갑니다 제가 추천한 곳으로 왔는데 가족들도 다 만족한 식사해서 기분좋게 먹고가요 다음에 또 방문하고 싶어요,129,124,0,0,1,1,1,1,0,1,1,0,0,0,2,1,1,0,0,0,0,0,0,1,1,0,0,1,0,1,0,0,0,0,0,1,1,0,0,0,0
이태리국시,jsj****,73,2026.02.13,1,영수증,주말 오픈하자마자 왔는데 예약을 안했더니 대기하고 들어왔어요~ 역시 인기맛집은 다르네요 기다린 보람이 있습니다! 대창파스타 반계마늘리조또 청양봉골레 모두 맛있어요! 반계리조또는 아이도 잘 먹어요~ 무조건 재방문해야 할 성수맛집입니다,주말 오픈하자마자 왔는데 예약을 안했더니 대기하고 들어왔어요~ 역시 인기맛집은 다르네요 기다린 보람이 있습니다! 대창파스타 반계마늘리조또 청양봉골레 모두 맛있어요! 반계리조또는 아이도 잘 먹어요~ 무조건 재방문해야 할 성수맛집입니다,True,event,73,1번째 방문,True,,,1,주말 오픈하자마자 왔는데 예약을 안했더니 대기하고 들어왔어요 역시 인기맛집은 다르네요 기다린 보람이 있습니다 대창파스타 반계마늘리조또 청양봉골레 모두 맛있어요 반계리조또는 아이도 잘 먹어요 무조건 재방문해야 할 성수맛집입니다,129,125,0,0,1,1,1,1,0,1,1,0,0,0,3,1,0,0,2,0,0,0,0,1,1,0,0,1,1,1,0,0,0,0,0,1,1,0,0,0,0
이태리국시,hae****,7,2026.05.05,1,영수증,퓨전 양식집이라고 해서 살짝 반신반의하며 방문했는데 너무 맛있습니다. 평소에 맛볼 수 없었던 메뉴가 많은데 다 풍미가 너무 좋고 맛있었어요. 분위기도 좋아서 데이트하거나 가족식사로 방문해도 좋을것같아요. 다시 방문하고싶은 곳 입니다.,퓨전 양식집이라고 해서 살짝 반신반의하며 방문했는데 너무 맛있습니다. 평소에 맛볼 수 없었던 메뉴가 많은데 다 풍미가 너무 좋고 맛있었어요. 분위기도 좋아서 데이트하거나 가족식사로 방문해도 좋을것같아요. 다시 방문하고싶은 곳 입니다.,True,event,7,1번째 방문,True,,,1,퓨전 양식집이라고 해서 살짝 반신반의하며 방문했는데 너무 맛있습니다 평소에 맛볼 수 없었던 메뉴가 많은데 다 풍미가 너무 좋고 맛있었어요 분위기도 좋아서 데이트하거나 가족식사로 방문해도 좋을것같아요 다시 방문하고싶은 곳 입니다,130,126,0,0,1,1,1,1,0,2,1,0,0,0,2,1,2,0,0,0,0,0,0,0,0,0,0,0,0,1,0,0,0,0,0,1,1,0,0,0,0
이태리국시,킬리만자로의 하프물범,128,2026.05.04,1,영수증,"파스타 먹고싶어서 돌아다니다가 발견한 파스타집!! 이태리 국시라서 한국한국한 느낌일줄 알았는데 되게 모던한 분위기에요 전 조금 이른 시간에 왔지만, 저녁모임하면서 와인 한잔씩 마시면 분위기 짱 좋을 것 같아요☺️ 다음에 또 오겠습니다아","파스타 먹고싶어서 돌아다니다가 발견한 파스타집!! 이태리 국시라서 한국한국한 느낌일줄 알았는데 되게 모던한 분위기에요 전 조금 이른 시간에 왔지만, 저녁모임하면서 와인 한잔씩 마시면 분위기 짱 좋을 것 같아요☺️ 다음에 또 오겠습니다아",True,event,128,1번째 방문,True,,,1,파스타 먹고싶어서 돌아다니다가 발견한 파스타집 이태리 국시라서 한국한국한 느낌일줄 알았는데 되게 모던한 분위기에요 전 조금 이른 시간에 왔지만 저녁모임하면서 와인 한잔씩 마시면 분위기 짱 좋을 것 같아요 다음에 또 오겠습니다아,131,126,0,0,1,1,2,1,1,1,1,0,0,0,0,0,1,0,2,0,0,0,0,0,0,0,0,1,1,1,0,0,0,0,0,1,1,0,0,0,0
이태리국시,kyj0201,34,2026.02.16,1,영수증,차돌오일파스타 너무 맛있어오ㅜㅜ 면이 꼬돌하고 차돌도 질기지않아서 좋아욤 곱창 파스타는 맛있는데 뜨거우니 조심하세요!! 곱창에 곱이 가득차고 큰데 안질기고 너무 맛있어요!! 그리고 트러플마뇨 나오는 감튀 진짜 강츄 트러플 마요 완맛임다,차돌오일파스타 너무 맛있어오ㅜㅜ 면이 꼬돌하고 차돌도 질기지않아서 좋아욤 곱창 파스타는 맛있는데 뜨거우니 조심하세요!! 곱창에 곱이 가득차고 큰데 안질기고 너무 맛있어요!! 그리고 트러플마뇨 나오는 감튀 진짜 강츄 트러플 마요 완맛임다,True,event,34,1번째 방문,True,,,1,차돌오일파스타 너무 맛있어오 면이 꼬돌하고 차돌도 질기지않아서 좋아욤 곱창 파스타는 맛있는데 뜨거우니 조심하세요 곱창에 곱이 가득차고 큰데 안질기고 너무 맛있어요 그리고 트러플마뇨 나오는 감튀 진짜 강츄 트러플 마요 완맛임다,131,125,0,0,1,1,0,0,0,0,0,0,0,0,3,1,3,1,4,1,0,0,1,0,0,0,0,1,0,1,0,0,0,1,1,0,0,0,0,0,0
이태리국시,하이 수잔,19,2026.05.09,1,영수증,"친구랑 성수 놀러온 김에 파스타 먹으러 왔습니다~ 대기가 조금 있었지만 기다린 보람이 있는만큼 맛있었고, 빠에야 추천드립니다😋 다른 메뉴들도 엄청 맛있었고 가게 분위기도 좋아서 다음에 또 올거 같아요! 다음에는 퍈하게 예약하고 오려구요😊","친구랑 성수 놀러온 김에 파스타 먹으러 왔습니다~ 대기가 조금 있었지만 기다린 보람이 있는만큼 맛있었고, 빠에야 추천드립니다😋 다른 메뉴들도 엄청 맛있었고 가게 분위기도 좋아서 다음에 또 올거 같아요! 다음에는 퍈하게 예약하고 오려구요😊",True,event,19,1번째 방문,True,,,1,친구랑 성수 놀러온 김에 파스타 먹으러 왔습니다 대기가 조금 있었지만 기다린 보람이 있는만큼 맛있었고 빠에야 추천드립니다 다른 메뉴들도 엄청 맛있었고 가게 분위기도 좋아서 다음에 또 올거 같아요 다음에는 퍈하게 예약하고 오려구요,132,127,0,0,1,1,2,1,1,1,1,0,0,0,3,1,1,0,1,0,0,0,0,0,0,0,0,1,0,1,0,0,0,0,0,1,1,0,0,0,0
이태리국시,뚜라라,53,2026.03.22,1,영수증,시부모님과 돌아기와 함께 점심 먹으러 왔어요! 유모차가 들어가도 될만큼 매장 내부가 넓고 분위기 있어서 좋았어요! 특히 음식두 무척 많있어서 처음에 3개 시켰다가 추가로 2개 더 시켜서 먹었어요ㅋㅋㅋ 너무 맛있어서 담에 또 올게요❤️👍😊,시부모님과 돌아기와 함께 점심 먹으러 왔어요! 유모차가 들어가도 될만큼 매장 내부가 넓고 분위기 있어서 좋았어요! 특히 음식두 무척 많있어서 처음에 3개 시켰다가 추가로 2개 더 시켜서 먹었어요ㅋㅋㅋ 너무 맛있어서 담에 또 올게요❤️👍😊,True,event,53,1번째 방문,True,,,1,시부모님과 돌아기와 함께 점심 먹으러 왔어요 유모차가 들어가도 될만큼 매장 내부가 넓고 분위기 있어서 좋았어요 특히 음식두 무척 많있어서 처음에 3개 시켰다가 추가로 2개 더 시켜서 먹었어요 너무 맛있어서 담에 또 올게요,132,123,0,0,1,1,2,1,1,1,1,1,0,0,1,1,1,0,2,0,0,0,0,1,1,0,0,1,1,1,0,0,0,0,0,1,1,0,0,0,0
이태리국시,hui****,20,2026.01.24,1,영수증,"대창파스타, 가게 컨셉에 맞는 메뉴이면서도 맛있어요!! 대창 좋아하시는 분들이라면 무조건 입에 맞을 것 같아요 매콤하고 기름지고 맛있어요😋 뇨끼는 트러플 향이 진하게 나네요 가게 분위기가 세련되고 멋잇어서 데이트 장소로 좋을 것 같아요👍👍","대창파스타, 가게 컨셉에 맞는 메뉴이면서도 맛있어요!! 대창 좋아하시는 분들이라면 무조건 입에 맞을 것 같아요 매콤하고 기름지고 맛있어요😋 뇨끼는 트러플 향이 진하게 나네요 가게 분위기가 세련되고 멋잇어서 데이트 장소로 좋을 것 같아요👍👍",True,event,20,1번째 방문,True,,,1,대창파스타 가게 컨셉에 맞는 메뉴이면서도 맛있어요 대창 좋아하시는 분들이라면 무조건 입에 맞을 것 같아요 매콤하고 기름지고 맛있어요 뇨끼는 트러플 향이 진하게 나네요 가게 분위기가 세련되고 멋잇어서 데이트 장소로 좋을 것 같아요,133,127,0,0,1,1,1,1,0,1,1,0,0,0,2,1,0,0,2,0,0,0,0,0,0,0,0,1,0,1,0,0,0,0,0,1,1,0,0,0,0
이태리국시,Starry night18,36,2026.04.16,1,영수증,"곱창치즈 돌솥파스타 원픽이에요! 알배추/숯불갈비, 곱창치즈 돌솥파스타, 라구떡볶이 먹었는데 곱창치즈 제 원픽이에용:) 모든 음식이 익힘 정도도 너무 좋고 매콤하고 치즈 듬뿍 들어있어서 민족이에용! 와인 피노누아 주문했는데 너무 맛있습니다!!","곱창치즈 돌솥파스타 원픽이에요! 알배추/숯불갈비, 곱창치즈 돌솥파스타, 라구떡볶이 먹었는데 곱창치즈 제 원픽이에용:) 모든 음식이 익힘 정도도 너무 좋고 매콤하고 치즈 듬뿍 들어있어서 민족이에용! 와인 피노누아 주문했는데 너무 맛있습니다!!",True,event,36,1번째 방문,True,,,1,곱창치즈 돌솥파스타 원픽이에요 알배추 숯불갈비 곱창치즈 돌솥파스타 라구떡볶이 먹었는데 곱창치즈 제 원픽이에용 모든 음식이 익힘 정도도 너무 좋고 매콤하고 치즈 듬뿍 들어있어서 민족이에용 와인 피노누아 주문했는데 너무 맛있습니다,134,126,0,0,1,1,1,1,0,0,0,0,0,0,1,1,2,0,4,1,0,0,0,0,0,0,0,1,0,1,0,0,0,0,0,1,1,0,0,0,0
이태리국시,해피걸선영,22,2026.02.18,1,영수증,기다린 보람이 있어요.😁😁🧡 메뉴 자체가 굉장히 특별하고 어디서 맛보기 힘든 퓨전 음식입니다. 뻔하지 않은 메뉴의 맛 덕분에 되게 좋은 시간을 보냈어요. 🫶연인과 오기에도 아늑한 분위기가 굉장히 좋습니다. 꼭 추천해요. 와보세요. 👍👍💖💖💖,기다린 보람이 있어요.😁😁🧡 메뉴 자체가 굉장히 특별하고 어디서 맛보기 힘든 퓨전 음식입니다. 뻔하지 않은 메뉴의 맛 덕분에 되게 좋은 시간을 보냈어요. 🫶연인과 오기에도 아늑한 분위기가 굉장히 좋습니다. 꼭 추천해요. 와보세요. 👍👍💖💖💖,True,event,22,1번째 방문,True,,,1,기다린 보람이 있어요 메뉴 자체가 굉장히 특별하고 어디서 맛보기 힘든 퓨전 음식입니다 뻔하지 않은 메뉴의 맛 덕분에 되게 좋은 시간을 보냈어요 연인과 오기에도 아늑한 분위기가 굉장히 좋습니다 꼭 추천해요 와보세요,134,118,0,0,1,1,1,1,0,0,0,0,0,0,1,1,0,0,0,0,0,0,0,0,0,0,0,1,0,1,0,0,0,0,0,1,1,0,0,0,0
이태리국시,arch****,5,2026.04.04,1,영수증,"주문한 파스타는 면 익힘 정도가 적당했고 소스도 진하면서 부담스럽지 않아 맛있게 먹었습니다. 특히 재료가 신선한 느낌이 나서 더 좋았습니다. 다만, 음식이 나오는 시간이 조금 걸린 점은 아쉬웠지만 그만큼 정성 들여 준비하는 느낌도 있었습니다.","주문한 파스타는 면 익힘 정도가 적당했고 소스도 진하면서 부담스럽지 않아 맛있게 먹었습니다. 특히 재료가 신선한 느낌이 나서 더 좋았습니다. 다만, 음식이 나오는 시간이 조금 걸린 점은 아쉬웠지만 그만큼 정성 들여 준비하는 느낌도 있었습니다.",True,event,5,1번째 방문,True,,,1,주문한 파스타는 면 익힘 정도가 적당했고 소스도 진하면서 부담스럽지 않아 맛있게 먹었습니다 특히 재료가 신선한 느낌이 나서 더 좋았습니다 다만 음식이 나오는 시간이 조금 걸린 점은 아쉬웠지만 그만큼 정성 들여 준비하는 느낌도 있었습니다,135,131,0,0,1,1,1,1,0,0,0,0,0,0,1,1,0,0,0,0,0,0,1,0,0,0,1,0,0,1,0,0,0,0,0,1,1,0,0,0,0
이태리국시,mbkno1,5,2026.02.23,1,영수증,전에 한남점 가보려다 예약이 다 차서 못가봤었는데 오늘 오게 되서 좋아요. 이름대로 이태리국시집입니다. 이태리와 동양의 만남 ㅎ 사진의 메뉴들 모두 참신하고 맛있어요. 양식 안좋아하는 사람이랑 와도 좋을 듯! 담엔 다른 메뉴들도 도전해보겠습니다.,전에 한남점 가보려다 예약이 다 차서 못가봤었는데 오늘 오게 되서 좋아요. 이름대로 이태리국시집입니다. 이태리와 동양의 만남 ㅎ 사진의 메뉴들 모두 참신하고 맛있어요. 양식 안좋아하는 사람이랑 와도 좋을 듯! 담엔 다른 메뉴들도 도전해보겠습니다.,True,event,5,1번째 방문,True,,,1,전에 한남점 가보려다 예약이 다 차서 못가봤었는데 오늘 오게 되서 좋아요 이름대로 이태리국시집입니다 이태리와 동양의 만남 사진의 메뉴들 모두 참신하고 맛있어요 양식 안좋아하는 사람이랑 와도 좋을 듯 담엔 다른 메뉴들도 도전해보겠습니다,137,130,0,0,1,1,0,0,0,0,0,0,0,0,2,1,0,0,1,0,0,0,0,0,0,0,1,0,0,1,0,0,0,1,1,0,0,0,0,0,0
이태리국시,닉네임9982,17,2026.05.05,1,영수증,돌솥이라 끝까지 식지 않고 따듯하게 먹을 수 있어 좋았구요 곱창은 야들야들 쫄깃하니 맛있었구요 파스타 소스에 저기 밥 비벼먹어도 맛있어영 마늘 향 장난 아니구요 음료수도 상큼하니 좋았습니다 같이 나오는 장아찌는 간이 슴슴한 편이라 살짝 아쉬웠습니당,돌솥이라 끝까지 식지 않고 따듯하게 먹을 수 있어 좋았구요 곱창은 야들야들 쫄깃하니 맛있었구요 파스타 소스에 저기 밥 비벼먹어도 맛있어영 마늘 향 장난 아니구요 음료수도 상큼하니 좋았습니다 같이 나오는 장아찌는 간이 슴슴한 편이라 살짝 아쉬웠습니당,True,event,17,1번째 방문,True,,,1,돌솥이라 끝까지 식지 않고 따듯하게 먹을 수 있어 좋았구요 곱창은 야들야들 쫄깃하니 맛있었구요 파스타 소스에 저기 밥 비벼먹어도 맛있어영 마늘 향 장난 아니구요 음료수도 상큼하니 좋았습니다 같이 나오는 장아찌는 간이 슴슴한 편이라 살짝 아쉬웠습니당,138,138,0,0,1,1,0,0,0,0,0,0,0,0,2,1,0,0,0,0,0,0,0,0,0,0,0,1,0,1,0,0,0,1,1,0,0,0,0,0,0
이태리국시,룰루랄랄랗,79,2026.05.04,1,영수증,퓨전한식느낌의 맛있는 파스타집이에요 ㅎㅎㅎ 맨날 둘이와서 대창파스타에 불고기쌈피자만 먹다가 셋이와서 빠에야랑 뇨끼까지 먹었는데 너무 맛있는 시간이었어요~~~ 원래 반계마늘리조또 먹고싶었는데 품절이라 너무 아쉽... 다음에는 꼭 먹어볼거에요~냠냠굿😋,퓨전한식느낌의 맛있는 파스타집이에요 ㅎㅎㅎ 맨날 둘이와서 대창파스타에 불고기쌈피자만 먹다가 셋이와서 빠에야랑 뇨끼까지 먹었는데 너무 맛있는 시간이었어요~~~ 원래 반계마늘리조또 먹고싶었는데 품절이라 너무 아쉽... 다음에는 꼭 먹어볼거에요~냠냠굿😋,True,event,79,1번째 방문,True,,,1,퓨전한식느낌의 맛있는 파스타집이에요 맨날 둘이와서 대창파스타에 불고기쌈피자만 먹다가 셋이와서 빠에야랑 뇨끼까지 먹었는데 너무 맛있는 시간이었어요 원래 반계마늘리조또 먹고싶었는데 품절이라 너무 아쉽 다음에는 꼭 먹어볼거에요 냠냠굿,138,127,0,0,1,1,0,0,0,0,0,0,0,0,2,1,2,0,0,0,0,0,1,0,0,0,0,1,1,1,0,0,0,1,1,0,0,0,0,0,0
이태리국시,yura80,55,2026.02.15,1,영수증,"시그니처인 돌솥대창파스타와 갑오징어 빠에야를 시켰어요. 대창파스타는 너무 느끼하지 않게 맛있고, 빠에야 질감은 볶음밥 같고 약간 짜서 실망할 수 있어요. 한식 양식 좋아하는 사람끼리 오면 양쪽을 만족시킬만한 메뉴는 많아서 서울숲오면 고려해볼만해요.","시그니처인 돌솥대창파스타와 갑오징어 빠에야를 시켰어요. 대창파스타는 너무 느끼하지 않게 맛있고, 빠에야 질감은 볶음밥 같고 약간 짜서 실망할 수 있어요. 한식 양식 좋아하는 사람끼리 오면 양쪽을 만족시킬만한 메뉴는 많아서 서울숲오면 고려해볼만해요.",True,event,55,1번째 방문,True,,,1,시그니처인 돌솥대창파스타와 갑오징어 빠에야를 시켰어요 대창파스타는 너무 느끼하지 않게 맛있고 빠에야 질감은 볶음밥 같고 약간 짜서 실망할 수 있어요 한식 양식 좋아하는 사람끼리 오면 양쪽을 만족시킬만한 메뉴는 많아서 서울숲오면 고려해볼만해요,138,134,0,0,1,1,0,0,0,0,0,0,0,0,1,1,1,0,0,0,0,0,1,0,0,0,0,1,1,1,0,0,0,1,1,0,0,0,0,0,0
이태리국시,hangcok,14,2026.04.25,1,영수증,너무너무 맛있게 잘 먹었습니다!! 메뉴도 흔하지 않은 메뉴여서 어디에서든 쉽게 먹을 수 없다는 이태리국시만의 시그니처 메뉴!! 다 먹고서 너무 배가 불러서 더 먹을 수 없었다는... 다음에도 또 방문해서 다른 메뉴들도 하나씩 다 먹어보려고여!! ㅎㅎ,너무너무 맛있게 잘 먹었습니다!! 메뉴도 흔하지 않은 메뉴여서 어디에서든 쉽게 먹을 수 없다는 이태리국시만의 시그니처 메뉴!! 다 먹고서 너무 배가 불러서 더 먹을 수 없었다는... 다음에도 또 방문해서 다른 메뉴들도 하나씩 다 먹어보려고여!! ㅎㅎ,True,event,14,1번째 방문,True,,,1,너무너무 맛있게 잘 먹었습니다 메뉴도 흔하지 않은 메뉴여서 어디에서든 쉽게 먹을 수 없다는 이태리국시만의 시그니처 메뉴 다 먹고서 너무 배가 불러서 더 먹을 수 없었다는 다음에도 또 방문해서 다른 메뉴들도 하나씩 다 먹어보려고여,139,127,0,0,1,1,0,0,0,0,0,0,0,0,1,1,3,1,6,1,0,0,0,1,1,0,0,1,0,1,0,0,0,1,1,0,0,0,0,0,0
이태리국시,plu****,120,2026.02.17,1,영수증,대창파스타 매콤 짭짤하니 맛있머요 대창이 엄청 크고 튼실해서 대창 특요의 고소한 맛을 느낄 수 있어요 밥이 있었으면 비벼 먹어도 맛있었을 것 같아요 갈릭리조또는 마늘향과 버터향이 조화롭게 어우려져 호불호없이 먹을 수 있습니다 맛있게 잘 먹고 왔네요 ㅇ,대창파스타 매콤 짭짤하니 맛있머요 대창이 엄청 크고 튼실해서 대창 특요의 고소한 맛을 느낄 수 있어요 밥이 있었으면 비벼 먹어도 맛있었을 것 같아요 갈릭리조또는 마늘향과 버터향이 조화롭게 어우려져 호불호없이 먹을 수 있습니다 맛있게 잘 먹고 왔네요 ㅇ,True,event,120,1번째 방문,True,,,1,대창파스타 매콤 짭짤하니 맛있머요 대창이 엄청 크고 튼실해서 대창 특요의 고소한 맛을 느낄 수 있어요 밥이 있었으면 비벼 먹어도 맛있었을 것 같아요 갈릭리조또는 마늘향과 버터향이 조화롭게 어우려져 호불호없이 먹을 수 있습니다 맛있게 잘 먹고 왔네요,140,138,0,0,1,1,0,0,0,0,0,0,0,0,3,1,1,0,0,0,0,0,0,0,0,0,0,1,1,1,0,0,0,1,1,0,0,0,0,0,0
이태리국시,Hazelnotnuts,31,2026.05.02,1,영수증,이태리국시 재작년에 시그니처 먹어보고 너무 맛있어서 친한 친구 데려왔습니다 ㅎㅎ 친구는 깍두기 리조또 시켰는데 고기 먹고선 눈 휘둥그레지네요 ㅋㅋㅋ 대화하기 딱 좋은 스타일의 매장이고 친구 연인 와도 좋을 거 같아요 ㅎㅎ 예약도 할 수 있는 거 같습니다,이태리국시 재작년에 시그니처 먹어보고 너무 맛있어서 친한 친구 데려왔습니다 ㅎㅎ 친구는 깍두기 리조또 시켰는데 고기 먹고선 눈 휘둥그레지네요 ㅋㅋㅋ 대화하기 딱 좋은 스타일의 매장이고 친구 연인 와도 좋을 거 같아요 ㅎㅎ 예약도 할 수 있는 거 같습니다,True,event,31,1번째 방문,True,,,1,이태리국시 재작년에 시그니처 먹어보고 너무 맛있어서 친한 친구 데려왔습니다 친구는 깍두기 리조또 시켰는데 고기 먹고선 눈 휘둥그레지네요 대화하기 딱 좋은 스타일의 매장이고 친구 연인 와도 좋을 거 같아요 예약도 할 수 있는 거 같습니다,141,131,0,0,1,1,1,1,0,3,1,0,0,0,1,1,1,0,0,0,0,0,0,0,0,0,0,1,0,1,0,0,0,0,0,1,1,0,0,0,0
이태리국시,hol****,60,2026.02.10,1,영수증,성수 오랜만에 와서 맛있는 음식 먹고싶어서 검색해서 왔는데 탁월한 선택이었습니당ㅎㅎ이것저것 다 먹고 싶어서 네개나 시켰는데 야무지게 먹고 왔어요ㅎㅎ거의 싹싹 대창도 안비리고 진짜 맛나게 먹고왔습니당ㅎㅎ분위기도 커플분들 가족들 친구들이랑 오기도 좋아요ㅎㅎ,성수 오랜만에 와서 맛있는 음식 먹고싶어서 검색해서 왔는데 탁월한 선택이었습니당ㅎㅎ이것저것 다 먹고 싶어서 네개나 시켰는데 야무지게 먹고 왔어요ㅎㅎ거의 싹싹 대창도 안비리고 진짜 맛나게 먹고왔습니당ㅎㅎ분위기도 커플분들 가족들 친구들이랑 오기도 좋아요ㅎㅎ,True,event,60,1번째 방문,True,,,1,성수 오랜만에 와서 맛있는 음식 먹고싶어서 검색해서 왔는데 탁월한 선택이었습니당 이것저것 다 먹고 싶어서 네개나 시켰는데 야무지게 먹고 왔어요 거의 싹싹 대창도 안비리고 진짜 맛나게 먹고왔습니당 분위기도 커플분들 가족들 친구들이랑 오기도 좋아요,141,136,0,0,1,1,1,1,0,2,1,0,0,0,2,1,1,0,0,0,0,0,1,0,0,0,0,1,1,1,0,0,0,0,0,1,1,0,0,0,0
이태리국시,비비드수,23,2026.01.10,1,영수증,성수맛집 찾으려다가 발견한 곳! 메뉴도 특별하고 너무 맛있어 보여서 거리가 있어도 방문했어요 :) 인테리어도 깔끔하고 맛있네요! 느끼할줄 알았는데 소스가 매콤하고 곱창도 곱이 실해서 너무 맛있어요! 피자도 신선하고 매력있어요! 다 맛있어서 재방문 각ㅋㅋ,성수맛집 찾으려다가 발견한 곳! 메뉴도 특별하고 너무 맛있어 보여서 거리가 있어도 방문했어요 :) 인테리어도 깔끔하고 맛있네요! 느끼할줄 알았는데 소스가 매콤하고 곱창도 곱이 실해서 너무 맛있어요! 피자도 신선하고 매력있어요! 다 맛있어서 재방문 각ㅋㅋ,True,event,23,1번째 방문,True,,,1,성수맛집 찾으려다가 발견한 곳 메뉴도 특별하고 너무 맛있어 보여서 거리가 있어도 방문했어요 인테리어도 깔끔하고 맛있네요 느끼할줄 알았는데 소스가 매콤하고 곱창도 곱이 실해서 너무 맛있어요 피자도 신선하고 매력있어요 다 맛있어서 재방문 각,141,132,0,0,1,1,0,0,0,0,0,0,0,0,5,1,2,0,4,1,0,0,1,1,1,0,0,1,0,1,0,0,0,1,1,0,0,0,0,0,0
이태리국시,행봌,79,2026.03.28,1,영수증,경기도에서 놀러왔는데 파스타가 정말 예술이네용 너무 맛있어요 대창 곱창 파스타 다 매력있어여ㅠㅠㅠ 대창 좋아하시면 꼭 꼭 드셔보세용 직원분들도 친절하시고 토요일 1시 정도에 왔는데 20분 웨이팅 하고 들어왔어요 참고하세용 맛있게 잘 먹고 갑니다 !!🥰💗💗,경기도에서 놀러왔는데 파스타가 정말 예술이네용 너무 맛있어요 대창 곱창 파스타 다 매력있어여ㅠㅠㅠ 대창 좋아하시면 꼭 꼭 드셔보세용 직원분들도 친절하시고 토요일 1시 정도에 왔는데 20분 웨이팅 하고 들어왔어요 참고하세용 맛있게 잘 먹고 갑니다 !!🥰💗💗,True,event,79,1번째 방문,True,,,1,경기도에서 놀러왔는데 파스타가 정말 예술이네용 너무 맛있어요 대창 곱창 파스타 다 매력있어여 대창 좋아하시면 꼭 꼭 드셔보세용 직원분들도 친절하시고 토요일 1시 정도에 왔는데 20분 웨이팅 하고 들어왔어요 참고하세용 맛있게 잘 먹고 갑니다,142,133,0,0,1,1,3,1,1,1,1,1,2,1,2,1,1,0,2,0,0,0,0,0,0,0,0,1,1,1,0,0,0,0,0,1,1,0,0,0,0
이태리국시,쏠solmi,28,2026.05.01,1,영수증,"숯불대창돌솥파스타 주문했는데 나오자마자 숯불향이 확 올라와서 너무 좋네요 :) 숯불 향 진짜 대박이에요 돌솥이라 끝까지 따뜻하게 먹을 수 있는점도 좋았고, 대창도 넉넉하게 들어있어서 푸짐한 느낌이었어요. 퓨전음식집이라 색다른 메뉴 경험하기에도 괜찮았습니다 🙂","숯불대창돌솥파스타 주문했는데 나오자마자 숯불향이 확 올라와서 너무 좋네요 :) 숯불 향 진짜 대박이에요 돌솥이라 끝까지 따뜻하게 먹을 수 있는점도 좋았고, 대창도 넉넉하게 들어있어서 푸짐한 느낌이었어요. 퓨전음식집이라 색다른 메뉴 경험하기에도 괜찮았습니다 🙂",True,event,28,1번째 방문,True,,,1,숯불대창돌솥파스타 주문했는데 나오자마자 숯불향이 확 올라와서 너무 좋네요 숯불 향 진짜 대박이에요 돌솥이라 끝까지 따뜻하게 먹을 수 있는점도 좋았고 대창도 넉넉하게 들어있어서 푸짐한 느낌이었어요 퓨전음식집이라 색다른 메뉴 경험하기에도 괜찮았습니다,144,137,0,0,1,1,1,1,0,0,0,0,0,0,0,0,3,1,0,0,0,0,1,0,0,0,0,1,0,1,0,0,0,0,0,1,1,0,0,0,0
이태리국시,myj****,22,2026.04.02,1,예약,회사 동기들이랑 퇴근하고 왔는데 회사에서 받은 스트레스 날아가는 힐링되는 맛이에요.. 🥹 분위기도 너모 좋고 인테리어도 예쁘고 직원분들도 친절해서 기분 좋아지는 곳.. ❣️ 한식적인 파스타라고 해서 궁금했는데 진짜 색다르게 맛있어서 엄마랑 또 오고 싶어요 🫶🫶,회사 동기들이랑 퇴근하고 왔는데 회사에서 받은 스트레스 날아가는 힐링되는 맛이에요.. 🥹 분위기도 너모 좋고 인테리어도 예쁘고 직원분들도 친절해서 기분 좋아지는 곳.. ❣️ 한식적인 파스타라고 해서 궁금했는데 진짜 색다르게 맛있어서 엄마랑 또 오고 싶어요 🫶🫶,True,event,22,1번째 방문,True,,,1,회사 동기들이랑 퇴근하고 왔는데 회사에서 받은 스트레스 날아가는 힐링되는 맛이에요 분위기도 너모 좋고 인테리어도 예쁘고 직원분들도 친절해서 기분 좋아지는 곳 한식적인 파스타라고 해서 궁금했는데 진짜 색다르게 맛있어서 엄마랑 또 오고 싶어요,145,133,0,0,1,1,3,1,1,1,1,0,0,0,1,1,1,0,0,0,0,0,1,0,0,0,0,1,0,1,0,0,0,0,0,1,1,0,0,0,0
이태리국시,찐쫜,530,2026.05.08,1,영수증,"새로운 맛집 발견. 지도에서 평점과 평점 개수가 괜찮아서 왔는데, 만족하고 갑니다. 청양라구갈비파스타와 반계마늘돌솥리조또를 주문. 인상 깊은 건 반계마늘돌솥리조또. 푹 고은 삼계탕을 잘 조려서 리조또하고 거기에 수비드한 튀긴 반계.. 이런게 진짜 퓨전이다 싶음.","새로운 맛집 발견. 지도에서 평점과 평점 개수가 괜찮아서 왔는데, 만족하고 갑니다. 청양라구갈비파스타와 반계마늘돌솥리조또를 주문. 인상 깊은 건 반계마늘돌솥리조또. 푹 고은 삼계탕을 잘 조려서 리조또하고 거기에 수비드한 튀긴 반계.. 이런게 진짜 퓨전이다 싶음.",True,event,530,1번째 방문,True,,,1,새로운 맛집 발견 지도에서 평점과 평점 개수가 괜찮아서 왔는데 만족하고 갑니다 청양라구갈비파스타와 반계마늘돌솥리조또를 주문 인상 깊은 건 반계마늘돌솥리조또 푹 고은 삼계탕을 잘 조려서 리조또하고 거기에 수비드한 튀긴 반계 이런게 진짜 퓨전이다 싶음,146,138,0,0,1,1,1,1,0,0,0,0,0,0,1,1,1,0,0,0,0,0,1,0,0,0,0,1,1,1,0,0,0,0,0,1,1,0,0,0,0
이태리국시,lksbhr67,92,2026.04.14,1,영수증,"재료가 신선하고, 맛있어요. 음식이 전반적으로 저한테 짭쪼름한데 그게 입맛을 당겨주기도 합니다. 곱창 파스타가 제일 맛있었는데, 냄새가 안나고 빠에야에 있는 갑오징어도 먹기 좋게 손질 잘해주셨어요. 응대가 친절하시고 서비스도 좋네요. 재방문 의사 있습니다. :)","재료가 신선하고, 맛있어요. 음식이 전반적으로 저한테 짭쪼름한데 그게 입맛을 당겨주기도 합니다. 곱창 파스타가 제일 맛있었는데, 냄새가 안나고 빠에야에 있는 갑오징어도 먹기 좋게 손질 잘해주셨어요. 응대가 친절하시고 서비스도 좋네요. 재방문 의사 있습니다. :)",True,event,92,1번째 방문,True,,,1,재료가 신선하고 맛있어요 음식이 전반적으로 저한테 짭쪼름한데 그게 입맛을 당겨주기도 합니다 곱창 파스타가 제일 맛있었는데 냄새가 안나고 빠에야에 있는 갑오징어도 먹기 좋게 손질 잘해주셨어요 응대가 친절하시고 서비스도 좋네요 재방문 의사 있습니다,146,136,0,0,1,1,2,1,1,0,0,0,0,0,2,1,0,0,0,0,1,1,0,1,1,0,0,1,1,1,0,0,0,0,0,1,1,0,0,1,0
이태리국시,kal****,958,2026.04.11,1,영수증,"이태리국시 성수 다녀왔는데 분위기도 좋고 음식도 전체적으로 깔끔해서 만족스러웠어요. 면 식감이 좋고 소스 맛도 너무 무겁지 않아서 끝까지 맛있게 먹을 수 있었고, 성수 특유의 감성이랑도 잘 어울리는 공간이라 데이트나 친구랑 가기 좋았어요. 재방문 의사 있습니다.","이태리국시 성수 다녀왔는데 분위기도 좋고 음식도 전체적으로 깔끔해서 만족스러웠어요. 면 식감이 좋고 소스 맛도 너무 무겁지 않아서 끝까지 맛있게 먹을 수 있었고, 성수 특유의 감성이랑도 잘 어울리는 공간이라 데이트나 친구랑 가기 좋았어요. 재방문 의사 있습니다.",True,event,958,1번째 방문,True,,,1,이태리국시 성수 다녀왔는데 분위기도 좋고 음식도 전체적으로 깔끔해서 만족스러웠어요 면 식감이 좋고 소스 맛도 너무 무겁지 않아서 끝까지 맛있게 먹을 수 있었고 성수 특유의 감성이랑도 잘 어울리는 공간이라 데이트나 친구랑 가기 좋았어요 재방문 의사 있습니다,146,142,0,0,1,1,1,1,0,2,1,0,0,0,1,1,1,0,0,0,0,0,0,1,1,0,0,1,1,1,0,0,0,0,0,1,1,0,0,0,0
이태리국시,Zzzz00aa,52,2026.03.25,1,영수증,서울로 놀러왔는데 메뉴가 특별해보여서 와봤어요!! 곱창파스타에 곱창도 많이 들어있고 살짝 매콤하니 맛있어요👍🏻👍🏻🩷 그리거 반계리조토도 안느끼하고 진짜 맛있어요 ㅎㅎ 이거두개 시켜서 나눠먹으니 안느끼하고 딱 맛있게 다먹었어요 추천드려용🩷🩷 직원분들도 친절하세욤ㅎㅎ,서울로 놀러왔는데 메뉴가 특별해보여서 와봤어요!! 곱창파스타에 곱창도 많이 들어있고 살짝 매콤하니 맛있어요👍🏻👍🏻🩷 그리거 반계리조토도 안느끼하고 진짜 맛있어요 ㅎㅎ 이거두개 시켜서 나눠먹으니 안느끼하고 딱 맛있게 다먹었어요 추천드려용🩷🩷 직원분들도 친절하세욤ㅎㅎ,True,event,52,1번째 방문,True,,,1,서울로 놀러왔는데 메뉴가 특별해보여서 와봤어요 곱창파스타에 곱창도 많이 들어있고 살짝 매콤하니 맛있어요 그리거 반계리조토도 안느끼하고 진짜 맛있어요 이거두개 시켜서 나눠먹으니 안느끼하고 딱 맛있게 다먹었어요 추천드려용 직원분들도 친절하세욤,147,133,0,0,1,1,2,1,1,0,0,0,0,0,4,1,1,0,2,0,0,0,1,0,0,0,0,1,1,1,0,0,0,0,0,1,1,0,0,0,0
이태리국시,자유로운영혼68,160,2026.02.18,1,영수증,드디어 이태리국시를 와 봤어요~! 오랜만에 친구와함께 성수나들이 왔네요~ 색다른음식 찾다가 오게되었는데~ 오기전에봤던 메뉴이름만큼 신선했어요~!🙂 특히 저는 불고기쌈피자 너무 맛있게 먹었네요~ 의외의 조합들이지만 다 맛있네요! 다음에 기회가되면 또 오고싶어요~!^^,드디어 이태리국시를 와 봤어요~! 오랜만에 친구와함께 성수나들이 왔네요~ 색다른음식 찾다가 오게되었는데~ 오기전에봤던 메뉴이름만큼 신선했어요~!🙂 특히 저는 불고기쌈피자 너무 맛있게 먹었네요~ 의외의 조합들이지만 다 맛있네요! 다음에 기회가되면 또 오고싶어요~!^^,True,event,160,1번째 방문,True,,,1,드디어 이태리국시를 와 봤어요 오랜만에 친구와함께 성수나들이 왔네요 색다른음식 찾다가 오게되었는데 오기전에봤던 메뉴이름만큼 신선했어요 특히 저는 불고기쌈피자 너무 맛있게 먹었네요 의외의 조합들이지만 다 맛있네요 다음에 기회가되면 또 오고싶어요,148,135,0,0,1,1,0,0,0,1,1,0,0,0,2,1,1,0,4,1,0,0,0,0,0,0,0,1,1,1,0,0,0,0,0,1,1,0,0,0,0
이태리국시,카린42,29,2026.04.25,1,영수증,늦은 시간에도 방문할 수 있어서 맛있게 먹고 갑니다 제일 맛있었던건 대창파스타인데 매콤하면서도 딱 맛있었고 알배추 숯불갈비 샐러드도 한식 샐러드 답게 맛있었어요 갑오징어 빠에야는 눅눅해서 음 호불호가 좀 갈릴 수 있을 것 같아요 비린 맛을 잡아주시는게 좋을 것 같네요,늦은 시간에도 방문할 수 있어서 맛있게 먹고 갑니다 제일 맛있었던건 대창파스타인데 매콤하면서도 딱 맛있었고 알배추 숯불갈비 샐러드도 한식 샐러드 답게 맛있었어요 갑오징어 빠에야는 눅눅해서 음 호불호가 좀 갈릴 수 있을 것 같아요 비린 맛을 잡아주시는게 좋을 것 같네요,True,event,29,1번째 방문,True,,,1,늦은 시간에도 방문할 수 있어서 맛있게 먹고 갑니다 제일 맛있었던건 대창파스타인데 매콤하면서도 딱 맛있었고 알배추 숯불갈비 샐러드도 한식 샐러드 답게 맛있었어요 갑오징어 빠에야는 눅눅해서 음 호불호가 좀 갈릴 수 있을 것 같아요 비린 맛을 잡아주시는게 좋을 것 같네요,149,149,0,0,1,1,0,0,0,0,0,0,0,0,4,1,0,0,0,0,0,0,0,0,0,0,0,1,0,1,0,0,0,1,1,0,0,0,0,0,0
이태리국시,전형진60,43,2026.02.26,1,영수증,닭 반마리가 나와서 가격대비 가성비가 좋은 것 같구요 대창도 넉넉해서 맛있었습니다! 다만 대창파스타는 조금 단맛이 있어서 저는 맛이 더 깔끔했으면 하는 생각은 듭니다! 직원분들도 친절하시고 테이블도 전부 4인석이라 눈치 안보고 넓은 좌석에 앉을 수 있어 좋았어용 ㅎㅎ,닭 반마리가 나와서 가격대비 가성비가 좋은 것 같구요 대창도 넉넉해서 맛있었습니다! 다만 대창파스타는 조금 단맛이 있어서 저는 맛이 더 깔끔했으면 하는 생각은 듭니다! 직원분들도 친절하시고 테이블도 전부 4인석이라 눈치 안보고 넓은 좌석에 앉을 수 있어 좋았어용 ㅎㅎ,True,event,43,1번째 방문,True,,,1,닭 반마리가 나와서 가격대비 가성비가 좋은 것 같구요 대창도 넉넉해서 맛있었습니다 다만 대창파스타는 조금 단맛이 있어서 저는 맛이 더 깔끔했으면 하는 생각은 듭니다 직원분들도 친절하시고 테이블도 전부 4인석이라 눈치 안보고 넓은 좌석에 앉을 수 있어 좋았어용,149,144,0,0,1,1,4,1,1,0,0,1,0,0,1,1,0,0,2,0,0,0,1,0,0,0,0,1,0,1,0,0,0,0,0,1,1,0,0,0,0
이태리국시,해미93,9,2026.03.10,1,영수증,곱창은 불향이 나고 통통해서 입안가득 고소함이 퍼졌어요. 살짝 매콤하고 묵직한 맛이나요. 봉골레파스타는 짭짤하고 고소해서 자꾸 먹고싶어지는 맛이예요. 루꼴라가 잘 어울리고 크림과 청양이 조화롭게 느껴져요. 예약은 했지만 테이블이 여유있어서 점심시간에 그냥 와도 되겠어요.,곱창은 불향이 나고 통통해서 입안가득 고소함이 퍼졌어요. 살짝 매콤하고 묵직한 맛이나요. 봉골레파스타는 짭짤하고 고소해서 자꾸 먹고싶어지는 맛이예요. 루꼴라가 잘 어울리고 크림과 청양이 조화롭게 느껴져요. 예약은 했지만 테이블이 여유있어서 점심시간에 그냥 와도 되겠어요.,True,event,9,1번째 방문,True,,,1,곱창은 불향이 나고 통통해서 입안가득 고소함이 퍼졌어요 살짝 매콤하고 묵직한 맛이나요 봉골레파스타는 짭짤하고 고소해서 자꾸 먹고싶어지는 맛이예요 루꼴라가 잘 어울리고 크림과 청양이 조화롭게 느껴져요 예약은 했지만 테이블이 여유있어서 점심시간에 그냥 와도 되겠어요,151,146,0,0,1,1,0,0,0,1,1,0,0,0,0,0,0,0,0,0,0,0,0,0,0,0,0,0,0,1,0,0,0,0,0,1,1,0,0,0,0
이태리국시,레아55555,12,2026.02.25,1,영수증,"숯불갈비깍두기리조또랑 청양차돌오일파스타, 감자튀김 먹었어요. 전체적으로 자극적이거나 짜지않고 맛있어요. 깍두기리조또는 뭐랄까 고깃집에서 숯불갈비먹고 밥 볶아먹는 맛이에요 갈비도 부드럽고 맛있었어요 흔하지않은 신기한 메뉴들이 많아서 다음에 또와서 다른메뉴도 먹어보고싶어요!","숯불갈비깍두기리조또랑 청양차돌오일파스타, 감자튀김 먹었어요. 전체적으로 자극적이거나 짜지않고 맛있어요. 깍두기리조또는 뭐랄까 고깃집에서 숯불갈비먹고 밥 볶아먹는 맛이에요 갈비도 부드럽고 맛있었어요 흔하지않은 신기한 메뉴들이 많아서 다음에 또와서 다른메뉴도 먹어보고싶어요!",True,event,12,1번째 방문,True,,,1,숯불갈비깍두기리조또랑 청양차돌오일파스타 감자튀김 먹었어요 전체적으로 자극적이거나 짜지않고 맛있어요 깍두기리조또는 뭐랄까 고깃집에서 숯불갈비먹고 밥 볶아먹는 맛이에요 갈비도 부드럽고 맛있었어요 흔하지않은 신기한 메뉴들이 많아서 다음에 또와서 다른메뉴도 먹어보고싶어요,151,147,0,0,1,1,0,0,0,0,0,0,0,0,2,1,0,0,1,0,0,0,1,0,0,0,0,1,0,1,0,0,0,1,1,0,0,0,0,0,0
이태리국시,아아앤달달러버덕,44,2026.04.05,1,영수증,숯불대창돌솥파스타랑 갈비찜버터파스타를 먹었습니다! 숯불대창돌솥파스타는 베스트메뉴 답게 특색있어요!! 얼큰한 숯불대창과 토마토 파스타랑 궁합이 좋네요!! 다음에도 또 먹어보고 싶은 맛이에요 갈비찜버터파스타는 장조림 맛이 나요!! 느끼하지 않고 짭짤하니 맛있게 잘 먹었습니다💖,숯불대창돌솥파스타랑 갈비찜버터파스타를 먹었습니다! 숯불대창돌솥파스타는 베스트메뉴 답게 특색있어요!! 얼큰한 숯불대창과 토마토 파스타랑 궁합이 좋네요!! 다음에도 또 먹어보고 싶은 맛이에요 갈비찜버터파스타는 장조림 맛이 나요!! 느끼하지 않고 짭짤하니 맛있게 잘 먹었습니다💖,True,event,44,1번째 방문,True,,,1,숯불대창돌솥파스타랑 갈비찜버터파스타를 먹었습니다 숯불대창돌솥파스타는 베스트메뉴 답게 특색있어요 얼큰한 숯불대창과 토마토 파스타랑 궁합이 좋네요 다음에도 또 먹어보고 싶은 맛이에요 갈비찜버터파스타는 장조림 맛이 나요 느끼하지 않고 짭짤하니 맛있게 잘 먹었습니다,152,144,0,0,1,1,0,0,0,0,0,0,0,0,1,1,0,0,7,1,0,0,1,0,0,0,0,1,0,1,0,0,0,1,1,0,0,0,0,0,0
이태리국시,유니318,792,2026.02.03,1,영수증,오랫만에 성수 나들이로 맛집 검색하다 오게 되었어요~ 6명 인원이 같이 앉을수없어 앞뒤로 앉아 먹었어요 역시 평 좋은 이유가 있었네요 음식 다 맛있어요 아이들도 넘 맛있다고 다 잘먹네요~^^ 이중 제일 맛난걸 뽑자고 하니 어려웠지만 전 첫번째사진 딸은 두번째 사진이네요ㅎㅎ,오랫만에 성수 나들이로 맛집 검색하다 오게 되었어요~ 6명 인원이 같이 앉을수없어 앞뒤로 앉아 먹었어요 역시 평 좋은 이유가 있었네요 음식 다 맛있어요 아이들도 넘 맛있다고 다 잘먹네요~^^ 이중 제일 맛난걸 뽑자고 하니 어려웠지만 전 첫번째사진 딸은 두번째 사진이네요ㅎㅎ,True,event,792,1번째 방문,True,,,1,오랫만에 성수 나들이로 맛집 검색하다 오게 되었어요 6명 인원이 같이 앉을수없어 앞뒤로 앉아 먹었어요 역시 평 좋은 이유가 있었네요 음식 다 맛있어요 아이들도 넘 맛있다고 다 잘먹네요 이중 제일 맛난걸 뽑자고 하니 어려웠지만 전 첫번째사진 딸은 두번째 사진이네요,152,146,0,0,1,1,0,0,0,0,0,1,1,1,4,1,0,0,0,0,0,0,0,0,0,0,0,1,1,1,0,0,0,0,0,1,0,0,0,0,0
이태리국시,룰루햄이,1031,2026.01.31,1,영수증,인스타에서 보구 오게 됐는데요! 분위기가 되게 모던하구 음료와 주류가 다양하더라구요 ㅎㅎ 음식은 전체적으로 한식 퓨전인데 새로운듯 익숙한 맛이었어요 어떤 음식이든 실패가 없을거 같은 곳이었구 에이드두 넘 맛있었어요~ 담에 기회가 되면 다른 메뉴도 먹어보러 또 올거 같아욤 😀,인스타에서 보구 오게 됐는데요! 분위기가 되게 모던하구 음료와 주류가 다양하더라구요 ㅎㅎ 음식은 전체적으로 한식 퓨전인데 새로운듯 익숙한 맛이었어요 어떤 음식이든 실패가 없을거 같은 곳이었구 에이드두 넘 맛있었어요~ 담에 기회가 되면 다른 메뉴도 먹어보러 또 올거 같아욤 😀,True,event,1031,1번째 방문,True,,,1,인스타에서 보구 오게 됐는데요 분위기가 되게 모던하구 음료와 주류가 다양하더라구요 음식은 전체적으로 한식 퓨전인데 새로운듯 익숙한 맛이었어요 어떤 음식이든 실패가 없을거 같은 곳이었구 에이드두 넘 맛있었어요 담에 기회가 되면 다른 메뉴도 먹어보러 또 올거 같아욤,153,146,0,0,1,1,1,1,0,0,0,0,0,0,2,1,0,0,1,0,1,1,0,0,0,0,0,1,1,1,0,0,0,0,0,1,1,0,0,1,0
이태리국시,안녕하세요9116,62,2026.04.04,1,영수증,기념일이여서 방문했는데 예약하고 네이버 리뷰 봣을때는 특별한 맛은 아니라고 되어있어서 걱정했는데 대창 파스타 너무 맛있어서 놀랐어요 ㅎㅎ불맛 짱이에요 그리고 반계 리조도도 닭에 양념도 잘베어있고 저는 너무 맛있게 잘먹었어요 가격대는 좀 있지만 또 와보고싶어요 추천 합니다~!!,기념일이여서 방문했는데 예약하고 네이버 리뷰 봣을때는 특별한 맛은 아니라고 되어있어서 걱정했는데 대창 파스타 너무 맛있어서 놀랐어요 ㅎㅎ불맛 짱이에요 그리고 반계 리조도도 닭에 양념도 잘베어있고 저는 너무 맛있게 잘먹었어요 가격대는 좀 있지만 또 와보고싶어요 추천 합니다~!!,True,event,62,1번째 방문,True,,,1,기념일이여서 방문했는데 예약하고 네이버 리뷰 봣을때는 특별한 맛은 아니라고 되어있어서 걱정했는데 대창 파스타 너무 맛있어서 놀랐어요 불맛 짱이에요 그리고 반계 리조도도 닭에 양념도 잘베어있고 저는 너무 맛있게 잘먹었어요 가격대는 좀 있지만 또 와보고싶어요 추천 합니다,154,149,0,0,1,1,1,1,0,0,0,0,0,0,3,1,3,1,2,0,0,0,0,0,0,0,0,1,1,1,0,0,0,0,0,1,1,0,0,0,0
이태리국시,양인규63,11,2026.05.09,1,영수증,분위기 너무 좋고 음식도 진짜 맛있었어요! 특히 대창돌솥파스타가 완전 레전드… 불향이랑 고소한 대창 조합이 미쳤고 돌솥이라 끝까지 따뜻하게 먹을 수 있어서 좋았어요. 직원분들도 친절하시고 매장 분위기도 감성 있어서 데이트나 친구랑 오기 딱 좋은 듯! 다음에 또 방문하고 싶어요 👍,분위기 너무 좋고 음식도 진짜 맛있었어요! 특히 대창돌솥파스타가 완전 레전드… 불향이랑 고소한 대창 조합이 미쳤고 돌솥이라 끝까지 따뜻하게 먹을 수 있어서 좋았어요. 직원분들도 친절하시고 매장 분위기도 감성 있어서 데이트나 친구랑 오기 딱 좋은 듯! 다음에 또 방문하고 싶어요 👍,True,event,11,1번째 방문,True,,,1,분위기 너무 좋고 음식도 진짜 맛있었어요 특히 대창돌솥파스타가 완전 레전드 불향이랑 고소한 대창 조합이 미쳤고 돌솥이라 끝까지 따뜻하게 먹을 수 있어서 좋았어요 직원분들도 친절하시고 매장 분위기도 감성 있어서 데이트나 친구랑 오기 딱 좋은 듯 다음에 또 방문하고 싶어요,156,150,0,0,1,1,5,1,1,2,1,0,0,0,1,1,3,1,2,0,0,0,1,1,1,0,0,1,0,1,0,0,0,0,0,1,1,0,0,0,0
이태리국시,캐시뭐하니,239,2026.04.30,1,영수증,이태리국시 방문했는데 비주얼부터 압도적이네요! 돌솥에 나오는 리소토는 마지막까지 따뜻하고 깍두기가 씹혀 느끼함 없이 조화로워요. 뇨끼도 겉바속촉 식감이 예술이고 트러플 향이 진해서 풍미 가득한 식사였습니다. 한식과 양식의 이색적인 조합이 정말 매력적이라 재방문 의사 200%입니다!,이태리국시 방문했는데 비주얼부터 압도적이네요! 돌솥에 나오는 리소토는 마지막까지 따뜻하고 깍두기가 씹혀 느끼함 없이 조화로워요. 뇨끼도 겉바속촉 식감이 예술이고 트러플 향이 진해서 풍미 가득한 식사였습니다. 한식과 양식의 이색적인 조합이 정말 매력적이라 재방문 의사 200%입니다!,True,event,239,1번째 방문,True,,,1,이태리국시 방문했는데 비주얼부터 압도적이네요 돌솥에 나오는 리소토는 마지막까지 따뜻하고 깍두기가 씹혀 느끼함 없이 조화로워요 뇨끼도 겉바속촉 식감이 예술이고 트러플 향이 진해서 풍미 가득한 식사였습니다 한식과 양식의 이색적인 조합이 정말 매력적이라 재방문 의사 200 입니다,157,153,0,0,1,1,0,0,0,0,0,1,0,0,0,0,0,0,2,0,0,0,0,1,1,0,0,1,1,1,0,0,0,0,0,0,0,0,0,0,0
이태리국시,yeeu****,2,2026.04.30,1,영수증,"사진 속 메뉴- 바질해산물국물파스타, 청양차돌오일파스타 맛- 찐맛집에서만 나오는 감탄이 둘 다 나옴ㅋㅋㅋ 차돌이 그냥 입에서 녹는다는 표현이 맞을 거 같고요 바질파스타라그래서 서양풍이 강할 줄 알았더니 해물이랑 의외로 정말 잘 어우러져서 놀랐어용 국물부터 드링킹하게되는 맛집.. ㅇㅈ!","사진 속 메뉴- 바질해산물국물파스타, 청양차돌오일파스타 맛- 찐맛집에서만 나오는 감탄이 둘 다 나옴ㅋㅋㅋ 차돌이 그냥 입에서 녹는다는 표현이 맞을 거 같고요 바질파스타라그래서 서양풍이 강할 줄 알았더니 해물이랑 의외로 정말 잘 어우러져서 놀랐어용 국물부터 드링킹하게되는 맛집.. ㅇㅈ!",True,event,2,1번째 방문,True,,,1,사진 속 메뉴 바질해산물국물파스타 청양차돌오일파스타 맛 찐맛집에서만 나오는 감탄이 둘 다 나옴 차돌이 그냥 입에서 녹는다는 표현이 맞을 거 같고요 바질파스타라그래서 서양풍이 강할 줄 알았더니 해물이랑 의외로 정말 잘 어우러져서 놀랐어용 국물부터 드링킹하게되는 맛집,159,147,0,0,1,1,0,0,0,0,0,0,0,0,2,1,0,0,1,0,0,0,0,0,0,0,1,0,0,1,0,0,0,1,1,0,0,0,0,0,0
이태리국시,정수연9583,6,2026.03.16,1,영수증,지인과 갑자기 약속이 생겨서 주변에 좋은 곳이 있나 찾아보다가 왔어요. 예약 없이 방문 했는데 마침 자리가 있어서 바로 이용 가능했습니다. 음식들도 데코도 이쁘게 해주셔서 먹기 너무 아쉬웠는데 진짜 너무 맛있고 좋게 이용했습니다! 다음에 또 성수에서 약속이 잡힌다면 방문할 예정이에요!,지인과 갑자기 약속이 생겨서 주변에 좋은 곳이 있나 찾아보다가 왔어요. 예약 없이 방문 했는데 마침 자리가 있어서 바로 이용 가능했습니다. 음식들도 데코도 이쁘게 해주셔서 먹기 너무 아쉬웠는데 진짜 너무 맛있고 좋게 이용했습니다! 다음에 또 성수에서 약속이 잡힌다면 방문할 예정이에요!,True,event,6,1번째 방문,True,,,1,지인과 갑자기 약속이 생겨서 주변에 좋은 곳이 있나 찾아보다가 왔어요 예약 없이 방문 했는데 마침 자리가 있어서 바로 이용 가능했습니다 음식들도 데코도 이쁘게 해주셔서 먹기 너무 아쉬웠는데 진짜 너무 맛있고 좋게 이용했습니다 다음에 또 성수에서 약속이 잡힌다면 방문할 예정이에요,159,155,0,0,1,1,1,1,0,0,0,0,0,0,1,1,3,1,2,0,0,0,1,0,0,0,0,0,0,1,0,0,0,0,0,1,1,0,0,0,0
이태리국시,forevery0uth,9,2026.04.21,1,영수증,"이태리국시 다녀왔는데 기대 이상으로 만족했어요! 생각보다 든든하고, 맛이 진해서 계속 손이 가더라고요. 면도 쫄깃하고 소스랑 조합이 잘 맞아서 마지막까지 맛있게 먹었어요. 매장 분위기도 깔끔하고 직원분들도 친절해서 기분 좋게 식사할 수 있었어요. 메뉴도 다양해서 재방문 의사 있습니다 👍","이태리국시 다녀왔는데 기대 이상으로 만족했어요! 생각보다 든든하고, 맛이 진해서 계속 손이 가더라고요. 면도 쫄깃하고 소스랑 조합이 잘 맞아서 마지막까지 맛있게 먹었어요. 매장 분위기도 깔끔하고 직원분들도 친절해서 기분 좋게 식사할 수 있었어요. 메뉴도 다양해서 재방문 의사 있습니다 👍",True,event,9,1번째 방문,True,,,1,이태리국시 다녀왔는데 기대 이상으로 만족했어요 생각보다 든든하고 맛이 진해서 계속 손이 가더라고요 면도 쫄깃하고 소스랑 조합이 잘 맞아서 마지막까지 맛있게 먹었어요 매장 분위기도 깔끔하고 직원분들도 친절해서 기분 좋게 식사할 수 있었어요 메뉴도 다양해서 재방문 의사 있습니다,160,153,0,0,1,1,4,1,1,0,0,0,0,0,1,1,0,0,1,0,0,0,0,1,1,0,0,0,0,1,0,0,0,0,0,1,1,0,0,0,0
이태리국시,Yirehh,23,2026.05.06,1,영수증,오랜만에 성수로 나와서 흔한 양식이 아닌 색다른걸 먹어보고 싶어 방문했습니다 원픽이었던 대창파스타가 품절이라 못 먹은게 아쉽지만ㅠㅠ 곱창파스타와 알배추 샐러드 청양크림파스타까지 맛있게 먹었어요! 피클대신 짜지않은 무짱아찌까지 오히려 잘 어울렸어요~ 다음엔 대창파스타 꼭 먹어보러 올려고요🥰,오랜만에 성수로 나와서 흔한 양식이 아닌 색다른걸 먹어보고 싶어 방문했습니다 원픽이었던 대창파스타가 품절이라 못 먹은게 아쉽지만ㅠㅠ 곱창파스타와 알배추 샐러드 청양크림파스타까지 맛있게 먹었어요! 피클대신 짜지않은 무짱아찌까지 오히려 잘 어울렸어요~ 다음엔 대창파스타 꼭 먹어보러 올려고요🥰,True,event,23,1번째 방문,True,,,1,오랜만에 성수로 나와서 흔한 양식이 아닌 색다른걸 먹어보고 싶어 방문했습니다 원픽이었던 대창파스타가 품절이라 못 먹은게 아쉽지만 곱창파스타와 알배추 샐러드 청양크림파스타까지 맛있게 먹었어요 피클대신 짜지않은 무짱아찌까지 오히려 잘 어울렸어요 다음엔 대창파스타 꼭 먹어보러 올려고요,161,156,0,0,1,1,0,0,0,0,0,0,0,0,1,1,1,0,1,0,0,0,1,0,0,0,0,1,0,1,0,0,0,1,1,0,0,0,0,0,0
이태리국시,markkkyy1211,4,2026.05.02,1,영수증,"요즘 분위기 좋은 이탈리안 맛집 찾다가 드디어 발견한 곳 🍽️✨ 오늘 제가 주문한 메뉴인데요, 비주얼부터 완전 합격이에요…🤍 돌판 위에 치즈가 가득 깔린 치킨은 겉은 바삭하고 속은 촉촉해서, 한 입 먹자마자 “아 여기 제대로다” 싶었어요. 고소한 치즈랑 닭고기의 조합이 진짜 미쳤습니다…🥹","요즘 분위기 좋은 이탈리안 맛집 찾다가 드디어 발견한 곳 🍽️✨ 오늘 제가 주문한 메뉴인데요, 비주얼부터 완전 합격이에요…🤍 돌판 위에 치즈가 가득 깔린 치킨은 겉은 바삭하고 속은 촉촉해서, 한 입 먹자마자 “아 여기 제대로다” 싶었어요. 고소한 치즈랑 닭고기의 조합이 진짜 미쳤습니다…🥹",True,event,4,1번째 방문,True,,,1,요즘 분위기 좋은 이탈리안 맛집 찾다가 드디어 발견한 곳 오늘 제가 주문한 메뉴인데요 비주얼부터 완전 합격이에요 돌판 위에 치즈가 가득 깔린 치킨은 겉은 바삭하고 속은 촉촉해서 한 입 먹자마자 아 여기 제대로다 싶었어요 고소한 치즈랑 닭고기의 조합이 진짜 미쳤습니다,161,148,0,0,1,1,2,1,1,0,0,0,0,0,1,1,2,0,0,0,0,0,1,0,0,0,1,0,0,1,0,0,0,0,0,1,1,0,0,0,0
이태리국시,뎅굴뎅굴11,8,2026.04.27,1,영수증,"데이트 올 때 여기저기 알아보고 왔는데, 역시 사람들 많이 가는 장소는 다 이유가 있더라고요. 숯불대창돌솥파스타가 이집 시그니처라고 하더니, 정말 맛있어요. 꼭 드셔보세요. 고소하고 매콤하고 혼자 다해요. 입짧은 짝궁도 맛있다고 다 먹었어요 ㅎㅎ 뚝섬 데이트 계획중이신 분들께 강추드려요 ㅎㅎ","데이트 올 때 여기저기 알아보고 왔는데, 역시 사람들 많이 가는 장소는 다 이유가 있더라고요. 숯불대창돌솥파스타가 이집 시그니처라고 하더니, 정말 맛있어요. 꼭 드셔보세요. 고소하고 매콤하고 혼자 다해요. 입짧은 짝궁도 맛있다고 다 먹었어요 ㅎㅎ 뚝섬 데이트 계획중이신 분들께 강추드려요 ㅎㅎ",True,event,8,1번째 방문,True,,,1,데이트 올 때 여기저기 알아보고 왔는데 역시 사람들 많이 가는 장소는 다 이유가 있더라고요 숯불대창돌솥파스타가 이집 시그니처라고 하더니 정말 맛있어요 꼭 드셔보세요 고소하고 매콤하고 혼자 다해요 입짧은 짝궁도 맛있다고 다 먹었어요 뚝섬 데이트 계획중이신 분들께 강추드려요,163,151,0,0,1,1,0,0,0,2,1,0,0,0,3,1,0,0,0,0,0,0,0,0,0,0,0,0,0,1,0,0,0,0,0,1,1,0,0,0,0
이태리국시,빙구방구봉구,3,2026.03.26,1,영수증,숯불갈비&amp;깍두기돌솥리조또랑 청양 차돌 오일파스타 시켰습니다 맛있어요! 리조또 간도 적당하고 갈비랑 너무 잘 어울렸고요 파스타는 면 사이사이에 들어있는 할라피뇨가 은은하게 맛이 남아서 너무 맛있었어요 인테리어가 깔끔하고 좋아서 소개팅 자리로도 좋을 것 같습니다 재방문 의사 무조건이요!!,숯불갈비&amp;깍두기돌솥리조또랑 청양 차돌 오일파스타 시켰습니다 맛있어요! 리조또 간도 적당하고 갈비랑 너무 잘 어울렸고요 파스타는 면 사이사이에 들어있는 할라피뇨가 은은하게 맛이 남아서 너무 맛있었어요 인테리어가 깔끔하고 좋아서 소개팅 자리로도 좋을 것 같습니다 재방문 의사 무조건이요!!,True,event,3,1번째 방문,True,,,1,숯불갈비 amp 깍두기돌솥리조또랑 청양 차돌 오일파스타 시켰습니다 맛있어요 리조또 간도 적당하고 갈비랑 너무 잘 어울렸고요 파스타는 면 사이사이에 들어있는 할라피뇨가 은은하게 맛이 남아서 너무 맛있었어요 인테리어가 깔끔하고 좋아서 소개팅 자리로도 좋을 것 같습니다 재방문 의사 무조건이요,163,160,0,0,1,1,1,1,0,0,0,0,0,0,2,1,2,0,3,1,0,0,0,1,1,0,1,0,0,1,0,0,0,0,0,1,1,0,0,0,0
이태리국시,재이희,25,2026.01.11,1,예약,한식과 양식이 퓨젼된 것 같은 맛! 이태리국시 라는 이름에 걸맞는 듯한 맛이었습니다 뇨끼 소스가 짭조름하니 맛있었어요 뇨끼만 두 그릇 시켜서 나눠먹었습니다 😚 나머지 파스타들도 맛있었는데 갈비 리소토가 특히 맛있었습니다 깍두기 김치찌개에 졸인 리소토 맛이었어요 한식 러버라 제일 취향이었습니다,한식과 양식이 퓨젼된 것 같은 맛! 이태리국시 라는 이름에 걸맞는 듯한 맛이었습니다 뇨끼 소스가 짭조름하니 맛있었어요 뇨끼만 두 그릇 시켜서 나눠먹었습니다 😚 나머지 파스타들도 맛있었는데 갈비 리소토가 특히 맛있었습니다 깍두기 김치찌개에 졸인 리소토 맛이었어요 한식 러버라 제일 취향이었습니다,True,event,25,1번째 방문,True,,,1,한식과 양식이 퓨젼된 것 같은 맛 이태리국시 라는 이름에 걸맞는 듯한 맛이었습니다 뇨끼 소스가 짭조름하니 맛있었어요 뇨끼만 두 그릇 시켜서 나눠먹었습니다 나머지 파스타들도 맛있었는데 갈비 리소토가 특히 맛있었습니다 깍두기 김치찌개에 졸인 리소토 맛이었어요 한식 러버라 제일 취향이었습니다,163,160,0,0,1,1,0,0,0,0,0,0,0,0,3,1,0,0,1,0,0,0,0,0,0,0,0,1,0,1,0,0,0,1,1,0,0,0,0,0,0
이태리국시,cof****,53,2026.04.23,1,영수증,"곱창은 로제베이스, 대창을 오일베이스라서 다른 매력이 있어요. 청양파스타는 하나도 안맵고 위에 뿌려주는 바삭한 무언가가 있는데 그게 완전 킥입니다. 메뉴가 전체적으로 다 맛있고 오미자 하이볼이랑 잘어울려요. 분위기도 좋고 창가자리에서 먹었더니 친구들하고 좋은 식사시간이었습니다. 재방문의사있습니다","곱창은 로제베이스, 대창을 오일베이스라서 다른 매력이 있어요. 청양파스타는 하나도 안맵고 위에 뿌려주는 바삭한 무언가가 있는데 그게 완전 킥입니다. 메뉴가 전체적으로 다 맛있고 오미자 하이볼이랑 잘어울려요. 분위기도 좋고 창가자리에서 먹었더니 친구들하고 좋은 식사시간이었습니다. 재방문의사있습니다",True,event,53,1번째 방문,True,,,1,곱창은 로제베이스 대창을 오일베이스라서 다른 매력이 있어요 청양파스타는 하나도 안맵고 위에 뿌려주는 바삭한 무언가가 있는데 그게 완전 킥입니다 메뉴가 전체적으로 다 맛있고 오미자 하이볼이랑 잘어울려요 분위기도 좋고 창가자리에서 먹었더니 친구들하고 좋은 식사시간이었습니다 재방문의사있습니다,165,160,0,0,1,1,2,1,1,1,1,0,0,0,1,1,1,0,0,0,0,0,0,1,1,0,0,1,1,1,0,0,0,0,0,1,1,0,0,0,0
이태리국시,네이버리뷰만,95,2026.01.23,1,예약,"친구 생일이라~ 예약하고 즐거운 시간 보냈어요! 신기한 메뉴가 많아요~ 숯불대창돌솥파스타는 매콤느끼한 맛이 끝도 없이 들어가는 맛이고, 트러플 치즈 뇨끼는 트러플 풍미도 좋고 꼬소하게 맛있었어요! 숯불불고기쌈피자는 장갑끼고 돌돌싸서 왕~ 먹었더니 진짜 맛있어요~ 집에 가서도 생각날 것 같아요ㅎㅎ","친구 생일이라~ 예약하고 즐거운 시간 보냈어요! 신기한 메뉴가 많아요~ 숯불대창돌솥파스타는 매콤느끼한 맛이 끝도 없이 들어가는 맛이고, 트러플 치즈 뇨끼는 트러플 풍미도 좋고 꼬소하게 맛있었어요! 숯불불고기쌈피자는 장갑끼고 돌돌싸서 왕~ 먹었더니 진짜 맛있어요~ 집에 가서도 생각날 것 같아요ㅎㅎ",True,event,95,1번째 방문,True,,,1,친구 생일이라 예약하고 즐거운 시간 보냈어요 신기한 메뉴가 많아요 숯불대창돌솥파스타는 매콤느끼한 맛이 끝도 없이 들어가는 맛이고 트러플 치즈 뇨끼는 트러플 풍미도 좋고 꼬소하게 맛있었어요 숯불불고기쌈피자는 장갑끼고 돌돌싸서 왕 먹었더니 진짜 맛있어요 집에 가서도 생각날 것 같아요,165,156,0,0,1,1,0,0,0,1,1,0,0,0,2,1,1,0,2,0,0,0,1,0,0,0,0,1,1,1,0,0,0,0,0,1,1,0,0,0,0
이태리국시,jih****,16,2026.05.09,1,영수증,곱창파스타 먹으려고 방문한 이태리국시 성수점🍝 곱창이 질기지 않고 고소해서 파스타랑 조합이 진짜 잘 어울렸어요! 느끼하지도 않고 매콤한 맛이 은근 중독적이라 끝까지 맛있게 먹었습니다😋 매장 분위기도 깔끔하고 직원분들도 친절해서 기분 좋게 식사하고 왔어요. 성수에서 파스타 맛집 찾는다면 추천합니다!,곱창파스타 먹으려고 방문한 이태리국시 성수점🍝 곱창이 질기지 않고 고소해서 파스타랑 조합이 진짜 잘 어울렸어요! 느끼하지도 않고 매콤한 맛이 은근 중독적이라 끝까지 맛있게 먹었습니다😋 매장 분위기도 깔끔하고 직원분들도 친절해서 기분 좋게 식사하고 왔어요. 성수에서 파스타 맛집 찾는다면 추천합니다!,True,event,16,1번째 방문,True,,,1,곱창파스타 먹으려고 방문한 이태리국시 성수점 곱창이 질기지 않고 고소해서 파스타랑 조합이 진짜 잘 어울렸어요 느끼하지도 않고 매콤한 맛이 은근 중독적이라 끝까지 맛있게 먹었습니다 매장 분위기도 깔끔하고 직원분들도 친절해서 기분 좋게 식사하고 왔어요 성수에서 파스타 맛집 찾는다면 추천합니다,166,161,0,0,1,1,4,1,1,0,0,0,0,0,3,1,1,0,2,0,0,0,1,0,0,0,0,1,0,1,0,0,0,0,0,1,1,0,0,0,0
이태리국시,yu9****,9,2026.03.05,1,영수증,이탈리아 음식에 한식 느낌을 더한 메뉴들이 많아서 다른 파스타집이랑은 좀 다른 느낌에 메뉴들이라 궁금증이 있었는데 근처에서 약속이 있어서 방문해 봤어요! 메뉴들도 꽤 특이하고 전체적으로 맛이 잘 어울려서 맛있게 먹었습니다. 성수에서 색다른 스타일의 파스타 먹고 싶다면 한 번 가볼 만한 곳이에요 !,이탈리아 음식에 한식 느낌을 더한 메뉴들이 많아서 다른 파스타집이랑은 좀 다른 느낌에 메뉴들이라 궁금증이 있었는데 근처에서 약속이 있어서 방문해 봤어요! 메뉴들도 꽤 특이하고 전체적으로 맛이 잘 어울려서 맛있게 먹었습니다. 성수에서 색다른 스타일의 파스타 먹고 싶다면 한 번 가볼 만한 곳이에요 !,True,event,9,1번째 방문,True,,,1,이탈리아 음식에 한식 느낌을 더한 메뉴들이 많아서 다른 파스타집이랑은 좀 다른 느낌에 메뉴들이라 궁금증이 있었는데 근처에서 약속이 있어서 방문해 봤어요 메뉴들도 꽤 특이하고 전체적으로 맛이 잘 어울려서 맛있게 먹었습니다 성수에서 색다른 스타일의 파스타 먹고 싶다면 한 번 가볼 만한 곳이에요,166,162,0,0,1,1,0,0,0,0,0,0,0,0,1,1,0,0,2,0,0,0,0,0,0,0,0,0,0,1,0,0,0,1,1,0,0,0,0,0,0
이태리국시,han****,5,2026.03.14,1,영수증,주말에 성수에 올때 사람이 많을 것 같아 예약하고 왔어요! 실내 인테리어나 분위기가 차분해서 이야기하기 편하고 디자인도 깔끔해서 좋습니다. 특히 음식들이 신기한게 많았는데 정말 맛있어서 놀랐고 가격도 많이 비싸지 않아서 배부르게 시킬 수 있던 것 같습니다😍😍 데이트할때 예약하고 오면 넘 좋을것같아요👍,주말에 성수에 올때 사람이 많을 것 같아 예약하고 왔어요! 실내 인테리어나 분위기가 차분해서 이야기하기 편하고 디자인도 깔끔해서 좋습니다. 특히 음식들이 신기한게 많았는데 정말 맛있어서 놀랐고 가격도 많이 비싸지 않아서 배부르게 시킬 수 있던 것 같습니다😍😍 데이트할때 예약하고 오면 넘 좋을것같아요👍,True,event,5,1번째 방문,True,,,1,주말에 성수에 올때 사람이 많을 것 같아 예약하고 왔어요 실내 인테리어나 분위기가 차분해서 이야기하기 편하고 디자인도 깔끔해서 좋습니다 특히 음식들이 신기한게 많았는데 정말 맛있어서 놀랐고 가격도 많이 비싸지 않아서 배부르게 시킬 수 있던 것 같습니다 데이트할때 예약하고 오면 넘 좋을것같아요,168,163,0,0,1,1,2,1,1,2,1,0,0,0,2,1,0,0,1,0,0,0,1,0,0,0,1,0,0,1,0,0,0,0,0,1,1,0,0,0,0
이태리국시,hb9****,3,2026.05.02,1,영수증,"곱창치즈돝솥파스타 강력 추천해요. 곱창은 쫄깃하고 고소해서 씹는 맛이 좋았고, 치즈가 듬뿍 올라가 있어 고소하고 진한 맛이 더해졌어요. 돌솥에 나와서 끝까지 따뜻하게 먹을 수 있었고, 면에 소스가 잘 배어 마지막 한입까지 맛있었습니다. 이색적인 조합인데 생각보다 너무 잘 어울려서 또 먹고 싶은 메뉴였어요!","곱창치즈돝솥파스타 강력 추천해요. 곱창은 쫄깃하고 고소해서 씹는 맛이 좋았고, 치즈가 듬뿍 올라가 있어 고소하고 진한 맛이 더해졌어요. 돌솥에 나와서 끝까지 따뜻하게 먹을 수 있었고, 면에 소스가 잘 배어 마지막 한입까지 맛있었습니다. 이색적인 조합인데 생각보다 너무 잘 어울려서 또 먹고 싶은 메뉴였어요!",True,event,3,1번째 방문,True,,,1,곱창치즈돝솥파스타 강력 추천해요 곱창은 쫄깃하고 고소해서 씹는 맛이 좋았고 치즈가 듬뿍 올라가 있어 고소하고 진한 맛이 더해졌어요 돌솥에 나와서 끝까지 따뜻하게 먹을 수 있었고 면에 소스가 잘 배어 마지막 한입까지 맛있었습니다 이색적인 조합인데 생각보다 너무 잘 어울려서 또 먹고 싶은 메뉴였어요,171,165,0,0,1,1,0,0,0,0,0,0,0,0,2,1,1,0,1,0,0,0,0,0,0,0,1,0,0,1,0,0,0,1,1,0,0,0,0,0,0
이태리국시,란8854,8,2026.03.27,1,영수증,"1인 예약 했는데도 자리 잘 정리해서 잡아놓아주셔서 기분 좋게 식사 했습니다. 식사 도중에도 방해 안되게 조용히 서빙해주시고 자리간의 간격도 넓어서 쾌적하네요~ 음식 너무 맛있고, 식사 분위기 직원분들 센스 너무 좋아서 남편이랑 한번 더 오려합니다^^ 파스타에 대창은 처음인데 너무 맛있어요 ♡ 짱아찌 JMT","1인 예약 했는데도 자리 잘 정리해서 잡아놓아주셔서 기분 좋게 식사 했습니다. 식사 도중에도 방해 안되게 조용히 서빙해주시고 자리간의 간격도 넓어서 쾌적하네요~ 음식 너무 맛있고, 식사 분위기 직원분들 센스 너무 좋아서 남편이랑 한번 더 오려합니다^^ 파스타에 대창은 처음인데 너무 맛있어요 ♡ 짱아찌 JMT",True,event,8,1번째 방문,True,,,1,1인 예약 했는데도 자리 잘 정리해서 잡아놓아주셔서 기분 좋게 식사 했습니다 식사 도중에도 방해 안되게 조용히 서빙해주시고 자리간의 간격도 넓어서 쾌적하네요 음식 너무 맛있고 식사 분위기 직원분들 센스 너무 좋아서 남편이랑 한번 더 오려합니다 파스타에 대창은 처음인데 너무 맛있어요 짱아찌 JMT,172,165,0,0,1,1,4,1,1,0,0,1,0,0,2,1,4,1,0,0,0,0,0,0,0,0,0,0,0,1,0,0,0,0,0,1,1,0,0,0,0
이태리국시,먹는 행복V,407,2026.03.13,1,영수증,"특별한 날 어디에서 식사를 할까 찾아보다가 독특한 콘셉트의 음식점 같아서 방문했어요. '바지락찜 파스타'와 '숯불갈비 리소토' 주문했는데요. 이태리 음식이지만, 퓨전 느낌의 한국적인 맛과 차분한 인테리어가 잘 어우러졌습니다. 저녁에 오니 약간은 어두운 조명이 분위기 있더라고요. 🤭 만족스러운 식사였습니다. 🤗","특별한 날 어디에서 식사를 할까 찾아보다가 독특한 콘셉트의 음식점 같아서 방문했어요. '바지락찜 파스타'와 '숯불갈비 리소토' 주문했는데요. 이태리 음식이지만, 퓨전 느낌의 한국적인 맛과 차분한 인테리어가 잘 어우러졌습니다. 저녁에 오니 약간은 어두운 조명이 분위기 있더라고요. 🤭 만족스러운 식사였습니다. 🤗",True,event,407,1번째 방문,True,,,1,특별한 날 어디에서 식사를 할까 찾아보다가 독특한 콘셉트의 음식점 같아서 방문했어요 바지락찜 파스타 와 숯불갈비 리소토 주문했는데요 이태리 음식이지만 퓨전 느낌의 한국적인 맛과 차분한 인테리어가 잘 어우러졌습니다 저녁에 오니 약간은 어두운 조명이 분위기 있더라고요 만족스러운 식사였습니다,173,160,0,0,1,1,2,1,1,1,1,0,0,0,0,0,0,0,0,0,0,0,0,0,0,0,0,1,1,1,0,0,0,0,0,1,1,0,0,0,0
이태리국시,신비3263,17,2026.01.23,1,영수증,"처음으로 방문했는데, 매장 내부부터 분위기가 너무 좋아서 놀랐어요🥹데이트 하기에 엄청 좋을 것 같아요!! 그리고 숯불 갈비 깍두기 리조토가,,정말 맛있었어요 갈비도 엄청 부드럽고, 적당히 매콤해서 다른 메뉴들과 곁들이기 좋았어요🤤 대창파스타에 들어가있는 대창도 잡내 전혀 없고, 부드러워서 맛있게 먹었습니다!!","처음으로 방문했는데, 매장 내부부터 분위기가 너무 좋아서 놀랐어요🥹데이트 하기에 엄청 좋을 것 같아요!! 그리고 숯불 갈비 깍두기 리조토가,,정말 맛있었어요 갈비도 엄청 부드럽고, 적당히 매콤해서 다른 메뉴들과 곁들이기 좋았어요🤤 대창파스타에 들어가있는 대창도 잡내 전혀 없고, 부드러워서 맛있게 먹었습니다!!",True,event,17,1번째 방문,True,,,1,처음으로 방문했는데 매장 내부부터 분위기가 너무 좋아서 놀랐어요 데이트 하기에 엄청 좋을 것 같아요 그리고 숯불 갈비 깍두기 리조토가 정말 맛있었어요 갈비도 엄청 부드럽고 적당히 매콤해서 다른 메뉴들과 곁들이기 좋았어요 대창파스타에 들어가있는 대창도 잡내 전혀 없고 부드러워서 맛있게 먹었습니다,173,164,0,0,1,1,2,1,1,1,1,0,0,0,2,1,3,1,4,1,0,0,0,0,0,0,0,1,0,1,0,0,0,0,0,1,1,0,0,0,0
이태리국시,ehd****,1,2026.05.02,1,영수증,"곱창치즈돝솥파스타 정말 추천해요. 곱창은 잡내 없이 쫄깃하고 고소했고, 치즈는 듬뿍 올라가서 진한 풍미가 좋았어요. 파스타 면도 소스가 잘 배어 있어서 끝까지 맛있게 먹었습니다. 곱창의 짭조름한 맛과 치즈의 부드러움이 잘 어울려서 생각보다 조합이 훨씬 좋았어요. 색다른 메뉴 찾는 분들이라면 꼭 한 번 드셔보세요!","곱창치즈돝솥파스타 정말 추천해요. 곱창은 잡내 없이 쫄깃하고 고소했고, 치즈는 듬뿍 올라가서 진한 풍미가 좋았어요. 파스타 면도 소스가 잘 배어 있어서 끝까지 맛있게 먹었습니다. 곱창의 짭조름한 맛과 치즈의 부드러움이 잘 어울려서 생각보다 조합이 훨씬 좋았어요. 색다른 메뉴 찾는 분들이라면 꼭 한 번 드셔보세요!",True,event,1,1번째 방문,True,,,1,곱창치즈돝솥파스타 정말 추천해요 곱창은 잡내 없이 쫄깃하고 고소했고 치즈는 듬뿍 올라가서 진한 풍미가 좋았어요 파스타 면도 소스가 잘 배어 있어서 끝까지 맛있게 먹었습니다 곱창의 짭조름한 맛과 치즈의 부드러움이 잘 어울려서 생각보다 조합이 훨씬 좋았어요 색다른 메뉴 찾는 분들이라면 꼭 한 번 드셔보세요,175,169,0,0,1,1,0,0,0,0,0,0,0,0,2,1,0,0,1,0,0,0,0,0,0,1,1,0,0,1,0,0,0,1,1,0,0,0,0,0,0
이태리국시,dur****,13,2026.03.15,1,영수증,특별한 메뉴들이 많아서 좋아요! 고민고민하다 아이가있어서 곱창대창 빼고 갈비 위주로 시켰네요(다음엔 곱창 먹어볼겁니다) 고기 부드럽고 맛있어욧! 배추샐러드 어떻게 만드신거죠.. 아이가 야채를 먹어요….ㅎㅎ 항상 접하던 파스타가 아닌 새로움! 갈비찜버터파스타! 오일파스타인데.. 달라달라 우리가족 1위메뉴였습니다^^,특별한 메뉴들이 많아서 좋아요! 고민고민하다 아이가있어서 곱창대창 빼고 갈비 위주로 시켰네요(다음엔 곱창 먹어볼겁니다) 고기 부드럽고 맛있어욧! 배추샐러드 어떻게 만드신거죠.. 아이가 야채를 먹어요….ㅎㅎ 항상 접하던 파스타가 아닌 새로움! 갈비찜버터파스타! 오일파스타인데.. 달라달라 우리가족 1위메뉴였습니다^^,True,event,13,1번째 방문,True,,,1,특별한 메뉴들이 많아서 좋아요 고민고민하다 아이가있어서 곱창대창 빼고 갈비 위주로 시켰네요 다음엔 곱창 먹어볼겁니다 고기 부드럽고 맛있어욧 배추샐러드 어떻게 만드신거죠 아이가 야채를 먹어요 항상 접하던 파스타가 아닌 새로움 갈비찜버터파스타 오일파스타인데 달라달라 우리가족 1위메뉴였습니다,175,160,0,0,1,1,0,0,0,1,1,1,0,0,2,1,0,0,4,1,0,0,0,0,0,0,0,1,0,1,0,0,0,0,0,1,1,0,0,0,0
이태리국시,yxsxo,3,2026.04.30,1,영수증,친구와 밥먹으려고 들른 이태리국시 성수점!! 저희는 숯불갈비/깍두기돌솥리소토와 바지락찜 파스타를 주문했습니다! 음식 너무 맛있어서 강추드려요 양식과 한식의 융합이 궁금해서 방문했는데 매우 성공적인 것 같습니다!! 여기는 뚝섬역에서 가까우니까 성수 말고 뚝섬에서 내리셔서 걸어오시면 금방이에여!! 한 번 방문해보세요~,친구와 밥먹으려고 들른 이태리국시 성수점!! 저희는 숯불갈비/깍두기돌솥리소토와 바지락찜 파스타를 주문했습니다! 음식 너무 맛있어서 강추드려요 양식과 한식의 융합이 궁금해서 방문했는데 매우 성공적인 것 같습니다!! 여기는 뚝섬역에서 가까우니까 성수 말고 뚝섬에서 내리셔서 걸어오시면 금방이에여!! 한 번 방문해보세요~,True,event,3,1번째 방문,True,,,1,친구와 밥먹으려고 들른 이태리국시 성수점 저희는 숯불갈비 깍두기돌솥리소토와 바지락찜 파스타를 주문했습니다 음식 너무 맛있어서 강추드려요 양식과 한식의 융합이 궁금해서 방문했는데 매우 성공적인 것 같습니다 여기는 뚝섬역에서 가까우니까 성수 말고 뚝섬에서 내리셔서 걸어오시면 금방이에여 한 번 방문해보세요,176,168,0,0,1,1,1,1,0,1,1,0,0,0,2,1,1,0,7,1,0,0,0,0,0,0,1,0,0,1,0,0,0,0,0,1,1,0,0,0,0
이태리국시,뚜띤555,166,2026.03.07,1,영수증,알배추숯불갈비 샐러드는 시원한 배추맛과 숯불향가득나는 갈비의 조합이 미쳤네여 숯불대창돌솥파스타는 신랑이 좋아해서 주문했는데 대창이 엄청 통통하고 떡볶이 느낌도 나면서 파스타같고 묘한매력이 많았어요 그리고 존맛 반계마늘돌솥리조또는 다 먹을때까지 따듯하더라구요 마늘향이 가득나는데 치즈의 짭짤함이 느껴져서 맛나게 즐겼습니다👍,알배추숯불갈비 샐러드는 시원한 배추맛과 숯불향가득나는 갈비의 조합이 미쳤네여 숯불대창돌솥파스타는 신랑이 좋아해서 주문했는데 대창이 엄청 통통하고 떡볶이 느낌도 나면서 파스타같고 묘한매력이 많았어요 그리고 존맛 반계마늘돌솥리조또는 다 먹을때까지 따듯하더라구요 마늘향이 가득나는데 치즈의 짭짤함이 느껴져서 맛나게 즐겼습니다👍,True,event,166,1번째 방문,True,,,1,알배추숯불갈비 샐러드는 시원한 배추맛과 숯불향가득나는 갈비의 조합이 미쳤네여 숯불대창돌솥파스타는 신랑이 좋아해서 주문했는데 대창이 엄청 통통하고 떡볶이 느낌도 나면서 파스타같고 묘한매력이 많았어요 그리고 존맛 반계마늘돌솥리조또는 다 먹을때까지 따듯하더라구요 마늘향이 가득나는데 치즈의 짭짤함이 느껴져서 맛나게 즐겼습니다,179,178,0,0,1,1,1,1,0,0,0,0,0,0,0,0,2,0,0,0,0,0,0,0,0,0,0,1,1,1,0,0,0,0,0,1,1,0,0,0,0
이태리국시,미깜,5,2026.02.20,1,영수증,예약하면 바로 예약 자리로 안내받아서 대기 없으니 꼭 예약하고 가기! 매장도 아늑하고 인테리어가 정말 고급스럽고 이뻐요~ 데이트/소모임 장소로 딱! 연말에 오면 정말 좋을 것 같네요🤭 알배추/숯불갈비에 김치 소스가 충격적으로 맛있으니 다들 꼭 드셔보시길 😋 메뉴들 모두 맛이 쎄지 않고 적당해서 먹으면서 속이 편했습니다~,예약하면 바로 예약 자리로 안내받아서 대기 없으니 꼭 예약하고 가기! 매장도 아늑하고 인테리어가 정말 고급스럽고 이뻐요~ 데이트/소모임 장소로 딱! 연말에 오면 정말 좋을 것 같네요🤭 알배추/숯불갈비에 김치 소스가 충격적으로 맛있으니 다들 꼭 드셔보시길 😋 메뉴들 모두 맛이 쎄지 않고 적당해서 먹으면서 속이 편했습니다~,True,event,5,1번째 방문,True,,,1,예약하면 바로 예약 자리로 안내받아서 대기 없으니 꼭 예약하고 가기 매장도 아늑하고 인테리어가 정말 고급스럽고 이뻐요 데이트 소모임 장소로 딱 연말에 오면 정말 좋을 것 같네요 알배추 숯불갈비에 김치 소스가 충격적으로 맛있으니 다들 꼭 드셔보시길 메뉴들 모두 맛이 쎄지 않고 적당해서 먹으면서 속이 편했습니다,179,172,0,0,1,1,3,1,1,1,1,0,0,0,1,1,0,0,2,0,0,0,1,0,0,0,1,0,0,1,0,0,0,0,0,1,1,0,0,0,0
이태리국시,o배둥둥o,9,2026.03.14,1,영수증,어디가야할지 고민하다가 이름이 ㅋㅋ 재밌어서 찾아와봤어요 간판이 좀 눈에 안띄어서 첨에 살짝 헤매긴했습니다ㅠ 메뉴는 세개 시켰는데 개인적으로 알배추 갈비 샐러드?(첫사진)이 제일 좋았어요!! 한우 대창 파스타도 매콤해서 좋았고요 ㅋㅋ 바질 해산물 파스타도 맛있긴했는데 면이 조금 낯설어서 ㅎㅎ 암튼 맛있게 잘 먹고 갑니다!,어디가야할지 고민하다가 이름이 ㅋㅋ 재밌어서 찾아와봤어요 간판이 좀 눈에 안띄어서 첨에 살짝 헤매긴했습니다ㅠ 메뉴는 세개 시켰는데 개인적으로 알배추 갈비 샐러드?(첫사진)이 제일 좋았어요!! 한우 대창 파스타도 매콤해서 좋았고요 ㅋㅋ 바질 해산물 파스타도 맛있긴했는데 면이 조금 낯설어서 ㅎㅎ 암튼 맛있게 잘 먹고 갑니다!,True,event,9,1번째 방문,True,,,1,어디가야할지 고민하다가 이름이 재밌어서 찾아와봤어요 간판이 좀 눈에 안띄어서 첨에 살짝 헤매긴했습니다 메뉴는 세개 시켰는데 개인적으로 알배추 갈비 샐러드 첫사진 이 제일 좋았어요 한우 대창 파스타도 매콤해서 좋았고요 바질 해산물 파스타도 맛있긴했는데 면이 조금 낯설어서 암튼 맛있게 잘 먹고 갑니다,180,166,0,0,1,1,0,0,0,0,0,0,0,0,2,1,0,0,3,1,0,0,0,0,0,0,0,0,0,1,0,0,0,1,1,0,0,0,0,0,0
이태리국시,lbc****,2,2026.03.09,1,영수증,"음식이 진짜 맛있었어요^ ^ 돌솥이라 끝까지 따뜻하게 먹을 수 있어서 좋았고, 양념도 너무 짜지 않고 딱 좋았습니다. 고기도 부드럽고 불향이 살짝 나서 더 맛있었어요. 같이 나온 메뉴도 국물 맛이 진하고 얼큰해서 밥이랑 잘 어울렸습니다. 전체적으로 재료도 신선한 느낌이었고 양도 꽤 푸짐했어요. 다음에 또 방문하고 싶어요!","음식이 진짜 맛있었어요^ ^ 돌솥이라 끝까지 따뜻하게 먹을 수 있어서 좋았고, 양념도 너무 짜지 않고 딱 좋았습니다. 고기도 부드럽고 불향이 살짝 나서 더 맛있었어요. 같이 나온 메뉴도 국물 맛이 진하고 얼큰해서 밥이랑 잘 어울렸습니다. 전체적으로 재료도 신선한 느낌이었고 양도 꽤 푸짐했어요. 다음에 또 방문하고 싶어요!",True,event,2,1번째 방문,True,,,1,음식이 진짜 맛있었어요 돌솥이라 끝까지 따뜻하게 먹을 수 있어서 좋았고 양념도 너무 짜지 않고 딱 좋았습니다 고기도 부드럽고 불향이 살짝 나서 더 맛있었어요 같이 나온 메뉴도 국물 맛이 진하고 얼큰해서 밥이랑 잘 어울렸습니다 전체적으로 재료도 신선한 느낌이었고 양도 꽤 푸짐했어요 다음에 또 방문하고 싶어요,180,171,0,0,1,1,0,0,0,0,0,0,0,0,2,1,2,0,1,0,0,0,1,1,1,0,1,0,0,1,0,0,0,1,1,0,0,0,0,0,0
이태리국시,배하석,6,2026.02.20,1,영수증,"음악 분위기가 정말 좋아서 자연스럽게 대화에 집중할 수 있었고, 음식도 하나하나 정성스럽고 맛있었어요. 양식 메뉴 구성도 다양해서 취향 상관없이 즐기기 좋았습니다. 조용하지만 감성적인 공간이라 데이트 코스로 딱이고, 처음 만나는 소개팅 자리로도 부담 없이 분위기 만들기 좋은 곳 같아요. 전체적으로 만족도 높은 식사였습니다.","음악 분위기가 정말 좋아서 자연스럽게 대화에 집중할 수 있었고, 음식도 하나하나 정성스럽고 맛있었어요. 양식 메뉴 구성도 다양해서 취향 상관없이 즐기기 좋았습니다. 조용하지만 감성적인 공간이라 데이트 코스로 딱이고, 처음 만나는 소개팅 자리로도 부담 없이 분위기 만들기 좋은 곳 같아요. 전체적으로 만족도 높은 식사였습니다.",True,event,6,1번째 방문,True,,,1,음악 분위기가 정말 좋아서 자연스럽게 대화에 집중할 수 있었고 음식도 하나하나 정성스럽고 맛있었어요 양식 메뉴 구성도 다양해서 취향 상관없이 즐기기 좋았습니다 조용하지만 감성적인 공간이라 데이트 코스로 딱이고 처음 만나는 소개팅 자리로도 부담 없이 분위기 만들기 좋은 곳 같아요 전체적으로 만족도 높은 식사였습니다,181,175,0,0,1,1,3,1,1,1,1,0,0,0,1,1,0,0,0,0,0,0,1,0,0,0,0,0,0,1,0,0,0,0,0,1,1,0,0,0,0
이태리국시,브람스16,38,2026.04.14,1,영수증,"진짜 제대로 된 퓨전을 느껴보고 싶다면 이태리 국시로 오세요!! 대창 솥밥은 끝까지 따끗하게 먹을 수 있고, 대창이 한가득이에요!! 들깨베이컨 리조또도 꾸덕하고 진해서 입안이 고소해서 대창의 칼칼함울 잠대워줍니다. 또 청양 오일파스타가 맵지않고 차돌이랑 너무 잘 어울려요! 데이트나 일상 식사하기에 손색이 없는 식당이라 추천합니다!","진짜 제대로 된 퓨전을 느껴보고 싶다면 이태리 국시로 오세요!! 대창 솥밥은 끝까지 따끗하게 먹을 수 있고, 대창이 한가득이에요!! 들깨베이컨 리조또도 꾸덕하고 진해서 입안이 고소해서 대창의 칼칼함울 잠대워줍니다. 또 청양 오일파스타가 맵지않고 차돌이랑 너무 잘 어울려요! 데이트나 일상 식사하기에 손색이 없는 식당이라 추천합니다!",True,event,38,1번째 방문,True,,,1,진짜 제대로 된 퓨전을 느껴보고 싶다면 이태리 국시로 오세요 대창 솥밥은 끝까지 따끗하게 먹을 수 있고 대창이 한가득이에요 들깨베이컨 리조또도 꾸덕하고 진해서 입안이 고소해서 대창의 칼칼함울 잠대워줍니다 또 청양 오일파스타가 맵지않고 차돌이랑 너무 잘 어울려요 데이트나 일상 식사하기에 손색이 없는 식당이라 추천합니다,185,177,0,0,1,1,0,0,0,1,1,0,0,0,1,1,2,0,6,1,0,0,1,0,0,0,0,1,0,1,0,0,0,0,0,1,1,0,0,0,0
이태리국시,가미12,62,2026.02.23,1,영수증,어쩌다보니 파스타랑 리조또 둘 다 메뉴 상단에 있는 걸 시켰는데 실패없는 메뉴네요 ㅎㅎㅎ!! 매콤한 파스타와 마일드한 리조또 궁합 좋았어요!! 대창이 너무 맛있어요.. 추가 가능하면 추가하고 싶었어오 ㅜㅜ 나중에 시켜서 음료 사진은 없는데 수정과하이볼이 메뉴 먹다가 느끼하면 리프레쉬를 확실히 해줘서 좋더라구요!! 추천합니당!!!!,어쩌다보니 파스타랑 리조또 둘 다 메뉴 상단에 있는 걸 시켰는데 실패없는 메뉴네요 ㅎㅎㅎ!! 매콤한 파스타와 마일드한 리조또 궁합 좋았어요!! 대창이 너무 맛있어요.. 추가 가능하면 추가하고 싶었어오 ㅜㅜ 나중에 시켜서 음료 사진은 없는데 수정과하이볼이 메뉴 먹다가 느끼하면 리프레쉬를 확실히 해줘서 좋더라구요!! 추천합니당!!!!,True,event,62,1번째 방문,True,,,1,어쩌다보니 파스타랑 리조또 둘 다 메뉴 상단에 있는 걸 시켰는데 실패없는 메뉴네요 매콤한 파스타와 마일드한 리조또 궁합 좋았어요 대창이 너무 맛있어요 추가 가능하면 추가하고 싶었어오 나중에 시켜서 음료 사진은 없는데 수정과하이볼이 메뉴 먹다가 느끼하면 리프레쉬를 확실히 해줘서 좋더라구요 추천합니당,185,166,0,0,1,1,0,0,0,0,0,0,0,0,2,1,1,0,10,1,0,0,1,0,0,0,0,1,1,1,0,0,0,1,1,0,0,0,0,0,0
이태리국시,새싹ㅇ2,5,2026.04.04,1,영수증,날이 너무 좋아서 벚꽃나들이 왔다가 양식먹으러 이태리 국시로 왔어요!!🌸 가게 분위기도 너무 좋고 깔끔한 매장이라서 부모님과 식사하기도 너무 좋았어요✨ 대창돌솥파스타는 대창이 엄청 토실토실하고 안에도 양념이 베어있어서 정말 고소하고 맛있어요! 느끼할것 같아보이지만 양념과먹으면 하나도 느끼하지않고 맛있어요😊 피자도 너무너무 추천드립니다!,날이 너무 좋아서 벚꽃나들이 왔다가 양식먹으러 이태리 국시로 왔어요!!🌸 가게 분위기도 너무 좋고 깔끔한 매장이라서 부모님과 식사하기도 너무 좋았어요✨ 대창돌솥파스타는 대창이 엄청 토실토실하고 안에도 양념이 베어있어서 정말 고소하고 맛있어요! 느끼할것 같아보이지만 양념과먹으면 하나도 느끼하지않고 맛있어요😊 피자도 너무너무 추천드립니다!,True,event,5,1번째 방문,True,,,1,날이 너무 좋아서 벚꽃나들이 왔다가 양식먹으러 이태리 국시로 왔어요 가게 분위기도 너무 좋고 깔끔한 매장이라서 부모님과 식사하기도 너무 좋았어요 대창돌솥파스타는 대창이 엄청 토실토실하고 안에도 양념이 베어있어서 정말 고소하고 맛있어요 느끼할것 같아보이지만 양념과먹으면 하나도 느끼하지않고 맛있어요 피자도 너무너무 추천드립니다,188,181,0,0,1,1,2,1,1,0,0,0,0,0,3,1,6,1,4,1,0,0,1,0,0,0,1,0,0,1,0,0,0,0,0,1,1,0,0,0,0
이태리국시,sejung741,26,2026.02.08,1,영수증,"매장 넓고 인테리어 깔끔해서 일단 합격. 국물 있는 메뉴는 진하고 꾸덕해서 숟가락 멈추기 힘들고, 겉바속촉으로 구워진 메뉴는 비주얼부터 반칙… 맛도 반칙…😮‍💨 양도 은근 넉넉해서 둘이 먹기 딱 좋았고, 전체적으로 자극적이지 않아서 계속 생각나는 맛. 성수에서 분위기+맛 둘 다 챙기고 싶으면 재방문 각임. 고민은 배만 고프게 한다 ㄹㅇ.","매장 넓고 인테리어 깔끔해서 일단 합격. 국물 있는 메뉴는 진하고 꾸덕해서 숟가락 멈추기 힘들고, 겉바속촉으로 구워진 메뉴는 비주얼부터 반칙… 맛도 반칙…😮‍💨 양도 은근 넉넉해서 둘이 먹기 딱 좋았고, 전체적으로 자극적이지 않아서 계속 생각나는 맛. 성수에서 분위기+맛 둘 다 챙기고 싶으면 재방문 각임. 고민은 배만 고프게 한다 ㄹㅇ.",True,event,26,1번째 방문,True,,,1,매장 넓고 인테리어 깔끔해서 일단 합격 국물 있는 메뉴는 진하고 꾸덕해서 숟가락 멈추기 힘들고 겉바속촉으로 구워진 메뉴는 비주얼부터 반칙 맛도 반칙 양도 은근 넉넉해서 둘이 먹기 딱 좋았고 전체적으로 자극적이지 않아서 계속 생각나는 맛 성수에서 분위기 맛 둘 다 챙기고 싶으면 재방문 각임 고민은 배만 고프게 한다,189,175,0,0,1,1,2,1,1,0,0,0,0,0,0,0,0,0,0,0,0,0,0,1,1,0,0,1,0,1,0,0,0,0,0,1,1,0,0,0,0
이태리국시,rla****,46,2026.04.11,1,영수증,"남편이랑 데이트로 이태리국시 다녀왔어요 🍝🤍 일단 분위기부터 너무 좋고, 음식도 전체적으로 깔끔하고 맛있어서 만족! 특히 파스타 면이 쫀득하고 소스가 진해서 계속 손이 가더라구요 😋 둘이서 편하게 이야기 나누면서 먹기 딱 좋은 곳이라 데이트 장소로 추천해요 💑 다음에 또 재방문 의사 있음! #이태리국시 #데이트맛집 #파스타맛집 #주말데이트","남편이랑 데이트로 이태리국시 다녀왔어요 🍝🤍 일단 분위기부터 너무 좋고, 음식도 전체적으로 깔끔하고 맛있어서 만족! 특히 파스타 면이 쫀득하고 소스가 진해서 계속 손이 가더라구요 😋 둘이서 편하게 이야기 나누면서 먹기 딱 좋은 곳이라 데이트 장소로 추천해요 💑 다음에 또 재방문 의사 있음! #이태리국시 #데이트맛집 #파스타맛집 #주말데이트",True,event,46,1번째 방문,True,,,1,남편이랑 데이트로 이태리국시 다녀왔어요 일단 분위기부터 너무 좋고 음식도 전체적으로 깔끔하고 맛있어서 만족 특히 파스타 면이 쫀득하고 소스가 진해서 계속 손이 가더라구요 둘이서 편하게 이야기 나누면서 먹기 딱 좋은 곳이라 데이트 장소로 추천해요 다음에 또 재방문 의사 있음 이태리국시 데이트맛집 파스타맛집 주말데이트,190,176,0,0,1,1,1,1,0,5,1,0,0,0,4,1,1,0,2,0,0,0,0,1,1,0,0,1,0,1,0,0,0,0,0,1,1,0,0,0,0
이태리국시,eug****,54,2026.04.26,1,영수증,퓨전 메뉴가 신기해서 방문했는데 진짜 너무너무너무 맛있게 먹었어요 대창파스타는 불맛이 나는 게 정말 최고였어요 반계리조또는 살이 뼈랑 잘 분리돼서 먹기 좋았고 한국인이라면 분명 좋아할 맛이에요 ㅎㅎ 뚝배기에 나와서 끝까지 따뜻하게 먹을 수 있단 게 정말 좋았어요 분위기도 좋아서 소개팅이나 데이트 하기 좋은 곳인 것 같아요 다음에 또 방문하려구요🥰,퓨전 메뉴가 신기해서 방문했는데 진짜 너무너무너무 맛있게 먹었어요 대창파스타는 불맛이 나는 게 정말 최고였어요 반계리조또는 살이 뼈랑 잘 분리돼서 먹기 좋았고 한국인이라면 분명 좋아할 맛이에요 ㅎㅎ 뚝배기에 나와서 끝까지 따뜻하게 먹을 수 있단 게 정말 좋았어요 분위기도 좋아서 소개팅이나 데이트 하기 좋은 곳인 것 같아요 다음에 또 방문하려구요🥰,True,event,54,1번째 방문,True,,,1,퓨전 메뉴가 신기해서 방문했는데 진짜 너무너무너무 맛있게 먹었어요 대창파스타는 불맛이 나는 게 정말 최고였어요 반계리조또는 살이 뼈랑 잘 분리돼서 먹기 좋았고 한국인이라면 분명 좋아할 맛이에요 뚝배기에 나와서 끝까지 따뜻하게 먹을 수 있단 게 정말 좋았어요 분위기도 좋아서 소개팅이나 데이트 하기 좋은 곳인 것 같아요 다음에 또 방문하려구요,194,190,0,0,1,1,1,1,0,1,1,0,0,0,2,1,4,1,0,0,0,0,1,1,1,0,0,1,1,1,0,0,0,0,0,1,1,0,0,0,0
이태리국시,오로라블랙,95,2026.04.13,1,영수증,지인들이랑 처음 와봤는데 분위기 괜춘은듯해서 리뷰보고 찾아왔는데 음식은 그냥저냥 쏘쏘..하고 넷이가서 음식 다섯가지 주문하고 한시간도 안되서 먹고 나왔네요 나이많은 아줌마들이라 그랬는지 참 기분좋게 들어갔다 불친절한 직원들 셋팅도 제대로 안되고 사이드 밑반찬도 얘기해야 가져다주는.. 암튼 지인들이랑 기분 상해서 얼른 먹고 나왔네요 다신 안올거 같아요,지인들이랑 처음 와봤는데 분위기 괜춘은듯해서 리뷰보고 찾아왔는데 음식은 그냥저냥 쏘쏘..하고 넷이가서 음식 다섯가지 주문하고 한시간도 안되서 먹고 나왔네요 나이많은 아줌마들이라 그랬는지 참 기분좋게 들어갔다 불친절한 직원들 셋팅도 제대로 안되고 사이드 밑반찬도 얘기해야 가져다주는.. 암튼 지인들이랑 기분 상해서 얼른 먹고 나왔네요 다신 안올거 같아요,True,event,95,1번째 방문,True,,,1,지인들이랑 처음 와봤는데 분위기 괜춘은듯해서 리뷰보고 찾아왔는데 음식은 그냥저냥 쏘쏘 하고 넷이가서 음식 다섯가지 주문하고 한시간도 안되서 먹고 나왔네요 나이많은 아줌마들이라 그랬는지 참 기분좋게 들어갔다 불친절한 직원들 셋팅도 제대로 안되고 사이드 밑반찬도 얘기해야 가져다주는 암튼 지인들이랑 기분 상해서 얼른 먹고 나왔네요 다신 안올거 같아요,196,193,0,0,1,1,5,1,1,0,0,0,0,0,0,0,0,0,0,0,0,0,1,0,0,0,0,1,1,1,0,0,0,0,0,1,1,0,0,0,0
이태리국시,1소리짱,14,2026.04.17,1,영수증,성수동에서 한식과 양식의 조화가 이색적인 곳을 찾다가 방문했는데 기대 이상으로 만족스러웠습니다!! 매장 분위기도 깔끔하고 세련되어서 데이트나 친구들과 모임하기에 딱 좋은 공간인 것 같아요 직원분들도 친절하게 메뉴 설명을 해주셔서 기분 좋게 식사할 수 있었습니다..! 성수동에 오면 꼭 다시 들러서 다른 퓨전 메뉴들도 하나씩 도장 깨기 해보고 싶습니다!ㅎㅎ,성수동에서 한식과 양식의 조화가 이색적인 곳을 찾다가 방문했는데 기대 이상으로 만족스러웠습니다!! 매장 분위기도 깔끔하고 세련되어서 데이트나 친구들과 모임하기에 딱 좋은 공간인 것 같아요 직원분들도 친절하게 메뉴 설명을 해주셔서 기분 좋게 식사할 수 있었습니다..! 성수동에 오면 꼭 다시 들러서 다른 퓨전 메뉴들도 하나씩 도장 깨기 해보고 싶습니다!ㅎㅎ,True,event,14,1번째 방문,True,,,1,성수동에서 한식과 양식의 조화가 이색적인 곳을 찾다가 방문했는데 기대 이상으로 만족스러웠습니다 매장 분위기도 깔끔하고 세련되어서 데이트나 친구들과 모임하기에 딱 좋은 공간인 것 같아요 직원분들도 친절하게 메뉴 설명을 해주셔서 기분 좋게 식사할 수 있었습니다 성수동에 오면 꼭 다시 들러서 다른 퓨전 메뉴들도 하나씩 도장 깨기 해보고 싶습니다,198,190,0,0,1,1,4,1,1,2,1,0,0,0,0,0,0,0,4,1,0,0,0,0,0,0,0,1,0,1,0,0,0,0,0,1,1,0,0,0,0
이태리국시,샤넬3,86,2026.03.08,1,영수증,"""성수동 나들이 왔다가 비주얼에 홀려 들어간 곳인데, 기대 이상이에요! 뚝배기에 담겨 나와서 마지막까지 따뜻하게 먹을 수 있는 게 신의 한 수네요. 특히 대창 파스타는 고소한 대창이 입안에서 팡 터지면서 매콤한 소스랑 찰떡궁합입니다. 같이 주문한 시원한 에이드로 입가심하면 무한 흡입 가능! 양도 푸짐하고 분위기도 힙해서 성수동 데이트 코스로 강추합니다.""","""성수동 나들이 왔다가 비주얼에 홀려 들어간 곳인데, 기대 이상이에요! 뚝배기에 담겨 나와서 마지막까지 따뜻하게 먹을 수 있는 게 신의 한 수네요. 특히 대창 파스타는 고소한 대창이 입안에서 팡 터지면서 매콤한 소스랑 찰떡궁합입니다. 같이 주문한 시원한 에이드로 입가심하면 무한 흡입 가능! 양도 푸짐하고 분위기도 힙해서 성수동 데이트 코스로 강추합니다.""",True,event,86,1번째 방문,True,,,1,성수동 나들이 왔다가 비주얼에 홀려 들어간 곳인데 기대 이상이에요 뚝배기에 담겨 나와서 마지막까지 따뜻하게 먹을 수 있는 게 신의 한 수네요 특히 대창 파스타는 고소한 대창이 입안에서 팡 터지면서 매콤한 소스랑 찰떡궁합입니다 같이 주문한 시원한 에이드로 입가심하면 무한 흡입 가능 양도 푸짐하고 분위기도 힙해서 성수동 데이트 코스로 강추합니다,199,191,0,0,1,1,2,1,1,1,1,0,0,0,1,1,0,0,2,0,0,0,0,0,0,0,0,1,1,1,0,0,0,0,0,1,1,0,0,0,0
이태리국시,Comme,6,2026.05.01,1,영수증,"예전에 다른 지인과 함께 방문했던 적이 있는데, 그때도 일행 모두가 만족스럽게 식사했던 기억이 있습니다. 이번에 친구랑 재방문 했는데, 여전히 맛있네요 😋 특히 갑오징어 빠에아는 지난 번에도, 이번에도 주문해서 먹을 정도로 맛있었어요! 🦑 중요한 약속이 있을 때 모임 장소로도 추천드립니다. 방문할 때마다 사람이 많은 편이라, 예약하고 방문하시는 걸 추천드립니다!","예전에 다른 지인과 함께 방문했던 적이 있는데, 그때도 일행 모두가 만족스럽게 식사했던 기억이 있습니다. 이번에 친구랑 재방문 했는데, 여전히 맛있네요 😋 특히 갑오징어 빠에아는 지난 번에도, 이번에도 주문해서 먹을 정도로 맛있었어요! 🦑 중요한 약속이 있을 때 모임 장소로도 추천드립니다. 방문할 때마다 사람이 많은 편이라, 예약하고 방문하시는 걸 추천드립니다!",True,event,6,1번째 방문,True,,,1,예전에 다른 지인과 함께 방문했던 적이 있는데 그때도 일행 모두가 만족스럽게 식사했던 기억이 있습니다 이번에 친구랑 재방문 했는데 여전히 맛있네요 특히 갑오징어 빠에아는 지난 번에도 이번에도 주문해서 먹을 정도로 맛있었어요 중요한 약속이 있을 때 모임 장소로도 추천드립니다 방문할 때마다 사람이 많은 편이라 예약하고 방문하시는 걸 추천드립니다,203,191,0,0,1,1,1,1,0,1,1,0,0,0,4,1,0,0,2,0,0,0,0,1,1,0,0,0,0,1,0,0,0,0,0,1,1,0,0,0,0
이태리국시,이민정8993,23,2026.01.17,1,영수증,"특별한 메뉴가 있고 대기도 30분 정도 한 것 같은데 분위기도 예뻐서 좋았어요 들어와서도 대기를 좀 했는데.... 맛보자마자 그냥 다 용서가 됐고 너무 맛있어서 먹는 내내 감탄하면서 먹었어요 ㅠㅠ 올해 먹은 것 중에 제일 맛있었고, 매장을 저희 집 앞으로 데려가고 싶을 정도예요 대창 파스타는 꼭 무조건 드셔보세요 대창 곱창 안 좋아하는 사람도 좋아지게 만드는맛이에요","특별한 메뉴가 있고 대기도 30분 정도 한 것 같은데 분위기도 예뻐서 좋았어요 들어와서도 대기를 좀 했는데.... 맛보자마자 그냥 다 용서가 됐고 너무 맛있어서 먹는 내내 감탄하면서 먹었어요 ㅠㅠ 올해 먹은 것 중에 제일 맛있었고, 매장을 저희 집 앞으로 데려가고 싶을 정도예요 대창 파스타는 꼭 무조건 드셔보세요 대창 곱창 안 좋아하는 사람도 좋아지게 만드는맛이에요",True,event,23,1번째 방문,True,,,1,특별한 메뉴가 있고 대기도 30분 정도 한 것 같은데 분위기도 예뻐서 좋았어요 들어와서도 대기를 좀 했는데 맛보자마자 그냥 다 용서가 됐고 너무 맛있어서 먹는 내내 감탄하면서 먹었어요 올해 먹은 것 중에 제일 맛있었고 매장을 저희 집 앞으로 데려가고 싶을 정도예요 대창 파스타는 꼭 무조건 드셔보세요 대창 곱창 안 좋아하는 사람도 좋아지게 만드는맛이에요,205,197,0,0,1,1,4,1,1,0,0,1,1,1,2,1,1,0,0,0,0,0,0,0,0,0,0,1,0,1,0,0,0,0,0,1,1,0,0,0,0
이태리국시,yhsss13,11,2026.03.28,1,영수증,"요즘 핫하다고 해서 와봤는데, 한마디로 한식+양식 퓨전 제대로 살린 집이었어요. 일단 대표 메뉴로 보이는 얼큰한 국물 파스타는 딱 보자마자 침 고이는 비주얼인데, 실제로 먹어보면 크림 베이스에 매콤함이 잘 어우러져서 느끼하지 않고 계속 들어가는 맛이에요. 면도 퍼지지 않고 적당히 쫄깃해서 국물이랑 잘 어울립니다. 위에 올라간 고기도 불향이 살짝 나서 풍미를 더해줘요.","요즘 핫하다고 해서 와봤는데, 한마디로 한식+양식 퓨전 제대로 살린 집이었어요. 일단 대표 메뉴로 보이는 얼큰한 국물 파스타는 딱 보자마자 침 고이는 비주얼인데, 실제로 먹어보면 크림 베이스에 매콤함이 잘 어우러져서 느끼하지 않고 계속 들어가는 맛이에요. 면도 퍼지지 않고 적당히 쫄깃해서 국물이랑 잘 어울립니다. 위에 올라간 고기도 불향이 살짝 나서 풍미를 더해줘요.",True,event,11,1번째 방문,True,,,1,요즘 핫하다고 해서 와봤는데 한마디로 한식 양식 퓨전 제대로 살린 집이었어요 일단 대표 메뉴로 보이는 얼큰한 국물 파스타는 딱 보자마자 침 고이는 비주얼인데 실제로 먹어보면 크림 베이스에 매콤함이 잘 어우러져서 느끼하지 않고 계속 들어가는 맛이에요 면도 퍼지지 않고 적당히 쫄깃해서 국물이랑 잘 어울립니다 위에 올라간 고기도 불향이 살짝 나서 풍미를 더해줘요,206,200,0,0,1,1,0,0,0,0,0,0,0,0,0,0,0,0,0,0,0,0,0,0,0,0,0,1,0,1,0,0,0,0,0,0,0,0,0,0,0
이태리국시,ber****,371,2026.03.02,1,영수증,숯불대창돌솥파스타 는 부드럽고 잘 익은 면에 기분 좋게 매콤한 대창과 파가 매력적인 파스타였어요. 숯불갈비 &amp; 깍두기돌솥리조또 는 촉촉 부드러운 깍두기가 들어간 꾸덕한 깍두기 돝솥 리조또였습니다. 숯불불고기쌈피자 는 또띠아 같은 담백한 얇은 피 위에 고소하면서 달달한 불고기와 신선한 채소가 올라가 있고 피자도우 위에 감칠맛있는 소스가 매력적인 고소한 피자에요!,숯불대창돌솥파스타 는 부드럽고 잘 익은 면에 기분 좋게 매콤한 대창과 파가 매력적인 파스타였어요. 숯불갈비 &amp; 깍두기돌솥리조또 는 촉촉 부드러운 깍두기가 들어간 꾸덕한 깍두기 돝솥 리조또였습니다. 숯불불고기쌈피자 는 또띠아 같은 담백한 얇은 피 위에 고소하면서 달달한 불고기와 신선한 채소가 올라가 있고 피자도우 위에 감칠맛있는 소스가 매력적인 고소한 피자에요!,True,event,371,1번째 방문,True,,,1,숯불대창돌솥파스타 는 부드럽고 잘 익은 면에 기분 좋게 매콤한 대창과 파가 매력적인 파스타였어요 숯불갈비 amp 깍두기돌솥리조또 는 촉촉 부드러운 깍두기가 들어간 꾸덕한 깍두기 돝솥 리조또였습니다 숯불불고기쌈피자 는 또띠아 같은 담백한 얇은 피 위에 고소하면서 달달한 불고기와 신선한 채소가 올라가 있고 피자도우 위에 감칠맛있는 소스가 매력적인 고소한 피자에요,206,201,0,0,1,1,0,0,0,0,0,0,0,0,1,1,0,0,1,0,0,0,0,0,0,0,0,1,1,1,0,0,0,1,1,0,0,0,0,0,0
이태리국시,울랄라세서미48,13,2026.02.22,1,영수증,반계 리조또 정말 맛있어요. 짭쪼름 고소한 맛이 일품입니다. 숯불 불고기 쌈피자 먹기 불편한 거 빼고는 재료 신선하고 넘 맛있었어요. 숯불대창돌솥파스타는 대창 좋아하는 사람들은 정망 좋아하실 거 같아요. 대부분 창가자리라 뷰 좋고 안쪽 자리도 창 밖 시원한 뷰 보고 있어 어디 앉든 속이 뻥뚤릴 뷰입니다. 테이블 간격은 좀 좁은듯하지만 친구들과의 대화에 집중하기 어렵지 않았어요.,반계 리조또 정말 맛있어요. 짭쪼름 고소한 맛이 일품입니다. 숯불 불고기 쌈피자 먹기 불편한 거 빼고는 재료 신선하고 넘 맛있었어요. 숯불대창돌솥파스타는 대창 좋아하는 사람들은 정망 좋아하실 거 같아요. 대부분 창가자리라 뷰 좋고 안쪽 자리도 창 밖 시원한 뷰 보고 있어 어디 앉든 속이 뻥뚤릴 뷰입니다. 테이블 간격은 좀 좁은듯하지만 친구들과의 대화에 집중하기 어렵지 않았어요.,True,event,13,1번째 방문,True,,,1,반계 리조또 정말 맛있어요 짭쪼름 고소한 맛이 일품입니다 숯불 불고기 쌈피자 먹기 불편한 거 빼고는 재료 신선하고 넘 맛있었어요 숯불대창돌솥파스타는 대창 좋아하는 사람들은 정망 좋아하실 거 같아요 대부분 창가자리라 뷰 좋고 안쪽 자리도 창 밖 시원한 뷰 보고 있어 어디 앉든 속이 뻥뚤릴 뷰입니다 테이블 간격은 좀 좁은듯하지만 친구들과의 대화에 집중하기 어렵지 않았어요,212,206,0,0,1,1,2,1,1,1,1,0,0,0,3,1,0,0,0,0,0,0,1,0,0,0,0,1,0,1,0,0,0,0,0,1,1,0,0,0,0
이태리국시,52500,15,2026.04.29,1,영수증,"파스타 먹고싶어서 친구랑 방문했는데 일단 분위기가 너무너무 좋아요..! 곱창돌솥파스타랑 바지락찜파스타 2개 시켜서 나눠먹었구 양도 많고 바지락이랑 곱창도 넉넉히 들어있어서 부족함 없이 먹었습니다! 기분좋게 적당히 매콤한 정도였고, 엄청나게 자극적이지 않아서 좋았어요. 곱창도 잡내없고 고소해요❣️ 친구도 담에 성수올때 또 온대요! 진심 맛집입니다 근처오시면 드셔보시고 손해 없으시길👍","파스타 먹고싶어서 친구랑 방문했는데 일단 분위기가 너무너무 좋아요..! 곱창돌솥파스타랑 바지락찜파스타 2개 시켜서 나눠먹었구 양도 많고 바지락이랑 곱창도 넉넉히 들어있어서 부족함 없이 먹었습니다! 기분좋게 적당히 매콤한 정도였고, 엄청나게 자극적이지 않아서 좋았어요. 곱창도 잡내없고 고소해요❣️ 친구도 담에 성수올때 또 온대요! 진심 맛집입니다 근처오시면 드셔보시고 손해 없으시길👍",True,event,15,1번째 방문,True,,,1,파스타 먹고싶어서 친구랑 방문했는데 일단 분위기가 너무너무 좋아요 곱창돌솥파스타랑 바지락찜파스타 2개 시켜서 나눠먹었구 양도 많고 바지락이랑 곱창도 넉넉히 들어있어서 부족함 없이 먹었습니다 기분좋게 적당히 매콤한 정도였고 엄청나게 자극적이지 않아서 좋았어요 곱창도 잡내없고 고소해요 친구도 담에 성수올때 또 온대요 진심 맛집입니다 근처오시면 드셔보시고 손해 없으시길,214,204,0,0,1,1,1,1,0,2,1,1,0,0,2,1,3,1,3,1,0,0,1,0,0,0,0,1,0,1,0,0,0,0,0,1,1,0,0,0,0
이태리국시,봄이오면 28,2132,2026.04.26,1,영수증,​가족들과 함께한 성수동 나들~~ '이태리국시' 덕분에 더욱 특별해졌습니다. 한식과 양식의 경계를 허문 독창적인 메뉴들이 인상적이었어요. 자극적이지 않으면서도 깊은 풍미가 느껴져 어른들부터 아이들까지 모두 만족스러운 식사였습니다. 세련된 공간에서 정성 담긴 요리를 즐기고 싶을 때 다시 찾고 싶은 곳입니다. 특히나 오늘은 우리 손녀도 함께 너무 즐겁고 행복한 시간 되었어요~~~♡♡♡,​가족들과 함께한 성수동 나들~~ '이태리국시' 덕분에 더욱 특별해졌습니다. 한식과 양식의 경계를 허문 독창적인 메뉴들이 인상적이었어요. 자극적이지 않으면서도 깊은 풍미가 느껴져 어른들부터 아이들까지 모두 만족스러운 식사였습니다. 세련된 공간에서 정성 담긴 요리를 즐기고 싶을 때 다시 찾고 싶은 곳입니다. 특히나 오늘은 우리 손녀도 함께 너무 즐겁고 행복한 시간 되었어요~~~♡♡♡,True,event,2132,1번째 방문,True,,,1,가족들과 함께한 성수동 나들 이태리국시 덕분에 더욱 특별해졌습니다 한식과 양식의 경계를 허문 독창적인 메뉴들이 인상적이었어요 자극적이지 않으면서도 깊은 풍미가 느껴져 어른들부터 아이들까지 모두 만족스러운 식사였습니다 세련된 공간에서 정성 담긴 요리를 즐기고 싶을 때 다시 찾고 싶은 곳입니다 특히나 오늘은 우리 손녀도 함께 너무 즐겁고 행복한 시간 되었어요,214,199,0,0,1,1,0,0,0,1,1,0,0,0,0,0,1,0,0,0,0,0,0,0,0,0,0,1,1,1,0,0,0,0,0,1,1,0,0,0,0
이태리국시,sov****,28,2026.03.21,1,영수증,네이버로 예약하고 가니까 대기 없이 바로 들어갔어요:) 부득이하게 시간 변경 요청드렸는데 너무 응대도 잘해주시고 음식도 빨리 나와서 좋았습니다 분위기가 너무 좋아서 아이와 남편과 갓는데 편하게 잘 먹고 왔어요. 리조또가 진짜 너무 맛있었어요!! 다른 파스타도 너무 맛있고 스테이크도 👏🏻 전체적으로 너무 다 맛있어서 너무 기분 좋은 하루 였습니다 :) 직원분들도 다 너무 친절하네요🥰,네이버로 예약하고 가니까 대기 없이 바로 들어갔어요:) 부득이하게 시간 변경 요청드렸는데 너무 응대도 잘해주시고 음식도 빨리 나와서 좋았습니다 분위기가 너무 좋아서 아이와 남편과 갓는데 편하게 잘 먹고 왔어요. 리조또가 진짜 너무 맛있었어요!! 다른 파스타도 너무 맛있고 스테이크도 👏🏻 전체적으로 너무 다 맛있어서 너무 기분 좋은 하루 였습니다 :) 직원분들도 다 너무 친절하네요🥰,True,event,28,1번째 방문,True,,,1,네이버로 예약하고 가니까 대기 없이 바로 들어갔어요 부득이하게 시간 변경 요청드렸는데 너무 응대도 잘해주시고 음식도 빨리 나와서 좋았습니다 분위기가 너무 좋아서 아이와 남편과 갓는데 편하게 잘 먹고 왔어요 리조또가 진짜 너무 맛있었어요 다른 파스타도 너무 맛있고 스테이크도 전체적으로 너무 다 맛있어서 너무 기분 좋은 하루 였습니다 직원분들도 다 너무 친절하네요,214,202,0,0,1,1,4,1,1,0,0,0,0,0,3,1,8,1,2,0,0,0,1,0,0,0,0,1,0,1,0,0,0,0,0,1,1,0,0,0,0
이태리국시,렴려미,48,2026.03.07,1,영수증,생일을 맞이해서 저녁 데이트로 남자친구가 예약을해서 다녀왔어요!! 가게분위기도 너무 좋고 다들 친절하셔서 첫인상부터 너무 좋았던..🥺 대창파스타랑 마늘돌솥리조또를 시켰는데 파스타는 생각보단 맵지않았고 리조또는 마늘간이 좀 되어있어서 맛있었어요...ㅠㅠㅠ💛 후식으로 후에 인절미젤라또도 시켰는데 카라멜시럽이 들어있어서 달달한데 인절미가루가 있어 너무 달진않아서 좋았구... 잘먹고갑니당ㅎㅎ,생일을 맞이해서 저녁 데이트로 남자친구가 예약을해서 다녀왔어요!! 가게분위기도 너무 좋고 다들 친절하셔서 첫인상부터 너무 좋았던..🥺 대창파스타랑 마늘돌솥리조또를 시켰는데 파스타는 생각보단 맵지않았고 리조또는 마늘간이 좀 되어있어서 맛있었어요...ㅠㅠㅠ💛 후식으로 후에 인절미젤라또도 시켰는데 카라멜시럽이 들어있어서 달달한데 인절미가루가 있어 너무 달진않아서 좋았구... 잘먹고갑니당ㅎㅎ,True,event,48,1번째 방문,True,,,1,생일을 맞이해서 저녁 데이트로 남자친구가 예약을해서 다녀왔어요 가게분위기도 너무 좋고 다들 친절하셔서 첫인상부터 너무 좋았던 대창파스타랑 마늘돌솥리조또를 시켰는데 파스타는 생각보단 맵지않았고 리조또는 마늘간이 좀 되어있어서 맛있었어요 후식으로 후에 인절미젤라또도 시켰는데 카라멜시럽이 들어있어서 달달한데 인절미가루가 있어 너무 달진않아서 좋았구 잘먹고갑니당,216,199,0,0,1,1,2,1,1,3,1,0,0,0,1,1,3,1,2,0,0,0,0,0,0,0,0,1,0,1,0,0,0,0,0,1,1,0,0,0,0
이태리국시,노비스91,50,2026.05.08,1,영수증,"네 가지 메뉴를 시켰는데 전부 정말 맛있었습니다!! 한식과 양식의 조화가 무척 인상적이었어요. 피자는 맛이 굉장히 부드럽고 신선해서 마치 샐러드를 먹는 듯한 느낌이 들었습니다. 에피타이저(양배추알 스테이크)는 살짝 구운 배추와 스테이크의 조화가 정말 훌륭했고요...숯불대창 파스타는 매콤하면서도 오일리한 풍미가 잘 살아 있었고, 쫄깃한 곱창과 파스타의 조합이 너무나 잘 어울렸습니다.❤️❤️","네 가지 메뉴를 시켰는데 전부 정말 맛있었습니다!! 한식과 양식의 조화가 무척 인상적이었어요. 피자는 맛이 굉장히 부드럽고 신선해서 마치 샐러드를 먹는 듯한 느낌이 들었습니다. 에피타이저(양배추알 스테이크)는 살짝 구운 배추와 스테이크의 조화가 정말 훌륭했고요...숯불대창 파스타는 매콤하면서도 오일리한 풍미가 잘 살아 있었고, 쫄깃한 곱창과 파스타의 조합이 너무나 잘 어울렸습니다.❤️❤️",True,event,50,1번째 방문,True,,,1,네 가지 메뉴를 시켰는데 전부 정말 맛있었습니다 한식과 양식의 조화가 무척 인상적이었어요 피자는 맛이 굉장히 부드럽고 신선해서 마치 샐러드를 먹는 듯한 느낌이 들었습니다 에피타이저 양배추알 스테이크 는 살짝 구운 배추와 스테이크의 조화가 정말 훌륭했고요 숯불대창 파스타는 매콤하면서도 오일리한 풍미가 잘 살아 있었고 쫄깃한 곱창과 파스타의 조합이 너무나 잘 어울렸습니다,218,206,0,0,1,1,0,0,0,0,0,0,0,0,1,1,1,0,2,0,0,0,0,0,0,0,0,1,1,1,0,0,0,1,1,0,0,0,0,0,0
이태리국시,ㅋㅋㅋㅋㅋ839,46,2026.02.26,1,영수증,오랜만에 서울 나들이~~~ 맛있어보이는 가게를 찾다가 이태리국시를 발견하고 바로 이동! 12시가 되서 도착했지만 이미 만석.. 다행히도 웨이팅은 1빠!! 로 조금 대기하다가 바로 들어왔어요 배고파서 바로 음식을 시키고 이야기를 하다보니 바로 나와서 맛잇게 먹었습니다 ㅎㅎ 뚝배기에 나와서 따듯함이 오래 유지되서 좋고 맛도 좋아요 ㅎㅎㅎ 다음에는 예약하고 와서 다른 메뉴도 먹어봐야겠어요 ㅎㅎ,오랜만에 서울 나들이~~~ 맛있어보이는 가게를 찾다가 이태리국시를 발견하고 바로 이동! 12시가 되서 도착했지만 이미 만석.. 다행히도 웨이팅은 1빠!! 로 조금 대기하다가 바로 들어왔어요 배고파서 바로 음식을 시키고 이야기를 하다보니 바로 나와서 맛잇게 먹었습니다 ㅎㅎ 뚝배기에 나와서 따듯함이 오래 유지되서 좋고 맛도 좋아요 ㅎㅎㅎ 다음에는 예약하고 와서 다른 메뉴도 먹어봐야겠어요 ㅎㅎ,True,event,46,1번째 방문,True,,,1,오랜만에 서울 나들이 맛있어보이는 가게를 찾다가 이태리국시를 발견하고 바로 이동 12시가 되서 도착했지만 이미 만석 다행히도 웨이팅은 1빠 로 조금 대기하다가 바로 들어왔어요 배고파서 바로 음식을 시키고 이야기를 하다보니 바로 나와서 맛잇게 먹었습니다 뚝배기에 나와서 따듯함이 오래 유지되서 좋고 맛도 좋아요 다음에는 예약하고 와서 다른 메뉴도 먹어봐야겠어요,218,200,0,0,1,1,2,1,1,0,0,1,1,1,2,1,0,0,3,1,0,0,0,0,0,0,0,1,0,1,0,0,0,0,0,1,1,0,0,0,0
이태리국시,EvelynP,2,2026.04.14,1,영수증,"대창 파스타가 궁금해서 방문해봤는데, 기대 이상으로 만족스러운 식사였어요! 자칫 느끼할 수 있는 대창의 풍미를 소스가 완벽하게 잡아줘서 끝까지 질리지 않고 정말 맛있게 먹었습니다 😊 혼자 방문했지만 분위기도 좋아서 편하게 식사할 수 있었고, 다음에는 꼭 남자친구랑 다시 오고 싶은 곳이에요. 데이트 장소로도 정말 추천드려요! 💕 맛, 분위기, 만족도까지 모두 갖춘 곳이라 재방문 의사 100%입니다 👍","대창 파스타가 궁금해서 방문해봤는데, 기대 이상으로 만족스러운 식사였어요! 자칫 느끼할 수 있는 대창의 풍미를 소스가 완벽하게 잡아줘서 끝까지 질리지 않고 정말 맛있게 먹었습니다 😊 혼자 방문했지만 분위기도 좋아서 편하게 식사할 수 있었고, 다음에는 꼭 남자친구랑 다시 오고 싶은 곳이에요. 데이트 장소로도 정말 추천드려요! 💕 맛, 분위기, 만족도까지 모두 갖춘 곳이라 재방문 의사 100%입니다 👍",True,event,2,1번째 방문,True,,,1,대창 파스타가 궁금해서 방문해봤는데 기대 이상으로 만족스러운 식사였어요 자칫 느끼할 수 있는 대창의 풍미를 소스가 완벽하게 잡아줘서 끝까지 질리지 않고 정말 맛있게 먹었습니다 혼자 방문했지만 분위기도 좋아서 편하게 식사할 수 있었고 다음에는 꼭 남자친구랑 다시 오고 싶은 곳이에요 데이트 장소로도 정말 추천드려요 맛 분위기 만족도까지 모두 갖춘 곳이라 재방문 의사 100 입니다,224,211,0,0,1,1,2,1,1,2,1,1,0,0,2,1,0,0,2,0,0,0,1,1,1,0,1,0,0,1,0,0,0,0,0,1,1,0,0,0,0
이태리국시,Jo030,63,2026.03.24,1,영수증,"오늘 점심 특선으로 먹은 들깨/베이컨리조또는 정말 고소하면서도 묵직한 맛이라 한입 먹자마자 만족스러웠어요! 😊 곱창치즈돌솥파스타는 은은한 불맛과 치즈의 조합이 잘 어우러져서 가장 기억에 남는 메뉴였습니다. 🍝🧀✨ 음료로 주문한 오렌지자몽청에이드는 상큼해서 함께 주문한 메뉴들과 곁들이기 아주 좋았어요!! 🍊🥤 엄마랑 함께한 점심 데이트 장소로 선택한 곳이었는데, 정말 잘한 선택이었던 것 같아요~! 💕👍👍","오늘 점심 특선으로 먹은 들깨/베이컨리조또는 정말 고소하면서도 묵직한 맛이라 한입 먹자마자 만족스러웠어요! 😊 곱창치즈돌솥파스타는 은은한 불맛과 치즈의 조합이 잘 어우러져서 가장 기억에 남는 메뉴였습니다. 🍝🧀✨ 음료로 주문한 오렌지자몽청에이드는 상큼해서 함께 주문한 메뉴들과 곁들이기 아주 좋았어요!! 🍊🥤 엄마랑 함께한 점심 데이트 장소로 선택한 곳이었는데, 정말 잘한 선택이었던 것 같아요~! 💕👍👍",True,event,63,1번째 방문,True,,,1,오늘 점심 특선으로 먹은 들깨 베이컨리조또는 정말 고소하면서도 묵직한 맛이라 한입 먹자마자 만족스러웠어요 곱창치즈돌솥파스타는 은은한 불맛과 치즈의 조합이 잘 어우러져서 가장 기억에 남는 메뉴였습니다 음료로 주문한 오렌지자몽청에이드는 상큼해서 함께 주문한 메뉴들과 곁들이기 아주 좋았어요 엄마랑 함께한 점심 데이트 장소로 선택한 곳이었는데 정말 잘한 선택이었던 것 같아요,226,206,0,0,1,1,2,1,1,3,1,0,0,0,0,0,0,0,4,1,0,0,0,0,0,0,0,1,1,1,0,0,0,0,0,1,1,0,0,0,0
이태리국시,heidis123,21,2026.02.18,1,영수증,음식 모두 맛있어요. 그치만 간이 전체적으로 쎄요. 밥먹으면서 물 거의 안먹는데 짜서 두컵을 내리 먹었어요. 그리고 오픈 키친은 아니지만 주방이 다 보이도록 인테리어가 되어있는데 마스크는 안쓰시고 요리하시더라구요. 중간에 웃으면서 서로 이야기도 나누시던데 조금은 신경쓰였습니다. 그리고 음식이 나왔는데 홀에서 일하시는 분들은 음식을 들고 이야기를 나누셔서 찝찝했습니다. 빼고는 분위기나 음식 만족스러웠습니다.,음식 모두 맛있어요. 그치만 간이 전체적으로 쎄요. 밥먹으면서 물 거의 안먹는데 짜서 두컵을 내리 먹었어요. 그리고 오픈 키친은 아니지만 주방이 다 보이도록 인테리어가 되어있는데 마스크는 안쓰시고 요리하시더라구요. 중간에 웃으면서 서로 이야기도 나누시던데 조금은 신경쓰였습니다. 그리고 음식이 나왔는데 홀에서 일하시는 분들은 음식을 들고 이야기를 나누셔서 찝찝했습니다. 빼고는 분위기나 음식 만족스러웠습니다.,True,event,21,1번째 방문,True,,,1,음식 모두 맛있어요 그치만 간이 전체적으로 쎄요 밥먹으면서 물 거의 안먹는데 짜서 두컵을 내리 먹었어요 그리고 오픈 키친은 아니지만 주방이 다 보이도록 인테리어가 되어있는데 마스크는 안쓰시고 요리하시더라구요 중간에 웃으면서 서로 이야기도 나누시던데 조금은 신경쓰였습니다 그리고 음식이 나왔는데 홀에서 일하시는 분들은 음식을 들고 이야기를 나누셔서 찝찝했습니다 빼고는 분위기나 음식 만족스러웠습니다,228,221,0,0,1,1,1,1,0,0,0,0,0,0,1,1,0,0,0,0,0,0,1,0,0,0,0,1,0,1,0,0,0,0,0,1,1,0,0,0,0
이태리국시,whereismypizza,37,2026.02.11,1,영수증,저녁 뭐 먹을까 고민하다가 처음 와봤는데 만족스럽습니다! 한식도 땡기고 양식도 땡기는 날이었는데 그 둘을 다 충족 시켜주는곳이 눈에 보이더라구요! 대창 돌솥 파스타..? 생소하지만 맛있을것 같아서 도전해봤는데 너무 맛있었어요! 숯불 향도 너무 좋고 대창도 쫄깃하고 고소하니 너무 좋았습니다! 같이 주문한 떡볶이도 맛있었어요 :) 다른 메뉴 또 먹어보러 다시 방문 하고 싶어요 맛있어 보이는 메뉴들이 좀 더 있었거든요👀,저녁 뭐 먹을까 고민하다가 처음 와봤는데 만족스럽습니다! 한식도 땡기고 양식도 땡기는 날이었는데 그 둘을 다 충족 시켜주는곳이 눈에 보이더라구요! 대창 돌솥 파스타..? 생소하지만 맛있을것 같아서 도전해봤는데 너무 맛있었어요! 숯불 향도 너무 좋고 대창도 쫄깃하고 고소하니 너무 좋았습니다! 같이 주문한 떡볶이도 맛있었어요 :) 다른 메뉴 또 먹어보러 다시 방문 하고 싶어요 맛있어 보이는 메뉴들이 좀 더 있었거든요👀,True,event,37,1번째 방문,True,,,1,저녁 뭐 먹을까 고민하다가 처음 와봤는데 만족스럽습니다 한식도 땡기고 양식도 땡기는 날이었는데 그 둘을 다 충족 시켜주는곳이 눈에 보이더라구요 대창 돌솥 파스타 생소하지만 맛있을것 같아서 도전해봤는데 너무 맛있었어요 숯불 향도 너무 좋고 대창도 쫄깃하고 고소하니 너무 좋았습니다 같이 주문한 떡볶이도 맛있었어요 다른 메뉴 또 먹어보러 다시 방문 하고 싶어요 맛있어 보이는 메뉴들이 좀 더 있었거든요,233,222,0,0,1,1,1,1,0,1,1,0,0,0,4,1,3,1,4,1,0,0,1,0,0,0,0,1,0,1,0,0,0,0,0,1,1,0,0,0,0
이태리국시,yeonma,22,2026.03.29,1,영수증,"이태리국시 성수점 남자친구랑 다녀왔는데 분위기부터 음식까지 너무 만족스러웠어요. 주문한 메뉴 하나하나 다 맛있어서 제대로 힐링하고 온 느낌이에요. 리조또는 고소하고 크리미하면서도 바삭한 식감까지 살아 있어서 계속 손이 갔고, 파스타는 오일이 느끼하지도 않고 딱 좋았어요 감튀도 트러플 좋아하시면 완전 추천. 전체적으로 양도 넉넉하고 사진 찍기에도 좋았고, 데이트 장소로 분위기가 딱이었어요. 성수에서 맛집 찾는다면 한 번쯤 꼭 방문해볼 만한 곳이에요!","이태리국시 성수점 남자친구랑 다녀왔는데 분위기부터 음식까지 너무 만족스러웠어요. 주문한 메뉴 하나하나 다 맛있어서 제대로 힐링하고 온 느낌이에요. 리조또는 고소하고 크리미하면서도 바삭한 식감까지 살아 있어서 계속 손이 갔고, 파스타는 오일이 느끼하지도 않고 딱 좋았어요 감튀도 트러플 좋아하시면 완전 추천. 전체적으로 양도 넉넉하고 사진 찍기에도 좋았고, 데이트 장소로 분위기가 딱이었어요. 성수에서 맛집 찾는다면 한 번쯤 꼭 방문해볼 만한 곳이에요!",True,event,22,1번째 방문,True,,,1,이태리국시 성수점 남자친구랑 다녀왔는데 분위기부터 음식까지 너무 만족스러웠어요 주문한 메뉴 하나하나 다 맛있어서 제대로 힐링하고 온 느낌이에요 리조또는 고소하고 크리미하면서도 바삭한 식감까지 살아 있어서 계속 손이 갔고 파스타는 오일이 느끼하지도 않고 딱 좋았어요 감튀도 트러플 좋아하시면 완전 추천 전체적으로 양도 넉넉하고 사진 찍기에도 좋았고 데이트 장소로 분위기가 딱이었어요 성수에서 맛집 찾는다면 한 번쯤 꼭 방문해볼 만한 곳이에요,252,245,0,0,1,1,3,1,1,2,1,0,0,0,3,1,2,0,1,0,0,0,1,0,0,0,0,1,0,1,0,0,0,0,0,1,1,0,0,0,0
이태리국시,pds****,12,2026.02.16,1,영수증,"요즘 대창파스타 맛집 찾다가 방문했는데 완전 성공이에요… 🤍 대창이 진짜 잡내 하나도 없고 엄청 고소해요! 겉은 쫄깃하고 속은 촉촉해서 씹을수록 고소함이 퍼져요. 파스타 면 익힘도 딱 알단테라서 소스랑 너무 잘 어울리고, 크리미하면서도 느끼하지 않아서 계속 들어가는 맛이에요. 특히 대창이 생각보다 넉넉하게 들어있어서 먹는 내내 행복했습니다 🫶 재방문 의사 100%이고 대창 좋아하시는 분들은 무조건 드셔보세요! 다음엔 다른 메뉴도 도전해볼게요 😊 맛있게 잘 먹었습니다!","요즘 대창파스타 맛집 찾다가 방문했는데 완전 성공이에요… 🤍 대창이 진짜 잡내 하나도 없고 엄청 고소해요! 겉은 쫄깃하고 속은 촉촉해서 씹을수록 고소함이 퍼져요. 파스타 면 익힘도 딱 알단테라서 소스랑 너무 잘 어울리고, 크리미하면서도 느끼하지 않아서 계속 들어가는 맛이에요. 특히 대창이 생각보다 넉넉하게 들어있어서 먹는 내내 행복했습니다 🫶 재방문 의사 100%이고 대창 좋아하시는 분들은 무조건 드셔보세요! 다음엔 다른 메뉴도 도전해볼게요 😊 맛있게 잘 먹었습니다!",True,event,12,1번째 방문,True,,,1,요즘 대창파스타 맛집 찾다가 방문했는데 완전 성공이에요 대창이 진짜 잡내 하나도 없고 엄청 고소해요 겉은 쫄깃하고 속은 촉촉해서 씹을수록 고소함이 퍼져요 파스타 면 익힘도 딱 알단테라서 소스랑 너무 잘 어울리고 크리미하면서도 느끼하지 않아서 계속 들어가는 맛이에요 특히 대창이 생각보다 넉넉하게 들어있어서 먹는 내내 행복했습니다 재방문 의사 100 이고 대창 좋아하시는 분들은 무조건 드셔보세요 다음엔 다른 메뉴도 도전해볼게요 맛있게 잘 먹었습니다,263,250,0,0,1,1,0,0,0,0,0,1,0,0,2,1,4,1,3,1,0,0,1,1,1,0,0,1,0,1,0,0,0,1,1,0,0,0,0,0,0
이태리국시,silk5004,13,2026.02.21,1,영수증,"저장해둔 식당이었는데 근처 볼일이 있어 들렀어요. 숯불고기쌈피자, 대창,곱창 파스타 주문했어요. 남편을 대창을 저는 곱창을 좋아해서 시켰는데 맛있네요. 한국적인 입맛에 맞춰 메뉴 3가지를 다 먹어도 콜라 생각이 안 날만큼 느끼하거나 더부룩하지 않고 편안하네요. 보통 피자, 파스타 먹으면 콜라는 기본인데 파스타는 레드 베이스라 딱 좋았고 피자도 도우는 얇고 채소와 치즈도 맛나서 헤비하지 않아 좋았어요. 대식가인 우리에게는 두 개는 부족했을것 같고 세 개는 시켜야 배가 좀 찼어요^^","저장해둔 식당이었는데 근처 볼일이 있어 들렀어요. 숯불고기쌈피자, 대창,곱창 파스타 주문했어요. 남편을 대창을 저는 곱창을 좋아해서 시켰는데 맛있네요. 한국적인 입맛에 맞춰 메뉴 3가지를 다 먹어도 콜라 생각이 안 날만큼 느끼하거나 더부룩하지 않고 편안하네요. 보통 피자, 파스타 먹으면 콜라는 기본인데 파스타는 레드 베이스라 딱 좋았고 피자도 도우는 얇고 채소와 치즈도 맛나서 헤비하지 않아 좋았어요. 대식가인 우리에게는 두 개는 부족했을것 같고 세 개는 시켜야 배가 좀 찼어요^^",True,event,13,1번째 방문,True,,,1,저장해둔 식당이었는데 근처 볼일이 있어 들렀어요 숯불고기쌈피자 대창 곱창 파스타 주문했어요 남편을 대창을 저는 곱창을 좋아해서 시켰는데 맛있네요 한국적인 입맛에 맞춰 메뉴 3가지를 다 먹어도 콜라 생각이 안 날만큼 느끼하거나 더부룩하지 않고 편안하네요 보통 피자 파스타 먹으면 콜라는 기본인데 파스타는 레드 베이스라 딱 좋았고 피자도 도우는 얇고 채소와 치즈도 맛나서 헤비하지 않아 좋았어요 대식가인 우리에게는 두 개는 부족했을것 같고 세 개는 시켜야 배가 좀 찼어요,270,261,0,0,1,1,1,1,0,0,0,1,0,0,1,1,0,0,0,0,0,0,1,0,0,0,0,1,0,1,0,0,0,0,0,1,1,0,0,0,0
이태리국시,스스무23,24,2026.03.19,1,영수증,"이태리국시에 다녀왔는데 정말 만족스러운 식사였습니다! 우선 매장 분위기가 차분하고 모던해서 데이트하기에 딱 좋더라고요. 사진 속 샐러드 피자는 신선한 채소가 듬뿍 올라가 있어서 입맛을 돋우기에 최고였고, 도우도 쫄깃해서 마지막 한 입까지 맛있게 먹었습니다. 함께 주문한 파스타는 소스가 진하고 면의 식감이 살아있어 깊은 풍미를 느낄 수 있었어요. 한식과 이탈리안의 조화가 이색적이면서도 익숙한 맛이라 누구와 와도 호불호 없이 즐길 수 있는 곳인 것 같습니다. 재방문 의사 100%예요!","이태리국시에 다녀왔는데 정말 만족스러운 식사였습니다! 우선 매장 분위기가 차분하고 모던해서 데이트하기에 딱 좋더라고요. 사진 속 샐러드 피자는 신선한 채소가 듬뿍 올라가 있어서 입맛을 돋우기에 최고였고, 도우도 쫄깃해서 마지막 한 입까지 맛있게 먹었습니다. 함께 주문한 파스타는 소스가 진하고 면의 식감이 살아있어 깊은 풍미를 느낄 수 있었어요. 한식과 이탈리안의 조화가 이색적이면서도 익숙한 맛이라 누구와 와도 호불호 없이 즐길 수 있는 곳인 것 같습니다. 재방문 의사 100%예요!",True,event,24,1번째 방문,True,,,1,이태리국시에 다녀왔는데 정말 만족스러운 식사였습니다 우선 매장 분위기가 차분하고 모던해서 데이트하기에 딱 좋더라고요 사진 속 샐러드 피자는 신선한 채소가 듬뿍 올라가 있어서 입맛을 돋우기에 최고였고 도우도 쫄깃해서 마지막 한 입까지 맛있게 먹었습니다 함께 주문한 파스타는 소스가 진하고 면의 식감이 살아있어 깊은 풍미를 느낄 수 있었어요 한식과 이탈리안의 조화가 이색적이면서도 익숙한 맛이라 누구와 와도 호불호 없이 즐길 수 있는 곳인 것 같습니다 재방문 의사 100 예요,271,264,0,0,1,1,3,1,1,1,1,1,0,0,2,1,0,0,2,0,0,0,1,1,1,0,0,1,0,1,0,0,0,0,0,1,1,0,0,0,0
이태리국시,웅수23,27,2026.03.25,1,영수증,"분위기 좋고 음식 퀄리티도 만족스러운 파스타집이에요. 매장 들어가자마자 깔끔한 인테리어가 눈에 들어오고, 전체적으로 편하게 식사하기 좋은 분위기였습니다. 주문한 파스타는 면 식감이 딱 적당하게 잘 살아 있었고, 소스도 너무 과하지 않으면서 재료 맛을 잘 살린 느낌이었어요. 양도 적당한 편이라 한 끼 식사로 충분했고, 플레이팅도 깔끔해서 사진 찍기에도 괜찮아요. 직원분들도 친절해서 전반적인 식사 경험이 좋았습니다. 재방문 의사 있고, 분위기 좋은 파스타집 찾는 분들한테 추천할 만한 곳이에요.","분위기 좋고 음식 퀄리티도 만족스러운 파스타집이에요. 매장 들어가자마자 깔끔한 인테리어가 눈에 들어오고, 전체적으로 편하게 식사하기 좋은 분위기였습니다. 주문한 파스타는 면 식감이 딱 적당하게 잘 살아 있었고, 소스도 너무 과하지 않으면서 재료 맛을 잘 살린 느낌이었어요. 양도 적당한 편이라 한 끼 식사로 충분했고, 플레이팅도 깔끔해서 사진 찍기에도 괜찮아요. 직원분들도 친절해서 전반적인 식사 경험이 좋았습니다. 재방문 의사 있고, 분위기 좋은 파스타집 찾는 분들한테 추천할 만한 곳이에요.",True,event,27,1번째 방문,True,,,1,분위기 좋고 음식 퀄리티도 만족스러운 파스타집이에요 매장 들어가자마자 깔끔한 인테리어가 눈에 들어오고 전체적으로 편하게 식사하기 좋은 분위기였습니다 주문한 파스타는 면 식감이 딱 적당하게 잘 살아 있었고 소스도 너무 과하지 않으면서 재료 맛을 잘 살린 느낌이었어요 양도 적당한 편이라 한 끼 식사로 충분했고 플레이팅도 깔끔해서 사진 찍기에도 괜찮아요 직원분들도 친절해서 전반적인 식사 경험이 좋았습니다 재방문 의사 있고 분위기 좋은 파스타집 찾는 분들한테 추천할 만한 곳이에요,276,266,0,0,1,1,7,1,1,0,0,0,0,0,1,1,1,0,0,0,0,0,0,1,1,0,0,1,0,1,0,0,0,0,0,1,1,0,0,0,0
이태리국시,asdfiw,16,2026.02.17,1,영수증,"​[리뷰] 성수동에서 만난 신선하고 감각적인 퓨전 양식, '이태리국시' ​성수동 나들이 중에 방문한 이태리국시, 결론부터 말하자면 기대 이상으로 기분 좋은 한 끼였습니다. 매장에 들어서자마자 느껴지는 깔끔하고 세련된 분위기가 성수동 특유의 힙한 감성과 잘 어우러져 식사 전부터 기대감이 높았습니다. ​가장 인상적이었던 점은 재료의 신선함입니다. 한식과 양식을 조화롭게 풀어낸 메뉴들이 생소하지 않으면서도 독특한 풍미를 자랑하더군요. 식재료 본연의 맛이 잘 살아있어 입안에서 느껴지는 신선도가 훌륭했습니다.","​[리뷰] 성수동에서 만난 신선하고 감각적인 퓨전 양식, '이태리국시' ​성수동 나들이 중에 방문한 이태리국시, 결론부터 말하자면 기대 이상으로 기분 좋은 한 끼였습니다. 매장에 들어서자마자 느껴지는 깔끔하고 세련된 분위기가 성수동 특유의 힙한 감성과 잘 어우러져 식사 전부터 기대감이 높았습니다. ​가장 인상적이었던 점은 재료의 신선함입니다. 한식과 양식을 조화롭게 풀어낸 메뉴들이 생소하지 않으면서도 독특한 풍미를 자랑하더군요. 식재료 본연의 맛이 잘 살아있어 입안에서 느껴지는 신선도가 훌륭했습니다.",True,event,16,1번째 방문,True,,,1,리뷰 성수동에서 만난 신선하고 감각적인 퓨전 양식 이태리국시 성수동 나들이 중에 방문한 이태리국시 결론부터 말하자면 기대 이상으로 기분 좋은 한 끼였습니다 매장에 들어서자마자 느껴지는 깔끔하고 세련된 분위기가 성수동 특유의 힙한 감성과 잘 어우러져 식사 전부터 기대감이 높았습니다 가장 인상적이었던 점은 재료의 신선함입니다 한식과 양식을 조화롭게 풀어낸 메뉴들이 생소하지 않으면서도 독특한 풍미를 자랑하더군요 식재료 본연의 맛이 잘 살아있어 입안에서 느껴지는 신선도가 훌륭했습니다,282,268,0,0,1,1,2,1,1,0,0,0,0,0,0,0,0,0,0,0,0,0,0,0,0,0,0,1,0,1,0,0,0,0,0,1,1,0,0,0,0
이태리국시,ah****,21,2026.01.30,1,영수증,"가봐야지 점찍어뒀던 이태리국시를 드디어 방문했습니다~ 기대보다 더 깔끔하고 멋진 인테리어에 창가자리에 앉을 수 있었어요 순한맛, 매운맛 조합으로 시켜봤는데 럭키하게도 성공! 얇은 스파게티 면이 부담스럽지 않고 깔끔했고 특히 대창 파스타는 진짜 궁금했던 맛이었는데 정말 독특하면서도 진한 맛이었어요 대창이 맛있지만 특유의 냄새와 선도 때문에 늘 고민되는더 정말 성공적이었습니다! 무엇보다 뜨끈한 돌판 덕에 마지막 소스까지 따뜻하게 먹을 수 있었는데 그와중에 면은 탱글해서 정말 마지막까지 싹싹 맛있게 비웠답니다~","가봐야지 점찍어뒀던 이태리국시를 드디어 방문했습니다~ 기대보다 더 깔끔하고 멋진 인테리어에 창가자리에 앉을 수 있었어요 순한맛, 매운맛 조합으로 시켜봤는데 럭키하게도 성공! 얇은 스파게티 면이 부담스럽지 않고 깔끔했고 특히 대창 파스타는 진짜 궁금했던 맛이었는데 정말 독특하면서도 진한 맛이었어요 대창이 맛있지만 특유의 냄새와 선도 때문에 늘 고민되는더 정말 성공적이었습니다! 무엇보다 뜨끈한 돌판 덕에 마지막 소스까지 따뜻하게 먹을 수 있었는데 그와중에 면은 탱글해서 정말 마지막까지 싹싹 맛있게 비웠답니다~",True,event,21,1번째 방문,True,,,1,가봐야지 점찍어뒀던 이태리국시를 드디어 방문했습니다 기대보다 더 깔끔하고 멋진 인테리어에 창가자리에 앉을 수 있었어요 순한맛 매운맛 조합으로 시켜봤는데 럭키하게도 성공 얇은 스파게티 면이 부담스럽지 않고 깔끔했고 특히 대창 파스타는 진짜 궁금했던 맛이었는데 정말 독특하면서도 진한 맛이었어요 대창이 맛있지만 특유의 냄새와 선도 때문에 늘 고민되는더 정말 성공적이었습니다 무엇보다 뜨끈한 돌판 덕에 마지막 소스까지 따뜻하게 먹을 수 있었는데 그와중에 면은 탱글해서 정말 마지막까지 싹싹 맛있게 비웠답니다,285,280,0,0,1,1,1,1,0,0,0,0,0,0,2,1,1,0,2,0,0,0,1,0,0,0,0,1,0,1,0,0,0,0,0,1,1,0,0,0,0
이태리국시,해피뭉글이67,13,2026.04.30,1,영수증,"일주일 전에 예약하고 방문했는데요~ 분위기가 너무 좋고 음식도 맛있어요. 알배추 숯불갈비 샐러드는 강추예요. 갈비양념이 은은하고 바질과 양념소스가 잘 어우러져 감칠맛의 끝입니다. 숯불대창돌솥파스타는 대창이 식으면 금방 기름 뜨고 식감이 쫄깃함이 떨어지는데 그걸 돌솥이 잘 잡아줘서 먹는동안 식감을 그대로 유지할 수 있고 끝맛의 매콤함이 느끼함을 잡아줘서 퓨전음식으루제대로 맛봤어요. 갈비찜버터파스타는 고소하고 아이도 어른도 호불호 없이 즐길 수 있고, 짧조름해서 느끼함이 덜해서 좋습니다. 직원분들도 너무 친절하셔서 편안하게 식사 잘 즐거마무리 합니다.다음에 또 방문할께요~","일주일 전에 예약하고 방문했는데요~ 분위기가 너무 좋고 음식도 맛있어요. 알배추 숯불갈비 샐러드는 강추예요. 갈비양념이 은은하고 바질과 양념소스가 잘 어우러져 감칠맛의 끝입니다. 숯불대창돌솥파스타는 대창이 식으면 금방 기름 뜨고 식감이 쫄깃함이 떨어지는데 그걸 돌솥이 잘 잡아줘서 먹는동안 식감을 그대로 유지할 수 있고 끝맛의 매콤함이 느끼함을 잡아줘서 퓨전음식으루제대로 맛봤어요. 갈비찜버터파스타는 고소하고 아이도 어른도 호불호 없이 즐길 수 있고, 짧조름해서 느끼함이 덜해서 좋습니다. 직원분들도 너무 친절하셔서 편안하게 식사 잘 즐거마무리 합니다.다음에 또 방문할께요~",True,event,13,1번째 방문,True,,,1,일주일 전에 예약하고 방문했는데요 분위기가 너무 좋고 음식도 맛있어요 알배추 숯불갈비 샐러드는 강추예요 갈비양념이 은은하고 바질과 양념소스가 잘 어우러져 감칠맛의 끝입니다 숯불대창돌솥파스타는 대창이 식으면 금방 기름 뜨고 식감이 쫄깃함이 떨어지는데 그걸 돌솥이 잘 잡아줘서 먹는동안 식감을 그대로 유지할 수 있고 끝맛의 매콤함이 느끼함을 잡아줘서 퓨전음식으루제대로 맛봤어요 갈비찜버터파스타는 고소하고 아이도 어른도 호불호 없이 즐길 수 있고 짧조름해서 느끼함이 덜해서 좋습니다 직원분들도 너무 친절하셔서 편안하게 식사 잘 즐거마무리 합니다 다음에 또 방문할께요,321,313,0,0,1,1,3,1,1,0,0,0,0,0,2,1,2,0,0,0,0,0,1,1,1,0,0,1,0,1,0,0,0,0,0,1,1,0,0,0,0
이태리국시,jhy****,17,2026.03.26,1,영수증,"성수에서 제대로 먹은 한 끼 🤍 이태리국수는 메뉴 조합이 진짜 미쳤다… ✔ 반계마늘돌솥리조또 돌솥이라 끝까지 뜨끈하고 마늘향이 진하게 올라와서 완전 중독적 ✔ 깻잎리코타샐러드 이 조합 누가 생각했지…? 깻잎 향 + 리코타 치즈가 이렇게 잘 어울릴 줄이야 ✔ 대창파스타 고소함 끝판왕. 대창이랑 파스타 조합이 이렇게 찰떡일 줄 몰랐음 ✔ 해산물바지락파스타 깔끔하고 시원한 맛이라 전체 밸런스 잡아주는 느낌 전체적으로 메뉴 하나도 실패 없고, 맛도 개성 확실해서 재방문 각🔥 성수 맛집 찾으면 여기 무조건 추천! #성수맛집 #이태리국수 #파스타맛집 #리조또맛집 #서울맛집 #먹스타그램","성수에서 제대로 먹은 한 끼 🤍 이태리국수는 메뉴 조합이 진짜 미쳤다… ✔ 반계마늘돌솥리조또 돌솥이라 끝까지 뜨끈하고 마늘향이 진하게 올라와서 완전 중독적 ✔ 깻잎리코타샐러드 이 조합 누가 생각했지…? 깻잎 향 + 리코타 치즈가 이렇게 잘 어울릴 줄이야 ✔ 대창파스타 고소함 끝판왕. 대창이랑 파스타 조합이 이렇게 찰떡일 줄 몰랐음 ✔ 해산물바지락파스타 깔끔하고 시원한 맛이라 전체 밸런스 잡아주는 느낌 전체적으로 메뉴 하나도 실패 없고, 맛도 개성 확실해서 재방문 각🔥 성수 맛집 찾으면 여기 무조건 추천! #성수맛집 #이태리국수 #파스타맛집 #리조또맛집 #서울맛집 #먹스타그램",True,event,17,1번째 방문,True,,,1,성수에서 제대로 먹은 한 끼 이태리국수는 메뉴 조합이 진짜 미쳤다 반계마늘돌솥리조또 돌솥이라 끝까지 뜨끈하고 마늘향이 진하게 올라와서 완전 중독적 깻잎리코타샐러드 이 조합 누가 생각했지 깻잎 향 리코타 치즈가 이렇게 잘 어울릴 줄이야 대창파스타 고소함 끝판왕 대창이랑 파스타 조합이 이렇게 찰떡일 줄 몰랐음 해산물바지락파스타 깔끔하고 시원한 맛이라 전체 밸런스 잡아주는 느낌 전체적으로 메뉴 하나도 실패 없고 맛도 개성 확실해서 재방문 각 성수 맛집 찾으면 여기 무조건 추천 성수맛집 이태리국수 파스타맛집 리조또맛집 서울맛집 먹스타그램,324,299,0,0,1,1,0,0,0,0,0,0,0,0,6,1,2,0,1,0,0,0,1,1,1,0,0,1,0,1,0,0,0,1,1,0,0,0,0,0,0
이태리국시,폴인민트,38,2026.01.13,1,영수증,성수 맛집으로 검색해서 찾아왔는데 독특한 메뉴도 많고 평이 좋아서 브레이크 타임 기다리고 바로 입장했어요! 매장도 넓고 분위기가 좋고 직원분들도 친절하셔서 편안한 시간 보내다 갑니다! 서울 오자마자 첫끼를 맛있는 음식으로 먹고 싶었는데 상상 그 이상으로 대만족이였습니다❤️ 🍝숯불대창돌솥파스타 대창이 큼지막하게 들어있어 비주얼이 압도적이고 맛은 최고입니다. 매콤한 맛이 대창과 잘 어우러져 있어 다먹을 때까지 느끼하지 않아 깔끔하게 맛있게 먹었습니다! 🧄반계마늘돌솥리조또 향긋한 마늘향이 풍기며 위에는 구운 치킨이 올라가는데 같이 먹으면 진짜 잘 어울려요~ 마늘이 크리스피하게 리조또 위에 올라가있어 먹는 내내 식감도 너무 좋았습니다!,성수 맛집으로 검색해서 찾아왔는데 독특한 메뉴도 많고 평이 좋아서 브레이크 타임 기다리고 바로 입장했어요! 매장도 넓고 분위기가 좋고 직원분들도 친절하셔서 편안한 시간 보내다 갑니다! 서울 오자마자 첫끼를 맛있는 음식으로 먹고 싶었는데 상상 그 이상으로 대만족이였습니다❤️ 🍝숯불대창돌솥파스타 대창이 큼지막하게 들어있어 비주얼이 압도적이고 맛은 최고입니다. 매콤한 맛이 대창과 잘 어우러져 있어 다먹을 때까지 느끼하지 않아 깔끔하게 맛있게 먹었습니다! 🧄반계마늘돌솥리조또 향긋한 마늘향이 풍기며 위에는 구운 치킨이 올라가는데 같이 먹으면 진짜 잘 어울려요~ 마늘이 크리스피하게 리조또 위에 올라가있어 먹는 내내 식감도 너무 좋았습니다!,True,event,38,1번째 방문,True,,,1,성수 맛집으로 검색해서 찾아왔는데 독특한 메뉴도 많고 평이 좋아서 브레이크 타임 기다리고 바로 입장했어요 매장도 넓고 분위기가 좋고 직원분들도 친절하셔서 편안한 시간 보내다 갑니다 서울 오자마자 첫끼를 맛있는 음식으로 먹고 싶었는데 상상 그 이상으로 대만족이였습니다 숯불대창돌솥파스타 대창이 큼지막하게 들어있어 비주얼이 압도적이고 맛은 최고입니다 매콤한 맛이 대창과 잘 어우러져 있어 다먹을 때까지 느끼하지 않아 깔끔하게 맛있게 먹었습니다 반계마늘돌솥리조또 향긋한 마늘향이 풍기며 위에는 구운 치킨이 올라가는데 같이 먹으면 진짜 잘 어울려요 마늘이 크리스피하게 리조또 위에 올라가있어 먹는 내내 식감도 너무 좋았습니다,355,345,0,0,1,1,4,1,1,0,0,0,0,0,4,1,2,0,4,1,0,0,1,0,0,0,0,1,0,1,0,0,0,0,0,1,1,0,0,0,0
이태리국시,쭈니쭈우운,37,2026.03.29,1,영수증,"세련된 인테리어와 감각적인 조명, 입구부터 '성공적'인 데이트를 예감케 하는 곳이였어요😍 직원분들의 세심한 서비스 덕분에 아내와 대접받는 기분으로 완벽한 시간을 보냈어요ㅎㅎ - 메뉴별 한줄평 • 대창돌솥파스타 : 돌솥 열기에 녹아든 대창의 고소함! 마지막 한 입까지 뜨겁고 진한 풍미가 예술 • 반계마늘리조또 : 마늘의 깊은 향과 부드러운 닭고기의 조화. 보양식급 든든함과 고급스러운 감칠맛의 끝판왕! • 알배추갈비샐러드 : 익힘의 정도가 완벽한 알배추와 육향의 미친 조화! 메인 요리 사이에서 중심을 잡아주는 최고의 킥! - 총평 단순한 식사를 넘어 '감동'을 선사받은 기분입니다. 맛, 분위기, 서비스까지 빈틈이 없어 서울 올 때마다 무조건 재방문 0순위이네요ㅎㅎ 강력 추천합니다✌🏻","세련된 인테리어와 감각적인 조명, 입구부터 '성공적'인 데이트를 예감케 하는 곳이였어요😍 직원분들의 세심한 서비스 덕분에 아내와 대접받는 기분으로 완벽한 시간을 보냈어요ㅎㅎ - 메뉴별 한줄평 • 대창돌솥파스타 : 돌솥 열기에 녹아든 대창의 고소함! 마지막 한 입까지 뜨겁고 진한 풍미가 예술 • 반계마늘리조또 : 마늘의 깊은 향과 부드러운 닭고기의 조화. 보양식급 든든함과 고급스러운 감칠맛의 끝판왕! • 알배추갈비샐러드 : 익힘의 정도가 완벽한 알배추와 육향의 미친 조화! 메인 요리 사이에서 중심을 잡아주는 최고의 킥! - 총평 단순한 식사를 넘어 '감동'을 선사받은 기분입니다. 맛, 분위기, 서비스까지 빈틈이 없어 서울 올 때마다 무조건 재방문 0순위이네요ㅎㅎ 강력 추천합니다✌🏻",True,event,37,1번째 방문,True,,,1,세련된 인테리어와 감각적인 조명 입구부터 성공적 인 데이트를 예감케 하는 곳이였어요 직원분들의 세심한 서비스 덕분에 아내와 대접받는 기분으로 완벽한 시간을 보냈어요 메뉴별 한줄평 대창돌솥파스타 돌솥 열기에 녹아든 대창의 고소함 마지막 한 입까지 뜨겁고 진한 풍미가 예술 반계마늘리조또 마늘의 깊은 향과 부드러운 닭고기의 조화 보양식급 든든함과 고급스러운 감칠맛의 끝판왕 알배추갈비샐러드 익힘의 정도가 완벽한 알배추와 육향의 미친 조화 메인 요리 사이에서 중심을 잡아주는 최고의 킥 총평 단순한 식사를 넘어 감동 을 선사받은 기분입니다 맛 분위기 서비스까지 빈틈이 없어 서울 올 때마다 무조건 재방문 0순위이네요 강력 추천합니다,384,350,0,0,1,1,4,1,1,1,1,1,0,0,3,1,0,0,4,1,2,1,0,1,1,0,0,1,0,1,0,0,0,0,0,1,1,0,0,1,0
이태리국시,Laylaaaaaa,86,2026.02.23,1,영수증,"저희는 오늘 청양봉골레크림파스타랑 불고기쌈피자 시켰고, 피자는 도우가 또띠야같은 얇은 도우로 되어있어서 뭔가 타코나 부리또같은 느낌이었구요, 피자라고 하면 좀 무거울 수 있는데 채소가 가득있어서 무겁지않고 산뜻한 맛이었어요🥹청양 봉골레크림 파스타는 매운맛이 쎄지않으면서 산뜻하게 입안을 정리해줘서 좋았고 면도 기본 파스타면이랑 다른 면이 오동통?해서 전체적으로 식감이 다양해서 좋았습니다🫶🏻평소 먹던 봉골레랑은 다른 느낌? 하이볼도 술 못드시는 분들도 드실 수 있을만큼 술맛이 강하지않아서 좋았어요🥹❣️그리고 가게 이름이 이태리국시라고 해서 좀 정겨운 가게 분위기 생각했는데 엄청 세련된 양식당 느낌이라 새롭고 인테리어나 분위기도 좋았습니다🤭🤭🤭데이트장소 찾으시면 이태리국시 추천드려요, 잘먹었습니다:)","저희는 오늘 청양봉골레크림파스타랑 불고기쌈피자 시켰고, 피자는 도우가 또띠야같은 얇은 도우로 되어있어서 뭔가 타코나 부리또같은 느낌이었구요, 피자라고 하면 좀 무거울 수 있는데 채소가 가득있어서 무겁지않고 산뜻한 맛이었어요🥹청양 봉골레크림 파스타는 매운맛이 쎄지않으면서 산뜻하게 입안을 정리해줘서 좋았고 면도 기본 파스타면이랑 다른 면이 오동통?해서 전체적으로 식감이 다양해서 좋았습니다🫶🏻평소 먹던 봉골레랑은 다른 느낌? 하이볼도 술 못드시는 분들도 드실 수 있을만큼 술맛이 강하지않아서 좋았어요🥹❣️그리고 가게 이름이 이태리국시라고 해서 좀 정겨운 가게 분위기 생각했는데 엄청 세련된 양식당 느낌이라 새롭고 인테리어나 분위기도 좋았습니다🤭🤭🤭데이트장소 찾으시면 이태리국시 추천드려요, 잘먹었습니다:)",True,event,86,1번째 방문,True,,,1,저희는 오늘 청양봉골레크림파스타랑 불고기쌈피자 시켰고 피자는 도우가 또띠야같은 얇은 도우로 되어있어서 뭔가 타코나 부리또같은 느낌이었구요 피자라고 하면 좀 무거울 수 있는데 채소가 가득있어서 무겁지않고 산뜻한 맛이었어요 청양 봉골레크림 파스타는 매운맛이 쎄지않으면서 산뜻하게 입안을 정리해줘서 좋았고 면도 기본 파스타면이랑 다른 면이 오동통 해서 전체적으로 식감이 다양해서 좋았습니다 평소 먹던 봉골레랑은 다른 느낌 하이볼도 술 못드시는 분들도 드실 수 있을만큼 술맛이 강하지않아서 좋았어요 그리고 가게 이름이 이태리국시라고 해서 좀 정겨운 가게 분위기 생각했는데 엄청 세련된 양식당 느낌이라 새롭고 인테리어나 분위기도 좋았습니다 데이트장소 찾으시면 이태리국시 추천드려요 잘먹었습니다,393,382,0,0,1,1,2,1,1,1,1,0,0,0,1,1,1,0,0,0,0,0,0,0,0,0,0,1,1,1,0,0,0,0,0,1,1,0,0,0,0
이태리국시,mellisa90,42,2026.01.24,1,예약,"오늘 이태리국시에서 진짜 맛있는 퓨전 이탈리안을 맛보고 왔어요! 🇮🇹🍝 처음 들어보는 메뉴들도 많아서 뭘 시킬지 고민하다가 추천받은 파스타를 주문했는데, 와... 이건 정말 신의 한 수였어요. 💖 알고 보니 이태리 음식을 한국적인 느낌으로 재해석한 퓨전 이탈리안 전문점이더라고요. 그래서 그런지 익숙하면서도 새로운 맛이랄까요? 😋 특히 소스가 정말 제 취향이었어요. 너무 자극적이지도 않고, 재료 본연의 맛을 잘 살린 느낌! 같이 간 친구도 완전 만족해서 다음엔 다른 메뉴도 꼭 먹어보러 오자고 약속했답니다. 👍 분위기도 좋아서 데이트하기에도 딱 좋을 것 같아요. 💑 이 쪽 가시면 꼭 한번 들러보세요. 후회 안 하실 거예요! 😊 진정한 퓨전 이탈리안의 매력을 느낄 수 있는 곳이었어요. ✨ #이태리국시","오늘 이태리국시에서 진짜 맛있는 퓨전 이탈리안을 맛보고 왔어요! 🇮🇹🍝 처음 들어보는 메뉴들도 많아서 뭘 시킬지 고민하다가 추천받은 파스타를 주문했는데, 와... 이건 정말 신의 한 수였어요. 💖 알고 보니 이태리 음식을 한국적인 느낌으로 재해석한 퓨전 이탈리안 전문점이더라고요. 그래서 그런지 익숙하면서도 새로운 맛이랄까요? 😋 특히 소스가 정말 제 취향이었어요. 너무 자극적이지도 않고, 재료 본연의 맛을 잘 살린 느낌! 같이 간 친구도 완전 만족해서 다음엔 다른 메뉴도 꼭 먹어보러 오자고 약속했답니다. 👍 분위기도 좋아서 데이트하기에도 딱 좋을 것 같아요. 💑 이 쪽 가시면 꼭 한번 들러보세요. 후회 안 하실 거예요! 😊 진정한 퓨전 이탈리안의 매력을 느낄 수 있는 곳이었어요. ✨ #이태리국시",True,event,42,1번째 방문,True,,,1,오늘 이태리국시에서 진짜 맛있는 퓨전 이탈리안을 맛보고 왔어요 처음 들어보는 메뉴들도 많아서 뭘 시킬지 고민하다가 추천받은 파스타를 주문했는데 와 이건 정말 신의 한 수였어요 알고 보니 이태리 음식을 한국적인 느낌으로 재해석한 퓨전 이탈리안 전문점이더라고요 그래서 그런지 익숙하면서도 새로운 맛이랄까요 특히 소스가 정말 제 취향이었어요 너무 자극적이지도 않고 재료 본연의 맛을 잘 살린 느낌 같이 간 친구도 완전 만족해서 다음엔 다른 메뉴도 꼭 먹어보러 오자고 약속했답니다 분위기도 좋아서 데이트하기에도 딱 좋을 것 같아요 이 쪽 가시면 꼭 한번 들러보세요 후회 안 하실 거예요 진정한 퓨전 이탈리안의 매력을 느낄 수 있는 곳이었어요 이태리국시,393,360,0,0,1,1,2,1,1,2,1,0,0,0,2,1,3,1,3,1,0,0,1,0,0,0,0,1,0,1,0,0,0,0,0,1,1,0,0,0,0
이태리국시,이꼼지92,12,2026.04.08,1,영수증,"성수에서 요즘 핫하다는 이태리국시 성수점 다녀왔어요 🍝✨ 우리는 숯불불고기쌈피자랑 곱창로제파스타 주문했는데, 결론부터 말하면 완전 만족💛 숯불불고기쌈피자는 이름 그대로 쌈 싸먹는 느낌이라 신기했는데, 불고기 향이 진짜 찐하게 나면서 살짝 달달+짭짤해서 계속 손이 가더라구요. 같이 나오는 채소랑 싸먹으면 느끼함도 잡혀서 더 좋았어요! 곱창로제파스타는 솔직히 기대 이상…🥹 곱창이 질기지 않고 고소하게 잘 익혀져서 로제소스랑 진짜 잘 어울렸어요. 크리미한데 살짝 매콤해서 물리지 않는 맛! 둘이서 먹는데 계속 “이거 뭐야 왜 맛있어” 하면서 먹음ㅋㅋ 전체적으로 메뉴 조합이 독특한데도 맛 밸런스가 잘 맞아서 만족스러운 식사였어요. 성수 데이트나 친구랑 가기 딱 좋은 곳👍 다음엔 다른 메뉴도 도전해볼 예정!","성수에서 요즘 핫하다는 이태리국시 성수점 다녀왔어요 🍝✨ 우리는 숯불불고기쌈피자랑 곱창로제파스타 주문했는데, 결론부터 말하면 완전 만족💛 숯불불고기쌈피자는 이름 그대로 쌈 싸먹는 느낌이라 신기했는데, 불고기 향이 진짜 찐하게 나면서 살짝 달달+짭짤해서 계속 손이 가더라구요. 같이 나오는 채소랑 싸먹으면 느끼함도 잡혀서 더 좋았어요! 곱창로제파스타는 솔직히 기대 이상…🥹 곱창이 질기지 않고 고소하게 잘 익혀져서 로제소스랑 진짜 잘 어울렸어요. 크리미한데 살짝 매콤해서 물리지 않는 맛! 둘이서 먹는데 계속 “이거 뭐야 왜 맛있어” 하면서 먹음ㅋㅋ 전체적으로 메뉴 조합이 독특한데도 맛 밸런스가 잘 맞아서 만족스러운 식사였어요. 성수 데이트나 친구랑 가기 딱 좋은 곳👍 다음엔 다른 메뉴도 도전해볼 예정!",True,event,12,1번째 방문,True,,,1,성수에서 요즘 핫하다는 이태리국시 성수점 다녀왔어요 우리는 숯불불고기쌈피자랑 곱창로제파스타 주문했는데 결론부터 말하면 완전 만족 숯불불고기쌈피자는 이름 그대로 쌈 싸먹는 느낌이라 신기했는데 불고기 향이 진짜 찐하게 나면서 살짝 달달 짭짤해서 계속 손이 가더라구요 같이 나오는 채소랑 싸먹으면 느끼함도 잡혀서 더 좋았어요 곱창로제파스타는 솔직히 기대 이상 곱창이 질기지 않고 고소하게 잘 익혀져서 로제소스랑 진짜 잘 어울렸어요 크리미한데 살짝 매콤해서 물리지 않는 맛 둘이서 먹는데 계속 이거 뭐야 왜 맛있어 하면서 먹음 전체적으로 메뉴 조합이 독특한데도 맛 밸런스가 잘 맞아서 만족스러운 식사였어요 성수 데이트나 친구랑 가기 딱 좋은 곳 다음엔 다른 메뉴도 도전해볼 예정,394,375,0,0,1,1,1,1,0,2,1,0,0,0,1,1,3,1,3,1,0,0,1,0,0,0,0,1,0,1,0,0,0,0,0,1,1,0,0,0,0
이태리국시,imochan,51,2026.02.14,1,예약,"💛 모두 맛있게 보여서 많이 고민했다. 우리는 숯불대창돌솥파스타(25.000)숯불불고기쌈피자(25.000)맥주를(10.000)✖︎2 주문했다. 🧡정말 모두 맛있었다❣️다른 테이블도 창돌솥파스타를 주문하시네요…다음에는 다들 시킨 반계마늘돌솥리조토도 먹어야겠다❣️ ⚠️주의 할 점 ⭐️주말이라면 반드시 예약 필수!! ⭐️예약금 1명당 5.000₩ 우리 2명으로 1.0000₩였다. 하지만 자리는 넉넉한 4명 테이블😊 ⭐️ 리뷰 사진에서는 홀이 넓어 보였지만, 생각보다 좌석 수가 적었다. 천장이 높아서인지 수다 소리가 울려 퍼지고 대화 나누기에는 좀 어렵다. ⭐️테이블 이용은 90분!! 요리가 나오기까지 시간이 조금 걸린다🥘아마 15분은 기다린 것 같아.그래서 바로 시간이 된 느낌이 들었다. 🧡하지만 요리는 정말 맛있었다❣️❣️","💛 모두 맛있게 보여서 많이 고민했다. 우리는 숯불대창돌솥파스타(25.000)숯불불고기쌈피자(25.000)맥주를(10.000)✖︎2 주문했다. 🧡정말 모두 맛있었다❣️다른 테이블도 창돌솥파스타를 주문하시네요…다음에는 다들 시킨 반계마늘돌솥리조토도 먹어야겠다❣️ ⚠️주의 할 점 ⭐️주말이라면 반드시 예약 필수!! ⭐️예약금 1명당 5.000₩ 우리 2명으로 1.0000₩였다. 하지만 자리는 넉넉한 4명 테이블😊 ⭐️ 리뷰 사진에서는 홀이 넓어 보였지만, 생각보다 좌석 수가 적었다. 천장이 높아서인지 수다 소리가 울려 퍼지고 대화 나누기에는 좀 어렵다. ⭐️테이블 이용은 90분!! 요리가 나오기까지 시간이 조금 걸린다🥘아마 15분은 기다린 것 같아.그래서 바로 시간이 된 느낌이 들었다. 🧡하지만 요리는 정말 맛있었다❣️❣️",True,event,51,1번째 방문,True,,,1,모두 맛있게 보여서 많이 고민했다 우리는 숯불대창돌솥파스타 25 000 숯불불고기쌈피자 25 000 맥주를 10 000 2 주문했다 정말 모두 맛있었다 다른 테이블도 창돌솥파스타를 주문하시네요 다음에는 다들 시킨 반계마늘돌솥리조토도 먹어야겠다 주의 할 점 주말이라면 반드시 예약 필수 예약금 1명당 5 000 우리 2명으로 1 0000 였다 하지만 자리는 넉넉한 4명 테이블 리뷰 사진에서는 홀이 넓어 보였지만 생각보다 좌석 수가 적었다 천장이 높아서인지 수다 소리가 울려 퍼지고 대화 나누기에는 좀 어렵다 테이블 이용은 90분 요리가 나오기까지 시간이 조금 걸린다 아마 15분은 기다린 것 같아 그래서 바로 시간이 된 느낌이 들었다 하지만 요리는 정말 맛있었다,407,370,0,0,1,1,3,1,1,1,1,1,5,1,3,1,0,0,4,1,0,0,1,0,0,0,0,1,1,1,0,0,0,0,0,1,1,0,0,0,0
난포,eun****,1946,2025.09.18,1,영수증,긋,긋,True,normal,1946,1번째 방문,True,,,1,긋,1,1,1,1,0,0,0,0,0,0,0,0,0,0,0,0,0,0,0,0,0,0,0,0,0,0,0,1,1,1,0,0,0,0,0,0,0,1,0,0,1
난포,ANNA1119,3525,2026.02.02,1,영수증,ㅁ,ㅁ,True,normal,3525,1번째 방문,True,,,1,,1,0,1,1,0,0,0,0,0,0,0,0,0,0,0,0,0,0,0,0,0,0,0,0,0,0,0,1,1,1,0,0,0,0,0,0,0,1,0,0,1
난포,kym****,1290,2025.02.23,1,영수증,굳,굳,True,normal,1290,1번째 방문,True,,,1,굳,1,1,1,1,0,0,0,0,0,0,0,0,0,0,0,0,0,0,0,0,0,0,0,0,0,0,0,1,1,1,0,0,0,0,0,0,0,1,0,0,1
난포,냥냠밍,608,2025.03.23,3,영수증,굿,굿,True,normal,608,3번째 방문,True,,,1,굿,1,1,1,1,0,0,0,0,0,0,0,0,0,0,0,0,0,0,0,0,0,0,0,0,0,0,0,1,1,0,1,0,0,0,0,0,0,1,0,0,0
난포,오리892,1897,2025.10.24,1,영수증,한식,한식,True,normal,1897,1번째 방문,True,,,1,한식,2,2,1,1,0,0,0,0,0,0,0,0,0,0,0,0,0,0,0,0,0,0,0,0,0,0,0,1,1,1,0,0,0,0,0,0,0,1,0,0,1
난포,3335960,9,2025.09.24,1,예약,와앙,와앙,True,normal,9,1번째 방문,True,,,1,와앙,2,2,1,1,0,0,0,0,0,0,0,0,0,0,0,0,0,0,0,0,0,0,0,0,0,0,0,0,0,1,0,0,0,0,0,0,0,1,0,0,1
난포,maria117,1607,2025.01.17,1,영수증,:),:),True,normal,1607,1번째 방문,True,,,1,,2,0,1,1,0,0,0,0,0,0,0,0,0,0,0,0,0,0,0,0,0,0,0,0,0,0,0,1,1,1,0,0,0,0,0,0,0,1,0,0,1
난포,두목이다,40,2025.02.13,1,예약,👍🏻,👍🏻,True,normal,40,1번째 방문,True,,,1,,2,0,1,1,0,0,0,0,0,0,0,0,0,0,0,0,0,0,0,0,0,0,0,0,0,0,0,1,0,1,0,0,0,0,0,0,0,1,0,0,1
난포,ydh3200,3001,2025.10.08,1,예약,맛나요,맛나요,True,normal,3001,1번째 방문,True,,,1,맛나요,3,3,1,1,0,0,0,0,0,0,0,0,0,0,0,0,0,0,0,0,0,0,0,0,0,0,0,1,1,1,0,0,0,0,0,0,0,1,0,0,1
난포,화신49,1232,2025.01.13,1,,비싸요,비싸요,True,normal,1232,1번째 방문,True,,,1,비싸요,3,3,1,1,0,0,0,0,0,0,0,0,0,0,0,0,0,0,0,0,0,0,0,0,0,0,0,1,1,1,0,0,0,0,0,0,0,1,0,0,1
난포,honey800937,807,2025.05.09,1,영수증,좋아요,좋아요,True,normal,807,1번째 방문,True,,,1,좋아요,3,3,1,1,0,0,0,0,0,0,0,0,0,0,1,1,0,0,0,0,0,0,0,0,0,0,0,1,1,1,0,1,1,1,1,0,0,1,1,0,1
난포,마이구미미미,653,2025.11.23,1,영수증,음식 굳,음식 굳,True,normal,653,1번째 방문,True,,,1,음식 굳,4,4,1,1,0,0,0,0,0,0,0,0,0,0,0,0,0,0,0,0,0,0,0,0,0,0,0,1,1,1,0,0,0,0,0,0,0,1,0,0,1
난포,냥냥이er,1769,2025.04.24,1,영수증,맛있어요,맛있어요,True,normal,1769,1번째 방문,True,,,1,맛있어요,4,4,1,1,0,0,0,0,0,0,0,0,0,0,1,1,0,0,0,0,0,0,0,0,0,0,0,1,1,1,0,1,1,1,1,0,0,1,1,0,1
난포,깐돌이7,1406,2025.03.02,1,예약,맛집투어,맛집투어,True,normal,1406,1번째 방문,True,,,1,맛집투어,4,4,1,1,0,0,0,0,0,0,0,0,0,0,1,1,0,0,0,0,0,0,0,0,0,0,0,1,1,1,0,1,1,1,1,0,0,1,1,0,1
난포,inhwa627,310,2025.08.09,1,영수증,맛있어요.,맛있어요.,True,normal,310,1번째 방문,True,,,1,맛있어요,5,4,1,1,0,0,0,0,0,0,0,0,0,0,1,1,0,0,0,0,0,0,0,0,0,0,0,1,1,1,0,1,1,1,1,0,0,1,1,0,1
난포,littlebambi,2813,2025.03.15,1,영수증,맛있어요!,맛있어요!,True,normal,2813,1번째 방문,True,,,1,맛있어요,5,4,1,1,0,0,0,0,0,0,0,0,0,0,1,1,0,0,1,0,0,0,0,0,0,0,0,1,1,1,0,1,1,1,1,0,0,1,1,0,1
난포,윤뽕,3627,2024.11.11,1,예약,보통...,보통...,True,normal,3627,1번째 방문,True,,,1,보통,5,2,1,1,0,0,0,0,0,0,0,0,0,0,0,0,0,0,0,0,0,0,0,0,0,0,0,1,1,1,0,0,0,0,0,0,0,1,0,0,1
난포,hye****,3094,2025.06.10,1,영수증,감사합니다,감사합니다,True,normal,3094,1번째 방문,True,,,1,감사합니다,5,5,1,1,0,0,0,0,0,0,0,0,0,0,0,0,0,0,0,0,0,0,0,0,0,0,0,1,1,1,0,0,0,0,0,0,0,1,0,0,1
난포,랄랄라1827,1209,2024.09.06,2,영수증,특색있어요,특색있어요,True,normal,1209,2번째 방문,True,,,1,특색있어요,5,5,1,1,0,0,0,0,0,0,0,0,0,0,0,0,0,0,0,0,0,0,0,0,0,0,0,1,1,0,1,0,0,0,0,0,0,1,0,0,0
난포,tuc,30,2026.01.05,1,예약,맛있오요!!,맛있오요!!,True,normal,30,1번째 방문,True,,,1,맛있오요,6,4,1,1,0,0,0,0,0,0,0,0,0,0,1,1,0,0,2,0,0,0,0,0,0,0,0,1,0,1,0,1,1,1,1,0,0,1,1,0,1
난포,sY12,13,2025.12.03,1,예약,맛있어요!!,맛있어요!!,True,normal,13,1번째 방문,True,,,1,맛있어요,6,4,1,1,0,0,0,0,0,0,0,0,0,0,1,1,0,0,2,0,0,0,0,0,0,0,0,1,0,1,0,1,1,1,1,0,0,1,1,0,1
난포,재진업고튀어,821,2025.05.06,1,영수증,맛있었어요!,맛있었어요!,True,normal,821,1번째 방문,True,,,1,맛있었어요,6,5,1,1,0,0,0,0,0,0,0,0,0,0,1,1,0,0,1,0,0,0,0,0,0,0,0,1,1,1,0,1,1,1,1,0,0,1,1,0,1
난포,ponori,520,2024.10.14,1,예약,맛있었어요😀,맛있었어요😀,True,normal,520,1번째 방문,True,,,1,맛있었어요,6,5,1,1,0,0,0,0,0,0,0,0,0,0,1,1,0,0,0,0,0,0,0,0,0,0,0,1,1,1,0,1,1,1,1,0,0,1,1,0,1
난포,bboyakim,749,2024.08.16,1,영수증,장아찌 존맛,장아찌 존맛,True,normal,749,1번째 방문,True,,,1,장아찌 존맛,6,6,1,1,0,0,0,0,0,0,0,0,0,0,0,0,1,0,0,0,0,0,0,0,0,0,0,1,1,1,0,0,0,0,0,0,0,1,0,0,1
난포,san****,1174,2025.10.23,1,예약,매일먹고싶어여,매일먹고싶어여,True,normal,1174,1번째 방문,True,,,1,매일먹고싶어여,7,7,1,1,0,0,0,0,0,0,0,0,0,0,0,0,0,0,0,0,0,0,0,0,0,0,0,1,1,1,0,0,0,0,0,0,0,1,0,0,1
난포,여름3327,2748,2025.03.01,1,영수증,노래가 좋았어요,노래가 좋았어요,True,normal,2748,1번째 방문,True,,,1,노래가 좋았어요,8,8,1,1,0,0,0,0,0,0,0,0,0,0,0,0,0,0,0,0,0,0,0,0,0,0,0,1,1,1,0,0,0,0,0,0,0,1,0,0,1
난포,Zozitten,1082,2024.12.07,1,영수증,묵은지가 킥이에요!,묵은지가 킥이에요!,True,normal,1082,1번째 방문,True,,,1,묵은지가 킥이에요,10,9,0,1,0,0,0,0,0,0,0,0,0,0,0,0,0,0,1,0,0,0,0,0,0,0,0,1,1,1,0,0,0,0,0,0,0,1,0,0,1
난포,su2834,25,2024.11.20,1,예약,언제나 맛있습니다!,언제나 맛있습니다!,True,normal,25,1번째 방문,True,,,1,언제나 맛있습니다,10,9,0,1,0,0,0,0,0,0,0,0,0,0,1,1,0,0,1,0,0,0,0,0,0,0,0,1,0,1,0,1,0,1,1,0,0,1,1,0,1
난포,rac****,1199,2024.10.30,1,영수증,음식이 독특했어요~,음식이 독특했어요~,True,normal,1199,1번째 방문,True,,,1,음식이 독특했어요,10,9,0,1,0,0,0,0,0,0,0,0,0,0,0,0,0,0,0,0,0,0,0,0,0,0,0,1,1,1,0,0,0,0,0,0,0,1,0,0,1
난포,딕챙셩,1130,2025.03.16,1,영수증,소문대로 맛있네요^^,소문대로 맛있네요^^,True,normal,1130,1번째 방문,True,,,1,소문대로 맛있네요,11,9,0,1,0,0,0,0,0,0,0,0,0,0,1,1,0,0,0,0,0,0,0,0,0,0,0,1,1,1,0,1,0,1,1,0,0,1,1,0,1
난포,롱롱어고우,28,2024.10.17,1,예약,요메뉴가 제일 맛나요,요메뉴가 제일 맛나요,True,normal,28,1번째 방문,True,,,1,요메뉴가 제일 맛나요,11,11,0,1,0,0,0,0,0,0,0,0,0,0,0,0,0,0,0,0,0,0,0,0,0,0,0,1,0,1,0,0,0,0,0,0,0,1,0,0,1
난포,pak****,28,2024.09.08,1,영수증,난포 미쳐따리 졸맛ㅋ,난포 미쳐따리 졸맛ㅋ,True,normal,28,1번째 방문,True,,,1,난포 미쳐따리 졸맛,11,10,0,1,0,0,0,0,0,0,0,0,0,0,0,0,0,0,0,0,0,0,0,0,0,0,0,1,0,1,0,0,0,0,0,0,0,1,0,0,1
난포,뽁슝,185,2024.07.30,1,영수증,맛있게 잘먹었습니다!,맛있게 잘먹었습니다!,True,normal,185,1번째 방문,True,,,1,맛있게 잘먹었습니다,11,10,0,1,0,0,0,0,0,0,0,0,0,0,1,1,0,0,1,0,0,0,0,0,0,0,0,1,1,1,0,1,0,1,1,0,0,1,1,0,1
난포,19****,717,2025.02.08,1,영수증,퓨전한식? 느낌입니다.,퓨전한식? 느낌입니다.,True,normal,717,1번째 방문,True,,,1,퓨전한식 느낌입니다,12,10,0,1,0,0,0,0,0,0,0,0,0,0,0,0,0,0,0,0,0,0,0,0,0,0,0,1,1,1,0,0,0,0,0,0,0,1,0,0,1
난포,나5201,1661,2024.12.29,2,영수증,맛있게 잘 먹고 가요.,맛있게 잘 먹고 가요.,True,normal,1661,2번째 방문,True,,,1,맛있게 잘 먹고 가요,12,11,0,1,0,0,0,0,0,0,0,0,0,0,1,1,0,0,0,0,0,0,0,0,0,0,0,1,1,0,1,1,0,1,1,0,0,1,1,0,0
난포,음성남,903,2024.07.29,1,영수증,건강한 맛이라서 좋아요,건강한 맛이라서 좋아요,True,normal,903,1번째 방문,True,,,1,건강한 맛이라서 좋아요,12,12,0,1,0,0,0,0,0,0,0,0,0,0,1,1,0,0,0,0,0,0,0,0,0,0,0,1,1,1,0,1,0,1,1,0,0,1,1,0,1
난포,덤보탱,207,2025.12.18,1,예약,깔끔한 식사 좋았습니다~,깔끔한 식사 좋았습니다~,True,normal,207,1번째 방문,True,,,1,깔끔한 식사 좋았습니다,13,12,0,1,0,0,0,0,0,0,0,0,0,0,0,0,0,0,0,0,0,0,0,0,0,0,0,1,1,1,0,0,0,0,0,0,0,1,0,0,1
난포,채윤531,36,2025.12.30,1,예약,메뉴 독특하고 맛있어요!,메뉴 독특하고 맛있어요!,True,normal,36,1번째 방문,True,,,1,메뉴 독특하고 맛있어요,13,12,0,1,0,0,0,0,0,0,0,0,0,0,1,1,0,0,1,0,0,0,0,0,0,0,0,1,0,1,0,1,0,1,1,0,0,1,1,0,1
난포,Zzzzzn59,29,2025.11.24,1,예약,간이 슴슴하니 맛있었어요,간이 슴슴하니 맛있었어요,True,normal,29,1번째 방문,True,,,1,간이 슴슴하니 맛있었어요,13,13,0,1,0,0,0,0,0,0,0,0,0,0,1,1,0,0,0,0,0,0,0,0,0,0,0,1,0,1,0,1,0,1,1,0,0,1,1,0,1
난포,sto****,1363,2025.05.12,1,영수증,한번가는 맛집입니다 ㅋㅋ,한번가는 맛집입니다 ㅋㅋ,True,normal,1363,1번째 방문,True,,,1,한번가는 맛집입니다,13,10,0,1,0,0,0,0,0,0,0,0,0,0,1,1,0,0,0,0,0,0,0,0,0,0,0,1,1,1,0,1,0,1,1,0,0,1,1,0,1
난포,shinyongmi,2022,2024.06.23,1,영수증,자극적이지 않고 맛있어요,자극적이지 않고 맛있어요,True,normal,2022,1번째 방문,True,,,1,자극적이지 않고 맛있어요,13,13,0,1,0,0,0,0,0,0,0,0,0,0,1,1,0,0,0,0,0,0,0,0,0,0,0,1,1,1,0,1,0,1,1,0,0,1,1,0,1
난포,jjez,11,2024.07.17,1,예약,깔끔한 한식! 만족합니다,깔끔한 한식! 만족합니다,True,normal,11,1번째 방문,True,,,1,깔끔한 한식 만족합니다,13,12,0,1,0,0,0,0,0,0,0,0,0,0,0,0,0,0,1,0,0,0,0,0,0,0,0,1,0,1,0,0,0,0,0,0,0,1,0,0,1
난포,지리산반달곰,425,2026.04.28,1,영수증,음식이 맛나요..간도 좋고,음식이 맛나요..간도 좋고,True,normal,425,1번째 방문,True,,,1,음식이 맛나요 간도 좋고,14,13,0,1,0,0,0,0,0,0,0,0,0,0,0,0,0,0,0,0,0,0,0,0,0,0,0,1,1,1,0,0,0,0,0,0,0,1,0,0,1
난포,사계절7559,1571,2026.01.19,1,영수증,삼삼하니 정갈하고 맛있어요,삼삼하니 정갈하고 맛있어요,True,normal,1571,1번째 방문,True,,,1,삼삼하니 정갈하고 맛있어요,14,14,0,1,0,0,0,0,0,0,0,0,0,0,1,1,0,0,0,0,0,0,0,0,0,0,0,1,1,1,0,1,0,1,1,0,0,1,1,0,1
난포,esp****,781,2025.04.16,1,영수증,아주 맘에드는 밥집이네요~,아주 맘에드는 밥집이네요~,True,normal,781,1번째 방문,True,,,1,아주 맘에드는 밥집이네요,14,13,0,1,0,0,0,0,0,0,0,0,0,0,0,0,0,0,0,0,0,0,0,0,0,0,0,1,1,1,0,0,0,0,0,0,0,1,0,0,1
난포,두바퀴로가는자동차,199,2025.02.21,1,영수증,맛있었으나 회는 별로 였다,맛있었으나 회는 별로 였다,True,normal,199,1번째 방문,True,,,1,맛있었으나 회는 별로 였다,14,14,0,1,0,0,0,0,0,0,0,0,0,0,1,1,0,0,0,0,0,0,1,0,0,0,0,1,1,1,0,1,0,1,1,0,0,1,1,0,1
난포,에스티구르망,1236,2025.01.16,2,영수증,진짜 최고입니다 난포!!!,진짜 최고입니다 난포!!!,True,normal,1236,2번째 방문,True,,,1,진짜 최고입니다 난포,14,11,0,1,0,0,0,0,0,0,0,0,0,0,1,1,1,0,3,1,0,0,1,0,0,0,0,1,1,0,1,1,0,1,1,0,0,1,1,0,0
난포,이우85,2,2025.04.07,1,예약,맛있어요 친구들이 감동했어요,맛있어요 친구들이 감동했어요,True,normal,2,1번째 방문,True,,,1,맛있어요 친구들이 감동했어요,15,15,0,1,0,0,0,0,0,1,1,0,0,0,1,1,0,0,0,0,0,0,0,0,0,0,1,0,0,1,0,1,0,0,0,1,0,0,1,0,0
난포,토마토552,1018,2024.10.05,1,예약,들기름 국수랑 쌈밥 괜찮았음,들기름 국수랑 쌈밥 괜찮았음,True,normal,1018,1번째 방문,True,,,1,들기름 국수랑 쌈밥 괜찮았음,15,15,0,1,0,0,0,0,0,0,0,0,0,0,0,0,0,0,0,0,0,0,0,0,0,0,0,1,1,1,0,0,0,0,0,0,0,1,0,0,1
난포,농수산원정대,31,2025.01.18,1,영수증,건강한 한식 먹는 맛입니다!,건강한 한식 먹는 맛입니다!,True,normal,31,1번째 방문,True,,,1,건강한 한식 먹는 맛입니다,15,14,0,1,0,0,0,0,0,0,0,0,0,0,0,0,0,0,1,0,0,0,0,0,0,0,0,1,0,1,0,0,0,0,0,0,0,1,0,0,1
난포,별별10000,593,2024.11.21,1,예약,예약하고 간 만큼 맛있었어요,예약하고 간 만큼 맛있었어요,True,normal,593,1번째 방문,True,,,1,예약하고 간 만큼 맛있었어요,15,15,0,1,0,0,0,0,0,0,0,0,0,0,1,1,0,0,0,0,0,0,0,0,0,0,0,1,1,1,0,1,0,1,1,0,0,1,1,0,1
난포,kikikiij,1585,2024.09.01,1,영수증,맛이써요 웨이팅!! 필수에여,맛이써요 웨이팅!! 필수에여,True,normal,1585,1번째 방문,True,,,1,맛이써요 웨이팅 필수에여,15,13,0,1,0,0,1,1,0,0,0,0,0,0,0,0,0,0,2,0,0,0,0,0,0,0,0,1,1,1,0,0,0,0,0,1,0,0,0,0,0
난포,dudtls17,796,2024.09.02,1,영수증,"제스타일,, 너무 맛있었어요","제스타일,, 너무 맛있었어요",True,normal,796,1번째 방문,True,,,1,제스타일 너무 맛있었어요,15,13,0,1,0,0,0,0,0,0,0,0,0,0,1,1,1,0,0,0,0,0,0,0,0,0,0,1,1,1,0,1,0,1,1,0,0,1,1,0,1
난포,히히히흐히히,541,2025.03.18,1,예약,음식 다 맛있었어요 국수 짱맛,음식 다 맛있었어요 국수 짱맛,True,normal,541,1번째 방문,True,,,1,음식 다 맛있었어요 국수 짱맛,16,16,0,1,0,0,0,0,0,0,0,0,0,0,1,1,1,0,0,0,0,0,0,0,0,0,0,1,1,1,0,1,0,1,1,0,0,1,1,0,1
난포,TalktomeYllopGoose,60,2024.10.08,2,예약,맛있어서 항상 찾는 곳이에요!,맛있어서 항상 찾는 곳이에요!,True,normal,60,2번째 방문,True,,,1,맛있어서 항상 찾는 곳이에요,16,15,0,1,0,0,0,0,0,0,0,0,0,0,1,1,0,0,1,0,0,0,0,0,0,0,0,1,1,0,1,1,0,1,1,0,0,1,1,0,0
난포,내일봐,510,2024.08.23,1,영수증,묵은지말이 무조건 드셔야합니다,묵은지말이 무조건 드셔야합니다,True,normal,510,1번째 방문,True,,,1,묵은지말이 무조건 드셔야합니다,16,16,0,1,0,0,0,0,0,0,0,0,0,0,0,0,0,0,0,0,0,0,0,0,0,0,0,1,1,1,0,0,0,0,0,0,0,1,0,0,1
난포,바람5711,508,2024.03.22,1,예약,메뉴 다 건강한맛 맛있어요🫶🏻,메뉴 다 건강한맛 맛있어요🫶🏻,True,normal,508,1번째 방문,True,,,1,메뉴 다 건강한맛 맛있어요,16,14,0,1,0,0,0,0,0,0,0,0,0,0,1,1,0,0,0,0,0,0,0,0,0,0,0,1,1,1,0,1,0,1,1,0,0,1,1,0,1
난포,리뷰파이터요세프,647,2026.04.06,1,영수증,"맛있는지는 사실 모르겠어요,,,","맛있는지는 사실 모르겠어요,,,",True,normal,647,1번째 방문,True,,,1,맛있는지는 사실 모르겠어요,17,14,0,1,0,0,0,0,0,0,0,0,0,0,1,1,0,0,0,0,0,0,0,0,0,0,0,1,1,1,0,1,0,1,1,0,0,1,1,0,1
난포,앵두랜드,36,2026.01.16,1,예약,깔끔하고 예약이 수월해서 좋아요,깔끔하고 예약이 수월해서 좋아요,True,normal,36,1번째 방문,True,,,1,깔끔하고 예약이 수월해서 좋아요,17,17,0,1,0,0,0,0,0,0,0,0,0,0,1,1,0,0,0,0,0,0,0,0,0,0,0,1,0,1,0,1,0,1,1,0,0,1,1,0,1
난포,별아Ssi,338,2025.06.04,1,영수증,비쥬얼에 비해 맛은 평범해요 ~,비쥬얼에 비해 맛은 평범해요 ~,True,normal,338,1번째 방문,True,,,1,비쥬얼에 비해 맛은 평범해요,17,15,0,1,0,0,0,0,0,0,0,0,0,0,0,0,0,0,0,0,0,0,0,0,0,0,0,1,1,1,0,0,0,0,0,0,0,1,0,0,1
난포,유후이이이,1145,2025.04.27,1,영수증,맛있어요 쌈밥은 조금 슴슴하네여,맛있어요 쌈밥은 조금 슴슴하네여,True,normal,1145,1번째 방문,True,,,1,맛있어요 쌈밥은 조금 슴슴하네여,17,17,0,1,0,0,0,0,0,0,0,0,0,0,1,1,0,0,0,0,0,0,0,0,0,0,0,1,1,1,0,1,0,1,1,0,0,1,1,0,1
난포,SSUMS,702,2025.03.06,1,영수증,간이 세지 않아서 더 좋았어요!,간이 세지 않아서 더 좋았어요!,True,normal,702,1번째 방문,True,,,1,간이 세지 않아서 더 좋았어요,17,16,0,1,0,0,0,0,0,0,0,0,0,0,0,0,0,0,1,0,0,0,0,0,0,0,0,1,1,1,0,0,0,0,0,0,0,1,0,0,1
난포,빛나라두부,977,2024.05.05,1,예약,묵은지활어(?)가 맛있었어요!!,묵은지활어(?)가 맛있었어요!!,True,normal,977,1번째 방문,True,,,1,묵은지활어 가 맛있었어요,17,13,0,1,0,0,0,0,0,0,0,0,0,0,1,1,0,0,2,0,0,0,0,0,0,0,0,1,1,1,0,1,0,1,1,0,0,1,1,0,1
난포,진진왕자님,134,2026.02.28,1,예약,건강해지는 기분이에요 담백쓰~~!,건강해지는 기분이에요 담백쓰~~!,True,normal,134,1번째 방문,True,,,1,건강해지는 기분이에요 담백쓰,18,15,0,1,0,0,0,0,0,0,0,0,0,0,0,0,0,0,1,0,0,0,0,0,0,0,0,1,1,1,0,0,0,0,0,0,0,1,0,0,1
난포,눈누난나920,36,2025.09.20,1,영수증,웨이팅할만큼 특별한 맛은 없습니다,웨이팅할만큼 특별한 맛은 없습니다,True,normal,36,1번째 방문,True,,,1,웨이팅할만큼 특별한 맛은 없습니다,18,18,0,1,0,0,1,1,0,0,0,0,0,0,0,0,0,0,0,0,0,0,0,0,0,0,0,1,0,1,0,0,0,0,0,1,0,0,0,0,0
난포,kav****,44,2025.08.06,1,예약,"성수하면 난포, 난포하면 성수!!","성수하면 난포, 난포하면 성수!!",True,normal,44,1번째 방문,True,,,1,성수하면 난포 난포하면 성수,18,15,0,1,0,0,0,0,0,0,0,0,0,0,0,0,0,0,2,0,0,0,0,0,0,0,0,1,0,1,0,0,0,0,0,0,0,1,0,0,1
난포,Anne1598,8,2025.01.22,2,예약,건강하고 맛있는 밥~적극추천합니다,건강하고 맛있는 밥~적극추천합니다,True,normal,8,2번째 방문,True,,,1,건강하고 맛있는 밥 적극추천합니다,18,18,0,1,0,0,0,0,0,0,0,0,0,0,2,1,0,0,0,0,0,0,0,0,0,0,0,0,0,0,1,1,0,1,1,0,0,1,1,0,0
난포,데비르밍,15,2024.09.10,1,예약,한식을 다양하게 푸는 맛이 좋았음,한식을 다양하게 푸는 맛이 좋았음,True,normal,15,1번째 방문,True,,,1,한식을 다양하게 푸는 맛이 좋았음,18,18,0,1,0,0,0,0,0,0,0,0,0,0,0,0,0,0,0,0,0,0,0,0,0,0,0,1,0,1,0,0,0,0,0,0,0,1,0,0,1
난포,구름67,10,2026.03.07,1,예약,너무 색다르고 맛있어서 또 가려구요,너무 색다르고 맛있어서 또 가려구요,True,normal,10,1번째 방문,True,,,1,너무 색다르고 맛있어서 또 가려구요,19,19,0,1,0,0,0,0,0,0,0,0,0,0,1,1,1,0,0,0,0,0,0,0,0,0,0,1,0,1,0,1,0,1,1,0,0,1,1,0,1
난포,삐삐님0,94,2025.07.20,1,영수증,가격에 비해서 양이 진짜 적긴해요😂,가격에 비해서 양이 진짜 적긴해요😂,True,normal,94,1번째 방문,True,,,1,가격에 비해서 양이 진짜 적긴해요,19,18,0,1,0,0,1,1,0,0,0,0,0,0,0,0,1,0,0,0,0,0,0,0,0,0,0,1,1,1,0,0,0,0,0,1,0,0,0,0,0
난포,navyle,38,2024.07.12,1,예약,맛도 그닥 직원들 서비스도 그닥..,맛도 그닥 직원들 서비스도 그닥..,True,normal,38,1번째 방문,True,,,1,맛도 그닥 직원들 서비스도 그닥,19,17,0,1,0,0,2,1,1,0,0,0,0,0,0,0,0,0,0,0,1,1,0,0,0,0,0,1,0,1,0,0,0,0,0,1,0,0,0,1,0
난포,심심타파07,977,2025.11.07,1,영수증,지나가다 우연히 방문했어요 단백하네요,지나가다 우연히 방문했어요 단백하네요,True,normal,977,1번째 방문,True,,,1,지나가다 우연히 방문했어요 단백하네요,20,20,0,1,0,0,0,0,0,0,0,0,0,0,0,0,0,0,0,0,0,0,0,0,0,0,0,1,1,1,0,0,0,0,0,0,0,1,0,0,1
난포,kkimme,1183,2025.02.14,1,예약,간이 밍밍해서 생각보다 그냥 그랬어요,간이 밍밍해서 생각보다 그냥 그랬어요,True,normal,1183,1번째 방문,True,,,1,간이 밍밍해서 생각보다 그냥 그랬어요,20,20,0,1,0,0,0,0,0,0,0,0,0,0,0,0,0,0,0,0,0,0,0,0,0,0,0,1,1,1,0,0,0,0,0,0,0,1,0,0,1
난포,행복이해플,703,2025.01.22,1,영수증,진짜 다 맛있어요!!! 깔끔 정갈!!,진짜 다 맛있어요!!! 깔끔 정갈!!,True,normal,703,1번째 방문,True,,,1,진짜 다 맛있어요 깔끔 정갈,20,15,0,1,0,0,0,0,0,0,0,0,0,0,1,1,1,0,5,1,0,0,1,0,0,0,0,1,1,1,0,1,0,1,1,0,0,1,1,0,1
난포,민초몬,587,2024.06.26,1,예약,깔끔하고 정갈한 음식이 맛있습니다:),깔끔하고 정갈한 음식이 맛있습니다:),True,normal,587,1번째 방문,True,,,1,깔끔하고 정갈한 음식이 맛있습니다,20,18,0,1,0,0,0,0,0,0,0,0,0,0,1,1,0,0,0,0,0,0,0,0,0,0,0,1,1,1,0,1,0,1,1,0,0,1,1,0,1
난포,하리보73,34,2025.04.03,1,예약,왜 인기인지 알겠더라구요! 또 갈거에용,왜 인기인지 알겠더라구요! 또 갈거에용,True,normal,34,1번째 방문,True,,,1,왜 인기인지 알겠더라구요 또 갈거에용,21,20,0,1,0,0,0,0,0,0,0,0,0,0,0,0,0,0,1,0,0,0,0,0,0,0,0,1,0,1,0,0,0,0,0,0,0,1,0,0,1
난포,SKJG,672,2024.05.05,1,영수증,메뉴 전부 맛있어요 담백하고 깔끔해요😋,메뉴 전부 맛있어요 담백하고 깔끔해요😋,True,normal,672,1번째 방문,True,,,1,메뉴 전부 맛있어요 담백하고 깔끔해요,21,20,0,1,0,0,0,0,0,0,0,0,0,0,1,1,0,0,0,0,0,0,0,0,0,0,0,1,1,1,0,1,0,1,1,0,0,1,1,0,1
난포,케이트10,114,2025.10.10,1,예약,성수점은 처음인데 역시 맛있고 친절하네요,성수점은 처음인데 역시 맛있고 친절하네요,True,normal,114,1번째 방문,True,,,1,성수점은 처음인데 역시 맛있고 친절하네요,22,22,0,1,0,0,1,1,0,0,0,0,0,0,1,1,0,0,0,0,0,0,0,0,0,0,0,1,1,1,0,1,0,0,0,1,0,0,1,0,0
난포,푸테이토,378,2025.08.23,2,영수증,"언제나 맛있는 난포, 오늘도 잘 먹고가요","언제나 맛있는 난포, 오늘도 잘 먹고가요",True,normal,378,2번째 방문,True,,,1,언제나 맛있는 난포 오늘도 잘 먹고가요,22,21,0,1,0,0,0,0,0,0,0,0,0,0,1,1,0,0,0,0,0,0,0,0,0,0,0,1,1,0,1,1,0,1,1,0,0,1,1,0,0
난포,스피키 네르지 마세요,3086,2024.06.13,1,영수증,돌문어간장국수와 제철회묵은지말이는 차갑다,돌문어간장국수와 제철회묵은지말이는 차갑다,True,normal,3086,1번째 방문,True,,,1,돌문어간장국수와 제철회묵은지말이는 차갑다,22,22,0,1,0,0,0,0,0,0,0,0,0,0,0,0,0,0,0,0,0,0,0,0,0,0,0,1,1,1,0,0,0,0,0,0,0,1,0,0,1
난포,모든것 감사,1203,2025.03.29,1,영수증,종류 별로 다양하게 ㅋ 맛있게 먹었네요^^,종류 별로 다양하게 ㅋ 맛있게 먹었네요^^,True,normal,1203,1번째 방문,True,,,1,종류 별로 다양하게 맛있게 먹었네요,23,19,0,1,0,0,0,0,0,0,0,0,0,0,1,1,0,0,0,0,0,0,1,0,0,0,0,1,1,1,0,1,0,1,1,0,0,1,1,0,1
난포,청춘용이,902,2025.01.22,1,예약,맛있어요~ 특별해서 좋고 분위기도 좋습니다,맛있어요~ 특별해서 좋고 분위기도 좋습니다,True,normal,902,1번째 방문,True,,,1,맛있어요 특별해서 좋고 분위기도 좋습니다,23,22,0,1,0,0,1,1,0,0,0,0,0,0,1,1,0,0,0,0,0,0,0,0,0,0,0,1,1,1,0,1,0,0,0,1,0,0,1,0,0
난포,샐리니,1037,2024.10.25,1,예약,음식 금방나와요 양은 작은편입니다 맛있어요,음식 금방나와요 양은 작은편입니다 맛있어요,True,normal,1037,1번째 방문,True,,,1,음식 금방나와요 양은 작은편입니다 맛있어요,23,23,0,1,0,0,0,0,0,0,0,0,0,0,1,1,0,0,0,0,0,0,0,0,0,0,0,1,1,1,0,1,0,1,1,0,0,1,1,0,1
난포,임과함께,1338,2024.06.28,1,,회국수랑 김치말이회덮밥이 완전 짱 맛나용.,회국수랑 김치말이회덮밥이 완전 짱 맛나용.,True,normal,1338,1번째 방문,True,,,1,회국수랑 김치말이회덮밥이 완전 짱 맛나용,23,22,0,1,0,0,0,0,0,0,0,0,0,0,0,0,2,0,0,0,0,0,0,0,0,0,0,1,1,1,0,0,0,0,0,0,0,1,0,0,1
난포,임꺽정34,147,2024.08.10,1,영수증,맛있ㅇ었고 다음에는 부모님과 같이 와야겠음,맛있ㅇ었고 다음에는 부모님과 같이 와야겠음,True,normal,147,1번째 방문,True,,,1,맛있 었고 다음에는 부모님과 같이 와야겠음,23,23,0,1,0,0,0,0,0,0,0,0,0,0,1,1,0,0,0,0,0,0,0,0,0,0,0,1,1,1,0,1,0,1,1,0,0,1,1,0,1
난포,나5201,1661,2024.10.19,1,영수증,맛있어요. 다음엔 다른 메뉴 먹어봐야겠어요.,맛있어요. 다음엔 다른 메뉴 먹어봐야겠어요.,True,normal,1661,1번째 방문,True,,,1,맛있어요 다음엔 다른 메뉴 먹어봐야겠어요,24,22,0,1,0,0,0,0,0,0,0,0,0,0,1,1,0,0,0,0,0,0,0,0,0,0,0,1,1,1,0,1,0,1,1,0,0,1,1,0,1
난포,천일홍33,800,2024.08.27,1,영수증,음식 깔끔하고 맛나네요 맛나게 잘 멋었습니다,음식 깔끔하고 맛나네요 맛나게 잘 멋었습니다,True,normal,800,1번째 방문,True,,,1,음식 깔끔하고 맛나네요 맛나게 잘 멋었습니다,24,24,0,1,0,0,0,0,0,0,0,0,0,0,0,0,0,0,0,0,0,0,0,0,0,0,0,1,1,1,0,0,0,0,0,0,0,1,0,0,1
난포,내가먼저2,34,2026.05.01,1,예약,건강한 음식을 맛있게 먹을 수 있어서 좋아요~,건강한 음식을 맛있게 먹을 수 있어서 좋아요~,True,normal,34,1번째 방문,True,,,1,건강한 음식을 맛있게 먹을 수 있어서 좋아요,25,24,0,1,0,0,0,0,0,0,0,0,0,0,2,1,0,0,0,0,0,0,0,0,0,0,0,1,0,1,0,1,0,1,1,0,0,1,1,0,1
난포,로렌2548,36,2025.07.31,1,예약,음식이 깔끔하고 정갈해서 맛있는 식사를 했어요,음식이 깔끔하고 정갈해서 맛있는 식사를 했어요,True,normal,36,1번째 방문,True,,,1,음식이 깔끔하고 정갈해서 맛있는 식사를 했어요,25,25,0,1,0,0,0,0,0,0,0,0,0,0,1,1,0,0,0,0,0,0,0,0,0,0,0,1,0,1,0,1,0,1,1,0,0,1,1,0,1
난포,오이시쿠나레 모에모에 뀽,1480,2025.05.15,1,영수증,맛있어요.ᐟ.ᐟ 양이 좀 적긴 한데 맛있어요😄,맛있어요.ᐟ.ᐟ 양이 좀 적긴 한데 맛있어요😄,True,normal,1480,1번째 방문,True,,,1,맛있어요 양이 좀 적긴 한데 맛있어요,25,20,0,1,0,0,0,0,0,0,0,0,0,0,2,1,0,0,0,0,0,0,0,0,0,0,0,1,1,1,0,1,0,1,1,0,0,1,1,0,1
난포,밍3634,553,2025.02.27,1,영수증,음식이 나오는데 좀 걸리김 하지만 맛은 있어요,음식이 나오는데 좀 걸리김 하지만 맛은 있어요,True,normal,553,1번째 방문,True,,,1,음식이 나오는데 좀 걸리김 하지만 맛은 있어요,25,25,0,1,0,0,0,0,0,0,0,0,0,0,0,0,0,0,0,0,0,0,0,0,0,0,0,1,1,1,0,0,0,0,0,0,0,1,0,0,1
난포,무무지mm,7,2025.12.28,1,예약,너무 맛있고 분위기랑 인테리어가 너무 좋아요!!,너무 맛있고 분위기랑 인테리어가 너무 좋아요!!,True,normal,7,1번째 방문,True,,,1,너무 맛있고 분위기랑 인테리어가 너무 좋아요,26,24,0,1,0,0,1,1,0,0,0,0,0,0,2,1,2,0,2,0,0,0,0,0,0,0,0,0,0,1,0,1,0,0,0,1,0,0,1,0,0
난포,까꿍이7040,238,2024.12.20,2,영수증,정말 정말 매우 매우 맛있어! 맛있어! 맛있어!,정말 정말 매우 매우 맛있어! 맛있어! 맛있어!,True,normal,238,2번째 방문,True,,,1,정말 정말 매우 매우 맛있어 맛있어 맛있어,26,23,0,1,0,0,0,0,0,0,0,0,0,0,3,1,0,0,3,1,0,0,0,0,0,0,0,1,1,0,1,1,0,1,1,0,0,1,1,0,0
난포,pensieve26,1776,2024.06.20,1,영수증,돌문어 간장국수/ 제철회 묵은지말이/ 강된장쌈밥,돌문어 간장국수/ 제철회 묵은지말이/ 강된장쌈밥,True,normal,1776,1번째 방문,True,,,1,돌문어 간장국수 제철회 묵은지말이 강된장쌈밥,26,24,0,1,0,0,0,0,0,0,0,0,0,0,0,0,0,0,0,0,0,0,0,0,0,0,0,1,1,1,0,0,0,0,0,0,0,1,0,0,1
난포,티스타일,852,2025.10.09,1,영수증,자극적이지 않고 건강한 맛이었습니다. 깔끔합니다.,자극적이지 않고 건강한 맛이었습니다. 깔끔합니다.,True,normal,852,1번째 방문,True,,,1,자극적이지 않고 건강한 맛이었습니다 깔끔합니다,27,25,0,1,0,0,0,0,0,0,0,0,0,0,0,0,0,0,0,0,0,0,0,0,0,0,0,1,1,1,0,0,0,0,0,0,0,1,0,0,1
난포,kenit,2192,2025.04.03,3,영수증,강된장쌈밥과 새우감자전^^ 건강하게 맛있습니다~~,강된장쌈밥과 새우감자전^^ 건강하게 맛있습니다~~,True,normal,2192,3번째 방문,True,,,1,강된장쌈밥과 새우감자전 건강하게 맛있습니다,27,23,0,1,0,0,0,0,0,0,0,0,0,0,1,1,0,0,0,0,0,0,0,0,0,0,0,1,1,0,1,1,0,1,1,0,0,1,1,0,0
난포,엘리머스크,577,2025.05.02,1,예약,우연치 않게 빠르게 예약 후 바로 입장 특별한 메뉴,우연치 않게 빠르게 예약 후 바로 입장 특별한 메뉴,True,normal,577,1번째 방문,True,,,1,우연치 않게 빠르게 예약 후 바로 입장 특별한 메뉴,28,28,0,1,0,0,0,0,0,0,0,0,0,0,0,0,0,0,0,0,0,0,0,0,0,0,0,1,1,1,0,0,0,0,0,0,0,1,0,0,1
난포,sensenpapa,82,2024.08.18,1,예약,다음에 또 방문할게요!! 맛있게 잘 먹고 갑니다!!,다음에 또 방문할게요!! 맛있게 잘 먹고 갑니다!!,True,normal,82,1번째 방문,True,,,1,다음에 또 방문할게요 맛있게 잘 먹고 갑니다,28,24,0,1,0,0,0,0,0,0,0,0,0,0,1,1,0,0,4,1,0,0,0,1,1,0,0,1,1,1,0,1,0,1,1,0,0,1,1,0,1
난포,금융어린이,663,2024.07.09,1,예약,난포 오랜만에 왔습니다! :) 늘 사람많고 맛있네요!,난포 오랜만에 왔습니다! :) 늘 사람많고 맛있네요!,True,normal,663,1번째 방문,True,,,1,난포 오랜만에 왔습니다 늘 사람많고 맛있네요,29,24,0,1,0,0,0,0,0,0,0,0,0,0,1,1,0,0,2,0,0,0,0,0,0,0,0,1,1,1,0,1,0,1,1,0,0,1,1,0,1
난포,mangoya,328,2024.08.24,1,예약,오래 기다리고 먹었는데 술안주로 좋은 메뉴구성인듯해용,오래 기다리고 먹었는데 술안주로 좋은 메뉴구성인듯해용,True,normal,328,1번째 방문,True,,,1,오래 기다리고 먹었는데 술안주로 좋은 메뉴구성인듯해용,29,29,0,1,0,0,0,0,0,0,0,0,0,0,0,0,0,0,0,0,0,0,0,0,0,0,0,1,1,1,0,0,0,0,0,0,0,1,0,0,1
난포,울랄라맛나,2564,2024.10.20,1,영수증,생각보다 ㅂㄹ.. 걍 평범한 맛인데 웨이팅 왜 하지?,생각보다 ㅂㄹ.. 걍 평범한 맛인데 웨이팅 왜 하지?,True,normal,2564,1번째 방문,True,,,1,생각보다 걍 평범한 맛인데 웨이팅 왜 하지,29,23,0,1,0,0,1,1,0,0,0,0,0,0,0,0,0,0,0,0,0,0,0,0,0,0,0,1,1,1,0,0,0,0,0,1,0,0,0,0,0
난포,라운드치과병원,261,2024.05.09,1,영수증,메뉴가 특색있고 음식이 정갈하게 담겨서 나와요. :),메뉴가 특색있고 음식이 정갈하게 담겨서 나와요. :),True,normal,261,1번째 방문,True,,,1,메뉴가 특색있고 음식이 정갈하게 담겨서 나와요,29,25,0,1,0,0,0,0,0,0,0,0,0,0,0,0,0,0,0,0,0,0,0,0,0,0,0,1,1,1,0,0,0,0,0,0,0,1,0,0,1
난포,인선643,8,2025.10.29,1,예약,블로그용 음식인듯해요 양과 맛에 비해 가격이 쫌 있네요,블로그용 음식인듯해요 양과 맛에 비해 가격이 쫌 있네요,True,normal,8,1번째 방문,True,,,1,블로그용 음식인듯해요 양과 맛에 비해 가격이 쫌 있네요,30,30,0,0,1,0,1,1,0,0,0,0,0,0,0,0,0,0,0,0,0,0,0,0,0,0,0,0,0,1,0,0,0,0,0,1,0,0,0,0,0
난포,작은곰그림자,1279,2025.04.24,1,예약,깔끔하고 맛 있었네요 그런데 다들 무뚝뚝한 편이에요ㅎㅎ,깔끔하고 맛 있었네요 그런데 다들 무뚝뚝한 편이에요ㅎㅎ,True,normal,1279,1번째 방문,True,,,1,깔끔하고 맛 있었네요 그런데 다들 무뚝뚝한 편이에요,30,28,0,0,1,0,0,0,0,0,0,0,0,0,0,0,0,0,0,0,0,0,0,0,0,0,0,1,1,1,0,0,0,0,0,0,0,0,0,0,0
난포,skinnytangerine,565,2024.11.02,1,영수증,난포올때마다먹는 제철회묵은지말이 추천해요 정말 맛잇어요,난포올때마다먹는 제철회묵은지말이 추천해요 정말 맛잇어요,True,normal,565,1번째 방문,True,,,1,난포올때마다먹는 제철회묵은지말이 추천해요 정말 맛잇어요,30,30,0,0,1,0,0,0,0,0,0,0,0,0,1,1,0,0,0,0,0,0,0,0,0,0,0,1,1,1,0,0,0,1,1,0,0,0,0,0,0
난포,성빈맘54,971,2024.09.15,1,영수증,딸과 성수동 데이트~~ 맛있게 잘 먹고 갑니다 ~~^^,딸과 성수동 데이트~~ 맛있게 잘 먹고 갑니다 ~~^^,True,normal,971,1번째 방문,True,,,1,딸과 성수동 데이트 맛있게 잘 먹고 갑니다,30,23,0,0,1,0,0,0,0,1,1,0,0,0,1,1,0,0,0,0,0,0,0,0,0,0,0,1,1,1,0,0,0,0,0,1,0,0,0,0,0
난포,딘이528,104,2025.07.20,1,영수증,국수는 좀 짰어요 그래도 부모님과 함께 맛있게 먹고왔어요,국수는 좀 짰어요 그래도 부모님과 함께 맛있게 먹고왔어요,True,normal,104,1번째 방문,True,,,1,국수는 좀 짰어요 그래도 부모님과 함께 맛있게 먹고왔어요,31,31,0,0,1,0,0,0,0,0,0,0,0,0,1,1,0,0,0,0,0,0,1,0,0,0,0,1,1,1,0,0,0,1,1,0,0,0,0,0,0
난포,Aoaoyr56,7,2025.07.10,1,예약,건강하게 맛있게 먹었습니당〰️ 간이 세지 않아서 좋았어요,건강하게 맛있게 먹었습니당〰️ 간이 세지 않아서 좋았어요,True,normal,7,1번째 방문,True,,,1,건강하게 맛있게 먹었습니당 간이 세지 않아서 좋았어요,31,29,0,0,1,0,0,0,0,0,0,0,0,0,1,1,0,0,0,0,0,0,0,0,0,0,0,0,0,1,0,0,0,1,1,0,0,0,0,0,0
난포,호호1015,88,2025.02.11,1,예약,맛있었어요! 2인에 메뉴 3개정도 ㅎㅎ 가야할 것 같아요,맛있었어요! 2인에 메뉴 3개정도 ㅎㅎ 가야할 것 같아요,True,normal,88,1번째 방문,True,,,1,맛있었어요 2인에 메뉴 3개정도 가야할 것 같아요,31,27,0,0,1,0,0,0,0,0,0,1,0,0,1,1,0,0,1,0,0,0,0,0,0,0,0,1,1,1,0,0,0,1,1,0,0,0,0,0,0
난포,오뎅678,19,2024.10.30,1,예약,"아는 맛인데도 맛있어요, 지인과 술 3병 비우고 갑니다.","아는 맛인데도 맛있어요, 지인과 술 3병 비우고 갑니다.",True,normal,19,1번째 방문,True,,,1,아는 맛인데도 맛있어요 지인과 술 3병 비우고 갑니다,31,29,0,0,1,0,0,0,0,0,0,1,0,0,1,1,0,0,0,0,0,0,0,0,0,0,0,1,0,1,0,0,0,1,1,0,0,0,0,0,0
난포,므엉므엉2,663,2024.10.03,1,영수증,맛있어요. 줄이 길어요. 둘이서 3개는 시켜야 배불러요.,맛있어요. 줄이 길어요. 둘이서 3개는 시켜야 배불러요.,True,normal,663,1번째 방문,True,,,1,맛있어요 줄이 길어요 둘이서 3개는 시켜야 배불러요,31,28,0,0,1,0,0,0,0,0,0,1,0,0,1,1,0,0,0,0,0,0,1,0,0,0,0,1,1,1,0,0,0,1,1,0,0,0,0,0,0
난포,수문장18,531,2025.07.24,4,,서울숲에서 친구들 만날때마다 들르는 단골집입니다. 맛있어요,서울숲에서 친구들 만날때마다 들르는 단골집입니다. 맛있어요,True,normal,531,4번째 방문,True,,,1,서울숲에서 친구들 만날때마다 들르는 단골집입니다 맛있어요,32,31,0,0,1,0,0,0,0,1,1,0,0,0,1,1,0,0,0,0,0,0,0,0,0,0,0,1,1,0,1,0,0,0,0,1,0,0,0,0,0
난포,pineapple,41,2025.05.30,1,예약,배달 말고 매장 방문은 처음! 대표메뉴들 역시나 맛났어요😍,배달 말고 매장 방문은 처음! 대표메뉴들 역시나 맛났어요😍,True,normal,41,1번째 방문,True,,,1,배달 말고 매장 방문은 처음 대표메뉴들 역시나 맛났어요,32,30,0,0,1,0,1,1,0,0,0,0,0,0,0,0,0,0,1,0,0,0,0,0,0,0,0,1,0,1,0,0,0,0,0,1,0,0,0,0,0
난포,upup33,1414,2025.04.06,1,,음식이 다 맛있어요. 쌈밥이 슴슴하니 비빔국수랑 같이 드세요,음식이 다 맛있어요. 쌈밥이 슴슴하니 비빔국수랑 같이 드세요,True,normal,1414,1번째 방문,True,,,1,음식이 다 맛있어요 쌈밥이 슴슴하니 비빔국수랑 같이 드세요,33,32,0,0,1,0,0,0,0,0,0,0,0,0,1,1,0,0,0,0,0,0,0,0,0,0,0,1,1,1,0,0,0,1,1,0,0,0,0,0,0
난포,fam****,43,2025.03.10,1,예약,"양이 적어요! 맛은 너무 평범, 줄 설 정도의 맛 아니네요.","양이 적어요! 맛은 너무 평범, 줄 설 정도의 맛 아니네요.",True,normal,43,1번째 방문,True,,,1,양이 적어요 맛은 너무 평범 줄 설 정도의 맛 아니네요,33,30,0,0,1,0,0,0,0,0,0,0,0,0,0,0,1,0,1,0,0,0,0,0,0,0,0,1,0,1,0,0,0,0,0,0,0,0,0,0,0
난포,kim****,268,2024.12.28,1,영수증,강된장쌈밥 구수하고 맛있어요~~ 다른 메뉴도 맛있게 먹었네요,강된장쌈밥 구수하고 맛있어요~~ 다른 메뉴도 맛있게 먹었네요,True,normal,268,1번째 방문,True,,,1,강된장쌈밥 구수하고 맛있어요 다른 메뉴도 맛있게 먹었네요,33,31,0,0,1,0,0,0,0,0,0,0,0,0,2,1,0,0,0,0,0,0,0,0,0,0,0,1,1,1,0,0,0,1,1,0,0,0,0,0,0
난포,gusrud74,293,2024.08.26,1,영수증,한식을 깔끔하고 맛나게 잘 만들었어요 간도 세지않고 맛있어요,한식을 깔끔하고 맛나게 잘 만들었어요 간도 세지않고 맛있어요,True,normal,293,1번째 방문,True,,,1,한식을 깔끔하고 맛나게 잘 만들었어요 간도 세지않고 맛있어요,33,33,0,0,1,0,0,0,0,0,0,0,0,0,1,1,0,0,0,0,0,0,0,0,0,0,0,1,1,1,0,0,0,1,1,0,0,0,0,0,0
난포,twoson222,29,2024.07.15,1,예약,비쥬얼과 맛이 함께.ㅡ 맛있어서 또 다른 지인과 방문예약함.,비쥬얼과 맛이 함께.ㅡ 맛있어서 또 다른 지인과 방문예약함.,True,normal,29,1번째 방문,True,,,1,비쥬얼과 맛이 함께 맛있어서 또 다른 지인과 방문예약함,33,30,0,0,1,0,0,0,0,0,0,0,0,0,1,1,0,0,0,0,0,0,0,0,0,0,0,1,0,1,0,0,0,1,1,0,0,0,0,0,0
난포,냠냠 맛있게,105,2024.03.09,1,영수증,기다리는 시간이 길었지만 맛이 있는 음식먹을수 있어 좋았어요,기다리는 시간이 길었지만 맛이 있는 음식먹을수 있어 좋았어요,True,normal,105,1번째 방문,True,,,1,기다리는 시간이 길었지만 맛이 있는 음식먹을수 있어 좋았어요,33,33,0,0,1,0,0,0,0,0,0,0,0,0,0,0,0,0,0,0,0,0,1,0,0,0,0,1,1,1,0,0,0,0,0,0,0,0,0,0,0
난포,후추어멍,8,2026.04.27,1,예약,매번 배달 시키다가 매장에서 처음 먹었는데 넘 맛있네요ㅠㅠㅠㅠ,매번 배달 시키다가 매장에서 처음 먹었는데 넘 맛있네요ㅠㅠㅠㅠ,True,normal,8,1번째 방문,True,,,1,매번 배달 시키다가 매장에서 처음 먹었는데 넘 맛있네요,34,30,0,0,1,0,1,1,0,0,0,0,0,0,2,1,0,0,0,0,0,0,0,0,0,0,0,0,0,1,0,0,0,0,0,1,0,0,0,0,0
난포,수문장18,531,2025.07.18,3,예약,작년에 이어 세번째 방문. 서울숲 산책후 점심 맛나게 먹었어요,작년에 이어 세번째 방문. 서울숲 산책후 점심 맛나게 먹었어요,True,normal,531,3번째 방문,True,,,1,작년에 이어 세번째 방문 서울숲 산책후 점심 맛나게 먹었어요,34,33,0,0,1,0,0,0,0,1,1,0,0,0,0,0,0,0,0,0,0,0,0,0,0,0,0,1,1,0,1,0,0,0,0,1,0,0,0,0,0
난포,푸테이토,378,2025.06.03,1,영수증,참기름 풍미가 인상적이었던 난포! 정말 맛나게 식사했어요 :),참기름 풍미가 인상적이었던 난포! 정말 맛나게 식사했어요 :),True,normal,378,1번째 방문,True,,,1,참기름 풍미가 인상적이었던 난포 정말 맛나게 식사했어요,34,30,0,0,1,0,0,0,0,0,0,0,0,0,0,0,0,0,1,0,0,0,0,0,0,0,0,1,1,1,0,0,0,0,0,0,0,0,0,0,0
난포,vhe****,101,2025.10.05,1,영수증,맛있는 된장쌈밥이 생각날 때 가는 곳이에요 곰국도 진하니 좋네요,맛있는 된장쌈밥이 생각날 때 가는 곳이에요 곰국도 진하니 좋네요,True,normal,101,1번째 방문,True,,,1,맛있는 된장쌈밥이 생각날 때 가는 곳이에요 곰국도 진하니 좋네요,35,35,0,0,1,0,0,0,0,0,0,0,0,0,1,1,0,0,0,0,0,0,0,0,0,0,0,1,1,1,0,0,0,1,1,0,0,0,0,0,0
난포,리라로,29,2024.06.19,1,영수증,깔끔하고 맛있어요^^ 양이 많진 않지만 먹다보니 배부르네요^~^,깔끔하고 맛있어요^^ 양이 많진 않지만 먹다보니 배부르네요^~^,True,normal,29,1번째 방문,True,,,1,깔끔하고 맛있어요 양이 많진 않지만 먹다보니 배부르네요,35,30,0,0,1,0,0,0,0,0,0,0,0,0,1,1,0,0,0,0,0,0,0,0,0,0,0,1,0,1,0,0,0,1,1,0,0,0,0,0,0
난포,잘살자00,1461,2026.04.23,1,영수증,딸아이가 예약해서 갔는데 맛있네요. 다음에도 또 방문하고 싶네요.,딸아이가 예약해서 갔는데 맛있네요. 다음에도 또 방문하고 싶네요.,True,normal,1461,1번째 방문,True,,,1,딸아이가 예약해서 갔는데 맛있네요 다음에도 또 방문하고 싶네요,36,34,0,0,1,0,0,0,0,0,0,0,0,0,1,1,0,0,0,0,0,0,0,1,1,0,0,1,1,1,0,0,0,1,1,0,0,0,0,0,0
난포,느ㅏ,311,2025.04.27,2,영수증,둘이서 메뉴 세개 시켜도 배 안차요 ㅎㅎ 슴슴하니 맛 괜찮습니다~,둘이서 메뉴 세개 시켜도 배 안차요 ㅎㅎ 슴슴하니 맛 괜찮습니다~,True,normal,311,2번째 방문,True,,,1,둘이서 메뉴 세개 시켜도 배 안차요 슴슴하니 맛 괜찮습니다,36,32,0,0,1,0,0,0,0,0,0,0,0,0,0,0,0,0,0,0,0,0,0,0,0,0,0,1,1,0,1,0,0,0,0,0,0,0,0,0,0
난포,vnvnxo,45,2025.03.06,1,예약,엄청 맛있습니다! 다음에 서울숲 놀러갈 쯤에 또 가고 싶네요 ㅎㅎ,엄청 맛있습니다! 다음에 서울숲 놀러갈 쯤에 또 가고 싶네요 ㅎㅎ,True,normal,45,1번째 방문,True,,,1,엄청 맛있습니다 다음에 서울숲 놀러갈 쯤에 또 가고 싶네요,36,32,0,0,1,0,0,0,0,0,0,0,0,0,1,1,1,0,1,0,0,0,0,0,0,0,0,1,0,1,0,0,0,1,1,0,0,0,0,0,0
난포,허밍5547,106,2024.07.30,1,예약,예약해서는 처음인데 순서대로 잘 나오고 좋았어요 또 갈랴구요 냠냠,예약해서는 처음인데 순서대로 잘 나오고 좋았어요 또 갈랴구요 냠냠,True,normal,106,1번째 방문,True,,,1,예약해서는 처음인데 순서대로 잘 나오고 좋았어요 또 갈랴구요 냠냠,36,36,0,0,1,0,0,0,0,0,0,0,0,0,0,0,0,0,0,0,0,0,0,0,0,0,0,1,1,1,0,0,0,0,0,0,0,0,0,0,0
난포,제이드43,400,2024.12.31,1,예약,예약이 가능해져서 좋았습니다. 음식 하나하나 맛있었고 만족스러웠어요,예약이 가능해져서 좋았습니다. 음식 하나하나 맛있었고 만족스러웠어요,True,normal,400,1번째 방문,True,,,1,예약이 가능해져서 좋았습니다 음식 하나하나 맛있었고 만족스러웠어요,37,36,0,0,1,0,0,0,0,0,0,0,0,0,1,1,0,0,0,0,0,0,0,0,0,0,0,1,1,1,0,0,0,1,1,0,0,0,0,0,0
난포,qwio12547,14,2024.09.11,1,예약,묵은지 말이가 정말 맛있어요 집 와서도 계속 생각나는 감칠맛이에요🩵,묵은지 말이가 정말 맛있어요 집 와서도 계속 생각나는 감칠맛이에요🩵,True,normal,14,1번째 방문,True,,,1,묵은지 말이가 정말 맛있어요 집 와서도 계속 생각나는 감칠맛이에요,37,36,0,0,1,0,0,0,0,0,0,0,0,0,1,1,0,0,0,0,0,0,0,0,0,0,0,1,0,1,0,0,0,1,1,0,0,0,0,0,0
난포,wjd****,1627,2024.06.02,1,영수증,"여자친구와 제철회국수, 제철회묵은지말이, 강된장쌈밥 먹고 왔어요✌️","여자친구와 제철회국수, 제철회묵은지말이, 강된장쌈밥 먹고 왔어요✌️",True,normal,1627,1번째 방문,True,,,1,여자친구와 제철회국수 제철회묵은지말이 강된장쌈밥 먹고 왔어요,37,33,0,0,1,0,0,0,0,1,1,0,0,0,0,0,0,0,0,0,0,0,0,0,0,0,0,1,1,1,0,0,0,0,0,1,0,0,0,0,0
난포,asdvev,947,2025.12.11,1,영수증,"Pros 면이 꼬들하고, 맛있다. Cons 여자 홀직원이 어리버리하다","Pros 면이 꼬들하고, 맛있다. Cons 여자 홀직원이 어리버리하다",True,normal,947,1번째 방문,True,,,1,Pros 면이 꼬들하고 맛있다 Cons 여자 홀직원이 어리버리하다,38,36,0,0,1,0,1,1,0,0,0,0,0,0,1,1,0,0,0,0,0,0,0,0,0,0,0,1,1,1,0,0,0,0,0,1,0,0,0,0,0
난포,lovely girl77,2333,2024.10.09,1,영수증,음식맛있고 부모님도 좋아하셔요. 공휴일기준 50분정도 대기하였습니다.,음식맛있고 부모님도 좋아하셔요. 공휴일기준 50분정도 대기하였습니다.,True,normal,2333,1번째 방문,True,,,1,음식맛있고 부모님도 좋아하셔요 공휴일기준 50분정도 대기하였습니다,38,36,0,0,1,0,1,1,0,0,0,1,1,1,1,1,0,0,0,0,0,0,0,0,0,0,0,1,1,1,0,0,0,0,0,1,0,0,0,0,0
난포,서울인디언,763,2024.06.06,1,영수증,속에 부대끼지 않고 부담없는 맛이에요 자극적이지않으면서도 맛도 있어요,속에 부대끼지 않고 부담없는 맛이에요 자극적이지않으면서도 맛도 있어요,True,normal,763,1번째 방문,True,,,1,속에 부대끼지 않고 부담없는 맛이에요 자극적이지않으면서도 맛도 있어요,38,38,0,0,1,0,0,0,0,0,0,0,0,0,0,0,0,0,0,0,0,0,0,0,0,0,0,1,1,1,0,0,0,0,0,0,0,0,0,0,0
난포,완밤빵82,343,2025.12.03,1,예약,기대하고 갔는데 넘 맛있썼네용 !!!!! 자극적이지 않고 건강한 한끼!,기대하고 갔는데 넘 맛있썼네용 !!!!! 자극적이지 않고 건강한 한끼!,True,normal,343,1번째 방문,True,,,1,기대하고 갔는데 넘 맛있썼네용 자극적이지 않고 건강한 한끼,39,32,0,0,1,0,0,0,0,0,0,0,0,0,2,1,0,0,6,1,0,0,0,0,0,0,0,1,1,1,0,0,0,1,1,0,0,0,0,0,0
난포,윤짱구32,219,2025.12.27,1,예약,"매장이 큰편은 아니지만, 패딩을 걸어둘 수 있는 공간이 있어 괜찮았어요","매장이 큰편은 아니지만, 패딩을 걸어둘 수 있는 공간이 있어 괜찮았어요",True,normal,219,1번째 방문,True,,,1,매장이 큰편은 아니지만 패딩을 걸어둘 수 있는 공간이 있어 괜찮았어요,39,38,0,0,1,0,1,1,0,0,0,0,0,0,0,0,0,0,0,0,0,0,0,0,0,0,0,1,1,1,0,0,0,0,0,1,0,0,0,0,0
난포,걷는서울,571,2025.02.09,1,영수증,반지하처험 보이지만 들어가보면 밝고 따뜻합니다 겨울에 밥먹기좋은것같아요,반지하처험 보이지만 들어가보면 밝고 따뜻합니다 겨울에 밥먹기좋은것같아요,True,normal,571,1번째 방문,True,,,1,반지하처험 보이지만 들어가보면 밝고 따뜻합니다 겨울에 밥먹기좋은것같아요,39,39,0,0,1,0,0,0,0,1,1,0,0,0,0,0,0,0,0,0,0,0,0,0,0,0,0,1,1,1,0,0,0,0,0,1,0,0,0,0,0
난포,ejch,85,2024.06.19,1,예약,일년에 2~3번은 가는 것 같아요. 넘 맛있는데 양이 좀 적어요. ㅠㅠ,일년에 2~3번은 가는 것 같아요. 넘 맛있는데 양이 좀 적어요. ㅠㅠ,True,normal,85,1번째 방문,True,,,1,일년에 2 3번은 가는 것 같아요 넘 맛있는데 양이 좀 적어요,39,34,0,0,1,0,0,0,0,0,0,1,0,0,2,1,0,0,0,0,0,0,0,0,0,0,0,1,1,1,0,0,0,1,1,0,0,0,0,0,0
난포,ㅇㅂㅇ55,69,2025.08.22,1,예약,짜지않고 슴슴하게 맛있어요 금요일 11시에도 사람이 많으니 꼭 예약하세요,짜지않고 슴슴하게 맛있어요 금요일 11시에도 사람이 많으니 꼭 예약하세요,True,normal,69,1번째 방문,True,,,1,짜지않고 슴슴하게 맛있어요 금요일 11시에도 사람이 많으니 꼭 예약하세요,40,40,0,0,1,0,0,0,0,1,1,1,1,1,1,1,0,0,0,0,0,0,1,0,0,0,0,1,1,1,0,0,0,0,0,1,0,0,0,0,0
난포,슈렉956,249,2024.11.24,1,영수증,2명인데도 난포오면 항상 이렇게 먹는듯 ㅎㅅㅎ 너무 맛있고 좋습니당 ◡̈,2명인데도 난포오면 항상 이렇게 먹는듯 ㅎㅅㅎ 너무 맛있고 좋습니당 ◡̈,True,normal,249,1번째 방문,True,,,1,2명인데도 난포오면 항상 이렇게 먹는듯 너무 맛있고 좋습니당,40,33,0,0,1,0,0,0,0,0,0,1,1,1,1,1,1,0,0,0,0,0,0,0,0,0,0,1,1,1,0,0,0,0,0,1,0,0,0,0,0
난포,니엘지코,135,2025.08.23,1,영수증,주문한 모든게 맛있었어요! 된장쌈밥은 생각보다 삼삼했어요 고급진 한식 좋아,주문한 모든게 맛있었어요! 된장쌈밥은 생각보다 삼삼했어요 고급진 한식 좋아,True,normal,135,1번째 방문,True,,,1,주문한 모든게 맛있었어요 된장쌈밥은 생각보다 삼삼했어요 고급진 한식 좋아,41,40,0,0,1,0,1,1,0,0,0,0,0,0,1,1,0,0,1,0,0,0,0,0,0,0,0,1,1,1,0,0,0,0,0,1,0,0,0,0,0
난포,uck****,213,2025.07.06,1,영수증,음식이 다 예뻐요 아쉬운건 어떤음식은 싱겁고 어떤음식은 짜고 간이 안맞아요,음식이 다 예뻐요 아쉬운건 어떤음식은 싱겁고 어떤음식은 짜고 간이 안맞아요,True,normal,213,1번째 방문,True,,,1,음식이 다 예뻐요 아쉬운건 어떤음식은 싱겁고 어떤음식은 짜고 간이 안맞아요,41,41,0,0,1,0,0,0,0,0,0,0,0,0,0,0,0,0,0,0,0,0,0,0,0,0,0,1,1,1,0,0,0,0,0,0,0,0,0,0,0
난포,몽니하트,433,2025.03.14,1,예약,"엄청난 맛은 아니지만 건강한 맛이고, 가격도 적당했어요. 잘 먹었습니다:)","엄청난 맛은 아니지만 건강한 맛이고, 가격도 적당했어요. 잘 먹었습니다:)",True,normal,433,1번째 방문,True,,,1,엄청난 맛은 아니지만 건강한 맛이고 가격도 적당했어요 잘 먹었습니다,41,37,0,0,1,0,1,1,0,0,0,0,0,0,0,0,1,0,0,0,0,0,0,0,0,0,0,1,1,1,0,0,0,0,0,1,0,0,0,0,0
난포,뽀로롱쀼,852,2024.09.05,1,영수증,역시 한국인 마무리는 된장인기봅니댜~ 퓨전한국음식같고 넘 맛있게 먹고갑니댱,역시 한국인 마무리는 된장인기봅니댜~ 퓨전한국음식같고 넘 맛있게 먹고갑니댱,True,normal,852,1번째 방문,True,,,1,역시 한국인 마무리는 된장인기봅니댜 퓨전한국음식같고 넘 맛있게 먹고갑니댱,41,40,0,0,1,0,0,0,0,0,0,0,0,0,2,1,0,0,0,0,0,0,0,0,0,0,0,1,1,1,0,0,0,1,1,0,0,0,0,0,0
난포,바비리스,70,2024.09.04,1,예약,웨이팅이 많은 난포 소문대로 자극적이지 않구 담백한게 요리가 다 맛있습니다,웨이팅이 많은 난포 소문대로 자극적이지 않구 담백한게 요리가 다 맛있습니다,True,normal,70,1번째 방문,True,,,1,웨이팅이 많은 난포 소문대로 자극적이지 않구 담백한게 요리가 다 맛있습니다,41,41,0,0,1,0,1,1,0,0,0,0,0,0,1,1,0,0,0,0,0,0,0,0,0,0,0,1,1,1,0,0,0,0,0,1,0,0,0,0,0
난포,lalswo,13,2025.02.10,1,예약,여자친구와 같이 갔는데 음식도 빨리 나오고 너무 맛있었어요! 번창하세요~~😀,여자친구와 같이 갔는데 음식도 빨리 나오고 너무 맛있었어요! 번창하세요~~😀,True,normal,13,1번째 방문,True,,,1,여자친구와 같이 갔는데 음식도 빨리 나오고 너무 맛있었어요 번창하세요,42,38,0,0,1,0,0,0,0,1,1,0,0,0,1,1,1,0,1,0,0,0,0,0,0,0,0,1,0,1,0,0,0,0,0,1,0,0,0,0,0
난포,실리카겔31,130,2024.09.13,1,영수증,평일 5시 웨이팅 없이 바로 들어갔어요! 강된장쌈밥 참기름꼬소한게 맛나유~~,평일 5시 웨이팅 없이 바로 들어갔어요! 강된장쌈밥 참기름꼬소한게 맛나유~~,True,normal,130,1번째 방문,True,,,1,평일 5시 웨이팅 없이 바로 들어갔어요 강된장쌈밥 참기름꼬소한게 맛나유,42,39,0,0,1,0,1,1,0,1,1,1,1,1,0,0,0,0,1,0,0,0,0,0,0,0,0,1,1,1,0,0,0,0,0,1,0,0,0,0,0
난포,너구리꼬리곰탕,160,2024.07.22,1,예약,레전드 맛있음 너무 충격먹음 맛잇어서 또 먹으러 가고싶어요 제발 또먹고싶어요,레전드 맛있음 너무 충격먹음 맛잇어서 또 먹으러 가고싶어요 제발 또먹고싶어요,True,normal,160,1번째 방문,True,,,1,레전드 맛있음 너무 충격먹음 맛잇어서 또 먹으러 가고싶어요 제발 또먹고싶어요,42,42,0,0,1,0,0,0,0,0,0,0,0,0,1,1,1,0,0,0,0,0,0,0,0,0,0,1,1,1,0,0,0,1,1,0,0,0,0,0,0
난포,자유부인692,2,2025.10.15,1,예약,예약 하여 가서 바로 입장.. 빠르게 나와 좋았어요 입으로 눈으로 맛 있었어요,예약 하여 가서 바로 입장.. 빠르게 나와 좋았어요 입으로 눈으로 맛 있었어요,True,normal,2,1번째 방문,True,,,1,예약 하여 가서 바로 입장 빠르게 나와 좋았어요 입으로 눈으로 맛 있었어요,43,41,0,0,1,0,0,0,0,0,0,0,0,0,0,0,0,0,0,0,0,0,0,0,0,0,1,0,0,1,0,0,0,0,0,0,0,0,0,0,0
난포,abc1767,279,2024.10.25,1,영수증,회국수 완전 추천드려요. 쫀득쫀득한 회에 매콤달콤한 국수 궁합이 정말 좋아요.,회국수 완전 추천드려요. 쫀득쫀득한 회에 매콤달콤한 국수 궁합이 정말 좋아요.,True,normal,279,1번째 방문,True,,,1,회국수 완전 추천드려요 쫀득쫀득한 회에 매콤달콤한 국수 궁합이 정말 좋아요,43,41,0,0,1,0,0,0,0,0,0,0,0,0,2,1,1,0,0,0,0,0,0,0,0,0,0,1,1,1,0,0,0,1,1,0,0,0,0,0,0
난포,공삼이오,30,2025.03.21,1,예약,예약없이 가면 안되는 곳! 신선하게 잘 먹었습니다ㅎㅎ 되게 유니크한 음식점이에요,예약없이 가면 안되는 곳! 신선하게 잘 먹었습니다ㅎㅎ 되게 유니크한 음식점이에요,True,normal,30,1번째 방문,True,,,1,예약없이 가면 안되는 곳 신선하게 잘 먹었습니다 되게 유니크한 음식점이에요,44,41,0,0,1,0,0,0,0,0,0,0,0,0,0,0,0,0,1,0,0,0,0,0,0,0,0,1,0,1,0,0,0,0,0,0,0,0,0,0,0
난포,히키코모리,479,2024.12.30,1,영수증,항상 먹는 메뉴인데 언제 먹어도 맛있어요. 웨이팅 길지 않아서 바로 들어갔어요.,항상 먹는 메뉴인데 언제 먹어도 맛있어요. 웨이팅 길지 않아서 바로 들어갔어요.,True,normal,479,1번째 방문,True,,,1,항상 먹는 메뉴인데 언제 먹어도 맛있어요 웨이팅 길지 않아서 바로 들어갔어요,44,42,0,0,1,0,1,1,0,0,0,0,0,0,1,1,0,0,0,0,0,0,1,0,0,0,0,1,1,1,0,0,0,0,0,1,0,0,0,0,0
난포,니나뇨3883,1244,2024.10.15,1,영수증,테이블링했어도 엄청 기다렸는데 그런거치고 역대급 그닥..양도 적고 진짜 놀랐어요,테이블링했어도 엄청 기다렸는데 그런거치고 역대급 그닥..양도 적고 진짜 놀랐어요,True,normal,1244,1번째 방문,True,,,1,테이블링했어도 엄청 기다렸는데 그런거치고 역대급 그닥 양도 적고 진짜 놀랐어요,44,43,0,0,1,0,0,0,0,0,0,0,0,0,0,0,2,0,0,0,0,0,0,0,0,0,0,1,1,1,0,0,0,0,0,0,0,0,0,0,0
난포,matzip finder,238,2024.11.12,1,영수증,한식 맛집으로 단언컨대 최고 같아요! 한남점도 서울숲점도 늘 맛있게 먹고 가요👍🏻,한식 맛집으로 단언컨대 최고 같아요! 한남점도 서울숲점도 늘 맛있게 먹고 가요👍🏻,True,normal,238,1번째 방문,True,,,1,한식 맛집으로 단언컨대 최고 같아요 한남점도 서울숲점도 늘 맛있게 먹고 가요,45,42,0,0,1,0,0,0,0,0,0,0,0,0,3,1,0,0,1,0,0,0,0,0,0,0,0,1,1,1,0,0,0,1,1,0,0,0,0,0,0
난포,S iron,21,2024.08.14,1,예약,주문한 음식 다 맛있어요 ^^ 직원분들 친절하고 좀 아쉬운게 매장이 살짝 더웠어요,주문한 음식 다 맛있어요 ^^ 직원분들 친절하고 좀 아쉬운게 매장이 살짝 더웠어요,True,normal,21,1번째 방문,True,,,1,주문한 음식 다 맛있어요 직원분들 친절하고 좀 아쉬운게 매장이 살짝 더웠어요,45,42,0,0,1,0,4,1,1,0,0,0,0,0,1,1,0,0,0,0,0,0,0,0,0,0,0,1,0,1,0,0,0,0,0,1,0,0,0,0,0
난포,푸른자연휴양림,1424,2024.04.27,1,,캐치테이블로 미리 웨이팅 걸어놓고 놀다가 오니까 기다릴만 했어요 ~~ 맛있더라구용,캐치테이블로 미리 웨이팅 걸어놓고 놀다가 오니까 기다릴만 했어요 ~~ 맛있더라구용,True,normal,1424,1번째 방문,True,,,1,캐치테이블로 미리 웨이팅 걸어놓고 놀다가 오니까 기다릴만 했어요 맛있더라구용,45,42,0,0,1,0,1,1,0,0,0,0,0,0,1,1,0,0,0,0,0,0,0,0,0,0,0,1,1,1,0,0,0,0,0,1,0,0,0,0,0
난포,sngylkm,11,2025.07.23,1,예약,불고기 쌈밥이 특이했고 새우 감자전은 맛있었어요 문어국수는 다소 호불호가 있어보여요,불고기 쌈밥이 특이했고 새우 감자전은 맛있었어요 문어국수는 다소 호불호가 있어보여요,True,normal,11,1번째 방문,True,,,1,불고기 쌈밥이 특이했고 새우 감자전은 맛있었어요 문어국수는 다소 호불호가 있어보여요,46,46,0,0,1,0,0,0,0,0,0,0,0,0,1,1,0,0,0,0,0,0,0,0,0,0,0,1,0,1,0,0,0,1,1,0,0,0,0,0,0
난포,살아야저리가,349,2024.06.01,1,영수증,아주 대만족 간이 세지 않고 적당하구 대화하기 좋고 옛날 음악 듣는 것도 좋았어요!,아주 대만족 간이 세지 않고 적당하구 대화하기 좋고 옛날 음악 듣는 것도 좋았어요!,True,normal,349,1번째 방문,True,,,1,아주 대만족 간이 세지 않고 적당하구 대화하기 좋고 옛날 음악 듣는 것도 좋았어요,46,45,0,0,1,0,0,0,0,0,0,0,0,0,0,0,0,0,1,0,0,0,0,0,0,0,0,1,1,1,0,0,0,0,0,0,0,0,0,0,0
난포,kam****,14,2024.04.05,1,예약,모든 음식이.맛있고 정갈해요 특히 전복들깨국수 정말 맛있어요!!!! 강추 합니다!!,모든 음식이.맛있고 정갈해요 특히 전복들깨국수 정말 맛있어요!!!! 강추 합니다!!,True,normal,14,1번째 방문,True,,,1,모든 음식이 맛있고 정갈해요 특히 전복들깨국수 정말 맛있어요 강추 합니다,46,40,0,0,1,0,0,0,0,0,0,0,0,0,3,1,0,0,6,1,0,0,0,0,0,0,0,1,0,1,0,0,0,1,1,0,0,0,0,0,0
난포,콩이3789,32,2025.07.24,1,예약,너무 맛있다. 회비빔국수는 맛있어서 집에서 따라하며 해먹었다. 그 맛이 안났지만ㅎㅎㅎ,너무 맛있다. 회비빔국수는 맛있어서 집에서 따라하며 해먹었다. 그 맛이 안났지만ㅎㅎㅎ,True,normal,32,1번째 방문,True,,,1,너무 맛있다 회비빔국수는 맛있어서 집에서 따라하며 해먹었다 그 맛이 안났지만,47,42,0,0,1,0,0,0,0,0,0,0,0,0,2,1,1,0,0,0,0,0,0,0,0,0,0,1,0,1,0,0,0,1,1,0,0,0,0,0,0
난포,에스티구르망,1236,2025.05.22,3,영수증,자극적이지 않고 자꾸 땡기는 음식들입니다. 기분 좋게 항상 식사하고 나오는 곳 난포!,자극적이지 않고 자꾸 땡기는 음식들입니다. 기분 좋게 항상 식사하고 나오는 곳 난포!,True,normal,1236,3번째 방문,True,,,1,자극적이지 않고 자꾸 땡기는 음식들입니다 기분 좋게 항상 식사하고 나오는 곳 난포,47,45,0,0,1,0,0,0,0,0,0,0,0,0,0,0,0,0,1,0,0,0,0,0,0,0,0,1,1,0,1,0,0,0,0,0,0,0,0,0,0
난포,ieo****,95,2025.10.11,1,영수증,강된장쌈밥이 푸짐하고 맛있어서 자주 찾게 되네요 된장향도 은은하고 밑반찬도 잘 어울려요,강된장쌈밥이 푸짐하고 맛있어서 자주 찾게 되네요 된장향도 은은하고 밑반찬도 잘 어울려요,True,normal,95,1번째 방문,True,,,1,강된장쌈밥이 푸짐하고 맛있어서 자주 찾게 되네요 된장향도 은은하고 밑반찬도 잘 어울려요,48,48,0,0,1,0,0,0,0,0,0,0,0,0,1,1,0,0,0,0,0,0,0,0,0,0,0,1,1,1,0,0,0,1,1,0,0,0,0,0,0
난포,tkf****,54,2025.06.01,1,영수증,"맛있는데, 웨이팅과 가격대비해서는 보통이였어요ㅜ.ㅜ 건강하고 슴슴한 맛 좋아하시면 추천","맛있는데, 웨이팅과 가격대비해서는 보통이였어요ㅜ.ㅜ 건강하고 슴슴한 맛 좋아하시면 추천",True,normal,54,1번째 방문,True,,,1,맛있는데 웨이팅과 가격대비해서는 보통이였어요 건강하고 슴슴한 맛 좋아하시면 추천,48,44,0,0,1,0,2,1,1,0,0,0,0,0,2,1,0,0,0,0,0,0,0,0,0,0,0,1,1,1,0,0,0,0,0,1,0,0,0,0,0
난포,둡두부둡둡,1197,2025.08.08,1,예약,예전부터 와보고 싶었는데 드디어 왔네요! 깔끔 담백 그 자체라 부모님도 맛나게 드셨어요!,예전부터 와보고 싶었는데 드디어 왔네요! 깔끔 담백 그 자체라 부모님도 맛나게 드셨어요!,True,normal,1197,1번째 방문,True,,,1,예전부터 와보고 싶었는데 드디어 왔네요 깔끔 담백 그 자체라 부모님도 맛나게 드셨어요,49,47,0,0,1,0,0,0,0,0,0,0,0,0,0,0,0,0,2,0,0,0,0,0,0,0,0,1,1,1,0,0,0,0,0,0,0,0,0,0,0
난포,러브홀릭37,501,2024.04.05,1,예약,맛이 담백합니다 특별한 메뉴는 아니지만 건강하게 기분좋게 먹을수있는 음식들이었어요 강추!,맛이 담백합니다 특별한 메뉴는 아니지만 건강하게 기분좋게 먹을수있는 음식들이었어요 강추!,True,normal,501,1번째 방문,True,,,1,맛이 담백합니다 특별한 메뉴는 아니지만 건강하게 기분좋게 먹을수있는 음식들이었어요 강추,49,48,0,0,1,0,0,0,0,0,0,0,0,0,1,1,0,0,1,0,0,0,0,0,0,0,0,1,1,1,0,0,0,1,1,0,0,0,0,0,0
난포,리뷰경보쟁이,548,2024.05.01,1,영수증,세시간 웨이팅.. 매장엔 30분 남짓 머물다 갔음 음식먹을만 했고 웨이팅이 너무함.....,세시간 웨이팅.. 매장엔 30분 남짓 머물다 갔음 음식먹을만 했고 웨이팅이 너무함.....,True,normal,548,1번째 방문,True,,,1,세시간 웨이팅 매장엔 30분 남짓 머물다 갔음 음식먹을만 했고 웨이팅이 너무함,50,43,0,0,1,0,3,1,1,0,0,1,1,1,0,0,1,0,0,0,0,0,0,0,0,0,0,1,1,1,0,0,0,0,0,1,0,0,0,0,0
난포,kim****,663,2024.10.25,1,영수증,서울의 숲 갔다가 발견한 맛집. 세대불문 다 좋아할거 같은 비쥬얼과 맛. 탁월한 선택이였어요,서울의 숲 갔다가 발견한 맛집. 세대불문 다 좋아할거 같은 비쥬얼과 맛. 탁월한 선택이였어요,True,normal,663,1번째 방문,True,,,1,서울의 숲 갔다가 발견한 맛집 세대불문 다 좋아할거 같은 비쥬얼과 맛 탁월한 선택이였어요,51,49,0,0,1,0,0,0,0,0,0,0,0,0,1,1,0,0,0,0,0,0,0,0,0,0,0,1,1,1,0,0,0,1,1,0,0,0,0,0,0
난포,gir****,194,2025.11.09,1,영수증,밥 한 끼 제대로 먹고 싶을 때 찾게 되는 곳이에요 쌈밥이 푸짐하고 된장 맛이 깊어서 좋았어요,밥 한 끼 제대로 먹고 싶을 때 찾게 되는 곳이에요 쌈밥이 푸짐하고 된장 맛이 깊어서 좋았어요,True,normal,194,1번째 방문,True,,,1,밥 한 끼 제대로 먹고 싶을 때 찾게 되는 곳이에요 쌈밥이 푸짐하고 된장 맛이 깊어서 좋았어요,52,52,0,0,1,0,0,0,0,0,0,0,0,0,0,0,0,0,0,0,0,0,0,0,0,0,0,1,1,1,0,0,0,0,0,0,0,0,0,0,0
난포,자이당43,10,2024.10.22,1,예약,건강한 퓨전 음식 부담스럽지 않게 잘 먹었습니다. 전체적으로 적당한 간이 제일 맘에 들었네요!,건강한 퓨전 음식 부담스럽지 않게 잘 먹었습니다. 전체적으로 적당한 간이 제일 맘에 들었네요!,True,normal,10,1번째 방문,True,,,1,건강한 퓨전 음식 부담스럽지 않게 잘 먹었습니다 전체적으로 적당한 간이 제일 맘에 들었네요,52,50,0,0,1,0,0,0,0,0,0,0,0,0,0,0,0,0,1,0,0,0,0,0,0,0,0,1,0,1,0,0,0,0,0,0,0,0,0,0,0
난포,새벽별6369,381,2024.05.23,1,영수증,바싹하고 마른새우향도 많이 나는 감자전 묵은지와 강된장쌈도 맛있네요. 국물이 없는게 아쉽다는 점,바싹하고 마른새우향도 많이 나는 감자전 묵은지와 강된장쌈도 맛있네요. 국물이 없는게 아쉽다는 점,True,normal,381,1번째 방문,True,,,1,바싹하고 마른새우향도 많이 나는 감자전 묵은지와 강된장쌈도 맛있네요 국물이 없는게 아쉽다는 점,53,52,0,0,1,0,0,0,0,0,0,0,0,0,1,1,0,0,0,0,0,0,1,0,0,0,0,1,1,1,0,0,0,1,1,0,0,0,0,0,0
난포,제과왕 우지,30,2024.12.06,1,예약,음식들이 다 예쁘게 나오고 맛있어서 엄마가 너무 좋아하셨어요! 가게도 예쁘고 넓고 다 좋았습니다~,음식들이 다 예쁘게 나오고 맛있어서 엄마가 너무 좋아하셨어요! 가게도 예쁘고 넓고 다 좋았습니다~,True,normal,30,1번째 방문,True,,,1,음식들이 다 예쁘게 나오고 맛있어서 엄마가 너무 좋아하셨어요 가게도 예쁘고 넓고 다 좋았습니다,54,52,0,0,1,0,0,0,0,0,0,0,0,0,1,1,1,0,1,0,0,0,0,0,0,0,0,1,0,1,0,0,0,1,1,0,0,0,0,0,0
난포,좋은날5754,1232,2025.01.18,1,영수증,예약도 했지만 1시간 이상 기다린 후 맛본집 맛없음 화냈을텐데 기다린 보람 있듯이 음식이 맛있어요,예약도 했지만 1시간 이상 기다린 후 맛본집 맛없음 화냈을텐데 기다린 보람 있듯이 음식이 맛있어요,True,normal,1232,1번째 방문,True,,,1,예약도 했지만 1시간 이상 기다린 후 맛본집 맛없음 화냈을텐데 기다린 보람 있듯이 음식이 맛있어요,54,54,0,0,1,0,0,0,0,0,0,1,1,1,1,1,0,0,0,0,0,0,0,0,0,0,0,1,1,1,0,0,0,0,0,1,0,0,0,0,0
난포,katie861,115,2024.06.19,1,예약,양은 매우 적지만 ㅋㅋ 넘 귀엽고 예쁜 인스타용 사진 나오구요 맛도 괜찮아서 재방문 의사 있어요!,양은 매우 적지만 ㅋㅋ 넘 귀엽고 예쁜 인스타용 사진 나오구요 맛도 괜찮아서 재방문 의사 있어요!,True,normal,115,1번째 방문,True,,,1,양은 매우 적지만 넘 귀엽고 예쁜 인스타용 사진 나오구요 맛도 괜찮아서 재방문 의사 있어요,54,50,0,0,1,0,0,0,0,0,0,0,0,0,1,1,0,0,1,0,1,1,0,1,1,0,0,1,1,1,0,0,0,1,1,0,0,0,0,1,0
난포,lmy10004,1395,2024.05.27,1,영수증,운이좋게 11시에 웨이팅없이 바로 입장~ 그러나 만석 ㅋ 주문하고 30분기다리니 음식이 나오네요~,운이좋게 11시에 웨이팅없이 바로 입장~ 그러나 만석 ㅋ 주문하고 30분기다리니 음식이 나오네요~,True,normal,1395,1번째 방문,True,,,1,운이좋게 11시에 웨이팅없이 바로 입장 그러나 만석 주문하고 30분기다리니 음식이 나오네요,54,50,0,0,1,0,2,1,1,0,0,1,2,1,0,0,0,0,0,0,0,0,0,0,0,0,0,1,1,1,0,0,0,0,0,1,0,0,0,0,0
난포,KMS8319,13,2025.06.23,1,예약,정갈하게 잘 나오고 음식도 깔끔하게 맛있어요. 직원분들도 친절하고 매장도 깔끔해서 너무 좋았어요!!,정갈하게 잘 나오고 음식도 깔끔하게 맛있어요. 직원분들도 친절하고 매장도 깔끔해서 너무 좋았어요!!,True,normal,13,1번째 방문,True,,,1,정갈하게 잘 나오고 음식도 깔끔하게 맛있어요 직원분들도 친절하고 매장도 깔끔해서 너무 좋았어요,55,52,0,0,1,0,3,1,1,0,0,0,0,0,1,1,1,0,2,0,0,0,0,0,0,0,0,1,0,1,0,0,0,0,0,1,0,0,0,0,0
난포,맛도리찾기고수,72,2024.09.23,1,영수증,오래도록 줄서는 식당이라 미루다가 느즈막히 이용해봤어요. 부담없이 속이편한 깔끔한 음식이라 좋네요.,오래도록 줄서는 식당이라 미루다가 느즈막히 이용해봤어요. 부담없이 속이편한 깔끔한 음식이라 좋네요.,True,normal,72,1번째 방문,True,,,1,오래도록 줄서는 식당이라 미루다가 느즈막히 이용해봤어요 부담없이 속이편한 깔끔한 음식이라 좋네요,55,53,0,0,1,0,0,0,0,0,0,0,0,0,0,0,0,0,0,0,0,0,0,0,0,0,0,1,1,1,0,0,0,0,0,0,0,0,0,0,0
난포,블랑제리Kong,140,2024.10.17,1,영수증,친구들과 방문했습니다 예약을해두어서 바로 입장했습니다 번호대로 주문받아주시네요 음식 정갈하고 맛있어요,친구들과 방문했습니다 예약을해두어서 바로 입장했습니다 번호대로 주문받아주시네요 음식 정갈하고 맛있어요,True,normal,140,1번째 방문,True,,,1,친구들과 방문했습니다 예약을해두어서 바로 입장했습니다 번호대로 주문받아주시네요 음식 정갈하고 맛있어요,56,56,0,0,1,0,1,1,0,1,1,0,0,0,1,1,0,0,0,0,0,0,0,0,0,0,0,1,1,1,0,0,0,0,0,1,0,0,0,0,0
난포,나는천재야최고야엡벱벱,52,2024.06.05,1,예약,외국인인 새언니도 엄청 맛있게 먹었다고 하네옹 진짜 메뉴가 다 맛있었어요 다음에도 또 방문하고 싶어요,외국인인 새언니도 엄청 맛있게 먹었다고 하네옹 진짜 메뉴가 다 맛있었어요 다음에도 또 방문하고 싶어요,True,normal,52,1번째 방문,True,,,1,외국인인 새언니도 엄청 맛있게 먹었다고 하네옹 진짜 메뉴가 다 맛있었어요 다음에도 또 방문하고 싶어요,56,56,0,0,1,0,0,0,0,0,0,0,0,0,2,1,2,0,0,0,0,0,1,1,1,0,0,1,1,1,0,0,0,1,1,0,0,0,0,0,0
난포,옴뇸뇨노롬,114,2026.01.16,1,영수증,"투뿔육회묵은지 말이, 강된장쌈밥 먹었는데 둘다 맛있었습니다. 우엉간장절임도 맛있었어요. 또 먹고 싶어요","투뿔육회묵은지 말이, 강된장쌈밥 먹었는데 둘다 맛있었습니다. 우엉간장절임도 맛있었어요. 또 먹고 싶어요",True,normal,114,1번째 방문,True,,,1,투뿔육회묵은지 말이 강된장쌈밥 먹었는데 둘다 맛있었습니다 우엉간장절임도 맛있었어요 또 먹고 싶어요,57,54,0,0,1,0,0,0,0,0,0,0,0,0,2,1,0,0,0,0,0,0,0,0,0,0,0,1,1,1,0,0,0,1,1,0,0,0,0,0,0
난포,belle30,178,2025.07.18,2,예약,맛있게 먹었어요~ 생각보다 양이 너~~무 적어요 쌈밤은 너무 심심했고 국수 종류 감자전 곰국도 괜찮아요,맛있게 먹었어요~ 생각보다 양이 너~~무 적어요 쌈밤은 너무 심심했고 국수 종류 감자전 곰국도 괜찮아요,True,normal,178,2번째 방문,True,,,1,맛있게 먹었어요 생각보다 양이 너 무 적어요 쌈밤은 너무 심심했고 국수 종류 감자전 곰국도 괜찮아요,57,55,0,0,1,0,0,0,0,0,0,0,0,0,1,1,1,0,0,0,0,0,0,0,0,0,0,1,1,0,1,0,0,1,1,0,0,0,0,0,0
난포,대엥,721,2025.05.03,1,영수증,"캐치테이블로 미리 예약하고 가서 웨이팅없이먹기좋았어요 맛있었는데 웨이팅해서까지 먹을정도는 아닌거같고,,","캐치테이블로 미리 예약하고 가서 웨이팅없이먹기좋았어요 맛있었는데 웨이팅해서까지 먹을정도는 아닌거같고,,",True,normal,721,1번째 방문,True,,,1,캐치테이블로 미리 예약하고 가서 웨이팅없이먹기좋았어요 맛있었는데 웨이팅해서까지 먹을정도는 아닌거같고,57,55,0,0,1,0,2,1,1,0,0,0,0,0,1,1,0,0,0,0,0,0,0,0,0,0,0,1,1,1,0,0,0,0,0,1,0,0,0,0,0
난포,bea****,66,2025.07.16,1,예약,언니들이랑 맛있게 먹고왔어요 먹으면서 즐겁고 좋았어요 눈호강 입호강 하고 왔어요 비만안왔으면 좋았을듯요,언니들이랑 맛있게 먹고왔어요 먹으면서 즐겁고 좋았어요 눈호강 입호강 하고 왔어요 비만안왔으면 좋았을듯요,True,normal,66,1번째 방문,True,,,1,언니들이랑 맛있게 먹고왔어요 먹으면서 즐겁고 좋았어요 눈호강 입호강 하고 왔어요 비만안왔으면 좋았을듯요,57,57,0,0,1,0,0,0,0,0,0,0,0,0,1,1,0,0,0,0,0,0,0,0,0,0,0,1,1,1,0,0,0,1,1,0,0,0,0,0,0
난포,so****,346,2025.06.01,1,영수증,강된장쌈밥 제철회묵은지말이는 꼭 드시길 ! 다음에 가면 한우묵은지 먹어보려합니다 이상 또또간집이었습니다,강된장쌈밥 제철회묵은지말이는 꼭 드시길 ! 다음에 가면 한우묵은지 먹어보려합니다 이상 또또간집이었습니다,True,normal,346,1번째 방문,True,,,1,강된장쌈밥 제철회묵은지말이는 꼭 드시길 다음에 가면 한우묵은지 먹어보려합니다 이상 또또간집이었습니다,57,55,0,0,1,0,0,0,0,0,0,0,0,0,0,0,0,0,1,0,0,0,0,0,0,0,0,1,1,1,0,0,0,0,0,0,0,0,0,0,0
난포,아송73,30,2026.02.22,1,예약,맛있게 잘 먹었습니다! 메뉴가 특별한데 양이 많지는 않아서 ㅎㅎ 3명이서 7개는 시켜먹은 것 같아요 하핳,맛있게 잘 먹었습니다! 메뉴가 특별한데 양이 많지는 않아서 ㅎㅎ 3명이서 7개는 시켜먹은 것 같아요 하핳,True,normal,30,1번째 방문,True,,,1,맛있게 잘 먹었습니다 메뉴가 특별한데 양이 많지는 않아서 3명이서 7개는 시켜먹은 것 같아요 하핳,58,54,0,0,1,0,0,0,0,0,0,1,1,1,1,1,0,0,1,0,0,0,0,0,0,0,0,1,0,1,0,0,0,0,0,1,0,0,0,0,0
난포,pen****,181,2025.11.22,1,영수증,쌈밥 먹으러 갔는데 된장이 진하고 구수해서 좋았습니다 야채도 싱싱하고 밥도 잘 나와서 든든하게 먹었습니다,쌈밥 먹으러 갔는데 된장이 진하고 구수해서 좋았습니다 야채도 싱싱하고 밥도 잘 나와서 든든하게 먹었습니다,True,normal,181,1번째 방문,True,,,1,쌈밥 먹으러 갔는데 된장이 진하고 구수해서 좋았습니다 야채도 싱싱하고 밥도 잘 나와서 든든하게 먹었습니다,58,58,0,0,1,0,0,0,0,0,0,0,0,0,0,0,0,0,0,0,0,0,0,0,0,0,0,1,1,1,0,0,0,0,0,0,0,0,0,0,0
난포,느ㅏ,311,2025.02.22,1,영수증,예전부터 와보고싶었던 곳인데 기대만큼 음식이 예쁘고 맛있었어요! 다시방문해서 다른메뉴들도 먹어보고싶네요~,예전부터 와보고싶었던 곳인데 기대만큼 음식이 예쁘고 맛있었어요! 다시방문해서 다른메뉴들도 먹어보고싶네요~,True,normal,311,1번째 방문,True,,,1,예전부터 와보고싶었던 곳인데 기대만큼 음식이 예쁘고 맛있었어요 다시방문해서 다른메뉴들도 먹어보고싶네요,58,56,0,0,1,0,0,0,0,0,0,0,0,0,1,1,0,0,1,0,0,0,0,0,0,0,0,1,1,1,0,0,0,1,1,0,0,0,0,0,0
난포,664****,642,2025.04.11,1,예약,맛있었어요 전복들어간 들기름 국수는 좀 아쉬윤 맛이예요 예약 후 차가 막혀 조금 늦었는데 양해해주샸어요!,맛있었어요 전복들어간 들기름 국수는 좀 아쉬윤 맛이예요 예약 후 차가 막혀 조금 늦었는데 양해해주샸어요!,True,normal,642,1번째 방문,True,,,1,맛있었어요 전복들어간 들기름 국수는 좀 아쉬윤 맛이예요 예약 후 차가 막혀 조금 늦었는데 양해해주샸어요,58,57,0,0,1,0,0,0,0,0,0,0,0,0,1,1,0,0,1,0,0,0,0,0,0,0,0,1,1,1,0,0,0,1,1,0,0,0,0,0,0
난포,대충살자8,190,2024.09.28,1,예약,한남동 난포만 가보다가 성수는 처음감.. 저녁 오픈전 오픈런 개빡세지만 역시 난포는 난포에요 너무 맛있엄,한남동 난포만 가보다가 성수는 처음감.. 저녁 오픈전 오픈런 개빡세지만 역시 난포는 난포에요 너무 맛있엄,True,normal,190,1번째 방문,True,,,1,한남동 난포만 가보다가 성수는 처음감 저녁 오픈전 오픈런 개빡세지만 역시 난포는 난포에요 너무 맛있엄,58,56,0,0,1,0,0,0,0,1,1,0,0,0,1,1,1,0,0,0,0,0,0,0,0,0,0,1,1,1,0,0,0,0,0,1,0,0,0,0,0
난포,nat****,142,2025.11.10,1,영수증,가격도 부담스럽지 않고 양도 넉넉해서 좋았어요 쌈밥이랑 같이 나오는 반찬들도 하나같이 정성스럽고 맛있었어요,가격도 부담스럽지 않고 양도 넉넉해서 좋았어요 쌈밥이랑 같이 나오는 반찬들도 하나같이 정성스럽고 맛있었어요,True,normal,142,1번째 방문,True,,,1,가격도 부담스럽지 않고 양도 넉넉해서 좋았어요 쌈밥이랑 같이 나오는 반찬들도 하나같이 정성스럽고 맛있었어요,59,59,0,0,1,0,1,1,0,0,0,0,0,0,1,1,0,0,0,0,0,0,0,0,0,0,0,1,1,1,0,0,0,0,0,1,0,0,0,0,0
난포,5mith,54,2024.10.23,1,예약,"된장쌈밥은 그냥 그랬고, 묵은지회말이가 진짜 맛있어요, 설렁탕은 평범 다음에 가면 묵은지회말이2개먹고싶어요","된장쌈밥은 그냥 그랬고, 묵은지회말이가 진짜 맛있어요, 설렁탕은 평범 다음에 가면 묵은지회말이2개먹고싶어요",True,normal,54,1번째 방문,True,,,1,된장쌈밥은 그냥 그랬고 묵은지회말이가 진짜 맛있어요 설렁탕은 평범 다음에 가면 묵은지회말이2개먹고싶어요,59,57,0,0,1,0,0,0,0,0,0,1,0,0,1,1,1,0,0,0,0,0,1,0,0,0,0,1,1,1,0,0,0,1,1,0,0,0,0,0,0
난포,kukaracha,1816,2025.12.14,1,영수증,전체적으로 맛이 슴슴한 한식퓨젼이예요. 새우감자전은 짭쪼롬해요. 전복들깨국수가 콜드디시인데 고소하고 맛있어요,전체적으로 맛이 슴슴한 한식퓨젼이예요. 새우감자전은 짭쪼롬해요. 전복들깨국수가 콜드디시인데 고소하고 맛있어요,True,normal,1816,1번째 방문,True,,,1,전체적으로 맛이 슴슴한 한식퓨젼이예요 새우감자전은 짭쪼롬해요 전복들깨국수가 콜드디시인데 고소하고 맛있어요,60,58,0,0,1,1,0,0,0,0,0,0,0,0,1,1,0,0,0,0,0,0,0,0,0,0,0,1,1,1,0,0,0,1,1,0,0,0,0,0,0
난포,pai****,199,2025.10.15,1,영수증,맛있게 잘 먹었어요 직원분이 친절하게 응대해주시고 강된장쌈밥이 고소하고 진한 맛이라 한 끼 식사로 든든했어요,맛있게 잘 먹었어요 직원분이 친절하게 응대해주시고 강된장쌈밥이 고소하고 진한 맛이라 한 끼 식사로 든든했어요,True,normal,199,1번째 방문,True,,,1,맛있게 잘 먹었어요 직원분이 친절하게 응대해주시고 강된장쌈밥이 고소하고 진한 맛이라 한 끼 식사로 든든했어요,60,60,0,0,1,1,2,1,1,0,0,0,0,0,1,1,0,0,0,0,0,0,0,0,0,0,0,1,1,1,0,0,0,0,0,1,1,0,0,0,0
난포,수성미인,1137,2025.03.07,1,영수증,아직까지도 인기가 많은 난포🍚 새우감자전 바삭바삭 베스트👍🏻 강된장밥이 따뜻하지 않았던🥲 양은 많지 않아요😅,아직까지도 인기가 많은 난포🍚 새우감자전 바삭바삭 베스트👍🏻 강된장밥이 따뜻하지 않았던🥲 양은 많지 않아요😅,True,normal,1137,1번째 방문,True,,,1,아직까지도 인기가 많은 난포 새우감자전 바삭바삭 베스트 강된장밥이 따뜻하지 않았던 양은 많지 않아요,60,55,0,0,1,1,0,0,0,0,0,0,0,0,0,0,0,0,0,0,0,0,0,0,0,0,0,1,1,1,0,0,0,0,0,0,0,0,0,0,0
난포,blu****,591,2025.03.06,1,영수증,맛있게 먹었어요 양이 조금 적어서 여자 셋이 메뉴 세개 먹고 근처 빵집에서 빵5개 먹었습니다 맛이 깔끔합니다,맛있게 먹었어요 양이 조금 적어서 여자 셋이 메뉴 세개 먹고 근처 빵집에서 빵5개 먹었습니다 맛이 깔끔합니다,True,normal,591,1번째 방문,True,,,1,맛있게 먹었어요 양이 조금 적어서 여자 셋이 메뉴 세개 먹고 근처 빵집에서 빵5개 먹었습니다 맛이 깔끔합니다,60,60,0,0,1,1,0,0,0,0,0,1,0,0,1,1,0,0,0,0,0,0,0,0,0,0,0,1,1,1,0,0,0,1,1,0,0,0,0,0,0
난포,Annshirley,112,2024.10.14,1,예약,가보고 싶었던 맛집중에 하나였는데 드뎌 먹어봤네요 깔끔하고 다다다 맛있음 자꾸 생각나서 또 먹어야 겠어요 😜,가보고 싶었던 맛집중에 하나였는데 드뎌 먹어봤네요 깔끔하고 다다다 맛있음 자꾸 생각나서 또 먹어야 겠어요 😜,True,normal,112,1번째 방문,True,,,1,가보고 싶었던 맛집중에 하나였는데 드뎌 먹어봤네요 깔끔하고 다다다 맛있음 자꾸 생각나서 또 먹어야 겠어요,60,58,0,0,1,1,0,0,0,0,0,0,0,0,2,1,0,0,0,0,0,0,0,0,0,0,0,1,1,1,0,0,0,1,1,0,0,0,0,0,0
난포,bba****,145,2024.05.19,1,영수증,지이인짜 건강하고 맛있는 맛!!! 엄마랑 같이가면 칭찬받는곳!! 실제로 어머님들께서 많이와서 식사하고 계셨움,지이인짜 건강하고 맛있는 맛!!! 엄마랑 같이가면 칭찬받는곳!! 실제로 어머님들께서 많이와서 식사하고 계셨움,True,normal,145,1번째 방문,True,,,1,지이인짜 건강하고 맛있는 맛 엄마랑 같이가면 칭찬받는곳 실제로 어머님들께서 많이와서 식사하고 계셨움,60,55,0,0,1,1,0,0,0,0,0,0,0,0,1,1,0,0,5,1,0,0,1,0,0,0,0,1,1,1,0,0,0,1,1,0,0,0,0,0,0
난포,동희야,121,2025.12.17,1,예약,음식 진짜 맛있고 양이 좀 적긴해요ㅎㅎ 전골은 너무 졸아서 육수 더달라고 했지만 제공 안된다 하셔서 아쉬웠아요,음식 진짜 맛있고 양이 좀 적긴해요ㅎㅎ 전골은 너무 졸아서 육수 더달라고 했지만 제공 안된다 하셔서 아쉬웠아요,True,normal,121,1번째 방문,True,,,1,음식 진짜 맛있고 양이 좀 적긴해요 전골은 너무 졸아서 육수 더달라고 했지만 제공 안된다 하셔서 아쉬웠아요,61,59,0,0,1,1,0,0,0,0,0,0,0,0,1,1,2,0,0,0,0,0,1,0,0,0,0,1,1,1,0,0,0,1,1,0,0,0,0,0,0
난포,GooDs,1906,2024.09.07,1,예약,새우감자전 맛이 새우깡 빠싹한 맛~~~~♡♡ 강된장쌈밥은 심심하니 맛있고 제철회묵은지말이는 짜지만 맛있어요~~,새우감자전 맛이 새우깡 빠싹한 맛~~~~♡♡ 강된장쌈밥은 심심하니 맛있고 제철회묵은지말이는 짜지만 맛있어요~~,True,normal,1906,1번째 방문,True,,,1,새우감자전 맛이 새우깡 빠싹한 맛 강된장쌈밥은 심심하니 맛있고 제철회묵은지말이는 짜지만 맛있어요,61,53,0,0,1,1,0,0,0,0,0,0,0,0,2,1,0,0,0,0,0,0,1,0,0,0,0,1,1,1,0,0,0,1,1,0,0,0,0,0,0
난포,Ramini1002,95,2024.08.01,1,예약,부모님께서 재방문 원하셔서 또 다녀왔어요 ! 어른분들과 함께 오기에 좋은 곳이에요. 음식도 깔끔하고 맛있습니다,부모님께서 재방문 원하셔서 또 다녀왔어요 ! 어른분들과 함께 오기에 좋은 곳이에요. 음식도 깔끔하고 맛있습니다,True,normal,95,1번째 방문,True,,,1,부모님께서 재방문 원하셔서 또 다녀왔어요 어른분들과 함께 오기에 좋은 곳이에요 음식도 깔끔하고 맛있습니다,61,58,0,0,1,1,0,0,0,0,0,0,0,0,1,1,0,0,1,0,0,0,0,1,1,0,0,1,1,1,0,0,0,1,1,0,0,0,0,0,0
난포,Joon72896,30,2024.05.20,1,예약,음식이 정갈하고 맛있어서 먹은 후에도 부담이 없어요. 깔끔하고 깨끗한 맛이에요! 잊을만하면 또 생각나고 그래요👍,음식이 정갈하고 맛있어서 먹은 후에도 부담이 없어요. 깔끔하고 깨끗한 맛이에요! 잊을만하면 또 생각나고 그래요👍,True,normal,30,1번째 방문,True,,,1,음식이 정갈하고 맛있어서 먹은 후에도 부담이 없어요 깔끔하고 깨끗한 맛이에요 잊을만하면 또 생각나고 그래요,62,59,0,0,1,1,0,0,0,0,0,0,0,0,1,1,0,0,1,0,0,0,0,0,0,0,0,1,0,1,0,0,0,1,1,0,0,0,0,0,0
난포,Sea30,305,2026.03.07,1,영수증,"소문으로만 듣던 난포~ 드뎌와서, 적당한 기다림으로~ 맛.점 했네요~ 또, 자주~ 가고 싶은 곳이 되었어요😊👍🏻🔥","소문으로만 듣던 난포~ 드뎌와서, 적당한 기다림으로~ 맛.점 했네요~ 또, 자주~ 가고 싶은 곳이 되었어요😊👍🏻🔥",True,normal,305,1번째 방문,True,,,1,소문으로만 듣던 난포 드뎌와서 적당한 기다림으로 맛 점 했네요 또 자주 가고 싶은 곳이 되었어요,63,53,0,0,1,1,0,0,0,0,0,0,0,0,0,0,0,0,0,0,0,0,0,0,0,0,0,1,1,1,0,0,0,0,0,0,0,0,0,0,0
난포,어깡8,25,2025.12.08,1,예약,음식맛있었어요. 근데 히터를 끈건지 너무 추웠고 음식이 처음부터 뜨거운 음식이 아니였어서 춥게먹어서 아쉬웠습니다.,음식맛있었어요. 근데 히터를 끈건지 너무 추웠고 음식이 처음부터 뜨거운 음식이 아니였어서 춥게먹어서 아쉬웠습니다.,True,normal,25,1번째 방문,True,,,1,음식맛있었어요 근데 히터를 끈건지 너무 추웠고 음식이 처음부터 뜨거운 음식이 아니였어서 춥게먹어서 아쉬웠습니다,63,61,0,0,1,1,0,0,0,0,0,0,0,0,1,1,1,0,0,0,0,0,1,0,0,0,0,1,0,1,0,0,0,1,1,0,0,0,0,0,0
난포,kjolie22,21,2025.07.04,1,예약,퓨전한식이라 어떨지 궁금했는데 음식이 정갈하니 맛이 깔끔하고 한끼식사로 딱이에요! 담에 다른메뉴도 먹어보고싶네요~,퓨전한식이라 어떨지 궁금했는데 음식이 정갈하니 맛이 깔끔하고 한끼식사로 딱이에요! 담에 다른메뉴도 먹어보고싶네요~,True,normal,21,1번째 방문,True,,,1,퓨전한식이라 어떨지 궁금했는데 음식이 정갈하니 맛이 깔끔하고 한끼식사로 딱이에요 담에 다른메뉴도 먹어보고싶네요,63,61,0,0,1,1,0,0,0,0,0,0,0,0,0,0,0,0,1,0,0,0,0,0,0,0,0,1,0,1,0,0,0,0,0,0,0,0,0,0,0
난포,추이옌쯔15,68,2024.11.10,1,예약,서울숲 찐맛집이래서 다녀왔어요 근데 1시간20분 웨이팅할 정도는 아닌 것 같아요..😇 경험해봤다 생각하겠습니다 ~,서울숲 찐맛집이래서 다녀왔어요 근데 1시간20분 웨이팅할 정도는 아닌 것 같아요..😇 경험해봤다 생각하겠습니다 ~,True,normal,68,1번째 방문,True,,,1,서울숲 찐맛집이래서 다녀왔어요 근데 1시간20분 웨이팅할 정도는 아닌 것 같아요 경험해봤다 생각하겠습니다,63,58,0,0,1,1,1,1,0,0,0,1,2,1,1,1,0,0,0,0,0,0,0,0,0,0,0,1,1,1,0,0,0,0,0,1,1,0,0,0,0
난포,pricenyeong,513,2024.06.25,1,영수증,"제철회묵은지말이, 제철회국수, 돌문어간장국수 먹었습니다. 양이 좀 적지만 맛있어서 둘이 세 메뉴 먹을 수 있어요.","제철회묵은지말이, 제철회국수, 돌문어간장국수 먹었습니다. 양이 좀 적지만 맛있어서 둘이 세 메뉴 먹을 수 있어요.",True,normal,513,1번째 방문,True,,,1,제철회묵은지말이 제철회국수 돌문어간장국수 먹었습니다 양이 좀 적지만 맛있어서 둘이 세 메뉴 먹을 수 있어요,63,59,0,0,1,1,0,0,0,0,0,0,0,0,1,1,0,0,0,0,0,0,0,0,0,0,0,1,1,1,0,0,0,1,1,0,0,0,0,0,0
난포,mer****,48,2024.04.30,1,예약,"가족들과 같이 방문했는데 모두 맛있다고 또 오고 싶다고 하네요 :) 음식이 나오는 속도도, 청결도, 맛도 굿👍🏻✨","가족들과 같이 방문했는데 모두 맛있다고 또 오고 싶다고 하네요 :) 음식이 나오는 속도도, 청결도, 맛도 굿👍🏻✨",True,normal,48,1번째 방문,True,,,1,가족들과 같이 방문했는데 모두 맛있다고 또 오고 싶다고 하네요 음식이 나오는 속도도 청결도 맛도 굿,63,55,0,0,1,1,0,0,0,1,1,0,0,0,1,1,0,0,0,0,0,0,0,0,0,0,0,1,0,1,0,0,0,0,0,1,1,0,0,0,0
난포,세연26,14,2026.02.15,1,예약,음식이 모두 맛있어요! 모두 베스트메뉴라 주문해보았고 같이간 가족들이 맛있다고 칭찬했습니다. 다음에 또 방문할께요😊,음식이 모두 맛있어요! 모두 베스트메뉴라 주문해보았고 같이간 가족들이 맛있다고 칭찬했습니다. 다음에 또 방문할께요😊,True,normal,14,1번째 방문,True,,,1,음식이 모두 맛있어요 모두 베스트메뉴라 주문해보았고 같이간 가족들이 맛있다고 칭찬했습니다 다음에 또 방문할께요,64,61,0,0,1,1,1,1,0,1,1,0,0,0,2,1,0,0,1,0,0,0,0,1,1,0,0,1,0,1,0,0,0,0,0,1,1,0,0,0,0
난포,yu****,5,2025.09.05,1,예약,외국인 지인과 같이 갔는데 넘 좋아했어요 적절한 퓨전요리라고 생각해요 양이 작아서 낭비없이 먹으니 특히 더 좋았어요,외국인 지인과 같이 갔는데 넘 좋아했어요 적절한 퓨전요리라고 생각해요 양이 작아서 낭비없이 먹으니 특히 더 좋았어요,True,normal,5,1번째 방문,True,,,1,외국인 지인과 같이 갔는데 넘 좋아했어요 적절한 퓨전요리라고 생각해요 양이 작아서 낭비없이 먹으니 특히 더 좋았어요,64,64,0,0,1,1,0,0,0,0,0,0,0,0,1,1,0,0,0,0,0,0,0,0,0,0,1,0,0,1,0,0,0,1,1,0,0,0,0,0,0
난포,챱이,12,2025.01.16,1,예약,돌문어간장국수가 제일 맛있어요 향긋하고 신선한 맛 좋아하는 분 추천.. 근데 쌈밥은 기름맛이 너무 강해서 아쉬웠어요,돌문어간장국수가 제일 맛있어요 향긋하고 신선한 맛 좋아하는 분 추천.. 근데 쌈밥은 기름맛이 너무 강해서 아쉬웠어요,True,normal,12,1번째 방문,True,,,1,돌문어간장국수가 제일 맛있어요 향긋하고 신선한 맛 좋아하는 분 추천 근데 쌈밥은 기름맛이 너무 강해서 아쉬웠어요,64,62,0,0,1,1,0,0,0,0,0,0,0,0,2,1,1,0,0,0,0,0,1,0,0,0,0,1,0,1,0,0,0,1,1,0,0,0,0,0,0
난포,롱롱어고우,28,2024.11.04,2,예약,일단 먹고 나서 속이 편안해서 좋습니다. 조미료를 많이 안쓰는 것 같아요. 들깨 들어간 저 국수가 정말 별미입니다.,일단 먹고 나서 속이 편안해서 좋습니다. 조미료를 많이 안쓰는 것 같아요. 들깨 들어간 저 국수가 정말 별미입니다.,True,normal,28,2번째 방문,True,,,1,일단 먹고 나서 속이 편안해서 좋습니다 조미료를 많이 안쓰는 것 같아요 들깨 들어간 저 국수가 정말 별미입니다,64,61,0,0,1,1,0,0,0,0,0,0,0,0,0,0,0,0,0,0,0,0,0,0,0,0,0,1,0,0,1,0,0,0,0,0,0,0,0,0,0
난포,mil****,1014,2024.04.27,1,포장,서울숲 나들이 도시락에 제격입니다. 1인분으로 든든히 딱 적당하네요. 맛있어서 근처사는 언니에게 배달해줬어요 ㅋㅋㅋ,서울숲 나들이 도시락에 제격입니다. 1인분으로 든든히 딱 적당하네요. 맛있어서 근처사는 언니에게 배달해줬어요 ㅋㅋㅋ,True,normal,1014,1번째 방문,True,,,1,서울숲 나들이 도시락에 제격입니다 1인분으로 든든히 딱 적당하네요 맛있어서 근처사는 언니에게 배달해줬어요,64,58,0,0,1,1,0,0,0,0,0,1,1,1,1,1,0,0,0,0,0,0,0,0,0,0,0,1,1,1,0,0,0,0,0,1,0,0,0,0,0
난포,goldrich55,306,2026.02.27,1,예약,예약하고 가니 오래 기다리지 않아 좋았습니다. QR주문이라 편하고 음식도 빨리 나오네요. 음식들이 짜지않고 맛있어요.,예약하고 가니 오래 기다리지 않아 좋았습니다. QR주문이라 편하고 음식도 빨리 나오네요. 음식들이 짜지않고 맛있어요.,True,normal,306,1번째 방문,True,,,1,예약하고 가니 오래 기다리지 않아 좋았습니다 QR주문이라 편하고 음식도 빨리 나오네요 음식들이 짜지않고 맛있어요,65,62,0,0,1,1,1,1,0,0,0,0,0,0,1,1,0,0,0,0,0,0,1,0,0,0,0,1,1,1,0,0,0,0,0,1,1,0,0,0,0
난포,han****,212,2025.11.09,1,영수증,"직원분들이 주문부터 음식 나올 때까지 친절하게 응대해주셔서 기분 좋았고, 쌈밥이 푸짐하고 깔끔해서 맛있게 먹었어요~!","직원분들이 주문부터 음식 나올 때까지 친절하게 응대해주셔서 기분 좋았고, 쌈밥이 푸짐하고 깔끔해서 맛있게 먹었어요~!",True,normal,212,1번째 방문,True,,,1,직원분들이 주문부터 음식 나올 때까지 친절하게 응대해주셔서 기분 좋았고 쌈밥이 푸짐하고 깔끔해서 맛있게 먹었어요,65,62,0,0,1,1,3,1,1,0,0,0,0,0,1,1,0,0,1,0,0,0,0,0,0,0,0,1,1,1,0,0,0,0,0,1,1,0,0,0,0
난포,미담미담,23,2024.11.28,1,예약,좋아요! 자리도 넓고 직원분들이 친절합니당 다만 양이 조금 더 많았으면..! 하는 마음이지만 맛은 있어요 추천합니다!,좋아요! 자리도 넓고 직원분들이 친절합니당 다만 양이 조금 더 많았으면..! 하는 마음이지만 맛은 있어요 추천합니다!,True,normal,23,1번째 방문,True,,,1,좋아요 자리도 넓고 직원분들이 친절합니당 다만 양이 조금 더 많았으면 하는 마음이지만 맛은 있어요 추천합니다,65,60,0,0,1,1,3,1,1,0,0,0,0,0,2,1,0,0,3,1,0,0,1,0,0,0,0,1,0,1,0,0,0,0,0,1,1,0,0,0,0
난포,은도리도리도리도리,397,2025.10.11,2,영수증,새우감자전은 처음이었는데 단짠하면서 맛있었어요!! 들깨국수도 고소하고 제철회묵은지말이도 한입가득 먹으니 맛있더라구요🥹🩷,새우감자전은 처음이었는데 단짠하면서 맛있었어요!! 들깨국수도 고소하고 제철회묵은지말이도 한입가득 먹으니 맛있더라구요🥹🩷,True,normal,397,2번째 방문,True,,,1,새우감자전은 처음이었는데 단짠하면서 맛있었어요 들깨국수도 고소하고 제철회묵은지말이도 한입가득 먹으니 맛있더라구요,66,62,0,0,1,1,0,0,0,0,0,0,0,0,2,1,0,0,2,0,0,0,0,0,0,0,0,1,1,0,1,0,0,1,1,0,0,0,0,0,0
난포,YAYAYAYA놀자,807,2025.05.03,1,예약,정말 여러번 방문했는데 갈 때 마다 맛있어요!!! 그 중 당연 묵은지회초밥이 제일 맛있어요!! 식감이 너무너무 좋아요🥹,정말 여러번 방문했는데 갈 때 마다 맛있어요!!! 그 중 당연 묵은지회초밥이 제일 맛있어요!! 식감이 너무너무 좋아요🥹,True,normal,807,1번째 방문,True,,,1,정말 여러번 방문했는데 갈 때 마다 맛있어요 그 중 당연 묵은지회초밥이 제일 맛있어요 식감이 너무너무 좋아요,66,60,0,0,1,1,0,0,0,0,0,0,0,0,3,1,2,0,5,1,0,0,0,0,0,0,0,1,1,1,0,0,0,1,1,0,0,0,0,0,0
난포,hkh9336875,1696,2025.04.26,1,영수증,오래 대기하긴 했지만 음식은 맛있었어요 그런데 제로페이 결재가 된다고 나와 있었는데 막상 결재할려고 하니 안된다고 함ㅠ,오래 대기하긴 했지만 음식은 맛있었어요 그런데 제로페이 결재가 된다고 나와 있었는데 막상 결재할려고 하니 안된다고 함ㅠ,True,normal,1696,1번째 방문,True,,,1,오래 대기하긴 했지만 음식은 맛있었어요 그런데 제로페이 결재가 된다고 나와 있었는데 막상 결재할려고 하니 안된다고 함,66,65,0,0,1,1,1,1,0,0,0,0,0,0,1,1,0,0,0,0,0,0,0,0,0,0,0,1,1,1,0,0,0,0,0,1,1,0,0,0,0
난포,수문장18,531,2024.10.30,2,예약,"돌문어간장국수, 전복들깨국수, 강된장쌈밥, 새우감자전 등 다양하게 주문했어요. 예약 필수. 인원이 많으면 예약 힘들어요","돌문어간장국수, 전복들깨국수, 강된장쌈밥, 새우감자전 등 다양하게 주문했어요. 예약 필수. 인원이 많으면 예약 힘들어요",True,normal,531,2번째 방문,True,,,1,돌문어간장국수 전복들깨국수 강된장쌈밥 새우감자전 등 다양하게 주문했어요 예약 필수 인원이 많으면 예약 힘들어요,66,61,0,0,1,1,1,1,0,0,0,0,0,0,0,0,0,0,0,0,0,0,0,0,0,0,0,1,1,0,1,0,0,0,0,1,1,0,0,0,0
난포,유u하,1556,2024.10.19,1,영수증,"정말 정갈하고, 깔끔한데 감칠맛이라고 해야하나... 특히 국수는 소스 잘 버무려서 한입 먹었는데 너무 맛있었어요ㅠㅠ!!","정말 정갈하고, 깔끔한데 감칠맛이라고 해야하나... 특히 국수는 소스 잘 버무려서 한입 먹었는데 너무 맛있었어요ㅠㅠ!!",True,normal,1556,1번째 방문,True,,,1,정말 정갈하고 깔끔한데 감칠맛이라고 해야하나 특히 국수는 소스 잘 버무려서 한입 먹었는데 너무 맛있었어요,66,58,0,0,1,1,0,0,0,0,0,0,0,0,1,1,1,0,2,0,0,0,0,0,0,0,0,1,1,1,0,0,0,1,1,0,0,0,0,0,0
난포,mil****,1014,2024.04.28,2,포장,서울숲 나들이 가서 도시락으로 잘 먹었어요 깻잎장아찌 반찬 맛있네요 먹다가 잊어서 나중에 찍었고요 서울숲 덤으로 보세요,서울숲 나들이 가서 도시락으로 잘 먹었어요 깻잎장아찌 반찬 맛있네요 먹다가 잊어서 나중에 찍었고요 서울숲 덤으로 보세요,True,normal,1014,2번째 방문,True,,,1,서울숲 나들이 가서 도시락으로 잘 먹었어요 깻잎장아찌 반찬 맛있네요 먹다가 잊어서 나중에 찍었고요 서울숲 덤으로 보세요,66,66,0,0,1,1,0,0,0,0,0,0,0,0,1,1,0,0,0,0,0,0,0,0,0,0,0,1,1,0,1,0,0,1,1,0,0,0,0,0,0
난포,그냥그래5493,48,2025.11.20,1,예약,오랜만의 방문인데 여전히 인기네요 :) 음식도 다 변함 없이 맛있었습니다. 예약하길 잘했어요 바로 입장해서 편리했습니다.,오랜만의 방문인데 여전히 인기네요 :) 음식도 다 변함 없이 맛있었습니다. 예약하길 잘했어요 바로 입장해서 편리했습니다.,True,normal,48,1번째 방문,True,,,1,오랜만의 방문인데 여전히 인기네요 음식도 다 변함 없이 맛있었습니다 예약하길 잘했어요 바로 입장해서 편리했습니다,67,62,0,0,1,1,0,0,0,0,0,0,0,0,1,1,0,0,0,0,0,0,1,0,0,0,0,1,0,1,0,0,0,1,1,0,0,0,0,0,0
난포,xan****,162,2025.10.03,1,영수증,정말 만족스러웠어요. 강된장쌈밥 정말 깔끔하고 맛있게 먹었네요. 직원분들도 친절하셔서 음식 맛과 함께 기분도 좋아졌어요~,정말 만족스러웠어요. 강된장쌈밥 정말 깔끔하고 맛있게 먹었네요. 직원분들도 친절하셔서 음식 맛과 함께 기분도 좋아졌어요~,True,normal,162,1번째 방문,True,,,1,정말 만족스러웠어요 강된장쌈밥 정말 깔끔하고 맛있게 먹었네요 직원분들도 친절하셔서 음식 맛과 함께 기분도 좋아졌어요,67,64,0,0,1,1,2,1,1,0,0,0,0,0,1,1,0,0,0,0,0,0,0,0,0,0,0,1,1,1,0,0,0,0,0,1,1,0,0,0,0
난포,dpx****,34,2025.11.05,1,영수증,여기 왜 이렇게 맛있어요 쌈밥 먹으러 왔는데 반찬 하나하나 다 신경 쓴 게 느껴지고 된장 진하니까 고기 싸먹으니 딱이네요,여기 왜 이렇게 맛있어요 쌈밥 먹으러 왔는데 반찬 하나하나 다 신경 쓴 게 느껴지고 된장 진하니까 고기 싸먹으니 딱이네요,True,normal,34,1번째 방문,True,,,1,여기 왜 이렇게 맛있어요 쌈밥 먹으러 왔는데 반찬 하나하나 다 신경 쓴 게 느껴지고 된장 진하니까 고기 싸먹으니 딱이네요,67,67,0,0,1,1,0,0,0,0,0,0,0,0,1,1,0,0,0,0,0,0,0,0,0,0,0,1,0,1,0,0,0,1,1,0,0,0,0,0,0
난포,뽀로롱쀼,852,2024.09.08,2,예약,난포하면 꼭 먹어야할 음식들이 있잖아요!! 묵은지와 회의 조합은 말다해꾸 꼬소하이 담백한 한식은 우리입맛에 딱이지요!!!,난포하면 꼭 먹어야할 음식들이 있잖아요!! 묵은지와 회의 조합은 말다해꾸 꼬소하이 담백한 한식은 우리입맛에 딱이지요!!!,True,normal,852,2번째 방문,True,,,1,난포하면 꼭 먹어야할 음식들이 있잖아요 묵은지와 회의 조합은 말다해꾸 꼬소하이 담백한 한식은 우리입맛에 딱이지요,67,62,0,0,1,1,0,0,0,0,0,0,0,0,0,0,0,0,5,1,0,0,0,0,0,0,0,1,1,0,1,0,0,0,0,0,0,0,0,0,0
난포,수문장18,531,2024.05.13,1,영수증,"돌문어간장국수, 강된장쌈밥, 새우감자전을 주문해서 맛있게 잘 먹었어요. 붐비기 전 이른 시간이라 기다림없어서 좋았습니다.","돌문어간장국수, 강된장쌈밥, 새우감자전을 주문해서 맛있게 잘 먹었어요. 붐비기 전 이른 시간이라 기다림없어서 좋았습니다.",True,normal,531,1번째 방문,True,,,1,돌문어간장국수 강된장쌈밥 새우감자전을 주문해서 맛있게 잘 먹었어요 붐비기 전 이른 시간이라 기다림없어서 좋았습니다,67,63,0,0,1,1,1,1,0,0,0,0,0,0,1,1,0,0,0,0,0,0,0,0,0,0,0,1,1,1,0,0,0,0,0,1,1,0,0,0,0
난포,랄라라라라랄라13,663,2024.04.25,1,영수증,오픈런해서 바로 입장했습니당👍🏻 일단 그냥 맛있네용 배고픈 상태에서 가서 그런건지 아닌건짛ㅎ 근데 그래도 맛있어용👍🏻👍🏻,오픈런해서 바로 입장했습니당👍🏻 일단 그냥 맛있네용 배고픈 상태에서 가서 그런건지 아닌건짛ㅎ 근데 그래도 맛있어용👍🏻👍🏻,True,normal,663,1번째 방문,True,,,1,오픈런해서 바로 입장했습니당 일단 그냥 맛있네용 배고픈 상태에서 가서 그런건지 아닌건짛 근데 그래도 맛있어용,67,60,0,0,1,1,0,0,0,0,0,0,0,0,2,1,0,0,0,0,0,0,1,0,0,0,0,1,1,1,0,0,0,1,1,0,0,0,0,0,0
난포,yoojw7777,1,2025.11.07,1,예약,음식은 맛있는데 음악이 오늘 유난히 크고 시끄러웠어요. 마치 시끄러운게 싫으면 빨리 먹고 나가라고 재촉하는 느낌이들 정도로,음식은 맛있는데 음악이 오늘 유난히 크고 시끄러웠어요. 마치 시끄러운게 싫으면 빨리 먹고 나가라고 재촉하는 느낌이들 정도로,True,normal,1,1번째 방문,True,,,1,음식은 맛있는데 음악이 오늘 유난히 크고 시끄러웠어요 마치 시끄러운게 싫으면 빨리 먹고 나가라고 재촉하는 느낌이들 정도로,68,67,0,0,1,1,0,0,0,0,0,0,0,0,1,1,0,0,0,0,0,0,0,0,0,1,1,0,0,1,0,0,0,1,1,0,0,0,0,0,0
난포,MadisonSquareGarden,167,2025.02.23,1,영수증,운좋게 웨이팅은 안 했지만 보통은 웨이팅 해야겠네요 부모님 모시고 다녀왔는데 만족하셨습니다 음식 간도 적당했고 맛있었습니다,운좋게 웨이팅은 안 했지만 보통은 웨이팅 해야겠네요 부모님 모시고 다녀왔는데 만족하셨습니다 음식 간도 적당했고 맛있었습니다,True,normal,167,1번째 방문,True,,,1,운좋게 웨이팅은 안 했지만 보통은 웨이팅 해야겠네요 부모님 모시고 다녀왔는데 만족하셨습니다 음식 간도 적당했고 맛있었습니다,68,68,0,0,1,1,2,1,1,0,0,0,0,0,1,1,0,0,0,0,0,0,0,0,0,0,0,1,1,1,0,0,0,0,0,1,1,0,0,0,0
난포,hap****,55,2025.04.14,1,예약,강된장 쌈밥 먹고 입 냄새 날까봐 걱정했는데 고소한 참기름 냄새가 더 많이 나서 다행이었어요~~ 너무 맛있게 잘 먹었습니당,강된장 쌈밥 먹고 입 냄새 날까봐 걱정했는데 고소한 참기름 냄새가 더 많이 나서 다행이었어요~~ 너무 맛있게 잘 먹었습니당,True,normal,55,1번째 방문,True,,,1,강된장 쌈밥 먹고 입 냄새 날까봐 걱정했는데 고소한 참기름 냄새가 더 많이 나서 다행이었어요 너무 맛있게 잘 먹었습니당,68,66,0,0,1,1,0,0,0,0,0,0,0,0,1,1,1,0,0,0,0,0,0,0,0,0,0,1,1,1,0,0,0,1,1,0,0,0,0,0,0
난포,12t****,258,2024.12.01,1,영수증,딸이랑 손자랑 갔는데 맛있고 새우감자전은 아이가 먹을수 있도록 배려도 해주고 다음에 또 가면은 생맥주도 한잔~~마셔야겠어요,딸이랑 손자랑 갔는데 맛있고 새우감자전은 아이가 먹을수 있도록 배려도 해주고 다음에 또 가면은 생맥주도 한잔~~마셔야겠어요,True,normal,258,1번째 방문,True,,,1,딸이랑 손자랑 갔는데 맛있고 새우감자전은 아이가 먹을수 있도록 배려도 해주고 다음에 또 가면은 생맥주도 한잔 마셔야겠어요,68,67,0,0,1,1,0,0,0,0,0,0,0,0,1,1,0,0,0,0,0,0,0,0,0,0,0,1,1,1,0,0,0,1,1,0,0,0,0,0,0
난포,분당여인,353,2025.11.27,1,예약,처음 줄서서먹던 그때보다는 음식도 첫맛이랑 좀 틀리게 느껴지네요. 추운날이라 국수종류가차갑게느껴졌어요 음식즐겁게 잘먹고왔네요,처음 줄서서먹던 그때보다는 음식도 첫맛이랑 좀 틀리게 느껴지네요. 추운날이라 국수종류가차갑게느껴졌어요 음식즐겁게 잘먹고왔네요,True,normal,353,1번째 방문,True,,,1,처음 줄서서먹던 그때보다는 음식도 첫맛이랑 좀 틀리게 느껴지네요 추운날이라 국수종류가차갑게느껴졌어요 음식즐겁게 잘먹고왔네요,69,68,0,0,1,1,0,0,0,0,0,0,0,0,0,0,0,0,0,0,0,0,0,0,0,0,0,1,1,1,0,0,0,0,0,0,0,0,0,0,0
난포,reg****,167,2025.11.08,1,영수증,쌈밥이 정갈하고 깔끔하게 나와요 반찬 종류도 충분하고 된장 맛이 깊어서 밥이랑 잘 어울려요 가격 대비 구성이 알차서 좋았어요,쌈밥이 정갈하고 깔끔하게 나와요 반찬 종류도 충분하고 된장 맛이 깊어서 밥이랑 잘 어울려요 가격 대비 구성이 알차서 좋았어요,True,normal,167,1번째 방문,True,,,1,쌈밥이 정갈하고 깔끔하게 나와요 반찬 종류도 충분하고 된장 맛이 깊어서 밥이랑 잘 어울려요 가격 대비 구성이 알차서 좋았어요,69,69,0,0,1,1,1,1,0,0,0,0,0,0,0,0,0,0,0,0,0,0,0,0,0,0,0,1,1,1,0,0,0,0,0,1,1,0,0,0,0
난포,gio****,249,2025.10.13,1,영수증,진짜 맛있는 강된장쌈밥이에요 쌈을 싸서 먹으니 더 맛있더라구요 가격도 가성비 좋고 직원분들 친절하게 응대해줘서 좋았네요 ㅎㅎ,진짜 맛있는 강된장쌈밥이에요 쌈을 싸서 먹으니 더 맛있더라구요 가격도 가성비 좋고 직원분들 친절하게 응대해줘서 좋았네요 ㅎㅎ,True,normal,249,1번째 방문,True,,,1,진짜 맛있는 강된장쌈밥이에요 쌈을 싸서 먹으니 더 맛있더라구요 가격도 가성비 좋고 직원분들 친절하게 응대해줘서 좋았네요,69,66,0,0,1,1,4,1,1,0,0,0,0,0,2,1,1,0,0,0,0,0,1,0,0,0,0,1,1,1,0,0,0,0,0,1,1,0,0,0,0
난포,3tj****,169,2025.10.03,1,영수증,강된장쌈밥 맛있고 푸짐해요 쌈채소도 신선하니 좋네요 제철회묵은지말이도 곁들여 먹으니 맛있고 색다른 맛이었어요 인기있을만 해요,강된장쌈밥 맛있고 푸짐해요 쌈채소도 신선하니 좋네요 제철회묵은지말이도 곁들여 먹으니 맛있고 색다른 맛이었어요 인기있을만 해요,True,normal,169,1번째 방문,True,,,1,강된장쌈밥 맛있고 푸짐해요 쌈채소도 신선하니 좋네요 제철회묵은지말이도 곁들여 먹으니 맛있고 색다른 맛이었어요 인기있을만 해요,69,69,0,0,1,1,0,0,0,0,0,0,0,0,2,1,0,0,0,0,0,0,0,0,0,0,0,1,1,1,0,0,0,1,1,0,0,0,0,0,0
난포,CoffeeBoy,2002,2024.08.31,1,영수증,돌문어 간장국수 맛있어요. 전복들깨국수는 그냥 그래요. 전복이나 문어는 둘 다 맛있었어요. 직원분들도 친절한 편이라 좋았어요,돌문어 간장국수 맛있어요. 전복들깨국수는 그냥 그래요. 전복이나 문어는 둘 다 맛있었어요. 직원분들도 친절한 편이라 좋았어요,True,normal,2002,1번째 방문,True,,,1,돌문어 간장국수 맛있어요 전복들깨국수는 그냥 그래요 전복이나 문어는 둘 다 맛있었어요 직원분들도 친절한 편이라 좋았어요,69,66,0,0,1,1,2,1,1,0,0,0,0,0,2,1,0,0,0,0,0,0,0,0,0,0,0,1,1,1,0,0,0,0,0,1,1,0,0,0,0
난포,출근하는보부상,105,2025.02.28,1,영수증,1. 왼쪽 : 새우감자전 오른쪽 위 : 강된장쌈밥 2. 돌문어간장국수 2명이서 국수 추가했어요. 다 맛있어요. 재방문 의사 O,1. 왼쪽 : 새우감자전 오른쪽 위 : 강된장쌈밥 2. 돌문어간장국수 2명이서 국수 추가했어요. 다 맛있어요. 재방문 의사 O,True,normal,105,1번째 방문,True,,,1,1 왼쪽 새우감자전 오른쪽 위 강된장쌈밥 2 돌문어간장국수 2명이서 국수 추가했어요 다 맛있어요 재방문 의사 O,70,62,0,0,1,1,0,0,0,0,0,1,1,1,1,1,0,0,0,0,0,0,0,1,1,0,0,1,1,1,0,0,0,0,0,1,0,0,0,0,0
난포,큐캬큐캬캬,570,2025.01.01,1,영수증,"줄서는 식당에 나왔다는 난포, 저도 가보았습니다. 평일 브레이크타임 끝나는 시간에 바로 갔더니 웨이팅 없이 맛있게 먹었답니다!","줄서는 식당에 나왔다는 난포, 저도 가보았습니다. 평일 브레이크타임 끝나는 시간에 바로 갔더니 웨이팅 없이 맛있게 먹었답니다!",True,normal,570,1번째 방문,True,,,1,줄서는 식당에 나왔다는 난포 저도 가보았습니다 평일 브레이크타임 끝나는 시간에 바로 갔더니 웨이팅 없이 맛있게 먹었답니다,70,67,0,0,1,1,1,1,0,1,1,0,0,0,1,1,0,0,1,0,0,0,0,0,0,0,0,1,1,1,0,0,0,0,0,1,1,0,0,0,0
난포,1117sh,121,2024.08.27,1,예약,깔끔하고 맛있는 퓨전 한식 요리 양이 많은 편은 절대 아니지만 오히려 이것저것 먹어볼 수 있어서 좋은 거 같아요 ☺️ 맛있아요,깔끔하고 맛있는 퓨전 한식 요리 양이 많은 편은 절대 아니지만 오히려 이것저것 먹어볼 수 있어서 좋은 거 같아요 ☺️ 맛있아요,True,normal,121,1번째 방문,True,,,1,깔끔하고 맛있는 퓨전 한식 요리 양이 많은 편은 절대 아니지만 오히려 이것저것 먹어볼 수 있어서 좋은 거 같아요 맛있아요,70,67,0,0,1,1,0,0,0,0,0,0,0,0,2,1,0,0,0,0,0,0,0,0,0,0,0,1,1,1,0,0,0,1,1,0,0,0,0,0,0
난포,슬기세리맘,57,2024.08.08,1,예약,평일 예약후 방문하니 바로 입장되서 너무좋았어요! 메뉴는 골고루 주문해서 남김없이 먹고 왔답니다! 깔끔하고 맛있어요 ^^!!!,평일 예약후 방문하니 바로 입장되서 너무좋았어요! 메뉴는 골고루 주문해서 남김없이 먹고 왔답니다! 깔끔하고 맛있어요 ^^!!!,True,normal,57,1번째 방문,True,,,1,평일 예약후 방문하니 바로 입장되서 너무좋았어요 메뉴는 골고루 주문해서 남김없이 먹고 왔답니다 깔끔하고 맛있어요,70,62,0,0,1,1,1,1,0,1,1,0,0,0,1,1,1,0,5,1,0,0,0,0,0,0,0,1,1,1,0,0,0,0,0,1,1,0,0,0,0
난포,맛있는게최고얌,175,2024.06.07,1,영수증,웨이팅만 안길면 매번 가고싶은 곳이에요!!! 음식 하나하나 다 맛있어요~ 기본 제공 물도 보리차(?)인듯 해서 더 잘먹었습니다,웨이팅만 안길면 매번 가고싶은 곳이에요!!! 음식 하나하나 다 맛있어요~ 기본 제공 물도 보리차(?)인듯 해서 더 잘먹었습니다,True,normal,175,1번째 방문,True,,,1,웨이팅만 안길면 매번 가고싶은 곳이에요 음식 하나하나 다 맛있어요 기본 제공 물도 보리차 인듯 해서 더 잘먹었습니다,70,64,0,0,1,1,1,1,0,0,0,0,0,0,1,1,0,0,3,1,0,0,1,0,0,0,0,1,1,1,0,0,0,0,0,1,1,0,0,0,0
난포,ufo****,198,2024.02.24,1,예약,맛있어요. 친구들과 먹으러가면 호불호 없이 담백하게 즐길 수 있습니다. 웨이팅이 좀 있어서 미리 웨이팅 잡고 가시면 좋습니다.,맛있어요. 친구들과 먹으러가면 호불호 없이 담백하게 즐길 수 있습니다. 웨이팅이 좀 있어서 미리 웨이팅 잡고 가시면 좋습니다.,True,normal,198,1번째 방문,True,,,1,맛있어요 친구들과 먹으러가면 호불호 없이 담백하게 즐길 수 있습니다 웨이팅이 좀 있어서 미리 웨이팅 잡고 가시면 좋습니다,70,67,0,0,1,1,2,1,1,1,1,0,0,0,1,1,0,0,0,0,0,0,1,0,0,0,0,1,1,1,0,0,0,0,0,1,1,0,0,0,0
난포,potolive,4,2024.11.18,1,예약,평일 예약 가능해서 편하게 먹을수 있었고 음식들도 자극적이지 않으면서도 충분히 맛있고 만족스러웠습니다 담에 또 방문할 의향있어요,평일 예약 가능해서 편하게 먹을수 있었고 음식들도 자극적이지 않으면서도 충분히 맛있고 만족스러웠습니다 담에 또 방문할 의향있어요,True,normal,4,1번째 방문,True,,,1,평일 예약 가능해서 편하게 먹을수 있었고 음식들도 자극적이지 않으면서도 충분히 맛있고 만족스러웠습니다 담에 또 방문할 의향있어요,71,71,0,0,1,1,0,0,0,1,1,0,0,0,1,1,0,0,0,0,0,0,0,1,1,0,1,0,0,1,0,0,0,0,0,1,1,0,0,0,0
난포,ams****,153,2025.09.04,1,영수증,쌈밥은 기본적인 맛이고 회국수랑 묵은지초밥이 맛있어요~ 김치가 좀 시큼했지만 잘 먹었어요 회국수는 다음에 또 먹고 싶을 것 같아요,쌈밥은 기본적인 맛이고 회국수랑 묵은지초밥이 맛있어요~ 김치가 좀 시큼했지만 잘 먹었어요 회국수는 다음에 또 먹고 싶을 것 같아요,True,normal,153,1번째 방문,True,,,1,쌈밥은 기본적인 맛이고 회국수랑 묵은지초밥이 맛있어요 김치가 좀 시큼했지만 잘 먹었어요 회국수는 다음에 또 먹고 싶을 것 같아요,72,71,0,0,1,1,0,0,0,0,0,0,0,0,1,1,0,0,0,0,0,0,0,0,0,0,0,1,1,1,0,0,0,1,1,0,0,0,0,0,0
난포,모두가은혜입니다,513,2025.05.29,1,영수증,먹깨비 동료의 소개로 가봤습니다. 창의성넘치는 메뉴들을 맛볼수 있어서 좋았어요. 양은 많지 않으니 1인 1.5메뉴정도로 생각하셔요😄,먹깨비 동료의 소개로 가봤습니다. 창의성넘치는 메뉴들을 맛볼수 있어서 좋았어요. 양은 많지 않으니 1인 1.5메뉴정도로 생각하셔요😄,True,normal,513,1번째 방문,True,,,1,먹깨비 동료의 소개로 가봤습니다 창의성넘치는 메뉴들을 맛볼수 있어서 좋았어요 양은 많지 않으니 1인 1 5메뉴정도로 생각하셔요,73,70,0,0,1,1,0,0,0,0,0,1,0,0,1,1,0,0,0,0,0,0,0,0,0,0,0,1,1,1,0,0,0,1,1,0,0,0,0,0,0
난포,olo4866,73,2024.12.16,1,예약,"2년 전에 한번 갔었는데, 기억에 남아 재방문했습니다. 전복들깨국수, 감자전, 쌈밥 너무 맛있었습니다. 부모님께서도 좋아하시네요 ㅎㅎ","2년 전에 한번 갔었는데, 기억에 남아 재방문했습니다. 전복들깨국수, 감자전, 쌈밥 너무 맛있었습니다. 부모님께서도 좋아하시네요 ㅎㅎ",True,normal,73,1번째 방문,True,,,1,2년 전에 한번 갔었는데 기억에 남아 재방문했습니다 전복들깨국수 감자전 쌈밥 너무 맛있었습니다 부모님께서도 좋아하시네요,74,66,0,0,1,1,0,0,0,0,0,1,0,0,1,1,1,0,0,0,0,0,0,1,1,0,0,1,1,1,0,0,0,1,1,0,0,0,0,0,0
난포,민섭맘51,31,2024.06.05,1,예약,예약하고 가니 너무 편하고 좋았습니다. 음식도 바로바로 나오고 양도 적당했어요. 친구생일이어서 알아보고 같이갔는데 친구도 좋아했어요.,예약하고 가니 너무 편하고 좋았습니다. 음식도 바로바로 나오고 양도 적당했어요. 친구생일이어서 알아보고 같이갔는데 친구도 좋아했어요.,True,normal,31,1번째 방문,True,,,1,예약하고 가니 너무 편하고 좋았습니다 음식도 바로바로 나오고 양도 적당했어요 친구생일이어서 알아보고 같이갔는데 친구도 좋아했어요,74,71,0,0,1,1,0,0,0,2,1,0,0,0,0,0,1,0,0,0,0,0,0,0,0,0,0,1,0,1,0,0,0,0,0,1,1,0,0,0,0
난포,히히6087,31,2024.07.10,1,예약,음식이 깔끔하고 건강한 느낌이라 좋았어요. 특히 저의 최애는 강된장쌈밥..! 다음에 방문하면 오늘 안먹어본 다른 음식도 시켜볼게요ㅎㅎ,음식이 깔끔하고 건강한 느낌이라 좋았어요. 특히 저의 최애는 강된장쌈밥..! 다음에 방문하면 오늘 안먹어본 다른 음식도 시켜볼게요ㅎㅎ,True,normal,31,1번째 방문,True,,,1,음식이 깔끔하고 건강한 느낌이라 좋았어요 특히 저의 최애는 강된장쌈밥 다음에 방문하면 오늘 안먹어본 다른 음식도 시켜볼게요,74,68,0,0,1,1,0,0,0,0,0,0,0,0,0,0,0,0,1,0,0,0,0,0,0,0,0,1,0,1,0,0,0,0,0,0,0,0,0,0,0
난포,보라보라669,270,2024.04.05,1,영수증,음식이 자극적이지 않고 맛이 깔끔해서 엄마가 좋아하셨어요~~~ 2명이서 저 구성이거나 새우감자전 대신 국수류를 시켜도 좋을 것 같아요,음식이 자극적이지 않고 맛이 깔끔해서 엄마가 좋아하셨어요~~~ 2명이서 저 구성이거나 새우감자전 대신 국수류를 시켜도 좋을 것 같아요,True,normal,270,1번째 방문,True,,,1,음식이 자극적이지 않고 맛이 깔끔해서 엄마가 좋아하셨어요 2명이서 저 구성이거나 새우감자전 대신 국수류를 시켜도 좋을 것 같아요,74,71,0,0,1,1,0,0,0,0,0,1,1,1,0,0,0,0,0,0,0,0,0,0,0,0,0,1,1,1,0,0,0,0,0,1,0,0,0,0,0
난포,놀란너구리,164,2024.08.01,1,예약,메뉴 두 개 더 시켰는데 배고프고 맛있어서 못 찍었네욤😂 다들 예약하실수 있으면 꼭 하고 가세요 ~ 인기있는 맛집이라 대기 너무 길어요,메뉴 두 개 더 시켰는데 배고프고 맛있어서 못 찍었네욤😂 다들 예약하실수 있으면 꼭 하고 가세요 ~ 인기있는 맛집이라 대기 너무 길어요,True,normal,164,1번째 방문,True,,,1,메뉴 두 개 더 시켰는데 배고프고 맛있어서 못 찍었네욤 다들 예약하실수 있으면 꼭 하고 가세요 인기있는 맛집이라 대기 너무 길어요,75,72,0,0,1,1,1,1,0,0,0,0,0,0,2,1,1,0,0,0,0,0,1,0,0,0,0,1,1,1,0,0,0,0,0,1,1,0,0,0,0
난포,둡당,155,2024.07.09,1,예약,이렇게 신선하고 건강하게 맛있을 수 있다니ㅜㅜ 난포 최고예요!! 예약시스템 있어서 전보다 편하게 방문할 수 있어 너무 좋습니다 ㅎㅎㅎㅎ,이렇게 신선하고 건강하게 맛있을 수 있다니ㅜㅜ 난포 최고예요!! 예약시스템 있어서 전보다 편하게 방문할 수 있어 너무 좋습니다 ㅎㅎㅎㅎ,True,normal,155,1번째 방문,True,,,1,이렇게 신선하고 건강하게 맛있을 수 있다니 난포 최고예요 예약시스템 있어서 전보다 편하게 방문할 수 있어 너무 좋습니다,75,66,0,0,1,1,0,0,0,0,0,0,0,0,2,1,1,0,2,0,0,0,0,0,0,0,0,1,1,1,0,0,0,1,1,0,0,0,0,0,0
난포,mail****,58,2025.11.18,1,영수증,와 이런 쌈밥 집 찾았다니 너무 좋아요 쌈이랑 반찬 종류도 다양하고 된장 맛이 깊어서 계속 손이 가더라고요 양도 푸짐해서 배불리 먹었어요,와 이런 쌈밥 집 찾았다니 너무 좋아요 쌈이랑 반찬 종류도 다양하고 된장 맛이 깊어서 계속 손이 가더라고요 양도 푸짐해서 배불리 먹었어요,True,normal,58,1번째 방문,True,,,1,와 이런 쌈밥 집 찾았다니 너무 좋아요 쌈이랑 반찬 종류도 다양하고 된장 맛이 깊어서 계속 손이 가더라고요 양도 푸짐해서 배불리 먹었어요,76,76,0,0,1,1,0,0,0,0,0,0,0,0,1,1,1,0,0,0,0,0,0,0,0,0,0,1,1,1,0,0,0,1,1,0,0,0,0,0,0
난포,imw02,1245,2025.04.30,1,예약,평일 1시쯤 와서 10분정도 대기하고 왔어요 ㅋㅋㅋ ㅋ평일에도 사람이 꽉차있어서 널람 ㅋㅌㅋ 문어 간장국수가 진짜 베스트네여 꼭시켜야해요,평일 1시쯤 와서 10분정도 대기하고 왔어요 ㅋㅋㅋ ㅋ평일에도 사람이 꽉차있어서 널람 ㅋㅌㅋ 문어 간장국수가 진짜 베스트네여 꼭시켜야해요,True,normal,1245,1번째 방문,True,,,1,평일 1시쯤 와서 10분정도 대기하고 왔어요 평일에도 사람이 꽉차있어서 널람 문어 간장국수가 진짜 베스트네여 꼭시켜야해요,76,67,0,0,1,1,1,1,0,2,1,1,2,1,0,0,1,0,0,0,0,0,0,0,0,0,0,1,1,1,0,0,0,0,0,1,1,0,0,0,0
난포,usu****,103,2025.10.10,1,영수증,강된장쌈밥이 너무 맛있었어요~ 쌈 싸서 한입 베어물면 깊은 맛이 느껴졌어요 직원분들이 친절하게 응대해주시고 곰국도 깔끔한 맛이라 좋았어요,강된장쌈밥이 너무 맛있었어요~ 쌈 싸서 한입 베어물면 깊은 맛이 느껴졌어요 직원분들이 친절하게 응대해주시고 곰국도 깔끔한 맛이라 좋았어요,True,normal,103,1번째 방문,True,,,1,강된장쌈밥이 너무 맛있었어요 쌈 싸서 한입 베어물면 깊은 맛이 느껴졌어요 직원분들이 친절하게 응대해주시고 곰국도 깔끔한 맛이라 좋았어요,76,75,0,0,1,1,2,1,1,0,0,0,0,0,1,1,1,0,0,0,0,0,0,0,0,0,0,1,1,1,0,0,0,0,0,1,1,0,0,0,0
난포,huthut71,12,2025.03.30,1,영수증,솔직히 내가 만들어도 가게보다 맛 있게 만듭니다.기대하고 웨이팅 30분 넘게 했는데 실망 실망 그 자체.네이버 후기는 진짜 믿을게 못 됨,솔직히 내가 만들어도 가게보다 맛 있게 만듭니다.기대하고 웨이팅 30분 넘게 했는데 실망 실망 그 자체.네이버 후기는 진짜 믿을게 못 됨,True,normal,12,1번째 방문,True,,,1,솔직히 내가 만들어도 가게보다 맛 있게 만듭니다 기대하고 웨이팅 30분 넘게 했는데 실망 실망 그 자체 네이버 후기는 진짜 믿을게 못 됨,76,76,0,0,1,1,1,1,0,0,0,1,1,1,1,1,1,0,0,0,0,0,0,0,0,0,0,1,0,1,0,0,0,0,0,1,1,0,0,0,0
난포,you****,158,2026.03.10,1,영수증,건강맛집 입맛없을때 눈으로 즐기며 새로운 맛 찾고싶을때 먹기 좋은거ㅈ같아요 간단히 먹기좋고 건강식 한끼를 먹은듯해서 좋습니다 종종 들르는곳,건강맛집 입맛없을때 눈으로 즐기며 새로운 맛 찾고싶을때 먹기 좋은거ㅈ같아요 간단히 먹기좋고 건강식 한끼를 먹은듯해서 좋습니다 종종 들르는곳,True,normal,158,1번째 방문,True,,,1,건강맛집 입맛없을때 눈으로 즐기며 새로운 맛 찾고싶을때 먹기 좋은거 같아요 간단히 먹기좋고 건강식 한끼를 먹은듯해서 좋습니다 종종 들르는곳,77,77,0,0,1,1,0,0,0,0,0,0,0,0,1,1,0,0,0,0,0,0,0,0,0,0,0,1,1,1,0,0,0,1,1,0,0,0,0,0,0
난포,여행 좋아요,1827,2024.11.09,1,영수증,캐치테이블로 1시간전 예약후 갔는데도 30분 정도 기다림. 내부 들어가보니 bar쪽 좌석 6개. 홀쪽은 한 32석 정도. 음식은 완전 만족,캐치테이블로 1시간전 예약후 갔는데도 30분 정도 기다림. 내부 들어가보니 bar쪽 좌석 6개. 홀쪽은 한 32석 정도. 음식은 완전 만족,True,normal,1827,1번째 방문,True,,,1,캐치테이블로 1시간전 예약후 갔는데도 30분 정도 기다림 내부 들어가보니 bar쪽 좌석 6개 홀쪽은 한 32석 정도 음식은 완전 만족,77,74,0,0,1,1,0,0,0,0,0,1,2,1,0,0,1,0,0,0,0,0,0,0,0,0,0,1,1,1,0,0,0,0,0,1,0,0,0,0,0
난포,호로롭짭짭후루룹굿,789,2025.12.21,1,예약,너무 맛있게 먹었어요 한식 식당 중 제 인생 맛집 등극입니다ㅠㅠ 벌써부터 또 먹고 싶어여유ㅠㅠ 양이 적은 게 아쉽지만 후회 없습니다.....,너무 맛있게 먹었어요 한식 식당 중 제 인생 맛집 등극입니다ㅠㅠ 벌써부터 또 먹고 싶어여유ㅠㅠ 양이 적은 게 아쉽지만 후회 없습니다.....,True,normal,789,1번째 방문,True,,,1,너무 맛있게 먹었어요 한식 식당 중 제 인생 맛집 등극입니다 벌써부터 또 먹고 싶어여유 양이 적은 게 아쉽지만 후회 없습니다,78,69,0,0,1,1,0,0,0,0,0,0,0,0,2,1,1,0,0,0,0,0,1,0,0,0,0,1,1,1,0,0,0,1,1,0,0,0,0,0,0
난포,Cloud99042,9,2026.01.02,1,영수증,음식은 맛있어요 적당히 삼삼하고 다들 강된장쌈밥이랑 새우감자전먹어서 그대로 시켰는데 둘다 맛있었어요 근데 홀 알바생 진짜 불친절해요 개띠꺼움,음식은 맛있어요 적당히 삼삼하고 다들 강된장쌈밥이랑 새우감자전먹어서 그대로 시켰는데 둘다 맛있었어요 근데 홀 알바생 진짜 불친절해요 개띠꺼움,True,normal,9,1번째 방문,True,,,1,음식은 맛있어요 적당히 삼삼하고 다들 강된장쌈밥이랑 새우감자전먹어서 그대로 시켰는데 둘다 맛있었어요 근데 홀 알바생 진짜 불친절해요 개띠꺼움,78,78,0,0,1,1,2,1,1,0,0,0,0,0,2,1,1,0,0,0,0,0,1,0,0,0,0,0,0,1,0,0,0,0,0,1,1,0,0,0,0
난포,지수지지,717,2024.06.17,1,예약,메뉴는 프라이빗한느띰이지만 막상 가게는 오픈형이였습미닼ㅋㅋ그래서 더 부담없고 좋은기분 쌈밥이랑 묵은지회말이는 꼭 먹어야할 것 같아영 맛있어요,메뉴는 프라이빗한느띰이지만 막상 가게는 오픈형이였습미닼ㅋㅋ그래서 더 부담없고 좋은기분 쌈밥이랑 묵은지회말이는 꼭 먹어야할 것 같아영 맛있어요,True,normal,717,1번째 방문,True,,,1,메뉴는 프라이빗한느띰이지만 막상 가게는 오픈형이였습미닼 그래서 더 부담없고 좋은기분 쌈밥이랑 묵은지회말이는 꼭 먹어야할 것 같아영 맛있어요,78,77,0,0,1,1,0,0,0,0,0,0,0,0,1,1,0,0,0,0,0,0,0,0,0,0,0,1,1,1,0,0,0,1,1,0,0,0,0,0,0
난포,개린,33,2025.07.24,1,예약,"비주엋은 맛있어 보이는데 왜 인기있는지는 모르겠어요…ㅎ 밥에 간이 하나도 안되어 있고, 양도 너무 적고 ㅠㅠ 너무 기대했는지 저는 실망이였네요","비주엋은 맛있어 보이는데 왜 인기있는지는 모르겠어요…ㅎ 밥에 간이 하나도 안되어 있고, 양도 너무 적고 ㅠㅠ 너무 기대했는지 저는 실망이였네요",True,normal,33,1번째 방문,True,,,1,비주엋은 맛있어 보이는데 왜 인기있는지는 모르겠어요 밥에 간이 하나도 안되어 있고 양도 너무 적고 너무 기대했는지 저는 실망이였네요,79,73,0,0,1,1,0,0,0,0,0,0,0,0,1,1,2,0,0,0,0,0,1,0,0,0,0,1,0,1,0,0,0,1,1,0,0,0,0,0,0
난포,제논0601,1401,2025.02.01,1,영수증,되게 정갈한 느낌의 한상 근데 생각보다 조그매서 놀랐어요! 완전 금방 먹음ㅋㅋㅋ 분위기도 조용한 느낌이고 건강한 한끼 먹는 느낌이라 좋았습니다,되게 정갈한 느낌의 한상 근데 생각보다 조그매서 놀랐어요! 완전 금방 먹음ㅋㅋㅋ 분위기도 조용한 느낌이고 건강한 한끼 먹는 느낌이라 좋았습니다,True,normal,1401,1번째 방문,True,,,1,되게 정갈한 느낌의 한상 근데 생각보다 조그매서 놀랐어요 완전 금방 먹음 분위기도 조용한 느낌이고 건강한 한끼 먹는 느낌이라 좋았습니다,79,75,0,0,1,1,1,1,0,0,0,0,0,0,0,0,1,0,1,0,0,0,1,0,0,0,0,1,1,1,0,0,0,0,0,1,1,0,0,0,0
난포,맹쓰님66,29,2024.06.12,1,예약,처음 성수동 나들이였는데 맛집부터 성공하고 기분도 좋고 또한 맛도 맛있고 깔끔하고 간이 쎄지도 않아서 부담스럽지도 않고 맛있게 잘 먹었습니다.,처음 성수동 나들이였는데 맛집부터 성공하고 기분도 좋고 또한 맛도 맛있고 깔끔하고 간이 쎄지도 않아서 부담스럽지도 않고 맛있게 잘 먹었습니다.,True,normal,29,1번째 방문,True,,,1,처음 성수동 나들이였는데 맛집부터 성공하고 기분도 좋고 또한 맛도 맛있고 깔끔하고 간이 쎄지도 않아서 부담스럽지도 않고 맛있게 잘 먹었습니다,79,78,0,0,1,1,0,0,0,0,0,0,0,0,3,1,0,0,0,0,0,0,0,0,0,0,0,1,0,1,0,0,0,1,1,0,0,0,0,0,0
난포,즐거운일상하루,236,2025.04.29,1,예약,메뉴들이 대체적으로 슴슴하고 건강한 맛이예요 양은 좀 적은 느낌이라 둘이 가면 3개 메뉴는 시켜야 할 것 같아요 제철회국수가 새콤하고 맛있었어요,메뉴들이 대체적으로 슴슴하고 건강한 맛이예요 양은 좀 적은 느낌이라 둘이 가면 3개 메뉴는 시켜야 할 것 같아요 제철회국수가 새콤하고 맛있었어요,True,normal,236,1번째 방문,True,,,1,메뉴들이 대체적으로 슴슴하고 건강한 맛이예요 양은 좀 적은 느낌이라 둘이 가면 3개 메뉴는 시켜야 할 것 같아요 제철회국수가 새콤하고 맛있었어요,80,80,0,0,1,1,0,0,0,0,0,1,0,0,1,1,0,0,0,0,0,0,0,0,0,0,0,1,1,1,0,0,0,1,1,0,0,0,0,0,0
난포,세상에 맛있는것들,246,2024.08.30,1,영수증,너무너무 가고싶던 난포를 뒷북치듯 너무 늦게왔네요😁 기대했던 음식들 자극적이지않은 담백함이 맛났습니당! 특히 처음 마셔보는 매실원주 짱맛이에요👍,너무너무 가고싶던 난포를 뒷북치듯 너무 늦게왔네요😁 기대했던 음식들 자극적이지않은 담백함이 맛났습니당! 특히 처음 마셔보는 매실원주 짱맛이에요👍,True,normal,246,1번째 방문,True,,,1,너무너무 가고싶던 난포를 뒷북치듯 너무 늦게왔네요 기대했던 음식들 자극적이지않은 담백함이 맛났습니당 특히 처음 마셔보는 매실원주 짱맛이에요,80,77,0,0,1,1,0,0,0,0,0,0,0,0,0,0,4,1,1,0,0,0,0,0,0,0,0,1,1,1,0,0,0,0,0,0,0,0,0,0,0
난포,spirita1,2202,2024.05.17,1,영수증,양이 아쉽기는 하지만 맛이 없는 게 없어요. 평소 다 싫어하는 음식인데 여긴 다 멋있어요. 속도 편하고. 그래서 기다려서라도 꼭 먹어야하는 식당,양이 아쉽기는 하지만 맛이 없는 게 없어요. 평소 다 싫어하는 음식인데 여긴 다 멋있어요. 속도 편하고. 그래서 기다려서라도 꼭 먹어야하는 식당,True,normal,2202,1번째 방문,True,,,1,양이 아쉽기는 하지만 맛이 없는 게 없어요 평소 다 싫어하는 음식인데 여긴 다 멋있어요 속도 편하고 그래서 기다려서라도 꼭 먹어야하는 식당,80,77,0,0,1,1,0,0,0,0,0,0,0,0,0,0,0,0,0,0,0,0,0,0,0,0,0,1,1,1,0,0,0,0,0,0,0,0,0,0,0
난포,momo9117,123,2024.11.27,1,예약,스지전골이랑 우렁이 쌈밥 시켰는데 우렁이 쌈밥은 참기름향이 강하고 스지전골은 담백했어요 쫄깃한 부분이 족발 껍질도 생각나고요 맛있게 잘 먹었습니다,스지전골이랑 우렁이 쌈밥 시켰는데 우렁이 쌈밥은 참기름향이 강하고 스지전골은 담백했어요 쫄깃한 부분이 족발 껍질도 생각나고요 맛있게 잘 먹었습니다,True,normal,123,1번째 방문,True,,,1,스지전골이랑 우렁이 쌈밥 시켰는데 우렁이 쌈밥은 참기름향이 강하고 스지전골은 담백했어요 쫄깃한 부분이 족발 껍질도 생각나고요 맛있게 잘 먹었습니다,81,81,0,0,1,1,0,0,0,0,0,0,0,0,1,1,0,0,0,0,0,0,0,0,0,0,0,1,1,1,0,0,0,1,1,0,0,0,0,0,0
난포,hye****,49,2024.09.05,1,예약,"배부른 상태로 갔는데, 다먹었어요! 건강한데 진짜 맛있는 맛!! 참기름 쓰시는거 어디꺼 쓰시는지!! 물어보고 싶었어요 ㅋㅋㅋ 진짜 최고의 맛집!!","배부른 상태로 갔는데, 다먹었어요! 건강한데 진짜 맛있는 맛!! 참기름 쓰시는거 어디꺼 쓰시는지!! 물어보고 싶었어요 ㅋㅋㅋ 진짜 최고의 맛집!!",True,normal,49,1번째 방문,True,,,1,배부른 상태로 갔는데 다먹었어요 건강한데 진짜 맛있는 맛 참기름 쓰시는거 어디꺼 쓰시는지 물어보고 싶었어요 진짜 최고의 맛집,81,69,0,0,1,1,0,0,0,0,0,0,0,0,3,1,2,0,7,1,0,0,1,0,0,0,0,1,0,1,0,0,0,1,1,0,0,0,0,0,0
난포,1등분석가,1535,2024.06.21,1,영수증,시킨 메뉴 다 맛있었는데 개인적으로는 제철회묵은지말이가 가장 맛있었어요! 오래 기다리긴 했지만 분위기도 좋고 개성있는 음식이라 기다릴만 했습니다👍,시킨 메뉴 다 맛있었는데 개인적으로는 제철회묵은지말이가 가장 맛있었어요! 오래 기다리긴 했지만 분위기도 좋고 개성있는 음식이라 기다릴만 했습니다👍,True,normal,1535,1번째 방문,True,,,1,시킨 메뉴 다 맛있었는데 개인적으로는 제철회묵은지말이가 가장 맛있었어요 오래 기다리긴 했지만 분위기도 좋고 개성있는 음식이라 기다릴만 했습니다,81,79,0,0,1,1,1,1,0,0,0,0,0,0,2,1,0,0,1,0,0,0,0,0,0,0,0,1,1,1,0,0,0,0,0,1,1,0,0,0,0
난포,val****,510,2024.03.12,1,영수증,드디어 벼루고 벼뤘던 난포에 왔네요~~~ 지인들과 함께 기다리며 냠냠하고 왔습니다. ㅎㅎ 비싸지만 ㅎㅎ 그래도 건강한맛에 ㅎ 맛나게 잘먹고왔습니다♡,드디어 벼루고 벼뤘던 난포에 왔네요~~~ 지인들과 함께 기다리며 냠냠하고 왔습니다. ㅎㅎ 비싸지만 ㅎㅎ 그래도 건강한맛에 ㅎ 맛나게 잘먹고왔습니다♡,True,normal,510,1번째 방문,True,,,1,드디어 벼루고 벼뤘던 난포에 왔네요 지인들과 함께 기다리며 냠냠하고 왔습니다 비싸지만 그래도 건강한맛에 맛나게 잘먹고왔습니다,82,69,0,0,1,1,0,0,0,0,0,0,0,0,0,0,0,0,0,0,0,0,0,0,0,0,0,1,1,1,0,0,0,0,0,0,0,0,0,0,0
난포,단신부부 뚱냥이,358,2025.05.10,1,예약,비가 많이 온 날이라 그런지 대기 없이 바로 입장이 가능했고요 :) 맛이 아주 깔끔하고 담백하니 맛 났어요!! 간이 딱 중간이라 너무 취저였습니당!!,비가 많이 온 날이라 그런지 대기 없이 바로 입장이 가능했고요 :) 맛이 아주 깔끔하고 담백하니 맛 났어요!! 간이 딱 중간이라 너무 취저였습니당!!,True,normal,358,1번째 방문,True,,,1,비가 많이 온 날이라 그런지 대기 없이 바로 입장이 가능했고요 맛이 아주 깔끔하고 담백하니 맛 났어요 간이 딱 중간이라 너무 취저였습니당,83,76,0,0,1,1,1,1,0,0,0,0,0,0,0,0,1,0,4,1,0,0,0,0,0,0,0,1,1,1,0,0,0,0,0,1,1,0,0,0,0
난포,yeonnj0,761,2024.10.19,1,영수증,순한 된장의 쌈밥과 조미료 크게없이 맛있는 한식. 그래서 더 좋은 곳. 난포 항구같은 노래들과 또 색다른 분위기 서울 숲 오면 엄마 아빠 같이오고픈곳,순한 된장의 쌈밥과 조미료 크게없이 맛있는 한식. 그래서 더 좋은 곳. 난포 항구같은 노래들과 또 색다른 분위기 서울 숲 오면 엄마 아빠 같이오고픈곳,True,normal,761,1번째 방문,True,,,1,순한 된장의 쌈밥과 조미료 크게없이 맛있는 한식 그래서 더 좋은 곳 난포 항구같은 노래들과 또 색다른 분위기 서울 숲 오면 엄마 아빠 같이오고픈곳,83,81,0,0,1,1,1,1,0,0,0,0,0,0,1,1,0,0,0,0,0,0,0,0,0,0,0,1,1,1,0,0,0,0,0,1,1,0,0,0,0
난포,195****,165,2025.10.20,1,영수증,강된장쌈밥 너무 맛있고 든든해요 상추가 신선하고 된장소스도 진한 맛이라 특유의 풍미가 좋네요 제철회묵은지말이도 함께 먹었는데 조화롭게 어울려서 좋았어요,강된장쌈밥 너무 맛있고 든든해요 상추가 신선하고 된장소스도 진한 맛이라 특유의 풍미가 좋네요 제철회묵은지말이도 함께 먹었는데 조화롭게 어울려서 좋았어요,True,normal,165,1번째 방문,True,,,1,강된장쌈밥 너무 맛있고 든든해요 상추가 신선하고 된장소스도 진한 맛이라 특유의 풍미가 좋네요 제철회묵은지말이도 함께 먹었는데 조화롭게 어울려서 좋았어요,84,84,0,0,1,1,0,0,0,0,0,0,0,0,1,1,1,0,0,0,0,0,0,0,0,0,0,1,1,1,0,0,0,1,1,0,0,0,0,0,0
난포,이쁨둥이24,74,2025.08.06,1,예약,새우감자전 맛있습니다! 제철회묵은지랑 한우불고기쌈밥은 밥에 간이 안 되어있어서 그런지 대체적으로 건강한 맛입니다!! 건강한 한 끼 잘 먹고 갑니다~!!,새우감자전 맛있습니다! 제철회묵은지랑 한우불고기쌈밥은 밥에 간이 안 되어있어서 그런지 대체적으로 건강한 맛입니다!! 건강한 한 끼 잘 먹고 갑니다~!!,True,normal,74,1번째 방문,True,,,1,새우감자전 맛있습니다 제철회묵은지랑 한우불고기쌈밥은 밥에 간이 안 되어있어서 그런지 대체적으로 건강한 맛입니다 건강한 한 끼 잘 먹고 갑니다,84,78,0,0,1,1,0,0,0,0,0,0,0,0,1,1,0,0,5,1,0,0,0,0,0,0,0,1,1,1,0,0,0,1,1,0,0,0,0,0,0
난포,쟁이5034,1128,2025.07.26,2,영수증,저녁타임 오픈 맞춰서 갔더니 웨이팅 없어서 바로 입장할 수 있었어요 메뉴가 다 한식이라 너무 좋아요 강된장쌉밥 제철회국수 다 너무 맛있게 잘먹었습니다!,저녁타임 오픈 맞춰서 갔더니 웨이팅 없어서 바로 입장할 수 있었어요 메뉴가 다 한식이라 너무 좋아요 강된장쌉밥 제철회국수 다 너무 맛있게 잘먹었습니다!,True,normal,1128,2번째 방문,True,,,1,저녁타임 오픈 맞춰서 갔더니 웨이팅 없어서 바로 입장할 수 있었어요 메뉴가 다 한식이라 너무 좋아요 강된장쌉밥 제철회국수 다 너무 맛있게 잘먹었습니다,84,83,0,0,1,1,1,1,0,1,1,0,0,0,2,1,2,0,1,0,0,0,0,0,0,0,0,1,1,0,1,0,0,0,0,1,1,0,0,0,0
난포,릴리프리챗,225,2025.05.18,1,예약,양은 좀 적어요. 가격은 좀 잇는편이구요 ㅠ 치즈 감자전이 제일 감격스런 맛이엇어요. 꼬리한 치즈라서 호불호잇을거같아요. 웨이팅 네다섯팀에 이십분정도.,양은 좀 적어요. 가격은 좀 잇는편이구요 ㅠ 치즈 감자전이 제일 감격스런 맛이엇어요. 꼬리한 치즈라서 호불호잇을거같아요. 웨이팅 네다섯팀에 이십분정도.,True,normal,225,1번째 방문,True,,,1,양은 좀 적어요 가격은 좀 잇는편이구요 치즈 감자전이 제일 감격스런 맛이엇어요 꼬리한 치즈라서 호불호잇을거같아요 웨이팅 네다섯팀에 이십분정도,84,78,0,0,1,1,2,1,1,0,0,0,0,0,0,0,0,0,0,0,0,0,0,0,0,0,0,1,1,1,0,0,0,0,0,1,1,0,0,0,0
난포,바다진주2,847,2025.05.07,1,영수증,맛있어요 신선하고 깔끔하면서 계속 감칠맛 나는 자꾸 생각나는 맛이에요 다른 메뉴도 먹어보고 싶어요 또 들려야겠어요 웨이팅 겁나지만 부지런히 가보렵니다~,맛있어요 신선하고 깔끔하면서 계속 감칠맛 나는 자꾸 생각나는 맛이에요 다른 메뉴도 먹어보고 싶어요 또 들려야겠어요 웨이팅 겁나지만 부지런히 가보렵니다~,True,normal,847,1번째 방문,True,,,1,맛있어요 신선하고 깔끔하면서 계속 감칠맛 나는 자꾸 생각나는 맛이에요 다른 메뉴도 먹어보고 싶어요 또 들려야겠어요 웨이팅 겁나지만 부지런히 가보렵니다,84,83,0,0,1,1,1,1,0,0,0,0,0,0,1,1,0,0,0,0,0,0,0,0,0,0,0,1,1,1,0,0,0,0,0,1,1,0,0,0,0
난포,lbk0726,26,2025.03.27,1,예약,음식은 맛있고 좋은데 스피커앞이라 음악이 너무시끄럽고 컨셉인가 매장분위기랑 안맞는 트로트 음악에 빨리 먹고 나가게 됐네요 음악선정을 다시 해야할듯~~~,음식은 맛있고 좋은데 스피커앞이라 음악이 너무시끄럽고 컨셉인가 매장분위기랑 안맞는 트로트 음악에 빨리 먹고 나가게 됐네요 음악선정을 다시 해야할듯~~~,True,normal,26,1번째 방문,True,,,1,음식은 맛있고 좋은데 스피커앞이라 음악이 너무시끄럽고 컨셉인가 매장분위기랑 안맞는 트로트 음악에 빨리 먹고 나가게 됐네요 음악선정을 다시 해야할듯,84,81,0,0,1,1,2,1,1,0,0,0,0,0,1,1,1,0,0,0,0,0,0,0,0,0,0,1,0,1,0,0,0,0,0,1,1,0,0,0,0
난포,곱디고운,928,2024.06.23,2,영수증,유명한 메뉴만 시키지말고 곰탕도 먹어보세용 굳 곰탕고기 부드러워서 다음엔 수육먹을 거에요 감자전은 예전보다 짜게 느껴졌어요 그릇이 전부 정갈하고 예뻐요,유명한 메뉴만 시키지말고 곰탕도 먹어보세용 굳 곰탕고기 부드러워서 다음엔 수육먹을 거에요 감자전은 예전보다 짜게 느껴졌어요 그릇이 전부 정갈하고 예뻐요,True,normal,928,2번째 방문,True,,,1,유명한 메뉴만 시키지말고 곰탕도 먹어보세용 굳 곰탕고기 부드러워서 다음엔 수육먹을 거에요 감자전은 예전보다 짜게 느껴졌어요 그릇이 전부 정갈하고 예뻐요,84,84,0,0,1,1,0,0,0,0,0,0,0,0,0,0,0,0,0,0,0,0,0,0,0,0,0,1,1,0,1,0,0,0,0,0,0,0,0,0,0
난포,독서쟁,24,2024.04.22,1,예약,건강한 느낌으로다가 맛있게 먹었어요ㅎㅎㅎ 전체적으로 다 맛있었는데 국수랑 묵은지 말이는 또 먹거 싶어요 가족들이 만족해서 기분 좋았어요 잘 먹었습니다!,건강한 느낌으로다가 맛있게 먹었어요ㅎㅎㅎ 전체적으로 다 맛있었는데 국수랑 묵은지 말이는 또 먹거 싶어요 가족들이 만족해서 기분 좋았어요 잘 먹었습니다!,True,normal,24,1번째 방문,True,,,1,건강한 느낌으로다가 맛있게 먹었어요 전체적으로 다 맛있었는데 국수랑 묵은지 말이는 또 먹거 싶어요 가족들이 만족해서 기분 좋았어요 잘 먹었습니다,84,80,0,0,1,1,0,0,0,1,1,0,0,0,2,1,0,0,1,0,0,0,0,0,0,0,0,1,0,1,0,0,0,0,0,1,1,0,0,0,0
난포,냠냠마싯주,756,2025.04.21,1,영수증,서울숲 피크닉하면서 먹었어요 아주 특별한 맛은 아니고 간기도 삼삼한 편인데 같이 주는 반찬이 오히려 더 기억에 남네요 그래도 다른 메뉴 먹어보고 싶어요~,서울숲 피크닉하면서 먹었어요 아주 특별한 맛은 아니고 간기도 삼삼한 편인데 같이 주는 반찬이 오히려 더 기억에 남네요 그래도 다른 메뉴 먹어보고 싶어요~,True,normal,756,1번째 방문,True,,,1,서울숲 피크닉하면서 먹었어요 아주 특별한 맛은 아니고 간기도 삼삼한 편인데 같이 주는 반찬이 오히려 더 기억에 남네요 그래도 다른 메뉴 먹어보고 싶어요,85,84,0,0,1,1,0,0,0,0,0,0,0,0,0,0,0,0,0,0,0,0,0,0,0,0,0,1,1,1,0,0,0,0,0,0,0,0,0,0,0
난포,준4409,161,2025.02.22,1,예약,"토요일 조금 이른 저녁시간이지만 대기 3팀, 이정도는 양호^^ 딸은 처음 갔는데 육회초밥과 피자를 특히 맛있어했다. 모두 메뉴가 맛있다. 배경음악까지~~","토요일 조금 이른 저녁시간이지만 대기 3팀, 이정도는 양호^^ 딸은 처음 갔는데 육회초밥과 피자를 특히 맛있어했다. 모두 메뉴가 맛있다. 배경음악까지~~",True,normal,161,1번째 방문,True,,,1,토요일 조금 이른 저녁시간이지만 대기 3팀 이정도는 양호 딸은 처음 갔는데 육회초밥과 피자를 특히 맛있어했다 모두 메뉴가 맛있다 배경음악까지,85,78,0,0,1,1,1,1,0,2,1,1,0,0,2,1,0,0,0,0,0,0,0,0,0,0,0,1,1,1,0,0,0,0,0,1,1,0,0,0,0
난포,아야어여오유정,86,2024.09.26,1,영수증,묵은지말이 맛있어서 두번 시켜 먹었어요! 셋이서 먹었는데 양이 엄청 많진 않지만 적당히 가볍게 먹기 좋은 곳입니다 새우감자전이랑 쌈밥도 진짜 맛있어요!!,묵은지말이 맛있어서 두번 시켜 먹었어요! 셋이서 먹었는데 양이 엄청 많진 않지만 적당히 가볍게 먹기 좋은 곳입니다 새우감자전이랑 쌈밥도 진짜 맛있어요!!,True,normal,86,1번째 방문,True,,,1,묵은지말이 맛있어서 두번 시켜 먹었어요 셋이서 먹었는데 양이 엄청 많진 않지만 적당히 가볍게 먹기 좋은 곳입니다 새우감자전이랑 쌈밥도 진짜 맛있어요,85,82,0,0,1,1,0,0,0,0,0,0,0,0,2,1,2,0,3,1,0,0,1,0,0,0,0,1,1,1,0,0,0,1,1,0,0,0,0,0,0
난포,긔여븐인간,388,2024.06.08,1,영수증,다 너무너무 맛있었어요!!! 먹으면서 다른메뉴가 궁금해질정도...ㅎㅎ 캐치테이블로 미리 예약 할 수 있어서 좋았어요!! 다른메뉴 먹으러 또 방문할게요ㅎㅎ,다 너무너무 맛있었어요!!! 먹으면서 다른메뉴가 궁금해질정도...ㅎㅎ 캐치테이블로 미리 예약 할 수 있어서 좋았어요!! 다른메뉴 먹으러 또 방문할게요ㅎㅎ,True,normal,388,1번째 방문,True,,,1,다 너무너무 맛있었어요 먹으면서 다른메뉴가 궁금해질정도 캐치테이블로 미리 예약 할 수 있어서 좋았어요 다른메뉴 먹으러 또 방문할게요,85,73,0,0,1,1,0,0,0,0,0,0,0,0,1,1,2,0,5,1,0,0,0,1,1,0,0,1,1,1,0,0,0,1,1,0,0,0,0,0,0
난포,졸린곰돌,178,2026.03.08,1,영수증,"장점: 건강한 맛이라 너무너무 좋아요, 매장이 넓어요, 쾌적하고 청결해요 참고: 맛은... 그냥 그랬어요 그치만 건강한 메뉴라 다음에 또 올 의향 있습니다","장점: 건강한 맛이라 너무너무 좋아요, 매장이 넓어요, 쾌적하고 청결해요 참고: 맛은... 그냥 그랬어요 그치만 건강한 메뉴라 다음에 또 올 의향 있습니다",True,normal,178,1번째 방문,True,,,1,장점 건강한 맛이라 너무너무 좋아요 매장이 넓어요 쾌적하고 청결해요 참고 맛은 그냥 그랬어요 그치만 건강한 메뉴라 다음에 또 올 의향 있습니다,86,79,0,0,1,1,1,1,0,0,0,0,0,0,1,1,2,0,0,0,0,0,0,0,0,0,0,1,1,1,0,0,0,0,0,1,1,0,0,0,0
난포,shin****,65,2025.11.02,1,영수증,오늘 점심 먹고 왔는데 생각보다 든든하고 좋더라고요 쌈밥이랑 같이 나온 반찬들도 깔끔했고 전체적으로 구성이 알차다는 느낌 받았어요 다음에 또 올 것 같아요,오늘 점심 먹고 왔는데 생각보다 든든하고 좋더라고요 쌈밥이랑 같이 나온 반찬들도 깔끔했고 전체적으로 구성이 알차다는 느낌 받았어요 다음에 또 올 것 같아요,True,normal,65,1번째 방문,True,,,1,오늘 점심 먹고 왔는데 생각보다 든든하고 좋더라고요 쌈밥이랑 같이 나온 반찬들도 깔끔했고 전체적으로 구성이 알차다는 느낌 받았어요 다음에 또 올 것 같아요,86,86,0,0,1,1,0,0,0,1,1,0,0,0,0,0,0,0,0,0,0,0,0,0,0,0,0,1,1,1,0,0,0,0,0,1,1,0,0,0,0
난포,세라짱29,53,2024.04.09,1,예약,"캐치테이블로 예약하니 바로 입장, 빠른 주문 가능했어요. 음식이 매우 깔끔하고 단정해서 기분도 좋아져요. 양은 많지 않지만 적게 먹는 저에게는 딱이네요^^","캐치테이블로 예약하니 바로 입장, 빠른 주문 가능했어요. 음식이 매우 깔끔하고 단정해서 기분도 좋아져요. 양은 많지 않지만 적게 먹는 저에게는 딱이네요^^",True,normal,53,1번째 방문,True,,,1,캐치테이블로 예약하니 바로 입장 빠른 주문 가능했어요 음식이 매우 깔끔하고 단정해서 기분도 좋아져요 양은 많지 않지만 적게 먹는 저에게는 딱이네요,86,81,0,0,1,1,1,1,0,0,0,0,0,0,0,0,0,0,0,0,0,0,0,0,0,0,0,1,1,1,0,0,0,0,0,1,1,0,0,0,0
난포,까꿍이7040,238,2024.07.02,1,예약,사진을 못 찍었네요. 갑자기는 못 오는 곳이라 예약 후 왔는데 비가와서(?) 평소보다는 손님들이 덜했어요. 날씨 좋으면 웨이팅이 엄청난곳. 정말 맛있어요.,사진을 못 찍었네요. 갑자기는 못 오는 곳이라 예약 후 왔는데 비가와서(?) 평소보다는 손님들이 덜했어요. 날씨 좋으면 웨이팅이 엄청난곳. 정말 맛있어요.,True,normal,238,1번째 방문,True,,,1,사진을 못 찍었네요 갑자기는 못 오는 곳이라 예약 후 왔는데 비가와서 평소보다는 손님들이 덜했어요 날씨 좋으면 웨이팅이 엄청난곳 정말 맛있어요,86,79,0,0,1,1,1,1,0,0,0,0,0,0,1,1,1,0,0,0,0,0,0,0,0,0,0,1,1,1,0,0,0,0,0,1,1,0,0,0,0
난포,dmswlsehdrh,137,2024.04.02,1,예약,두번째 방문하는 난포!! 넘 맛있게 먹었어요 예약안하고 가면 평일에도 웨이팅이… 편하게 네이버예약도 되어 넘 좋았습니다:) 다음에는 가족들이랑 방문할게요!!,두번째 방문하는 난포!! 넘 맛있게 먹었어요 예약안하고 가면 평일에도 웨이팅이… 편하게 네이버예약도 되어 넘 좋았습니다:) 다음에는 가족들이랑 방문할게요!!,True,normal,137,1번째 방문,True,,,1,두번째 방문하는 난포 넘 맛있게 먹었어요 예약안하고 가면 평일에도 웨이팅이 편하게 네이버예약도 되어 넘 좋았습니다 다음에는 가족들이랑 방문할게요,87,80,0,0,1,1,1,1,0,2,1,0,0,0,3,1,0,0,4,1,0,0,0,0,0,0,0,1,1,1,0,0,0,0,0,1,1,0,0,0,0
난포,530,16,2025.05.27,1,예약,2년 전에 웨이팅 기다리다기다리다 못 먹었었는데 . . 이제 예약할 수 있더라고요! 성수동 가려니 생각나서 방문했꾸 메뉴 모두 맛있게 잘 먹었습니당 ! 😋😋😋,2년 전에 웨이팅 기다리다기다리다 못 먹었었는데 . . 이제 예약할 수 있더라고요! 성수동 가려니 생각나서 방문했꾸 메뉴 모두 맛있게 잘 먹었습니당 ! 😋😋😋,True,normal,16,1번째 방문,True,,,1,2년 전에 웨이팅 기다리다기다리다 못 먹었었는데 이제 예약할 수 있더라고요 성수동 가려니 생각나서 방문했꾸 메뉴 모두 맛있게 잘 먹었습니당,88,77,0,0,1,1,1,1,0,0,0,1,0,0,1,1,0,0,2,0,0,0,0,0,0,0,0,1,0,1,0,0,0,0,0,1,1,0,0,0,0
난포,빛68,41,2025.05.05,1,예약,"특별한 메뉴로 입이 즐거운 시간이었습니다! 웨이팅이 엄청 많았는데, 예약하고 들어가서 바로 식사할 수 있었습니다! 문어국수.. 저 메뉴 정말 맛나요 별미!!!","특별한 메뉴로 입이 즐거운 시간이었습니다! 웨이팅이 엄청 많았는데, 예약하고 들어가서 바로 식사할 수 있었습니다! 문어국수.. 저 메뉴 정말 맛나요 별미!!!",True,normal,41,1번째 방문,True,,,1,특별한 메뉴로 입이 즐거운 시간이었습니다 웨이팅이 엄청 많았는데 예약하고 들어가서 바로 식사할 수 있었습니다 문어국수 저 메뉴 정말 맛나요 별미,88,80,0,0,1,1,1,1,0,0,0,0,0,0,0,0,1,0,5,1,0,0,0,0,0,0,0,1,0,1,0,0,0,0,0,1,1,0,0,0,0
난포,유기농하늘보리,834,2024.07.04,1,영수증,"한남동에 한 번 방문했었는데 직장 근처에도 있어서 들렀습니다 ! 혼자 이용하기에도 부담스럽지 않은 가격에 보장된 맛, 친절하기까지 ! 너무 잘 먹었습니다 :)","한남동에 한 번 방문했었는데 직장 근처에도 있어서 들렀습니다 ! 혼자 이용하기에도 부담스럽지 않은 가격에 보장된 맛, 친절하기까지 ! 너무 잘 먹었습니다 :)",True,normal,834,1번째 방문,True,,,1,한남동에 한 번 방문했었는데 직장 근처에도 있어서 들렀습니다 혼자 이용하기에도 부담스럽지 않은 가격에 보장된 맛 친절하기까지 너무 잘 먹었습니다,88,80,0,0,1,1,2,1,1,0,0,0,0,0,0,0,1,0,2,0,0,0,0,0,0,0,0,1,1,1,0,0,0,0,0,1,1,0,0,0,0
난포,미239,54,2025.10.21,1,예약,새우감자전이 젤 맛있어요 문어국수가 새콤한 맛이 매우 강해서 취향 탈것같아요 제철회묵은지말이는 다른 지점에서 먹었을때 너무 맛났는데 그 맛이 아니라 아쉬웠습니다,새우감자전이 젤 맛있어요 문어국수가 새콤한 맛이 매우 강해서 취향 탈것같아요 제철회묵은지말이는 다른 지점에서 먹었을때 너무 맛났는데 그 맛이 아니라 아쉬웠습니다,True,normal,54,1번째 방문,True,,,1,새우감자전이 젤 맛있어요 문어국수가 새콤한 맛이 매우 강해서 취향 탈것같아요 제철회묵은지말이는 다른 지점에서 먹었을때 너무 맛났는데 그 맛이 아니라 아쉬웠습니다,89,89,0,0,1,1,0,0,0,0,0,0,0,0,1,1,1,0,0,0,0,0,0,0,0,0,0,1,1,1,0,0,0,1,1,0,0,0,0,0,0
난포,둡둡토끼,1253,2024.04.28,1,영수증,진심 맛나요…. 또 생각날 듯… 저 셋 중에 돌문어간장국수가 젤 맛났어요! 같이 간 친구도 저게 젤 맛있대요 ㅎㅎ 둘이서 세 개 시켰는데 안 남기고 다 먹었슴당,진심 맛나요…. 또 생각날 듯… 저 셋 중에 돌문어간장국수가 젤 맛났어요! 같이 간 친구도 저게 젤 맛있대요 ㅎㅎ 둘이서 세 개 시켰는데 안 남기고 다 먹었슴당,True,normal,1253,1번째 방문,True,,,1,진심 맛나요 또 생각날 듯 저 셋 중에 돌문어간장국수가 젤 맛났어요 같이 간 친구도 저게 젤 맛있대요 둘이서 세 개 시켰는데 안 남기고 다 먹었슴당,89,82,0,0,1,1,0,0,0,1,1,0,0,0,1,1,0,0,1,0,0,0,0,0,0,0,0,1,1,1,0,0,0,0,0,1,1,0,0,0,0
난포,tar****,204,2025.10.19,1,영수증,식사하면서 쓰윽 보면 풀향기 가득한 쌈 싸 먹으면 짭짤한 간이 맛있게 잡혔어요~ 강된장쌈밥 먹고 맑은 국물에 도톰한 돌문어와 쫄깃한 식감 있는 면발이 매력적이네요,식사하면서 쓰윽 보면 풀향기 가득한 쌈 싸 먹으면 짭짤한 간이 맛있게 잡혔어요~ 강된장쌈밥 먹고 맑은 국물에 도톰한 돌문어와 쫄깃한 식감 있는 면발이 매력적이네요,True,normal,204,1번째 방문,True,,,1,식사하면서 쓰윽 보면 풀향기 가득한 쌈 싸 먹으면 짭짤한 간이 맛있게 잡혔어요 강된장쌈밥 먹고 맑은 국물에 도톰한 돌문어와 쫄깃한 식감 있는 면발이 매력적이네요,90,89,0,0,1,1,0,0,0,0,0,0,0,0,1,1,0,0,0,0,0,0,0,0,0,0,0,1,1,1,0,0,0,1,1,0,0,0,0,0,0
난포,598,159,2025.09.15,1,예약,수년 전 방문하고 오랜만에 다시 방문한 난포. 기대치가 높아서 그럴 수도 있겠지만 흡사한 메뉴를 판매하는 타 매장의 가격이나 퀄리티가 훨씬 더 좋게 느껴졌습니다.,수년 전 방문하고 오랜만에 다시 방문한 난포. 기대치가 높아서 그럴 수도 있겠지만 흡사한 메뉴를 판매하는 타 매장의 가격이나 퀄리티가 훨씬 더 좋게 느껴졌습니다.,True,normal,159,1번째 방문,True,,,1,수년 전 방문하고 오랜만에 다시 방문한 난포 기대치가 높아서 그럴 수도 있겠지만 흡사한 메뉴를 판매하는 타 매장의 가격이나 퀄리티가 훨씬 더 좋게 느껴졌습니다,90,88,0,0,1,1,2,1,1,0,0,0,0,0,0,0,0,0,0,0,0,0,0,0,0,0,0,1,1,1,0,0,0,0,0,1,1,0,0,0,0
난포,the빵,1555,2024.04.29,1,영수증,"예약마감돼서 오픈15분전에 갔는데, 2명 좌석은 좀 있었는데, 3명좌석이 없어서 40분 웨이팅했어요ㅜㅜ3명이 가서 식사 3가지에 새우감자전까지 먹어야 적당합니다^^","예약마감돼서 오픈15분전에 갔는데, 2명 좌석은 좀 있었는데, 3명좌석이 없어서 40분 웨이팅했어요ㅜㅜ3명이 가서 식사 3가지에 새우감자전까지 먹어야 적당합니다^^",True,normal,1555,1번째 방문,True,,,1,예약마감돼서 오픈15분전에 갔는데 2명 좌석은 좀 있었는데 3명좌석이 없어서 40분 웨이팅했어요 3명이 가서 식사 3가지에 새우감자전까지 먹어야 적당합니다,91,86,0,0,1,1,1,1,0,0,0,1,5,1,0,0,0,0,0,0,0,0,0,0,0,0,0,1,1,1,0,0,0,0,0,1,1,0,0,0,0
난포,데이브레이크2232,864,2026.03.05,1,영수증,웨이팅 없이 입장해서 좋았어요~! 안내 받은 테이블에 음식 찌꺼기가 조그맣게 있었지만 손으로 톡 치우고 주문 한 음식 맛나게 먹고 음식양은 좀 적다고 느껴지긴 했어요,웨이팅 없이 입장해서 좋았어요~! 안내 받은 테이블에 음식 찌꺼기가 조그맣게 있었지만 손으로 톡 치우고 주문 한 음식 맛나게 먹고 음식양은 좀 적다고 느껴지긴 했어요,True,normal,864,1번째 방문,True,,,1,웨이팅 없이 입장해서 좋았어요 안내 받은 테이블에 음식 찌꺼기가 조그맣게 있었지만 손으로 톡 치우고 주문 한 음식 맛나게 먹고 음식양은 좀 적다고 느껴지긴 했어요,92,90,0,0,1,1,2,1,1,0,0,0,0,0,0,0,0,0,1,0,0,0,0,0,0,0,0,1,1,1,0,0,0,0,0,1,1,0,0,0,0
난포,dms0310,98,2025.03.10,1,영수증,쌈밥이 가장 맛있었어요! 새우감자전은 조금 아쉬웠어요ㅠ 탱글한 새우살일 줄 알았는데 멸치반찬에 들어가는 건새우(?)가 들어가더라구용.. 회국수는 예상대는 맛 그대로에요,쌈밥이 가장 맛있었어요! 새우감자전은 조금 아쉬웠어요ㅠ 탱글한 새우살일 줄 알았는데 멸치반찬에 들어가는 건새우(?)가 들어가더라구용.. 회국수는 예상대는 맛 그대로에요,True,normal,98,1번째 방문,True,,,1,쌈밥이 가장 맛있었어요 새우감자전은 조금 아쉬웠어요 탱글한 새우살일 줄 알았는데 멸치반찬에 들어가는 건새우 가 들어가더라구용 회국수는 예상대는 맛 그대로에요,93,87,0,0,1,1,0,0,0,0,0,0,0,0,1,1,0,0,1,0,0,0,0,0,0,0,0,1,1,1,0,0,0,1,1,0,0,0,0,0,0
난포,kikapie,28,2024.05.31,1,예약,메뉴가 정갈하고 정말 맛있었어요. 줄서는식당이지만 운좋게 예약을 통해 편리하게 식사를 즐겼어요. 식당에서 나오는 음악도 선곡이 좋아요. 맛있고 즐거운 식당입니다😀👍🏻✨,메뉴가 정갈하고 정말 맛있었어요. 줄서는식당이지만 운좋게 예약을 통해 편리하게 식사를 즐겼어요. 식당에서 나오는 음악도 선곡이 좋아요. 맛있고 즐거운 식당입니다😀👍🏻✨,True,normal,28,1번째 방문,True,,,1,메뉴가 정갈하고 정말 맛있었어요 줄서는식당이지만 운좋게 예약을 통해 편리하게 식사를 즐겼어요 식당에서 나오는 음악도 선곡이 좋아요 맛있고 즐거운 식당입니다,93,86,0,0,1,1,0,0,0,0,0,0,0,0,3,1,0,0,0,0,0,0,0,0,0,0,0,1,0,1,0,0,0,1,1,0,0,0,0,0,0
난포,lovelatte,43,2024.06.18,1,영수증,"딸이 맛집으로 추천한곳 대기 19번 오래 기다리지는 않았다 쌈밥, 제철회비빔국수, 감자전 주문했는데 모두 만족스러운 맛이었다 묵은지회말이는 담에 꼭 다시 와서 먹는걸로","딸이 맛집으로 추천한곳 대기 19번 오래 기다리지는 않았다 쌈밥, 제철회비빔국수, 감자전 주문했는데 모두 만족스러운 맛이었다 묵은지회말이는 담에 꼭 다시 와서 먹는걸로",True,normal,43,1번째 방문,True,,,1,딸이 맛집으로 추천한곳 대기 19번 오래 기다리지는 않았다 쌈밥 제철회비빔국수 감자전 주문했는데 모두 만족스러운 맛이었다 묵은지회말이는 담에 꼭 다시 와서 먹는걸로,93,91,0,0,1,1,2,1,1,0,0,1,0,0,2,1,0,0,0,0,0,0,0,0,0,0,0,1,0,1,0,0,0,0,0,1,1,0,0,0,0
난포,haedal222,172,2024.06.20,1,,맛있긴한데 이렇게 유명할 정도인가 의문이 들긴 했다 감자전은 미리 해둔 걸 해동해 주시는 건지? 하나도 안 뜨거웠고.. 비빔국수는 나쁘지 않았고 강된장은 글쎄..?!?,맛있긴한데 이렇게 유명할 정도인가 의문이 들긴 했다 감자전은 미리 해둔 걸 해동해 주시는 건지? 하나도 안 뜨거웠고.. 비빔국수는 나쁘지 않았고 강된장은 글쎄..?!?,True,normal,172,1번째 방문,True,,,1,맛있긴한데 이렇게 유명할 정도인가 의문이 들긴 했다 감자전은 미리 해둔 걸 해동해 주시는 건지 하나도 안 뜨거웠고 비빔국수는 나쁘지 않았고 강된장은 글쎄,93,85,0,0,1,1,0,0,0,0,0,0,0,0,1,1,0,0,1,0,0,0,0,0,0,0,0,1,1,1,0,0,0,1,1,0,0,0,0,0,0
난포,서은띠,425,2024.05.30,1,예약,캐치테이블 제도 너무 좋은데 3명이라 넘 오래 기다렸어요.. 쥬륵 맥주 겁나 맛있고요!!! 음식도 맛있어서 전복들기름파스타(?) 포장해서 대구까지 데려왔어요 ㅎㅎ 굿띠,캐치테이블 제도 너무 좋은데 3명이라 넘 오래 기다렸어요.. 쥬륵 맥주 겁나 맛있고요!!! 음식도 맛있어서 전복들기름파스타(?) 포장해서 대구까지 데려왔어요 ㅎㅎ 굿띠,True,normal,425,1번째 방문,True,,,1,캐치테이블 제도 너무 좋은데 3명이라 넘 오래 기다렸어요 쥬륵 맥주 겁나 맛있고요 음식도 맛있어서 전복들기름파스타 포장해서 대구까지 데려왔어요 굿띠,93,82,0,0,1,1,1,1,0,0,0,1,1,1,3,1,1,0,3,1,0,0,0,0,0,0,0,1,1,1,0,0,0,0,0,1,1,0,0,0,0
난포,mpb****,112,2025.10.14,1,영수증,강된장쌈밥 맛이 정말 깊고 진하게 느껴졌어요. 신선한 쌈 채소와 함께 먹으니 더욱 풍미가 살아나는 것 같았어요. 직원분들도 친절하게 응대해주셔서 기분 좋게 식사했었어요.,강된장쌈밥 맛이 정말 깊고 진하게 느껴졌어요. 신선한 쌈 채소와 함께 먹으니 더욱 풍미가 살아나는 것 같았어요. 직원분들도 친절하게 응대해주셔서 기분 좋게 식사했었어요.,True,normal,112,1번째 방문,True,,,1,강된장쌈밥 맛이 정말 깊고 진하게 느껴졌어요 신선한 쌈 채소와 함께 먹으니 더욱 풍미가 살아나는 것 같았어요 직원분들도 친절하게 응대해주셔서 기분 좋게 식사했었어요,94,91,0,0,1,1,2,1,1,0,0,0,0,0,0,0,0,0,0,0,0,0,0,0,0,0,0,1,1,1,0,0,0,0,0,1,1,0,0,0,0
난포,195****,278,2025.10.20,1,영수증,강된장쌈밥이 참 깔끔하고 진해서 좋네요 여러가지 쌈채소에 강된장을 듬뿍 올려먹으니 속이 든든해졌어요 ㅎㅎ 친절하게 응대해주셔서 기분도 좋았고 다음에 또 먹으러 가고 싶어요,강된장쌈밥이 참 깔끔하고 진해서 좋네요 여러가지 쌈채소에 강된장을 듬뿍 올려먹으니 속이 든든해졌어요 ㅎㅎ 친절하게 응대해주셔서 기분도 좋았고 다음에 또 먹으러 가고 싶어요,True,normal,278,1번째 방문,True,,,1,강된장쌈밥이 참 깔끔하고 진해서 좋네요 여러가지 쌈채소에 강된장을 듬뿍 올려먹으니 속이 든든해졌어요 친절하게 응대해주셔서 기분도 좋았고 다음에 또 먹으러 가고 싶어요,95,92,0,0,1,1,1,1,0,0,0,0,0,0,0,0,0,0,0,0,0,0,0,0,0,0,0,1,1,1,0,0,0,0,0,1,1,0,0,0,0
난포,내앞길을막지마라,65,2024.04.14,1,영수증,주말에 웨이팅 두시간 반정도 걸렸는데 캐치테이블로 예약해놓고 일정 마치고 갔더니 딱 들어갔어요! 웨이팅이 아깝지않게 모든 메뉴 너무너무 맛있어요... 또 올거예요 최고최고,주말에 웨이팅 두시간 반정도 걸렸는데 캐치테이블로 예약해놓고 일정 마치고 갔더니 딱 들어갔어요! 웨이팅이 아깝지않게 모든 메뉴 너무너무 맛있어요... 또 올거예요 최고최고,True,normal,65,1번째 방문,True,,,1,주말에 웨이팅 두시간 반정도 걸렸는데 캐치테이블로 예약해놓고 일정 마치고 갔더니 딱 들어갔어요 웨이팅이 아깝지않게 모든 메뉴 너무너무 맛있어요 또 올거예요 최고최고,95,91,0,0,1,1,2,1,1,1,1,0,0,0,3,1,2,0,1,0,0,0,0,0,0,0,0,1,1,1,0,0,0,0,0,1,1,0,0,0,0
난포,호호잇75,434,2024.09.27,1,영수증,"음식은 삼삼하니 맛있었습니다. 2시 이후에 가서 자리도 좀 비어있고 그렇게 안바쁘신거 같았는데.. 주문도 겨우 하고, 필요한거 있으면 서버분에게 직접 찾아갔어요.. 아쉽네요","음식은 삼삼하니 맛있었습니다. 2시 이후에 가서 자리도 좀 비어있고 그렇게 안바쁘신거 같았는데.. 주문도 겨우 하고, 필요한거 있으면 서버분에게 직접 찾아갔어요.. 아쉽네요",True,normal,434,1번째 방문,True,,,1,음식은 삼삼하니 맛있었습니다 2시 이후에 가서 자리도 좀 비어있고 그렇게 안바쁘신거 같았는데 주문도 겨우 하고 필요한거 있으면 서버분에게 직접 찾아갔어요 아쉽네요,96,90,0,0,1,1,2,1,1,0,0,1,1,1,1,1,0,0,0,0,0,0,1,0,0,0,0,1,1,1,0,0,0,0,0,1,1,0,0,0,0
난포,오늘도 스마일,201,2024.04.29,1,영수증,외국인 친구들과 맛있게 잘 먹고 왔어요~^^ 대기가 길어서 걱정했는데 다행히 빠르게 입장했네요!! 너무 마니 시켜서 쌈밥은 포장해왔는데 집에서 먹은 쌈밥 더 맛있었네요~^^,외국인 친구들과 맛있게 잘 먹고 왔어요~^^ 대기가 길어서 걱정했는데 다행히 빠르게 입장했네요!! 너무 마니 시켜서 쌈밥은 포장해왔는데 집에서 먹은 쌈밥 더 맛있었네요~^^,True,normal,201,1번째 방문,True,,,1,외국인 친구들과 맛있게 잘 먹고 왔어요 대기가 길어서 걱정했는데 다행히 빠르게 입장했네요 너무 마니 시켜서 쌈밥은 포장해왔는데 집에서 먹은 쌈밥 더 맛있었네요,96,88,0,0,1,1,2,1,1,1,1,0,0,0,2,1,1,0,2,0,0,0,1,0,0,0,0,1,1,1,0,0,0,0,0,1,1,0,0,0,0
난포,오리날다8987,1075,2025.10.17,1,영수증,"돌문어 간장국수가 새콤하고 정말 맛있었어요♡ 강된장 쌈밥과 제철회 묵은지말이, 새우 감자전은 제 입에 너무 슴슴해서 곁들여 먹는 장아찌를 몇 번씩 리필 요청해야 했습니다^^;;","돌문어 간장국수가 새콤하고 정말 맛있었어요♡ 강된장 쌈밥과 제철회 묵은지말이, 새우 감자전은 제 입에 너무 슴슴해서 곁들여 먹는 장아찌를 몇 번씩 리필 요청해야 했습니다^^;;",True,normal,1075,1번째 방문,True,,,1,돌문어 간장국수가 새콤하고 정말 맛있었어요 강된장 쌈밥과 제철회 묵은지말이 새우 감자전은 제 입에 너무 슴슴해서 곁들여 먹는 장아찌를 몇 번씩 리필 요청해야 했습니다,98,92,0,0,1,1,0,0,0,0,0,0,0,0,1,1,1,0,0,0,0,0,0,0,0,0,0,1,1,1,0,0,0,1,1,0,0,0,0,0,0
난포,파이팅너드,6,2025.11.21,1,예약,전형적인 한식느낌의 맛 쌈이랑 새우감자전이랑 제철회롤? 먹었는데 3메뉴 다 맛있었음 간이 세지않고 슴슴함 자극적인거 좋아하시는 분들은 간이 약할듯 근데 꼭 한번 먹어보는건 추천,전형적인 한식느낌의 맛 쌈이랑 새우감자전이랑 제철회롤? 먹었는데 3메뉴 다 맛있었음 간이 세지않고 슴슴함 자극적인거 좋아하시는 분들은 간이 약할듯 근데 꼭 한번 먹어보는건 추천,True,normal,6,1번째 방문,True,,,1,전형적인 한식느낌의 맛 쌈이랑 새우감자전이랑 제철회롤 먹었는데 3메뉴 다 맛있었음 간이 세지않고 슴슴함 자극적인거 좋아하시는 분들은 간이 약할듯 근데 꼭 한번 먹어보는건 추천,98,97,0,0,1,1,0,0,0,0,0,1,0,0,2,1,0,0,0,0,0,0,1,0,0,0,0,0,0,1,0,0,0,1,1,0,0,0,0,0,0
난포,이야이야82,56,2025.09.03,1,예약,웨이팅이 없었는데? 있다고 말해서 허겁지겁 갔는데 두팀있었어요🥵 ㅋ ㅋ ㅋ 그래도 강된장쌈밥이라는 설숲에서 먹기 어려운 메뉴가 있어서 좋았어요! 된장맛이 더 많이 났음 좋겠어용,웨이팅이 없었는데? 있다고 말해서 허겁지겁 갔는데 두팀있었어요🥵 ㅋ ㅋ ㅋ 그래도 강된장쌈밥이라는 설숲에서 먹기 어려운 메뉴가 있어서 좋았어요! 된장맛이 더 많이 났음 좋겠어용,True,normal,56,1번째 방문,True,,,1,웨이팅이 없었는데 있다고 말해서 허겁지겁 갔는데 두팀있었어요 그래도 강된장쌈밥이라는 설숲에서 먹기 어려운 메뉴가 있어서 좋았어요 된장맛이 더 많이 났음 좋겠어용,98,89,0,0,1,1,1,1,0,0,0,0,0,0,0,0,0,0,1,0,0,0,1,0,0,0,0,1,1,1,0,0,0,0,0,1,1,0,0,0,0
난포,xh3r9qn,25,2025.02.05,1,예약,유명맛집이라고 해서 방문했어용 일단 비주얼이 너무 귀엽고 예뻐서 좋았어요 ! 양은 좀 적은거 같아서 2명이서 가서 3개 시켰더니 딱 맞았어요~ 건강하게 잘 먹은 느낌이에요 ◡̈,유명맛집이라고 해서 방문했어용 일단 비주얼이 너무 귀엽고 예뻐서 좋았어요 ! 양은 좀 적은거 같아서 2명이서 가서 3개 시켰더니 딱 맞았어요~ 건강하게 잘 먹은 느낌이에요 ◡̈,True,normal,25,1번째 방문,True,,,1,유명맛집이라고 해서 방문했어용 일단 비주얼이 너무 귀엽고 예뻐서 좋았어요 양은 좀 적은거 같아서 2명이서 가서 3개 시켰더니 딱 맞았어요 건강하게 잘 먹은 느낌이에요,98,92,0,0,1,1,0,0,0,0,0,1,1,1,1,1,1,0,1,0,0,0,0,0,0,0,0,1,0,1,0,0,0,0,0,1,0,0,0,0,0
난포,joa조아,185,2024.07.31,1,예약,음식은 늘 맛있고 너무 맛있고 비쥬얼 끝내주고 평일1:30분 이후에 가니 줄도 안서고 딱 좋네요 근데 원래 여기 음악이 80년도 노래였나요? 주현미 잠깐만 나와서 놀랍고 새롭고,음식은 늘 맛있고 너무 맛있고 비쥬얼 끝내주고 평일1:30분 이후에 가니 줄도 안서고 딱 좋네요 근데 원래 여기 음악이 80년도 노래였나요? 주현미 잠깐만 나와서 놀랍고 새롭고,True,normal,185,1번째 방문,True,,,1,음식은 늘 맛있고 너무 맛있고 비쥬얼 끝내주고 평일1 30분 이후에 가니 줄도 안서고 딱 좋네요 근데 원래 여기 음악이 80년도 노래였나요 주현미 잠깐만 나와서 놀랍고 새롭고,98,97,0,0,1,1,0,0,0,1,1,1,1,1,2,1,1,0,0,0,0,0,1,0,0,0,0,1,1,1,0,0,0,0,0,1,1,0,0,0,0
난포,JH Lennon,128,2024.08.06,1,예약,"군더더기없는 깔끔한 맛입니다. 별 거 없는데 맛있는 게 젤 어려울텐데 딱 그런 맛입니다 성수동 유행타는 그런 거 아니고 진정성있는 맛으로 승부하시는 사장님, 쉐프님 응원합니다.","군더더기없는 깔끔한 맛입니다. 별 거 없는데 맛있는 게 젤 어려울텐데 딱 그런 맛입니다 성수동 유행타는 그런 거 아니고 진정성있는 맛으로 승부하시는 사장님, 쉐프님 응원합니다.",True,normal,128,1번째 방문,True,,,1,군더더기없는 깔끔한 맛입니다 별 거 없는데 맛있는 게 젤 어려울텐데 딱 그런 맛입니다 성수동 유행타는 그런 거 아니고 진정성있는 맛으로 승부하시는 사장님 쉐프님 응원합니다,98,95,0,0,1,1,0,0,0,0,0,0,0,0,1,1,0,0,0,0,0,0,0,0,0,0,0,1,1,1,0,0,0,1,1,0,0,0,0,0,0
난포,꼬냥이54,1661,2024.04.23,1,영수증,건강한 맛 삼삼한 느낌이에요 강된장도 생각보다 짜지않았어요. 메뉴 모두 고유의 맛이 느껴지고 질리지 않게 먹을 수 있어요 예약 및 입장 순서에 따라 주문 받으시는 것도 좋았어요,건강한 맛 삼삼한 느낌이에요 강된장도 생각보다 짜지않았어요. 메뉴 모두 고유의 맛이 느껴지고 질리지 않게 먹을 수 있어요 예약 및 입장 순서에 따라 주문 받으시는 것도 좋았어요,True,normal,1661,1번째 방문,True,,,1,건강한 맛 삼삼한 느낌이에요 강된장도 생각보다 짜지않았어요 메뉴 모두 고유의 맛이 느껴지고 질리지 않게 먹을 수 있어요 예약 및 입장 순서에 따라 주문 받으시는 것도 좋았어요,98,97,0,0,1,1,1,1,0,0,0,0,0,0,0,0,0,0,0,0,0,0,1,0,0,0,0,1,1,1,0,0,0,0,0,1,1,0,0,0,0
난포,고원태,195,2025.10.08,1,영수증,강된장쌈밥이 정말 맛있어요 신선한 쌈채소도 듬뿍 나와서 푸짐하게 먹을 수 있고 양도 넉넉해요 제철회묵은지말이는 향이 독특하면서도 감칠맛이 좋네요 건강하게 차려진 한 끼 식사였어요,강된장쌈밥이 정말 맛있어요 신선한 쌈채소도 듬뿍 나와서 푸짐하게 먹을 수 있고 양도 넉넉해요 제철회묵은지말이는 향이 독특하면서도 감칠맛이 좋네요 건강하게 차려진 한 끼 식사였어요,True,normal,195,1번째 방문,True,,,1,강된장쌈밥이 정말 맛있어요 신선한 쌈채소도 듬뿍 나와서 푸짐하게 먹을 수 있고 양도 넉넉해요 제철회묵은지말이는 향이 독특하면서도 감칠맛이 좋네요 건강하게 차려진 한 끼 식사였어요,99,99,0,0,1,1,0,0,0,0,0,0,0,0,1,1,0,0,0,0,0,0,0,0,0,0,0,1,1,1,0,0,0,1,1,0,0,0,0,0,0
난포,Jjmons,126,2025.01.27,1,예약,"전체적으로 간이 약하구요, 강된장 쌈밥에 강된장도 심심해서 아쉬웠습니다. 3명이서 메뉴 4개는 시켜야 배부르게 먹는 양이에요. 마늘쫑, 깻잎 간장 나물이 가장 입맛에 맞았습니다!","전체적으로 간이 약하구요, 강된장 쌈밥에 강된장도 심심해서 아쉬웠습니다. 3명이서 메뉴 4개는 시켜야 배부르게 먹는 양이에요. 마늘쫑, 깻잎 간장 나물이 가장 입맛에 맞았습니다!",True,normal,126,1번째 방문,True,,,1,전체적으로 간이 약하구요 강된장 쌈밥에 강된장도 심심해서 아쉬웠습니다 3명이서 메뉴 4개는 시켜야 배부르게 먹는 양이에요 마늘쫑 깻잎 간장 나물이 가장 입맛에 맞았습니다,99,94,0,0,1,1,0,0,0,0,0,1,1,1,0,0,0,0,1,0,0,0,0,0,0,0,0,1,1,1,0,0,0,0,0,1,0,0,0,0,0
난포,Memymemy,73,2024.02.13,1,,재재재방문 맛집이고요 여전히 웨이팅있고 음식이 대체로 삼삼해요 절임류랑 먹기 좋은 간이고 제철회묵은지말이랑 돌문어간장국수가 최애인데 자주 솔드아웃이에요ㅠ많이 가져와주세여 재료..,재재재방문 맛집이고요 여전히 웨이팅있고 음식이 대체로 삼삼해요 절임류랑 먹기 좋은 간이고 제철회묵은지말이랑 돌문어간장국수가 최애인데 자주 솔드아웃이에요ㅠ많이 가져와주세여 재료..,True,normal,73,1번째 방문,True,,,1,재재재방문 맛집이고요 여전히 웨이팅있고 음식이 대체로 삼삼해요 절임류랑 먹기 좋은 간이고 제철회묵은지말이랑 돌문어간장국수가 최애인데 자주 솔드아웃이에요 많이 가져와주세여 재료,99,97,0,0,1,1,1,1,0,0,0,0,0,0,1,1,0,0,0,0,0,0,0,1,1,0,0,1,1,1,0,0,0,0,0,1,1,0,0,0,0
난포,ioj****,97,2025.11.02,1,영수증,강된장쌈밥 먹고 왔는데 쌈 종류도 여러 가지고 된장 맛이 구수해요 제철회묵은지말이도 같이 시켜서 먹었는데 상큼하니 입맛 돋우기 좋더라고요 포만감도 충분하고 다음에 또 올 것 같아요,강된장쌈밥 먹고 왔는데 쌈 종류도 여러 가지고 된장 맛이 구수해요 제철회묵은지말이도 같이 시켜서 먹었는데 상큼하니 입맛 돋우기 좋더라고요 포만감도 충분하고 다음에 또 올 것 같아요,True,normal,97,1번째 방문,True,,,1,강된장쌈밥 먹고 왔는데 쌈 종류도 여러 가지고 된장 맛이 구수해요 제철회묵은지말이도 같이 시켜서 먹었는데 상큼하니 입맛 돋우기 좋더라고요 포만감도 충분하고 다음에 또 올 것 같아요,100,100,0,0,1,1,0,0,0,0,0,0,0,0,0,0,0,0,0,0,0,0,0,0,0,0,0,1,1,1,0,0,0,0,0,0,0,0,0,0,0
난포,pianistran,1150,2025.04.21,2,영수증,난포에선 기본으로 강된장쌈밥을 시키시고요~ 나머지는 그날 땡기는걸 드시면됩니다! 왜냐면 정말로 다 맛있거든요.. 😋 건강한 한식이라 다 먹은후 속도 편하고 배도 든든해서 왕추천!!,난포에선 기본으로 강된장쌈밥을 시키시고요~ 나머지는 그날 땡기는걸 드시면됩니다! 왜냐면 정말로 다 맛있거든요.. 😋 건강한 한식이라 다 먹은후 속도 편하고 배도 든든해서 왕추천!!,True,normal,1150,2번째 방문,True,,,1,난포에선 기본으로 강된장쌈밥을 시키시고요 나머지는 그날 땡기는걸 드시면됩니다 왜냐면 정말로 다 맛있거든요 건강한 한식이라 다 먹은후 속도 편하고 배도 든든해서 왕추천,100,92,0,0,1,1,0,0,0,0,0,0,0,0,2,1,0,0,3,1,0,0,0,0,0,0,0,1,1,0,1,0,0,1,1,0,0,0,0,0,0
난포,별이3154,203,2024.09.19,1,예약,"맛있어요! 건강하게 맛있는 맛이에요🥰 예약하고 방문했고, 바로 입장했습니다. 대기줄이 생각보다 길더라고요~ 예약 후 방문 추천드립니다. 그래도 음식이 빨리 나와서 회전율이 좋아요!","맛있어요! 건강하게 맛있는 맛이에요🥰 예약하고 방문했고, 바로 입장했습니다. 대기줄이 생각보다 길더라고요~ 예약 후 방문 추천드립니다. 그래도 음식이 빨리 나와서 회전율이 좋아요!",True,normal,203,1번째 방문,True,,,1,맛있어요 건강하게 맛있는 맛이에요 예약하고 방문했고 바로 입장했습니다 대기줄이 생각보다 길더라고요 예약 후 방문 추천드립니다 그래도 음식이 빨리 나와서 회전율이 좋아요,100,93,0,0,1,1,1,1,0,0,0,0,0,0,4,1,0,0,2,0,0,0,1,0,0,0,0,1,1,1,0,0,0,0,0,1,1,0,0,0,0
난포,크르릉4233,28,2025.10.02,1,예약,음식이 정갈하고 깔끔해서 눈으로 보는 맛도 있어요! 전부 다 너무 맛있어요! 직원분이 너무너무너무 친절하세요 👏👏👏👏👏 덕분에 오랜만에 친구들과 너무 좋은시간 보내고 왔어요 ☺️☺️,음식이 정갈하고 깔끔해서 눈으로 보는 맛도 있어요! 전부 다 너무 맛있어요! 직원분이 너무너무너무 친절하세요 👏👏👏👏👏 덕분에 오랜만에 친구들과 너무 좋은시간 보내고 왔어요 ☺️☺️,True,normal,28,1번째 방문,True,,,1,음식이 정갈하고 깔끔해서 눈으로 보는 맛도 있어요 전부 다 너무 맛있어요 직원분이 너무너무너무 친절하세요 덕분에 오랜만에 친구들과 너무 좋은시간 보내고 왔어요,101,88,0,0,1,1,2,1,1,1,1,0,0,0,1,1,5,1,2,0,0,0,0,0,0,0,0,1,0,1,0,0,0,0,0,1,1,0,0,0,0
난포,eun****,6,2025.08.27,1,예약,"줄서는 식당에 나왔다고 해서 예약하고 찾아감. 평일에는 예약을 안해도 괜찮을듯..테이블 절반정도 비어있었음,,너무 기대하지 말기.. 비싸지 않다..그래서인지 음식양이 적게 나온다..","줄서는 식당에 나왔다고 해서 예약하고 찾아감. 평일에는 예약을 안해도 괜찮을듯..테이블 절반정도 비어있었음,,너무 기대하지 말기.. 비싸지 않다..그래서인지 음식양이 적게 나온다..",True,normal,6,1번째 방문,True,,,1,줄서는 식당에 나왔다고 해서 예약하고 찾아감 평일에는 예약을 안해도 괜찮을듯 테이블 절반정도 비어있었음 너무 기대하지 말기 비싸지 않다 그래서인지 음식양이 적게 나온다,101,93,0,0,1,1,0,0,0,1,1,0,0,0,0,0,1,0,0,0,0,0,1,0,0,0,0,0,0,1,0,0,0,0,0,1,1,0,0,0,0
난포,Hermione25,6,2025.07.03,1,예약,회가 조금 비렸는데 소스덕에 먹을만했고 쌈밥은 조금 싱거워서 좋았어요.된장도 맛있었을 것같아요. 매장은 넓은데 스피커 직통자리여서 대화하긴 좀 불편했네요! 반지하라 그런지 조금 습했어요,회가 조금 비렸는데 소스덕에 먹을만했고 쌈밥은 조금 싱거워서 좋았어요.된장도 맛있었을 것같아요. 매장은 넓은데 스피커 직통자리여서 대화하긴 좀 불편했네요! 반지하라 그런지 조금 습했어요,True,normal,6,1번째 방문,True,,,1,회가 조금 비렸는데 소스덕에 먹을만했고 쌈밥은 조금 싱거워서 좋았어요 된장도 맛있었을 것같아요 매장은 넓은데 스피커 직통자리여서 대화하긴 좀 불편했네요 반지하라 그런지 조금 습했어요,103,101,0,0,1,1,2,1,1,0,0,0,0,0,1,1,0,0,1,0,0,0,1,0,0,0,0,0,0,1,0,0,0,0,0,1,1,0,0,0,0
난포,Bum3505,933,2024.09.28,5,영수증,오랫만에 성수방문으로 찾은 난포 여전한 웨이팅으로 입장에 한시간 이상 걸렸지만 주변에 충분한 볼거리들이 많이 있으니 다행 강된장 쌈밥 기본에 제철회국수와 전복들깨국수까지 환상의 조합 💕,오랫만에 성수방문으로 찾은 난포 여전한 웨이팅으로 입장에 한시간 이상 걸렸지만 주변에 충분한 볼거리들이 많이 있으니 다행 강된장 쌈밥 기본에 제철회국수와 전복들깨국수까지 환상의 조합 💕,True,normal,933,5번째 방문,True,,,1,오랫만에 성수방문으로 찾은 난포 여전한 웨이팅으로 입장에 한시간 이상 걸렸지만 주변에 충분한 볼거리들이 많이 있으니 다행 강된장 쌈밥 기본에 제철회국수와 전복들깨국수까지 환상의 조합,103,101,0,0,1,1,1,1,0,0,0,0,0,0,0,0,0,0,0,0,0,0,0,0,0,0,0,1,1,0,1,0,0,0,0,1,1,0,0,0,0
난포,GIVE THX,1151,2024.04.04,1,영수증,"두시간십분 웨이팅은 처음😭 해떠있었는데 기다리동안 해가져서 바람도 너무 불어서 추웠는데, 매장안은 따뜻하고 분위기도 음식이랑 잘매치되고 다 맛있어서 만족했어요~ 새우감자전 추천해요!!!","두시간십분 웨이팅은 처음😭 해떠있었는데 기다리동안 해가져서 바람도 너무 불어서 추웠는데, 매장안은 따뜻하고 분위기도 음식이랑 잘매치되고 다 맛있어서 만족했어요~ 새우감자전 추천해요!!!",True,normal,1151,1번째 방문,True,,,1,두시간십분 웨이팅은 처음 해떠있었는데 기다리동안 해가져서 바람도 너무 불어서 추웠는데 매장안은 따뜻하고 분위기도 음식이랑 잘매치되고 다 맛있어서 만족했어요 새우감자전 추천해요,103,97,0,0,1,1,3,1,1,0,0,0,0,0,2,1,1,0,3,1,0,0,0,0,0,0,0,1,1,1,0,0,0,0,0,1,1,0,0,0,0
난포,쏠라파데,84,2025.12.17,2,예약,"음식 다먹고 계산할때 그릇이가 나갔다고 말했는데..살펴보겠다고 대답해서 조금 당황함.. 사과가 먼저인데.. 뒤쪽으로 놓여져 있어서 시야에 가려있다가 다 먹을때쯤,발견해서.. 찝찝했는데...","음식 다먹고 계산할때 그릇이가 나갔다고 말했는데..살펴보겠다고 대답해서 조금 당황함.. 사과가 먼저인데.. 뒤쪽으로 놓여져 있어서 시야에 가려있다가 다 먹을때쯤,발견해서.. 찝찝했는데...",True,normal,84,2번째 방문,True,,,1,음식 다먹고 계산할때 그릇이가 나갔다고 말했는데 살펴보겠다고 대답해서 조금 당황함 사과가 먼저인데 뒤쪽으로 놓여져 있어서 시야에 가려있다가 다 먹을때쯤 발견해서 찝찝했는데,105,95,0,0,1,1,0,0,0,0,0,0,0,0,0,0,0,0,0,0,0,0,0,0,0,0,0,1,1,0,1,0,0,0,0,0,0,0,0,0,0
난포,sensatiOn,1169,2024.11.10,1,영수증,제철회묵은지말이는 회가 크고 묵은지와 맛이 잘 어우러졌어요. 강된장쌈밥도 강된장에 두부가 많이 들어 맛있었어요. 웨이팅이 무척 많으니 미리 캐치테이블 원격 웨이팅 걸어두시는 걸 추천합니다.,제철회묵은지말이는 회가 크고 묵은지와 맛이 잘 어우러졌어요. 강된장쌈밥도 강된장에 두부가 많이 들어 맛있었어요. 웨이팅이 무척 많으니 미리 캐치테이블 원격 웨이팅 걸어두시는 걸 추천합니다.,True,normal,1169,1번째 방문,True,,,1,제철회묵은지말이는 회가 크고 묵은지와 맛이 잘 어우러졌어요 강된장쌈밥도 강된장에 두부가 많이 들어 맛있었어요 웨이팅이 무척 많으니 미리 캐치테이블 원격 웨이팅 걸어두시는 걸 추천합니다,105,102,0,0,1,1,2,1,1,0,0,0,0,0,2,1,0,0,0,0,0,0,0,0,0,0,0,1,1,1,0,0,0,0,0,1,1,0,0,0,0
난포,땡결,169,2024.08.22,1,예약,제철회묵은지말이 강된장쌈밥 돌문어간장국수 이렇게 세 가지 메뉴 먹었어요! 전부 다 맛있었습니다 😊😊 메뉴 양이 많지 않은 편이라 여자 두 명이서 가도 메뉴 세 개 시키는 게 좋을 것 같아요,제철회묵은지말이 강된장쌈밥 돌문어간장국수 이렇게 세 가지 메뉴 먹었어요! 전부 다 맛있었습니다 😊😊 메뉴 양이 많지 않은 편이라 여자 두 명이서 가도 메뉴 세 개 시키는 게 좋을 것 같아요,True,normal,169,1번째 방문,True,,,1,제철회묵은지말이 강된장쌈밥 돌문어간장국수 이렇게 세 가지 메뉴 먹었어요 전부 다 맛있었습니다 메뉴 양이 많지 않은 편이라 여자 두 명이서 가도 메뉴 세 개 시키는 게 좋을 것 같아요,105,101,0,0,1,1,0,0,0,0,0,0,0,0,1,1,0,0,1,0,0,0,0,0,0,0,0,1,1,1,0,0,0,1,1,0,0,0,0,0,0
난포,처음뵙다,42,2024.08.30,1,영수증,솔직한 평 남깁니다. 돌문어 간장국수: 평범한 맛 제철회묵은지말이: 묵은지 간이 쎔 새우감자전: 건새우가 겁나 많이 들어가 비린내 심함 왜 맛집으로 유명하죠 여기?-? 물타기 그만 했으면…,솔직한 평 남깁니다. 돌문어 간장국수: 평범한 맛 제철회묵은지말이: 묵은지 간이 쎔 새우감자전: 건새우가 겁나 많이 들어가 비린내 심함 왜 맛집으로 유명하죠 여기?-? 물타기 그만 했으면…,True,normal,42,1번째 방문,True,,,1,솔직한 평 남깁니다 돌문어 간장국수 평범한 맛 제철회묵은지말이 묵은지 간이 쎔 새우감자전 건새우가 겁나 많이 들어가 비린내 심함 왜 맛집으로 유명하죠 여기 물타기 그만 했으면,105,97,0,0,1,1,0,0,0,0,0,0,0,0,1,1,0,0,0,0,0,0,0,0,0,0,0,1,0,1,0,0,0,1,1,0,0,0,0,0,0
난포,wn****,1424,2025.11.20,2,예약,한식좋아하는 동생들 데리고 다녀온 성수동 난포 음식들이 정갈하고 자극적이지 않아요 간은 슴슴한데 재료본연의 맛이 있어서 감칠맛은 있네요! 늘 먹는 한식이 지겨울때 한번씩 찾아가면 색다릅니다!,한식좋아하는 동생들 데리고 다녀온 성수동 난포 음식들이 정갈하고 자극적이지 않아요 간은 슴슴한데 재료본연의 맛이 있어서 감칠맛은 있네요! 늘 먹는 한식이 지겨울때 한번씩 찾아가면 색다릅니다!,True,normal,1424,2번째 방문,True,,,1,한식좋아하는 동생들 데리고 다녀온 성수동 난포 음식들이 정갈하고 자극적이지 않아요 간은 슴슴한데 재료본연의 맛이 있어서 감칠맛은 있네요 늘 먹는 한식이 지겨울때 한번씩 찾아가면 색다릅니다,106,104,0,0,1,1,0,0,0,1,1,0,0,0,0,0,0,0,2,0,0,0,0,0,0,0,0,1,1,0,1,0,0,0,0,1,1,0,0,0,0
난포,브루,90,2025.07.13,1,영수증,만약 웨이팅이 있었다면 대기하고 먹을 맛은 아니지만 괜찮았오요! 요즘 식당에서 찾기힘든 건강하고 자극적이지 않은 맛이에요. 단 맛도 별로 없어서 좋았지만 간만 조금 더 세져도 좋을 것 같아요!,만약 웨이팅이 있었다면 대기하고 먹을 맛은 아니지만 괜찮았오요! 요즘 식당에서 찾기힘든 건강하고 자극적이지 않은 맛이에요. 단 맛도 별로 없어서 좋았지만 간만 조금 더 세져도 좋을 것 같아요!,True,normal,90,1번째 방문,True,,,1,만약 웨이팅이 있었다면 대기하고 먹을 맛은 아니지만 괜찮았오요 요즘 식당에서 찾기힘든 건강하고 자극적이지 않은 맛이에요 단 맛도 별로 없어서 좋았지만 간만 조금 더 세져도 좋을 것 같아요,107,104,0,0,1,1,2,1,1,0,0,0,0,0,0,0,0,0,2,0,0,0,1,0,0,0,0,1,1,1,0,0,0,0,0,1,1,0,0,0,0
난포,윤4275,11,2024.12.24,5,영수증,"묵은지말이, 쌈밥, 돌문어간장국수 맛있어요! 5번째 방문인데 누굴 데려가도 모두 좋아하네요~ 다만 메뉴들이 대부분 찬 메뉴라서 겨울에는 따뜻한 물이나 장국 종류가 함께 나왔으면 좋을 것 같아요!","묵은지말이, 쌈밥, 돌문어간장국수 맛있어요! 5번째 방문인데 누굴 데려가도 모두 좋아하네요~ 다만 메뉴들이 대부분 찬 메뉴라서 겨울에는 따뜻한 물이나 장국 종류가 함께 나왔으면 좋을 것 같아요!",True,normal,11,5번째 방문,True,,,1,묵은지말이 쌈밥 돌문어간장국수 맛있어요 5번째 방문인데 누굴 데려가도 모두 좋아하네요 다만 메뉴들이 대부분 찬 메뉴라서 겨울에는 따뜻한 물이나 장국 종류가 함께 나왔으면 좋을 것 같아요,108,103,0,0,1,1,0,0,0,1,1,1,0,0,1,1,0,0,2,0,0,0,1,0,0,0,0,1,0,0,1,0,0,0,0,1,1,0,0,0,0
난포,auwine,58,2025.05.19,1,예약,새우감자전은 치즈가 너무 많아서 저처럼 치즈 덜 좋아하는 분들은 좀 느끼하다 생각하실수도 돌문어간장국수랑 강된장쌈밥은 슴슴하니 맛있었어요 둘이 메뉴 3개 먹으니 좋으네요 양이 많은 분들 참고하세요,새우감자전은 치즈가 너무 많아서 저처럼 치즈 덜 좋아하는 분들은 좀 느끼하다 생각하실수도 돌문어간장국수랑 강된장쌈밥은 슴슴하니 맛있었어요 둘이 메뉴 3개 먹으니 좋으네요 양이 많은 분들 참고하세요,True,normal,58,1번째 방문,True,,,1,새우감자전은 치즈가 너무 많아서 저처럼 치즈 덜 좋아하는 분들은 좀 느끼하다 생각하실수도 돌문어간장국수랑 강된장쌈밥은 슴슴하니 맛있었어요 둘이 메뉴 3개 먹으니 좋으네요 양이 많은 분들 참고하세요,109,109,0,0,1,1,0,0,0,0,0,1,0,0,1,1,1,0,0,0,0,0,1,0,0,0,0,1,1,1,0,0,0,1,1,0,0,0,0,0,0
난포,YYW32,171,2024.06.22,2,영수증,"N번째 방문입니다만, 새우감자전은 왜 이리 변했죠? 짜고 딱딱해서 먹을수가 없었습니다. 컴플레인 걸려다가 그냥 넘어갔는데 반도 못먹고 버렸습니다… 처음 데려가는 지인도 있었는데 굉장히 속상했네요.","N번째 방문입니다만, 새우감자전은 왜 이리 변했죠? 짜고 딱딱해서 먹을수가 없었습니다. 컴플레인 걸려다가 그냥 넘어갔는데 반도 못먹고 버렸습니다… 처음 데려가는 지인도 있었는데 굉장히 속상했네요.",True,normal,171,2번째 방문,True,,,1,N번째 방문입니다만 새우감자전은 왜 이리 변했죠 짜고 딱딱해서 먹을수가 없었습니다 컴플레인 걸려다가 그냥 넘어갔는데 반도 못먹고 버렸습니다 처음 데려가는 지인도 있었는데 굉장히 속상했네요,109,104,0,0,1,1,0,0,0,0,0,0,0,0,1,1,0,0,0,0,0,0,0,0,0,0,0,1,1,0,1,0,0,1,1,0,0,0,0,0,0
난포,참나김,167,2025.04.22,1,영수증,비오는 4월22일 서울숲 산책하러 왔는데 비가오네요 난포에서 예쁜 강된장쌈밥이랑 한우육회묵은지말이로 시작해서 전복들깨국수의 고소함에감동하고 돌문어간장국수의 새콤함 마무리는 새우감자전 와서 드셔보세요,비오는 4월22일 서울숲 산책하러 왔는데 비가오네요 난포에서 예쁜 강된장쌈밥이랑 한우육회묵은지말이로 시작해서 전복들깨국수의 고소함에감동하고 돌문어간장국수의 새콤함 마무리는 새우감자전 와서 드셔보세요,True,normal,167,1번째 방문,True,,,1,비오는 4월22일 서울숲 산책하러 왔는데 비가오네요 난포에서 예쁜 강된장쌈밥이랑 한우육회묵은지말이로 시작해서 전복들깨국수의 고소함에감동하고 돌문어간장국수의 새콤함 마무리는 새우감자전 와서 드셔보세요,110,110,0,0,1,1,0,0,0,0,0,1,0,0,0,0,0,0,0,0,0,0,0,0,0,0,0,1,1,1,0,0,0,0,0,0,0,0,0,0,0
난포,3inn4,146,2025.04.08,1,영수증,한식을 재해석한 느낌으로 정갈하고 깔끔해요🧡 항상 웨이팅이 길어서 갈 엄두도 못냈었는데 미리 예약 후 드뎌 먹어보고왔는데 맛있게 잘 먹구왔습니다! 데이트는 물론 외국인을이나 어른들도 좋아하실것같아요,한식을 재해석한 느낌으로 정갈하고 깔끔해요🧡 항상 웨이팅이 길어서 갈 엄두도 못냈었는데 미리 예약 후 드뎌 먹어보고왔는데 맛있게 잘 먹구왔습니다! 데이트는 물론 외국인을이나 어른들도 좋아하실것같아요,True,normal,146,1번째 방문,True,,,1,한식을 재해석한 느낌으로 정갈하고 깔끔해요 항상 웨이팅이 길어서 갈 엄두도 못냈었는데 미리 예약 후 드뎌 먹어보고왔는데 맛있게 잘 먹구왔습니다 데이트는 물론 외국인을이나 어른들도 좋아하실것같아요,110,108,0,0,1,1,1,1,0,1,1,0,0,0,1,1,0,0,1,0,0,0,1,0,0,0,0,1,1,1,0,0,0,0,0,1,1,0,0,0,0
난포,lotslot,1289,2024.03.06,1,영수증,와 역시 성수에서 살으남은 맛집인데는 이유가 있는 듯 하네요ㅎㅎ 메뉴도 특별하고 음식도 정갈하게 나오니 먹는데 기분 좋고 특히 저 제철회묵은지말이랑 돌문어간장국수가 맛있었어요!! 담에 또 오고싶네요,와 역시 성수에서 살으남은 맛집인데는 이유가 있는 듯 하네요ㅎㅎ 메뉴도 특별하고 음식도 정갈하게 나오니 먹는데 기분 좋고 특히 저 제철회묵은지말이랑 돌문어간장국수가 맛있었어요!! 담에 또 오고싶네요,True,normal,1289,1번째 방문,True,,,1,와 역시 성수에서 살으남은 맛집인데는 이유가 있는 듯 하네요 메뉴도 특별하고 음식도 정갈하게 나오니 먹는데 기분 좋고 특히 저 제철회묵은지말이랑 돌문어간장국수가 맛있었어요 담에 또 오고싶네요,110,106,0,0,1,1,0,0,0,0,0,0,0,0,2,1,0,0,2,0,0,0,0,0,0,0,0,1,1,1,0,0,0,1,1,0,0,0,0,0,0
난포,박민서63,25,2024.05.22,1,예약,"너무 맛있게 잘 먹었습니다! 양이 적을 줄 알았는데 생각보다 넉넉했고, 매장도 쾌적하고 한국적인 분위기여서 좋았어요 재방문 의사 있습니다 ✨ 웨이팅이 있는 것 같았는데 예약 후 방문 추천드려요! ♥","너무 맛있게 잘 먹었습니다! 양이 적을 줄 알았는데 생각보다 넉넉했고, 매장도 쾌적하고 한국적인 분위기여서 좋았어요 재방문 의사 있습니다 ✨ 웨이팅이 있는 것 같았는데 예약 후 방문 추천드려요! ♥",True,normal,25,1번째 방문,True,,,1,너무 맛있게 잘 먹었습니다 양이 적을 줄 알았는데 생각보다 넉넉했고 매장도 쾌적하고 한국적인 분위기여서 좋았어요 재방문 의사 있습니다 웨이팅이 있는 것 같았는데 예약 후 방문 추천드려요,110,103,0,0,1,1,3,1,1,0,0,0,0,0,2,1,1,0,2,0,0,0,0,1,1,0,0,1,0,1,0,0,0,0,0,1,1,0,0,0,0
난포,달고먐미,319,2023.12.31,1,영수증,강된장쌈밥은 어느지점이든 맛있네요~ 묵은지 광어말이는 광어회 상태가 한남지점이 훨씬 좋고 맛있었어요. 성수점은 좀 흐물떡했고 한남점이 쫄깃했네요. 나머지 음식들은 한남점 성수점 모두 맛있었습니다ㅎㅎ,강된장쌈밥은 어느지점이든 맛있네요~ 묵은지 광어말이는 광어회 상태가 한남지점이 훨씬 좋고 맛있었어요. 성수점은 좀 흐물떡했고 한남점이 쫄깃했네요. 나머지 음식들은 한남점 성수점 모두 맛있었습니다ㅎㅎ,True,normal,319,1번째 방문,True,,,1,강된장쌈밥은 어느지점이든 맛있네요 묵은지 광어말이는 광어회 상태가 한남지점이 훨씬 좋고 맛있었어요 성수점은 좀 흐물떡했고 한남점이 쫄깃했네요 나머지 음식들은 한남점 성수점 모두 맛있었습니다,110,105,0,0,1,1,0,0,0,0,0,0,0,0,3,1,0,0,0,0,0,0,0,0,0,0,0,1,1,1,0,0,0,1,1,0,0,0,0,0,0
난포,쏠라파데,84,2025.12.23,3,예약,"최근 약속이 연달아 있어 8일동안 3번 왔는데.. 첫날 먹은 돌문어 국수.. 갈수록 양줄어.. 어제는 똑같운 거 하나 더시킴 묵은지, 회도 양 줄고 제발 초심 잃지 말고, 레시피대로 적량 주시길 ㅠㅠ","최근 약속이 연달아 있어 8일동안 3번 왔는데.. 첫날 먹은 돌문어 국수.. 갈수록 양줄어.. 어제는 똑같운 거 하나 더시킴 묵은지, 회도 양 줄고 제발 초심 잃지 말고, 레시피대로 적량 주시길 ㅠㅠ",True,normal,84,3번째 방문,True,,,1,최근 약속이 연달아 있어 8일동안 3번 왔는데 첫날 먹은 돌문어 국수 갈수록 양줄어 어제는 똑같운 거 하나 더시킴 묵은지 회도 양 줄고 제발 초심 잃지 말고 레시피대로 적량 주시길,111,100,0,0,1,1,0,0,0,0,0,1,0,0,0,0,0,0,0,0,0,0,0,0,0,0,0,1,1,0,1,0,0,0,0,0,0,0,0,0,0
난포,홍매,8,2024.11.26,1,예약,"음식도 맛있고, 식재료도 신선한데 직원서비스는 다른분들 말처럼 좀 불친절해요. 음악소리도 커서 대화하기가 불편한 점이 있었습니다. 음식은 참 좋은데 요즘 음식만 먹으러 가는것도 아니니데 좀 아쉬웠어요.","음식도 맛있고, 식재료도 신선한데 직원서비스는 다른분들 말처럼 좀 불친절해요. 음악소리도 커서 대화하기가 불편한 점이 있었습니다. 음식은 참 좋은데 요즘 음식만 먹으러 가는것도 아니니데 좀 아쉬웠어요.",True,normal,8,1번째 방문,True,,,1,음식도 맛있고 식재료도 신선한데 직원서비스는 다른분들 말처럼 좀 불친절해요 음악소리도 커서 대화하기가 불편한 점이 있었습니다 음식은 참 좋은데 요즘 음식만 먹으러 가는것도 아니니데 좀 아쉬웠어요,112,108,0,0,1,1,4,1,1,0,0,0,0,0,1,1,0,0,0,0,1,1,1,0,0,0,0,0,0,1,0,0,0,0,0,1,1,0,0,1,0
난포,lee****,71,2026.03.02,1,예약,음식에서 머리카락 나오고 11시 예약인데 준비가 안 되어서 늦게 들어갔어요! 오픈이라 그런지 모르겠는데 육회 냉동이라 얼어있더라구요 가실 분들은 가시겠지만! 꼭 한 번 더 다시 생각하고 예약하시고 가세요,음식에서 머리카락 나오고 11시 예약인데 준비가 안 되어서 늦게 들어갔어요! 오픈이라 그런지 모르겠는데 육회 냉동이라 얼어있더라구요 가실 분들은 가시겠지만! 꼭 한 번 더 다시 생각하고 예약하시고 가세요,True,normal,71,1번째 방문,True,,,1,음식에서 머리카락 나오고 11시 예약인데 준비가 안 되어서 늦게 들어갔어요 오픈이라 그런지 모르겠는데 육회 냉동이라 얼어있더라구요 가실 분들은 가시겠지만 꼭 한 번 더 다시 생각하고 예약하시고 가세요,113,111,0,0,1,1,0,0,0,0,0,1,1,1,0,0,0,0,2,0,0,0,0,0,0,0,0,1,1,1,0,0,0,0,0,1,0,0,0,0,0
난포,징9yo,125,2024.09.17,1,예약,웨이팅이 좀 있었지만 빠르게들어갔어요 ㅎ 궁금해서 가봤는데 엄청 맛있는 한식이라기보다는 간간하게 깔끔한 한끼 할 수 있어서 좋았습니다~ 매장노래가 옛날 노래라서 부모님 모시고가면 더 좋아하실 것 같아욬ㅋㅋ,웨이팅이 좀 있었지만 빠르게들어갔어요 ㅎ 궁금해서 가봤는데 엄청 맛있는 한식이라기보다는 간간하게 깔끔한 한끼 할 수 있어서 좋았습니다~ 매장노래가 옛날 노래라서 부모님 모시고가면 더 좋아하실 것 같아욬ㅋㅋ,True,normal,125,1번째 방문,True,,,1,웨이팅이 좀 있었지만 빠르게들어갔어요 궁금해서 가봤는데 엄청 맛있는 한식이라기보다는 간간하게 깔끔한 한끼 할 수 있어서 좋았습니다 매장노래가 옛날 노래라서 부모님 모시고가면 더 좋아하실 것 같아욬,114,109,0,0,1,1,2,1,1,0,0,0,0,0,1,1,1,0,0,0,0,0,0,0,0,0,0,1,1,1,0,0,0,0,0,1,1,0,0,0,0
난포,음식에 진지해요,481,2024.06.01,1,영수증,예약 걸고 나서도 오래 기다렸습니다 ㅜㅜ 음식은 빨리 나오는편 이였구요 양은 많은 편이 아니라서 여러가지 시켜도 좋으실거같습니다 음식 모두 다 신선하고 맛있어요 특히 제철회묵은지말이는 꼭 드셔야합니다 👍🏻,예약 걸고 나서도 오래 기다렸습니다 ㅜㅜ 음식은 빨리 나오는편 이였구요 양은 많은 편이 아니라서 여러가지 시켜도 좋으실거같습니다 음식 모두 다 신선하고 맛있어요 특히 제철회묵은지말이는 꼭 드셔야합니다 👍🏻,True,normal,481,1번째 방문,True,,,1,예약 걸고 나서도 오래 기다렸습니다 음식은 빨리 나오는편 이였구요 양은 많은 편이 아니라서 여러가지 시켜도 좋으실거같습니다 음식 모두 다 신선하고 맛있어요 특히 제철회묵은지말이는 꼭 드셔야합니다,114,108,0,0,1,1,0,0,0,0,0,0,0,0,1,1,0,0,0,0,0,0,0,0,0,0,0,1,1,1,0,0,0,1,1,0,0,0,0,0,0
난포,2013후추,22,2024.06.03,1,영수증,새로운 느낌 원하는분은 딱 한번만 가보시면 좋네요 그런데 사장님 취향인지 매장에 나오는 음악이 매장과 너무 안어울리고 시끄럽고 가창력뽐내는 옛날 가요가 막 나오는데 괴로울정도.. 그게 음식맛을 다 가리네요,새로운 느낌 원하는분은 딱 한번만 가보시면 좋네요 그런데 사장님 취향인지 매장에 나오는 음악이 매장과 너무 안어울리고 시끄럽고 가창력뽐내는 옛날 가요가 막 나오는데 괴로울정도.. 그게 음식맛을 다 가리네요,True,normal,22,1번째 방문,True,,,1,새로운 느낌 원하는분은 딱 한번만 가보시면 좋네요 그런데 사장님 취향인지 매장에 나오는 음악이 매장과 너무 안어울리고 시끄럽고 가창력뽐내는 옛날 가요가 막 나오는데 괴로울정도 그게 음식맛을 다 가리네요,114,112,0,0,1,1,2,1,1,0,0,0,0,0,0,0,1,0,0,0,0,0,0,0,0,0,0,1,0,1,0,0,0,0,0,1,1,0,0,0,0
난포,kukukukkk,893,2024.01.10,1,영수증,건강한 맛집이에요. 매일 튀긴음식 파스타 밀가루 이런거만 먹다가 건강한 음식 먹으니까 기분이 좋아요. 그리고 사실 강된장쌈밥 기대했는데 쏘쏘하고 곰국이 너어어어무 맛있었어요..여러분 곰국 드세요ㅠ-ㅠㅋㅋㅋ,건강한 맛집이에요. 매일 튀긴음식 파스타 밀가루 이런거만 먹다가 건강한 음식 먹으니까 기분이 좋아요. 그리고 사실 강된장쌈밥 기대했는데 쏘쏘하고 곰국이 너어어어무 맛있었어요..여러분 곰국 드세요ㅠ-ㅠㅋㅋㅋ,True,normal,893,1번째 방문,True,,,1,건강한 맛집이에요 매일 튀긴음식 파스타 밀가루 이런거만 먹다가 건강한 음식 먹으니까 기분이 좋아요 그리고 사실 강된장쌈밥 기대했는데 쏘쏘하고 곰국이 너어어어무 맛있었어요 여러분 곰국 드세요,114,105,0,0,1,1,0,0,0,0,0,0,0,0,3,1,0,0,0,0,0,0,0,0,0,0,0,1,1,1,0,0,0,1,1,0,0,0,0,0,0
난포,공공소금빵,471,2024.03.12,1,예약,평일 뚝섬역 근처에서 갈만한 식당 찾다가 난포 예약을 받는 거 보고 당일 예약해서 방문했어요! 새콤한맛의 음식들이 많네요! 다른 메뉴도 먹어보고 싶어요 매실주 맛있고 음식이 다 슴슴한 편인데 맛있어요!! 🍒,평일 뚝섬역 근처에서 갈만한 식당 찾다가 난포 예약을 받는 거 보고 당일 예약해서 방문했어요! 새콤한맛의 음식들이 많네요! 다른 메뉴도 먹어보고 싶어요 매실주 맛있고 음식이 다 슴슴한 편인데 맛있어요!! 🍒,True,normal,471,1번째 방문,True,,,1,평일 뚝섬역 근처에서 갈만한 식당 찾다가 난포 예약을 받는 거 보고 당일 예약해서 방문했어요 새콤한맛의 음식들이 많네요 다른 메뉴도 먹어보고 싶어요 매실주 맛있고 음식이 다 슴슴한 편인데 맛있어요,115,109,0,0,1,1,0,0,0,1,1,0,0,0,2,1,0,0,4,1,0,0,0,0,0,0,0,1,1,1,0,0,0,0,0,1,1,0,0,0,0
난포,쪼꼬미맛집탐방,989,2024.01.19,1,영수증,"평일 1시쯤 갔는데 대기 있어서 10분 정도? 웨이팅하고 들어갔어요! 여자 둘이서 돌문어간장국수, 강된장쌈밥, 새우감자전 시켰는데 다 맛있었지만 개인적인 취향으로 셋 중에 돌문어간장국수가 제일 맛있었음!👍🏻","평일 1시쯤 갔는데 대기 있어서 10분 정도? 웨이팅하고 들어갔어요! 여자 둘이서 돌문어간장국수, 강된장쌈밥, 새우감자전 시켰는데 다 맛있었지만 개인적인 취향으로 셋 중에 돌문어간장국수가 제일 맛있었음!👍🏻",True,normal,989,1번째 방문,True,,,1,평일 1시쯤 갔는데 대기 있어서 10분 정도 웨이팅하고 들어갔어요 여자 둘이서 돌문어간장국수 강된장쌈밥 새우감자전 시켰는데 다 맛있었지만 개인적인 취향으로 셋 중에 돌문어간장국수가 제일 맛있었음,115,108,0,0,1,1,2,1,1,1,1,1,2,1,2,1,0,0,2,0,0,0,0,0,0,0,0,1,1,1,0,0,0,0,0,1,1,0,0,0,0
난포,방문자가자,121,2025.11.05,1,영수증,쌈밥!! 진짜 맛있구요. 새우감자채 꼭 드세요!! 들깨 칼국수도 시원하니 맛있어요. 반찬으로 나온 장아찌들이 맛있어서 종류를 물어보니 초석잠이래요. 락교랑은 다른 맛이예요. 다음에 친구들이랑 같이 올래요~^^,쌈밥!! 진짜 맛있구요. 새우감자채 꼭 드세요!! 들깨 칼국수도 시원하니 맛있어요. 반찬으로 나온 장아찌들이 맛있어서 종류를 물어보니 초석잠이래요. 락교랑은 다른 맛이예요. 다음에 친구들이랑 같이 올래요~^^,True,normal,121,1번째 방문,True,,,1,쌈밥 진짜 맛있구요 새우감자채 꼭 드세요 들깨 칼국수도 시원하니 맛있어요 반찬으로 나온 장아찌들이 맛있어서 종류를 물어보니 초석잠이래요 락교랑은 다른 맛이예요 다음에 친구들이랑 같이 올래요,116,105,0,0,1,1,0,0,0,1,1,0,0,0,3,1,1,0,4,1,0,0,1,0,0,0,0,1,1,1,0,0,0,0,0,1,1,0,0,0,0
난포,aropa23,265,2025.01.22,1,예약,오픈 하기 전에 10분 정도 기다렸다가 입장했어요. 유명한 곳이라고 해서 왔는데 음식은 꽤 만족스러웠습니다. 다만 음악이 너무 너무 커서 대화가 방해될 정도였어요. 음악 소리만 좀 줄여주시면 좋을 듯 싶어요.,오픈 하기 전에 10분 정도 기다렸다가 입장했어요. 유명한 곳이라고 해서 왔는데 음식은 꽤 만족스러웠습니다. 다만 음악이 너무 너무 커서 대화가 방해될 정도였어요. 음악 소리만 좀 줄여주시면 좋을 듯 싶어요.,True,normal,265,1번째 방문,True,,,1,오픈 하기 전에 10분 정도 기다렸다가 입장했어요 유명한 곳이라고 해서 왔는데 음식은 꽤 만족스러웠습니다 다만 음악이 너무 너무 커서 대화가 방해될 정도였어요 음악 소리만 좀 줄여주시면 좋을 듯 싶어요,116,112,0,0,1,1,0,0,0,0,0,1,1,1,0,0,2,0,0,0,0,0,1,0,0,0,0,1,1,1,0,0,0,0,0,1,0,0,0,0,0
난포,하루60,190,2024.07.12,1,예약,들기름국수는 향좋고 맛있고 된장쌈?은 된장이좀부족했지만 맛있게먹었어요 두명이서 배부르게먹을정돈됐어요! 리뷰보고 세개시키려다가 두개먹고 또시키자했는데 세개시켰으면 남았을것같아요 ㅋㅋㅋ 고민해보시고 주문하시길!!,들기름국수는 향좋고 맛있고 된장쌈?은 된장이좀부족했지만 맛있게먹었어요 두명이서 배부르게먹을정돈됐어요! 리뷰보고 세개시키려다가 두개먹고 또시키자했는데 세개시켰으면 남았을것같아요 ㅋㅋㅋ 고민해보시고 주문하시길!!,True,normal,190,1번째 방문,True,,,1,들기름국수는 향좋고 맛있고 된장쌈 은 된장이좀부족했지만 맛있게먹었어요 두명이서 배부르게먹을정돈됐어요 리뷰보고 세개시키려다가 두개먹고 또시키자했는데 세개시켰으면 남았을것같아요 고민해보시고 주문하시길,116,109,0,0,1,1,1,1,0,0,0,0,0,0,2,1,0,0,3,1,0,0,1,0,0,0,0,1,1,1,0,0,0,0,0,1,1,0,0,0,0
난포,알프휴잇,40,2025.10.01,1,예약,주문한 메뉴 모두 정말 맛있었어요! 저는 평일에 방문해서 붐비지는 않았어요 음식이 정갈하고 전반적으로 간이 세지 않아서 깔끔하게 먹기 좋았습니다! 음악도 고전(?) 옛노래가 나오고 전체적으로 차분한 분위기예요!,주문한 메뉴 모두 정말 맛있었어요! 저는 평일에 방문해서 붐비지는 않았어요 음식이 정갈하고 전반적으로 간이 세지 않아서 깔끔하게 먹기 좋았습니다! 음악도 고전(?) 옛노래가 나오고 전체적으로 차분한 분위기예요!,True,normal,40,1번째 방문,True,,,1,주문한 메뉴 모두 정말 맛있었어요 저는 평일에 방문해서 붐비지는 않았어요 음식이 정갈하고 전반적으로 간이 세지 않아서 깔끔하게 먹기 좋았습니다 음악도 고전 옛노래가 나오고 전체적으로 차분한 분위기예요,117,111,0,0,1,1,2,1,1,1,1,0,0,0,1,1,0,0,3,1,0,0,0,0,0,0,0,1,0,1,0,0,0,0,0,1,1,0,0,0,0
난포,고유만두,691,2025.10.03,1,영수증,"난포 ㅎㅎ 너무 맛있었던 식당 건강한 맛이 일품이에요 한국의 맛을 그대로 느낄 수 있어요 강된장 쌈밥, 곰국 너무 좋더라구요 성수역, 뚝섬역, 서울숲역에 가면 다들 한번씩은 가보는 곳일거에요 너무 맛이 좋더라~","난포 ㅎㅎ 너무 맛있었던 식당 건강한 맛이 일품이에요 한국의 맛을 그대로 느낄 수 있어요 강된장 쌈밥, 곰국 너무 좋더라구요 성수역, 뚝섬역, 서울숲역에 가면 다들 한번씩은 가보는 곳일거에요 너무 맛이 좋더라~",True,normal,691,1번째 방문,True,,,1,난포 너무 맛있었던 식당 건강한 맛이 일품이에요 한국의 맛을 그대로 느낄 수 있어요 강된장 쌈밥 곰국 너무 좋더라구요 성수역 뚝섬역 서울숲역에 가면 다들 한번씩은 가보는 곳일거에요 너무 맛이 좋더라,117,110,0,0,1,1,0,0,0,0,0,0,0,0,1,1,3,1,0,0,0,0,0,0,0,0,0,1,1,1,0,0,0,1,1,0,0,0,0,0,0
난포,브레드님,658,2025.03.29,1,영수증,오랜만에 서울숲 갔다가 난포 다녀왔어요. 추울때 따끈한 곰국 하나면 충분하긴 합니다. 웨이팅이 6-8 팀 뒤에라도 갑자기 후욱 빠집니다. 어플 이용 시 답변 해줘야해요. 3팀 정도 되면 매장 가야되니 참조하세요.,오랜만에 서울숲 갔다가 난포 다녀왔어요. 추울때 따끈한 곰국 하나면 충분하긴 합니다. 웨이팅이 6-8 팀 뒤에라도 갑자기 후욱 빠집니다. 어플 이용 시 답변 해줘야해요. 3팀 정도 되면 매장 가야되니 참조하세요.,True,normal,658,1번째 방문,True,,,1,오랜만에 서울숲 갔다가 난포 다녀왔어요 추울때 따끈한 곰국 하나면 충분하긴 합니다 웨이팅이 6 8 팀 뒤에라도 갑자기 후욱 빠집니다 어플 이용 시 답변 해줘야해요 3팀 정도 되면 매장 가야되니 참조하세요,118,113,0,0,1,1,2,1,1,0,0,1,0,0,0,0,0,0,0,0,0,0,0,0,0,0,0,1,1,1,0,0,0,0,0,1,1,0,0,0,0
난포,냥이와 즐겁게,590,2024.05.14,1,영수증,와우 신선하고 맛있게 웰빙음식을 먹어서 기분도 좋아졌다~~ 하나하나 다 정성이 들어간 음식같아서 더욱더 기분좋게 식사할수있었다.. 묵은지 내가 넘 좋아하는건데ㅡㅡ맛도 딱! 다음에 다시 꼭 와서 가족과 먹을예정^^,와우 신선하고 맛있게 웰빙음식을 먹어서 기분도 좋아졌다~~ 하나하나 다 정성이 들어간 음식같아서 더욱더 기분좋게 식사할수있었다.. 묵은지 내가 넘 좋아하는건데ㅡㅡ맛도 딱! 다음에 다시 꼭 와서 가족과 먹을예정^^,True,normal,590,1번째 방문,True,,,1,와우 신선하고 맛있게 웰빙음식을 먹어서 기분도 좋아졌다 하나하나 다 정성이 들어간 음식같아서 더욱더 기분좋게 식사할수있었다 묵은지 내가 넘 좋아하는건데 맛도 딱 다음에 다시 꼭 와서 가족과 먹을예정,118,110,0,0,1,1,0,0,0,1,1,0,0,0,2,1,0,0,1,0,0,0,0,0,0,0,0,1,1,1,0,0,0,0,0,1,1,0,0,0,0
난포,namming91,730,2026.05.02,1,영수증,강된장쌈밥이 유명하대서 가봤는데 운좋게 웨이팅없이 들어갔어요!! 간장국수 먹어볼까 했는데 곰국 기대안했는데 밑반찬으로 나온 묵은지랑 마늘쫑지랑 같이 먹으니깐 맛있더라구요!! 배가안고픈 친구도 맛나게 먹었답니다 ㅎㅎ,강된장쌈밥이 유명하대서 가봤는데 운좋게 웨이팅없이 들어갔어요!! 간장국수 먹어볼까 했는데 곰국 기대안했는데 밑반찬으로 나온 묵은지랑 마늘쫑지랑 같이 먹으니깐 맛있더라구요!! 배가안고픈 친구도 맛나게 먹었답니다 ㅎㅎ,True,normal,730,1번째 방문,True,,,1,강된장쌈밥이 유명하대서 가봤는데 운좋게 웨이팅없이 들어갔어요 간장국수 먹어볼까 했는데 곰국 기대안했는데 밑반찬으로 나온 묵은지랑 마늘쫑지랑 같이 먹으니깐 맛있더라구요 배가안고픈 친구도 맛나게 먹었답니다,119,112,0,0,1,1,1,1,0,1,1,0,0,0,1,1,0,0,4,1,0,0,0,0,0,0,0,1,1,1,0,0,0,0,0,1,1,0,0,0,0
난포,꽁이럽,741,2025.07.12,1,영수증,줄 서는 식당 보고 궁금해서 왔는데 호기심 해결했어요 생각보다 웨이팅 없어서 도착했을 때 첫번째 순서였어요 경상도 사람한테는 맛이 좀 심심해요 간이 많이 약한느낌 한번먹어봤으니 됐어요 재료들은 신선한느낌 주차는못함,줄 서는 식당 보고 궁금해서 왔는데 호기심 해결했어요 생각보다 웨이팅 없어서 도착했을 때 첫번째 순서였어요 경상도 사람한테는 맛이 좀 심심해요 간이 많이 약한느낌 한번먹어봤으니 됐어요 재료들은 신선한느낌 주차는못함,True,normal,741,1번째 방문,True,,,1,줄 서는 식당 보고 궁금해서 왔는데 호기심 해결했어요 생각보다 웨이팅 없어서 도착했을 때 첫번째 순서였어요 경상도 사람한테는 맛이 좀 심심해요 간이 많이 약한느낌 한번먹어봤으니 됐어요 재료들은 신선한느낌 주차는못함,119,119,0,0,1,1,1,1,0,0,0,0,0,0,0,0,0,0,0,0,0,0,0,0,0,0,0,1,1,1,0,0,0,0,0,1,1,0,0,0,0
난포,시마98,1242,2024.05.29,1,영수증,3가지 먹은거 모두 굿! 집밥 느낌 강해요. 어른들도 퓨전한식이라 많으시고 젊은분들도 많아 맛집증명~ 재방문 의사 많이 있습니다. 평일 10시40분쯤 도착했는데 웨이팅 있었고 예약도 일부 받으니 미리 하는것도 팁~,3가지 먹은거 모두 굿! 집밥 느낌 강해요. 어른들도 퓨전한식이라 많으시고 젊은분들도 많아 맛집증명~ 재방문 의사 많이 있습니다. 평일 10시40분쯤 도착했는데 웨이팅 있었고 예약도 일부 받으니 미리 하는것도 팁~,True,normal,1242,1번째 방문,True,,,1,3가지 먹은거 모두 굿 집밥 느낌 강해요 어른들도 퓨전한식이라 많으시고 젊은분들도 많아 맛집증명 재방문 의사 많이 있습니다 평일 10시40분쯤 도착했는데 웨이팅 있었고 예약도 일부 받으니 미리 하는것도 팁,119,114,0,0,1,1,1,1,0,1,1,1,2,1,1,1,0,0,1,0,0,0,0,1,1,0,0,1,1,1,0,0,0,0,0,1,1,0,0,0,0
난포,카더가든사탕,31,2024.12.14,1,영수증,여기 묵은지 참기름 맛집입니다...ㅠ 다들 강된장쌈밥는 꼭 시키는데 안짜고 담백하고 건강한 맛입니다 근데 예상치못하게 대구전이 진짜 ㄹㅇ 킥임... 이렇게 부드러운 생선전을 먹은적이없음 꼭 시키세요........ㄷㄷ,여기 묵은지 참기름 맛집입니다...ㅠ 다들 강된장쌈밥는 꼭 시키는데 안짜고 담백하고 건강한 맛입니다 근데 예상치못하게 대구전이 진짜 ㄹㅇ 킥임... 이렇게 부드러운 생선전을 먹은적이없음 꼭 시키세요........ㄷㄷ,True,normal,31,1번째 방문,True,,,1,여기 묵은지 참기름 맛집입니다 다들 강된장쌈밥는 꼭 시키는데 안짜고 담백하고 건강한 맛입니다 근데 예상치못하게 대구전이 진짜 킥임 이렇게 부드러운 생선전을 먹은적이없음 꼭 시키세요,120,100,0,0,1,1,0,0,0,0,0,0,0,0,1,1,1,0,0,0,0,0,0,0,0,0,0,1,0,1,0,0,0,1,1,0,0,0,0,0,0
난포,드커니,334,2026.04.25,1,영수증,"한번 꼭 가봐야지 했던 서울숲 맛집 난포 블루리본 인정👍 나의 메뉴 선택은 강된장쌉밥, 제철회묵은지말이, 문어숙회. 모든 메뉴에 곁들여 먹은 마늘쫑과 도라지 장아찌 최고의 궁합(도라지 장아찌 만들어 먹어야겠음 굳~~)","한번 꼭 가봐야지 했던 서울숲 맛집 난포 블루리본 인정👍 나의 메뉴 선택은 강된장쌉밥, 제철회묵은지말이, 문어숙회. 모든 메뉴에 곁들여 먹은 마늘쫑과 도라지 장아찌 최고의 궁합(도라지 장아찌 만들어 먹어야겠음 굳~~)",True,normal,334,1번째 방문,True,,,1,한번 꼭 가봐야지 했던 서울숲 맛집 난포 블루리본 인정 나의 메뉴 선택은 강된장쌉밥 제철회묵은지말이 문어숙회 모든 메뉴에 곁들여 먹은 마늘쫑과 도라지 장아찌 최고의 궁합 도라지 장아찌 만들어 먹어야겠음 굳,121,114,0,0,1,1,0,0,0,0,0,0,0,0,2,1,0,0,0,0,0,0,0,0,0,0,0,1,1,1,0,0,0,1,1,0,0,0,0,0,0
난포,성수놀부,68,2025.05.15,1,영수증,부모님이랑 아기랑 가기 좋아요 아기 의자도 있어요 식사는 만족스러웠으나 홀 직원 분들이 너무 불친절합니다 친절함을 바라지는 않으나 접객 서비스가 너무 별로라 식당에 대한 이미지가 깎입니다 일하기 싫으시면 일하지 마세요,부모님이랑 아기랑 가기 좋아요 아기 의자도 있어요 식사는 만족스러웠으나 홀 직원 분들이 너무 불친절합니다 친절함을 바라지는 않으나 접객 서비스가 너무 별로라 식당에 대한 이미지가 깎입니다 일하기 싫으시면 일하지 마세요,True,normal,68,1번째 방문,True,,,1,부모님이랑 아기랑 가기 좋아요 아기 의자도 있어요 식사는 만족스러웠으나 홀 직원 분들이 너무 불친절합니다 친절함을 바라지는 않으나 접객 서비스가 너무 별로라 식당에 대한 이미지가 깎입니다 일하기 싫으시면 일하지 마세요,121,121,0,0,1,1,5,1,1,0,0,0,0,0,1,1,2,0,0,0,1,1,1,0,0,0,0,1,1,1,0,0,0,0,0,1,1,0,0,1,0
난포,silverkws,14,2024.12.04,3,예약,다른것은 다 좋은데 몇 번 회김치롤과 강된장쌈밥에 밥알이 누릉지 혹은 굳어진 딱딱한 질감이 느껴져서 불쾌하고 완성도가 떨어지는 느낌이 들어요! 어쩌다 한번이 아니라서 관리를 못하는 것에 많이 아쉬워서 건의하고 싶네요!!,다른것은 다 좋은데 몇 번 회김치롤과 강된장쌈밥에 밥알이 누릉지 혹은 굳어진 딱딱한 질감이 느껴져서 불쾌하고 완성도가 떨어지는 느낌이 들어요! 어쩌다 한번이 아니라서 관리를 못하는 것에 많이 아쉬워서 건의하고 싶네요!!,True,normal,14,3번째 방문,True,,,1,다른것은 다 좋은데 몇 번 회김치롤과 강된장쌈밥에 밥알이 누릉지 혹은 굳어진 딱딱한 질감이 느껴져서 불쾌하고 완성도가 떨어지는 느낌이 들어요 어쩌다 한번이 아니라서 관리를 못하는 것에 많이 아쉬워서 건의하고 싶네요,122,119,0,0,1,1,0,0,0,0,0,0,0,0,0,0,0,0,3,1,0,0,0,0,0,0,0,1,0,0,1,0,0,0,0,0,0,0,0,0,0
난포,송정동 솜사탕,97,2024.06.23,1,영수증,"양 자체가 많진 않은데, 딱 기분좋게 배를 채울 만큼의 양이라 음식의 맛에 집중할 수 있어서 오히려 좋았어요. 인테리어 분위기가 우드톤으로 아늑한 느낌을 주며, 다양한 특별한 메뉴들이 있어서 골라 먹는 재미가 있었어요.","양 자체가 많진 않은데, 딱 기분좋게 배를 채울 만큼의 양이라 음식의 맛에 집중할 수 있어서 오히려 좋았어요. 인테리어 분위기가 우드톤으로 아늑한 느낌을 주며, 다양한 특별한 메뉴들이 있어서 골라 먹는 재미가 있었어요.",True,normal,97,1번째 방문,True,,,1,양 자체가 많진 않은데 딱 기분좋게 배를 채울 만큼의 양이라 음식의 맛에 집중할 수 있어서 오히려 좋았어요 인테리어 분위기가 우드톤으로 아늑한 느낌을 주며 다양한 특별한 메뉴들이 있어서 골라 먹는 재미가 있었어요,122,118,0,0,1,1,1,1,0,0,0,0,0,0,0,0,0,0,0,0,0,0,0,0,0,0,0,1,1,1,0,0,0,0,0,1,1,0,0,0,0
난포,또리미,124,2024.05.14,1,영수증,"캐치테이블 어플로 예약대기 걸어놓고 가서 바로 입장할 수 있어 너무 편했어요! 강된장 쌈밥, 제철 회국수, 전복들깨국수 다 깔끔하고 맛있었습니다 양이 많지는 않아, 잘 드시는 분들은 넉넉히 시켜드시면 좋을 것 같아요~~","캐치테이블 어플로 예약대기 걸어놓고 가서 바로 입장할 수 있어 너무 편했어요! 강된장 쌈밥, 제철 회국수, 전복들깨국수 다 깔끔하고 맛있었습니다 양이 많지는 않아, 잘 드시는 분들은 넉넉히 시켜드시면 좋을 것 같아요~~",True,normal,124,1번째 방문,True,,,1,캐치테이블 어플로 예약대기 걸어놓고 가서 바로 입장할 수 있어 너무 편했어요 강된장 쌈밥 제철 회국수 전복들깨국수 다 깔끔하고 맛있었습니다 양이 많지는 않아 잘 드시는 분들은 넉넉히 시켜드시면 좋을 것 같아요,122,116,0,0,1,1,1,1,0,0,0,0,0,0,1,1,1,0,1,0,0,0,0,0,0,0,0,1,1,1,0,0,0,0,0,1,1,0,0,0,0
난포,연희동 안성재,889,2025.08.09,1,영수증,"건강하면서 맛있어요 묵은지말이는 입안가득 회, 묵은지가 가득 차는데 조합이 좋아요. 명태전은 따뜻할때 먹으면 극락. 쌈밥도 간이 적당하고 맛있어요 트렌디한 한식? 맛있고 분위기도 좋고 음악도 좋았어요 직원분들도 다 친절함","건강하면서 맛있어요 묵은지말이는 입안가득 회, 묵은지가 가득 차는데 조합이 좋아요. 명태전은 따뜻할때 먹으면 극락. 쌈밥도 간이 적당하고 맛있어요 트렌디한 한식? 맛있고 분위기도 좋고 음악도 좋았어요 직원분들도 다 친절함",True,normal,889,1번째 방문,True,,,1,건강하면서 맛있어요 묵은지말이는 입안가득 회 묵은지가 가득 차는데 조합이 좋아요 명태전은 따뜻할때 먹으면 극락 쌈밥도 간이 적당하고 맛있어요 트렌디한 한식 맛있고 분위기도 좋고 음악도 좋았어요 직원분들도 다 친절함,123,119,0,0,1,1,3,1,1,0,0,0,0,0,4,1,0,0,0,0,0,0,0,0,0,0,0,1,1,1,0,0,0,0,0,1,1,0,0,0,0
난포,장방수,224,2024.04.12,1,영수증,금요일 오전 10:30에 워크인 1등도착..! 30분 줄서서 들어가서 먹음. 1시간 이상 웨이팅할 정도는 아니고 30분은 기다려서 먹어봄직함. 대체적으로 담백하고 가볍고 양은 적은편이어서 ‘일행수 +1’ 개 주문하는거 추천,금요일 오전 10:30에 워크인 1등도착..! 30분 줄서서 들어가서 먹음. 1시간 이상 웨이팅할 정도는 아니고 30분은 기다려서 먹어봄직함. 대체적으로 담백하고 가볍고 양은 적은편이어서 ‘일행수 +1’ 개 주문하는거 추천,True,normal,224,1번째 방문,True,,,1,금요일 오전 10 30에 워크인 1등도착 30분 줄서서 들어가서 먹음 1시간 이상 웨이팅할 정도는 아니고 30분은 기다려서 먹어봄직함 대체적으로 담백하고 가볍고 양은 적은편이어서 일행수 1 개 주문하는거 추천,124,116,0,0,1,1,2,1,1,2,1,1,3,1,1,1,0,0,1,0,0,0,0,0,0,0,0,1,1,1,0,0,0,0,0,1,1,0,0,0,0
난포,노랑백설기,28,2026.05.05,1,예약,1년전에 가고 맛있어서 재방문했는데 메뉴 구성이 바뀌었네요.. 1년전 메뉴가 더 알차고 좋고 맛있었던거 같아요. 역시나 사람들은 많아 웨이팅줄이 길더라구요.. 가격은 비싸네요.. 양은 적어서 아쉽... 맛은 그냥 소소입니다.,1년전에 가고 맛있어서 재방문했는데 메뉴 구성이 바뀌었네요.. 1년전 메뉴가 더 알차고 좋고 맛있었던거 같아요. 역시나 사람들은 많아 웨이팅줄이 길더라구요.. 가격은 비싸네요.. 양은 적어서 아쉽... 맛은 그냥 소소입니다.,True,normal,28,1번째 방문,True,,,1,1년전에 가고 맛있어서 재방문했는데 메뉴 구성이 바뀌었네요 1년전 메뉴가 더 알차고 좋고 맛있었던거 같아요 역시나 사람들은 많아 웨이팅줄이 길더라구요 가격은 비싸네요 양은 적어서 아쉽 맛은 그냥 소소입니다,125,114,0,0,1,1,2,1,1,0,0,1,0,0,2,1,0,0,0,0,0,0,1,1,1,0,0,1,0,1,0,0,0,0,0,1,1,0,0,0,0
난포,빙봉씨,267,2025.04.23,1,영수증,조금 아쉬워요 ㅠ 돌문어 간장 국수랑 강된장 쌈밥 새우감자전 먹었는데 조화는 셋이 좋았어요! 뭐 하나빠지면 또 아쉬울 거같은 느낌! 돌문어는 아무래도 조금 들어있었고 새우감자전은 건새우 맛+살짝 꼬릿한 모짜치즈..?맛이에요!,조금 아쉬워요 ㅠ 돌문어 간장 국수랑 강된장 쌈밥 새우감자전 먹었는데 조화는 셋이 좋았어요! 뭐 하나빠지면 또 아쉬울 거같은 느낌! 돌문어는 아무래도 조금 들어있었고 새우감자전은 건새우 맛+살짝 꼬릿한 모짜치즈..?맛이에요!,True,normal,267,1번째 방문,True,,,1,조금 아쉬워요 돌문어 간장 국수랑 강된장 쌈밥 새우감자전 먹었는데 조화는 셋이 좋았어요 뭐 하나빠지면 또 아쉬울 거같은 느낌 돌문어는 아무래도 조금 들어있었고 새우감자전은 건새우 맛 살짝 꼬릿한 모짜치즈 맛이에요,125,118,0,0,1,1,0,0,0,0,0,0,0,0,0,0,0,0,3,1,0,0,1,0,0,0,0,1,1,1,0,0,0,0,0,0,0,0,0,0,0
난포,꾸2765,1367,2024.05.11,1,영수증,40분정도 대기해서 들어갔오요! 강된장쌈밥 묵은지회말이 회국수 시켜먹었습니다. 세메뉴 간이 딱 좋았고 부담스럽지 않은 양이었습니다. 재방문 의사 있어요 너뮤 맛있었어요!! 대기가 계속 많아서 미리 대기 걸고 가는게 좋아요!!!,40분정도 대기해서 들어갔오요! 강된장쌈밥 묵은지회말이 회국수 시켜먹었습니다. 세메뉴 간이 딱 좋았고 부담스럽지 않은 양이었습니다. 재방문 의사 있어요 너뮤 맛있었어요!! 대기가 계속 많아서 미리 대기 걸고 가는게 좋아요!!!,True,normal,1367,1번째 방문,True,,,1,40분정도 대기해서 들어갔오요 강된장쌈밥 묵은지회말이 회국수 시켜먹었습니다 세메뉴 간이 딱 좋았고 부담스럽지 않은 양이었습니다 재방문 의사 있어요 너뮤 맛있었어요 대기가 계속 많아서 미리 대기 걸고 가는게 좋아요,126,118,0,0,1,1,3,1,1,0,0,1,1,1,2,1,0,0,6,1,0,0,0,1,1,0,0,1,1,1,0,0,0,0,0,1,1,0,0,0,0
난포,612314,61,2024.03.11,1,예약,"평일에 예약해서 다녀왔어요! 예약하니 먼저 들여보내주고, 주문도 먼저 받고 시스템이 잘 되어있더라구요! 다 너무 맛있어서 다음에는 다른 메뉴 먹어보게 또 갈려구요! 여자 둘이서 3개 메뉴는 조금 아쉽고, 4개는 많더라구요ㅎㅎㅎ","평일에 예약해서 다녀왔어요! 예약하니 먼저 들여보내주고, 주문도 먼저 받고 시스템이 잘 되어있더라구요! 다 너무 맛있어서 다음에는 다른 메뉴 먹어보게 또 갈려구요! 여자 둘이서 3개 메뉴는 조금 아쉽고, 4개는 많더라구요ㅎㅎㅎ",True,normal,61,1번째 방문,True,,,1,평일에 예약해서 다녀왔어요 예약하니 먼저 들여보내주고 주문도 먼저 받고 시스템이 잘 되어있더라구요 다 너무 맛있어서 다음에는 다른 메뉴 먹어보게 또 갈려구요 여자 둘이서 3개 메뉴는 조금 아쉽고 4개는 많더라구요,126,118,0,0,1,1,1,1,0,1,1,1,0,0,1,1,1,0,3,1,0,0,1,0,0,0,0,1,1,1,0,0,0,0,0,1,1,0,0,0,0
난포,영족보행,49,2024.02.08,1,예약,강된장 쌈밥은 밥이 질어서 별로였어요 다음에 오면 이거 말고 돌문어 국수 시킬 것 같고 감자전은 바삭바삭해서 오감자 맛 나요 묵은지회초밥은 묵은지 맛이 센 게 좀 아쉽긴 하지만 씹을 수록 맛있어서 좋고 음식들이 정갈해서 좋아요,강된장 쌈밥은 밥이 질어서 별로였어요 다음에 오면 이거 말고 돌문어 국수 시킬 것 같고 감자전은 바삭바삭해서 오감자 맛 나요 묵은지회초밥은 묵은지 맛이 센 게 좀 아쉽긴 하지만 씹을 수록 맛있어서 좋고 음식들이 정갈해서 좋아요,True,normal,49,1번째 방문,True,,,1,강된장 쌈밥은 밥이 질어서 별로였어요 다음에 오면 이거 말고 돌문어 국수 시킬 것 같고 감자전은 바삭바삭해서 오감자 맛 나요 묵은지회초밥은 묵은지 맛이 센 게 좀 아쉽긴 하지만 씹을 수록 맛있어서 좋고 음식들이 정갈해서 좋아요,126,126,0,0,1,1,0,0,0,0,0,0,0,0,2,1,0,0,0,0,0,0,1,0,0,0,0,1,0,1,0,0,0,1,1,0,0,0,0,0,0
난포,readygorihe,9,2024.09.09,1,예약,성수점은 처음인데 5시 30분에 들어갔는데 묵은지회말이랑 제철회국수가 품절인게 넘 아쉬웠어요 ㅠ 그리고 10분이내 안오면 예약취소되는걸 몰랐는데 1분 늦었다고 예약 취소된게 아쉬웠어요 미리 전화라도 한번 주셨으면 좋았을거 같습니다,성수점은 처음인데 5시 30분에 들어갔는데 묵은지회말이랑 제철회국수가 품절인게 넘 아쉬웠어요 ㅠ 그리고 10분이내 안오면 예약취소되는걸 몰랐는데 1분 늦었다고 예약 취소된게 아쉬웠어요 미리 전화라도 한번 주셨으면 좋았을거 같습니다,True,normal,9,1번째 방문,True,,,1,성수점은 처음인데 5시 30분에 들어갔는데 묵은지회말이랑 제철회국수가 품절인게 넘 아쉬웠어요 그리고 10분이내 안오면 예약취소되는걸 몰랐는데 1분 늦었다고 예약 취소된게 아쉬웠어요 미리 전화라도 한번 주셨으면 좋았을거 같습니다,128,126,0,0,1,1,0,0,0,0,0,1,4,1,1,1,0,0,0,0,0,0,0,0,0,0,0,0,0,1,0,0,0,0,0,1,0,0,0,0,0
난포,Bum3505,933,2024.03.09,4,영수증,너무나 핫한 성수 난포! 태블릿에 번호입력 후 무려 2시간 기다려야하는 엄청난 웨이팅이 있지만 근처에 많은 구경거리가 있으니 ㅎ 시그니처 강된장쌈밥과 들깨국수 그리고 제철회국수 먹으면 기다림의 시간도 다 잊게 되는 마성의 맛집 👍,너무나 핫한 성수 난포! 태블릿에 번호입력 후 무려 2시간 기다려야하는 엄청난 웨이팅이 있지만 근처에 많은 구경거리가 있으니 ㅎ 시그니처 강된장쌈밥과 들깨국수 그리고 제철회국수 먹으면 기다림의 시간도 다 잊게 되는 마성의 맛집 👍,True,normal,933,4번째 방문,True,,,1,너무나 핫한 성수 난포 태블릿에 번호입력 후 무려 2시간 기다려야하는 엄청난 웨이팅이 있지만 근처에 많은 구경거리가 있으니 시그니처 강된장쌈밥과 들깨국수 그리고 제철회국수 먹으면 기다림의 시간도 다 잊게 되는 마성의 맛집,128,123,0,0,1,1,1,1,0,0,0,1,1,1,1,1,2,0,1,0,0,0,0,0,0,0,0,1,1,0,1,0,0,0,0,1,1,0,0,0,0
난포,눈에띄지않는나그네,2286,2025.08.02,1,영수증,점심먹으러 난포에 갔어요~ 문 열기 15분전에 갔는 데 폭염이라 그런지 다행히 줄 서지는 않았어요~ 대표메뉴인 강된장쌈밥을 주문했어요~ 고소하면서도 깔끔해요~ 강된장도 집에서 만든 것처럼 구수하고 좋았고요~ 맛있게 잘 먹었어요~ㅎㅎ,점심먹으러 난포에 갔어요~ 문 열기 15분전에 갔는 데 폭염이라 그런지 다행히 줄 서지는 않았어요~ 대표메뉴인 강된장쌈밥을 주문했어요~ 고소하면서도 깔끔해요~ 강된장도 집에서 만든 것처럼 구수하고 좋았고요~ 맛있게 잘 먹었어요~ㅎㅎ,True,normal,2286,1번째 방문,True,,,1,점심먹으러 난포에 갔어요 문 열기 15분전에 갔는 데 폭염이라 그런지 다행히 줄 서지는 않았어요 대표메뉴인 강된장쌈밥을 주문했어요 고소하면서도 깔끔해요 강된장도 집에서 만든 것처럼 구수하고 좋았고요 맛있게 잘 먹었어요,129,121,0,0,1,1,1,1,0,1,1,1,1,1,1,1,0,0,0,0,0,0,0,0,0,0,0,1,1,1,0,0,0,0,0,1,1,0,0,0,0
난포,zl존도히,483,2024.12.20,1,영수증,"제철회묵은지말이(14,0) 강된장쌈밥(12,0) 새우감자전(19,0) 제철회묵은지말이 졸라추천합니다 호불호가 있을 수 없는 맛임 새우감자전에 노른자는 조금 터트려서 찍어먹는걸 추천해요 저희는 터트려서 발라놨더니 좀 눅눅 느끼해졌어요","제철회묵은지말이(14,0) 강된장쌈밥(12,0) 새우감자전(19,0) 제철회묵은지말이 졸라추천합니다 호불호가 있을 수 없는 맛임 새우감자전에 노른자는 조금 터트려서 찍어먹는걸 추천해요 저희는 터트려서 발라놨더니 좀 눅눅 느끼해졌어요",True,normal,483,1번째 방문,True,,,1,제철회묵은지말이 14 0 강된장쌈밥 12 0 새우감자전 19 0 제철회묵은지말이 졸라추천합니다 호불호가 있을 수 없는 맛임 새우감자전에 노른자는 조금 터트려서 찍어먹는걸 추천해요 저희는 터트려서 발라놨더니 좀 눅눅 느끼해졌어요,129,126,0,0,1,1,0,0,0,0,0,1,0,0,2,1,0,0,0,0,0,0,1,0,0,0,0,1,1,1,0,0,0,1,1,0,0,0,0,0,0
난포,지니지니집,311,2024.11.02,1,영수증,자극적인 맛 없이 깔끔하고 정갈한 한식이라 좋았고 회묵은지말이랑 회국수가 맛있었어요 🤤🤤 유명한 곳이라 웨이팅 있는데 테이블링 걸어두고 데이트 할 때 오면 좋을 것 같아요 인테리어도 음악도 옛날 느낌 (?) 뭐 그래서 신기했어요 😉,자극적인 맛 없이 깔끔하고 정갈한 한식이라 좋았고 회묵은지말이랑 회국수가 맛있었어요 🤤🤤 유명한 곳이라 웨이팅 있는데 테이블링 걸어두고 데이트 할 때 오면 좋을 것 같아요 인테리어도 음악도 옛날 느낌 (?) 뭐 그래서 신기했어요 😉,True,normal,311,1번째 방문,True,,,1,자극적인 맛 없이 깔끔하고 정갈한 한식이라 좋았고 회묵은지말이랑 회국수가 맛있었어요 유명한 곳이라 웨이팅 있는데 테이블링 걸어두고 데이트 할 때 오면 좋을 것 같아요 인테리어도 음악도 옛날 느낌 뭐 그래서 신기했어요,129,120,0,0,1,1,1,1,0,1,1,0,0,0,1,1,0,0,0,0,0,0,0,0,0,0,0,1,1,1,0,0,0,0,0,1,1,0,0,0,0
난포,부끄럽,9,2024.04.30,1,예약,음식이 정갈하고 깔끔해요! 예약하니 웨이팅 없이 바로 들어가서 예약석에 바로 앉았어요! 음식도 빠르게 나오는 편입니다! 강된장쌈밥도 슴슴하니 맛있고 전복국수도 고소하니 맛나요. 감자전도 건새우 생새우의 감칠맛을 맛 볼 수 있습니다!,음식이 정갈하고 깔끔해요! 예약하니 웨이팅 없이 바로 들어가서 예약석에 바로 앉았어요! 음식도 빠르게 나오는 편입니다! 강된장쌈밥도 슴슴하니 맛있고 전복국수도 고소하니 맛나요. 감자전도 건새우 생새우의 감칠맛을 맛 볼 수 있습니다!,True,normal,9,1번째 방문,True,,,1,음식이 정갈하고 깔끔해요 예약하니 웨이팅 없이 바로 들어가서 예약석에 바로 앉았어요 음식도 빠르게 나오는 편입니다 강된장쌈밥도 슴슴하니 맛있고 전복국수도 고소하니 맛나요 감자전도 건새우 생새우의 감칠맛을 맛 볼 수 있습니다,129,124,0,0,1,1,1,1,0,0,0,0,0,0,1,1,0,0,4,1,0,0,0,0,0,0,0,0,0,1,0,0,0,0,0,1,1,0,0,0,0
난포,암냠냠01,137,2025.03.01,1,예약,5시 살짝 넘어서 도착했더니 웨이팅 40분 이상 걸렸어요 맛이 있긴 했지만 강된장 쌈밤은 너무 간이 싱거워서 아쉬웠어요 밥을 많이 먹는 편이 아닌데도 양이 적다고 느꼈어요 그 외에는 분위기도 좋고 육회묵은지말이는 무난하게 맛있었습니다,5시 살짝 넘어서 도착했더니 웨이팅 40분 이상 걸렸어요 맛이 있긴 했지만 강된장 쌈밤은 너무 간이 싱거워서 아쉬웠어요 밥을 많이 먹는 편이 아닌데도 양이 적다고 느꼈어요 그 외에는 분위기도 좋고 육회묵은지말이는 무난하게 맛있었습니다,True,normal,137,1번째 방문,True,,,1,5시 살짝 넘어서 도착했더니 웨이팅 40분 이상 걸렸어요 맛이 있긴 했지만 강된장 쌈밤은 너무 간이 싱거워서 아쉬웠어요 밥을 많이 먹는 편이 아닌데도 양이 적다고 느꼈어요 그 외에는 분위기도 좋고 육회묵은지말이는 무난하게 맛있었습니다,130,130,0,0,1,1,2,1,1,0,0,1,2,1,2,1,1,0,0,0,0,0,0,0,0,0,0,1,1,1,0,0,0,0,0,1,1,0,0,0,0
난포,참괜찮은태도,83,2024.07.29,2,영수증,"두번째 방문. 다시와도 만족 스러웠다. 모든 메뉴 다 좋았지만, 밥이 살짝 아쉬웠다. 전기밥솥에 하루 정도 있다가 준 것 같은 맛이었다. 어짜피 밥은 국에 말아 먹을거라 크게 문제되지 않지만 조금 아쉬운건 사실! 모든메뉴 추천합니다!","두번째 방문. 다시와도 만족 스러웠다. 모든 메뉴 다 좋았지만, 밥이 살짝 아쉬웠다. 전기밥솥에 하루 정도 있다가 준 것 같은 맛이었다. 어짜피 밥은 국에 말아 먹을거라 크게 문제되지 않지만 조금 아쉬운건 사실! 모든메뉴 추천합니다!",True,normal,83,2번째 방문,True,,,1,두번째 방문 다시와도 만족 스러웠다 모든 메뉴 다 좋았지만 밥이 살짝 아쉬웠다 전기밥솥에 하루 정도 있다가 준 것 같은 맛이었다 어짜피 밥은 국에 말아 먹을거라 크게 문제되지 않지만 조금 아쉬운건 사실 모든메뉴 추천합니다,130,123,0,0,1,1,0,0,0,0,0,0,0,0,1,1,0,0,2,0,0,0,1,0,0,0,0,1,1,0,1,0,0,1,1,0,0,0,0,0,0
난포,흑석 짜이,67,2024.04.02,1,영수증,평일 점심에 방문했는데도 웨이팅 이빠이. 워낙 유명해서 주말에 방문하려면 한~~참 기다려야된대서 뚜의 바람 2년만에 방문했습니다 🫠 상당히 건강한 맛이었습니다..! 😝 (근데 개인적으로는 기다려서 이렇게 먹어야되나...? 싶은 정도),평일 점심에 방문했는데도 웨이팅 이빠이. 워낙 유명해서 주말에 방문하려면 한~~참 기다려야된대서 뚜의 바람 2년만에 방문했습니다 🫠 상당히 건강한 맛이었습니다..! 😝 (근데 개인적으로는 기다려서 이렇게 먹어야되나...? 싶은 정도),True,normal,67,1번째 방문,True,,,1,평일 점심에 방문했는데도 웨이팅 이빠이 워낙 유명해서 주말에 방문하려면 한 참 기다려야된대서 뚜의 바람 2년만에 방문했습니다 상당히 건강한 맛이었습니다 근데 개인적으로는 기다려서 이렇게 먹어야되나 싶은 정도,130,115,0,0,1,1,1,1,0,3,1,1,0,0,0,0,0,0,1,0,0,0,0,0,0,0,0,1,1,1,0,0,0,0,0,1,1,0,0,0,0
난포,요이252,82,2024.08.12,1,영수증,특별한 한식이 먹고싶어서 5시 오픈런했어요! 너무나 더웠지만 맛있어서 행복했어요 강된장 맛있고 묵은지회밥은 한입에 넣으니 짭잘한 배추맛이랑 어울어져서 진짜 눈에 하트 나오는 맛이에요 새우감자전도 바삭한게 어린이 입맛인 저희한테 맛있었어요,특별한 한식이 먹고싶어서 5시 오픈런했어요! 너무나 더웠지만 맛있어서 행복했어요 강된장 맛있고 묵은지회밥은 한입에 넣으니 짭잘한 배추맛이랑 어울어져서 진짜 눈에 하트 나오는 맛이에요 새우감자전도 바삭한게 어린이 입맛인 저희한테 맛있었어요,True,normal,82,1번째 방문,True,,,1,특별한 한식이 먹고싶어서 5시 오픈런했어요 너무나 더웠지만 맛있어서 행복했어요 강된장 맛있고 묵은지회밥은 한입에 넣으니 짭잘한 배추맛이랑 어울어져서 진짜 눈에 하트 나오는 맛이에요 새우감자전도 바삭한게 어린이 입맛인 저희한테 맛있었어요,132,131,0,0,1,1,0,0,0,0,0,1,1,1,3,1,2,0,1,0,0,0,1,0,0,0,0,1,1,1,0,0,0,0,0,1,0,0,0,0,0
난포,눈누야1,15,2026.02.12,1,예약,뚝섬쪽 올 때마다 방문하고 싶었던 곳인데 이제서야 와봤어요 간장문어국수도 새콤하고 신선했고 강된장쌈밥은 쌈밥만 먹으면 슴슴한데 강된장과 같이 먹었을 때 조화가 정말 좋습니다! 건강하고 깔끔한 맛이라 부모님이랑 같이 방문해도 좋을 것 같아요,뚝섬쪽 올 때마다 방문하고 싶었던 곳인데 이제서야 와봤어요 간장문어국수도 새콤하고 신선했고 강된장쌈밥은 쌈밥만 먹으면 슴슴한데 강된장과 같이 먹었을 때 조화가 정말 좋습니다! 건강하고 깔끔한 맛이라 부모님이랑 같이 방문해도 좋을 것 같아요,True,normal,15,1번째 방문,True,,,1,뚝섬쪽 올 때마다 방문하고 싶었던 곳인데 이제서야 와봤어요 간장문어국수도 새콤하고 신선했고 강된장쌈밥은 쌈밥만 먹으면 슴슴한데 강된장과 같이 먹었을 때 조화가 정말 좋습니다 건강하고 깔끔한 맛이라 부모님이랑 같이 방문해도 좋을 것 같아요,133,132,0,0,1,1,0,0,0,0,0,0,0,0,0,0,0,0,1,0,0,0,0,0,0,0,0,1,0,1,0,0,0,0,0,0,0,0,0,0,0
난포,베이큰,367,2025.06.10,1,예약,"밑반찬이 맛있네요 전반적으로 건강한 느낌. 문어간장국수는 좀 짭잘했어요 저는 예약하고 가서 웨이팅은 없었는데, 평일에도 웨이팅이 많습니다 그정도의 맛인지까지는 모르겠는데 너무 기대하고 먹어서 그렇게 느끼는걸수도있고 아무튼 쏘쏘입니다 ㅎㅎㅎ","밑반찬이 맛있네요 전반적으로 건강한 느낌. 문어간장국수는 좀 짭잘했어요 저는 예약하고 가서 웨이팅은 없었는데, 평일에도 웨이팅이 많습니다 그정도의 맛인지까지는 모르겠는데 너무 기대하고 먹어서 그렇게 느끼는걸수도있고 아무튼 쏘쏘입니다 ㅎㅎㅎ",True,normal,367,1번째 방문,True,,,1,밑반찬이 맛있네요 전반적으로 건강한 느낌 문어간장국수는 좀 짭잘했어요 저는 예약하고 가서 웨이팅은 없었는데 평일에도 웨이팅이 많습니다 그정도의 맛인지까지는 모르겠는데 너무 기대하고 먹어서 그렇게 느끼는걸수도있고 아무튼 쏘쏘입니다,133,127,0,0,1,1,2,1,1,1,1,0,0,0,1,1,1,0,0,0,0,0,1,0,0,0,0,1,1,1,0,0,0,0,0,1,1,0,0,0,0
난포,캐슬슬,96,2025.11.14,1,예약,처음 가봤는데 대부분의 손님들이 다 강된장쌈밥과 감자새우전을 시키네요. 동일하게 2개 메뉴 먹어봤는데 이 두 개는 진짜 괜찮기는 합니다. 안 좋은 리뷰도 있어서 걱정했는데 훌륭했습니다. 스피커 아래 자리만 피하면 자리도 괜찮은 거 같습니다.,처음 가봤는데 대부분의 손님들이 다 강된장쌈밥과 감자새우전을 시키네요. 동일하게 2개 메뉴 먹어봤는데 이 두 개는 진짜 괜찮기는 합니다. 안 좋은 리뷰도 있어서 걱정했는데 훌륭했습니다. 스피커 아래 자리만 피하면 자리도 괜찮은 거 같습니다.,True,normal,96,1번째 방문,True,,,1,처음 가봤는데 대부분의 손님들이 다 강된장쌈밥과 감자새우전을 시키네요 동일하게 2개 메뉴 먹어봤는데 이 두 개는 진짜 괜찮기는 합니다 안 좋은 리뷰도 있어서 걱정했는데 훌륭했습니다 스피커 아래 자리만 피하면 자리도 괜찮은 거 같습니다,134,130,0,0,1,1,2,1,1,0,0,1,0,0,0,0,1,0,0,0,0,0,1,0,0,0,0,1,1,1,0,0,0,0,0,1,1,0,0,0,0
난포,byeol24,32,2024.06.07,1,영수증,오픈런 성공해서 한번에 들어갔어요~!! 강된장쌈밥 고소한 참기름과 강된장 그리고 케일쌈 조화가 너무 좋아요!! 제철회묵은지말이도 한입에 쏙쏙 맛나고 돌문어간장국수도 야채들과 함께 짜지않고 맛있습니다~!! 다음엔 새우감자전도 꼭 먹고싶어요~~,오픈런 성공해서 한번에 들어갔어요~!! 강된장쌈밥 고소한 참기름과 강된장 그리고 케일쌈 조화가 너무 좋아요!! 제철회묵은지말이도 한입에 쏙쏙 맛나고 돌문어간장국수도 야채들과 함께 짜지않고 맛있습니다~!! 다음엔 새우감자전도 꼭 먹고싶어요~~,True,normal,32,1번째 방문,True,,,1,오픈런 성공해서 한번에 들어갔어요 강된장쌈밥 고소한 참기름과 강된장 그리고 케일쌈 조화가 너무 좋아요 제철회묵은지말이도 한입에 쏙쏙 맛나고 돌문어간장국수도 야채들과 함께 짜지않고 맛있습니다 다음엔 새우감자전도 꼭 먹고싶어요,134,124,0,0,1,1,0,0,0,0,0,0,0,0,2,1,1,0,6,1,0,0,1,0,0,0,0,1,0,1,0,0,0,1,1,0,0,0,0,0,0
난포,joynpeace,69,2024.08.24,1,영수증,정말 맛있네요! 먹으면서 감동이 있을 정도였습니다! 다 맛있었는데 제철회묵은지말이랑 새우감자전이 특히 맛있었고 같이 나온 반찬도 너무 맛있었습니다! 두 명이서 세 개 먹었는데 배도 부르더라구요 분위기도 너무 좋고 음악도 좋고 아주 좋았습니다!,정말 맛있네요! 먹으면서 감동이 있을 정도였습니다! 다 맛있었는데 제철회묵은지말이랑 새우감자전이 특히 맛있었고 같이 나온 반찬도 너무 맛있었습니다! 두 명이서 세 개 먹었는데 배도 부르더라구요 분위기도 너무 좋고 음악도 좋고 아주 좋았습니다!,True,normal,69,1번째 방문,True,,,1,정말 맛있네요 먹으면서 감동이 있을 정도였습니다 다 맛있었는데 제철회묵은지말이랑 새우감자전이 특히 맛있었고 같이 나온 반찬도 너무 맛있었습니다 두 명이서 세 개 먹었는데 배도 부르더라구요 분위기도 너무 좋고 음악도 좋고 아주 좋았습니다,135,131,0,0,1,1,1,1,0,0,0,0,0,0,4,1,2,0,4,1,0,0,0,0,0,0,0,1,1,1,0,0,0,0,0,1,1,0,0,0,0
난포,hie****,19,2024.07.21,1,영수증,방금 먹고 나와서 바로 리뷰 써요..⭐️ 두번째 방문인데 저는 너무너무너무너무 맛있어서 남자친구 대리고 왔는데 별로 안 좋아하는 눈치네여.. 맛잇다고 하긴 하는데 야채별로 안좋아 하나바여^^^ 빨간거 시켰다고 앞지마도 주셨어요 감사합니다❤️🤤,방금 먹고 나와서 바로 리뷰 써요..⭐️ 두번째 방문인데 저는 너무너무너무너무 맛있어서 남자친구 대리고 왔는데 별로 안 좋아하는 눈치네여.. 맛잇다고 하긴 하는데 야채별로 안좋아 하나바여^^^ 빨간거 시켰다고 앞지마도 주셨어요 감사합니다❤️🤤,True,normal,19,1번째 방문,True,,,1,방금 먹고 나와서 바로 리뷰 써요 두번째 방문인데 저는 너무너무너무너무 맛있어서 남자친구 대리고 왔는데 별로 안 좋아하는 눈치네여 맛잇다고 하긴 하는데 야채별로 안좋아 하나바여 빨간거 시켰다고 앞지마도 주셨어요 감사합니다,135,123,0,0,1,1,0,0,0,1,1,0,0,0,1,1,4,1,0,0,0,0,1,0,0,0,0,1,0,1,0,0,0,0,0,1,1,0,0,0,0
난포,HG9,867,2024.02.24,1,영수증,"진~~짜 다 맛있어요. 돌문어간장국수, 묵은지말이, 강된장쌈밥, 새우감자전 모두 다~~ 맛있어요. 단지 아쉬운 것은 양이 좀 작다는거~~ 푸짐하게 먹으러면 N+1 해야 합니다. 웨이팅이 많으니 감안하시고 특별한 건강한 맛을 찾으신다면 추천!!","진~~짜 다 맛있어요. 돌문어간장국수, 묵은지말이, 강된장쌈밥, 새우감자전 모두 다~~ 맛있어요. 단지 아쉬운 것은 양이 좀 작다는거~~ 푸짐하게 먹으러면 N+1 해야 합니다. 웨이팅이 많으니 감안하시고 특별한 건강한 맛을 찾으신다면 추천!!",True,normal,867,1번째 방문,True,,,1,진 짜 다 맛있어요 돌문어간장국수 묵은지말이 강된장쌈밥 새우감자전 모두 다 맛있어요 단지 아쉬운 것은 양이 좀 작다는거 푸짐하게 먹으러면 N 1 해야 합니다 웨이팅이 많으니 감안하시고 특별한 건강한 맛을 찾으신다면 추천,135,122,0,0,1,1,1,1,0,0,0,1,0,0,3,1,0,0,2,0,0,0,1,0,0,0,0,1,1,1,0,0,0,0,0,1,1,0,0,0,0
난포,sensatiOn,1169,2025.03.31,2,영수증,특색있는 메뉴들이 인상적이에요. 특히 동글동글 귀여운 모양의 쌈밥과 강된장이 어우러진 메뉴는 난포의 트레이드마크입니다. 한입 크기라 먹기도 편했어요. 돌문어국수도 상큼하니 맛있었고 육회 묵은지 말이는 생각했던 맛이었고 밥이 조금 많다고 느꼈어요.,특색있는 메뉴들이 인상적이에요. 특히 동글동글 귀여운 모양의 쌈밥과 강된장이 어우러진 메뉴는 난포의 트레이드마크입니다. 한입 크기라 먹기도 편했어요. 돌문어국수도 상큼하니 맛있었고 육회 묵은지 말이는 생각했던 맛이었고 밥이 조금 많다고 느꼈어요.,True,normal,1169,2번째 방문,True,,,1,특색있는 메뉴들이 인상적이에요 특히 동글동글 귀여운 모양의 쌈밥과 강된장이 어우러진 메뉴는 난포의 트레이드마크입니다 한입 크기라 먹기도 편했어요 돌문어국수도 상큼하니 맛있었고 육회 묵은지 말이는 생각했던 맛이었고 밥이 조금 많다고 느꼈어요,137,133,0,0,1,1,0,0,0,0,0,0,0,0,1,1,0,0,0,0,0,0,0,0,0,0,0,1,1,0,1,0,0,1,1,0,0,0,0,0,0
난포,jyh****,4,2024.09.02,1,예약,늘 맛있게 먹었고 지인추천도 했습니다~ 음식하나하나 맛도있고 색도 예뻐서 좋아하게 됐습니다 이번에도 새우감자전을 주문했는데 금방구운거같지않게 싸늘하게 식었고 너무 딱딱했어요~ 이전에 먹어봤던거랑 좀 달라서 아쉬웠습니다 다음엔 더 맛나게 해주세요~,늘 맛있게 먹었고 지인추천도 했습니다~ 음식하나하나 맛도있고 색도 예뻐서 좋아하게 됐습니다 이번에도 새우감자전을 주문했는데 금방구운거같지않게 싸늘하게 식었고 너무 딱딱했어요~ 이전에 먹어봤던거랑 좀 달라서 아쉬웠습니다 다음엔 더 맛나게 해주세요~,True,normal,4,1번째 방문,True,,,1,늘 맛있게 먹었고 지인추천도 했습니다 음식하나하나 맛도있고 색도 예뻐서 좋아하게 됐습니다 이번에도 새우감자전을 주문했는데 금방구운거같지않게 싸늘하게 식었고 너무 딱딱했어요 이전에 먹어봤던거랑 좀 달라서 아쉬웠습니다 다음엔 더 맛나게 해주세요,137,134,0,0,1,1,1,1,0,0,0,0,0,0,2,1,1,0,0,0,0,0,0,0,0,0,1,0,0,1,0,0,0,0,0,1,1,0,0,0,0
난포,mik****,599,2024.04.18,1,영수증,정겹고 친근감들어 대기타다 들어가 대표메뉴 시켯는데 친절하게 먹는법 잘 알려주시네요! 담백하고 깔끔ㆍ저염식이며 소식자들한테 강추하고 싶어요! 저흰 넘 배고픈차에 먹엇더니 순삭🤣 나와서 간식추가해서 먹엇어요! 🤣 난포라는 집 알게되어서 좋앗어요!!,정겹고 친근감들어 대기타다 들어가 대표메뉴 시켯는데 친절하게 먹는법 잘 알려주시네요! 담백하고 깔끔ㆍ저염식이며 소식자들한테 강추하고 싶어요! 저흰 넘 배고픈차에 먹엇더니 순삭🤣 나와서 간식추가해서 먹엇어요! 🤣 난포라는 집 알게되어서 좋앗어요!!,True,normal,599,1번째 방문,True,,,1,정겹고 친근감들어 대기타다 들어가 대표메뉴 시켯는데 친절하게 먹는법 잘 알려주시네요 담백하고 깔끔 저염식이며 소식자들한테 강추하고 싶어요 저흰 넘 배고픈차에 먹엇더니 순삭 나와서 간식추가해서 먹엇어요 난포라는 집 알게되어서 좋앗어요,137,129,0,0,1,1,2,1,1,0,0,0,0,0,2,1,0,0,5,1,0,0,0,0,0,0,0,1,1,1,0,0,0,0,0,1,1,0,0,0,0
난포,오기기기기깅,105,2025.07.24,1,예약,부모님 모시고 가서 점심 먹었어요 이른시간에도 사람이 많아요!! 음식 간이 안쎄고 슴슴하게 정말 맛있게 먹었어요 ! 음식 4가지 시켜서 먹었는데 쉐어할 수 있는 젓가락이나 집게가 있으면 더 좋을꺼 같아요ㅠㅠ 노랫소리가 좀 커서 대화가 불편했어요 ㅠ,부모님 모시고 가서 점심 먹었어요 이른시간에도 사람이 많아요!! 음식 간이 안쎄고 슴슴하게 정말 맛있게 먹었어요 ! 음식 4가지 시켜서 먹었는데 쉐어할 수 있는 젓가락이나 집게가 있으면 더 좋을꺼 같아요ㅠㅠ 노랫소리가 좀 커서 대화가 불편했어요 ㅠ,True,normal,105,1번째 방문,True,,,1,부모님 모시고 가서 점심 먹었어요 이른시간에도 사람이 많아요 음식 간이 안쎄고 슴슴하게 정말 맛있게 먹었어요 음식 4가지 시켜서 먹었는데 쉐어할 수 있는 젓가락이나 집게가 있으면 더 좋을꺼 같아요 노랫소리가 좀 커서 대화가 불편했어요,138,130,0,0,1,1,0,0,0,1,1,1,0,0,1,1,0,0,3,1,0,0,1,0,0,0,0,1,1,1,0,0,0,0,0,1,1,0,0,0,0
난포,seny9212,20,2024.07.01,2,예약,남편과 소중한 데이트 시간에 종종 찾는데 맛도 좋고 특히 저 장아찌가 짱맛이에요! 전 여기 비쥐엠도 넘 좋아해서 플레이리스트좀 알 고 싶어요🫶🏻❤️ 어릴때 아빠 차 속에서 듣던 노래들이라서요! 맛도 분위기도 넘 좋아하는 곳입니다! 곧 또 갈께요~~,남편과 소중한 데이트 시간에 종종 찾는데 맛도 좋고 특히 저 장아찌가 짱맛이에요! 전 여기 비쥐엠도 넘 좋아해서 플레이리스트좀 알 고 싶어요🫶🏻❤️ 어릴때 아빠 차 속에서 듣던 노래들이라서요! 맛도 분위기도 넘 좋아하는 곳입니다! 곧 또 갈께요~~,True,normal,20,2번째 방문,True,,,1,남편과 소중한 데이트 시간에 종종 찾는데 맛도 좋고 특히 저 장아찌가 짱맛이에요 전 여기 비쥐엠도 넘 좋아해서 플레이리스트좀 알 고 싶어요 어릴때 아빠 차 속에서 듣던 노래들이라서요 맛도 분위기도 넘 좋아하는 곳입니다 곧 또 갈께요,138,129,0,0,1,1,1,1,0,1,1,0,0,0,2,1,1,0,3,1,0,0,0,0,0,0,0,1,0,0,1,0,0,0,0,1,1,0,0,0,0
난포,구의동도도리,676,2024.10.09,1,예약,캐치테이블 웨이팅 1시간 반 대기였습니다 ㅎㅎ 미리 원격줄서기 걸어두고 거의 순서 다 되어서 도착했는데도 한참 기다렸어요. 저녁 일곱시 반 넘으니 제철회 묵은지말이 품절..ㅠㅠ 전반적으로 깔끔하고 집밥같은 맛이라 대기시간이 짧으면 와볼만한것 같아요!,캐치테이블 웨이팅 1시간 반 대기였습니다 ㅎㅎ 미리 원격줄서기 걸어두고 거의 순서 다 되어서 도착했는데도 한참 기다렸어요. 저녁 일곱시 반 넘으니 제철회 묵은지말이 품절..ㅠㅠ 전반적으로 깔끔하고 집밥같은 맛이라 대기시간이 짧으면 와볼만한것 같아요!,True,normal,676,1번째 방문,True,,,1,캐치테이블 웨이팅 1시간 반 대기였습니다 미리 원격줄서기 걸어두고 거의 순서 다 되어서 도착했는데도 한참 기다렸어요 저녁 일곱시 반 넘으니 제철회 묵은지말이 품절 전반적으로 깔끔하고 집밥같은 맛이라 대기시간이 짧으면 와볼만한것 같아요,139,130,0,0,1,1,3,1,1,1,1,1,1,1,1,1,0,0,1,0,0,0,0,0,0,0,0,1,1,1,0,0,0,0,0,1,1,0,0,0,0
난포,With Respect,235,2024.07.07,1,영수증,"음식이 뛰어나지도 않고 - 특히 감자전은 전날 만들어 놓은 것을 해동해서 조리한 것일까?! 충격적인 상태... 비주얼 적으론 괜찮아 보이지만, 인스타 맛집이라는 표현도 아까울 정도의 프로페셔널 함도 없는 서비스의 빅원들 까지 - 환장의 조합 그잡채!","음식이 뛰어나지도 않고 - 특히 감자전은 전날 만들어 놓은 것을 해동해서 조리한 것일까?! 충격적인 상태... 비주얼 적으론 괜찮아 보이지만, 인스타 맛집이라는 표현도 아까울 정도의 프로페셔널 함도 없는 서비스의 빅원들 까지 - 환장의 조합 그잡채!",True,normal,235,1번째 방문,True,,,1,음식이 뛰어나지도 않고 특히 감자전은 전날 만들어 놓은 것을 해동해서 조리한 것일까 충격적인 상태 비주얼 적으론 괜찮아 보이지만 인스타 맛집이라는 표현도 아까울 정도의 프로페셔널 함도 없는 서비스의 빅원들 까지 환장의 조합 그잡채,139,128,0,0,1,1,1,1,0,0,0,0,0,0,1,1,0,0,2,0,2,1,0,0,0,0,0,1,1,1,0,0,0,0,0,1,1,0,0,1,0
난포,즐거운일상하루,236,2025.10.20,2,예약,음식은 다 깔끔하고 맛있어요 날이 추워서 곰국이 따뜻하니 좋았어요 양은 적은 편이라 여자 둘이 메뉴3개가 적당한거 같아요 좌석사이가 좁아서 좀 불편하고 안이 소란스러워 주문할때나 필요한게 있을때 직원 부르는게 힘들어서 그런 부분이 개선되면 좋을거 같아요,음식은 다 깔끔하고 맛있어요 날이 추워서 곰국이 따뜻하니 좋았어요 양은 적은 편이라 여자 둘이 메뉴3개가 적당한거 같아요 좌석사이가 좁아서 좀 불편하고 안이 소란스러워 주문할때나 필요한게 있을때 직원 부르는게 힘들어서 그런 부분이 개선되면 좋을거 같아요,True,normal,236,2번째 방문,True,,,1,음식은 다 깔끔하고 맛있어요 날이 추워서 곰국이 따뜻하니 좋았어요 양은 적은 편이라 여자 둘이 메뉴3개가 적당한거 같아요 좌석사이가 좁아서 좀 불편하고 안이 소란스러워 주문할때나 필요한게 있을때 직원 부르는게 힘들어서 그런 부분이 개선되면 좋을거 같아요,141,141,0,0,1,1,2,1,1,0,0,1,0,0,1,1,0,0,0,0,0,0,1,0,0,0,0,1,1,0,1,0,0,0,0,1,1,0,0,0,0
난포,35347574,19,2025.12.19,1,예약,음식이 정말 예쁩니다 대체적으로 다 차가웠어요 밥도 차고 된장도 차갑습니다 ㅎㅎ 원래 그렇다네요 따뜻한 국이라도 쥬셧으면 ㅜㅜ 매장이 너무 춥고 음식도 주먹밥고 차갑고 들기름도 냉면이예요 참고하세요!! 맛은있었어요 추워서 외투도 못 벗고 먹었습니다 ㅎㅎ,음식이 정말 예쁩니다 대체적으로 다 차가웠어요 밥도 차고 된장도 차갑습니다 ㅎㅎ 원래 그렇다네요 따뜻한 국이라도 쥬셧으면 ㅜㅜ 매장이 너무 춥고 음식도 주먹밥고 차갑고 들기름도 냉면이예요 참고하세요!! 맛은있었어요 추워서 외투도 못 벗고 먹었습니다 ㅎㅎ,True,normal,19,1번째 방문,True,,,1,음식이 정말 예쁩니다 대체적으로 다 차가웠어요 밥도 차고 된장도 차갑습니다 원래 그렇다네요 따뜻한 국이라도 쥬셧으면 매장이 너무 춥고 음식도 주먹밥고 차갑고 들기름도 냉면이예요 참고하세요 맛은있었어요 추워서 외투도 못 벗고 먹었습니다,141,130,0,0,1,1,1,1,0,0,0,0,0,0,0,0,1,0,2,0,0,0,0,0,0,0,0,1,0,1,0,0,0,0,0,1,1,0,0,0,0
난포,바비예레또,123,2024.06.19,1,예약,"너무 유명한 곳이라 예약후 방문했는데, 평일 2시는 굳이 예약 안해도 될것 같아요 제철회묵은지말이,회국수,새우감자전,강된장 쌈밥 4가지 주문했구요 묵은지말이랑 회국수는 다음에도 또 먹을것 같아요 덕분에 아직 만개는 아니지만 소담스런 수국도 봐서 좋았어용","너무 유명한 곳이라 예약후 방문했는데, 평일 2시는 굳이 예약 안해도 될것 같아요 제철회묵은지말이,회국수,새우감자전,강된장 쌈밥 4가지 주문했구요 묵은지말이랑 회국수는 다음에도 또 먹을것 같아요 덕분에 아직 만개는 아니지만 소담스런 수국도 봐서 좋았어용",True,normal,123,1번째 방문,True,,,1,너무 유명한 곳이라 예약후 방문했는데 평일 2시는 굳이 예약 안해도 될것 같아요 제철회묵은지말이 회국수 새우감자전 강된장 쌈밥 4가지 주문했구요 묵은지말이랑 회국수는 다음에도 또 먹을것 같아요 덕분에 아직 만개는 아니지만 소담스런 수국도 봐서 좋았어용,141,140,0,0,1,1,1,1,0,1,1,1,1,1,0,0,1,0,0,0,0,0,0,0,0,0,0,1,1,1,0,0,0,0,0,1,1,0,0,0,0
난포,Luesey,37,2024.11.03,1,예약,"캐치테이블 예약해서 조금 기다리고 금방 들어갈 수 있었어요! 외식으로 흔하지 않은 특별한 메뉴에, 건강한 재료들이 사용되어서인지 어르신들도 꽤 있었어요. 회전율이 빠른편이고 음식들이 빠르게 나와서 좋습니다 . 기본적으로 음식을 맛있게 만드시는 것 같아요.","캐치테이블 예약해서 조금 기다리고 금방 들어갈 수 있었어요! 외식으로 흔하지 않은 특별한 메뉴에, 건강한 재료들이 사용되어서인지 어르신들도 꽤 있었어요. 회전율이 빠른편이고 음식들이 빠르게 나와서 좋습니다 . 기본적으로 음식을 맛있게 만드시는 것 같아요.",True,normal,37,1번째 방문,True,,,1,캐치테이블 예약해서 조금 기다리고 금방 들어갈 수 있었어요 외식으로 흔하지 않은 특별한 메뉴에 건강한 재료들이 사용되어서인지 어르신들도 꽤 있었어요 회전율이 빠른편이고 음식들이 빠르게 나와서 좋습니다 기본적으로 음식을 맛있게 만드시는 것 같아요,142,136,0,0,1,1,0,0,0,0,0,0,0,0,1,1,0,0,1,0,0,0,0,0,0,0,0,1,0,1,0,0,0,1,1,0,0,0,0,0,0
난포,jung11271,943,2025.09.14,1,영수증,"몇 년 전부터 성수 먹킷리스트였는데 웨이팅 엄두가 안 나 못 오다가 이제서야 방문했어요. 주말 저녁 기준 1시간 웨이팅 했습니다. 새롭고 깔끔한 한식 메뉴를 먹을 수 있는 곳으로 간이 세지 않고, 양은 1인분보다 작게 느껴졌어요. 내부 인테리어가 예뻤습니다.","몇 년 전부터 성수 먹킷리스트였는데 웨이팅 엄두가 안 나 못 오다가 이제서야 방문했어요. 주말 저녁 기준 1시간 웨이팅 했습니다. 새롭고 깔끔한 한식 메뉴를 먹을 수 있는 곳으로 간이 세지 않고, 양은 1인분보다 작게 느껴졌어요. 내부 인테리어가 예뻤습니다.",True,normal,943,1번째 방문,True,,,1,몇 년 전부터 성수 먹킷리스트였는데 웨이팅 엄두가 안 나 못 오다가 이제서야 방문했어요 주말 저녁 기준 1시간 웨이팅 했습니다 새롭고 깔끔한 한식 메뉴를 먹을 수 있는 곳으로 간이 세지 않고 양은 1인분보다 작게 느껴졌어요 내부 인테리어가 예뻤습니다,144,139,0,0,1,1,2,1,1,2,1,1,2,1,0,0,0,0,0,0,0,0,0,0,0,0,0,1,1,1,0,0,0,0,0,1,1,0,0,0,0
난포,JOOJOORI,17,2025.03.16,1,영수증,한식을 너무 좋아해서 들렀는데 분위기도 조용하고 아늑한 분위기였어요. 정갈하고 신선한 재료들이 눈에 띄는 메뉴들이었어요! 제가 주문한 3가지 음식 모두 너무 맛있었어요. 돌문어 간장국수를 메인으로 묵은지말이랑 강된장쌈밥 곁들여 먹었는데 또간집 할 것 같아요🩵,한식을 너무 좋아해서 들렀는데 분위기도 조용하고 아늑한 분위기였어요. 정갈하고 신선한 재료들이 눈에 띄는 메뉴들이었어요! 제가 주문한 3가지 음식 모두 너무 맛있었어요. 돌문어 간장국수를 메인으로 묵은지말이랑 강된장쌈밥 곁들여 먹었는데 또간집 할 것 같아요🩵,True,normal,17,1번째 방문,True,,,1,한식을 너무 좋아해서 들렀는데 분위기도 조용하고 아늑한 분위기였어요 정갈하고 신선한 재료들이 눈에 띄는 메뉴들이었어요 제가 주문한 3가지 음식 모두 너무 맛있었어요 돌문어 간장국수를 메인으로 묵은지말이랑 강된장쌈밥 곁들여 먹었는데 또간집 할 것 같아요,144,140,0,0,1,1,3,1,1,0,0,1,0,0,1,1,2,0,1,0,0,0,0,0,0,0,0,1,0,1,0,0,0,0,0,1,1,0,0,0,0
난포,광인,113,2025.02.09,1,예약,"🥔 먹은 것 - 한우육회묵은지말이 14,000 - 강된장쌈밥 12,000 - 새우감자전 19,000 - 전복들깨국수 16,000 일요일 저녁 5시에 딱맞춰 방문, 10분 정도 기다린 후 들어갔음. 음식 전체적으로 담백하고 맛있는데, 양이 적은 편이라 아쉬움.","🥔 먹은 것 - 한우육회묵은지말이 14,000 - 강된장쌈밥 12,000 - 새우감자전 19,000 - 전복들깨국수 16,000 일요일 저녁 5시에 딱맞춰 방문, 10분 정도 기다린 후 들어갔음. 음식 전체적으로 담백하고 맛있는데, 양이 적은 편이라 아쉬움.",True,normal,113,1번째 방문,True,,,1,먹은 것 한우육회묵은지말이 14 000 강된장쌈밥 12 000 새우감자전 19 000 전복들깨국수 16 000 일요일 저녁 5시에 딱맞춰 방문 10분 정도 기다린 후 들어갔음 음식 전체적으로 담백하고 맛있는데 양이 적은 편이라 아쉬움,144,130,0,0,1,1,0,0,0,2,1,1,2,1,1,1,0,0,0,0,0,0,0,0,0,0,0,1,1,1,0,0,0,0,0,1,1,0,0,0,0
난포,유진5226,979,2024.04.29,1,예약,묵은지회말이랑 쌈밥 먹었어요 요기 맛집이라 해서 정말 가고 싶었는데 실망 와르르 진짜 인스타 맛집이고 맛이 없.. 묵은지회말이는 그냥 평범하고요 쌈밥근 걍 밥에 고기아주조금이라 고기맛 1도 안느껴지고 된장도 평범해요 진짜 이해안가요 ㅜㅜ 맛개선좀 해주세요..,묵은지회말이랑 쌈밥 먹었어요 요기 맛집이라 해서 정말 가고 싶었는데 실망 와르르 진짜 인스타 맛집이고 맛이 없.. 묵은지회말이는 그냥 평범하고요 쌈밥근 걍 밥에 고기아주조금이라 고기맛 1도 안느껴지고 된장도 평범해요 진짜 이해안가요 ㅜㅜ 맛개선좀 해주세요..,True,normal,979,1번째 방문,True,,,1,묵은지회말이랑 쌈밥 먹었어요 요기 맛집이라 해서 정말 가고 싶었는데 실망 와르르 진짜 인스타 맛집이고 맛이 없 묵은지회말이는 그냥 평범하고요 쌈밥근 걍 밥에 고기아주조금이라 고기맛 1도 안느껴지고 된장도 평범해요 진짜 이해안가요 맛개선좀 해주세요,144,137,0,0,1,1,0,0,0,0,0,1,0,0,2,1,2,0,0,0,1,1,0,0,0,0,0,1,1,1,0,0,0,1,1,0,0,0,0,1,0
난포,sayproject,15,2024.05.27,1,예약,"음식은 나쁘지 않았지만 청결이 신경쓰였습니다. 조리하시는 분들 중 마스크 쓴 직원은 한 분 뿐이었고, 서빙하시는 분들은 얼굴을 만지거나 기침할 때 가린 손을 씻지 않고 음식을 서빙했습니다. 음식을 앞에 두고 직원분들끼리 대화나누는 모습도 좋아 보이진 않았네요.","음식은 나쁘지 않았지만 청결이 신경쓰였습니다. 조리하시는 분들 중 마스크 쓴 직원은 한 분 뿐이었고, 서빙하시는 분들은 얼굴을 만지거나 기침할 때 가린 손을 씻지 않고 음식을 서빙했습니다. 음식을 앞에 두고 직원분들끼리 대화나누는 모습도 좋아 보이진 않았네요.",True,normal,15,1번째 방문,True,,,1,음식은 나쁘지 않았지만 청결이 신경쓰였습니다 조리하시는 분들 중 마스크 쓴 직원은 한 분 뿐이었고 서빙하시는 분들은 얼굴을 만지거나 기침할 때 가린 손을 씻지 않고 음식을 서빙했습니다 음식을 앞에 두고 직원분들끼리 대화나누는 모습도 좋아 보이진 않았네요,145,141,0,0,1,1,2,1,1,0,0,0,0,0,0,0,0,0,0,0,0,0,0,0,0,0,0,1,0,1,0,0,0,0,0,1,1,0,0,0,0
난포,wjdals1111,24,2024.10.23,1,예약,수요일 늦은 점심 시간이어서 그런지 웨이팅 없이 바로 입장했어요. 주문한 음식들 다 맛있었지만 특히 특 곰국이 좋았습니다. 부드러운 한우도 많이 들어가있고 국물이 깔끔해서 저희 아빠가 맛있게 드셨어요. 가게 내부도 이쁘고 음식이 정갈해서 만족스러운 식사였습니다.,수요일 늦은 점심 시간이어서 그런지 웨이팅 없이 바로 입장했어요. 주문한 음식들 다 맛있었지만 특히 특 곰국이 좋았습니다. 부드러운 한우도 많이 들어가있고 국물이 깔끔해서 저희 아빠가 맛있게 드셨어요. 가게 내부도 이쁘고 음식이 정갈해서 만족스러운 식사였습니다.,True,normal,24,1번째 방문,True,,,1,수요일 늦은 점심 시간이어서 그런지 웨이팅 없이 바로 입장했어요 주문한 음식들 다 맛있었지만 특히 특 곰국이 좋았습니다 부드러운 한우도 많이 들어가있고 국물이 깔끔해서 저희 아빠가 맛있게 드셨어요 가게 내부도 이쁘고 음식이 정갈해서 만족스러운 식사였습니다,146,142,0,0,1,1,2,1,1,2,1,0,0,0,2,1,0,0,0,0,0,0,0,0,0,0,0,1,0,1,0,0,0,0,0,1,1,0,0,0,0
난포,Em07amelia,655,2025.07.22,1,영수증,"음식 맛있습니다! 직원분들도 친절하시고요. 다만 웨이팅 하고 있을 때, 품절된 메뉴를 미리 안내해주시면 더 좋았을 것 같네요. 시그니처 메뉴 먹으러 왔는데 웨이팅 순서 다 기다리고 입장할 때가 되어서야 주문 못 하는 메뉴가 있다고 말해주셔서 조금 당황스러웠습니다.","음식 맛있습니다! 직원분들도 친절하시고요. 다만 웨이팅 하고 있을 때, 품절된 메뉴를 미리 안내해주시면 더 좋았을 것 같네요. 시그니처 메뉴 먹으러 왔는데 웨이팅 순서 다 기다리고 입장할 때가 되어서야 주문 못 하는 메뉴가 있다고 말해주셔서 조금 당황스러웠습니다.",True,normal,655,1번째 방문,True,,,1,음식 맛있습니다 직원분들도 친절하시고요 다만 웨이팅 하고 있을 때 품절된 메뉴를 미리 안내해주시면 더 좋았을 것 같네요 시그니처 메뉴 먹으러 왔는데 웨이팅 순서 다 기다리고 입장할 때가 되어서야 주문 못 하는 메뉴가 있다고 말해주셔서 조금 당황스러웠습니다,147,142,0,0,1,1,5,1,1,0,0,0,0,0,1,1,0,0,1,0,0,0,1,0,0,0,0,1,1,1,0,0,0,0,0,1,1,0,0,0,0
난포,young22p,34,2025.03.20,1,영수증,"곰국은 간이 안되어있으니 같이 나오는 소금으로 간을 무조건 하셔야 하고요, 묵은지 육회는 괜찮았어요!! 다만 강된장 유명해서 먹어봤는데 강된장이 짭짭해서 같이 나오는 쌈밥이랑 꼭 같이 드셔야할거 같아요 비건이나 쎈간을 원하시는 분들은 조금 속상할 수도 있을거 같아요","곰국은 간이 안되어있으니 같이 나오는 소금으로 간을 무조건 하셔야 하고요, 묵은지 육회는 괜찮았어요!! 다만 강된장 유명해서 먹어봤는데 강된장이 짭짭해서 같이 나오는 쌈밥이랑 꼭 같이 드셔야할거 같아요 비건이나 쎈간을 원하시는 분들은 조금 속상할 수도 있을거 같아요",True,normal,34,1번째 방문,True,,,1,곰국은 간이 안되어있으니 같이 나오는 소금으로 간을 무조건 하셔야 하고요 묵은지 육회는 괜찮았어요 다만 강된장 유명해서 먹어봤는데 강된장이 짭짭해서 같이 나오는 쌈밥이랑 꼭 같이 드셔야할거 같아요 비건이나 쎈간을 원하시는 분들은 조금 속상할 수도 있을거 같아요,148,145,0,0,1,1,0,0,0,0,0,0,0,0,0,0,0,0,2,0,0,0,1,0,0,0,0,1,0,1,0,0,0,0,0,0,0,0,0,0,0
난포,jew****,36,2025.01.07,1,예약,음식은 특색있고 맛도 나쁘지 않았어요. 양은 많은 편은 아니에요. 예약을 했음에도 불구하고 체크하지 않으셨고 줄 서 있던 그대로 들어갔어요. 따로 있었던 테이블이 물론 하나이긴 했으나 그렇다고 예약석이 마련되어 있지도 않았네요. 사소하지만 조금 아쉬웠던 부분이에요.,음식은 특색있고 맛도 나쁘지 않았어요. 양은 많은 편은 아니에요. 예약을 했음에도 불구하고 체크하지 않으셨고 줄 서 있던 그대로 들어갔어요. 따로 있었던 테이블이 물론 하나이긴 했으나 그렇다고 예약석이 마련되어 있지도 않았네요. 사소하지만 조금 아쉬웠던 부분이에요.,True,normal,36,1번째 방문,True,,,1,음식은 특색있고 맛도 나쁘지 않았어요 양은 많은 편은 아니에요 예약을 했음에도 불구하고 체크하지 않으셨고 줄 서 있던 그대로 들어갔어요 따로 있었던 테이블이 물론 하나이긴 했으나 그렇다고 예약석이 마련되어 있지도 않았네요 사소하지만 조금 아쉬웠던 부분이에요,148,143,0,0,1,1,0,0,0,0,0,0,0,0,0,0,0,0,0,0,0,0,0,0,0,0,0,1,0,1,0,0,0,0,0,0,0,0,0,0,0
난포,단퐁,1377,2024.04.21,1,영수증,맛있어요. 청모로 갔습니다. 근데 청모하기에는 뽕짝 노래가 너무 크게 틀어져서 귀아팠어요... 그리고 샐러드에서는 날파리 시체가 나와서 음식 교환받았습니다. 바로 교환해주셔서 잘 먹었습니다. 맛 있어요. 청모 같은 것보다는 그냥 놀러갈 때 먹기가 더 좋은 곳 같습니다.,맛있어요. 청모로 갔습니다. 근데 청모하기에는 뽕짝 노래가 너무 크게 틀어져서 귀아팠어요... 그리고 샐러드에서는 날파리 시체가 나와서 음식 교환받았습니다. 바로 교환해주셔서 잘 먹었습니다. 맛 있어요. 청모 같은 것보다는 그냥 놀러갈 때 먹기가 더 좋은 곳 같습니다.,True,normal,1377,1번째 방문,True,,,1,맛있어요 청모로 갔습니다 근데 청모하기에는 뽕짝 노래가 너무 크게 틀어져서 귀아팠어요 그리고 샐러드에서는 날파리 시체가 나와서 음식 교환받았습니다 바로 교환해주셔서 잘 먹었습니다 맛 있어요 청모 같은 것보다는 그냥 놀러갈 때 먹기가 더 좋은 곳 같습니다,150,141,0,0,1,1,0,0,0,0,0,0,0,0,1,1,1,0,0,0,0,0,1,0,0,0,0,1,1,1,0,0,0,1,1,0,0,0,0,0,0
난포,샤방샤방엘리스,915,2025.04.24,1,영수증,서울숲 산책하구 캐치테이블 예약하구 갔어요 강된장쌈밥 케일에 싼 주먹밥 강된장 얹어서 먹었어요 돌문어간장국수 참나물이랑 간장베이스국수랑 잘어울려요 새우감자전 건새우가 들어가있구 채썬 감자에 치즈가 올라가있네요 제입맛에는 조금느끼했어요 전체적으로 강하지않구 슴슴한 맛이네요,서울숲 산책하구 캐치테이블 예약하구 갔어요 강된장쌈밥 케일에 싼 주먹밥 강된장 얹어서 먹었어요 돌문어간장국수 참나물이랑 간장베이스국수랑 잘어울려요 새우감자전 건새우가 들어가있구 채썬 감자에 치즈가 올라가있네요 제입맛에는 조금느끼했어요 전체적으로 강하지않구 슴슴한 맛이네요,True,normal,915,1번째 방문,True,,,1,서울숲 산책하구 캐치테이블 예약하구 갔어요 강된장쌈밥 케일에 싼 주먹밥 강된장 얹어서 먹었어요 돌문어간장국수 참나물이랑 간장베이스국수랑 잘어울려요 새우감자전 건새우가 들어가있구 채썬 감자에 치즈가 올라가있네요 제입맛에는 조금느끼했어요 전체적으로 강하지않구 슴슴한 맛이네요,151,151,0,0,1,1,0,0,0,0,0,0,0,0,0,0,0,0,0,0,0,0,0,0,0,0,0,1,1,1,0,0,0,0,0,0,0,0,0,0,0
난포,Greenjoanne,258,2025.02.27,1,영수증,음식이 정갈하고 깔끔하게 맛있습니다. 푸짐한 양은 아니어서 3인 4접시로 식사를 했고 모두 만족했습니다. 양념조미료 맛이 강하지 않고 밑반찬 짱아찌도 깔끔한 맛이네요. 전복들깨국수가 거의 소스없이 나와 약간 건조해서 호불호가 있었고..육회묵은지말이가 가장 호평받았습니다.,음식이 정갈하고 깔끔하게 맛있습니다. 푸짐한 양은 아니어서 3인 4접시로 식사를 했고 모두 만족했습니다. 양념조미료 맛이 강하지 않고 밑반찬 짱아찌도 깔끔한 맛이네요. 전복들깨국수가 거의 소스없이 나와 약간 건조해서 호불호가 있었고..육회묵은지말이가 가장 호평받았습니다.,True,normal,258,1번째 방문,True,,,1,음식이 정갈하고 깔끔하게 맛있습니다 푸짐한 양은 아니어서 3인 4접시로 식사를 했고 모두 만족했습니다 양념조미료 맛이 강하지 않고 밑반찬 짱아찌도 깔끔한 맛이네요 전복들깨국수가 거의 소스없이 나와 약간 건조해서 호불호가 있었고 육회묵은지말이가 가장 호평받았습니다,151,146,0,0,1,1,0,0,0,0,0,1,0,0,1,1,1,0,0,0,0,0,0,0,0,0,0,1,1,1,0,0,0,1,1,0,0,0,0,0,0
난포,리뷰쏙쏙,12,2024.08.28,1,예약,원래는 웨이팅이 엄청 길다고 들었는데 운 좋게 웨이팅 없이 바로 들어갈 수 있었어요! 주문이 조금 밀려서 그런지 메뉴가 금방 나오지는 않았지만 메뉴가 전체적으로 너무 맛있었고 특히 제철회묵은지말이가 정말 맛있었어요 🥹 직원분들이 친절하시고 매장이 깔끔해서 더 좋았습니다 😍,원래는 웨이팅이 엄청 길다고 들었는데 운 좋게 웨이팅 없이 바로 들어갈 수 있었어요! 주문이 조금 밀려서 그런지 메뉴가 금방 나오지는 않았지만 메뉴가 전체적으로 너무 맛있었고 특히 제철회묵은지말이가 정말 맛있었어요 🥹 직원분들이 친절하시고 매장이 깔끔해서 더 좋았습니다 😍,True,normal,12,1번째 방문,True,,,1,원래는 웨이팅이 엄청 길다고 들었는데 운 좋게 웨이팅 없이 바로 들어갈 수 있었어요 주문이 조금 밀려서 그런지 메뉴가 금방 나오지는 않았지만 메뉴가 전체적으로 너무 맛있었고 특히 제철회묵은지말이가 정말 맛있었어요 직원분들이 친절하시고 매장이 깔끔해서 더 좋았습니다,152,147,0,0,1,1,6,1,1,0,0,0,0,0,2,1,2,0,1,0,0,0,1,0,0,0,0,1,0,1,0,0,0,0,0,1,1,0,0,0,0
난포,Sharonnn,184,2024.03.10,1,영수증,유명한 곳은 다 이유가 있네요 강된장쌈밥 문어국수 다 생소하면서 익숙한 느낌으로 맛있었어요 남여노소 불문하구 좋아할 맛이예요 매장에 흘러나오는 90년대 음악들이 어릴적 시골집에 있는 기분이 들게 해줘서 더욱 좋았습니다 웨이팅이 조금만 줄기를 바래봅니다 조만간 또 방문할게요,유명한 곳은 다 이유가 있네요 강된장쌈밥 문어국수 다 생소하면서 익숙한 느낌으로 맛있었어요 남여노소 불문하구 좋아할 맛이예요 매장에 흘러나오는 90년대 음악들이 어릴적 시골집에 있는 기분이 들게 해줘서 더욱 좋았습니다 웨이팅이 조금만 줄기를 바래봅니다 조만간 또 방문할게요,True,normal,184,1번째 방문,True,,,1,유명한 곳은 다 이유가 있네요 강된장쌈밥 문어국수 다 생소하면서 익숙한 느낌으로 맛있었어요 남여노소 불문하구 좋아할 맛이예요 매장에 흘러나오는 90년대 음악들이 어릴적 시골집에 있는 기분이 들게 해줘서 더욱 좋았습니다 웨이팅이 조금만 줄기를 바래봅니다 조만간 또 방문할게요,152,152,0,0,1,1,2,1,1,0,0,1,0,0,1,1,0,0,0,0,0,0,0,1,1,0,0,1,1,1,0,0,0,0,0,1,1,0,0,0,0
난포,heeeeesk,143,2024.09.17,1,영수증,아점으로 속편하게 먹을만한집을 찾다가 비주얼도 좋고 평도 좋아 방문했어요 줄서는집인줄은 가서 알았다눈^^ 양이 적긴하지만 간단하게 먹고 디저트먹으러 가기좋은 양인것같아요ㅎㅎㅎ 묵은지회초밥?이 진짜 기대안했는데 너무너무 맛있었어요 쌈밥이랑 들깨국수도 간이 쌔지않아 좋았어요!!,아점으로 속편하게 먹을만한집을 찾다가 비주얼도 좋고 평도 좋아 방문했어요 줄서는집인줄은 가서 알았다눈^^ 양이 적긴하지만 간단하게 먹고 디저트먹으러 가기좋은 양인것같아요ㅎㅎㅎ 묵은지회초밥?이 진짜 기대안했는데 너무너무 맛있었어요 쌈밥이랑 들깨국수도 간이 쌔지않아 좋았어요!!,True,normal,143,1번째 방문,True,,,1,아점으로 속편하게 먹을만한집을 찾다가 비주얼도 좋고 평도 좋아 방문했어요 줄서는집인줄은 가서 알았다눈 양이 적긴하지만 간단하게 먹고 디저트먹으러 가기좋은 양인것같아요 묵은지회초밥 이 진짜 기대안했는데 너무너무 맛있었어요 쌈밥이랑 들깨국수도 간이 쌔지않아 좋았어요,153,146,0,0,1,1,0,0,0,0,0,0,0,0,1,1,3,1,2,0,0,0,1,0,0,0,0,1,1,1,0,0,0,1,1,0,0,0,0,0,0
난포,BINOO,419,2024.04.19,1,영수증,금요일날 4시 40분쯤부터 웨이팅했더니 5시부터 바로 입장 가능했어요. 대표메뉴 3가지 주문했는데 양은 적지만 정갈하고 깔끔하니 맛있어요! 개인적으로 제철회묵은지말이&gt;강된장쌈밥&gt;새우감자전 순으로 맛있었습니다~ 가게는 반지하고 인테리어 독특하고 옛날 음악이 나와요.,금요일날 4시 40분쯤부터 웨이팅했더니 5시부터 바로 입장 가능했어요. 대표메뉴 3가지 주문했는데 양은 적지만 정갈하고 깔끔하니 맛있어요! 개인적으로 제철회묵은지말이&gt;강된장쌈밥&gt;새우감자전 순으로 맛있었습니다~ 가게는 반지하고 인테리어 독특하고 옛날 음악이 나와요.,True,normal,419,1번째 방문,True,,,1,금요일날 4시 40분쯤부터 웨이팅했더니 5시부터 바로 입장 가능했어요 대표메뉴 3가지 주문했는데 양은 적지만 정갈하고 깔끔하니 맛있어요 개인적으로 제철회묵은지말이 gt 강된장쌈밥 gt 새우감자전 순으로 맛있었습니다 가게는 반지하고 인테리어 독특하고 옛날 음악이 나와요,153,149,0,0,1,1,2,1,1,1,1,1,3,1,2,1,0,0,1,0,0,0,0,0,0,0,0,1,1,1,0,0,0,0,0,1,1,0,0,0,0
난포,suj****,3174,2026.04.18,2,예약,메뉴 하나하나 너무 깔끔💕 네이버 예약하고 방문해서 웨이팅 없이 바로 앉았어요😛 배부르게 먹는데 헤비하지 않아서 배도 가볍고 건강하게 먹은 느낌! 너무 맛있어서 다음번 성수갈때도 예약하고 또 방문하려구요💯 반찬으로 나오는 장아찌도 개운하고 너무 맛있어요! 강된장쌈밥 무조건‼️,메뉴 하나하나 너무 깔끔💕 네이버 예약하고 방문해서 웨이팅 없이 바로 앉았어요😛 배부르게 먹는데 헤비하지 않아서 배도 가볍고 건강하게 먹은 느낌! 너무 맛있어서 다음번 성수갈때도 예약하고 또 방문하려구요💯 반찬으로 나오는 장아찌도 개운하고 너무 맛있어요! 강된장쌈밥 무조건‼️,True,normal,3174,2번째 방문,True,,,1,메뉴 하나하나 너무 깔끔 네이버 예약하고 방문해서 웨이팅 없이 바로 앉았어요 배부르게 먹는데 헤비하지 않아서 배도 가볍고 건강하게 먹은 느낌 너무 맛있어서 다음번 성수갈때도 예약하고 또 방문하려구요 반찬으로 나오는 장아찌도 개운하고 너무 맛있어요 강된장쌈밥 무조건,154,147,0,0,1,1,1,1,0,0,0,0,0,0,2,1,3,1,2,0,0,0,0,1,1,0,0,1,1,0,1,0,0,0,0,1,1,0,0,0,0
난포,김농심,161,2025.09.28,1,영수증,간만에 재방문한 성수 오래된 맛집 난포를 남자친구와 방문했어요~! 1시정도에 방문해서 즐겼습니다~! 슴슴한맛이지민 자극적이지 않고 맛있게 잘즐겼습니다:)양은 가격대 비교적 적을 수 있지만 성수맛집을 즐기고 싶거나 좀 특별한 메뉴나 대접하고 싶다면 적합한 장소라 추천드립니다😋👍,간만에 재방문한 성수 오래된 맛집 난포를 남자친구와 방문했어요~! 1시정도에 방문해서 즐겼습니다~! 슴슴한맛이지민 자극적이지 않고 맛있게 잘즐겼습니다:)양은 가격대 비교적 적을 수 있지만 성수맛집을 즐기고 싶거나 좀 특별한 메뉴나 대접하고 싶다면 적합한 장소라 추천드립니다😋👍,True,normal,161,1번째 방문,True,,,1,간만에 재방문한 성수 오래된 맛집 난포를 남자친구와 방문했어요 1시정도에 방문해서 즐겼습니다 슴슴한맛이지민 자극적이지 않고 맛있게 잘즐겼습니다 양은 가격대 비교적 적을 수 있지만 성수맛집을 즐기고 싶거나 좀 특별한 메뉴나 대접하고 싶다면 적합한 장소라 추천드립니다,154,147,0,0,1,1,1,1,0,1,1,1,1,1,4,1,0,0,2,0,0,0,0,1,1,0,0,1,1,1,0,0,0,0,0,1,1,0,0,0,0
난포,수리수리마수리영역,1731,2025.02.11,1,영수증,평일 점심에 갔더니 한산해서 좋았어요 예전부터 너무 가보고 싶었던 곳인데 맛과 양을 생각하면 두번은 못 갈 듯 해요 ㅎㅎ 물론 맛은 나쁘지 않았지만 그렇게 특별하진 않았고 여자 둘이서 두개 먹어도 아주 배부른 느낌은 아니었어요. 직원분들 친절하시고 매장 분위기는 만족스러웠습니다,평일 점심에 갔더니 한산해서 좋았어요 예전부터 너무 가보고 싶었던 곳인데 맛과 양을 생각하면 두번은 못 갈 듯 해요 ㅎㅎ 물론 맛은 나쁘지 않았지만 그렇게 특별하진 않았고 여자 둘이서 두개 먹어도 아주 배부른 느낌은 아니었어요. 직원분들 친절하시고 매장 분위기는 만족스러웠습니다,True,normal,1731,1번째 방문,True,,,1,평일 점심에 갔더니 한산해서 좋았어요 예전부터 너무 가보고 싶었던 곳인데 맛과 양을 생각하면 두번은 못 갈 듯 해요 물론 맛은 나쁘지 않았지만 그렇게 특별하진 않았고 여자 둘이서 두개 먹어도 아주 배부른 느낌은 아니었어요 직원분들 친절하시고 매장 분위기는 만족스러웠습니다,155,151,0,0,1,1,4,1,1,2,1,0,0,0,0,0,1,0,0,0,0,0,0,0,0,0,0,1,1,1,0,0,0,0,0,1,1,0,0,0,0
난포,먹깨비eeee,70,2024.04.09,1,예약,엄마랑 예약하고 난포 이용했어요 현장에서 대기하시는 분들도 엄청 많더라구요 ㅎㅎ 기대했던만큼 맛있었고 좋았어요! 들어온 순서대로 주문 받는 방식도 너무 좋았구요 다만 테이블들이 다 너무 붙어있어서 (칸막이 되어있기는 한지만 그래도 다닥다닥 붙어있어서ㅠㅠ) 대화에 집중은 안되요…,엄마랑 예약하고 난포 이용했어요 현장에서 대기하시는 분들도 엄청 많더라구요 ㅎㅎ 기대했던만큼 맛있었고 좋았어요! 들어온 순서대로 주문 받는 방식도 너무 좋았구요 다만 테이블들이 다 너무 붙어있어서 (칸막이 되어있기는 한지만 그래도 다닥다닥 붙어있어서ㅠㅠ) 대화에 집중은 안되요…,True,normal,70,1번째 방문,True,,,1,엄마랑 예약하고 난포 이용했어요 현장에서 대기하시는 분들도 엄청 많더라구요 기대했던만큼 맛있었고 좋았어요 들어온 순서대로 주문 받는 방식도 너무 좋았구요 다만 테이블들이 다 너무 붙어있어서 칸막이 되어있기는 한지만 그래도 다닥다닥 붙어있어서 대화에 집중은 안되요,155,146,0,0,1,1,2,1,1,0,0,0,0,0,1,1,3,1,1,0,0,0,1,0,0,0,0,1,1,1,0,0,0,0,0,1,1,0,0,0,0
난포,스밍쓰,2188,2025.02.18,1,영수증,"성수 맛집으로 유명하길래 방문해봤어요!🥢 전체적으로 담백한 맛이라, 자극적인 맛 좋아하시는 분들은 아쉬울꺼예요. 전 강된장 쌈밥이 너무 맛있었고🤤 다만 새우감자전은 너무 차갑고 딱딱하고.. 전 요리를 먹는 듯한 느낌이 안들더라구요.. 🙂‍↔️ 딱 한 번 방문해보기 좋은 곳 같아요!","성수 맛집으로 유명하길래 방문해봤어요!🥢 전체적으로 담백한 맛이라, 자극적인 맛 좋아하시는 분들은 아쉬울꺼예요. 전 강된장 쌈밥이 너무 맛있었고🤤 다만 새우감자전은 너무 차갑고 딱딱하고.. 전 요리를 먹는 듯한 느낌이 안들더라구요.. 🙂‍↔️ 딱 한 번 방문해보기 좋은 곳 같아요!",True,normal,2188,1번째 방문,True,,,1,성수 맛집으로 유명하길래 방문해봤어요 전체적으로 담백한 맛이라 자극적인 맛 좋아하시는 분들은 아쉬울꺼예요 전 강된장 쌈밥이 너무 맛있었고 다만 새우감자전은 너무 차갑고 딱딱하고 전 요리를 먹는 듯한 느낌이 안들더라구요 딱 한 번 방문해보기 좋은 곳 같아요,157,142,0,0,1,1,0,0,0,0,0,0,0,0,2,1,2,0,2,0,0,0,1,0,0,0,0,1,1,1,0,0,0,1,1,0,0,0,0,0,0
난포,cch****,23,2025.02.26,1,영수증,쌈밤에 밥은 찰지고 맛있었는데 육회에 있는 밥은 딱딱한 밥이였어요 문 앞자리에 앉았는데 아니나다를까 춥더라구요 직원들도 그리 친절한 편은 아니고요 그점이 아쉬웠어요 밥은 딱히 특별할건 없어요 양은 생각보다 많이 적어요 재방문 의사 0입니다. 주문이 거의 해외급이에요 눈마주쳐야 주문해줌,쌈밤에 밥은 찰지고 맛있었는데 육회에 있는 밥은 딱딱한 밥이였어요 문 앞자리에 앉았는데 아니나다를까 춥더라구요 직원들도 그리 친절한 편은 아니고요 그점이 아쉬웠어요 밥은 딱히 특별할건 없어요 양은 생각보다 많이 적어요 재방문 의사 0입니다. 주문이 거의 해외급이에요 눈마주쳐야 주문해줌,True,normal,23,1번째 방문,True,,,1,쌈밤에 밥은 찰지고 맛있었는데 육회에 있는 밥은 딱딱한 밥이였어요 문 앞자리에 앉았는데 아니나다를까 춥더라구요 직원들도 그리 친절한 편은 아니고요 그점이 아쉬웠어요 밥은 딱히 특별할건 없어요 양은 생각보다 많이 적어요 재방문 의사 0입니다 주문이 거의 해외급이에요 눈마주쳐야 주문해줌,159,158,0,0,1,1,5,1,1,0,0,1,0,0,1,1,0,0,0,0,0,0,0,1,1,0,0,1,0,1,0,0,0,0,0,1,1,0,0,0,0
난포,ryu****,9,2026.04.01,1,예약,네이버보고 예약후방문 오픈 4분전 들어가서 앉아있다 쫒겨났어요!!! 11시오픈에들어와야햐다면서 다시나갔다오라고해서 무안도하고 짜증도나고 밖애 다기실도없고 다른곳가려다 시간상 일단다시들어가서 먹긴했네요 직원들몇몇 우르르들어오면서 다시 나가야한다고 어떤 남자분 너무 화냐듯얘기해서 다신 안가요,네이버보고 예약후방문 오픈 4분전 들어가서 앉아있다 쫒겨났어요!!! 11시오픈에들어와야햐다면서 다시나갔다오라고해서 무안도하고 짜증도나고 밖애 다기실도없고 다른곳가려다 시간상 일단다시들어가서 먹긴했네요 직원들몇몇 우르르들어오면서 다시 나가야한다고 어떤 남자분 너무 화냐듯얘기해서 다신 안가요,True,normal,9,1번째 방문,True,,,1,네이버보고 예약후방문 오픈 4분전 들어가서 앉아있다 쫒겨났어요 11시오픈에들어와야햐다면서 다시나갔다오라고해서 무안도하고 짜증도나고 밖애 다기실도없고 다른곳가려다 시간상 일단다시들어가서 먹긴했네요 직원들몇몇 우르르들어오면서 다시 나가야한다고 어떤 남자분 너무 화냐듯얘기해서 다신 안가요,161,158,0,0,1,1,1,1,0,0,0,1,2,1,0,0,1,0,3,1,0,0,0,0,0,0,0,0,0,1,0,0,0,0,0,1,1,0,0,0,0
난포,veng,17,2025.09.26,2,예약,"전반적으로 맛이 좋아서 만족합니다 다만 쌈밥은 안에 고기가 거의 없고 심심하다할까요 묵은지회롤도 밥안에 어떤 소스라도 아님 찍어먹는 소스라도 있으면 어떨까하는 생각이 드네요 심심한 매력도 있지만요, 저희 동료들은 문어간장국수와 새우감자전을 모두 최애로 골랐어요 이두가지가 저도 제일 맛있읍니다","전반적으로 맛이 좋아서 만족합니다 다만 쌈밥은 안에 고기가 거의 없고 심심하다할까요 묵은지회롤도 밥안에 어떤 소스라도 아님 찍어먹는 소스라도 있으면 어떨까하는 생각이 드네요 심심한 매력도 있지만요, 저희 동료들은 문어간장국수와 새우감자전을 모두 최애로 골랐어요 이두가지가 저도 제일 맛있읍니다",True,normal,17,2번째 방문,True,,,1,전반적으로 맛이 좋아서 만족합니다 다만 쌈밥은 안에 고기가 거의 없고 심심하다할까요 묵은지회롤도 밥안에 어떤 소스라도 아님 찍어먹는 소스라도 있으면 어떨까하는 생각이 드네요 심심한 매력도 있지만요 저희 동료들은 문어간장국수와 새우감자전을 모두 최애로 골랐어요 이두가지가 저도 제일 맛있읍니다,163,162,0,0,1,1,0,0,0,0,0,0,0,0,1,1,0,0,0,0,0,0,1,0,0,0,0,1,0,0,1,0,0,1,1,0,0,0,0,0,0
난포,달보리,743,2025.05.02,1,영수증,궁금했던 난포. 드디어 가봤네요. 여러가지 먹어보고 싶었지만 돌문어간장국수랑 한우불고기쌈밥 먹었습니다. 돌문어간장국수 면발이랑 간장소스와 야채의 조화 모든것이 너무 맛있네요. 이거 또 먹고싶어서 다시 방문하고 싶습니다. 불고기쌈밥은 배신할수 없는 맛이죠. 역시 밥이 들어가니 너무 기분 좋았네요.,궁금했던 난포. 드디어 가봤네요. 여러가지 먹어보고 싶었지만 돌문어간장국수랑 한우불고기쌈밥 먹었습니다. 돌문어간장국수 면발이랑 간장소스와 야채의 조화 모든것이 너무 맛있네요. 이거 또 먹고싶어서 다시 방문하고 싶습니다. 불고기쌈밥은 배신할수 없는 맛이죠. 역시 밥이 들어가니 너무 기분 좋았네요.,True,normal,743,1번째 방문,True,,,1,궁금했던 난포 드디어 가봤네요 여러가지 먹어보고 싶었지만 돌문어간장국수랑 한우불고기쌈밥 먹었습니다 돌문어간장국수 면발이랑 간장소스와 야채의 조화 모든것이 너무 맛있네요 이거 또 먹고싶어서 다시 방문하고 싶습니다 불고기쌈밥은 배신할수 없는 맛이죠 역시 밥이 들어가니 너무 기분 좋았네요,165,158,0,0,1,1,0,0,0,0,0,0,0,0,1,1,2,0,0,0,0,0,0,0,0,0,0,1,1,1,0,0,0,1,1,0,0,0,0,0,0
난포,Bon Appetit,195,2025.12.31,1,예약,"너무추운 영하 10도의 날 예약 11시전 10시 59분에 입장 저지당함. 그 순간부터 여기는 다시는 올 곳이 아니군 생각만이 가득했고, 결국 덜덜 떨며 정확히 1분 30초 후에 입장했는데 음식이 다 식어버릴정도로 매장이 추움. 맛? 아무맛도안남 음식이 한겨울날 빙수먹는 느낌인데 뭔 맛이 느껴지겠음","너무추운 영하 10도의 날 예약 11시전 10시 59분에 입장 저지당함. 그 순간부터 여기는 다시는 올 곳이 아니군 생각만이 가득했고, 결국 덜덜 떨며 정확히 1분 30초 후에 입장했는데 음식이 다 식어버릴정도로 매장이 추움. 맛? 아무맛도안남 음식이 한겨울날 빙수먹는 느낌인데 뭔 맛이 느껴지겠음",True,normal,195,1번째 방문,True,,,1,너무추운 영하 10도의 날 예약 11시전 10시 59분에 입장 저지당함 그 순간부터 여기는 다시는 올 곳이 아니군 생각만이 가득했고 결국 덜덜 떨며 정확히 1분 30초 후에 입장했는데 음식이 다 식어버릴정도로 매장이 추움 맛 아무맛도안남 음식이 한겨울날 빙수먹는 느낌인데 뭔 맛이 느껴지겠음,166,162,0,0,1,1,1,1,0,1,1,1,4,1,0,0,1,0,0,0,0,0,0,0,0,0,0,1,1,1,0,0,0,0,0,1,1,0,0,0,0
난포,hye****,23,2025.02.11,1,예약,진마 미친놈이에요 음식이 다 담백하고 맛있음 간이 엄청 쎈 건 아니지만 그래서 더 좋음 묵은지가 짭잘해사 심심하다는 느낌이 안듦 그리고 강된장 쌈밥 진짜 꼭 먹어야함 담백한데 또 된장이 있어서 하나도 안 심심해요 다음에도 진짜 꼭 갈듯 ㅜ 아 그리고 새우전 꼭 시켜야함.. 빠삭빠삭하고 아주 맛있음,진마 미친놈이에요 음식이 다 담백하고 맛있음 간이 엄청 쎈 건 아니지만 그래서 더 좋음 묵은지가 짭잘해사 심심하다는 느낌이 안듦 그리고 강된장 쌈밥 진짜 꼭 먹어야함 담백한데 또 된장이 있어서 하나도 안 심심해요 다음에도 진짜 꼭 갈듯 ㅜ 아 그리고 새우전 꼭 시켜야함.. 빠삭빠삭하고 아주 맛있음,True,normal,23,1번째 방문,True,,,1,진마 미친놈이에요 음식이 다 담백하고 맛있음 간이 엄청 쎈 건 아니지만 그래서 더 좋음 묵은지가 짭잘해사 심심하다는 느낌이 안듦 그리고 강된장 쌈밥 진짜 꼭 먹어야함 담백한데 또 된장이 있어서 하나도 안 심심해요 다음에도 진짜 꼭 갈듯 아 그리고 새우전 꼭 시켜야함 빠삭빠삭하고 아주 맛있음,166,162,0,0,1,1,0,0,0,0,0,0,0,0,2,1,3,1,0,0,0,0,1,0,0,0,0,1,0,1,0,0,0,1,1,0,0,0,0,0,0
난포,wls1335,257,2024.03.16,1,영수증,"두 명이서 주말에 2시간 10분 대기하고 5시 쯤 메뉴 3개 먹었습니다 건강한 한식 좋아하는 분들은 무난하게 드실 맛입니다 직원 부르기가 힘들고 불친절하다, 양이 적고 비싸다, 간이 싱겁다, 음식이 차갑다, 매장이 춥다는 리뷰 평들이 많았는데 왜 그런지는 이해가 갔습니다 재방문은 안할 듯 싶습니다","두 명이서 주말에 2시간 10분 대기하고 5시 쯤 메뉴 3개 먹었습니다 건강한 한식 좋아하는 분들은 무난하게 드실 맛입니다 직원 부르기가 힘들고 불친절하다, 양이 적고 비싸다, 간이 싱겁다, 음식이 차갑다, 매장이 춥다는 리뷰 평들이 많았는데 왜 그런지는 이해가 갔습니다 재방문은 안할 듯 싶습니다",True,normal,257,1번째 방문,True,,,1,두 명이서 주말에 2시간 10분 대기하고 5시 쯤 메뉴 3개 먹었습니다 건강한 한식 좋아하는 분들은 무난하게 드실 맛입니다 직원 부르기가 힘들고 불친절하다 양이 적고 비싸다 간이 싱겁다 음식이 차갑다 매장이 춥다는 리뷰 평들이 많았는데 왜 그런지는 이해가 갔습니다 재방문은 안할 듯 싶습니다,166,162,0,0,1,1,5,1,1,1,1,1,3,1,0,0,0,0,0,0,0,0,1,1,1,0,0,1,1,1,0,0,0,0,0,1,1,0,0,0,0
난포,Bum3505,933,2025.01.17,6,영수증,금요일이지만 평일 저녁이니 웨이팅 시도해봤는데 대기 6팀이라 기다릴만 하다고 판단했는데 생각보다 시간이 오래걸려 약 40분 기다린 듯... 대표메뉴인 강된장 쌈밥은 기본으로 주문 그리고 익숙한 전복들깨국수와 제철회국수는 역시나 굿 초이스! 강된장쌈밥의 크기가 작아진 것 같단 느낌은 나만의 느낌일까?,금요일이지만 평일 저녁이니 웨이팅 시도해봤는데 대기 6팀이라 기다릴만 하다고 판단했는데 생각보다 시간이 오래걸려 약 40분 기다린 듯... 대표메뉴인 강된장 쌈밥은 기본으로 주문 그리고 익숙한 전복들깨국수와 제철회국수는 역시나 굿 초이스! 강된장쌈밥의 크기가 작아진 것 같단 느낌은 나만의 느낌일까?,True,normal,933,6번째 방문,True,,,1,금요일이지만 평일 저녁이니 웨이팅 시도해봤는데 대기 6팀이라 기다릴만 하다고 판단했는데 생각보다 시간이 오래걸려 약 40분 기다린 듯 대표메뉴인 강된장 쌈밥은 기본으로 주문 그리고 익숙한 전복들깨국수와 제철회국수는 역시나 굿 초이스 강된장쌈밥의 크기가 작아진 것 같단 느낌은 나만의 느낌일까,167,162,0,0,1,1,3,1,1,3,1,1,1,1,0,0,0,0,1,0,0,0,0,0,0,0,0,1,1,0,1,0,0,0,0,1,1,0,0,0,0
난포,KYJ4383,98,2024.03.28,1,영수증,제철회묵은지말이/새우감자전/강된장쌈밥/제철회국수 먹었습니다. 음식이 대체로 정갈하고 깔끔합니다. 맛도 괜찮구요~ 오랜만에 건강식 먹은 느낌이에요. 곁들임으로 나오는 고추와 우엉도 맛있습니다. 캐치테이블로 원격줄서기 후 방문하면 대기시간을 줄일 수 있을 것 같아요. 직원분들도 친절하시고 매장도 깔끔합니다.,제철회묵은지말이/새우감자전/강된장쌈밥/제철회국수 먹었습니다. 음식이 대체로 정갈하고 깔끔합니다. 맛도 괜찮구요~ 오랜만에 건강식 먹은 느낌이에요. 곁들임으로 나오는 고추와 우엉도 맛있습니다. 캐치테이블로 원격줄서기 후 방문하면 대기시간을 줄일 수 있을 것 같아요. 직원분들도 친절하시고 매장도 깔끔합니다.,True,normal,98,1번째 방문,True,,,1,제철회묵은지말이 새우감자전 강된장쌈밥 제철회국수 먹었습니다 음식이 대체로 정갈하고 깔끔합니다 맛도 괜찮구요 오랜만에 건강식 먹은 느낌이에요 곁들임으로 나오는 고추와 우엉도 맛있습니다 캐치테이블로 원격줄서기 후 방문하면 대기시간을 줄일 수 있을 것 같아요 직원분들도 친절하시고 매장도 깔끔합니다,170,163,0,0,1,1,4,1,1,0,0,0,0,0,1,1,0,0,0,0,0,0,0,0,0,0,0,1,1,1,0,0,0,0,0,1,1,0,0,0,0
난포,용사마사마,1209,2025.06.06,1,영수증,방문해서 케치테이블로 예약하고 입장하였어요 5명이라 2명보다는 대기시간이 길었어요! 다행히 다른곳으로 갈까 하고 이동하는 사이에 마침 입장하라고 알람이 와서 드디어 찜해두었던 곳을 가게되었네요! 배는 부르지 않지만 귀한 음식 맛있게 먹고 간 느낌이랄까? 좋았습니다 아이들과 와서 후딱 먹고 나왔습니다 ^^*,방문해서 케치테이블로 예약하고 입장하였어요 5명이라 2명보다는 대기시간이 길었어요! 다행히 다른곳으로 갈까 하고 이동하는 사이에 마침 입장하라고 알람이 와서 드디어 찜해두었던 곳을 가게되었네요! 배는 부르지 않지만 귀한 음식 맛있게 먹고 간 느낌이랄까? 좋았습니다 아이들과 와서 후딱 먹고 나왔습니다 ^^*,True,normal,1209,1번째 방문,True,,,1,방문해서 케치테이블로 예약하고 입장하였어요 5명이라 2명보다는 대기시간이 길었어요 다행히 다른곳으로 갈까 하고 이동하는 사이에 마침 입장하라고 알람이 와서 드디어 찜해두었던 곳을 가게되었네요 배는 부르지 않지만 귀한 음식 맛있게 먹고 간 느낌이랄까 좋았습니다 아이들과 와서 후딱 먹고 나왔습니다,171,164,0,0,1,1,1,1,0,0,0,1,2,1,1,1,0,0,2,0,0,0,1,0,0,0,0,1,1,1,0,0,0,0,0,1,1,0,0,0,0
난포,꿍프린,86,2024.10.31,1,영수증,꾸준히 인기가 있는곳 같아서 방문했는데 기대를 너무 하고 간건지 기대에 미치진 못했네욤..! 우선 양이 적은 느낌을 받았구.. 기본적인 간이 안되있는것처럼 느껴져서 슴슴한게 아니라 제입엔 그냥 밋밋했습니당..특별한 메뉴를 먹을수있는건 좋았어요. 밑반찬으로 나오는 초석잠을 오랜만에 먹었는데 깔끔해서 좋았어요,꾸준히 인기가 있는곳 같아서 방문했는데 기대를 너무 하고 간건지 기대에 미치진 못했네욤..! 우선 양이 적은 느낌을 받았구.. 기본적인 간이 안되있는것처럼 느껴져서 슴슴한게 아니라 제입엔 그냥 밋밋했습니당..특별한 메뉴를 먹을수있는건 좋았어요. 밑반찬으로 나오는 초석잠을 오랜만에 먹었는데 깔끔해서 좋았어요,True,normal,86,1번째 방문,True,,,1,꾸준히 인기가 있는곳 같아서 방문했는데 기대를 너무 하고 간건지 기대에 미치진 못했네욤 우선 양이 적은 느낌을 받았구 기본적인 간이 안되있는것처럼 느껴져서 슴슴한게 아니라 제입엔 그냥 밋밋했습니당 특별한 메뉴를 먹을수있는건 좋았어요 밑반찬으로 나오는 초석잠을 오랜만에 먹었는데 깔끔해서 좋았어요,171,164,0,0,1,1,0,0,0,0,0,0,0,0,0,0,1,0,1,0,0,0,0,0,0,0,0,1,1,1,0,0,0,0,0,0,0,0,0,0,0
난포,레이나리제이,373,2025.06.07,1,영수증,"주말 오픈 10분전에 도착해서 오픈런 성공했어요! 웨이팅은 캐치테이블 원격가능합니다 유명한 곳이라 오기전부터 메뉴를 정해놓고 방문했습니다! 치즈 감자전은 치즈양이 너무 많아서 좀 짠편인대 제철회 묵은지말이, 강된장쌈밥은 슴슴하고 단백한 맛이에요 속이 더부룩 하지 않고 나름 건강식인거 같아 잘 먹고 갑니다:)","주말 오픈 10분전에 도착해서 오픈런 성공했어요! 웨이팅은 캐치테이블 원격가능합니다 유명한 곳이라 오기전부터 메뉴를 정해놓고 방문했습니다! 치즈 감자전은 치즈양이 너무 많아서 좀 짠편인대 제철회 묵은지말이, 강된장쌈밥은 슴슴하고 단백한 맛이에요 속이 더부룩 하지 않고 나름 건강식인거 같아 잘 먹고 갑니다:)",True,normal,373,1번째 방문,True,,,1,주말 오픈 10분전에 도착해서 오픈런 성공했어요 웨이팅은 캐치테이블 원격가능합니다 유명한 곳이라 오기전부터 메뉴를 정해놓고 방문했습니다 치즈 감자전은 치즈양이 너무 많아서 좀 짠편인대 제철회 묵은지말이 강된장쌈밥은 슴슴하고 단백한 맛이에요 속이 더부룩 하지 않고 나름 건강식인거 같아 잘 먹고 갑니다,172,167,0,0,1,1,1,1,0,1,1,1,1,1,0,0,1,0,2,0,0,0,0,0,0,0,0,1,1,1,0,0,0,0,0,1,1,0,0,0,0
난포,됴구링,190,2025.04.20,1,영수증,정말 추천하고 싶은 집이고 웨이팅을 해도 먹어야하는 집인것 같다!! 한식으로 이렇게 데이트 코스로 먹을 수 있는 점이 또 좋았다 맛도 신선도도 너무 좋고 내 원픽은 돌문어 간장국수다 여름철 입맛이 없을때 딱 이 국수 하나 먹으면 입맛이 다 돌아올것같은 느낌!! 다른 음식도 조합이 너무나 좋았습니다🫶🏻✨👍🏻✨,정말 추천하고 싶은 집이고 웨이팅을 해도 먹어야하는 집인것 같다!! 한식으로 이렇게 데이트 코스로 먹을 수 있는 점이 또 좋았다 맛도 신선도도 너무 좋고 내 원픽은 돌문어 간장국수다 여름철 입맛이 없을때 딱 이 국수 하나 먹으면 입맛이 다 돌아올것같은 느낌!! 다른 음식도 조합이 너무나 좋았습니다🫶🏻✨👍🏻✨,True,normal,190,1번째 방문,True,,,1,정말 추천하고 싶은 집이고 웨이팅을 해도 먹어야하는 집인것 같다 한식으로 이렇게 데이트 코스로 먹을 수 있는 점이 또 좋았다 맛도 신선도도 너무 좋고 내 원픽은 돌문어 간장국수다 여름철 입맛이 없을때 딱 이 국수 하나 먹으면 입맛이 다 돌아올것같은 느낌 다른 음식도 조합이 너무나 좋았습니다,172,162,0,0,1,1,1,1,0,2,1,0,0,0,1,1,2,0,4,1,0,0,0,0,0,0,0,1,1,1,0,0,0,0,0,1,1,0,0,0,0
난포,헤비이터사무엘,446,2024.10.14,1,영수증,"정갈하지만 특색있는 한식을 맛볼 수 있는 난포예요! 월요일 저녁 8시에 방문해 웨이팅 없이 입장했어요 돌문어간장국수와 강된장쌈밥을 먹었어요😊 오이, 쑥갓, 취나물, 당귀가 들어간 돌문어간장국수는 정말 향긋했고 문어도 넉넉했어요! 강된장쌈밥은 들기름과 강된장의 조화가 좋았어요😋 유명한데는 역시 이유가 있네요!","정갈하지만 특색있는 한식을 맛볼 수 있는 난포예요! 월요일 저녁 8시에 방문해 웨이팅 없이 입장했어요 돌문어간장국수와 강된장쌈밥을 먹었어요😊 오이, 쑥갓, 취나물, 당귀가 들어간 돌문어간장국수는 정말 향긋했고 문어도 넉넉했어요! 강된장쌈밥은 들기름과 강된장의 조화가 좋았어요😋 유명한데는 역시 이유가 있네요!",True,normal,446,1번째 방문,True,,,1,정갈하지만 특색있는 한식을 맛볼 수 있는 난포예요 월요일 저녁 8시에 방문해 웨이팅 없이 입장했어요 돌문어간장국수와 강된장쌈밥을 먹었어요 오이 쑥갓 취나물 당귀가 들어간 돌문어간장국수는 정말 향긋했고 문어도 넉넉했어요 강된장쌈밥은 들기름과 강된장의 조화가 좋았어요 유명한데는 역시 이유가 있네요,172,164,0,0,1,1,1,1,0,2,1,1,1,1,0,0,0,0,3,1,0,0,1,0,0,0,0,1,1,1,0,0,0,0,0,1,1,0,0,0,0
난포,jiniijin,73,2024.01.15,1,영수증,"월요일 저녁 늦게 갔는데 웨이팅 없이 바로 입장했어요 제철회묵은지말이 / 전복들깨국수 먹었는데 둘 다 너무너무너무너무 맛있었어요ㅠㅠ 묵은지말이 짭짤하고 들깨국수는 고소해서 조합도 좋았어요 반찬으로 주신 마늘쫑이랑.. 무슨 나물절임?도 넘 맛있어서 다 먹었어요! 담에 무조건 또 올거에요, 완전완전 추천!!!!","월요일 저녁 늦게 갔는데 웨이팅 없이 바로 입장했어요 제철회묵은지말이 / 전복들깨국수 먹었는데 둘 다 너무너무너무너무 맛있었어요ㅠㅠ 묵은지말이 짭짤하고 들깨국수는 고소해서 조합도 좋았어요 반찬으로 주신 마늘쫑이랑.. 무슨 나물절임?도 넘 맛있어서 다 먹었어요! 담에 무조건 또 올거에요, 완전완전 추천!!!!",True,normal,73,1번째 방문,True,,,1,월요일 저녁 늦게 갔는데 웨이팅 없이 바로 입장했어요 제철회묵은지말이 전복들깨국수 먹었는데 둘 다 너무너무너무너무 맛있었어요 묵은지말이 짭짤하고 들깨국수는 고소해서 조합도 좋았어요 반찬으로 주신 마늘쫑이랑 무슨 나물절임 도 넘 맛있어서 다 먹었어요 담에 무조건 또 올거에요 완전완전 추천,172,160,0,0,1,1,1,1,0,2,1,0,0,0,4,1,6,1,5,1,0,0,0,0,0,0,0,1,1,1,0,0,0,0,0,1,1,0,0,0,0
난포,kimtiger0429,247,2024.07.13,1,영수증,밖에 나오면 한식 잘 안 먹는데 여기 너무 맛있어요.. 간이 딱 맞고 참기름을 너무 잘 씁니다! 웨이팅이 지옥이긴한데 캐치테이블로 미리 잡으세요.. 그리고 5팀 남았다고 알림 와서 갔지만 앞에서 30분 더 기다렸어요. 근데 기다렸지만 아깝지 않은 맛이었습니다!!!!!! 간장국수랑 감자전 먹으러 또 가고싶어요!,밖에 나오면 한식 잘 안 먹는데 여기 너무 맛있어요.. 간이 딱 맞고 참기름을 너무 잘 씁니다! 웨이팅이 지옥이긴한데 캐치테이블로 미리 잡으세요.. 그리고 5팀 남았다고 알림 와서 갔지만 앞에서 30분 더 기다렸어요. 근데 기다렸지만 아깝지 않은 맛이었습니다!!!!!! 간장국수랑 감자전 먹으러 또 가고싶어요!,True,normal,247,1번째 방문,True,,,1,밖에 나오면 한식 잘 안 먹는데 여기 너무 맛있어요 간이 딱 맞고 참기름을 너무 잘 씁니다 웨이팅이 지옥이긴한데 캐치테이블로 미리 잡으세요 그리고 5팀 남았다고 알림 와서 갔지만 앞에서 30분 더 기다렸어요 근데 기다렸지만 아깝지 않은 맛이었습니다 간장국수랑 감자전 먹으러 또 가고싶어요,173,160,0,0,1,1,1,1,0,0,0,1,1,1,1,1,2,0,8,1,0,0,1,0,0,0,0,1,1,1,0,0,0,0,0,1,1,0,0,0,0
난포,jen****,13,2026.04.05,1,영수증,쌈밥에 육전까지 더해져서 한 끼가 정말 푸짐했어요. 신선한 쌈채소와 고소한 육전의 조합이 생각보다 훨씬 잘 어울립니다. 반찬들도 깔끔하고 전체적으로 집밥 느낌이 나서 만족스러웠어요. 든든하면서도 부담 없이 즐길 수 있는 맛이라 또 방문하고 싶어요. 직원분들도 친절하셔서 기분좋게 식사했습니다. 재방문 의사 200%!,쌈밥에 육전까지 더해져서 한 끼가 정말 푸짐했어요. 신선한 쌈채소와 고소한 육전의 조합이 생각보다 훨씬 잘 어울립니다. 반찬들도 깔끔하고 전체적으로 집밥 느낌이 나서 만족스러웠어요. 든든하면서도 부담 없이 즐길 수 있는 맛이라 또 방문하고 싶어요. 직원분들도 친절하셔서 기분좋게 식사했습니다. 재방문 의사 200%!,True,normal,13,1번째 방문,True,,,1,쌈밥에 육전까지 더해져서 한 끼가 정말 푸짐했어요 신선한 쌈채소와 고소한 육전의 조합이 생각보다 훨씬 잘 어울립니다 반찬들도 깔끔하고 전체적으로 집밥 느낌이 나서 만족스러웠어요 든든하면서도 부담 없이 즐길 수 있는 맛이라 또 방문하고 싶어요 직원분들도 친절하셔서 기분좋게 식사했습니다 재방문 의사 200,176,169,0,0,1,1,2,1,1,0,0,1,0,0,0,0,0,0,1,0,0,0,1,2,1,0,0,1,0,1,0,0,0,0,0,1,1,0,0,0,0
난포,맹구와코코,463,2025.07.02,1,영수증,서울숲역 한식 맛쥡. 한식이 땡겨서 서울숲역쪽에서 찾다가 들어갔어요. 점심 시간이라 손님들도 바글바글 ! 고민하다가 전복들깨국수랑 강된장쌈밥을 시켰습니다 ㅎㅎ 2가지 메뉴 다 간이 쎄지 않으면서 감칠맛이 터지는게 ~ 와… 인기 있는 이유가 있구나 생각했습니다 ㅎㅎ 다음에도 방문할 생각이 있을 정도로 좋았습니다 ㅎㅎ,서울숲역 한식 맛쥡. 한식이 땡겨서 서울숲역쪽에서 찾다가 들어갔어요. 점심 시간이라 손님들도 바글바글 ! 고민하다가 전복들깨국수랑 강된장쌈밥을 시켰습니다 ㅎㅎ 2가지 메뉴 다 간이 쎄지 않으면서 감칠맛이 터지는게 ~ 와… 인기 있는 이유가 있구나 생각했습니다 ㅎㅎ 다음에도 방문할 생각이 있을 정도로 좋았습니다 ㅎㅎ,True,normal,463,1번째 방문,True,,,1,서울숲역 한식 맛쥡 한식이 땡겨서 서울숲역쪽에서 찾다가 들어갔어요 점심 시간이라 손님들도 바글바글 고민하다가 전복들깨국수랑 강된장쌈밥을 시켰습니다 2가지 메뉴 다 간이 쎄지 않으면서 감칠맛이 터지는게 와 인기 있는 이유가 있구나 생각했습니다 다음에도 방문할 생각이 있을 정도로 좋았습니다,176,160,0,0,1,1,0,0,0,1,1,1,0,0,0,0,0,0,1,0,0,0,0,0,0,0,0,1,1,1,0,0,0,0,0,1,1,0,0,0,0
난포,츄파춥스90,148,2025.05.13,1,영수증,퓨전한식같은… 주문한 메뉴 다 맛있게 먹었어요 다른 메뉴도 맛보고 싶었네요.. 처음 방문이라 양을 가늠못해 인당 한메뉴만 주문했는데… 먹다보니 부족해서 더 시켜먹고싶어지민 추가 주문하기엔 기다리는 시간이 음 ….. 서울숲 다른 곳 구경도 하려면 일어서야 할 시간 부족한 위는 다른곳 디저트들로 채우기로하고 나왔네요~,퓨전한식같은… 주문한 메뉴 다 맛있게 먹었어요 다른 메뉴도 맛보고 싶었네요.. 처음 방문이라 양을 가늠못해 인당 한메뉴만 주문했는데… 먹다보니 부족해서 더 시켜먹고싶어지민 추가 주문하기엔 기다리는 시간이 음 ….. 서울숲 다른 곳 구경도 하려면 일어서야 할 시간 부족한 위는 다른곳 디저트들로 채우기로하고 나왔네요~,True,normal,148,1번째 방문,True,,,1,퓨전한식같은 주문한 메뉴 다 맛있게 먹었어요 다른 메뉴도 맛보고 싶었네요 처음 방문이라 양을 가늠못해 인당 한메뉴만 주문했는데 먹다보니 부족해서 더 시켜먹고싶어지민 추가 주문하기엔 기다리는 시간이 음 서울숲 다른 곳 구경도 하려면 일어서야 할 시간 부족한 위는 다른곳 디저트들로 채우기로하고 나왔네요,176,167,0,0,1,1,3,1,1,0,0,0,0,0,1,1,0,0,0,0,0,0,0,0,0,0,0,1,1,1,0,0,0,0,0,1,1,0,0,0,0
난포,jinnnnnnnnnnnni,82,2024.09.25,1,예약,친구가 예전에 제철회묵은지말이를 먹어보고 너무 맛있었다고 해서 다시 갔어요 강된장쌈밥도 맛있을 것 같아서 주문하고 제철회묵은지 말이는 두개 시켜서 각각 먹었는데 한가지 아쉬움이 있다면 다른 메뉴도 맛있어 보이던데 너무 밥만 시켰더라구요 하지만 너무 맛있어서 남김없이 먹었다는 사실!!! 재방문 의사 당연히 있습니다 💜,친구가 예전에 제철회묵은지말이를 먹어보고 너무 맛있었다고 해서 다시 갔어요 강된장쌈밥도 맛있을 것 같아서 주문하고 제철회묵은지 말이는 두개 시켜서 각각 먹었는데 한가지 아쉬움이 있다면 다른 메뉴도 맛있어 보이던데 너무 밥만 시켰더라구요 하지만 너무 맛있어서 남김없이 먹었다는 사실!!! 재방문 의사 당연히 있습니다 💜,True,normal,82,1번째 방문,True,,,1,친구가 예전에 제철회묵은지말이를 먹어보고 너무 맛있었다고 해서 다시 갔어요 강된장쌈밥도 맛있을 것 같아서 주문하고 제철회묵은지 말이는 두개 시켜서 각각 먹었는데 한가지 아쉬움이 있다면 다른 메뉴도 맛있어 보이던데 너무 밥만 시켰더라구요 하지만 너무 맛있어서 남김없이 먹었다는 사실 재방문 의사 당연히 있습니다,177,172,0,0,1,1,1,1,0,1,1,0,0,0,4,1,3,1,3,1,0,0,1,1,1,0,0,1,1,1,0,0,0,0,0,1,1,0,0,0,0
난포,KUMASSFW,766,2026.05.02,1,영수증,"★★★★⭐︎ 건물 외•내부 인테리어도 예쁘고, 흘러나오는 노래가 살짝 레트로 풍인데 좋았네요. 시원한 보리차도 세팅되있어서 마시면서 주문한 메뉴들을 기다리니, 퓨전 한식 느낌의 정갈한 주문한 메뉴들이 나오는데 모두 깔끔하고 자극적이지 않아서 좋았습니다. 식전에 메뉴 먹는법도 설명해 주시고 직원분도 친절하십니다. 🍽️✨","★★★★⭐︎ 건물 외•내부 인테리어도 예쁘고, 흘러나오는 노래가 살짝 레트로 풍인데 좋았네요. 시원한 보리차도 세팅되있어서 마시면서 주문한 메뉴들을 기다리니, 퓨전 한식 느낌의 정갈한 주문한 메뉴들이 나오는데 모두 깔끔하고 자극적이지 않아서 좋았습니다. 식전에 메뉴 먹는법도 설명해 주시고 직원분도 친절하십니다. 🍽️✨",True,normal,766,1번째 방문,True,,,1,건물 외 내부 인테리어도 예쁘고 흘러나오는 노래가 살짝 레트로 풍인데 좋았네요 시원한 보리차도 세팅되있어서 마시면서 주문한 메뉴들을 기다리니 퓨전 한식 느낌의 정갈한 주문한 메뉴들이 나오는데 모두 깔끔하고 자극적이지 않아서 좋았습니다 식전에 메뉴 먹는법도 설명해 주시고 직원분도 친절하십니다,178,162,0,0,1,1,4,1,1,0,0,0,0,0,0,0,0,0,0,0,0,0,0,0,0,0,0,1,1,1,0,0,0,0,0,1,1,0,0,0,0
난포,꾸르맛집탐방가,1214,2025.03.21,1,예약,"평일에 미리 예약하고 5시에 딱 맞춰도착하니 대기가 5팀 정도 있더라는! 여자 둘이 가서 한우불고기쌈밥, 제철회묵은지말이, 돌문어간장국수 3개 시켜도 양이 그렇게 많지 않은 편이라 클리어가능!ㅎㅎ 재료가 신선하긴 한데 밥 양이 너무 많아 아쉬웠고 맛은 뭔가 심심하면서 건강한 맛이었다는ㅎㅎ 한 번으로 좋은 경험이었다는..","평일에 미리 예약하고 5시에 딱 맞춰도착하니 대기가 5팀 정도 있더라는! 여자 둘이 가서 한우불고기쌈밥, 제철회묵은지말이, 돌문어간장국수 3개 시켜도 양이 그렇게 많지 않은 편이라 클리어가능!ㅎㅎ 재료가 신선하긴 한데 밥 양이 너무 많아 아쉬웠고 맛은 뭔가 심심하면서 건강한 맛이었다는ㅎㅎ 한 번으로 좋은 경험이었다는..",True,normal,1214,1번째 방문,True,,,1,평일에 미리 예약하고 5시에 딱 맞춰도착하니 대기가 5팀 정도 있더라는 여자 둘이 가서 한우불고기쌈밥 제철회묵은지말이 돌문어간장국수 3개 시켜도 양이 그렇게 많지 않은 편이라 클리어가능 재료가 신선하긴 한데 밥 양이 너무 많아 아쉬웠고 맛은 뭔가 심심하면서 건강한 맛이었다는 한 번으로 좋은 경험이었다는,179,169,0,0,1,1,1,1,0,1,1,1,1,1,0,0,1,0,2,0,0,0,0,0,0,0,0,1,1,1,0,0,0,0,0,1,1,0,0,0,0
난포,비비2929,512,2024.11.03,1,,"음식이 오 아주 맛있어!!!까지는 아니고용, 약간 레트로한 분위기 독특한 곳에서 깔끔하고 모던한 한식 먹을 수 있는 곳이에요. 짭잘해서 밥보다는 안주류에 가깝고 새우감자전 다들 많이 시키기에 먹어봤는데 건새우 맛이 너무 강해서 다른 재료 맛이 많이 안나요. 강된장쌈밥이 특별할건 없지만 맛있는 조합이라 제일 많이 먹었어요.","음식이 오 아주 맛있어!!!까지는 아니고용, 약간 레트로한 분위기 독특한 곳에서 깔끔하고 모던한 한식 먹을 수 있는 곳이에요. 짭잘해서 밥보다는 안주류에 가깝고 새우감자전 다들 많이 시키기에 먹어봤는데 건새우 맛이 너무 강해서 다른 재료 맛이 많이 안나요. 강된장쌈밥이 특별할건 없지만 맛있는 조합이라 제일 많이 먹었어요.",True,normal,512,1번째 방문,True,,,1,음식이 오 아주 맛있어 까지는 아니고용 약간 레트로한 분위기 독특한 곳에서 깔끔하고 모던한 한식 먹을 수 있는 곳이에요 짭잘해서 밥보다는 안주류에 가깝고 새우감자전 다들 많이 시키기에 먹어봤는데 건새우 맛이 너무 강해서 다른 재료 맛이 많이 안나요 강된장쌈밥이 특별할건 없지만 맛있는 조합이라 제일 많이 먹었어요,180,174,0,0,1,1,1,1,0,0,0,0,0,0,2,1,1,0,3,1,0,0,0,0,0,0,0,1,1,1,0,0,0,0,0,1,1,0,0,0,0
난포,MoReiSh,1572,2025.10.23,1,영수증,"난포👏🏻😋👍🏻 우왕🤩 한입 먹고 ‘와~’ 감탄이 절로 나왔어요! 돌문어간장국수와 강된장쌈밥은 정말 예술작품 같아요👏🏻 간도 딱 맞고, 비주얼도 너무 예뻐서 눈으로 먼저 감탄하고 먹었네요💖 밑반찬으로 내어주신 석잠화랑 마늘쫑도 직접 담그신 듯,맛과 정성이 그대로 느껴졌어요😊 하나하나 정성 가득한 한 끼, 또 방문하고 싶어요✨","난포👏🏻😋👍🏻 우왕🤩 한입 먹고 ‘와~’ 감탄이 절로 나왔어요! 돌문어간장국수와 강된장쌈밥은 정말 예술작품 같아요👏🏻 간도 딱 맞고, 비주얼도 너무 예뻐서 눈으로 먼저 감탄하고 먹었네요💖 밑반찬으로 내어주신 석잠화랑 마늘쫑도 직접 담그신 듯,맛과 정성이 그대로 느껴졌어요😊 하나하나 정성 가득한 한 끼, 또 방문하고 싶어요✨",True,normal,1572,1번째 방문,True,,,1,난포 우왕 한입 먹고 와 감탄이 절로 나왔어요 돌문어간장국수와 강된장쌈밥은 정말 예술작품 같아요 간도 딱 맞고 비주얼도 너무 예뻐서 눈으로 먼저 감탄하고 먹었네요 밑반찬으로 내어주신 석잠화랑 마늘쫑도 직접 담그신 듯 맛과 정성이 그대로 느껴졌어요 하나하나 정성 가득한 한 끼 또 방문하고 싶어요,181,164,0,0,1,1,0,0,0,0,0,0,0,0,0,0,1,0,1,0,0,0,0,1,1,0,0,1,1,1,0,0,0,0,0,0,0,0,0,0,0
난포,웁스웁슈,864,2024.10.10,1,예약,"돌문어 간장국수 정말 맛나요~ 간도 슴슴하니 문어도 싱싱합니다. 제철회묵은지말이, 강된장쌈밥… 다시 먹으러 오고 싶을 정도로 요 3가지는 꼭 드셔보세요. 새우감자전은 생각보다 별로였어요. 건조새우를 써서 그런가 냄새도 나고 계란 수란이라고 하셨는데 차라리 계란을 안 올리는게 난것같아요. 전이 눅눅해 져서 바싹없이 없어집니다.","돌문어 간장국수 정말 맛나요~ 간도 슴슴하니 문어도 싱싱합니다. 제철회묵은지말이, 강된장쌈밥… 다시 먹으러 오고 싶을 정도로 요 3가지는 꼭 드셔보세요. 새우감자전은 생각보다 별로였어요. 건조새우를 써서 그런가 냄새도 나고 계란 수란이라고 하셨는데 차라리 계란을 안 올리는게 난것같아요. 전이 눅눅해 져서 바싹없이 없어집니다.",True,normal,864,1번째 방문,True,,,1,돌문어 간장국수 정말 맛나요 간도 슴슴하니 문어도 싱싱합니다 제철회묵은지말이 강된장쌈밥 다시 먹으러 오고 싶을 정도로 요 3가지는 꼭 드셔보세요 새우감자전은 생각보다 별로였어요 건조새우를 써서 그런가 냄새도 나고 계란 수란이라고 하셨는데 차라리 계란을 안 올리는게 난것같아요 전이 눅눅해 져서 바싹없이 없어집니다,182,174,0,0,1,1,0,0,0,0,0,1,0,0,0,0,0,0,0,0,0,0,0,0,0,0,0,1,1,1,0,0,0,0,0,0,0,0,0,0,0
난포,동원99,20,2025.01.06,1,예약,그냥 대존맛 ㅠㅠㅠㅠㅠ 리뷰 잘 안 쓰는데 넘 맛있고 다음에 또 왔을 때 없어지지 말라고 남깁니다. 그냥 한식 천상계 티어 맛집입니당🥹 쌈밥이랑 묵은지말이는 넘 꼬숩고 신선합니다. 곰국은 맛있는 부위 고기가 두툼하게 들어가 있어서 요 조합이 그냥 아주 미쳤습니다. 사장님 많이 일하고 많이 버셔서 지점 더 내주세요 성수 넘 멀어요😂,그냥 대존맛 ㅠㅠㅠㅠㅠ 리뷰 잘 안 쓰는데 넘 맛있고 다음에 또 왔을 때 없어지지 말라고 남깁니다. 그냥 한식 천상계 티어 맛집입니당🥹 쌈밥이랑 묵은지말이는 넘 꼬숩고 신선합니다. 곰국은 맛있는 부위 고기가 두툼하게 들어가 있어서 요 조합이 그냥 아주 미쳤습니다. 사장님 많이 일하고 많이 버셔서 지점 더 내주세요 성수 넘 멀어요😂,True,normal,20,1번째 방문,True,,,1,그냥 대존맛 리뷰 잘 안 쓰는데 넘 맛있고 다음에 또 왔을 때 없어지지 말라고 남깁니다 그냥 한식 천상계 티어 맛집입니당 쌈밥이랑 묵은지말이는 넘 꼬숩고 신선합니다 곰국은 맛있는 부위 고기가 두툼하게 들어가 있어서 요 조합이 그냥 아주 미쳤습니다 사장님 많이 일하고 많이 버셔서 지점 더 내주세요 성수 넘 멀어요,185,174,0,0,1,1,0,0,0,0,0,0,0,0,6,1,1,0,0,0,0,0,0,0,0,0,0,1,0,1,0,0,0,1,1,0,0,0,0,0,0
난포,소소한 힐링,529,2024.02.25,2,영수증,"제가 제일 좋아하는 성수맛집이에요^^ 오늘도 도착 30분전에 미리 캐치테이블 예약하고 방문했구요, 시간이 잘 맞아서 바로 입장했어요~ 역시나 실내에는 사람들이 꽉꽉ㅋ 늘 먹는 메뉴로 주문!! 그냥 말이 필요없어요~ 건강하게 맛있는 곳!! 퓨전한식 좋아하신다면 방문 필수에요 메뉴들 다 맛있지만, 특히 돌문어간장국수는 꼭 드셔보세요~","제가 제일 좋아하는 성수맛집이에요^^ 오늘도 도착 30분전에 미리 캐치테이블 예약하고 방문했구요, 시간이 잘 맞아서 바로 입장했어요~ 역시나 실내에는 사람들이 꽉꽉ㅋ 늘 먹는 메뉴로 주문!! 그냥 말이 필요없어요~ 건강하게 맛있는 곳!! 퓨전한식 좋아하신다면 방문 필수에요 메뉴들 다 맛있지만, 특히 돌문어간장국수는 꼭 드셔보세요~",True,normal,529,2번째 방문,True,,,1,제가 제일 좋아하는 성수맛집이에요 오늘도 도착 30분전에 미리 캐치테이블 예약하고 방문했구요 시간이 잘 맞아서 바로 입장했어요 역시나 실내에는 사람들이 꽉꽉 늘 먹는 메뉴로 주문 그냥 말이 필요없어요 건강하게 맛있는 곳 퓨전한식 좋아하신다면 방문 필수에요 메뉴들 다 맛있지만 특히 돌문어간장국수는 꼭 드셔보세요,185,173,0,0,1,1,1,1,0,0,0,1,1,1,3,1,0,0,4,1,0,0,0,0,0,0,0,1,1,0,1,0,0,0,0,1,1,0,0,0,0
난포,람3610,108,2025.05.21,1,영수증,매장이 넓고 쾌적해서 밖에서 웨이팅하다가 앉았더니 천국인 줄 알았어요. 테이블이 넓어서 편했고요. 묵은지말이가 따뜻해서 당황했지만 괜찮았어요. 문어간장국수는 간이 좀 쎄서 괜히 풀을 이만큼 넣어주신 게 아니구나... 싶었어요. 새우감자전은 생각했던 맛이 아니고 넘 쿰쿰해서... 치즈를 그렇게 좋아하시는 분이 아니라면 비추입니다...,매장이 넓고 쾌적해서 밖에서 웨이팅하다가 앉았더니 천국인 줄 알았어요. 테이블이 넓어서 편했고요. 묵은지말이가 따뜻해서 당황했지만 괜찮았어요. 문어간장국수는 간이 좀 쎄서 괜히 풀을 이만큼 넣어주신 게 아니구나... 싶었어요. 새우감자전은 생각했던 맛이 아니고 넘 쿰쿰해서... 치즈를 그렇게 좋아하시는 분이 아니라면 비추입니다...,True,normal,108,1번째 방문,True,,,1,매장이 넓고 쾌적해서 밖에서 웨이팅하다가 앉았더니 천국인 줄 알았어요 테이블이 넓어서 편했고요 묵은지말이가 따뜻해서 당황했지만 괜찮았어요 문어간장국수는 간이 좀 쎄서 괜히 풀을 이만큼 넣어주신 게 아니구나 싶었어요 새우감자전은 생각했던 맛이 아니고 넘 쿰쿰해서 치즈를 그렇게 좋아하시는 분이 아니라면 비추입니다,186,173,0,0,1,1,2,1,1,0,0,0,0,0,1,1,0,0,0,0,0,0,0,0,0,0,0,1,1,1,0,0,0,0,0,1,1,0,0,0,0
난포,챠클,300,2024.03.28,1,예약,엄청 유명한 식당이라고 해서 예약하고 갔어요 평일 애매한 시간에도 사람이 많더라구요 2명이서 2개는 부족하다고해서 3개 시켰는데 조금씩 남길 정도니까 3개 시키는게 배부른 것 같아요 재료도 신선하고 다 맛있었어요!! 겉옷을 걸어 둘 행거도 따로 있어서 좋아요 근데 좌석끼리 다 붙어있고 투명색 칸막이로만 나뉘어 있어서 대화하기 어려워요,엄청 유명한 식당이라고 해서 예약하고 갔어요 평일 애매한 시간에도 사람이 많더라구요 2명이서 2개는 부족하다고해서 3개 시켰는데 조금씩 남길 정도니까 3개 시키는게 배부른 것 같아요 재료도 신선하고 다 맛있었어요!! 겉옷을 걸어 둘 행거도 따로 있어서 좋아요 근데 좌석끼리 다 붙어있고 투명색 칸막이로만 나뉘어 있어서 대화하기 어려워요,True,normal,300,1번째 방문,True,,,1,엄청 유명한 식당이라고 해서 예약하고 갔어요 평일 애매한 시간에도 사람이 많더라구요 2명이서 2개는 부족하다고해서 3개 시켰는데 조금씩 남길 정도니까 3개 시키는게 배부른 것 같아요 재료도 신선하고 다 맛있었어요 겉옷을 걸어 둘 행거도 따로 있어서 좋아요 근데 좌석끼리 다 붙어있고 투명색 칸막이로만 나뉘어 있어서 대화하기 어려워요,187,185,0,0,1,1,0,0,0,1,1,1,1,1,2,1,1,0,2,0,0,0,1,0,0,0,0,1,1,1,0,0,0,0,0,1,1,0,0,0,0
난포,오리의 여행,159,2025.10.17,1,영수증,맛은 있었고 직원분도 친절하셨지만 생각보다 아쉬웠어요 1. 기대했던 것보다 매장이 너무 시끄럽고 어수선해서 차분한 분위기에서 식사하긴 어려웠어요. 그리고 테이블 구조가 옆사람이랑 매우 가깝게 앉아있어야 하는 구조라서 편하진 않았어요 2. 메뉴 구성이 생각보다 다양하지 않았어요 슴슴하고 건강한 맛을 좋아하는 분들이라면 좋아하실 것 같아요,맛은 있었고 직원분도 친절하셨지만 생각보다 아쉬웠어요 1. 기대했던 것보다 매장이 너무 시끄럽고 어수선해서 차분한 분위기에서 식사하긴 어려웠어요. 그리고 테이블 구조가 옆사람이랑 매우 가깝게 앉아있어야 하는 구조라서 편하진 않았어요 2. 메뉴 구성이 생각보다 다양하지 않았어요 슴슴하고 건강한 맛을 좋아하는 분들이라면 좋아하실 것 같아요,True,normal,159,1번째 방문,True,,,1,맛은 있었고 직원분도 친절하셨지만 생각보다 아쉬웠어요 1 기대했던 것보다 매장이 너무 시끄럽고 어수선해서 차분한 분위기에서 식사하긴 어려웠어요 그리고 테이블 구조가 옆사람이랑 매우 가깝게 앉아있어야 하는 구조라서 편하진 않았어요 2 메뉴 구성이 생각보다 다양하지 않았어요 슴슴하고 건강한 맛을 좋아하는 분들이라면 좋아하실 것 같아요,188,185,0,0,1,1,4,1,1,0,0,1,0,0,0,0,1,0,0,0,0,0,0,0,0,0,0,1,1,1,0,0,0,0,0,1,1,0,0,0,0
난포,푸들들들,732,2025.03.12,1,영수증,평일 점심에 가서 그런가 대기 없이 바로 먹을 수 있어서 좋았어요~ 돌문어 국수는 상큼 새콤하면서 처음 맛보는 냉국수였고 강된장 쌈밥은 한입용으로 먹기 편했어요~ 살짝 짠듯한 느낌이 있었는데 밥이랑 쌈이랑 같이 먹으면 딱 간이 알맞았구 묵은지 회초밥도 생각보다 작았는데 은근히 든든했어요-! 돌문어 국수랑 같이 먹으니 훨씬 더 맛있었어요,평일 점심에 가서 그런가 대기 없이 바로 먹을 수 있어서 좋았어요~ 돌문어 국수는 상큼 새콤하면서 처음 맛보는 냉국수였고 강된장 쌈밥은 한입용으로 먹기 편했어요~ 살짝 짠듯한 느낌이 있었는데 밥이랑 쌈이랑 같이 먹으면 딱 간이 알맞았구 묵은지 회초밥도 생각보다 작았는데 은근히 든든했어요-! 돌문어 국수랑 같이 먹으니 훨씬 더 맛있었어요,True,normal,732,1번째 방문,True,,,1,평일 점심에 가서 그런가 대기 없이 바로 먹을 수 있어서 좋았어요 돌문어 국수는 상큼 새콤하면서 처음 맛보는 냉국수였고 강된장 쌈밥은 한입용으로 먹기 편했어요 살짝 짠듯한 느낌이 있었는데 밥이랑 쌈이랑 같이 먹으면 딱 간이 알맞았구 묵은지 회초밥도 생각보다 작았는데 은근히 든든했어요 돌문어 국수랑 같이 먹으니 훨씬 더 맛있었어요,188,184,0,0,1,1,1,1,0,2,1,0,0,0,1,1,0,0,1,0,0,0,0,0,0,0,0,1,1,1,0,0,0,0,0,1,1,0,0,0,0
난포,비루세라믹 side account,93,2025.01.13,1,예약,"친구가 예전부터 가고 싶었다고 해서 방문하게 됐어요. 제철회국수, 제철회묵은지말이, 강된장쌈밥 주문해서 딱 4만 원 나왔고 배부르게 먹었습니다. 강된장쌈밥이 담백한 편이라 제철회국수 먹기 전에 먹는 게 맛이 더 좋았어요. 전체적으로 사진에 잘 나오게 신경 써주시는 거 같아 좋았고 자리는 만석에 가깝지만 웨이팅 거의 없는 거 같았습니다.","친구가 예전부터 가고 싶었다고 해서 방문하게 됐어요. 제철회국수, 제철회묵은지말이, 강된장쌈밥 주문해서 딱 4만 원 나왔고 배부르게 먹었습니다. 강된장쌈밥이 담백한 편이라 제철회국수 먹기 전에 먹는 게 맛이 더 좋았어요. 전체적으로 사진에 잘 나오게 신경 써주시는 거 같아 좋았고 자리는 만석에 가깝지만 웨이팅 거의 없는 거 같았습니다.",True,normal,93,1번째 방문,True,,,1,친구가 예전부터 가고 싶었다고 해서 방문하게 됐어요 제철회국수 제철회묵은지말이 강된장쌈밥 주문해서 딱 4만 원 나왔고 배부르게 먹었습니다 강된장쌈밥이 담백한 편이라 제철회국수 먹기 전에 먹는 게 맛이 더 좋았어요 전체적으로 사진에 잘 나오게 신경 써주시는 거 같아 좋았고 자리는 만석에 가깝지만 웨이팅 거의 없는 거 같았습니다,188,182,0,0,1,1,3,1,1,1,1,1,0,0,0,0,0,0,0,0,0,0,0,0,0,0,0,1,1,1,0,0,0,0,0,1,1,0,0,0,0
난포,rarasiha,1080,2025.04.12,1,영수증,"왜 리뷰가 호불호인지 이해되었어요 우선 대기가 너무 길었는데요, 맛은 있지만 양이 너무 적다보니 뭔가 기대치를 못 채우는 느낌이에요~~ 양이 조금 더 많던지, 대기시간이 좀 더 짧던지, 그랬다면 아주~~만족하겠지만 대기시간에 비해 양이적고. 맛도 엄청나게 맛있다기 보다는 독특하고 건강한 맛?! .. . . 음 그래서 리뷰가 확 갈리나 봅니다","왜 리뷰가 호불호인지 이해되었어요 우선 대기가 너무 길었는데요, 맛은 있지만 양이 너무 적다보니 뭔가 기대치를 못 채우는 느낌이에요~~ 양이 조금 더 많던지, 대기시간이 좀 더 짧던지, 그랬다면 아주~~만족하겠지만 대기시간에 비해 양이적고. 맛도 엄청나게 맛있다기 보다는 독특하고 건강한 맛?! .. . . 음 그래서 리뷰가 확 갈리나 봅니다",True,normal,1080,1번째 방문,True,,,1,왜 리뷰가 호불호인지 이해되었어요 우선 대기가 너무 길었는데요 맛은 있지만 양이 너무 적다보니 뭔가 기대치를 못 채우는 느낌이에요 양이 조금 더 많던지 대기시간이 좀 더 짧던지 그랬다면 아주 만족하겠지만 대기시간에 비해 양이적고 맛도 엄청나게 맛있다기 보다는 독특하고 건강한 맛 음 그래서 리뷰가 확 갈리나 봅니다,191,175,0,0,1,1,3,1,1,0,0,0,0,0,1,1,3,1,1,0,0,0,1,0,0,0,0,1,1,1,0,0,0,0,0,1,1,0,0,0,0
난포,쟁이5034,1128,2024.09.08,1,영수증,대기가 있는 편이라 방문하시기 전에 캐치테이블로 웨이팅 걸어두시는걸 추천드려요!!! 전은 비추라는 후기가 있어서 강된장쌈밥+ 제철회국수 주문했어요. 강된장쌈밥은 쌈 안에도 묵은지가 들어있어서 너무 고소했고 (강된장 너무 많이 먹으면 살짝 짜더라구요) 제철회국수는 양념도 맛있고 회가 엄청 도톰하고 많아서 너무 맛있었어요!! 잘 먹었습니다 👍🏻,대기가 있는 편이라 방문하시기 전에 캐치테이블로 웨이팅 걸어두시는걸 추천드려요!!! 전은 비추라는 후기가 있어서 강된장쌈밥+ 제철회국수 주문했어요. 강된장쌈밥은 쌈 안에도 묵은지가 들어있어서 너무 고소했고 (강된장 너무 많이 먹으면 살짝 짜더라구요) 제철회국수는 양념도 맛있고 회가 엄청 도톰하고 많아서 너무 맛있었어요!! 잘 먹었습니다 👍🏻,True,normal,1128,1번째 방문,True,,,1,대기가 있는 편이라 방문하시기 전에 캐치테이블로 웨이팅 걸어두시는걸 추천드려요 전은 비추라는 후기가 있어서 강된장쌈밥 제철회국수 주문했어요 강된장쌈밥은 쌈 안에도 묵은지가 들어있어서 너무 고소했고 강된장 너무 많이 먹으면 살짝 짜더라구요 제철회국수는 양념도 맛있고 회가 엄청 도톰하고 많아서 너무 맛있었어요 잘 먹었습니다,191,179,0,0,1,1,3,1,1,0,0,0,0,0,3,1,4,1,5,1,0,0,1,0,0,0,0,1,1,1,0,0,0,0,0,1,1,0,0,0,0
난포,되 지,845,2025.05.18,1,영수증,"한우불고기쌈밥, 한우육회묵은지말이, 전복들깨국수 주문했어요. 그림을 보고 맛있어보이는거만 주문했는데 다 성공이예요.. 특히 한우육회묵은지말이가 정말 맛있었습니다. 그리고 쌈밥도 난포의 시그니처메뉴인만큼 독특하고 건강하게 맛있었어요. 웨이팅 있는걸 알아서 가기전에 캐치테이블로 지하철에서 웨이팅 걸어서 이용했습니다! 성수 점심맛집으로 추천합니다!","한우불고기쌈밥, 한우육회묵은지말이, 전복들깨국수 주문했어요. 그림을 보고 맛있어보이는거만 주문했는데 다 성공이예요.. 특히 한우육회묵은지말이가 정말 맛있었습니다. 그리고 쌈밥도 난포의 시그니처메뉴인만큼 독특하고 건강하게 맛있었어요. 웨이팅 있는걸 알아서 가기전에 캐치테이블로 지하철에서 웨이팅 걸어서 이용했습니다! 성수 점심맛집으로 추천합니다!",True,normal,845,1번째 방문,True,,,1,한우불고기쌈밥 한우육회묵은지말이 전복들깨국수 주문했어요 그림을 보고 맛있어보이는거만 주문했는데 다 성공이예요 특히 한우육회묵은지말이가 정말 맛있었습니다 그리고 쌈밥도 난포의 시그니처메뉴인만큼 독특하고 건강하게 맛있었어요 웨이팅 있는걸 알아서 가기전에 캐치테이블로 지하철에서 웨이팅 걸어서 이용했습니다 성수 점심맛집으로 추천합니다,192,183,0,0,1,1,4,1,1,1,1,0,0,0,5,1,0,0,2,0,0,0,0,0,0,0,0,1,1,1,0,0,0,0,0,1,1,0,0,0,0
난포,골해,869,2024.03.27,1,영수증,날씨가 흐린 수요일에 방문했어요. 5명이서 방문했는데 운좋게 캐치테이블 웨이팅이 없었습니다.(캐치테이블 5시반부터 가능) 6시쯤 도착해서 운좋게 6시 20분에 착석했어요! 워낙 양이 작다는 후기를 많이 들었지만 진짜 작아요 ㅋㅋㅋㅋ 면은 솔직히 별로였고 케일쌈밥이랑 감자전은 맛있었어요! 근데 평소 2시간씩 기다리며 먹을정도는.........?,날씨가 흐린 수요일에 방문했어요. 5명이서 방문했는데 운좋게 캐치테이블 웨이팅이 없었습니다.(캐치테이블 5시반부터 가능) 6시쯤 도착해서 운좋게 6시 20분에 착석했어요! 워낙 양이 작다는 후기를 많이 들었지만 진짜 작아요 ㅋㅋㅋㅋ 면은 솔직히 별로였고 케일쌈밥이랑 감자전은 맛있었어요! 근데 평소 2시간씩 기다리며 먹을정도는.........?,True,normal,869,1번째 방문,True,,,1,날씨가 흐린 수요일에 방문했어요 5명이서 방문했는데 운좋게 캐치테이블 웨이팅이 없었습니다 캐치테이블 5시반부터 가능 6시쯤 도착해서 운좋게 6시 20분에 착석했어요 워낙 양이 작다는 후기를 많이 들었지만 진짜 작아요 면은 솔직히 별로였고 케일쌈밥이랑 감자전은 맛있었어요 근데 평소 2시간씩 기다리며 먹을정도는,192,172,0,0,1,1,1,1,0,1,1,1,6,1,1,1,1,0,2,0,0,0,1,0,0,0,0,1,1,1,0,0,0,0,0,1,1,0,0,0,0
난포,유진스 zero2yujeans,401,2024.05.30,1,영수증,예약 후 다녀온 난포❤️ 퓨전 한정식이라고 해서 너무너무 기대가됐어요. 결과는 완전완전 대만족입니다. 메뉴 하나하나 재료가 너무 신선하고 특별해요. 맛도 맛이지만 음식의 색감도 너무 이뻐요! 양이 많지 않다고해서 유명한 베스트 메뉴 3개를 주문했는데 딱 좋았어요. 딱 든든하게 배부른 정도였습니다. 매장 분위기도 너무 좋고 추천하는 한식당이에요👍,예약 후 다녀온 난포❤️ 퓨전 한정식이라고 해서 너무너무 기대가됐어요. 결과는 완전완전 대만족입니다. 메뉴 하나하나 재료가 너무 신선하고 특별해요. 맛도 맛이지만 음식의 색감도 너무 이뻐요! 양이 많지 않다고해서 유명한 베스트 메뉴 3개를 주문했는데 딱 좋았어요. 딱 든든하게 배부른 정도였습니다. 매장 분위기도 너무 좋고 추천하는 한식당이에요👍,True,normal,401,1번째 방문,True,,,1,예약 후 다녀온 난포 퓨전 한정식이라고 해서 너무너무 기대가됐어요 결과는 완전완전 대만족입니다 메뉴 하나하나 재료가 너무 신선하고 특별해요 맛도 맛이지만 음식의 색감도 너무 이뻐요 양이 많지 않다고해서 유명한 베스트 메뉴 3개를 주문했는데 딱 좋았어요 딱 든든하게 배부른 정도였습니다 매장 분위기도 너무 좋고 추천하는 한식당이에요,193,184,0,0,1,1,3,1,1,0,0,1,0,0,1,1,7,1,1,0,0,0,0,0,0,0,0,1,1,1,0,0,0,0,0,1,1,0,0,0,0
난포,유이유니,54,2024.06.04,1,예약,"난포 가려고 줄섰다가 인기가 많아 2시간 기다렸던 기억이 나서 무조건 예약해봤어요. 일단 같이 간 사람들 너무 다 만족했고요, 음식맛은 정말 정갈하고 맛있습니다. 남자들은 양이 조금 부족한것 같아서 하나 더 시켜 먹었어요. 나중에 배달이 되는걸 알고 배달도 또 시켜먹었네요. 왜냐하면 너무 맛있으니까!! ㅠㅠ 줄서서 기다려 먹는 이유가 있어요 ㅠㅠ","난포 가려고 줄섰다가 인기가 많아 2시간 기다렸던 기억이 나서 무조건 예약해봤어요. 일단 같이 간 사람들 너무 다 만족했고요, 음식맛은 정말 정갈하고 맛있습니다. 남자들은 양이 조금 부족한것 같아서 하나 더 시켜 먹었어요. 나중에 배달이 되는걸 알고 배달도 또 시켜먹었네요. 왜냐하면 너무 맛있으니까!! ㅠㅠ 줄서서 기다려 먹는 이유가 있어요 ㅠㅠ",True,normal,54,1번째 방문,True,,,1,난포 가려고 줄섰다가 인기가 많아 2시간 기다렸던 기억이 나서 무조건 예약해봤어요 일단 같이 간 사람들 너무 다 만족했고요 음식맛은 정말 정갈하고 맛있습니다 남자들은 양이 조금 부족한것 같아서 하나 더 시켜 먹었어요 나중에 배달이 되는걸 알고 배달도 또 시켜먹었네요 왜냐하면 너무 맛있으니까 줄서서 기다려 먹는 이유가 있어요,194,181,0,0,1,1,0,0,0,0,0,1,1,1,2,1,2,0,2,0,0,0,0,0,0,0,0,1,1,1,0,0,0,0,0,1,0,0,0,0,0
난포,chl****,253,2024.07.19,1,예약,예약했는데도 4인석은 절대 불가라고 해서 바 자리 앉아서 불편했는데 예약 안하고 나중에 온 2인 손님은 4인석에 앉혀서 기분이 썩 좋지 않았어요. 체계적으로 하는 듯 보이나 만석이 아닌 경우인데도 먼저오고 예약한 손님이 불편함을 겪는 것은 불합리적인 것 같네요. 결국 나올때까지 자리가 남아있고 바 테이블은 저희를 제외하고 아무도 앉지 않았습니다.,예약했는데도 4인석은 절대 불가라고 해서 바 자리 앉아서 불편했는데 예약 안하고 나중에 온 2인 손님은 4인석에 앉혀서 기분이 썩 좋지 않았어요. 체계적으로 하는 듯 보이나 만석이 아닌 경우인데도 먼저오고 예약한 손님이 불편함을 겪는 것은 불합리적인 것 같네요. 결국 나올때까지 자리가 남아있고 바 테이블은 저희를 제외하고 아무도 앉지 않았습니다.,True,normal,253,1번째 방문,True,,,1,예약했는데도 4인석은 절대 불가라고 해서 바 자리 앉아서 불편했는데 예약 안하고 나중에 온 2인 손님은 4인석에 앉혀서 기분이 썩 좋지 않았어요 체계적으로 하는 듯 보이나 만석이 아닌 경우인데도 먼저오고 예약한 손님이 불편함을 겪는 것은 불합리적인 것 같네요 결국 나올때까지 자리가 남아있고 바 테이블은 저희를 제외하고 아무도 앉지 않았습니다,194,191,0,0,1,1,2,1,1,0,0,1,0,0,0,0,0,0,0,0,0,0,1,0,0,0,0,1,1,1,0,0,0,0,0,1,1,0,0,0,0
난포,주디현스토리,696,2024.03.18,1,영수증,"🥬 서울숲 건강 맛집, 음식 전체적으로 담백 ✔️ 캐치테이블, 네이버 예약 가능 주차불가라 서울숲 주차장에 주차하고 걸어감, 도보 10분 정도 ✔️ 평일 11시에 딱 도착하니 10번째 입장, 대기표 번호 순서대로 주문받음 ✔️ 개인적 순위 :제철회묵은지말이&gt; 강된장쌈밥 &gt;&gt; 돌문어간장국수 싱싱한 회와 묵은지 조화가 좋았다 양 적음..","🥬 서울숲 건강 맛집, 음식 전체적으로 담백 ✔️ 캐치테이블, 네이버 예약 가능 주차불가라 서울숲 주차장에 주차하고 걸어감, 도보 10분 정도 ✔️ 평일 11시에 딱 도착하니 10번째 입장, 대기표 번호 순서대로 주문받음 ✔️ 개인적 순위 :제철회묵은지말이&gt; 강된장쌈밥 &gt;&gt; 돌문어간장국수 싱싱한 회와 묵은지 조화가 좋았다 양 적음..",True,normal,696,1번째 방문,True,,,1,서울숲 건강 맛집 음식 전체적으로 담백 캐치테이블 네이버 예약 가능 주차불가라 서울숲 주차장에 주차하고 걸어감 도보 10분 정도 평일 11시에 딱 도착하니 10번째 입장 대기표 번호 순서대로 주문받음 개인적 순위 제철회묵은지말이 gt 강된장쌈밥 gt gt 돌문어간장국수 싱싱한 회와 묵은지 조화가 좋았다 양 적음,196,174,0,0,1,1,2,1,1,1,1,1,2,1,1,1,0,0,0,0,0,0,0,0,0,0,0,1,1,1,0,0,0,0,0,1,1,0,0,0,0
난포,피너츠52,11,2025.02.05,1,예약,"음식은 대체로 맛은 있었습니다! 날씨가 너무 추운날인데, 예약을 하고도 기다리라는 말에 약간 이해가 안됐네요..물론 직원분이 날씨 이야기 하시면서 들어오라 하시긴 했는데.. 그런데다가 예약 자리가 스피커 옆인지라 음악은 크게 트셨는지.. 말소리가 안들려서 줄여달라 했습니다! 사장님이 70,80 음악을 좋아하시는지는 모르겠는데.. 음악선정도 아쉬웠오요!!","음식은 대체로 맛은 있었습니다! 날씨가 너무 추운날인데, 예약을 하고도 기다리라는 말에 약간 이해가 안됐네요..물론 직원분이 날씨 이야기 하시면서 들어오라 하시긴 했는데.. 그런데다가 예약 자리가 스피커 옆인지라 음악은 크게 트셨는지.. 말소리가 안들려서 줄여달라 했습니다! 사장님이 70,80 음악을 좋아하시는지는 모르겠는데.. 음악선정도 아쉬웠오요!!",True,normal,11,1번째 방문,True,,,1,음식은 대체로 맛은 있었습니다 날씨가 너무 추운날인데 예약을 하고도 기다리라는 말에 약간 이해가 안됐네요 물론 직원분이 날씨 이야기 하시면서 들어오라 하시긴 했는데 그런데다가 예약 자리가 스피커 옆인지라 음악은 크게 트셨는지 말소리가 안들려서 줄여달라 했습니다 사장님이 70 80 음악을 좋아하시는지는 모르겠는데 음악선정도 아쉬웠오요,198,186,0,0,1,1,2,1,1,0,0,1,0,0,0,0,1,0,4,1,0,0,0,0,0,0,0,1,0,1,0,0,0,0,0,1,1,0,0,0,0
난포,못말려,252,2024.06.24,1,영수증,"평소 웨이팅이 긴 맛집인데 평일이라그런지 15분정도 기다렸다 들어갔어요. 제철 회국수. 회묵은지말이, 새우감자전 이렇게 먹었는데 회국수 새콤하니 맛있게 잘먹었구, 묵은지 말이에 꽂혀서 간곳인데 그닥 특색있게 맛있는건 잘모르겠지만 맛있어요...ㅎㅎ새우감자전은 차가웠는데 엄청 바삭하니 먹을만했어요ㅎㅎㅎ근데 앉은자리에서 무슨 냄새가 나는거같아 아쉬웠어요ㅠ0ㅠ","평소 웨이팅이 긴 맛집인데 평일이라그런지 15분정도 기다렸다 들어갔어요. 제철 회국수. 회묵은지말이, 새우감자전 이렇게 먹었는데 회국수 새콤하니 맛있게 잘먹었구, 묵은지 말이에 꽂혀서 간곳인데 그닥 특색있게 맛있는건 잘모르겠지만 맛있어요...ㅎㅎ새우감자전은 차가웠는데 엄청 바삭하니 먹을만했어요ㅎㅎㅎ근데 앉은자리에서 무슨 냄새가 나는거같아 아쉬웠어요ㅠ0ㅠ",True,normal,252,1번째 방문,True,,,1,평소 웨이팅이 긴 맛집인데 평일이라그런지 15분정도 기다렸다 들어갔어요 제철 회국수 회묵은지말이 새우감자전 이렇게 먹었는데 회국수 새콤하니 맛있게 잘먹었구 묵은지 말이에 꽂혀서 간곳인데 그닥 특색있게 맛있는건 잘모르겠지만 맛있어요 새우감자전은 차가웠는데 엄청 바삭하니 먹을만했어요 근데 앉은자리에서 무슨 냄새가 나는거같아 아쉬웠어요 0,198,187,0,0,1,1,2,1,1,1,1,1,1,1,4,1,1,0,0,0,0,0,1,0,0,0,0,1,1,1,0,0,0,0,0,1,1,0,0,0,0
난포,매력투성이,85,2024.06.23,1,영수증,강된장 쌈밥시킬까말까고민햇는데 안하길 잘한거같아요. 후기가좋아서 한껏기대햇는데 실망햇어요. 전복들깨국수는 김맛이 너무많이낫고 간장문어국수는 당귀나물이 들어가서 그향 좋아하시는 분들은 아주 심심한 맛으로 괜찮을듯 묵은지제철초밥은...그냥 아는 묵은지맛 묵은지가 좀 짯어요...저희한테는 정말 그저그랫어요 후기안쓰는데 ..... 좀 아셔야할서같아서 써밧어요.,강된장 쌈밥시킬까말까고민햇는데 안하길 잘한거같아요. 후기가좋아서 한껏기대햇는데 실망햇어요. 전복들깨국수는 김맛이 너무많이낫고 간장문어국수는 당귀나물이 들어가서 그향 좋아하시는 분들은 아주 심심한 맛으로 괜찮을듯 묵은지제철초밥은...그냥 아는 묵은지맛 묵은지가 좀 짯어요...저희한테는 정말 그저그랫어요 후기안쓰는데 ..... 좀 아셔야할서같아서 써밧어요.,True,normal,85,1번째 방문,True,,,1,강된장 쌈밥시킬까말까고민햇는데 안하길 잘한거같아요 후기가좋아서 한껏기대햇는데 실망햇어요 전복들깨국수는 김맛이 너무많이낫고 간장문어국수는 당귀나물이 들어가서 그향 좋아하시는 분들은 아주 심심한 맛으로 괜찮을듯 묵은지제철초밥은 그냥 아는 묵은지맛 묵은지가 좀 짯어요 저희한테는 정말 그저그랫어요 후기안쓰는데 좀 아셔야할서같아서 써밧어요,198,185,0,0,1,1,0,0,0,0,0,0,0,0,0,0,1,0,0,0,0,0,1,0,0,0,0,1,1,1,0,0,0,0,0,0,0,0,0,0,0
난포,혼자서도잘먹어요,615,2025.03.09,1,예약,주말 열한시반에 도착해서 7번 받았고 10분 내 입장했습니다 여기 3분 안에 도착해야되더라구요ㅜ 5번째면 식당 앞에 오는게 좋을거같아요 ! 주방 바로 앞 다찌석에 앉아서 주방 보는데 얼마나 군침이 돌던지 음식 기다리느라 목 빠지는 줄 알았어요ㅜㅜ 음식은 엄청 존맛! 이건 아닌데 삼삼하니 계속 생각날 맛이고 성수 근처 살면 자주 먹으러 올 거 같은 맛이었어요,주말 열한시반에 도착해서 7번 받았고 10분 내 입장했습니다 여기 3분 안에 도착해야되더라구요ㅜ 5번째면 식당 앞에 오는게 좋을거같아요 ! 주방 바로 앞 다찌석에 앉아서 주방 보는데 얼마나 군침이 돌던지 음식 기다리느라 목 빠지는 줄 알았어요ㅜㅜ 음식은 엄청 존맛! 이건 아닌데 삼삼하니 계속 생각날 맛이고 성수 근처 살면 자주 먹으러 올 거 같은 맛이었어요,True,normal,615,1번째 방문,True,,,1,주말 열한시반에 도착해서 7번 받았고 10분 내 입장했습니다 여기 3분 안에 도착해야되더라구요 5번째면 식당 앞에 오는게 좋을거같아요 주방 바로 앞 다찌석에 앉아서 주방 보는데 얼마나 군침이 돌던지 음식 기다리느라 목 빠지는 줄 알았어요 음식은 엄청 존맛 이건 아닌데 삼삼하니 계속 생각날 맛이고 성수 근처 살면 자주 먹으러 올 거 같은 맛이었어요,200,194,0,0,1,1,0,0,0,1,1,1,2,1,0,0,2,0,2,0,0,0,0,0,0,0,0,1,1,1,0,0,0,0,0,1,1,0,0,0,0
난포,ahehohh,30,2026.04.04,1,영수증,"난포 성수 다녀왔는데 음식 맛이 전체적으로 깔끔하고 만족스러웠어요. 특히 간이 과하지 않아서 부담 없이 계속 먹기 좋았고, 메뉴 하나하나 퀄리티가 느껴졌어요. 직원분들도 처음부터 끝까지 정말 친절하게 응대해주셔서 기분 좋게 식사했어요. 메뉴 설명도 자세하게 해주시고, 필요한 것도 먼저 챙겨주셔서 편했어요. 맛이랑 서비스 둘 다 좋아서 재방문 의사 확실히 있어요","난포 성수 다녀왔는데 음식 맛이 전체적으로 깔끔하고 만족스러웠어요. 특히 간이 과하지 않아서 부담 없이 계속 먹기 좋았고, 메뉴 하나하나 퀄리티가 느껴졌어요. 직원분들도 처음부터 끝까지 정말 친절하게 응대해주셔서 기분 좋게 식사했어요. 메뉴 설명도 자세하게 해주시고, 필요한 것도 먼저 챙겨주셔서 편했어요. 맛이랑 서비스 둘 다 좋아서 재방문 의사 확실히 있어요",True,normal,30,1번째 방문,True,,,1,난포 성수 다녀왔는데 음식 맛이 전체적으로 깔끔하고 만족스러웠어요 특히 간이 과하지 않아서 부담 없이 계속 먹기 좋았고 메뉴 하나하나 퀄리티가 느껴졌어요 직원분들도 처음부터 끝까지 정말 친절하게 응대해주셔서 기분 좋게 식사했어요 메뉴 설명도 자세하게 해주시고 필요한 것도 먼저 챙겨주셔서 편했어요 맛이랑 서비스 둘 다 좋아서 재방문 의사 확실히 있어요,202,196,0,0,1,1,3,1,1,0,0,0,0,0,0,0,0,0,0,0,1,1,0,1,1,0,0,1,0,1,0,0,0,0,0,1,1,0,0,1,0
난포,소소한 힐링,529,2024.10.16,3,영수증,"오랜만에 난포♡ 미리 캐치테이블예약하고 와서 5분정도대기하고 입장했어요 난포오면 국수는 무조건 먹어야죠~ 오늘은 제철회국수와 새우감자전, 제철회 묵은지말이!! 회도 쫄깃싱싱하고 양념과 잘 어우러져 맛있어요 별미감자전도 노른자에 찍어먹으면 고소함이 2배ㅋ 제철회로 만드는 묵은지말이는 올때마다 올라가는 회가 달라져서 더 매력적이에요♡ 오늘도 배빵빵하게 잘먹었네요!","오랜만에 난포♡ 미리 캐치테이블예약하고 와서 5분정도대기하고 입장했어요 난포오면 국수는 무조건 먹어야죠~ 오늘은 제철회국수와 새우감자전, 제철회 묵은지말이!! 회도 쫄깃싱싱하고 양념과 잘 어우러져 맛있어요 별미감자전도 노른자에 찍어먹으면 고소함이 2배ㅋ 제철회로 만드는 묵은지말이는 올때마다 올라가는 회가 달라져서 더 매력적이에요♡ 오늘도 배빵빵하게 잘먹었네요!",True,normal,529,3번째 방문,True,,,1,오랜만에 난포 미리 캐치테이블예약하고 와서 5분정도대기하고 입장했어요 난포오면 국수는 무조건 먹어야죠 오늘은 제철회국수와 새우감자전 제철회 묵은지말이 회도 쫄깃싱싱하고 양념과 잘 어우러져 맛있어요 별미감자전도 노른자에 찍어먹으면 고소함이 2배 제철회로 만드는 묵은지말이는 올때마다 올라가는 회가 달라져서 더 매력적이에요 오늘도 배빵빵하게 잘먹었네요,202,194,0,0,1,1,1,1,0,0,0,1,1,1,1,1,0,0,3,1,0,0,0,0,0,0,0,1,1,0,1,0,0,0,0,1,1,0,0,0,0
난포,샴비,2335,2024.12.08,1,영수증,"ᴍ ᴇ ɴ ᴜ 제철회국수(14000) + 제철회묵은지말이(14000) + 강된장쌈밥(12000) // 묵은지말이 진짜진짜진짜 제 최애에요,,, 너무 맛있게 먹었어요ㅠㅠ 회국수도 맛있었고 강된장쌈밥고 맛있었습니다~~ 1인 1메뉴 시키면 양은 좀 적어요,,,! 다 먹고나면 에피터이저 먹은 듯한 기분입니다ㅎㅎ 메뉴 좀 더 많이 시킬 걸 그랬어욥 묵은지말이,, 강추,,♡","ᴍ ᴇ ɴ ᴜ 제철회국수(14000) + 제철회묵은지말이(14000) + 강된장쌈밥(12000) // 묵은지말이 진짜진짜진짜 제 최애에요,,, 너무 맛있게 먹었어요ㅠㅠ 회국수도 맛있었고 강된장쌈밥고 맛있었습니다~~ 1인 1메뉴 시키면 양은 좀 적어요,,,! 다 먹고나면 에피터이저 먹은 듯한 기분입니다ㅎㅎ 메뉴 좀 더 많이 시킬 걸 그랬어욥 묵은지말이,, 강추,,♡",True,normal,2335,1번째 방문,True,,,1,제철회국수 14000 제철회묵은지말이 14000 강된장쌈밥 12000 묵은지말이 진짜진짜진짜 제 최애에요 너무 맛있게 먹었어요 회국수도 맛있었고 강된장쌈밥고 맛있었습니다 1인 1메뉴 시키면 양은 좀 적어요 다 먹고나면 에피터이저 먹은 듯한 기분입니다 메뉴 좀 더 많이 시킬 걸 그랬어욥 묵은지말이 강추,204,168,0,0,1,1,0,0,0,0,0,1,0,0,4,1,4,1,1,0,0,0,1,0,0,0,0,1,1,1,0,0,0,1,1,0,0,0,0,0,0
난포,Nadiya94,642,2024.05.04,1,예약,"캐치테이블 원격 가능해요. 하지만 도착시간과 맞추기 어려워 결국 한시간 넘게 기다렸어요ㅠ 2020년에 방문했던 것 같은데, 그 때보다 테이블이 늘어난 건지, 내부가 정말 시끄러웠어요. 음악도 잘 안 어울려요. 강된장쌈밥 맛있고, 제철회묵은지말이 제일 맛있고, 돌문어간장국수 괜찮고, 새우감자전은 괜찮은데 구운지 오래된 느낌 났어요ㅠ 너무 시끄러워서 다시 못 갈 것 같아요.","캐치테이블 원격 가능해요. 하지만 도착시간과 맞추기 어려워 결국 한시간 넘게 기다렸어요ㅠ 2020년에 방문했던 것 같은데, 그 때보다 테이블이 늘어난 건지, 내부가 정말 시끄러웠어요. 음악도 잘 안 어울려요. 강된장쌈밥 맛있고, 제철회묵은지말이 제일 맛있고, 돌문어간장국수 괜찮고, 새우감자전은 괜찮은데 구운지 오래된 느낌 났어요ㅠ 너무 시끄러워서 다시 못 갈 것 같아요.",True,normal,642,1번째 방문,True,,,1,캐치테이블 원격 가능해요 하지만 도착시간과 맞추기 어려워 결국 한시간 넘게 기다렸어요 2020년에 방문했던 것 같은데 그 때보다 테이블이 늘어난 건지 내부가 정말 시끄러웠어요 음악도 잘 안 어울려요 강된장쌈밥 맛있고 제철회묵은지말이 제일 맛있고 돌문어간장국수 괜찮고 새우감자전은 괜찮은데 구운지 오래된 느낌 났어요 너무 시끄러워서 다시 못 갈 것 같아요,208,197,0,0,1,1,0,0,0,0,0,1,0,0,3,1,1,0,0,0,0,0,1,0,0,0,0,1,1,1,0,0,0,1,1,0,0,0,0,0,0
난포,멍게소라,561,2025.12.09,1,영수증,"성수동에서 찾은 인생 한정식 맛집! ✨ 웨이팅 감수하고 들어간 난포 성수는 기대 이상이었어요. 분위기부터 음식까지 '정갈함' 그 자체! 특히, 시그니처 메뉴인 강된장쌈밥은 짜지 않고 구수한 깊은 맛으로 속까지 편안하게 채워주고, 제철회 묵은지 말이는 톡톡 튀는 신선함으로 입맛을 돋우는 별미였어요. 🤤 데이트 코스로도 완벽하고, 부모님 모시고 오면 칭찬받을 💯 점짜리 맛집 인정!","성수동에서 찾은 인생 한정식 맛집! ✨ 웨이팅 감수하고 들어간 난포 성수는 기대 이상이었어요. 분위기부터 음식까지 '정갈함' 그 자체! 특히, 시그니처 메뉴인 강된장쌈밥은 짜지 않고 구수한 깊은 맛으로 속까지 편안하게 채워주고, 제철회 묵은지 말이는 톡톡 튀는 신선함으로 입맛을 돋우는 별미였어요. 🤤 데이트 코스로도 완벽하고, 부모님 모시고 오면 칭찬받을 💯 점짜리 맛집 인정!",True,normal,561,1번째 방문,True,,,1,성수동에서 찾은 인생 한정식 맛집 웨이팅 감수하고 들어간 난포 성수는 기대 이상이었어요 분위기부터 음식까지 정갈함 그 자체 특히 시그니처 메뉴인 강된장쌈밥은 짜지 않고 구수한 깊은 맛으로 속까지 편안하게 채워주고 제철회 묵은지 말이는 톡톡 튀는 신선함으로 입맛을 돋우는 별미였어요 데이트 코스로도 완벽하고 부모님 모시고 오면 칭찬받을 점짜리 맛집 인정,212,196,0,0,1,1,2,1,1,1,1,0,0,0,2,1,0,0,3,1,0,0,0,0,0,0,0,1,1,1,0,0,0,0,0,1,1,0,0,0,0
난포,h2****,16,2025.12.20,1,영수증,"오늘은 성수에 있는 ‘난포’에 방문했습니다! 매장 분위기는 따뜻하고 적당한 밝기로 아늑한 느낌이었습니다! 음식은 회국수와 곰국, 강된장 쌈밥을 먹었는데요! 회국수 회가 두툼하니 씹는맛이 정말 좋았고 곰국에 고기도 부들부들 해서 좋았습니다! 강된장쌈밥은 연잎이 되게 부드럽게 쪄져서 좋았고 자극적이지 않은 슴슴하고 부드러운 강된장이라 크게 호불호 없이 드실만한거 같았습니다! 잘먹고갑니다~~","오늘은 성수에 있는 ‘난포’에 방문했습니다! 매장 분위기는 따뜻하고 적당한 밝기로 아늑한 느낌이었습니다! 음식은 회국수와 곰국, 강된장 쌈밥을 먹었는데요! 회국수 회가 두툼하니 씹는맛이 정말 좋았고 곰국에 고기도 부들부들 해서 좋았습니다! 강된장쌈밥은 연잎이 되게 부드럽게 쪄져서 좋았고 자극적이지 않은 슴슴하고 부드러운 강된장이라 크게 호불호 없이 드실만한거 같았습니다! 잘먹고갑니다~~",True,normal,16,1번째 방문,True,,,1,오늘은 성수에 있는 난포 에 방문했습니다 매장 분위기는 따뜻하고 적당한 밝기로 아늑한 느낌이었습니다 음식은 회국수와 곰국 강된장 쌈밥을 먹었는데요 회국수 회가 두툼하니 씹는맛이 정말 좋았고 곰국에 고기도 부들부들 해서 좋았습니다 강된장쌈밥은 연잎이 되게 부드럽게 쪄져서 좋았고 자극적이지 않은 슴슴하고 부드러운 강된장이라 크게 호불호 없이 드실만한거 같았습니다 잘먹고갑니다,217,208,0,0,1,1,2,1,1,0,0,0,0,0,0,0,0,0,5,1,0,0,0,0,0,0,0,1,0,1,0,0,0,0,0,1,1,0,0,0,0
난포,안녕쇼니,65,2025.12.25,1,예약,두번째 방문! 처음 왓을 때도 분위기와 맛에 만족했는데 두번째도 만족! 곰탕도 온도도 딱 좋고 깊이감 있어서 맛있었어요 묵은지회말이였나 그건 언제먹어도 맛있네요 식감고 좋고 회도 두껍고 묵은지도 간이 딱 좋은! 먹다 들깨국수 시켰는데 맛은 있는데 제 취향은 아니였던거 같아요 ㅎㅎ 저는 더 진하고 녹진한걸 좋아해서~ 국수는 비빔회국수가 더 맛있었던듯! 다음엔 또 새로운 메뉴 먹어보고 싶어요,두번째 방문! 처음 왓을 때도 분위기와 맛에 만족했는데 두번째도 만족! 곰탕도 온도도 딱 좋고 깊이감 있어서 맛있었어요 묵은지회말이였나 그건 언제먹어도 맛있네요 식감고 좋고 회도 두껍고 묵은지도 간이 딱 좋은! 먹다 들깨국수 시켰는데 맛은 있는데 제 취향은 아니였던거 같아요 ㅎㅎ 저는 더 진하고 녹진한걸 좋아해서~ 국수는 비빔회국수가 더 맛있었던듯! 다음엔 또 새로운 메뉴 먹어보고 싶어요,True,normal,65,1번째 방문,True,,,1,두번째 방문 처음 왓을 때도 분위기와 맛에 만족했는데 두번째도 만족 곰탕도 온도도 딱 좋고 깊이감 있어서 맛있었어요 묵은지회말이였나 그건 언제먹어도 맛있네요 식감고 좋고 회도 두껍고 묵은지도 간이 딱 좋은 먹다 들깨국수 시켰는데 맛은 있는데 제 취향은 아니였던거 같아요 저는 더 진하고 녹진한걸 좋아해서 국수는 비빔회국수가 더 맛있었던듯 다음엔 또 새로운 메뉴 먹어보고 싶어요,218,210,0,0,1,1,1,1,0,0,0,0,0,0,3,1,0,0,4,1,0,0,0,0,0,0,0,1,1,1,0,0,0,0,0,1,1,0,0,0,0
난포,EE74,19,2024.09.25,1,예약,예전엔 정말 오래 기다려서 맛있게먹었는데 간만에 방문하니 뭔가 맛의 완성도가 떨어진 것 같아요 특히 저 감자전이 제일 문제였는데요. 너무 오버쿡되어서 바삭이 아니라 딱딱하고 위에 올라간 치즈도 자연스럽게 녹아 전과 어우러지는게 아니라 굉장히 따로 놀고 텁텁하고 파우더리해요. 구워놓은지 한참된 전에 뒤늦게 치즈랑 수란만 올려주시는게 아닌가 싶어요. 좋아하던 식당인데 솔직히 이번은 아쉽습니다,예전엔 정말 오래 기다려서 맛있게먹었는데 간만에 방문하니 뭔가 맛의 완성도가 떨어진 것 같아요 특히 저 감자전이 제일 문제였는데요. 너무 오버쿡되어서 바삭이 아니라 딱딱하고 위에 올라간 치즈도 자연스럽게 녹아 전과 어우러지는게 아니라 굉장히 따로 놀고 텁텁하고 파우더리해요. 구워놓은지 한참된 전에 뒤늦게 치즈랑 수란만 올려주시는게 아닌가 싶어요. 좋아하던 식당인데 솔직히 이번은 아쉽습니다,True,normal,19,1번째 방문,True,,,1,예전엔 정말 오래 기다려서 맛있게먹었는데 간만에 방문하니 뭔가 맛의 완성도가 떨어진 것 같아요 특히 저 감자전이 제일 문제였는데요 너무 오버쿡되어서 바삭이 아니라 딱딱하고 위에 올라간 치즈도 자연스럽게 녹아 전과 어우러지는게 아니라 굉장히 따로 놀고 텁텁하고 파우더리해요 구워놓은지 한참된 전에 뒤늦게 치즈랑 수란만 올려주시는게 아닌가 싶어요 좋아하던 식당인데 솔직히 이번은 아쉽습니다,218,215,0,0,1,1,0,0,0,0,0,0,0,0,1,1,1,0,0,0,0,0,1,0,0,0,0,1,0,1,0,0,0,1,1,0,0,0,0,0,0
난포,v예쁘게 사랑스럽게v,809,2025.10.24,1,영수증,기본 웨이팅 ..있고요~ 저희는 오픈런 ..30분 전 부터 기다렸다가 오픈하고 예약 자들 순으로 들어가고 들어갔어요~ 예약은 미리 하는게 좋을것 같아요~ 당일 예약 안되구요~ .. 들어가자마자 ..주문을 했고 ..주문 하고 얼마 안되서 음식이 나오더라구요~ 너무 좋았어요~ 둘이갔지만 ..메뉴 4가지 주문해서 먹었구요 ~ 음식이 전체적으로 짜지 않아서 너무 좋았어요~ 미리 예약 하고 가세요~,기본 웨이팅 ..있고요~ 저희는 오픈런 ..30분 전 부터 기다렸다가 오픈하고 예약 자들 순으로 들어가고 들어갔어요~ 예약은 미리 하는게 좋을것 같아요~ 당일 예약 안되구요~ .. 들어가자마자 ..주문을 했고 ..주문 하고 얼마 안되서 음식이 나오더라구요~ 너무 좋았어요~ 둘이갔지만 ..메뉴 4가지 주문해서 먹었구요 ~ 음식이 전체적으로 짜지 않아서 너무 좋았어요~ 미리 예약 하고 가세요~,True,normal,809,1번째 방문,True,,,1,기본 웨이팅 있고요 저희는 오픈런 30분 전 부터 기다렸다가 오픈하고 예약 자들 순으로 들어가고 들어갔어요 예약은 미리 하는게 좋을것 같아요 당일 예약 안되구요 들어가자마자 주문을 했고 주문 하고 얼마 안되서 음식이 나오더라구요 너무 좋았어요 둘이갔지만 메뉴 4가지 주문해서 먹었구요 음식이 전체적으로 짜지 않아서 너무 좋았어요 미리 예약 하고 가세요,219,196,0,0,1,1,4,1,1,0,0,1,1,1,0,0,2,0,0,0,0,0,1,0,0,0,0,1,1,1,0,0,0,0,0,1,1,0,0,0,0
난포,동화책35,37,2024.05.01,1,영수증,"돌문어간장국수 간장베이스에 새콤한 맛이 제일 맛있었음. 제철회김치말이랑 된장쌈밥은 평범했음. 특히 된장쌈밥은 머위나물인 줄 알았는데 케일인 듯함. 부모님이나 외국인 친구랑도 많이 오시는 것 같았음. 매장에 옛날 노래도 나오고, 담금주도 전시되어 있어 할머니집 같은 느낌이라 친근하고 좋았음. 다만 웨이팅 엄청 많아서 기다렸다가 음식 먹으면 감동할 정도는 아닌데 실망할 정도도 아닌 건강한 음식 맛임.","돌문어간장국수 간장베이스에 새콤한 맛이 제일 맛있었음. 제철회김치말이랑 된장쌈밥은 평범했음. 특히 된장쌈밥은 머위나물인 줄 알았는데 케일인 듯함. 부모님이나 외국인 친구랑도 많이 오시는 것 같았음. 매장에 옛날 노래도 나오고, 담금주도 전시되어 있어 할머니집 같은 느낌이라 친근하고 좋았음. 다만 웨이팅 엄청 많아서 기다렸다가 음식 먹으면 감동할 정도는 아닌데 실망할 정도도 아닌 건강한 음식 맛임.",True,normal,37,1번째 방문,True,,,1,돌문어간장국수 간장베이스에 새콤한 맛이 제일 맛있었음 제철회김치말이랑 된장쌈밥은 평범했음 특히 된장쌈밥은 머위나물인 줄 알았는데 케일인 듯함 부모님이나 외국인 친구랑도 많이 오시는 것 같았음 매장에 옛날 노래도 나오고 담금주도 전시되어 있어 할머니집 같은 느낌이라 친근하고 좋았음 다만 웨이팅 엄청 많아서 기다렸다가 음식 먹으면 감동할 정도는 아닌데 실망할 정도도 아닌 건강한 음식 맛임,223,216,0,0,1,1,2,1,1,1,1,0,0,0,1,1,1,0,0,0,0,0,1,0,0,0,0,1,0,1,0,0,0,0,0,1,1,0,0,0,0
난포,알로그달로그,104,2024.03.20,1,예약,"유명한 성수 난포. 평일 예약이 가능해서 다녀왔어요. 묵은지 제철회와 문어국수, 새우 감자전 2명이서 3개 메뉴 먹었고 메뉴 하나하나 다 맛있었어요 왜 유명한지 이해되는 맛..! 다만 음식 양은 솔직히 작아요. 가격 생각하면 정말 작은편. 더불어서 묵은지 제철회라고 되어있었는데 회가 어떤건지 알 수 없어서 고것이 조금 아쉬웠습니다. 좌석도 바 테이블 쪽 아니면 다닥다닥 앉아야 해요. 비싸고 맛있는곳~!","유명한 성수 난포. 평일 예약이 가능해서 다녀왔어요. 묵은지 제철회와 문어국수, 새우 감자전 2명이서 3개 메뉴 먹었고 메뉴 하나하나 다 맛있었어요 왜 유명한지 이해되는 맛..! 다만 음식 양은 솔직히 작아요. 가격 생각하면 정말 작은편. 더불어서 묵은지 제철회라고 되어있었는데 회가 어떤건지 알 수 없어서 고것이 조금 아쉬웠습니다. 좌석도 바 테이블 쪽 아니면 다닥다닥 앉아야 해요. 비싸고 맛있는곳~!",True,normal,104,1번째 방문,True,,,1,유명한 성수 난포 평일 예약이 가능해서 다녀왔어요 묵은지 제철회와 문어국수 새우 감자전 2명이서 3개 메뉴 먹었고 메뉴 하나하나 다 맛있었어요 왜 유명한지 이해되는 맛 다만 음식 양은 솔직히 작아요 가격 생각하면 정말 작은편 더불어서 묵은지 제철회라고 되어있었는데 회가 어떤건지 알 수 없어서 고것이 조금 아쉬웠습니다 좌석도 바 테이블 쪽 아니면 다닥다닥 앉아야 해요 비싸고 맛있는곳,226,214,0,0,1,1,1,1,0,1,1,1,1,1,2,1,0,0,2,0,0,0,1,0,0,0,0,1,1,1,0,0,0,0,0,1,1,0,0,0,0
난포,얼그레이티라떼,218,2024.09.29,1,영수증,"저번에 웨이팅,3시간 걸렸음에도 앞에서 마감시간 걸려서 결국 못먹었는데,이번엔 캐치테이블로 두시간 웨이팅걸려서 몇가지 메뉴품절걸리고 마감시간 직전에 겨우들어감.. 맛은 그다지?굳이 이정도 일까 싶은정도 면도 금방 불고 간도 짜도 그냥 그럼 . 지방에서 올라와서 같이 오래기다린 친구도 있었는데.그리고 노래가 ..영상에 나오는 거처럼 오래된 음악이 나오는데 개인적으로 저시대 유년기를 지나서 그런지 별로 안좋음","저번에 웨이팅,3시간 걸렸음에도 앞에서 마감시간 걸려서 결국 못먹었는데,이번엔 캐치테이블로 두시간 웨이팅걸려서 몇가지 메뉴품절걸리고 마감시간 직전에 겨우들어감.. 맛은 그다지?굳이 이정도 일까 싶은정도 면도 금방 불고 간도 짜도 그냥 그럼 . 지방에서 올라와서 같이 오래기다린 친구도 있었는데.그리고 노래가 ..영상에 나오는 거처럼 오래된 음악이 나오는데 개인적으로 저시대 유년기를 지나서 그런지 별로 안좋음",True,normal,218,1번째 방문,True,,,1,저번에 웨이팅 3시간 걸렸음에도 앞에서 마감시간 걸려서 결국 못먹었는데 이번엔 캐치테이블로 두시간 웨이팅걸려서 몇가지 메뉴품절걸리고 마감시간 직전에 겨우들어감 맛은 그다지 굳이 이정도 일까 싶은정도 면도 금방 불고 간도 짜도 그냥 그럼 지방에서 올라와서 같이 오래기다린 친구도 있었는데 그리고 노래가 영상에 나오는 거처럼 오래된 음악이 나오는데 개인적으로 저시대 유년기를 지나서 그런지 별로 안좋음,228,222,0,0,1,1,2,1,1,1,1,1,1,1,0,0,0,0,0,0,0,0,1,0,0,0,0,1,1,1,0,0,0,0,0,1,1,0,0,0,0
난포,마라와탕,131,2024.11.29,1,영수증,금욜 저녁에는 웨이팅이 없어서 바로 들어갔슴니당! 테이블이 서로 붙어 있지만 커서 밥먹기 편해요~ 기본 한식메뉴에 깔끔하고 간이 쎄지 않아서 건강하게 먹은 기분이 들었어요~! 회국수는 면이 쫀쫀?하고 매콤한데 회가 많이 들어가서 좋았습니당💖 맛있어 보이는 메뉴가 많아서 고민하다가 쌈밥이랑 회국수 시켰는데 솔직히 엄청 특별한 맛은 아니었지만 정갈하고 건강하게 먹은 기분이 좋아서 곰국 먹으러 다시 가보고 싶긴해요!,금욜 저녁에는 웨이팅이 없어서 바로 들어갔슴니당! 테이블이 서로 붙어 있지만 커서 밥먹기 편해요~ 기본 한식메뉴에 깔끔하고 간이 쎄지 않아서 건강하게 먹은 기분이 들었어요~! 회국수는 면이 쫀쫀?하고 매콤한데 회가 많이 들어가서 좋았습니당💖 맛있어 보이는 메뉴가 많아서 고민하다가 쌈밥이랑 회국수 시켰는데 솔직히 엄청 특별한 맛은 아니었지만 정갈하고 건강하게 먹은 기분이 좋아서 곰국 먹으러 다시 가보고 싶긴해요!,True,normal,131,1번째 방문,True,,,1,금욜 저녁에는 웨이팅이 없어서 바로 들어갔슴니당 테이블이 서로 붙어 있지만 커서 밥먹기 편해요 기본 한식메뉴에 깔끔하고 간이 쎄지 않아서 건강하게 먹은 기분이 들었어요 회국수는 면이 쫀쫀 하고 매콤한데 회가 많이 들어가서 좋았습니당 맛있어 보이는 메뉴가 많아서 고민하다가 쌈밥이랑 회국수 시켰는데 솔직히 엄청 특별한 맛은 아니었지만 정갈하고 건강하게 먹은 기분이 좋아서 곰국 먹으러 다시 가보고 싶긴해요,231,225,0,0,1,1,1,1,0,2,1,0,0,0,1,1,1,0,3,1,0,0,1,0,0,0,0,1,1,1,0,0,0,0,0,1,1,0,0,0,0
난포,멜크98,61,2024.11.23,1,예약,"성수오면 난포 1순위로 웨이팅하는데 항상 실패하고 다른데 가다가 드디어 웨이팅 성공✨💛 사실 퓨전한식 당연 맛잇을거라 생각했지만 메뉴 구성이 다양해서 그 점이 제일 좋앗어요 &gt;&lt; 두명이서 메뉴 4개 시켰는데 나눠먹으니까 안질리구 끝없이 들어가더라눈 ,, ㅎㅎ 애매한 시간대에 방문했는데 저녁되니까 분위기가 무드잇게 바뀌어서 다른 가게인줄 아랏어요핳ㅎ♥️ 담주에 또 성수약속인데 또 웨이팅 성공해쓰면 ^_^","성수오면 난포 1순위로 웨이팅하는데 항상 실패하고 다른데 가다가 드디어 웨이팅 성공✨💛 사실 퓨전한식 당연 맛잇을거라 생각했지만 메뉴 구성이 다양해서 그 점이 제일 좋앗어요 &gt;&lt; 두명이서 메뉴 4개 시켰는데 나눠먹으니까 안질리구 끝없이 들어가더라눈 ,, ㅎㅎ 애매한 시간대에 방문했는데 저녁되니까 분위기가 무드잇게 바뀌어서 다른 가게인줄 아랏어요핳ㅎ♥️ 담주에 또 성수약속인데 또 웨이팅 성공해쓰면 ^_^",True,normal,61,1번째 방문,True,,,1,성수오면 난포 1순위로 웨이팅하는데 항상 실패하고 다른데 가다가 드디어 웨이팅 성공 사실 퓨전한식 당연 맛잇을거라 생각했지만 메뉴 구성이 다양해서 그 점이 제일 좋앗어요 gt lt 두명이서 메뉴 4개 시켰는데 나눠먹으니까 안질리구 끝없이 들어가더라눈 애매한 시간대에 방문했는데 저녁되니까 분위기가 무드잇게 바뀌어서 다른 가게인줄 아랏어요핳 담주에 또 성수약속인데 또 웨이팅 성공해쓰면,232,214,0,0,1,1,4,1,1,1,1,1,0,0,0,0,0,0,0,0,0,0,0,0,0,0,0,1,1,1,0,0,0,0,0,1,1,0,0,0,0
난포,ㅈㅎ42,13,2026.02.08,1,영수증,"음식은 맛있고 괜찮았으나, 수저 연마제가 덜 닦여있었고 음식을 다 먹은 후 손가락에 까매져 알게 됐습니다. 이후 계산하면서 직원한테 말했더니 ""미리 말해줬으면 바꿔줬을텐데... 죄송하다""라는 말만 하고 본인 할 일을 하러 가셨습니다. 덕분에 밥먹은 후 입가에 트러블이 올라왔네요; 웨이팅도 배달 주문 받는다고 테이블도 못치워서 추운날 밖에서 오래 기다렸습니다. 음식은 괜찮았으나 외에 서비스적인 측면은 최악이었습니다.","음식은 맛있고 괜찮았으나, 수저 연마제가 덜 닦여있었고 음식을 다 먹은 후 손가락에 까매져 알게 됐습니다. 이후 계산하면서 직원한테 말했더니 ""미리 말해줬으면 바꿔줬을텐데... 죄송하다""라는 말만 하고 본인 할 일을 하러 가셨습니다. 덕분에 밥먹은 후 입가에 트러블이 올라왔네요; 웨이팅도 배달 주문 받는다고 테이블도 못치워서 추운날 밖에서 오래 기다렸습니다. 음식은 괜찮았으나 외에 서비스적인 측면은 최악이었습니다.",True,normal,13,1번째 방문,True,,,1,음식은 맛있고 괜찮았으나 수저 연마제가 덜 닦여있었고 음식을 다 먹은 후 손가락에 까매져 알게 됐습니다 이후 계산하면서 직원한테 말했더니 미리 말해줬으면 바꿔줬을텐데 죄송하다 라는 말만 하고 본인 할 일을 하러 가셨습니다 덕분에 밥먹은 후 입가에 트러블이 올라왔네요 웨이팅도 배달 주문 받는다고 테이블도 못치워서 추운날 밖에서 오래 기다렸습니다 음식은 괜찮았으나 외에 서비스적인 측면은 최악이었습니다,233,223,0,0,1,1,4,1,1,0,0,0,0,0,1,1,0,0,0,0,1,1,1,0,0,0,0,1,0,1,0,0,0,0,0,1,1,0,0,1,0
난포,고피치햄,330,2024.04.26,1,영수증,"워낙 유명한지라 한번쯤 와보고싶었어요😀 강된장쌈밥, 돌문어간장국수, 제철회묵은지말이 먹었습니다! 대기는 6시부터 약 1시간정도 했어요. 이왕 기다린거 메뉴2개는 아쉬워서 3개시켰는데 양이 많은편은 아니라서 2개시켰다면 모자를뻔했어요😂 저희는 여자2이었지만 남성분이 있다면 그래도 3개는 시켜야하지않을까! 유명한만큼 깔끔하고 맛있었어요. 흔하지않은메뉴라 신선했고요. 세 메뉴 다 맛있다고 생각했습니다. 기다렸던정도만큼요😀😀","워낙 유명한지라 한번쯤 와보고싶었어요😀 강된장쌈밥, 돌문어간장국수, 제철회묵은지말이 먹었습니다! 대기는 6시부터 약 1시간정도 했어요. 이왕 기다린거 메뉴2개는 아쉬워서 3개시켰는데 양이 많은편은 아니라서 2개시켰다면 모자를뻔했어요😂 저희는 여자2이었지만 남성분이 있다면 그래도 3개는 시켜야하지않을까! 유명한만큼 깔끔하고 맛있었어요. 흔하지않은메뉴라 신선했고요. 세 메뉴 다 맛있다고 생각했습니다. 기다렸던정도만큼요😀😀",True,normal,330,1번째 방문,True,,,1,워낙 유명한지라 한번쯤 와보고싶었어요 강된장쌈밥 돌문어간장국수 제철회묵은지말이 먹었습니다 대기는 6시부터 약 1시간정도 했어요 이왕 기다린거 메뉴2개는 아쉬워서 3개시켰는데 양이 많은편은 아니라서 2개시켰다면 모자를뻔했어요 저희는 여자2이었지만 남성분이 있다면 그래도 3개는 시켜야하지않을까 유명한만큼 깔끔하고 맛있었어요 흔하지않은메뉴라 신선했고요 세 메뉴 다 맛있다고 생각했습니다 기다렸던정도만큼요,235,223,0,0,1,1,1,1,0,0,0,1,2,1,2,1,0,0,2,0,0,0,1,0,0,0,0,1,1,1,0,0,0,0,0,1,1,0,0,0,0
난포,유연007,186,2024.03.21,1,영수증,"갈 때마다 많이 기다려야되고, 어떤 날은 브레이크타임 걸려 기다리다가 못먹는 날도 있는 난포. 기다림이 기본 1시간인데, 오늘은 캐치테이블로 미리 예약하고 와서 30분 가량 기다렸네요. . 깔끔하고 간이 쎄지 않아 넘 좋아하는 성수 맛집이에요. . 특히 강된장쌈밥은 최애메뉴. . 신랑은 기다리는 것 싫다고 오늘이 마지막이라고, 이제 그만가겠다고 하는데, 데코가 이쁘고, 맛은 슴슴한 강된장쌈밥이 생각나면 또 갈꺼에요! !","갈 때마다 많이 기다려야되고, 어떤 날은 브레이크타임 걸려 기다리다가 못먹는 날도 있는 난포. 기다림이 기본 1시간인데, 오늘은 캐치테이블로 미리 예약하고 와서 30분 가량 기다렸네요. . 깔끔하고 간이 쎄지 않아 넘 좋아하는 성수 맛집이에요. . 특히 강된장쌈밥은 최애메뉴. . 신랑은 기다리는 것 싫다고 오늘이 마지막이라고, 이제 그만가겠다고 하는데, 데코가 이쁘고, 맛은 슴슴한 강된장쌈밥이 생각나면 또 갈꺼에요! !",True,normal,186,1번째 방문,True,,,1,갈 때마다 많이 기다려야되고 어떤 날은 브레이크타임 걸려 기다리다가 못먹는 날도 있는 난포 기다림이 기본 1시간인데 오늘은 캐치테이블로 미리 예약하고 와서 30분 가량 기다렸네요 깔끔하고 간이 쎄지 않아 넘 좋아하는 성수 맛집이에요 특히 강된장쌈밥은 최애메뉴 신랑은 기다리는 것 싫다고 오늘이 마지막이라고 이제 그만가겠다고 하는데 데코가 이쁘고 맛은 슴슴한 강된장쌈밥이 생각나면 또 갈꺼에요,236,218,0,0,1,1,0,0,0,0,0,1,2,1,2,1,0,0,2,0,0,0,0,0,0,0,0,1,1,1,0,0,0,0,0,1,0,0,0,0,0
난포,콩콩몬,62,2024.04.05,1,영수증,"인기있는 이유가 있더라고요! 정말 맛있어요~ 시그니처 강된장쌈밥도 넘 맛있고, 돌문어간장국수 다시 또 먹고싶네요! 금요일 저녁에 갈 경우, 브레이크타임 끝나는 시간에 맞춰서 가면 좋아요! 사실 그 전부터 미리 기다리는 줄이 있는데 5시에 갔을 때, 캐치테이블 등록하고 주변 돌아다니다가 1시간 정도 후인 6시에 들어갔어요! (17시에 저녁타임 시작하고, 온라인 캐치테이블은 17:30에 오픈해서 웨이팅 걸려면 직접가는게 좋아요)","인기있는 이유가 있더라고요! 정말 맛있어요~ 시그니처 강된장쌈밥도 넘 맛있고, 돌문어간장국수 다시 또 먹고싶네요! 금요일 저녁에 갈 경우, 브레이크타임 끝나는 시간에 맞춰서 가면 좋아요! 사실 그 전부터 미리 기다리는 줄이 있는데 5시에 갔을 때, 캐치테이블 등록하고 주변 돌아다니다가 1시간 정도 후인 6시에 들어갔어요! (17시에 저녁타임 시작하고, 온라인 캐치테이블은 17:30에 오픈해서 웨이팅 걸려면 직접가는게 좋아요)",True,normal,62,1번째 방문,True,,,1,인기있는 이유가 있더라고요 정말 맛있어요 시그니처 강된장쌈밥도 넘 맛있고 돌문어간장국수 다시 또 먹고싶네요 금요일 저녁에 갈 경우 브레이크타임 끝나는 시간에 맞춰서 가면 좋아요 사실 그 전부터 미리 기다리는 줄이 있는데 5시에 갔을 때 캐치테이블 등록하고 주변 돌아다니다가 1시간 정도 후인 6시에 들어갔어요 17시에 저녁타임 시작하고 온라인 캐치테이블은 17 30에 오픈해서 웨이팅 걸려면 직접가는게 좋아요,239,228,0,0,1,1,1,1,0,3,1,1,4,1,5,1,0,0,4,1,0,0,0,0,0,0,0,1,1,1,0,0,0,0,0,1,1,0,0,0,0
난포,한식 조아하는 커비,19,2024.12.11,1,예약,"강된장쌈밥에 혹해서 들어갔는데 제철회묵은지와 돌문어간장국수에 빠져버렸다 ....❤️ 갠적으로 강된장쌈밥은 기대를 많이 해서 그런가 좀 아쉬운 삼삼한 맛이었고, 돌문어간장국수는 입맛 없을 때 먹으면 미친듯이 입맛 돌게 할 맛이에요!!! 제 남자친구는 간장국수가 가장 맛있었다고 하네용ㅎㅎ 전 간장국수도 너어어어무 좋았지만! 회러버로서 제철회묵은지 강추합니다!💕 (**강된장쌈밥 2개 이미 먹은 사진입니다! 너무 배고팠어요 ....😂)","강된장쌈밥에 혹해서 들어갔는데 제철회묵은지와 돌문어간장국수에 빠져버렸다 ....❤️ 갠적으로 강된장쌈밥은 기대를 많이 해서 그런가 좀 아쉬운 삼삼한 맛이었고, 돌문어간장국수는 입맛 없을 때 먹으면 미친듯이 입맛 돌게 할 맛이에요!!! 제 남자친구는 간장국수가 가장 맛있었다고 하네용ㅎㅎ 전 간장국수도 너어어어무 좋았지만! 회러버로서 제철회묵은지 강추합니다!💕 (**강된장쌈밥 2개 이미 먹은 사진입니다! 너무 배고팠어요 ....😂)",True,normal,19,1번째 방문,True,,,1,강된장쌈밥에 혹해서 들어갔는데 제철회묵은지와 돌문어간장국수에 빠져버렸다 갠적으로 강된장쌈밥은 기대를 많이 해서 그런가 좀 아쉬운 삼삼한 맛이었고 돌문어간장국수는 입맛 없을 때 먹으면 미친듯이 입맛 돌게 할 맛이에요 제 남자친구는 간장국수가 가장 맛있었다고 하네용 전 간장국수도 너어어어무 좋았지만 회러버로서 제철회묵은지 강추합니다 강된장쌈밥 2개 이미 먹은 사진입니다 너무 배고팠어요,241,214,0,0,1,1,0,0,0,1,1,1,0,0,2,1,1,0,6,1,0,0,0,0,0,0,0,1,0,1,0,0,0,0,0,1,1,0,0,0,0
난포,오리오리오리꽥꽥,346,2024.03.25,1,예약,늘 인기 상위 랭킹이라 궁금했는데 정말 맛있었어요~! 음식에 대한 새로운 길&amp;고민과 철학이 고스란히 담겨진 느낌. 새우감자전은 필수 인듯합니다.! 동서양의 만남 새우와 감자의 만남! 회묵은지말이 깔끔 . 들기름막국수도 괜찮지만 다음엔 이조합에 돌문어굳수를 함께 곁들이고 싶네요. 모든 음식이 중상이상 다른조합 다른메뉴 궁금해서 또또또 가고픈 곳입니다. 비오는 월요일 점심이라 캐치테이블로 20분전에 예약해서 바로 입장했습니다.,늘 인기 상위 랭킹이라 궁금했는데 정말 맛있었어요~! 음식에 대한 새로운 길&amp;고민과 철학이 고스란히 담겨진 느낌. 새우감자전은 필수 인듯합니다.! 동서양의 만남 새우와 감자의 만남! 회묵은지말이 깔끔 . 들기름막국수도 괜찮지만 다음엔 이조합에 돌문어굳수를 함께 곁들이고 싶네요. 모든 음식이 중상이상 다른조합 다른메뉴 궁금해서 또또또 가고픈 곳입니다. 비오는 월요일 점심이라 캐치테이블로 20분전에 예약해서 바로 입장했습니다.,True,normal,346,1번째 방문,True,,,1,늘 인기 상위 랭킹이라 궁금했는데 정말 맛있었어요 음식에 대한 새로운 길 amp 고민과 철학이 고스란히 담겨진 느낌 새우감자전은 필수 인듯합니다 동서양의 만남 새우와 감자의 만남 회묵은지말이 깔끔 들기름막국수도 괜찮지만 다음엔 이조합에 돌문어굳수를 함께 곁들이고 싶네요 모든 음식이 중상이상 다른조합 다른메뉴 궁금해서 또또또 가고픈 곳입니다 비오는 월요일 점심이라 캐치테이블로 20분전에 예약해서 바로 입장했습니다,242,231,0,0,1,1,0,0,0,2,1,1,1,1,1,1,0,0,3,1,0,0,1,0,0,0,0,1,1,1,0,0,0,0,0,1,1,0,0,0,0
난포,Rey8881,35,2024.11.14,1,영수증,"메뉴에 음식에 어떤 내용이 들어간지 기재가 안되어있고, 서비스도 엉망입니다. 다시는 방문하지 않고싶습니다. 국수의경우에는 딱딱한 무언가가 씹혔으나 그부분도 확인이 안됩니다. 최악의 식사였습니다. They don’t describe the ingredients of the dishes and the customer service is very awful. Do not recommend this restaurant for anyone.","메뉴에 음식에 어떤 내용이 들어간지 기재가 안되어있고, 서비스도 엉망입니다. 다시는 방문하지 않고싶습니다. 국수의경우에는 딱딱한 무언가가 씹혔으나 그부분도 확인이 안됩니다. 최악의 식사였습니다. They don’t describe the ingredients of the dishes and the customer service is very awful. Do not recommend this restaurant for anyone.",True,normal,35,1번째 방문,True,,,1,메뉴에 음식에 어떤 내용이 들어간지 기재가 안되어있고 서비스도 엉망입니다 다시는 방문하지 않고싶습니다 국수의경우에는 딱딱한 무언가가 씹혔으나 그부분도 확인이 안됩니다 최악의 식사였습니다 They don t describe the ingredients of the dishes and the customer service is very awful Do not recommend this restaurant for anyone,243,236,0,0,1,1,1,1,0,0,0,0,0,0,0,0,0,0,0,0,1,1,0,0,0,0,0,1,0,1,0,0,0,0,0,1,1,0,0,1,0
난포,dcdrx,366,2025.04.26,1,영수증,"웨이팅이 엄청난 가게예요,, 저희가 오픈과 동시에 6번째로 웨이팅 걸었는데 1시간 넘게 기다린 끝에 입장했고, 저희 뒤에 50팀 이상 대기가 걸렸더라고요ㄷㄷ 원래 기다려서 먹는 타입은 아니지만, 친구가 궁금해해서 가봤습니다! 가격이 꽤 착했고, 메뉴가 독특해요! 개인적으로 강된장쌈밥이 정말 맛있었어요!(나머지 메뉴는 그닥,,) 웨이팅이 워낙 길다보니 후딱후딱 먹고 나오게 되더라고요ㅎㅎ 막 엄청 기다려서 먹을 정도인가...?는 모르겠어요!","웨이팅이 엄청난 가게예요,, 저희가 오픈과 동시에 6번째로 웨이팅 걸었는데 1시간 넘게 기다린 끝에 입장했고, 저희 뒤에 50팀 이상 대기가 걸렸더라고요ㄷㄷ 원래 기다려서 먹는 타입은 아니지만, 친구가 궁금해해서 가봤습니다! 가격이 꽤 착했고, 메뉴가 독특해요! 개인적으로 강된장쌈밥이 정말 맛있었어요!(나머지 메뉴는 그닥,,) 웨이팅이 워낙 길다보니 후딱후딱 먹고 나오게 되더라고요ㅎㅎ 막 엄청 기다려서 먹을 정도인가...?는 모르겠어요!",True,normal,366,1번째 방문,True,,,1,웨이팅이 엄청난 가게예요 저희가 오픈과 동시에 6번째로 웨이팅 걸었는데 1시간 넘게 기다린 끝에 입장했고 저희 뒤에 50팀 이상 대기가 걸렸더라고요 원래 기다려서 먹는 타입은 아니지만 친구가 궁금해해서 가봤습니다 가격이 꽤 착했고 메뉴가 독특해요 개인적으로 강된장쌈밥이 정말 맛있었어요 나머지 메뉴는 그닥 웨이팅이 워낙 길다보니 후딱후딱 먹고 나오게 되더라고요 막 엄청 기다려서 먹을 정도인가 는 모르겠어요,246,227,0,0,1,1,5,1,1,1,1,1,1,1,2,1,2,0,4,1,0,0,1,0,0,0,0,1,1,1,0,0,0,0,0,1,1,0,0,0,0
난포,kkim 간다,2367,2024.04.04,1,영수증,조용필 노래 너무 좋지만 시끄러웠음 ㅠ 묵은지 제철회말이는 나의 최애음식임에도 불구하고 묵은지가 조금 간이 쎈편임 비주얼이 제일 맘에 들었던 강된장쌈밥이 제일 맛이 없었고 새우감자전이 제일 맛있었음!! 3명이서 갔는데 3명 의견 동일 ㅋ 바삭하고 고소하고 트러플인지 고르곤졸라인지의 풍미가 아주 좋네요 ㅋㅋ 웨이팅 45분 정도 했는데 캐치테이블이 되어서 성수골목 구경하느라 시간보내서 다행이니... 웨이팅해서 먹을 맛은 아니란 생각이... ^^,조용필 노래 너무 좋지만 시끄러웠음 ㅠ 묵은지 제철회말이는 나의 최애음식임에도 불구하고 묵은지가 조금 간이 쎈편임 비주얼이 제일 맘에 들었던 강된장쌈밥이 제일 맛이 없었고 새우감자전이 제일 맛있었음!! 3명이서 갔는데 3명 의견 동일 ㅋ 바삭하고 고소하고 트러플인지 고르곤졸라인지의 풍미가 아주 좋네요 ㅋㅋ 웨이팅 45분 정도 했는데 캐치테이블이 되어서 성수골목 구경하느라 시간보내서 다행이니... 웨이팅해서 먹을 맛은 아니란 생각이... ^^,True,normal,2367,1번째 방문,True,,,1,조용필 노래 너무 좋지만 시끄러웠음 묵은지 제철회말이는 나의 최애음식임에도 불구하고 묵은지가 조금 간이 쎈편임 비주얼이 제일 맘에 들었던 강된장쌈밥이 제일 맛이 없었고 새우감자전이 제일 맛있었음 3명이서 갔는데 3명 의견 동일 바삭하고 고소하고 트러플인지 고르곤졸라인지의 풍미가 아주 좋네요 웨이팅 45분 정도 했는데 캐치테이블이 되어서 성수골목 구경하느라 시간보내서 다행이니 웨이팅해서 먹을 맛은 아니란 생각이,248,230,0,0,1,1,2,1,1,0,0,1,3,1,1,1,1,0,2,0,0,0,0,0,0,0,0,1,1,1,0,0,0,0,0,1,1,0,0,0,0
난포,달콤한좋은꿈,991,2025.04.12,1,영수증,예전에 가려다 브레이크타임으로 실패한 난포 캐치테이블로 웨이팅했으나 대기3번째 알림받고도 앞에서 40분 대기... 특히나 4인석이 적어서 늦게 빠진다 퓨전 한식답게 깔끔하고 쌈밥이 여러종류 새로나온 육회쌈밥도 먹고 제철회쌈밥과 강된장쌈밥까지 순삭 맛은 슴슴하나 건강한맛이었네요 새우감자전은 기대보다 식어서 나와서 더 따근하고 빠싹했슴 더 맛있었을거 같아요 쌈밥과 국물이나 소스가 함께 있어도 좋겠다 싶었네요 기다린 보람은 있는 맛있는 점심이었어요,예전에 가려다 브레이크타임으로 실패한 난포 캐치테이블로 웨이팅했으나 대기3번째 알림받고도 앞에서 40분 대기... 특히나 4인석이 적어서 늦게 빠진다 퓨전 한식답게 깔끔하고 쌈밥이 여러종류 새로나온 육회쌈밥도 먹고 제철회쌈밥과 강된장쌈밥까지 순삭 맛은 슴슴하나 건강한맛이었네요 새우감자전은 기대보다 식어서 나와서 더 따근하고 빠싹했슴 더 맛있었을거 같아요 쌈밥과 국물이나 소스가 함께 있어도 좋겠다 싶었네요 기다린 보람은 있는 맛있는 점심이었어요,True,normal,991,1번째 방문,True,,,1,예전에 가려다 브레이크타임으로 실패한 난포 캐치테이블로 웨이팅했으나 대기3번째 알림받고도 앞에서 40분 대기 특히나 4인석이 적어서 늦게 빠진다 퓨전 한식답게 깔끔하고 쌈밥이 여러종류 새로나온 육회쌈밥도 먹고 제철회쌈밥과 강된장쌈밥까지 순삭 맛은 슴슴하나 건강한맛이었네요 새우감자전은 기대보다 식어서 나와서 더 따근하고 빠싹했슴 더 맛있었을거 같아요 쌈밥과 국물이나 소스가 함께 있어도 좋겠다 싶었네요 기다린 보람은 있는 맛있는 점심이었어요,249,246,0,0,1,1,3,1,1,1,1,1,1,1,2,1,0,0,0,0,0,0,0,0,0,0,0,1,1,1,0,0,0,0,0,1,1,0,0,0,0
난포,ruask,169,2024.11.10,1,예약,"주말 점심 캐치테이블 등록해서 2시간정도 기다렷습니다 ㅠㅠ 2인으로 예약하면 비교적 빨리 빠지는것 같은데 4인은 좀 더 오래걸리더라구요 !! 왜 유명한지 ,, 알겠는 맛 ,, 맛있었어요 ! 호박잎 특유의 향 때문에 별로 안좋아했는데 여기선 정말 맛있게 먹었어요 !! 장아찌를 직접 담그시는것 같은데 음식이랑 잘어울리구 맛있었습니다 !!!! 한번쯤 가는거 추처ㄴ ~ 웨이팅은 어쩔수 없는 일이지만 아쉬운건 가격 대비 양은 작아요 ㅠㅠ 한번쯤 먹어볼만한듯해요 ~","주말 점심 캐치테이블 등록해서 2시간정도 기다렷습니다 ㅠㅠ 2인으로 예약하면 비교적 빨리 빠지는것 같은데 4인은 좀 더 오래걸리더라구요 !! 왜 유명한지 ,, 알겠는 맛 ,, 맛있었어요 ! 호박잎 특유의 향 때문에 별로 안좋아했는데 여기선 정말 맛있게 먹었어요 !! 장아찌를 직접 담그시는것 같은데 음식이랑 잘어울리구 맛있었습니다 !!!! 한번쯤 가는거 추처ㄴ ~ 웨이팅은 어쩔수 없는 일이지만 아쉬운건 가격 대비 양은 작아요 ㅠㅠ 한번쯤 먹어볼만한듯해요 ~",True,normal,169,1번째 방문,True,,,1,주말 점심 캐치테이블 등록해서 2시간정도 기다렷습니다 2인으로 예약하면 비교적 빨리 빠지는것 같은데 4인은 좀 더 오래걸리더라구요 왜 유명한지 알겠는 맛 맛있었어요 호박잎 특유의 향 때문에 별로 안좋아했는데 여기선 정말 맛있게 먹었어요 장아찌를 직접 담그시는것 같은데 음식이랑 잘어울리구 맛있었습니다 한번쯤 가는거 추처 웨이팅은 어쩔수 없는 일이지만 아쉬운건 가격 대비 양은 작아요 한번쯤 먹어볼만한듯해요,256,226,0,0,1,1,2,1,1,2,1,1,1,1,3,1,0,0,9,1,0,0,1,0,0,0,0,1,1,1,0,0,0,0,0,1,1,0,0,0,0
난포,쭈니1323,356,2025.02.03,1,영수증,오늘은 독서모임하는 날 성수동에서 만나기로 했는데 멤버중 한사람이 추천해준 난포에서 만나기로 했어요. 평상시 줄서서 먹는 곳이라 걱정하고 갔는데 날이추워서 그런지 대기손님 없이 바로 입장했습니다. 5명이라 칸막이 빼고 만들어 자리 만들어주네요 종류별로 주문해서 같이 나눠 먹기로 했어요 기존 한식집에서 볼 수없는 세팅으로 음식을 눈으로 먼저 먹고 사진 찍고 하나씩 맛 보았습니다. 식감도 좋고 맛도 좋네요~ 양이 적어보였는데 먹어보니 든든하네요^^ 잘 먹었습니당 ~,오늘은 독서모임하는 날 성수동에서 만나기로 했는데 멤버중 한사람이 추천해준 난포에서 만나기로 했어요. 평상시 줄서서 먹는 곳이라 걱정하고 갔는데 날이추워서 그런지 대기손님 없이 바로 입장했습니다. 5명이라 칸막이 빼고 만들어 자리 만들어주네요 종류별로 주문해서 같이 나눠 먹기로 했어요 기존 한식집에서 볼 수없는 세팅으로 음식을 눈으로 먼저 먹고 사진 찍고 하나씩 맛 보았습니다. 식감도 좋고 맛도 좋네요~ 양이 적어보였는데 먹어보니 든든하네요^^ 잘 먹었습니당 ~,True,normal,356,1번째 방문,True,,,1,오늘은 독서모임하는 날 성수동에서 만나기로 했는데 멤버중 한사람이 추천해준 난포에서 만나기로 했어요 평상시 줄서서 먹는 곳이라 걱정하고 갔는데 날이추워서 그런지 대기손님 없이 바로 입장했습니다 5명이라 칸막이 빼고 만들어 자리 만들어주네요 종류별로 주문해서 같이 나눠 먹기로 했어요 기존 한식집에서 볼 수없는 세팅으로 음식을 눈으로 먼저 먹고 사진 찍고 하나씩 맛 보았습니다 식감도 좋고 맛도 좋네요 양이 적어보였는데 먹어보니 든든하네요 잘 먹었습니당,260,252,0,0,1,1,3,1,1,0,0,1,1,1,1,1,0,0,0,0,0,0,1,0,0,0,0,1,1,1,0,0,0,0,0,1,1,0,0,0,0
난포,여행 맛집 그리고 일상,745,2024.05.13,1,예약,"성수동 맛집 난포 서울숲와서 오전 커피한잔하구 점심으로 난포 픽 대기하구 20분정도 지나서입장 6번째 월요일 2시20분정도 예약. 강된장쌈밥, 전복들깨국수, 제철회묵은지말이 주문. 맛은 있습니다. 개인적으로 묵은지회말이 하고 전복들깨국수가 좋았어요. 강된장은 맛이 씀씀해서 반찬없으면 조금은 . 전복들깨국수도 많이 먹으면 조금 느끼 그래서 제철묵은지회말이 같이 먹으면 좋을듯. 서울슾 맛집 난포 다음에 오면 묵은지와 다른메뉴 2개시킬듯. 식사후 서울숲 걷기 좋아요.","성수동 맛집 난포 서울숲와서 오전 커피한잔하구 점심으로 난포 픽 대기하구 20분정도 지나서입장 6번째 월요일 2시20분정도 예약. 강된장쌈밥, 전복들깨국수, 제철회묵은지말이 주문. 맛은 있습니다. 개인적으로 묵은지회말이 하고 전복들깨국수가 좋았어요. 강된장은 맛이 씀씀해서 반찬없으면 조금은 . 전복들깨국수도 많이 먹으면 조금 느끼 그래서 제철묵은지회말이 같이 먹으면 좋을듯. 서울슾 맛집 난포 다음에 오면 묵은지와 다른메뉴 2개시킬듯. 식사후 서울숲 걷기 좋아요.",True,normal,745,1번째 방문,True,,,1,성수동 맛집 난포 서울숲와서 오전 커피한잔하구 점심으로 난포 픽 대기하구 20분정도 지나서입장 6번째 월요일 2시20분정도 예약 강된장쌈밥 전복들깨국수 제철회묵은지말이 주문 맛은 있습니다 개인적으로 묵은지회말이 하고 전복들깨국수가 좋았어요 강된장은 맛이 씀씀해서 반찬없으면 조금은 전복들깨국수도 많이 먹으면 조금 느끼 그래서 제철묵은지회말이 같이 먹으면 좋을듯 서울슾 맛집 난포 다음에 오면 묵은지와 다른메뉴 2개시킬듯 식사후 서울숲 걷기 좋아요,260,249,0,0,1,1,2,1,1,2,1,1,3,1,3,1,0,0,0,0,0,0,1,0,0,0,0,1,1,1,0,0,0,0,0,1,1,0,0,0,0
난포,di****,652,2024.04.11,1,예약,간이 쎄지 않고 전반적으로 깔끔한 맛입니다! 예약 없이 오기는 많이~ 힘들것 같아요 2시 예약이어서 1시 50분쯤 들어갔고 2시 15분 좀 더 넘어서 음식 나왔어요 음식이 늦게 나오는 건 괜찮은데!!! 저희 보다 늦게온 테이블들이 계속 음식이 나오더라구요?... 화구가 두개 뿐이라 양해 부탁 드린다고 했지만 같은 메뉴 구성이라서 계속 쳐다봤그든요... 앞뒤로 늦은 사람 새우전 다 나올때 저희만 늦게나옴... 시간적으로 여유있게 기다리실 수 있는분만 추천합니다...^^...,간이 쎄지 않고 전반적으로 깔끔한 맛입니다! 예약 없이 오기는 많이~ 힘들것 같아요 2시 예약이어서 1시 50분쯤 들어갔고 2시 15분 좀 더 넘어서 음식 나왔어요 음식이 늦게 나오는 건 괜찮은데!!! 저희 보다 늦게온 테이블들이 계속 음식이 나오더라구요?... 화구가 두개 뿐이라 양해 부탁 드린다고 했지만 같은 메뉴 구성이라서 계속 쳐다봤그든요... 앞뒤로 늦은 사람 새우전 다 나올때 저희만 늦게나옴... 시간적으로 여유있게 기다리실 수 있는분만 추천합니다...^^...,True,normal,652,1번째 방문,True,,,1,간이 쎄지 않고 전반적으로 깔끔한 맛입니다 예약 없이 오기는 많이 힘들것 같아요 2시 예약이어서 1시 50분쯤 들어갔고 2시 15분 좀 더 넘어서 음식 나왔어요 음식이 늦게 나오는 건 괜찮은데 저희 보다 늦게온 테이블들이 계속 음식이 나오더라구요 화구가 두개 뿐이라 양해 부탁 드린다고 했지만 같은 메뉴 구성이라서 계속 쳐다봤그든요 앞뒤로 늦은 사람 새우전 다 나올때 저희만 늦게나옴 시간적으로 여유있게 기다리실 수 있는분만 추천합니다,266,243,0,0,1,1,0,0,0,0,0,1,5,1,2,1,0,0,4,1,0,0,0,0,0,0,0,1,1,1,0,0,0,0,0,1,0,0,0,0,0
난포,혜코21,5,2024.10.24,1,예약,"성인 세 명에서 위 사진+한우수육 주문했습니다. 아기 두 명도 같이 가서 적당한 자리로 예약해주셨고 친절하게 안내받았어요. 음식이 모두 슴슴해서 제 입에 맞았어요. 소스나 찍어먹는 장류를 요청드렸는데, 묵은지와 나오는 찬과 함께 드시라고 권유하시더라구요. 그렇게 먹으니 조합이 딱 좋았어요!(그럼에도 불구하고 저는 새우감자전은 딥핑할 소스류가 있으면 좋겠다고 생각하긴 했습니다 ^^) 양은 많지 않지만 맛있고 기분 좋은 한끼 식사였어요! 화장실 세면대가 막혀있어서 난감했어요 ㅎㅎ","성인 세 명에서 위 사진+한우수육 주문했습니다. 아기 두 명도 같이 가서 적당한 자리로 예약해주셨고 친절하게 안내받았어요. 음식이 모두 슴슴해서 제 입에 맞았어요. 소스나 찍어먹는 장류를 요청드렸는데, 묵은지와 나오는 찬과 함께 드시라고 권유하시더라구요. 그렇게 먹으니 조합이 딱 좋았어요!(그럼에도 불구하고 저는 새우감자전은 딥핑할 소스류가 있으면 좋겠다고 생각하긴 했습니다 ^^) 양은 많지 않지만 맛있고 기분 좋은 한끼 식사였어요! 화장실 세면대가 막혀있어서 난감했어요 ㅎㅎ",True,normal,5,1번째 방문,True,,,1,성인 세 명에서 위 사진 한우수육 주문했습니다 아기 두 명도 같이 가서 적당한 자리로 예약해주셨고 친절하게 안내받았어요 음식이 모두 슴슴해서 제 입에 맞았어요 소스나 찍어먹는 장류를 요청드렸는데 묵은지와 나오는 찬과 함께 드시라고 권유하시더라구요 그렇게 먹으니 조합이 딱 좋았어요 그럼에도 불구하고 저는 새우감자전은 딥핑할 소스류가 있으면 좋겠다고 생각하긴 했습니다 양은 많지 않지만 맛있고 기분 좋은 한끼 식사였어요 화장실 세면대가 막혀있어서 난감했어요,268,254,0,0,1,1,3,1,1,0,0,0,0,0,1,1,0,0,2,0,0,0,0,0,0,0,1,0,0,1,0,0,0,0,0,1,1,0,0,0,0
난포,잊우이,243,2024.12.29,1,예약,"예전부터 유명하던 난포!! 드디어 갔어요!! 1시간 이상 기다렸는데 ,,,,,, 음식들은 기대처럼 맛있었어요! 돌문어국수??? 와 소스 진짜 맛있어요. 묵은지회초밥(?)도 맛있고 시그니처인 강된장쌈밥도 맛났어요 ♡ 다만 양이 전반적으로 적었어요 ㅠㅠ 둘이서 3개 먹었는데도 배가 안 차는 ,, 🥹 강된장소스도 더 넣어주시면 좋을것같아요 ㅠㅠ (뜨거운 소스로...!) 그래도 정갈하고 깔끔하게 한 끼 먹을 수 있어서 좋았고, 외국인분들도 많더라구요!!! 한식의 위대함!!! 잘 먹었습니당 ㅎㅎ","예전부터 유명하던 난포!! 드디어 갔어요!! 1시간 이상 기다렸는데 ,,,,,, 음식들은 기대처럼 맛있었어요! 돌문어국수??? 와 소스 진짜 맛있어요. 묵은지회초밥(?)도 맛있고 시그니처인 강된장쌈밥도 맛났어요 ♡ 다만 양이 전반적으로 적었어요 ㅠㅠ 둘이서 3개 먹었는데도 배가 안 차는 ,, 🥹 강된장소스도 더 넣어주시면 좋을것같아요 ㅠㅠ (뜨거운 소스로...!) 그래도 정갈하고 깔끔하게 한 끼 먹을 수 있어서 좋았고, 외국인분들도 많더라구요!!! 한식의 위대함!!! 잘 먹었습니당 ㅎㅎ",True,normal,243,1번째 방문,True,,,1,예전부터 유명하던 난포 드디어 갔어요 1시간 이상 기다렸는데 음식들은 기대처럼 맛있었어요 돌문어국수 와 소스 진짜 맛있어요 묵은지회초밥 도 맛있고 시그니처인 강된장쌈밥도 맛났어요 다만 양이 전반적으로 적었어요 둘이서 3개 먹었는데도 배가 안 차는 강된장소스도 더 넣어주시면 좋을것같아요 뜨거운 소스로 그래도 정갈하고 깔끔하게 한 끼 먹을 수 있어서 좋았고 외국인분들도 많더라구요 한식의 위대함 잘 먹었습니당,274,227,0,0,1,1,0,0,0,0,0,1,1,1,3,1,1,0,12,1,0,0,1,0,0,0,0,1,1,1,0,0,0,0,0,1,0,0,0,0,0
난포,양성길의세계여행,1522,2025.11.20,1,영수증,"요즘 뜨거운 바람이 부는 성수동에 다녀왔어요. 골목마다 따뜻한 불빛이 번지고, 사람들의 웃음이 흐르는 그 거리에서 문득 ‘기억에 남는 한 끼’를 찾고 싶어졌죠. 그래서 네이버 플레이스로 슬쩍 검색해 보니 난포라는 식당이 눈에 들어오더라구요. 괜히 마음이 끌려 들어가 봤습니다. 곰국, 제철회 묵은지말이, 강된장쌈밥을 주문했는데… 와, 한입 먹자마자 미소가 절로. 정성 가득한 맛이 속을 따뜻하게 채워줬어요. 성수동에서 편안한 위로 같은 한 끼를 원하신다면, 난포를 정말 강력하게 추천드립니다.","요즘 뜨거운 바람이 부는 성수동에 다녀왔어요. 골목마다 따뜻한 불빛이 번지고, 사람들의 웃음이 흐르는 그 거리에서 문득 ‘기억에 남는 한 끼’를 찾고 싶어졌죠. 그래서 네이버 플레이스로 슬쩍 검색해 보니 난포라는 식당이 눈에 들어오더라구요. 괜히 마음이 끌려 들어가 봤습니다. 곰국, 제철회 묵은지말이, 강된장쌈밥을 주문했는데… 와, 한입 먹자마자 미소가 절로. 정성 가득한 맛이 속을 따뜻하게 채워줬어요. 성수동에서 편안한 위로 같은 한 끼를 원하신다면, 난포를 정말 강력하게 추천드립니다.",True,normal,1522,1번째 방문,True,,,1,요즘 뜨거운 바람이 부는 성수동에 다녀왔어요 골목마다 따뜻한 불빛이 번지고 사람들의 웃음이 흐르는 그 거리에서 문득 기억에 남는 한 끼 를 찾고 싶어졌죠 그래서 네이버 플레이스로 슬쩍 검색해 보니 난포라는 식당이 눈에 들어오더라구요 괜히 마음이 끌려 들어가 봤습니다 곰국 제철회 묵은지말이 강된장쌈밥을 주문했는데 와 한입 먹자마자 미소가 절로 정성 가득한 맛이 속을 따뜻하게 채워줬어요 성수동에서 편안한 위로 같은 한 끼를 원하신다면 난포를 정말 강력하게 추천드립니다,275,261,0,0,1,1,1,1,0,0,0,0,0,0,1,1,0,0,0,0,0,0,0,0,0,0,0,1,1,1,0,0,0,0,0,1,1,0,0,0,0
난포,라온Amy,124,2025.06.22,1,영수증,"점심시간쯤 도착했는데 웨이팅도 길지 않아 금방 들어갈 수 있어 좋았고 음식도 정갈하게 잘 나와 보기도 좋더라고요.. 시각적인 것보다 음식맛은 조금 부족했지만요^^"" 한우묵은지말이는 신김치의 신맛이 강해서 육회의 고소한 맛이 느껴지지 않았고, 강된장은 짜지 않아 먹기는 편했지만 쌈밥에 참기름향이 좀 강했어요.. 개인적으로 새우감자전은 수란에 찍어 먹는 것보다 그냥 먹는 게 더 고소하고 좋더라고요.. 비주얼이 너무 좋으니 음식맛에 기대가 커져서 저는 식사하는 동안 아쉽다는 생각이 들었네요..","점심시간쯤 도착했는데 웨이팅도 길지 않아 금방 들어갈 수 있어 좋았고 음식도 정갈하게 잘 나와 보기도 좋더라고요.. 시각적인 것보다 음식맛은 조금 부족했지만요^^"" 한우묵은지말이는 신김치의 신맛이 강해서 육회의 고소한 맛이 느껴지지 않았고, 강된장은 짜지 않아 먹기는 편했지만 쌈밥에 참기름향이 좀 강했어요.. 개인적으로 새우감자전은 수란에 찍어 먹는 것보다 그냥 먹는 게 더 고소하고 좋더라고요.. 비주얼이 너무 좋으니 음식맛에 기대가 커져서 저는 식사하는 동안 아쉽다는 생각이 들었네요..",True,normal,124,1번째 방문,True,,,1,점심시간쯤 도착했는데 웨이팅도 길지 않아 금방 들어갈 수 있어 좋았고 음식도 정갈하게 잘 나와 보기도 좋더라고요 시각적인 것보다 음식맛은 조금 부족했지만요 한우묵은지말이는 신김치의 신맛이 강해서 육회의 고소한 맛이 느껴지지 않았고 강된장은 짜지 않아 먹기는 편했지만 쌈밥에 참기름향이 좀 강했어요 개인적으로 새우감자전은 수란에 찍어 먹는 것보다 그냥 먹는 게 더 고소하고 좋더라고요 비주얼이 너무 좋으니 음식맛에 기대가 커져서 저는 식사하는 동안 아쉽다는 생각이 들었네요,275,263,0,0,1,1,1,1,0,1,1,0,0,0,0,0,1,0,0,0,0,0,1,0,0,0,0,1,1,1,0,0,0,0,0,1,1,0,0,0,0
난포,wldkekd0115,119,2025.03.12,1,영수증,"1.제철회묵은지김치:회 푸석함, 밥에 간 하나도 안되어있고 밥양 비중이 너무 높음, 목막힘 2.새우감자전:바로 조리한게 아니라 미리 해놓은듯,기름범벅 느끼함 3.강된장쌈밥:밥에 간 하나도 안되어있고 밥양 비중이 너무 높음,넓은 접시에 강된장 양도 적어서 금방 식어 차가움 결론: 인스타 사진찍어 올리기 위해 한번정도는 가볼 수 있지만 가격대비 맛이 최악이며 밥 양이 많아 배는 채울 수 있을 것 같음. 노래는 8090세대 노래 나와서 물음표이긴 하고 너무 크게 틀어서 귀아픔, 다시는 안갑니다","1.제철회묵은지김치:회 푸석함, 밥에 간 하나도 안되어있고 밥양 비중이 너무 높음, 목막힘 2.새우감자전:바로 조리한게 아니라 미리 해놓은듯,기름범벅 느끼함 3.강된장쌈밥:밥에 간 하나도 안되어있고 밥양 비중이 너무 높음,넓은 접시에 강된장 양도 적어서 금방 식어 차가움 결론: 인스타 사진찍어 올리기 위해 한번정도는 가볼 수 있지만 가격대비 맛이 최악이며 밥 양이 많아 배는 채울 수 있을 것 같음. 노래는 8090세대 노래 나와서 물음표이긴 하고 너무 크게 틀어서 귀아픔, 다시는 안갑니다",True,normal,119,1번째 방문,True,,,1,1 제철회묵은지김치 회 푸석함 밥에 간 하나도 안되어있고 밥양 비중이 너무 높음 목막힘 2 새우감자전 바로 조리한게 아니라 미리 해놓은듯 기름범벅 느끼함 3 강된장쌈밥 밥에 간 하나도 안되어있고 밥양 비중이 너무 높음 넓은 접시에 강된장 양도 적어서 금방 식어 차가움 결론 인스타 사진찍어 올리기 위해 한번정도는 가볼 수 있지만 가격대비 맛이 최악이며 밥 양이 많아 배는 채울 수 있을 것 같음 노래는 8090세대 노래 나와서 물음표이긴 하고 너무 크게 틀어서 귀아픔 다시는 안갑니다,275,270,0,0,1,1,1,1,0,0,0,1,0,0,0,0,3,1,0,0,1,1,0,0,0,0,0,1,1,1,0,0,0,0,0,1,1,0,0,1,0
난포,its****,24,2025.08.29,1,예약,"오늘 특별한날 기념하기 위해 남편과 방문했습니다. 주말과 저녁시간이 아님에도 매장내 손님들이 많은 편이었습니다. 2인 3메뉴 시켰는데 양이 딱 맞았습니다. 만약 술과 함께 드신다면 1인 1메뉴가 적당할 것 같습니다. 음식 모두 정갈하고 맛있었습니다. 건강하고 산뜻하여 남녀노소 가리지 않고 모든 사람이 잘 먹을 수 있는 음식이었습니다. 좋은 곳, 좋은 음식을 보면 내 가족 내 지인에게 소개해주고 싶은데 난포가 딱 그런곳이네요. 다음번에 다른 메뉴들도 맛보러 재방문하겠습니다. 잘먹었습니다 ☺️","오늘 특별한날 기념하기 위해 남편과 방문했습니다. 주말과 저녁시간이 아님에도 매장내 손님들이 많은 편이었습니다. 2인 3메뉴 시켰는데 양이 딱 맞았습니다. 만약 술과 함께 드신다면 1인 1메뉴가 적당할 것 같습니다. 음식 모두 정갈하고 맛있었습니다. 건강하고 산뜻하여 남녀노소 가리지 않고 모든 사람이 잘 먹을 수 있는 음식이었습니다. 좋은 곳, 좋은 음식을 보면 내 가족 내 지인에게 소개해주고 싶은데 난포가 딱 그런곳이네요. 다음번에 다른 메뉴들도 맛보러 재방문하겠습니다. 잘먹었습니다 ☺️",True,normal,24,1번째 방문,True,,,1,오늘 특별한날 기념하기 위해 남편과 방문했습니다 주말과 저녁시간이 아님에도 매장내 손님들이 많은 편이었습니다 2인 3메뉴 시켰는데 양이 딱 맞았습니다 만약 술과 함께 드신다면 1인 1메뉴가 적당할 것 같습니다 음식 모두 정갈하고 맛있었습니다 건강하고 산뜻하여 남녀노소 가리지 않고 모든 사람이 잘 먹을 수 있는 음식이었습니다 좋은 곳 좋은 음식을 보면 내 가족 내 지인에게 소개해주고 싶은데 난포가 딱 그런곳이네요 다음번에 다른 메뉴들도 맛보러 재방문하겠습니다 잘먹었습니다,276,264,0,0,1,1,1,1,0,3,1,1,0,0,1,1,0,0,0,0,0,0,0,1,1,0,0,1,0,1,0,0,0,0,0,1,1,0,0,0,0
난포,JO기자,291,2024.04.12,1,주문,"평일 오픈런했는데도 사람이 많더라구요 첫 타임에 못들어가고 대기 5번이여서 금방 빠지겠거니… 하고 근처에서 서성였는데 40분이나 기다렸.. ㅎㅎㅎㅎ 첫타임에 못 들어가면 기본 40분 정돈 생각하셔야 하나봐요~ 그렇게 어렵게 들어가서 강된장쌈밥 주문! 찰기있는 쌈밥에 강된장 스르르륵 야무지게 비벼 먹었어요 ㅎㅎ 간도 세지 않은데도 감칠맛이 있어서 맛있게 먹었구요, 반찬도 자극적이지 않은데 쌈밥이랑 너무 잘 어울려서 리필까지 맛있게 먹었습니당! 물까지 맛있는 이곳! 다음엔 다른 메뉴도 먹고 싶네요!","평일 오픈런했는데도 사람이 많더라구요 첫 타임에 못들어가고 대기 5번이여서 금방 빠지겠거니… 하고 근처에서 서성였는데 40분이나 기다렸.. ㅎㅎㅎㅎ 첫타임에 못 들어가면 기본 40분 정돈 생각하셔야 하나봐요~ 그렇게 어렵게 들어가서 강된장쌈밥 주문! 찰기있는 쌈밥에 강된장 스르르륵 야무지게 비벼 먹었어요 ㅎㅎ 간도 세지 않은데도 감칠맛이 있어서 맛있게 먹었구요, 반찬도 자극적이지 않은데 쌈밥이랑 너무 잘 어울려서 리필까지 맛있게 먹었습니당! 물까지 맛있는 이곳! 다음엔 다른 메뉴도 먹고 싶네요!",True,normal,291,1번째 방문,True,,,1,평일 오픈런했는데도 사람이 많더라구요 첫 타임에 못들어가고 대기 5번이여서 금방 빠지겠거니 하고 근처에서 서성였는데 40분이나 기다렸 첫타임에 못 들어가면 기본 40분 정돈 생각하셔야 하나봐요 그렇게 어렵게 들어가서 강된장쌈밥 주문 찰기있는 쌈밥에 강된장 스르르륵 야무지게 비벼 먹었어요 간도 세지 않은데도 감칠맛이 있어서 맛있게 먹었구요 반찬도 자극적이지 않은데 쌈밥이랑 너무 잘 어울려서 리필까지 맛있게 먹었습니당 물까지 맛있는 이곳 다음엔 다른 메뉴도 먹고 싶네요,279,262,0,0,1,1,2,1,1,1,1,1,2,1,3,1,1,0,4,1,0,0,0,0,0,0,0,1,1,1,0,0,0,0,0,1,1,0,0,0,0
난포,밀2176,603,2024.05.21,1,영수증,"전복 들깨 국수, 돌문어 간장국수, 강된장 쌈밥, 새우감자전, 제철 회 묵은지 말이 주문했습니다 여기부터 저기까지 다 주세요 하고 싶은 독특한 메뉴들을 판매하는 곳! 가장 유명한 강된장 쌈밥 포함해서 총 5가지 메뉴 중 개인적으로 가장 맛있게 먹은 건 제철 회 묵은지 말이에요! 기본 찬으로 나오는 묵은지만 먹어도 느껴지는 확신의 묵은지 맛집🤤 당귀 맛을 즐길 수 있다면 돌문어 간장국수도 추천합니다~ 산뜻하면서 새콤달달한게 여름에 어울리는 맛이에요 다음에 방문하면 묵은지 말이에 곰국 도전해보겠슴댜-!","전복 들깨 국수, 돌문어 간장국수, 강된장 쌈밥, 새우감자전, 제철 회 묵은지 말이 주문했습니다 여기부터 저기까지 다 주세요 하고 싶은 독특한 메뉴들을 판매하는 곳! 가장 유명한 강된장 쌈밥 포함해서 총 5가지 메뉴 중 개인적으로 가장 맛있게 먹은 건 제철 회 묵은지 말이에요! 기본 찬으로 나오는 묵은지만 먹어도 느껴지는 확신의 묵은지 맛집🤤 당귀 맛을 즐길 수 있다면 돌문어 간장국수도 추천합니다~ 산뜻하면서 새콤달달한게 여름에 어울리는 맛이에요 다음에 방문하면 묵은지 말이에 곰국 도전해보겠슴댜-!",True,normal,603,1번째 방문,True,,,1,전복 들깨 국수 돌문어 간장국수 강된장 쌈밥 새우감자전 제철 회 묵은지 말이 주문했습니다 여기부터 저기까지 다 주세요 하고 싶은 독특한 메뉴들을 판매하는 곳 가장 유명한 강된장 쌈밥 포함해서 총 5가지 메뉴 중 개인적으로 가장 맛있게 먹은 건 제철 회 묵은지 말이에요 기본 찬으로 나오는 묵은지만 먹어도 느껴지는 확신의 묵은지 맛집 당귀 맛을 즐길 수 있다면 돌문어 간장국수도 추천합니다 산뜻하면서 새콤달달한게 여름에 어울리는 맛이에요 다음에 방문하면 묵은지 말이에 곰국 도전해보겠슴댜,281,271,0,0,1,1,1,1,0,1,1,1,0,0,3,1,0,0,3,1,0,0,1,0,0,0,0,1,1,1,0,0,0,0,0,1,1,0,0,0,0
난포,lacuelia,3,2025.09.22,1,예약,"음식은 그럭저럭, 다만 직원들인지 알바인지 너무 불친절해서 굳이 재방문하고 싶지 않은 곳. 마감시간 30분이나 남았는데 쓰레기봉투를 들고 왔다갔다하질않나, 다소 불편하게 들리는 노래를 트는 등 굉장히 이해할 수 없는 상황이 계속 되었음. 처음 도착했을때, 결제할때도 누구하나 인사하는 사람이 없었고 식당 밖에 나오자마자 해당 직원들이 바로 앞에 줄줄이 앉아있는 모습이 좋게 보이진않았음. 이 정도 맛에 훨씬 더 좋은 서비스를 제공하는 식당들이 많은데, 여기가 왜 줄 서는 맛집인지 전혀 이해가 안되는 부분.","음식은 그럭저럭, 다만 직원들인지 알바인지 너무 불친절해서 굳이 재방문하고 싶지 않은 곳. 마감시간 30분이나 남았는데 쓰레기봉투를 들고 왔다갔다하질않나, 다소 불편하게 들리는 노래를 트는 등 굉장히 이해할 수 없는 상황이 계속 되었음. 처음 도착했을때, 결제할때도 누구하나 인사하는 사람이 없었고 식당 밖에 나오자마자 해당 직원들이 바로 앞에 줄줄이 앉아있는 모습이 좋게 보이진않았음. 이 정도 맛에 훨씬 더 좋은 서비스를 제공하는 식당들이 많은데, 여기가 왜 줄 서는 맛집인지 전혀 이해가 안되는 부분.",True,normal,3,1번째 방문,True,,,1,음식은 그럭저럭 다만 직원들인지 알바인지 너무 불친절해서 굳이 재방문하고 싶지 않은 곳 마감시간 30분이나 남았는데 쓰레기봉투를 들고 왔다갔다하질않나 다소 불편하게 들리는 노래를 트는 등 굉장히 이해할 수 없는 상황이 계속 되었음 처음 도착했을때 결제할때도 누구하나 인사하는 사람이 없었고 식당 밖에 나오자마자 해당 직원들이 바로 앞에 줄줄이 앉아있는 모습이 좋게 보이진않았음 이 정도 맛에 훨씬 더 좋은 서비스를 제공하는 식당들이 많은데 여기가 왜 줄 서는 맛집인지 전혀 이해가 안되는 부분,283,275,0,0,1,1,5,1,1,0,0,1,1,1,1,1,1,0,0,0,1,1,1,1,1,0,1,0,0,1,0,0,0,0,0,1,1,0,0,1,0
난포,바이브코더오둥이,789,2025.03.13,1,예약,"미친 웨이팅으로 유명한 성수동 난포! 유명한 메뉴인 강된장 쌈밥과 제철회 묵은지말이, 그리고 물문어 간장국수를 주문. 두명이서 방문했기에 3개는 좀 많나? 싶었는데 웬걸. 두명이서 10분만에 뚝딱 했는데 약간 양이 모자름😀 우리엄마가 바닷가 마을에 살았다면 해주셨을 만한 집밥 느낌의 음식으로, 맛으로는 절대 불평할 수 없을 만큼 맛있음!!😋 뒤에 대기가 많아서 느긋하게 앉아서 먹을 만한 분위기는 아니고, 빨리 먹고 후딱 나가야 함. 그래서 앞에 대기하는 사람은 많지만, 생각보다 대기 시간이 길진 않음!","미친 웨이팅으로 유명한 성수동 난포! 유명한 메뉴인 강된장 쌈밥과 제철회 묵은지말이, 그리고 물문어 간장국수를 주문. 두명이서 방문했기에 3개는 좀 많나? 싶었는데 웬걸. 두명이서 10분만에 뚝딱 했는데 약간 양이 모자름😀 우리엄마가 바닷가 마을에 살았다면 해주셨을 만한 집밥 느낌의 음식으로, 맛으로는 절대 불평할 수 없을 만큼 맛있음!!😋 뒤에 대기가 많아서 느긋하게 앉아서 먹을 만한 분위기는 아니고, 빨리 먹고 후딱 나가야 함. 그래서 앞에 대기하는 사람은 많지만, 생각보다 대기 시간이 길진 않음!",True,normal,789,1번째 방문,True,,,1,미친 웨이팅으로 유명한 성수동 난포 유명한 메뉴인 강된장 쌈밥과 제철회 묵은지말이 그리고 물문어 간장국수를 주문 두명이서 방문했기에 3개는 좀 많나 싶었는데 웬걸 두명이서 10분만에 뚝딱 했는데 약간 양이 모자름 우리엄마가 바닷가 마을에 살았다면 해주셨을 만한 집밥 느낌의 음식으로 맛으로는 절대 불평할 수 없을 만큼 맛있음 뒤에 대기가 많아서 느긋하게 앉아서 먹을 만한 분위기는 아니고 빨리 먹고 후딱 나가야 함 그래서 앞에 대기하는 사람은 많지만 생각보다 대기 시간이 길진 않음,283,269,0,0,1,1,6,1,1,0,0,1,1,1,1,1,0,0,4,1,0,0,1,0,0,0,0,1,1,1,0,0,0,0,0,1,1,0,0,0,0
난포,괜찮아 잘될 거야,1812,2024.04.20,2,영수증,"비오는 토요일에 서울숲 나들이 왔다가, 난포에서 이른 점심을 먹기로 하고 11시 10분에 도착했더니 대기 3번이네요. 기다리는 동안 서울숲 산책하다 40분 후 입장 가능 문자가 와서 자리잡고 앉았어요. 저번 방문 때는 대기 시간이 엄청나게 길었었는데, 비 때문인지 40분 대기는 아주 짧게 느껴지네요. 넷이서 돌문어간장국수, 전복들깨국수, 제철회묵은지말이, 강된장쌈밥, 새우감자전 주문해서 요리 하나하나의 맛에 감탄하며 맛있게 먹고 싹싹 깨끗이 비우고 나왔습니다. ^^ 8090 노래가 계속 흘러나와 정겨워요.","비오는 토요일에 서울숲 나들이 왔다가, 난포에서 이른 점심을 먹기로 하고 11시 10분에 도착했더니 대기 3번이네요. 기다리는 동안 서울숲 산책하다 40분 후 입장 가능 문자가 와서 자리잡고 앉았어요. 저번 방문 때는 대기 시간이 엄청나게 길었었는데, 비 때문인지 40분 대기는 아주 짧게 느껴지네요. 넷이서 돌문어간장국수, 전복들깨국수, 제철회묵은지말이, 강된장쌈밥, 새우감자전 주문해서 요리 하나하나의 맛에 감탄하며 맛있게 먹고 싹싹 깨끗이 비우고 나왔습니다. ^^ 8090 노래가 계속 흘러나와 정겨워요.",True,normal,1812,2번째 방문,True,,,1,비오는 토요일에 서울숲 나들이 왔다가 난포에서 이른 점심을 먹기로 하고 11시 10분에 도착했더니 대기 3번이네요 기다리는 동안 서울숲 산책하다 40분 후 입장 가능 문자가 와서 자리잡고 앉았어요 저번 방문 때는 대기 시간이 엄청나게 길었었는데 비 때문인지 40분 대기는 아주 짧게 느껴지네요 넷이서 돌문어간장국수 전복들깨국수 제철회묵은지말이 강된장쌈밥 새우감자전 주문해서 요리 하나하나의 맛에 감탄하며 맛있게 먹고 싹싹 깨끗이 비우고 나왔습니다 8090 노래가 계속 흘러나와 정겨워요,285,271,0,0,1,1,5,1,1,2,1,1,4,1,1,1,1,0,0,0,0,0,1,0,0,0,0,1,1,0,1,0,0,0,0,1,1,0,0,0,0
난포,나이키스카이,19,2025.10.07,1,영수증,일단 직원이 불친철해서 기분이 나빴습니다 여직원 안내할 때 웨이팅 대기 때도 기분이 나빴고 음식이 나와서 설명할 때도 끝까지 설명도 안하고 대충하는 모습에 또 한 번 기분이 나빴으며 테이블에 분명 4인석 자리가 있었고 1번째 대기 였으나 2인석으로 만들어서 굳이 2인석 먼저 입장시켜서 1번째 대기임에도 30분을 넘게 기다렸습니다 음식양은 많은 편이 아니고 강된장쌈밥은 약간 슴슴하나 강된장과 같이 먹으면 괜찮고 제철회묵은지도 슴슴한 편입니다 새우감자전은 비추 좀 짠편 전복들깨국수는 강추 재방문 의사는 없습니다,일단 직원이 불친철해서 기분이 나빴습니다 여직원 안내할 때 웨이팅 대기 때도 기분이 나빴고 음식이 나와서 설명할 때도 끝까지 설명도 안하고 대충하는 모습에 또 한 번 기분이 나빴으며 테이블에 분명 4인석 자리가 있었고 1번째 대기 였으나 2인석으로 만들어서 굳이 2인석 먼저 입장시켜서 1번째 대기임에도 30분을 넘게 기다렸습니다 음식양은 많은 편이 아니고 강된장쌈밥은 약간 슴슴하나 강된장과 같이 먹으면 괜찮고 제철회묵은지도 슴슴한 편입니다 새우감자전은 비추 좀 짠편 전복들깨국수는 강추 재방문 의사는 없습니다,True,normal,19,1번째 방문,True,,,1,일단 직원이 불친철해서 기분이 나빴습니다 여직원 안내할 때 웨이팅 대기 때도 기분이 나빴고 음식이 나와서 설명할 때도 끝까지 설명도 안하고 대충하는 모습에 또 한 번 기분이 나빴으며 테이블에 분명 4인석 자리가 있었고 1번째 대기 였으나 2인석으로 만들어서 굳이 2인석 먼저 입장시켜서 1번째 대기임에도 30분을 넘게 기다렸습니다 음식양은 많은 편이 아니고 강된장쌈밥은 약간 슴슴하나 강된장과 같이 먹으면 괜찮고 제철회묵은지도 슴슴한 편입니다 새우감자전은 비추 좀 짠편 전복들깨국수는 강추 재방문 의사는 없습니다,286,286,0,0,1,1,7,1,1,0,0,1,1,1,2,1,0,0,0,0,0,0,0,1,1,0,0,1,0,1,0,0,0,0,0,1,1,0,0,0,0
난포,베리88,11,2025.10.21,1,예약,여기가 왜 맛집일까 진짜 별로였다 서비스도 불친절 광어는 쫄깃함 전혀없이 퍼석거리고 뜨뜨미지근하고.. 회가 식감도 없고 온도도 너무 미즈근해요 그렇다고 감싼 묵은지에서 감칠맛이 나는것도 아니고 너어무 실망이였어요 ㅠ 다신 안갈것 같아요 그냥 맛이 없어요 강된장 쌈밥도 진짜…. 무 맛인느낌. 강된장 자체만 먹으면 그래도 약간 얼얼하면서 괜찮은가 싶기도 한데 근데 이걸 굳이 성수에서?! 왜?! 삼삼한 한정식 정말 좋아하는 사람이지만.. 이건 그냥 맛이 없어요 + 리뷰 최신순으로 보니까 리뷰들이 다 똑같은건 기분탓인지,여기가 왜 맛집일까 진짜 별로였다 서비스도 불친절 광어는 쫄깃함 전혀없이 퍼석거리고 뜨뜨미지근하고.. 회가 식감도 없고 온도도 너무 미즈근해요 그렇다고 감싼 묵은지에서 감칠맛이 나는것도 아니고 너어무 실망이였어요 ㅠ 다신 안갈것 같아요 그냥 맛이 없어요 강된장 쌈밥도 진짜…. 무 맛인느낌. 강된장 자체만 먹으면 그래도 약간 얼얼하면서 괜찮은가 싶기도 한데 근데 이걸 굳이 성수에서?! 왜?! 삼삼한 한정식 정말 좋아하는 사람이지만.. 이건 그냥 맛이 없어요 + 리뷰 최신순으로 보니까 리뷰들이 다 똑같은건 기분탓인지,True,normal,11,1번째 방문,True,,,1,여기가 왜 맛집일까 진짜 별로였다 서비스도 불친절 광어는 쫄깃함 전혀없이 퍼석거리고 뜨뜨미지근하고 회가 식감도 없고 온도도 너무 미즈근해요 그렇다고 감싼 묵은지에서 감칠맛이 나는것도 아니고 너어무 실망이였어요 다신 안갈것 같아요 그냥 맛이 없어요 강된장 쌈밥도 진짜 무 맛인느낌 강된장 자체만 먹으면 그래도 약간 얼얼하면서 괜찮은가 싶기도 한데 근데 이걸 굳이 성수에서 왜 삼삼한 한정식 정말 좋아하는 사람이지만 이건 그냥 맛이 없어요 리뷰 최신순으로 보니까 리뷰들이 다 똑같은건 기분탓인지,289,274,0,0,1,1,3,1,1,0,0,0,0,0,1,1,3,1,2,0,1,1,1,0,0,0,0,1,0,1,0,0,0,0,0,1,1,0,0,1,0
난포,kweon186,218,2024.08.01,1,영수증,"매장은 깨끗해보이나, 페인트 냄새?가 조금 났습니다. 환기가 잘 안 되는 듯 했고요. 직원분들은 모두 다 너무 친절하셔서 기억에 남네요. 음식들은, 어떤 리뷰에 있던 말처럼 기름을 잘 쓴 느낌닙니다. 쌈밥, 묵은지말이 등 밥류가 들기름 등으로 풍미가 있어서 좋았고, 묵은지나 호박잎등의 맛도 좋았습니다. 그래도… 이 가격대는 납득이 안 갈 정도였습니다. 예를 들어 새우감자전도 19000원 치고는, 건새우랑 칵테일 새우 몇 마리 정도의 구성이고요. 전반적으로 모든 메뉴가 맛은 좋으나 가격이 과하게 책정된 면이 있어요.","매장은 깨끗해보이나, 페인트 냄새?가 조금 났습니다. 환기가 잘 안 되는 듯 했고요. 직원분들은 모두 다 너무 친절하셔서 기억에 남네요. 음식들은, 어떤 리뷰에 있던 말처럼 기름을 잘 쓴 느낌닙니다. 쌈밥, 묵은지말이 등 밥류가 들기름 등으로 풍미가 있어서 좋았고, 묵은지나 호박잎등의 맛도 좋았습니다. 그래도… 이 가격대는 납득이 안 갈 정도였습니다. 예를 들어 새우감자전도 19000원 치고는, 건새우랑 칵테일 새우 몇 마리 정도의 구성이고요. 전반적으로 모든 메뉴가 맛은 좋으나 가격이 과하게 책정된 면이 있어요.",True,normal,218,1번째 방문,True,,,1,매장은 깨끗해보이나 페인트 냄새 가 조금 났습니다 환기가 잘 안 되는 듯 했고요 직원분들은 모두 다 너무 친절하셔서 기억에 남네요 음식들은 어떤 리뷰에 있던 말처럼 기름을 잘 쓴 느낌닙니다 쌈밥 묵은지말이 등 밥류가 들기름 등으로 풍미가 있어서 좋았고 묵은지나 호박잎등의 맛도 좋았습니다 그래도 이 가격대는 납득이 안 갈 정도였습니다 예를 들어 새우감자전도 19000원 치고는 건새우랑 칵테일 새우 몇 마리 정도의 구성이고요 전반적으로 모든 메뉴가 맛은 좋으나 가격이 과하게 책정된 면이 있어요,290,276,0,0,1,1,5,1,1,0,0,1,1,1,0,0,1,0,0,0,0,0,1,0,0,0,0,1,1,1,0,0,0,0,0,1,1,0,0,0,0
난포,ㅂㅎㅇㅎ,25,2024.09.03,1,예약,강된장쌈밥 비주얼보고 바로 달려왔습니다! 쌈밥은 진짜 상상하는 맛 그대로며 그것보다 조금 더 맛있습니다!🤤 아는 맛이 무섭ㄷㅏ... 이 글을 쓰면서도 다시 쌈밥이 먹고 싶어지는 그 맛...!😋🐷 돌문어간장국수는 샐러드와 간장국수 그 사이의 맛으로 생각보다 새콤했습니다! 🐙🥗 주변에서 다들 먹길래 시켜보았는데 생각했던 맛은 아니라 조금 실망했어요😂 그래도 샐러드 좋아하시는 분들이라면 가볍게 곁들일 음식으로 좋은 것 같습니다. 만약 다음에 또 방문한다면 강된장쌈밥은 그대로 시키고 제철회묵은지말이나 곰국 도전해버려고요❗️,강된장쌈밥 비주얼보고 바로 달려왔습니다! 쌈밥은 진짜 상상하는 맛 그대로며 그것보다 조금 더 맛있습니다!🤤 아는 맛이 무섭ㄷㅏ... 이 글을 쓰면서도 다시 쌈밥이 먹고 싶어지는 그 맛...!😋🐷 돌문어간장국수는 샐러드와 간장국수 그 사이의 맛으로 생각보다 새콤했습니다! 🐙🥗 주변에서 다들 먹길래 시켜보았는데 생각했던 맛은 아니라 조금 실망했어요😂 그래도 샐러드 좋아하시는 분들이라면 가볍게 곁들일 음식으로 좋은 것 같습니다. 만약 다음에 또 방문한다면 강된장쌈밥은 그대로 시키고 제철회묵은지말이나 곰국 도전해버려고요❗️,True,normal,25,1번째 방문,True,,,1,강된장쌈밥 비주얼보고 바로 달려왔습니다 쌈밥은 진짜 상상하는 맛 그대로며 그것보다 조금 더 맛있습니다 아는 맛이 무섭 이 글을 쓰면서도 다시 쌈밥이 먹고 싶어지는 그 맛 돌문어간장국수는 샐러드와 간장국수 그 사이의 맛으로 생각보다 새콤했습니다 주변에서 다들 먹길래 시켜보았는데 생각했던 맛은 아니라 조금 실망했어요 그래도 샐러드 좋아하시는 분들이라면 가볍게 곁들일 음식으로 좋은 것 같습니다 만약 다음에 또 방문한다면 강된장쌈밥은 그대로 시키고 제철회묵은지말이나 곰국 도전해버려고요,291,269,0,0,1,1,0,0,0,0,0,0,0,0,1,1,1,0,4,1,0,0,1,1,1,0,0,1,0,1,0,0,0,1,1,0,0,0,0,0,0
난포,괜찮아 잘될 거야,1812,2025.05.24,4,영수증,"친구의 생일을 축하해 주려고 서울숲 맛집 난포에 방문했어요. 워낙에 줄서는 맛집이라 친구와 약속한 시간보다 일찍 도착했는데, 오픈 시간인 11시 조금 지난 시간이라 아직은 대기가 없어서 다행히 바로 입장했어요. 난포 음식은 다 맛있어서 둘이서 3개는 주문하고 싶었는데 친구가 아침 먹은지 얼마 안 됐다고 두 개만 주문하자고 해서 아쉬웠어요. 제철회 묵은지말이와 전복들깨국수 주문해서 오늘도 역시 맛있게 잘 먹었습니다. 👍 처음 와본 친구는 다른 메뉴도 먹어보고 싶다고 다음에 친정 어머니 모시고 재방문하고 싶다고 하네요. 🤗","친구의 생일을 축하해 주려고 서울숲 맛집 난포에 방문했어요. 워낙에 줄서는 맛집이라 친구와 약속한 시간보다 일찍 도착했는데, 오픈 시간인 11시 조금 지난 시간이라 아직은 대기가 없어서 다행히 바로 입장했어요. 난포 음식은 다 맛있어서 둘이서 3개는 주문하고 싶었는데 친구가 아침 먹은지 얼마 안 됐다고 두 개만 주문하자고 해서 아쉬웠어요. 제철회 묵은지말이와 전복들깨국수 주문해서 오늘도 역시 맛있게 잘 먹었습니다. 👍 처음 와본 친구는 다른 메뉴도 먹어보고 싶다고 다음에 친정 어머니 모시고 재방문하고 싶다고 하네요. 🤗",True,normal,1812,4번째 방문,True,,,1,친구의 생일을 축하해 주려고 서울숲 맛집 난포에 방문했어요 워낙에 줄서는 맛집이라 친구와 약속한 시간보다 일찍 도착했는데 오픈 시간인 11시 조금 지난 시간이라 아직은 대기가 없어서 다행히 바로 입장했어요 난포 음식은 다 맛있어서 둘이서 3개는 주문하고 싶었는데 친구가 아침 먹은지 얼마 안 됐다고 두 개만 주문하자고 해서 아쉬웠어요 제철회 묵은지말이와 전복들깨국수 주문해서 오늘도 역시 맛있게 잘 먹었습니다 처음 와본 친구는 다른 메뉴도 먹어보고 싶다고 다음에 친정 어머니 모시고 재방문하고 싶다고 하네요,293,283,0,0,1,1,4,1,1,4,1,1,1,1,4,1,0,0,0,0,0,0,0,1,1,0,0,1,1,0,1,0,0,0,0,1,1,0,0,0,0
난포,진떵갱,439,2024.11.23,1,예약,"추운 날 서울숲 구경하고 들렀는데, 다행히 토요일 오픈 10분 전에 도착해서 긴 대기 없이 턱걸이로 첫타임 골인했슴다 ㅋㅋㅋ 큰 기대 안했던 감자전이 넘 특이하고 맛있었어요. 바삭하고 건새우+수란+치즈 조합으로 고소함 최고. 술안주긴 한데 밥반찬으로 먹어도 별미였어요. 문어국수도 상큼하니 야채들이랑 잘 어울렸고 문어가 흐물한 해동이 아니라 진짜 제대로였습니다 ㅎㅎ 묵은지 말이도 회가 두툼해서 든든하고 만족스런 맛!! 배달도 꽤 많더라구요. 다음에도 서울숲 가면 이 집 가서 밥먹을 거 같아요 ㅋㅋㅋ 담엔 강된장 쌈밥 먹어보고 싶네요","추운 날 서울숲 구경하고 들렀는데, 다행히 토요일 오픈 10분 전에 도착해서 긴 대기 없이 턱걸이로 첫타임 골인했슴다 ㅋㅋㅋ 큰 기대 안했던 감자전이 넘 특이하고 맛있었어요. 바삭하고 건새우+수란+치즈 조합으로 고소함 최고. 술안주긴 한데 밥반찬으로 먹어도 별미였어요. 문어국수도 상큼하니 야채들이랑 잘 어울렸고 문어가 흐물한 해동이 아니라 진짜 제대로였습니다 ㅎㅎ 묵은지 말이도 회가 두툼해서 든든하고 만족스런 맛!! 배달도 꽤 많더라구요. 다음에도 서울숲 가면 이 집 가서 밥먹을 거 같아요 ㅋㅋㅋ 담엔 강된장 쌈밥 먹어보고 싶네요",True,normal,439,1번째 방문,True,,,1,추운 날 서울숲 구경하고 들렀는데 다행히 토요일 오픈 10분 전에 도착해서 긴 대기 없이 턱걸이로 첫타임 골인했슴다 큰 기대 안했던 감자전이 넘 특이하고 맛있었어요 바삭하고 건새우 수란 치즈 조합으로 고소함 최고 술안주긴 한데 밥반찬으로 먹어도 별미였어요 문어국수도 상큼하니 야채들이랑 잘 어울렸고 문어가 흐물한 해동이 아니라 진짜 제대로였습니다 묵은지 말이도 회가 두툼해서 든든하고 만족스런 맛 배달도 꽤 많더라구요 다음에도 서울숲 가면 이 집 가서 밥먹을 거 같아요 담엔 강된장 쌈밥 먹어보고 싶네요,299,281,0,0,1,1,1,1,0,1,1,1,1,1,3,1,1,0,2,0,0,0,1,0,0,0,0,1,1,1,0,0,0,0,0,1,1,0,0,0,0
난포,스위스에서,44,2024.07.20,1,영수증,"오랜만에 친구들과 서울숲근처 놀러가서 엄청 핫한 난포식당 방문했어요. 토요일 3시쯤이라서 웨이팅없이 식사했는데 돌문어간장국수 완전완전 맛있어요!!👍 강된장쌈밥은 싱거웠지만 건강한 맛, 새우감자전은 바삭하고 고소 그자체, 회묵은지말이는 묵은지가 짜서 해체해서 빼내고 먹음. 간장국수와 새우감자전 강추! 단독주택을 개조해서 만든 식당이라 정겨운 대문과 반지하 입구가 독특했고 안으로 들어서면 모던하고 깔끔한 내부가 반겨주었네요. 옆테이블에 외국관광객들 많이 있었는데 핫플레이스 인정! 가격대는 비싸지만 간장국수 먹으러 또 가고 싶은 곳입니다!!","오랜만에 친구들과 서울숲근처 놀러가서 엄청 핫한 난포식당 방문했어요. 토요일 3시쯤이라서 웨이팅없이 식사했는데 돌문어간장국수 완전완전 맛있어요!!👍 강된장쌈밥은 싱거웠지만 건강한 맛, 새우감자전은 바삭하고 고소 그자체, 회묵은지말이는 묵은지가 짜서 해체해서 빼내고 먹음. 간장국수와 새우감자전 강추! 단독주택을 개조해서 만든 식당이라 정겨운 대문과 반지하 입구가 독특했고 안으로 들어서면 모던하고 깔끔한 내부가 반겨주었네요. 옆테이블에 외국관광객들 많이 있었는데 핫플레이스 인정! 가격대는 비싸지만 간장국수 먹으러 또 가고 싶은 곳입니다!!",True,normal,44,1번째 방문,True,,,1,오랜만에 친구들과 서울숲근처 놀러가서 엄청 핫한 난포식당 방문했어요 토요일 3시쯤이라서 웨이팅없이 식사했는데 돌문어간장국수 완전완전 맛있어요 강된장쌈밥은 싱거웠지만 건강한 맛 새우감자전은 바삭하고 고소 그자체 회묵은지말이는 묵은지가 짜서 해체해서 빼내고 먹음 간장국수와 새우감자전 강추 단독주택을 개조해서 만든 식당이라 정겨운 대문과 반지하 입구가 독특했고 안으로 들어서면 모던하고 깔끔한 내부가 반겨주었네요 옆테이블에 외국관광객들 많이 있었는데 핫플레이스 인정 가격대는 비싸지만 간장국수 먹으러 또 가고 싶은 곳입니다,302,290,0,0,1,1,2,1,1,2,1,1,1,1,2,1,3,1,6,1,0,0,1,0,0,0,0,1,0,1,0,0,0,0,0,1,1,0,0,0,0
난포,퍼플소다,46,2024.03.16,1,영수증,"토요일 1시에 방문해서 입구에 있는 아이패드로 웨이팅 걸고. 진짜 딱 3시간후인 4시에 입장했어요 😋 친구들과 근처 카페에서 커피마시면서 수다떨고 나와서 샵들 구경하면서 시간보내니깐 정말로 .. 기다릴만 하지 .. 주말에 난포만 바라보고 기다리시면 다들 너무 힘드실거예요 !! 그건 절대 비추 !! 물론 음식은 너무 맛있어서. 화는 안났지만 ㅋㅋ 웨이팅은 진심으로 장난 아니니깐. 성수동 갈 때 할일을 꼭 만들어서 가시고, 웨이팅은 미리미리 ~~ 깔끔하고 담백한 맛.그 자체입니당 🫶🏻❤️ 처음 온 친구 2명데리고 온건데. 다들 맛있다고 난리난리 ❤️","토요일 1시에 방문해서 입구에 있는 아이패드로 웨이팅 걸고. 진짜 딱 3시간후인 4시에 입장했어요 😋 친구들과 근처 카페에서 커피마시면서 수다떨고 나와서 샵들 구경하면서 시간보내니깐 정말로 .. 기다릴만 하지 .. 주말에 난포만 바라보고 기다리시면 다들 너무 힘드실거예요 !! 그건 절대 비추 !! 물론 음식은 너무 맛있어서. 화는 안났지만 ㅋㅋ 웨이팅은 진심으로 장난 아니니깐. 성수동 갈 때 할일을 꼭 만들어서 가시고, 웨이팅은 미리미리 ~~ 깔끔하고 담백한 맛.그 자체입니당 🫶🏻❤️ 처음 온 친구 2명데리고 온건데. 다들 맛있다고 난리난리 ❤️",True,normal,46,1번째 방문,True,,,1,토요일 1시에 방문해서 입구에 있는 아이패드로 웨이팅 걸고 진짜 딱 3시간후인 4시에 입장했어요 친구들과 근처 카페에서 커피마시면서 수다떨고 나와서 샵들 구경하면서 시간보내니깐 정말로 기다릴만 하지 주말에 난포만 바라보고 기다리시면 다들 너무 힘드실거예요 그건 절대 비추 물론 음식은 너무 맛있어서 화는 안났지만 웨이팅은 진심으로 장난 아니니깐 성수동 갈 때 할일을 꼭 만들어서 가시고 웨이팅은 미리미리 깔끔하고 담백한 맛 그 자체입니당 처음 온 친구 2명데리고 온건데 다들 맛있다고 난리난리,308,275,0,0,1,1,3,1,1,4,1,1,4,1,2,1,3,1,4,1,0,0,1,0,0,0,0,1,0,1,0,0,0,0,0,1,1,0,0,0,0
난포,네이버리뷰어,943,2024.09.14,1,영수증,"돌문어간장국수, 제철회묵은지말이, 강된장쌈밥 먹어 보았습니다. 국수는 취나물, 당귀, 쑥갓, 오이가 들어가 있어 향이 너무 좋았고 면발이 탱탱하고 슴슴한 간장소스에 찍어 먹으니 맛이 좋았습니다. 묵은지말이는 두툼한 묵은지 초밥으로 개운하고 제철회의 식감이 좋아 꼭꼭 씹으며 맛있게 먹었습니다. 쌈밥은 자극적이지 않은 강된장과 함께 조화가 너무 좋아서 순식간에 다 먹었습니다. 여기 손님이 많고 핫플레이스인 이유가 있네요! 브레이크 타임이 5시까지인데 주말에 4시 40분즘 일찍가서 20분정도 입구에서 기다렸다가 바로 먹었습니다. 정말 맛있게 먹고 갑니다:)","돌문어간장국수, 제철회묵은지말이, 강된장쌈밥 먹어 보았습니다. 국수는 취나물, 당귀, 쑥갓, 오이가 들어가 있어 향이 너무 좋았고 면발이 탱탱하고 슴슴한 간장소스에 찍어 먹으니 맛이 좋았습니다. 묵은지말이는 두툼한 묵은지 초밥으로 개운하고 제철회의 식감이 좋아 꼭꼭 씹으며 맛있게 먹었습니다. 쌈밥은 자극적이지 않은 강된장과 함께 조화가 너무 좋아서 순식간에 다 먹었습니다. 여기 손님이 많고 핫플레이스인 이유가 있네요! 브레이크 타임이 5시까지인데 주말에 4시 40분즘 일찍가서 20분정도 입구에서 기다렸다가 바로 먹었습니다. 정말 맛있게 먹고 갑니다:)",True,normal,943,1번째 방문,True,,,1,돌문어간장국수 제철회묵은지말이 강된장쌈밥 먹어 보았습니다 국수는 취나물 당귀 쑥갓 오이가 들어가 있어 향이 너무 좋았고 면발이 탱탱하고 슴슴한 간장소스에 찍어 먹으니 맛이 좋았습니다 묵은지말이는 두툼한 묵은지 초밥으로 개운하고 제철회의 식감이 좋아 꼭꼭 씹으며 맛있게 먹었습니다 쌈밥은 자극적이지 않은 강된장과 함께 조화가 너무 좋아서 순식간에 다 먹었습니다 여기 손님이 많고 핫플레이스인 이유가 있네요 브레이크 타임이 5시까지인데 주말에 4시 40분즘 일찍가서 20분정도 입구에서 기다렸다가 바로 먹었습니다 정말 맛있게 먹고 갑니다,311,298,0,0,1,1,0,0,0,1,1,1,4,1,2,1,2,0,1,0,0,0,0,0,0,0,0,1,1,1,0,0,0,0,0,1,1,0,0,0,0
난포,괜찮아 잘될 거야,1812,2024.11.04,3,영수증,"서울숲 맛집 꼽아본다면 제일 먼저 생각나는 곳이 '난포'입니다. 주말에 오면 대기가 너무 많아 한참을 기다려야 하는데, 월요일 점심 때 방문해서 대기 등록하고 30분 이내에 입장했어요. 둘이서 기다리는 동안 정했던 메뉴로 제철회묵은지말이, 강된장쌈밥, 전복들깨국수로 주문했어요. 오늘 난포에 처음 와본 친구와 음식 먹는 내내 감탄사를 연발하며 먹었어요. 신선한 재료와 간이 세지 않아 슴슴하면서도 맛깔스럽고 정갈한 음식으로 입맛을 사로잡는 곳, 맛과 건강을 다 잡은 감동받는 맛집 난포입니다., 먹는 내내 이문세 노래가 흘러나와서 가을 분위기가 물씬 느껴졌어요.","서울숲 맛집 꼽아본다면 제일 먼저 생각나는 곳이 '난포'입니다. 주말에 오면 대기가 너무 많아 한참을 기다려야 하는데, 월요일 점심 때 방문해서 대기 등록하고 30분 이내에 입장했어요. 둘이서 기다리는 동안 정했던 메뉴로 제철회묵은지말이, 강된장쌈밥, 전복들깨국수로 주문했어요. 오늘 난포에 처음 와본 친구와 음식 먹는 내내 감탄사를 연발하며 먹었어요. 신선한 재료와 간이 세지 않아 슴슴하면서도 맛깔스럽고 정갈한 음식으로 입맛을 사로잡는 곳, 맛과 건강을 다 잡은 감동받는 맛집 난포입니다., 먹는 내내 이문세 노래가 흘러나와서 가을 분위기가 물씬 느껴졌어요.",True,normal,1812,3번째 방문,True,,,1,서울숲 맛집 꼽아본다면 제일 먼저 생각나는 곳이 난포 입니다 주말에 오면 대기가 너무 많아 한참을 기다려야 하는데 월요일 점심 때 방문해서 대기 등록하고 30분 이내에 입장했어요 둘이서 기다리는 동안 정했던 메뉴로 제철회묵은지말이 강된장쌈밥 전복들깨국수로 주문했어요 오늘 난포에 처음 와본 친구와 음식 먹는 내내 감탄사를 연발하며 먹었어요 신선한 재료와 간이 세지 않아 슴슴하면서도 맛깔스럽고 정갈한 음식으로 입맛을 사로잡는 곳 맛과 건강을 다 잡은 감동받는 맛집 난포입니다 먹는 내내 이문세 노래가 흘러나와서 가을 분위기가 물씬 느껴졌어요,314,302,0,0,1,1,4,1,1,5,1,1,1,1,2,1,1,0,0,0,0,0,0,0,0,0,0,1,1,0,1,0,0,0,0,1,1,0,0,0,0
난포,히린74,14,2025.08.13,1,예약,"아니 진짜 강된장쌈밥이랑 제철회묵은지말이가 진짜 너무너무너무 맛있었어요! 제발 저 2개는 꼭 꼭 드세요,,,,, 강된장쌈밥에서 밥은 간이 덜 되어있다고 생각할 수 있는데 강된장의 양념이 완벽해서 강된장과 쌈밥의 조화가 엄청 좋구요 제철회묵은지말이는 그냥 다른 말 필요 없이 엄청 맛있어요!! 근데 새우감자전은 건새우?가 많이 들어갔는지 그냥 건새우전은 먹은거 같아서 제 입맛에는 조금 아쉬웠던거 같아요 ㅠ 그래도 전반적으로 너무 맛있어서 재방문의사 무조건 있습니다!! 다음에는 부모님과 함께 방문해야겠어요:) 덕분에 맛있는 저녁 먹은거 같아요! 사장님 감사합니다♡","아니 진짜 강된장쌈밥이랑 제철회묵은지말이가 진짜 너무너무너무 맛있었어요! 제발 저 2개는 꼭 꼭 드세요,,,,, 강된장쌈밥에서 밥은 간이 덜 되어있다고 생각할 수 있는데 강된장의 양념이 완벽해서 강된장과 쌈밥의 조화가 엄청 좋구요 제철회묵은지말이는 그냥 다른 말 필요 없이 엄청 맛있어요!! 근데 새우감자전은 건새우?가 많이 들어갔는지 그냥 건새우전은 먹은거 같아서 제 입맛에는 조금 아쉬웠던거 같아요 ㅠ 그래도 전반적으로 너무 맛있어서 재방문의사 무조건 있습니다!! 다음에는 부모님과 함께 방문해야겠어요:) 덕분에 맛있는 저녁 먹은거 같아요! 사장님 감사합니다♡",True,normal,14,1번째 방문,True,,,1,아니 진짜 강된장쌈밥이랑 제철회묵은지말이가 진짜 너무너무너무 맛있었어요 제발 저 2개는 꼭 꼭 드세요 강된장쌈밥에서 밥은 간이 덜 되어있다고 생각할 수 있는데 강된장의 양념이 완벽해서 강된장과 쌈밥의 조화가 엄청 좋구요 제철회묵은지말이는 그냥 다른 말 필요 없이 엄청 맛있어요 근데 새우감자전은 건새우 가 많이 들어갔는지 그냥 건새우전은 먹은거 같아서 제 입맛에는 조금 아쉬웠던거 같아요 그래도 전반적으로 너무 맛있어서 재방문의사 무조건 있습니다 다음에는 부모님과 함께 방문해야겠어요 덕분에 맛있는 저녁 먹은거 같아요 사장님 감사합니다,315,299,0,0,1,1,0,0,0,1,1,1,0,0,4,1,8,1,6,1,0,0,1,1,1,0,0,1,0,1,0,0,0,0,0,1,1,0,0,0,0
난포,설거지매니아,203,2025.07.20,1,예약,"투명 파티션으로 좌석을 2인석, 4인석 유동적으로 바꿀수 있음. 그래서 유도리있게 대기인원보고 충분히 조절가능할것 같음. 본인 간날 4인대기1팀이었는데 30분 이상 기다렸음. 그에 반해 2인대기는 5팀 이상 우리보다 먼저 입장하고 심지어 우리보다 늦게 와서 대기 걸고 먼저 입장하는 팀도 있었네요. 주말 점심시간이라 당연히 회전율 생각하면 4인 한팀보다 2인 두팀받는게 더 나으실테니 그러려니 하지만 최소한 예약후 대기 시간이 과하게 오래된 팀은 우선적으로 해줬어야되지 않을까요~ 암튼 단체로 가실분들은 캐치테이블로 미리미리 잘 줄서시고 피크타임때는 상황 잘 보시길","투명 파티션으로 좌석을 2인석, 4인석 유동적으로 바꿀수 있음. 그래서 유도리있게 대기인원보고 충분히 조절가능할것 같음. 본인 간날 4인대기1팀이었는데 30분 이상 기다렸음. 그에 반해 2인대기는 5팀 이상 우리보다 먼저 입장하고 심지어 우리보다 늦게 와서 대기 걸고 먼저 입장하는 팀도 있었네요. 주말 점심시간이라 당연히 회전율 생각하면 4인 한팀보다 2인 두팀받는게 더 나으실테니 그러려니 하지만 최소한 예약후 대기 시간이 과하게 오래된 팀은 우선적으로 해줬어야되지 않을까요~ 암튼 단체로 가실분들은 캐치테이블로 미리미리 잘 줄서시고 피크타임때는 상황 잘 보시길",True,normal,203,1번째 방문,True,,,1,투명 파티션으로 좌석을 2인석 4인석 유동적으로 바꿀수 있음 그래서 유도리있게 대기인원보고 충분히 조절가능할것 같음 본인 간날 4인대기1팀이었는데 30분 이상 기다렸음 그에 반해 2인대기는 5팀 이상 우리보다 먼저 입장하고 심지어 우리보다 늦게 와서 대기 걸고 먼저 입장하는 팀도 있었네요 주말 점심시간이라 당연히 회전율 생각하면 4인 한팀보다 2인 두팀받는게 더 나으실테니 그러려니 하지만 최소한 예약후 대기 시간이 과하게 오래된 팀은 우선적으로 해줬어야되지 않을까요 암튼 단체로 가실분들은 캐치테이블로 미리미리 잘 줄서시고 피크타임때는 상황 잘 보시길,316,310,0,0,1,1,5,1,1,2,1,1,1,1,0,0,0,0,0,0,0,0,0,0,0,0,0,1,1,1,0,0,0,0,0,1,1,0,0,0,0
난포,라라의 맛있는 집밥,607,2024.11.23,1,영수증,"성수동 인스타감성맛집 난포에서 웨이팅하고 식사했어요. 토요일 방문이었고.오픈 전 도착인데 현장 대기번호 8번이었어요. 재철회국수와 강된장 쌈밥, 새우 감저전 주문했어요. 모든 메뉴 비주얼부터 멋짐. 음식은 정갈하게 나오고 간은 세지않고 슴슴한 편이에요. 정성 가득한 느낌이에요. 제철 회국수는 살짝 아쉬운 맛이었고 쫄면 같은 면발이네요. 회는 듬뿍나오고 새우감자전, 강된장 쌈밥도 아주 맛있다기 보다는 우리 입맛에는 소소했지만 나쁘지 않았어요. 우엉, 초석잠 장아찌가 나오고 끓여서 나오는 시원한 물도 나와 좋았어요. 직원분들도 엄청 친절하시고 웨이팅은 계속 계속 있어요.","성수동 인스타감성맛집 난포에서 웨이팅하고 식사했어요. 토요일 방문이었고.오픈 전 도착인데 현장 대기번호 8번이었어요. 재철회국수와 강된장 쌈밥, 새우 감저전 주문했어요. 모든 메뉴 비주얼부터 멋짐. 음식은 정갈하게 나오고 간은 세지않고 슴슴한 편이에요. 정성 가득한 느낌이에요. 제철 회국수는 살짝 아쉬운 맛이었고 쫄면 같은 면발이네요. 회는 듬뿍나오고 새우감자전, 강된장 쌈밥도 아주 맛있다기 보다는 우리 입맛에는 소소했지만 나쁘지 않았어요. 우엉, 초석잠 장아찌가 나오고 끓여서 나오는 시원한 물도 나와 좋았어요. 직원분들도 엄청 친절하시고 웨이팅은 계속 계속 있어요.",True,normal,607,1번째 방문,True,,,1,성수동 인스타감성맛집 난포에서 웨이팅하고 식사했어요 토요일 방문이었고 오픈 전 도착인데 현장 대기번호 8번이었어요 재철회국수와 강된장 쌈밥 새우 감저전 주문했어요 모든 메뉴 비주얼부터 멋짐 음식은 정갈하게 나오고 간은 세지않고 슴슴한 편이에요 정성 가득한 느낌이에요 제철 회국수는 살짝 아쉬운 맛이었고 쫄면 같은 면발이네요 회는 듬뿍나오고 새우감자전 강된장 쌈밥도 아주 맛있다기 보다는 우리 입맛에는 소소했지만 나쁘지 않았어요 우엉 초석잠 장아찌가 나오고 끓여서 나오는 시원한 물도 나와 좋았어요 직원분들도 엄청 친절하시고 웨이팅은 계속 계속 있어요,320,307,0,0,1,1,6,1,1,1,1,1,0,0,2,1,1,0,0,0,1,1,0,0,0,0,0,1,1,1,0,0,0,0,0,1,1,0,0,1,0
난포,미필적입맛,329,2024.11.17,1,영수증,"강된장쌈밥 사진 잘 나오고 시그니처메뉴인것같지만, 비추천 드립니다. 흔히 먹는 강된장 아니며, 고기들어있지않고 호박잎은 부드럽지아니하며, 라이스페이퍼처럼 쫀쫀하여 식감이 별로입니다. 짭쪼름 하지않으며, 밍숭맹숭. 제철회묵은지말이 이 메뉴추천 드립니다. 식감과 과하지않은 묵은지 신맛이 꾀 즐겁습니다. 새우감자전 딱히 드라마틱하지않고, 문어숙회 또한 가성비있는 메뉴는 아닌듯합니다. 가벼히 술안주 정도? 제가 식사땐 테이블 주류드시는분 없었습니다. 굳이 사이드메뉴 주문할필요는 없는듯. 꾀 오랜시간 웨이팅 했지만 이색적인 토속적인 맛은 아니었네요. 그냥 한식의 재해석 정도.","강된장쌈밥 사진 잘 나오고 시그니처메뉴인것같지만, 비추천 드립니다. 흔히 먹는 강된장 아니며, 고기들어있지않고 호박잎은 부드럽지아니하며, 라이스페이퍼처럼 쫀쫀하여 식감이 별로입니다. 짭쪼름 하지않으며, 밍숭맹숭. 제철회묵은지말이 이 메뉴추천 드립니다. 식감과 과하지않은 묵은지 신맛이 꾀 즐겁습니다. 새우감자전 딱히 드라마틱하지않고, 문어숙회 또한 가성비있는 메뉴는 아닌듯합니다. 가벼히 술안주 정도? 제가 식사땐 테이블 주류드시는분 없었습니다. 굳이 사이드메뉴 주문할필요는 없는듯. 꾀 오랜시간 웨이팅 했지만 이색적인 토속적인 맛은 아니었네요. 그냥 한식의 재해석 정도.",True,normal,329,1번째 방문,True,,,1,강된장쌈밥 사진 잘 나오고 시그니처메뉴인것같지만 비추천 드립니다 흔히 먹는 강된장 아니며 고기들어있지않고 호박잎은 부드럽지아니하며 라이스페이퍼처럼 쫀쫀하여 식감이 별로입니다 짭쪼름 하지않으며 밍숭맹숭 제철회묵은지말이 이 메뉴추천 드립니다 식감과 과하지않은 묵은지 신맛이 꾀 즐겁습니다 새우감자전 딱히 드라마틱하지않고 문어숙회 또한 가성비있는 메뉴는 아닌듯합니다 가벼히 술안주 정도 제가 식사땐 테이블 주류드시는분 없었습니다 굳이 사이드메뉴 주문할필요는 없는듯 꾀 오랜시간 웨이팅 했지만 이색적인 토속적인 맛은 아니었네요 그냥 한식의 재해석 정도,320,304,0,0,1,1,3,1,1,0,0,0,0,0,2,1,0,0,0,0,0,0,1,0,0,0,0,1,1,1,0,0,0,0,0,1,1,0,0,0,0
난포,kyu****,84,2024.09.05,1,예약,"개인적으로 우와!!!!! 진짜맛있다!!!!!!! 정도 까진 아니었어용 ! 양이 많은 편은아니고 적은편 ! 추천에 새우감자전이 많아서 시켰는데 흔히아는 새우가 아니라 민물새우같은 그런 느낌이고, 빠싹+질김 사이라서 그냥저냥이었어용 ㅋㅋㅋㅠㅠ 19000원은 솔직히.. 너무 비싼듯..ㅋㅋㅋㅋ 금액이 저렴한 편은 아니지만 한번정도 가기엔 나뿌지않은 곳~ 묵은지맛있어용 ㅎㅎ묵은지랑 전복이나 그외 다른재료들(문어 전복 등) 이용해서 차라리 비빔밥이나 돌솥류가 생겨도 인기 좋을 것 같네용 ^__^*... ! 맛은 나쁘지않지만 음식대비 금액이 높다 ! 재방문의사는 없다 정도로 마무리!","개인적으로 우와!!!!! 진짜맛있다!!!!!!! 정도 까진 아니었어용 ! 양이 많은 편은아니고 적은편 ! 추천에 새우감자전이 많아서 시켰는데 흔히아는 새우가 아니라 민물새우같은 그런 느낌이고, 빠싹+질김 사이라서 그냥저냥이었어용 ㅋㅋㅋㅠㅠ 19000원은 솔직히.. 너무 비싼듯..ㅋㅋㅋㅋ 금액이 저렴한 편은 아니지만 한번정도 가기엔 나뿌지않은 곳~ 묵은지맛있어용 ㅎㅎ묵은지랑 전복이나 그외 다른재료들(문어 전복 등) 이용해서 차라리 비빔밥이나 돌솥류가 생겨도 인기 좋을 것 같네용 ^__^*... ! 맛은 나쁘지않지만 음식대비 금액이 높다 ! 재방문의사는 없다 정도로 마무리!",True,normal,84,1번째 방문,True,,,1,개인적으로 우와 진짜맛있다 정도 까진 아니었어용 양이 많은 편은아니고 적은편 추천에 새우감자전이 많아서 시켰는데 흔히아는 새우가 아니라 민물새우같은 그런 느낌이고 빠싹 질김 사이라서 그냥저냥이었어용 19000원은 솔직히 너무 비싼듯 금액이 저렴한 편은 아니지만 한번정도 가기엔 나뿌지않은 곳 묵은지맛있어용 묵은지랑 전복이나 그외 다른재료들 문어 전복 등 이용해서 차라리 비빔밥이나 돌솥류가 생겨도 인기 좋을 것 같네용 맛은 나쁘지않지만 음식대비 금액이 높다 재방문의사는 없다 정도로 마무리,322,273,0,0,1,1,0,0,0,0,0,1,1,1,3,1,2,0,17,1,0,0,1,1,1,0,0,1,1,1,0,0,0,0,0,1,0,0,0,0,0
난포,샤6,306,2024.10.10,1,영수증,"부모님 모시고 왔는데 예약 마감이라 당일 오픈런으로 방문 했는데 평일 오전임에도 여전히 대기 인원 많아요. 세가지 기본 메뉴는 필수 인듯 거의 모든 테이블에서 주문 하는듯 했고, 어른들 입맛에도 잘 맞고 맛있다 하세요. 개인적으로는 돌문어 간장국수,강된장 쌈밥은 필수 추천 메뉴로 추천 합니다. 생각보다 양이 많은 편은 아니라 모임등 인원이 3인이상 된다면 1인 1메뉴는 살짝 아쉬울 수 있으니 넉넉히 주문하세요. 개인적으로 기대가 가장 컸던 감자채전은 여러모로 아쉬움이 있는 메뉴 였고, 만족도가 가장 높은 메뉴는 돌문어간장비빔국수 였어요. 웨이팅만 없다면 재방문 의사 있어요.","부모님 모시고 왔는데 예약 마감이라 당일 오픈런으로 방문 했는데 평일 오전임에도 여전히 대기 인원 많아요. 세가지 기본 메뉴는 필수 인듯 거의 모든 테이블에서 주문 하는듯 했고, 어른들 입맛에도 잘 맞고 맛있다 하세요. 개인적으로는 돌문어 간장국수,강된장 쌈밥은 필수 추천 메뉴로 추천 합니다. 생각보다 양이 많은 편은 아니라 모임등 인원이 3인이상 된다면 1인 1메뉴는 살짝 아쉬울 수 있으니 넉넉히 주문하세요. 개인적으로 기대가 가장 컸던 감자채전은 여러모로 아쉬움이 있는 메뉴 였고, 만족도가 가장 높은 메뉴는 돌문어간장비빔국수 였어요. 웨이팅만 없다면 재방문 의사 있어요.",True,normal,306,1번째 방문,True,,,1,부모님 모시고 왔는데 예약 마감이라 당일 오픈런으로 방문 했는데 평일 오전임에도 여전히 대기 인원 많아요 세가지 기본 메뉴는 필수 인듯 거의 모든 테이블에서 주문 하는듯 했고 어른들 입맛에도 잘 맞고 맛있다 하세요 개인적으로는 돌문어 간장국수 강된장 쌈밥은 필수 추천 메뉴로 추천 합니다 생각보다 양이 많은 편은 아니라 모임등 인원이 3인이상 된다면 1인 1메뉴는 살짝 아쉬울 수 있으니 넉넉히 주문하세요 개인적으로 기대가 가장 컸던 감자채전은 여러모로 아쉬움이 있는 메뉴 였고 만족도가 가장 높은 메뉴는 돌문어간장비빔국수 였어요 웨이팅만 없다면 재방문 의사 있어요,324,316,0,0,1,1,4,1,1,1,1,1,0,0,3,1,0,0,0,0,0,0,0,1,1,0,0,1,1,1,0,0,0,0,0,1,1,0,0,0,0
난포,한여름방정식,69,2024.10.14,1,영수증,"서울숲 근처 청년들이 해주는 한식 식당 ♥️♥️♥️♥️🤍 맛 ♥️♥️♥️♥️♥️ 위치 ♥️♥️♥️♥️♥️ - 이곳에 오면 기본으로 강된장쌈밥, 제철회묵은지말이를 시키세요. (볼드체) - 반찬으로 초석잠과 마늘쫑이 나옴 (둘다 간장절임) - 처음에는 식사 양이 적겠다 싶었는데 먹다보니 기분좋게 배부르게 식사 마칠 수 있었음 - 물이 맹물이 아닌 누룽지 사탕같이 달달한 물 - 웨이팅이 엄청난 집이라 평일에 방문했는데 주말보다는 덜하지만 여전히 사람이 많았음. 미리 어플로 예약하거나 조금 더 부지런하게 움직이시는걸 추천드림. - 비 안오면 포장해서 서울숲에서 돗자리에 먹어도 힐링될 듯","서울숲 근처 청년들이 해주는 한식 식당 ♥️♥️♥️♥️🤍 맛 ♥️♥️♥️♥️♥️ 위치 ♥️♥️♥️♥️♥️ - 이곳에 오면 기본으로 강된장쌈밥, 제철회묵은지말이를 시키세요. (볼드체) - 반찬으로 초석잠과 마늘쫑이 나옴 (둘다 간장절임) - 처음에는 식사 양이 적겠다 싶었는데 먹다보니 기분좋게 배부르게 식사 마칠 수 있었음 - 물이 맹물이 아닌 누룽지 사탕같이 달달한 물 - 웨이팅이 엄청난 집이라 평일에 방문했는데 주말보다는 덜하지만 여전히 사람이 많았음. 미리 어플로 예약하거나 조금 더 부지런하게 움직이시는걸 추천드림. - 비 안오면 포장해서 서울숲에서 돗자리에 먹어도 힐링될 듯",True,normal,69,1번째 방문,True,,,1,서울숲 근처 청년들이 해주는 한식 식당 맛 위치 이곳에 오면 기본으로 강된장쌈밥 제철회묵은지말이를 시키세요 볼드체 반찬으로 초석잠과 마늘쫑이 나옴 둘다 간장절임 처음에는 식사 양이 적겠다 싶었는데 먹다보니 기분좋게 배부르게 식사 마칠 수 있었음 물이 맹물이 아닌 누룽지 사탕같이 달달한 물 웨이팅이 엄청난 집이라 평일에 방문했는데 주말보다는 덜하지만 여전히 사람이 많았음 미리 어플로 예약하거나 조금 더 부지런하게 움직이시는걸 추천드림 비 안오면 포장해서 서울숲에서 돗자리에 먹어도 힐링될 듯,327,275,0,0,1,1,3,1,1,2,1,0,0,0,1,1,1,0,0,0,0,0,1,0,0,0,0,1,1,1,0,0,0,0,0,1,1,0,0,0,0
난포,clo****,803,2024.03.29,1,영수증,"뭐 하나 뺄 것 없이 전부 맛있었습니다. 생긴 거랑 다르게 강된장쌈밥이 슴슴한 맛이니 제일 먼저 드세요. 제철회묵은지말이는 생각보다 묵은지 맛이 강해서 맛이 센 편이에요. 제철회국수는 생각보다 많이 달아요. 매콤한 맛도 느껴져서 매콤달콤 맛있지만, 혼자서 한 그릇 다 먹기엔 많이 다니, 여럿이서 메뉴 여럿 시켜 나눠드세요. 돌문어간장국수는 생각과 달리 상큼한 맛이 강합니다. 입맛 싹 돌아요. 전복들깨국수는 들깨 맛 확실하고 고소합니다. 새우감자전 안 시킬 수 없죠. 감자채 위에 새우, 치즈 올라가 맛없을 수 없어요. 양이 많진 않아서 인원수 +2개 정도 메뉴 더 시키시면 좋아요.","뭐 하나 뺄 것 없이 전부 맛있었습니다. 생긴 거랑 다르게 강된장쌈밥이 슴슴한 맛이니 제일 먼저 드세요. 제철회묵은지말이는 생각보다 묵은지 맛이 강해서 맛이 센 편이에요. 제철회국수는 생각보다 많이 달아요. 매콤한 맛도 느껴져서 매콤달콤 맛있지만, 혼자서 한 그릇 다 먹기엔 많이 다니, 여럿이서 메뉴 여럿 시켜 나눠드세요. 돌문어간장국수는 생각과 달리 상큼한 맛이 강합니다. 입맛 싹 돌아요. 전복들깨국수는 들깨 맛 확실하고 고소합니다. 새우감자전 안 시킬 수 없죠. 감자채 위에 새우, 치즈 올라가 맛없을 수 없어요. 양이 많진 않아서 인원수 +2개 정도 메뉴 더 시키시면 좋아요.",True,normal,803,1번째 방문,True,,,1,뭐 하나 뺄 것 없이 전부 맛있었습니다 생긴 거랑 다르게 강된장쌈밥이 슴슴한 맛이니 제일 먼저 드세요 제철회묵은지말이는 생각보다 묵은지 맛이 강해서 맛이 센 편이에요 제철회국수는 생각보다 많이 달아요 매콤한 맛도 느껴져서 매콤달콤 맛있지만 혼자서 한 그릇 다 먹기엔 많이 다니 여럿이서 메뉴 여럿 시켜 나눠드세요 돌문어간장국수는 생각과 달리 상큼한 맛이 강합니다 입맛 싹 돌아요 전복들깨국수는 들깨 맛 확실하고 고소합니다 새우감자전 안 시킬 수 없죠 감자채 위에 새우 치즈 올라가 맛없을 수 없어요 양이 많진 않아서 인원수 2개 정도 메뉴 더 시키시면 좋아요,327,312,0,0,1,1,0,0,0,0,0,1,0,0,3,1,0,0,0,0,0,0,0,0,0,0,0,1,1,1,0,0,0,1,1,0,0,0,0,0,0
난포,지두은,22,2026.01.01,1,예약,"맛은 대체로 심심해요. 묵은지말이는 회맛은 잘안나고 묵은지맛만 나고, 쌈도 된장이 심심하고 쌈안에 밥이 많이 들어있어요. 그리고 예약도 하고 오픈 10~15분전 도착해서 입구앞에서 제일 처음와서 대기했으나 오픈전으로 대문밖에서 기다려달라해서 나갔습니다. 11시된후엔 먼저 온사람 확인도없이 새치기하여 입구쪽 빨리간 사람부터 들여보내줘서 마지막으로 입장했습니다. 영하로 추운날씨에 그런상황이 벌여지니 불편하더라구요. 매장안에서도 앉고나서 벨 누르는게 없어 기다리고 있는데도 저희보다 뒤에 오신분들 먼저 주문 받고 맨 마지막에 저희한테 오시더라구요. 서비스와 맛에 실망하여 재방문은 안할것 같습니다.","맛은 대체로 심심해요. 묵은지말이는 회맛은 잘안나고 묵은지맛만 나고, 쌈도 된장이 심심하고 쌈안에 밥이 많이 들어있어요. 그리고 예약도 하고 오픈 10~15분전 도착해서 입구앞에서 제일 처음와서 대기했으나 오픈전으로 대문밖에서 기다려달라해서 나갔습니다. 11시된후엔 먼저 온사람 확인도없이 새치기하여 입구쪽 빨리간 사람부터 들여보내줘서 마지막으로 입장했습니다. 영하로 추운날씨에 그런상황이 벌여지니 불편하더라구요. 매장안에서도 앉고나서 벨 누르는게 없어 기다리고 있는데도 저희보다 뒤에 오신분들 먼저 주문 받고 맨 마지막에 저희한테 오시더라구요. 서비스와 맛에 실망하여 재방문은 안할것 같습니다.",True,normal,22,1번째 방문,True,,,1,맛은 대체로 심심해요 묵은지말이는 회맛은 잘안나고 묵은지맛만 나고 쌈도 된장이 심심하고 쌈안에 밥이 많이 들어있어요 그리고 예약도 하고 오픈 10 15분전 도착해서 입구앞에서 제일 처음와서 대기했으나 오픈전으로 대문밖에서 기다려달라해서 나갔습니다 11시된후엔 먼저 온사람 확인도없이 새치기하여 입구쪽 빨리간 사람부터 들여보내줘서 마지막으로 입장했습니다 영하로 추운날씨에 그런상황이 벌여지니 불편하더라구요 매장안에서도 앉고나서 벨 누르는게 없어 기다리고 있는데도 저희보다 뒤에 오신분들 먼저 주문 받고 맨 마지막에 저희한테 오시더라구요 서비스와 맛에 실망하여 재방문은 안할것 같습니다,333,325,0,0,1,1,4,1,1,0,0,1,2,1,0,0,0,0,0,0,1,1,0,1,1,0,0,1,0,1,0,0,0,0,0,1,1,0,0,1,0
난포,박하낰낰,145,2025.12.08,1,영수증,부모님하고도 성수동을 즐겁게 즐길수 있다!! 크리스마스 시즌이라 가족단위의 팝업도 열리고 서울숲은 여전히 산책하기 좋습니다. 날씨가 좋은날 어머니를 모시고 거리를 즐기다 들어가기 좋은 식당. 편안한 식탁과 의자. 끼니 때 마다 김치를 찾는 어머니의 입맛을 충족시켜주는 마늘쫑과 묵은지. 따스한 곰국은 입이 잘 마르는 어르신들에게 안성맞춤이네요. 강된장쌈밥은 토속적인 기존의 이미지와는 다르게 장난감처럼 반질거리는 쌈잎에 쌓여 가지런히 나오는데 기분이 좋아지는 귀여움입니다. 개인적으로 강된장쌈밥만으로 배가 차네요. 이번 처음이라 대표메뉴를 먹어보았는데 다음번에는 간장국수나 제철묵은지말이를 꼭 먹어보고 싶어요.,부모님하고도 성수동을 즐겁게 즐길수 있다!! 크리스마스 시즌이라 가족단위의 팝업도 열리고 서울숲은 여전히 산책하기 좋습니다. 날씨가 좋은날 어머니를 모시고 거리를 즐기다 들어가기 좋은 식당. 편안한 식탁과 의자. 끼니 때 마다 김치를 찾는 어머니의 입맛을 충족시켜주는 마늘쫑과 묵은지. 따스한 곰국은 입이 잘 마르는 어르신들에게 안성맞춤이네요. 강된장쌈밥은 토속적인 기존의 이미지와는 다르게 장난감처럼 반질거리는 쌈잎에 쌓여 가지런히 나오는데 기분이 좋아지는 귀여움입니다. 개인적으로 강된장쌈밥만으로 배가 차네요. 이번 처음이라 대표메뉴를 먹어보았는데 다음번에는 간장국수나 제철묵은지말이를 꼭 먹어보고 싶어요.,True,normal,145,1번째 방문,True,,,1,부모님하고도 성수동을 즐겁게 즐길수 있다 크리스마스 시즌이라 가족단위의 팝업도 열리고 서울숲은 여전히 산책하기 좋습니다 날씨가 좋은날 어머니를 모시고 거리를 즐기다 들어가기 좋은 식당 편안한 식탁과 의자 끼니 때 마다 김치를 찾는 어머니의 입맛을 충족시켜주는 마늘쫑과 묵은지 따스한 곰국은 입이 잘 마르는 어르신들에게 안성맞춤이네요 강된장쌈밥은 토속적인 기존의 이미지와는 다르게 장난감처럼 반질거리는 쌈잎에 쌓여 가지런히 나오는데 기분이 좋아지는 귀여움입니다 개인적으로 강된장쌈밥만으로 배가 차네요 이번 처음이라 대표메뉴를 먹어보았는데 다음번에는 간장국수나 제철묵은지말이를 꼭 먹어보고 싶어요,341,331,0,0,1,1,0,0,0,1,1,0,0,0,0,0,0,0,2,0,0,0,1,0,0,0,0,1,1,1,0,0,0,0,0,1,1,0,0,0,0
난포,지니67504,192,2024.03.18,1,영수증,평일 11시반쯤 웨이팅 등록하고 1시간정도 대기후 입장했습니다 3층 주택의 반지하에 자리한 난포는 긴 테이블위에 칸막이를 놓아 자리를 효율적으로 사용하는 느낌이 들었어요 BGM으로 흘러 나오던 이문세 송골매 들국화 나미..의 7080음악도 이색적으로 느껴졌어요 전체적으로 음식의 양은 적은듯하나 깔끔하고 맛있었어요 제철회묵은지말이는 묵은지가 조금 짜게 느껴졌고 제철회국수의 회는 생각보다 두툼하고 국수도 맛있었어요 강된장쌈밥은 한입에 쏙 들어가는 쌈과 순한 맛의 강된장이 어우러지는 요리입니다 이번 주밀에 강된장쌈밥 예쁘게 따라해 봐야겠어요 음식이 빨리 나오고 테이블 회전이 빠르니 주위 둘러보며 대기하시면 좋을듯 합니다,평일 11시반쯤 웨이팅 등록하고 1시간정도 대기후 입장했습니다 3층 주택의 반지하에 자리한 난포는 긴 테이블위에 칸막이를 놓아 자리를 효율적으로 사용하는 느낌이 들었어요 BGM으로 흘러 나오던 이문세 송골매 들국화 나미..의 7080음악도 이색적으로 느껴졌어요 전체적으로 음식의 양은 적은듯하나 깔끔하고 맛있었어요 제철회묵은지말이는 묵은지가 조금 짜게 느껴졌고 제철회국수의 회는 생각보다 두툼하고 국수도 맛있었어요 강된장쌈밥은 한입에 쏙 들어가는 쌈과 순한 맛의 강된장이 어우러지는 요리입니다 이번 주밀에 강된장쌈밥 예쁘게 따라해 봐야겠어요 음식이 빨리 나오고 테이블 회전이 빠르니 주위 둘러보며 대기하시면 좋을듯 합니다,True,normal,192,1번째 방문,True,,,1,평일 11시반쯤 웨이팅 등록하고 1시간정도 대기후 입장했습니다 3층 주택의 반지하에 자리한 난포는 긴 테이블위에 칸막이를 놓아 자리를 효율적으로 사용하는 느낌이 들었어요 BGM으로 흘러 나오던 이문세 송골매 들국화 나미 의 7080음악도 이색적으로 느껴졌어요 전체적으로 음식의 양은 적은듯하나 깔끔하고 맛있었어요 제철회묵은지말이는 묵은지가 조금 짜게 느껴졌고 제철회국수의 회는 생각보다 두툼하고 국수도 맛있었어요 강된장쌈밥은 한입에 쏙 들어가는 쌈과 순한 맛의 강된장이 어우러지는 요리입니다 이번 주밀에 강된장쌈밥 예쁘게 따라해 봐야겠어요 음식이 빨리 나오고 테이블 회전이 빠르니 주위 둘러보며 대기하시면 좋을듯 합니다,347,346,0,0,1,1,5,1,1,1,1,1,2,1,2,1,0,0,0,0,0,0,1,0,0,0,0,1,1,1,0,0,0,0,0,1,1,0,0,0,0
난포,illllillllliiiilll,935,2024.11.28,1,예약,"오랫동안 위시에 적어두고 평일에 서울숲 오는 길에 생각나서 예약하고 왔습니다! 날씨가 안 좋은 평일이라 그런지 예약 안하고 와도 충분했더라구요 :) 음식이 전체적으로 건강한 맛이에요 자극적이지 않고 먹고 속이 부담이 없어요! 새로운 맛이기도 했구요! 다만 아쉬운 점이 강된장쌈 7개? 중에 3개 정도는 찬밥인지.. 밥통에서 젤 아랫부분에 오래 두고 긁어낸 밥인지.. 어쨋든 뭐가 잘못된 것이 분명한 듯한 식감의, 굉장히 딱딱한 밥이 들어있었습니다. 말씀 드리려다.. 그냥 먹었는데 브레이크 타임 후 5시 땡 치고 들어갔는데 밥 상태가 왜 신선하지 않았는지 의문이고 아쉬웠습니다. 와보고싶었던 곳 한번 왔다는데에 의의를 두려구요!","오랫동안 위시에 적어두고 평일에 서울숲 오는 길에 생각나서 예약하고 왔습니다! 날씨가 안 좋은 평일이라 그런지 예약 안하고 와도 충분했더라구요 :) 음식이 전체적으로 건강한 맛이에요 자극적이지 않고 먹고 속이 부담이 없어요! 새로운 맛이기도 했구요! 다만 아쉬운 점이 강된장쌈 7개? 중에 3개 정도는 찬밥인지.. 밥통에서 젤 아랫부분에 오래 두고 긁어낸 밥인지.. 어쨋든 뭐가 잘못된 것이 분명한 듯한 식감의, 굉장히 딱딱한 밥이 들어있었습니다. 말씀 드리려다.. 그냥 먹었는데 브레이크 타임 후 5시 땡 치고 들어갔는데 밥 상태가 왜 신선하지 않았는지 의문이고 아쉬웠습니다. 와보고싶었던 곳 한번 왔다는데에 의의를 두려구요!",True,normal,935,1번째 방문,True,,,1,오랫동안 위시에 적어두고 평일에 서울숲 오는 길에 생각나서 예약하고 왔습니다 날씨가 안 좋은 평일이라 그런지 예약 안하고 와도 충분했더라구요 음식이 전체적으로 건강한 맛이에요 자극적이지 않고 먹고 속이 부담이 없어요 새로운 맛이기도 했구요 다만 아쉬운 점이 강된장쌈 7개 중에 3개 정도는 찬밥인지 밥통에서 젤 아랫부분에 오래 두고 긁어낸 밥인지 어쨋든 뭐가 잘못된 것이 분명한 듯한 식감의 굉장히 딱딱한 밥이 들어있었습니다 말씀 드리려다 그냥 먹었는데 브레이크 타임 후 5시 땡 치고 들어갔는데 밥 상태가 왜 신선하지 않았는지 의문이고 아쉬웠습니다 와보고싶었던 곳 한번 왔다는데에 의의를 두려구요,351,334,0,0,1,1,0,0,0,2,1,1,1,1,0,0,0,0,4,1,0,0,1,0,0,0,0,1,1,1,0,0,0,0,0,1,1,0,0,0,0
난포,뵤ㄹ벼ㄹ롱,116,2024.03.01,1,영수증,후기를 많이 찾아보고 메뉴를 머릿수+1해서 주문했어요 제철회묵은지말이 : 저는 신걸 잘 못 먹는데 묵은지가 생각보다 많이 쎄서 갈라먹었어요ㅠ 회 자체는 맛있었고... 6덩이에 1.3마넌 돌문ㅇㅓ간장국수 : 레알 양이 너무 적었어요ㅠ 하지만 맛있었어요 1.4마넌 강된장쌈밥 : 무조건 테이블마다 놓여져 있던 메뉴ㅋㅋ 동글동글한 밥이 8개나오고 슴슴하니 맛있었어요 1.2마넌 가격대가 그리 높지않은 대신 양이 적은게 특징이었고 슴슴하니 담백한 식사가 가능해서 좋았고 캐치테이블 대기 시스템이 있어서 만족스러웠어요! 남자들은 배고플 것 같아요.. 남편은 난포 갔다가 배 안부르고 아직 배고프다고 2차로 식사 또 했어요 이말 꼭 쓰래요 ㅋㅋㅋ,후기를 많이 찾아보고 메뉴를 머릿수+1해서 주문했어요 제철회묵은지말이 : 저는 신걸 잘 못 먹는데 묵은지가 생각보다 많이 쎄서 갈라먹었어요ㅠ 회 자체는 맛있었고... 6덩이에 1.3마넌 돌문ㅇㅓ간장국수 : 레알 양이 너무 적었어요ㅠ 하지만 맛있었어요 1.4마넌 강된장쌈밥 : 무조건 테이블마다 놓여져 있던 메뉴ㅋㅋ 동글동글한 밥이 8개나오고 슴슴하니 맛있었어요 1.2마넌 가격대가 그리 높지않은 대신 양이 적은게 특징이었고 슴슴하니 담백한 식사가 가능해서 좋았고 캐치테이블 대기 시스템이 있어서 만족스러웠어요! 남자들은 배고플 것 같아요.. 남편은 난포 갔다가 배 안부르고 아직 배고프다고 2차로 식사 또 했어요 이말 꼭 쓰래요 ㅋㅋㅋ,True,normal,116,1번째 방문,True,,,1,후기를 많이 찾아보고 메뉴를 머릿수 1해서 주문했어요 제철회묵은지말이 저는 신걸 잘 못 먹는데 묵은지가 생각보다 많이 쎄서 갈라먹었어요 회 자체는 맛있었고 6덩이에 1 3마넌 돌문 간장국수 레알 양이 너무 적었어요 하지만 맛있었어요 1 4마넌 강된장쌈밥 무조건 테이블마다 놓여져 있던 메뉴 동글동글한 밥이 8개나오고 슴슴하니 맛있었어요 1 2마넌 가격대가 그리 높지않은 대신 양이 적은게 특징이었고 슴슴하니 담백한 식사가 가능해서 좋았고 캐치테이블 대기 시스템이 있어서 만족스러웠어요 남자들은 배고플 것 같아요 남편은 난포 갔다가 배 안부르고 아직 배고프다고 2차로 식사 또 했어요 이말 꼭 쓰래요,355,334,0,0,1,1,3,1,1,1,1,1,1,1,3,1,1,0,1,0,0,0,1,0,0,0,0,1,1,1,0,0,0,0,0,1,1,0,0,0,0
난포,먹죽귀,3560,2024.12.16,1,영수증,서울숲 난포에서 강된장쌈밥과 제철 회국수 주문했어요 카운터석이 있어서 눈치안보고 혼밥하기 분위기가 좋았습니다 주문한 음식은 굉장히 빨리 나왔고 평일 저녁에 방문해서 웨이팅 없이 바로 입장했어요 제철회국수는 광어가 들어있었고 회는 두툼한 편이었어요 다소 매콤한 소스의 맛과 쫄깃한 회와 깻잎이 잘 어울렸고 오이와 양파의 아삭함이 잘 어울렸습니다 강된장쌈밥은 고소한 냄새가 좋았고 맛은 굉장히 슴슴한 편이었어요 강된장이라는 이미지 덕에 조금 더 짭잘했으면 케일쌈과 더 잘 어울렸을거 같습니다 메뉴들은 전체적으로 가격대비 양은 조금 작은 편이었고 기대했던 강된장 쌈밥보다 오히려 회국수가 맛있어요 직원분들도 친절하셨고 서울숲에서 데이트하기 좋은 분위기였습니다,서울숲 난포에서 강된장쌈밥과 제철 회국수 주문했어요 카운터석이 있어서 눈치안보고 혼밥하기 분위기가 좋았습니다 주문한 음식은 굉장히 빨리 나왔고 평일 저녁에 방문해서 웨이팅 없이 바로 입장했어요 제철회국수는 광어가 들어있었고 회는 두툼한 편이었어요 다소 매콤한 소스의 맛과 쫄깃한 회와 깻잎이 잘 어울렸고 오이와 양파의 아삭함이 잘 어울렸습니다 강된장쌈밥은 고소한 냄새가 좋았고 맛은 굉장히 슴슴한 편이었어요 강된장이라는 이미지 덕에 조금 더 짭잘했으면 케일쌈과 더 잘 어울렸을거 같습니다 메뉴들은 전체적으로 가격대비 양은 조금 작은 편이었고 기대했던 강된장 쌈밥보다 오히려 회국수가 맛있어요 직원분들도 친절하셨고 서울숲에서 데이트하기 좋은 분위기였습니다,True,normal,3560,1번째 방문,True,,,1,서울숲 난포에서 강된장쌈밥과 제철 회국수 주문했어요 카운터석이 있어서 눈치안보고 혼밥하기 분위기가 좋았습니다 주문한 음식은 굉장히 빨리 나왔고 평일 저녁에 방문해서 웨이팅 없이 바로 입장했어요 제철회국수는 광어가 들어있었고 회는 두툼한 편이었어요 다소 매콤한 소스의 맛과 쫄깃한 회와 깻잎이 잘 어울렸고 오이와 양파의 아삭함이 잘 어울렸습니다 강된장쌈밥은 고소한 냄새가 좋았고 맛은 굉장히 슴슴한 편이었어요 강된장이라는 이미지 덕에 조금 더 짭잘했으면 케일쌈과 더 잘 어울렸을거 같습니다 메뉴들은 전체적으로 가격대비 양은 조금 작은 편이었고 기대했던 강된장 쌈밥보다 오히려 회국수가 맛있어요 직원분들도 친절하셨고 서울숲에서 데이트하기 좋은 분위기였습니다,365,365,0,0,1,1,8,1,1,4,1,0,0,0,1,1,0,0,0,0,0,0,0,0,0,0,0,1,1,1,0,0,0,0,0,1,1,0,0,0,0
난포,R M,30,2024.03.01,1,영수증,2명이가서 4개의 메뉴를 시켰고 조금 남겼습니다 양은 적은편입니다 3.1에 14시에 예약없이 방문했으나 현장대기로 146분을 기다리고 입장하였습니다 맛은 색다르고 좋좋았어요 하지만 솔직히 이정도나 기다렸다 먹을만한 맛은 아닌것 같습니다 방문예정이신분들은 미리 예약하시거나 캐치테이블로 대기걸고 방문하심을 추천드립니다 새우감자전은 위에 계란을 터트려 찍어드세요 찍어먹어야 맛있어요 그냥먹음 이도저도 아닌맛이네요 제철회묵은지말이는 회도 부드럽고 신선한편이며 조화로운게 나쁘지않았습니다 (동행인은 묵은지맛이 강하다 하네요) 돌문어간장국수는 진짜 개인적으로 너무좋았어요 건강한 느낌도들며 색다른 맛을 즐길수있습니다 근처 갈일이 있다면 예약하고 재방문의사있습니다,2명이가서 4개의 메뉴를 시켰고 조금 남겼습니다 양은 적은편입니다 3.1에 14시에 예약없이 방문했으나 현장대기로 146분을 기다리고 입장하였습니다 맛은 색다르고 좋좋았어요 하지만 솔직히 이정도나 기다렸다 먹을만한 맛은 아닌것 같습니다 방문예정이신분들은 미리 예약하시거나 캐치테이블로 대기걸고 방문하심을 추천드립니다 새우감자전은 위에 계란을 터트려 찍어드세요 찍어먹어야 맛있어요 그냥먹음 이도저도 아닌맛이네요 제철회묵은지말이는 회도 부드럽고 신선한편이며 조화로운게 나쁘지않았습니다 (동행인은 묵은지맛이 강하다 하네요) 돌문어간장국수는 진짜 개인적으로 너무좋았어요 건강한 느낌도들며 색다른 맛을 즐길수있습니다 근처 갈일이 있다면 예약하고 재방문의사있습니다,True,normal,30,1번째 방문,True,,,1,2명이가서 4개의 메뉴를 시켰고 조금 남겼습니다 양은 적은편입니다 3 1에 14시에 예약없이 방문했으나 현장대기로 146분을 기다리고 입장하였습니다 맛은 색다르고 좋좋았어요 하지만 솔직히 이정도나 기다렸다 먹을만한 맛은 아닌것 같습니다 방문예정이신분들은 미리 예약하시거나 캐치테이블로 대기걸고 방문하심을 추천드립니다 새우감자전은 위에 계란을 터트려 찍어드세요 찍어먹어야 맛있어요 그냥먹음 이도저도 아닌맛이네요 제철회묵은지말이는 회도 부드럽고 신선한편이며 조화로운게 나쁘지않았습니다 동행인은 묵은지맛이 강하다 하네요 돌문어간장국수는 진짜 개인적으로 너무좋았어요 건강한 느낌도들며 색다른 맛을 즐길수있습니다 근처 갈일이 있다면 예약하고 재방문의사있습니다,365,363,0,0,1,1,2,1,1,0,0,1,3,1,2,1,2,0,0,0,0,0,1,1,1,0,0,1,0,1,0,0,0,0,0,1,1,0,0,0,0
난포,코코의,215,2025.03.30,1,영수증,"⟡ ""성수동에서 줄 선 이유, 난포 솔직 리뷰” 성수에서 조용히 한 끼 제대로 하고 싶다면, 난포만 한 데 없어요. 제철회 묵은지말이는 상큼하게 익은 묵은지에 신선한 회를 돌돌 말아 한입 넣는 순간… 감칠맛이 촥 퍼져요. 비리지 않고 깔끔해서 입맛 없을 때도 술술 들어가요. 강된장쌈밥은 말해 뭐해요. 짭조름하고 고소한 된장을 쌈에 푹~ 떠서 같이 싸 먹으면 그냥 밥도둑 인정. 반찬도 하나같이 정갈하고 과하지 않아서 자극 없이 담백하게 즐겼어요. 분위기도 차분하고 조용해서 데이트, 가족 모임, 혼밥까지 다 잘 어울리는 곳이에요. 🔎 #성수난포 #제철회묵은지말이 #강된장쌈밥 #성수맛집추천 #한식맛집 #감성한식 #서울한식집 #성수데이트코스 #성수조용한식당","⟡ ""성수동에서 줄 선 이유, 난포 솔직 리뷰” 성수에서 조용히 한 끼 제대로 하고 싶다면, 난포만 한 데 없어요. 제철회 묵은지말이는 상큼하게 익은 묵은지에 신선한 회를 돌돌 말아 한입 넣는 순간… 감칠맛이 촥 퍼져요. 비리지 않고 깔끔해서 입맛 없을 때도 술술 들어가요. 강된장쌈밥은 말해 뭐해요. 짭조름하고 고소한 된장을 쌈에 푹~ 떠서 같이 싸 먹으면 그냥 밥도둑 인정. 반찬도 하나같이 정갈하고 과하지 않아서 자극 없이 담백하게 즐겼어요. 분위기도 차분하고 조용해서 데이트, 가족 모임, 혼밥까지 다 잘 어울리는 곳이에요. 🔎 #성수난포 #제철회묵은지말이 #강된장쌈밥 #성수맛집추천 #한식맛집 #감성한식 #서울한식집 #성수데이트코스 #성수조용한식당",True,normal,215,1번째 방문,True,,,1,성수동에서 줄 선 이유 난포 솔직 리뷰 성수에서 조용히 한 끼 제대로 하고 싶다면 난포만 한 데 없어요 제철회 묵은지말이는 상큼하게 익은 묵은지에 신선한 회를 돌돌 말아 한입 넣는 순간 감칠맛이 촥 퍼져요 비리지 않고 깔끔해서 입맛 없을 때도 술술 들어가요 강된장쌈밥은 말해 뭐해요 짭조름하고 고소한 된장을 쌈에 푹 떠서 같이 싸 먹으면 그냥 밥도둑 인정 반찬도 하나같이 정갈하고 과하지 않아서 자극 없이 담백하게 즐겼어요 분위기도 차분하고 조용해서 데이트 가족 모임 혼밥까지 다 잘 어울리는 곳이에요 성수난포 제철회묵은지말이 강된장쌈밥 성수맛집추천 한식맛집 감성한식 서울한식집 성수데이트코스 성수조용한식당,367,339,0,0,1,1,1,1,0,4,1,0,0,0,3,1,0,0,0,0,0,0,0,0,0,0,0,1,1,1,0,0,0,0,0,1,1,0,0,0,0
난포,syyyeon,29,2024.10.31,1,예약,음식은 맛있어요. 어르신분들도 오실 정도로 음식 참 괜찮아요. 다만 직원 분으로 들어가자마자 기분이 좀 상해서 앞으로 방문을 할지는 고민이 되네요. 만석에 음악소리까지 크길래 소리 좀 줄어달라고 부탁드렸습니다. 그럼 알겠다고 하거나 혹은 줄이기 어렵다면 줄여도 큰 차이가 없을 텐데 괜찮으시겠냐고 해주셔야 하는 거 아닌가요… 제가 절대 무례하게 부탁드린 게 아니었을 텐데 ‘큰 차이 없어요‘ 하고 휙 가버리시셨죠. 그말을 들은 일행과 저는 뭐가 큰 차이 없다는 거지? 처음엔 의미조차 이해 못 했습니다. 나올 때 말씀드리려다 리뷰 적습니다. 음식은 정말 맛있었어요. 하지만 해당 직원 분으로 인해 입장하자마자 기분이 상해서 다음번에도 방문할지는 모르겠네요.,음식은 맛있어요. 어르신분들도 오실 정도로 음식 참 괜찮아요. 다만 직원 분으로 들어가자마자 기분이 좀 상해서 앞으로 방문을 할지는 고민이 되네요. 만석에 음악소리까지 크길래 소리 좀 줄어달라고 부탁드렸습니다. 그럼 알겠다고 하거나 혹은 줄이기 어렵다면 줄여도 큰 차이가 없을 텐데 괜찮으시겠냐고 해주셔야 하는 거 아닌가요… 제가 절대 무례하게 부탁드린 게 아니었을 텐데 ‘큰 차이 없어요‘ 하고 휙 가버리시셨죠. 그말을 들은 일행과 저는 뭐가 큰 차이 없다는 거지? 처음엔 의미조차 이해 못 했습니다. 나올 때 말씀드리려다 리뷰 적습니다. 음식은 정말 맛있었어요. 하지만 해당 직원 분으로 인해 입장하자마자 기분이 상해서 다음번에도 방문할지는 모르겠네요.,True,normal,29,1번째 방문,True,,,1,음식은 맛있어요 어르신분들도 오실 정도로 음식 참 괜찮아요 다만 직원 분으로 들어가자마자 기분이 좀 상해서 앞으로 방문을 할지는 고민이 되네요 만석에 음악소리까지 크길래 소리 좀 줄어달라고 부탁드렸습니다 그럼 알겠다고 하거나 혹은 줄이기 어렵다면 줄여도 큰 차이가 없을 텐데 괜찮으시겠냐고 해주셔야 하는 거 아닌가요 제가 절대 무례하게 부탁드린 게 아니었을 텐데 큰 차이 없어요 하고 휙 가버리시셨죠 그말을 들은 일행과 저는 뭐가 큰 차이 없다는 거지 처음엔 의미조차 이해 못 했습니다 나올 때 말씀드리려다 리뷰 적습니다 음식은 정말 맛있었어요 하지만 해당 직원 분으로 인해 입장하자마자 기분이 상해서 다음번에도 방문할지는 모르겠네요,367,354,0,0,1,1,2,1,1,0,0,0,0,0,2,1,0,0,0,0,0,0,1,0,0,0,0,1,0,1,0,0,0,0,0,1,1,0,0,0,0
난포,집사의일상,239,2024.03.15,1,영수증,"그 유명한 성수동 난포 다녀왔어요!!! 웨이팅 어플로 미리 1시간 웨팅하고 갔는데도 웨이팅 줄 장난 아니더라구요 1시간 더 기다림 😳 저희는 강된장쌈밥, 새우감자전, 전복들깨국수로 주문했어요 강된장쌈밥은 안에 고기도 들어가있고, 강된장이랑 같이 먹으니 담백하면서도 정말 맛있더라구요 새우감자전은 바삭한 감자전의 식감과 중간 중간 새우의 진한맛이 너무 좋았고 위에 뿌려진 치즈까지 더해져서 맛이 정말 깊었어요 조금 느끼하다 싶을때 고추짱아찌랑 같이 먹으면 싹 사라지고 더 맛있음..💜 전복들깨국수는 차가운면이라 면발이 정말 탱글탱글했고, 고소하면서도 입에 착 감기는 들깨맛이 일품! 다 맛있었지만 원픽을 정하라고하면 강된장쌈밥 🧡 진짜 최고였던 것 같아요 !! 🩷🩷","그 유명한 성수동 난포 다녀왔어요!!! 웨이팅 어플로 미리 1시간 웨팅하고 갔는데도 웨이팅 줄 장난 아니더라구요 1시간 더 기다림 😳 저희는 강된장쌈밥, 새우감자전, 전복들깨국수로 주문했어요 강된장쌈밥은 안에 고기도 들어가있고, 강된장이랑 같이 먹으니 담백하면서도 정말 맛있더라구요 새우감자전은 바삭한 감자전의 식감과 중간 중간 새우의 진한맛이 너무 좋았고 위에 뿌려진 치즈까지 더해져서 맛이 정말 깊었어요 조금 느끼하다 싶을때 고추짱아찌랑 같이 먹으면 싹 사라지고 더 맛있음..💜 전복들깨국수는 차가운면이라 면발이 정말 탱글탱글했고, 고소하면서도 입에 착 감기는 들깨맛이 일품! 다 맛있었지만 원픽을 정하라고하면 강된장쌈밥 🧡 진짜 최고였던 것 같아요 !! 🩷🩷",True,normal,239,1번째 방문,True,,,1,그 유명한 성수동 난포 다녀왔어요 웨이팅 어플로 미리 1시간 웨팅하고 갔는데도 웨이팅 줄 장난 아니더라구요 1시간 더 기다림 저희는 강된장쌈밥 새우감자전 전복들깨국수로 주문했어요 강된장쌈밥은 안에 고기도 들어가있고 강된장이랑 같이 먹으니 담백하면서도 정말 맛있더라구요 새우감자전은 바삭한 감자전의 식감과 중간 중간 새우의 진한맛이 너무 좋았고 위에 뿌려진 치즈까지 더해져서 맛이 정말 깊었어요 조금 느끼하다 싶을때 고추짱아찌랑 같이 먹으면 싹 사라지고 더 맛있음 전복들깨국수는 차가운면이라 면발이 정말 탱글탱글했고 고소하면서도 입에 착 감기는 들깨맛이 일품 다 맛있었지만 원픽을 정하라고하면 강된장쌈밥 진짜 최고였던 것 같아요,371,350,0,0,1,1,3,1,1,0,0,1,2,1,4,1,3,1,6,1,0,0,1,0,0,0,0,1,1,1,0,0,0,0,0,1,1,0,0,0,0
난포,사악한코알라,48,2025.03.11,1,예약,2명이서 4인분을 시켰는데 전체적으로 실망한 포인트 4번 방문할정도로 한식매니아 인데 광어묵은지초밥에 밥이 딱딱했다. 밖에 오래 냅둬서 딱딱해진 밥으로 만들어진 느낌 문의하였으나 돌아오는 답변은 애매모호. 사과도 보상도 없고 추가로 시킨 회국수는 주문 누락으로 20분이 기다려도 안와서 딮빡 그냥 바로 드린다고 뭔가 안일한 태도로 대응하는게 아쉬웠음 감자전도 이미 만들어진걸 준건지 딱딱하고 차가워서 다들 실망했다는 후기네여 제것도 그랬어요 쌈밥이 젤 나았음 ㅜㅜ 심지어 회국수에 회가 잘못됐는지 설상가상 다음날 배탈에 새벽에 구토까지 하고;;; 돈내고 병얻은 기분 이거 물어내셔야하는거아닌가요 인간적으로..하ㅠㅠ 남편이랑 둘다 똑같이 배탈나서 열도 38도에 죽겠네요,2명이서 4인분을 시켰는데 전체적으로 실망한 포인트 4번 방문할정도로 한식매니아 인데 광어묵은지초밥에 밥이 딱딱했다. 밖에 오래 냅둬서 딱딱해진 밥으로 만들어진 느낌 문의하였으나 돌아오는 답변은 애매모호. 사과도 보상도 없고 추가로 시킨 회국수는 주문 누락으로 20분이 기다려도 안와서 딮빡 그냥 바로 드린다고 뭔가 안일한 태도로 대응하는게 아쉬웠음 감자전도 이미 만들어진걸 준건지 딱딱하고 차가워서 다들 실망했다는 후기네여 제것도 그랬어요 쌈밥이 젤 나았음 ㅜㅜ 심지어 회국수에 회가 잘못됐는지 설상가상 다음날 배탈에 새벽에 구토까지 하고;;; 돈내고 병얻은 기분 이거 물어내셔야하는거아닌가요 인간적으로..하ㅠㅠ 남편이랑 둘다 똑같이 배탈나서 열도 38도에 죽겠네요,True,normal,48,1번째 방문,True,,,1,2명이서 4인분을 시켰는데 전체적으로 실망한 포인트 4번 방문할정도로 한식매니아 인데 광어묵은지초밥에 밥이 딱딱했다 밖에 오래 냅둬서 딱딱해진 밥으로 만들어진 느낌 문의하였으나 돌아오는 답변은 애매모호 사과도 보상도 없고 추가로 시킨 회국수는 주문 누락으로 20분이 기다려도 안와서 딮빡 그냥 바로 드린다고 뭔가 안일한 태도로 대응하는게 아쉬웠음 감자전도 이미 만들어진걸 준건지 딱딱하고 차가워서 다들 실망했다는 후기네여 제것도 그랬어요 쌈밥이 젤 나았음 심지어 회국수에 회가 잘못됐는지 설상가상 다음날 배탈에 새벽에 구토까지 하고 돈내고 병얻은 기분 이거 물어내셔야하는거아닌가요 인간적으로 하 남편이랑 둘다 똑같이 배탈나서 열도 38도에 죽겠네요,373,362,0,0,1,1,1,1,0,0,0,1,3,1,0,0,0,0,0,0,0,0,0,0,0,0,0,1,0,1,0,0,0,0,0,1,1,0,0,0,0
난포,Hellonomos,6,2025.04.30,1,영수증,"평일은 예약안해도 괜찮지만, 예약손님 우선 입장이니까 참조하시구요! ✔️돌문어 간장국수는 새콤향긋한 느낌, 다만 살짝 간이 센 편에 속합니다! ✔️제철회묵은지말이는 제철회는 쫀득하고 묵은지가 킥인 느낌입니다. 다만 밥양이 조금 많다고 느껴지긴 합니다! ✔️강된장쌈밥은 밸런스적으로는 제일 좋은편입니다! 다만 연잎이 조금 더 부드러웠으면 좋겠다라는 생각이 듭니다! 그리고 크기가 너무 큰 느낌이 있습니다! 총평🏁 음식이 굉장히 빨리나오는 편에 속하고, 다만 손님이 많아서 주문실수가 가끔 나오기도 합니다. 하지만 전체적인 가격대비 맛은 훌륭합니다! 성인남녀 2명이서 메뉴 3개 시켰는데 딱 적당히 배부른 느낌이였습니다! 서비스적인 측면도 친절하지만 음악소리가 너무 큰 느낌이 있습니다!","평일은 예약안해도 괜찮지만, 예약손님 우선 입장이니까 참조하시구요! ✔️돌문어 간장국수는 새콤향긋한 느낌, 다만 살짝 간이 센 편에 속합니다! ✔️제철회묵은지말이는 제철회는 쫀득하고 묵은지가 킥인 느낌입니다. 다만 밥양이 조금 많다고 느껴지긴 합니다! ✔️강된장쌈밥은 밸런스적으로는 제일 좋은편입니다! 다만 연잎이 조금 더 부드러웠으면 좋겠다라는 생각이 듭니다! 그리고 크기가 너무 큰 느낌이 있습니다! 총평🏁 음식이 굉장히 빨리나오는 편에 속하고, 다만 손님이 많아서 주문실수가 가끔 나오기도 합니다. 하지만 전체적인 가격대비 맛은 훌륭합니다! 성인남녀 2명이서 메뉴 3개 시켰는데 딱 적당히 배부른 느낌이였습니다! 서비스적인 측면도 친절하지만 음악소리가 너무 큰 느낌이 있습니다!",True,normal,6,1번째 방문,True,,,1,평일은 예약안해도 괜찮지만 예약손님 우선 입장이니까 참조하시구요 돌문어 간장국수는 새콤향긋한 느낌 다만 살짝 간이 센 편에 속합니다 제철회묵은지말이는 제철회는 쫀득하고 묵은지가 킥인 느낌입니다 다만 밥양이 조금 많다고 느껴지긴 합니다 강된장쌈밥은 밸런스적으로는 제일 좋은편입니다 다만 연잎이 조금 더 부드러웠으면 좋겠다라는 생각이 듭니다 그리고 크기가 너무 큰 느낌이 있습니다 총평 음식이 굉장히 빨리나오는 편에 속하고 다만 손님이 많아서 주문실수가 가끔 나오기도 합니다 하지만 전체적인 가격대비 맛은 훌륭합니다 성인남녀 2명이서 메뉴 3개 시켰는데 딱 적당히 배부른 느낌이였습니다 서비스적인 측면도 친절하지만 음악소리가 너무 큰 느낌이 있습니다,382,361,0,0,1,1,4,1,1,1,1,1,1,1,0,0,2,0,9,1,1,1,1,0,0,0,0,0,0,1,0,0,0,0,0,1,1,0,0,1,0
난포,JujuBox,2020,2024.01.20,1,영수증,주말이라 예약을 안받네요 입구에서 대기 순번 누르고 근처 서울숲에서 놀다가 쇼핑도 하다가 눈비오는 추운날 벌벌 떨면서 가족들과 두시간 가까이 기다렸습니다 보통 일이 아니네요😅 실내분위기는 독특하게 독서실느낌? 일렬로 쭉 앉아서 먹는데 코트벗어서 걸수있는 옷걸이가 있어서 좋았습니다^^ 그리고 음식이 나오니 모든 시름이 순식간에 날아가네요😍😍😍 돌문어간장국수 : 상큼하고 너무 맛있음 제철회묵은지말이 : 깔끔하고 군더더기없는맛 대구전 : 담백하고 삼삼 새우감자전 : 다 못먹고 포장해왔는데 내가 새우를 별로 안좋아해서 그런가 감자로만 했음 좋겠다싶은 맛 ✅️ 결론 : 유명맛집 줄서서 먹고나서 실망하는경우도 있는데 오늘은 대만족했고 너무 좋았어요 다시 한번 와서 먹어보고싶은맛이에요❤️,주말이라 예약을 안받네요 입구에서 대기 순번 누르고 근처 서울숲에서 놀다가 쇼핑도 하다가 눈비오는 추운날 벌벌 떨면서 가족들과 두시간 가까이 기다렸습니다 보통 일이 아니네요😅 실내분위기는 독특하게 독서실느낌? 일렬로 쭉 앉아서 먹는데 코트벗어서 걸수있는 옷걸이가 있어서 좋았습니다^^ 그리고 음식이 나오니 모든 시름이 순식간에 날아가네요😍😍😍 돌문어간장국수 : 상큼하고 너무 맛있음 제철회묵은지말이 : 깔끔하고 군더더기없는맛 대구전 : 담백하고 삼삼 새우감자전 : 다 못먹고 포장해왔는데 내가 새우를 별로 안좋아해서 그런가 감자로만 했음 좋겠다싶은 맛 ✅️ 결론 : 유명맛집 줄서서 먹고나서 실망하는경우도 있는데 오늘은 대만족했고 너무 좋았어요 다시 한번 와서 먹어보고싶은맛이에요❤️,True,normal,2020,1번째 방문,True,,,1,주말이라 예약을 안받네요 입구에서 대기 순번 누르고 근처 서울숲에서 놀다가 쇼핑도 하다가 눈비오는 추운날 벌벌 떨면서 가족들과 두시간 가까이 기다렸습니다 보통 일이 아니네요 실내분위기는 독특하게 독서실느낌 일렬로 쭉 앉아서 먹는데 코트벗어서 걸수있는 옷걸이가 있어서 좋았습니다 그리고 음식이 나오니 모든 시름이 순식간에 날아가네요 돌문어간장국수 상큼하고 너무 맛있음 제철회묵은지말이 깔끔하고 군더더기없는맛 대구전 담백하고 삼삼 새우감자전 다 못먹고 포장해왔는데 내가 새우를 별로 안좋아해서 그런가 감자로만 했음 좋겠다싶은 맛 결론 유명맛집 줄서서 먹고나서 실망하는경우도 있는데 오늘은 대만족했고 너무 좋았어요 다시 한번 와서 먹어보고싶은맛이에요,382,360,0,0,1,1,3,1,1,2,1,0,0,0,2,1,2,0,0,0,0,0,1,0,0,0,0,1,1,1,0,0,0,0,0,1,1,0,0,0,0
난포,마시마로9128,1088,2025.09.02,1,예약,"#난포 #성수맛집 #줄서는식당 #서울숲맛집 #퓨전한식맛집 #강된장쌈밥 #곰국 #문어숙회 강된장쌈밥이 제일 유명한 메뉴이지만 싱겁다는 리뷰가 많아서 한우불고기쌈밥을 주문 제법 맛있게 먹었습니다. 쌈채소와 한우불고기의 고단백을 동시에 충족시키는 모양도 동글동글 특이한 퓨전한식입니다. 곰탕은 걸죽한 육수와 두꺼운 소고기가 듬뿍 들어간 특곰탕을 추천합니다. 사리와 고봉밥 고소한 반찬도 깔끔합니다. 일반 곰탕 전문점에 비해서는 특별하다 할 정도의 곰탕수준은 아닙니다. 매장은 작지도 크지도 않은 적당한 크기이며 지하에 위치해 있으나 정갈한 한식 인테리어로 성수에서도 인기가 많은 한식당입니다. 이집은 다른 한식집과 달리 강된장쌈밥, 새우감자전 등 특이한 메뉴가 많아 실험정신이 돋보입니다. 총점은 ★★★☆","#난포 #성수맛집 #줄서는식당 #서울숲맛집 #퓨전한식맛집 #강된장쌈밥 #곰국 #문어숙회 강된장쌈밥이 제일 유명한 메뉴이지만 싱겁다는 리뷰가 많아서 한우불고기쌈밥을 주문 제법 맛있게 먹었습니다. 쌈채소와 한우불고기의 고단백을 동시에 충족시키는 모양도 동글동글 특이한 퓨전한식입니다. 곰탕은 걸죽한 육수와 두꺼운 소고기가 듬뿍 들어간 특곰탕을 추천합니다. 사리와 고봉밥 고소한 반찬도 깔끔합니다. 일반 곰탕 전문점에 비해서는 특별하다 할 정도의 곰탕수준은 아닙니다. 매장은 작지도 크지도 않은 적당한 크기이며 지하에 위치해 있으나 정갈한 한식 인테리어로 성수에서도 인기가 많은 한식당입니다. 이집은 다른 한식집과 달리 강된장쌈밥, 새우감자전 등 특이한 메뉴가 많아 실험정신이 돋보입니다. 총점은 ★★★☆",True,normal,1088,1번째 방문,True,,,1,난포 성수맛집 줄서는식당 서울숲맛집 퓨전한식맛집 강된장쌈밥 곰국 문어숙회 강된장쌈밥이 제일 유명한 메뉴이지만 싱겁다는 리뷰가 많아서 한우불고기쌈밥을 주문 제법 맛있게 먹었습니다 쌈채소와 한우불고기의 고단백을 동시에 충족시키는 모양도 동글동글 특이한 퓨전한식입니다 곰탕은 걸죽한 육수와 두꺼운 소고기가 듬뿍 들어간 특곰탕을 추천합니다 사리와 고봉밥 고소한 반찬도 깔끔합니다 일반 곰탕 전문점에 비해서는 특별하다 할 정도의 곰탕수준은 아닙니다 매장은 작지도 크지도 않은 적당한 크기이며 지하에 위치해 있으나 정갈한 한식 인테리어로 성수에서도 인기가 많은 한식당입니다 이집은 다른 한식집과 달리 강된장쌈밥 새우감자전 등 특이한 메뉴가 많아 실험정신이 돋보입니다 총점은,391,370,0,0,1,1,2,1,1,0,0,0,0,0,5,1,0,0,0,0,0,0,0,0,0,0,0,1,1,1,0,0,0,0,0,1,1,0,0,0,0
난포,Sue6524,22,2024.10.01,1,영수증,"우선 점심 도전했는데 대기 33번째라 취소하고 저녁으로 재도전 5시 50분경 대기등록하고 7시 10분경 들어갔어요 1시간 20분의 기다림으로 들어갔는데,,,,,,쩝 기대가 높았는지 모죠??? 제철회묵은지말이는 리뷰와 다르게 묵은지도 짜지않았고 깔끔했어요. 문젠 새우감자전이에요. 생새우는 고작 3~4개 올려져있고 대부분은 건새우로 채워져있는데 제 입맛엔 안맞았어요. 새우깡 먹는 느낌이라고 해야하나. 간을 많이하지않은 감자전위에 치즈로 간을 하다보니 느끼함이 배가 되는 느낌에,,,,,건새우는 음식의 퀄러티를 떨아뜨리는 느낌,,,급 느끼해져서 제철회국수를 시켰습니다. 앗,,,느끼함을 잡으려고 시켰는데 국수가 심하게 달아서 이건 뭐 ,,, 불 난 집에 기름을 부은 격이라고 해야하나. 더 느끼해지더라구요.","우선 점심 도전했는데 대기 33번째라 취소하고 저녁으로 재도전 5시 50분경 대기등록하고 7시 10분경 들어갔어요 1시간 20분의 기다림으로 들어갔는데,,,,,,쩝 기대가 높았는지 모죠??? 제철회묵은지말이는 리뷰와 다르게 묵은지도 짜지않았고 깔끔했어요. 문젠 새우감자전이에요. 생새우는 고작 3~4개 올려져있고 대부분은 건새우로 채워져있는데 제 입맛엔 안맞았어요. 새우깡 먹는 느낌이라고 해야하나. 간을 많이하지않은 감자전위에 치즈로 간을 하다보니 느끼함이 배가 되는 느낌에,,,,,건새우는 음식의 퀄러티를 떨아뜨리는 느낌,,,급 느끼해져서 제철회국수를 시켰습니다. 앗,,,느끼함을 잡으려고 시켰는데 국수가 심하게 달아서 이건 뭐 ,,, 불 난 집에 기름을 부은 격이라고 해야하나. 더 느끼해지더라구요.",True,normal,22,1번째 방문,True,,,1,우선 점심 도전했는데 대기 33번째라 취소하고 저녁으로 재도전 5시 50분경 대기등록하고 7시 10분경 들어갔어요 1시간 20분의 기다림으로 들어갔는데 쩝 기대가 높았는지 모죠 제철회묵은지말이는 리뷰와 다르게 묵은지도 짜지않았고 깔끔했어요 문젠 새우감자전이에요 생새우는 고작 3 4개 올려져있고 대부분은 건새우로 채워져있는데 제 입맛엔 안맞았어요 새우깡 먹는 느낌이라고 해야하나 간을 많이하지않은 감자전위에 치즈로 간을 하다보니 느끼함이 배가 되는 느낌에 건새우는 음식의 퀄러티를 떨아뜨리는 느낌 급 느끼해져서 제철회국수를 시켰습니다 앗 느끼함을 잡으려고 시켰는데 국수가 심하게 달아서 이건 뭐 불 난 집에 기름을 부은 격이라고 해야하나 더 느끼해지더라구요,394,367,0,0,1,1,2,1,1,2,1,1,6,1,0,0,0,0,0,0,0,0,0,0,0,0,0,1,0,1,0,0,0,0,0,1,1,0,0,0,0
난포,찐성수 주민 내 돈 내산 추천 맛집,642,2024.11.14,3,예약,"📍내 돈 내산📍 🔶강된장 쌈밥. 초록색 케일에 참기름을 발라 반질거리는 쌈. 밥은 간이 되어 있지 않아 강된장을 올려 먹으면 짭조름한 맛이 잘 어우러집니다. 🔶돌문어 간장국수. 문어와 참나물이 토핑 되어 있는 국수. 이 국수는 간장 소스가 독특합니다. 소스와 나물의 조합이 좋더라고요. 여러 가지나물이 어우러져 깔끔한 맛이었어요. 문어도 많이 들었어요. 쫄깃한 문어와 탱글탱글한 면발이 좋아요. 참나물의 씁쓸하고 양념의 새콤한 맛이 입안을 즐겁게 합니다. 🔶제철회 묵은지 말이. 짭짭한 묵은지에 쫄깃한 제철회가 올라가 식감이 재미있어요. 🔶새우감자전. 새우 자체의 감칠맛도 좋고, 감자도 많이 들어가서 바삭하고 맛있어요. 🔶대구 전. 두툼한 대구 살이 기름에 잘 부쳐나왔습니다. 대구살이 잘 진짜 부드러워요.","📍내 돈 내산📍 🔶강된장 쌈밥. 초록색 케일에 참기름을 발라 반질거리는 쌈. 밥은 간이 되어 있지 않아 강된장을 올려 먹으면 짭조름한 맛이 잘 어우러집니다. 🔶돌문어 간장국수. 문어와 참나물이 토핑 되어 있는 국수. 이 국수는 간장 소스가 독특합니다. 소스와 나물의 조합이 좋더라고요. 여러 가지나물이 어우러져 깔끔한 맛이었어요. 문어도 많이 들었어요. 쫄깃한 문어와 탱글탱글한 면발이 좋아요. 참나물의 씁쓸하고 양념의 새콤한 맛이 입안을 즐겁게 합니다. 🔶제철회 묵은지 말이. 짭짭한 묵은지에 쫄깃한 제철회가 올라가 식감이 재미있어요. 🔶새우감자전. 새우 자체의 감칠맛도 좋고, 감자도 많이 들어가서 바삭하고 맛있어요. 🔶대구 전. 두툼한 대구 살이 기름에 잘 부쳐나왔습니다. 대구살이 잘 진짜 부드러워요.",True,normal,642,3번째 방문,True,,,1,내 돈 내산 강된장 쌈밥 초록색 케일에 참기름을 발라 반질거리는 쌈 밥은 간이 되어 있지 않아 강된장을 올려 먹으면 짭조름한 맛이 잘 어우러집니다 돌문어 간장국수 문어와 참나물이 토핑 되어 있는 국수 이 국수는 간장 소스가 독특합니다 소스와 나물의 조합이 좋더라고요 여러 가지나물이 어우러져 깔끔한 맛이었어요 문어도 많이 들었어요 쫄깃한 문어와 탱글탱글한 면발이 좋아요 참나물의 씁쓸하고 양념의 새콤한 맛이 입안을 즐겁게 합니다 제철회 묵은지 말이 짭짭한 묵은지에 쫄깃한 제철회가 올라가 식감이 재미있어요 새우감자전 새우 자체의 감칠맛도 좋고 감자도 많이 들어가서 바삭하고 맛있어요 대구 전 두툼한 대구 살이 기름에 잘 부쳐나왔습니다 대구살이 잘 진짜 부드러워요,396,370,0,0,1,1,0,0,0,0,0,0,0,0,2,1,1,0,0,0,0,0,1,0,0,0,0,1,1,0,1,0,0,1,1,0,0,0,0,0,0
난포,lcy****,1997,2024.02.29,1,예약,성수 극악 웨이팅 자랑하는 서울숲 한식 맛집 겸 주점 난포!!! 뚝섬 직장인인데 드디어 다녀왔네요🥹 네이버 예약으로 미리 예약하고 가서 대기 없이 들어갔어요~ (평일 점심 2시 타임. 근데 거의 일주일 전에 엄청 미리 예약함) 강된장쌈밥 크기 작다는 후기 보고 갔는데 생각보다 더 미니미해서ヲヲヲ 조큼 놀랐지만 안에 밥이 꽉 차 있어서 다 먹으니 은근 배불렀어요! 전체적으로 삼삼 슴슴하니 건강한 맛인데 은근 계속 구미가 당기는 고런 느낌👀🌱 의외의 맛도리는 감자전이었구(노른자에 찍어 먹으니 바삭하면서 촉촉해서 쬰맛) 문어국수는 문어가 부드러워서 좋았답니당🐙 내부 분위기가 독특하고(특히 노래...) 조명이랑 인테리어가 주는 느낌이 색달라요ㅎ 다른 메뉴도 궁금하고 저녁엔 또 어떤 분위기이려나도 궁금하네요😉,성수 극악 웨이팅 자랑하는 서울숲 한식 맛집 겸 주점 난포!!! 뚝섬 직장인인데 드디어 다녀왔네요🥹 네이버 예약으로 미리 예약하고 가서 대기 없이 들어갔어요~ (평일 점심 2시 타임. 근데 거의 일주일 전에 엄청 미리 예약함) 강된장쌈밥 크기 작다는 후기 보고 갔는데 생각보다 더 미니미해서ヲヲヲ 조큼 놀랐지만 안에 밥이 꽉 차 있어서 다 먹으니 은근 배불렀어요! 전체적으로 삼삼 슴슴하니 건강한 맛인데 은근 계속 구미가 당기는 고런 느낌👀🌱 의외의 맛도리는 감자전이었구(노른자에 찍어 먹으니 바삭하면서 촉촉해서 쬰맛) 문어국수는 문어가 부드러워서 좋았답니당🐙 내부 분위기가 독특하고(특히 노래...) 조명이랑 인테리어가 주는 느낌이 색달라요ㅎ 다른 메뉴도 궁금하고 저녁엔 또 어떤 분위기이려나도 궁금하네요😉,True,normal,1997,1번째 방문,True,,,1,성수 극악 웨이팅 자랑하는 서울숲 한식 맛집 겸 주점 난포 뚝섬 직장인인데 드디어 다녀왔네요 네이버 예약으로 미리 예약하고 가서 대기 없이 들어갔어요 평일 점심 2시 타임 근데 거의 일주일 전에 엄청 미리 예약함 강된장쌈밥 크기 작다는 후기 보고 갔는데 생각보다 더 미니미해서 조큼 놀랐지만 안에 밥이 꽉 차 있어서 다 먹으니 은근 배불렀어요 전체적으로 삼삼 슴슴하니 건강한 맛인데 은근 계속 구미가 당기는 고런 느낌 의외의 맛도리는 감자전이었구 노른자에 찍어 먹으니 바삭하면서 촉촉해서 쬰맛 문어국수는 문어가 부드러워서 좋았답니당 내부 분위기가 독특하고 특히 노래 조명이랑 인테리어가 주는 느낌이 색달라요 다른 메뉴도 궁금하고 저녁엔 또 어떤 분위기이려나도 궁금하네요,396,374,0,0,1,1,4,1,1,3,1,1,1,1,1,1,1,0,4,1,0,0,1,0,0,0,0,1,1,1,0,0,0,0,0,1,1,0,0,0,0
난포,찐성수 주민 내 돈 내산 추천 맛집,642,2024.01.04,2,예약,"성수동 최고의 맛집. 웨이팅이 많아서 쿠팡으로 배달만 시켜 먹었는데, 얼마 전부터 네이버 예약이 가능해졌네요. 야호~~ 진짜 오랜만에 방문했습니다. 내부는 기다란 테이블이 2개가 있는데요, 2인이 앉을 수 있는 칸막이가 되어 있어요. 벽 한쪽에 4인 테이블 하나, 주방 앞에도 바 형태의 테이블이 있습니다. 반찬으로 묵은지와 고추 장아찌가 나왔어요. 강된장 쌈밥. 초록색 케일에 참기름을 발라 반질거리는 쌈 안에 밥이 들어 있고, 강된장의 짭조름한 맛이 잘 어우러집니다. 한 입 크기라 먹기도 좋군요. 돌문어 간장국수. 문어와 참나물이 토핑 되어 있는 국수. 새콤한 간장에 비벼 먹으면 씁쓸하고 새콤한 맛이 입안을 즐겁게 합니다. 대구 전. 이번에 처음 먹어 본 메뉴인데요, 두툼한 대구 살이 진짜 부드러워요","성수동 최고의 맛집. 웨이팅이 많아서 쿠팡으로 배달만 시켜 먹었는데, 얼마 전부터 네이버 예약이 가능해졌네요. 야호~~ 진짜 오랜만에 방문했습니다. 내부는 기다란 테이블이 2개가 있는데요, 2인이 앉을 수 있는 칸막이가 되어 있어요. 벽 한쪽에 4인 테이블 하나, 주방 앞에도 바 형태의 테이블이 있습니다. 반찬으로 묵은지와 고추 장아찌가 나왔어요. 강된장 쌈밥. 초록색 케일에 참기름을 발라 반질거리는 쌈 안에 밥이 들어 있고, 강된장의 짭조름한 맛이 잘 어우러집니다. 한 입 크기라 먹기도 좋군요. 돌문어 간장국수. 문어와 참나물이 토핑 되어 있는 국수. 새콤한 간장에 비벼 먹으면 씁쓸하고 새콤한 맛이 입안을 즐겁게 합니다. 대구 전. 이번에 처음 먹어 본 메뉴인데요, 두툼한 대구 살이 진짜 부드러워요",True,normal,642,2번째 방문,True,,,1,성수동 최고의 맛집 웨이팅이 많아서 쿠팡으로 배달만 시켜 먹었는데 얼마 전부터 네이버 예약이 가능해졌네요 야호 진짜 오랜만에 방문했습니다 내부는 기다란 테이블이 2개가 있는데요 2인이 앉을 수 있는 칸막이가 되어 있어요 벽 한쪽에 4인 테이블 하나 주방 앞에도 바 형태의 테이블이 있습니다 반찬으로 묵은지와 고추 장아찌가 나왔어요 강된장 쌈밥 초록색 케일에 참기름을 발라 반질거리는 쌈 안에 밥이 들어 있고 강된장의 짭조름한 맛이 잘 어우러집니다 한 입 크기라 먹기도 좋군요 돌문어 간장국수 문어와 참나물이 토핑 되어 있는 국수 새콤한 간장에 비벼 먹으면 씁쓸하고 새콤한 맛이 입안을 즐겁게 합니다 대구 전 이번에 처음 먹어 본 메뉴인데요 두툼한 대구 살이 진짜 부드러워요,396,376,0,0,1,1,1,1,0,0,0,1,0,0,2,1,2,0,0,0,0,0,1,0,0,0,0,1,1,0,1,0,0,0,0,1,1,0,0,0,0
난포,ma****,352,2024.12.31,1,영수증,"• 강된장쌈밥 : 리뷰에 다들 슴슴하다고했는데, 저는 엄청 슴슴하지않고 신선하고 건강한맛으로 너무 맛있었어요. 강된장이 짭쪼름했고 쌈안에 있는 밥도 다 양념이 되어있어요! • 제철회묵은지말이 : 제철회묵은지 초밥은 엄청 좋아해서 스시집 가면 필수로 먹는 묵은지+회 콜라보예요. 엄청 기대하고 시켰는데, 솔직히 회가 신선하지 않아서 엄청 실망했어요. 맛이 없는건 아닌데, 회가 신선하지 않아서 2번은 안시켜먹을 것 같아요. 너무 기대했는지 엄청 실망했었습니다! • 곰국 : 날이 추워서 뜨끈한 국물 있었으면 좋겠어서 시킨 곰국이에요! 기대 1도 안는데, 3개 중에서 제일 맛있게 먹었어요!!! 안에 국수도 소면은 아니고 그렇다고 밀가루, 쫄면도 아닌데 적당히 쫄깃(탱글거리는거 안좋아하는 입맛)하고 고기가 짱맛!","• 강된장쌈밥 : 리뷰에 다들 슴슴하다고했는데, 저는 엄청 슴슴하지않고 신선하고 건강한맛으로 너무 맛있었어요. 강된장이 짭쪼름했고 쌈안에 있는 밥도 다 양념이 되어있어요! • 제철회묵은지말이 : 제철회묵은지 초밥은 엄청 좋아해서 스시집 가면 필수로 먹는 묵은지+회 콜라보예요. 엄청 기대하고 시켰는데, 솔직히 회가 신선하지 않아서 엄청 실망했어요. 맛이 없는건 아닌데, 회가 신선하지 않아서 2번은 안시켜먹을 것 같아요. 너무 기대했는지 엄청 실망했었습니다! • 곰국 : 날이 추워서 뜨끈한 국물 있었으면 좋겠어서 시킨 곰국이에요! 기대 1도 안는데, 3개 중에서 제일 맛있게 먹었어요!!! 안에 국수도 소면은 아니고 그렇다고 밀가루, 쫄면도 아닌데 적당히 쫄깃(탱글거리는거 안좋아하는 입맛)하고 고기가 짱맛!",True,normal,352,1번째 방문,True,,,1,강된장쌈밥 리뷰에 다들 슴슴하다고했는데 저는 엄청 슴슴하지않고 신선하고 건강한맛으로 너무 맛있었어요 강된장이 짭쪼름했고 쌈안에 있는 밥도 다 양념이 되어있어요 제철회묵은지말이 제철회묵은지 초밥은 엄청 좋아해서 스시집 가면 필수로 먹는 묵은지 회 콜라보예요 엄청 기대하고 시켰는데 솔직히 회가 신선하지 않아서 엄청 실망했어요 맛이 없는건 아닌데 회가 신선하지 않아서 2번은 안시켜먹을 것 같아요 너무 기대했는지 엄청 실망했었습니다 곰국 날이 추워서 뜨끈한 국물 있었으면 좋겠어서 시킨 곰국이에요 기대 1도 안는데 3개 중에서 제일 맛있게 먹었어요 안에 국수도 소면은 아니고 그렇다고 밀가루 쫄면도 아닌데 적당히 쫄깃 탱글거리는거 안좋아하는 입맛 하고 고기가 짱맛,397,369,0,0,1,1,0,0,0,0,0,1,0,0,2,1,8,1,7,1,0,0,1,0,0,0,0,1,1,1,0,0,0,1,1,0,0,0,0,0,0
난포,fnvl414,1199,2024.06.28,1,영수증,"성수에서 합리적인 가격에 분위기 있고 음식도 맛이 좋은 곳을 찾았습니다. 메뉴 구성도 괜찮고 성수에 가면 꼭 생각나는 곳이 되겠네요. 인기가 많아 조금 기다림이 필요하지만 그래도 일단 난포라는 필기체가 너무 맘에 들고 입장하는 문과 들어갔을때의 조명,벽의 담금주 병에 들어 있는 장아찌 등 맛있는것을 먹으러 왔다는 느낌이 확들어 주문하기 전부터 기대가 되는 곳입니다 또한, 오픈형 주방이라 조리하시는 모습들을 보면서 신뢰를 가지고 음식을 먹을 수 있었고 직원분들도 멋지고 친절하셔서 그 공간에 있는 내내 기분이 좋았습니다 케일쌈에 강된장 조합도 너무 좋았고 비빔국수도 쫄깃한 중면을 써서 더욱 고급스러운 식감이 느껴졌습니다. 오랜만에 다음 방문하면 다른 메뉴를 먹고 싶게 만드는 식당을 찾아 기분이 좋았습니다.","성수에서 합리적인 가격에 분위기 있고 음식도 맛이 좋은 곳을 찾았습니다. 메뉴 구성도 괜찮고 성수에 가면 꼭 생각나는 곳이 되겠네요. 인기가 많아 조금 기다림이 필요하지만 그래도 일단 난포라는 필기체가 너무 맘에 들고 입장하는 문과 들어갔을때의 조명,벽의 담금주 병에 들어 있는 장아찌 등 맛있는것을 먹으러 왔다는 느낌이 확들어 주문하기 전부터 기대가 되는 곳입니다 또한, 오픈형 주방이라 조리하시는 모습들을 보면서 신뢰를 가지고 음식을 먹을 수 있었고 직원분들도 멋지고 친절하셔서 그 공간에 있는 내내 기분이 좋았습니다 케일쌈에 강된장 조합도 너무 좋았고 비빔국수도 쫄깃한 중면을 써서 더욱 고급스러운 식감이 느껴졌습니다. 오랜만에 다음 방문하면 다른 메뉴를 먹고 싶게 만드는 식당을 찾아 기분이 좋았습니다.",True,normal,1199,1번째 방문,True,,,1,성수에서 합리적인 가격에 분위기 있고 음식도 맛이 좋은 곳을 찾았습니다 메뉴 구성도 괜찮고 성수에 가면 꼭 생각나는 곳이 되겠네요 인기가 많아 조금 기다림이 필요하지만 그래도 일단 난포라는 필기체가 너무 맘에 들고 입장하는 문과 들어갔을때의 조명 벽의 담금주 병에 들어 있는 장아찌 등 맛있는것을 먹으러 왔다는 느낌이 확들어 주문하기 전부터 기대가 되는 곳입니다 또한 오픈형 주방이라 조리하시는 모습들을 보면서 신뢰를 가지고 음식을 먹을 수 있었고 직원분들도 멋지고 친절하셔서 그 공간에 있는 내내 기분이 좋았습니다 케일쌈에 강된장 조합도 너무 좋았고 비빔국수도 쫄깃한 중면을 써서 더욱 고급스러운 식감이 느껴졌습니다 오랜만에 다음 방문하면 다른 메뉴를 먹고 싶게 만드는 식당을 찾아 기분이 좋았습니다,397,392,0,0,1,1,5,1,1,0,0,0,0,0,1,1,2,0,0,0,0,0,1,0,0,0,0,1,1,1,0,0,0,0,0,1,1,0,0,0,0
난포,찐성수 주민 내 돈 내산 추천 맛집,642,2025.08.12,4,예약,"📍내돈내산📍 이곳은 서울숲에서 오래된 가게이고, 제가 진짜 입맛 없을 때 방문하는 맛집입니다. 예약을 하고 갔더니 예약 팻말이 테이블 위에 있네요. 가게도 정감 있는 모습이고 매장에 흘러나오는 노래들도 거의 80~90년대의 노래들이 나옵니다. 저는 올 때마다 주문하는 메뉴는 거의 같네요. 🔶강된장 쌈밥. 이곳의 시그니처 메뉴. 딱 한입 사이즈의 쌈밥입니다. 반질반질 윤이 나는 케일 쌈 속에 간이 되지 않은 밥이 들어 있어요. 쌈 옆에 있는 강된장을 같이 먹으면 짭조름한 맛이 잘 어우러집니다. 🔶돌문어 간장국수. 제가 제일 좋아하는 메뉴인데요, 쌉싸름한 참나물이 입맛을 돌게 합니다. 문어도 얇게 썰어져서 먹기에 좋아요. 국수 면발도 탱글 합니다. 특히 간장 소스가 킥입니다. 같이 나오는 장아찌도 맛있어요.","📍내돈내산📍 이곳은 서울숲에서 오래된 가게이고, 제가 진짜 입맛 없을 때 방문하는 맛집입니다. 예약을 하고 갔더니 예약 팻말이 테이블 위에 있네요. 가게도 정감 있는 모습이고 매장에 흘러나오는 노래들도 거의 80~90년대의 노래들이 나옵니다. 저는 올 때마다 주문하는 메뉴는 거의 같네요. 🔶강된장 쌈밥. 이곳의 시그니처 메뉴. 딱 한입 사이즈의 쌈밥입니다. 반질반질 윤이 나는 케일 쌈 속에 간이 되지 않은 밥이 들어 있어요. 쌈 옆에 있는 강된장을 같이 먹으면 짭조름한 맛이 잘 어우러집니다. 🔶돌문어 간장국수. 제가 제일 좋아하는 메뉴인데요, 쌉싸름한 참나물이 입맛을 돌게 합니다. 문어도 얇게 썰어져서 먹기에 좋아요. 국수 면발도 탱글 합니다. 특히 간장 소스가 킥입니다. 같이 나오는 장아찌도 맛있어요.",True,normal,642,4번째 방문,True,,,1,내돈내산 이곳은 서울숲에서 오래된 가게이고 제가 진짜 입맛 없을 때 방문하는 맛집입니다 예약을 하고 갔더니 예약 팻말이 테이블 위에 있네요 가게도 정감 있는 모습이고 매장에 흘러나오는 노래들도 거의 80 90년대의 노래들이 나옵니다 저는 올 때마다 주문하는 메뉴는 거의 같네요 강된장 쌈밥 이곳의 시그니처 메뉴 딱 한입 사이즈의 쌈밥입니다 반질반질 윤이 나는 케일 쌈 속에 간이 되지 않은 밥이 들어 있어요 쌈 옆에 있는 강된장을 같이 먹으면 짭조름한 맛이 잘 어우러집니다 돌문어 간장국수 제가 제일 좋아하는 메뉴인데요 쌉싸름한 참나물이 입맛을 돌게 합니다 문어도 얇게 썰어져서 먹기에 좋아요 국수 면발도 탱글 합니다 특히 간장 소스가 킥입니다 같이 나오는 장아찌도 맛있어요,398,377,0,0,1,1,2,1,1,0,0,1,0,0,3,1,1,0,0,0,0,0,1,0,0,0,0,1,1,0,1,0,0,0,0,1,1,0,0,0,0
난포,Justin9153,135,2025.05.04,1,영수증,어버이날이 가까이 와서 아들이 효도한다고 서울의숲을 가지고해서 덕분에 옆에 있는 성수동 거리로 왔다. 맛있는 집이 많지만 특별한 음식을 파는 난포로 정했다. 퓨전한식이랄까? 문제는 연휴라 손님이 엄청 많다. 오후 한시쯤 도착해서 waiting을 걸었는데 3명이라 4명테이블이라 한시간 반이상을 기다리다 입장했네. 음식은 돌문어간장국수+간된장쌈밥+한우불고기쌈밥+새우감자전. 돌문어 간장국수를 잘 저어서 먹었는데 아불싸 아무 맛도 안난다. 그래서 콜^^ 소스가 있냐고 물어니 아불싸 간장을 첨가하지 않았다고 하시네. 이런 정신나간 요리사들 봤나. ㅉㅉㅉ 간장을 넣으니 맛있네^^ 간된장씸밥은 된장이 그릇에 살짝 있는게 아쉽다. 새우감자전도 굿^^ 그리고 커피스미스에서 커피 마시고 서울의 숲 산책. 좋은 하루였다.♡,어버이날이 가까이 와서 아들이 효도한다고 서울의숲을 가지고해서 덕분에 옆에 있는 성수동 거리로 왔다. 맛있는 집이 많지만 특별한 음식을 파는 난포로 정했다. 퓨전한식이랄까? 문제는 연휴라 손님이 엄청 많다. 오후 한시쯤 도착해서 waiting을 걸었는데 3명이라 4명테이블이라 한시간 반이상을 기다리다 입장했네. 음식은 돌문어간장국수+간된장쌈밥+한우불고기쌈밥+새우감자전. 돌문어 간장국수를 잘 저어서 먹었는데 아불싸 아무 맛도 안난다. 그래서 콜^^ 소스가 있냐고 물어니 아불싸 간장을 첨가하지 않았다고 하시네. 이런 정신나간 요리사들 봤나. ㅉㅉㅉ 간장을 넣으니 맛있네^^ 간된장씸밥은 된장이 그릇에 살짝 있는게 아쉽다. 새우감자전도 굿^^ 그리고 커피스미스에서 커피 마시고 서울의 숲 산책. 좋은 하루였다.♡,True,normal,135,1번째 방문,True,,,1,어버이날이 가까이 와서 아들이 효도한다고 서울의숲을 가지고해서 덕분에 옆에 있는 성수동 거리로 왔다 맛있는 집이 많지만 특별한 음식을 파는 난포로 정했다 퓨전한식이랄까 문제는 연휴라 손님이 엄청 많다 오후 한시쯤 도착해서 waiting을 걸었는데 3명이라 4명테이블이라 한시간 반이상을 기다리다 입장했네 음식은 돌문어간장국수 간된장쌈밥 한우불고기쌈밥 새우감자전 돌문어 간장국수를 잘 저어서 먹었는데 아불싸 아무 맛도 안난다 그래서 콜 소스가 있냐고 물어니 아불싸 간장을 첨가하지 않았다고 하시네 이런 정신나간 요리사들 봤나 간장을 넣으니 맛있네 간된장씸밥은 된장이 그릇에 살짝 있는게 아쉽다 새우감자전도 굿 그리고 커피스미스에서 커피 마시고 서울의 숲 산책 좋은 하루였다,398,375,0,0,1,1,0,0,0,0,0,1,2,1,2,1,1,0,0,0,0,0,1,0,0,0,0,1,1,1,0,0,0,0,0,1,0,0,0,0,0
난포,후라e,51,2024.06.11,1,예약,입장- 하루 전 날 오후 5시 예약으로 브레이크 타임 끝나자마자 첫 번째로 입장해서 기다리는 시간 없이 바로 입장했습니다. 맛- 우선 제 기준 맛 순위는 1위 제철 회국수 2위 제철회묵은지말이 3위 강된장쌈밥 입니다. 제철회묵은지말이- 기대:⭐️⭐️⭐️⭐️⭐️ 맛:⭐️⭐️⭐️ (비주얼을 봤을 때 제일 기대를 했었습니다 맛은 괜찮았지만 먹자마자 엄청 맛있다! 정도는 아니고 무난하게 맛있었습니다) 제철 회국수- 기대:⭐️⭐️ 맛:⭐️⭐️⭐️⭐️⭐️ (오히려 회국수는 기대는 안 했는데 먹자마자 맛있다고 생각했고 다시 방문한다면 재주문할 생각입니다) 강된장쌈밥- 기대:⭐️⭐️⭐️⭐️ 맛:⭐️⭐️ (비주얼은 좋았으나 맛은 그닥..? 이었던 메뉴입니다. 쌈만 먹으면 밍밍하다는 후기가 있어 깔려있던 두부?랑 먹었지만 양이 적었고 밍밍했습니다),입장- 하루 전 날 오후 5시 예약으로 브레이크 타임 끝나자마자 첫 번째로 입장해서 기다리는 시간 없이 바로 입장했습니다. 맛- 우선 제 기준 맛 순위는 1위 제철 회국수 2위 제철회묵은지말이 3위 강된장쌈밥 입니다. 제철회묵은지말이- 기대:⭐️⭐️⭐️⭐️⭐️ 맛:⭐️⭐️⭐️ (비주얼을 봤을 때 제일 기대를 했었습니다 맛은 괜찮았지만 먹자마자 엄청 맛있다! 정도는 아니고 무난하게 맛있었습니다) 제철 회국수- 기대:⭐️⭐️ 맛:⭐️⭐️⭐️⭐️⭐️ (오히려 회국수는 기대는 안 했는데 먹자마자 맛있다고 생각했고 다시 방문한다면 재주문할 생각입니다) 강된장쌈밥- 기대:⭐️⭐️⭐️⭐️ 맛:⭐️⭐️ (비주얼은 좋았으나 맛은 그닥..? 이었던 메뉴입니다. 쌈만 먹으면 밍밍하다는 후기가 있어 깔려있던 두부?랑 먹었지만 양이 적었고 밍밍했습니다),True,normal,51,1번째 방문,True,,,1,입장 하루 전 날 오후 5시 예약으로 브레이크 타임 끝나자마자 첫 번째로 입장해서 기다리는 시간 없이 바로 입장했습니다 맛 우선 제 기준 맛 순위는 1위 제철 회국수 2위 제철회묵은지말이 3위 강된장쌈밥 입니다 제철회묵은지말이 기대 맛 비주얼을 봤을 때 제일 기대를 했었습니다 맛은 괜찮았지만 먹자마자 엄청 맛있다 정도는 아니고 무난하게 맛있었습니다 제철 회국수 기대 맛 오히려 회국수는 기대는 안 했는데 먹자마자 맛있다고 생각했고 다시 방문한다면 재주문할 생각입니다 강된장쌈밥 기대 맛 비주얼은 좋았으나 맛은 그닥 이었던 메뉴입니다 쌈만 먹으면 밍밍하다는 후기가 있어 깔려있던 두부 랑 먹었지만 양이 적었고 밍밍했습니다,413,347,0,0,1,1,1,1,0,0,0,1,1,1,3,1,1,0,1,0,0,0,1,0,0,0,0,1,1,1,0,0,0,0,0,1,1,0,0,0,0
