word,pos,freq,score,weight_true,note
가꾸다,Verb,1,,,
가다,Verb,910,,,
가려지다,Verb,1,,,
가르다,Verb,4,,,
가르치다,Verb,1,,,
가리다,Verb,5,,,
가리키다,Verb,2,,,
가버리다,Verb,4,,,
가보다,Verb,113,,,
가시다,Verb,16,,,
가져가다,Verb,17,,,
가져다주다,Verb,12,,,
가져오다,Verb,7,,,
가지다,Verb,11,,,
가하다,Verb,1,,,
갇히다,Verb,3,,,
갈다,Verb,179,,,
갈라지다,Verb,2,,,
갈리다,Verb,6,,,
감다,Verb,22,,,
감사하다,Verb,68,2,,
감싸다,Verb,1,,,
감추다,Verb,1,,,
갖다,Verb,16,,,
갖추다,Verb,7,,,
개다,Verb,11,,,
거들다,Verb,3,,,
거슬리다,Verb,7,-1,,
거치다,Verb,5,,,
건네주다,Verb,3,,,
건지다,Verb,67,,,
걷다,Verb,7,,,
걸다,Verb,44,,,
걸리다,Verb,37,,,
걸어가다,Verb,2,,,
걸어오다,Verb,4,,,
걸치다,Verb,6,,,
겁나다,Verb,11,,,
겁니다,Verb,8,,,
겠다,Verb,10,,,
겪다,Verb,5,,,
견디다,Verb,5,,,
곁들이다,Verb,57,,,
고르다,Verb,28,,,
고치다,Verb,2,,,
구르다,Verb,1,,,
굴러가다,Verb,1,,,
굶다,Verb,1,,,
굶주리다,Verb,1,,,
굽다,Verb,387,,,
권하다,Verb,2,,,
그려지다,Verb,2,,,
그리다,Verb,21,,,
그치다,Verb,8,,,
긁다,Verb,9,,,
긋다,Verb,27,,,
기다,Verb,126,,,
기다리다,Verb,293,,,
기대다,Verb,7,,,
기르다,Verb,17,,,
기억나다,Verb,2,,,
기울이다,Verb,1,,,
길어지다,Verb,5,,,
까먹다,Verb,3,,,
깎다,Verb,7,,,
깔다,Verb,42,,,
깔리다,Verb,5,,,
깨끗해지다,Verb,1,,,
깨다,Verb,2,,,
깨부수다,Verb,1,,,
깨지다,Verb,3,,,
꺼내다,Verb,1,,,
꺼리다,Verb,3,,,
꺼지다,Verb,2,,,
껵다,Verb,1,,,
꼽히다,Verb,1,,,
꽂다,Verb,2,,,
꽂히다,Verb,3,,,
꽉차다,Verb,11,,,
꾸다,Verb,7,,,
꾸미다,Verb,5,,,
꿈꾸다,Verb,1,,,
끄다,Verb,87,,,
끄덕이다,Verb,1,,,
끊기다,Verb,2,,,
끊다,Verb,4,,,
끊어지다,Verb,7,,,
끌다,Verb,2,,,
끌리다,Verb,4,,,
끓다,Verb,8,,,
끓이다,Verb,44,,,
끝나다,Verb,23,,,
끝내다,Verb,3,,,
끼다,Verb,13,,,
끼우다,Verb,1,,,
끼치다,Verb,1,,,
낄낄대다,Verb,1,,,
나가다,Verb,44,,,
나누다,Verb,22,,,
나뉘다,Verb,2,,,
나다,Verb,285,,,
나르다,Verb,5,,,
나무라다,Verb,1,,,
나빠지다,Verb,1,,,
나서다,Verb,52,,,
나아지다,Verb,2,,,
나오다,Verb,795,,,
날다,Verb,7,,,
날리다,Verb,3,,,
날아가다,Verb,1,,,
날아다니다,Verb,1,,,
남기다,Verb,54,,,
남다,Verb,71,,,
낫다,Verb,6,,,
낮추다,Verb,2,,,
낳다,Verb,2,,,
내놓다,Verb,7,,,
내다,Verb,83,,,
내려가다,Verb,4,,,
내려놓다,Verb,7,,,
내려오다,Verb,3,,,
내려지다,Verb,1,,,
내리다,Verb,10,,,
내미다,Verb,2,,,
내뱉다,Verb,2,,,
내보내다,Verb,1,,,
내주다,Verb,8,,,
널다,Verb,2,,,
넘기다,Verb,5,,,
넘다,Verb,427,,,
넘어가다,Verb,19,,,
넘어서다,Verb,15,,,
넘어오다,Verb,1,,,
넣다,Verb,124,,,
노려보다,Verb,1,,,
노리다,Verb,1,,,
녹다,Verb,36,,,
녹아내리다,Verb,2,,,
녹이다,Verb,1,,,
놀다,Verb,49,,,
놀라다,Verb,56,,,
높아지다,Verb,2,,,
높이다,Verb,3,,,
놓다,Verb,34,,,
놓이다,Verb,3,,,
놓치다,Verb,1,,,
누르다,Verb,21,,,
누리다,Verb,17,,,
눈감다,Verb,1,,,
눈뜨다,Verb,1,,,
눈물나다,Verb,2,,,
느껴지다,Verb,140,,,
느끼다,Verb,158,,,
늘다,Verb,67,,,
늘리다,Verb,3,,,
늘어나다,Verb,6,,,
늘어서다,Verb,1,,,
늙다,Verb,1,,,
늦다,Verb,65,,,
늦어지다,Verb,1,,,
늦추다,Verb,1,,,
다가오다,Verb,6,,,
다녀가다,Verb,5,,,
다녀오다,Verb,78,,,
다니다,Verb,48,,,
다듬어지다,Verb,1,,,
다루다,Verb,1,,,
다시다,Verb,52,,,
다잡다,Verb,1,,,
다지다,Verb,4,,,
다치다,Verb,1,,,
닦다,Verb,12,,,
닦이다,Verb,4,,,
닫다,Verb,7,,,
달구다,Verb,2,,,
달다,Verb,71,,,
달라지다,Verb,14,,,
달래다,Verb,4,,,
달려가다,Verb,1,,,
달려오다,Verb,5,,,
달리다,Verb,3,,,
닮다,Verb,2,,,
담그다,Verb,6,,,
담기다,Verb,15,,,
담다,Verb,18,,,
당기다,Verb,9,,,
대다,Verb,88,,,
대박나다,Verb,3,,,
대보다,Verb,1,,,
대접받다,Verb,10,2,,
더러워지다,Verb,3,,,
더불다,Verb,1,,,
더워지다,Verb,2,,,
던지다,Verb,25,-1,,
덜다,Verb,9,,,
덧붙이다,Verb,1,,,
덮다,Verb,18,,,
덮이다,Verb,2,,,
데려가다,Verb,12,,,
데려오다,Verb,11,,,
데리다,Verb,3,,,
데우다,Verb,7,,,
도드라지다,Verb,1,,,
도려내다,Verb,1,,,
도르다,Verb,4,,,
도망치다,Verb,1,,,
도와주다,Verb,3,,,
돋다,Verb,3,,,
돋보이다,Verb,2,,,
돌다,Verb,16,,,
돌려주다,Verb,1,,,
돌리다,Verb,6,,,
돌아가다,Verb,15,,,
돌아다니다,Verb,11,,,
돌아보다,Verb,2,,,
돌아서다,Verb,3,,,
돌아오다,Verb,4,,,
돼다,Verb,96,,,
되다,Verb,602,,,
되어다,Verb,182,,,
두다,Verb,91,,,
두드리다,Verb,2,,,
두르다,Verb,2,,,
둘러보다,Verb,1,,,
둘러싸다,Verb,1,,,
뒤지다,Verb,5,,,
뒤집어지다,Verb,1,,,
드리다,Verb,145,,,
듣다,Verb,28,,,
들다,Verb,574,,,
들려주다,Verb,1,,,
들르다,Verb,34,,,
들리다,Verb,52,,,
들어가다,Verb,391,,,
들어서다,Verb,17,,,
들어오다,Verb,112,,,
들어주다,Verb,2,,,
들이다,Verb,33,,,
들이켜다,Verb,1,,,
들이키다,Verb,4,,,
디지다,Verb,1,,,
딛다,Verb,1,,,
따다,Verb,22,,,
따라가다,Verb,4,,,
따라오다,Verb,5,,,
따르다,Verb,28,,,
따지다,Verb,2,,,
때리다,Verb,11,,,
때우다,Verb,1,,,
땡기다,Verb,52,,,
떠나다,Verb,8,,,
떠들다,Verb,5,,,
떠오르다,Verb,3,,,
떠올리다,Verb,2,,,
떠지다,Verb,2,,,
떨구다,Verb,1,,,
떨다,Verb,9,,,
떨어뜨리다,Verb,1,,,
떨어지다,Verb,41,,,
떼다,Verb,7,,,
뚫다,Verb,4,,,
뚫리다,Verb,1,,,
뛰다,Verb,4,,,
뛰어넘다,Verb,2,,,
뛰어들다,Verb,1,,,
뛰어오다,Verb,1,,,
뜨다,Verb,51,,,
뜯기다,Verb,2,,,
뜯다,Verb,13,,,
띄다,Verb,6,,,
띄우다,Verb,3,,,
마시다,Verb,19,,,
마싯다,Verb,44,,,
마음먹다,Verb,1,,,
마주치다,Verb,6,,,
마치다,Verb,2,,,
막다,Verb,6,,,
막히다,Verb,5,,,
만나다,Verb,18,,,
만들다,Verb,72,,,
만들어지다,Verb,5,,,
만지다,Verb,2,,,
많아지다,Verb,30,,,
말다,Verb,128,,,
말리다,Verb,3,,,
말씀드리다,Verb,28,,,
말아먹다,Verb,5,-2,,
맛보다,Verb,46,,,
망설이다,Verb,4,,,
망치다,Verb,6,,,
맞다,Verb,131,,,
맞추다,Verb,30,,,
맡다,Verb,1,,,
매다,Verb,33,,,
맺다,Verb,1,,,
머거다,Verb,1,,,
머무르다,Verb,1,,,
머물다,Verb,4,,,
먹고다,Verb,1,,,
먹다,Verb,4029,,,
먹어주다,Verb,11,,,
먹이다,Verb,2,,,
멀어지다,Verb,1,,,
멈추다,Verb,6,,,
메다,Verb,2,,,
모르다,Verb,177,-1,,모르겠=-1?
모시다,Verb,2,,,
모으다,Verb,2,,,
모이다,Verb,15,,,
모자라다,Verb,3,,,
몰다,Verb,3,,,
몰려오다,Verb,1,,,
몰리다,Verb,1,,,
못자다,Verb,1,,,
무치다,Verb,45,,,
묵다,Verb,10,,,
묶다,Verb,3,,,
묶이다,Verb,1,,,
묻다,Verb,27,,,
묻히다,Verb,1,,,
물다,Verb,18,,,
물러서다,Verb,1,,,
물르다,Verb,2,,,
물리다,Verb,7,,,
물어보다,Verb,39,,,
뭉치다,Verb,4,,,
뭐라다,Verb,11,,,
미끌거리다,Verb,1,,,
미루다,Verb,4,,,
믿다,Verb,40,,,
밀다,Verb,3,,,
밀려오다,Verb,1,,,
밀리다,Verb,5,,,
바꾸다,Verb,25,,,
바뀌다,Verb,22,,,
바라다,Verb,20,,,
바라보다,Verb,1,,,
바르다,Verb,17,,,
박다,Verb,1,,,
박지르다,Verb,1,,,
박히다,Verb,5,,,
반기다,Verb,4,,,
반짝이다,Verb,1,,,
받다,Verb,174,,,
받아들이다,Verb,1,,,
받치다,Verb,1,,,
발리다,Verb,5,,,
밝다,Verb,5,,,
배다,Verb,17,,,
배우다,Verb,2,,,
뱉다,Verb,2,,,
버리다,Verb,51,,,
버티다,Verb,2,,,
벌다,Verb,1,,,
벌리다,Verb,1,,,
벗다,Verb,2,,,
베다,Verb,23,,,
변치않다,Verb,2,,,
보고오다,Verb,1,,,
보내다,Verb,40,,,
보다,Verb,745,,,
보여주다,Verb,7,,,
보이다,Verb,96,,,
보채다,Verb,1,,,
볶다,Verb,38,,,
볶이다,Verb,1,,,
뵈다,Verb,5,,,
뵙다,Verb,1,,,
부각시키다,Verb,1,,,
부대끼다,Verb,1,,,
부딪히다,Verb,2,,,
부러지다,Verb,1,,,
부르다,Verb,49,,,
부추기다,Verb,1,,,
부치다,Verb,7,,,
부풀리다,Verb,1,,,
불다,Verb,45,-1,,
불러일으키다,Verb,1,,,
불리다,Verb,2,,,
붐비다,Verb,14,,,
붓다,Verb,2,,,
붙다,Verb,40,,,
붙이다,Verb,7,,,
비꼬다,Verb,1,,,
비다,Verb,87,,,
비비다,Verb,33,,,
비우다,Verb,15,,,
비추다,Verb,16,,,
비키다,Verb,2,,,
빌다,Verb,1,,,
빗나가다,Verb,1,,,
빗다,Verb,3,,,
빛나다,Verb,1,,,
빠져나오다,Verb,1,,,
빠져들다,Verb,1,,,
빠지다,Verb,80,,,
빨다,Verb,6,,,
빼놓다,Verb,2,,,
빼다,Verb,40,,,
빼먹다,Verb,2,,,
뺏다,Verb,2,,,
뻗다,Verb,1,,,
뽐내다,Verb,2,,,
뽑다,Verb,4,,,
뽑히다,Verb,1,,,
뿌리다,Verb,14,,,
사가다,Verb,3,,,
사과받다,Verb,1,,,
사그라지다,Verb,1,,,
사다,Verb,17,,,
사라지다,Verb,15,,,
사랑받다,Verb,2,,,
사로자다,Verb,1,,,
사로잡히다,Verb,1,,,
사르다,Verb,3,,,
사리다,Verb,7,,,
사먹다,Verb,5,,,
사오다,Verb,9,,,
사주다,Verb,1,,,
사하다,Verb,1,,,
삭히다,Verb,3,,,
살다,Verb,62,,,
살리다,Verb,11,,,
살아나다,Verb,6,,,
살아오다,Verb,1,,,
삶다,Verb,26,,,
삼다,Verb,2,,,
새다,Verb,4,,,
새우다,Verb,2,,,
생각나다,Verb,108,,,
생겨나다,Verb,1,,,
생기다,Verb,33,,,
서다,Verb,131,,,
서두르다,Verb,2,,,
섞다,Verb,20,,,
섞이다,Verb,18,,,
선보이다,Verb,1,,,
설다,Verb,1,,,
설익다,Verb,16,,,
세다,Verb,6,,,
세우다,Verb,3,,,
세워지다,Verb,1,,,
소름끼치다,Verb,1,,,
소리내다,Verb,3,,,
소리치다,Verb,2,,,
소문나다,Verb,40,,,
속삭이다,Verb,2,,,
속이다,Verb,23,,,
손꼽다,Verb,1,,,
손대다,Verb,1,,,
손잡다,Verb,1,,,
숙이다,Verb,1,,,
숨다,Verb,4,,,
숨쉬다,Verb,1,,,
쉬다,Verb,25,,,음식+쉬다=>-1?
스며들다,Verb,2,,,
스미다,Verb,1,,,
시키다,Verb,443,,,
식다,Verb,30,,,
식히다,Verb,2,,,
신다,Verb,17,,,
싣다,Verb,1,,,
실리다,Verb,1,,,
심다,Verb,3,,,
심해지다,Verb,1,,,
싶다,Verb,439,,,
싸다,Verb,49,,,
싸우다,Verb,6,,,
쌓다,Verb,7,,,
쌓이다,Verb,2,,,
써다,Verb,48,,,
써주다,Verb,12,,,
썩다,Verb,2,,,
썰다,Verb,18,,,
썰리다,Verb,10,,,
쏘다,Verb,35,,,
쏘이다,Verb,3,,,
쏟아지다,Verb,1,,,
쑤시다,Verb,1,,,
쓰다,Verb,77,,,
쓰이다,Verb,2,,,
쓴다,Verb,1,,,
쓸다,Verb,20,,,
씌우다,Verb,1,,,
씨부리다,Verb,1,,,
씹다,Verb,43,,,
씹히다,Verb,25,,,
씻기다,Verb,1,,,
씻다,Verb,6,,,
아끼다,Verb,8,,,
안기다,Verb,2,,,
안내받다,Verb,7,,,
안다,Verb,7,,,
앉다,Verb,97,,,
앉히다,Verb,3,,,
않다,Verb,891,,,
알다,Verb,210,,,
알려지다,Verb,7,,,
알리다,Verb,1,,,
알아내다,Verb,1,,,
알아보다,Verb,4,,,
앞서다,Verb,1,,,
애쓰다,Verb,1,,,
약해지다,Verb,1,,,
어긋나다,Verb,1,,,
어려워지다,Verb,2,,,
어리다,Verb,16,,,
어우러지다,Verb,31,,,
어울리다,Verb,134,1,,
얹다,Verb,8,,,
얹히다,Verb,1,,,
얻다,Verb,3,,,
얻어먹다,Verb,2,,,
얼다,Verb,16,,,
얼리다,Verb,5,,,
업다,Verb,3,,,
없애다,Verb,3,,,
없어지다,Verb,11,,,
여기다,Verb,112,,,
여유롭다,Verb,8,,,
여쭈다,Verb,12,,,
열다,Verb,12,,,
열리다,Verb,3,,,
오가다,Verb,4,,,
오다,Verb,1641,,,
오르다,Verb,18,,,
올라가다,Verb,33,,,
올라서다,Verb,2,,,
올라오다,Verb,27,,,
올라타다,Verb,1,,,
올려놓다,Verb,1,,,
올려주다,Verb,7,,,
올리다,Verb,55,,,
옮기다,Verb,8,,,
외우다,Verb,1,,,
외치다,Verb,1,,,
용다,Verb,1,,,
울다,Verb,4,,,
울렁거리다,Verb,1,,,
울리다,Verb,3,,,
움직이다,Verb,4,,,
웃기다,Verb,1,,,
웃다,Verb,14,,,
이겠다,Verb,4,,,
이기다,Verb,15,,,
이끌다,Verb,6,,,
이다,Verb,538,,,
이루다,Verb,10,,,
이루어지다,Verb,1,,,
이르다,Verb,50,,,
이어지다,Verb,3,,,
익다,Verb,55,,,
익히다,Verb,23,,,
인정받다,Verb,1,,,
일어나다,Verb,2,,,
일으키다,Verb,1,,,
읽다,Verb,3,,,
잃다,Verb,13,,,
입다,Verb,7,,,
입히다,Verb,5,,,
잇다,Verb,152,,,
잊다,Verb,11,,,
잊어버리다,Verb,1,,,
자다,Verb,832,,,
자르다,Verb,20,,,
자시다,Verb,1,,,
작아지다,Verb,3,,,
잖다,Verb,4,,,
잘나오다,Verb,6,,,
잘라먹다,Verb,1,,,
잘라지다,Verb,2,,,
잘리다,Verb,3,,,
잘알다,Verb,4,,,
잘해주다,Verb,2,,,
잡다,Verb,221,,,
잡아끌다,Verb,1,-1,,
잡히다,Verb,7,,,
잦다,Verb,2,,,
재다,Verb,2,,,
적다,Verb,113,-1,,음식+적다=>-1?
적어지다,Verb,2,,,
적히다,Verb,2,,,
정해지다,Verb,3,,,
조르다,Verb,5,,,
조심하다,Verb,8,-1,,
졸다,Verb,1,,,
졸리다,Verb,1,,,
졸이다,Verb,2,,,
좋아지다,Verb,10,1,,
주고받다,Verb,1,,,
주다,Verb,264,,,
주무시다,Verb,1,,,
죽다,Verb,9,,,
죽여주다,Verb,1,,,
죽이다,Verb,1,,,
줄다,Verb,22,,,
줄어들다,Verb,6,,,
줄이다,Verb,59,,,
줍다,Verb,13,,,
즐기다,Verb,102,,,
지나가다,Verb,40,,,
지나다,Verb,35,,,
지나치다,Verb,7,,,
지내다,Verb,1,,,
지다,Verb,106,,,
지르다,Verb,12,,,
지리다,Verb,2,,,
지우다,Verb,2,,,
지치다,Verb,7,,,
지키다,Verb,5,,,
지피다,Verb,1,,,
질리다,Verb,6,,,
집다,Verb,44,,,
집어넣다,Verb,1,,,
짓눌리다,Verb,1,,,
짓다,Verb,3,,,
짜다,Verb,192,-1,,
짜지다,Verb,17,,,
째다,Verb,12,,,
째지다,Verb,1,,,
쩔다,Verb,2,,,
쪼개다,Verb,1,,,
쫒다,Verb,2,,,
쫓겨나다,Verb,2,-2,,
쫓기다,Verb,1,,,
쫓아내다,Verb,2,-2,,
쬐다,Verb,1,,,
쭈그러들다,Verb,1,,,
찌다,Verb,79,,,
찌들다,Verb,7,,,
찌르다,Verb,1,,,
찌푸리다,Verb,1,-2,,
찍다,Verb,125,,,
찢다,Verb,2,,,
찢어지다,Verb,6,,,
차다,Verb,119,-1,,음식+차다
차리다,Verb,2,,,
차이다,Verb,7,,,
참다,Verb,10,,,
찾다,Verb,183,,,
찾아가다,Verb,31,,,
찾아다니다,Verb,3,,,
찾아보다,Verb,17,,,
찾아오다,Verb,45,,,
채다,Verb,2,,,
채우다,Verb,21,,,
챙기다,Verb,27,,,
쳐다보다,Verb,10,,,
추다,Verb,51,,,
추워지다,Verb,4,,,
춤추다,Verb,1,,,
치다,Verb,27,,,
치밀다,Verb,1,,,
치우다,Verb,39,,,
치이다,Verb,1,,,
친해지다,Verb,1,,,
캐다,Verb,1,,,
커지다,Verb,3,,,
켜다,Verb,12,,,
크다,Verb,130,,,
키우다,Verb,2,,,
타다,Verb,127,,,
태어나다,Verb,4,,,
태우다,Verb,6,,,
터뜨리다,Verb,2,,,
터지다,Verb,41,,,
털다,Verb,1,,,
투덜대다,Verb,1,,,
튀기다,Verb,12,,,
튀다,Verb,8,,,
트이다,Verb,4,,,
틀다,Verb,8,,,
틀리다,Verb,1,,,
틀어주다,Verb,2,,,
파다,Verb,14,,,
파이다,Verb,2,,,
팔다,Verb,19,,,
팔리다,Verb,1,,,
팔지마다,Verb,1,,,
퍼붓다,Verb,1,,,
퍼지다,Verb,16,,,
펴다,Verb,16,,,
펼치다,Verb,1,,,
포개다,Verb,1,,,
푸다,Verb,133,,,
풀다,Verb,11,,,
풀리다,Verb,14,,,
풀어지다,Verb,7,,,
품다,Verb,2,,,
풍기다,Verb,2,,,
피다,Verb,6,,,
하다,Verb,5161,,,
하므다,Verb,1,,,
합치다,Verb,2,,,
해내다,Verb,1,,,
해달라다,Verb,4,,,
해드리다,Verb,4,,,
해보다,Verb,86,,,
해봤다,Verb,13,,,
해오다,Verb,37,,,
해주다,Verb,209,,,
해치다,Verb,1,,,
허기지다,Verb,1,,,
허다,Verb,9,,,
헐다,Verb,4,,,
혼나다,Verb,6,,,
혼내다,Verb,2,,,
화나다,Verb,7,-1,,
휘둥그레지다,Verb,1,,,
흐르다,Verb,6,,,
흐리다,Verb,5,,,
흔들다,Verb,1,,,
흘겨보다,Verb,1,,,
흘리다,Verb,3,,,
힘주다,Verb,1,,,
가가,Noun,1,0,,
가게,Noun,190,0,,
가격,Noun,343,0,,
가관,Noun,1,0,,
가구,Noun,1,0,,
가글,Noun,1,0,,
가기,Noun,31,0,,
가까스로,Noun,1,0,,
가까이,Noun,3,0,,
가끔,Noun,37,0,,
가나,Noun,1,0,,
가넝,Noun,1,0,,
가능,Noun,36,0,,
가다가,Noun,1,0,,
가도,Noun,20,0,,
가동,Noun,1,0,,
가득,Noun,71,0,,
가든,Noun,3,0,,
가라,Noun,6,0,,
가락,Noun,1,0,,
가량,Noun,2,0,,
가려진,Noun,1,0,,
가로,Noun,1,0,,
가루,Noun,19,0,,
가리비,Noun,1,0,,
가막,Noun,1,0,,
가면,Noun,71,0,,
가미,Noun,1,0,,
가바,Noun,1,0,,
가방,Noun,3,0,,
가보,Noun,3,0,,
가보리,Noun,1,0,,
가비,Noun,1,0,,
가설,Noun,1,0,,
가성,Noun,240,0,,
가세,Noun,20,0,,
가세영,Noun,1,0,,
가스,Noun,2,0,,
가슴,Noun,4,0,,
가시,Noun,9,0,,
가시대,Noun,1,0,,
가신,Noun,1,0,,
가십,Noun,1,0,,
가야,Noun,22,0,,
가열,Noun,2,0,,
가요,Noun,35,0,,
가용,Noun,1,0,,
가운데,Noun,5,0,,
가위,Noun,5,0,,
가이드,Noun,8,0,,
가일,Noun,1,0,,
가입,Noun,2,0,,
가자미,Noun,12,0,,
가장,Noun,51,0,,
가장자리,Noun,1,0,,
가정,Noun,2,0,,
가정식,Noun,3,0,,
가족,Noun,95,0,,
가죽,Noun,1,0,,
가즈,Noun,1,0,,
가지,Noun,63,0,,
가지각색,Noun,1,0,,
가짓수,Noun,7,0,,
가짜,Noun,1,0,,
가치,Noun,21,0,,
가타,Noun,3,0,,
가펠,Noun,1,0,,
가평,Noun,1,0,,
각각,Noun,7,0,,
각광,Noun,1,0,,
각시,Noun,31,0,,
각인,Noun,1,0,,
각자,Noun,10,0,,
각종,Noun,3,0,,
각질,Noun,1,0,,
간간,Noun,11,0,,
간격,Noun,23,0,,
간곳,Noun,1,0,,
간날,Noun,1,0,,
간다,Noun,14,0,,
간단,Noun,1,0,,
간도,Noun,28,0,,
간만,Noun,17,0,,
간물,Noun,1,0,,
간술,Noun,2,0,,
간이,Noun,119,0,,
간장,Noun,60,0,,
간장게장,Noun,2,0,,
간장앙념,Noun,1,0,,
간접,Noun,1,0,,
간첩,Noun,2,0,,
간친,Noun,1,0,,
간판,Noun,4,0,,
간혹,Noun,3,0,,
갈건,Noun,1,0,,
갈래,Noun,1,0,,
갈리,Noun,1,0,,
갈릭,Noun,2,0,,
갈릴,Noun,12,0,,
갈림,Noun,1,0,,
갈매기살,Noun,5,0,,
갈바,Noun,1,0,,
갈비,Noun,133,0,,
갈비뼈,Noun,1,0,,
갈비살,Noun,2,0,,
갈비찜,Noun,3,0,,
갈비탕,Noun,3,0,,
갈수록,Noun,7,0,,
갈이,Noun,3,0,,
갈증,Noun,2,0,,
갈치,Noun,1,0,,
감각,Noun,2,0,,
감기,Noun,2,0,,
감당,Noun,2,0,,
감동,Noun,37,2,,
감사,Noun,4,0,,
감성,Noun,23,0,,
감수,Noun,6,0,,
감안,Noun,9,0,,
감옥,Noun,1,0,,
감자,Noun,45,0,,
감자면,Noun,1,0,,
감자전,Noun,54,0,,
감자탕,Noun,262,0,,
감정,Noun,3,0,,
감지덕지,Noun,1,0,,
감칠맛,Noun,83,1,,
감탄,Noun,12,0,,
감탄사,Noun,2,0,,
감태,Noun,4,0,,
감흥,Noun,1,0,,
갑오,Noun,2,0,,
갑오징어,Noun,12,0,,
갑인,Noun,1,0,,
갑자기,Noun,28,0,,
갑진,Noun,1,0,,
값맛임,Noun,1,0,,
값어치,Noun,2,0,,
값임,Noun,1,0,,
갔뎐,Noun,1,0,,
강강추,Noun,1,2,,
강남,Noun,4,0,,
강남역,Noun,1,0,,
강력,Noun,10,0,,
강릉,Noun,2,0,,
강매,Noun,2,-1,,
강아지,Noun,7,0,,
강요,Noun,7,0,,
강점,Noun,2,0,,
강제,Noun,2,0,,
강조,Noun,1,2,,
강추,Noun,101,2,,
강추입니듀,Noun,1,2,,
강추추추,Noun,1,2,,
강츄,Noun,2,2,,
강풍,Noun,1,0,,
강퓨해,Noun,1,0,,
강하,Noun,1,0,,
강화도,Noun,2,0,,
갖은,Noun,1,0,,
같아욤,Noun,1,0,,
개강,Noun,3,0,,
개구리밥,Noun,1,0,,
개국,Noun,1,0,,
개굿,Noun,4,0,,
개꿀,Noun,2,0,,
개꿀띠,Noun,1,2,,
개꿀맛,Noun,1,2,,
개념,Noun,2,0,,
개대,Noun,1,0,,
개도,Noun,3,0,,
개맛,Noun,19,0,,
개무시,Noun,1,-2,,
개미,Noun,1,0,,
개발,Noun,2,0,,
개밥,Noun,1,0,,
개방,Noun,1,0,,
개별,Noun,2,0,,
개불,Noun,1,0,,
개선,Noun,13,0,,
개성,Noun,3,0,,
개수,Noun,3,0,,
개시,Noun,4,0,,
개업,Noun,5,0,,
개요,Noun,4,0,,
개월,Noun,6,0,,
개이득,Noun,2,2,,
개인,Noun,90,0,,
개입,Noun,3,0,,
개잡침,Noun,1,-2,,
개점,Noun,1,0,,
개정,Noun,2,0,,
개조,Noun,4,0,,
개존맛,Noun,6,2,,
개존맛임,Noun,1,2,,
개중,Noun,1,0,,
개쩌,Noun,1,0,,
개처,Noun,2,0,,
개취,Noun,1,0,,
개판,Noun,3,-2,,
개패,Noun,1,0,,
객관,Noun,1,0,,
갯수,Noun,3,0,,
갱얼쥐,Noun,1,0,,
갸꿀,Noun,1,2,,
거가,Noun,1,0,,
거구,Noun,1,0,,
거기,Noun,47,0,,
거나,Noun,9,0,,
거냉,Noun,49,0,,
거니,Noun,1,0,,
거더,Noun,1,0,,
거도,Noun,1,0,,
거두,Noun,1,0,,
거듭,Noun,1,0,,
거래처,Noun,1,0,,
거렸습,Noun,1,0,,
거르,Noun,1,0,,
거른다,Noun,1,-2,,
거리,Noun,40,0,,
거미,Noun,4,0,,
거미줄,Noun,1,0,,
거부,Noun,8,0,,
거북,Noun,1,0,,
거북손,Noun,1,0,,
거시,Noun,1,0,,
거여,Noun,1,0,,
거의,Noun,88,0,,
거절,Noun,4,0,,
거주,Noun,4,0,,
거중,Noun,1,0,,
거지,Noun,4,0,,
거짓,Noun,2,0,,
거짓말,Noun,2,0,,
거품,Noun,6,0,,
걱정,Noun,48,-1,,
건가,Noun,15,0,,
건강,Noun,12,0,,
건강검진,Noun,1,0,,
건너,Noun,2,0,,
건너편,Noun,5,0,,
건더기,Noun,7,0,,
건데,Noun,3,0,,
건립,Noun,1,0,,
건면,Noun,1,0,,
건물,Noun,10,0,,
건성건성,Noun,2,-1,,
건축,Noun,2,0,,
건희,Noun,1,0,,
걸때,Noun,2,0,,
걸레,Noun,2,0,,
걸죽,Noun,1,0,,
검도,Noun,1,0,,
검색,Noun,38,0,,
검수,Noun,3,0,,
검정색,Noun,1,0,,
검증,Noun,1,0,,
겁창,Noun,1,0,,
것일,Noun,1,0,,
겉바,Noun,8,0,,
겉보기,Noun,2,0,,
겉빠속촉,Noun,1,0,,
겉절이,Noun,10,0,,
게눈,Noun,1,0,,
게다,Noun,1,0,,
게다가,Noun,14,0,,
게란찜,Noun,1,0,,
게임,Noun,26,0,,
게장,Noun,2,0,,
겟했어,Noun,1,0,,
겨냥,Noun,1,0,,
겨우,Noun,13,0,,
겨울,Noun,40,0,,
겨자,Noun,21,0,,
격리,Noun,1,0,,
격일,Noun,1,0,,
격줄,Noun,1,0,,
격하,Noun,1,0,,
결과,Noun,5,0,,
결론,Noun,12,0,,
결정,Noun,7,0,,
결제,Noun,26,0,,
결코,Noun,1,0,,
결합,Noun,1,0,,
겹살,Noun,1,0,,
경계,Noun,1,0,,
경기,Noun,3,0,,
경기도,Noun,4,0,,
경보,Noun,1,0,,
경상,Noun,1,0,,
경상도,Noun,5,0,,
경악,Noun,1,0,,
경영,Noun,1,0,,
경우,Noun,7,0,,
경의,Noun,1,0,,
경의선,Noun,2,0,,
경쟁,Noun,2,0,,
경제,Noun,2,0,,
경직,Noun,1,0,,
경치,Noun,2,0,,
경험,Noun,45,0,,
계기,Noun,2,0,,
계란,Noun,23,0,,
계란말이,Noun,54,0,,
계란찜,Noun,81,0,,
계란후라이,Noun,1,0,,
계백,Noun,1,0,,
계산,Noun,45,0,,
계산기,Noun,1,0,,
계산서,Noun,1,0,,
계소,Noun,1,0,,
계속,Noun,177,0,,
계시,Noun,3,0,,
계열,Noun,1,0,,
계저,Noun,1,0,,
계절,Noun,7,0,,
계정,Noun,6,0,,
계층,Noun,1,0,,
계획,Noun,6,0,,
고가,Noun,2,0,,
고가도,Noun,1,0,,
고간,Noun,2,0,,
고갈,Noun,1,0,,
고개,Noun,1,0,,
고객,Noun,9,0,,
고고,Noun,1,0,,
고공,Noun,1,0,,
고구마,Noun,4,0,,
고급,Noun,18,0,,
고기,Noun,1580,0,,
고기국수,Noun,2,0,,
고기랑,Noun,44,0,,
고기만,Noun,7,0,,
고기배,Noun,2,0,,
고깃집,Noun,56,0,,
고등학교,Noun,1,0,,
고려,Noun,7,0,,
고로,Noun,1,0,,
고루,Noun,1,0,,
고명,Noun,18,0,,
고무,Noun,2,0,,
고무줄,Noun,1,0,,
고문,Noun,2,0,,
고물,Noun,2,0,,
고민,Noun,68,0,,
고삐,Noun,1,0,,
고사,Noun,1,0,,
고사리,Noun,3,0,,
고생,Noun,2,0,,
고성,Noun,2,0,,
고소,Noun,5,0,,
고수,Noun,3,0,,
고숩,Noun,1,0,,
고슬,Noun,1,1,,
고슬고슬,Noun,1,1,,
고슬밥,Noun,1,1,,
고심,Noun,2,0,,
고아,Noun,3,0,,
고온,Noun,2,0,,
고요,Noun,7,0,,
고요함,Noun,1,0,,
고용,Noun,1,0,,
고유,Noun,4,0,,
고이,Noun,1,0,,
고인,Noun,1,0,,
고장,Noun,1,0,,
고지,Noun,4,0,,
고지도,Noun,1,0,,
고추,Noun,98,0,,
고추가,Noun,3,0,,
고추속,Noun,1,0,,
고추장,Noun,15,0,,
고춧가루,Noun,21,0,,
고트,Noun,4,0,,
고하,Noun,1,0,,
고함,Noun,1,0,,
고해,Noun,13,0,,
고향,Noun,1,0,,
고효진,Noun,1,0,,
곡물,Noun,1,0,,
곧바로,Noun,1,0,,
골목,Noun,12,0,,
골목길,Noun,1,0,,
곰취,Noun,9,0,,
곰탕,Noun,260,0,,
곰팡이,Noun,4,0,,
곱빼기,Noun,6,0,,
곱슬,Noun,1,0,,
곱찬,Noun,1,0,,
곱창,Noun,390,0,,
곱창전골,Noun,44,0,,
곱층,Noun,1,0,,
곱탕,Noun,1,0,,
곳곳,Noun,4,0,,
곳도,Noun,9,0,,
곳습니,Noun,1,0,,
곳옆,Noun,1,0,,
곳일,Noun,1,0,,
곳임,Noun,1,0,,
공간,Noun,68,0,,
공공장소,Noun,1,0,,
공기,Noun,21,0,,
공기밥,Noun,60,0,,
공덕,Noun,16,0,,
공덕동,Noun,3,0,,
공덕역,Noun,12,0,,
공사,Noun,3,0,,
공산주의,Noun,1,0,,
공식,Noun,2,0,,
공영,Noun,3,0,,
공용,Noun,5,0,,
공원,Noun,2,0,,
공유,Noun,3,0,,
공이,Noun,1,0,,
공익,Noun,2,0,,
공장,Noun,8,0,,
공존,Noun,2,0,,
공지,Noun,1,0,,
공휴일,Noun,3,0,,
과거,Noun,4,0,,
과단,Noun,1,0,,
과대,Noun,2,0,,
과식,Noun,2,0,,
과연,Noun,3,0,,
과일,Noun,10,0,,
과자,Noun,2,0,,
과정,Noun,4,0,,
과제,Noun,1,0,,
과학,Noun,1,0,,
관계,Noun,2,0,,
관계자,Noun,1,0,,
관광,Noun,4,0,,
관광객,Noun,33,0,,
관광명소,Noun,1,0,,
관광지,Noun,1,0,,
관념,Noun,1,0,,
관람,Noun,1,0,,
관련,Noun,3,0,,
관리,Noun,26,0,,
관리원,Noun,1,0,,
관심,Noun,3,0,,
관외,Noun,1,0,,
관용,Noun,1,0,,
관인,Noun,1,0,,
관자,Noun,2,0,,
관찰,Noun,1,0,,
괏습,Noun,1,0,,
광고,Noun,8,0,,
광명시,Noun,1,0,,
광장시장,Noun,1,0,,
광주,Noun,2,0,,
광진,Noun,1,0,,
광평,Noun,1,0,,
광화문,Noun,2,0,,
괜시리,Noun,1,0,,
괜챦았어,Noun,1,0,,
괜춘,Noun,3,0,,
괜춘할듯,Noun,1,0,,
괜츈,Noun,1,0,,
괜츈괜츈,Noun,1,0,,
괜츈함,Noun,1,0,,
괴식,Noun,1,0,,
교동,Noun,1,0,,
교본,Noun,1,0,,
교육,Noun,12,0,,
교자,Noun,2,0,,
교점,Noun,1,0,,
교체,Noun,5,0,,
교통,Noun,1,0,,
교포,Noun,1,0,,
교환,Noun,1,0,,
교회,Noun,1,0,,
구간,Noun,1,0,,
구걸,Noun,1,0,,
구경,Noun,7,0,,
구경만,Noun,1,0,,
구글,Noun,1,0,,
구글맵,Noun,1,0,,
구기,Noun,1,0,,
구나,Noun,1,0,,
구내식당,Noun,2,0,,
구도,Noun,1,0,,
구래,Noun,1,0,,
구루,Noun,1,0,,
구리,Noun,4,0,,
구매,Noun,3,0,,
구멍,Noun,4,0,,
구미,Noun,1,0,,
구분,Noun,2,0,,
구비,Noun,2,0,,
구색,Noun,1,0,,
구석,Noun,5,0,,
구석구석,Noun,1,0,,
구성,Noun,87,0,,
구성은,Noun,1,0,,
구역,Noun,2,0,,
구역질,Noun,1,-2,,
구옥,Noun,1,0,,
구우우우욷,Noun,1,2,,
구울,Noun,1,0,,
구워쥬셔,Noun,1,0,,
구원,Noun,1,0,,
구이,Noun,48,0,,
구입,Noun,1,0,,
구정,Noun,1,0,,
구조,Noun,8,0,,
구지,Noun,2,0,,
구해,Noun,1,0,,
국국임,Noun,1,0,,
국내,Noun,36,0,,
국도,Noun,4,0,,
국룰,Noun,3,0,,
국립,Noun,1,0,,
국물,Noun,500,0,,
국물미첬,Noun,1,2,,
국밥,Noun,167,0,,
국밥집,Noun,16,0,,
국방,Noun,1,0,,
국산,Noun,4,0,,
국수,Noun,168,0,,
국시,Noun,27,0,,
국위,Noun,1,0,,
국자,Noun,1,0,,
국장,Noun,2,0,,
국적,Noun,2,0,,
국집,Noun,1,0,,
국한,Noun,1,0,,
군대,Noun,2,0,,
군더더기,Noun,5,0,,
군데,Noun,11,0,,
군데군데,Noun,1,0,,
군말,Noun,1,0,,
군침,Noun,2,0,,
굳이,Noun,56,-1,,
굴다리,Noun,10,0,,
굽기,Noun,1,0,,
굿굿,Noun,33,2,,
굿굿굿,Noun,6,2,,
굿임,Noun,1,2,,
궁금,Noun,2,0,,
궁도,Noun,1,0,,
궁채,Noun,2,0,,
궁합,Noun,23,0,,
궈주셔,Noun,1,0,,
권유,Noun,3,0,,
귀가,Noun,2,0,,
귀국,Noun,2,0,,
귀차니즘,Noun,1,0,,
귓속말,Noun,2,0,,
규모,Noun,4,0,,
규칙,Noun,2,0,,
귝밥,Noun,1,0,,
균형,Noun,6,0,,
귯귯,Noun,1,0,,
그간,Noun,1,0,,
그거,Noun,10,0,,
그것,Noun,15,0,,
그게,Noun,14,0,,
그날,Noun,1,0,,
그날그날,Noun,1,0,,
그냥,Noun,255,0,,
그누,Noun,1,0,,
그니,Noun,1,0,,
그다음,Noun,2,0,,
그다지,Noun,4,0,,
그닥,Noun,10,0,,
그대,Noun,2,0,,
그대로,Noun,31,0,,
그동안,Noun,3,0,,
그때,Noun,21,0,,
그땐,Noun,1,0,,
그래듀,Noun,1,0,,
그램,Noun,1,0,,
그로,Noun,2,0,,
그루,Noun,1,0,,
그릇,Noun,84,0,,
그리움,Noun,1,0,,
그릴,Noun,3,0,,
그림,Noun,1,0,,
그으,Noun,2,0,,
극락,Noun,6,0,,
극악,Noun,7,0,,
극적,Noun,1,0,,
극찬,Noun,7,0,,
극치,Noun,2,0,,
극한,Noun,2,0,,
근래,Noun,6,0,,
근무,Noun,3,0,,
근본,Noun,7,0,,
근처,Noun,119,0,,
글구,Noun,6,0,,
글램핑,Noun,7,0,,
글로벌,Noun,3,0,,
글루텐,Noun,1,0,,
글세,Noun,2,0,,
글쎄,Noun,3,0,,
글쎄요,Noun,2,0,,
글해,Noun,1,0,,
금금,Noun,19,0,,
금발,Noun,1,0,,
금방,Noun,106,0,,
금상첨화,Noun,1,2,,
금액,Noun,6,0,,
금요일,Noun,17,0,,
금욜,Noun,2,0,,
금지,Noun,1,0,,
금토,Noun,1,0,,
급성,Noun,1,0,,
급식,Noun,1,0,,
긍정,Noun,2,0,,
기간,Noun,1,0,,
기결,Noun,2,0,,
기계,Noun,6,0,,
기고,Noun,19,0,,
기기,Noun,6,0,,
기내식,Noun,1,0,,
기네,Noun,1,0,,
기념,Noun,5,0,,
기념관,Noun,2,0,,
기념비,Noun,1,0,,
기념일,Noun,4,0,,
기다림,Noun,16,0,,
기대,Noun,88,0,,
기도,Noun,44,0,,
기량,Noun,1,0,,
기록,Noun,5,0,,
기룸지,Noun,1,0,,
기류,Noun,1,0,,
기름,Noun,33,0,,
기름기,Noun,7,0,,
기만,Noun,6,0,,
기반,Noun,1,0,,
기별,Noun,1,0,,
기복,Noun,3,0,,
기본,Noun,143,0,,
기부,Noun,1,0,,
기분,Noun,250,0,,
기색,Noun,1,0,,
기석,Noun,1,0,,
기선,Noun,1,0,,
기성만,Noun,1,0,,
기성품,Noun,3,0,,
기스,Noun,1,0,,
기안,Noun,1,0,,
기어,Noun,2,0,,
기억,Noun,38,0,,
기여,Noun,1,0,,
기염,Noun,1,0,,
기예,Noun,2,0,,
기와,Noun,3,0,,
기왕,Noun,2,0,,
기운,Noun,1,0,,
기원,Noun,1,0,,
기일,Noun,1,0,,
기자,Noun,2,0,,
기장,Noun,1,0,,
기적,Noun,9,0,,
기전,Noun,10,0,,
기절,Noun,4,0,,
기존,Noun,9,0,,
기준,Noun,41,0,,
기지,Noun,10,0,,
기지원,Noun,1,0,,
기질,Noun,18,0,,
기척,Noun,1,0,,
기초,Noun,2,0,,
기타,Noun,3,0,,
기필코,Noun,1,0,,
기한,Noun,2,0,,
기호,Noun,2,0,,
기회,Noun,14,0,,
기후,Noun,5,0,,
긴급,Noun,1,0,,
긴장,Noun,1,0,,
긴지,Noun,2,0,,
길가,Noun,5,0,,
길거리,Noun,2,0,,
길냥이,Noun,1,0,,
길목,Noun,2,0,,
길이,Noun,3,0,,
길죽,Noun,1,0,,
김광석,Noun,1,0,,
김도훈,Noun,1,0,,
김밥,Noun,1,0,,
김이랑,Noun,1,0,,
김찌,Noun,8,0,,
김치,Noun,451,0,,
김치라면,Noun,1,0,,
김치볶음밥,Noun,6,0,,
김치양,Noun,1,0,,
김치전,Noun,10,0,,
김치찌개,Noun,133,0,,
김칫소,Noun,1,0,,
김통,Noun,1,0,,
김포공항,Noun,1,0,,
깃밥,Noun,9,0,,
깃밥위,Noun,1,0,,
깉아,Noun,1,0,,
깊이,Noun,8,0,,
까닭,Noun,1,0,,
까페,Noun,1,0,,
깍두기,Noun,84,0,,
깔깔,Noun,1,0,,
깔끔햐,Noun,1,1,,
깜놀,Noun,2,0,,
깜박,Noun,3,0,,
깜빡,Noun,4,0,,
깜짝,Noun,13,0,,
깡패,Noun,1,0,,
깨끗,Noun,3,1,,
깨달음,Noun,1,0,,
깨맛,Noun,1,0,,
깨알,Noun,1,0,,
깨큿,Noun,1,0,,
깻잎,Noun,33,0,,
꺼드럭거리,Noun,1,-1,,
껄끄럽네,Noun,1,-1,,
껍데기,Noun,7,0,,
껍질,Noun,34,0,,
꼬나박,Noun,1,0,,
꼬돌,Noun,1,1,,
꼬들꼬들,Noun,1,1,,
꼬들밥,Noun,2,1,,
꼬들살,Noun,1,1,,
꼬들하,Noun,2,1,,
꼬들함,Noun,1,1,,
꼬리,Noun,11,0,,
꼬리곰탕,Noun,2,0,,
꼬릿함,Noun,6,0,,
꼬소,Noun,3,1,,
꼬소하,Noun,1,1,,
꼬소한향,Noun,1,1,,
꼬소해,Noun,1,1,,
꼬시,Noun,1,0,,
꼬치,Noun,2,0,,
꼬투리,Noun,1,0,,
꼭꼭,Noun,3,0,,
꼭예,Noun,1,0,,
꼽는,Noun,1,0,,
꼽으라,Noun,1,0,,
꼽주,Noun,2,0,,
꼽줌,Noun,1,0,,
꽃게,Noun,1,0,,
꽃목살,Noun,3,0,,
꽃사슴,Noun,1,0,,
꽃혀,Noun,1,0,,
꽈리,Noun,13,0,,
꽈배기,Noun,1,0,,
꾸밈,Noun,1,0,,
꾸벅,Noun,1,0,,
꾸욱,Noun,1,0,,
꿀맛,Noun,7,2,,
꿀팁,Noun,4,0,,
끄덕,Noun,1,0,,
끈끈,Noun,1,0,,
끝나쥬,Noun,1,0,,
끝내,Noun,2,0,,
끝맛,Noun,3,0,,
끝물,Noun,2,0,,
끝장,Noun,1,0,,
끝판,Noun,4,0,,
끼니,Noun,1,0,,
끼리,Noun,27,0,,
끼잉,Noun,1,0,,
나기,Noun,1,0,,
나노,Noun,1,0,,
나누기,Noun,4,0,,
나니,Noun,3,0,,
나들이,Noun,28,0,,
나라,Noun,3,0,,
나로,Noun,1,0,,
나름,Noun,19,0,,
나리,Noun,1,0,,
나마,Noun,1,0,,
나머지,Noun,6,0,,
나무,Noun,2,0,,
나물,Noun,4,0,,
나발,Noun,1,0,,
나야,Noun,2,0,,
나영,Noun,1,0,,
나오니,Noun,6,0,,
나옹,Noun,1,0,,
나용,Noun,7,0,,
나은,Noun,3,0,,
나이,Noun,7,0,,
나이스,Noun,2,0,,
나주,Noun,1,0,,
나주시,Noun,1,0,,
나중,Noun,28,0,,
나트륨,Noun,1,0,,
나프탈렌,Noun,1,0,,
나혼,Noun,1,0,,
나혼산,Noun,9,0,,
나혼자산다,Noun,1,0,,
낙곱새,Noun,7,0,,
낙후,Noun,1,0,,
난건,Noun,2,0,,
난국,Noun,1,0,,
난로,Noun,1,0,,
난리,Noun,5,0,,
난후,Noun,2,0,,
날때,Noun,2,0,,
날림,Noun,1,0,,
날씨,Noun,42,0,,
날짜,Noun,1,0,,
날치,Noun,9,0,,
남고,Noun,1,0,,
남녀,Noun,9,0,,
남비,Noun,1,0,,
남성,Noun,5,0,,
남아,Noun,12,0,,
남여,Noun,1,0,,
남자,Noun,40,0,,
남자친구,Noun,28,0,,
남지,Noun,1,0,,
남짓,Noun,1,0,,
남친,Noun,7,0,,
남칭구,Noun,1,0,,
남편,Noun,20,0,,
남포면,Noun,1,0,,
납득,Noun,6,0,,
납작,Noun,2,0,,
낫다,Noun,3,0,,
낭낭,Noun,3,0,,
낭만,Noun,4,0,,
낮길레,Noun,1,0,,
낮술,Noun,4,0,,
낮잠,Noun,1,0,,
낯선,Noun,1,0,,
내공,Noun,7,0,,
내기,Noun,2,0,,
내껀,Noun,1,0,,
내내,Noun,27,0,,
내리막,Noun,1,0,,
내면,Noun,3,0,,
내부,Noun,67,0,,
내시,Noun,1,0,,
내신,Noun,1,0,,
내심,Noun,1,0,,
내외,Noun,2,0,,
내용,Noun,3,0,,
내일,Noun,5,0,,
내장,Noun,5,0,,
내적,Noun,1,0,,
내좋빠,Noun,1,0,,
내지,Noun,3,0,,
냄비,Noun,20,0,,
냄새,Noun,150,0,,
냅킨,Noun,1,0,,
냉국,Noun,1,0,,
냉동,Noun,13,0,,
냉면,Noun,185,0,,
냉면집,Noun,15,0,,
냉방,Noun,1,0,,
냉이,Noun,25,0,,
냉장,Noun,2,0,,
냉칼국수,Noun,1,0,,
냠냐미,Noun,1,0,,
냠냠념뇸,Noun,1,0,,
냥임,Noun,1,0,,
너무붎,Noun,1,0,,
너뭄,Noun,1,0,,
너프,Noun,1,0,,
너희,Noun,1,0,,
널널,Noun,4,0,,
널렸어,Noun,2,0,,
넘김,Noun,2,0,,
넘맛잇엉,Noun,1,2,,
넘버원,Noun,3,0,,
넘침,Noun,1,0,,
넚고,Noun,1,0,,
넣어드심,Noun,1,0,,
네네,Noun,1,0,,
네모,Noun,1,0,,
네시,Noun,1,0,,
네오,Noun,1,0,,
네이버,Noun,32,0,,
네일,Noun,2,-1,,
넷이,Noun,2,0,,
녀석,Noun,1,0,,
년전,Noun,4,0,,
년층,Noun,1,0,,
노가다,Noun,1,0,,
노골,Noun,1,-1,,
노닥거리,Noun,1,0,,
노답,Noun,1,-2,,
노랑,Noun,2,0,,
노래,Noun,19,0,,
노력,Noun,3,0,,
노른자,Noun,5,0,,
노릇,Noun,2,0,,
노리,Noun,1,0,,
노릿,Noun,1,0,,
노말,Noun,1,0,,
노맛,Noun,2,-2,,
노무,Noun,2,0,,
노상,Noun,2,0,,
노소,Noun,4,0,,
노예,Noun,1,0,,
노파,Noun,1,-1,,
노포,Noun,34,0,,
녹두,Noun,137,0,,
녹말,Noun,2,0,,
녹색,Noun,1,0,,
놀람,Noun,3,0,,
놀랫어,Noun,1,0,,
놀러와,Noun,11,0,,
놀부,Noun,1,0,,
놋그릇,Noun,2,0,,
놋쇠,Noun,1,0,,
농사,Noun,1,0,,
농산물,Noun,1,0,,
농협,Noun,1,0,,
놨다,Noun,1,0,,
놨습니,Noun,1,0,,
놨어야,Noun,1,0,,
뇨끼,Noun,18,0,,
뇸뇸,Noun,2,0,,
누가,Noun,14,0,,
누구,Noun,19,0,,
누군가,Noun,4,0,,
누락,Noun,5,0,,
누런,Noun,1,0,,
누룩,Noun,1,0,,
누룽지,Noun,10,0,,
누무,Noun,1,0,,
누적,Noun,1,0,,
누해,Noun,1,0,,
눅진,Noun,1,0,,
눈길,Noun,3,0,,
눈물,Noun,2,0,,
눈썹,Noun,1,0,,
눈알,Noun,1,0,,
눈앞,Noun,1,0,,
눈치,Noun,43,0,,
눌린거,Noun,1,0,,
뉘앙스,Noun,1,0,,
뉴요커,Noun,2,0,,
뉴욕,Noun,11,0,,
뉴욕타임스,Noun,1,0,,
뉴욕타임즈,Noun,1,0,,
느겨,Noun,1,0,,
느글거렸던,Noun,1,-1,,
느낌,Noun,316,0,,
느므,Noun,1,0,,
느좋,Noun,1,2,,
는걸,Noun,6,0,,
는데,Noun,1,0,,
늘쭉날쭉,Noun,1,0,,
능가,Noun,1,0,,
능데,Noun,2,0,,
능동,Noun,52,0,,
능라도,Noun,1,0,,
능력,Noun,1,0,,
능청,Noun,1,0,,
늦점,Noun,1,0,,
늬낌,Noun,1,0,,
니요,Noun,1,0,,
니트,Noun,1,0,,
다가,Noun,12,0,,
다기,Noun,6,0,,
다녀왓내,Noun,1,0,,
다대기,Noun,10,0,,
다데기,Noun,2,0,,
다도,Noun,1,0,,
다드,Noun,1,0,,
다락,Noun,1,0,,
다른,Noun,240,0,,
다른사람,Noun,1,0,,
다리,Noun,12,0,,
다만,Noun,71,0,,
다섯손가락,Noun,1,0,,
다소,Noun,29,0,,
다시,Noun,189,0,,
다양,Noun,2,1,,
다양성,Noun,1,0,,
다오,Noun,2,0,,
다운,Noun,2,0,,
다음,Noun,456,0,,
다이닝,Noun,1,0,,
다이어트,Noun,3,0,,
다인,Noun,2,0,,
다임,Noun,1,0,,
다지,Noun,1,0,,
다짐,Noun,4,0,,
다짜고짜,Noun,2,0,,
다채롭,Noun,4,0,,
다툼,Noun,1,0,,
다한,Noun,1,0,,
다해,Noun,4,0,,
다행,Noun,16,1,,
단가,Noun,3,0,,
단계,Noun,18,0,,
단고,Noun,1,0,,
단골,Noun,38,0,,
단독,Noun,3,0,,
단독주택,Noun,2,0,,
단돈,Noun,4,0,,
단맛,Noun,19,0,,
단무지,Noun,1,0,,
단발,Noun,1,0,,
단백,Noun,3,0,,
단백질,Noun,2,0,,
단순,Noun,2,0,,
단연,Noun,5,0,,
단위,Noun,4,0,,
단일,Noun,2,0,,
단임,Noun,1,0,,
단점,Noun,13,0,,
단지,Noun,2,0,,
단체,Noun,61,0,,
단호박,Noun,1,0,,
달걀,Noun,5,0,,
달기,Noun,1,0,,
달달,Noun,64,0,,
달라,Noun,67,0,,
달라짐,Noun,1,0,,
달리,Noun,12,0,,
달이,Noun,2,0,,
달전,Noun,1,0,,
달짝,Noun,2,0,,
달짝찌,Noun,1,0,,
달콤,Noun,6,0,,
달팽이,Noun,1,0,,
닭갈비,Noun,223,0,,
닭고기,Noun,19,0,,
닭다리,Noun,3,0,,
닭도리탕,Noun,5,0,,
닭목,Noun,6,0,,
닭발,Noun,41,0,,
닭보,Noun,2,0,,
닭볶음탕,Noun,69,0,,
닯다리,Noun,1,0,,
담당,Noun,1,0,,
담배,Noun,1,0,,
담번,Noun,3,0,,
담소,Noun,1,0,,
답니,Noun,1,0,,
답변,Noun,3,0,,
답사,Noun,1,0,,
답습,Noun,1,0,,
답임,Noun,1,0,,
당구,Noun,1,0,,
당근,Noun,2,0,,
당뇨,Noun,2,0,,
당면,Noun,23,0,,
당분간,Noun,2,0,,
당산,Noun,1,0,,
당시,Noun,4,0,,
당신,Noun,2,0,,
당일,Noun,4,0,,
당장,Noun,1,0,,
당첨,Noun,2,0,,
당황,Noun,25,0,,
대가,Noun,13,0,,
대가리,Noun,2,0,,
대각선,Noun,1,0,,
대감,Noun,5,0,,
대개,Noun,1,0,,
대결,Noun,1,0,,
대고,Noun,6,0,,
대국,Noun,1,0,,
대기,Noun,222,0,,
대기실,Noun,6,0,,
대길,Noun,1,0,,
대꾸,Noun,5,0,,
대다수,Noun,1,0,,
대답,Noun,20,0,,
대도,Noun,3,0,,
대략,Noun,9,0,,
대련,Noun,1,0,,
대로,Noun,6,0,,
대루,Noun,1,0,,
대리,Noun,2,0,,
대만인,Noun,1,0,,
대면,Noun,1,0,,
대명사,Noun,2,0,,
대모,Noun,1,0,,
대박,Noun,51,0,,
대반,Noun,1,0,,
대별,Noun,1,0,,
대부분,Noun,17,0,,
대북,Noun,1,0,,
대비,Noun,42,0,,
대상,Noun,2,0,,
대서,Noun,8,0,,
대성,Noun,1,0,,
대식,Noun,3,0,,
대신,Noun,20,0,,
대안,Noun,2,0,,
대애,Noun,1,0,,
대여,Noun,1,0,,
대요,Noun,6,0,,
대우,Noun,1,0,,
대응,Noun,3,0,,
대일,Noun,1,0,,
대자,Noun,9,0,,
대자리,Noun,1,0,,
대전,Noun,1,0,,
대접,Noun,7,0,,
대조,Noun,1,1,,
대중,Noun,4,0,,
대중교통,Noun,4,0,,
대창,Noun,131,0,,
대처,Noun,2,0,,
대체,Noun,9,0,,
대체로,Noun,4,0,,
대체복무,Noun,1,0,,
대체재,Noun,1,0,,
대추,Noun,2,0,,
대충,Noun,17,0,,
대치,Noun,2,0,,
대파,Noun,9,0,,
대표,Noun,21,2,,
대하,Noun,5,0,,
대학가,Noun,1,0,,
대학교,Noun,3,0,,
대학로,Noun,1,0,,
대한,Noun,14,0,,
대한민국,Noun,8,0,,
대해,Noun,11,0,,
대형,Noun,1,0,,
대화,Noun,42,0,,
대회,Noun,1,0,,
대흥,Noun,1,0,,
대흥역,Noun,1,0,,
댓글,Noun,3,0,,
댕글,Noun,1,0,,
댕김,Noun,1,0,,
댜기,Noun,1,0,,
댜박댜,Noun,1,0,,
더구나,Noun,2,0,,
더군다나,Noun,2,0,,
더니,Noun,4,0,,
더더,Noun,11,0,,
더덕,Noun,2,0,,
더러,Noun,2,0,,
더맛,Noun,2,0,,
더미,Noun,1,0,,
더욱,Noun,25,0,,
더욱더,Noun,2,-1,,
더움,Noun,1,0,,
더위,Noun,3,0,,
더하기,Noun,1,0,,
덕분,Noun,46,0,,
덕준,Noun,1,0,,
덕지덕지,Noun,1,0,,
던곳,Noun,1,0,,
던데,Noun,3,0,,
던디,Noun,1,0,,
덜덜,Noun,3,0,,
덝갈비,Noun,1,0,,
덧살,Noun,7,0,,
덩달아,Noun,1,0,,
덩어리,Noun,11,0,,
덩이,Noun,5,0,,
덩치,Noun,1,0,,
데리,Noun,30,0,,
데리야끼,Noun,2,0,,
데이,Noun,3,0,,
데이터,Noun,1,0,,
데이트,Noun,156,0,,
데일,Noun,1,0,,
데친,Noun,1,0,,
덴테,Noun,1,0,,
델꼬,Noun,1,0,,
델코,Noun,1,0,,
도가니,Noun,3,0,,
도가니탕,Noun,5,0,,
도감,Noun,1,0,,
도구,Noun,2,0,,
도깨비,Noun,1,0,,
도다리,Noun,1,0,,
도달,Noun,1,0,,
도대체,Noun,3,0,,
도도,Noun,2,0,,
도둑,Noun,7,0,,
도때,Noun,1,0,,
도때기,Noun,1,0,,
도라방스,Noun,1,0,,
도랏맨,Noun,1,0,,
도로,Noun,4,0,,
도리,Noun,38,0,,
도립,Noun,1,0,,
도모,Noun,1,0,,
도무지,Noun,1,0,,
도박,Noun,1,0,,
도보,Noun,5,0,,
도산,Noun,1,0,,
도서,Noun,1,0,,
도서관,Noun,2,0,,
도수,Noun,3,0,,
도시,Noun,8,0,,
도시락,Noun,1,0,,
도심,Noun,8,0,,
도안,Noun,1,0,,
도우,Noun,4,0,,
도움,Noun,4,0,,
도인,Noun,1,0,,
도자기,Noun,3,0,,
도장,Noun,3,0,,
도저히,Noun,8,0,,
도전,Noun,29,0,,
도중,Noun,3,0,,
도착,Noun,48,0,,
도쿄,Noun,1,0,,
도토리묵,Noun,3,0,,
도파민,Noun,1,0,,
도하,Noun,1,0,,
도화,Noun,1,0,,
독방,Noun,1,0,,
독보,Noun,6,0,,
독창,Noun,1,0,,
독촉,Noun,3,0,,
독특,Noun,1,0,,
독해,Noun,1,0,,
돈값,Noun,2,0,,
돈갖,Noun,1,0,,
돈까스,Noun,4,0,,
돈대,Noun,30,0,,
돈독,Noun,1,0,,
돈맛,Noun,1,1,,
돋궈주네,Noun,1,1,,
돌뼈,Noun,2,0,,
돌솥,Noun,58,0,,
돌솥밥,Noun,1,0,,
돌이,Noun,6,2,,
돌파,Noun,1,0,,
돗자리,Noun,1,0,,
동결,Noun,1,2,,
동기,Noun,5,0,,
동네,Noun,59,0,,
동동,Noun,8,0,,
동동주,Noun,1,0,,
동료,Noun,25,0,,
동반,Noun,4,0,,
동생,Noun,12,0,,
동선,Noun,4,0,,
동성,Noun,1,0,,
동시,Noun,12,0,,
동식,Noun,1,0,,
동안,Noun,28,0,,
동의,Noun,2,0,,
동전,Noun,1,0,,
동지,Noun,2,0,,
동창,Noun,2,0,,
동창회,Noun,1,0,,
동치,Noun,1,0,,
동치미,Noun,44,0,,
동태,Noun,2,0,,
동행,Noun,1,0,,
돝솥,Noun,1,0,,
돼지,Noun,142,0,,
돼지갈비,Noun,79,0,,
돼지고기,Noun,47,0,,
돼지국밥,Noun,44,0,,
되가꼬,Noun,1,0,,
된거,Noun,3,0,,
된장,Noun,101,0,,
된장국,Noun,17,0,,
된장찌개,Noun,59,0,,
될런,Noun,1,0,,
두고두고,Noun,1,0,,
두기,Noun,1,0,,
두께,Noun,11,0,,
두둥,Noun,1,0,,
두루,Noun,1,0,,
두루치기,Noun,5,0,,
두리,Noun,1,0,,
두번째,Noun,36,0,,
두부,Noun,214,0,,
두부김치,Noun,9,0,,
두부보쌈,Noun,3,0,,
두시,Noun,1,0,,
두운,Noun,2,0,,
두유,Noun,1,0,,
두쫀쿠,Noun,2,0,,
두툼,Noun,23,1,,
두툼두툼,Noun,1,0,,
두툼해,Noun,7,0,,
두툼힌,Noun,1,0,,
두피,Noun,4,0,,
둑흔둑흔,Noun,1,0,,
둘걸,Noun,1,0,,
둘둘,Noun,1,0,,
둘레길,Noun,6,0,,
둘이서,Noun,39,0,,
둘째,Noun,1,0,,
둣둣,Noun,1,0,,
둥둥,Noun,1,0,,
뒤엎어,Noun,1,0,,
뒤쪽,Noun,1,0,,
뒷다리,Noun,2,1,,
뒷다릿살,Noun,1,0,,
뒷맛,Noun,3,0,,
뒷방,Noun,1,0,,
뒷정리,Noun,1,0,,
뒷짐,Noun,1,0,,
뒷쪽,Noun,1,0,,
드감,Noun,1,1,,
드글드글,Noun,1,0,,
드네,Noun,2,0,,
드뎌,Noun,3,0,,
드라이,Noun,1,0,,
드레싱,Noun,1,0,,
드릅,Noun,2,0,,
드리블,Noun,1,0,,
드릴,Noun,3,0,,
드림,Noun,3,0,,
드링킹,Noun,1,0,,
드셍,Noun,1,0,,
드심,Noun,1,0,,
득나,Noun,1,0,,
득도,Noun,1,0,,
든근하,Noun,1,0,,
들기름,Noun,36,0,,
들깨,Noun,9,0,,
듬뿍,Noun,45,0,,
듭니,Noun,9,0,,
듯용,Noun,1,0,,
듯이,Noun,7,0,,
듯함,Noun,1,0,,
듯해,Noun,1,0,,
등등,Noun,13,0,,
등록,Noun,8,0,,
등뼈,Noun,8,0,,
등산,Noun,1,0,,
등살,Noun,1,0,,
등식,Noun,7,0,,
등심,Noun,2,2,,
등장,Noun,4,0,,
등재,Noun,1,0,,
등촌,Noun,1,0,,
디너,Noun,1,0,,
디다,Noun,1,0,,
디쉬,Noun,2,0,,
디저트,Noun,6,0,,
디졋누,Noun,1,0,,
디테,Noun,2,0,,
디폴트,Noun,1,0,,
디핑,Noun,1,0,,
딜도,Noun,1,0,,
따끈따근할때,Noun,1,0,,
따끗하,Noun,1,0,,
따님,Noun,2,0,,
따땃,Noun,1,0,,
따땃한거,Noun,1,0,,
따라서,Noun,1,0,,
따름,Noun,3,0,,
따리,Noun,1,0,,
딱지,Noun,1,0,,
딸그락,Noun,1,0,,
딸기,Noun,37,0,,
딸내미,Noun,1,0,,
딸아이,Noun,2,0,,
딸입,Noun,1,0,,
땅땅,Noun,1,0,,
때깔,Noun,1,0,,
때로는,Noun,1,0,,
때마,Noun,1,0,,
때마침,Noun,1,0,,
때문,Noun,77,0,,
땡땡,Noun,1,0,,
땡볕,Noun,2,0,,
땡전,Noun,1,0,,
땡초,Noun,2,0,,
떠껀떠껀하,Noun,1,0,,
떡갈비,Noun,23,0,,
떡국,Noun,1,0,,
떡볶이,Noun,11,0,,
떨기,Noun,1,0,,
떳길,Noun,1,0,,
떵개,Noun,1,0,,
떼웠습니,Noun,1,0,,
또또,Noun,4,0,,
또띠아,Noun,6,0,,
또띠야,Noun,1,0,,
또한,Noun,25,0,,
똑바로,Noun,3,0,,
똬리,Noun,1,0,,
뚜걱거리,Noun,1,0,,
뚜기,Noun,4,0,,
뚜껑,Noun,3,0,,
뚝감,Noun,1,0,,
뚝딱,Noun,17,0,,
뚝뚝,Noun,4,0,,
뚝배기,Noun,37,0,,
뚝섬,Noun,4,0,,
뚝섬역,Noun,6,0,,
뚠뚠,Noun,1,0,,
뚠뚠해,Noun,1,0,,
뚱스,Noun,1,0,,
뜨릴,Noun,1,0,,
뜸뿍,Noun,1,0,,
뜻밖,Noun,1,0,,
띠용,Noun,1,0,,
라가,Noun,1,0,,
라는둥,Noun,1,0,,
라떼,Noun,3,0,,
라며,Noun,4,0,,
라면,Noun,49,0,,
라볶이,Noun,6,0,,
라서,Noun,1,0,,
라스트,Noun,5,0,,
라이,Noun,2,0,,
라이딩,Noun,1,0,,
라이스,Noun,1,0,,
라이트,Noun,2,0,,
라지,Noun,1,0,,
라텍스,Noun,1,0,,
락스,Noun,4,0,,
락희옥,Noun,20,0,,
락희옥입니,Noun,1,0,,
람쫄깃,Noun,1,0,,
랍니,Noun,1,0,,
래미,Noun,1,0,,
래서,Noun,1,0,,
랜드마크,Noun,1,0,,
러닝,Noun,1,0,,
러버,Noun,14,0,,
러시,Noun,1,0,,
러신,Noun,1,0,,
럭키,Noun,6,0,,
런가,Noun,27,0,,
런닝,Noun,1,0,,
런치,Noun,8,0,,
런치타임,Noun,1,0,,
런햤,Noun,1,0,,
럿다,Noun,1,0,,
레기,Noun,1,0,,
레드,Noun,2,0,,
레드와인,Noun,1,0,,
레몬,Noun,1,0,,
레쉬,Noun,2,0,,
레스토랑,Noun,2,0,,
레시,Noun,1,0,,
레시피,Noun,10,0,,
레알,Noun,2,0,,
레이,Noun,1,0,,
레이브,Noun,1,0,,
레이스,Noun,9,0,,
레이크,Noun,1,0,,
레전,Noun,1,0,,
레전드,Noun,14,0,,
레전든데,Noun,1,0,,
레지던스들,Noun,1,0,,
레츠고,Noun,2,0,,
레크,Noun,2,0,,
레트로,Noun,4,0,,
렌지위,Noun,1,0,,
려고,Noun,2,0,,
려니,Noun,2,0,,
로드,Noun,2,0,,
로란,Noun,1,0,,
로만,Noun,4,0,,
로봇,Noun,1,0,,
로서,Noun,9,0,,
로스,Noun,1,0,,
로써,Noun,2,0,,
로우,Noun,2,0,,
로움,Noun,1,0,,
로이,Noun,1,0,,
로제,Noun,4,0,,
로컬,Noun,3,0,,
롭습,Noun,1,0,,
롯데,Noun,1,0,,
료맛,Noun,1,0,,
루스,Noun,1,0,,
루트,Noun,2,0,,
룰라,Noun,1,0,,
률임,Noun,1,0,,
르망,Noun,3,0,,
리가,Noun,3,0,,
리기,Noun,1,0,,
리뉴,Noun,1,0,,
리뉴얼,Noun,1,0,,
리다,Noun,1,0,,
리덕,Noun,1,0,,
리도,Noun,1,0,,
리뷰,Noun,205,0,,
리소토,Noun,3,0,,
리스,Noun,1,0,,
리스트,Noun,5,0,,
리얼,Noun,1,0,,
리조,Noun,1,0,,
리조또,Noun,61,0,,
리조토,Noun,9,0,,
리조트,Noun,2,0,,
리지,Noun,2,2,,
리찬,Noun,1,0,,
리채,Noun,1,0,,
리치,Noun,1,0,,
리코,Noun,1,0,,
리트,Noun,1,0,,
리프,Noun,2,0,,
리플,Noun,1,0,,
리필,Noun,50,0,,
리필좀,Noun,1,0,,
린정,Noun,1,0,,
릴링,Noun,5,0,,
링크,Noun,2,0,,
마감,Noun,23,0,,
마냥,Noun,5,0,,
마뇨,Noun,1,0,,
마는,Noun,1,0,,
마늘,Noun,55,0,,
마늘쫑,Noun,3,0,,
마다,Noun,9,0,,
마당,Noun,1,0,,
마디,Noun,3,0,,
마딧어,Noun,1,0,,
마땅치,Noun,2,0,,
마력,Noun,1,0,,
마련,Noun,7,0,,
마루,Noun,4,0,,
마리,Noun,3,0,,
마무리,Noun,49,0,,
마법,Noun,3,0,,
마사지,Noun,1,0,,
마쉐린,Noun,1,0,,
마쉿는,Noun,1,0,,
마스크,Noun,1,0,,
마슨있드,Noun,1,0,,
마시기,Noun,10,0,,
마시슴,Noun,1,2,,
마싯슴,Noun,1,2,,
마싰어,Noun,1,2,,
마싱,Noun,1,0,,
마약,Noun,1,0,,
마여,Noun,1,0,,
마요네즈,Noun,2,0,,
마움,Noun,1,0,,
마을,Noun,1,0,,
마음,Noun,49,0,,
마음껏,Noun,1,0,,
마음대로,Noun,4,0,,
마음속,Noun,1,0,,
마음씨,Noun,1,0,,
마이,Noun,1,0,,
마이너스,Noun,1,-1,,
마인드,Noun,7,0,,
마자,Noun,5,0,,
마장동,Noun,1,0,,
마재,Noun,1,0,,
마저,Noun,2,0,,
마제,Noun,28,0,,
마주,Noun,1,0,,
마중,Noun,1,0,,
마지막,Noun,65,0,,
마차,Noun,1,0,,
마찬가지,Noun,2,0,,
마치,Noun,10,0,,
마침,Noun,4,0,,
마침내,Noun,1,0,,
마카,Noun,3,0,,
마카로니,Noun,3,0,,
마케팅,Noun,2,0,,
마켓,Noun,1,0,,
마크,Noun,1,2,,
마트,Noun,1,0,,
마파두부,Noun,1,0,,
마포,Noun,55,0,,
마포구,Noun,13,0,,
마포역,Noun,3,0,,
마힛어,Noun,1,0,,
막걸리,Noun,136,0,,
막국수,Noun,44,0,,
막내,Noun,1,0,,
막내딸,Noun,1,0,,
막대,Noun,1,0,,
막바지,Noun,1,0,,
막사,Noun,3,0,,
막상,Noun,3,0,,
막상막하,Noun,1,0,,
막심,Noun,1,0,,
막창,Noun,7,0,,
막창구이,Noun,1,0,,
만난,Noun,12,0,,
만날,Noun,1,0,,
만남,Noun,2,0,,
만능,Noun,1,0,,
만두,Noun,89,0,,
만두국,Noun,7,0,,
만둣국,Noun,1,0,,
만들기,Noun,2,0,,
만듭니,Noun,2,0,,
만만찮,Noun,1,0,,
만배,Noun,2,0,,
만사천원,Noun,1,0,,
만삼천원,Noun,1,0,,
만석,Noun,33,0,,
만약,Noun,2,0,,
만오천원,Noun,4,0,,
만원,Noun,26,0,,
만원의행복,Noun,1,2,,
만윈,Noun,1,0,,
만이,Noun,3,0,,
만이천원,Noun,1,0,,
만점,Noun,5,0,,
만족,Noun,71,2,,
만족감,Noun,6,2,,
만족도,Noun,19,0,,
만쥬,Noun,1,0,,
만찬,Noun,2,0,,
만취,Noun,1,0,,
만칠천원,Noun,1,0,,
만큼,Noun,24,0,,
만하,Noun,9,0,,
만해,Noun,16,0,,
많으몀,Noun,1,0,,
많은덴,Noun,1,0,,
말랬다,Noun,1,0,,
말랭이,Noun,13,0,,
말로,Noun,4,0,,
말리,Noun,2,0,,
말뭐,Noun,1,0,,
말씀,Noun,17,0,,
말차,Noun,13,0,,
말캉,Noun,1,0,,
말투,Noun,10,0,,
말함,Noun,3,0,,
맑은,Noun,53,0,,
맘에듬,Noun,1,2,,
맛깔,Noun,5,2,,
맛나,Noun,3,2,,
맛난,Noun,2,2,,
맛남,Noun,10,2,,
맛낫,Noun,1,2,,
맛닙니,Noun,1,0,,
맛닜,Noun,1,2,,
맛닜어,Noun,1,2,,
맛등,Noun,1,0,,
맛땜,Noun,1,0,,
맛맀,Noun,1,0,,
맛보기,Noun,8,0,,
맛았,Noun,3,0,,
맛업슨,Noun,1,-2,,
맛읶어,Noun,1,2,,
맛일,Noun,1,0,,
맛임,Noun,9,0,,
맛잇댜,Noun,1,2,,
맛잇슴,Noun,1,2,,
맛있슴,Noun,1,2,,
맛있슴미,Noun,1,2,,
맛있엇구,Noun,1,2,,
맛있엇러,Noun,1,2,,
맛있엇습니,Noun,1,2,,
맛잏어,Noun,1,2,,
맛잏었어,Noun,1,2,,
맛집,Noun,614,0,,
맛차,Noun,1,0,,
맛찬,Noun,1,0,,
맜있어,Noun,1,2,,
망고,Noun,6,0,,
망신살,Noun,1,0,,
망원,Noun,3,0,,
망원동,Noun,15,0,,
맞은편,Noun,3,0,,
맞이,Noun,2,0,,
맞춤,Noun,2,0,,
매너,Noun,2,0,,
매년,Noun,5,0,,
매니아,Noun,4,0,,
매니저,Noun,5,0,,
매력,Noun,41,0,,
매번,Noun,22,0,,
매우,Noun,83,0,,
매운탕,Noun,1,0,,
매일,Noun,12,0,,
매장,Noun,318,0,,
매콤,Noun,132,0,,
매콤쫄깃,Noun,1,1,,
맥아더,Noun,1,0,,
맥주,Noun,16,0,,
맨발,Noun,1,0,,
맨입,Noun,2,0,,
맨해튼,Noun,1,0,,
맵기,Noun,2,0,,
맵달맵,Noun,2,0,,
맵싹,Noun,1,0,,
맵진,Noun,1,0,,
맹물,Noun,2,0,,
맹탕,Noun,3,-1,,
맹탕무맛임,Noun,1,-1,,
먀력적,Noun,1,0,,
먄석,Noun,1,0,,
머것,Noun,1,0,,
머너,Noun,1,0,,
머리,Noun,7,0,,
머리띠,Noun,1,0,,
머리카락,Noun,18,0,,
머릿속,Noun,1,0,,
먹거리,Noun,1,0,,
먹기,Noun,224,0,,
먹듯,Noun,2,0,,
먹방,Noun,1,0,,
먹어갈쯔음,Noun,1,0,,
먹어봤늠데,Noun,1,0,,
먹얶어용,Noun,1,0,,
먹엇서욤,Noun,1,0,,
먹엇습니,Noun,3,0,,
먹엇어,Noun,6,0,,
먹엇어용,Noun,2,0,,
먹었늠데,Noun,1,0,,
먹었숩니,Noun,1,0,,
먹으먄,Noun,1,0,,
먹으몀,Noun,1,0,,
먹음,Noun,45,0,,
먹음었,Noun,1,0,,
먹이,Noun,3,0,,
먼저,Noun,52,0,,
먼지,Noun,2,0,,
먿었어,Noun,1,0,,
멀리,Noun,23,0,,
멈칫,Noun,1,0,,
멋았,Noun,1,0,,
멋었습니,Noun,1,0,,
멍게,Noun,7,0,,
멍청,Noun,2,0,,
멍텅,Noun,2,0,,
메뉴,Noun,530,0,,
메뉴인,Noun,15,0,,
메뉴판,Noun,16,0,,
메리,Noun,1,0,,
메리크리스마스,Noun,1,0,,
메리트,Noun,2,0,,
메뮤,Noun,2,0,,
메밀,Noun,37,0,,
메밀국수,Noun,1,0,,
메밀전,Noun,1,0,,
메이저,Noun,1,0,,
메이킹,Noun,1,0,,
메인,Noun,23,0,,
메카,Noun,1,0,,
멘탈,Noun,1,0,,
멘트,Noun,1,0,,
멜라민,Noun,1,0,,
며칠,Noun,6,0,,
멱살,Noun,1,0,,
면기,Noun,1,0,,
면도,Noun,15,0,,
면모,Noun,1,0,,
면박,Noun,2,0,,
면발,Noun,29,0,,
면발좀,Noun,1,0,,
면서,Noun,10,0,,
면옥,Noun,14,0,,
멸치,Noun,4,0,,
명가,Noun,1,0,,
명과,Noun,2,0,,
명관,Noun,1,0,,
명단,Noun,5,0,,
명당,Noun,1,0,,
명도,Noun,2,0,,
명동,Noun,2,0,,
명란,Noun,12,0,,
명령,Noun,1,0,,
명륜,Noun,1,0,,
명물,Noun,1,0,,
명불허전,Noun,8,2,,
명성,Noun,17,0,,
명소,Noun,2,0,,
명시,Noun,1,0,,
명실,Noun,1,0,,
명의,Noun,1,0,,
명인,Noun,1,0,,
명절,Noun,1,0,,
명정,Noun,3,0,,
명주,Noun,1,0,,
명태,Noun,1,0,,
명품,Noun,2,0,,
몆번,Noun,1,0,,
몇개,Noun,4,0,,
몇몇,Noun,5,0,,
몇번,Noun,18,0,,
몇장,Noun,1,0,,
모근,Noun,1,0,,
모던,Noun,1,0,,
모델링,Noun,2,0,,
모두,Noun,106,0,,
모듀,Noun,1,0,,
모든,Noun,41,0,,
모듬,Noun,1,0,,
모로,Noun,9,0,,
모름,Noun,2,0,,
모리,Noun,1,0,,
모말,Noun,2,0,,
모발,Noun,2,0,,
모습,Noun,18,0,,
모시,Noun,30,0,,
모양,Noun,3,0,,
모양새,Noun,3,0,,
모욕,Noun,4,0,,
모임,Noun,140,0,,
모자,Noun,3,0,,
모자라,Noun,2,0,,
모짜렐라,Noun,22,0,,
모처럼,Noun,3,0,,
모티브,Noun,1,0,,
모해,Noun,2,0,,
모형,Noun,1,0,,
목구녕,Noun,1,0,,
목구멍,Noun,1,0,,
목기,Noun,1,0,,
목덜미,Noun,1,0,,
목도리,Noun,2,0,,
목록,Noun,1,0,,
목살,Noun,35,0,,
목소리,Noun,6,0,,
목숨,Noun,1,0,,
목요일,Noun,2,0,,
목재,Noun,1,0,,
목적,Noun,1,0,,
몰입,Noun,2,0,,
몰카,Noun,2,0,,
몸둘,Noun,1,0,,
몸보,Noun,1,0,,
몹시,Noun,1,0,,
못참죵,Noun,1,1,,
못킴,Noun,1,0,,
못햇던,Noun,1,0,,
몽골,Noun,2,0,,
몽실몽실,Noun,1,1,,
묘미,Noun,2,0,,
묘함,Noun,1,0,,
무가,Noun,5,0,,
무게,Noun,1,0,,
무국,Noun,3,0,,
무기,Noun,1,0,,
무난,Noun,61,0,,
무너,Noun,1,0,,
무너뜨렸습니,Noun,1,0,,
무니,Noun,1,0,,
무도,Noun,2,0,,
무드,Noun,1,0,,
무려,Noun,4,0,,
무렵,Noun,3,0,,
무료,Noun,13,0,,
무르지,Noun,1,0,,
무맛,Noun,7,-1,,
무무,Noun,2,0,,
무미건조,Noun,1,0,,
무뼈,Noun,4,0,,
무색,Noun,3,0,,
무생채,Noun,13,0,,
무서움,Noun,1,0,,
무속,Noun,1,0,,
무슨,Noun,33,0,,
무시,Noun,7,0,,
무아,Noun,1,0,,
무어,Noun,1,0,,
무언가,Noun,3,0,,
무엇,Noun,75,0,,
무염,Noun,3,0,,
무우,Noun,2,0,,
무작정,Noun,2,0,,
무장,Noun,2,0,,
무제한,Noun,3,0,,
무조,Noun,2,0,,
무조건,Noun,80,1.4,1,
무족,Noun,1,0,,
무지,Noun,2,0,,
무지막지,Noun,1,0,,
무진장,Noun,1,0,,
무채,Noun,9,0,,
무척,Noun,15,0,,
무청,Noun,1,0,,
무크,Noun,1,0,,
무한,Noun,10,0,,
무한대,Noun,1,0,,
무한리필,Noun,11,0,,
묵고,Noun,1,0,,
묵은지,Noun,69,0,,
묵직,Noun,1,0,,
묵호,Noun,1,0,,
묶음,Noun,1,0,,
문구,Noun,3,0,,
문도,Noun,1,0,,
문득,Noun,1,0,,
문래,Noun,1,0,,
문밖,Noun,1,0,,
문성공,Noun,1,0,,
문신,Noun,5,0,,
문어,Noun,35,0,,
문어숙회,Noun,2,0,,
문의,Noun,2,0,,
문자,Noun,1,0,,
문제,Noun,18,0,,
문집,Noun,3,0,,
문턱,Noun,1,0,,
문해,Noun,1,0,,
문화,Noun,1,0,,
문후,Noun,2,0,,
물가,Noun,15,0,,
물건,Noun,7,0,,
물고기,Noun,1,0,,
물기,Noun,2,0,,
물냉,Noun,25,0,,
물냉면,Noun,13,0,,
물리,Noun,8,0,,
물맛,Noun,1,0,,
물씬,Noun,1,0,,
물어,Noun,1,0,,
물엿,Noun,3,0,,
물음표,Noun,1,0,,
물이,Noun,7,0,,
물증,Noun,1,0,,
물질,Noun,7,0,,
물컵,Noun,3,0,,
물탄,Noun,2,0,,
물통,Noun,5,0,,
물티슈,Noun,5,0,,
물평,Noun,1,0,,
물회,Noun,3,0,,
뭉툭,Noun,1,0,,
뭍혀,Noun,1,0,,
뭐시기,Noun,1,0,,
뭐임,Noun,1,0,,
뭐함,Noun,1,0,,
뭐합,Noun,1,0,,
뭐해,Noun,7,0,,
뭔가,Noun,38,0,,
므나,Noun,1,0,,
미가,Noun,19,0,,
미각,Noun,3,0,,
미국,Noun,4,0,,
미나,Noun,3,0,,
미나리,Noun,296,0,,
미네,Noun,3,0,,
미니게임,Noun,2,0,,
미니어쳐,Noun,1,0,,
미도,Noun,1,0,,
미됴,Noun,1,0,,
미띤꿈,Noun,1,0,,
미라,Noun,1,0,,
미로,Noun,2,0,,
미뢰,Noun,1,0,,
미르,Noun,1,0,,
미리,Noun,63,0,,
미만,Noun,1,0,,
미미,Noun,1,0,,
미성,Noun,1,0,,
미성년,Noun,3,0,,
미숙,Noun,1,0,,
미쉐린,Noun,19,0,,
미쉘,Noun,1,0,,
미슐랭,Noun,16,0,,
미스터,Noun,1,0,,
미스테리,Noun,1,-1,,
미식,Noun,3,0,,
미원,Noun,1,0,,
미인,Noun,1,0,,
미지,Noun,1,0,,
미집,Noun,5,0,,
미챳사,Noun,1,2,,
미쳣으,Noun,1,2,,
미쳤슴,Noun,1,2,,
미쳤쥬,Noun,1,2,,
미쳫,Noun,1,0,,
미츳다,Noun,1,2,,
미터,Noun,3,0,,
미트,Noun,1,0,,
미트볼,Noun,1,0,,
미팅,Noun,2,0,,
미화,Noun,1,0,,
민간,Noun,1,0,,
민속,Noun,1,0,,
민어,Noun,9,0,,
민영,Noun,1,0,,
민원,Noun,1,0,,
민족,Noun,1,0,,
민증,Noun,2,0,,
믿음,Noun,3,0,,
밀가루,Noun,8,0,,
밀고,Noun,1,0,,
밀떡,Noun,1,0,,
밀밭,Noun,1,0,,
밀집,Noun,1,0,,
밀키,Noun,1,0,,
밀키스,Noun,1,0,,
밀향,Noun,1,0,,
밋있는집,Noun,1,2,,
밍밍,Noun,31,-1,,
밍숭,Noun,2,-1,,
밍숭맹숭,Noun,2,-1,,
밍숭맹숭해,Noun,1,-1,,
밑바닥,Noun,2,0,,
밑반찬,Noun,109,0,,
바가지,Noun,2,0,,
바글,Noun,1,0,,
바깥,Noun,2,0,,
바닐라,Noun,1,0,,
바다,Noun,4,0,,
바닥,Noun,10,0,,
바라지,Noun,1,0,,
바람,Noun,9,0,,
바랑,Noun,1,0,,
바램,Noun,1,0,,
바렸,Noun,1,0,,
바로,Noun,251,0,,
바리,Noun,1,0,,
바베큐,Noun,1,0,,
바보,Noun,1,0,,
바사,Noun,1,0,,
바삭,Noun,48,1,,
바싹,Noun,8,0,,
바운,Noun,1,0,,
바이럴,Noun,2,0,,
바이브,Noun,1,0,,
바지,Noun,1,0,,
바지락,Noun,10,0,,
바질,Noun,8,0,,
바짝,Noun,1,0,,
바퀴,Noun,1,0,,
바퀴벌레,Noun,4,0,,
바탕,Noun,2,0,,
박뚜기,Noun,1,0,,
박람회,Noun,1,0,,
박물관,Noun,2,0,,
박지,Noun,14,0,,
박찬욱,Noun,1,0,,
박하,Noun,3,0,,
박해,Noun,2,0,,
반값,Noun,1,0,,
반계,Noun,27,0,,
반납,Noun,1,0,,
반대,Noun,1,0,,
반도,Noun,1,0,,
반드시,Noun,6,0,,
반말,Noun,11,0,,
반면,Noun,2,0,,
반문,Noun,1,0,,
반복,Noun,2,0,,
반사율,Noun,1,0,,
반상,Noun,1,0,,
반성,Noun,2,0,,
반신반의,Noun,5,0,,
반올림,Noun,1,0,,
반응,Noun,2,0,,
반전,Noun,2,0,,
반정,Noun,3,0,,
반주,Noun,7,0,,
반죽,Noun,6,0,,
반중,Noun,1,0,,
반지하,Noun,2,0,,
반쪽,Noun,1,0,,
반찬,Noun,253,0,,
반한,Noun,1,-2,,
반했어,Noun,1,0,,
받다뇨,Noun,1,0,,
받침,Noun,2,0,,
발가락,Noun,1,0,,
발견,Noun,22,0,,
발골,Noun,2,0,,
발라,Noun,13,0,,
발랫비,Noun,1,0,,
발목,Noun,1,0,,
발사,Noun,1,0,,
발생,Noun,2,0,,
발악,Noun,1,0,,
발암,Noun,1,0,,
발언,Noun,2,0,,
발옆,Noun,1,0,,
발의,Noun,3,0,,
발전,Noun,1,0,,
발췌,Noun,1,0,,
발휘,Noun,2,0,,
밤새,Noun,1,0,,
밥값,Noun,3,0,,
밥말,Noun,1,0,,
밥맛,Noun,3,0,,
밥배,Noun,1,0,,
밥상,Noun,5,0,,
밥솥,Noun,1,0,,
밥안,Noun,1,0,,
밥알,Noun,25,0,,
밥위,Noun,3,0,,
밥집,Noun,16,0,,
밥풀,Noun,2,0,,
방가,Noun,1,0,,
방금,Noun,2,0,,
방면,Noun,1,0,,
방문,Noun,1151,0,,
방문객,Noun,3,0,,
방문자,Noun,1,0,,
방방곡곡,Noun,3,0,,
방법,Noun,29,0,,
방송,Noun,24,0,,
방식,Noun,8,0,,
방안,Noun,2,0,,
방앗간,Noun,1,0,,
방어,Noun,3,0,,
방영,Noun,2,0,,
방운,Noun,1,0,,
방이,Noun,1,0,,
방짜유기,Noun,1,0,,
방치,Noun,2,0,,
방침,Noun,1,0,,
방학,Noun,1,0,,
방해,Noun,4,0,,
방향,Noun,3,0,,
배기,Noun,8,0,,
배달,Noun,13,0,,
배뚠뚠하,Noun,1,0,,
배려,Noun,4,0,,
배불,Noun,1,0,,
배불때,Noun,1,0,,
배서,Noun,2,0,,
배신,Noun,1,0,,
배우자,Noun,1,0,,
배채,Noun,1,0,,
배추,Noun,76,0,,
배추김치,Noun,17,0,,
배치,Noun,5,0,,
배탈,Noun,2,0,,
백김치,Noun,12,0,,
백반,Noun,6,0,,
백배,Noun,1,0,,
백악기,Noun,1,0,,
백종원,Noun,2,0,,
백주,Noun,1,0,,
백프로,Noun,1,0,,
밴드,Noun,1,-2,,
밸런스,Noun,17,0,,
뱃속,Noun,1,0,,
버갈튀,Noun,1,0,,
버너,Noun,4,0,,
버들,Noun,1,0,,
버럇,Noun,1,0,,
버무린,Noun,1,0,,
버벅거린다,Noun,1,0,,
버섯,Noun,17,0,,
버세,Noun,1,0,,
버스,Noun,1,0,,
버스킹,Noun,2,0,,
버시길,Noun,1,0,,
버실려,Noun,1,0,,
버전,Noun,5,0,,
버쩍,Noun,1,0,,
버크셔,Noun,4,0,,
버킷,Noun,1,0,,
버터,Noun,10,0,,
버튼,Noun,2,0,,
버프,Noun,1,0,,
번가,Noun,1,0,,
번갈아,Noun,1,0,,
번개,Noun,1,0,,
번갯불,Noun,1,0,,
번만,Noun,3,0,,
번시,Noun,1,0,,
번은,Noun,20,-2,,
번의,Noun,2,0,,
번잡,Noun,4,0,,
번창,Noun,37,0,,
번호,Noun,16,0,,
번화가,Noun,1,0,,
벌레,Noun,8,0,,
벌써,Noun,16,0,,
벌집,Noun,6,1,,
범벅,Noun,3,0,,
범죄,Noun,1,0,,
법도,Noun,8,0,,
법리,Noun,1,0,,
법원,Noun,1,0,,
벙쪄,Noun,1,0,,
벚꽃,Noun,5,0,,
베스트,Noun,2,0,,
베이스,Noun,36,0,,
베이지,Noun,1,0,,
베이컨,Noun,3,0,,
베일,Noun,1,0,,
베테,Noun,2,0,,
베트남,Noun,2,0,,
베트콩,Noun,1,0,,
벤치,Noun,2,0,,
벽지,Noun,2,0,,
변경,Noun,6,0,,
변명,Noun,1,0,,
변상,Noun,1,0,,
변신,Noun,1,0,,
변주,Noun,2,0,,
변화,Noun,3,0,,
별개,Noun,5,0,,
별거,Noun,3,0,,
별관,Noun,30,0,,
별도,Noun,13,0,,
별로,Noun,140,-1,,
별루,Noun,4,-1,,
별미,Noun,22,0,,
병뚜껑,Noun,1,0,,
병맛,Noun,1,0,,
병아리,Noun,1,0,,
병어,Noun,1,0,,
병원,Noun,2,0,,
보가,Noun,1,0,,
보건소,Noun,1,0,,
보고,Noun,143,0,,
보고서,Noun,3,0,,
보관,Noun,2,0,,
보구,Noun,1,0,,
보기,Noun,20,0,,
보냇어,Noun,1,0,,
보더,Noun,2,0,,
보드,Noun,1,0,,
보드게임,Noun,1,0,,
보라,Noun,1,0,,
보란,Noun,1,0,,
보람,Noun,20,0,,
보룝,Noun,1,0,,
보리,Noun,53,0,,
보리밥,Noun,1,0,,
보리차,Noun,2,0,,
보물,Noun,1,0,,
보스,Noun,1,0,,
보시,Noun,17,0,,
보신,Noun,3,0,,
보쌈,Noun,499,0,,
보쌈김치,Noun,21,0,,
보씸,Noun,1,0,,
보아,Noun,1,0,,
보안관,Noun,3,0,,
보약,Noun,3,0,,
보양식,Noun,1,0,,
보여욯,Noun,1,0,,
보완,Noun,1,0,,
보이,Noun,22,0,,
보이시,Noun,2,0,,
보이지,Noun,3,0,,
보일러,Noun,1,0,,
보임,Noun,12,0,,
보장,Noun,6,0,,
보정,Noun,1,0,,
보증인,Noun,1,0,,
보지,Noun,12,0,,
보충,Noun,4,0,,
보통,Noun,57,0,,
보함,Noun,1,0,,
복도,Noun,2,0,,
복분자,Noun,1,0,,
복분자주,Noun,1,0,,
복불복,Noun,1,0,,
복식,Noun,1,0,,
복싱,Noun,1,0,,
복음,Noun,1,0,,
복지,Noun,1,0,,
복판,Noun,5,0,,
볶음,Noun,49,0,,
볶음밥,Noun,243,0,,
본가,Noun,1,0,,
본격,Noun,1,0,,
본관,Noun,9,0,,
본기,Noun,1,0,,
본래,Noun,2,0,,
본연,Noun,17,0,,
본의,Noun,1,0,,
본인,Noun,21,0,,
본점,Noun,39,0,,
본질,Noun,2,0,,
볼거리,Noun,1,0,,
볼걸,Noun,1,0,,
볼륨,Noun,1,0,,
볼법,Noun,1,0,,
볼일,Noun,4,0,,
봄날,Noun,1,0,,
봄비,Noun,1,0,,
봉골,Noun,2,0,,
봉골레,Noun,2,0,,
봉봉,Noun,2,0,,
봉지,Noun,4,0,,
봉피,Noun,2,0,,
봌음밥,Noun,1,0,,
봣을때,Noun,1,0,,
부가,Noun,4,0,,
부가세,Noun,1,0,,
부감,Noun,1,0,,
부계,Noun,1,0,,
부근,Noun,3,0,,
부끄러움,Noun,1,0,,
부담,Noun,37,0,,
부대찌개,Noun,3,0,,
부도,Noun,5,0,,
부드러움,Noun,9,0,,
부득이,Noun,1,0,,
부들,Noun,2,0,,
부들부들,Noun,16,0,,
부디,Noun,1,0,,
부라타,Noun,1,0,,
부란,Noun,2,0,,
부랑,Noun,1,0,,
부랴부랴,Noun,2,0,,
부레,Noun,1,0,,
부리또,Noun,1,0,,
부림,Noun,2,0,,
부모님,Noun,50,0,,
부부,Noun,4,0,,
부분,Noun,64,0,,
부산,Noun,13,0,,
부스,Noun,1,0,,
부스러기,Noun,2,0,,
부엌,Noun,2,0,,
부연,Noun,1,0,,
부위,Noun,29,0,,
부일,Noun,2,0,,
부자,Noun,1,0,,
부장,Noun,1,0,,
부적합,Noun,1,-2,,
부전,Noun,8,0,,
부정,Noun,1,0,,
부족,Noun,1,-1,,
부족함,Noun,7,-1,,
부주,Noun,1,0,,
부집,Noun,2,0,,
부채살,Noun,1,0,,
부추,Noun,21,0,,
부츠,Noun,1,0,,
부친,Noun,1,0,,
부침개,Noun,1,0,,
부탁,Noun,5,0,,
부터,Noun,12,0,,
부흥,Noun,2,0,,
북어,Noun,1,0,,
북적,Noun,8,0,,
북촌,Noun,1,0,,
분간,Noun,1,0,,
분과,Noun,4,0,,
분기,Noun,2,0,,
분껜,Noun,1,0,,
분나,Noun,1,0,,
분노,Noun,1,0,,
분당,Noun,2,0,,
분도,Noun,6,0,,
분등,Noun,1,0,,
분류,Noun,3,0,,
분리,Noun,14,0,,
분만,Noun,3,0,,
분명,Noun,7,0,,
분수,Noun,1,0,,
분야,Noun,1,0,,
분업,Noun,1,0,,
분웨기,Noun,1,0,,
분위,Noun,5,0,,
분위기,Noun,788,0,,
분잡,Noun,2,0,,
분점,Noun,1,0,,
분통,Noun,1,0,,
분해,Noun,1,0,,
붇는듯,Noun,1,0,,
불가,Noun,11,0,,
불고기,Noun,51,0,,
불곱창,Noun,1,0,,
불구,Noun,15,0,,
불금,Noun,1,0,,
불길,Noun,1,0,,
불닭,Noun,6,0,,
불닭볶음면,Noun,5,0,,
불도,Noun,2,0,,
불때,Noun,1,0,,
불량,Noun,1,0,,
불로,Noun,1,0,,
불리,Noun,10,0,,
불만,Noun,5,0,,
불만족,Noun,3,-2,,
불맛,Noun,23,1,,
불맛나,Noun,3,1,,
불멍,Noun,1,0,,
불모,Noun,1,0,,
불문,Noun,1,0,,
불법,Noun,1,0,,
불쇼,Noun,11,0,,
불신,Noun,1,0,,
불어,Noun,1,0,,
불은면,Noun,1,0,,
불친절,Noun,43,-2,,
불친철,Noun,1,-2,,
불쾌감,Noun,1,-2,,
불판,Noun,17,0,,
불편,Noun,9,-2,,
불향,Noun,18,0,,
불호,Noun,7,-2,,
붕위,Noun,1,0,,
뷰터,Noun,1,0,,
브라,Noun,1,0,,
브랜드,Noun,5,0,,
브랜딩,Noun,1,0,,
브런치,Noun,2,0,,
브레이,Noun,1,0,,
브레이크,Noun,22,0,,
브로콜리,Noun,2,0,,
브리,Noun,8,0,,
브리핑,Noun,1,0,,
브타,Noun,1,0,,
븐건,Noun,1,0,,
블라인드,Noun,1,0,,
블러,Noun,1,0,,
블로그,Noun,5,0,,
블루리본,Noun,16,0,,
블루베리,Noun,3,0,,
비갑,Noun,3,0,,
비계,Noun,44,0,,
비고,Noun,3,0,,
비교,Noun,27,0,,
비굿,Noun,1,0,,
비냉,Noun,15,0,,
비닐,Noun,10,0,,
비도,Noun,32,0,,
비롯,Noun,2,0,,
비릿,Noun,1,0,,
비릿내,Noun,1,0,,
비만,Noun,1,0,,
비망,Noun,1,0,,
비밀,Noun,3,0,,
비법,Noun,2,0,,
비비,Noun,1,0,,
비비고,Noun,1,0,,
비빔,Noun,9,0,,
비빔국수,Noun,3,0,,
비빔냉면,Noun,11,0,,
비빔면,Noun,1,0,,
비빔밥,Noun,196,0,,
비사리,Noun,1,0,,
비삭,Noun,1,0,,
비상,Noun,2,0,,
비속어,Noun,1,0,,
비슷,Noun,2,0,,
비슷힌,Noun,1,0,,
비야,Noun,1,0,,
비어,Noun,1,0,,
비올,Noun,2,0,,
비용,Noun,6,0,,
비우기,Noun,1,0,,
비위,Noun,6,0,,
비위생적,Noun,5,0,,
비율,Noun,11,0,,
비전문가,Noun,1,0,,
비존맛,Noun,1,0,,
비주,Noun,40,0,,
비쥬,Noun,17,0,,
비즈니스,Noun,1,0,,
비지,Noun,14,0,,
비치,Noun,1,0,,
비키,Noun,3,0,,
비평,Noun,1,0,,
빈대떡,Noun,11,0,,
빈자리,Noun,3,0,,
빈틈,Noun,2,0,,
빌딩,Noun,3,0,,
빌라,Noun,2,0,,
빔밥,Noun,1,0,,
빗살,Noun,2,0,,
빛깔,Noun,3,0,,
빠박,Noun,2,0,,
빠삭,Noun,3,0,,
빠에아,Noun,1,0,,
빠에야,Noun,12,0,,
빠트리,Noun,1,0,,
빡빡,Noun,1,0,,
빡세,Noun,3,0,,
빨간색,Noun,1,0,,
빨강,Noun,1,0,,
빨래,Noun,1,0,,
빨린,Noun,1,0,,
빵가루,Noun,3,0,,
빵빵,Noun,4,0,,
빵집,Noun,3,0,,
빼기,Noun,1,0,,
빼주,Noun,1,0,,
뻐다귀,Noun,1,0,,
뻑뻑,Noun,14,0,,
뻑살,Noun,1,0,,
뻔쩍,Noun,1,0,,
뻔쩍하면,Noun,1,0,,
뻘쭘했다,Noun,1,0,,
뼈찜,Noun,3,0,,
뼈탄삼걉살,Noun,1,0,,
뼈탐삼셥겹살,Noun,2,0,,
뼈턴집,Noun,1,0,,
뼛조각,Noun,1,0,,
뽀금당,Noun,1,0,,
뽀끔당,Noun,1,0,,
뽑기,Noun,1,0,,
뽕나무,Noun,1,0,,
뽜이팅,Noun,1,0,,
뿌듯,Noun,1,0,,
뿌리,Noun,2,0,,
뿌셨,Noun,1,0,,
뿌시러,Noun,1,0,,
뿐더러,Noun,1,0,,
뿜뿜,Noun,1,0,,
삘받아와,Noun,1,0,,
사가현,Noun,1,0,,
사감,Noun,1,0,,
사건,Noun,7,0,,
사골,Noun,27,0,,
사골곰탕,Noun,1,0,,
사과,Noun,21,0,,
사극,Noun,1,0,,
사기,Noun,2,0,,
사나이,Noun,1,0,,
사돈,Noun,1,0,,
사드,Noun,1,0,,
사라,Noun,2,0,,
사라졋,Noun,1,0,,
사람,Noun,369,0,,
사람과,Noun,2,0,,
사랑,Noun,15,0,,
사랑방,Noun,3,0,,
사레,Noun,1,0,,
사르르,Noun,3,0,,
사리,Noun,74,0,,
사리곰탕,Noun,2,0,,
사면,Noun,2,0,,
사무실,Noun,2,0,,
사물,Noun,1,0,,
사바,Noun,1,0,,
사발,Noun,1,0,,
사방,Noun,2,0,,
사서,Noun,1,0,,
사실,Noun,27,0,,
사심,Noun,1,0,,
사악,Noun,2,0,,
사야가,Noun,1,0,,
사양,Noun,2,0,,
사업,Noun,3,0,,
사연,Noun,1,0,,
사용,Noun,19,0,,
사이,Noun,18,0,,
사이다,Noun,1,0,,
사이드,Noun,85,0,,
사이사이,Noun,3,0,,
사이즈,Noun,21,0,,
사인,Noun,2,0,,
사장,Noun,219,0,,
사전,Noun,1,0,,
사주면,Noun,1,0,,
사진,Noun,104,0,,
사촌,Noun,1,0,,
사춘기,Noun,1,0,,
사태,Noun,1,0,,
사항,Noun,7,0,,
사형,Noun,1,0,,
사활,Noun,1,0,,
사후관리,Noun,1,0,,
삭제,Noun,4,0,,
삭함,Noun,2,0,,
삭해,Noun,1,0,,
산다,Noun,4,0,,
산뜻,Noun,1,2,,
산미,Noun,3,0,,
산보,Noun,1,0,,
산이,Noun,5,0,,
산임,Noun,1,0,,
산장,Noun,22,0,,
산채,Noun,1,0,,
산책,Noun,4,0,,
산초,Noun,2,0,,
살갑,Noun,1,0,,
살때,Noun,3,0,,
살로,Noun,5,0,,
살부,Noun,1,0,,
살살,Noun,17,0,,
살얼음,Noun,25,0,,
살엄음,Noun,1,0,,
살의,Noun,2,0,,
살이,Noun,42,0,,
살인,Noun,2,0,,
살점,Noun,3,0,,
살짝,Adverb,91,1.2,1,
살코기,Noun,41,0,,
삼겹,Noun,22,0,,
삼겹살,Noun,168,0,,
삼계,Noun,1,0,,
삼계탕,Noun,1,0,,
삼김,Noun,1,0,,
삼삼,Noun,1,0,,
삼성,Noun,2,0,,
삼성역,Noun,1,0,,
삼차,Noun,1,0,,
삼촌,Noun,1,0,,
삼치,Noun,1,0,,
삼팔이,Noun,1,0,,
삿대질,Noun,1,0,,
상관,Noun,1,0,,
상권,Noun,2,0,,
상급,Noun,1,0,,
상단,Noun,1,0,,
상대,Noun,5,0,,
상대로,Noun,2,0,,
상륙,Noun,1,0,,
상부,Noun,1,0,,
상상,Noun,7,0,,
상세,Noun,1,0,,
상승,Noun,2,0,,
상식,Noun,4,0,,
상암,Noun,1,0,,
상온,Noun,1,0,,
상위,Noun,4,0,,
상응,Noun,1,0,,
상의,Noun,1,0,,
상이,Noun,3,0,,
상인,Noun,1,0,,
상점,Noun,1,0,,
상쭈쌈,Noun,1,0,,
상차림,Noun,11,0,,
상추,Noun,44,0,,
상치,Noun,1,0,,
상콤,Noun,1,0,,
상큼,Noun,17,0,,
상타취,Noun,1,0,,
상태,Noun,42,0,,
상품,Noun,8,0,,
상하,Noun,8,0,,
상한,Noun,2,0,,
상해,Noun,6,0,,
상호,Noun,1,0,,
상황,Noun,16,0,,
새내기,Noun,1,0,,
새록새록,Noun,1,0,,
새벽,Noun,15,0,,
새우,Noun,10,0,,
새우젓,Noun,9,0,,
새참,Noun,1,0,,
새해,Noun,3,0,,
색깔,Noun,3,0,,
샐러드,Noun,46,0,,
샐프바,Noun,1,0,,
샘샘,Noun,1,0,,
생각,Noun,340,0,,
생갈,Noun,3,0,,
생강,Noun,5,0,,
생강차,Noun,4,0,,
생겻다,Noun,1,0,,
생굴,Noun,7,0,,
생기,Noun,4,0,,
생기지,Noun,1,0,,
생락,Noun,1,0,,
생맥,Noun,1,0,,
생맥주,Noun,2,0,,
생명,Noun,2,0,,
생색,Noun,1,0,,
생선,Noun,13,0,,
생수,Noun,1,0,,
생신,Noun,3,0,,
생으로,Noun,1,0,,
생일,Noun,7,0,,
생전,Noun,1,0,,
생채,Noun,1,0,,
생크림,Noun,25,0,,
샤르도네,Noun,1,0,,
서강대,Noun,1,0,,
서고,Noun,4,1,,
서교동,Noun,1,0,,
서기,Noun,4,0,,
서나,Noun,1,0,,
서너,Noun,2,0,,
서도,Noun,10,0,,
서로,Noun,6,0,,
서리,Noun,5,0,,
서면,Noun,2,0,,
서민,Noun,2,0,,
서버,Noun,5,0,,
서북,Noun,1,0,,
서비스,Noun,182,0,,
서빙,Noun,53,0,,
서서,Noun,66,0,,
서울,Noun,102,0,,
서울숲,Noun,17,0,,
서울시,Noun,2,0,,
서울식,Noun,1,0,,
서울역,Noun,1,0,,
서인,Noun,1,0,,
서지,Noun,4,0,,
서진,Noun,1,0,,
서해,Noun,1,0,,
석도,Noun,3,0,,
석지,Noun,1,0,,
석탑,Noun,1,0,,
섞박지,Noun,3,0,,
선곡,Noun,3,0,,
선도,Noun,1,0,,
선방,Noun,1,0,,
선배,Noun,1,0,,
선사,Noun,2,0,,
선생,Noun,1,0,,
선생님,Noun,1,0,,
선샤인,Noun,1,1,,
선선,Noun,1,0,,
선술집,Noun,1,0,,
선심,Noun,1,0,,
선양,Noun,1,0,,
선입견,Noun,1,0,,
선입선출,Noun,1,0,,
선정,Noun,6,0,,
선지,Noun,2,0,,
선택,Noun,42,0,,
선풍기,Noun,1,0,,
선호,Noun,10,0,,
선회,Noun,1,0,,
선후배,Noun,1,0,,
섣달,Noun,1,0,,
설거지,Noun,5,0,,
설계,Noun,2,0,,
설날,Noun,2,0,,
설득,Noun,1,0,,
설렁탕,Noun,89,0,,
설마,Noun,4,0,,
설명,Noun,57,0,,
설사,Noun,1,0,,
설억었다,Noun,1,0,,
설연휴,Noun,2,0,,
설정,Noun,4,0,,
설치,Noun,2,0,,
설탕,Noun,7,0,,
섬쌀,Noun,1,0,,
섬유질,Noun,1,0,,
섭취,Noun,2,0,,
성게,Noun,5,0,,
성격,Noun,3,0,,
성공,Noun,13,0,,
성과,Noun,1,0,,
성동구,Noun,3,0,,
성립,Noun,2,0,,
성분,Noun,2,0,,
성비,Noun,2,0,,
성수,Noun,343,0,,
성수동,Noun,108,0,,
성수역,Noun,31,0,,
성시경,Noun,12,0,,
성의,Noun,2,0,,
성인,Noun,9,2,,
성지,Noun,2,0,,
성질,Noun,1,0,,
성찬,Noun,1,0,,
성탄절,Noun,1,0,,
성함,Noun,3,0,,
세계,Noun,3,0,,
세고,Noun,2,0,,
세도,Noun,1,0,,
세련,Noun,1,0,,
세면대,Noun,1,0,,
세명,Noun,5,0,,
세무조사,Noun,1,0,,
세미,Noun,1,0,,
세번,Noun,18,0,,
세상,Noun,21,0,,
세시,Noun,1,0,,
세심,Noun,6,0,,
세영,Noun,1,0,,
세운,Noun,1,0,,
세월,Noun,2,0,,
세잔,Noun,1,0,,
세지,Noun,11,0,,
세척,Noun,2,0,,
세트,Noun,95,0,,
세팅,Noun,4,0,,
세팅되,Noun,1,0,,
세팅할,Noun,1,0,,
세팅해,Noun,1,0,,
섹시,Noun,3,0,,
센스,Noun,19,0,,
센터,Noun,2,0,,
셀럽,Noun,1,0,,
셀렉,Noun,1,0,,
셀프,Noun,28,0,,
셋뚜,Noun,1,0,,
셋트,Noun,3,0,,
셋팅,Noun,2,0,,
셔틀,Noun,1,2,,
셰프,Noun,3,0,,
소갈비,Noun,11,0,,
소감,Noun,1,0,,
소개,Noun,22,0,,
소개팅,Noun,10,0,,
소고기,Noun,23,0,,
소굴,Noun,1,0,,
소금,Noun,14,0,,
소독,Noun,1,0,,
소동,Noun,1,0,,
소량,Noun,2,0,,
소로,Noun,6,0,,
소리,Noun,35,0,,
소린,Noun,1,0,,
소만,Noun,1,0,,
소맥,Noun,3,0,,
소면,Noun,3,0,,
소문,Noun,33,0,,
소바,Noun,28,0,,
소방관,Noun,1,0,,
소백산,Noun,2,0,,
소보원,Noun,2,0,,
소비,Noun,1,0,,
소비자,Noun,2,0,,
소사,Noun,1,0,,
소세지,Noun,1,0,,
소수,Noun,1,0,,
소스,Noun,222,0,,
소시지,Noun,2,0,,
소식,Noun,2,0,,
소신,Noun,1,0,,
소용,Noun,1,0,,
소울푸드,Noun,1,0,,
소음,Noun,4,0,,
소의,Noun,1,0,,
소자,Noun,22,0,,
소주,Noun,65,0,,
소주잔,Noun,3,0,,
소진,Noun,4,0,,
소쿠리,Noun,14,0,,
소태,Noun,2,0,,
소통,Noun,4,0,,
소품,Noun,2,0,,
소화,Noun,2,0,,
속도,Noun,14,0,,
속지,Noun,3,0,,
속초,Noun,2,0,,
속편,Noun,4,0,,
손가락,Noun,1,2,,
손길,Noun,2,0,,
손녀,Noun,2,0,,
손님,Noun,242,0,,
손맛,Noun,4,0,,
손바닥,Noun,2,0,,
손색,Noun,4,0,,
손수,Noun,2,0,,
손아귀,Noun,1,0,,
손절,Noun,1,0,,
손질,Noun,7,0,,
손짓,Noun,2,0,,
손톱,Noun,3,0,,
손해,Noun,2,0,,
솔직,Noun,1,-1,,
솜사탕,Noun,1,0,,
솜씨,Noun,1,0,,
송년,Noun,1,0,,
송년회,Noun,1,0,,
송리단길,Noun,1,0,,
송리단길점,Noun,1,0,,
송송,Noun,3,0,,
송파,Noun,1,0,,
솥밥,Noun,19,0,,
쇠통,Noun,1,0,,
쇠향,Noun,1,0,,
쇼츠,Noun,1,0,,
쇼핑,Noun,1,0,,
숏컷,Noun,1,0,,
수가,Noun,33,0,,
수고,Noun,3,0,,
수국,Noun,1,0,,
수긍,Noun,1,0,,
수기,Noun,4,0,,
수다,Noun,6,0,,
수단,Noun,1,0,,
수도,Noun,38,0,,
수돗물,Noun,2,0,,
수동,Noun,1,0,,
수두,Noun,1,0,,
수라,Noun,1,0,,
수량,Noun,2,0,,
수로,Noun,1,0,,
수록,Noun,3,0,,
수만,Noun,2,0,,
수면,Noun,1,0,,
수반,Noun,1,0,,
수백,Noun,1,0,,
수법,Noun,1,0,,
수분,Noun,6,0,,
수비드,Noun,1,0,,
수사,Noun,3,0,,
수선,Noun,1,0,,
수세미,Noun,1,0,,
수술,Noun,1,0,,
수십,Noun,3,0,,
수업,Noun,1,0,,
수영장,Noun,1,0,,
수오,Noun,10,0,,
수요일,Noun,5,0,,
수용,Noun,3,0,,
수운,Noun,1,0,,
수원,Noun,2,0,,
수육,Noun,116,0,,
수익모델,Noun,1,0,,
수인,Noun,1,0,,
수저,Noun,17,0,,
수정,Noun,3,0,,
수정과,Noun,1,0,,
수제,Noun,8,0,,
수제비,Noun,36,0,,
수준,Noun,33,0,,
수학,Noun,1,0,,
숙성,Noun,31,0,,
숙연,Noun,1,0,,
숙육,Noun,1,0,,
숙주,Noun,5,0,,
숙청,Noun,1,0,,
숙취,Noun,1,0,,
숙회,Noun,2,0,,
순간,Noun,24,0,,
순대,Noun,6,0,,
순도,Noun,1,0,,
순두부,Noun,5,0,,
순두부찌개,Noun,1,0,,
순면,Noun,2,0,,
순번,Noun,1,0,,
순삭,Noun,9,0,,
순서,Noun,10,0,,
순서대로,Noun,3,0,,
순서도,Noun,2,0,,
순수,Noun,7,0,,
순식간,Noun,8,0,,
순위,Noun,10,0,,
순정,Noun,1,0,,
순환,Noun,6,0,,
숟가락,Noun,17,0,,
숟가랃,Noun,1,0,,
숟갈,Noun,16,0,,
술국,Noun,4,0,,
술맛,Noun,3,0,,
술밥,Noun,14,0,,
술벗,Noun,1,0,,
술병,Noun,1,0,,
술술,Noun,21,0,,
술시,Noun,1,0,,
술안주,Noun,11,0,,
술자리,Noun,6,0,,
술잔,Noun,1,0,,
술집,Noun,46,0,,
술찌,Noun,1,0,,
숨뼈국,Noun,6,0,,
숩니댜,Noun,1,0,,
숭덩숭덩,Noun,1,0,,
숭숭,Noun,1,0,,
숯불,Noun,57,0,,
숯향,Noun,1,0,,
숲길,Noun,2,0,,
쉐어,Noun,1,0,,
쉐프,Noun,1,0,,
쉬움,Noun,1,0,,
슐랭,Noun,1,0,,
슟불,Noun,1,0,,
스근하,Noun,1,0,,
스랑,Noun,1,0,,
스럴,Noun,1,0,,
스멜,Noun,1,0,,
스샷,Noun,1,0,,
스윗,Noun,1,0,,
스킬,Noun,1,0,,
스타,Noun,2,0,,
스타벅스,Noun,1,0,,
스타일,Noun,53,0,,
스탈,Noun,3,0,,
스탠,Noun,1,0,,
스탭들,Noun,1,0,,
스테이,Noun,2,0,,
스테이크,Noun,3,0,,
스텐,Noun,1,0,,
스트레스,Noun,7,0,,
스티로폼,Noun,1,0,,
스티커,Noun,1,0,,
스틴,Noun,1,0,,
스팅,Noun,1,0,,
스파게티,Noun,2,0,,
스파이크,Noun,2,0,,
스페셜,Noun,1,0,,
스페인,Noun,1,0,,
스푼,Noun,2,0,,
스프,Noun,3,0,,
스피드,Noun,1,0,,
슬러쉬,Noun,1,0,,
슬러시,Noun,2,0,,
슬슬,Noun,1,0,,
슬픔,Noun,1,0,,
슴슴,Noun,62,0,,
슴슴짭짤,Noun,1,0,,
슴슴하,Noun,13,0,,
슴슴한,Noun,1,0,,
슴슴한거,Noun,1,0,,
슴슴한데,Noun,5,0,,
슴슴한듯,Noun,2,0,,
슴슴할,Noun,1,0,,
슴슴함,Noun,3,0,,
슴슴합니,Noun,2,0,,
슴슴해,Noun,12,0,,
슴슴했,Noun,1,0,,
슴슴했어,Noun,1,0,,
슴슴했음,Noun,1,0,,
습니,Noun,2,0,,
습보,Noun,1,0,,
승무원,Noun,1,0,,
승부,Noun,3,0,,
승용차,Noun,1,0,,
승질,Noun,1,0,,
승하,Noun,1,0,,
시각,Noun,1,0,,
시간,Noun,254,0,,
시간대,Noun,19,0,,
시골,Noun,8,0,,
시구,Noun,2,0,,
시기,Noun,4,0,,
시나,Noun,1,0,,
시내,Noun,2,0,,
시너지,Noun,1,0,,
시대,Noun,6,0,,
시댁,Noun,1,0,,
시더,Noun,1,0,,
시도,Noun,4,0,,
시들시들,Noun,1,-1,,
시라,Noun,2,0,,
시래기,Noun,24,0,,
시럽,Noun,1,0,,
시렁,Noun,2,0,,
시레기,Noun,6,0,,
시려웠,Noun,1,0,,
시로,Noun,3,0,,
시리즈,Noun,2,0,,
시반,Noun,1,0,,
시부모,Noun,2,0,,
시설,Noun,5,0,,
시스템,Noun,15,0,,
시어,Noun,1,0,,
시오,Noun,1,0,,
시원,Noun,3,0,,
시위,Noun,1,0,,
시일,Noun,1,0,,
시작,Noun,30,0,,
시장,Noun,12,0,,
시절,Noun,3,0,,
시점,Noun,3,0,,
시정,Noun,2,0,,
시중,Noun,1,0,,
시즌,Noun,1,0,,
시집,Noun,2,0,,
시청,Noun,2,0,,
시카고,Noun,1,0,,
시켯다,Noun,1,0,,
시크럽코,Noun,1,0,,
시킴,Noun,4,0,,
시티,Noun,1,0,,
시판,Noun,3,0,,
시퍼,Noun,1,0,,
시한,Noun,1,0,,
식감,Noun,83,0,,
식견,Noun,1,0,,
식구,Noun,2,1,,
식기,Noun,14,0,,
식기세척기,Noun,1,0,,
식단,Noun,2,0,,
식당,Noun,188,0,,
식당가,Noun,2,0,,
식대,Noun,1,0,,
식사,Noun,342,0,,
식욕,Noun,5,0,,
식이,Noun,3,0,,
식전,Noun,3,0,,
식전주,Noun,1,0,,
식지,Noun,2,0,,
식초,Noun,8,0,,
식탁,Noun,12,0,,
식해,Noun,1,0,,
식혜,Noun,37,0,,
식후,Noun,4,0,,
신건,Noun,5,0,,
신경,Noun,24,0,,
신경안,Noun,1,0,,
신경질,Noun,2,0,,
신고,Noun,5,0,,
신관,Noun,1,0,,
신기,Noun,2,0,,
신기하,Noun,1,0,,
신나요,Noun,1,1,,
신다해,Noun,1,0,,
신라,Noun,2,0,,
신라면,Noun,3,0,,
신랑,Noun,1,0,,
신뢰,Noun,1,0,,
신림,Noun,1,0,,
신맛,Noun,10,0,,
신발,Noun,3,0,,
신분,Noun,11,0,,
신상,Noun,2,0,,
신생,Noun,1,0,,
신선,Noun,6,1,,
신선도,Noun,2,0,,
신세계,Noun,1,1,,
신용,Noun,1,0,,
신용산,Noun,3,0,,
신의,Noun,4,0,,
신의한수,Noun,1,0,,
신입,Noun,1,0,,
신지,Noun,5,0,,
신청,Noun,3,0,,
실감,Noun,1,0,,
실내,Noun,12,0,,
실때,Noun,1,0,,
실력,Noun,1,0,,
실로,Noun,2,0,,
실망,Noun,35,-2,,
실수,Noun,10,0,,
실수셨겠,Noun,1,0,,
실오라기,Noun,1,0,,
실외,Noun,1,0,,
실제,Noun,9,0,,
실체,Noun,1,0,,
실컷,Noun,1,0,,
실패,Noun,9,0,,
실험,Noun,1,0,,
실화,Noun,2,0,,
심경,Noun,1,0,,
심리,Noun,2,0,,
심보,Noun,1,0,,
심심,Noun,1,0,,
심야시간대,Noun,1,0,,
심장,Noun,1,0,,
심증,Noun,1,0,,
심지어,Noun,20,0,,
심플,Noun,3,0,,
심해,Noun,1,0,,
십년,Noun,5,0,,
십리,Noun,1,0,,
십만원,Noun,1,0,,
십분,Noun,2,0,,
십상,Noun,1,0,,
싱기,Noun,1,0,,
싱싱,Noun,2,1,,
싱큼,Noun,1,0,,
싳었는데,Noun,1,0,,
싶어욤,Noun,1,0,,
싸가지,Noun,13,0,,
싸구려,Noun,2,0,,
싸먹엇을때,Noun,1,0,,
싸움,Noun,4,0,,
싸인,Noun,6,2,,
싹싹,Noun,17,0,,
쌀밥,Noun,7,0,,
쌀알,Noun,2,0,,
쌈무,Noun,4,0,,
쌈밥,Noun,32,0,,
쌈장,Noun,7,0,,
쌈채,Noun,2,0,,
쌍림,Noun,1,0,,
쌔지않,Noun,1,1,,
쌤숭,Noun,1,0,,
쌰갈,Noun,1,0,,
써뷔쓰으,Noun,1,0,,
써비,Noun,2,0,,
썸남썸녀,Noun,1,0,,
썸녀,Noun,2,0,,
쎄팅,Noun,1,0,,
쏙쏙,Noun,1,0,,
쑥갓,Noun,2,0,,
쑥국,Noun,1,0,,
쓰기,Noun,2,0,,
쓰레기,Noun,12,0,,
쓰레기통,Noun,9,0,,
쓰레빠,Noun,1,0,,
쓰시,Noun,3,0,,
쓱삭,Noun,1,0,,
쓱쓱,Noun,2,0,,
쓴맛,Noun,3,0,,
쓴소리,Noun,1,0,,
씐나,Noun,1,0,,
씨바,Noun,1,0,,
씨유,Noun,2,0,,
씼어,Noun,1,0,,
아가,Noun,1,0,,
아구,Noun,1,0,,
아기,Noun,8,0,,
아내,Noun,8,0,,
아닐런,Noun,1,0,,
아동,Noun,1,0,,
아두,Noun,1,0,,
아드님,Noun,1,0,,
아드득,Noun,1,0,,
아들,Noun,12,0,,
아랑곳,Noun,1,0,,
아래,Noun,11,0,,
아래쪽,Noun,1,0,,
아랫사람,Noun,1,0,,
아롱사태,Noun,1,0,,
아리,Noun,1,0,,
아리랑,Noun,1,0,,
아마,Noun,12,0,,
아무,Noun,15,0,,
아버지,Noun,1,0,,
아보,Noun,2,0,,
아부,Noun,1,0,,
아빠,Noun,9,0,,
아숩,Noun,3,-2,,
아쉬움,Noun,9,-2,,
아시,Noun,4,0,,
아아,Noun,1,0,,
아악,Noun,2,0,,
아앙,Noun,1,0,,
아영,Noun,2,0,,
아예,Noun,14,0,,
아우,Noun,1,0,,
아유,Noun,2,0,,
아이,Noun,91,0,,
아이돌,Noun,1,0,,
아이스,Noun,1,0,,
아이스크림,Noun,6,0,,
아이콘,Noun,1,0,,
아작,Noun,1,0,,
아저씨,Noun,6,0,,
아주,Noun,143,0,,
아주머니,Noun,19,0,,
아줌마,Noun,16,0,,
아쥬,Noun,1,0,,
아지트,Noun,1,0,,
아차산,Noun,1,0,,
아치,Noun,1,0,,
아침,Noun,27,0,,
아침밥,Noun,1,0,,
아침식사,Noun,2,0,,
아파트,Noun,1,0,,
아픔,Noun,2,0,,
아현,Noun,2,0,,
아현동,Noun,1,0,,
악마,Noun,1,0,,
악재,Noun,1,0,,
악플,Noun,3,0,,
안감,Noun,3,0,,
안경,Noun,4,0,,
안고,Noun,1,0,,
안나,Noun,67,0,,
안남,Noun,4,0,,
안내,Noun,45,0,,
안내견,Noun,1,0,,
안녕,Noun,1,0,,
안달,Noun,1,0,,
안도,Noun,2,0,,
안뒤,Noun,1,0,,
안드네,Noun,1,0,,
안배,Noun,2,0,,
안보,Noun,5,0,,
안산,Noun,1,0,,
안성탕면,Noun,2,0,,
안심,Noun,3,0,,
안이,Noun,3,0,,
안전,Noun,1,0,,
안정,Noun,1,0,,
안정감,Noun,1,1,,
안주,Noun,138,0,,
안주시,Noun,1,0,,
안주인,Noun,1,0,,
안중,Noun,1,0,,
안쥬,Noun,1,0,,
안질,Noun,3,0,,
안쪽,Noun,16,0,,
안타,Noun,1,0,,
안함,Noun,7,0,,
안해,Noun,10,0,,
알겐,Noun,1,0,,
알겟슴,Noun,1,0,,
알덴떼,Noun,1,0,,
알도,Noun,1,0,,
알림,Noun,2,0,,
알바,Noun,19,0,,
알바생,Noun,21,0,,
알밥,Noun,3,0,,
알법,Noun,1,0,,
알쌈,Noun,1,0,,
알알이,Noun,2,0,,
알짝,Noun,1,0,,
알코올,Noun,1,0,,
알콜,Noun,4,0,,
압구정,Noun,1,0,,
압권,Noun,1,2,,
압니,Noun,3,0,,
압도,Noun,10,0,,
압박,Noun,1,0,,
압승,Noun,1,0,,
압승임,Noun,1,0,,
앞니,Noun,1,0,,
앞다리,Noun,8,0,,
앞뒤,Noun,2,0,,
앞서,Noun,1,0,,
앞전,Noun,1,0,,
앞쪽,Noun,3,0,,
앞치마,Noun,7,0,,
애견,Noun,2,0,,
애기,Noun,2,0,,
애도,Noun,1,0,,
애동지,Noun,1,0,,
애벌레,Noun,1,0,,
애오개역,Noun,2,0,,
애용,Noun,5,0,,
애인,Noun,1,0,,
애인픽,Noun,1,2,,
애정,Noun,6,0,,
애초,Noun,1,0,,
애플,Noun,4,0,,
애호박,Noun,1,0,,
액션,Noun,1,0,,
앤드,Noun,2,0,,
야곱,Noun,6,0,,
야구장,Noun,1,0,,
야근,Noun,1,0,,
야기,Noun,1,0,,
야들야들,Noun,23,1,,
야르,Noun,5,0,,
야생,Noun,2,0,,
야식,Noun,2,0,,
야외,Noun,30,0,,
야장,Noun,51,0,,
야채,Noun,88,2,,
약간,Noun,80,0,,
약방,Noun,1,0,,
약속,Noun,11,0,,
약시,Noun,1,0,,
약차,Noun,1,0,,
약탕기,Noun,1,0,,
양귀비,Noun,2,0,,
양념,Noun,191,0,,
양념장,Noun,25,0,,
양도,Noun,297,0,,
양반,Noun,2,0,,
양배추,Noun,21,0,,
양보,Noun,5,0,,
양산,Noun,1,0,,
양식,Noun,35,0,,
양심,Noun,3,0,,
양으로,Noun,3,0,,
양은,Noun,46,0,,
양적,Noun,1,0,,
양지,Noun,13,0,,
양지머리,Noun,1,0,,
양파,Noun,12,0,,
양파챱,Noun,1,0,,
양해,Noun,3,0,,
얘기,Noun,37,0,,
얘길,Noun,1,0,,
어간,Noun,9,0,,
어감,Noun,1,0,,
어갔다,Noun,1,0,,
어기,Noun,1,0,,
어깨,Noun,3,0,,
어닝,Noun,1,0,,
어도,Noun,2,0,,
어디,Noun,30,0,,
어디가,Noun,2,0,,
어딘가,Noun,2,0,,
어떡,Noun,1,0,,
어랏,Noun,1,0,,
어르신,Noun,15,0,,
어른,Noun,14,0,,
어린이,Noun,2,0,,
어마,Noun,1,0,,
어매,Noun,1,0,,
어먄,Noun,1,0,,
어머니,Noun,7,0,,
어머님,Noun,1,0,,
어무,Noun,1,0,,
어무니,Noun,1,0,,
어묵,Noun,7,0,,
어버이,Noun,1,0,,
어번,Noun,1,0,,
어보,Noun,3,0,,
어빠,Noun,1,0,,
어서,Noun,8,0,,
어슬렁,Noun,2,0,,
어어,Noun,10,0,,
어요,Noun,4,0,,
어울네,Noun,1,0,,
어울림,Noun,4,0,,
어유,Noun,5,0,,
어이,Noun,9,0,,
어있어,Noun,1,0,,
어제,Noun,3,0,,
어줍짢,Noun,1,0,,
어째서,Noun,1,0,,
어쨋,Noun,1,0,,
어쨌든,Noun,3,0,,
어쩌,Noun,2,0,,
어쩌냐네,Noun,1,0,,
어쩐지,Noun,1,0,,
어쩜,Noun,1,0,,
어쩜이리,Noun,1,0,,
어찌,Noun,3,0,,
어차피,Noun,2,0,,
어처구니,Noun,1,0,,
어치,Noun,1,0,,
어투,Noun,1,0,,
어플,Noun,5,0,,
억지로,Noun,4,0,,
언급,Noun,4,0,,
언니,Noun,10,0,,
언제,Noun,26,0,,
언행,Noun,1,0,,
얼굴,Noun,4,0,,
얼렁,Noun,1,0,,
얼룩,Noun,2,0,,
얼른,Noun,5,0,,
얼마,Noun,17,0,,
얼마나,Noun,22,0,,
얼씬,Noun,1,0,,
얼음,Noun,33,0,,
얼큰힌,Noun,1,0,,
얼타,Noun,1,0,,
얼핏,Noun,1,0,,
얼후,Noun,1,0,,
엄마,Noun,30,0,,
엄뫄,Noun,1,0,,
엄쓸껴,Noun,1,0,,
엄지,Noun,4,0,,
업그레이드,Noun,2,0,,
업데이트,Noun,1,0,,
업소,Noun,1,0,,
업업업,Noun,1,0,,
없슴,Noun,1,0,,
엇그제,Noun,1,0,,
엇습,Noun,2,0,,
엇어,Noun,3,0,,
엇음,Noun,1,0,,
었습,Noun,1,0,,
었습니,Noun,1,0,,
엉덩이,Noun,1,0,,
엉망,Noun,4,-2,,
엊그제,Noun,1,0,,
에고,Noun,1,0,,
에너지,Noun,1,0,,
에두,Noun,1,0,,
에듀,Noun,1,0,,
에르메스,Noun,1,0,,
에바,Noun,3,0,,
에어컨,Noun,9,0,,
에어콘,Noun,1,0,,
에일,Noun,1,0,,
에피타이저,Noun,3,0,,
엠씨몽,Noun,2,0,,
여기,Noun,266,0,,
여기저기,Noun,8,0,,
여느,Noun,1,0,,
여덟,Noun,1,0,,
여덟시,Noun,1,0,,
여동생,Noun,2,0,,
여러,Noun,8,2,,
여러가지,Noun,15,0,,
여러분,Noun,9,0,,
여럿,Noun,13,0,,
여론,Noun,1,0,,
여름,Noun,33,0,,
여름날,Noun,1,0,,
여름철,Noun,6,0,,
여명,Noun,1,0,,
여분,Noun,3,0,,
여사,Noun,1,0,,
여서,Noun,3,0,,
여섯시,Noun,1,0,,
여성,Noun,7,0,,
여요,Noun,1,0,,
여운,Noun,1,0,,
여유,Noun,8,0,,
여윽시,Noun,2,0,,
여의도,Noun,4,0,,
여자,Noun,30,0,,
여자친구,Noun,39,0,,
여주,Noun,1,0,,
여직원,Noun,6,0,,
여진,Noun,1,0,,
여친,Noun,1,0,,
여타,Noun,1,0,,
여태,Noun,6,0,,
여파,Noun,1,0,,
여하튼,Noun,1,0,,
여학생,Noun,2,0,,
여행,Noun,25,0,,
여행가,Noun,2,0,,
역대,Noun,3,0,,
역사,Noun,2,0,,
역삼,Noun,1,0,,
역쉬,Noun,3,0,,
역시,Noun,140,0,,
역점,Noun,6,0,,
역할,Noun,2,0,,
연관,Noun,1,0,,
연기,Noun,1,0,,
연남,Noun,1,0,,
연남동,Noun,1,0,,
연달,Noun,2,0,,
연락,Noun,3,0,,
연령,Noun,2,0,,
연로,Noun,1,0,,
연말,Noun,19,0,,
연못,Noun,1,0,,
연상,Noun,2,0,,
연세,Noun,1,0,,
연속,Noun,5,0,,
연애,Noun,2,0,,
연예,Noun,2,0,,
연예인,Noun,8,0,,
연인,Noun,17,0,,
연중,Noun,1,0,,
연초,Noun,2,0,,
연하,Noun,1,0,,
연한,Noun,2,0,,
연해,Noun,2,0,,
연휴,Noun,6,0,,
연희,Noun,2,0,,
엳시,Noun,1,0,,
열기,Noun,5,0,,
열무,Noun,1,0,,
열무김치,Noun,2,0,,
열씨,Noun,1,0,,
열풍,Noun,1,2,,
염도,Noun,7,0,,
염리,Noun,1,0,,
염리동,Noun,3,0,,
염분,Noun,1,0,,
염색,Noun,1,0,,
엽기,Noun,2,0,,
엽닭,Noun,1,0,,
엽떡,Noun,4,0,,
엽전,Noun,1,0,,
영광,Noun,1,0,,
영등포역,Noun,1,0,,
영상,Noun,7,0,,
영수증,Noun,15,0,,
영어,Noun,7,0,,
영업,Noun,20,0,,
영업방해,Noun,1,0,,
영점,Noun,1,0,,
영접,Noun,3,0,,
영향,Noun,2,0,,
영혼,Noun,2,0,,
영화,Noun,1,0,,
옆문,Noun,1,0,,
옆방,Noun,1,0,,
옆집,Noun,6,0,,
옆쪽,Noun,3,0,,
예감,Noun,1,0,,
예나,Noun,3,0,,
예민,Noun,1,0,,
예비신랑,Noun,1,0,,
예산,Noun,1,0,,
예상,Noun,13,0,,
예술,Noun,16,0,,
예약,Noun,126,0,,
예약금,Noun,1,0,,
예의,Noun,3,0,,
예전,Noun,76,0,,
예정,Noun,54,0,,
예제,Noun,1,0,,
옛날,Noun,26,0,,
오가리,Noun,2,0,,
오거,Noun,2,0,,
오기,Noun,55,0,,
오냐,Noun,1,0,,
오늘,Noun,159,0,,
오늘이,Noun,1,0,,
오니,Noun,6,0,,
오뎅,Noun,9,0,,
오든,Noun,2,0,,
오디션,Noun,1,0,,
오뚜기,Noun,1,0,,
오래오래,Noun,12,0,,
오랬다,Noun,1,0,,
오렌지,Noun,2,0,,
오른,Noun,3,0,,
오름,Noun,3,0,,
오리,Noun,2,2,,
오마이갓,Noun,1,0,,
오몀좋,Noun,1,0,,
오문,Noun,1,0,,
오믈,Noun,1,0,,
오미자,Noun,2,0,,
오발탄,Noun,1,0,,
오분,Noun,1,0,,
오빠,Noun,2,0,,
오산,Noun,1,0,,
오성,Noun,1,0,,
오셧으,Noun,1,0,,
오스,Noun,5,0,,
오시,Noun,27,0,,
오신,Noun,4,0,,
오심,Noun,2,0,,
오오오,Noun,1,0,,
오이,Noun,8,0,,
오일,Noun,4,0,,
오일이,Noun,2,0,,
오자,Noun,5,0,,
오전,Noun,15,0,,
오줌,Noun,2,0,,
오지,Noun,13,0,,
오직,Noun,1,0,,
오징어,Noun,6,0,,
오차즈케,Noun,1,0,,
오천원,Noun,1,0,,
오파,Noun,1,0,,
오픈,Noun,84,0,,
오픈런,Noun,10,0,,
오해,Noun,3,0,,
오향,Noun,2,0,,
오후,Noun,41,0,,
오히려,Noun,43,0,,
옥동,Noun,56,0,,
옥보단,Noun,1,0,,
옥수수,Noun,5,0,,
온갖,Noun,1,0,,
온건,Noun,2,0,,
온기,Noun,2,0,,
온대,Noun,1,0,,
온도,Noun,19,0,,
온라인,Noun,5,0,,
온통,Noun,1,0,,
올게욤,Noun,1,0,,
올때므,Noun,1,0,,
올랏지,Noun,1,0,,
올리브,Noun,1,0,,
올리브영,Noun,1,0,,
올리브유,Noun,1,0,,
올림픽경기,Noun,1,0,,
올여름,Noun,1,0,,
올인,Noun,1,0,,
올해,Noun,8,0,,
옴총,Noun,1,0,,
옵션,Noun,4,0,,
옹기종기,Noun,1,0,,
와글,Noun,1,0,,
와사비,Noun,10,0,,
와우,Noun,4,0,,
와이프,Noun,11,0,,
와인,Noun,40,0,,
와일드,Noun,1,0,,
와중,Noun,10,0,,
왁자버끌하,Noun,1,0,,
완냉,Noun,2,0,,
완냉못함,Noun,1,0,,
완뚝,Noun,2,0,,
완뚝이,Noun,1,0,,
완료,Noun,4,0,,
완맛입니,Noun,1,2,,
완맛탱,Noun,1,2,,
완밥,Noun,1,0,,
완벽,Noun,7,2,,
완비,Noun,1,0,,
완성,Noun,6,0,,
완성형,Noun,1,0,,
완전,Noun,190,1.4,1,
완젼,Noun,3,1.4,1,
완조,Noun,1,0,,
완존,Noun,5,1.4,1,
완죤,Noun,1,1.4,1,
완쾌,Noun,1,0,,
완탕,Noun,1,0,,
왈왈,Noun,2,0,,
왐마,Noun,2,0,,
왓는데,Noun,7,0,,
왓다,Noun,1,0,,
왓다갓다,Noun,1,0,,
왓습,Noun,1,0,,
왓어염,Noun,1,0,,
왔댜,Noun,1,0,,
왔숩니,Noun,1,0,,
왔어욤,Noun,2,0,,
왕맛,Noun,1,2,,
왕사,Noun,1,0,,
왕십리,Noun,1,0,,
왕왕,Noun,1,0,,
왕창,Noun,9,1.2,1,
왕추,Noun,1,0,,
왜냐면,Noun,1,0,,
왜인,Noun,1,0,,
외곽,Noun,1,0,,
외관,Noun,4,0,,
외국,Noun,27,0,,
외국인,Noun,167,0,,
외길,Noun,1,0,,
외보,Noun,1,0,,
외볼,Noun,1,0,,
외부,Noun,8,0,,
외식,Noun,8,0,,
외출,Noun,1,0,,
외치,Noun,1,0,,
외투,Noun,1,0,,
왼쪽,Noun,2,0,,
요거트,Noun,5,0,,
요건,Noun,1,0,,
요것,Noun,2,0,,
요구,Noun,4,0,,
요금,Noun,4,0,,
요기,Noun,10,0,,
요긴,Noun,1,0,,
요런,Noun,2,0,,
요롷,Noun,1,0,,
요리,Noun,75,0,,
요리사,Noun,17,0,,
요물,Noun,1,0,,
요미,Noun,2,0,,
요새,Noun,9,0,,
요소,Noun,2,0,,
요식업,Noun,2,0,,
요요,Noun,2,0,,
요일,Noun,1,0,,
요즘,Noun,75,0,,
요청,Noun,30,0,,
요행,Noun,1,0,,
욕설,Noun,1,0,,
욕심,Noun,3,0,,
용기,Noun,10,0,,
용도,Noun,1,0,,
용법,Noun,1,0,,
용산,Noun,10,0,,
용서,Noun,1,0,,
용소,Noun,1,0,,
용이,Noun,1,0,,
우거지,Noun,68,0,,
우대,Noun,16,0,,
우동,Noun,7,0,,
우러,Noun,3,0,,
우러나,Noun,1,0,,
우레,Noun,1,0,,
우려,Noun,9,0,,
우리,Noun,53,2,,
우리나라,Noun,7,0,,
우리동네,Noun,1,0,,
우린,Noun,3,0,,
우마,Noun,5,0,,
우삼겹,Noun,2,0,,
우선,Noun,21,0,,
우세,Noun,1,0,,
우소,Noun,1,0,,
우여곡절,Noun,1,0,,
우연,Noun,1,0,,
우연찮,Noun,1,0,,
우열,Noun,1,0,,
우왕좌왕,Noun,1,0,,
우욱,Noun,1,0,,
우울증,Noun,1,0,,
우웩,Noun,1,0,,
우유,Noun,2,0,,
우전,Noun,1,0,,
우정,Noun,3,0,,
우파,Noun,1,0,,
우하하,Noun,1,0,,
우회,Noun,1,0,,
욱여넣,Noun,1,0,,
운동,Noun,3,0,,
운빨,Noun,1,0,,
운영,Noun,18,0,,
운용,Noun,1,0,,
운전,Noun,2,0,,
운행,Noun,1,0,,
울면,Noun,1,0,,
움직,Noun,1,0,,
웁스,Noun,1,0,,
웃기,Noun,1,0,,
웃음,Noun,2,0,,
웅장,Noun,1,0,,
워낙,Noun,30,0,,
워리어,Noun,1,0,,
워밍,Noun,1,0,,
워터,Noun,1,0,,
워프,Noun,2,0,,
원격,Noun,6,0,,
원격웨이팅,Noun,2,0,,
원기,Noun,1,0,,
원래,Noun,61,0,,
원망,Noun,1,-2,,
원산지,Noun,3,1,,
원숭이,Noun,1,0,,
원인,Noun,1,0,,
원일,Noun,1,0,,
원조,Noun,1,0,,
원주고,Noun,1,0,,
원칙,Noun,2,0,,
원픽,Noun,4,1,,
월강,Noun,1,0,,
월계수,Noun,1,0,,
월세,Noun,1,0,,
월요일,Noun,13,0,,
월욜,Noun,1,0,,
웠습,Noun,1,0,,
웨어,Noun,1,0,,
웨이,Noun,455,0,,
웨이팅,Noun,271,0,,
웨이팅많,Noun,1,0,,
웨이팅할까,Noun,1,0,,
웬걸,Noun,2,0,,
위기,Noun,1,0,,
위너,Noun,1,0,,
위로,Noun,3,0,,
위생,Noun,74,0,,
위스키,Noun,11,0,,
위압,Noun,1,0,,
위인,Noun,1,0,,
위장,Noun,2,0,,
위주,Noun,8,0,,
위치,Noun,21,0,,
위해,Noun,25,0,,
윗쪽,Noun,1,0,,
유가,Noun,2,0,,
유경,Noun,1,0,,
유기,Noun,4,0,,
유기농,Noun,1,0,,
유니크,Noun,2,0,,
유도,Noun,2,0,,
유독,Noun,5,0,,
유럽인,Noun,1,0,,
유료,Noun,3,0,,
유리,Noun,1,0,,
유명,Noun,16,0,,
유명인,Noun,2,0,,
유모차,Noun,2,0,,
유무,Noun,1,0,,
유분수,Noun,1,0,,
유사,Noun,1,0,,
유수지,Noun,3,0,,
유아,Noun,1,0,,
유재석,Noun,1,0,,
유지,Noun,9,0,,
유투,Noun,1,0,,
유투브,Noun,1,0,,
유튜버,Noun,9,0,,
유튜브,Noun,9,0,,
유행,Noun,1,0,,
유혹,Noun,1,0,,
육각형,Noun,2,0,,
육류,Noun,1,0,,
육수,Noun,190,0,,
육전,Noun,74,0,,
육즙,Noun,57,0,,
육지,Noun,21,0,,
육질,Noun,13,0,,
육회,Noun,208,0,,
윤기,Noun,5,0,,
윤끼,Noun,1,0,,
율도,Noun,4,0,,
율숲,Noun,1,0,,
융합,Noun,1,0,,
으뜸,Noun,1,0,,
으루,Noun,2,0,,
으쓱,Noun,1,0,,
은근,Noun,20,0,,
은색,Noun,1,0,,
은줄,Noun,1,0,,
은지,Noun,1,0,,
은진,Noun,1,0,,
은피,Noun,2,0,,
은하계,Noun,1,0,,
을미,Noun,1,0,,
을밀대,Noun,100,0,,
을지로,Noun,1,0,,
을해,Noun,1,0,,
음료,Noun,10,0,,
음료수,Noun,3,0,,
음미,Noun,2,0,,
음성,Noun,1,0,,
음식,Noun,763,0,,
음식물,Noun,3,0,,
음식사진,Noun,3,0,,
음식점,Noun,29,0,,
음악,Noun,10,0,,
음청,Noun,1,0,,
읍니,Noun,7,0,,
응대,Noun,75,0,,
응원,Noun,2,0,,
의견,Noun,2,0,,
의기,Noun,2,0,,
의도,Noun,8,0,,
의무,Noun,1,0,,
의문,Noun,13,0,,
의미,Noun,4,0,,
의비,Noun,1,0,,
의사,Noun,152,0,,
의사소통,Noun,1,0,,
의심,Noun,12,0,,
의아,Noun,4,0,,
의외,Noun,2,0,,
의원,Noun,1,0,,
의의,Noun,1,0,,
의자,Noun,14,0,,
의정부,Noun,2,0,,
의조,Noun,1,0,,
의향,Noun,8,0,,
이간,Noun,4,0,,
이감,Noun,1,0,,
이구,Noun,6,0,,
이군,Noun,1,0,,
이글,Noun,3,0,,
이기,Noun,2,0,,
이나,Noun,4,0,,
이내,Noun,4,0,,
이늑,Noun,2,0,,
이닌듯,Noun,1,0,,
이대,Noun,1,0,,
이도,Noun,1,0,,
이돈,Noun,3,0,,
이동,Noun,7,0,,
이드,Noun,3,0,,
이득,Noun,1,0,,
이듭,Noun,1,0,,
이디야,Noun,5,0,,
이따,Noun,1,0,,
이란,Noun,3,0,,
이랗,Noun,1,0,,
이뤃,Noun,1,0,,
이름,Noun,31,0,,
이마트,Noun,1,0,,
이만,Noun,8,0,,
이만원,Noun,2,0,,
이만이천원,Noun,1,0,,
이면,Noun,25,0,,
이모,Noun,30,0,,
이미지,Noun,2,0,,
이번,Noun,71,0,,
이벤트,Noun,43,0,,
이보,Noun,2,0,,
이분,Noun,2,0,,
이불,Noun,1,0,,
이빨,Noun,2,0,,
이사,Noun,7,0,,
이사오,Noun,1,0,,
이산,Noun,1,0,,
이상,Noun,74,0,,
이상만,Noun,1,0,,
이상은,Noun,5,0,,
이상인,Noun,1,0,,
이색,Noun,7,0,,
이서,Noun,29,0,,
이선,Noun,1,0,,
이세,Noun,3,0,,
이슈,Noun,3,0,,
이슬,Noun,1,0,,
이신,Noun,1,0,,
이심,Noun,1,0,,
이야기,Noun,20,0,,
이어도,Noun,1,0,,
이엠,Noun,1,0,,
이영지,Noun,1,0,,
이예,Noun,4,0,,
이오,Noun,1,0,,
이왕이면,Noun,1,0,,
이용,Noun,42,0,,
이웃집,Noun,1,0,,
이유,Noun,89,0,,
이율,Noun,1,0,,
이인,Noun,1,0,,
이입,Noun,1,0,,
이자,Noun,4,0,,
이자카야,Noun,1,0,,
이전,Noun,11,0,,
이정,Noun,6,0,,
이정식,Noun,1,0,,
이제,Noun,56,0,,
이제야,Noun,6,0,,
이주,Noun,1,0,,
이주승,Noun,2,0,,
이중,Noun,1,0,,
이즈,Noun,3,0,,
이지,Noun,2,0,,
이지영,Noun,1,0,,
이진,Noun,1,0,,
이집,Noun,22,0,,
이징,Noun,2,0,,
이차,Noun,2,0,,
이착륙,Noun,1,0,,
이채,Noun,1,0,,
이천원,Noun,1,0,,
이체,Noun,1,0,,
이태리,Noun,41,0,,
이틀,Noun,7,0,,
이하,Noun,18,0,,
이하나,Noun,1,0,,
이해,Noun,50,0,,
이형,Noun,2,0,,
이후,Noun,25,0,,
익숙,Noun,1,0,,
익음,Noun,2,0,,
읶얶는데,Noun,1,0,,
인간,Noun,4,0,,
인간미,Noun,1,0,,
인건비,Noun,1,0,,
인과,Noun,1,0,,
인근,Noun,10,0,,
인기,Noun,50,0,,
인대,Noun,1,0,,
인도,Noun,3,0,,
인도네시아,Noun,1,0,,
인디밴드,Noun,1,0,,
인력,Noun,1,0,,
인별,Noun,1,0,,
인분,Noun,92,0,,
인사,Noun,15,0,,
인산인해,Noun,1,0,,
인상,Noun,42,0,,
인생,Noun,36,0,,
인석,Noun,14,0,,
인성,Noun,4,0,,
인수,Noun,1,0,,
인스타,Noun,14,0,,
인시,Noun,2,0,,
인식,Noun,1,0,,
인심,Noun,5,0,,
인용,Noun,2,0,,
인원,Noun,21,0,,
인위,Noun,3,0,,
인장,Noun,1,0,,
인적,Noun,1,0,,
인절미,Noun,1,0,,
인정,Noun,37,0,,
인정식,Noun,2,0,,
인정이,Noun,1,0,,
인증,Noun,10,0,,
인지,Noun,24,0,,
인지도,Noun,4,0,,
인천,Noun,1,0,,
인충,Noun,1,0,,
인칭,Noun,1,0,,
인터넷,Noun,1,0,,
인테리어,Noun,83,0,,
인팀,Noun,1,0,,
인평,Noun,1,0,,
일가견,Noun,1,0,,
일관,Noun,2,0,,
일단,Noun,88,0,,
일대,Noun,1,0,,
일도,Noun,1,0,,
일드,Noun,2,0,,
일등,Noun,25,0,,
일루,Noun,2,0,,
일리,Noun,3,0,,
일미,Noun,1,0,,
일반,Noun,61,0,,
일반도,Noun,1,0,,
일본,Noun,17,0,,
일본사람,Noun,2,0,,
일본인,Noun,18,0,,
일부,Noun,4,0,,
일부러,Noun,20,0,,
일부분,Noun,1,0,,
일산,Noun,4,0,,
일상,Noun,2,0,,
일시,Noun,1,0,,
일식,Noun,1,0,,
일식집,Noun,1,0,,
일오,Noun,1,0,,
일요일,Noun,26,0,,
일욜,Noun,2,0,,
일이,Noun,7,0,,
일이구,Noun,1,0,,
일인,Noun,5,0,,
일일,Noun,1,0,,
일일이,Noun,1,0,,
일전,Noun,2,0,,
일절,Noun,2,0,,
일정,Noun,3,0,,
일주일,Noun,6,0,,
일지,Noun,5,0,,
일찍,Noun,25,0,,
일차,Noun,1,0,,
일품,Noun,22,2,,
일행,Noun,22,0,,
일회용,Noun,1,0,,
임박,Noun,1,0,,
임산부,Noun,1,0,,
임신,Noun,1,0,,
임영웅,Noun,3,0,,
임원,Noun,1,0,,
임이도,Noun,1,0,,
임자,Noun,1,0,,
임차,Noun,1,0,,
임팩,Noun,1,0,,
임팩트,Noun,2,0,,
입가,Noun,1,0,,
입가심,Noun,7,0,,
입구,Noun,26,0,,
입국,Noun,1,0,,
입대,Noun,1,0,,
입도,Noun,4,0,,
입맛,Noun,83,0,,
입문,Noun,13,0,,
입성,Noun,3,0,,
입속,Noun,4,0,,
입술,Noun,1,0,,
입안,Noun,23,0,,
입장,Noun,166,0,,
입지,Noun,2,0,,
입하,Noun,2,0,,
있슴,Noun,1,0,,
있었름,Noun,1,0,,
자갈,Noun,1,0,,
자고,Noun,2,0,,
자고로,Noun,1,0,,
자국,Noun,2,0,,
자극,Noun,127,-1,,
자기,Noun,16,0,,
자꾸,Noun,31,1.4,1,
자꾸만,Noun,1,0,,
자도,Noun,2,0,,
자동,Noun,1,0,,
자동화,Noun,1,0,,
자라,Noun,1,0,,
자락,Noun,1,0,,
자랑,Noun,6,0,,
자로,Noun,2,0,,
자루,Noun,1,0,,
자리,Noun,162,0,,
자릿수,Noun,1,0,,
자마자,Noun,12,0,,
자매,Noun,1,0,,
자몽,Noun,1,0,,
자발,Noun,1,0,,
자부,Noun,1,0,,
자부심,Noun,1,0,,
자비,Noun,1,0,,
자세,Noun,2,0,,
자숙,Noun,1,0,,
자식,Noun,1,0,,
자신,Noun,9,0,,
자알,Noun,1,0,,
자연,Noun,5,0,,
자유로,Noun,2,0,,
자의,Noun,3,0,,
자재,Noun,2,0,,
자전거,Noun,1,0,,
자존심,Noun,1,0,,
자주,Noun,152,0,,
자차,Noun,1,0,,
자체,Noun,68,0,,
자칫,Noun,2,0,,
자칫하면,Noun,1,0,,
자타공인,Noun,1,0,,
자태,Noun,1,0,,
자투리,Noun,2,0,,
작가,Noun,1,0,,
작고,Noun,6,0,,
작년,Noun,6,0,,
작성,Noun,11,0,,
작성자,Noun,1,0,,
작용,Noun,1,0,,
작자,Noun,1,0,,
작전,Noun,1,0,,
잔득,Noun,1,0,,
잔뜩,Noun,11,0,,
잔반,Noun,1,0,,
잔소리,Noun,1,0,,
잔술,Noun,7,0,,
잔치,Noun,1,0,,
잘먹슺니,Noun,1,0,,
잘먹엇습니,Noun,1,0,,
잘먹엇어,Noun,1,0,,
잘못,Noun,17,0,,
잘해야,Noun,1,0,,
잠깐,Noun,4,0,,
잠시,Noun,4,0,,
잠실,Noun,3,0,,
잠심,Noun,1,0,,
잡고,Noun,9,0,,
잡담,Noun,2,0,,
잡식,Noun,1,0,,
잡채,Noun,3,0,,
장갑,Noun,6,0,,
장난,Noun,21,0,,
장님,Noun,12,0,,
장닝,Noun,1,0,,
장담,Noun,1,0,,
장만,Noun,1,0,,
장모님,Noun,1,0,,
장벽,Noun,1,0,,
장부,Noun,1,0,,
장사,Noun,49,0,,
장소,Noun,75,0,,
장소라,Noun,1,0,,
장수,Noun,2,0,,
장아찌,Noun,12,0,,
장안,Noun,3,0,,
장염,Noun,3,0,,
장위,Noun,1,0,,
장인,Noun,42,0,,
장인어른,Noun,1,0,,
장임,Noun,1,0,,
장점,Noun,24,0,,
장제,Noun,1,0,,
장조림,Noun,4,0,,
장창,Noun,1,0,,
장첸,Noun,1,0,,
장충,Noun,1,0,,
장충동,Noun,1,0,,
장탕,Noun,14,0,,
장통,Noun,3,0,,
장판,Noun,1,0,,
장해,Noun,2,0,,
재능,Noun,1,0,,
재도,Noun,1,0,,
재료,Noun,63,0,,
재미,Noun,16,0,,
재미나,Noun,2,0,,
재방,Noun,1,0,,
재방뭉,Noun,1,2,,
재방뮨,Noun,1,2,,
재벌,Noun,1,0,,
재사용,Noun,6,0,,
재산,Noun,1,0,,
재작년,Noun,1,0,,
재정,Noun,1,0,,
재주,Noun,2,0,,
재청,Noun,1,0,,
재촉,Noun,4,0,,
재치,Noun,2,0,,
재활용,Noun,4,0,,
쟁반,Noun,12,0,,
쟈글쟈글,Noun,1,0,,
쟐되,Noun,1,0,,
저걸,Noun,1,0,,
저격,Noun,8,0,,
저기,Noun,4,0,,
저녁,Noun,173,0,,
저녁때,Noun,1,0,,
저녁밥,Noun,1,0,,
저녁식사,Noun,6,0,,
저따위,Noun,1,0,,
저런,Noun,2,0,,
저렴,Noun,2,0,,
저리,Noun,1,0,,
저번,Noun,18,0,,
저서,Noun,3,0,,
저장,Noun,6,0,,
저절로,Noun,2,0,,
저조,Noun,1,0,,
저택,Noun,1,0,,
저항,Noun,1,0,,
저희,Noun,79,0,,
적극,Noun,4,0,,
적당,Noun,3,1,,
적도,Noun,4,0,,
적발,Noun,1,0,,
적수,Noun,1,0,,
적신,Noun,2,0,,
적용,Noun,2,0,,
적응,Noun,1,0,,
적임,Noun,4,0,,
적절,Noun,1,0,,
적지,Noun,12,0,,
전골,Noun,84,0,,
전공,Noun,1,0,,
전과,Noun,4,0,,
전국,Noun,3,0,,
전국구,Noun,1,0,,
전날,Noun,3,0,,
전도,Noun,39,0,,
전동,Noun,1,0,,
전락,Noun,1,0,,
전략,Noun,1,0,,
전만,Noun,1,0,,
전문,Noun,4,0,,
전문가,Noun,4,0,,
전문성,Noun,1,0,,
전문점,Noun,8,0,,
전반,Noun,41,0,,
전방,Noun,1,0,,
전병,Noun,24,0,,
전보,Noun,2,0,,
전부,Noun,38,0,,
전분,Noun,3,0,,
전설,Noun,2,0,,
전세계,Noun,1,0,,
전술,Noun,1,0,,
전시,Noun,1,0,,
전시관,Noun,1,0,,
전용,Noun,3,0,,
전의,Noun,1,0,,
전이,Noun,29,0,,
전자,Noun,1,0,,
전쟁,Noun,1,0,,
전주,Noun,1,0,,
전지,Noun,2,0,,
전체,Noun,99,0,,
전축,Noun,1,0,,
전통,Noun,13,0,,
전통주,Noun,2,0,,
전하,Noun,1,0,,
전해,Noun,1,0,,
전혀,Noun,45,1.6,1,
전현무,Noun,6,0,,
전형,Noun,5,0,,
전화,Noun,7,0,,
전화통화,Noun,1,0,,
전후,Noun,1,0,,
절기,Noun,3,0,,
절대,Noun,45,0,,
절대로,Noun,1,0,,
절뚝,Noun,1,0,,
절로,Noun,5,0,,
절반,Noun,15,0,,
절실,Noun,1,0,,
절음,Noun,1,0,,
절이도,Noun,1,0,,
절임,Noun,11,0,,
절제,Noun,2,0,,
절하,Noun,1,0,,
젊은이,Noun,3,0,,
점검,Noun,1,0,,
점겸,Noun,1,0,,
점도,Noun,12,0,,
점수,Noun,4,0,,
점심,Noun,186,0,,
점심때,Noun,10,0,,
점심밥,Noun,3,0,,
점심시간,Noun,41,0,,
점심식사,Noun,7,0,,
점원,Noun,5,0,,
점점,Noun,15,0,,
점정,Noun,1,0,,
점차,Noun,1,0,,
접객,Noun,4,0,,
접근성,Noun,11,0,,
접대,Noun,1,0,,
접목,Noun,2,0,,
접선,Noun,1,0,,
접수,Noun,1,0,,
접시,Noun,31,0,,
접해,Noun,1,0,,
젓가락,Noun,16,0,,
젓갈,Noun,15,0,,
젓국,Noun,2,0,,
정가,Noun,1,0,,
정감,Noun,1,0,,
정겨운,Noun,3,1,,
정답,Noun,2,0,,
정도,Noun,387,0,,
정돈,Noun,6,0,,
정량,Noun,4,0,,
정리,Noun,21,0,,
정막,Noun,1,2,,
정말,Noun,556,0,,
정망,Noun,2,0,,
정면,Noun,1,0,,
정문,Noun,4,0,,
정물,Noun,1,0,,
정보,Noun,2,0,,
정산,Noun,1,0,,
정상,Noun,3,0,,
정서,Noun,1,0,,
정석,Noun,7,0,,
정성,Noun,19,1,,
정성껏,Noun,4,0,,
정수,Noun,6,0,,
정수기,Noun,1,0,,
정수리,Noun,1,0,,
정식,Noun,219,0,,
정신,Noun,42,0,,
정싱없어,Noun,1,0,,
정오,Noun,3,0,,
정원,Noun,4,0,,
정이,Noun,4,0,,
정이지,Noun,1,0,,
정인,Noun,2,0,,
정작,Noun,1,0,,
정점,Noun,5,0,,
정제,Noun,1,0,,
정종,Noun,1,0,,
정진,Noun,1,0,,
정짓,Noun,1,0,,
정착,Noun,1,0,,
정찬,Noun,1,0,,
정처,Noun,1,0,,
정치,Noun,1,0,,
정통,Noun,1,0,,
정합,Noun,1,0,,
정해,Noun,2,0,,
정해진,Noun,1,0,,
젛구,Noun,1,2,,
젛아,Noun,2,2,,
젛았습니,Noun,1,2,,
제거,Noun,3,0,,
제겐,Noun,1,0,,
제격,Noun,6,0,,
제공,Noun,41,0,,
제나,Noun,2,0,,
제대,Noun,4,0,,
제대로,Noun,82,1.5,1,
제때,Noun,1,0,,
제로,Noun,6,0,,
제발,Noun,18,0,,
제법,Noun,7,0,,
제비,Noun,2,0,,
제시,Noun,1,0,,
제안,Noun,1,0,,
제외,Noun,6,0,,
제육,Noun,75,0,,
제일,Noun,87,1.5,1,
제입,Noun,2,0,,
제제,Noun,1,0,,
제주,Noun,1,0,,
제주도,Noun,1,0,,
제지,Noun,1,0,,
제철,Noun,6,0,,
제한,Noun,2,0,,
젤루,adverb,1,1.5,1,
젤리,Noun,1,0,,
젤맛,Noun,3,2,,
젤맛남,Noun,1,2,,
젭알,adverb,1,1.5,1,
졈심,Noun,1,0,,
조가,Noun,2,0,,
조각,Noun,8,0,,
조건,Noun,2,0,,
조그만,Noun,1,0,,
조금,Noun,194,0,,
조기,Noun,1,0,,
조려,Noun,1,0,,
조리,Noun,25,0,,
조리기구,Noun,1,0,,
조리법,Noun,2,0,,
조림,Noun,10,0,,
조만간,Noun,13,0,,
조명,Noun,7,0,,
조명도,Noun,5,0,,
조미,Noun,1,0,,
조미료,Noun,12,0,,
조박,Noun,30,0,,
조상,Noun,1,0,,
조선시대,Noun,39,0,,
조선족,Noun,5,0,,
조성,Noun,1,0,,
조심,Noun,2,0,,
조연,Noun,1,0,,
조용조,Noun,1,0,,
조작,Noun,12,0,,
조절,Noun,14,0,,
조치,Noun,2,0,,
조카,Noun,7,0,,
조폭,Noun,1,0,,
조합,Noun,120,0,,
조화,Noun,39,0,,
조화로,Noun,1,2,,
조화로움,Noun,1,2,,
조회,Noun,2,0,,
족발,Noun,186,0,,
족하,Noun,1,0,,
존경,Noun,3,0,,
존마턍,Noun,1,2,,
존막핑,Noun,1,2,,
존맛,Noun,90,2,,
존맛임,Noun,2,2,,
존맛쿵,Noun,1,2,,
존맛탱,Noun,4,2,,
존재,Noun,11,0,,
존중,Noun,1,0,,
졸귀,Noun,1,0,,
졸라,adverb,1,1.6,1,
졸업,Noun,1,0,,
좀더,Noun,6,0,,
종대,Noun,1,0,,
종도,Noun,1,0,,
종로,Noun,2,0,,
종료,Noun,1,0,,
종류,Noun,62,0,,
종셋트,Noun,1,0,,
종업원,Noun,14,0,,
종이,Noun,1,0,,
종일,Noun,2,0,,
종종,Noun,45,0,,
종채,Noun,1,0,,
좋댜,Noun,1,2,,
좋아욤,Noun,3,2,,
좋앗숩니,Noun,1,2,,
좋앙,Noun,1,2,,
좌르르,Noun,2,0,,
좌석,Noun,44,0,,
좌회전,Noun,1,0,,
좐맛임,Noun,1,2,,
좔좔,Noun,1,0,,
죤맛,Noun,1,2,,
죤맛탱,Noun,1,2,,
주가,Noun,1,0,,
주관,Noun,2,0,,
주구,Noun,1,0,,
주기,Noun,2,0,,
주기도,Noun,1,0,,
주네,Noun,4,0,,
주년,Noun,1,0,,
주니,Noun,4,0,,
주도,Noun,1,0,,
주력,Noun,1,0,,
주로,Noun,1,0,,
주류,Noun,7,0,,
주르륵,Noun,1,0,,
주마,Noun,1,0,,
주막,Noun,1,0,,
주말,Noun,106,0,,
주먹,Noun,1,0,,
주먹밥,Noun,13,0,,
주문,Noun,405,0,,
주물,Noun,3,0,,
주물럭,Noun,3,0,,
주민,Noun,13,0,,
주방,Noun,21,0,,
주변,Noun,42,0,,
주보,Noun,1,0,,
주사위,Noun,1,0,,
주선,Noun,1,0,,
주소,Noun,1,0,,
주시,Noun,50,0,,
주신,Noun,8,0,,
주심,Noun,17,0,,
주얼,Noun,2,0,,
주올,Noun,1,0,,
주요한,Noun,1,0,,
주위,Noun,3,0,,
주의,Noun,12,0,,
주의보,Noun,1,0,,
주인,Noun,20,0,,
주자,Noun,2,0,,
주작,Noun,2,0,,
주장,Noun,1,0,,
주전자,Noun,9,0,,
주점,Noun,3,0,,
주제,Noun,3,0,,
주중,Noun,3,0,,
주지,Noun,5,0,,
주차,Noun,92,0,,
주차공간,Noun,3,0,,
주차장,Noun,31,0,,
주택,Noun,3,0,,
주택가,Noun,2,0,,
준비,Noun,16,0,,
준수,Noun,4,0,,
줄기,Noun,1,0,,
줄때,Noun,1,0,,
줄선,Noun,1,0,,
줄설,Noun,3,0,,
줄설때,Noun,1,0,,
줄알,Noun,1,0,,
줄어듬,Noun,1,0,,
줄줄,Noun,2,0,,
줄평,Noun,3,0,,
중간,Noun,62,0,,
중국,Noun,10,0,,
중국산,Noun,4,0,,
중국어,Noun,3,0,,
중국인,Noun,16,0,,
중년,Noun,3,0,,
중대,Noun,1,0,,
중독,Noun,16,0,,
중반,Noun,2,0,,
중벌,Noun,1,0,,
중복,Noun,1,0,,
중불,Noun,1,0,,
중생,Noun,3,0,,
중식,Noun,1,0,,
중심,Noun,7,0,,
중심부,Noun,2,0,,
중앙,Noun,2,0,,
중위,Noun,1,0,,
중이,Noun,4,0,,
중인,Noun,1,0,,
중장,Noun,2,0,,
중준현,Noun,1,0,,
중학교,Noun,1,0,,
중화,Noun,5,0,,
중화가,Noun,1,0,,
중후,Noun,1,0,,
쥐눈,Noun,1,0,,
쥑임,Noun,1,2,,
쥬금,Noun,1,0,,
쥬스,Noun,1,0,,
쥴슐랭,Noun,1,0,,
즇네,Noun,1,2,,
즇아,Noun,1,2,,
즇았어,Noun,1,2,,
즈음,Noun,1,0,,
즉석,Noun,2,0,,
즉시,Noun,1,0,,
즉흥,Noun,2,0,,
즐겨찾기,Noun,1,0,,
증거,Noun,1,0,,
증거물,Noun,3,0,,
증말,Noun,4,1.6,1,
증말루,Noun,1,1.6,1,
증정,Noun,1,0,,
지갑,Noun,1,0,,
지게,Noun,1,0,,
지경,Noun,1,0,,
지고,Noun,5,0,,
지근,Noun,1,0,,
지금,Noun,45,0,,
지금껏,Noun,2,0,,
지기,Noun,2,0,,
지나,Noun,13,0,,
지난,Noun,14,0,,
지난번,Noun,15,0,,
지난주,Noun,1,0,,
지난해,Noun,1,0,,
지네,Noun,1,0,,
지대,Noun,1,0,,
지도,Noun,28,2,,
지라,Noun,1,0,,
지로,Noun,1,0,,
지론,Noun,1,0,,
지름,Noun,2,0,,
지리,Noun,2,0,,
지리산,Noun,2,0,,
지방,Noun,22,0,,
지불,Noun,1,0,,
지엔,Noun,1,0,,
지역,Noun,5,0,,
지옥,Noun,1,0,,
지원,Noun,2,0,,
지은,Noun,6,0,,
지인,Noun,69,0,,
지적,Noun,1,0,,
지점,Noun,30,0,,
지정,Noun,1,0,,
지존,Noun,1,0,,
지주,Noun,1,0,,
지지도,Noun,1,0,,
지쨔,Noun,1,0,,
지출,Noun,1,0,,
지침,Noun,1,0,,
지하,Noun,10,0,,
지하가,Noun,1,0,,
지하실,Noun,1,0,,
지하철,Noun,3,0,,
지하철역,Noun,1,0,,
지해,Noun,1,0,,
지향,Noun,2,0,,
지휘,Noun,2,0,,
직관,Noun,1,0,,
직권,Noun,1,0,,
직원,Noun,823,0,,
직웡,Noun,1,0,,
직장,Noun,11,0,,
직장인,Noun,8,0,,
직전,Noun,6,0,,
직접,Noun,137,0,,
직진,Noun,3,0,,
직화,Noun,7,0,,
직후,Noun,2,0,,
진가,Noun,2,0,,
진국,Noun,5,0,,
진눈깨비,Noun,1,0,,
진도,Noun,1,0,,
진동,Noun,1,0,,
진두,Noun,3,0,,
진득,Noun,5,0,,
진로,Noun,3,0,,
진리,Noun,3,0,,
진미,Noun,2,0,,
진사,Noun,1,0,,
진수,Noun,1,0,,
진심,Noun,28,0,,
진입,Noun,2,0,,
진자,Noun,2,0,,
진작,Noun,2,0,,
진정,Noun,2,0,,
진짜,adverb,779,1.6,1,
진짜루,adverb,1,1.6,1,
진짜진짜,adverb,9,1.6,1,
진짝,adverb,1,1.6,1,
진쨔,adverb,2,1.6,1,
진챠,adverb,1,1.6,1,
진출,Noun,1,0,,
진해,Noun,5,0,,
진행,Noun,6,0,,
질감,Noun,6,0,,
질겅질겅,Noun,2,0,,
질겨,Noun,10,-1,,
질겻어,Noun,1,-1,,
질기,Noun,3,0,,
질김,Noun,5,0,,
질도,Noun,39,0,,
질리,Noun,16,0,,
질문,Noun,1,0,,
질책,Noun,1,0,,
짐작,Noun,1,0,,
짐함,Noun,2,0,,
짐해,Noun,9,0,,
집게,Noun,3,0,,
집기,Noun,1,0,,
집도,Noun,2,0,,
집들이,Noun,4,0,,
집밥,Noun,20,0,,
집사람,Noun,1,0,,
집앞,Noun,10,0,,
집의,Noun,7,0,,
집임,Noun,3,0,,
집중,Noun,18,0,,
집중호우,Noun,1,0,,
집행,Noun,1,0,,
집힌,Noun,1,0,,
짘짜,Noun,1,0,,
짜미,Noun,1,0,,
짜져,Noun,1,0,,
짜증,Noun,15,-1,,
짝궁,Noun,1,0,,
짝꿍,Noun,4,0,,
짝퉁,Noun,1,0,,
짠맛,Noun,7,0,,
짠지,Noun,1,0,,
짬뽕,Noun,2,0,,
짭짜름,Noun,1,0,,
짭쪼롬,Noun,1,0,,
짭쪼롬하,Noun,1,0,,
짭쪼름,Noun,5,0,,
짭쪼름한데,Noun,1,0,,
짭쪼름해,Noun,1,0,,
짱아찌,Noun,2,0,,
짱짱,Noun,6,0,,
쨍한맛,Noun,1,0,,
쨔끔,Noun,1,0,,
쩌구,Noun,2,0,,
쩐내,Noun,1,0,,
쩔어요,Noun,1,2,,
쪼금,Noun,5,0,,
쪼꾸맣,Noun,1,0,,
쪼끔주길레,Noun,1,0,,
쪼름,Noun,1,0,,
쪼매,Noun,1,0,,
쪼아,Noun,4,0,,
쪼큼,Noun,1,0,,
쪽득,Noun,3,0,,
쪽를,Noun,1,0,,
쪽파,Noun,2,0,,
쫀득,Noun,8,1,,
쫀득쫀득,Noun,1,1,,
쫀득쫀득하,Noun,2,1,,
쫀득하,Noun,3,1,,
쫀득한데,Noun,1,1,,
쫀득함,Noun,2,1,,
쫀득해,Noun,2,1,,
쫀든쫀든한,Noun,1,1,,
쫀맛,Noun,1,2,,
쫀쫀,Noun,1,1,,
쫄깃쫄깃,Noun,6,1,,
쫄깃쫄깃하,Noun,1,1,,
쫄깃쫄깃함,Noun,1,1,,
쫄깃쫄깃해,Noun,2,1,,
쫄깃하,Noun,6,1,,
쫄깃한것,Noun,1,1,,
쫄깃한데,Noun,1,1,,
쫄깃함,Noun,2,1,,
쫄깃합니,Noun,1,1,,
쫄깃해,Noun,7,1,,
쫄낏하,Noun,1,1,,
쫄면,Noun,1,1,,
쫄아,Noun,1,0,,
쫄아들,Noun,1,0,,
쫘악,Noun,1,0,,
쫙쫙,Noun,2,0,,
쫜득쫜득,Noun,1,1,,
쭈왑쭈왑,Noun,1,1,,
쭉쭉,Noun,5,0,,
쭌곱창,Noun,6,0,,
쮝여줌,Noun,1,2,,
쯔양,Noun,1,0,,
찌개,Noun,64,0,,
찌게,Noun,17,0,,
찌꺼기,Noun,3,0,,
찌린,Noun,1,0,,
찌릿함,Noun,1,0,,
찍기,Noun,6,0,,
찍꿍,Noun,1,0,,
찐덕쫀득,Noun,1,0,,
찜닭,Noun,17,0,,
찜덝,Noun,1,0,,
찡긋,Noun,1,0,,
차감,Noun,1,0,,
차고,Noun,7,0,,
차기,Noun,1,0,,
차도,Noun,2,0,,
차돌,Noun,28,0,,
차돌박이,Noun,3,0,,
차라리,Noun,12,0,,
차량,Noun,2,0,,
차려,Noun,4,0,,
차례,Noun,6,0,,
차례대로,Noun,1,0,,
차로,Noun,24,0,,
차림,Noun,3,0,,
차마,Noun,1,0,,
차배,Noun,1,0,,
차별,Noun,5,0,,
차비,Noun,9,0,,
차서,Noun,4,0,,
차슈,Noun,1,0,,
차요,Noun,1,0,,
차원,Noun,2,0,,
차이,Noun,20,0,,
차임,Noun,2,0,,
착각,Noun,4,0,,
착석,Noun,10,0,,
착착,Noun,2,0,,
찬물,Noun,1,0,,
찬양,Noun,1,0,,
찰기,Noun,1,0,,
찰떡,Noun,11,1,,
참가,Noun,1,0,,
참고,Noun,50,0,,
참기름,Noun,19,0,,
참나물,Noun,1,0,,
참석,Noun,1,0,,
참숯,Noun,3,0,,
참여,Noun,2,0,,
참으로,Noun,2,0,,
참치,Noun,19,0,,
창가,Noun,14,0,,
창강,Noun,1,0,,
창돌솥,Noun,1,0,,
창렬,Noun,1,0,,
창밖,Noun,1,0,,
창살,Noun,1,0,,
창업,Noun,1,0,,
찾기,Noun,19,0,,
찿아,Noun,1,0,,
채널,Noun,1,0,,
채도,Noun,1,0,,
채보,Noun,1,0,,
채소,Noun,45,0,,
채수,Noun,2,0,,
채식주의자,Noun,1,0,,
책상,Noun,1,0,,
책정,Noun,3,0,,
챱챱,Noun,1,0,,
챵돌솥,Noun,1,0,,
처가,Noun,1,0,,
처넌,Noun,3,0,,
처럼,Noun,8,0,,
처리,Noun,6,0,,
처음,Noun,320,0,,
척도,Noun,3,0,,
천국,Noun,2,0,,
천막,Noun,2,0,,
천문학,Noun,1,0,,
천연기념물,Noun,1,0,,
천왕,Noun,2,0,,
천원,Noun,12,0,,
천장,Noun,4,0,,
천지,Noun,2,0,,
철수,Noun,1,0,,
철인,Noun,1,0,,
철철,Noun,1,0,,
철판,Noun,9,0,,
철학,Noun,3,0,,
첨가,Noun,4,0,,
첨봣아,Noun,1,0,,
첫경험,Noun,1,0,,
첫날,Noun,1,0,,
첫인상,Noun,1,0,,
첬음,Noun,1,0,,
청결,Noun,8,0,,
청국장,Noun,38,0,,
청년,Noun,2,0,,
청량,Noun,2,1,,
청량감,Noun,1,1,,
청모,Noun,3,0,,
청소,Noun,5,1,,
청양,Noun,13,0,,
청양고추,Noun,5,0,,
청주,Noun,1,0,,
청첩장,Noun,3,0,,
청춘,Noun,1,0,,
체감,Noun,2,0,,
체계,Noun,3,0,,
체고,Noun,2,2,,
체력,Noun,1,0,,
체스,Noun,1,0,,
체인,Noun,2,0,,
체인점,Noun,2,0,,
체적,Noun,3,0,,
체제,Noun,1,0,,
체크,Noun,7,0,,
체함,Noun,1,0,,
체험,Noun,6,0,,
초강추,Noun,1,2,,
초고추장,Noun,1,0,,
초기,Noun,3,0,,
초대,Noun,2,0,,
초등,Noun,2,0,,
초등생,Noun,1,0,,
초딩,Noun,2,0,,
초박,Noun,1,0,,
초반,Noun,4,0,,
초벌,Noun,32,0,,
초보,Noun,4,0,,
초보자,Noun,4,0,,
초복,Noun,1,0,,
초심,Noun,8,0,,
초심자,Noun,2,0,,
초이스,Noun,1,0,,
초저녁,Noun,2,0,,
초창,Noun,1,0,,
촉촉,Noun,6,1,,
촉촉촉,Noun,1,1,,
촌점,Noun,1,0,,
촘촘하,Noun,1,1,,
촘촘해,Noun,1,1,,
총각,Noun,1,0,,
총각김치,Noun,7,0,,
총총,Noun,1,0,,
촣았어,Noun,1,2,,
촬영,Noun,1,0,,
최강,Noun,1,2,,
최고,Noun,295,2,,
최고다,Noun,2,2,,
최고점,Noun,1,0,,
최고촤,Noun,1,0,,
최구,Noun,3,0,,
최근,Noun,35,0,,
최대,Noun,6,0,,
최대한,Noun,6,0,,
최면,Noun,1,0,,
최상,Noun,2,0,,
최상급,Noun,2,0,,
최선,Noun,1,0,,
최소,Noun,7,0,,
최소한,Noun,5,0,,
최신,Noun,1,0,,
최악,Noun,51,-2,,
최애,Noun,30,0,,
최애라,Noun,1,0,,
최저,Noun,1,0,,
최적,Noun,2,0,,
최적화,Noun,1,0,,
최종,Noun,1,0,,
최하,Noun,1,0,,
쵝오,Noun,4,2,,
쵹쵹,Noun,1,1,,
쵼맛탱,Noun,1,2,,
추가,Noun,182,0,,
추강,Noun,4,0,,
추구,Noun,2,0,,
추석,Noun,2,0,,
추세,Noun,3,0,,
추억,Noun,15,0,,
추위,Noun,2,0,,
추천,Noun,520,0,,
추측,Noun,2,0,,
축구,Noun,1,0,,
축제,Noun,2,0,,
축하,Noun,2,0,,
출구,Noun,7,0,,
출근,Noun,3,0,,
출동,Noun,4,0,,
출발,Noun,3,0,,
출신,Noun,2,0,,
출연,Noun,2,0,,
출전,Noun,1,0,,
출판사,Noun,1,0,,
출현,Noun,1,0,,
충격,Noun,14,0,,
충고,Noun,1,0,,
충만,Noun,1,2,,
충전,Noun,3,0,,
취객,Noun,1,0,,
취급,Noun,2,0,,
취사,Noun,1,0,,
취소,Noun,7,0,,
취저,Noun,2,0,,
취지,Noun,1,0,,
취하,Noun,3,0,,
취함,Noun,1,0,,
취향,Noun,48,0,,
츄룹,Noun,1,1,,
측면,Noun,2,0,,
층고,Noun,1,0,,
층쪽,Noun,1,0,,
치기,Noun,1,0,,
치도,Noun,1,0,,
치료,Noun,1,0,,
치마,Noun,3,0,,
치면,Noun,1,0,,
치미추리,Noun,1,0,,
치부,Noun,1,0,,
치아,Noun,1,0,,
치즈,Noun,155,0,,
치질,Noun,1,0,,
치킨,Noun,2,0,,
치팅,Noun,1,0,,
치팅데이,Noun,1,0,,
친구,Noun,368,0,,
친규,Noun,1,0,,
친맛,Noun,1,0,,
친목,Noun,7,0,,
친전,Noun,1,0,,
친절,Noun,49,2,,
친절햐,Noun,1,2,,
친정,Noun,2,0,,
친척,Noun,2,0,,
친철,Noun,7,2,,
친철함,Noun,1,2,,
친철해,Noun,1,2,,
침수,Noun,1,0,,
칭구,Noun,4,0,,
칭구들,Noun,1,0,,
칭구칭긔들,Noun,1,0,,
칭찬,Noun,5,0,,
카드,Noun,8,0,,
카맵,Noun,2,0,,
카운터,Noun,16,0,,
카카오,Noun,16,0,,
카테고리,Noun,1,0,,
카트,Noun,2,0,,
카페,Noun,16,0,,
칸막이,Noun,2,0,,
칼국수,Noun,232,0,,
칼귝수,Noun,1,0,,
칼집,Noun,2,0,,
칼칼,Noun,1,0,,
캐나다,Noun,1,0,,
캐리어,Noun,1,0,,
캐릭터,Noun,1,0,,
캐셔,Noun,1,0,,
캐치,Noun,56,0,,
캠펭,Noun,1,0,,
캠프,Noun,1,0,,
캠프장,Noun,1,0,,
캠핑,Noun,49,0,,
캠핑장,Noun,14,0,,
캡사이신,Noun,1,0,,
커녕,Noun,4,0,,
커서,Noun,8,0,,
커튼,Noun,1,0,,
커플,Noun,10,0,,
커피,Noun,5,0,,
커피숍,Noun,1,0,,
커픽,Noun,1,0,,
컨데,Noun,1,0,,
컨디션,Noun,3,0,,
컨샙,Noun,2,0,,
컨셉,Noun,34,0,,
컨셉룸,Noun,1,0,,
컨트롤,Noun,1,0,,
컴퓨터,Noun,1,0,,
컵라면,Noun,1,0,,
컷트,Noun,1,0,,
케데헌,Noun,1,0,,
케바케,Noun,1,0,,
케어,Noun,1,0,,
케이,Noun,1,0,,
케첩,Noun,1,0,,
코드,Noun,2,0,,
코딱지,Noun,1,0,,
코로,Noun,3,0,,
코로나,Noun,1,0,,
코리아타운,Noun,1,0,,
코리안,Noun,2,0,,
코스,Noun,34,0,,
코습니,Noun,1,0,,
코어,Noun,1,0,,
코인,Noun,4,0,,
코키,Noun,1,0,,
코타,Noun,1,0,,
코트,Noun,1,0,,
코풀,Noun,1,0,,
콘버터,Noun,1,0,,
콘서트,Noun,1,0,,
콘셉트,Noun,1,0,,
콘치,Noun,12,0,,
콘치즈,Noun,7,0,,
콜라,Noun,6,0,,
콜라보,Noun,3,0,,
콜백,Noun,1,0,,
콜키,Noun,39,0,,
콤달콤,Noun,2,0,,
콤보,Noun,1,0,,
콧뮬같구,Noun,1,0,,
콩국,Noun,1,0,,
콩국수,Noun,12,0,,
콩나물,Noun,11,0,,
콩나물국,Noun,9,0,,
콩밭,Noun,17,0,,
콩밭임,Noun,1,0,,
콩알,Noun,2,0,,
콩팥,Noun,2,0,,
콸콸,Noun,1,0,,
쾌거,Noun,1,0,,
쿠폰,Noun,5,0,,
퀄리,Noun,1,0,,
퀄리티,Noun,65,0,,
큐알,Noun,1,0,,
크게,Noun,39,0,,
크기,Noun,10,0,,
크리,Noun,1,0,,
크리미,Noun,5,0,,
크리스,Noun,2,0,,
크리스마스,Noun,3,0,,
크림,Noun,15,0,,
크흐,Noun,1,0,,
큰소리,Noun,5,0,,
클락,Noun,2,0,,
클래식,Noun,1,0,,
클리어,Noun,4,0,,
클립,Noun,1,0,,
키즈,Noun,1,0,,
키친,Noun,2,0,,
키크,Noun,1,0,,
키트,Noun,3,0,,
킥임,Noun,2,0,,
킬링,Noun,1,0,,
킵해둔,Noun,1,0,,
타겟,Noun,1,0,,
타격,Noun,1,0,,
타고,Noun,10,0,,
타도,Noun,1,0,,
타워,Noun,2,0,,
타율,Noun,1,0,,
타이밍,Noun,9,0,,
타이어,Noun,1,0,,
타이틀,Noun,1,0,,
타일,Noun,1,0,,
타임,Noun,33,0,,
타임머신,Noun,1,0,,
타임슬립,Noun,1,0,,
타입,Noun,2,0,,
타지,Noun,3,0,,
타진,Noun,1,0,,
타코,Noun,1,0,,
탁자,Noun,1,0,,
탁주,Noun,1,0,,
탄력,Noun,6,0,,
탄성,Noun,2,0,,
탐방,Noun,1,0,,
탑승,Noun,1,0,,
탑인,Noun,2,0,,
탕맛,Noun,1,0,,
탕밥,Noun,4,0,,
탕수육,Noun,3,0,,
탕안,Noun,1,0,,
탕후루,Noun,1,0,,
태도,Noun,15,0,,
태블릿,Noun,4,0,,
태양,Noun,21,0,,
태평양,Noun,1,0,,
택배,Noun,1,0,,
택시,Noun,2,0,,
탭해,Noun,1,0,,
탱탱,Noun,1,0,,
턱관절,Noun,1,0,,
텁텁,Noun,5,-2,,
텁텁하,Noun,1,-2,,
텁텁함,Noun,1,-2,,
텁텁해짐,Noun,2,-2,,
텁텁헀습니,Noun,1,-2,,
테두리,Noun,2,0,,
테라,Noun,2,0,,
테러,Noun,1,0,,
테마,Noun,4,0,,
테스트,Noun,2,0,,
테이,Noun,1,0,,
테이블,Noun,271,0,,
테이크아웃,Noun,1,2,,
텐션,Noun,2,0,,
텐트,Noun,1,0,,
토란,Noun,7,0,,
토럼,Noun,1,0,,
토렴,Noun,10,0,,
토렴돼,Noun,1,0,,
토렴되어,Noun,2,0,,
토렴식,Noun,8,0,,
토렴해,Noun,2,0,,
토로,Noun,1,0,,
토마토,Noun,2,0,,
토마토소스,Noun,1,0,,
토속,Noun,1,0,,
토요일,Noun,28,0,,
토욜,Noun,1,0,,
토종,Noun,1,0,,
토치,Noun,4,0,,
토크,Noun,1,0,,
토핑,Noun,8,0,,
토핑야채,Noun,1,0,,
토함,Noun,1,0,,
톡톡,Noun,4,0,,
통곡,Noun,1,0,,
통과,Noun,1,0,,
통기타,Noun,1,0,,
통로,Noun,4,0,,
통모,Noun,1,0,,
통밀,Noun,7,0,,
통상,Noun,1,0,,
통역,Noun,1,0,,
통일,Noun,1,0,,
통제,Noun,1,0,,
통조림,Noun,1,0,,
통창,Noun,1,0,,
통치,Noun,1,0,,
통통,Noun,1,0,,
통해,Noun,2,0,,
통화,Noun,1,0,,
퇴근,Noun,17,0,,
퇴근길,Noun,2,0,,
퇴사,Noun,1,0,,
퇴색,Noun,1,0,,
퇴원,Noun,1,0,,
투리,Noun,2,0,,
투머치,Noun,1,-2,,
투박,Noun,1,0,,
투뿔,Noun,3,0,,
투스타,Noun,1,0,,
투어,Noun,5,0,,
투자,Noun,3,0,,
툭툭,Noun,6,0,,
툴툴,Noun,1,-2,,
튀김,Noun,16,0,,
튀어,Noun,3,0,,
튜닝,Noun,1,0,,
트러블,Noun,1,0,,
트러스,Noun,1,0,,
트러플,Noun,10,0,,
트렌드,Noun,1,0,,
트렌디,Noun,4,0,,
트림,Noun,1,0,,
특대,Noun,26,0,,
특별,Noun,2,1,,
특사,Noun,3,0,,
특색,Noun,28,1,,
특선,Noun,15,0,,
특성,Noun,2,0,,
특아니,Noun,1,0,,
특양,Noun,1,0,,
특유,Noun,25,0,,
특유향,Noun,1,0,,
특을시켯음,Noun,1,0,,
특이,Noun,8,0,,
특제,Noun,2,0,,
특징,Noun,17,0,,
특화,Noun,1,0,,
튿히,Noun,1,0,,
틈새시장,Noun,1,0,,
티나,Noun,1,0,,
티비,Noun,8,0,,
티어,Noun,6,0,,
틴트,Noun,1,0,,
팀원,Noun,1,0,,
팅할,Noun,11,0,,
팅함,Noun,1,0,,
팅후,Noun,2,0,,
파가,Noun,3,0,,
파고,Noun,1,0,,
파김치,Noun,31,0,,
파도,Noun,1,0,,
파라,Noun,1,0,,
파란색,Noun,1,0,,
파랑,Noun,2,0,,
파리,Noun,4,0,,
파보,Noun,1,0,,
파스타,Noun,210,0,,
파악,Noun,1,0,,
파인애플,Noun,21,0,,
파장,Noun,1,0,,
파전,Noun,10,0,,
파주,Noun,1,0,,
파채,Noun,4,0,,
파티,Noun,2,0,,
파프리카,Noun,1,0,,
파향,Noun,1,0,,
팍파,Noun,1,0,,
판도,Noun,10,0,,
판매,Noun,7,0,,
판소리,Noun,1,0,,
판이,Noun,4,0,,
팔도,Noun,2,0,,
팔뚝,Noun,2,0,,
팔로잉,Noun,1,0,,
팔면,Noun,2,0,,
팔자,Noun,1,0,,
팔천원,Noun,1,0,,
팔팔,Noun,2,0,,
팝업,Noun,4,0,,
팥죽,Noun,1,0,,
패보릿,Noun,1,0,,
패스,Noun,7,0,,
패자,Noun,1,0,,
패트병,Noun,1,0,,
팩트,Noun,3,0,,
팬케이크,Noun,1,0,,
팻말,Noun,1,0,,
팽이버섯,Noun,1,0,,
퍈하,Noun,1,0,,
퍼먹으,Noun,2,0,,
퍼주,Noun,1,0,,
퍼포먼스,Noun,3,0,,
퍽퍽,Noun,52,0,,
퍽퍽살,Noun,3,0,,
퍽퍽해,Noun,2,0,,
페셔널,Noun,2,0,,
페어,Noun,2,0,,
페이,Noun,3,0,,
페이스메이커,Noun,1,0,,
페트,Noun,1,0,,
페트병,Noun,1,0,,
편견,Noun,2,0,,
편도,Noun,3,0,,
편리,Noun,1,0,,
편식,Noun,1,0,,
편안함,Noun,1,0,,
편육,Noun,1,0,,
편의,Noun,3,0,,
편의점,Noun,2,0,,
편이,Noun,81,0,,
편입,Noun,18,0,,
편차,Noun,6,0,,
평가,Noun,14,0,,
평균,Noun,7,0,,
평냉,Noun,132,0,,
평냉거냉,Noun,1,0,,
평냉답,Noun,1,0,,
평냉맛,Noun,1,0,,
평냉먹엇어,Noun,1,0,,
평냉임,Noun,1,0,,
평냉집,Noun,23,0,,
평냉탑,Noun,1,0,,
평린,Noun,2,0,,
평민,Noun,1,0,,
평범,Noun,16,0,,
평상시,Noun,1,0,,
평생,Noun,2,0,,
평소,Noun,48,0,,
평양,Noun,110,0,,
평이,Noun,6,0,,
평일,Noun,116,0,,
평일도,Noun,1,0,,
평점,Noun,26,0,,
평타,Noun,8,0,,
포기,Noun,12,0,,
포도,Noun,2,0,,
포도주,Noun,1,0,,
포도주스,Noun,1,0,,
포도청,Noun,2,0,,
포동,Noun,1,0,,
포만,Noun,2,0,,
포스,Noun,4,0,,
포스터,Noun,1,0,,
포식,Noun,2,0,,
포인트,Noun,5,0,,
포장,Noun,260,0,,
포차,Noun,1,0,,
포토,Noun,2,0,,
포포,Noun,1,0,,
포함,Noun,20,0,,
폭격기,Noun,1,0,,
폭력,Noun,1,0,,
폭로,Noun,1,0,,
폭룡,Noun,1,0,,
폭룡적,Noun,1,2,,
폭발,Noun,5,0,,
폭염,Noun,3,0,,
폭죽,Noun,1,0,,
폭탄,Noun,7,0,,
폭포,Noun,2,0,,
폭풍,Noun,1,0,,
퐁듀,Noun,1,0,,
표고,Noun,2,0,,
표기,Noun,4,0,,
표본,Noun,1,0,,
표시,Noun,2,0,,
표정,Noun,11,0,,
표준,Noun,1,0,,
표지판,Noun,1,0,,
표현,Noun,6,0,,
푸대접,Noun,2,0,,
푸드,Noun,5,0,,
푸드코트,Noun,1,0,,
푸딩,Noun,2,0,,
푸른,Noun,1,0,,
푸른밤,Noun,1,0,,
푸욱,Noun,1,0,,
푸파,Noun,2,0,,
풀기,Noun,1,0,,
풀림,Noun,1,0,,
풀무원,Noun,2,0,,
풀방,Noun,1,0,,
풀이,Noun,1,0,,
풀향,Noun,1,0,,
품격,Noun,1,0,,
품절,Noun,10,0,,
품질,Noun,11,0,,
풋내,Noun,1,0,,
풍경,Noun,6,0,,
풍자,Noun,1,0,,
퓨전,Noun,61,0,,
퓨젼,Noun,1,0,,
프라이,Noun,9,0,,
프라이팬,Noun,1,0,,
프랜차이즈,Noun,5,0,,
프레,Noun,2,0,,
프로,Noun,12,0,,
프로그램,Noun,4,0,,
프로모션,Noun,1,0,,
프로세스,Noun,1,0,,
프리,Noun,30,0,,
프리가,Noun,2,0,,
프리미엄,Noun,3,0,,
프린트,Noun,1,0,,
프릳츠,Noun,1,0,,
프림,Noun,1,0,,
프차,Noun,1,0,,
플러스,Noun,1,0,,
플레이,Noun,9,0,,
플레인,Noun,7,0,,
피고,Noun,1,0,,
피난민,Noun,1,0,,
피날레,Noun,1,0,,
피드백,Noun,2,0,,
피부,Noun,2,0,,
피스,Noun,1,0,,
피어,Noun,1,0,,
피자,Noun,40,0,,
피자치즈,Noun,1,0,,
피크,Noun,3,0,,
피크타임,Noun,6,0,,
피클,Noun,2,0,,
피하,Noun,2,0,,
피해,Noun,8,0,,
피힐수,Noun,1,0,,
픽업,Noun,5,0,,
필동,Noun,8,0,,
필드,Noun,1,0,,
필수,Noun,51,0,,
필승,Noun,1,0,,
필요,Noun,21,0,,
필터,Noun,1,0,,
핏물,Noun,1,0,,
핑계,Noun,3,0,,
하겐다즈,Noun,1,0,,
하규,Noun,3,0,,
하나,Noun,265,0,,
하나라,Noun,1,0,,
하나로,Noun,4,0,,
하나요,Noun,5,0,,
하남,Noun,1,0,,
하니,Noun,28,0,,
하동관,Noun,2,0,,
하등,Noun,1,0,,
하디,Noun,1,0,,
하라,Noun,10,0,,
하래,Noun,1,0,,
하루,Noun,12,0,,
하루살이,Noun,1,0,,
하민이,Noun,1,0,,
하방,Noun,1,0,,
하아압,Noun,1,0,,
하얼빈,Noun,1,0,,
하여튼,Noun,1,0,,
하와이,Noun,2,0,,
하우스,Noun,1,0,,
하이,Noun,7,2,,
하이라이트,Noun,2,0,,
하자,Noun,7,0,,
하진,Noun,1,0,,
하트,Noun,3,0,,
하프마라톤,Noun,1,0,,
하하,Noun,1,0,,
하하호호,Noun,1,0,,
학교,Noun,8,0,,
학생,Noun,2,0,,
학식,Noun,1,0,,
학원,Noun,2,0,,
한가운데,Noun,2,0,,
한가지,Noun,3,0,,
한강,Noun,3,0,,
한겨울,Noun,2,0,,
한결,Noun,5,0,,
한계,Noun,3,1,,
한국,Noun,57,0,,
한국어,Noun,2,0,,
한국인,Noun,25,0,,
한남동,Noun,2,0,,
한도,Noun,1,0,,
한마디,Noun,14,0,,
한몫,Noun,1,0,,
한번,Noun,120,0,,
한상일,Noun,1,0,,
한상태,Noun,1,0,,
한소리,Noun,1,0,,
한수,Noun,1,0,,
한술,Noun,1,0,,
한숨,Noun,4,0,,
한시,Noun,1,0,,
한식,Noun,105,0,,
한식당,Noun,3,0,,
한약,Noun,1,0,,
한약재,Noun,1,0,,
한여름,Noun,1,0,,
한우,Noun,39,0,,
한인,Noun,1,0,,
한자리,Noun,4,0,,
한잔,Noun,49,0,,
한장,Noun,1,0,,
한적,Noun,1,0,,
한정,Noun,6,0,,
한정식,Noun,6,0,,
한종,Noun,1,0,,
한주,Noun,1,0,,
한지,Noun,2,0,,
한진,Noun,1,0,,
한쪽,Noun,3,0,,
한참,Noun,21,2,,
한창,Noun,3,0,,
한철,Noun,1,0,,
한탄,Noun,1,0,,
한텀,Noun,1,0,,
한테라,Noun,1,0,,
한텐,Noun,3,-2,,
한파,Noun,2,0,,
한판,Noun,5,0,,
한편,Noun,12,0,,
할라피뇨,Noun,1,0,,
할머니,Noun,33,0,,
할머님,Noun,2,0,,
할아버지,Noun,2,0,,
할인,Noun,19,1,,
함냉,Noun,1,0,,
함량,Noun,4,0,,
함부로,Noun,1,0,,
함유량,Noun,1,0,,
함정,Noun,1,0,,
함흥냉묜,Noun,1,0,,
합격,Noun,5,0,,
합당,Noun,1,0,,
합류,Noun,1,0,,
합리,Noun,12,0,,
합석,Noun,8,0,,
합정,Noun,52,0,,
합정내,Noun,1,0,,
합정동,Noun,5,0,,
합정역,Noun,16,0,,
합정쪽,Noun,1,0,,
합치,Noun,1,0,,
합치기,Noun,1,0,,
핫도그,Noun,1,0,,
핫바,Noun,1,0,,
핫플,Noun,5,0,,
항상,Noun,139,0,,
항시,Noun,1,0,,
항정,Noun,19,0,,
항정살,Noun,13,0,,
해결,Noun,5,0,,
해고,Noun,1,0,,
해놓쿠,Noun,1,0,,
해뇨,Noun,1,0,,
해달,Noun,2,0,,
해당,Noun,2,0,,
해도,Noun,34,0,,
해동,Noun,1,0,,
해먹,Noun,5,0,,
해물,Noun,3,0,,
해물전,Noun,2,0,,
해물파전,Noun,8,0,,
해산물,Noun,8,0,,
해석,Noun,6,0,,
해소,Noun,2,0,,
해안가,Noun,2,0,,
해오,Noun,1,0,,
해외,Noun,4,0,,
해외여행,Noun,2,0,,
해장,Noun,21,0,,
해장국,Noun,119,0,,
해주,Noun,2,0,,
해주시,Noun,18,0,,
해준,Noun,1,0,,
해지,Noun,4,0,,
해짐,Noun,1,0,,
해치,Noun,4,0,,
핸드폰,Noun,3,0,,
핸들,Noun,2,0,,
햄버거,Noun,1,0,,
햇빛,Noun,10,0,,
했숩니,Noun,1,0,,
행동,Noun,7,0,,
행렬,Noun,2,0,,
행복,Noun,17,2,,
행복감,Noun,1,2,,
행사,Noun,1,0,,
행운,Noun,2,0,,
행주,Noun,6,0,,
행태,Noun,1,0,,
햐쥬셔소,Noun,1,0,,
향가,Noun,1,0,,
향기,Noun,2,0,,
향내,Noun,1,0,,
향수,Noun,3,0,,
향신료,Noun,4,0,,
향연,Noun,1,0,,
향채,Noun,2,0,,
햿내,Noun,1,0,,
허겁지겁,Noun,8,0,,
허공,Noun,1,0,,
허기,Noun,1,0,,
허름한데,Noun,1,0,,
허문,Noun,1,0,,
허브,Noun,1,0,,
허울,Noun,1,0,,
허탕,Noun,1,0,,
헌팅,Noun,1,0,,
험담,Noun,1,0,,
헛개차,Noun,1,0,,
헛걸음,Noun,1,0,,
헛소문,Noun,3,0,,
헤드셋,Noun,2,0,,
헤어,Noun,1,0,,
헤헤,Noun,1,0,,
헹구어,Noun,1,0,,
현금,Noun,2,0,,
현대,Noun,3,0,,
현미,Noun,4,0,,
현장,Noun,22,0,,
현재,Noun,3,0,,
현저,Noun,1,0,,
현지,Noun,6,0,,
혈당,Noun,2,0,,
협박,Noun,2,0,,
협소,Noun,1,0,,
협소하,Noun,2,0,,
협소함,Noun,1,0,,
협소해,Noun,1,0,,
협찬,Noun,1,0,,
형님,Noun,2,0,,
형제,Noun,1,0,,
형태,Noun,7,0,,
형편,Noun,1,0,,
혜자,Noun,5,0,,
혜택,Noun,3,0,,
호감,Noun,2,0,,
호강,Noun,1,0,,
호구,Noun,1,0,,
호기롭,Noun,1,0,,
호기심,Noun,3,0,,
호다닥,Noun,2,0,,
호들갑,Noun,2,0,,
호랑이,Noun,1,0,,
호리,Noun,1,0,,
호명,Noun,4,0,,
호박,Noun,3,0,,
호박죽,Noun,12,0,,
호불호,Noun,44,0,,
호선,Noun,1,0,,
호점,Noun,2,0,,
호출,Noun,9,0,,
호텔,Noun,5,0,,
호패,Noun,3,2,,
호호,Noun,2,0,,
혹시,Noun,9,0,,
혼동,Noun,1,0,,
혼란,Noun,1,0,,
혼밥,Noun,40,0,,
혼밥러,Noun,3,0,,
혼밥러들,Noun,1,0,,
혼밥석,Noun,2,0,,
혼밥존,Noun,1,0,,
혼용,Noun,1,0,,
혼자,Noun,61,0,,
혼잡,Noun,1,0,,
혼잣말,Noun,1,0,,
혼탁,Noun,2,0,,
혼합,Noun,1,0,,
홀려,Noun,2,0,,
홀리,Noun,1,0,,
홀린,Noun,5,0,,
홀짝,Noun,5,0,,
홍당무,Noun,1,0,,
홍대,Noun,259,0,,
홍대역,Noun,4,0,,
홍대입구역,Noun,2,0,,
홍보,Noun,3,0,,
홍석천,Noun,2,0,,
홍성대,Noun,1,0,,
홍어,Noun,19,0,,
홍어삼합,Noun,2,0,,
홍어회,Noun,5,0,,
홍콩,Noun,1,0,,
화가,Noun,12,0,,
화곡,Noun,1,0,,
화로,Noun,1,0,,
화룡,Noun,2,0,,
화만,Noun,1,0,,
화면,Noun,1,0,,
화방,Noun,1,0,,
화산,Noun,4,0,,
화요,Noun,1,0,,
화요일,Noun,3,0,,
화욜,Noun,1,0,,
화이트와인,Noun,1,0,,
화이팅,Noun,4,0,,
화장실,Noun,28,0,,
화제,Noun,1,0,,
화학,Noun,1,0,,
확률,Noun,3,0,,
확신,Noun,2,0,,
확실,Noun,1,0,,
확인,Noun,24,0,,
확장,Noun,1,0,,
확정,Noun,3,0,,
환경,Noun,11,0,,
환기,Noun,1,0,,
환대,Noun,1,0,,
환불,Noun,2,0,,
환상,Noun,14,0,,
활기,Noun,4,0,,
활용,Noun,1,0,,
황금,Noun,16,0,,
황당,Noun,1,0,,
황정,Noun,1,0,,
황태,Noun,2,0,,
황학,Noun,1,0,,
황홀,Noun,1,0,,
회관,Noun,1,0,,
회냉,Noun,2,0,,
회도,Noun,2,0,,
회랑,Noun,2,0,,
회복,Noun,2,0,,
회비,Noun,1,0,,
회사,Noun,37,0,,
회색,Noun,1,0,,
회수,Noun,7,0,,
회식,Noun,58,0,,
회임,Noun,1,0,,
회전,Noun,99,0,,
회차,Noun,2,0,,
회피,Noun,1,0,,
횟수,Noun,1,0,,
횡재,Noun,1,0,,
효과,Noun,3,0,,
효율,Noun,1,0,,
후각,Noun,1,0,,
후기,Noun,83,0,,
후끈,Noun,1,0,,
후다닥,Noun,2,0,,
후더닥,Noun,1,0,,
후루룩,Noun,4,0,,
후뤠,Noun,1,0,,
후면,Noun,1,0,,
후문,Noun,1,0,,
후반,Noun,2,-2,,
후배,Noun,4,0,,
후불,Noun,1,0,,
후시,Noun,3,0,,
후식,Noun,18,0,,
후암동,Noun,1,0,,
후추,Noun,41,0,,
후회,Noun,18,0,,
훅훅,Noun,1,0,,
훌룡,Noun,1,2,,
훌륭,Noun,3,2,,
휘향,Noun,1,0,,
휙휙,Noun,1,0,,
휠체어,Noun,1,0,,
휴가,Noun,1,0,,
휴대,Noun,1,0,,
휴대폰,Noun,1,0,,
휴무,Noun,3,0,,
휴일,Noun,4,0,,
휴지,Noun,5,0,,
휴지통,Noun,1,0,,
휼룡,Noun,1,2,,
흉내,Noun,1,0,,
흐물거리,Noun,1,0,,
흐물텅,Noun,1,-1,,
흐물흐물,Noun,2,-1,,
흐믈,Noun,1,0,,
흐트러,Noun,1,0,,
흑백,Noun,19,0,,
흑벡,Noun,1,0,,
흔적,Noun,1,0,,
흠뻑,Noun,1,0,,
흠칫,Noun,1,0,,
흡사,Noun,1,0,,
흡연,Noun,1,0,,
흡연실,Noun,3,0,,
흡입,Noun,8,0,,
흡족,Noun,1,2,,
흥건,Noun,1,0,,
흥안,Noun,1,0,,
흥이,Noun,1,0,,
흰밥,Noun,1,0,,
히터,Noun,1,0,,
힌진,Noun,1,0,,
힐링,Noun,5,1,,
힙란,Noun,1,0,,
힙하,Noun,1,0,,
힙하거,Noun,1,0,,
힙한데,Noun,1,0,,
힙합,Noun,1,0,,
힙해,Noun,1,0,,
가득가득,Adverb,2,0,1,
가만히,Adverb,4,0,,
가물가물,Adverb,1,0,,
가히,Adverb,1,0,,
간신히,Adverb,1,0,,
갈아,Adverb,10,0,,
감사히,Adverb,1,0,,
같이,Adverb,272,0,,
갸웃,Adverb,2,0,,
결국,Adverb,25,0,,
계속계속,Adverb,1,0,,
곤드레,Adverb,1,0,,
골고루,Adverb,7,1,,
곰곰,Adverb,1,0,,
관계없이,Adverb,1,0,,
괜히,Adverb,13,0,,
그건,Adverb,9,0,,
그걸,Adverb,6,0,,
그나마,Adverb,11,0.8,1,
그나저나,Adverb,1,0,,
그래도,Adverb,114,0,,
그래서,Adverb,48,0,,
그러니까,Adverb,2,0,,
그러면,Adverb,4,0,,
그럭저럭,Adverb,8,0.7,1,
그런대로,Adverb,1,0.8,1,
그렇게,Adverb,49,0,,
그만,Adverb,9,0,,
그만큼,Adverb,12,0,,
그저,Adverb,16,0,,
그제야,Adverb,4,0,,
근데,Adverb,159,0,,
기꺼이,Adverb,2,0,,
깨끗이,Adverb,2,0,,
꼬옥,Adverb,3,0,,
꽉꽉,Adverb,2,1.2,1,
꽝꽝,Adverb,2,0,,
꾸덕꾸덕,Adverb,1,0,,
나긋나긋,Adverb,1,1,,
남김없이,Adverb,3,1.2,1,
냅다,Adverb,2,0,,
냠냠,Adverb,11,1,,
너무,Adverb,2640,1.5,1,
너무나,Adverb,15,1.6,1,
너무나도,Adverb,5,1.6,1,
널찍널찍,Adverb,2,1,,
니글니글,Adverb,1,-1,,
다닥다닥,Adverb,3,-1,,
대놓고,Adverb,2,-1,,
돌돌,Adverb,2,0,,
되게,Adverb,52,1.4,1,
두근두근,Adverb,1,1,,
드디어,Adverb,39,0,,
들쑥날쑥,Adverb,1,-1,,
디게,Adverb,1,1.4,1,
따로,Adverb,60,0,,
떡하니,Adverb,3,0,,
또는,Adverb,5,0,,
똑같이,Adverb,11,0,,
많이,Adverb,301,0,,
맘대로,Adverb,4,0,,
매주,Adverb,1,0,,
매해,Adverb,1,0,,
맨날,Adverb,12,0,,
멀뚱멀뚱,Adverb,1,0,,
물론,Adverb,29,0,,
바글바글,Adverb,1,0,,
바들바들,Adverb,1,0,,
바로바로,Adverb,7,0,,
바삭바삭,Adverb,2,1,,
보들보들,Adverb,1,1,,
보지지,Adverb,1,0,,
복작복작,Adverb,1,0,,
빠릿빠릿,Adverb,1,1,,
빨리,Adverb,103,0,,
설렁설렁,Adverb,1,-1,,
수시로,Adverb,2,0,,
수없이,Adverb,1,1.3,1,
스멀스멀,Adverb,1,0,,
쌀쌀,Adverb,1,0,,
쌩쌩,Adverb,1,-1,,
쓸데없이,Adverb,1,0,,
아낌없이,Adverb,6,1.2,1,
아득바득,Adverb,1,0,,
아마도,Adverb,1,0,,
아무래도,Adverb,10,0,,
아무리,Adverb,20,0,,
아무튼,Adverb,3,0,,
아삭아삭,Adverb,3,1,,
아조,Adverb,2,0,,
아주아주,Adverb,2,1.6,1,
아직,Adverb,31,0,,
아직도,Adverb,8,0,,
암튼,Adverb,14,0,,
어느,Adverb,8,0,,
어디서,Adverb,6,0,,
어딜,Adverb,8,0,,
어영부영,Adverb,1,-1,,
어쩌나,Adverb,3,0,,
어쩌다,Adverb,7,0,,
어쩔,Adverb,5,0,,
어찌나,Adverb,8,1.5,1,
언능,Adverb,1,0,,
언제나,Adverb,23,0,,
언젠가,Adverb,2,0,,
엄청,Adverb,270,1.5,1,
없이,Adverb,345,0,,
연신,Adverb,1,0,,
열심히,Adverb,8,0,,
오독오독,Adverb,2,1,,
오돌토돌,Adverb,1,0,,
오동통,Adverb,1,0,,
오래,Adverb,62,0,,
오래간만,Adverb,3,0,,
오래도록,Adverb,1,0,,
오래전,Adverb,4,0,,
오랜,Adverb,4,0,,
오랫동안,Adverb,4,0,,
오손도손,Adverb,1,0,,
와장창,Adverb,1,-1,,
왁자지껄,Adverb,1,0,,
왠지,Adverb,5,0,,
우루루,Adverb,2,0,,
우연히,Adverb,34,0,,
우우,Adverb,1,0,,
유난히,Adverb,3,1.3,1,
으응,Adverb,1,0,,
의외로,Adverb,12,0,,
이렇게,Adverb,120,0,,
이리,Adverb,8,0,,
이맘때,Adverb,1,0,,
이미,Adverb,35,0,,
자꾸자꾸,Adverb,1,1.5,1,
자연스레,Adverb,1,0,,
자주자주,Adverb,1,0,,
저렇게,Adverb,9,0,,
적어도,Adverb,5,0,,
정말로,Adverb,10,1.4,1,
정신없이,Adverb,9,0,,
조금씩,Adverb,11,0.8,,
조아,Adverb,3,0,,
죄다,Adverb,2,1.2,1,
지극히,Adverb,5,1.5,1,
짜글짜글,Adverb,1,0,,
짜르르,Adverb,1,0,,
짜박,Adverb,5,0,,
찌릉,Adverb,1,0,,
찔금,Adverb,2,0.7,,
천천히,Adverb,9,0,,
첨으로,Adverb,2,0,,
치렁치렁,Adverb,1,0,,
콩콩,Adverb,1,0,,
쾅쾅,Adverb,1,0,,
탈탈,Adverb,1,0,,
탱글탱글,Adverb,1,1,,
특히,Adverb,211,0,,
팍팍,Adverb,10,1.2,1,
팡팡,Adverb,6,0,,
평당,Adverb,2,0,,
포슬포슬,Adverb,3,1,,
푸덕,Adverb,1,0,,
푸들푸들,Adverb,1,0,,
푹푹,Adverb,1,0,,
하나같이,Adverb,9,0,,
하여간,Adverb,1,0,,
한가득,Adverb,3,1.2,1,
한결같이,Adverb,3,0,,
한껏,Adverb,3,1.4,1,
한동안,Adverb,3,0,,
한때,Adverb,2,0,,
한소끔,Adverb,1,0,,
함께,Adverb,143,0,,
허허,Adverb,3,0,,
헉헉,Adverb,1,0,,
호로록,Adverb,4,0,,
혹은,Adverb,4,0,,
후딱,Adverb,3,0,,
훨씬,Adverb,25,1.3,1,
휘휘,Adverb,1,0,,
가깝다,Adjective,33,0,,
가난하다,Adjective,1,-1,,
가능하다,Adjective,87,0,,
가득하다,Adjective,35,1,,
가볍다,Adjective,32,0,,
각박하다,Adjective,1,-1,,
간결하다,Adjective,1,1,,
간단하다,Adjective,12,0,,
간절하다,Adjective,2,0,,
간편하다,Adjective,4,1,,
갑작스럽다,Adjective,2,0,,
강력하다,Adjective,4,1,,
강렬하다,Adjective,3,0,,
강하다,Adjective,60,0,,
같다,Adjective,1058,0,,
개운하다,Adjective,14,1,,
거뜬하다,Adjective,2,1,,
거북하다,Adjective,1,-1,,
건강하다,Adjective,54,1,,
걸쭉하다,Adjective,4,1,,
검다,Adjective,3,0,,
계시다,Adjective,32,0,,
고급스럽다,Adjective,12,2,,
고맙다,Adjective,6,2,,
고소하다,Adjective,131,1,,
고슬고슬하다,Adjective,2,1,,
고프다,Adjective,5,0,,
곤란하다,Adjective,3,-1,,
곱다,Adjective,11,0,,
공평하다,Adjective,1,1,,
괘씸하다,Adjective,1,-2,,
괜찮다,Adjective,205,1,,
괴롭다,Adjective,1,-1,,
굉장하다,Adjective,45,2,,
구리다,Adjective,1,-2,,
구수하다,Adjective,32,1,,
굳다,Adjective,40,0,,
굵다,Adjective,12,0,,
궁금하다,Adjective,58,0,,
귀엽다,Adjective,9,1,,
귀찮다,Adjective,6,-1,,
귀하다,Adjective,6,1,,
균일하다,Adjective,1,0,,
그러하다,Adjective,1,0,,
그렇다,Adjective,281,0,,
그립다,Adjective,3,0,,
그만하다,Adjective,6,0,,
그을리다,Adjective,1,0,,
극진하다,Adjective,1,1,,
급하다,Adjective,12,,,
기괴하다,Adjective,2,-1,,
기대하다,Adjective,39,0,,
기막히다,Adjective,1,-1,,
기쁘다,Adjective,2,2,,
길다,Adjective,73,0,,
길쭉하다,Adjective,1,0,,
깊다,Adjective,72,0,,
까다롭다,Adjective,1,-1,,
까맣다,Adjective,4,0,,
까칠하다,Adjective,4,-1,,
깔끔하다,Adjective,484,1,,
깨끗하다,Adjective,61,2,,
꼬들꼬들하다,Adjective,4,1,,
꼬이다,Adjective,2,-1,,
꼼꼼하다,Adjective,2,1,,
꾸준하다,Adjective,7,1,,
끊임없다,Adjective,4,0,,
끝내주다,Adjective,22,2,,
나쁘다,Adjective,74,-2,,
날카롭다,Adjective,3,-1,,
낡다,Adjective,1,-1,,
남다르다,Adjective,3,1,,
남짓하다,Adjective,1,0,,
낭비하다,Adjective,1,-1,,
낮다,Adjective,8,0,,
냉정하다,Adjective,2,-1,,
너무하다,Adjective,1,-1,,
넉넉하다,Adjective,56,1,,
널찍하다,Adjective,3,1,,
넓다,Adjective,154,1,,
넘치다,Adjective,24,0,,
넙데데하다,Adjective,1,0,,
노랗다,Adjective,1,0,,
노련하다,Adjective,1,0,,
놀랍다,Adjective,3,0,,
놀래다,Adjective,12,0,,
높다,Adjective,49,0,,
눅눅하다,Adjective,3,-1,,
눅진하다,Adjective,1,0,,
느긋하다,Adjective,1,0,,
느끼하다,Adjective,82,-1,,
느리다,Adjective,7,-1,,
능숙하다,Adjective,1,1,,
다르다,Adjective,81,0,,
다분하다,Adjective,1,0,,
다양하다,Adjective,163,1,,
다정하다,Adjective,3,1,,
다행하다,Adjective,24,1,,
단단하다,Adjective,4,0,,
단순하다,Adjective,11,0,,
단조롭다,Adjective,1,-1,,
달짝지근하다,Adjective,6,1,,
달착지근하다,Adjective,1,1,,
달콤하다,Adjective,13,1,,
달큼하다,Adjective,2,0,,
담백하다,Adjective,126,1,,
답답하다,Adjective,3,-1,,
당당하다,Adjective,2,0,,
당연하다,Adjective,16,0,,
당하다,Adjective,10,0,,
당혹스럽다,Adjective,1,-1,,
대단하다,Adjective,10,0,,
대담하다,Adjective,1,0,,
더럽다,Adjective,14,-2,,
더부룩하다,Adjective,2,-1,,
더하다,Adjective,15,0,,
덜하다,Adjective,9,0,,
덥다,Adjective,54,-1,,
도톰하다,Adjective,6,1,,
독특하다,Adjective,45,0,,
동일하다,Adjective,2,0,,
두껍다,Adjective,33,0,,
두텁다,Adjective,1,0,,
뒤늦다,Adjective,2,0,,
드라마틱하다,Adjective,1,0,,
드럽다,Adjective,1,-2,,
드물다,Adjective,2,0,,
든든하다,Adjective,65,1,,
듬직하다,Adjective,2,1,,
따갑다,Adjective,1,-1,,
따끈하다,Adjective,7,1,,
따뜻하다,Adjective,67,1,,
따스하다,Adjective,1,1,,
딱딱하다,Adjective,13,-1,,
딱이다,Adjective,48,1,,
딱좋다,Adjective,6,2,,
딱하다,Adjective,12,0,,
딴다,Adjective,1,0,,
똑같다,Adjective,11,0,,
뛰어나다,Adjective,10,2,,
뜨겁다,Adjective,33,0,,
뜨끈하다,Adjective,29,1,,
뜨끔하다,Adjective,1,0,,
뜨뜻하다,Adjective,1,1,,
마땅하다,Adjective,2,0,,
마르다,Adjective,7,0,,
마지못하다,Adjective,1,-1,,
만족스럽다,Adjective,125,2,,
만족하다,Adjective,79,1,,
많다,Adjective,989,0,,"소스 많아서 별로라는 리뷰도 있고,,"
말르다,Adjective,7,0,,
맑다,Adjective,24,1,,
맛깔나다,Adjective,4,2,,
맛없다,Adjective,67,-2,,
맛있다,Adjective,4871,2,,
망하다,Adjective,2,-2,,
맵다,Adjective,68,0,,
맹맹하다,Adjective,4,-1,,
머쓱하다,Adjective,1,0,,
멀다,Adjective,17,-1,,
멀쩡하다,Adjective,2,1,,
멋있다,Adjective,8,1,,
멋지다,Adjective,10,2,,
멍청하다,Adjective,1,-1,,
명명하다,Adjective,1,0,,
명확하다,Adjective,1,1,,
모호하다,Adjective,3,0,,
몰지각하다,Adjective,1,-1,,
몰캉하다,Adjective,1,0,,
무겁다,Adjective,10,0,,
무덥다,Adjective,1,0,,
무뚝뚝하다,Adjective,1,-1,,
무례하다,Adjective,3,-2,,
무리다,Adjective,1,-1,,
무섭다,Adjective,2,-1,,
무심하다,Adjective,2,-1,,
무안하다,Adjective,2,-1,,
묵직하다,Adjective,8,0,,
물컹하다,Adjective,1,-1,,
묽다,Adjective,2,-1,,
미끄럽다,Adjective,1,-1,,
미묘하다,Adjective,4,0,,
미미하다,Adjective,1,-1,,
미세하다,Adjective,2,0,,
미안하다,Adjective,12,-1,,
미지근하다,Adjective,14,-1,,
미치다,Adjective,100,0,,
미흡하다,Adjective,3,-1,,
민감하다,Adjective,6,0,,
민망하다,Adjective,2,-1,,
밉다,Adjective,33,-1,,
밋밋하다,Adjective,1,-1,,
바쁘다,Adjective,99,0,,
바삭바삭하다,Adjective,3,1,,
박하다,Adjective,4,-1,,
반갑다,Adjective,5,1,,
반하다,Adjective,8,0,,
배고프다,Adjective,27,-1,,
배부르다,Adjective,93,1,,
번하다,Adjective,1,0,,
변하다,Adjective,46,0,,
별다르다,Adjective,2,0,,
보드랍다,Adjective,2,0,,
보들보들하다,Adjective,1,1,,
복잡하다,Adjective,5,-1,,
부끄럽다,Adjective,4,0,,
부다,Adjective,10,0,,
부담스럽다,Adjective,6,-1,,
부드럽다,Adjective,321,1,,
부들부들하다,Adjective,9,1,,
부들하다,Adjective,1,0,,
부럽다,Adjective,1,0,,
부실하다,Adjective,10,-1,,
부족하다,Adjective,19,-1,,
부지런하다,Adjective,1,0,,
부탁드리다,Adjective,12,0,,
분명하다,Adjective,6,0,,
분주하다,Adjective,4,0,,
불가능하다,Adjective,2,-1,,
불가피하다,Adjective,1,0,,
불가하다,Adjective,3,-1,,
불결하다,Adjective,1,-2,,
불안하다,Adjective,1,-1,,
불친절하다,Adjective,99,-2,,
불쾌하다,Adjective,28,-2,,
불편하다,Adjective,47,-1,,
불필요하다,Adjective,1,-1,,
붉다,Adjective,1,0,,
비리다,Adjective,21,-2,,
비슷하다,Adjective,25,0,,
비싸다,Adjective,113,-1,,
빈약하다,Adjective,2,-1,,
빠르다,Adjective,77,1,,
빡치다,Adjective,2,-2,,
빨갛다,Adjective,10,0,,
빨르다,Adjective,12,0,,
뻔하다,Adjective,5,0,,
뻣뻣하다,Adjective,6,-1,,
뽀얗다,Adjective,3,0,,
뿌듯하다,Adjective,5,2,,
뿌옇다,Adjective,2,0,,
뿐이다,Adjective,5,0,,
사납다,Adjective,2,-1,,
사소하다,Adjective,2,0,,
사악하다,Adjective,4,-2,,
산뜻하다,Adjective,4,1,,
산만하다,Adjective,2,-1,,
삼삼하다,Adjective,12,0,,
상관없다,Adjective,5,0,,
상냥하다,Adjective,1,2,,
상당하다,Adjective,32,0,,
상쾌하다,Adjective,4,2,,
새롭다,Adjective,46,1,,
색다르다,Adjective,46,1,,
생소하다,Adjective,2,-1,,
서운하다,Adjective,5,-1,,
서툴다,Adjective,1,-1,,
설레다,Adjective,4,1,,
섬세하다,Adjective,1,1,,
섭하다,Adjective,1,-1,,
성공하다,Adjective,4,0,,
성하다,Adjective,7,0,,
세련되다,Adjective,9,2,,
소박하다,Adjective,3,1,,
소소하다,Adjective,4,0,,
소중하다,Adjective,3,2,,
소홀하다,Adjective,1,-1,,
속상하다,Adjective,6,-1,,
솔직하다,Adjective,50,-1,,
수수하다,Adjective,1,0,,
수월하다,Adjective,1,1,,
숙성하다,Adjective,1,0,,
순수하다,Adjective,4,0,,
순하다,Adjective,6,1,,
쉽다,Adjective,1,0,,
스럽다,Adjective,51,0,,
슬프다,Adjective,8,-2,,
시끄럽다,Adjective,46,-1,,
시끌벅적하다,Adjective,7,-1,,
시끌시끌하다,Adjective,3,0,,
시들하다,Adjective,1,-1,,
시르다,Adjective,3,0,,
시뻘겋다,Adjective,1,0,,
시원하다,Adjective,75,1,,
시큰둥하다,Adjective,1,-1,,
시큼하다,Adjective,8,0,,
신기하다,Adjective,38,0,,
신나다,Adjective,9,2,,
신비롭다,Adjective,1,2,,
신선하다,Adjective,120,2,,
신속하다,Adjective,3,1,,
실망하다,Adjective,22,-2,,
실패하다,Adjective,4,-2,,
실하다,Adjective,14,1,,
싫다,Adjective,27,-2,,
싫어지다,Adjective,2,-2,,
싫어하다,Adjective,21,-2,,
심각하다,Adjective,2,-1,,
심심하다,Adjective,17,-1,,
심하다,Adjective,27,-1,,
싱겁다,Adjective,39,-1,,
싱그럽다,Adjective,1,1,,
싱싱하다,Adjective,18,2,,
싸늘하다,Adjective,2,-1,,
쌀쌀하다,Adjective,9,0,,
쌉싸름하다,Adjective,2,0,,
쌉쌀하다,Adjective,1,1,,
쎄다,Adjective,30,0,,
쏠쏠하다,Adjective,1,1,,
쓰다,Adjective,1,0,,
아깝다,Adjective,42,-1,,
아끼다,Adjective,1,0,,
아늑하다,Adjective,34,1,,
아니다,Adjective,606,0,,
아담하다,Adjective,2,1,,
아무렇다,Adjective,8,0,,
아쉽다,Adjective,183,-1,,
아프다,Adjective,6,-1,,
안남다,Adjective,1,0,,
안녕하다,Adjective,2,0,,
안되다,Adjective,95,0,,
안락하다,Adjective,2,1,,
안쓰럽다,Adjective,1,-1,,
안일하다,Adjective,1,-1,,
안좋다,Adjective,30,-1,,
안타깝다,Adjective,4,-1,,
알맞다,Adjective,9,1,,
알차다,Adjective,38,2,,
암담하다,Adjective,1,-2,,
압박당하다,Adjective,1,0,,
앙상하다,Adjective,2,-1,,
앙이다,Adjective,1,0,,
0하다,Adjective,18,-1,,
애처롭다,Adjective,1,-1,,
야들야들하다,Adjective,28,1,,
야무지다,Adjective,16,1,,
야박하다,Adjective,1,-1,,
야하다,Adjective,57,0,,
약하다,Adjective,20,-1,,
얇다,Adjective,40,0,,
양하다,Adjective,1,0,,
얕다,Adjective,1,0,,
어느새다,Adjective,2,0,,
어둑하다,Adjective,1,0,,
어둡다,Adjective,4,0,,
어떠하다,Adjective,1,0,,
어떡하다,Adjective,1,0,,
어떻다,Adjective,46,0,,
어렵다,Adjective,32,-1,,
어마어마하다,Adjective,6,0,,
어색하다,Adjective,2,-1,,
어설프다,Adjective,1,-1,,
어수선하다,Adjective,3,-1,,
어이없다,Adjective,6,-1,,
어정쩡하다,Adjective,1,-1,,
어중간하다,Adjective,1,-1,,
어지간하다,Adjective,4,-1,,
억세다,Adjective,2,-1,,
억울하다,Adjective,3,-1,,
억지스럽다,Adjective,1,-1,,
언짢다,Adjective,1,-1,,
얼얼하다,Adjective,1,0,,
얼큰하다,Adjective,26,1,,
엄청나다,Adjective,38,1.4,1,
없다,Adjective,889,0,,
엉뚱하다,Adjective,1,0,,
여전하다,Adjective,67,0,,
역겹다,Adjective,4,-2,,
역다,Adjective,2,0,,
연하다,Adjective,13,0,,
옅다,Adjective,3,0,,
예민하다,Adjective,14,-1,,
예쁘다,Adjective,45,1,,
예사롭다,Adjective,2,0,,
오동통하다,Adjective,1,1,,
오래되다,Adjective,19,0,,
오묘하다,Adjective,3,0,,
올바르다,Adjective,1,1,,
옳다,Adjective,1,1,,
완벽하다,Adjective,40,2,,
완전하다,Adjective,7,1,,
왠만하다,Adjective,5,1,,
요란하다,Adjective,2,-1,,
용하다,Adjective,4,0,,
우악스럽다,Adjective,1,-1,,
원하다,Adjective,18,0,,
원활하다,Adjective,1,1,,
웬만하다,Adjective,9,1,,
위대하다,Adjective,1,2,,
위험하다,Adjective,1,-1,,
유머러스하다,Adjective,2,2,,
유명하다,Adjective,163,0,,
유사하다,Adjective,3,0,,
유일하다,Adjective,3,0,,
유치하다,Adjective,1,-1,,
유쾌하다,Adjective,3,2,,
유해하다,Adjective,1,-1,,
은은하다,Adjective,34,1,,
의심스럽다,Adjective,2,-1,,
이다,Adjective,686,0,,
이러하다,Adjective,1,0,,
이렇다,Adjective,117,0,,
이롭다,Adjective,1,2,,
이름나다,Adjective,2,0,,
이쁘다,Adjective,16,1,,
이상하다,Adjective,26,-1,,
익숙하다,Adjective,16,0,,
인하다,Adjective,6,0,,
일정하다,Adjective,4,0,,
있다,Adjective,2055,0,,
자리다,Adjective,13,0,,
자세하다,Adjective,2,0,,
자연스럽다,Adjective,1,1,,
자유롭다,Adjective,3,0,,
자작하다,Adjective,2,1,,
자잘하다,Adjective,2,0,,
작다,Adjective,42,0,,양+작다=>부정/
잔잔하다,Adjective,4,1,,
잘생기다,Adjective,1,2,,
재미있다,Adjective,12,2,,
재밌다,Adjective,45,1,,
저렇다,Adjective,3,0,,
저렴하다,Adjective,34,1,,
적당하다,Adjective,128,1,,
적응하다,Adjective,1,0,,
적절하다,Adjective,11,1,,
적합하다,Adjective,3,1,,
전화하다,Adjective,2,0,,
젊다,Adjective,13,0,,
정갈하다,Adjective,100,1,,
정겹다,Adjective,2,2,,
정성스럽다,Adjective,7,1,,
정신차리다,Adjective,5,0,,
정중하다,Adjective,2,1,,
정직하다,Adjective,4,1,,
정확하다,Adjective,5,1,,
조심스럽다,Adjective,3,0,,
조용하다,Adjective,49,1,,
조화롭다,Adjective,15,1,,
좁다,Adjective,39,-1,,
좋다,Adjective,3067,0,,좋지 않다
좋아하다,Adjective,291,1,,
죄송하다,Adjective,19,0,,
주도하다,Adjective,1,0,,
중요하다,Adjective,18,0,,
즐겁다,Adjective,62,2,,
지루하다,Adjective,2,-1,,
지저분하다,Adjective,3,-1,,
직하다,Adjective,6,0,,
진부하다,Adjective,1,-1,,
진솔하다,Adjective,1,1,,
진실되다,Adjective,1,1,,
진정하다,Adjective,1,0,,
진지하다,Adjective,1,0,,
진하다,Adjective,110,1,,
짙다,Adjective,3,0,,
짜증나다,Adjective,4,-2,,
짠하다,Adjective,1,0,,
짧다,Adjective,11,0,,
짭짤하다,Adjective,10,0,,
쫄깃,Adjective,49,1,,
찐득하다,Adjective,1,0,,
찜찜하다,Adjective,1,-1,,
찝찝하다,Adjective,5,-1,,
차갑다,Adjective,11,0,,
차분하다,Adjective,15,0,,
착하다,Adjective,25,1,,
찬란하다,Adjective,1,2,,
찰지다,Adjective,2,1,,
창피하다,Adjective,1,-1,,
천하다,Adjective,3,-1,,
철저하다,Adjective,1,1,,
청결하다,Adjective,28,1,,
청량하다,Adjective,1,1,,
초라하다,Adjective,1,-1,,
촉촉하다,Adjective,38,1,,
추하다,Adjective,37,0,,
출중하다,Adjective,1,2,,
출출하다,Adjective,1,0,,
춥다,Adjective,11,-1,,
충분하다,Adjective,54,1,,
충실하다,Adjective,6,1,,
치열하다,Adjective,2,0,,
친근하다,Adjective,3,2,,
친절하다,Adjective,919,2,,
친하다,Adjective,4,0,,
칼칼하다,Adjective,30,1,,
쾌적하다,Adjective,51,2,,
쾌활하다,Adjective,1,0,,
쿰쿰하다,Adjective,2,-1,,
큼지막하다,Adjective,4,0,,
큼직큼직하다,Adjective,1,1,,
큼직하다,Adjective,10,0,,
탁월하다,Adjective,6,2,,
탁하다,Adjective,1,-1,,
탄탄하다,Adjective,2,1,,
탱글탱글하다,Adjective,1,1,,
탱탱하다,Adjective,6,1,,
토실토실하다,Adjective,1,1,,
톡톡하다,Adjective,2,0,,
통통하다,Adjective,3,0,,
투명하다,Adjective,3,0,,
특별하다,Adjective,115,1,,
특이하다,Adjective,44,0,,
특출나다,Adjective,5,2,,
튼실하다,Adjective,1,1,,
파릇하다,Adjective,1,0,,
패배하다,Adjective,1,-1,,
편리하다,Adjective,2,1,,
편안하다,Adjective,40,1,,
편찮다,Adjective,1,-1,,
편하다,Adjective,247,1,,
평범하다,Adjective,73,0,,
평이하다,Adjective,2,0,,
포근하다,Adjective,1,1,,
푸근하다,Adjective,1,1,,
푸석하다,Adjective,1,-1,,
풍부하다,Adjective,10,2,,
풍족하다,Adjective,1,1,,
피곤하다,Adjective,2,-1,,
필요없다,Adjective,15,-1,,
필요하다,Adjective,29,0,,
하얗다,Adjective,5,0,,
한가하다,Adjective,3,0,,
한결같다,Adjective,5,0,,
한산하다,Adjective,3,0,,
행복하다,Adjective,34,2,,
헷갈리다,Adjective,2,-1,,
현명하다,Adjective,2,2,,
혼잡하다,Adjective,3,-1,,
홍대하다,Adjective,1,0,,
화끈하다,Adjective,1,1,,
화려하다,Adjective,5,0,,
화하다,Adjective,1,0,,
확고하다,Adjective,1,0,,
확실하다,Adjective,46,0,,
환장하다,Adjective,2,-1,,
활기차다,Adjective,2,2,,
황당하다,Adjective,5,-1,,
황홀하다,Adjective,2,2,,
후회되다,Adjective,4,-2,,
훌륭하다,Adjective,57,2,,
휘하다,Adjective,1,0,,
휼륭하다,Adjective,2,2,,
흐뭇하다,Adjective,1,2,,
흔쾌하다,Adjective,1,1,,
흔하다,Adjective,23,0,,
흠잡다,Adjective,1,0,,
희다,Adjective,8,0,,
희미하다,Adjective,2,0,,
희한하다,Adjective,3,0,,
힘겹다,Adjective,3,-1,,
힘드다,Adjective,14,0,,
힘들다,Adjective,48,-1,,
큼직하다,Adjective,,1,,
느끼하다,Adjective,,-1,,
