word,category,polarity,score,,,,,,,,,,,,,,
별미,food,positive,2,,,,,,,,,,,,,,
부드럽다,food,positive,2,,,,,,,,,,,,,,
배부르다,food,positive,2,,,,,,,,,,,,,,
맛있다,food,positive,2,,,,,,,,,,,,,,
살살,food,positive,2,,,,,,,,,,,,,,
녹다,food,positive,2,,,,,,,,,,,,,,
야들야들,food,positive,2,,,,,,,,,,,,,,
고소하다,food,positive,2,,,,,,,,,,,,,,
환상,food,positive,2,,,,,,,,,,,,,,
궁합,food,positive,2,,,,,,,,,,,,,,
킥,food,positive,2,,,,,,,,,,,,,,
감동,food,positive,2,,,,,,,,,,,,,,
뚝딱,food,positive,2,,,,,,,,,,,,,,
적당하다,food,positive,1,,,,,,,,,,,,,,
최고,food,positive,2,,,,,,,,,,,,,,
만족스럽다,food,positive,2,,,,,,,,,,,,,,
알차다,food,positive,2,,,,,,,,,,,,,,
깔끔하다,food,positive,2,,,,,,,,,,,,,,
만족,food,positive,2,,,,,,,,,,,,,,
넉넉하다,food,positive,2,,,,,,,,,,,,,,
괜찮다,food,positive,1,,,,,,,,,,,,,,
달짝지근하다,food,positive,2,,,,,,,,,,,,,,
신선하다,food,positive,2,,,,,,,,,,,,,,
상큼,food,positive,2,,,,,,,,,,,,,,
정신없이,food,positive,1,,,,,,,,,,,,,,
자주,food,positive,1,,,,,,,,,,,,,,
건강하다,food,positive,2,,,,,,,,,,,,,,
위생,food,positive,2,,,,,,,,,,,,,,
색다르다,food,positive,2,,,,,,,,,,,,,,
비법,food,positive,1,,,,,,,,,,,,,,
굿굿,food,positive,2,,,,,,,,,,,,,,
질도,food,positive,1,,,,,,,,,,,,,,
양도,food,positive,1,,,,,,,,,,,,,,
끝내주다,food,positive,2,,,,,,,,,,,,,,
싱싱하다,food,positive,2,,,,,,,,,,,,,,
얼큰하다,food,positive,2,,,,,,,,,,,,,,
달콤하다,food,positive,2,,,,,,,,,,,,,,
곁들이다,food,positive,1,,,,,,,,,,,,,,
당기다,food,positive,2,,,,,,,,,,,,,,
눈물나다,food,positive,2,,,,,,,,,,,,,,
충분하다,food,positive,2,,,,,,,,,,,,,,
충만,food,positive,2,,,,,,,,,,,,,,
촉촉하다,food,positive,2,,,,,,,,,,,,,,
보드랍다,food,positive,2,,,,,,,,,,,,,,
미치다,food,positive,2,,,,,,,,,,,,,,
다양하다,food,positive,2,,,,,,,,,,,,,,
감탄,food,positive,2,,,,,,,,,,,,,,
편하다,food,positive,2,,,,,,,,,,,,,,
추천,food,positive,2,,,,,,,,,,,,,,
빠르다,food,positive,2,,,,,,,,,,,,,,
무척,food,positive,2,,,,,,,,,,,,,,
매우,food,positive,2,,,,,,,,,,,,,,
훌륭하다,food,positive,2,,,,,,,,,,,,,,
정갈하다,food,positive,2,,,,,,,,,,,,,,
인상,food,positive,1,,,,,,,,,,,,,,
어울리다,food,positive,2,,,,,,,,,,,,,,
야무지다,food,positive,2,,,,,,,,,,,,,,
여전하다,food,positive,2,,,,,,,,,,,,,,
담백하다,food,positive,2,,,,,,,,,,,,,,
쫀득쫀득한,food,positive,2,,,,,,,,,,,,,,
맛집,food,positive,2,,,,,,,,,,,,,,
인생,food,positive,2,,,,,,,,,,,,,,
압도,food,positive,2,,,,,,,,,,,,,,
존맛,food,positive,2,,,,,,,,,,,,,,
개존맛,food,positive,2,,,,,,,,,,,,,,
개굿,food,positive,2,,,,,,,,,,,,,,
굿,food,positive,2,,,,,,,,,,,,,,
크다,food,positive,2,,,,,,,,,,,,,,
뜨끈하다,food,positive,2,,,,,,,,,,,,,,
딱이다,food,positive,2,,,,,,,,,,,,,,
특색,food,positive,2,,,,,,,,,,,,,,
내공,food,positive,2,,,,,,,,,,,,,,
시원하다,food,positive,2,,,,,,,,,,,,,,
두툼하다,food,positive,2,,,,,,,,,,,,,,
충실하다,food,positive,2,,,,,,,,,,,,,,
두툼하다,food,positive,2,,,,,,,,,,,,,,
충실하다,food,positive,2,,,,,,,,,,,,,,
물질,food,negative,-2,,,,,,,,,,,,,,
흔하다,food,negative,-2,,,,,,,,,,,,,,
느끼하다,food,negative,-2,,,,,,,,,,,,,,
모호,food,negative,-2,,,,,,,,,,,,,,
아깝다,food,negative,-2,,,,,,,,,,,,,,
짜다,food,negative,-2,,,,,,,,,,,,,,
퍽퍽,food,negative,-2,,,,,,,,,,,,,,
적다,food,negative,-2,,,,,,,,,,,,,,
힘들다,food,negative,-2,,,,,,,,,,,,,,
부족하다,food,negative,-2,,,,,,,,,,,,,,
쿰쿰하다,food,negative,-2,,,,,,,,,,,,,,
비리다,food,negative,-2,,,,,,,,,,,,,,
배탈,food,negative,-2,,,,,,,,,,,,,,
심각하다,food,negative,-2,,,,,,,,,,,,,,
부실하다,food,negative,-2,,,,,,,,,,,,,,
달다,food,negative,-1,,,,,,,,,,,,,,
애매하다,food,negative,-2,,,,,,,,,,,,,,
의문,food,negative,-2,,,,,,,,,,,,,,
흐물흐물,food,negative,-2,,,,,,,,,,,,,,
차갑다,food,negative,-2,,,,,,,,,,,,,,
질김,food,negative,-2,,,,,,,,,,,,,,
질기다,food,negative,-2,,,,,,,,,,,,,,
미지근하다,food,negative,-2,,,,,,,,,,,,,,
맛있다,food,positive,1,,,,,,,,,,,,,,
너무 맛있다,food,positive,1,,,,,,,,,,,,,,
진짜 맛있다,food,positive,1,,,,,,,,,,,,,,
음식 맛있다,food,positive,1,,,,,,,,,,,,,,
고소하다,food,positive,1,,,,,,,,,,,,,,
담백하다,food,positive,1,,,,,,,,,,,,,,
신선하다,food,positive,1,,,,,,,,,,,,,,
고기 맛있다,food,positive,1,,,,,,,,,,,,,,
고기 부드럽다,food,positive,1,,,,,,,,,,,,,,
안주 맛있다,food,positive,1,,,,,,,,,,,,,,
김치 맛있다,food,positive,1,,,,,,,,,,,,,,
음식 깔끔하다,food,positive,1,,,,,,,,,,,,,,
반찬 맛있다,food,positive,1,,,,,,,,,,,,,,
국물 진하다,food,positive,1,,,,,,,,,,,,,,
느끼하다 않다,food,positive,1,,,,,,,,,,,,,,
국물 깔끔하다,food,positive,1,,,,,,,,,,,,,,
소스 맛있다,food,positive,1,,,,,,,,,,,,,,
메뉴 맛있다,food,positive,1,,,,,,,,,,,,,,
고기 좋다,food,positive,1,,,,,,,,,,,,,,
보쌈 맛있다,food,positive,1,,,,,,,,,,,,,,
비빔밥 맛있다,food,positive,1,,,,,,,,,,,,,,
재료 신선하다,food,positive,1,,,,,,,,,,,,,,
식감 좋다,food,positive,1,,,,,,,,,,,,,,
양념 맛있다,food,positive,1,,,,,,,,,,,,,,
반찬 깔끔하다,food,positive,1,,,,,,,,,,,,,,
음식 좋다,food,positive,1,,,,,,,,,,,,,,
고기 신선하다,food,positive,1,,,,,,,,,,,,,,
볶음밥 맛있다,food,positive,1,,,,,,,,,,,,,,
파스타 맛있다,food,positive,1,,,,,,,,,,,,,,
삼겹살 맛있다,food,positive,1,,,,,,,,,,,,,,
감자탕 맛있다,food,positive,1,,,,,,,,,,,,,,
밑반찬 맛있다,food,positive,1,,,,,,,,,,,,,,
감칠맛 좋다,food,positive,1,,,,,,,,,,,,,,
김치 좋다,food,positive,1,,,,,,,,,,,,,,
반찬 다양하다,food,positive,1,,,,,,,,,,,,,,
돼지갈비 맛있다,food,positive,1,,,,,,,,,,,,,,
닭갈비 맛있다,food,positive,1,,,,,,,,,,,,,,
국물 맛있다,food,positive,1,,,,,,,,,,,,,,
음식 괜찮다,food,positive,1,,,,,,,,,,,,,,
김치찌개 맛있다,food,positive,1,,,,,,,,,,,,,,
찌개 맛있다,food,positive,1,,,,,,,,,,,,,,
국물 좋다,food,positive,1,,,,,,,,,,,,,,
국물 시원하다,food,positive,1,,,,,,,,,,,,,,
국물 깊다,food,positive,1,,,,,,,,,,,,,,
갈비 맛있다,food,positive,1,,,,,,,,,,,,,,
밑반찬 깔끔하다,food,positive,1,,,,,,,,,,,,,,
냄새 없이,food,positive,1,,,,,,,,,,,,,,
곰탕 맛있다,food,positive,1,,,,,,,,,,,,,,
육회 맛있다,food,positive,1,,,,,,,,,,,,,,
설렁탕 맛있다,food,positive,1,,,,,,,,,,,,,,
보쌈 부드럽다,food,positive,1,,,,,,,,,,,,,,
메뉴 추천,food,positive,1,,,,,,,,,,,,,,
냉면 맛있다,food,positive,1,,,,,,,,,,,,,,
메뉴 좋다,food,positive,1,,,,,,,,,,,,,,
간편하다,food,positive,1,,,,,,,,,,,,,,
냄새 없다,food,positive,1,,,,,,,,,,,,,,
된장찌개 맛있다,food,positive,1,,,,,,,,,,,,,,
김치 최고,food,positive,2,,,,,,,,,,,,,,
칼국수 맛있다,food,positive,1,,,,,,,,,,,,,,
맛있다 맵다,food,positive,1,,,,,,,,,,,,,,
보쌈 최고,food,positive,2,,,,,,,,,,,,,,
보쌈 훌륭하다,food,positive,2,,,,,,,,,,,,,,
곰탕 깔끔하다,food,positive,1,,,,,,,,,,,,,,
국밥 깔끔하다,food,positive,1,,,,,,,,,,,,,,
고기 깔끔하다,food,positive,1,,,,,,,,,,,,,,
설렁탕 좋다,food,positive,1,,,,,,,,,,,,,,
국물 최고,food,positive,2,,,,,,,,,,,,,,
비빔밥 고소하다,food,positive,1,,,,,,,,,,,,,,
비빔밥 추천,food,positive,1,,,,,,,,,,,,,,
샐러드 맛있다,food,positive,1,,,,,,,,,,,,,,
간도 좋다,food,positive,1,,,,,,,,,,,,,,
김치 신선하다,food,positive,1,,,,,,,,,,,,,,
국물 얼큰하다,food,positive,1,,,,,,,,,,,,,,
짜다,food,negative,-1,,,,,,,,,,,,,,
느끼하다,food,negative,-1,,,,,,,,,,,,,,
맵다,food,negative,-1,,,,,,,,,,,,,,
맛없다,food,negative,-2,,,,,,,,,,,,,,
싱겁다,food,negative,-1,,,,,,,,,,,,,,
맛있다 않다,food,negative,-1,,,,,,,,,,,,,,
고기 별로,food,negative,-1,,,,,,,,,,,,,,
김치 아쉽다,food,negative,-1,,,,,,,,,,,,,,
고기 누리다,food,negative,-1,,,,,,,,,,,,,,
신선하다 않다,food,negative,-1,,,,,,,,,,,,,,
파스타 느끼하다,food,negative,-1,,,,,,,,,,,,,,
깊다 않다,food,negative,-1,,,,,,,,,,,,,,
고기 아쉽다,food,negative,-1,,,,,,,,,,,,,,
진하다 않다,food,negative,-1,,,,,,,,,,,,,,
부드럽다 않다,food,negative,-1,,,,,,,,,,,,,,
감자탕 맛없다,food,negative,-2,,,,,,,,,,,,,,
국물 텁텁하다,food,negative,-1,,,,,,,,,,,,,,
간 세다,food,negative,-1,,,,,,,,,,,,,,
간 약하다,food,negative,-1,,,,,,,,,,,,,,
반찬 없다,food,negative,-1,,,,,,,,,,,,,,
메뉴 없다,food,negative,-1,,,,,,,,,,,,,,
약간 짜다,food,negative,-1,,,,,,,,,,,,,,
질리다,food,negative,-2,,,,,,,,,,,,,,
친절하다,service,positive,1,,,,,,,,,,,,,,
직원 친절하다,service,positive,1,,,,,,,,,,,,,,
대기 없이,service,positive,1,,,,,,,,,,,,,,
사장 친절하다,service,positive,1,,,,,,,,,,,,,,
정말 친절하다,service,positive,1,,,,,,,,,,,,,,
서비스 좋다,service,positive,1,,,,,,,,,,,,,,
주문 빠르다,service,positive,1,,,,,,,,,,,,,,
포장 추천,service,positive,1,,,,,,,,,,,,,,
설명 자세하다,service,positive,1,,,,,,,,,,,,,,
대처 좋다,service,positive,1,,,,,,,,,,,,,,
친절하다 않다,service,negative,-1,,,,,,,,,,,,,,
직원 불친절하다,service,negative,-2,,,,,,,,,,,,,,
웨이팅 길다,service,negative,-1,,,,,,,,,,,,,,
서비스 별로,service,negative,-1,,,,,,,,,,,,,,
빠르다 않다,service,negative,-1,,,,,,,,,,,,,,
대기 별로,service,negative,-1,,,,,,,,,,,,,,
대기 길다,service,negative,-1,,,,,,,,,,,,,,
사장 불친절하다,service,negative,-2,,,,,,,,,,,,,,
설명 부족하다,service,negative,-1,,,,,,,,,,,,,,
대처 별로,service,negative,-1,,,,,,,,,,,,,,
설명 없다,service,negative,-1,,,,,,,,,,,,,,
좋다,service,positive,2,,,,,,,,,,,,,,
친절하다,service,positive,2,,,,,,,,,,,,,,
오래오래,service,positive,2,,,,,,,,,,,,,,
서비스,service,positive,2,,,,,,,,,,,,,,
번창,service,positive,2,,,,,,,,,,,,,,
전설,service,positive,2,,,,,,,,,,,,,,
도전,service,positive,1,,,,,,,,,,,,,,
감사,service,positive,2,,,,,,,,,,,,,,
자주,service,positive,1,,,,,,,,,,,,,,
조만간,service,positive,1,,,,,,,,,,,,,,
대박나다,service,positive,2,,,,,,,,,,,,,,
감사하다,service,positive,2,,,,,,,,,,,,,,
바쁘다,service,negative,-2,,,,,,,,,,,,,,
대충,service,negative,-2,,,,,,,,,,,,,,
이상하다,service,negative,-1,,,,,,,,,,,,,,
굳이,service,negative,-2,,,,,,,,,,,,,,
푸대접,service,negative,-2,,,,,,,,,,,,,,
안좋다,service,negative,-2,,,,,,,,,,,,,,
쫓다,service,negative,-2,,,,,,,,,,,,,,
불편하다,service,negative,-2,,,,,,,,,,,,,,
불친절,service,negative,-2,,,,,,,,,,,,,,
엉망,service,negative,-2,,,,,,,,,,,,,,
상식,service,negative,-2,,,,,,,,,,,,,,
심하다,service,negative,-2,,,,,,,,,,,,,,
교육,service,negative,-1,,,,,,,,,,,,,,
힘들다,service,negative,-2,,,,,,,,,,,,,,
불가,service,negative,-2,,,,,,,,,,,,,,
나쁘다,service,negative,-2,,,,,,,,,,,,,,
희한하다,service,negative,-2,,,,,,,,,,,,,,
싫어지다,service,negative,-2,,,,,,,,,,,,,,
운빨,service,negative,-2,,,,,,,,,,,,,,
투덜대다,service,negative,-2,,,,,,,,,,,,,,
혼잡하다,service,negative,-2,,,,,,,,,,,,,,
사과,service,negative,-1,,,,,,,,,,,,,,
죄송하다,service,negative,-2,,,,,,,,,,,,,,
망치다,service,negative,-2,,,,,,,,,,,,,,
입맛,service,negative,-2,,,,,,,,,,,,,,
떨어지다,service,negative,-2,,,,,,,,,,,,,,
플레인,service,negative,-2,,,,,,,,,,,,,,
신경질,service,negative,-2,,,,,,,,,,,,,,
불쾌하다,service,negative,-2,,,,,,,,,,,,,,
안되다,service,negative,-2,,,,,,,,,,,,,,
더럽다,service,negative,-2,,,,,,,,,,,,,,
어렵다,service,negative,-2,,,,,,,,,,,,,,
그냥,service,negative,-1,,,,,,,,,,,,,,
당황,service,negative,-2,,,,,,,,,,,,,,
급하다,service,negative,-2,,,,,,,,,,,,,,
시큰둥하다,service,negative,-2,,,,,,,,,,,,,,
최악,service,negative,-2,,,,,,,,,,,,,,
던지다,service,negative,-2,,,,,,,,,,,,,,
별로,service,negative,-2,,,,,,,,,,,,,,
다만,service,negative,-2,,,,,,,,,,,,,,
근데,service,negative,-2,,,,,,,,,,,,,,
지저분하다,service,negative,-2,,,,,,,,,,,,,,
행주,service,negative,-1,,,,,,,,,,,,,,
쓴소리,service,negative,-2,,,,,,,,,,,,,,
미안하다,service,negative,-2,,,,,,,,,,,,,,
거절,service,negative,-2,,,,,,,,,,,,,,
신고,service,negative,-2,,,,,,,,,,,,,,
낄낄대다,service,negative,-2,,,,,,,,,,,,,,
공산주의,service,negative,-1,,,,,,,,,,,,,,
잡치다,service,negative,-2,,,,,,,,,,,,,,
에바,service,negative,-2,,,,,,,,,,,,,,
소진,service,negative,-2,,,,,,,,,,,,,,
독촉,service,negative,-2,,,,,,,,,,,,,,
뉘앙스,service,negative,-2,,,,,,,,,,,,,,
불가,service,negative,-2,,,,,,,,,,,,,,
싸가지,service,negative,-2,,,,,,,,,,,,,,
개판,service,negative,-2,,,,,,,,,,,,,,
태도,service,negative,-2,,,,,,,,,,,,,,
어이없다,service,negative,-2,,,,,,,,,,,,,,
가성,price,positive,2,,,,,,,,,,,,,,
뽐내다,price,positive,2,,,,,,,,,,,,,,
저렴,price,positive,2,,,,,,,,,,,,,,
싸다,price,positive,2,,,,,,,,,,,,,,
착하다,price,positive,2,,,,,,,,,,,,,,
저렴하다,price,positive,2,,,,,,,,,,,,,,
비싸다,price,negative,-2,,,,,,,,,,,,,,
싸다,price,positive,1,,,,,,,,,,,,,,
저렴하다,price,positive,1,,,,,,,,,,,,,,
가격 착하다,price,positive,1,,,,,,,,,,,,,,
가격 저렴하다,price,positive,1,,,,,,,,,,,,,,
가격 괜찮다,price,positive,1,,,,,,,,,,,,,,
가격 싸다,price,positive,1,,,,,,,,,,,,,,
가격 좋다,price,positive,1,,,,,,,,,,,,,,
가성비 미쳤다,price,positive,2,,,,,,,,,,,,,,
돈값 하다,price,positive,1,,,,,,,,,,,,,,
비싸다,price,negative,-1,,,,,,,,,,,,,,
가격 비싸다,price,negative,-1,,,,,,,,,,,,,,
가격 사악하다,price,negative,-2,,,,,,,,,,,,,,
저렴하다 않다,price,negative,-1,,,,,,,,,,,,,,
싸다 않다,price,negative,-1,,,,,,,,,,,,,,
가성비 떨어지다,price,negative,-1,,,,,,,,,,,,,,
돈값 못하다,price,negative,-2,,,,,,,,,,,,,,
엄청 비싸다,price,negative,-2,,,,,,,,,,,,,,
가성,price,positive,2,,,,,,,,,,,,,,
뽐내다,price,positive,2,,,,,,,,,,,,,,
저렴,price,positive,2,,,,,,,,,,,,,,
싸다,price,positive,2,,,,,,,,,,,,,,
착하다,price,positive,2,,,,,,,,,,,,,,
저렴하다,price,positive,2,,,,,,,,,,,,,,
비싸다,price,negative,-2,,,,,,,,,,,,,,
분위기 좋다,atmosphere,positive,1,,,,,,,,,,,,,,
깨끗하다,atmosphere,positive,1,,,,,,,,,,,,,,
매장 넓다,atmosphere,positive,1,,,,,,,,,,,,,,
매장 깔끔하다,atmosphere,positive,1,,,,,,,,,,,,,,
청결하다,atmosphere,positive,1,,,,,,,,,,,,,,
분위기 깔끔하다,atmosphere,positive,1,,,,,,,,,,,,,,
시끄럽다 않다,atmosphere,positive,1,,,,,,,,,,,,,,
매장 쾌적하다,atmosphere,positive,1,,,,,,,,,,,,,,
매장 깨끗하다,atmosphere,positive,1,,,,,,,,,,,,,,
자리 넓다,atmosphere,positive,1,,,,,,,,,,,,,,
내부 넓다,atmosphere,positive,1,,,,,,,,,,,,,,
인테리어 깔끔하다,atmosphere,positive,1,,,,,,,,,,,,,,
내부 깔끔하다,atmosphere,positive,1,,,,,,,,,,,,,,
공간 넓다,atmosphere,negative,1,,,,,,,,,,,,,,
분위기 아늑하다,atmosphere,negative,1,,,,,,,,,,,,,,
데이트 좋다,atmosphere,negative,1,,,,,,,,,,,,,,
인테리어 좋다,atmosphere,negative,1,,,,,,,,,,,,,,
데이트 추천,atmosphere,negative,1,,,,,,,,,,,,,,
분위기 편하다,atmosphere,negative,1,,,,,,,,,,,,,,
테이블 넓다,atmosphere,negative,1,,,,,,,,,,,,,,
넓다 않다,atmosphere,negative,-1,,,,,,,,,,,,,,
위생 별로,atmosphere,negative,-1,,,,,,,,,,,,,,
자리 불편하다,atmosphere,negative,-2,,,,,,,,,,,,,,
깨끗하다 않다,atmosphere,negative,-1,,,,,,,,,,,,,,
자리 좁다,atmosphere,negative,-1,,,,,,,,,,,,,,
위생 안좋다,atmosphere,negative,-1,,,,,,,,,,,,,,
공간 좁다,atmosphere,negative,-1,,,,,,,,,,,,,,
공간 협소하다,atmosphere,negative,-1,,,,,,,,,,,,,,
자리 없다,atmosphere,negative,-1,,,,,,,,,,,,,,
조용하다,atmosphere,positive,1,,,,,,,,,,,,,,
보람,atmosphere,positive,2,,,,,,,,,,,,,,
즐겁다,atmosphere,positive,2,,,,,,,,,,,,,,
활기,atmosphere,positive,2,,,,,,,,,,,,,,
행복,atmosphere,positive,2,,,,,,,,,,,,,,
금방,atmosphere,positive,1,,,,,,,,,,,,,,
추억,atmosphere,positive,1,,,,,,,,,,,,,,
딱좋다,atmosphere,positive,2,,,,,,,,,,,,,,
깨끗하다,atmosphere,positive,2,,,,,,,,,,,,,,
길다,atmosphere,negative,-1,,,,,,,,,,,,,,
덥다,atmosphere,negative,-2,,,,,,,,,,,,,,
벌레,atmosphere,negative,-2,,,,,,,,,,,,,,
혼잡하다,atmosphere,negative,-2,,,,,,,,,,,,,,
시끄럽다,atmosphere,negative,-2,,,,,,,,,,,,,,
북적,atmosphere,negative,-1,,,,,,,,,,,,,,
정신,atmosphere,negative,-1,,,,,,,,,,,,,,
단점,atmosphere,negative,-2,,,,,,,,,,,,,,
고성방가,atmosphere,negative,-2,,,,,,,,,,,,,,
협소,atmosphere,negative,-2,,,,,,,,,,,,,,
끈적,atmosphere,negative,-2,,,,,,,,,,,,,,
혼잡,atmosphere,negative,-2,,,,,,,,,,,,,,
삿대질,atmosphere,negative,-2,,,,,,,,,,,,,,
파리,atmosphere,negative,-2,,,,,,,,,,,,,,
답답하다,atmosphere,negative,-2,,,,,,,,,,,,,,
바퀴벌레,atmosphere,negative,-2,,,,,,,,,,,,,,
부적합,atmosphere,negative,-2,,,,,,,,,,,,,,
좋다,소민,positive,1,,,,,,,,,,,,,,
맛집,소민,positive,1,,,,,,,,,,,,,,
추천,소민,positive,1,,,,,,,,,,,,,,
깔끔하다,소민,positive,1,,,,,,,,,,,,,,
너무 좋다,소민,positive,1,,,,,,,,,,,,,,
부드럽다,소민,positive,1,,,,,,,,,,,,,,
최고,소민,positive,2,,,,,,,,,,,,,,
편하다,소민,positive,1,,,,,,,,,,,,,,
괜찮다,소민,positive,1,,,,,,,,,,,,,,
정말 맛있다,소민,positive,1,,,,,,,,,,,,,,
너무 친절하다,소민,positive,1,,,,,,,,,,,,,,
넓다,소민,positive,1,,,,,,,,,,,,,,
만족스럽다,소민,positive,1,,,,,,,,,,,,,,
강추,소민,positive,2,,,,,,,,,,,,,,
정갈하다,소민,positive,1,,,,,,,,,,,,,,
존맛,소민,positive,2,,,,,,,,,,,,,,
만족하다,소민,positive,1,,,,,,,,,,,,,,
빠르다,소민,positive,1,,,,,,,,,,,,,,
만족,소민,positive,1,,,,,,,,,,,,,,
든든하다,소민,positive,1,,,,,,,,,,,,,,
훌륭하다,소민,positive,2,,,,,,,,,,,,,,
넉넉하다,소민,positive,1,,,,,,,,,,,,,,
대박,소민,positive,2,,,,,,,,,,,,,,
쾌적하다,소민,positive,1,,,,,,,,,,,,,,
친절,소민,positive,1,,,,,,,,,,,,,,
맛있다 좋다,소민,positive,1,,,,,,,,,,,,,,
완벽하다,소민,positive,2,,,,,,,,,,,,,,
정말 좋다,소민,positive,1,,,,,,,,,,,,,,
엄청나다,소민,positive,1,,,,,,,,,,,,,,
나쁘다 않다,소민,positive,1,,,,,,,,,,,,,,
굿굿,소민,positive,1,,,,,,,,,,,,,,
엄청 맛있다,소민,positive,1,,,,,,,,,,,,,,
완전 맛있다,소민,positive,1,,,,,,,,,,,,,,
신선하다 맛있다,소민,positive,1,,,,,,,,,,,,,,
끝내주다,소민,positive,2,,,,,,,,,,,,,,
너무 부드럽다,소민,positive,1,,,,,,,,,,,,,,
완전 추천,소민,positive,2,,,,,,,,,,,,,,
엄청 친절하다,소민,positive,1,,,,,,,,,,,,,,
진짜 최고,소민,positive,2,,,,,,,,,,,,,,
너무 깔끔하다,소민,positive,1,,,,,,,,,,,,,,
엄청 부드럽다,소민,positive,1,,,,,,,,,,,,,,
너무 편하다,소민,positive,1,,,,,,,,,,,,,,
진짜 좋다,소민,positive,1,,,,,,,,,,,,,,
너무 만족스럽다,소민,positive,1,,,,,,,,,,,,,,
담백하다 맛있다,소민,positive,1,,,,,,,,,,,,,,
너무 만족하다,소민,positive,1,,,,,,,,,,,,,,
맛있다 깔끔하다,소민,positive,1,,,,,,,,,,,,,,
정말 깔끔하다,소민,positive,1,,,,,,,,,,,,,,
고소하다 맛있다,소민,positive,1,,,,,,,,,,,,,,
진짜 맛집,소민,positive,1,,,,,,,,,,,,,,
맛있다 강추,소민,positive,2,,,,,,,,,,,,,,
진짜 부드럽다,소민,positive,1,,,,,,,,,,,,,,
진짜 존맛,소민,positive,2,,,,,,,,,,,,,,
정말 최고,소민,positive,2,,,,,,,,,,,,,,
매우 친절하다,소민,positive,1,,,,,,,,,,,,,,
매우 좋다,소민,positive,1,,,,,,,,,,,,,,
정말 부드럽다,소민,positive,1,,,,,,,,,,,,,,
맛있다 최고,소민,positive,2,,,,,,,,,,,,,,
꿀맛,소민,positive,1,,,,,,,,,,,,,,
매우 맛있다,소민,positive,1,,,,,,,,,,,,,,
엄청 좋다,소민,positive,1,,,,,,,,,,,,,,
신선하다 좋다,소민,positive,1,,,,,,,,,,,,,,
완전 친절하다,소민,positive,1,,,,,,,,,,,,,,
엄청 넓다,소민,positive,1,,,,,,,,,,,,,,
맛있다 맛있다,소민,positive,1,,,,,,,,,,,,,,
딱좋다,소민,positive,1,,,,,,,,,,,,,,
짱짱,소민,positive,1,,,,,,,,,,,,,,
개존맛,소민,positive,2,,,,,,,,,,,,,,
정말 만족스럽다,소민,positive,1,,,,,,,,,,,,,,
완전 좋다,소민,positive,1,,,,,,,,,,,,,,
완전 강추,소민,positive,2,,,,,,,,,,,,,,
매우 만족,소민,positive,1,,,,,,,,,,,,,,
완전 만족,소민,positive,1,,,,,,,,,,,,,,
진짜 깔끔하다,소민,positive,1,,,,,,,,,,,,,,
완전 만족하다,소민,positive,1,,,,,,,,,,,,,,
진짜 추천,소민,positive,1,,,,,,,,,,,,,,
성공하다,소민,positive,1,,,,,,,,,,,,,,
존맛탱,소민,positive,2,,,,,,,,,,,,,,
너무 추천,소민,positive,1,,,,,,,,,,,,,,
담백하다 좋다,소민,positive,1,,,,,,,,,,,,,,
담백하다 깔끔하다,소민,positive,1,,,,,,,,,,,,,,
매우 만족하다,소민,positive,1,,,,,,,,,,,,,,
너무 맛집,소민,positive,1,,,,,,,,,,,,,,
진짜 강추,소민,positive,2,,,,,,,,,,,,,,
고소하다 부드럽다,소민,positive,1,,,,,,,,,,,,,,
진짜 신선하다,소민,positive,1,,,,,,,,,,,,,,
너무 고소하다,소민,positive,1,,,,,,,,,,,,,,
맛있다 괜찮다,소민,positive,1,,,,,,,,,,,,,,
매우 훌륭하다,소민,positive,2,,,,,,,,,,,,,,
완전 최고,소민,positive,2,,,,,,,,,,,,,,
너무 신선하다,소민,positive,1,,,,,,,,,,,,,,
엄청 신선하다,소민,positive,1,,,,,,,,,,,,,,
너무 정갈하다,소민,positive,1,,,,,,,,,,,,,,
너무 괜찮다,소민,positive,1,,,,,,,,,,,,,,
아쉽다 않다,소민,positive,1,,,,,,,,,,,,,,
매우 부드럽다,소민,positive,1,,,,,,,,,,,,,,
너무 깨끗하다,소민,positive,1,,,,,,,,,,,,,,
기다림 없이,소민,positive,1,,,,,,,,,,,,,,
정말 추천,소민,positive,1,,,,,,,,,,,,,,
진짜 친절하다,소민,positive,1,,,,,,,,,,,,,,
정말 만족하다,소민,positive,1,,,,,,,,,,,,,,
완전 맛집,소민,positive,1,,,,,,,,,,,,,,
엄청 고소하다,소민,positive,1,,,,,,,,,,,,,,
정말 신선하다,소민,positive,1,,,,,,,,,,,,,,
고소하다 좋다,소민,positive,1,,,,,,,,,,,,,,
맛있다 부드럽다,소민,positive,1,,,,,,,,,,,,,,
정말 고소하다,소민,positive,1,,,,,,,,,,,,,,
매우 추천,소민,positive,1,,,,,,,,,,,,,,
추천드립니다,소민,positive,1,,,,,,,,,,,,,,
재방문 예정,소민,positive,2,,,,,,,,,,,,,,
또 갈게요,소민,positive,2,,,,,,,,,,,,,,
아쉽다,소민,negative,-1,,,,,,,,,,,,,,
별로,소민,negative,-1,,,,,,,,,,,,,,
불친절하다,소민,negative,-2,,,,,,,,,,,,,,
늦다,소민,negative,-1,,,,,,,,,,,,,,
최악,소민,negative,-2,,,,,,,,,,,,,,
불편하다,소민,negative,-2,,,,,,,,,,,,,,
시끄럽다,소민,negative,-1,,,,,,,,,,,,,,
불친절,소민,negative,-1,,,,,,,,,,,,,,
아깝다,소민,negative,-1,,,,,,,,,,,,,,
좁다,소민,negative,-1,,,,,,,,,,,,,,
실망,소민,negative,-2,,,,,,,,,,,,,,
안좋다,소민,negative,-2,,,,,,,,,,,,,,
불쾌하다,소민,negative,-2,,,,,,,,,,,,,,
이상하다,소민,negative,-1,,,,,,,,,,,,,,
너무 불친절하다,소민,negative,-2,,,,,,,,,,,,,,
실망하다,소민,negative,-2,,,,,,,,,,,,,,
비리다,소민,negative,-1,,,,,,,,,,,,,,
비추다,소민,negative,-2,,,,,,,,,,,,,,
좋다 않다,소민,negative,-1,,,,,,,,,,,,,,
짜증,소민,negative,-1,,,,,,,,,,,,,,
더럽다,소민,negative,-1,,,,,,,,,,,,,,
딱딱하다,소민,negative,-1,,,,,,,,,,,,,,
차갑다,소민,negative,-1,,,,,,,,,,,,,,
조금 아쉽다,소민,negative,-1,,,,,,,,,,,,,,
그닥,소민,negative,-1,,,,,,,,,,,,,,
너무 시끄럽다,소민,negative,-1,,,,,,,,,,,,,,
아쉬움,소민,negative,-1,,,,,,,,,,,,,,
너무 비싸다,소민,negative,-1,,,,,,,,,,,,,,
기분 안좋다,소민,negative,-2,,,,,,,,,,,,,,
너무 짜다,소민,negative,-1,,,,,,,,,,,,,,
느리다,소민,negative,-1,,,,,,,,,,,,,,
너무 별로,소민,negative,-1,,,,,,,,,,,,,,
너무 싱겁다,소민,negative,-1,,,,,,,,,,,,,,
불만,소민,negative,-1,,,,,,,,,,,,,,
너무 불쾌하다,소민,negative,-2,,,,,,,,,,,,,,
맛있다 짜다,소민,negative,-1,,,,,,,,,,,,,,
너무 아쉽다,소민,negative,-1,,,,,,,,,,,,,,
너무 좁다,소민,negative,-1,,,,,,,,,,,,,,
정말 불친절하다,소민,negative,-2,,,,,,,,,,,,,,
엉망,소민,negative,-2,,,,,,,,,,,,,,
그다지,소민,negative,-1,,,,,,,,,,,,,,
짜증나다,소민,negative,-1,,,,,,,,,,,,,,
조금 늦다,소민,negative,-1,,,,,,,,,,,,,,
짜다 맛있다,소민,negative,-1,,,,,,,,,,,,,,
너무 불편하다,소민,negative,-2,,,,,,,,,,,,,,
정말 최악,소민,negative,-2,,,,,,,,,,,,,,
너무 맛없다,소민,negative,-2,,,,,,,,,,,,,,
너무 맵다,소민,negative,-1,,,,,,,,,,,,,,
너무 불친절,소민,negative,-1,,,,,,,,,,,,,,
너무 더럽다,소민,negative,-1,,,,,,,,,,,,,,
조금 비싸다,소민,negative,-1,,,,,,,,,,,,,,
지저분하다,소민,negative,-1,,,,,,,,,,,,,,
불만족,소민,negative,-2,,,,,,,,,,,,,,
눅눅하다,소민,negative,-1,,,,,,,,,,,,,,
조금 시끄럽다,소민,negative,-1,,,,,,,,,,,,,,
짜다 아쉽다,소민,negative,-1,,,,,,,,,,,,,,
너무 아깝다,소민,negative,-1,,,,,,,,,,,,,,
리뷰 안좋다,소민,negative,-2,,,,,,,,,,,,,,
엄청 시끄럽다,소민,negative,-1,,,,,,,,,,,,,,
조금 짜다,소민,negative,-1,,,,,,,,,,,,,,
살짝 아쉽다,소민,negative,-1,,,,,,,,,,,,,,
느끼하다 맛있다,소민,negative,-1,,,,,,,,,,,,,,
진짜 별로,소민,negative,-1,,,,,,,,,,,,,,
완전 별로,소민,negative,-2,,,,,,,,,,,,,,
조금 불편하다,소민,negative,-1,,,,,,,,,,,,,,
가꾸다,소민,소민,0,,,,,,,,,,,,,,
가다,소민,소민,0,,,,,,,,,,,,,,
가려지다,소민,소민,0,,,,,,,,,,,,,,
가르다,소민,소민,0,,,,,,,,,,,,,,
가르치다,소민,소민,0,,,,,,,,,,,,,,
가리다,소민,소민,0,,,,,,,,,,,,,,
가리키다,소민,소민,0,,,,,,,,,,,,,,
가버리다,소민,소민,0,,,,,,,,,,,,,,
가보다,소민,소민,0,,,,,,,,,,,,,,
가시다,소민,소민,0,,,,,,,,,,,,,,
가져가다,소민,소민,0,,,,,,,,,,,,,,
가져다주다,소민,소민,0,,,,,,,,,,,,,,
가져오다,소민,소민,0,,,,,,,,,,,,,,
가지다,소민,소민,0,,,,,,,,,,,,,,
가하다,소민,소민,0,,,,,,,,,,,,,,
갇히다,소민,소민,0,,,,,,,,,,,,,,
갈다,소민,소민,0,,,,,,,,,,,,,,
갈라지다,소민,소민,0,,,,,,,,,,,,,,
갈리다,소민,소민,0,,,,,,,,,,,,,,
감다,소민,소민,0,,,,,,,,,,,,,,
감사하다,소민,소민,2,,,,,,,,,,,,,,
감싸다,소민,소민,0,,,,,,,,,,,,,,
감추다,소민,소민,0,,,,,,,,,,,,,,
갖다,소민,소민,0,,,,,,,,,,,,,,
갖추다,소민,소민,0,,,,,,,,,,,,,,
개다,소민,소민,0,,,,,,,,,,,,,,
거들다,소민,소민,0,,,,,,,,,,,,,,
거슬리다,소민,소민,-1,,,,,,,,,,,,,,
거치다,소민,소민,0,,,,,,,,,,,,,,
건네주다,소민,소민,0,,,,,,,,,,,,,,
건지다,소민,소민,0,,,,,,,,,,,,,,
걷다,소민,소민,0,,,,,,,,,,,,,,
걸다,소민,소민,0,,,,,,,,,,,,,,
걸리다,소민,소민,0,,,,,,,,,,,,,,
걸어가다,소민,소민,0,,,,,,,,,,,,,,
걸어오다,소민,소민,0,,,,,,,,,,,,,,
걸치다,소민,소민,0,,,,,,,,,,,,,,
겁나다,소민,소민,0,,,,,,,,,,,,,,
겁니다,소민,소민,0,,,,,,,,,,,,,,
겠다,소민,소민,0,,,,,,,,,,,,,,
겪다,소민,소민,0,,,,,,,,,,,,,,
견디다,소민,소민,0,,,,,,,,,,,,,,
곁들이다,소민,소민,0,,,,,,,,,,,,,,
고르다,소민,소민,0,,,,,,,,,,,,,,
고치다,소민,소민,0,,,,,,,,,,,,,,
구르다,소민,소민,0,,,,,,,,,,,,,,
굴러가다,소민,소민,0,,,,,,,,,,,,,,
굶다,소민,소민,0,,,,,,,,,,,,,,
굶주리다,소민,소민,0,,,,,,,,,,,,,,
굽다,소민,소민,0,,,,,,,,,,,,,,
권하다,소민,소민,0,,,,,,,,,,,,,,
그려지다,소민,소민,0,,,,,,,,,,,,,,
그리다,소민,소민,0,,,,,,,,,,,,,,
그치다,소민,소민,0,,,,,,,,,,,,,,
긁다,소민,소민,0,,,,,,,,,,,,,,
긋다,소민,소민,0,,,,,,,,,,,,,,
기다,소민,소민,0,,,,,,,,,,,,,,
기다리다,소민,소민,0,,,,,,,,,,,,,,
기대다,소민,소민,0,,,,,,,,,,,,,,
기르다,소민,소민,0,,,,,,,,,,,,,,
기억나다,소민,소민,0,,,,,,,,,,,,,,
기울이다,소민,소민,0,,,,,,,,,,,,,,
길어지다,소민,소민,0,,,,,,,,,,,,,,
까먹다,소민,소민,0,,,,,,,,,,,,,,
깎다,소민,소민,0,,,,,,,,,,,,,,
깔다,소민,소민,0,,,,,,,,,,,,,,
깔리다,소민,소민,0,,,,,,,,,,,,,,
깨끗해지다,소민,소민,0,,,,,,,,,,,,,,
깨다,소민,소민,0,,,,,,,,,,,,,,
깨부수다,소민,소민,0,,,,,,,,,,,,,,
깨지다,소민,소민,0,,,,,,,,,,,,,,
꺼내다,소민,소민,0,,,,,,,,,,,,,,
꺼리다,소민,소민,0,,,,,,,,,,,,,,
꺼지다,소민,소민,0,,,,,,,,,,,,,,
껵다,소민,소민,0,,,,,,,,,,,,,,
꼽히다,소민,소민,0,,,,,,,,,,,,,,
꽂다,소민,소민,0,,,,,,,,,,,,,,
꽂히다,소민,소민,0,,,,,,,,,,,,,,
꽉차다,소민,소민,0,,,,,,,,,,,,,,
꾸다,소민,소민,0,,,,,,,,,,,,,,
꾸미다,소민,소민,0,,,,,,,,,,,,,,
꿈꾸다,소민,소민,0,,,,,,,,,,,,,,
끄다,소민,소민,0,,,,,,,,,,,,,,
끄덕이다,소민,소민,0,,,,,,,,,,,,,,
끊기다,소민,소민,0,,,,,,,,,,,,,,
끊다,소민,소민,0,,,,,,,,,,,,,,
끊어지다,소민,소민,0,,,,,,,,,,,,,,
끌다,소민,소민,0,,,,,,,,,,,,,,
끌리다,소민,소민,0,,,,,,,,,,,,,,
끓다,소민,소민,0,,,,,,,,,,,,,,
끓이다,소민,소민,0,,,,,,,,,,,,,,
끝나다,소민,소민,0,,,,,,,,,,,,,,
끝내다,소민,소민,0,,,,,,,,,,,,,,
끼다,소민,소민,0,,,,,,,,,,,,,,
끼우다,소민,소민,0,,,,,,,,,,,,,,
끼치다,소민,소민,0,,,,,,,,,,,,,,
낄낄대다,소민,소민,0,,,,,,,,,,,,,,
나가다,소민,소민,0,,,,,,,,,,,,,,
나누다,소민,소민,0,,,,,,,,,,,,,,
나뉘다,소민,소민,0,,,,,,,,,,,,,,
나다,소민,소민,0,,,,,,,,,,,,,,
나르다,소민,소민,0,,,,,,,,,,,,,,
나무라다,소민,소민,0,,,,,,,,,,,,,,
나빠지다,소민,소민,0,,,,,,,,,,,,,,
나서다,소민,소민,0,,,,,,,,,,,,,,
나아지다,소민,소민,0,,,,,,,,,,,,,,
나오다,소민,소민,0,,,,,,,,,,,,,,
날다,소민,소민,0,,,,,,,,,,,,,,
날리다,소민,소민,0,,,,,,,,,,,,,,
날아가다,소민,소민,0,,,,,,,,,,,,,,
날아다니다,소민,소민,0,,,,,,,,,,,,,,
남기다,소민,소민,0,,,,,,,,,,,,,,
남다,소민,소민,0,,,,,,,,,,,,,,
낫다,소민,소민,0,,,,,,,,,,,,,,
낮추다,소민,소민,0,,,,,,,,,,,,,,
낳다,소민,소민,0,,,,,,,,,,,,,,
내놓다,소민,소민,0,,,,,,,,,,,,,,
내다,소민,소민,0,,,,,,,,,,,,,,
내려가다,소민,소민,0,,,,,,,,,,,,,,
내려놓다,소민,소민,0,,,,,,,,,,,,,,
내려오다,소민,소민,0,,,,,,,,,,,,,,
내려지다,소민,소민,0,,,,,,,,,,,,,,
내리다,소민,소민,0,,,,,,,,,,,,,,
내미다,소민,소민,0,,,,,,,,,,,,,,
내뱉다,소민,소민,0,,,,,,,,,,,,,,
내보내다,소민,소민,0,,,,,,,,,,,,,,
내주다,소민,소민,0,,,,,,,,,,,,,,
널다,소민,소민,0,,,,,,,,,,,,,,
넘기다,소민,소민,0,,,,,,,,,,,,,,
넘다,소민,소민,0,,,,,,,,,,,,,,
넘어가다,소민,소민,0,,,,,,,,,,,,,,
넘어서다,소민,소민,0,,,,,,,,,,,,,,
넘어오다,소민,소민,0,,,,,,,,,,,,,,
넣다,소민,소민,0,,,,,,,,,,,,,,
노려보다,소민,소민,0,,,,,,,,,,,,,,
노리다,소민,소민,0,,,,,,,,,,,,,,
녹다,소민,소민,0,,,,,,,,,,,,,,
녹아내리다,소민,소민,0,,,,,,,,,,,,,,
녹이다,소민,소민,0,,,,,,,,,,,,,,
놀다,소민,소민,0,,,,,,,,,,,,,,
놀라다,소민,소민,0,,,,,,,,,,,,,,
높아지다,소민,소민,0,,,,,,,,,,,,,,
높이다,소민,소민,0,,,,,,,,,,,,,,
놓다,소민,소민,0,,,,,,,,,,,,,,
놓이다,소민,소민,0,,,,,,,,,,,,,,
놓치다,소민,소민,0,,,,,,,,,,,,,,
누르다,소민,소민,0,,,,,,,,,,,,,,
누리다,소민,소민,0,,,,,,,,,,,,,,
눈감다,소민,소민,0,,,,,,,,,,,,,,
눈뜨다,소민,소민,0,,,,,,,,,,,,,,
눈물나다,소민,소민,0,,,,,,,,,,,,,,
느껴지다,소민,소민,0,,,,,,,,,,,,,,
느끼다,소민,소민,0,,,,,,,,,,,,,,
늘다,소민,소민,0,,,,,,,,,,,,,,
늘리다,소민,소민,0,,,,,,,,,,,,,,
늘어나다,소민,소민,0,,,,,,,,,,,,,,
늘어서다,소민,소민,0,,,,,,,,,,,,,,
늙다,소민,소민,0,,,,,,,,,,,,,,
늦다,소민,소민,0,,,,,,,,,,,,,,
늦어지다,소민,소민,0,,,,,,,,,,,,,,
늦추다,소민,소민,0,,,,,,,,,,,,,,
다가오다,소민,소민,0,,,,,,,,,,,,,,
다녀가다,소민,소민,0,,,,,,,,,,,,,,
다녀오다,소민,소민,0,,,,,,,,,,,,,,
다니다,소민,소민,0,,,,,,,,,,,,,,
다듬어지다,소민,소민,0,,,,,,,,,,,,,,
다루다,소민,소민,0,,,,,,,,,,,,,,
다시다,소민,소민,0,,,,,,,,,,,,,,
다잡다,소민,소민,0,,,,,,,,,,,,,,
다지다,소민,소민,0,,,,,,,,,,,,,,
다치다,소민,소민,0,,,,,,,,,,,,,,
닦다,소민,소민,0,,,,,,,,,,,,,,
닦이다,소민,소민,0,,,,,,,,,,,,,,
닫다,소민,소민,0,,,,,,,,,,,,,,
달구다,소민,소민,0,,,,,,,,,,,,,,
달다,소민,소민,0,,,,,,,,,,,,,,
달라지다,소민,소민,0,,,,,,,,,,,,,,
달래다,소민,소민,0,,,,,,,,,,,,,,
달려가다,소민,소민,0,,,,,,,,,,,,,,
달려오다,소민,소민,0,,,,,,,,,,,,,,
달리다,소민,소민,0,,,,,,,,,,,,,,
닮다,소민,소민,0,,,,,,,,,,,,,,
담그다,소민,소민,0,,,,,,,,,,,,,,
담기다,소민,소민,0,,,,,,,,,,,,,,
담다,소민,소민,0,,,,,,,,,,,,,,
당기다,소민,소민,0,,,,,,,,,,,,,,
대다,소민,소민,0,,,,,,,,,,,,,,
대박나다,소민,소민,0,,,,,,,,,,,,,,
대보다,소민,소민,0,,,,,,,,,,,,,,
대접받다,소민,소민,2,,,,,,,,,,,,,,
더러워지다,소민,소민,0,,,,,,,,,,,,,,
더불다,소민,소민,0,,,,,,,,,,,,,,
더워지다,소민,소민,0,,,,,,,,,,,,,,
던지다,소민,소민,-1,,,,,,,,,,,,,,
덜다,소민,소민,0,,,,,,,,,,,,,,
덧붙이다,소민,소민,0,,,,,,,,,,,,,,
덮다,소민,소민,0,,,,,,,,,,,,,,
덮이다,소민,소민,0,,,,,,,,,,,,,,
데려가다,소민,소민,0,,,,,,,,,,,,,,
데려오다,소민,소민,0,,,,,,,,,,,,,,
데리다,소민,소민,0,,,,,,,,,,,,,,
데우다,소민,소민,0,,,,,,,,,,,,,,
도드라지다,소민,소민,0,,,,,,,,,,,,,,
도려내다,소민,소민,0,,,,,,,,,,,,,,
도르다,소민,소민,0,,,,,,,,,,,,,,
도망치다,소민,소민,0,,,,,,,,,,,,,,
도와주다,소민,소민,0,,,,,,,,,,,,,,
돋다,소민,소민,0,,,,,,,,,,,,,,
돋보이다,소민,소민,0,,,,,,,,,,,,,,
돌다,소민,소민,0,,,,,,,,,,,,,,
돌려주다,소민,소민,0,,,,,,,,,,,,,,
돌리다,소민,소민,0,,,,,,,,,,,,,,
돌아가다,소민,소민,0,,,,,,,,,,,,,,
돌아다니다,소민,소민,0,,,,,,,,,,,,,,
돌아보다,소민,소민,0,,,,,,,,,,,,,,
돌아서다,소민,소민,0,,,,,,,,,,,,,,
돌아오다,소민,소민,0,,,,,,,,,,,,,,
돼다,소민,소민,0,,,,,,,,,,,,,,
되다,소민,소민,0,,,,,,,,,,,,,,
되어다,소민,소민,0,,,,,,,,,,,,,,
두다,소민,소민,0,,,,,,,,,,,,,,
두드리다,소민,소민,0,,,,,,,,,,,,,,
두르다,소민,소민,0,,,,,,,,,,,,,,
둘러보다,소민,소민,0,,,,,,,,,,,,,,
둘러싸다,소민,소민,0,,,,,,,,,,,,,,
뒤지다,소민,소민,0,,,,,,,,,,,,,,
뒤집어지다,소민,소민,0,,,,,,,,,,,,,,
드리다,소민,소민,0,,,,,,,,,,,,,,
듣다,소민,소민,0,,,,,,,,,,,,,,
들다,소민,소민,0,,,,,,,,,,,,,,
들려주다,소민,소민,0,,,,,,,,,,,,,,
들르다,소민,소민,0,,,,,,,,,,,,,,
들리다,소민,소민,0,,,,,,,,,,,,,,
들어가다,소민,소민,0,,,,,,,,,,,,,,
들어서다,소민,소민,0,,,,,,,,,,,,,,
들어오다,소민,소민,0,,,,,,,,,,,,,,
들어주다,소민,소민,0,,,,,,,,,,,,,,
들이다,소민,소민,0,,,,,,,,,,,,,,
들이켜다,소민,소민,0,,,,,,,,,,,,,,
들이키다,소민,소민,0,,,,,,,,,,,,,,
디지다,소민,소민,0,,,,,,,,,,,,,,
딛다,소민,소민,0,,,,,,,,,,,,,,
따다,소민,소민,0,,,,,,,,,,,,,,
따라가다,소민,소민,0,,,,,,,,,,,,,,
따라오다,소민,소민,0,,,,,,,,,,,,,,
따르다,소민,소민,0,,,,,,,,,,,,,,
따지다,소민,소민,0,,,,,,,,,,,,,,
때리다,소민,소민,0,,,,,,,,,,,,,,
때우다,소민,소민,0,,,,,,,,,,,,,,
땡기다,소민,소민,0,,,,,,,,,,,,,,
떠나다,소민,소민,0,,,,,,,,,,,,,,
떠들다,소민,소민,0,,,,,,,,,,,,,,
떠오르다,소민,소민,0,,,,,,,,,,,,,,
떠올리다,소민,소민,0,,,,,,,,,,,,,,
떠지다,소민,소민,0,,,,,,,,,,,,,,
떨구다,소민,소민,0,,,,,,,,,,,,,,
떨다,소민,소민,0,,,,,,,,,,,,,,
떨어뜨리다,소민,소민,0,,,,,,,,,,,,,,
떨어지다,소민,소민,0,,,,,,,,,,,,,,
떼다,소민,소민,0,,,,,,,,,,,,,,
뚫다,소민,소민,0,,,,,,,,,,,,,,
뚫리다,소민,소민,0,,,,,,,,,,,,,,
뛰다,소민,소민,0,,,,,,,,,,,,,,
뛰어넘다,소민,소민,0,,,,,,,,,,,,,,
뛰어들다,소민,소민,0,,,,,,,,,,,,,,
뛰어오다,소민,소민,0,,,,,,,,,,,,,,
뜨다,소민,소민,0,,,,,,,,,,,,,,
뜯기다,소민,소민,0,,,,,,,,,,,,,,
뜯다,소민,소민,0,,,,,,,,,,,,,,
띄다,소민,소민,0,,,,,,,,,,,,,,
띄우다,소민,소민,0,,,,,,,,,,,,,,
마시다,소민,소민,0,,,,,,,,,,,,,,
마싯다,소민,소민,0,,,,,,,,,,,,,,
마음먹다,소민,소민,0,,,,,,,,,,,,,,
마주치다,소민,소민,0,,,,,,,,,,,,,,
마치다,소민,소민,0,,,,,,,,,,,,,,
막다,소민,소민,0,,,,,,,,,,,,,,
막히다,소민,소민,0,,,,,,,,,,,,,,
만나다,소민,소민,0,,,,,,,,,,,,,,
만들다,소민,소민,0,,,,,,,,,,,,,,
만들어지다,소민,소민,0,,,,,,,,,,,,,,
만지다,소민,소민,0,,,,,,,,,,,,,,
많아지다,소민,소민,0,,,,,,,,,,,,,,
말다,소민,소민,0,,,,,,,,,,,,,,
말리다,소민,소민,0,,,,,,,,,,,,,,
말씀드리다,소민,소민,0,,,,,,,,,,,,,,
말아먹다,소민,소민,-2,,,,,,,,,,,,,,
맛보다,소민,소민,0,,,,,,,,,,,,,,
망설이다,소민,소민,0,,,,,,,,,,,,,,
망치다,소민,소민,0,,,,,,,,,,,,,,
맞다,소민,소민,0,,,,,,,,,,,,,,
맞추다,소민,소민,0,,,,,,,,,,,,,,
맡다,소민,소민,0,,,,,,,,,,,,,,
매다,소민,소민,0,,,,,,,,,,,,,,
맺다,소민,소민,0,,,,,,,,,,,,,,
머거다,소민,소민,0,,,,,,,,,,,,,,
머무르다,소민,소민,0,,,,,,,,,,,,,,
머물다,소민,소민,0,,,,,,,,,,,,,,
먹고다,소민,소민,0,,,,,,,,,,,,,,
먹다,소민,소민,0,,,,,,,,,,,,,,
먹어주다,소민,소민,0,,,,,,,,,,,,,,
먹이다,소민,소민,0,,,,,,,,,,,,,,
멀어지다,소민,소민,0,,,,,,,,,,,,,,
멈추다,소민,소민,0,,,,,,,,,,,,,,
메다,소민,소민,0,,,,,,,,,,,,,,
모르다,소민,소민,-1,,,,,,,,,,,,,,
모시다,소민,소민,0,,,,,,,,,,,,,,
모으다,소민,소민,0,,,,,,,,,,,,,,
모이다,소민,소민,0,,,,,,,,,,,,,,
모자라다,소민,소민,0,,,,,,,,,,,,,,
몰다,소민,소민,0,,,,,,,,,,,,,,
몰려오다,소민,소민,0,,,,,,,,,,,,,,
몰리다,소민,소민,0,,,,,,,,,,,,,,
못자다,소민,소민,0,,,,,,,,,,,,,,
무치다,소민,소민,0,,,,,,,,,,,,,,
묵다,소민,소민,0,,,,,,,,,,,,,,
묶다,소민,소민,0,,,,,,,,,,,,,,
묶이다,소민,소민,0,,,,,,,,,,,,,,
묻다,소민,소민,0,,,,,,,,,,,,,,
묻히다,소민,소민,0,,,,,,,,,,,,,,
물다,소민,소민,0,,,,,,,,,,,,,,
물러서다,소민,소민,0,,,,,,,,,,,,,,
물르다,소민,소민,0,,,,,,,,,,,,,,
물리다,소민,소민,0,,,,,,,,,,,,,,
물어보다,소민,소민,0,,,,,,,,,,,,,,
뭉치다,소민,소민,0,,,,,,,,,,,,,,
뭐라다,소민,소민,0,,,,,,,,,,,,,,
미끌거리다,소민,소민,0,,,,,,,,,,,,,,
미루다,소민,소민,0,,,,,,,,,,,,,,
믿다,소민,소민,0,,,,,,,,,,,,,,
밀다,소민,소민,0,,,,,,,,,,,,,,
밀려오다,소민,소민,0,,,,,,,,,,,,,,
밀리다,소민,소민,0,,,,,,,,,,,,,,
바꾸다,소민,소민,0,,,,,,,,,,,,,,
바뀌다,소민,소민,0,,,,,,,,,,,,,,
바라다,소민,소민,0,,,,,,,,,,,,,,
바라보다,소민,소민,0,,,,,,,,,,,,,,
바르다,소민,소민,0,,,,,,,,,,,,,,
박다,소민,소민,0,,,,,,,,,,,,,,
박지르다,소민,소민,0,,,,,,,,,,,,,,
박히다,소민,소민,0,,,,,,,,,,,,,,
반기다,소민,소민,0,,,,,,,,,,,,,,
반짝이다,소민,소민,0,,,,,,,,,,,,,,
받다,소민,소민,0,,,,,,,,,,,,,,
받아들이다,소민,소민,0,,,,,,,,,,,,,,
받치다,소민,소민,0,,,,,,,,,,,,,,
발리다,소민,소민,0,,,,,,,,,,,,,,
밝다,소민,소민,0,,,,,,,,,,,,,,
배다,소민,소민,0,,,,,,,,,,,,,,
배우다,소민,소민,0,,,,,,,,,,,,,,
뱉다,소민,소민,0,,,,,,,,,,,,,,
버리다,소민,소민,0,,,,,,,,,,,,,,
버티다,소민,소민,0,,,,,,,,,,,,,,
벌다,소민,소민,0,,,,,,,,,,,,,,
벌리다,소민,소민,0,,,,,,,,,,,,,,
벗다,소민,소민,0,,,,,,,,,,,,,,
베다,소민,소민,0,,,,,,,,,,,,,,
변치않다,소민,소민,0,,,,,,,,,,,,,,
보고오다,소민,소민,0,,,,,,,,,,,,,,
보내다,소민,소민,0,,,,,,,,,,,,,,
보다,소민,소민,0,,,,,,,,,,,,,,
보여주다,소민,소민,0,,,,,,,,,,,,,,
보이다,소민,소민,0,,,,,,,,,,,,,,
보채다,소민,소민,0,,,,,,,,,,,,,,
볶다,소민,소민,0,,,,,,,,,,,,,,
볶이다,소민,소민,0,,,,,,,,,,,,,,
뵈다,소민,소민,0,,,,,,,,,,,,,,
뵙다,소민,소민,0,,,,,,,,,,,,,,
부각시키다,소민,소민,0,,,,,,,,,,,,,,
부대끼다,소민,소민,0,,,,,,,,,,,,,,
부딪히다,소민,소민,0,,,,,,,,,,,,,,
부러지다,소민,소민,0,,,,,,,,,,,,,,
부르다,소민,소민,0,,,,,,,,,,,,,,
부추기다,소민,소민,0,,,,,,,,,,,,,,
부치다,소민,소민,0,,,,,,,,,,,,,,
부풀리다,소민,소민,0,,,,,,,,,,,,,,
불다,소민,소민,-1,,,,,,,,,,,,,,
불러일으키다,소민,소민,0,,,,,,,,,,,,,,
불리다,소민,소민,0,,,,,,,,,,,,,,
붐비다,소민,소민,0,,,,,,,,,,,,,,
붓다,소민,소민,0,,,,,,,,,,,,,,
붙다,소민,소민,0,,,,,,,,,,,,,,
붙이다,소민,소민,0,,,,,,,,,,,,,,
비꼬다,소민,소민,0,,,,,,,,,,,,,,
비다,소민,소민,0,,,,,,,,,,,,,,
비비다,소민,소민,0,,,,,,,,,,,,,,
비우다,소민,소민,0,,,,,,,,,,,,,,
비추다,소민,소민,0,,,,,,,,,,,,,,
비키다,소민,소민,0,,,,,,,,,,,,,,
빌다,소민,소민,0,,,,,,,,,,,,,,
빗나가다,소민,소민,0,,,,,,,,,,,,,,
빗다,소민,소민,0,,,,,,,,,,,,,,
빛나다,소민,소민,0,,,,,,,,,,,,,,
빠져나오다,소민,소민,0,,,,,,,,,,,,,,
빠져들다,소민,소민,0,,,,,,,,,,,,,,
빠지다,소민,소민,0,,,,,,,,,,,,,,
빨다,소민,소민,0,,,,,,,,,,,,,,
빼놓다,소민,소민,0,,,,,,,,,,,,,,
빼다,소민,소민,0,,,,,,,,,,,,,,
빼먹다,소민,소민,0,,,,,,,,,,,,,,
뺏다,소민,소민,0,,,,,,,,,,,,,,
뻗다,소민,소민,0,,,,,,,,,,,,,,
뽐내다,소민,소민,0,,,,,,,,,,,,,,
뽑다,소민,소민,0,,,,,,,,,,,,,,
뽑히다,소민,소민,0,,,,,,,,,,,,,,
뿌리다,소민,소민,0,,,,,,,,,,,,,,
사가다,소민,소민,0,,,,,,,,,,,,,,
사과받다,소민,소민,0,,,,,,,,,,,,,,
사그라지다,소민,소민,0,,,,,,,,,,,,,,
사다,소민,소민,0,,,,,,,,,,,,,,
사라지다,소민,소민,0,,,,,,,,,,,,,,
사랑받다,소민,소민,0,,,,,,,,,,,,,,
사로자다,소민,소민,0,,,,,,,,,,,,,,
사로잡히다,소민,소민,0,,,,,,,,,,,,,,
사르다,소민,소민,0,,,,,,,,,,,,,,
사리다,소민,소민,0,,,,,,,,,,,,,,
사먹다,소민,소민,0,,,,,,,,,,,,,,
사오다,소민,소민,0,,,,,,,,,,,,,,
사주다,소민,소민,0,,,,,,,,,,,,,,
사하다,소민,소민,0,,,,,,,,,,,,,,
삭히다,소민,소민,0,,,,,,,,,,,,,,
살다,소민,소민,0,,,,,,,,,,,,,,
살리다,소민,소민,0,,,,,,,,,,,,,,
살아나다,소민,소민,0,,,,,,,,,,,,,,
살아오다,소민,소민,0,,,,,,,,,,,,,,
삶다,소민,소민,0,,,,,,,,,,,,,,
삼다,소민,소민,0,,,,,,,,,,,,,,
새다,소민,소민,0,,,,,,,,,,,,,,
새우다,소민,소민,0,,,,,,,,,,,,,,
생각나다,소민,소민,0,,,,,,,,,,,,,,
생겨나다,소민,소민,0,,,,,,,,,,,,,,
생기다,소민,소민,0,,,,,,,,,,,,,,
서다,소민,소민,0,,,,,,,,,,,,,,
서두르다,소민,소민,0,,,,,,,,,,,,,,
섞다,소민,소민,0,,,,,,,,,,,,,,
섞이다,소민,소민,0,,,,,,,,,,,,,,
선보이다,소민,소민,0,,,,,,,,,,,,,,
설다,소민,소민,0,,,,,,,,,,,,,,
설익다,소민,소민,0,,,,,,,,,,,,,,
세다,소민,소민,0,,,,,,,,,,,,,,
세우다,소민,소민,0,,,,,,,,,,,,,,
세워지다,소민,소민,0,,,,,,,,,,,,,,
소름끼치다,소민,소민,0,,,,,,,,,,,,,,
소리내다,소민,소민,0,,,,,,,,,,,,,,
소리치다,소민,소민,0,,,,,,,,,,,,,,
소문나다,소민,소민,0,,,,,,,,,,,,,,
속삭이다,소민,소민,0,,,,,,,,,,,,,,
속이다,소민,소민,0,,,,,,,,,,,,,,
손꼽다,소민,소민,0,,,,,,,,,,,,,,
손대다,소민,소민,0,,,,,,,,,,,,,,
손잡다,소민,소민,0,,,,,,,,,,,,,,
숙이다,소민,소민,0,,,,,,,,,,,,,,
숨다,소민,소민,0,,,,,,,,,,,,,,
숨쉬다,소민,소민,0,,,,,,,,,,,,,,
쉬다,소민,소민,0,,,,,,,,,,,,,,
스며들다,소민,소민,0,,,,,,,,,,,,,,
스미다,소민,소민,0,,,,,,,,,,,,,,
시키다,소민,소민,0,,,,,,,,,,,,,,
식다,소민,소민,0,,,,,,,,,,,,,,
식히다,소민,소민,0,,,,,,,,,,,,,,
신다,소민,소민,0,,,,,,,,,,,,,,
싣다,소민,소민,0,,,,,,,,,,,,,,
실리다,소민,소민,0,,,,,,,,,,,,,,
심다,소민,소민,0,,,,,,,,,,,,,,
심해지다,소민,소민,0,,,,,,,,,,,,,,
싶다,소민,소민,0,,,,,,,,,,,,,,
싸다,소민,소민,0,,,,,,,,,,,,,,
싸우다,소민,소민,0,,,,,,,,,,,,,,
쌓다,소민,소민,0,,,,,,,,,,,,,,
쌓이다,소민,소민,0,,,,,,,,,,,,,,
써다,소민,소민,0,,,,,,,,,,,,,,
써주다,소민,소민,0,,,,,,,,,,,,,,
썩다,소민,소민,0,,,,,,,,,,,,,,
썰다,소민,소민,0,,,,,,,,,,,,,,
썰리다,소민,소민,0,,,,,,,,,,,,,,
쏘다,소민,소민,0,,,,,,,,,,,,,,
쏘이다,소민,소민,0,,,,,,,,,,,,,,
쏟아지다,소민,소민,0,,,,,,,,,,,,,,
쑤시다,소민,소민,0,,,,,,,,,,,,,,
쓰다,소민,소민,0,,,,,,,,,,,,,,
쓰이다,소민,소민,0,,,,,,,,,,,,,,
쓴다,소민,소민,0,,,,,,,,,,,,,,
쓸다,소민,소민,0,,,,,,,,,,,,,,
씌우다,소민,소민,0,,,,,,,,,,,,,,
씨부리다,소민,소민,0,,,,,,,,,,,,,,
씹다,소민,소민,0,,,,,,,,,,,,,,
씹히다,소민,소민,0,,,,,,,,,,,,,,
씻기다,소민,소민,0,,,,,,,,,,,,,,
씻다,소민,소민,0,,,,,,,,,,,,,,
아끼다,소민,소민,0,,,,,,,,,,,,,,
안기다,소민,소민,0,,,,,,,,,,,,,,
안내받다,소민,소민,0,,,,,,,,,,,,,,
안다,소민,소민,0,,,,,,,,,,,,,,
앉다,소민,소민,0,,,,,,,,,,,,,,
앉히다,소민,소민,0,,,,,,,,,,,,,,
않다,소민,소민,0,,,,,,,,,,,,,,
알다,소민,소민,0,,,,,,,,,,,,,,
알려지다,소민,소민,0,,,,,,,,,,,,,,
알리다,소민,소민,0,,,,,,,,,,,,,,
알아내다,소민,소민,0,,,,,,,,,,,,,,
알아보다,소민,소민,0,,,,,,,,,,,,,,
앞서다,소민,소민,0,,,,,,,,,,,,,,
애쓰다,소민,소민,0,,,,,,,,,,,,,,
약해지다,소민,소민,0,,,,,,,,,,,,,,
어긋나다,소민,소민,0,,,,,,,,,,,,,,
어려워지다,소민,소민,0,,,,,,,,,,,,,,
어리다,소민,소민,0,,,,,,,,,,,,,,
어우러지다,소민,소민,0,,,,,,,,,,,,,,
어울리다,소민,소민,1,,,,,,,,,,,,,,
얹다,소민,소민,0,,,,,,,,,,,,,,
얹히다,소민,소민,0,,,,,,,,,,,,,,
얻다,소민,소민,0,,,,,,,,,,,,,,
얻어먹다,소민,소민,0,,,,,,,,,,,,,,
얼다,소민,소민,0,,,,,,,,,,,,,,
얼리다,소민,소민,0,,,,,,,,,,,,,,
업다,소민,소민,0,,,,,,,,,,,,,,
없애다,소민,소민,0,,,,,,,,,,,,,,
없어지다,소민,소민,0,,,,,,,,,,,,,,
여기다,소민,소민,0,,,,,,,,,,,,,,
여유롭다,소민,소민,0,,,,,,,,,,,,,,
여쭈다,소민,소민,0,,,,,,,,,,,,,,
열다,소민,소민,0,,,,,,,,,,,,,,
열리다,소민,소민,0,,,,,,,,,,,,,,
오가다,소민,소민,0,,,,,,,,,,,,,,
오다,소민,소민,0,,,,,,,,,,,,,,
오르다,소민,소민,0,,,,,,,,,,,,,,
올라가다,소민,소민,0,,,,,,,,,,,,,,
올라서다,소민,소민,0,,,,,,,,,,,,,,
올라오다,소민,소민,0,,,,,,,,,,,,,,
올라타다,소민,소민,0,,,,,,,,,,,,,,
올려놓다,소민,소민,0,,,,,,,,,,,,,,
올려주다,소민,소민,0,,,,,,,,,,,,,,
올리다,소민,소민,0,,,,,,,,,,,,,,
옮기다,소민,소민,0,,,,,,,,,,,,,,
외우다,소민,소민,0,,,,,,,,,,,,,,
외치다,소민,소민,0,,,,,,,,,,,,,,
용다,소민,소민,0,,,,,,,,,,,,,,
울다,소민,소민,0,,,,,,,,,,,,,,
울렁거리다,소민,소민,0,,,,,,,,,,,,,,
울리다,소민,소민,0,,,,,,,,,,,,,,
움직이다,소민,소민,0,,,,,,,,,,,,,,
웃기다,소민,소민,0,,,,,,,,,,,,,,
웃다,소민,소민,0,,,,,,,,,,,,,,
이겠다,소민,소민,0,,,,,,,,,,,,,,
이기다,소민,소민,0,,,,,,,,,,,,,,
이끌다,소민,소민,0,,,,,,,,,,,,,,
이다,소민,소민,0,,,,,,,,,,,,,,
이루다,소민,소민,0,,,,,,,,,,,,,,
이루어지다,소민,소민,0,,,,,,,,,,,,,,
이르다,소민,소민,0,,,,,,,,,,,,,,
이어지다,소민,소민,0,,,,,,,,,,,,,,
익다,소민,소민,0,,,,,,,,,,,,,,
익히다,소민,소민,0,,,,,,,,,,,,,,
인정받다,소민,소민,0,,,,,,,,,,,,,,
일어나다,소민,소민,0,,,,,,,,,,,,,,
일으키다,소민,소민,0,,,,,,,,,,,,,,
읽다,소민,소민,0,,,,,,,,,,,,,,
잃다,소민,소민,0,,,,,,,,,,,,,,
입다,소민,소민,0,,,,,,,,,,,,,,
입히다,소민,소민,0,,,,,,,,,,,,,,
잇다,소민,소민,0,,,,,,,,,,,,,,
잊다,소민,소민,0,,,,,,,,,,,,,,
잊어버리다,소민,소민,0,,,,,,,,,,,,,,
자다,소민,소민,0,,,,,,,,,,,,,,
자르다,소민,소민,0,,,,,,,,,,,,,,
자시다,소민,소민,0,,,,,,,,,,,,,,
작아지다,소민,소민,0,,,,,,,,,,,,,,
잖다,소민,소민,0,,,,,,,,,,,,,,
잘나오다,소민,소민,0,,,,,,,,,,,,,,
잘라먹다,소민,소민,0,,,,,,,,,,,,,,
잘라지다,소민,소민,0,,,,,,,,,,,,,,
잘리다,소민,소민,0,,,,,,,,,,,,,,
잘알다,소민,소민,0,,,,,,,,,,,,,,
잘해주다,소민,소민,0,,,,,,,,,,,,,,
잡다,소민,소민,0,,,,,,,,,,,,,,
잡아끌다,소민,소민,-1,,,,,,,,,,,,,,
잡히다,소민,소민,0,,,,,,,,,,,,,,
잦다,소민,소민,0,,,,,,,,,,,,,,
재다,소민,소민,0,,,,,,,,,,,,,,
적다,소민,소민,-1,,,,,,,,,,,,,,
적어지다,소민,소민,0,,,,,,,,,,,,,,
적히다,소민,소민,0,,,,,,,,,,,,,,
정해지다,소민,소민,0,,,,,,,,,,,,,,
조르다,소민,소민,0,,,,,,,,,,,,,,
조심하다,소민,소민,-1,,,,,,,,,,,,,,
졸다,소민,소민,0,,,,,,,,,,,,,,
졸리다,소민,소민,0,,,,,,,,,,,,,,
졸이다,소민,소민,0,,,,,,,,,,,,,,
좋아지다,소민,소민,1,,,,,,,,,,,,,,
주고받다,소민,소민,0,,,,,,,,,,,,,,
주다,소민,소민,0,,,,,,,,,,,,,,
주무시다,소민,소민,0,,,,,,,,,,,,,,
죽다,소민,소민,0,,,,,,,,,,,,,,
죽여주다,소민,소민,0,,,,,,,,,,,,,,
죽이다,소민,소민,0,,,,,,,,,,,,,,
줄다,소민,소민,0,,,,,,,,,,,,,,
줄어들다,소민,소민,0,,,,,,,,,,,,,,
줄이다,소민,소민,0,,,,,,,,,,,,,,
줍다,소민,소민,0,,,,,,,,,,,,,,
즐기다,소민,소민,0,,,,,,,,,,,,,,
지나가다,소민,소민,0,,,,,,,,,,,,,,
지나다,소민,소민,0,,,,,,,,,,,,,,
지나치다,소민,소민,0,,,,,,,,,,,,,,
지내다,소민,소민,0,,,,,,,,,,,,,,
지다,소민,소민,0,,,,,,,,,,,,,,
지르다,소민,소민,0,,,,,,,,,,,,,,
지리다,소민,소민,0,,,,,,,,,,,,,,
지우다,소민,소민,0,,,,,,,,,,,,,,
지치다,소민,소민,0,,,,,,,,,,,,,,
지키다,소민,소민,0,,,,,,,,,,,,,,
지피다,소민,소민,0,,,,,,,,,,,,,,
질리다,소민,소민,0,,,,,,,,,,,,,,
집다,소민,소민,0,,,,,,,,,,,,,,
집어넣다,소민,소민,0,,,,,,,,,,,,,,
짓눌리다,소민,소민,0,,,,,,,,,,,,,,
짓다,소민,소민,0,,,,,,,,,,,,,,
짜다,소민,소민,-1,,,,,,,,,,,,,,
짜지다,소민,소민,0,,,,,,,,,,,,,,
째다,소민,소민,0,,,,,,,,,,,,,,
째지다,소민,소민,0,,,,,,,,,,,,,,
쩔다,소민,소민,0,,,,,,,,,,,,,,
쪼개다,소민,소민,0,,,,,,,,,,,,,,
쫒다,소민,소민,0,,,,,,,,,,,,,,
쫓겨나다,소민,소민,-2,,,,,,,,,,,,,,
쫓기다,소민,소민,0,,,,,,,,,,,,,,
쫓아내다,소민,소민,-2,,,,,,,,,,,,,,
쬐다,소민,소민,0,,,,,,,,,,,,,,
쭈그러들다,소민,소민,0,,,,,,,,,,,,,,
찌다,소민,소민,0,,,,,,,,,,,,,,
찌들다,소민,소민,0,,,,,,,,,,,,,,
찌르다,소민,소민,0,,,,,,,,,,,,,,
찌푸리다,소민,소민,-2,,,,,,,,,,,,,,
찍다,소민,소민,0,,,,,,,,,,,,,,
찢다,소민,소민,0,,,,,,,,,,,,,,
찢어지다,소민,소민,0,,,,,,,,,,,,,,
차다,소민,소민,-1,,,,,,,,,,,,,,
차리다,소민,소민,0,,,,,,,,,,,,,,
차이다,소민,소민,0,,,,,,,,,,,,,,
참다,소민,소민,0,,,,,,,,,,,,,,
찾다,소민,소민,0,,,,,,,,,,,,,,
찾아가다,소민,소민,0,,,,,,,,,,,,,,
찾아다니다,소민,소민,0,,,,,,,,,,,,,,
찾아보다,소민,소민,0,,,,,,,,,,,,,,
찾아오다,소민,소민,0,,,,,,,,,,,,,,
채다,소민,소민,0,,,,,,,,,,,,,,
채우다,소민,소민,0,,,,,,,,,,,,,,
챙기다,소민,소민,0,,,,,,,,,,,,,,
쳐다보다,소민,소민,0,,,,,,,,,,,,,,
추다,소민,소민,0,,,,,,,,,,,,,,
추워지다,소민,소민,0,,,,,,,,,,,,,,
춤추다,소민,소민,0,,,,,,,,,,,,,,
치다,소민,소민,0,,,,,,,,,,,,,,
치밀다,소민,소민,0,,,,,,,,,,,,,,
치우다,소민,소민,0,,,,,,,,,,,,,,
치이다,소민,소민,0,,,,,,,,,,,,,,
친해지다,소민,소민,0,,,,,,,,,,,,,,
캐다,소민,소민,0,,,,,,,,,,,,,,
커지다,소민,소민,0,,,,,,,,,,,,,,
켜다,소민,소민,0,,,,,,,,,,,,,,
크다,소민,소민,0,,,,,,,,,,,,,,
키우다,소민,소민,0,,,,,,,,,,,,,,
타다,소민,소민,0,,,,,,,,,,,,,,
태어나다,소민,소민,0,,,,,,,,,,,,,,
태우다,소민,소민,0,,,,,,,,,,,,,,
터뜨리다,소민,소민,0,,,,,,,,,,,,,,
터지다,소민,소민,0,,,,,,,,,,,,,,
털다,소민,소민,0,,,,,,,,,,,,,,
투덜대다,소민,소민,0,,,,,,,,,,,,,,
튀기다,소민,소민,0,,,,,,,,,,,,,,
튀다,소민,소민,0,,,,,,,,,,,,,,
트이다,소민,소민,0,,,,,,,,,,,,,,
틀다,소민,소민,0,,,,,,,,,,,,,,
틀리다,소민,소민,0,,,,,,,,,,,,,,
틀어주다,소민,소민,0,,,,,,,,,,,,,,
파다,소민,소민,0,,,,,,,,,,,,,,
파이다,소민,소민,0,,,,,,,,,,,,,,
팔다,소민,소민,0,,,,,,,,,,,,,,
팔리다,소민,소민,0,,,,,,,,,,,,,,
팔지마다,소민,소민,0,,,,,,,,,,,,,,
퍼붓다,소민,소민,0,,,,,,,,,,,,,,
퍼지다,소민,소민,0,,,,,,,,,,,,,,
펴다,소민,소민,0,,,,,,,,,,,,,,
펼치다,소민,소민,0,,,,,,,,,,,,,,
포개다,소민,소민,0,,,,,,,,,,,,,,
푸다,소민,소민,0,,,,,,,,,,,,,,
풀다,소민,소민,0,,,,,,,,,,,,,,
풀리다,소민,소민,0,,,,,,,,,,,,,,
풀어지다,소민,소민,0,,,,,,,,,,,,,,
품다,소민,소민,0,,,,,,,,,,,,,,
풍기다,소민,소민,0,,,,,,,,,,,,,,
피다,소민,소민,0,,,,,,,,,,,,,,
하다,소민,소민,0,,,,,,,,,,,,,,
하므다,소민,소민,0,,,,,,,,,,,,,,
합치다,소민,소민,0,,,,,,,,,,,,,,
해내다,소민,소민,0,,,,,,,,,,,,,,
해달라다,소민,소민,0,,,,,,,,,,,,,,
해드리다,소민,소민,0,,,,,,,,,,,,,,
해보다,소민,소민,0,,,,,,,,,,,,,,
해봤다,소민,소민,0,,,,,,,,,,,,,,
해오다,소민,소민,0,,,,,,,,,,,,,,
해주다,소민,소민,0,,,,,,,,,,,,,,
해치다,소민,소민,0,,,,,,,,,,,,,,
허기지다,소민,소민,0,,,,,,,,,,,,,,
허다,소민,소민,0,,,,,,,,,,,,,,
헐다,소민,소민,0,,,,,,,,,,,,,,
혼나다,소민,소민,0,,,,,,,,,,,,,,
혼내다,소민,소민,0,,,,,,,,,,,,,,
화나다,소민,소민,-1,,,,,,,,,,,,,,
휘둥그레지다,소민,소민,0,,,,,,,,,,,,,,
흐르다,소민,소민,0,,,,,,,,,,,,,,
흐리다,소민,소민,0,,,,,,,,,,,,,,
흔들다,소민,소민,0,,,,,,,,,,,,,,
흘겨보다,소민,소민,0,,,,,,,,,,,,,,
흘리다,소민,소민,0,,,,,,,,,,,,,,
힘주다,소민,소민,0,,,,,,,,,,,,,,
가가,소민,소민,0,,,,,,,,,,,,,,
가게,소민,소민,0,,,,,,,,,,,,,,
가격,소민,소민,0,,,,,,,,,,,,,,
가관,소민,소민,0,,,,,,,,,,,,,,
가구,소민,소민,0,,,,,,,,,,,,,,
가글,소민,소민,0,,,,,,,,,,,,,,
가기,소민,소민,0,,,,,,,,,,,,,,
가까스로,소민,소민,0,,,,,,,,,,,,,,
가까이,소민,소민,0,,,,,,,,,,,,,,
가끔,소민,소민,0,,,,,,,,,,,,,,
가나,소민,소민,0,,,,,,,,,,,,,,
가넝,소민,소민,0,,,,,,,,,,,,,,
가능,소민,소민,0,,,,,,,,,,,,,,
가다가,소민,소민,0,,,,,,,,,,,,,,
가도,소민,소민,0,,,,,,,,,,,,,,
가동,소민,소민,0,,,,,,,,,,,,,,
가득,소민,소민,0,,,,,,,,,,,,,,
가든,소민,소민,0,,,,,,,,,,,,,,
가라,소민,소민,0,,,,,,,,,,,,,,
가락,소민,소민,0,,,,,,,,,,,,,,
가량,소민,소민,0,,,,,,,,,,,,,,
가려진,소민,소민,0,,,,,,,,,,,,,,
가로,소민,소민,0,,,,,,,,,,,,,,
가루,소민,소민,0,,,,,,,,,,,,,,
가리비,소민,소민,0,,,,,,,,,,,,,,
가막,소민,소민,0,,,,,,,,,,,,,,
가면,소민,소민,0,,,,,,,,,,,,,,
가미,소민,소민,0,,,,,,,,,,,,,,
가바,소민,소민,0,,,,,,,,,,,,,,
가방,소민,소민,0,,,,,,,,,,,,,,
가보,소민,소민,0,,,,,,,,,,,,,,
가보리,소민,소민,0,,,,,,,,,,,,,,
가비,소민,소민,0,,,,,,,,,,,,,,
가설,소민,소민,0,,,,,,,,,,,,,,
가성,소민,소민,0,,,,,,,,,,,,,,
가세,소민,소민,0,,,,,,,,,,,,,,
가세영,소민,소민,0,,,,,,,,,,,,,,
가스,소민,소민,0,,,,,,,,,,,,,,
가슴,소민,소민,0,,,,,,,,,,,,,,
가시,소민,소민,0,,,,,,,,,,,,,,
가시대,소민,소민,0,,,,,,,,,,,,,,
가신,소민,소민,0,,,,,,,,,,,,,,
가십,소민,소민,0,,,,,,,,,,,,,,
가야,소민,소민,0,,,,,,,,,,,,,,
가열,소민,소민,0,,,,,,,,,,,,,,
가요,소민,소민,0,,,,,,,,,,,,,,
가용,소민,소민,0,,,,,,,,,,,,,,
가운데,소민,소민,0,,,,,,,,,,,,,,
가위,소민,소민,0,,,,,,,,,,,,,,
가이드,소민,소민,0,,,,,,,,,,,,,,
가일,소민,소민,0,,,,,,,,,,,,,,
가입,소민,소민,0,,,,,,,,,,,,,,
가자미,소민,소민,0,,,,,,,,,,,,,,
가장,소민,소민,0,,,,,,,,,,,,,,
가장자리,소민,소민,0,,,,,,,,,,,,,,
가정,소민,소민,0,,,,,,,,,,,,,,
가정식,소민,소민,0,,,,,,,,,,,,,,
가족,소민,소민,0,,,,,,,,,,,,,,
가죽,소민,소민,0,,,,,,,,,,,,,,
가즈,소민,소민,0,,,,,,,,,,,,,,
가지,소민,소민,0,,,,,,,,,,,,,,
가지각색,소민,소민,0,,,,,,,,,,,,,,
가짓수,소민,소민,0,,,,,,,,,,,,,,
가짜,소민,소민,0,,,,,,,,,,,,,,
가치,소민,소민,0,,,,,,,,,,,,,,
가타,소민,소민,0,,,,,,,,,,,,,,
가펠,소민,소민,0,,,,,,,,,,,,,,
가평,소민,소민,0,,,,,,,,,,,,,,
각각,소민,소민,0,,,,,,,,,,,,,,
각광,소민,소민,0,,,,,,,,,,,,,,
각시,소민,소민,0,,,,,,,,,,,,,,
각인,소민,소민,0,,,,,,,,,,,,,,
각자,소민,소민,0,,,,,,,,,,,,,,
각종,소민,소민,0,,,,,,,,,,,,,,
각질,소민,소민,0,,,,,,,,,,,,,,
간간,소민,소민,0,,,,,,,,,,,,,,
간격,소민,소민,0,,,,,,,,,,,,,,
간곳,소민,소민,0,,,,,,,,,,,,,,
간날,소민,소민,0,,,,,,,,,,,,,,
간다,소민,소민,0,,,,,,,,,,,,,,
간단,소민,소민,0,,,,,,,,,,,,,,
간도,소민,소민,0,,,,,,,,,,,,,,
간만,소민,소민,0,,,,,,,,,,,,,,
간물,소민,소민,0,,,,,,,,,,,,,,
간술,소민,소민,0,,,,,,,,,,,,,,
간이,소민,소민,0,,,,,,,,,,,,,,
간장,소민,소민,0,,,,,,,,,,,,,,
간장게장,소민,소민,0,,,,,,,,,,,,,,
간장앙념,소민,소민,0,,,,,,,,,,,,,,
간접,소민,소민,0,,,,,,,,,,,,,,
간첩,소민,소민,0,,,,,,,,,,,,,,
간친,소민,소민,0,,,,,,,,,,,,,,
간판,소민,소민,0,,,,,,,,,,,,,,
간혹,소민,소민,0,,,,,,,,,,,,,,
갈건,소민,소민,0,,,,,,,,,,,,,,
갈래,소민,소민,0,,,,,,,,,,,,,,
갈리,소민,소민,0,,,,,,,,,,,,,,
갈릭,소민,소민,0,,,,,,,,,,,,,,
갈릴,소민,소민,0,,,,,,,,,,,,,,
갈림,소민,소민,0,,,,,,,,,,,,,,
갈매기살,소민,소민,0,,,,,,,,,,,,,,
갈바,소민,소민,0,,,,,,,,,,,,,,
갈비,소민,소민,0,,,,,,,,,,,,,,
갈비뼈,소민,소민,0,,,,,,,,,,,,,,
갈비살,소민,소민,0,,,,,,,,,,,,,,
갈비찜,소민,소민,0,,,,,,,,,,,,,,
갈비탕,소민,소민,0,,,,,,,,,,,,,,
갈수록,소민,소민,0,,,,,,,,,,,,,,
갈이,소민,소민,0,,,,,,,,,,,,,,
갈증,소민,소민,0,,,,,,,,,,,,,,
갈치,소민,소민,0,,,,,,,,,,,,,,
감각,소민,소민,0,,,,,,,,,,,,,,
감기,소민,소민,0,,,,,,,,,,,,,,
감당,소민,소민,0,,,,,,,,,,,,,,
감동,소민,소민,2,,,,,,,,,,,,,,
감사,소민,소민,0,,,,,,,,,,,,,,
감성,소민,소민,0,,,,,,,,,,,,,,
감수,소민,소민,0,,,,,,,,,,,,,,
감안,소민,소민,0,,,,,,,,,,,,,,
감옥,소민,소민,0,,,,,,,,,,,,,,
감자,소민,소민,0,,,,,,,,,,,,,,
감자면,소민,소민,0,,,,,,,,,,,,,,
감자전,소민,소민,0,,,,,,,,,,,,,,
감자탕,소민,소민,0,,,,,,,,,,,,,,
감정,소민,소민,0,,,,,,,,,,,,,,
감지덕지,소민,소민,0,,,,,,,,,,,,,,
감칠맛,소민,소민,1,,,,,,,,,,,,,,
감탄,소민,소민,0,,,,,,,,,,,,,,
감탄사,소민,소민,0,,,,,,,,,,,,,,
감태,소민,소민,0,,,,,,,,,,,,,,
감흥,소민,소민,0,,,,,,,,,,,,,,
갑오,소민,소민,0,,,,,,,,,,,,,,
갑오징어,소민,소민,0,,,,,,,,,,,,,,
갑인,소민,소민,0,,,,,,,,,,,,,,
갑자기,소민,소민,0,,,,,,,,,,,,,,
갑진,소민,소민,0,,,,,,,,,,,,,,
값맛임,소민,소민,0,,,,,,,,,,,,,,
값어치,소민,소민,0,,,,,,,,,,,,,,
값임,소민,소민,0,,,,,,,,,,,,,,
갔뎐,소민,소민,0,,,,,,,,,,,,,,
강강추,소민,소민,2,,,,,,,,,,,,,,
강남,소민,소민,0,,,,,,,,,,,,,,
강남역,소민,소민,0,,,,,,,,,,,,,,
강력,소민,소민,0,,,,,,,,,,,,,,
강릉,소민,소민,0,,,,,,,,,,,,,,
강매,소민,소민,-1,,,,,,,,,,,,,,
강아지,소민,소민,0,,,,,,,,,,,,,,
강요,소민,소민,0,,,,,,,,,,,,,,
강점,소민,소민,0,,,,,,,,,,,,,,
강제,소민,소민,0,,,,,,,,,,,,,,
강조,소민,소민,2,,,,,,,,,,,,,,
강추,소민,소민,2,,,,,,,,,,,,,,
강추입니듀,소민,소민,2,,,,,,,,,,,,,,
강추추추,소민,소민,2,,,,,,,,,,,,,,
강츄,소민,소민,2,,,,,,,,,,,,,,
강풍,소민,소민,0,,,,,,,,,,,,,,
강퓨해,소민,소민,0,,,,,,,,,,,,,,
강하,소민,소민,0,,,,,,,,,,,,,,
강화도,소민,소민,0,,,,,,,,,,,,,,
갖은,소민,소민,0,,,,,,,,,,,,,,
같아욤,소민,소민,0,,,,,,,,,,,,,,
개강,소민,소민,0,,,,,,,,,,,,,,
개구리밥,소민,소민,0,,,,,,,,,,,,,,
개국,소민,소민,0,,,,,,,,,,,,,,
개굿,소민,소민,0,,,,,,,,,,,,,,
개꿀,소민,소민,0,,,,,,,,,,,,,,
개꿀띠,소민,소민,2,,,,,,,,,,,,,,
개꿀맛,소민,소민,2,,,,,,,,,,,,,,
개념,소민,소민,0,,,,,,,,,,,,,,
개대,소민,소민,0,,,,,,,,,,,,,,
개도,소민,소민,0,,,,,,,,,,,,,,
개맛,소민,소민,0,,,,,,,,,,,,,,
개무시,소민,소민,-2,,,,,,,,,,,,,,
개미,소민,소민,0,,,,,,,,,,,,,,
개발,소민,소민,0,,,,,,,,,,,,,,
개밥,소민,소민,0,,,,,,,,,,,,,,
개방,소민,소민,0,,,,,,,,,,,,,,
개별,소민,소민,0,,,,,,,,,,,,,,
개불,소민,소민,0,,,,,,,,,,,,,,
개선,소민,소민,0,,,,,,,,,,,,,,
개성,소민,소민,0,,,,,,,,,,,,,,
개수,소민,소민,0,,,,,,,,,,,,,,
개시,소민,소민,0,,,,,,,,,,,,,,
개업,소민,소민,0,,,,,,,,,,,,,,
개요,소민,소민,0,,,,,,,,,,,,,,
개월,소민,소민,0,,,,,,,,,,,,,,
개이득,소민,소민,2,,,,,,,,,,,,,,
개인,소민,소민,0,,,,,,,,,,,,,,
개입,소민,소민,0,,,,,,,,,,,,,,
개잡침,소민,소민,-2,,,,,,,,,,,,,,
개점,소민,소민,0,,,,,,,,,,,,,,
개정,소민,소민,0,,,,,,,,,,,,,,
개조,소민,소민,0,,,,,,,,,,,,,,
개존맛,소민,소민,2,,,,,,,,,,,,,,
개존맛임,소민,소민,2,,,,,,,,,,,,,,
개중,소민,소민,0,,,,,,,,,,,,,,
개쩌,소민,소민,0,,,,,,,,,,,,,,
개처,소민,소민,0,,,,,,,,,,,,,,
개취,소민,소민,0,,,,,,,,,,,,,,
개판,소민,소민,-2,,,,,,,,,,,,,,
개패,소민,소민,0,,,,,,,,,,,,,,
객관,소민,소민,0,,,,,,,,,,,,,,
갯수,소민,소민,0,,,,,,,,,,,,,,
갱얼쥐,소민,소민,0,,,,,,,,,,,,,,
갸꿀,소민,소민,2,,,,,,,,,,,,,,
거가,소민,소민,0,,,,,,,,,,,,,,
거구,소민,소민,0,,,,,,,,,,,,,,
거기,소민,소민,0,,,,,,,,,,,,,,
거나,소민,소민,0,,,,,,,,,,,,,,
거냉,소민,소민,0,,,,,,,,,,,,,,
거니,소민,소민,0,,,,,,,,,,,,,,
거더,소민,소민,0,,,,,,,,,,,,,,
거도,소민,소민,0,,,,,,,,,,,,,,
거두,소민,소민,0,,,,,,,,,,,,,,
거듭,소민,소민,0,,,,,,,,,,,,,,
거래처,소민,소민,0,,,,,,,,,,,,,,
거렸습,소민,소민,0,,,,,,,,,,,,,,
거르,소민,소민,0,,,,,,,,,,,,,,
거른다,소민,소민,-2,,,,,,,,,,,,,,
거리,소민,소민,0,,,,,,,,,,,,,,
거미,소민,소민,0,,,,,,,,,,,,,,
거미줄,소민,소민,0,,,,,,,,,,,,,,
거부,소민,소민,0,,,,,,,,,,,,,,
거북,소민,소민,0,,,,,,,,,,,,,,
거북손,소민,소민,0,,,,,,,,,,,,,,
거시,소민,소민,0,,,,,,,,,,,,,,
거여,소민,소민,0,,,,,,,,,,,,,,
거의,소민,소민,0,,,,,,,,,,,,,,
거절,소민,소민,0,,,,,,,,,,,,,,
거주,소민,소민,0,,,,,,,,,,,,,,
거중,소민,소민,0,,,,,,,,,,,,,,
거지,소민,소민,0,,,,,,,,,,,,,,
거짓,소민,소민,0,,,,,,,,,,,,,,
거짓말,소민,소민,0,,,,,,,,,,,,,,
거품,소민,소민,0,,,,,,,,,,,,,,
걱정,소민,소민,-1,,,,,,,,,,,,,,
건가,소민,소민,0,,,,,,,,,,,,,,
건강,소민,소민,0,,,,,,,,,,,,,,
건강검진,소민,소민,0,,,,,,,,,,,,,,
건너,소민,소민,0,,,,,,,,,,,,,,
건너편,소민,소민,0,,,,,,,,,,,,,,
건더기,소민,소민,0,,,,,,,,,,,,,,
건데,소민,소민,0,,,,,,,,,,,,,,
건립,소민,소민,0,,,,,,,,,,,,,,
건면,소민,소민,0,,,,,,,,,,,,,,
건물,소민,소민,0,,,,,,,,,,,,,,
건성건성,소민,소민,-1,,,,,,,,,,,,,,
건축,소민,소민,0,,,,,,,,,,,,,,
건희,소민,소민,0,,,,,,,,,,,,,,
걸때,소민,소민,0,,,,,,,,,,,,,,
걸레,소민,소민,0,,,,,,,,,,,,,,
걸죽,소민,소민,0,,,,,,,,,,,,,,
검도,소민,소민,0,,,,,,,,,,,,,,
검색,소민,소민,0,,,,,,,,,,,,,,
검수,소민,소민,0,,,,,,,,,,,,,,
검정색,소민,소민,0,,,,,,,,,,,,,,
검증,소민,소민,0,,,,,,,,,,,,,,
겁창,소민,소민,0,,,,,,,,,,,,,,
것일,소민,소민,0,,,,,,,,,,,,,,
겉바,소민,소민,0,,,,,,,,,,,,,,
겉보기,소민,소민,0,,,,,,,,,,,,,,
겉빠속촉,소민,소민,0,,,,,,,,,,,,,,
겉절이,소민,소민,0,,,,,,,,,,,,,,
게눈,소민,소민,0,,,,,,,,,,,,,,
게다,소민,소민,0,,,,,,,,,,,,,,
게다가,소민,소민,0,,,,,,,,,,,,,,
게란찜,소민,소민,0,,,,,,,,,,,,,,
게임,소민,소민,0,,,,,,,,,,,,,,
게장,소민,소민,0,,,,,,,,,,,,,,
겟했어,소민,소민,0,,,,,,,,,,,,,,
겨냥,소민,소민,0,,,,,,,,,,,,,,
겨우,소민,소민,0,,,,,,,,,,,,,,
겨울,소민,소민,0,,,,,,,,,,,,,,
겨자,소민,소민,0,,,,,,,,,,,,,,
격리,소민,소민,0,,,,,,,,,,,,,,
격일,소민,소민,0,,,,,,,,,,,,,,
격줄,소민,소민,0,,,,,,,,,,,,,,
격하,소민,소민,0,,,,,,,,,,,,,,
결과,소민,소민,0,,,,,,,,,,,,,,
결론,소민,소민,0,,,,,,,,,,,,,,
결정,소민,소민,0,,,,,,,,,,,,,,
결제,소민,소민,0,,,,,,,,,,,,,,
결코,소민,소민,0,,,,,,,,,,,,,,
결합,소민,소민,0,,,,,,,,,,,,,,
겹살,소민,소민,0,,,,,,,,,,,,,,
경계,소민,소민,0,,,,,,,,,,,,,,
경기,소민,소민,0,,,,,,,,,,,,,,
경기도,소민,소민,0,,,,,,,,,,,,,,
경보,소민,소민,0,,,,,,,,,,,,,,
경상,소민,소민,0,,,,,,,,,,,,,,
경상도,소민,소민,0,,,,,,,,,,,,,,
경악,소민,소민,0,,,,,,,,,,,,,,
경영,소민,소민,0,,,,,,,,,,,,,,
경우,소민,소민,0,,,,,,,,,,,,,,
경의,소민,소민,0,,,,,,,,,,,,,,
경의선,소민,소민,0,,,,,,,,,,,,,,
경쟁,소민,소민,0,,,,,,,,,,,,,,
경제,소민,소민,0,,,,,,,,,,,,,,
경직,소민,소민,0,,,,,,,,,,,,,,
경치,소민,소민,0,,,,,,,,,,,,,,
경험,소민,소민,0,,,,,,,,,,,,,,
계기,소민,소민,0,,,,,,,,,,,,,,
계란,소민,소민,0,,,,,,,,,,,,,,
계란말이,소민,소민,0,,,,,,,,,,,,,,
계란찜,소민,소민,0,,,,,,,,,,,,,,
계란후라이,소민,소민,0,,,,,,,,,,,,,,
계백,소민,소민,0,,,,,,,,,,,,,,
계산,소민,소민,0,,,,,,,,,,,,,,
계산기,소민,소민,0,,,,,,,,,,,,,,
계산서,소민,소민,0,,,,,,,,,,,,,,
계소,소민,소민,0,,,,,,,,,,,,,,
계속,소민,소민,0,,,,,,,,,,,,,,
계시,소민,소민,0,,,,,,,,,,,,,,
계열,소민,소민,0,,,,,,,,,,,,,,
계저,소민,소민,0,,,,,,,,,,,,,,
계절,소민,소민,0,,,,,,,,,,,,,,
계정,소민,소민,0,,,,,,,,,,,,,,
계층,소민,소민,0,,,,,,,,,,,,,,
계획,소민,소민,0,,,,,,,,,,,,,,
고가,소민,소민,0,,,,,,,,,,,,,,
고가도,소민,소민,0,,,,,,,,,,,,,,
고간,소민,소민,0,,,,,,,,,,,,,,
고갈,소민,소민,0,,,,,,,,,,,,,,
고개,소민,소민,0,,,,,,,,,,,,,,
고객,소민,소민,0,,,,,,,,,,,,,,
고고,소민,소민,0,,,,,,,,,,,,,,
고공,소민,소민,0,,,,,,,,,,,,,,
고구마,소민,소민,0,,,,,,,,,,,,,,
고급,소민,소민,0,,,,,,,,,,,,,,
고기,소민,소민,0,,,,,,,,,,,,,,
고기국수,소민,소민,0,,,,,,,,,,,,,,
고기랑,소민,소민,0,,,,,,,,,,,,,,
고기만,소민,소민,0,,,,,,,,,,,,,,
고기배,소민,소민,0,,,,,,,,,,,,,,
고깃집,소민,소민,0,,,,,,,,,,,,,,
고등학교,소민,소민,0,,,,,,,,,,,,,,
고려,소민,소민,0,,,,,,,,,,,,,,
고로,소민,소민,0,,,,,,,,,,,,,,
고루,소민,소민,0,,,,,,,,,,,,,,
고명,소민,소민,0,,,,,,,,,,,,,,
고무,소민,소민,0,,,,,,,,,,,,,,
고무줄,소민,소민,0,,,,,,,,,,,,,,
고문,소민,소민,0,,,,,,,,,,,,,,
고물,소민,소민,0,,,,,,,,,,,,,,
고민,소민,소민,0,,,,,,,,,,,,,,
고삐,소민,소민,0,,,,,,,,,,,,,,
고사,소민,소민,0,,,,,,,,,,,,,,
고사리,소민,소민,0,,,,,,,,,,,,,,
고생,소민,소민,0,,,,,,,,,,,,,,
고성,소민,소민,0,,,,,,,,,,,,,,
고소,소민,소민,0,,,,,,,,,,,,,,
고수,소민,소민,0,,,,,,,,,,,,,,
고숩,소민,소민,0,,,,,,,,,,,,,,
고슬,소민,소민,1,,,,,,,,,,,,,,
고슬고슬,소민,소민,1,,,,,,,,,,,,,,
고슬밥,소민,소민,1,,,,,,,,,,,,,,
고심,소민,소민,0,,,,,,,,,,,,,,
고아,소민,소민,0,,,,,,,,,,,,,,
고온,소민,소민,0,,,,,,,,,,,,,,
고요,소민,소민,0,,,,,,,,,,,,,,
고요함,소민,소민,0,,,,,,,,,,,,,,
고용,소민,소민,0,,,,,,,,,,,,,,
고유,소민,소민,0,,,,,,,,,,,,,,
고이,소민,소민,0,,,,,,,,,,,,,,
고인,소민,소민,0,,,,,,,,,,,,,,
고장,소민,소민,0,,,,,,,,,,,,,,
고지,소민,소민,0,,,,,,,,,,,,,,
고지도,소민,소민,0,,,,,,,,,,,,,,
고추,소민,소민,0,,,,,,,,,,,,,,
고추가,소민,소민,0,,,,,,,,,,,,,,
고추속,소민,소민,0,,,,,,,,,,,,,,
고추장,소민,소민,0,,,,,,,,,,,,,,
고춧가루,소민,소민,0,,,,,,,,,,,,,,
고트,소민,소민,0,,,,,,,,,,,,,,
고하,소민,소민,0,,,,,,,,,,,,,,
고함,소민,소민,0,,,,,,,,,,,,,,
고해,소민,소민,0,,,,,,,,,,,,,,
고향,소민,소민,0,,,,,,,,,,,,,,
고효진,소민,소민,0,,,,,,,,,,,,,,
곡물,소민,소민,0,,,,,,,,,,,,,,
곧바로,소민,소민,0,,,,,,,,,,,,,,
골목,소민,소민,0,,,,,,,,,,,,,,
골목길,소민,소민,0,,,,,,,,,,,,,,
곰취,소민,소민,0,,,,,,,,,,,,,,
곰탕,소민,소민,0,,,,,,,,,,,,,,
곰팡이,소민,소민,0,,,,,,,,,,,,,,
곱빼기,소민,소민,0,,,,,,,,,,,,,,
곱슬,소민,소민,0,,,,,,,,,,,,,,
곱찬,소민,소민,0,,,,,,,,,,,,,,
곱창,소민,소민,0,,,,,,,,,,,,,,
곱창전골,소민,소민,0,,,,,,,,,,,,,,
곱층,소민,소민,0,,,,,,,,,,,,,,
곱탕,소민,소민,0,,,,,,,,,,,,,,
곳곳,소민,소민,0,,,,,,,,,,,,,,
곳도,소민,소민,0,,,,,,,,,,,,,,
곳습니,소민,소민,0,,,,,,,,,,,,,,
곳옆,소민,소민,0,,,,,,,,,,,,,,
곳일,소민,소민,0,,,,,,,,,,,,,,
곳임,소민,소민,0,,,,,,,,,,,,,,
공간,소민,소민,0,,,,,,,,,,,,,,
공공장소,소민,소민,0,,,,,,,,,,,,,,
공기,소민,소민,0,,,,,,,,,,,,,,
공기밥,소민,소민,0,,,,,,,,,,,,,,
공덕,소민,소민,0,,,,,,,,,,,,,,
공덕동,소민,소민,0,,,,,,,,,,,,,,
공덕역,소민,소민,0,,,,,,,,,,,,,,
공사,소민,소민,0,,,,,,,,,,,,,,
공산주의,소민,소민,0,,,,,,,,,,,,,,
공식,소민,소민,0,,,,,,,,,,,,,,
공영,소민,소민,0,,,,,,,,,,,,,,
공용,소민,소민,0,,,,,,,,,,,,,,
공원,소민,소민,0,,,,,,,,,,,,,,
공유,소민,소민,0,,,,,,,,,,,,,,
공이,소민,소민,0,,,,,,,,,,,,,,
공익,소민,소민,0,,,,,,,,,,,,,,
공장,소민,소민,0,,,,,,,,,,,,,,
공존,소민,소민,0,,,,,,,,,,,,,,
공지,소민,소민,0,,,,,,,,,,,,,,
공휴일,소민,소민,0,,,,,,,,,,,,,,
과거,소민,소민,0,,,,,,,,,,,,,,
과단,소민,소민,0,,,,,,,,,,,,,,
과대,소민,소민,0,,,,,,,,,,,,,,
과식,소민,소민,0,,,,,,,,,,,,,,
과연,소민,소민,0,,,,,,,,,,,,,,
과일,소민,소민,0,,,,,,,,,,,,,,
과자,소민,소민,0,,,,,,,,,,,,,,
과정,소민,소민,0,,,,,,,,,,,,,,
과제,소민,소민,0,,,,,,,,,,,,,,
과학,소민,소민,0,,,,,,,,,,,,,,
관계,소민,소민,0,,,,,,,,,,,,,,
관계자,소민,소민,0,,,,,,,,,,,,,,
관광,소민,소민,0,,,,,,,,,,,,,,
관광객,소민,소민,0,,,,,,,,,,,,,,
관광명소,소민,소민,0,,,,,,,,,,,,,,
관광지,소민,소민,0,,,,,,,,,,,,,,
관념,소민,소민,0,,,,,,,,,,,,,,
관람,소민,소민,0,,,,,,,,,,,,,,
관련,소민,소민,0,,,,,,,,,,,,,,
관리,소민,소민,0,,,,,,,,,,,,,,
관리원,소민,소민,0,,,,,,,,,,,,,,
관심,소민,소민,0,,,,,,,,,,,,,,
관외,소민,소민,0,,,,,,,,,,,,,,
관용,소민,소민,0,,,,,,,,,,,,,,
관인,소민,소민,0,,,,,,,,,,,,,,
관자,소민,소민,0,,,,,,,,,,,,,,
관찰,소민,소민,0,,,,,,,,,,,,,,
괏습,소민,소민,0,,,,,,,,,,,,,,
광고,소민,소민,0,,,,,,,,,,,,,,
광명시,소민,소민,0,,,,,,,,,,,,,,
광장시장,소민,소민,0,,,,,,,,,,,,,,
광주,소민,소민,0,,,,,,,,,,,,,,
광진,소민,소민,0,,,,,,,,,,,,,,
광평,소민,소민,0,,,,,,,,,,,,,,
광화문,소민,소민,0,,,,,,,,,,,,,,
괜시리,소민,소민,0,,,,,,,,,,,,,,
괜챦았어,소민,소민,0,,,,,,,,,,,,,,
괜춘,소민,소민,0,,,,,,,,,,,,,,
괜춘할듯,소민,소민,0,,,,,,,,,,,,,,
괜츈,소민,소민,0,,,,,,,,,,,,,,
괜츈괜츈,소민,소민,0,,,,,,,,,,,,,,
괜츈함,소민,소민,0,,,,,,,,,,,,,,
괴식,소민,소민,0,,,,,,,,,,,,,,
교동,소민,소민,0,,,,,,,,,,,,,,
교본,소민,소민,0,,,,,,,,,,,,,,
교육,소민,소민,0,,,,,,,,,,,,,,
교자,소민,소민,0,,,,,,,,,,,,,,
교점,소민,소민,0,,,,,,,,,,,,,,
교체,소민,소민,0,,,,,,,,,,,,,,
교통,소민,소민,0,,,,,,,,,,,,,,
교포,소민,소민,0,,,,,,,,,,,,,,
교환,소민,소민,0,,,,,,,,,,,,,,
교회,소민,소민,0,,,,,,,,,,,,,,
구간,소민,소민,0,,,,,,,,,,,,,,
구걸,소민,소민,0,,,,,,,,,,,,,,
구경,소민,소민,0,,,,,,,,,,,,,,
구경만,소민,소민,0,,,,,,,,,,,,,,
구글,소민,소민,0,,,,,,,,,,,,,,
구글맵,소민,소민,0,,,,,,,,,,,,,,
구기,소민,소민,0,,,,,,,,,,,,,,
구나,소민,소민,0,,,,,,,,,,,,,,
구내식당,소민,소민,0,,,,,,,,,,,,,,
구도,소민,소민,0,,,,,,,,,,,,,,
구래,소민,소민,0,,,,,,,,,,,,,,
구루,소민,소민,0,,,,,,,,,,,,,,
구리,소민,소민,0,,,,,,,,,,,,,,
구매,소민,소민,0,,,,,,,,,,,,,,
구멍,소민,소민,0,,,,,,,,,,,,,,
구미,소민,소민,0,,,,,,,,,,,,,,
구분,소민,소민,0,,,,,,,,,,,,,,
구비,소민,소민,0,,,,,,,,,,,,,,
구색,소민,소민,0,,,,,,,,,,,,,,
구석,소민,소민,0,,,,,,,,,,,,,,
구석구석,소민,소민,0,,,,,,,,,,,,,,
구성,소민,소민,0,,,,,,,,,,,,,,
구성은,소민,소민,0,,,,,,,,,,,,,,
구역,소민,소민,0,,,,,,,,,,,,,,
구역질,소민,소민,-2,,,,,,,,,,,,,,
구옥,소민,소민,0,,,,,,,,,,,,,,
구우우우욷,소민,소민,2,,,,,,,,,,,,,,
구울,소민,소민,0,,,,,,,,,,,,,,
구워쥬셔,소민,소민,0,,,,,,,,,,,,,,
구원,소민,소민,0,,,,,,,,,,,,,,
구이,소민,소민,0,,,,,,,,,,,,,,
구입,소민,소민,0,,,,,,,,,,,,,,
구정,소민,소민,0,,,,,,,,,,,,,,
구조,소민,소민,0,,,,,,,,,,,,,,
구지,소민,소민,0,,,,,,,,,,,,,,
구해,소민,소민,0,,,,,,,,,,,,,,
국국임,소민,소민,0,,,,,,,,,,,,,,
국내,소민,소민,0,,,,,,,,,,,,,,
국도,소민,소민,0,,,,,,,,,,,,,,
국룰,소민,소민,0,,,,,,,,,,,,,,
국립,소민,소민,0,,,,,,,,,,,,,,
국물,소민,소민,0,,,,,,,,,,,,,,
국물미첬,소민,소민,2,,,,,,,,,,,,,,
국밥,소민,소민,0,,,,,,,,,,,,,,
국밥집,소민,소민,0,,,,,,,,,,,,,,
국방,소민,소민,0,,,,,,,,,,,,,,
국산,소민,소민,0,,,,,,,,,,,,,,
국수,소민,소민,0,,,,,,,,,,,,,,
국시,소민,소민,0,,,,,,,,,,,,,,
국위,소민,소민,0,,,,,,,,,,,,,,
국자,소민,소민,0,,,,,,,,,,,,,,
국장,소민,소민,0,,,,,,,,,,,,,,
국적,소민,소민,0,,,,,,,,,,,,,,
국집,소민,소민,0,,,,,,,,,,,,,,
국한,소민,소민,0,,,,,,,,,,,,,,
군대,소민,소민,0,,,,,,,,,,,,,,
군더더기,소민,소민,0,,,,,,,,,,,,,,
군데,소민,소민,0,,,,,,,,,,,,,,
군데군데,소민,소민,0,,,,,,,,,,,,,,
군말,소민,소민,0,,,,,,,,,,,,,,
군침,소민,소민,0,,,,,,,,,,,,,,
굳이,소민,소민,-1,,,,,,,,,,,,,,
굴다리,소민,소민,0,,,,,,,,,,,,,,
굽기,소민,소민,0,,,,,,,,,,,,,,
굿굿,소민,소민,2,,,,,,,,,,,,,,
굿굿굿,소민,소민,2,,,,,,,,,,,,,,
굿임,소민,소민,2,,,,,,,,,,,,,,
궁금,소민,소민,0,,,,,,,,,,,,,,
궁도,소민,소민,0,,,,,,,,,,,,,,
궁채,소민,소민,0,,,,,,,,,,,,,,
궁합,소민,소민,0,,,,,,,,,,,,,,
궈주셔,소민,소민,0,,,,,,,,,,,,,,
권유,소민,소민,0,,,,,,,,,,,,,,
귀가,소민,소민,0,,,,,,,,,,,,,,
귀국,소민,소민,0,,,,,,,,,,,,,,
귀차니즘,소민,소민,0,,,,,,,,,,,,,,
귓속말,소민,소민,0,,,,,,,,,,,,,,
규모,소민,소민,0,,,,,,,,,,,,,,
규칙,소민,소민,0,,,,,,,,,,,,,,
귝밥,소민,소민,0,,,,,,,,,,,,,,
균형,소민,소민,0,,,,,,,,,,,,,,
귯귯,소민,소민,0,,,,,,,,,,,,,,
그간,소민,소민,0,,,,,,,,,,,,,,
그거,소민,소민,0,,,,,,,,,,,,,,
그것,소민,소민,0,,,,,,,,,,,,,,
그게,소민,소민,0,,,,,,,,,,,,,,
그날,소민,소민,0,,,,,,,,,,,,,,
그날그날,소민,소민,0,,,,,,,,,,,,,,
그냥,소민,소민,0,,,,,,,,,,,,,,
그누,소민,소민,0,,,,,,,,,,,,,,
그니,소민,소민,0,,,,,,,,,,,,,,
그다음,소민,소민,0,,,,,,,,,,,,,,
그다지,소민,소민,0,,,,,,,,,,,,,,
그닥,소민,소민,0,,,,,,,,,,,,,,
그대,소민,소민,0,,,,,,,,,,,,,,
그대로,소민,소민,0,,,,,,,,,,,,,,
그동안,소민,소민,0,,,,,,,,,,,,,,
그때,소민,소민,0,,,,,,,,,,,,,,
그땐,소민,소민,0,,,,,,,,,,,,,,
그래듀,소민,소민,0,,,,,,,,,,,,,,
그램,소민,소민,0,,,,,,,,,,,,,,
그로,소민,소민,0,,,,,,,,,,,,,,
그루,소민,소민,0,,,,,,,,,,,,,,
그릇,소민,소민,0,,,,,,,,,,,,,,
그리움,소민,소민,0,,,,,,,,,,,,,,
그릴,소민,소민,0,,,,,,,,,,,,,,
그림,소민,소민,0,,,,,,,,,,,,,,
그으,소민,소민,0,,,,,,,,,,,,,,
극락,소민,소민,0,,,,,,,,,,,,,,
극악,소민,소민,0,,,,,,,,,,,,,,
극적,소민,소민,0,,,,,,,,,,,,,,
극찬,소민,소민,0,,,,,,,,,,,,,,
극치,소민,소민,0,,,,,,,,,,,,,,
극한,소민,소민,0,,,,,,,,,,,,,,
근래,소민,소민,0,,,,,,,,,,,,,,
근무,소민,소민,0,,,,,,,,,,,,,,
근본,소민,소민,0,,,,,,,,,,,,,,
근처,소민,소민,0,,,,,,,,,,,,,,
글구,소민,소민,0,,,,,,,,,,,,,,
글램핑,소민,소민,0,,,,,,,,,,,,,,
글로벌,소민,소민,0,,,,,,,,,,,,,,
글루텐,소민,소민,0,,,,,,,,,,,,,,
글세,소민,소민,0,,,,,,,,,,,,,,
글쎄,소민,소민,0,,,,,,,,,,,,,,
글쎄요,소민,소민,0,,,,,,,,,,,,,,
글해,소민,소민,0,,,,,,,,,,,,,,
금금,소민,소민,0,,,,,,,,,,,,,,
금발,소민,소민,0,,,,,,,,,,,,,,
금방,소민,소민,0,,,,,,,,,,,,,,
금상첨화,소민,소민,2,,,,,,,,,,,,,,
금액,소민,소민,0,,,,,,,,,,,,,,
금요일,소민,소민,0,,,,,,,,,,,,,,
금욜,소민,소민,0,,,,,,,,,,,,,,
금지,소민,소민,0,,,,,,,,,,,,,,
금토,소민,소민,0,,,,,,,,,,,,,,
급성,소민,소민,0,,,,,,,,,,,,,,
급식,소민,소민,0,,,,,,,,,,,,,,
긍정,소민,소민,0,,,,,,,,,,,,,,
기간,소민,소민,0,,,,,,,,,,,,,,
기결,소민,소민,0,,,,,,,,,,,,,,
기계,소민,소민,0,,,,,,,,,,,,,,
기고,소민,소민,0,,,,,,,,,,,,,,
기기,소민,소민,0,,,,,,,,,,,,,,
기내식,소민,소민,0,,,,,,,,,,,,,,
기네,소민,소민,0,,,,,,,,,,,,,,
기념,소민,소민,0,,,,,,,,,,,,,,
기념관,소민,소민,0,,,,,,,,,,,,,,
기념비,소민,소민,0,,,,,,,,,,,,,,
기념일,소민,소민,0,,,,,,,,,,,,,,
기다림,소민,소민,0,,,,,,,,,,,,,,
기대,소민,소민,0,,,,,,,,,,,,,,
기도,소민,소민,0,,,,,,,,,,,,,,
기량,소민,소민,0,,,,,,,,,,,,,,
기록,소민,소민,0,,,,,,,,,,,,,,
기룸지,소민,소민,0,,,,,,,,,,,,,,
기류,소민,소민,0,,,,,,,,,,,,,,
기름,소민,소민,0,,,,,,,,,,,,,,
기름기,소민,소민,0,,,,,,,,,,,,,,
기만,소민,소민,0,,,,,,,,,,,,,,
기반,소민,소민,0,,,,,,,,,,,,,,
기별,소민,소민,0,,,,,,,,,,,,,,
기복,소민,소민,0,,,,,,,,,,,,,,
기본,소민,소민,0,,,,,,,,,,,,,,
기부,소민,소민,0,,,,,,,,,,,,,,
기분,소민,소민,0,,,,,,,,,,,,,,
기색,소민,소민,0,,,,,,,,,,,,,,
기석,소민,소민,0,,,,,,,,,,,,,,
기선,소민,소민,0,,,,,,,,,,,,,,
기성만,소민,소민,0,,,,,,,,,,,,,,
기성품,소민,소민,0,,,,,,,,,,,,,,
기스,소민,소민,0,,,,,,,,,,,,,,
기안,소민,소민,0,,,,,,,,,,,,,,
기어,소민,소민,0,,,,,,,,,,,,,,
기억,소민,소민,0,,,,,,,,,,,,,,
기여,소민,소민,0,,,,,,,,,,,,,,
기염,소민,소민,0,,,,,,,,,,,,,,
기예,소민,소민,0,,,,,,,,,,,,,,
기와,소민,소민,0,,,,,,,,,,,,,,
기왕,소민,소민,0,,,,,,,,,,,,,,
기운,소민,소민,0,,,,,,,,,,,,,,
기원,소민,소민,0,,,,,,,,,,,,,,
기일,소민,소민,0,,,,,,,,,,,,,,
기자,소민,소민,0,,,,,,,,,,,,,,
기장,소민,소민,0,,,,,,,,,,,,,,
기적,소민,소민,0,,,,,,,,,,,,,,
기전,소민,소민,0,,,,,,,,,,,,,,
기절,소민,소민,0,,,,,,,,,,,,,,
기존,소민,소민,0,,,,,,,,,,,,,,
기준,소민,소민,0,,,,,,,,,,,,,,
기지,소민,소민,0,,,,,,,,,,,,,,
기지원,소민,소민,0,,,,,,,,,,,,,,
기질,소민,소민,0,,,,,,,,,,,,,,
기척,소민,소민,0,,,,,,,,,,,,,,
기초,소민,소민,0,,,,,,,,,,,,,,
기타,소민,소민,0,,,,,,,,,,,,,,
기필코,소민,소민,0,,,,,,,,,,,,,,
기한,소민,소민,0,,,,,,,,,,,,,,
기호,소민,소민,0,,,,,,,,,,,,,,
기회,소민,소민,0,,,,,,,,,,,,,,
기후,소민,소민,0,,,,,,,,,,,,,,
긴급,소민,소민,0,,,,,,,,,,,,,,
긴장,소민,소민,0,,,,,,,,,,,,,,
긴지,소민,소민,0,,,,,,,,,,,,,,
길가,소민,소민,0,,,,,,,,,,,,,,
길거리,소민,소민,0,,,,,,,,,,,,,,
길냥이,소민,소민,0,,,,,,,,,,,,,,
길목,소민,소민,0,,,,,,,,,,,,,,
길이,소민,소민,0,,,,,,,,,,,,,,
길죽,소민,소민,0,,,,,,,,,,,,,,
김광석,소민,소민,0,,,,,,,,,,,,,,
김도훈,소민,소민,0,,,,,,,,,,,,,,
김밥,소민,소민,0,,,,,,,,,,,,,,
김이랑,소민,소민,0,,,,,,,,,,,,,,
김찌,소민,소민,0,,,,,,,,,,,,,,
김치,소민,소민,0,,,,,,,,,,,,,,
김치라면,소민,소민,0,,,,,,,,,,,,,,
김치볶음밥,소민,소민,0,,,,,,,,,,,,,,
김치양,소민,소민,0,,,,,,,,,,,,,,
김치전,소민,소민,0,,,,,,,,,,,,,,
김치찌개,소민,소민,0,,,,,,,,,,,,,,
김칫소,소민,소민,0,,,,,,,,,,,,,,
김통,소민,소민,0,,,,,,,,,,,,,,
김포공항,소민,소민,0,,,,,,,,,,,,,,
깃밥,소민,소민,0,,,,,,,,,,,,,,
깃밥위,소민,소민,0,,,,,,,,,,,,,,
깉아,소민,소민,0,,,,,,,,,,,,,,
깊이,소민,소민,0,,,,,,,,,,,,,,
까닭,소민,소민,0,,,,,,,,,,,,,,
까페,소민,소민,0,,,,,,,,,,,,,,
깍두기,소민,소민,0,,,,,,,,,,,,,,
깔깔,소민,소민,0,,,,,,,,,,,,,,
깔끔햐,소민,소민,1,,,,,,,,,,,,,,
깜놀,소민,소민,0,,,,,,,,,,,,,,
깜박,소민,소민,0,,,,,,,,,,,,,,
깜빡,소민,소민,0,,,,,,,,,,,,,,
깜짝,소민,소민,0,,,,,,,,,,,,,,
깡패,소민,소민,0,,,,,,,,,,,,,,
깨끗,소민,소민,1,,,,,,,,,,,,,,
깨달음,소민,소민,0,,,,,,,,,,,,,,
깨맛,소민,소민,0,,,,,,,,,,,,,,
깨알,소민,소민,0,,,,,,,,,,,,,,
깨큿,소민,소민,0,,,,,,,,,,,,,,
깻잎,소민,소민,0,,,,,,,,,,,,,,
꺼드럭거리,소민,소민,-1,,,,,,,,,,,,,,
껄끄럽네,소민,소민,-1,,,,,,,,,,,,,,
껍데기,소민,소민,0,,,,,,,,,,,,,,
껍질,소민,소민,0,,,,,,,,,,,,,,
꼬나박,소민,소민,0,,,,,,,,,,,,,,
꼬돌,소민,소민,1,,,,,,,,,,,,,,
꼬들꼬들,소민,소민,1,,,,,,,,,,,,,,
꼬들밥,소민,소민,1,,,,,,,,,,,,,,
꼬들살,소민,소민,1,,,,,,,,,,,,,,
꼬들하,소민,소민,1,,,,,,,,,,,,,,
꼬들함,소민,소민,1,,,,,,,,,,,,,,
꼬리,소민,소민,0,,,,,,,,,,,,,,
꼬리곰탕,소민,소민,0,,,,,,,,,,,,,,
꼬릿함,소민,소민,0,,,,,,,,,,,,,,
꼬소,소민,소민,1,,,,,,,,,,,,,,
꼬소하,소민,소민,1,,,,,,,,,,,,,,
꼬소한향,소민,소민,1,,,,,,,,,,,,,,
꼬소해,소민,소민,1,,,,,,,,,,,,,,
꼬시,소민,소민,0,,,,,,,,,,,,,,
꼬치,소민,소민,0,,,,,,,,,,,,,,
꼬투리,소민,소민,0,,,,,,,,,,,,,,
꼭꼭,소민,소민,0,,,,,,,,,,,,,,
꼭예,소민,소민,0,,,,,,,,,,,,,,
꼽는,소민,소민,0,,,,,,,,,,,,,,
꼽으라,소민,소민,0,,,,,,,,,,,,,,
꼽주,소민,소민,0,,,,,,,,,,,,,,
꼽줌,소민,소민,0,,,,,,,,,,,,,,
꽃게,소민,소민,0,,,,,,,,,,,,,,
꽃목살,소민,소민,0,,,,,,,,,,,,,,
꽃사슴,소민,소민,0,,,,,,,,,,,,,,
꽃혀,소민,소민,0,,,,,,,,,,,,,,
꽈리,소민,소민,0,,,,,,,,,,,,,,
꽈배기,소민,소민,0,,,,,,,,,,,,,,
꾸밈,소민,소민,0,,,,,,,,,,,,,,
꾸벅,소민,소민,0,,,,,,,,,,,,,,
꾸욱,소민,소민,0,,,,,,,,,,,,,,
꿀맛,소민,소민,2,,,,,,,,,,,,,,
꿀팁,소민,소민,0,,,,,,,,,,,,,,
끄덕,소민,소민,0,,,,,,,,,,,,,,
끈끈,소민,소민,0,,,,,,,,,,,,,,
끝나쥬,소민,소민,0,,,,,,,,,,,,,,
끝내,소민,소민,0,,,,,,,,,,,,,,
끝맛,소민,소민,0,,,,,,,,,,,,,,
끝물,소민,소민,0,,,,,,,,,,,,,,
끝장,소민,소민,0,,,,,,,,,,,,,,
끝판,소민,소민,0,,,,,,,,,,,,,,
끼니,소민,소민,0,,,,,,,,,,,,,,
끼리,소민,소민,0,,,,,,,,,,,,,,
끼잉,소민,소민,0,,,,,,,,,,,,,,
나기,소민,소민,0,,,,,,,,,,,,,,
나노,소민,소민,0,,,,,,,,,,,,,,
나누기,소민,소민,0,,,,,,,,,,,,,,
나니,소민,소민,0,,,,,,,,,,,,,,
나들이,소민,소민,0,,,,,,,,,,,,,,
나라,소민,소민,0,,,,,,,,,,,,,,
나로,소민,소민,0,,,,,,,,,,,,,,
나름,소민,소민,0,,,,,,,,,,,,,,
나리,소민,소민,0,,,,,,,,,,,,,,
나마,소민,소민,0,,,,,,,,,,,,,,
나머지,소민,소민,0,,,,,,,,,,,,,,
나무,소민,소민,0,,,,,,,,,,,,,,
나물,소민,소민,0,,,,,,,,,,,,,,
나발,소민,소민,0,,,,,,,,,,,,,,
나야,소민,소민,0,,,,,,,,,,,,,,
나영,소민,소민,0,,,,,,,,,,,,,,
나오니,소민,소민,0,,,,,,,,,,,,,,
나옹,소민,소민,0,,,,,,,,,,,,,,
나용,소민,소민,0,,,,,,,,,,,,,,
나은,소민,소민,0,,,,,,,,,,,,,,
나이,소민,소민,0,,,,,,,,,,,,,,
나이스,소민,소민,0,,,,,,,,,,,,,,
나주,소민,소민,0,,,,,,,,,,,,,,
나주시,소민,소민,0,,,,,,,,,,,,,,
나중,소민,소민,0,,,,,,,,,,,,,,
나트륨,소민,소민,0,,,,,,,,,,,,,,
나프탈렌,소민,소민,0,,,,,,,,,,,,,,
나혼,소민,소민,0,,,,,,,,,,,,,,
나혼산,소민,소민,0,,,,,,,,,,,,,,
나혼자산다,소민,소민,0,,,,,,,,,,,,,,
낙곱새,소민,소민,0,,,,,,,,,,,,,,
낙후,소민,소민,0,,,,,,,,,,,,,,
난건,소민,소민,0,,,,,,,,,,,,,,
난국,소민,소민,0,,,,,,,,,,,,,,
난로,소민,소민,0,,,,,,,,,,,,,,
난리,소민,소민,0,,,,,,,,,,,,,,
난후,소민,소민,0,,,,,,,,,,,,,,
날때,소민,소민,0,,,,,,,,,,,,,,
날림,소민,소민,0,,,,,,,,,,,,,,
날씨,소민,소민,0,,,,,,,,,,,,,,
날짜,소민,소민,0,,,,,,,,,,,,,,
날치,소민,소민,0,,,,,,,,,,,,,,
남고,소민,소민,0,,,,,,,,,,,,,,
남녀,소민,소민,0,,,,,,,,,,,,,,
남비,소민,소민,0,,,,,,,,,,,,,,
남성,소민,소민,0,,,,,,,,,,,,,,
남아,소민,소민,0,,,,,,,,,,,,,,
남여,소민,소민,0,,,,,,,,,,,,,,
남자,소민,소민,0,,,,,,,,,,,,,,
남자친구,소민,소민,0,,,,,,,,,,,,,,
남지,소민,소민,0,,,,,,,,,,,,,,
남짓,소민,소민,0,,,,,,,,,,,,,,
남친,소민,소민,0,,,,,,,,,,,,,,
남칭구,소민,소민,0,,,,,,,,,,,,,,
남편,소민,소민,0,,,,,,,,,,,,,,
남포면,소민,소민,0,,,,,,,,,,,,,,
납득,소민,소민,0,,,,,,,,,,,,,,
납작,소민,소민,0,,,,,,,,,,,,,,
낫다,소민,소민,0,,,,,,,,,,,,,,
낭낭,소민,소민,0,,,,,,,,,,,,,,
낭만,소민,소민,0,,,,,,,,,,,,,,
낮길레,소민,소민,0,,,,,,,,,,,,,,
낮술,소민,소민,0,,,,,,,,,,,,,,
낮잠,소민,소민,0,,,,,,,,,,,,,,
낯선,소민,소민,0,,,,,,,,,,,,,,
내공,소민,소민,0,,,,,,,,,,,,,,
내기,소민,소민,0,,,,,,,,,,,,,,
내껀,소민,소민,0,,,,,,,,,,,,,,
내내,소민,소민,0,,,,,,,,,,,,,,
내리막,소민,소민,0,,,,,,,,,,,,,,
내면,소민,소민,0,,,,,,,,,,,,,,
내부,소민,소민,0,,,,,,,,,,,,,,
내시,소민,소민,0,,,,,,,,,,,,,,
내신,소민,소민,0,,,,,,,,,,,,,,
내심,소민,소민,0,,,,,,,,,,,,,,
내외,소민,소민,0,,,,,,,,,,,,,,
내용,소민,소민,0,,,,,,,,,,,,,,
내일,소민,소민,0,,,,,,,,,,,,,,
내장,소민,소민,0,,,,,,,,,,,,,,
내적,소민,소민,0,,,,,,,,,,,,,,
내좋빠,소민,소민,0,,,,,,,,,,,,,,
내지,소민,소민,0,,,,,,,,,,,,,,
냄비,소민,소민,0,,,,,,,,,,,,,,
냄새,소민,소민,0,,,,,,,,,,,,,,
냅킨,소민,소민,0,,,,,,,,,,,,,,
냉국,소민,소민,0,,,,,,,,,,,,,,
냉동,소민,소민,0,,,,,,,,,,,,,,
냉면,소민,소민,0,,,,,,,,,,,,,,
냉면집,소민,소민,0,,,,,,,,,,,,,,
냉방,소민,소민,0,,,,,,,,,,,,,,
냉이,소민,소민,0,,,,,,,,,,,,,,
냉장,소민,소민,0,,,,,,,,,,,,,,
냉칼국수,소민,소민,0,,,,,,,,,,,,,,
냠냐미,소민,소민,0,,,,,,,,,,,,,,
냠냠념뇸,소민,소민,0,,,,,,,,,,,,,,
냥임,소민,소민,0,,,,,,,,,,,,,,
너무붎,소민,소민,0,,,,,,,,,,,,,,
너뭄,소민,소민,0,,,,,,,,,,,,,,
너프,소민,소민,0,,,,,,,,,,,,,,
너희,소민,소민,0,,,,,,,,,,,,,,
널널,소민,소민,0,,,,,,,,,,,,,,
널렸어,소민,소민,0,,,,,,,,,,,,,,
넘김,소민,소민,0,,,,,,,,,,,,,,
넘맛잇엉,소민,소민,2,,,,,,,,,,,,,,
넘버원,소민,소민,0,,,,,,,,,,,,,,
넘침,소민,소민,0,,,,,,,,,,,,,,
넚고,소민,소민,0,,,,,,,,,,,,,,
넣어드심,소민,소민,0,,,,,,,,,,,,,,
네네,소민,소민,0,,,,,,,,,,,,,,
네모,소민,소민,0,,,,,,,,,,,,,,
네시,소민,소민,0,,,,,,,,,,,,,,
네오,소민,소민,0,,,,,,,,,,,,,,
네이버,소민,소민,0,,,,,,,,,,,,,,
네일,소민,소민,-1,,,,,,,,,,,,,,
넷이,소민,소민,0,,,,,,,,,,,,,,
녀석,소민,소민,0,,,,,,,,,,,,,,
년전,소민,소민,0,,,,,,,,,,,,,,
년층,소민,소민,0,,,,,,,,,,,,,,
노가다,소민,소민,0,,,,,,,,,,,,,,
노골,소민,소민,-1,,,,,,,,,,,,,,
노닥거리,소민,소민,0,,,,,,,,,,,,,,
노답,소민,소민,-2,,,,,,,,,,,,,,
노랑,소민,소민,0,,,,,,,,,,,,,,
노래,소민,소민,0,,,,,,,,,,,,,,
노력,소민,소민,0,,,,,,,,,,,,,,
노른자,소민,소민,0,,,,,,,,,,,,,,
노릇,소민,소민,0,,,,,,,,,,,,,,
노리,소민,소민,0,,,,,,,,,,,,,,
노릿,소민,소민,0,,,,,,,,,,,,,,
노말,소민,소민,0,,,,,,,,,,,,,,
노맛,소민,소민,-2,,,,,,,,,,,,,,
노무,소민,소민,0,,,,,,,,,,,,,,
노상,소민,소민,0,,,,,,,,,,,,,,
노소,소민,소민,0,,,,,,,,,,,,,,
노예,소민,소민,0,,,,,,,,,,,,,,
노파,소민,소민,-1,,,,,,,,,,,,,,
노포,소민,소민,0,,,,,,,,,,,,,,
녹두,소민,소민,0,,,,,,,,,,,,,,
녹말,소민,소민,0,,,,,,,,,,,,,,
녹색,소민,소민,0,,,,,,,,,,,,,,
놀람,소민,소민,0,,,,,,,,,,,,,,
놀랫어,소민,소민,0,,,,,,,,,,,,,,
놀러와,소민,소민,0,,,,,,,,,,,,,,
놀부,소민,소민,0,,,,,,,,,,,,,,
놋그릇,소민,소민,0,,,,,,,,,,,,,,
놋쇠,소민,소민,0,,,,,,,,,,,,,,
농사,소민,소민,0,,,,,,,,,,,,,,
농산물,소민,소민,0,,,,,,,,,,,,,,
농협,소민,소민,0,,,,,,,,,,,,,,
놨다,소민,소민,0,,,,,,,,,,,,,,
놨습니,소민,소민,0,,,,,,,,,,,,,,
놨어야,소민,소민,0,,,,,,,,,,,,,,
뇨끼,소민,소민,0,,,,,,,,,,,,,,
뇸뇸,소민,소민,0,,,,,,,,,,,,,,
누가,소민,소민,0,,,,,,,,,,,,,,
누구,소민,소민,0,,,,,,,,,,,,,,
누군가,소민,소민,0,,,,,,,,,,,,,,
누락,소민,소민,0,,,,,,,,,,,,,,
누런,소민,소민,0,,,,,,,,,,,,,,
누룩,소민,소민,0,,,,,,,,,,,,,,
누룽지,소민,소민,0,,,,,,,,,,,,,,
누무,소민,소민,0,,,,,,,,,,,,,,
누적,소민,소민,0,,,,,,,,,,,,,,
누해,소민,소민,0,,,,,,,,,,,,,,
눅진,소민,소민,0,,,,,,,,,,,,,,
눈길,소민,소민,0,,,,,,,,,,,,,,
눈물,소민,소민,0,,,,,,,,,,,,,,
눈썹,소민,소민,0,,,,,,,,,,,,,,
눈알,소민,소민,0,,,,,,,,,,,,,,
눈앞,소민,소민,0,,,,,,,,,,,,,,
눈치,소민,소민,0,,,,,,,,,,,,,,
눌린거,소민,소민,0,,,,,,,,,,,,,,
뉘앙스,소민,소민,0,,,,,,,,,,,,,,
뉴요커,소민,소민,0,,,,,,,,,,,,,,
뉴욕,소민,소민,0,,,,,,,,,,,,,,
뉴욕타임스,소민,소민,0,,,,,,,,,,,,,,
뉴욕타임즈,소민,소민,0,,,,,,,,,,,,,,
느겨,소민,소민,0,,,,,,,,,,,,,,
느글거렸던,소민,소민,-1,,,,,,,,,,,,,,
느낌,소민,소민,0,,,,,,,,,,,,,,
느므,소민,소민,0,,,,,,,,,,,,,,
느좋,소민,소민,2,,,,,,,,,,,,,,
는걸,소민,소민,0,,,,,,,,,,,,,,
는데,소민,소민,0,,,,,,,,,,,,,,
늘쭉날쭉,소민,소민,0,,,,,,,,,,,,,,
능가,소민,소민,0,,,,,,,,,,,,,,
능데,소민,소민,0,,,,,,,,,,,,,,
능동,소민,소민,0,,,,,,,,,,,,,,
능라도,소민,소민,0,,,,,,,,,,,,,,
능력,소민,소민,0,,,,,,,,,,,,,,
능청,소민,소민,0,,,,,,,,,,,,,,
늦점,소민,소민,0,,,,,,,,,,,,,,
늬낌,소민,소민,0,,,,,,,,,,,,,,
니요,소민,소민,0,,,,,,,,,,,,,,
니트,소민,소민,0,,,,,,,,,,,,,,
다가,소민,소민,0,,,,,,,,,,,,,,
다기,소민,소민,0,,,,,,,,,,,,,,
다녀왓내,소민,소민,0,,,,,,,,,,,,,,
다대기,소민,소민,0,,,,,,,,,,,,,,
다데기,소민,소민,0,,,,,,,,,,,,,,
다도,소민,소민,0,,,,,,,,,,,,,,
다드,소민,소민,0,,,,,,,,,,,,,,
다락,소민,소민,0,,,,,,,,,,,,,,
다른,소민,소민,0,,,,,,,,,,,,,,
다른사람,소민,소민,0,,,,,,,,,,,,,,
다리,소민,소민,0,,,,,,,,,,,,,,
다만,소민,소민,0,,,,,,,,,,,,,,
다섯손가락,소민,소민,0,,,,,,,,,,,,,,
다소,소민,소민,0,,,,,,,,,,,,,,
다시,소민,소민,0,,,,,,,,,,,,,,
다양,소민,소민,1,,,,,,,,,,,,,,
다양성,소민,소민,0,,,,,,,,,,,,,,
다오,소민,소민,0,,,,,,,,,,,,,,
다운,소민,소민,0,,,,,,,,,,,,,,
다음,소민,소민,0,,,,,,,,,,,,,,
다이닝,소민,소민,0,,,,,,,,,,,,,,
다이어트,소민,소민,0,,,,,,,,,,,,,,
다인,소민,소민,0,,,,,,,,,,,,,,
다임,소민,소민,0,,,,,,,,,,,,,,
다지,소민,소민,0,,,,,,,,,,,,,,
다짐,소민,소민,0,,,,,,,,,,,,,,
다짜고짜,소민,소민,0,,,,,,,,,,,,,,
다채롭,소민,소민,0,,,,,,,,,,,,,,
다툼,소민,소민,0,,,,,,,,,,,,,,
다한,소민,소민,0,,,,,,,,,,,,,,
다해,소민,소민,0,,,,,,,,,,,,,,
다행,소민,소민,1,,,,,,,,,,,,,,
단가,소민,소민,0,,,,,,,,,,,,,,
단계,소민,소민,0,,,,,,,,,,,,,,
단고,소민,소민,0,,,,,,,,,,,,,,
단골,소민,소민,0,,,,,,,,,,,,,,
단독,소민,소민,0,,,,,,,,,,,,,,
단독주택,소민,소민,0,,,,,,,,,,,,,,
단돈,소민,소민,0,,,,,,,,,,,,,,
단맛,소민,소민,0,,,,,,,,,,,,,,
단무지,소민,소민,0,,,,,,,,,,,,,,
단발,소민,소민,0,,,,,,,,,,,,,,
단백,소민,소민,0,,,,,,,,,,,,,,
단백질,소민,소민,0,,,,,,,,,,,,,,
단순,소민,소민,0,,,,,,,,,,,,,,
단연,소민,소민,0,,,,,,,,,,,,,,
단위,소민,소민,0,,,,,,,,,,,,,,
단일,소민,소민,0,,,,,,,,,,,,,,
단임,소민,소민,0,,,,,,,,,,,,,,
단점,소민,소민,0,,,,,,,,,,,,,,
단지,소민,소민,0,,,,,,,,,,,,,,
단체,소민,소민,0,,,,,,,,,,,,,,
단호박,소민,소민,0,,,,,,,,,,,,,,
달걀,소민,소민,0,,,,,,,,,,,,,,
달기,소민,소민,0,,,,,,,,,,,,,,
달달,소민,소민,0,,,,,,,,,,,,,,
달라,소민,소민,0,,,,,,,,,,,,,,
달라짐,소민,소민,0,,,,,,,,,,,,,,
달리,소민,소민,0,,,,,,,,,,,,,,
달이,소민,소민,0,,,,,,,,,,,,,,
달전,소민,소민,0,,,,,,,,,,,,,,
달짝,소민,소민,0,,,,,,,,,,,,,,
달짝찌,소민,소민,0,,,,,,,,,,,,,,
달콤,소민,소민,0,,,,,,,,,,,,,,
달팽이,소민,소민,0,,,,,,,,,,,,,,
닭갈비,소민,소민,0,,,,,,,,,,,,,,
닭고기,소민,소민,0,,,,,,,,,,,,,,
닭다리,소민,소민,0,,,,,,,,,,,,,,
닭도리탕,소민,소민,0,,,,,,,,,,,,,,
닭목,소민,소민,0,,,,,,,,,,,,,,
닭발,소민,소민,0,,,,,,,,,,,,,,
닭보,소민,소민,0,,,,,,,,,,,,,,
닭볶음탕,소민,소민,0,,,,,,,,,,,,,,
닯다리,소민,소민,0,,,,,,,,,,,,,,
담당,소민,소민,0,,,,,,,,,,,,,,
담배,소민,소민,0,,,,,,,,,,,,,,
담번,소민,소민,0,,,,,,,,,,,,,,
담소,소민,소민,0,,,,,,,,,,,,,,
답니,소민,소민,0,,,,,,,,,,,,,,
답변,소민,소민,0,,,,,,,,,,,,,,
답사,소민,소민,0,,,,,,,,,,,,,,
답습,소민,소민,0,,,,,,,,,,,,,,
답임,소민,소민,0,,,,,,,,,,,,,,
당구,소민,소민,0,,,,,,,,,,,,,,
당근,소민,소민,0,,,,,,,,,,,,,,
당뇨,소민,소민,0,,,,,,,,,,,,,,
당면,소민,소민,0,,,,,,,,,,,,,,
당분간,소민,소민,0,,,,,,,,,,,,,,
당산,소민,소민,0,,,,,,,,,,,,,,
당시,소민,소민,0,,,,,,,,,,,,,,
당신,소민,소민,0,,,,,,,,,,,,,,
당일,소민,소민,0,,,,,,,,,,,,,,
당장,소민,소민,0,,,,,,,,,,,,,,
당첨,소민,소민,0,,,,,,,,,,,,,,
당황,소민,소민,0,,,,,,,,,,,,,,
대가,소민,소민,0,,,,,,,,,,,,,,
대가리,소민,소민,0,,,,,,,,,,,,,,
대각선,소민,소민,0,,,,,,,,,,,,,,
대감,소민,소민,0,,,,,,,,,,,,,,
대개,소민,소민,0,,,,,,,,,,,,,,
대결,소민,소민,0,,,,,,,,,,,,,,
대고,소민,소민,0,,,,,,,,,,,,,,
대국,소민,소민,0,,,,,,,,,,,,,,
대기,소민,소민,0,,,,,,,,,,,,,,
대기실,소민,소민,0,,,,,,,,,,,,,,
대길,소민,소민,0,,,,,,,,,,,,,,
대꾸,소민,소민,0,,,,,,,,,,,,,,
대다수,소민,소민,0,,,,,,,,,,,,,,
대답,소민,소민,0,,,,,,,,,,,,,,
대도,소민,소민,0,,,,,,,,,,,,,,
대략,소민,소민,0,,,,,,,,,,,,,,
대련,소민,소민,0,,,,,,,,,,,,,,
대로,소민,소민,0,,,,,,,,,,,,,,
대루,소민,소민,0,,,,,,,,,,,,,,
대리,소민,소민,0,,,,,,,,,,,,,,
대만인,소민,소민,0,,,,,,,,,,,,,,
대면,소민,소민,0,,,,,,,,,,,,,,
대명사,소민,소민,0,,,,,,,,,,,,,,
대모,소민,소민,0,,,,,,,,,,,,,,
대박,소민,소민,0,,,,,,,,,,,,,,
대반,소민,소민,0,,,,,,,,,,,,,,
대별,소민,소민,0,,,,,,,,,,,,,,
대부분,소민,소민,0,,,,,,,,,,,,,,
대북,소민,소민,0,,,,,,,,,,,,,,
대비,소민,소민,0,,,,,,,,,,,,,,
대상,소민,소민,0,,,,,,,,,,,,,,
대서,소민,소민,0,,,,,,,,,,,,,,
대성,소민,소민,0,,,,,,,,,,,,,,
대식,소민,소민,0,,,,,,,,,,,,,,
대신,소민,소민,0,,,,,,,,,,,,,,
대안,소민,소민,0,,,,,,,,,,,,,,
대애,소민,소민,0,,,,,,,,,,,,,,
대여,소민,소민,0,,,,,,,,,,,,,,
대요,소민,소민,0,,,,,,,,,,,,,,
대우,소민,소민,0,,,,,,,,,,,,,,
대응,소민,소민,0,,,,,,,,,,,,,,
대일,소민,소민,0,,,,,,,,,,,,,,
대자,소민,소민,0,,,,,,,,,,,,,,
대자리,소민,소민,0,,,,,,,,,,,,,,
대전,소민,소민,0,,,,,,,,,,,,,,
대접,소민,소민,0,,,,,,,,,,,,,,
대조,소민,소민,1,,,,,,,,,,,,,,
대중,소민,소민,0,,,,,,,,,,,,,,
대중교통,소민,소민,0,,,,,,,,,,,,,,
대창,소민,소민,0,,,,,,,,,,,,,,
대처,소민,소민,0,,,,,,,,,,,,,,
대체,소민,소민,0,,,,,,,,,,,,,,
대체로,소민,소민,0,,,,,,,,,,,,,,
대체복무,소민,소민,0,,,,,,,,,,,,,,
대체재,소민,소민,0,,,,,,,,,,,,,,
대추,소민,소민,0,,,,,,,,,,,,,,
대충,소민,소민,0,,,,,,,,,,,,,,
대치,소민,소민,0,,,,,,,,,,,,,,
대파,소민,소민,0,,,,,,,,,,,,,,
대표,소민,소민,2,,,,,,,,,,,,,,
대하,소민,소민,0,,,,,,,,,,,,,,
대학가,소민,소민,0,,,,,,,,,,,,,,
대학교,소민,소민,0,,,,,,,,,,,,,,
대학로,소민,소민,0,,,,,,,,,,,,,,
대한,소민,소민,0,,,,,,,,,,,,,,
대한민국,소민,소민,0,,,,,,,,,,,,,,
대해,소민,소민,0,,,,,,,,,,,,,,
대형,소민,소민,0,,,,,,,,,,,,,,
대화,소민,소민,0,,,,,,,,,,,,,,
대회,소민,소민,0,,,,,,,,,,,,,,
대흥,소민,소민,0,,,,,,,,,,,,,,
대흥역,소민,소민,0,,,,,,,,,,,,,,
댓글,소민,소민,0,,,,,,,,,,,,,,
댕글,소민,소민,0,,,,,,,,,,,,,,
댕김,소민,소민,0,,,,,,,,,,,,,,
댜기,소민,소민,0,,,,,,,,,,,,,,
댜박댜,소민,소민,0,,,,,,,,,,,,,,
더구나,소민,소민,0,,,,,,,,,,,,,,
더군다나,소민,소민,0,,,,,,,,,,,,,,
더니,소민,소민,0,,,,,,,,,,,,,,
더더,소민,소민,0,,,,,,,,,,,,,,
더덕,소민,소민,0,,,,,,,,,,,,,,
더러,소민,소민,0,,,,,,,,,,,,,,
더맛,소민,소민,0,,,,,,,,,,,,,,
더미,소민,소민,0,,,,,,,,,,,,,,
더욱,소민,소민,0,,,,,,,,,,,,,,
더욱더,소민,소민,-1,,,,,,,,,,,,,,
더움,소민,소민,0,,,,,,,,,,,,,,
더위,소민,소민,0,,,,,,,,,,,,,,
더하기,소민,소민,0,,,,,,,,,,,,,,
덕분,소민,소민,0,,,,,,,,,,,,,,
덕준,소민,소민,0,,,,,,,,,,,,,,
덕지덕지,소민,소민,0,,,,,,,,,,,,,,
던곳,소민,소민,0,,,,,,,,,,,,,,
던데,소민,소민,0,,,,,,,,,,,,,,
던디,소민,소민,0,,,,,,,,,,,,,,
덜덜,소민,소민,0,,,,,,,,,,,,,,
덝갈비,소민,소민,0,,,,,,,,,,,,,,
덧살,소민,소민,0,,,,,,,,,,,,,,
덩달아,소민,소민,0,,,,,,,,,,,,,,
덩어리,소민,소민,0,,,,,,,,,,,,,,
덩이,소민,소민,0,,,,,,,,,,,,,,
덩치,소민,소민,0,,,,,,,,,,,,,,
데리,소민,소민,0,,,,,,,,,,,,,,
데리야끼,소민,소민,0,,,,,,,,,,,,,,
데이,소민,소민,0,,,,,,,,,,,,,,
데이터,소민,소민,0,,,,,,,,,,,,,,
데이트,소민,소민,0,,,,,,,,,,,,,,
데일,소민,소민,0,,,,,,,,,,,,,,
데친,소민,소민,0,,,,,,,,,,,,,,
덴테,소민,소민,0,,,,,,,,,,,,,,
델꼬,소민,소민,0,,,,,,,,,,,,,,
델코,소민,소민,0,,,,,,,,,,,,,,
도가니,소민,소민,0,,,,,,,,,,,,,,
도가니탕,소민,소민,0,,,,,,,,,,,,,,
도감,소민,소민,0,,,,,,,,,,,,,,
도구,소민,소민,0,,,,,,,,,,,,,,
도깨비,소민,소민,0,,,,,,,,,,,,,,
도다리,소민,소민,0,,,,,,,,,,,,,,
도달,소민,소민,0,,,,,,,,,,,,,,
도대체,소민,소민,0,,,,,,,,,,,,,,
도도,소민,소민,0,,,,,,,,,,,,,,
도둑,소민,소민,0,,,,,,,,,,,,,,
도때,소민,소민,0,,,,,,,,,,,,,,
도때기,소민,소민,0,,,,,,,,,,,,,,
도라방스,소민,소민,0,,,,,,,,,,,,,,
도랏맨,소민,소민,0,,,,,,,,,,,,,,
도로,소민,소민,0,,,,,,,,,,,,,,
도리,소민,소민,0,,,,,,,,,,,,,,
도립,소민,소민,0,,,,,,,,,,,,,,
도모,소민,소민,0,,,,,,,,,,,,,,
도무지,소민,소민,0,,,,,,,,,,,,,,
도박,소민,소민,0,,,,,,,,,,,,,,
도보,소민,소민,0,,,,,,,,,,,,,,
도산,소민,소민,0,,,,,,,,,,,,,,
도서,소민,소민,0,,,,,,,,,,,,,,
도서관,소민,소민,0,,,,,,,,,,,,,,
도수,소민,소민,0,,,,,,,,,,,,,,
도시,소민,소민,0,,,,,,,,,,,,,,
도시락,소민,소민,0,,,,,,,,,,,,,,
도심,소민,소민,0,,,,,,,,,,,,,,
도안,소민,소민,0,,,,,,,,,,,,,,
도우,소민,소민,0,,,,,,,,,,,,,,
도움,소민,소민,0,,,,,,,,,,,,,,
도인,소민,소민,0,,,,,,,,,,,,,,
도자기,소민,소민,0,,,,,,,,,,,,,,
도장,소민,소민,0,,,,,,,,,,,,,,
도저히,소민,소민,0,,,,,,,,,,,,,,
도전,소민,소민,0,,,,,,,,,,,,,,
도중,소민,소민,0,,,,,,,,,,,,,,
도착,소민,소민,0,,,,,,,,,,,,,,
도쿄,소민,소민,0,,,,,,,,,,,,,,
도토리묵,소민,소민,0,,,,,,,,,,,,,,
도파민,소민,소민,0,,,,,,,,,,,,,,
도하,소민,소민,0,,,,,,,,,,,,,,
도화,소민,소민,0,,,,,,,,,,,,,,
독방,소민,소민,0,,,,,,,,,,,,,,
독보,소민,소민,0,,,,,,,,,,,,,,
독창,소민,소민,0,,,,,,,,,,,,,,
독촉,소민,소민,0,,,,,,,,,,,,,,
독특,소민,소민,0,,,,,,,,,,,,,,
독해,소민,소민,0,,,,,,,,,,,,,,
돈값,소민,소민,0,,,,,,,,,,,,,,
돈갖,소민,소민,0,,,,,,,,,,,,,,
돈까스,소민,소민,0,,,,,,,,,,,,,,
돈대,소민,소민,0,,,,,,,,,,,,,,
돈독,소민,소민,0,,,,,,,,,,,,,,
돈맛,소민,소민,1,,,,,,,,,,,,,,
돋궈주네,소민,소민,1,,,,,,,,,,,,,,
돌뼈,소민,소민,0,,,,,,,,,,,,,,
돌솥,소민,소민,0,,,,,,,,,,,,,,
돌솥밥,소민,소민,0,,,,,,,,,,,,,,
돌이,소민,소민,2,,,,,,,,,,,,,,
돌파,소민,소민,0,,,,,,,,,,,,,,
돗자리,소민,소민,0,,,,,,,,,,,,,,
동결,소민,소민,2,,,,,,,,,,,,,,
동기,소민,소민,0,,,,,,,,,,,,,,
동네,소민,소민,0,,,,,,,,,,,,,,
동동,소민,소민,0,,,,,,,,,,,,,,
동동주,소민,소민,0,,,,,,,,,,,,,,
동료,소민,소민,0,,,,,,,,,,,,,,
동반,소민,소민,0,,,,,,,,,,,,,,
동생,소민,소민,0,,,,,,,,,,,,,,
동선,소민,소민,0,,,,,,,,,,,,,,
동성,소민,소민,0,,,,,,,,,,,,,,
동시,소민,소민,0,,,,,,,,,,,,,,
동식,소민,소민,0,,,,,,,,,,,,,,
동안,소민,소민,0,,,,,,,,,,,,,,
동의,소민,소민,0,,,,,,,,,,,,,,
동전,소민,소민,0,,,,,,,,,,,,,,
동지,소민,소민,0,,,,,,,,,,,,,,
동창,소민,소민,0,,,,,,,,,,,,,,
동창회,소민,소민,0,,,,,,,,,,,,,,
동치,소민,소민,0,,,,,,,,,,,,,,
동치미,소민,소민,0,,,,,,,,,,,,,,
동태,소민,소민,0,,,,,,,,,,,,,,
동행,소민,소민,0,,,,,,,,,,,,,,
돝솥,소민,소민,0,,,,,,,,,,,,,,
돼지,소민,소민,0,,,,,,,,,,,,,,
돼지갈비,소민,소민,0,,,,,,,,,,,,,,
돼지고기,소민,소민,0,,,,,,,,,,,,,,
돼지국밥,소민,소민,0,,,,,,,,,,,,,,
되가꼬,소민,소민,0,,,,,,,,,,,,,,
된거,소민,소민,0,,,,,,,,,,,,,,
된장,소민,소민,0,,,,,,,,,,,,,,
된장국,소민,소민,0,,,,,,,,,,,,,,
된장찌개,소민,소민,0,,,,,,,,,,,,,,
될런,소민,소민,0,,,,,,,,,,,,,,
두고두고,소민,소민,0,,,,,,,,,,,,,,
두기,소민,소민,0,,,,,,,,,,,,,,
두께,소민,소민,0,,,,,,,,,,,,,,
두둥,소민,소민,0,,,,,,,,,,,,,,
두루,소민,소민,0,,,,,,,,,,,,,,
두루치기,소민,소민,0,,,,,,,,,,,,,,
두리,소민,소민,0,,,,,,,,,,,,,,
두번째,소민,소민,0,,,,,,,,,,,,,,
두부,소민,소민,0,,,,,,,,,,,,,,
두부김치,소민,소민,0,,,,,,,,,,,,,,
두부보쌈,소민,소민,0,,,,,,,,,,,,,,
두시,소민,소민,0,,,,,,,,,,,,,,
두운,소민,소민,0,,,,,,,,,,,,,,
두유,소민,소민,0,,,,,,,,,,,,,,
두쫀쿠,소민,소민,0,,,,,,,,,,,,,,
두툼,소민,소민,1,,,,,,,,,,,,,,
두툼두툼,소민,소민,0,,,,,,,,,,,,,,
두툼해,소민,소민,0,,,,,,,,,,,,,,
두툼힌,소민,소민,0,,,,,,,,,,,,,,
두피,소민,소민,0,,,,,,,,,,,,,,
둑흔둑흔,소민,소민,0,,,,,,,,,,,,,,
둘걸,소민,소민,0,,,,,,,,,,,,,,
둘둘,소민,소민,0,,,,,,,,,,,,,,
둘레길,소민,소민,0,,,,,,,,,,,,,,
둘이서,소민,소민,0,,,,,,,,,,,,,,
둘째,소민,소민,0,,,,,,,,,,,,,,
둣둣,소민,소민,0,,,,,,,,,,,,,,
둥둥,소민,소민,0,,,,,,,,,,,,,,
뒤엎어,소민,소민,0,,,,,,,,,,,,,,
뒤쪽,소민,소민,0,,,,,,,,,,,,,,
뒷다리,소민,소민,1,,,,,,,,,,,,,,
뒷다릿살,소민,소민,0,,,,,,,,,,,,,,
뒷맛,소민,소민,0,,,,,,,,,,,,,,
뒷방,소민,소민,0,,,,,,,,,,,,,,
뒷정리,소민,소민,0,,,,,,,,,,,,,,
뒷짐,소민,소민,0,,,,,,,,,,,,,,
뒷쪽,소민,소민,0,,,,,,,,,,,,,,
드감,소민,소민,1,,,,,,,,,,,,,,
드글드글,소민,소민,0,,,,,,,,,,,,,,
드네,소민,소민,0,,,,,,,,,,,,,,
드뎌,소민,소민,0,,,,,,,,,,,,,,
드라이,소민,소민,0,,,,,,,,,,,,,,
드레싱,소민,소민,0,,,,,,,,,,,,,,
드릅,소민,소민,0,,,,,,,,,,,,,,
드리블,소민,소민,0,,,,,,,,,,,,,,
드릴,소민,소민,0,,,,,,,,,,,,,,
드림,소민,소민,0,,,,,,,,,,,,,,
드링킹,소민,소민,0,,,,,,,,,,,,,,
드셍,소민,소민,0,,,,,,,,,,,,,,
드심,소민,소민,0,,,,,,,,,,,,,,
득나,소민,소민,0,,,,,,,,,,,,,,
득도,소민,소민,0,,,,,,,,,,,,,,
든근하,소민,소민,0,,,,,,,,,,,,,,
들기름,소민,소민,0,,,,,,,,,,,,,,
들깨,소민,소민,0,,,,,,,,,,,,,,
듬뿍,소민,소민,0,,,,,,,,,,,,,,
듭니,소민,소민,0,,,,,,,,,,,,,,
듯용,소민,소민,0,,,,,,,,,,,,,,
듯이,소민,소민,0,,,,,,,,,,,,,,
듯함,소민,소민,0,,,,,,,,,,,,,,
듯해,소민,소민,0,,,,,,,,,,,,,,
등등,소민,소민,0,,,,,,,,,,,,,,
등록,소민,소민,0,,,,,,,,,,,,,,
등뼈,소민,소민,0,,,,,,,,,,,,,,
등산,소민,소민,0,,,,,,,,,,,,,,
등살,소민,소민,0,,,,,,,,,,,,,,
등식,소민,소민,0,,,,,,,,,,,,,,
등심,소민,소민,2,,,,,,,,,,,,,,
등장,소민,소민,0,,,,,,,,,,,,,,
등재,소민,소민,0,,,,,,,,,,,,,,
등촌,소민,소민,0,,,,,,,,,,,,,,
디너,소민,소민,0,,,,,,,,,,,,,,
디다,소민,소민,0,,,,,,,,,,,,,,
디쉬,소민,소민,0,,,,,,,,,,,,,,
디저트,소민,소민,0,,,,,,,,,,,,,,
디졋누,소민,소민,0,,,,,,,,,,,,,,
디테,소민,소민,0,,,,,,,,,,,,,,
디폴트,소민,소민,0,,,,,,,,,,,,,,
디핑,소민,소민,0,,,,,,,,,,,,,,
딜도,소민,소민,0,,,,,,,,,,,,,,
따끈따근할때,소민,소민,0,,,,,,,,,,,,,,
따끗하,소민,소민,0,,,,,,,,,,,,,,
따님,소민,소민,0,,,,,,,,,,,,,,
따땃,소민,소민,0,,,,,,,,,,,,,,
따땃한거,소민,소민,0,,,,,,,,,,,,,,
따라서,소민,소민,0,,,,,,,,,,,,,,
따름,소민,소민,0,,,,,,,,,,,,,,
따리,소민,소민,0,,,,,,,,,,,,,,
딱지,소민,소민,0,,,,,,,,,,,,,,
딸그락,소민,소민,0,,,,,,,,,,,,,,
딸기,소민,소민,0,,,,,,,,,,,,,,
딸내미,소민,소민,0,,,,,,,,,,,,,,
딸아이,소민,소민,0,,,,,,,,,,,,,,
딸입,소민,소민,0,,,,,,,,,,,,,,
땅땅,소민,소민,0,,,,,,,,,,,,,,
때깔,소민,소민,0,,,,,,,,,,,,,,
때로는,소민,소민,0,,,,,,,,,,,,,,
때마,소민,소민,0,,,,,,,,,,,,,,
때마침,소민,소민,0,,,,,,,,,,,,,,
때문,소민,소민,0,,,,,,,,,,,,,,
땡땡,소민,소민,0,,,,,,,,,,,,,,
땡볕,소민,소민,0,,,,,,,,,,,,,,
땡전,소민,소민,0,,,,,,,,,,,,,,
땡초,소민,소민,0,,,,,,,,,,,,,,
떠껀떠껀하,소민,소민,0,,,,,,,,,,,,,,
떡갈비,소민,소민,0,,,,,,,,,,,,,,
떡국,소민,소민,0,,,,,,,,,,,,,,
떡볶이,소민,소민,0,,,,,,,,,,,,,,
떨기,소민,소민,0,,,,,,,,,,,,,,
떳길,소민,소민,0,,,,,,,,,,,,,,
떵개,소민,소민,0,,,,,,,,,,,,,,
떼웠습니,소민,소민,0,,,,,,,,,,,,,,
또또,소민,소민,0,,,,,,,,,,,,,,
또띠아,소민,소민,0,,,,,,,,,,,,,,
또띠야,소민,소민,0,,,,,,,,,,,,,,
또한,소민,소민,0,,,,,,,,,,,,,,
똑바로,소민,소민,0,,,,,,,,,,,,,,
똬리,소민,소민,0,,,,,,,,,,,,,,
뚜걱거리,소민,소민,0,,,,,,,,,,,,,,
뚜기,소민,소민,0,,,,,,,,,,,,,,
뚜껑,소민,소민,0,,,,,,,,,,,,,,
뚝감,소민,소민,0,,,,,,,,,,,,,,
뚝딱,소민,소민,0,,,,,,,,,,,,,,
뚝뚝,소민,소민,0,,,,,,,,,,,,,,
뚝배기,소민,소민,0,,,,,,,,,,,,,,
뚝섬,소민,소민,0,,,,,,,,,,,,,,
뚝섬역,소민,소민,0,,,,,,,,,,,,,,
뚠뚠,소민,소민,0,,,,,,,,,,,,,,
뚠뚠해,소민,소민,0,,,,,,,,,,,,,,
뚱스,소민,소민,0,,,,,,,,,,,,,,
뜨릴,소민,소민,0,,,,,,,,,,,,,,
뜸뿍,소민,소민,0,,,,,,,,,,,,,,
뜻밖,소민,소민,0,,,,,,,,,,,,,,
띠용,소민,소민,0,,,,,,,,,,,,,,
라가,소민,소민,0,,,,,,,,,,,,,,
라는둥,소민,소민,0,,,,,,,,,,,,,,
라떼,소민,소민,0,,,,,,,,,,,,,,
라며,소민,소민,0,,,,,,,,,,,,,,
라면,소민,소민,0,,,,,,,,,,,,,,
라볶이,소민,소민,0,,,,,,,,,,,,,,
라서,소민,소민,0,,,,,,,,,,,,,,
라스트,소민,소민,0,,,,,,,,,,,,,,
라이,소민,소민,0,,,,,,,,,,,,,,
라이딩,소민,소민,0,,,,,,,,,,,,,,
라이스,소민,소민,0,,,,,,,,,,,,,,
라이트,소민,소민,0,,,,,,,,,,,,,,
라지,소민,소민,0,,,,,,,,,,,,,,
라텍스,소민,소민,0,,,,,,,,,,,,,,
락스,소민,소민,0,,,,,,,,,,,,,,
락희옥,소민,소민,0,,,,,,,,,,,,,,
락희옥입니,소민,소민,0,,,,,,,,,,,,,,
람쫄깃,소민,소민,0,,,,,,,,,,,,,,
랍니,소민,소민,0,,,,,,,,,,,,,,
래미,소민,소민,0,,,,,,,,,,,,,,
래서,소민,소민,0,,,,,,,,,,,,,,
랜드마크,소민,소민,0,,,,,,,,,,,,,,
러닝,소민,소민,0,,,,,,,,,,,,,,
러버,소민,소민,0,,,,,,,,,,,,,,
러시,소민,소민,0,,,,,,,,,,,,,,
러신,소민,소민,0,,,,,,,,,,,,,,
럭키,소민,소민,0,,,,,,,,,,,,,,
런가,소민,소민,0,,,,,,,,,,,,,,
런닝,소민,소민,0,,,,,,,,,,,,,,
런치,소민,소민,0,,,,,,,,,,,,,,
런치타임,소민,소민,0,,,,,,,,,,,,,,
런햤,소민,소민,0,,,,,,,,,,,,,,
럿다,소민,소민,0,,,,,,,,,,,,,,
레기,소민,소민,0,,,,,,,,,,,,,,
레드,소민,소민,0,,,,,,,,,,,,,,
레드와인,소민,소민,0,,,,,,,,,,,,,,
레몬,소민,소민,0,,,,,,,,,,,,,,
레쉬,소민,소민,0,,,,,,,,,,,,,,
레스토랑,소민,소민,0,,,,,,,,,,,,,,
레시,소민,소민,0,,,,,,,,,,,,,,
레시피,소민,소민,0,,,,,,,,,,,,,,
레알,소민,소민,0,,,,,,,,,,,,,,
레이,소민,소민,0,,,,,,,,,,,,,,
레이브,소민,소민,0,,,,,,,,,,,,,,
레이스,소민,소민,0,,,,,,,,,,,,,,
레이크,소민,소민,0,,,,,,,,,,,,,,
레전,소민,소민,0,,,,,,,,,,,,,,
레전드,소민,소민,0,,,,,,,,,,,,,,
레전든데,소민,소민,0,,,,,,,,,,,,,,
레지던스들,소민,소민,0,,,,,,,,,,,,,,
레츠고,소민,소민,0,,,,,,,,,,,,,,
레크,소민,소민,0,,,,,,,,,,,,,,
레트로,소민,소민,0,,,,,,,,,,,,,,
렌지위,소민,소민,0,,,,,,,,,,,,,,
려고,소민,소민,0,,,,,,,,,,,,,,
려니,소민,소민,0,,,,,,,,,,,,,,
로드,소민,소민,0,,,,,,,,,,,,,,
로란,소민,소민,0,,,,,,,,,,,,,,
로만,소민,소민,0,,,,,,,,,,,,,,
로봇,소민,소민,0,,,,,,,,,,,,,,
로서,소민,소민,0,,,,,,,,,,,,,,
로스,소민,소민,0,,,,,,,,,,,,,,
로써,소민,소민,0,,,,,,,,,,,,,,
로우,소민,소민,0,,,,,,,,,,,,,,
로움,소민,소민,0,,,,,,,,,,,,,,
로이,소민,소민,0,,,,,,,,,,,,,,
로제,소민,소민,0,,,,,,,,,,,,,,
로컬,소민,소민,0,,,,,,,,,,,,,,
롭습,소민,소민,0,,,,,,,,,,,,,,
롯데,소민,소민,0,,,,,,,,,,,,,,
료맛,소민,소민,0,,,,,,,,,,,,,,
루스,소민,소민,0,,,,,,,,,,,,,,
루트,소민,소민,0,,,,,,,,,,,,,,
룰라,소민,소민,0,,,,,,,,,,,,,,
률임,소민,소민,0,,,,,,,,,,,,,,
르망,소민,소민,0,,,,,,,,,,,,,,
리가,소민,소민,0,,,,,,,,,,,,,,
리기,소민,소민,0,,,,,,,,,,,,,,
리뉴,소민,소민,0,,,,,,,,,,,,,,
리뉴얼,소민,소민,0,,,,,,,,,,,,,,
리다,소민,소민,0,,,,,,,,,,,,,,
리덕,소민,소민,0,,,,,,,,,,,,,,
리도,소민,소민,0,,,,,,,,,,,,,,
리뷰,소민,소민,0,,,,,,,,,,,,,,
리소토,소민,소민,0,,,,,,,,,,,,,,
리스,소민,소민,0,,,,,,,,,,,,,,
리스트,소민,소민,0,,,,,,,,,,,,,,
리얼,소민,소민,0,,,,,,,,,,,,,,
리조,소민,소민,0,,,,,,,,,,,,,,
리조또,소민,소민,0,,,,,,,,,,,,,,
리조토,소민,소민,0,,,,,,,,,,,,,,
리조트,소민,소민,0,,,,,,,,,,,,,,
리지,소민,소민,2,,,,,,,,,,,,,,
리찬,소민,소민,0,,,,,,,,,,,,,,
리채,소민,소민,0,,,,,,,,,,,,,,
리치,소민,소민,0,,,,,,,,,,,,,,
리코,소민,소민,0,,,,,,,,,,,,,,
리트,소민,소민,0,,,,,,,,,,,,,,
리프,소민,소민,0,,,,,,,,,,,,,,
리플,소민,소민,0,,,,,,,,,,,,,,
리필,소민,소민,0,,,,,,,,,,,,,,
리필좀,소민,소민,0,,,,,,,,,,,,,,
린정,소민,소민,0,,,,,,,,,,,,,,
릴링,소민,소민,0,,,,,,,,,,,,,,
링크,소민,소민,0,,,,,,,,,,,,,,
마감,소민,소민,0,,,,,,,,,,,,,,
마냥,소민,소민,0,,,,,,,,,,,,,,
마뇨,소민,소민,0,,,,,,,,,,,,,,
마는,소민,소민,0,,,,,,,,,,,,,,
마늘,소민,소민,0,,,,,,,,,,,,,,
마늘쫑,소민,소민,0,,,,,,,,,,,,,,
마다,소민,소민,0,,,,,,,,,,,,,,
마당,소민,소민,0,,,,,,,,,,,,,,
마디,소민,소민,0,,,,,,,,,,,,,,
마딧어,소민,소민,0,,,,,,,,,,,,,,
마땅치,소민,소민,0,,,,,,,,,,,,,,
마력,소민,소민,0,,,,,,,,,,,,,,
마련,소민,소민,0,,,,,,,,,,,,,,
마루,소민,소민,0,,,,,,,,,,,,,,
마리,소민,소민,0,,,,,,,,,,,,,,
마무리,소민,소민,0,,,,,,,,,,,,,,
마법,소민,소민,0,,,,,,,,,,,,,,
마사지,소민,소민,0,,,,,,,,,,,,,,
마쉐린,소민,소민,0,,,,,,,,,,,,,,
마쉿는,소민,소민,0,,,,,,,,,,,,,,
마스크,소민,소민,0,,,,,,,,,,,,,,
마슨있드,소민,소민,0,,,,,,,,,,,,,,
마시기,소민,소민,0,,,,,,,,,,,,,,
마시슴,소민,소민,2,,,,,,,,,,,,,,
마싯슴,소민,소민,2,,,,,,,,,,,,,,
마싰어,소민,소민,2,,,,,,,,,,,,,,
마싱,소민,소민,0,,,,,,,,,,,,,,
마약,소민,소민,0,,,,,,,,,,,,,,
마여,소민,소민,0,,,,,,,,,,,,,,
마요네즈,소민,소민,0,,,,,,,,,,,,,,
마움,소민,소민,0,,,,,,,,,,,,,,
마을,소민,소민,0,,,,,,,,,,,,,,
마음,소민,소민,0,,,,,,,,,,,,,,
마음껏,소민,소민,0,,,,,,,,,,,,,,
마음대로,소민,소민,0,,,,,,,,,,,,,,
마음속,소민,소민,0,,,,,,,,,,,,,,
마음씨,소민,소민,0,,,,,,,,,,,,,,
마이,소민,소민,0,,,,,,,,,,,,,,
마이너스,소민,소민,-1,,,,,,,,,,,,,,
마인드,소민,소민,0,,,,,,,,,,,,,,
마자,소민,소민,0,,,,,,,,,,,,,,
마장동,소민,소민,0,,,,,,,,,,,,,,
마재,소민,소민,0,,,,,,,,,,,,,,
마저,소민,소민,0,,,,,,,,,,,,,,
마제,소민,소민,0,,,,,,,,,,,,,,
마주,소민,소민,0,,,,,,,,,,,,,,
마중,소민,소민,0,,,,,,,,,,,,,,
마지막,소민,소민,0,,,,,,,,,,,,,,
마차,소민,소민,0,,,,,,,,,,,,,,
마찬가지,소민,소민,0,,,,,,,,,,,,,,
마치,소민,소민,0,,,,,,,,,,,,,,
마침,소민,소민,0,,,,,,,,,,,,,,
마침내,소민,소민,0,,,,,,,,,,,,,,
마카,소민,소민,0,,,,,,,,,,,,,,
마카로니,소민,소민,0,,,,,,,,,,,,,,
마케팅,소민,소민,0,,,,,,,,,,,,,,
마켓,소민,소민,0,,,,,,,,,,,,,,
마크,소민,소민,2,,,,,,,,,,,,,,
마트,소민,소민,0,,,,,,,,,,,,,,
마파두부,소민,소민,0,,,,,,,,,,,,,,
마포,소민,소민,0,,,,,,,,,,,,,,
마포구,소민,소민,0,,,,,,,,,,,,,,
마포역,소민,소민,0,,,,,,,,,,,,,,
마힛어,소민,소민,0,,,,,,,,,,,,,,
막걸리,소민,소민,0,,,,,,,,,,,,,,
막국수,소민,소민,0,,,,,,,,,,,,,,
막내,소민,소민,0,,,,,,,,,,,,,,
막내딸,소민,소민,0,,,,,,,,,,,,,,
막대,소민,소민,0,,,,,,,,,,,,,,
막바지,소민,소민,0,,,,,,,,,,,,,,
막사,소민,소민,0,,,,,,,,,,,,,,
막상,소민,소민,0,,,,,,,,,,,,,,
막상막하,소민,소민,0,,,,,,,,,,,,,,
막심,소민,소민,0,,,,,,,,,,,,,,
막창,소민,소민,0,,,,,,,,,,,,,,
막창구이,소민,소민,0,,,,,,,,,,,,,,
만난,소민,소민,0,,,,,,,,,,,,,,
만날,소민,소민,0,,,,,,,,,,,,,,
만남,소민,소민,0,,,,,,,,,,,,,,
만능,소민,소민,0,,,,,,,,,,,,,,
만두,소민,소민,0,,,,,,,,,,,,,,
만두국,소민,소민,0,,,,,,,,,,,,,,
만둣국,소민,소민,0,,,,,,,,,,,,,,
만들기,소민,소민,0,,,,,,,,,,,,,,
만듭니,소민,소민,0,,,,,,,,,,,,,,
만만찮,소민,소민,0,,,,,,,,,,,,,,
만배,소민,소민,0,,,,,,,,,,,,,,
만사천원,소민,소민,0,,,,,,,,,,,,,,
만삼천원,소민,소민,0,,,,,,,,,,,,,,
만석,소민,소민,0,,,,,,,,,,,,,,
만약,소민,소민,0,,,,,,,,,,,,,,
만오천원,소민,소민,0,,,,,,,,,,,,,,
만원,소민,소민,0,,,,,,,,,,,,,,
만원의행복,소민,소민,2,,,,,,,,,,,,,,
만윈,소민,소민,0,,,,,,,,,,,,,,
만이,소민,소민,0,,,,,,,,,,,,,,
만이천원,소민,소민,0,,,,,,,,,,,,,,
만점,소민,소민,0,,,,,,,,,,,,,,
만족,소민,소민,2,,,,,,,,,,,,,,
만족감,소민,소민,2,,,,,,,,,,,,,,
만족도,소민,소민,0,,,,,,,,,,,,,,
만쥬,소민,소민,0,,,,,,,,,,,,,,
만찬,소민,소민,0,,,,,,,,,,,,,,
만취,소민,소민,0,,,,,,,,,,,,,,
만칠천원,소민,소민,0,,,,,,,,,,,,,,
만큼,소민,소민,0,,,,,,,,,,,,,,
만하,소민,소민,0,,,,,,,,,,,,,,
만해,소민,소민,0,,,,,,,,,,,,,,
많으몀,소민,소민,0,,,,,,,,,,,,,,
많은덴,소민,소민,0,,,,,,,,,,,,,,
말랬다,소민,소민,0,,,,,,,,,,,,,,
말랭이,소민,소민,0,,,,,,,,,,,,,,
말로,소민,소민,0,,,,,,,,,,,,,,
말리,소민,소민,0,,,,,,,,,,,,,,
말뭐,소민,소민,0,,,,,,,,,,,,,,
말씀,소민,소민,0,,,,,,,,,,,,,,
말차,소민,소민,0,,,,,,,,,,,,,,
말캉,소민,소민,0,,,,,,,,,,,,,,
말투,소민,소민,0,,,,,,,,,,,,,,
말함,소민,소민,0,,,,,,,,,,,,,,
맑은,소민,소민,0,,,,,,,,,,,,,,
맘에듬,소민,소민,2,,,,,,,,,,,,,,
맛깔,소민,소민,2,,,,,,,,,,,,,,
맛나,소민,소민,2,,,,,,,,,,,,,,
맛난,소민,소민,2,,,,,,,,,,,,,,
맛남,소민,소민,2,,,,,,,,,,,,,,
맛낫,소민,소민,2,,,,,,,,,,,,,,
맛닙니,소민,소민,0,,,,,,,,,,,,,,
맛닜,소민,소민,2,,,,,,,,,,,,,,
맛닜어,소민,소민,2,,,,,,,,,,,,,,
맛등,소민,소민,0,,,,,,,,,,,,,,
맛땜,소민,소민,0,,,,,,,,,,,,,,
맛맀,소민,소민,0,,,,,,,,,,,,,,
맛보기,소민,소민,0,,,,,,,,,,,,,,
맛았,소민,소민,0,,,,,,,,,,,,,,
맛업슨,소민,소민,-2,,,,,,,,,,,,,,
맛읶어,소민,소민,2,,,,,,,,,,,,,,
맛일,소민,소민,0,,,,,,,,,,,,,,
맛임,소민,소민,0,,,,,,,,,,,,,,
맛잇댜,소민,소민,2,,,,,,,,,,,,,,
맛잇슴,소민,소민,2,,,,,,,,,,,,,,
맛있슴,소민,소민,2,,,,,,,,,,,,,,
맛있슴미,소민,소민,2,,,,,,,,,,,,,,
맛있엇구,소민,소민,2,,,,,,,,,,,,,,
맛있엇러,소민,소민,2,,,,,,,,,,,,,,
맛있엇습니,소민,소민,2,,,,,,,,,,,,,,
맛잏어,소민,소민,2,,,,,,,,,,,,,,
맛잏었어,소민,소민,2,,,,,,,,,,,,,,
맛집,소민,소민,0,,,,,,,,,,,,,,
맛차,소민,소민,0,,,,,,,,,,,,,,
맛찬,소민,소민,0,,,,,,,,,,,,,,
맜있어,소민,소민,2,,,,,,,,,,,,,,
망고,소민,소민,0,,,,,,,,,,,,,,
망신살,소민,소민,0,,,,,,,,,,,,,,
망원,소민,소민,0,,,,,,,,,,,,,,
망원동,소민,소민,0,,,,,,,,,,,,,,
맞은편,소민,소민,0,,,,,,,,,,,,,,
맞이,소민,소민,0,,,,,,,,,,,,,,
맞춤,소민,소민,0,,,,,,,,,,,,,,
매너,소민,소민,0,,,,,,,,,,,,,,
매년,소민,소민,0,,,,,,,,,,,,,,
매니아,소민,소민,0,,,,,,,,,,,,,,
매니저,소민,소민,0,,,,,,,,,,,,,,
매력,소민,소민,0,,,,,,,,,,,,,,
매번,소민,소민,0,,,,,,,,,,,,,,
매우,소민,소민,0,,,,,,,,,,,,,,
매운탕,소민,소민,0,,,,,,,,,,,,,,
매일,소민,소민,0,,,,,,,,,,,,,,
매장,소민,소민,0,,,,,,,,,,,,,,
매콤,소민,소민,0,,,,,,,,,,,,,,
매콤쫄깃,소민,소민,1,,,,,,,,,,,,,,
맥아더,소민,소민,0,,,,,,,,,,,,,,
맥주,소민,소민,0,,,,,,,,,,,,,,
맨발,소민,소민,0,,,,,,,,,,,,,,
맨입,소민,소민,0,,,,,,,,,,,,,,
맨해튼,소민,소민,0,,,,,,,,,,,,,,
맵기,소민,소민,0,,,,,,,,,,,,,,
맵달맵,소민,소민,0,,,,,,,,,,,,,,
맵싹,소민,소민,0,,,,,,,,,,,,,,
맵진,소민,소민,0,,,,,,,,,,,,,,
맹물,소민,소민,0,,,,,,,,,,,,,,
맹탕,소민,소민,-1,,,,,,,,,,,,,,
맹탕무맛임,소민,소민,-1,,,,,,,,,,,,,,
먀력적,소민,소민,0,,,,,,,,,,,,,,
먄석,소민,소민,0,,,,,,,,,,,,,,
머것,소민,소민,0,,,,,,,,,,,,,,
머너,소민,소민,0,,,,,,,,,,,,,,
머리,소민,소민,0,,,,,,,,,,,,,,
머리띠,소민,소민,0,,,,,,,,,,,,,,
머리카락,소민,소민,0,,,,,,,,,,,,,,
머릿속,소민,소민,0,,,,,,,,,,,,,,
먹거리,소민,소민,0,,,,,,,,,,,,,,
먹기,소민,소민,0,,,,,,,,,,,,,,
먹듯,소민,소민,0,,,,,,,,,,,,,,
먹방,소민,소민,0,,,,,,,,,,,,,,
먹어갈쯔음,소민,소민,0,,,,,,,,,,,,,,
먹어봤늠데,소민,소민,0,,,,,,,,,,,,,,
먹얶어용,소민,소민,0,,,,,,,,,,,,,,
먹엇서욤,소민,소민,0,,,,,,,,,,,,,,
먹엇습니,소민,소민,0,,,,,,,,,,,,,,
먹엇어,소민,소민,0,,,,,,,,,,,,,,
먹엇어용,소민,소민,0,,,,,,,,,,,,,,
먹었늠데,소민,소민,0,,,,,,,,,,,,,,
먹었숩니,소민,소민,0,,,,,,,,,,,,,,
먹으먄,소민,소민,0,,,,,,,,,,,,,,
먹으몀,소민,소민,0,,,,,,,,,,,,,,
먹음,소민,소민,0,,,,,,,,,,,,,,
먹음었,소민,소민,0,,,,,,,,,,,,,,
먹이,소민,소민,0,,,,,,,,,,,,,,
먼저,소민,소민,0,,,,,,,,,,,,,,
먼지,소민,소민,0,,,,,,,,,,,,,,
먿었어,소민,소민,0,,,,,,,,,,,,,,
멀리,소민,소민,0,,,,,,,,,,,,,,
멈칫,소민,소민,0,,,,,,,,,,,,,,
멋았,소민,소민,0,,,,,,,,,,,,,,
멋었습니,소민,소민,0,,,,,,,,,,,,,,
멍게,소민,소민,0,,,,,,,,,,,,,,
멍청,소민,소민,0,,,,,,,,,,,,,,
멍텅,소민,소민,0,,,,,,,,,,,,,,
메뉴,소민,소민,0,,,,,,,,,,,,,,
메뉴인,소민,소민,0,,,,,,,,,,,,,,
메뉴판,소민,소민,0,,,,,,,,,,,,,,
메리,소민,소민,0,,,,,,,,,,,,,,
메리크리스마스,소민,소민,0,,,,,,,,,,,,,,
메리트,소민,소민,0,,,,,,,,,,,,,,
메뮤,소민,소민,0,,,,,,,,,,,,,,
메밀,소민,소민,0,,,,,,,,,,,,,,
메밀국수,소민,소민,0,,,,,,,,,,,,,,
메밀전,소민,소민,0,,,,,,,,,,,,,,
메이저,소민,소민,0,,,,,,,,,,,,,,
메이킹,소민,소민,0,,,,,,,,,,,,,,
메인,소민,소민,0,,,,,,,,,,,,,,
메카,소민,소민,0,,,,,,,,,,,,,,
멘탈,소민,소민,0,,,,,,,,,,,,,,
멘트,소민,소민,0,,,,,,,,,,,,,,
멜라민,소민,소민,0,,,,,,,,,,,,,,
며칠,소민,소민,0,,,,,,,,,,,,,,
멱살,소민,소민,0,,,,,,,,,,,,,,
면기,소민,소민,0,,,,,,,,,,,,,,
면도,소민,소민,0,,,,,,,,,,,,,,
면모,소민,소민,0,,,,,,,,,,,,,,
면박,소민,소민,0,,,,,,,,,,,,,,
면발,소민,소민,0,,,,,,,,,,,,,,
면발좀,소민,소민,0,,,,,,,,,,,,,,
면서,소민,소민,0,,,,,,,,,,,,,,
면옥,소민,소민,0,,,,,,,,,,,,,,
멸치,소민,소민,0,,,,,,,,,,,,,,
명가,소민,소민,0,,,,,,,,,,,,,,
명과,소민,소민,0,,,,,,,,,,,,,,
명관,소민,소민,0,,,,,,,,,,,,,,
명단,소민,소민,0,,,,,,,,,,,,,,
명당,소민,소민,0,,,,,,,,,,,,,,
명도,소민,소민,0,,,,,,,,,,,,,,
명동,소민,소민,0,,,,,,,,,,,,,,
명란,소민,소민,0,,,,,,,,,,,,,,
명령,소민,소민,0,,,,,,,,,,,,,,
명륜,소민,소민,0,,,,,,,,,,,,,,
명물,소민,소민,0,,,,,,,,,,,,,,
명불허전,소민,소민,2,,,,,,,,,,,,,,
명성,소민,소민,0,,,,,,,,,,,,,,
명소,소민,소민,0,,,,,,,,,,,,,,
명시,소민,소민,0,,,,,,,,,,,,,,
명실,소민,소민,0,,,,,,,,,,,,,,
명의,소민,소민,0,,,,,,,,,,,,,,
명인,소민,소민,0,,,,,,,,,,,,,,
명절,소민,소민,0,,,,,,,,,,,,,,
명정,소민,소민,0,,,,,,,,,,,,,,
명주,소민,소민,0,,,,,,,,,,,,,,
명태,소민,소민,0,,,,,,,,,,,,,,
명품,소민,소민,0,,,,,,,,,,,,,,
몆번,소민,소민,0,,,,,,,,,,,,,,
몇개,소민,소민,0,,,,,,,,,,,,,,
몇몇,소민,소민,0,,,,,,,,,,,,,,
몇번,소민,소민,0,,,,,,,,,,,,,,
몇장,소민,소민,0,,,,,,,,,,,,,,
모근,소민,소민,0,,,,,,,,,,,,,,
모던,소민,소민,0,,,,,,,,,,,,,,
모델링,소민,소민,0,,,,,,,,,,,,,,
모두,소민,소민,0,,,,,,,,,,,,,,
모듀,소민,소민,0,,,,,,,,,,,,,,
모든,소민,소민,0,,,,,,,,,,,,,,
모듬,소민,소민,0,,,,,,,,,,,,,,
모로,소민,소민,0,,,,,,,,,,,,,,
모름,소민,소민,0,,,,,,,,,,,,,,
모리,소민,소민,0,,,,,,,,,,,,,,
모말,소민,소민,0,,,,,,,,,,,,,,
모발,소민,소민,0,,,,,,,,,,,,,,
모습,소민,소민,0,,,,,,,,,,,,,,
모시,소민,소민,0,,,,,,,,,,,,,,
모양,소민,소민,0,,,,,,,,,,,,,,
모양새,소민,소민,0,,,,,,,,,,,,,,
모욕,소민,소민,0,,,,,,,,,,,,,,
모임,소민,소민,0,,,,,,,,,,,,,,
모자,소민,소민,0,,,,,,,,,,,,,,
모자라,소민,소민,0,,,,,,,,,,,,,,
모짜렐라,소민,소민,0,,,,,,,,,,,,,,
모처럼,소민,소민,0,,,,,,,,,,,,,,
모티브,소민,소민,0,,,,,,,,,,,,,,
모해,소민,소민,0,,,,,,,,,,,,,,
모형,소민,소민,0,,,,,,,,,,,,,,
목구녕,소민,소민,0,,,,,,,,,,,,,,
목구멍,소민,소민,0,,,,,,,,,,,,,,
목기,소민,소민,0,,,,,,,,,,,,,,
목덜미,소민,소민,0,,,,,,,,,,,,,,
목도리,소민,소민,0,,,,,,,,,,,,,,
목록,소민,소민,0,,,,,,,,,,,,,,
목살,소민,소민,0,,,,,,,,,,,,,,
목소리,소민,소민,0,,,,,,,,,,,,,,
목숨,소민,소민,0,,,,,,,,,,,,,,
목요일,소민,소민,0,,,,,,,,,,,,,,
목재,소민,소민,0,,,,,,,,,,,,,,
목적,소민,소민,0,,,,,,,,,,,,,,
몰입,소민,소민,0,,,,,,,,,,,,,,
몰카,소민,소민,0,,,,,,,,,,,,,,
몸둘,소민,소민,0,,,,,,,,,,,,,,
몸보,소민,소민,0,,,,,,,,,,,,,,
몹시,소민,소민,0,,,,,,,,,,,,,,
못참죵,소민,소민,1,,,,,,,,,,,,,,
못킴,소민,소민,0,,,,,,,,,,,,,,
못햇던,소민,소민,0,,,,,,,,,,,,,,
몽골,소민,소민,0,,,,,,,,,,,,,,
몽실몽실,소민,소민,1,,,,,,,,,,,,,,
묘미,소민,소민,0,,,,,,,,,,,,,,
묘함,소민,소민,0,,,,,,,,,,,,,,
무가,소민,소민,0,,,,,,,,,,,,,,
무게,소민,소민,0,,,,,,,,,,,,,,
무국,소민,소민,0,,,,,,,,,,,,,,
무기,소민,소민,0,,,,,,,,,,,,,,
무난,소민,소민,0,,,,,,,,,,,,,,
무너,소민,소민,0,,,,,,,,,,,,,,
무너뜨렸습니,소민,소민,0,,,,,,,,,,,,,,
무니,소민,소민,0,,,,,,,,,,,,,,
무도,소민,소민,0,,,,,,,,,,,,,,
무드,소민,소민,0,,,,,,,,,,,,,,
무려,소민,소민,0,,,,,,,,,,,,,,
무렵,소민,소민,0,,,,,,,,,,,,,,
무료,소민,소민,0,,,,,,,,,,,,,,
무르지,소민,소민,0,,,,,,,,,,,,,,
무맛,소민,소민,-1,,,,,,,,,,,,,,
무무,소민,소민,0,,,,,,,,,,,,,,
무미건조,소민,소민,0,,,,,,,,,,,,,,
무뼈,소민,소민,0,,,,,,,,,,,,,,
무색,소민,소민,0,,,,,,,,,,,,,,
무생채,소민,소민,0,,,,,,,,,,,,,,
무서움,소민,소민,0,,,,,,,,,,,,,,
무속,소민,소민,0,,,,,,,,,,,,,,
무슨,소민,소민,0,,,,,,,,,,,,,,
무시,소민,소민,0,,,,,,,,,,,,,,
무아,소민,소민,0,,,,,,,,,,,,,,
무어,소민,소민,0,,,,,,,,,,,,,,
무언가,소민,소민,0,,,,,,,,,,,,,,
무엇,소민,소민,0,,,,,,,,,,,,,,
무염,소민,소민,0,,,,,,,,,,,,,,
무우,소민,소민,0,,,,,,,,,,,,,,
무작정,소민,소민,0,,,,,,,,,,,,,,
무장,소민,소민,0,,,,,,,,,,,,,,
무제한,소민,소민,0,,,,,,,,,,,,,,
무조,소민,소민,0,,,,,,,,,,,,,,
무조건,소민,소민,1.4,,,,,,,,,,,,,,
무족,소민,소민,0,,,,,,,,,,,,,,
무지,소민,소민,0,,,,,,,,,,,,,,
무지막지,소민,소민,0,,,,,,,,,,,,,,
무진장,소민,소민,0,,,,,,,,,,,,,,
무채,소민,소민,0,,,,,,,,,,,,,,
무척,소민,소민,0,,,,,,,,,,,,,,
무청,소민,소민,0,,,,,,,,,,,,,,
무크,소민,소민,0,,,,,,,,,,,,,,
무한,소민,소민,0,,,,,,,,,,,,,,
무한대,소민,소민,0,,,,,,,,,,,,,,
무한리필,소민,소민,0,,,,,,,,,,,,,,
묵고,소민,소민,0,,,,,,,,,,,,,,
묵은지,소민,소민,0,,,,,,,,,,,,,,
묵직,소민,소민,0,,,,,,,,,,,,,,
묵호,소민,소민,0,,,,,,,,,,,,,,
묶음,소민,소민,0,,,,,,,,,,,,,,
문구,소민,소민,0,,,,,,,,,,,,,,
문도,소민,소민,0,,,,,,,,,,,,,,
문득,소민,소민,0,,,,,,,,,,,,,,
문래,소민,소민,0,,,,,,,,,,,,,,
문밖,소민,소민,0,,,,,,,,,,,,,,
문성공,소민,소민,0,,,,,,,,,,,,,,
문신,소민,소민,0,,,,,,,,,,,,,,
문어,소민,소민,0,,,,,,,,,,,,,,
문어숙회,소민,소민,0,,,,,,,,,,,,,,
문의,소민,소민,0,,,,,,,,,,,,,,
문자,소민,소민,0,,,,,,,,,,,,,,
문제,소민,소민,0,,,,,,,,,,,,,,
문집,소민,소민,0,,,,,,,,,,,,,,
문턱,소민,소민,0,,,,,,,,,,,,,,
문해,소민,소민,0,,,,,,,,,,,,,,
문화,소민,소민,0,,,,,,,,,,,,,,
문후,소민,소민,0,,,,,,,,,,,,,,
물가,소민,소민,0,,,,,,,,,,,,,,
물건,소민,소민,0,,,,,,,,,,,,,,
물고기,소민,소민,0,,,,,,,,,,,,,,
물기,소민,소민,0,,,,,,,,,,,,,,
물냉,소민,소민,0,,,,,,,,,,,,,,
물냉면,소민,소민,0,,,,,,,,,,,,,,
물리,소민,소민,0,,,,,,,,,,,,,,
물맛,소민,소민,0,,,,,,,,,,,,,,
물씬,소민,소민,0,,,,,,,,,,,,,,
물어,소민,소민,0,,,,,,,,,,,,,,
물엿,소민,소민,0,,,,,,,,,,,,,,
물음표,소민,소민,0,,,,,,,,,,,,,,
물이,소민,소민,0,,,,,,,,,,,,,,
물증,소민,소민,0,,,,,,,,,,,,,,
물질,소민,소민,0,,,,,,,,,,,,,,
물컵,소민,소민,0,,,,,,,,,,,,,,
물탄,소민,소민,0,,,,,,,,,,,,,,
물통,소민,소민,0,,,,,,,,,,,,,,
물티슈,소민,소민,0,,,,,,,,,,,,,,
물평,소민,소민,0,,,,,,,,,,,,,,
물회,소민,소민,0,,,,,,,,,,,,,,
뭉툭,소민,소민,0,,,,,,,,,,,,,,
뭍혀,소민,소민,0,,,,,,,,,,,,,,
뭐시기,소민,소민,0,,,,,,,,,,,,,,
뭐임,소민,소민,0,,,,,,,,,,,,,,
뭐함,소민,소민,0,,,,,,,,,,,,,,
뭐합,소민,소민,0,,,,,,,,,,,,,,
뭐해,소민,소민,0,,,,,,,,,,,,,,
뭔가,소민,소민,0,,,,,,,,,,,,,,
므나,소민,소민,0,,,,,,,,,,,,,,
미가,소민,소민,0,,,,,,,,,,,,,,
미각,소민,소민,0,,,,,,,,,,,,,,
미국,소민,소민,0,,,,,,,,,,,,,,
미나,소민,소민,0,,,,,,,,,,,,,,
미나리,소민,소민,0,,,,,,,,,,,,,,
미네,소민,소민,0,,,,,,,,,,,,,,
미니게임,소민,소민,0,,,,,,,,,,,,,,
미니어쳐,소민,소민,0,,,,,,,,,,,,,,
미도,소민,소민,0,,,,,,,,,,,,,,
미됴,소민,소민,0,,,,,,,,,,,,,,
미띤꿈,소민,소민,0,,,,,,,,,,,,,,
미라,소민,소민,0,,,,,,,,,,,,,,
미로,소민,소민,0,,,,,,,,,,,,,,
미뢰,소민,소민,0,,,,,,,,,,,,,,
미르,소민,소민,0,,,,,,,,,,,,,,
미리,소민,소민,0,,,,,,,,,,,,,,
미만,소민,소민,0,,,,,,,,,,,,,,
미미,소민,소민,0,,,,,,,,,,,,,,
미성,소민,소민,0,,,,,,,,,,,,,,
미성년,소민,소민,0,,,,,,,,,,,,,,
미숙,소민,소민,0,,,,,,,,,,,,,,
미쉐린,소민,소민,0,,,,,,,,,,,,,,
미쉘,소민,소민,0,,,,,,,,,,,,,,
미슐랭,소민,소민,0,,,,,,,,,,,,,,
미스터,소민,소민,0,,,,,,,,,,,,,,
미스테리,소민,소민,-1,,,,,,,,,,,,,,
미식,소민,소민,0,,,,,,,,,,,,,,
미원,소민,소민,0,,,,,,,,,,,,,,
미인,소민,소민,0,,,,,,,,,,,,,,
미지,소민,소민,0,,,,,,,,,,,,,,
미집,소민,소민,0,,,,,,,,,,,,,,
미챳사,소민,소민,2,,,,,,,,,,,,,,
미쳣으,소민,소민,2,,,,,,,,,,,,,,
미쳤슴,소민,소민,2,,,,,,,,,,,,,,
미쳤쥬,소민,소민,2,,,,,,,,,,,,,,
미쳫,소민,소민,0,,,,,,,,,,,,,,
미츳다,소민,소민,2,,,,,,,,,,,,,,
미터,소민,소민,0,,,,,,,,,,,,,,
미트,소민,소민,0,,,,,,,,,,,,,,
미트볼,소민,소민,0,,,,,,,,,,,,,,
미팅,소민,소민,0,,,,,,,,,,,,,,
미화,소민,소민,0,,,,,,,,,,,,,,
민간,소민,소민,0,,,,,,,,,,,,,,
민속,소민,소민,0,,,,,,,,,,,,,,
민어,소민,소민,0,,,,,,,,,,,,,,
민영,소민,소민,0,,,,,,,,,,,,,,
민원,소민,소민,0,,,,,,,,,,,,,,
민족,소민,소민,0,,,,,,,,,,,,,,
민증,소민,소민,0,,,,,,,,,,,,,,
믿음,소민,소민,0,,,,,,,,,,,,,,
밀가루,소민,소민,0,,,,,,,,,,,,,,
밀고,소민,소민,0,,,,,,,,,,,,,,
밀떡,소민,소민,0,,,,,,,,,,,,,,
밀밭,소민,소민,0,,,,,,,,,,,,,,
밀집,소민,소민,0,,,,,,,,,,,,,,
밀키,소민,소민,0,,,,,,,,,,,,,,
밀키스,소민,소민,0,,,,,,,,,,,,,,
밀향,소민,소민,0,,,,,,,,,,,,,,
밋있는집,소민,소민,2,,,,,,,,,,,,,,
밍밍,소민,소민,-1,,,,,,,,,,,,,,
밍숭,소민,소민,-1,,,,,,,,,,,,,,
밍숭맹숭,소민,소민,-1,,,,,,,,,,,,,,
밍숭맹숭해,소민,소민,-1,,,,,,,,,,,,,,
밑바닥,소민,소민,0,,,,,,,,,,,,,,
밑반찬,소민,소민,0,,,,,,,,,,,,,,
바가지,소민,소민,0,,,,,,,,,,,,,,
바글,소민,소민,0,,,,,,,,,,,,,,
바깥,소민,소민,0,,,,,,,,,,,,,,
바닐라,소민,소민,0,,,,,,,,,,,,,,
바다,소민,소민,0,,,,,,,,,,,,,,
바닥,소민,소민,0,,,,,,,,,,,,,,
바라지,소민,소민,0,,,,,,,,,,,,,,
바람,소민,소민,0,,,,,,,,,,,,,,
바랑,소민,소민,0,,,,,,,,,,,,,,
바램,소민,소민,0,,,,,,,,,,,,,,
바렸,소민,소민,0,,,,,,,,,,,,,,
바로,소민,소민,0,,,,,,,,,,,,,,
바리,소민,소민,0,,,,,,,,,,,,,,
바베큐,소민,소민,0,,,,,,,,,,,,,,
바보,소민,소민,0,,,,,,,,,,,,,,
바사,소민,소민,0,,,,,,,,,,,,,,
바삭,소민,소민,1,,,,,,,,,,,,,,
바싹,소민,소민,0,,,,,,,,,,,,,,
바운,소민,소민,0,,,,,,,,,,,,,,
바이럴,소민,소민,0,,,,,,,,,,,,,,
바이브,소민,소민,0,,,,,,,,,,,,,,
바지,소민,소민,0,,,,,,,,,,,,,,
바지락,소민,소민,0,,,,,,,,,,,,,,
바질,소민,소민,0,,,,,,,,,,,,,,
바짝,소민,소민,0,,,,,,,,,,,,,,
바퀴,소민,소민,0,,,,,,,,,,,,,,
바퀴벌레,소민,소민,0,,,,,,,,,,,,,,
바탕,소민,소민,0,,,,,,,,,,,,,,
박뚜기,소민,소민,0,,,,,,,,,,,,,,
박람회,소민,소민,0,,,,,,,,,,,,,,
박물관,소민,소민,0,,,,,,,,,,,,,,
박지,소민,소민,0,,,,,,,,,,,,,,
박찬욱,소민,소민,0,,,,,,,,,,,,,,
박하,소민,소민,0,,,,,,,,,,,,,,
박해,소민,소민,0,,,,,,,,,,,,,,
반값,소민,소민,0,,,,,,,,,,,,,,
반계,소민,소민,0,,,,,,,,,,,,,,
반납,소민,소민,0,,,,,,,,,,,,,,
반대,소민,소민,0,,,,,,,,,,,,,,
반도,소민,소민,0,,,,,,,,,,,,,,
반드시,소민,소민,0,,,,,,,,,,,,,,
반말,소민,소민,0,,,,,,,,,,,,,,
반면,소민,소민,0,,,,,,,,,,,,,,
반문,소민,소민,0,,,,,,,,,,,,,,
반복,소민,소민,0,,,,,,,,,,,,,,
반사율,소민,소민,0,,,,,,,,,,,,,,
반상,소민,소민,0,,,,,,,,,,,,,,
반성,소민,소민,0,,,,,,,,,,,,,,
반신반의,소민,소민,0,,,,,,,,,,,,,,
반올림,소민,소민,0,,,,,,,,,,,,,,
반응,소민,소민,0,,,,,,,,,,,,,,
반전,소민,소민,0,,,,,,,,,,,,,,
반정,소민,소민,0,,,,,,,,,,,,,,
반주,소민,소민,0,,,,,,,,,,,,,,
반죽,소민,소민,0,,,,,,,,,,,,,,
반중,소민,소민,0,,,,,,,,,,,,,,
반지하,소민,소민,0,,,,,,,,,,,,,,
반쪽,소민,소민,0,,,,,,,,,,,,,,
반찬,소민,소민,0,,,,,,,,,,,,,,
반한,소민,소민,-2,,,,,,,,,,,,,,
반했어,소민,소민,0,,,,,,,,,,,,,,
받다뇨,소민,소민,0,,,,,,,,,,,,,,
받침,소민,소민,0,,,,,,,,,,,,,,
발가락,소민,소민,0,,,,,,,,,,,,,,
발견,소민,소민,0,,,,,,,,,,,,,,
발골,소민,소민,0,,,,,,,,,,,,,,
발라,소민,소민,0,,,,,,,,,,,,,,
발랫비,소민,소민,0,,,,,,,,,,,,,,
발목,소민,소민,0,,,,,,,,,,,,,,
발사,소민,소민,0,,,,,,,,,,,,,,
발생,소민,소민,0,,,,,,,,,,,,,,
발악,소민,소민,0,,,,,,,,,,,,,,
발암,소민,소민,0,,,,,,,,,,,,,,
발언,소민,소민,0,,,,,,,,,,,,,,
발옆,소민,소민,0,,,,,,,,,,,,,,
발의,소민,소민,0,,,,,,,,,,,,,,
발전,소민,소민,0,,,,,,,,,,,,,,
발췌,소민,소민,0,,,,,,,,,,,,,,
발휘,소민,소민,0,,,,,,,,,,,,,,
밤새,소민,소민,0,,,,,,,,,,,,,,
밥값,소민,소민,0,,,,,,,,,,,,,,
밥말,소민,소민,0,,,,,,,,,,,,,,
밥맛,소민,소민,0,,,,,,,,,,,,,,
밥배,소민,소민,0,,,,,,,,,,,,,,
밥상,소민,소민,0,,,,,,,,,,,,,,
밥솥,소민,소민,0,,,,,,,,,,,,,,
밥안,소민,소민,0,,,,,,,,,,,,,,
밥알,소민,소민,0,,,,,,,,,,,,,,
밥위,소민,소민,0,,,,,,,,,,,,,,
밥집,소민,소민,0,,,,,,,,,,,,,,
밥풀,소민,소민,0,,,,,,,,,,,,,,
방가,소민,소민,0,,,,,,,,,,,,,,
방금,소민,소민,0,,,,,,,,,,,,,,
방면,소민,소민,0,,,,,,,,,,,,,,
방문,소민,소민,0,,,,,,,,,,,,,,
방문객,소민,소민,0,,,,,,,,,,,,,,
방문자,소민,소민,0,,,,,,,,,,,,,,
방방곡곡,소민,소민,0,,,,,,,,,,,,,,
방법,소민,소민,0,,,,,,,,,,,,,,
방송,소민,소민,0,,,,,,,,,,,,,,
방식,소민,소민,0,,,,,,,,,,,,,,
방안,소민,소민,0,,,,,,,,,,,,,,
방앗간,소민,소민,0,,,,,,,,,,,,,,
방어,소민,소민,0,,,,,,,,,,,,,,
방영,소민,소민,0,,,,,,,,,,,,,,
방운,소민,소민,0,,,,,,,,,,,,,,
방이,소민,소민,0,,,,,,,,,,,,,,
방짜유기,소민,소민,0,,,,,,,,,,,,,,
방치,소민,소민,0,,,,,,,,,,,,,,
방침,소민,소민,0,,,,,,,,,,,,,,
방학,소민,소민,0,,,,,,,,,,,,,,
방해,소민,소민,0,,,,,,,,,,,,,,
방향,소민,소민,0,,,,,,,,,,,,,,
배기,소민,소민,0,,,,,,,,,,,,,,
배달,소민,소민,0,,,,,,,,,,,,,,
배뚠뚠하,소민,소민,0,,,,,,,,,,,,,,
배려,소민,소민,0,,,,,,,,,,,,,,
배불,소민,소민,0,,,,,,,,,,,,,,
배불때,소민,소민,0,,,,,,,,,,,,,,
배서,소민,소민,0,,,,,,,,,,,,,,
배신,소민,소민,0,,,,,,,,,,,,,,
배우자,소민,소민,0,,,,,,,,,,,,,,
배채,소민,소민,0,,,,,,,,,,,,,,
배추,소민,소민,0,,,,,,,,,,,,,,
배추김치,소민,소민,0,,,,,,,,,,,,,,
배치,소민,소민,0,,,,,,,,,,,,,,
배탈,소민,소민,0,,,,,,,,,,,,,,
백김치,소민,소민,0,,,,,,,,,,,,,,
백반,소민,소민,0,,,,,,,,,,,,,,
백배,소민,소민,0,,,,,,,,,,,,,,
백악기,소민,소민,0,,,,,,,,,,,,,,
백종원,소민,소민,0,,,,,,,,,,,,,,
백주,소민,소민,0,,,,,,,,,,,,,,
백프로,소민,소민,0,,,,,,,,,,,,,,
밴드,소민,소민,-2,,,,,,,,,,,,,,
밸런스,소민,소민,0,,,,,,,,,,,,,,
뱃속,소민,소민,0,,,,,,,,,,,,,,
버갈튀,소민,소민,0,,,,,,,,,,,,,,
버너,소민,소민,0,,,,,,,,,,,,,,
버들,소민,소민,0,,,,,,,,,,,,,,
버럇,소민,소민,0,,,,,,,,,,,,,,
버무린,소민,소민,0,,,,,,,,,,,,,,
버벅거린다,소민,소민,0,,,,,,,,,,,,,,
버섯,소민,소민,0,,,,,,,,,,,,,,
버세,소민,소민,0,,,,,,,,,,,,,,
버스,소민,소민,0,,,,,,,,,,,,,,
버스킹,소민,소민,0,,,,,,,,,,,,,,
버시길,소민,소민,0,,,,,,,,,,,,,,
버실려,소민,소민,0,,,,,,,,,,,,,,
버전,소민,소민,0,,,,,,,,,,,,,,
버쩍,소민,소민,0,,,,,,,,,,,,,,
버크셔,소민,소민,0,,,,,,,,,,,,,,
버킷,소민,소민,0,,,,,,,,,,,,,,
버터,소민,소민,0,,,,,,,,,,,,,,
버튼,소민,소민,0,,,,,,,,,,,,,,
버프,소민,소민,0,,,,,,,,,,,,,,
번가,소민,소민,0,,,,,,,,,,,,,,
번갈아,소민,소민,0,,,,,,,,,,,,,,
번개,소민,소민,0,,,,,,,,,,,,,,
번갯불,소민,소민,0,,,,,,,,,,,,,,
번만,소민,소민,0,,,,,,,,,,,,,,
번시,소민,소민,0,,,,,,,,,,,,,,
번은,소민,소민,-2,,,,,,,,,,,,,,
번의,소민,소민,0,,,,,,,,,,,,,,
번잡,소민,소민,0,,,,,,,,,,,,,,
번창,소민,소민,0,,,,,,,,,,,,,,
번호,소민,소민,0,,,,,,,,,,,,,,
번화가,소민,소민,0,,,,,,,,,,,,,,
벌레,소민,소민,0,,,,,,,,,,,,,,
벌써,소민,소민,0,,,,,,,,,,,,,,
벌집,소민,소민,1,,,,,,,,,,,,,,
범벅,소민,소민,0,,,,,,,,,,,,,,
범죄,소민,소민,0,,,,,,,,,,,,,,
법도,소민,소민,0,,,,,,,,,,,,,,
법리,소민,소민,0,,,,,,,,,,,,,,
법원,소민,소민,0,,,,,,,,,,,,,,
벙쪄,소민,소민,0,,,,,,,,,,,,,,
벚꽃,소민,소민,0,,,,,,,,,,,,,,
베스트,소민,소민,0,,,,,,,,,,,,,,
베이스,소민,소민,0,,,,,,,,,,,,,,
베이지,소민,소민,0,,,,,,,,,,,,,,
베이컨,소민,소민,0,,,,,,,,,,,,,,
베일,소민,소민,0,,,,,,,,,,,,,,
베테,소민,소민,0,,,,,,,,,,,,,,
베트남,소민,소민,0,,,,,,,,,,,,,,
베트콩,소민,소민,0,,,,,,,,,,,,,,
벤치,소민,소민,0,,,,,,,,,,,,,,
벽지,소민,소민,0,,,,,,,,,,,,,,
변경,소민,소민,0,,,,,,,,,,,,,,
변명,소민,소민,0,,,,,,,,,,,,,,
변상,소민,소민,0,,,,,,,,,,,,,,
변신,소민,소민,0,,,,,,,,,,,,,,
변주,소민,소민,0,,,,,,,,,,,,,,
변화,소민,소민,0,,,,,,,,,,,,,,
별개,소민,소민,0,,,,,,,,,,,,,,
별거,소민,소민,0,,,,,,,,,,,,,,
별관,소민,소민,0,,,,,,,,,,,,,,
별도,소민,소민,0,,,,,,,,,,,,,,
별로,소민,소민,-1,,,,,,,,,,,,,,
별루,소민,소민,-1,,,,,,,,,,,,,,
별미,소민,소민,0,,,,,,,,,,,,,,
병뚜껑,소민,소민,0,,,,,,,,,,,,,,
병맛,소민,소민,0,,,,,,,,,,,,,,
병아리,소민,소민,0,,,,,,,,,,,,,,
병어,소민,소민,0,,,,,,,,,,,,,,
병원,소민,소민,0,,,,,,,,,,,,,,
보가,소민,소민,0,,,,,,,,,,,,,,
보건소,소민,소민,0,,,,,,,,,,,,,,
보고,소민,소민,0,,,,,,,,,,,,,,
보고서,소민,소민,0,,,,,,,,,,,,,,
보관,소민,소민,0,,,,,,,,,,,,,,
보구,소민,소민,0,,,,,,,,,,,,,,
보기,소민,소민,0,,,,,,,,,,,,,,
보냇어,소민,소민,0,,,,,,,,,,,,,,
보더,소민,소민,0,,,,,,,,,,,,,,
보드,소민,소민,0,,,,,,,,,,,,,,
보드게임,소민,소민,0,,,,,,,,,,,,,,
보라,소민,소민,0,,,,,,,,,,,,,,
보란,소민,소민,0,,,,,,,,,,,,,,
보람,소민,소민,0,,,,,,,,,,,,,,
보룝,소민,소민,0,,,,,,,,,,,,,,
보리,소민,소민,0,,,,,,,,,,,,,,
보리밥,소민,소민,0,,,,,,,,,,,,,,
보리차,소민,소민,0,,,,,,,,,,,,,,
보물,소민,소민,0,,,,,,,,,,,,,,
보스,소민,소민,0,,,,,,,,,,,,,,
보시,소민,소민,0,,,,,,,,,,,,,,
보신,소민,소민,0,,,,,,,,,,,,,,
보쌈,소민,소민,0,,,,,,,,,,,,,,
보쌈김치,소민,소민,0,,,,,,,,,,,,,,
보씸,소민,소민,0,,,,,,,,,,,,,,
보아,소민,소민,0,,,,,,,,,,,,,,
보안관,소민,소민,0,,,,,,,,,,,,,,
보약,소민,소민,0,,,,,,,,,,,,,,
보양식,소민,소민,0,,,,,,,,,,,,,,
보여욯,소민,소민,0,,,,,,,,,,,,,,
보완,소민,소민,0,,,,,,,,,,,,,,
보이,소민,소민,0,,,,,,,,,,,,,,
보이시,소민,소민,0,,,,,,,,,,,,,,
보이지,소민,소민,0,,,,,,,,,,,,,,
보일러,소민,소민,0,,,,,,,,,,,,,,
보임,소민,소민,0,,,,,,,,,,,,,,
보장,소민,소민,0,,,,,,,,,,,,,,
보정,소민,소민,0,,,,,,,,,,,,,,
보증인,소민,소민,0,,,,,,,,,,,,,,
보지,소민,소민,0,,,,,,,,,,,,,,
보충,소민,소민,0,,,,,,,,,,,,,,
보통,소민,소민,0,,,,,,,,,,,,,,
보함,소민,소민,0,,,,,,,,,,,,,,
복도,소민,소민,0,,,,,,,,,,,,,,
복분자,소민,소민,0,,,,,,,,,,,,,,
복분자주,소민,소민,0,,,,,,,,,,,,,,
복불복,소민,소민,0,,,,,,,,,,,,,,
복식,소민,소민,0,,,,,,,,,,,,,,
복싱,소민,소민,0,,,,,,,,,,,,,,
복음,소민,소민,0,,,,,,,,,,,,,,
복지,소민,소민,0,,,,,,,,,,,,,,
복판,소민,소민,0,,,,,,,,,,,,,,
볶음,소민,소민,0,,,,,,,,,,,,,,
볶음밥,소민,소민,0,,,,,,,,,,,,,,
본가,소민,소민,0,,,,,,,,,,,,,,
본격,소민,소민,0,,,,,,,,,,,,,,
본관,소민,소민,0,,,,,,,,,,,,,,
본기,소민,소민,0,,,,,,,,,,,,,,
본래,소민,소민,0,,,,,,,,,,,,,,
본연,소민,소민,0,,,,,,,,,,,,,,
본의,소민,소민,0,,,,,,,,,,,,,,
본인,소민,소민,0,,,,,,,,,,,,,,
본점,소민,소민,0,,,,,,,,,,,,,,
본질,소민,소민,0,,,,,,,,,,,,,,
볼거리,소민,소민,0,,,,,,,,,,,,,,
볼걸,소민,소민,0,,,,,,,,,,,,,,
볼륨,소민,소민,0,,,,,,,,,,,,,,
볼법,소민,소민,0,,,,,,,,,,,,,,
볼일,소민,소민,0,,,,,,,,,,,,,,
봄날,소민,소민,0,,,,,,,,,,,,,,
봄비,소민,소민,0,,,,,,,,,,,,,,
봉골,소민,소민,0,,,,,,,,,,,,,,
봉골레,소민,소민,0,,,,,,,,,,,,,,
봉봉,소민,소민,0,,,,,,,,,,,,,,
봉지,소민,소민,0,,,,,,,,,,,,,,
봉피,소민,소민,0,,,,,,,,,,,,,,
봌음밥,소민,소민,0,,,,,,,,,,,,,,
봣을때,소민,소민,0,,,,,,,,,,,,,,
부가,소민,소민,0,,,,,,,,,,,,,,
부가세,소민,소민,0,,,,,,,,,,,,,,
부감,소민,소민,0,,,,,,,,,,,,,,
부계,소민,소민,0,,,,,,,,,,,,,,
부근,소민,소민,0,,,,,,,,,,,,,,
부끄러움,소민,소민,0,,,,,,,,,,,,,,
부담,소민,소민,0,,,,,,,,,,,,,,
부대찌개,소민,소민,0,,,,,,,,,,,,,,
부도,소민,소민,0,,,,,,,,,,,,,,
부드러움,소민,소민,0,,,,,,,,,,,,,,
부득이,소민,소민,0,,,,,,,,,,,,,,
부들,소민,소민,0,,,,,,,,,,,,,,
부들부들,소민,소민,0,,,,,,,,,,,,,,
부디,소민,소민,0,,,,,,,,,,,,,,
부라타,소민,소민,0,,,,,,,,,,,,,,
부란,소민,소민,0,,,,,,,,,,,,,,
부랑,소민,소민,0,,,,,,,,,,,,,,
부랴부랴,소민,소민,0,,,,,,,,,,,,,,
부레,소민,소민,0,,,,,,,,,,,,,,
부리또,소민,소민,0,,,,,,,,,,,,,,
부림,소민,소민,0,,,,,,,,,,,,,,
부모님,소민,소민,0,,,,,,,,,,,,,,
부부,소민,소민,0,,,,,,,,,,,,,,
부분,소민,소민,0,,,,,,,,,,,,,,
부산,소민,소민,0,,,,,,,,,,,,,,
부스,소민,소민,0,,,,,,,,,,,,,,
부스러기,소민,소민,0,,,,,,,,,,,,,,
부엌,소민,소민,0,,,,,,,,,,,,,,
부연,소민,소민,0,,,,,,,,,,,,,,
부위,소민,소민,0,,,,,,,,,,,,,,
부일,소민,소민,0,,,,,,,,,,,,,,
부자,소민,소민,0,,,,,,,,,,,,,,
부장,소민,소민,0,,,,,,,,,,,,,,
부적합,소민,소민,-2,,,,,,,,,,,,,,
부전,소민,소민,0,,,,,,,,,,,,,,
부정,소민,소민,0,,,,,,,,,,,,,,
부족,소민,소민,-1,,,,,,,,,,,,,,
부족함,소민,소민,-1,,,,,,,,,,,,,,
부주,소민,소민,0,,,,,,,,,,,,,,
부집,소민,소민,0,,,,,,,,,,,,,,
부채살,소민,소민,0,,,,,,,,,,,,,,
부추,소민,소민,0,,,,,,,,,,,,,,
부츠,소민,소민,0,,,,,,,,,,,,,,
부친,소민,소민,0,,,,,,,,,,,,,,
부침개,소민,소민,0,,,,,,,,,,,,,,
부탁,소민,소민,0,,,,,,,,,,,,,,
부터,소민,소민,0,,,,,,,,,,,,,,
부흥,소민,소민,0,,,,,,,,,,,,,,
북어,소민,소민,0,,,,,,,,,,,,,,
북적,소민,소민,0,,,,,,,,,,,,,,
북촌,소민,소민,0,,,,,,,,,,,,,,
분간,소민,소민,0,,,,,,,,,,,,,,
분과,소민,소민,0,,,,,,,,,,,,,,
분기,소민,소민,0,,,,,,,,,,,,,,
분껜,소민,소민,0,,,,,,,,,,,,,,
분나,소민,소민,0,,,,,,,,,,,,,,
분노,소민,소민,0,,,,,,,,,,,,,,
분당,소민,소민,0,,,,,,,,,,,,,,
분도,소민,소민,0,,,,,,,,,,,,,,
분등,소민,소민,0,,,,,,,,,,,,,,
분류,소민,소민,0,,,,,,,,,,,,,,
분리,소민,소민,0,,,,,,,,,,,,,,
분만,소민,소민,0,,,,,,,,,,,,,,
분명,소민,소민,0,,,,,,,,,,,,,,
분수,소민,소민,0,,,,,,,,,,,,,,
분야,소민,소민,0,,,,,,,,,,,,,,
분업,소민,소민,0,,,,,,,,,,,,,,
분웨기,소민,소민,0,,,,,,,,,,,,,,
분위,소민,소민,0,,,,,,,,,,,,,,
분위기,소민,소민,0,,,,,,,,,,,,,,
분잡,소민,소민,0,,,,,,,,,,,,,,
분점,소민,소민,0,,,,,,,,,,,,,,
분통,소민,소민,0,,,,,,,,,,,,,,
분해,소민,소민,0,,,,,,,,,,,,,,
붇는듯,소민,소민,0,,,,,,,,,,,,,,
불가,소민,소민,0,,,,,,,,,,,,,,
불고기,소민,소민,0,,,,,,,,,,,,,,
불곱창,소민,소민,0,,,,,,,,,,,,,,
불구,소민,소민,0,,,,,,,,,,,,,,
불금,소민,소민,0,,,,,,,,,,,,,,
불길,소민,소민,0,,,,,,,,,,,,,,
불닭,소민,소민,0,,,,,,,,,,,,,,
불닭볶음면,소민,소민,0,,,,,,,,,,,,,,
불도,소민,소민,0,,,,,,,,,,,,,,
불때,소민,소민,0,,,,,,,,,,,,,,
불량,소민,소민,0,,,,,,,,,,,,,,
불로,소민,소민,0,,,,,,,,,,,,,,
불리,소민,소민,0,,,,,,,,,,,,,,
불만,소민,소민,0,,,,,,,,,,,,,,
불만족,소민,소민,-2,,,,,,,,,,,,,,
불맛,소민,소민,1,,,,,,,,,,,,,,
불맛나,소민,소민,1,,,,,,,,,,,,,,
불멍,소민,소민,0,,,,,,,,,,,,,,
불모,소민,소민,0,,,,,,,,,,,,,,
불문,소민,소민,0,,,,,,,,,,,,,,
불법,소민,소민,0,,,,,,,,,,,,,,
불쇼,소민,소민,0,,,,,,,,,,,,,,
불신,소민,소민,0,,,,,,,,,,,,,,
불어,소민,소민,0,,,,,,,,,,,,,,
불은면,소민,소민,0,,,,,,,,,,,,,,
불친절,소민,소민,-2,,,,,,,,,,,,,,
불친철,소민,소민,-2,,,,,,,,,,,,,,
불쾌감,소민,소민,-2,,,,,,,,,,,,,,
불판,소민,소민,0,,,,,,,,,,,,,,
불편,소민,소민,-2,,,,,,,,,,,,,,
불향,소민,소민,0,,,,,,,,,,,,,,
불호,소민,소민,-2,,,,,,,,,,,,,,
붕위,소민,소민,0,,,,,,,,,,,,,,
뷰터,소민,소민,0,,,,,,,,,,,,,,
브라,소민,소민,0,,,,,,,,,,,,,,
브랜드,소민,소민,0,,,,,,,,,,,,,,
브랜딩,소민,소민,0,,,,,,,,,,,,,,
브런치,소민,소민,0,,,,,,,,,,,,,,
브레이,소민,소민,0,,,,,,,,,,,,,,
브레이크,소민,소민,0,,,,,,,,,,,,,,
브로콜리,소민,소민,0,,,,,,,,,,,,,,
브리,소민,소민,0,,,,,,,,,,,,,,
브리핑,소민,소민,0,,,,,,,,,,,,,,
브타,소민,소민,0,,,,,,,,,,,,,,
븐건,소민,소민,0,,,,,,,,,,,,,,
블라인드,소민,소민,0,,,,,,,,,,,,,,
블러,소민,소민,0,,,,,,,,,,,,,,
블로그,소민,소민,0,,,,,,,,,,,,,,
블루리본,소민,소민,0,,,,,,,,,,,,,,
블루베리,소민,소민,0,,,,,,,,,,,,,,
비갑,소민,소민,0,,,,,,,,,,,,,,
비계,소민,소민,0,,,,,,,,,,,,,,
비고,소민,소민,0,,,,,,,,,,,,,,
비교,소민,소민,0,,,,,,,,,,,,,,
비굿,소민,소민,0,,,,,,,,,,,,,,
비냉,소민,소민,0,,,,,,,,,,,,,,
비닐,소민,소민,0,,,,,,,,,,,,,,
비도,소민,소민,0,,,,,,,,,,,,,,
비롯,소민,소민,0,,,,,,,,,,,,,,
비릿,소민,소민,0,,,,,,,,,,,,,,
비릿내,소민,소민,0,,,,,,,,,,,,,,
비만,소민,소민,0,,,,,,,,,,,,,,
비망,소민,소민,0,,,,,,,,,,,,,,
비밀,소민,소민,0,,,,,,,,,,,,,,
비법,소민,소민,0,,,,,,,,,,,,,,
비비,소민,소민,0,,,,,,,,,,,,,,
비비고,소민,소민,0,,,,,,,,,,,,,,
비빔,소민,소민,0,,,,,,,,,,,,,,
비빔국수,소민,소민,0,,,,,,,,,,,,,,
비빔냉면,소민,소민,0,,,,,,,,,,,,,,
비빔면,소민,소민,0,,,,,,,,,,,,,,
비빔밥,소민,소민,0,,,,,,,,,,,,,,
비사리,소민,소민,0,,,,,,,,,,,,,,
비삭,소민,소민,0,,,,,,,,,,,,,,
비상,소민,소민,0,,,,,,,,,,,,,,
비속어,소민,소민,0,,,,,,,,,,,,,,
비슷,소민,소민,0,,,,,,,,,,,,,,
비슷힌,소민,소민,0,,,,,,,,,,,,,,
비야,소민,소민,0,,,,,,,,,,,,,,
비어,소민,소민,0,,,,,,,,,,,,,,
비올,소민,소민,0,,,,,,,,,,,,,,
비용,소민,소민,0,,,,,,,,,,,,,,
비우기,소민,소민,0,,,,,,,,,,,,,,
비위,소민,소민,0,,,,,,,,,,,,,,
비위생적,소민,소민,0,,,,,,,,,,,,,,
비율,소민,소민,0,,,,,,,,,,,,,,
비전문가,소민,소민,0,,,,,,,,,,,,,,
비존맛,소민,소민,0,,,,,,,,,,,,,,
비주,소민,소민,0,,,,,,,,,,,,,,
비쥬,소민,소민,0,,,,,,,,,,,,,,
비즈니스,소민,소민,0,,,,,,,,,,,,,,
비지,소민,소민,0,,,,,,,,,,,,,,
비치,소민,소민,0,,,,,,,,,,,,,,
비키,소민,소민,0,,,,,,,,,,,,,,
비평,소민,소민,0,,,,,,,,,,,,,,
빈대떡,소민,소민,0,,,,,,,,,,,,,,
빈자리,소민,소민,0,,,,,,,,,,,,,,
빈틈,소민,소민,0,,,,,,,,,,,,,,
빌딩,소민,소민,0,,,,,,,,,,,,,,
빌라,소민,소민,0,,,,,,,,,,,,,,
빔밥,소민,소민,0,,,,,,,,,,,,,,
빗살,소민,소민,0,,,,,,,,,,,,,,
빛깔,소민,소민,0,,,,,,,,,,,,,,
빠박,소민,소민,0,,,,,,,,,,,,,,
빠삭,소민,소민,0,,,,,,,,,,,,,,
빠에아,소민,소민,0,,,,,,,,,,,,,,
빠에야,소민,소민,0,,,,,,,,,,,,,,
빠트리,소민,소민,0,,,,,,,,,,,,,,
빡빡,소민,소민,0,,,,,,,,,,,,,,
빡세,소민,소민,0,,,,,,,,,,,,,,
빨간색,소민,소민,0,,,,,,,,,,,,,,
빨강,소민,소민,0,,,,,,,,,,,,,,
빨래,소민,소민,0,,,,,,,,,,,,,,
빨린,소민,소민,0,,,,,,,,,,,,,,
빵가루,소민,소민,0,,,,,,,,,,,,,,
빵빵,소민,소민,0,,,,,,,,,,,,,,
빵집,소민,소민,0,,,,,,,,,,,,,,
빼기,소민,소민,0,,,,,,,,,,,,,,
빼주,소민,소민,0,,,,,,,,,,,,,,
뻐다귀,소민,소민,0,,,,,,,,,,,,,,
뻑뻑,소민,소민,0,,,,,,,,,,,,,,
뻑살,소민,소민,0,,,,,,,,,,,,,,
뻔쩍,소민,소민,0,,,,,,,,,,,,,,
뻔쩍하면,소민,소민,0,,,,,,,,,,,,,,
뻘쭘했다,소민,소민,0,,,,,,,,,,,,,,
뼈찜,소민,소민,0,,,,,,,,,,,,,,
뼈탄삼걉살,소민,소민,0,,,,,,,,,,,,,,
뼈탐삼셥겹살,소민,소민,0,,,,,,,,,,,,,,
뼈턴집,소민,소민,0,,,,,,,,,,,,,,
뼛조각,소민,소민,0,,,,,,,,,,,,,,
뽀금당,소민,소민,0,,,,,,,,,,,,,,
뽀끔당,소민,소민,0,,,,,,,,,,,,,,
뽑기,소민,소민,0,,,,,,,,,,,,,,
뽕나무,소민,소민,0,,,,,,,,,,,,,,
뽜이팅,소민,소민,0,,,,,,,,,,,,,,
뿌듯,소민,소민,0,,,,,,,,,,,,,,
뿌리,소민,소민,0,,,,,,,,,,,,,,
뿌셨,소민,소민,0,,,,,,,,,,,,,,
뿌시러,소민,소민,0,,,,,,,,,,,,,,
뿐더러,소민,소민,0,,,,,,,,,,,,,,
뿜뿜,소민,소민,0,,,,,,,,,,,,,,
삘받아와,소민,소민,0,,,,,,,,,,,,,,
사가현,소민,소민,0,,,,,,,,,,,,,,
사감,소민,소민,0,,,,,,,,,,,,,,
사건,소민,소민,0,,,,,,,,,,,,,,
사골,소민,소민,0,,,,,,,,,,,,,,
사골곰탕,소민,소민,0,,,,,,,,,,,,,,
사과,소민,소민,0,,,,,,,,,,,,,,
사극,소민,소민,0,,,,,,,,,,,,,,
사기,소민,소민,0,,,,,,,,,,,,,,
사나이,소민,소민,0,,,,,,,,,,,,,,
사돈,소민,소민,0,,,,,,,,,,,,,,
사드,소민,소민,0,,,,,,,,,,,,,,
사라,소민,소민,0,,,,,,,,,,,,,,
사라졋,소민,소민,0,,,,,,,,,,,,,,
사람,소민,소민,0,,,,,,,,,,,,,,
사람과,소민,소민,0,,,,,,,,,,,,,,
사랑,소민,소민,0,,,,,,,,,,,,,,
사랑방,소민,소민,0,,,,,,,,,,,,,,
사레,소민,소민,0,,,,,,,,,,,,,,
사르르,소민,소민,0,,,,,,,,,,,,,,
사리,소민,소민,0,,,,,,,,,,,,,,
사리곰탕,소민,소민,0,,,,,,,,,,,,,,
사면,소민,소민,0,,,,,,,,,,,,,,
사무실,소민,소민,0,,,,,,,,,,,,,,
사물,소민,소민,0,,,,,,,,,,,,,,
사바,소민,소민,0,,,,,,,,,,,,,,
사발,소민,소민,0,,,,,,,,,,,,,,
사방,소민,소민,0,,,,,,,,,,,,,,
사서,소민,소민,0,,,,,,,,,,,,,,
사실,소민,소민,0,,,,,,,,,,,,,,
사심,소민,소민,0,,,,,,,,,,,,,,
사악,소민,소민,0,,,,,,,,,,,,,,
사야가,소민,소민,0,,,,,,,,,,,,,,
사양,소민,소민,0,,,,,,,,,,,,,,
사업,소민,소민,0,,,,,,,,,,,,,,
사연,소민,소민,0,,,,,,,,,,,,,,
사용,소민,소민,0,,,,,,,,,,,,,,
사이,소민,소민,0,,,,,,,,,,,,,,
사이다,소민,소민,0,,,,,,,,,,,,,,
사이드,소민,소민,0,,,,,,,,,,,,,,
사이사이,소민,소민,0,,,,,,,,,,,,,,
사이즈,소민,소민,0,,,,,,,,,,,,,,
사인,소민,소민,0,,,,,,,,,,,,,,
사장,소민,소민,0,,,,,,,,,,,,,,
사전,소민,소민,0,,,,,,,,,,,,,,
사주면,소민,소민,0,,,,,,,,,,,,,,
사진,소민,소민,0,,,,,,,,,,,,,,
사촌,소민,소민,0,,,,,,,,,,,,,,
사춘기,소민,소민,0,,,,,,,,,,,,,,
사태,소민,소민,0,,,,,,,,,,,,,,
사항,소민,소민,0,,,,,,,,,,,,,,
사형,소민,소민,0,,,,,,,,,,,,,,
사활,소민,소민,0,,,,,,,,,,,,,,
사후관리,소민,소민,0,,,,,,,,,,,,,,
삭제,소민,소민,0,,,,,,,,,,,,,,
삭함,소민,소민,0,,,,,,,,,,,,,,
삭해,소민,소민,0,,,,,,,,,,,,,,
산다,소민,소민,0,,,,,,,,,,,,,,
산뜻,소민,소민,2,,,,,,,,,,,,,,
산미,소민,소민,0,,,,,,,,,,,,,,
산보,소민,소민,0,,,,,,,,,,,,,,
산이,소민,소민,0,,,,,,,,,,,,,,
산임,소민,소민,0,,,,,,,,,,,,,,
산장,소민,소민,0,,,,,,,,,,,,,,
산채,소민,소민,0,,,,,,,,,,,,,,
산책,소민,소민,0,,,,,,,,,,,,,,
산초,소민,소민,0,,,,,,,,,,,,,,
살갑,소민,소민,0,,,,,,,,,,,,,,
살때,소민,소민,0,,,,,,,,,,,,,,
살로,소민,소민,0,,,,,,,,,,,,,,
살부,소민,소민,0,,,,,,,,,,,,,,
살살,소민,소민,0,,,,,,,,,,,,,,
살얼음,소민,소민,0,,,,,,,,,,,,,,
살엄음,소민,소민,0,,,,,,,,,,,,,,
살의,소민,소민,0,,,,,,,,,,,,,,
살이,소민,소민,0,,,,,,,,,,,,,,
살인,소민,소민,0,,,,,,,,,,,,,,
살점,소민,소민,0,,,,,,,,,,,,,,
살짝,소민,소민,1.2,,,,,,,,,,,,,,
살코기,소민,소민,0,,,,,,,,,,,,,,
삼겹,소민,소민,0,,,,,,,,,,,,,,
삼겹살,소민,소민,0,,,,,,,,,,,,,,
삼계,소민,소민,0,,,,,,,,,,,,,,
삼계탕,소민,소민,0,,,,,,,,,,,,,,
삼김,소민,소민,0,,,,,,,,,,,,,,
삼삼,소민,소민,0,,,,,,,,,,,,,,
삼성,소민,소민,0,,,,,,,,,,,,,,
삼성역,소민,소민,0,,,,,,,,,,,,,,
삼차,소민,소민,0,,,,,,,,,,,,,,
삼촌,소민,소민,0,,,,,,,,,,,,,,
삼치,소민,소민,0,,,,,,,,,,,,,,
삼팔이,소민,소민,0,,,,,,,,,,,,,,
삿대질,소민,소민,0,,,,,,,,,,,,,,
상관,소민,소민,0,,,,,,,,,,,,,,
상권,소민,소민,0,,,,,,,,,,,,,,
상급,소민,소민,0,,,,,,,,,,,,,,
상단,소민,소민,0,,,,,,,,,,,,,,
상대,소민,소민,0,,,,,,,,,,,,,,
상대로,소민,소민,0,,,,,,,,,,,,,,
상륙,소민,소민,0,,,,,,,,,,,,,,
상부,소민,소민,0,,,,,,,,,,,,,,
상상,소민,소민,0,,,,,,,,,,,,,,
상세,소민,소민,0,,,,,,,,,,,,,,
상승,소민,소민,0,,,,,,,,,,,,,,
상식,소민,소민,0,,,,,,,,,,,,,,
상암,소민,소민,0,,,,,,,,,,,,,,
상온,소민,소민,0,,,,,,,,,,,,,,
상위,소민,소민,0,,,,,,,,,,,,,,
상응,소민,소민,0,,,,,,,,,,,,,,
상의,소민,소민,0,,,,,,,,,,,,,,
상이,소민,소민,0,,,,,,,,,,,,,,
상인,소민,소민,0,,,,,,,,,,,,,,
상점,소민,소민,0,,,,,,,,,,,,,,
상쭈쌈,소민,소민,0,,,,,,,,,,,,,,
상차림,소민,소민,0,,,,,,,,,,,,,,
상추,소민,소민,0,,,,,,,,,,,,,,
상치,소민,소민,0,,,,,,,,,,,,,,
상콤,소민,소민,0,,,,,,,,,,,,,,
상큼,소민,소민,0,,,,,,,,,,,,,,
상타취,소민,소민,0,,,,,,,,,,,,,,
상태,소민,소민,0,,,,,,,,,,,,,,
상품,소민,소민,0,,,,,,,,,,,,,,
상하,소민,소민,0,,,,,,,,,,,,,,
상한,소민,소민,0,,,,,,,,,,,,,,
상해,소민,소민,0,,,,,,,,,,,,,,
상호,소민,소민,0,,,,,,,,,,,,,,
상황,소민,소민,0,,,,,,,,,,,,,,
새내기,소민,소민,0,,,,,,,,,,,,,,
새록새록,소민,소민,0,,,,,,,,,,,,,,
새벽,소민,소민,0,,,,,,,,,,,,,,
새우,소민,소민,0,,,,,,,,,,,,,,
새우젓,소민,소민,0,,,,,,,,,,,,,,
새참,소민,소민,0,,,,,,,,,,,,,,
새해,소민,소민,0,,,,,,,,,,,,,,
색깔,소민,소민,0,,,,,,,,,,,,,,
샐러드,소민,소민,0,,,,,,,,,,,,,,
샐프바,소민,소민,0,,,,,,,,,,,,,,
샘샘,소민,소민,0,,,,,,,,,,,,,,
생각,소민,소민,0,,,,,,,,,,,,,,
생갈,소민,소민,0,,,,,,,,,,,,,,
생강,소민,소민,0,,,,,,,,,,,,,,
생강차,소민,소민,0,,,,,,,,,,,,,,
생겻다,소민,소민,0,,,,,,,,,,,,,,
생굴,소민,소민,0,,,,,,,,,,,,,,
생기,소민,소민,0,,,,,,,,,,,,,,
생기지,소민,소민,0,,,,,,,,,,,,,,
생락,소민,소민,0,,,,,,,,,,,,,,
생맥,소민,소민,0,,,,,,,,,,,,,,
생맥주,소민,소민,0,,,,,,,,,,,,,,
생명,소민,소민,0,,,,,,,,,,,,,,
생색,소민,소민,0,,,,,,,,,,,,,,
생선,소민,소민,0,,,,,,,,,,,,,,
생수,소민,소민,0,,,,,,,,,,,,,,
생신,소민,소민,0,,,,,,,,,,,,,,
생으로,소민,소민,0,,,,,,,,,,,,,,
생일,소민,소민,0,,,,,,,,,,,,,,
생전,소민,소민,0,,,,,,,,,,,,,,
생채,소민,소민,0,,,,,,,,,,,,,,
생크림,소민,소민,0,,,,,,,,,,,,,,
샤르도네,소민,소민,0,,,,,,,,,,,,,,
서강대,소민,소민,0,,,,,,,,,,,,,,
서고,소민,소민,1,,,,,,,,,,,,,,
서교동,소민,소민,0,,,,,,,,,,,,,,
서기,소민,소민,0,,,,,,,,,,,,,,
서나,소민,소민,0,,,,,,,,,,,,,,
서너,소민,소민,0,,,,,,,,,,,,,,
서도,소민,소민,0,,,,,,,,,,,,,,
서로,소민,소민,0,,,,,,,,,,,,,,
서리,소민,소민,0,,,,,,,,,,,,,,
서면,소민,소민,0,,,,,,,,,,,,,,
서민,소민,소민,0,,,,,,,,,,,,,,
서버,소민,소민,0,,,,,,,,,,,,,,
서북,소민,소민,0,,,,,,,,,,,,,,
서비스,소민,소민,0,,,,,,,,,,,,,,
서빙,소민,소민,0,,,,,,,,,,,,,,
서서,소민,소민,0,,,,,,,,,,,,,,
서울,소민,소민,0,,,,,,,,,,,,,,
서울숲,소민,소민,0,,,,,,,,,,,,,,
서울시,소민,소민,0,,,,,,,,,,,,,,
서울식,소민,소민,0,,,,,,,,,,,,,,
서울역,소민,소민,0,,,,,,,,,,,,,,
서인,소민,소민,0,,,,,,,,,,,,,,
서지,소민,소민,0,,,,,,,,,,,,,,
서진,소민,소민,0,,,,,,,,,,,,,,
서해,소민,소민,0,,,,,,,,,,,,,,
석도,소민,소민,0,,,,,,,,,,,,,,
석지,소민,소민,0,,,,,,,,,,,,,,
석탑,소민,소민,0,,,,,,,,,,,,,,
섞박지,소민,소민,0,,,,,,,,,,,,,,
선곡,소민,소민,0,,,,,,,,,,,,,,
선도,소민,소민,0,,,,,,,,,,,,,,
선방,소민,소민,0,,,,,,,,,,,,,,
선배,소민,소민,0,,,,,,,,,,,,,,
선사,소민,소민,0,,,,,,,,,,,,,,
선생,소민,소민,0,,,,,,,,,,,,,,
선생님,소민,소민,0,,,,,,,,,,,,,,
선샤인,소민,소민,1,,,,,,,,,,,,,,
선선,소민,소민,0,,,,,,,,,,,,,,
선술집,소민,소민,0,,,,,,,,,,,,,,
선심,소민,소민,0,,,,,,,,,,,,,,
선양,소민,소민,0,,,,,,,,,,,,,,
선입견,소민,소민,0,,,,,,,,,,,,,,
선입선출,소민,소민,0,,,,,,,,,,,,,,
선정,소민,소민,0,,,,,,,,,,,,,,
선지,소민,소민,0,,,,,,,,,,,,,,
선택,소민,소민,0,,,,,,,,,,,,,,
선풍기,소민,소민,0,,,,,,,,,,,,,,
선호,소민,소민,0,,,,,,,,,,,,,,
선회,소민,소민,0,,,,,,,,,,,,,,
선후배,소민,소민,0,,,,,,,,,,,,,,
섣달,소민,소민,0,,,,,,,,,,,,,,
설거지,소민,소민,0,,,,,,,,,,,,,,
설계,소민,소민,0,,,,,,,,,,,,,,
설날,소민,소민,0,,,,,,,,,,,,,,
설득,소민,소민,0,,,,,,,,,,,,,,
설렁탕,소민,소민,0,,,,,,,,,,,,,,
설마,소민,소민,0,,,,,,,,,,,,,,
설명,소민,소민,0,,,,,,,,,,,,,,
설사,소민,소민,0,,,,,,,,,,,,,,
설억었다,소민,소민,0,,,,,,,,,,,,,,
설연휴,소민,소민,0,,,,,,,,,,,,,,
설정,소민,소민,0,,,,,,,,,,,,,,
설치,소민,소민,0,,,,,,,,,,,,,,
설탕,소민,소민,0,,,,,,,,,,,,,,
섬쌀,소민,소민,0,,,,,,,,,,,,,,
섬유질,소민,소민,0,,,,,,,,,,,,,,
섭취,소민,소민,0,,,,,,,,,,,,,,
성게,소민,소민,0,,,,,,,,,,,,,,
성격,소민,소민,0,,,,,,,,,,,,,,
성공,소민,소민,0,,,,,,,,,,,,,,
성과,소민,소민,0,,,,,,,,,,,,,,
성동구,소민,소민,0,,,,,,,,,,,,,,
성립,소민,소민,0,,,,,,,,,,,,,,
성분,소민,소민,0,,,,,,,,,,,,,,
성비,소민,소민,0,,,,,,,,,,,,,,
성수,소민,소민,0,,,,,,,,,,,,,,
성수동,소민,소민,0,,,,,,,,,,,,,,
성수역,소민,소민,0,,,,,,,,,,,,,,
성시경,소민,소민,0,,,,,,,,,,,,,,
성의,소민,소민,0,,,,,,,,,,,,,,
성인,소민,소민,2,,,,,,,,,,,,,,
성지,소민,소민,0,,,,,,,,,,,,,,
성질,소민,소민,0,,,,,,,,,,,,,,
성찬,소민,소민,0,,,,,,,,,,,,,,
성탄절,소민,소민,0,,,,,,,,,,,,,,
성함,소민,소민,0,,,,,,,,,,,,,,
세계,소민,소민,0,,,,,,,,,,,,,,
세고,소민,소민,0,,,,,,,,,,,,,,
세도,소민,소민,0,,,,,,,,,,,,,,
세련,소민,소민,0,,,,,,,,,,,,,,
세면대,소민,소민,0,,,,,,,,,,,,,,
세명,소민,소민,0,,,,,,,,,,,,,,
세무조사,소민,소민,0,,,,,,,,,,,,,,
세미,소민,소민,0,,,,,,,,,,,,,,
세번,소민,소민,0,,,,,,,,,,,,,,
세상,소민,소민,0,,,,,,,,,,,,,,
세시,소민,소민,0,,,,,,,,,,,,,,
세심,소민,소민,0,,,,,,,,,,,,,,
세영,소민,소민,0,,,,,,,,,,,,,,
세운,소민,소민,0,,,,,,,,,,,,,,
세월,소민,소민,0,,,,,,,,,,,,,,
세잔,소민,소민,0,,,,,,,,,,,,,,
세지,소민,소민,0,,,,,,,,,,,,,,
세척,소민,소민,0,,,,,,,,,,,,,,
세트,소민,소민,0,,,,,,,,,,,,,,
세팅,소민,소민,0,,,,,,,,,,,,,,
세팅되,소민,소민,0,,,,,,,,,,,,,,
세팅할,소민,소민,0,,,,,,,,,,,,,,
세팅해,소민,소민,0,,,,,,,,,,,,,,
섹시,소민,소민,0,,,,,,,,,,,,,,
센스,소민,소민,0,,,,,,,,,,,,,,
센터,소민,소민,0,,,,,,,,,,,,,,
셀럽,소민,소민,0,,,,,,,,,,,,,,
셀렉,소민,소민,0,,,,,,,,,,,,,,
셀프,소민,소민,0,,,,,,,,,,,,,,
셋뚜,소민,소민,0,,,,,,,,,,,,,,
셋트,소민,소민,0,,,,,,,,,,,,,,
셋팅,소민,소민,0,,,,,,,,,,,,,,
셔틀,소민,소민,2,,,,,,,,,,,,,,
셰프,소민,소민,0,,,,,,,,,,,,,,
소갈비,소민,소민,0,,,,,,,,,,,,,,
소감,소민,소민,0,,,,,,,,,,,,,,
소개,소민,소민,0,,,,,,,,,,,,,,
소개팅,소민,소민,0,,,,,,,,,,,,,,
소고기,소민,소민,0,,,,,,,,,,,,,,
소굴,소민,소민,0,,,,,,,,,,,,,,
소금,소민,소민,0,,,,,,,,,,,,,,
소독,소민,소민,0,,,,,,,,,,,,,,
소동,소민,소민,0,,,,,,,,,,,,,,
소량,소민,소민,0,,,,,,,,,,,,,,
소로,소민,소민,0,,,,,,,,,,,,,,
소리,소민,소민,0,,,,,,,,,,,,,,
소린,소민,소민,0,,,,,,,,,,,,,,
소만,소민,소민,0,,,,,,,,,,,,,,
소맥,소민,소민,0,,,,,,,,,,,,,,
소면,소민,소민,0,,,,,,,,,,,,,,
소문,소민,소민,0,,,,,,,,,,,,,,
소바,소민,소민,0,,,,,,,,,,,,,,
소방관,소민,소민,0,,,,,,,,,,,,,,
소백산,소민,소민,0,,,,,,,,,,,,,,
소보원,소민,소민,0,,,,,,,,,,,,,,
소비,소민,소민,0,,,,,,,,,,,,,,
소비자,소민,소민,0,,,,,,,,,,,,,,
소사,소민,소민,0,,,,,,,,,,,,,,
소세지,소민,소민,0,,,,,,,,,,,,,,
소수,소민,소민,0,,,,,,,,,,,,,,
소스,소민,소민,0,,,,,,,,,,,,,,
소시지,소민,소민,0,,,,,,,,,,,,,,
소식,소민,소민,0,,,,,,,,,,,,,,
소신,소민,소민,0,,,,,,,,,,,,,,
소용,소민,소민,0,,,,,,,,,,,,,,
소울푸드,소민,소민,0,,,,,,,,,,,,,,
소음,소민,소민,0,,,,,,,,,,,,,,
소의,소민,소민,0,,,,,,,,,,,,,,
소자,소민,소민,0,,,,,,,,,,,,,,
소주,소민,소민,0,,,,,,,,,,,,,,
소주잔,소민,소민,0,,,,,,,,,,,,,,
소진,소민,소민,0,,,,,,,,,,,,,,
소쿠리,소민,소민,0,,,,,,,,,,,,,,
소태,소민,소민,0,,,,,,,,,,,,,,
소통,소민,소민,0,,,,,,,,,,,,,,
소품,소민,소민,0,,,,,,,,,,,,,,
소화,소민,소민,0,,,,,,,,,,,,,,
속도,소민,소민,0,,,,,,,,,,,,,,
속지,소민,소민,0,,,,,,,,,,,,,,
속초,소민,소민,0,,,,,,,,,,,,,,
속편,소민,소민,0,,,,,,,,,,,,,,
손가락,소민,소민,2,,,,,,,,,,,,,,
손길,소민,소민,0,,,,,,,,,,,,,,
손녀,소민,소민,0,,,,,,,,,,,,,,
손님,소민,소민,0,,,,,,,,,,,,,,
손맛,소민,소민,0,,,,,,,,,,,,,,
손바닥,소민,소민,0,,,,,,,,,,,,,,
손색,소민,소민,0,,,,,,,,,,,,,,
손수,소민,소민,0,,,,,,,,,,,,,,
손아귀,소민,소민,0,,,,,,,,,,,,,,
손절,소민,소민,0,,,,,,,,,,,,,,
손질,소민,소민,0,,,,,,,,,,,,,,
손짓,소민,소민,0,,,,,,,,,,,,,,
손톱,소민,소민,0,,,,,,,,,,,,,,
손해,소민,소민,0,,,,,,,,,,,,,,
솔직,소민,소민,-1,,,,,,,,,,,,,,
솜사탕,소민,소민,0,,,,,,,,,,,,,,
솜씨,소민,소민,0,,,,,,,,,,,,,,
송년,소민,소민,0,,,,,,,,,,,,,,
송년회,소민,소민,0,,,,,,,,,,,,,,
송리단길,소민,소민,0,,,,,,,,,,,,,,
송리단길점,소민,소민,0,,,,,,,,,,,,,,
송송,소민,소민,0,,,,,,,,,,,,,,
송파,소민,소민,0,,,,,,,,,,,,,,
솥밥,소민,소민,0,,,,,,,,,,,,,,
쇠통,소민,소민,0,,,,,,,,,,,,,,
쇠향,소민,소민,0,,,,,,,,,,,,,,
쇼츠,소민,소민,0,,,,,,,,,,,,,,
쇼핑,소민,소민,0,,,,,,,,,,,,,,
숏컷,소민,소민,0,,,,,,,,,,,,,,
수가,소민,소민,0,,,,,,,,,,,,,,
수고,소민,소민,0,,,,,,,,,,,,,,
수국,소민,소민,0,,,,,,,,,,,,,,
수긍,소민,소민,0,,,,,,,,,,,,,,
수기,소민,소민,0,,,,,,,,,,,,,,
수다,소민,소민,0,,,,,,,,,,,,,,
수단,소민,소민,0,,,,,,,,,,,,,,
수도,소민,소민,0,,,,,,,,,,,,,,
수돗물,소민,소민,0,,,,,,,,,,,,,,
수동,소민,소민,0,,,,,,,,,,,,,,
수두,소민,소민,0,,,,,,,,,,,,,,
수라,소민,소민,0,,,,,,,,,,,,,,
수량,소민,소민,0,,,,,,,,,,,,,,
수로,소민,소민,0,,,,,,,,,,,,,,
수록,소민,소민,0,,,,,,,,,,,,,,
수만,소민,소민,0,,,,,,,,,,,,,,
수면,소민,소민,0,,,,,,,,,,,,,,
수반,소민,소민,0,,,,,,,,,,,,,,
수백,소민,소민,0,,,,,,,,,,,,,,
수법,소민,소민,0,,,,,,,,,,,,,,
수분,소민,소민,0,,,,,,,,,,,,,,
수비드,소민,소민,0,,,,,,,,,,,,,,
수사,소민,소민,0,,,,,,,,,,,,,,
수선,소민,소민,0,,,,,,,,,,,,,,
수세미,소민,소민,0,,,,,,,,,,,,,,
수술,소민,소민,0,,,,,,,,,,,,,,
수십,소민,소민,0,,,,,,,,,,,,,,
수업,소민,소민,0,,,,,,,,,,,,,,
수영장,소민,소민,0,,,,,,,,,,,,,,
수오,소민,소민,0,,,,,,,,,,,,,,
수요일,소민,소민,0,,,,,,,,,,,,,,
수용,소민,소민,0,,,,,,,,,,,,,,
수운,소민,소민,0,,,,,,,,,,,,,,
수원,소민,소민,0,,,,,,,,,,,,,,
수육,소민,소민,0,,,,,,,,,,,,,,
수익모델,소민,소민,0,,,,,,,,,,,,,,
수인,소민,소민,0,,,,,,,,,,,,,,
수저,소민,소민,0,,,,,,,,,,,,,,
수정,소민,소민,0,,,,,,,,,,,,,,
수정과,소민,소민,0,,,,,,,,,,,,,,
수제,소민,소민,0,,,,,,,,,,,,,,
수제비,소민,소민,0,,,,,,,,,,,,,,
수준,소민,소민,0,,,,,,,,,,,,,,
수학,소민,소민,0,,,,,,,,,,,,,,
숙성,소민,소민,0,,,,,,,,,,,,,,
숙연,소민,소민,0,,,,,,,,,,,,,,
숙육,소민,소민,0,,,,,,,,,,,,,,
숙주,소민,소민,0,,,,,,,,,,,,,,
숙청,소민,소민,0,,,,,,,,,,,,,,
숙취,소민,소민,0,,,,,,,,,,,,,,
숙회,소민,소민,0,,,,,,,,,,,,,,
순간,소민,소민,0,,,,,,,,,,,,,,
순대,소민,소민,0,,,,,,,,,,,,,,
순도,소민,소민,0,,,,,,,,,,,,,,
순두부,소민,소민,0,,,,,,,,,,,,,,
순두부찌개,소민,소민,0,,,,,,,,,,,,,,
순면,소민,소민,0,,,,,,,,,,,,,,
순번,소민,소민,0,,,,,,,,,,,,,,
순삭,소민,소민,0,,,,,,,,,,,,,,
순서,소민,소민,0,,,,,,,,,,,,,,
순서대로,소민,소민,0,,,,,,,,,,,,,,
순서도,소민,소민,0,,,,,,,,,,,,,,
순수,소민,소민,0,,,,,,,,,,,,,,
순식간,소민,소민,0,,,,,,,,,,,,,,
순위,소민,소민,0,,,,,,,,,,,,,,
순정,소민,소민,0,,,,,,,,,,,,,,
순환,소민,소민,0,,,,,,,,,,,,,,
숟가락,소민,소민,0,,,,,,,,,,,,,,
숟가랃,소민,소민,0,,,,,,,,,,,,,,
숟갈,소민,소민,0,,,,,,,,,,,,,,
술국,소민,소민,0,,,,,,,,,,,,,,
술맛,소민,소민,0,,,,,,,,,,,,,,
술밥,소민,소민,0,,,,,,,,,,,,,,
술벗,소민,소민,0,,,,,,,,,,,,,,
술병,소민,소민,0,,,,,,,,,,,,,,
술술,소민,소민,0,,,,,,,,,,,,,,
술시,소민,소민,0,,,,,,,,,,,,,,
술안주,소민,소민,0,,,,,,,,,,,,,,
술자리,소민,소민,0,,,,,,,,,,,,,,
술잔,소민,소민,0,,,,,,,,,,,,,,
술집,소민,소민,0,,,,,,,,,,,,,,
술찌,소민,소민,0,,,,,,,,,,,,,,
숨뼈국,소민,소민,0,,,,,,,,,,,,,,
숩니댜,소민,소민,0,,,,,,,,,,,,,,
숭덩숭덩,소민,소민,0,,,,,,,,,,,,,,
숭숭,소민,소민,0,,,,,,,,,,,,,,
숯불,소민,소민,0,,,,,,,,,,,,,,
숯향,소민,소민,0,,,,,,,,,,,,,,
숲길,소민,소민,0,,,,,,,,,,,,,,
쉐어,소민,소민,0,,,,,,,,,,,,,,
쉐프,소민,소민,0,,,,,,,,,,,,,,
쉬움,소민,소민,0,,,,,,,,,,,,,,
슐랭,소민,소민,0,,,,,,,,,,,,,,
슟불,소민,소민,0,,,,,,,,,,,,,,
스근하,소민,소민,0,,,,,,,,,,,,,,
스랑,소민,소민,0,,,,,,,,,,,,,,
스럴,소민,소민,0,,,,,,,,,,,,,,
스멜,소민,소민,0,,,,,,,,,,,,,,
스샷,소민,소민,0,,,,,,,,,,,,,,
스윗,소민,소민,0,,,,,,,,,,,,,,
스킬,소민,소민,0,,,,,,,,,,,,,,
스타,소민,소민,0,,,,,,,,,,,,,,
스타벅스,소민,소민,0,,,,,,,,,,,,,,
스타일,소민,소민,0,,,,,,,,,,,,,,
스탈,소민,소민,0,,,,,,,,,,,,,,
스탠,소민,소민,0,,,,,,,,,,,,,,
스탭들,소민,소민,0,,,,,,,,,,,,,,
스테이,소민,소민,0,,,,,,,,,,,,,,
스테이크,소민,소민,0,,,,,,,,,,,,,,
스텐,소민,소민,0,,,,,,,,,,,,,,
스트레스,소민,소민,0,,,,,,,,,,,,,,
스티로폼,소민,소민,0,,,,,,,,,,,,,,
스티커,소민,소민,0,,,,,,,,,,,,,,
스틴,소민,소민,0,,,,,,,,,,,,,,
스팅,소민,소민,0,,,,,,,,,,,,,,
스파게티,소민,소민,0,,,,,,,,,,,,,,
스파이크,소민,소민,0,,,,,,,,,,,,,,
스페셜,소민,소민,0,,,,,,,,,,,,,,
스페인,소민,소민,0,,,,,,,,,,,,,,
스푼,소민,소민,0,,,,,,,,,,,,,,
스프,소민,소민,0,,,,,,,,,,,,,,
스피드,소민,소민,0,,,,,,,,,,,,,,
슬러쉬,소민,소민,0,,,,,,,,,,,,,,
슬러시,소민,소민,0,,,,,,,,,,,,,,
슬슬,소민,소민,0,,,,,,,,,,,,,,
슬픔,소민,소민,0,,,,,,,,,,,,,,
슴슴,소민,소민,0,,,,,,,,,,,,,,
슴슴짭짤,소민,소민,0,,,,,,,,,,,,,,
슴슴하,소민,소민,0,,,,,,,,,,,,,,
슴슴한,소민,소민,0,,,,,,,,,,,,,,
슴슴한거,소민,소민,0,,,,,,,,,,,,,,
슴슴한데,소민,소민,0,,,,,,,,,,,,,,
슴슴한듯,소민,소민,0,,,,,,,,,,,,,,
슴슴할,소민,소민,0,,,,,,,,,,,,,,
슴슴함,소민,소민,0,,,,,,,,,,,,,,
슴슴합니,소민,소민,0,,,,,,,,,,,,,,
슴슴해,소민,소민,0,,,,,,,,,,,,,,
슴슴했,소민,소민,0,,,,,,,,,,,,,,
슴슴했어,소민,소민,0,,,,,,,,,,,,,,
슴슴했음,소민,소민,0,,,,,,,,,,,,,,
습니,소민,소민,0,,,,,,,,,,,,,,
습보,소민,소민,0,,,,,,,,,,,,,,
승무원,소민,소민,0,,,,,,,,,,,,,,
승부,소민,소민,0,,,,,,,,,,,,,,
승용차,소민,소민,0,,,,,,,,,,,,,,
승질,소민,소민,0,,,,,,,,,,,,,,
승하,소민,소민,0,,,,,,,,,,,,,,
시각,소민,소민,0,,,,,,,,,,,,,,
시간,소민,소민,0,,,,,,,,,,,,,,
시간대,소민,소민,0,,,,,,,,,,,,,,
시골,소민,소민,0,,,,,,,,,,,,,,
시구,소민,소민,0,,,,,,,,,,,,,,
시기,소민,소민,0,,,,,,,,,,,,,,
시나,소민,소민,0,,,,,,,,,,,,,,
시내,소민,소민,0,,,,,,,,,,,,,,
시너지,소민,소민,0,,,,,,,,,,,,,,
시대,소민,소민,0,,,,,,,,,,,,,,
시댁,소민,소민,0,,,,,,,,,,,,,,
시더,소민,소민,0,,,,,,,,,,,,,,
시도,소민,소민,0,,,,,,,,,,,,,,
시들시들,소민,소민,-1,,,,,,,,,,,,,,
시라,소민,소민,0,,,,,,,,,,,,,,
시래기,소민,소민,0,,,,,,,,,,,,,,
시럽,소민,소민,0,,,,,,,,,,,,,,
시렁,소민,소민,0,,,,,,,,,,,,,,
시레기,소민,소민,0,,,,,,,,,,,,,,
시려웠,소민,소민,0,,,,,,,,,,,,,,
시로,소민,소민,0,,,,,,,,,,,,,,
시리즈,소민,소민,0,,,,,,,,,,,,,,
시반,소민,소민,0,,,,,,,,,,,,,,
시부모,소민,소민,0,,,,,,,,,,,,,,
시설,소민,소민,0,,,,,,,,,,,,,,
시스템,소민,소민,0,,,,,,,,,,,,,,
시어,소민,소민,0,,,,,,,,,,,,,,
시오,소민,소민,0,,,,,,,,,,,,,,
시원,소민,소민,0,,,,,,,,,,,,,,
시위,소민,소민,0,,,,,,,,,,,,,,
시일,소민,소민,0,,,,,,,,,,,,,,
시작,소민,소민,0,,,,,,,,,,,,,,
시장,소민,소민,0,,,,,,,,,,,,,,
시절,소민,소민,0,,,,,,,,,,,,,,
시점,소민,소민,0,,,,,,,,,,,,,,
시정,소민,소민,0,,,,,,,,,,,,,,
시중,소민,소민,0,,,,,,,,,,,,,,
시즌,소민,소민,0,,,,,,,,,,,,,,
시집,소민,소민,0,,,,,,,,,,,,,,
시청,소민,소민,0,,,,,,,,,,,,,,
시카고,소민,소민,0,,,,,,,,,,,,,,
시켯다,소민,소민,0,,,,,,,,,,,,,,
시크럽코,소민,소민,0,,,,,,,,,,,,,,
시킴,소민,소민,0,,,,,,,,,,,,,,
시티,소민,소민,0,,,,,,,,,,,,,,
시판,소민,소민,0,,,,,,,,,,,,,,
시퍼,소민,소민,0,,,,,,,,,,,,,,
시한,소민,소민,0,,,,,,,,,,,,,,
식감,소민,소민,0,,,,,,,,,,,,,,
식견,소민,소민,0,,,,,,,,,,,,,,
식구,소민,소민,1,,,,,,,,,,,,,,
식기,소민,소민,0,,,,,,,,,,,,,,
식기세척기,소민,소민,0,,,,,,,,,,,,,,
식단,소민,소민,0,,,,,,,,,,,,,,
식당,소민,소민,0,,,,,,,,,,,,,,
식당가,소민,소민,0,,,,,,,,,,,,,,
식대,소민,소민,0,,,,,,,,,,,,,,
식사,소민,소민,0,,,,,,,,,,,,,,
식욕,소민,소민,0,,,,,,,,,,,,,,
식이,소민,소민,0,,,,,,,,,,,,,,
식전,소민,소민,0,,,,,,,,,,,,,,
식전주,소민,소민,0,,,,,,,,,,,,,,
식지,소민,소민,0,,,,,,,,,,,,,,
식초,소민,소민,0,,,,,,,,,,,,,,
식탁,소민,소민,0,,,,,,,,,,,,,,
식해,소민,소민,0,,,,,,,,,,,,,,
식혜,소민,소민,0,,,,,,,,,,,,,,
식후,소민,소민,0,,,,,,,,,,,,,,
신건,소민,소민,0,,,,,,,,,,,,,,
신경,소민,소민,0,,,,,,,,,,,,,,
신경안,소민,소민,0,,,,,,,,,,,,,,
신경질,소민,소민,0,,,,,,,,,,,,,,
신고,소민,소민,0,,,,,,,,,,,,,,
신관,소민,소민,0,,,,,,,,,,,,,,
신기,소민,소민,0,,,,,,,,,,,,,,
신기하,소민,소민,0,,,,,,,,,,,,,,
신나요,소민,소민,1,,,,,,,,,,,,,,
신다해,소민,소민,0,,,,,,,,,,,,,,
신라,소민,소민,0,,,,,,,,,,,,,,
신라면,소민,소민,0,,,,,,,,,,,,,,
신랑,소민,소민,0,,,,,,,,,,,,,,
신뢰,소민,소민,0,,,,,,,,,,,,,,
신림,소민,소민,0,,,,,,,,,,,,,,
신맛,소민,소민,0,,,,,,,,,,,,,,
신발,소민,소민,0,,,,,,,,,,,,,,
신분,소민,소민,0,,,,,,,,,,,,,,
신상,소민,소민,0,,,,,,,,,,,,,,
신생,소민,소민,0,,,,,,,,,,,,,,
신선,소민,소민,1,,,,,,,,,,,,,,
신선도,소민,소민,0,,,,,,,,,,,,,,
신세계,소민,소민,1,,,,,,,,,,,,,,
신용,소민,소민,0,,,,,,,,,,,,,,
신용산,소민,소민,0,,,,,,,,,,,,,,
신의,소민,소민,0,,,,,,,,,,,,,,
신의한수,소민,소민,0,,,,,,,,,,,,,,
신입,소민,소민,0,,,,,,,,,,,,,,
신지,소민,소민,0,,,,,,,,,,,,,,
신청,소민,소민,0,,,,,,,,,,,,,,
실감,소민,소민,0,,,,,,,,,,,,,,
실내,소민,소민,0,,,,,,,,,,,,,,
실때,소민,소민,0,,,,,,,,,,,,,,
실력,소민,소민,0,,,,,,,,,,,,,,
실로,소민,소민,0,,,,,,,,,,,,,,
실망,소민,소민,-2,,,,,,,,,,,,,,
실수,소민,소민,0,,,,,,,,,,,,,,
실수셨겠,소민,소민,0,,,,,,,,,,,,,,
실오라기,소민,소민,0,,,,,,,,,,,,,,
실외,소민,소민,0,,,,,,,,,,,,,,
실제,소민,소민,0,,,,,,,,,,,,,,
실체,소민,소민,0,,,,,,,,,,,,,,
실컷,소민,소민,0,,,,,,,,,,,,,,
실패,소민,소민,0,,,,,,,,,,,,,,
실험,소민,소민,0,,,,,,,,,,,,,,
실화,소민,소민,0,,,,,,,,,,,,,,
심경,소민,소민,0,,,,,,,,,,,,,,
심리,소민,소민,0,,,,,,,,,,,,,,
심보,소민,소민,0,,,,,,,,,,,,,,
심심,소민,소민,0,,,,,,,,,,,,,,
심야시간대,소민,소민,0,,,,,,,,,,,,,,
심장,소민,소민,0,,,,,,,,,,,,,,
심증,소민,소민,0,,,,,,,,,,,,,,
심지어,소민,소민,0,,,,,,,,,,,,,,
심플,소민,소민,0,,,,,,,,,,,,,,
심해,소민,소민,0,,,,,,,,,,,,,,
십년,소민,소민,0,,,,,,,,,,,,,,
십리,소민,소민,0,,,,,,,,,,,,,,
십만원,소민,소민,0,,,,,,,,,,,,,,
십분,소민,소민,0,,,,,,,,,,,,,,
십상,소민,소민,0,,,,,,,,,,,,,,
싱기,소민,소민,0,,,,,,,,,,,,,,
싱싱,소민,소민,1,,,,,,,,,,,,,,
싱큼,소민,소민,0,,,,,,,,,,,,,,
싳었는데,소민,소민,0,,,,,,,,,,,,,,
싶어욤,소민,소민,0,,,,,,,,,,,,,,
싸가지,소민,소민,0,,,,,,,,,,,,,,
싸구려,소민,소민,0,,,,,,,,,,,,,,
싸먹엇을때,소민,소민,0,,,,,,,,,,,,,,
싸움,소민,소민,0,,,,,,,,,,,,,,
싸인,소민,소민,2,,,,,,,,,,,,,,
싹싹,소민,소민,0,,,,,,,,,,,,,,
쌀밥,소민,소민,0,,,,,,,,,,,,,,
쌀알,소민,소민,0,,,,,,,,,,,,,,
쌈무,소민,소민,0,,,,,,,,,,,,,,
쌈밥,소민,소민,0,,,,,,,,,,,,,,
쌈장,소민,소민,0,,,,,,,,,,,,,,
쌈채,소민,소민,0,,,,,,,,,,,,,,
쌍림,소민,소민,0,,,,,,,,,,,,,,
쌔지않,소민,소민,1,,,,,,,,,,,,,,
쌤숭,소민,소민,0,,,,,,,,,,,,,,
쌰갈,소민,소민,0,,,,,,,,,,,,,,
써뷔쓰으,소민,소민,0,,,,,,,,,,,,,,
써비,소민,소민,0,,,,,,,,,,,,,,
썸남썸녀,소민,소민,0,,,,,,,,,,,,,,
썸녀,소민,소민,0,,,,,,,,,,,,,,
쎄팅,소민,소민,0,,,,,,,,,,,,,,
쏙쏙,소민,소민,0,,,,,,,,,,,,,,
쑥갓,소민,소민,0,,,,,,,,,,,,,,
쑥국,소민,소민,0,,,,,,,,,,,,,,
쓰기,소민,소민,0,,,,,,,,,,,,,,
쓰레기,소민,소민,0,,,,,,,,,,,,,,
쓰레기통,소민,소민,0,,,,,,,,,,,,,,
쓰레빠,소민,소민,0,,,,,,,,,,,,,,
쓰시,소민,소민,0,,,,,,,,,,,,,,
쓱삭,소민,소민,0,,,,,,,,,,,,,,
쓱쓱,소민,소민,0,,,,,,,,,,,,,,
쓴맛,소민,소민,0,,,,,,,,,,,,,,
쓴소리,소민,소민,0,,,,,,,,,,,,,,
씐나,소민,소민,0,,,,,,,,,,,,,,
씨바,소민,소민,0,,,,,,,,,,,,,,
씨유,소민,소민,0,,,,,,,,,,,,,,
씼어,소민,소민,0,,,,,,,,,,,,,,
아가,소민,소민,0,,,,,,,,,,,,,,
아구,소민,소민,0,,,,,,,,,,,,,,
아기,소민,소민,0,,,,,,,,,,,,,,
아내,소민,소민,0,,,,,,,,,,,,,,
아닐런,소민,소민,0,,,,,,,,,,,,,,
아동,소민,소민,0,,,,,,,,,,,,,,
아두,소민,소민,0,,,,,,,,,,,,,,
아드님,소민,소민,0,,,,,,,,,,,,,,
아드득,소민,소민,0,,,,,,,,,,,,,,
아들,소민,소민,0,,,,,,,,,,,,,,
아랑곳,소민,소민,0,,,,,,,,,,,,,,
아래,소민,소민,0,,,,,,,,,,,,,,
아래쪽,소민,소민,0,,,,,,,,,,,,,,
아랫사람,소민,소민,0,,,,,,,,,,,,,,
아롱사태,소민,소민,0,,,,,,,,,,,,,,
아리,소민,소민,0,,,,,,,,,,,,,,
아리랑,소민,소민,0,,,,,,,,,,,,,,
아마,소민,소민,0,,,,,,,,,,,,,,
아무,소민,소민,0,,,,,,,,,,,,,,
아버지,소민,소민,0,,,,,,,,,,,,,,
아보,소민,소민,0,,,,,,,,,,,,,,
아부,소민,소민,0,,,,,,,,,,,,,,
아빠,소민,소민,0,,,,,,,,,,,,,,
아숩,소민,소민,-2,,,,,,,,,,,,,,
아쉬움,소민,소민,-2,,,,,,,,,,,,,,
아시,소민,소민,0,,,,,,,,,,,,,,
아아,소민,소민,0,,,,,,,,,,,,,,
아악,소민,소민,0,,,,,,,,,,,,,,
아앙,소민,소민,0,,,,,,,,,,,,,,
아영,소민,소민,0,,,,,,,,,,,,,,
아예,소민,소민,0,,,,,,,,,,,,,,
아우,소민,소민,0,,,,,,,,,,,,,,
아유,소민,소민,0,,,,,,,,,,,,,,
아이,소민,소민,0,,,,,,,,,,,,,,
아이돌,소민,소민,0,,,,,,,,,,,,,,
아이스,소민,소민,0,,,,,,,,,,,,,,
아이스크림,소민,소민,0,,,,,,,,,,,,,,
아이콘,소민,소민,0,,,,,,,,,,,,,,
아작,소민,소민,0,,,,,,,,,,,,,,
아저씨,소민,소민,0,,,,,,,,,,,,,,
아주,소민,소민,0,,,,,,,,,,,,,,
아주머니,소민,소민,0,,,,,,,,,,,,,,
아줌마,소민,소민,0,,,,,,,,,,,,,,
아쥬,소민,소민,0,,,,,,,,,,,,,,
아지트,소민,소민,0,,,,,,,,,,,,,,
아차산,소민,소민,0,,,,,,,,,,,,,,
아치,소민,소민,0,,,,,,,,,,,,,,
아침,소민,소민,0,,,,,,,,,,,,,,
아침밥,소민,소민,0,,,,,,,,,,,,,,
아침식사,소민,소민,0,,,,,,,,,,,,,,
아파트,소민,소민,0,,,,,,,,,,,,,,
아픔,소민,소민,0,,,,,,,,,,,,,,
아현,소민,소민,0,,,,,,,,,,,,,,
아현동,소민,소민,0,,,,,,,,,,,,,,
악마,소민,소민,0,,,,,,,,,,,,,,
악재,소민,소민,0,,,,,,,,,,,,,,
악플,소민,소민,0,,,,,,,,,,,,,,
안감,소민,소민,0,,,,,,,,,,,,,,
안경,소민,소민,0,,,,,,,,,,,,,,
안고,소민,소민,0,,,,,,,,,,,,,,
안나,소민,소민,0,,,,,,,,,,,,,,
안남,소민,소민,0,,,,,,,,,,,,,,
안내,소민,소민,0,,,,,,,,,,,,,,
안내견,소민,소민,0,,,,,,,,,,,,,,
안녕,소민,소민,0,,,,,,,,,,,,,,
안달,소민,소민,0,,,,,,,,,,,,,,
안도,소민,소민,0,,,,,,,,,,,,,,
안뒤,소민,소민,0,,,,,,,,,,,,,,
안드네,소민,소민,0,,,,,,,,,,,,,,
안배,소민,소민,0,,,,,,,,,,,,,,
안보,소민,소민,0,,,,,,,,,,,,,,
안산,소민,소민,0,,,,,,,,,,,,,,
안성탕면,소민,소민,0,,,,,,,,,,,,,,
안심,소민,소민,0,,,,,,,,,,,,,,
안이,소민,소민,0,,,,,,,,,,,,,,
안전,소민,소민,0,,,,,,,,,,,,,,
안정,소민,소민,0,,,,,,,,,,,,,,
안정감,소민,소민,1,,,,,,,,,,,,,,
안주,소민,소민,0,,,,,,,,,,,,,,
안주시,소민,소민,0,,,,,,,,,,,,,,
안주인,소민,소민,0,,,,,,,,,,,,,,
안중,소민,소민,0,,,,,,,,,,,,,,
안쥬,소민,소민,0,,,,,,,,,,,,,,
안질,소민,소민,0,,,,,,,,,,,,,,
안쪽,소민,소민,0,,,,,,,,,,,,,,
안타,소민,소민,0,,,,,,,,,,,,,,
안함,소민,소민,0,,,,,,,,,,,,,,
안해,소민,소민,0,,,,,,,,,,,,,,
알겐,소민,소민,0,,,,,,,,,,,,,,
알겟슴,소민,소민,0,,,,,,,,,,,,,,
알덴떼,소민,소민,0,,,,,,,,,,,,,,
알도,소민,소민,0,,,,,,,,,,,,,,
알림,소민,소민,0,,,,,,,,,,,,,,
알바,소민,소민,0,,,,,,,,,,,,,,
알바생,소민,소민,0,,,,,,,,,,,,,,
알밥,소민,소민,0,,,,,,,,,,,,,,
알법,소민,소민,0,,,,,,,,,,,,,,
알쌈,소민,소민,0,,,,,,,,,,,,,,
알알이,소민,소민,0,,,,,,,,,,,,,,
알짝,소민,소민,0,,,,,,,,,,,,,,
알코올,소민,소민,0,,,,,,,,,,,,,,
알콜,소민,소민,0,,,,,,,,,,,,,,
압구정,소민,소민,0,,,,,,,,,,,,,,
압권,소민,소민,2,,,,,,,,,,,,,,
압니,소민,소민,0,,,,,,,,,,,,,,
압도,소민,소민,0,,,,,,,,,,,,,,
압박,소민,소민,0,,,,,,,,,,,,,,
압승,소민,소민,0,,,,,,,,,,,,,,
압승임,소민,소민,0,,,,,,,,,,,,,,
앞니,소민,소민,0,,,,,,,,,,,,,,
앞다리,소민,소민,0,,,,,,,,,,,,,,
앞뒤,소민,소민,0,,,,,,,,,,,,,,
앞서,소민,소민,0,,,,,,,,,,,,,,
앞전,소민,소민,0,,,,,,,,,,,,,,
앞쪽,소민,소민,0,,,,,,,,,,,,,,
앞치마,소민,소민,0,,,,,,,,,,,,,,
애견,소민,소민,0,,,,,,,,,,,,,,
애기,소민,소민,0,,,,,,,,,,,,,,
애도,소민,소민,0,,,,,,,,,,,,,,
애동지,소민,소민,0,,,,,,,,,,,,,,
애벌레,소민,소민,0,,,,,,,,,,,,,,
애오개역,소민,소민,0,,,,,,,,,,,,,,
애용,소민,소민,0,,,,,,,,,,,,,,
애인,소민,소민,0,,,,,,,,,,,,,,
애인픽,소민,소민,2,,,,,,,,,,,,,,
애정,소민,소민,0,,,,,,,,,,,,,,
애초,소민,소민,0,,,,,,,,,,,,,,
애플,소민,소민,0,,,,,,,,,,,,,,
애호박,소민,소민,0,,,,,,,,,,,,,,
액션,소민,소민,0,,,,,,,,,,,,,,
앤드,소민,소민,0,,,,,,,,,,,,,,
야곱,소민,소민,0,,,,,,,,,,,,,,
야구장,소민,소민,0,,,,,,,,,,,,,,
야근,소민,소민,0,,,,,,,,,,,,,,
야기,소민,소민,0,,,,,,,,,,,,,,
야들야들,소민,소민,1,,,,,,,,,,,,,,
야르,소민,소민,0,,,,,,,,,,,,,,
야생,소민,소민,0,,,,,,,,,,,,,,
야식,소민,소민,0,,,,,,,,,,,,,,
야외,소민,소민,0,,,,,,,,,,,,,,
야장,소민,소민,0,,,,,,,,,,,,,,
야채,소민,소민,2,,,,,,,,,,,,,,
약간,소민,소민,0,,,,,,,,,,,,,,
약방,소민,소민,0,,,,,,,,,,,,,,
약속,소민,소민,0,,,,,,,,,,,,,,
약시,소민,소민,0,,,,,,,,,,,,,,
약차,소민,소민,0,,,,,,,,,,,,,,
약탕기,소민,소민,0,,,,,,,,,,,,,,
양귀비,소민,소민,0,,,,,,,,,,,,,,
양념,소민,소민,0,,,,,,,,,,,,,,
양념장,소민,소민,0,,,,,,,,,,,,,,
양도,소민,소민,0,,,,,,,,,,,,,,
양반,소민,소민,0,,,,,,,,,,,,,,
양배추,소민,소민,0,,,,,,,,,,,,,,
양보,소민,소민,0,,,,,,,,,,,,,,
양산,소민,소민,0,,,,,,,,,,,,,,
양식,소민,소민,0,,,,,,,,,,,,,,
양심,소민,소민,0,,,,,,,,,,,,,,
양으로,소민,소민,0,,,,,,,,,,,,,,
양은,소민,소민,0,,,,,,,,,,,,,,
양적,소민,소민,0,,,,,,,,,,,,,,
양지,소민,소민,0,,,,,,,,,,,,,,
양지머리,소민,소민,0,,,,,,,,,,,,,,
양파,소민,소민,0,,,,,,,,,,,,,,
양파챱,소민,소민,0,,,,,,,,,,,,,,
양해,소민,소민,0,,,,,,,,,,,,,,
얘기,소민,소민,0,,,,,,,,,,,,,,
얘길,소민,소민,0,,,,,,,,,,,,,,
어간,소민,소민,0,,,,,,,,,,,,,,
어감,소민,소민,0,,,,,,,,,,,,,,
어갔다,소민,소민,0,,,,,,,,,,,,,,
어기,소민,소민,0,,,,,,,,,,,,,,
어깨,소민,소민,0,,,,,,,,,,,,,,
어닝,소민,소민,0,,,,,,,,,,,,,,
어도,소민,소민,0,,,,,,,,,,,,,,
어디,소민,소민,0,,,,,,,,,,,,,,
어디가,소민,소민,0,,,,,,,,,,,,,,
어딘가,소민,소민,0,,,,,,,,,,,,,,
어떡,소민,소민,0,,,,,,,,,,,,,,
어랏,소민,소민,0,,,,,,,,,,,,,,
어르신,소민,소민,0,,,,,,,,,,,,,,
어른,소민,소민,0,,,,,,,,,,,,,,
어린이,소민,소민,0,,,,,,,,,,,,,,
어마,소민,소민,0,,,,,,,,,,,,,,
어매,소민,소민,0,,,,,,,,,,,,,,
어먄,소민,소민,0,,,,,,,,,,,,,,
어머니,소민,소민,0,,,,,,,,,,,,,,
어머님,소민,소민,0,,,,,,,,,,,,,,
어무,소민,소민,0,,,,,,,,,,,,,,
어무니,소민,소민,0,,,,,,,,,,,,,,
어묵,소민,소민,0,,,,,,,,,,,,,,
어버이,소민,소민,0,,,,,,,,,,,,,,
어번,소민,소민,0,,,,,,,,,,,,,,
어보,소민,소민,0,,,,,,,,,,,,,,
어빠,소민,소민,0,,,,,,,,,,,,,,
어서,소민,소민,0,,,,,,,,,,,,,,
어슬렁,소민,소민,0,,,,,,,,,,,,,,
어어,소민,소민,0,,,,,,,,,,,,,,
어요,소민,소민,0,,,,,,,,,,,,,,
어울네,소민,소민,0,,,,,,,,,,,,,,
어울림,소민,소민,0,,,,,,,,,,,,,,
어유,소민,소민,0,,,,,,,,,,,,,,
어이,소민,소민,0,,,,,,,,,,,,,,
어있어,소민,소민,0,,,,,,,,,,,,,,
어제,소민,소민,0,,,,,,,,,,,,,,
어줍짢,소민,소민,0,,,,,,,,,,,,,,
어째서,소민,소민,0,,,,,,,,,,,,,,
어쨋,소민,소민,0,,,,,,,,,,,,,,
어쨌든,소민,소민,0,,,,,,,,,,,,,,
어쩌,소민,소민,0,,,,,,,,,,,,,,
어쩌냐네,소민,소민,0,,,,,,,,,,,,,,
어쩐지,소민,소민,0,,,,,,,,,,,,,,
어쩜,소민,소민,0,,,,,,,,,,,,,,
어쩜이리,소민,소민,0,,,,,,,,,,,,,,
어찌,소민,소민,0,,,,,,,,,,,,,,
어차피,소민,소민,0,,,,,,,,,,,,,,
어처구니,소민,소민,0,,,,,,,,,,,,,,
어치,소민,소민,0,,,,,,,,,,,,,,
어투,소민,소민,0,,,,,,,,,,,,,,
어플,소민,소민,0,,,,,,,,,,,,,,
억지로,소민,소민,0,,,,,,,,,,,,,,
언급,소민,소민,0,,,,,,,,,,,,,,
언니,소민,소민,0,,,,,,,,,,,,,,
언제,소민,소민,0,,,,,,,,,,,,,,
언행,소민,소민,0,,,,,,,,,,,,,,
얼굴,소민,소민,0,,,,,,,,,,,,,,
얼렁,소민,소민,0,,,,,,,,,,,,,,
얼룩,소민,소민,0,,,,,,,,,,,,,,
얼른,소민,소민,0,,,,,,,,,,,,,,
얼마,소민,소민,0,,,,,,,,,,,,,,
얼마나,소민,소민,0,,,,,,,,,,,,,,
얼씬,소민,소민,0,,,,,,,,,,,,,,
얼음,소민,소민,0,,,,,,,,,,,,,,
얼큰힌,소민,소민,0,,,,,,,,,,,,,,
얼타,소민,소민,0,,,,,,,,,,,,,,
얼핏,소민,소민,0,,,,,,,,,,,,,,
얼후,소민,소민,0,,,,,,,,,,,,,,
엄마,소민,소민,0,,,,,,,,,,,,,,
엄뫄,소민,소민,0,,,,,,,,,,,,,,
엄쓸껴,소민,소민,0,,,,,,,,,,,,,,
엄지,소민,소민,0,,,,,,,,,,,,,,
업그레이드,소민,소민,0,,,,,,,,,,,,,,
업데이트,소민,소민,0,,,,,,,,,,,,,,
업소,소민,소민,0,,,,,,,,,,,,,,
업업업,소민,소민,0,,,,,,,,,,,,,,
없슴,소민,소민,0,,,,,,,,,,,,,,
엇그제,소민,소민,0,,,,,,,,,,,,,,
엇습,소민,소민,0,,,,,,,,,,,,,,
엇어,소민,소민,0,,,,,,,,,,,,,,
엇음,소민,소민,0,,,,,,,,,,,,,,
었습,소민,소민,0,,,,,,,,,,,,,,
었습니,소민,소민,0,,,,,,,,,,,,,,
엉덩이,소민,소민,0,,,,,,,,,,,,,,
엉망,소민,소민,-2,,,,,,,,,,,,,,
엊그제,소민,소민,0,,,,,,,,,,,,,,
에고,소민,소민,0,,,,,,,,,,,,,,
에너지,소민,소민,0,,,,,,,,,,,,,,
에두,소민,소민,0,,,,,,,,,,,,,,
에듀,소민,소민,0,,,,,,,,,,,,,,
에르메스,소민,소민,0,,,,,,,,,,,,,,
에바,소민,소민,0,,,,,,,,,,,,,,
에어컨,소민,소민,0,,,,,,,,,,,,,,
에어콘,소민,소민,0,,,,,,,,,,,,,,
에일,소민,소민,0,,,,,,,,,,,,,,
에피타이저,소민,소민,0,,,,,,,,,,,,,,
엠씨몽,소민,소민,0,,,,,,,,,,,,,,
여기,소민,소민,0,,,,,,,,,,,,,,
여기저기,소민,소민,0,,,,,,,,,,,,,,
여느,소민,소민,0,,,,,,,,,,,,,,
여덟,소민,소민,0,,,,,,,,,,,,,,
여덟시,소민,소민,0,,,,,,,,,,,,,,
여동생,소민,소민,0,,,,,,,,,,,,,,
여러,소민,소민,2,,,,,,,,,,,,,,
여러가지,소민,소민,0,,,,,,,,,,,,,,
여러분,소민,소민,0,,,,,,,,,,,,,,
여럿,소민,소민,0,,,,,,,,,,,,,,
여론,소민,소민,0,,,,,,,,,,,,,,
여름,소민,소민,0,,,,,,,,,,,,,,
여름날,소민,소민,0,,,,,,,,,,,,,,
여름철,소민,소민,0,,,,,,,,,,,,,,
여명,소민,소민,0,,,,,,,,,,,,,,
여분,소민,소민,0,,,,,,,,,,,,,,
여사,소민,소민,0,,,,,,,,,,,,,,
여서,소민,소민,0,,,,,,,,,,,,,,
여섯시,소민,소민,0,,,,,,,,,,,,,,
여성,소민,소민,0,,,,,,,,,,,,,,
여요,소민,소민,0,,,,,,,,,,,,,,
여운,소민,소민,0,,,,,,,,,,,,,,
여유,소민,소민,0,,,,,,,,,,,,,,
여윽시,소민,소민,0,,,,,,,,,,,,,,
여의도,소민,소민,0,,,,,,,,,,,,,,
여자,소민,소민,0,,,,,,,,,,,,,,
여자친구,소민,소민,0,,,,,,,,,,,,,,
여주,소민,소민,0,,,,,,,,,,,,,,
여직원,소민,소민,0,,,,,,,,,,,,,,
여진,소민,소민,0,,,,,,,,,,,,,,
여친,소민,소민,0,,,,,,,,,,,,,,
여타,소민,소민,0,,,,,,,,,,,,,,
여태,소민,소민,0,,,,,,,,,,,,,,
여파,소민,소민,0,,,,,,,,,,,,,,
여하튼,소민,소민,0,,,,,,,,,,,,,,
여학생,소민,소민,0,,,,,,,,,,,,,,
여행,소민,소민,0,,,,,,,,,,,,,,
여행가,소민,소민,0,,,,,,,,,,,,,,
역대,소민,소민,0,,,,,,,,,,,,,,
역사,소민,소민,0,,,,,,,,,,,,,,
역삼,소민,소민,0,,,,,,,,,,,,,,
역쉬,소민,소민,0,,,,,,,,,,,,,,
역시,소민,소민,0,,,,,,,,,,,,,,
역점,소민,소민,0,,,,,,,,,,,,,,
역할,소민,소민,0,,,,,,,,,,,,,,
연관,소민,소민,0,,,,,,,,,,,,,,
연기,소민,소민,0,,,,,,,,,,,,,,
연남,소민,소민,0,,,,,,,,,,,,,,
연남동,소민,소민,0,,,,,,,,,,,,,,
연달,소민,소민,0,,,,,,,,,,,,,,
연락,소민,소민,0,,,,,,,,,,,,,,
연령,소민,소민,0,,,,,,,,,,,,,,
연로,소민,소민,0,,,,,,,,,,,,,,
연말,소민,소민,0,,,,,,,,,,,,,,
연못,소민,소민,0,,,,,,,,,,,,,,
연상,소민,소민,0,,,,,,,,,,,,,,
연세,소민,소민,0,,,,,,,,,,,,,,
연속,소민,소민,0,,,,,,,,,,,,,,
연애,소민,소민,0,,,,,,,,,,,,,,
연예,소민,소민,0,,,,,,,,,,,,,,
연예인,소민,소민,0,,,,,,,,,,,,,,
연인,소민,소민,0,,,,,,,,,,,,,,
연중,소민,소민,0,,,,,,,,,,,,,,
연초,소민,소민,0,,,,,,,,,,,,,,
연하,소민,소민,0,,,,,,,,,,,,,,
연한,소민,소민,0,,,,,,,,,,,,,,
연해,소민,소민,0,,,,,,,,,,,,,,
연휴,소민,소민,0,,,,,,,,,,,,,,
연희,소민,소민,0,,,,,,,,,,,,,,
엳시,소민,소민,0,,,,,,,,,,,,,,
열기,소민,소민,0,,,,,,,,,,,,,,
열무,소민,소민,0,,,,,,,,,,,,,,
열무김치,소민,소민,0,,,,,,,,,,,,,,
열씨,소민,소민,0,,,,,,,,,,,,,,
열풍,소민,소민,2,,,,,,,,,,,,,,
염도,소민,소민,0,,,,,,,,,,,,,,
염리,소민,소민,0,,,,,,,,,,,,,,
염리동,소민,소민,0,,,,,,,,,,,,,,
염분,소민,소민,0,,,,,,,,,,,,,,
염색,소민,소민,0,,,,,,,,,,,,,,
엽기,소민,소민,0,,,,,,,,,,,,,,
엽닭,소민,소민,0,,,,,,,,,,,,,,
엽떡,소민,소민,0,,,,,,,,,,,,,,
엽전,소민,소민,0,,,,,,,,,,,,,,
영광,소민,소민,0,,,,,,,,,,,,,,
영등포역,소민,소민,0,,,,,,,,,,,,,,
영상,소민,소민,0,,,,,,,,,,,,,,
영수증,소민,소민,0,,,,,,,,,,,,,,
영어,소민,소민,0,,,,,,,,,,,,,,
영업,소민,소민,0,,,,,,,,,,,,,,
영업방해,소민,소민,0,,,,,,,,,,,,,,
영점,소민,소민,0,,,,,,,,,,,,,,
영접,소민,소민,0,,,,,,,,,,,,,,
영향,소민,소민,0,,,,,,,,,,,,,,
영혼,소민,소민,0,,,,,,,,,,,,,,
영화,소민,소민,0,,,,,,,,,,,,,,
옆문,소민,소민,0,,,,,,,,,,,,,,
옆방,소민,소민,0,,,,,,,,,,,,,,
옆집,소민,소민,0,,,,,,,,,,,,,,
옆쪽,소민,소민,0,,,,,,,,,,,,,,
예감,소민,소민,0,,,,,,,,,,,,,,
예나,소민,소민,0,,,,,,,,,,,,,,
예민,소민,소민,0,,,,,,,,,,,,,,
예비신랑,소민,소민,0,,,,,,,,,,,,,,
예산,소민,소민,0,,,,,,,,,,,,,,
예상,소민,소민,0,,,,,,,,,,,,,,
예술,소민,소민,0,,,,,,,,,,,,,,
예약,소민,소민,0,,,,,,,,,,,,,,
예약금,소민,소민,0,,,,,,,,,,,,,,
예의,소민,소민,0,,,,,,,,,,,,,,
예전,소민,소민,0,,,,,,,,,,,,,,
예정,소민,소민,0,,,,,,,,,,,,,,
예제,소민,소민,0,,,,,,,,,,,,,,
옛날,소민,소민,0,,,,,,,,,,,,,,
오가리,소민,소민,0,,,,,,,,,,,,,,
오거,소민,소민,0,,,,,,,,,,,,,,
오기,소민,소민,0,,,,,,,,,,,,,,
오냐,소민,소민,0,,,,,,,,,,,,,,
오늘,소민,소민,0,,,,,,,,,,,,,,
오늘이,소민,소민,0,,,,,,,,,,,,,,
오니,소민,소민,0,,,,,,,,,,,,,,
오뎅,소민,소민,0,,,,,,,,,,,,,,
오든,소민,소민,0,,,,,,,,,,,,,,
오디션,소민,소민,0,,,,,,,,,,,,,,
오뚜기,소민,소민,0,,,,,,,,,,,,,,
오래오래,소민,소민,0,,,,,,,,,,,,,,
오랬다,소민,소민,0,,,,,,,,,,,,,,
오렌지,소민,소민,0,,,,,,,,,,,,,,
오른,소민,소민,0,,,,,,,,,,,,,,
오름,소민,소민,0,,,,,,,,,,,,,,
오리,소민,소민,2,,,,,,,,,,,,,,
오마이갓,소민,소민,0,,,,,,,,,,,,,,
오몀좋,소민,소민,0,,,,,,,,,,,,,,
오문,소민,소민,0,,,,,,,,,,,,,,
오믈,소민,소민,0,,,,,,,,,,,,,,
오미자,소민,소민,0,,,,,,,,,,,,,,
오발탄,소민,소민,0,,,,,,,,,,,,,,
오분,소민,소민,0,,,,,,,,,,,,,,
오빠,소민,소민,0,,,,,,,,,,,,,,
오산,소민,소민,0,,,,,,,,,,,,,,
오성,소민,소민,0,,,,,,,,,,,,,,
오셧으,소민,소민,0,,,,,,,,,,,,,,
오스,소민,소민,0,,,,,,,,,,,,,,
오시,소민,소민,0,,,,,,,,,,,,,,
오신,소민,소민,0,,,,,,,,,,,,,,
오심,소민,소민,0,,,,,,,,,,,,,,
오오오,소민,소민,0,,,,,,,,,,,,,,
오이,소민,소민,0,,,,,,,,,,,,,,
오일,소민,소민,0,,,,,,,,,,,,,,
오일이,소민,소민,0,,,,,,,,,,,,,,
오자,소민,소민,0,,,,,,,,,,,,,,
오전,소민,소민,0,,,,,,,,,,,,,,
오줌,소민,소민,0,,,,,,,,,,,,,,
오지,소민,소민,0,,,,,,,,,,,,,,
오직,소민,소민,0,,,,,,,,,,,,,,
오징어,소민,소민,0,,,,,,,,,,,,,,
오차즈케,소민,소민,0,,,,,,,,,,,,,,
오천원,소민,소민,0,,,,,,,,,,,,,,
오파,소민,소민,0,,,,,,,,,,,,,,
오픈,소민,소민,0,,,,,,,,,,,,,,
오픈런,소민,소민,0,,,,,,,,,,,,,,
오해,소민,소민,0,,,,,,,,,,,,,,
오향,소민,소민,0,,,,,,,,,,,,,,
오후,소민,소민,0,,,,,,,,,,,,,,
오히려,소민,소민,0,,,,,,,,,,,,,,
옥동,소민,소민,0,,,,,,,,,,,,,,
옥보단,소민,소민,0,,,,,,,,,,,,,,
옥수수,소민,소민,0,,,,,,,,,,,,,,
온갖,소민,소민,0,,,,,,,,,,,,,,
온건,소민,소민,0,,,,,,,,,,,,,,
온기,소민,소민,0,,,,,,,,,,,,,,
온대,소민,소민,0,,,,,,,,,,,,,,
온도,소민,소민,0,,,,,,,,,,,,,,
온라인,소민,소민,0,,,,,,,,,,,,,,
온통,소민,소민,0,,,,,,,,,,,,,,
올게욤,소민,소민,0,,,,,,,,,,,,,,
올때므,소민,소민,0,,,,,,,,,,,,,,
올랏지,소민,소민,0,,,,,,,,,,,,,,
올리브,소민,소민,0,,,,,,,,,,,,,,
올리브영,소민,소민,0,,,,,,,,,,,,,,
올리브유,소민,소민,0,,,,,,,,,,,,,,
올림픽경기,소민,소민,0,,,,,,,,,,,,,,
올여름,소민,소민,0,,,,,,,,,,,,,,
올인,소민,소민,0,,,,,,,,,,,,,,
올해,소민,소민,0,,,,,,,,,,,,,,
옴총,소민,소민,0,,,,,,,,,,,,,,
옵션,소민,소민,0,,,,,,,,,,,,,,
옹기종기,소민,소민,0,,,,,,,,,,,,,,
와글,소민,소민,0,,,,,,,,,,,,,,
와사비,소민,소민,0,,,,,,,,,,,,,,
와우,소민,소민,0,,,,,,,,,,,,,,
와이프,소민,소민,0,,,,,,,,,,,,,,
와인,소민,소민,0,,,,,,,,,,,,,,
와일드,소민,소민,0,,,,,,,,,,,,,,
와중,소민,소민,0,,,,,,,,,,,,,,
왁자버끌하,소민,소민,0,,,,,,,,,,,,,,
완냉,소민,소민,0,,,,,,,,,,,,,,
완냉못함,소민,소민,0,,,,,,,,,,,,,,
완뚝,소민,소민,0,,,,,,,,,,,,,,
완뚝이,소민,소민,0,,,,,,,,,,,,,,
완료,소민,소민,0,,,,,,,,,,,,,,
완맛입니,소민,소민,2,,,,,,,,,,,,,,
완맛탱,소민,소민,2,,,,,,,,,,,,,,
완밥,소민,소민,0,,,,,,,,,,,,,,
완벽,소민,소민,2,,,,,,,,,,,,,,
완비,소민,소민,0,,,,,,,,,,,,,,
완성,소민,소민,0,,,,,,,,,,,,,,
완성형,소민,소민,0,,,,,,,,,,,,,,
완전,소민,소민,1.4,,,,,,,,,,,,,,
완젼,소민,소민,1.4,,,,,,,,,,,,,,
완조,소민,소민,0,,,,,,,,,,,,,,
완존,소민,소민,1.4,,,,,,,,,,,,,,
완죤,소민,소민,1.4,,,,,,,,,,,,,,
완쾌,소민,소민,0,,,,,,,,,,,,,,
완탕,소민,소민,0,,,,,,,,,,,,,,
왈왈,소민,소민,0,,,,,,,,,,,,,,
왐마,소민,소민,0,,,,,,,,,,,,,,
왓는데,소민,소민,0,,,,,,,,,,,,,,
왓다,소민,소민,0,,,,,,,,,,,,,,
왓다갓다,소민,소민,0,,,,,,,,,,,,,,
왓습,소민,소민,0,,,,,,,,,,,,,,
왓어염,소민,소민,0,,,,,,,,,,,,,,
왔댜,소민,소민,0,,,,,,,,,,,,,,
왔숩니,소민,소민,0,,,,,,,,,,,,,,
왔어욤,소민,소민,0,,,,,,,,,,,,,,
왕맛,소민,소민,2,,,,,,,,,,,,,,
왕사,소민,소민,0,,,,,,,,,,,,,,
왕십리,소민,소민,0,,,,,,,,,,,,,,
왕왕,소민,소민,0,,,,,,,,,,,,,,
왕창,소민,소민,1.2,,,,,,,,,,,,,,
왕추,소민,소민,0,,,,,,,,,,,,,,
왜냐면,소민,소민,0,,,,,,,,,,,,,,
왜인,소민,소민,0,,,,,,,,,,,,,,
외곽,소민,소민,0,,,,,,,,,,,,,,
외관,소민,소민,0,,,,,,,,,,,,,,
외국,소민,소민,0,,,,,,,,,,,,,,
외국인,소민,소민,0,,,,,,,,,,,,,,
외길,소민,소민,0,,,,,,,,,,,,,,
외보,소민,소민,0,,,,,,,,,,,,,,
외볼,소민,소민,0,,,,,,,,,,,,,,
외부,소민,소민,0,,,,,,,,,,,,,,
외식,소민,소민,0,,,,,,,,,,,,,,
외출,소민,소민,0,,,,,,,,,,,,,,
외치,소민,소민,0,,,,,,,,,,,,,,
외투,소민,소민,0,,,,,,,,,,,,,,
왼쪽,소민,소민,0,,,,,,,,,,,,,,
요거트,소민,소민,0,,,,,,,,,,,,,,
요건,소민,소민,0,,,,,,,,,,,,,,
요것,소민,소민,0,,,,,,,,,,,,,,
요구,소민,소민,0,,,,,,,,,,,,,,
요금,소민,소민,0,,,,,,,,,,,,,,
요기,소민,소민,0,,,,,,,,,,,,,,
요긴,소민,소민,0,,,,,,,,,,,,,,
요런,소민,소민,0,,,,,,,,,,,,,,
요롷,소민,소민,0,,,,,,,,,,,,,,
요리,소민,소민,0,,,,,,,,,,,,,,
요리사,소민,소민,0,,,,,,,,,,,,,,
요물,소민,소민,0,,,,,,,,,,,,,,
요미,소민,소민,0,,,,,,,,,,,,,,
요새,소민,소민,0,,,,,,,,,,,,,,
요소,소민,소민,0,,,,,,,,,,,,,,
요식업,소민,소민,0,,,,,,,,,,,,,,
요요,소민,소민,0,,,,,,,,,,,,,,
요일,소민,소민,0,,,,,,,,,,,,,,
요즘,소민,소민,0,,,,,,,,,,,,,,
요청,소민,소민,0,,,,,,,,,,,,,,
요행,소민,소민,0,,,,,,,,,,,,,,
욕설,소민,소민,0,,,,,,,,,,,,,,
욕심,소민,소민,0,,,,,,,,,,,,,,
용기,소민,소민,0,,,,,,,,,,,,,,
용도,소민,소민,0,,,,,,,,,,,,,,
용법,소민,소민,0,,,,,,,,,,,,,,
용산,소민,소민,0,,,,,,,,,,,,,,
용서,소민,소민,0,,,,,,,,,,,,,,
용소,소민,소민,0,,,,,,,,,,,,,,
용이,소민,소민,0,,,,,,,,,,,,,,
우거지,소민,소민,0,,,,,,,,,,,,,,
우대,소민,소민,0,,,,,,,,,,,,,,
우동,소민,소민,0,,,,,,,,,,,,,,
우러,소민,소민,0,,,,,,,,,,,,,,
우러나,소민,소민,0,,,,,,,,,,,,,,
우레,소민,소민,0,,,,,,,,,,,,,,
우려,소민,소민,0,,,,,,,,,,,,,,
우리,소민,소민,2,,,,,,,,,,,,,,
우리나라,소민,소민,0,,,,,,,,,,,,,,
우리동네,소민,소민,0,,,,,,,,,,,,,,
우린,소민,소민,0,,,,,,,,,,,,,,
우마,소민,소민,0,,,,,,,,,,,,,,
우삼겹,소민,소민,0,,,,,,,,,,,,,,
우선,소민,소민,0,,,,,,,,,,,,,,
우세,소민,소민,0,,,,,,,,,,,,,,
우소,소민,소민,0,,,,,,,,,,,,,,
우여곡절,소민,소민,0,,,,,,,,,,,,,,
우연,소민,소민,0,,,,,,,,,,,,,,
우연찮,소민,소민,0,,,,,,,,,,,,,,
우열,소민,소민,0,,,,,,,,,,,,,,
우왕좌왕,소민,소민,0,,,,,,,,,,,,,,
우욱,소민,소민,0,,,,,,,,,,,,,,
우울증,소민,소민,0,,,,,,,,,,,,,,
우웩,소민,소민,0,,,,,,,,,,,,,,
우유,소민,소민,0,,,,,,,,,,,,,,
우전,소민,소민,0,,,,,,,,,,,,,,
우정,소민,소민,0,,,,,,,,,,,,,,
우파,소민,소민,0,,,,,,,,,,,,,,
우하하,소민,소민,0,,,,,,,,,,,,,,
우회,소민,소민,0,,,,,,,,,,,,,,
욱여넣,소민,소민,0,,,,,,,,,,,,,,
운동,소민,소민,0,,,,,,,,,,,,,,
운빨,소민,소민,0,,,,,,,,,,,,,,
운영,소민,소민,0,,,,,,,,,,,,,,
운용,소민,소민,0,,,,,,,,,,,,,,
운전,소민,소민,0,,,,,,,,,,,,,,
운행,소민,소민,0,,,,,,,,,,,,,,
울면,소민,소민,0,,,,,,,,,,,,,,
움직,소민,소민,0,,,,,,,,,,,,,,
웁스,소민,소민,0,,,,,,,,,,,,,,
웃기,소민,소민,0,,,,,,,,,,,,,,
웃음,소민,소민,0,,,,,,,,,,,,,,
웅장,소민,소민,0,,,,,,,,,,,,,,
워낙,소민,소민,0,,,,,,,,,,,,,,
워리어,소민,소민,0,,,,,,,,,,,,,,
워밍,소민,소민,0,,,,,,,,,,,,,,
워터,소민,소민,0,,,,,,,,,,,,,,
워프,소민,소민,0,,,,,,,,,,,,,,
원격,소민,소민,0,,,,,,,,,,,,,,
원격웨이팅,소민,소민,0,,,,,,,,,,,,,,
원기,소민,소민,0,,,,,,,,,,,,,,
원래,소민,소민,0,,,,,,,,,,,,,,
원망,소민,소민,-2,,,,,,,,,,,,,,
원산지,소민,소민,1,,,,,,,,,,,,,,
원숭이,소민,소민,0,,,,,,,,,,,,,,
원인,소민,소민,0,,,,,,,,,,,,,,
원일,소민,소민,0,,,,,,,,,,,,,,
원조,소민,소민,0,,,,,,,,,,,,,,
원주고,소민,소민,0,,,,,,,,,,,,,,
원칙,소민,소민,0,,,,,,,,,,,,,,
원픽,소민,소민,1,,,,,,,,,,,,,,
월강,소민,소민,0,,,,,,,,,,,,,,
월계수,소민,소민,0,,,,,,,,,,,,,,
월세,소민,소민,0,,,,,,,,,,,,,,
월요일,소민,소민,0,,,,,,,,,,,,,,
월욜,소민,소민,0,,,,,,,,,,,,,,
웠습,소민,소민,0,,,,,,,,,,,,,,
웨어,소민,소민,0,,,,,,,,,,,,,,
웨이,소민,소민,0,,,,,,,,,,,,,,
웨이팅,소민,소민,0,,,,,,,,,,,,,,
웨이팅많,소민,소민,0,,,,,,,,,,,,,,
웨이팅할까,소민,소민,0,,,,,,,,,,,,,,
웬걸,소민,소민,0,,,,,,,,,,,,,,
위기,소민,소민,0,,,,,,,,,,,,,,
위너,소민,소민,0,,,,,,,,,,,,,,
위로,소민,소민,0,,,,,,,,,,,,,,
위생,소민,소민,0,,,,,,,,,,,,,,
위스키,소민,소민,0,,,,,,,,,,,,,,
위압,소민,소민,0,,,,,,,,,,,,,,
위인,소민,소민,0,,,,,,,,,,,,,,
위장,소민,소민,0,,,,,,,,,,,,,,
위주,소민,소민,0,,,,,,,,,,,,,,
위치,소민,소민,0,,,,,,,,,,,,,,
위해,소민,소민,0,,,,,,,,,,,,,,
윗쪽,소민,소민,0,,,,,,,,,,,,,,
유가,소민,소민,0,,,,,,,,,,,,,,
유경,소민,소민,0,,,,,,,,,,,,,,
유기,소민,소민,0,,,,,,,,,,,,,,
유기농,소민,소민,0,,,,,,,,,,,,,,
유니크,소민,소민,0,,,,,,,,,,,,,,
유도,소민,소민,0,,,,,,,,,,,,,,
유독,소민,소민,0,,,,,,,,,,,,,,
유럽인,소민,소민,0,,,,,,,,,,,,,,
유료,소민,소민,0,,,,,,,,,,,,,,
유리,소민,소민,0,,,,,,,,,,,,,,
유명,소민,소민,0,,,,,,,,,,,,,,
유명인,소민,소민,0,,,,,,,,,,,,,,
유모차,소민,소민,0,,,,,,,,,,,,,,
유무,소민,소민,0,,,,,,,,,,,,,,
유분수,소민,소민,0,,,,,,,,,,,,,,
유사,소민,소민,0,,,,,,,,,,,,,,
유수지,소민,소민,0,,,,,,,,,,,,,,
유아,소민,소민,0,,,,,,,,,,,,,,
유재석,소민,소민,0,,,,,,,,,,,,,,
유지,소민,소민,0,,,,,,,,,,,,,,
유투,소민,소민,0,,,,,,,,,,,,,,
유투브,소민,소민,0,,,,,,,,,,,,,,
유튜버,소민,소민,0,,,,,,,,,,,,,,
유튜브,소민,소민,0,,,,,,,,,,,,,,
유행,소민,소민,0,,,,,,,,,,,,,,
유혹,소민,소민,0,,,,,,,,,,,,,,
육각형,소민,소민,0,,,,,,,,,,,,,,
육류,소민,소민,0,,,,,,,,,,,,,,
육수,소민,소민,0,,,,,,,,,,,,,,
육전,소민,소민,0,,,,,,,,,,,,,,
육즙,소민,소민,0,,,,,,,,,,,,,,
육지,소민,소민,0,,,,,,,,,,,,,,
육질,소민,소민,0,,,,,,,,,,,,,,
육회,소민,소민,0,,,,,,,,,,,,,,
윤기,소민,소민,0,,,,,,,,,,,,,,
윤끼,소민,소민,0,,,,,,,,,,,,,,
율도,소민,소민,0,,,,,,,,,,,,,,
율숲,소민,소민,0,,,,,,,,,,,,,,
융합,소민,소민,0,,,,,,,,,,,,,,
으뜸,소민,소민,0,,,,,,,,,,,,,,
으루,소민,소민,0,,,,,,,,,,,,,,
으쓱,소민,소민,0,,,,,,,,,,,,,,
은근,소민,소민,0,,,,,,,,,,,,,,
은색,소민,소민,0,,,,,,,,,,,,,,
은줄,소민,소민,0,,,,,,,,,,,,,,
은지,소민,소민,0,,,,,,,,,,,,,,
은진,소민,소민,0,,,,,,,,,,,,,,
은피,소민,소민,0,,,,,,,,,,,,,,
은하계,소민,소민,0,,,,,,,,,,,,,,
을미,소민,소민,0,,,,,,,,,,,,,,
을밀대,소민,소민,0,,,,,,,,,,,,,,
을지로,소민,소민,0,,,,,,,,,,,,,,
을해,소민,소민,0,,,,,,,,,,,,,,
음료,소민,소민,0,,,,,,,,,,,,,,
음료수,소민,소민,0,,,,,,,,,,,,,,
음미,소민,소민,0,,,,,,,,,,,,,,
음성,소민,소민,0,,,,,,,,,,,,,,
음식,소민,소민,0,,,,,,,,,,,,,,
음식물,소민,소민,0,,,,,,,,,,,,,,
음식사진,소민,소민,0,,,,,,,,,,,,,,
음식점,소민,소민,0,,,,,,,,,,,,,,
음악,소민,소민,0,,,,,,,,,,,,,,
음청,소민,소민,0,,,,,,,,,,,,,,
읍니,소민,소민,0,,,,,,,,,,,,,,
응대,소민,소민,0,,,,,,,,,,,,,,
응원,소민,소민,0,,,,,,,,,,,,,,
의견,소민,소민,0,,,,,,,,,,,,,,
의기,소민,소민,0,,,,,,,,,,,,,,
의도,소민,소민,0,,,,,,,,,,,,,,
의무,소민,소민,0,,,,,,,,,,,,,,
의문,소민,소민,0,,,,,,,,,,,,,,
의미,소민,소민,0,,,,,,,,,,,,,,
의비,소민,소민,0,,,,,,,,,,,,,,
의사,소민,소민,0,,,,,,,,,,,,,,
의사소통,소민,소민,0,,,,,,,,,,,,,,
의심,소민,소민,0,,,,,,,,,,,,,,
의아,소민,소민,0,,,,,,,,,,,,,,
의외,소민,소민,0,,,,,,,,,,,,,,
의원,소민,소민,0,,,,,,,,,,,,,,
의의,소민,소민,0,,,,,,,,,,,,,,
의자,소민,소민,0,,,,,,,,,,,,,,
의정부,소민,소민,0,,,,,,,,,,,,,,
의조,소민,소민,0,,,,,,,,,,,,,,
의향,소민,소민,0,,,,,,,,,,,,,,
이간,소민,소민,0,,,,,,,,,,,,,,
이감,소민,소민,0,,,,,,,,,,,,,,
이구,소민,소민,0,,,,,,,,,,,,,,
이군,소민,소민,0,,,,,,,,,,,,,,
이글,소민,소민,0,,,,,,,,,,,,,,
이기,소민,소민,0,,,,,,,,,,,,,,
이나,소민,소민,0,,,,,,,,,,,,,,
이내,소민,소민,0,,,,,,,,,,,,,,
이늑,소민,소민,0,,,,,,,,,,,,,,
이닌듯,소민,소민,0,,,,,,,,,,,,,,
이대,소민,소민,0,,,,,,,,,,,,,,
이도,소민,소민,0,,,,,,,,,,,,,,
이돈,소민,소민,0,,,,,,,,,,,,,,
이동,소민,소민,0,,,,,,,,,,,,,,
이드,소민,소민,0,,,,,,,,,,,,,,
이득,소민,소민,0,,,,,,,,,,,,,,
이듭,소민,소민,0,,,,,,,,,,,,,,
이디야,소민,소민,0,,,,,,,,,,,,,,
이따,소민,소민,0,,,,,,,,,,,,,,
이란,소민,소민,0,,,,,,,,,,,,,,
이랗,소민,소민,0,,,,,,,,,,,,,,
이뤃,소민,소민,0,,,,,,,,,,,,,,
이름,소민,소민,0,,,,,,,,,,,,,,
이마트,소민,소민,0,,,,,,,,,,,,,,
이만,소민,소민,0,,,,,,,,,,,,,,
이만원,소민,소민,0,,,,,,,,,,,,,,
이만이천원,소민,소민,0,,,,,,,,,,,,,,
이면,소민,소민,0,,,,,,,,,,,,,,
이모,소민,소민,0,,,,,,,,,,,,,,
이미지,소민,소민,0,,,,,,,,,,,,,,
이번,소민,소민,0,,,,,,,,,,,,,,
이벤트,소민,소민,0,,,,,,,,,,,,,,
이보,소민,소민,0,,,,,,,,,,,,,,
이분,소민,소민,0,,,,,,,,,,,,,,
이불,소민,소민,0,,,,,,,,,,,,,,
이빨,소민,소민,0,,,,,,,,,,,,,,
이사,소민,소민,0,,,,,,,,,,,,,,
이사오,소민,소민,0,,,,,,,,,,,,,,
이산,소민,소민,0,,,,,,,,,,,,,,
이상,소민,소민,0,,,,,,,,,,,,,,
이상만,소민,소민,0,,,,,,,,,,,,,,
이상은,소민,소민,0,,,,,,,,,,,,,,
이상인,소민,소민,0,,,,,,,,,,,,,,
이색,소민,소민,0,,,,,,,,,,,,,,
이서,소민,소민,0,,,,,,,,,,,,,,
이선,소민,소민,0,,,,,,,,,,,,,,
이세,소민,소민,0,,,,,,,,,,,,,,
이슈,소민,소민,0,,,,,,,,,,,,,,
이슬,소민,소민,0,,,,,,,,,,,,,,
이신,소민,소민,0,,,,,,,,,,,,,,
이심,소민,소민,0,,,,,,,,,,,,,,
이야기,소민,소민,0,,,,,,,,,,,,,,
이어도,소민,소민,0,,,,,,,,,,,,,,
이엠,소민,소민,0,,,,,,,,,,,,,,
이영지,소민,소민,0,,,,,,,,,,,,,,
이예,소민,소민,0,,,,,,,,,,,,,,
이오,소민,소민,0,,,,,,,,,,,,,,
이왕이면,소민,소민,0,,,,,,,,,,,,,,
이용,소민,소민,0,,,,,,,,,,,,,,
이웃집,소민,소민,0,,,,,,,,,,,,,,
이유,소민,소민,0,,,,,,,,,,,,,,
이율,소민,소민,0,,,,,,,,,,,,,,
이인,소민,소민,0,,,,,,,,,,,,,,
이입,소민,소민,0,,,,,,,,,,,,,,
이자,소민,소민,0,,,,,,,,,,,,,,
이자카야,소민,소민,0,,,,,,,,,,,,,,
이전,소민,소민,0,,,,,,,,,,,,,,
이정,소민,소민,0,,,,,,,,,,,,,,
이정식,소민,소민,0,,,,,,,,,,,,,,
이제,소민,소민,0,,,,,,,,,,,,,,
이제야,소민,소민,0,,,,,,,,,,,,,,
이주,소민,소민,0,,,,,,,,,,,,,,
이주승,소민,소민,0,,,,,,,,,,,,,,
이중,소민,소민,0,,,,,,,,,,,,,,
이즈,소민,소민,0,,,,,,,,,,,,,,
이지,소민,소민,0,,,,,,,,,,,,,,
이지영,소민,소민,0,,,,,,,,,,,,,,
이진,소민,소민,0,,,,,,,,,,,,,,
이집,소민,소민,0,,,,,,,,,,,,,,
이징,소민,소민,0,,,,,,,,,,,,,,
이차,소민,소민,0,,,,,,,,,,,,,,
이착륙,소민,소민,0,,,,,,,,,,,,,,
이채,소민,소민,0,,,,,,,,,,,,,,
이천원,소민,소민,0,,,,,,,,,,,,,,
이체,소민,소민,0,,,,,,,,,,,,,,
이태리,소민,소민,0,,,,,,,,,,,,,,
이틀,소민,소민,0,,,,,,,,,,,,,,
이하,소민,소민,0,,,,,,,,,,,,,,
이하나,소민,소민,0,,,,,,,,,,,,,,
이해,소민,소민,0,,,,,,,,,,,,,,
이형,소민,소민,0,,,,,,,,,,,,,,
이후,소민,소민,0,,,,,,,,,,,,,,
익숙,소민,소민,0,,,,,,,,,,,,,,
익음,소민,소민,0,,,,,,,,,,,,,,
읶얶는데,소민,소민,0,,,,,,,,,,,,,,
인간,소민,소민,0,,,,,,,,,,,,,,
인간미,소민,소민,0,,,,,,,,,,,,,,
인건비,소민,소민,0,,,,,,,,,,,,,,
인과,소민,소민,0,,,,,,,,,,,,,,
인근,소민,소민,0,,,,,,,,,,,,,,
인기,소민,소민,0,,,,,,,,,,,,,,
인대,소민,소민,0,,,,,,,,,,,,,,
인도,소민,소민,0,,,,,,,,,,,,,,
인도네시아,소민,소민,0,,,,,,,,,,,,,,
인디밴드,소민,소민,0,,,,,,,,,,,,,,
인력,소민,소민,0,,,,,,,,,,,,,,
인별,소민,소민,0,,,,,,,,,,,,,,
인분,소민,소민,0,,,,,,,,,,,,,,
인사,소민,소민,0,,,,,,,,,,,,,,
인산인해,소민,소민,0,,,,,,,,,,,,,,
인상,소민,소민,0,,,,,,,,,,,,,,
인생,소민,소민,0,,,,,,,,,,,,,,
인석,소민,소민,0,,,,,,,,,,,,,,
인성,소민,소민,0,,,,,,,,,,,,,,
인수,소민,소민,0,,,,,,,,,,,,,,
인스타,소민,소민,0,,,,,,,,,,,,,,
인시,소민,소민,0,,,,,,,,,,,,,,
인식,소민,소민,0,,,,,,,,,,,,,,
인심,소민,소민,0,,,,,,,,,,,,,,
인용,소민,소민,0,,,,,,,,,,,,,,
인원,소민,소민,0,,,,,,,,,,,,,,
인위,소민,소민,0,,,,,,,,,,,,,,
인장,소민,소민,0,,,,,,,,,,,,,,
인적,소민,소민,0,,,,,,,,,,,,,,
인절미,소민,소민,0,,,,,,,,,,,,,,
인정,소민,소민,0,,,,,,,,,,,,,,
인정식,소민,소민,0,,,,,,,,,,,,,,
인정이,소민,소민,0,,,,,,,,,,,,,,
인증,소민,소민,0,,,,,,,,,,,,,,
인지,소민,소민,0,,,,,,,,,,,,,,
인지도,소민,소민,0,,,,,,,,,,,,,,
인천,소민,소민,0,,,,,,,,,,,,,,
인충,소민,소민,0,,,,,,,,,,,,,,
인칭,소민,소민,0,,,,,,,,,,,,,,
인터넷,소민,소민,0,,,,,,,,,,,,,,
인테리어,소민,소민,0,,,,,,,,,,,,,,
인팀,소민,소민,0,,,,,,,,,,,,,,
인평,소민,소민,0,,,,,,,,,,,,,,
일가견,소민,소민,0,,,,,,,,,,,,,,
일관,소민,소민,0,,,,,,,,,,,,,,
일단,소민,소민,0,,,,,,,,,,,,,,
일대,소민,소민,0,,,,,,,,,,,,,,
일도,소민,소민,0,,,,,,,,,,,,,,
일드,소민,소민,0,,,,,,,,,,,,,,
일등,소민,소민,0,,,,,,,,,,,,,,
일루,소민,소민,0,,,,,,,,,,,,,,
일리,소민,소민,0,,,,,,,,,,,,,,
일미,소민,소민,0,,,,,,,,,,,,,,
일반,소민,소민,0,,,,,,,,,,,,,,
일반도,소민,소민,0,,,,,,,,,,,,,,
일본,소민,소민,0,,,,,,,,,,,,,,
일본사람,소민,소민,0,,,,,,,,,,,,,,
일본인,소민,소민,0,,,,,,,,,,,,,,
일부,소민,소민,0,,,,,,,,,,,,,,
일부러,소민,소민,0,,,,,,,,,,,,,,
일부분,소민,소민,0,,,,,,,,,,,,,,
일산,소민,소민,0,,,,,,,,,,,,,,
일상,소민,소민,0,,,,,,,,,,,,,,
일시,소민,소민,0,,,,,,,,,,,,,,
일식,소민,소민,0,,,,,,,,,,,,,,
일식집,소민,소민,0,,,,,,,,,,,,,,
일오,소민,소민,0,,,,,,,,,,,,,,
일요일,소민,소민,0,,,,,,,,,,,,,,
일욜,소민,소민,0,,,,,,,,,,,,,,
일이,소민,소민,0,,,,,,,,,,,,,,
일이구,소민,소민,0,,,,,,,,,,,,,,
일인,소민,소민,0,,,,,,,,,,,,,,
일일,소민,소민,0,,,,,,,,,,,,,,
일일이,소민,소민,0,,,,,,,,,,,,,,
일전,소민,소민,0,,,,,,,,,,,,,,
일절,소민,소민,0,,,,,,,,,,,,,,
일정,소민,소민,0,,,,,,,,,,,,,,
일주일,소민,소민,0,,,,,,,,,,,,,,
일지,소민,소민,0,,,,,,,,,,,,,,
일찍,소민,소민,0,,,,,,,,,,,,,,
일차,소민,소민,0,,,,,,,,,,,,,,
일품,소민,소민,2,,,,,,,,,,,,,,
일행,소민,소민,0,,,,,,,,,,,,,,
일회용,소민,소민,0,,,,,,,,,,,,,,
임박,소민,소민,0,,,,,,,,,,,,,,
임산부,소민,소민,0,,,,,,,,,,,,,,
임신,소민,소민,0,,,,,,,,,,,,,,
임영웅,소민,소민,0,,,,,,,,,,,,,,
임원,소민,소민,0,,,,,,,,,,,,,,
임이도,소민,소민,0,,,,,,,,,,,,,,
임자,소민,소민,0,,,,,,,,,,,,,,
임차,소민,소민,0,,,,,,,,,,,,,,
임팩,소민,소민,0,,,,,,,,,,,,,,
임팩트,소민,소민,0,,,,,,,,,,,,,,
입가,소민,소민,0,,,,,,,,,,,,,,
입가심,소민,소민,0,,,,,,,,,,,,,,
입구,소민,소민,0,,,,,,,,,,,,,,
입국,소민,소민,0,,,,,,,,,,,,,,
입대,소민,소민,0,,,,,,,,,,,,,,
입도,소민,소민,0,,,,,,,,,,,,,,
입맛,소민,소민,0,,,,,,,,,,,,,,
입문,소민,소민,0,,,,,,,,,,,,,,
입성,소민,소민,0,,,,,,,,,,,,,,
입속,소민,소민,0,,,,,,,,,,,,,,
입술,소민,소민,0,,,,,,,,,,,,,,
입안,소민,소민,0,,,,,,,,,,,,,,
입장,소민,소민,0,,,,,,,,,,,,,,
입지,소민,소민,0,,,,,,,,,,,,,,
입하,소민,소민,0,,,,,,,,,,,,,,
있슴,소민,소민,0,,,,,,,,,,,,,,
있었름,소민,소민,0,,,,,,,,,,,,,,
자갈,소민,소민,0,,,,,,,,,,,,,,
자고,소민,소민,0,,,,,,,,,,,,,,
자고로,소민,소민,0,,,,,,,,,,,,,,
자국,소민,소민,0,,,,,,,,,,,,,,
자극,소민,소민,-1,,,,,,,,,,,,,,
자기,소민,소민,0,,,,,,,,,,,,,,
자꾸,소민,소민,1.4,,,,,,,,,,,,,,
자꾸만,소민,소민,0,,,,,,,,,,,,,,
자도,소민,소민,0,,,,,,,,,,,,,,
자동,소민,소민,0,,,,,,,,,,,,,,
자동화,소민,소민,0,,,,,,,,,,,,,,
자라,소민,소민,0,,,,,,,,,,,,,,
자락,소민,소민,0,,,,,,,,,,,,,,
자랑,소민,소민,0,,,,,,,,,,,,,,
자로,소민,소민,0,,,,,,,,,,,,,,
자루,소민,소민,0,,,,,,,,,,,,,,
자리,소민,소민,0,,,,,,,,,,,,,,
자릿수,소민,소민,0,,,,,,,,,,,,,,
자마자,소민,소민,0,,,,,,,,,,,,,,
자매,소민,소민,0,,,,,,,,,,,,,,
자몽,소민,소민,0,,,,,,,,,,,,,,
자발,소민,소민,0,,,,,,,,,,,,,,
자부,소민,소민,0,,,,,,,,,,,,,,
자부심,소민,소민,0,,,,,,,,,,,,,,
자비,소민,소민,0,,,,,,,,,,,,,,
자세,소민,소민,0,,,,,,,,,,,,,,
자숙,소민,소민,0,,,,,,,,,,,,,,
자식,소민,소민,0,,,,,,,,,,,,,,
자신,소민,소민,0,,,,,,,,,,,,,,
자알,소민,소민,0,,,,,,,,,,,,,,
자연,소민,소민,0,,,,,,,,,,,,,,
자유로,소민,소민,0,,,,,,,,,,,,,,
자의,소민,소민,0,,,,,,,,,,,,,,
자재,소민,소민,0,,,,,,,,,,,,,,
자전거,소민,소민,0,,,,,,,,,,,,,,
자존심,소민,소민,0,,,,,,,,,,,,,,
자주,소민,소민,0,,,,,,,,,,,,,,
자차,소민,소민,0,,,,,,,,,,,,,,
자체,소민,소민,0,,,,,,,,,,,,,,
자칫,소민,소민,0,,,,,,,,,,,,,,
자칫하면,소민,소민,0,,,,,,,,,,,,,,
자타공인,소민,소민,0,,,,,,,,,,,,,,
자태,소민,소민,0,,,,,,,,,,,,,,
자투리,소민,소민,0,,,,,,,,,,,,,,
작가,소민,소민,0,,,,,,,,,,,,,,
작고,소민,소민,0,,,,,,,,,,,,,,
작년,소민,소민,0,,,,,,,,,,,,,,
작성,소민,소민,0,,,,,,,,,,,,,,
작성자,소민,소민,0,,,,,,,,,,,,,,
작용,소민,소민,0,,,,,,,,,,,,,,
작자,소민,소민,0,,,,,,,,,,,,,,
작전,소민,소민,0,,,,,,,,,,,,,,
잔득,소민,소민,0,,,,,,,,,,,,,,
잔뜩,소민,소민,0,,,,,,,,,,,,,,
잔반,소민,소민,0,,,,,,,,,,,,,,
잔소리,소민,소민,0,,,,,,,,,,,,,,
잔술,소민,소민,0,,,,,,,,,,,,,,
잔치,소민,소민,0,,,,,,,,,,,,,,
잘먹슺니,소민,소민,0,,,,,,,,,,,,,,
잘먹엇습니,소민,소민,0,,,,,,,,,,,,,,
잘먹엇어,소민,소민,0,,,,,,,,,,,,,,
잘못,소민,소민,0,,,,,,,,,,,,,,
잘해야,소민,소민,0,,,,,,,,,,,,,,
잠깐,소민,소민,0,,,,,,,,,,,,,,
잠시,소민,소민,0,,,,,,,,,,,,,,
잠실,소민,소민,0,,,,,,,,,,,,,,
잠심,소민,소민,0,,,,,,,,,,,,,,
잡고,소민,소민,0,,,,,,,,,,,,,,
잡담,소민,소민,0,,,,,,,,,,,,,,
잡식,소민,소민,0,,,,,,,,,,,,,,
잡채,소민,소민,0,,,,,,,,,,,,,,
장갑,소민,소민,0,,,,,,,,,,,,,,
장난,소민,소민,0,,,,,,,,,,,,,,
장님,소민,소민,0,,,,,,,,,,,,,,
장닝,소민,소민,0,,,,,,,,,,,,,,
장담,소민,소민,0,,,,,,,,,,,,,,
장만,소민,소민,0,,,,,,,,,,,,,,
장모님,소민,소민,0,,,,,,,,,,,,,,
장벽,소민,소민,0,,,,,,,,,,,,,,
장부,소민,소민,0,,,,,,,,,,,,,,
장사,소민,소민,0,,,,,,,,,,,,,,
장소,소민,소민,0,,,,,,,,,,,,,,
장소라,소민,소민,0,,,,,,,,,,,,,,
장수,소민,소민,0,,,,,,,,,,,,,,
장아찌,소민,소민,0,,,,,,,,,,,,,,
장안,소민,소민,0,,,,,,,,,,,,,,
장염,소민,소민,0,,,,,,,,,,,,,,
장위,소민,소민,0,,,,,,,,,,,,,,
장인,소민,소민,0,,,,,,,,,,,,,,
장인어른,소민,소민,0,,,,,,,,,,,,,,
장임,소민,소민,0,,,,,,,,,,,,,,
장점,소민,소민,0,,,,,,,,,,,,,,
장제,소민,소민,0,,,,,,,,,,,,,,
장조림,소민,소민,0,,,,,,,,,,,,,,
장창,소민,소민,0,,,,,,,,,,,,,,
장첸,소민,소민,0,,,,,,,,,,,,,,
장충,소민,소민,0,,,,,,,,,,,,,,
장충동,소민,소민,0,,,,,,,,,,,,,,
장탕,소민,소민,0,,,,,,,,,,,,,,
장통,소민,소민,0,,,,,,,,,,,,,,
장판,소민,소민,0,,,,,,,,,,,,,,
장해,소민,소민,0,,,,,,,,,,,,,,
재능,소민,소민,0,,,,,,,,,,,,,,
재도,소민,소민,0,,,,,,,,,,,,,,
재료,소민,소민,0,,,,,,,,,,,,,,
재미,소민,소민,0,,,,,,,,,,,,,,
재미나,소민,소민,0,,,,,,,,,,,,,,
재방,소민,소민,0,,,,,,,,,,,,,,
재방뭉,소민,소민,2,,,,,,,,,,,,,,
재방뮨,소민,소민,2,,,,,,,,,,,,,,
재벌,소민,소민,0,,,,,,,,,,,,,,
재사용,소민,소민,0,,,,,,,,,,,,,,
재산,소민,소민,0,,,,,,,,,,,,,,
재작년,소민,소민,0,,,,,,,,,,,,,,
재정,소민,소민,0,,,,,,,,,,,,,,
재주,소민,소민,0,,,,,,,,,,,,,,
재청,소민,소민,0,,,,,,,,,,,,,,
재촉,소민,소민,0,,,,,,,,,,,,,,
재치,소민,소민,0,,,,,,,,,,,,,,
재활용,소민,소민,0,,,,,,,,,,,,,,
쟁반,소민,소민,0,,,,,,,,,,,,,,
쟈글쟈글,소민,소민,0,,,,,,,,,,,,,,
쟐되,소민,소민,0,,,,,,,,,,,,,,
저걸,소민,소민,0,,,,,,,,,,,,,,
저격,소민,소민,0,,,,,,,,,,,,,,
저기,소민,소민,0,,,,,,,,,,,,,,
저녁,소민,소민,0,,,,,,,,,,,,,,
저녁때,소민,소민,0,,,,,,,,,,,,,,
저녁밥,소민,소민,0,,,,,,,,,,,,,,
저녁식사,소민,소민,0,,,,,,,,,,,,,,
저따위,소민,소민,0,,,,,,,,,,,,,,
저런,소민,소민,0,,,,,,,,,,,,,,
저렴,소민,소민,0,,,,,,,,,,,,,,
저리,소민,소민,0,,,,,,,,,,,,,,
저번,소민,소민,0,,,,,,,,,,,,,,
저서,소민,소민,0,,,,,,,,,,,,,,
저장,소민,소민,0,,,,,,,,,,,,,,
저절로,소민,소민,0,,,,,,,,,,,,,,
저조,소민,소민,0,,,,,,,,,,,,,,
저택,소민,소민,0,,,,,,,,,,,,,,
저항,소민,소민,0,,,,,,,,,,,,,,
저희,소민,소민,0,,,,,,,,,,,,,,
적극,소민,소민,0,,,,,,,,,,,,,,
적당,소민,소민,1,,,,,,,,,,,,,,
적도,소민,소민,0,,,,,,,,,,,,,,
적발,소민,소민,0,,,,,,,,,,,,,,
적수,소민,소민,0,,,,,,,,,,,,,,
적신,소민,소민,0,,,,,,,,,,,,,,
적용,소민,소민,0,,,,,,,,,,,,,,
적응,소민,소민,0,,,,,,,,,,,,,,
적임,소민,소민,0,,,,,,,,,,,,,,
적절,소민,소민,0,,,,,,,,,,,,,,
적지,소민,소민,0,,,,,,,,,,,,,,
전골,소민,소민,0,,,,,,,,,,,,,,
전공,소민,소민,0,,,,,,,,,,,,,,
전과,소민,소민,0,,,,,,,,,,,,,,
전국,소민,소민,0,,,,,,,,,,,,,,
전국구,소민,소민,0,,,,,,,,,,,,,,
전날,소민,소민,0,,,,,,,,,,,,,,
전도,소민,소민,0,,,,,,,,,,,,,,
전동,소민,소민,0,,,,,,,,,,,,,,
전락,소민,소민,0,,,,,,,,,,,,,,
전략,소민,소민,0,,,,,,,,,,,,,,
전만,소민,소민,0,,,,,,,,,,,,,,
전문,소민,소민,0,,,,,,,,,,,,,,
전문가,소민,소민,0,,,,,,,,,,,,,,
전문성,소민,소민,0,,,,,,,,,,,,,,
전문점,소민,소민,0,,,,,,,,,,,,,,
전반,소민,소민,0,,,,,,,,,,,,,,
전방,소민,소민,0,,,,,,,,,,,,,,
전병,소민,소민,0,,,,,,,,,,,,,,
전보,소민,소민,0,,,,,,,,,,,,,,
전부,소민,소민,0,,,,,,,,,,,,,,
전분,소민,소민,0,,,,,,,,,,,,,,
전설,소민,소민,0,,,,,,,,,,,,,,
전세계,소민,소민,0,,,,,,,,,,,,,,
전술,소민,소민,0,,,,,,,,,,,,,,
전시,소민,소민,0,,,,,,,,,,,,,,
전시관,소민,소민,0,,,,,,,,,,,,,,
전용,소민,소민,0,,,,,,,,,,,,,,
전의,소민,소민,0,,,,,,,,,,,,,,
전이,소민,소민,0,,,,,,,,,,,,,,
전자,소민,소민,0,,,,,,,,,,,,,,
전쟁,소민,소민,0,,,,,,,,,,,,,,
전주,소민,소민,0,,,,,,,,,,,,,,
전지,소민,소민,0,,,,,,,,,,,,,,
전체,소민,소민,0,,,,,,,,,,,,,,
전축,소민,소민,0,,,,,,,,,,,,,,
전통,소민,소민,0,,,,,,,,,,,,,,
전통주,소민,소민,0,,,,,,,,,,,,,,
전하,소민,소민,0,,,,,,,,,,,,,,
전해,소민,소민,0,,,,,,,,,,,,,,
전혀,소민,소민,1.6,,,,,,,,,,,,,,
전현무,소민,소민,0,,,,,,,,,,,,,,
전형,소민,소민,0,,,,,,,,,,,,,,
전화,소민,소민,0,,,,,,,,,,,,,,
전화통화,소민,소민,0,,,,,,,,,,,,,,
전후,소민,소민,0,,,,,,,,,,,,,,
절기,소민,소민,0,,,,,,,,,,,,,,
절대,소민,소민,0,,,,,,,,,,,,,,
절대로,소민,소민,0,,,,,,,,,,,,,,
절뚝,소민,소민,0,,,,,,,,,,,,,,
절로,소민,소민,0,,,,,,,,,,,,,,
절반,소민,소민,0,,,,,,,,,,,,,,
절실,소민,소민,0,,,,,,,,,,,,,,
절음,소민,소민,0,,,,,,,,,,,,,,
절이도,소민,소민,0,,,,,,,,,,,,,,
절임,소민,소민,0,,,,,,,,,,,,,,
절제,소민,소민,0,,,,,,,,,,,,,,
절하,소민,소민,0,,,,,,,,,,,,,,
젊은이,소민,소민,0,,,,,,,,,,,,,,
점검,소민,소민,0,,,,,,,,,,,,,,
점겸,소민,소민,0,,,,,,,,,,,,,,
점도,소민,소민,0,,,,,,,,,,,,,,
점수,소민,소민,0,,,,,,,,,,,,,,
점심,소민,소민,0,,,,,,,,,,,,,,
점심때,소민,소민,0,,,,,,,,,,,,,,
점심밥,소민,소민,0,,,,,,,,,,,,,,
점심시간,소민,소민,0,,,,,,,,,,,,,,
점심식사,소민,소민,0,,,,,,,,,,,,,,
점원,소민,소민,0,,,,,,,,,,,,,,
점점,소민,소민,0,,,,,,,,,,,,,,
점정,소민,소민,0,,,,,,,,,,,,,,
점차,소민,소민,0,,,,,,,,,,,,,,
접객,소민,소민,0,,,,,,,,,,,,,,
접근성,소민,소민,0,,,,,,,,,,,,,,
접대,소민,소민,0,,,,,,,,,,,,,,
접목,소민,소민,0,,,,,,,,,,,,,,
접선,소민,소민,0,,,,,,,,,,,,,,
접수,소민,소민,0,,,,,,,,,,,,,,
접시,소민,소민,0,,,,,,,,,,,,,,
접해,소민,소민,0,,,,,,,,,,,,,,
젓가락,소민,소민,0,,,,,,,,,,,,,,
젓갈,소민,소민,0,,,,,,,,,,,,,,
젓국,소민,소민,0,,,,,,,,,,,,,,
정가,소민,소민,0,,,,,,,,,,,,,,
정감,소민,소민,0,,,,,,,,,,,,,,
정겨운,소민,소민,1,,,,,,,,,,,,,,
정답,소민,소민,0,,,,,,,,,,,,,,
정도,소민,소민,0,,,,,,,,,,,,,,
정돈,소민,소민,0,,,,,,,,,,,,,,
정량,소민,소민,0,,,,,,,,,,,,,,
정리,소민,소민,0,,,,,,,,,,,,,,
정막,소민,소민,2,,,,,,,,,,,,,,
정말,소민,소민,0,,,,,,,,,,,,,,
정망,소민,소민,0,,,,,,,,,,,,,,
정면,소민,소민,0,,,,,,,,,,,,,,
정문,소민,소민,0,,,,,,,,,,,,,,
정물,소민,소민,0,,,,,,,,,,,,,,
정보,소민,소민,0,,,,,,,,,,,,,,
정산,소민,소민,0,,,,,,,,,,,,,,
정상,소민,소민,0,,,,,,,,,,,,,,
정서,소민,소민,0,,,,,,,,,,,,,,
정석,소민,소민,0,,,,,,,,,,,,,,
정성,소민,소민,1,,,,,,,,,,,,,,
정성껏,소민,소민,0,,,,,,,,,,,,,,
정수,소민,소민,0,,,,,,,,,,,,,,
정수기,소민,소민,0,,,,,,,,,,,,,,
정수리,소민,소민,0,,,,,,,,,,,,,,
정식,소민,소민,0,,,,,,,,,,,,,,
정신,소민,소민,0,,,,,,,,,,,,,,
정싱없어,소민,소민,0,,,,,,,,,,,,,,
정오,소민,소민,0,,,,,,,,,,,,,,
정원,소민,소민,0,,,,,,,,,,,,,,
정이,소민,소민,0,,,,,,,,,,,,,,
정이지,소민,소민,0,,,,,,,,,,,,,,
정인,소민,소민,0,,,,,,,,,,,,,,
정작,소민,소민,0,,,,,,,,,,,,,,
정점,소민,소민,0,,,,,,,,,,,,,,
정제,소민,소민,0,,,,,,,,,,,,,,
정종,소민,소민,0,,,,,,,,,,,,,,
정진,소민,소민,0,,,,,,,,,,,,,,
정짓,소민,소민,0,,,,,,,,,,,,,,
정착,소민,소민,0,,,,,,,,,,,,,,
정찬,소민,소민,0,,,,,,,,,,,,,,
정처,소민,소민,0,,,,,,,,,,,,,,
정치,소민,소민,0,,,,,,,,,,,,,,
정통,소민,소민,0,,,,,,,,,,,,,,
정합,소민,소민,0,,,,,,,,,,,,,,
정해,소민,소민,0,,,,,,,,,,,,,,
정해진,소민,소민,0,,,,,,,,,,,,,,
젛구,소민,소민,2,,,,,,,,,,,,,,
젛아,소민,소민,2,,,,,,,,,,,,,,
젛았습니,소민,소민,2,,,,,,,,,,,,,,
제거,소민,소민,0,,,,,,,,,,,,,,
제겐,소민,소민,0,,,,,,,,,,,,,,
제격,소민,소민,0,,,,,,,,,,,,,,
제공,소민,소민,0,,,,,,,,,,,,,,
제나,소민,소민,0,,,,,,,,,,,,,,
제대,소민,소민,0,,,,,,,,,,,,,,
제대로,소민,소민,1.5,,,,,,,,,,,,,,
제때,소민,소민,0,,,,,,,,,,,,,,
제로,소민,소민,0,,,,,,,,,,,,,,
제발,소민,소민,0,,,,,,,,,,,,,,
제법,소민,소민,0,,,,,,,,,,,,,,
제비,소민,소민,0,,,,,,,,,,,,,,
제시,소민,소민,0,,,,,,,,,,,,,,
제안,소민,소민,0,,,,,,,,,,,,,,
제외,소민,소민,0,,,,,,,,,,,,,,
제육,소민,소민,0,,,,,,,,,,,,,,
제일,소민,소민,1.5,,,,,,,,,,,,,,
제입,소민,소민,0,,,,,,,,,,,,,,
제제,소민,소민,0,,,,,,,,,,,,,,
제주,소민,소민,0,,,,,,,,,,,,,,
제주도,소민,소민,0,,,,,,,,,,,,,,
제지,소민,소민,0,,,,,,,,,,,,,,
제철,소민,소민,0,,,,,,,,,,,,,,
제한,소민,소민,0,,,,,,,,,,,,,,
젤루,소민,소민,1.5,,,,,,,,,,,,,,
젤리,소민,소민,0,,,,,,,,,,,,,,
젤맛,소민,소민,2,,,,,,,,,,,,,,
젤맛남,소민,소민,2,,,,,,,,,,,,,,
젭알,소민,소민,1.5,,,,,,,,,,,,,,
졈심,소민,소민,0,,,,,,,,,,,,,,
조가,소민,소민,0,,,,,,,,,,,,,,
조각,소민,소민,0,,,,,,,,,,,,,,
조건,소민,소민,0,,,,,,,,,,,,,,
조그만,소민,소민,0,,,,,,,,,,,,,,
조금,소민,소민,0,,,,,,,,,,,,,,
조기,소민,소민,0,,,,,,,,,,,,,,
조려,소민,소민,0,,,,,,,,,,,,,,
조리,소민,소민,0,,,,,,,,,,,,,,
조리기구,소민,소민,0,,,,,,,,,,,,,,
조리법,소민,소민,0,,,,,,,,,,,,,,
조림,소민,소민,0,,,,,,,,,,,,,,
조만간,소민,소민,0,,,,,,,,,,,,,,
조명,소민,소민,0,,,,,,,,,,,,,,
조명도,소민,소민,0,,,,,,,,,,,,,,
조미,소민,소민,0,,,,,,,,,,,,,,
조미료,소민,소민,0,,,,,,,,,,,,,,
조박,소민,소민,0,,,,,,,,,,,,,,
조상,소민,소민,0,,,,,,,,,,,,,,
조선시대,소민,소민,0,,,,,,,,,,,,,,
조선족,소민,소민,0,,,,,,,,,,,,,,
조성,소민,소민,0,,,,,,,,,,,,,,
조심,소민,소민,0,,,,,,,,,,,,,,
조연,소민,소민,0,,,,,,,,,,,,,,
조용조,소민,소민,0,,,,,,,,,,,,,,
조작,소민,소민,0,,,,,,,,,,,,,,
조절,소민,소민,0,,,,,,,,,,,,,,
조치,소민,소민,0,,,,,,,,,,,,,,
조카,소민,소민,0,,,,,,,,,,,,,,
조폭,소민,소민,0,,,,,,,,,,,,,,
조합,소민,소민,0,,,,,,,,,,,,,,
조화,소민,소민,0,,,,,,,,,,,,,,
조화로,소민,소민,2,,,,,,,,,,,,,,
조화로움,소민,소민,2,,,,,,,,,,,,,,
조회,소민,소민,0,,,,,,,,,,,,,,
족발,소민,소민,0,,,,,,,,,,,,,,
족하,소민,소민,0,,,,,,,,,,,,,,
존경,소민,소민,0,,,,,,,,,,,,,,
존마턍,소민,소민,2,,,,,,,,,,,,,,
존막핑,소민,소민,2,,,,,,,,,,,,,,
존맛,소민,소민,2,,,,,,,,,,,,,,
존맛임,소민,소민,2,,,,,,,,,,,,,,
존맛쿵,소민,소민,2,,,,,,,,,,,,,,
존맛탱,소민,소민,2,,,,,,,,,,,,,,
존재,소민,소민,0,,,,,,,,,,,,,,
존중,소민,소민,0,,,,,,,,,,,,,,
졸귀,소민,소민,0,,,,,,,,,,,,,,
졸라,소민,소민,1.6,,,,,,,,,,,,,,
졸업,소민,소민,0,,,,,,,,,,,,,,
좀더,소민,소민,0,,,,,,,,,,,,,,
종대,소민,소민,0,,,,,,,,,,,,,,
종도,소민,소민,0,,,,,,,,,,,,,,
종로,소민,소민,0,,,,,,,,,,,,,,
종료,소민,소민,0,,,,,,,,,,,,,,
종류,소민,소민,0,,,,,,,,,,,,,,
종셋트,소민,소민,0,,,,,,,,,,,,,,
종업원,소민,소민,0,,,,,,,,,,,,,,
종이,소민,소민,0,,,,,,,,,,,,,,
종일,소민,소민,0,,,,,,,,,,,,,,
종종,소민,소민,0,,,,,,,,,,,,,,
종채,소민,소민,0,,,,,,,,,,,,,,
좋댜,소민,소민,2,,,,,,,,,,,,,,
좋아욤,소민,소민,2,,,,,,,,,,,,,,
좋앗숩니,소민,소민,2,,,,,,,,,,,,,,
좋앙,소민,소민,2,,,,,,,,,,,,,,
좌르르,소민,소민,0,,,,,,,,,,,,,,
좌석,소민,소민,0,,,,,,,,,,,,,,
좌회전,소민,소민,0,,,,,,,,,,,,,,
좐맛임,소민,소민,2,,,,,,,,,,,,,,
좔좔,소민,소민,0,,,,,,,,,,,,,,
죤맛,소민,소민,2,,,,,,,,,,,,,,
죤맛탱,소민,소민,2,,,,,,,,,,,,,,
주가,소민,소민,0,,,,,,,,,,,,,,
주관,소민,소민,0,,,,,,,,,,,,,,
주구,소민,소민,0,,,,,,,,,,,,,,
주기,소민,소민,0,,,,,,,,,,,,,,
주기도,소민,소민,0,,,,,,,,,,,,,,
주네,소민,소민,0,,,,,,,,,,,,,,
주년,소민,소민,0,,,,,,,,,,,,,,
주니,소민,소민,0,,,,,,,,,,,,,,
주도,소민,소민,0,,,,,,,,,,,,,,
주력,소민,소민,0,,,,,,,,,,,,,,
주로,소민,소민,0,,,,,,,,,,,,,,
주류,소민,소민,0,,,,,,,,,,,,,,
주르륵,소민,소민,0,,,,,,,,,,,,,,
주마,소민,소민,0,,,,,,,,,,,,,,
주막,소민,소민,0,,,,,,,,,,,,,,
주말,소민,소민,0,,,,,,,,,,,,,,
주먹,소민,소민,0,,,,,,,,,,,,,,
주먹밥,소민,소민,0,,,,,,,,,,,,,,
주문,소민,소민,0,,,,,,,,,,,,,,
주물,소민,소민,0,,,,,,,,,,,,,,
주물럭,소민,소민,0,,,,,,,,,,,,,,
주민,소민,소민,0,,,,,,,,,,,,,,
주방,소민,소민,0,,,,,,,,,,,,,,
주변,소민,소민,0,,,,,,,,,,,,,,
주보,소민,소민,0,,,,,,,,,,,,,,
주사위,소민,소민,0,,,,,,,,,,,,,,
주선,소민,소민,0,,,,,,,,,,,,,,
주소,소민,소민,0,,,,,,,,,,,,,,
주시,소민,소민,0,,,,,,,,,,,,,,
주신,소민,소민,0,,,,,,,,,,,,,,
주심,소민,소민,0,,,,,,,,,,,,,,
주얼,소민,소민,0,,,,,,,,,,,,,,
주올,소민,소민,0,,,,,,,,,,,,,,
주요한,소민,소민,0,,,,,,,,,,,,,,
주위,소민,소민,0,,,,,,,,,,,,,,
주의,소민,소민,0,,,,,,,,,,,,,,
주의보,소민,소민,0,,,,,,,,,,,,,,
주인,소민,소민,0,,,,,,,,,,,,,,
주자,소민,소민,0,,,,,,,,,,,,,,
주작,소민,소민,0,,,,,,,,,,,,,,
주장,소민,소민,0,,,,,,,,,,,,,,
주전자,소민,소민,0,,,,,,,,,,,,,,
주점,소민,소민,0,,,,,,,,,,,,,,
주제,소민,소민,0,,,,,,,,,,,,,,
주중,소민,소민,0,,,,,,,,,,,,,,
주지,소민,소민,0,,,,,,,,,,,,,,
주차,소민,소민,0,,,,,,,,,,,,,,
주차공간,소민,소민,0,,,,,,,,,,,,,,
주차장,소민,소민,0,,,,,,,,,,,,,,
주택,소민,소민,0,,,,,,,,,,,,,,
주택가,소민,소민,0,,,,,,,,,,,,,,
준비,소민,소민,0,,,,,,,,,,,,,,
준수,소민,소민,0,,,,,,,,,,,,,,
줄기,소민,소민,0,,,,,,,,,,,,,,
줄때,소민,소민,0,,,,,,,,,,,,,,
줄선,소민,소민,0,,,,,,,,,,,,,,
줄설,소민,소민,0,,,,,,,,,,,,,,
줄설때,소민,소민,0,,,,,,,,,,,,,,
줄알,소민,소민,0,,,,,,,,,,,,,,
줄어듬,소민,소민,0,,,,,,,,,,,,,,
줄줄,소민,소민,0,,,,,,,,,,,,,,
줄평,소민,소민,0,,,,,,,,,,,,,,
중간,소민,소민,0,,,,,,,,,,,,,,
중국,소민,소민,0,,,,,,,,,,,,,,
중국산,소민,소민,0,,,,,,,,,,,,,,
중국어,소민,소민,0,,,,,,,,,,,,,,
중국인,소민,소민,0,,,,,,,,,,,,,,
중년,소민,소민,0,,,,,,,,,,,,,,
중대,소민,소민,0,,,,,,,,,,,,,,
중독,소민,소민,0,,,,,,,,,,,,,,
중반,소민,소민,0,,,,,,,,,,,,,,
중벌,소민,소민,0,,,,,,,,,,,,,,
중복,소민,소민,0,,,,,,,,,,,,,,
중불,소민,소민,0,,,,,,,,,,,,,,
중생,소민,소민,0,,,,,,,,,,,,,,
중식,소민,소민,0,,,,,,,,,,,,,,
중심,소민,소민,0,,,,,,,,,,,,,,
중심부,소민,소민,0,,,,,,,,,,,,,,
중앙,소민,소민,0,,,,,,,,,,,,,,
중위,소민,소민,0,,,,,,,,,,,,,,
중이,소민,소민,0,,,,,,,,,,,,,,
중인,소민,소민,0,,,,,,,,,,,,,,
중장,소민,소민,0,,,,,,,,,,,,,,
중준현,소민,소민,0,,,,,,,,,,,,,,
중학교,소민,소민,0,,,,,,,,,,,,,,
중화,소민,소민,0,,,,,,,,,,,,,,
중화가,소민,소민,0,,,,,,,,,,,,,,
중후,소민,소민,0,,,,,,,,,,,,,,
쥐눈,소민,소민,0,,,,,,,,,,,,,,
쥑임,소민,소민,2,,,,,,,,,,,,,,
쥬금,소민,소민,0,,,,,,,,,,,,,,
쥬스,소민,소민,0,,,,,,,,,,,,,,
쥴슐랭,소민,소민,0,,,,,,,,,,,,,,
즇네,소민,소민,2,,,,,,,,,,,,,,
즇아,소민,소민,2,,,,,,,,,,,,,,
즇았어,소민,소민,2,,,,,,,,,,,,,,
즈음,소민,소민,0,,,,,,,,,,,,,,
즉석,소민,소민,0,,,,,,,,,,,,,,
즉시,소민,소민,0,,,,,,,,,,,,,,
즉흥,소민,소민,0,,,,,,,,,,,,,,
즐겨찾기,소민,소민,0,,,,,,,,,,,,,,
증거,소민,소민,0,,,,,,,,,,,,,,
증거물,소민,소민,0,,,,,,,,,,,,,,
증말,소민,소민,1.6,,,,,,,,,,,,,,
증말루,소민,소민,1.6,,,,,,,,,,,,,,
증정,소민,소민,0,,,,,,,,,,,,,,
지갑,소민,소민,0,,,,,,,,,,,,,,
지게,소민,소민,0,,,,,,,,,,,,,,
지경,소민,소민,0,,,,,,,,,,,,,,
지고,소민,소민,0,,,,,,,,,,,,,,
지근,소민,소민,0,,,,,,,,,,,,,,
지금,소민,소민,0,,,,,,,,,,,,,,
지금껏,소민,소민,0,,,,,,,,,,,,,,
지기,소민,소민,0,,,,,,,,,,,,,,
지나,소민,소민,0,,,,,,,,,,,,,,
지난,소민,소민,0,,,,,,,,,,,,,,
지난번,소민,소민,0,,,,,,,,,,,,,,
지난주,소민,소민,0,,,,,,,,,,,,,,
지난해,소민,소민,0,,,,,,,,,,,,,,
지네,소민,소민,0,,,,,,,,,,,,,,
지대,소민,소민,0,,,,,,,,,,,,,,
지도,소민,소민,2,,,,,,,,,,,,,,
지라,소민,소민,0,,,,,,,,,,,,,,
지로,소민,소민,0,,,,,,,,,,,,,,
지론,소민,소민,0,,,,,,,,,,,,,,
지름,소민,소민,0,,,,,,,,,,,,,,
지리,소민,소민,0,,,,,,,,,,,,,,
지리산,소민,소민,0,,,,,,,,,,,,,,
지방,소민,소민,0,,,,,,,,,,,,,,
지불,소민,소민,0,,,,,,,,,,,,,,
지엔,소민,소민,0,,,,,,,,,,,,,,
지역,소민,소민,0,,,,,,,,,,,,,,
지옥,소민,소민,0,,,,,,,,,,,,,,
지원,소민,소민,0,,,,,,,,,,,,,,
지은,소민,소민,0,,,,,,,,,,,,,,
지인,소민,소민,0,,,,,,,,,,,,,,
지적,소민,소민,0,,,,,,,,,,,,,,
지점,소민,소민,0,,,,,,,,,,,,,,
지정,소민,소민,0,,,,,,,,,,,,,,
지존,소민,소민,0,,,,,,,,,,,,,,
지주,소민,소민,0,,,,,,,,,,,,,,
지지도,소민,소민,0,,,,,,,,,,,,,,
지쨔,소민,소민,0,,,,,,,,,,,,,,
지출,소민,소민,0,,,,,,,,,,,,,,
지침,소민,소민,0,,,,,,,,,,,,,,
지하,소민,소민,0,,,,,,,,,,,,,,
지하가,소민,소민,0,,,,,,,,,,,,,,
지하실,소민,소민,0,,,,,,,,,,,,,,
지하철,소민,소민,0,,,,,,,,,,,,,,
지하철역,소민,소민,0,,,,,,,,,,,,,,
지해,소민,소민,0,,,,,,,,,,,,,,
지향,소민,소민,0,,,,,,,,,,,,,,
지휘,소민,소민,0,,,,,,,,,,,,,,
직관,소민,소민,0,,,,,,,,,,,,,,
직권,소민,소민,0,,,,,,,,,,,,,,
직원,소민,소민,0,,,,,,,,,,,,,,
직웡,소민,소민,0,,,,,,,,,,,,,,
직장,소민,소민,0,,,,,,,,,,,,,,
직장인,소민,소민,0,,,,,,,,,,,,,,
직전,소민,소민,0,,,,,,,,,,,,,,
직접,소민,소민,0,,,,,,,,,,,,,,
직진,소민,소민,0,,,,,,,,,,,,,,
직화,소민,소민,0,,,,,,,,,,,,,,
직후,소민,소민,0,,,,,,,,,,,,,,
진가,소민,소민,0,,,,,,,,,,,,,,
진국,소민,소민,0,,,,,,,,,,,,,,
진눈깨비,소민,소민,0,,,,,,,,,,,,,,
진도,소민,소민,0,,,,,,,,,,,,,,
진동,소민,소민,0,,,,,,,,,,,,,,
진두,소민,소민,0,,,,,,,,,,,,,,
진득,소민,소민,0,,,,,,,,,,,,,,
진로,소민,소민,0,,,,,,,,,,,,,,
진리,소민,소민,0,,,,,,,,,,,,,,
진미,소민,소민,0,,,,,,,,,,,,,,
진사,소민,소민,0,,,,,,,,,,,,,,
진수,소민,소민,0,,,,,,,,,,,,,,
진심,소민,소민,0,,,,,,,,,,,,,,
진입,소민,소민,0,,,,,,,,,,,,,,
진자,소민,소민,0,,,,,,,,,,,,,,
진작,소민,소민,0,,,,,,,,,,,,,,
진정,소민,소민,0,,,,,,,,,,,,,,
진짜,소민,소민,1.6,,,,,,,,,,,,,,
진짜루,소민,소민,1.6,,,,,,,,,,,,,,
진짜진짜,소민,소민,1.6,,,,,,,,,,,,,,
진짝,소민,소민,1.6,,,,,,,,,,,,,,
진쨔,소민,소민,1.6,,,,,,,,,,,,,,
진챠,소민,소민,1.6,,,,,,,,,,,,,,
진출,소민,소민,0,,,,,,,,,,,,,,
진해,소민,소민,0,,,,,,,,,,,,,,
진행,소민,소민,0,,,,,,,,,,,,,,
질감,소민,소민,0,,,,,,,,,,,,,,
질겅질겅,소민,소민,0,,,,,,,,,,,,,,
질겨,소민,소민,-1,,,,,,,,,,,,,,
질겻어,소민,소민,-1,,,,,,,,,,,,,,
질기,소민,소민,0,,,,,,,,,,,,,,
질김,소민,소민,0,,,,,,,,,,,,,,
질도,소민,소민,0,,,,,,,,,,,,,,
질리,소민,소민,0,,,,,,,,,,,,,,
질문,소민,소민,0,,,,,,,,,,,,,,
질책,소민,소민,0,,,,,,,,,,,,,,
짐작,소민,소민,0,,,,,,,,,,,,,,
짐함,소민,소민,0,,,,,,,,,,,,,,
짐해,소민,소민,0,,,,,,,,,,,,,,
집게,소민,소민,0,,,,,,,,,,,,,,
집기,소민,소민,0,,,,,,,,,,,,,,
집도,소민,소민,0,,,,,,,,,,,,,,
집들이,소민,소민,0,,,,,,,,,,,,,,
집밥,소민,소민,0,,,,,,,,,,,,,,
집사람,소민,소민,0,,,,,,,,,,,,,,
집앞,소민,소민,0,,,,,,,,,,,,,,
집의,소민,소민,0,,,,,,,,,,,,,,
집임,소민,소민,0,,,,,,,,,,,,,,
집중,소민,소민,0,,,,,,,,,,,,,,
집중호우,소민,소민,0,,,,,,,,,,,,,,
집행,소민,소민,0,,,,,,,,,,,,,,
집힌,소민,소민,0,,,,,,,,,,,,,,
짘짜,소민,소민,0,,,,,,,,,,,,,,
짜미,소민,소민,0,,,,,,,,,,,,,,
짜져,소민,소민,0,,,,,,,,,,,,,,
짜증,소민,소민,-1,,,,,,,,,,,,,,
짝궁,소민,소민,0,,,,,,,,,,,,,,
짝꿍,소민,소민,0,,,,,,,,,,,,,,
짝퉁,소민,소민,0,,,,,,,,,,,,,,
짠맛,소민,소민,0,,,,,,,,,,,,,,
짠지,소민,소민,0,,,,,,,,,,,,,,
짬뽕,소민,소민,0,,,,,,,,,,,,,,
짭짜름,소민,소민,0,,,,,,,,,,,,,,
짭쪼롬,소민,소민,0,,,,,,,,,,,,,,
짭쪼롬하,소민,소민,0,,,,,,,,,,,,,,
짭쪼름,소민,소민,0,,,,,,,,,,,,,,
짭쪼름한데,소민,소민,0,,,,,,,,,,,,,,
짭쪼름해,소민,소민,0,,,,,,,,,,,,,,
짱아찌,소민,소민,0,,,,,,,,,,,,,,
짱짱,소민,소민,0,,,,,,,,,,,,,,
쨍한맛,소민,소민,0,,,,,,,,,,,,,,
쨔끔,소민,소민,0,,,,,,,,,,,,,,
쩌구,소민,소민,0,,,,,,,,,,,,,,
쩐내,소민,소민,0,,,,,,,,,,,,,,
쩔어요,소민,소민,2,,,,,,,,,,,,,,
쪼금,소민,소민,0,,,,,,,,,,,,,,
쪼꾸맣,소민,소민,0,,,,,,,,,,,,,,
쪼끔주길레,소민,소민,0,,,,,,,,,,,,,,
쪼름,소민,소민,0,,,,,,,,,,,,,,
쪼매,소민,소민,0,,,,,,,,,,,,,,
쪼아,소민,소민,0,,,,,,,,,,,,,,
쪼큼,소민,소민,0,,,,,,,,,,,,,,
쪽득,소민,소민,0,,,,,,,,,,,,,,
쪽를,소민,소민,0,,,,,,,,,,,,,,
쪽파,소민,소민,0,,,,,,,,,,,,,,
쫀득,소민,소민,1,,,,,,,,,,,,,,
쫀득쫀득,소민,소민,1,,,,,,,,,,,,,,
쫀득쫀득하,소민,소민,1,,,,,,,,,,,,,,
쫀득하,소민,소민,1,,,,,,,,,,,,,,
쫀득한데,소민,소민,1,,,,,,,,,,,,,,
쫀득함,소민,소민,1,,,,,,,,,,,,,,
쫀득해,소민,소민,1,,,,,,,,,,,,,,
쫀든쫀든한,소민,소민,1,,,,,,,,,,,,,,
쫀맛,소민,소민,2,,,,,,,,,,,,,,
쫀쫀,소민,소민,1,,,,,,,,,,,,,,
쫄깃쫄깃,소민,소민,1,,,,,,,,,,,,,,
쫄깃쫄깃하,소민,소민,1,,,,,,,,,,,,,,
쫄깃쫄깃함,소민,소민,1,,,,,,,,,,,,,,
쫄깃쫄깃해,소민,소민,1,,,,,,,,,,,,,,
쫄깃하,소민,소민,1,,,,,,,,,,,,,,
쫄깃한것,소민,소민,1,,,,,,,,,,,,,,
쫄깃한데,소민,소민,1,,,,,,,,,,,,,,
쫄깃함,소민,소민,1,,,,,,,,,,,,,,
쫄깃합니,소민,소민,1,,,,,,,,,,,,,,
쫄깃해,소민,소민,1,,,,,,,,,,,,,,
쫄낏하,소민,소민,1,,,,,,,,,,,,,,
쫄면,소민,소민,1,,,,,,,,,,,,,,
쫄아,소민,소민,0,,,,,,,,,,,,,,
쫄아들,소민,소민,0,,,,,,,,,,,,,,
쫘악,소민,소민,0,,,,,,,,,,,,,,
쫙쫙,소민,소민,0,,,,,,,,,,,,,,
쫜득쫜득,소민,소민,1,,,,,,,,,,,,,,
쭈왑쭈왑,소민,소민,1,,,,,,,,,,,,,,
쭉쭉,소민,소민,0,,,,,,,,,,,,,,
쭌곱창,소민,소민,0,,,,,,,,,,,,,,
쮝여줌,소민,소민,2,,,,,,,,,,,,,,
쯔양,소민,소민,0,,,,,,,,,,,,,,
찌개,소민,소민,0,,,,,,,,,,,,,,
찌게,소민,소민,0,,,,,,,,,,,,,,
찌꺼기,소민,소민,0,,,,,,,,,,,,,,
찌린,소민,소민,0,,,,,,,,,,,,,,
찌릿함,소민,소민,0,,,,,,,,,,,,,,
찍기,소민,소민,0,,,,,,,,,,,,,,
찍꿍,소민,소민,0,,,,,,,,,,,,,,
찐덕쫀득,소민,소민,0,,,,,,,,,,,,,,
찜닭,소민,소민,0,,,,,,,,,,,,,,
찜덝,소민,소민,0,,,,,,,,,,,,,,
찡긋,소민,소민,0,,,,,,,,,,,,,,
차감,소민,소민,0,,,,,,,,,,,,,,
차고,소민,소민,0,,,,,,,,,,,,,,
차기,소민,소민,0,,,,,,,,,,,,,,
차도,소민,소민,0,,,,,,,,,,,,,,
차돌,소민,소민,0,,,,,,,,,,,,,,
차돌박이,소민,소민,0,,,,,,,,,,,,,,
차라리,소민,소민,0,,,,,,,,,,,,,,
차량,소민,소민,0,,,,,,,,,,,,,,
차려,소민,소민,0,,,,,,,,,,,,,,
차례,소민,소민,0,,,,,,,,,,,,,,
차례대로,소민,소민,0,,,,,,,,,,,,,,
차로,소민,소민,0,,,,,,,,,,,,,,
차림,소민,소민,0,,,,,,,,,,,,,,
차마,소민,소민,0,,,,,,,,,,,,,,
차배,소민,소민,0,,,,,,,,,,,,,,
차별,소민,소민,0,,,,,,,,,,,,,,
차비,소민,소민,0,,,,,,,,,,,,,,
차서,소민,소민,0,,,,,,,,,,,,,,
차슈,소민,소민,0,,,,,,,,,,,,,,
차요,소민,소민,0,,,,,,,,,,,,,,
차원,소민,소민,0,,,,,,,,,,,,,,
차이,소민,소민,0,,,,,,,,,,,,,,
차임,소민,소민,0,,,,,,,,,,,,,,
착각,소민,소민,0,,,,,,,,,,,,,,
착석,소민,소민,0,,,,,,,,,,,,,,
착착,소민,소민,0,,,,,,,,,,,,,,
찬물,소민,소민,0,,,,,,,,,,,,,,
찬양,소민,소민,0,,,,,,,,,,,,,,
찰기,소민,소민,0,,,,,,,,,,,,,,
찰떡,소민,소민,1,,,,,,,,,,,,,,
참가,소민,소민,0,,,,,,,,,,,,,,
참고,소민,소민,0,,,,,,,,,,,,,,
참기름,소민,소민,0,,,,,,,,,,,,,,
참나물,소민,소민,0,,,,,,,,,,,,,,
참석,소민,소민,0,,,,,,,,,,,,,,
참숯,소민,소민,0,,,,,,,,,,,,,,
참여,소민,소민,0,,,,,,,,,,,,,,
참으로,소민,소민,0,,,,,,,,,,,,,,
참치,소민,소민,0,,,,,,,,,,,,,,
창가,소민,소민,0,,,,,,,,,,,,,,
창강,소민,소민,0,,,,,,,,,,,,,,
창돌솥,소민,소민,0,,,,,,,,,,,,,,
창렬,소민,소민,0,,,,,,,,,,,,,,
창밖,소민,소민,0,,,,,,,,,,,,,,
창살,소민,소민,0,,,,,,,,,,,,,,
창업,소민,소민,0,,,,,,,,,,,,,,
찾기,소민,소민,0,,,,,,,,,,,,,,
찿아,소민,소민,0,,,,,,,,,,,,,,
채널,소민,소민,0,,,,,,,,,,,,,,
채도,소민,소민,0,,,,,,,,,,,,,,
채보,소민,소민,0,,,,,,,,,,,,,,
채소,소민,소민,0,,,,,,,,,,,,,,
채수,소민,소민,0,,,,,,,,,,,,,,
채식주의자,소민,소민,0,,,,,,,,,,,,,,
책상,소민,소민,0,,,,,,,,,,,,,,
책정,소민,소민,0,,,,,,,,,,,,,,
챱챱,소민,소민,0,,,,,,,,,,,,,,
챵돌솥,소민,소민,0,,,,,,,,,,,,,,
처가,소민,소민,0,,,,,,,,,,,,,,
처넌,소민,소민,0,,,,,,,,,,,,,,
처럼,소민,소민,0,,,,,,,,,,,,,,
처리,소민,소민,0,,,,,,,,,,,,,,
처음,소민,소민,0,,,,,,,,,,,,,,
척도,소민,소민,0,,,,,,,,,,,,,,
천국,소민,소민,0,,,,,,,,,,,,,,
천막,소민,소민,0,,,,,,,,,,,,,,
천문학,소민,소민,0,,,,,,,,,,,,,,
천연기념물,소민,소민,0,,,,,,,,,,,,,,
천왕,소민,소민,0,,,,,,,,,,,,,,
천원,소민,소민,0,,,,,,,,,,,,,,
천장,소민,소민,0,,,,,,,,,,,,,,
천지,소민,소민,0,,,,,,,,,,,,,,
철수,소민,소민,0,,,,,,,,,,,,,,
철인,소민,소민,0,,,,,,,,,,,,,,
철철,소민,소민,0,,,,,,,,,,,,,,
철판,소민,소민,0,,,,,,,,,,,,,,
철학,소민,소민,0,,,,,,,,,,,,,,
첨가,소민,소민,0,,,,,,,,,,,,,,
첨봣아,소민,소민,0,,,,,,,,,,,,,,
첫경험,소민,소민,0,,,,,,,,,,,,,,
첫날,소민,소민,0,,,,,,,,,,,,,,
첫인상,소민,소민,0,,,,,,,,,,,,,,
첬음,소민,소민,0,,,,,,,,,,,,,,
청결,소민,소민,0,,,,,,,,,,,,,,
청국장,소민,소민,0,,,,,,,,,,,,,,
청년,소민,소민,0,,,,,,,,,,,,,,
청량,소민,소민,1,,,,,,,,,,,,,,
청량감,소민,소민,1,,,,,,,,,,,,,,
청모,소민,소민,0,,,,,,,,,,,,,,
청소,소민,소민,1,,,,,,,,,,,,,,
청양,소민,소민,0,,,,,,,,,,,,,,
청양고추,소민,소민,0,,,,,,,,,,,,,,
청주,소민,소민,0,,,,,,,,,,,,,,
청첩장,소민,소민,0,,,,,,,,,,,,,,
청춘,소민,소민,0,,,,,,,,,,,,,,
체감,소민,소민,0,,,,,,,,,,,,,,
체계,소민,소민,0,,,,,,,,,,,,,,
체고,소민,소민,2,,,,,,,,,,,,,,
체력,소민,소민,0,,,,,,,,,,,,,,
체스,소민,소민,0,,,,,,,,,,,,,,
체인,소민,소민,0,,,,,,,,,,,,,,
체인점,소민,소민,0,,,,,,,,,,,,,,
체적,소민,소민,0,,,,,,,,,,,,,,
체제,소민,소민,0,,,,,,,,,,,,,,
체크,소민,소민,0,,,,,,,,,,,,,,
체함,소민,소민,0,,,,,,,,,,,,,,
체험,소민,소민,0,,,,,,,,,,,,,,
초강추,소민,소민,2,,,,,,,,,,,,,,
초고추장,소민,소민,0,,,,,,,,,,,,,,
초기,소민,소민,0,,,,,,,,,,,,,,
초대,소민,소민,0,,,,,,,,,,,,,,
초등,소민,소민,0,,,,,,,,,,,,,,
초등생,소민,소민,0,,,,,,,,,,,,,,
초딩,소민,소민,0,,,,,,,,,,,,,,
초박,소민,소민,0,,,,,,,,,,,,,,
초반,소민,소민,0,,,,,,,,,,,,,,
초벌,소민,소민,0,,,,,,,,,,,,,,
초보,소민,소민,0,,,,,,,,,,,,,,
초보자,소민,소민,0,,,,,,,,,,,,,,
초복,소민,소민,0,,,,,,,,,,,,,,
초심,소민,소민,0,,,,,,,,,,,,,,
초심자,소민,소민,0,,,,,,,,,,,,,,
초이스,소민,소민,0,,,,,,,,,,,,,,
초저녁,소민,소민,0,,,,,,,,,,,,,,
초창,소민,소민,0,,,,,,,,,,,,,,
촉촉,소민,소민,1,,,,,,,,,,,,,,
촉촉촉,소민,소민,1,,,,,,,,,,,,,,
촌점,소민,소민,0,,,,,,,,,,,,,,
촘촘하,소민,소민,1,,,,,,,,,,,,,,
촘촘해,소민,소민,1,,,,,,,,,,,,,,
총각,소민,소민,0,,,,,,,,,,,,,,
총각김치,소민,소민,0,,,,,,,,,,,,,,
총총,소민,소민,0,,,,,,,,,,,,,,
촣았어,소민,소민,2,,,,,,,,,,,,,,
촬영,소민,소민,0,,,,,,,,,,,,,,
최강,소민,소민,2,,,,,,,,,,,,,,
최고,소민,소민,2,,,,,,,,,,,,,,
최고다,소민,소민,2,,,,,,,,,,,,,,
최고점,소민,소민,0,,,,,,,,,,,,,,
최고촤,소민,소민,0,,,,,,,,,,,,,,
최구,소민,소민,0,,,,,,,,,,,,,,
최근,소민,소민,0,,,,,,,,,,,,,,
최대,소민,소민,0,,,,,,,,,,,,,,
최대한,소민,소민,0,,,,,,,,,,,,,,
최면,소민,소민,0,,,,,,,,,,,,,,
최상,소민,소민,0,,,,,,,,,,,,,,
최상급,소민,소민,0,,,,,,,,,,,,,,
최선,소민,소민,0,,,,,,,,,,,,,,
최소,소민,소민,0,,,,,,,,,,,,,,
최소한,소민,소민,0,,,,,,,,,,,,,,
최신,소민,소민,0,,,,,,,,,,,,,,
최악,소민,소민,-2,,,,,,,,,,,,,,
최애,소민,소민,0,,,,,,,,,,,,,,
최애라,소민,소민,0,,,,,,,,,,,,,,
최저,소민,소민,0,,,,,,,,,,,,,,
최적,소민,소민,0,,,,,,,,,,,,,,
최적화,소민,소민,0,,,,,,,,,,,,,,
최종,소민,소민,0,,,,,,,,,,,,,,
최하,소민,소민,0,,,,,,,,,,,,,,
쵝오,소민,소민,2,,,,,,,,,,,,,,
쵹쵹,소민,소민,1,,,,,,,,,,,,,,
쵼맛탱,소민,소민,2,,,,,,,,,,,,,,
추가,소민,소민,0,,,,,,,,,,,,,,
추강,소민,소민,0,,,,,,,,,,,,,,
추구,소민,소민,0,,,,,,,,,,,,,,
추석,소민,소민,0,,,,,,,,,,,,,,
추세,소민,소민,0,,,,,,,,,,,,,,
추억,소민,소민,0,,,,,,,,,,,,,,
추위,소민,소민,0,,,,,,,,,,,,,,
추천,소민,소민,0,,,,,,,,,,,,,,
추측,소민,소민,0,,,,,,,,,,,,,,
축구,소민,소민,0,,,,,,,,,,,,,,
축제,소민,소민,0,,,,,,,,,,,,,,
축하,소민,소민,0,,,,,,,,,,,,,,
출구,소민,소민,0,,,,,,,,,,,,,,
출근,소민,소민,0,,,,,,,,,,,,,,
출동,소민,소민,0,,,,,,,,,,,,,,
출발,소민,소민,0,,,,,,,,,,,,,,
출신,소민,소민,0,,,,,,,,,,,,,,
출연,소민,소민,0,,,,,,,,,,,,,,
출전,소민,소민,0,,,,,,,,,,,,,,
출판사,소민,소민,0,,,,,,,,,,,,,,
출현,소민,소민,0,,,,,,,,,,,,,,
충격,소민,소민,0,,,,,,,,,,,,,,
충고,소민,소민,0,,,,,,,,,,,,,,
충만,소민,소민,2,,,,,,,,,,,,,,
충전,소민,소민,0,,,,,,,,,,,,,,
취객,소민,소민,0,,,,,,,,,,,,,,
취급,소민,소민,0,,,,,,,,,,,,,,
취사,소민,소민,0,,,,,,,,,,,,,,
취소,소민,소민,0,,,,,,,,,,,,,,
취저,소민,소민,0,,,,,,,,,,,,,,
취지,소민,소민,0,,,,,,,,,,,,,,
취하,소민,소민,0,,,,,,,,,,,,,,
취함,소민,소민,0,,,,,,,,,,,,,,
취향,소민,소민,0,,,,,,,,,,,,,,
츄룹,소민,소민,1,,,,,,,,,,,,,,
측면,소민,소민,0,,,,,,,,,,,,,,
층고,소민,소민,0,,,,,,,,,,,,,,
층쪽,소민,소민,0,,,,,,,,,,,,,,
치기,소민,소민,0,,,,,,,,,,,,,,
치도,소민,소민,0,,,,,,,,,,,,,,
치료,소민,소민,0,,,,,,,,,,,,,,
치마,소민,소민,0,,,,,,,,,,,,,,
치면,소민,소민,0,,,,,,,,,,,,,,
치미추리,소민,소민,0,,,,,,,,,,,,,,
치부,소민,소민,0,,,,,,,,,,,,,,
치아,소민,소민,0,,,,,,,,,,,,,,
치즈,소민,소민,0,,,,,,,,,,,,,,
치질,소민,소민,0,,,,,,,,,,,,,,
치킨,소민,소민,0,,,,,,,,,,,,,,
치팅,소민,소민,0,,,,,,,,,,,,,,
치팅데이,소민,소민,0,,,,,,,,,,,,,,
친구,소민,소민,0,,,,,,,,,,,,,,
친규,소민,소민,0,,,,,,,,,,,,,,
친맛,소민,소민,0,,,,,,,,,,,,,,
친목,소민,소민,0,,,,,,,,,,,,,,
친전,소민,소민,0,,,,,,,,,,,,,,
친절,소민,소민,2,,,,,,,,,,,,,,
친절햐,소민,소민,2,,,,,,,,,,,,,,
친정,소민,소민,0,,,,,,,,,,,,,,
친척,소민,소민,0,,,,,,,,,,,,,,
친철,소민,소민,2,,,,,,,,,,,,,,
친철함,소민,소민,2,,,,,,,,,,,,,,
친철해,소민,소민,2,,,,,,,,,,,,,,
침수,소민,소민,0,,,,,,,,,,,,,,
칭구,소민,소민,0,,,,,,,,,,,,,,
칭구들,소민,소민,0,,,,,,,,,,,,,,
칭구칭긔들,소민,소민,0,,,,,,,,,,,,,,
칭찬,소민,소민,0,,,,,,,,,,,,,,
카드,소민,소민,0,,,,,,,,,,,,,,
카맵,소민,소민,0,,,,,,,,,,,,,,
카운터,소민,소민,0,,,,,,,,,,,,,,
카카오,소민,소민,0,,,,,,,,,,,,,,
카테고리,소민,소민,0,,,,,,,,,,,,,,
카트,소민,소민,0,,,,,,,,,,,,,,
카페,소민,소민,0,,,,,,,,,,,,,,
칸막이,소민,소민,0,,,,,,,,,,,,,,
칼국수,소민,소민,0,,,,,,,,,,,,,,
칼귝수,소민,소민,0,,,,,,,,,,,,,,
칼집,소민,소민,0,,,,,,,,,,,,,,
칼칼,소민,소민,0,,,,,,,,,,,,,,
캐나다,소민,소민,0,,,,,,,,,,,,,,
캐리어,소민,소민,0,,,,,,,,,,,,,,
캐릭터,소민,소민,0,,,,,,,,,,,,,,
캐셔,소민,소민,0,,,,,,,,,,,,,,
캐치,소민,소민,0,,,,,,,,,,,,,,
캠펭,소민,소민,0,,,,,,,,,,,,,,
캠프,소민,소민,0,,,,,,,,,,,,,,
캠프장,소민,소민,0,,,,,,,,,,,,,,
캠핑,소민,소민,0,,,,,,,,,,,,,,
캠핑장,소민,소민,0,,,,,,,,,,,,,,
캡사이신,소민,소민,0,,,,,,,,,,,,,,
커녕,소민,소민,0,,,,,,,,,,,,,,
커서,소민,소민,0,,,,,,,,,,,,,,
커튼,소민,소민,0,,,,,,,,,,,,,,
커플,소민,소민,0,,,,,,,,,,,,,,
커피,소민,소민,0,,,,,,,,,,,,,,
커피숍,소민,소민,0,,,,,,,,,,,,,,
커픽,소민,소민,0,,,,,,,,,,,,,,
컨데,소민,소민,0,,,,,,,,,,,,,,
컨디션,소민,소민,0,,,,,,,,,,,,,,
컨샙,소민,소민,0,,,,,,,,,,,,,,
컨셉,소민,소민,0,,,,,,,,,,,,,,
컨셉룸,소민,소민,0,,,,,,,,,,,,,,
컨트롤,소민,소민,0,,,,,,,,,,,,,,
컴퓨터,소민,소민,0,,,,,,,,,,,,,,
컵라면,소민,소민,0,,,,,,,,,,,,,,
컷트,소민,소민,0,,,,,,,,,,,,,,
케데헌,소민,소민,0,,,,,,,,,,,,,,
케바케,소민,소민,0,,,,,,,,,,,,,,
케어,소민,소민,0,,,,,,,,,,,,,,
케이,소민,소민,0,,,,,,,,,,,,,,
케첩,소민,소민,0,,,,,,,,,,,,,,
코드,소민,소민,0,,,,,,,,,,,,,,
코딱지,소민,소민,0,,,,,,,,,,,,,,
코로,소민,소민,0,,,,,,,,,,,,,,
코로나,소민,소민,0,,,,,,,,,,,,,,
코리아타운,소민,소민,0,,,,,,,,,,,,,,
코리안,소민,소민,0,,,,,,,,,,,,,,
코스,소민,소민,0,,,,,,,,,,,,,,
코습니,소민,소민,0,,,,,,,,,,,,,,
코어,소민,소민,0,,,,,,,,,,,,,,
코인,소민,소민,0,,,,,,,,,,,,,,
코키,소민,소민,0,,,,,,,,,,,,,,
코타,소민,소민,0,,,,,,,,,,,,,,
코트,소민,소민,0,,,,,,,,,,,,,,
코풀,소민,소민,0,,,,,,,,,,,,,,
콘버터,소민,소민,0,,,,,,,,,,,,,,
콘서트,소민,소민,0,,,,,,,,,,,,,,
콘셉트,소민,소민,0,,,,,,,,,,,,,,
콘치,소민,소민,0,,,,,,,,,,,,,,
콘치즈,소민,소민,0,,,,,,,,,,,,,,
콜라,소민,소민,0,,,,,,,,,,,,,,
콜라보,소민,소민,0,,,,,,,,,,,,,,
콜백,소민,소민,0,,,,,,,,,,,,,,
콜키,소민,소민,0,,,,,,,,,,,,,,
콤달콤,소민,소민,0,,,,,,,,,,,,,,
콤보,소민,소민,0,,,,,,,,,,,,,,
콧뮬같구,소민,소민,0,,,,,,,,,,,,,,
콩국,소민,소민,0,,,,,,,,,,,,,,
콩국수,소민,소민,0,,,,,,,,,,,,,,
콩나물,소민,소민,0,,,,,,,,,,,,,,
콩나물국,소민,소민,0,,,,,,,,,,,,,,
콩밭,소민,소민,0,,,,,,,,,,,,,,
콩밭임,소민,소민,0,,,,,,,,,,,,,,
콩알,소민,소민,0,,,,,,,,,,,,,,
콩팥,소민,소민,0,,,,,,,,,,,,,,
콸콸,소민,소민,0,,,,,,,,,,,,,,
쾌거,소민,소민,0,,,,,,,,,,,,,,
쿠폰,소민,소민,0,,,,,,,,,,,,,,
퀄리,소민,소민,0,,,,,,,,,,,,,,
퀄리티,소민,소민,0,,,,,,,,,,,,,,
큐알,소민,소민,0,,,,,,,,,,,,,,
크게,소민,소민,0,,,,,,,,,,,,,,
크기,소민,소민,0,,,,,,,,,,,,,,
크리,소민,소민,0,,,,,,,,,,,,,,
크리미,소민,소민,0,,,,,,,,,,,,,,
크리스,소민,소민,0,,,,,,,,,,,,,,
크리스마스,소민,소민,0,,,,,,,,,,,,,,
크림,소민,소민,0,,,,,,,,,,,,,,
크흐,소민,소민,0,,,,,,,,,,,,,,
큰소리,소민,소민,0,,,,,,,,,,,,,,
클락,소민,소민,0,,,,,,,,,,,,,,
클래식,소민,소민,0,,,,,,,,,,,,,,
클리어,소민,소민,0,,,,,,,,,,,,,,
클립,소민,소민,0,,,,,,,,,,,,,,
키즈,소민,소민,0,,,,,,,,,,,,,,
키친,소민,소민,0,,,,,,,,,,,,,,
키크,소민,소민,0,,,,,,,,,,,,,,
키트,소민,소민,0,,,,,,,,,,,,,,
킥임,소민,소민,0,,,,,,,,,,,,,,
킬링,소민,소민,0,,,,,,,,,,,,,,
킵해둔,소민,소민,0,,,,,,,,,,,,,,
타겟,소민,소민,0,,,,,,,,,,,,,,
타격,소민,소민,0,,,,,,,,,,,,,,
타고,소민,소민,0,,,,,,,,,,,,,,
타도,소민,소민,0,,,,,,,,,,,,,,
타워,소민,소민,0,,,,,,,,,,,,,,
타율,소민,소민,0,,,,,,,,,,,,,,
타이밍,소민,소민,0,,,,,,,,,,,,,,
타이어,소민,소민,0,,,,,,,,,,,,,,
타이틀,소민,소민,0,,,,,,,,,,,,,,
타일,소민,소민,0,,,,,,,,,,,,,,
타임,소민,소민,0,,,,,,,,,,,,,,
타임머신,소민,소민,0,,,,,,,,,,,,,,
타임슬립,소민,소민,0,,,,,,,,,,,,,,
타입,소민,소민,0,,,,,,,,,,,,,,
타지,소민,소민,0,,,,,,,,,,,,,,
타진,소민,소민,0,,,,,,,,,,,,,,
타코,소민,소민,0,,,,,,,,,,,,,,
탁자,소민,소민,0,,,,,,,,,,,,,,
탁주,소민,소민,0,,,,,,,,,,,,,,
탄력,소민,소민,0,,,,,,,,,,,,,,
탄성,소민,소민,0,,,,,,,,,,,,,,
탐방,소민,소민,0,,,,,,,,,,,,,,
탑승,소민,소민,0,,,,,,,,,,,,,,
탑인,소민,소민,0,,,,,,,,,,,,,,
탕맛,소민,소민,0,,,,,,,,,,,,,,
탕밥,소민,소민,0,,,,,,,,,,,,,,
탕수육,소민,소민,0,,,,,,,,,,,,,,
탕안,소민,소민,0,,,,,,,,,,,,,,
탕후루,소민,소민,0,,,,,,,,,,,,,,
태도,소민,소민,0,,,,,,,,,,,,,,
태블릿,소민,소민,0,,,,,,,,,,,,,,
태양,소민,소민,0,,,,,,,,,,,,,,
태평양,소민,소민,0,,,,,,,,,,,,,,
택배,소민,소민,0,,,,,,,,,,,,,,
택시,소민,소민,0,,,,,,,,,,,,,,
탭해,소민,소민,0,,,,,,,,,,,,,,
탱탱,소민,소민,0,,,,,,,,,,,,,,
턱관절,소민,소민,0,,,,,,,,,,,,,,
텁텁,소민,소민,-2,,,,,,,,,,,,,,
텁텁하,소민,소민,-2,,,,,,,,,,,,,,
텁텁함,소민,소민,-2,,,,,,,,,,,,,,
텁텁해짐,소민,소민,-2,,,,,,,,,,,,,,
텁텁헀습니,소민,소민,-2,,,,,,,,,,,,,,
테두리,소민,소민,0,,,,,,,,,,,,,,
테라,소민,소민,0,,,,,,,,,,,,,,
테러,소민,소민,0,,,,,,,,,,,,,,
테마,소민,소민,0,,,,,,,,,,,,,,
테스트,소민,소민,0,,,,,,,,,,,,,,
테이,소민,소민,0,,,,,,,,,,,,,,
테이블,소민,소민,0,,,,,,,,,,,,,,
테이크아웃,소민,소민,2,,,,,,,,,,,,,,
텐션,소민,소민,0,,,,,,,,,,,,,,
텐트,소민,소민,0,,,,,,,,,,,,,,
토란,소민,소민,0,,,,,,,,,,,,,,
토럼,소민,소민,0,,,,,,,,,,,,,,
토렴,소민,소민,0,,,,,,,,,,,,,,
토렴돼,소민,소민,0,,,,,,,,,,,,,,
토렴되어,소민,소민,0,,,,,,,,,,,,,,
토렴식,소민,소민,0,,,,,,,,,,,,,,
토렴해,소민,소민,0,,,,,,,,,,,,,,
토로,소민,소민,0,,,,,,,,,,,,,,
토마토,소민,소민,0,,,,,,,,,,,,,,
토마토소스,소민,소민,0,,,,,,,,,,,,,,
토속,소민,소민,0,,,,,,,,,,,,,,
토요일,소민,소민,0,,,,,,,,,,,,,,
토욜,소민,소민,0,,,,,,,,,,,,,,
토종,소민,소민,0,,,,,,,,,,,,,,
토치,소민,소민,0,,,,,,,,,,,,,,
토크,소민,소민,0,,,,,,,,,,,,,,
토핑,소민,소민,0,,,,,,,,,,,,,,
토핑야채,소민,소민,0,,,,,,,,,,,,,,
토함,소민,소민,0,,,,,,,,,,,,,,
톡톡,소민,소민,0,,,,,,,,,,,,,,
통곡,소민,소민,0,,,,,,,,,,,,,,
통과,소민,소민,0,,,,,,,,,,,,,,
통기타,소민,소민,0,,,,,,,,,,,,,,
통로,소민,소민,0,,,,,,,,,,,,,,
통모,소민,소민,0,,,,,,,,,,,,,,
통밀,소민,소민,0,,,,,,,,,,,,,,
통상,소민,소민,0,,,,,,,,,,,,,,
통역,소민,소민,0,,,,,,,,,,,,,,
통일,소민,소민,0,,,,,,,,,,,,,,
통제,소민,소민,0,,,,,,,,,,,,,,
통조림,소민,소민,0,,,,,,,,,,,,,,
통창,소민,소민,0,,,,,,,,,,,,,,
통치,소민,소민,0,,,,,,,,,,,,,,
통통,소민,소민,0,,,,,,,,,,,,,,
통해,소민,소민,0,,,,,,,,,,,,,,
통화,소민,소민,0,,,,,,,,,,,,,,
퇴근,소민,소민,0,,,,,,,,,,,,,,
퇴근길,소민,소민,0,,,,,,,,,,,,,,
퇴사,소민,소민,0,,,,,,,,,,,,,,
퇴색,소민,소민,0,,,,,,,,,,,,,,
퇴원,소민,소민,0,,,,,,,,,,,,,,
투리,소민,소민,0,,,,,,,,,,,,,,
투머치,소민,소민,-2,,,,,,,,,,,,,,
투박,소민,소민,0,,,,,,,,,,,,,,
투뿔,소민,소민,0,,,,,,,,,,,,,,
투스타,소민,소민,0,,,,,,,,,,,,,,
투어,소민,소민,0,,,,,,,,,,,,,,
투자,소민,소민,0,,,,,,,,,,,,,,
툭툭,소민,소민,0,,,,,,,,,,,,,,
툴툴,소민,소민,-2,,,,,,,,,,,,,,
튀김,소민,소민,0,,,,,,,,,,,,,,
튀어,소민,소민,0,,,,,,,,,,,,,,
튜닝,소민,소민,0,,,,,,,,,,,,,,
트러블,소민,소민,0,,,,,,,,,,,,,,
트러스,소민,소민,0,,,,,,,,,,,,,,
트러플,소민,소민,0,,,,,,,,,,,,,,
트렌드,소민,소민,0,,,,,,,,,,,,,,
트렌디,소민,소민,0,,,,,,,,,,,,,,
트림,소민,소민,0,,,,,,,,,,,,,,
특대,소민,소민,0,,,,,,,,,,,,,,
특별,소민,소민,1,,,,,,,,,,,,,,
특사,소민,소민,0,,,,,,,,,,,,,,
특색,소민,소민,1,,,,,,,,,,,,,,
특선,소민,소민,0,,,,,,,,,,,,,,
특성,소민,소민,0,,,,,,,,,,,,,,
특아니,소민,소민,0,,,,,,,,,,,,,,
특양,소민,소민,0,,,,,,,,,,,,,,
특유,소민,소민,0,,,,,,,,,,,,,,
특유향,소민,소민,0,,,,,,,,,,,,,,
특을시켯음,소민,소민,0,,,,,,,,,,,,,,
특이,소민,소민,0,,,,,,,,,,,,,,
특제,소민,소민,0,,,,,,,,,,,,,,
특징,소민,소민,0,,,,,,,,,,,,,,
특화,소민,소민,0,,,,,,,,,,,,,,
튿히,소민,소민,0,,,,,,,,,,,,,,
틈새시장,소민,소민,0,,,,,,,,,,,,,,
티나,소민,소민,0,,,,,,,,,,,,,,
티비,소민,소민,0,,,,,,,,,,,,,,
티어,소민,소민,0,,,,,,,,,,,,,,
틴트,소민,소민,0,,,,,,,,,,,,,,
팀원,소민,소민,0,,,,,,,,,,,,,,
팅할,소민,소민,0,,,,,,,,,,,,,,
팅함,소민,소민,0,,,,,,,,,,,,,,
팅후,소민,소민,0,,,,,,,,,,,,,,
파가,소민,소민,0,,,,,,,,,,,,,,
파고,소민,소민,0,,,,,,,,,,,,,,
파김치,소민,소민,0,,,,,,,,,,,,,,
파도,소민,소민,0,,,,,,,,,,,,,,
파라,소민,소민,0,,,,,,,,,,,,,,
파란색,소민,소민,0,,,,,,,,,,,,,,
파랑,소민,소민,0,,,,,,,,,,,,,,
파리,소민,소민,0,,,,,,,,,,,,,,
파보,소민,소민,0,,,,,,,,,,,,,,
파스타,소민,소민,0,,,,,,,,,,,,,,
파악,소민,소민,0,,,,,,,,,,,,,,
파인애플,소민,소민,0,,,,,,,,,,,,,,
파장,소민,소민,0,,,,,,,,,,,,,,
파전,소민,소민,0,,,,,,,,,,,,,,
파주,소민,소민,0,,,,,,,,,,,,,,
파채,소민,소민,0,,,,,,,,,,,,,,
파티,소민,소민,0,,,,,,,,,,,,,,
파프리카,소민,소민,0,,,,,,,,,,,,,,
파향,소민,소민,0,,,,,,,,,,,,,,
팍파,소민,소민,0,,,,,,,,,,,,,,
판도,소민,소민,0,,,,,,,,,,,,,,
판매,소민,소민,0,,,,,,,,,,,,,,
판소리,소민,소민,0,,,,,,,,,,,,,,
판이,소민,소민,0,,,,,,,,,,,,,,
팔도,소민,소민,0,,,,,,,,,,,,,,
팔뚝,소민,소민,0,,,,,,,,,,,,,,
팔로잉,소민,소민,0,,,,,,,,,,,,,,
팔면,소민,소민,0,,,,,,,,,,,,,,
팔자,소민,소민,0,,,,,,,,,,,,,,
팔천원,소민,소민,0,,,,,,,,,,,,,,
팔팔,소민,소민,0,,,,,,,,,,,,,,
팝업,소민,소민,0,,,,,,,,,,,,,,
팥죽,소민,소민,0,,,,,,,,,,,,,,
패보릿,소민,소민,0,,,,,,,,,,,,,,
패스,소민,소민,0,,,,,,,,,,,,,,
패자,소민,소민,0,,,,,,,,,,,,,,
패트병,소민,소민,0,,,,,,,,,,,,,,
팩트,소민,소민,0,,,,,,,,,,,,,,
팬케이크,소민,소민,0,,,,,,,,,,,,,,
팻말,소민,소민,0,,,,,,,,,,,,,,
팽이버섯,소민,소민,0,,,,,,,,,,,,,,
퍈하,소민,소민,0,,,,,,,,,,,,,,
퍼먹으,소민,소민,0,,,,,,,,,,,,,,
퍼주,소민,소민,0,,,,,,,,,,,,,,
퍼포먼스,소민,소민,0,,,,,,,,,,,,,,
퍽퍽,소민,소민,0,,,,,,,,,,,,,,
퍽퍽살,소민,소민,0,,,,,,,,,,,,,,
퍽퍽해,소민,소민,0,,,,,,,,,,,,,,
페셔널,소민,소민,0,,,,,,,,,,,,,,
페어,소민,소민,0,,,,,,,,,,,,,,
페이,소민,소민,0,,,,,,,,,,,,,,
페이스메이커,소민,소민,0,,,,,,,,,,,,,,
페트,소민,소민,0,,,,,,,,,,,,,,
페트병,소민,소민,0,,,,,,,,,,,,,,
편견,소민,소민,0,,,,,,,,,,,,,,
편도,소민,소민,0,,,,,,,,,,,,,,
편리,소민,소민,0,,,,,,,,,,,,,,
편식,소민,소민,0,,,,,,,,,,,,,,
편안함,소민,소민,0,,,,,,,,,,,,,,
편육,소민,소민,0,,,,,,,,,,,,,,
편의,소민,소민,0,,,,,,,,,,,,,,
편의점,소민,소민,0,,,,,,,,,,,,,,
편이,소민,소민,0,,,,,,,,,,,,,,
편입,소민,소민,0,,,,,,,,,,,,,,
편차,소민,소민,0,,,,,,,,,,,,,,
평가,소민,소민,0,,,,,,,,,,,,,,
평균,소민,소민,0,,,,,,,,,,,,,,
평냉,소민,소민,0,,,,,,,,,,,,,,
평냉거냉,소민,소민,0,,,,,,,,,,,,,,
평냉답,소민,소민,0,,,,,,,,,,,,,,
평냉맛,소민,소민,0,,,,,,,,,,,,,,
평냉먹엇어,소민,소민,0,,,,,,,,,,,,,,
평냉임,소민,소민,0,,,,,,,,,,,,,,
평냉집,소민,소민,0,,,,,,,,,,,,,,
평냉탑,소민,소민,0,,,,,,,,,,,,,,
평린,소민,소민,0,,,,,,,,,,,,,,
평민,소민,소민,0,,,,,,,,,,,,,,
평범,소민,소민,0,,,,,,,,,,,,,,
평상시,소민,소민,0,,,,,,,,,,,,,,
평생,소민,소민,0,,,,,,,,,,,,,,
평소,소민,소민,0,,,,,,,,,,,,,,
평양,소민,소민,0,,,,,,,,,,,,,,
평이,소민,소민,0,,,,,,,,,,,,,,
평일,소민,소민,0,,,,,,,,,,,,,,
평일도,소민,소민,0,,,,,,,,,,,,,,
평점,소민,소민,0,,,,,,,,,,,,,,
평타,소민,소민,0,,,,,,,,,,,,,,
포기,소민,소민,0,,,,,,,,,,,,,,
포도,소민,소민,0,,,,,,,,,,,,,,
포도주,소민,소민,0,,,,,,,,,,,,,,
포도주스,소민,소민,0,,,,,,,,,,,,,,
포도청,소민,소민,0,,,,,,,,,,,,,,
포동,소민,소민,0,,,,,,,,,,,,,,
포만,소민,소민,0,,,,,,,,,,,,,,
포스,소민,소민,0,,,,,,,,,,,,,,
포스터,소민,소민,0,,,,,,,,,,,,,,
포식,소민,소민,0,,,,,,,,,,,,,,
포인트,소민,소민,0,,,,,,,,,,,,,,
포장,소민,소민,0,,,,,,,,,,,,,,
포차,소민,소민,0,,,,,,,,,,,,,,
포토,소민,소민,0,,,,,,,,,,,,,,
포포,소민,소민,0,,,,,,,,,,,,,,
포함,소민,소민,0,,,,,,,,,,,,,,
폭격기,소민,소민,0,,,,,,,,,,,,,,
폭력,소민,소민,0,,,,,,,,,,,,,,
폭로,소민,소민,0,,,,,,,,,,,,,,
폭룡,소민,소민,0,,,,,,,,,,,,,,
폭룡적,소민,소민,2,,,,,,,,,,,,,,
폭발,소민,소민,0,,,,,,,,,,,,,,
폭염,소민,소민,0,,,,,,,,,,,,,,
폭죽,소민,소민,0,,,,,,,,,,,,,,
폭탄,소민,소민,0,,,,,,,,,,,,,,
폭포,소민,소민,0,,,,,,,,,,,,,,
폭풍,소민,소민,0,,,,,,,,,,,,,,
퐁듀,소민,소민,0,,,,,,,,,,,,,,
표고,소민,소민,0,,,,,,,,,,,,,,
표기,소민,소민,0,,,,,,,,,,,,,,
표본,소민,소민,0,,,,,,,,,,,,,,
표시,소민,소민,0,,,,,,,,,,,,,,
표정,소민,소민,0,,,,,,,,,,,,,,
표준,소민,소민,0,,,,,,,,,,,,,,
표지판,소민,소민,0,,,,,,,,,,,,,,
표현,소민,소민,0,,,,,,,,,,,,,,
푸대접,소민,소민,0,,,,,,,,,,,,,,
푸드,소민,소민,0,,,,,,,,,,,,,,
푸드코트,소민,소민,0,,,,,,,,,,,,,,
푸딩,소민,소민,0,,,,,,,,,,,,,,
푸른,소민,소민,0,,,,,,,,,,,,,,
푸른밤,소민,소민,0,,,,,,,,,,,,,,
푸욱,소민,소민,0,,,,,,,,,,,,,,
푸파,소민,소민,0,,,,,,,,,,,,,,
풀기,소민,소민,0,,,,,,,,,,,,,,
풀림,소민,소민,0,,,,,,,,,,,,,,
풀무원,소민,소민,0,,,,,,,,,,,,,,
풀방,소민,소민,0,,,,,,,,,,,,,,
풀이,소민,소민,0,,,,,,,,,,,,,,
풀향,소민,소민,0,,,,,,,,,,,,,,
품격,소민,소민,0,,,,,,,,,,,,,,
품절,소민,소민,0,,,,,,,,,,,,,,
품질,소민,소민,0,,,,,,,,,,,,,,
풋내,소민,소민,0,,,,,,,,,,,,,,
풍경,소민,소민,0,,,,,,,,,,,,,,
풍자,소민,소민,0,,,,,,,,,,,,,,
퓨전,소민,소민,0,,,,,,,,,,,,,,
퓨젼,소민,소민,0,,,,,,,,,,,,,,
프라이,소민,소민,0,,,,,,,,,,,,,,
프라이팬,소민,소민,0,,,,,,,,,,,,,,
프랜차이즈,소민,소민,0,,,,,,,,,,,,,,
프레,소민,소민,0,,,,,,,,,,,,,,
프로,소민,소민,0,,,,,,,,,,,,,,
프로그램,소민,소민,0,,,,,,,,,,,,,,
프로모션,소민,소민,0,,,,,,,,,,,,,,
프로세스,소민,소민,0,,,,,,,,,,,,,,
프리,소민,소민,0,,,,,,,,,,,,,,
프리가,소민,소민,0,,,,,,,,,,,,,,
프리미엄,소민,소민,0,,,,,,,,,,,,,,
프린트,소민,소민,0,,,,,,,,,,,,,,
프릳츠,소민,소민,0,,,,,,,,,,,,,,
프림,소민,소민,0,,,,,,,,,,,,,,
프차,소민,소민,0,,,,,,,,,,,,,,
플러스,소민,소민,0,,,,,,,,,,,,,,
플레이,소민,소민,0,,,,,,,,,,,,,,
플레인,소민,소민,0,,,,,,,,,,,,,,
피고,소민,소민,0,,,,,,,,,,,,,,
피난민,소민,소민,0,,,,,,,,,,,,,,
피날레,소민,소민,0,,,,,,,,,,,,,,
피드백,소민,소민,0,,,,,,,,,,,,,,
피부,소민,소민,0,,,,,,,,,,,,,,
피스,소민,소민,0,,,,,,,,,,,,,,
피어,소민,소민,0,,,,,,,,,,,,,,
피자,소민,소민,0,,,,,,,,,,,,,,
피자치즈,소민,소민,0,,,,,,,,,,,,,,
피크,소민,소민,0,,,,,,,,,,,,,,
피크타임,소민,소민,0,,,,,,,,,,,,,,
피클,소민,소민,0,,,,,,,,,,,,,,
피하,소민,소민,0,,,,,,,,,,,,,,
피해,소민,소민,0,,,,,,,,,,,,,,
피힐수,소민,소민,0,,,,,,,,,,,,,,
픽업,소민,소민,0,,,,,,,,,,,,,,
필동,소민,소민,0,,,,,,,,,,,,,,
필드,소민,소민,0,,,,,,,,,,,,,,
필수,소민,소민,0,,,,,,,,,,,,,,
필승,소민,소민,0,,,,,,,,,,,,,,
필요,소민,소민,0,,,,,,,,,,,,,,
필터,소민,소민,0,,,,,,,,,,,,,,
핏물,소민,소민,0,,,,,,,,,,,,,,
핑계,소민,소민,0,,,,,,,,,,,,,,
하겐다즈,소민,소민,0,,,,,,,,,,,,,,
하규,소민,소민,0,,,,,,,,,,,,,,
하나,소민,소민,0,,,,,,,,,,,,,,
하나라,소민,소민,0,,,,,,,,,,,,,,
하나로,소민,소민,0,,,,,,,,,,,,,,
하나요,소민,소민,0,,,,,,,,,,,,,,
하남,소민,소민,0,,,,,,,,,,,,,,
하니,소민,소민,0,,,,,,,,,,,,,,
하동관,소민,소민,0,,,,,,,,,,,,,,
하등,소민,소민,0,,,,,,,,,,,,,,
하디,소민,소민,0,,,,,,,,,,,,,,
하라,소민,소민,0,,,,,,,,,,,,,,
하래,소민,소민,0,,,,,,,,,,,,,,
하루,소민,소민,0,,,,,,,,,,,,,,
하루살이,소민,소민,0,,,,,,,,,,,,,,
하민이,소민,소민,0,,,,,,,,,,,,,,
하방,소민,소민,0,,,,,,,,,,,,,,
하아압,소민,소민,0,,,,,,,,,,,,,,
하얼빈,소민,소민,0,,,,,,,,,,,,,,
하여튼,소민,소민,0,,,,,,,,,,,,,,
하와이,소민,소민,0,,,,,,,,,,,,,,
하우스,소민,소민,0,,,,,,,,,,,,,,
하이,소민,소민,2,,,,,,,,,,,,,,
하이라이트,소민,소민,0,,,,,,,,,,,,,,
하자,소민,소민,0,,,,,,,,,,,,,,
하진,소민,소민,0,,,,,,,,,,,,,,
하트,소민,소민,0,,,,,,,,,,,,,,
하프마라톤,소민,소민,0,,,,,,,,,,,,,,
하하,소민,소민,0,,,,,,,,,,,,,,
하하호호,소민,소민,0,,,,,,,,,,,,,,
학교,소민,소민,0,,,,,,,,,,,,,,
학생,소민,소민,0,,,,,,,,,,,,,,
학식,소민,소민,0,,,,,,,,,,,,,,
학원,소민,소민,0,,,,,,,,,,,,,,
한가운데,소민,소민,0,,,,,,,,,,,,,,
한가지,소민,소민,0,,,,,,,,,,,,,,
한강,소민,소민,0,,,,,,,,,,,,,,
한겨울,소민,소민,0,,,,,,,,,,,,,,
한결,소민,소민,0,,,,,,,,,,,,,,
한계,소민,소민,1,,,,,,,,,,,,,,
한국,소민,소민,0,,,,,,,,,,,,,,
한국어,소민,소민,0,,,,,,,,,,,,,,
한국인,소민,소민,0,,,,,,,,,,,,,,
한남동,소민,소민,0,,,,,,,,,,,,,,
한도,소민,소민,0,,,,,,,,,,,,,,
한마디,소민,소민,0,,,,,,,,,,,,,,
한몫,소민,소민,0,,,,,,,,,,,,,,
한번,소민,소민,0,,,,,,,,,,,,,,
한상일,소민,소민,0,,,,,,,,,,,,,,
한상태,소민,소민,0,,,,,,,,,,,,,,
한소리,소민,소민,0,,,,,,,,,,,,,,
한수,소민,소민,0,,,,,,,,,,,,,,
한술,소민,소민,0,,,,,,,,,,,,,,
한숨,소민,소민,0,,,,,,,,,,,,,,
한시,소민,소민,0,,,,,,,,,,,,,,
한식,소민,소민,0,,,,,,,,,,,,,,
한식당,소민,소민,0,,,,,,,,,,,,,,
한약,소민,소민,0,,,,,,,,,,,,,,
한약재,소민,소민,0,,,,,,,,,,,,,,
한여름,소민,소민,0,,,,,,,,,,,,,,
한우,소민,소민,0,,,,,,,,,,,,,,
한인,소민,소민,0,,,,,,,,,,,,,,
한자리,소민,소민,0,,,,,,,,,,,,,,
한잔,소민,소민,0,,,,,,,,,,,,,,
한장,소민,소민,0,,,,,,,,,,,,,,
한적,소민,소민,0,,,,,,,,,,,,,,
한정,소민,소민,0,,,,,,,,,,,,,,
한정식,소민,소민,0,,,,,,,,,,,,,,
한종,소민,소민,0,,,,,,,,,,,,,,
한주,소민,소민,0,,,,,,,,,,,,,,
한지,소민,소민,0,,,,,,,,,,,,,,
한진,소민,소민,0,,,,,,,,,,,,,,
한쪽,소민,소민,0,,,,,,,,,,,,,,
한참,소민,소민,2,,,,,,,,,,,,,,
한창,소민,소민,0,,,,,,,,,,,,,,
한철,소민,소민,0,,,,,,,,,,,,,,
한탄,소민,소민,0,,,,,,,,,,,,,,
한텀,소민,소민,0,,,,,,,,,,,,,,
한테라,소민,소민,0,,,,,,,,,,,,,,
한텐,소민,소민,-2,,,,,,,,,,,,,,
한파,소민,소민,0,,,,,,,,,,,,,,
한판,소민,소민,0,,,,,,,,,,,,,,
한편,소민,소민,0,,,,,,,,,,,,,,
할라피뇨,소민,소민,0,,,,,,,,,,,,,,
할머니,소민,소민,0,,,,,,,,,,,,,,
할머님,소민,소민,0,,,,,,,,,,,,,,
할아버지,소민,소민,0,,,,,,,,,,,,,,
할인,소민,소민,1,,,,,,,,,,,,,,
함냉,소민,소민,0,,,,,,,,,,,,,,
함량,소민,소민,0,,,,,,,,,,,,,,
함부로,소민,소민,0,,,,,,,,,,,,,,
함유량,소민,소민,0,,,,,,,,,,,,,,
함정,소민,소민,0,,,,,,,,,,,,,,
함흥냉묜,소민,소민,0,,,,,,,,,,,,,,
합격,소민,소민,0,,,,,,,,,,,,,,
합당,소민,소민,0,,,,,,,,,,,,,,
합류,소민,소민,0,,,,,,,,,,,,,,
합리,소민,소민,0,,,,,,,,,,,,,,
합석,소민,소민,0,,,,,,,,,,,,,,
합정,소민,소민,0,,,,,,,,,,,,,,
합정내,소민,소민,0,,,,,,,,,,,,,,
합정동,소민,소민,0,,,,,,,,,,,,,,
합정역,소민,소민,0,,,,,,,,,,,,,,
합정쪽,소민,소민,0,,,,,,,,,,,,,,
합치,소민,소민,0,,,,,,,,,,,,,,
합치기,소민,소민,0,,,,,,,,,,,,,,
핫도그,소민,소민,0,,,,,,,,,,,,,,
핫바,소민,소민,0,,,,,,,,,,,,,,
핫플,소민,소민,0,,,,,,,,,,,,,,
항상,소민,소민,0,,,,,,,,,,,,,,
항시,소민,소민,0,,,,,,,,,,,,,,
항정,소민,소민,0,,,,,,,,,,,,,,
항정살,소민,소민,0,,,,,,,,,,,,,,
해결,소민,소민,0,,,,,,,,,,,,,,
해고,소민,소민,0,,,,,,,,,,,,,,
해놓쿠,소민,소민,0,,,,,,,,,,,,,,
해뇨,소민,소민,0,,,,,,,,,,,,,,
해달,소민,소민,0,,,,,,,,,,,,,,
해당,소민,소민,0,,,,,,,,,,,,,,
해도,소민,소민,0,,,,,,,,,,,,,,
해동,소민,소민,0,,,,,,,,,,,,,,
해먹,소민,소민,0,,,,,,,,,,,,,,
해물,소민,소민,0,,,,,,,,,,,,,,
해물전,소민,소민,0,,,,,,,,,,,,,,
해물파전,소민,소민,0,,,,,,,,,,,,,,
해산물,소민,소민,0,,,,,,,,,,,,,,
해석,소민,소민,0,,,,,,,,,,,,,,
해소,소민,소민,0,,,,,,,,,,,,,,
해안가,소민,소민,0,,,,,,,,,,,,,,
해오,소민,소민,0,,,,,,,,,,,,,,
해외,소민,소민,0,,,,,,,,,,,,,,
해외여행,소민,소민,0,,,,,,,,,,,,,,
해장,소민,소민,0,,,,,,,,,,,,,,
해장국,소민,소민,0,,,,,,,,,,,,,,
해주,소민,소민,0,,,,,,,,,,,,,,
해주시,소민,소민,0,,,,,,,,,,,,,,
해준,소민,소민,0,,,,,,,,,,,,,,
해지,소민,소민,0,,,,,,,,,,,,,,
해짐,소민,소민,0,,,,,,,,,,,,,,
해치,소민,소민,0,,,,,,,,,,,,,,
핸드폰,소민,소민,0,,,,,,,,,,,,,,
핸들,소민,소민,0,,,,,,,,,,,,,,
햄버거,소민,소민,0,,,,,,,,,,,,,,
햇빛,소민,소민,0,,,,,,,,,,,,,,
했숩니,소민,소민,0,,,,,,,,,,,,,,
행동,소민,소민,0,,,,,,,,,,,,,,
행렬,소민,소민,0,,,,,,,,,,,,,,
행복,소민,소민,2,,,,,,,,,,,,,,
행복감,소민,소민,2,,,,,,,,,,,,,,
행사,소민,소민,0,,,,,,,,,,,,,,
행운,소민,소민,0,,,,,,,,,,,,,,
행주,소민,소민,0,,,,,,,,,,,,,,
행태,소민,소민,0,,,,,,,,,,,,,,
햐쥬셔소,소민,소민,0,,,,,,,,,,,,,,
향가,소민,소민,0,,,,,,,,,,,,,,
향기,소민,소민,0,,,,,,,,,,,,,,
향내,소민,소민,0,,,,,,,,,,,,,,
향수,소민,소민,0,,,,,,,,,,,,,,
향신료,소민,소민,0,,,,,,,,,,,,,,
향연,소민,소민,0,,,,,,,,,,,,,,
향채,소민,소민,0,,,,,,,,,,,,,,
햿내,소민,소민,0,,,,,,,,,,,,,,
허겁지겁,소민,소민,0,,,,,,,,,,,,,,
허공,소민,소민,0,,,,,,,,,,,,,,
허기,소민,소민,0,,,,,,,,,,,,,,
허름한데,소민,소민,0,,,,,,,,,,,,,,
허문,소민,소민,0,,,,,,,,,,,,,,
허브,소민,소민,0,,,,,,,,,,,,,,
허울,소민,소민,0,,,,,,,,,,,,,,
허탕,소민,소민,0,,,,,,,,,,,,,,
헌팅,소민,소민,0,,,,,,,,,,,,,,
험담,소민,소민,0,,,,,,,,,,,,,,
헛개차,소민,소민,0,,,,,,,,,,,,,,
헛걸음,소민,소민,0,,,,,,,,,,,,,,
헛소문,소민,소민,0,,,,,,,,,,,,,,
헤드셋,소민,소민,0,,,,,,,,,,,,,,
헤어,소민,소민,0,,,,,,,,,,,,,,
헤헤,소민,소민,0,,,,,,,,,,,,,,
헹구어,소민,소민,0,,,,,,,,,,,,,,
현금,소민,소민,0,,,,,,,,,,,,,,
현대,소민,소민,0,,,,,,,,,,,,,,
현미,소민,소민,0,,,,,,,,,,,,,,
현장,소민,소민,0,,,,,,,,,,,,,,
현재,소민,소민,0,,,,,,,,,,,,,,
현저,소민,소민,0,,,,,,,,,,,,,,
현지,소민,소민,0,,,,,,,,,,,,,,
혈당,소민,소민,0,,,,,,,,,,,,,,
협박,소민,소민,0,,,,,,,,,,,,,,
협소,소민,소민,0,,,,,,,,,,,,,,
협소하,소민,소민,0,,,,,,,,,,,,,,
협소함,소민,소민,0,,,,,,,,,,,,,,
협소해,소민,소민,0,,,,,,,,,,,,,,
협찬,소민,소민,0,,,,,,,,,,,,,,
형님,소민,소민,0,,,,,,,,,,,,,,
형제,소민,소민,0,,,,,,,,,,,,,,
형태,소민,소민,0,,,,,,,,,,,,,,
형편,소민,소민,0,,,,,,,,,,,,,,
혜자,소민,소민,0,,,,,,,,,,,,,,
혜택,소민,소민,0,,,,,,,,,,,,,,
호감,소민,소민,0,,,,,,,,,,,,,,
호강,소민,소민,0,,,,,,,,,,,,,,
호구,소민,소민,0,,,,,,,,,,,,,,
호기롭,소민,소민,0,,,,,,,,,,,,,,
호기심,소민,소민,0,,,,,,,,,,,,,,
호다닥,소민,소민,0,,,,,,,,,,,,,,
호들갑,소민,소민,0,,,,,,,,,,,,,,
호랑이,소민,소민,0,,,,,,,,,,,,,,
호리,소민,소민,0,,,,,,,,,,,,,,
호명,소민,소민,0,,,,,,,,,,,,,,
호박,소민,소민,0,,,,,,,,,,,,,,
호박죽,소민,소민,0,,,,,,,,,,,,,,
호불호,소민,소민,0,,,,,,,,,,,,,,
호선,소민,소민,0,,,,,,,,,,,,,,
호점,소민,소민,0,,,,,,,,,,,,,,
호출,소민,소민,0,,,,,,,,,,,,,,
호텔,소민,소민,0,,,,,,,,,,,,,,
호패,소민,소민,2,,,,,,,,,,,,,,
호호,소민,소민,0,,,,,,,,,,,,,,
혹시,소민,소민,0,,,,,,,,,,,,,,
혼동,소민,소민,0,,,,,,,,,,,,,,
혼란,소민,소민,0,,,,,,,,,,,,,,
혼밥,소민,소민,0,,,,,,,,,,,,,,
혼밥러,소민,소민,0,,,,,,,,,,,,,,
혼밥러들,소민,소민,0,,,,,,,,,,,,,,
혼밥석,소민,소민,0,,,,,,,,,,,,,,
혼밥존,소민,소민,0,,,,,,,,,,,,,,
혼용,소민,소민,0,,,,,,,,,,,,,,
혼자,소민,소민,0,,,,,,,,,,,,,,
혼잡,소민,소민,0,,,,,,,,,,,,,,
혼잣말,소민,소민,0,,,,,,,,,,,,,,
혼탁,소민,소민,0,,,,,,,,,,,,,,
혼합,소민,소민,0,,,,,,,,,,,,,,
홀려,소민,소민,0,,,,,,,,,,,,,,
홀리,소민,소민,0,,,,,,,,,,,,,,
홀린,소민,소민,0,,,,,,,,,,,,,,
홀짝,소민,소민,0,,,,,,,,,,,,,,
홍당무,소민,소민,0,,,,,,,,,,,,,,
홍대,소민,소민,0,,,,,,,,,,,,,,
홍대역,소민,소민,0,,,,,,,,,,,,,,
홍대입구역,소민,소민,0,,,,,,,,,,,,,,
홍보,소민,소민,0,,,,,,,,,,,,,,
홍석천,소민,소민,0,,,,,,,,,,,,,,
홍성대,소민,소민,0,,,,,,,,,,,,,,
홍어,소민,소민,0,,,,,,,,,,,,,,
홍어삼합,소민,소민,0,,,,,,,,,,,,,,
홍어회,소민,소민,0,,,,,,,,,,,,,,
홍콩,소민,소민,0,,,,,,,,,,,,,,
화가,소민,소민,0,,,,,,,,,,,,,,
화곡,소민,소민,0,,,,,,,,,,,,,,
화로,소민,소민,0,,,,,,,,,,,,,,
화룡,소민,소민,0,,,,,,,,,,,,,,
화만,소민,소민,0,,,,,,,,,,,,,,
화면,소민,소민,0,,,,,,,,,,,,,,
화방,소민,소민,0,,,,,,,,,,,,,,
화산,소민,소민,0,,,,,,,,,,,,,,
화요,소민,소민,0,,,,,,,,,,,,,,
화요일,소민,소민,0,,,,,,,,,,,,,,
화욜,소민,소민,0,,,,,,,,,,,,,,
화이트와인,소민,소민,0,,,,,,,,,,,,,,
화이팅,소민,소민,0,,,,,,,,,,,,,,
화장실,소민,소민,0,,,,,,,,,,,,,,
화제,소민,소민,0,,,,,,,,,,,,,,
화학,소민,소민,0,,,,,,,,,,,,,,
확률,소민,소민,0,,,,,,,,,,,,,,
확신,소민,소민,0,,,,,,,,,,,,,,
확실,소민,소민,0,,,,,,,,,,,,,,
확인,소민,소민,0,,,,,,,,,,,,,,
확장,소민,소민,0,,,,,,,,,,,,,,
확정,소민,소민,0,,,,,,,,,,,,,,
환경,소민,소민,0,,,,,,,,,,,,,,
환기,소민,소민,0,,,,,,,,,,,,,,
환대,소민,소민,0,,,,,,,,,,,,,,
환불,소민,소민,0,,,,,,,,,,,,,,
환상,소민,소민,0,,,,,,,,,,,,,,
활기,소민,소민,0,,,,,,,,,,,,,,
활용,소민,소민,0,,,,,,,,,,,,,,
황금,소민,소민,0,,,,,,,,,,,,,,
황당,소민,소민,0,,,,,,,,,,,,,,
황정,소민,소민,0,,,,,,,,,,,,,,
황태,소민,소민,0,,,,,,,,,,,,,,
황학,소민,소민,0,,,,,,,,,,,,,,
황홀,소민,소민,0,,,,,,,,,,,,,,
회관,소민,소민,0,,,,,,,,,,,,,,
회냉,소민,소민,0,,,,,,,,,,,,,,
회도,소민,소민,0,,,,,,,,,,,,,,
회랑,소민,소민,0,,,,,,,,,,,,,,
회복,소민,소민,0,,,,,,,,,,,,,,
회비,소민,소민,0,,,,,,,,,,,,,,
회사,소민,소민,0,,,,,,,,,,,,,,
회색,소민,소민,0,,,,,,,,,,,,,,
회수,소민,소민,0,,,,,,,,,,,,,,
회식,소민,소민,0,,,,,,,,,,,,,,
회임,소민,소민,0,,,,,,,,,,,,,,
회전,소민,소민,0,,,,,,,,,,,,,,
회차,소민,소민,0,,,,,,,,,,,,,,
회피,소민,소민,0,,,,,,,,,,,,,,
횟수,소민,소민,0,,,,,,,,,,,,,,
횡재,소민,소민,0,,,,,,,,,,,,,,
효과,소민,소민,0,,,,,,,,,,,,,,
효율,소민,소민,0,,,,,,,,,,,,,,
후각,소민,소민,0,,,,,,,,,,,,,,
후기,소민,소민,0,,,,,,,,,,,,,,
후끈,소민,소민,0,,,,,,,,,,,,,,
후다닥,소민,소민,0,,,,,,,,,,,,,,
후더닥,소민,소민,0,,,,,,,,,,,,,,
후루룩,소민,소민,0,,,,,,,,,,,,,,
후뤠,소민,소민,0,,,,,,,,,,,,,,
후면,소민,소민,0,,,,,,,,,,,,,,
후문,소민,소민,0,,,,,,,,,,,,,,
후반,소민,소민,-2,,,,,,,,,,,,,,
후배,소민,소민,0,,,,,,,,,,,,,,
후불,소민,소민,0,,,,,,,,,,,,,,
후시,소민,소민,0,,,,,,,,,,,,,,
후식,소민,소민,0,,,,,,,,,,,,,,
후암동,소민,소민,0,,,,,,,,,,,,,,
후추,소민,소민,0,,,,,,,,,,,,,,
후회,소민,소민,0,,,,,,,,,,,,,,
훅훅,소민,소민,0,,,,,,,,,,,,,,
훌룡,소민,소민,2,,,,,,,,,,,,,,
훌륭,소민,소민,2,,,,,,,,,,,,,,
휘향,소민,소민,0,,,,,,,,,,,,,,
휙휙,소민,소민,0,,,,,,,,,,,,,,
휠체어,소민,소민,0,,,,,,,,,,,,,,
휴가,소민,소민,0,,,,,,,,,,,,,,
휴대,소민,소민,0,,,,,,,,,,,,,,
휴대폰,소민,소민,0,,,,,,,,,,,,,,
휴무,소민,소민,0,,,,,,,,,,,,,,
휴일,소민,소민,0,,,,,,,,,,,,,,
휴지,소민,소민,0,,,,,,,,,,,,,,
휴지통,소민,소민,0,,,,,,,,,,,,,,
휼룡,소민,소민,2,,,,,,,,,,,,,,
흉내,소민,소민,0,,,,,,,,,,,,,,
흐물거리,소민,소민,0,,,,,,,,,,,,,,
흐물텅,소민,소민,-1,,,,,,,,,,,,,,
흐물흐물,소민,소민,-1,,,,,,,,,,,,,,
흐믈,소민,소민,0,,,,,,,,,,,,,,
흐트러,소민,소민,0,,,,,,,,,,,,,,
흑백,소민,소민,0,,,,,,,,,,,,,,
흑벡,소민,소민,0,,,,,,,,,,,,,,
흔적,소민,소민,0,,,,,,,,,,,,,,
흠뻑,소민,소민,0,,,,,,,,,,,,,,
흠칫,소민,소민,0,,,,,,,,,,,,,,
흡사,소민,소민,0,,,,,,,,,,,,,,
흡연,소민,소민,0,,,,,,,,,,,,,,
흡연실,소민,소민,0,,,,,,,,,,,,,,
흡입,소민,소민,0,,,,,,,,,,,,,,
흡족,소민,소민,2,,,,,,,,,,,,,,
흥건,소민,소민,0,,,,,,,,,,,,,,
흥안,소민,소민,0,,,,,,,,,,,,,,
흥이,소민,소민,0,,,,,,,,,,,,,,
흰밥,소민,소민,0,,,,,,,,,,,,,,
히터,소민,소민,0,,,,,,,,,,,,,,
힌진,소민,소민,0,,,,,,,,,,,,,,
힐링,소민,소민,1,,,,,,,,,,,,,,
힙란,소민,소민,0,,,,,,,,,,,,,,
힙하,소민,소민,0,,,,,,,,,,,,,,
힙하거,소민,소민,0,,,,,,,,,,,,,,
힙한데,소민,소민,0,,,,,,,,,,,,,,
힙합,소민,소민,0,,,,,,,,,,,,,,
힙해,소민,소민,0,,,,,,,,,,,,,,
가득가득,소민,소민,0,,,,,,,,,,,,,,
가만히,소민,소민,0,,,,,,,,,,,,,,
가물가물,소민,소민,0,,,,,,,,,,,,,,
가히,소민,소민,0,,,,,,,,,,,,,,
간신히,소민,소민,0,,,,,,,,,,,,,,
갈아,소민,소민,0,,,,,,,,,,,,,,
감사히,소민,소민,0,,,,,,,,,,,,,,
같이,소민,소민,0,,,,,,,,,,,,,,
갸웃,소민,소민,0,,,,,,,,,,,,,,
결국,소민,소민,0,,,,,,,,,,,,,,
계속계속,소민,소민,0,,,,,,,,,,,,,,
곤드레,소민,소민,0,,,,,,,,,,,,,,
골고루,소민,소민,1,,,,,,,,,,,,,,
곰곰,소민,소민,0,,,,,,,,,,,,,,
관계없이,소민,소민,0,,,,,,,,,,,,,,
괜히,소민,소민,0,,,,,,,,,,,,,,
그건,소민,소민,0,,,,,,,,,,,,,,
그걸,소민,소민,0,,,,,,,,,,,,,,
그나마,소민,소민,0.8,,,,,,,,,,,,,,
그나저나,소민,소민,0,,,,,,,,,,,,,,
그래도,소민,소민,0,,,,,,,,,,,,,,
그래서,소민,소민,0,,,,,,,,,,,,,,
그러니까,소민,소민,0,,,,,,,,,,,,,,
그러면,소민,소민,0,,,,,,,,,,,,,,
그럭저럭,소민,소민,0.7,,,,,,,,,,,,,,
그런대로,소민,소민,0.8,,,,,,,,,,,,,,
그렇게,소민,소민,0,,,,,,,,,,,,,,
그만,소민,소민,0,,,,,,,,,,,,,,
그만큼,소민,소민,0,,,,,,,,,,,,,,
그저,소민,소민,0,,,,,,,,,,,,,,
그제야,소민,소민,0,,,,,,,,,,,,,,
근데,소민,소민,0,,,,,,,,,,,,,,
기꺼이,소민,소민,0,,,,,,,,,,,,,,
깨끗이,소민,소민,0,,,,,,,,,,,,,,
꼬옥,소민,소민,0,,,,,,,,,,,,,,
꽉꽉,소민,소민,1.2,,,,,,,,,,,,,,
꽝꽝,소민,소민,0,,,,,,,,,,,,,,
꾸덕꾸덕,소민,소민,0,,,,,,,,,,,,,,
나긋나긋,소민,소민,1,,,,,,,,,,,,,,
남김없이,소민,소민,1.2,,,,,,,,,,,,,,
냅다,소민,소민,0,,,,,,,,,,,,,,
냠냠,소민,소민,1,,,,,,,,,,,,,,
너무,소민,소민,1.5,,,,,,,,,,,,,,
너무나,소민,소민,1.6,,,,,,,,,,,,,,
너무나도,소민,소민,1.6,,,,,,,,,,,,,,
널찍널찍,소민,소민,1,,,,,,,,,,,,,,
니글니글,소민,소민,-1,,,,,,,,,,,,,,
다닥다닥,소민,소민,-1,,,,,,,,,,,,,,
대놓고,소민,소민,-1,,,,,,,,,,,,,,
돌돌,소민,소민,0,,,,,,,,,,,,,,
되게,소민,소민,1.4,,,,,,,,,,,,,,
두근두근,소민,소민,1,,,,,,,,,,,,,,
드디어,소민,소민,0,,,,,,,,,,,,,,
들쑥날쑥,소민,소민,-1,,,,,,,,,,,,,,
디게,소민,소민,1.4,,,,,,,,,,,,,,
따로,소민,소민,0,,,,,,,,,,,,,,
떡하니,소민,소민,0,,,,,,,,,,,,,,
또는,소민,소민,0,,,,,,,,,,,,,,
똑같이,소민,소민,0,,,,,,,,,,,,,,
많이,소민,소민,0,,,,,,,,,,,,,,
맘대로,소민,소민,0,,,,,,,,,,,,,,
매주,소민,소민,0,,,,,,,,,,,,,,
매해,소민,소민,0,,,,,,,,,,,,,,
맨날,소민,소민,0,,,,,,,,,,,,,,
멀뚱멀뚱,소민,소민,0,,,,,,,,,,,,,,
물론,소민,소민,0,,,,,,,,,,,,,,
바글바글,소민,소민,0,,,,,,,,,,,,,,
바들바들,소민,소민,0,,,,,,,,,,,,,,
바로바로,소민,소민,0,,,,,,,,,,,,,,
바삭바삭,소민,소민,1,,,,,,,,,,,,,,
보들보들,소민,소민,1,,,,,,,,,,,,,,
보지지,소민,소민,0,,,,,,,,,,,,,,
복작복작,소민,소민,0,,,,,,,,,,,,,,
빠릿빠릿,소민,소민,1,,,,,,,,,,,,,,
빨리,소민,소민,0,,,,,,,,,,,,,,
설렁설렁,소민,소민,-1,,,,,,,,,,,,,,
수시로,소민,소민,0,,,,,,,,,,,,,,
수없이,소민,소민,1.3,,,,,,,,,,,,,,
스멀스멀,소민,소민,0,,,,,,,,,,,,,,
쌀쌀,소민,소민,0,,,,,,,,,,,,,,
쌩쌩,소민,소민,-1,,,,,,,,,,,,,,
쓸데없이,소민,소민,0,,,,,,,,,,,,,,
아낌없이,소민,소민,1.2,,,,,,,,,,,,,,
아득바득,소민,소민,0,,,,,,,,,,,,,,
아마도,소민,소민,0,,,,,,,,,,,,,,
아무래도,소민,소민,0,,,,,,,,,,,,,,
아무리,소민,소민,0,,,,,,,,,,,,,,
아무튼,소민,소민,0,,,,,,,,,,,,,,
아삭아삭,소민,소민,1,,,,,,,,,,,,,,
아조,소민,소민,0,,,,,,,,,,,,,,
아주아주,소민,소민,1.6,,,,,,,,,,,,,,
아직,소민,소민,0,,,,,,,,,,,,,,
아직도,소민,소민,0,,,,,,,,,,,,,,
암튼,소민,소민,0,,,,,,,,,,,,,,
어느,소민,소민,0,,,,,,,,,,,,,,
어디서,소민,소민,0,,,,,,,,,,,,,,
어딜,소민,소민,0,,,,,,,,,,,,,,
어영부영,소민,소민,-1,,,,,,,,,,,,,,
어쩌나,소민,소민,0,,,,,,,,,,,,,,
어쩌다,소민,소민,0,,,,,,,,,,,,,,
어쩔,소민,소민,0,,,,,,,,,,,,,,
어찌나,소민,소민,1.5,,,,,,,,,,,,,,
언능,소민,소민,0,,,,,,,,,,,,,,
언제나,소민,소민,0,,,,,,,,,,,,,,
언젠가,소민,소민,0,,,,,,,,,,,,,,
엄청,소민,소민,1.5,,,,,,,,,,,,,,
없이,소민,소민,0,,,,,,,,,,,,,,
연신,소민,소민,0,,,,,,,,,,,,,,
열심히,소민,소민,0,,,,,,,,,,,,,,
오독오독,소민,소민,1,,,,,,,,,,,,,,
오돌토돌,소민,소민,0,,,,,,,,,,,,,,
오동통,소민,소민,0,,,,,,,,,,,,,,
오래,소민,소민,0,,,,,,,,,,,,,,
오래간만,소민,소민,0,,,,,,,,,,,,,,
오래도록,소민,소민,0,,,,,,,,,,,,,,
오래전,소민,소민,0,,,,,,,,,,,,,,
오랜,소민,소민,0,,,,,,,,,,,,,,
오랫동안,소민,소민,0,,,,,,,,,,,,,,
오손도손,소민,소민,0,,,,,,,,,,,,,,
와장창,소민,소민,-1,,,,,,,,,,,,,,
왁자지껄,소민,소민,0,,,,,,,,,,,,,,
왠지,소민,소민,0,,,,,,,,,,,,,,
우루루,소민,소민,0,,,,,,,,,,,,,,
우연히,소민,소민,0,,,,,,,,,,,,,,
우우,소민,소민,0,,,,,,,,,,,,,,
유난히,소민,소민,1.3,,,,,,,,,,,,,,
으응,소민,소민,0,,,,,,,,,,,,,,
의외로,소민,소민,0,,,,,,,,,,,,,,
이렇게,소민,소민,0,,,,,,,,,,,,,,
이리,소민,소민,0,,,,,,,,,,,,,,
이맘때,소민,소민,0,,,,,,,,,,,,,,
이미,소민,소민,0,,,,,,,,,,,,,,
자꾸자꾸,소민,소민,1.5,,,,,,,,,,,,,,
자연스레,소민,소민,0,,,,,,,,,,,,,,
자주자주,소민,소민,0,,,,,,,,,,,,,,
저렇게,소민,소민,0,,,,,,,,,,,,,,
적어도,소민,소민,0,,,,,,,,,,,,,,
정말로,소민,소민,1.4,,,,,,,,,,,,,,
정신없이,소민,소민,0,,,,,,,,,,,,,,
조금씩,소민,소민,0.8,,,,,,,,,,,,,,
조아,소민,소민,0,,,,,,,,,,,,,,
죄다,소민,소민,1.2,,,,,,,,,,,,,,
지극히,소민,소민,1.5,,,,,,,,,,,,,,
짜글짜글,소민,소민,0,,,,,,,,,,,,,,
짜르르,소민,소민,0,,,,,,,,,,,,,,
짜박,소민,소민,0,,,,,,,,,,,,,,
찌릉,소민,소민,0,,,,,,,,,,,,,,
찔금,소민,소민,0.7,,,,,,,,,,,,,,
천천히,소민,소민,0,,,,,,,,,,,,,,
첨으로,소민,소민,0,,,,,,,,,,,,,,
치렁치렁,소민,소민,0,,,,,,,,,,,,,,
콩콩,소민,소민,0,,,,,,,,,,,,,,
쾅쾅,소민,소민,0,,,,,,,,,,,,,,
탈탈,소민,소민,0,,,,,,,,,,,,,,
탱글탱글,소민,소민,1,,,,,,,,,,,,,,
특히,소민,소민,0,,,,,,,,,,,,,,
팍팍,소민,소민,1.2,,,,,,,,,,,,,,
팡팡,소민,소민,0,,,,,,,,,,,,,,
평당,소민,소민,0,,,,,,,,,,,,,,
포슬포슬,소민,소민,1,,,,,,,,,,,,,,
푸덕,소민,소민,0,,,,,,,,,,,,,,
푸들푸들,소민,소민,0,,,,,,,,,,,,,,
푹푹,소민,소민,0,,,,,,,,,,,,,,
하나같이,소민,소민,0,,,,,,,,,,,,,,
하여간,소민,소민,0,,,,,,,,,,,,,,
한가득,소민,소민,1.2,,,,,,,,,,,,,,
한결같이,소민,소민,0,,,,,,,,,,,,,,
한껏,소민,소민,1.4,,,,,,,,,,,,,,
한동안,소민,소민,0,,,,,,,,,,,,,,
한때,소민,소민,0,,,,,,,,,,,,,,
한소끔,소민,소민,0,,,,,,,,,,,,,,
함께,소민,소민,0,,,,,,,,,,,,,,
허허,소민,소민,0,,,,,,,,,,,,,,
헉헉,소민,소민,0,,,,,,,,,,,,,,
호로록,소민,소민,0,,,,,,,,,,,,,,
혹은,소민,소민,0,,,,,,,,,,,,,,
후딱,소민,소민,0,,,,,,,,,,,,,,
훨씬,소민,소민,1.3,,,,,,,,,,,,,,
휘휘,소민,소민,0,,,,,,,,,,,,,,
가깝다,소민,소민,0,,,,,,,,,,,,,,
가난하다,소민,소민,-1,,,,,,,,,,,,,,
가능하다,소민,소민,0,,,,,,,,,,,,,,
가득하다,소민,소민,1,,,,,,,,,,,,,,
가볍다,소민,소민,0,,,,,,,,,,,,,,
각박하다,소민,소민,-1,,,,,,,,,,,,,,
간결하다,소민,소민,1,,,,,,,,,,,,,,
간단하다,소민,소민,0,,,,,,,,,,,,,,
간절하다,소민,소민,0,,,,,,,,,,,,,,
간편하다,소민,소민,1,,,,,,,,,,,,,,
갑작스럽다,소민,소민,0,,,,,,,,,,,,,,
강력하다,소민,소민,1,,,,,,,,,,,,,,
강렬하다,소민,소민,0,,,,,,,,,,,,,,
강하다,소민,소민,0,,,,,,,,,,,,,,
같다,소민,소민,0,,,,,,,,,,,,,,
개운하다,소민,소민,1,,,,,,,,,,,,,,
거뜬하다,소민,소민,1,,,,,,,,,,,,,,
거북하다,소민,소민,-1,,,,,,,,,,,,,,
건강하다,소민,소민,1,,,,,,,,,,,,,,
걸쭉하다,소민,소민,1,,,,,,,,,,,,,,
검다,소민,소민,0,,,,,,,,,,,,,,
계시다,소민,소민,0,,,,,,,,,,,,,,
고급스럽다,소민,소민,2,,,,,,,,,,,,,,
고맙다,소민,소민,2,,,,,,,,,,,,,,
고소하다,소민,소민,1,,,,,,,,,,,,,,
고슬고슬하다,소민,소민,1,,,,,,,,,,,,,,
고프다,소민,소민,0,,,,,,,,,,,,,,
곤란하다,소민,소민,-1,,,,,,,,,,,,,,
곱다,소민,소민,0,,,,,,,,,,,,,,
공평하다,소민,소민,1,,,,,,,,,,,,,,
괘씸하다,소민,소민,-2,,,,,,,,,,,,,,
괜찮다,소민,소민,1,,,,,,,,,,,,,,
괴롭다,소민,소민,-1,,,,,,,,,,,,,,
굉장하다,소민,소민,2,,,,,,,,,,,,,,
구리다,소민,소민,-2,,,,,,,,,,,,,,
구수하다,소민,소민,1,,,,,,,,,,,,,,
굳다,소민,소민,0,,,,,,,,,,,,,,
굵다,소민,소민,0,,,,,,,,,,,,,,
궁금하다,소민,소민,0,,,,,,,,,,,,,,
귀엽다,소민,소민,1,,,,,,,,,,,,,,
귀찮다,소민,소민,-1,,,,,,,,,,,,,,
귀하다,소민,소민,1,,,,,,,,,,,,,,
균일하다,소민,소민,0,,,,,,,,,,,,,,
그러하다,소민,소민,0,,,,,,,,,,,,,,
그렇다,소민,소민,0,,,,,,,,,,,,,,
그립다,소민,소민,0,,,,,,,,,,,,,,
그만하다,소민,소민,0,,,,,,,,,,,,,,
그을리다,소민,소민,0,,,,,,,,,,,,,,
극진하다,소민,소민,1,,,,,,,,,,,,,,
급하다,소민,소민,0,,,,,,,,,,,,,,
기괴하다,소민,소민,-1,,,,,,,,,,,,,,
기대하다,소민,소민,0,,,,,,,,,,,,,,
기막히다,소민,소민,-1,,,,,,,,,,,,,,
기쁘다,소민,소민,2,,,,,,,,,,,,,,
길다,소민,소민,0,,,,,,,,,,,,,,
길쭉하다,소민,소민,0,,,,,,,,,,,,,,
깊다,소민,소민,0,,,,,,,,,,,,,,
까다롭다,소민,소민,-1,,,,,,,,,,,,,,
까맣다,소민,소민,0,,,,,,,,,,,,,,
까칠하다,소민,소민,-1,,,,,,,,,,,,,,
깔끔하다,소민,소민,1,,,,,,,,,,,,,,
깨끗하다,소민,소민,2,,,,,,,,,,,,,,
꼬들꼬들하다,소민,소민,1,,,,,,,,,,,,,,
꼬이다,소민,소민,-1,,,,,,,,,,,,,,
꼼꼼하다,소민,소민,1,,,,,,,,,,,,,,
꾸준하다,소민,소민,1,,,,,,,,,,,,,,
끊임없다,소민,소민,0,,,,,,,,,,,,,,
끝내주다,소민,소민,2,,,,,,,,,,,,,,
나쁘다,소민,소민,-2,,,,,,,,,,,,,,
날카롭다,소민,소민,-1,,,,,,,,,,,,,,
낡다,소민,소민,-1,,,,,,,,,,,,,,
남다르다,소민,소민,1,,,,,,,,,,,,,,
남짓하다,소민,소민,0,,,,,,,,,,,,,,
낭비하다,소민,소민,-1,,,,,,,,,,,,,,
낮다,소민,소민,0,,,,,,,,,,,,,,
냉정하다,소민,소민,-1,,,,,,,,,,,,,,
너무하다,소민,소민,-1,,,,,,,,,,,,,,
넉넉하다,소민,소민,1,,,,,,,,,,,,,,
널찍하다,소민,소민,1,,,,,,,,,,,,,,
넓다,소민,소민,1,,,,,,,,,,,,,,
넘치다,소민,소민,0,,,,,,,,,,,,,,
넙데데하다,소민,소민,0,,,,,,,,,,,,,,
노랗다,소민,소민,0,,,,,,,,,,,,,,
노련하다,소민,소민,0,,,,,,,,,,,,,,
놀랍다,소민,소민,0,,,,,,,,,,,,,,
놀래다,소민,소민,0,,,,,,,,,,,,,,
높다,소민,소민,0,,,,,,,,,,,,,,
눅눅하다,소민,소민,-1,,,,,,,,,,,,,,
눅진하다,소민,소민,0,,,,,,,,,,,,,,
느긋하다,소민,소민,0,,,,,,,,,,,,,,
느끼하다,소민,소민,-1,,,,,,,,,,,,,,
느리다,소민,소민,-1,,,,,,,,,,,,,,
능숙하다,소민,소민,1,,,,,,,,,,,,,,
다르다,소민,소민,0,,,,,,,,,,,,,,
다분하다,소민,소민,0,,,,,,,,,,,,,,
다양하다,소민,소민,1,,,,,,,,,,,,,,
다정하다,소민,소민,1,,,,,,,,,,,,,,
다행하다,소민,소민,1,,,,,,,,,,,,,,
단단하다,소민,소민,0,,,,,,,,,,,,,,
단순하다,소민,소민,0,,,,,,,,,,,,,,
단조롭다,소민,소민,-1,,,,,,,,,,,,,,
달짝지근하다,소민,소민,1,,,,,,,,,,,,,,
달착지근하다,소민,소민,1,,,,,,,,,,,,,,
달콤하다,소민,소민,1,,,,,,,,,,,,,,
달큼하다,소민,소민,0,,,,,,,,,,,,,,
담백하다,소민,소민,1,,,,,,,,,,,,,,
답답하다,소민,소민,-1,,,,,,,,,,,,,,
당당하다,소민,소민,0,,,,,,,,,,,,,,
당연하다,소민,소민,0,,,,,,,,,,,,,,
당하다,소민,소민,0,,,,,,,,,,,,,,
당혹스럽다,소민,소민,-1,,,,,,,,,,,,,,
대단하다,소민,소민,0,,,,,,,,,,,,,,
대담하다,소민,소민,0,,,,,,,,,,,,,,
더럽다,소민,소민,-2,,,,,,,,,,,,,,
더부룩하다,소민,소민,-1,,,,,,,,,,,,,,
더하다,소민,소민,0,,,,,,,,,,,,,,
덜하다,소민,소민,0,,,,,,,,,,,,,,
덥다,소민,소민,-1,,,,,,,,,,,,,,
도톰하다,소민,소민,1,,,,,,,,,,,,,,
독특하다,소민,소민,0,,,,,,,,,,,,,,
동일하다,소민,소민,0,,,,,,,,,,,,,,
두껍다,소민,소민,0,,,,,,,,,,,,,,
두텁다,소민,소민,0,,,,,,,,,,,,,,
뒤늦다,소민,소민,0,,,,,,,,,,,,,,
드라마틱하다,소민,소민,0,,,,,,,,,,,,,,
드럽다,소민,소민,-2,,,,,,,,,,,,,,
드물다,소민,소민,0,,,,,,,,,,,,,,
든든하다,소민,소민,1,,,,,,,,,,,,,,
듬직하다,소민,소민,1,,,,,,,,,,,,,,
따갑다,소민,소민,-1,,,,,,,,,,,,,,
따끈하다,소민,소민,1,,,,,,,,,,,,,,
따뜻하다,소민,소민,1,,,,,,,,,,,,,,
따스하다,소민,소민,1,,,,,,,,,,,,,,
딱딱하다,소민,소민,-1,,,,,,,,,,,,,,
딱이다,소민,소민,1,,,,,,,,,,,,,,
딱좋다,소민,소민,2,,,,,,,,,,,,,,
딱하다,소민,소민,0,,,,,,,,,,,,,,
딴다,소민,소민,0,,,,,,,,,,,,,,
똑같다,소민,소민,0,,,,,,,,,,,,,,
뛰어나다,소민,소민,2,,,,,,,,,,,,,,
뜨겁다,소민,소민,0,,,,,,,,,,,,,,
뜨끈하다,소민,소민,1,,,,,,,,,,,,,,
뜨끔하다,소민,소민,0,,,,,,,,,,,,,,
뜨뜻하다,소민,소민,1,,,,,,,,,,,,,,
마땅하다,소민,소민,0,,,,,,,,,,,,,,
마르다,소민,소민,0,,,,,,,,,,,,,,
마지못하다,소민,소민,-1,,,,,,,,,,,,,,
만족스럽다,소민,소민,2,,,,,,,,,,,,,,
만족하다,소민,소민,1,,,,,,,,,,,,,,
많다,소민,소민,0,,,,,,,,,,,,,,
말르다,소민,소민,0,,,,,,,,,,,,,,
맑다,소민,소민,1,,,,,,,,,,,,,,
맛깔나다,소민,소민,2,,,,,,,,,,,,,,
맛없다,소민,소민,-2,,,,,,,,,,,,,,
맛있다,소민,소민,2,,,,,,,,,,,,,,
망하다,소민,소민,-2,,,,,,,,,,,,,,
맵다,소민,소민,0,,,,,,,,,,,,,,
맹맹하다,소민,소민,-1,,,,,,,,,,,,,,
머쓱하다,소민,소민,0,,,,,,,,,,,,,,
멀다,소민,소민,-1,,,,,,,,,,,,,,
멀쩡하다,소민,소민,1,,,,,,,,,,,,,,
멋있다,소민,소민,1,,,,,,,,,,,,,,
멋지다,소민,소민,2,,,,,,,,,,,,,,
멍청하다,소민,소민,-1,,,,,,,,,,,,,,
명명하다,소민,소민,0,,,,,,,,,,,,,,
명확하다,소민,소민,1,,,,,,,,,,,,,,
모호하다,소민,소민,0,,,,,,,,,,,,,,
몰지각하다,소민,소민,-1,,,,,,,,,,,,,,
몰캉하다,소민,소민,0,,,,,,,,,,,,,,
무겁다,소민,소민,0,,,,,,,,,,,,,,
무덥다,소민,소민,0,,,,,,,,,,,,,,
무뚝뚝하다,소민,소민,-1,,,,,,,,,,,,,,
무례하다,소민,소민,-2,,,,,,,,,,,,,,
무리다,소민,소민,-1,,,,,,,,,,,,,,
무섭다,소민,소민,-1,,,,,,,,,,,,,,
무심하다,소민,소민,-1,,,,,,,,,,,,,,
무안하다,소민,소민,-1,,,,,,,,,,,,,,
묵직하다,소민,소민,0,,,,,,,,,,,,,,
물컹하다,소민,소민,-1,,,,,,,,,,,,,,
묽다,소민,소민,-1,,,,,,,,,,,,,,
미끄럽다,소민,소민,-1,,,,,,,,,,,,,,
미묘하다,소민,소민,0,,,,,,,,,,,,,,
미미하다,소민,소민,-1,,,,,,,,,,,,,,
미세하다,소민,소민,0,,,,,,,,,,,,,,
미안하다,소민,소민,-1,,,,,,,,,,,,,,
미지근하다,소민,소민,-1,,,,,,,,,,,,,,
미치다,소민,소민,0,,,,,,,,,,,,,,
미흡하다,소민,소민,-1,,,,,,,,,,,,,,
민감하다,소민,소민,0,,,,,,,,,,,,,,
민망하다,소민,소민,-1,,,,,,,,,,,,,,
밉다,소민,소민,-1,,,,,,,,,,,,,,
밋밋하다,소민,소민,-1,,,,,,,,,,,,,,
바쁘다,소민,소민,0,,,,,,,,,,,,,,
바삭바삭하다,소민,소민,1,,,,,,,,,,,,,,
박하다,소민,소민,-1,,,,,,,,,,,,,,
반갑다,소민,소민,1,,,,,,,,,,,,,,
반하다,소민,소민,0,,,,,,,,,,,,,,
배고프다,소민,소민,-1,,,,,,,,,,,,,,
배부르다,소민,소민,1,,,,,,,,,,,,,,
번하다,소민,소민,0,,,,,,,,,,,,,,
변하다,소민,소민,0,,,,,,,,,,,,,,
별다르다,소민,소민,0,,,,,,,,,,,,,,
보드랍다,소민,소민,0,,,,,,,,,,,,,,
보들보들하다,소민,소민,1,,,,,,,,,,,,,,
복잡하다,소민,소민,-1,,,,,,,,,,,,,,
부끄럽다,소민,소민,0,,,,,,,,,,,,,,
부다,소민,소민,0,,,,,,,,,,,,,,
부담스럽다,소민,소민,-1,,,,,,,,,,,,,,
부드럽다,소민,소민,1,,,,,,,,,,,,,,
부들부들하다,소민,소민,1,,,,,,,,,,,,,,
부들하다,소민,소민,0,,,,,,,,,,,,,,
부럽다,소민,소민,0,,,,,,,,,,,,,,
부실하다,소민,소민,-1,,,,,,,,,,,,,,
부족하다,소민,소민,-1,,,,,,,,,,,,,,
부지런하다,소민,소민,0,,,,,,,,,,,,,,
부탁드리다,소민,소민,0,,,,,,,,,,,,,,
분명하다,소민,소민,0,,,,,,,,,,,,,,
분주하다,소민,소민,0,,,,,,,,,,,,,,
불가능하다,소민,소민,-1,,,,,,,,,,,,,,
불가피하다,소민,소민,0,,,,,,,,,,,,,,
불가하다,소민,소민,-1,,,,,,,,,,,,,,
불결하다,소민,소민,-2,,,,,,,,,,,,,,
불안하다,소민,소민,-1,,,,,,,,,,,,,,
불친절하다,소민,소민,-2,,,,,,,,,,,,,,
불쾌하다,소민,소민,-2,,,,,,,,,,,,,,
불편하다,소민,소민,-1,,,,,,,,,,,,,,
불필요하다,소민,소민,-1,,,,,,,,,,,,,,
붉다,소민,소민,0,,,,,,,,,,,,,,
비리다,소민,소민,-2,,,,,,,,,,,,,,
비슷하다,소민,소민,0,,,,,,,,,,,,,,
비싸다,소민,소민,-1,,,,,,,,,,,,,,
빈약하다,소민,소민,-1,,,,,,,,,,,,,,
빠르다,소민,소민,1,,,,,,,,,,,,,,
빡치다,소민,소민,-2,,,,,,,,,,,,,,
빨갛다,소민,소민,0,,,,,,,,,,,,,,
빨르다,소민,소민,0,,,,,,,,,,,,,,
뻔하다,소민,소민,0,,,,,,,,,,,,,,
뻣뻣하다,소민,소민,-1,,,,,,,,,,,,,,
뽀얗다,소민,소민,0,,,,,,,,,,,,,,
뿌듯하다,소민,소민,2,,,,,,,,,,,,,,
뿌옇다,소민,소민,0,,,,,,,,,,,,,,
뿐이다,소민,소민,0,,,,,,,,,,,,,,
사납다,소민,소민,-1,,,,,,,,,,,,,,
사소하다,소민,소민,0,,,,,,,,,,,,,,
사악하다,소민,소민,-2,,,,,,,,,,,,,,
산뜻하다,소민,소민,1,,,,,,,,,,,,,,
산만하다,소민,소민,-1,,,,,,,,,,,,,,
삼삼하다,소민,소민,0,,,,,,,,,,,,,,
상관없다,소민,소민,0,,,,,,,,,,,,,,
상냥하다,소민,소민,2,,,,,,,,,,,,,,
상당하다,소민,소민,0,,,,,,,,,,,,,,
상쾌하다,소민,소민,2,,,,,,,,,,,,,,
새롭다,소민,소민,1,,,,,,,,,,,,,,
색다르다,소민,소민,1,,,,,,,,,,,,,,
생소하다,소민,소민,-1,,,,,,,,,,,,,,
서운하다,소민,소민,-1,,,,,,,,,,,,,,
서툴다,소민,소민,-1,,,,,,,,,,,,,,
설레다,소민,소민,1,,,,,,,,,,,,,,
섬세하다,소민,소민,1,,,,,,,,,,,,,,
섭하다,소민,소민,-1,,,,,,,,,,,,,,
성공하다,소민,소민,0,,,,,,,,,,,,,,
성하다,소민,소민,0,,,,,,,,,,,,,,
세련되다,소민,소민,2,,,,,,,,,,,,,,
소박하다,소민,소민,1,,,,,,,,,,,,,,
소소하다,소민,소민,0,,,,,,,,,,,,,,
소중하다,소민,소민,2,,,,,,,,,,,,,,
소홀하다,소민,소민,-1,,,,,,,,,,,,,,
속상하다,소민,소민,-1,,,,,,,,,,,,,,
솔직하다,소민,소민,-1,,,,,,,,,,,,,,
수수하다,소민,소민,0,,,,,,,,,,,,,,
수월하다,소민,소민,1,,,,,,,,,,,,,,
숙성하다,소민,소민,0,,,,,,,,,,,,,,
순수하다,소민,소민,0,,,,,,,,,,,,,,
순하다,소민,소민,1,,,,,,,,,,,,,,
쉽다,소민,소민,0,,,,,,,,,,,,,,
스럽다,소민,소민,0,,,,,,,,,,,,,,
슬프다,소민,소민,-2,,,,,,,,,,,,,,
시끄럽다,소민,소민,-1,,,,,,,,,,,,,,
시끌벅적하다,소민,소민,-1,,,,,,,,,,,,,,
시끌시끌하다,소민,소민,0,,,,,,,,,,,,,,
시들하다,소민,소민,-1,,,,,,,,,,,,,,
시르다,소민,소민,0,,,,,,,,,,,,,,
시뻘겋다,소민,소민,0,,,,,,,,,,,,,,
시원하다,소민,소민,1,,,,,,,,,,,,,,
시큰둥하다,소민,소민,-1,,,,,,,,,,,,,,
시큼하다,소민,소민,0,,,,,,,,,,,,,,
신기하다,소민,소민,0,,,,,,,,,,,,,,
신나다,소민,소민,2,,,,,,,,,,,,,,
신비롭다,소민,소민,2,,,,,,,,,,,,,,
신선하다,소민,소민,2,,,,,,,,,,,,,,
신속하다,소민,소민,1,,,,,,,,,,,,,,
실망하다,소민,소민,-2,,,,,,,,,,,,,,
실패하다,소민,소민,-2,,,,,,,,,,,,,,
실하다,소민,소민,1,,,,,,,,,,,,,,
싫다,소민,소민,-2,,,,,,,,,,,,,,
싫어지다,소민,소민,-2,,,,,,,,,,,,,,
싫어하다,소민,소민,-2,,,,,,,,,,,,,,
심각하다,소민,소민,-1,,,,,,,,,,,,,,
심심하다,소민,소민,-1,,,,,,,,,,,,,,
심하다,소민,소민,-1,,,,,,,,,,,,,,
싱겁다,소민,소민,-1,,,,,,,,,,,,,,
싱그럽다,소민,소민,1,,,,,,,,,,,,,,
싱싱하다,소민,소민,2,,,,,,,,,,,,,,
싸늘하다,소민,소민,-1,,,,,,,,,,,,,,
쌀쌀하다,소민,소민,0,,,,,,,,,,,,,,
쌉싸름하다,소민,소민,0,,,,,,,,,,,,,,
쌉쌀하다,소민,소민,1,,,,,,,,,,,,,,
쎄다,소민,소민,0,,,,,,,,,,,,,,
쏠쏠하다,소민,소민,1,,,,,,,,,,,,,,
쓰다,소민,소민,0,,,,,,,,,,,,,,
아깝다,소민,소민,-1,,,,,,,,,,,,,,
아끼다,소민,소민,0,,,,,,,,,,,,,,
아늑하다,소민,소민,1,,,,,,,,,,,,,,
아니다,소민,소민,0,,,,,,,,,,,,,,
아담하다,소민,소민,1,,,,,,,,,,,,,,
아무렇다,소민,소민,0,,,,,,,,,,,,,,
아쉽다,소민,소민,-1,,,,,,,,,,,,,,
아프다,소민,소민,-1,,,,,,,,,,,,,,
안남다,소민,소민,0,,,,,,,,,,,,,,
안녕하다,소민,소민,0,,,,,,,,,,,,,,
안되다,소민,소민,0,,,,,,,,,,,,,,
안락하다,소민,소민,1,,,,,,,,,,,,,,
안쓰럽다,소민,소민,-1,,,,,,,,,,,,,,
안일하다,소민,소민,-1,,,,,,,,,,,,,,
안좋다,소민,소민,-1,,,,,,,,,,,,,,
안타깝다,소민,소민,-1,,,,,,,,,,,,,,
알맞다,소민,소민,1,,,,,,,,,,,,,,
알차다,소민,소민,2,,,,,,,,,,,,,,
암담하다,소민,소민,-2,,,,,,,,,,,,,,
압박당하다,소민,소민,0,,,,,,,,,,,,,,
앙상하다,소민,소민,-1,,,,,,,,,,,,,,
앙이다,소민,소민,0,,,,,,,,,,,,,,
0하다,소민,소민,-1,,,,,,,,,,,,,,
애처롭다,소민,소민,-1,,,,,,,,,,,,,,
야들야들하다,소민,소민,1,,,,,,,,,,,,,,
야무지다,소민,소민,1,,,,,,,,,,,,,,
야박하다,소민,소민,-1,,,,,,,,,,,,,,
야하다,소민,소민,0,,,,,,,,,,,,,,
약하다,소민,소민,-1,,,,,,,,,,,,,,
얇다,소민,소민,0,,,,,,,,,,,,,,
양하다,소민,소민,0,,,,,,,,,,,,,,
얕다,소민,소민,0,,,,,,,,,,,,,,
어느새다,소민,소민,0,,,,,,,,,,,,,,
어둑하다,소민,소민,0,,,,,,,,,,,,,,
어둡다,소민,소민,0,,,,,,,,,,,,,,
어떠하다,소민,소민,0,,,,,,,,,,,,,,
어떡하다,소민,소민,0,,,,,,,,,,,,,,
어떻다,소민,소민,0,,,,,,,,,,,,,,
어렵다,소민,소민,-1,,,,,,,,,,,,,,
어마어마하다,소민,소민,0,,,,,,,,,,,,,,
어색하다,소민,소민,-1,,,,,,,,,,,,,,
어설프다,소민,소민,-1,,,,,,,,,,,,,,
어수선하다,소민,소민,-1,,,,,,,,,,,,,,
어이없다,소민,소민,-1,,,,,,,,,,,,,,
어정쩡하다,소민,소민,-1,,,,,,,,,,,,,,
어중간하다,소민,소민,-1,,,,,,,,,,,,,,
어지간하다,소민,소민,-1,,,,,,,,,,,,,,
억세다,소민,소민,-1,,,,,,,,,,,,,,
억울하다,소민,소민,-1,,,,,,,,,,,,,,
억지스럽다,소민,소민,-1,,,,,,,,,,,,,,
언짢다,소민,소민,-1,,,,,,,,,,,,,,
얼얼하다,소민,소민,0,,,,,,,,,,,,,,
얼큰하다,소민,소민,1,,,,,,,,,,,,,,
엄청나다,소민,소민,1.4,,,,,,,,,,,,,,
없다,소민,소민,0,,,,,,,,,,,,,,
엉뚱하다,소민,소민,0,,,,,,,,,,,,,,
여전하다,소민,소민,0,,,,,,,,,,,,,,
역겹다,소민,소민,-2,,,,,,,,,,,,,,
역다,소민,소민,0,,,,,,,,,,,,,,
연하다,소민,소민,0,,,,,,,,,,,,,,
옅다,소민,소민,0,,,,,,,,,,,,,,
예민하다,소민,소민,-1,,,,,,,,,,,,,,
예쁘다,소민,소민,1,,,,,,,,,,,,,,
예사롭다,소민,소민,0,,,,,,,,,,,,,,
오동통하다,소민,소민,1,,,,,,,,,,,,,,
오래되다,소민,소민,0,,,,,,,,,,,,,,
오묘하다,소민,소민,0,,,,,,,,,,,,,,
올바르다,소민,소민,1,,,,,,,,,,,,,,
옳다,소민,소민,1,,,,,,,,,,,,,,
완벽하다,소민,소민,2,,,,,,,,,,,,,,
완전하다,소민,소민,1,,,,,,,,,,,,,,
왠만하다,소민,소민,1,,,,,,,,,,,,,,
요란하다,소민,소민,-1,,,,,,,,,,,,,,
용하다,소민,소민,0,,,,,,,,,,,,,,
우악스럽다,소민,소민,-1,,,,,,,,,,,,,,
원하다,소민,소민,0,,,,,,,,,,,,,,
원활하다,소민,소민,1,,,,,,,,,,,,,,
웬만하다,소민,소민,1,,,,,,,,,,,,,,
위대하다,소민,소민,2,,,,,,,,,,,,,,
위험하다,소민,소민,-1,,,,,,,,,,,,,,
유머러스하다,소민,소민,2,,,,,,,,,,,,,,
유명하다,소민,소민,0,,,,,,,,,,,,,,
유사하다,소민,소민,0,,,,,,,,,,,,,,
유일하다,소민,소민,0,,,,,,,,,,,,,,
유치하다,소민,소민,-1,,,,,,,,,,,,,,
유쾌하다,소민,소민,2,,,,,,,,,,,,,,
유해하다,소민,소민,-1,,,,,,,,,,,,,,
은은하다,소민,소민,1,,,,,,,,,,,,,,
의심스럽다,소민,소민,-1,,,,,,,,,,,,,,
이다,소민,소민,0,,,,,,,,,,,,,,
이러하다,소민,소민,0,,,,,,,,,,,,,,
이렇다,소민,소민,0,,,,,,,,,,,,,,
이롭다,소민,소민,2,,,,,,,,,,,,,,
이름나다,소민,소민,0,,,,,,,,,,,,,,
이쁘다,소민,소민,1,,,,,,,,,,,,,,
이상하다,소민,소민,-1,,,,,,,,,,,,,,
익숙하다,소민,소민,0,,,,,,,,,,,,,,
인하다,소민,소민,0,,,,,,,,,,,,,,
일정하다,소민,소민,0,,,,,,,,,,,,,,
있다,소민,소민,0,,,,,,,,,,,,,,
자리다,소민,소민,0,,,,,,,,,,,,,,
자세하다,소민,소민,0,,,,,,,,,,,,,,
자연스럽다,소민,소민,1,,,,,,,,,,,,,,
자유롭다,소민,소민,0,,,,,,,,,,,,,,
자작하다,소민,소민,1,,,,,,,,,,,,,,
자잘하다,소민,소민,0,,,,,,,,,,,,,,
작다,소민,소민,0,,,,,,,,,,,,,,
잔잔하다,소민,소민,1,,,,,,,,,,,,,,
잘생기다,소민,소민,2,,,,,,,,,,,,,,
재미있다,소민,소민,2,,,,,,,,,,,,,,
재밌다,소민,소민,1,,,,,,,,,,,,,,
저렇다,소민,소민,0,,,,,,,,,,,,,,
저렴하다,소민,소민,1,,,,,,,,,,,,,,
적당하다,소민,소민,1,,,,,,,,,,,,,,
적응하다,소민,소민,0,,,,,,,,,,,,,,
적절하다,소민,소민,1,,,,,,,,,,,,,,
적합하다,소민,소민,1,,,,,,,,,,,,,,
전화하다,소민,소민,0,,,,,,,,,,,,,,
젊다,소민,소민,0,,,,,,,,,,,,,,
정갈하다,소민,소민,1,,,,,,,,,,,,,,
정겹다,소민,소민,2,,,,,,,,,,,,,,
정성스럽다,소민,소민,1,,,,,,,,,,,,,,
정신차리다,소민,소민,0,,,,,,,,,,,,,,
정중하다,소민,소민,1,,,,,,,,,,,,,,
정직하다,소민,소민,1,,,,,,,,,,,,,,
정확하다,소민,소민,1,,,,,,,,,,,,,,
조심스럽다,소민,소민,0,,,,,,,,,,,,,,
조용하다,소민,소민,1,,,,,,,,,,,,,,
조화롭다,소민,소민,1,,,,,,,,,,,,,,
좁다,소민,소민,-1,,,,,,,,,,,,,,
좋다,소민,소민,0,,,,,,,,,,,,,,
좋아하다,소민,소민,1,,,,,,,,,,,,,,
죄송하다,소민,소민,0,,,,,,,,,,,,,,
주도하다,소민,소민,0,,,,,,,,,,,,,,
중요하다,소민,소민,0,,,,,,,,,,,,,,
즐겁다,소민,소민,2,,,,,,,,,,,,,,
지루하다,소민,소민,-1,,,,,,,,,,,,,,
지저분하다,소민,소민,-1,,,,,,,,,,,,,,
직하다,소민,소민,0,,,,,,,,,,,,,,
진부하다,소민,소민,-1,,,,,,,,,,,,,,
진솔하다,소민,소민,1,,,,,,,,,,,,,,
진실되다,소민,소민,1,,,,,,,,,,,,,,
진정하다,소민,소민,0,,,,,,,,,,,,,,
진지하다,소민,소민,0,,,,,,,,,,,,,,
진하다,소민,소민,1,,,,,,,,,,,,,,
짙다,소민,소민,0,,,,,,,,,,,,,,
짜증나다,소민,소민,-2,,,,,,,,,,,,,,
짠하다,소민,소민,0,,,,,,,,,,,,,,
짧다,소민,소민,0,,,,,,,,,,,,,,
짭짤하다,소민,소민,0,,,,,,,,,,,,,,
쫄깃,소민,소민,1,,,,,,,,,,,,,,
찐득하다,소민,소민,0,,,,,,,,,,,,,,
찜찜하다,소민,소민,-1,,,,,,,,,,,,,,
찝찝하다,소민,소민,-1,,,,,,,,,,,,,,
차갑다,소민,소민,0,,,,,,,,,,,,,,
차분하다,소민,소민,0,,,,,,,,,,,,,,
착하다,소민,소민,1,,,,,,,,,,,,,,
찬란하다,소민,소민,2,,,,,,,,,,,,,,
찰지다,소민,소민,1,,,,,,,,,,,,,,
창피하다,소민,소민,-1,,,,,,,,,,,,,,
천하다,소민,소민,-1,,,,,,,,,,,,,,
철저하다,소민,소민,1,,,,,,,,,,,,,,
청결하다,소민,소민,1,,,,,,,,,,,,,,
청량하다,소민,소민,1,,,,,,,,,,,,,,
초라하다,소민,소민,-1,,,,,,,,,,,,,,
촉촉하다,소민,소민,1,,,,,,,,,,,,,,
추하다,소민,소민,0,,,,,,,,,,,,,,
출중하다,소민,소민,2,,,,,,,,,,,,,,
출출하다,소민,소민,0,,,,,,,,,,,,,,
춥다,소민,소민,-1,,,,,,,,,,,,,,
충분하다,소민,소민,1,,,,,,,,,,,,,,
충실하다,소민,소민,1,,,,,,,,,,,,,,
치열하다,소민,소민,0,,,,,,,,,,,,,,
친근하다,소민,소민,2,,,,,,,,,,,,,,
친절하다,소민,소민,2,,,,,,,,,,,,,,
친하다,소민,소민,0,,,,,,,,,,,,,,
칼칼하다,소민,소민,1,,,,,,,,,,,,,,
쾌적하다,소민,소민,2,,,,,,,,,,,,,,
쾌활하다,소민,소민,0,,,,,,,,,,,,,,
쿰쿰하다,소민,소민,-1,,,,,,,,,,,,,,
큼지막하다,소민,소민,0,,,,,,,,,,,,,,
큼직큼직하다,소민,소민,1,,,,,,,,,,,,,,
큼직하다,소민,소민,0,,,,,,,,,,,,,,
탁월하다,소민,소민,2,,,,,,,,,,,,,,
탁하다,소민,소민,-1,,,,,,,,,,,,,,
탄탄하다,소민,소민,1,,,,,,,,,,,,,,
탱글탱글하다,소민,소민,1,,,,,,,,,,,,,,
탱탱하다,소민,소민,1,,,,,,,,,,,,,,
토실토실하다,소민,소민,1,,,,,,,,,,,,,,
톡톡하다,소민,소민,0,,,,,,,,,,,,,,
통통하다,소민,소민,0,,,,,,,,,,,,,,
투명하다,소민,소민,0,,,,,,,,,,,,,,
특별하다,소민,소민,1,,,,,,,,,,,,,,
특이하다,소민,소민,0,,,,,,,,,,,,,,
특출나다,소민,소민,2,,,,,,,,,,,,,,
튼실하다,소민,소민,1,,,,,,,,,,,,,,
파릇하다,소민,소민,0,,,,,,,,,,,,,,
패배하다,소민,소민,-1,,,,,,,,,,,,,,
편리하다,소민,소민,1,,,,,,,,,,,,,,
편안하다,소민,소민,1,,,,,,,,,,,,,,
편찮다,소민,소민,-1,,,,,,,,,,,,,,
편하다,소민,소민,1,,,,,,,,,,,,,,
평범하다,소민,소민,0,,,,,,,,,,,,,,
평이하다,소민,소민,0,,,,,,,,,,,,,,
포근하다,소민,소민,1,,,,,,,,,,,,,,
푸근하다,소민,소민,1,,,,,,,,,,,,,,
푸석하다,소민,소민,-1,,,,,,,,,,,,,,
풍부하다,소민,소민,2,,,,,,,,,,,,,,
풍족하다,소민,소민,1,,,,,,,,,,,,,,
피곤하다,소민,소민,-1,,,,,,,,,,,,,,
필요없다,소민,소민,-1,,,,,,,,,,,,,,
필요하다,소민,소민,0,,,,,,,,,,,,,,
하얗다,소민,소민,0,,,,,,,,,,,,,,
한가하다,소민,소민,0,,,,,,,,,,,,,,
한결같다,소민,소민,0,,,,,,,,,,,,,,
한산하다,소민,소민,0,,,,,,,,,,,,,,
행복하다,소민,소민,2,,,,,,,,,,,,,,
헷갈리다,소민,소민,-1,,,,,,,,,,,,,,
현명하다,소민,소민,2,,,,,,,,,,,,,,
혼잡하다,소민,소민,-1,,,,,,,,,,,,,,
홍대하다,소민,소민,0,,,,,,,,,,,,,,
화끈하다,소민,소민,1,,,,,,,,,,,,,,
화려하다,소민,소민,0,,,,,,,,,,,,,,
화하다,소민,소민,0,,,,,,,,,,,,,,
확고하다,소민,소민,0,,,,,,,,,,,,,,
확실하다,소민,소민,0,,,,,,,,,,,,,,
환장하다,소민,소민,-1,,,,,,,,,,,,,,
활기차다,소민,소민,2,,,,,,,,,,,,,,
황당하다,소민,소민,-1,,,,,,,,,,,,,,
황홀하다,소민,소민,2,,,,,,,,,,,,,,
후회되다,소민,소민,-2,,,,,,,,,,,,,,
훌륭하다,소민,소민,2,,,,,,,,,,,,,,
휘하다,소민,소민,0,,,,,,,,,,,,,,
휼륭하다,소민,소민,2,,,,,,,,,,,,,,
흐뭇하다,소민,소민,2,,,,,,,,,,,,,,
흔쾌하다,소민,소민,1,,,,,,,,,,,,,,
흔하다,소민,소민,0,,,,,,,,,,,,,,
흠잡다,소민,소민,0,,,,,,,,,,,,,,
희다,소민,소민,0,,,,,,,,,,,,,,
희미하다,소민,소민,0,,,,,,,,,,,,,,
희한하다,소민,소민,0,,,,,,,,,,,,,,
힘겹다,소민,소민,-1,,,,,,,,,,,,,,
힘드다,소민,소민,0,,,,,,,,,,,,,,
힘들다,소민,소민,-1,,,,,,,,,,,,,,
큼직하다,소민,소민,1,,,,,,,,,,,,,,
느끼하다,소민,소민,-1,,,,,,,,,,,,,,
