candidate_term,candidate_type,ngram_size,positive_hint,review_count,avg_rating,avg_category_total_score,example_review
담기다 친절하다 대부분,phrase,3,True,1,5.0,1.5,"지나다니면서 보니 웨이팅까지 하면서?... 오늘 처음 오픈런을 해봤.... 칼국수용 김치와 숙육용 김치가 다른데 둘다 좋았다. 오랜시간동안 자연스레 쌓아온 김치내공~ 요즘 또 배추가 제일 맛있을때라 그런지 적지도 과히지도 않은 맵기에 짠기가 생배추와 맞물려 조합이 좋았다. 생배추를 내놓는 집은 무.김치에 자신이 있다는 뜻으로도 해석할 수 있겠다.... 외국인들도 찾는곳이라 그런걸 수 있겠지만 식사중 밑바닥에 깔린 머리카락의 출현에 사장님이 군말없이 수육을 새 음식으로 내어주시면서 ""죄송합니다 ""라고 하시는데~ 웨이팅도 길고 또 그안"
두다 좋다 시간,phrase,3,True,1,5.0,1.5,"지나다니면서 보니 웨이팅까지 하면서?... 오늘 처음 오픈런을 해봤.... 칼국수용 김치와 숙육용 김치가 다른데 둘다 좋았다. 오랜시간동안 자연스레 쌓아온 김치내공~ 요즘 또 배추가 제일 맛있을때라 그런지 적지도 과히지도 않은 맵기에 짠기가 생배추와 맞물려 조합이 좋았다. 생배추를 내놓는 집은 무.김치에 자신이 있다는 뜻으로도 해석할 수 있겠다.... 외국인들도 찾는곳이라 그런걸 수 있겠지만 식사중 밑바닥에 깔린 머리카락의 출현에 사장님이 군말없이 수육을 새 음식으로 내어주시면서 ""죄송합니다 ""라고 하시는데~ 웨이팅도 길고 또 그안"
맛있다 그렇다 적지,phrase,3,True,1,5.0,1.5,"지나다니면서 보니 웨이팅까지 하면서?... 오늘 처음 오픈런을 해봤.... 칼국수용 김치와 숙육용 김치가 다른데 둘다 좋았다. 오랜시간동안 자연스레 쌓아온 김치내공~ 요즘 또 배추가 제일 맛있을때라 그런지 적지도 과히지도 않은 맵기에 짠기가 생배추와 맞물려 조합이 좋았다. 생배추를 내놓는 집은 무.김치에 자신이 있다는 뜻으로도 해석할 수 있겠다.... 외국인들도 찾는곳이라 그런걸 수 있겠지만 식사중 밑바닥에 깔린 머리카락의 출현에 사장님이 군말없이 수육을 새 음식으로 내어주시면서 ""죄송합니다 ""라고 하시는데~ 웨이팅도 길고 또 그안"
배추 제일 맛있다,phrase,3,True,1,5.0,1.5,"지나다니면서 보니 웨이팅까지 하면서?... 오늘 처음 오픈런을 해봤.... 칼국수용 김치와 숙육용 김치가 다른데 둘다 좋았다. 오랜시간동안 자연스레 쌓아온 김치내공~ 요즘 또 배추가 제일 맛있을때라 그런지 적지도 과히지도 않은 맵기에 짠기가 생배추와 맞물려 조합이 좋았다. 생배추를 내놓는 집은 무.김치에 자신이 있다는 뜻으로도 해석할 수 있겠다.... 외국인들도 찾는곳이라 그런걸 수 있겠지만 식사중 밑바닥에 깔린 머리카락의 출현에 사장님이 군말없이 수육을 새 음식으로 내어주시면서 ""죄송합니다 ""라고 하시는데~ 웨이팅도 길고 또 그안"
조합 좋다 배추,phrase,3,True,1,5.0,1.5,"지나다니면서 보니 웨이팅까지 하면서?... 오늘 처음 오픈런을 해봤.... 칼국수용 김치와 숙육용 김치가 다른데 둘다 좋았다. 오랜시간동안 자연스레 쌓아온 김치내공~ 요즘 또 배추가 제일 맛있을때라 그런지 적지도 과히지도 않은 맵기에 짠기가 생배추와 맞물려 조합이 좋았다. 생배추를 내놓는 집은 무.김치에 자신이 있다는 뜻으로도 해석할 수 있겠다.... 외국인들도 찾는곳이라 그런걸 수 있겠지만 식사중 밑바닥에 깔린 머리카락의 출현에 사장님이 군말없이 수육을 새 음식으로 내어주시면서 ""죄송합니다 ""라고 하시는데~ 웨이팅도 길고 또 그안"
좋다 배추 내놓다,phrase,3,True,1,5.0,1.5,"지나다니면서 보니 웨이팅까지 하면서?... 오늘 처음 오픈런을 해봤.... 칼국수용 김치와 숙육용 김치가 다른데 둘다 좋았다. 오랜시간동안 자연스레 쌓아온 김치내공~ 요즘 또 배추가 제일 맛있을때라 그런지 적지도 과히지도 않은 맵기에 짠기가 생배추와 맞물려 조합이 좋았다. 생배추를 내놓는 집은 무.김치에 자신이 있다는 뜻으로도 해석할 수 있겠다.... 외국인들도 찾는곳이라 그런걸 수 있겠지만 식사중 밑바닥에 깔린 머리카락의 출현에 사장님이 군말없이 수육을 새 음식으로 내어주시면서 ""죄송합니다 ""라고 하시는데~ 웨이팅도 길고 또 그안"
제일 맛있다 그렇다,phrase,3,True,1,5.0,1.5,"지나다니면서 보니 웨이팅까지 하면서?... 오늘 처음 오픈런을 해봤.... 칼국수용 김치와 숙육용 김치가 다른데 둘다 좋았다. 오랜시간동안 자연스레 쌓아온 김치내공~ 요즘 또 배추가 제일 맛있을때라 그런지 적지도 과히지도 않은 맵기에 짠기가 생배추와 맞물려 조합이 좋았다. 생배추를 내놓는 집은 무.김치에 자신이 있다는 뜻으로도 해석할 수 있겠다.... 외국인들도 찾는곳이라 그런걸 수 있겠지만 식사중 밑바닥에 깔린 머리카락의 출현에 사장님이 군말없이 수육을 새 음식으로 내어주시면서 ""죄송합니다 ""라고 하시는데~ 웨이팅도 길고 또 그안"
친절하다 대부분 느끼다,phrase,3,True,1,5.0,1.5,"지나다니면서 보니 웨이팅까지 하면서?... 오늘 처음 오픈런을 해봤.... 칼국수용 김치와 숙육용 김치가 다른데 둘다 좋았다. 오랜시간동안 자연스레 쌓아온 김치내공~ 요즘 또 배추가 제일 맛있을때라 그런지 적지도 과히지도 않은 맵기에 짠기가 생배추와 맞물려 조합이 좋았다. 생배추를 내놓는 집은 무.김치에 자신이 있다는 뜻으로도 해석할 수 있겠다.... 외국인들도 찾는곳이라 그런걸 수 있겠지만 식사중 밑바닥에 깔린 머리카락의 출현에 사장님이 군말없이 수육을 새 음식으로 내어주시면서 ""죄송합니다 ""라고 하시는데~ 웨이팅도 길고 또 그안"
충분하다 담기다 친절하다,phrase,3,True,1,5.0,1.5,"지나다니면서 보니 웨이팅까지 하면서?... 오늘 처음 오픈런을 해봤.... 칼국수용 김치와 숙육용 김치가 다른데 둘다 좋았다. 오랜시간동안 자연스레 쌓아온 김치내공~ 요즘 또 배추가 제일 맛있을때라 그런지 적지도 과히지도 않은 맵기에 짠기가 생배추와 맞물려 조합이 좋았다. 생배추를 내놓는 집은 무.김치에 자신이 있다는 뜻으로도 해석할 수 있겠다.... 외국인들도 찾는곳이라 그런걸 수 있겠지만 식사중 밑바닥에 깔린 머리카락의 출현에 사장님이 군말없이 수육을 새 음식으로 내어주시면서 ""죄송합니다 ""라고 하시는데~ 웨이팅도 길고 또 그안"
좋다 시간 동안,phrase,3,True,1,5.0,1.5,"지나다니면서 보니 웨이팅까지 하면서?... 오늘 처음 오픈런을 해봤.... 칼국수용 김치와 숙육용 김치가 다른데 둘다 좋았다. 오랜시간동안 자연스레 쌓아온 김치내공~ 요즘 또 배추가 제일 맛있을때라 그런지 적지도 과히지도 않은 맵기에 짠기가 생배추와 맞물려 조합이 좋았다. 생배추를 내놓는 집은 무.김치에 자신이 있다는 뜻으로도 해석할 수 있겠다.... 외국인들도 찾는곳이라 그런걸 수 있겠지만 식사중 밑바닥에 깔린 머리카락의 출현에 사장님이 군말없이 수육을 새 음식으로 내어주시면서 ""죄송합니다 ""라고 하시는데~ 웨이팅도 길고 또 그안"
다르다 두다 좋다,phrase,3,True,1,5.0,1.5,"지나다니면서 보니 웨이팅까지 하면서?... 오늘 처음 오픈런을 해봤.... 칼국수용 김치와 숙육용 김치가 다른데 둘다 좋았다. 오랜시간동안 자연스레 쌓아온 김치내공~ 요즘 또 배추가 제일 맛있을때라 그런지 적지도 과히지도 않은 맵기에 짠기가 생배추와 맞물려 조합이 좋았다. 생배추를 내놓는 집은 무.김치에 자신이 있다는 뜻으로도 해석할 수 있겠다.... 외국인들도 찾는곳이라 그런걸 수 있겠지만 식사중 밑바닥에 깔린 머리카락의 출현에 사장님이 군말없이 수육을 새 음식으로 내어주시면서 ""죄송합니다 ""라고 하시는데~ 웨이팅도 길고 또 그안"
물리다 조합 좋다,phrase,3,True,1,5.0,1.5,"지나다니면서 보니 웨이팅까지 하면서?... 오늘 처음 오픈런을 해봤.... 칼국수용 김치와 숙육용 김치가 다른데 둘다 좋았다. 오랜시간동안 자연스레 쌓아온 김치내공~ 요즘 또 배추가 제일 맛있을때라 그런지 적지도 과히지도 않은 맵기에 짠기가 생배추와 맞물려 조합이 좋았다. 생배추를 내놓는 집은 무.김치에 자신이 있다는 뜻으로도 해석할 수 있겠다.... 외국인들도 찾는곳이라 그런걸 수 있겠지만 식사중 밑바닥에 깔린 머리카락의 출현에 사장님이 군말없이 수육을 새 음식으로 내어주시면서 ""죄송합니다 ""라고 하시는데~ 웨이팅도 길고 또 그안"
맛있다 김치 달다,phrase,3,True,1,4.0,-3.0,항정살 보쌈이 부들부들 맛있었습니다. 김치도 달지도 않고 보쌈과의 조합도 잘 맞네요 문래점에서 먹고 실망했는데 본점은 다르네요 다만 규모에 비해 에어컨이 부족하여 땀흘리며 먹었네요... ㅠㅠ
보쌈 부들부들 맛있다,phrase,3,True,1,4.0,-3.0,항정살 보쌈이 부들부들 맛있었습니다. 김치도 달지도 않고 보쌈과의 조합도 잘 맞네요 문래점에서 먹고 실망했는데 본점은 다르네요 다만 규모에 비해 에어컨이 부족하여 땀흘리며 먹었네요... ㅠㅠ
부들부들 맛있다 김치,phrase,3,True,1,4.0,-3.0,항정살 보쌈이 부들부들 맛있었습니다. 김치도 달지도 않고 보쌈과의 조합도 잘 맞네요 문래점에서 먹고 실망했는데 본점은 다르네요 다만 규모에 비해 에어컨이 부족하여 땀흘리며 먹었네요... ㅠㅠ
엄마 제일 좋아하다,phrase,3,True,1,4.0,0.0,엄마가 제일 좋아하는 평냉집! 둘이 가서 평냉 하나에 빈대떡 하나 시켜 나눠먹고 후식으로 옆에 꽈배기집에서 통모짜핫도그 먹으면 갓벽한 염리동 루트
좋아하다 평냉집 가다,phrase,3,True,1,4.0,0.0,엄마가 제일 좋아하는 평냉집! 둘이 가서 평냉 하나에 빈대떡 하나 시켜 나눠먹고 후식으로 옆에 꽈배기집에서 통모짜핫도그 먹으면 갓벽한 염리동 루트
제일 좋아하다 평냉집,phrase,3,True,1,4.0,0.0,엄마가 제일 좋아하는 평냉집! 둘이 가서 평냉 하나에 빈대떡 하나 시켜 나눠먹고 후식으로 옆에 꽈배기집에서 통모짜핫도그 먹으면 갓벽한 염리동 루트
먹다 맛있다 같다,phrase,3,True,1,4.0,-2.5,평냉 입문자라 대단히 맛있고 맛 없고를 분간하기 어려운데.. 먹을수록 맛있는 것 같아요....! 다만 가격이 비싼 느낌 ㅎ.ㅎ
어렵다 먹다 맛있다,phrase,3,True,1,4.0,-2.5,평냉 입문자라 대단히 맛있고 맛 없고를 분간하기 어려운데.. 먹을수록 맛있는 것 같아요....! 다만 가격이 비싼 느낌 ㅎ.ㅎ
자라 대단하다 맛있다,phrase,3,True,1,4.0,-2.5,평냉 입문자라 대단히 맛있고 맛 없고를 분간하기 어려운데.. 먹을수록 맛있는 것 같아요....! 다만 가격이 비싼 느낌 ㅎ.ㅎ
대단하다 맛있다 분간,phrase,3,True,1,4.0,-2.5,평냉 입문자라 대단히 맛있고 맛 없고를 분간하기 어려운데.. 먹을수록 맛있는 것 같아요....! 다만 가격이 비싼 느낌 ㅎ.ㅎ
맛있다 같다 다만,phrase,3,True,1,4.0,-2.5,평냉 입문자라 대단히 맛있고 맛 없고를 분간하기 어려운데.. 먹을수록 맛있는 것 같아요....! 다만 가격이 비싼 느낌 ㅎ.ㅎ
맛있다 분간 어렵다,phrase,3,True,1,4.0,-2.5,평냉 입문자라 대단히 맛있고 맛 없고를 분간하기 어려운데.. 먹을수록 맛있는 것 같아요....! 다만 가격이 비싼 느낌 ㅎ.ㅎ
아주 맛있다 다만,phrase,3,True,1,4.0,-1.0,아주 맛있어요! 다만 김치가 매우 아쉬운 맛입니다 …
맛있다 다만 김치,phrase,3,True,1,4.0,-1.0,아주 맛있어요! 다만 김치가 매우 아쉬운 맛입니다 …
불다 해장국 추천,phrase,3,True,1,4.0,-3.0,아구힘 센 분이라면 뼈해장국 추천. 저는 뜯다가 국물이 좀 식었는데 음식이 식으면서 누린내가 꽤 났습니다. 우거지도 많이 주문하시던데 우거지 좀 궁금하네요. 허나 너무 바쁜 매장이라 먹을 수 있을지 걱정.
해장국 추천 뜯다,phrase,3,True,1,4.0,-3.0,아구힘 센 분이라면 뼈해장국 추천. 저는 뜯다가 국물이 좀 식었는데 음식이 식으면서 누린내가 꽤 났습니다. 우거지도 많이 주문하시던데 우거지 좀 궁금하네요. 허나 너무 바쁜 매장이라 먹을 수 있을지 걱정.
추천 뜯다 국물,phrase,3,True,1,4.0,-3.0,아구힘 센 분이라면 뼈해장국 추천. 저는 뜯다가 국물이 좀 식었는데 음식이 식으면서 누린내가 꽤 났습니다. 우거지도 많이 주문하시던데 우거지 좀 궁금하네요. 허나 너무 바쁜 매장이라 먹을 수 있을지 걱정.
들리다 고기 부드럽다,phrase,3,True,1,4.0,-1.0,"!! 인원별로 주문해야합니다 !! 4인이서 가서 대자 (49000원)로 시켰어요 사람이 많아서 그런가 직원분들이 조금 불친절 하셔서 1점 뺐어요 ㅠ 주말 오후 8시쯤에 가서 대기 10분정도 했고, 깍두기랑 소스가 킥이에요 굿임 한번쯤 성수오면 들릴만 하고 고기가 부드러웠어요"
불친절 빼다 주말,phrase,3,True,1,4.0,-1.0,"!! 인원별로 주문해야합니다 !! 4인이서 가서 대자 (49000원)로 시켰어요 사람이 많아서 그런가 직원분들이 조금 불친절 하셔서 1점 뺐어요 ㅠ 주말 오후 8시쯤에 가서 대기 10분정도 했고, 깍두기랑 소스가 킥이에요 굿임 한번쯤 성수오면 들릴만 하고 고기가 부드러웠어요"
조금 불친절 빼다,phrase,3,True,1,4.0,-1.0,"!! 인원별로 주문해야합니다 !! 4인이서 가서 대자 (49000원)로 시켰어요 사람이 많아서 그런가 직원분들이 조금 불친절 하셔서 1점 뺐어요 ㅠ 주말 오후 8시쯤에 가서 대기 10분정도 했고, 깍두기랑 소스가 킥이에요 굿임 한번쯤 성수오면 들릴만 하고 고기가 부드러웠어요"
직원 조금 불친절,phrase,3,True,1,4.0,-1.0,"!! 인원별로 주문해야합니다 !! 4인이서 가서 대자 (49000원)로 시켰어요 사람이 많아서 그런가 직원분들이 조금 불친절 하셔서 1점 뺐어요 ㅠ 주말 오후 8시쯤에 가서 대기 10분정도 했고, 깍두기랑 소스가 킥이에요 굿임 한번쯤 성수오면 들릴만 하고 고기가 부드러웠어요"
사장 불친절 테이블,phrase,3,True,1,4.0,-4.0,음식 잘 나오고 여자 직원분은 친절함 (다른 리뷰처럼 남자 사장은 불친절). 테이블 간격이 너무 좁아 정신없음
직원 친절하다 다른,phrase,3,True,1,4.0,-4.0,음식 잘 나오고 여자 직원분은 친절함 (다른 리뷰처럼 남자 사장은 불친절). 테이블 간격이 너무 좁아 정신없음
불친절 테이블 간격,phrase,3,True,1,4.0,-4.0,음식 잘 나오고 여자 직원분은 친절함 (다른 리뷰처럼 남자 사장은 불친절). 테이블 간격이 너무 좁아 정신없음
친절하다 다른 리뷰,phrase,3,True,1,4.0,-4.0,음식 잘 나오고 여자 직원분은 친절함 (다른 리뷰처럼 남자 사장은 불친절). 테이블 간격이 너무 좁아 정신없음
여자 직원 친절하다,phrase,3,True,1,4.0,-4.0,음식 잘 나오고 여자 직원분은 친절함 (다른 리뷰처럼 남자 사장은 불친절). 테이블 간격이 너무 좁아 정신없음
남자 사장 불친절,phrase,3,True,1,4.0,-4.0,음식 잘 나오고 여자 직원분은 친절함 (다른 리뷰처럼 남자 사장은 불친절). 테이블 간격이 너무 좁아 정신없음
좋다 보이다 기존,phrase,3,True,1,4.0,-3.0,"요즘 세상에 웨이팅 장부 없는 가게이고 차량 대로변에 다른가게 피해가게 줄 세워놓는 가게도 처음본다 가게 입구에 안내문 붙여놓지 손님끼리 기다리는법 서로 물어봄 사장이 외국인을 애정하시는지 식사 중 왔던 유럽인.일본인에게는 계란부친거 ""써뷔쓰으~~""하면서 되도 않는 영어 쓰시며 주시더라 식대지불한 음식이라도 제대로 주면 다른건 상관없는데 외국인들은 고기 상태 좋은쪽 곱게 썰어서 주고 한국인 테이블엔 고기 잔 부스레기 +비계 잔뜩 외국인들 대접해주는건 좋게 보이는데 기존 다니던 손님 음식은 개밥처럼 주고..정 떨어져서 가기 싫어짐 칼"
배추 고기 맛있다,phrase,3,True,1,4.0,-3.0,"요즘 세상에 웨이팅 장부 없는 가게이고 차량 대로변에 다른가게 피해가게 줄 세워놓는 가게도 처음본다 가게 입구에 안내문 붙여놓지 손님끼리 기다리는법 서로 물어봄 사장이 외국인을 애정하시는지 식사 중 왔던 유럽인.일본인에게는 계란부친거 ""써뷔쓰으~~""하면서 되도 않는 영어 쓰시며 주시더라 식대지불한 음식이라도 제대로 주면 다른건 상관없는데 외국인들은 고기 상태 좋은쪽 곱게 썰어서 주고 한국인 테이블엔 고기 잔 부스레기 +비계 잔뜩 외국인들 대접해주는건 좋게 보이는데 기존 다니던 손님 음식은 개밥처럼 주고..정 떨어져서 가기 싫어짐 칼"
맛있다 서빙 아줌마,phrase,3,True,1,4.0,-3.0,"요즘 세상에 웨이팅 장부 없는 가게이고 차량 대로변에 다른가게 피해가게 줄 세워놓는 가게도 처음본다 가게 입구에 안내문 붙여놓지 손님끼리 기다리는법 서로 물어봄 사장이 외국인을 애정하시는지 식사 중 왔던 유럽인.일본인에게는 계란부친거 ""써뷔쓰으~~""하면서 되도 않는 영어 쓰시며 주시더라 식대지불한 음식이라도 제대로 주면 다른건 상관없는데 외국인들은 고기 상태 좋은쪽 곱게 썰어서 주고 한국인 테이블엔 고기 잔 부스레기 +비계 잔뜩 외국인들 대접해주는건 좋게 보이는데 기존 다니던 손님 음식은 개밥처럼 주고..정 떨어져서 가기 싫어짐 칼"
대접 해주다 좋다,phrase,3,True,1,4.0,-3.0,"요즘 세상에 웨이팅 장부 없는 가게이고 차량 대로변에 다른가게 피해가게 줄 세워놓는 가게도 처음본다 가게 입구에 안내문 붙여놓지 손님끼리 기다리는법 서로 물어봄 사장이 외국인을 애정하시는지 식사 중 왔던 유럽인.일본인에게는 계란부친거 ""써뷔쓰으~~""하면서 되도 않는 영어 쓰시며 주시더라 식대지불한 음식이라도 제대로 주면 다른건 상관없는데 외국인들은 고기 상태 좋은쪽 곱게 썰어서 주고 한국인 테이블엔 고기 잔 부스레기 +비계 잔뜩 외국인들 대접해주는건 좋게 보이는데 기존 다니던 손님 음식은 개밥처럼 주고..정 떨어져서 가기 싫어짐 칼"
좋다 썰다 주다,phrase,3,True,1,4.0,-3.0,"요즘 세상에 웨이팅 장부 없는 가게이고 차량 대로변에 다른가게 피해가게 줄 세워놓는 가게도 처음본다 가게 입구에 안내문 붙여놓지 손님끼리 기다리는법 서로 물어봄 사장이 외국인을 애정하시는지 식사 중 왔던 유럽인.일본인에게는 계란부친거 ""써뷔쓰으~~""하면서 되도 않는 영어 쓰시며 주시더라 식대지불한 음식이라도 제대로 주면 다른건 상관없는데 외국인들은 고기 상태 좋은쪽 곱게 썰어서 주고 한국인 테이블엔 고기 잔 부스레기 +비계 잔뜩 외국인들 대접해주는건 좋게 보이는데 기존 다니던 손님 음식은 개밥처럼 주고..정 떨어져서 가기 싫어짐 칼"
상태 좋다 썰다,phrase,3,True,1,4.0,-3.0,"요즘 세상에 웨이팅 장부 없는 가게이고 차량 대로변에 다른가게 피해가게 줄 세워놓는 가게도 처음본다 가게 입구에 안내문 붙여놓지 손님끼리 기다리는법 서로 물어봄 사장이 외국인을 애정하시는지 식사 중 왔던 유럽인.일본인에게는 계란부친거 ""써뷔쓰으~~""하면서 되도 않는 영어 쓰시며 주시더라 식대지불한 음식이라도 제대로 주면 다른건 상관없는데 외국인들은 고기 상태 좋은쪽 곱게 썰어서 주고 한국인 테이블엔 고기 잔 부스레기 +비계 잔뜩 외국인들 대접해주는건 좋게 보이는데 기존 다니던 손님 음식은 개밥처럼 주고..정 떨어져서 가기 싫어짐 칼"
고기 상태 좋다,phrase,3,True,1,4.0,-3.0,"요즘 세상에 웨이팅 장부 없는 가게이고 차량 대로변에 다른가게 피해가게 줄 세워놓는 가게도 처음본다 가게 입구에 안내문 붙여놓지 손님끼리 기다리는법 서로 물어봄 사장이 외국인을 애정하시는지 식사 중 왔던 유럽인.일본인에게는 계란부친거 ""써뷔쓰으~~""하면서 되도 않는 영어 쓰시며 주시더라 식대지불한 음식이라도 제대로 주면 다른건 상관없는데 외국인들은 고기 상태 좋은쪽 곱게 썰어서 주고 한국인 테이블엔 고기 잔 부스레기 +비계 잔뜩 외국인들 대접해주는건 좋게 보이는데 기존 다니던 손님 음식은 개밥처럼 주고..정 떨어져서 가기 싫어짐 칼"
해주다 좋다 보이다,phrase,3,True,1,4.0,-3.0,"요즘 세상에 웨이팅 장부 없는 가게이고 차량 대로변에 다른가게 피해가게 줄 세워놓는 가게도 처음본다 가게 입구에 안내문 붙여놓지 손님끼리 기다리는법 서로 물어봄 사장이 외국인을 애정하시는지 식사 중 왔던 유럽인.일본인에게는 계란부친거 ""써뷔쓰으~~""하면서 되도 않는 영어 쓰시며 주시더라 식대지불한 음식이라도 제대로 주면 다른건 상관없는데 외국인들은 고기 상태 좋은쪽 곱게 썰어서 주고 한국인 테이블엔 고기 잔 부스레기 +비계 잔뜩 외국인들 대접해주는건 좋게 보이는데 기존 다니던 손님 음식은 개밥처럼 주고..정 떨어져서 가기 싫어짐 칼"
고기 맛있다 서빙,phrase,3,True,1,4.0,-3.0,"요즘 세상에 웨이팅 장부 없는 가게이고 차량 대로변에 다른가게 피해가게 줄 세워놓는 가게도 처음본다 가게 입구에 안내문 붙여놓지 손님끼리 기다리는법 서로 물어봄 사장이 외국인을 애정하시는지 식사 중 왔던 유럽인.일본인에게는 계란부친거 ""써뷔쓰으~~""하면서 되도 않는 영어 쓰시며 주시더라 식대지불한 음식이라도 제대로 주면 다른건 상관없는데 외국인들은 고기 상태 좋은쪽 곱게 썰어서 주고 한국인 테이블엔 고기 잔 부스레기 +비계 잔뜩 외국인들 대접해주는건 좋게 보이는데 기존 다니던 손님 음식은 개밥처럼 주고..정 떨어져서 가기 싫어짐 칼"
두다 좋다,phrase,2,True,1,5.0,1.5,"지나다니면서 보니 웨이팅까지 하면서?... 오늘 처음 오픈런을 해봤.... 칼국수용 김치와 숙육용 김치가 다른데 둘다 좋았다. 오랜시간동안 자연스레 쌓아온 김치내공~ 요즘 또 배추가 제일 맛있을때라 그런지 적지도 과히지도 않은 맵기에 짠기가 생배추와 맞물려 조합이 좋았다. 생배추를 내놓는 집은 무.김치에 자신이 있다는 뜻으로도 해석할 수 있겠다.... 외국인들도 찾는곳이라 그런걸 수 있겠지만 식사중 밑바닥에 깔린 머리카락의 출현에 사장님이 군말없이 수육을 새 음식으로 내어주시면서 ""죄송합니다 ""라고 하시는데~ 웨이팅도 길고 또 그안"
조합 좋다,phrase,2,True,1,5.0,1.5,"지나다니면서 보니 웨이팅까지 하면서?... 오늘 처음 오픈런을 해봤.... 칼국수용 김치와 숙육용 김치가 다른데 둘다 좋았다. 오랜시간동안 자연스레 쌓아온 김치내공~ 요즘 또 배추가 제일 맛있을때라 그런지 적지도 과히지도 않은 맵기에 짠기가 생배추와 맞물려 조합이 좋았다. 생배추를 내놓는 집은 무.김치에 자신이 있다는 뜻으로도 해석할 수 있겠다.... 외국인들도 찾는곳이라 그런걸 수 있겠지만 식사중 밑바닥에 깔린 머리카락의 출현에 사장님이 군말없이 수육을 새 음식으로 내어주시면서 ""죄송합니다 ""라고 하시는데~ 웨이팅도 길고 또 그안"
좋다 배추,phrase,2,True,1,5.0,1.5,"지나다니면서 보니 웨이팅까지 하면서?... 오늘 처음 오픈런을 해봤.... 칼국수용 김치와 숙육용 김치가 다른데 둘다 좋았다. 오랜시간동안 자연스레 쌓아온 김치내공~ 요즘 또 배추가 제일 맛있을때라 그런지 적지도 과히지도 않은 맵기에 짠기가 생배추와 맞물려 조합이 좋았다. 생배추를 내놓는 집은 무.김치에 자신이 있다는 뜻으로도 해석할 수 있겠다.... 외국인들도 찾는곳이라 그런걸 수 있겠지만 식사중 밑바닥에 깔린 머리카락의 출현에 사장님이 군말없이 수육을 새 음식으로 내어주시면서 ""죄송합니다 ""라고 하시는데~ 웨이팅도 길고 또 그안"
담기다 친절하다,phrase,2,True,1,5.0,1.5,"지나다니면서 보니 웨이팅까지 하면서?... 오늘 처음 오픈런을 해봤.... 칼국수용 김치와 숙육용 김치가 다른데 둘다 좋았다. 오랜시간동안 자연스레 쌓아온 김치내공~ 요즘 또 배추가 제일 맛있을때라 그런지 적지도 과히지도 않은 맵기에 짠기가 생배추와 맞물려 조합이 좋았다. 생배추를 내놓는 집은 무.김치에 자신이 있다는 뜻으로도 해석할 수 있겠다.... 외국인들도 찾는곳이라 그런걸 수 있겠지만 식사중 밑바닥에 깔린 머리카락의 출현에 사장님이 군말없이 수육을 새 음식으로 내어주시면서 ""죄송합니다 ""라고 하시는데~ 웨이팅도 길고 또 그안"
맛있다 그렇다,phrase,2,True,1,5.0,1.5,"지나다니면서 보니 웨이팅까지 하면서?... 오늘 처음 오픈런을 해봤.... 칼국수용 김치와 숙육용 김치가 다른데 둘다 좋았다. 오랜시간동안 자연스레 쌓아온 김치내공~ 요즘 또 배추가 제일 맛있을때라 그런지 적지도 과히지도 않은 맵기에 짠기가 생배추와 맞물려 조합이 좋았다. 생배추를 내놓는 집은 무.김치에 자신이 있다는 뜻으로도 해석할 수 있겠다.... 외국인들도 찾는곳이라 그런걸 수 있겠지만 식사중 밑바닥에 깔린 머리카락의 출현에 사장님이 군말없이 수육을 새 음식으로 내어주시면서 ""죄송합니다 ""라고 하시는데~ 웨이팅도 길고 또 그안"
좋다 시간,phrase,2,True,1,5.0,1.5,"지나다니면서 보니 웨이팅까지 하면서?... 오늘 처음 오픈런을 해봤.... 칼국수용 김치와 숙육용 김치가 다른데 둘다 좋았다. 오랜시간동안 자연스레 쌓아온 김치내공~ 요즘 또 배추가 제일 맛있을때라 그런지 적지도 과히지도 않은 맵기에 짠기가 생배추와 맞물려 조합이 좋았다. 생배추를 내놓는 집은 무.김치에 자신이 있다는 뜻으로도 해석할 수 있겠다.... 외국인들도 찾는곳이라 그런걸 수 있겠지만 식사중 밑바닥에 깔린 머리카락의 출현에 사장님이 군말없이 수육을 새 음식으로 내어주시면서 ""죄송합니다 ""라고 하시는데~ 웨이팅도 길고 또 그안"
친절하다 대부분,phrase,2,True,1,5.0,1.5,"지나다니면서 보니 웨이팅까지 하면서?... 오늘 처음 오픈런을 해봤.... 칼국수용 김치와 숙육용 김치가 다른데 둘다 좋았다. 오랜시간동안 자연스레 쌓아온 김치내공~ 요즘 또 배추가 제일 맛있을때라 그런지 적지도 과히지도 않은 맵기에 짠기가 생배추와 맞물려 조합이 좋았다. 생배추를 내놓는 집은 무.김치에 자신이 있다는 뜻으로도 해석할 수 있겠다.... 외국인들도 찾는곳이라 그런걸 수 있겠지만 식사중 밑바닥에 깔린 머리카락의 출현에 사장님이 군말없이 수육을 새 음식으로 내어주시면서 ""죄송합니다 ""라고 하시는데~ 웨이팅도 길고 또 그안"
맛있다 김치,phrase,2,True,1,4.0,-3.0,항정살 보쌈이 부들부들 맛있었습니다. 김치도 달지도 않고 보쌈과의 조합도 잘 맞네요 문래점에서 먹고 실망했는데 본점은 다르네요 다만 규모에 비해 에어컨이 부족하여 땀흘리며 먹었네요... ㅠㅠ
부들부들 맛있다,phrase,2,True,1,4.0,-3.0,항정살 보쌈이 부들부들 맛있었습니다. 김치도 달지도 않고 보쌈과의 조합도 잘 맞네요 문래점에서 먹고 실망했는데 본점은 다르네요 다만 규모에 비해 에어컨이 부족하여 땀흘리며 먹었네요... ㅠㅠ
좋아하다 평냉집,phrase,2,True,1,4.0,0.0,엄마가 제일 좋아하는 평냉집! 둘이 가서 평냉 하나에 빈대떡 하나 시켜 나눠먹고 후식으로 옆에 꽈배기집에서 통모짜핫도그 먹으면 갓벽한 염리동 루트
제일 좋아하다,phrase,2,True,1,4.0,0.0,엄마가 제일 좋아하는 평냉집! 둘이 가서 평냉 하나에 빈대떡 하나 시켜 나눠먹고 후식으로 옆에 꽈배기집에서 통모짜핫도그 먹으면 갓벽한 염리동 루트
맛있다 분간,phrase,2,True,1,4.0,-2.5,평냉 입문자라 대단히 맛있고 맛 없고를 분간하기 어려운데.. 먹을수록 맛있는 것 같아요....! 다만 가격이 비싼 느낌 ㅎ.ㅎ
대단하다 맛있다,phrase,2,True,1,4.0,-2.5,평냉 입문자라 대단히 맛있고 맛 없고를 분간하기 어려운데.. 먹을수록 맛있는 것 같아요....! 다만 가격이 비싼 느낌 ㅎ.ㅎ
맛있다 같다,phrase,2,True,1,4.0,-2.5,평냉 입문자라 대단히 맛있고 맛 없고를 분간하기 어려운데.. 먹을수록 맛있는 것 같아요....! 다만 가격이 비싼 느낌 ㅎ.ㅎ
먹다 맛있다,phrase,2,True,1,4.0,-2.5,평냉 입문자라 대단히 맛있고 맛 없고를 분간하기 어려운데.. 먹을수록 맛있는 것 같아요....! 다만 가격이 비싼 느낌 ㅎ.ㅎ
맛있다 다만,phrase,2,True,1,4.0,-1.0,아주 맛있어요! 다만 김치가 매우 아쉬운 맛입니다 …
아주 맛있다,phrase,2,True,1,4.0,-1.0,아주 맛있어요! 다만 김치가 매우 아쉬운 맛입니다 …
해장국 추천,phrase,2,True,1,4.0,-3.0,아구힘 센 분이라면 뼈해장국 추천. 저는 뜯다가 국물이 좀 식었는데 음식이 식으면서 누린내가 꽤 났습니다. 우거지도 많이 주문하시던데 우거지 좀 궁금하네요. 허나 너무 바쁜 매장이라 먹을 수 있을지 걱정.
추천 뜯다,phrase,2,True,1,4.0,-3.0,아구힘 센 분이라면 뼈해장국 추천. 저는 뜯다가 국물이 좀 식었는데 음식이 식으면서 누린내가 꽤 났습니다. 우거지도 많이 주문하시던데 우거지 좀 궁금하네요. 허나 너무 바쁜 매장이라 먹을 수 있을지 걱정.
조금 불친절,phrase,2,True,1,4.0,-1.0,"!! 인원별로 주문해야합니다 !! 4인이서 가서 대자 (49000원)로 시켰어요 사람이 많아서 그런가 직원분들이 조금 불친절 하셔서 1점 뺐어요 ㅠ 주말 오후 8시쯤에 가서 대기 10분정도 했고, 깍두기랑 소스가 킥이에요 굿임 한번쯤 성수오면 들릴만 하고 고기가 부드러웠어요"
불친절 빼다,phrase,2,True,1,4.0,-1.0,"!! 인원별로 주문해야합니다 !! 4인이서 가서 대자 (49000원)로 시켰어요 사람이 많아서 그런가 직원분들이 조금 불친절 하셔서 1점 뺐어요 ㅠ 주말 오후 8시쯤에 가서 대기 10분정도 했고, 깍두기랑 소스가 킥이에요 굿임 한번쯤 성수오면 들릴만 하고 고기가 부드러웠어요"
불친절 테이블,phrase,2,True,1,4.0,-4.0,음식 잘 나오고 여자 직원분은 친절함 (다른 리뷰처럼 남자 사장은 불친절). 테이블 간격이 너무 좁아 정신없음
친절하다 다른,phrase,2,True,1,4.0,-4.0,음식 잘 나오고 여자 직원분은 친절함 (다른 리뷰처럼 남자 사장은 불친절). 테이블 간격이 너무 좁아 정신없음
사장 불친절,phrase,2,True,1,4.0,-4.0,음식 잘 나오고 여자 직원분은 친절함 (다른 리뷰처럼 남자 사장은 불친절). 테이블 간격이 너무 좁아 정신없음
상태 좋다,phrase,2,True,1,4.0,-3.0,"요즘 세상에 웨이팅 장부 없는 가게이고 차량 대로변에 다른가게 피해가게 줄 세워놓는 가게도 처음본다 가게 입구에 안내문 붙여놓지 손님끼리 기다리는법 서로 물어봄 사장이 외국인을 애정하시는지 식사 중 왔던 유럽인.일본인에게는 계란부친거 ""써뷔쓰으~~""하면서 되도 않는 영어 쓰시며 주시더라 식대지불한 음식이라도 제대로 주면 다른건 상관없는데 외국인들은 고기 상태 좋은쪽 곱게 썰어서 주고 한국인 테이블엔 고기 잔 부스레기 +비계 잔뜩 외국인들 대접해주는건 좋게 보이는데 기존 다니던 손님 음식은 개밥처럼 주고..정 떨어져서 가기 싫어짐 칼"
맛있다 서빙,phrase,2,True,1,4.0,-3.0,"요즘 세상에 웨이팅 장부 없는 가게이고 차량 대로변에 다른가게 피해가게 줄 세워놓는 가게도 처음본다 가게 입구에 안내문 붙여놓지 손님끼리 기다리는법 서로 물어봄 사장이 외국인을 애정하시는지 식사 중 왔던 유럽인.일본인에게는 계란부친거 ""써뷔쓰으~~""하면서 되도 않는 영어 쓰시며 주시더라 식대지불한 음식이라도 제대로 주면 다른건 상관없는데 외국인들은 고기 상태 좋은쪽 곱게 썰어서 주고 한국인 테이블엔 고기 잔 부스레기 +비계 잔뜩 외국인들 대접해주는건 좋게 보이는데 기존 다니던 손님 음식은 개밥처럼 주고..정 떨어져서 가기 싫어짐 칼"
좋다 보이다,phrase,2,True,1,4.0,-3.0,"요즘 세상에 웨이팅 장부 없는 가게이고 차량 대로변에 다른가게 피해가게 줄 세워놓는 가게도 처음본다 가게 입구에 안내문 붙여놓지 손님끼리 기다리는법 서로 물어봄 사장이 외국인을 애정하시는지 식사 중 왔던 유럽인.일본인에게는 계란부친거 ""써뷔쓰으~~""하면서 되도 않는 영어 쓰시며 주시더라 식대지불한 음식이라도 제대로 주면 다른건 상관없는데 외국인들은 고기 상태 좋은쪽 곱게 썰어서 주고 한국인 테이블엔 고기 잔 부스레기 +비계 잔뜩 외국인들 대접해주는건 좋게 보이는데 기존 다니던 손님 음식은 개밥처럼 주고..정 떨어져서 가기 싫어짐 칼"
해주다 좋다,phrase,2,True,1,4.0,-3.0,"요즘 세상에 웨이팅 장부 없는 가게이고 차량 대로변에 다른가게 피해가게 줄 세워놓는 가게도 처음본다 가게 입구에 안내문 붙여놓지 손님끼리 기다리는법 서로 물어봄 사장이 외국인을 애정하시는지 식사 중 왔던 유럽인.일본인에게는 계란부친거 ""써뷔쓰으~~""하면서 되도 않는 영어 쓰시며 주시더라 식대지불한 음식이라도 제대로 주면 다른건 상관없는데 외국인들은 고기 상태 좋은쪽 곱게 썰어서 주고 한국인 테이블엔 고기 잔 부스레기 +비계 잔뜩 외국인들 대접해주는건 좋게 보이는데 기존 다니던 손님 음식은 개밥처럼 주고..정 떨어져서 가기 싫어짐 칼"
좋다 썰다,phrase,2,True,1,4.0,-3.0,"요즘 세상에 웨이팅 장부 없는 가게이고 차량 대로변에 다른가게 피해가게 줄 세워놓는 가게도 처음본다 가게 입구에 안내문 붙여놓지 손님끼리 기다리는법 서로 물어봄 사장이 외국인을 애정하시는지 식사 중 왔던 유럽인.일본인에게는 계란부친거 ""써뷔쓰으~~""하면서 되도 않는 영어 쓰시며 주시더라 식대지불한 음식이라도 제대로 주면 다른건 상관없는데 외국인들은 고기 상태 좋은쪽 곱게 썰어서 주고 한국인 테이블엔 고기 잔 부스레기 +비계 잔뜩 외국인들 대접해주는건 좋게 보이는데 기존 다니던 손님 음식은 개밥처럼 주고..정 떨어져서 가기 싫어짐 칼"
자다,token,1,False,5,4.2,-1.2,항정살 보쌈이 부들부들 맛있었습니다. 김치도 달지도 않고 보쌈과의 조합도 잘 맞네요 문래점에서 먹고 실망했는데 본점은 다르네요 다만 규모에 비해 에어컨이 부족하여 땀흘리며 먹었네요... ㅠㅠ
다른,token,1,False,5,4.2,-2.2,그래 여긴 킹정이지 인정. 을밀대는 을밀대지 기본값 톡톡히 함 가격은 ...이제 그만 올려요 이러다 다 죽어.. + 입문자 테스트용으로 지인들 데려가곤 하는데 최근 들어서는 다른 평냉집보다 타율이 떨어지는 것 같기도.
느낌,token,1,False,4,4.5,-0.25,웨이팅 2시간 했습니다 신기한 맛이에요 국물맛이 가벼운데 짠 맛이 좀 강해요 김치만두는 굳이 안 먹어도 될 것 같아요 평범한 느낌
사람,token,1,False,4,4.5,-1.75,주사위 굴리듯 육수맛이 변합니다. 평균적으로 5가 나오고요.. 가끔 6나오면 사람 미칩니다. 2나 3이 나올 땐 아쉬운 마음 가득..
김치,token,1,False,4,4.25,-0.625,항정살 보쌈이 부들부들 맛있었습니다. 김치도 달지도 않고 보쌈과의 조합도 잘 맞네요 문래점에서 먹고 실망했는데 본점은 다르네요 다만 규모에 비해 에어컨이 부족하여 땀흘리며 먹었네요... ㅠㅠ
주문,token,1,False,4,4.25,-1.75,처음왔지만 처음이 아닌듯한 익숙한 느낌 쭌.. 쭌곱창!! 곱창 갈비를 주문했어요 홍대면 여기로~!
음식,token,1,False,4,4.25,-2.125,아구힘 센 분이라면 뼈해장국 추천. 저는 뜯다가 국물이 좀 식었는데 음식이 식으면서 누린내가 꽤 났습니다. 우거지도 많이 주문하시던데 우거지 좀 궁금하네요. 허나 너무 바쁜 매장이라 먹을 수 있을지 걱정.
다만,token,1,False,4,4.0,-1.625,항정살 보쌈이 부들부들 맛있었습니다. 김치도 달지도 않고 보쌈과의 조합도 잘 맞네요 문래점에서 먹고 실망했는데 본점은 다르네요 다만 규모에 비해 에어컨이 부족하여 땀흘리며 먹었네요... ㅠㅠ
웨이,token,1,False,4,4.0,-0.75,웨이팅 2시간 했습니다 신기한 맛이에요 국물맛이 가벼운데 짠 맛이 좀 강해요 김치만두는 굳이 안 먹어도 될 것 같아요 평범한 느낌
보쌈,token,1,False,3,4.667,-1.333,확신의 맛집 무조건 반반보쌈으로 ㄱㄱ 단 시끄러운거 싫어하면 절대 평일 저녁엔 가지마세요 할저씨들 술시켜놓고 고성방가 심함..
생각,token,1,False,3,4.667,-0.833,필O면옥 생각하고 먹었는데 저는 생각보다 걸레빤 향+고기육향이 너무 나서 겨우 먹고 나왔어요ㅠ 속이 비리더라구요... 면은 정말 잘만들었어요. 워낙 취향 타는 게 평냉이라 갠적 소감만 남깁니다.
처음,token,1,False,3,4.667,-0.5,처음왔지만 처음이 아닌듯한 익숙한 느낌 쭌.. 쭌곱창!! 곱창 갈비를 주문했어요 홍대면 여기로~!
식사,token,1,False,3,4.667,-1.833,"2025년 07월 31일 - 새벽 2:30 야~~~~ 그놈 솔직히 말씀드리면, 너무 시끄려워 이곳이 술을 함께 파는 음식점이라는 건 알고 있지만, 그래도 공공장소입니다. 다른 손님들도 함께 있는 공간인 만큼, 최소한의 예의는 지켜야 한다고 생각합니다. 제발 목소리를 낮춰 주세요. 당신의 사업 이야기를 듣고 싶어 하는 사람은 주변에 없습니다. 함께 술 마시는 사람들에게만 들릴 정도로 이야기해 주세요. 오늘 이 가게에 세 번째 방문인데, 소음이 너무 심해서 식사 도중에 속이 울렁거릴 정도였습니다. 이건 너무 무례한 행동입니다. 직원분들"
손님,token,1,False,3,4.667,-1.833,"2025년 07월 31일 - 새벽 2:30 야~~~~ 그놈 솔직히 말씀드리면, 너무 시끄려워 이곳이 술을 함께 파는 음식점이라는 건 알고 있지만, 그래도 공공장소입니다. 다른 손님들도 함께 있는 공간인 만큼, 최소한의 예의는 지켜야 한다고 생각합니다. 제발 목소리를 낮춰 주세요. 당신의 사업 이야기를 듣고 싶어 하는 사람은 주변에 없습니다. 함께 술 마시는 사람들에게만 들릴 정도로 이야기해 주세요. 오늘 이 가게에 세 번째 방문인데, 소음이 너무 심해서 식사 도중에 속이 울렁거릴 정도였습니다. 이건 너무 무례한 행동입니다. 직원분들"
다르다,token,1,False,3,4.333,-1.5,항정살 보쌈이 부들부들 맛있었습니다. 김치도 달지도 않고 보쌈과의 조합도 잘 맞네요 문래점에서 먹고 실망했는데 본점은 다르네요 다만 규모에 비해 에어컨이 부족하여 땀흘리며 먹었네요... ㅠㅠ
만들다,token,1,False,3,4.333,0.5,그냥 준수하게 잘 만든 평양냉면이다. 다만 굳이 간다면 을밀대를 갈 거 같다. 아니면 진미나.
들리다,token,1,False,3,4.333,-2.667,"!! 인원별로 주문해야합니다 !! 4인이서 가서 대자 (49000원)로 시켰어요 사람이 많아서 그런가 직원분들이 조금 불친절 하셔서 1점 뺐어요 ㅠ 주말 오후 8시쯤에 가서 대기 10분정도 했고, 깍두기랑 소스가 킥이에요 굿임 한번쯤 성수오면 들릴만 하고 고기가 부드러웠어요"
직원,token,1,False,3,4.333,-3.0,"!! 인원별로 주문해야합니다 !! 4인이서 가서 대자 (49000원)로 시켰어요 사람이 많아서 그런가 직원분들이 조금 불친절 하셔서 1점 뺐어요 ㅠ 주말 오후 8시쯤에 가서 대기 10분정도 했고, 깍두기랑 소스가 킥이에요 굿임 한번쯤 성수오면 들릴만 하고 고기가 부드러웠어요"
사장,token,1,False,3,4.333,-1.833,음식 잘 나오고 여자 직원분은 친절함 (다른 리뷰처럼 남자 사장은 불친절). 테이블 간격이 너무 좁아 정신없음
국물,token,1,False,3,4.0,-2.0,웨이팅 2시간 했습니다 신기한 맛이에요 국물맛이 가벼운데 짠 맛이 좀 강해요 김치만두는 굳이 안 먹어도 될 것 같아요 평범한 느낌
많다,token,1,False,3,4.0,-0.667,30분 이내 대기면 드세요. 그 이상은 좀 미묘한데 대기가 많네요. 전 110분 기다림
나오다,token,1,False,3,4.0,-1.667,주사위 굴리듯 육수맛이 변합니다. 평균적으로 5가 나오고요.. 가끔 6나오면 사람 미칩니다. 2나 3이 나올 땐 아쉬운 마음 가득..
고기,token,1,False,3,4.0,-1.333,"!! 인원별로 주문해야합니다 !! 4인이서 가서 대자 (49000원)로 시켰어요 사람이 많아서 그런가 직원분들이 조금 불친절 하셔서 1점 뺐어요 ㅠ 주말 오후 8시쯤에 가서 대기 10분정도 했고, 깍두기랑 소스가 킥이에요 굿임 한번쯤 성수오면 들릴만 하고 고기가 부드러웠어요"
자다 만들다,phrase,2,False,2,4.5,0.75,그냥 준수하게 잘 만든 평양냉면이다. 다만 굳이 간다면 을밀대를 갈 거 같다. 아니면 진미나.
웨이 정도,phrase,2,False,2,4.0,0.0,웨이팅 할 정도는..
평양 냉면,phrase,2,False,2,4.0,-0.25,그냥 준수하게 잘 만든 평양냉면이다. 다만 굳이 간다면 을밀대를 갈 거 같다. 아니면 진미나.
싶다,token,1,False,2,5.0,-2.5,음 맛잇을때가 잇고 그저그럴때가 있는듯? 평소엔 걍 존맛 입에서 살살녹아요; 여기꺼 먹으면 딴데꺼 못먹어요..그렇게 되고 싶으면 먹으세요.. 글고 돼지털도 잇어요 혹시 예민한 사람이면 싫어할듯
평일,token,1,False,2,4.5,-1.5,확신의 맛집 무조건 반반보쌈으로 ㄱㄱ 단 시끄러운거 싫어하면 절대 평일 저녁엔 가지마세요 할저씨들 술시켜놓고 고성방가 심함..
맞다,token,1,False,2,4.5,-0.75,항정살 보쌈이 부들부들 맛있었습니다. 김치도 달지도 않고 보쌈과의 조합도 잘 맞네요 문래점에서 먹고 실망했는데 본점은 다르네요 다만 규모에 비해 에어컨이 부족하여 땀흘리며 먹었네요... ㅠㅠ
조합,token,1,False,2,4.5,-0.75,항정살 보쌈이 부들부들 맛있었습니다. 김치도 달지도 않고 보쌈과의 조합도 잘 맞네요 문래점에서 먹고 실망했는데 본점은 다르네요 다만 규모에 비해 에어컨이 부족하여 땀흘리며 먹었네요... ㅠㅠ
웨이팅,token,1,False,2,4.5,0.5,맛에 비해 웨이팅이 너무 길다
제일,token,1,False,2,4.5,0.75,엄마가 제일 좋아하는 평냉집! 둘이 가서 평냉 하나에 빈대떡 하나 시켜 나눠먹고 후식으로 옆에 꽈배기집에서 통모짜핫도그 먹으면 갓벽한 염리동 루트
하나,token,1,False,2,4.5,0.75,엄마가 제일 좋아하는 평냉집! 둘이 가서 평냉 하나에 빈대떡 하나 시켜 나눠먹고 후식으로 옆에 꽈배기집에서 통모짜핫도그 먹으면 갓벽한 염리동 루트
솔직하다,token,1,False,2,4.5,-2.25,솔직히 평양냉면 잘 몰라서 그건 잘 모르겠고요 녹두전이 그으냥 Meechin-nom임 근데? 너무 비싸 앤드 평일 점심시간에 50분 기다려야 한다는 사실..
속이다,token,1,False,2,4.5,-2.0,필O면옥 생각하고 먹었는데 저는 생각보다 걸레빤 향+고기육향이 너무 나서 겨우 먹고 나왔어요ㅠ 속이 비리더라구요... 면은 정말 잘만들었어요. 워낙 취향 타는 게 평냉이라 갠적 소감만 남깁니다.
여기다,token,1,False,2,4.5,-0.5,그래 여긴 킹정이지 인정. 을밀대는 을밀대지 기본값 톡톡히 함 가격은 ...이제 그만 올려요 이러다 다 죽어.. + 입문자 테스트용으로 지인들 데려가곤 하는데 최근 들어서는 다른 평냉집보다 타율이 떨어지는 것 같기도.
가게,token,1,False,2,4.5,-3.5,"2025년 07월 31일 - 새벽 2:30 야~~~~ 그놈 솔직히 말씀드리면, 너무 시끄려워 이곳이 술을 함께 파는 음식점이라는 건 알고 있지만, 그래도 공공장소입니다. 다른 손님들도 함께 있는 공간인 만큼, 최소한의 예의는 지켜야 한다고 생각합니다. 제발 목소리를 낮춰 주세요. 당신의 사업 이야기를 듣고 싶어 하는 사람은 주변에 없습니다. 함께 술 마시는 사람들에게만 들릴 정도로 이야기해 주세요. 오늘 이 가게에 세 번째 방문인데, 소음이 너무 심해서 식사 도중에 속이 울렁거릴 정도였습니다. 이건 너무 무례한 행동입니다. 직원분들"
방문,token,1,False,2,4.5,-2.5,"2025년 07월 31일 - 새벽 2:30 야~~~~ 그놈 솔직히 말씀드리면, 너무 시끄려워 이곳이 술을 함께 파는 음식점이라는 건 알고 있지만, 그래도 공공장소입니다. 다른 손님들도 함께 있는 공간인 만큼, 최소한의 예의는 지켜야 한다고 생각합니다. 제발 목소리를 낮춰 주세요. 당신의 사업 이야기를 듣고 싶어 하는 사람은 주변에 없습니다. 함께 술 마시는 사람들에게만 들릴 정도로 이야기해 주세요. 오늘 이 가게에 세 번째 방문인데, 소음이 너무 심해서 식사 도중에 속이 울렁거릴 정도였습니다. 이건 너무 무례한 행동입니다. 직원분들"
배추,token,1,False,2,4.5,-0.75,"요즘 세상에 웨이팅 장부 없는 가게이고 차량 대로변에 다른가게 피해가게 줄 세워놓는 가게도 처음본다 가게 입구에 안내문 붙여놓지 손님끼리 기다리는법 서로 물어봄 사장이 외국인을 애정하시는지 식사 중 왔던 유럽인.일본인에게는 계란부친거 ""써뷔쓰으~~""하면서 되도 않는 영어 쓰시며 주시더라 식대지불한 음식이라도 제대로 주면 다른건 상관없는데 외국인들은 고기 상태 좋은쪽 곱게 썰어서 주고 한국인 테이블엔 고기 잔 부스레기 +비계 잔뜩 외국인들 대접해주는건 좋게 보이는데 기존 다니던 손님 음식은 개밥처럼 주고..정 떨어져서 가기 싫어짐 칼"
칼국수,token,1,False,2,4.5,-0.75,"요즘 세상에 웨이팅 장부 없는 가게이고 차량 대로변에 다른가게 피해가게 줄 세워놓는 가게도 처음본다 가게 입구에 안내문 붙여놓지 손님끼리 기다리는법 서로 물어봄 사장이 외국인을 애정하시는지 식사 중 왔던 유럽인.일본인에게는 계란부친거 ""써뷔쓰으~~""하면서 되도 않는 영어 쓰시며 주시더라 식대지불한 음식이라도 제대로 주면 다른건 상관없는데 외국인들은 고기 상태 좋은쪽 곱게 썰어서 주고 한국인 테이블엔 고기 잔 부스레기 +비계 잔뜩 외국인들 대접해주는건 좋게 보이는데 기존 다니던 손님 음식은 개밥처럼 주고..정 떨어져서 가기 싫어짐 칼"
요즘,token,1,False,2,4.5,-0.75,"요즘 세상에 웨이팅 장부 없는 가게이고 차량 대로변에 다른가게 피해가게 줄 세워놓는 가게도 처음본다 가게 입구에 안내문 붙여놓지 손님끼리 기다리는법 서로 물어봄 사장이 외국인을 애정하시는지 식사 중 왔던 유럽인.일본인에게는 계란부친거 ""써뷔쓰으~~""하면서 되도 않는 영어 쓰시며 주시더라 식대지불한 음식이라도 제대로 주면 다른건 상관없는데 외국인들은 고기 상태 좋은쪽 곱게 썰어서 주고 한국인 테이블엔 고기 잔 부스레기 +비계 잔뜩 외국인들 대접해주는건 좋게 보이는데 기존 다니던 손님 음식은 개밥처럼 주고..정 떨어져서 가기 싫어짐 칼"
상관없다,token,1,False,2,4.5,-0.75,"요즘 세상에 웨이팅 장부 없는 가게이고 차량 대로변에 다른가게 피해가게 줄 세워놓는 가게도 처음본다 가게 입구에 안내문 붙여놓지 손님끼리 기다리는법 서로 물어봄 사장이 외국인을 애정하시는지 식사 중 왔던 유럽인.일본인에게는 계란부친거 ""써뷔쓰으~~""하면서 되도 않는 영어 쓰시며 주시더라 식대지불한 음식이라도 제대로 주면 다른건 상관없는데 외국인들은 고기 상태 좋은쪽 곱게 썰어서 주고 한국인 테이블엔 고기 잔 부스레기 +비계 잔뜩 외국인들 대접해주는건 좋게 보이는데 기존 다니던 손님 음식은 개밥처럼 주고..정 떨어져서 가기 싫어짐 칼"
외국인,token,1,False,2,4.5,-0.75,"요즘 세상에 웨이팅 장부 없는 가게이고 차량 대로변에 다른가게 피해가게 줄 세워놓는 가게도 처음본다 가게 입구에 안내문 붙여놓지 손님끼리 기다리는법 서로 물어봄 사장이 외국인을 애정하시는지 식사 중 왔던 유럽인.일본인에게는 계란부친거 ""써뷔쓰으~~""하면서 되도 않는 영어 쓰시며 주시더라 식대지불한 음식이라도 제대로 주면 다른건 상관없는데 외국인들은 고기 상태 좋은쪽 곱게 썰어서 주고 한국인 테이블엔 고기 잔 부스레기 +비계 잔뜩 외국인들 대접해주는건 좋게 보이는데 기존 다니던 손님 음식은 개밥처럼 주고..정 떨어져서 가기 싫어짐 칼"
비다,token,1,False,2,4.0,-1.75,항정살 보쌈이 부들부들 맛있었습니다. 김치도 달지도 않고 보쌈과의 조합도 잘 맞네요 문래점에서 먹고 실망했는데 본점은 다르네요 다만 규모에 비해 에어컨이 부족하여 땀흘리며 먹었네요... ㅠㅠ
대기,token,1,False,2,4.0,-0.5,30분 이내 대기면 드세요. 그 이상은 좀 미묘한데 대기가 많네요. 전 110분 기다림
을밀대,token,1,False,2,4.0,0.0,그냥 준수하게 잘 만든 평양냉면이다. 다만 굳이 간다면 을밀대를 갈 거 같다. 아니면 진미나.
냉면,token,1,False,2,4.0,-0.25,그냥 준수하게 잘 만든 평양냉면이다. 다만 굳이 간다면 을밀대를 갈 거 같다. 아니면 진미나.
평양,token,1,False,2,4.0,-0.25,그냥 준수하게 잘 만든 평양냉면이다. 다만 굳이 간다면 을밀대를 갈 거 같다. 아니면 진미나.
평냉집,token,1,False,2,4.0,0.0,엄마가 제일 좋아하는 평냉집! 둘이 가서 평냉 하나에 빈대떡 하나 시켜 나눠먹고 후식으로 옆에 꽈배기집에서 통모짜핫도그 먹으면 갓벽한 염리동 루트
시키다,token,1,False,2,4.0,-0.5,엄마가 제일 좋아하는 평냉집! 둘이 가서 평냉 하나에 빈대떡 하나 시켜 나눠먹고 후식으로 옆에 꽈배기집에서 통모짜핫도그 먹으면 갓벽한 염리동 루트
평냉,token,1,False,2,4.0,-1.25,엄마가 제일 좋아하는 평냉집! 둘이 가서 평냉 하나에 빈대떡 하나 시켜 나눠먹고 후식으로 옆에 꽈배기집에서 통모짜핫도그 먹으면 갓벽한 염리동 루트
기다리다,token,1,False,2,4.0,-1.75,솔직히 평양냉면 잘 몰라서 그건 잘 모르겠고요 녹두전이 그으냥 Meechin-nom임 근데? 너무 비싸 앤드 평일 점심시간에 50분 기다려야 한다는 사실..
입문,token,1,False,2,4.0,-1.25,평냉 입문자라 대단히 맛있고 맛 없고를 분간하기 어려운데.. 먹을수록 맛있는 것 같아요....! 다만 가격이 비싼 느낌 ㅎ.ㅎ
가격,token,1,False,2,4.0,-1.25,평냉 입문자라 대단히 맛있고 맛 없고를 분간하기 어려운데.. 먹을수록 맛있는 것 같아요....! 다만 가격이 비싼 느낌 ㅎ.ㅎ
테이블,token,1,False,2,4.0,-3.5,음식 잘 나오고 여자 직원분은 친절함 (다른 리뷰처럼 남자 사장은 불친절). 테이블 간격이 너무 좁아 정신없음
저녁 가지 말다,phrase,3,False,1,5.0,-2.5,확신의 맛집 무조건 반반보쌈으로 ㄱㄱ 단 시끄러운거 싫어하면 절대 평일 저녁엔 가지마세요 할저씨들 술시켜놓고 고성방가 심함..
무조건 보쌈 시끄럽다,phrase,3,False,1,5.0,-2.5,확신의 맛집 무조건 반반보쌈으로 ㄱㄱ 단 시끄러운거 싫어하면 절대 평일 저녁엔 가지마세요 할저씨들 술시켜놓고 고성방가 심함..
말다 술시 켜다,phrase,3,False,1,5.0,-2.5,확신의 맛집 무조건 반반보쌈으로 ㄱㄱ 단 시끄러운거 싫어하면 절대 평일 저녁엔 가지마세요 할저씨들 술시켜놓고 고성방가 심함..
고성 방가 심하다,phrase,3,False,1,5.0,-2.5,확신의 맛집 무조건 반반보쌈으로 ㄱㄱ 단 시끄러운거 싫어하면 절대 평일 저녁엔 가지마세요 할저씨들 술시켜놓고 고성방가 심함..
싫어하다 절대 평일,phrase,3,False,1,5.0,-2.5,확신의 맛집 무조건 반반보쌈으로 ㄱㄱ 단 시끄러운거 싫어하면 절대 평일 저녁엔 가지마세요 할저씨들 술시켜놓고 고성방가 심함..
확신 맛집 무조건,phrase,3,False,1,5.0,-2.5,확신의 맛집 무조건 반반보쌈으로 ㄱㄱ 단 시끄러운거 싫어하면 절대 평일 저녁엔 가지마세요 할저씨들 술시켜놓고 고성방가 심함..
켜다 고성 방가,phrase,3,False,1,5.0,-2.5,확신의 맛집 무조건 반반보쌈으로 ㄱㄱ 단 시끄러운거 싫어하면 절대 평일 저녁엔 가지마세요 할저씨들 술시켜놓고 고성방가 심함..
보쌈 시끄럽다 싫어하다,phrase,3,False,1,5.0,-2.5,확신의 맛집 무조건 반반보쌈으로 ㄱㄱ 단 시끄러운거 싫어하면 절대 평일 저녁엔 가지마세요 할저씨들 술시켜놓고 고성방가 심함..
시끄럽다 싫어하다 절대,phrase,3,False,1,5.0,-2.5,확신의 맛집 무조건 반반보쌈으로 ㄱㄱ 단 시끄러운거 싫어하면 절대 평일 저녁엔 가지마세요 할저씨들 술시켜놓고 고성방가 심함..
가지 말다 술시,phrase,3,False,1,5.0,-2.5,확신의 맛집 무조건 반반보쌈으로 ㄱㄱ 단 시끄러운거 싫어하면 절대 평일 저녁엔 가지마세요 할저씨들 술시켜놓고 고성방가 심함..
절대 평일 저녁,phrase,3,False,1,5.0,-2.5,확신의 맛집 무조건 반반보쌈으로 ㄱㄱ 단 시끄러운거 싫어하면 절대 평일 저녁엔 가지마세요 할저씨들 술시켜놓고 고성방가 심함..
평일 저녁 가지,phrase,3,False,1,5.0,-2.5,확신의 맛집 무조건 반반보쌈으로 ㄱㄱ 단 시끄러운거 싫어하면 절대 평일 저녁엔 가지마세요 할저씨들 술시켜놓고 고성방가 심함..
술시 켜다 고성,phrase,3,False,1,5.0,-2.5,확신의 맛집 무조건 반반보쌈으로 ㄱㄱ 단 시끄러운거 싫어하면 절대 평일 저녁엔 가지마세요 할저씨들 술시켜놓고 고성방가 심함..
맛집 무조건 보쌈,phrase,3,False,1,5.0,-2.5,확신의 맛집 무조건 반반보쌈으로 ㄱㄱ 단 시끄러운거 싫어하면 절대 평일 저녁엔 가지마세요 할저씨들 술시켜놓고 고성방가 심함..
처음 아니다 익숙하다,phrase,3,False,1,5.0,0.0,처음왔지만 처음이 아닌듯한 익숙한 느낌 쭌.. 쭌곱창!! 곱창 갈비를 주문했어요 홍대면 여기로~!
주문 홍대 여기,phrase,3,False,1,5.0,0.0,처음왔지만 처음이 아닌듯한 익숙한 느낌 쭌.. 쭌곱창!! 곱창 갈비를 주문했어요 홍대면 여기로~!
갈비 주문 홍대,phrase,3,False,1,5.0,0.0,처음왔지만 처음이 아닌듯한 익숙한 느낌 쭌.. 쭌곱창!! 곱창 갈비를 주문했어요 홍대면 여기로~!
처음 오다 처음,phrase,3,False,1,5.0,0.0,처음왔지만 처음이 아닌듯한 익숙한 느낌 쭌.. 쭌곱창!! 곱창 갈비를 주문했어요 홍대면 여기로~!
아니다 익숙하다 느낌,phrase,3,False,1,5.0,0.0,처음왔지만 처음이 아닌듯한 익숙한 느낌 쭌.. 쭌곱창!! 곱창 갈비를 주문했어요 홍대면 여기로~!
곱창 갈비 주문,phrase,3,False,1,5.0,0.0,처음왔지만 처음이 아닌듯한 익숙한 느낌 쭌.. 쭌곱창!! 곱창 갈비를 주문했어요 홍대면 여기로~!
곱창 곱창 갈비,phrase,3,False,1,5.0,0.0,처음왔지만 처음이 아닌듯한 익숙한 느낌 쭌.. 쭌곱창!! 곱창 갈비를 주문했어요 홍대면 여기로~!
느낌 곱창 곱창,phrase,3,False,1,5.0,0.0,처음왔지만 처음이 아닌듯한 익숙한 느낌 쭌.. 쭌곱창!! 곱창 갈비를 주문했어요 홍대면 여기로~!
익숙하다 느낌 곱창,phrase,3,False,1,5.0,0.0,처음왔지만 처음이 아닌듯한 익숙한 느낌 쭌.. 쭌곱창!! 곱창 갈비를 주문했어요 홍대면 여기로~!
오다 처음 아니다,phrase,3,False,1,5.0,0.0,처음왔지만 처음이 아닌듯한 익숙한 느낌 쭌.. 쭌곱창!! 곱창 갈비를 주문했어요 홍대면 여기로~!
그렇다 평소 존맛,phrase,3,False,1,5.0,-1.0,음 맛잇을때가 잇고 그저그럴때가 있는듯? 평소엔 걍 존맛 입에서 살살녹아요; 여기꺼 먹으면 딴데꺼 못먹어요..그렇게 되고 싶으면 먹으세요.. 글고 돼지털도 잇어요 혹시 예민한 사람이면 싫어할듯
먹다 따다 먹다,phrase,3,False,1,5.0,-1.0,음 맛잇을때가 잇고 그저그럴때가 있는듯? 평소엔 걍 존맛 입에서 살살녹아요; 여기꺼 먹으면 딴데꺼 못먹어요..그렇게 되고 싶으면 먹으세요.. 글고 돼지털도 잇어요 혹시 예민한 사람이면 싫어할듯
잇다 잇다 그저,phrase,3,False,1,5.0,-1.0,음 맛잇을때가 잇고 그저그럴때가 있는듯? 평소엔 걍 존맛 입에서 살살녹아요; 여기꺼 먹으면 딴데꺼 못먹어요..그렇게 되고 싶으면 먹으세요.. 글고 돼지털도 잇어요 혹시 예민한 사람이면 싫어할듯
평소 존맛 살살,phrase,3,False,1,5.0,-1.0,음 맛잇을때가 잇고 그저그럴때가 있는듯? 평소엔 걍 존맛 입에서 살살녹아요; 여기꺼 먹으면 딴데꺼 못먹어요..그렇게 되고 싶으면 먹으세요.. 글고 돼지털도 잇어요 혹시 예민한 사람이면 싫어할듯
돼지 털다 잇다,phrase,3,False,1,5.0,-1.0,음 맛잇을때가 잇고 그저그럴때가 있는듯? 평소엔 걍 존맛 입에서 살살녹아요; 여기꺼 먹으면 딴데꺼 못먹어요..그렇게 되고 싶으면 먹으세요.. 글고 돼지털도 잇어요 혹시 예민한 사람이면 싫어할듯
잇다 혹시 예민하다,phrase,3,False,1,5.0,-1.0,음 맛잇을때가 잇고 그저그럴때가 있는듯? 평소엔 걍 존맛 입에서 살살녹아요; 여기꺼 먹으면 딴데꺼 못먹어요..그렇게 되고 싶으면 먹으세요.. 글고 돼지털도 잇어요 혹시 예민한 사람이면 싫어할듯
싶다 먹다 돼지,phrase,3,False,1,5.0,-1.0,음 맛잇을때가 잇고 그저그럴때가 있는듯? 평소엔 걍 존맛 입에서 살살녹아요; 여기꺼 먹으면 딴데꺼 못먹어요..그렇게 되고 싶으면 먹으세요.. 글고 돼지털도 잇어요 혹시 예민한 사람이면 싫어할듯
잇다 그저 그렇다,phrase,3,False,1,5.0,-1.0,음 맛잇을때가 잇고 그저그럴때가 있는듯? 평소엔 걍 존맛 입에서 살살녹아요; 여기꺼 먹으면 딴데꺼 못먹어요..그렇게 되고 싶으면 먹으세요.. 글고 돼지털도 잇어요 혹시 예민한 사람이면 싫어할듯
먹다 그렇게 싶다,phrase,3,False,1,5.0,-1.0,음 맛잇을때가 잇고 그저그럴때가 있는듯? 평소엔 걍 존맛 입에서 살살녹아요; 여기꺼 먹으면 딴데꺼 못먹어요..그렇게 되고 싶으면 먹으세요.. 글고 돼지털도 잇어요 혹시 예민한 사람이면 싫어할듯
그렇게 싶다 먹다,phrase,3,False,1,5.0,-1.0,음 맛잇을때가 잇고 그저그럴때가 있는듯? 평소엔 걍 존맛 입에서 살살녹아요; 여기꺼 먹으면 딴데꺼 못먹어요..그렇게 되고 싶으면 먹으세요.. 글고 돼지털도 잇어요 혹시 예민한 사람이면 싫어할듯
혹시 예민하다 사람,phrase,3,False,1,5.0,-1.0,음 맛잇을때가 잇고 그저그럴때가 있는듯? 평소엔 걍 존맛 입에서 살살녹아요; 여기꺼 먹으면 딴데꺼 못먹어요..그렇게 되고 싶으면 먹으세요.. 글고 돼지털도 잇어요 혹시 예민한 사람이면 싫어할듯
사람 이면 싫어하다,phrase,3,False,1,5.0,-1.0,음 맛잇을때가 잇고 그저그럴때가 있는듯? 평소엔 걍 존맛 입에서 살살녹아요; 여기꺼 먹으면 딴데꺼 못먹어요..그렇게 되고 싶으면 먹으세요.. 글고 돼지털도 잇어요 혹시 예민한 사람이면 싫어할듯
살살 녹다 여기다,phrase,3,False,1,5.0,-1.0,음 맛잇을때가 잇고 그저그럴때가 있는듯? 평소엔 걍 존맛 입에서 살살녹아요; 여기꺼 먹으면 딴데꺼 못먹어요..그렇게 되고 싶으면 먹으세요.. 글고 돼지털도 잇어요 혹시 예민한 사람이면 싫어할듯
여기다 먹다 따다,phrase,3,False,1,5.0,-1.0,음 맛잇을때가 잇고 그저그럴때가 있는듯? 평소엔 걍 존맛 입에서 살살녹아요; 여기꺼 먹으면 딴데꺼 못먹어요..그렇게 되고 싶으면 먹으세요.. 글고 돼지털도 잇어요 혹시 예민한 사람이면 싫어할듯
예민하다 사람 이면,phrase,3,False,1,5.0,-1.0,음 맛잇을때가 잇고 그저그럴때가 있는듯? 평소엔 걍 존맛 입에서 살살녹아요; 여기꺼 먹으면 딴데꺼 못먹어요..그렇게 되고 싶으면 먹으세요.. 글고 돼지털도 잇어요 혹시 예민한 사람이면 싫어할듯
먹다 돼지 털다,phrase,3,False,1,5.0,-1.0,음 맛잇을때가 잇고 그저그럴때가 있는듯? 평소엔 걍 존맛 입에서 살살녹아요; 여기꺼 먹으면 딴데꺼 못먹어요..그렇게 되고 싶으면 먹으세요.. 글고 돼지털도 잇어요 혹시 예민한 사람이면 싫어할듯
그저 그렇다 평소,phrase,3,False,1,5.0,-1.0,음 맛잇을때가 잇고 그저그럴때가 있는듯? 평소엔 걍 존맛 입에서 살살녹아요; 여기꺼 먹으면 딴데꺼 못먹어요..그렇게 되고 싶으면 먹으세요.. 글고 돼지털도 잇어요 혹시 예민한 사람이면 싫어할듯
존맛 살살 녹다,phrase,3,False,1,5.0,-1.0,음 맛잇을때가 잇고 그저그럴때가 있는듯? 평소엔 걍 존맛 입에서 살살녹아요; 여기꺼 먹으면 딴데꺼 못먹어요..그렇게 되고 싶으면 먹으세요.. 글고 돼지털도 잇어요 혹시 예민한 사람이면 싫어할듯
녹다 여기다 먹다,phrase,3,False,1,5.0,-1.0,음 맛잇을때가 잇고 그저그럴때가 있는듯? 평소엔 걍 존맛 입에서 살살녹아요; 여기꺼 먹으면 딴데꺼 못먹어요..그렇게 되고 싶으면 먹으세요.. 글고 돼지털도 잇어요 혹시 예민한 사람이면 싫어할듯
따다 먹다 그렇게,phrase,3,False,1,5.0,-1.0,음 맛잇을때가 잇고 그저그럴때가 있는듯? 평소엔 걍 존맛 입에서 살살녹아요; 여기꺼 먹으면 딴데꺼 못먹어요..그렇게 되고 싶으면 먹으세요.. 글고 돼지털도 잇어요 혹시 예민한 사람이면 싫어할듯
털다 잇다 혹시,phrase,3,False,1,5.0,-1.0,음 맛잇을때가 잇고 그저그럴때가 있는듯? 평소엔 걍 존맛 입에서 살살녹아요; 여기꺼 먹으면 딴데꺼 못먹어요..그렇게 되고 싶으면 먹으세요.. 글고 돼지털도 잇어요 혹시 예민한 사람이면 싫어할듯
지나치다 크다 다른,phrase,3,False,1,5.0,-4.0,"2025년 07월 31일 - 새벽 2:30 야~~~~ 그놈 솔직히 말씀드리면, 너무 시끄려워 이곳이 술을 함께 파는 음식점이라는 건 알고 있지만, 그래도 공공장소입니다. 다른 손님들도 함께 있는 공간인 만큼, 최소한의 예의는 지켜야 한다고 생각합니다. 제발 목소리를 낮춰 주세요. 당신의 사업 이야기를 듣고 싶어 하는 사람은 주변에 없습니다. 함께 술 마시는 사람들에게만 들릴 정도로 이야기해 주세요. 오늘 이 가게에 세 번째 방문인데, 소음이 너무 심해서 식사 도중에 속이 울렁거릴 정도였습니다. 이건 너무 무례한 행동입니다. 직원분들"
주변 함께 마시다,phrase,3,False,1,5.0,-4.0,"2025년 07월 31일 - 새벽 2:30 야~~~~ 그놈 솔직히 말씀드리면, 너무 시끄려워 이곳이 술을 함께 파는 음식점이라는 건 알고 있지만, 그래도 공공장소입니다. 다른 손님들도 함께 있는 공간인 만큼, 최소한의 예의는 지켜야 한다고 생각합니다. 제발 목소리를 낮춰 주세요. 당신의 사업 이야기를 듣고 싶어 하는 사람은 주변에 없습니다. 함께 술 마시는 사람들에게만 들릴 정도로 이야기해 주세요. 오늘 이 가게에 세 번째 방문인데, 소음이 너무 심해서 식사 도중에 속이 울렁거릴 정도였습니다. 이건 너무 무례한 행동입니다. 직원분들"
공간 만큼 최소한,phrase,3,False,1,5.0,-4.0,"2025년 07월 31일 - 새벽 2:30 야~~~~ 그놈 솔직히 말씀드리면, 너무 시끄려워 이곳이 술을 함께 파는 음식점이라는 건 알고 있지만, 그래도 공공장소입니다. 다른 손님들도 함께 있는 공간인 만큼, 최소한의 예의는 지켜야 한다고 생각합니다. 제발 목소리를 낮춰 주세요. 당신의 사업 이야기를 듣고 싶어 하는 사람은 주변에 없습니다. 함께 술 마시는 사람들에게만 들릴 정도로 이야기해 주세요. 오늘 이 가게에 세 번째 방문인데, 소음이 너무 심해서 식사 도중에 속이 울렁거릴 정도였습니다. 이건 너무 무례한 행동입니다. 직원분들"
경우 조용하다 주의,phrase,3,False,1,5.0,-4.0,"2025년 07월 31일 - 새벽 2:30 야~~~~ 그놈 솔직히 말씀드리면, 너무 시끄려워 이곳이 술을 함께 파는 음식점이라는 건 알고 있지만, 그래도 공공장소입니다. 다른 손님들도 함께 있는 공간인 만큼, 최소한의 예의는 지켜야 한다고 생각합니다. 제발 목소리를 낮춰 주세요. 당신의 사업 이야기를 듣고 싶어 하는 사람은 주변에 없습니다. 함께 술 마시는 사람들에게만 들릴 정도로 이야기해 주세요. 오늘 이 가게에 세 번째 방문인데, 소음이 너무 심해서 식사 도중에 속이 울렁거릴 정도였습니다. 이건 너무 무례한 행동입니다. 직원분들"
제발 목소리 낮추다,phrase,3,False,1,5.0,-4.0,"2025년 07월 31일 - 새벽 2:30 야~~~~ 그놈 솔직히 말씀드리면, 너무 시끄려워 이곳이 술을 함께 파는 음식점이라는 건 알고 있지만, 그래도 공공장소입니다. 다른 손님들도 함께 있는 공간인 만큼, 최소한의 예의는 지켜야 한다고 생각합니다. 제발 목소리를 낮춰 주세요. 당신의 사업 이야기를 듣고 싶어 하는 사람은 주변에 없습니다. 함께 술 마시는 사람들에게만 들릴 정도로 이야기해 주세요. 오늘 이 가게에 세 번째 방문인데, 소음이 너무 심해서 식사 도중에 속이 울렁거릴 정도였습니다. 이건 너무 무례한 행동입니다. 직원분들"
크다 다른 손님,phrase,3,False,1,5.0,-4.0,"2025년 07월 31일 - 새벽 2:30 야~~~~ 그놈 솔직히 말씀드리면, 너무 시끄려워 이곳이 술을 함께 파는 음식점이라는 건 알고 있지만, 그래도 공공장소입니다. 다른 손님들도 함께 있는 공간인 만큼, 최소한의 예의는 지켜야 한다고 생각합니다. 제발 목소리를 낮춰 주세요. 당신의 사업 이야기를 듣고 싶어 하는 사람은 주변에 없습니다. 함께 술 마시는 사람들에게만 들릴 정도로 이야기해 주세요. 오늘 이 가게에 세 번째 방문인데, 소음이 너무 심해서 식사 도중에 속이 울렁거릴 정도였습니다. 이건 너무 무례한 행동입니다. 직원분들"
솔직하다 말씀드리다 너무,phrase,3,False,1,5.0,-4.0,"2025년 07월 31일 - 새벽 2:30 야~~~~ 그놈 솔직히 말씀드리면, 너무 시끄려워 이곳이 술을 함께 파는 음식점이라는 건 알고 있지만, 그래도 공공장소입니다. 다른 손님들도 함께 있는 공간인 만큼, 최소한의 예의는 지켜야 한다고 생각합니다. 제발 목소리를 낮춰 주세요. 당신의 사업 이야기를 듣고 싶어 하는 사람은 주변에 없습니다. 함께 술 마시는 사람들에게만 들릴 정도로 이야기해 주세요. 오늘 이 가게에 세 번째 방문인데, 소음이 너무 심해서 식사 도중에 속이 울렁거릴 정도였습니다. 이건 너무 무례한 행동입니다. 직원분들"
관리 않다 다시,phrase,3,False,1,5.0,-4.0,"2025년 07월 31일 - 새벽 2:30 야~~~~ 그놈 솔직히 말씀드리면, 너무 시끄려워 이곳이 술을 함께 파는 음식점이라는 건 알고 있지만, 그래도 공공장소입니다. 다른 손님들도 함께 있는 공간인 만큼, 최소한의 예의는 지켜야 한다고 생각합니다. 제발 목소리를 낮춰 주세요. 당신의 사업 이야기를 듣고 싶어 하는 사람은 주변에 없습니다. 함께 술 마시는 사람들에게만 들릴 정도로 이야기해 주세요. 오늘 이 가게에 세 번째 방문인데, 소음이 너무 심해서 식사 도중에 속이 울렁거릴 정도였습니다. 이건 너무 무례한 행동입니다. 직원분들"
도중 속이다 울렁거리다,phrase,3,False,1,5.0,-4.0,"2025년 07월 31일 - 새벽 2:30 야~~~~ 그놈 솔직히 말씀드리면, 너무 시끄려워 이곳이 술을 함께 파는 음식점이라는 건 알고 있지만, 그래도 공공장소입니다. 다른 손님들도 함께 있는 공간인 만큼, 최소한의 예의는 지켜야 한다고 생각합니다. 제발 목소리를 낮춰 주세요. 당신의 사업 이야기를 듣고 싶어 하는 사람은 주변에 없습니다. 함께 술 마시는 사람들에게만 들릴 정도로 이야기해 주세요. 오늘 이 가게에 세 번째 방문인데, 소음이 너무 심해서 식사 도중에 속이 울렁거릴 정도였습니다. 이건 너무 무례한 행동입니다. 직원분들"
조용하다 주의 시기,phrase,3,False,1,5.0,-4.0,"2025년 07월 31일 - 새벽 2:30 야~~~~ 그놈 솔직히 말씀드리면, 너무 시끄려워 이곳이 술을 함께 파는 음식점이라는 건 알고 있지만, 그래도 공공장소입니다. 다른 손님들도 함께 있는 공간인 만큼, 최소한의 예의는 지켜야 한다고 생각합니다. 제발 목소리를 낮춰 주세요. 당신의 사업 이야기를 듣고 싶어 하는 사람은 주변에 없습니다. 함께 술 마시는 사람들에게만 들릴 정도로 이야기해 주세요. 오늘 이 가게에 세 번째 방문인데, 소음이 너무 심해서 식사 도중에 속이 울렁거릴 정도였습니다. 이건 너무 무례한 행동입니다. 직원분들"
심하다 식사 도중,phrase,3,False,1,5.0,-4.0,"2025년 07월 31일 - 새벽 2:30 야~~~~ 그놈 솔직히 말씀드리면, 너무 시끄려워 이곳이 술을 함께 파는 음식점이라는 건 알고 있지만, 그래도 공공장소입니다. 다른 손님들도 함께 있는 공간인 만큼, 최소한의 예의는 지켜야 한다고 생각합니다. 제발 목소리를 낮춰 주세요. 당신의 사업 이야기를 듣고 싶어 하는 사람은 주변에 없습니다. 함께 술 마시는 사람들에게만 들릴 정도로 이야기해 주세요. 오늘 이 가게에 세 번째 방문인데, 소음이 너무 심해서 식사 도중에 속이 울렁거릴 정도였습니다. 이건 너무 무례한 행동입니다. 직원분들"
식사 도중 속이다,phrase,3,False,1,5.0,-4.0,"2025년 07월 31일 - 새벽 2:30 야~~~~ 그놈 솔직히 말씀드리면, 너무 시끄려워 이곳이 술을 함께 파는 음식점이라는 건 알고 있지만, 그래도 공공장소입니다. 다른 손님들도 함께 있는 공간인 만큼, 최소한의 예의는 지켜야 한다고 생각합니다. 제발 목소리를 낮춰 주세요. 당신의 사업 이야기를 듣고 싶어 하는 사람은 주변에 없습니다. 함께 술 마시는 사람들에게만 들릴 정도로 이야기해 주세요. 오늘 이 가게에 세 번째 방문인데, 소음이 너무 심해서 식사 도중에 속이 울렁거릴 정도였습니다. 이건 너무 무례한 행동입니다. 직원분들"
낮추다 줄다 당신,phrase,3,False,1,5.0,-4.0,"2025년 07월 31일 - 새벽 2:30 야~~~~ 그놈 솔직히 말씀드리면, 너무 시끄려워 이곳이 술을 함께 파는 음식점이라는 건 알고 있지만, 그래도 공공장소입니다. 다른 손님들도 함께 있는 공간인 만큼, 최소한의 예의는 지켜야 한다고 생각합니다. 제발 목소리를 낮춰 주세요. 당신의 사업 이야기를 듣고 싶어 하는 사람은 주변에 없습니다. 함께 술 마시는 사람들에게만 들릴 정도로 이야기해 주세요. 오늘 이 가게에 세 번째 방문인데, 소음이 너무 심해서 식사 도중에 속이 울렁거릴 정도였습니다. 이건 너무 무례한 행동입니다. 직원분들"
바라다 이렇다 부분,phrase,3,False,1,5.0,-4.0,"2025년 07월 31일 - 새벽 2:30 야~~~~ 그놈 솔직히 말씀드리면, 너무 시끄려워 이곳이 술을 함께 파는 음식점이라는 건 알고 있지만, 그래도 공공장소입니다. 다른 손님들도 함께 있는 공간인 만큼, 최소한의 예의는 지켜야 한다고 생각합니다. 제발 목소리를 낮춰 주세요. 당신의 사업 이야기를 듣고 싶어 하는 사람은 주변에 없습니다. 함께 술 마시는 사람들에게만 들릴 정도로 이야기해 주세요. 오늘 이 가게에 세 번째 방문인데, 소음이 너무 심해서 식사 도중에 속이 울렁거릴 정도였습니다. 이건 너무 무례한 행동입니다. 직원분들"
손님 함께 공간,phrase,3,False,1,5.0,-4.0,"2025년 07월 31일 - 새벽 2:30 야~~~~ 그놈 솔직히 말씀드리면, 너무 시끄려워 이곳이 술을 함께 파는 음식점이라는 건 알고 있지만, 그래도 공공장소입니다. 다른 손님들도 함께 있는 공간인 만큼, 최소한의 예의는 지켜야 한다고 생각합니다. 제발 목소리를 낮춰 주세요. 당신의 사업 이야기를 듣고 싶어 하는 사람은 주변에 없습니다. 함께 술 마시는 사람들에게만 들릴 정도로 이야기해 주세요. 오늘 이 가게에 세 번째 방문인데, 소음이 너무 심해서 식사 도중에 속이 울렁거릴 정도였습니다. 이건 너무 무례한 행동입니다. 직원분들"
지키다 생각 제발,phrase,3,False,1,5.0,-4.0,"2025년 07월 31일 - 새벽 2:30 야~~~~ 그놈 솔직히 말씀드리면, 너무 시끄려워 이곳이 술을 함께 파는 음식점이라는 건 알고 있지만, 그래도 공공장소입니다. 다른 손님들도 함께 있는 공간인 만큼, 최소한의 예의는 지켜야 한다고 생각합니다. 제발 목소리를 낮춰 주세요. 당신의 사업 이야기를 듣고 싶어 하는 사람은 주변에 없습니다. 함께 술 마시는 사람들에게만 들릴 정도로 이야기해 주세요. 오늘 이 가게에 세 번째 방문인데, 소음이 너무 심해서 식사 도중에 속이 울렁거릴 정도였습니다. 이건 너무 무례한 행동입니다. 직원분들"
무례하다 행동 이다,phrase,3,False,1,5.0,-4.0,"2025년 07월 31일 - 새벽 2:30 야~~~~ 그놈 솔직히 말씀드리면, 너무 시끄려워 이곳이 술을 함께 파는 음식점이라는 건 알고 있지만, 그래도 공공장소입니다. 다른 손님들도 함께 있는 공간인 만큼, 최소한의 예의는 지켜야 한다고 생각합니다. 제발 목소리를 낮춰 주세요. 당신의 사업 이야기를 듣고 싶어 하는 사람은 주변에 없습니다. 함께 술 마시는 사람들에게만 들릴 정도로 이야기해 주세요. 오늘 이 가게에 세 번째 방문인데, 소음이 너무 심해서 식사 도중에 속이 울렁거릴 정도였습니다. 이건 너무 무례한 행동입니다. 직원분들"
함께 마시다 사람,phrase,3,False,1,5.0,-4.0,"2025년 07월 31일 - 새벽 2:30 야~~~~ 그놈 솔직히 말씀드리면, 너무 시끄려워 이곳이 술을 함께 파는 음식점이라는 건 알고 있지만, 그래도 공공장소입니다. 다른 손님들도 함께 있는 공간인 만큼, 최소한의 예의는 지켜야 한다고 생각합니다. 제발 목소리를 낮춰 주세요. 당신의 사업 이야기를 듣고 싶어 하는 사람은 주변에 없습니다. 함께 술 마시는 사람들에게만 들릴 정도로 이야기해 주세요. 오늘 이 가게에 세 번째 방문인데, 소음이 너무 심해서 식사 도중에 속이 울렁거릴 정도였습니다. 이건 너무 무례한 행동입니다. 직원분들"
시기 바라다 이렇다,phrase,3,False,1,5.0,-4.0,"2025년 07월 31일 - 새벽 2:30 야~~~~ 그놈 솔직히 말씀드리면, 너무 시끄려워 이곳이 술을 함께 파는 음식점이라는 건 알고 있지만, 그래도 공공장소입니다. 다른 손님들도 함께 있는 공간인 만큼, 최소한의 예의는 지켜야 한다고 생각합니다. 제발 목소리를 낮춰 주세요. 당신의 사업 이야기를 듣고 싶어 하는 사람은 주변에 없습니다. 함께 술 마시는 사람들에게만 들릴 정도로 이야기해 주세요. 오늘 이 가게에 세 번째 방문인데, 소음이 너무 심해서 식사 도중에 속이 울렁거릴 정도였습니다. 이건 너무 무례한 행동입니다. 직원분들"
손님 불편 주다,phrase,3,False,1,5.0,-4.0,"2025년 07월 31일 - 새벽 2:30 야~~~~ 그놈 솔직히 말씀드리면, 너무 시끄려워 이곳이 술을 함께 파는 음식점이라는 건 알고 있지만, 그래도 공공장소입니다. 다른 손님들도 함께 있는 공간인 만큼, 최소한의 예의는 지켜야 한다고 생각합니다. 제발 목소리를 낮춰 주세요. 당신의 사업 이야기를 듣고 싶어 하는 사람은 주변에 없습니다. 함께 술 마시는 사람들에게만 들릴 정도로 이야기해 주세요. 오늘 이 가게에 세 번째 방문인데, 소음이 너무 심해서 식사 도중에 속이 울렁거릴 정도였습니다. 이건 너무 무례한 행동입니다. 직원분들"
생각 제발 목소리,phrase,3,False,1,5.0,-4.0,"2025년 07월 31일 - 새벽 2:30 야~~~~ 그놈 솔직히 말씀드리면, 너무 시끄려워 이곳이 술을 함께 파는 음식점이라는 건 알고 있지만, 그래도 공공장소입니다. 다른 손님들도 함께 있는 공간인 만큼, 최소한의 예의는 지켜야 한다고 생각합니다. 제발 목소리를 낮춰 주세요. 당신의 사업 이야기를 듣고 싶어 하는 사람은 주변에 없습니다. 함께 술 마시는 사람들에게만 들릴 정도로 이야기해 주세요. 오늘 이 가게에 세 번째 방문인데, 소음이 너무 심해서 식사 도중에 속이 울렁거릴 정도였습니다. 이건 너무 무례한 행동입니다. 직원분들"
오늘 가게 방문,phrase,3,False,1,5.0,-4.0,"2025년 07월 31일 - 새벽 2:30 야~~~~ 그놈 솔직히 말씀드리면, 너무 시끄려워 이곳이 술을 함께 파는 음식점이라는 건 알고 있지만, 그래도 공공장소입니다. 다른 손님들도 함께 있는 공간인 만큼, 최소한의 예의는 지켜야 한다고 생각합니다. 제발 목소리를 낮춰 주세요. 당신의 사업 이야기를 듣고 싶어 하는 사람은 주변에 없습니다. 함께 술 마시는 사람들에게만 들릴 정도로 이야기해 주세요. 오늘 이 가게에 세 번째 방문인데, 소음이 너무 심해서 식사 도중에 속이 울렁거릴 정도였습니다. 이건 너무 무례한 행동입니다. 직원분들"
불편 주다 경우,phrase,3,False,1,5.0,-4.0,"2025년 07월 31일 - 새벽 2:30 야~~~~ 그놈 솔직히 말씀드리면, 너무 시끄려워 이곳이 술을 함께 파는 음식점이라는 건 알고 있지만, 그래도 공공장소입니다. 다른 손님들도 함께 있는 공간인 만큼, 최소한의 예의는 지켜야 한다고 생각합니다. 제발 목소리를 낮춰 주세요. 당신의 사업 이야기를 듣고 싶어 하는 사람은 주변에 없습니다. 함께 술 마시는 사람들에게만 들릴 정도로 이야기해 주세요. 오늘 이 가게에 세 번째 방문인데, 소음이 너무 심해서 식사 도중에 속이 울렁거릴 정도였습니다. 이건 너무 무례한 행동입니다. 직원분들"
울렁거리다 정도 이다,phrase,3,False,1,5.0,-4.0,"2025년 07월 31일 - 새벽 2:30 야~~~~ 그놈 솔직히 말씀드리면, 너무 시끄려워 이곳이 술을 함께 파는 음식점이라는 건 알고 있지만, 그래도 공공장소입니다. 다른 손님들도 함께 있는 공간인 만큼, 최소한의 예의는 지켜야 한다고 생각합니다. 제발 목소리를 낮춰 주세요. 당신의 사업 이야기를 듣고 싶어 하는 사람은 주변에 없습니다. 함께 술 마시는 사람들에게만 들릴 정도로 이야기해 주세요. 오늘 이 가게에 세 번째 방문인데, 소음이 너무 심해서 식사 도중에 속이 울렁거릴 정도였습니다. 이건 너무 무례한 행동입니다. 직원분들"
정도 이야기 줄다,phrase,3,False,1,5.0,-4.0,"2025년 07월 31일 - 새벽 2:30 야~~~~ 그놈 솔직히 말씀드리면, 너무 시끄려워 이곳이 술을 함께 파는 음식점이라는 건 알고 있지만, 그래도 공공장소입니다. 다른 손님들도 함께 있는 공간인 만큼, 최소한의 예의는 지켜야 한다고 생각합니다. 제발 목소리를 낮춰 주세요. 당신의 사업 이야기를 듣고 싶어 하는 사람은 주변에 없습니다. 함께 술 마시는 사람들에게만 들릴 정도로 이야기해 주세요. 오늘 이 가게에 세 번째 방문인데, 소음이 너무 심해서 식사 도중에 속이 울렁거릴 정도였습니다. 이건 너무 무례한 행동입니다. 직원분들"
다른 손님 불편,phrase,3,False,1,5.0,-4.0,"2025년 07월 31일 - 새벽 2:30 야~~~~ 그놈 솔직히 말씀드리면, 너무 시끄려워 이곳이 술을 함께 파는 음식점이라는 건 알고 있지만, 그래도 공공장소입니다. 다른 손님들도 함께 있는 공간인 만큼, 최소한의 예의는 지켜야 한다고 생각합니다. 제발 목소리를 낮춰 주세요. 당신의 사업 이야기를 듣고 싶어 하는 사람은 주변에 없습니다. 함께 술 마시는 사람들에게만 들릴 정도로 이야기해 주세요. 오늘 이 가게에 세 번째 방문인데, 소음이 너무 심해서 식사 도중에 속이 울렁거릴 정도였습니다. 이건 너무 무례한 행동입니다. 직원분들"
음식점 그래도 공공장소,phrase,3,False,1,5.0,-4.0,"2025년 07월 31일 - 새벽 2:30 야~~~~ 그놈 솔직히 말씀드리면, 너무 시끄려워 이곳이 술을 함께 파는 음식점이라는 건 알고 있지만, 그래도 공공장소입니다. 다른 손님들도 함께 있는 공간인 만큼, 최소한의 예의는 지켜야 한다고 생각합니다. 제발 목소리를 낮춰 주세요. 당신의 사업 이야기를 듣고 싶어 하는 사람은 주변에 없습니다. 함께 술 마시는 사람들에게만 들릴 정도로 이야기해 주세요. 오늘 이 가게에 세 번째 방문인데, 소음이 너무 심해서 식사 도중에 속이 울렁거릴 정도였습니다. 이건 너무 무례한 행동입니다. 직원분들"
이렇다 부분 관리,phrase,3,False,1,5.0,-4.0,"2025년 07월 31일 - 새벽 2:30 야~~~~ 그놈 솔직히 말씀드리면, 너무 시끄려워 이곳이 술을 함께 파는 음식점이라는 건 알고 있지만, 그래도 공공장소입니다. 다른 손님들도 함께 있는 공간인 만큼, 최소한의 예의는 지켜야 한다고 생각합니다. 제발 목소리를 낮춰 주세요. 당신의 사업 이야기를 듣고 싶어 하는 사람은 주변에 없습니다. 함께 술 마시는 사람들에게만 들릴 정도로 이야기해 주세요. 오늘 이 가게에 세 번째 방문인데, 소음이 너무 심해서 식사 도중에 속이 울렁거릴 정도였습니다. 이건 너무 무례한 행동입니다. 직원분들"
다른 손님 함께,phrase,3,False,1,5.0,-4.0,"2025년 07월 31일 - 새벽 2:30 야~~~~ 그놈 솔직히 말씀드리면, 너무 시끄려워 이곳이 술을 함께 파는 음식점이라는 건 알고 있지만, 그래도 공공장소입니다. 다른 손님들도 함께 있는 공간인 만큼, 최소한의 예의는 지켜야 한다고 생각합니다. 제발 목소리를 낮춰 주세요. 당신의 사업 이야기를 듣고 싶어 하는 사람은 주변에 없습니다. 함께 술 마시는 사람들에게만 들릴 정도로 이야기해 주세요. 오늘 이 가게에 세 번째 방문인데, 소음이 너무 심해서 식사 도중에 속이 울렁거릴 정도였습니다. 이건 너무 무례한 행동입니다. 직원분들"
주의 시기 바라다,phrase,3,False,1,5.0,-4.0,"2025년 07월 31일 - 새벽 2:30 야~~~~ 그놈 솔직히 말씀드리면, 너무 시끄려워 이곳이 술을 함께 파는 음식점이라는 건 알고 있지만, 그래도 공공장소입니다. 다른 손님들도 함께 있는 공간인 만큼, 최소한의 예의는 지켜야 한다고 생각합니다. 제발 목소리를 낮춰 주세요. 당신의 사업 이야기를 듣고 싶어 하는 사람은 주변에 없습니다. 함께 술 마시는 사람들에게만 들릴 정도로 이야기해 주세요. 오늘 이 가게에 세 번째 방문인데, 소음이 너무 심해서 식사 도중에 속이 울렁거릴 정도였습니다. 이건 너무 무례한 행동입니다. 직원분들"
부분 관리 않다,phrase,3,False,1,5.0,-4.0,"2025년 07월 31일 - 새벽 2:30 야~~~~ 그놈 솔직히 말씀드리면, 너무 시끄려워 이곳이 술을 함께 파는 음식점이라는 건 알고 있지만, 그래도 공공장소입니다. 다른 손님들도 함께 있는 공간인 만큼, 최소한의 예의는 지켜야 한다고 생각합니다. 제발 목소리를 낮춰 주세요. 당신의 사업 이야기를 듣고 싶어 하는 사람은 주변에 없습니다. 함께 술 마시는 사람들에게만 들릴 정도로 이야기해 주세요. 오늘 이 가게에 세 번째 방문인데, 소음이 너무 심해서 식사 도중에 속이 울렁거릴 정도였습니다. 이건 너무 무례한 행동입니다. 직원분들"
이다 직원 부탁드리다,phrase,3,False,1,5.0,-4.0,"2025년 07월 31일 - 새벽 2:30 야~~~~ 그놈 솔직히 말씀드리면, 너무 시끄려워 이곳이 술을 함께 파는 음식점이라는 건 알고 있지만, 그래도 공공장소입니다. 다른 손님들도 함께 있는 공간인 만큼, 최소한의 예의는 지켜야 한다고 생각합니다. 제발 목소리를 낮춰 주세요. 당신의 사업 이야기를 듣고 싶어 하는 사람은 주변에 없습니다. 함께 술 마시는 사람들에게만 들릴 정도로 이야기해 주세요. 오늘 이 가게에 세 번째 방문인데, 소음이 너무 심해서 식사 도중에 속이 울렁거릴 정도였습니다. 이건 너무 무례한 행동입니다. 직원분들"
예의 지키다 생각,phrase,3,False,1,5.0,-4.0,"2025년 07월 31일 - 새벽 2:30 야~~~~ 그놈 솔직히 말씀드리면, 너무 시끄려워 이곳이 술을 함께 파는 음식점이라는 건 알고 있지만, 그래도 공공장소입니다. 다른 손님들도 함께 있는 공간인 만큼, 최소한의 예의는 지켜야 한다고 생각합니다. 제발 목소리를 낮춰 주세요. 당신의 사업 이야기를 듣고 싶어 하는 사람은 주변에 없습니다. 함께 술 마시는 사람들에게만 들릴 정도로 이야기해 주세요. 오늘 이 가게에 세 번째 방문인데, 소음이 너무 심해서 식사 도중에 속이 울렁거릴 정도였습니다. 이건 너무 무례한 행동입니다. 직원분들"
행동 이다 직원,phrase,3,False,1,5.0,-4.0,"2025년 07월 31일 - 새벽 2:30 야~~~~ 그놈 솔직히 말씀드리면, 너무 시끄려워 이곳이 술을 함께 파는 음식점이라는 건 알고 있지만, 그래도 공공장소입니다. 다른 손님들도 함께 있는 공간인 만큼, 최소한의 예의는 지켜야 한다고 생각합니다. 제발 목소리를 낮춰 주세요. 당신의 사업 이야기를 듣고 싶어 하는 사람은 주변에 없습니다. 함께 술 마시는 사람들에게만 들릴 정도로 이야기해 주세요. 오늘 이 가게에 세 번째 방문인데, 소음이 너무 심해서 식사 도중에 속이 울렁거릴 정도였습니다. 이건 너무 무례한 행동입니다. 직원분들"
너무 무례하다 행동,phrase,3,False,1,5.0,-4.0,"2025년 07월 31일 - 새벽 2:30 야~~~~ 그놈 솔직히 말씀드리면, 너무 시끄려워 이곳이 술을 함께 파는 음식점이라는 건 알고 있지만, 그래도 공공장소입니다. 다른 손님들도 함께 있는 공간인 만큼, 최소한의 예의는 지켜야 한다고 생각합니다. 제발 목소리를 낮춰 주세요. 당신의 사업 이야기를 듣고 싶어 하는 사람은 주변에 없습니다. 함께 술 마시는 사람들에게만 들릴 정도로 이야기해 주세요. 오늘 이 가게에 세 번째 방문인데, 소음이 너무 심해서 식사 도중에 속이 울렁거릴 정도였습니다. 이건 너무 무례한 행동입니다. 직원분들"
가게 방문 소음,phrase,3,False,1,5.0,-4.0,"2025년 07월 31일 - 새벽 2:30 야~~~~ 그놈 솔직히 말씀드리면, 너무 시끄려워 이곳이 술을 함께 파는 음식점이라는 건 알고 있지만, 그래도 공공장소입니다. 다른 손님들도 함께 있는 공간인 만큼, 최소한의 예의는 지켜야 한다고 생각합니다. 제발 목소리를 낮춰 주세요. 당신의 사업 이야기를 듣고 싶어 하는 사람은 주변에 없습니다. 함께 술 마시는 사람들에게만 들릴 정도로 이야기해 주세요. 오늘 이 가게에 세 번째 방문인데, 소음이 너무 심해서 식사 도중에 속이 울렁거릴 정도였습니다. 이건 너무 무례한 행동입니다. 직원분들"
끄다 함께 팔다,phrase,3,False,1,5.0,-4.0,"2025년 07월 31일 - 새벽 2:30 야~~~~ 그놈 솔직히 말씀드리면, 너무 시끄려워 이곳이 술을 함께 파는 음식점이라는 건 알고 있지만, 그래도 공공장소입니다. 다른 손님들도 함께 있는 공간인 만큼, 최소한의 예의는 지켜야 한다고 생각합니다. 제발 목소리를 낮춰 주세요. 당신의 사업 이야기를 듣고 싶어 하는 사람은 주변에 없습니다. 함께 술 마시는 사람들에게만 들릴 정도로 이야기해 주세요. 오늘 이 가게에 세 번째 방문인데, 소음이 너무 심해서 식사 도중에 속이 울렁거릴 정도였습니다. 이건 너무 무례한 행동입니다. 직원분들"
않다 다시 방문,phrase,3,False,1,5.0,-4.0,"2025년 07월 31일 - 새벽 2:30 야~~~~ 그놈 솔직히 말씀드리면, 너무 시끄려워 이곳이 술을 함께 파는 음식점이라는 건 알고 있지만, 그래도 공공장소입니다. 다른 손님들도 함께 있는 공간인 만큼, 최소한의 예의는 지켜야 한다고 생각합니다. 제발 목소리를 낮춰 주세요. 당신의 사업 이야기를 듣고 싶어 하는 사람은 주변에 없습니다. 함께 술 마시는 사람들에게만 들릴 정도로 이야기해 주세요. 오늘 이 가게에 세 번째 방문인데, 소음이 너무 심해서 식사 도중에 속이 울렁거릴 정도였습니다. 이건 너무 무례한 행동입니다. 직원분들"
너무 심하다 식사,phrase,3,False,1,5.0,-4.0,"2025년 07월 31일 - 새벽 2:30 야~~~~ 그놈 솔직히 말씀드리면, 너무 시끄려워 이곳이 술을 함께 파는 음식점이라는 건 알고 있지만, 그래도 공공장소입니다. 다른 손님들도 함께 있는 공간인 만큼, 최소한의 예의는 지켜야 한다고 생각합니다. 제발 목소리를 낮춰 주세요. 당신의 사업 이야기를 듣고 싶어 하는 사람은 주변에 없습니다. 함께 술 마시는 사람들에게만 들릴 정도로 이야기해 주세요. 오늘 이 가게에 세 번째 방문인데, 소음이 너무 심해서 식사 도중에 속이 울렁거릴 정도였습니다. 이건 너무 무례한 행동입니다. 직원분들"
들리다 정도 이야기,phrase,3,False,1,5.0,-4.0,"2025년 07월 31일 - 새벽 2:30 야~~~~ 그놈 솔직히 말씀드리면, 너무 시끄려워 이곳이 술을 함께 파는 음식점이라는 건 알고 있지만, 그래도 공공장소입니다. 다른 손님들도 함께 있는 공간인 만큼, 최소한의 예의는 지켜야 한다고 생각합니다. 제발 목소리를 낮춰 주세요. 당신의 사업 이야기를 듣고 싶어 하는 사람은 주변에 없습니다. 함께 술 마시는 사람들에게만 들릴 정도로 이야기해 주세요. 오늘 이 가게에 세 번째 방문인데, 소음이 너무 심해서 식사 도중에 속이 울렁거릴 정도였습니다. 이건 너무 무례한 행동입니다. 직원분들"
마시다 사람 들리다,phrase,3,False,1,5.0,-4.0,"2025년 07월 31일 - 새벽 2:30 야~~~~ 그놈 솔직히 말씀드리면, 너무 시끄려워 이곳이 술을 함께 파는 음식점이라는 건 알고 있지만, 그래도 공공장소입니다. 다른 손님들도 함께 있는 공간인 만큼, 최소한의 예의는 지켜야 한다고 생각합니다. 제발 목소리를 낮춰 주세요. 당신의 사업 이야기를 듣고 싶어 하는 사람은 주변에 없습니다. 함께 술 마시는 사람들에게만 들릴 정도로 이야기해 주세요. 오늘 이 가게에 세 번째 방문인데, 소음이 너무 심해서 식사 도중에 속이 울렁거릴 정도였습니다. 이건 너무 무례한 행동입니다. 직원분들"
함께 공간 만큼,phrase,3,False,1,5.0,-4.0,"2025년 07월 31일 - 새벽 2:30 야~~~~ 그놈 솔직히 말씀드리면, 너무 시끄려워 이곳이 술을 함께 파는 음식점이라는 건 알고 있지만, 그래도 공공장소입니다. 다른 손님들도 함께 있는 공간인 만큼, 최소한의 예의는 지켜야 한다고 생각합니다. 제발 목소리를 낮춰 주세요. 당신의 사업 이야기를 듣고 싶어 하는 사람은 주변에 없습니다. 함께 술 마시는 사람들에게만 들릴 정도로 이야기해 주세요. 오늘 이 가게에 세 번째 방문인데, 소음이 너무 심해서 식사 도중에 속이 울렁거릴 정도였습니다. 이건 너무 무례한 행동입니다. 직원분들"
소음 너무 심하다,phrase,3,False,1,5.0,-4.0,"2025년 07월 31일 - 새벽 2:30 야~~~~ 그놈 솔직히 말씀드리면, 너무 시끄려워 이곳이 술을 함께 파는 음식점이라는 건 알고 있지만, 그래도 공공장소입니다. 다른 손님들도 함께 있는 공간인 만큼, 최소한의 예의는 지켜야 한다고 생각합니다. 제발 목소리를 낮춰 주세요. 당신의 사업 이야기를 듣고 싶어 하는 사람은 주변에 없습니다. 함께 술 마시는 사람들에게만 들릴 정도로 이야기해 주세요. 오늘 이 가게에 세 번째 방문인데, 소음이 너무 심해서 식사 도중에 속이 울렁거릴 정도였습니다. 이건 너무 무례한 행동입니다. 직원분들"
속이다 울렁거리다 정도,phrase,3,False,1,5.0,-4.0,"2025년 07월 31일 - 새벽 2:30 야~~~~ 그놈 솔직히 말씀드리면, 너무 시끄려워 이곳이 술을 함께 파는 음식점이라는 건 알고 있지만, 그래도 공공장소입니다. 다른 손님들도 함께 있는 공간인 만큼, 최소한의 예의는 지켜야 한다고 생각합니다. 제발 목소리를 낮춰 주세요. 당신의 사업 이야기를 듣고 싶어 하는 사람은 주변에 없습니다. 함께 술 마시는 사람들에게만 들릴 정도로 이야기해 주세요. 오늘 이 가게에 세 번째 방문인데, 소음이 너무 심해서 식사 도중에 속이 울렁거릴 정도였습니다. 이건 너무 무례한 행동입니다. 직원분들"
줄다 오늘 가게,phrase,3,False,1,5.0,-4.0,"2025년 07월 31일 - 새벽 2:30 야~~~~ 그놈 솔직히 말씀드리면, 너무 시끄려워 이곳이 술을 함께 파는 음식점이라는 건 알고 있지만, 그래도 공공장소입니다. 다른 손님들도 함께 있는 공간인 만큼, 최소한의 예의는 지켜야 한다고 생각합니다. 제발 목소리를 낮춰 주세요. 당신의 사업 이야기를 듣고 싶어 하는 사람은 주변에 없습니다. 함께 술 마시는 사람들에게만 들릴 정도로 이야기해 주세요. 오늘 이 가게에 세 번째 방문인데, 소음이 너무 심해서 식사 도중에 속이 울렁거릴 정도였습니다. 이건 너무 무례한 행동입니다. 직원분들"
팔다 음식점 그래도,phrase,3,False,1,5.0,-4.0,"2025년 07월 31일 - 새벽 2:30 야~~~~ 그놈 솔직히 말씀드리면, 너무 시끄려워 이곳이 술을 함께 파는 음식점이라는 건 알고 있지만, 그래도 공공장소입니다. 다른 손님들도 함께 있는 공간인 만큼, 최소한의 예의는 지켜야 한다고 생각합니다. 제발 목소리를 낮춰 주세요. 당신의 사업 이야기를 듣고 싶어 하는 사람은 주변에 없습니다. 함께 술 마시는 사람들에게만 들릴 정도로 이야기해 주세요. 오늘 이 가게에 세 번째 방문인데, 소음이 너무 심해서 식사 도중에 속이 울렁거릴 정도였습니다. 이건 너무 무례한 행동입니다. 직원분들"
싶다 사람 주변,phrase,3,False,1,5.0,-4.0,"2025년 07월 31일 - 새벽 2:30 야~~~~ 그놈 솔직히 말씀드리면, 너무 시끄려워 이곳이 술을 함께 파는 음식점이라는 건 알고 있지만, 그래도 공공장소입니다. 다른 손님들도 함께 있는 공간인 만큼, 최소한의 예의는 지켜야 한다고 생각합니다. 제발 목소리를 낮춰 주세요. 당신의 사업 이야기를 듣고 싶어 하는 사람은 주변에 없습니다. 함께 술 마시는 사람들에게만 들릴 정도로 이야기해 주세요. 오늘 이 가게에 세 번째 방문인데, 소음이 너무 심해서 식사 도중에 속이 울렁거릴 정도였습니다. 이건 너무 무례한 행동입니다. 직원분들"
듣다 싶다 사람,phrase,3,False,1,5.0,-4.0,"2025년 07월 31일 - 새벽 2:30 야~~~~ 그놈 솔직히 말씀드리면, 너무 시끄려워 이곳이 술을 함께 파는 음식점이라는 건 알고 있지만, 그래도 공공장소입니다. 다른 손님들도 함께 있는 공간인 만큼, 최소한의 예의는 지켜야 한다고 생각합니다. 제발 목소리를 낮춰 주세요. 당신의 사업 이야기를 듣고 싶어 하는 사람은 주변에 없습니다. 함께 술 마시는 사람들에게만 들릴 정도로 이야기해 주세요. 오늘 이 가게에 세 번째 방문인데, 소음이 너무 심해서 식사 도중에 속이 울렁거릴 정도였습니다. 이건 너무 무례한 행동입니다. 직원분들"
줄다 당신 사업,phrase,3,False,1,5.0,-4.0,"2025년 07월 31일 - 새벽 2:30 야~~~~ 그놈 솔직히 말씀드리면, 너무 시끄려워 이곳이 술을 함께 파는 음식점이라는 건 알고 있지만, 그래도 공공장소입니다. 다른 손님들도 함께 있는 공간인 만큼, 최소한의 예의는 지켜야 한다고 생각합니다. 제발 목소리를 낮춰 주세요. 당신의 사업 이야기를 듣고 싶어 하는 사람은 주변에 없습니다. 함께 술 마시는 사람들에게만 들릴 정도로 이야기해 주세요. 오늘 이 가게에 세 번째 방문인데, 소음이 너무 심해서 식사 도중에 속이 울렁거릴 정도였습니다. 이건 너무 무례한 행동입니다. 직원분들"
당신 사업 이야기,phrase,3,False,1,5.0,-4.0,"2025년 07월 31일 - 새벽 2:30 야~~~~ 그놈 솔직히 말씀드리면, 너무 시끄려워 이곳이 술을 함께 파는 음식점이라는 건 알고 있지만, 그래도 공공장소입니다. 다른 손님들도 함께 있는 공간인 만큼, 최소한의 예의는 지켜야 한다고 생각합니다. 제발 목소리를 낮춰 주세요. 당신의 사업 이야기를 듣고 싶어 하는 사람은 주변에 없습니다. 함께 술 마시는 사람들에게만 들릴 정도로 이야기해 주세요. 오늘 이 가게에 세 번째 방문인데, 소음이 너무 심해서 식사 도중에 속이 울렁거릴 정도였습니다. 이건 너무 무례한 행동입니다. 직원분들"
목소리 낮추다 줄다,phrase,3,False,1,5.0,-4.0,"2025년 07월 31일 - 새벽 2:30 야~~~~ 그놈 솔직히 말씀드리면, 너무 시끄려워 이곳이 술을 함께 파는 음식점이라는 건 알고 있지만, 그래도 공공장소입니다. 다른 손님들도 함께 있는 공간인 만큼, 최소한의 예의는 지켜야 한다고 생각합니다. 제발 목소리를 낮춰 주세요. 당신의 사업 이야기를 듣고 싶어 하는 사람은 주변에 없습니다. 함께 술 마시는 사람들에게만 들릴 정도로 이야기해 주세요. 오늘 이 가게에 세 번째 방문인데, 소음이 너무 심해서 식사 도중에 속이 울렁거릴 정도였습니다. 이건 너무 무례한 행동입니다. 직원분들"
이야기 듣다 싶다,phrase,3,False,1,5.0,-4.0,"2025년 07월 31일 - 새벽 2:30 야~~~~ 그놈 솔직히 말씀드리면, 너무 시끄려워 이곳이 술을 함께 파는 음식점이라는 건 알고 있지만, 그래도 공공장소입니다. 다른 손님들도 함께 있는 공간인 만큼, 최소한의 예의는 지켜야 한다고 생각합니다. 제발 목소리를 낮춰 주세요. 당신의 사업 이야기를 듣고 싶어 하는 사람은 주변에 없습니다. 함께 술 마시는 사람들에게만 들릴 정도로 이야기해 주세요. 오늘 이 가게에 세 번째 방문인데, 소음이 너무 심해서 식사 도중에 속이 울렁거릴 정도였습니다. 이건 너무 무례한 행동입니다. 직원분들"
이다 너무 무례하다,phrase,3,False,1,5.0,-4.0,"2025년 07월 31일 - 새벽 2:30 야~~~~ 그놈 솔직히 말씀드리면, 너무 시끄려워 이곳이 술을 함께 파는 음식점이라는 건 알고 있지만, 그래도 공공장소입니다. 다른 손님들도 함께 있는 공간인 만큼, 최소한의 예의는 지켜야 한다고 생각합니다. 제발 목소리를 낮춰 주세요. 당신의 사업 이야기를 듣고 싶어 하는 사람은 주변에 없습니다. 함께 술 마시는 사람들에게만 들릴 정도로 이야기해 주세요. 오늘 이 가게에 세 번째 방문인데, 소음이 너무 심해서 식사 도중에 속이 울렁거릴 정도였습니다. 이건 너무 무례한 행동입니다. 직원분들"
만큼 최소한 예의,phrase,3,False,1,5.0,-4.0,"2025년 07월 31일 - 새벽 2:30 야~~~~ 그놈 솔직히 말씀드리면, 너무 시끄려워 이곳이 술을 함께 파는 음식점이라는 건 알고 있지만, 그래도 공공장소입니다. 다른 손님들도 함께 있는 공간인 만큼, 최소한의 예의는 지켜야 한다고 생각합니다. 제발 목소리를 낮춰 주세요. 당신의 사업 이야기를 듣고 싶어 하는 사람은 주변에 없습니다. 함께 술 마시는 사람들에게만 들릴 정도로 이야기해 주세요. 오늘 이 가게에 세 번째 방문인데, 소음이 너무 심해서 식사 도중에 속이 울렁거릴 정도였습니다. 이건 너무 무례한 행동입니다. 직원분들"
목소리 지나치다 크다,phrase,3,False,1,5.0,-4.0,"2025년 07월 31일 - 새벽 2:30 야~~~~ 그놈 솔직히 말씀드리면, 너무 시끄려워 이곳이 술을 함께 파는 음식점이라는 건 알고 있지만, 그래도 공공장소입니다. 다른 손님들도 함께 있는 공간인 만큼, 최소한의 예의는 지켜야 한다고 생각합니다. 제발 목소리를 낮춰 주세요. 당신의 사업 이야기를 듣고 싶어 하는 사람은 주변에 없습니다. 함께 술 마시는 사람들에게만 들릴 정도로 이야기해 주세요. 오늘 이 가게에 세 번째 방문인데, 소음이 너무 심해서 식사 도중에 속이 울렁거릴 정도였습니다. 이건 너무 무례한 행동입니다. 직원분들"
사업 이야기 듣다,phrase,3,False,1,5.0,-4.0,"2025년 07월 31일 - 새벽 2:30 야~~~~ 그놈 솔직히 말씀드리면, 너무 시끄려워 이곳이 술을 함께 파는 음식점이라는 건 알고 있지만, 그래도 공공장소입니다. 다른 손님들도 함께 있는 공간인 만큼, 최소한의 예의는 지켜야 한다고 생각합니다. 제발 목소리를 낮춰 주세요. 당신의 사업 이야기를 듣고 싶어 하는 사람은 주변에 없습니다. 함께 술 마시는 사람들에게만 들릴 정도로 이야기해 주세요. 오늘 이 가게에 세 번째 방문인데, 소음이 너무 심해서 식사 도중에 속이 울렁거릴 정도였습니다. 이건 너무 무례한 행동입니다. 직원분들"
방문 어리다 같다,phrase,3,False,1,5.0,-4.0,"2025년 07월 31일 - 새벽 2:30 야~~~~ 그놈 솔직히 말씀드리면, 너무 시끄려워 이곳이 술을 함께 파는 음식점이라는 건 알고 있지만, 그래도 공공장소입니다. 다른 손님들도 함께 있는 공간인 만큼, 최소한의 예의는 지켜야 한다고 생각합니다. 제발 목소리를 낮춰 주세요. 당신의 사업 이야기를 듣고 싶어 하는 사람은 주변에 없습니다. 함께 술 마시는 사람들에게만 들릴 정도로 이야기해 주세요. 오늘 이 가게에 세 번째 방문인데, 소음이 너무 심해서 식사 도중에 속이 울렁거릴 정도였습니다. 이건 너무 무례한 행동입니다. 직원분들"
말씀드리다 너무 끄다,phrase,3,False,1,5.0,-4.0,"2025년 07월 31일 - 새벽 2:30 야~~~~ 그놈 솔직히 말씀드리면, 너무 시끄려워 이곳이 술을 함께 파는 음식점이라는 건 알고 있지만, 그래도 공공장소입니다. 다른 손님들도 함께 있는 공간인 만큼, 최소한의 예의는 지켜야 한다고 생각합니다. 제발 목소리를 낮춰 주세요. 당신의 사업 이야기를 듣고 싶어 하는 사람은 주변에 없습니다. 함께 술 마시는 사람들에게만 들릴 정도로 이야기해 주세요. 오늘 이 가게에 세 번째 방문인데, 소음이 너무 심해서 식사 도중에 속이 울렁거릴 정도였습니다. 이건 너무 무례한 행동입니다. 직원분들"
함께 팔다 음식점,phrase,3,False,1,5.0,-4.0,"2025년 07월 31일 - 새벽 2:30 야~~~~ 그놈 솔직히 말씀드리면, 너무 시끄려워 이곳이 술을 함께 파는 음식점이라는 건 알고 있지만, 그래도 공공장소입니다. 다른 손님들도 함께 있는 공간인 만큼, 최소한의 예의는 지켜야 한다고 생각합니다. 제발 목소리를 낮춰 주세요. 당신의 사업 이야기를 듣고 싶어 하는 사람은 주변에 없습니다. 함께 술 마시는 사람들에게만 들릴 정도로 이야기해 주세요. 오늘 이 가게에 세 번째 방문인데, 소음이 너무 심해서 식사 도중에 속이 울렁거릴 정도였습니다. 이건 너무 무례한 행동입니다. 직원분들"
너무 끄다 함께,phrase,3,False,1,5.0,-4.0,"2025년 07월 31일 - 새벽 2:30 야~~~~ 그놈 솔직히 말씀드리면, 너무 시끄려워 이곳이 술을 함께 파는 음식점이라는 건 알고 있지만, 그래도 공공장소입니다. 다른 손님들도 함께 있는 공간인 만큼, 최소한의 예의는 지켜야 한다고 생각합니다. 제발 목소리를 낮춰 주세요. 당신의 사업 이야기를 듣고 싶어 하는 사람은 주변에 없습니다. 함께 술 마시는 사람들에게만 들릴 정도로 이야기해 주세요. 오늘 이 가게에 세 번째 방문인데, 소음이 너무 심해서 식사 도중에 속이 울렁거릴 정도였습니다. 이건 너무 무례한 행동입니다. 직원분들"
주다 경우 조용하다,phrase,3,False,1,5.0,-4.0,"2025년 07월 31일 - 새벽 2:30 야~~~~ 그놈 솔직히 말씀드리면, 너무 시끄려워 이곳이 술을 함께 파는 음식점이라는 건 알고 있지만, 그래도 공공장소입니다. 다른 손님들도 함께 있는 공간인 만큼, 최소한의 예의는 지켜야 한다고 생각합니다. 제발 목소리를 낮춰 주세요. 당신의 사업 이야기를 듣고 싶어 하는 사람은 주변에 없습니다. 함께 술 마시는 사람들에게만 들릴 정도로 이야기해 주세요. 오늘 이 가게에 세 번째 방문인데, 소음이 너무 심해서 식사 도중에 속이 울렁거릴 정도였습니다. 이건 너무 무례한 행동입니다. 직원분들"
직원 부탁드리다 목소리,phrase,3,False,1,5.0,-4.0,"2025년 07월 31일 - 새벽 2:30 야~~~~ 그놈 솔직히 말씀드리면, 너무 시끄려워 이곳이 술을 함께 파는 음식점이라는 건 알고 있지만, 그래도 공공장소입니다. 다른 손님들도 함께 있는 공간인 만큼, 최소한의 예의는 지켜야 한다고 생각합니다. 제발 목소리를 낮춰 주세요. 당신의 사업 이야기를 듣고 싶어 하는 사람은 주변에 없습니다. 함께 술 마시는 사람들에게만 들릴 정도로 이야기해 주세요. 오늘 이 가게에 세 번째 방문인데, 소음이 너무 심해서 식사 도중에 속이 울렁거릴 정도였습니다. 이건 너무 무례한 행동입니다. 직원분들"
사람 들리다 정도,phrase,3,False,1,5.0,-4.0,"2025년 07월 31일 - 새벽 2:30 야~~~~ 그놈 솔직히 말씀드리면, 너무 시끄려워 이곳이 술을 함께 파는 음식점이라는 건 알고 있지만, 그래도 공공장소입니다. 다른 손님들도 함께 있는 공간인 만큼, 최소한의 예의는 지켜야 한다고 생각합니다. 제발 목소리를 낮춰 주세요. 당신의 사업 이야기를 듣고 싶어 하는 사람은 주변에 없습니다. 함께 술 마시는 사람들에게만 들릴 정도로 이야기해 주세요. 오늘 이 가게에 세 번째 방문인데, 소음이 너무 심해서 식사 도중에 속이 울렁거릴 정도였습니다. 이건 너무 무례한 행동입니다. 직원분들"
최소한 예의 지키다,phrase,3,False,1,5.0,-4.0,"2025년 07월 31일 - 새벽 2:30 야~~~~ 그놈 솔직히 말씀드리면, 너무 시끄려워 이곳이 술을 함께 파는 음식점이라는 건 알고 있지만, 그래도 공공장소입니다. 다른 손님들도 함께 있는 공간인 만큼, 최소한의 예의는 지켜야 한다고 생각합니다. 제발 목소리를 낮춰 주세요. 당신의 사업 이야기를 듣고 싶어 하는 사람은 주변에 없습니다. 함께 술 마시는 사람들에게만 들릴 정도로 이야기해 주세요. 오늘 이 가게에 세 번째 방문인데, 소음이 너무 심해서 식사 도중에 속이 울렁거릴 정도였습니다. 이건 너무 무례한 행동입니다. 직원분들"
부탁드리다 목소리 지나치다,phrase,3,False,1,5.0,-4.0,"2025년 07월 31일 - 새벽 2:30 야~~~~ 그놈 솔직히 말씀드리면, 너무 시끄려워 이곳이 술을 함께 파는 음식점이라는 건 알고 있지만, 그래도 공공장소입니다. 다른 손님들도 함께 있는 공간인 만큼, 최소한의 예의는 지켜야 한다고 생각합니다. 제발 목소리를 낮춰 주세요. 당신의 사업 이야기를 듣고 싶어 하는 사람은 주변에 없습니다. 함께 술 마시는 사람들에게만 들릴 정도로 이야기해 주세요. 오늘 이 가게에 세 번째 방문인데, 소음이 너무 심해서 식사 도중에 속이 울렁거릴 정도였습니다. 이건 너무 무례한 행동입니다. 직원분들"
그래도 공공장소 이다,phrase,3,False,1,5.0,-4.0,"2025년 07월 31일 - 새벽 2:30 야~~~~ 그놈 솔직히 말씀드리면, 너무 시끄려워 이곳이 술을 함께 파는 음식점이라는 건 알고 있지만, 그래도 공공장소입니다. 다른 손님들도 함께 있는 공간인 만큼, 최소한의 예의는 지켜야 한다고 생각합니다. 제발 목소리를 낮춰 주세요. 당신의 사업 이야기를 듣고 싶어 하는 사람은 주변에 없습니다. 함께 술 마시는 사람들에게만 들릴 정도로 이야기해 주세요. 오늘 이 가게에 세 번째 방문인데, 소음이 너무 심해서 식사 도중에 속이 울렁거릴 정도였습니다. 이건 너무 무례한 행동입니다. 직원분들"
공공장소 이다 다른,phrase,3,False,1,5.0,-4.0,"2025년 07월 31일 - 새벽 2:30 야~~~~ 그놈 솔직히 말씀드리면, 너무 시끄려워 이곳이 술을 함께 파는 음식점이라는 건 알고 있지만, 그래도 공공장소입니다. 다른 손님들도 함께 있는 공간인 만큼, 최소한의 예의는 지켜야 한다고 생각합니다. 제발 목소리를 낮춰 주세요. 당신의 사업 이야기를 듣고 싶어 하는 사람은 주변에 없습니다. 함께 술 마시는 사람들에게만 들릴 정도로 이야기해 주세요. 오늘 이 가게에 세 번째 방문인데, 소음이 너무 심해서 식사 도중에 속이 울렁거릴 정도였습니다. 이건 너무 무례한 행동입니다. 직원분들"
이야기 줄다 오늘,phrase,3,False,1,5.0,-4.0,"2025년 07월 31일 - 새벽 2:30 야~~~~ 그놈 솔직히 말씀드리면, 너무 시끄려워 이곳이 술을 함께 파는 음식점이라는 건 알고 있지만, 그래도 공공장소입니다. 다른 손님들도 함께 있는 공간인 만큼, 최소한의 예의는 지켜야 한다고 생각합니다. 제발 목소리를 낮춰 주세요. 당신의 사업 이야기를 듣고 싶어 하는 사람은 주변에 없습니다. 함께 술 마시는 사람들에게만 들릴 정도로 이야기해 주세요. 오늘 이 가게에 세 번째 방문인데, 소음이 너무 심해서 식사 도중에 속이 울렁거릴 정도였습니다. 이건 너무 무례한 행동입니다. 직원분들"
이다 다른 손님,phrase,3,False,1,5.0,-4.0,"2025년 07월 31일 - 새벽 2:30 야~~~~ 그놈 솔직히 말씀드리면, 너무 시끄려워 이곳이 술을 함께 파는 음식점이라는 건 알고 있지만, 그래도 공공장소입니다. 다른 손님들도 함께 있는 공간인 만큼, 최소한의 예의는 지켜야 한다고 생각합니다. 제발 목소리를 낮춰 주세요. 당신의 사업 이야기를 듣고 싶어 하는 사람은 주변에 없습니다. 함께 술 마시는 사람들에게만 들릴 정도로 이야기해 주세요. 오늘 이 가게에 세 번째 방문인데, 소음이 너무 심해서 식사 도중에 속이 울렁거릴 정도였습니다. 이건 너무 무례한 행동입니다. 직원분들"
방문 소음 너무,phrase,3,False,1,5.0,-4.0,"2025년 07월 31일 - 새벽 2:30 야~~~~ 그놈 솔직히 말씀드리면, 너무 시끄려워 이곳이 술을 함께 파는 음식점이라는 건 알고 있지만, 그래도 공공장소입니다. 다른 손님들도 함께 있는 공간인 만큼, 최소한의 예의는 지켜야 한다고 생각합니다. 제발 목소리를 낮춰 주세요. 당신의 사업 이야기를 듣고 싶어 하는 사람은 주변에 없습니다. 함께 술 마시는 사람들에게만 들릴 정도로 이야기해 주세요. 오늘 이 가게에 세 번째 방문인데, 소음이 너무 심해서 식사 도중에 속이 울렁거릴 정도였습니다. 이건 너무 무례한 행동입니다. 직원분들"
새벽 솔직하다 말씀드리다,phrase,3,False,1,5.0,-4.0,"2025년 07월 31일 - 새벽 2:30 야~~~~ 그놈 솔직히 말씀드리면, 너무 시끄려워 이곳이 술을 함께 파는 음식점이라는 건 알고 있지만, 그래도 공공장소입니다. 다른 손님들도 함께 있는 공간인 만큼, 최소한의 예의는 지켜야 한다고 생각합니다. 제발 목소리를 낮춰 주세요. 당신의 사업 이야기를 듣고 싶어 하는 사람은 주변에 없습니다. 함께 술 마시는 사람들에게만 들릴 정도로 이야기해 주세요. 오늘 이 가게에 세 번째 방문인데, 소음이 너무 심해서 식사 도중에 속이 울렁거릴 정도였습니다. 이건 너무 무례한 행동입니다. 직원분들"
다시 방문 어리다,phrase,3,False,1,5.0,-4.0,"2025년 07월 31일 - 새벽 2:30 야~~~~ 그놈 솔직히 말씀드리면, 너무 시끄려워 이곳이 술을 함께 파는 음식점이라는 건 알고 있지만, 그래도 공공장소입니다. 다른 손님들도 함께 있는 공간인 만큼, 최소한의 예의는 지켜야 한다고 생각합니다. 제발 목소리를 낮춰 주세요. 당신의 사업 이야기를 듣고 싶어 하는 사람은 주변에 없습니다. 함께 술 마시는 사람들에게만 들릴 정도로 이야기해 주세요. 오늘 이 가게에 세 번째 방문인데, 소음이 너무 심해서 식사 도중에 속이 울렁거릴 정도였습니다. 이건 너무 무례한 행동입니다. 직원분들"
사람 주변 함께,phrase,3,False,1,5.0,-4.0,"2025년 07월 31일 - 새벽 2:30 야~~~~ 그놈 솔직히 말씀드리면, 너무 시끄려워 이곳이 술을 함께 파는 음식점이라는 건 알고 있지만, 그래도 공공장소입니다. 다른 손님들도 함께 있는 공간인 만큼, 최소한의 예의는 지켜야 한다고 생각합니다. 제발 목소리를 낮춰 주세요. 당신의 사업 이야기를 듣고 싶어 하는 사람은 주변에 없습니다. 함께 술 마시는 사람들에게만 들릴 정도로 이야기해 주세요. 오늘 이 가게에 세 번째 방문인데, 소음이 너무 심해서 식사 도중에 속이 울렁거릴 정도였습니다. 이건 너무 무례한 행동입니다. 직원분들"
거기 거기 생각,phrase,3,False,1,5.0,1.5,"지나다니면서 보니 웨이팅까지 하면서?... 오늘 처음 오픈런을 해봤.... 칼국수용 김치와 숙육용 김치가 다른데 둘다 좋았다. 오랜시간동안 자연스레 쌓아온 김치내공~ 요즘 또 배추가 제일 맛있을때라 그런지 적지도 과히지도 않은 맵기에 짠기가 생배추와 맞물려 조합이 좋았다. 생배추를 내놓는 집은 무.김치에 자신이 있다는 뜻으로도 해석할 수 있겠다.... 외국인들도 찾는곳이라 그런걸 수 있겠지만 식사중 밑바닥에 깔린 머리카락의 출현에 사장님이 군말없이 수육을 새 음식으로 내어주시면서 ""죄송합니다 ""라고 하시는데~ 웨이팅도 길고 또 그안"
자연스레 쌓다 김치,phrase,3,False,1,5.0,1.5,"지나다니면서 보니 웨이팅까지 하면서?... 오늘 처음 오픈런을 해봤.... 칼국수용 김치와 숙육용 김치가 다른데 둘다 좋았다. 오랜시간동안 자연스레 쌓아온 김치내공~ 요즘 또 배추가 제일 맛있을때라 그런지 적지도 과히지도 않은 맵기에 짠기가 생배추와 맞물려 조합이 좋았다. 생배추를 내놓는 집은 무.김치에 자신이 있다는 뜻으로도 해석할 수 있겠다.... 외국인들도 찾는곳이라 그런걸 수 있겠지만 식사중 밑바닥에 깔린 머리카락의 출현에 사장님이 군말없이 수육을 새 음식으로 내어주시면서 ""죄송합니다 ""라고 하시는데~ 웨이팅도 길고 또 그안"
가나 거기 거기,phrase,3,False,1,5.0,1.5,"지나다니면서 보니 웨이팅까지 하면서?... 오늘 처음 오픈런을 해봤.... 칼국수용 김치와 숙육용 김치가 다른데 둘다 좋았다. 오랜시간동안 자연스레 쌓아온 김치내공~ 요즘 또 배추가 제일 맛있을때라 그런지 적지도 과히지도 않은 맵기에 짠기가 생배추와 맞물려 조합이 좋았다. 생배추를 내놓는 집은 무.김치에 자신이 있다는 뜻으로도 해석할 수 있겠다.... 외국인들도 찾는곳이라 그런걸 수 있겠지만 식사중 밑바닥에 깔린 머리카락의 출현에 사장님이 군말없이 수육을 새 음식으로 내어주시면서 ""죄송합니다 ""라고 하시는데~ 웨이팅도 길고 또 그안"
음식 내다 죄송하다,phrase,3,False,1,5.0,1.5,"지나다니면서 보니 웨이팅까지 하면서?... 오늘 처음 오픈런을 해봤.... 칼국수용 김치와 숙육용 김치가 다른데 둘다 좋았다. 오랜시간동안 자연스레 쌓아온 김치내공~ 요즘 또 배추가 제일 맛있을때라 그런지 적지도 과히지도 않은 맵기에 짠기가 생배추와 맞물려 조합이 좋았다. 생배추를 내놓는 집은 무.김치에 자신이 있다는 뜻으로도 해석할 수 있겠다.... 외국인들도 찾는곳이라 그런걸 수 있겠지만 식사중 밑바닥에 깔린 머리카락의 출현에 사장님이 군말없이 수육을 새 음식으로 내어주시면서 ""죄송합니다 ""라고 하시는데~ 웨이팅도 길고 또 그안"
적지 지도 않다,phrase,3,False,1,5.0,1.5,"지나다니면서 보니 웨이팅까지 하면서?... 오늘 처음 오픈런을 해봤.... 칼국수용 김치와 숙육용 김치가 다른데 둘다 좋았다. 오랜시간동안 자연스레 쌓아온 김치내공~ 요즘 또 배추가 제일 맛있을때라 그런지 적지도 과히지도 않은 맵기에 짠기가 생배추와 맞물려 조합이 좋았다. 생배추를 내놓는 집은 무.김치에 자신이 있다는 뜻으로도 해석할 수 있겠다.... 외국인들도 찾는곳이라 그런걸 수 있겠지만 식사중 밑바닥에 깔린 머리카락의 출현에 사장님이 군말없이 수육을 새 음식으로 내어주시면서 ""죄송합니다 ""라고 하시는데~ 웨이팅도 길고 또 그안"
중간 바꾸다 작아지다,phrase,3,False,1,5.0,1.5,"지나다니면서 보니 웨이팅까지 하면서?... 오늘 처음 오픈런을 해봤.... 칼국수용 김치와 숙육용 김치가 다른데 둘다 좋았다. 오랜시간동안 자연스레 쌓아온 김치내공~ 요즘 또 배추가 제일 맛있을때라 그런지 적지도 과히지도 않은 맵기에 짠기가 생배추와 맞물려 조합이 좋았다. 생배추를 내놓는 집은 무.김치에 자신이 있다는 뜻으로도 해석할 수 있겠다.... 외국인들도 찾는곳이라 그런걸 수 있겠지만 식사중 밑바닥에 깔린 머리카락의 출현에 사장님이 군말없이 수육을 새 음식으로 내어주시면서 ""죄송합니다 ""라고 하시는데~ 웨이팅도 길고 또 그안"
해석 외국인 찾다,phrase,3,False,1,5.0,1.5,"지나다니면서 보니 웨이팅까지 하면서?... 오늘 처음 오픈런을 해봤.... 칼국수용 김치와 숙육용 김치가 다른데 둘다 좋았다. 오랜시간동안 자연스레 쌓아온 김치내공~ 요즘 또 배추가 제일 맛있을때라 그런지 적지도 과히지도 않은 맵기에 짠기가 생배추와 맞물려 조합이 좋았다. 생배추를 내놓는 집은 무.김치에 자신이 있다는 뜻으로도 해석할 수 있겠다.... 외국인들도 찾는곳이라 그런걸 수 있겠지만 식사중 밑바닥에 깔린 머리카락의 출현에 사장님이 군말없이 수육을 새 음식으로 내어주시면서 ""죄송합니다 ""라고 하시는데~ 웨이팅도 길고 또 그안"
지나다 보다 웨이팅,phrase,3,False,1,5.0,1.5,"지나다니면서 보니 웨이팅까지 하면서?... 오늘 처음 오픈런을 해봤.... 칼국수용 김치와 숙육용 김치가 다른데 둘다 좋았다. 오랜시간동안 자연스레 쌓아온 김치내공~ 요즘 또 배추가 제일 맛있을때라 그런지 적지도 과히지도 않은 맵기에 짠기가 생배추와 맞물려 조합이 좋았다. 생배추를 내놓는 집은 무.김치에 자신이 있다는 뜻으로도 해석할 수 있겠다.... 외국인들도 찾는곳이라 그런걸 수 있겠지만 식사중 밑바닥에 깔린 머리카락의 출현에 사장님이 군말없이 수육을 새 음식으로 내어주시면서 ""죄송합니다 ""라고 하시는데~ 웨이팅도 길고 또 그안"
이벤트 상관없다 작성,phrase,3,False,1,5.0,1.5,"지나다니면서 보니 웨이팅까지 하면서?... 오늘 처음 오픈런을 해봤.... 칼국수용 김치와 숙육용 김치가 다른데 둘다 좋았다. 오랜시간동안 자연스레 쌓아온 김치내공~ 요즘 또 배추가 제일 맛있을때라 그런지 적지도 과히지도 않은 맵기에 짠기가 생배추와 맞물려 조합이 좋았다. 생배추를 내놓는 집은 무.김치에 자신이 있다는 뜻으로도 해석할 수 있겠다.... 외국인들도 찾는곳이라 그런걸 수 있겠지만 식사중 밑바닥에 깔린 머리카락의 출현에 사장님이 군말없이 수육을 새 음식으로 내어주시면서 ""죄송합니다 ""라고 하시는데~ 웨이팅도 길고 또 그안"
대하 음식 대하,phrase,3,False,1,5.0,1.5,"지나다니면서 보니 웨이팅까지 하면서?... 오늘 처음 오픈런을 해봤.... 칼국수용 김치와 숙육용 김치가 다른데 둘다 좋았다. 오랜시간동안 자연스레 쌓아온 김치내공~ 요즘 또 배추가 제일 맛있을때라 그런지 적지도 과히지도 않은 맵기에 짠기가 생배추와 맞물려 조합이 좋았다. 생배추를 내놓는 집은 무.김치에 자신이 있다는 뜻으로도 해석할 수 있겠다.... 외국인들도 찾는곳이라 그런걸 수 있겠지만 식사중 밑바닥에 깔린 머리카락의 출현에 사장님이 군말없이 수육을 새 음식으로 내어주시면서 ""죄송합니다 ""라고 하시는데~ 웨이팅도 길고 또 그안"
만들다 가꾸다 그렇다,phrase,3,False,1,5.0,1.5,"지나다니면서 보니 웨이팅까지 하면서?... 오늘 처음 오픈런을 해봤.... 칼국수용 김치와 숙육용 김치가 다른데 둘다 좋았다. 오랜시간동안 자연스레 쌓아온 김치내공~ 요즘 또 배추가 제일 맛있을때라 그런지 적지도 과히지도 않은 맵기에 짠기가 생배추와 맞물려 조합이 좋았다. 생배추를 내놓는 집은 무.김치에 자신이 있다는 뜻으로도 해석할 수 있겠다.... 외국인들도 찾는곳이라 그런걸 수 있겠지만 식사중 밑바닥에 깔린 머리카락의 출현에 사장님이 군말없이 수육을 새 음식으로 내어주시면서 ""죄송합니다 ""라고 하시는데~ 웨이팅도 길고 또 그안"
동안 자연스레 쌓다,phrase,3,False,1,5.0,1.5,"지나다니면서 보니 웨이팅까지 하면서?... 오늘 처음 오픈런을 해봤.... 칼국수용 김치와 숙육용 김치가 다른데 둘다 좋았다. 오랜시간동안 자연스레 쌓아온 김치내공~ 요즘 또 배추가 제일 맛있을때라 그런지 적지도 과히지도 않은 맵기에 짠기가 생배추와 맞물려 조합이 좋았다. 생배추를 내놓는 집은 무.김치에 자신이 있다는 뜻으로도 해석할 수 있겠다.... 외국인들도 찾는곳이라 그런걸 수 있겠지만 식사중 밑바닥에 깔린 머리카락의 출현에 사장님이 군말없이 수육을 새 음식으로 내어주시면서 ""죄송합니다 ""라고 하시는데~ 웨이팅도 길고 또 그안"
숙육 김치 다르다,phrase,3,False,1,5.0,1.5,"지나다니면서 보니 웨이팅까지 하면서?... 오늘 처음 오픈런을 해봤.... 칼국수용 김치와 숙육용 김치가 다른데 둘다 좋았다. 오랜시간동안 자연스레 쌓아온 김치내공~ 요즘 또 배추가 제일 맛있을때라 그런지 적지도 과히지도 않은 맵기에 짠기가 생배추와 맞물려 조합이 좋았다. 생배추를 내놓는 집은 무.김치에 자신이 있다는 뜻으로도 해석할 수 있겠다.... 외국인들도 찾는곳이라 그런걸 수 있겠지만 식사중 밑바닥에 깔린 머리카락의 출현에 사장님이 군말없이 수육을 새 음식으로 내어주시면서 ""죄송합니다 ""라고 하시는데~ 웨이팅도 길고 또 그안"
요즘 배추 제일,phrase,3,False,1,5.0,1.5,"지나다니면서 보니 웨이팅까지 하면서?... 오늘 처음 오픈런을 해봤.... 칼국수용 김치와 숙육용 김치가 다른데 둘다 좋았다. 오랜시간동안 자연스레 쌓아온 김치내공~ 요즘 또 배추가 제일 맛있을때라 그런지 적지도 과히지도 않은 맵기에 짠기가 생배추와 맞물려 조합이 좋았다. 생배추를 내놓는 집은 무.김치에 자신이 있다는 뜻으로도 해석할 수 있겠다.... 외국인들도 찾는곳이라 그런걸 수 있겠지만 식사중 밑바닥에 깔린 머리카락의 출현에 사장님이 군말없이 수육을 새 음식으로 내어주시면서 ""죄송합니다 ""라고 하시는데~ 웨이팅도 길고 또 그안"
관계자 일절 관계,phrase,3,False,1,5.0,1.5,"지나다니면서 보니 웨이팅까지 하면서?... 오늘 처음 오픈런을 해봤.... 칼국수용 김치와 숙육용 김치가 다른데 둘다 좋았다. 오랜시간동안 자연스레 쌓아온 김치내공~ 요즘 또 배추가 제일 맛있을때라 그런지 적지도 과히지도 않은 맵기에 짠기가 생배추와 맞물려 조합이 좋았다. 생배추를 내놓는 집은 무.김치에 자신이 있다는 뜻으로도 해석할 수 있겠다.... 외국인들도 찾는곳이라 그런걸 수 있겠지만 식사중 밑바닥에 깔린 머리카락의 출현에 사장님이 군말없이 수육을 새 음식으로 내어주시면서 ""죄송합니다 ""라고 하시는데~ 웨이팅도 길고 또 그안"
수육 음식 내다,phrase,3,False,1,5.0,1.5,"지나다니면서 보니 웨이팅까지 하면서?... 오늘 처음 오픈런을 해봤.... 칼국수용 김치와 숙육용 김치가 다른데 둘다 좋았다. 오랜시간동안 자연스레 쌓아온 김치내공~ 요즘 또 배추가 제일 맛있을때라 그런지 적지도 과히지도 않은 맵기에 짠기가 생배추와 맞물려 조합이 좋았다. 생배추를 내놓는 집은 무.김치에 자신이 있다는 뜻으로도 해석할 수 있겠다.... 외국인들도 찾는곳이라 그런걸 수 있겠지만 식사중 밑바닥에 깔린 머리카락의 출현에 사장님이 군말없이 수육을 새 음식으로 내어주시면서 ""죄송합니다 ""라고 하시는데~ 웨이팅도 길고 또 그안"
음식 대하 태도,phrase,3,False,1,5.0,1.5,"지나다니면서 보니 웨이팅까지 하면서?... 오늘 처음 오픈런을 해봤.... 칼국수용 김치와 숙육용 김치가 다른데 둘다 좋았다. 오랜시간동안 자연스레 쌓아온 김치내공~ 요즘 또 배추가 제일 맛있을때라 그런지 적지도 과히지도 않은 맵기에 짠기가 생배추와 맞물려 조합이 좋았다. 생배추를 내놓는 집은 무.김치에 자신이 있다는 뜻으로도 해석할 수 있겠다.... 외국인들도 찾는곳이라 그런걸 수 있겠지만 식사중 밑바닥에 깔린 머리카락의 출현에 사장님이 군말없이 수육을 새 음식으로 내어주시면서 ""죄송합니다 ""라고 하시는데~ 웨이팅도 길고 또 그안"
보다 웨이팅 오늘,phrase,3,False,1,5.0,1.5,"지나다니면서 보니 웨이팅까지 하면서?... 오늘 처음 오픈런을 해봤.... 칼국수용 김치와 숙육용 김치가 다른데 둘다 좋았다. 오랜시간동안 자연스레 쌓아온 김치내공~ 요즘 또 배추가 제일 맛있을때라 그런지 적지도 과히지도 않은 맵기에 짠기가 생배추와 맞물려 조합이 좋았다. 생배추를 내놓는 집은 무.김치에 자신이 있다는 뜻으로도 해석할 수 있겠다.... 외국인들도 찾는곳이라 그런걸 수 있겠지만 식사중 밑바닥에 깔린 머리카락의 출현에 사장님이 군말없이 수육을 새 음식으로 내어주시면서 ""죄송합니다 ""라고 하시는데~ 웨이팅도 길고 또 그안"
어딜 가나 거기,phrase,3,False,1,5.0,1.5,"지나다니면서 보니 웨이팅까지 하면서?... 오늘 처음 오픈런을 해봤.... 칼국수용 김치와 숙육용 김치가 다른데 둘다 좋았다. 오랜시간동안 자연스레 쌓아온 김치내공~ 요즘 또 배추가 제일 맛있을때라 그런지 적지도 과히지도 않은 맵기에 짠기가 생배추와 맞물려 조합이 좋았다. 생배추를 내놓는 집은 무.김치에 자신이 있다는 뜻으로도 해석할 수 있겠다.... 외국인들도 찾는곳이라 그런걸 수 있겠지만 식사중 밑바닥에 깔린 머리카락의 출현에 사장님이 군말없이 수육을 새 음식으로 내어주시면서 ""죄송합니다 ""라고 하시는데~ 웨이팅도 길고 또 그안"
깔리다 머리카락 출현,phrase,3,False,1,5.0,1.5,"지나다니면서 보니 웨이팅까지 하면서?... 오늘 처음 오픈런을 해봤.... 칼국수용 김치와 숙육용 김치가 다른데 둘다 좋았다. 오랜시간동안 자연스레 쌓아온 김치내공~ 요즘 또 배추가 제일 맛있을때라 그런지 적지도 과히지도 않은 맵기에 짠기가 생배추와 맞물려 조합이 좋았다. 생배추를 내놓는 집은 무.김치에 자신이 있다는 뜻으로도 해석할 수 있겠다.... 외국인들도 찾는곳이라 그런걸 수 있겠지만 식사중 밑바닥에 깔린 머리카락의 출현에 사장님이 군말없이 수육을 새 음식으로 내어주시면서 ""죄송합니다 ""라고 하시는데~ 웨이팅도 길고 또 그안"
그렇다 보쌈 수육,phrase,3,False,1,5.0,1.5,"지나다니면서 보니 웨이팅까지 하면서?... 오늘 처음 오픈런을 해봤.... 칼국수용 김치와 숙육용 김치가 다른데 둘다 좋았다. 오랜시간동안 자연스레 쌓아온 김치내공~ 요즘 또 배추가 제일 맛있을때라 그런지 적지도 과히지도 않은 맵기에 짠기가 생배추와 맞물려 조합이 좋았다. 생배추를 내놓는 집은 무.김치에 자신이 있다는 뜻으로도 해석할 수 있겠다.... 외국인들도 찾는곳이라 그런걸 수 있겠지만 식사중 밑바닥에 깔린 머리카락의 출현에 사장님이 군말없이 수육을 새 음식으로 내어주시면서 ""죄송합니다 ""라고 하시는데~ 웨이팅도 길고 또 그안"
김치 다르다 두다,phrase,3,False,1,5.0,1.5,"지나다니면서 보니 웨이팅까지 하면서?... 오늘 처음 오픈런을 해봤.... 칼국수용 김치와 숙육용 김치가 다른데 둘다 좋았다. 오랜시간동안 자연스레 쌓아온 김치내공~ 요즘 또 배추가 제일 맛있을때라 그런지 적지도 과히지도 않은 맵기에 짠기가 생배추와 맞물려 조합이 좋았다. 생배추를 내놓는 집은 무.김치에 자신이 있다는 뜻으로도 해석할 수 있겠다.... 외국인들도 찾는곳이라 그런걸 수 있겠지만 식사중 밑바닥에 깔린 머리카락의 출현에 사장님이 군말없이 수육을 새 음식으로 내어주시면서 ""죄송합니다 ""라고 하시는데~ 웨이팅도 길고 또 그안"
김치 자신 해석,phrase,3,False,1,5.0,1.5,"지나다니면서 보니 웨이팅까지 하면서?... 오늘 처음 오픈런을 해봤.... 칼국수용 김치와 숙육용 김치가 다른데 둘다 좋았다. 오랜시간동안 자연스레 쌓아온 김치내공~ 요즘 또 배추가 제일 맛있을때라 그런지 적지도 과히지도 않은 맵기에 짠기가 생배추와 맞물려 조합이 좋았다. 생배추를 내놓는 집은 무.김치에 자신이 있다는 뜻으로도 해석할 수 있겠다.... 외국인들도 찾는곳이라 그런걸 수 있겠지만 식사중 밑바닥에 깔린 머리카락의 출현에 사장님이 군말없이 수육을 새 음식으로 내어주시면서 ""죄송합니다 ""라고 하시는데~ 웨이팅도 길고 또 그안"
밑바닥 깔리다 머리카락,phrase,3,False,1,5.0,1.5,"지나다니면서 보니 웨이팅까지 하면서?... 오늘 처음 오픈런을 해봤.... 칼국수용 김치와 숙육용 김치가 다른데 둘다 좋았다. 오랜시간동안 자연스레 쌓아온 김치내공~ 요즘 또 배추가 제일 맛있을때라 그런지 적지도 과히지도 않은 맵기에 짠기가 생배추와 맞물려 조합이 좋았다. 생배추를 내놓는 집은 무.김치에 자신이 있다는 뜻으로도 해석할 수 있겠다.... 외국인들도 찾는곳이라 그런걸 수 있겠지만 식사중 밑바닥에 깔린 머리카락의 출현에 사장님이 군말없이 수육을 새 음식으로 내어주시면서 ""죄송합니다 ""라고 하시는데~ 웨이팅도 길고 또 그안"
느낌 받다 관계자,phrase,3,False,1,5.0,1.5,"지나다니면서 보니 웨이팅까지 하면서?... 오늘 처음 오픈런을 해봤.... 칼국수용 김치와 숙육용 김치가 다른데 둘다 좋았다. 오랜시간동안 자연스레 쌓아온 김치내공~ 요즘 또 배추가 제일 맛있을때라 그런지 적지도 과히지도 않은 맵기에 짠기가 생배추와 맞물려 조합이 좋았다. 생배추를 내놓는 집은 무.김치에 자신이 있다는 뜻으로도 해석할 수 있겠다.... 외국인들도 찾는곳이라 그런걸 수 있겠지만 식사중 밑바닥에 깔린 머리카락의 출현에 사장님이 군말없이 수육을 새 음식으로 내어주시면서 ""죄송합니다 ""라고 하시는데~ 웨이팅도 길고 또 그안"
웨이팅 오늘 처음,phrase,3,False,1,5.0,1.5,"지나다니면서 보니 웨이팅까지 하면서?... 오늘 처음 오픈런을 해봤.... 칼국수용 김치와 숙육용 김치가 다른데 둘다 좋았다. 오랜시간동안 자연스레 쌓아온 김치내공~ 요즘 또 배추가 제일 맛있을때라 그런지 적지도 과히지도 않은 맵기에 짠기가 생배추와 맞물려 조합이 좋았다. 생배추를 내놓는 집은 무.김치에 자신이 있다는 뜻으로도 해석할 수 있겠다.... 외국인들도 찾는곳이라 그런걸 수 있겠지만 식사중 밑바닥에 깔린 머리카락의 출현에 사장님이 군말없이 수육을 새 음식으로 내어주시면서 ""죄송합니다 ""라고 하시는데~ 웨이팅도 길고 또 그안"
식사 밑바닥 깔리다,phrase,3,False,1,5.0,1.5,"지나다니면서 보니 웨이팅까지 하면서?... 오늘 처음 오픈런을 해봤.... 칼국수용 김치와 숙육용 김치가 다른데 둘다 좋았다. 오랜시간동안 자연스레 쌓아온 김치내공~ 요즘 또 배추가 제일 맛있을때라 그런지 적지도 과히지도 않은 맵기에 짠기가 생배추와 맞물려 조합이 좋았다. 생배추를 내놓는 집은 무.김치에 자신이 있다는 뜻으로도 해석할 수 있겠다.... 외국인들도 찾는곳이라 그런걸 수 있겠지만 식사중 밑바닥에 깔린 머리카락의 출현에 사장님이 군말없이 수육을 새 음식으로 내어주시면서 ""죄송합니다 ""라고 하시는데~ 웨이팅도 길고 또 그안"
처음 오픈런 해봤다,phrase,3,False,1,5.0,1.5,"지나다니면서 보니 웨이팅까지 하면서?... 오늘 처음 오픈런을 해봤.... 칼국수용 김치와 숙육용 김치가 다른데 둘다 좋았다. 오랜시간동안 자연스레 쌓아온 김치내공~ 요즘 또 배추가 제일 맛있을때라 그런지 적지도 과히지도 않은 맵기에 짠기가 생배추와 맞물려 조합이 좋았다. 생배추를 내놓는 집은 무.김치에 자신이 있다는 뜻으로도 해석할 수 있겠다.... 외국인들도 찾는곳이라 그런걸 수 있겠지만 식사중 밑바닥에 깔린 머리카락의 출현에 사장님이 군말없이 수육을 새 음식으로 내어주시면서 ""죄송합니다 ""라고 하시는데~ 웨이팅도 길고 또 그안"
찾다 식사 밑바닥,phrase,3,False,1,5.0,1.5,"지나다니면서 보니 웨이팅까지 하면서?... 오늘 처음 오픈런을 해봤.... 칼국수용 김치와 숙육용 김치가 다른데 둘다 좋았다. 오랜시간동안 자연스레 쌓아온 김치내공~ 요즘 또 배추가 제일 맛있을때라 그런지 적지도 과히지도 않은 맵기에 짠기가 생배추와 맞물려 조합이 좋았다. 생배추를 내놓는 집은 무.김치에 자신이 있다는 뜻으로도 해석할 수 있겠다.... 외국인들도 찾는곳이라 그런걸 수 있겠지만 식사중 밑바닥에 깔린 머리카락의 출현에 사장님이 군말없이 수육을 새 음식으로 내어주시면서 ""죄송합니다 ""라고 하시는데~ 웨이팅도 길고 또 그안"
내다 죄송하다 웨이팅,phrase,3,False,1,5.0,1.5,"지나다니면서 보니 웨이팅까지 하면서?... 오늘 처음 오픈런을 해봤.... 칼국수용 김치와 숙육용 김치가 다른데 둘다 좋았다. 오랜시간동안 자연스레 쌓아온 김치내공~ 요즘 또 배추가 제일 맛있을때라 그런지 적지도 과히지도 않은 맵기에 짠기가 생배추와 맞물려 조합이 좋았다. 생배추를 내놓는 집은 무.김치에 자신이 있다는 뜻으로도 해석할 수 있겠다.... 외국인들도 찾는곳이라 그런걸 수 있겠지만 식사중 밑바닥에 깔린 머리카락의 출현에 사장님이 군말없이 수육을 새 음식으로 내어주시면서 ""죄송합니다 ""라고 하시는데~ 웨이팅도 길고 또 그안"
대부분 느끼다 그렇다,phrase,3,False,1,5.0,1.5,"지나다니면서 보니 웨이팅까지 하면서?... 오늘 처음 오픈런을 해봤.... 칼국수용 김치와 숙육용 김치가 다른데 둘다 좋았다. 오랜시간동안 자연스레 쌓아온 김치내공~ 요즘 또 배추가 제일 맛있을때라 그런지 적지도 과히지도 않은 맵기에 짠기가 생배추와 맞물려 조합이 좋았다. 생배추를 내놓는 집은 무.김치에 자신이 있다는 뜻으로도 해석할 수 있겠다.... 외국인들도 찾는곳이라 그런걸 수 있겠지만 식사중 밑바닥에 깔린 머리카락의 출현에 사장님이 군말없이 수육을 새 음식으로 내어주시면서 ""죄송합니다 ""라고 하시는데~ 웨이팅도 길고 또 그안"
시간 동안 자연스레,phrase,3,False,1,5.0,1.5,"지나다니면서 보니 웨이팅까지 하면서?... 오늘 처음 오픈런을 해봤.... 칼국수용 김치와 숙육용 김치가 다른데 둘다 좋았다. 오랜시간동안 자연스레 쌓아온 김치내공~ 요즘 또 배추가 제일 맛있을때라 그런지 적지도 과히지도 않은 맵기에 짠기가 생배추와 맞물려 조합이 좋았다. 생배추를 내놓는 집은 무.김치에 자신이 있다는 뜻으로도 해석할 수 있겠다.... 외국인들도 찾는곳이라 그런걸 수 있겠지만 식사중 밑바닥에 깔린 머리카락의 출현에 사장님이 군말없이 수육을 새 음식으로 내어주시면서 ""죄송합니다 ""라고 하시는데~ 웨이팅도 길고 또 그안"
출현 사장 군말,phrase,3,False,1,5.0,1.5,"지나다니면서 보니 웨이팅까지 하면서?... 오늘 처음 오픈런을 해봤.... 칼국수용 김치와 숙육용 김치가 다른데 둘다 좋았다. 오랜시간동안 자연스레 쌓아온 김치내공~ 요즘 또 배추가 제일 맛있을때라 그런지 적지도 과히지도 않은 맵기에 짠기가 생배추와 맞물려 조합이 좋았다. 생배추를 내놓는 집은 무.김치에 자신이 있다는 뜻으로도 해석할 수 있겠다.... 외국인들도 찾는곳이라 그런걸 수 있겠지만 식사중 밑바닥에 깔린 머리카락의 출현에 사장님이 군말없이 수육을 새 음식으로 내어주시면서 ""죄송합니다 ""라고 하시는데~ 웨이팅도 길고 또 그안"
배추 맞다 물리다,phrase,3,False,1,5.0,1.5,"지나다니면서 보니 웨이팅까지 하면서?... 오늘 처음 오픈런을 해봤.... 칼국수용 김치와 숙육용 김치가 다른데 둘다 좋았다. 오랜시간동안 자연스레 쌓아온 김치내공~ 요즘 또 배추가 제일 맛있을때라 그런지 적지도 과히지도 않은 맵기에 짠기가 생배추와 맞물려 조합이 좋았다. 생배추를 내놓는 집은 무.김치에 자신이 있다는 뜻으로도 해석할 수 있겠다.... 외국인들도 찾는곳이라 그런걸 수 있겠지만 식사중 밑바닥에 깔린 머리카락의 출현에 사장님이 군말없이 수육을 새 음식으로 내어주시면서 ""죄송합니다 ""라고 하시는데~ 웨이팅도 길고 또 그안"
오늘 처음 오픈런,phrase,3,False,1,5.0,1.5,"지나다니면서 보니 웨이팅까지 하면서?... 오늘 처음 오픈런을 해봤.... 칼국수용 김치와 숙육용 김치가 다른데 둘다 좋았다. 오랜시간동안 자연스레 쌓아온 김치내공~ 요즘 또 배추가 제일 맛있을때라 그런지 적지도 과히지도 않은 맵기에 짠기가 생배추와 맞물려 조합이 좋았다. 생배추를 내놓는 집은 무.김치에 자신이 있다는 뜻으로도 해석할 수 있겠다.... 외국인들도 찾는곳이라 그런걸 수 있겠지만 식사중 밑바닥에 깔린 머리카락의 출현에 사장님이 군말없이 수육을 새 음식으로 내어주시면서 ""죄송합니다 ""라고 하시는데~ 웨이팅도 길고 또 그안"
배추 내놓다 집다,phrase,3,False,1,5.0,1.5,"지나다니면서 보니 웨이팅까지 하면서?... 오늘 처음 오픈런을 해봤.... 칼국수용 김치와 숙육용 김치가 다른데 둘다 좋았다. 오랜시간동안 자연스레 쌓아온 김치내공~ 요즘 또 배추가 제일 맛있을때라 그런지 적지도 과히지도 않은 맵기에 짠기가 생배추와 맞물려 조합이 좋았다. 생배추를 내놓는 집은 무.김치에 자신이 있다는 뜻으로도 해석할 수 있겠다.... 외국인들도 찾는곳이라 그런걸 수 있겠지만 식사중 밑바닥에 깔린 머리카락의 출현에 사장님이 군말없이 수육을 새 음식으로 내어주시면서 ""죄송합니다 ""라고 하시는데~ 웨이팅도 길고 또 그안"
만들기 과정 쉬다,phrase,3,False,1,5.0,1.5,"지나다니면서 보니 웨이팅까지 하면서?... 오늘 처음 오픈런을 해봤.... 칼국수용 김치와 숙육용 김치가 다른데 둘다 좋았다. 오랜시간동안 자연스레 쌓아온 김치내공~ 요즘 또 배추가 제일 맛있을때라 그런지 적지도 과히지도 않은 맵기에 짠기가 생배추와 맞물려 조합이 좋았다. 생배추를 내놓는 집은 무.김치에 자신이 있다는 뜻으로도 해석할 수 있겠다.... 외국인들도 찾는곳이라 그런걸 수 있겠지만 식사중 밑바닥에 깔린 머리카락의 출현에 사장님이 군말없이 수육을 새 음식으로 내어주시면서 ""죄송합니다 ""라고 하시는데~ 웨이팅도 길고 또 그안"
자신 해석 외국인,phrase,3,False,1,5.0,1.5,"지나다니면서 보니 웨이팅까지 하면서?... 오늘 처음 오픈런을 해봤.... 칼국수용 김치와 숙육용 김치가 다른데 둘다 좋았다. 오랜시간동안 자연스레 쌓아온 김치내공~ 요즘 또 배추가 제일 맛있을때라 그런지 적지도 과히지도 않은 맵기에 짠기가 생배추와 맞물려 조합이 좋았다. 생배추를 내놓는 집은 무.김치에 자신이 있다는 뜻으로도 해석할 수 있겠다.... 외국인들도 찾는곳이라 그런걸 수 있겠지만 식사중 밑바닥에 깔린 머리카락의 출현에 사장님이 군말없이 수육을 새 음식으로 내어주시면서 ""죄송합니다 ""라고 하시는데~ 웨이팅도 길고 또 그안"
내놓다 집다 김치,phrase,3,False,1,5.0,1.5,"지나다니면서 보니 웨이팅까지 하면서?... 오늘 처음 오픈런을 해봤.... 칼국수용 김치와 숙육용 김치가 다른데 둘다 좋았다. 오랜시간동안 자연스레 쌓아온 김치내공~ 요즘 또 배추가 제일 맛있을때라 그런지 적지도 과히지도 않은 맵기에 짠기가 생배추와 맞물려 조합이 좋았다. 생배추를 내놓는 집은 무.김치에 자신이 있다는 뜻으로도 해석할 수 있겠다.... 외국인들도 찾는곳이라 그런걸 수 있겠지만 식사중 밑바닥에 깔린 머리카락의 출현에 사장님이 군말없이 수육을 새 음식으로 내어주시면서 ""죄송합니다 ""라고 하시는데~ 웨이팅도 길고 또 그안"
그렇다 단순하다 삶다,phrase,3,False,1,5.0,1.5,"지나다니면서 보니 웨이팅까지 하면서?... 오늘 처음 오픈런을 해봤.... 칼국수용 김치와 숙육용 김치가 다른데 둘다 좋았다. 오랜시간동안 자연스레 쌓아온 김치내공~ 요즘 또 배추가 제일 맛있을때라 그런지 적지도 과히지도 않은 맵기에 짠기가 생배추와 맞물려 조합이 좋았다. 생배추를 내놓는 집은 무.김치에 자신이 있다는 뜻으로도 해석할 수 있겠다.... 외국인들도 찾는곳이라 그런걸 수 있겠지만 식사중 밑바닥에 깔린 머리카락의 출현에 사장님이 군말없이 수육을 새 음식으로 내어주시면서 ""죄송합니다 ""라고 하시는데~ 웨이팅도 길고 또 그안"
죄송하다 웨이팅 길다,phrase,3,False,1,5.0,1.5,"지나다니면서 보니 웨이팅까지 하면서?... 오늘 처음 오픈런을 해봤.... 칼국수용 김치와 숙육용 김치가 다른데 둘다 좋았다. 오랜시간동안 자연스레 쌓아온 김치내공~ 요즘 또 배추가 제일 맛있을때라 그런지 적지도 과히지도 않은 맵기에 짠기가 생배추와 맞물려 조합이 좋았다. 생배추를 내놓는 집은 무.김치에 자신이 있다는 뜻으로도 해석할 수 있겠다.... 외국인들도 찾는곳이라 그런걸 수 있겠지만 식사중 밑바닥에 깔린 머리카락의 출현에 사장님이 군말없이 수육을 새 음식으로 내어주시면서 ""죄송합니다 ""라고 하시는데~ 웨이팅도 길고 또 그안"
김치 내공 요즘,phrase,3,False,1,5.0,1.5,"지나다니면서 보니 웨이팅까지 하면서?... 오늘 처음 오픈런을 해봤.... 칼국수용 김치와 숙육용 김치가 다른데 둘다 좋았다. 오랜시간동안 자연스레 쌓아온 김치내공~ 요즘 또 배추가 제일 맛있을때라 그런지 적지도 과히지도 않은 맵기에 짠기가 생배추와 맞물려 조합이 좋았다. 생배추를 내놓는 집은 무.김치에 자신이 있다는 뜻으로도 해석할 수 있겠다.... 외국인들도 찾는곳이라 그런걸 수 있겠지만 식사중 밑바닥에 깔린 머리카락의 출현에 사장님이 군말없이 수육을 새 음식으로 내어주시면서 ""죄송합니다 ""라고 하시는데~ 웨이팅도 길고 또 그안"
세월 자다 만들다,phrase,3,False,1,5.0,1.5,"지나다니면서 보니 웨이팅까지 하면서?... 오늘 처음 오픈런을 해봤.... 칼국수용 김치와 숙육용 김치가 다른데 둘다 좋았다. 오랜시간동안 자연스레 쌓아온 김치내공~ 요즘 또 배추가 제일 맛있을때라 그런지 적지도 과히지도 않은 맵기에 짠기가 생배추와 맞물려 조합이 좋았다. 생배추를 내놓는 집은 무.김치에 자신이 있다는 뜻으로도 해석할 수 있겠다.... 외국인들도 찾는곳이라 그런걸 수 있겠지만 식사중 밑바닥에 깔린 머리카락의 출현에 사장님이 군말없이 수육을 새 음식으로 내어주시면서 ""죄송합니다 ""라고 하시는데~ 웨이팅도 길고 또 그안"
외국인 찾다 식사,phrase,3,False,1,5.0,1.5,"지나다니면서 보니 웨이팅까지 하면서?... 오늘 처음 오픈런을 해봤.... 칼국수용 김치와 숙육용 김치가 다른데 둘다 좋았다. 오랜시간동안 자연스레 쌓아온 김치내공~ 요즘 또 배추가 제일 맛있을때라 그런지 적지도 과히지도 않은 맵기에 짠기가 생배추와 맞물려 조합이 좋았다. 생배추를 내놓는 집은 무.김치에 자신이 있다는 뜻으로도 해석할 수 있겠다.... 외국인들도 찾는곳이라 그런걸 수 있겠지만 식사중 밑바닥에 깔린 머리카락의 출현에 사장님이 군말없이 수육을 새 음식으로 내어주시면서 ""죄송합니다 ""라고 하시는데~ 웨이팅도 길고 또 그안"
느끼다 그렇다 보쌈,phrase,3,False,1,5.0,1.5,"지나다니면서 보니 웨이팅까지 하면서?... 오늘 처음 오픈런을 해봤.... 칼국수용 김치와 숙육용 김치가 다른데 둘다 좋았다. 오랜시간동안 자연스레 쌓아온 김치내공~ 요즘 또 배추가 제일 맛있을때라 그런지 적지도 과히지도 않은 맵기에 짠기가 생배추와 맞물려 조합이 좋았다. 생배추를 내놓는 집은 무.김치에 자신이 있다는 뜻으로도 해석할 수 있겠다.... 외국인들도 찾는곳이라 그런걸 수 있겠지만 식사중 밑바닥에 깔린 머리카락의 출현에 사장님이 군말없이 수육을 새 음식으로 내어주시면서 ""죄송합니다 ""라고 하시는데~ 웨이팅도 길고 또 그안"
음식 그렇다 단순하다,phrase,3,False,1,5.0,1.5,"지나다니면서 보니 웨이팅까지 하면서?... 오늘 처음 오픈런을 해봤.... 칼국수용 김치와 숙육용 김치가 다른데 둘다 좋았다. 오랜시간동안 자연스레 쌓아온 김치내공~ 요즘 또 배추가 제일 맛있을때라 그런지 적지도 과히지도 않은 맵기에 짠기가 생배추와 맞물려 조합이 좋았다. 생배추를 내놓는 집은 무.김치에 자신이 있다는 뜻으로도 해석할 수 있겠다.... 외국인들도 찾는곳이라 그런걸 수 있겠지만 식사중 밑바닥에 깔린 머리카락의 출현에 사장님이 군말없이 수육을 새 음식으로 내어주시면서 ""죄송합니다 ""라고 하시는데~ 웨이팅도 길고 또 그안"
대하 태도 세월,phrase,3,False,1,5.0,1.5,"지나다니면서 보니 웨이팅까지 하면서?... 오늘 처음 오픈런을 해봤.... 칼국수용 김치와 숙육용 김치가 다른데 둘다 좋았다. 오랜시간동안 자연스레 쌓아온 김치내공~ 요즘 또 배추가 제일 맛있을때라 그런지 적지도 과히지도 않은 맵기에 짠기가 생배추와 맞물려 조합이 좋았다. 생배추를 내놓는 집은 무.김치에 자신이 있다는 뜻으로도 해석할 수 있겠다.... 외국인들도 찾는곳이라 그런걸 수 있겠지만 식사중 밑바닥에 깔린 머리카락의 출현에 사장님이 군말없이 수육을 새 음식으로 내어주시면서 ""죄송합니다 ""라고 하시는데~ 웨이팅도 길고 또 그안"
작성 후기 접시,phrase,3,False,1,5.0,1.5,"지나다니면서 보니 웨이팅까지 하면서?... 오늘 처음 오픈런을 해봤.... 칼국수용 김치와 숙육용 김치가 다른데 둘다 좋았다. 오랜시간동안 자연스레 쌓아온 김치내공~ 요즘 또 배추가 제일 맛있을때라 그런지 적지도 과히지도 않은 맵기에 짠기가 생배추와 맞물려 조합이 좋았다. 생배추를 내놓는 집은 무.김치에 자신이 있다는 뜻으로도 해석할 수 있겠다.... 외국인들도 찾는곳이라 그런걸 수 있겠지만 식사중 밑바닥에 깔린 머리카락의 출현에 사장님이 군말없이 수육을 새 음식으로 내어주시면서 ""죄송합니다 ""라고 하시는데~ 웨이팅도 길고 또 그안"
없이 수육 음식,phrase,3,False,1,5.0,1.5,"지나다니면서 보니 웨이팅까지 하면서?... 오늘 처음 오픈런을 해봤.... 칼국수용 김치와 숙육용 김치가 다른데 둘다 좋았다. 오랜시간동안 자연스레 쌓아온 김치내공~ 요즘 또 배추가 제일 맛있을때라 그런지 적지도 과히지도 않은 맵기에 짠기가 생배추와 맞물려 조합이 좋았다. 생배추를 내놓는 집은 무.김치에 자신이 있다는 뜻으로도 해석할 수 있겠다.... 외국인들도 찾는곳이라 그런걸 수 있겠지만 식사중 밑바닥에 깔린 머리카락의 출현에 사장님이 군말없이 수육을 새 음식으로 내어주시면서 ""죄송합니다 ""라고 하시는데~ 웨이팅도 길고 또 그안"
과정 쉬다 않다,phrase,3,False,1,5.0,1.5,"지나다니면서 보니 웨이팅까지 하면서?... 오늘 처음 오픈런을 해봤.... 칼국수용 김치와 숙육용 김치가 다른데 둘다 좋았다. 오랜시간동안 자연스레 쌓아온 김치내공~ 요즘 또 배추가 제일 맛있을때라 그런지 적지도 과히지도 않은 맵기에 짠기가 생배추와 맞물려 조합이 좋았다. 생배추를 내놓는 집은 무.김치에 자신이 있다는 뜻으로도 해석할 수 있겠다.... 외국인들도 찾는곳이라 그런걸 수 있겠지만 식사중 밑바닥에 깔린 머리카락의 출현에 사장님이 군말없이 수육을 새 음식으로 내어주시면서 ""죄송합니다 ""라고 하시는데~ 웨이팅도 길고 또 그안"
짜다 배추 맞다,phrase,3,False,1,5.0,1.5,"지나다니면서 보니 웨이팅까지 하면서?... 오늘 처음 오픈런을 해봤.... 칼국수용 김치와 숙육용 김치가 다른데 둘다 좋았다. 오랜시간동안 자연스레 쌓아온 김치내공~ 요즘 또 배추가 제일 맛있을때라 그런지 적지도 과히지도 않은 맵기에 짠기가 생배추와 맞물려 조합이 좋았다. 생배추를 내놓는 집은 무.김치에 자신이 있다는 뜻으로도 해석할 수 있겠다.... 외국인들도 찾는곳이라 그런걸 수 있겠지만 식사중 밑바닥에 깔린 머리카락의 출현에 사장님이 군말없이 수육을 새 음식으로 내어주시면서 ""죄송합니다 ""라고 하시는데~ 웨이팅도 길고 또 그안"
매다 짜다 배추,phrase,3,False,1,5.0,1.5,"지나다니면서 보니 웨이팅까지 하면서?... 오늘 처음 오픈런을 해봤.... 칼국수용 김치와 숙육용 김치가 다른데 둘다 좋았다. 오랜시간동안 자연스레 쌓아온 김치내공~ 요즘 또 배추가 제일 맛있을때라 그런지 적지도 과히지도 않은 맵기에 짠기가 생배추와 맞물려 조합이 좋았다. 생배추를 내놓는 집은 무.김치에 자신이 있다는 뜻으로도 해석할 수 있겠다.... 외국인들도 찾는곳이라 그런걸 수 있겠지만 식사중 밑바닥에 깔린 머리카락의 출현에 사장님이 군말없이 수육을 새 음식으로 내어주시면서 ""죄송합니다 ""라고 하시는데~ 웨이팅도 길고 또 그안"
가꾸다 그렇다 느낌,phrase,3,False,1,5.0,1.5,"지나다니면서 보니 웨이팅까지 하면서?... 오늘 처음 오픈런을 해봤.... 칼국수용 김치와 숙육용 김치가 다른데 둘다 좋았다. 오랜시간동안 자연스레 쌓아온 김치내공~ 요즘 또 배추가 제일 맛있을때라 그런지 적지도 과히지도 않은 맵기에 짠기가 생배추와 맞물려 조합이 좋았다. 생배추를 내놓는 집은 무.김치에 자신이 있다는 뜻으로도 해석할 수 있겠다.... 외국인들도 찾는곳이라 그런걸 수 있겠지만 식사중 밑바닥에 깔린 머리카락의 출현에 사장님이 군말없이 수육을 새 음식으로 내어주시면서 ""죄송합니다 ""라고 하시는데~ 웨이팅도 길고 또 그안"
모든 음식 그렇다,phrase,3,False,1,5.0,1.5,"지나다니면서 보니 웨이팅까지 하면서?... 오늘 처음 오픈런을 해봤.... 칼국수용 김치와 숙육용 김치가 다른데 둘다 좋았다. 오랜시간동안 자연스레 쌓아온 김치내공~ 요즘 또 배추가 제일 맛있을때라 그런지 적지도 과히지도 않은 맵기에 짠기가 생배추와 맞물려 조합이 좋았다. 생배추를 내놓는 집은 무.김치에 자신이 있다는 뜻으로도 해석할 수 있겠다.... 외국인들도 찾는곳이라 그런걸 수 있겠지만 식사중 밑바닥에 깔린 머리카락의 출현에 사장님이 군말없이 수육을 새 음식으로 내어주시면서 ""죄송합니다 ""라고 하시는데~ 웨이팅도 길고 또 그안"
칼국수 김치 숙육,phrase,3,False,1,5.0,1.5,"지나다니면서 보니 웨이팅까지 하면서?... 오늘 처음 오픈런을 해봤.... 칼국수용 김치와 숙육용 김치가 다른데 둘다 좋았다. 오랜시간동안 자연스레 쌓아온 김치내공~ 요즘 또 배추가 제일 맛있을때라 그런지 적지도 과히지도 않은 맵기에 짠기가 생배추와 맞물려 조합이 좋았다. 생배추를 내놓는 집은 무.김치에 자신이 있다는 뜻으로도 해석할 수 있겠다.... 외국인들도 찾는곳이라 그런걸 수 있겠지만 식사중 밑바닥에 깔린 머리카락의 출현에 사장님이 군말없이 수육을 새 음식으로 내어주시면서 ""죄송합니다 ""라고 하시는데~ 웨이팅도 길고 또 그안"
단순하다 삶다 만들다,phrase,3,False,1,5.0,1.5,"지나다니면서 보니 웨이팅까지 하면서?... 오늘 처음 오픈런을 해봤.... 칼국수용 김치와 숙육용 김치가 다른데 둘다 좋았다. 오랜시간동안 자연스레 쌓아온 김치내공~ 요즘 또 배추가 제일 맛있을때라 그런지 적지도 과히지도 않은 맵기에 짠기가 생배추와 맞물려 조합이 좋았다. 생배추를 내놓는 집은 무.김치에 자신이 있다는 뜻으로도 해석할 수 있겠다.... 외국인들도 찾는곳이라 그런걸 수 있겠지만 식사중 밑바닥에 깔린 머리카락의 출현에 사장님이 군말없이 수육을 새 음식으로 내어주시면서 ""죄송합니다 ""라고 하시는데~ 웨이팅도 길고 또 그안"
후기 접시 중간,phrase,3,False,1,5.0,1.5,"지나다니면서 보니 웨이팅까지 하면서?... 오늘 처음 오픈런을 해봤.... 칼국수용 김치와 숙육용 김치가 다른데 둘다 좋았다. 오랜시간동안 자연스레 쌓아온 김치내공~ 요즘 또 배추가 제일 맛있을때라 그런지 적지도 과히지도 않은 맵기에 짠기가 생배추와 맞물려 조합이 좋았다. 생배추를 내놓는 집은 무.김치에 자신이 있다는 뜻으로도 해석할 수 있겠다.... 외국인들도 찾는곳이라 그런걸 수 있겠지만 식사중 밑바닥에 깔린 머리카락의 출현에 사장님이 군말없이 수육을 새 음식으로 내어주시면서 ""죄송합니다 ""라고 하시는데~ 웨이팅도 길고 또 그안"
여러가지 어딜 가나,phrase,3,False,1,5.0,1.5,"지나다니면서 보니 웨이팅까지 하면서?... 오늘 처음 오픈런을 해봤.... 칼국수용 김치와 숙육용 김치가 다른데 둘다 좋았다. 오랜시간동안 자연스레 쌓아온 김치내공~ 요즘 또 배추가 제일 맛있을때라 그런지 적지도 과히지도 않은 맵기에 짠기가 생배추와 맞물려 조합이 좋았다. 생배추를 내놓는 집은 무.김치에 자신이 있다는 뜻으로도 해석할 수 있겠다.... 외국인들도 찾는곳이라 그런걸 수 있겠지만 식사중 밑바닥에 깔린 머리카락의 출현에 사장님이 군말없이 수육을 새 음식으로 내어주시면서 ""죄송합니다 ""라고 하시는데~ 웨이팅도 길고 또 그안"
않다 음식 하나,phrase,3,False,1,5.0,1.5,"지나다니면서 보니 웨이팅까지 하면서?... 오늘 처음 오픈런을 해봤.... 칼국수용 김치와 숙육용 김치가 다른데 둘다 좋았다. 오랜시간동안 자연스레 쌓아온 김치내공~ 요즘 또 배추가 제일 맛있을때라 그런지 적지도 과히지도 않은 맵기에 짠기가 생배추와 맞물려 조합이 좋았다. 생배추를 내놓는 집은 무.김치에 자신이 있다는 뜻으로도 해석할 수 있겠다.... 외국인들도 찾는곳이라 그런걸 수 있겠지만 식사중 밑바닥에 깔린 머리카락의 출현에 사장님이 군말없이 수육을 새 음식으로 내어주시면서 ""죄송합니다 ""라고 하시는데~ 웨이팅도 길고 또 그안"
일절 관계 후기,phrase,3,False,1,5.0,1.5,"지나다니면서 보니 웨이팅까지 하면서?... 오늘 처음 오픈런을 해봤.... 칼국수용 김치와 숙육용 김치가 다른데 둘다 좋았다. 오랜시간동안 자연스레 쌓아온 김치내공~ 요즘 또 배추가 제일 맛있을때라 그런지 적지도 과히지도 않은 맵기에 짠기가 생배추와 맞물려 조합이 좋았다. 생배추를 내놓는 집은 무.김치에 자신이 있다는 뜻으로도 해석할 수 있겠다.... 외국인들도 찾는곳이라 그런걸 수 있겠지만 식사중 밑바닥에 깔린 머리카락의 출현에 사장님이 군말없이 수육을 새 음식으로 내어주시면서 ""죄송합니다 ""라고 하시는데~ 웨이팅도 길고 또 그안"
거기 생각 손님,phrase,3,False,1,5.0,1.5,"지나다니면서 보니 웨이팅까지 하면서?... 오늘 처음 오픈런을 해봤.... 칼국수용 김치와 숙육용 김치가 다른데 둘다 좋았다. 오랜시간동안 자연스레 쌓아온 김치내공~ 요즘 또 배추가 제일 맛있을때라 그런지 적지도 과히지도 않은 맵기에 짠기가 생배추와 맞물려 조합이 좋았다. 생배추를 내놓는 집은 무.김치에 자신이 있다는 뜻으로도 해석할 수 있겠다.... 외국인들도 찾는곳이라 그런걸 수 있겠지만 식사중 밑바닥에 깔린 머리카락의 출현에 사장님이 군말없이 수육을 새 음식으로 내어주시면서 ""죄송합니다 ""라고 하시는데~ 웨이팅도 길고 또 그안"
수육 만들기 과정,phrase,3,False,1,5.0,1.5,"지나다니면서 보니 웨이팅까지 하면서?... 오늘 처음 오픈런을 해봤.... 칼국수용 김치와 숙육용 김치가 다른데 둘다 좋았다. 오랜시간동안 자연스레 쌓아온 김치내공~ 요즘 또 배추가 제일 맛있을때라 그런지 적지도 과히지도 않은 맵기에 짠기가 생배추와 맞물려 조합이 좋았다. 생배추를 내놓는 집은 무.김치에 자신이 있다는 뜻으로도 해석할 수 있겠다.... 외국인들도 찾는곳이라 그런걸 수 있겠지만 식사중 밑바닥에 깔린 머리카락의 출현에 사장님이 군말없이 수육을 새 음식으로 내어주시면서 ""죄송합니다 ""라고 하시는데~ 웨이팅도 길고 또 그안"
삶다 만들다 음식,phrase,3,False,1,5.0,1.5,"지나다니면서 보니 웨이팅까지 하면서?... 오늘 처음 오픈런을 해봤.... 칼국수용 김치와 숙육용 김치가 다른데 둘다 좋았다. 오랜시간동안 자연스레 쌓아온 김치내공~ 요즘 또 배추가 제일 맛있을때라 그런지 적지도 과히지도 않은 맵기에 짠기가 생배추와 맞물려 조합이 좋았다. 생배추를 내놓는 집은 무.김치에 자신이 있다는 뜻으로도 해석할 수 있겠다.... 외국인들도 찾는곳이라 그런걸 수 있겠지만 식사중 밑바닥에 깔린 머리카락의 출현에 사장님이 군말없이 수육을 새 음식으로 내어주시면서 ""죄송합니다 ""라고 하시는데~ 웨이팅도 길고 또 그안"
그렇다 느낌 받다,phrase,3,False,1,5.0,1.5,"지나다니면서 보니 웨이팅까지 하면서?... 오늘 처음 오픈런을 해봤.... 칼국수용 김치와 숙육용 김치가 다른데 둘다 좋았다. 오랜시간동안 자연스레 쌓아온 김치내공~ 요즘 또 배추가 제일 맛있을때라 그런지 적지도 과히지도 않은 맵기에 짠기가 생배추와 맞물려 조합이 좋았다. 생배추를 내놓는 집은 무.김치에 자신이 있다는 뜻으로도 해석할 수 있겠다.... 외국인들도 찾는곳이라 그런걸 수 있겠지만 식사중 밑바닥에 깔린 머리카락의 출현에 사장님이 군말없이 수육을 새 음식으로 내어주시면서 ""죄송합니다 ""라고 하시는데~ 웨이팅도 길고 또 그안"
사장 군말 없이,phrase,3,False,1,5.0,1.5,"지나다니면서 보니 웨이팅까지 하면서?... 오늘 처음 오픈런을 해봤.... 칼국수용 김치와 숙육용 김치가 다른데 둘다 좋았다. 오랜시간동안 자연스레 쌓아온 김치내공~ 요즘 또 배추가 제일 맛있을때라 그런지 적지도 과히지도 않은 맵기에 짠기가 생배추와 맞물려 조합이 좋았다. 생배추를 내놓는 집은 무.김치에 자신이 있다는 뜻으로도 해석할 수 있겠다.... 외국인들도 찾는곳이라 그런걸 수 있겠지만 식사중 밑바닥에 깔린 머리카락의 출현에 사장님이 군말없이 수육을 새 음식으로 내어주시면서 ""죄송합니다 ""라고 하시는데~ 웨이팅도 길고 또 그안"
않다 매다 짜다,phrase,3,False,1,5.0,1.5,"지나다니면서 보니 웨이팅까지 하면서?... 오늘 처음 오픈런을 해봤.... 칼국수용 김치와 숙육용 김치가 다른데 둘다 좋았다. 오랜시간동안 자연스레 쌓아온 김치내공~ 요즘 또 배추가 제일 맛있을때라 그런지 적지도 과히지도 않은 맵기에 짠기가 생배추와 맞물려 조합이 좋았다. 생배추를 내놓는 집은 무.김치에 자신이 있다는 뜻으로도 해석할 수 있겠다.... 외국인들도 찾는곳이라 그런걸 수 있겠지만 식사중 밑바닥에 깔린 머리카락의 출현에 사장님이 군말없이 수육을 새 음식으로 내어주시면서 ""죄송합니다 ""라고 하시는데~ 웨이팅도 길고 또 그안"
자다 만들다 가꾸다,phrase,3,False,1,5.0,1.5,"지나다니면서 보니 웨이팅까지 하면서?... 오늘 처음 오픈런을 해봤.... 칼국수용 김치와 숙육용 김치가 다른데 둘다 좋았다. 오랜시간동안 자연스레 쌓아온 김치내공~ 요즘 또 배추가 제일 맛있을때라 그런지 적지도 과히지도 않은 맵기에 짠기가 생배추와 맞물려 조합이 좋았다. 생배추를 내놓는 집은 무.김치에 자신이 있다는 뜻으로도 해석할 수 있겠다.... 외국인들도 찾는곳이라 그런걸 수 있겠지만 식사중 밑바닥에 깔린 머리카락의 출현에 사장님이 군말없이 수육을 새 음식으로 내어주시면서 ""죄송합니다 ""라고 하시는데~ 웨이팅도 길고 또 그안"
하나 모든 음식,phrase,3,False,1,5.0,1.5,"지나다니면서 보니 웨이팅까지 하면서?... 오늘 처음 오픈런을 해봤.... 칼국수용 김치와 숙육용 김치가 다른데 둘다 좋았다. 오랜시간동안 자연스레 쌓아온 김치내공~ 요즘 또 배추가 제일 맛있을때라 그런지 적지도 과히지도 않은 맵기에 짠기가 생배추와 맞물려 조합이 좋았다. 생배추를 내놓는 집은 무.김치에 자신이 있다는 뜻으로도 해석할 수 있겠다.... 외국인들도 찾는곳이라 그런걸 수 있겠지만 식사중 밑바닥에 깔린 머리카락의 출현에 사장님이 군말없이 수육을 새 음식으로 내어주시면서 ""죄송합니다 ""라고 하시는데~ 웨이팅도 길고 또 그안"
관계 후기 이벤트,phrase,3,False,1,5.0,1.5,"지나다니면서 보니 웨이팅까지 하면서?... 오늘 처음 오픈런을 해봤.... 칼국수용 김치와 숙육용 김치가 다른데 둘다 좋았다. 오랜시간동안 자연스레 쌓아온 김치내공~ 요즘 또 배추가 제일 맛있을때라 그런지 적지도 과히지도 않은 맵기에 짠기가 생배추와 맞물려 조합이 좋았다. 생배추를 내놓는 집은 무.김치에 자신이 있다는 뜻으로도 해석할 수 있겠다.... 외국인들도 찾는곳이라 그런걸 수 있겠지만 식사중 밑바닥에 깔린 머리카락의 출현에 사장님이 군말없이 수육을 새 음식으로 내어주시면서 ""죄송합니다 ""라고 하시는데~ 웨이팅도 길고 또 그안"
집다 김치 자신,phrase,3,False,1,5.0,1.5,"지나다니면서 보니 웨이팅까지 하면서?... 오늘 처음 오픈런을 해봤.... 칼국수용 김치와 숙육용 김치가 다른데 둘다 좋았다. 오랜시간동안 자연스레 쌓아온 김치내공~ 요즘 또 배추가 제일 맛있을때라 그런지 적지도 과히지도 않은 맵기에 짠기가 생배추와 맞물려 조합이 좋았다. 생배추를 내놓는 집은 무.김치에 자신이 있다는 뜻으로도 해석할 수 있겠다.... 외국인들도 찾는곳이라 그런걸 수 있겠지만 식사중 밑바닥에 깔린 머리카락의 출현에 사장님이 군말없이 수육을 새 음식으로 내어주시면서 ""죄송합니다 ""라고 하시는데~ 웨이팅도 길고 또 그안"
그렇다 적지 지도,phrase,3,False,1,5.0,1.5,"지나다니면서 보니 웨이팅까지 하면서?... 오늘 처음 오픈런을 해봤.... 칼국수용 김치와 숙육용 김치가 다른데 둘다 좋았다. 오랜시간동안 자연스레 쌓아온 김치내공~ 요즘 또 배추가 제일 맛있을때라 그런지 적지도 과히지도 않은 맵기에 짠기가 생배추와 맞물려 조합이 좋았다. 생배추를 내놓는 집은 무.김치에 자신이 있다는 뜻으로도 해석할 수 있겠다.... 외국인들도 찾는곳이라 그런걸 수 있겠지만 식사중 밑바닥에 깔린 머리카락의 출현에 사장님이 군말없이 수육을 새 음식으로 내어주시면서 ""죄송합니다 ""라고 하시는데~ 웨이팅도 길고 또 그안"
웨이팅 길다 진심,phrase,3,False,1,5.0,1.5,"지나다니면서 보니 웨이팅까지 하면서?... 오늘 처음 오픈런을 해봤.... 칼국수용 김치와 숙육용 김치가 다른데 둘다 좋았다. 오랜시간동안 자연스레 쌓아온 김치내공~ 요즘 또 배추가 제일 맛있을때라 그런지 적지도 과히지도 않은 맵기에 짠기가 생배추와 맞물려 조합이 좋았다. 생배추를 내놓는 집은 무.김치에 자신이 있다는 뜻으로도 해석할 수 있겠다.... 외국인들도 찾는곳이라 그런걸 수 있겠지만 식사중 밑바닥에 깔린 머리카락의 출현에 사장님이 군말없이 수육을 새 음식으로 내어주시면서 ""죄송합니다 ""라고 하시는데~ 웨이팅도 길고 또 그안"
받다 관계자 일절,phrase,3,False,1,5.0,1.5,"지나다니면서 보니 웨이팅까지 하면서?... 오늘 처음 오픈런을 해봤.... 칼국수용 김치와 숙육용 김치가 다른데 둘다 좋았다. 오랜시간동안 자연스레 쌓아온 김치내공~ 요즘 또 배추가 제일 맛있을때라 그런지 적지도 과히지도 않은 맵기에 짠기가 생배추와 맞물려 조합이 좋았다. 생배추를 내놓는 집은 무.김치에 자신이 있다는 뜻으로도 해석할 수 있겠다.... 외국인들도 찾는곳이라 그런걸 수 있겠지만 식사중 밑바닥에 깔린 머리카락의 출현에 사장님이 군말없이 수육을 새 음식으로 내어주시면서 ""죄송합니다 ""라고 하시는데~ 웨이팅도 길고 또 그안"
지도 않다 매다,phrase,3,False,1,5.0,1.5,"지나다니면서 보니 웨이팅까지 하면서?... 오늘 처음 오픈런을 해봤.... 칼국수용 김치와 숙육용 김치가 다른데 둘다 좋았다. 오랜시간동안 자연스레 쌓아온 김치내공~ 요즘 또 배추가 제일 맛있을때라 그런지 적지도 과히지도 않은 맵기에 짠기가 생배추와 맞물려 조합이 좋았다. 생배추를 내놓는 집은 무.김치에 자신이 있다는 뜻으로도 해석할 수 있겠다.... 외국인들도 찾는곳이라 그런걸 수 있겠지만 식사중 밑바닥에 깔린 머리카락의 출현에 사장님이 군말없이 수육을 새 음식으로 내어주시면서 ""죄송합니다 ""라고 하시는데~ 웨이팅도 길고 또 그안"
상관없다 작성 후기,phrase,3,False,1,5.0,1.5,"지나다니면서 보니 웨이팅까지 하면서?... 오늘 처음 오픈런을 해봤.... 칼국수용 김치와 숙육용 김치가 다른데 둘다 좋았다. 오랜시간동안 자연스레 쌓아온 김치내공~ 요즘 또 배추가 제일 맛있을때라 그런지 적지도 과히지도 않은 맵기에 짠기가 생배추와 맞물려 조합이 좋았다. 생배추를 내놓는 집은 무.김치에 자신이 있다는 뜻으로도 해석할 수 있겠다.... 외국인들도 찾는곳이라 그런걸 수 있겠지만 식사중 밑바닥에 깔린 머리카락의 출현에 사장님이 군말없이 수육을 새 음식으로 내어주시면서 ""죄송합니다 ""라고 하시는데~ 웨이팅도 길고 또 그안"
음식 아니다 맛등,phrase,3,False,1,5.0,1.5,"지나다니면서 보니 웨이팅까지 하면서?... 오늘 처음 오픈런을 해봤.... 칼국수용 김치와 숙육용 김치가 다른데 둘다 좋았다. 오랜시간동안 자연스레 쌓아온 김치내공~ 요즘 또 배추가 제일 맛있을때라 그런지 적지도 과히지도 않은 맵기에 짠기가 생배추와 맞물려 조합이 좋았다. 생배추를 내놓는 집은 무.김치에 자신이 있다는 뜻으로도 해석할 수 있겠다.... 외국인들도 찾는곳이라 그런걸 수 있겠지만 식사중 밑바닥에 깔린 머리카락의 출현에 사장님이 군말없이 수육을 새 음식으로 내어주시면서 ""죄송합니다 ""라고 하시는데~ 웨이팅도 길고 또 그안"
아니다 맛등 여러가지,phrase,3,False,1,5.0,1.5,"지나다니면서 보니 웨이팅까지 하면서?... 오늘 처음 오픈런을 해봤.... 칼국수용 김치와 숙육용 김치가 다른데 둘다 좋았다. 오랜시간동안 자연스레 쌓아온 김치내공~ 요즘 또 배추가 제일 맛있을때라 그런지 적지도 과히지도 않은 맵기에 짠기가 생배추와 맞물려 조합이 좋았다. 생배추를 내놓는 집은 무.김치에 자신이 있다는 뜻으로도 해석할 수 있겠다.... 외국인들도 찾는곳이라 그런걸 수 있겠지만 식사중 밑바닥에 깔린 머리카락의 출현에 사장님이 군말없이 수육을 새 음식으로 내어주시면서 ""죄송합니다 ""라고 하시는데~ 웨이팅도 길고 또 그안"
태도 세월 자다,phrase,3,False,1,5.0,1.5,"지나다니면서 보니 웨이팅까지 하면서?... 오늘 처음 오픈런을 해봤.... 칼국수용 김치와 숙육용 김치가 다른데 둘다 좋았다. 오랜시간동안 자연스레 쌓아온 김치내공~ 요즘 또 배추가 제일 맛있을때라 그런지 적지도 과히지도 않은 맵기에 짠기가 생배추와 맞물려 조합이 좋았다. 생배추를 내놓는 집은 무.김치에 자신이 있다는 뜻으로도 해석할 수 있겠다.... 외국인들도 찾는곳이라 그런걸 수 있겠지만 식사중 밑바닥에 깔린 머리카락의 출현에 사장님이 군말없이 수육을 새 음식으로 내어주시면서 ""죄송합니다 ""라고 하시는데~ 웨이팅도 길고 또 그안"
쉬다 않다 음식,phrase,3,False,1,5.0,1.5,"지나다니면서 보니 웨이팅까지 하면서?... 오늘 처음 오픈런을 해봤.... 칼국수용 김치와 숙육용 김치가 다른데 둘다 좋았다. 오랜시간동안 자연스레 쌓아온 김치내공~ 요즘 또 배추가 제일 맛있을때라 그런지 적지도 과히지도 않은 맵기에 짠기가 생배추와 맞물려 조합이 좋았다. 생배추를 내놓는 집은 무.김치에 자신이 있다는 뜻으로도 해석할 수 있겠다.... 외국인들도 찾는곳이라 그런걸 수 있겠지만 식사중 밑바닥에 깔린 머리카락의 출현에 사장님이 군말없이 수육을 새 음식으로 내어주시면서 ""죄송합니다 ""라고 하시는데~ 웨이팅도 길고 또 그안"
길다 진심 충분하다,phrase,3,False,1,5.0,1.5,"지나다니면서 보니 웨이팅까지 하면서?... 오늘 처음 오픈런을 해봤.... 칼국수용 김치와 숙육용 김치가 다른데 둘다 좋았다. 오랜시간동안 자연스레 쌓아온 김치내공~ 요즘 또 배추가 제일 맛있을때라 그런지 적지도 과히지도 않은 맵기에 짠기가 생배추와 맞물려 조합이 좋았다. 생배추를 내놓는 집은 무.김치에 자신이 있다는 뜻으로도 해석할 수 있겠다.... 외국인들도 찾는곳이라 그런걸 수 있겠지만 식사중 밑바닥에 깔린 머리카락의 출현에 사장님이 군말없이 수육을 새 음식으로 내어주시면서 ""죄송합니다 ""라고 하시는데~ 웨이팅도 길고 또 그안"
생각 손님 대하,phrase,3,False,1,5.0,1.5,"지나다니면서 보니 웨이팅까지 하면서?... 오늘 처음 오픈런을 해봤.... 칼국수용 김치와 숙육용 김치가 다른데 둘다 좋았다. 오랜시간동안 자연스레 쌓아온 김치내공~ 요즘 또 배추가 제일 맛있을때라 그런지 적지도 과히지도 않은 맵기에 짠기가 생배추와 맞물려 조합이 좋았다. 생배추를 내놓는 집은 무.김치에 자신이 있다는 뜻으로도 해석할 수 있겠다.... 외국인들도 찾는곳이라 그런걸 수 있겠지만 식사중 밑바닥에 깔린 머리카락의 출현에 사장님이 군말없이 수육을 새 음식으로 내어주시면서 ""죄송합니다 ""라고 하시는데~ 웨이팅도 길고 또 그안"
맞다 물리다 조합,phrase,3,False,1,5.0,1.5,"지나다니면서 보니 웨이팅까지 하면서?... 오늘 처음 오픈런을 해봤.... 칼국수용 김치와 숙육용 김치가 다른데 둘다 좋았다. 오랜시간동안 자연스레 쌓아온 김치내공~ 요즘 또 배추가 제일 맛있을때라 그런지 적지도 과히지도 않은 맵기에 짠기가 생배추와 맞물려 조합이 좋았다. 생배추를 내놓는 집은 무.김치에 자신이 있다는 뜻으로도 해석할 수 있겠다.... 외국인들도 찾는곳이라 그런걸 수 있겠지만 식사중 밑바닥에 깔린 머리카락의 출현에 사장님이 군말없이 수육을 새 음식으로 내어주시면서 ""죄송합니다 ""라고 하시는데~ 웨이팅도 길고 또 그안"
보쌈 수육 만들기,phrase,3,False,1,5.0,1.5,"지나다니면서 보니 웨이팅까지 하면서?... 오늘 처음 오픈런을 해봤.... 칼국수용 김치와 숙육용 김치가 다른데 둘다 좋았다. 오랜시간동안 자연스레 쌓아온 김치내공~ 요즘 또 배추가 제일 맛있을때라 그런지 적지도 과히지도 않은 맵기에 짠기가 생배추와 맞물려 조합이 좋았다. 생배추를 내놓는 집은 무.김치에 자신이 있다는 뜻으로도 해석할 수 있겠다.... 외국인들도 찾는곳이라 그런걸 수 있겠지만 식사중 밑바닥에 깔린 머리카락의 출현에 사장님이 군말없이 수육을 새 음식으로 내어주시면서 ""죄송합니다 ""라고 하시는데~ 웨이팅도 길고 또 그안"
진심 충분하다 담기다,phrase,3,False,1,5.0,1.5,"지나다니면서 보니 웨이팅까지 하면서?... 오늘 처음 오픈런을 해봤.... 칼국수용 김치와 숙육용 김치가 다른데 둘다 좋았다. 오랜시간동안 자연스레 쌓아온 김치내공~ 요즘 또 배추가 제일 맛있을때라 그런지 적지도 과히지도 않은 맵기에 짠기가 생배추와 맞물려 조합이 좋았다. 생배추를 내놓는 집은 무.김치에 자신이 있다는 뜻으로도 해석할 수 있겠다.... 외국인들도 찾는곳이라 그런걸 수 있겠지만 식사중 밑바닥에 깔린 머리카락의 출현에 사장님이 군말없이 수육을 새 음식으로 내어주시면서 ""죄송합니다 ""라고 하시는데~ 웨이팅도 길고 또 그안"
음식 하나 모든,phrase,3,False,1,5.0,1.5,"지나다니면서 보니 웨이팅까지 하면서?... 오늘 처음 오픈런을 해봤.... 칼국수용 김치와 숙육용 김치가 다른데 둘다 좋았다. 오랜시간동안 자연스레 쌓아온 김치내공~ 요즘 또 배추가 제일 맛있을때라 그런지 적지도 과히지도 않은 맵기에 짠기가 생배추와 맞물려 조합이 좋았다. 생배추를 내놓는 집은 무.김치에 자신이 있다는 뜻으로도 해석할 수 있겠다.... 외국인들도 찾는곳이라 그런걸 수 있겠지만 식사중 밑바닥에 깔린 머리카락의 출현에 사장님이 군말없이 수육을 새 음식으로 내어주시면서 ""죄송합니다 ""라고 하시는데~ 웨이팅도 길고 또 그안"
후기 이벤트 상관없다,phrase,3,False,1,5.0,1.5,"지나다니면서 보니 웨이팅까지 하면서?... 오늘 처음 오픈런을 해봤.... 칼국수용 김치와 숙육용 김치가 다른데 둘다 좋았다. 오랜시간동안 자연스레 쌓아온 김치내공~ 요즘 또 배추가 제일 맛있을때라 그런지 적지도 과히지도 않은 맵기에 짠기가 생배추와 맞물려 조합이 좋았다. 생배추를 내놓는 집은 무.김치에 자신이 있다는 뜻으로도 해석할 수 있겠다.... 외국인들도 찾는곳이라 그런걸 수 있겠지만 식사중 밑바닥에 깔린 머리카락의 출현에 사장님이 군말없이 수육을 새 음식으로 내어주시면서 ""죄송합니다 ""라고 하시는데~ 웨이팅도 길고 또 그안"
만들다 음식 아니다,phrase,3,False,1,5.0,1.5,"지나다니면서 보니 웨이팅까지 하면서?... 오늘 처음 오픈런을 해봤.... 칼국수용 김치와 숙육용 김치가 다른데 둘다 좋았다. 오랜시간동안 자연스레 쌓아온 김치내공~ 요즘 또 배추가 제일 맛있을때라 그런지 적지도 과히지도 않은 맵기에 짠기가 생배추와 맞물려 조합이 좋았다. 생배추를 내놓는 집은 무.김치에 자신이 있다는 뜻으로도 해석할 수 있겠다.... 외국인들도 찾는곳이라 그런걸 수 있겠지만 식사중 밑바닥에 깔린 머리카락의 출현에 사장님이 군말없이 수육을 새 음식으로 내어주시면서 ""죄송합니다 ""라고 하시는데~ 웨이팅도 길고 또 그안"
내공 요즘 배추,phrase,3,False,1,5.0,1.5,"지나다니면서 보니 웨이팅까지 하면서?... 오늘 처음 오픈런을 해봤.... 칼국수용 김치와 숙육용 김치가 다른데 둘다 좋았다. 오랜시간동안 자연스레 쌓아온 김치내공~ 요즘 또 배추가 제일 맛있을때라 그런지 적지도 과히지도 않은 맵기에 짠기가 생배추와 맞물려 조합이 좋았다. 생배추를 내놓는 집은 무.김치에 자신이 있다는 뜻으로도 해석할 수 있겠다.... 외국인들도 찾는곳이라 그런걸 수 있겠지만 식사중 밑바닥에 깔린 머리카락의 출현에 사장님이 군말없이 수육을 새 음식으로 내어주시면서 ""죄송합니다 ""라고 하시는데~ 웨이팅도 길고 또 그안"
쌓다 김치 내공,phrase,3,False,1,5.0,1.5,"지나다니면서 보니 웨이팅까지 하면서?... 오늘 처음 오픈런을 해봤.... 칼국수용 김치와 숙육용 김치가 다른데 둘다 좋았다. 오랜시간동안 자연스레 쌓아온 김치내공~ 요즘 또 배추가 제일 맛있을때라 그런지 적지도 과히지도 않은 맵기에 짠기가 생배추와 맞물려 조합이 좋았다. 생배추를 내놓는 집은 무.김치에 자신이 있다는 뜻으로도 해석할 수 있겠다.... 외국인들도 찾는곳이라 그런걸 수 있겠지만 식사중 밑바닥에 깔린 머리카락의 출현에 사장님이 군말없이 수육을 새 음식으로 내어주시면서 ""죄송합니다 ""라고 하시는데~ 웨이팅도 길고 또 그안"
접시 중간 바꾸다,phrase,3,False,1,5.0,1.5,"지나다니면서 보니 웨이팅까지 하면서?... 오늘 처음 오픈런을 해봤.... 칼국수용 김치와 숙육용 김치가 다른데 둘다 좋았다. 오랜시간동안 자연스레 쌓아온 김치내공~ 요즘 또 배추가 제일 맛있을때라 그런지 적지도 과히지도 않은 맵기에 짠기가 생배추와 맞물려 조합이 좋았다. 생배추를 내놓는 집은 무.김치에 자신이 있다는 뜻으로도 해석할 수 있겠다.... 외국인들도 찾는곳이라 그런걸 수 있겠지만 식사중 밑바닥에 깔린 머리카락의 출현에 사장님이 군말없이 수육을 새 음식으로 내어주시면서 ""죄송합니다 ""라고 하시는데~ 웨이팅도 길고 또 그안"
손님 대하 음식,phrase,3,False,1,5.0,1.5,"지나다니면서 보니 웨이팅까지 하면서?... 오늘 처음 오픈런을 해봤.... 칼국수용 김치와 숙육용 김치가 다른데 둘다 좋았다. 오랜시간동안 자연스레 쌓아온 김치내공~ 요즘 또 배추가 제일 맛있을때라 그런지 적지도 과히지도 않은 맵기에 짠기가 생배추와 맞물려 조합이 좋았다. 생배추를 내놓는 집은 무.김치에 자신이 있다는 뜻으로도 해석할 수 있겠다.... 외국인들도 찾는곳이라 그런걸 수 있겠지만 식사중 밑바닥에 깔린 머리카락의 출현에 사장님이 군말없이 수육을 새 음식으로 내어주시면서 ""죄송합니다 ""라고 하시는데~ 웨이팅도 길고 또 그안"
오픈런 해봤다 칼국수,phrase,3,False,1,5.0,1.5,"지나다니면서 보니 웨이팅까지 하면서?... 오늘 처음 오픈런을 해봤.... 칼국수용 김치와 숙육용 김치가 다른데 둘다 좋았다. 오랜시간동안 자연스레 쌓아온 김치내공~ 요즘 또 배추가 제일 맛있을때라 그런지 적지도 과히지도 않은 맵기에 짠기가 생배추와 맞물려 조합이 좋았다. 생배추를 내놓는 집은 무.김치에 자신이 있다는 뜻으로도 해석할 수 있겠다.... 외국인들도 찾는곳이라 그런걸 수 있겠지만 식사중 밑바닥에 깔린 머리카락의 출현에 사장님이 군말없이 수육을 새 음식으로 내어주시면서 ""죄송합니다 ""라고 하시는데~ 웨이팅도 길고 또 그안"
머리카락 출현 사장,phrase,3,False,1,5.0,1.5,"지나다니면서 보니 웨이팅까지 하면서?... 오늘 처음 오픈런을 해봤.... 칼국수용 김치와 숙육용 김치가 다른데 둘다 좋았다. 오랜시간동안 자연스레 쌓아온 김치내공~ 요즘 또 배추가 제일 맛있을때라 그런지 적지도 과히지도 않은 맵기에 짠기가 생배추와 맞물려 조합이 좋았다. 생배추를 내놓는 집은 무.김치에 자신이 있다는 뜻으로도 해석할 수 있겠다.... 외국인들도 찾는곳이라 그런걸 수 있겠지만 식사중 밑바닥에 깔린 머리카락의 출현에 사장님이 군말없이 수육을 새 음식으로 내어주시면서 ""죄송합니다 ""라고 하시는데~ 웨이팅도 길고 또 그안"
군말 없이 수육,phrase,3,False,1,5.0,1.5,"지나다니면서 보니 웨이팅까지 하면서?... 오늘 처음 오픈런을 해봤.... 칼국수용 김치와 숙육용 김치가 다른데 둘다 좋았다. 오랜시간동안 자연스레 쌓아온 김치내공~ 요즘 또 배추가 제일 맛있을때라 그런지 적지도 과히지도 않은 맵기에 짠기가 생배추와 맞물려 조합이 좋았다. 생배추를 내놓는 집은 무.김치에 자신이 있다는 뜻으로도 해석할 수 있겠다.... 외국인들도 찾는곳이라 그런걸 수 있겠지만 식사중 밑바닥에 깔린 머리카락의 출현에 사장님이 군말없이 수육을 새 음식으로 내어주시면서 ""죄송합니다 ""라고 하시는데~ 웨이팅도 길고 또 그안"
맛등 여러가지 어딜,phrase,3,False,1,5.0,1.5,"지나다니면서 보니 웨이팅까지 하면서?... 오늘 처음 오픈런을 해봤.... 칼국수용 김치와 숙육용 김치가 다른데 둘다 좋았다. 오랜시간동안 자연스레 쌓아온 김치내공~ 요즘 또 배추가 제일 맛있을때라 그런지 적지도 과히지도 않은 맵기에 짠기가 생배추와 맞물려 조합이 좋았다. 생배추를 내놓는 집은 무.김치에 자신이 있다는 뜻으로도 해석할 수 있겠다.... 외국인들도 찾는곳이라 그런걸 수 있겠지만 식사중 밑바닥에 깔린 머리카락의 출현에 사장님이 군말없이 수육을 새 음식으로 내어주시면서 ""죄송합니다 ""라고 하시는데~ 웨이팅도 길고 또 그안"
해봤다 칼국수 김치,phrase,3,False,1,5.0,1.5,"지나다니면서 보니 웨이팅까지 하면서?... 오늘 처음 오픈런을 해봤.... 칼국수용 김치와 숙육용 김치가 다른데 둘다 좋았다. 오랜시간동안 자연스레 쌓아온 김치내공~ 요즘 또 배추가 제일 맛있을때라 그런지 적지도 과히지도 않은 맵기에 짠기가 생배추와 맞물려 조합이 좋았다. 생배추를 내놓는 집은 무.김치에 자신이 있다는 뜻으로도 해석할 수 있겠다.... 외국인들도 찾는곳이라 그런걸 수 있겠지만 식사중 밑바닥에 깔린 머리카락의 출현에 사장님이 군말없이 수육을 새 음식으로 내어주시면서 ""죄송합니다 ""라고 하시는데~ 웨이팅도 길고 또 그안"
김치 숙육 김치,phrase,3,False,1,5.0,1.5,"지나다니면서 보니 웨이팅까지 하면서?... 오늘 처음 오픈런을 해봤.... 칼국수용 김치와 숙육용 김치가 다른데 둘다 좋았다. 오랜시간동안 자연스레 쌓아온 김치내공~ 요즘 또 배추가 제일 맛있을때라 그런지 적지도 과히지도 않은 맵기에 짠기가 생배추와 맞물려 조합이 좋았다. 생배추를 내놓는 집은 무.김치에 자신이 있다는 뜻으로도 해석할 수 있겠다.... 외국인들도 찾는곳이라 그런걸 수 있겠지만 식사중 밑바닥에 깔린 머리카락의 출현에 사장님이 군말없이 수육을 새 음식으로 내어주시면서 ""죄송합니다 ""라고 하시는데~ 웨이팅도 길고 또 그안"
자다 맞다 문래,phrase,3,False,1,4.0,-3.0,항정살 보쌈이 부들부들 맛있었습니다. 김치도 달지도 않고 보쌈과의 조합도 잘 맞네요 문래점에서 먹고 실망했는데 본점은 다르네요 다만 규모에 비해 에어컨이 부족하여 땀흘리며 먹었네요... ㅠㅠ
본점 다르다 다만,phrase,3,False,1,4.0,-3.0,항정살 보쌈이 부들부들 맛있었습니다. 김치도 달지도 않고 보쌈과의 조합도 잘 맞네요 문래점에서 먹고 실망했는데 본점은 다르네요 다만 규모에 비해 에어컨이 부족하여 땀흘리며 먹었네요... ㅠㅠ
항정살 보쌈 부들부들,phrase,3,False,1,4.0,-3.0,항정살 보쌈이 부들부들 맛있었습니다. 김치도 달지도 않고 보쌈과의 조합도 잘 맞네요 문래점에서 먹고 실망했는데 본점은 다르네요 다만 규모에 비해 에어컨이 부족하여 땀흘리며 먹었네요... ㅠㅠ
달다 않다 보쌈,phrase,3,False,1,4.0,-3.0,항정살 보쌈이 부들부들 맛있었습니다. 김치도 달지도 않고 보쌈과의 조합도 잘 맞네요 문래점에서 먹고 실망했는데 본점은 다르네요 다만 규모에 비해 에어컨이 부족하여 땀흘리며 먹었네요... ㅠㅠ
않다 보쌈 조합,phrase,3,False,1,4.0,-3.0,항정살 보쌈이 부들부들 맛있었습니다. 김치도 달지도 않고 보쌈과의 조합도 잘 맞네요 문래점에서 먹고 실망했는데 본점은 다르네요 다만 규모에 비해 에어컨이 부족하여 땀흘리며 먹었네요... ㅠㅠ
먹다 실망하다 본점,phrase,3,False,1,4.0,-3.0,항정살 보쌈이 부들부들 맛있었습니다. 김치도 달지도 않고 보쌈과의 조합도 잘 맞네요 문래점에서 먹고 실망했는데 본점은 다르네요 다만 규모에 비해 에어컨이 부족하여 땀흘리며 먹었네요... ㅠㅠ
조합 자다 맞다,phrase,3,False,1,4.0,-3.0,항정살 보쌈이 부들부들 맛있었습니다. 김치도 달지도 않고 보쌈과의 조합도 잘 맞네요 문래점에서 먹고 실망했는데 본점은 다르네요 다만 규모에 비해 에어컨이 부족하여 땀흘리며 먹었네요... ㅠㅠ
실망하다 본점 다르다,phrase,3,False,1,4.0,-3.0,항정살 보쌈이 부들부들 맛있었습니다. 김치도 달지도 않고 보쌈과의 조합도 잘 맞네요 문래점에서 먹고 실망했는데 본점은 다르네요 다만 규모에 비해 에어컨이 부족하여 땀흘리며 먹었네요... ㅠㅠ
문래 먹다 실망하다,phrase,3,False,1,4.0,-3.0,항정살 보쌈이 부들부들 맛있었습니다. 김치도 달지도 않고 보쌈과의 조합도 잘 맞네요 문래점에서 먹고 실망했는데 본점은 다르네요 다만 규모에 비해 에어컨이 부족하여 땀흘리며 먹었네요... ㅠㅠ
규모 비다 에어컨,phrase,3,False,1,4.0,-3.0,항정살 보쌈이 부들부들 맛있었습니다. 김치도 달지도 않고 보쌈과의 조합도 잘 맞네요 문래점에서 먹고 실망했는데 본점은 다르네요 다만 규모에 비해 에어컨이 부족하여 땀흘리며 먹었네요... ㅠㅠ
부족하다 흘리다 먹다,phrase,3,False,1,4.0,-3.0,항정살 보쌈이 부들부들 맛있었습니다. 김치도 달지도 않고 보쌈과의 조합도 잘 맞네요 문래점에서 먹고 실망했는데 본점은 다르네요 다만 규모에 비해 에어컨이 부족하여 땀흘리며 먹었네요... ㅠㅠ
다르다 다만 규모,phrase,3,False,1,4.0,-3.0,항정살 보쌈이 부들부들 맛있었습니다. 김치도 달지도 않고 보쌈과의 조합도 잘 맞네요 문래점에서 먹고 실망했는데 본점은 다르네요 다만 규모에 비해 에어컨이 부족하여 땀흘리며 먹었네요... ㅠㅠ
보쌈 조합 자다,phrase,3,False,1,4.0,-3.0,항정살 보쌈이 부들부들 맛있었습니다. 김치도 달지도 않고 보쌈과의 조합도 잘 맞네요 문래점에서 먹고 실망했는데 본점은 다르네요 다만 규모에 비해 에어컨이 부족하여 땀흘리며 먹었네요... ㅠㅠ
맞다 문래 먹다,phrase,3,False,1,4.0,-3.0,항정살 보쌈이 부들부들 맛있었습니다. 김치도 달지도 않고 보쌈과의 조합도 잘 맞네요 문래점에서 먹고 실망했는데 본점은 다르네요 다만 규모에 비해 에어컨이 부족하여 땀흘리며 먹었네요... ㅠㅠ
비다 에어컨 부족하다,phrase,3,False,1,4.0,-3.0,항정살 보쌈이 부들부들 맛있었습니다. 김치도 달지도 않고 보쌈과의 조합도 잘 맞네요 문래점에서 먹고 실망했는데 본점은 다르네요 다만 규모에 비해 에어컨이 부족하여 땀흘리며 먹었네요... ㅠㅠ
다만 규모 비다,phrase,3,False,1,4.0,-3.0,항정살 보쌈이 부들부들 맛있었습니다. 김치도 달지도 않고 보쌈과의 조합도 잘 맞네요 문래점에서 먹고 실망했는데 본점은 다르네요 다만 규모에 비해 에어컨이 부족하여 땀흘리며 먹었네요... ㅠㅠ
에어컨 부족하다 흘리다,phrase,3,False,1,4.0,-3.0,항정살 보쌈이 부들부들 맛있었습니다. 김치도 달지도 않고 보쌈과의 조합도 잘 맞네요 문래점에서 먹고 실망했는데 본점은 다르네요 다만 규모에 비해 에어컨이 부족하여 땀흘리며 먹었네요... ㅠㅠ
김치 달다 않다,phrase,3,False,1,4.0,-3.0,항정살 보쌈이 부들부들 맛있었습니다. 김치도 달지도 않고 보쌈과의 조합도 잘 맞네요 문래점에서 먹고 실망했는데 본점은 다르네요 다만 규모에 비해 에어컨이 부족하여 땀흘리며 먹었네요... ㅠㅠ
비다 웨이팅 너무,phrase,3,False,1,4.0,-0.5,맛에 비해 웨이팅이 너무 길다
국물 가볍다 짜다,phrase,3,False,1,4.0,0.0,웨이팅 2시간 했습니다 신기한 맛이에요 국물맛이 가벼운데 짠 맛이 좀 강해요 김치만두는 굳이 안 먹어도 될 것 같아요 평범한 느낌
짜다 강하다 김치,phrase,3,False,1,4.0,0.0,웨이팅 2시간 했습니다 신기한 맛이에요 국물맛이 가벼운데 짠 맛이 좀 강해요 김치만두는 굳이 안 먹어도 될 것 같아요 평범한 느낌
가볍다 짜다 강하다,phrase,3,False,1,4.0,0.0,웨이팅 2시간 했습니다 신기한 맛이에요 국물맛이 가벼운데 짠 맛이 좀 강해요 김치만두는 굳이 안 먹어도 될 것 같아요 평범한 느낌
굳이 먹다 같다,phrase,3,False,1,4.0,0.0,웨이팅 2시간 했습니다 신기한 맛이에요 국물맛이 가벼운데 짠 맛이 좀 강해요 김치만두는 굳이 안 먹어도 될 것 같아요 평범한 느낌
신기하다 국물 가볍다,phrase,3,False,1,4.0,0.0,웨이팅 2시간 했습니다 신기한 맛이에요 국물맛이 가벼운데 짠 맛이 좀 강해요 김치만두는 굳이 안 먹어도 될 것 같아요 평범한 느낌
같다 평범하다 느낌,phrase,3,False,1,4.0,0.0,웨이팅 2시간 했습니다 신기한 맛이에요 국물맛이 가벼운데 짠 맛이 좀 강해요 김치만두는 굳이 안 먹어도 될 것 같아요 평범한 느낌
먹다 같다 평범하다,phrase,3,False,1,4.0,0.0,웨이팅 2시간 했습니다 신기한 맛이에요 국물맛이 가벼운데 짠 맛이 좀 강해요 김치만두는 굳이 안 먹어도 될 것 같아요 평범한 느낌
만두 굳이 먹다,phrase,3,False,1,4.0,0.0,웨이팅 2시간 했습니다 신기한 맛이에요 국물맛이 가벼운데 짠 맛이 좀 강해요 김치만두는 굳이 안 먹어도 될 것 같아요 평범한 느낌
강하다 김치 만두,phrase,3,False,1,4.0,0.0,웨이팅 2시간 했습니다 신기한 맛이에요 국물맛이 가벼운데 짠 맛이 좀 강해요 김치만두는 굳이 안 먹어도 될 것 같아요 평범한 느낌
웨이 신기하다 국물,phrase,3,False,1,4.0,0.0,웨이팅 2시간 했습니다 신기한 맛이에요 국물맛이 가벼운데 짠 맛이 좀 강해요 김치만두는 굳이 안 먹어도 될 것 같아요 평범한 느낌
김치 만두 굳이,phrase,3,False,1,4.0,0.0,웨이팅 2시간 했습니다 신기한 맛이에요 국물맛이 가벼운데 짠 맛이 좀 강해요 김치만두는 굳이 안 먹어도 될 것 같아요 평범한 느낌
이내 대기 들다,phrase,3,False,1,4.0,0.0,30분 이내 대기면 드세요. 그 이상은 좀 미묘한데 대기가 많네요. 전 110분 기다림
대기 많다 기다림,phrase,3,False,1,4.0,0.0,30분 이내 대기면 드세요. 그 이상은 좀 미묘한데 대기가 많네요. 전 110분 기다림
이상은 미묘하다 대기,phrase,3,False,1,4.0,0.0,30분 이내 대기면 드세요. 그 이상은 좀 미묘한데 대기가 많네요. 전 110분 기다림
들다 이상은 미묘하다,phrase,3,False,1,4.0,0.0,30분 이내 대기면 드세요. 그 이상은 좀 미묘한데 대기가 많네요. 전 110분 기다림
미묘하다 대기 많다,phrase,3,False,1,4.0,0.0,30분 이내 대기면 드세요. 그 이상은 좀 미묘한데 대기가 많네요. 전 110분 기다림
대기 들다 이상은,phrase,3,False,1,4.0,0.0,30분 이내 대기면 드세요. 그 이상은 좀 미묘한데 대기가 많네요. 전 110분 기다림
평양 냉면 다만,phrase,3,False,1,4.0,0.0,그냥 준수하게 잘 만든 평양냉면이다. 다만 굳이 간다면 을밀대를 갈 거 같다. 아니면 진미나.
다만 굳이 간다,phrase,3,False,1,4.0,0.0,그냥 준수하게 잘 만든 평양냉면이다. 다만 굳이 간다면 을밀대를 갈 거 같다. 아니면 진미나.
갈다 같다 아니다,phrase,3,False,1,4.0,0.0,그냥 준수하게 잘 만든 평양냉면이다. 다만 굳이 간다면 을밀대를 갈 거 같다. 아니면 진미나.
만들다 평양 냉면,phrase,3,False,1,4.0,0.0,그냥 준수하게 잘 만든 평양냉면이다. 다만 굳이 간다면 을밀대를 갈 거 같다. 아니면 진미나.
자다 만들다 평양,phrase,3,False,1,4.0,0.0,그냥 준수하게 잘 만든 평양냉면이다. 다만 굳이 간다면 을밀대를 갈 거 같다. 아니면 진미나.
굳이 간다 을밀대,phrase,3,False,1,4.0,0.0,그냥 준수하게 잘 만든 평양냉면이다. 다만 굳이 간다면 을밀대를 갈 거 같다. 아니면 진미나.
간다 을밀대 갈다,phrase,3,False,1,4.0,0.0,그냥 준수하게 잘 만든 평양냉면이다. 다만 굳이 간다면 을밀대를 갈 거 같다. 아니면 진미나.
같다 아니다 진미,phrase,3,False,1,4.0,0.0,그냥 준수하게 잘 만든 평양냉면이다. 다만 굳이 간다면 을밀대를 갈 거 같다. 아니면 진미나.
을밀대 갈다 같다,phrase,3,False,1,4.0,0.0,그냥 준수하게 잘 만든 평양냉면이다. 다만 굳이 간다면 을밀대를 갈 거 같다. 아니면 진미나.
냉면 다만 굳이,phrase,3,False,1,4.0,0.0,그냥 준수하게 잘 만든 평양냉면이다. 다만 굳이 간다면 을밀대를 갈 거 같다. 아니면 진미나.
준수 자다 만들다,phrase,3,False,1,4.0,0.0,그냥 준수하게 잘 만든 평양냉면이다. 다만 굳이 간다면 을밀대를 갈 거 같다. 아니면 진미나.
그냥 준수 자다,phrase,3,False,1,4.0,0.0,그냥 준수하게 잘 만든 평양냉면이다. 다만 굳이 간다면 을밀대를 갈 거 같다. 아니면 진미나.
나오다 사람 미치다,phrase,3,False,1,4.0,-1.0,주사위 굴리듯 육수맛이 변합니다. 평균적으로 5가 나오고요.. 가끔 6나오면 사람 미칩니다. 2나 3이 나올 땐 아쉬운 마음 가득..
미치다 나오다 아쉽다,phrase,3,False,1,4.0,-1.0,주사위 굴리듯 육수맛이 변합니다. 평균적으로 5가 나오고요.. 가끔 6나오면 사람 미칩니다. 2나 3이 나올 땐 아쉬운 마음 가득..
가끔 나오다 사람,phrase,3,False,1,4.0,-1.0,주사위 굴리듯 육수맛이 변합니다. 평균적으로 5가 나오고요.. 가끔 6나오면 사람 미칩니다. 2나 3이 나올 땐 아쉬운 마음 가득..
가다 나오다 가끔,phrase,3,False,1,4.0,-1.0,주사위 굴리듯 육수맛이 변합니다. 평균적으로 5가 나오고요.. 가끔 6나오면 사람 미칩니다. 2나 3이 나올 땐 아쉬운 마음 가득..
아쉽다 마음 가득,phrase,3,False,1,4.0,-1.0,주사위 굴리듯 육수맛이 변합니다. 평균적으로 5가 나오고요.. 가끔 6나오면 사람 미칩니다. 2나 3이 나올 땐 아쉬운 마음 가득..
평균 가다 나오다,phrase,3,False,1,4.0,-1.0,주사위 굴리듯 육수맛이 변합니다. 평균적으로 5가 나오고요.. 가끔 6나오면 사람 미칩니다. 2나 3이 나올 땐 아쉬운 마음 가득..
변하다 평균 가다,phrase,3,False,1,4.0,-1.0,주사위 굴리듯 육수맛이 변합니다. 평균적으로 5가 나오고요.. 가끔 6나오면 사람 미칩니다. 2나 3이 나올 땐 아쉬운 마음 가득..
사람 미치다 나오다,phrase,3,False,1,4.0,-1.0,주사위 굴리듯 육수맛이 변합니다. 평균적으로 5가 나오고요.. 가끔 6나오면 사람 미칩니다. 2나 3이 나올 땐 아쉬운 마음 가득..
굳다 변하다 평균,phrase,3,False,1,4.0,-1.0,주사위 굴리듯 육수맛이 변합니다. 평균적으로 5가 나오고요.. 가끔 6나오면 사람 미칩니다. 2나 3이 나올 땐 아쉬운 마음 가득..
나오다 아쉽다 마음,phrase,3,False,1,4.0,-1.0,주사위 굴리듯 육수맛이 변합니다. 평균적으로 5가 나오고요.. 가끔 6나오면 사람 미칩니다. 2나 3이 나올 땐 아쉬운 마음 가득..
나오다 가끔 나오다,phrase,3,False,1,4.0,-1.0,주사위 굴리듯 육수맛이 변합니다. 평균적으로 5가 나오고요.. 가끔 6나오면 사람 미칩니다. 2나 3이 나올 땐 아쉬운 마음 가득..
주사위 굳다 변하다,phrase,3,False,1,4.0,-1.0,주사위 굴리듯 육수맛이 변합니다. 평균적으로 5가 나오고요.. 가끔 6나오면 사람 미칩니다. 2나 3이 나올 땐 아쉬운 마음 가득..
먹다 염리동 루트,phrase,3,False,1,4.0,0.0,엄마가 제일 좋아하는 평냉집! 둘이 가서 평냉 하나에 빈대떡 하나 시켜 나눠먹고 후식으로 옆에 꽈배기집에서 통모짜핫도그 먹으면 갓벽한 염리동 루트
시키다 나누다 먹다,phrase,3,False,1,4.0,0.0,엄마가 제일 좋아하는 평냉집! 둘이 가서 평냉 하나에 빈대떡 하나 시켜 나눠먹고 후식으로 옆에 꽈배기집에서 통모짜핫도그 먹으면 갓벽한 염리동 루트
빈대떡 하나 시키다,phrase,3,False,1,4.0,0.0,엄마가 제일 좋아하는 평냉집! 둘이 가서 평냉 하나에 빈대떡 하나 시켜 나눠먹고 후식으로 옆에 꽈배기집에서 통모짜핫도그 먹으면 갓벽한 염리동 루트
꽈배기 통모 짜다,phrase,3,False,1,4.0,0.0,엄마가 제일 좋아하는 평냉집! 둘이 가서 평냉 하나에 빈대떡 하나 시켜 나눠먹고 후식으로 옆에 꽈배기집에서 통모짜핫도그 먹으면 갓벽한 염리동 루트
먹다 후식 꽈배기,phrase,3,False,1,4.0,0.0,엄마가 제일 좋아하는 평냉집! 둘이 가서 평냉 하나에 빈대떡 하나 시켜 나눠먹고 후식으로 옆에 꽈배기집에서 통모짜핫도그 먹으면 갓벽한 염리동 루트
핫도그 먹다 염리동,phrase,3,False,1,4.0,0.0,엄마가 제일 좋아하는 평냉집! 둘이 가서 평냉 하나에 빈대떡 하나 시켜 나눠먹고 후식으로 옆에 꽈배기집에서 통모짜핫도그 먹으면 갓벽한 염리동 루트
나누다 먹다 후식,phrase,3,False,1,4.0,0.0,엄마가 제일 좋아하는 평냉집! 둘이 가서 평냉 하나에 빈대떡 하나 시켜 나눠먹고 후식으로 옆에 꽈배기집에서 통모짜핫도그 먹으면 갓벽한 염리동 루트
후식 꽈배기 통모,phrase,3,False,1,4.0,0.0,엄마가 제일 좋아하는 평냉집! 둘이 가서 평냉 하나에 빈대떡 하나 시켜 나눠먹고 후식으로 옆에 꽈배기집에서 통모짜핫도그 먹으면 갓벽한 염리동 루트
가다 평냉 하나,phrase,3,False,1,4.0,0.0,엄마가 제일 좋아하는 평냉집! 둘이 가서 평냉 하나에 빈대떡 하나 시켜 나눠먹고 후식으로 옆에 꽈배기집에서 통모짜핫도그 먹으면 갓벽한 염리동 루트
하나 빈대떡 하나,phrase,3,False,1,4.0,0.0,엄마가 제일 좋아하는 평냉집! 둘이 가서 평냉 하나에 빈대떡 하나 시켜 나눠먹고 후식으로 옆에 꽈배기집에서 통모짜핫도그 먹으면 갓벽한 염리동 루트
하나 시키다 나누다,phrase,3,False,1,4.0,0.0,엄마가 제일 좋아하는 평냉집! 둘이 가서 평냉 하나에 빈대떡 하나 시켜 나눠먹고 후식으로 옆에 꽈배기집에서 통모짜핫도그 먹으면 갓벽한 염리동 루트
짜다 핫도그 먹다,phrase,3,False,1,4.0,0.0,엄마가 제일 좋아하는 평냉집! 둘이 가서 평냉 하나에 빈대떡 하나 시켜 나눠먹고 후식으로 옆에 꽈배기집에서 통모짜핫도그 먹으면 갓벽한 염리동 루트
평냉 하나 빈대떡,phrase,3,False,1,4.0,0.0,엄마가 제일 좋아하는 평냉집! 둘이 가서 평냉 하나에 빈대떡 하나 시켜 나눠먹고 후식으로 옆에 꽈배기집에서 통모짜핫도그 먹으면 갓벽한 염리동 루트
평냉집 가다 평냉,phrase,3,False,1,4.0,0.0,엄마가 제일 좋아하는 평냉집! 둘이 가서 평냉 하나에 빈대떡 하나 시켜 나눠먹고 후식으로 옆에 꽈배기집에서 통모짜핫도그 먹으면 갓벽한 염리동 루트
통모 짜다 핫도그,phrase,3,False,1,4.0,0.0,엄마가 제일 좋아하는 평냉집! 둘이 가서 평냉 하나에 빈대떡 하나 시켜 나눠먹고 후식으로 옆에 꽈배기집에서 통모짜핫도그 먹으면 갓벽한 염리동 루트
질겨 가위 주다,phrase,3,False,1,4.0,0.0,메밀향 너무 진하고 면이 너무 질겨서 가위를 주셨다 맛은 있었지만 내타입은 아닌걸로…
메밀 너무 진하다,phrase,3,False,1,4.0,0.0,메밀향 너무 진하고 면이 너무 질겨서 가위를 주셨다 맛은 있었지만 내타입은 아닌걸로…
주다 타입 아니다,phrase,3,False,1,4.0,0.0,메밀향 너무 진하고 면이 너무 질겨서 가위를 주셨다 맛은 있었지만 내타입은 아닌걸로…
너무 진하다 너무,phrase,3,False,1,4.0,0.0,메밀향 너무 진하고 면이 너무 질겨서 가위를 주셨다 맛은 있었지만 내타입은 아닌걸로…
진하다 너무 질겨,phrase,3,False,1,4.0,0.0,메밀향 너무 진하고 면이 너무 질겨서 가위를 주셨다 맛은 있었지만 내타입은 아닌걸로…
가위 주다 타입,phrase,3,False,1,4.0,0.0,메밀향 너무 진하고 면이 너무 질겨서 가위를 주셨다 맛은 있었지만 내타입은 아닌걸로…
너무 질겨 가위,phrase,3,False,1,4.0,0.0,메밀향 너무 진하고 면이 너무 질겨서 가위를 주셨다 맛은 있었지만 내타입은 아닌걸로…
모르다 그건 자다,phrase,3,False,1,4.0,-0.5,솔직히 평양냉면 잘 몰라서 그건 잘 모르겠고요 녹두전이 그으냥 Meechin-nom임 근데? 너무 비싸 앤드 평일 점심시간에 50분 기다려야 한다는 사실..
평양 냉면 자다,phrase,3,False,1,4.0,-0.5,솔직히 평양냉면 잘 몰라서 그건 잘 모르겠고요 녹두전이 그으냥 Meechin-nom임 근데? 너무 비싸 앤드 평일 점심시간에 50분 기다려야 한다는 사실..
앤드 평일 점심시간,phrase,3,False,1,4.0,-0.5,솔직히 평양냉면 잘 몰라서 그건 잘 모르겠고요 녹두전이 그으냥 Meechin-nom임 근데? 너무 비싸 앤드 평일 점심시간에 50분 기다려야 한다는 사실..
모르다 녹두 전이,phrase,3,False,1,4.0,-0.5,솔직히 평양냉면 잘 몰라서 그건 잘 모르겠고요 녹두전이 그으냥 Meechin-nom임 근데? 너무 비싸 앤드 평일 점심시간에 50분 기다려야 한다는 사실..
자다 모르다 그건,phrase,3,False,1,4.0,-0.5,솔직히 평양냉면 잘 몰라서 그건 잘 모르겠고요 녹두전이 그으냥 Meechin-nom임 근데? 너무 비싸 앤드 평일 점심시간에 50분 기다려야 한다는 사실..
녹두 전이 그으,phrase,3,False,1,4.0,-0.5,솔직히 평양냉면 잘 몰라서 그건 잘 모르겠고요 녹두전이 그으냥 Meechin-nom임 근데? 너무 비싸 앤드 평일 점심시간에 50분 기다려야 한다는 사실..
너무 비싸다 앤드,phrase,3,False,1,4.0,-0.5,솔직히 평양냉면 잘 몰라서 그건 잘 모르겠고요 녹두전이 그으냥 Meechin-nom임 근데? 너무 비싸 앤드 평일 점심시간에 50분 기다려야 한다는 사실..
점심시간 기다리다 사실,phrase,3,False,1,4.0,-0.5,솔직히 평양냉면 잘 몰라서 그건 잘 모르겠고요 녹두전이 그으냥 Meechin-nom임 근데? 너무 비싸 앤드 평일 점심시간에 50분 기다려야 한다는 사실..
근데 너무 비싸다,phrase,3,False,1,4.0,-0.5,솔직히 평양냉면 잘 몰라서 그건 잘 모르겠고요 녹두전이 그으냥 Meechin-nom임 근데? 너무 비싸 앤드 평일 점심시간에 50분 기다려야 한다는 사실..
비싸다 앤드 평일,phrase,3,False,1,4.0,-0.5,솔직히 평양냉면 잘 몰라서 그건 잘 모르겠고요 녹두전이 그으냥 Meechin-nom임 근데? 너무 비싸 앤드 평일 점심시간에 50분 기다려야 한다는 사실..
자다 모르다 녹두,phrase,3,False,1,4.0,-0.5,솔직히 평양냉면 잘 몰라서 그건 잘 모르겠고요 녹두전이 그으냥 Meechin-nom임 근데? 너무 비싸 앤드 평일 점심시간에 50분 기다려야 한다는 사실..
평일 점심시간 기다리다,phrase,3,False,1,4.0,-0.5,솔직히 평양냉면 잘 몰라서 그건 잘 모르겠고요 녹두전이 그으냥 Meechin-nom임 근데? 너무 비싸 앤드 평일 점심시간에 50분 기다려야 한다는 사실..
솔직하다 평양 냉면,phrase,3,False,1,4.0,-0.5,솔직히 평양냉면 잘 몰라서 그건 잘 모르겠고요 녹두전이 그으냥 Meechin-nom임 근데? 너무 비싸 앤드 평일 점심시간에 50분 기다려야 한다는 사실..
그으 근데 너무,phrase,3,False,1,4.0,-0.5,솔직히 평양냉면 잘 몰라서 그건 잘 모르겠고요 녹두전이 그으냥 Meechin-nom임 근데? 너무 비싸 앤드 평일 점심시간에 50분 기다려야 한다는 사실..
냉면 자다 모르다,phrase,3,False,1,4.0,-0.5,솔직히 평양냉면 잘 몰라서 그건 잘 모르겠고요 녹두전이 그으냥 Meechin-nom임 근데? 너무 비싸 앤드 평일 점심시간에 50분 기다려야 한다는 사실..
그건 자다 모르다,phrase,3,False,1,4.0,-0.5,솔직히 평양냉면 잘 몰라서 그건 잘 모르겠고요 녹두전이 그으냥 Meechin-nom임 근데? 너무 비싸 앤드 평일 점심시간에 50분 기다려야 한다는 사실..
전이 그으 근데,phrase,3,False,1,4.0,-0.5,솔직히 평양냉면 잘 몰라서 그건 잘 모르겠고요 녹두전이 그으냥 Meechin-nom임 근데? 너무 비싸 앤드 평일 점심시간에 50분 기다려야 한다는 사실..
만들다 워낙 취향,phrase,3,False,1,4.0,0.0,필O면옥 생각하고 먹었는데 저는 생각보다 걸레빤 향+고기육향이 너무 나서 겨우 먹고 나왔어요ㅠ 속이 비리더라구요... 면은 정말 잘만들었어요. 워낙 취향 타는 게 평냉이라 갠적 소감만 남깁니다.
겨우 먹다 나오다,phrase,3,False,1,4.0,0.0,필O면옥 생각하고 먹었는데 저는 생각보다 걸레빤 향+고기육향이 너무 나서 겨우 먹고 나왔어요ㅠ 속이 비리더라구요... 면은 정말 잘만들었어요. 워낙 취향 타는 게 평냉이라 갠적 소감만 남깁니다.
냉이 소감 남기다,phrase,3,False,1,4.0,0.0,필O면옥 생각하고 먹었는데 저는 생각보다 걸레빤 향+고기육향이 너무 나서 겨우 먹고 나왔어요ㅠ 속이 비리더라구요... 면은 정말 잘만들었어요. 워낙 취향 타는 게 평냉이라 갠적 소감만 남깁니다.
너무 나서다 겨우,phrase,3,False,1,4.0,0.0,필O면옥 생각하고 먹었는데 저는 생각보다 걸레빤 향+고기육향이 너무 나서 겨우 먹고 나왔어요ㅠ 속이 비리더라구요... 면은 정말 잘만들었어요. 워낙 취향 타는 게 평냉이라 갠적 소감만 남깁니다.
먹다 나오다 속이다,phrase,3,False,1,4.0,0.0,필O면옥 생각하고 먹었는데 저는 생각보다 걸레빤 향+고기육향이 너무 나서 겨우 먹고 나왔어요ㅠ 속이 비리더라구요... 면은 정말 잘만들었어요. 워낙 취향 타는 게 평냉이라 갠적 소감만 남깁니다.
걸레 빨다 너무,phrase,3,False,1,4.0,0.0,필O면옥 생각하고 먹었는데 저는 생각보다 걸레빤 향+고기육향이 너무 나서 겨우 먹고 나왔어요ㅠ 속이 비리더라구요... 면은 정말 잘만들었어요. 워낙 취향 타는 게 평냉이라 갠적 소감만 남깁니다.
정말 만들다 워낙,phrase,3,False,1,4.0,0.0,필O면옥 생각하고 먹었는데 저는 생각보다 걸레빤 향+고기육향이 너무 나서 겨우 먹고 나왔어요ㅠ 속이 비리더라구요... 면은 정말 잘만들었어요. 워낙 취향 타는 게 평냉이라 갠적 소감만 남깁니다.
비리다 정말 만들다,phrase,3,False,1,4.0,0.0,필O면옥 생각하고 먹었는데 저는 생각보다 걸레빤 향+고기육향이 너무 나서 겨우 먹고 나왔어요ㅠ 속이 비리더라구요... 면은 정말 잘만들었어요. 워낙 취향 타는 게 평냉이라 갠적 소감만 남깁니다.
면옥 생각 먹다,phrase,3,False,1,4.0,0.0,필O면옥 생각하고 먹었는데 저는 생각보다 걸레빤 향+고기육향이 너무 나서 겨우 먹고 나왔어요ㅠ 속이 비리더라구요... 면은 정말 잘만들었어요. 워낙 취향 타는 게 평냉이라 갠적 소감만 남깁니다.
취향 타다 냉이,phrase,3,False,1,4.0,0.0,필O면옥 생각하고 먹었는데 저는 생각보다 걸레빤 향+고기육향이 너무 나서 겨우 먹고 나왔어요ㅠ 속이 비리더라구요... 면은 정말 잘만들었어요. 워낙 취향 타는 게 평냉이라 갠적 소감만 남깁니다.
빨다 너무 나서다,phrase,3,False,1,4.0,0.0,필O면옥 생각하고 먹었는데 저는 생각보다 걸레빤 향+고기육향이 너무 나서 겨우 먹고 나왔어요ㅠ 속이 비리더라구요... 면은 정말 잘만들었어요. 워낙 취향 타는 게 평냉이라 갠적 소감만 남깁니다.
워낙 취향 타다,phrase,3,False,1,4.0,0.0,필O면옥 생각하고 먹었는데 저는 생각보다 걸레빤 향+고기육향이 너무 나서 겨우 먹고 나왔어요ㅠ 속이 비리더라구요... 면은 정말 잘만들었어요. 워낙 취향 타는 게 평냉이라 갠적 소감만 남깁니다.
나서다 겨우 먹다,phrase,3,False,1,4.0,0.0,필O면옥 생각하고 먹었는데 저는 생각보다 걸레빤 향+고기육향이 너무 나서 겨우 먹고 나왔어요ㅠ 속이 비리더라구요... 면은 정말 잘만들었어요. 워낙 취향 타는 게 평냉이라 갠적 소감만 남깁니다.
속이다 비리다 정말,phrase,3,False,1,4.0,0.0,필O면옥 생각하고 먹었는데 저는 생각보다 걸레빤 향+고기육향이 너무 나서 겨우 먹고 나왔어요ㅠ 속이 비리더라구요... 면은 정말 잘만들었어요. 워낙 취향 타는 게 평냉이라 갠적 소감만 남깁니다.
먹다 생각 걸레,phrase,3,False,1,4.0,0.0,필O면옥 생각하고 먹었는데 저는 생각보다 걸레빤 향+고기육향이 너무 나서 겨우 먹고 나왔어요ㅠ 속이 비리더라구요... 면은 정말 잘만들었어요. 워낙 취향 타는 게 평냉이라 갠적 소감만 남깁니다.
타다 냉이 소감,phrase,3,False,1,4.0,0.0,필O면옥 생각하고 먹었는데 저는 생각보다 걸레빤 향+고기육향이 너무 나서 겨우 먹고 나왔어요ㅠ 속이 비리더라구요... 면은 정말 잘만들었어요. 워낙 취향 타는 게 평냉이라 갠적 소감만 남깁니다.
생각 걸레 빨다,phrase,3,False,1,4.0,0.0,필O면옥 생각하고 먹었는데 저는 생각보다 걸레빤 향+고기육향이 너무 나서 겨우 먹고 나왔어요ㅠ 속이 비리더라구요... 면은 정말 잘만들었어요. 워낙 취향 타는 게 평냉이라 갠적 소감만 남깁니다.
생각 먹다 생각,phrase,3,False,1,4.0,0.0,필O면옥 생각하고 먹었는데 저는 생각보다 걸레빤 향+고기육향이 너무 나서 겨우 먹고 나왔어요ㅠ 속이 비리더라구요... 면은 정말 잘만들었어요. 워낙 취향 타는 게 평냉이라 갠적 소감만 남깁니다.
나오다 속이다 비리다,phrase,3,False,1,4.0,0.0,필O면옥 생각하고 먹었는데 저는 생각보다 걸레빤 향+고기육향이 너무 나서 겨우 먹고 나왔어요ㅠ 속이 비리더라구요... 면은 정말 잘만들었어요. 워낙 취향 타는 게 평냉이라 갠적 소감만 남깁니다.
같다 다만 가격,phrase,3,False,1,4.0,-2.5,평냉 입문자라 대단히 맛있고 맛 없고를 분간하기 어려운데.. 먹을수록 맛있는 것 같아요....! 다만 가격이 비싼 느낌 ㅎ.ㅎ
다만 가격 비싸다,phrase,3,False,1,4.0,-2.5,평냉 입문자라 대단히 맛있고 맛 없고를 분간하기 어려운데.. 먹을수록 맛있는 것 같아요....! 다만 가격이 비싼 느낌 ㅎ.ㅎ
평냉 입문 자라,phrase,3,False,1,4.0,-2.5,평냉 입문자라 대단히 맛있고 맛 없고를 분간하기 어려운데.. 먹을수록 맛있는 것 같아요....! 다만 가격이 비싼 느낌 ㅎ.ㅎ
가격 비싸다 느낌,phrase,3,False,1,4.0,-2.5,평냉 입문자라 대단히 맛있고 맛 없고를 분간하기 어려운데.. 먹을수록 맛있는 것 같아요....! 다만 가격이 비싼 느낌 ㅎ.ㅎ
입문 자라 대단하다,phrase,3,False,1,4.0,-2.5,평냉 입문자라 대단히 맛있고 맛 없고를 분간하기 어려운데.. 먹을수록 맛있는 것 같아요....! 다만 가격이 비싼 느낌 ㅎ.ㅎ
분간 어렵다 먹다,phrase,3,False,1,4.0,-2.5,평냉 입문자라 대단히 맛있고 맛 없고를 분간하기 어려운데.. 먹을수록 맛있는 것 같아요....! 다만 가격이 비싼 느낌 ㅎ.ㅎ
들어서다 다른 평냉집,phrase,3,False,1,4.0,0.0,그래 여긴 킹정이지 인정. 을밀대는 을밀대지 기본값 톡톡히 함 가격은 ...이제 그만 올려요 이러다 다 죽어.. + 입문자 테스트용으로 지인들 데려가곤 하는데 최근 들어서는 다른 평냉집보다 타율이 떨어지는 것 같기도.
인정 을밀대 을밀대,phrase,3,False,1,4.0,0.0,그래 여긴 킹정이지 인정. 을밀대는 을밀대지 기본값 톡톡히 함 가격은 ...이제 그만 올려요 이러다 다 죽어.. + 입문자 테스트용으로 지인들 데려가곤 하는데 최근 들어서는 다른 평냉집보다 타율이 떨어지는 것 같기도.
이르다 죽다 입문,phrase,3,False,1,4.0,0.0,그래 여긴 킹정이지 인정. 을밀대는 을밀대지 기본값 톡톡히 함 가격은 ...이제 그만 올려요 이러다 다 죽어.. + 입문자 테스트용으로 지인들 데려가곤 하는데 최근 들어서는 다른 평냉집보다 타율이 떨어지는 것 같기도.
을밀대 기본 톡톡하다,phrase,3,False,1,4.0,0.0,그래 여긴 킹정이지 인정. 을밀대는 을밀대지 기본값 톡톡히 함 가격은 ...이제 그만 올려요 이러다 다 죽어.. + 입문자 테스트용으로 지인들 데려가곤 하는데 최근 들어서는 다른 평냉집보다 타율이 떨어지는 것 같기도.
테스트 지인 데려가다,phrase,3,False,1,4.0,0.0,그래 여긴 킹정이지 인정. 을밀대는 을밀대지 기본값 톡톡히 함 가격은 ...이제 그만 올려요 이러다 다 죽어.. + 입문자 테스트용으로 지인들 데려가곤 하는데 최근 들어서는 다른 평냉집보다 타율이 떨어지는 것 같기도.
그만 올리다 이르다,phrase,3,False,1,4.0,0.0,그래 여긴 킹정이지 인정. 을밀대는 을밀대지 기본값 톡톡히 함 가격은 ...이제 그만 올려요 이러다 다 죽어.. + 입문자 테스트용으로 지인들 데려가곤 하는데 최근 들어서는 다른 평냉집보다 타율이 떨어지는 것 같기도.
톡톡하다 가격 이제,phrase,3,False,1,4.0,0.0,그래 여긴 킹정이지 인정. 을밀대는 을밀대지 기본값 톡톡히 함 가격은 ...이제 그만 올려요 이러다 다 죽어.. + 입문자 테스트용으로 지인들 데려가곤 하는데 최근 들어서는 다른 평냉집보다 타율이 떨어지는 것 같기도.
여기다 정이지 인정,phrase,3,False,1,4.0,0.0,그래 여긴 킹정이지 인정. 을밀대는 을밀대지 기본값 톡톡히 함 가격은 ...이제 그만 올려요 이러다 다 죽어.. + 입문자 테스트용으로 지인들 데려가곤 하는데 최근 들어서는 다른 평냉집보다 타율이 떨어지는 것 같기도.
입문 테스트 지인,phrase,3,False,1,4.0,0.0,그래 여긴 킹정이지 인정. 을밀대는 을밀대지 기본값 톡톡히 함 가격은 ...이제 그만 올려요 이러다 다 죽어.. + 입문자 테스트용으로 지인들 데려가곤 하는데 최근 들어서는 다른 평냉집보다 타율이 떨어지는 것 같기도.
죽다 입문 테스트,phrase,3,False,1,4.0,0.0,그래 여긴 킹정이지 인정. 을밀대는 을밀대지 기본값 톡톡히 함 가격은 ...이제 그만 올려요 이러다 다 죽어.. + 입문자 테스트용으로 지인들 데려가곤 하는데 최근 들어서는 다른 평냉집보다 타율이 떨어지는 것 같기도.
데려가다 최근 들어서다,phrase,3,False,1,4.0,0.0,그래 여긴 킹정이지 인정. 을밀대는 을밀대지 기본값 톡톡히 함 가격은 ...이제 그만 올려요 이러다 다 죽어.. + 입문자 테스트용으로 지인들 데려가곤 하는데 최근 들어서는 다른 평냉집보다 타율이 떨어지는 것 같기도.
가격 이제 그만,phrase,3,False,1,4.0,0.0,그래 여긴 킹정이지 인정. 을밀대는 을밀대지 기본값 톡톡히 함 가격은 ...이제 그만 올려요 이러다 다 죽어.. + 입문자 테스트용으로 지인들 데려가곤 하는데 최근 들어서는 다른 평냉집보다 타율이 떨어지는 것 같기도.
올리다 이르다 죽다,phrase,3,False,1,4.0,0.0,그래 여긴 킹정이지 인정. 을밀대는 을밀대지 기본값 톡톡히 함 가격은 ...이제 그만 올려요 이러다 다 죽어.. + 입문자 테스트용으로 지인들 데려가곤 하는데 최근 들어서는 다른 평냉집보다 타율이 떨어지는 것 같기도.
이제 그만 올리다,phrase,3,False,1,4.0,0.0,그래 여긴 킹정이지 인정. 을밀대는 을밀대지 기본값 톡톡히 함 가격은 ...이제 그만 올려요 이러다 다 죽어.. + 입문자 테스트용으로 지인들 데려가곤 하는데 최근 들어서는 다른 평냉집보다 타율이 떨어지는 것 같기도.
평냉집 타율 떨어지다,phrase,3,False,1,4.0,0.0,그래 여긴 킹정이지 인정. 을밀대는 을밀대지 기본값 톡톡히 함 가격은 ...이제 그만 올려요 이러다 다 죽어.. + 입문자 테스트용으로 지인들 데려가곤 하는데 최근 들어서는 다른 평냉집보다 타율이 떨어지는 것 같기도.
그렇다 여기다 정이지,phrase,3,False,1,4.0,0.0,그래 여긴 킹정이지 인정. 을밀대는 을밀대지 기본값 톡톡히 함 가격은 ...이제 그만 올려요 이러다 다 죽어.. + 입문자 테스트용으로 지인들 데려가곤 하는데 최근 들어서는 다른 평냉집보다 타율이 떨어지는 것 같기도.
지인 데려가다 최근,phrase,3,False,1,4.0,0.0,그래 여긴 킹정이지 인정. 을밀대는 을밀대지 기본값 톡톡히 함 가격은 ...이제 그만 올려요 이러다 다 죽어.. + 입문자 테스트용으로 지인들 데려가곤 하는데 최근 들어서는 다른 평냉집보다 타율이 떨어지는 것 같기도.
정이지 인정 을밀대,phrase,3,False,1,4.0,0.0,그래 여긴 킹정이지 인정. 을밀대는 을밀대지 기본값 톡톡히 함 가격은 ...이제 그만 올려요 이러다 다 죽어.. + 입문자 테스트용으로 지인들 데려가곤 하는데 최근 들어서는 다른 평냉집보다 타율이 떨어지는 것 같기도.
다른 평냉집 타율,phrase,3,False,1,4.0,0.0,그래 여긴 킹정이지 인정. 을밀대는 을밀대지 기본값 톡톡히 함 가격은 ...이제 그만 올려요 이러다 다 죽어.. + 입문자 테스트용으로 지인들 데려가곤 하는데 최근 들어서는 다른 평냉집보다 타율이 떨어지는 것 같기도.
을밀대 을밀대 기본,phrase,3,False,1,4.0,0.0,그래 여긴 킹정이지 인정. 을밀대는 을밀대지 기본값 톡톡히 함 가격은 ...이제 그만 올려요 이러다 다 죽어.. + 입문자 테스트용으로 지인들 데려가곤 하는데 최근 들어서는 다른 평냉집보다 타율이 떨어지는 것 같기도.
최근 들어서다 다른,phrase,3,False,1,4.0,0.0,그래 여긴 킹정이지 인정. 을밀대는 을밀대지 기본값 톡톡히 함 가격은 ...이제 그만 올려요 이러다 다 죽어.. + 입문자 테스트용으로 지인들 데려가곤 하는데 최근 들어서는 다른 평냉집보다 타율이 떨어지는 것 같기도.
타율 떨어지다 같다,phrase,3,False,1,4.0,0.0,그래 여긴 킹정이지 인정. 을밀대는 을밀대지 기본값 톡톡히 함 가격은 ...이제 그만 올려요 이러다 다 죽어.. + 입문자 테스트용으로 지인들 데려가곤 하는데 최근 들어서는 다른 평냉집보다 타율이 떨어지는 것 같기도.
기본 톡톡하다 가격,phrase,3,False,1,4.0,0.0,그래 여긴 킹정이지 인정. 을밀대는 을밀대지 기본값 톡톡히 함 가격은 ...이제 그만 올려요 이러다 다 죽어.. + 입문자 테스트용으로 지인들 데려가곤 하는데 최근 들어서는 다른 평냉집보다 타율이 떨어지는 것 같기도.
김치 매우 아쉽다,phrase,3,False,1,4.0,-1.0,아주 맛있어요! 다만 김치가 매우 아쉬운 맛입니다 …
매우 아쉽다 이다,phrase,3,False,1,4.0,-1.0,아주 맛있어요! 다만 김치가 매우 아쉬운 맛입니다 …
다만 김치 매우,phrase,3,False,1,4.0,-1.0,아주 맛있어요! 다만 김치가 매우 아쉬운 맛입니다 …
정도 전혀 아니다,phrase,3,False,1,4.0,0.0,그냥 그래요~ 웨이팅 할 정도 전혀 아님
그냥 그렇다 웨이,phrase,3,False,1,4.0,0.0,그냥 그래요~ 웨이팅 할 정도 전혀 아님
웨이 정도 전혀,phrase,3,False,1,4.0,0.0,그냥 그래요~ 웨이팅 할 정도 전혀 아님
그렇다 웨이 정도,phrase,3,False,1,4.0,0.0,그냥 그래요~ 웨이팅 할 정도 전혀 아님
식다 음식 식다,phrase,3,False,1,4.0,-3.0,아구힘 센 분이라면 뼈해장국 추천. 저는 뜯다가 국물이 좀 식었는데 음식이 식으면서 누린내가 꽤 났습니다. 우거지도 많이 주문하시던데 우거지 좀 궁금하네요. 허나 너무 바쁜 매장이라 먹을 수 있을지 걱정.
허다 너무 바쁘다,phrase,3,False,1,4.0,-3.0,아구힘 센 분이라면 뼈해장국 추천. 저는 뜯다가 국물이 좀 식었는데 음식이 식으면서 누린내가 꽤 났습니다. 우거지도 많이 주문하시던데 우거지 좀 궁금하네요. 허나 너무 바쁜 매장이라 먹을 수 있을지 걱정.
우거지 많이 주문,phrase,3,False,1,4.0,-3.0,아구힘 센 분이라면 뼈해장국 추천. 저는 뜯다가 국물이 좀 식었는데 음식이 식으면서 누린내가 꽤 났습니다. 우거지도 많이 주문하시던데 우거지 좀 궁금하네요. 허나 너무 바쁜 매장이라 먹을 수 있을지 걱정.
음식 식다 누린내,phrase,3,False,1,4.0,-3.0,아구힘 센 분이라면 뼈해장국 추천. 저는 뜯다가 국물이 좀 식었는데 음식이 식으면서 누린내가 꽤 났습니다. 우거지도 많이 주문하시던데 우거지 좀 궁금하네요. 허나 너무 바쁜 매장이라 먹을 수 있을지 걱정.
주문 우거지 궁금하다,phrase,3,False,1,4.0,-3.0,아구힘 센 분이라면 뼈해장국 추천. 저는 뜯다가 국물이 좀 식었는데 음식이 식으면서 누린내가 꽤 났습니다. 우거지도 많이 주문하시던데 우거지 좀 궁금하네요. 허나 너무 바쁜 매장이라 먹을 수 있을지 걱정.
누린내 우거지 많이,phrase,3,False,1,4.0,-3.0,아구힘 센 분이라면 뼈해장국 추천. 저는 뜯다가 국물이 좀 식었는데 음식이 식으면서 누린내가 꽤 났습니다. 우거지도 많이 주문하시던데 우거지 좀 궁금하네요. 허나 너무 바쁜 매장이라 먹을 수 있을지 걱정.
우거지 궁금하다 허다,phrase,3,False,1,4.0,-3.0,아구힘 센 분이라면 뼈해장국 추천. 저는 뜯다가 국물이 좀 식었는데 음식이 식으면서 누린내가 꽤 났습니다. 우거지도 많이 주문하시던데 우거지 좀 궁금하네요. 허나 너무 바쁜 매장이라 먹을 수 있을지 걱정.
국물 식다 음식,phrase,3,False,1,4.0,-3.0,아구힘 센 분이라면 뼈해장국 추천. 저는 뜯다가 국물이 좀 식었는데 음식이 식으면서 누린내가 꽤 났습니다. 우거지도 많이 주문하시던데 우거지 좀 궁금하네요. 허나 너무 바쁜 매장이라 먹을 수 있을지 걱정.
너무 바쁘다 매장,phrase,3,False,1,4.0,-3.0,아구힘 센 분이라면 뼈해장국 추천. 저는 뜯다가 국물이 좀 식었는데 음식이 식으면서 누린내가 꽤 났습니다. 우거지도 많이 주문하시던데 우거지 좀 궁금하네요. 허나 너무 바쁜 매장이라 먹을 수 있을지 걱정.
세다 불다 해장국,phrase,3,False,1,4.0,-3.0,아구힘 센 분이라면 뼈해장국 추천. 저는 뜯다가 국물이 좀 식었는데 음식이 식으면서 누린내가 꽤 났습니다. 우거지도 많이 주문하시던데 우거지 좀 궁금하네요. 허나 너무 바쁜 매장이라 먹을 수 있을지 걱정.
뜯다 국물 식다,phrase,3,False,1,4.0,-3.0,아구힘 센 분이라면 뼈해장국 추천. 저는 뜯다가 국물이 좀 식었는데 음식이 식으면서 누린내가 꽤 났습니다. 우거지도 많이 주문하시던데 우거지 좀 궁금하네요. 허나 너무 바쁜 매장이라 먹을 수 있을지 걱정.
많이 주문 우거지,phrase,3,False,1,4.0,-3.0,아구힘 센 분이라면 뼈해장국 추천. 저는 뜯다가 국물이 좀 식었는데 음식이 식으면서 누린내가 꽤 났습니다. 우거지도 많이 주문하시던데 우거지 좀 궁금하네요. 허나 너무 바쁜 매장이라 먹을 수 있을지 걱정.
궁금하다 허다 너무,phrase,3,False,1,4.0,-3.0,아구힘 센 분이라면 뼈해장국 추천. 저는 뜯다가 국물이 좀 식었는데 음식이 식으면서 누린내가 꽤 났습니다. 우거지도 많이 주문하시던데 우거지 좀 궁금하네요. 허나 너무 바쁜 매장이라 먹을 수 있을지 걱정.
아구 세다 불다,phrase,3,False,1,4.0,-3.0,아구힘 센 분이라면 뼈해장국 추천. 저는 뜯다가 국물이 좀 식었는데 음식이 식으면서 누린내가 꽤 났습니다. 우거지도 많이 주문하시던데 우거지 좀 궁금하네요. 허나 너무 바쁜 매장이라 먹을 수 있을지 걱정.
바쁘다 매장 먹다,phrase,3,False,1,4.0,-3.0,아구힘 센 분이라면 뼈해장국 추천. 저는 뜯다가 국물이 좀 식었는데 음식이 식으면서 누린내가 꽤 났습니다. 우거지도 많이 주문하시던데 우거지 좀 궁금하네요. 허나 너무 바쁜 매장이라 먹을 수 있을지 걱정.
매장 먹다 걱정,phrase,3,False,1,4.0,-3.0,아구힘 센 분이라면 뼈해장국 추천. 저는 뜯다가 국물이 좀 식었는데 음식이 식으면서 누린내가 꽤 났습니다. 우거지도 많이 주문하시던데 우거지 좀 궁금하네요. 허나 너무 바쁜 매장이라 먹을 수 있을지 걱정.
식다 누린내 우거지,phrase,3,False,1,4.0,-3.0,아구힘 센 분이라면 뼈해장국 추천. 저는 뜯다가 국물이 좀 식었는데 음식이 식으면서 누린내가 꽤 났습니다. 우거지도 많이 주문하시던데 우거지 좀 궁금하네요. 허나 너무 바쁜 매장이라 먹을 수 있을지 걱정.
빼다 주말 오후,phrase,3,False,1,4.0,-1.0,"!! 인원별로 주문해야합니다 !! 4인이서 가서 대자 (49000원)로 시켰어요 사람이 많아서 그런가 직원분들이 조금 불친절 하셔서 1점 뺐어요 ㅠ 주말 오후 8시쯤에 가서 대기 10분정도 했고, 깍두기랑 소스가 킥이에요 굿임 한번쯤 성수오면 들릴만 하고 고기가 부드러웠어요"
런가 직원 조금,phrase,3,False,1,4.0,-1.0,"!! 인원별로 주문해야합니다 !! 4인이서 가서 대자 (49000원)로 시켰어요 사람이 많아서 그런가 직원분들이 조금 불친절 하셔서 1점 뺐어요 ㅠ 주말 오후 8시쯤에 가서 대기 10분정도 했고, 깍두기랑 소스가 킥이에요 굿임 한번쯤 성수오면 들릴만 하고 고기가 부드러웠어요"
인원 별로 주문,phrase,3,False,1,4.0,-1.0,"!! 인원별로 주문해야합니다 !! 4인이서 가서 대자 (49000원)로 시켰어요 사람이 많아서 그런가 직원분들이 조금 불친절 하셔서 1점 뺐어요 ㅠ 주말 오후 8시쯤에 가서 대기 10분정도 했고, 깍두기랑 소스가 킥이에요 굿임 한번쯤 성수오면 들릴만 하고 고기가 부드러웠어요"
깍두기 소스 굿임,phrase,3,False,1,4.0,-1.0,"!! 인원별로 주문해야합니다 !! 4인이서 가서 대자 (49000원)로 시켰어요 사람이 많아서 그런가 직원분들이 조금 불친절 하셔서 1점 뺐어요 ㅠ 주말 오후 8시쯤에 가서 대기 10분정도 했고, 깍두기랑 소스가 킥이에요 굿임 한번쯤 성수오면 들릴만 하고 고기가 부드러웠어요"
대자 시키다 사람,phrase,3,False,1,4.0,-1.0,"!! 인원별로 주문해야합니다 !! 4인이서 가서 대자 (49000원)로 시켰어요 사람이 많아서 그런가 직원분들이 조금 불친절 하셔서 1점 뺐어요 ㅠ 주말 오후 8시쯤에 가서 대기 10분정도 했고, 깍두기랑 소스가 킥이에요 굿임 한번쯤 성수오면 들릴만 하고 고기가 부드러웠어요"
오후 가다 대기,phrase,3,False,1,4.0,-1.0,"!! 인원별로 주문해야합니다 !! 4인이서 가서 대자 (49000원)로 시켰어요 사람이 많아서 그런가 직원분들이 조금 불친절 하셔서 1점 뺐어요 ㅠ 주말 오후 8시쯤에 가서 대기 10분정도 했고, 깍두기랑 소스가 킥이에요 굿임 한번쯤 성수오면 들릴만 하고 고기가 부드러웠어요"
소스 굿임 한번,phrase,3,False,1,4.0,-1.0,"!! 인원별로 주문해야합니다 !! 4인이서 가서 대자 (49000원)로 시켰어요 사람이 많아서 그런가 직원분들이 조금 불친절 하셔서 1점 뺐어요 ㅠ 주말 오후 8시쯤에 가서 대기 10분정도 했고, 깍두기랑 소스가 킥이에요 굿임 한번쯤 성수오면 들릴만 하고 고기가 부드러웠어요"
한번 수오 들리다,phrase,3,False,1,4.0,-1.0,"!! 인원별로 주문해야합니다 !! 4인이서 가서 대자 (49000원)로 시켰어요 사람이 많아서 그런가 직원분들이 조금 불친절 하셔서 1점 뺐어요 ㅠ 주말 오후 8시쯤에 가서 대기 10분정도 했고, 깍두기랑 소스가 킥이에요 굿임 한번쯤 성수오면 들릴만 하고 고기가 부드러웠어요"
주말 오후 가다,phrase,3,False,1,4.0,-1.0,"!! 인원별로 주문해야합니다 !! 4인이서 가서 대자 (49000원)로 시켰어요 사람이 많아서 그런가 직원분들이 조금 불친절 하셔서 1점 뺐어요 ㅠ 주말 오후 8시쯤에 가서 대기 10분정도 했고, 깍두기랑 소스가 킥이에요 굿임 한번쯤 성수오면 들릴만 하고 고기가 부드러웠어요"
수오 들리다 고기,phrase,3,False,1,4.0,-1.0,"!! 인원별로 주문해야합니다 !! 4인이서 가서 대자 (49000원)로 시켰어요 사람이 많아서 그런가 직원분들이 조금 불친절 하셔서 1점 뺐어요 ㅠ 주말 오후 8시쯤에 가서 대기 10분정도 했고, 깍두기랑 소스가 킥이에요 굿임 한번쯤 성수오면 들릴만 하고 고기가 부드러웠어요"
사람 많다 런가,phrase,3,False,1,4.0,-1.0,"!! 인원별로 주문해야합니다 !! 4인이서 가서 대자 (49000원)로 시켰어요 사람이 많아서 그런가 직원분들이 조금 불친절 하셔서 1점 뺐어요 ㅠ 주말 오후 8시쯤에 가서 대기 10분정도 했고, 깍두기랑 소스가 킥이에요 굿임 한번쯤 성수오면 들릴만 하고 고기가 부드러웠어요"
별로 주문 이서,phrase,3,False,1,4.0,-1.0,"!! 인원별로 주문해야합니다 !! 4인이서 가서 대자 (49000원)로 시켰어요 사람이 많아서 그런가 직원분들이 조금 불친절 하셔서 1점 뺐어요 ㅠ 주말 오후 8시쯤에 가서 대기 10분정도 했고, 깍두기랑 소스가 킥이에요 굿임 한번쯤 성수오면 들릴만 하고 고기가 부드러웠어요"
굿임 한번 수오,phrase,3,False,1,4.0,-1.0,"!! 인원별로 주문해야합니다 !! 4인이서 가서 대자 (49000원)로 시켰어요 사람이 많아서 그런가 직원분들이 조금 불친절 하셔서 1점 뺐어요 ㅠ 주말 오후 8시쯤에 가서 대기 10분정도 했고, 깍두기랑 소스가 킥이에요 굿임 한번쯤 성수오면 들릴만 하고 고기가 부드러웠어요"
이서 가다 대자,phrase,3,False,1,4.0,-1.0,"!! 인원별로 주문해야합니다 !! 4인이서 가서 대자 (49000원)로 시켰어요 사람이 많아서 그런가 직원분들이 조금 불친절 하셔서 1점 뺐어요 ㅠ 주말 오후 8시쯤에 가서 대기 10분정도 했고, 깍두기랑 소스가 킥이에요 굿임 한번쯤 성수오면 들릴만 하고 고기가 부드러웠어요"
시키다 사람 많다,phrase,3,False,1,4.0,-1.0,"!! 인원별로 주문해야합니다 !! 4인이서 가서 대자 (49000원)로 시켰어요 사람이 많아서 그런가 직원분들이 조금 불친절 하셔서 1점 뺐어요 ㅠ 주말 오후 8시쯤에 가서 대기 10분정도 했고, 깍두기랑 소스가 킥이에요 굿임 한번쯤 성수오면 들릴만 하고 고기가 부드러웠어요"
가다 대기 깍두기,phrase,3,False,1,4.0,-1.0,"!! 인원별로 주문해야합니다 !! 4인이서 가서 대자 (49000원)로 시켰어요 사람이 많아서 그런가 직원분들이 조금 불친절 하셔서 1점 뺐어요 ㅠ 주말 오후 8시쯤에 가서 대기 10분정도 했고, 깍두기랑 소스가 킥이에요 굿임 한번쯤 성수오면 들릴만 하고 고기가 부드러웠어요"
많다 런가 직원,phrase,3,False,1,4.0,-1.0,"!! 인원별로 주문해야합니다 !! 4인이서 가서 대자 (49000원)로 시켰어요 사람이 많아서 그런가 직원분들이 조금 불친절 하셔서 1점 뺐어요 ㅠ 주말 오후 8시쯤에 가서 대기 10분정도 했고, 깍두기랑 소스가 킥이에요 굿임 한번쯤 성수오면 들릴만 하고 고기가 부드러웠어요"
대기 깍두기 소스,phrase,3,False,1,4.0,-1.0,"!! 인원별로 주문해야합니다 !! 4인이서 가서 대자 (49000원)로 시켰어요 사람이 많아서 그런가 직원분들이 조금 불친절 하셔서 1점 뺐어요 ㅠ 주말 오후 8시쯤에 가서 대기 10분정도 했고, 깍두기랑 소스가 킥이에요 굿임 한번쯤 성수오면 들릴만 하고 고기가 부드러웠어요"
주문 이서 가다,phrase,3,False,1,4.0,-1.0,"!! 인원별로 주문해야합니다 !! 4인이서 가서 대자 (49000원)로 시켰어요 사람이 많아서 그런가 직원분들이 조금 불친절 하셔서 1점 뺐어요 ㅠ 주말 오후 8시쯤에 가서 대기 10분정도 했고, 깍두기랑 소스가 킥이에요 굿임 한번쯤 성수오면 들릴만 하고 고기가 부드러웠어요"
가다 대자 시키다,phrase,3,False,1,4.0,-1.0,"!! 인원별로 주문해야합니다 !! 4인이서 가서 대자 (49000원)로 시켰어요 사람이 많아서 그런가 직원분들이 조금 불친절 하셔서 1점 뺐어요 ㅠ 주말 오후 8시쯤에 가서 대기 10분정도 했고, 깍두기랑 소스가 킥이에요 굿임 한번쯤 성수오면 들릴만 하고 고기가 부드러웠어요"
방문 인하다 불편하다,phrase,3,False,1,4.0,-1.0,넘 많은 방문인들로 인해 불편함
많다 방문 인하다,phrase,3,False,1,4.0,-1.0,넘 많은 방문인들로 인해 불편함
넘다 많다 방문,phrase,3,False,1,4.0,-1.0,넘 많은 방문인들로 인해 불편함
여기 정도 상급,phrase,3,False,1,4.0,0.0,"평범한줄 알았는데, 다른 뼈다귀집 가니까 고기가 질겨서 안뜯김... 여기정도면 상급이다."
질겨 뜯기다 여기,phrase,3,False,1,4.0,0.0,"평범한줄 알았는데, 다른 뼈다귀집 가니까 고기가 질겨서 안뜯김... 여기정도면 상급이다."
뜯기다 여기 정도,phrase,3,False,1,4.0,0.0,"평범한줄 알았는데, 다른 뼈다귀집 가니까 고기가 질겨서 안뜯김... 여기정도면 상급이다."
다른 가다 고기,phrase,3,False,1,4.0,0.0,"평범한줄 알았는데, 다른 뼈다귀집 가니까 고기가 질겨서 안뜯김... 여기정도면 상급이다."
가다 고기 질겨,phrase,3,False,1,4.0,0.0,"평범한줄 알았는데, 다른 뼈다귀집 가니까 고기가 질겨서 안뜯김... 여기정도면 상급이다."
알다 다른 가다,phrase,3,False,1,4.0,0.0,"평범한줄 알았는데, 다른 뼈다귀집 가니까 고기가 질겨서 안뜯김... 여기정도면 상급이다."
고기 질겨 뜯기다,phrase,3,False,1,4.0,0.0,"평범한줄 알았는데, 다른 뼈다귀집 가니까 고기가 질겨서 안뜯김... 여기정도면 상급이다."
평범하다 알다 다른,phrase,3,False,1,4.0,0.0,"평범한줄 알았는데, 다른 뼈다귀집 가니까 고기가 질겨서 안뜯김... 여기정도면 상급이다."
다른 리뷰 남자,phrase,3,False,1,4.0,-4.0,음식 잘 나오고 여자 직원분은 친절함 (다른 리뷰처럼 남자 사장은 불친절). 테이블 간격이 너무 좁아 정신없음
나오다 여자 직원,phrase,3,False,1,4.0,-4.0,음식 잘 나오고 여자 직원분은 친절함 (다른 리뷰처럼 남자 사장은 불친절). 테이블 간격이 너무 좁아 정신없음
리뷰 남자 사장,phrase,3,False,1,4.0,-4.0,음식 잘 나오고 여자 직원분은 친절함 (다른 리뷰처럼 남자 사장은 불친절). 테이블 간격이 너무 좁아 정신없음
너무 좁다 정신,phrase,3,False,1,4.0,-4.0,음식 잘 나오고 여자 직원분은 친절함 (다른 리뷰처럼 남자 사장은 불친절). 테이블 간격이 너무 좁아 정신없음
음식 자다 나오다,phrase,3,False,1,4.0,-4.0,음식 잘 나오고 여자 직원분은 친절함 (다른 리뷰처럼 남자 사장은 불친절). 테이블 간격이 너무 좁아 정신없음
자다 나오다 여자,phrase,3,False,1,4.0,-4.0,음식 잘 나오고 여자 직원분은 친절함 (다른 리뷰처럼 남자 사장은 불친절). 테이블 간격이 너무 좁아 정신없음
테이블 간격 너무,phrase,3,False,1,4.0,-4.0,음식 잘 나오고 여자 직원분은 친절함 (다른 리뷰처럼 남자 사장은 불친절). 테이블 간격이 너무 좁아 정신없음
간격 너무 좁다,phrase,3,False,1,4.0,-4.0,음식 잘 나오고 여자 직원분은 친절함 (다른 리뷰처럼 남자 사장은 불친절). 테이블 간격이 너무 좁아 정신없음
가기 싫어지다 칼국수,phrase,3,False,1,4.0,-3.0,"요즘 세상에 웨이팅 장부 없는 가게이고 차량 대로변에 다른가게 피해가게 줄 세워놓는 가게도 처음본다 가게 입구에 안내문 붙여놓지 손님끼리 기다리는법 서로 물어봄 사장이 외국인을 애정하시는지 식사 중 왔던 유럽인.일본인에게는 계란부친거 ""써뷔쓰으~~""하면서 되도 않는 영어 쓰시며 주시더라 식대지불한 음식이라도 제대로 주면 다른건 상관없는데 외국인들은 고기 상태 좋은쪽 곱게 썰어서 주고 한국인 테이블엔 고기 잔 부스레기 +비계 잔뜩 외국인들 대접해주는건 좋게 보이는데 기존 다니던 손님 음식은 개밥처럼 주고..정 떨어져서 가기 싫어짐 칼"
가게 피해 가게,phrase,3,False,1,4.0,-3.0,"요즘 세상에 웨이팅 장부 없는 가게이고 차량 대로변에 다른가게 피해가게 줄 세워놓는 가게도 처음본다 가게 입구에 안내문 붙여놓지 손님끼리 기다리는법 서로 물어봄 사장이 외국인을 애정하시는지 식사 중 왔던 유럽인.일본인에게는 계란부친거 ""써뷔쓰으~~""하면서 되도 않는 영어 쓰시며 주시더라 식대지불한 음식이라도 제대로 주면 다른건 상관없는데 외국인들은 고기 상태 좋은쪽 곱게 썰어서 주고 한국인 테이블엔 고기 잔 부스레기 +비계 잔뜩 외국인들 대접해주는건 좋게 보이는데 기존 다니던 손님 음식은 개밥처럼 주고..정 떨어져서 가기 싫어짐 칼"
고기 부스 레기,phrase,3,False,1,4.0,-3.0,"요즘 세상에 웨이팅 장부 없는 가게이고 차량 대로변에 다른가게 피해가게 줄 세워놓는 가게도 처음본다 가게 입구에 안내문 붙여놓지 손님끼리 기다리는법 서로 물어봄 사장이 외국인을 애정하시는지 식사 중 왔던 유럽인.일본인에게는 계란부친거 ""써뷔쓰으~~""하면서 되도 않는 영어 쓰시며 주시더라 식대지불한 음식이라도 제대로 주면 다른건 상관없는데 외국인들은 고기 상태 좋은쪽 곱게 썰어서 주고 한국인 테이블엔 고기 잔 부스레기 +비계 잔뜩 외국인들 대접해주는건 좋게 보이는데 기존 다니던 손님 음식은 개밥처럼 주고..정 떨어져서 가기 싫어짐 칼"
다른 인력 그게,phrase,3,False,1,4.0,-3.0,"요즘 세상에 웨이팅 장부 없는 가게이고 차량 대로변에 다른가게 피해가게 줄 세워놓는 가게도 처음본다 가게 입구에 안내문 붙여놓지 손님끼리 기다리는법 서로 물어봄 사장이 외국인을 애정하시는지 식사 중 왔던 유럽인.일본인에게는 계란부친거 ""써뷔쓰으~~""하면서 되도 않는 영어 쓰시며 주시더라 식대지불한 음식이라도 제대로 주면 다른건 상관없는데 외국인들은 고기 상태 좋은쪽 곱게 썰어서 주고 한국인 테이블엔 고기 잔 부스레기 +비계 잔뜩 외국인들 대접해주는건 좋게 보이는데 기존 다니던 손님 음식은 개밥처럼 주고..정 떨어져서 가기 싫어짐 칼"
보다 가게 입구,phrase,3,False,1,4.0,-3.0,"요즘 세상에 웨이팅 장부 없는 가게이고 차량 대로변에 다른가게 피해가게 줄 세워놓는 가게도 처음본다 가게 입구에 안내문 붙여놓지 손님끼리 기다리는법 서로 물어봄 사장이 외국인을 애정하시는지 식사 중 왔던 유럽인.일본인에게는 계란부친거 ""써뷔쓰으~~""하면서 되도 않는 영어 쓰시며 주시더라 식대지불한 음식이라도 제대로 주면 다른건 상관없는데 외국인들은 고기 상태 좋은쪽 곱게 썰어서 주고 한국인 테이블엔 고기 잔 부스레기 +비계 잔뜩 외국인들 대접해주는건 좋게 보이는데 기존 다니던 손님 음식은 개밥처럼 주고..정 떨어져서 가기 싫어짐 칼"
가게 처음 보다,phrase,3,False,1,4.0,-3.0,"요즘 세상에 웨이팅 장부 없는 가게이고 차량 대로변에 다른가게 피해가게 줄 세워놓는 가게도 처음본다 가게 입구에 안내문 붙여놓지 손님끼리 기다리는법 서로 물어봄 사장이 외국인을 애정하시는지 식사 중 왔던 유럽인.일본인에게는 계란부친거 ""써뷔쓰으~~""하면서 되도 않는 영어 쓰시며 주시더라 식대지불한 음식이라도 제대로 주면 다른건 상관없는데 외국인들은 고기 상태 좋은쪽 곱게 썰어서 주고 한국인 테이블엔 고기 잔 부스레기 +비계 잔뜩 외국인들 대접해주는건 좋게 보이는데 기존 다니던 손님 음식은 개밥처럼 주고..정 떨어져서 가기 싫어짐 칼"
한국인 테이블 고기,phrase,3,False,1,4.0,-3.0,"요즘 세상에 웨이팅 장부 없는 가게이고 차량 대로변에 다른가게 피해가게 줄 세워놓는 가게도 처음본다 가게 입구에 안내문 붙여놓지 손님끼리 기다리는법 서로 물어봄 사장이 외국인을 애정하시는지 식사 중 왔던 유럽인.일본인에게는 계란부친거 ""써뷔쓰으~~""하면서 되도 않는 영어 쓰시며 주시더라 식대지불한 음식이라도 제대로 주면 다른건 상관없는데 외국인들은 고기 상태 좋은쪽 곱게 썰어서 주고 한국인 테이블엔 고기 잔 부스레기 +비계 잔뜩 외국인들 대접해주는건 좋게 보이는데 기존 다니던 손님 음식은 개밥처럼 주고..정 떨어져서 가기 싫어짐 칼"
계란 부치다 써뷔쓰으,phrase,3,False,1,4.0,-3.0,"요즘 세상에 웨이팅 장부 없는 가게이고 차량 대로변에 다른가게 피해가게 줄 세워놓는 가게도 처음본다 가게 입구에 안내문 붙여놓지 손님끼리 기다리는법 서로 물어봄 사장이 외국인을 애정하시는지 식사 중 왔던 유럽인.일본인에게는 계란부친거 ""써뷔쓰으~~""하면서 되도 않는 영어 쓰시며 주시더라 식대지불한 음식이라도 제대로 주면 다른건 상관없는데 외국인들은 고기 상태 좋은쪽 곱게 썰어서 주고 한국인 테이블엔 고기 잔 부스레기 +비계 잔뜩 외국인들 대접해주는건 좋게 보이는데 기존 다니던 손님 음식은 개밥처럼 주고..정 떨어져서 가기 싫어짐 칼"
주다 칼국수 이렇게,phrase,3,False,1,4.0,-3.0,"요즘 세상에 웨이팅 장부 없는 가게이고 차량 대로변에 다른가게 피해가게 줄 세워놓는 가게도 처음본다 가게 입구에 안내문 붙여놓지 손님끼리 기다리는법 서로 물어봄 사장이 외국인을 애정하시는지 식사 중 왔던 유럽인.일본인에게는 계란부친거 ""써뷔쓰으~~""하면서 되도 않는 영어 쓰시며 주시더라 식대지불한 음식이라도 제대로 주면 다른건 상관없는데 외국인들은 고기 상태 좋은쪽 곱게 썰어서 주고 한국인 테이블엔 고기 잔 부스레기 +비계 잔뜩 외국인들 대접해주는건 좋게 보이는데 기존 다니던 손님 음식은 개밥처럼 주고..정 떨어져서 가기 싫어짐 칼"
가게 입구 물다,phrase,3,False,1,4.0,-3.0,"요즘 세상에 웨이팅 장부 없는 가게이고 차량 대로변에 다른가게 피해가게 줄 세워놓는 가게도 처음본다 가게 입구에 안내문 붙여놓지 손님끼리 기다리는법 서로 물어봄 사장이 외국인을 애정하시는지 식사 중 왔던 유럽인.일본인에게는 계란부친거 ""써뷔쓰으~~""하면서 되도 않는 영어 쓰시며 주시더라 식대지불한 음식이라도 제대로 주면 다른건 상관없는데 외국인들은 고기 상태 좋은쪽 곱게 썰어서 주고 한국인 테이블엔 고기 잔 부스레기 +비계 잔뜩 외국인들 대접해주는건 좋게 보이는데 기존 다니던 손님 음식은 개밥처럼 주고..정 떨어져서 가기 싫어짐 칼"
칼국수 국물 주다,phrase,3,False,1,4.0,-3.0,"요즘 세상에 웨이팅 장부 없는 가게이고 차량 대로변에 다른가게 피해가게 줄 세워놓는 가게도 처음본다 가게 입구에 안내문 붙여놓지 손님끼리 기다리는법 서로 물어봄 사장이 외국인을 애정하시는지 식사 중 왔던 유럽인.일본인에게는 계란부친거 ""써뷔쓰으~~""하면서 되도 않는 영어 쓰시며 주시더라 식대지불한 음식이라도 제대로 주면 다른건 상관없는데 외국인들은 고기 상태 좋은쪽 곱게 썰어서 주고 한국인 테이블엔 고기 잔 부스레기 +비계 잔뜩 외국인들 대접해주는건 좋게 보이는데 기존 다니던 손님 음식은 개밥처럼 주고..정 떨어져서 가기 싫어짐 칼"
이렇게 맛없다 끓이다,phrase,3,False,1,4.0,-3.0,"요즘 세상에 웨이팅 장부 없는 가게이고 차량 대로변에 다른가게 피해가게 줄 세워놓는 가게도 처음본다 가게 입구에 안내문 붙여놓지 손님끼리 기다리는법 서로 물어봄 사장이 외국인을 애정하시는지 식사 중 왔던 유럽인.일본인에게는 계란부친거 ""써뷔쓰으~~""하면서 되도 않는 영어 쓰시며 주시더라 식대지불한 음식이라도 제대로 주면 다른건 상관없는데 외국인들은 고기 상태 좋은쪽 곱게 썰어서 주고 한국인 테이블엔 고기 잔 부스레기 +비계 잔뜩 외국인들 대접해주는건 좋게 보이는데 기존 다니던 손님 음식은 개밥처럼 주고..정 떨어져서 가기 싫어짐 칼"
가다 주다 웃기,phrase,3,False,1,4.0,-3.0,"요즘 세상에 웨이팅 장부 없는 가게이고 차량 대로변에 다른가게 피해가게 줄 세워놓는 가게도 처음본다 가게 입구에 안내문 붙여놓지 손님끼리 기다리는법 서로 물어봄 사장이 외국인을 애정하시는지 식사 중 왔던 유럽인.일본인에게는 계란부친거 ""써뷔쓰으~~""하면서 되도 않는 영어 쓰시며 주시더라 식대지불한 음식이라도 제대로 주면 다른건 상관없는데 외국인들은 고기 상태 좋은쪽 곱게 썰어서 주고 한국인 테이블엔 고기 잔 부스레기 +비계 잔뜩 외국인들 대접해주는건 좋게 보이는데 기존 다니던 손님 음식은 개밥처럼 주고..정 떨어져서 가기 싫어짐 칼"
음식 개밥 주다,phrase,3,False,1,4.0,-3.0,"요즘 세상에 웨이팅 장부 없는 가게이고 차량 대로변에 다른가게 피해가게 줄 세워놓는 가게도 처음본다 가게 입구에 안내문 붙여놓지 손님끼리 기다리는법 서로 물어봄 사장이 외국인을 애정하시는지 식사 중 왔던 유럽인.일본인에게는 계란부친거 ""써뷔쓰으~~""하면서 되도 않는 영어 쓰시며 주시더라 식대지불한 음식이라도 제대로 주면 다른건 상관없는데 외국인들은 고기 상태 좋은쪽 곱게 썰어서 주고 한국인 테이블엔 고기 잔 부스레기 +비계 잔뜩 외국인들 대접해주는건 좋게 보이는데 기존 다니던 손님 음식은 개밥처럼 주고..정 떨어져서 가기 싫어짐 칼"
차량 대로 가게,phrase,3,False,1,4.0,-3.0,"요즘 세상에 웨이팅 장부 없는 가게이고 차량 대로변에 다른가게 피해가게 줄 세워놓는 가게도 처음본다 가게 입구에 안내문 붙여놓지 손님끼리 기다리는법 서로 물어봄 사장이 외국인을 애정하시는지 식사 중 왔던 유럽인.일본인에게는 계란부친거 ""써뷔쓰으~~""하면서 되도 않는 영어 쓰시며 주시더라 식대지불한 음식이라도 제대로 주면 다른건 상관없는데 외국인들은 고기 상태 좋은쪽 곱게 썰어서 주고 한국인 테이블엔 고기 잔 부스레기 +비계 잔뜩 외국인들 대접해주는건 좋게 보이는데 기존 다니던 손님 음식은 개밥처럼 주고..정 떨어져서 가기 싫어짐 칼"
손님 추가 주문,phrase,3,False,1,4.0,-3.0,"요즘 세상에 웨이팅 장부 없는 가게이고 차량 대로변에 다른가게 피해가게 줄 세워놓는 가게도 처음본다 가게 입구에 안내문 붙여놓지 손님끼리 기다리는법 서로 물어봄 사장이 외국인을 애정하시는지 식사 중 왔던 유럽인.일본인에게는 계란부친거 ""써뷔쓰으~~""하면서 되도 않는 영어 쓰시며 주시더라 식대지불한 음식이라도 제대로 주면 다른건 상관없는데 외국인들은 고기 상태 좋은쪽 곱게 썰어서 주고 한국인 테이블엔 고기 잔 부스레기 +비계 잔뜩 외국인들 대접해주는건 좋게 보이는데 기존 다니던 손님 음식은 개밥처럼 주고..정 떨어져서 가기 싫어짐 칼"
테이블 고기 부스,phrase,3,False,1,4.0,-3.0,"요즘 세상에 웨이팅 장부 없는 가게이고 차량 대로변에 다른가게 피해가게 줄 세워놓는 가게도 처음본다 가게 입구에 안내문 붙여놓지 손님끼리 기다리는법 서로 물어봄 사장이 외국인을 애정하시는지 식사 중 왔던 유럽인.일본인에게는 계란부친거 ""써뷔쓰으~~""하면서 되도 않는 영어 쓰시며 주시더라 식대지불한 음식이라도 제대로 주면 다른건 상관없는데 외국인들은 고기 상태 좋은쪽 곱게 썰어서 주고 한국인 테이블엔 고기 잔 부스레기 +비계 잔뜩 외국인들 대접해주는건 좋게 보이는데 기존 다니던 손님 음식은 개밥처럼 주고..정 떨어져서 가기 싫어짐 칼"
가져다주다 눈치 보다,phrase,3,False,1,4.0,-3.0,"요즘 세상에 웨이팅 장부 없는 가게이고 차량 대로변에 다른가게 피해가게 줄 세워놓는 가게도 처음본다 가게 입구에 안내문 붙여놓지 손님끼리 기다리는법 서로 물어봄 사장이 외국인을 애정하시는지 식사 중 왔던 유럽인.일본인에게는 계란부친거 ""써뷔쓰으~~""하면서 되도 않는 영어 쓰시며 주시더라 식대지불한 음식이라도 제대로 주면 다른건 상관없는데 외국인들은 고기 상태 좋은쪽 곱게 썰어서 주고 한국인 테이블엔 고기 잔 부스레기 +비계 잔뜩 외국인들 대접해주는건 좋게 보이는데 기존 다니던 손님 음식은 개밥처럼 주고..정 떨어져서 가기 싫어짐 칼"
피해 가게 세우다,phrase,3,False,1,4.0,-3.0,"요즘 세상에 웨이팅 장부 없는 가게이고 차량 대로변에 다른가게 피해가게 줄 세워놓는 가게도 처음본다 가게 입구에 안내문 붙여놓지 손님끼리 기다리는법 서로 물어봄 사장이 외국인을 애정하시는지 식사 중 왔던 유럽인.일본인에게는 계란부친거 ""써뷔쓰으~~""하면서 되도 않는 영어 쓰시며 주시더라 식대지불한 음식이라도 제대로 주면 다른건 상관없는데 외국인들은 고기 상태 좋은쪽 곱게 썰어서 주고 한국인 테이블엔 고기 잔 부스레기 +비계 잔뜩 외국인들 대접해주는건 좋게 보이는데 기존 다니던 손님 음식은 개밥처럼 주고..정 떨어져서 가기 싫어짐 칼"
끓이다 재능 배추,phrase,3,False,1,4.0,-3.0,"요즘 세상에 웨이팅 장부 없는 가게이고 차량 대로변에 다른가게 피해가게 줄 세워놓는 가게도 처음본다 가게 입구에 안내문 붙여놓지 손님끼리 기다리는법 서로 물어봄 사장이 외국인을 애정하시는지 식사 중 왔던 유럽인.일본인에게는 계란부친거 ""써뷔쓰으~~""하면서 되도 않는 영어 쓰시며 주시더라 식대지불한 음식이라도 제대로 주면 다른건 상관없는데 외국인들은 고기 상태 좋은쪽 곱게 썰어서 주고 한국인 테이블엔 고기 잔 부스레기 +비계 잔뜩 외국인들 대접해주는건 좋게 보이는데 기존 다니던 손님 음식은 개밥처럼 주고..정 떨어져서 가기 싫어짐 칼"
떨어지다 가기 싫어지다,phrase,3,False,1,4.0,-3.0,"요즘 세상에 웨이팅 장부 없는 가게이고 차량 대로변에 다른가게 피해가게 줄 세워놓는 가게도 처음본다 가게 입구에 안내문 붙여놓지 손님끼리 기다리는법 서로 물어봄 사장이 외국인을 애정하시는지 식사 중 왔던 유럽인.일본인에게는 계란부친거 ""써뷔쓰으~~""하면서 되도 않는 영어 쓰시며 주시더라 식대지불한 음식이라도 제대로 주면 다른건 상관없는데 외국인들은 고기 상태 좋은쪽 곱게 썰어서 주고 한국인 테이블엔 고기 잔 부스레기 +비계 잔뜩 외국인들 대접해주는건 좋게 보이는데 기존 다니던 손님 음식은 개밥처럼 주고..정 떨어져서 가기 싫어짐 칼"
대로 가게 피해,phrase,3,False,1,4.0,-3.0,"요즘 세상에 웨이팅 장부 없는 가게이고 차량 대로변에 다른가게 피해가게 줄 세워놓는 가게도 처음본다 가게 입구에 안내문 붙여놓지 손님끼리 기다리는법 서로 물어봄 사장이 외국인을 애정하시는지 식사 중 왔던 유럽인.일본인에게는 계란부친거 ""써뷔쓰으~~""하면서 되도 않는 영어 쓰시며 주시더라 식대지불한 음식이라도 제대로 주면 다른건 상관없는데 외국인들은 고기 상태 좋은쪽 곱게 썰어서 주고 한국인 테이블엔 고기 잔 부스레기 +비계 잔뜩 외국인들 대접해주는건 좋게 보이는데 기존 다니던 손님 음식은 개밥처럼 주고..정 떨어져서 가기 싫어짐 칼"
주문 허공 외치,phrase,3,False,1,4.0,-3.0,"요즘 세상에 웨이팅 장부 없는 가게이고 차량 대로변에 다른가게 피해가게 줄 세워놓는 가게도 처음본다 가게 입구에 안내문 붙여놓지 손님끼리 기다리는법 서로 물어봄 사장이 외국인을 애정하시는지 식사 중 왔던 유럽인.일본인에게는 계란부친거 ""써뷔쓰으~~""하면서 되도 않는 영어 쓰시며 주시더라 식대지불한 음식이라도 제대로 주면 다른건 상관없는데 외국인들은 고기 상태 좋은쪽 곱게 썰어서 주고 한국인 테이블엔 고기 잔 부스레기 +비계 잔뜩 외국인들 대접해주는건 좋게 보이는데 기존 다니던 손님 음식은 개밥처럼 주고..정 떨어져서 가기 싫어짐 칼"
칼국수 이렇게 맛없다,phrase,3,False,1,4.0,-3.0,"요즘 세상에 웨이팅 장부 없는 가게이고 차량 대로변에 다른가게 피해가게 줄 세워놓는 가게도 처음본다 가게 입구에 안내문 붙여놓지 손님끼리 기다리는법 서로 물어봄 사장이 외국인을 애정하시는지 식사 중 왔던 유럽인.일본인에게는 계란부친거 ""써뷔쓰으~~""하면서 되도 않는 영어 쓰시며 주시더라 식대지불한 음식이라도 제대로 주면 다른건 상관없는데 외국인들은 고기 상태 좋은쪽 곱게 썰어서 주고 한국인 테이블엔 고기 잔 부스레기 +비계 잔뜩 외국인들 대접해주는건 좋게 보이는데 기존 다니던 손님 음식은 개밥처럼 주고..정 떨어져서 가기 싫어짐 칼"
허공 외치 그리다,phrase,3,False,1,4.0,-3.0,"요즘 세상에 웨이팅 장부 없는 가게이고 차량 대로변에 다른가게 피해가게 줄 세워놓는 가게도 처음본다 가게 입구에 안내문 붙여놓지 손님끼리 기다리는법 서로 물어봄 사장이 외국인을 애정하시는지 식사 중 왔던 유럽인.일본인에게는 계란부친거 ""써뷔쓰으~~""하면서 되도 않는 영어 쓰시며 주시더라 식대지불한 음식이라도 제대로 주면 다른건 상관없는데 외국인들은 고기 상태 좋은쪽 곱게 썰어서 주고 한국인 테이블엔 고기 잔 부스레기 +비계 잔뜩 외국인들 대접해주는건 좋게 보이는데 기존 다니던 손님 음식은 개밥처럼 주고..정 떨어져서 가기 싫어짐 칼"
처음 보다 가게,phrase,3,False,1,4.0,-3.0,"요즘 세상에 웨이팅 장부 없는 가게이고 차량 대로변에 다른가게 피해가게 줄 세워놓는 가게도 처음본다 가게 입구에 안내문 붙여놓지 손님끼리 기다리는법 서로 물어봄 사장이 외국인을 애정하시는지 식사 중 왔던 유럽인.일본인에게는 계란부친거 ""써뷔쓰으~~""하면서 되도 않는 영어 쓰시며 주시더라 식대지불한 음식이라도 제대로 주면 다른건 상관없는데 외국인들은 고기 상태 좋은쪽 곱게 썰어서 주고 한국인 테이블엔 고기 잔 부스레기 +비계 잔뜩 외국인들 대접해주는건 좋게 보이는데 기존 다니던 손님 음식은 개밥처럼 주고..정 떨어져서 가기 싫어짐 칼"
기다리다 서로 물어보다,phrase,3,False,1,4.0,-3.0,"요즘 세상에 웨이팅 장부 없는 가게이고 차량 대로변에 다른가게 피해가게 줄 세워놓는 가게도 처음본다 가게 입구에 안내문 붙여놓지 손님끼리 기다리는법 서로 물어봄 사장이 외국인을 애정하시는지 식사 중 왔던 유럽인.일본인에게는 계란부친거 ""써뷔쓰으~~""하면서 되도 않는 영어 쓰시며 주시더라 식대지불한 음식이라도 제대로 주면 다른건 상관없는데 외국인들은 고기 상태 좋은쪽 곱게 썰어서 주고 한국인 테이블엔 고기 잔 부스레기 +비계 잔뜩 외국인들 대접해주는건 좋게 보이는데 기존 다니던 손님 음식은 개밥처럼 주고..정 떨어져서 가기 싫어짐 칼"
사장 외국인 애정,phrase,3,False,1,4.0,-3.0,"요즘 세상에 웨이팅 장부 없는 가게이고 차량 대로변에 다른가게 피해가게 줄 세워놓는 가게도 처음본다 가게 입구에 안내문 붙여놓지 손님끼리 기다리는법 서로 물어봄 사장이 외국인을 애정하시는지 식사 중 왔던 유럽인.일본인에게는 계란부친거 ""써뷔쓰으~~""하면서 되도 않는 영어 쓰시며 주시더라 식대지불한 음식이라도 제대로 주면 다른건 상관없는데 외국인들은 고기 상태 좋은쪽 곱게 썰어서 주고 한국인 테이블엔 고기 잔 부스레기 +비계 잔뜩 외국인들 대접해주는건 좋게 보이는데 기존 다니던 손님 음식은 개밥처럼 주고..정 떨어져서 가기 싫어짐 칼"
손님 끼리 기다리다,phrase,3,False,1,4.0,-3.0,"요즘 세상에 웨이팅 장부 없는 가게이고 차량 대로변에 다른가게 피해가게 줄 세워놓는 가게도 처음본다 가게 입구에 안내문 붙여놓지 손님끼리 기다리는법 서로 물어봄 사장이 외국인을 애정하시는지 식사 중 왔던 유럽인.일본인에게는 계란부친거 ""써뷔쓰으~~""하면서 되도 않는 영어 쓰시며 주시더라 식대지불한 음식이라도 제대로 주면 다른건 상관없는데 외국인들은 고기 상태 좋은쪽 곱게 썰어서 주고 한국인 테이블엔 고기 잔 부스레기 +비계 잔뜩 외국인들 대접해주는건 좋게 보이는데 기존 다니던 손님 음식은 개밥처럼 주고..정 떨어져서 가기 싫어짐 칼"
보다 아줌마 가다,phrase,3,False,1,4.0,-3.0,"요즘 세상에 웨이팅 장부 없는 가게이고 차량 대로변에 다른가게 피해가게 줄 세워놓는 가게도 처음본다 가게 입구에 안내문 붙여놓지 손님끼리 기다리는법 서로 물어봄 사장이 외국인을 애정하시는지 식사 중 왔던 유럽인.일본인에게는 계란부친거 ""써뷔쓰으~~""하면서 되도 않는 영어 쓰시며 주시더라 식대지불한 음식이라도 제대로 주면 다른건 상관없는데 외국인들은 고기 상태 좋은쪽 곱게 썰어서 주고 한국인 테이블엔 고기 잔 부스레기 +비계 잔뜩 외국인들 대접해주는건 좋게 보이는데 기존 다니던 손님 음식은 개밥처럼 주고..정 떨어져서 가기 싫어짐 칼"
영어 쓰시 주다,phrase,3,False,1,4.0,-3.0,"요즘 세상에 웨이팅 장부 없는 가게이고 차량 대로변에 다른가게 피해가게 줄 세워놓는 가게도 처음본다 가게 입구에 안내문 붙여놓지 손님끼리 기다리는법 서로 물어봄 사장이 외국인을 애정하시는지 식사 중 왔던 유럽인.일본인에게는 계란부친거 ""써뷔쓰으~~""하면서 되도 않는 영어 쓰시며 주시더라 식대지불한 음식이라도 제대로 주면 다른건 상관없는데 외국인들은 고기 상태 좋은쪽 곱게 썰어서 주고 한국인 테이블엔 고기 잔 부스레기 +비계 잔뜩 외국인들 대접해주는건 좋게 보이는데 기존 다니던 손님 음식은 개밥처럼 주고..정 떨어져서 가기 싫어짐 칼"
손님 음식 개밥,phrase,3,False,1,4.0,-3.0,"요즘 세상에 웨이팅 장부 없는 가게이고 차량 대로변에 다른가게 피해가게 줄 세워놓는 가게도 처음본다 가게 입구에 안내문 붙여놓지 손님끼리 기다리는법 서로 물어봄 사장이 외국인을 애정하시는지 식사 중 왔던 유럽인.일본인에게는 계란부친거 ""써뷔쓰으~~""하면서 되도 않는 영어 쓰시며 주시더라 식대지불한 음식이라도 제대로 주면 다른건 상관없는데 외국인들은 고기 상태 좋은쪽 곱게 썰어서 주고 한국인 테이블엔 고기 잔 부스레기 +비계 잔뜩 외국인들 대접해주는건 좋게 보이는데 기존 다니던 손님 음식은 개밥처럼 주고..정 떨어져서 가기 싫어짐 칼"
지불 음식 제대로,phrase,3,False,1,4.0,-3.0,"요즘 세상에 웨이팅 장부 없는 가게이고 차량 대로변에 다른가게 피해가게 줄 세워놓는 가게도 처음본다 가게 입구에 안내문 붙여놓지 손님끼리 기다리는법 서로 물어봄 사장이 외국인을 애정하시는지 식사 중 왔던 유럽인.일본인에게는 계란부친거 ""써뷔쓰으~~""하면서 되도 않는 영어 쓰시며 주시더라 식대지불한 음식이라도 제대로 주면 다른건 상관없는데 외국인들은 고기 상태 좋은쪽 곱게 썰어서 주고 한국인 테이블엔 고기 잔 부스레기 +비계 잔뜩 외국인들 대접해주는건 좋게 보이는데 기존 다니던 손님 음식은 개밥처럼 주고..정 떨어져서 가기 싫어짐 칼"
주다 식대 지불,phrase,3,False,1,4.0,-3.0,"요즘 세상에 웨이팅 장부 없는 가게이고 차량 대로변에 다른가게 피해가게 줄 세워놓는 가게도 처음본다 가게 입구에 안내문 붙여놓지 손님끼리 기다리는법 서로 물어봄 사장이 외국인을 애정하시는지 식사 중 왔던 유럽인.일본인에게는 계란부친거 ""써뷔쓰으~~""하면서 되도 않는 영어 쓰시며 주시더라 식대지불한 음식이라도 제대로 주면 다른건 상관없는데 외국인들은 고기 상태 좋은쪽 곱게 썰어서 주고 한국인 테이블엔 고기 잔 부스레기 +비계 잔뜩 외국인들 대접해주는건 좋게 보이는데 기존 다니던 손님 음식은 개밥처럼 주고..정 떨어져서 가기 싫어짐 칼"
싫어지다 칼국수 국물,phrase,3,False,1,4.0,-3.0,"요즘 세상에 웨이팅 장부 없는 가게이고 차량 대로변에 다른가게 피해가게 줄 세워놓는 가게도 처음본다 가게 입구에 안내문 붙여놓지 손님끼리 기다리는법 서로 물어봄 사장이 외국인을 애정하시는지 식사 중 왔던 유럽인.일본인에게는 계란부친거 ""써뷔쓰으~~""하면서 되도 않는 영어 쓰시며 주시더라 식대지불한 음식이라도 제대로 주면 다른건 상관없는데 외국인들은 고기 상태 좋은쪽 곱게 썰어서 주고 한국인 테이블엔 고기 잔 부스레기 +비계 잔뜩 외국인들 대접해주는건 좋게 보이는데 기존 다니던 손님 음식은 개밥처럼 주고..정 떨어져서 가기 싫어짐 칼"
외국인 고기 상태,phrase,3,False,1,4.0,-3.0,"요즘 세상에 웨이팅 장부 없는 가게이고 차량 대로변에 다른가게 피해가게 줄 세워놓는 가게도 처음본다 가게 입구에 안내문 붙여놓지 손님끼리 기다리는법 서로 물어봄 사장이 외국인을 애정하시는지 식사 중 왔던 유럽인.일본인에게는 계란부친거 ""써뷔쓰으~~""하면서 되도 않는 영어 쓰시며 주시더라 식대지불한 음식이라도 제대로 주면 다른건 상관없는데 외국인들은 고기 상태 좋은쪽 곱게 썰어서 주고 한국인 테이블엔 고기 잔 부스레기 +비계 잔뜩 외국인들 대접해주는건 좋게 보이는데 기존 다니던 손님 음식은 개밥처럼 주고..정 떨어져서 가기 싫어짐 칼"
맛없다 끓이다 재능,phrase,3,False,1,4.0,-3.0,"요즘 세상에 웨이팅 장부 없는 가게이고 차량 대로변에 다른가게 피해가게 줄 세워놓는 가게도 처음본다 가게 입구에 안내문 붙여놓지 손님끼리 기다리는법 서로 물어봄 사장이 외국인을 애정하시는지 식사 중 왔던 유럽인.일본인에게는 계란부친거 ""써뷔쓰으~~""하면서 되도 않는 영어 쓰시며 주시더라 식대지불한 음식이라도 제대로 주면 다른건 상관없는데 외국인들은 고기 상태 좋은쪽 곱게 썰어서 주고 한국인 테이블엔 고기 잔 부스레기 +비계 잔뜩 외국인들 대접해주는건 좋게 보이는데 기존 다니던 손님 음식은 개밥처럼 주고..정 떨어져서 가기 싫어짐 칼"
외국인 애정 식사,phrase,3,False,1,4.0,-3.0,"요즘 세상에 웨이팅 장부 없는 가게이고 차량 대로변에 다른가게 피해가게 줄 세워놓는 가게도 처음본다 가게 입구에 안내문 붙여놓지 손님끼리 기다리는법 서로 물어봄 사장이 외국인을 애정하시는지 식사 중 왔던 유럽인.일본인에게는 계란부친거 ""써뷔쓰으~~""하면서 되도 않는 영어 쓰시며 주시더라 식대지불한 음식이라도 제대로 주면 다른건 상관없는데 외국인들은 고기 상태 좋은쪽 곱게 썰어서 주고 한국인 테이블엔 고기 잔 부스레기 +비계 잔뜩 외국인들 대접해주는건 좋게 보이는데 기존 다니던 손님 음식은 개밥처럼 주고..정 떨어져서 가기 싫어짐 칼"
재능 배추 고기,phrase,3,False,1,4.0,-3.0,"요즘 세상에 웨이팅 장부 없는 가게이고 차량 대로변에 다른가게 피해가게 줄 세워놓는 가게도 처음본다 가게 입구에 안내문 붙여놓지 손님끼리 기다리는법 서로 물어봄 사장이 외국인을 애정하시는지 식사 중 왔던 유럽인.일본인에게는 계란부친거 ""써뷔쓰으~~""하면서 되도 않는 영어 쓰시며 주시더라 식대지불한 음식이라도 제대로 주면 다른건 상관없는데 외국인들은 고기 상태 좋은쪽 곱게 썰어서 주고 한국인 테이블엔 고기 잔 부스레기 +비계 잔뜩 외국인들 대접해주는건 좋게 보이는데 기존 다니던 손님 음식은 개밥처럼 주고..정 떨어져서 가기 싫어짐 칼"
식대 지불 음식,phrase,3,False,1,4.0,-3.0,"요즘 세상에 웨이팅 장부 없는 가게이고 차량 대로변에 다른가게 피해가게 줄 세워놓는 가게도 처음본다 가게 입구에 안내문 붙여놓지 손님끼리 기다리는법 서로 물어봄 사장이 외국인을 애정하시는지 식사 중 왔던 유럽인.일본인에게는 계란부친거 ""써뷔쓰으~~""하면서 되도 않는 영어 쓰시며 주시더라 식대지불한 음식이라도 제대로 주면 다른건 상관없는데 외국인들은 고기 상태 좋은쪽 곱게 썰어서 주고 한국인 테이블엔 고기 잔 부스레기 +비계 잔뜩 외국인들 대접해주는건 좋게 보이는데 기존 다니던 손님 음식은 개밥처럼 주고..정 떨어져서 가기 싫어짐 칼"
주다 한국인 테이블,phrase,3,False,1,4.0,-3.0,"요즘 세상에 웨이팅 장부 없는 가게이고 차량 대로변에 다른가게 피해가게 줄 세워놓는 가게도 처음본다 가게 입구에 안내문 붙여놓지 손님끼리 기다리는법 서로 물어봄 사장이 외국인을 애정하시는지 식사 중 왔던 유럽인.일본인에게는 계란부친거 ""써뷔쓰으~~""하면서 되도 않는 영어 쓰시며 주시더라 식대지불한 음식이라도 제대로 주면 다른건 상관없는데 외국인들은 고기 상태 좋은쪽 곱게 썰어서 주고 한국인 테이블엔 고기 잔 부스레기 +비계 잔뜩 외국인들 대접해주는건 좋게 보이는데 기존 다니던 손님 음식은 개밥처럼 주고..정 떨어져서 가기 싫어짐 칼"
외국 대접 해주다,phrase,3,False,1,4.0,-3.0,"요즘 세상에 웨이팅 장부 없는 가게이고 차량 대로변에 다른가게 피해가게 줄 세워놓는 가게도 처음본다 가게 입구에 안내문 붙여놓지 손님끼리 기다리는법 서로 물어봄 사장이 외국인을 애정하시는지 식사 중 왔던 유럽인.일본인에게는 계란부친거 ""써뷔쓰으~~""하면서 되도 않는 영어 쓰시며 주시더라 식대지불한 음식이라도 제대로 주면 다른건 상관없는데 외국인들은 고기 상태 좋은쪽 곱게 썰어서 주고 한국인 테이블엔 고기 잔 부스레기 +비계 잔뜩 외국인들 대접해주는건 좋게 보이는데 기존 다니던 손님 음식은 개밥처럼 주고..정 떨어져서 가기 싫어짐 칼"
식사 오다 유럽인,phrase,3,False,1,4.0,-3.0,"요즘 세상에 웨이팅 장부 없는 가게이고 차량 대로변에 다른가게 피해가게 줄 세워놓는 가게도 처음본다 가게 입구에 안내문 붙여놓지 손님끼리 기다리는법 서로 물어봄 사장이 외국인을 애정하시는지 식사 중 왔던 유럽인.일본인에게는 계란부친거 ""써뷔쓰으~~""하면서 되도 않는 영어 쓰시며 주시더라 식대지불한 음식이라도 제대로 주면 다른건 상관없는데 외국인들은 고기 상태 좋은쪽 곱게 썰어서 주고 한국인 테이블엔 고기 잔 부스레기 +비계 잔뜩 외국인들 대접해주는건 좋게 보이는데 기존 다니던 손님 음식은 개밥처럼 주고..정 떨어져서 가기 싫어짐 칼"
다니다 손님 음식,phrase,3,False,1,4.0,-3.0,"요즘 세상에 웨이팅 장부 없는 가게이고 차량 대로변에 다른가게 피해가게 줄 세워놓는 가게도 처음본다 가게 입구에 안내문 붙여놓지 손님끼리 기다리는법 서로 물어봄 사장이 외국인을 애정하시는지 식사 중 왔던 유럽인.일본인에게는 계란부친거 ""써뷔쓰으~~""하면서 되도 않는 영어 쓰시며 주시더라 식대지불한 음식이라도 제대로 주면 다른건 상관없는데 외국인들은 고기 상태 좋은쪽 곱게 썰어서 주고 한국인 테이블엔 고기 잔 부스레기 +비계 잔뜩 외국인들 대접해주는건 좋게 보이는데 기존 다니던 손님 음식은 개밥처럼 주고..정 떨어져서 가기 싫어짐 칼"
그리다 바쁘다 다른,phrase,3,False,1,4.0,-3.0,"요즘 세상에 웨이팅 장부 없는 가게이고 차량 대로변에 다른가게 피해가게 줄 세워놓는 가게도 처음본다 가게 입구에 안내문 붙여놓지 손님끼리 기다리는법 서로 물어봄 사장이 외국인을 애정하시는지 식사 중 왔던 유럽인.일본인에게는 계란부친거 ""써뷔쓰으~~""하면서 되도 않는 영어 쓰시며 주시더라 식대지불한 음식이라도 제대로 주면 다른건 상관없는데 외국인들은 고기 상태 좋은쪽 곱게 썰어서 주고 한국인 테이블엔 고기 잔 부스레기 +비계 잔뜩 외국인들 대접해주는건 좋게 보이는데 기존 다니던 손님 음식은 개밥처럼 주고..정 떨어져서 가기 싫어짐 칼"
보이다 기존 다니다,phrase,3,False,1,4.0,-3.0,"요즘 세상에 웨이팅 장부 없는 가게이고 차량 대로변에 다른가게 피해가게 줄 세워놓는 가게도 처음본다 가게 입구에 안내문 붙여놓지 손님끼리 기다리는법 서로 물어봄 사장이 외국인을 애정하시는지 식사 중 왔던 유럽인.일본인에게는 계란부친거 ""써뷔쓰으~~""하면서 되도 않는 영어 쓰시며 주시더라 식대지불한 음식이라도 제대로 주면 다른건 상관없는데 외국인들은 고기 상태 좋은쪽 곱게 썰어서 주고 한국인 테이블엔 고기 잔 부스레기 +비계 잔뜩 외국인들 대접해주는건 좋게 보이는데 기존 다니던 손님 음식은 개밥처럼 주고..정 떨어져서 가기 싫어짐 칼"
그게 들리다 가져다주다,phrase,3,False,1,4.0,-3.0,"요즘 세상에 웨이팅 장부 없는 가게이고 차량 대로변에 다른가게 피해가게 줄 세워놓는 가게도 처음본다 가게 입구에 안내문 붙여놓지 손님끼리 기다리는법 서로 물어봄 사장이 외국인을 애정하시는지 식사 중 왔던 유럽인.일본인에게는 계란부친거 ""써뷔쓰으~~""하면서 되도 않는 영어 쓰시며 주시더라 식대지불한 음식이라도 제대로 주면 다른건 상관없는데 외국인들은 고기 상태 좋은쪽 곱게 썰어서 주고 한국인 테이블엔 고기 잔 부스레기 +비계 잔뜩 외국인들 대접해주는건 좋게 보이는데 기존 다니던 손님 음식은 개밥처럼 주고..정 떨어져서 가기 싫어짐 칼"
기존 다니다 손님,phrase,3,False,1,4.0,-3.0,"요즘 세상에 웨이팅 장부 없는 가게이고 차량 대로변에 다른가게 피해가게 줄 세워놓는 가게도 처음본다 가게 입구에 안내문 붙여놓지 손님끼리 기다리는법 서로 물어봄 사장이 외국인을 애정하시는지 식사 중 왔던 유럽인.일본인에게는 계란부친거 ""써뷔쓰으~~""하면서 되도 않는 영어 쓰시며 주시더라 식대지불한 음식이라도 제대로 주면 다른건 상관없는데 외국인들은 고기 상태 좋은쪽 곱게 썰어서 주고 한국인 테이블엔 고기 잔 부스레기 +비계 잔뜩 외국인들 대접해주는건 좋게 보이는데 기존 다니던 손님 음식은 개밥처럼 주고..정 떨어져서 가기 싫어짐 칼"
써뷔쓰으 않다 영어,phrase,3,False,1,4.0,-3.0,"요즘 세상에 웨이팅 장부 없는 가게이고 차량 대로변에 다른가게 피해가게 줄 세워놓는 가게도 처음본다 가게 입구에 안내문 붙여놓지 손님끼리 기다리는법 서로 물어봄 사장이 외국인을 애정하시는지 식사 중 왔던 유럽인.일본인에게는 계란부친거 ""써뷔쓰으~~""하면서 되도 않는 영어 쓰시며 주시더라 식대지불한 음식이라도 제대로 주면 다른건 상관없는데 외국인들은 고기 상태 좋은쪽 곱게 썰어서 주고 한국인 테이블엔 고기 잔 부스레기 +비계 잔뜩 외국인들 대접해주는건 좋게 보이는데 기존 다니던 손님 음식은 개밥처럼 주고..정 떨어져서 가기 싫어짐 칼"
쓰시 주다 식대,phrase,3,False,1,4.0,-3.0,"요즘 세상에 웨이팅 장부 없는 가게이고 차량 대로변에 다른가게 피해가게 줄 세워놓는 가게도 처음본다 가게 입구에 안내문 붙여놓지 손님끼리 기다리는법 서로 물어봄 사장이 외국인을 애정하시는지 식사 중 왔던 유럽인.일본인에게는 계란부친거 ""써뷔쓰으~~""하면서 되도 않는 영어 쓰시며 주시더라 식대지불한 음식이라도 제대로 주면 다른건 상관없는데 외국인들은 고기 상태 좋은쪽 곱게 썰어서 주고 한국인 테이블엔 고기 잔 부스레기 +비계 잔뜩 외국인들 대접해주는건 좋게 보이는데 기존 다니던 손님 음식은 개밥처럼 주고..정 떨어져서 가기 싫어짐 칼"
서로 물어보다 사장,phrase,3,False,1,4.0,-3.0,"요즘 세상에 웨이팅 장부 없는 가게이고 차량 대로변에 다른가게 피해가게 줄 세워놓는 가게도 처음본다 가게 입구에 안내문 붙여놓지 손님끼리 기다리는법 서로 물어봄 사장이 외국인을 애정하시는지 식사 중 왔던 유럽인.일본인에게는 계란부친거 ""써뷔쓰으~~""하면서 되도 않는 영어 쓰시며 주시더라 식대지불한 음식이라도 제대로 주면 다른건 상관없는데 외국인들은 고기 상태 좋은쪽 곱게 썰어서 주고 한국인 테이블엔 고기 잔 부스레기 +비계 잔뜩 외국인들 대접해주는건 좋게 보이는데 기존 다니던 손님 음식은 개밥처럼 주고..정 떨어져서 가기 싫어짐 칼"
가게 차량 대로,phrase,3,False,1,4.0,-3.0,"요즘 세상에 웨이팅 장부 없는 가게이고 차량 대로변에 다른가게 피해가게 줄 세워놓는 가게도 처음본다 가게 입구에 안내문 붙여놓지 손님끼리 기다리는법 서로 물어봄 사장이 외국인을 애정하시는지 식사 중 왔던 유럽인.일본인에게는 계란부친거 ""써뷔쓰으~~""하면서 되도 않는 영어 쓰시며 주시더라 식대지불한 음식이라도 제대로 주면 다른건 상관없는데 외국인들은 고기 상태 좋은쪽 곱게 썰어서 주고 한국인 테이블엔 고기 잔 부스레기 +비계 잔뜩 외국인들 대접해주는건 좋게 보이는데 기존 다니던 손님 음식은 개밥처럼 주고..정 떨어져서 가기 싫어짐 칼"
제대로 주다 다르다,phrase,3,False,1,4.0,-3.0,"요즘 세상에 웨이팅 장부 없는 가게이고 차량 대로변에 다른가게 피해가게 줄 세워놓는 가게도 처음본다 가게 입구에 안내문 붙여놓지 손님끼리 기다리는법 서로 물어봄 사장이 외국인을 애정하시는지 식사 중 왔던 유럽인.일본인에게는 계란부친거 ""써뷔쓰으~~""하면서 되도 않는 영어 쓰시며 주시더라 식대지불한 음식이라도 제대로 주면 다른건 상관없는데 외국인들은 고기 상태 좋은쪽 곱게 썰어서 주고 한국인 테이블엔 고기 잔 부스레기 +비계 잔뜩 외국인들 대접해주는건 좋게 보이는데 기존 다니던 손님 음식은 개밥처럼 주고..정 떨어져서 가기 싫어짐 칼"
물다 붙이다 손님,phrase,3,False,1,4.0,-3.0,"요즘 세상에 웨이팅 장부 없는 가게이고 차량 대로변에 다른가게 피해가게 줄 세워놓는 가게도 처음본다 가게 입구에 안내문 붙여놓지 손님끼리 기다리는법 서로 물어봄 사장이 외국인을 애정하시는지 식사 중 왔던 유럽인.일본인에게는 계란부친거 ""써뷔쓰으~~""하면서 되도 않는 영어 쓰시며 주시더라 식대지불한 음식이라도 제대로 주면 다른건 상관없는데 외국인들은 고기 상태 좋은쪽 곱게 썰어서 주고 한국인 테이블엔 고기 잔 부스레기 +비계 잔뜩 외국인들 대접해주는건 좋게 보이는데 기존 다니던 손님 음식은 개밥처럼 주고..정 떨어져서 가기 싫어짐 칼"
장부 가게 차량,phrase,3,False,1,4.0,-3.0,"요즘 세상에 웨이팅 장부 없는 가게이고 차량 대로변에 다른가게 피해가게 줄 세워놓는 가게도 처음본다 가게 입구에 안내문 붙여놓지 손님끼리 기다리는법 서로 물어봄 사장이 외국인을 애정하시는지 식사 중 왔던 유럽인.일본인에게는 계란부친거 ""써뷔쓰으~~""하면서 되도 않는 영어 쓰시며 주시더라 식대지불한 음식이라도 제대로 주면 다른건 상관없는데 외국인들은 고기 상태 좋은쪽 곱게 썰어서 주고 한국인 테이블엔 고기 잔 부스레기 +비계 잔뜩 외국인들 대접해주는건 좋게 보이는데 기존 다니던 손님 음식은 개밥처럼 주고..정 떨어져서 가기 싫어짐 칼"
일본인 계란 부치다,phrase,3,False,1,4.0,-3.0,"요즘 세상에 웨이팅 장부 없는 가게이고 차량 대로변에 다른가게 피해가게 줄 세워놓는 가게도 처음본다 가게 입구에 안내문 붙여놓지 손님끼리 기다리는법 서로 물어봄 사장이 외국인을 애정하시는지 식사 중 왔던 유럽인.일본인에게는 계란부친거 ""써뷔쓰으~~""하면서 되도 않는 영어 쓰시며 주시더라 식대지불한 음식이라도 제대로 주면 다른건 상관없는데 외국인들은 고기 상태 좋은쪽 곱게 썰어서 주고 한국인 테이블엔 고기 잔 부스레기 +비계 잔뜩 외국인들 대접해주는건 좋게 보이는데 기존 다니던 손님 음식은 개밥처럼 주고..정 떨어져서 가기 싫어짐 칼"
외치 그리다 바쁘다,phrase,3,False,1,4.0,-3.0,"요즘 세상에 웨이팅 장부 없는 가게이고 차량 대로변에 다른가게 피해가게 줄 세워놓는 가게도 처음본다 가게 입구에 안내문 붙여놓지 손님끼리 기다리는법 서로 물어봄 사장이 외국인을 애정하시는지 식사 중 왔던 유럽인.일본인에게는 계란부친거 ""써뷔쓰으~~""하면서 되도 않는 영어 쓰시며 주시더라 식대지불한 음식이라도 제대로 주면 다른건 상관없는데 외국인들은 고기 상태 좋은쪽 곱게 썰어서 주고 한국인 테이블엔 고기 잔 부스레기 +비계 잔뜩 외국인들 대접해주는건 좋게 보이는데 기존 다니던 손님 음식은 개밥처럼 주고..정 떨어져서 가기 싫어짐 칼"
추가 주문 허공,phrase,3,False,1,4.0,-3.0,"요즘 세상에 웨이팅 장부 없는 가게이고 차량 대로변에 다른가게 피해가게 줄 세워놓는 가게도 처음본다 가게 입구에 안내문 붙여놓지 손님끼리 기다리는법 서로 물어봄 사장이 외국인을 애정하시는지 식사 중 왔던 유럽인.일본인에게는 계란부친거 ""써뷔쓰으~~""하면서 되도 않는 영어 쓰시며 주시더라 식대지불한 음식이라도 제대로 주면 다른건 상관없는데 외국인들은 고기 상태 좋은쪽 곱게 썰어서 주고 한국인 테이블엔 고기 잔 부스레기 +비계 잔뜩 외국인들 대접해주는건 좋게 보이는데 기존 다니던 손님 음식은 개밥처럼 주고..정 떨어져서 가기 싫어짐 칼"
유럽인 일본인 계란,phrase,3,False,1,4.0,-3.0,"요즘 세상에 웨이팅 장부 없는 가게이고 차량 대로변에 다른가게 피해가게 줄 세워놓는 가게도 처음본다 가게 입구에 안내문 붙여놓지 손님끼리 기다리는법 서로 물어봄 사장이 외국인을 애정하시는지 식사 중 왔던 유럽인.일본인에게는 계란부친거 ""써뷔쓰으~~""하면서 되도 않는 영어 쓰시며 주시더라 식대지불한 음식이라도 제대로 주면 다른건 상관없는데 외국인들은 고기 상태 좋은쪽 곱게 썰어서 주고 한국인 테이블엔 고기 잔 부스레기 +비계 잔뜩 외국인들 대접해주는건 좋게 보이는데 기존 다니던 손님 음식은 개밥처럼 주고..정 떨어져서 가기 싫어짐 칼"
인력 그게 들리다,phrase,3,False,1,4.0,-3.0,"요즘 세상에 웨이팅 장부 없는 가게이고 차량 대로변에 다른가게 피해가게 줄 세워놓는 가게도 처음본다 가게 입구에 안내문 붙여놓지 손님끼리 기다리는법 서로 물어봄 사장이 외국인을 애정하시는지 식사 중 왔던 유럽인.일본인에게는 계란부친거 ""써뷔쓰으~~""하면서 되도 않는 영어 쓰시며 주시더라 식대지불한 음식이라도 제대로 주면 다른건 상관없는데 외국인들은 고기 상태 좋은쪽 곱게 썰어서 주고 한국인 테이블엔 고기 잔 부스레기 +비계 잔뜩 외국인들 대접해주는건 좋게 보이는데 기존 다니던 손님 음식은 개밥처럼 주고..정 떨어져서 가기 싫어짐 칼"
주다 주다 칼국수,phrase,3,False,1,4.0,-3.0,"요즘 세상에 웨이팅 장부 없는 가게이고 차량 대로변에 다른가게 피해가게 줄 세워놓는 가게도 처음본다 가게 입구에 안내문 붙여놓지 손님끼리 기다리는법 서로 물어봄 사장이 외국인을 애정하시는지 식사 중 왔던 유럽인.일본인에게는 계란부친거 ""써뷔쓰으~~""하면서 되도 않는 영어 쓰시며 주시더라 식대지불한 음식이라도 제대로 주면 다른건 상관없는데 외국인들은 고기 상태 좋은쪽 곱게 썰어서 주고 한국인 테이블엔 고기 잔 부스레기 +비계 잔뜩 외국인들 대접해주는건 좋게 보이는데 기존 다니던 손님 음식은 개밥처럼 주고..정 떨어져서 가기 싫어짐 칼"
붙이다 손님 끼리,phrase,3,False,1,4.0,-3.0,"요즘 세상에 웨이팅 장부 없는 가게이고 차량 대로변에 다른가게 피해가게 줄 세워놓는 가게도 처음본다 가게 입구에 안내문 붙여놓지 손님끼리 기다리는법 서로 물어봄 사장이 외국인을 애정하시는지 식사 중 왔던 유럽인.일본인에게는 계란부친거 ""써뷔쓰으~~""하면서 되도 않는 영어 쓰시며 주시더라 식대지불한 음식이라도 제대로 주면 다른건 상관없는데 외국인들은 고기 상태 좋은쪽 곱게 썰어서 주고 한국인 테이블엔 고기 잔 부스레기 +비계 잔뜩 외국인들 대접해주는건 좋게 보이는데 기존 다니던 손님 음식은 개밥처럼 주고..정 떨어져서 가기 싫어짐 칼"
애정 식사 오다,phrase,3,False,1,4.0,-3.0,"요즘 세상에 웨이팅 장부 없는 가게이고 차량 대로변에 다른가게 피해가게 줄 세워놓는 가게도 처음본다 가게 입구에 안내문 붙여놓지 손님끼리 기다리는법 서로 물어봄 사장이 외국인을 애정하시는지 식사 중 왔던 유럽인.일본인에게는 계란부친거 ""써뷔쓰으~~""하면서 되도 않는 영어 쓰시며 주시더라 식대지불한 음식이라도 제대로 주면 다른건 상관없는데 외국인들은 고기 상태 좋은쪽 곱게 썰어서 주고 한국인 테이블엔 고기 잔 부스레기 +비계 잔뜩 외국인들 대접해주는건 좋게 보이는데 기존 다니던 손님 음식은 개밥처럼 주고..정 떨어져서 가기 싫어짐 칼"
국물 주다 주다,phrase,3,False,1,4.0,-3.0,"요즘 세상에 웨이팅 장부 없는 가게이고 차량 대로변에 다른가게 피해가게 줄 세워놓는 가게도 처음본다 가게 입구에 안내문 붙여놓지 손님끼리 기다리는법 서로 물어봄 사장이 외국인을 애정하시는지 식사 중 왔던 유럽인.일본인에게는 계란부친거 ""써뷔쓰으~~""하면서 되도 않는 영어 쓰시며 주시더라 식대지불한 음식이라도 제대로 주면 다른건 상관없는데 외국인들은 고기 상태 좋은쪽 곱게 썰어서 주고 한국인 테이블엔 고기 잔 부스레기 +비계 잔뜩 외국인들 대접해주는건 좋게 보이는데 기존 다니던 손님 음식은 개밥처럼 주고..정 떨어져서 가기 싫어짐 칼"
세상 웨이 장부,phrase,3,False,1,4.0,-3.0,"요즘 세상에 웨이팅 장부 없는 가게이고 차량 대로변에 다른가게 피해가게 줄 세워놓는 가게도 처음본다 가게 입구에 안내문 붙여놓지 손님끼리 기다리는법 서로 물어봄 사장이 외국인을 애정하시는지 식사 중 왔던 유럽인.일본인에게는 계란부친거 ""써뷔쓰으~~""하면서 되도 않는 영어 쓰시며 주시더라 식대지불한 음식이라도 제대로 주면 다른건 상관없는데 외국인들은 고기 상태 좋은쪽 곱게 썰어서 주고 한국인 테이블엔 고기 잔 부스레기 +비계 잔뜩 외국인들 대접해주는건 좋게 보이는데 기존 다니던 손님 음식은 개밥처럼 주고..정 떨어져서 가기 싫어짐 칼"
상관없다 외국인 고기,phrase,3,False,1,4.0,-3.0,"요즘 세상에 웨이팅 장부 없는 가게이고 차량 대로변에 다른가게 피해가게 줄 세워놓는 가게도 처음본다 가게 입구에 안내문 붙여놓지 손님끼리 기다리는법 서로 물어봄 사장이 외국인을 애정하시는지 식사 중 왔던 유럽인.일본인에게는 계란부친거 ""써뷔쓰으~~""하면서 되도 않는 영어 쓰시며 주시더라 식대지불한 음식이라도 제대로 주면 다른건 상관없는데 외국인들은 고기 상태 좋은쪽 곱게 썰어서 주고 한국인 테이블엔 고기 잔 부스레기 +비계 잔뜩 외국인들 대접해주는건 좋게 보이는데 기존 다니던 손님 음식은 개밥처럼 주고..정 떨어져서 가기 싫어짐 칼"
다르다 상관없다 외국인,phrase,3,False,1,4.0,-3.0,"요즘 세상에 웨이팅 장부 없는 가게이고 차량 대로변에 다른가게 피해가게 줄 세워놓는 가게도 처음본다 가게 입구에 안내문 붙여놓지 손님끼리 기다리는법 서로 물어봄 사장이 외국인을 애정하시는지 식사 중 왔던 유럽인.일본인에게는 계란부친거 ""써뷔쓰으~~""하면서 되도 않는 영어 쓰시며 주시더라 식대지불한 음식이라도 제대로 주면 다른건 상관없는데 외국인들은 고기 상태 좋은쪽 곱게 썰어서 주고 한국인 테이블엔 고기 잔 부스레기 +비계 잔뜩 외국인들 대접해주는건 좋게 보이는데 기존 다니던 손님 음식은 개밥처럼 주고..정 떨어져서 가기 싫어짐 칼"
오다 유럽인 일본인,phrase,3,False,1,4.0,-3.0,"요즘 세상에 웨이팅 장부 없는 가게이고 차량 대로변에 다른가게 피해가게 줄 세워놓는 가게도 처음본다 가게 입구에 안내문 붙여놓지 손님끼리 기다리는법 서로 물어봄 사장이 외국인을 애정하시는지 식사 중 왔던 유럽인.일본인에게는 계란부친거 ""써뷔쓰으~~""하면서 되도 않는 영어 쓰시며 주시더라 식대지불한 음식이라도 제대로 주면 다른건 상관없는데 외국인들은 고기 상태 좋은쪽 곱게 썰어서 주고 한국인 테이블엔 고기 잔 부스레기 +비계 잔뜩 외국인들 대접해주는건 좋게 보이는데 기존 다니던 손님 음식은 개밥처럼 주고..정 떨어져서 가기 싫어짐 칼"
비계 잔뜩 외국,phrase,3,False,1,4.0,-3.0,"요즘 세상에 웨이팅 장부 없는 가게이고 차량 대로변에 다른가게 피해가게 줄 세워놓는 가게도 처음본다 가게 입구에 안내문 붙여놓지 손님끼리 기다리는법 서로 물어봄 사장이 외국인을 애정하시는지 식사 중 왔던 유럽인.일본인에게는 계란부친거 ""써뷔쓰으~~""하면서 되도 않는 영어 쓰시며 주시더라 식대지불한 음식이라도 제대로 주면 다른건 상관없는데 외국인들은 고기 상태 좋은쪽 곱게 썰어서 주고 한국인 테이블엔 고기 잔 부스레기 +비계 잔뜩 외국인들 대접해주는건 좋게 보이는데 기존 다니던 손님 음식은 개밥처럼 주고..정 떨어져서 가기 싫어짐 칼"
아줌마 손님 추가,phrase,3,False,1,4.0,-3.0,"요즘 세상에 웨이팅 장부 없는 가게이고 차량 대로변에 다른가게 피해가게 줄 세워놓는 가게도 처음본다 가게 입구에 안내문 붙여놓지 손님끼리 기다리는법 서로 물어봄 사장이 외국인을 애정하시는지 식사 중 왔던 유럽인.일본인에게는 계란부친거 ""써뷔쓰으~~""하면서 되도 않는 영어 쓰시며 주시더라 식대지불한 음식이라도 제대로 주면 다른건 상관없는데 외국인들은 고기 상태 좋은쪽 곱게 썰어서 주고 한국인 테이블엔 고기 잔 부스레기 +비계 잔뜩 외국인들 대접해주는건 좋게 보이는데 기존 다니던 손님 음식은 개밥처럼 주고..정 떨어져서 가기 싫어짐 칼"
끼리 기다리다 서로,phrase,3,False,1,4.0,-3.0,"요즘 세상에 웨이팅 장부 없는 가게이고 차량 대로변에 다른가게 피해가게 줄 세워놓는 가게도 처음본다 가게 입구에 안내문 붙여놓지 손님끼리 기다리는법 서로 물어봄 사장이 외국인을 애정하시는지 식사 중 왔던 유럽인.일본인에게는 계란부친거 ""써뷔쓰으~~""하면서 되도 않는 영어 쓰시며 주시더라 식대지불한 음식이라도 제대로 주면 다른건 상관없는데 외국인들은 고기 상태 좋은쪽 곱게 썰어서 주고 한국인 테이블엔 고기 잔 부스레기 +비계 잔뜩 외국인들 대접해주는건 좋게 보이는데 기존 다니던 손님 음식은 개밥처럼 주고..정 떨어져서 가기 싫어짐 칼"
바쁘다 다른 인력,phrase,3,False,1,4.0,-3.0,"요즘 세상에 웨이팅 장부 없는 가게이고 차량 대로변에 다른가게 피해가게 줄 세워놓는 가게도 처음본다 가게 입구에 안내문 붙여놓지 손님끼리 기다리는법 서로 물어봄 사장이 외국인을 애정하시는지 식사 중 왔던 유럽인.일본인에게는 계란부친거 ""써뷔쓰으~~""하면서 되도 않는 영어 쓰시며 주시더라 식대지불한 음식이라도 제대로 주면 다른건 상관없는데 외국인들은 고기 상태 좋은쪽 곱게 썰어서 주고 한국인 테이블엔 고기 잔 부스레기 +비계 잔뜩 외국인들 대접해주는건 좋게 보이는데 기존 다니던 손님 음식은 개밥처럼 주고..정 떨어져서 가기 싫어짐 칼"
개밥 주다 떨어지다,phrase,3,False,1,4.0,-3.0,"요즘 세상에 웨이팅 장부 없는 가게이고 차량 대로변에 다른가게 피해가게 줄 세워놓는 가게도 처음본다 가게 입구에 안내문 붙여놓지 손님끼리 기다리는법 서로 물어봄 사장이 외국인을 애정하시는지 식사 중 왔던 유럽인.일본인에게는 계란부친거 ""써뷔쓰으~~""하면서 되도 않는 영어 쓰시며 주시더라 식대지불한 음식이라도 제대로 주면 다른건 상관없는데 외국인들은 고기 상태 좋은쪽 곱게 썰어서 주고 한국인 테이블엔 고기 잔 부스레기 +비계 잔뜩 외국인들 대접해주는건 좋게 보이는데 기존 다니던 손님 음식은 개밥처럼 주고..정 떨어져서 가기 싫어짐 칼"
않다 영어 쓰시,phrase,3,False,1,4.0,-3.0,"요즘 세상에 웨이팅 장부 없는 가게이고 차량 대로변에 다른가게 피해가게 줄 세워놓는 가게도 처음본다 가게 입구에 안내문 붙여놓지 손님끼리 기다리는법 서로 물어봄 사장이 외국인을 애정하시는지 식사 중 왔던 유럽인.일본인에게는 계란부친거 ""써뷔쓰으~~""하면서 되도 않는 영어 쓰시며 주시더라 식대지불한 음식이라도 제대로 주면 다른건 상관없는데 외국인들은 고기 상태 좋은쪽 곱게 썰어서 주고 한국인 테이블엔 고기 잔 부스레기 +비계 잔뜩 외국인들 대접해주는건 좋게 보이는데 기존 다니던 손님 음식은 개밥처럼 주고..정 떨어져서 가기 싫어짐 칼"
썰다 주다 한국인,phrase,3,False,1,4.0,-3.0,"요즘 세상에 웨이팅 장부 없는 가게이고 차량 대로변에 다른가게 피해가게 줄 세워놓는 가게도 처음본다 가게 입구에 안내문 붙여놓지 손님끼리 기다리는법 서로 물어봄 사장이 외국인을 애정하시는지 식사 중 왔던 유럽인.일본인에게는 계란부친거 ""써뷔쓰으~~""하면서 되도 않는 영어 쓰시며 주시더라 식대지불한 음식이라도 제대로 주면 다른건 상관없는데 외국인들은 고기 상태 좋은쪽 곱게 썰어서 주고 한국인 테이블엔 고기 잔 부스레기 +비계 잔뜩 외국인들 대접해주는건 좋게 보이는데 기존 다니던 손님 음식은 개밥처럼 주고..정 떨어져서 가기 싫어짐 칼"
가게 세우다 가게,phrase,3,False,1,4.0,-3.0,"요즘 세상에 웨이팅 장부 없는 가게이고 차량 대로변에 다른가게 피해가게 줄 세워놓는 가게도 처음본다 가게 입구에 안내문 붙여놓지 손님끼리 기다리는법 서로 물어봄 사장이 외국인을 애정하시는지 식사 중 왔던 유럽인.일본인에게는 계란부친거 ""써뷔쓰으~~""하면서 되도 않는 영어 쓰시며 주시더라 식대지불한 음식이라도 제대로 주면 다른건 상관없는데 외국인들은 고기 상태 좋은쪽 곱게 썰어서 주고 한국인 테이블엔 고기 잔 부스레기 +비계 잔뜩 외국인들 대접해주는건 좋게 보이는데 기존 다니던 손님 음식은 개밥처럼 주고..정 떨어져서 가기 싫어짐 칼"
부치다 써뷔쓰으 않다,phrase,3,False,1,4.0,-3.0,"요즘 세상에 웨이팅 장부 없는 가게이고 차량 대로변에 다른가게 피해가게 줄 세워놓는 가게도 처음본다 가게 입구에 안내문 붙여놓지 손님끼리 기다리는법 서로 물어봄 사장이 외국인을 애정하시는지 식사 중 왔던 유럽인.일본인에게는 계란부친거 ""써뷔쓰으~~""하면서 되도 않는 영어 쓰시며 주시더라 식대지불한 음식이라도 제대로 주면 다른건 상관없는데 외국인들은 고기 상태 좋은쪽 곱게 썰어서 주고 한국인 테이블엔 고기 잔 부스레기 +비계 잔뜩 외국인들 대접해주는건 좋게 보이는데 기존 다니던 손님 음식은 개밥처럼 주고..정 떨어져서 가기 싫어짐 칼"
웨이 장부 가게,phrase,3,False,1,4.0,-3.0,"요즘 세상에 웨이팅 장부 없는 가게이고 차량 대로변에 다른가게 피해가게 줄 세워놓는 가게도 처음본다 가게 입구에 안내문 붙여놓지 손님끼리 기다리는법 서로 물어봄 사장이 외국인을 애정하시는지 식사 중 왔던 유럽인.일본인에게는 계란부친거 ""써뷔쓰으~~""하면서 되도 않는 영어 쓰시며 주시더라 식대지불한 음식이라도 제대로 주면 다른건 상관없는데 외국인들은 고기 상태 좋은쪽 곱게 썰어서 주고 한국인 테이블엔 고기 잔 부스레기 +비계 잔뜩 외국인들 대접해주는건 좋게 보이는데 기존 다니던 손님 음식은 개밥처럼 주고..정 떨어져서 가기 싫어짐 칼"
눈치 보다 아줌마,phrase,3,False,1,4.0,-3.0,"요즘 세상에 웨이팅 장부 없는 가게이고 차량 대로변에 다른가게 피해가게 줄 세워놓는 가게도 처음본다 가게 입구에 안내문 붙여놓지 손님끼리 기다리는법 서로 물어봄 사장이 외국인을 애정하시는지 식사 중 왔던 유럽인.일본인에게는 계란부친거 ""써뷔쓰으~~""하면서 되도 않는 영어 쓰시며 주시더라 식대지불한 음식이라도 제대로 주면 다른건 상관없는데 외국인들은 고기 상태 좋은쪽 곱게 썰어서 주고 한국인 테이블엔 고기 잔 부스레기 +비계 잔뜩 외국인들 대접해주는건 좋게 보이는데 기존 다니던 손님 음식은 개밥처럼 주고..정 떨어져서 가기 싫어짐 칼"
잔뜩 외국 대접,phrase,3,False,1,4.0,-3.0,"요즘 세상에 웨이팅 장부 없는 가게이고 차량 대로변에 다른가게 피해가게 줄 세워놓는 가게도 처음본다 가게 입구에 안내문 붙여놓지 손님끼리 기다리는법 서로 물어봄 사장이 외국인을 애정하시는지 식사 중 왔던 유럽인.일본인에게는 계란부친거 ""써뷔쓰으~~""하면서 되도 않는 영어 쓰시며 주시더라 식대지불한 음식이라도 제대로 주면 다른건 상관없는데 외국인들은 고기 상태 좋은쪽 곱게 썰어서 주고 한국인 테이블엔 고기 잔 부스레기 +비계 잔뜩 외국인들 대접해주는건 좋게 보이는데 기존 다니던 손님 음식은 개밥처럼 주고..정 떨어져서 가기 싫어짐 칼"
들리다 가져다주다 눈치,phrase,3,False,1,4.0,-3.0,"요즘 세상에 웨이팅 장부 없는 가게이고 차량 대로변에 다른가게 피해가게 줄 세워놓는 가게도 처음본다 가게 입구에 안내문 붙여놓지 손님끼리 기다리는법 서로 물어봄 사장이 외국인을 애정하시는지 식사 중 왔던 유럽인.일본인에게는 계란부친거 ""써뷔쓰으~~""하면서 되도 않는 영어 쓰시며 주시더라 식대지불한 음식이라도 제대로 주면 다른건 상관없는데 외국인들은 고기 상태 좋은쪽 곱게 썰어서 주고 한국인 테이블엔 고기 잔 부스레기 +비계 잔뜩 외국인들 대접해주는건 좋게 보이는데 기존 다니던 손님 음식은 개밥처럼 주고..정 떨어져서 가기 싫어짐 칼"
서빙 아줌마 손님,phrase,3,False,1,4.0,-3.0,"요즘 세상에 웨이팅 장부 없는 가게이고 차량 대로변에 다른가게 피해가게 줄 세워놓는 가게도 처음본다 가게 입구에 안내문 붙여놓지 손님끼리 기다리는법 서로 물어봄 사장이 외국인을 애정하시는지 식사 중 왔던 유럽인.일본인에게는 계란부친거 ""써뷔쓰으~~""하면서 되도 않는 영어 쓰시며 주시더라 식대지불한 음식이라도 제대로 주면 다른건 상관없는데 외국인들은 고기 상태 좋은쪽 곱게 썰어서 주고 한국인 테이블엔 고기 잔 부스레기 +비계 잔뜩 외국인들 대접해주는건 좋게 보이는데 기존 다니던 손님 음식은 개밥처럼 주고..정 떨어져서 가기 싫어짐 칼"
물어보다 사장 외국인,phrase,3,False,1,4.0,-3.0,"요즘 세상에 웨이팅 장부 없는 가게이고 차량 대로변에 다른가게 피해가게 줄 세워놓는 가게도 처음본다 가게 입구에 안내문 붙여놓지 손님끼리 기다리는법 서로 물어봄 사장이 외국인을 애정하시는지 식사 중 왔던 유럽인.일본인에게는 계란부친거 ""써뷔쓰으~~""하면서 되도 않는 영어 쓰시며 주시더라 식대지불한 음식이라도 제대로 주면 다른건 상관없는데 외국인들은 고기 상태 좋은쪽 곱게 썰어서 주고 한국인 테이블엔 고기 잔 부스레기 +비계 잔뜩 외국인들 대접해주는건 좋게 보이는데 기존 다니던 손님 음식은 개밥처럼 주고..정 떨어져서 가기 싫어짐 칼"
요즘 세상 웨이,phrase,3,False,1,4.0,-3.0,"요즘 세상에 웨이팅 장부 없는 가게이고 차량 대로변에 다른가게 피해가게 줄 세워놓는 가게도 처음본다 가게 입구에 안내문 붙여놓지 손님끼리 기다리는법 서로 물어봄 사장이 외국인을 애정하시는지 식사 중 왔던 유럽인.일본인에게는 계란부친거 ""써뷔쓰으~~""하면서 되도 않는 영어 쓰시며 주시더라 식대지불한 음식이라도 제대로 주면 다른건 상관없는데 외국인들은 고기 상태 좋은쪽 곱게 썰어서 주고 한국인 테이블엔 고기 잔 부스레기 +비계 잔뜩 외국인들 대접해주는건 좋게 보이는데 기존 다니던 손님 음식은 개밥처럼 주고..정 떨어져서 가기 싫어짐 칼"
아줌마 가다 주다,phrase,3,False,1,4.0,-3.0,"요즘 세상에 웨이팅 장부 없는 가게이고 차량 대로변에 다른가게 피해가게 줄 세워놓는 가게도 처음본다 가게 입구에 안내문 붙여놓지 손님끼리 기다리는법 서로 물어봄 사장이 외국인을 애정하시는지 식사 중 왔던 유럽인.일본인에게는 계란부친거 ""써뷔쓰으~~""하면서 되도 않는 영어 쓰시며 주시더라 식대지불한 음식이라도 제대로 주면 다른건 상관없는데 외국인들은 고기 상태 좋은쪽 곱게 썰어서 주고 한국인 테이블엔 고기 잔 부스레기 +비계 잔뜩 외국인들 대접해주는건 좋게 보이는데 기존 다니던 손님 음식은 개밥처럼 주고..정 떨어져서 가기 싫어짐 칼"
입구 물다 붙이다,phrase,3,False,1,4.0,-3.0,"요즘 세상에 웨이팅 장부 없는 가게이고 차량 대로변에 다른가게 피해가게 줄 세워놓는 가게도 처음본다 가게 입구에 안내문 붙여놓지 손님끼리 기다리는법 서로 물어봄 사장이 외국인을 애정하시는지 식사 중 왔던 유럽인.일본인에게는 계란부친거 ""써뷔쓰으~~""하면서 되도 않는 영어 쓰시며 주시더라 식대지불한 음식이라도 제대로 주면 다른건 상관없는데 외국인들은 고기 상태 좋은쪽 곱게 썰어서 주고 한국인 테이블엔 고기 잔 부스레기 +비계 잔뜩 외국인들 대접해주는건 좋게 보이는데 기존 다니던 손님 음식은 개밥처럼 주고..정 떨어져서 가기 싫어짐 칼"
부스 레기 비계,phrase,3,False,1,4.0,-3.0,"요즘 세상에 웨이팅 장부 없는 가게이고 차량 대로변에 다른가게 피해가게 줄 세워놓는 가게도 처음본다 가게 입구에 안내문 붙여놓지 손님끼리 기다리는법 서로 물어봄 사장이 외국인을 애정하시는지 식사 중 왔던 유럽인.일본인에게는 계란부친거 ""써뷔쓰으~~""하면서 되도 않는 영어 쓰시며 주시더라 식대지불한 음식이라도 제대로 주면 다른건 상관없는데 외국인들은 고기 상태 좋은쪽 곱게 썰어서 주고 한국인 테이블엔 고기 잔 부스레기 +비계 잔뜩 외국인들 대접해주는건 좋게 보이는데 기존 다니던 손님 음식은 개밥처럼 주고..정 떨어져서 가기 싫어짐 칼"
주다 떨어지다 가기,phrase,3,False,1,4.0,-3.0,"요즘 세상에 웨이팅 장부 없는 가게이고 차량 대로변에 다른가게 피해가게 줄 세워놓는 가게도 처음본다 가게 입구에 안내문 붙여놓지 손님끼리 기다리는법 서로 물어봄 사장이 외국인을 애정하시는지 식사 중 왔던 유럽인.일본인에게는 계란부친거 ""써뷔쓰으~~""하면서 되도 않는 영어 쓰시며 주시더라 식대지불한 음식이라도 제대로 주면 다른건 상관없는데 외국인들은 고기 상태 좋은쪽 곱게 썰어서 주고 한국인 테이블엔 고기 잔 부스레기 +비계 잔뜩 외국인들 대접해주는건 좋게 보이는데 기존 다니던 손님 음식은 개밥처럼 주고..정 떨어져서 가기 싫어짐 칼"
레기 비계 잔뜩,phrase,3,False,1,4.0,-3.0,"요즘 세상에 웨이팅 장부 없는 가게이고 차량 대로변에 다른가게 피해가게 줄 세워놓는 가게도 처음본다 가게 입구에 안내문 붙여놓지 손님끼리 기다리는법 서로 물어봄 사장이 외국인을 애정하시는지 식사 중 왔던 유럽인.일본인에게는 계란부친거 ""써뷔쓰으~~""하면서 되도 않는 영어 쓰시며 주시더라 식대지불한 음식이라도 제대로 주면 다른건 상관없는데 외국인들은 고기 상태 좋은쪽 곱게 썰어서 주고 한국인 테이블엔 고기 잔 부스레기 +비계 잔뜩 외국인들 대접해주는건 좋게 보이는데 기존 다니던 손님 음식은 개밥처럼 주고..정 떨어져서 가기 싫어짐 칼"
주다 다르다 상관없다,phrase,3,False,1,4.0,-3.0,"요즘 세상에 웨이팅 장부 없는 가게이고 차량 대로변에 다른가게 피해가게 줄 세워놓는 가게도 처음본다 가게 입구에 안내문 붙여놓지 손님끼리 기다리는법 서로 물어봄 사장이 외국인을 애정하시는지 식사 중 왔던 유럽인.일본인에게는 계란부친거 ""써뷔쓰으~~""하면서 되도 않는 영어 쓰시며 주시더라 식대지불한 음식이라도 제대로 주면 다른건 상관없는데 외국인들은 고기 상태 좋은쪽 곱게 썰어서 주고 한국인 테이블엔 고기 잔 부스레기 +비계 잔뜩 외국인들 대접해주는건 좋게 보이는데 기존 다니던 손님 음식은 개밥처럼 주고..정 떨어져서 가기 싫어짐 칼"
세우다 가게 처음,phrase,3,False,1,4.0,-3.0,"요즘 세상에 웨이팅 장부 없는 가게이고 차량 대로변에 다른가게 피해가게 줄 세워놓는 가게도 처음본다 가게 입구에 안내문 붙여놓지 손님끼리 기다리는법 서로 물어봄 사장이 외국인을 애정하시는지 식사 중 왔던 유럽인.일본인에게는 계란부친거 ""써뷔쓰으~~""하면서 되도 않는 영어 쓰시며 주시더라 식대지불한 음식이라도 제대로 주면 다른건 상관없는데 외국인들은 고기 상태 좋은쪽 곱게 썰어서 주고 한국인 테이블엔 고기 잔 부스레기 +비계 잔뜩 외국인들 대접해주는건 좋게 보이는데 기존 다니던 손님 음식은 개밥처럼 주고..정 떨어져서 가기 싫어짐 칼"
음식 제대로 주다,phrase,3,False,1,4.0,-3.0,"요즘 세상에 웨이팅 장부 없는 가게이고 차량 대로변에 다른가게 피해가게 줄 세워놓는 가게도 처음본다 가게 입구에 안내문 붙여놓지 손님끼리 기다리는법 서로 물어봄 사장이 외국인을 애정하시는지 식사 중 왔던 유럽인.일본인에게는 계란부친거 ""써뷔쓰으~~""하면서 되도 않는 영어 쓰시며 주시더라 식대지불한 음식이라도 제대로 주면 다른건 상관없는데 외국인들은 고기 상태 좋은쪽 곱게 썰어서 주고 한국인 테이블엔 고기 잔 부스레기 +비계 잔뜩 외국인들 대접해주는건 좋게 보이는데 기존 다니던 손님 음식은 개밥처럼 주고..정 떨어져서 가기 싫어짐 칼"
말다 술시,phrase,2,False,1,5.0,-2.5,확신의 맛집 무조건 반반보쌈으로 ㄱㄱ 단 시끄러운거 싫어하면 절대 평일 저녁엔 가지마세요 할저씨들 술시켜놓고 고성방가 심함..
방가 심하다,phrase,2,False,1,5.0,-2.5,확신의 맛집 무조건 반반보쌈으로 ㄱㄱ 단 시끄러운거 싫어하면 절대 평일 저녁엔 가지마세요 할저씨들 술시켜놓고 고성방가 심함..
싫어하다 절대,phrase,2,False,1,5.0,-2.5,확신의 맛집 무조건 반반보쌈으로 ㄱㄱ 단 시끄러운거 싫어하면 절대 평일 저녁엔 가지마세요 할저씨들 술시켜놓고 고성방가 심함..
술시 켜다,phrase,2,False,1,5.0,-2.5,확신의 맛집 무조건 반반보쌈으로 ㄱㄱ 단 시끄러운거 싫어하면 절대 평일 저녁엔 가지마세요 할저씨들 술시켜놓고 고성방가 심함..
저녁 가지,phrase,2,False,1,5.0,-2.5,확신의 맛집 무조건 반반보쌈으로 ㄱㄱ 단 시끄러운거 싫어하면 절대 평일 저녁엔 가지마세요 할저씨들 술시켜놓고 고성방가 심함..
절대 평일,phrase,2,False,1,5.0,-2.5,확신의 맛집 무조건 반반보쌈으로 ㄱㄱ 단 시끄러운거 싫어하면 절대 평일 저녁엔 가지마세요 할저씨들 술시켜놓고 고성방가 심함..
켜다 고성,phrase,2,False,1,5.0,-2.5,확신의 맛집 무조건 반반보쌈으로 ㄱㄱ 단 시끄러운거 싫어하면 절대 평일 저녁엔 가지마세요 할저씨들 술시켜놓고 고성방가 심함..
무조건 보쌈,phrase,2,False,1,5.0,-2.5,확신의 맛집 무조건 반반보쌈으로 ㄱㄱ 단 시끄러운거 싫어하면 절대 평일 저녁엔 가지마세요 할저씨들 술시켜놓고 고성방가 심함..
평일 저녁,phrase,2,False,1,5.0,-2.5,확신의 맛집 무조건 반반보쌈으로 ㄱㄱ 단 시끄러운거 싫어하면 절대 평일 저녁엔 가지마세요 할저씨들 술시켜놓고 고성방가 심함..
보쌈 시끄럽다,phrase,2,False,1,5.0,-2.5,확신의 맛집 무조건 반반보쌈으로 ㄱㄱ 단 시끄러운거 싫어하면 절대 평일 저녁엔 가지마세요 할저씨들 술시켜놓고 고성방가 심함..
갈비 주문,phrase,2,False,1,5.0,0.0,처음왔지만 처음이 아닌듯한 익숙한 느낌 쭌.. 쭌곱창!! 곱창 갈비를 주문했어요 홍대면 여기로~!
익숙하다 느낌,phrase,2,False,1,5.0,0.0,처음왔지만 처음이 아닌듯한 익숙한 느낌 쭌.. 쭌곱창!! 곱창 갈비를 주문했어요 홍대면 여기로~!
곱창 곱창,phrase,2,False,1,5.0,0.0,처음왔지만 처음이 아닌듯한 익숙한 느낌 쭌.. 쭌곱창!! 곱창 갈비를 주문했어요 홍대면 여기로~!
아니다 익숙하다,phrase,2,False,1,5.0,0.0,처음왔지만 처음이 아닌듯한 익숙한 느낌 쭌.. 쭌곱창!! 곱창 갈비를 주문했어요 홍대면 여기로~!
주문 홍대,phrase,2,False,1,5.0,0.0,처음왔지만 처음이 아닌듯한 익숙한 느낌 쭌.. 쭌곱창!! 곱창 갈비를 주문했어요 홍대면 여기로~!
처음 오다,phrase,2,False,1,5.0,0.0,처음왔지만 처음이 아닌듯한 익숙한 느낌 쭌.. 쭌곱창!! 곱창 갈비를 주문했어요 홍대면 여기로~!
처음 아니다,phrase,2,False,1,5.0,0.0,처음왔지만 처음이 아닌듯한 익숙한 느낌 쭌.. 쭌곱창!! 곱창 갈비를 주문했어요 홍대면 여기로~!
홍대 여기,phrase,2,False,1,5.0,0.0,처음왔지만 처음이 아닌듯한 익숙한 느낌 쭌.. 쭌곱창!! 곱창 갈비를 주문했어요 홍대면 여기로~!
느낌 곱창,phrase,2,False,1,5.0,0.0,처음왔지만 처음이 아닌듯한 익숙한 느낌 쭌.. 쭌곱창!! 곱창 갈비를 주문했어요 홍대면 여기로~!
오다 처음,phrase,2,False,1,5.0,0.0,처음왔지만 처음이 아닌듯한 익숙한 느낌 쭌.. 쭌곱창!! 곱창 갈비를 주문했어요 홍대면 여기로~!
곱창 갈비,phrase,2,False,1,5.0,0.0,처음왔지만 처음이 아닌듯한 익숙한 느낌 쭌.. 쭌곱창!! 곱창 갈비를 주문했어요 홍대면 여기로~!
존맛 살살,phrase,2,False,1,5.0,-1.0,음 맛잇을때가 잇고 그저그럴때가 있는듯? 평소엔 걍 존맛 입에서 살살녹아요; 여기꺼 먹으면 딴데꺼 못먹어요..그렇게 되고 싶으면 먹으세요.. 글고 돼지털도 잇어요 혹시 예민한 사람이면 싫어할듯
싶다 먹다,phrase,2,False,1,5.0,-1.0,음 맛잇을때가 잇고 그저그럴때가 있는듯? 평소엔 걍 존맛 입에서 살살녹아요; 여기꺼 먹으면 딴데꺼 못먹어요..그렇게 되고 싶으면 먹으세요.. 글고 돼지털도 잇어요 혹시 예민한 사람이면 싫어할듯
돼지 털다,phrase,2,False,1,5.0,-1.0,음 맛잇을때가 잇고 그저그럴때가 있는듯? 평소엔 걍 존맛 입에서 살살녹아요; 여기꺼 먹으면 딴데꺼 못먹어요..그렇게 되고 싶으면 먹으세요.. 글고 돼지털도 잇어요 혹시 예민한 사람이면 싫어할듯
예민하다 사람,phrase,2,False,1,5.0,-1.0,음 맛잇을때가 잇고 그저그럴때가 있는듯? 평소엔 걍 존맛 입에서 살살녹아요; 여기꺼 먹으면 딴데꺼 못먹어요..그렇게 되고 싶으면 먹으세요.. 글고 돼지털도 잇어요 혹시 예민한 사람이면 싫어할듯
먹다 그렇게,phrase,2,False,1,5.0,-1.0,음 맛잇을때가 잇고 그저그럴때가 있는듯? 평소엔 걍 존맛 입에서 살살녹아요; 여기꺼 먹으면 딴데꺼 못먹어요..그렇게 되고 싶으면 먹으세요.. 글고 돼지털도 잇어요 혹시 예민한 사람이면 싫어할듯
그렇게 싶다,phrase,2,False,1,5.0,-1.0,음 맛잇을때가 잇고 그저그럴때가 있는듯? 평소엔 걍 존맛 입에서 살살녹아요; 여기꺼 먹으면 딴데꺼 못먹어요..그렇게 되고 싶으면 먹으세요.. 글고 돼지털도 잇어요 혹시 예민한 사람이면 싫어할듯
이면 싫어하다,phrase,2,False,1,5.0,-1.0,음 맛잇을때가 잇고 그저그럴때가 있는듯? 평소엔 걍 존맛 입에서 살살녹아요; 여기꺼 먹으면 딴데꺼 못먹어요..그렇게 되고 싶으면 먹으세요.. 글고 돼지털도 잇어요 혹시 예민한 사람이면 싫어할듯
털다 잇다,phrase,2,False,1,5.0,-1.0,음 맛잇을때가 잇고 그저그럴때가 있는듯? 평소엔 걍 존맛 입에서 살살녹아요; 여기꺼 먹으면 딴데꺼 못먹어요..그렇게 되고 싶으면 먹으세요.. 글고 돼지털도 잇어요 혹시 예민한 사람이면 싫어할듯
살살 녹다,phrase,2,False,1,5.0,-1.0,음 맛잇을때가 잇고 그저그럴때가 있는듯? 평소엔 걍 존맛 입에서 살살녹아요; 여기꺼 먹으면 딴데꺼 못먹어요..그렇게 되고 싶으면 먹으세요.. 글고 돼지털도 잇어요 혹시 예민한 사람이면 싫어할듯
먹다 돼지,phrase,2,False,1,5.0,-1.0,음 맛잇을때가 잇고 그저그럴때가 있는듯? 평소엔 걍 존맛 입에서 살살녹아요; 여기꺼 먹으면 딴데꺼 못먹어요..그렇게 되고 싶으면 먹으세요.. 글고 돼지털도 잇어요 혹시 예민한 사람이면 싫어할듯
먹다 따다,phrase,2,False,1,5.0,-1.0,음 맛잇을때가 잇고 그저그럴때가 있는듯? 평소엔 걍 존맛 입에서 살살녹아요; 여기꺼 먹으면 딴데꺼 못먹어요..그렇게 되고 싶으면 먹으세요.. 글고 돼지털도 잇어요 혹시 예민한 사람이면 싫어할듯
잇다 잇다,phrase,2,False,1,5.0,-1.0,음 맛잇을때가 잇고 그저그럴때가 있는듯? 평소엔 걍 존맛 입에서 살살녹아요; 여기꺼 먹으면 딴데꺼 못먹어요..그렇게 되고 싶으면 먹으세요.. 글고 돼지털도 잇어요 혹시 예민한 사람이면 싫어할듯
그렇다 평소,phrase,2,False,1,5.0,-1.0,음 맛잇을때가 잇고 그저그럴때가 있는듯? 평소엔 걍 존맛 입에서 살살녹아요; 여기꺼 먹으면 딴데꺼 못먹어요..그렇게 되고 싶으면 먹으세요.. 글고 돼지털도 잇어요 혹시 예민한 사람이면 싫어할듯
따다 먹다,phrase,2,False,1,5.0,-1.0,음 맛잇을때가 잇고 그저그럴때가 있는듯? 평소엔 걍 존맛 입에서 살살녹아요; 여기꺼 먹으면 딴데꺼 못먹어요..그렇게 되고 싶으면 먹으세요.. 글고 돼지털도 잇어요 혹시 예민한 사람이면 싫어할듯
평소 존맛,phrase,2,False,1,5.0,-1.0,음 맛잇을때가 잇고 그저그럴때가 있는듯? 평소엔 걍 존맛 입에서 살살녹아요; 여기꺼 먹으면 딴데꺼 못먹어요..그렇게 되고 싶으면 먹으세요.. 글고 돼지털도 잇어요 혹시 예민한 사람이면 싫어할듯
사람 이면,phrase,2,False,1,5.0,-1.0,음 맛잇을때가 잇고 그저그럴때가 있는듯? 평소엔 걍 존맛 입에서 살살녹아요; 여기꺼 먹으면 딴데꺼 못먹어요..그렇게 되고 싶으면 먹으세요.. 글고 돼지털도 잇어요 혹시 예민한 사람이면 싫어할듯
잇다 혹시,phrase,2,False,1,5.0,-1.0,음 맛잇을때가 잇고 그저그럴때가 있는듯? 평소엔 걍 존맛 입에서 살살녹아요; 여기꺼 먹으면 딴데꺼 못먹어요..그렇게 되고 싶으면 먹으세요.. 글고 돼지털도 잇어요 혹시 예민한 사람이면 싫어할듯
여기다 먹다,phrase,2,False,1,5.0,-1.0,음 맛잇을때가 잇고 그저그럴때가 있는듯? 평소엔 걍 존맛 입에서 살살녹아요; 여기꺼 먹으면 딴데꺼 못먹어요..그렇게 되고 싶으면 먹으세요.. 글고 돼지털도 잇어요 혹시 예민한 사람이면 싫어할듯
잇다 그저,phrase,2,False,1,5.0,-1.0,음 맛잇을때가 잇고 그저그럴때가 있는듯? 평소엔 걍 존맛 입에서 살살녹아요; 여기꺼 먹으면 딴데꺼 못먹어요..그렇게 되고 싶으면 먹으세요.. 글고 돼지털도 잇어요 혹시 예민한 사람이면 싫어할듯
혹시 예민하다,phrase,2,False,1,5.0,-1.0,음 맛잇을때가 잇고 그저그럴때가 있는듯? 평소엔 걍 존맛 입에서 살살녹아요; 여기꺼 먹으면 딴데꺼 못먹어요..그렇게 되고 싶으면 먹으세요.. 글고 돼지털도 잇어요 혹시 예민한 사람이면 싫어할듯
녹다 여기다,phrase,2,False,1,5.0,-1.0,음 맛잇을때가 잇고 그저그럴때가 있는듯? 평소엔 걍 존맛 입에서 살살녹아요; 여기꺼 먹으면 딴데꺼 못먹어요..그렇게 되고 싶으면 먹으세요.. 글고 돼지털도 잇어요 혹시 예민한 사람이면 싫어할듯
목소리 지나치다,phrase,2,False,1,5.0,-4.0,"2025년 07월 31일 - 새벽 2:30 야~~~~ 그놈 솔직히 말씀드리면, 너무 시끄려워 이곳이 술을 함께 파는 음식점이라는 건 알고 있지만, 그래도 공공장소입니다. 다른 손님들도 함께 있는 공간인 만큼, 최소한의 예의는 지켜야 한다고 생각합니다. 제발 목소리를 낮춰 주세요. 당신의 사업 이야기를 듣고 싶어 하는 사람은 주변에 없습니다. 함께 술 마시는 사람들에게만 들릴 정도로 이야기해 주세요. 오늘 이 가게에 세 번째 방문인데, 소음이 너무 심해서 식사 도중에 속이 울렁거릴 정도였습니다. 이건 너무 무례한 행동입니다. 직원분들"
지키다 생각,phrase,2,False,1,5.0,-4.0,"2025년 07월 31일 - 새벽 2:30 야~~~~ 그놈 솔직히 말씀드리면, 너무 시끄려워 이곳이 술을 함께 파는 음식점이라는 건 알고 있지만, 그래도 공공장소입니다. 다른 손님들도 함께 있는 공간인 만큼, 최소한의 예의는 지켜야 한다고 생각합니다. 제발 목소리를 낮춰 주세요. 당신의 사업 이야기를 듣고 싶어 하는 사람은 주변에 없습니다. 함께 술 마시는 사람들에게만 들릴 정도로 이야기해 주세요. 오늘 이 가게에 세 번째 방문인데, 소음이 너무 심해서 식사 도중에 속이 울렁거릴 정도였습니다. 이건 너무 무례한 행동입니다. 직원분들"
목소리 낮추다,phrase,2,False,1,5.0,-4.0,"2025년 07월 31일 - 새벽 2:30 야~~~~ 그놈 솔직히 말씀드리면, 너무 시끄려워 이곳이 술을 함께 파는 음식점이라는 건 알고 있지만, 그래도 공공장소입니다. 다른 손님들도 함께 있는 공간인 만큼, 최소한의 예의는 지켜야 한다고 생각합니다. 제발 목소리를 낮춰 주세요. 당신의 사업 이야기를 듣고 싶어 하는 사람은 주변에 없습니다. 함께 술 마시는 사람들에게만 들릴 정도로 이야기해 주세요. 오늘 이 가게에 세 번째 방문인데, 소음이 너무 심해서 식사 도중에 속이 울렁거릴 정도였습니다. 이건 너무 무례한 행동입니다. 직원분들"
너무 무례하다,phrase,2,False,1,5.0,-4.0,"2025년 07월 31일 - 새벽 2:30 야~~~~ 그놈 솔직히 말씀드리면, 너무 시끄려워 이곳이 술을 함께 파는 음식점이라는 건 알고 있지만, 그래도 공공장소입니다. 다른 손님들도 함께 있는 공간인 만큼, 최소한의 예의는 지켜야 한다고 생각합니다. 제발 목소리를 낮춰 주세요. 당신의 사업 이야기를 듣고 싶어 하는 사람은 주변에 없습니다. 함께 술 마시는 사람들에게만 들릴 정도로 이야기해 주세요. 오늘 이 가게에 세 번째 방문인데, 소음이 너무 심해서 식사 도중에 속이 울렁거릴 정도였습니다. 이건 너무 무례한 행동입니다. 직원분들"
직원 부탁드리다,phrase,2,False,1,5.0,-4.0,"2025년 07월 31일 - 새벽 2:30 야~~~~ 그놈 솔직히 말씀드리면, 너무 시끄려워 이곳이 술을 함께 파는 음식점이라는 건 알고 있지만, 그래도 공공장소입니다. 다른 손님들도 함께 있는 공간인 만큼, 최소한의 예의는 지켜야 한다고 생각합니다. 제발 목소리를 낮춰 주세요. 당신의 사업 이야기를 듣고 싶어 하는 사람은 주변에 없습니다. 함께 술 마시는 사람들에게만 들릴 정도로 이야기해 주세요. 오늘 이 가게에 세 번째 방문인데, 소음이 너무 심해서 식사 도중에 속이 울렁거릴 정도였습니다. 이건 너무 무례한 행동입니다. 직원분들"
이렇다 부분,phrase,2,False,1,5.0,-4.0,"2025년 07월 31일 - 새벽 2:30 야~~~~ 그놈 솔직히 말씀드리면, 너무 시끄려워 이곳이 술을 함께 파는 음식점이라는 건 알고 있지만, 그래도 공공장소입니다. 다른 손님들도 함께 있는 공간인 만큼, 최소한의 예의는 지켜야 한다고 생각합니다. 제발 목소리를 낮춰 주세요. 당신의 사업 이야기를 듣고 싶어 하는 사람은 주변에 없습니다. 함께 술 마시는 사람들에게만 들릴 정도로 이야기해 주세요. 오늘 이 가게에 세 번째 방문인데, 소음이 너무 심해서 식사 도중에 속이 울렁거릴 정도였습니다. 이건 너무 무례한 행동입니다. 직원분들"
방문 어리다,phrase,2,False,1,5.0,-4.0,"2025년 07월 31일 - 새벽 2:30 야~~~~ 그놈 솔직히 말씀드리면, 너무 시끄려워 이곳이 술을 함께 파는 음식점이라는 건 알고 있지만, 그래도 공공장소입니다. 다른 손님들도 함께 있는 공간인 만큼, 최소한의 예의는 지켜야 한다고 생각합니다. 제발 목소리를 낮춰 주세요. 당신의 사업 이야기를 듣고 싶어 하는 사람은 주변에 없습니다. 함께 술 마시는 사람들에게만 들릴 정도로 이야기해 주세요. 오늘 이 가게에 세 번째 방문인데, 소음이 너무 심해서 식사 도중에 속이 울렁거릴 정도였습니다. 이건 너무 무례한 행동입니다. 직원분들"
않다 다시,phrase,2,False,1,5.0,-4.0,"2025년 07월 31일 - 새벽 2:30 야~~~~ 그놈 솔직히 말씀드리면, 너무 시끄려워 이곳이 술을 함께 파는 음식점이라는 건 알고 있지만, 그래도 공공장소입니다. 다른 손님들도 함께 있는 공간인 만큼, 최소한의 예의는 지켜야 한다고 생각합니다. 제발 목소리를 낮춰 주세요. 당신의 사업 이야기를 듣고 싶어 하는 사람은 주변에 없습니다. 함께 술 마시는 사람들에게만 들릴 정도로 이야기해 주세요. 오늘 이 가게에 세 번째 방문인데, 소음이 너무 심해서 식사 도중에 속이 울렁거릴 정도였습니다. 이건 너무 무례한 행동입니다. 직원분들"
제발 목소리,phrase,2,False,1,5.0,-4.0,"2025년 07월 31일 - 새벽 2:30 야~~~~ 그놈 솔직히 말씀드리면, 너무 시끄려워 이곳이 술을 함께 파는 음식점이라는 건 알고 있지만, 그래도 공공장소입니다. 다른 손님들도 함께 있는 공간인 만큼, 최소한의 예의는 지켜야 한다고 생각합니다. 제발 목소리를 낮춰 주세요. 당신의 사업 이야기를 듣고 싶어 하는 사람은 주변에 없습니다. 함께 술 마시는 사람들에게만 들릴 정도로 이야기해 주세요. 오늘 이 가게에 세 번째 방문인데, 소음이 너무 심해서 식사 도중에 속이 울렁거릴 정도였습니다. 이건 너무 무례한 행동입니다. 직원분들"
경우 조용하다,phrase,2,False,1,5.0,-4.0,"2025년 07월 31일 - 새벽 2:30 야~~~~ 그놈 솔직히 말씀드리면, 너무 시끄려워 이곳이 술을 함께 파는 음식점이라는 건 알고 있지만, 그래도 공공장소입니다. 다른 손님들도 함께 있는 공간인 만큼, 최소한의 예의는 지켜야 한다고 생각합니다. 제발 목소리를 낮춰 주세요. 당신의 사업 이야기를 듣고 싶어 하는 사람은 주변에 없습니다. 함께 술 마시는 사람들에게만 들릴 정도로 이야기해 주세요. 오늘 이 가게에 세 번째 방문인데, 소음이 너무 심해서 식사 도중에 속이 울렁거릴 정도였습니다. 이건 너무 무례한 행동입니다. 직원분들"
지나치다 크다,phrase,2,False,1,5.0,-4.0,"2025년 07월 31일 - 새벽 2:30 야~~~~ 그놈 솔직히 말씀드리면, 너무 시끄려워 이곳이 술을 함께 파는 음식점이라는 건 알고 있지만, 그래도 공공장소입니다. 다른 손님들도 함께 있는 공간인 만큼, 최소한의 예의는 지켜야 한다고 생각합니다. 제발 목소리를 낮춰 주세요. 당신의 사업 이야기를 듣고 싶어 하는 사람은 주변에 없습니다. 함께 술 마시는 사람들에게만 들릴 정도로 이야기해 주세요. 오늘 이 가게에 세 번째 방문인데, 소음이 너무 심해서 식사 도중에 속이 울렁거릴 정도였습니다. 이건 너무 무례한 행동입니다. 직원분들"
팔다 음식점,phrase,2,False,1,5.0,-4.0,"2025년 07월 31일 - 새벽 2:30 야~~~~ 그놈 솔직히 말씀드리면, 너무 시끄려워 이곳이 술을 함께 파는 음식점이라는 건 알고 있지만, 그래도 공공장소입니다. 다른 손님들도 함께 있는 공간인 만큼, 최소한의 예의는 지켜야 한다고 생각합니다. 제발 목소리를 낮춰 주세요. 당신의 사업 이야기를 듣고 싶어 하는 사람은 주변에 없습니다. 함께 술 마시는 사람들에게만 들릴 정도로 이야기해 주세요. 오늘 이 가게에 세 번째 방문인데, 소음이 너무 심해서 식사 도중에 속이 울렁거릴 정도였습니다. 이건 너무 무례한 행동입니다. 직원분들"
낮추다 줄다,phrase,2,False,1,5.0,-4.0,"2025년 07월 31일 - 새벽 2:30 야~~~~ 그놈 솔직히 말씀드리면, 너무 시끄려워 이곳이 술을 함께 파는 음식점이라는 건 알고 있지만, 그래도 공공장소입니다. 다른 손님들도 함께 있는 공간인 만큼, 최소한의 예의는 지켜야 한다고 생각합니다. 제발 목소리를 낮춰 주세요. 당신의 사업 이야기를 듣고 싶어 하는 사람은 주변에 없습니다. 함께 술 마시는 사람들에게만 들릴 정도로 이야기해 주세요. 오늘 이 가게에 세 번째 방문인데, 소음이 너무 심해서 식사 도중에 속이 울렁거릴 정도였습니다. 이건 너무 무례한 행동입니다. 직원분들"
도중 속이다,phrase,2,False,1,5.0,-4.0,"2025년 07월 31일 - 새벽 2:30 야~~~~ 그놈 솔직히 말씀드리면, 너무 시끄려워 이곳이 술을 함께 파는 음식점이라는 건 알고 있지만, 그래도 공공장소입니다. 다른 손님들도 함께 있는 공간인 만큼, 최소한의 예의는 지켜야 한다고 생각합니다. 제발 목소리를 낮춰 주세요. 당신의 사업 이야기를 듣고 싶어 하는 사람은 주변에 없습니다. 함께 술 마시는 사람들에게만 들릴 정도로 이야기해 주세요. 오늘 이 가게에 세 번째 방문인데, 소음이 너무 심해서 식사 도중에 속이 울렁거릴 정도였습니다. 이건 너무 무례한 행동입니다. 직원분들"
바라다 이렇다,phrase,2,False,1,5.0,-4.0,"2025년 07월 31일 - 새벽 2:30 야~~~~ 그놈 솔직히 말씀드리면, 너무 시끄려워 이곳이 술을 함께 파는 음식점이라는 건 알고 있지만, 그래도 공공장소입니다. 다른 손님들도 함께 있는 공간인 만큼, 최소한의 예의는 지켜야 한다고 생각합니다. 제발 목소리를 낮춰 주세요. 당신의 사업 이야기를 듣고 싶어 하는 사람은 주변에 없습니다. 함께 술 마시는 사람들에게만 들릴 정도로 이야기해 주세요. 오늘 이 가게에 세 번째 방문인데, 소음이 너무 심해서 식사 도중에 속이 울렁거릴 정도였습니다. 이건 너무 무례한 행동입니다. 직원분들"
그래도 공공장소,phrase,2,False,1,5.0,-4.0,"2025년 07월 31일 - 새벽 2:30 야~~~~ 그놈 솔직히 말씀드리면, 너무 시끄려워 이곳이 술을 함께 파는 음식점이라는 건 알고 있지만, 그래도 공공장소입니다. 다른 손님들도 함께 있는 공간인 만큼, 최소한의 예의는 지켜야 한다고 생각합니다. 제발 목소리를 낮춰 주세요. 당신의 사업 이야기를 듣고 싶어 하는 사람은 주변에 없습니다. 함께 술 마시는 사람들에게만 들릴 정도로 이야기해 주세요. 오늘 이 가게에 세 번째 방문인데, 소음이 너무 심해서 식사 도중에 속이 울렁거릴 정도였습니다. 이건 너무 무례한 행동입니다. 직원분들"
손님 함께,phrase,2,False,1,5.0,-4.0,"2025년 07월 31일 - 새벽 2:30 야~~~~ 그놈 솔직히 말씀드리면, 너무 시끄려워 이곳이 술을 함께 파는 음식점이라는 건 알고 있지만, 그래도 공공장소입니다. 다른 손님들도 함께 있는 공간인 만큼, 최소한의 예의는 지켜야 한다고 생각합니다. 제발 목소리를 낮춰 주세요. 당신의 사업 이야기를 듣고 싶어 하는 사람은 주변에 없습니다. 함께 술 마시는 사람들에게만 들릴 정도로 이야기해 주세요. 오늘 이 가게에 세 번째 방문인데, 소음이 너무 심해서 식사 도중에 속이 울렁거릴 정도였습니다. 이건 너무 무례한 행동입니다. 직원분들"
싶다 사람,phrase,2,False,1,5.0,-4.0,"2025년 07월 31일 - 새벽 2:30 야~~~~ 그놈 솔직히 말씀드리면, 너무 시끄려워 이곳이 술을 함께 파는 음식점이라는 건 알고 있지만, 그래도 공공장소입니다. 다른 손님들도 함께 있는 공간인 만큼, 최소한의 예의는 지켜야 한다고 생각합니다. 제발 목소리를 낮춰 주세요. 당신의 사업 이야기를 듣고 싶어 하는 사람은 주변에 없습니다. 함께 술 마시는 사람들에게만 들릴 정도로 이야기해 주세요. 오늘 이 가게에 세 번째 방문인데, 소음이 너무 심해서 식사 도중에 속이 울렁거릴 정도였습니다. 이건 너무 무례한 행동입니다. 직원분들"
행동 이다,phrase,2,False,1,5.0,-4.0,"2025년 07월 31일 - 새벽 2:30 야~~~~ 그놈 솔직히 말씀드리면, 너무 시끄려워 이곳이 술을 함께 파는 음식점이라는 건 알고 있지만, 그래도 공공장소입니다. 다른 손님들도 함께 있는 공간인 만큼, 최소한의 예의는 지켜야 한다고 생각합니다. 제발 목소리를 낮춰 주세요. 당신의 사업 이야기를 듣고 싶어 하는 사람은 주변에 없습니다. 함께 술 마시는 사람들에게만 들릴 정도로 이야기해 주세요. 오늘 이 가게에 세 번째 방문인데, 소음이 너무 심해서 식사 도중에 속이 울렁거릴 정도였습니다. 이건 너무 무례한 행동입니다. 직원분들"
생각 제발,phrase,2,False,1,5.0,-4.0,"2025년 07월 31일 - 새벽 2:30 야~~~~ 그놈 솔직히 말씀드리면, 너무 시끄려워 이곳이 술을 함께 파는 음식점이라는 건 알고 있지만, 그래도 공공장소입니다. 다른 손님들도 함께 있는 공간인 만큼, 최소한의 예의는 지켜야 한다고 생각합니다. 제발 목소리를 낮춰 주세요. 당신의 사업 이야기를 듣고 싶어 하는 사람은 주변에 없습니다. 함께 술 마시는 사람들에게만 들릴 정도로 이야기해 주세요. 오늘 이 가게에 세 번째 방문인데, 소음이 너무 심해서 식사 도중에 속이 울렁거릴 정도였습니다. 이건 너무 무례한 행동입니다. 직원분들"
공간 만큼,phrase,2,False,1,5.0,-4.0,"2025년 07월 31일 - 새벽 2:30 야~~~~ 그놈 솔직히 말씀드리면, 너무 시끄려워 이곳이 술을 함께 파는 음식점이라는 건 알고 있지만, 그래도 공공장소입니다. 다른 손님들도 함께 있는 공간인 만큼, 최소한의 예의는 지켜야 한다고 생각합니다. 제발 목소리를 낮춰 주세요. 당신의 사업 이야기를 듣고 싶어 하는 사람은 주변에 없습니다. 함께 술 마시는 사람들에게만 들릴 정도로 이야기해 주세요. 오늘 이 가게에 세 번째 방문인데, 소음이 너무 심해서 식사 도중에 속이 울렁거릴 정도였습니다. 이건 너무 무례한 행동입니다. 직원분들"
다른 손님,phrase,2,False,1,5.0,-4.0,"2025년 07월 31일 - 새벽 2:30 야~~~~ 그놈 솔직히 말씀드리면, 너무 시끄려워 이곳이 술을 함께 파는 음식점이라는 건 알고 있지만, 그래도 공공장소입니다. 다른 손님들도 함께 있는 공간인 만큼, 최소한의 예의는 지켜야 한다고 생각합니다. 제발 목소리를 낮춰 주세요. 당신의 사업 이야기를 듣고 싶어 하는 사람은 주변에 없습니다. 함께 술 마시는 사람들에게만 들릴 정도로 이야기해 주세요. 오늘 이 가게에 세 번째 방문인데, 소음이 너무 심해서 식사 도중에 속이 울렁거릴 정도였습니다. 이건 너무 무례한 행동입니다. 직원분들"
조용하다 주의,phrase,2,False,1,5.0,-4.0,"2025년 07월 31일 - 새벽 2:30 야~~~~ 그놈 솔직히 말씀드리면, 너무 시끄려워 이곳이 술을 함께 파는 음식점이라는 건 알고 있지만, 그래도 공공장소입니다. 다른 손님들도 함께 있는 공간인 만큼, 최소한의 예의는 지켜야 한다고 생각합니다. 제발 목소리를 낮춰 주세요. 당신의 사업 이야기를 듣고 싶어 하는 사람은 주변에 없습니다. 함께 술 마시는 사람들에게만 들릴 정도로 이야기해 주세요. 오늘 이 가게에 세 번째 방문인데, 소음이 너무 심해서 식사 도중에 속이 울렁거릴 정도였습니다. 이건 너무 무례한 행동입니다. 직원분들"
사람 주변,phrase,2,False,1,5.0,-4.0,"2025년 07월 31일 - 새벽 2:30 야~~~~ 그놈 솔직히 말씀드리면, 너무 시끄려워 이곳이 술을 함께 파는 음식점이라는 건 알고 있지만, 그래도 공공장소입니다. 다른 손님들도 함께 있는 공간인 만큼, 최소한의 예의는 지켜야 한다고 생각합니다. 제발 목소리를 낮춰 주세요. 당신의 사업 이야기를 듣고 싶어 하는 사람은 주변에 없습니다. 함께 술 마시는 사람들에게만 들릴 정도로 이야기해 주세요. 오늘 이 가게에 세 번째 방문인데, 소음이 너무 심해서 식사 도중에 속이 울렁거릴 정도였습니다. 이건 너무 무례한 행동입니다. 직원분들"
너무 끄다,phrase,2,False,1,5.0,-4.0,"2025년 07월 31일 - 새벽 2:30 야~~~~ 그놈 솔직히 말씀드리면, 너무 시끄려워 이곳이 술을 함께 파는 음식점이라는 건 알고 있지만, 그래도 공공장소입니다. 다른 손님들도 함께 있는 공간인 만큼, 최소한의 예의는 지켜야 한다고 생각합니다. 제발 목소리를 낮춰 주세요. 당신의 사업 이야기를 듣고 싶어 하는 사람은 주변에 없습니다. 함께 술 마시는 사람들에게만 들릴 정도로 이야기해 주세요. 오늘 이 가게에 세 번째 방문인데, 소음이 너무 심해서 식사 도중에 속이 울렁거릴 정도였습니다. 이건 너무 무례한 행동입니다. 직원분들"
다시 방문,phrase,2,False,1,5.0,-4.0,"2025년 07월 31일 - 새벽 2:30 야~~~~ 그놈 솔직히 말씀드리면, 너무 시끄려워 이곳이 술을 함께 파는 음식점이라는 건 알고 있지만, 그래도 공공장소입니다. 다른 손님들도 함께 있는 공간인 만큼, 최소한의 예의는 지켜야 한다고 생각합니다. 제발 목소리를 낮춰 주세요. 당신의 사업 이야기를 듣고 싶어 하는 사람은 주변에 없습니다. 함께 술 마시는 사람들에게만 들릴 정도로 이야기해 주세요. 오늘 이 가게에 세 번째 방문인데, 소음이 너무 심해서 식사 도중에 속이 울렁거릴 정도였습니다. 이건 너무 무례한 행동입니다. 직원분들"
너무 심하다,phrase,2,False,1,5.0,-4.0,"2025년 07월 31일 - 새벽 2:30 야~~~~ 그놈 솔직히 말씀드리면, 너무 시끄려워 이곳이 술을 함께 파는 음식점이라는 건 알고 있지만, 그래도 공공장소입니다. 다른 손님들도 함께 있는 공간인 만큼, 최소한의 예의는 지켜야 한다고 생각합니다. 제발 목소리를 낮춰 주세요. 당신의 사업 이야기를 듣고 싶어 하는 사람은 주변에 없습니다. 함께 술 마시는 사람들에게만 들릴 정도로 이야기해 주세요. 오늘 이 가게에 세 번째 방문인데, 소음이 너무 심해서 식사 도중에 속이 울렁거릴 정도였습니다. 이건 너무 무례한 행동입니다. 직원분들"
솔직하다 말씀드리다,phrase,2,False,1,5.0,-4.0,"2025년 07월 31일 - 새벽 2:30 야~~~~ 그놈 솔직히 말씀드리면, 너무 시끄려워 이곳이 술을 함께 파는 음식점이라는 건 알고 있지만, 그래도 공공장소입니다. 다른 손님들도 함께 있는 공간인 만큼, 최소한의 예의는 지켜야 한다고 생각합니다. 제발 목소리를 낮춰 주세요. 당신의 사업 이야기를 듣고 싶어 하는 사람은 주변에 없습니다. 함께 술 마시는 사람들에게만 들릴 정도로 이야기해 주세요. 오늘 이 가게에 세 번째 방문인데, 소음이 너무 심해서 식사 도중에 속이 울렁거릴 정도였습니다. 이건 너무 무례한 행동입니다. 직원분들"
이다 직원,phrase,2,False,1,5.0,-4.0,"2025년 07월 31일 - 새벽 2:30 야~~~~ 그놈 솔직히 말씀드리면, 너무 시끄려워 이곳이 술을 함께 파는 음식점이라는 건 알고 있지만, 그래도 공공장소입니다. 다른 손님들도 함께 있는 공간인 만큼, 최소한의 예의는 지켜야 한다고 생각합니다. 제발 목소리를 낮춰 주세요. 당신의 사업 이야기를 듣고 싶어 하는 사람은 주변에 없습니다. 함께 술 마시는 사람들에게만 들릴 정도로 이야기해 주세요. 오늘 이 가게에 세 번째 방문인데, 소음이 너무 심해서 식사 도중에 속이 울렁거릴 정도였습니다. 이건 너무 무례한 행동입니다. 직원분들"
함께 공간,phrase,2,False,1,5.0,-4.0,"2025년 07월 31일 - 새벽 2:30 야~~~~ 그놈 솔직히 말씀드리면, 너무 시끄려워 이곳이 술을 함께 파는 음식점이라는 건 알고 있지만, 그래도 공공장소입니다. 다른 손님들도 함께 있는 공간인 만큼, 최소한의 예의는 지켜야 한다고 생각합니다. 제발 목소리를 낮춰 주세요. 당신의 사업 이야기를 듣고 싶어 하는 사람은 주변에 없습니다. 함께 술 마시는 사람들에게만 들릴 정도로 이야기해 주세요. 오늘 이 가게에 세 번째 방문인데, 소음이 너무 심해서 식사 도중에 속이 울렁거릴 정도였습니다. 이건 너무 무례한 행동입니다. 직원분들"
음식점 그래도,phrase,2,False,1,5.0,-4.0,"2025년 07월 31일 - 새벽 2:30 야~~~~ 그놈 솔직히 말씀드리면, 너무 시끄려워 이곳이 술을 함께 파는 음식점이라는 건 알고 있지만, 그래도 공공장소입니다. 다른 손님들도 함께 있는 공간인 만큼, 최소한의 예의는 지켜야 한다고 생각합니다. 제발 목소리를 낮춰 주세요. 당신의 사업 이야기를 듣고 싶어 하는 사람은 주변에 없습니다. 함께 술 마시는 사람들에게만 들릴 정도로 이야기해 주세요. 오늘 이 가게에 세 번째 방문인데, 소음이 너무 심해서 식사 도중에 속이 울렁거릴 정도였습니다. 이건 너무 무례한 행동입니다. 직원분들"
식사 도중,phrase,2,False,1,5.0,-4.0,"2025년 07월 31일 - 새벽 2:30 야~~~~ 그놈 솔직히 말씀드리면, 너무 시끄려워 이곳이 술을 함께 파는 음식점이라는 건 알고 있지만, 그래도 공공장소입니다. 다른 손님들도 함께 있는 공간인 만큼, 최소한의 예의는 지켜야 한다고 생각합니다. 제발 목소리를 낮춰 주세요. 당신의 사업 이야기를 듣고 싶어 하는 사람은 주변에 없습니다. 함께 술 마시는 사람들에게만 들릴 정도로 이야기해 주세요. 오늘 이 가게에 세 번째 방문인데, 소음이 너무 심해서 식사 도중에 속이 울렁거릴 정도였습니다. 이건 너무 무례한 행동입니다. 직원분들"
부탁드리다 목소리,phrase,2,False,1,5.0,-4.0,"2025년 07월 31일 - 새벽 2:30 야~~~~ 그놈 솔직히 말씀드리면, 너무 시끄려워 이곳이 술을 함께 파는 음식점이라는 건 알고 있지만, 그래도 공공장소입니다. 다른 손님들도 함께 있는 공간인 만큼, 최소한의 예의는 지켜야 한다고 생각합니다. 제발 목소리를 낮춰 주세요. 당신의 사업 이야기를 듣고 싶어 하는 사람은 주변에 없습니다. 함께 술 마시는 사람들에게만 들릴 정도로 이야기해 주세요. 오늘 이 가게에 세 번째 방문인데, 소음이 너무 심해서 식사 도중에 속이 울렁거릴 정도였습니다. 이건 너무 무례한 행동입니다. 직원분들"
들리다 정도,phrase,2,False,1,5.0,-4.0,"2025년 07월 31일 - 새벽 2:30 야~~~~ 그놈 솔직히 말씀드리면, 너무 시끄려워 이곳이 술을 함께 파는 음식점이라는 건 알고 있지만, 그래도 공공장소입니다. 다른 손님들도 함께 있는 공간인 만큼, 최소한의 예의는 지켜야 한다고 생각합니다. 제발 목소리를 낮춰 주세요. 당신의 사업 이야기를 듣고 싶어 하는 사람은 주변에 없습니다. 함께 술 마시는 사람들에게만 들릴 정도로 이야기해 주세요. 오늘 이 가게에 세 번째 방문인데, 소음이 너무 심해서 식사 도중에 속이 울렁거릴 정도였습니다. 이건 너무 무례한 행동입니다. 직원분들"
줄다 당신,phrase,2,False,1,5.0,-4.0,"2025년 07월 31일 - 새벽 2:30 야~~~~ 그놈 솔직히 말씀드리면, 너무 시끄려워 이곳이 술을 함께 파는 음식점이라는 건 알고 있지만, 그래도 공공장소입니다. 다른 손님들도 함께 있는 공간인 만큼, 최소한의 예의는 지켜야 한다고 생각합니다. 제발 목소리를 낮춰 주세요. 당신의 사업 이야기를 듣고 싶어 하는 사람은 주변에 없습니다. 함께 술 마시는 사람들에게만 들릴 정도로 이야기해 주세요. 오늘 이 가게에 세 번째 방문인데, 소음이 너무 심해서 식사 도중에 속이 울렁거릴 정도였습니다. 이건 너무 무례한 행동입니다. 직원분들"
이야기 줄다,phrase,2,False,1,5.0,-4.0,"2025년 07월 31일 - 새벽 2:30 야~~~~ 그놈 솔직히 말씀드리면, 너무 시끄려워 이곳이 술을 함께 파는 음식점이라는 건 알고 있지만, 그래도 공공장소입니다. 다른 손님들도 함께 있는 공간인 만큼, 최소한의 예의는 지켜야 한다고 생각합니다. 제발 목소리를 낮춰 주세요. 당신의 사업 이야기를 듣고 싶어 하는 사람은 주변에 없습니다. 함께 술 마시는 사람들에게만 들릴 정도로 이야기해 주세요. 오늘 이 가게에 세 번째 방문인데, 소음이 너무 심해서 식사 도중에 속이 울렁거릴 정도였습니다. 이건 너무 무례한 행동입니다. 직원분들"
사람 들리다,phrase,2,False,1,5.0,-4.0,"2025년 07월 31일 - 새벽 2:30 야~~~~ 그놈 솔직히 말씀드리면, 너무 시끄려워 이곳이 술을 함께 파는 음식점이라는 건 알고 있지만, 그래도 공공장소입니다. 다른 손님들도 함께 있는 공간인 만큼, 최소한의 예의는 지켜야 한다고 생각합니다. 제발 목소리를 낮춰 주세요. 당신의 사업 이야기를 듣고 싶어 하는 사람은 주변에 없습니다. 함께 술 마시는 사람들에게만 들릴 정도로 이야기해 주세요. 오늘 이 가게에 세 번째 방문인데, 소음이 너무 심해서 식사 도중에 속이 울렁거릴 정도였습니다. 이건 너무 무례한 행동입니다. 직원분들"
주변 함께,phrase,2,False,1,5.0,-4.0,"2025년 07월 31일 - 새벽 2:30 야~~~~ 그놈 솔직히 말씀드리면, 너무 시끄려워 이곳이 술을 함께 파는 음식점이라는 건 알고 있지만, 그래도 공공장소입니다. 다른 손님들도 함께 있는 공간인 만큼, 최소한의 예의는 지켜야 한다고 생각합니다. 제발 목소리를 낮춰 주세요. 당신의 사업 이야기를 듣고 싶어 하는 사람은 주변에 없습니다. 함께 술 마시는 사람들에게만 들릴 정도로 이야기해 주세요. 오늘 이 가게에 세 번째 방문인데, 소음이 너무 심해서 식사 도중에 속이 울렁거릴 정도였습니다. 이건 너무 무례한 행동입니다. 직원분들"
시기 바라다,phrase,2,False,1,5.0,-4.0,"2025년 07월 31일 - 새벽 2:30 야~~~~ 그놈 솔직히 말씀드리면, 너무 시끄려워 이곳이 술을 함께 파는 음식점이라는 건 알고 있지만, 그래도 공공장소입니다. 다른 손님들도 함께 있는 공간인 만큼, 최소한의 예의는 지켜야 한다고 생각합니다. 제발 목소리를 낮춰 주세요. 당신의 사업 이야기를 듣고 싶어 하는 사람은 주변에 없습니다. 함께 술 마시는 사람들에게만 들릴 정도로 이야기해 주세요. 오늘 이 가게에 세 번째 방문인데, 소음이 너무 심해서 식사 도중에 속이 울렁거릴 정도였습니다. 이건 너무 무례한 행동입니다. 직원분들"
주다 경우,phrase,2,False,1,5.0,-4.0,"2025년 07월 31일 - 새벽 2:30 야~~~~ 그놈 솔직히 말씀드리면, 너무 시끄려워 이곳이 술을 함께 파는 음식점이라는 건 알고 있지만, 그래도 공공장소입니다. 다른 손님들도 함께 있는 공간인 만큼, 최소한의 예의는 지켜야 한다고 생각합니다. 제발 목소리를 낮춰 주세요. 당신의 사업 이야기를 듣고 싶어 하는 사람은 주변에 없습니다. 함께 술 마시는 사람들에게만 들릴 정도로 이야기해 주세요. 오늘 이 가게에 세 번째 방문인데, 소음이 너무 심해서 식사 도중에 속이 울렁거릴 정도였습니다. 이건 너무 무례한 행동입니다. 직원분들"
공공장소 이다,phrase,2,False,1,5.0,-4.0,"2025년 07월 31일 - 새벽 2:30 야~~~~ 그놈 솔직히 말씀드리면, 너무 시끄려워 이곳이 술을 함께 파는 음식점이라는 건 알고 있지만, 그래도 공공장소입니다. 다른 손님들도 함께 있는 공간인 만큼, 최소한의 예의는 지켜야 한다고 생각합니다. 제발 목소리를 낮춰 주세요. 당신의 사업 이야기를 듣고 싶어 하는 사람은 주변에 없습니다. 함께 술 마시는 사람들에게만 들릴 정도로 이야기해 주세요. 오늘 이 가게에 세 번째 방문인데, 소음이 너무 심해서 식사 도중에 속이 울렁거릴 정도였습니다. 이건 너무 무례한 행동입니다. 직원분들"
심하다 식사,phrase,2,False,1,5.0,-4.0,"2025년 07월 31일 - 새벽 2:30 야~~~~ 그놈 솔직히 말씀드리면, 너무 시끄려워 이곳이 술을 함께 파는 음식점이라는 건 알고 있지만, 그래도 공공장소입니다. 다른 손님들도 함께 있는 공간인 만큼, 최소한의 예의는 지켜야 한다고 생각합니다. 제발 목소리를 낮춰 주세요. 당신의 사업 이야기를 듣고 싶어 하는 사람은 주변에 없습니다. 함께 술 마시는 사람들에게만 들릴 정도로 이야기해 주세요. 오늘 이 가게에 세 번째 방문인데, 소음이 너무 심해서 식사 도중에 속이 울렁거릴 정도였습니다. 이건 너무 무례한 행동입니다. 직원분들"
최소한 예의,phrase,2,False,1,5.0,-4.0,"2025년 07월 31일 - 새벽 2:30 야~~~~ 그놈 솔직히 말씀드리면, 너무 시끄려워 이곳이 술을 함께 파는 음식점이라는 건 알고 있지만, 그래도 공공장소입니다. 다른 손님들도 함께 있는 공간인 만큼, 최소한의 예의는 지켜야 한다고 생각합니다. 제발 목소리를 낮춰 주세요. 당신의 사업 이야기를 듣고 싶어 하는 사람은 주변에 없습니다. 함께 술 마시는 사람들에게만 들릴 정도로 이야기해 주세요. 오늘 이 가게에 세 번째 방문인데, 소음이 너무 심해서 식사 도중에 속이 울렁거릴 정도였습니다. 이건 너무 무례한 행동입니다. 직원분들"
당신 사업,phrase,2,False,1,5.0,-4.0,"2025년 07월 31일 - 새벽 2:30 야~~~~ 그놈 솔직히 말씀드리면, 너무 시끄려워 이곳이 술을 함께 파는 음식점이라는 건 알고 있지만, 그래도 공공장소입니다. 다른 손님들도 함께 있는 공간인 만큼, 최소한의 예의는 지켜야 한다고 생각합니다. 제발 목소리를 낮춰 주세요. 당신의 사업 이야기를 듣고 싶어 하는 사람은 주변에 없습니다. 함께 술 마시는 사람들에게만 들릴 정도로 이야기해 주세요. 오늘 이 가게에 세 번째 방문인데, 소음이 너무 심해서 식사 도중에 속이 울렁거릴 정도였습니다. 이건 너무 무례한 행동입니다. 직원분들"
예의 지키다,phrase,2,False,1,5.0,-4.0,"2025년 07월 31일 - 새벽 2:30 야~~~~ 그놈 솔직히 말씀드리면, 너무 시끄려워 이곳이 술을 함께 파는 음식점이라는 건 알고 있지만, 그래도 공공장소입니다. 다른 손님들도 함께 있는 공간인 만큼, 최소한의 예의는 지켜야 한다고 생각합니다. 제발 목소리를 낮춰 주세요. 당신의 사업 이야기를 듣고 싶어 하는 사람은 주변에 없습니다. 함께 술 마시는 사람들에게만 들릴 정도로 이야기해 주세요. 오늘 이 가게에 세 번째 방문인데, 소음이 너무 심해서 식사 도중에 속이 울렁거릴 정도였습니다. 이건 너무 무례한 행동입니다. 직원분들"
어리다 같다,phrase,2,False,1,5.0,-4.0,"2025년 07월 31일 - 새벽 2:30 야~~~~ 그놈 솔직히 말씀드리면, 너무 시끄려워 이곳이 술을 함께 파는 음식점이라는 건 알고 있지만, 그래도 공공장소입니다. 다른 손님들도 함께 있는 공간인 만큼, 최소한의 예의는 지켜야 한다고 생각합니다. 제발 목소리를 낮춰 주세요. 당신의 사업 이야기를 듣고 싶어 하는 사람은 주변에 없습니다. 함께 술 마시는 사람들에게만 들릴 정도로 이야기해 주세요. 오늘 이 가게에 세 번째 방문인데, 소음이 너무 심해서 식사 도중에 속이 울렁거릴 정도였습니다. 이건 너무 무례한 행동입니다. 직원분들"
오늘 가게,phrase,2,False,1,5.0,-4.0,"2025년 07월 31일 - 새벽 2:30 야~~~~ 그놈 솔직히 말씀드리면, 너무 시끄려워 이곳이 술을 함께 파는 음식점이라는 건 알고 있지만, 그래도 공공장소입니다. 다른 손님들도 함께 있는 공간인 만큼, 최소한의 예의는 지켜야 한다고 생각합니다. 제발 목소리를 낮춰 주세요. 당신의 사업 이야기를 듣고 싶어 하는 사람은 주변에 없습니다. 함께 술 마시는 사람들에게만 들릴 정도로 이야기해 주세요. 오늘 이 가게에 세 번째 방문인데, 소음이 너무 심해서 식사 도중에 속이 울렁거릴 정도였습니다. 이건 너무 무례한 행동입니다. 직원분들"
이다 다른,phrase,2,False,1,5.0,-4.0,"2025년 07월 31일 - 새벽 2:30 야~~~~ 그놈 솔직히 말씀드리면, 너무 시끄려워 이곳이 술을 함께 파는 음식점이라는 건 알고 있지만, 그래도 공공장소입니다. 다른 손님들도 함께 있는 공간인 만큼, 최소한의 예의는 지켜야 한다고 생각합니다. 제발 목소리를 낮춰 주세요. 당신의 사업 이야기를 듣고 싶어 하는 사람은 주변에 없습니다. 함께 술 마시는 사람들에게만 들릴 정도로 이야기해 주세요. 오늘 이 가게에 세 번째 방문인데, 소음이 너무 심해서 식사 도중에 속이 울렁거릴 정도였습니다. 이건 너무 무례한 행동입니다. 직원분들"
무례하다 행동,phrase,2,False,1,5.0,-4.0,"2025년 07월 31일 - 새벽 2:30 야~~~~ 그놈 솔직히 말씀드리면, 너무 시끄려워 이곳이 술을 함께 파는 음식점이라는 건 알고 있지만, 그래도 공공장소입니다. 다른 손님들도 함께 있는 공간인 만큼, 최소한의 예의는 지켜야 한다고 생각합니다. 제발 목소리를 낮춰 주세요. 당신의 사업 이야기를 듣고 싶어 하는 사람은 주변에 없습니다. 함께 술 마시는 사람들에게만 들릴 정도로 이야기해 주세요. 오늘 이 가게에 세 번째 방문인데, 소음이 너무 심해서 식사 도중에 속이 울렁거릴 정도였습니다. 이건 너무 무례한 행동입니다. 직원분들"
불편 주다,phrase,2,False,1,5.0,-4.0,"2025년 07월 31일 - 새벽 2:30 야~~~~ 그놈 솔직히 말씀드리면, 너무 시끄려워 이곳이 술을 함께 파는 음식점이라는 건 알고 있지만, 그래도 공공장소입니다. 다른 손님들도 함께 있는 공간인 만큼, 최소한의 예의는 지켜야 한다고 생각합니다. 제발 목소리를 낮춰 주세요. 당신의 사업 이야기를 듣고 싶어 하는 사람은 주변에 없습니다. 함께 술 마시는 사람들에게만 들릴 정도로 이야기해 주세요. 오늘 이 가게에 세 번째 방문인데, 소음이 너무 심해서 식사 도중에 속이 울렁거릴 정도였습니다. 이건 너무 무례한 행동입니다. 직원분들"
관리 않다,phrase,2,False,1,5.0,-4.0,"2025년 07월 31일 - 새벽 2:30 야~~~~ 그놈 솔직히 말씀드리면, 너무 시끄려워 이곳이 술을 함께 파는 음식점이라는 건 알고 있지만, 그래도 공공장소입니다. 다른 손님들도 함께 있는 공간인 만큼, 최소한의 예의는 지켜야 한다고 생각합니다. 제발 목소리를 낮춰 주세요. 당신의 사업 이야기를 듣고 싶어 하는 사람은 주변에 없습니다. 함께 술 마시는 사람들에게만 들릴 정도로 이야기해 주세요. 오늘 이 가게에 세 번째 방문인데, 소음이 너무 심해서 식사 도중에 속이 울렁거릴 정도였습니다. 이건 너무 무례한 행동입니다. 직원분들"
주의 시기,phrase,2,False,1,5.0,-4.0,"2025년 07월 31일 - 새벽 2:30 야~~~~ 그놈 솔직히 말씀드리면, 너무 시끄려워 이곳이 술을 함께 파는 음식점이라는 건 알고 있지만, 그래도 공공장소입니다. 다른 손님들도 함께 있는 공간인 만큼, 최소한의 예의는 지켜야 한다고 생각합니다. 제발 목소리를 낮춰 주세요. 당신의 사업 이야기를 듣고 싶어 하는 사람은 주변에 없습니다. 함께 술 마시는 사람들에게만 들릴 정도로 이야기해 주세요. 오늘 이 가게에 세 번째 방문인데, 소음이 너무 심해서 식사 도중에 속이 울렁거릴 정도였습니다. 이건 너무 무례한 행동입니다. 직원분들"
손님 불편,phrase,2,False,1,5.0,-4.0,"2025년 07월 31일 - 새벽 2:30 야~~~~ 그놈 솔직히 말씀드리면, 너무 시끄려워 이곳이 술을 함께 파는 음식점이라는 건 알고 있지만, 그래도 공공장소입니다. 다른 손님들도 함께 있는 공간인 만큼, 최소한의 예의는 지켜야 한다고 생각합니다. 제발 목소리를 낮춰 주세요. 당신의 사업 이야기를 듣고 싶어 하는 사람은 주변에 없습니다. 함께 술 마시는 사람들에게만 들릴 정도로 이야기해 주세요. 오늘 이 가게에 세 번째 방문인데, 소음이 너무 심해서 식사 도중에 속이 울렁거릴 정도였습니다. 이건 너무 무례한 행동입니다. 직원분들"
크다 다른,phrase,2,False,1,5.0,-4.0,"2025년 07월 31일 - 새벽 2:30 야~~~~ 그놈 솔직히 말씀드리면, 너무 시끄려워 이곳이 술을 함께 파는 음식점이라는 건 알고 있지만, 그래도 공공장소입니다. 다른 손님들도 함께 있는 공간인 만큼, 최소한의 예의는 지켜야 한다고 생각합니다. 제발 목소리를 낮춰 주세요. 당신의 사업 이야기를 듣고 싶어 하는 사람은 주변에 없습니다. 함께 술 마시는 사람들에게만 들릴 정도로 이야기해 주세요. 오늘 이 가게에 세 번째 방문인데, 소음이 너무 심해서 식사 도중에 속이 울렁거릴 정도였습니다. 이건 너무 무례한 행동입니다. 직원분들"
만큼 최소한,phrase,2,False,1,5.0,-4.0,"2025년 07월 31일 - 새벽 2:30 야~~~~ 그놈 솔직히 말씀드리면, 너무 시끄려워 이곳이 술을 함께 파는 음식점이라는 건 알고 있지만, 그래도 공공장소입니다. 다른 손님들도 함께 있는 공간인 만큼, 최소한의 예의는 지켜야 한다고 생각합니다. 제발 목소리를 낮춰 주세요. 당신의 사업 이야기를 듣고 싶어 하는 사람은 주변에 없습니다. 함께 술 마시는 사람들에게만 들릴 정도로 이야기해 주세요. 오늘 이 가게에 세 번째 방문인데, 소음이 너무 심해서 식사 도중에 속이 울렁거릴 정도였습니다. 이건 너무 무례한 행동입니다. 직원분들"
줄다 오늘,phrase,2,False,1,5.0,-4.0,"2025년 07월 31일 - 새벽 2:30 야~~~~ 그놈 솔직히 말씀드리면, 너무 시끄려워 이곳이 술을 함께 파는 음식점이라는 건 알고 있지만, 그래도 공공장소입니다. 다른 손님들도 함께 있는 공간인 만큼, 최소한의 예의는 지켜야 한다고 생각합니다. 제발 목소리를 낮춰 주세요. 당신의 사업 이야기를 듣고 싶어 하는 사람은 주변에 없습니다. 함께 술 마시는 사람들에게만 들릴 정도로 이야기해 주세요. 오늘 이 가게에 세 번째 방문인데, 소음이 너무 심해서 식사 도중에 속이 울렁거릴 정도였습니다. 이건 너무 무례한 행동입니다. 직원분들"
새벽 솔직하다,phrase,2,False,1,5.0,-4.0,"2025년 07월 31일 - 새벽 2:30 야~~~~ 그놈 솔직히 말씀드리면, 너무 시끄려워 이곳이 술을 함께 파는 음식점이라는 건 알고 있지만, 그래도 공공장소입니다. 다른 손님들도 함께 있는 공간인 만큼, 최소한의 예의는 지켜야 한다고 생각합니다. 제발 목소리를 낮춰 주세요. 당신의 사업 이야기를 듣고 싶어 하는 사람은 주변에 없습니다. 함께 술 마시는 사람들에게만 들릴 정도로 이야기해 주세요. 오늘 이 가게에 세 번째 방문인데, 소음이 너무 심해서 식사 도중에 속이 울렁거릴 정도였습니다. 이건 너무 무례한 행동입니다. 직원분들"
방문 소음,phrase,2,False,1,5.0,-4.0,"2025년 07월 31일 - 새벽 2:30 야~~~~ 그놈 솔직히 말씀드리면, 너무 시끄려워 이곳이 술을 함께 파는 음식점이라는 건 알고 있지만, 그래도 공공장소입니다. 다른 손님들도 함께 있는 공간인 만큼, 최소한의 예의는 지켜야 한다고 생각합니다. 제발 목소리를 낮춰 주세요. 당신의 사업 이야기를 듣고 싶어 하는 사람은 주변에 없습니다. 함께 술 마시는 사람들에게만 들릴 정도로 이야기해 주세요. 오늘 이 가게에 세 번째 방문인데, 소음이 너무 심해서 식사 도중에 속이 울렁거릴 정도였습니다. 이건 너무 무례한 행동입니다. 직원분들"
마시다 사람,phrase,2,False,1,5.0,-4.0,"2025년 07월 31일 - 새벽 2:30 야~~~~ 그놈 솔직히 말씀드리면, 너무 시끄려워 이곳이 술을 함께 파는 음식점이라는 건 알고 있지만, 그래도 공공장소입니다. 다른 손님들도 함께 있는 공간인 만큼, 최소한의 예의는 지켜야 한다고 생각합니다. 제발 목소리를 낮춰 주세요. 당신의 사업 이야기를 듣고 싶어 하는 사람은 주변에 없습니다. 함께 술 마시는 사람들에게만 들릴 정도로 이야기해 주세요. 오늘 이 가게에 세 번째 방문인데, 소음이 너무 심해서 식사 도중에 속이 울렁거릴 정도였습니다. 이건 너무 무례한 행동입니다. 직원분들"
사업 이야기,phrase,2,False,1,5.0,-4.0,"2025년 07월 31일 - 새벽 2:30 야~~~~ 그놈 솔직히 말씀드리면, 너무 시끄려워 이곳이 술을 함께 파는 음식점이라는 건 알고 있지만, 그래도 공공장소입니다. 다른 손님들도 함께 있는 공간인 만큼, 최소한의 예의는 지켜야 한다고 생각합니다. 제발 목소리를 낮춰 주세요. 당신의 사업 이야기를 듣고 싶어 하는 사람은 주변에 없습니다. 함께 술 마시는 사람들에게만 들릴 정도로 이야기해 주세요. 오늘 이 가게에 세 번째 방문인데, 소음이 너무 심해서 식사 도중에 속이 울렁거릴 정도였습니다. 이건 너무 무례한 행동입니다. 직원분들"
정도 이야기,phrase,2,False,1,5.0,-4.0,"2025년 07월 31일 - 새벽 2:30 야~~~~ 그놈 솔직히 말씀드리면, 너무 시끄려워 이곳이 술을 함께 파는 음식점이라는 건 알고 있지만, 그래도 공공장소입니다. 다른 손님들도 함께 있는 공간인 만큼, 최소한의 예의는 지켜야 한다고 생각합니다. 제발 목소리를 낮춰 주세요. 당신의 사업 이야기를 듣고 싶어 하는 사람은 주변에 없습니다. 함께 술 마시는 사람들에게만 들릴 정도로 이야기해 주세요. 오늘 이 가게에 세 번째 방문인데, 소음이 너무 심해서 식사 도중에 속이 울렁거릴 정도였습니다. 이건 너무 무례한 행동입니다. 직원분들"
이야기 듣다,phrase,2,False,1,5.0,-4.0,"2025년 07월 31일 - 새벽 2:30 야~~~~ 그놈 솔직히 말씀드리면, 너무 시끄려워 이곳이 술을 함께 파는 음식점이라는 건 알고 있지만, 그래도 공공장소입니다. 다른 손님들도 함께 있는 공간인 만큼, 최소한의 예의는 지켜야 한다고 생각합니다. 제발 목소리를 낮춰 주세요. 당신의 사업 이야기를 듣고 싶어 하는 사람은 주변에 없습니다. 함께 술 마시는 사람들에게만 들릴 정도로 이야기해 주세요. 오늘 이 가게에 세 번째 방문인데, 소음이 너무 심해서 식사 도중에 속이 울렁거릴 정도였습니다. 이건 너무 무례한 행동입니다. 직원분들"
듣다 싶다,phrase,2,False,1,5.0,-4.0,"2025년 07월 31일 - 새벽 2:30 야~~~~ 그놈 솔직히 말씀드리면, 너무 시끄려워 이곳이 술을 함께 파는 음식점이라는 건 알고 있지만, 그래도 공공장소입니다. 다른 손님들도 함께 있는 공간인 만큼, 최소한의 예의는 지켜야 한다고 생각합니다. 제발 목소리를 낮춰 주세요. 당신의 사업 이야기를 듣고 싶어 하는 사람은 주변에 없습니다. 함께 술 마시는 사람들에게만 들릴 정도로 이야기해 주세요. 오늘 이 가게에 세 번째 방문인데, 소음이 너무 심해서 식사 도중에 속이 울렁거릴 정도였습니다. 이건 너무 무례한 행동입니다. 직원분들"
울렁거리다 정도,phrase,2,False,1,5.0,-4.0,"2025년 07월 31일 - 새벽 2:30 야~~~~ 그놈 솔직히 말씀드리면, 너무 시끄려워 이곳이 술을 함께 파는 음식점이라는 건 알고 있지만, 그래도 공공장소입니다. 다른 손님들도 함께 있는 공간인 만큼, 최소한의 예의는 지켜야 한다고 생각합니다. 제발 목소리를 낮춰 주세요. 당신의 사업 이야기를 듣고 싶어 하는 사람은 주변에 없습니다. 함께 술 마시는 사람들에게만 들릴 정도로 이야기해 주세요. 오늘 이 가게에 세 번째 방문인데, 소음이 너무 심해서 식사 도중에 속이 울렁거릴 정도였습니다. 이건 너무 무례한 행동입니다. 직원분들"
함께 팔다,phrase,2,False,1,5.0,-4.0,"2025년 07월 31일 - 새벽 2:30 야~~~~ 그놈 솔직히 말씀드리면, 너무 시끄려워 이곳이 술을 함께 파는 음식점이라는 건 알고 있지만, 그래도 공공장소입니다. 다른 손님들도 함께 있는 공간인 만큼, 최소한의 예의는 지켜야 한다고 생각합니다. 제발 목소리를 낮춰 주세요. 당신의 사업 이야기를 듣고 싶어 하는 사람은 주변에 없습니다. 함께 술 마시는 사람들에게만 들릴 정도로 이야기해 주세요. 오늘 이 가게에 세 번째 방문인데, 소음이 너무 심해서 식사 도중에 속이 울렁거릴 정도였습니다. 이건 너무 무례한 행동입니다. 직원분들"
끄다 함께,phrase,2,False,1,5.0,-4.0,"2025년 07월 31일 - 새벽 2:30 야~~~~ 그놈 솔직히 말씀드리면, 너무 시끄려워 이곳이 술을 함께 파는 음식점이라는 건 알고 있지만, 그래도 공공장소입니다. 다른 손님들도 함께 있는 공간인 만큼, 최소한의 예의는 지켜야 한다고 생각합니다. 제발 목소리를 낮춰 주세요. 당신의 사업 이야기를 듣고 싶어 하는 사람은 주변에 없습니다. 함께 술 마시는 사람들에게만 들릴 정도로 이야기해 주세요. 오늘 이 가게에 세 번째 방문인데, 소음이 너무 심해서 식사 도중에 속이 울렁거릴 정도였습니다. 이건 너무 무례한 행동입니다. 직원분들"
속이다 울렁거리다,phrase,2,False,1,5.0,-4.0,"2025년 07월 31일 - 새벽 2:30 야~~~~ 그놈 솔직히 말씀드리면, 너무 시끄려워 이곳이 술을 함께 파는 음식점이라는 건 알고 있지만, 그래도 공공장소입니다. 다른 손님들도 함께 있는 공간인 만큼, 최소한의 예의는 지켜야 한다고 생각합니다. 제발 목소리를 낮춰 주세요. 당신의 사업 이야기를 듣고 싶어 하는 사람은 주변에 없습니다. 함께 술 마시는 사람들에게만 들릴 정도로 이야기해 주세요. 오늘 이 가게에 세 번째 방문인데, 소음이 너무 심해서 식사 도중에 속이 울렁거릴 정도였습니다. 이건 너무 무례한 행동입니다. 직원분들"
함께 마시다,phrase,2,False,1,5.0,-4.0,"2025년 07월 31일 - 새벽 2:30 야~~~~ 그놈 솔직히 말씀드리면, 너무 시끄려워 이곳이 술을 함께 파는 음식점이라는 건 알고 있지만, 그래도 공공장소입니다. 다른 손님들도 함께 있는 공간인 만큼, 최소한의 예의는 지켜야 한다고 생각합니다. 제발 목소리를 낮춰 주세요. 당신의 사업 이야기를 듣고 싶어 하는 사람은 주변에 없습니다. 함께 술 마시는 사람들에게만 들릴 정도로 이야기해 주세요. 오늘 이 가게에 세 번째 방문인데, 소음이 너무 심해서 식사 도중에 속이 울렁거릴 정도였습니다. 이건 너무 무례한 행동입니다. 직원분들"
가게 방문,phrase,2,False,1,5.0,-4.0,"2025년 07월 31일 - 새벽 2:30 야~~~~ 그놈 솔직히 말씀드리면, 너무 시끄려워 이곳이 술을 함께 파는 음식점이라는 건 알고 있지만, 그래도 공공장소입니다. 다른 손님들도 함께 있는 공간인 만큼, 최소한의 예의는 지켜야 한다고 생각합니다. 제발 목소리를 낮춰 주세요. 당신의 사업 이야기를 듣고 싶어 하는 사람은 주변에 없습니다. 함께 술 마시는 사람들에게만 들릴 정도로 이야기해 주세요. 오늘 이 가게에 세 번째 방문인데, 소음이 너무 심해서 식사 도중에 속이 울렁거릴 정도였습니다. 이건 너무 무례한 행동입니다. 직원분들"
부분 관리,phrase,2,False,1,5.0,-4.0,"2025년 07월 31일 - 새벽 2:30 야~~~~ 그놈 솔직히 말씀드리면, 너무 시끄려워 이곳이 술을 함께 파는 음식점이라는 건 알고 있지만, 그래도 공공장소입니다. 다른 손님들도 함께 있는 공간인 만큼, 최소한의 예의는 지켜야 한다고 생각합니다. 제발 목소리를 낮춰 주세요. 당신의 사업 이야기를 듣고 싶어 하는 사람은 주변에 없습니다. 함께 술 마시는 사람들에게만 들릴 정도로 이야기해 주세요. 오늘 이 가게에 세 번째 방문인데, 소음이 너무 심해서 식사 도중에 속이 울렁거릴 정도였습니다. 이건 너무 무례한 행동입니다. 직원분들"
소음 너무,phrase,2,False,1,5.0,-4.0,"2025년 07월 31일 - 새벽 2:30 야~~~~ 그놈 솔직히 말씀드리면, 너무 시끄려워 이곳이 술을 함께 파는 음식점이라는 건 알고 있지만, 그래도 공공장소입니다. 다른 손님들도 함께 있는 공간인 만큼, 최소한의 예의는 지켜야 한다고 생각합니다. 제발 목소리를 낮춰 주세요. 당신의 사업 이야기를 듣고 싶어 하는 사람은 주변에 없습니다. 함께 술 마시는 사람들에게만 들릴 정도로 이야기해 주세요. 오늘 이 가게에 세 번째 방문인데, 소음이 너무 심해서 식사 도중에 속이 울렁거릴 정도였습니다. 이건 너무 무례한 행동입니다. 직원분들"
말씀드리다 너무,phrase,2,False,1,5.0,-4.0,"2025년 07월 31일 - 새벽 2:30 야~~~~ 그놈 솔직히 말씀드리면, 너무 시끄려워 이곳이 술을 함께 파는 음식점이라는 건 알고 있지만, 그래도 공공장소입니다. 다른 손님들도 함께 있는 공간인 만큼, 최소한의 예의는 지켜야 한다고 생각합니다. 제발 목소리를 낮춰 주세요. 당신의 사업 이야기를 듣고 싶어 하는 사람은 주변에 없습니다. 함께 술 마시는 사람들에게만 들릴 정도로 이야기해 주세요. 오늘 이 가게에 세 번째 방문인데, 소음이 너무 심해서 식사 도중에 속이 울렁거릴 정도였습니다. 이건 너무 무례한 행동입니다. 직원분들"
처음 오픈런,phrase,2,False,1,5.0,1.5,"지나다니면서 보니 웨이팅까지 하면서?... 오늘 처음 오픈런을 해봤.... 칼국수용 김치와 숙육용 김치가 다른데 둘다 좋았다. 오랜시간동안 자연스레 쌓아온 김치내공~ 요즘 또 배추가 제일 맛있을때라 그런지 적지도 과히지도 않은 맵기에 짠기가 생배추와 맞물려 조합이 좋았다. 생배추를 내놓는 집은 무.김치에 자신이 있다는 뜻으로도 해석할 수 있겠다.... 외국인들도 찾는곳이라 그런걸 수 있겠지만 식사중 밑바닥에 깔린 머리카락의 출현에 사장님이 군말없이 수육을 새 음식으로 내어주시면서 ""죄송합니다 ""라고 하시는데~ 웨이팅도 길고 또 그안"
짜다 배추,phrase,2,False,1,5.0,1.5,"지나다니면서 보니 웨이팅까지 하면서?... 오늘 처음 오픈런을 해봤.... 칼국수용 김치와 숙육용 김치가 다른데 둘다 좋았다. 오랜시간동안 자연스레 쌓아온 김치내공~ 요즘 또 배추가 제일 맛있을때라 그런지 적지도 과히지도 않은 맵기에 짠기가 생배추와 맞물려 조합이 좋았다. 생배추를 내놓는 집은 무.김치에 자신이 있다는 뜻으로도 해석할 수 있겠다.... 외국인들도 찾는곳이라 그런걸 수 있겠지만 식사중 밑바닥에 깔린 머리카락의 출현에 사장님이 군말없이 수육을 새 음식으로 내어주시면서 ""죄송합니다 ""라고 하시는데~ 웨이팅도 길고 또 그안"
내공 요즘,phrase,2,False,1,5.0,1.5,"지나다니면서 보니 웨이팅까지 하면서?... 오늘 처음 오픈런을 해봤.... 칼국수용 김치와 숙육용 김치가 다른데 둘다 좋았다. 오랜시간동안 자연스레 쌓아온 김치내공~ 요즘 또 배추가 제일 맛있을때라 그런지 적지도 과히지도 않은 맵기에 짠기가 생배추와 맞물려 조합이 좋았다. 생배추를 내놓는 집은 무.김치에 자신이 있다는 뜻으로도 해석할 수 있겠다.... 외국인들도 찾는곳이라 그런걸 수 있겠지만 식사중 밑바닥에 깔린 머리카락의 출현에 사장님이 군말없이 수육을 새 음식으로 내어주시면서 ""죄송합니다 ""라고 하시는데~ 웨이팅도 길고 또 그안"
접시 중간,phrase,2,False,1,5.0,1.5,"지나다니면서 보니 웨이팅까지 하면서?... 오늘 처음 오픈런을 해봤.... 칼국수용 김치와 숙육용 김치가 다른데 둘다 좋았다. 오랜시간동안 자연스레 쌓아온 김치내공~ 요즘 또 배추가 제일 맛있을때라 그런지 적지도 과히지도 않은 맵기에 짠기가 생배추와 맞물려 조합이 좋았다. 생배추를 내놓는 집은 무.김치에 자신이 있다는 뜻으로도 해석할 수 있겠다.... 외국인들도 찾는곳이라 그런걸 수 있겠지만 식사중 밑바닥에 깔린 머리카락의 출현에 사장님이 군말없이 수육을 새 음식으로 내어주시면서 ""죄송합니다 ""라고 하시는데~ 웨이팅도 길고 또 그안"
하나 모든,phrase,2,False,1,5.0,1.5,"지나다니면서 보니 웨이팅까지 하면서?... 오늘 처음 오픈런을 해봤.... 칼국수용 김치와 숙육용 김치가 다른데 둘다 좋았다. 오랜시간동안 자연스레 쌓아온 김치내공~ 요즘 또 배추가 제일 맛있을때라 그런지 적지도 과히지도 않은 맵기에 짠기가 생배추와 맞물려 조합이 좋았다. 생배추를 내놓는 집은 무.김치에 자신이 있다는 뜻으로도 해석할 수 있겠다.... 외국인들도 찾는곳이라 그런걸 수 있겠지만 식사중 밑바닥에 깔린 머리카락의 출현에 사장님이 군말없이 수육을 새 음식으로 내어주시면서 ""죄송합니다 ""라고 하시는데~ 웨이팅도 길고 또 그안"
모든 음식,phrase,2,False,1,5.0,1.5,"지나다니면서 보니 웨이팅까지 하면서?... 오늘 처음 오픈런을 해봤.... 칼국수용 김치와 숙육용 김치가 다른데 둘다 좋았다. 오랜시간동안 자연스레 쌓아온 김치내공~ 요즘 또 배추가 제일 맛있을때라 그런지 적지도 과히지도 않은 맵기에 짠기가 생배추와 맞물려 조합이 좋았다. 생배추를 내놓는 집은 무.김치에 자신이 있다는 뜻으로도 해석할 수 있겠다.... 외국인들도 찾는곳이라 그런걸 수 있겠지만 식사중 밑바닥에 깔린 머리카락의 출현에 사장님이 군말없이 수육을 새 음식으로 내어주시면서 ""죄송합니다 ""라고 하시는데~ 웨이팅도 길고 또 그안"
수육 만들기,phrase,2,False,1,5.0,1.5,"지나다니면서 보니 웨이팅까지 하면서?... 오늘 처음 오픈런을 해봤.... 칼국수용 김치와 숙육용 김치가 다른데 둘다 좋았다. 오랜시간동안 자연스레 쌓아온 김치내공~ 요즘 또 배추가 제일 맛있을때라 그런지 적지도 과히지도 않은 맵기에 짠기가 생배추와 맞물려 조합이 좋았다. 생배추를 내놓는 집은 무.김치에 자신이 있다는 뜻으로도 해석할 수 있겠다.... 외국인들도 찾는곳이라 그런걸 수 있겠지만 식사중 밑바닥에 깔린 머리카락의 출현에 사장님이 군말없이 수육을 새 음식으로 내어주시면서 ""죄송합니다 ""라고 하시는데~ 웨이팅도 길고 또 그안"
김치 자신,phrase,2,False,1,5.0,1.5,"지나다니면서 보니 웨이팅까지 하면서?... 오늘 처음 오픈런을 해봤.... 칼국수용 김치와 숙육용 김치가 다른데 둘다 좋았다. 오랜시간동안 자연스레 쌓아온 김치내공~ 요즘 또 배추가 제일 맛있을때라 그런지 적지도 과히지도 않은 맵기에 짠기가 생배추와 맞물려 조합이 좋았다. 생배추를 내놓는 집은 무.김치에 자신이 있다는 뜻으로도 해석할 수 있겠다.... 외국인들도 찾는곳이라 그런걸 수 있겠지만 식사중 밑바닥에 깔린 머리카락의 출현에 사장님이 군말없이 수육을 새 음식으로 내어주시면서 ""죄송합니다 ""라고 하시는데~ 웨이팅도 길고 또 그안"
충분하다 담기다,phrase,2,False,1,5.0,1.5,"지나다니면서 보니 웨이팅까지 하면서?... 오늘 처음 오픈런을 해봤.... 칼국수용 김치와 숙육용 김치가 다른데 둘다 좋았다. 오랜시간동안 자연스레 쌓아온 김치내공~ 요즘 또 배추가 제일 맛있을때라 그런지 적지도 과히지도 않은 맵기에 짠기가 생배추와 맞물려 조합이 좋았다. 생배추를 내놓는 집은 무.김치에 자신이 있다는 뜻으로도 해석할 수 있겠다.... 외국인들도 찾는곳이라 그런걸 수 있겠지만 식사중 밑바닥에 깔린 머리카락의 출현에 사장님이 군말없이 수육을 새 음식으로 내어주시면서 ""죄송합니다 ""라고 하시는데~ 웨이팅도 길고 또 그안"
머리카락 출현,phrase,2,False,1,5.0,1.5,"지나다니면서 보니 웨이팅까지 하면서?... 오늘 처음 오픈런을 해봤.... 칼국수용 김치와 숙육용 김치가 다른데 둘다 좋았다. 오랜시간동안 자연스레 쌓아온 김치내공~ 요즘 또 배추가 제일 맛있을때라 그런지 적지도 과히지도 않은 맵기에 짠기가 생배추와 맞물려 조합이 좋았다. 생배추를 내놓는 집은 무.김치에 자신이 있다는 뜻으로도 해석할 수 있겠다.... 외국인들도 찾는곳이라 그런걸 수 있겠지만 식사중 밑바닥에 깔린 머리카락의 출현에 사장님이 군말없이 수육을 새 음식으로 내어주시면서 ""죄송합니다 ""라고 하시는데~ 웨이팅도 길고 또 그안"
외국인 찾다,phrase,2,False,1,5.0,1.5,"지나다니면서 보니 웨이팅까지 하면서?... 오늘 처음 오픈런을 해봤.... 칼국수용 김치와 숙육용 김치가 다른데 둘다 좋았다. 오랜시간동안 자연스레 쌓아온 김치내공~ 요즘 또 배추가 제일 맛있을때라 그런지 적지도 과히지도 않은 맵기에 짠기가 생배추와 맞물려 조합이 좋았다. 생배추를 내놓는 집은 무.김치에 자신이 있다는 뜻으로도 해석할 수 있겠다.... 외국인들도 찾는곳이라 그런걸 수 있겠지만 식사중 밑바닥에 깔린 머리카락의 출현에 사장님이 군말없이 수육을 새 음식으로 내어주시면서 ""죄송합니다 ""라고 하시는데~ 웨이팅도 길고 또 그안"
어딜 가나,phrase,2,False,1,5.0,1.5,"지나다니면서 보니 웨이팅까지 하면서?... 오늘 처음 오픈런을 해봤.... 칼국수용 김치와 숙육용 김치가 다른데 둘다 좋았다. 오랜시간동안 자연스레 쌓아온 김치내공~ 요즘 또 배추가 제일 맛있을때라 그런지 적지도 과히지도 않은 맵기에 짠기가 생배추와 맞물려 조합이 좋았다. 생배추를 내놓는 집은 무.김치에 자신이 있다는 뜻으로도 해석할 수 있겠다.... 외국인들도 찾는곳이라 그런걸 수 있겠지만 식사중 밑바닥에 깔린 머리카락의 출현에 사장님이 군말없이 수육을 새 음식으로 내어주시면서 ""죄송합니다 ""라고 하시는데~ 웨이팅도 길고 또 그안"
진심 충분하다,phrase,2,False,1,5.0,1.5,"지나다니면서 보니 웨이팅까지 하면서?... 오늘 처음 오픈런을 해봤.... 칼국수용 김치와 숙육용 김치가 다른데 둘다 좋았다. 오랜시간동안 자연스레 쌓아온 김치내공~ 요즘 또 배추가 제일 맛있을때라 그런지 적지도 과히지도 않은 맵기에 짠기가 생배추와 맞물려 조합이 좋았다. 생배추를 내놓는 집은 무.김치에 자신이 있다는 뜻으로도 해석할 수 있겠다.... 외국인들도 찾는곳이라 그런걸 수 있겠지만 식사중 밑바닥에 깔린 머리카락의 출현에 사장님이 군말없이 수육을 새 음식으로 내어주시면서 ""죄송합니다 ""라고 하시는데~ 웨이팅도 길고 또 그안"
시간 동안,phrase,2,False,1,5.0,1.5,"지나다니면서 보니 웨이팅까지 하면서?... 오늘 처음 오픈런을 해봤.... 칼국수용 김치와 숙육용 김치가 다른데 둘다 좋았다. 오랜시간동안 자연스레 쌓아온 김치내공~ 요즘 또 배추가 제일 맛있을때라 그런지 적지도 과히지도 않은 맵기에 짠기가 생배추와 맞물려 조합이 좋았다. 생배추를 내놓는 집은 무.김치에 자신이 있다는 뜻으로도 해석할 수 있겠다.... 외국인들도 찾는곳이라 그런걸 수 있겠지만 식사중 밑바닥에 깔린 머리카락의 출현에 사장님이 군말없이 수육을 새 음식으로 내어주시면서 ""죄송합니다 ""라고 하시는데~ 웨이팅도 길고 또 그안"
관계 후기,phrase,2,False,1,5.0,1.5,"지나다니면서 보니 웨이팅까지 하면서?... 오늘 처음 오픈런을 해봤.... 칼국수용 김치와 숙육용 김치가 다른데 둘다 좋았다. 오랜시간동안 자연스레 쌓아온 김치내공~ 요즘 또 배추가 제일 맛있을때라 그런지 적지도 과히지도 않은 맵기에 짠기가 생배추와 맞물려 조합이 좋았다. 생배추를 내놓는 집은 무.김치에 자신이 있다는 뜻으로도 해석할 수 있겠다.... 외국인들도 찾는곳이라 그런걸 수 있겠지만 식사중 밑바닥에 깔린 머리카락의 출현에 사장님이 군말없이 수육을 새 음식으로 내어주시면서 ""죄송합니다 ""라고 하시는데~ 웨이팅도 길고 또 그안"
아니다 맛등,phrase,2,False,1,5.0,1.5,"지나다니면서 보니 웨이팅까지 하면서?... 오늘 처음 오픈런을 해봤.... 칼국수용 김치와 숙육용 김치가 다른데 둘다 좋았다. 오랜시간동안 자연스레 쌓아온 김치내공~ 요즘 또 배추가 제일 맛있을때라 그런지 적지도 과히지도 않은 맵기에 짠기가 생배추와 맞물려 조합이 좋았다. 생배추를 내놓는 집은 무.김치에 자신이 있다는 뜻으로도 해석할 수 있겠다.... 외국인들도 찾는곳이라 그런걸 수 있겠지만 식사중 밑바닥에 깔린 머리카락의 출현에 사장님이 군말없이 수육을 새 음식으로 내어주시면서 ""죄송합니다 ""라고 하시는데~ 웨이팅도 길고 또 그안"
세월 자다,phrase,2,False,1,5.0,1.5,"지나다니면서 보니 웨이팅까지 하면서?... 오늘 처음 오픈런을 해봤.... 칼국수용 김치와 숙육용 김치가 다른데 둘다 좋았다. 오랜시간동안 자연스레 쌓아온 김치내공~ 요즘 또 배추가 제일 맛있을때라 그런지 적지도 과히지도 않은 맵기에 짠기가 생배추와 맞물려 조합이 좋았다. 생배추를 내놓는 집은 무.김치에 자신이 있다는 뜻으로도 해석할 수 있겠다.... 외국인들도 찾는곳이라 그런걸 수 있겠지만 식사중 밑바닥에 깔린 머리카락의 출현에 사장님이 군말없이 수육을 새 음식으로 내어주시면서 ""죄송합니다 ""라고 하시는데~ 웨이팅도 길고 또 그안"
생각 손님,phrase,2,False,1,5.0,1.5,"지나다니면서 보니 웨이팅까지 하면서?... 오늘 처음 오픈런을 해봤.... 칼국수용 김치와 숙육용 김치가 다른데 둘다 좋았다. 오랜시간동안 자연스레 쌓아온 김치내공~ 요즘 또 배추가 제일 맛있을때라 그런지 적지도 과히지도 않은 맵기에 짠기가 생배추와 맞물려 조합이 좋았다. 생배추를 내놓는 집은 무.김치에 자신이 있다는 뜻으로도 해석할 수 있겠다.... 외국인들도 찾는곳이라 그런걸 수 있겠지만 식사중 밑바닥에 깔린 머리카락의 출현에 사장님이 군말없이 수육을 새 음식으로 내어주시면서 ""죄송합니다 ""라고 하시는데~ 웨이팅도 길고 또 그안"
여러가지 어딜,phrase,2,False,1,5.0,1.5,"지나다니면서 보니 웨이팅까지 하면서?... 오늘 처음 오픈런을 해봤.... 칼국수용 김치와 숙육용 김치가 다른데 둘다 좋았다. 오랜시간동안 자연스레 쌓아온 김치내공~ 요즘 또 배추가 제일 맛있을때라 그런지 적지도 과히지도 않은 맵기에 짠기가 생배추와 맞물려 조합이 좋았다. 생배추를 내놓는 집은 무.김치에 자신이 있다는 뜻으로도 해석할 수 있겠다.... 외국인들도 찾는곳이라 그런걸 수 있겠지만 식사중 밑바닥에 깔린 머리카락의 출현에 사장님이 군말없이 수육을 새 음식으로 내어주시면서 ""죄송합니다 ""라고 하시는데~ 웨이팅도 길고 또 그안"
후기 이벤트,phrase,2,False,1,5.0,1.5,"지나다니면서 보니 웨이팅까지 하면서?... 오늘 처음 오픈런을 해봤.... 칼국수용 김치와 숙육용 김치가 다른데 둘다 좋았다. 오랜시간동안 자연스레 쌓아온 김치내공~ 요즘 또 배추가 제일 맛있을때라 그런지 적지도 과히지도 않은 맵기에 짠기가 생배추와 맞물려 조합이 좋았다. 생배추를 내놓는 집은 무.김치에 자신이 있다는 뜻으로도 해석할 수 있겠다.... 외국인들도 찾는곳이라 그런걸 수 있겠지만 식사중 밑바닥에 깔린 머리카락의 출현에 사장님이 군말없이 수육을 새 음식으로 내어주시면서 ""죄송합니다 ""라고 하시는데~ 웨이팅도 길고 또 그안"
해봤다 칼국수,phrase,2,False,1,5.0,1.5,"지나다니면서 보니 웨이팅까지 하면서?... 오늘 처음 오픈런을 해봤.... 칼국수용 김치와 숙육용 김치가 다른데 둘다 좋았다. 오랜시간동안 자연스레 쌓아온 김치내공~ 요즘 또 배추가 제일 맛있을때라 그런지 적지도 과히지도 않은 맵기에 짠기가 생배추와 맞물려 조합이 좋았다. 생배추를 내놓는 집은 무.김치에 자신이 있다는 뜻으로도 해석할 수 있겠다.... 외국인들도 찾는곳이라 그런걸 수 있겠지만 식사중 밑바닥에 깔린 머리카락의 출현에 사장님이 군말없이 수육을 새 음식으로 내어주시면서 ""죄송합니다 ""라고 하시는데~ 웨이팅도 길고 또 그안"
칼국수 김치,phrase,2,False,1,5.0,1.5,"지나다니면서 보니 웨이팅까지 하면서?... 오늘 처음 오픈런을 해봤.... 칼국수용 김치와 숙육용 김치가 다른데 둘다 좋았다. 오랜시간동안 자연스레 쌓아온 김치내공~ 요즘 또 배추가 제일 맛있을때라 그런지 적지도 과히지도 않은 맵기에 짠기가 생배추와 맞물려 조합이 좋았다. 생배추를 내놓는 집은 무.김치에 자신이 있다는 뜻으로도 해석할 수 있겠다.... 외국인들도 찾는곳이라 그런걸 수 있겠지만 식사중 밑바닥에 깔린 머리카락의 출현에 사장님이 군말없이 수육을 새 음식으로 내어주시면서 ""죄송합니다 ""라고 하시는데~ 웨이팅도 길고 또 그안"
사장 군말,phrase,2,False,1,5.0,1.5,"지나다니면서 보니 웨이팅까지 하면서?... 오늘 처음 오픈런을 해봤.... 칼국수용 김치와 숙육용 김치가 다른데 둘다 좋았다. 오랜시간동안 자연스레 쌓아온 김치내공~ 요즘 또 배추가 제일 맛있을때라 그런지 적지도 과히지도 않은 맵기에 짠기가 생배추와 맞물려 조합이 좋았다. 생배추를 내놓는 집은 무.김치에 자신이 있다는 뜻으로도 해석할 수 있겠다.... 외국인들도 찾는곳이라 그런걸 수 있겠지만 식사중 밑바닥에 깔린 머리카락의 출현에 사장님이 군말없이 수육을 새 음식으로 내어주시면서 ""죄송합니다 ""라고 하시는데~ 웨이팅도 길고 또 그안"
깔리다 머리카락,phrase,2,False,1,5.0,1.5,"지나다니면서 보니 웨이팅까지 하면서?... 오늘 처음 오픈런을 해봤.... 칼국수용 김치와 숙육용 김치가 다른데 둘다 좋았다. 오랜시간동안 자연스레 쌓아온 김치내공~ 요즘 또 배추가 제일 맛있을때라 그런지 적지도 과히지도 않은 맵기에 짠기가 생배추와 맞물려 조합이 좋았다. 생배추를 내놓는 집은 무.김치에 자신이 있다는 뜻으로도 해석할 수 있겠다.... 외국인들도 찾는곳이라 그런걸 수 있겠지만 식사중 밑바닥에 깔린 머리카락의 출현에 사장님이 군말없이 수육을 새 음식으로 내어주시면서 ""죄송합니다 ""라고 하시는데~ 웨이팅도 길고 또 그안"
음식 대하,phrase,2,False,1,5.0,1.5,"지나다니면서 보니 웨이팅까지 하면서?... 오늘 처음 오픈런을 해봤.... 칼국수용 김치와 숙육용 김치가 다른데 둘다 좋았다. 오랜시간동안 자연스레 쌓아온 김치내공~ 요즘 또 배추가 제일 맛있을때라 그런지 적지도 과히지도 않은 맵기에 짠기가 생배추와 맞물려 조합이 좋았다. 생배추를 내놓는 집은 무.김치에 자신이 있다는 뜻으로도 해석할 수 있겠다.... 외국인들도 찾는곳이라 그런걸 수 있겠지만 식사중 밑바닥에 깔린 머리카락의 출현에 사장님이 군말없이 수육을 새 음식으로 내어주시면서 ""죄송합니다 ""라고 하시는데~ 웨이팅도 길고 또 그안"
배추 제일,phrase,2,False,1,5.0,1.5,"지나다니면서 보니 웨이팅까지 하면서?... 오늘 처음 오픈런을 해봤.... 칼국수용 김치와 숙육용 김치가 다른데 둘다 좋았다. 오랜시간동안 자연스레 쌓아온 김치내공~ 요즘 또 배추가 제일 맛있을때라 그런지 적지도 과히지도 않은 맵기에 짠기가 생배추와 맞물려 조합이 좋았다. 생배추를 내놓는 집은 무.김치에 자신이 있다는 뜻으로도 해석할 수 있겠다.... 외국인들도 찾는곳이라 그런걸 수 있겠지만 식사중 밑바닥에 깔린 머리카락의 출현에 사장님이 군말없이 수육을 새 음식으로 내어주시면서 ""죄송합니다 ""라고 하시는데~ 웨이팅도 길고 또 그안"
음식 그렇다,phrase,2,False,1,5.0,1.5,"지나다니면서 보니 웨이팅까지 하면서?... 오늘 처음 오픈런을 해봤.... 칼국수용 김치와 숙육용 김치가 다른데 둘다 좋았다. 오랜시간동안 자연스레 쌓아온 김치내공~ 요즘 또 배추가 제일 맛있을때라 그런지 적지도 과히지도 않은 맵기에 짠기가 생배추와 맞물려 조합이 좋았다. 생배추를 내놓는 집은 무.김치에 자신이 있다는 뜻으로도 해석할 수 있겠다.... 외국인들도 찾는곳이라 그런걸 수 있겠지만 식사중 밑바닥에 깔린 머리카락의 출현에 사장님이 군말없이 수육을 새 음식으로 내어주시면서 ""죄송합니다 ""라고 하시는데~ 웨이팅도 길고 또 그안"
그렇다 적지,phrase,2,False,1,5.0,1.5,"지나다니면서 보니 웨이팅까지 하면서?... 오늘 처음 오픈런을 해봤.... 칼국수용 김치와 숙육용 김치가 다른데 둘다 좋았다. 오랜시간동안 자연스레 쌓아온 김치내공~ 요즘 또 배추가 제일 맛있을때라 그런지 적지도 과히지도 않은 맵기에 짠기가 생배추와 맞물려 조합이 좋았다. 생배추를 내놓는 집은 무.김치에 자신이 있다는 뜻으로도 해석할 수 있겠다.... 외국인들도 찾는곳이라 그런걸 수 있겠지만 식사중 밑바닥에 깔린 머리카락의 출현에 사장님이 군말없이 수육을 새 음식으로 내어주시면서 ""죄송합니다 ""라고 하시는데~ 웨이팅도 길고 또 그안"
없이 수육,phrase,2,False,1,5.0,1.5,"지나다니면서 보니 웨이팅까지 하면서?... 오늘 처음 오픈런을 해봤.... 칼국수용 김치와 숙육용 김치가 다른데 둘다 좋았다. 오랜시간동안 자연스레 쌓아온 김치내공~ 요즘 또 배추가 제일 맛있을때라 그런지 적지도 과히지도 않은 맵기에 짠기가 생배추와 맞물려 조합이 좋았다. 생배추를 내놓는 집은 무.김치에 자신이 있다는 뜻으로도 해석할 수 있겠다.... 외국인들도 찾는곳이라 그런걸 수 있겠지만 식사중 밑바닥에 깔린 머리카락의 출현에 사장님이 군말없이 수육을 새 음식으로 내어주시면서 ""죄송합니다 ""라고 하시는데~ 웨이팅도 길고 또 그안"
다르다 두다,phrase,2,False,1,5.0,1.5,"지나다니면서 보니 웨이팅까지 하면서?... 오늘 처음 오픈런을 해봤.... 칼국수용 김치와 숙육용 김치가 다른데 둘다 좋았다. 오랜시간동안 자연스레 쌓아온 김치내공~ 요즘 또 배추가 제일 맛있을때라 그런지 적지도 과히지도 않은 맵기에 짠기가 생배추와 맞물려 조합이 좋았다. 생배추를 내놓는 집은 무.김치에 자신이 있다는 뜻으로도 해석할 수 있겠다.... 외국인들도 찾는곳이라 그런걸 수 있겠지만 식사중 밑바닥에 깔린 머리카락의 출현에 사장님이 군말없이 수육을 새 음식으로 내어주시면서 ""죄송합니다 ""라고 하시는데~ 웨이팅도 길고 또 그안"
배추 내놓다,phrase,2,False,1,5.0,1.5,"지나다니면서 보니 웨이팅까지 하면서?... 오늘 처음 오픈런을 해봤.... 칼국수용 김치와 숙육용 김치가 다른데 둘다 좋았다. 오랜시간동안 자연스레 쌓아온 김치내공~ 요즘 또 배추가 제일 맛있을때라 그런지 적지도 과히지도 않은 맵기에 짠기가 생배추와 맞물려 조합이 좋았다. 생배추를 내놓는 집은 무.김치에 자신이 있다는 뜻으로도 해석할 수 있겠다.... 외국인들도 찾는곳이라 그런걸 수 있겠지만 식사중 밑바닥에 깔린 머리카락의 출현에 사장님이 군말없이 수육을 새 음식으로 내어주시면서 ""죄송합니다 ""라고 하시는데~ 웨이팅도 길고 또 그안"
집다 김치,phrase,2,False,1,5.0,1.5,"지나다니면서 보니 웨이팅까지 하면서?... 오늘 처음 오픈런을 해봤.... 칼국수용 김치와 숙육용 김치가 다른데 둘다 좋았다. 오랜시간동안 자연스레 쌓아온 김치내공~ 요즘 또 배추가 제일 맛있을때라 그런지 적지도 과히지도 않은 맵기에 짠기가 생배추와 맞물려 조합이 좋았다. 생배추를 내놓는 집은 무.김치에 자신이 있다는 뜻으로도 해석할 수 있겠다.... 외국인들도 찾는곳이라 그런걸 수 있겠지만 식사중 밑바닥에 깔린 머리카락의 출현에 사장님이 군말없이 수육을 새 음식으로 내어주시면서 ""죄송합니다 ""라고 하시는데~ 웨이팅도 길고 또 그안"
해석 외국인,phrase,2,False,1,5.0,1.5,"지나다니면서 보니 웨이팅까지 하면서?... 오늘 처음 오픈런을 해봤.... 칼국수용 김치와 숙육용 김치가 다른데 둘다 좋았다. 오랜시간동안 자연스레 쌓아온 김치내공~ 요즘 또 배추가 제일 맛있을때라 그런지 적지도 과히지도 않은 맵기에 짠기가 생배추와 맞물려 조합이 좋았다. 생배추를 내놓는 집은 무.김치에 자신이 있다는 뜻으로도 해석할 수 있겠다.... 외국인들도 찾는곳이라 그런걸 수 있겠지만 식사중 밑바닥에 깔린 머리카락의 출현에 사장님이 군말없이 수육을 새 음식으로 내어주시면서 ""죄송합니다 ""라고 하시는데~ 웨이팅도 길고 또 그안"
대부분 느끼다,phrase,2,False,1,5.0,1.5,"지나다니면서 보니 웨이팅까지 하면서?... 오늘 처음 오픈런을 해봤.... 칼국수용 김치와 숙육용 김치가 다른데 둘다 좋았다. 오랜시간동안 자연스레 쌓아온 김치내공~ 요즘 또 배추가 제일 맛있을때라 그런지 적지도 과히지도 않은 맵기에 짠기가 생배추와 맞물려 조합이 좋았다. 생배추를 내놓는 집은 무.김치에 자신이 있다는 뜻으로도 해석할 수 있겠다.... 외국인들도 찾는곳이라 그런걸 수 있겠지만 식사중 밑바닥에 깔린 머리카락의 출현에 사장님이 군말없이 수육을 새 음식으로 내어주시면서 ""죄송합니다 ""라고 하시는데~ 웨이팅도 길고 또 그안"
김치 내공,phrase,2,False,1,5.0,1.5,"지나다니면서 보니 웨이팅까지 하면서?... 오늘 처음 오픈런을 해봤.... 칼국수용 김치와 숙육용 김치가 다른데 둘다 좋았다. 오랜시간동안 자연스레 쌓아온 김치내공~ 요즘 또 배추가 제일 맛있을때라 그런지 적지도 과히지도 않은 맵기에 짠기가 생배추와 맞물려 조합이 좋았다. 생배추를 내놓는 집은 무.김치에 자신이 있다는 뜻으로도 해석할 수 있겠다.... 외국인들도 찾는곳이라 그런걸 수 있겠지만 식사중 밑바닥에 깔린 머리카락의 출현에 사장님이 군말없이 수육을 새 음식으로 내어주시면서 ""죄송합니다 ""라고 하시는데~ 웨이팅도 길고 또 그안"
태도 세월,phrase,2,False,1,5.0,1.5,"지나다니면서 보니 웨이팅까지 하면서?... 오늘 처음 오픈런을 해봤.... 칼국수용 김치와 숙육용 김치가 다른데 둘다 좋았다. 오랜시간동안 자연스레 쌓아온 김치내공~ 요즘 또 배추가 제일 맛있을때라 그런지 적지도 과히지도 않은 맵기에 짠기가 생배추와 맞물려 조합이 좋았다. 생배추를 내놓는 집은 무.김치에 자신이 있다는 뜻으로도 해석할 수 있겠다.... 외국인들도 찾는곳이라 그런걸 수 있겠지만 식사중 밑바닥에 깔린 머리카락의 출현에 사장님이 군말없이 수육을 새 음식으로 내어주시면서 ""죄송합니다 ""라고 하시는데~ 웨이팅도 길고 또 그안"
가꾸다 그렇다,phrase,2,False,1,5.0,1.5,"지나다니면서 보니 웨이팅까지 하면서?... 오늘 처음 오픈런을 해봤.... 칼국수용 김치와 숙육용 김치가 다른데 둘다 좋았다. 오랜시간동안 자연스레 쌓아온 김치내공~ 요즘 또 배추가 제일 맛있을때라 그런지 적지도 과히지도 않은 맵기에 짠기가 생배추와 맞물려 조합이 좋았다. 생배추를 내놓는 집은 무.김치에 자신이 있다는 뜻으로도 해석할 수 있겠다.... 외국인들도 찾는곳이라 그런걸 수 있겠지만 식사중 밑바닥에 깔린 머리카락의 출현에 사장님이 군말없이 수육을 새 음식으로 내어주시면서 ""죄송합니다 ""라고 하시는데~ 웨이팅도 길고 또 그안"
않다 음식,phrase,2,False,1,5.0,1.5,"지나다니면서 보니 웨이팅까지 하면서?... 오늘 처음 오픈런을 해봤.... 칼국수용 김치와 숙육용 김치가 다른데 둘다 좋았다. 오랜시간동안 자연스레 쌓아온 김치내공~ 요즘 또 배추가 제일 맛있을때라 그런지 적지도 과히지도 않은 맵기에 짠기가 생배추와 맞물려 조합이 좋았다. 생배추를 내놓는 집은 무.김치에 자신이 있다는 뜻으로도 해석할 수 있겠다.... 외국인들도 찾는곳이라 그런걸 수 있겠지만 식사중 밑바닥에 깔린 머리카락의 출현에 사장님이 군말없이 수육을 새 음식으로 내어주시면서 ""죄송합니다 ""라고 하시는데~ 웨이팅도 길고 또 그안"
죄송하다 웨이팅,phrase,2,False,1,5.0,1.5,"지나다니면서 보니 웨이팅까지 하면서?... 오늘 처음 오픈런을 해봤.... 칼국수용 김치와 숙육용 김치가 다른데 둘다 좋았다. 오랜시간동안 자연스레 쌓아온 김치내공~ 요즘 또 배추가 제일 맛있을때라 그런지 적지도 과히지도 않은 맵기에 짠기가 생배추와 맞물려 조합이 좋았다. 생배추를 내놓는 집은 무.김치에 자신이 있다는 뜻으로도 해석할 수 있겠다.... 외국인들도 찾는곳이라 그런걸 수 있겠지만 식사중 밑바닥에 깔린 머리카락의 출현에 사장님이 군말없이 수육을 새 음식으로 내어주시면서 ""죄송합니다 ""라고 하시는데~ 웨이팅도 길고 또 그안"
물리다 조합,phrase,2,False,1,5.0,1.5,"지나다니면서 보니 웨이팅까지 하면서?... 오늘 처음 오픈런을 해봤.... 칼국수용 김치와 숙육용 김치가 다른데 둘다 좋았다. 오랜시간동안 자연스레 쌓아온 김치내공~ 요즘 또 배추가 제일 맛있을때라 그런지 적지도 과히지도 않은 맵기에 짠기가 생배추와 맞물려 조합이 좋았다. 생배추를 내놓는 집은 무.김치에 자신이 있다는 뜻으로도 해석할 수 있겠다.... 외국인들도 찾는곳이라 그런걸 수 있겠지만 식사중 밑바닥에 깔린 머리카락의 출현에 사장님이 군말없이 수육을 새 음식으로 내어주시면서 ""죄송합니다 ""라고 하시는데~ 웨이팅도 길고 또 그안"
음식 내다,phrase,2,False,1,5.0,1.5,"지나다니면서 보니 웨이팅까지 하면서?... 오늘 처음 오픈런을 해봤.... 칼국수용 김치와 숙육용 김치가 다른데 둘다 좋았다. 오랜시간동안 자연스레 쌓아온 김치내공~ 요즘 또 배추가 제일 맛있을때라 그런지 적지도 과히지도 않은 맵기에 짠기가 생배추와 맞물려 조합이 좋았다. 생배추를 내놓는 집은 무.김치에 자신이 있다는 뜻으로도 해석할 수 있겠다.... 외국인들도 찾는곳이라 그런걸 수 있겠지만 식사중 밑바닥에 깔린 머리카락의 출현에 사장님이 군말없이 수육을 새 음식으로 내어주시면서 ""죄송합니다 ""라고 하시는데~ 웨이팅도 길고 또 그안"
숙육 김치,phrase,2,False,1,5.0,1.5,"지나다니면서 보니 웨이팅까지 하면서?... 오늘 처음 오픈런을 해봤.... 칼국수용 김치와 숙육용 김치가 다른데 둘다 좋았다. 오랜시간동안 자연스레 쌓아온 김치내공~ 요즘 또 배추가 제일 맛있을때라 그런지 적지도 과히지도 않은 맵기에 짠기가 생배추와 맞물려 조합이 좋았다. 생배추를 내놓는 집은 무.김치에 자신이 있다는 뜻으로도 해석할 수 있겠다.... 외국인들도 찾는곳이라 그런걸 수 있겠지만 식사중 밑바닥에 깔린 머리카락의 출현에 사장님이 군말없이 수육을 새 음식으로 내어주시면서 ""죄송합니다 ""라고 하시는데~ 웨이팅도 길고 또 그안"
받다 관계자,phrase,2,False,1,5.0,1.5,"지나다니면서 보니 웨이팅까지 하면서?... 오늘 처음 오픈런을 해봤.... 칼국수용 김치와 숙육용 김치가 다른데 둘다 좋았다. 오랜시간동안 자연스레 쌓아온 김치내공~ 요즘 또 배추가 제일 맛있을때라 그런지 적지도 과히지도 않은 맵기에 짠기가 생배추와 맞물려 조합이 좋았다. 생배추를 내놓는 집은 무.김치에 자신이 있다는 뜻으로도 해석할 수 있겠다.... 외국인들도 찾는곳이라 그런걸 수 있겠지만 식사중 밑바닥에 깔린 머리카락의 출현에 사장님이 군말없이 수육을 새 음식으로 내어주시면서 ""죄송합니다 ""라고 하시는데~ 웨이팅도 길고 또 그안"
대하 태도,phrase,2,False,1,5.0,1.5,"지나다니면서 보니 웨이팅까지 하면서?... 오늘 처음 오픈런을 해봤.... 칼국수용 김치와 숙육용 김치가 다른데 둘다 좋았다. 오랜시간동안 자연스레 쌓아온 김치내공~ 요즘 또 배추가 제일 맛있을때라 그런지 적지도 과히지도 않은 맵기에 짠기가 생배추와 맞물려 조합이 좋았다. 생배추를 내놓는 집은 무.김치에 자신이 있다는 뜻으로도 해석할 수 있겠다.... 외국인들도 찾는곳이라 그런걸 수 있겠지만 식사중 밑바닥에 깔린 머리카락의 출현에 사장님이 군말없이 수육을 새 음식으로 내어주시면서 ""죄송합니다 ""라고 하시는데~ 웨이팅도 길고 또 그안"
상관없다 작성,phrase,2,False,1,5.0,1.5,"지나다니면서 보니 웨이팅까지 하면서?... 오늘 처음 오픈런을 해봤.... 칼국수용 김치와 숙육용 김치가 다른데 둘다 좋았다. 오랜시간동안 자연스레 쌓아온 김치내공~ 요즘 또 배추가 제일 맛있을때라 그런지 적지도 과히지도 않은 맵기에 짠기가 생배추와 맞물려 조합이 좋았다. 생배추를 내놓는 집은 무.김치에 자신이 있다는 뜻으로도 해석할 수 있겠다.... 외국인들도 찾는곳이라 그런걸 수 있겠지만 식사중 밑바닥에 깔린 머리카락의 출현에 사장님이 군말없이 수육을 새 음식으로 내어주시면서 ""죄송합니다 ""라고 하시는데~ 웨이팅도 길고 또 그안"
적지 지도,phrase,2,False,1,5.0,1.5,"지나다니면서 보니 웨이팅까지 하면서?... 오늘 처음 오픈런을 해봤.... 칼국수용 김치와 숙육용 김치가 다른데 둘다 좋았다. 오랜시간동안 자연스레 쌓아온 김치내공~ 요즘 또 배추가 제일 맛있을때라 그런지 적지도 과히지도 않은 맵기에 짠기가 생배추와 맞물려 조합이 좋았다. 생배추를 내놓는 집은 무.김치에 자신이 있다는 뜻으로도 해석할 수 있겠다.... 외국인들도 찾는곳이라 그런걸 수 있겠지만 식사중 밑바닥에 깔린 머리카락의 출현에 사장님이 군말없이 수육을 새 음식으로 내어주시면서 ""죄송합니다 ""라고 하시는데~ 웨이팅도 길고 또 그안"
그렇다 느낌,phrase,2,False,1,5.0,1.5,"지나다니면서 보니 웨이팅까지 하면서?... 오늘 처음 오픈런을 해봤.... 칼국수용 김치와 숙육용 김치가 다른데 둘다 좋았다. 오랜시간동안 자연스레 쌓아온 김치내공~ 요즘 또 배추가 제일 맛있을때라 그런지 적지도 과히지도 않은 맵기에 짠기가 생배추와 맞물려 조합이 좋았다. 생배추를 내놓는 집은 무.김치에 자신이 있다는 뜻으로도 해석할 수 있겠다.... 외국인들도 찾는곳이라 그런걸 수 있겠지만 식사중 밑바닥에 깔린 머리카락의 출현에 사장님이 군말없이 수육을 새 음식으로 내어주시면서 ""죄송합니다 ""라고 하시는데~ 웨이팅도 길고 또 그안"
않다 매다,phrase,2,False,1,5.0,1.5,"지나다니면서 보니 웨이팅까지 하면서?... 오늘 처음 오픈런을 해봤.... 칼국수용 김치와 숙육용 김치가 다른데 둘다 좋았다. 오랜시간동안 자연스레 쌓아온 김치내공~ 요즘 또 배추가 제일 맛있을때라 그런지 적지도 과히지도 않은 맵기에 짠기가 생배추와 맞물려 조합이 좋았다. 생배추를 내놓는 집은 무.김치에 자신이 있다는 뜻으로도 해석할 수 있겠다.... 외국인들도 찾는곳이라 그런걸 수 있겠지만 식사중 밑바닥에 깔린 머리카락의 출현에 사장님이 군말없이 수육을 새 음식으로 내어주시면서 ""죄송합니다 ""라고 하시는데~ 웨이팅도 길고 또 그안"
보쌈 수육,phrase,2,False,1,5.0,1.5,"지나다니면서 보니 웨이팅까지 하면서?... 오늘 처음 오픈런을 해봤.... 칼국수용 김치와 숙육용 김치가 다른데 둘다 좋았다. 오랜시간동안 자연스레 쌓아온 김치내공~ 요즘 또 배추가 제일 맛있을때라 그런지 적지도 과히지도 않은 맵기에 짠기가 생배추와 맞물려 조합이 좋았다. 생배추를 내놓는 집은 무.김치에 자신이 있다는 뜻으로도 해석할 수 있겠다.... 외국인들도 찾는곳이라 그런걸 수 있겠지만 식사중 밑바닥에 깔린 머리카락의 출현에 사장님이 군말없이 수육을 새 음식으로 내어주시면서 ""죄송합니다 ""라고 하시는데~ 웨이팅도 길고 또 그안"
찾다 식사,phrase,2,False,1,5.0,1.5,"지나다니면서 보니 웨이팅까지 하면서?... 오늘 처음 오픈런을 해봤.... 칼국수용 김치와 숙육용 김치가 다른데 둘다 좋았다. 오랜시간동안 자연스레 쌓아온 김치내공~ 요즘 또 배추가 제일 맛있을때라 그런지 적지도 과히지도 않은 맵기에 짠기가 생배추와 맞물려 조합이 좋았다. 생배추를 내놓는 집은 무.김치에 자신이 있다는 뜻으로도 해석할 수 있겠다.... 외국인들도 찾는곳이라 그런걸 수 있겠지만 식사중 밑바닥에 깔린 머리카락의 출현에 사장님이 군말없이 수육을 새 음식으로 내어주시면서 ""죄송합니다 ""라고 하시는데~ 웨이팅도 길고 또 그안"
김치 다르다,phrase,2,False,1,5.0,1.5,"지나다니면서 보니 웨이팅까지 하면서?... 오늘 처음 오픈런을 해봤.... 칼국수용 김치와 숙육용 김치가 다른데 둘다 좋았다. 오랜시간동안 자연스레 쌓아온 김치내공~ 요즘 또 배추가 제일 맛있을때라 그런지 적지도 과히지도 않은 맵기에 짠기가 생배추와 맞물려 조합이 좋았다. 생배추를 내놓는 집은 무.김치에 자신이 있다는 뜻으로도 해석할 수 있겠다.... 외국인들도 찾는곳이라 그런걸 수 있겠지만 식사중 밑바닥에 깔린 머리카락의 출현에 사장님이 군말없이 수육을 새 음식으로 내어주시면서 ""죄송합니다 ""라고 하시는데~ 웨이팅도 길고 또 그안"
관계자 일절,phrase,2,False,1,5.0,1.5,"지나다니면서 보니 웨이팅까지 하면서?... 오늘 처음 오픈런을 해봤.... 칼국수용 김치와 숙육용 김치가 다른데 둘다 좋았다. 오랜시간동안 자연스레 쌓아온 김치내공~ 요즘 또 배추가 제일 맛있을때라 그런지 적지도 과히지도 않은 맵기에 짠기가 생배추와 맞물려 조합이 좋았다. 생배추를 내놓는 집은 무.김치에 자신이 있다는 뜻으로도 해석할 수 있겠다.... 외국인들도 찾는곳이라 그런걸 수 있겠지만 식사중 밑바닥에 깔린 머리카락의 출현에 사장님이 군말없이 수육을 새 음식으로 내어주시면서 ""죄송합니다 ""라고 하시는데~ 웨이팅도 길고 또 그안"
후기 접시,phrase,2,False,1,5.0,1.5,"지나다니면서 보니 웨이팅까지 하면서?... 오늘 처음 오픈런을 해봤.... 칼국수용 김치와 숙육용 김치가 다른데 둘다 좋았다. 오랜시간동안 자연스레 쌓아온 김치내공~ 요즘 또 배추가 제일 맛있을때라 그런지 적지도 과히지도 않은 맵기에 짠기가 생배추와 맞물려 조합이 좋았다. 생배추를 내놓는 집은 무.김치에 자신이 있다는 뜻으로도 해석할 수 있겠다.... 외국인들도 찾는곳이라 그런걸 수 있겠지만 식사중 밑바닥에 깔린 머리카락의 출현에 사장님이 군말없이 수육을 새 음식으로 내어주시면서 ""죄송합니다 ""라고 하시는데~ 웨이팅도 길고 또 그안"
느끼다 그렇다,phrase,2,False,1,5.0,1.5,"지나다니면서 보니 웨이팅까지 하면서?... 오늘 처음 오픈런을 해봤.... 칼국수용 김치와 숙육용 김치가 다른데 둘다 좋았다. 오랜시간동안 자연스레 쌓아온 김치내공~ 요즘 또 배추가 제일 맛있을때라 그런지 적지도 과히지도 않은 맵기에 짠기가 생배추와 맞물려 조합이 좋았다. 생배추를 내놓는 집은 무.김치에 자신이 있다는 뜻으로도 해석할 수 있겠다.... 외국인들도 찾는곳이라 그런걸 수 있겠지만 식사중 밑바닥에 깔린 머리카락의 출현에 사장님이 군말없이 수육을 새 음식으로 내어주시면서 ""죄송합니다 ""라고 하시는데~ 웨이팅도 길고 또 그안"
느낌 받다,phrase,2,False,1,5.0,1.5,"지나다니면서 보니 웨이팅까지 하면서?... 오늘 처음 오픈런을 해봤.... 칼국수용 김치와 숙육용 김치가 다른데 둘다 좋았다. 오랜시간동안 자연스레 쌓아온 김치내공~ 요즘 또 배추가 제일 맛있을때라 그런지 적지도 과히지도 않은 맵기에 짠기가 생배추와 맞물려 조합이 좋았다. 생배추를 내놓는 집은 무.김치에 자신이 있다는 뜻으로도 해석할 수 있겠다.... 외국인들도 찾는곳이라 그런걸 수 있겠지만 식사중 밑바닥에 깔린 머리카락의 출현에 사장님이 군말없이 수육을 새 음식으로 내어주시면서 ""죄송합니다 ""라고 하시는데~ 웨이팅도 길고 또 그안"
만들다 가꾸다,phrase,2,False,1,5.0,1.5,"지나다니면서 보니 웨이팅까지 하면서?... 오늘 처음 오픈런을 해봤.... 칼국수용 김치와 숙육용 김치가 다른데 둘다 좋았다. 오랜시간동안 자연스레 쌓아온 김치내공~ 요즘 또 배추가 제일 맛있을때라 그런지 적지도 과히지도 않은 맵기에 짠기가 생배추와 맞물려 조합이 좋았다. 생배추를 내놓는 집은 무.김치에 자신이 있다는 뜻으로도 해석할 수 있겠다.... 외국인들도 찾는곳이라 그런걸 수 있겠지만 식사중 밑바닥에 깔린 머리카락의 출현에 사장님이 군말없이 수육을 새 음식으로 내어주시면서 ""죄송합니다 ""라고 하시는데~ 웨이팅도 길고 또 그안"
김치 숙육,phrase,2,False,1,5.0,1.5,"지나다니면서 보니 웨이팅까지 하면서?... 오늘 처음 오픈런을 해봤.... 칼국수용 김치와 숙육용 김치가 다른데 둘다 좋았다. 오랜시간동안 자연스레 쌓아온 김치내공~ 요즘 또 배추가 제일 맛있을때라 그런지 적지도 과히지도 않은 맵기에 짠기가 생배추와 맞물려 조합이 좋았다. 생배추를 내놓는 집은 무.김치에 자신이 있다는 뜻으로도 해석할 수 있겠다.... 외국인들도 찾는곳이라 그런걸 수 있겠지만 식사중 밑바닥에 깔린 머리카락의 출현에 사장님이 군말없이 수육을 새 음식으로 내어주시면서 ""죄송합니다 ""라고 하시는데~ 웨이팅도 길고 또 그안"
과정 쉬다,phrase,2,False,1,5.0,1.5,"지나다니면서 보니 웨이팅까지 하면서?... 오늘 처음 오픈런을 해봤.... 칼국수용 김치와 숙육용 김치가 다른데 둘다 좋았다. 오랜시간동안 자연스레 쌓아온 김치내공~ 요즘 또 배추가 제일 맛있을때라 그런지 적지도 과히지도 않은 맵기에 짠기가 생배추와 맞물려 조합이 좋았다. 생배추를 내놓는 집은 무.김치에 자신이 있다는 뜻으로도 해석할 수 있겠다.... 외국인들도 찾는곳이라 그런걸 수 있겠지만 식사중 밑바닥에 깔린 머리카락의 출현에 사장님이 군말없이 수육을 새 음식으로 내어주시면서 ""죄송합니다 ""라고 하시는데~ 웨이팅도 길고 또 그안"
지나다 보다,phrase,2,False,1,5.0,1.5,"지나다니면서 보니 웨이팅까지 하면서?... 오늘 처음 오픈런을 해봤.... 칼국수용 김치와 숙육용 김치가 다른데 둘다 좋았다. 오랜시간동안 자연스레 쌓아온 김치내공~ 요즘 또 배추가 제일 맛있을때라 그런지 적지도 과히지도 않은 맵기에 짠기가 생배추와 맞물려 조합이 좋았다. 생배추를 내놓는 집은 무.김치에 자신이 있다는 뜻으로도 해석할 수 있겠다.... 외국인들도 찾는곳이라 그런걸 수 있겠지만 식사중 밑바닥에 깔린 머리카락의 출현에 사장님이 군말없이 수육을 새 음식으로 내어주시면서 ""죄송합니다 ""라고 하시는데~ 웨이팅도 길고 또 그안"
출현 사장,phrase,2,False,1,5.0,1.5,"지나다니면서 보니 웨이팅까지 하면서?... 오늘 처음 오픈런을 해봤.... 칼국수용 김치와 숙육용 김치가 다른데 둘다 좋았다. 오랜시간동안 자연스레 쌓아온 김치내공~ 요즘 또 배추가 제일 맛있을때라 그런지 적지도 과히지도 않은 맵기에 짠기가 생배추와 맞물려 조합이 좋았다. 생배추를 내놓는 집은 무.김치에 자신이 있다는 뜻으로도 해석할 수 있겠다.... 외국인들도 찾는곳이라 그런걸 수 있겠지만 식사중 밑바닥에 깔린 머리카락의 출현에 사장님이 군말없이 수육을 새 음식으로 내어주시면서 ""죄송합니다 ""라고 하시는데~ 웨이팅도 길고 또 그안"
요즘 배추,phrase,2,False,1,5.0,1.5,"지나다니면서 보니 웨이팅까지 하면서?... 오늘 처음 오픈런을 해봤.... 칼국수용 김치와 숙육용 김치가 다른데 둘다 좋았다. 오랜시간동안 자연스레 쌓아온 김치내공~ 요즘 또 배추가 제일 맛있을때라 그런지 적지도 과히지도 않은 맵기에 짠기가 생배추와 맞물려 조합이 좋았다. 생배추를 내놓는 집은 무.김치에 자신이 있다는 뜻으로도 해석할 수 있겠다.... 외국인들도 찾는곳이라 그런걸 수 있겠지만 식사중 밑바닥에 깔린 머리카락의 출현에 사장님이 군말없이 수육을 새 음식으로 내어주시면서 ""죄송합니다 ""라고 하시는데~ 웨이팅도 길고 또 그안"
매다 짜다,phrase,2,False,1,5.0,1.5,"지나다니면서 보니 웨이팅까지 하면서?... 오늘 처음 오픈런을 해봤.... 칼국수용 김치와 숙육용 김치가 다른데 둘다 좋았다. 오랜시간동안 자연스레 쌓아온 김치내공~ 요즘 또 배추가 제일 맛있을때라 그런지 적지도 과히지도 않은 맵기에 짠기가 생배추와 맞물려 조합이 좋았다. 생배추를 내놓는 집은 무.김치에 자신이 있다는 뜻으로도 해석할 수 있겠다.... 외국인들도 찾는곳이라 그런걸 수 있겠지만 식사중 밑바닥에 깔린 머리카락의 출현에 사장님이 군말없이 수육을 새 음식으로 내어주시면서 ""죄송합니다 ""라고 하시는데~ 웨이팅도 길고 또 그안"
내다 죄송하다,phrase,2,False,1,5.0,1.5,"지나다니면서 보니 웨이팅까지 하면서?... 오늘 처음 오픈런을 해봤.... 칼국수용 김치와 숙육용 김치가 다른데 둘다 좋았다. 오랜시간동안 자연스레 쌓아온 김치내공~ 요즘 또 배추가 제일 맛있을때라 그런지 적지도 과히지도 않은 맵기에 짠기가 생배추와 맞물려 조합이 좋았다. 생배추를 내놓는 집은 무.김치에 자신이 있다는 뜻으로도 해석할 수 있겠다.... 외국인들도 찾는곳이라 그런걸 수 있겠지만 식사중 밑바닥에 깔린 머리카락의 출현에 사장님이 군말없이 수육을 새 음식으로 내어주시면서 ""죄송합니다 ""라고 하시는데~ 웨이팅도 길고 또 그안"
바꾸다 작아지다,phrase,2,False,1,5.0,1.5,"지나다니면서 보니 웨이팅까지 하면서?... 오늘 처음 오픈런을 해봤.... 칼국수용 김치와 숙육용 김치가 다른데 둘다 좋았다. 오랜시간동안 자연스레 쌓아온 김치내공~ 요즘 또 배추가 제일 맛있을때라 그런지 적지도 과히지도 않은 맵기에 짠기가 생배추와 맞물려 조합이 좋았다. 생배추를 내놓는 집은 무.김치에 자신이 있다는 뜻으로도 해석할 수 있겠다.... 외국인들도 찾는곳이라 그런걸 수 있겠지만 식사중 밑바닥에 깔린 머리카락의 출현에 사장님이 군말없이 수육을 새 음식으로 내어주시면서 ""죄송합니다 ""라고 하시는데~ 웨이팅도 길고 또 그안"
자연스레 쌓다,phrase,2,False,1,5.0,1.5,"지나다니면서 보니 웨이팅까지 하면서?... 오늘 처음 오픈런을 해봤.... 칼국수용 김치와 숙육용 김치가 다른데 둘다 좋았다. 오랜시간동안 자연스레 쌓아온 김치내공~ 요즘 또 배추가 제일 맛있을때라 그런지 적지도 과히지도 않은 맵기에 짠기가 생배추와 맞물려 조합이 좋았다. 생배추를 내놓는 집은 무.김치에 자신이 있다는 뜻으로도 해석할 수 있겠다.... 외국인들도 찾는곳이라 그런걸 수 있겠지만 식사중 밑바닥에 깔린 머리카락의 출현에 사장님이 군말없이 수육을 새 음식으로 내어주시면서 ""죄송합니다 ""라고 하시는데~ 웨이팅도 길고 또 그안"
웨이팅 오늘,phrase,2,False,1,5.0,1.5,"지나다니면서 보니 웨이팅까지 하면서?... 오늘 처음 오픈런을 해봤.... 칼국수용 김치와 숙육용 김치가 다른데 둘다 좋았다. 오랜시간동안 자연스레 쌓아온 김치내공~ 요즘 또 배추가 제일 맛있을때라 그런지 적지도 과히지도 않은 맵기에 짠기가 생배추와 맞물려 조합이 좋았다. 생배추를 내놓는 집은 무.김치에 자신이 있다는 뜻으로도 해석할 수 있겠다.... 외국인들도 찾는곳이라 그런걸 수 있겠지만 식사중 밑바닥에 깔린 머리카락의 출현에 사장님이 군말없이 수육을 새 음식으로 내어주시면서 ""죄송합니다 ""라고 하시는데~ 웨이팅도 길고 또 그안"
일절 관계,phrase,2,False,1,5.0,1.5,"지나다니면서 보니 웨이팅까지 하면서?... 오늘 처음 오픈런을 해봤.... 칼국수용 김치와 숙육용 김치가 다른데 둘다 좋았다. 오랜시간동안 자연스레 쌓아온 김치내공~ 요즘 또 배추가 제일 맛있을때라 그런지 적지도 과히지도 않은 맵기에 짠기가 생배추와 맞물려 조합이 좋았다. 생배추를 내놓는 집은 무.김치에 자신이 있다는 뜻으로도 해석할 수 있겠다.... 외국인들도 찾는곳이라 그런걸 수 있겠지만 식사중 밑바닥에 깔린 머리카락의 출현에 사장님이 군말없이 수육을 새 음식으로 내어주시면서 ""죄송합니다 ""라고 하시는데~ 웨이팅도 길고 또 그안"
배추 맞다,phrase,2,False,1,5.0,1.5,"지나다니면서 보니 웨이팅까지 하면서?... 오늘 처음 오픈런을 해봤.... 칼국수용 김치와 숙육용 김치가 다른데 둘다 좋았다. 오랜시간동안 자연스레 쌓아온 김치내공~ 요즘 또 배추가 제일 맛있을때라 그런지 적지도 과히지도 않은 맵기에 짠기가 생배추와 맞물려 조합이 좋았다. 생배추를 내놓는 집은 무.김치에 자신이 있다는 뜻으로도 해석할 수 있겠다.... 외국인들도 찾는곳이라 그런걸 수 있겠지만 식사중 밑바닥에 깔린 머리카락의 출현에 사장님이 군말없이 수육을 새 음식으로 내어주시면서 ""죄송합니다 ""라고 하시는데~ 웨이팅도 길고 또 그안"
자신 해석,phrase,2,False,1,5.0,1.5,"지나다니면서 보니 웨이팅까지 하면서?... 오늘 처음 오픈런을 해봤.... 칼국수용 김치와 숙육용 김치가 다른데 둘다 좋았다. 오랜시간동안 자연스레 쌓아온 김치내공~ 요즘 또 배추가 제일 맛있을때라 그런지 적지도 과히지도 않은 맵기에 짠기가 생배추와 맞물려 조합이 좋았다. 생배추를 내놓는 집은 무.김치에 자신이 있다는 뜻으로도 해석할 수 있겠다.... 외국인들도 찾는곳이라 그런걸 수 있겠지만 식사중 밑바닥에 깔린 머리카락의 출현에 사장님이 군말없이 수육을 새 음식으로 내어주시면서 ""죄송합니다 ""라고 하시는데~ 웨이팅도 길고 또 그안"
오픈런 해봤다,phrase,2,False,1,5.0,1.5,"지나다니면서 보니 웨이팅까지 하면서?... 오늘 처음 오픈런을 해봤.... 칼국수용 김치와 숙육용 김치가 다른데 둘다 좋았다. 오랜시간동안 자연스레 쌓아온 김치내공~ 요즘 또 배추가 제일 맛있을때라 그런지 적지도 과히지도 않은 맵기에 짠기가 생배추와 맞물려 조합이 좋았다. 생배추를 내놓는 집은 무.김치에 자신이 있다는 뜻으로도 해석할 수 있겠다.... 외국인들도 찾는곳이라 그런걸 수 있겠지만 식사중 밑바닥에 깔린 머리카락의 출현에 사장님이 군말없이 수육을 새 음식으로 내어주시면서 ""죄송합니다 ""라고 하시는데~ 웨이팅도 길고 또 그안"
만들기 과정,phrase,2,False,1,5.0,1.5,"지나다니면서 보니 웨이팅까지 하면서?... 오늘 처음 오픈런을 해봤.... 칼국수용 김치와 숙육용 김치가 다른데 둘다 좋았다. 오랜시간동안 자연스레 쌓아온 김치내공~ 요즘 또 배추가 제일 맛있을때라 그런지 적지도 과히지도 않은 맵기에 짠기가 생배추와 맞물려 조합이 좋았다. 생배추를 내놓는 집은 무.김치에 자신이 있다는 뜻으로도 해석할 수 있겠다.... 외국인들도 찾는곳이라 그런걸 수 있겠지만 식사중 밑바닥에 깔린 머리카락의 출현에 사장님이 군말없이 수육을 새 음식으로 내어주시면서 ""죄송합니다 ""라고 하시는데~ 웨이팅도 길고 또 그안"
음식 하나,phrase,2,False,1,5.0,1.5,"지나다니면서 보니 웨이팅까지 하면서?... 오늘 처음 오픈런을 해봤.... 칼국수용 김치와 숙육용 김치가 다른데 둘다 좋았다. 오랜시간동안 자연스레 쌓아온 김치내공~ 요즘 또 배추가 제일 맛있을때라 그런지 적지도 과히지도 않은 맵기에 짠기가 생배추와 맞물려 조합이 좋았다. 생배추를 내놓는 집은 무.김치에 자신이 있다는 뜻으로도 해석할 수 있겠다.... 외국인들도 찾는곳이라 그런걸 수 있겠지만 식사중 밑바닥에 깔린 머리카락의 출현에 사장님이 군말없이 수육을 새 음식으로 내어주시면서 ""죄송합니다 ""라고 하시는데~ 웨이팅도 길고 또 그안"
쉬다 않다,phrase,2,False,1,5.0,1.5,"지나다니면서 보니 웨이팅까지 하면서?... 오늘 처음 오픈런을 해봤.... 칼국수용 김치와 숙육용 김치가 다른데 둘다 좋았다. 오랜시간동안 자연스레 쌓아온 김치내공~ 요즘 또 배추가 제일 맛있을때라 그런지 적지도 과히지도 않은 맵기에 짠기가 생배추와 맞물려 조합이 좋았다. 생배추를 내놓는 집은 무.김치에 자신이 있다는 뜻으로도 해석할 수 있겠다.... 외국인들도 찾는곳이라 그런걸 수 있겠지만 식사중 밑바닥에 깔린 머리카락의 출현에 사장님이 군말없이 수육을 새 음식으로 내어주시면서 ""죄송합니다 ""라고 하시는데~ 웨이팅도 길고 또 그안"
지도 않다,phrase,2,False,1,5.0,1.5,"지나다니면서 보니 웨이팅까지 하면서?... 오늘 처음 오픈런을 해봤.... 칼국수용 김치와 숙육용 김치가 다른데 둘다 좋았다. 오랜시간동안 자연스레 쌓아온 김치내공~ 요즘 또 배추가 제일 맛있을때라 그런지 적지도 과히지도 않은 맵기에 짠기가 생배추와 맞물려 조합이 좋았다. 생배추를 내놓는 집은 무.김치에 자신이 있다는 뜻으로도 해석할 수 있겠다.... 외국인들도 찾는곳이라 그런걸 수 있겠지만 식사중 밑바닥에 깔린 머리카락의 출현에 사장님이 군말없이 수육을 새 음식으로 내어주시면서 ""죄송합니다 ""라고 하시는데~ 웨이팅도 길고 또 그안"
동안 자연스레,phrase,2,False,1,5.0,1.5,"지나다니면서 보니 웨이팅까지 하면서?... 오늘 처음 오픈런을 해봤.... 칼국수용 김치와 숙육용 김치가 다른데 둘다 좋았다. 오랜시간동안 자연스레 쌓아온 김치내공~ 요즘 또 배추가 제일 맛있을때라 그런지 적지도 과히지도 않은 맵기에 짠기가 생배추와 맞물려 조합이 좋았다. 생배추를 내놓는 집은 무.김치에 자신이 있다는 뜻으로도 해석할 수 있겠다.... 외국인들도 찾는곳이라 그런걸 수 있겠지만 식사중 밑바닥에 깔린 머리카락의 출현에 사장님이 군말없이 수육을 새 음식으로 내어주시면서 ""죄송합니다 ""라고 하시는데~ 웨이팅도 길고 또 그안"
밑바닥 깔리다,phrase,2,False,1,5.0,1.5,"지나다니면서 보니 웨이팅까지 하면서?... 오늘 처음 오픈런을 해봤.... 칼국수용 김치와 숙육용 김치가 다른데 둘다 좋았다. 오랜시간동안 자연스레 쌓아온 김치내공~ 요즘 또 배추가 제일 맛있을때라 그런지 적지도 과히지도 않은 맵기에 짠기가 생배추와 맞물려 조합이 좋았다. 생배추를 내놓는 집은 무.김치에 자신이 있다는 뜻으로도 해석할 수 있겠다.... 외국인들도 찾는곳이라 그런걸 수 있겠지만 식사중 밑바닥에 깔린 머리카락의 출현에 사장님이 군말없이 수육을 새 음식으로 내어주시면서 ""죄송합니다 ""라고 하시는데~ 웨이팅도 길고 또 그안"
만들다 음식,phrase,2,False,1,5.0,1.5,"지나다니면서 보니 웨이팅까지 하면서?... 오늘 처음 오픈런을 해봤.... 칼국수용 김치와 숙육용 김치가 다른데 둘다 좋았다. 오랜시간동안 자연스레 쌓아온 김치내공~ 요즘 또 배추가 제일 맛있을때라 그런지 적지도 과히지도 않은 맵기에 짠기가 생배추와 맞물려 조합이 좋았다. 생배추를 내놓는 집은 무.김치에 자신이 있다는 뜻으로도 해석할 수 있겠다.... 외국인들도 찾는곳이라 그런걸 수 있겠지만 식사중 밑바닥에 깔린 머리카락의 출현에 사장님이 군말없이 수육을 새 음식으로 내어주시면서 ""죄송합니다 ""라고 하시는데~ 웨이팅도 길고 또 그안"
군말 없이,phrase,2,False,1,5.0,1.5,"지나다니면서 보니 웨이팅까지 하면서?... 오늘 처음 오픈런을 해봤.... 칼국수용 김치와 숙육용 김치가 다른데 둘다 좋았다. 오랜시간동안 자연스레 쌓아온 김치내공~ 요즘 또 배추가 제일 맛있을때라 그런지 적지도 과히지도 않은 맵기에 짠기가 생배추와 맞물려 조합이 좋았다. 생배추를 내놓는 집은 무.김치에 자신이 있다는 뜻으로도 해석할 수 있겠다.... 외국인들도 찾는곳이라 그런걸 수 있겠지만 식사중 밑바닥에 깔린 머리카락의 출현에 사장님이 군말없이 수육을 새 음식으로 내어주시면서 ""죄송합니다 ""라고 하시는데~ 웨이팅도 길고 또 그안"
음식 아니다,phrase,2,False,1,5.0,1.5,"지나다니면서 보니 웨이팅까지 하면서?... 오늘 처음 오픈런을 해봤.... 칼국수용 김치와 숙육용 김치가 다른데 둘다 좋았다. 오랜시간동안 자연스레 쌓아온 김치내공~ 요즘 또 배추가 제일 맛있을때라 그런지 적지도 과히지도 않은 맵기에 짠기가 생배추와 맞물려 조합이 좋았다. 생배추를 내놓는 집은 무.김치에 자신이 있다는 뜻으로도 해석할 수 있겠다.... 외국인들도 찾는곳이라 그런걸 수 있겠지만 식사중 밑바닥에 깔린 머리카락의 출현에 사장님이 군말없이 수육을 새 음식으로 내어주시면서 ""죄송합니다 ""라고 하시는데~ 웨이팅도 길고 또 그안"
삶다 만들다,phrase,2,False,1,5.0,1.5,"지나다니면서 보니 웨이팅까지 하면서?... 오늘 처음 오픈런을 해봤.... 칼국수용 김치와 숙육용 김치가 다른데 둘다 좋았다. 오랜시간동안 자연스레 쌓아온 김치내공~ 요즘 또 배추가 제일 맛있을때라 그런지 적지도 과히지도 않은 맵기에 짠기가 생배추와 맞물려 조합이 좋았다. 생배추를 내놓는 집은 무.김치에 자신이 있다는 뜻으로도 해석할 수 있겠다.... 외국인들도 찾는곳이라 그런걸 수 있겠지만 식사중 밑바닥에 깔린 머리카락의 출현에 사장님이 군말없이 수육을 새 음식으로 내어주시면서 ""죄송합니다 ""라고 하시는데~ 웨이팅도 길고 또 그안"
가나 거기,phrase,2,False,1,5.0,1.5,"지나다니면서 보니 웨이팅까지 하면서?... 오늘 처음 오픈런을 해봤.... 칼국수용 김치와 숙육용 김치가 다른데 둘다 좋았다. 오랜시간동안 자연스레 쌓아온 김치내공~ 요즘 또 배추가 제일 맛있을때라 그런지 적지도 과히지도 않은 맵기에 짠기가 생배추와 맞물려 조합이 좋았다. 생배추를 내놓는 집은 무.김치에 자신이 있다는 뜻으로도 해석할 수 있겠다.... 외국인들도 찾는곳이라 그런걸 수 있겠지만 식사중 밑바닥에 깔린 머리카락의 출현에 사장님이 군말없이 수육을 새 음식으로 내어주시면서 ""죄송합니다 ""라고 하시는데~ 웨이팅도 길고 또 그안"
작성 후기,phrase,2,False,1,5.0,1.5,"지나다니면서 보니 웨이팅까지 하면서?... 오늘 처음 오픈런을 해봤.... 칼국수용 김치와 숙육용 김치가 다른데 둘다 좋았다. 오랜시간동안 자연스레 쌓아온 김치내공~ 요즘 또 배추가 제일 맛있을때라 그런지 적지도 과히지도 않은 맵기에 짠기가 생배추와 맞물려 조합이 좋았다. 생배추를 내놓는 집은 무.김치에 자신이 있다는 뜻으로도 해석할 수 있겠다.... 외국인들도 찾는곳이라 그런걸 수 있겠지만 식사중 밑바닥에 깔린 머리카락의 출현에 사장님이 군말없이 수육을 새 음식으로 내어주시면서 ""죄송합니다 ""라고 하시는데~ 웨이팅도 길고 또 그안"
수육 음식,phrase,2,False,1,5.0,1.5,"지나다니면서 보니 웨이팅까지 하면서?... 오늘 처음 오픈런을 해봤.... 칼국수용 김치와 숙육용 김치가 다른데 둘다 좋았다. 오랜시간동안 자연스레 쌓아온 김치내공~ 요즘 또 배추가 제일 맛있을때라 그런지 적지도 과히지도 않은 맵기에 짠기가 생배추와 맞물려 조합이 좋았다. 생배추를 내놓는 집은 무.김치에 자신이 있다는 뜻으로도 해석할 수 있겠다.... 외국인들도 찾는곳이라 그런걸 수 있겠지만 식사중 밑바닥에 깔린 머리카락의 출현에 사장님이 군말없이 수육을 새 음식으로 내어주시면서 ""죄송합니다 ""라고 하시는데~ 웨이팅도 길고 또 그안"
단순하다 삶다,phrase,2,False,1,5.0,1.5,"지나다니면서 보니 웨이팅까지 하면서?... 오늘 처음 오픈런을 해봤.... 칼국수용 김치와 숙육용 김치가 다른데 둘다 좋았다. 오랜시간동안 자연스레 쌓아온 김치내공~ 요즘 또 배추가 제일 맛있을때라 그런지 적지도 과히지도 않은 맵기에 짠기가 생배추와 맞물려 조합이 좋았다. 생배추를 내놓는 집은 무.김치에 자신이 있다는 뜻으로도 해석할 수 있겠다.... 외국인들도 찾는곳이라 그런걸 수 있겠지만 식사중 밑바닥에 깔린 머리카락의 출현에 사장님이 군말없이 수육을 새 음식으로 내어주시면서 ""죄송합니다 ""라고 하시는데~ 웨이팅도 길고 또 그안"
보다 웨이팅,phrase,2,False,1,5.0,1.5,"지나다니면서 보니 웨이팅까지 하면서?... 오늘 처음 오픈런을 해봤.... 칼국수용 김치와 숙육용 김치가 다른데 둘다 좋았다. 오랜시간동안 자연스레 쌓아온 김치내공~ 요즘 또 배추가 제일 맛있을때라 그런지 적지도 과히지도 않은 맵기에 짠기가 생배추와 맞물려 조합이 좋았다. 생배추를 내놓는 집은 무.김치에 자신이 있다는 뜻으로도 해석할 수 있겠다.... 외국인들도 찾는곳이라 그런걸 수 있겠지만 식사중 밑바닥에 깔린 머리카락의 출현에 사장님이 군말없이 수육을 새 음식으로 내어주시면서 ""죄송합니다 ""라고 하시는데~ 웨이팅도 길고 또 그안"
손님 대하,phrase,2,False,1,5.0,1.5,"지나다니면서 보니 웨이팅까지 하면서?... 오늘 처음 오픈런을 해봤.... 칼국수용 김치와 숙육용 김치가 다른데 둘다 좋았다. 오랜시간동안 자연스레 쌓아온 김치내공~ 요즘 또 배추가 제일 맛있을때라 그런지 적지도 과히지도 않은 맵기에 짠기가 생배추와 맞물려 조합이 좋았다. 생배추를 내놓는 집은 무.김치에 자신이 있다는 뜻으로도 해석할 수 있겠다.... 외국인들도 찾는곳이라 그런걸 수 있겠지만 식사중 밑바닥에 깔린 머리카락의 출현에 사장님이 군말없이 수육을 새 음식으로 내어주시면서 ""죄송합니다 ""라고 하시는데~ 웨이팅도 길고 또 그안"
길다 진심,phrase,2,False,1,5.0,1.5,"지나다니면서 보니 웨이팅까지 하면서?... 오늘 처음 오픈런을 해봤.... 칼국수용 김치와 숙육용 김치가 다른데 둘다 좋았다. 오랜시간동안 자연스레 쌓아온 김치내공~ 요즘 또 배추가 제일 맛있을때라 그런지 적지도 과히지도 않은 맵기에 짠기가 생배추와 맞물려 조합이 좋았다. 생배추를 내놓는 집은 무.김치에 자신이 있다는 뜻으로도 해석할 수 있겠다.... 외국인들도 찾는곳이라 그런걸 수 있겠지만 식사중 밑바닥에 깔린 머리카락의 출현에 사장님이 군말없이 수육을 새 음식으로 내어주시면서 ""죄송합니다 ""라고 하시는데~ 웨이팅도 길고 또 그안"
중간 바꾸다,phrase,2,False,1,5.0,1.5,"지나다니면서 보니 웨이팅까지 하면서?... 오늘 처음 오픈런을 해봤.... 칼국수용 김치와 숙육용 김치가 다른데 둘다 좋았다. 오랜시간동안 자연스레 쌓아온 김치내공~ 요즘 또 배추가 제일 맛있을때라 그런지 적지도 과히지도 않은 맵기에 짠기가 생배추와 맞물려 조합이 좋았다. 생배추를 내놓는 집은 무.김치에 자신이 있다는 뜻으로도 해석할 수 있겠다.... 외국인들도 찾는곳이라 그런걸 수 있겠지만 식사중 밑바닥에 깔린 머리카락의 출현에 사장님이 군말없이 수육을 새 음식으로 내어주시면서 ""죄송합니다 ""라고 하시는데~ 웨이팅도 길고 또 그안"
내놓다 집다,phrase,2,False,1,5.0,1.5,"지나다니면서 보니 웨이팅까지 하면서?... 오늘 처음 오픈런을 해봤.... 칼국수용 김치와 숙육용 김치가 다른데 둘다 좋았다. 오랜시간동안 자연스레 쌓아온 김치내공~ 요즘 또 배추가 제일 맛있을때라 그런지 적지도 과히지도 않은 맵기에 짠기가 생배추와 맞물려 조합이 좋았다. 생배추를 내놓는 집은 무.김치에 자신이 있다는 뜻으로도 해석할 수 있겠다.... 외국인들도 찾는곳이라 그런걸 수 있겠지만 식사중 밑바닥에 깔린 머리카락의 출현에 사장님이 군말없이 수육을 새 음식으로 내어주시면서 ""죄송합니다 ""라고 하시는데~ 웨이팅도 길고 또 그안"
식사 밑바닥,phrase,2,False,1,5.0,1.5,"지나다니면서 보니 웨이팅까지 하면서?... 오늘 처음 오픈런을 해봤.... 칼국수용 김치와 숙육용 김치가 다른데 둘다 좋았다. 오랜시간동안 자연스레 쌓아온 김치내공~ 요즘 또 배추가 제일 맛있을때라 그런지 적지도 과히지도 않은 맵기에 짠기가 생배추와 맞물려 조합이 좋았다. 생배추를 내놓는 집은 무.김치에 자신이 있다는 뜻으로도 해석할 수 있겠다.... 외국인들도 찾는곳이라 그런걸 수 있겠지만 식사중 밑바닥에 깔린 머리카락의 출현에 사장님이 군말없이 수육을 새 음식으로 내어주시면서 ""죄송합니다 ""라고 하시는데~ 웨이팅도 길고 또 그안"
맞다 물리다,phrase,2,False,1,5.0,1.5,"지나다니면서 보니 웨이팅까지 하면서?... 오늘 처음 오픈런을 해봤.... 칼국수용 김치와 숙육용 김치가 다른데 둘다 좋았다. 오랜시간동안 자연스레 쌓아온 김치내공~ 요즘 또 배추가 제일 맛있을때라 그런지 적지도 과히지도 않은 맵기에 짠기가 생배추와 맞물려 조합이 좋았다. 생배추를 내놓는 집은 무.김치에 자신이 있다는 뜻으로도 해석할 수 있겠다.... 외국인들도 찾는곳이라 그런걸 수 있겠지만 식사중 밑바닥에 깔린 머리카락의 출현에 사장님이 군말없이 수육을 새 음식으로 내어주시면서 ""죄송합니다 ""라고 하시는데~ 웨이팅도 길고 또 그안"
오늘 처음,phrase,2,False,1,5.0,1.5,"지나다니면서 보니 웨이팅까지 하면서?... 오늘 처음 오픈런을 해봤.... 칼국수용 김치와 숙육용 김치가 다른데 둘다 좋았다. 오랜시간동안 자연스레 쌓아온 김치내공~ 요즘 또 배추가 제일 맛있을때라 그런지 적지도 과히지도 않은 맵기에 짠기가 생배추와 맞물려 조합이 좋았다. 생배추를 내놓는 집은 무.김치에 자신이 있다는 뜻으로도 해석할 수 있겠다.... 외국인들도 찾는곳이라 그런걸 수 있겠지만 식사중 밑바닥에 깔린 머리카락의 출현에 사장님이 군말없이 수육을 새 음식으로 내어주시면서 ""죄송합니다 ""라고 하시는데~ 웨이팅도 길고 또 그안"
거기 생각,phrase,2,False,1,5.0,1.5,"지나다니면서 보니 웨이팅까지 하면서?... 오늘 처음 오픈런을 해봤.... 칼국수용 김치와 숙육용 김치가 다른데 둘다 좋았다. 오랜시간동안 자연스레 쌓아온 김치내공~ 요즘 또 배추가 제일 맛있을때라 그런지 적지도 과히지도 않은 맵기에 짠기가 생배추와 맞물려 조합이 좋았다. 생배추를 내놓는 집은 무.김치에 자신이 있다는 뜻으로도 해석할 수 있겠다.... 외국인들도 찾는곳이라 그런걸 수 있겠지만 식사중 밑바닥에 깔린 머리카락의 출현에 사장님이 군말없이 수육을 새 음식으로 내어주시면서 ""죄송합니다 ""라고 하시는데~ 웨이팅도 길고 또 그안"
그렇다 단순하다,phrase,2,False,1,5.0,1.5,"지나다니면서 보니 웨이팅까지 하면서?... 오늘 처음 오픈런을 해봤.... 칼국수용 김치와 숙육용 김치가 다른데 둘다 좋았다. 오랜시간동안 자연스레 쌓아온 김치내공~ 요즘 또 배추가 제일 맛있을때라 그런지 적지도 과히지도 않은 맵기에 짠기가 생배추와 맞물려 조합이 좋았다. 생배추를 내놓는 집은 무.김치에 자신이 있다는 뜻으로도 해석할 수 있겠다.... 외국인들도 찾는곳이라 그런걸 수 있겠지만 식사중 밑바닥에 깔린 머리카락의 출현에 사장님이 군말없이 수육을 새 음식으로 내어주시면서 ""죄송합니다 ""라고 하시는데~ 웨이팅도 길고 또 그안"
맛등 여러가지,phrase,2,False,1,5.0,1.5,"지나다니면서 보니 웨이팅까지 하면서?... 오늘 처음 오픈런을 해봤.... 칼국수용 김치와 숙육용 김치가 다른데 둘다 좋았다. 오랜시간동안 자연스레 쌓아온 김치내공~ 요즘 또 배추가 제일 맛있을때라 그런지 적지도 과히지도 않은 맵기에 짠기가 생배추와 맞물려 조합이 좋았다. 생배추를 내놓는 집은 무.김치에 자신이 있다는 뜻으로도 해석할 수 있겠다.... 외국인들도 찾는곳이라 그런걸 수 있겠지만 식사중 밑바닥에 깔린 머리카락의 출현에 사장님이 군말없이 수육을 새 음식으로 내어주시면서 ""죄송합니다 ""라고 하시는데~ 웨이팅도 길고 또 그안"
대하 음식,phrase,2,False,1,5.0,1.5,"지나다니면서 보니 웨이팅까지 하면서?... 오늘 처음 오픈런을 해봤.... 칼국수용 김치와 숙육용 김치가 다른데 둘다 좋았다. 오랜시간동안 자연스레 쌓아온 김치내공~ 요즘 또 배추가 제일 맛있을때라 그런지 적지도 과히지도 않은 맵기에 짠기가 생배추와 맞물려 조합이 좋았다. 생배추를 내놓는 집은 무.김치에 자신이 있다는 뜻으로도 해석할 수 있겠다.... 외국인들도 찾는곳이라 그런걸 수 있겠지만 식사중 밑바닥에 깔린 머리카락의 출현에 사장님이 군말없이 수육을 새 음식으로 내어주시면서 ""죄송합니다 ""라고 하시는데~ 웨이팅도 길고 또 그안"
이벤트 상관없다,phrase,2,False,1,5.0,1.5,"지나다니면서 보니 웨이팅까지 하면서?... 오늘 처음 오픈런을 해봤.... 칼국수용 김치와 숙육용 김치가 다른데 둘다 좋았다. 오랜시간동안 자연스레 쌓아온 김치내공~ 요즘 또 배추가 제일 맛있을때라 그런지 적지도 과히지도 않은 맵기에 짠기가 생배추와 맞물려 조합이 좋았다. 생배추를 내놓는 집은 무.김치에 자신이 있다는 뜻으로도 해석할 수 있겠다.... 외국인들도 찾는곳이라 그런걸 수 있겠지만 식사중 밑바닥에 깔린 머리카락의 출현에 사장님이 군말없이 수육을 새 음식으로 내어주시면서 ""죄송합니다 ""라고 하시는데~ 웨이팅도 길고 또 그안"
쌓다 김치,phrase,2,False,1,5.0,1.5,"지나다니면서 보니 웨이팅까지 하면서?... 오늘 처음 오픈런을 해봤.... 칼국수용 김치와 숙육용 김치가 다른데 둘다 좋았다. 오랜시간동안 자연스레 쌓아온 김치내공~ 요즘 또 배추가 제일 맛있을때라 그런지 적지도 과히지도 않은 맵기에 짠기가 생배추와 맞물려 조합이 좋았다. 생배추를 내놓는 집은 무.김치에 자신이 있다는 뜻으로도 해석할 수 있겠다.... 외국인들도 찾는곳이라 그런걸 수 있겠지만 식사중 밑바닥에 깔린 머리카락의 출현에 사장님이 군말없이 수육을 새 음식으로 내어주시면서 ""죄송합니다 ""라고 하시는데~ 웨이팅도 길고 또 그안"
그렇다 보쌈,phrase,2,False,1,5.0,1.5,"지나다니면서 보니 웨이팅까지 하면서?... 오늘 처음 오픈런을 해봤.... 칼국수용 김치와 숙육용 김치가 다른데 둘다 좋았다. 오랜시간동안 자연스레 쌓아온 김치내공~ 요즘 또 배추가 제일 맛있을때라 그런지 적지도 과히지도 않은 맵기에 짠기가 생배추와 맞물려 조합이 좋았다. 생배추를 내놓는 집은 무.김치에 자신이 있다는 뜻으로도 해석할 수 있겠다.... 외국인들도 찾는곳이라 그런걸 수 있겠지만 식사중 밑바닥에 깔린 머리카락의 출현에 사장님이 군말없이 수육을 새 음식으로 내어주시면서 ""죄송합니다 ""라고 하시는데~ 웨이팅도 길고 또 그안"
않다 보쌈,phrase,2,False,1,4.0,-3.0,항정살 보쌈이 부들부들 맛있었습니다. 김치도 달지도 않고 보쌈과의 조합도 잘 맞네요 문래점에서 먹고 실망했는데 본점은 다르네요 다만 규모에 비해 에어컨이 부족하여 땀흘리며 먹었네요... ㅠㅠ
에어컨 부족하다,phrase,2,False,1,4.0,-3.0,항정살 보쌈이 부들부들 맛있었습니다. 김치도 달지도 않고 보쌈과의 조합도 잘 맞네요 문래점에서 먹고 실망했는데 본점은 다르네요 다만 규모에 비해 에어컨이 부족하여 땀흘리며 먹었네요... ㅠㅠ
먹다 실망하다,phrase,2,False,1,4.0,-3.0,항정살 보쌈이 부들부들 맛있었습니다. 김치도 달지도 않고 보쌈과의 조합도 잘 맞네요 문래점에서 먹고 실망했는데 본점은 다르네요 다만 규모에 비해 에어컨이 부족하여 땀흘리며 먹었네요... ㅠㅠ
규모 비다,phrase,2,False,1,4.0,-3.0,항정살 보쌈이 부들부들 맛있었습니다. 김치도 달지도 않고 보쌈과의 조합도 잘 맞네요 문래점에서 먹고 실망했는데 본점은 다르네요 다만 규모에 비해 에어컨이 부족하여 땀흘리며 먹었네요... ㅠㅠ
조합 자다,phrase,2,False,1,4.0,-3.0,항정살 보쌈이 부들부들 맛있었습니다. 김치도 달지도 않고 보쌈과의 조합도 잘 맞네요 문래점에서 먹고 실망했는데 본점은 다르네요 다만 규모에 비해 에어컨이 부족하여 땀흘리며 먹었네요... ㅠㅠ
보쌈 조합,phrase,2,False,1,4.0,-3.0,항정살 보쌈이 부들부들 맛있었습니다. 김치도 달지도 않고 보쌈과의 조합도 잘 맞네요 문래점에서 먹고 실망했는데 본점은 다르네요 다만 규모에 비해 에어컨이 부족하여 땀흘리며 먹었네요... ㅠㅠ
흘리다 먹다,phrase,2,False,1,4.0,-3.0,항정살 보쌈이 부들부들 맛있었습니다. 김치도 달지도 않고 보쌈과의 조합도 잘 맞네요 문래점에서 먹고 실망했는데 본점은 다르네요 다만 규모에 비해 에어컨이 부족하여 땀흘리며 먹었네요... ㅠㅠ
항정살 보쌈,phrase,2,False,1,4.0,-3.0,항정살 보쌈이 부들부들 맛있었습니다. 김치도 달지도 않고 보쌈과의 조합도 잘 맞네요 문래점에서 먹고 실망했는데 본점은 다르네요 다만 규모에 비해 에어컨이 부족하여 땀흘리며 먹었네요... ㅠㅠ
실망하다 본점,phrase,2,False,1,4.0,-3.0,항정살 보쌈이 부들부들 맛있었습니다. 김치도 달지도 않고 보쌈과의 조합도 잘 맞네요 문래점에서 먹고 실망했는데 본점은 다르네요 다만 규모에 비해 에어컨이 부족하여 땀흘리며 먹었네요... ㅠㅠ
보쌈 부들부들,phrase,2,False,1,4.0,-3.0,항정살 보쌈이 부들부들 맛있었습니다. 김치도 달지도 않고 보쌈과의 조합도 잘 맞네요 문래점에서 먹고 실망했는데 본점은 다르네요 다만 규모에 비해 에어컨이 부족하여 땀흘리며 먹었네요... ㅠㅠ
본점 다르다,phrase,2,False,1,4.0,-3.0,항정살 보쌈이 부들부들 맛있었습니다. 김치도 달지도 않고 보쌈과의 조합도 잘 맞네요 문래점에서 먹고 실망했는데 본점은 다르네요 다만 규모에 비해 에어컨이 부족하여 땀흘리며 먹었네요... ㅠㅠ
부족하다 흘리다,phrase,2,False,1,4.0,-3.0,항정살 보쌈이 부들부들 맛있었습니다. 김치도 달지도 않고 보쌈과의 조합도 잘 맞네요 문래점에서 먹고 실망했는데 본점은 다르네요 다만 규모에 비해 에어컨이 부족하여 땀흘리며 먹었네요... ㅠㅠ
다르다 다만,phrase,2,False,1,4.0,-3.0,항정살 보쌈이 부들부들 맛있었습니다. 김치도 달지도 않고 보쌈과의 조합도 잘 맞네요 문래점에서 먹고 실망했는데 본점은 다르네요 다만 규모에 비해 에어컨이 부족하여 땀흘리며 먹었네요... ㅠㅠ
맞다 문래,phrase,2,False,1,4.0,-3.0,항정살 보쌈이 부들부들 맛있었습니다. 김치도 달지도 않고 보쌈과의 조합도 잘 맞네요 문래점에서 먹고 실망했는데 본점은 다르네요 다만 규모에 비해 에어컨이 부족하여 땀흘리며 먹었네요... ㅠㅠ
김치 달다,phrase,2,False,1,4.0,-3.0,항정살 보쌈이 부들부들 맛있었습니다. 김치도 달지도 않고 보쌈과의 조합도 잘 맞네요 문래점에서 먹고 실망했는데 본점은 다르네요 다만 규모에 비해 에어컨이 부족하여 땀흘리며 먹었네요... ㅠㅠ
다만 규모,phrase,2,False,1,4.0,-3.0,항정살 보쌈이 부들부들 맛있었습니다. 김치도 달지도 않고 보쌈과의 조합도 잘 맞네요 문래점에서 먹고 실망했는데 본점은 다르네요 다만 규모에 비해 에어컨이 부족하여 땀흘리며 먹었네요... ㅠㅠ
비다 에어컨,phrase,2,False,1,4.0,-3.0,항정살 보쌈이 부들부들 맛있었습니다. 김치도 달지도 않고 보쌈과의 조합도 잘 맞네요 문래점에서 먹고 실망했는데 본점은 다르네요 다만 규모에 비해 에어컨이 부족하여 땀흘리며 먹었네요... ㅠㅠ
달다 않다,phrase,2,False,1,4.0,-3.0,항정살 보쌈이 부들부들 맛있었습니다. 김치도 달지도 않고 보쌈과의 조합도 잘 맞네요 문래점에서 먹고 실망했는데 본점은 다르네요 다만 규모에 비해 에어컨이 부족하여 땀흘리며 먹었네요... ㅠㅠ
자다 맞다,phrase,2,False,1,4.0,-3.0,항정살 보쌈이 부들부들 맛있었습니다. 김치도 달지도 않고 보쌈과의 조합도 잘 맞네요 문래점에서 먹고 실망했는데 본점은 다르네요 다만 규모에 비해 에어컨이 부족하여 땀흘리며 먹었네요... ㅠㅠ
문래 먹다,phrase,2,False,1,4.0,-3.0,항정살 보쌈이 부들부들 맛있었습니다. 김치도 달지도 않고 보쌈과의 조합도 잘 맞네요 문래점에서 먹고 실망했는데 본점은 다르네요 다만 규모에 비해 에어컨이 부족하여 땀흘리며 먹었네요... ㅠㅠ
너무 길다,phrase,2,False,1,4.0,-0.5,맛에 비해 웨이팅이 너무 길다
웨이팅 너무,phrase,2,False,1,4.0,-0.5,맛에 비해 웨이팅이 너무 길다
비다 웨이팅,phrase,2,False,1,4.0,-0.5,맛에 비해 웨이팅이 너무 길다
평범하다 느낌,phrase,2,False,1,4.0,0.0,웨이팅 2시간 했습니다 신기한 맛이에요 국물맛이 가벼운데 짠 맛이 좀 강해요 김치만두는 굳이 안 먹어도 될 것 같아요 평범한 느낌
국물 가볍다,phrase,2,False,1,4.0,0.0,웨이팅 2시간 했습니다 신기한 맛이에요 국물맛이 가벼운데 짠 맛이 좀 강해요 김치만두는 굳이 안 먹어도 될 것 같아요 평범한 느낌
굳이 먹다,phrase,2,False,1,4.0,0.0,웨이팅 2시간 했습니다 신기한 맛이에요 국물맛이 가벼운데 짠 맛이 좀 강해요 김치만두는 굳이 안 먹어도 될 것 같아요 평범한 느낌
가볍다 짜다,phrase,2,False,1,4.0,0.0,웨이팅 2시간 했습니다 신기한 맛이에요 국물맛이 가벼운데 짠 맛이 좀 강해요 김치만두는 굳이 안 먹어도 될 것 같아요 평범한 느낌
신기하다 국물,phrase,2,False,1,4.0,0.0,웨이팅 2시간 했습니다 신기한 맛이에요 국물맛이 가벼운데 짠 맛이 좀 강해요 김치만두는 굳이 안 먹어도 될 것 같아요 평범한 느낌
만두 굳이,phrase,2,False,1,4.0,0.0,웨이팅 2시간 했습니다 신기한 맛이에요 국물맛이 가벼운데 짠 맛이 좀 강해요 김치만두는 굳이 안 먹어도 될 것 같아요 평범한 느낌
짜다 강하다,phrase,2,False,1,4.0,0.0,웨이팅 2시간 했습니다 신기한 맛이에요 국물맛이 가벼운데 짠 맛이 좀 강해요 김치만두는 굳이 안 먹어도 될 것 같아요 평범한 느낌
웨이 신기하다,phrase,2,False,1,4.0,0.0,웨이팅 2시간 했습니다 신기한 맛이에요 국물맛이 가벼운데 짠 맛이 좀 강해요 김치만두는 굳이 안 먹어도 될 것 같아요 평범한 느낌
같다 평범하다,phrase,2,False,1,4.0,0.0,웨이팅 2시간 했습니다 신기한 맛이에요 국물맛이 가벼운데 짠 맛이 좀 강해요 김치만두는 굳이 안 먹어도 될 것 같아요 평범한 느낌
김치 만두,phrase,2,False,1,4.0,0.0,웨이팅 2시간 했습니다 신기한 맛이에요 국물맛이 가벼운데 짠 맛이 좀 강해요 김치만두는 굳이 안 먹어도 될 것 같아요 평범한 느낌
강하다 김치,phrase,2,False,1,4.0,0.0,웨이팅 2시간 했습니다 신기한 맛이에요 국물맛이 가벼운데 짠 맛이 좀 강해요 김치만두는 굳이 안 먹어도 될 것 같아요 평범한 느낌
대기 많다,phrase,2,False,1,4.0,0.0,30분 이내 대기면 드세요. 그 이상은 좀 미묘한데 대기가 많네요. 전 110분 기다림
많다 기다림,phrase,2,False,1,4.0,0.0,30분 이내 대기면 드세요. 그 이상은 좀 미묘한데 대기가 많네요. 전 110분 기다림
이상은 미묘하다,phrase,2,False,1,4.0,0.0,30분 이내 대기면 드세요. 그 이상은 좀 미묘한데 대기가 많네요. 전 110분 기다림
대기 들다,phrase,2,False,1,4.0,0.0,30분 이내 대기면 드세요. 그 이상은 좀 미묘한데 대기가 많네요. 전 110분 기다림
이내 대기,phrase,2,False,1,4.0,0.0,30분 이내 대기면 드세요. 그 이상은 좀 미묘한데 대기가 많네요. 전 110분 기다림
들다 이상은,phrase,2,False,1,4.0,0.0,30분 이내 대기면 드세요. 그 이상은 좀 미묘한데 대기가 많네요. 전 110분 기다림
미묘하다 대기,phrase,2,False,1,4.0,0.0,30분 이내 대기면 드세요. 그 이상은 좀 미묘한데 대기가 많네요. 전 110분 기다림
간다 을밀대,phrase,2,False,1,4.0,0.0,그냥 준수하게 잘 만든 평양냉면이다. 다만 굳이 간다면 을밀대를 갈 거 같다. 아니면 진미나.
다만 굳이,phrase,2,False,1,4.0,0.0,그냥 준수하게 잘 만든 평양냉면이다. 다만 굳이 간다면 을밀대를 갈 거 같다. 아니면 진미나.
갈다 같다,phrase,2,False,1,4.0,0.0,그냥 준수하게 잘 만든 평양냉면이다. 다만 굳이 간다면 을밀대를 갈 거 같다. 아니면 진미나.
그냥 준수,phrase,2,False,1,4.0,0.0,그냥 준수하게 잘 만든 평양냉면이다. 다만 굳이 간다면 을밀대를 갈 거 같다. 아니면 진미나.
만들다 평양,phrase,2,False,1,4.0,0.0,그냥 준수하게 잘 만든 평양냉면이다. 다만 굳이 간다면 을밀대를 갈 거 같다. 아니면 진미나.
냉면 다만,phrase,2,False,1,4.0,0.0,그냥 준수하게 잘 만든 평양냉면이다. 다만 굳이 간다면 을밀대를 갈 거 같다. 아니면 진미나.
굳이 간다,phrase,2,False,1,4.0,0.0,그냥 준수하게 잘 만든 평양냉면이다. 다만 굳이 간다면 을밀대를 갈 거 같다. 아니면 진미나.
준수 자다,phrase,2,False,1,4.0,0.0,그냥 준수하게 잘 만든 평양냉면이다. 다만 굳이 간다면 을밀대를 갈 거 같다. 아니면 진미나.
을밀대 갈다,phrase,2,False,1,4.0,0.0,그냥 준수하게 잘 만든 평양냉면이다. 다만 굳이 간다면 을밀대를 갈 거 같다. 아니면 진미나.
아니다 진미,phrase,2,False,1,4.0,0.0,그냥 준수하게 잘 만든 평양냉면이다. 다만 굳이 간다면 을밀대를 갈 거 같다. 아니면 진미나.
변하다 평균,phrase,2,False,1,4.0,-1.0,주사위 굴리듯 육수맛이 변합니다. 평균적으로 5가 나오고요.. 가끔 6나오면 사람 미칩니다. 2나 3이 나올 땐 아쉬운 마음 가득..
가끔 나오다,phrase,2,False,1,4.0,-1.0,주사위 굴리듯 육수맛이 변합니다. 평균적으로 5가 나오고요.. 가끔 6나오면 사람 미칩니다. 2나 3이 나올 땐 아쉬운 마음 가득..
아쉽다 마음,phrase,2,False,1,4.0,-1.0,주사위 굴리듯 육수맛이 변합니다. 평균적으로 5가 나오고요.. 가끔 6나오면 사람 미칩니다. 2나 3이 나올 땐 아쉬운 마음 가득..
가다 나오다,phrase,2,False,1,4.0,-1.0,주사위 굴리듯 육수맛이 변합니다. 평균적으로 5가 나오고요.. 가끔 6나오면 사람 미칩니다. 2나 3이 나올 땐 아쉬운 마음 가득..
나오다 사람,phrase,2,False,1,4.0,-1.0,주사위 굴리듯 육수맛이 변합니다. 평균적으로 5가 나오고요.. 가끔 6나오면 사람 미칩니다. 2나 3이 나올 땐 아쉬운 마음 가득..
미치다 나오다,phrase,2,False,1,4.0,-1.0,주사위 굴리듯 육수맛이 변합니다. 평균적으로 5가 나오고요.. 가끔 6나오면 사람 미칩니다. 2나 3이 나올 땐 아쉬운 마음 가득..
나오다 아쉽다,phrase,2,False,1,4.0,-1.0,주사위 굴리듯 육수맛이 변합니다. 평균적으로 5가 나오고요.. 가끔 6나오면 사람 미칩니다. 2나 3이 나올 땐 아쉬운 마음 가득..
마음 가득,phrase,2,False,1,4.0,-1.0,주사위 굴리듯 육수맛이 변합니다. 평균적으로 5가 나오고요.. 가끔 6나오면 사람 미칩니다. 2나 3이 나올 땐 아쉬운 마음 가득..
굳다 변하다,phrase,2,False,1,4.0,-1.0,주사위 굴리듯 육수맛이 변합니다. 평균적으로 5가 나오고요.. 가끔 6나오면 사람 미칩니다. 2나 3이 나올 땐 아쉬운 마음 가득..
사람 미치다,phrase,2,False,1,4.0,-1.0,주사위 굴리듯 육수맛이 변합니다. 평균적으로 5가 나오고요.. 가끔 6나오면 사람 미칩니다. 2나 3이 나올 땐 아쉬운 마음 가득..
평균 가다,phrase,2,False,1,4.0,-1.0,주사위 굴리듯 육수맛이 변합니다. 평균적으로 5가 나오고요.. 가끔 6나오면 사람 미칩니다. 2나 3이 나올 땐 아쉬운 마음 가득..
주사위 굳다,phrase,2,False,1,4.0,-1.0,주사위 굴리듯 육수맛이 변합니다. 평균적으로 5가 나오고요.. 가끔 6나오면 사람 미칩니다. 2나 3이 나올 땐 아쉬운 마음 가득..
나오다 가끔,phrase,2,False,1,4.0,-1.0,주사위 굴리듯 육수맛이 변합니다. 평균적으로 5가 나오고요.. 가끔 6나오면 사람 미칩니다. 2나 3이 나올 땐 아쉬운 마음 가득..
꽈배기 통모,phrase,2,False,1,4.0,0.0,엄마가 제일 좋아하는 평냉집! 둘이 가서 평냉 하나에 빈대떡 하나 시켜 나눠먹고 후식으로 옆에 꽈배기집에서 통모짜핫도그 먹으면 갓벽한 염리동 루트
시키다 나누다,phrase,2,False,1,4.0,0.0,엄마가 제일 좋아하는 평냉집! 둘이 가서 평냉 하나에 빈대떡 하나 시켜 나눠먹고 후식으로 옆에 꽈배기집에서 통모짜핫도그 먹으면 갓벽한 염리동 루트
후식 꽈배기,phrase,2,False,1,4.0,0.0,엄마가 제일 좋아하는 평냉집! 둘이 가서 평냉 하나에 빈대떡 하나 시켜 나눠먹고 후식으로 옆에 꽈배기집에서 통모짜핫도그 먹으면 갓벽한 염리동 루트
평냉집 가다,phrase,2,False,1,4.0,0.0,엄마가 제일 좋아하는 평냉집! 둘이 가서 평냉 하나에 빈대떡 하나 시켜 나눠먹고 후식으로 옆에 꽈배기집에서 통모짜핫도그 먹으면 갓벽한 염리동 루트
핫도그 먹다,phrase,2,False,1,4.0,0.0,엄마가 제일 좋아하는 평냉집! 둘이 가서 평냉 하나에 빈대떡 하나 시켜 나눠먹고 후식으로 옆에 꽈배기집에서 통모짜핫도그 먹으면 갓벽한 염리동 루트
나누다 먹다,phrase,2,False,1,4.0,0.0,엄마가 제일 좋아하는 평냉집! 둘이 가서 평냉 하나에 빈대떡 하나 시켜 나눠먹고 후식으로 옆에 꽈배기집에서 통모짜핫도그 먹으면 갓벽한 염리동 루트
빈대떡 하나,phrase,2,False,1,4.0,0.0,엄마가 제일 좋아하는 평냉집! 둘이 가서 평냉 하나에 빈대떡 하나 시켜 나눠먹고 후식으로 옆에 꽈배기집에서 통모짜핫도그 먹으면 갓벽한 염리동 루트
먹다 염리동,phrase,2,False,1,4.0,0.0,엄마가 제일 좋아하는 평냉집! 둘이 가서 평냉 하나에 빈대떡 하나 시켜 나눠먹고 후식으로 옆에 꽈배기집에서 통모짜핫도그 먹으면 갓벽한 염리동 루트
통모 짜다,phrase,2,False,1,4.0,0.0,엄마가 제일 좋아하는 평냉집! 둘이 가서 평냉 하나에 빈대떡 하나 시켜 나눠먹고 후식으로 옆에 꽈배기집에서 통모짜핫도그 먹으면 갓벽한 염리동 루트
하나 시키다,phrase,2,False,1,4.0,0.0,엄마가 제일 좋아하는 평냉집! 둘이 가서 평냉 하나에 빈대떡 하나 시켜 나눠먹고 후식으로 옆에 꽈배기집에서 통모짜핫도그 먹으면 갓벽한 염리동 루트
먹다 후식,phrase,2,False,1,4.0,0.0,엄마가 제일 좋아하는 평냉집! 둘이 가서 평냉 하나에 빈대떡 하나 시켜 나눠먹고 후식으로 옆에 꽈배기집에서 통모짜핫도그 먹으면 갓벽한 염리동 루트
엄마 제일,phrase,2,False,1,4.0,0.0,엄마가 제일 좋아하는 평냉집! 둘이 가서 평냉 하나에 빈대떡 하나 시켜 나눠먹고 후식으로 옆에 꽈배기집에서 통모짜핫도그 먹으면 갓벽한 염리동 루트
가다 평냉,phrase,2,False,1,4.0,0.0,엄마가 제일 좋아하는 평냉집! 둘이 가서 평냉 하나에 빈대떡 하나 시켜 나눠먹고 후식으로 옆에 꽈배기집에서 통모짜핫도그 먹으면 갓벽한 염리동 루트
짜다 핫도그,phrase,2,False,1,4.0,0.0,엄마가 제일 좋아하는 평냉집! 둘이 가서 평냉 하나에 빈대떡 하나 시켜 나눠먹고 후식으로 옆에 꽈배기집에서 통모짜핫도그 먹으면 갓벽한 염리동 루트
하나 빈대떡,phrase,2,False,1,4.0,0.0,엄마가 제일 좋아하는 평냉집! 둘이 가서 평냉 하나에 빈대떡 하나 시켜 나눠먹고 후식으로 옆에 꽈배기집에서 통모짜핫도그 먹으면 갓벽한 염리동 루트
염리동 루트,phrase,2,False,1,4.0,0.0,엄마가 제일 좋아하는 평냉집! 둘이 가서 평냉 하나에 빈대떡 하나 시켜 나눠먹고 후식으로 옆에 꽈배기집에서 통모짜핫도그 먹으면 갓벽한 염리동 루트
평냉 하나,phrase,2,False,1,4.0,0.0,엄마가 제일 좋아하는 평냉집! 둘이 가서 평냉 하나에 빈대떡 하나 시켜 나눠먹고 후식으로 옆에 꽈배기집에서 통모짜핫도그 먹으면 갓벽한 염리동 루트
질겨 가위,phrase,2,False,1,4.0,0.0,메밀향 너무 진하고 면이 너무 질겨서 가위를 주셨다 맛은 있었지만 내타입은 아닌걸로…
메밀 너무,phrase,2,False,1,4.0,0.0,메밀향 너무 진하고 면이 너무 질겨서 가위를 주셨다 맛은 있었지만 내타입은 아닌걸로…
타입 아니다,phrase,2,False,1,4.0,0.0,메밀향 너무 진하고 면이 너무 질겨서 가위를 주셨다 맛은 있었지만 내타입은 아닌걸로…
너무 진하다,phrase,2,False,1,4.0,0.0,메밀향 너무 진하고 면이 너무 질겨서 가위를 주셨다 맛은 있었지만 내타입은 아닌걸로…
너무 질겨,phrase,2,False,1,4.0,0.0,메밀향 너무 진하고 면이 너무 질겨서 가위를 주셨다 맛은 있었지만 내타입은 아닌걸로…
주다 타입,phrase,2,False,1,4.0,0.0,메밀향 너무 진하고 면이 너무 질겨서 가위를 주셨다 맛은 있었지만 내타입은 아닌걸로…
진하다 너무,phrase,2,False,1,4.0,0.0,메밀향 너무 진하고 면이 너무 질겨서 가위를 주셨다 맛은 있었지만 내타입은 아닌걸로…
가위 주다,phrase,2,False,1,4.0,0.0,메밀향 너무 진하고 면이 너무 질겨서 가위를 주셨다 맛은 있었지만 내타입은 아닌걸로…
점심시간 기다리다,phrase,2,False,1,4.0,-0.5,솔직히 평양냉면 잘 몰라서 그건 잘 모르겠고요 녹두전이 그으냥 Meechin-nom임 근데? 너무 비싸 앤드 평일 점심시간에 50분 기다려야 한다는 사실..
앤드 평일,phrase,2,False,1,4.0,-0.5,솔직히 평양냉면 잘 몰라서 그건 잘 모르겠고요 녹두전이 그으냥 Meechin-nom임 근데? 너무 비싸 앤드 평일 점심시간에 50분 기다려야 한다는 사실..
자다 모르다,phrase,2,False,1,4.0,-0.5,솔직히 평양냉면 잘 몰라서 그건 잘 모르겠고요 녹두전이 그으냥 Meechin-nom임 근데? 너무 비싸 앤드 평일 점심시간에 50분 기다려야 한다는 사실..
기다리다 사실,phrase,2,False,1,4.0,-0.5,솔직히 평양냉면 잘 몰라서 그건 잘 모르겠고요 녹두전이 그으냥 Meechin-nom임 근데? 너무 비싸 앤드 평일 점심시간에 50분 기다려야 한다는 사실..
모르다 녹두,phrase,2,False,1,4.0,-0.5,솔직히 평양냉면 잘 몰라서 그건 잘 모르겠고요 녹두전이 그으냥 Meechin-nom임 근데? 너무 비싸 앤드 평일 점심시간에 50분 기다려야 한다는 사실..
냉면 자다,phrase,2,False,1,4.0,-0.5,솔직히 평양냉면 잘 몰라서 그건 잘 모르겠고요 녹두전이 그으냥 Meechin-nom임 근데? 너무 비싸 앤드 평일 점심시간에 50분 기다려야 한다는 사실..
모르다 그건,phrase,2,False,1,4.0,-0.5,솔직히 평양냉면 잘 몰라서 그건 잘 모르겠고요 녹두전이 그으냥 Meechin-nom임 근데? 너무 비싸 앤드 평일 점심시간에 50분 기다려야 한다는 사실..
솔직하다 평양,phrase,2,False,1,4.0,-0.5,솔직히 평양냉면 잘 몰라서 그건 잘 모르겠고요 녹두전이 그으냥 Meechin-nom임 근데? 너무 비싸 앤드 평일 점심시간에 50분 기다려야 한다는 사실..
그건 자다,phrase,2,False,1,4.0,-0.5,솔직히 평양냉면 잘 몰라서 그건 잘 모르겠고요 녹두전이 그으냥 Meechin-nom임 근데? 너무 비싸 앤드 평일 점심시간에 50분 기다려야 한다는 사실..
전이 그으,phrase,2,False,1,4.0,-0.5,솔직히 평양냉면 잘 몰라서 그건 잘 모르겠고요 녹두전이 그으냥 Meechin-nom임 근데? 너무 비싸 앤드 평일 점심시간에 50분 기다려야 한다는 사실..
비싸다 앤드,phrase,2,False,1,4.0,-0.5,솔직히 평양냉면 잘 몰라서 그건 잘 모르겠고요 녹두전이 그으냥 Meechin-nom임 근데? 너무 비싸 앤드 평일 점심시간에 50분 기다려야 한다는 사실..
평일 점심시간,phrase,2,False,1,4.0,-0.5,솔직히 평양냉면 잘 몰라서 그건 잘 모르겠고요 녹두전이 그으냥 Meechin-nom임 근데? 너무 비싸 앤드 평일 점심시간에 50분 기다려야 한다는 사실..
그으 근데,phrase,2,False,1,4.0,-0.5,솔직히 평양냉면 잘 몰라서 그건 잘 모르겠고요 녹두전이 그으냥 Meechin-nom임 근데? 너무 비싸 앤드 평일 점심시간에 50분 기다려야 한다는 사실..
녹두 전이,phrase,2,False,1,4.0,-0.5,솔직히 평양냉면 잘 몰라서 그건 잘 모르겠고요 녹두전이 그으냥 Meechin-nom임 근데? 너무 비싸 앤드 평일 점심시간에 50분 기다려야 한다는 사실..
근데 너무,phrase,2,False,1,4.0,-0.5,솔직히 평양냉면 잘 몰라서 그건 잘 모르겠고요 녹두전이 그으냥 Meechin-nom임 근데? 너무 비싸 앤드 평일 점심시간에 50분 기다려야 한다는 사실..
속이다 비리다,phrase,2,False,1,4.0,0.0,필O면옥 생각하고 먹었는데 저는 생각보다 걸레빤 향+고기육향이 너무 나서 겨우 먹고 나왔어요ㅠ 속이 비리더라구요... 면은 정말 잘만들었어요. 워낙 취향 타는 게 평냉이라 갠적 소감만 남깁니다.
걸레 빨다,phrase,2,False,1,4.0,0.0,필O면옥 생각하고 먹었는데 저는 생각보다 걸레빤 향+고기육향이 너무 나서 겨우 먹고 나왔어요ㅠ 속이 비리더라구요... 면은 정말 잘만들었어요. 워낙 취향 타는 게 평냉이라 갠적 소감만 남깁니다.
나서다 겨우,phrase,2,False,1,4.0,0.0,필O면옥 생각하고 먹었는데 저는 생각보다 걸레빤 향+고기육향이 너무 나서 겨우 먹고 나왔어요ㅠ 속이 비리더라구요... 면은 정말 잘만들었어요. 워낙 취향 타는 게 평냉이라 갠적 소감만 남깁니다.
소감 남기다,phrase,2,False,1,4.0,0.0,필O면옥 생각하고 먹었는데 저는 생각보다 걸레빤 향+고기육향이 너무 나서 겨우 먹고 나왔어요ㅠ 속이 비리더라구요... 면은 정말 잘만들었어요. 워낙 취향 타는 게 평냉이라 갠적 소감만 남깁니다.
정말 만들다,phrase,2,False,1,4.0,0.0,필O면옥 생각하고 먹었는데 저는 생각보다 걸레빤 향+고기육향이 너무 나서 겨우 먹고 나왔어요ㅠ 속이 비리더라구요... 면은 정말 잘만들었어요. 워낙 취향 타는 게 평냉이라 갠적 소감만 남깁니다.
타다 냉이,phrase,2,False,1,4.0,0.0,필O면옥 생각하고 먹었는데 저는 생각보다 걸레빤 향+고기육향이 너무 나서 겨우 먹고 나왔어요ㅠ 속이 비리더라구요... 면은 정말 잘만들었어요. 워낙 취향 타는 게 평냉이라 갠적 소감만 남깁니다.
만들다 워낙,phrase,2,False,1,4.0,0.0,필O면옥 생각하고 먹었는데 저는 생각보다 걸레빤 향+고기육향이 너무 나서 겨우 먹고 나왔어요ㅠ 속이 비리더라구요... 면은 정말 잘만들었어요. 워낙 취향 타는 게 평냉이라 갠적 소감만 남깁니다.
겨우 먹다,phrase,2,False,1,4.0,0.0,필O면옥 생각하고 먹었는데 저는 생각보다 걸레빤 향+고기육향이 너무 나서 겨우 먹고 나왔어요ㅠ 속이 비리더라구요... 면은 정말 잘만들었어요. 워낙 취향 타는 게 평냉이라 갠적 소감만 남깁니다.
빨다 너무,phrase,2,False,1,4.0,0.0,필O면옥 생각하고 먹었는데 저는 생각보다 걸레빤 향+고기육향이 너무 나서 겨우 먹고 나왔어요ㅠ 속이 비리더라구요... 면은 정말 잘만들었어요. 워낙 취향 타는 게 평냉이라 갠적 소감만 남깁니다.
면옥 생각,phrase,2,False,1,4.0,0.0,필O면옥 생각하고 먹었는데 저는 생각보다 걸레빤 향+고기육향이 너무 나서 겨우 먹고 나왔어요ㅠ 속이 비리더라구요... 면은 정말 잘만들었어요. 워낙 취향 타는 게 평냉이라 갠적 소감만 남깁니다.
생각 걸레,phrase,2,False,1,4.0,0.0,필O면옥 생각하고 먹었는데 저는 생각보다 걸레빤 향+고기육향이 너무 나서 겨우 먹고 나왔어요ㅠ 속이 비리더라구요... 면은 정말 잘만들었어요. 워낙 취향 타는 게 평냉이라 갠적 소감만 남깁니다.
너무 나서다,phrase,2,False,1,4.0,0.0,필O면옥 생각하고 먹었는데 저는 생각보다 걸레빤 향+고기육향이 너무 나서 겨우 먹고 나왔어요ㅠ 속이 비리더라구요... 면은 정말 잘만들었어요. 워낙 취향 타는 게 평냉이라 갠적 소감만 남깁니다.
비리다 정말,phrase,2,False,1,4.0,0.0,필O면옥 생각하고 먹었는데 저는 생각보다 걸레빤 향+고기육향이 너무 나서 겨우 먹고 나왔어요ㅠ 속이 비리더라구요... 면은 정말 잘만들었어요. 워낙 취향 타는 게 평냉이라 갠적 소감만 남깁니다.
워낙 취향,phrase,2,False,1,4.0,0.0,필O면옥 생각하고 먹었는데 저는 생각보다 걸레빤 향+고기육향이 너무 나서 겨우 먹고 나왔어요ㅠ 속이 비리더라구요... 면은 정말 잘만들었어요. 워낙 취향 타는 게 평냉이라 갠적 소감만 남깁니다.
냉이 소감,phrase,2,False,1,4.0,0.0,필O면옥 생각하고 먹었는데 저는 생각보다 걸레빤 향+고기육향이 너무 나서 겨우 먹고 나왔어요ㅠ 속이 비리더라구요... 면은 정말 잘만들었어요. 워낙 취향 타는 게 평냉이라 갠적 소감만 남깁니다.
먹다 나오다,phrase,2,False,1,4.0,0.0,필O면옥 생각하고 먹었는데 저는 생각보다 걸레빤 향+고기육향이 너무 나서 겨우 먹고 나왔어요ㅠ 속이 비리더라구요... 면은 정말 잘만들었어요. 워낙 취향 타는 게 평냉이라 갠적 소감만 남깁니다.
생각 먹다,phrase,2,False,1,4.0,0.0,필O면옥 생각하고 먹었는데 저는 생각보다 걸레빤 향+고기육향이 너무 나서 겨우 먹고 나왔어요ㅠ 속이 비리더라구요... 면은 정말 잘만들었어요. 워낙 취향 타는 게 평냉이라 갠적 소감만 남깁니다.
나오다 속이다,phrase,2,False,1,4.0,0.0,필O면옥 생각하고 먹었는데 저는 생각보다 걸레빤 향+고기육향이 너무 나서 겨우 먹고 나왔어요ㅠ 속이 비리더라구요... 면은 정말 잘만들었어요. 워낙 취향 타는 게 평냉이라 갠적 소감만 남깁니다.
취향 타다,phrase,2,False,1,4.0,0.0,필O면옥 생각하고 먹었는데 저는 생각보다 걸레빤 향+고기육향이 너무 나서 겨우 먹고 나왔어요ㅠ 속이 비리더라구요... 면은 정말 잘만들었어요. 워낙 취향 타는 게 평냉이라 갠적 소감만 남깁니다.
먹다 생각,phrase,2,False,1,4.0,0.0,필O면옥 생각하고 먹었는데 저는 생각보다 걸레빤 향+고기육향이 너무 나서 겨우 먹고 나왔어요ㅠ 속이 비리더라구요... 면은 정말 잘만들었어요. 워낙 취향 타는 게 평냉이라 갠적 소감만 남깁니다.
비싸다 느낌,phrase,2,False,1,4.0,-2.5,평냉 입문자라 대단히 맛있고 맛 없고를 분간하기 어려운데.. 먹을수록 맛있는 것 같아요....! 다만 가격이 비싼 느낌 ㅎ.ㅎ
같다 다만,phrase,2,False,1,4.0,-2.5,평냉 입문자라 대단히 맛있고 맛 없고를 분간하기 어려운데.. 먹을수록 맛있는 것 같아요....! 다만 가격이 비싼 느낌 ㅎ.ㅎ
분간 어렵다,phrase,2,False,1,4.0,-2.5,평냉 입문자라 대단히 맛있고 맛 없고를 분간하기 어려운데.. 먹을수록 맛있는 것 같아요....! 다만 가격이 비싼 느낌 ㅎ.ㅎ
평냉 입문,phrase,2,False,1,4.0,-2.5,평냉 입문자라 대단히 맛있고 맛 없고를 분간하기 어려운데.. 먹을수록 맛있는 것 같아요....! 다만 가격이 비싼 느낌 ㅎ.ㅎ
어렵다 먹다,phrase,2,False,1,4.0,-2.5,평냉 입문자라 대단히 맛있고 맛 없고를 분간하기 어려운데.. 먹을수록 맛있는 것 같아요....! 다만 가격이 비싼 느낌 ㅎ.ㅎ
자라 대단하다,phrase,2,False,1,4.0,-2.5,평냉 입문자라 대단히 맛있고 맛 없고를 분간하기 어려운데.. 먹을수록 맛있는 것 같아요....! 다만 가격이 비싼 느낌 ㅎ.ㅎ
입문 자라,phrase,2,False,1,4.0,-2.5,평냉 입문자라 대단히 맛있고 맛 없고를 분간하기 어려운데.. 먹을수록 맛있는 것 같아요....! 다만 가격이 비싼 느낌 ㅎ.ㅎ
다만 가격,phrase,2,False,1,4.0,-2.5,평냉 입문자라 대단히 맛있고 맛 없고를 분간하기 어려운데.. 먹을수록 맛있는 것 같아요....! 다만 가격이 비싼 느낌 ㅎ.ㅎ
들어서다 다른,phrase,2,False,1,4.0,0.0,그래 여긴 킹정이지 인정. 을밀대는 을밀대지 기본값 톡톡히 함 가격은 ...이제 그만 올려요 이러다 다 죽어.. + 입문자 테스트용으로 지인들 데려가곤 하는데 최근 들어서는 다른 평냉집보다 타율이 떨어지는 것 같기도.
그만 올리다,phrase,2,False,1,4.0,0.0,그래 여긴 킹정이지 인정. 을밀대는 을밀대지 기본값 톡톡히 함 가격은 ...이제 그만 올려요 이러다 다 죽어.. + 입문자 테스트용으로 지인들 데려가곤 하는데 최근 들어서는 다른 평냉집보다 타율이 떨어지는 것 같기도.
입문 테스트,phrase,2,False,1,4.0,0.0,그래 여긴 킹정이지 인정. 을밀대는 을밀대지 기본값 톡톡히 함 가격은 ...이제 그만 올려요 이러다 다 죽어.. + 입문자 테스트용으로 지인들 데려가곤 하는데 최근 들어서는 다른 평냉집보다 타율이 떨어지는 것 같기도.
데려가다 최근,phrase,2,False,1,4.0,0.0,그래 여긴 킹정이지 인정. 을밀대는 을밀대지 기본값 톡톡히 함 가격은 ...이제 그만 올려요 이러다 다 죽어.. + 입문자 테스트용으로 지인들 데려가곤 하는데 최근 들어서는 다른 평냉집보다 타율이 떨어지는 것 같기도.
이제 그만,phrase,2,False,1,4.0,0.0,그래 여긴 킹정이지 인정. 을밀대는 을밀대지 기본값 톡톡히 함 가격은 ...이제 그만 올려요 이러다 다 죽어.. + 입문자 테스트용으로 지인들 데려가곤 하는데 최근 들어서는 다른 평냉집보다 타율이 떨어지는 것 같기도.
올리다 이르다,phrase,2,False,1,4.0,0.0,그래 여긴 킹정이지 인정. 을밀대는 을밀대지 기본값 톡톡히 함 가격은 ...이제 그만 올려요 이러다 다 죽어.. + 입문자 테스트용으로 지인들 데려가곤 하는데 최근 들어서는 다른 평냉집보다 타율이 떨어지는 것 같기도.
테스트 지인,phrase,2,False,1,4.0,0.0,그래 여긴 킹정이지 인정. 을밀대는 을밀대지 기본값 톡톡히 함 가격은 ...이제 그만 올려요 이러다 다 죽어.. + 입문자 테스트용으로 지인들 데려가곤 하는데 최근 들어서는 다른 평냉집보다 타율이 떨어지는 것 같기도.
을밀대 기본,phrase,2,False,1,4.0,0.0,그래 여긴 킹정이지 인정. 을밀대는 을밀대지 기본값 톡톡히 함 가격은 ...이제 그만 올려요 이러다 다 죽어.. + 입문자 테스트용으로 지인들 데려가곤 하는데 최근 들어서는 다른 평냉집보다 타율이 떨어지는 것 같기도.
지인 데려가다,phrase,2,False,1,4.0,0.0,그래 여긴 킹정이지 인정. 을밀대는 을밀대지 기본값 톡톡히 함 가격은 ...이제 그만 올려요 이러다 다 죽어.. + 입문자 테스트용으로 지인들 데려가곤 하는데 최근 들어서는 다른 평냉집보다 타율이 떨어지는 것 같기도.
최근 들어서다,phrase,2,False,1,4.0,0.0,그래 여긴 킹정이지 인정. 을밀대는 을밀대지 기본값 톡톡히 함 가격은 ...이제 그만 올려요 이러다 다 죽어.. + 입문자 테스트용으로 지인들 데려가곤 하는데 최근 들어서는 다른 평냉집보다 타율이 떨어지는 것 같기도.
다른 평냉집,phrase,2,False,1,4.0,0.0,그래 여긴 킹정이지 인정. 을밀대는 을밀대지 기본값 톡톡히 함 가격은 ...이제 그만 올려요 이러다 다 죽어.. + 입문자 테스트용으로 지인들 데려가곤 하는데 최근 들어서는 다른 평냉집보다 타율이 떨어지는 것 같기도.
정이지 인정,phrase,2,False,1,4.0,0.0,그래 여긴 킹정이지 인정. 을밀대는 을밀대지 기본값 톡톡히 함 가격은 ...이제 그만 올려요 이러다 다 죽어.. + 입문자 테스트용으로 지인들 데려가곤 하는데 최근 들어서는 다른 평냉집보다 타율이 떨어지는 것 같기도.
여기다 정이지,phrase,2,False,1,4.0,0.0,그래 여긴 킹정이지 인정. 을밀대는 을밀대지 기본값 톡톡히 함 가격은 ...이제 그만 올려요 이러다 다 죽어.. + 입문자 테스트용으로 지인들 데려가곤 하는데 최근 들어서는 다른 평냉집보다 타율이 떨어지는 것 같기도.
톡톡하다 가격,phrase,2,False,1,4.0,0.0,그래 여긴 킹정이지 인정. 을밀대는 을밀대지 기본값 톡톡히 함 가격은 ...이제 그만 올려요 이러다 다 죽어.. + 입문자 테스트용으로 지인들 데려가곤 하는데 최근 들어서는 다른 평냉집보다 타율이 떨어지는 것 같기도.
인정 을밀대,phrase,2,False,1,4.0,0.0,그래 여긴 킹정이지 인정. 을밀대는 을밀대지 기본값 톡톡히 함 가격은 ...이제 그만 올려요 이러다 다 죽어.. + 입문자 테스트용으로 지인들 데려가곤 하는데 최근 들어서는 다른 평냉집보다 타율이 떨어지는 것 같기도.
이르다 죽다,phrase,2,False,1,4.0,0.0,그래 여긴 킹정이지 인정. 을밀대는 을밀대지 기본값 톡톡히 함 가격은 ...이제 그만 올려요 이러다 다 죽어.. + 입문자 테스트용으로 지인들 데려가곤 하는데 최근 들어서는 다른 평냉집보다 타율이 떨어지는 것 같기도.
을밀대 을밀대,phrase,2,False,1,4.0,0.0,그래 여긴 킹정이지 인정. 을밀대는 을밀대지 기본값 톡톡히 함 가격은 ...이제 그만 올려요 이러다 다 죽어.. + 입문자 테스트용으로 지인들 데려가곤 하는데 최근 들어서는 다른 평냉집보다 타율이 떨어지는 것 같기도.
떨어지다 같다,phrase,2,False,1,4.0,0.0,그래 여긴 킹정이지 인정. 을밀대는 을밀대지 기본값 톡톡히 함 가격은 ...이제 그만 올려요 이러다 다 죽어.. + 입문자 테스트용으로 지인들 데려가곤 하는데 최근 들어서는 다른 평냉집보다 타율이 떨어지는 것 같기도.
죽다 입문,phrase,2,False,1,4.0,0.0,그래 여긴 킹정이지 인정. 을밀대는 을밀대지 기본값 톡톡히 함 가격은 ...이제 그만 올려요 이러다 다 죽어.. + 입문자 테스트용으로 지인들 데려가곤 하는데 최근 들어서는 다른 평냉집보다 타율이 떨어지는 것 같기도.
그렇다 여기다,phrase,2,False,1,4.0,0.0,그래 여긴 킹정이지 인정. 을밀대는 을밀대지 기본값 톡톡히 함 가격은 ...이제 그만 올려요 이러다 다 죽어.. + 입문자 테스트용으로 지인들 데려가곤 하는데 최근 들어서는 다른 평냉집보다 타율이 떨어지는 것 같기도.
기본 톡톡하다,phrase,2,False,1,4.0,0.0,그래 여긴 킹정이지 인정. 을밀대는 을밀대지 기본값 톡톡히 함 가격은 ...이제 그만 올려요 이러다 다 죽어.. + 입문자 테스트용으로 지인들 데려가곤 하는데 최근 들어서는 다른 평냉집보다 타율이 떨어지는 것 같기도.
평냉집 타율,phrase,2,False,1,4.0,0.0,그래 여긴 킹정이지 인정. 을밀대는 을밀대지 기본값 톡톡히 함 가격은 ...이제 그만 올려요 이러다 다 죽어.. + 입문자 테스트용으로 지인들 데려가곤 하는데 최근 들어서는 다른 평냉집보다 타율이 떨어지는 것 같기도.
타율 떨어지다,phrase,2,False,1,4.0,0.0,그래 여긴 킹정이지 인정. 을밀대는 을밀대지 기본값 톡톡히 함 가격은 ...이제 그만 올려요 이러다 다 죽어.. + 입문자 테스트용으로 지인들 데려가곤 하는데 최근 들어서는 다른 평냉집보다 타율이 떨어지는 것 같기도.
가격 이제,phrase,2,False,1,4.0,0.0,그래 여긴 킹정이지 인정. 을밀대는 을밀대지 기본값 톡톡히 함 가격은 ...이제 그만 올려요 이러다 다 죽어.. + 입문자 테스트용으로 지인들 데려가곤 하는데 최근 들어서는 다른 평냉집보다 타율이 떨어지는 것 같기도.
아쉽다 이다,phrase,2,False,1,4.0,-1.0,아주 맛있어요! 다만 김치가 매우 아쉬운 맛입니다 …
김치 매우,phrase,2,False,1,4.0,-1.0,아주 맛있어요! 다만 김치가 매우 아쉬운 맛입니다 …
다만 김치,phrase,2,False,1,4.0,-1.0,아주 맛있어요! 다만 김치가 매우 아쉬운 맛입니다 …
정도 전혀,phrase,2,False,1,4.0,0.0,그냥 그래요~ 웨이팅 할 정도 전혀 아님
전혀 아니다,phrase,2,False,1,4.0,0.0,그냥 그래요~ 웨이팅 할 정도 전혀 아님
그렇다 웨이,phrase,2,False,1,4.0,0.0,그냥 그래요~ 웨이팅 할 정도 전혀 아님
너무 바쁘다,phrase,2,False,1,4.0,-3.0,아구힘 센 분이라면 뼈해장국 추천. 저는 뜯다가 국물이 좀 식었는데 음식이 식으면서 누린내가 꽤 났습니다. 우거지도 많이 주문하시던데 우거지 좀 궁금하네요. 허나 너무 바쁜 매장이라 먹을 수 있을지 걱정.
우거지 많이,phrase,2,False,1,4.0,-3.0,아구힘 센 분이라면 뼈해장국 추천. 저는 뜯다가 국물이 좀 식었는데 음식이 식으면서 누린내가 꽤 났습니다. 우거지도 많이 주문하시던데 우거지 좀 궁금하네요. 허나 너무 바쁜 매장이라 먹을 수 있을지 걱정.
국물 식다,phrase,2,False,1,4.0,-3.0,아구힘 센 분이라면 뼈해장국 추천. 저는 뜯다가 국물이 좀 식었는데 음식이 식으면서 누린내가 꽤 났습니다. 우거지도 많이 주문하시던데 우거지 좀 궁금하네요. 허나 너무 바쁜 매장이라 먹을 수 있을지 걱정.
주문 우거지,phrase,2,False,1,4.0,-3.0,아구힘 센 분이라면 뼈해장국 추천. 저는 뜯다가 국물이 좀 식었는데 음식이 식으면서 누린내가 꽤 났습니다. 우거지도 많이 주문하시던데 우거지 좀 궁금하네요. 허나 너무 바쁜 매장이라 먹을 수 있을지 걱정.
먹다 걱정,phrase,2,False,1,4.0,-3.0,아구힘 센 분이라면 뼈해장국 추천. 저는 뜯다가 국물이 좀 식었는데 음식이 식으면서 누린내가 꽤 났습니다. 우거지도 많이 주문하시던데 우거지 좀 궁금하네요. 허나 너무 바쁜 매장이라 먹을 수 있을지 걱정.
많이 주문,phrase,2,False,1,4.0,-3.0,아구힘 센 분이라면 뼈해장국 추천. 저는 뜯다가 국물이 좀 식었는데 음식이 식으면서 누린내가 꽤 났습니다. 우거지도 많이 주문하시던데 우거지 좀 궁금하네요. 허나 너무 바쁜 매장이라 먹을 수 있을지 걱정.
누린내 우거지,phrase,2,False,1,4.0,-3.0,아구힘 센 분이라면 뼈해장국 추천. 저는 뜯다가 국물이 좀 식었는데 음식이 식으면서 누린내가 꽤 났습니다. 우거지도 많이 주문하시던데 우거지 좀 궁금하네요. 허나 너무 바쁜 매장이라 먹을 수 있을지 걱정.
뜯다 국물,phrase,2,False,1,4.0,-3.0,아구힘 센 분이라면 뼈해장국 추천. 저는 뜯다가 국물이 좀 식었는데 음식이 식으면서 누린내가 꽤 났습니다. 우거지도 많이 주문하시던데 우거지 좀 궁금하네요. 허나 너무 바쁜 매장이라 먹을 수 있을지 걱정.
식다 누린내,phrase,2,False,1,4.0,-3.0,아구힘 센 분이라면 뼈해장국 추천. 저는 뜯다가 국물이 좀 식었는데 음식이 식으면서 누린내가 꽤 났습니다. 우거지도 많이 주문하시던데 우거지 좀 궁금하네요. 허나 너무 바쁜 매장이라 먹을 수 있을지 걱정.
음식 식다,phrase,2,False,1,4.0,-3.0,아구힘 센 분이라면 뼈해장국 추천. 저는 뜯다가 국물이 좀 식었는데 음식이 식으면서 누린내가 꽤 났습니다. 우거지도 많이 주문하시던데 우거지 좀 궁금하네요. 허나 너무 바쁜 매장이라 먹을 수 있을지 걱정.
바쁘다 매장,phrase,2,False,1,4.0,-3.0,아구힘 센 분이라면 뼈해장국 추천. 저는 뜯다가 국물이 좀 식었는데 음식이 식으면서 누린내가 꽤 났습니다. 우거지도 많이 주문하시던데 우거지 좀 궁금하네요. 허나 너무 바쁜 매장이라 먹을 수 있을지 걱정.
매장 먹다,phrase,2,False,1,4.0,-3.0,아구힘 센 분이라면 뼈해장국 추천. 저는 뜯다가 국물이 좀 식었는데 음식이 식으면서 누린내가 꽤 났습니다. 우거지도 많이 주문하시던데 우거지 좀 궁금하네요. 허나 너무 바쁜 매장이라 먹을 수 있을지 걱정.
아구 세다,phrase,2,False,1,4.0,-3.0,아구힘 센 분이라면 뼈해장국 추천. 저는 뜯다가 국물이 좀 식었는데 음식이 식으면서 누린내가 꽤 났습니다. 우거지도 많이 주문하시던데 우거지 좀 궁금하네요. 허나 너무 바쁜 매장이라 먹을 수 있을지 걱정.
불다 해장국,phrase,2,False,1,4.0,-3.0,아구힘 센 분이라면 뼈해장국 추천. 저는 뜯다가 국물이 좀 식었는데 음식이 식으면서 누린내가 꽤 났습니다. 우거지도 많이 주문하시던데 우거지 좀 궁금하네요. 허나 너무 바쁜 매장이라 먹을 수 있을지 걱정.
허다 너무,phrase,2,False,1,4.0,-3.0,아구힘 센 분이라면 뼈해장국 추천. 저는 뜯다가 국물이 좀 식었는데 음식이 식으면서 누린내가 꽤 났습니다. 우거지도 많이 주문하시던데 우거지 좀 궁금하네요. 허나 너무 바쁜 매장이라 먹을 수 있을지 걱정.
우거지 궁금하다,phrase,2,False,1,4.0,-3.0,아구힘 센 분이라면 뼈해장국 추천. 저는 뜯다가 국물이 좀 식었는데 음식이 식으면서 누린내가 꽤 났습니다. 우거지도 많이 주문하시던데 우거지 좀 궁금하네요. 허나 너무 바쁜 매장이라 먹을 수 있을지 걱정.
궁금하다 허다,phrase,2,False,1,4.0,-3.0,아구힘 센 분이라면 뼈해장국 추천. 저는 뜯다가 국물이 좀 식었는데 음식이 식으면서 누린내가 꽤 났습니다. 우거지도 많이 주문하시던데 우거지 좀 궁금하네요. 허나 너무 바쁜 매장이라 먹을 수 있을지 걱정.
식다 음식,phrase,2,False,1,4.0,-3.0,아구힘 센 분이라면 뼈해장국 추천. 저는 뜯다가 국물이 좀 식었는데 음식이 식으면서 누린내가 꽤 났습니다. 우거지도 많이 주문하시던데 우거지 좀 궁금하네요. 허나 너무 바쁜 매장이라 먹을 수 있을지 걱정.
세다 불다,phrase,2,False,1,4.0,-3.0,아구힘 센 분이라면 뼈해장국 추천. 저는 뜯다가 국물이 좀 식었는데 음식이 식으면서 누린내가 꽤 났습니다. 우거지도 많이 주문하시던데 우거지 좀 궁금하네요. 허나 너무 바쁜 매장이라 먹을 수 있을지 걱정.
가다 대자,phrase,2,False,1,4.0,-1.0,"!! 인원별로 주문해야합니다 !! 4인이서 가서 대자 (49000원)로 시켰어요 사람이 많아서 그런가 직원분들이 조금 불친절 하셔서 1점 뺐어요 ㅠ 주말 오후 8시쯤에 가서 대기 10분정도 했고, 깍두기랑 소스가 킥이에요 굿임 한번쯤 성수오면 들릴만 하고 고기가 부드러웠어요"
이서 가다,phrase,2,False,1,4.0,-1.0,"!! 인원별로 주문해야합니다 !! 4인이서 가서 대자 (49000원)로 시켰어요 사람이 많아서 그런가 직원분들이 조금 불친절 하셔서 1점 뺐어요 ㅠ 주말 오후 8시쯤에 가서 대기 10분정도 했고, 깍두기랑 소스가 킥이에요 굿임 한번쯤 성수오면 들릴만 하고 고기가 부드러웠어요"
직원 조금,phrase,2,False,1,4.0,-1.0,"!! 인원별로 주문해야합니다 !! 4인이서 가서 대자 (49000원)로 시켰어요 사람이 많아서 그런가 직원분들이 조금 불친절 하셔서 1점 뺐어요 ㅠ 주말 오후 8시쯤에 가서 대기 10분정도 했고, 깍두기랑 소스가 킥이에요 굿임 한번쯤 성수오면 들릴만 하고 고기가 부드러웠어요"
시키다 사람,phrase,2,False,1,4.0,-1.0,"!! 인원별로 주문해야합니다 !! 4인이서 가서 대자 (49000원)로 시켰어요 사람이 많아서 그런가 직원분들이 조금 불친절 하셔서 1점 뺐어요 ㅠ 주말 오후 8시쯤에 가서 대기 10분정도 했고, 깍두기랑 소스가 킥이에요 굿임 한번쯤 성수오면 들릴만 하고 고기가 부드러웠어요"
소스 굿임,phrase,2,False,1,4.0,-1.0,"!! 인원별로 주문해야합니다 !! 4인이서 가서 대자 (49000원)로 시켰어요 사람이 많아서 그런가 직원분들이 조금 불친절 하셔서 1점 뺐어요 ㅠ 주말 오후 8시쯤에 가서 대기 10분정도 했고, 깍두기랑 소스가 킥이에요 굿임 한번쯤 성수오면 들릴만 하고 고기가 부드러웠어요"
사람 많다,phrase,2,False,1,4.0,-1.0,"!! 인원별로 주문해야합니다 !! 4인이서 가서 대자 (49000원)로 시켰어요 사람이 많아서 그런가 직원분들이 조금 불친절 하셔서 1점 뺐어요 ㅠ 주말 오후 8시쯤에 가서 대기 10분정도 했고, 깍두기랑 소스가 킥이에요 굿임 한번쯤 성수오면 들릴만 하고 고기가 부드러웠어요"
많다 런가,phrase,2,False,1,4.0,-1.0,"!! 인원별로 주문해야합니다 !! 4인이서 가서 대자 (49000원)로 시켰어요 사람이 많아서 그런가 직원분들이 조금 불친절 하셔서 1점 뺐어요 ㅠ 주말 오후 8시쯤에 가서 대기 10분정도 했고, 깍두기랑 소스가 킥이에요 굿임 한번쯤 성수오면 들릴만 하고 고기가 부드러웠어요"
오후 가다,phrase,2,False,1,4.0,-1.0,"!! 인원별로 주문해야합니다 !! 4인이서 가서 대자 (49000원)로 시켰어요 사람이 많아서 그런가 직원분들이 조금 불친절 하셔서 1점 뺐어요 ㅠ 주말 오후 8시쯤에 가서 대기 10분정도 했고, 깍두기랑 소스가 킥이에요 굿임 한번쯤 성수오면 들릴만 하고 고기가 부드러웠어요"
깍두기 소스,phrase,2,False,1,4.0,-1.0,"!! 인원별로 주문해야합니다 !! 4인이서 가서 대자 (49000원)로 시켰어요 사람이 많아서 그런가 직원분들이 조금 불친절 하셔서 1점 뺐어요 ㅠ 주말 오후 8시쯤에 가서 대기 10분정도 했고, 깍두기랑 소스가 킥이에요 굿임 한번쯤 성수오면 들릴만 하고 고기가 부드러웠어요"
가다 대기,phrase,2,False,1,4.0,-1.0,"!! 인원별로 주문해야합니다 !! 4인이서 가서 대자 (49000원)로 시켰어요 사람이 많아서 그런가 직원분들이 조금 불친절 하셔서 1점 뺐어요 ㅠ 주말 오후 8시쯤에 가서 대기 10분정도 했고, 깍두기랑 소스가 킥이에요 굿임 한번쯤 성수오면 들릴만 하고 고기가 부드러웠어요"
주말 오후,phrase,2,False,1,4.0,-1.0,"!! 인원별로 주문해야합니다 !! 4인이서 가서 대자 (49000원)로 시켰어요 사람이 많아서 그런가 직원분들이 조금 불친절 하셔서 1점 뺐어요 ㅠ 주말 오후 8시쯤에 가서 대기 10분정도 했고, 깍두기랑 소스가 킥이에요 굿임 한번쯤 성수오면 들릴만 하고 고기가 부드러웠어요"
런가 직원,phrase,2,False,1,4.0,-1.0,"!! 인원별로 주문해야합니다 !! 4인이서 가서 대자 (49000원)로 시켰어요 사람이 많아서 그런가 직원분들이 조금 불친절 하셔서 1점 뺐어요 ㅠ 주말 오후 8시쯤에 가서 대기 10분정도 했고, 깍두기랑 소스가 킥이에요 굿임 한번쯤 성수오면 들릴만 하고 고기가 부드러웠어요"
들리다 고기,phrase,2,False,1,4.0,-1.0,"!! 인원별로 주문해야합니다 !! 4인이서 가서 대자 (49000원)로 시켰어요 사람이 많아서 그런가 직원분들이 조금 불친절 하셔서 1점 뺐어요 ㅠ 주말 오후 8시쯤에 가서 대기 10분정도 했고, 깍두기랑 소스가 킥이에요 굿임 한번쯤 성수오면 들릴만 하고 고기가 부드러웠어요"
수오 들리다,phrase,2,False,1,4.0,-1.0,"!! 인원별로 주문해야합니다 !! 4인이서 가서 대자 (49000원)로 시켰어요 사람이 많아서 그런가 직원분들이 조금 불친절 하셔서 1점 뺐어요 ㅠ 주말 오후 8시쯤에 가서 대기 10분정도 했고, 깍두기랑 소스가 킥이에요 굿임 한번쯤 성수오면 들릴만 하고 고기가 부드러웠어요"
대기 깍두기,phrase,2,False,1,4.0,-1.0,"!! 인원별로 주문해야합니다 !! 4인이서 가서 대자 (49000원)로 시켰어요 사람이 많아서 그런가 직원분들이 조금 불친절 하셔서 1점 뺐어요 ㅠ 주말 오후 8시쯤에 가서 대기 10분정도 했고, 깍두기랑 소스가 킥이에요 굿임 한번쯤 성수오면 들릴만 하고 고기가 부드러웠어요"
빼다 주말,phrase,2,False,1,4.0,-1.0,"!! 인원별로 주문해야합니다 !! 4인이서 가서 대자 (49000원)로 시켰어요 사람이 많아서 그런가 직원분들이 조금 불친절 하셔서 1점 뺐어요 ㅠ 주말 오후 8시쯤에 가서 대기 10분정도 했고, 깍두기랑 소스가 킥이에요 굿임 한번쯤 성수오면 들릴만 하고 고기가 부드러웠어요"
한번 수오,phrase,2,False,1,4.0,-1.0,"!! 인원별로 주문해야합니다 !! 4인이서 가서 대자 (49000원)로 시켰어요 사람이 많아서 그런가 직원분들이 조금 불친절 하셔서 1점 뺐어요 ㅠ 주말 오후 8시쯤에 가서 대기 10분정도 했고, 깍두기랑 소스가 킥이에요 굿임 한번쯤 성수오면 들릴만 하고 고기가 부드러웠어요"
대자 시키다,phrase,2,False,1,4.0,-1.0,"!! 인원별로 주문해야합니다 !! 4인이서 가서 대자 (49000원)로 시켰어요 사람이 많아서 그런가 직원분들이 조금 불친절 하셔서 1점 뺐어요 ㅠ 주말 오후 8시쯤에 가서 대기 10분정도 했고, 깍두기랑 소스가 킥이에요 굿임 한번쯤 성수오면 들릴만 하고 고기가 부드러웠어요"
인원 별로,phrase,2,False,1,4.0,-1.0,"!! 인원별로 주문해야합니다 !! 4인이서 가서 대자 (49000원)로 시켰어요 사람이 많아서 그런가 직원분들이 조금 불친절 하셔서 1점 뺐어요 ㅠ 주말 오후 8시쯤에 가서 대기 10분정도 했고, 깍두기랑 소스가 킥이에요 굿임 한번쯤 성수오면 들릴만 하고 고기가 부드러웠어요"
굿임 한번,phrase,2,False,1,4.0,-1.0,"!! 인원별로 주문해야합니다 !! 4인이서 가서 대자 (49000원)로 시켰어요 사람이 많아서 그런가 직원분들이 조금 불친절 하셔서 1점 뺐어요 ㅠ 주말 오후 8시쯤에 가서 대기 10분정도 했고, 깍두기랑 소스가 킥이에요 굿임 한번쯤 성수오면 들릴만 하고 고기가 부드러웠어요"
별로 주문,phrase,2,False,1,4.0,-1.0,"!! 인원별로 주문해야합니다 !! 4인이서 가서 대자 (49000원)로 시켰어요 사람이 많아서 그런가 직원분들이 조금 불친절 하셔서 1점 뺐어요 ㅠ 주말 오후 8시쯤에 가서 대기 10분정도 했고, 깍두기랑 소스가 킥이에요 굿임 한번쯤 성수오면 들릴만 하고 고기가 부드러웠어요"
주문 이서,phrase,2,False,1,4.0,-1.0,"!! 인원별로 주문해야합니다 !! 4인이서 가서 대자 (49000원)로 시켰어요 사람이 많아서 그런가 직원분들이 조금 불친절 하셔서 1점 뺐어요 ㅠ 주말 오후 8시쯤에 가서 대기 10분정도 했고, 깍두기랑 소스가 킥이에요 굿임 한번쯤 성수오면 들릴만 하고 고기가 부드러웠어요"
방문 인하다,phrase,2,False,1,4.0,-1.0,넘 많은 방문인들로 인해 불편함
인하다 불편하다,phrase,2,False,1,4.0,-1.0,넘 많은 방문인들로 인해 불편함
넘다 많다,phrase,2,False,1,4.0,-1.0,넘 많은 방문인들로 인해 불편함
많다 방문,phrase,2,False,1,4.0,-1.0,넘 많은 방문인들로 인해 불편함
뜯기다 여기,phrase,2,False,1,4.0,0.0,"평범한줄 알았는데, 다른 뼈다귀집 가니까 고기가 질겨서 안뜯김... 여기정도면 상급이다."
알다 다른,phrase,2,False,1,4.0,0.0,"평범한줄 알았는데, 다른 뼈다귀집 가니까 고기가 질겨서 안뜯김... 여기정도면 상급이다."
정도 상급,phrase,2,False,1,4.0,0.0,"평범한줄 알았는데, 다른 뼈다귀집 가니까 고기가 질겨서 안뜯김... 여기정도면 상급이다."
다른 가다,phrase,2,False,1,4.0,0.0,"평범한줄 알았는데, 다른 뼈다귀집 가니까 고기가 질겨서 안뜯김... 여기정도면 상급이다."
평범하다 알다,phrase,2,False,1,4.0,0.0,"평범한줄 알았는데, 다른 뼈다귀집 가니까 고기가 질겨서 안뜯김... 여기정도면 상급이다."
가다 고기,phrase,2,False,1,4.0,0.0,"평범한줄 알았는데, 다른 뼈다귀집 가니까 고기가 질겨서 안뜯김... 여기정도면 상급이다."
고기 질겨,phrase,2,False,1,4.0,0.0,"평범한줄 알았는데, 다른 뼈다귀집 가니까 고기가 질겨서 안뜯김... 여기정도면 상급이다."
질겨 뜯기다,phrase,2,False,1,4.0,0.0,"평범한줄 알았는데, 다른 뼈다귀집 가니까 고기가 질겨서 안뜯김... 여기정도면 상급이다."
좁다 정신,phrase,2,False,1,4.0,-4.0,음식 잘 나오고 여자 직원분은 친절함 (다른 리뷰처럼 남자 사장은 불친절). 테이블 간격이 너무 좁아 정신없음
여자 직원,phrase,2,False,1,4.0,-4.0,음식 잘 나오고 여자 직원분은 친절함 (다른 리뷰처럼 남자 사장은 불친절). 테이블 간격이 너무 좁아 정신없음
남자 사장,phrase,2,False,1,4.0,-4.0,음식 잘 나오고 여자 직원분은 친절함 (다른 리뷰처럼 남자 사장은 불친절). 테이블 간격이 너무 좁아 정신없음
자다 나오다,phrase,2,False,1,4.0,-4.0,음식 잘 나오고 여자 직원분은 친절함 (다른 리뷰처럼 남자 사장은 불친절). 테이블 간격이 너무 좁아 정신없음
다른 리뷰,phrase,2,False,1,4.0,-4.0,음식 잘 나오고 여자 직원분은 친절함 (다른 리뷰처럼 남자 사장은 불친절). 테이블 간격이 너무 좁아 정신없음
리뷰 남자,phrase,2,False,1,4.0,-4.0,음식 잘 나오고 여자 직원분은 친절함 (다른 리뷰처럼 남자 사장은 불친절). 테이블 간격이 너무 좁아 정신없음
음식 자다,phrase,2,False,1,4.0,-4.0,음식 잘 나오고 여자 직원분은 친절함 (다른 리뷰처럼 남자 사장은 불친절). 테이블 간격이 너무 좁아 정신없음
간격 너무,phrase,2,False,1,4.0,-4.0,음식 잘 나오고 여자 직원분은 친절함 (다른 리뷰처럼 남자 사장은 불친절). 테이블 간격이 너무 좁아 정신없음
테이블 간격,phrase,2,False,1,4.0,-4.0,음식 잘 나오고 여자 직원분은 친절함 (다른 리뷰처럼 남자 사장은 불친절). 테이블 간격이 너무 좁아 정신없음
나오다 여자,phrase,2,False,1,4.0,-4.0,음식 잘 나오고 여자 직원분은 친절함 (다른 리뷰처럼 남자 사장은 불친절). 테이블 간격이 너무 좁아 정신없음
가져다주다 눈치,phrase,2,False,1,4.0,-3.0,"요즘 세상에 웨이팅 장부 없는 가게이고 차량 대로변에 다른가게 피해가게 줄 세워놓는 가게도 처음본다 가게 입구에 안내문 붙여놓지 손님끼리 기다리는법 서로 물어봄 사장이 외국인을 애정하시는지 식사 중 왔던 유럽인.일본인에게는 계란부친거 ""써뷔쓰으~~""하면서 되도 않는 영어 쓰시며 주시더라 식대지불한 음식이라도 제대로 주면 다른건 상관없는데 외국인들은 고기 상태 좋은쪽 곱게 썰어서 주고 한국인 테이블엔 고기 잔 부스레기 +비계 잔뜩 외국인들 대접해주는건 좋게 보이는데 기존 다니던 손님 음식은 개밥처럼 주고..정 떨어져서 가기 싫어짐 칼"
가게 처음,phrase,2,False,1,4.0,-3.0,"요즘 세상에 웨이팅 장부 없는 가게이고 차량 대로변에 다른가게 피해가게 줄 세워놓는 가게도 처음본다 가게 입구에 안내문 붙여놓지 손님끼리 기다리는법 서로 물어봄 사장이 외국인을 애정하시는지 식사 중 왔던 유럽인.일본인에게는 계란부친거 ""써뷔쓰으~~""하면서 되도 않는 영어 쓰시며 주시더라 식대지불한 음식이라도 제대로 주면 다른건 상관없는데 외국인들은 고기 상태 좋은쪽 곱게 썰어서 주고 한국인 테이블엔 고기 잔 부스레기 +비계 잔뜩 외국인들 대접해주는건 좋게 보이는데 기존 다니던 손님 음식은 개밥처럼 주고..정 떨어져서 가기 싫어짐 칼"
재능 배추,phrase,2,False,1,4.0,-3.0,"요즘 세상에 웨이팅 장부 없는 가게이고 차량 대로변에 다른가게 피해가게 줄 세워놓는 가게도 처음본다 가게 입구에 안내문 붙여놓지 손님끼리 기다리는법 서로 물어봄 사장이 외국인을 애정하시는지 식사 중 왔던 유럽인.일본인에게는 계란부친거 ""써뷔쓰으~~""하면서 되도 않는 영어 쓰시며 주시더라 식대지불한 음식이라도 제대로 주면 다른건 상관없는데 외국인들은 고기 상태 좋은쪽 곱게 썰어서 주고 한국인 테이블엔 고기 잔 부스레기 +비계 잔뜩 외국인들 대접해주는건 좋게 보이는데 기존 다니던 손님 음식은 개밥처럼 주고..정 떨어져서 가기 싫어짐 칼"
칼국수 이렇게,phrase,2,False,1,4.0,-3.0,"요즘 세상에 웨이팅 장부 없는 가게이고 차량 대로변에 다른가게 피해가게 줄 세워놓는 가게도 처음본다 가게 입구에 안내문 붙여놓지 손님끼리 기다리는법 서로 물어봄 사장이 외국인을 애정하시는지 식사 중 왔던 유럽인.일본인에게는 계란부친거 ""써뷔쓰으~~""하면서 되도 않는 영어 쓰시며 주시더라 식대지불한 음식이라도 제대로 주면 다른건 상관없는데 외국인들은 고기 상태 좋은쪽 곱게 썰어서 주고 한국인 테이블엔 고기 잔 부스레기 +비계 잔뜩 외국인들 대접해주는건 좋게 보이는데 기존 다니던 손님 음식은 개밥처럼 주고..정 떨어져서 가기 싫어짐 칼"
식사 오다,phrase,2,False,1,4.0,-3.0,"요즘 세상에 웨이팅 장부 없는 가게이고 차량 대로변에 다른가게 피해가게 줄 세워놓는 가게도 처음본다 가게 입구에 안내문 붙여놓지 손님끼리 기다리는법 서로 물어봄 사장이 외국인을 애정하시는지 식사 중 왔던 유럽인.일본인에게는 계란부친거 ""써뷔쓰으~~""하면서 되도 않는 영어 쓰시며 주시더라 식대지불한 음식이라도 제대로 주면 다른건 상관없는데 외국인들은 고기 상태 좋은쪽 곱게 썰어서 주고 한국인 테이블엔 고기 잔 부스레기 +비계 잔뜩 외국인들 대접해주는건 좋게 보이는데 기존 다니던 손님 음식은 개밥처럼 주고..정 떨어져서 가기 싫어짐 칼"
고기 부스,phrase,2,False,1,4.0,-3.0,"요즘 세상에 웨이팅 장부 없는 가게이고 차량 대로변에 다른가게 피해가게 줄 세워놓는 가게도 처음본다 가게 입구에 안내문 붙여놓지 손님끼리 기다리는법 서로 물어봄 사장이 외국인을 애정하시는지 식사 중 왔던 유럽인.일본인에게는 계란부친거 ""써뷔쓰으~~""하면서 되도 않는 영어 쓰시며 주시더라 식대지불한 음식이라도 제대로 주면 다른건 상관없는데 외국인들은 고기 상태 좋은쪽 곱게 썰어서 주고 한국인 테이블엔 고기 잔 부스레기 +비계 잔뜩 외국인들 대접해주는건 좋게 보이는데 기존 다니던 손님 음식은 개밥처럼 주고..정 떨어져서 가기 싫어짐 칼"
들리다 가져다주다,phrase,2,False,1,4.0,-3.0,"요즘 세상에 웨이팅 장부 없는 가게이고 차량 대로변에 다른가게 피해가게 줄 세워놓는 가게도 처음본다 가게 입구에 안내문 붙여놓지 손님끼리 기다리는법 서로 물어봄 사장이 외국인을 애정하시는지 식사 중 왔던 유럽인.일본인에게는 계란부친거 ""써뷔쓰으~~""하면서 되도 않는 영어 쓰시며 주시더라 식대지불한 음식이라도 제대로 주면 다른건 상관없는데 외국인들은 고기 상태 좋은쪽 곱게 썰어서 주고 한국인 테이블엔 고기 잔 부스레기 +비계 잔뜩 외국인들 대접해주는건 좋게 보이는데 기존 다니던 손님 음식은 개밥처럼 주고..정 떨어져서 가기 싫어짐 칼"
부스 레기,phrase,2,False,1,4.0,-3.0,"요즘 세상에 웨이팅 장부 없는 가게이고 차량 대로변에 다른가게 피해가게 줄 세워놓는 가게도 처음본다 가게 입구에 안내문 붙여놓지 손님끼리 기다리는법 서로 물어봄 사장이 외국인을 애정하시는지 식사 중 왔던 유럽인.일본인에게는 계란부친거 ""써뷔쓰으~~""하면서 되도 않는 영어 쓰시며 주시더라 식대지불한 음식이라도 제대로 주면 다른건 상관없는데 외국인들은 고기 상태 좋은쪽 곱게 썰어서 주고 한국인 테이블엔 고기 잔 부스레기 +비계 잔뜩 외국인들 대접해주는건 좋게 보이는데 기존 다니던 손님 음식은 개밥처럼 주고..정 떨어져서 가기 싫어짐 칼"
외국인 고기,phrase,2,False,1,4.0,-3.0,"요즘 세상에 웨이팅 장부 없는 가게이고 차량 대로변에 다른가게 피해가게 줄 세워놓는 가게도 처음본다 가게 입구에 안내문 붙여놓지 손님끼리 기다리는법 서로 물어봄 사장이 외국인을 애정하시는지 식사 중 왔던 유럽인.일본인에게는 계란부친거 ""써뷔쓰으~~""하면서 되도 않는 영어 쓰시며 주시더라 식대지불한 음식이라도 제대로 주면 다른건 상관없는데 외국인들은 고기 상태 좋은쪽 곱게 썰어서 주고 한국인 테이블엔 고기 잔 부스레기 +비계 잔뜩 외국인들 대접해주는건 좋게 보이는데 기존 다니던 손님 음식은 개밥처럼 주고..정 떨어져서 가기 싫어짐 칼"
가게 세우다,phrase,2,False,1,4.0,-3.0,"요즘 세상에 웨이팅 장부 없는 가게이고 차량 대로변에 다른가게 피해가게 줄 세워놓는 가게도 처음본다 가게 입구에 안내문 붙여놓지 손님끼리 기다리는법 서로 물어봄 사장이 외국인을 애정하시는지 식사 중 왔던 유럽인.일본인에게는 계란부친거 ""써뷔쓰으~~""하면서 되도 않는 영어 쓰시며 주시더라 식대지불한 음식이라도 제대로 주면 다른건 상관없는데 외국인들은 고기 상태 좋은쪽 곱게 썰어서 주고 한국인 테이블엔 고기 잔 부스레기 +비계 잔뜩 외국인들 대접해주는건 좋게 보이는데 기존 다니던 손님 음식은 개밥처럼 주고..정 떨어져서 가기 싫어짐 칼"
기존 다니다,phrase,2,False,1,4.0,-3.0,"요즘 세상에 웨이팅 장부 없는 가게이고 차량 대로변에 다른가게 피해가게 줄 세워놓는 가게도 처음본다 가게 입구에 안내문 붙여놓지 손님끼리 기다리는법 서로 물어봄 사장이 외국인을 애정하시는지 식사 중 왔던 유럽인.일본인에게는 계란부친거 ""써뷔쓰으~~""하면서 되도 않는 영어 쓰시며 주시더라 식대지불한 음식이라도 제대로 주면 다른건 상관없는데 외국인들은 고기 상태 좋은쪽 곱게 썰어서 주고 한국인 테이블엔 고기 잔 부스레기 +비계 잔뜩 외국인들 대접해주는건 좋게 보이는데 기존 다니던 손님 음식은 개밥처럼 주고..정 떨어져서 가기 싫어짐 칼"
장부 가게,phrase,2,False,1,4.0,-3.0,"요즘 세상에 웨이팅 장부 없는 가게이고 차량 대로변에 다른가게 피해가게 줄 세워놓는 가게도 처음본다 가게 입구에 안내문 붙여놓지 손님끼리 기다리는법 서로 물어봄 사장이 외국인을 애정하시는지 식사 중 왔던 유럽인.일본인에게는 계란부친거 ""써뷔쓰으~~""하면서 되도 않는 영어 쓰시며 주시더라 식대지불한 음식이라도 제대로 주면 다른건 상관없는데 외국인들은 고기 상태 좋은쪽 곱게 썰어서 주고 한국인 테이블엔 고기 잔 부스레기 +비계 잔뜩 외국인들 대접해주는건 좋게 보이는데 기존 다니던 손님 음식은 개밥처럼 주고..정 떨어져서 가기 싫어짐 칼"
고기 상태,phrase,2,False,1,4.0,-3.0,"요즘 세상에 웨이팅 장부 없는 가게이고 차량 대로변에 다른가게 피해가게 줄 세워놓는 가게도 처음본다 가게 입구에 안내문 붙여놓지 손님끼리 기다리는법 서로 물어봄 사장이 외국인을 애정하시는지 식사 중 왔던 유럽인.일본인에게는 계란부친거 ""써뷔쓰으~~""하면서 되도 않는 영어 쓰시며 주시더라 식대지불한 음식이라도 제대로 주면 다른건 상관없는데 외국인들은 고기 상태 좋은쪽 곱게 썰어서 주고 한국인 테이블엔 고기 잔 부스레기 +비계 잔뜩 외국인들 대접해주는건 좋게 보이는데 기존 다니던 손님 음식은 개밥처럼 주고..정 떨어져서 가기 싫어짐 칼"
오다 유럽인,phrase,2,False,1,4.0,-3.0,"요즘 세상에 웨이팅 장부 없는 가게이고 차량 대로변에 다른가게 피해가게 줄 세워놓는 가게도 처음본다 가게 입구에 안내문 붙여놓지 손님끼리 기다리는법 서로 물어봄 사장이 외국인을 애정하시는지 식사 중 왔던 유럽인.일본인에게는 계란부친거 ""써뷔쓰으~~""하면서 되도 않는 영어 쓰시며 주시더라 식대지불한 음식이라도 제대로 주면 다른건 상관없는데 외국인들은 고기 상태 좋은쪽 곱게 썰어서 주고 한국인 테이블엔 고기 잔 부스레기 +비계 잔뜩 외국인들 대접해주는건 좋게 보이는데 기존 다니던 손님 음식은 개밥처럼 주고..정 떨어져서 가기 싫어짐 칼"
대접 해주다,phrase,2,False,1,4.0,-3.0,"요즘 세상에 웨이팅 장부 없는 가게이고 차량 대로변에 다른가게 피해가게 줄 세워놓는 가게도 처음본다 가게 입구에 안내문 붙여놓지 손님끼리 기다리는법 서로 물어봄 사장이 외국인을 애정하시는지 식사 중 왔던 유럽인.일본인에게는 계란부친거 ""써뷔쓰으~~""하면서 되도 않는 영어 쓰시며 주시더라 식대지불한 음식이라도 제대로 주면 다른건 상관없는데 외국인들은 고기 상태 좋은쪽 곱게 썰어서 주고 한국인 테이블엔 고기 잔 부스레기 +비계 잔뜩 외국인들 대접해주는건 좋게 보이는데 기존 다니던 손님 음식은 개밥처럼 주고..정 떨어져서 가기 싫어짐 칼"
주다 웃기,phrase,2,False,1,4.0,-3.0,"요즘 세상에 웨이팅 장부 없는 가게이고 차량 대로변에 다른가게 피해가게 줄 세워놓는 가게도 처음본다 가게 입구에 안내문 붙여놓지 손님끼리 기다리는법 서로 물어봄 사장이 외국인을 애정하시는지 식사 중 왔던 유럽인.일본인에게는 계란부친거 ""써뷔쓰으~~""하면서 되도 않는 영어 쓰시며 주시더라 식대지불한 음식이라도 제대로 주면 다른건 상관없는데 외국인들은 고기 상태 좋은쪽 곱게 썰어서 주고 한국인 테이블엔 고기 잔 부스레기 +비계 잔뜩 외국인들 대접해주는건 좋게 보이는데 기존 다니던 손님 음식은 개밥처럼 주고..정 떨어져서 가기 싫어짐 칼"
테이블 고기,phrase,2,False,1,4.0,-3.0,"요즘 세상에 웨이팅 장부 없는 가게이고 차량 대로변에 다른가게 피해가게 줄 세워놓는 가게도 처음본다 가게 입구에 안내문 붙여놓지 손님끼리 기다리는법 서로 물어봄 사장이 외국인을 애정하시는지 식사 중 왔던 유럽인.일본인에게는 계란부친거 ""써뷔쓰으~~""하면서 되도 않는 영어 쓰시며 주시더라 식대지불한 음식이라도 제대로 주면 다른건 상관없는데 외국인들은 고기 상태 좋은쪽 곱게 썰어서 주고 한국인 테이블엔 고기 잔 부스레기 +비계 잔뜩 외국인들 대접해주는건 좋게 보이는데 기존 다니던 손님 음식은 개밥처럼 주고..정 떨어져서 가기 싫어짐 칼"
웨이 장부,phrase,2,False,1,4.0,-3.0,"요즘 세상에 웨이팅 장부 없는 가게이고 차량 대로변에 다른가게 피해가게 줄 세워놓는 가게도 처음본다 가게 입구에 안내문 붙여놓지 손님끼리 기다리는법 서로 물어봄 사장이 외국인을 애정하시는지 식사 중 왔던 유럽인.일본인에게는 계란부친거 ""써뷔쓰으~~""하면서 되도 않는 영어 쓰시며 주시더라 식대지불한 음식이라도 제대로 주면 다른건 상관없는데 외국인들은 고기 상태 좋은쪽 곱게 썰어서 주고 한국인 테이블엔 고기 잔 부스레기 +비계 잔뜩 외국인들 대접해주는건 좋게 보이는데 기존 다니던 손님 음식은 개밥처럼 주고..정 떨어져서 가기 싫어짐 칼"
허공 외치,phrase,2,False,1,4.0,-3.0,"요즘 세상에 웨이팅 장부 없는 가게이고 차량 대로변에 다른가게 피해가게 줄 세워놓는 가게도 처음본다 가게 입구에 안내문 붙여놓지 손님끼리 기다리는법 서로 물어봄 사장이 외국인을 애정하시는지 식사 중 왔던 유럽인.일본인에게는 계란부친거 ""써뷔쓰으~~""하면서 되도 않는 영어 쓰시며 주시더라 식대지불한 음식이라도 제대로 주면 다른건 상관없는데 외국인들은 고기 상태 좋은쪽 곱게 썰어서 주고 한국인 테이블엔 고기 잔 부스레기 +비계 잔뜩 외국인들 대접해주는건 좋게 보이는데 기존 다니던 손님 음식은 개밥처럼 주고..정 떨어져서 가기 싫어짐 칼"
아줌마 가다,phrase,2,False,1,4.0,-3.0,"요즘 세상에 웨이팅 장부 없는 가게이고 차량 대로변에 다른가게 피해가게 줄 세워놓는 가게도 처음본다 가게 입구에 안내문 붙여놓지 손님끼리 기다리는법 서로 물어봄 사장이 외국인을 애정하시는지 식사 중 왔던 유럽인.일본인에게는 계란부친거 ""써뷔쓰으~~""하면서 되도 않는 영어 쓰시며 주시더라 식대지불한 음식이라도 제대로 주면 다른건 상관없는데 외국인들은 고기 상태 좋은쪽 곱게 썰어서 주고 한국인 테이블엔 고기 잔 부스레기 +비계 잔뜩 외국인들 대접해주는건 좋게 보이는데 기존 다니던 손님 음식은 개밥처럼 주고..정 떨어져서 가기 싫어짐 칼"
음식 제대로,phrase,2,False,1,4.0,-3.0,"요즘 세상에 웨이팅 장부 없는 가게이고 차량 대로변에 다른가게 피해가게 줄 세워놓는 가게도 처음본다 가게 입구에 안내문 붙여놓지 손님끼리 기다리는법 서로 물어봄 사장이 외국인을 애정하시는지 식사 중 왔던 유럽인.일본인에게는 계란부친거 ""써뷔쓰으~~""하면서 되도 않는 영어 쓰시며 주시더라 식대지불한 음식이라도 제대로 주면 다른건 상관없는데 외국인들은 고기 상태 좋은쪽 곱게 썰어서 주고 한국인 테이블엔 고기 잔 부스레기 +비계 잔뜩 외국인들 대접해주는건 좋게 보이는데 기존 다니던 손님 음식은 개밥처럼 주고..정 떨어져서 가기 싫어짐 칼"
물어보다 사장,phrase,2,False,1,4.0,-3.0,"요즘 세상에 웨이팅 장부 없는 가게이고 차량 대로변에 다른가게 피해가게 줄 세워놓는 가게도 처음본다 가게 입구에 안내문 붙여놓지 손님끼리 기다리는법 서로 물어봄 사장이 외국인을 애정하시는지 식사 중 왔던 유럽인.일본인에게는 계란부친거 ""써뷔쓰으~~""하면서 되도 않는 영어 쓰시며 주시더라 식대지불한 음식이라도 제대로 주면 다른건 상관없는데 외국인들은 고기 상태 좋은쪽 곱게 썰어서 주고 한국인 테이블엔 고기 잔 부스레기 +비계 잔뜩 외국인들 대접해주는건 좋게 보이는데 기존 다니던 손님 음식은 개밥처럼 주고..정 떨어져서 가기 싫어짐 칼"
싫어지다 칼국수,phrase,2,False,1,4.0,-3.0,"요즘 세상에 웨이팅 장부 없는 가게이고 차량 대로변에 다른가게 피해가게 줄 세워놓는 가게도 처음본다 가게 입구에 안내문 붙여놓지 손님끼리 기다리는법 서로 물어봄 사장이 외국인을 애정하시는지 식사 중 왔던 유럽인.일본인에게는 계란부친거 ""써뷔쓰으~~""하면서 되도 않는 영어 쓰시며 주시더라 식대지불한 음식이라도 제대로 주면 다른건 상관없는데 외국인들은 고기 상태 좋은쪽 곱게 썰어서 주고 한국인 테이블엔 고기 잔 부스레기 +비계 잔뜩 외국인들 대접해주는건 좋게 보이는데 기존 다니던 손님 음식은 개밥처럼 주고..정 떨어져서 가기 싫어짐 칼"
주다 식대,phrase,2,False,1,4.0,-3.0,"요즘 세상에 웨이팅 장부 없는 가게이고 차량 대로변에 다른가게 피해가게 줄 세워놓는 가게도 처음본다 가게 입구에 안내문 붙여놓지 손님끼리 기다리는법 서로 물어봄 사장이 외국인을 애정하시는지 식사 중 왔던 유럽인.일본인에게는 계란부친거 ""써뷔쓰으~~""하면서 되도 않는 영어 쓰시며 주시더라 식대지불한 음식이라도 제대로 주면 다른건 상관없는데 외국인들은 고기 상태 좋은쪽 곱게 썰어서 주고 한국인 테이블엔 고기 잔 부스레기 +비계 잔뜩 외국인들 대접해주는건 좋게 보이는데 기존 다니던 손님 음식은 개밥처럼 주고..정 떨어져서 가기 싫어짐 칼"
가게 차량,phrase,2,False,1,4.0,-3.0,"요즘 세상에 웨이팅 장부 없는 가게이고 차량 대로변에 다른가게 피해가게 줄 세워놓는 가게도 처음본다 가게 입구에 안내문 붙여놓지 손님끼리 기다리는법 서로 물어봄 사장이 외국인을 애정하시는지 식사 중 왔던 유럽인.일본인에게는 계란부친거 ""써뷔쓰으~~""하면서 되도 않는 영어 쓰시며 주시더라 식대지불한 음식이라도 제대로 주면 다른건 상관없는데 외국인들은 고기 상태 좋은쪽 곱게 썰어서 주고 한국인 테이블엔 고기 잔 부스레기 +비계 잔뜩 외국인들 대접해주는건 좋게 보이는데 기존 다니던 손님 음식은 개밥처럼 주고..정 떨어져서 가기 싫어짐 칼"
손님 음식,phrase,2,False,1,4.0,-3.0,"요즘 세상에 웨이팅 장부 없는 가게이고 차량 대로변에 다른가게 피해가게 줄 세워놓는 가게도 처음본다 가게 입구에 안내문 붙여놓지 손님끼리 기다리는법 서로 물어봄 사장이 외국인을 애정하시는지 식사 중 왔던 유럽인.일본인에게는 계란부친거 ""써뷔쓰으~~""하면서 되도 않는 영어 쓰시며 주시더라 식대지불한 음식이라도 제대로 주면 다른건 상관없는데 외국인들은 고기 상태 좋은쪽 곱게 썰어서 주고 한국인 테이블엔 고기 잔 부스레기 +비계 잔뜩 외국인들 대접해주는건 좋게 보이는데 기존 다니던 손님 음식은 개밥처럼 주고..정 떨어져서 가기 싫어짐 칼"
가게 피해,phrase,2,False,1,4.0,-3.0,"요즘 세상에 웨이팅 장부 없는 가게이고 차량 대로변에 다른가게 피해가게 줄 세워놓는 가게도 처음본다 가게 입구에 안내문 붙여놓지 손님끼리 기다리는법 서로 물어봄 사장이 외국인을 애정하시는지 식사 중 왔던 유럽인.일본인에게는 계란부친거 ""써뷔쓰으~~""하면서 되도 않는 영어 쓰시며 주시더라 식대지불한 음식이라도 제대로 주면 다른건 상관없는데 외국인들은 고기 상태 좋은쪽 곱게 썰어서 주고 한국인 테이블엔 고기 잔 부스레기 +비계 잔뜩 외국인들 대접해주는건 좋게 보이는데 기존 다니던 손님 음식은 개밥처럼 주고..정 떨어져서 가기 싫어짐 칼"
물다 붙이다,phrase,2,False,1,4.0,-3.0,"요즘 세상에 웨이팅 장부 없는 가게이고 차량 대로변에 다른가게 피해가게 줄 세워놓는 가게도 처음본다 가게 입구에 안내문 붙여놓지 손님끼리 기다리는법 서로 물어봄 사장이 외국인을 애정하시는지 식사 중 왔던 유럽인.일본인에게는 계란부친거 ""써뷔쓰으~~""하면서 되도 않는 영어 쓰시며 주시더라 식대지불한 음식이라도 제대로 주면 다른건 상관없는데 외국인들은 고기 상태 좋은쪽 곱게 썰어서 주고 한국인 테이블엔 고기 잔 부스레기 +비계 잔뜩 외국인들 대접해주는건 좋게 보이는데 기존 다니던 손님 음식은 개밥처럼 주고..정 떨어져서 가기 싫어짐 칼"
부치다 써뷔쓰으,phrase,2,False,1,4.0,-3.0,"요즘 세상에 웨이팅 장부 없는 가게이고 차량 대로변에 다른가게 피해가게 줄 세워놓는 가게도 처음본다 가게 입구에 안내문 붙여놓지 손님끼리 기다리는법 서로 물어봄 사장이 외국인을 애정하시는지 식사 중 왔던 유럽인.일본인에게는 계란부친거 ""써뷔쓰으~~""하면서 되도 않는 영어 쓰시며 주시더라 식대지불한 음식이라도 제대로 주면 다른건 상관없는데 외국인들은 고기 상태 좋은쪽 곱게 썰어서 주고 한국인 테이블엔 고기 잔 부스레기 +비계 잔뜩 외국인들 대접해주는건 좋게 보이는데 기존 다니던 손님 음식은 개밥처럼 주고..정 떨어져서 가기 싫어짐 칼"
한국인 테이블,phrase,2,False,1,4.0,-3.0,"요즘 세상에 웨이팅 장부 없는 가게이고 차량 대로변에 다른가게 피해가게 줄 세워놓는 가게도 처음본다 가게 입구에 안내문 붙여놓지 손님끼리 기다리는법 서로 물어봄 사장이 외국인을 애정하시는지 식사 중 왔던 유럽인.일본인에게는 계란부친거 ""써뷔쓰으~~""하면서 되도 않는 영어 쓰시며 주시더라 식대지불한 음식이라도 제대로 주면 다른건 상관없는데 외국인들은 고기 상태 좋은쪽 곱게 썰어서 주고 한국인 테이블엔 고기 잔 부스레기 +비계 잔뜩 외국인들 대접해주는건 좋게 보이는데 기존 다니던 손님 음식은 개밥처럼 주고..정 떨어져서 가기 싫어짐 칼"
맛없다 끓이다,phrase,2,False,1,4.0,-3.0,"요즘 세상에 웨이팅 장부 없는 가게이고 차량 대로변에 다른가게 피해가게 줄 세워놓는 가게도 처음본다 가게 입구에 안내문 붙여놓지 손님끼리 기다리는법 서로 물어봄 사장이 외국인을 애정하시는지 식사 중 왔던 유럽인.일본인에게는 계란부친거 ""써뷔쓰으~~""하면서 되도 않는 영어 쓰시며 주시더라 식대지불한 음식이라도 제대로 주면 다른건 상관없는데 외국인들은 고기 상태 좋은쪽 곱게 썰어서 주고 한국인 테이블엔 고기 잔 부스레기 +비계 잔뜩 외국인들 대접해주는건 좋게 보이는데 기존 다니던 손님 음식은 개밥처럼 주고..정 떨어져서 가기 싫어짐 칼"
주문 허공,phrase,2,False,1,4.0,-3.0,"요즘 세상에 웨이팅 장부 없는 가게이고 차량 대로변에 다른가게 피해가게 줄 세워놓는 가게도 처음본다 가게 입구에 안내문 붙여놓지 손님끼리 기다리는법 서로 물어봄 사장이 외국인을 애정하시는지 식사 중 왔던 유럽인.일본인에게는 계란부친거 ""써뷔쓰으~~""하면서 되도 않는 영어 쓰시며 주시더라 식대지불한 음식이라도 제대로 주면 다른건 상관없는데 외국인들은 고기 상태 좋은쪽 곱게 썰어서 주고 한국인 테이블엔 고기 잔 부스레기 +비계 잔뜩 외국인들 대접해주는건 좋게 보이는데 기존 다니던 손님 음식은 개밥처럼 주고..정 떨어져서 가기 싫어짐 칼"
기다리다 서로,phrase,2,False,1,4.0,-3.0,"요즘 세상에 웨이팅 장부 없는 가게이고 차량 대로변에 다른가게 피해가게 줄 세워놓는 가게도 처음본다 가게 입구에 안내문 붙여놓지 손님끼리 기다리는법 서로 물어봄 사장이 외국인을 애정하시는지 식사 중 왔던 유럽인.일본인에게는 계란부친거 ""써뷔쓰으~~""하면서 되도 않는 영어 쓰시며 주시더라 식대지불한 음식이라도 제대로 주면 다른건 상관없는데 외국인들은 고기 상태 좋은쪽 곱게 썰어서 주고 한국인 테이블엔 고기 잔 부스레기 +비계 잔뜩 외국인들 대접해주는건 좋게 보이는데 기존 다니던 손님 음식은 개밥처럼 주고..정 떨어져서 가기 싫어짐 칼"
서빙 아줌마,phrase,2,False,1,4.0,-3.0,"요즘 세상에 웨이팅 장부 없는 가게이고 차량 대로변에 다른가게 피해가게 줄 세워놓는 가게도 처음본다 가게 입구에 안내문 붙여놓지 손님끼리 기다리는법 서로 물어봄 사장이 외국인을 애정하시는지 식사 중 왔던 유럽인.일본인에게는 계란부친거 ""써뷔쓰으~~""하면서 되도 않는 영어 쓰시며 주시더라 식대지불한 음식이라도 제대로 주면 다른건 상관없는데 외국인들은 고기 상태 좋은쪽 곱게 썰어서 주고 한국인 테이블엔 고기 잔 부스레기 +비계 잔뜩 외국인들 대접해주는건 좋게 보이는데 기존 다니던 손님 음식은 개밥처럼 주고..정 떨어져서 가기 싫어짐 칼"
보이다 기존,phrase,2,False,1,4.0,-3.0,"요즘 세상에 웨이팅 장부 없는 가게이고 차량 대로변에 다른가게 피해가게 줄 세워놓는 가게도 처음본다 가게 입구에 안내문 붙여놓지 손님끼리 기다리는법 서로 물어봄 사장이 외국인을 애정하시는지 식사 중 왔던 유럽인.일본인에게는 계란부친거 ""써뷔쓰으~~""하면서 되도 않는 영어 쓰시며 주시더라 식대지불한 음식이라도 제대로 주면 다른건 상관없는데 외국인들은 고기 상태 좋은쪽 곱게 썰어서 주고 한국인 테이블엔 고기 잔 부스레기 +비계 잔뜩 외국인들 대접해주는건 좋게 보이는데 기존 다니던 손님 음식은 개밥처럼 주고..정 떨어져서 가기 싫어짐 칼"
아줌마 손님,phrase,2,False,1,4.0,-3.0,"요즘 세상에 웨이팅 장부 없는 가게이고 차량 대로변에 다른가게 피해가게 줄 세워놓는 가게도 처음본다 가게 입구에 안내문 붙여놓지 손님끼리 기다리는법 서로 물어봄 사장이 외국인을 애정하시는지 식사 중 왔던 유럽인.일본인에게는 계란부친거 ""써뷔쓰으~~""하면서 되도 않는 영어 쓰시며 주시더라 식대지불한 음식이라도 제대로 주면 다른건 상관없는데 외국인들은 고기 상태 좋은쪽 곱게 썰어서 주고 한국인 테이블엔 고기 잔 부스레기 +비계 잔뜩 외국인들 대접해주는건 좋게 보이는데 기존 다니던 손님 음식은 개밥처럼 주고..정 떨어져서 가기 싫어짐 칼"
사장 외국인,phrase,2,False,1,4.0,-3.0,"요즘 세상에 웨이팅 장부 없는 가게이고 차량 대로변에 다른가게 피해가게 줄 세워놓는 가게도 처음본다 가게 입구에 안내문 붙여놓지 손님끼리 기다리는법 서로 물어봄 사장이 외국인을 애정하시는지 식사 중 왔던 유럽인.일본인에게는 계란부친거 ""써뷔쓰으~~""하면서 되도 않는 영어 쓰시며 주시더라 식대지불한 음식이라도 제대로 주면 다른건 상관없는데 외국인들은 고기 상태 좋은쪽 곱게 썰어서 주고 한국인 테이블엔 고기 잔 부스레기 +비계 잔뜩 외국인들 대접해주는건 좋게 보이는데 기존 다니던 손님 음식은 개밥처럼 주고..정 떨어져서 가기 싫어짐 칼"
계란 부치다,phrase,2,False,1,4.0,-3.0,"요즘 세상에 웨이팅 장부 없는 가게이고 차량 대로변에 다른가게 피해가게 줄 세워놓는 가게도 처음본다 가게 입구에 안내문 붙여놓지 손님끼리 기다리는법 서로 물어봄 사장이 외국인을 애정하시는지 식사 중 왔던 유럽인.일본인에게는 계란부친거 ""써뷔쓰으~~""하면서 되도 않는 영어 쓰시며 주시더라 식대지불한 음식이라도 제대로 주면 다른건 상관없는데 외국인들은 고기 상태 좋은쪽 곱게 썰어서 주고 한국인 테이블엔 고기 잔 부스레기 +비계 잔뜩 외국인들 대접해주는건 좋게 보이는데 기존 다니던 손님 음식은 개밥처럼 주고..정 떨어져서 가기 싫어짐 칼"
주다 한국인,phrase,2,False,1,4.0,-3.0,"요즘 세상에 웨이팅 장부 없는 가게이고 차량 대로변에 다른가게 피해가게 줄 세워놓는 가게도 처음본다 가게 입구에 안내문 붙여놓지 손님끼리 기다리는법 서로 물어봄 사장이 외국인을 애정하시는지 식사 중 왔던 유럽인.일본인에게는 계란부친거 ""써뷔쓰으~~""하면서 되도 않는 영어 쓰시며 주시더라 식대지불한 음식이라도 제대로 주면 다른건 상관없는데 외국인들은 고기 상태 좋은쪽 곱게 썰어서 주고 한국인 테이블엔 고기 잔 부스레기 +비계 잔뜩 외국인들 대접해주는건 좋게 보이는데 기존 다니던 손님 음식은 개밥처럼 주고..정 떨어져서 가기 싫어짐 칼"
개밥 주다,phrase,2,False,1,4.0,-3.0,"요즘 세상에 웨이팅 장부 없는 가게이고 차량 대로변에 다른가게 피해가게 줄 세워놓는 가게도 처음본다 가게 입구에 안내문 붙여놓지 손님끼리 기다리는법 서로 물어봄 사장이 외국인을 애정하시는지 식사 중 왔던 유럽인.일본인에게는 계란부친거 ""써뷔쓰으~~""하면서 되도 않는 영어 쓰시며 주시더라 식대지불한 음식이라도 제대로 주면 다른건 상관없는데 외국인들은 고기 상태 좋은쪽 곱게 썰어서 주고 한국인 테이블엔 고기 잔 부스레기 +비계 잔뜩 외국인들 대접해주는건 좋게 보이는데 기존 다니던 손님 음식은 개밥처럼 주고..정 떨어져서 가기 싫어짐 칼"
지불 음식,phrase,2,False,1,4.0,-3.0,"요즘 세상에 웨이팅 장부 없는 가게이고 차량 대로변에 다른가게 피해가게 줄 세워놓는 가게도 처음본다 가게 입구에 안내문 붙여놓지 손님끼리 기다리는법 서로 물어봄 사장이 외국인을 애정하시는지 식사 중 왔던 유럽인.일본인에게는 계란부친거 ""써뷔쓰으~~""하면서 되도 않는 영어 쓰시며 주시더라 식대지불한 음식이라도 제대로 주면 다른건 상관없는데 외국인들은 고기 상태 좋은쪽 곱게 썰어서 주고 한국인 테이블엔 고기 잔 부스레기 +비계 잔뜩 외국인들 대접해주는건 좋게 보이는데 기존 다니던 손님 음식은 개밥처럼 주고..정 떨어져서 가기 싫어짐 칼"
떨어지다 가기,phrase,2,False,1,4.0,-3.0,"요즘 세상에 웨이팅 장부 없는 가게이고 차량 대로변에 다른가게 피해가게 줄 세워놓는 가게도 처음본다 가게 입구에 안내문 붙여놓지 손님끼리 기다리는법 서로 물어봄 사장이 외국인을 애정하시는지 식사 중 왔던 유럽인.일본인에게는 계란부친거 ""써뷔쓰으~~""하면서 되도 않는 영어 쓰시며 주시더라 식대지불한 음식이라도 제대로 주면 다른건 상관없는데 외국인들은 고기 상태 좋은쪽 곱게 썰어서 주고 한국인 테이블엔 고기 잔 부스레기 +비계 잔뜩 외국인들 대접해주는건 좋게 보이는데 기존 다니던 손님 음식은 개밥처럼 주고..정 떨어져서 가기 싫어짐 칼"
일본인 계란,phrase,2,False,1,4.0,-3.0,"요즘 세상에 웨이팅 장부 없는 가게이고 차량 대로변에 다른가게 피해가게 줄 세워놓는 가게도 처음본다 가게 입구에 안내문 붙여놓지 손님끼리 기다리는법 서로 물어봄 사장이 외국인을 애정하시는지 식사 중 왔던 유럽인.일본인에게는 계란부친거 ""써뷔쓰으~~""하면서 되도 않는 영어 쓰시며 주시더라 식대지불한 음식이라도 제대로 주면 다른건 상관없는데 외국인들은 고기 상태 좋은쪽 곱게 썰어서 주고 한국인 테이블엔 고기 잔 부스레기 +비계 잔뜩 외국인들 대접해주는건 좋게 보이는데 기존 다니던 손님 음식은 개밥처럼 주고..정 떨어져서 가기 싫어짐 칼"
식대 지불,phrase,2,False,1,4.0,-3.0,"요즘 세상에 웨이팅 장부 없는 가게이고 차량 대로변에 다른가게 피해가게 줄 세워놓는 가게도 처음본다 가게 입구에 안내문 붙여놓지 손님끼리 기다리는법 서로 물어봄 사장이 외국인을 애정하시는지 식사 중 왔던 유럽인.일본인에게는 계란부친거 ""써뷔쓰으~~""하면서 되도 않는 영어 쓰시며 주시더라 식대지불한 음식이라도 제대로 주면 다른건 상관없는데 외국인들은 고기 상태 좋은쪽 곱게 썰어서 주고 한국인 테이블엔 고기 잔 부스레기 +비계 잔뜩 외국인들 대접해주는건 좋게 보이는데 기존 다니던 손님 음식은 개밥처럼 주고..정 떨어져서 가기 싫어짐 칼"
배추 고기,phrase,2,False,1,4.0,-3.0,"요즘 세상에 웨이팅 장부 없는 가게이고 차량 대로변에 다른가게 피해가게 줄 세워놓는 가게도 처음본다 가게 입구에 안내문 붙여놓지 손님끼리 기다리는법 서로 물어봄 사장이 외국인을 애정하시는지 식사 중 왔던 유럽인.일본인에게는 계란부친거 ""써뷔쓰으~~""하면서 되도 않는 영어 쓰시며 주시더라 식대지불한 음식이라도 제대로 주면 다른건 상관없는데 외국인들은 고기 상태 좋은쪽 곱게 썰어서 주고 한국인 테이블엔 고기 잔 부스레기 +비계 잔뜩 외국인들 대접해주는건 좋게 보이는데 기존 다니던 손님 음식은 개밥처럼 주고..정 떨어져서 가기 싫어짐 칼"
보다 아줌마,phrase,2,False,1,4.0,-3.0,"요즘 세상에 웨이팅 장부 없는 가게이고 차량 대로변에 다른가게 피해가게 줄 세워놓는 가게도 처음본다 가게 입구에 안내문 붙여놓지 손님끼리 기다리는법 서로 물어봄 사장이 외국인을 애정하시는지 식사 중 왔던 유럽인.일본인에게는 계란부친거 ""써뷔쓰으~~""하면서 되도 않는 영어 쓰시며 주시더라 식대지불한 음식이라도 제대로 주면 다른건 상관없는데 외국인들은 고기 상태 좋은쪽 곱게 썰어서 주고 한국인 테이블엔 고기 잔 부스레기 +비계 잔뜩 외국인들 대접해주는건 좋게 보이는데 기존 다니던 손님 음식은 개밥처럼 주고..정 떨어져서 가기 싫어짐 칼"
영어 쓰시,phrase,2,False,1,4.0,-3.0,"요즘 세상에 웨이팅 장부 없는 가게이고 차량 대로변에 다른가게 피해가게 줄 세워놓는 가게도 처음본다 가게 입구에 안내문 붙여놓지 손님끼리 기다리는법 서로 물어봄 사장이 외국인을 애정하시는지 식사 중 왔던 유럽인.일본인에게는 계란부친거 ""써뷔쓰으~~""하면서 되도 않는 영어 쓰시며 주시더라 식대지불한 음식이라도 제대로 주면 다른건 상관없는데 외국인들은 고기 상태 좋은쪽 곱게 썰어서 주고 한국인 테이블엔 고기 잔 부스레기 +비계 잔뜩 외국인들 대접해주는건 좋게 보이는데 기존 다니던 손님 음식은 개밥처럼 주고..정 떨어져서 가기 싫어짐 칼"
썰다 주다,phrase,2,False,1,4.0,-3.0,"요즘 세상에 웨이팅 장부 없는 가게이고 차량 대로변에 다른가게 피해가게 줄 세워놓는 가게도 처음본다 가게 입구에 안내문 붙여놓지 손님끼리 기다리는법 서로 물어봄 사장이 외국인을 애정하시는지 식사 중 왔던 유럽인.일본인에게는 계란부친거 ""써뷔쓰으~~""하면서 되도 않는 영어 쓰시며 주시더라 식대지불한 음식이라도 제대로 주면 다른건 상관없는데 외국인들은 고기 상태 좋은쪽 곱게 썰어서 주고 한국인 테이블엔 고기 잔 부스레기 +비계 잔뜩 외국인들 대접해주는건 좋게 보이는데 기존 다니던 손님 음식은 개밥처럼 주고..정 떨어져서 가기 싫어짐 칼"
외국 대접,phrase,2,False,1,4.0,-3.0,"요즘 세상에 웨이팅 장부 없는 가게이고 차량 대로변에 다른가게 피해가게 줄 세워놓는 가게도 처음본다 가게 입구에 안내문 붙여놓지 손님끼리 기다리는법 서로 물어봄 사장이 외국인을 애정하시는지 식사 중 왔던 유럽인.일본인에게는 계란부친거 ""써뷔쓰으~~""하면서 되도 않는 영어 쓰시며 주시더라 식대지불한 음식이라도 제대로 주면 다른건 상관없는데 외국인들은 고기 상태 좋은쪽 곱게 썰어서 주고 한국인 테이블엔 고기 잔 부스레기 +비계 잔뜩 외국인들 대접해주는건 좋게 보이는데 기존 다니던 손님 음식은 개밥처럼 주고..정 떨어져서 가기 싫어짐 칼"
끓이다 재능,phrase,2,False,1,4.0,-3.0,"요즘 세상에 웨이팅 장부 없는 가게이고 차량 대로변에 다른가게 피해가게 줄 세워놓는 가게도 처음본다 가게 입구에 안내문 붙여놓지 손님끼리 기다리는법 서로 물어봄 사장이 외국인을 애정하시는지 식사 중 왔던 유럽인.일본인에게는 계란부친거 ""써뷔쓰으~~""하면서 되도 않는 영어 쓰시며 주시더라 식대지불한 음식이라도 제대로 주면 다른건 상관없는데 외국인들은 고기 상태 좋은쪽 곱게 썰어서 주고 한국인 테이블엔 고기 잔 부스레기 +비계 잔뜩 외국인들 대접해주는건 좋게 보이는데 기존 다니던 손님 음식은 개밥처럼 주고..정 떨어져서 가기 싫어짐 칼"
이렇게 맛없다,phrase,2,False,1,4.0,-3.0,"요즘 세상에 웨이팅 장부 없는 가게이고 차량 대로변에 다른가게 피해가게 줄 세워놓는 가게도 처음본다 가게 입구에 안내문 붙여놓지 손님끼리 기다리는법 서로 물어봄 사장이 외국인을 애정하시는지 식사 중 왔던 유럽인.일본인에게는 계란부친거 ""써뷔쓰으~~""하면서 되도 않는 영어 쓰시며 주시더라 식대지불한 음식이라도 제대로 주면 다른건 상관없는데 외국인들은 고기 상태 좋은쪽 곱게 썰어서 주고 한국인 테이블엔 고기 잔 부스레기 +비계 잔뜩 외국인들 대접해주는건 좋게 보이는데 기존 다니던 손님 음식은 개밥처럼 주고..정 떨어져서 가기 싫어짐 칼"
추가 주문,phrase,2,False,1,4.0,-3.0,"요즘 세상에 웨이팅 장부 없는 가게이고 차량 대로변에 다른가게 피해가게 줄 세워놓는 가게도 처음본다 가게 입구에 안내문 붙여놓지 손님끼리 기다리는법 서로 물어봄 사장이 외국인을 애정하시는지 식사 중 왔던 유럽인.일본인에게는 계란부친거 ""써뷔쓰으~~""하면서 되도 않는 영어 쓰시며 주시더라 식대지불한 음식이라도 제대로 주면 다른건 상관없는데 외국인들은 고기 상태 좋은쪽 곱게 썰어서 주고 한국인 테이블엔 고기 잔 부스레기 +비계 잔뜩 외국인들 대접해주는건 좋게 보이는데 기존 다니던 손님 음식은 개밥처럼 주고..정 떨어져서 가기 싫어짐 칼"
비계 잔뜩,phrase,2,False,1,4.0,-3.0,"요즘 세상에 웨이팅 장부 없는 가게이고 차량 대로변에 다른가게 피해가게 줄 세워놓는 가게도 처음본다 가게 입구에 안내문 붙여놓지 손님끼리 기다리는법 서로 물어봄 사장이 외국인을 애정하시는지 식사 중 왔던 유럽인.일본인에게는 계란부친거 ""써뷔쓰으~~""하면서 되도 않는 영어 쓰시며 주시더라 식대지불한 음식이라도 제대로 주면 다른건 상관없는데 외국인들은 고기 상태 좋은쪽 곱게 썰어서 주고 한국인 테이블엔 고기 잔 부스레기 +비계 잔뜩 외국인들 대접해주는건 좋게 보이는데 기존 다니던 손님 음식은 개밥처럼 주고..정 떨어져서 가기 싫어짐 칼"
바쁘다 다른,phrase,2,False,1,4.0,-3.0,"요즘 세상에 웨이팅 장부 없는 가게이고 차량 대로변에 다른가게 피해가게 줄 세워놓는 가게도 처음본다 가게 입구에 안내문 붙여놓지 손님끼리 기다리는법 서로 물어봄 사장이 외국인을 애정하시는지 식사 중 왔던 유럽인.일본인에게는 계란부친거 ""써뷔쓰으~~""하면서 되도 않는 영어 쓰시며 주시더라 식대지불한 음식이라도 제대로 주면 다른건 상관없는데 외국인들은 고기 상태 좋은쪽 곱게 썰어서 주고 한국인 테이블엔 고기 잔 부스레기 +비계 잔뜩 외국인들 대접해주는건 좋게 보이는데 기존 다니던 손님 음식은 개밥처럼 주고..정 떨어져서 가기 싫어짐 칼"
다니다 손님,phrase,2,False,1,4.0,-3.0,"요즘 세상에 웨이팅 장부 없는 가게이고 차량 대로변에 다른가게 피해가게 줄 세워놓는 가게도 처음본다 가게 입구에 안내문 붙여놓지 손님끼리 기다리는법 서로 물어봄 사장이 외국인을 애정하시는지 식사 중 왔던 유럽인.일본인에게는 계란부친거 ""써뷔쓰으~~""하면서 되도 않는 영어 쓰시며 주시더라 식대지불한 음식이라도 제대로 주면 다른건 상관없는데 외국인들은 고기 상태 좋은쪽 곱게 썰어서 주고 한국인 테이블엔 고기 잔 부스레기 +비계 잔뜩 외국인들 대접해주는건 좋게 보이는데 기존 다니던 손님 음식은 개밥처럼 주고..정 떨어져서 가기 싫어짐 칼"
주다 떨어지다,phrase,2,False,1,4.0,-3.0,"요즘 세상에 웨이팅 장부 없는 가게이고 차량 대로변에 다른가게 피해가게 줄 세워놓는 가게도 처음본다 가게 입구에 안내문 붙여놓지 손님끼리 기다리는법 서로 물어봄 사장이 외국인을 애정하시는지 식사 중 왔던 유럽인.일본인에게는 계란부친거 ""써뷔쓰으~~""하면서 되도 않는 영어 쓰시며 주시더라 식대지불한 음식이라도 제대로 주면 다른건 상관없는데 외국인들은 고기 상태 좋은쪽 곱게 썰어서 주고 한국인 테이블엔 고기 잔 부스레기 +비계 잔뜩 외국인들 대접해주는건 좋게 보이는데 기존 다니던 손님 음식은 개밥처럼 주고..정 떨어져서 가기 싫어짐 칼"
외국인 애정,phrase,2,False,1,4.0,-3.0,"요즘 세상에 웨이팅 장부 없는 가게이고 차량 대로변에 다른가게 피해가게 줄 세워놓는 가게도 처음본다 가게 입구에 안내문 붙여놓지 손님끼리 기다리는법 서로 물어봄 사장이 외국인을 애정하시는지 식사 중 왔던 유럽인.일본인에게는 계란부친거 ""써뷔쓰으~~""하면서 되도 않는 영어 쓰시며 주시더라 식대지불한 음식이라도 제대로 주면 다른건 상관없는데 외국인들은 고기 상태 좋은쪽 곱게 썰어서 주고 한국인 테이블엔 고기 잔 부스레기 +비계 잔뜩 외국인들 대접해주는건 좋게 보이는데 기존 다니던 손님 음식은 개밥처럼 주고..정 떨어져서 가기 싫어짐 칼"
잔뜩 외국,phrase,2,False,1,4.0,-3.0,"요즘 세상에 웨이팅 장부 없는 가게이고 차량 대로변에 다른가게 피해가게 줄 세워놓는 가게도 처음본다 가게 입구에 안내문 붙여놓지 손님끼리 기다리는법 서로 물어봄 사장이 외국인을 애정하시는지 식사 중 왔던 유럽인.일본인에게는 계란부친거 ""써뷔쓰으~~""하면서 되도 않는 영어 쓰시며 주시더라 식대지불한 음식이라도 제대로 주면 다른건 상관없는데 외국인들은 고기 상태 좋은쪽 곱게 썰어서 주고 한국인 테이블엔 고기 잔 부스레기 +비계 잔뜩 외국인들 대접해주는건 좋게 보이는데 기존 다니던 손님 음식은 개밥처럼 주고..정 떨어져서 가기 싫어짐 칼"
끼리 기다리다,phrase,2,False,1,4.0,-3.0,"요즘 세상에 웨이팅 장부 없는 가게이고 차량 대로변에 다른가게 피해가게 줄 세워놓는 가게도 처음본다 가게 입구에 안내문 붙여놓지 손님끼리 기다리는법 서로 물어봄 사장이 외국인을 애정하시는지 식사 중 왔던 유럽인.일본인에게는 계란부친거 ""써뷔쓰으~~""하면서 되도 않는 영어 쓰시며 주시더라 식대지불한 음식이라도 제대로 주면 다른건 상관없는데 외국인들은 고기 상태 좋은쪽 곱게 썰어서 주고 한국인 테이블엔 고기 잔 부스레기 +비계 잔뜩 외국인들 대접해주는건 좋게 보이는데 기존 다니던 손님 음식은 개밥처럼 주고..정 떨어져서 가기 싫어짐 칼"
가기 싫어지다,phrase,2,False,1,4.0,-3.0,"요즘 세상에 웨이팅 장부 없는 가게이고 차량 대로변에 다른가게 피해가게 줄 세워놓는 가게도 처음본다 가게 입구에 안내문 붙여놓지 손님끼리 기다리는법 서로 물어봄 사장이 외국인을 애정하시는지 식사 중 왔던 유럽인.일본인에게는 계란부친거 ""써뷔쓰으~~""하면서 되도 않는 영어 쓰시며 주시더라 식대지불한 음식이라도 제대로 주면 다른건 상관없는데 외국인들은 고기 상태 좋은쪽 곱게 썰어서 주고 한국인 테이블엔 고기 잔 부스레기 +비계 잔뜩 외국인들 대접해주는건 좋게 보이는데 기존 다니던 손님 음식은 개밥처럼 주고..정 떨어져서 가기 싫어짐 칼"
칼국수 국물,phrase,2,False,1,4.0,-3.0,"요즘 세상에 웨이팅 장부 없는 가게이고 차량 대로변에 다른가게 피해가게 줄 세워놓는 가게도 처음본다 가게 입구에 안내문 붙여놓지 손님끼리 기다리는법 서로 물어봄 사장이 외국인을 애정하시는지 식사 중 왔던 유럽인.일본인에게는 계란부친거 ""써뷔쓰으~~""하면서 되도 않는 영어 쓰시며 주시더라 식대지불한 음식이라도 제대로 주면 다른건 상관없는데 외국인들은 고기 상태 좋은쪽 곱게 썰어서 주고 한국인 테이블엔 고기 잔 부스레기 +비계 잔뜩 외국인들 대접해주는건 좋게 보이는데 기존 다니던 손님 음식은 개밥처럼 주고..정 떨어져서 가기 싫어짐 칼"
세상 웨이,phrase,2,False,1,4.0,-3.0,"요즘 세상에 웨이팅 장부 없는 가게이고 차량 대로변에 다른가게 피해가게 줄 세워놓는 가게도 처음본다 가게 입구에 안내문 붙여놓지 손님끼리 기다리는법 서로 물어봄 사장이 외국인을 애정하시는지 식사 중 왔던 유럽인.일본인에게는 계란부친거 ""써뷔쓰으~~""하면서 되도 않는 영어 쓰시며 주시더라 식대지불한 음식이라도 제대로 주면 다른건 상관없는데 외국인들은 고기 상태 좋은쪽 곱게 썰어서 주고 한국인 테이블엔 고기 잔 부스레기 +비계 잔뜩 외국인들 대접해주는건 좋게 보이는데 기존 다니던 손님 음식은 개밥처럼 주고..정 떨어져서 가기 싫어짐 칼"
요즘 세상,phrase,2,False,1,4.0,-3.0,"요즘 세상에 웨이팅 장부 없는 가게이고 차량 대로변에 다른가게 피해가게 줄 세워놓는 가게도 처음본다 가게 입구에 안내문 붙여놓지 손님끼리 기다리는법 서로 물어봄 사장이 외국인을 애정하시는지 식사 중 왔던 유럽인.일본인에게는 계란부친거 ""써뷔쓰으~~""하면서 되도 않는 영어 쓰시며 주시더라 식대지불한 음식이라도 제대로 주면 다른건 상관없는데 외국인들은 고기 상태 좋은쪽 곱게 썰어서 주고 한국인 테이블엔 고기 잔 부스레기 +비계 잔뜩 외국인들 대접해주는건 좋게 보이는데 기존 다니던 손님 음식은 개밥처럼 주고..정 떨어져서 가기 싫어짐 칼"
서로 물어보다,phrase,2,False,1,4.0,-3.0,"요즘 세상에 웨이팅 장부 없는 가게이고 차량 대로변에 다른가게 피해가게 줄 세워놓는 가게도 처음본다 가게 입구에 안내문 붙여놓지 손님끼리 기다리는법 서로 물어봄 사장이 외국인을 애정하시는지 식사 중 왔던 유럽인.일본인에게는 계란부친거 ""써뷔쓰으~~""하면서 되도 않는 영어 쓰시며 주시더라 식대지불한 음식이라도 제대로 주면 다른건 상관없는데 외국인들은 고기 상태 좋은쪽 곱게 썰어서 주고 한국인 테이블엔 고기 잔 부스레기 +비계 잔뜩 외국인들 대접해주는건 좋게 보이는데 기존 다니던 손님 음식은 개밥처럼 주고..정 떨어져서 가기 싫어짐 칼"
다르다 상관없다,phrase,2,False,1,4.0,-3.0,"요즘 세상에 웨이팅 장부 없는 가게이고 차량 대로변에 다른가게 피해가게 줄 세워놓는 가게도 처음본다 가게 입구에 안내문 붙여놓지 손님끼리 기다리는법 서로 물어봄 사장이 외국인을 애정하시는지 식사 중 왔던 유럽인.일본인에게는 계란부친거 ""써뷔쓰으~~""하면서 되도 않는 영어 쓰시며 주시더라 식대지불한 음식이라도 제대로 주면 다른건 상관없는데 외국인들은 고기 상태 좋은쪽 곱게 썰어서 주고 한국인 테이블엔 고기 잔 부스레기 +비계 잔뜩 외국인들 대접해주는건 좋게 보이는데 기존 다니던 손님 음식은 개밥처럼 주고..정 떨어져서 가기 싫어짐 칼"
음식 개밥,phrase,2,False,1,4.0,-3.0,"요즘 세상에 웨이팅 장부 없는 가게이고 차량 대로변에 다른가게 피해가게 줄 세워놓는 가게도 처음본다 가게 입구에 안내문 붙여놓지 손님끼리 기다리는법 서로 물어봄 사장이 외국인을 애정하시는지 식사 중 왔던 유럽인.일본인에게는 계란부친거 ""써뷔쓰으~~""하면서 되도 않는 영어 쓰시며 주시더라 식대지불한 음식이라도 제대로 주면 다른건 상관없는데 외국인들은 고기 상태 좋은쪽 곱게 썰어서 주고 한국인 테이블엔 고기 잔 부스레기 +비계 잔뜩 외국인들 대접해주는건 좋게 보이는데 기존 다니던 손님 음식은 개밥처럼 주고..정 떨어져서 가기 싫어짐 칼"
유럽인 일본인,phrase,2,False,1,4.0,-3.0,"요즘 세상에 웨이팅 장부 없는 가게이고 차량 대로변에 다른가게 피해가게 줄 세워놓는 가게도 처음본다 가게 입구에 안내문 붙여놓지 손님끼리 기다리는법 서로 물어봄 사장이 외국인을 애정하시는지 식사 중 왔던 유럽인.일본인에게는 계란부친거 ""써뷔쓰으~~""하면서 되도 않는 영어 쓰시며 주시더라 식대지불한 음식이라도 제대로 주면 다른건 상관없는데 외국인들은 고기 상태 좋은쪽 곱게 썰어서 주고 한국인 테이블엔 고기 잔 부스레기 +비계 잔뜩 외국인들 대접해주는건 좋게 보이는데 기존 다니던 손님 음식은 개밥처럼 주고..정 떨어져서 가기 싫어짐 칼"
국물 주다,phrase,2,False,1,4.0,-3.0,"요즘 세상에 웨이팅 장부 없는 가게이고 차량 대로변에 다른가게 피해가게 줄 세워놓는 가게도 처음본다 가게 입구에 안내문 붙여놓지 손님끼리 기다리는법 서로 물어봄 사장이 외국인을 애정하시는지 식사 중 왔던 유럽인.일본인에게는 계란부친거 ""써뷔쓰으~~""하면서 되도 않는 영어 쓰시며 주시더라 식대지불한 음식이라도 제대로 주면 다른건 상관없는데 외국인들은 고기 상태 좋은쪽 곱게 썰어서 주고 한국인 테이블엔 고기 잔 부스레기 +비계 잔뜩 외국인들 대접해주는건 좋게 보이는데 기존 다니던 손님 음식은 개밥처럼 주고..정 떨어져서 가기 싫어짐 칼"
차량 대로,phrase,2,False,1,4.0,-3.0,"요즘 세상에 웨이팅 장부 없는 가게이고 차량 대로변에 다른가게 피해가게 줄 세워놓는 가게도 처음본다 가게 입구에 안내문 붙여놓지 손님끼리 기다리는법 서로 물어봄 사장이 외국인을 애정하시는지 식사 중 왔던 유럽인.일본인에게는 계란부친거 ""써뷔쓰으~~""하면서 되도 않는 영어 쓰시며 주시더라 식대지불한 음식이라도 제대로 주면 다른건 상관없는데 외국인들은 고기 상태 좋은쪽 곱게 썰어서 주고 한국인 테이블엔 고기 잔 부스레기 +비계 잔뜩 외국인들 대접해주는건 좋게 보이는데 기존 다니던 손님 음식은 개밥처럼 주고..정 떨어져서 가기 싫어짐 칼"
보다 가게,phrase,2,False,1,4.0,-3.0,"요즘 세상에 웨이팅 장부 없는 가게이고 차량 대로변에 다른가게 피해가게 줄 세워놓는 가게도 처음본다 가게 입구에 안내문 붙여놓지 손님끼리 기다리는법 서로 물어봄 사장이 외국인을 애정하시는지 식사 중 왔던 유럽인.일본인에게는 계란부친거 ""써뷔쓰으~~""하면서 되도 않는 영어 쓰시며 주시더라 식대지불한 음식이라도 제대로 주면 다른건 상관없는데 외국인들은 고기 상태 좋은쪽 곱게 썰어서 주고 한국인 테이블엔 고기 잔 부스레기 +비계 잔뜩 외국인들 대접해주는건 좋게 보이는데 기존 다니던 손님 음식은 개밥처럼 주고..정 떨어져서 가기 싫어짐 칼"
입구 물다,phrase,2,False,1,4.0,-3.0,"요즘 세상에 웨이팅 장부 없는 가게이고 차량 대로변에 다른가게 피해가게 줄 세워놓는 가게도 처음본다 가게 입구에 안내문 붙여놓지 손님끼리 기다리는법 서로 물어봄 사장이 외국인을 애정하시는지 식사 중 왔던 유럽인.일본인에게는 계란부친거 ""써뷔쓰으~~""하면서 되도 않는 영어 쓰시며 주시더라 식대지불한 음식이라도 제대로 주면 다른건 상관없는데 외국인들은 고기 상태 좋은쪽 곱게 썰어서 주고 한국인 테이블엔 고기 잔 부스레기 +비계 잔뜩 외국인들 대접해주는건 좋게 보이는데 기존 다니던 손님 음식은 개밥처럼 주고..정 떨어져서 가기 싫어짐 칼"
다른 인력,phrase,2,False,1,4.0,-3.0,"요즘 세상에 웨이팅 장부 없는 가게이고 차량 대로변에 다른가게 피해가게 줄 세워놓는 가게도 처음본다 가게 입구에 안내문 붙여놓지 손님끼리 기다리는법 서로 물어봄 사장이 외국인을 애정하시는지 식사 중 왔던 유럽인.일본인에게는 계란부친거 ""써뷔쓰으~~""하면서 되도 않는 영어 쓰시며 주시더라 식대지불한 음식이라도 제대로 주면 다른건 상관없는데 외국인들은 고기 상태 좋은쪽 곱게 썰어서 주고 한국인 테이블엔 고기 잔 부스레기 +비계 잔뜩 외국인들 대접해주는건 좋게 보이는데 기존 다니던 손님 음식은 개밥처럼 주고..정 떨어져서 가기 싫어짐 칼"
피해 가게,phrase,2,False,1,4.0,-3.0,"요즘 세상에 웨이팅 장부 없는 가게이고 차량 대로변에 다른가게 피해가게 줄 세워놓는 가게도 처음본다 가게 입구에 안내문 붙여놓지 손님끼리 기다리는법 서로 물어봄 사장이 외국인을 애정하시는지 식사 중 왔던 유럽인.일본인에게는 계란부친거 ""써뷔쓰으~~""하면서 되도 않는 영어 쓰시며 주시더라 식대지불한 음식이라도 제대로 주면 다른건 상관없는데 외국인들은 고기 상태 좋은쪽 곱게 썰어서 주고 한국인 테이블엔 고기 잔 부스레기 +비계 잔뜩 외국인들 대접해주는건 좋게 보이는데 기존 다니던 손님 음식은 개밥처럼 주고..정 떨어져서 가기 싫어짐 칼"
써뷔쓰으 않다,phrase,2,False,1,4.0,-3.0,"요즘 세상에 웨이팅 장부 없는 가게이고 차량 대로변에 다른가게 피해가게 줄 세워놓는 가게도 처음본다 가게 입구에 안내문 붙여놓지 손님끼리 기다리는법 서로 물어봄 사장이 외국인을 애정하시는지 식사 중 왔던 유럽인.일본인에게는 계란부친거 ""써뷔쓰으~~""하면서 되도 않는 영어 쓰시며 주시더라 식대지불한 음식이라도 제대로 주면 다른건 상관없는데 외국인들은 고기 상태 좋은쪽 곱게 썰어서 주고 한국인 테이블엔 고기 잔 부스레기 +비계 잔뜩 외국인들 대접해주는건 좋게 보이는데 기존 다니던 손님 음식은 개밥처럼 주고..정 떨어져서 가기 싫어짐 칼"
손님 추가,phrase,2,False,1,4.0,-3.0,"요즘 세상에 웨이팅 장부 없는 가게이고 차량 대로변에 다른가게 피해가게 줄 세워놓는 가게도 처음본다 가게 입구에 안내문 붙여놓지 손님끼리 기다리는법 서로 물어봄 사장이 외국인을 애정하시는지 식사 중 왔던 유럽인.일본인에게는 계란부친거 ""써뷔쓰으~~""하면서 되도 않는 영어 쓰시며 주시더라 식대지불한 음식이라도 제대로 주면 다른건 상관없는데 외국인들은 고기 상태 좋은쪽 곱게 썰어서 주고 한국인 테이블엔 고기 잔 부스레기 +비계 잔뜩 외국인들 대접해주는건 좋게 보이는데 기존 다니던 손님 음식은 개밥처럼 주고..정 떨어져서 가기 싫어짐 칼"
인력 그게,phrase,2,False,1,4.0,-3.0,"요즘 세상에 웨이팅 장부 없는 가게이고 차량 대로변에 다른가게 피해가게 줄 세워놓는 가게도 처음본다 가게 입구에 안내문 붙여놓지 손님끼리 기다리는법 서로 물어봄 사장이 외국인을 애정하시는지 식사 중 왔던 유럽인.일본인에게는 계란부친거 ""써뷔쓰으~~""하면서 되도 않는 영어 쓰시며 주시더라 식대지불한 음식이라도 제대로 주면 다른건 상관없는데 외국인들은 고기 상태 좋은쪽 곱게 썰어서 주고 한국인 테이블엔 고기 잔 부스레기 +비계 잔뜩 외국인들 대접해주는건 좋게 보이는데 기존 다니던 손님 음식은 개밥처럼 주고..정 떨어져서 가기 싫어짐 칼"
제대로 주다,phrase,2,False,1,4.0,-3.0,"요즘 세상에 웨이팅 장부 없는 가게이고 차량 대로변에 다른가게 피해가게 줄 세워놓는 가게도 처음본다 가게 입구에 안내문 붙여놓지 손님끼리 기다리는법 서로 물어봄 사장이 외국인을 애정하시는지 식사 중 왔던 유럽인.일본인에게는 계란부친거 ""써뷔쓰으~~""하면서 되도 않는 영어 쓰시며 주시더라 식대지불한 음식이라도 제대로 주면 다른건 상관없는데 외국인들은 고기 상태 좋은쪽 곱게 썰어서 주고 한국인 테이블엔 고기 잔 부스레기 +비계 잔뜩 외국인들 대접해주는건 좋게 보이는데 기존 다니던 손님 음식은 개밥처럼 주고..정 떨어져서 가기 싫어짐 칼"
손님 끼리,phrase,2,False,1,4.0,-3.0,"요즘 세상에 웨이팅 장부 없는 가게이고 차량 대로변에 다른가게 피해가게 줄 세워놓는 가게도 처음본다 가게 입구에 안내문 붙여놓지 손님끼리 기다리는법 서로 물어봄 사장이 외국인을 애정하시는지 식사 중 왔던 유럽인.일본인에게는 계란부친거 ""써뷔쓰으~~""하면서 되도 않는 영어 쓰시며 주시더라 식대지불한 음식이라도 제대로 주면 다른건 상관없는데 외국인들은 고기 상태 좋은쪽 곱게 썰어서 주고 한국인 테이블엔 고기 잔 부스레기 +비계 잔뜩 외국인들 대접해주는건 좋게 보이는데 기존 다니던 손님 음식은 개밥처럼 주고..정 떨어져서 가기 싫어짐 칼"
애정 식사,phrase,2,False,1,4.0,-3.0,"요즘 세상에 웨이팅 장부 없는 가게이고 차량 대로변에 다른가게 피해가게 줄 세워놓는 가게도 처음본다 가게 입구에 안내문 붙여놓지 손님끼리 기다리는법 서로 물어봄 사장이 외국인을 애정하시는지 식사 중 왔던 유럽인.일본인에게는 계란부친거 ""써뷔쓰으~~""하면서 되도 않는 영어 쓰시며 주시더라 식대지불한 음식이라도 제대로 주면 다른건 상관없는데 외국인들은 고기 상태 좋은쪽 곱게 썰어서 주고 한국인 테이블엔 고기 잔 부스레기 +비계 잔뜩 외국인들 대접해주는건 좋게 보이는데 기존 다니던 손님 음식은 개밥처럼 주고..정 떨어져서 가기 싫어짐 칼"
상관없다 외국인,phrase,2,False,1,4.0,-3.0,"요즘 세상에 웨이팅 장부 없는 가게이고 차량 대로변에 다른가게 피해가게 줄 세워놓는 가게도 처음본다 가게 입구에 안내문 붙여놓지 손님끼리 기다리는법 서로 물어봄 사장이 외국인을 애정하시는지 식사 중 왔던 유럽인.일본인에게는 계란부친거 ""써뷔쓰으~~""하면서 되도 않는 영어 쓰시며 주시더라 식대지불한 음식이라도 제대로 주면 다른건 상관없는데 외국인들은 고기 상태 좋은쪽 곱게 썰어서 주고 한국인 테이블엔 고기 잔 부스레기 +비계 잔뜩 외국인들 대접해주는건 좋게 보이는데 기존 다니던 손님 음식은 개밥처럼 주고..정 떨어져서 가기 싫어짐 칼"
레기 비계,phrase,2,False,1,4.0,-3.0,"요즘 세상에 웨이팅 장부 없는 가게이고 차량 대로변에 다른가게 피해가게 줄 세워놓는 가게도 처음본다 가게 입구에 안내문 붙여놓지 손님끼리 기다리는법 서로 물어봄 사장이 외국인을 애정하시는지 식사 중 왔던 유럽인.일본인에게는 계란부친거 ""써뷔쓰으~~""하면서 되도 않는 영어 쓰시며 주시더라 식대지불한 음식이라도 제대로 주면 다른건 상관없는데 외국인들은 고기 상태 좋은쪽 곱게 썰어서 주고 한국인 테이블엔 고기 잔 부스레기 +비계 잔뜩 외국인들 대접해주는건 좋게 보이는데 기존 다니던 손님 음식은 개밥처럼 주고..정 떨어져서 가기 싫어짐 칼"
주다 다르다,phrase,2,False,1,4.0,-3.0,"요즘 세상에 웨이팅 장부 없는 가게이고 차량 대로변에 다른가게 피해가게 줄 세워놓는 가게도 처음본다 가게 입구에 안내문 붙여놓지 손님끼리 기다리는법 서로 물어봄 사장이 외국인을 애정하시는지 식사 중 왔던 유럽인.일본인에게는 계란부친거 ""써뷔쓰으~~""하면서 되도 않는 영어 쓰시며 주시더라 식대지불한 음식이라도 제대로 주면 다른건 상관없는데 외국인들은 고기 상태 좋은쪽 곱게 썰어서 주고 한국인 테이블엔 고기 잔 부스레기 +비계 잔뜩 외국인들 대접해주는건 좋게 보이는데 기존 다니던 손님 음식은 개밥처럼 주고..정 떨어져서 가기 싫어짐 칼"
세우다 가게,phrase,2,False,1,4.0,-3.0,"요즘 세상에 웨이팅 장부 없는 가게이고 차량 대로변에 다른가게 피해가게 줄 세워놓는 가게도 처음본다 가게 입구에 안내문 붙여놓지 손님끼리 기다리는법 서로 물어봄 사장이 외국인을 애정하시는지 식사 중 왔던 유럽인.일본인에게는 계란부친거 ""써뷔쓰으~~""하면서 되도 않는 영어 쓰시며 주시더라 식대지불한 음식이라도 제대로 주면 다른건 상관없는데 외국인들은 고기 상태 좋은쪽 곱게 썰어서 주고 한국인 테이블엔 고기 잔 부스레기 +비계 잔뜩 외국인들 대접해주는건 좋게 보이는데 기존 다니던 손님 음식은 개밥처럼 주고..정 떨어져서 가기 싫어짐 칼"
쓰시 주다,phrase,2,False,1,4.0,-3.0,"요즘 세상에 웨이팅 장부 없는 가게이고 차량 대로변에 다른가게 피해가게 줄 세워놓는 가게도 처음본다 가게 입구에 안내문 붙여놓지 손님끼리 기다리는법 서로 물어봄 사장이 외국인을 애정하시는지 식사 중 왔던 유럽인.일본인에게는 계란부친거 ""써뷔쓰으~~""하면서 되도 않는 영어 쓰시며 주시더라 식대지불한 음식이라도 제대로 주면 다른건 상관없는데 외국인들은 고기 상태 좋은쪽 곱게 썰어서 주고 한국인 테이블엔 고기 잔 부스레기 +비계 잔뜩 외국인들 대접해주는건 좋게 보이는데 기존 다니던 손님 음식은 개밥처럼 주고..정 떨어져서 가기 싫어짐 칼"
가게 입구,phrase,2,False,1,4.0,-3.0,"요즘 세상에 웨이팅 장부 없는 가게이고 차량 대로변에 다른가게 피해가게 줄 세워놓는 가게도 처음본다 가게 입구에 안내문 붙여놓지 손님끼리 기다리는법 서로 물어봄 사장이 외국인을 애정하시는지 식사 중 왔던 유럽인.일본인에게는 계란부친거 ""써뷔쓰으~~""하면서 되도 않는 영어 쓰시며 주시더라 식대지불한 음식이라도 제대로 주면 다른건 상관없는데 외국인들은 고기 상태 좋은쪽 곱게 썰어서 주고 한국인 테이블엔 고기 잔 부스레기 +비계 잔뜩 외국인들 대접해주는건 좋게 보이는데 기존 다니던 손님 음식은 개밥처럼 주고..정 떨어져서 가기 싫어짐 칼"
처음 보다,phrase,2,False,1,4.0,-3.0,"요즘 세상에 웨이팅 장부 없는 가게이고 차량 대로변에 다른가게 피해가게 줄 세워놓는 가게도 처음본다 가게 입구에 안내문 붙여놓지 손님끼리 기다리는법 서로 물어봄 사장이 외국인을 애정하시는지 식사 중 왔던 유럽인.일본인에게는 계란부친거 ""써뷔쓰으~~""하면서 되도 않는 영어 쓰시며 주시더라 식대지불한 음식이라도 제대로 주면 다른건 상관없는데 외국인들은 고기 상태 좋은쪽 곱게 썰어서 주고 한국인 테이블엔 고기 잔 부스레기 +비계 잔뜩 외국인들 대접해주는건 좋게 보이는데 기존 다니던 손님 음식은 개밥처럼 주고..정 떨어져서 가기 싫어짐 칼"
않다 영어,phrase,2,False,1,4.0,-3.0,"요즘 세상에 웨이팅 장부 없는 가게이고 차량 대로변에 다른가게 피해가게 줄 세워놓는 가게도 처음본다 가게 입구에 안내문 붙여놓지 손님끼리 기다리는법 서로 물어봄 사장이 외국인을 애정하시는지 식사 중 왔던 유럽인.일본인에게는 계란부친거 ""써뷔쓰으~~""하면서 되도 않는 영어 쓰시며 주시더라 식대지불한 음식이라도 제대로 주면 다른건 상관없는데 외국인들은 고기 상태 좋은쪽 곱게 썰어서 주고 한국인 테이블엔 고기 잔 부스레기 +비계 잔뜩 외국인들 대접해주는건 좋게 보이는데 기존 다니던 손님 음식은 개밥처럼 주고..정 떨어져서 가기 싫어짐 칼"
대로 가게,phrase,2,False,1,4.0,-3.0,"요즘 세상에 웨이팅 장부 없는 가게이고 차량 대로변에 다른가게 피해가게 줄 세워놓는 가게도 처음본다 가게 입구에 안내문 붙여놓지 손님끼리 기다리는법 서로 물어봄 사장이 외국인을 애정하시는지 식사 중 왔던 유럽인.일본인에게는 계란부친거 ""써뷔쓰으~~""하면서 되도 않는 영어 쓰시며 주시더라 식대지불한 음식이라도 제대로 주면 다른건 상관없는데 외국인들은 고기 상태 좋은쪽 곱게 썰어서 주고 한국인 테이블엔 고기 잔 부스레기 +비계 잔뜩 외국인들 대접해주는건 좋게 보이는데 기존 다니던 손님 음식은 개밥처럼 주고..정 떨어져서 가기 싫어짐 칼"
붙이다 손님,phrase,2,False,1,4.0,-3.0,"요즘 세상에 웨이팅 장부 없는 가게이고 차량 대로변에 다른가게 피해가게 줄 세워놓는 가게도 처음본다 가게 입구에 안내문 붙여놓지 손님끼리 기다리는법 서로 물어봄 사장이 외국인을 애정하시는지 식사 중 왔던 유럽인.일본인에게는 계란부친거 ""써뷔쓰으~~""하면서 되도 않는 영어 쓰시며 주시더라 식대지불한 음식이라도 제대로 주면 다른건 상관없는데 외국인들은 고기 상태 좋은쪽 곱게 썰어서 주고 한국인 테이블엔 고기 잔 부스레기 +비계 잔뜩 외국인들 대접해주는건 좋게 보이는데 기존 다니던 손님 음식은 개밥처럼 주고..정 떨어져서 가기 싫어짐 칼"
그게 들리다,phrase,2,False,1,4.0,-3.0,"요즘 세상에 웨이팅 장부 없는 가게이고 차량 대로변에 다른가게 피해가게 줄 세워놓는 가게도 처음본다 가게 입구에 안내문 붙여놓지 손님끼리 기다리는법 서로 물어봄 사장이 외국인을 애정하시는지 식사 중 왔던 유럽인.일본인에게는 계란부친거 ""써뷔쓰으~~""하면서 되도 않는 영어 쓰시며 주시더라 식대지불한 음식이라도 제대로 주면 다른건 상관없는데 외국인들은 고기 상태 좋은쪽 곱게 썰어서 주고 한국인 테이블엔 고기 잔 부스레기 +비계 잔뜩 외국인들 대접해주는건 좋게 보이는데 기존 다니던 손님 음식은 개밥처럼 주고..정 떨어져서 가기 싫어짐 칼"
주다 칼국수,phrase,2,False,1,4.0,-3.0,"요즘 세상에 웨이팅 장부 없는 가게이고 차량 대로변에 다른가게 피해가게 줄 세워놓는 가게도 처음본다 가게 입구에 안내문 붙여놓지 손님끼리 기다리는법 서로 물어봄 사장이 외국인을 애정하시는지 식사 중 왔던 유럽인.일본인에게는 계란부친거 ""써뷔쓰으~~""하면서 되도 않는 영어 쓰시며 주시더라 식대지불한 음식이라도 제대로 주면 다른건 상관없는데 외국인들은 고기 상태 좋은쪽 곱게 썰어서 주고 한국인 테이블엔 고기 잔 부스레기 +비계 잔뜩 외국인들 대접해주는건 좋게 보이는데 기존 다니던 손님 음식은 개밥처럼 주고..정 떨어져서 가기 싫어짐 칼"
눈치 보다,phrase,2,False,1,4.0,-3.0,"요즘 세상에 웨이팅 장부 없는 가게이고 차량 대로변에 다른가게 피해가게 줄 세워놓는 가게도 처음본다 가게 입구에 안내문 붙여놓지 손님끼리 기다리는법 서로 물어봄 사장이 외국인을 애정하시는지 식사 중 왔던 유럽인.일본인에게는 계란부친거 ""써뷔쓰으~~""하면서 되도 않는 영어 쓰시며 주시더라 식대지불한 음식이라도 제대로 주면 다른건 상관없는데 외국인들은 고기 상태 좋은쪽 곱게 썰어서 주고 한국인 테이블엔 고기 잔 부스레기 +비계 잔뜩 외국인들 대접해주는건 좋게 보이는데 기존 다니던 손님 음식은 개밥처럼 주고..정 떨어져서 가기 싫어짐 칼"
외치 그리다,phrase,2,False,1,4.0,-3.0,"요즘 세상에 웨이팅 장부 없는 가게이고 차량 대로변에 다른가게 피해가게 줄 세워놓는 가게도 처음본다 가게 입구에 안내문 붙여놓지 손님끼리 기다리는법 서로 물어봄 사장이 외국인을 애정하시는지 식사 중 왔던 유럽인.일본인에게는 계란부친거 ""써뷔쓰으~~""하면서 되도 않는 영어 쓰시며 주시더라 식대지불한 음식이라도 제대로 주면 다른건 상관없는데 외국인들은 고기 상태 좋은쪽 곱게 썰어서 주고 한국인 테이블엔 고기 잔 부스레기 +비계 잔뜩 외국인들 대접해주는건 좋게 보이는데 기존 다니던 손님 음식은 개밥처럼 주고..정 떨어져서 가기 싫어짐 칼"
그리다 바쁘다,phrase,2,False,1,4.0,-3.0,"요즘 세상에 웨이팅 장부 없는 가게이고 차량 대로변에 다른가게 피해가게 줄 세워놓는 가게도 처음본다 가게 입구에 안내문 붙여놓지 손님끼리 기다리는법 서로 물어봄 사장이 외국인을 애정하시는지 식사 중 왔던 유럽인.일본인에게는 계란부친거 ""써뷔쓰으~~""하면서 되도 않는 영어 쓰시며 주시더라 식대지불한 음식이라도 제대로 주면 다른건 상관없는데 외국인들은 고기 상태 좋은쪽 곱게 썰어서 주고 한국인 테이블엔 고기 잔 부스레기 +비계 잔뜩 외국인들 대접해주는건 좋게 보이는데 기존 다니던 손님 음식은 개밥처럼 주고..정 떨어져서 가기 싫어짐 칼"
절대,token,1,False,1,5.0,-2.5,확신의 맛집 무조건 반반보쌈으로 ㄱㄱ 단 시끄러운거 싫어하면 절대 평일 저녁엔 가지마세요 할저씨들 술시켜놓고 고성방가 심함..
저녁,token,1,False,1,5.0,-2.5,확신의 맛집 무조건 반반보쌈으로 ㄱㄱ 단 시끄러운거 싫어하면 절대 평일 저녁엔 가지마세요 할저씨들 술시켜놓고 고성방가 심함..
말다,token,1,False,1,5.0,-2.5,확신의 맛집 무조건 반반보쌈으로 ㄱㄱ 단 시끄러운거 싫어하면 절대 평일 저녁엔 가지마세요 할저씨들 술시켜놓고 고성방가 심함..
고성,token,1,False,1,5.0,-2.5,확신의 맛집 무조건 반반보쌈으로 ㄱㄱ 단 시끄러운거 싫어하면 절대 평일 저녁엔 가지마세요 할저씨들 술시켜놓고 고성방가 심함..
가지,token,1,False,1,5.0,-2.5,확신의 맛집 무조건 반반보쌈으로 ㄱㄱ 단 시끄러운거 싫어하면 절대 평일 저녁엔 가지마세요 할저씨들 술시켜놓고 고성방가 심함..
술시,token,1,False,1,5.0,-2.5,확신의 맛집 무조건 반반보쌈으로 ㄱㄱ 단 시끄러운거 싫어하면 절대 평일 저녁엔 가지마세요 할저씨들 술시켜놓고 고성방가 심함..
무조건,token,1,False,1,5.0,-2.5,확신의 맛집 무조건 반반보쌈으로 ㄱㄱ 단 시끄러운거 싫어하면 절대 평일 저녁엔 가지마세요 할저씨들 술시켜놓고 고성방가 심함..
방가,token,1,False,1,5.0,-2.5,확신의 맛집 무조건 반반보쌈으로 ㄱㄱ 단 시끄러운거 싫어하면 절대 평일 저녁엔 가지마세요 할저씨들 술시켜놓고 고성방가 심함..
확신,token,1,False,1,5.0,-2.5,확신의 맛집 무조건 반반보쌈으로 ㄱㄱ 단 시끄러운거 싫어하면 절대 평일 저녁엔 가지마세요 할저씨들 술시켜놓고 고성방가 심함..
켜다,token,1,False,1,5.0,-2.5,확신의 맛집 무조건 반반보쌈으로 ㄱㄱ 단 시끄러운거 싫어하면 절대 평일 저녁엔 가지마세요 할저씨들 술시켜놓고 고성방가 심함..
곱창,token,1,False,1,5.0,0.0,처음왔지만 처음이 아닌듯한 익숙한 느낌 쭌.. 쭌곱창!! 곱창 갈비를 주문했어요 홍대면 여기로~!
홍대,token,1,False,1,5.0,0.0,처음왔지만 처음이 아닌듯한 익숙한 느낌 쭌.. 쭌곱창!! 곱창 갈비를 주문했어요 홍대면 여기로~!
갈비,token,1,False,1,5.0,0.0,처음왔지만 처음이 아닌듯한 익숙한 느낌 쭌.. 쭌곱창!! 곱창 갈비를 주문했어요 홍대면 여기로~!
익숙하다,token,1,False,1,5.0,0.0,처음왔지만 처음이 아닌듯한 익숙한 느낌 쭌.. 쭌곱창!! 곱창 갈비를 주문했어요 홍대면 여기로~!
그렇게,token,1,False,1,5.0,-1.0,음 맛잇을때가 잇고 그저그럴때가 있는듯? 평소엔 걍 존맛 입에서 살살녹아요; 여기꺼 먹으면 딴데꺼 못먹어요..그렇게 되고 싶으면 먹으세요.. 글고 돼지털도 잇어요 혹시 예민한 사람이면 싫어할듯
혹시,token,1,False,1,5.0,-1.0,음 맛잇을때가 잇고 그저그럴때가 있는듯? 평소엔 걍 존맛 입에서 살살녹아요; 여기꺼 먹으면 딴데꺼 못먹어요..그렇게 되고 싶으면 먹으세요.. 글고 돼지털도 잇어요 혹시 예민한 사람이면 싫어할듯
털다,token,1,False,1,5.0,-1.0,음 맛잇을때가 잇고 그저그럴때가 있는듯? 평소엔 걍 존맛 입에서 살살녹아요; 여기꺼 먹으면 딴데꺼 못먹어요..그렇게 되고 싶으면 먹으세요.. 글고 돼지털도 잇어요 혹시 예민한 사람이면 싫어할듯
평소,token,1,False,1,5.0,-1.0,음 맛잇을때가 잇고 그저그럴때가 있는듯? 평소엔 걍 존맛 입에서 살살녹아요; 여기꺼 먹으면 딴데꺼 못먹어요..그렇게 되고 싶으면 먹으세요.. 글고 돼지털도 잇어요 혹시 예민한 사람이면 싫어할듯
따다,token,1,False,1,5.0,-1.0,음 맛잇을때가 잇고 그저그럴때가 있는듯? 평소엔 걍 존맛 입에서 살살녹아요; 여기꺼 먹으면 딴데꺼 못먹어요..그렇게 되고 싶으면 먹으세요.. 글고 돼지털도 잇어요 혹시 예민한 사람이면 싫어할듯
잇다,token,1,False,1,5.0,-1.0,음 맛잇을때가 잇고 그저그럴때가 있는듯? 평소엔 걍 존맛 입에서 살살녹아요; 여기꺼 먹으면 딴데꺼 못먹어요..그렇게 되고 싶으면 먹으세요.. 글고 돼지털도 잇어요 혹시 예민한 사람이면 싫어할듯
이면,token,1,False,1,5.0,-1.0,음 맛잇을때가 잇고 그저그럴때가 있는듯? 평소엔 걍 존맛 입에서 살살녹아요; 여기꺼 먹으면 딴데꺼 못먹어요..그렇게 되고 싶으면 먹으세요.. 글고 돼지털도 잇어요 혹시 예민한 사람이면 싫어할듯
그저,token,1,False,1,5.0,-1.0,음 맛잇을때가 잇고 그저그럴때가 있는듯? 평소엔 걍 존맛 입에서 살살녹아요; 여기꺼 먹으면 딴데꺼 못먹어요..그렇게 되고 싶으면 먹으세요.. 글고 돼지털도 잇어요 혹시 예민한 사람이면 싫어할듯
돼지,token,1,False,1,5.0,-1.0,음 맛잇을때가 잇고 그저그럴때가 있는듯? 평소엔 걍 존맛 입에서 살살녹아요; 여기꺼 먹으면 딴데꺼 못먹어요..그렇게 되고 싶으면 먹으세요.. 글고 돼지털도 잇어요 혹시 예민한 사람이면 싫어할듯
음식점,token,1,False,1,5.0,-4.0,"2025년 07월 31일 - 새벽 2:30 야~~~~ 그놈 솔직히 말씀드리면, 너무 시끄려워 이곳이 술을 함께 파는 음식점이라는 건 알고 있지만, 그래도 공공장소입니다. 다른 손님들도 함께 있는 공간인 만큼, 최소한의 예의는 지켜야 한다고 생각합니다. 제발 목소리를 낮춰 주세요. 당신의 사업 이야기를 듣고 싶어 하는 사람은 주변에 없습니다. 함께 술 마시는 사람들에게만 들릴 정도로 이야기해 주세요. 오늘 이 가게에 세 번째 방문인데, 소음이 너무 심해서 식사 도중에 속이 울렁거릴 정도였습니다. 이건 너무 무례한 행동입니다. 직원분들"
지나치다,token,1,False,1,5.0,-4.0,"2025년 07월 31일 - 새벽 2:30 야~~~~ 그놈 솔직히 말씀드리면, 너무 시끄려워 이곳이 술을 함께 파는 음식점이라는 건 알고 있지만, 그래도 공공장소입니다. 다른 손님들도 함께 있는 공간인 만큼, 최소한의 예의는 지켜야 한다고 생각합니다. 제발 목소리를 낮춰 주세요. 당신의 사업 이야기를 듣고 싶어 하는 사람은 주변에 없습니다. 함께 술 마시는 사람들에게만 들릴 정도로 이야기해 주세요. 오늘 이 가게에 세 번째 방문인데, 소음이 너무 심해서 식사 도중에 속이 울렁거릴 정도였습니다. 이건 너무 무례한 행동입니다. 직원분들"
마시다,token,1,False,1,5.0,-4.0,"2025년 07월 31일 - 새벽 2:30 야~~~~ 그놈 솔직히 말씀드리면, 너무 시끄려워 이곳이 술을 함께 파는 음식점이라는 건 알고 있지만, 그래도 공공장소입니다. 다른 손님들도 함께 있는 공간인 만큼, 최소한의 예의는 지켜야 한다고 생각합니다. 제발 목소리를 낮춰 주세요. 당신의 사업 이야기를 듣고 싶어 하는 사람은 주변에 없습니다. 함께 술 마시는 사람들에게만 들릴 정도로 이야기해 주세요. 오늘 이 가게에 세 번째 방문인데, 소음이 너무 심해서 식사 도중에 속이 울렁거릴 정도였습니다. 이건 너무 무례한 행동입니다. 직원분들"
다시,token,1,False,1,5.0,-4.0,"2025년 07월 31일 - 새벽 2:30 야~~~~ 그놈 솔직히 말씀드리면, 너무 시끄려워 이곳이 술을 함께 파는 음식점이라는 건 알고 있지만, 그래도 공공장소입니다. 다른 손님들도 함께 있는 공간인 만큼, 최소한의 예의는 지켜야 한다고 생각합니다. 제발 목소리를 낮춰 주세요. 당신의 사업 이야기를 듣고 싶어 하는 사람은 주변에 없습니다. 함께 술 마시는 사람들에게만 들릴 정도로 이야기해 주세요. 오늘 이 가게에 세 번째 방문인데, 소음이 너무 심해서 식사 도중에 속이 울렁거릴 정도였습니다. 이건 너무 무례한 행동입니다. 직원분들"
공간,token,1,False,1,5.0,-4.0,"2025년 07월 31일 - 새벽 2:30 야~~~~ 그놈 솔직히 말씀드리면, 너무 시끄려워 이곳이 술을 함께 파는 음식점이라는 건 알고 있지만, 그래도 공공장소입니다. 다른 손님들도 함께 있는 공간인 만큼, 최소한의 예의는 지켜야 한다고 생각합니다. 제발 목소리를 낮춰 주세요. 당신의 사업 이야기를 듣고 싶어 하는 사람은 주변에 없습니다. 함께 술 마시는 사람들에게만 들릴 정도로 이야기해 주세요. 오늘 이 가게에 세 번째 방문인데, 소음이 너무 심해서 식사 도중에 속이 울렁거릴 정도였습니다. 이건 너무 무례한 행동입니다. 직원분들"
부탁드리다,token,1,False,1,5.0,-4.0,"2025년 07월 31일 - 새벽 2:30 야~~~~ 그놈 솔직히 말씀드리면, 너무 시끄려워 이곳이 술을 함께 파는 음식점이라는 건 알고 있지만, 그래도 공공장소입니다. 다른 손님들도 함께 있는 공간인 만큼, 최소한의 예의는 지켜야 한다고 생각합니다. 제발 목소리를 낮춰 주세요. 당신의 사업 이야기를 듣고 싶어 하는 사람은 주변에 없습니다. 함께 술 마시는 사람들에게만 들릴 정도로 이야기해 주세요. 오늘 이 가게에 세 번째 방문인데, 소음이 너무 심해서 식사 도중에 속이 울렁거릴 정도였습니다. 이건 너무 무례한 행동입니다. 직원분들"
공공장소,token,1,False,1,5.0,-4.0,"2025년 07월 31일 - 새벽 2:30 야~~~~ 그놈 솔직히 말씀드리면, 너무 시끄려워 이곳이 술을 함께 파는 음식점이라는 건 알고 있지만, 그래도 공공장소입니다. 다른 손님들도 함께 있는 공간인 만큼, 최소한의 예의는 지켜야 한다고 생각합니다. 제발 목소리를 낮춰 주세요. 당신의 사업 이야기를 듣고 싶어 하는 사람은 주변에 없습니다. 함께 술 마시는 사람들에게만 들릴 정도로 이야기해 주세요. 오늘 이 가게에 세 번째 방문인데, 소음이 너무 심해서 식사 도중에 속이 울렁거릴 정도였습니다. 이건 너무 무례한 행동입니다. 직원분들"
어리다,token,1,False,1,5.0,-4.0,"2025년 07월 31일 - 새벽 2:30 야~~~~ 그놈 솔직히 말씀드리면, 너무 시끄려워 이곳이 술을 함께 파는 음식점이라는 건 알고 있지만, 그래도 공공장소입니다. 다른 손님들도 함께 있는 공간인 만큼, 최소한의 예의는 지켜야 한다고 생각합니다. 제발 목소리를 낮춰 주세요. 당신의 사업 이야기를 듣고 싶어 하는 사람은 주변에 없습니다. 함께 술 마시는 사람들에게만 들릴 정도로 이야기해 주세요. 오늘 이 가게에 세 번째 방문인데, 소음이 너무 심해서 식사 도중에 속이 울렁거릴 정도였습니다. 이건 너무 무례한 행동입니다. 직원분들"
최소한,token,1,False,1,5.0,-4.0,"2025년 07월 31일 - 새벽 2:30 야~~~~ 그놈 솔직히 말씀드리면, 너무 시끄려워 이곳이 술을 함께 파는 음식점이라는 건 알고 있지만, 그래도 공공장소입니다. 다른 손님들도 함께 있는 공간인 만큼, 최소한의 예의는 지켜야 한다고 생각합니다. 제발 목소리를 낮춰 주세요. 당신의 사업 이야기를 듣고 싶어 하는 사람은 주변에 없습니다. 함께 술 마시는 사람들에게만 들릴 정도로 이야기해 주세요. 오늘 이 가게에 세 번째 방문인데, 소음이 너무 심해서 식사 도중에 속이 울렁거릴 정도였습니다. 이건 너무 무례한 행동입니다. 직원분들"
함께,token,1,False,1,5.0,-4.0,"2025년 07월 31일 - 새벽 2:30 야~~~~ 그놈 솔직히 말씀드리면, 너무 시끄려워 이곳이 술을 함께 파는 음식점이라는 건 알고 있지만, 그래도 공공장소입니다. 다른 손님들도 함께 있는 공간인 만큼, 최소한의 예의는 지켜야 한다고 생각합니다. 제발 목소리를 낮춰 주세요. 당신의 사업 이야기를 듣고 싶어 하는 사람은 주변에 없습니다. 함께 술 마시는 사람들에게만 들릴 정도로 이야기해 주세요. 오늘 이 가게에 세 번째 방문인데, 소음이 너무 심해서 식사 도중에 속이 울렁거릴 정도였습니다. 이건 너무 무례한 행동입니다. 직원분들"
이야기,token,1,False,1,5.0,-4.0,"2025년 07월 31일 - 새벽 2:30 야~~~~ 그놈 솔직히 말씀드리면, 너무 시끄려워 이곳이 술을 함께 파는 음식점이라는 건 알고 있지만, 그래도 공공장소입니다. 다른 손님들도 함께 있는 공간인 만큼, 최소한의 예의는 지켜야 한다고 생각합니다. 제발 목소리를 낮춰 주세요. 당신의 사업 이야기를 듣고 싶어 하는 사람은 주변에 없습니다. 함께 술 마시는 사람들에게만 들릴 정도로 이야기해 주세요. 오늘 이 가게에 세 번째 방문인데, 소음이 너무 심해서 식사 도중에 속이 울렁거릴 정도였습니다. 이건 너무 무례한 행동입니다. 직원분들"
제발,token,1,False,1,5.0,-4.0,"2025년 07월 31일 - 새벽 2:30 야~~~~ 그놈 솔직히 말씀드리면, 너무 시끄려워 이곳이 술을 함께 파는 음식점이라는 건 알고 있지만, 그래도 공공장소입니다. 다른 손님들도 함께 있는 공간인 만큼, 최소한의 예의는 지켜야 한다고 생각합니다. 제발 목소리를 낮춰 주세요. 당신의 사업 이야기를 듣고 싶어 하는 사람은 주변에 없습니다. 함께 술 마시는 사람들에게만 들릴 정도로 이야기해 주세요. 오늘 이 가게에 세 번째 방문인데, 소음이 너무 심해서 식사 도중에 속이 울렁거릴 정도였습니다. 이건 너무 무례한 행동입니다. 직원분들"
시기,token,1,False,1,5.0,-4.0,"2025년 07월 31일 - 새벽 2:30 야~~~~ 그놈 솔직히 말씀드리면, 너무 시끄려워 이곳이 술을 함께 파는 음식점이라는 건 알고 있지만, 그래도 공공장소입니다. 다른 손님들도 함께 있는 공간인 만큼, 최소한의 예의는 지켜야 한다고 생각합니다. 제발 목소리를 낮춰 주세요. 당신의 사업 이야기를 듣고 싶어 하는 사람은 주변에 없습니다. 함께 술 마시는 사람들에게만 들릴 정도로 이야기해 주세요. 오늘 이 가게에 세 번째 방문인데, 소음이 너무 심해서 식사 도중에 속이 울렁거릴 정도였습니다. 이건 너무 무례한 행동입니다. 직원분들"
줄다,token,1,False,1,5.0,-4.0,"2025년 07월 31일 - 새벽 2:30 야~~~~ 그놈 솔직히 말씀드리면, 너무 시끄려워 이곳이 술을 함께 파는 음식점이라는 건 알고 있지만, 그래도 공공장소입니다. 다른 손님들도 함께 있는 공간인 만큼, 최소한의 예의는 지켜야 한다고 생각합니다. 제발 목소리를 낮춰 주세요. 당신의 사업 이야기를 듣고 싶어 하는 사람은 주변에 없습니다. 함께 술 마시는 사람들에게만 들릴 정도로 이야기해 주세요. 오늘 이 가게에 세 번째 방문인데, 소음이 너무 심해서 식사 도중에 속이 울렁거릴 정도였습니다. 이건 너무 무례한 행동입니다. 직원분들"
듣다,token,1,False,1,5.0,-4.0,"2025년 07월 31일 - 새벽 2:30 야~~~~ 그놈 솔직히 말씀드리면, 너무 시끄려워 이곳이 술을 함께 파는 음식점이라는 건 알고 있지만, 그래도 공공장소입니다. 다른 손님들도 함께 있는 공간인 만큼, 최소한의 예의는 지켜야 한다고 생각합니다. 제발 목소리를 낮춰 주세요. 당신의 사업 이야기를 듣고 싶어 하는 사람은 주변에 없습니다. 함께 술 마시는 사람들에게만 들릴 정도로 이야기해 주세요. 오늘 이 가게에 세 번째 방문인데, 소음이 너무 심해서 식사 도중에 속이 울렁거릴 정도였습니다. 이건 너무 무례한 행동입니다. 직원분들"
낮추다,token,1,False,1,5.0,-4.0,"2025년 07월 31일 - 새벽 2:30 야~~~~ 그놈 솔직히 말씀드리면, 너무 시끄려워 이곳이 술을 함께 파는 음식점이라는 건 알고 있지만, 그래도 공공장소입니다. 다른 손님들도 함께 있는 공간인 만큼, 최소한의 예의는 지켜야 한다고 생각합니다. 제발 목소리를 낮춰 주세요. 당신의 사업 이야기를 듣고 싶어 하는 사람은 주변에 없습니다. 함께 술 마시는 사람들에게만 들릴 정도로 이야기해 주세요. 오늘 이 가게에 세 번째 방문인데, 소음이 너무 심해서 식사 도중에 속이 울렁거릴 정도였습니다. 이건 너무 무례한 행동입니다. 직원분들"
소음,token,1,False,1,5.0,-4.0,"2025년 07월 31일 - 새벽 2:30 야~~~~ 그놈 솔직히 말씀드리면, 너무 시끄려워 이곳이 술을 함께 파는 음식점이라는 건 알고 있지만, 그래도 공공장소입니다. 다른 손님들도 함께 있는 공간인 만큼, 최소한의 예의는 지켜야 한다고 생각합니다. 제발 목소리를 낮춰 주세요. 당신의 사업 이야기를 듣고 싶어 하는 사람은 주변에 없습니다. 함께 술 마시는 사람들에게만 들릴 정도로 이야기해 주세요. 오늘 이 가게에 세 번째 방문인데, 소음이 너무 심해서 식사 도중에 속이 울렁거릴 정도였습니다. 이건 너무 무례한 행동입니다. 직원분들"
주변,token,1,False,1,5.0,-4.0,"2025년 07월 31일 - 새벽 2:30 야~~~~ 그놈 솔직히 말씀드리면, 너무 시끄려워 이곳이 술을 함께 파는 음식점이라는 건 알고 있지만, 그래도 공공장소입니다. 다른 손님들도 함께 있는 공간인 만큼, 최소한의 예의는 지켜야 한다고 생각합니다. 제발 목소리를 낮춰 주세요. 당신의 사업 이야기를 듣고 싶어 하는 사람은 주변에 없습니다. 함께 술 마시는 사람들에게만 들릴 정도로 이야기해 주세요. 오늘 이 가게에 세 번째 방문인데, 소음이 너무 심해서 식사 도중에 속이 울렁거릴 정도였습니다. 이건 너무 무례한 행동입니다. 직원분들"
목소리,token,1,False,1,5.0,-4.0,"2025년 07월 31일 - 새벽 2:30 야~~~~ 그놈 솔직히 말씀드리면, 너무 시끄려워 이곳이 술을 함께 파는 음식점이라는 건 알고 있지만, 그래도 공공장소입니다. 다른 손님들도 함께 있는 공간인 만큼, 최소한의 예의는 지켜야 한다고 생각합니다. 제발 목소리를 낮춰 주세요. 당신의 사업 이야기를 듣고 싶어 하는 사람은 주변에 없습니다. 함께 술 마시는 사람들에게만 들릴 정도로 이야기해 주세요. 오늘 이 가게에 세 번째 방문인데, 소음이 너무 심해서 식사 도중에 속이 울렁거릴 정도였습니다. 이건 너무 무례한 행동입니다. 직원분들"
만큼,token,1,False,1,5.0,-4.0,"2025년 07월 31일 - 새벽 2:30 야~~~~ 그놈 솔직히 말씀드리면, 너무 시끄려워 이곳이 술을 함께 파는 음식점이라는 건 알고 있지만, 그래도 공공장소입니다. 다른 손님들도 함께 있는 공간인 만큼, 최소한의 예의는 지켜야 한다고 생각합니다. 제발 목소리를 낮춰 주세요. 당신의 사업 이야기를 듣고 싶어 하는 사람은 주변에 없습니다. 함께 술 마시는 사람들에게만 들릴 정도로 이야기해 주세요. 오늘 이 가게에 세 번째 방문인데, 소음이 너무 심해서 식사 도중에 속이 울렁거릴 정도였습니다. 이건 너무 무례한 행동입니다. 직원분들"
새벽,token,1,False,1,5.0,-4.0,"2025년 07월 31일 - 새벽 2:30 야~~~~ 그놈 솔직히 말씀드리면, 너무 시끄려워 이곳이 술을 함께 파는 음식점이라는 건 알고 있지만, 그래도 공공장소입니다. 다른 손님들도 함께 있는 공간인 만큼, 최소한의 예의는 지켜야 한다고 생각합니다. 제발 목소리를 낮춰 주세요. 당신의 사업 이야기를 듣고 싶어 하는 사람은 주변에 없습니다. 함께 술 마시는 사람들에게만 들릴 정도로 이야기해 주세요. 오늘 이 가게에 세 번째 방문인데, 소음이 너무 심해서 식사 도중에 속이 울렁거릴 정도였습니다. 이건 너무 무례한 행동입니다. 직원분들"
그래도,token,1,False,1,5.0,-4.0,"2025년 07월 31일 - 새벽 2:30 야~~~~ 그놈 솔직히 말씀드리면, 너무 시끄려워 이곳이 술을 함께 파는 음식점이라는 건 알고 있지만, 그래도 공공장소입니다. 다른 손님들도 함께 있는 공간인 만큼, 최소한의 예의는 지켜야 한다고 생각합니다. 제발 목소리를 낮춰 주세요. 당신의 사업 이야기를 듣고 싶어 하는 사람은 주변에 없습니다. 함께 술 마시는 사람들에게만 들릴 정도로 이야기해 주세요. 오늘 이 가게에 세 번째 방문인데, 소음이 너무 심해서 식사 도중에 속이 울렁거릴 정도였습니다. 이건 너무 무례한 행동입니다. 직원분들"
당신,token,1,False,1,5.0,-4.0,"2025년 07월 31일 - 새벽 2:30 야~~~~ 그놈 솔직히 말씀드리면, 너무 시끄려워 이곳이 술을 함께 파는 음식점이라는 건 알고 있지만, 그래도 공공장소입니다. 다른 손님들도 함께 있는 공간인 만큼, 최소한의 예의는 지켜야 한다고 생각합니다. 제발 목소리를 낮춰 주세요. 당신의 사업 이야기를 듣고 싶어 하는 사람은 주변에 없습니다. 함께 술 마시는 사람들에게만 들릴 정도로 이야기해 주세요. 오늘 이 가게에 세 번째 방문인데, 소음이 너무 심해서 식사 도중에 속이 울렁거릴 정도였습니다. 이건 너무 무례한 행동입니다. 직원분들"
행동,token,1,False,1,5.0,-4.0,"2025년 07월 31일 - 새벽 2:30 야~~~~ 그놈 솔직히 말씀드리면, 너무 시끄려워 이곳이 술을 함께 파는 음식점이라는 건 알고 있지만, 그래도 공공장소입니다. 다른 손님들도 함께 있는 공간인 만큼, 최소한의 예의는 지켜야 한다고 생각합니다. 제발 목소리를 낮춰 주세요. 당신의 사업 이야기를 듣고 싶어 하는 사람은 주변에 없습니다. 함께 술 마시는 사람들에게만 들릴 정도로 이야기해 주세요. 오늘 이 가게에 세 번째 방문인데, 소음이 너무 심해서 식사 도중에 속이 울렁거릴 정도였습니다. 이건 너무 무례한 행동입니다. 직원분들"
부분,token,1,False,1,5.0,-4.0,"2025년 07월 31일 - 새벽 2:30 야~~~~ 그놈 솔직히 말씀드리면, 너무 시끄려워 이곳이 술을 함께 파는 음식점이라는 건 알고 있지만, 그래도 공공장소입니다. 다른 손님들도 함께 있는 공간인 만큼, 최소한의 예의는 지켜야 한다고 생각합니다. 제발 목소리를 낮춰 주세요. 당신의 사업 이야기를 듣고 싶어 하는 사람은 주변에 없습니다. 함께 술 마시는 사람들에게만 들릴 정도로 이야기해 주세요. 오늘 이 가게에 세 번째 방문인데, 소음이 너무 심해서 식사 도중에 속이 울렁거릴 정도였습니다. 이건 너무 무례한 행동입니다. 직원분들"
팔다,token,1,False,1,5.0,-4.0,"2025년 07월 31일 - 새벽 2:30 야~~~~ 그놈 솔직히 말씀드리면, 너무 시끄려워 이곳이 술을 함께 파는 음식점이라는 건 알고 있지만, 그래도 공공장소입니다. 다른 손님들도 함께 있는 공간인 만큼, 최소한의 예의는 지켜야 한다고 생각합니다. 제발 목소리를 낮춰 주세요. 당신의 사업 이야기를 듣고 싶어 하는 사람은 주변에 없습니다. 함께 술 마시는 사람들에게만 들릴 정도로 이야기해 주세요. 오늘 이 가게에 세 번째 방문인데, 소음이 너무 심해서 식사 도중에 속이 울렁거릴 정도였습니다. 이건 너무 무례한 행동입니다. 직원분들"
끄다,token,1,False,1,5.0,-4.0,"2025년 07월 31일 - 새벽 2:30 야~~~~ 그놈 솔직히 말씀드리면, 너무 시끄려워 이곳이 술을 함께 파는 음식점이라는 건 알고 있지만, 그래도 공공장소입니다. 다른 손님들도 함께 있는 공간인 만큼, 최소한의 예의는 지켜야 한다고 생각합니다. 제발 목소리를 낮춰 주세요. 당신의 사업 이야기를 듣고 싶어 하는 사람은 주변에 없습니다. 함께 술 마시는 사람들에게만 들릴 정도로 이야기해 주세요. 오늘 이 가게에 세 번째 방문인데, 소음이 너무 심해서 식사 도중에 속이 울렁거릴 정도였습니다. 이건 너무 무례한 행동입니다. 직원분들"
주의,token,1,False,1,5.0,-4.0,"2025년 07월 31일 - 새벽 2:30 야~~~~ 그놈 솔직히 말씀드리면, 너무 시끄려워 이곳이 술을 함께 파는 음식점이라는 건 알고 있지만, 그래도 공공장소입니다. 다른 손님들도 함께 있는 공간인 만큼, 최소한의 예의는 지켜야 한다고 생각합니다. 제발 목소리를 낮춰 주세요. 당신의 사업 이야기를 듣고 싶어 하는 사람은 주변에 없습니다. 함께 술 마시는 사람들에게만 들릴 정도로 이야기해 주세요. 오늘 이 가게에 세 번째 방문인데, 소음이 너무 심해서 식사 도중에 속이 울렁거릴 정도였습니다. 이건 너무 무례한 행동입니다. 직원분들"
바라다,token,1,False,1,5.0,-4.0,"2025년 07월 31일 - 새벽 2:30 야~~~~ 그놈 솔직히 말씀드리면, 너무 시끄려워 이곳이 술을 함께 파는 음식점이라는 건 알고 있지만, 그래도 공공장소입니다. 다른 손님들도 함께 있는 공간인 만큼, 최소한의 예의는 지켜야 한다고 생각합니다. 제발 목소리를 낮춰 주세요. 당신의 사업 이야기를 듣고 싶어 하는 사람은 주변에 없습니다. 함께 술 마시는 사람들에게만 들릴 정도로 이야기해 주세요. 오늘 이 가게에 세 번째 방문인데, 소음이 너무 심해서 식사 도중에 속이 울렁거릴 정도였습니다. 이건 너무 무례한 행동입니다. 직원분들"
예의,token,1,False,1,5.0,-4.0,"2025년 07월 31일 - 새벽 2:30 야~~~~ 그놈 솔직히 말씀드리면, 너무 시끄려워 이곳이 술을 함께 파는 음식점이라는 건 알고 있지만, 그래도 공공장소입니다. 다른 손님들도 함께 있는 공간인 만큼, 최소한의 예의는 지켜야 한다고 생각합니다. 제발 목소리를 낮춰 주세요. 당신의 사업 이야기를 듣고 싶어 하는 사람은 주변에 없습니다. 함께 술 마시는 사람들에게만 들릴 정도로 이야기해 주세요. 오늘 이 가게에 세 번째 방문인데, 소음이 너무 심해서 식사 도중에 속이 울렁거릴 정도였습니다. 이건 너무 무례한 행동입니다. 직원분들"
도중,token,1,False,1,5.0,-4.0,"2025년 07월 31일 - 새벽 2:30 야~~~~ 그놈 솔직히 말씀드리면, 너무 시끄려워 이곳이 술을 함께 파는 음식점이라는 건 알고 있지만, 그래도 공공장소입니다. 다른 손님들도 함께 있는 공간인 만큼, 최소한의 예의는 지켜야 한다고 생각합니다. 제발 목소리를 낮춰 주세요. 당신의 사업 이야기를 듣고 싶어 하는 사람은 주변에 없습니다. 함께 술 마시는 사람들에게만 들릴 정도로 이야기해 주세요. 오늘 이 가게에 세 번째 방문인데, 소음이 너무 심해서 식사 도중에 속이 울렁거릴 정도였습니다. 이건 너무 무례한 행동입니다. 직원분들"
울렁거리다,token,1,False,1,5.0,-4.0,"2025년 07월 31일 - 새벽 2:30 야~~~~ 그놈 솔직히 말씀드리면, 너무 시끄려워 이곳이 술을 함께 파는 음식점이라는 건 알고 있지만, 그래도 공공장소입니다. 다른 손님들도 함께 있는 공간인 만큼, 최소한의 예의는 지켜야 한다고 생각합니다. 제발 목소리를 낮춰 주세요. 당신의 사업 이야기를 듣고 싶어 하는 사람은 주변에 없습니다. 함께 술 마시는 사람들에게만 들릴 정도로 이야기해 주세요. 오늘 이 가게에 세 번째 방문인데, 소음이 너무 심해서 식사 도중에 속이 울렁거릴 정도였습니다. 이건 너무 무례한 행동입니다. 직원분들"
사업,token,1,False,1,5.0,-4.0,"2025년 07월 31일 - 새벽 2:30 야~~~~ 그놈 솔직히 말씀드리면, 너무 시끄려워 이곳이 술을 함께 파는 음식점이라는 건 알고 있지만, 그래도 공공장소입니다. 다른 손님들도 함께 있는 공간인 만큼, 최소한의 예의는 지켜야 한다고 생각합니다. 제발 목소리를 낮춰 주세요. 당신의 사업 이야기를 듣고 싶어 하는 사람은 주변에 없습니다. 함께 술 마시는 사람들에게만 들릴 정도로 이야기해 주세요. 오늘 이 가게에 세 번째 방문인데, 소음이 너무 심해서 식사 도중에 속이 울렁거릴 정도였습니다. 이건 너무 무례한 행동입니다. 직원분들"
이렇다,token,1,False,1,5.0,-4.0,"2025년 07월 31일 - 새벽 2:30 야~~~~ 그놈 솔직히 말씀드리면, 너무 시끄려워 이곳이 술을 함께 파는 음식점이라는 건 알고 있지만, 그래도 공공장소입니다. 다른 손님들도 함께 있는 공간인 만큼, 최소한의 예의는 지켜야 한다고 생각합니다. 제발 목소리를 낮춰 주세요. 당신의 사업 이야기를 듣고 싶어 하는 사람은 주변에 없습니다. 함께 술 마시는 사람들에게만 들릴 정도로 이야기해 주세요. 오늘 이 가게에 세 번째 방문인데, 소음이 너무 심해서 식사 도중에 속이 울렁거릴 정도였습니다. 이건 너무 무례한 행동입니다. 직원분들"
지키다,token,1,False,1,5.0,-4.0,"2025년 07월 31일 - 새벽 2:30 야~~~~ 그놈 솔직히 말씀드리면, 너무 시끄려워 이곳이 술을 함께 파는 음식점이라는 건 알고 있지만, 그래도 공공장소입니다. 다른 손님들도 함께 있는 공간인 만큼, 최소한의 예의는 지켜야 한다고 생각합니다. 제발 목소리를 낮춰 주세요. 당신의 사업 이야기를 듣고 싶어 하는 사람은 주변에 없습니다. 함께 술 마시는 사람들에게만 들릴 정도로 이야기해 주세요. 오늘 이 가게에 세 번째 방문인데, 소음이 너무 심해서 식사 도중에 속이 울렁거릴 정도였습니다. 이건 너무 무례한 행동입니다. 직원분들"
경우,token,1,False,1,5.0,-4.0,"2025년 07월 31일 - 새벽 2:30 야~~~~ 그놈 솔직히 말씀드리면, 너무 시끄려워 이곳이 술을 함께 파는 음식점이라는 건 알고 있지만, 그래도 공공장소입니다. 다른 손님들도 함께 있는 공간인 만큼, 최소한의 예의는 지켜야 한다고 생각합니다. 제발 목소리를 낮춰 주세요. 당신의 사업 이야기를 듣고 싶어 하는 사람은 주변에 없습니다. 함께 술 마시는 사람들에게만 들릴 정도로 이야기해 주세요. 오늘 이 가게에 세 번째 방문인데, 소음이 너무 심해서 식사 도중에 속이 울렁거릴 정도였습니다. 이건 너무 무례한 행동입니다. 직원분들"
관리,token,1,False,1,5.0,-4.0,"2025년 07월 31일 - 새벽 2:30 야~~~~ 그놈 솔직히 말씀드리면, 너무 시끄려워 이곳이 술을 함께 파는 음식점이라는 건 알고 있지만, 그래도 공공장소입니다. 다른 손님들도 함께 있는 공간인 만큼, 최소한의 예의는 지켜야 한다고 생각합니다. 제발 목소리를 낮춰 주세요. 당신의 사업 이야기를 듣고 싶어 하는 사람은 주변에 없습니다. 함께 술 마시는 사람들에게만 들릴 정도로 이야기해 주세요. 오늘 이 가게에 세 번째 방문인데, 소음이 너무 심해서 식사 도중에 속이 울렁거릴 정도였습니다. 이건 너무 무례한 행동입니다. 직원분들"
쌓다,token,1,False,1,5.0,1.5,"지나다니면서 보니 웨이팅까지 하면서?... 오늘 처음 오픈런을 해봤.... 칼국수용 김치와 숙육용 김치가 다른데 둘다 좋았다. 오랜시간동안 자연스레 쌓아온 김치내공~ 요즘 또 배추가 제일 맛있을때라 그런지 적지도 과히지도 않은 맵기에 짠기가 생배추와 맞물려 조합이 좋았다. 생배추를 내놓는 집은 무.김치에 자신이 있다는 뜻으로도 해석할 수 있겠다.... 외국인들도 찾는곳이라 그런걸 수 있겠지만 식사중 밑바닥에 깔린 머리카락의 출현에 사장님이 군말없이 수육을 새 음식으로 내어주시면서 ""죄송합니다 ""라고 하시는데~ 웨이팅도 길고 또 그안"
해봤다,token,1,False,1,5.0,1.5,"지나다니면서 보니 웨이팅까지 하면서?... 오늘 처음 오픈런을 해봤.... 칼국수용 김치와 숙육용 김치가 다른데 둘다 좋았다. 오랜시간동안 자연스레 쌓아온 김치내공~ 요즘 또 배추가 제일 맛있을때라 그런지 적지도 과히지도 않은 맵기에 짠기가 생배추와 맞물려 조합이 좋았다. 생배추를 내놓는 집은 무.김치에 자신이 있다는 뜻으로도 해석할 수 있겠다.... 외국인들도 찾는곳이라 그런걸 수 있겠지만 식사중 밑바닥에 깔린 머리카락의 출현에 사장님이 군말없이 수육을 새 음식으로 내어주시면서 ""죄송합니다 ""라고 하시는데~ 웨이팅도 길고 또 그안"
오픈런,token,1,False,1,5.0,1.5,"지나다니면서 보니 웨이팅까지 하면서?... 오늘 처음 오픈런을 해봤.... 칼국수용 김치와 숙육용 김치가 다른데 둘다 좋았다. 오랜시간동안 자연스레 쌓아온 김치내공~ 요즘 또 배추가 제일 맛있을때라 그런지 적지도 과히지도 않은 맵기에 짠기가 생배추와 맞물려 조합이 좋았다. 생배추를 내놓는 집은 무.김치에 자신이 있다는 뜻으로도 해석할 수 있겠다.... 외국인들도 찾는곳이라 그런걸 수 있겠지만 식사중 밑바닥에 깔린 머리카락의 출현에 사장님이 군말없이 수육을 새 음식으로 내어주시면서 ""죄송합니다 ""라고 하시는데~ 웨이팅도 길고 또 그안"
관계자,token,1,False,1,5.0,1.5,"지나다니면서 보니 웨이팅까지 하면서?... 오늘 처음 오픈런을 해봤.... 칼국수용 김치와 숙육용 김치가 다른데 둘다 좋았다. 오랜시간동안 자연스레 쌓아온 김치내공~ 요즘 또 배추가 제일 맛있을때라 그런지 적지도 과히지도 않은 맵기에 짠기가 생배추와 맞물려 조합이 좋았다. 생배추를 내놓는 집은 무.김치에 자신이 있다는 뜻으로도 해석할 수 있겠다.... 외국인들도 찾는곳이라 그런걸 수 있겠지만 식사중 밑바닥에 깔린 머리카락의 출현에 사장님이 군말없이 수육을 새 음식으로 내어주시면서 ""죄송합니다 ""라고 하시는데~ 웨이팅도 길고 또 그안"
동안,token,1,False,1,5.0,1.5,"지나다니면서 보니 웨이팅까지 하면서?... 오늘 처음 오픈런을 해봤.... 칼국수용 김치와 숙육용 김치가 다른데 둘다 좋았다. 오랜시간동안 자연스레 쌓아온 김치내공~ 요즘 또 배추가 제일 맛있을때라 그런지 적지도 과히지도 않은 맵기에 짠기가 생배추와 맞물려 조합이 좋았다. 생배추를 내놓는 집은 무.김치에 자신이 있다는 뜻으로도 해석할 수 있겠다.... 외국인들도 찾는곳이라 그런걸 수 있겠지만 식사중 밑바닥에 깔린 머리카락의 출현에 사장님이 군말없이 수육을 새 음식으로 내어주시면서 ""죄송합니다 ""라고 하시는데~ 웨이팅도 길고 또 그안"
느끼다,token,1,False,1,5.0,1.5,"지나다니면서 보니 웨이팅까지 하면서?... 오늘 처음 오픈런을 해봤.... 칼국수용 김치와 숙육용 김치가 다른데 둘다 좋았다. 오랜시간동안 자연스레 쌓아온 김치내공~ 요즘 또 배추가 제일 맛있을때라 그런지 적지도 과히지도 않은 맵기에 짠기가 생배추와 맞물려 조합이 좋았다. 생배추를 내놓는 집은 무.김치에 자신이 있다는 뜻으로도 해석할 수 있겠다.... 외국인들도 찾는곳이라 그런걸 수 있겠지만 식사중 밑바닥에 깔린 머리카락의 출현에 사장님이 군말없이 수육을 새 음식으로 내어주시면서 ""죄송합니다 ""라고 하시는데~ 웨이팅도 길고 또 그안"
여러가지,token,1,False,1,5.0,1.5,"지나다니면서 보니 웨이팅까지 하면서?... 오늘 처음 오픈런을 해봤.... 칼국수용 김치와 숙육용 김치가 다른데 둘다 좋았다. 오랜시간동안 자연스레 쌓아온 김치내공~ 요즘 또 배추가 제일 맛있을때라 그런지 적지도 과히지도 않은 맵기에 짠기가 생배추와 맞물려 조합이 좋았다. 생배추를 내놓는 집은 무.김치에 자신이 있다는 뜻으로도 해석할 수 있겠다.... 외국인들도 찾는곳이라 그런걸 수 있겠지만 식사중 밑바닥에 깔린 머리카락의 출현에 사장님이 군말없이 수육을 새 음식으로 내어주시면서 ""죄송합니다 ""라고 하시는데~ 웨이팅도 길고 또 그안"
수육,token,1,False,1,5.0,1.5,"지나다니면서 보니 웨이팅까지 하면서?... 오늘 처음 오픈런을 해봤.... 칼국수용 김치와 숙육용 김치가 다른데 둘다 좋았다. 오랜시간동안 자연스레 쌓아온 김치내공~ 요즘 또 배추가 제일 맛있을때라 그런지 적지도 과히지도 않은 맵기에 짠기가 생배추와 맞물려 조합이 좋았다. 생배추를 내놓는 집은 무.김치에 자신이 있다는 뜻으로도 해석할 수 있겠다.... 외국인들도 찾는곳이라 그런걸 수 있겠지만 식사중 밑바닥에 깔린 머리카락의 출현에 사장님이 군말없이 수육을 새 음식으로 내어주시면서 ""죄송합니다 ""라고 하시는데~ 웨이팅도 길고 또 그안"
지도,token,1,False,1,5.0,1.5,"지나다니면서 보니 웨이팅까지 하면서?... 오늘 처음 오픈런을 해봤.... 칼국수용 김치와 숙육용 김치가 다른데 둘다 좋았다. 오랜시간동안 자연스레 쌓아온 김치내공~ 요즘 또 배추가 제일 맛있을때라 그런지 적지도 과히지도 않은 맵기에 짠기가 생배추와 맞물려 조합이 좋았다. 생배추를 내놓는 집은 무.김치에 자신이 있다는 뜻으로도 해석할 수 있겠다.... 외국인들도 찾는곳이라 그런걸 수 있겠지만 식사중 밑바닥에 깔린 머리카락의 출현에 사장님이 군말없이 수육을 새 음식으로 내어주시면서 ""죄송합니다 ""라고 하시는데~ 웨이팅도 길고 또 그안"
물리다,token,1,False,1,5.0,1.5,"지나다니면서 보니 웨이팅까지 하면서?... 오늘 처음 오픈런을 해봤.... 칼국수용 김치와 숙육용 김치가 다른데 둘다 좋았다. 오랜시간동안 자연스레 쌓아온 김치내공~ 요즘 또 배추가 제일 맛있을때라 그런지 적지도 과히지도 않은 맵기에 짠기가 생배추와 맞물려 조합이 좋았다. 생배추를 내놓는 집은 무.김치에 자신이 있다는 뜻으로도 해석할 수 있겠다.... 외국인들도 찾는곳이라 그런걸 수 있겠지만 식사중 밑바닥에 깔린 머리카락의 출현에 사장님이 군말없이 수육을 새 음식으로 내어주시면서 ""죄송합니다 ""라고 하시는데~ 웨이팅도 길고 또 그안"
두다,token,1,False,1,5.0,1.5,"지나다니면서 보니 웨이팅까지 하면서?... 오늘 처음 오픈런을 해봤.... 칼국수용 김치와 숙육용 김치가 다른데 둘다 좋았다. 오랜시간동안 자연스레 쌓아온 김치내공~ 요즘 또 배추가 제일 맛있을때라 그런지 적지도 과히지도 않은 맵기에 짠기가 생배추와 맞물려 조합이 좋았다. 생배추를 내놓는 집은 무.김치에 자신이 있다는 뜻으로도 해석할 수 있겠다.... 외국인들도 찾는곳이라 그런걸 수 있겠지만 식사중 밑바닥에 깔린 머리카락의 출현에 사장님이 군말없이 수육을 새 음식으로 내어주시면서 ""죄송합니다 ""라고 하시는데~ 웨이팅도 길고 또 그안"
바꾸다,token,1,False,1,5.0,1.5,"지나다니면서 보니 웨이팅까지 하면서?... 오늘 처음 오픈런을 해봤.... 칼국수용 김치와 숙육용 김치가 다른데 둘다 좋았다. 오랜시간동안 자연스레 쌓아온 김치내공~ 요즘 또 배추가 제일 맛있을때라 그런지 적지도 과히지도 않은 맵기에 짠기가 생배추와 맞물려 조합이 좋았다. 생배추를 내놓는 집은 무.김치에 자신이 있다는 뜻으로도 해석할 수 있겠다.... 외국인들도 찾는곳이라 그런걸 수 있겠지만 식사중 밑바닥에 깔린 머리카락의 출현에 사장님이 군말없이 수육을 새 음식으로 내어주시면서 ""죄송합니다 ""라고 하시는데~ 웨이팅도 길고 또 그안"
작성,token,1,False,1,5.0,1.5,"지나다니면서 보니 웨이팅까지 하면서?... 오늘 처음 오픈런을 해봤.... 칼국수용 김치와 숙육용 김치가 다른데 둘다 좋았다. 오랜시간동안 자연스레 쌓아온 김치내공~ 요즘 또 배추가 제일 맛있을때라 그런지 적지도 과히지도 않은 맵기에 짠기가 생배추와 맞물려 조합이 좋았다. 생배추를 내놓는 집은 무.김치에 자신이 있다는 뜻으로도 해석할 수 있겠다.... 외국인들도 찾는곳이라 그런걸 수 있겠지만 식사중 밑바닥에 깔린 머리카락의 출현에 사장님이 군말없이 수육을 새 음식으로 내어주시면서 ""죄송합니다 ""라고 하시는데~ 웨이팅도 길고 또 그안"
자신,token,1,False,1,5.0,1.5,"지나다니면서 보니 웨이팅까지 하면서?... 오늘 처음 오픈런을 해봤.... 칼국수용 김치와 숙육용 김치가 다른데 둘다 좋았다. 오랜시간동안 자연스레 쌓아온 김치내공~ 요즘 또 배추가 제일 맛있을때라 그런지 적지도 과히지도 않은 맵기에 짠기가 생배추와 맞물려 조합이 좋았다. 생배추를 내놓는 집은 무.김치에 자신이 있다는 뜻으로도 해석할 수 있겠다.... 외국인들도 찾는곳이라 그런걸 수 있겠지만 식사중 밑바닥에 깔린 머리카락의 출현에 사장님이 군말없이 수육을 새 음식으로 내어주시면서 ""죄송합니다 ""라고 하시는데~ 웨이팅도 길고 또 그안"
일절,token,1,False,1,5.0,1.5,"지나다니면서 보니 웨이팅까지 하면서?... 오늘 처음 오픈런을 해봤.... 칼국수용 김치와 숙육용 김치가 다른데 둘다 좋았다. 오랜시간동안 자연스레 쌓아온 김치내공~ 요즘 또 배추가 제일 맛있을때라 그런지 적지도 과히지도 않은 맵기에 짠기가 생배추와 맞물려 조합이 좋았다. 생배추를 내놓는 집은 무.김치에 자신이 있다는 뜻으로도 해석할 수 있겠다.... 외국인들도 찾는곳이라 그런걸 수 있겠지만 식사중 밑바닥에 깔린 머리카락의 출현에 사장님이 군말없이 수육을 새 음식으로 내어주시면서 ""죄송합니다 ""라고 하시는데~ 웨이팅도 길고 또 그안"
내공,token,1,False,1,5.0,1.5,"지나다니면서 보니 웨이팅까지 하면서?... 오늘 처음 오픈런을 해봤.... 칼국수용 김치와 숙육용 김치가 다른데 둘다 좋았다. 오랜시간동안 자연스레 쌓아온 김치내공~ 요즘 또 배추가 제일 맛있을때라 그런지 적지도 과히지도 않은 맵기에 짠기가 생배추와 맞물려 조합이 좋았다. 생배추를 내놓는 집은 무.김치에 자신이 있다는 뜻으로도 해석할 수 있겠다.... 외국인들도 찾는곳이라 그런걸 수 있겠지만 식사중 밑바닥에 깔린 머리카락의 출현에 사장님이 군말없이 수육을 새 음식으로 내어주시면서 ""죄송합니다 ""라고 하시는데~ 웨이팅도 길고 또 그안"
진심,token,1,False,1,5.0,1.5,"지나다니면서 보니 웨이팅까지 하면서?... 오늘 처음 오픈런을 해봤.... 칼국수용 김치와 숙육용 김치가 다른데 둘다 좋았다. 오랜시간동안 자연스레 쌓아온 김치내공~ 요즘 또 배추가 제일 맛있을때라 그런지 적지도 과히지도 않은 맵기에 짠기가 생배추와 맞물려 조합이 좋았다. 생배추를 내놓는 집은 무.김치에 자신이 있다는 뜻으로도 해석할 수 있겠다.... 외국인들도 찾는곳이라 그런걸 수 있겠지만 식사중 밑바닥에 깔린 머리카락의 출현에 사장님이 군말없이 수육을 새 음식으로 내어주시면서 ""죄송합니다 ""라고 하시는데~ 웨이팅도 길고 또 그안"
어딜,token,1,False,1,5.0,1.5,"지나다니면서 보니 웨이팅까지 하면서?... 오늘 처음 오픈런을 해봤.... 칼국수용 김치와 숙육용 김치가 다른데 둘다 좋았다. 오랜시간동안 자연스레 쌓아온 김치내공~ 요즘 또 배추가 제일 맛있을때라 그런지 적지도 과히지도 않은 맵기에 짠기가 생배추와 맞물려 조합이 좋았다. 생배추를 내놓는 집은 무.김치에 자신이 있다는 뜻으로도 해석할 수 있겠다.... 외국인들도 찾는곳이라 그런걸 수 있겠지만 식사중 밑바닥에 깔린 머리카락의 출현에 사장님이 군말없이 수육을 새 음식으로 내어주시면서 ""죄송합니다 ""라고 하시는데~ 웨이팅도 길고 또 그안"
쉬다,token,1,False,1,5.0,1.5,"지나다니면서 보니 웨이팅까지 하면서?... 오늘 처음 오픈런을 해봤.... 칼국수용 김치와 숙육용 김치가 다른데 둘다 좋았다. 오랜시간동안 자연스레 쌓아온 김치내공~ 요즘 또 배추가 제일 맛있을때라 그런지 적지도 과히지도 않은 맵기에 짠기가 생배추와 맞물려 조합이 좋았다. 생배추를 내놓는 집은 무.김치에 자신이 있다는 뜻으로도 해석할 수 있겠다.... 외국인들도 찾는곳이라 그런걸 수 있겠지만 식사중 밑바닥에 깔린 머리카락의 출현에 사장님이 군말없이 수육을 새 음식으로 내어주시면서 ""죄송합니다 ""라고 하시는데~ 웨이팅도 길고 또 그안"
가꾸다,token,1,False,1,5.0,1.5,"지나다니면서 보니 웨이팅까지 하면서?... 오늘 처음 오픈런을 해봤.... 칼국수용 김치와 숙육용 김치가 다른데 둘다 좋았다. 오랜시간동안 자연스레 쌓아온 김치내공~ 요즘 또 배추가 제일 맛있을때라 그런지 적지도 과히지도 않은 맵기에 짠기가 생배추와 맞물려 조합이 좋았다. 생배추를 내놓는 집은 무.김치에 자신이 있다는 뜻으로도 해석할 수 있겠다.... 외국인들도 찾는곳이라 그런걸 수 있겠지만 식사중 밑바닥에 깔린 머리카락의 출현에 사장님이 군말없이 수육을 새 음식으로 내어주시면서 ""죄송합니다 ""라고 하시는데~ 웨이팅도 길고 또 그안"
담기다,token,1,False,1,5.0,1.5,"지나다니면서 보니 웨이팅까지 하면서?... 오늘 처음 오픈런을 해봤.... 칼국수용 김치와 숙육용 김치가 다른데 둘다 좋았다. 오랜시간동안 자연스레 쌓아온 김치내공~ 요즘 또 배추가 제일 맛있을때라 그런지 적지도 과히지도 않은 맵기에 짠기가 생배추와 맞물려 조합이 좋았다. 생배추를 내놓는 집은 무.김치에 자신이 있다는 뜻으로도 해석할 수 있겠다.... 외국인들도 찾는곳이라 그런걸 수 있겠지만 식사중 밑바닥에 깔린 머리카락의 출현에 사장님이 군말없이 수육을 새 음식으로 내어주시면서 ""죄송합니다 ""라고 하시는데~ 웨이팅도 길고 또 그안"
적지,token,1,False,1,5.0,1.5,"지나다니면서 보니 웨이팅까지 하면서?... 오늘 처음 오픈런을 해봤.... 칼국수용 김치와 숙육용 김치가 다른데 둘다 좋았다. 오랜시간동안 자연스레 쌓아온 김치내공~ 요즘 또 배추가 제일 맛있을때라 그런지 적지도 과히지도 않은 맵기에 짠기가 생배추와 맞물려 조합이 좋았다. 생배추를 내놓는 집은 무.김치에 자신이 있다는 뜻으로도 해석할 수 있겠다.... 외국인들도 찾는곳이라 그런걸 수 있겠지만 식사중 밑바닥에 깔린 머리카락의 출현에 사장님이 군말없이 수육을 새 음식으로 내어주시면서 ""죄송합니다 ""라고 하시는데~ 웨이팅도 길고 또 그안"
내놓다,token,1,False,1,5.0,1.5,"지나다니면서 보니 웨이팅까지 하면서?... 오늘 처음 오픈런을 해봤.... 칼국수용 김치와 숙육용 김치가 다른데 둘다 좋았다. 오랜시간동안 자연스레 쌓아온 김치내공~ 요즘 또 배추가 제일 맛있을때라 그런지 적지도 과히지도 않은 맵기에 짠기가 생배추와 맞물려 조합이 좋았다. 생배추를 내놓는 집은 무.김치에 자신이 있다는 뜻으로도 해석할 수 있겠다.... 외국인들도 찾는곳이라 그런걸 수 있겠지만 식사중 밑바닥에 깔린 머리카락의 출현에 사장님이 군말없이 수육을 새 음식으로 내어주시면서 ""죄송합니다 ""라고 하시는데~ 웨이팅도 길고 또 그안"
삶다,token,1,False,1,5.0,1.5,"지나다니면서 보니 웨이팅까지 하면서?... 오늘 처음 오픈런을 해봤.... 칼국수용 김치와 숙육용 김치가 다른데 둘다 좋았다. 오랜시간동안 자연스레 쌓아온 김치내공~ 요즘 또 배추가 제일 맛있을때라 그런지 적지도 과히지도 않은 맵기에 짠기가 생배추와 맞물려 조합이 좋았다. 생배추를 내놓는 집은 무.김치에 자신이 있다는 뜻으로도 해석할 수 있겠다.... 외국인들도 찾는곳이라 그런걸 수 있겠지만 식사중 밑바닥에 깔린 머리카락의 출현에 사장님이 군말없이 수육을 새 음식으로 내어주시면서 ""죄송합니다 ""라고 하시는데~ 웨이팅도 길고 또 그안"
받다,token,1,False,1,5.0,1.5,"지나다니면서 보니 웨이팅까지 하면서?... 오늘 처음 오픈런을 해봤.... 칼국수용 김치와 숙육용 김치가 다른데 둘다 좋았다. 오랜시간동안 자연스레 쌓아온 김치내공~ 요즘 또 배추가 제일 맛있을때라 그런지 적지도 과히지도 않은 맵기에 짠기가 생배추와 맞물려 조합이 좋았다. 생배추를 내놓는 집은 무.김치에 자신이 있다는 뜻으로도 해석할 수 있겠다.... 외국인들도 찾는곳이라 그런걸 수 있겠지만 식사중 밑바닥에 깔린 머리카락의 출현에 사장님이 군말없이 수육을 새 음식으로 내어주시면서 ""죄송합니다 ""라고 하시는데~ 웨이팅도 길고 또 그안"
관계,token,1,False,1,5.0,1.5,"지나다니면서 보니 웨이팅까지 하면서?... 오늘 처음 오픈런을 해봤.... 칼국수용 김치와 숙육용 김치가 다른데 둘다 좋았다. 오랜시간동안 자연스레 쌓아온 김치내공~ 요즘 또 배추가 제일 맛있을때라 그런지 적지도 과히지도 않은 맵기에 짠기가 생배추와 맞물려 조합이 좋았다. 생배추를 내놓는 집은 무.김치에 자신이 있다는 뜻으로도 해석할 수 있겠다.... 외국인들도 찾는곳이라 그런걸 수 있겠지만 식사중 밑바닥에 깔린 머리카락의 출현에 사장님이 군말없이 수육을 새 음식으로 내어주시면서 ""죄송합니다 ""라고 하시는데~ 웨이팅도 길고 또 그안"
내다,token,1,False,1,5.0,1.5,"지나다니면서 보니 웨이팅까지 하면서?... 오늘 처음 오픈런을 해봤.... 칼국수용 김치와 숙육용 김치가 다른데 둘다 좋았다. 오랜시간동안 자연스레 쌓아온 김치내공~ 요즘 또 배추가 제일 맛있을때라 그런지 적지도 과히지도 않은 맵기에 짠기가 생배추와 맞물려 조합이 좋았다. 생배추를 내놓는 집은 무.김치에 자신이 있다는 뜻으로도 해석할 수 있겠다.... 외국인들도 찾는곳이라 그런걸 수 있겠지만 식사중 밑바닥에 깔린 머리카락의 출현에 사장님이 군말없이 수육을 새 음식으로 내어주시면서 ""죄송합니다 ""라고 하시는데~ 웨이팅도 길고 또 그안"
해석,token,1,False,1,5.0,1.5,"지나다니면서 보니 웨이팅까지 하면서?... 오늘 처음 오픈런을 해봤.... 칼국수용 김치와 숙육용 김치가 다른데 둘다 좋았다. 오랜시간동안 자연스레 쌓아온 김치내공~ 요즘 또 배추가 제일 맛있을때라 그런지 적지도 과히지도 않은 맵기에 짠기가 생배추와 맞물려 조합이 좋았다. 생배추를 내놓는 집은 무.김치에 자신이 있다는 뜻으로도 해석할 수 있겠다.... 외국인들도 찾는곳이라 그런걸 수 있겠지만 식사중 밑바닥에 깔린 머리카락의 출현에 사장님이 군말없이 수육을 새 음식으로 내어주시면서 ""죄송합니다 ""라고 하시는데~ 웨이팅도 길고 또 그안"
매다,token,1,False,1,5.0,1.5,"지나다니면서 보니 웨이팅까지 하면서?... 오늘 처음 오픈런을 해봤.... 칼국수용 김치와 숙육용 김치가 다른데 둘다 좋았다. 오랜시간동안 자연스레 쌓아온 김치내공~ 요즘 또 배추가 제일 맛있을때라 그런지 적지도 과히지도 않은 맵기에 짠기가 생배추와 맞물려 조합이 좋았다. 생배추를 내놓는 집은 무.김치에 자신이 있다는 뜻으로도 해석할 수 있겠다.... 외국인들도 찾는곳이라 그런걸 수 있겠지만 식사중 밑바닥에 깔린 머리카락의 출현에 사장님이 군말없이 수육을 새 음식으로 내어주시면서 ""죄송합니다 ""라고 하시는데~ 웨이팅도 길고 또 그안"
머리카락,token,1,False,1,5.0,1.5,"지나다니면서 보니 웨이팅까지 하면서?... 오늘 처음 오픈런을 해봤.... 칼국수용 김치와 숙육용 김치가 다른데 둘다 좋았다. 오랜시간동안 자연스레 쌓아온 김치내공~ 요즘 또 배추가 제일 맛있을때라 그런지 적지도 과히지도 않은 맵기에 짠기가 생배추와 맞물려 조합이 좋았다. 생배추를 내놓는 집은 무.김치에 자신이 있다는 뜻으로도 해석할 수 있겠다.... 외국인들도 찾는곳이라 그런걸 수 있겠지만 식사중 밑바닥에 깔린 머리카락의 출현에 사장님이 군말없이 수육을 새 음식으로 내어주시면서 ""죄송합니다 ""라고 하시는데~ 웨이팅도 길고 또 그안"
대부분,token,1,False,1,5.0,1.5,"지나다니면서 보니 웨이팅까지 하면서?... 오늘 처음 오픈런을 해봤.... 칼국수용 김치와 숙육용 김치가 다른데 둘다 좋았다. 오랜시간동안 자연스레 쌓아온 김치내공~ 요즘 또 배추가 제일 맛있을때라 그런지 적지도 과히지도 않은 맵기에 짠기가 생배추와 맞물려 조합이 좋았다. 생배추를 내놓는 집은 무.김치에 자신이 있다는 뜻으로도 해석할 수 있겠다.... 외국인들도 찾는곳이라 그런걸 수 있겠지만 식사중 밑바닥에 깔린 머리카락의 출현에 사장님이 군말없이 수육을 새 음식으로 내어주시면서 ""죄송합니다 ""라고 하시는데~ 웨이팅도 길고 또 그안"
후기,token,1,False,1,5.0,1.5,"지나다니면서 보니 웨이팅까지 하면서?... 오늘 처음 오픈런을 해봤.... 칼국수용 김치와 숙육용 김치가 다른데 둘다 좋았다. 오랜시간동안 자연스레 쌓아온 김치내공~ 요즘 또 배추가 제일 맛있을때라 그런지 적지도 과히지도 않은 맵기에 짠기가 생배추와 맞물려 조합이 좋았다. 생배추를 내놓는 집은 무.김치에 자신이 있다는 뜻으로도 해석할 수 있겠다.... 외국인들도 찾는곳이라 그런걸 수 있겠지만 식사중 밑바닥에 깔린 머리카락의 출현에 사장님이 군말없이 수육을 새 음식으로 내어주시면서 ""죄송합니다 ""라고 하시는데~ 웨이팅도 길고 또 그안"
자연스레,token,1,False,1,5.0,1.5,"지나다니면서 보니 웨이팅까지 하면서?... 오늘 처음 오픈런을 해봤.... 칼국수용 김치와 숙육용 김치가 다른데 둘다 좋았다. 오랜시간동안 자연스레 쌓아온 김치내공~ 요즘 또 배추가 제일 맛있을때라 그런지 적지도 과히지도 않은 맵기에 짠기가 생배추와 맞물려 조합이 좋았다. 생배추를 내놓는 집은 무.김치에 자신이 있다는 뜻으로도 해석할 수 있겠다.... 외국인들도 찾는곳이라 그런걸 수 있겠지만 식사중 밑바닥에 깔린 머리카락의 출현에 사장님이 군말없이 수육을 새 음식으로 내어주시면서 ""죄송합니다 ""라고 하시는데~ 웨이팅도 길고 또 그안"
모든,token,1,False,1,5.0,1.5,"지나다니면서 보니 웨이팅까지 하면서?... 오늘 처음 오픈런을 해봤.... 칼국수용 김치와 숙육용 김치가 다른데 둘다 좋았다. 오랜시간동안 자연스레 쌓아온 김치내공~ 요즘 또 배추가 제일 맛있을때라 그런지 적지도 과히지도 않은 맵기에 짠기가 생배추와 맞물려 조합이 좋았다. 생배추를 내놓는 집은 무.김치에 자신이 있다는 뜻으로도 해석할 수 있겠다.... 외국인들도 찾는곳이라 그런걸 수 있겠지만 식사중 밑바닥에 깔린 머리카락의 출현에 사장님이 군말없이 수육을 새 음식으로 내어주시면서 ""죄송합니다 ""라고 하시는데~ 웨이팅도 길고 또 그안"
집다,token,1,False,1,5.0,1.5,"지나다니면서 보니 웨이팅까지 하면서?... 오늘 처음 오픈런을 해봤.... 칼국수용 김치와 숙육용 김치가 다른데 둘다 좋았다. 오랜시간동안 자연스레 쌓아온 김치내공~ 요즘 또 배추가 제일 맛있을때라 그런지 적지도 과히지도 않은 맵기에 짠기가 생배추와 맞물려 조합이 좋았다. 생배추를 내놓는 집은 무.김치에 자신이 있다는 뜻으로도 해석할 수 있겠다.... 외국인들도 찾는곳이라 그런걸 수 있겠지만 식사중 밑바닥에 깔린 머리카락의 출현에 사장님이 군말없이 수육을 새 음식으로 내어주시면서 ""죄송합니다 ""라고 하시는데~ 웨이팅도 길고 또 그안"
가나,token,1,False,1,5.0,1.5,"지나다니면서 보니 웨이팅까지 하면서?... 오늘 처음 오픈런을 해봤.... 칼국수용 김치와 숙육용 김치가 다른데 둘다 좋았다. 오랜시간동안 자연스레 쌓아온 김치내공~ 요즘 또 배추가 제일 맛있을때라 그런지 적지도 과히지도 않은 맵기에 짠기가 생배추와 맞물려 조합이 좋았다. 생배추를 내놓는 집은 무.김치에 자신이 있다는 뜻으로도 해석할 수 있겠다.... 외국인들도 찾는곳이라 그런걸 수 있겠지만 식사중 밑바닥에 깔린 머리카락의 출현에 사장님이 군말없이 수육을 새 음식으로 내어주시면서 ""죄송합니다 ""라고 하시는데~ 웨이팅도 길고 또 그안"
없이,token,1,False,1,5.0,1.5,"지나다니면서 보니 웨이팅까지 하면서?... 오늘 처음 오픈런을 해봤.... 칼국수용 김치와 숙육용 김치가 다른데 둘다 좋았다. 오랜시간동안 자연스레 쌓아온 김치내공~ 요즘 또 배추가 제일 맛있을때라 그런지 적지도 과히지도 않은 맵기에 짠기가 생배추와 맞물려 조합이 좋았다. 생배추를 내놓는 집은 무.김치에 자신이 있다는 뜻으로도 해석할 수 있겠다.... 외국인들도 찾는곳이라 그런걸 수 있겠지만 식사중 밑바닥에 깔린 머리카락의 출현에 사장님이 군말없이 수육을 새 음식으로 내어주시면서 ""죄송합니다 ""라고 하시는데~ 웨이팅도 길고 또 그안"
찾다,token,1,False,1,5.0,1.5,"지나다니면서 보니 웨이팅까지 하면서?... 오늘 처음 오픈런을 해봤.... 칼국수용 김치와 숙육용 김치가 다른데 둘다 좋았다. 오랜시간동안 자연스레 쌓아온 김치내공~ 요즘 또 배추가 제일 맛있을때라 그런지 적지도 과히지도 않은 맵기에 짠기가 생배추와 맞물려 조합이 좋았다. 생배추를 내놓는 집은 무.김치에 자신이 있다는 뜻으로도 해석할 수 있겠다.... 외국인들도 찾는곳이라 그런걸 수 있겠지만 식사중 밑바닥에 깔린 머리카락의 출현에 사장님이 군말없이 수육을 새 음식으로 내어주시면서 ""죄송합니다 ""라고 하시는데~ 웨이팅도 길고 또 그안"
시간,token,1,False,1,5.0,1.5,"지나다니면서 보니 웨이팅까지 하면서?... 오늘 처음 오픈런을 해봤.... 칼국수용 김치와 숙육용 김치가 다른데 둘다 좋았다. 오랜시간동안 자연스레 쌓아온 김치내공~ 요즘 또 배추가 제일 맛있을때라 그런지 적지도 과히지도 않은 맵기에 짠기가 생배추와 맞물려 조합이 좋았다. 생배추를 내놓는 집은 무.김치에 자신이 있다는 뜻으로도 해석할 수 있겠다.... 외국인들도 찾는곳이라 그런걸 수 있겠지만 식사중 밑바닥에 깔린 머리카락의 출현에 사장님이 군말없이 수육을 새 음식으로 내어주시면서 ""죄송합니다 ""라고 하시는데~ 웨이팅도 길고 또 그안"
출현,token,1,False,1,5.0,1.5,"지나다니면서 보니 웨이팅까지 하면서?... 오늘 처음 오픈런을 해봤.... 칼국수용 김치와 숙육용 김치가 다른데 둘다 좋았다. 오랜시간동안 자연스레 쌓아온 김치내공~ 요즘 또 배추가 제일 맛있을때라 그런지 적지도 과히지도 않은 맵기에 짠기가 생배추와 맞물려 조합이 좋았다. 생배추를 내놓는 집은 무.김치에 자신이 있다는 뜻으로도 해석할 수 있겠다.... 외국인들도 찾는곳이라 그런걸 수 있겠지만 식사중 밑바닥에 깔린 머리카락의 출현에 사장님이 군말없이 수육을 새 음식으로 내어주시면서 ""죄송합니다 ""라고 하시는데~ 웨이팅도 길고 또 그안"
밑바닥,token,1,False,1,5.0,1.5,"지나다니면서 보니 웨이팅까지 하면서?... 오늘 처음 오픈런을 해봤.... 칼국수용 김치와 숙육용 김치가 다른데 둘다 좋았다. 오랜시간동안 자연스레 쌓아온 김치내공~ 요즘 또 배추가 제일 맛있을때라 그런지 적지도 과히지도 않은 맵기에 짠기가 생배추와 맞물려 조합이 좋았다. 생배추를 내놓는 집은 무.김치에 자신이 있다는 뜻으로도 해석할 수 있겠다.... 외국인들도 찾는곳이라 그런걸 수 있겠지만 식사중 밑바닥에 깔린 머리카락의 출현에 사장님이 군말없이 수육을 새 음식으로 내어주시면서 ""죄송합니다 ""라고 하시는데~ 웨이팅도 길고 또 그안"
깔리다,token,1,False,1,5.0,1.5,"지나다니면서 보니 웨이팅까지 하면서?... 오늘 처음 오픈런을 해봤.... 칼국수용 김치와 숙육용 김치가 다른데 둘다 좋았다. 오랜시간동안 자연스레 쌓아온 김치내공~ 요즘 또 배추가 제일 맛있을때라 그런지 적지도 과히지도 않은 맵기에 짠기가 생배추와 맞물려 조합이 좋았다. 생배추를 내놓는 집은 무.김치에 자신이 있다는 뜻으로도 해석할 수 있겠다.... 외국인들도 찾는곳이라 그런걸 수 있겠지만 식사중 밑바닥에 깔린 머리카락의 출현에 사장님이 군말없이 수육을 새 음식으로 내어주시면서 ""죄송합니다 ""라고 하시는데~ 웨이팅도 길고 또 그안"
과정,token,1,False,1,5.0,1.5,"지나다니면서 보니 웨이팅까지 하면서?... 오늘 처음 오픈런을 해봤.... 칼국수용 김치와 숙육용 김치가 다른데 둘다 좋았다. 오랜시간동안 자연스레 쌓아온 김치내공~ 요즘 또 배추가 제일 맛있을때라 그런지 적지도 과히지도 않은 맵기에 짠기가 생배추와 맞물려 조합이 좋았다. 생배추를 내놓는 집은 무.김치에 자신이 있다는 뜻으로도 해석할 수 있겠다.... 외국인들도 찾는곳이라 그런걸 수 있겠지만 식사중 밑바닥에 깔린 머리카락의 출현에 사장님이 군말없이 수육을 새 음식으로 내어주시면서 ""죄송합니다 ""라고 하시는데~ 웨이팅도 길고 또 그안"
군말,token,1,False,1,5.0,1.5,"지나다니면서 보니 웨이팅까지 하면서?... 오늘 처음 오픈런을 해봤.... 칼국수용 김치와 숙육용 김치가 다른데 둘다 좋았다. 오랜시간동안 자연스레 쌓아온 김치내공~ 요즘 또 배추가 제일 맛있을때라 그런지 적지도 과히지도 않은 맵기에 짠기가 생배추와 맞물려 조합이 좋았다. 생배추를 내놓는 집은 무.김치에 자신이 있다는 뜻으로도 해석할 수 있겠다.... 외국인들도 찾는곳이라 그런걸 수 있겠지만 식사중 밑바닥에 깔린 머리카락의 출현에 사장님이 군말없이 수육을 새 음식으로 내어주시면서 ""죄송합니다 ""라고 하시는데~ 웨이팅도 길고 또 그안"
세월,token,1,False,1,5.0,1.5,"지나다니면서 보니 웨이팅까지 하면서?... 오늘 처음 오픈런을 해봤.... 칼국수용 김치와 숙육용 김치가 다른데 둘다 좋았다. 오랜시간동안 자연스레 쌓아온 김치내공~ 요즘 또 배추가 제일 맛있을때라 그런지 적지도 과히지도 않은 맵기에 짠기가 생배추와 맞물려 조합이 좋았다. 생배추를 내놓는 집은 무.김치에 자신이 있다는 뜻으로도 해석할 수 있겠다.... 외국인들도 찾는곳이라 그런걸 수 있겠지만 식사중 밑바닥에 깔린 머리카락의 출현에 사장님이 군말없이 수육을 새 음식으로 내어주시면서 ""죄송합니다 ""라고 하시는데~ 웨이팅도 길고 또 그안"
만들기,token,1,False,1,5.0,1.5,"지나다니면서 보니 웨이팅까지 하면서?... 오늘 처음 오픈런을 해봤.... 칼국수용 김치와 숙육용 김치가 다른데 둘다 좋았다. 오랜시간동안 자연스레 쌓아온 김치내공~ 요즘 또 배추가 제일 맛있을때라 그런지 적지도 과히지도 않은 맵기에 짠기가 생배추와 맞물려 조합이 좋았다. 생배추를 내놓는 집은 무.김치에 자신이 있다는 뜻으로도 해석할 수 있겠다.... 외국인들도 찾는곳이라 그런걸 수 있겠지만 식사중 밑바닥에 깔린 머리카락의 출현에 사장님이 군말없이 수육을 새 음식으로 내어주시면서 ""죄송합니다 ""라고 하시는데~ 웨이팅도 길고 또 그안"
지나다,token,1,False,1,5.0,1.5,"지나다니면서 보니 웨이팅까지 하면서?... 오늘 처음 오픈런을 해봤.... 칼국수용 김치와 숙육용 김치가 다른데 둘다 좋았다. 오랜시간동안 자연스레 쌓아온 김치내공~ 요즘 또 배추가 제일 맛있을때라 그런지 적지도 과히지도 않은 맵기에 짠기가 생배추와 맞물려 조합이 좋았다. 생배추를 내놓는 집은 무.김치에 자신이 있다는 뜻으로도 해석할 수 있겠다.... 외국인들도 찾는곳이라 그런걸 수 있겠지만 식사중 밑바닥에 깔린 머리카락의 출현에 사장님이 군말없이 수육을 새 음식으로 내어주시면서 ""죄송합니다 ""라고 하시는데~ 웨이팅도 길고 또 그안"
태도,token,1,False,1,5.0,1.5,"지나다니면서 보니 웨이팅까지 하면서?... 오늘 처음 오픈런을 해봤.... 칼국수용 김치와 숙육용 김치가 다른데 둘다 좋았다. 오랜시간동안 자연스레 쌓아온 김치내공~ 요즘 또 배추가 제일 맛있을때라 그런지 적지도 과히지도 않은 맵기에 짠기가 생배추와 맞물려 조합이 좋았다. 생배추를 내놓는 집은 무.김치에 자신이 있다는 뜻으로도 해석할 수 있겠다.... 외국인들도 찾는곳이라 그런걸 수 있겠지만 식사중 밑바닥에 깔린 머리카락의 출현에 사장님이 군말없이 수육을 새 음식으로 내어주시면서 ""죄송합니다 ""라고 하시는데~ 웨이팅도 길고 또 그안"
이벤트,token,1,False,1,5.0,1.5,"지나다니면서 보니 웨이팅까지 하면서?... 오늘 처음 오픈런을 해봤.... 칼국수용 김치와 숙육용 김치가 다른데 둘다 좋았다. 오랜시간동안 자연스레 쌓아온 김치내공~ 요즘 또 배추가 제일 맛있을때라 그런지 적지도 과히지도 않은 맵기에 짠기가 생배추와 맞물려 조합이 좋았다. 생배추를 내놓는 집은 무.김치에 자신이 있다는 뜻으로도 해석할 수 있겠다.... 외국인들도 찾는곳이라 그런걸 수 있겠지만 식사중 밑바닥에 깔린 머리카락의 출현에 사장님이 군말없이 수육을 새 음식으로 내어주시면서 ""죄송합니다 ""라고 하시는데~ 웨이팅도 길고 또 그안"
대하,token,1,False,1,5.0,1.5,"지나다니면서 보니 웨이팅까지 하면서?... 오늘 처음 오픈런을 해봤.... 칼국수용 김치와 숙육용 김치가 다른데 둘다 좋았다. 오랜시간동안 자연스레 쌓아온 김치내공~ 요즘 또 배추가 제일 맛있을때라 그런지 적지도 과히지도 않은 맵기에 짠기가 생배추와 맞물려 조합이 좋았다. 생배추를 내놓는 집은 무.김치에 자신이 있다는 뜻으로도 해석할 수 있겠다.... 외국인들도 찾는곳이라 그런걸 수 있겠지만 식사중 밑바닥에 깔린 머리카락의 출현에 사장님이 군말없이 수육을 새 음식으로 내어주시면서 ""죄송합니다 ""라고 하시는데~ 웨이팅도 길고 또 그안"
단순하다,token,1,False,1,5.0,1.5,"지나다니면서 보니 웨이팅까지 하면서?... 오늘 처음 오픈런을 해봤.... 칼국수용 김치와 숙육용 김치가 다른데 둘다 좋았다. 오랜시간동안 자연스레 쌓아온 김치내공~ 요즘 또 배추가 제일 맛있을때라 그런지 적지도 과히지도 않은 맵기에 짠기가 생배추와 맞물려 조합이 좋았다. 생배추를 내놓는 집은 무.김치에 자신이 있다는 뜻으로도 해석할 수 있겠다.... 외국인들도 찾는곳이라 그런걸 수 있겠지만 식사중 밑바닥에 깔린 머리카락의 출현에 사장님이 군말없이 수육을 새 음식으로 내어주시면서 ""죄송합니다 ""라고 하시는데~ 웨이팅도 길고 또 그안"
맛등,token,1,False,1,5.0,1.5,"지나다니면서 보니 웨이팅까지 하면서?... 오늘 처음 오픈런을 해봤.... 칼국수용 김치와 숙육용 김치가 다른데 둘다 좋았다. 오랜시간동안 자연스레 쌓아온 김치내공~ 요즘 또 배추가 제일 맛있을때라 그런지 적지도 과히지도 않은 맵기에 짠기가 생배추와 맞물려 조합이 좋았다. 생배추를 내놓는 집은 무.김치에 자신이 있다는 뜻으로도 해석할 수 있겠다.... 외국인들도 찾는곳이라 그런걸 수 있겠지만 식사중 밑바닥에 깔린 머리카락의 출현에 사장님이 군말없이 수육을 새 음식으로 내어주시면서 ""죄송합니다 ""라고 하시는데~ 웨이팅도 길고 또 그안"
중간,token,1,False,1,5.0,1.5,"지나다니면서 보니 웨이팅까지 하면서?... 오늘 처음 오픈런을 해봤.... 칼국수용 김치와 숙육용 김치가 다른데 둘다 좋았다. 오랜시간동안 자연스레 쌓아온 김치내공~ 요즘 또 배추가 제일 맛있을때라 그런지 적지도 과히지도 않은 맵기에 짠기가 생배추와 맞물려 조합이 좋았다. 생배추를 내놓는 집은 무.김치에 자신이 있다는 뜻으로도 해석할 수 있겠다.... 외국인들도 찾는곳이라 그런걸 수 있겠지만 식사중 밑바닥에 깔린 머리카락의 출현에 사장님이 군말없이 수육을 새 음식으로 내어주시면서 ""죄송합니다 ""라고 하시는데~ 웨이팅도 길고 또 그안"
작아지다,token,1,False,1,5.0,1.5,"지나다니면서 보니 웨이팅까지 하면서?... 오늘 처음 오픈런을 해봤.... 칼국수용 김치와 숙육용 김치가 다른데 둘다 좋았다. 오랜시간동안 자연스레 쌓아온 김치내공~ 요즘 또 배추가 제일 맛있을때라 그런지 적지도 과히지도 않은 맵기에 짠기가 생배추와 맞물려 조합이 좋았다. 생배추를 내놓는 집은 무.김치에 자신이 있다는 뜻으로도 해석할 수 있겠다.... 외국인들도 찾는곳이라 그런걸 수 있겠지만 식사중 밑바닥에 깔린 머리카락의 출현에 사장님이 군말없이 수육을 새 음식으로 내어주시면서 ""죄송합니다 ""라고 하시는데~ 웨이팅도 길고 또 그안"
접시,token,1,False,1,5.0,1.5,"지나다니면서 보니 웨이팅까지 하면서?... 오늘 처음 오픈런을 해봤.... 칼국수용 김치와 숙육용 김치가 다른데 둘다 좋았다. 오랜시간동안 자연스레 쌓아온 김치내공~ 요즘 또 배추가 제일 맛있을때라 그런지 적지도 과히지도 않은 맵기에 짠기가 생배추와 맞물려 조합이 좋았다. 생배추를 내놓는 집은 무.김치에 자신이 있다는 뜻으로도 해석할 수 있겠다.... 외국인들도 찾는곳이라 그런걸 수 있겠지만 식사중 밑바닥에 깔린 머리카락의 출현에 사장님이 군말없이 수육을 새 음식으로 내어주시면서 ""죄송합니다 ""라고 하시는데~ 웨이팅도 길고 또 그안"
숙육,token,1,False,1,5.0,1.5,"지나다니면서 보니 웨이팅까지 하면서?... 오늘 처음 오픈런을 해봤.... 칼국수용 김치와 숙육용 김치가 다른데 둘다 좋았다. 오랜시간동안 자연스레 쌓아온 김치내공~ 요즘 또 배추가 제일 맛있을때라 그런지 적지도 과히지도 않은 맵기에 짠기가 생배추와 맞물려 조합이 좋았다. 생배추를 내놓는 집은 무.김치에 자신이 있다는 뜻으로도 해석할 수 있겠다.... 외국인들도 찾는곳이라 그런걸 수 있겠지만 식사중 밑바닥에 깔린 머리카락의 출현에 사장님이 군말없이 수육을 새 음식으로 내어주시면서 ""죄송합니다 ""라고 하시는데~ 웨이팅도 길고 또 그안"
부들부들,token,1,False,1,4.0,-3.0,항정살 보쌈이 부들부들 맛있었습니다. 김치도 달지도 않고 보쌈과의 조합도 잘 맞네요 문래점에서 먹고 실망했는데 본점은 다르네요 다만 규모에 비해 에어컨이 부족하여 땀흘리며 먹었네요... ㅠㅠ
본점,token,1,False,1,4.0,-3.0,항정살 보쌈이 부들부들 맛있었습니다. 김치도 달지도 않고 보쌈과의 조합도 잘 맞네요 문래점에서 먹고 실망했는데 본점은 다르네요 다만 규모에 비해 에어컨이 부족하여 땀흘리며 먹었네요... ㅠㅠ
달다,token,1,False,1,4.0,-3.0,항정살 보쌈이 부들부들 맛있었습니다. 김치도 달지도 않고 보쌈과의 조합도 잘 맞네요 문래점에서 먹고 실망했는데 본점은 다르네요 다만 규모에 비해 에어컨이 부족하여 땀흘리며 먹었네요... ㅠㅠ
규모,token,1,False,1,4.0,-3.0,항정살 보쌈이 부들부들 맛있었습니다. 김치도 달지도 않고 보쌈과의 조합도 잘 맞네요 문래점에서 먹고 실망했는데 본점은 다르네요 다만 규모에 비해 에어컨이 부족하여 땀흘리며 먹었네요... ㅠㅠ
흘리다,token,1,False,1,4.0,-3.0,항정살 보쌈이 부들부들 맛있었습니다. 김치도 달지도 않고 보쌈과의 조합도 잘 맞네요 문래점에서 먹고 실망했는데 본점은 다르네요 다만 규모에 비해 에어컨이 부족하여 땀흘리며 먹었네요... ㅠㅠ
문래,token,1,False,1,4.0,-3.0,항정살 보쌈이 부들부들 맛있었습니다. 김치도 달지도 않고 보쌈과의 조합도 잘 맞네요 문래점에서 먹고 실망했는데 본점은 다르네요 다만 규모에 비해 에어컨이 부족하여 땀흘리며 먹었네요... ㅠㅠ
항정살,token,1,False,1,4.0,-3.0,항정살 보쌈이 부들부들 맛있었습니다. 김치도 달지도 않고 보쌈과의 조합도 잘 맞네요 문래점에서 먹고 실망했는데 본점은 다르네요 다만 규모에 비해 에어컨이 부족하여 땀흘리며 먹었네요... ㅠㅠ
에어컨,token,1,False,1,4.0,-3.0,항정살 보쌈이 부들부들 맛있었습니다. 김치도 달지도 않고 보쌈과의 조합도 잘 맞네요 문래점에서 먹고 실망했는데 본점은 다르네요 다만 규모에 비해 에어컨이 부족하여 땀흘리며 먹었네요... ㅠㅠ
만두,token,1,False,1,4.0,0.0,웨이팅 2시간 했습니다 신기한 맛이에요 국물맛이 가벼운데 짠 맛이 좀 강해요 김치만두는 굳이 안 먹어도 될 것 같아요 평범한 느낌
가볍다,token,1,False,1,4.0,0.0,웨이팅 2시간 했습니다 신기한 맛이에요 국물맛이 가벼운데 짠 맛이 좀 강해요 김치만두는 굳이 안 먹어도 될 것 같아요 평범한 느낌
강하다,token,1,False,1,4.0,0.0,웨이팅 2시간 했습니다 신기한 맛이에요 국물맛이 가벼운데 짠 맛이 좀 강해요 김치만두는 굳이 안 먹어도 될 것 같아요 평범한 느낌
기다림,token,1,False,1,4.0,0.0,30분 이내 대기면 드세요. 그 이상은 좀 미묘한데 대기가 많네요. 전 110분 기다림
이상은,token,1,False,1,4.0,0.0,30분 이내 대기면 드세요. 그 이상은 좀 미묘한데 대기가 많네요. 전 110분 기다림
미묘하다,token,1,False,1,4.0,0.0,30분 이내 대기면 드세요. 그 이상은 좀 미묘한데 대기가 많네요. 전 110분 기다림
이내,token,1,False,1,4.0,0.0,30분 이내 대기면 드세요. 그 이상은 좀 미묘한데 대기가 많네요. 전 110분 기다림
진미,token,1,False,1,4.0,0.0,그냥 준수하게 잘 만든 평양냉면이다. 다만 굳이 간다면 을밀대를 갈 거 같다. 아니면 진미나.
간다,token,1,False,1,4.0,0.0,그냥 준수하게 잘 만든 평양냉면이다. 다만 굳이 간다면 을밀대를 갈 거 같다. 아니면 진미나.
갈다,token,1,False,1,4.0,0.0,그냥 준수하게 잘 만든 평양냉면이다. 다만 굳이 간다면 을밀대를 갈 거 같다. 아니면 진미나.
준수,token,1,False,1,4.0,0.0,그냥 준수하게 잘 만든 평양냉면이다. 다만 굳이 간다면 을밀대를 갈 거 같다. 아니면 진미나.
주사위,token,1,False,1,4.0,-1.0,주사위 굴리듯 육수맛이 변합니다. 평균적으로 5가 나오고요.. 가끔 6나오면 사람 미칩니다. 2나 3이 나올 땐 아쉬운 마음 가득..
굳다,token,1,False,1,4.0,-1.0,주사위 굴리듯 육수맛이 변합니다. 평균적으로 5가 나오고요.. 가끔 6나오면 사람 미칩니다. 2나 3이 나올 땐 아쉬운 마음 가득..
평균,token,1,False,1,4.0,-1.0,주사위 굴리듯 육수맛이 변합니다. 평균적으로 5가 나오고요.. 가끔 6나오면 사람 미칩니다. 2나 3이 나올 땐 아쉬운 마음 가득..
가끔,token,1,False,1,4.0,-1.0,주사위 굴리듯 육수맛이 변합니다. 평균적으로 5가 나오고요.. 가끔 6나오면 사람 미칩니다. 2나 3이 나올 땐 아쉬운 마음 가득..
마음,token,1,False,1,4.0,-1.0,주사위 굴리듯 육수맛이 변합니다. 평균적으로 5가 나오고요.. 가끔 6나오면 사람 미칩니다. 2나 3이 나올 땐 아쉬운 마음 가득..
가득,token,1,False,1,4.0,-1.0,주사위 굴리듯 육수맛이 변합니다. 평균적으로 5가 나오고요.. 가끔 6나오면 사람 미칩니다. 2나 3이 나올 땐 아쉬운 마음 가득..
통모,token,1,False,1,4.0,0.0,엄마가 제일 좋아하는 평냉집! 둘이 가서 평냉 하나에 빈대떡 하나 시켜 나눠먹고 후식으로 옆에 꽈배기집에서 통모짜핫도그 먹으면 갓벽한 염리동 루트
염리동,token,1,False,1,4.0,0.0,엄마가 제일 좋아하는 평냉집! 둘이 가서 평냉 하나에 빈대떡 하나 시켜 나눠먹고 후식으로 옆에 꽈배기집에서 통모짜핫도그 먹으면 갓벽한 염리동 루트
루트,token,1,False,1,4.0,0.0,엄마가 제일 좋아하는 평냉집! 둘이 가서 평냉 하나에 빈대떡 하나 시켜 나눠먹고 후식으로 옆에 꽈배기집에서 통모짜핫도그 먹으면 갓벽한 염리동 루트
엄마,token,1,False,1,4.0,0.0,엄마가 제일 좋아하는 평냉집! 둘이 가서 평냉 하나에 빈대떡 하나 시켜 나눠먹고 후식으로 옆에 꽈배기집에서 통모짜핫도그 먹으면 갓벽한 염리동 루트
핫도그,token,1,False,1,4.0,0.0,엄마가 제일 좋아하는 평냉집! 둘이 가서 평냉 하나에 빈대떡 하나 시켜 나눠먹고 후식으로 옆에 꽈배기집에서 통모짜핫도그 먹으면 갓벽한 염리동 루트
후식,token,1,False,1,4.0,0.0,엄마가 제일 좋아하는 평냉집! 둘이 가서 평냉 하나에 빈대떡 하나 시켜 나눠먹고 후식으로 옆에 꽈배기집에서 통모짜핫도그 먹으면 갓벽한 염리동 루트
꽈배기,token,1,False,1,4.0,0.0,엄마가 제일 좋아하는 평냉집! 둘이 가서 평냉 하나에 빈대떡 하나 시켜 나눠먹고 후식으로 옆에 꽈배기집에서 통모짜핫도그 먹으면 갓벽한 염리동 루트
나누다,token,1,False,1,4.0,0.0,엄마가 제일 좋아하는 평냉집! 둘이 가서 평냉 하나에 빈대떡 하나 시켜 나눠먹고 후식으로 옆에 꽈배기집에서 통모짜핫도그 먹으면 갓벽한 염리동 루트
빈대떡,token,1,False,1,4.0,0.0,엄마가 제일 좋아하는 평냉집! 둘이 가서 평냉 하나에 빈대떡 하나 시켜 나눠먹고 후식으로 옆에 꽈배기집에서 통모짜핫도그 먹으면 갓벽한 염리동 루트
메밀,token,1,False,1,4.0,0.0,메밀향 너무 진하고 면이 너무 질겨서 가위를 주셨다 맛은 있었지만 내타입은 아닌걸로…
타입,token,1,False,1,4.0,0.0,메밀향 너무 진하고 면이 너무 질겨서 가위를 주셨다 맛은 있었지만 내타입은 아닌걸로…
가위,token,1,False,1,4.0,0.0,메밀향 너무 진하고 면이 너무 질겨서 가위를 주셨다 맛은 있었지만 내타입은 아닌걸로…
녹두,token,1,False,1,4.0,-0.5,솔직히 평양냉면 잘 몰라서 그건 잘 모르겠고요 녹두전이 그으냥 Meechin-nom임 근데? 너무 비싸 앤드 평일 점심시간에 50분 기다려야 한다는 사실..
그으,token,1,False,1,4.0,-0.5,솔직히 평양냉면 잘 몰라서 그건 잘 모르겠고요 녹두전이 그으냥 Meechin-nom임 근데? 너무 비싸 앤드 평일 점심시간에 50분 기다려야 한다는 사실..
전이,token,1,False,1,4.0,-0.5,솔직히 평양냉면 잘 몰라서 그건 잘 모르겠고요 녹두전이 그으냥 Meechin-nom임 근데? 너무 비싸 앤드 평일 점심시간에 50분 기다려야 한다는 사실..
모르다,token,1,False,1,4.0,-0.5,솔직히 평양냉면 잘 몰라서 그건 잘 모르겠고요 녹두전이 그으냥 Meechin-nom임 근데? 너무 비싸 앤드 평일 점심시간에 50분 기다려야 한다는 사실..
앤드,token,1,False,1,4.0,-0.5,솔직히 평양냉면 잘 몰라서 그건 잘 모르겠고요 녹두전이 그으냥 Meechin-nom임 근데? 너무 비싸 앤드 평일 점심시간에 50분 기다려야 한다는 사실..
사실,token,1,False,1,4.0,-0.5,솔직히 평양냉면 잘 몰라서 그건 잘 모르겠고요 녹두전이 그으냥 Meechin-nom임 근데? 너무 비싸 앤드 평일 점심시간에 50분 기다려야 한다는 사실..
근데,token,1,False,1,4.0,-0.5,솔직히 평양냉면 잘 몰라서 그건 잘 모르겠고요 녹두전이 그으냥 Meechin-nom임 근데? 너무 비싸 앤드 평일 점심시간에 50분 기다려야 한다는 사실..
점심시간,token,1,False,1,4.0,-0.5,솔직히 평양냉면 잘 몰라서 그건 잘 모르겠고요 녹두전이 그으냥 Meechin-nom임 근데? 너무 비싸 앤드 평일 점심시간에 50분 기다려야 한다는 사실..
그건,token,1,False,1,4.0,-0.5,솔직히 평양냉면 잘 몰라서 그건 잘 모르겠고요 녹두전이 그으냥 Meechin-nom임 근데? 너무 비싸 앤드 평일 점심시간에 50분 기다려야 한다는 사실..
걸레,token,1,False,1,4.0,0.0,필O면옥 생각하고 먹었는데 저는 생각보다 걸레빤 향+고기육향이 너무 나서 겨우 먹고 나왔어요ㅠ 속이 비리더라구요... 면은 정말 잘만들었어요. 워낙 취향 타는 게 평냉이라 갠적 소감만 남깁니다.
타다,token,1,False,1,4.0,0.0,필O면옥 생각하고 먹었는데 저는 생각보다 걸레빤 향+고기육향이 너무 나서 겨우 먹고 나왔어요ㅠ 속이 비리더라구요... 면은 정말 잘만들었어요. 워낙 취향 타는 게 평냉이라 갠적 소감만 남깁니다.
나서다,token,1,False,1,4.0,0.0,필O면옥 생각하고 먹었는데 저는 생각보다 걸레빤 향+고기육향이 너무 나서 겨우 먹고 나왔어요ㅠ 속이 비리더라구요... 면은 정말 잘만들었어요. 워낙 취향 타는 게 평냉이라 갠적 소감만 남깁니다.
면옥,token,1,False,1,4.0,0.0,필O면옥 생각하고 먹었는데 저는 생각보다 걸레빤 향+고기육향이 너무 나서 겨우 먹고 나왔어요ㅠ 속이 비리더라구요... 면은 정말 잘만들었어요. 워낙 취향 타는 게 평냉이라 갠적 소감만 남깁니다.
취향,token,1,False,1,4.0,0.0,필O면옥 생각하고 먹었는데 저는 생각보다 걸레빤 향+고기육향이 너무 나서 겨우 먹고 나왔어요ㅠ 속이 비리더라구요... 면은 정말 잘만들었어요. 워낙 취향 타는 게 평냉이라 갠적 소감만 남깁니다.
소감,token,1,False,1,4.0,0.0,필O면옥 생각하고 먹었는데 저는 생각보다 걸레빤 향+고기육향이 너무 나서 겨우 먹고 나왔어요ㅠ 속이 비리더라구요... 면은 정말 잘만들었어요. 워낙 취향 타는 게 평냉이라 갠적 소감만 남깁니다.
남기다,token,1,False,1,4.0,0.0,필O면옥 생각하고 먹었는데 저는 생각보다 걸레빤 향+고기육향이 너무 나서 겨우 먹고 나왔어요ㅠ 속이 비리더라구요... 면은 정말 잘만들었어요. 워낙 취향 타는 게 평냉이라 갠적 소감만 남깁니다.
겨우,token,1,False,1,4.0,0.0,필O면옥 생각하고 먹었는데 저는 생각보다 걸레빤 향+고기육향이 너무 나서 겨우 먹고 나왔어요ㅠ 속이 비리더라구요... 면은 정말 잘만들었어요. 워낙 취향 타는 게 평냉이라 갠적 소감만 남깁니다.
빨다,token,1,False,1,4.0,0.0,필O면옥 생각하고 먹었는데 저는 생각보다 걸레빤 향+고기육향이 너무 나서 겨우 먹고 나왔어요ㅠ 속이 비리더라구요... 면은 정말 잘만들었어요. 워낙 취향 타는 게 평냉이라 갠적 소감만 남깁니다.
냉이,token,1,False,1,4.0,0.0,필O면옥 생각하고 먹었는데 저는 생각보다 걸레빤 향+고기육향이 너무 나서 겨우 먹고 나왔어요ㅠ 속이 비리더라구요... 면은 정말 잘만들었어요. 워낙 취향 타는 게 평냉이라 갠적 소감만 남깁니다.
워낙,token,1,False,1,4.0,0.0,필O면옥 생각하고 먹었는데 저는 생각보다 걸레빤 향+고기육향이 너무 나서 겨우 먹고 나왔어요ㅠ 속이 비리더라구요... 면은 정말 잘만들었어요. 워낙 취향 타는 게 평냉이라 갠적 소감만 남깁니다.
분간,token,1,False,1,4.0,-2.5,평냉 입문자라 대단히 맛있고 맛 없고를 분간하기 어려운데.. 먹을수록 맛있는 것 같아요....! 다만 가격이 비싼 느낌 ㅎ.ㅎ
대단하다,token,1,False,1,4.0,-2.5,평냉 입문자라 대단히 맛있고 맛 없고를 분간하기 어려운데.. 먹을수록 맛있는 것 같아요....! 다만 가격이 비싼 느낌 ㅎ.ㅎ
자라,token,1,False,1,4.0,-2.5,평냉 입문자라 대단히 맛있고 맛 없고를 분간하기 어려운데.. 먹을수록 맛있는 것 같아요....! 다만 가격이 비싼 느낌 ㅎ.ㅎ
타율,token,1,False,1,4.0,0.0,그래 여긴 킹정이지 인정. 을밀대는 을밀대지 기본값 톡톡히 함 가격은 ...이제 그만 올려요 이러다 다 죽어.. + 입문자 테스트용으로 지인들 데려가곤 하는데 최근 들어서는 다른 평냉집보다 타율이 떨어지는 것 같기도.
올리다,token,1,False,1,4.0,0.0,그래 여긴 킹정이지 인정. 을밀대는 을밀대지 기본값 톡톡히 함 가격은 ...이제 그만 올려요 이러다 다 죽어.. + 입문자 테스트용으로 지인들 데려가곤 하는데 최근 들어서는 다른 평냉집보다 타율이 떨어지는 것 같기도.
지인,token,1,False,1,4.0,0.0,그래 여긴 킹정이지 인정. 을밀대는 을밀대지 기본값 톡톡히 함 가격은 ...이제 그만 올려요 이러다 다 죽어.. + 입문자 테스트용으로 지인들 데려가곤 하는데 최근 들어서는 다른 평냉집보다 타율이 떨어지는 것 같기도.
이르다,token,1,False,1,4.0,0.0,그래 여긴 킹정이지 인정. 을밀대는 을밀대지 기본값 톡톡히 함 가격은 ...이제 그만 올려요 이러다 다 죽어.. + 입문자 테스트용으로 지인들 데려가곤 하는데 최근 들어서는 다른 평냉집보다 타율이 떨어지는 것 같기도.
인정,token,1,False,1,4.0,0.0,그래 여긴 킹정이지 인정. 을밀대는 을밀대지 기본값 톡톡히 함 가격은 ...이제 그만 올려요 이러다 다 죽어.. + 입문자 테스트용으로 지인들 데려가곤 하는데 최근 들어서는 다른 평냉집보다 타율이 떨어지는 것 같기도.
최근,token,1,False,1,4.0,0.0,그래 여긴 킹정이지 인정. 을밀대는 을밀대지 기본값 톡톡히 함 가격은 ...이제 그만 올려요 이러다 다 죽어.. + 입문자 테스트용으로 지인들 데려가곤 하는데 최근 들어서는 다른 평냉집보다 타율이 떨어지는 것 같기도.
죽다,token,1,False,1,4.0,0.0,그래 여긴 킹정이지 인정. 을밀대는 을밀대지 기본값 톡톡히 함 가격은 ...이제 그만 올려요 이러다 다 죽어.. + 입문자 테스트용으로 지인들 데려가곤 하는데 최근 들어서는 다른 평냉집보다 타율이 떨어지는 것 같기도.
데려가다,token,1,False,1,4.0,0.0,그래 여긴 킹정이지 인정. 을밀대는 을밀대지 기본값 톡톡히 함 가격은 ...이제 그만 올려요 이러다 다 죽어.. + 입문자 테스트용으로 지인들 데려가곤 하는데 최근 들어서는 다른 평냉집보다 타율이 떨어지는 것 같기도.
그만,token,1,False,1,4.0,0.0,그래 여긴 킹정이지 인정. 을밀대는 을밀대지 기본값 톡톡히 함 가격은 ...이제 그만 올려요 이러다 다 죽어.. + 입문자 테스트용으로 지인들 데려가곤 하는데 최근 들어서는 다른 평냉집보다 타율이 떨어지는 것 같기도.
기본,token,1,False,1,4.0,0.0,그래 여긴 킹정이지 인정. 을밀대는 을밀대지 기본값 톡톡히 함 가격은 ...이제 그만 올려요 이러다 다 죽어.. + 입문자 테스트용으로 지인들 데려가곤 하는데 최근 들어서는 다른 평냉집보다 타율이 떨어지는 것 같기도.
톡톡하다,token,1,False,1,4.0,0.0,그래 여긴 킹정이지 인정. 을밀대는 을밀대지 기본값 톡톡히 함 가격은 ...이제 그만 올려요 이러다 다 죽어.. + 입문자 테스트용으로 지인들 데려가곤 하는데 최근 들어서는 다른 평냉집보다 타율이 떨어지는 것 같기도.
이제,token,1,False,1,4.0,0.0,그래 여긴 킹정이지 인정. 을밀대는 을밀대지 기본값 톡톡히 함 가격은 ...이제 그만 올려요 이러다 다 죽어.. + 입문자 테스트용으로 지인들 데려가곤 하는데 최근 들어서는 다른 평냉집보다 타율이 떨어지는 것 같기도.
정이지,token,1,False,1,4.0,0.0,그래 여긴 킹정이지 인정. 을밀대는 을밀대지 기본값 톡톡히 함 가격은 ...이제 그만 올려요 이러다 다 죽어.. + 입문자 테스트용으로 지인들 데려가곤 하는데 최근 들어서는 다른 평냉집보다 타율이 떨어지는 것 같기도.
들어서다,token,1,False,1,4.0,0.0,그래 여긴 킹정이지 인정. 을밀대는 을밀대지 기본값 톡톡히 함 가격은 ...이제 그만 올려요 이러다 다 죽어.. + 입문자 테스트용으로 지인들 데려가곤 하는데 최근 들어서는 다른 평냉집보다 타율이 떨어지는 것 같기도.
테스트,token,1,False,1,4.0,0.0,그래 여긴 킹정이지 인정. 을밀대는 을밀대지 기본값 톡톡히 함 가격은 ...이제 그만 올려요 이러다 다 죽어.. + 입문자 테스트용으로 지인들 데려가곤 하는데 최근 들어서는 다른 평냉집보다 타율이 떨어지는 것 같기도.
전혀,token,1,False,1,4.0,0.0,그냥 그래요~ 웨이팅 할 정도 전혀 아님
허다,token,1,False,1,4.0,-3.0,아구힘 센 분이라면 뼈해장국 추천. 저는 뜯다가 국물이 좀 식었는데 음식이 식으면서 누린내가 꽤 났습니다. 우거지도 많이 주문하시던데 우거지 좀 궁금하네요. 허나 너무 바쁜 매장이라 먹을 수 있을지 걱정.
해장국,token,1,False,1,4.0,-3.0,아구힘 센 분이라면 뼈해장국 추천. 저는 뜯다가 국물이 좀 식었는데 음식이 식으면서 누린내가 꽤 났습니다. 우거지도 많이 주문하시던데 우거지 좀 궁금하네요. 허나 너무 바쁜 매장이라 먹을 수 있을지 걱정.
궁금하다,token,1,False,1,4.0,-3.0,아구힘 센 분이라면 뼈해장국 추천. 저는 뜯다가 국물이 좀 식었는데 음식이 식으면서 누린내가 꽤 났습니다. 우거지도 많이 주문하시던데 우거지 좀 궁금하네요. 허나 너무 바쁜 매장이라 먹을 수 있을지 걱정.
많이,token,1,False,1,4.0,-3.0,아구힘 센 분이라면 뼈해장국 추천. 저는 뜯다가 국물이 좀 식었는데 음식이 식으면서 누린내가 꽤 났습니다. 우거지도 많이 주문하시던데 우거지 좀 궁금하네요. 허나 너무 바쁜 매장이라 먹을 수 있을지 걱정.
뜯다,token,1,False,1,4.0,-3.0,아구힘 센 분이라면 뼈해장국 추천. 저는 뜯다가 국물이 좀 식었는데 음식이 식으면서 누린내가 꽤 났습니다. 우거지도 많이 주문하시던데 우거지 좀 궁금하네요. 허나 너무 바쁜 매장이라 먹을 수 있을지 걱정.
매장,token,1,False,1,4.0,-3.0,아구힘 센 분이라면 뼈해장국 추천. 저는 뜯다가 국물이 좀 식었는데 음식이 식으면서 누린내가 꽤 났습니다. 우거지도 많이 주문하시던데 우거지 좀 궁금하네요. 허나 너무 바쁜 매장이라 먹을 수 있을지 걱정.
세다,token,1,False,1,4.0,-3.0,아구힘 센 분이라면 뼈해장국 추천. 저는 뜯다가 국물이 좀 식었는데 음식이 식으면서 누린내가 꽤 났습니다. 우거지도 많이 주문하시던데 우거지 좀 궁금하네요. 허나 너무 바쁜 매장이라 먹을 수 있을지 걱정.
우거지,token,1,False,1,4.0,-3.0,아구힘 센 분이라면 뼈해장국 추천. 저는 뜯다가 국물이 좀 식었는데 음식이 식으면서 누린내가 꽤 났습니다. 우거지도 많이 주문하시던데 우거지 좀 궁금하네요. 허나 너무 바쁜 매장이라 먹을 수 있을지 걱정.
아구,token,1,False,1,4.0,-3.0,아구힘 센 분이라면 뼈해장국 추천. 저는 뜯다가 국물이 좀 식었는데 음식이 식으면서 누린내가 꽤 났습니다. 우거지도 많이 주문하시던데 우거지 좀 궁금하네요. 허나 너무 바쁜 매장이라 먹을 수 있을지 걱정.
대자,token,1,False,1,4.0,-1.0,"!! 인원별로 주문해야합니다 !! 4인이서 가서 대자 (49000원)로 시켰어요 사람이 많아서 그런가 직원분들이 조금 불친절 하셔서 1점 뺐어요 ㅠ 주말 오후 8시쯤에 가서 대기 10분정도 했고, 깍두기랑 소스가 킥이에요 굿임 한번쯤 성수오면 들릴만 하고 고기가 부드러웠어요"
빼다,token,1,False,1,4.0,-1.0,"!! 인원별로 주문해야합니다 !! 4인이서 가서 대자 (49000원)로 시켰어요 사람이 많아서 그런가 직원분들이 조금 불친절 하셔서 1점 뺐어요 ㅠ 주말 오후 8시쯤에 가서 대기 10분정도 했고, 깍두기랑 소스가 킥이에요 굿임 한번쯤 성수오면 들릴만 하고 고기가 부드러웠어요"
깍두기,token,1,False,1,4.0,-1.0,"!! 인원별로 주문해야합니다 !! 4인이서 가서 대자 (49000원)로 시켰어요 사람이 많아서 그런가 직원분들이 조금 불친절 하셔서 1점 뺐어요 ㅠ 주말 오후 8시쯤에 가서 대기 10분정도 했고, 깍두기랑 소스가 킥이에요 굿임 한번쯤 성수오면 들릴만 하고 고기가 부드러웠어요"
오후,token,1,False,1,4.0,-1.0,"!! 인원별로 주문해야합니다 !! 4인이서 가서 대자 (49000원)로 시켰어요 사람이 많아서 그런가 직원분들이 조금 불친절 하셔서 1점 뺐어요 ㅠ 주말 오후 8시쯤에 가서 대기 10분정도 했고, 깍두기랑 소스가 킥이에요 굿임 한번쯤 성수오면 들릴만 하고 고기가 부드러웠어요"
인원,token,1,False,1,4.0,-1.0,"!! 인원별로 주문해야합니다 !! 4인이서 가서 대자 (49000원)로 시켰어요 사람이 많아서 그런가 직원분들이 조금 불친절 하셔서 1점 뺐어요 ㅠ 주말 오후 8시쯤에 가서 대기 10분정도 했고, 깍두기랑 소스가 킥이에요 굿임 한번쯤 성수오면 들릴만 하고 고기가 부드러웠어요"
이서,token,1,False,1,4.0,-1.0,"!! 인원별로 주문해야합니다 !! 4인이서 가서 대자 (49000원)로 시켰어요 사람이 많아서 그런가 직원분들이 조금 불친절 하셔서 1점 뺐어요 ㅠ 주말 오후 8시쯤에 가서 대기 10분정도 했고, 깍두기랑 소스가 킥이에요 굿임 한번쯤 성수오면 들릴만 하고 고기가 부드러웠어요"
한번,token,1,False,1,4.0,-1.0,"!! 인원별로 주문해야합니다 !! 4인이서 가서 대자 (49000원)로 시켰어요 사람이 많아서 그런가 직원분들이 조금 불친절 하셔서 1점 뺐어요 ㅠ 주말 오후 8시쯤에 가서 대기 10분정도 했고, 깍두기랑 소스가 킥이에요 굿임 한번쯤 성수오면 들릴만 하고 고기가 부드러웠어요"
소스,token,1,False,1,4.0,-1.0,"!! 인원별로 주문해야합니다 !! 4인이서 가서 대자 (49000원)로 시켰어요 사람이 많아서 그런가 직원분들이 조금 불친절 하셔서 1점 뺐어요 ㅠ 주말 오후 8시쯤에 가서 대기 10분정도 했고, 깍두기랑 소스가 킥이에요 굿임 한번쯤 성수오면 들릴만 하고 고기가 부드러웠어요"
수오,token,1,False,1,4.0,-1.0,"!! 인원별로 주문해야합니다 !! 4인이서 가서 대자 (49000원)로 시켰어요 사람이 많아서 그런가 직원분들이 조금 불친절 하셔서 1점 뺐어요 ㅠ 주말 오후 8시쯤에 가서 대기 10분정도 했고, 깍두기랑 소스가 킥이에요 굿임 한번쯤 성수오면 들릴만 하고 고기가 부드러웠어요"
런가,token,1,False,1,4.0,-1.0,"!! 인원별로 주문해야합니다 !! 4인이서 가서 대자 (49000원)로 시켰어요 사람이 많아서 그런가 직원분들이 조금 불친절 하셔서 1점 뺐어요 ㅠ 주말 오후 8시쯤에 가서 대기 10분정도 했고, 깍두기랑 소스가 킥이에요 굿임 한번쯤 성수오면 들릴만 하고 고기가 부드러웠어요"
주말,token,1,False,1,4.0,-1.0,"!! 인원별로 주문해야합니다 !! 4인이서 가서 대자 (49000원)로 시켰어요 사람이 많아서 그런가 직원분들이 조금 불친절 하셔서 1점 뺐어요 ㅠ 주말 오후 8시쯤에 가서 대기 10분정도 했고, 깍두기랑 소스가 킥이에요 굿임 한번쯤 성수오면 들릴만 하고 고기가 부드러웠어요"
넘다,token,1,False,1,4.0,-1.0,넘 많은 방문인들로 인해 불편함
인하다,token,1,False,1,4.0,-1.0,넘 많은 방문인들로 인해 불편함
뜯기다,token,1,False,1,4.0,0.0,"평범한줄 알았는데, 다른 뼈다귀집 가니까 고기가 질겨서 안뜯김... 여기정도면 상급이다."
상급,token,1,False,1,4.0,0.0,"평범한줄 알았는데, 다른 뼈다귀집 가니까 고기가 질겨서 안뜯김... 여기정도면 상급이다."
알다,token,1,False,1,4.0,0.0,"평범한줄 알았는데, 다른 뼈다귀집 가니까 고기가 질겨서 안뜯김... 여기정도면 상급이다."
간격,token,1,False,1,4.0,-4.0,음식 잘 나오고 여자 직원분은 친절함 (다른 리뷰처럼 남자 사장은 불친절). 테이블 간격이 너무 좁아 정신없음
리뷰,token,1,False,1,4.0,-4.0,음식 잘 나오고 여자 직원분은 친절함 (다른 리뷰처럼 남자 사장은 불친절). 테이블 간격이 너무 좁아 정신없음
여자,token,1,False,1,4.0,-4.0,음식 잘 나오고 여자 직원분은 친절함 (다른 리뷰처럼 남자 사장은 불친절). 테이블 간격이 너무 좁아 정신없음
남자,token,1,False,1,4.0,-4.0,음식 잘 나오고 여자 직원분은 친절함 (다른 리뷰처럼 남자 사장은 불친절). 테이블 간격이 너무 좁아 정신없음
정신,token,1,False,1,4.0,-4.0,음식 잘 나오고 여자 직원분은 친절함 (다른 리뷰처럼 남자 사장은 불친절). 테이블 간격이 너무 좁아 정신없음
제대로,token,1,False,1,4.0,-3.0,"요즘 세상에 웨이팅 장부 없는 가게이고 차량 대로변에 다른가게 피해가게 줄 세워놓는 가게도 처음본다 가게 입구에 안내문 붙여놓지 손님끼리 기다리는법 서로 물어봄 사장이 외국인을 애정하시는지 식사 중 왔던 유럽인.일본인에게는 계란부친거 ""써뷔쓰으~~""하면서 되도 않는 영어 쓰시며 주시더라 식대지불한 음식이라도 제대로 주면 다른건 상관없는데 외국인들은 고기 상태 좋은쪽 곱게 썰어서 주고 한국인 테이블엔 고기 잔 부스레기 +비계 잔뜩 외국인들 대접해주는건 좋게 보이는데 기존 다니던 손님 음식은 개밥처럼 주고..정 떨어져서 가기 싫어짐 칼"
가져다주다,token,1,False,1,4.0,-3.0,"요즘 세상에 웨이팅 장부 없는 가게이고 차량 대로변에 다른가게 피해가게 줄 세워놓는 가게도 처음본다 가게 입구에 안내문 붙여놓지 손님끼리 기다리는법 서로 물어봄 사장이 외국인을 애정하시는지 식사 중 왔던 유럽인.일본인에게는 계란부친거 ""써뷔쓰으~~""하면서 되도 않는 영어 쓰시며 주시더라 식대지불한 음식이라도 제대로 주면 다른건 상관없는데 외국인들은 고기 상태 좋은쪽 곱게 썰어서 주고 한국인 테이블엔 고기 잔 부스레기 +비계 잔뜩 외국인들 대접해주는건 좋게 보이는데 기존 다니던 손님 음식은 개밥처럼 주고..정 떨어져서 가기 싫어짐 칼"
그리다,token,1,False,1,4.0,-3.0,"요즘 세상에 웨이팅 장부 없는 가게이고 차량 대로변에 다른가게 피해가게 줄 세워놓는 가게도 처음본다 가게 입구에 안내문 붙여놓지 손님끼리 기다리는법 서로 물어봄 사장이 외국인을 애정하시는지 식사 중 왔던 유럽인.일본인에게는 계란부친거 ""써뷔쓰으~~""하면서 되도 않는 영어 쓰시며 주시더라 식대지불한 음식이라도 제대로 주면 다른건 상관없는데 외국인들은 고기 상태 좋은쪽 곱게 썰어서 주고 한국인 테이블엔 고기 잔 부스레기 +비계 잔뜩 외국인들 대접해주는건 좋게 보이는데 기존 다니던 손님 음식은 개밥처럼 주고..정 떨어져서 가기 싫어짐 칼"
물어보다,token,1,False,1,4.0,-3.0,"요즘 세상에 웨이팅 장부 없는 가게이고 차량 대로변에 다른가게 피해가게 줄 세워놓는 가게도 처음본다 가게 입구에 안내문 붙여놓지 손님끼리 기다리는법 서로 물어봄 사장이 외국인을 애정하시는지 식사 중 왔던 유럽인.일본인에게는 계란부친거 ""써뷔쓰으~~""하면서 되도 않는 영어 쓰시며 주시더라 식대지불한 음식이라도 제대로 주면 다른건 상관없는데 외국인들은 고기 상태 좋은쪽 곱게 썰어서 주고 한국인 테이블엔 고기 잔 부스레기 +비계 잔뜩 외국인들 대접해주는건 좋게 보이는데 기존 다니던 손님 음식은 개밥처럼 주고..정 떨어져서 가기 싫어짐 칼"
외치,token,1,False,1,4.0,-3.0,"요즘 세상에 웨이팅 장부 없는 가게이고 차량 대로변에 다른가게 피해가게 줄 세워놓는 가게도 처음본다 가게 입구에 안내문 붙여놓지 손님끼리 기다리는법 서로 물어봄 사장이 외국인을 애정하시는지 식사 중 왔던 유럽인.일본인에게는 계란부친거 ""써뷔쓰으~~""하면서 되도 않는 영어 쓰시며 주시더라 식대지불한 음식이라도 제대로 주면 다른건 상관없는데 외국인들은 고기 상태 좋은쪽 곱게 썰어서 주고 한국인 테이블엔 고기 잔 부스레기 +비계 잔뜩 외국인들 대접해주는건 좋게 보이는데 기존 다니던 손님 음식은 개밥처럼 주고..정 떨어져서 가기 싫어짐 칼"
눈치,token,1,False,1,4.0,-3.0,"요즘 세상에 웨이팅 장부 없는 가게이고 차량 대로변에 다른가게 피해가게 줄 세워놓는 가게도 처음본다 가게 입구에 안내문 붙여놓지 손님끼리 기다리는법 서로 물어봄 사장이 외국인을 애정하시는지 식사 중 왔던 유럽인.일본인에게는 계란부친거 ""써뷔쓰으~~""하면서 되도 않는 영어 쓰시며 주시더라 식대지불한 음식이라도 제대로 주면 다른건 상관없는데 외국인들은 고기 상태 좋은쪽 곱게 썰어서 주고 한국인 테이블엔 고기 잔 부스레기 +비계 잔뜩 외국인들 대접해주는건 좋게 보이는데 기존 다니던 손님 음식은 개밥처럼 주고..정 떨어져서 가기 싫어짐 칼"
부스,token,1,False,1,4.0,-3.0,"요즘 세상에 웨이팅 장부 없는 가게이고 차량 대로변에 다른가게 피해가게 줄 세워놓는 가게도 처음본다 가게 입구에 안내문 붙여놓지 손님끼리 기다리는법 서로 물어봄 사장이 외국인을 애정하시는지 식사 중 왔던 유럽인.일본인에게는 계란부친거 ""써뷔쓰으~~""하면서 되도 않는 영어 쓰시며 주시더라 식대지불한 음식이라도 제대로 주면 다른건 상관없는데 외국인들은 고기 상태 좋은쪽 곱게 썰어서 주고 한국인 테이블엔 고기 잔 부스레기 +비계 잔뜩 외국인들 대접해주는건 좋게 보이는데 기존 다니던 손님 음식은 개밥처럼 주고..정 떨어져서 가기 싫어짐 칼"
끼리,token,1,False,1,4.0,-3.0,"요즘 세상에 웨이팅 장부 없는 가게이고 차량 대로변에 다른가게 피해가게 줄 세워놓는 가게도 처음본다 가게 입구에 안내문 붙여놓지 손님끼리 기다리는법 서로 물어봄 사장이 외국인을 애정하시는지 식사 중 왔던 유럽인.일본인에게는 계란부친거 ""써뷔쓰으~~""하면서 되도 않는 영어 쓰시며 주시더라 식대지불한 음식이라도 제대로 주면 다른건 상관없는데 외국인들은 고기 상태 좋은쪽 곱게 썰어서 주고 한국인 테이블엔 고기 잔 부스레기 +비계 잔뜩 외국인들 대접해주는건 좋게 보이는데 기존 다니던 손님 음식은 개밥처럼 주고..정 떨어져서 가기 싫어짐 칼"
부치다,token,1,False,1,4.0,-3.0,"요즘 세상에 웨이팅 장부 없는 가게이고 차량 대로변에 다른가게 피해가게 줄 세워놓는 가게도 처음본다 가게 입구에 안내문 붙여놓지 손님끼리 기다리는법 서로 물어봄 사장이 외국인을 애정하시는지 식사 중 왔던 유럽인.일본인에게는 계란부친거 ""써뷔쓰으~~""하면서 되도 않는 영어 쓰시며 주시더라 식대지불한 음식이라도 제대로 주면 다른건 상관없는데 외국인들은 고기 상태 좋은쪽 곱게 썰어서 주고 한국인 테이블엔 고기 잔 부스레기 +비계 잔뜩 외국인들 대접해주는건 좋게 보이는데 기존 다니던 손님 음식은 개밥처럼 주고..정 떨어져서 가기 싫어짐 칼"
서로,token,1,False,1,4.0,-3.0,"요즘 세상에 웨이팅 장부 없는 가게이고 차량 대로변에 다른가게 피해가게 줄 세워놓는 가게도 처음본다 가게 입구에 안내문 붙여놓지 손님끼리 기다리는법 서로 물어봄 사장이 외국인을 애정하시는지 식사 중 왔던 유럽인.일본인에게는 계란부친거 ""써뷔쓰으~~""하면서 되도 않는 영어 쓰시며 주시더라 식대지불한 음식이라도 제대로 주면 다른건 상관없는데 외국인들은 고기 상태 좋은쪽 곱게 썰어서 주고 한국인 테이블엔 고기 잔 부스레기 +비계 잔뜩 외국인들 대접해주는건 좋게 보이는데 기존 다니던 손님 음식은 개밥처럼 주고..정 떨어져서 가기 싫어짐 칼"
끓이다,token,1,False,1,4.0,-3.0,"요즘 세상에 웨이팅 장부 없는 가게이고 차량 대로변에 다른가게 피해가게 줄 세워놓는 가게도 처음본다 가게 입구에 안내문 붙여놓지 손님끼리 기다리는법 서로 물어봄 사장이 외국인을 애정하시는지 식사 중 왔던 유럽인.일본인에게는 계란부친거 ""써뷔쓰으~~""하면서 되도 않는 영어 쓰시며 주시더라 식대지불한 음식이라도 제대로 주면 다른건 상관없는데 외국인들은 고기 상태 좋은쪽 곱게 썰어서 주고 한국인 테이블엔 고기 잔 부스레기 +비계 잔뜩 외국인들 대접해주는건 좋게 보이는데 기존 다니던 손님 음식은 개밥처럼 주고..정 떨어져서 가기 싫어짐 칼"
쓰시,token,1,False,1,4.0,-3.0,"요즘 세상에 웨이팅 장부 없는 가게이고 차량 대로변에 다른가게 피해가게 줄 세워놓는 가게도 처음본다 가게 입구에 안내문 붙여놓지 손님끼리 기다리는법 서로 물어봄 사장이 외국인을 애정하시는지 식사 중 왔던 유럽인.일본인에게는 계란부친거 ""써뷔쓰으~~""하면서 되도 않는 영어 쓰시며 주시더라 식대지불한 음식이라도 제대로 주면 다른건 상관없는데 외국인들은 고기 상태 좋은쪽 곱게 썰어서 주고 한국인 테이블엔 고기 잔 부스레기 +비계 잔뜩 외국인들 대접해주는건 좋게 보이는데 기존 다니던 손님 음식은 개밥처럼 주고..정 떨어져서 가기 싫어짐 칼"
잔뜩,token,1,False,1,4.0,-3.0,"요즘 세상에 웨이팅 장부 없는 가게이고 차량 대로변에 다른가게 피해가게 줄 세워놓는 가게도 처음본다 가게 입구에 안내문 붙여놓지 손님끼리 기다리는법 서로 물어봄 사장이 외국인을 애정하시는지 식사 중 왔던 유럽인.일본인에게는 계란부친거 ""써뷔쓰으~~""하면서 되도 않는 영어 쓰시며 주시더라 식대지불한 음식이라도 제대로 주면 다른건 상관없는데 외국인들은 고기 상태 좋은쪽 곱게 썰어서 주고 한국인 테이블엔 고기 잔 부스레기 +비계 잔뜩 외국인들 대접해주는건 좋게 보이는데 기존 다니던 손님 음식은 개밥처럼 주고..정 떨어져서 가기 싫어짐 칼"
해주다,token,1,False,1,4.0,-3.0,"요즘 세상에 웨이팅 장부 없는 가게이고 차량 대로변에 다른가게 피해가게 줄 세워놓는 가게도 처음본다 가게 입구에 안내문 붙여놓지 손님끼리 기다리는법 서로 물어봄 사장이 외국인을 애정하시는지 식사 중 왔던 유럽인.일본인에게는 계란부친거 ""써뷔쓰으~~""하면서 되도 않는 영어 쓰시며 주시더라 식대지불한 음식이라도 제대로 주면 다른건 상관없는데 외국인들은 고기 상태 좋은쪽 곱게 썰어서 주고 한국인 테이블엔 고기 잔 부스레기 +비계 잔뜩 외국인들 대접해주는건 좋게 보이는데 기존 다니던 손님 음식은 개밥처럼 주고..정 떨어져서 가기 싫어짐 칼"
개밥,token,1,False,1,4.0,-3.0,"요즘 세상에 웨이팅 장부 없는 가게이고 차량 대로변에 다른가게 피해가게 줄 세워놓는 가게도 처음본다 가게 입구에 안내문 붙여놓지 손님끼리 기다리는법 서로 물어봄 사장이 외국인을 애정하시는지 식사 중 왔던 유럽인.일본인에게는 계란부친거 ""써뷔쓰으~~""하면서 되도 않는 영어 쓰시며 주시더라 식대지불한 음식이라도 제대로 주면 다른건 상관없는데 외국인들은 고기 상태 좋은쪽 곱게 썰어서 주고 한국인 테이블엔 고기 잔 부스레기 +비계 잔뜩 외국인들 대접해주는건 좋게 보이는데 기존 다니던 손님 음식은 개밥처럼 주고..정 떨어져서 가기 싫어짐 칼"
대로,token,1,False,1,4.0,-3.0,"요즘 세상에 웨이팅 장부 없는 가게이고 차량 대로변에 다른가게 피해가게 줄 세워놓는 가게도 처음본다 가게 입구에 안내문 붙여놓지 손님끼리 기다리는법 서로 물어봄 사장이 외국인을 애정하시는지 식사 중 왔던 유럽인.일본인에게는 계란부친거 ""써뷔쓰으~~""하면서 되도 않는 영어 쓰시며 주시더라 식대지불한 음식이라도 제대로 주면 다른건 상관없는데 외국인들은 고기 상태 좋은쪽 곱게 썰어서 주고 한국인 테이블엔 고기 잔 부스레기 +비계 잔뜩 외국인들 대접해주는건 좋게 보이는데 기존 다니던 손님 음식은 개밥처럼 주고..정 떨어져서 가기 싫어짐 칼"
상태,token,1,False,1,4.0,-3.0,"요즘 세상에 웨이팅 장부 없는 가게이고 차량 대로변에 다른가게 피해가게 줄 세워놓는 가게도 처음본다 가게 입구에 안내문 붙여놓지 손님끼리 기다리는법 서로 물어봄 사장이 외국인을 애정하시는지 식사 중 왔던 유럽인.일본인에게는 계란부친거 ""써뷔쓰으~~""하면서 되도 않는 영어 쓰시며 주시더라 식대지불한 음식이라도 제대로 주면 다른건 상관없는데 외국인들은 고기 상태 좋은쪽 곱게 썰어서 주고 한국인 테이블엔 고기 잔 부스레기 +비계 잔뜩 외국인들 대접해주는건 좋게 보이는데 기존 다니던 손님 음식은 개밥처럼 주고..정 떨어져서 가기 싫어짐 칼"
지불,token,1,False,1,4.0,-3.0,"요즘 세상에 웨이팅 장부 없는 가게이고 차량 대로변에 다른가게 피해가게 줄 세워놓는 가게도 처음본다 가게 입구에 안내문 붙여놓지 손님끼리 기다리는법 서로 물어봄 사장이 외국인을 애정하시는지 식사 중 왔던 유럽인.일본인에게는 계란부친거 ""써뷔쓰으~~""하면서 되도 않는 영어 쓰시며 주시더라 식대지불한 음식이라도 제대로 주면 다른건 상관없는데 외국인들은 고기 상태 좋은쪽 곱게 썰어서 주고 한국인 테이블엔 고기 잔 부스레기 +비계 잔뜩 외국인들 대접해주는건 좋게 보이는데 기존 다니던 손님 음식은 개밥처럼 주고..정 떨어져서 가기 싫어짐 칼"
그게,token,1,False,1,4.0,-3.0,"요즘 세상에 웨이팅 장부 없는 가게이고 차량 대로변에 다른가게 피해가게 줄 세워놓는 가게도 처음본다 가게 입구에 안내문 붙여놓지 손님끼리 기다리는법 서로 물어봄 사장이 외국인을 애정하시는지 식사 중 왔던 유럽인.일본인에게는 계란부친거 ""써뷔쓰으~~""하면서 되도 않는 영어 쓰시며 주시더라 식대지불한 음식이라도 제대로 주면 다른건 상관없는데 외국인들은 고기 상태 좋은쪽 곱게 썰어서 주고 한국인 테이블엔 고기 잔 부스레기 +비계 잔뜩 외국인들 대접해주는건 좋게 보이는데 기존 다니던 손님 음식은 개밥처럼 주고..정 떨어져서 가기 싫어짐 칼"
피해,token,1,False,1,4.0,-3.0,"요즘 세상에 웨이팅 장부 없는 가게이고 차량 대로변에 다른가게 피해가게 줄 세워놓는 가게도 처음본다 가게 입구에 안내문 붙여놓지 손님끼리 기다리는법 서로 물어봄 사장이 외국인을 애정하시는지 식사 중 왔던 유럽인.일본인에게는 계란부친거 ""써뷔쓰으~~""하면서 되도 않는 영어 쓰시며 주시더라 식대지불한 음식이라도 제대로 주면 다른건 상관없는데 외국인들은 고기 상태 좋은쪽 곱게 썰어서 주고 한국인 테이블엔 고기 잔 부스레기 +비계 잔뜩 외국인들 대접해주는건 좋게 보이는데 기존 다니던 손님 음식은 개밥처럼 주고..정 떨어져서 가기 싫어짐 칼"
붙이다,token,1,False,1,4.0,-3.0,"요즘 세상에 웨이팅 장부 없는 가게이고 차량 대로변에 다른가게 피해가게 줄 세워놓는 가게도 처음본다 가게 입구에 안내문 붙여놓지 손님끼리 기다리는법 서로 물어봄 사장이 외국인을 애정하시는지 식사 중 왔던 유럽인.일본인에게는 계란부친거 ""써뷔쓰으~~""하면서 되도 않는 영어 쓰시며 주시더라 식대지불한 음식이라도 제대로 주면 다른건 상관없는데 외국인들은 고기 상태 좋은쪽 곱게 썰어서 주고 한국인 테이블엔 고기 잔 부스레기 +비계 잔뜩 외국인들 대접해주는건 좋게 보이는데 기존 다니던 손님 음식은 개밥처럼 주고..정 떨어져서 가기 싫어짐 칼"
재능,token,1,False,1,4.0,-3.0,"요즘 세상에 웨이팅 장부 없는 가게이고 차량 대로변에 다른가게 피해가게 줄 세워놓는 가게도 처음본다 가게 입구에 안내문 붙여놓지 손님끼리 기다리는법 서로 물어봄 사장이 외국인을 애정하시는지 식사 중 왔던 유럽인.일본인에게는 계란부친거 ""써뷔쓰으~~""하면서 되도 않는 영어 쓰시며 주시더라 식대지불한 음식이라도 제대로 주면 다른건 상관없는데 외국인들은 고기 상태 좋은쪽 곱게 썰어서 주고 한국인 테이블엔 고기 잔 부스레기 +비계 잔뜩 외국인들 대접해주는건 좋게 보이는데 기존 다니던 손님 음식은 개밥처럼 주고..정 떨어져서 가기 싫어짐 칼"
허공,token,1,False,1,4.0,-3.0,"요즘 세상에 웨이팅 장부 없는 가게이고 차량 대로변에 다른가게 피해가게 줄 세워놓는 가게도 처음본다 가게 입구에 안내문 붙여놓지 손님끼리 기다리는법 서로 물어봄 사장이 외국인을 애정하시는지 식사 중 왔던 유럽인.일본인에게는 계란부친거 ""써뷔쓰으~~""하면서 되도 않는 영어 쓰시며 주시더라 식대지불한 음식이라도 제대로 주면 다른건 상관없는데 외국인들은 고기 상태 좋은쪽 곱게 썰어서 주고 한국인 테이블엔 고기 잔 부스레기 +비계 잔뜩 외국인들 대접해주는건 좋게 보이는데 기존 다니던 손님 음식은 개밥처럼 주고..정 떨어져서 가기 싫어짐 칼"
아줌마,token,1,False,1,4.0,-3.0,"요즘 세상에 웨이팅 장부 없는 가게이고 차량 대로변에 다른가게 피해가게 줄 세워놓는 가게도 처음본다 가게 입구에 안내문 붙여놓지 손님끼리 기다리는법 서로 물어봄 사장이 외국인을 애정하시는지 식사 중 왔던 유럽인.일본인에게는 계란부친거 ""써뷔쓰으~~""하면서 되도 않는 영어 쓰시며 주시더라 식대지불한 음식이라도 제대로 주면 다른건 상관없는데 외국인들은 고기 상태 좋은쪽 곱게 썰어서 주고 한국인 테이블엔 고기 잔 부스레기 +비계 잔뜩 외국인들 대접해주는건 좋게 보이는데 기존 다니던 손님 음식은 개밥처럼 주고..정 떨어져서 가기 싫어짐 칼"
이렇게,token,1,False,1,4.0,-3.0,"요즘 세상에 웨이팅 장부 없는 가게이고 차량 대로변에 다른가게 피해가게 줄 세워놓는 가게도 처음본다 가게 입구에 안내문 붙여놓지 손님끼리 기다리는법 서로 물어봄 사장이 외국인을 애정하시는지 식사 중 왔던 유럽인.일본인에게는 계란부친거 ""써뷔쓰으~~""하면서 되도 않는 영어 쓰시며 주시더라 식대지불한 음식이라도 제대로 주면 다른건 상관없는데 외국인들은 고기 상태 좋은쪽 곱게 썰어서 주고 한국인 테이블엔 고기 잔 부스레기 +비계 잔뜩 외국인들 대접해주는건 좋게 보이는데 기존 다니던 손님 음식은 개밥처럼 주고..정 떨어져서 가기 싫어짐 칼"
장부,token,1,False,1,4.0,-3.0,"요즘 세상에 웨이팅 장부 없는 가게이고 차량 대로변에 다른가게 피해가게 줄 세워놓는 가게도 처음본다 가게 입구에 안내문 붙여놓지 손님끼리 기다리는법 서로 물어봄 사장이 외국인을 애정하시는지 식사 중 왔던 유럽인.일본인에게는 계란부친거 ""써뷔쓰으~~""하면서 되도 않는 영어 쓰시며 주시더라 식대지불한 음식이라도 제대로 주면 다른건 상관없는데 외국인들은 고기 상태 좋은쪽 곱게 썰어서 주고 한국인 테이블엔 고기 잔 부스레기 +비계 잔뜩 외국인들 대접해주는건 좋게 보이는데 기존 다니던 손님 음식은 개밥처럼 주고..정 떨어져서 가기 싫어짐 칼"
썰다,token,1,False,1,4.0,-3.0,"요즘 세상에 웨이팅 장부 없는 가게이고 차량 대로변에 다른가게 피해가게 줄 세워놓는 가게도 처음본다 가게 입구에 안내문 붙여놓지 손님끼리 기다리는법 서로 물어봄 사장이 외국인을 애정하시는지 식사 중 왔던 유럽인.일본인에게는 계란부친거 ""써뷔쓰으~~""하면서 되도 않는 영어 쓰시며 주시더라 식대지불한 음식이라도 제대로 주면 다른건 상관없는데 외국인들은 고기 상태 좋은쪽 곱게 썰어서 주고 한국인 테이블엔 고기 잔 부스레기 +비계 잔뜩 외국인들 대접해주는건 좋게 보이는데 기존 다니던 손님 음식은 개밥처럼 주고..정 떨어져서 가기 싫어짐 칼"
대접,token,1,False,1,4.0,-3.0,"요즘 세상에 웨이팅 장부 없는 가게이고 차량 대로변에 다른가게 피해가게 줄 세워놓는 가게도 처음본다 가게 입구에 안내문 붙여놓지 손님끼리 기다리는법 서로 물어봄 사장이 외국인을 애정하시는지 식사 중 왔던 유럽인.일본인에게는 계란부친거 ""써뷔쓰으~~""하면서 되도 않는 영어 쓰시며 주시더라 식대지불한 음식이라도 제대로 주면 다른건 상관없는데 외국인들은 고기 상태 좋은쪽 곱게 썰어서 주고 한국인 테이블엔 고기 잔 부스레기 +비계 잔뜩 외국인들 대접해주는건 좋게 보이는데 기존 다니던 손님 음식은 개밥처럼 주고..정 떨어져서 가기 싫어짐 칼"
영어,token,1,False,1,4.0,-3.0,"요즘 세상에 웨이팅 장부 없는 가게이고 차량 대로변에 다른가게 피해가게 줄 세워놓는 가게도 처음본다 가게 입구에 안내문 붙여놓지 손님끼리 기다리는법 서로 물어봄 사장이 외국인을 애정하시는지 식사 중 왔던 유럽인.일본인에게는 계란부친거 ""써뷔쓰으~~""하면서 되도 않는 영어 쓰시며 주시더라 식대지불한 음식이라도 제대로 주면 다른건 상관없는데 외국인들은 고기 상태 좋은쪽 곱게 썰어서 주고 한국인 테이블엔 고기 잔 부스레기 +비계 잔뜩 외국인들 대접해주는건 좋게 보이는데 기존 다니던 손님 음식은 개밥처럼 주고..정 떨어져서 가기 싫어짐 칼"
애정,token,1,False,1,4.0,-3.0,"요즘 세상에 웨이팅 장부 없는 가게이고 차량 대로변에 다른가게 피해가게 줄 세워놓는 가게도 처음본다 가게 입구에 안내문 붙여놓지 손님끼리 기다리는법 서로 물어봄 사장이 외국인을 애정하시는지 식사 중 왔던 유럽인.일본인에게는 계란부친거 ""써뷔쓰으~~""하면서 되도 않는 영어 쓰시며 주시더라 식대지불한 음식이라도 제대로 주면 다른건 상관없는데 외국인들은 고기 상태 좋은쪽 곱게 썰어서 주고 한국인 테이블엔 고기 잔 부스레기 +비계 잔뜩 외국인들 대접해주는건 좋게 보이는데 기존 다니던 손님 음식은 개밥처럼 주고..정 떨어져서 가기 싫어짐 칼"
세상,token,1,False,1,4.0,-3.0,"요즘 세상에 웨이팅 장부 없는 가게이고 차량 대로변에 다른가게 피해가게 줄 세워놓는 가게도 처음본다 가게 입구에 안내문 붙여놓지 손님끼리 기다리는법 서로 물어봄 사장이 외국인을 애정하시는지 식사 중 왔던 유럽인.일본인에게는 계란부친거 ""써뷔쓰으~~""하면서 되도 않는 영어 쓰시며 주시더라 식대지불한 음식이라도 제대로 주면 다른건 상관없는데 외국인들은 고기 상태 좋은쪽 곱게 썰어서 주고 한국인 테이블엔 고기 잔 부스레기 +비계 잔뜩 외국인들 대접해주는건 좋게 보이는데 기존 다니던 손님 음식은 개밥처럼 주고..정 떨어져서 가기 싫어짐 칼"
비계,token,1,False,1,4.0,-3.0,"요즘 세상에 웨이팅 장부 없는 가게이고 차량 대로변에 다른가게 피해가게 줄 세워놓는 가게도 처음본다 가게 입구에 안내문 붙여놓지 손님끼리 기다리는법 서로 물어봄 사장이 외국인을 애정하시는지 식사 중 왔던 유럽인.일본인에게는 계란부친거 ""써뷔쓰으~~""하면서 되도 않는 영어 쓰시며 주시더라 식대지불한 음식이라도 제대로 주면 다른건 상관없는데 외국인들은 고기 상태 좋은쪽 곱게 썰어서 주고 한국인 테이블엔 고기 잔 부스레기 +비계 잔뜩 외국인들 대접해주는건 좋게 보이는데 기존 다니던 손님 음식은 개밥처럼 주고..정 떨어져서 가기 싫어짐 칼"
세우다,token,1,False,1,4.0,-3.0,"요즘 세상에 웨이팅 장부 없는 가게이고 차량 대로변에 다른가게 피해가게 줄 세워놓는 가게도 처음본다 가게 입구에 안내문 붙여놓지 손님끼리 기다리는법 서로 물어봄 사장이 외국인을 애정하시는지 식사 중 왔던 유럽인.일본인에게는 계란부친거 ""써뷔쓰으~~""하면서 되도 않는 영어 쓰시며 주시더라 식대지불한 음식이라도 제대로 주면 다른건 상관없는데 외국인들은 고기 상태 좋은쪽 곱게 썰어서 주고 한국인 테이블엔 고기 잔 부스레기 +비계 잔뜩 외국인들 대접해주는건 좋게 보이는데 기존 다니던 손님 음식은 개밥처럼 주고..정 떨어져서 가기 싫어짐 칼"
추가,token,1,False,1,4.0,-3.0,"요즘 세상에 웨이팅 장부 없는 가게이고 차량 대로변에 다른가게 피해가게 줄 세워놓는 가게도 처음본다 가게 입구에 안내문 붙여놓지 손님끼리 기다리는법 서로 물어봄 사장이 외국인을 애정하시는지 식사 중 왔던 유럽인.일본인에게는 계란부친거 ""써뷔쓰으~~""하면서 되도 않는 영어 쓰시며 주시더라 식대지불한 음식이라도 제대로 주면 다른건 상관없는데 외국인들은 고기 상태 좋은쪽 곱게 썰어서 주고 한국인 테이블엔 고기 잔 부스레기 +비계 잔뜩 외국인들 대접해주는건 좋게 보이는데 기존 다니던 손님 음식은 개밥처럼 주고..정 떨어져서 가기 싫어짐 칼"
레기,token,1,False,1,4.0,-3.0,"요즘 세상에 웨이팅 장부 없는 가게이고 차량 대로변에 다른가게 피해가게 줄 세워놓는 가게도 처음본다 가게 입구에 안내문 붙여놓지 손님끼리 기다리는법 서로 물어봄 사장이 외국인을 애정하시는지 식사 중 왔던 유럽인.일본인에게는 계란부친거 ""써뷔쓰으~~""하면서 되도 않는 영어 쓰시며 주시더라 식대지불한 음식이라도 제대로 주면 다른건 상관없는데 외국인들은 고기 상태 좋은쪽 곱게 썰어서 주고 한국인 테이블엔 고기 잔 부스레기 +비계 잔뜩 외국인들 대접해주는건 좋게 보이는데 기존 다니던 손님 음식은 개밥처럼 주고..정 떨어져서 가기 싫어짐 칼"
인력,token,1,False,1,4.0,-3.0,"요즘 세상에 웨이팅 장부 없는 가게이고 차량 대로변에 다른가게 피해가게 줄 세워놓는 가게도 처음본다 가게 입구에 안내문 붙여놓지 손님끼리 기다리는법 서로 물어봄 사장이 외국인을 애정하시는지 식사 중 왔던 유럽인.일본인에게는 계란부친거 ""써뷔쓰으~~""하면서 되도 않는 영어 쓰시며 주시더라 식대지불한 음식이라도 제대로 주면 다른건 상관없는데 외국인들은 고기 상태 좋은쪽 곱게 썰어서 주고 한국인 테이블엔 고기 잔 부스레기 +비계 잔뜩 외국인들 대접해주는건 좋게 보이는데 기존 다니던 손님 음식은 개밥처럼 주고..정 떨어져서 가기 싫어짐 칼"
기존,token,1,False,1,4.0,-3.0,"요즘 세상에 웨이팅 장부 없는 가게이고 차량 대로변에 다른가게 피해가게 줄 세워놓는 가게도 처음본다 가게 입구에 안내문 붙여놓지 손님끼리 기다리는법 서로 물어봄 사장이 외국인을 애정하시는지 식사 중 왔던 유럽인.일본인에게는 계란부친거 ""써뷔쓰으~~""하면서 되도 않는 영어 쓰시며 주시더라 식대지불한 음식이라도 제대로 주면 다른건 상관없는데 외국인들은 고기 상태 좋은쪽 곱게 썰어서 주고 한국인 테이블엔 고기 잔 부스레기 +비계 잔뜩 외국인들 대접해주는건 좋게 보이는데 기존 다니던 손님 음식은 개밥처럼 주고..정 떨어져서 가기 싫어짐 칼"
보이다,token,1,False,1,4.0,-3.0,"요즘 세상에 웨이팅 장부 없는 가게이고 차량 대로변에 다른가게 피해가게 줄 세워놓는 가게도 처음본다 가게 입구에 안내문 붙여놓지 손님끼리 기다리는법 서로 물어봄 사장이 외국인을 애정하시는지 식사 중 왔던 유럽인.일본인에게는 계란부친거 ""써뷔쓰으~~""하면서 되도 않는 영어 쓰시며 주시더라 식대지불한 음식이라도 제대로 주면 다른건 상관없는데 외국인들은 고기 상태 좋은쪽 곱게 썰어서 주고 한국인 테이블엔 고기 잔 부스레기 +비계 잔뜩 외국인들 대접해주는건 좋게 보이는데 기존 다니던 손님 음식은 개밥처럼 주고..정 떨어져서 가기 싫어짐 칼"
차량,token,1,False,1,4.0,-3.0,"요즘 세상에 웨이팅 장부 없는 가게이고 차량 대로변에 다른가게 피해가게 줄 세워놓는 가게도 처음본다 가게 입구에 안내문 붙여놓지 손님끼리 기다리는법 서로 물어봄 사장이 외국인을 애정하시는지 식사 중 왔던 유럽인.일본인에게는 계란부친거 ""써뷔쓰으~~""하면서 되도 않는 영어 쓰시며 주시더라 식대지불한 음식이라도 제대로 주면 다른건 상관없는데 외국인들은 고기 상태 좋은쪽 곱게 썰어서 주고 한국인 테이블엔 고기 잔 부스레기 +비계 잔뜩 외국인들 대접해주는건 좋게 보이는데 기존 다니던 손님 음식은 개밥처럼 주고..정 떨어져서 가기 싫어짐 칼"
가기,token,1,False,1,4.0,-3.0,"요즘 세상에 웨이팅 장부 없는 가게이고 차량 대로변에 다른가게 피해가게 줄 세워놓는 가게도 처음본다 가게 입구에 안내문 붙여놓지 손님끼리 기다리는법 서로 물어봄 사장이 외국인을 애정하시는지 식사 중 왔던 유럽인.일본인에게는 계란부친거 ""써뷔쓰으~~""하면서 되도 않는 영어 쓰시며 주시더라 식대지불한 음식이라도 제대로 주면 다른건 상관없는데 외국인들은 고기 상태 좋은쪽 곱게 썰어서 주고 한국인 테이블엔 고기 잔 부스레기 +비계 잔뜩 외국인들 대접해주는건 좋게 보이는데 기존 다니던 손님 음식은 개밥처럼 주고..정 떨어져서 가기 싫어짐 칼"
서빙,token,1,False,1,4.0,-3.0,"요즘 세상에 웨이팅 장부 없는 가게이고 차량 대로변에 다른가게 피해가게 줄 세워놓는 가게도 처음본다 가게 입구에 안내문 붙여놓지 손님끼리 기다리는법 서로 물어봄 사장이 외국인을 애정하시는지 식사 중 왔던 유럽인.일본인에게는 계란부친거 ""써뷔쓰으~~""하면서 되도 않는 영어 쓰시며 주시더라 식대지불한 음식이라도 제대로 주면 다른건 상관없는데 외국인들은 고기 상태 좋은쪽 곱게 썰어서 주고 한국인 테이블엔 고기 잔 부스레기 +비계 잔뜩 외국인들 대접해주는건 좋게 보이는데 기존 다니던 손님 음식은 개밥처럼 주고..정 떨어져서 가기 싫어짐 칼"
다니다,token,1,False,1,4.0,-3.0,"요즘 세상에 웨이팅 장부 없는 가게이고 차량 대로변에 다른가게 피해가게 줄 세워놓는 가게도 처음본다 가게 입구에 안내문 붙여놓지 손님끼리 기다리는법 서로 물어봄 사장이 외국인을 애정하시는지 식사 중 왔던 유럽인.일본인에게는 계란부친거 ""써뷔쓰으~~""하면서 되도 않는 영어 쓰시며 주시더라 식대지불한 음식이라도 제대로 주면 다른건 상관없는데 외국인들은 고기 상태 좋은쪽 곱게 썰어서 주고 한국인 테이블엔 고기 잔 부스레기 +비계 잔뜩 외국인들 대접해주는건 좋게 보이는데 기존 다니던 손님 음식은 개밥처럼 주고..정 떨어져서 가기 싫어짐 칼"
웃기,token,1,False,1,4.0,-3.0,"요즘 세상에 웨이팅 장부 없는 가게이고 차량 대로변에 다른가게 피해가게 줄 세워놓는 가게도 처음본다 가게 입구에 안내문 붙여놓지 손님끼리 기다리는법 서로 물어봄 사장이 외국인을 애정하시는지 식사 중 왔던 유럽인.일본인에게는 계란부친거 ""써뷔쓰으~~""하면서 되도 않는 영어 쓰시며 주시더라 식대지불한 음식이라도 제대로 주면 다른건 상관없는데 외국인들은 고기 상태 좋은쪽 곱게 썰어서 주고 한국인 테이블엔 고기 잔 부스레기 +비계 잔뜩 외국인들 대접해주는건 좋게 보이는데 기존 다니던 손님 음식은 개밥처럼 주고..정 떨어져서 가기 싫어짐 칼"
입구,token,1,False,1,4.0,-3.0,"요즘 세상에 웨이팅 장부 없는 가게이고 차량 대로변에 다른가게 피해가게 줄 세워놓는 가게도 처음본다 가게 입구에 안내문 붙여놓지 손님끼리 기다리는법 서로 물어봄 사장이 외국인을 애정하시는지 식사 중 왔던 유럽인.일본인에게는 계란부친거 ""써뷔쓰으~~""하면서 되도 않는 영어 쓰시며 주시더라 식대지불한 음식이라도 제대로 주면 다른건 상관없는데 외국인들은 고기 상태 좋은쪽 곱게 썰어서 주고 한국인 테이블엔 고기 잔 부스레기 +비계 잔뜩 외국인들 대접해주는건 좋게 보이는데 기존 다니던 손님 음식은 개밥처럼 주고..정 떨어져서 가기 싫어짐 칼"
유럽인,token,1,False,1,4.0,-3.0,"요즘 세상에 웨이팅 장부 없는 가게이고 차량 대로변에 다른가게 피해가게 줄 세워놓는 가게도 처음본다 가게 입구에 안내문 붙여놓지 손님끼리 기다리는법 서로 물어봄 사장이 외국인을 애정하시는지 식사 중 왔던 유럽인.일본인에게는 계란부친거 ""써뷔쓰으~~""하면서 되도 않는 영어 쓰시며 주시더라 식대지불한 음식이라도 제대로 주면 다른건 상관없는데 외국인들은 고기 상태 좋은쪽 곱게 썰어서 주고 한국인 테이블엔 고기 잔 부스레기 +비계 잔뜩 외국인들 대접해주는건 좋게 보이는데 기존 다니던 손님 음식은 개밥처럼 주고..정 떨어져서 가기 싫어짐 칼"
외국,token,1,False,1,4.0,-3.0,"요즘 세상에 웨이팅 장부 없는 가게이고 차량 대로변에 다른가게 피해가게 줄 세워놓는 가게도 처음본다 가게 입구에 안내문 붙여놓지 손님끼리 기다리는법 서로 물어봄 사장이 외국인을 애정하시는지 식사 중 왔던 유럽인.일본인에게는 계란부친거 ""써뷔쓰으~~""하면서 되도 않는 영어 쓰시며 주시더라 식대지불한 음식이라도 제대로 주면 다른건 상관없는데 외국인들은 고기 상태 좋은쪽 곱게 썰어서 주고 한국인 테이블엔 고기 잔 부스레기 +비계 잔뜩 외국인들 대접해주는건 좋게 보이는데 기존 다니던 손님 음식은 개밥처럼 주고..정 떨어져서 가기 싫어짐 칼"
계란,token,1,False,1,4.0,-3.0,"요즘 세상에 웨이팅 장부 없는 가게이고 차량 대로변에 다른가게 피해가게 줄 세워놓는 가게도 처음본다 가게 입구에 안내문 붙여놓지 손님끼리 기다리는법 서로 물어봄 사장이 외국인을 애정하시는지 식사 중 왔던 유럽인.일본인에게는 계란부친거 ""써뷔쓰으~~""하면서 되도 않는 영어 쓰시며 주시더라 식대지불한 음식이라도 제대로 주면 다른건 상관없는데 외국인들은 고기 상태 좋은쪽 곱게 썰어서 주고 한국인 테이블엔 고기 잔 부스레기 +비계 잔뜩 외국인들 대접해주는건 좋게 보이는데 기존 다니던 손님 음식은 개밥처럼 주고..정 떨어져서 가기 싫어짐 칼"
써뷔쓰으,token,1,False,1,4.0,-3.0,"요즘 세상에 웨이팅 장부 없는 가게이고 차량 대로변에 다른가게 피해가게 줄 세워놓는 가게도 처음본다 가게 입구에 안내문 붙여놓지 손님끼리 기다리는법 서로 물어봄 사장이 외국인을 애정하시는지 식사 중 왔던 유럽인.일본인에게는 계란부친거 ""써뷔쓰으~~""하면서 되도 않는 영어 쓰시며 주시더라 식대지불한 음식이라도 제대로 주면 다른건 상관없는데 외국인들은 고기 상태 좋은쪽 곱게 썰어서 주고 한국인 테이블엔 고기 잔 부스레기 +비계 잔뜩 외국인들 대접해주는건 좋게 보이는데 기존 다니던 손님 음식은 개밥처럼 주고..정 떨어져서 가기 싫어짐 칼"
식대,token,1,False,1,4.0,-3.0,"요즘 세상에 웨이팅 장부 없는 가게이고 차량 대로변에 다른가게 피해가게 줄 세워놓는 가게도 처음본다 가게 입구에 안내문 붙여놓지 손님끼리 기다리는법 서로 물어봄 사장이 외국인을 애정하시는지 식사 중 왔던 유럽인.일본인에게는 계란부친거 ""써뷔쓰으~~""하면서 되도 않는 영어 쓰시며 주시더라 식대지불한 음식이라도 제대로 주면 다른건 상관없는데 외국인들은 고기 상태 좋은쪽 곱게 썰어서 주고 한국인 테이블엔 고기 잔 부스레기 +비계 잔뜩 외국인들 대접해주는건 좋게 보이는데 기존 다니던 손님 음식은 개밥처럼 주고..정 떨어져서 가기 싫어짐 칼"
한국인,token,1,False,1,4.0,-3.0,"요즘 세상에 웨이팅 장부 없는 가게이고 차량 대로변에 다른가게 피해가게 줄 세워놓는 가게도 처음본다 가게 입구에 안내문 붙여놓지 손님끼리 기다리는법 서로 물어봄 사장이 외국인을 애정하시는지 식사 중 왔던 유럽인.일본인에게는 계란부친거 ""써뷔쓰으~~""하면서 되도 않는 영어 쓰시며 주시더라 식대지불한 음식이라도 제대로 주면 다른건 상관없는데 외국인들은 고기 상태 좋은쪽 곱게 썰어서 주고 한국인 테이블엔 고기 잔 부스레기 +비계 잔뜩 외국인들 대접해주는건 좋게 보이는데 기존 다니던 손님 음식은 개밥처럼 주고..정 떨어져서 가기 싫어짐 칼"
일본인,token,1,False,1,4.0,-3.0,"요즘 세상에 웨이팅 장부 없는 가게이고 차량 대로변에 다른가게 피해가게 줄 세워놓는 가게도 처음본다 가게 입구에 안내문 붙여놓지 손님끼리 기다리는법 서로 물어봄 사장이 외국인을 애정하시는지 식사 중 왔던 유럽인.일본인에게는 계란부친거 ""써뷔쓰으~~""하면서 되도 않는 영어 쓰시며 주시더라 식대지불한 음식이라도 제대로 주면 다른건 상관없는데 외국인들은 고기 상태 좋은쪽 곱게 썰어서 주고 한국인 테이블엔 고기 잔 부스레기 +비계 잔뜩 외국인들 대접해주는건 좋게 보이는데 기존 다니던 손님 음식은 개밥처럼 주고..정 떨어져서 가기 싫어짐 칼"
물다,token,1,False,1,4.0,-3.0,"요즘 세상에 웨이팅 장부 없는 가게이고 차량 대로변에 다른가게 피해가게 줄 세워놓는 가게도 처음본다 가게 입구에 안내문 붙여놓지 손님끼리 기다리는법 서로 물어봄 사장이 외국인을 애정하시는지 식사 중 왔던 유럽인.일본인에게는 계란부친거 ""써뷔쓰으~~""하면서 되도 않는 영어 쓰시며 주시더라 식대지불한 음식이라도 제대로 주면 다른건 상관없는데 외국인들은 고기 상태 좋은쪽 곱게 썰어서 주고 한국인 테이블엔 고기 잔 부스레기 +비계 잔뜩 외국인들 대접해주는건 좋게 보이는데 기존 다니던 손님 음식은 개밥처럼 주고..정 떨어져서 가기 싫어짐 칼"
