platform,store_name,review_text,tokens,tokens_fixed,rating,category_total_score,category_total_label,sentiment_star_raw,sentiment_star,sentiment_calibration_reason,diff,diff_abs,very_strong_positive_count,strong_positive_count,normal_positive_count,weak_positive_count,very_strong_negative_count,strong_negative_count,normal_negative_count,weak_negative_count,positive_evidence_count,negative_evidence_count,revisit_positive_count,recommendation_count,waiting_positive_count,waiting_negative_count,positive_phrase_count,phrase_score_total,dictionary_score_total,context_guard_score_total,evidence_items,evidence_floor_items,matched_words,food_score,service_score,price_score,atmosphere_score,wait_score,revisit_score,recommendation_score,hygiene_score,general_score,food_matched_words,service_matched_words,price_matched_words,atmosphere_matched_words,wait_matched_words,revisit_matched_words,recommendation_matched_words,hygiene_matched_words,general_matched_words
kakao,각시보쌈,확신의 맛집 무조건 반반보쌈으로 ㄱㄱ 단 시끄러운거 싫어하면 절대 평일 저녁엔 가지마세요 할저씨들 술시켜놓고 고성방가 심함..,확신 맛집 무조건 보쌈 시끄럽다 싫어하다 절대 평일 저녁 가지 말다 술시 켜다 고성 방가 심하다,확신 맛집 무조건 보쌈 시끄럽다 싫어하다 절대 평일 저녁 가지 말다 술시 켜다 고성 방가 심하다,5.0,-2.5,negative,2.53,2.53,,2.47,2.47,0,0,1,1,0,1,1,2,1,3,0,0,0,0,0,0.0,-2.5,0.0,"[{""text"": ""확신 맛집"", ""normalized_text"": ""확신 맛집"", ""score"": 1.0, ""original_score"": 1.0, ""polarity"": ""positive"", ""strength"": ""normal"", ""aspect"": ""food"", ""source"": ""dictionary"", ""tag"": ""token"", ""start"": 0, ""end"": 2, ""is_active"": true, ""guard_reason"": null, ""term"": ""확신 맛집"", ""category"": ""food""}, {""text"": ""시끄럽다 싫어하다"", ""normalized_text"": ""시끄럽다 싫어하다"", ""score"": -0.5, ""original_score"": -2.0, ""polarity"": ""negative"", ""strength"": ""weak"", ""aspect"": ""atmosphere"", ""source"": ""dictionary"", ""tag"": ""token"", ""start"": 4, ""end"": 6, ""is_active"": true, ""guard_reason"": null, ""term"": ""시끄럽다 싫어하다"", ""category"": ""atmosphere""}, {""text"": ""고성 방가"", ""normalized_text"": ""고성 방가"", ""score"": -2.0, ""original_score"": -2.0, ""polarity"": ""negative"", ""strength"": ""strong"", ""aspect"": ""atmosphere"", ""source"": ""dictionary"", ""tag"": ""token"", ""start"": 13, ""end"": 15, ""is_active"": true, ""guard_reason"": null, ""term"": ""고성 방가"", ""category"": ""atmosphere""}, {""text"": ""심하다"", ""normalized_text"": ""심하다"", ""score"": -1.0, ""original_score"": -1.0, ""polarity"": ""negative"", ""strength"": ""normal"", ""aspect"": ""general"", ""source"": ""dictionary"", ""tag"": ""token"", ""start"": 15, ""end"": 16, ""is_active"": true, ""guard_reason"": null, ""term"": ""심하다"", ""category"": ""general""}, {""text"": ""가지 말다"", ""normalized_text"": ""가지 말다"", ""score"": 0.0, ""original_score"": -1.0, ""polarity"": ""neutral"", ""strength"": ""weak"", ""aspect"": ""general"", ""source"": ""context_guard"", ""tag"": ""conditional_warning_not_revisit_rejection"", ""start"": 9, ""end"": 11, ""is_active"": false, ""guard_reason"": ""conditional_warning_not_revisit_rejection"", ""term"": ""가지 말다"", ""category"": ""general""}, {""text"": ""조건부 이용 경고"", ""normalized_text"": ""조건부 이용 경고"", ""score"": 0.0, ""original_score"": -1.0, ""polarity"": ""neutral"", ""strength"": ""weak"", ""aspect"": ""revisit"", ""source"": ""context_guard"", ""tag"": ""conditional_warning_not_revisit_rejection"", ""start"": null, ""end"": null, ""is_active"": false, ""guard_reason"": ""conditional_warning_not_revisit_rejection"", ""term"": ""조건부 이용 경고"", ""category"": ""revisit""}]",[],확신 맛집:+1[token] | 시끄럽다 싫어하다:-0.5[token] | 고성 방가:-2[token] | 심하다:-1[token] | 가지 말다:-1->0[conditional_warning_not_revisit_rejection] | 조건부 이용 경고:-1->0[conditional_warning_not_revisit_rejection],1.0,0.0,0.0,-2.5,0.0,0.0,0.0,0.0,-1.0,확신 맛집:+1[token],,,시끄럽다 싫어하다:-0.5[token] 고성 방가:-2[token],,조건부 이용 경고:-1->0[conditional_warning_not_revisit_rejection],,,심하다:-1[token] 가지 말다:-1->0[conditional_warning_not_revisit_rejection]
kakao,각시보쌈,항정살 보쌈이 부들부들 맛있었습니다. 김치도 달지도 않고 보쌈과의 조합도 잘 맞네요 문래점에서 먹고 실망했는데 본점은 다르네요 다만 규모에 비해 에어컨이 부족하여 땀흘리며 먹었네요... ㅠㅠ,항정살 보쌈 부들부들 맛있다 김치 달다 않다 보쌈 조합 자다 맞다 문래 먹다 실망하다 본점 다르다 다만 규모 비다 에어컨 부족하다 흘리다 먹다,항정살 보쌈 부들부들 맛있다 김치 달다 않다 보쌈 조합 자다 맞다 문래 먹다 실망하다 본점 다르다 다만 규모 비다 에어컨 부족하다 흘리다 먹다,4.0,-3.0,negative,2.06,2.06,,1.94,1.94,0,0,1,1,0,1,2,2,1,3,0,0,0,0,0,0.0,-1.0,-2.0,"[{""text"": ""맛있다"", ""normalized_text"": ""맛있다"", ""score"": 1.0, ""original_score"": 1.0, ""polarity"": ""positive"", ""strength"": ""normal"", ""aspect"": ""food"", ""source"": ""dictionary"", ""tag"": ""token"", ""start"": 3, ""end"": 4, ""is_active"": true, ""guard_reason"": null, ""term"": ""맛있다"", ""category"": ""food""}, {""text"": ""실망하다"", ""normalized_text"": ""실망하다"", ""score"": -1.0, ""original_score"": -1.0, ""polarity"": ""negative"", ""strength"": ""normal"", ""aspect"": ""general"", ""source"": ""dictionary"", ""tag"": ""token"", ""start"": 13, ""end"": 14, ""is_active"": true, ""guard_reason"": null, ""term"": ""실망하다"", ""category"": ""general""}, {""text"": ""부족하다"", ""normalized_text"": ""부족하다"", ""score"": -1.0, ""original_score"": -1.0, ""polarity"": ""negative"", ""strength"": ""normal"", ""aspect"": ""general"", ""source"": ""dictionary"", ""tag"": ""token"", ""start"": 20, ""end"": 21, ""is_active"": true, ""guard_reason"": null, ""term"": ""부족하다"", ""category"": ""general""}, {""text"": ""명시적 현재 부정 결론"", ""normalized_text"": ""명시적 현재 부정 결론"", ""score"": -2.0, ""original_score"": -2.0, ""polarity"": ""negative"", ""strength"": ""strong"", ""aspect"": ""general"", ""source"": ""context_guard"", ""tag"": ""active_current_negative_conclusion"", ""start"": null, ""end"": null, ""is_active"": true, ""guard_reason"": null, ""term"": ""명시적 현재 부정 결론"", ""category"": ""general""}]",[],맛있다:+1[token] | 실망하다:-1[token] | 부족하다:-1[token] | 명시적 현재 부정 결론:-2[active_current_negative_conclusion],1.0,0.0,0.0,0.0,0.0,0.0,0.0,0.0,-4.0,맛있다:+1[token],,,,,,,,실망하다:-1[token] 부족하다:-1[token] 명시적 현재 부정 결론:-2[active_current_negative_conclusion]
kakao,굴다리식당,신김치로 제대로 만든 김치찌개 맛있다 제육은 살덩이가 너무 크고 퍽퍽해서 2-3점이지만 김치찌개가 맛있었다. 밑반찬도 굿,김치 제대로 만들다 김치찌개 맛있다 제육 덩이 너무 크다 퍽퍽 김치찌개 맛있다 밑반찬,김치 제대로 만들다 김치찌개 맛있다 제육 덩이 너무 크다 퍽퍽 김치찌개 맛있다 밑반찬,5.0,1.0,positive,3.42,3.42,,1.58,1.58,0,0,2,2,0,0,1,1,2,1,0,0,0,0,1,1.0,0.0,0.0,"[{""text"": ""김치찌개 맛있다"", ""normalized_text"": ""김치찌개 맛있다"", ""score"": 1.0, ""original_score"": 1.0, ""polarity"": ""positive"", ""strength"": ""normal"", ""aspect"": ""food"", ""source"": ""dictionary"", ""tag"": ""token"", ""start"": 3, ""end"": 5, ""is_active"": true, ""guard_reason"": null, ""term"": ""김치찌개 맛있다"", ""category"": ""food""}, {""text"": ""퍽퍽"", ""normalized_text"": ""퍽퍽"", ""score"": -1.0, ""original_score"": -1.0, ""polarity"": ""negative"", ""strength"": ""normal"", ""aspect"": ""food"", ""source"": ""dictionary"", ""tag"": ""token"", ""start"": 9, ""end"": 10, ""is_active"": true, ""guard_reason"": null, ""term"": ""퍽퍽"", ""category"": ""food""}, {""text"": ""음식 품질 긍정"", ""normalized_text"": ""음식 품질 긍정"", ""score"": 1.0, ""original_score"": 1.0, ""polarity"": ""positive"", ""strength"": ""normal"", ""aspect"": ""food"", ""source"": ""pattern_rule"", ""tag"": ""food_quality_positive_pattern"", ""start"": null, ""end"": null, ""is_active"": true, ""guard_reason"": null, ""term"": ""음식 품질 긍정"", ""category"": ""food""}, {""text"": ""크다"", ""normalized_text"": ""크다"", ""score"": 0.0, ""original_score"": 1.0, ""polarity"": ""neutral"", ""strength"": ""weak"", ""aspect"": ""general"", ""source"": ""context_guard"", ""tag"": ""noise_context"", ""start"": 8, ""end"": 9, ""is_active"": false, ""guard_reason"": ""noise_context"", ""term"": ""크다"", ""category"": ""general""}, {""text"": ""맛있다"", ""normalized_text"": ""맛있다"", ""score"": 0.0, ""original_score"": 1.0, ""polarity"": ""neutral"", ""strength"": ""weak"", ""aspect"": ""food"", ""source"": ""context_guard"", ""tag"": ""suppressed_by_phrase_rule"", ""start"": 11, ""end"": 12, ""is_active"": false, ""guard_reason"": ""suppressed_by_phrase_rule"", ""term"": ""맛있다"", ""category"": ""food""}]",[],김치찌개 맛있다:+1[token] | 퍽퍽:-1[token] | 음식 품질 긍정:+1[food_quality_positive_pattern] | 크다:1->0[noise_context] | 맛있다:1->0[suppressed_by_phrase_rule],1.0,0.0,0.0,0.0,0.0,0.0,0.0,0.0,0.0,김치찌개 맛있다:+1[token] 퍽퍽:-1[token] 음식 품질 긍정:+1[food_quality_positive_pattern] 맛있다:1->0[suppressed_by_phrase_rule],,,,,,,,크다:1->0[noise_context]
kakao,굴다리식당,제육은 장조림고기 같아서 퍽퍽한 감이 있고 김치찌개는 약간 김치가 물러서 김치국 같은 느낌이에요. 음식이 예전이랑 크게 달라지진 않은거 같은데 요새 맛집이 너무 많아진 탓일까요. 추억으로 오지만 맛까진 미화할 수 없네요. ㅠ,제육 장조림 고기 같다 퍽퍽 김치찌개 약간 김치 물러서다 김치 같다 느낌 음식 예전 크게 달라지다 않다 같다 요새 맛집 너무 많아지다 이다 추억 오지 미화,제육 장조림 고기 같다 퍽퍽 김치찌개 약간 김치 물러서다 김치 같다 느낌 음식 예전 크게 달라지다 않다 같다 요새 맛집 너무 많아지다 이다 추억 오지 미화,4.0,1.0,positive,3.34,3.34,,0.6600000000000001,0.6600000000000001,0,0,2,2,0,0,1,1,2,1,0,0,0,0,0,0.0,1.0,0.0,"[{""text"": ""퍽퍽"", ""normalized_text"": ""퍽퍽"", ""score"": -1.0, ""original_score"": -1.0, ""polarity"": ""negative"", ""strength"": ""normal"", ""aspect"": ""food"", ""source"": ""dictionary"", ""tag"": ""token"", ""start"": 4, ""end"": 5, ""is_active"": true, ""guard_reason"": null, ""term"": ""퍽퍽"", ""category"": ""food""}, {""text"": ""맛집"", ""normalized_text"": ""맛집"", ""score"": 1.0, ""original_score"": 1.0, ""polarity"": ""positive"", ""strength"": ""normal"", ""aspect"": ""food"", ""source"": ""dictionary"", ""tag"": ""token"", ""start"": 19, ""end"": 20, ""is_active"": true, ""guard_reason"": null, ""term"": ""맛집"", ""category"": ""food""}, {""text"": ""추억"", ""normalized_text"": ""추억"", ""score"": 1.0, ""original_score"": 1.0, ""polarity"": ""positive"", ""strength"": ""normal"", ""aspect"": ""general"", ""source"": ""dictionary"", ""tag"": ""token"", ""start"": 23, ""end"": 24, ""is_active"": true, ""guard_reason"": null, ""term"": ""추억"", ""category"": ""general""}]",[],퍽퍽:-1[token] | 맛집:+1[token] | 추억:+1[token],0.0,0.0,0.0,0.0,0.0,0.0,0.0,0.0,1.0,퍽퍽:-1[token] 맛집:+1[token],,,,,,,,추억:+1[token]
kakao,락희옥 마포본점,불고기 맛있어요! 조금 비싸앙,불고기 맛있다 조금 비싸다,불고기 맛있다 조금 비싸다,4.0,0.5,positive,3.29,3.29,,0.71,0.71,0,0,1,1,0,0,0,1,1,1,0,0,0,0,1,1.0,-0.5,0.0,"[{""text"": ""조금 비싸다"", ""normalized_text"": ""조금 비싸다"", ""score"": -0.5, ""original_score"": -1.0, ""polarity"": ""negative"", ""strength"": ""weak"", ""aspect"": ""price"", ""source"": ""dictionary"", ""tag"": ""token"", ""start"": 2, ""end"": 4, ""is_active"": true, ""guard_reason"": null, ""term"": ""조금 비싸다"", ""category"": ""price""}, {""text"": ""음식 품질 긍정"", ""normalized_text"": ""음식 품질 긍정"", ""score"": 1.0, ""original_score"": 1.0, ""polarity"": ""positive"", ""strength"": ""normal"", ""aspect"": ""food"", ""source"": ""pattern_rule"", ""tag"": ""food_quality_positive_pattern"", ""start"": null, ""end"": null, ""is_active"": true, ""guard_reason"": null, ""term"": ""음식 품질 긍정"", ""category"": ""food""}, {""text"": ""맛있다"", ""normalized_text"": ""맛있다"", ""score"": 0.0, ""original_score"": 1.0, ""polarity"": ""neutral"", ""strength"": ""weak"", ""aspect"": ""food"", ""source"": ""context_guard"", ""tag"": ""suppressed_by_phrase_rule"", ""start"": 1, ""end"": 2, ""is_active"": false, ""guard_reason"": ""suppressed_by_phrase_rule"", ""term"": ""맛있다"", ""category"": ""food""}]",[],조금 비싸다:-0.5[token] | 음식 품질 긍정:+1[food_quality_positive_pattern] | 맛있다:1->0[suppressed_by_phrase_rule],1.0,0.0,-0.5,0.0,0.0,0.0,0.0,0.0,0.0,음식 품질 긍정:+1[food_quality_positive_pattern] 맛있다:1->0[suppressed_by_phrase_rule],,조금 비싸다:-0.5[token],,,,,,
kakao,마포양지설렁탕 도화점,"대단히 특별한 맛은 아니지만, 무난하게 먹을만하다. 그리고 배추김치, 파김치를 쇠통에 넣어 마음대로 먹을 수 있게 주는데, 이게 강점임. 멀리서 찾아올 맛은 아님.",대단하다 특별하다 아니다 무난 먹다 만하 배추김치 파김치 쇠통 넣다 마음대로 먹다 주다 강점 멀리 찾아오다 아니다,대단하다 특별하다 아니다 무난 먹다 만하 배추김치 파김치 쇠통 넣다 마음대로 먹다 주다 강점 멀리 찾아오다 아니다,4.0,0.0,neutral,3.02,3.02,,0.98,0.98,0,0,1,1,0,0,1,1,1,1,0,0,0,0,1,1.0,-1.0,0.0,"[{""text"": ""마음대로"", ""normalized_text"": ""마음대로"", ""score"": -1.0, ""original_score"": -1.0, ""polarity"": ""negative"", ""strength"": ""normal"", ""aspect"": ""service"", ""source"": ""dictionary"", ""tag"": ""token"", ""start"": 10, ""end"": 11, ""is_active"": true, ""guard_reason"": null, ""term"": ""마음대로"", ""category"": ""service""}, {""text"": ""기본 이상의 맛"", ""normalized_text"": ""기본 이상의 맛"", ""score"": 1.0, ""original_score"": 1.0, ""polarity"": ""positive"", ""strength"": ""normal"", ""aspect"": ""food"", ""source"": ""pattern_rule"", ""tag"": ""food_quality_acceptance_pattern"", ""start"": null, ""end"": null, ""is_active"": true, ""guard_reason"": null, ""term"": ""기본 이상의 맛"", ""category"": ""food""}, {""text"": ""특별하다"", ""normalized_text"": ""특별하다"", ""score"": 0.0, ""original_score"": 1.0, ""polarity"": ""neutral"", ""strength"": ""weak"", ""aspect"": ""general"", ""source"": ""context_guard"", ""tag"": ""negated_special_context"", ""start"": 1, ""end"": 2, ""is_active"": false, ""guard_reason"": ""negated_special_context"", ""term"": ""특별하다"", ""category"": ""general""}]",[],마음대로:-1[token] | 기본 이상의 맛:+1[food_quality_acceptance_pattern] | 특별하다:1->0[negated_special_context],1.0,-1.0,0.0,0.0,0.0,0.0,0.0,0.0,0.0,기본 이상의 맛:+1[food_quality_acceptance_pattern],마음대로:-1[token],,,,,,,특별하다:1->0[negated_special_context]
kakao,옥동식 서교점,맛에 비해 웨이팅이 너무 길다,비다 웨이팅 너무 길다,비다 웨이팅 너무 길다,4.0,-0.5,negative,2.91,2.91,,1.0899999999999999,1.0899999999999999,0,0,0,0,0,0,0,1,0,1,0,0,0,1,0,0.0,-0.5,0.0,"[{""text"": ""웨이팅 너무 길다"", ""normalized_text"": ""웨이팅 너무 길다"", ""score"": -0.5, ""original_score"": -1.0, ""polarity"": ""negative"", ""strength"": ""weak"", ""aspect"": ""wait"", ""source"": ""dictionary"", ""tag"": ""token"", ""start"": 1, ""end"": 4, ""is_active"": true, ""guard_reason"": null, ""term"": ""웨이팅 너무 길다"", ""category"": ""wait""}]",[],웨이팅 너무 길다:-0.5[token],0.0,0.0,0.0,0.0,-0.5,0.0,0.0,0.0,0.0,,,,,웨이팅 너무 길다:-0.5[token],,,,
kakao,옥동식 서교점,웨이팅 2시간 했습니다 신기한 맛이에요 국물맛이 가벼운데 짠 맛이 좀 강해요 김치만두는 굳이 안 먹어도 될 것 같아요 평범한 느낌,웨이 신기하다 국물 가볍다 짜다 강하다 김치 만두 굳이 먹다 같다 평범하다 느낌,웨이 신기하다 국물 가볍다 짜다 강하다 김치 만두 굳이 먹다 같다 평범하다 느낌,4.0,0.0,neutral,3.0,3.0,,1.0,1.0,0,0,1,1,0,0,1,1,1,1,0,0,0,0,0,0.0,0.0,0.0,"[{""text"": ""신기하다"", ""normalized_text"": ""신기하다"", ""score"": 1.0, ""original_score"": 1.0, ""polarity"": ""positive"", ""strength"": ""normal"", ""aspect"": ""food"", ""source"": ""dictionary"", ""tag"": ""token"", ""start"": 1, ""end"": 2, ""is_active"": true, ""guard_reason"": null, ""term"": ""신기하다"", ""category"": ""food""}, {""text"": ""짜다"", ""normalized_text"": ""짜다"", ""score"": -1.0, ""original_score"": -1.0, ""polarity"": ""negative"", ""strength"": ""normal"", ""aspect"": ""food"", ""source"": ""dictionary"", ""tag"": ""token"", ""start"": 4, ""end"": 5, ""is_active"": true, ""guard_reason"": null, ""term"": ""짜다"", ""category"": ""food""}, {""text"": ""굳이"", ""normalized_text"": ""굳이"", ""score"": 0.0, ""original_score"": -1.0, ""polarity"": ""neutral"", ""strength"": ""weak"", ""aspect"": ""general"", ""source"": ""context_guard"", ""tag"": ""non_evaluative_standalone_negative"", ""start"": 8, ""end"": 9, ""is_active"": false, ""guard_reason"": ""non_evaluative_standalone_negative"", ""term"": ""굳이"", ""category"": ""general""}, {""text"": ""평범하다"", ""normalized_text"": ""평범하다"", ""score"": 0.0, ""original_score"": -1.0, ""polarity"": ""neutral"", ""strength"": ""weak"", ""aspect"": ""general"", ""source"": ""context_guard"", ""tag"": ""mild_evaluation_ambiguous_context"", ""start"": 11, ""end"": 12, ""is_active"": false, ""guard_reason"": ""mild_evaluation_ambiguous_context"", ""term"": ""평범하다"", ""category"": ""general""}]",[],신기하다:+1[token] | 짜다:-1[token] | 굳이:-1->0[non_evaluative_standalone_negative] | 평범하다:-1->0[mild_evaluation_ambiguous_context],0.0,0.0,0.0,0.0,0.0,0.0,0.0,0.0,0.0,신기하다:+1[token] 짜다:-1[token],,,,,,,,굳이:-1->0[non_evaluative_standalone_negative] 평범하다:-1->0[mild_evaluation_ambiguous_context]
kakao,옥동식 서교점,"( 3회 방문 , 만두 추가 추천 ) 하 이제 더 먹기 힘들어지겠네요 ㅋㅋ… 다대기가 예술입니다 김치는 맛이 계속 달라져서 아쉬워요",방문 만두 추가 추천 이제 먹기 힘들다 다대기 예술 이다 김치 계속 달라지다 아쉽다,방문 만두 추가 추천 이제 먹기 힘들다 다대기 예술 이다 김치 계속 달라지다 아쉽다,4.0,1.0,positive,3.48,3.48,positive_floor_blocked[active_negative_evidence],0.52,0.52,0,0,3,3,0,0,2,2,3,2,1,1,0,0,1,1.0,0.0,0.0,"[{""text"": ""먹기 힘들다"", ""normalized_text"": ""먹기 힘들다"", ""score"": -1.0, ""original_score"": -1.0, ""polarity"": ""negative"", ""strength"": ""normal"", ""aspect"": ""food"", ""source"": ""dictionary"", ""tag"": ""token"", ""start"": 5, ""end"": 7, ""is_active"": true, ""guard_reason"": null, ""term"": ""먹기 힘들다"", ""category"": ""food""}, {""text"": ""추천"", ""normalized_text"": ""추천"", ""score"": 1.0, ""original_score"": 1.0, ""polarity"": ""positive"", ""strength"": ""normal"", ""aspect"": ""recommendation"", ""source"": ""dictionary"", ""tag"": ""token"", ""start"": 3, ""end"": 4, ""is_active"": true, ""guard_reason"": null, ""term"": ""추천"", ""category"": ""recommendation""}, {""text"": ""예술"", ""normalized_text"": ""예술"", ""score"": 1.0, ""original_score"": 1.0, ""polarity"": ""positive"", ""strength"": ""normal"", ""aspect"": ""food"", ""source"": ""dictionary"", ""tag"": ""token"", ""start"": 8, ""end"": 9, ""is_active"": true, ""guard_reason"": null, ""term"": ""예술"", ""category"": ""food""}, {""text"": ""아쉽다"", ""normalized_text"": ""아쉽다"", ""score"": -1.0, ""original_score"": -1.0, ""polarity"": ""negative"", ""strength"": ""normal"", ""aspect"": ""general"", ""source"": ""dictionary"", ""tag"": ""token"", ""start"": 13, ""end"": 14, ""is_active"": true, ""guard_reason"": null, ""term"": ""아쉽다"", ""category"": ""general""}, {""text"": ""여러 번 이용하다"", ""normalized_text"": ""여러 번 이용하다"", ""score"": 1.0, ""original_score"": 1.0, ""polarity"": ""positive"", ""strength"": ""normal"", ""aspect"": ""revisit"", ""source"": ""pattern_rule"", ""tag"": ""repeat_visit_pattern"", ""start"": null, ""end"": null, ""is_active"": true, ""guard_reason"": null, ""term"": ""여러 번 이용하다"", ""category"": ""revisit""}]",[],먹기 힘들다:-1[token] | 추천:+1[token] | 예술:+1[token] | 아쉽다:-1[token] | 여러 번 이용하다:+1[repeat_visit_pattern],0.0,0.0,0.0,0.0,0.0,1.0,1.0,0.0,-1.0,먹기 힘들다:-1[token] 예술:+1[token],,,,,여러 번 이용하다:+1[repeat_visit_pattern],추천:+1[token],,아쉽다:-1[token]
kakao,옥동식 서교점,4.8 정도 주고싶은데 없어 반올림 돼지임애도 좋은 곰탕 김치 고추지 맛있으나 후추맛이 강함 호불호 있을듯 주차는 불가함,정도 주다 반올림 돼지 애도 좋다 곰탕 김치 고추 맛있다 후추 강하다 호불호 주차 불가하다,정도 주다 반올림 돼지 애도 좋다 곰탕 김치 고추 맛있다 후추 강하다 호불호 주차 불가하다,5.0,0.0,neutral,3.08,3.08,,1.92,1.92,0,0,1,1,0,0,1,1,1,1,0,0,0,0,1,1.0,-1.0,0.0,"[{""text"": ""불가하다"", ""normalized_text"": ""불가하다"", ""score"": -1.0, ""original_score"": -1.0, ""polarity"": ""negative"", ""strength"": ""normal"", ""aspect"": ""general"", ""source"": ""dictionary"", ""tag"": ""token"", ""start"": 14, ""end"": 15, ""is_active"": true, ""guard_reason"": null, ""term"": ""불가하다"", ""category"": ""general""}, {""text"": ""음식 품질 긍정"", ""normalized_text"": ""음식 품질 긍정"", ""score"": 1.0, ""original_score"": 1.0, ""polarity"": ""positive"", ""strength"": ""normal"", ""aspect"": ""food"", ""source"": ""pattern_rule"", ""tag"": ""food_quality_positive_pattern"", ""start"": null, ""end"": null, ""is_active"": true, ""guard_reason"": null, ""term"": ""음식 품질 긍정"", ""category"": ""food""}, {""text"": ""좋다"", ""normalized_text"": ""좋다"", ""score"": 0.0, ""original_score"": 1.0, ""polarity"": ""neutral"", ""strength"": ""weak"", ""aspect"": ""general"", ""source"": ""context_guard"", ""tag"": ""suppressed_by_phrase_rule"", ""start"": 5, ""end"": 6, ""is_active"": false, ""guard_reason"": ""suppressed_by_phrase_rule"", ""term"": ""좋다"", ""category"": ""general""}, {""text"": ""맛있다"", ""normalized_text"": ""맛있다"", ""score"": 0.0, ""original_score"": 1.0, ""polarity"": ""neutral"", ""strength"": ""weak"", ""aspect"": ""food"", ""source"": ""context_guard"", ""tag"": ""suppressed_by_phrase_rule"", ""start"": 9, ""end"": 10, ""is_active"": false, ""guard_reason"": ""suppressed_by_phrase_rule"", ""term"": ""맛있다"", ""category"": ""food""}]",[],불가하다:-1[token] | 음식 품질 긍정:+1[food_quality_positive_pattern] | 좋다:1->0[suppressed_by_phrase_rule] | 맛있다:1->0[suppressed_by_phrase_rule],1.0,0.0,0.0,0.0,0.0,0.0,0.0,0.0,-1.0,음식 품질 긍정:+1[food_quality_positive_pattern] 맛있다:1->0[suppressed_by_phrase_rule],,,,,,,,불가하다:-1[token] 좋다:1->0[suppressed_by_phrase_rule]
kakao,옥동식 서교점,돼지국밥 특으로 주문. 국물에 집중한 철학. 육향이 깊고 은은한 감칠맛이 좋다. 기름기 없이 담백한것이 특징. 수분감 있게 뻑뻑하지 않은 고기의 맛도 좋다. 버크셔 K의 맛이 도드라짐. 옥동식 셰프님의 돼지국밥 철학을 함께 고민하면 더 맛있다. 1. 육향? 꼬릿함? 꼬릿함을 찾는다면 순대국밥을 먹어야한다. 육향과 꼬릿함은 다르다. 육향만 우려낸 깔끔함. 2. 미지근한 온도? 토렴식을 선택한 이유. 탱글한 식감과 국물의 맛과 향을 밥알에 밀어넣고 뻑뻑함 없이 수분감좋게 부드러운 고기도 미지근한 국물에 그 비밀이 있다. 국물이 뜨거우면 얇은 고기가 퍽퍽해진다. 3. 설익은듯한 밥알? 의도한 조리법. 밥알이 풀어져 국물에 녹으면 국물이 혼탁해지고 텁텁해짐. 불리지 않고 살짝 설익게 지어 육수에 말아주는 이유. 알면 호 모르면 불. 함께나온 고추지는 명성보다 별로였고 차라리 감칠맛 좋게 잘익은 김치가 더 킥이었는지도. 한 번쯤은 찾아가서 먹어볼 음식점인것은 맞는것 같다. 추천 함.,돼지국밥 주문 국물 집중 철학 깊다 은은하다 감칠맛 좋다 기름기 없이 담백하다 특징 수분 뻑뻑 않다 고기 좋다 버크셔 도드라지다 옥동 셰프 돼지국밥 철학 함께 고민 맛있다 꼬릿함 꼬릿함 찾다 국밥 먹다 야하다 꼬릿함 다르다 우려 내다 깔끔하다 미지근하다 온도 토렴식 선택 이유 식감 국물 밥알 밀다 넣다 뻑뻑 없이 수분 좋다 부드럽다 고기 미지근하다 국물 비밀 국물 뜨겁다 얇다 고기 퍽퍽 설익다 밥알 의도 조리법 밥알 풀어지다 국물 녹다 국물 혼탁 텁텁해짐 불리 않다 살짝 설익다 지다 육수 말다 이유 모르다 함께 나오다 고추 명성 별로 이다 차라리 감칠맛 좋다 익다 김치 이다 찾아가다 먹다 음식점 맞다 같다 추천,돼지국밥 주문 국물 집중 철학 깊다 은은하다 감칠맛 좋다 기름기 없이 담백하다 특징 수분 뻑뻑 않다 고기 좋다 버크셔 도드라지다 옥동 셰프 돼지국밥 철학 함께 고민 맛있다 꼬릿함 꼬릿함 찾다 국밥 먹다 야하다 꼬릿함 다르다 우려 내다 깔끔하다 미지근하다 온도 토렴식 선택 이유 식감 국물 밥알 밀다 넣다 뻑뻑 없이 수분 좋다 부드럽다 고기 미지근하다 국물 비밀 국물 뜨겁다 얇다 고기 퍽퍽 설익다 밥알 의도 조리법 밥알 풀어지다 국물 녹다 국물 혼탁 텁텁해짐 불리 않다 살짝 설익다 지다 육수 말다 이유 모르다 함께 나오다 고추 명성 별로 이다 차라리 감칠맛 좋다 익다 김치 이다 찾아가다 먹다 음식점 맞다 같다 추천,4.0,5.0,positive,4.75,3.5,positive_floor_blocked[active_negative_evidence] | sentiment_cap:3.5[explicit_negative_conclusion],0.5,0.5,0,0,11,11,0,1,4,4,11,5,0,1,0,0,1,1.0,6.0,-2.0,"[{""text"": ""감칠맛 좋다"", ""normalized_text"": ""감칠맛 좋다"", ""score"": 1.0, ""original_score"": 1.0, ""polarity"": ""positive"", ""strength"": ""normal"", ""aspect"": ""food"", ""source"": ""dictionary"", ""tag"": ""token"", ""start"": 7, ""end"": 9, ""is_active"": true, ""guard_reason"": null, ""term"": ""감칠맛 좋다"", ""category"": ""food""}, {""text"": ""고기 좋다"", ""normalized_text"": ""고기 좋다"", ""score"": 1.0, ""original_score"": 1.0, ""polarity"": ""positive"", ""strength"": ""normal"", ""aspect"": ""food"", ""source"": ""dictionary"", ""tag"": ""token"", ""start"": 16, ""end"": 18, ""is_active"": true, ""guard_reason"": null, ""term"": ""고기 좋다"", ""category"": ""food""}, {""text"": ""별로 이다"", ""normalized_text"": ""별로 이다"", ""score"": -1.0, ""original_score"": -1.0, ""polarity"": ""negative"", ""strength"": ""normal"", ""aspect"": ""general"", ""source"": ""dictionary"", ""tag"": ""token"", ""start"": 86, ""end"": 88, ""is_active"": true, ""guard_reason"": null, ""term"": ""별로 이다"", ""category"": ""general""}, {""text"": ""은은하다"", ""normalized_text"": ""은은하다"", ""score"": 1.0, ""original_score"": 1.0, ""polarity"": ""positive"", ""strength"": ""normal"", ""aspect"": ""general"", ""source"": ""dictionary"", ""tag"": ""token"", ""start"": 6, ""end"": 7, ""is_active"": true, ""guard_reason"": null, ""term"": ""은은하다"", ""category"": ""general""}, {""text"": ""담백하다"", ""normalized_text"": ""담백하다"", ""score"": 1.0, ""original_score"": 1.0, ""polarity"": ""positive"", ""strength"": ""normal"", ""aspect"": ""food"", ""source"": ""dictionary"", ""tag"": ""token"", ""start"": 11, ""end"": 12, ""is_active"": true, ""guard_reason"": null, ""term"": ""담백하다"", ""category"": ""food""}, {""text"": ""맛있다"", ""normalized_text"": ""맛있다"", ""score"": 1.0, ""original_score"": 1.0, ""polarity"": ""positive"", ""strength"": ""normal"", ""aspect"": ""food"", ""source"": ""dictionary"", ""tag"": ""token"", ""start"": 26, ""end"": 27, ""is_active"": true, ""guard_reason"": null, ""term"": ""맛있다"", ""category"": ""food""}, {""text"": ""깔끔하다"", ""normalized_text"": ""깔끔하다"", ""score"": 1.0, ""original_score"": 1.0, ""polarity"": ""positive"", ""strength"": ""normal"", ""aspect"": ""general"", ""source"": ""dictionary"", ""tag"": ""token"", ""start"": 37, ""end"": 38, ""is_active"": true, ""guard_reason"": null, ""term"": ""깔끔하다"", ""category"": ""general""}, {""text"": ""미지근하다"", ""normalized_text"": ""미지근하다"", ""score"": -1.0, ""original_score"": -1.0, ""polarity"": ""negative"", ""strength"": ""normal"", ""aspect"": ""food"", ""source"": ""dictionary"", ""tag"": ""token"", ""start"": 38, ""end"": 39, ""is_active"": true, ""guard_reason"": null, ""term"": ""미지근하다"", ""category"": ""food""}, {""text"": ""부드럽다"", ""normalized_text"": ""부드럽다"", ""score"": 1.0, ""original_score"": 1.0, ""polarity"": ""positive"", ""strength"": ""normal"", ""aspect"": ""food"", ""source"": ""dictionary"", ""tag"": ""token"", ""start"": 52, ""end"": 53, ""is_active"": true, ""guard_reason"": null, ""term"": ""부드럽다"", ""category"": ""food""}, {""text"": ""퍽퍽"", ""normalized_text"": ""퍽퍽"", ""score"": -1.0, ""original_score"": -1.0, ""polarity"": ""negative"", ""strength"": ""normal"", ""aspect"": ""food"", ""source"": ""dictionary"", ""tag"": ""token"", ""start"": 61, ""end"": 62, ""is_active"": true, ""guard_reason"": null, ""term"": ""퍽퍽"", ""category"": ""food""}, {""text"": ""녹다"", ""normalized_text"": ""녹다"", ""score"": 1.0, ""original_score"": 1.0, ""polarity"": ""positive"", ""strength"": ""normal"", ""aspect"": ""food"", ""source"": ""dictionary"", ""tag"": ""token"", ""start"": 69, ""end"": 70, ""is_active"": true, ""guard_reason"": null, ""term"": ""녹다"", ""category"": ""food""}, {""text"": ""텁텁해짐"", ""normalized_text"": ""텁텁해짐"", ""score"": -1.0, ""original_score"": -1.0, ""polarity"": ""negative"", ""strength"": ""normal"", ""aspect"": ""food"", ""source"": ""dictionary"", ""tag"": ""token"", ""start"": 72, ""end"": 73, ""is_active"": true, ""guard_reason"": null, ""term"": ""텁텁해짐"", ""category"": ""food""}, {""text"": ""감칠맛"", ""normalized_text"": ""감칠맛"", ""score"": 1.0, ""original_score"": 1.0, ""polarity"": ""positive"", ""strength"": ""normal"", ""aspect"": ""food"", ""source"": ""dictionary"", ""tag"": ""token"", ""start"": 89, ""end"": 90, ""is_active"": true, ""guard_reason"": null, ""term"": ""감칠맛"", ""category"": ""food""}, {""text"": ""추천"", ""normalized_text"": ""추천"", ""score"": 1.0, ""original_score"": 1.0, ""polarity"": ""positive"", ""strength"": ""normal"", ""aspect"": ""recommendation"", ""source"": ""dictionary"", ""tag"": ""token"", ""start"": 99, ""end"": 100, ""is_active"": true, ""guard_reason"": null, ""term"": ""추천"", ""category"": ""recommendation""}, {""text"": ""맛 좋다"", ""normalized_text"": ""맛 좋다"", ""score"": 1.0, ""original_score"": 1.0, ""polarity"": ""positive"", ""strength"": ""normal"", ""aspect"": ""food"", ""source"": ""phrase_rule"", ""tag"": ""food_positive_phrase"", ""start"": null, ""end"": null, ""is_active"": true, ""guard_reason"": null, ""term"": ""맛 좋다"", ""category"": ""food""}, {""text"": ""명시적 현재 부정 결론"", ""normalized_text"": ""명시적 현재 부정 결론"", ""score"": -2.0, ""original_score"": -2.0, ""polarity"": ""negative"", ""strength"": ""strong"", ""aspect"": ""general"", ""source"": ""context_guard"", ""tag"": ""active_current_negative_conclusion"", ""start"": null, ""end"": null, ""is_active"": true, ""guard_reason"": null, ""term"": ""명시적 현재 부정 결론"", ""category"": ""general""}, {""text"": ""뻑뻑"", ""normalized_text"": ""뻑뻑"", ""score"": 0.0, ""original_score"": -1.0, ""polarity"": ""neutral"", ""strength"": ""weak"", ""aspect"": ""food"", ""source"": ""context_guard"", ""tag"": ""direct_negative_absence"", ""start"": 14, ""end"": 15, ""is_active"": false, ""guard_reason"": ""direct_negative_absence"", ""term"": ""뻑뻑"", ""category"": ""food""}, {""text"": ""좋다"", ""normalized_text"": ""좋다"", ""score"": 0.0, ""original_score"": 1.0, ""polarity"": ""neutral"", ""strength"": ""weak"", ""aspect"": ""general"", ""source"": ""context_guard"", ""tag"": ""suppressed_by_phrase_rule"", ""start"": 51, ""end"": 52, ""is_active"": false, ""guard_reason"": ""suppressed_by_phrase_rule"", ""term"": ""좋다"", ""category"": ""general""}]",[],감칠맛 좋다:+1[token] | 고기 좋다:+1[token] | 별로 이다:-1[token] | 은은하다:+1[token] | 담백하다:+1[token] | 맛있다:+1[token] | 깔끔하다:+1[token] | 미지근하다:-1[token] | 부드럽다:+1[token] | 퍽퍽:-1[token] | 녹다:+1[token] | 텁텁해짐:-1[token] | 감칠맛:+1[token] | 추천:+1[token] | 맛 좋다:+1[food_positive_phrase] | 명시적 현재 부정 결론:-2[active_current_negative_conclusion] | 뻑뻑:-1->0[direct_negative_absence] | 좋다:1->0[suppressed_by_phrase_rule],5.0,0.0,0.0,0.0,0.0,0.0,1.0,0.0,-1.0,감칠맛 좋다:+1[token] 고기 좋다:+1[token] 담백하다:+1[token] 맛있다:+1[token] 미지근하다:-1[token] 부드럽다:+1[token] 퍽퍽:-1[token] 녹다:+1[token] 텁텁해짐:-1[token] 감칠맛:+1[token] 맛 좋다:+1[food_positive_phrase] 뻑뻑:-1->0[direct_negative_absence],,,,,,추천:+1[token],,별로 이다:-1[token] 은은하다:+1[token] 깔끔하다:+1[token] 명시적 현재 부정 결론:-2[active_current_negative_conclusion] 좋다:1->0[suppressed_by_phrase_rule]
kakao,옥동식 서교점,깔끔하고 담백해서 부담없이 국밥 싫어하는 사람도 먹을수 있는 맛,깔끔하다 담백하다 부담 없이 국밥 싫어하다 사람 먹다,깔끔하다 담백하다 부담 없이 국밥 싫어하다 사람 먹다,4.0,1.0,positive,3.42,3.42,,0.5800000000000001,0.5800000000000001,0,0,2,2,0,0,1,1,2,1,0,0,0,0,0,0.0,1.0,0.0,"[{""text"": ""깔끔하다"", ""normalized_text"": ""깔끔하다"", ""score"": 1.0, ""original_score"": 1.0, ""polarity"": ""positive"", ""strength"": ""normal"", ""aspect"": ""general"", ""source"": ""dictionary"", ""tag"": ""token"", ""start"": 0, ""end"": 1, ""is_active"": true, ""guard_reason"": null, ""term"": ""깔끔하다"", ""category"": ""general""}, {""text"": ""담백하다"", ""normalized_text"": ""담백하다"", ""score"": 1.0, ""original_score"": 1.0, ""polarity"": ""positive"", ""strength"": ""normal"", ""aspect"": ""food"", ""source"": ""dictionary"", ""tag"": ""token"", ""start"": 1, ""end"": 2, ""is_active"": true, ""guard_reason"": null, ""term"": ""담백하다"", ""category"": ""food""}, {""text"": ""싫어하다"", ""normalized_text"": ""싫어하다"", ""score"": -1.0, ""original_score"": -1.0, ""polarity"": ""negative"", ""strength"": ""normal"", ""aspect"": ""general"", ""source"": ""dictionary"", ""tag"": ""token"", ""start"": 5, ""end"": 6, ""is_active"": true, ""guard_reason"": null, ""term"": ""싫어하다"", ""category"": ""general""}]",[],깔끔하다:+1[token] | 담백하다:+1[token] | 싫어하다:-1[token],1.0,0.0,0.0,0.0,0.0,0.0,0.0,0.0,0.0,담백하다:+1[token],,,,,,,,깔끔하다:+1[token] 싫어하다:-1[token]
kakao,옥동식 서교점,70분의 기다림의 따뜻함 토렴의 아쉬움은 다음번에 재방문하는걸로,기다림 따뜻하다 토렴 아쉬움 다음 방문,기다림 따뜻하다 토렴 아쉬움 다음 방문,4.0,0.0,neutral,3.08,3.08,,0.9199999999999999,0.9199999999999999,0,0,1,1,0,0,1,1,1,1,0,0,0,0,0,0.0,0.0,0.0,"[{""text"": ""따뜻하다"", ""normalized_text"": ""따뜻하다"", ""score"": 1.0, ""original_score"": 1.0, ""polarity"": ""positive"", ""strength"": ""normal"", ""aspect"": ""food"", ""source"": ""dictionary"", ""tag"": ""token"", ""start"": 1, ""end"": 2, ""is_active"": true, ""guard_reason"": null, ""term"": ""따뜻하다"", ""category"": ""food""}, {""text"": ""아쉬움"", ""normalized_text"": ""아쉬움"", ""score"": -1.0, ""original_score"": -1.0, ""polarity"": ""negative"", ""strength"": ""normal"", ""aspect"": ""general"", ""source"": ""dictionary"", ""tag"": ""token"", ""start"": 3, ""end"": 4, ""is_active"": true, ""guard_reason"": null, ""term"": ""아쉬움"", ""category"": ""general""}]",[],따뜻하다:+1[token] | 아쉬움:-1[token],1.0,0.0,0.0,0.0,0.0,0.0,0.0,0.0,-1.0,따뜻하다:+1[token],,,,,,,,아쉬움:-1[token]
kakao,을밀대 본점,평양냉면 맛이 밍밍하면서 양도 적당해요. 슴슴하고 아리한 맛이 나는 겨자와 식초를 조금씩 넣고 고기 냉면맛을 즐겨봐요. 감사합니다.,평양 냉면 밍밍 양도 적당하다 슴슴 아리 겨자 식초 조금씩 넣다 고기 냉면 즐기다 보다 감사하다,평양 냉면 밍밍 양도 적당하다 슴슴 아리 겨자 식초 조금씩 넣다 고기 냉면 즐기다 보다 감사하다,4.0,1.0,positive,3.34,3.34,,0.6600000000000001,0.6600000000000001,0,0,2,2,0,0,1,1,2,1,0,0,0,0,0,0.0,1.0,0.0,"[{""text"": ""밍밍"", ""normalized_text"": ""밍밍"", ""score"": -1.0, ""original_score"": -1.0, ""polarity"": ""negative"", ""strength"": ""normal"", ""aspect"": ""food"", ""source"": ""dictionary"", ""tag"": ""token"", ""start"": 2, ""end"": 3, ""is_active"": true, ""guard_reason"": null, ""term"": ""밍밍"", ""category"": ""food""}, {""text"": ""적당하다"", ""normalized_text"": ""적당하다"", ""score"": 1.0, ""original_score"": 1.0, ""polarity"": ""positive"", ""strength"": ""normal"", ""aspect"": ""food"", ""source"": ""dictionary"", ""tag"": ""token"", ""start"": 4, ""end"": 5, ""is_active"": true, ""guard_reason"": null, ""term"": ""적당하다"", ""category"": ""food""}, {""text"": ""감사하다"", ""normalized_text"": ""감사하다"", ""score"": 1.0, ""original_score"": 1.0, ""polarity"": ""positive"", ""strength"": ""normal"", ""aspect"": ""general"", ""source"": ""dictionary"", ""tag"": ""token"", ""start"": 15, ""end"": 16, ""is_active"": true, ""guard_reason"": null, ""term"": ""감사하다"", ""category"": ""general""}]",[],밍밍:-1[token] | 적당하다:+1[token] | 감사하다:+1[token],0.0,0.0,0.0,0.0,0.0,0.0,0.0,0.0,1.0,밍밍:-1[token] 적당하다:+1[token],,,,,,,,감사하다:+1[token]
kakao,을밀대 본점,"평냉 16,000원, 녹두전 13,000원 혼자 먹었어요! 개인적으로 평냉 맛은 의정부 평양면옥 이후로 맛있는 집을 드디어 찾았다..!!!!!! 가격은 사악해서 아주 가끔 올 것 같지만.. 녹두전은 중간중간 고기가 길게 들어있고, 테두리는 바삭보다는 조금 딱딱한 느낌이고 그냥 먹어볼만 합니다!",평냉 녹두 혼자 먹다 개인 평냉 의정부 평양 면옥 이후 맛있다 드디어 찾다 가격 사악하다 아주 가끔 오다 같다 녹두 중간 중간 고기 길다 들다 테두리 바삭 조금 딱딱하다 느낌 그냥 먹다,평냉 녹두 혼자 먹다 개인 평냉 의정부 평양 면옥 이후 맛있다 드디어 찾다 가격 사악하다 아주 가끔 오다 같다 녹두 중간 중간 고기 길다 들다 테두리 바삭 조금 딱딱하다 느낌 그냥 먹다,5.0,0.5,positive,3.25,3.25,,1.75,1.75,0,0,2,2,0,0,1,2,2,2,0,1,0,0,2,2.0,-1.5,0.0,"[{""text"": ""가격 사악하다"", ""normalized_text"": ""가격 사악하다"", ""score"": -0.5, ""original_score"": -1.0, ""polarity"": ""negative"", ""strength"": ""weak"", ""aspect"": ""price"", ""source"": ""dictionary"", ""tag"": ""token"", ""start"": 13, ""end"": 15, ""is_active"": true, ""guard_reason"": null, ""term"": ""가격 사악하다"", ""category"": ""price""}, {""text"": ""딱딱하다"", ""normalized_text"": ""딱딱하다"", ""score"": -1.0, ""original_score"": -1.0, ""polarity"": ""negative"", ""strength"": ""normal"", ""aspect"": ""food"", ""source"": ""dictionary"", ""tag"": ""token"", ""start"": 28, ""end"": 29, ""is_active"": true, ""guard_reason"": null, ""term"": ""딱딱하다"", ""category"": ""food""}, {""text"": ""먹어볼만하다"", ""normalized_text"": ""먹어볼만하다"", ""score"": 1.0, ""original_score"": 1.0, ""polarity"": ""positive"", ""strength"": ""normal"", ""aspect"": ""recommendation"", ""source"": ""phrase_rule"", ""tag"": ""worth_trying_phrase"", ""start"": null, ""end"": null, ""is_active"": true, ""guard_reason"": null, ""term"": ""먹어볼만하다"", ""category"": ""recommendation""}, {""text"": ""음식 품질 긍정"", ""normalized_text"": ""음식 품질 긍정"", ""score"": 1.0, ""original_score"": 1.0, ""polarity"": ""positive"", ""strength"": ""normal"", ""aspect"": ""food"", ""source"": ""pattern_rule"", ""tag"": ""food_quality_positive_pattern"", ""start"": null, ""end"": null, ""is_active"": true, ""guard_reason"": null, ""term"": ""음식 품질 긍정"", ""category"": ""food""}, {""text"": ""맛있다"", ""normalized_text"": ""맛있다"", ""score"": 0.0, ""original_score"": 1.0, ""polarity"": ""neutral"", ""strength"": ""weak"", ""aspect"": ""food"", ""source"": ""context_guard"", ""tag"": ""suppressed_by_phrase_rule"", ""start"": 10, ""end"": 11, ""is_active"": false, ""guard_reason"": ""suppressed_by_phrase_rule"", ""term"": ""맛있다"", ""category"": ""food""}, {""text"": ""길다"", ""normalized_text"": ""길다"", ""score"": 0.0, ""original_score"": -1.0, ""polarity"": ""neutral"", ""strength"": ""weak"", ""aspect"": ""general"", ""source"": ""context_guard"", ""tag"": ""ambiguous_target_context"", ""start"": 23, ""end"": 24, ""is_active"": false, ""guard_reason"": ""ambiguous_target_context"", ""term"": ""길다"", ""category"": ""general""}, {""text"": ""바삭"", ""normalized_text"": ""바삭"", ""score"": 0.0, ""original_score"": 1.0, ""polarity"": ""neutral"", ""strength"": ""weak"", ""aspect"": ""food"", ""source"": ""context_guard"", ""tag"": ""comparative_reference"", ""start"": 26, ""end"": 27, ""is_active"": false, ""guard_reason"": ""comparative_reference"", ""term"": ""바삭"", ""category"": ""food""}]",[],가격 사악하다:-0.5[token] | 딱딱하다:-1[token] | 먹어볼만하다:+1[worth_trying_phrase] | 음식 품질 긍정:+1[food_quality_positive_pattern] | 맛있다:1->0[suppressed_by_phrase_rule] | 길다:-1->0[ambiguous_target_context] | 바삭:1->0[comparative_reference],0.0,0.0,-0.5,0.0,0.0,0.0,1.0,0.0,0.0,딱딱하다:-1[token] 음식 품질 긍정:+1[food_quality_positive_pattern] 맛있다:1->0[suppressed_by_phrase_rule] 바삭:1->0[comparative_reference],,가격 사악하다:-0.5[token],,,,먹어볼만하다:+1[worth_trying_phrase],,길다:-1->0[ambiguous_target_context]
kakao,을밀대 본점,"두번째 방문입니다 메밀맛이 국물에서 좀 나는군요 육향이 너무 희미합니다 국물이 좀 적은 것 같은데, 먹다보면 괜찮네요 가격은 상당히 비쌉니다",두번째 방문 이다 메밀 국물 나다 너무 희미하다 국물 적다 같다 먹다 보다 괜찮다 가격 상당하다 비싸다,두번째 방문 이다 메밀 국물 나다 너무 희미하다 국물 적다 같다 먹다 보다 괜찮다 가격 상당하다 비싸다,4.0,0.5,positive,3.29,3.29,,0.71,0.71,0,0,1,1,0,0,0,1,1,1,0,0,0,0,1,1.0,-0.5,0.0,"[{""text"": ""비싸다"", ""normalized_text"": ""비싸다"", ""score"": -0.5, ""original_score"": -1.0, ""polarity"": ""negative"", ""strength"": ""weak"", ""aspect"": ""price"", ""source"": ""dictionary"", ""tag"": ""token"", ""start"": 16, ""end"": 17, ""is_active"": true, ""guard_reason"": null, ""term"": ""비싸다"", ""category"": ""price""}, {""text"": ""음식 품질 긍정"", ""normalized_text"": ""음식 품질 긍정"", ""score"": 1.0, ""original_score"": 1.0, ""polarity"": ""positive"", ""strength"": ""normal"", ""aspect"": ""food"", ""source"": ""pattern_rule"", ""tag"": ""food_quality_positive_pattern"", ""start"": null, ""end"": null, ""is_active"": true, ""guard_reason"": null, ""term"": ""음식 품질 긍정"", ""category"": ""food""}, {""text"": ""적다"", ""normalized_text"": ""적다"", ""score"": 0.0, ""original_score"": -1.0, ""polarity"": ""neutral"", ""strength"": ""weak"", ""aspect"": ""price"", ""source"": ""context_guard"", ""tag"": ""quantity_ambiguous_context"", ""start"": 9, ""end"": 10, ""is_active"": false, ""guard_reason"": ""quantity_ambiguous_context"", ""term"": ""적다"", ""category"": ""price""}, {""text"": ""괜찮다"", ""normalized_text"": ""괜찮다"", ""score"": 0.0, ""original_score"": 1.0, ""polarity"": ""neutral"", ""strength"": ""weak"", ""aspect"": ""general"", ""source"": ""context_guard"", ""tag"": ""suppressed_by_phrase_rule"", ""start"": 13, ""end"": 14, ""is_active"": false, ""guard_reason"": ""suppressed_by_phrase_rule"", ""term"": ""괜찮다"", ""category"": ""general""}]",[],비싸다:-0.5[token] | 음식 품질 긍정:+1[food_quality_positive_pattern] | 적다:-1->0[quantity_ambiguous_context] | 괜찮다:1->0[suppressed_by_phrase_rule],1.0,0.0,-0.5,0.0,0.0,0.0,0.0,0.0,0.0,음식 품질 긍정:+1[food_quality_positive_pattern],,비싸다:-0.5[token] 적다:-1->0[quantity_ambiguous_context],,,,,,괜찮다:1->0[suppressed_by_phrase_rule]
kakao,을밀대 본점,주사위 굴리듯 육수맛이 변합니다. 평균적으로 5가 나오고요.. 가끔 6나오면 사람 미칩니다. 2나 3이 나올 땐 아쉬운 마음 가득..,주사위 굳다 변하다 평균 가다 나오다 가끔 나오다 사람 미치다 나오다 아쉽다 마음 가득,주사위 굳다 변하다 평균 가다 나오다 가끔 나오다 사람 미치다 나오다 아쉽다 마음 가득,4.0,-1.0,negative,2.66,2.66,,1.3399999999999999,1.3399999999999999,0,0,1,1,0,0,2,2,1,2,0,0,0,0,0,0.0,-1.0,0.0,"[{""text"": ""변하다"", ""normalized_text"": ""변하다"", ""score"": -1.0, ""original_score"": -1.0, ""polarity"": ""negative"", ""strength"": ""normal"", ""aspect"": ""general"", ""source"": ""dictionary"", ""tag"": ""token"", ""start"": 2, ""end"": 3, ""is_active"": true, ""guard_reason"": null, ""term"": ""변하다"", ""category"": ""general""}, {""text"": ""미치다"", ""normalized_text"": ""미치다"", ""score"": 1.0, ""original_score"": 1.0, ""polarity"": ""positive"", ""strength"": ""normal"", ""aspect"": ""general"", ""source"": ""dictionary"", ""tag"": ""token"", ""start"": 9, ""end"": 10, ""is_active"": true, ""guard_reason"": null, ""term"": ""미치다"", ""category"": ""general""}, {""text"": ""아쉽다"", ""normalized_text"": ""아쉽다"", ""score"": -1.0, ""original_score"": -1.0, ""polarity"": ""negative"", ""strength"": ""normal"", ""aspect"": ""general"", ""source"": ""dictionary"", ""tag"": ""token"", ""start"": 11, ""end"": 12, ""is_active"": true, ""guard_reason"": null, ""term"": ""아쉽다"", ""category"": ""general""}]",[],변하다:-1[token] | 미치다:+1[token] | 아쉽다:-1[token],0.0,0.0,0.0,0.0,0.0,0.0,0.0,0.0,-1.0,,,,,,,,,변하다:-1[token] 미치다:+1[token] 아쉽다:-1[token]
kakao,을밀대 본점,엄마가 제일 좋아하는 평냉집! 둘이 가서 평냉 하나에 빈대떡 하나 시켜 나눠먹고 후식으로 옆에 꽈배기집에서 통모짜핫도그 먹으면 갓벽한 염리동 루트,엄마 제일 좋아하다 평냉집 가다 평냉 하나 빈대떡 하나 시키다 나누다 먹다 후식 꽈배기 통모 짜다 핫도그 먹다 염리동 루트,엄마 제일 좋아하다 평냉집 가다 평냉 하나 빈대떡 하나 시키다 나누다 먹다 후식 꽈배기 통모 짜다 핫도그 먹다 염리동 루트,4.0,0.0,neutral,2.92,2.92,,1.08,1.08,0,0,1,1,0,0,1,1,1,1,0,0,0,0,0,0.0,0.0,0.0,"[{""text"": ""좋아하다"", ""normalized_text"": ""좋아하다"", ""score"": 1.0, ""original_score"": 1.0, ""polarity"": ""positive"", ""strength"": ""normal"", ""aspect"": ""general"", ""source"": ""dictionary"", ""tag"": ""token"", ""start"": 2, ""end"": 3, ""is_active"": true, ""guard_reason"": null, ""term"": ""좋아하다"", ""category"": ""general""}, {""text"": ""짜다"", ""normalized_text"": ""짜다"", ""score"": -1.0, ""original_score"": -1.0, ""polarity"": ""negative"", ""strength"": ""normal"", ""aspect"": ""food"", ""source"": ""dictionary"", ""tag"": ""token"", ""start"": 15, ""end"": 16, ""is_active"": true, ""guard_reason"": null, ""term"": ""짜다"", ""category"": ""food""}]",[],좋아하다:+1[token] | 짜다:-1[token],-1.0,0.0,0.0,0.0,0.0,0.0,0.0,0.0,1.0,짜다:-1[token],,,,,,,,좋아하다:+1[token]
kakao,을밀대 본점,메밀향 너무 진하고 면이 너무 질겨서 가위를 주셨다 맛은 있었지만 내타입은 아닌걸로…,메밀 너무 진하다 너무 질겨 가위 주다 타입 아니다,메밀 너무 진하다 너무 질겨 가위 주다 타입 아니다,4.0,0.0,neutral,3.0,3.0,,1.0,1.0,0,0,1,1,0,0,1,1,1,1,0,0,0,0,0,0.0,0.0,0.0,"[{""text"": ""진하다"", ""normalized_text"": ""진하다"", ""score"": 1.0, ""original_score"": 1.0, ""polarity"": ""positive"", ""strength"": ""normal"", ""aspect"": ""food"", ""source"": ""dictionary"", ""tag"": ""token"", ""start"": 2, ""end"": 3, ""is_active"": true, ""guard_reason"": null, ""term"": ""진하다"", ""category"": ""food""}, {""text"": ""질겨"", ""normalized_text"": ""질겨"", ""score"": -1.0, ""original_score"": -1.0, ""polarity"": ""negative"", ""strength"": ""normal"", ""aspect"": ""food"", ""source"": ""dictionary"", ""tag"": ""token"", ""start"": 4, ""end"": 5, ""is_active"": true, ""guard_reason"": null, ""term"": ""질겨"", ""category"": ""food""}]",[],진하다:+1[token] | 질겨:-1[token],0.0,0.0,0.0,0.0,0.0,0.0,0.0,0.0,0.0,진하다:+1[token] 질겨:-1[token],,,,,,,,
kakao,을밀대 본점,우래옥이 영업을 안해서 을밀대로! 우래옥과는 다른 매력으로 맛있었당 👍🏻 직원분들 친절하셨어용! 줄이 길었는데 웨이팅 하는 곳에 냉방시설도 설치해놓으시고 줄도 금방 빠져서 힘들게 오래 기다리지 않았어요!,영업 안해 을밀대 다른 매력 맛있다 직원 친절하다 줄이다 길다 웨이 냉방 시설 설치 금방 빠지다 힘들다 오래 기다리다 않다,영업 안해 을밀대 다른 매력 맛있다 직원 친절하다 줄이다 길다 웨이 냉방 시설 설치 금방 빠지다 힘들다 오래 기다리다 않다,5.0,0.0,neutral,3.15,3.15,,1.85,1.85,0,0,2,2,0,0,2,2,2,2,0,0,0,0,0,0.0,0.0,0.0,"[{""text"": ""직원 친절하다"", ""normalized_text"": ""직원 친절하다"", ""score"": 1.0, ""original_score"": 1.0, ""polarity"": ""positive"", ""strength"": ""normal"", ""aspect"": ""service"", ""source"": ""dictionary"", ""tag"": ""token"", ""start"": 6, ""end"": 8, ""is_active"": true, ""guard_reason"": null, ""term"": ""직원 친절하다"", ""category"": ""service""}, {""text"": ""맛있다"", ""normalized_text"": ""맛있다"", ""score"": 1.0, ""original_score"": 1.0, ""polarity"": ""positive"", ""strength"": ""normal"", ""aspect"": ""food"", ""source"": ""dictionary"", ""tag"": ""token"", ""start"": 5, ""end"": 6, ""is_active"": true, ""guard_reason"": null, ""term"": ""맛있다"", ""category"": ""food""}, {""text"": ""길다"", ""normalized_text"": ""길다"", ""score"": -1.0, ""original_score"": -1.0, ""polarity"": ""negative"", ""strength"": ""normal"", ""aspect"": ""general"", ""source"": ""dictionary"", ""tag"": ""token"", ""start"": 9, ""end"": 10, ""is_active"": true, ""guard_reason"": null, ""term"": ""길다"", ""category"": ""general""}, {""text"": ""힘들다"", ""normalized_text"": ""힘들다"", ""score"": -1.0, ""original_score"": -1.0, ""polarity"": ""negative"", ""strength"": ""normal"", ""aspect"": ""general"", ""source"": ""dictionary"", ""tag"": ""token"", ""start"": 16, ""end"": 17, ""is_active"": true, ""guard_reason"": null, ""term"": ""힘들다"", ""category"": ""general""}, {""text"": ""오래 기다리다"", ""normalized_text"": ""오래 기다리다"", ""score"": 0.0, ""original_score"": -1.0, ""polarity"": ""neutral"", ""strength"": ""weak"", ""aspect"": ""wait"", ""source"": ""context_guard"", ""tag"": ""direct_negative_absence"", ""start"": 17, ""end"": 19, ""is_active"": false, ""guard_reason"": ""direct_negative_absence"", ""term"": ""오래 기다리다"", ""category"": ""wait""}]",[],직원 친절하다:+1[token] | 맛있다:+1[token] | 길다:-1[token] | 힘들다:-1[token] | 오래 기다리다:-1->0[direct_negative_absence],1.0,1.0,0.0,0.0,0.0,0.0,0.0,0.0,-2.0,맛있다:+1[token],직원 친절하다:+1[token],,,오래 기다리다:-1->0[direct_negative_absence],,,,길다:-1[token] 힘들다:-1[token]
kakao,을밀대 본점,"개인적으로 가장 선호하는 평양냉면집 다른 평냉집 두어곳을 가봐도 이 곳 만큼의 만족감을 느끼진 못했다. 이 곳의 면은 탄력이 약한 편인데, 이 점이 개인적으로 가장 마움에 든다. 다른 가게들은 탄성이 높아서 아쉬웠음. 평양냉면을 좋아하는 분들이라면 거리가 멀어도 한번 도전해봐도 좋을 가게",개인 가장 선호 평양 냉면집 다른 평냉집 가보다 만족감 느끼다 탄력 약하다 개인 가장 마움 들다 다른 가게 탄성 높다 아쉽다 평양 냉면 좋아하다 들이다 거리 멀다 한번 도전 해보다 좋다 가게,개인 가장 선호 평양 냉면집 다른 평냉집 가보다 만족감 느끼다 탄력 약하다 개인 가장 마움 들다 다른 가게 탄성 높다 아쉽다 평양 냉면 좋아하다 들이다 거리 멀다 한번 도전 해보다 좋다 가게,5.0,1.0,positive,3.42,3.42,positive_floor_blocked[active_negative_evidence],1.58,1.58,0,0,3,3,0,0,2,2,3,2,0,0,0,0,1,1.0,0.0,0.0,"[{""text"": ""만족감"", ""normalized_text"": ""만족감"", ""score"": 1.0, ""original_score"": 1.0, ""polarity"": ""positive"", ""strength"": ""normal"", ""aspect"": ""general"", ""source"": ""dictionary"", ""tag"": ""token"", ""start"": 8, ""end"": 9, ""is_active"": true, ""guard_reason"": null, ""term"": ""만족감"", ""category"": ""general""}, {""text"": ""아쉽다"", ""normalized_text"": ""아쉽다"", ""score"": -1.0, ""original_score"": -1.0, ""polarity"": ""negative"", ""strength"": ""normal"", ""aspect"": ""general"", ""source"": ""dictionary"", ""tag"": ""token"", ""start"": 20, ""end"": 21, ""is_active"": true, ""guard_reason"": null, ""term"": ""아쉽다"", ""category"": ""general""}, {""text"": ""좋아하다"", ""normalized_text"": ""좋아하다"", ""score"": 1.0, ""original_score"": 1.0, ""polarity"": ""positive"", ""strength"": ""normal"", ""aspect"": ""general"", ""source"": ""dictionary"", ""tag"": ""token"", ""start"": 23, ""end"": 24, ""is_active"": true, ""guard_reason"": null, ""term"": ""좋아하다"", ""category"": ""general""}, {""text"": ""멀다"", ""normalized_text"": ""멀다"", ""score"": -1.0, ""original_score"": -1.0, ""polarity"": ""negative"", ""strength"": ""normal"", ""aspect"": ""general"", ""source"": ""dictionary"", ""tag"": ""token"", ""start"": 26, ""end"": 27, ""is_active"": true, ""guard_reason"": null, ""term"": ""멀다"", ""category"": ""general""}, {""text"": ""음식 품질 긍정"", ""normalized_text"": ""음식 품질 긍정"", ""score"": 1.0, ""original_score"": 1.0, ""polarity"": ""positive"", ""strength"": ""normal"", ""aspect"": ""food"", ""source"": ""pattern_rule"", ""tag"": ""food_quality_positive_pattern"", ""start"": null, ""end"": null, ""is_active"": true, ""guard_reason"": null, ""term"": ""음식 품질 긍정"", ""category"": ""food""}, {""text"": ""약하다"", ""normalized_text"": ""약하다"", ""score"": 0.0, ""original_score"": -1.0, ""polarity"": ""neutral"", ""strength"": ""weak"", ""aspect"": ""general"", ""source"": ""context_guard"", ""tag"": ""positive_preference_context"", ""start"": 11, ""end"": 12, ""is_active"": false, ""guard_reason"": ""positive_preference_context"", ""term"": ""약하다"", ""category"": ""general""}, {""text"": ""좋다"", ""normalized_text"": ""좋다"", ""score"": 0.0, ""original_score"": 1.0, ""polarity"": ""neutral"", ""strength"": ""weak"", ""aspect"": ""general"", ""source"": ""context_guard"", ""tag"": ""suppressed_by_phrase_rule"", ""start"": 30, ""end"": 31, ""is_active"": false, ""guard_reason"": ""suppressed_by_phrase_rule"", ""term"": ""좋다"", ""category"": ""general""}]",[],만족감:+1[token] | 아쉽다:-1[token] | 좋아하다:+1[token] | 멀다:-1[token] | 음식 품질 긍정:+1[food_quality_positive_pattern] | 약하다:-1->0[positive_preference_context] | 좋다:1->0[suppressed_by_phrase_rule],1.0,0.0,0.0,0.0,0.0,0.0,0.0,0.0,0.0,음식 품질 긍정:+1[food_quality_positive_pattern],,,,,,,,만족감:+1[token] 아쉽다:-1[token] 좋아하다:+1[token] 멀다:-1[token] 약하다:-1->0[positive_preference_context] 좋다:1->0[suppressed_by_phrase_rule]
kakao,을밀대 본점,솔직히 평양냉면 잘 몰라서 그건 잘 모르겠고요 녹두전이 그으냥 Meechin-nom임 근데? 너무 비싸 앤드 평일 점심시간에 50분 기다려야 한다는 사실..,솔직하다 평양 냉면 자다 모르다 그건 자다 모르다 녹두 전이 그으 근데 너무 비싸다 앤드 평일 점심시간 기다리다 사실,솔직하다 평양 냉면 자다 모르다 그건 자다 모르다 녹두 전이 그으 근데 너무 비싸다 앤드 평일 점심시간 기다리다 사실,4.0,-0.5,negative,2.86,2.86,,1.1400000000000001,1.1400000000000001,0,0,0,0,0,0,0,1,0,1,0,0,0,0,0,0.0,-0.5,0.0,"[{""text"": ""너무 비싸다"", ""normalized_text"": ""너무 비싸다"", ""score"": -0.5, ""original_score"": -2.0, ""polarity"": ""negative"", ""strength"": ""weak"", ""aspect"": ""price"", ""source"": ""dictionary"", ""tag"": ""token"", ""start"": 12, ""end"": 14, ""is_active"": true, ""guard_reason"": null, ""term"": ""너무 비싸다"", ""category"": ""price""}]",[],너무 비싸다:-0.5[token],0.0,0.0,-0.5,0.0,0.0,0.0,0.0,0.0,0.0,,,너무 비싸다:-0.5[token],,,,,,
kakao,을밀대 본점,필O면옥 생각하고 먹었는데 저는 생각보다 걸레빤 향+고기육향이 너무 나서 겨우 먹고 나왔어요ㅠ 속이 비리더라구요... 면은 정말 잘만들었어요. 워낙 취향 타는 게 평냉이라 갠적 소감만 남깁니다.,면옥 생각 먹다 생각 걸레 빨다 너무 나서다 겨우 먹다 나오다 속이다 비리다 정말 만들다 워낙 취향 타다 냉이 소감 남기다,면옥 생각 먹다 생각 걸레 빨다 너무 나서다 겨우 먹다 나오다 속이다 비리다 정말 만들다 워낙 취향 타다 냉이 소감 남기다,4.0,0.0,neutral,3.0,3.0,,1.0,1.0,0,0,1,1,0,0,1,1,1,1,0,0,0,0,1,1.0,-1.0,0.0,"[{""text"": ""비리다"", ""normalized_text"": ""비리다"", ""score"": -1.0, ""original_score"": -1.0, ""polarity"": ""negative"", ""strength"": ""normal"", ""aspect"": ""food"", ""source"": ""dictionary"", ""tag"": ""token"", ""start"": 12, ""end"": 13, ""is_active"": true, ""guard_reason"": null, ""term"": ""비리다"", ""category"": ""food""}, {""text"": ""음식을 잘 만들다"", ""normalized_text"": ""음식을 잘 만들다"", ""score"": 1.0, ""original_score"": 1.0, ""polarity"": ""positive"", ""strength"": ""normal"", ""aspect"": ""food"", ""source"": ""pattern_rule"", ""tag"": ""well_made_food_positive_pattern"", ""start"": null, ""end"": null, ""is_active"": true, ""guard_reason"": null, ""term"": ""음식을 잘 만들다"", ""category"": ""food""}]",[],비리다:-1[token] | 음식을 잘 만들다:+1[well_made_food_positive_pattern],0.0,0.0,0.0,0.0,0.0,0.0,0.0,0.0,0.0,비리다:-1[token] 음식을 잘 만들다:+1[well_made_food_positive_pattern],,,,,,,,
kakao,을밀대 본점,평냉 입문자라 대단히 맛있고 맛 없고를 분간하기 어려운데.. 먹을수록 맛있는 것 같아요....! 다만 가격이 비싼 느낌 ㅎ.ㅎ,평냉 입문 자라 대단하다 맛있다 분간 어렵다 먹다 맛있다 같다 다만 가격 비싸다 느낌,평냉 입문 자라 대단하다 맛있다 분간 어렵다 먹다 맛있다 같다 다만 가격 비싸다 느낌,4.0,-2.5,negative,2.1,2.1,,1.9,1.9,0,0,1,1,0,1,1,2,1,3,0,0,0,0,0,0.0,-0.5,-2.0,"[{""text"": ""가격 비싸다"", ""normalized_text"": ""가격 비싸다"", ""score"": -0.5, ""original_score"": -1.0, ""polarity"": ""negative"", ""strength"": ""weak"", ""aspect"": ""price"", ""source"": ""dictionary"", ""tag"": ""token"", ""start"": 11, ""end"": 13, ""is_active"": true, ""guard_reason"": null, ""term"": ""가격 비싸다"", ""category"": ""price""}, {""text"": ""맛있다"", ""normalized_text"": ""맛있다"", ""score"": 1.0, ""original_score"": 1.0, ""polarity"": ""positive"", ""strength"": ""normal"", ""aspect"": ""food"", ""source"": ""dictionary"", ""tag"": ""token"", ""start"": 4, ""end"": 5, ""is_active"": true, ""guard_reason"": null, ""term"": ""맛있다"", ""category"": ""food""}, {""text"": ""어렵다"", ""normalized_text"": ""어렵다"", ""score"": -1.0, ""original_score"": -1.0, ""polarity"": ""negative"", ""strength"": ""normal"", ""aspect"": ""general"", ""source"": ""dictionary"", ""tag"": ""token"", ""start"": 6, ""end"": 7, ""is_active"": true, ""guard_reason"": null, ""term"": ""어렵다"", ""category"": ""general""}, {""text"": ""명시적 음식 부정 결론"", ""normalized_text"": ""명시적 음식 부정 결론"", ""score"": -2.0, ""original_score"": -2.0, ""polarity"": ""negative"", ""strength"": ""strong"", ""aspect"": ""food"", ""source"": ""context_guard"", ""tag"": ""active_food_negative_conclusion"", ""start"": null, ""end"": null, ""is_active"": true, ""guard_reason"": null, ""term"": ""명시적 음식 부정 결론"", ""category"": ""food""}]",[],가격 비싸다:-0.5[token] | 맛있다:+1[token] | 어렵다:-1[token] | 명시적 음식 부정 결론:-2[active_food_negative_conclusion],-1.0,0.0,-0.5,0.0,0.0,0.0,0.0,0.0,-1.0,맛있다:+1[token] 명시적 음식 부정 결론:-2[active_food_negative_conclusion],,가격 비싸다:-0.5[token],,,,,,어렵다:-1[token]
kakao,을밀대 본점,그래 여긴 킹정이지 인정. 을밀대는 을밀대지 기본값 톡톡히 함 가격은 ...이제 그만 올려요 이러다 다 죽어.. + 입문자 테스트용으로 지인들 데려가곤 하는데 최근 들어서는 다른 평냉집보다 타율이 떨어지는 것 같기도.,그렇다 여기다 정이지 인정 을밀대 을밀대 기본 톡톡하다 가격 이제 그만 올리다 이르다 죽다 입문 테스트 지인 데려가다 최근 들어서다 다른 평냉집 타율 떨어지다 같다,그렇다 여기다 정이지 인정 을밀대 을밀대 기본 톡톡하다 가격 이제 그만 올리다 이르다 죽다 입문 테스트 지인 데려가다 최근 들어서다 다른 평냉집 타율 떨어지다 같다,4.0,0.0,neutral,3.0,3.0,,1.0,1.0,0,0,1,1,0,0,1,1,1,1,0,0,0,0,1,1.0,-1.0,0.0,"[{""text"": ""떨어지다"", ""normalized_text"": ""떨어지다"", ""score"": -1.0, ""original_score"": -1.0, ""polarity"": ""negative"", ""strength"": ""normal"", ""aspect"": ""general"", ""source"": ""dictionary"", ""tag"": ""token"", ""start"": 23, ""end"": 24, ""is_active"": true, ""guard_reason"": null, ""term"": ""떨어지다"", ""category"": ""general""}, {""text"": ""확실히 인정하다"", ""normalized_text"": ""확실히 인정하다"", ""score"": 1.0, ""original_score"": 1.0, ""polarity"": ""positive"", ""strength"": ""normal"", ""aspect"": ""general"", ""source"": ""pattern_rule"", ""tag"": ""positive_acknowledgement_pattern"", ""start"": null, ""end"": null, ""is_active"": true, ""guard_reason"": null, ""term"": ""확실히 인정하다"", ""category"": ""general""}]",[],떨어지다:-1[token] | 확실히 인정하다:+1[positive_acknowledgement_pattern],0.0,0.0,0.0,0.0,0.0,0.0,0.0,0.0,0.0,,,,,,,,,떨어지다:-1[token] 확실히 인정하다:+1[positive_acknowledgement_pattern]
kakao,을밀대 본점,그누가 가격이 애미리스하다 욕해도 나에겐 은하계에서 을밀대가 젤 맛있다!!,그누 가격 밉다 리스 은하계 을밀대 맛있다,그누 가격 밉다 리스 은하계 을밀대 맛있다,5.0,0.0,neutral,3.08,3.08,,1.92,1.92,0,0,1,1,0,0,1,1,1,1,0,0,0,0,0,0.0,0.0,0.0,"[{""text"": ""밉다"", ""normalized_text"": ""밉다"", ""score"": -1.0, ""original_score"": -1.0, ""polarity"": ""negative"", ""strength"": ""normal"", ""aspect"": ""general"", ""source"": ""dictionary"", ""tag"": ""token"", ""start"": 2, ""end"": 3, ""is_active"": true, ""guard_reason"": null, ""term"": ""밉다"", ""category"": ""general""}, {""text"": ""맛있다"", ""normalized_text"": ""맛있다"", ""score"": 1.0, ""original_score"": 1.0, ""polarity"": ""positive"", ""strength"": ""normal"", ""aspect"": ""food"", ""source"": ""dictionary"", ""tag"": ""token"", ""start"": 6, ""end"": 7, ""is_active"": true, ""guard_reason"": null, ""term"": ""맛있다"", ""category"": ""food""}]",[],밉다:-1[token] | 맛있다:+1[token],1.0,0.0,0.0,0.0,0.0,0.0,0.0,0.0,-1.0,맛있다:+1[token],,,,,,,,밉다:-1[token]
kakao,을밀대 본점,"평양냉면 15,000원 처음으로 평냉에 도전. 을밀대가 리뷰도 좋고 대중적으로 유명하길래 선택. 처음이라 기본(얼음있는 상태)으로 주문. 면을 섞지않고 육수부터 한입하니, 약간 간간하고 고기를 우린 맛이 느껴짐. 확실한건 절대 무맛은 아님. 만약 거냉으로 먹었다면 오히려 조금 짜다고 느낄정도. 면은 탱탱하고 육수와 조화를 이루며 간을 맞춰줌. 먹다가 겨자도 넣고 식초도 넣어봤는데, 겨자를 넣는건 먹는 중간에 살짝만 넣고 섞어주면, 육수의 느끼함을 살짝 눌러줘서 좋었음. 식초 넣는건 이도저도 아닌 맛, 정말 소량만 넣거나 넣지 않는 게 좋을 것 같음. 평냉을 좋아하는 사람들이 어떤맛 때문에 좋아하는지 조금은 이해가능한 식사. 평냉 초심자가 방문해도 좋을 거 같음. 가격에 대한 심리적 저항만 없다면 가끔 생각날지도..? (3.8/5)",평양 냉면 처음 평냉 도전 을밀대 리뷰 좋다 대중 유명하다 선택 처음 기본 얼음 상태 주문 섞다 않다 육수 입하 약간 간간 고기 우린 느껴지다 확실하다 절대 무맛 아니다 만약 거냉 먹다 오히려 조금 짜다 느끼다 정도 탱탱하다 육수 조화 이루다 맞추다 먹다 겨자 넣다 식초 넣다 보다 겨자 넣다 먹다 중간 살짝 넣다 섞다 육수 느끼하다 살짝 누르다 좋다 식초 넣다 이도 아니다 정말 소량 넣다 넣다 않다 좋다 같다 평냉 좋아하다 사람 때문 좋아하다 조금 이해 가능하다 식사 평냉 초심자 방문 좋다 같다 가격 대한 심리 저항 가끔 생각나다,평양 냉면 처음 평냉 도전 을밀대 리뷰 좋다 대중 유명하다 선택 처음 기본 얼음 상태 주문 섞다 않다 육수 입하 약간 간간 고기 우린 느껴지다 확실하다 절대 무맛 아니다 만약 거냉 먹다 오히려 조금 짜다 느끼다 정도 탱탱하다 육수 조화 이루다 맞추다 먹다 겨자 넣다 식초 넣다 보다 겨자 넣다 먹다 중간 살짝 넣다 섞다 육수 느끼하다 살짝 누르다 좋다 식초 넣다 이도 아니다 정말 소량 넣다 넣다 않다 좋다 같다 평냉 좋아하다 사람 때문 좋아하다 조금 이해 가능하다 식사 평냉 초심자 방문 좋다 같다 가격 대한 심리 저항 가끔 생각나다,4.0,3.0,positive,3.9,3.2,positive_floor_blocked[active_negative_evidence] | mixed_review_cap:3.2[atmosphere_positive_food_negative],0.7999999999999998,0.7999999999999998,0,0,5,5,0,0,2,2,5,2,1,0,0,0,3,3.0,0.0,0.0,"[{""text"": ""조금 짜다"", ""normalized_text"": ""조금 짜다"", ""score"": -1.0, ""original_score"": -1.0, ""polarity"": ""negative"", ""strength"": ""normal"", ""aspect"": ""food"", ""source"": ""dictionary"", ""tag"": ""token"", ""start"": 33, ""end"": 35, ""is_active"": true, ""guard_reason"": null, ""term"": ""조금 짜다"", ""category"": ""food""}, {""text"": ""탱탱하다"", ""normalized_text"": ""탱탱하다"", ""score"": 1.0, ""original_score"": 1.0, ""polarity"": ""positive"", ""strength"": ""normal"", ""aspect"": ""general"", ""source"": ""dictionary"", ""tag"": ""token"", ""start"": 37, ""end"": 38, ""is_active"": true, ""guard_reason"": null, ""term"": ""탱탱하다"", ""category"": ""general""}, {""text"": ""느끼하다"", ""normalized_text"": ""느끼하다"", ""score"": -1.0, ""original_score"": -1.0, ""polarity"": ""negative"", ""strength"": ""normal"", ""aspect"": ""food"", ""source"": ""dictionary"", ""tag"": ""token"", ""start"": 56, ""end"": 57, ""is_active"": true, ""guard_reason"": null, ""term"": ""느끼하다"", ""category"": ""food""}, {""text"": ""좋아하다"", ""normalized_text"": ""좋아하다"", ""score"": 1.0, ""original_score"": 1.0, ""polarity"": ""positive"", ""strength"": ""normal"", ""aspect"": ""general"", ""source"": ""dictionary"", ""tag"": ""token"", ""start"": 72, ""end"": 73, ""is_active"": true, ""guard_reason"": null, ""term"": ""좋아하다"", ""category"": ""general""}, {""text"": ""먹고 나서 생각이 나다"", ""normalized_text"": ""먹고 나서 생각이 나다"", ""score"": 1.0, ""original_score"": 1.0, ""polarity"": ""positive"", ""strength"": ""normal"", ""aspect"": ""revisit"", ""source"": ""pattern_rule"", ""tag"": ""craving_memory_pattern"", ""start"": null, ""end"": null, ""is_active"": true, ""guard_reason"": null, ""term"": ""먹고 나서 생각이 나다"", ""category"": ""revisit""}, {""text"": ""음식 품질 긍정"", ""normalized_text"": ""음식 품질 긍정"", ""score"": 1.0, ""original_score"": 1.0, ""polarity"": ""positive"", ""strength"": ""normal"", ""aspect"": ""food"", ""source"": ""pattern_rule"", ""tag"": ""food_quality_positive_pattern"", ""start"": null, ""end"": null, ""is_active"": true, ""guard_reason"": null, ""term"": ""음식 품질 긍정"", ""category"": ""food""}, {""text"": ""분위기와 경험 긍정"", ""normalized_text"": ""분위기와 경험 긍정"", ""score"": 1.0, ""original_score"": 1.0, ""polarity"": ""positive"", ""strength"": ""normal"", ""aspect"": ""atmosphere"", ""source"": ""pattern_rule"", ""tag"": ""atmosphere_positive_pattern"", ""start"": null, ""end"": null, ""is_active"": true, ""guard_reason"": null, ""term"": ""분위기와 경험 긍정"", ""category"": ""atmosphere""}, {""text"": ""좋다"", ""normalized_text"": ""좋다"", ""score"": 0.0, ""original_score"": 1.0, ""polarity"": ""neutral"", ""strength"": ""weak"", ""aspect"": ""general"", ""source"": ""context_guard"", ""tag"": ""suppressed_by_phrase_rule"", ""start"": 7, ""end"": 8, ""is_active"": false, ""guard_reason"": ""suppressed_by_phrase_rule"", ""term"": ""좋다"", ""category"": ""general""}, {""text"": ""무맛"", ""normalized_text"": ""무맛"", ""score"": 0.0, ""original_score"": -1.0, ""polarity"": ""neutral"", ""strength"": ""weak"", ""aspect"": ""food"", ""source"": ""context_guard"", ""tag"": ""direct_negative_absence"", ""start"": 27, ""end"": 28, ""is_active"": false, ""guard_reason"": ""direct_negative_absence"", ""term"": ""무맛"", ""category"": ""food""}]",[],조금 짜다:-1[token] | 탱탱하다:+1[token] | 느끼하다:-1[token] | 좋아하다:+1[token] | 먹고 나서 생각이 나다:+1[craving_memory_pattern] | 음식 품질 긍정:+1[food_quality_positive_pattern] | 분위기와 경험 긍정:+1[atmosphere_positive_pattern] | 좋다:1->0[suppressed_by_phrase_rule] | 무맛:-1->0[direct_negative_absence],-1.0,0.0,0.0,1.0,0.0,1.0,0.0,0.0,2.0,조금 짜다:-1[token] 느끼하다:-1[token] 음식 품질 긍정:+1[food_quality_positive_pattern] 무맛:-1->0[direct_negative_absence],,,분위기와 경험 긍정:+1[atmosphere_positive_pattern],,먹고 나서 생각이 나다:+1[craving_memory_pattern],,,탱탱하다:+1[token] 좋아하다:+1[token] 좋다:1->0[suppressed_by_phrase_rule]
kakao,일등식당,아주 맛있어요! 다만 김치가 매우 아쉬운 맛입니다 …,아주 맛있다 다만 김치 매우 아쉽다 이다,아주 맛있다 다만 김치 매우 아쉽다 이다,4.0,-1.0,negative,2.75,2.75,,1.25,1.25,0,0,1,1,0,1,0,0,1,1,0,0,0,0,0,0.0,-1.0,0.0,"[{""text"": ""매우 아쉽다"", ""normalized_text"": ""매우 아쉽다"", ""score"": -2.0, ""original_score"": -2.0, ""polarity"": ""negative"", ""strength"": ""strong"", ""aspect"": ""general"", ""source"": ""dictionary"", ""tag"": ""token"", ""start"": 4, ""end"": 6, ""is_active"": true, ""guard_reason"": null, ""term"": ""매우 아쉽다"", ""category"": ""general""}, {""text"": ""맛있다"", ""normalized_text"": ""맛있다"", ""score"": 1.0, ""original_score"": 1.0, ""polarity"": ""positive"", ""strength"": ""normal"", ""aspect"": ""food"", ""source"": ""dictionary"", ""tag"": ""token"", ""start"": 1, ""end"": 2, ""is_active"": true, ""guard_reason"": null, ""term"": ""맛있다"", ""category"": ""food""}]",[],매우 아쉽다:-2[token] | 맛있다:+1[token],1.0,0.0,0.0,0.0,0.0,0.0,0.0,0.0,-2.0,맛있다:+1[token],,,,,,,,매우 아쉽다:-2[token]
kakao,장인닭갈비 홍대점,매콤달콤 닭갈비와 풍미있는 치즈까지 환상조합이에요 남은 양념에 볶은 볶음밥도 넘 맛있어요,매콤 달콤 닭갈비 밉다 치즈 환상 조합 남다 양념 볶다 볶음밥 넘다 맛있다,매콤 달콤 닭갈비 밉다 치즈 환상 조합 남다 양념 볶다 볶음밥 넘다 맛있다,5.0,1.0,positive,3.42,3.42,,1.58,1.58,0,0,2,2,0,0,1,1,2,1,0,0,0,0,0,0.0,1.0,0.0,"[{""text"": ""밉다"", ""normalized_text"": ""밉다"", ""score"": -1.0, ""original_score"": -1.0, ""polarity"": ""negative"", ""strength"": ""normal"", ""aspect"": ""general"", ""source"": ""dictionary"", ""tag"": ""token"", ""start"": 3, ""end"": 4, ""is_active"": true, ""guard_reason"": null, ""term"": ""밉다"", ""category"": ""general""}, {""text"": ""환상"", ""normalized_text"": ""환상"", ""score"": 1.0, ""original_score"": 1.0, ""polarity"": ""positive"", ""strength"": ""normal"", ""aspect"": ""general"", ""source"": ""dictionary"", ""tag"": ""token"", ""start"": 5, ""end"": 6, ""is_active"": true, ""guard_reason"": null, ""term"": ""환상"", ""category"": ""general""}, {""text"": ""맛있다"", ""normalized_text"": ""맛있다"", ""score"": 1.0, ""original_score"": 1.0, ""polarity"": ""positive"", ""strength"": ""normal"", ""aspect"": ""food"", ""source"": ""dictionary"", ""tag"": ""token"", ""start"": 12, ""end"": 13, ""is_active"": true, ""guard_reason"": null, ""term"": ""맛있다"", ""category"": ""food""}]",[],밉다:-1[token] | 환상:+1[token] | 맛있다:+1[token],1.0,0.0,0.0,0.0,0.0,0.0,0.0,0.0,0.0,맛있다:+1[token],,,,,,,,밉다:-1[token] 환상:+1[token]
kakao,장인닭갈비 홍대점,"한끼 식사를 위해 방문했습니다. 다른 지점에 비해 웨이팅 줄이 상당합니다. 직원 분들은 대부분 서비스능력이 상당히 높으십니다. 반면의 조금 예민한 성격의 직원 분도 계십니다. 볶음밥 시키면 열심히 볶아 주시지만, 직원분의 노력에 비해 죽처럼 묽은 식감이었습니다. 음식 주문하고 한 입 먹었을 때 밥으로 3-4그릇 뚝딱일 정도의 음식 퀄리티였습니다. 다음에도 들려 맛있게 먹겠습니다🥰",식사 위해 방문 다른 지점 비다 웨이 줄이다 상당하다 직원 대부분 서비스 능력 상당하다 높다 반면 조금 예민하다 성격 직원 분도 계시다 볶음밥 시키다 열심히 볶다 주시 직원 노력 비다 묽다 가다 음식 주문 먹다 그릇 뚝딱 정도 음식 퀄리티 이다 다음 들다 맛있다 먹다,식사 위해 방문 다른 지점 비다 웨이 줄이다 상당하다 직원 대부분 서비스 능력 상당하다 높다 반면 조금 예민하다 성격 직원 분도 계시다 볶음밥 시키다 열심히 볶다 주시 직원 노력 비다 묽다 가다 음식 주문 먹다 그릇 뚝딱 정도 음식 퀄리티 이다 다음 들다 맛있다 먹다,4.0,0.0,neutral,3.08,3.08,,0.9199999999999999,0.9199999999999999,0,0,2,2,0,0,2,2,2,2,0,0,0,0,0,0.0,0.0,0.0,"[{""text"": ""맛있다 먹다"", ""normalized_text"": ""맛있다 먹다"", ""score"": 1.0, ""original_score"": 1.0, ""polarity"": ""positive"", ""strength"": ""normal"", ""aspect"": ""food"", ""source"": ""dictionary"", ""tag"": ""token"", ""start"": 43, ""end"": 45, ""is_active"": true, ""guard_reason"": null, ""term"": ""맛있다 먹다"", ""category"": ""food""}, {""text"": ""예민하다"", ""normalized_text"": ""예민하다"", ""score"": -1.0, ""original_score"": -1.0, ""polarity"": ""negative"", ""strength"": ""normal"", ""aspect"": ""general"", ""source"": ""dictionary"", ""tag"": ""token"", ""start"": 17, ""end"": 18, ""is_active"": true, ""guard_reason"": null, ""term"": ""예민하다"", ""category"": ""general""}, {""text"": ""묽다"", ""normalized_text"": ""묽다"", ""score"": -1.0, ""original_score"": -1.0, ""polarity"": ""negative"", ""strength"": ""normal"", ""aspect"": ""general"", ""source"": ""dictionary"", ""tag"": ""token"", ""start"": 30, ""end"": 31, ""is_active"": true, ""guard_reason"": null, ""term"": ""묽다"", ""category"": ""general""}, {""text"": ""뚝딱"", ""normalized_text"": ""뚝딱"", ""score"": 1.0, ""original_score"": 1.0, ""polarity"": ""positive"", ""strength"": ""normal"", ""aspect"": ""general"", ""source"": ""dictionary"", ""tag"": ""token"", ""start"": 36, ""end"": 37, ""is_active"": true, ""guard_reason"": null, ""term"": ""뚝딱"", ""category"": ""general""}]",[],맛있다 먹다:+1[token] | 예민하다:-1[token] | 묽다:-1[token] | 뚝딱:+1[token],1.0,0.0,0.0,0.0,0.0,0.0,0.0,0.0,-1.0,맛있다 먹다:+1[token],,,,,,,,예민하다:-1[token] 묽다:-1[token] 뚝딱:+1[token]
kakao,황금콩밭,속편한 식사. 가격대는 약간 에바,속편 식사 가격 약간 에바,속편 식사 가격 약간 에바,4.0,0.0,neutral,3.08,3.08,,0.9199999999999999,0.9199999999999999,0,0,1,1,0,0,1,1,1,1,0,0,0,0,1,1.0,-1.0,0.0,"[{""text"": ""에바"", ""normalized_text"": ""에바"", ""score"": -1.0, ""original_score"": -1.0, ""polarity"": ""negative"", ""strength"": ""normal"", ""aspect"": ""general"", ""source"": ""dictionary"", ""tag"": ""token"", ""start"": 4, ""end"": 5, ""is_active"": true, ""guard_reason"": null, ""term"": ""에바"", ""category"": ""general""}, {""text"": ""속 편한 식사"", ""normalized_text"": ""속 편한 식사"", ""score"": 1.0, ""original_score"": 1.0, ""polarity"": ""positive"", ""strength"": ""normal"", ""aspect"": ""food"", ""source"": ""pattern_rule"", ""tag"": ""comfortable_meal_positive_pattern"", ""start"": null, ""end"": null, ""is_active"": true, ""guard_reason"": null, ""term"": ""속 편한 식사"", ""category"": ""food""}]",[],에바:-1[token] | 속 편한 식사:+1[comfortable_meal_positive_pattern],1.0,0.0,0.0,0.0,0.0,0.0,0.0,0.0,-1.0,속 편한 식사:+1[comfortable_meal_positive_pattern],,,,,,,,에바:-1[token]
kakao,금금,맛있어요 근데 송리단길이 더 맛있기누해요 묵은지참치말이 쿠폰은 네이버에서 예약당시에 체크하셔야 적용되니 참고하세요ㅠ 저는 뒤늦게 쿠폰얘기하니까 예약당시 사용안했다고 돈주고 시켰는데 밥이 설익고 참치는 병아리오줌만큼 넣러줘서 김치랑 된밥 맛 밖에 안 났습니다 된장국수는 짱맛 문어비빔밥 비추,맛있다 근데 송리단길 맛있다 누해 묵은지 차다 쿠폰 네이버 당시 체크 적용 참고 뒤늦다 쿠폰 얘기 예약 당시 사용 주다 시키다 설익다 참치 병아리 오줌 넣다 주다 김치 나다 된장 국수 문어 비빔밥 비추다,맛있다 근데 송리단길 맛있다 누해 묵은지 차다 쿠폰 네이버 당시 체크 적용 참고 뒤늦다 쿠폰 얘기 예약 당시 사용 주다 시키다 설익다 참치 병아리 오줌 넣다 주다 김치 나다 된장 국수 문어 비빔밥 비추다,4.0,0.0,neutral,3.08,3.08,,0.9199999999999999,0.9199999999999999,0,0,1,1,0,0,1,1,1,1,0,0,0,0,0,0.0,0.0,0.0,"[{""text"": ""맛있다"", ""normalized_text"": ""맛있다"", ""score"": 1.0, ""original_score"": 1.0, ""polarity"": ""positive"", ""strength"": ""normal"", ""aspect"": ""food"", ""source"": ""dictionary"", ""tag"": ""token"", ""start"": 0, ""end"": 1, ""is_active"": true, ""guard_reason"": null, ""term"": ""맛있다"", ""category"": ""food""}, {""text"": ""비추다"", ""normalized_text"": ""비추다"", ""score"": -1.0, ""original_score"": -1.0, ""polarity"": ""negative"", ""strength"": ""normal"", ""aspect"": ""general"", ""source"": ""dictionary"", ""tag"": ""token"", ""start"": 33, ""end"": 34, ""is_active"": true, ""guard_reason"": null, ""term"": ""비추다"", ""category"": ""general""}]",[],맛있다:+1[token] | 비추다:-1[token],1.0,0.0,0.0,0.0,0.0,0.0,0.0,0.0,-1.0,맛있다:+1[token],,,,,,,,비추다:-1[token]
kakao,금금,마제소바 비슷한 퓨전한식 평일 오후6시쯤 웨이팅 없이 입장했습니다 메뉴 이름에 된장이 들어가는데 된장맛이 안느껴졌던 것 같고 고기에선 잡내가 살짝 느껴져 아쉬웠어요 맛은 있었습니다 직원분 친절하셔서 좋았고 1인 좌석도 있네요 다른메뉴도 궁금해지네요,마제 소바 비슷하다 퓨전 한식 평일 오후 웨이 없이 입장 메뉴 이름 된장 들어가다 된장 느껴지다 같다 고기 잡다 살짝 느껴지다 아쉽다 직원 친절하다 좋다 좌석 메뉴 궁금하다,마제 소바 비슷하다 퓨전 한식 평일 오후 웨이 없이 입장 메뉴 이름 된장 들어가다 된장 느껴지다 같다 고기 잡다 살짝 느껴지다 아쉽다 직원 친절하다 좋다 좌석 메뉴 궁금하다,4.0,1.0,positive,3.41,3.41,,0.5899999999999999,0.5899999999999999,0,0,2,2,0,0,1,1,2,1,0,0,0,0,0,0.0,1.0,0.0,"[{""text"": ""직원 친절하다"", ""normalized_text"": ""직원 친절하다"", ""score"": 1.0, ""original_score"": 1.0, ""polarity"": ""positive"", ""strength"": ""normal"", ""aspect"": ""service"", ""source"": ""dictionary"", ""tag"": ""token"", ""start"": 22, ""end"": 24, ""is_active"": true, ""guard_reason"": null, ""term"": ""직원 친절하다"", ""category"": ""service""}, {""text"": ""아쉽다"", ""normalized_text"": ""아쉽다"", ""score"": -1.0, ""original_score"": -1.0, ""polarity"": ""negative"", ""strength"": ""normal"", ""aspect"": ""general"", ""source"": ""dictionary"", ""tag"": ""token"", ""start"": 21, ""end"": 22, ""is_active"": true, ""guard_reason"": null, ""term"": ""아쉽다"", ""category"": ""general""}, {""text"": ""좋다"", ""normalized_text"": ""좋다"", ""score"": 1.0, ""original_score"": 1.0, ""polarity"": ""positive"", ""strength"": ""normal"", ""aspect"": ""general"", ""source"": ""dictionary"", ""tag"": ""token"", ""start"": 24, ""end"": 25, ""is_active"": true, ""guard_reason"": null, ""term"": ""좋다"", ""category"": ""general""}]",[],직원 친절하다:+1[token] | 아쉽다:-1[token] | 좋다:+1[token],0.0,1.0,0.0,0.0,0.0,0.0,0.0,0.0,0.0,,직원 친절하다:+1[token],,,,,,,아쉽다:-1[token] 좋다:+1[token]
kakao,능동미나리 성수점,술 먹고 맛있게 먹음 좀 비싸긴 한데 은근 실하고 괜찮은 소고기가 꽤 들어가 있다. 토렴 국밥 싫어하는데 이 집은 토렴으로 드시길 인스타감성일까봐 피했는데 괜찮음. 비빔밥은 간장장이라 특이하긴 한데 넘 달아 냉정하게 평타,먹다 맛있다 먹음 비싸다 은근 실하다 괜찮다 소고기 들어가다 토렴 국밥 싫어하다 집다 토렴 들다 인스타 감성 이다 괜찮다 비빔밥 간장 특이하다 넘다 냉정하다 평타,먹다 맛있다 먹음 비싸다 은근 실하다 괜찮다 소고기 들어가다 토렴 국밥 싫어하다 집다 토렴 들다 인스타 감성 이다 괜찮다 비빔밥 간장 특이하다 넘다 냉정하다 평타,4.0,0.5,positive,3.37,3.37,positive_floor_blocked[active_negative_evidence],0.6299999999999999,0.6299999999999999,0,0,3,3,0,0,2,3,3,3,0,0,0,0,0,0.0,0.5,0.0,"[{""text"": ""맛있다"", ""normalized_text"": ""맛있다"", ""score"": 1.0, ""original_score"": 1.0, ""polarity"": ""positive"", ""strength"": ""normal"", ""aspect"": ""food"", ""source"": ""dictionary"", ""tag"": ""token"", ""start"": 1, ""end"": 2, ""is_active"": true, ""guard_reason"": null, ""term"": ""맛있다"", ""category"": ""food""}, {""text"": ""비싸다"", ""normalized_text"": ""비싸다"", ""score"": -0.5, ""original_score"": -1.0, ""polarity"": ""negative"", ""strength"": ""weak"", ""aspect"": ""price"", ""source"": ""dictionary"", ""tag"": ""token"", ""start"": 3, ""end"": 4, ""is_active"": true, ""guard_reason"": null, ""term"": ""비싸다"", ""category"": ""price""}, {""text"": ""실하다"", ""normalized_text"": ""실하다"", ""score"": 1.0, ""original_score"": 1.0, ""polarity"": ""positive"", ""strength"": ""normal"", ""aspect"": ""food"", ""source"": ""dictionary"", ""tag"": ""token"", ""start"": 5, ""end"": 6, ""is_active"": true, ""guard_reason"": null, ""term"": ""실하다"", ""category"": ""food""}, {""text"": ""괜찮다"", ""normalized_text"": ""괜찮다"", ""score"": 1.0, ""original_score"": 1.0, ""polarity"": ""positive"", ""strength"": ""normal"", ""aspect"": ""general"", ""source"": ""dictionary"", ""tag"": ""token"", ""start"": 6, ""end"": 7, ""is_active"": true, ""guard_reason"": null, ""term"": ""괜찮다"", ""category"": ""general""}, {""text"": ""싫어하다"", ""normalized_text"": ""싫어하다"", ""score"": -1.0, ""original_score"": -1.0, ""polarity"": ""negative"", ""strength"": ""normal"", ""aspect"": ""general"", ""source"": ""dictionary"", ""tag"": ""token"", ""start"": 11, ""end"": 12, ""is_active"": true, ""guard_reason"": null, ""term"": ""싫어하다"", ""category"": ""general""}, {""text"": ""냉정하다"", ""normalized_text"": ""냉정하다"", ""score"": -1.0, ""original_score"": -1.0, ""polarity"": ""negative"", ""strength"": ""normal"", ""aspect"": ""general"", ""source"": ""dictionary"", ""tag"": ""token"", ""start"": 23, ""end"": 24, ""is_active"": true, ""guard_reason"": null, ""term"": ""냉정하다"", ""category"": ""general""}]",[],맛있다:+1[token] | 비싸다:-0.5[token] | 실하다:+1[token] | 괜찮다:+1[token] | 싫어하다:-1[token] | 냉정하다:-1[token],2.0,0.0,-0.5,0.0,0.0,0.0,0.0,0.0,-1.0,맛있다:+1[token] 실하다:+1[token],,비싸다:-0.5[token],,,,,,괜찮다:+1[token] 싫어하다:-1[token] 냉정하다:-1[token]
kakao,능동미나리 성수점,가격이 저렴한 편은 아니나 맛있다. 외국인 손님이 많고 분위기는 시끌벅적하다.,가격 저렴하다 아니다 맛있다 외국인 손님 많다 분위기 시끌벅적하다,가격 저렴하다 아니다 맛있다 외국인 손님 많다 분위기 시끌벅적하다,4.0,0.0,neutral,3.08,3.08,,0.9199999999999999,0.9199999999999999,0,0,1,1,0,0,1,1,1,1,0,0,0,0,0,0.0,0.0,0.0,"[{""text"": ""맛있다"", ""normalized_text"": ""맛있다"", ""score"": 1.0, ""original_score"": 1.0, ""polarity"": ""positive"", ""strength"": ""normal"", ""aspect"": ""food"", ""source"": ""dictionary"", ""tag"": ""token"", ""start"": 3, ""end"": 4, ""is_active"": true, ""guard_reason"": null, ""term"": ""맛있다"", ""category"": ""food""}, {""text"": ""시끌벅적하다"", ""normalized_text"": ""시끌벅적하다"", ""score"": -1.0, ""original_score"": -1.0, ""polarity"": ""negative"", ""strength"": ""normal"", ""aspect"": ""general"", ""source"": ""dictionary"", ""tag"": ""token"", ""start"": 8, ""end"": 9, ""is_active"": true, ""guard_reason"": null, ""term"": ""시끌벅적하다"", ""category"": ""general""}, {""text"": ""가격 저렴하다"", ""normalized_text"": ""가격 저렴하다"", ""score"": 0.0, ""original_score"": 1.0, ""polarity"": ""neutral"", ""strength"": ""weak"", ""aspect"": ""price"", ""source"": ""context_guard"", ""tag"": ""negated_value_context"", ""start"": 0, ""end"": 2, ""is_active"": false, ""guard_reason"": ""negated_value_context"", ""term"": ""가격 저렴하다"", ""category"": ""price""}, {""text"": ""가격과 가성비 긍정"", ""normalized_text"": ""가격과 가성비 긍정"", ""score"": 0.0, ""original_score"": 1.0, ""polarity"": ""neutral"", ""strength"": ""weak"", ""aspect"": ""price"", ""source"": ""context_guard"", ""tag"": ""negated_value_context"", ""start"": null, ""end"": null, ""is_active"": false, ""guard_reason"": ""negated_value_context"", ""term"": ""가격과 가성비 긍정"", ""category"": ""price""}]",[],맛있다:+1[token] | 시끌벅적하다:-1[token] | 가격 저렴하다:1->0[negated_value_context] | 가격과 가성비 긍정:1->0[negated_value_context],1.0,0.0,0.0,0.0,0.0,0.0,0.0,0.0,-1.0,맛있다:+1[token],,가격 저렴하다:1->0[negated_value_context] 가격과 가성비 긍정:1->0[negated_value_context],,,,,,시끌벅적하다:-1[token]
kakao,능동미나리 성수점,달달허이 맛잇는대요???? 육비 곰탕 둘다 굿 막걸리는 그냥 페트로 된거 주전자에 따라줌 근데 역시 성수 줘홀래 비쌈,달달 허다 잇다 곰탕 두다 막걸리 그냥 페트 된거 주전자 따르다 근데 역시 성수 주다 비싸다,달달하다 잇다 곰탕 두다 막걸리 그냥 페트 된거 주전자 따르다 근데 역시 성수 주다 비싸다,5.0,0.5,positive,3.29,3.29,,1.71,1.71,0,0,1,1,0,0,0,1,1,1,0,0,0,0,0,0.0,0.5,0.0,"[{""text"": ""달달하다"", ""normalized_text"": ""달달하다"", ""score"": 1.0, ""original_score"": 1.0, ""polarity"": ""positive"", ""strength"": ""normal"", ""aspect"": ""food"", ""source"": ""dictionary"", ""tag"": ""token"", ""start"": 0, ""end"": 1, ""is_active"": true, ""guard_reason"": null, ""term"": ""달달하다"", ""category"": ""food""}, {""text"": ""비싸다"", ""normalized_text"": ""비싸다"", ""score"": -0.5, ""original_score"": -1.0, ""polarity"": ""negative"", ""strength"": ""weak"", ""aspect"": ""price"", ""source"": ""dictionary"", ""tag"": ""token"", ""start"": 14, ""end"": 15, ""is_active"": true, ""guard_reason"": null, ""term"": ""비싸다"", ""category"": ""price""}]",[],달달하다:+1[token] | 비싸다:-0.5[token],1.0,0.0,-0.5,0.0,0.0,0.0,0.0,0.0,0.0,달달하다:+1[token],,비싸다:-0.5[token],,,,,,
kakao,능동미나리 성수점,신선한 느낌과 맛도 있었습니다. 하지만 조금 비싸고 외국인들이 많아 항상 대기가 있네요.,신선하다 느낌 조금 비싸다 외국인 많다 항상 대기,신선하다 느낌 조금 비싸다 외국인 많다 항상 대기,4.0,0.5,positive,3.29,3.29,,0.71,0.71,0,0,1,1,0,0,0,1,1,1,0,0,0,0,0,0.0,0.5,0.0,"[{""text"": ""조금 비싸다"", ""normalized_text"": ""조금 비싸다"", ""score"": -0.5, ""original_score"": -1.0, ""polarity"": ""negative"", ""strength"": ""weak"", ""aspect"": ""price"", ""source"": ""dictionary"", ""tag"": ""token"", ""start"": 2, ""end"": 4, ""is_active"": true, ""guard_reason"": null, ""term"": ""조금 비싸다"", ""category"": ""price""}, {""text"": ""신선하다"", ""normalized_text"": ""신선하다"", ""score"": 1.0, ""original_score"": 1.0, ""polarity"": ""positive"", ""strength"": ""normal"", ""aspect"": ""food"", ""source"": ""dictionary"", ""tag"": ""token"", ""start"": 0, ""end"": 1, ""is_active"": true, ""guard_reason"": null, ""term"": ""신선하다"", ""category"": ""food""}]",[],조금 비싸다:-0.5[token] | 신선하다:+1[token],1.0,0.0,-0.5,0.0,0.0,0.0,0.0,0.0,0.0,신선하다:+1[token],,조금 비싸다:-0.5[token],,,,,,
kakao,뼈탄집 성수역점,어설픈 삼겹살집 말고 뼈탄집 추천입니다! 놀랍게도 점심메뉴들도 강추!! 새벽2시까지 영업!,어설프다 삼겹살 타다 추천 이다 놀라다 점심 메뉴 강추 새벽 영업,어설프다 삼겹살 타다 추천 이다 놀라다 점심 메뉴 강추 새벽 영업,5.0,1.0,positive,3.44,3.44,,1.56,1.56,0,1,0,0,0,0,1,1,1,1,0,1,0,0,1,2.0,-1.0,0.0,"[{""text"": ""어설프다"", ""normalized_text"": ""어설프다"", ""score"": -1.0, ""original_score"": -1.0, ""polarity"": ""negative"", ""strength"": ""normal"", ""aspect"": ""general"", ""source"": ""dictionary"", ""tag"": ""token"", ""start"": 0, ""end"": 1, ""is_active"": true, ""guard_reason"": null, ""term"": ""어설프다"", ""category"": ""general""}, {""text"": ""강추"", ""normalized_text"": ""강추"", ""score"": 2.0, ""original_score"": 2.0, ""polarity"": ""positive"", ""strength"": ""strong"", ""aspect"": ""recommendation"", ""source"": ""phrase_rule"", ""tag"": ""recommendation_positive_phrase"", ""start"": null, ""end"": null, ""is_active"": true, ""guard_reason"": null, ""term"": ""강추"", ""category"": ""recommendation""}, {""text"": ""추천"", ""normalized_text"": ""추천"", ""score"": 0.0, ""original_score"": 1.0, ""polarity"": ""neutral"", ""strength"": ""weak"", ""aspect"": ""recommendation"", ""source"": ""context_guard"", ""tag"": ""suppressed_by_phrase_rule"", ""start"": 3, ""end"": 4, ""is_active"": false, ""guard_reason"": ""suppressed_by_phrase_rule"", ""term"": ""추천"", ""category"": ""recommendation""}]",[],어설프다:-1[token] | 강추:+2[recommendation_positive_phrase] | 추천:1->0[suppressed_by_phrase_rule],0.0,0.0,0.0,0.0,0.0,0.0,2.0,0.0,-1.0,,,,,,,강추:+2[recommendation_positive_phrase] 추천:1->0[suppressed_by_phrase_rule],,어설프다:-1[token]
kakao,뼈탄집 성수역점,제일 양 많은 세트를 시켰는데 고기를 한판에 다 구워서 좀 당황했습니다. 근데 잘 구우시더라구요 ㅋㅋㅋ... 좀 나눠서 해주시지 아쉽네요... 묻지도 않고 불판에 냅다 들이붓듯이 얹는것 + 부위 설명이 부족해서 그냥 추측하면서 먹었던게 좀 아쉽습니다. 된찌&밑반찬은 평범한데 공기밥이 쫀득쫀득하니 죤맛,제일 많다 세트 시키다 고기 한판 굽다 당황 근데 자다 울다 나누다 해주시 아쉽다 묻다 않다 불판 냅다 들이다 붓다 얹다 부위 설명 부족하다 그냥 추측 먹다 아쉽다 밑반찬 평범하다 공기밥 쫀득쫀득하 죤맛,제일 많다 세트 시키다 고기 한판 굽다 당황 근데 자다 울다 나누다 해주시 아쉽다 묻다 않다 불판 냅다 들이다 붓다 얹다 부위 설명 부족하다 그냥 추측 먹다 아쉽다 밑반찬 평범하다 공기밥 쫀득쫀득하 죤맛,4.0,0.0,neutral,3.27,3.27,,0.73,0.73,0,1,2,2,0,0,4,4,3,4,0,0,0,0,1,1.0,-1.0,0.0,"[{""text"": ""설명 부족하다"", ""normalized_text"": ""설명 부족하다"", ""score"": -1.0, ""original_score"": -1.0, ""polarity"": ""negative"", ""strength"": ""normal"", ""aspect"": ""service"", ""source"": ""dictionary"", ""tag"": ""token"", ""start"": 22, ""end"": 24, ""is_active"": true, ""guard_reason"": null, ""term"": ""설명 부족하다"", ""category"": ""service""}, {""text"": ""당황"", ""normalized_text"": ""당황"", ""score"": -1.0, ""original_score"": -1.0, ""polarity"": ""negative"", ""strength"": ""normal"", ""aspect"": ""general"", ""source"": ""dictionary"", ""tag"": ""token"", ""start"": 7, ""end"": 8, ""is_active"": true, ""guard_reason"": null, ""term"": ""당황"", ""category"": ""general""}, {""text"": ""아쉽다"", ""normalized_text"": ""아쉽다"", ""score"": -1.0, ""original_score"": -1.0, ""polarity"": ""negative"", ""strength"": ""normal"", ""aspect"": ""general"", ""source"": ""dictionary"", ""tag"": ""token"", ""start"": 13, ""end"": 14, ""is_active"": true, ""guard_reason"": null, ""term"": ""아쉽다"", ""category"": ""general""}, {""text"": ""평범하다"", ""normalized_text"": ""평범하다"", ""score"": -1.0, ""original_score"": -1.0, ""polarity"": ""negative"", ""strength"": ""normal"", ""aspect"": ""general"", ""source"": ""dictionary"", ""tag"": ""token"", ""start"": 29, ""end"": 30, ""is_active"": true, ""guard_reason"": null, ""term"": ""평범하다"", ""category"": ""general""}, {""text"": ""쫀득쫀득하"", ""normalized_text"": ""쫀득쫀득하"", ""score"": 1.0, ""original_score"": 1.0, ""polarity"": ""positive"", ""strength"": ""normal"", ""aspect"": ""food"", ""source"": ""dictionary"", ""tag"": ""token"", ""start"": 31, ""end"": 32, ""is_active"": true, ""guard_reason"": null, ""term"": ""쫀득쫀득하"", ""category"": ""food""}, {""text"": ""죤맛"", ""normalized_text"": ""죤맛"", ""score"": 2.0, ""original_score"": 2.0, ""polarity"": ""positive"", ""strength"": ""strong"", ""aspect"": ""food"", ""source"": ""dictionary"", ""tag"": ""token"", ""start"": 32, ""end"": 33, ""is_active"": true, ""guard_reason"": null, ""term"": ""죤맛"", ""category"": ""food""}, {""text"": ""양 많다"", ""normalized_text"": ""양 많다"", ""score"": 1.0, ""original_score"": 1.0, ""polarity"": ""positive"", ""strength"": ""normal"", ""aspect"": ""food"", ""source"": ""phrase_rule"", ""tag"": ""large_portion_context"", ""start"": null, ""end"": null, ""is_active"": true, ""guard_reason"": null, ""term"": ""양 많다"", ""category"": ""food""}]",[],설명 부족하다:-1[token] | 당황:-1[token] | 아쉽다:-1[token] | 평범하다:-1[token] | 쫀득쫀득하:+1[token] | 죤맛:+2[token] | 양 많다:+1[large_portion_context],4.0,-1.0,0.0,0.0,0.0,0.0,0.0,0.0,-3.0,쫀득쫀득하:+1[token] 죤맛:+2[token] 양 많다:+1[large_portion_context],설명 부족하다:-1[token],,,,,,,당황:-1[token] 아쉽다:-1[token] 평범하다:-1[token]
kakao,성수족발,음 맛잇을때가 잇고 그저그럴때가 있는듯? 평소엔 걍 존맛 입에서 살살녹아요; 여기꺼 먹으면 딴데꺼 못먹어요..그렇게 되고 싶으면 먹으세요.. 글고 돼지털도 잇어요 혹시 예민한 사람이면 싫어할듯,잇다 잇다 그저 그렇다 평소 존맛 살살 녹다 여기다 먹다 따다 먹다 그렇게 싶다 먹다 돼지 털다 잇다 혹시 예민하다 사람 이면 싫어하다,잇다 잇다 그저 그렇다 평소 존맛 살살 녹다 여기다 먹다 따다 먹다 그렇게 싶다 먹다 돼지 털다 잇다 혹시 예민하다 사람 이면 싫어하다,5.0,-1.0,negative,2.66,2.66,,2.34,2.34,0,1,2,2,0,1,3,3,3,4,0,0,0,0,0,0.0,1.0,-2.0,"[{""text"": ""그저 그렇다"", ""normalized_text"": ""그저 그렇다"", ""score"": -1.0, ""original_score"": -1.0, ""polarity"": ""negative"", ""strength"": ""normal"", ""aspect"": ""general"", ""source"": ""dictionary"", ""tag"": ""token"", ""start"": 2, ""end"": 4, ""is_active"": true, ""guard_reason"": null, ""term"": ""그저 그렇다"", ""category"": ""general""}, {""text"": ""존맛"", ""normalized_text"": ""존맛"", ""score"": 2.0, ""original_score"": 2.0, ""polarity"": ""positive"", ""strength"": ""strong"", ""aspect"": ""food"", ""source"": ""dictionary"", ""tag"": ""token"", ""start"": 5, ""end"": 6, ""is_active"": true, ""guard_reason"": null, ""term"": ""존맛"", ""category"": ""food""}, {""text"": ""살살"", ""normalized_text"": ""살살"", ""score"": 1.0, ""original_score"": 1.0, ""polarity"": ""positive"", ""strength"": ""normal"", ""aspect"": ""food"", ""source"": ""dictionary"", ""tag"": ""token"", ""start"": 6, ""end"": 7, ""is_active"": true, ""guard_reason"": null, ""term"": ""살살"", ""category"": ""food""}, {""text"": ""녹다"", ""normalized_text"": ""녹다"", ""score"": 1.0, ""original_score"": 1.0, ""polarity"": ""positive"", ""strength"": ""normal"", ""aspect"": ""food"", ""source"": ""dictionary"", ""tag"": ""token"", ""start"": 7, ""end"": 8, ""is_active"": true, ""guard_reason"": null, ""term"": ""녹다"", ""category"": ""food""}, {""text"": ""예민하다"", ""normalized_text"": ""예민하다"", ""score"": -1.0, ""original_score"": -1.0, ""polarity"": ""negative"", ""strength"": ""normal"", ""aspect"": ""general"", ""source"": ""dictionary"", ""tag"": ""token"", ""start"": 19, ""end"": 20, ""is_active"": true, ""guard_reason"": null, ""term"": ""예민하다"", ""category"": ""general""}, {""text"": ""싫어하다"", ""normalized_text"": ""싫어하다"", ""score"": -1.0, ""original_score"": -1.0, ""polarity"": ""negative"", ""strength"": ""normal"", ""aspect"": ""general"", ""source"": ""dictionary"", ""tag"": ""token"", ""start"": 22, ""end"": 23, ""is_active"": true, ""guard_reason"": null, ""term"": ""싫어하다"", ""category"": ""general""}, {""text"": ""명시적 위생 문제"", ""normalized_text"": ""명시적 위생 문제"", ""score"": -2.0, ""original_score"": -2.0, ""polarity"": ""negative"", ""strength"": ""strong"", ""aspect"": ""hygiene"", ""source"": ""context_guard"", ""tag"": ""active_hygiene_negative_conclusion"", ""start"": null, ""end"": null, ""is_active"": true, ""guard_reason"": null, ""term"": ""명시적 위생 문제"", ""category"": ""hygiene""}]",[],그저 그렇다:-1[token] | 존맛:+2[token] | 살살:+1[token] | 녹다:+1[token] | 예민하다:-1[token] | 싫어하다:-1[token] | 명시적 위생 문제:-2[active_hygiene_negative_conclusion],4.0,0.0,0.0,0.0,0.0,0.0,0.0,-2.0,-3.0,존맛:+2[token] 살살:+1[token] 녹다:+1[token],,,,,,,명시적 위생 문제:-2[active_hygiene_negative_conclusion],그저 그렇다:-1[token] 예민하다:-1[token] 싫어하다:-1[token]
kakao,성수족발,"처음 방문했을때 평일 5시였는데 친구랑 성수 왔다가 거의 이틀 동안 굶어서 배고픈 참에 그냥 가게가 눈에 보여서 들어옴 그때 사람이 없어서 웨이팅이 극악인줄도, 가게가 유명한줄도 모르고 기대없이 먹어서 그런가 혀에 때려박는 껍질 단맛이 당이 떨어질대로 떨어진 나에게 긍정적으로 너무 충격이었음 그뒤에 두번 재방문 했는데 안 굶주리고 제정신으로 먹으니 식사 끝날때쯤 물리긴 함 첫입은 존니 goat임 일단 유명한 이유는 있다 유명세 때문에 평가가 각박해서 그렇지 맛집인건 확실함 양은 중자 여자 둘이서 매번 남겼는데 잘 먹는 여자 둘이나 남녀 커플이면 적당할 듯 사장님 친절하신데 약간 족발로 쌓은 막대한 부에서 나오는 바이브임",처음 방문 평일 친구 성수 오다 거의 이틀 동안 굶다 배고프다 차다 그냥 가게 들어오다 그때 사람 웨이팅 극악 가게 유명하다 모르다 기대 없이 먹다 런가 때리다 박다 껍질 단맛 떨어지다 떨어지다 긍정 너무 충격 이다 방문 굶주리다 정신 먹다 식사 끝나다 물리다 일단 유명하다 이유 유명 때문 평가 각박하다 그렇다 맛집 확실하다 양은 여자 둘이서 매번 남기다 자다 먹다 여자 남녀 커플 이면 적당하다 사장 친절하다 약간 족발 쌓다 막대 나오다 바이브,처음 방문 평일 친구 성수 오다 거의 이틀 동안 굶다 배고프다 차다 그냥 가게 들어오다 그때 사람 웨이팅 극악 가게 유명하다 모르다 기대 없이 먹다 런가 때리다 박다 껍질 단맛 떨어지다 떨어지다 긍정 너무 충격 이다 방문 굶주리다 정신 먹다 식사 끝나다 물리다 일단 유명하다 이유 유명 때문 평가 각박하다 그렇다 맛집 확실하다 양은 여자 둘이서 매번 남기다 자다 먹다 여자 남녀 커플 이면 적당하다 사장 친절하다 약간 족발 쌓다 막대 나오다 바이브,4.0,0.0,neutral,3.24,3.24,positive_floor_blocked[active_negative_evidence],0.7599999999999998,0.7599999999999998,0,0,3,3,0,0,3,3,3,3,0,0,0,0,0,0.0,0.0,0.0,"[{""text"": ""사장 친절하다"", ""normalized_text"": ""사장 친절하다"", ""score"": 1.0, ""original_score"": 1.0, ""polarity"": ""positive"", ""strength"": ""normal"", ""aspect"": ""service"", ""source"": ""dictionary"", ""tag"": ""token"", ""start"": 65, ""end"": 67, ""is_active"": true, ""guard_reason"": null, ""term"": ""사장 친절하다"", ""category"": ""service""}, {""text"": ""배고프다"", ""normalized_text"": ""배고프다"", ""score"": -1.0, ""original_score"": -1.0, ""polarity"": ""negative"", ""strength"": ""normal"", ""aspect"": ""general"", ""source"": ""dictionary"", ""tag"": ""token"", ""start"": 10, ""end"": 11, ""is_active"": true, ""guard_reason"": null, ""term"": ""배고프다"", ""category"": ""general""}, {""text"": ""떨어지다"", ""normalized_text"": ""떨어지다"", ""score"": -1.0, ""original_score"": -1.0, ""polarity"": ""negative"", ""strength"": ""normal"", ""aspect"": ""general"", ""source"": ""dictionary"", ""tag"": ""token"", ""start"": 30, ""end"": 31, ""is_active"": true, ""guard_reason"": null, ""term"": ""떨어지다"", ""category"": ""general""}, {""text"": ""각박하다"", ""normalized_text"": ""각박하다"", ""score"": -1.0, ""original_score"": -1.0, ""polarity"": ""negative"", ""strength"": ""normal"", ""aspect"": ""general"", ""source"": ""dictionary"", ""tag"": ""token"", ""start"": 49, ""end"": 50, ""is_active"": true, ""guard_reason"": null, ""term"": ""각박하다"", ""category"": ""general""}, {""text"": ""맛집"", ""normalized_text"": ""맛집"", ""score"": 1.0, ""original_score"": 1.0, ""polarity"": ""positive"", ""strength"": ""normal"", ""aspect"": ""food"", ""source"": ""dictionary"", ""tag"": ""token"", ""start"": 51, ""end"": 52, ""is_active"": true, ""guard_reason"": null, ""term"": ""맛집"", ""category"": ""food""}, {""text"": ""적당하다"", ""normalized_text"": ""적당하다"", ""score"": 1.0, ""original_score"": 1.0, ""polarity"": ""positive"", ""strength"": ""normal"", ""aspect"": ""food"", ""source"": ""dictionary"", ""tag"": ""token"", ""start"": 64, ""end"": 65, ""is_active"": true, ""guard_reason"": null, ""term"": ""적당하다"", ""category"": ""food""}]",[],사장 친절하다:+1[token] | 배고프다:-1[token] | 떨어지다:-1[token] | 각박하다:-1[token] | 맛집:+1[token] | 적당하다:+1[token],2.0,1.0,0.0,0.0,0.0,0.0,0.0,0.0,-3.0,맛집:+1[token] 적당하다:+1[token],사장 친절하다:+1[token],,,,,,,배고프다:-1[token] 떨어지다:-1[token] 각박하다:-1[token]
kakao,성수족발,넘 마싯던데.. ㅠ 아쉬운건 딱하나 막국수가 없어.. 사이드가없어!!,넘다 마싯다 아쉽다 하나 막국수 사이드,넘다 마싯다 아쉽다 하나 막국수 사이드,4.0,0.0,neutral,3.08,3.08,,0.9199999999999999,0.9199999999999999,0,0,1,1,0,0,1,1,1,1,0,0,0,0,1,1.0,-1.0,0.0,"[{""text"": ""아쉽다"", ""normalized_text"": ""아쉽다"", ""score"": -1.0, ""original_score"": -1.0, ""polarity"": ""negative"", ""strength"": ""normal"", ""aspect"": ""general"", ""source"": ""dictionary"", ""tag"": ""token"", ""start"": 2, ""end"": 3, ""is_active"": true, ""guard_reason"": null, ""term"": ""아쉽다"", ""category"": ""general""}, {""text"": ""구어체 맛 표현"", ""normalized_text"": ""구어체 맛 표현"", ""score"": 1.0, ""original_score"": 1.0, ""polarity"": ""positive"", ""strength"": ""normal"", ""aspect"": ""food"", ""source"": ""pattern_rule"", ""tag"": ""colloquial_tasty_positive_pattern"", ""start"": null, ""end"": null, ""is_active"": true, ""guard_reason"": null, ""term"": ""구어체 맛 표현"", ""category"": ""food""}]",[],아쉽다:-1[token] | 구어체 맛 표현:+1[colloquial_tasty_positive_pattern],1.0,0.0,0.0,0.0,0.0,0.0,0.0,0.0,-1.0,구어체 맛 표현:+1[colloquial_tasty_positive_pattern],,,,,,,,아쉽다:-1[token]
kakao,소문난성수감자탕,아구힘 센 분이라면 뼈해장국 추천. 저는 뜯다가 국물이 좀 식었는데 음식이 식으면서 누린내가 꽤 났습니다. 우거지도 많이 주문하시던데 우거지 좀 궁금하네요. 허나 너무 바쁜 매장이라 먹을 수 있을지 걱정.,아구 세다 불다 해장국 추천 뜯다 국물 식다 음식 식다 누리다 나다 우거지 많이 주문 우거지 궁금하다 허다 너무 바쁘다 매장 먹다 걱정,아구 세다 불다 해장국 추천 뜯다 국물 식다 음식 식다 누린내 우거지 많이 주문 우거지 궁금하다 허다 너무 바쁘다 매장 먹다 걱정,4.0,-3.0,negative,1.69,1.69,,2.31,2.31,0,0,1,1,0,1,2,2,1,3,0,1,0,0,0,0.0,-1.0,-2.0,"[{""text"": ""추천"", ""normalized_text"": ""추천"", ""score"": 1.0, ""original_score"": 1.0, ""polarity"": ""positive"", ""strength"": ""normal"", ""aspect"": ""recommendation"", ""source"": ""dictionary"", ""tag"": ""token"", ""start"": 4, ""end"": 5, ""is_active"": true, ""guard_reason"": null, ""term"": ""추천"", ""category"": ""recommendation""}, {""text"": ""식다"", ""normalized_text"": ""식다"", ""score"": -1.0, ""original_score"": -1.0, ""polarity"": ""negative"", ""strength"": ""normal"", ""aspect"": ""food"", ""source"": ""dictionary"", ""tag"": ""token"", ""start"": 7, ""end"": 8, ""is_active"": true, ""guard_reason"": null, ""term"": ""식다"", ""category"": ""food""}, {""text"": ""누린내"", ""normalized_text"": ""누린내"", ""score"": -1.0, ""original_score"": -1.0, ""polarity"": ""negative"", ""strength"": ""normal"", ""aspect"": ""food"", ""source"": ""dictionary"", ""tag"": ""token"", ""start"": 10, ""end"": 11, ""is_active"": true, ""guard_reason"": null, ""term"": ""누린내"", ""category"": ""food""}, {""text"": ""명시적 음식 부정 결론"", ""normalized_text"": ""명시적 음식 부정 결론"", ""score"": -2.0, ""original_score"": -2.0, ""polarity"": ""negative"", ""strength"": ""strong"", ""aspect"": ""food"", ""source"": ""context_guard"", ""tag"": ""active_food_negative_conclusion"", ""start"": null, ""end"": null, ""is_active"": true, ""guard_reason"": null, ""term"": ""명시적 음식 부정 결론"", ""category"": ""food""}, {""text"": ""불다"", ""normalized_text"": ""불다"", ""score"": 0.0, ""original_score"": -1.0, ""polarity"": ""neutral"", ""strength"": ""weak"", ""aspect"": ""general"", ""source"": ""context_guard"", ""tag"": ""blocked_risky_single_token"", ""start"": 2, ""end"": 3, ""is_active"": false, ""guard_reason"": ""blocked_risky_single_token"", ""term"": ""불다"", ""category"": ""general""}, {""text"": ""바쁘다"", ""normalized_text"": ""바쁘다"", ""score"": 0.0, ""original_score"": -1.0, ""polarity"": ""neutral"", ""strength"": ""weak"", ""aspect"": ""general"", ""source"": ""context_guard"", ""tag"": ""busy_indirect_context"", ""start"": 18, ""end"": 19, ""is_active"": false, ""guard_reason"": ""busy_indirect_context"", ""term"": ""바쁘다"", ""category"": ""general""}, {""text"": ""걱정"", ""normalized_text"": ""걱정"", ""score"": 0.0, ""original_score"": -1.0, ""polarity"": ""neutral"", ""strength"": ""weak"", ""aspect"": ""general"", ""source"": ""context_guard"", ""tag"": ""indirect_concern_context"", ""start"": 21, ""end"": 22, ""is_active"": false, ""guard_reason"": ""indirect_concern_context"", ""term"": ""걱정"", ""category"": ""general""}]",[],추천:+1[token] | 식다:-1[token] | 누린내:-1[token] | 명시적 음식 부정 결론:-2[active_food_negative_conclusion] | 불다:-1->0[blocked_risky_single_token] | 바쁘다:-1->0[busy_indirect_context] | 걱정:-1->0[indirect_concern_context],-4.0,0.0,0.0,0.0,0.0,0.0,1.0,0.0,0.0,식다:-1[token] 누린내:-1[token] 명시적 음식 부정 결론:-2[active_food_negative_conclusion],,,,,,추천:+1[token],,불다:-1->0[blocked_risky_single_token] 바쁘다:-1->0[busy_indirect_context] 걱정:-1->0[indirect_concern_context]
kakao,소문난성수감자탕,"!! 인원별로 주문해야합니다 !! 4인이서 가서 대자 (49000원)로 시켰어요 사람이 많아서 그런가 직원분들이 조금 불친절 하셔서 1점 뺐어요 ㅠ 주말 오후 8시쯤에 가서 대기 10분정도 했고, 깍두기랑 소스가 킥이에요 굿임 한번쯤 성수오면 들릴만 하고 고기가 부드러웠어요",인원 별로 주문 이서 가다 대자 시키다 사람 많다 런가 직원 조금 불친절 빼다 주말 오후 가다 대기 깍두기 소스 굿임 한번 수오 들리다 고기 부드럽다,인원 별로 주문 이서 가다 대자 시키다 사람 많다 런가 직원 조금 불친절 빼다 주말 오후 가다 대기 깍두기 소스 굿임 한번 수오 들리다 고기 부드럽다,4.0,-1.0,negative,2.54,2.54,,1.46,1.46,0,0,2,2,0,1,1,1,2,2,0,0,0,0,0,0.0,1.0,-2.0,"[{""text"": ""고기 부드럽다"", ""normalized_text"": ""고기 부드럽다"", ""score"": 1.0, ""original_score"": 1.0, ""polarity"": ""positive"", ""strength"": ""normal"", ""aspect"": ""food"", ""source"": ""dictionary"", ""tag"": ""token"", ""start"": 24, ""end"": 26, ""is_active"": true, ""guard_reason"": null, ""term"": ""고기 부드럽다"", ""category"": ""food""}, {""text"": ""불친절"", ""normalized_text"": ""불친절"", ""score"": -1.0, ""original_score"": -1.0, ""polarity"": ""negative"", ""strength"": ""normal"", ""aspect"": ""service"", ""source"": ""dictionary"", ""tag"": ""token"", ""start"": 12, ""end"": 13, ""is_active"": true, ""guard_reason"": null, ""term"": ""불친절"", ""category"": ""service""}, {""text"": ""굿임"", ""normalized_text"": ""굿임"", ""score"": 1.0, ""original_score"": 1.0, ""polarity"": ""positive"", ""strength"": ""normal"", ""aspect"": ""general"", ""source"": ""dictionary"", ""tag"": ""token"", ""start"": 20, ""end"": 21, ""is_active"": true, ""guard_reason"": null, ""term"": ""굿임"", ""category"": ""general""}, {""text"": ""심각한 서비스 부정 결론"", ""normalized_text"": ""심각한 서비스 부정 결론"", ""score"": -2.0, ""original_score"": -2.0, ""polarity"": ""negative"", ""strength"": ""strong"", ""aspect"": ""service"", ""source"": ""context_guard"", ""tag"": ""active_service_negative_conclusion"", ""start"": null, ""end"": null, ""is_active"": true, ""guard_reason"": null, ""term"": ""심각한 서비스 부정 결론"", ""category"": ""service""}, {""text"": ""별로"", ""normalized_text"": ""별로"", ""score"": 0.0, ""original_score"": -1.0, ""polarity"": ""neutral"", ""strength"": ""weak"", ""aspect"": ""general"", ""source"": ""context_guard"", ""tag"": ""embedded_non_standalone"", ""start"": 1, ""end"": 2, ""is_active"": false, ""guard_reason"": ""embedded_non_standalone"", ""term"": ""별로"", ""category"": ""general""}]",[],고기 부드럽다:+1[token] | 불친절:-1[token] | 굿임:+1[token] | 심각한 서비스 부정 결론:-2[active_service_negative_conclusion] | 별로:-1->0[embedded_non_standalone],1.0,-3.0,0.0,0.0,0.0,0.0,0.0,0.0,1.0,고기 부드럽다:+1[token],불친절:-1[token] 심각한 서비스 부정 결론:-2[active_service_negative_conclusion],,,,,,,굿임:+1[token] 별로:-1->0[embedded_non_standalone]
kakao,소문난성수감자탕,가성비 좋은 곳이지만 줄 설 정도는 아니라고 생각.. 늦은 저녁엔 추천해요,가성 좋다 정도 아니다 생각 늦다 저녁 추천,가성 좋다 정도 아니다 생각 늦다 저녁 추천,4.0,0.0,neutral,3.05,3.05,,0.9500000000000002,0.9500000000000002,0,0,1,1,0,0,1,1,1,1,0,1,0,0,1,1.0,-1.0,0.0,"[{""text"": ""늦다"", ""normalized_text"": ""늦다"", ""score"": -1.0, ""original_score"": -1.0, ""polarity"": ""negative"", ""strength"": ""normal"", ""aspect"": ""general"", ""source"": ""dictionary"", ""tag"": ""token"", ""start"": 5, ""end"": 6, ""is_active"": true, ""guard_reason"": null, ""term"": ""늦다"", ""category"": ""general""}, {""text"": ""추천"", ""normalized_text"": ""추천"", ""score"": 1.0, ""original_score"": 1.0, ""polarity"": ""positive"", ""strength"": ""normal"", ""aspect"": ""recommendation"", ""source"": ""phrase_rule"", ""tag"": ""recommendation_positive_phrase"", ""start"": null, ""end"": null, ""is_active"": true, ""guard_reason"": null, ""term"": ""추천"", ""category"": ""recommendation""}, {""text"": ""좋다"", ""normalized_text"": ""좋다"", ""score"": 0.0, ""original_score"": 1.0, ""polarity"": ""neutral"", ""strength"": ""weak"", ""aspect"": ""general"", ""source"": ""context_guard"", ""tag"": ""suppressed_by_phrase_rule"", ""start"": 1, ""end"": 2, ""is_active"": false, ""guard_reason"": ""suppressed_by_phrase_rule"", ""term"": ""좋다"", ""category"": ""general""}, {""text"": ""추천"", ""normalized_text"": ""추천"", ""score"": 0.0, ""original_score"": 1.0, ""polarity"": ""neutral"", ""strength"": ""weak"", ""aspect"": ""recommendation"", ""source"": ""context_guard"", ""tag"": ""suppressed_by_phrase_rule"", ""start"": 7, ""end"": 8, ""is_active"": false, ""guard_reason"": ""suppressed_by_phrase_rule"", ""term"": ""추천"", ""category"": ""recommendation""}, {""text"": ""가성비 좋다"", ""normalized_text"": ""가성비 좋다"", ""score"": 0.0, ""original_score"": 1.0, ""polarity"": ""neutral"", ""strength"": ""weak"", ""aspect"": ""price"", ""source"": ""context_guard"", ""tag"": ""negated_value_context"", ""start"": null, ""end"": null, ""is_active"": false, ""guard_reason"": ""negated_value_context"", ""term"": ""가성비 좋다"", ""category"": ""price""}]",[],늦다:-1[token] | 추천:+1[recommendation_positive_phrase] | 좋다:1->0[suppressed_by_phrase_rule] | 추천:1->0[suppressed_by_phrase_rule] | 가성비 좋다:1->0[negated_value_context],0.0,0.0,0.0,0.0,0.0,0.0,1.0,0.0,-1.0,,,가성비 좋다:1->0[negated_value_context],,,,추천:+1[recommendation_positive_phrase] 추천:1->0[suppressed_by_phrase_rule],,늦다:-1[token] 좋다:1->0[suppressed_by_phrase_rule]
kakao,소문난성수감자탕,대기는 외부 대기석에서부터 선입선출 방식이고 생각보다 회전률 좋아요. 맛은 평타이고 고기는 매우 연합니다. 손님이 많아도 접객은 보통 음식점 수준이었고 특별히 불친절하거나 그런 건 못느꼈습니다. 서울에 유명 감자탕집은 몇 군데 다녀본 경험에 비추어 여기 맛이 특별하지 않은 건 맞아요. 그러나 주말에 성수동 여기저기 다 미어터지고 회전률 좋고 한식 먹고 싶으면 가셔도 괜찮아요.,대기 외부 기석 선입선출 방식 생각 회전 좋다 평타 고기 매우 연하다 손님 많다 접객 보통 음식점 수준 이다 특별하다 불친절하다 그렇다 느끼다 서울 유명 감자탕 집다 군데 다니다 보다 경험 비추다 여기 특별하다 않다 맞다 주말 성수동 여기저기 밉다 터지다 회전 좋다 한식 먹다 싶다 갈다 괜찮다,대기 외부 기석 선입선출 방식 생각 회전 좋다 평타 고기 매우 연하다 손님 많다 접객 보통 음식점 수준 이다 특별하다 불친절하다 그렇다 느끼다 서울 유명 감자탕 집다 군데 다니다 보다 경험 비추다 여기 특별하다 않다 맞다 주말 성수동 여기저기 밉다 터지다 회전 좋다 한식 먹다 싶다 갈다 괜찮다,4.0,0.0,neutral,3.02,3.02,,0.98,0.98,0,0,2,2,0,0,2,2,2,2,0,0,0,0,1,1.0,-1.0,0.0,"[{""text"": ""특별하다"", ""normalized_text"": ""특별하다"", ""score"": 1.0, ""original_score"": 1.0, ""polarity"": ""positive"", ""strength"": ""normal"", ""aspect"": ""general"", ""source"": ""dictionary"", ""tag"": ""token"", ""start"": 19, ""end"": 20, ""is_active"": true, ""guard_reason"": null, ""term"": ""특별하다"", ""category"": ""general""}, {""text"": ""불친절하다"", ""normalized_text"": ""불친절하다"", ""score"": -1.0, ""original_score"": -1.0, ""polarity"": ""negative"", ""strength"": ""normal"", ""aspect"": ""service"", ""source"": ""dictionary"", ""tag"": ""token"", ""start"": 20, ""end"": 21, ""is_active"": true, ""guard_reason"": null, ""term"": ""불친절하다"", ""category"": ""service""}, {""text"": ""밉다"", ""normalized_text"": ""밉다"", ""score"": -1.0, ""original_score"": -1.0, ""polarity"": ""negative"", ""strength"": ""normal"", ""aspect"": ""general"", ""source"": ""dictionary"", ""tag"": ""token"", ""start"": 39, ""end"": 40, ""is_active"": true, ""guard_reason"": null, ""term"": ""밉다"", ""category"": ""general""}, {""text"": ""음식 품질 긍정"", ""normalized_text"": ""음식 품질 긍정"", ""score"": 1.0, ""original_score"": 1.0, ""polarity"": ""positive"", ""strength"": ""normal"", ""aspect"": ""food"", ""source"": ""pattern_rule"", ""tag"": ""food_quality_positive_pattern"", ""start"": null, ""end"": null, ""is_active"": true, ""guard_reason"": null, ""term"": ""음식 품질 긍정"", ""category"": ""food""}, {""text"": ""특별하다 않다"", ""normalized_text"": ""특별하다 않다"", ""score"": 0.0, ""original_score"": -1.0, ""polarity"": ""neutral"", ""strength"": ""weak"", ""aspect"": ""general"", ""source"": ""context_guard"", ""tag"": ""negated_special_context"", ""start"": 33, ""end"": 35, ""is_active"": false, ""guard_reason"": ""negated_special_context"", ""term"": ""특별하다 않다"", ""category"": ""general""}, {""text"": ""좋다"", ""normalized_text"": ""좋다"", ""score"": 0.0, ""original_score"": 1.0, ""polarity"": ""neutral"", ""strength"": ""weak"", ""aspect"": ""general"", ""source"": ""context_guard"", ""tag"": ""suppressed_by_phrase_rule"", ""start"": 7, ""end"": 8, ""is_active"": false, ""guard_reason"": ""suppressed_by_phrase_rule"", ""term"": ""좋다"", ""category"": ""general""}, {""text"": ""비추다"", ""normalized_text"": ""비추다"", ""score"": 0.0, ""original_score"": -1.0, ""polarity"": ""neutral"", ""strength"": ""weak"", ""aspect"": ""general"", ""source"": ""context_guard"", ""tag"": ""resolved_positive_concession"", ""start"": 31, ""end"": 32, ""is_active"": false, ""guard_reason"": ""resolved_positive_concession"", ""term"": ""비추다"", ""category"": ""general""}, {""text"": ""괜찮다"", ""normalized_text"": ""괜찮다"", ""score"": 0.0, ""original_score"": 1.0, ""polarity"": ""neutral"", ""strength"": ""weak"", ""aspect"": ""general"", ""source"": ""context_guard"", ""tag"": ""suppressed_by_phrase_rule"", ""start"": 47, ""end"": 48, ""is_active"": false, ""guard_reason"": ""suppressed_by_phrase_rule"", ""term"": ""괜찮다"", ""category"": ""general""}]",[],특별하다:+1[token] | 불친절하다:-1[token] | 밉다:-1[token] | 음식 품질 긍정:+1[food_quality_positive_pattern] | 특별하다 않다:-1->0[negated_special_context] | 좋다:1->0[suppressed_by_phrase_rule] | 비추다:-1->0[resolved_positive_concession] | 괜찮다:1->0[suppressed_by_phrase_rule],1.0,-1.0,0.0,0.0,0.0,0.0,0.0,0.0,0.0,음식 품질 긍정:+1[food_quality_positive_pattern],불친절하다:-1[token],,,,,,,특별하다:+1[token] 밉다:-1[token] 특별하다 않다:-1->0[negated_special_context] 좋다:1->0[suppressed_by_phrase_rule] 비추다:-1->0[resolved_positive_concession] 괜찮다:1->0[suppressed_by_phrase_rule]
kakao,소문난성수감자탕,별관으로 가서 웨이팅없이 먹었어요 맛있긴 한데 웨이팅할 정도는 아닌거 같았어요 응대나 서비스는 불친절하다고 느낀건 딱히 없음,별관 가다 웨이 없이 먹다 맛있다 웨이 팅할 정도 아니다 같다 응대 서비스 불친절하다 느끼다 딱하다,별관 가다 웨이 없이 먹다 맛있다 웨이 팅할 정도 아니다 같다 응대 서비스 불친절하다 느끼다 딱하다,4.0,0.0,neutral,3.02,3.02,,0.98,0.98,0,0,1,1,0,0,1,1,1,1,0,0,0,0,0,0.0,0.0,0.0,"[{""text"": ""맛있다"", ""normalized_text"": ""맛있다"", ""score"": 1.0, ""original_score"": 1.0, ""polarity"": ""positive"", ""strength"": ""normal"", ""aspect"": ""food"", ""source"": ""dictionary"", ""tag"": ""token"", ""start"": 5, ""end"": 6, ""is_active"": true, ""guard_reason"": null, ""term"": ""맛있다"", ""category"": ""food""}, {""text"": ""불친절하다"", ""normalized_text"": ""불친절하다"", ""score"": -1.0, ""original_score"": -1.0, ""polarity"": ""negative"", ""strength"": ""normal"", ""aspect"": ""service"", ""source"": ""dictionary"", ""tag"": ""token"", ""start"": 13, ""end"": 14, ""is_active"": true, ""guard_reason"": null, ""term"": ""불친절하다"", ""category"": ""service""}]",[],맛있다:+1[token] | 불친절하다:-1[token],1.0,-1.0,0.0,0.0,0.0,0.0,0.0,0.0,0.0,맛있다:+1[token],불친절하다:-1[token],,,,,,,
kakao,소문난성수감자탕,"2025년 07월 31일 - 새벽 2:30 야~~~~ 그놈 솔직히 말씀드리면, 너무 시끄려워 이곳이 술을 함께 파는 음식점이라는 건 알고 있지만, 그래도 공공장소입니다. 다른 손님들도 함께 있는 공간인 만큼, 최소한의 예의는 지켜야 한다고 생각합니다. 제발 목소리를 낮춰 주세요. 당신의 사업 이야기를 듣고 싶어 하는 사람은 주변에 없습니다. 함께 술 마시는 사람들에게만 들릴 정도로 이야기해 주세요. 오늘 이 가게에 세 번째 방문인데, 소음이 너무 심해서 식사 도중에 속이 울렁거릴 정도였습니다. 이건 너무 무례한 행동입니다. 직원분들께 부탁드립니다. 목소리가 지나치게 크고 다른 손님들에게 불편을 주는 경우, 꼭 조용히 주의를 주시기 바랍니다. 이런 부분이 관리되지 않으면, 다시 방문하기 어려울 것 같습니다.",새벽 솔직하다 말씀드리다 너무 끄다 함께 팔다 음식점 그래도 공공장소 이다 다른 손님 함께 공간 만큼 최소한 예의 지키다 생각 제발 목소리 낮추다 줄다 당신 사업 이야기 듣다 싶다 사람 주변 함께 마시다 사람 들리다 정도 이야기 줄다 오늘 가게 방문 소음 너무 심하다 식사 도중 속이다 울렁거리다 정도 이다 너무 무례하다 행동 이다 직원 부탁드리다 목소리 지나치다 크다 다른 손님 불편 주다 경우 조용하다 주의 시기 바라다 이렇다 부분 관리 않다 다시 방문 어리다 같다,새벽 솔직하다 말씀드리다 너무 끄다 함께 팔다 음식점 그래도 공공장소 이다 다른 손님 함께 공간 만큼 최소한 예의 지키다 생각 제발 목소리 낮추다 줄다 당신 사업 이야기 듣다 싶다 사람 주변 함께 마시다 사람 들리다 정도 이야기 줄다 오늘 가게 방문 소음 너무 심하다 식사 도중 속이다 울렁거리다 정도 이다 너무 무례하다 행동 이다 직원 부탁드리다 목소리 지나치다 크다 다른 손님 불편 주다 경우 조용하다 주의 시기 바라다 이렇다 부분 관리 않다 다시 방문 어리다 같다,5.0,-4.0,negative,1.32,1.32,,3.6799999999999997,3.6799999999999997,0,0,1,1,0,1,3,3,1,4,0,0,0,0,0,0.0,-2.0,-2.0,"[{""text"": ""심하다"", ""normalized_text"": ""심하다"", ""score"": -1.0, ""original_score"": -1.0, ""polarity"": ""negative"", ""strength"": ""normal"", ""aspect"": ""general"", ""source"": ""dictionary"", ""tag"": ""token"", ""start"": 43, ""end"": 44, ""is_active"": true, ""guard_reason"": null, ""term"": ""심하다"", ""category"": ""general""}, {""text"": ""무례하다"", ""normalized_text"": ""무례하다"", ""score"": -1.0, ""original_score"": -1.0, ""polarity"": ""negative"", ""strength"": ""normal"", ""aspect"": ""service"", ""source"": ""dictionary"", ""tag"": ""token"", ""start"": 51, ""end"": 52, ""is_active"": true, ""guard_reason"": null, ""term"": ""무례하다"", ""category"": ""service""}, {""text"": ""불편"", ""normalized_text"": ""불편"", ""score"": -1.0, ""original_score"": -1.0, ""polarity"": ""negative"", ""strength"": ""normal"", ""aspect"": ""general"", ""source"": ""dictionary"", ""tag"": ""token"", ""start"": 61, ""end"": 62, ""is_active"": true, ""guard_reason"": null, ""term"": ""불편"", ""category"": ""general""}, {""text"": ""조용하다"", ""normalized_text"": ""조용하다"", ""score"": 1.0, ""original_score"": 1.0, ""polarity"": ""positive"", ""strength"": ""normal"", ""aspect"": ""atmosphere"", ""source"": ""dictionary"", ""tag"": ""token"", ""start"": 64, ""end"": 65, ""is_active"": true, ""guard_reason"": null, ""term"": ""조용하다"", ""category"": ""atmosphere""}, {""text"": ""심각한 서비스 부정 결론"", ""normalized_text"": ""심각한 서비스 부정 결론"", ""score"": -2.0, ""original_score"": -2.0, ""polarity"": ""negative"", ""strength"": ""strong"", ""aspect"": ""service"", ""source"": ""context_guard"", ""tag"": ""active_service_negative_conclusion"", ""start"": null, ""end"": null, ""is_active"": true, ""guard_reason"": null, ""term"": ""심각한 서비스 부정 결론"", ""category"": ""service""}, {""text"": ""말씀드리다"", ""normalized_text"": ""말씀드리다"", ""score"": 0.0, ""original_score"": 0.0, ""polarity"": ""neutral"", ""strength"": ""weak"", ""aspect"": ""service"", ""source"": ""dictionary"", ""tag"": ""token"", ""start"": 2, ""end"": 3, ""is_active"": false, ""guard_reason"": null, ""term"": ""말씀드리다"", ""category"": ""service""}, {""text"": ""크다"", ""normalized_text"": ""크다"", ""score"": 0.0, ""original_score"": 1.0, ""polarity"": ""neutral"", ""strength"": ""weak"", ""aspect"": ""general"", ""source"": ""context_guard"", ""tag"": ""noise_context"", ""start"": 58, ""end"": 59, ""is_active"": false, ""guard_reason"": ""noise_context"", ""term"": ""크다"", ""category"": ""general""}]",[],심하다:-1[token] | 무례하다:-1[token] | 불편:-1[token] | 조용하다:+1[token] | 심각한 서비스 부정 결론:-2[active_service_negative_conclusion] | 말씀드리다:0[token] | 크다:1->0[noise_context],0.0,-3.0,0.0,1.0,0.0,0.0,0.0,0.0,-2.0,,무례하다:-1[token] 심각한 서비스 부정 결론:-2[active_service_negative_conclusion] 말씀드리다:0[token],,조용하다:+1[token],,,,,심하다:-1[token] 불편:-1[token] 크다:1->0[noise_context]
kakao,소문난성수감자탕,혼자가면.웨이팅두 없고 좋네요 ㅎ 우거지는 좀 많이짠데 고기가 간이 삼삼해서 좋았어요. 저는 간이 더 덜됐으면좋겠어요~ 직원 아주머니들도.친절하시고 메뉴도.1분만에 나와서 최고입니다. 위생이 그닥이라 4점인데 전 재방문의사.있어요(웨이팅있으면 x),혼자 가면 웨이팅 좋다 우거지 많이 짜다 고기 간이 삼삼하다 좋다 간이 돼다 좋다 직원 아주머니 친절하다 메뉴 나오다 최고 이다 위생 그닥 방문 의사 웨이,혼자 가면 웨이팅 좋다 우거지 많이 짜다 고기 간이 삼삼하다 좋다 간이 돼다 좋다 직원 아주머니 친절하다 메뉴 나오다 최고 이다 위생 그닥 방문 의사 웨이,4.0,1.0,positive,3.41,3.41,positive_floor_blocked[active_negative_evidence],0.5899999999999999,0.5899999999999999,0,0,3,3,0,0,2,2,3,2,0,0,0,0,1,1.0,0.0,0.0,"[{""text"": ""짜다"", ""normalized_text"": ""짜다"", ""score"": -1.0, ""original_score"": -1.0, ""polarity"": ""negative"", ""strength"": ""normal"", ""aspect"": ""food"", ""source"": ""dictionary"", ""tag"": ""token"", ""start"": 6, ""end"": 7, ""is_active"": true, ""guard_reason"": null, ""term"": ""짜다"", ""category"": ""food""}, {""text"": ""친절하다"", ""normalized_text"": ""친절하다"", ""score"": 1.0, ""original_score"": 1.0, ""polarity"": ""positive"", ""strength"": ""normal"", ""aspect"": ""service"", ""source"": ""dictionary"", ""tag"": ""token"", ""start"": 16, ""end"": 17, ""is_active"": true, ""guard_reason"": null, ""term"": ""친절하다"", ""category"": ""service""}, {""text"": ""최고"", ""normalized_text"": ""최고"", ""score"": 1.0, ""original_score"": 1.0, ""polarity"": ""positive"", ""strength"": ""normal"", ""aspect"": ""general"", ""source"": ""dictionary"", ""tag"": ""token"", ""start"": 19, ""end"": 20, ""is_active"": true, ""guard_reason"": null, ""term"": ""최고"", ""category"": ""general""}, {""text"": ""그닥"", ""normalized_text"": ""그닥"", ""score"": -1.0, ""original_score"": -1.0, ""polarity"": ""negative"", ""strength"": ""normal"", ""aspect"": ""general"", ""source"": ""dictionary"", ""tag"": ""token"", ""start"": 22, ""end"": 23, ""is_active"": true, ""guard_reason"": null, ""term"": ""그닥"", ""category"": ""general""}, {""text"": ""음식 품질 긍정"", ""normalized_text"": ""음식 품질 긍정"", ""score"": 1.0, ""original_score"": 1.0, ""polarity"": ""positive"", ""strength"": ""normal"", ""aspect"": ""food"", ""source"": ""pattern_rule"", ""tag"": ""food_quality_positive_pattern"", ""start"": null, ""end"": null, ""is_active"": true, ""guard_reason"": null, ""term"": ""음식 품질 긍정"", ""category"": ""food""}, {""text"": ""좋다"", ""normalized_text"": ""좋다"", ""score"": 0.0, ""original_score"": 1.0, ""polarity"": ""neutral"", ""strength"": ""weak"", ""aspect"": ""general"", ""source"": ""context_guard"", ""tag"": ""suppressed_by_phrase_rule"", ""start"": 3, ""end"": 4, ""is_active"": false, ""guard_reason"": ""suppressed_by_phrase_rule"", ""term"": ""좋다"", ""category"": ""general""}]",[],짜다:-1[token] | 친절하다:+1[token] | 최고:+1[token] | 그닥:-1[token] | 음식 품질 긍정:+1[food_quality_positive_pattern] | 좋다:1->0[suppressed_by_phrase_rule],0.0,1.0,0.0,0.0,0.0,0.0,0.0,0.0,0.0,짜다:-1[token] 음식 품질 긍정:+1[food_quality_positive_pattern],친절하다:+1[token],,,,,,,최고:+1[token] 그닥:-1[token] 좋다:1->0[suppressed_by_phrase_rule]
kakao,소문난성수감자탕,넘 많은 방문인들로 인해 불편함,넘다 많다 방문 인하다 불편하다,넘다 많다 방문 인하다 불편하다,4.0,-1.0,negative,2.78,2.78,,1.2200000000000002,1.2200000000000002,0,0,0,0,0,0,1,1,0,1,0,0,0,0,0,0.0,-1.0,0.0,"[{""text"": ""불편하다"", ""normalized_text"": ""불편하다"", ""score"": -1.0, ""original_score"": -1.0, ""polarity"": ""negative"", ""strength"": ""normal"", ""aspect"": ""atmosphere"", ""source"": ""dictionary"", ""tag"": ""token"", ""start"": 4, ""end"": 5, ""is_active"": true, ""guard_reason"": null, ""term"": ""불편하다"", ""category"": ""atmosphere""}]",[],불편하다:-1[token],0.0,0.0,0.0,-1.0,0.0,0.0,0.0,0.0,0.0,,,,불편하다:-1[token],,,,,
kakao,소문난성수감자탕,성수동이 뜨기전엔 참 괜찮은 맛집이었는데 최근 2번 같는데 영 그전 맛이 아니더라구요 그데 오늘 25.03.15 사장님께실때 모처럼 방문했는데 역시 그옛날만 그대로 아주 진득한 맛이 ... 굿굿.... 역시 사장님 계실때와 아닐때의 차이 랄까? ㅋㅋ 지인도 상당히 맛있게 먹고 가신다고....,성수동 뜨다 기전 차다 괜찮다 맛집 이다 최근 같다 아니다 오늘 사장 실때 모처럼 방문 역시 옛날 그대로 아주 진득 굿굿 역시 사장 계시다 아니다 차이 끄다 지인 상당하다 맛있다 먹다 가다,성수동 뜨다 기전 차다 괜찮다 맛집 이다 최근 같다 아니다 오늘 사장 실때 모처럼 방문 역시 옛날 그대로 아주 진득 굿굿 역시 사장 계시다 아니다 차이 끄다 지인 상당하다 맛있다 먹다 가다,4.0,1.0,positive,3.42,3.42,,0.5800000000000001,0.5800000000000001,0,0,2,2,0,0,1,1,2,1,0,0,0,0,1,1.0,1.0,-1.0,"[{""text"": ""굿굿"", ""normalized_text"": ""굿굿"", ""score"": 1.0, ""original_score"": 1.0, ""polarity"": ""positive"", ""strength"": ""normal"", ""aspect"": ""general"", ""source"": ""dictionary"", ""tag"": ""token"", ""start"": 20, ""end"": 21, ""is_active"": true, ""guard_reason"": null, ""term"": ""굿굿"", ""category"": ""general""}, {""text"": ""음식 품질 긍정"", ""normalized_text"": ""음식 품질 긍정"", ""score"": 1.0, ""original_score"": 1.0, ""polarity"": ""positive"", ""strength"": ""normal"", ""aspect"": ""food"", ""source"": ""pattern_rule"", ""tag"": ""food_quality_positive_pattern"", ""start"": null, ""end"": null, ""is_active"": true, ""guard_reason"": null, ""term"": ""음식 품질 긍정"", ""category"": ""food""}, {""text"": ""과거 대비 현재 품질 저하"", ""normalized_text"": ""과거 대비 현재 품질 저하"", ""score"": -1.0, ""original_score"": -1.0, ""polarity"": ""negative"", ""strength"": ""normal"", ""aspect"": ""general"", ""source"": ""context_guard"", ""tag"": ""past_positive_current_negative"", ""start"": null, ""end"": null, ""is_active"": true, ""guard_reason"": null, ""term"": ""과거 대비 현재 품질 저하"", ""category"": ""general""}, {""text"": ""맛있다 먹다"", ""normalized_text"": ""맛있다 먹다"", ""score"": 0.0, ""original_score"": 1.0, ""polarity"": ""neutral"", ""strength"": ""weak"", ""aspect"": ""food"", ""source"": ""context_guard"", ""tag"": ""suppressed_by_phrase_rule"", ""start"": 29, ""end"": 31, ""is_active"": false, ""guard_reason"": ""suppressed_by_phrase_rule"", ""term"": ""맛있다 먹다"", ""category"": ""food""}, {""text"": ""괜찮다"", ""normalized_text"": ""괜찮다"", ""score"": 0.0, ""original_score"": 1.0, ""polarity"": ""neutral"", ""strength"": ""weak"", ""aspect"": ""general"", ""source"": ""context_guard"", ""tag"": ""suppressed_by_phrase_rule"", ""start"": 4, ""end"": 5, ""is_active"": false, ""guard_reason"": ""suppressed_by_phrase_rule"", ""term"": ""괜찮다"", ""category"": ""general""}, {""text"": ""맛집"", ""normalized_text"": ""맛집"", ""score"": 0.0, ""original_score"": 1.0, ""polarity"": ""neutral"", ""strength"": ""weak"", ""aspect"": ""food"", ""source"": ""context_guard"", ""tag"": ""past_positive_not_current"", ""start"": 5, ""end"": 6, ""is_active"": false, ""guard_reason"": ""past_positive_not_current"", ""term"": ""맛집"", ""category"": ""food""}]",[],굿굿:+1[token] | 음식 품질 긍정:+1[food_quality_positive_pattern] | 과거 대비 현재 품질 저하:-1[past_positive_current_negative] | 맛있다 먹다:1->0[suppressed_by_phrase_rule] | 괜찮다:1->0[suppressed_by_phrase_rule] | 맛집:1->0[past_positive_not_current],1.0,0.0,0.0,0.0,0.0,0.0,0.0,0.0,0.0,음식 품질 긍정:+1[food_quality_positive_pattern] 맛있다 먹다:1->0[suppressed_by_phrase_rule] 맛집:1->0[past_positive_not_current],,,,,,,,굿굿:+1[token] 과거 대비 현재 품질 저하:-1[past_positive_current_negative] 괜찮다:1->0[suppressed_by_phrase_rule]
kakao,소문난성수감자탕,"평범한줄 알았는데, 다른 뼈다귀집 가니까 고기가 질겨서 안뜯김... 여기정도면 상급이다.",평범하다 알다 다른 가다 고기 질겨 뜯기다 여기 정도 상급,평범하다 알다 다른 가다 고기 질겨 뜯기다 여기 정도 상급,4.0,0.0,neutral,2.92,2.92,,1.08,1.08,0,0,1,1,0,0,1,1,1,1,0,0,0,0,1,1.0,-1.0,0.0,"[{""text"": ""질겨"", ""normalized_text"": ""질겨"", ""score"": -1.0, ""original_score"": -1.0, ""polarity"": ""negative"", ""strength"": ""normal"", ""aspect"": ""food"", ""source"": ""dictionary"", ""tag"": ""token"", ""start"": 5, ""end"": 6, ""is_active"": true, ""guard_reason"": null, ""term"": ""질겨"", ""category"": ""food""}, {""text"": ""상급 평가"", ""normalized_text"": ""상급 평가"", ""score"": 1.0, ""original_score"": 1.0, ""polarity"": ""positive"", ""strength"": ""normal"", ""aspect"": ""general"", ""source"": ""pattern_rule"", ""tag"": ""upper_tier_positive_pattern"", ""start"": null, ""end"": null, ""is_active"": true, ""guard_reason"": null, ""term"": ""상급 평가"", ""category"": ""general""}, {""text"": ""평범하다"", ""normalized_text"": ""평범하다"", ""score"": 0.0, ""original_score"": -1.0, ""polarity"": ""neutral"", ""strength"": ""weak"", ""aspect"": ""general"", ""source"": ""context_guard"", ""tag"": ""mild_evaluation_ambiguous_context"", ""start"": 0, ""end"": 1, ""is_active"": false, ""guard_reason"": ""mild_evaluation_ambiguous_context"", ""term"": ""평범하다"", ""category"": ""general""}]",[],질겨:-1[token] | 상급 평가:+1[upper_tier_positive_pattern] | 평범하다:-1->0[mild_evaluation_ambiguous_context],-1.0,0.0,0.0,0.0,0.0,0.0,0.0,0.0,1.0,질겨:-1[token],,,,,,,,상급 평가:+1[upper_tier_positive_pattern] 평범하다:-1->0[mild_evaluation_ambiguous_context]
kakao,이태리국시 성수,오랜만에 놀러온 성수에서 늦은 점심으로 파스타피자 넘 맛있네요 .바지락찜파스타 깔끔한 맛이 취향에 맞았어요,놀다 성수 늦다 점심 파스타 피자 넘다 맛있다 바지락 파스타 깔끔하다 취향 맞다,놀다 성수 늦다 점심 파스타 피자 넘다 맛있다 바지락 파스타 깔끔하다 취향 맞다,5.0,1.0,positive,3.42,3.42,,1.58,1.58,0,0,2,2,0,0,1,1,2,1,0,0,0,0,0,0.0,1.0,0.0,"[{""text"": ""늦다"", ""normalized_text"": ""늦다"", ""score"": -1.0, ""original_score"": -1.0, ""polarity"": ""negative"", ""strength"": ""normal"", ""aspect"": ""general"", ""source"": ""dictionary"", ""tag"": ""token"", ""start"": 2, ""end"": 3, ""is_active"": true, ""guard_reason"": null, ""term"": ""늦다"", ""category"": ""general""}, {""text"": ""맛있다"", ""normalized_text"": ""맛있다"", ""score"": 1.0, ""original_score"": 1.0, ""polarity"": ""positive"", ""strength"": ""normal"", ""aspect"": ""food"", ""source"": ""dictionary"", ""tag"": ""token"", ""start"": 7, ""end"": 8, ""is_active"": true, ""guard_reason"": null, ""term"": ""맛있다"", ""category"": ""food""}, {""text"": ""깔끔하다"", ""normalized_text"": ""깔끔하다"", ""score"": 1.0, ""original_score"": 1.0, ""polarity"": ""positive"", ""strength"": ""normal"", ""aspect"": ""general"", ""source"": ""dictionary"", ""tag"": ""token"", ""start"": 10, ""end"": 11, ""is_active"": true, ""guard_reason"": null, ""term"": ""깔끔하다"", ""category"": ""general""}]",[],늦다:-1[token] | 맛있다:+1[token] | 깔끔하다:+1[token],1.0,0.0,0.0,0.0,0.0,0.0,0.0,0.0,0.0,맛있다:+1[token],,,,,,,,늦다:-1[token] 깔끔하다:+1[token]
kakao,태양곱창 성수,맛잇슴 전에 갓을때 감자전 못먹어서아쉽,맛잇슴 감자전 먹다 아쉽다,맛잇슴 감자전 먹다 아쉽다,5.0,0.0,neutral,3.08,3.08,,1.92,1.92,0,0,1,1,0,0,1,1,1,1,0,0,0,0,0,0.0,0.0,0.0,"[{""text"": ""맛잇슴"", ""normalized_text"": ""맛잇슴"", ""score"": 1.0, ""original_score"": 1.0, ""polarity"": ""positive"", ""strength"": ""normal"", ""aspect"": ""food"", ""source"": ""dictionary"", ""tag"": ""token"", ""start"": 0, ""end"": 1, ""is_active"": true, ""guard_reason"": null, ""term"": ""맛잇슴"", ""category"": ""food""}, {""text"": ""아쉽다"", ""normalized_text"": ""아쉽다"", ""score"": -1.0, ""original_score"": -1.0, ""polarity"": ""negative"", ""strength"": ""normal"", ""aspect"": ""general"", ""source"": ""dictionary"", ""tag"": ""token"", ""start"": 3, ""end"": 4, ""is_active"": true, ""guard_reason"": null, ""term"": ""아쉽다"", ""category"": ""general""}]",[],맛잇슴:+1[token] | 아쉽다:-1[token],1.0,0.0,0.0,0.0,0.0,0.0,0.0,0.0,-1.0,맛잇슴:+1[token],,,,,,,,아쉽다:-1[token]
kakao,할머니의레시피,음식 잘 나오고 여자 직원분은 친절함 (다른 리뷰처럼 남자 사장은 불친절). 테이블 간격이 너무 좁아 정신없음,음식 자다 나오다 여자 직원 친절하다 다른 리뷰 남자 사장 불친절 테이블 간격 너무 좁다 정신,음식 자다 나오다 여자 직원 친절하다 다른 리뷰 남자 사장 불친절 테이블 간격 너무 좁다 정신,4.0,-4.0,negative,1.74,1.74,,2.26,2.26,0,0,1,1,0,2,1,1,1,3,0,0,0,0,0,0.0,-2.0,-2.0,"[{""text"": ""직원 친절하다"", ""normalized_text"": ""직원 친절하다"", ""score"": 1.0, ""original_score"": 1.0, ""polarity"": ""positive"", ""strength"": ""normal"", ""aspect"": ""service"", ""source"": ""dictionary"", ""tag"": ""token"", ""start"": 4, ""end"": 6, ""is_active"": true, ""guard_reason"": null, ""term"": ""직원 친절하다"", ""category"": ""service""}, {""text"": ""너무 좁다"", ""normalized_text"": ""너무 좁다"", ""score"": -2.0, ""original_score"": -2.0, ""polarity"": ""negative"", ""strength"": ""strong"", ""aspect"": ""atmosphere"", ""source"": ""dictionary"", ""tag"": ""token"", ""start"": 13, ""end"": 15, ""is_active"": true, ""guard_reason"": null, ""term"": ""너무 좁다"", ""category"": ""atmosphere""}, {""text"": ""불친절"", ""normalized_text"": ""불친절"", ""score"": -1.0, ""original_score"": -1.0, ""polarity"": ""negative"", ""strength"": ""normal"", ""aspect"": ""service"", ""source"": ""dictionary"", ""tag"": ""token"", ""start"": 10, ""end"": 11, ""is_active"": true, ""guard_reason"": null, ""term"": ""불친절"", ""category"": ""service""}, {""text"": ""심각한 서비스 부정 결론"", ""normalized_text"": ""심각한 서비스 부정 결론"", ""score"": -2.0, ""original_score"": -2.0, ""polarity"": ""negative"", ""strength"": ""strong"", ""aspect"": ""service"", ""source"": ""context_guard"", ""tag"": ""active_service_negative_conclusion"", ""start"": null, ""end"": null, ""is_active"": true, ""guard_reason"": null, ""term"": ""심각한 서비스 부정 결론"", ""category"": ""service""}]",[],직원 친절하다:+1[token] | 너무 좁다:-2[token] | 불친절:-1[token] | 심각한 서비스 부정 결론:-2[active_service_negative_conclusion],0.0,-2.0,0.0,-2.0,0.0,0.0,0.0,0.0,0.0,,직원 친절하다:+1[token] 불친절:-1[token] 심각한 서비스 부정 결론:-2[active_service_negative_conclusion],,너무 좁다:-2[token],,,,,
kakao,훼미리손칼국수보쌈,보쌈고기는 괜찮은데 칼국수는 너무 슴슴해서 이것저것 김칫소도 좀 풀어넣음 웨이팅없으면 만족 있으면 불만족,보쌈 고기 괜찮다 칼국수 너무 슴슴해 김칫소 풀다 넣다 웨이 만족 불만족,보쌈 고기 괜찮다 칼국수 너무 슴슴해 김칫소 풀다 넣다 웨이 만족 불만족,5.0,1.0,positive,3.42,3.42,,1.58,1.58,0,0,2,2,0,0,1,1,2,1,0,0,0,0,1,1.0,0.0,0.0,"[{""text"": ""만족"", ""normalized_text"": ""만족"", ""score"": 1.0, ""original_score"": 1.0, ""polarity"": ""positive"", ""strength"": ""normal"", ""aspect"": ""general"", ""source"": ""dictionary"", ""tag"": ""token"", ""start"": 10, ""end"": 11, ""is_active"": true, ""guard_reason"": null, ""term"": ""만족"", ""category"": ""general""}, {""text"": ""불만족"", ""normalized_text"": ""불만족"", ""score"": -1.0, ""original_score"": -1.0, ""polarity"": ""negative"", ""strength"": ""normal"", ""aspect"": ""general"", ""source"": ""dictionary"", ""tag"": ""token"", ""start"": 11, ""end"": 12, ""is_active"": true, ""guard_reason"": null, ""term"": ""불만족"", ""category"": ""general""}, {""text"": ""음식 품질 긍정"", ""normalized_text"": ""음식 품질 긍정"", ""score"": 1.0, ""original_score"": 1.0, ""polarity"": ""positive"", ""strength"": ""normal"", ""aspect"": ""food"", ""source"": ""pattern_rule"", ""tag"": ""food_quality_positive_pattern"", ""start"": null, ""end"": null, ""is_active"": true, ""guard_reason"": null, ""term"": ""음식 품질 긍정"", ""category"": ""food""}, {""text"": ""괜찮다"", ""normalized_text"": ""괜찮다"", ""score"": 0.0, ""original_score"": 1.0, ""polarity"": ""neutral"", ""strength"": ""weak"", ""aspect"": ""general"", ""source"": ""context_guard"", ""tag"": ""suppressed_by_phrase_rule"", ""start"": 2, ""end"": 3, ""is_active"": false, ""guard_reason"": ""suppressed_by_phrase_rule"", ""term"": ""괜찮다"", ""category"": ""general""}]",[],만족:+1[token] | 불만족:-1[token] | 음식 품질 긍정:+1[food_quality_positive_pattern] | 괜찮다:1->0[suppressed_by_phrase_rule],1.0,0.0,0.0,0.0,0.0,0.0,0.0,0.0,0.0,음식 품질 긍정:+1[food_quality_positive_pattern],,,,,,,,만족:+1[token] 불만족:-1[token] 괜찮다:1->0[suppressed_by_phrase_rule]
kakao,훼미리손칼국수보쌈,"요즘 세상에 웨이팅 장부 없는 가게이고 차량 대로변에 다른가게 피해가게 줄 세워놓는 가게도 처음본다 가게 입구에 안내문 붙여놓지 손님끼리 기다리는법 서로 물어봄 사장이 외국인을 애정하시는지 식사 중 왔던 유럽인.일본인에게는 계란부친거 ""써뷔쓰으~~""하면서 되도 않는 영어 쓰시며 주시더라 식대지불한 음식이라도 제대로 주면 다른건 상관없는데 외국인들은 고기 상태 좋은쪽 곱게 썰어서 주고 한국인 테이블엔 고기 잔 부스레기 +비계 잔뜩 외국인들 대접해주는건 좋게 보이는데 기존 다니던 손님 음식은 개밥처럼 주고..정 떨어져서 가기 싫어짐 칼국수 국물은 주다말은것처럼 주신다 칼국수 이렇게 맛없게 끓이는것도 재능이고 배추랑 고기 맛있음 서빙하는 아줌마 손님이 추가주문 하면 허공에 외치고 그리 바쁜데 다른 인력들이 그게 들릴리 없음 .가져다주는지 눈치 좀 보다가 아줌마가 가져다 주시던데 웃기심",요즘 세상 웨이 장부 가게 차량 대로 가게 피해 가게 세우다 가게 처음 보다 가게 입구 물다 붙이다 손님 끼리 기다리다 서로 물어보다 사장 외국인 애정 식사 오다 유럽인 일본인 계란 부치다 써뷔쓰으 않다 영어 쓰시 주다 식대 지불 음식 제대로 주다 다르다 상관없다 외국인 고기 상태 좋다 썰다 주다 한국인 테이블 고기 부스 레기 비계 잔뜩 외국 대접 해주다 좋다 보이다 기존 다니다 손님 음식 개밥 주다 떨어지다 가기 싫어지다 칼국수 국물 주다 주다 칼국수 이렇게 맛없다 끓이다 재능 배추 고기 맛있다 서빙 아줌마 손님 추가 주문 허공 외치 그리다 바쁘다 다른 인력 그게 들리다 가져다주다 눈치 보다 아줌마 가다 주다 웃기,요즘 세상 웨이 장부 가게 차량 대로 가게 피해 가게 세우다 가게 처음 보다 가게 입구 물다 붙이다 손님 끼리 기다리다 서로 물어보다 사장 외국인 애정 식사 오다 유럽인 일본인 계란 부치다 써뷔쓰으 않다 영어 쓰시 주다 식대 지불 음식 제대로 주다 다르다 상관없다 외국인 고기 상태 좋다 썰다 주다 한국인 테이블 고기 부스 레기 비계 잔뜩 외국 대접 해주다 좋다 보이다 기존 다니다 손님 음식 개밥 주다 떨어지다 가기 싫어지다 칼국수 국물 주다 주다 칼국수 이렇게 맛없다 끓이다 재능 배추 고기 맛있다 서빙 아줌마 손님 추가 주문 허공 외치 그리다 바쁘다 다른 인력 그게 들리다 가져다주다 눈치 보다 아줌마 가다 주다 웃기,4.0,-3.0,negative,1.9,1.9,positive_floor_blocked[active_negative_evidence],2.1,2.1,0,0,3,3,0,2,2,2,3,4,0,0,0,0,2,2.0,-3.0,-2.0,"[{""text"": ""고기 맛있다"", ""normalized_text"": ""고기 맛있다"", ""score"": 1.0, ""original_score"": 1.0, ""polarity"": ""positive"", ""strength"": ""normal"", ""aspect"": ""food"", ""source"": ""dictionary"", ""tag"": ""token"", ""start"": 81, ""end"": 83, ""is_active"": true, ""guard_reason"": null, ""term"": ""고기 맛있다"", ""category"": ""food""}, {""text"": ""떨어지다"", ""normalized_text"": ""떨어지다"", ""score"": -1.0, ""original_score"": -1.0, ""polarity"": ""negative"", ""strength"": ""normal"", ""aspect"": ""general"", ""source"": ""dictionary"", ""tag"": ""token"", ""start"": 68, ""end"": 69, ""is_active"": true, ""guard_reason"": null, ""term"": ""떨어지다"", ""category"": ""general""}, {""text"": ""싫어지다"", ""normalized_text"": ""싫어지다"", ""score"": -1.0, ""original_score"": -1.0, ""polarity"": ""negative"", ""strength"": ""normal"", ""aspect"": ""general"", ""source"": ""dictionary"", ""tag"": ""token"", ""start"": 70, ""end"": 71, ""is_active"": true, ""guard_reason"": null, ""term"": ""싫어지다"", ""category"": ""general""}, {""text"": ""맛없다"", ""normalized_text"": ""맛없다"", ""score"": -2.0, ""original_score"": -2.0, ""polarity"": ""negative"", ""strength"": ""strong"", ""aspect"": ""food"", ""source"": ""dictionary"", ""tag"": ""token"", ""start"": 77, ""end"": 78, ""is_active"": true, ""guard_reason"": null, ""term"": ""맛없다"", ""category"": ""food""}, {""text"": ""음식 품질 긍정"", ""normalized_text"": ""음식 품질 긍정"", ""score"": 1.0, ""original_score"": 1.0, ""polarity"": ""positive"", ""strength"": ""normal"", ""aspect"": ""food"", ""source"": ""pattern_rule"", ""tag"": ""food_quality_positive_pattern"", ""start"": null, ""end"": null, ""is_active"": true, ""guard_reason"": null, ""term"": ""음식 품질 긍정"", ""category"": ""food""}, {""text"": ""맛있음"", ""normalized_text"": ""맛있음"", ""score"": 1.0, ""original_score"": 1.0, ""polarity"": ""positive"", ""strength"": ""normal"", ""aspect"": ""food"", ""source"": ""phrase_rule"", ""tag"": ""food_positive_phrase"", ""start"": null, ""end"": null, ""is_active"": true, ""guard_reason"": null, ""term"": ""맛있음"", ""category"": ""food""}, {""text"": ""명시적 음식 부정 결론"", ""normalized_text"": ""명시적 음식 부정 결론"", ""score"": -2.0, ""original_score"": -2.0, ""polarity"": ""negative"", ""strength"": ""strong"", ""aspect"": ""food"", ""source"": ""context_guard"", ""tag"": ""active_food_negative_conclusion"", ""start"": null, ""end"": null, ""is_active"": true, ""guard_reason"": null, ""term"": ""명시적 음식 부정 결론"", ""category"": ""food""}, {""text"": ""좋다"", ""normalized_text"": ""좋다"", ""score"": 0.0, ""original_score"": 1.0, ""polarity"": ""neutral"", ""strength"": ""weak"", ""aspect"": ""general"", ""source"": ""context_guard"", ""tag"": ""suppressed_by_phrase_rule"", ""start"": 47, ""end"": 48, ""is_active"": false, ""guard_reason"": ""suppressed_by_phrase_rule"", ""term"": ""좋다"", ""category"": ""general""}, {""text"": ""바쁘다"", ""normalized_text"": ""바쁘다"", ""score"": 0.0, ""original_score"": -1.0, ""polarity"": ""neutral"", ""strength"": ""weak"", ""aspect"": ""general"", ""source"": ""context_guard"", ""tag"": ""busy_indirect_context"", ""start"": 91, ""end"": 92, ""is_active"": false, ""guard_reason"": ""busy_indirect_context"", ""term"": ""바쁘다"", ""category"": ""general""}]",[],고기 맛있다:+1[token] | 떨어지다:-1[token] | 싫어지다:-1[token] | 맛없다:-2[token] | 음식 품질 긍정:+1[food_quality_positive_pattern] | 맛있음:+1[food_positive_phrase] | 명시적 음식 부정 결론:-2[active_food_negative_conclusion] | 좋다:1->0[suppressed_by_phrase_rule] | 바쁘다:-1->0[busy_indirect_context],-1.0,0.0,0.0,0.0,0.0,0.0,0.0,0.0,-2.0,고기 맛있다:+1[token] 맛없다:-2[token] 음식 품질 긍정:+1[food_quality_positive_pattern] 맛있음:+1[food_positive_phrase] 명시적 음식 부정 결론:-2[active_food_negative_conclusion],,,,,,,,떨어지다:-1[token] 싫어지다:-1[token] 좋다:1->0[suppressed_by_phrase_rule] 바쁘다:-1->0[busy_indirect_context]
kakao,훼미리손칼국수보쌈,"지나다니면서 보니 웨이팅까지 하면서?... 오늘 처음 오픈런을 해봤.... 칼국수용 김치와 숙육용 김치가 다른데 둘다 좋았다. 오랜시간동안 자연스레 쌓아온 김치내공~ 요즘 또 배추가 제일 맛있을때라 그런지 적지도 과히지도 않은 맵기에 짠기가 생배추와 맞물려 조합이 좋았다. 생배추를 내놓는 집은 무.김치에 자신이 있다는 뜻으로도 해석할 수 있겠다.... 외국인들도 찾는곳이라 그런걸 수 있겠지만 식사중 밑바닥에 깔린 머리카락의 출현에 사장님이 군말없이 수육을 새 음식으로 내어주시면서 ""죄송합니다 ""라고 하시는데~ 웨이팅도 길고 또 그안에 진심이 충분히 담겨있어서... '친절한 집이구나~'라 대부분 느꼈을 것을... 그렇다... 보쌈 수육. 만들기는 과정이 쉽지 않은 음식중하나다. 모든 음식이 그렇겠지만 단순히 삶는다고해서 만들지는 음식은 아니다. 맛등 여러가지 있겠지만 어딜가나 거기서 거기라고 생각할 수 있지만 손님을 대하는, 음식을 대하는 태도를 오랜세월 잘 만들고 가꿔온 그런 느낌을 받은 집이다. 이곳 관계자와의 일절 관계가 없으면, 후기이벤트와 상관없이 작성된 후기임. (수육접시는 중간에 바꿔줘서 작아짐)",지나다 보다 웨이팅 오늘 처음 오픈런 해봤다 칼국수 김치 숙육 김치 다르다 두다 좋다 시간 동안 자연스레 쌓다 김치 내공 요즘 배추 제일 맛있다 그렇다 적지 지도 않다 매다 짜다 배추 맞다 물리다 조합 좋다 배추 내놓다 집다 김치 자신 해석 외국인 찾다 식사 밑바닥 깔리다 머리카락 출현 사장 군말 없이 수육 음식 내다 죄송하다 웨이팅 길다 진심 충분하다 담기다 친절하다 대부분 느끼다 그렇다 보쌈 수육 만들기 과정 쉬다 않다 음식 하나 모든 음식 그렇다 단순하다 삶다 만들다 음식 아니다 맛등 여러가지 어딜 가나 거기 거기 생각 손님 대하 음식 대하 태도 세월 자다 만들다 가꾸다 그렇다 느낌 받다 관계자 일절 관계 후기 이벤트 상관없다 작성 후기 접시 중간 바꾸다 작아지다,지나다 보다 웨이팅 오늘 처음 오픈런 해봤다 칼국수 김치 숙육 김치 다르다 두다 좋다 시간 동안 자연스레 쌓다 김치 내공 요즘 배추 제일 맛있다 그렇다 적지 지도 않다 매다 짜다 배추 맞다 물리다 조합 좋다 배추 내놓다 집다 김치 자신 해석 외국인 찾다 식사 밑바닥 깔리다 머리카락 출현 사장 군말 없이 수육 음식 내다 죄송하다 웨이팅 길다 진심 충분하다 담기다 친절하다 대부분 느끼다 그렇다 보쌈 수육 만들기 과정 쉬다 않다 음식 하나 모든 음식 그렇다 단순하다 삶다 만들다 음식 아니다 맛등 여러가지 어딜 가나 거기 거기 생각 손님 대하 음식 대하 태도 세월 자다 만들다 가꾸다 그렇다 느낌 받다 관계자 일절 관계 후기 이벤트 상관없다 작성 후기 접시 중간 바꾸다 작아지다,5.0,1.5,positive,3.5,3.0,positive_floor_blocked[active_negative_evidence] | sentiment_cap:3.0[hygiene_strong_negative],2.0,2.0,0,1,4,4,0,1,2,3,5,4,0,0,0,1,2,2.0,1.5,-2.0,"[{""text"": ""제일 맛있다"", ""normalized_text"": ""제일 맛있다"", ""score"": 2.0, ""original_score"": 2.0, ""polarity"": ""positive"", ""strength"": ""strong"", ""aspect"": ""food"", ""source"": ""dictionary"", ""tag"": ""token"", ""start"": 22, ""end"": 24, ""is_active"": true, ""guard_reason"": null, ""term"": ""제일 맛있다"", ""category"": ""food""}, {""text"": ""웨이팅 길다"", ""normalized_text"": ""웨이팅 길다"", ""score"": -0.5, ""original_score"": -1.0, ""polarity"": ""negative"", ""strength"": ""weak"", ""aspect"": ""wait"", ""source"": ""dictionary"", ""tag"": ""token"", ""start"": 55, ""end"": 57, ""is_active"": true, ""guard_reason"": null, ""term"": ""웨이팅 길다"", ""category"": ""wait""}, {""text"": ""짜다"", ""normalized_text"": ""짜다"", ""score"": -1.0, ""original_score"": -1.0, ""polarity"": ""negative"", ""strength"": ""normal"", ""aspect"": ""food"", ""source"": ""dictionary"", ""tag"": ""token"", ""start"": 29, ""end"": 30, ""is_active"": true, ""guard_reason"": null, ""term"": ""짜다"", ""category"": ""food""}, {""text"": ""죄송하다"", ""normalized_text"": ""죄송하다"", ""score"": -1.0, ""original_score"": -1.0, ""polarity"": ""negative"", ""strength"": ""normal"", ""aspect"": ""service"", ""source"": ""dictionary"", ""tag"": ""token"", ""start"": 54, ""end"": 55, ""is_active"": true, ""guard_reason"": null, ""term"": ""죄송하다"", ""category"": ""service""}, {""text"": ""충분하다"", ""normalized_text"": ""충분하다"", ""score"": 1.0, ""original_score"": 1.0, ""polarity"": ""positive"", ""strength"": ""normal"", ""aspect"": ""general"", ""source"": ""dictionary"", ""tag"": ""token"", ""start"": 58, ""end"": 59, ""is_active"": true, ""guard_reason"": null, ""term"": ""충분하다"", ""category"": ""general""}, {""text"": ""친절하다"", ""normalized_text"": ""친절하다"", ""score"": 1.0, ""original_score"": 1.0, ""polarity"": ""positive"", ""strength"": ""normal"", ""aspect"": ""service"", ""source"": ""dictionary"", ""tag"": ""token"", ""start"": 60, ""end"": 61, ""is_active"": true, ""guard_reason"": null, ""term"": ""친절하다"", ""category"": ""service""}, {""text"": ""음식을 잘 만들다"", ""normalized_text"": ""음식을 잘 만들다"", ""score"": 1.0, ""original_score"": 1.0, ""polarity"": ""positive"", ""strength"": ""normal"", ""aspect"": ""food"", ""source"": ""pattern_rule"", ""tag"": ""well_made_food_positive_pattern"", ""start"": null, ""end"": null, ""is_active"": true, ""guard_reason"": null, ""term"": ""음식을 잘 만들다"", ""category"": ""food""}, {""text"": ""음식 품질 긍정"", ""normalized_text"": ""음식 품질 긍정"", ""score"": 1.0, ""original_score"": 1.0, ""polarity"": ""positive"", ""strength"": ""normal"", ""aspect"": ""food"", ""source"": ""pattern_rule"", ""tag"": ""food_quality_positive_pattern"", ""start"": null, ""end"": null, ""is_active"": true, ""guard_reason"": null, ""term"": ""음식 품질 긍정"", ""category"": ""food""}, {""text"": ""명시적 위생 문제"", ""normalized_text"": ""명시적 위생 문제"", ""score"": -2.0, ""original_score"": -2.0, ""polarity"": ""negative"", ""strength"": ""strong"", ""aspect"": ""hygiene"", ""source"": ""context_guard"", ""tag"": ""active_hygiene_negative_conclusion"", ""start"": null, ""end"": null, ""is_active"": true, ""guard_reason"": null, ""term"": ""명시적 위생 문제"", ""category"": ""hygiene""}, {""text"": ""좋다"", ""normalized_text"": ""좋다"", ""score"": 0.0, ""original_score"": 1.0, ""polarity"": ""neutral"", ""strength"": ""weak"", ""aspect"": ""general"", ""source"": ""context_guard"", ""tag"": ""suppressed_by_phrase_rule"", ""start"": 13, ""end"": 14, ""is_active"": false, ""guard_reason"": ""suppressed_by_phrase_rule"", ""term"": ""좋다"", ""category"": ""general""}]",[],제일 맛있다:+2[token] | 웨이팅 길다:-0.5[token] | 짜다:-1[token] | 죄송하다:-1[token] | 충분하다:+1[token] | 친절하다:+1[token] | 음식을 잘 만들다:+1[well_made_food_positive_pattern] | 음식 품질 긍정:+1[food_quality_positive_pattern] | 명시적 위생 문제:-2[active_hygiene_negative_conclusion] | 좋다:1->0[suppressed_by_phrase_rule],3.0,0.0,0.0,0.0,-0.5,0.0,0.0,-2.0,1.0,제일 맛있다:+2[token] 짜다:-1[token] 음식을 잘 만들다:+1[well_made_food_positive_pattern] 음식 품질 긍정:+1[food_quality_positive_pattern],죄송하다:-1[token] 친절하다:+1[token],,,웨이팅 길다:-0.5[token],,,명시적 위생 문제:-2[active_hygiene_negative_conclusion],충분하다:+1[token] 좋다:1->0[suppressed_by_phrase_rule]
kakao,훼미리손칼국수보쌈,웨이팅 15분 정도. 서빙하시는 아주머니 반말하셔서 기분나빴음. 사장님은 친절하심. 보쌈이 진짜 맛있었음. 김치도 3가지나 나옴 칼국수는 그냥 서비스라 먹음 사리곰탕+오뚜기스프에 물탄맛? 암튼 칼국수 먹는 곳은 아님,웨이 정도 서빙 아주머니 반말 기분 나쁘다 사장 친절하다 보쌈 진짜 맛있다 김치 가지 나오다 칼국수 그냥 서비스 먹음 사리곰탕 오뚜기 스프 물탄 암튼 칼국수 먹다 아니다,웨이 정도 서빙 아주머니 반말 기분 나쁘다 사장 친절하다 보쌈 진짜 맛있다 김치 가지 나오다 칼국수 그냥 서비스 먹음 사리곰탕 오뚜기 스프 물탄 암튼 칼국수 먹다 아니다,4.0,1.0,positive,3.44,3.44,,0.56,0.56,0,1,1,1,0,1,0,0,2,1,0,0,0,0,0,0.0,1.0,0.0,"[{""text"": ""기분 나쁘다"", ""normalized_text"": ""기분 나쁘다"", ""score"": -2.0, ""original_score"": -2.0, ""polarity"": ""negative"", ""strength"": ""strong"", ""aspect"": ""service"", ""source"": ""dictionary"", ""tag"": ""token"", ""start"": 5, ""end"": 7, ""is_active"": true, ""guard_reason"": null, ""term"": ""기분 나쁘다"", ""category"": ""service""}, {""text"": ""사장 친절하다"", ""normalized_text"": ""사장 친절하다"", ""score"": 1.0, ""original_score"": 1.0, ""polarity"": ""positive"", ""strength"": ""normal"", ""aspect"": ""service"", ""source"": ""dictionary"", ""tag"": ""token"", ""start"": 7, ""end"": 9, ""is_active"": true, ""guard_reason"": null, ""term"": ""사장 친절하다"", ""category"": ""service""}, {""text"": ""진짜 맛있다"", ""normalized_text"": ""진짜 맛있다"", ""score"": 2.0, ""original_score"": 2.0, ""polarity"": ""positive"", ""strength"": ""strong"", ""aspect"": ""food"", ""source"": ""dictionary"", ""tag"": ""token"", ""start"": 10, ""end"": 12, ""is_active"": true, ""guard_reason"": null, ""term"": ""진짜 맛있다"", ""category"": ""food""}]",[],기분 나쁘다:-2[token] | 사장 친절하다:+1[token] | 진짜 맛있다:+2[token],2.0,-1.0,0.0,0.0,0.0,0.0,0.0,0.0,0.0,진짜 맛있다:+2[token],기분 나쁘다:-2[token] 사장 친절하다:+1[token],,,,,,,
