split,platform,store_name,account_id,account_review_count,visit_date,visit_count,review_text,review_length,has_photo,rating,account_avg_rating,trust_score,manual_label,pred_label,trust_reasons,has_generic_praise,generic_count,generic_without_detail,has_number_detail,number_detail_count,first_visit,revisit,account_review_count_is_1,account_review_count_under_5,account_review_count_under_10,account_review_count_over_50,account_review_count_over_100,error_direction,error_type
train,naver,태양곱창 성수점,혬이다,6,2026-03-21,1.0,성수에서 유명한 곱창집이여서 와봤습니다! 곱창 정말 맛있고 막창도 정말 맛있었어요ㅎㅎ 양도많고 배부르게 먹었습니다!,64,1,,,-3.5,1,0,strong_generic_praise:-1 | no_number_detail_with_praise:-1 | account_review_count_under_10:-1 | first_visit_short:-1.5 | has_menu:+1.5 | has_photo:+0.5 | naver_first_visit_short_praise:-1,1,2,0,0,0,1,0,0,0,1,0,0,FN: 실제 리뷰를 가짜로 분류,일반적 칭찬 표현으로 인한 오분류
train,naver,조선시대,mov,9,2026-04-18,1.0,맛차막걸리가 엄청 크리미하고 맛잇어요 또 올게요 이거먹으러,32,1,,,-7.0,1,0,generic_without_detail:-3 | no_number_detail_with_praise:-1 | account_review_count_under_10:-1 | first_visit_short:-1.5 | has_photo:+0.5 | naver_first_visit_short_praise:-1,1,1,1,0,0,1,0,0,0,1,0,0,FN: 실제 리뷰를 가짜로 분류,일반적 칭찬 표현으로 인한 오분류
train,naver,할머니의 레시피,딸기무화과사과,305,2025-11-02,1.0,쌈밥정식 15000원 한우떡갈비정식 17000원 직화바싹불고기 23000원 백명란무염버터 5000원,55,1,,,4.0,0,1,first_visit_short:-1.5 | has_menu:+1.5 | has_number_detail:+2 | account_review_count_over_100:+1.5 | has_photo:+0.5,0,0,0,1,4,1,0,0,0,0,1,1,FP: 가짜 리뷰를 실제로 분류,숫자 정보 과대 반영
train,kakao,금금 성수점,로구꺼이양고 - 초정밀리뷰,93,2026-02-28,,3.8점 깔끔한 퓨전 한식집,15,0,4.0,3.1,2.5,0,1,short_review:-1 | has_menu:+1.5 | category_count:+1 | account_review_count_over_50:+1,0,0,0,0,0,0,0,0,0,0,1,0,FP: 가짜 리뷰를 실제로 분류,기타 FP 오분류
train,naver,각시보쌈,likeorhate,10,2026-04-28,1.0,밥먹는 중에 찌개에서 이물질이 나와 사장님으로 보이는 분께 말씀드렸더니 참치에서 나올수있는 이물질이다라는 식의 말도안되는 이상한 핑계를 대시면서 그럴수도 있지라는 엉뚱한 대처로 적당히 대충 마무리 하시길래 정상적인 대화가 어려울거같아 그냥 리뷰로 남깁니다. 사과만 똑바로해주셨다면 워낙 유명한 집이고 항시 바쁜데다 보니 하시다보면 그럴수도있지라고 생각하고 넘어갈수있는 상황임에도 굳이 저렇게 이상한 응대를 하는건 상식적으로 좀 아닌거같습니다. 다들 식사하실때 이물질없는지 음식 잘보시고 확인하고 드시길.,281,1,,,-0.5,1,0,no_number_detail_with_praise:-1 | first_visit:-0.5 | generic_negative_without_detail:-2 | has_menu:+1.5 | category_count:+1 | has_photo:+0.5,1,1,0,0,0,1,0,0,0,0,0,0,FN: 실제 리뷰를 가짜로 분류,일반적 칭찬 표현으로 인한 오분류
train,naver,금금 성수점,seohyeonie,34,2026-03-07,1.0,음식도 정갈하고 직원분들도 친절하세요!! 친구랑 같이 저녁으로 밥 먹기 좋은 장소인거 같아요~~ 다음에 성수 오면 또 올거 같아요!! 추천해용🤍🤍,81,1,,,0.0,0,1,strong_generic_praise:-1 | no_number_detail_with_praise:-1 | first_visit:-0.5 | category_count:+2 | has_photo:+0.5,1,2,0,0,0,1,0,0,0,0,0,0,FP: 가짜 리뷰를 실제로 분류,메뉴 언급 과대 반영
train,kakao,대성갈비,ㅅㅎ,8,2025-04-19,,서비스 많이 안 좋습니다 ㅠㅠ 아주머니 말도 많으시고 굽는거 개입하셔서 더 맛 없어지고 현금영수증 해주는 법도 모르시더라구요 ㅠㅠ 대체재가 많으니 굳이 시간 낭비마세여 ㅠㅠ,96,0,2.0,2.3,-2.0,1,0,strong_generic_praise:-1 | no_number_detail_with_praise:-1 | account_review_count_under_10:-1 | category_count:+1,1,2,0,0,0,0,0,0,0,1,0,0,FN: 실제 리뷰를 가짜로 분류,일반적 칭찬 표현으로 인한 오분류
train,kakao,태양곱창 성수점,xing757,1,2025-02-26,,점심부터 곱창 먹을 수 있어서 너무 좋아요ㅠㅠ 어제부터 곱창 먹고 싶었는데 역시 맛있네요ㅠㅠ 맛은 자극적이지 않고 계속 숟가락이 가게 하는 맛이에요~너무 무겁지 않고 가볍게 맛있게 먹기 좋아요!!,109,0,5.0,5.0,-2.5,1,0,strong_generic_praise:-1 | no_number_detail_with_praise:-1 | account_review_count_is_1:-3 | has_menu:+1.5 | category_count:+1,1,4,0,0,0,0,0,1,1,1,0,0,FN: 실제 리뷰를 가짜로 분류,일반적 칭찬 표현으로 인한 오분류
train,naver,홍대 육지,jun****,8,2026-04-30,1.0,리뷰 저 안쓰는데 여기는 안쓸 수가 없네요.. 너무 맛있었어요 직원분도 너무 친절하시고 매장도 너무 넓어서 편하게 식사할 수 있었습니다,75,1,,,-3.0,1,0,strong_generic_praise:-1 | no_number_detail_with_praise:-1 | account_review_count_under_10:-1 | first_visit_short:-1.5 | category_count:+2 | has_photo:+0.5 | naver_first_visit_short_praise:-1,1,2,0,0,0,1,0,0,0,1,0,0,FN: 실제 리뷰를 가짜로 분류,일반적 칭찬 표현으로 인한 오분류
train,naver,태양곱창 성수점,이수찬21,7,2026-03-27,1.0,고기 잡내가 하나도 안 내요~ 너무 맛있어요~,25,1,,,-4.5,1,0,short_review:-1 | short_generic_review:-2 | no_number_detail_with_praise:-1 | account_review_count_under_10:-1 | first_visit_short:-1.5 | has_menu:+1.5 | category_count:+1 | has_photo:+0.5 | naver_first_visit_short_praise:-1,1,1,0,0,0,1,0,0,0,1,0,0,FN: 실제 리뷰를 가짜로 분류,일반적 칭찬 표현으로 인한 오분류
train,kakao,굴다리식당,준범,29,2025-08-27,,반찬도 맛있었고 음식도 먹을만했음~! 친구 집 놀러갔다가 근처에서 한끼 뚝딱 떼웠습니다,48,1,4.0,4.7,2.0,0,1,no_number_detail_with_praise:-1 | has_menu:+1.5 | category_count:+1 | has_photo:+0.5,1,1,0,0,0,0,0,0,0,0,0,0,FP: 가짜 리뷰를 실제로 분류,방문 맥락 표현 과대 반영
train,kakao,능동미나리 성수점,미리,63,2026-02-25,,전골 얼큰하게해서 칼국수면 넣어먹으니 극락가네요... 최고입니당👍👍,37,1,5.0,4.3,1.0,0,1,no_number_detail_with_praise:-1 | has_menu:+1.5 | account_review_count_over_50:+1 | has_photo:+0.5 | kakao_5star_short_praise:-1,1,1,0,0,0,0,0,0,0,0,1,0,FP: 가짜 리뷰를 실제로 분류,메뉴 언급 과대 반영
train,naver,태양곱창 성수점,배고파z,1081,2026-03-17,7.0,곱창 국밥 쵝오,8,1,,,2.5,0,1,short_review:-1 | ultra_short_review:-1 | has_menu:+1.5 | revisit:+1 | account_review_count_over_100:+1.5 | has_photo:+0.5,0,0,0,0,0,0,1,0,0,0,1,1,FP: 가짜 리뷰를 실제로 분류,메뉴 언급 과대 반영
train,naver,금금 성수점,jmy****,5,2026-03-14,1.0,"갈비맛이 찐하게 나는 덮밥과 명란 맛이 나는 부드러운 감자전 맛있엇습니다. 감자전의 소스는 느끼하지 않게 아주 살짝 맵게되어 먹기 좋았습니다. 들기름 막국수도 향이 아주 좋고, 수육은 이벤트로 맛있게 먹었습니다!~ 다음에도 또 방문할 것 같아요",136,1,,,-1.5,1,0,strong_generic_praise:-1 | no_number_detail_with_praise:-1 | account_review_count_under_5:-2 | first_visit:-0.5 | event_word:-2 | has_menu:+1.5 | category_count:+1 | has_detailed_negative:+2 | has_photo:+0.5,1,3,0,0,0,1,0,0,1,1,0,0,FN: 실제 리뷰를 가짜로 분류,일반적 칭찬 표현으로 인한 오분류
train,naver,소문난성수감자탕,Soepictoday,355,2026-01-31,2.0,맛이 진하고 양이 많고 맛있는 편이에요. 육수 리필되서 좋고 웨이팅많지만 회전율 좋아서 빨리 빠져요.,56,1,,,5.5,0,1,strong_generic_praise:-1 | no_number_detail_with_praise:-1 | has_menu:+1.5 | category_count:+1 | has_detailed_negative:+2 | revisit:+1 | account_review_count_over_100:+1.5 | has_photo:+0.5,1,2,0,0,0,0,1,0,0,0,1,1,FP: 가짜 리뷰를 실제로 분류,방문 맥락 표현 과대 반영
train,naver,원조 조박집 본관,eun****,242,2026-01-03,2.0,언제나 한결같이 맛있음.친절도 서비스 아주 좋아요.돼지갈비로는 서울에서 탑3안에 반드시 있음.최상급 굿굿굿,59,0,,,3.0,0,1,strong_generic_praise:-1 | no_number_detail_with_praise:-1 | has_menu:+1.5 | category_count:+1 | revisit:+1 | account_review_count_over_100:+1.5,1,6,0,0,0,0,1,0,0,0,1,1,FP: 가짜 리뷰를 실제로 분류,방문 맥락 표현 과대 반영
train,naver,금금 성수점,띵하고어지럽네,90,2026-04-07,1.0,오래된 곳인데 이유가 있네요 담백하고 건강한데 밋밋한 맛이 아닌 정갈하고 약간의 msg가 감칠맛을 주네요 수육도 맛있는데 좀 더 두꺼우면 육즙과 식감이 배로 좋아질 것 같습니다:&gt;,103,1,,,1.5,0,1,strong_generic_praise:-1 | no_number_detail_with_praise:-1 | first_visit:-0.5 | has_menu:+1.5 | category_count:+1 | account_review_count_over_50:+1 | has_photo:+0.5,1,2,0,0,0,1,0,0,0,0,1,0,FP: 가짜 리뷰를 실제로 분류,메뉴 언급 과대 반영
train,kakao,쭌곱창,문동윤,2,2025-12-18,,사장님과 직원분들이 친절하셔서 처음 방문했는데도 편하게 주문하고 즐길 수 있었어요. 곱창이랑 위에 우삼겹 너무 맛있어요 ㅎㅎ,69,1,5.0,5.0,-2.0,1,0,strong_generic_praise:-1 | no_number_detail_with_praise:-1 | account_review_count_under_5:-2 | has_menu:+1.5 | category_count:+1 | has_photo:+0.5 | kakao_5star_short_praise:-1,1,2,0,0,0,0,0,0,1,1,0,0,FN: 실제 리뷰를 가짜로 분류,일반적 칭찬 표현으로 인한 오분류
train,kakao,할머니의 레시피,로즈마리,1,2026-04-17,,첫방문. 주인같아 보이는 40대 남자 직원이 두명 좌석을 권해줬으나 좁아서 넓은 자리로 앉겠다고 했더니 다른 사람들도 다 그렇게 앉는다고 자기네는 10년 넘게 그렇게 해왔다고 하길래 그건좀 개선해야 할것같다고 했더니 그 방침은 바꿀 생각이 없다며 자기 기분 나쁘다고 주문도 안받음. 어이가 없었지만 기왕에 검색해서 멀리에서 찾아온 것이니 식사나 하고 가려고 알바에게 주문 했는데 주인같이 보이는 그 남자분이 다시와서 다른 식당으로 가라고 쫓아냈음. 세상 살다살다 이런 식당은 처음가봄. 내 인생 최악의 식당. 처음간 성수동의 이미지까지 나쁘게 버려놓는 식당임. 식사도 못하고 쫓겨나서 음식이 얼마나 맛있는지 모르겠으나 장사 이전에 서비스의 기본부터 갖추시길!,368,0,1.0,1.0,-2.5,1,0,no_number_detail_with_praise:-1 | account_review_count_is_1:-3 | generic_negative_without_detail:-2 | has_menu:+1.5 | category_count:+2,1,1,0,0,0,0,0,1,1,1,0,0,FN: 실제 리뷰를 가짜로 분류,일반적 칭찬 표현으로 인한 오분류
train,kakao,태양곱창 성수점,지혜,2,2025-10-09,,잡내 ○○○ 남 진짜 다 남기고 옴,19,0,1.0,3.0,0.0,0,1,short_review:-1 | account_review_count_under_5:-2 | category_count:+1 | has_detailed_negative:+2,0,0,0,0,0,0,0,0,1,1,0,0,FP: 가짜 리뷰를 실제로 분류,기타 FP 오분류
train,kakao,성수족발,맛집의맛TV,158,2025-10-04,,이게 족발인지….탕후루인지….,16,0,2.0,4.5,2.0,0,1,short_review:-1 | has_menu:+1.5 | account_review_count_over_100:+1.5,0,0,0,0,0,0,0,0,0,0,1,1,FP: 가짜 리뷰를 실제로 분류,메뉴 언급 과대 반영
train,kakao,능동미나리 성수점,스스,52,2025-08-06,,글쎄올시다~ 감자탕으로 가세요 줄 금방 줄어듬,25,0,3.0,3.4,-2.0,1,0,short_review:-1 | low_information_review:-2 | account_review_count_over_50:+1,0,0,0,0,0,0,0,0,0,0,1,0,FN: 실제 리뷰를 가짜로 분류,메뉴 언급 반영 부족
train,kakao,대성갈비,스톤,124,2025-10-04,,맛있습니다 기본내공 있는집이라 아주 잘먹고왔습니다ㅋㅋ 고기 잘 못굽고 예민한분들은 상성에 잘 안맞을듯해요ㅋㅋ 이모님 간섭을 많이하심,73,1,4.0,3.8,2.5,0,1,no_number_detail_with_praise:-1 | has_menu:+1.5 | account_review_count_over_100:+1.5 | has_photo:+0.5,1,1,0,0,0,0,0,0,0,0,1,1,FP: 가짜 리뷰를 실제로 분류,메뉴 언급 과대 반영
train,naver,락희옥 마포본점,기하나비,19,2026-02-20,1.0,미쳤어요!!! 쌰갈 사장님이 미쳤어요!!! 배고픈 중생 셋이서 방문했다가 사진 찍는거 깜빡하규 먹다가 찍었습니다 허허 너무 맛있어요 양도 짱많고 너무 친철하십니다. 데이트 친목 모임 전부 하기에 좋습니다! 꼭 방문하세요!!,124,1,,,1.5,0,1,strong_generic_praise:-1 | no_number_detail_with_praise:-1 | first_visit:-0.5 | has_menu:+1.5 | category_count:+2 | has_photo:+0.5,1,3,0,0,0,1,0,0,0,0,0,0,FP: 가짜 리뷰를 실제로 분류,방문 맥락 표현 과대 반영
train,naver,소문난성수감자탕,빌리코건1,505,2025-11-09,1.0,"고기가 너무 부드러워서 좋았고, 소스가 맛깔난다. 라면 사리랑 너무 잘 어울리고, 맛이 없을 수 없는 볶음밥으로 마무리 ㅎ 😊🥘🍜🍚🥄",74,1,,,-2.0,1,0,no_number_detail_with_praise:-1 | first_visit_short:-1.5 | generic_negative_without_detail:-2 | has_menu:+1.5 | account_review_count_over_100:+1.5 | has_photo:+0.5 | naver_first_visit_short_praise:-1,1,1,0,0,0,1,0,0,0,0,1,1,FN: 실제 리뷰를 가짜로 분류,일반적 칭찬 표현으로 인한 오분류
train,kakao,능동미나리 성수점,랄라,28,2026-02-27,,별로였어요,5,1,3.0,3.2,0.5,0,1,short_review:-1 | ultra_short_review:-1 | has_detailed_negative:+2 | has_photo:+0.5,0,0,0,0,0,0,0,0,0,0,0,0,FP: 가짜 리뷰를 실제로 분류,사진 등 메타데이터 과대 반영
train,kakao,훼미리손칼국수보쌈,뽈이,154,2025-07-11,,맛있지만 •• 비위생적이고 .. 처음 먹었을때의 그 감동이 사라졌어요 ㅜ ㅠ 그치만 가성비집이니깐 .. 노포 느낌으로 흐린눈 할 만 했습니다 •• 위생에 민감하시면 가지 마세용,98,0,3.0,3.4,-1.5,1,0,no_number_detail_with_praise:-1 | generic_negative_without_detail:-2 | account_review_count_over_100:+1.5,1,1,0,0,0,0,0,0,0,0,1,1,FN: 실제 리뷰를 가짜로 분류,일반적 칭찬 표현으로 인한 오분류
train,naver,락희옥 마포본점,lim****,5,2026-02-07,1.0,"와인이나 맥주와 함께 곁들이기에 딱 적당한 음식이 나오고, 와인/맥주 셀렉션도 꽤 다양하고 좋다. 만취하려는 게 아니고 반주로 가볍게 술을 하려거나, 술자리에서 안주로 식사까지 해결하는 데 딱 알맞은 곳. 육전과 김치메밀전병, 그리고 식사메뉴 중에 된장찌개 함께 나오는 부추된장비빔밥과 멍게비빕밥 시켜봤는데 입맛 돈다.",178,1,,,-0.5,1,0,account_review_count_under_5:-2 | first_visit:-0.5 | has_menu:+1.5 | has_photo:+0.5,0,0,0,0,0,1,0,0,1,1,0,0,FN: 실제 리뷰를 가짜로 분류,메뉴 언급 반영 부족
train,kakao,금금 성수점,금독기,46,2025-01-24,,감자전을 꼭 먹어야만,11,1,5.0,4.9,1.0,0,1,short_review:-1 | has_menu:+1.5 | has_photo:+0.5,0,0,0,0,0,0,0,0,0,0,0,0,FP: 가짜 리뷰를 실제로 분류,사진 등 메타데이터 과대 반영
train,kakao,대성갈비,12-Dec,232,2026-01-16,,수다떠느라 고기 다태우고있으니까 헐레벌떡오셔서 챙겨주심,30,1,4.0,4.2,3.5,0,1,has_menu:+1.5 | account_review_count_over_100:+1.5 | has_photo:+0.5,0,0,0,0,0,0,0,0,0,0,1,1,FP: 가짜 리뷰를 실제로 분류,메뉴 언급 과대 반영
train,kakao,태양곱창 성수점,미춌나봐!,103,2025-06-20,,별로핑 ㅠㅠㅠㅠ전골먹으러 함 가보고싶 볶음밥별로핑 치즈추가 존막핑,36,1,1.0,3.9,3.5,0,1,has_menu:+1.5 | account_review_count_over_100:+1.5 | has_photo:+0.5,0,0,0,0,0,0,0,0,0,0,1,1,FP: 가짜 리뷰를 실제로 분류,메뉴 언급 과대 반영
train,kakao,홍대 조선시대,이소민,11,2026-05-01,,분위기 좋고 데이트하기 너무 좋아요👍👍부대찌개도 푸짐하고 너무 맛있었어요ㅎㅎㅎ,43,1,5.0,5.0,1.0,0,1,strong_generic_praise:-1 | no_number_detail_with_praise:-1 | has_menu:+1.5 | category_count:+2 | has_photo:+0.5 | kakao_5star_short_praise:-1,1,2,0,0,0,0,0,0,0,0,0,0,FP: 가짜 리뷰를 실제로 분류,메뉴 언급 과대 반영
train,kakao,성수족발,폭식주의보,664,2026-02-07,,"친절 주차불가 (오래전 처음먹고, 우와~ 하던맛은 아님)",31,0,4.0,4.2,3.0,0,1,no_number_detail_with_praise:-1 | has_menu:+1.5 | category_count:+1 | account_review_count_over_100:+1.5,1,1,0,0,0,0,0,0,0,0,1,1,FP: 가짜 리뷰를 실제로 분류,방문 맥락 표현 과대 반영
train,naver,마포양지설렁탕,대흥로,2860,2025-11-22,3.0,"오랫만에 이용했는데, 여전히 손님 많네요. 잘 먹었습니다",31,1,,,4.5,0,1,has_menu:+1.5 | revisit:+1 | account_review_count_over_100:+1.5 | has_photo:+0.5,0,0,0,0,0,0,1,0,0,0,1,1,FP: 가짜 리뷰를 실제로 분류,방문 맥락 표현 과대 반영
train,naver,금금 성수점,ddessr,25,2026-04-03,1.0,"와… 여기 진짜 미쳤어요;; 그냥 배 채우려고 들어왔는데 인생 맛집 발견한 기분…🤤 한입 먹자마자 ‘아 여기 찐이다’ 싶어서 계속 감탄하면서 먹었어요ㅋㅋ 음식 하나하나 정성 들어간 게 느껴지고 간도 완전 딱 맞아서 멈출 수가 없음…✨ 무엇보다 사장님 센스가 장난 아니세요ㅠㅠ 응대도 너무 기분 좋게 해주시고 세심하게 챙겨주셔서 먹는 내내 행복했어요🥹 분위기도 아늑하고 깔끔해서 그냥 앉아있는 것만으로도 힐링되는 느낌…💛 맛, 서비스, 분위기까지 완벽한 곳이라 재방문 100% 확정입니다🔥 다음엔 친구들 데리고 또 올게요!!",292,1,,,5.5,0,1,no_number_detail_with_praise:-1 | first_visit:-0.5 | has_menu:+1.5 | category_count:+3 | has_detailed_negative:+2 | has_photo:+0.5,1,1,0,0,0,1,0,0,0,0,0,0,FP: 가짜 리뷰를 실제로 분류,메뉴 언급 과대 반영
train,naver,원조 조박집 본관,프로필설정어려워요,1089,2025-12-10,3.0,맛있어서 종종 가는데 지난번보다 가격이 오른것같네요.,29,1,,,1.0,0,1,short_review:-1 | short_generic_review:-2 | no_number_detail_with_praise:-1 | has_detailed_negative:+2 | revisit:+1 | account_review_count_over_100:+1.5 | has_photo:+0.5,1,1,0,0,0,0,1,0,0,0,1,1,FP: 가짜 리뷰를 실제로 분류,방문 맥락 표현 과대 반영
train,kakao,소문난성수감자탕,유종애미,193,2025-03-14,,"딱히 특색 없는 맛+도떼기시장(정신 하나도 없음) 멀리서 굳이 갈 필요 없습니다. 마포구에서 여기까지 가본 후로, 감자탕 땡기는 날에 저는 동네 조마루 갑니다.",89,0,3.0,3.7,-2.5,1,0,generic_without_detail:-3 | no_number_detail_with_praise:-1 | account_review_count_over_100:+1.5,1,1,1,0,0,0,0,0,0,0,1,1,FN: 실제 리뷰를 가짜로 분류,일반적 칭찬 표현으로 인한 오분류
train,naver,금금 성수점,오비780,1088,2026-02-24,1.0,웨이팅은 평일 오후2시쯤 웨이팅 10분정도햇어요 테이블은 7개정도잇구 음식이 깔끔하고 맛잇어요! ^ㅠ^ 양념으로 밥도 비벼먹을수잇어서 좋앗어용 😝,81,1,,,8.5,0,1,first_visit:-0.5 | category_count:+3 | has_number_detail:+2 | has_detailed_negative:+2 | account_review_count_over_100:+1.5 | has_photo:+0.5,1,1,0,1,3,1,0,0,0,0,1,1,FP: 가짜 리뷰를 실제로 분류,숫자 정보 과대 반영
train,naver,금금 성수점,슬741,26,2026-02-09,1.0,음식이 다 맛있어요. 4명이라 예약하고갔는데 자리가 넓어서 좋았어요. 메뉴가 다 중복되는 맛이아니라 여러개를즐길수있어좋네요,68,1,,,1.0,0,1,strong_generic_praise:-1 | first_visit_short:-1.5 | category_count:+2 | has_number_detail:+2 | has_photo:+0.5 | naver_first_visit_short_praise:-1,1,3,0,1,1,1,0,0,0,0,0,0,FP: 가짜 리뷰를 실제로 분류,숫자 정보 과대 반영
train,naver,일등식당,디노빠샤,903,2026-03-06,1.0,재재재방문입니다... 웨이팅 열기가 좀 사그라져서 다행입니다.하하 암때나 편하게와서 먹을수있음 좋겠어요.. 유투버들 그만오세요....ㅎㅎㅎㅎ,78,1,,,3.5,0,1,first_visit_short:-1.5 | category_count:+1 | has_detailed_negative:+2 | account_review_count_over_100:+1.5 | has_photo:+0.5,0,0,0,0,0,1,0,0,0,0,1,1,FP: 가짜 리뷰를 실제로 분류,방문 맥락 표현 과대 반영
train,kakao,보끔당 성수점,포요요,1,2026-02-25,,묵은지순살 맛있었는데 묵은지가 생각보다 꽤 셔요 ㅜ 일반을 더 추천드립니다 🥰🥰 #보끔당 #보끔당닭볶음탕 #보끔당성수,65,1,5.0,5.0,-6.5,1,0,strong_generic_praise:-1 | no_number_detail_with_praise:-1 | account_review_count_is_1:-3 | has_photo:+0.5 | kakao_5star_short_praise:-1 | kakao_high_avg_short_low_specificity:-1,1,2,0,0,0,0,0,1,1,1,0,0,FN: 실제 리뷰를 가짜로 분류,일반적 칭찬 표현으로 인한 오분류
train,kakao,옥동식 서교점,Bai,2,2026-01-26,,"Don't misunderstand me, i leave one star review just because the worst review im able to leave is one star. The whole setting and the service are not bad honestly, so don't take it personal, it's really not about service, the guy was really nice to me and answered us very fast, HOWEVER, Among all those restaurants, i've been to in Korea, i've never seen a thing like this, no taste at all, the whole thing(soup n sauce) just doesn't match, the rice was too chewy, It even covers all the flavor from the soup, by the way the soup have no flavor at all, all the flavor came from the pork elbow's grace, and the sauce came along is either way covers everything or barely nothing. So i highly recommend you not to go, not worth the waiting, not worth the money. As a foreigner, i have to download and register kakao for this whole thing. I had it enough. I rather give the service guy 50,000 to let him choose where to eat for lunch, i guarantee you he won't choose this place.",975,1,1.0,3.0,-1.5,1,0,account_review_count_under_5:-2 | has_photo:+0.5,0,0,0,0,0,0,0,0,1,1,0,0,FN: 실제 리뷰를 가짜로 분류,사진 등 메타데이터 반영 부족
train,kakao,태양곱창 성수점,플러스,1,2025-03-05,,성수역 곱창 맛집을 드디어 찾았어요!!잡내도 없고 사이드로 시킨 치즈감자전도 맛있어요ㅠ곱창이 넘 맛있어서 추천드리는 맛집입니다!!,72,0,5.0,5.0,-3.5,1,0,strong_generic_praise:-1 | no_number_detail_with_praise:-1 | account_review_count_is_1:-3 | has_menu:+1.5 | category_count:+1 | kakao_5star_short_praise:-1,1,5,0,0,0,0,0,1,1,1,0,0,FN: 실제 리뷰를 가짜로 분류,일반적 칭찬 표현으로 인한 오분류
train,naver,금금 성수점,민티블,18,2026-02-25,1.0,친구들이랑 성수에서 한식 먹고싶어서 갔는데 특이한 메뉴들도 많고 가격도 괜찮아서 좋았어요! 면 종류 두가지랑 양배추쌈밥 시켰는데 국수 면도 쫄깃하고 맛있고 쌈밥은 같이 간 친구들 다 맛있다고 해서 데려오길 잘했네요. 다음에 또 가보려구요!,133,1,,,3.5,0,1,strong_generic_praise:-1 | no_number_detail_with_praise:-1 | first_visit:-0.5 | has_menu:+1.5 | category_count:+2 | has_detailed_negative:+2 | has_photo:+0.5,1,3,0,0,0,1,0,0,0,0,0,0,FP: 가짜 리뷰를 실제로 분류,메뉴 언급 과대 반영
train,naver,할머니의 레시피,프림둘설탕둘,445,2025-04-16,1.0,분위기 좋아요😊 사람이 많아 약간 소음은 있지만 기다림에 가치 있는 맛집이에요! 가자미 구이 맛집이네요 요기 ❤️ 밥도 윤끼가 짜르르 ~ 호박죽은 식었지만 맛있어서 리필하고 싶었네요 ㅋㅋㅋ,105,1,,,3.5,0,1,strong_generic_praise:-1 | no_number_detail_with_praise:-1 | first_visit:-0.5 | category_count:+2 | has_detailed_negative:+2 | account_review_count_over_100:+1.5 | has_photo:+0.5,1,4,0,0,0,1,0,0,0,0,1,1,FP: 가짜 리뷰를 실제로 분류,메뉴 언급 과대 반영
train,naver,쭌곱창,22931,7,2026-04-25,1.0,고기에 불향이 입혀져있어서 너무 맛있습니다~ 오뎅탕도 맛있어요🤤,35,1,,,-3.5,1,0,strong_generic_praise:-1 | no_number_detail_with_praise:-1 | account_review_count_under_10:-1 | first_visit_short:-1.5 | has_menu:+1.5 | has_photo:+0.5 | naver_first_visit_short_praise:-1,1,2,0,0,0,1,0,0,0,1,0,0,FN: 실제 리뷰를 가짜로 분류,일반적 칭찬 표현으로 인한 오분류
train,kakao,성수족발,맛잘알랄렐로,48,2025-08-05,,음 맛잇을때가 잇고 그저그럴때가 있는듯? 평소엔 걍 존맛 입에서 살살녹아요; 여기꺼 먹으면 딴데꺼 못먹어요..그렇게 되고 싶으면 먹으세요.. 글고 돼지털도 잇어요 혹시 예민한 사람이면 싫어할듯,107,1,5.0,4.1,-4.5,1,0,strong_generic_praise:-1 | generic_without_detail:-3 | no_number_detail_with_praise:-1 | has_photo:+0.5,1,2,1,0,0,0,0,0,0,0,0,0,FN: 실제 리뷰를 가짜로 분류,일반적 칭찬 표현으로 인한 오분류
train,naver,금금 성수점,위르13,10,2026-04-10,1.0,색다른 메뉴에 익숙한 메뉴라도 아는 맛을 뛰어넘는 맛입니다. 넘 맛있습니다. 보리된장국수는 계속 생각날 것 같아요.,64,1,,,-6.0,1,0,generic_without_detail:-3 | no_number_detail_with_praise:-1 | first_visit_short:-1.5 | has_photo:+0.5 | naver_first_visit_short_praise:-1,1,1,1,0,0,1,0,0,0,0,0,0,FN: 실제 리뷰를 가짜로 분류,일반적 칭찬 표현으로 인한 오분류
train,kakao,소문난성수감자탕,최악만리뷰씀,4,2025-04-01,,일단 맛이 없음 양은 많음 불청결 불친절 바쁘지도 않은시간에 조선족 아줌마들 싸갈쓰가 바갈쓰에요~ 줄서서 갈집은 아닌듯 전반적인 평점 1점이 적당.,82,1,1.0,1.0,3.0,0,1,no_number_detail_with_praise:-1 | account_review_count_under_5:-2 | has_menu:+1.5 | category_count:+2 | has_detailed_negative:+2 | has_photo:+0.5,1,1,0,0,0,0,0,0,1,1,0,0,FP: 가짜 리뷰를 실제로 분류,사진 등 메타데이터 과대 반영
train,naver,을밀대 평양냉면,홍반장93,296,2026-03-10,1.0,동네맛집. 여름에는 난리부루스지만 지금은 편안하게 냉면 즐기기에 좋은 시기. 유명세만큼 맛있지만 취향은 각자. 굵고 쫄깃한 면발은 내취향 ㅎㅎ,79,1,,,-2.0,1,0,strong_generic_praise:-1 | no_number_detail_with_praise:-1 | first_visit_short:-1.5 | generic_negative_without_detail:-2 | has_menu:+1.5 | category_count:+1 | account_review_count_over_100:+1.5 | has_photo:+0.5 | naver_first_visit_short_praise:-1,1,2,0,0,0,1,0,0,0,0,1,1,FN: 실제 리뷰를 가짜로 분류,일반적 칭찬 표현으로 인한 오분류
train,kakao,대성갈비,레고레고,8,2025-12-31,,알바하시는 아주머니가 엉망이시네요.. 설명을 못하시면 가만히나 계시던가.. 다신 안옵니다,49,0,1.0,3.5,-2.0,1,0,account_review_count_under_10:-1 | generic_negative_without_detail:-2 | category_count:+1,0,0,0,0,0,0,0,0,0,1,0,0,FN: 실제 리뷰를 가짜로 분류,메뉴 언급 반영 부족
train,kakao,태양곱창 성수점,티미,1,2025-09-12,,왜 줄 서는지 모르겠음 알바생 응대 태도도 그렇고 음식도 별로임 다른데 가시길 돈 아까움,49,0,1.0,1.0,-4.0,1,0,account_review_count_is_1:-3 | generic_negative_without_detail:-2 | category_count:+1,0,0,0,0,0,0,0,1,1,1,0,0,FN: 실제 리뷰를 가짜로 분류,구체적 부정/혼합 의견 반영 부족
train,kakao,원조조박집 본관,능이,185,2025-05-12,,돼지갈비 싫어하는 엄마가 잘 드심,18,0,5.0,3.7,2.0,0,1,short_review:-1 | has_menu:+1.5 | account_review_count_over_100:+1.5,0,0,0,0,0,0,0,0,0,0,1,1,FP: 가짜 리뷰를 실제로 분류,기타 FP 오분류
train,naver,조선시대,yee****,10,2026-04-27,2.0,중학교 친구들이랑 오랜만에 서울에서 모여서 만난 술자리였는데 2차로 오기 너무 좋은 곳인 것 같아요!,56,0,,,4.0,0,1,category_count:+1 | has_number_detail:+2 | revisit:+1,0,0,0,1,1,0,1,0,0,0,0,0,FP: 가짜 리뷰를 실제로 분류,숫자 정보 과대 반영
train,naver,을밀대 평양냉면,프로리뷰져,688,2026-03-27,1.0,맛나다 유명 맛집은 다르다는 걸 알게되었다 주전자로 주는 사골육수도 좋았다,41,1,,,-1.0,1,0,strong_generic_praise:-1 | no_number_detail_with_praise:-1 | first_visit_short:-1.5 | has_menu:+1.5 | account_review_count_over_100:+1.5 | has_photo:+0.5 | naver_first_visit_short_praise:-1,1,2,0,0,0,1,0,0,0,0,1,1,FN: 실제 리뷰를 가짜로 분류,일반적 칭찬 표현으로 인한 오분류
train,naver,옥동식,지윤파파,1115,2026-02-19,1.0,음식이 깔끔해요 평양냉면 급,15,1,,,2.0,0,1,short_review:-1 | first_visit_short:-1.5 | has_menu:+1.5 | category_count:+1 | account_review_count_over_100:+1.5 | has_photo:+0.5,0,0,0,0,0,1,0,0,0,0,1,1,FP: 가짜 리뷰를 실제로 분류,메뉴 언급 과대 반영
train,kakao,굴다리식당,된장찌개 매니아,138,2026-04-21,,정말 엄청나게 시큼 새콤한 김치찌개,19,0,4.0,4.0,2.0,0,1,short_review:-1 | has_menu:+1.5 | account_review_count_over_100:+1.5,0,0,0,0,0,0,0,0,0,0,1,1,FP: 가짜 리뷰를 실제로 분류,메뉴 언급 과대 반영
train,kakao,홍대 조선시대,은지,1,2026-04-29,,헐 ~~ 진짜 맛있게 먹었어요 !! 분위기랑 인테리어가 정말 좋아요 !! 서비스 전병도 가득가득 주셨어요 !! 감사합니다 💖💖,70,1,5.0,5.0,1.0,0,1,strong_generic_praise:-1 | no_number_detail_with_praise:-1 | account_review_count_is_1:-3 | has_menu:+1.5 | category_count:+3 | has_detailed_negative:+2 | has_photo:+0.5 | kakao_5star_short_praise:-1,1,2,0,0,0,0,0,1,1,1,0,0,FP: 가짜 리뷰를 실제로 분류,방문 맥락 표현 과대 반영
train,kakao,태양곱창 성수점,슛슛,224,2026-04-06,,걍 그래여 한국인이라고 해도 달달외운 영어로만 씨부릴라하고,32,1,1.0,3.5,5.0,0,1,category_count:+1 | has_detailed_negative:+2 | account_review_count_over_100:+1.5 | has_photo:+0.5,0,0,0,0,0,0,0,0,0,0,1,1,FP: 가짜 리뷰를 실제로 분류,사진 등 메타데이터 과대 반영
train,kakao,이태리국시 성수,박현정,2,2026-03-28,,성수동에 왔다가 처음 들렸는데 숯불대창파스타 진짜 맛있네요. 피자도 색다르고 분위기도 좋아요. 추천합니다.,59,1,5.0,5.0,1.0,0,1,strong_generic_praise:-1 | no_number_detail_with_praise:-1 | account_review_count_under_5:-2 | has_menu:+1.5 | category_count:+2 | has_detailed_negative:+2 | has_photo:+0.5 | kakao_5star_short_praise:-1,1,3,0,0,0,0,0,0,1,1,0,0,FP: 가짜 리뷰를 실제로 분류,메뉴 언급 과대 반영
train,naver,금금 성수점,yeonni92,19,2026-03-07,1.0,이벤트 리뷰~ 맛보기 수육 이벤트 있어서 참여했습니다~방송에 나왔던 곳에 맞게 대기 웨이팅이 있었지만 생각보다 빠르게 입장했어요. 한식이지만 새롭게 해석한 맛이여서 맛있게 잘 먹었습니다! 한국식 마제소바는 색다른 맛이였고 신메뉴에 들어간 미나리 오일이 색달랐어요! 맛있게 잘 먹고 갑니닷😆😆,162,1,,,1.5,0,1,strong_generic_praise:-1 | no_number_detail_with_praise:-1 | first_visit:-0.5 | event_word:-2 | has_menu:+1.5 | category_count:+2 | has_detailed_negative:+2 | has_photo:+0.5,1,2,0,0,0,1,0,0,0,0,0,0,FP: 가짜 리뷰를 실제로 분류,방문 맥락 표현 과대 반영
train,kakao,마포양지설렁탕 도화점,냠냠학사,5,2026-03-11,,3.5점이 적합한듯. 신선어쩌구같은 유사사골 설렁탕이 아니라 딱 설렁탕 하면 생각나는 무난한 설렁탕. 밥을 많이 줌. 김치는 조금 익은 감이 있음,81,0,4.0,4.8,-0.5,1,0,account_review_count_under_5:-2 | has_menu:+1.5,0,0,0,0,0,0,0,0,1,1,0,0,FN: 실제 리뷰를 가짜로 분류,메뉴 언급 반영 부족
train,naver,소문난성수감자탕,두호야,26,2025-12-20,1.0,기대하고 갔는데 간이 삼삼하고 생각보다 흔한맛이였어요 회전율이 빠르고 시장에 밥 먹는 느낌 이였어요 외국인도 많아요,64,0,,,0.0,0,1,first_visit_short:-1.5 | has_menu:+1.5,0,0,0,0,0,1,0,0,0,0,0,0,FP: 가짜 리뷰를 실제로 분류,메뉴 언급 과대 반영
train,kakao,할머니의 레시피,먹보의하루,4,2025-08-07,,여자 혼자 가면 손님으로 안받고싶은가봐요. 자리부터 구석진 자리 앉히더니 아무리 기다려도 주문받으러 안오던데요. 계속 주문한다 소리쳐도 이쪽으로 쳐다를 안보고 개무시.. 다른 테이블 손님이 저분이 먼저 왔다고 알려줘서 그제서야 주문받으러 옴. 너무 안좋은 기억때문에 다신 안가고싶네요.,159,0,1.0,4.0,-4.0,1,0,account_review_count_under_5:-2 | generic_negative_without_detail:-2,0,0,0,0,0,0,0,0,1,1,0,0,FN: 실제 리뷰를 가짜로 분류,메뉴 언급 반영 부족
train,naver,조선시대,hae****,37,2026-04-27,3.0,여기 개맛있어요 3번째 방문임ㅋ 일단 복분자주 넘 먹고 싶었는데ㅠㅠ 여기에 팔아가주구 먹어줬습다,53,1,,,3.5,0,1,has_number_detail:+2 | revisit:+1 | has_photo:+0.5,1,1,0,1,1,0,1,0,0,0,0,0,FP: 가짜 리뷰를 실제로 분류,숫자 정보 과대 반영
train,kakao,이태리국시 성수,푸르미체고,3,2026-04-26,,진짜 너무 맛있었습니다 인생 파스타 될 것 같아요.. 💕,31,1,5.0,3.7,1.0,0,1,no_number_detail_with_praise:-1 | account_review_count_under_5:-2 | has_menu:+1.5 | category_count:+1 | has_detailed_negative:+2 | has_photo:+0.5 | kakao_5star_short_praise:-1,1,1,0,0,0,0,0,0,1,1,0,0,FP: 가짜 리뷰를 실제로 분류,메뉴 언급 과대 반영
train,naver,을밀대 평양냉면,한식을 먹자,197,2026-04-05,2.0,거냉으로 부탁드렸는데 그냥 주셨어요~ 하지만 고기 퀄리티도 좋고 잘 먹었습니다,43,1,,,2.5,0,1,generic_negative_without_detail:-2 | has_menu:+1.5 | revisit:+1 | account_review_count_over_100:+1.5 | has_photo:+0.5,0,0,0,0,0,0,1,0,0,0,1,1,FP: 가짜 리뷰를 실제로 분류,메뉴 언급 과대 반영
train,naver,옥동식,한스오션24,224,2026-03-01,1.0,맑은 돼지곰탕과 김치만두가 고급진 음식이었어요..,27,1,,,1.0,0,1,short_review:-1 | first_visit_short:-1.5 | has_menu:+1.5 | account_review_count_over_100:+1.5 | has_photo:+0.5,0,0,0,0,0,1,0,0,0,0,1,1,FP: 가짜 리뷰를 실제로 분류,메뉴 언급 과대 반영
train,naver,소문난성수감자탕,AK1093,65,2026-01-19,1.0,"역시 성수동 맛집 ! 너무 맛있어요 ! 양도 든든하고, 국물도 과하게 짜지 않아서 계속 들어갑니다 🤤 추운 날에 제격인 ! 회사 주변이어서 너무 신나요 🫶 또 먹으러 가야지 🩷",98,1,,,2.0,0,1,strong_generic_praise:-1 | no_number_detail_with_praise:-1 | first_visit:-0.5 | category_count:+1 | has_detailed_negative:+2 | account_review_count_over_50:+1 | has_photo:+0.5,1,2,0,0,0,1,0,0,0,0,1,0,FP: 가짜 리뷰를 실제로 분류,방문 맥락 표현 과대 반영
train,kakao,이태리국시 성수,Hyegyung,1,2026-04-12,,진짜 너무 맛있어요... 오랜만에 먹는 양식을 이태리국시로 정한 게 최고의 선택인 것 같아요 특히 파스타 면발이 대박이에요,68,1,5.0,5.0,-1.0,1,0,strong_generic_praise:-1 | no_number_detail_with_praise:-1 | account_review_count_is_1:-3 | has_menu:+1.5 | category_count:+1 | has_detailed_negative:+2 | has_photo:+0.5 | kakao_5star_short_praise:-1,1,3,0,0,0,0,0,1,1,1,0,0,FN: 실제 리뷰를 가짜로 분류,일반적 칭찬 표현으로 인한 오분류
train,kakao,능동미나리 성수점,진잼,12,2025-09-20,,가격이 저렴한 편은 아니나 맛있다. 외국인 손님이 많고 분위기는 시끌벅적하다.,43,1,4.0,4.2,2.5,0,1,no_number_detail_with_praise:-1 | category_count:+1 | has_detailed_negative:+2 | has_photo:+0.5,1,1,0,0,0,0,0,0,0,0,0,0,FP: 가짜 리뷰를 실제로 분류,방문 맥락 표현 과대 반영
train,naver,태양곱창 성수점,yumhee,177,2026-01-31,1.0,"가족들이랑 서울 여행와서 들렸는데 부모님, 동생 모두 맛있게 잘먹었습니다! 너무 만족해요!! 다음에도 재방문 할 것 같네요 ㅎㅎ 양도 넉넉해서 여럿이 오는 거 강퓨해요",93,1,,,1.5,0,1,no_number_detail_with_praise:-1 | first_visit:-0.5 | category_count:+1 | account_review_count_over_100:+1.5 | has_photo:+0.5,1,1,0,0,0,1,0,0,0,0,1,1,FP: 가짜 리뷰를 실제로 분류,방문 맥락 표현 과대 반영
train,naver,태양곱창 성수점,맛다시맛다시다,749,2026-04-08,2.0,곱창전골 맛있어요 술을 계속 부르는 안주 :),25,1,,,0.5,0,1,short_review:-1 | short_generic_review:-2 | no_number_detail_with_praise:-1 | has_menu:+1.5 | revisit:+1 | account_review_count_over_100:+1.5 | has_photo:+0.5,1,1,0,0,0,0,1,0,0,0,1,1,FP: 가짜 리뷰를 실제로 분류,메뉴 언급 과대 반영
train,kakao,보끔당 성수점,오뉴에몽,10,2025-04-17,,웨이팅 없는 성수맛집 귀하다 귀해 ••• 대창보끔 추천합니다 ~~👍👍,38,1,5.0,4.8,2.0,0,1,strong_generic_praise:-1 | no_number_detail_with_praise:-1 | has_menu:+1.5 | category_count:+1 | has_detailed_negative:+2 | has_photo:+0.5 | kakao_5star_short_praise:-1,1,2,0,0,0,0,0,0,0,0,0,0,FP: 가짜 리뷰를 실제로 분류,메뉴 언급 과대 반영
train,kakao,능동미나리 성수점,즈낙보아,110,2025-07-20,,비싸지만 맛은 있어요 ㅎ,13,1,5.0,4.6,3.0,0,1,short_review:-1 | has_detailed_negative:+2 | account_review_count_over_100:+1.5 | has_photo:+0.5,0,0,0,0,0,0,0,0,0,0,1,1,FP: 가짜 리뷰를 실제로 분류,사진 등 메타데이터 과대 반영
train,kakao,각시보쌈,솔직리뷰어,35,2025-12-05,,2시40분까지 라스트오더라고 늦을까봐.미리 주문하려고 전화했더니 인수 물어보더니 잠시만요 하고 갑자기 재료소진이라함 에바,67,0,1.0,4.9,5.5,0,1,has_menu:+1.5 | has_number_detail:+2 | has_detailed_negative:+2,0,0,0,1,2,0,0,0,0,0,0,0,FP: 가짜 리뷰를 실제로 분류,숫자 정보 과대 반영
train,kakao,성수족발,신종훈,345,2025-02-15,,달달하고 고소한 껍질이 인상적. 저렴하진 않지만 그에 상응하는 양.,37,1,4.0,4.3,5.0,0,1,category_count:+1 | has_detailed_negative:+2 | account_review_count_over_100:+1.5 | has_photo:+0.5,0,0,0,0,0,0,0,0,0,0,1,1,FP: 가짜 리뷰를 실제로 분류,사진 등 메타데이터 과대 반영
train,naver,태양곱창 성수점,Kmj112,20,2026-01-25,1.0,운좋게 토요일 저녁인데도 바로 입장했어요 잡내 안나고 양많아요 맛있어요!,40,1,,,-1.0,1,0,no_number_detail_with_praise:-1 | first_visit_short:-1.5 | category_count:+2 | has_photo:+0.5 | naver_first_visit_short_praise:-1,1,1,0,0,0,1,0,0,0,0,0,0,FN: 실제 리뷰를 가짜로 분류,일반적 칭찬 표현으로 인한 오분류
train,naver,태양곱창 성수점,oneianrel,26,2026-03-31,1.0,양 진짜 많아요 꼭 치즈도 추가해서 드세요ㅠㅜㅠ 다음에 성수오면 또 먹으러 와야겟어요,47,1,,,2.0,0,1,first_visit_short:-1.5 | category_count:+1 | has_detailed_negative:+2 | has_photo:+0.5,0,0,0,0,0,1,0,0,0,0,0,0,FP: 가짜 리뷰를 실제로 분류,메뉴 언급 과대 반영
train,kakao,훼미리손칼국수보쌈,내 이름은 대한민국만세!!,31,2026-03-16,,처음에는 평범한데 칼국수 국물이 최고! 밥을 말아 먹어도 최고의 국밥으로 변신! 또가고 싶어지는 마력을 가진 곳!,63,1,4.0,3.6,1.0,0,1,strong_generic_praise:-1 | no_number_detail_with_praise:-1 | has_menu:+1.5 | category_count:+1 | has_photo:+0.5,1,2,0,0,0,0,0,0,0,0,0,0,FP: 가짜 리뷰를 실제로 분류,메뉴 언급 과대 반영
train,kakao,이태리국시 성수,19391,2,2026-04-19,,진짜 넘 마싯슴 ㅎ 대창 별로 안좋아하는데도 너무 맛있게 먹었어용,36,1,5.0,3.0,0.0,0,1,strong_generic_praise:-1 | no_number_detail_with_praise:-1 | account_review_count_under_5:-2 | has_menu:+1.5 | category_count:+1 | has_detailed_negative:+2 | has_photo:+0.5 | kakao_5star_short_praise:-1,1,3,0,0,0,0,0,0,1,1,0,0,FP: 가짜 리뷰를 실제로 분류,메뉴 언급 과대 반영
train,kakao,황금콩밭,이혜경,1,2026-04-02,,두부 짜글이 진짜 맛있구요 특히 들기름향의 고소한 국물도 두부도 맛좋았습니다,42,0,5.0,5.0,-3.0,1,0,strong_generic_praise:-1 | no_number_detail_with_praise:-1 | account_review_count_is_1:-3 | category_count:+1 | has_detailed_negative:+2 | kakao_5star_short_praise:-1,1,2,0,0,0,0,0,1,1,1,0,0,FN: 실제 리뷰를 가짜로 분류,일반적 칭찬 표현으로 인한 오분류
train,naver,황금콩밭,노시13,3370,2026-03-10,1.0,웨이팅은 있었지만 두부가 담백하고 너무 맛나요.. 평일인데도 웨이팅이 왜 많은지 알 것 같아요,52,1,,,5.5,0,1,first_visit_short:-1.5 | category_count:+3 | has_detailed_negative:+2 | account_review_count_over_100:+1.5 | has_photo:+0.5,0,0,0,0,0,1,0,0,0,0,1,1,FP: 가짜 리뷰를 실제로 분류,방문 맥락 표현 과대 반영
train,kakao,육산장 홍대본점,abcd,1,2026-02-16,,캠핑장 온 분위기에 고기도 부드러워서 맛있었어요! 강아지도 올 수 있는 애견 동반 식당이라서 강아지 데려왔는데 조용하고 분위기가 좋아서 편하게 식사하고 왔습니다. 다음에도 홍대 고기먹으러오면 여기 무조건 또 오려구요!!👍👍,124,1,5.0,5.0,-2.0,1,0,strong_generic_praise:-1 | no_number_detail_with_praise:-1 | account_review_count_is_1:-3 | has_menu:+1.5 | category_count:+1 | has_photo:+0.5,1,2,0,0,0,0,0,1,1,1,0,0,FN: 실제 리뷰를 가짜로 분류,일반적 칭찬 표현으로 인한 오분류
train,naver,금금 성수점,a하쿠나마타라,10,2026-02-27,1.0,처음 와봤는데 색다른맛이네요ㅎ 묵은지의 신맛과 감칠맛이 맛나요ㅎㅎ 문어 비빔밥의 간장도 뭔가다른 것 같고... 다만..문어가 너무 조금 들어간게 아쉽네요... 국수는 한국식마제소바처럼 독특하게 맛있네요.,113,1,,,-1.5,1,0,no_number_detail_with_praise:-1 | first_visit:-0.5 | generic_negative_without_detail:-2 | has_menu:+1.5 | has_photo:+0.5,1,1,0,0,0,1,0,0,0,0,0,0,FN: 실제 리뷰를 가짜로 분류,일반적 칭찬 표현으로 인한 오분류
train,naver,금금 성수점,pokezzang33,32,2026-03-28,1.0,아이와 성수 나들이 와서 처음 먹은 곳!! 한식 + 고기 먹이고 싶은 마음에 찾아왔는데 너무 잘 먹었습니다! 아이도 너무 잘먹고 어른도 잘먹어서 메뉴 사진 하나 찍고 뒤에는 먹느라 사진 찍는것도 잊고 먹었네요!,117,1,,,1.5,0,1,first_visit:-0.5 | has_menu:+1.5 | has_photo:+0.5,0,0,0,0,0,1,0,0,0,0,0,0,FP: 가짜 리뷰를 실제로 분류,메뉴 언급 과대 반영
train,kakao,능동미나리 성수점,니가지으세요,58,2025-07-15,,양이 좀 적은데 가격은 비싸여 맛있긴 해욤,23,0,4.0,4.3,-1.0,1,0,short_review:-1 | short_generic_review:-2 | no_number_detail_with_praise:-1 | has_detailed_negative:+2 | account_review_count_over_50:+1,1,1,0,0,0,0,0,0,0,0,1,0,FN: 실제 리뷰를 가짜로 분류,일반적 칭찬 표현으로 인한 오분류
train,naver,홍대 육지,kay****,89,2026-04-29,1.0,지나가다 사람많고 분위기 좋아서 들어왔ㄴ ㄴ데 고기 맛있고 직원들 친절하고 좋아요 👍,47,1,,,0.5,0,1,strong_generic_praise:-1 | no_number_detail_with_praise:-1 | first_visit_short:-1.5 | has_menu:+1.5 | category_count:+2 | account_review_count_over_50:+1 | has_photo:+0.5 | naver_first_visit_short_praise:-1,1,4,0,0,0,1,0,0,0,0,1,0,FP: 가짜 리뷰를 실제로 분류,메뉴 언급 과대 반영
train,kakao,능동미나리 성수점,기억력이나빠만든맛지도,506,2025-06-20,,수육 몇점 나오고 엄청 비싼거 같에 흥..,23,0,5.0,4.4,2.0,0,1,short_review:-1 | has_menu:+1.5 | account_review_count_over_100:+1.5,0,0,0,0,0,0,0,0,0,0,1,1,FP: 가짜 리뷰를 실제로 분류,기타 FP 오분류
train,kakao,훼미리손칼국수보쌈,혜유니❤,2,2026-01-22,,"자리옮기기전에 먹어봤는데, 전하고 다른듯 고기정말 야들야들했는데ㅠ 줄서서먹기는 쫌;;;",48,1,2.0,1.5,1.0,0,1,account_review_count_under_5:-2 | has_menu:+1.5 | category_count:+1 | has_photo:+0.5,0,0,0,0,0,0,0,0,1,1,0,0,FP: 가짜 리뷰를 실제로 분류,메뉴 언급 과대 반영
train,kakao,태양곱창 성수점,du155,1,2025-02-12,,방문하기 전 찾아보니 곱창전공이랑 치즈 감자전을 많이 추천하시길래 저희도 곱창전골 2인분에 치즈 감자전을 주문했어요~치즈 감자전이 겉바 속촉 스타일이라 너무 맛있었어요~물론 곱창전골도 너무 맛있었어요요~♡,114,0,5.0,5.0,-0.5,1,0,strong_generic_praise:-1 | account_review_count_is_1:-3 | has_menu:+1.5 | has_number_detail:+2,1,3,0,1,1,0,0,1,1,1,0,0,FN: 실제 리뷰를 가짜로 분류,일반적 칭찬 표현으로 인한 오분류
train,naver,장인닭갈비 홍대점,pouw,17,2026-04-12,1.0,진짜 너무 맛있게 잘 먹었습니다 한 입 먹자마자 감탄했어요. 또 오고싶습니다!!,44,1,,,0.0,0,1,no_number_detail_with_praise:-1 | first_visit_short:-1.5 | category_count:+1 | has_detailed_negative:+2 | has_photo:+0.5 | naver_first_visit_short_praise:-1,1,1,0,0,0,1,0,0,0,0,0,0,FP: 가짜 리뷰를 실제로 분류,방문 맥락 표현 과대 반영
train,kakao,장인닭갈비 홍대점,하연이아빠,22,2026-03-18,,"친구들이랑 또 방문했어요! 매장 분위기도 좋고 직원분들도 친절하셔서 기분 좋게 식사할 수 있었어요^^ 닭갈비부터 사리, 볶음밥까지 깔끔하게 식사했고 야채도 풍성히 즐겼어요~~",97,0,5.0,5.0,3.5,0,1,no_number_detail_with_praise:-1 | has_menu:+1.5 | category_count:+3,1,1,0,0,0,0,0,0,0,0,0,0,FP: 가짜 리뷰를 실제로 분류,메뉴 언급 과대 반영
train,kakao,원조조박집 본관,춤신춤왕,109,2025-12-03,,이게 밑반찬 끝. 아 갈비를 못찍음.근데 진짜 맛은 있다. 또갈예정 . 가격은 점점 올라가..생갈비는 걍 .. 기본 돼지갈비추천 굽느라손은바쁨..상추는 청상추. 주차는 건너편공영주차장으로,104,1,4.0,3.3,5.5,0,1,no_number_detail_with_praise:-1 | has_menu:+1.5 | category_count:+1 | has_detailed_negative:+2 | account_review_count_over_100:+1.5 | has_photo:+0.5,1,1,0,0,0,0,0,0,0,0,1,1,FP: 가짜 리뷰를 실제로 분류,사진 등 메타데이터 과대 반영
train,kakao,능동미나리 성수점,Hailey,6,2025-11-10,,"진짜 너무 맛있었어요!! 서울에서 먹은 음식 중 단연 최고였어요. 오후 1시가 넘었는데도 줄이 길었지만 금방 들어갈 수 있었어요. 안에 들어가 보니 이유를 알겠더라고요… 음식이 5분도 안 돼서 나와요! 외국인들에게는 독특한 맛일 수도 있지만, 현지인과 관광객 모두에게 인기 있는 이유가 확실히 있어요. 음식도 맛있고, 서비스도 정말 빠르고 훌륭했어요. 완전 추천합니다!",206,1,5.0,5.0,6.0,0,1,strong_generic_praise:-1 | account_review_count_under_10:-1 | has_menu:+1.5 | category_count:+2 | has_number_detail:+2 | has_detailed_negative:+2 | has_photo:+0.5,1,6,0,1,2,0,0,0,0,1,0,0,FP: 가짜 리뷰를 실제로 분류,숫자 정보 과대 반영
train,naver,태양곱창 성수점,Chaee1225,222,2026-01-06,1.0,"주변 지나다니다가 눈에 띄어서 먹어봤어요! 기본맛도 칼칼할 정도로 맵고, 맛있어요 :) 성수 오면 다시 올 것 같아요~~",67,1,,,1.5,0,1,no_number_detail_with_praise:-1 | first_visit_short:-1.5 | category_count:+1 | has_detailed_negative:+2 | account_review_count_over_100:+1.5 | has_photo:+0.5 | naver_first_visit_short_praise:-1,1,1,0,0,0,1,0,0,0,0,1,1,FP: 가짜 리뷰를 실제로 분류,메뉴 언급 과대 반영
train,naver,태양곱창 성수점,seo****,7,2026-02-20,1.0,잡내도 안나고 너무 맛있습니다😋😋 따스한 분위기의 곱창집!!,33,1,,,-0.5,1,0,no_number_detail_with_praise:-1 | account_review_count_under_10:-1 | first_visit_short:-1.5 | has_menu:+1.5 | category_count:+2 | has_photo:+0.5 | naver_first_visit_short_praise:-1,1,1,0,0,0,1,0,0,0,1,0,0,FN: 실제 리뷰를 가짜로 분류,일반적 칭찬 표현으로 인한 오분류
train,kakao,훼미리손칼국수보쌈,성수동먹꾼,16,2025-10-28,,훼미리손칼국수 그만 유명해져라...요새 웨이팅 너무 많다ㅠㅠ,33,0,5.0,4.7,4.5,0,1,has_menu:+1.5 | category_count:+1 | has_detailed_negative:+2,0,0,0,0,0,0,0,0,0,0,0,0,FP: 가짜 리뷰를 실제로 분류,방문 맥락 표현 과대 반영
train,kakao,옥동식 서교점,마크투비,52,2026-02-22,,흑백요리사 이후에 더 맛있어진 느낌이에요 진짜 맛있게 먹었습니다!!,37,1,5.0,4.7,1.5,0,1,strong_generic_praise:-1 | no_number_detail_with_praise:-1 | category_count:+1 | has_detailed_negative:+2 | account_review_count_over_50:+1 | has_photo:+0.5 | kakao_5star_short_praise:-1,1,2,0,0,0,0,0,0,0,0,1,0,FP: 가짜 리뷰를 실제로 분류,방문 맥락 표현 과대 반영
train,naver,소문난성수감자탕,이똘랭,468,2025-12-21,2.0,"저번에 처음 먹었을때랑 맛이 조금 달라진 것 같아요..🤔 속으로만 생각하고 있었는데 옆테이블에서도 이런 얘기를 하더라구요, 그래도 볶음밥까지 맛있게 잘 먹었습니다!",91,1,,,6.5,0,1,no_number_detail_with_praise:-1 | has_menu:+1.5 | category_count:+1 | has_detailed_negative:+2 | revisit:+1 | account_review_count_over_100:+1.5 | has_photo:+0.5,1,1,0,0,0,0,1,0,0,0,1,1,FP: 가짜 리뷰를 실제로 분류,메뉴 언급 과대 반영
train,kakao,할머니의 레시피,yoe,1,2025-03-23,,나이가 좀 들어 보이는 직원인지 점장인지 알 수 없는 남자분이 아주 불친절함..음식도 맛이 없고 한국 음식을 잘모르는 외국인들이 와서 경험삼아 먹을 만한 식당으로 보인다 우리나라 맛을 잘아는 한국 사람들은 절대 가지 않을 식당이다,128,0,1.0,1.0,-1.0,1,0,no_number_detail_with_praise:-1 | account_review_count_is_1:-3 | category_count:+1 | has_detailed_negative:+2,1,1,0,0,0,0,0,1,1,1,0,0,FN: 실제 리뷰를 가짜로 분류,일반적 칭찬 표현으로 인한 오분류
train,naver,태양곱창 성수점,lunaaaaa2,127,2026-03-14,1.0,막창이랑 곱창 다 맛있고 감자전도 맛있어요! 직원분들도 친절하세요!! 성수 맛집이에요,47,1,,,0.0,0,1,strong_generic_praise:-1 | no_number_detail_with_praise:-1 | first_visit_short:-1.5 | has_menu:+1.5 | category_count:+1 | account_review_count_over_100:+1.5 | has_photo:+0.5 | naver_first_visit_short_praise:-1,1,4,0,0,0,1,0,0,0,0,1,1,FP: 가짜 리뷰를 실제로 분류,메뉴 언급 과대 반영
train,naver,태양곱창 성수점,안녕하세영7062,74,2026-04-04,1.0,곱창 국밥이랑 곱창 순대국밥 먹었는데 둘다 곱창도 많이 들어가 있고 맛있어요~ 다음에는 다른 메뉴도 먹어보고 싶어요!,65,1,,,-0.5,1,0,no_number_detail_with_praise:-1 | first_visit_short:-1.5 | has_menu:+1.5 | account_review_count_over_50:+1 | has_photo:+0.5 | naver_first_visit_short_praise:-1,1,1,0,0,0,1,0,0,0,0,1,0,FN: 실제 리뷰를 가짜로 분류,일반적 칭찬 표현으로 인한 오분류
train,kakao,훼미리손칼국수보쌈,맛집좋아,23,2025-04-15,,타이밍 잘 맞춰서 가야합니다. 진짜 바쁜 점심 시간대에 가면 입장 웨이팅은 물론이고 음식 주문하고 나서도 최소 30분은 기다려야 나와옵니다. 음식들 나오는 텀도 엄청 길어요. 근데 타이밍 잘 맞춰 가면 바로 입장에 음식도 바로 나와요. 여긴 감자전이 예술입니다.,146,0,4.0,4.4,8.5,0,1,has_menu:+1.5 | category_count:+3 | has_number_detail:+2 | has_detailed_negative:+2,0,0,0,1,1,0,0,0,0,0,0,0,FP: 가짜 리뷰를 실제로 분류,숫자 정보 과대 반영
train,kakao,굴다리식당,SUN,3,2025-10-09,,네명이서 사람이 한명도 없는 아침 여덟시 반쯤 왔는데 주인 할머니께서 기다려야 한다고 하시길래 얼마나 기다려야 하냐고 했더니 갑자기 그냥 들어오라고 하시면서 김치찌개 밖에 메뉴 선택이 안된다고 하셔서 김치 네개 시켰더니 갑자기 안된다고 하던 계란말이를 먹으라고 하시고 뒤에 오는 손님들이 제육 시키는데 바로 제육 메뉴 받아주십니다. 솔직히 고기도 두툼하고 괜찮은데 주인 할머니 너무 돈만 버실려고 하는게 좀 껄끄럽네요...,236,0,2.0,3.3,-2.5,1,0,account_review_count_under_5:-2 | generic_negative_without_detail:-2 | has_menu:+1.5,0,0,0,0,0,0,0,0,1,1,0,0,FN: 실제 리뷰를 가짜로 분류,메뉴 언급 반영 부족
train,naver,금금 성수점,밍밍뇸뇸,72,2026-04-11,1.0,전체적으로 자극적이지 않은 건강한 맛 ! 양배추 쌈밥은 아래 된장 양념이 너무 묽어서 아쉬웠어유 ㅠㅠ,56,1,,,1.5,0,1,first_visit_short:-1.5 | has_menu:+1.5 | account_review_count_over_50:+1 | has_photo:+0.5,0,0,0,0,0,1,0,0,0,0,1,0,FP: 가짜 리뷰를 실제로 분류,메뉴 언급 과대 반영
train,naver,금금 성수점,나야나54,18,2026-04-19,1.0,보리된장국수 진짜 꼭 드세요 👍,17,1,,,1.0,0,1,short_review:-1 | first_visit_short:-1.5 | category_count:+1 | has_detailed_negative:+2 | has_photo:+0.5,0,0,0,0,0,1,0,0,0,0,0,0,FP: 가짜 리뷰를 실제로 분류,방문 맥락 표현 과대 반영
train,kakao,이태리국시 성수,전혜진✨️,1,2026-04-12,,한우곱창돌솥파스타 매콤하게 끌리는 맛이에요 손을 놓을수가 없네요 ^ ^ 숯불불고기쌈피자 ㅋㅋ 넘 맛있어요 조명과 음악이 편안한 분위기에 음식맛을 더해주고 있어요~~,91,1,5.0,5.0,-1.0,1,0,no_number_detail_with_praise:-1 | account_review_count_is_1:-3 | has_menu:+1.5 | category_count:+1 | has_photo:+0.5,1,1,0,0,0,0,0,1,1,1,0,0,FN: 실제 리뷰를 가짜로 분류,일반적 칭찬 표현으로 인한 오분류
train,naver,원조 조박집 본관,AAPL19,1077,2025-12-06,1.0,부일갈비급은 아니지만 달달한 갈비 좋아하면 먹고믿을만한 맛임,33,1,,,3.0,0,1,no_number_detail_with_praise:-1 | first_visit_short:-1.5 | has_menu:+1.5 | category_count:+1 | has_detailed_negative:+2 | account_review_count_over_100:+1.5 | has_photo:+0.5 | naver_first_visit_short_praise:-1,1,1,0,0,0,1,0,0,0,0,1,1,FP: 가짜 리뷰를 실제로 분류,메뉴 언급 과대 반영
train,naver,할머니의 레시피,VKY,316,2025-05-24,1.0,"무척 정갈하고 담백한, 깔끔한 한 끼였습니다!! 여자친구도 무척 만족스러워 하였고, 저 또한 마찬가지였습니다. 음식이 정말 맛있었고, 직원분들도 무척 친절하셨습니다!! 여자친구는 아주 잘차려진 맛있는 집밥을 먹는 느낌이라 표하였습니다!! 대기하는 공간도 따로 있어 좋았구요!! 이미 잘 알려진 유명한 곳이라 그런지 사람들이 참...많기는 하였습니다. 개인적인 평점 [4/5]",209,1,,,4.5,0,1,strong_generic_praise:-1 | no_number_detail_with_praise:-1 | first_visit:-0.5 | category_count:+3 | has_detailed_negative:+2 | account_review_count_over_100:+1.5 | has_photo:+0.5,1,4,0,0,0,1,0,0,0,0,1,1,FP: 가짜 리뷰를 실제로 분류,메뉴 언급 과대 반영
train,kakao,장인닭갈비 홍대점,ㅎㅇ,35,2026-01-24,,"홍대 장인닭갈비다녀왔는데요, 닭갈비 양 푸짐하고 치즈 듬뿍주셔서 만족합니당~~쌈채소 무한리필에 볶음밥까지 꼭 드세요 !",66,0,5.0,5.0,1.5,0,1,has_menu:+1.5,0,0,0,0,0,0,0,0,0,0,0,0,FP: 가짜 리뷰를 실제로 분류,메뉴 언급 과대 반영
train,kakao,옥동식 서교점,이번달에도월급이통장에스치운다,90,2026-03-20,,맛있긴한데 웨이팅이 없어지면 또 올거같아요,23,1,4.0,4.2,0.5,0,1,short_review:-1 | short_generic_review:-2 | no_number_detail_with_praise:-1 | category_count:+1 | has_detailed_negative:+2 | account_review_count_over_50:+1 | has_photo:+0.5,1,1,0,0,0,0,0,0,0,0,1,0,FP: 가짜 리뷰를 실제로 분류,메뉴 언급 과대 반영
train,kakao,육지,sumjeora,5,2025-11-13,,고기 너무 맛있고 매장 깔끔햐서 좋아요,21,1,5.0,2.6,-5.0,1,0,short_review:-1 | strong_generic_praise:-1 | short_generic_review:-2 | no_number_detail_with_praise:-1 | account_review_count_under_5:-2 | has_menu:+1.5 | category_count:+1 | has_photo:+0.5 | kakao_5star_short_praise:-1,1,2,0,0,0,0,0,0,1,1,0,0,FN: 실제 리뷰를 가짜로 분류,일반적 칭찬 표현으로 인한 오분류
train,naver,육산장 홍대본점,tae****,15,2026-04-25,1.0,진짜 맛있어요! 고기도 맛있고 진짜 오랜만에 고기 먹는데 기억이 남을 정도로 좋아요! 다음에 또 올게요!,58,1,,,0.5,0,1,strong_generic_praise:-1 | no_number_detail_with_praise:-1 | first_visit_short:-1.5 | has_menu:+1.5 | category_count:+1 | has_detailed_negative:+2 | has_photo:+0.5 | naver_first_visit_short_praise:-1,1,3,0,0,0,1,0,0,0,0,0,0,FP: 가짜 리뷰를 실제로 분류,메뉴 언급 과대 반영
train,kakao,쭌곱창,은선이,1,2026-03-03,,쭌곱창 이전에 1년전에도 데이트때 와서 먹었던 집인데 오랜만에 홍대 왔는데 또 생각나서 방문합니다☺️☺️ 여전히 불맛 맛있고 소스 가짓수 많고 요즘 리뷰 이벤트도 되게 후하게 있어서 좋았습니다!! 그리고 분위기도 홍대답게 힙하고 이늑하고 데이트하기에 놓습니다❤️❤️,148,1,5.0,5.0,-3.0,1,0,strong_generic_praise:-1 | no_number_detail_with_praise:-1 | account_review_count_is_1:-3 | event_word:-2 | has_menu:+1.5 | category_count:+2 | has_photo:+0.5,1,2,0,0,0,0,0,1,1,1,0,0,FN: 실제 리뷰를 가짜로 분류,일반적 칭찬 표현으로 인한 오분류
train,kakao,굴다리식당,대포,52,2025-11-05,,인생김치찌개 .. 지방살지만 이거 먹으러 오고싶다.,28,0,5.0,3.8,1.5,0,1,short_review:-1 | has_menu:+1.5 | account_review_count_over_50:+1,0,0,0,0,0,0,0,0,0,0,1,0,FP: 가짜 리뷰를 실제로 분류,메뉴 언급 과대 반영
train,naver,금금 성수점,밤준,23,2026-03-29,1.0,소갈비덮밥은 아는맛인데 맛있는 맛이고 문어간장비빔밥은 새로우면서 맛있어요 근데 좁은 곳에서 음악이 두 종류가 나오고 사람들이 가게 문 열기를 힘들어해서 좀 산만하네요ㅋㅋ..,96,1,,,-0.5,1,0,strong_generic_praise:-1 | no_number_detail_with_praise:-1 | first_visit:-0.5 | has_menu:+1.5 | has_photo:+0.5,1,2,0,0,0,1,0,0,0,0,0,0,FN: 실제 리뷰를 가짜로 분류,일반적 칭찬 표현으로 인한 오분류
train,kakao,능동미나리 성수점,정직,152,2025-01-30,,육회비빔밥먹었습니다 미나리가 엄청 많았는데 전 그래서 좋았네요 작게나오는 곰탕도 맛있었어요,50,0,5.0,4.0,0.0,0,1,strong_generic_praise:-1 | no_number_detail_with_praise:-1 | has_menu:+1.5 | account_review_count_over_100:+1.5 | kakao_5star_short_praise:-1,1,2,0,0,0,0,0,0,0,0,1,1,FP: 가짜 리뷰를 실제로 분류,메뉴 언급 과대 반영
train,kakao,이태리국시 성수,노을,2,2026-04-25,,대창 너무 맛있어용~!! 🤍 다 너무 맛있어서 싹싹 먹었어요! 분위기도 너무 좋구 친구들이랑 이야기하면서 먹기도 좋아용 (•̀ᴗ•́)و ̑̑ ㅎㅎㅎ 잘 먹고 가요!,91,1,5.0,5.0,0.0,0,1,strong_generic_praise:-1 | no_number_detail_with_praise:-1 | account_review_count_under_5:-2 | has_menu:+1.5 | category_count:+2 | has_photo:+0.5,1,3,0,0,0,0,0,0,1,1,0,0,FP: 가짜 리뷰를 실제로 분류,메뉴 언급 과대 반영
train,kakao,능동미나리 성수점,😋,91,2025-06-12,,대기줄이 있지만 평일은 그냥 괜찮은거 같아요 ㅎㅎ 엄청 강추하는 정도는 아니지만 그래도 맛있어서 종종 갈 거 같아요,64,0,4.0,3.2,3.0,0,1,strong_generic_praise:-1 | no_number_detail_with_praise:-1 | category_count:+2 | has_detailed_negative:+2 | account_review_count_over_50:+1,1,2,0,0,0,0,0,0,0,0,1,0,FP: 가짜 리뷰를 실제로 분류,일반적 칭찬 리뷰 판별 실패
train,kakao,태양곱창 성수점,명탐정,90,2026-04-19,,지칠 줄 모르는 리뷰 조작 수백명이 한개 체인점만 리뷰,30,1,1.0,3.2,1.5,0,1,account_review_count_over_50:+1 | has_photo:+0.5,0,0,0,0,0,0,0,0,0,0,1,0,FP: 가짜 리뷰를 실제로 분류,사진 등 메타데이터 과대 반영
train,naver,금금 성수점,mis****,13,2026-02-11,1.0,와 ... 진짜 맛있어요 사진은 여자 둘이서 먹은 메뉴입니다 재방문의사 200% !!! 웨이팅없었는데 들어오니 만석이었어요 럭키비키 🤩 성수에서 꼭 식사하러 오세요 강추 !!,97,1,,,2.0,0,1,strong_generic_praise:-1 | no_number_detail_with_praise:-1 | first_visit:-0.5 | category_count:+2 | has_detailed_negative:+2 | has_photo:+0.5,1,2,0,0,0,1,0,0,0,0,0,0,FP: 가짜 리뷰를 실제로 분류,방문 맥락 표현 과대 반영
train,naver,금금 성수점,Qqqppp,28,2026-04-01,1.0,문어비빔밥 향과 간이 너무 적절해서 좋았어요! 국수도 맛있었습니다! 내부가 넓진 않지만 분위기가 좋아서 종종 올 것 같습니다^^,71,1,,,-1.5,1,0,strong_generic_praise:-1 | no_number_detail_with_praise:-1 | first_visit_short:-1.5 | has_menu:+1.5 | category_count:+1 | has_photo:+0.5 | naver_first_visit_short_praise:-1,1,3,0,0,0,1,0,0,0,0,0,0,FN: 실제 리뷰를 가짜로 분류,일반적 칭찬 표현으로 인한 오분류
train,kakao,태양곱창 성수점,핫도그,2,2025-08-20,,리뷰점수 좋아서 갔는게 들어가자마자 쓰레기장 냄새나요.. 마음약해 나올수 없어 곱창볶음 시켰는데..돼지냄새 심하고 곱은 거의 없고 곱창이 다 풀려있어요. 그게 여기 레시피인지는 모르겠지만 먹었던 곱창집 중에 최악.. 당면만 먹고 남기고 나왔어요. 화장실은 남녀공용 작은 화장실인데 두 칸중 한칸은 토 있고 세면대 물은 틀자마자 밑으로 바로… 젊은 분들이 하는데 개선하시고 잘되시길 바라며..지금 이대로는 아니아니 아니되오..,237,0,1.0,1.0,-3.5,1,0,no_number_detail_with_praise:-1 | account_review_count_under_5:-2 | generic_negative_without_detail:-2 | has_menu:+1.5,1,1,0,0,0,0,0,0,1,1,0,0,FN: 실제 리뷰를 가짜로 분류,일반적 칭찬 표현으로 인한 오분류
train,kakao,태양곱창 성수점,𝝅,2,2025-01-06,,그냥 제가 갔던 곱창집 중에 탑 1 입니다.... 사장님도 너무 친절하시고 기본 반찬도 맛있고 곱창들도 냄새 1도 안나고 너무 맛있네요 인테리어도 깔끔하고 청결하기까지.. 꼭 재방문 하고 싶네요,108,0,5.0,5.0,-2.5,1,0,strong_generic_praise:-1 | no_number_detail_with_praise:-1 | account_review_count_under_5:-2 | generic_negative_without_detail:-2 | has_menu:+1.5 | category_count:+2,1,3,0,0,0,0,0,0,1,1,0,0,FN: 실제 리뷰를 가짜로 분류,일반적 칭찬 표현으로 인한 오분류
train,naver,태양곱창 성수점,혜연62,30,2026-04-13,2.0,찐.찐.찐 또간집이라 곱창 볶음 먹고 싶으면 여기로만 와요!! 양이 짱 많아서 매번 먹고 포장해가요!,56,0,,,1.5,0,1,no_number_detail_with_praise:-1 | has_menu:+1.5 | revisit:+1,1,1,0,0,0,0,1,0,0,0,0,0,FP: 가짜 리뷰를 실제로 분류,메뉴 언급 과대 반영
train,kakao,락희옥 마포본점,J,17,2026-01-14,,전통과 세련됨,7,1,5.0,4.9,0.0,0,1,short_review:-1 | ultra_short_review:-1 | has_menu:+1.5 | has_photo:+0.5,0,0,0,0,0,0,0,0,0,0,0,0,FP: 가짜 리뷰를 실제로 분류,사진 등 메타데이터 과대 반영
train,naver,금금 성수점,봄이씨스터,8,2026-02-15,1.0,"유튜브에서 성수 맛집으로 추천해주셔서 방문해봤어요 😊 묵은지참지말이 존맛 👍🏻 원래 갈비덮밥 먹으려로 했는대 품절이여서 너무 아쉬웠어요 😢 대신 문어감장비빔밥으로 주문했는데 이것도 너무 맛있었어요 😊 보리된장국수 맛있는데 저한테는 간이 조금 쎄네요,, 다음에 방문해서는 갈비 덮밥 꼭 먹어볼게요 🙌🏻",167,1,,,-1.5,1,0,strong_generic_praise:-1 | no_number_detail_with_praise:-1 | account_review_count_under_10:-1 | first_visit:-0.5 | has_menu:+1.5 | has_photo:+0.5,1,5,0,0,0,1,0,0,0,1,0,0,FN: 실제 리뷰를 가짜로 분류,일반적 칭찬 표현으로 인한 오분류
train,kakao,보끔당 성수점,쩝쩝박사,126,2025-04-29,,친절하고 무난무난하게 맛있어요. 2명이서 배부르게 먹을만한 양입니다. 우동사리 추천👍,47,0,3.0,3.3,3.5,0,1,strong_generic_praise:-1 | category_count:+1 | has_number_detail:+2 | account_review_count_over_100:+1.5,1,3,0,1,1,0,0,0,0,0,1,1,FP: 가짜 리뷰를 실제로 분류,숫자 정보 과대 반영
train,kakao,금금 성수점,merrywanderer,46,2025-02-28,,스파게티의 알 덴테를 연상시키는 면의 톡톡한 식감. 맛이 깊진 않지만 청량하고 깔끔함. 양이 푸짐하진 않고 가성비도 좋은 편은 아니나 면을 좋아한다면 한 번은 와볼만함,93,1,4.0,3.8,1.5,0,1,no_number_detail_with_praise:-1 | category_count:+2 | has_photo:+0.5,1,1,0,0,0,0,0,0,0,0,0,0,FP: 가짜 리뷰를 실제로 분류,메뉴 언급 과대 반영
train,kakao,소문난성수감자탕,Rei,18,2025-12-16,,"맛이나 친절은 개인차가 있을 수 있다고 생각하기 때문에 따로 적지 않겠습니다만 위생은 확실히 문제가 있어요.... 콜라 시켰는데 컵에 고춧가루랑 얼룩 있길래 바꿨는데 또 똑같고, 바꿨는데 또 똑같아서 그냥 병나발 불었습니다.",125,0,1.0,3.6,-2.0,1,0,no_number_detail_with_praise:-1 | generic_negative_without_detail:-2 | category_count:+1,1,1,0,0,0,0,0,0,0,0,0,0,FN: 실제 리뷰를 가짜로 분류,일반적 칭찬 표현으로 인한 오분류
train,naver,금금 성수점,ssub00,46,2026-04-21,1.0,너무 맛있구 예뻐용 !!! 다음에 또 방문하겠습니당 &gt;&lt;,37,1,,,-6.0,1,0,generic_without_detail:-3 | no_number_detail_with_praise:-1 | first_visit_short:-1.5 | has_photo:+0.5 | naver_first_visit_short_praise:-1,1,1,1,0,0,1,0,0,0,0,0,0,FN: 실제 리뷰를 가짜로 분류,일반적 칭찬 표현으로 인한 오분류
train,naver,을밀대 평양냉면,diverhyun,80,2026-03-29,1.0,배추김치 맛집 ㅋ 평양 냉면은 우래옥 !!! 맛집 리스트 바로 삭제!! 서울 놈들 추천 식당들은 믿을수 없음!!!ㅎㅎ,65,1,,,-1.5,1,0,strong_generic_praise:-1 | no_number_detail_with_praise:-1 | first_visit_short:-1.5 | has_menu:+1.5 | account_review_count_over_50:+1 | has_photo:+0.5 | naver_first_visit_short_praise:-1,1,3,0,0,0,1,0,0,0,0,1,0,FN: 실제 리뷰를 가짜로 분류,일반적 칭찬 표현으로 인한 오분류
train,kakao,보끔당 성수점,kkkk2,8,2025-01-18,,너무너무너무너무 맛있는 닭볶음탕을 먹었다! 사장님도 친절하시고 음식이 정갈하고 정성이 느껴져요 역시 믿먹 카맵 4.9점..,68,0,5.0,5.0,0.0,0,1,strong_generic_praise:-1 | no_number_detail_with_praise:-1 | account_review_count_under_10:-1 | category_count:+2 | has_detailed_negative:+2 | kakao_5star_short_praise:-1,1,2,0,0,0,0,0,0,0,1,0,0,FP: 가짜 리뷰를 실제로 분류,메뉴 언급 과대 반영
train,kakao,성수족발,기억력이나빠만든맛지도,506,2025-10-20,,내 입맛엔 너무달아 고기가 아쥬 좋은건 사실,24,0,5.0,4.4,5.0,0,1,short_review:-1 | has_menu:+1.5 | category_count:+1 | has_detailed_negative:+2 | account_review_count_over_100:+1.5,0,0,0,0,0,0,0,0,0,0,1,1,FP: 가짜 리뷰를 실제로 분류,메뉴 언급 과대 반영
train,kakao,소문난성수감자탕,매매매,1,2025-03-08,,줄이 길게 서있길래 맛집인줄 알고 먹음 그런데 경험해보니 최악 중에 최악 짧게 말하면 맛도 드릅게 없고 불친절 함 굳이 경험하지 마세요 줄이 왜 긴지 이해가 안가는 가게 카카오 리뷰가 정확해서 늘 보고 들어가는데 이번에 안본게 한입니다.. 먼저 맛이 드릅게 없음 여태까지 먹은 감자탕 중에서 여기가 제일 맛없었음 살이 퍽퍽한 부분이 많고 잘 떨어지지도 않음 뼈만 햝아 먹고 옴 원래 잘 익은 감자탕이라면 살이 쉽게 떨어지기 마련인데 절대 떨어지지 않았음 볶음밥도 맛없었음 두번째로는 야채 상태들이 안 좋았음 깻잎도 위에는 멀쩡해보이는걸 놓고 안에 파보면 절반은 검게 변해있었음 마지막으로 제일 최악은 불친절 먹고 있는데 식탁을 당기면서 옮긴다고 함 상식적으로 옮겨야하면 손님이 가고나서 옮기는게 맞지 않나 싶음 그리고 먹고 있는 중에 그릇을 치운다기에 치우라 하였더니 먹던 냄비까지 싹 다치우고 물로 테이블 자체를 닦아버림 뭐하자는건지 어이가 없음 먹는 내내 사람 불편하게 하고 먹는 도중이어도 치워버림 그릇 치운다면서 먹는 것까지 치워버리길래 벙쪄 있었더니 치운다고 했잖아요 이래버림 사람을 이런식으로 쫓아내는 가게는 처음봄 맛없어서 화나 있다가 하는 꼬라지 보니 더 기분이 나빠져서 글까지 쓰게 됌 먹고 나올때 보니 줄 세우는 직원도 사람들한테 승질은 있는대로 부림 웬만하면 다른 곳 가세요 감자탕 맛없기 힘든데 여기는 그걸 해내네요 줄 서지 마세요 여러분들의 시간과 돈을 아끼세요ㅜㅜ,721,0,1.0,1.0,-0.5,1,0,strong_generic_praise:-1 | no_number_detail_with_praise:-1 | account_review_count_is_1:-3 | has_menu:+1.5 | category_count:+1 | has_detailed_negative:+2,1,5,0,0,0,0,0,1,1,1,0,0,FN: 실제 리뷰를 가짜로 분류,일반적 칭찬 표현으로 인한 오분류
train,naver,금금 성수점,ada****,12,2026-04-19,1.0,성수동 나들이 왔다가 친구랑 궁금했던 금금에 드디어 다녀왔어요! 퓨전 한식이라 기대했는데 비주얼부터 맛까지 완전 취향 저격...✨,72,1,,,1.5,0,1,first_visit_short:-1.5 | has_menu:+1.5 | category_count:+1 | has_photo:+0.5,0,0,0,0,0,1,0,0,0,0,0,0,FP: 가짜 리뷰를 실제로 분류,방문 맥락 표현 과대 반영
train,naver,마포양지설렁탕,별로면안먹음,1256,2026-01-29,1.0,"설렁탕 한그릇 14,000원 마포 올때마다 가요",26,0,,,1.0,0,1,short_review:-1 | first_visit_short:-1.5 | has_number_detail:+2 | account_review_count_over_100:+1.5,0,0,0,1,1,1,0,0,0,0,1,1,FP: 가짜 리뷰를 실제로 분류,숫자 정보 과대 반영
train,kakao,태양곱창 성수점,LHM,2,2025-09-26,,와 인스타홍보충 다 죽었으면 ㄹㅇ 아무맛도 안남 와이프랑 기분좋게와서 맛때문에 기분상하는집 그대의 가정의 안녕을 위해 안오는걸 권함 내 와이프가 발가락으로 만들어도 이거보단 ㅈㄴ 맛있음 이집에서 음료랑 물이 제일 맛있음 그리고 알바가 ㅈㄴ 반찬을 툭툭던짐 드리블하는줄 날벌레 개많음,157,0,1.0,3.0,-3.5,1,0,strong_generic_praise:-1 | no_number_detail_with_praise:-1 | account_review_count_under_5:-2 | event_word:-2 | has_menu:+1.5 | category_count:+1,1,2,0,0,0,0,0,0,1,1,0,0,FN: 실제 리뷰를 가짜로 분류,일반적 칭찬 표현으로 인한 오분류
train,kakao,능동미나리 성수점,지니팡,260,2025-10-24,,이 가격에 한우 곰탕과 육회비빔밥 그냥 가세요 무조건 가세요 !! 최애 원픽,42,1,5.0,4.4,5.5,0,1,has_menu:+1.5 | has_detailed_negative:+2 | account_review_count_over_100:+1.5 | has_photo:+0.5,0,0,0,0,0,0,0,0,0,0,1,1,FP: 가짜 리뷰를 실제로 분류,메뉴 언급 과대 반영
train,naver,금금 성수점,올리는올리비아롭은로빈,25,2026-02-06,1.0,금금이 너무 좋아요.. 금금 최고.. 직장에서 도보로 좀 걸어와야 하는데도 늘 즐겨 찾아요 저희 사무실 최애예요.. ㅁㅊ겠다 문어비빔국수랑 보리된장국수가 최애예요 여기는 반찬까지 맛없는 게 없다 ㅠㅠ,111,1,,,-2.5,1,0,strong_generic_praise:-1 | no_number_detail_with_praise:-1 | first_visit:-0.5 | generic_negative_without_detail:-2 | has_menu:+1.5 | has_photo:+0.5,1,2,0,0,0,1,0,0,0,0,0,0,FN: 실제 리뷰를 가짜로 분류,일반적 칭찬 표현으로 인한 오분류
train,kakao,소문난성수감자탕,vinn,29,2025-06-30,,미친 개맛있는 감자탕 근데 공기밥 2000원은 좀 개빡치긴함,33,0,5.0,2.8,1.0,0,1,has_number_detail:+2 | kakao_5star_short_praise:-1,1,1,0,1,1,0,0,0,0,0,0,0,FP: 가짜 리뷰를 실제로 분류,숫자 정보 과대 반영
train,naver,태양곱창 성수점,als****,45,2026-02-15,2.0,전에 먹어보고 맛있어서 동생도 데리고 왔어요 ㅎㅎ 맛있게 잘 먹어씀니다 👍,41,1,,,1.0,0,1,strong_generic_praise:-1 | no_number_detail_with_praise:-1 | has_menu:+1.5 | revisit:+1 | has_photo:+0.5,1,2,0,0,0,0,1,0,0,0,0,0,FP: 가짜 리뷰를 실제로 분류,방문 맥락 표현 과대 반영
train,naver,소문난성수감자탕,솔직하개,2258,2026-02-16,1.0,맛있게 먹다보니 음식사진이 없네요 ㅠ 짜지않고 맛있네요. 주차는 기계식타워인데 발랫비를 음식결제시에 받네요.,60,0,,,0.0,0,1,strong_generic_praise:-1 | no_number_detail_with_praise:-1 | first_visit_short:-1.5 | category_count:+1 | has_detailed_negative:+2 | account_review_count_over_100:+1.5 | naver_first_visit_short_praise:-1,1,2,0,0,0,1,0,0,0,0,1,1,FP: 가짜 리뷰를 실제로 분류,방문 맥락 표현 과대 반영
train,naver,원조 조박집 본관,emj****,21,2026-04-08,1.0,양념 맛이 강하지 않고 고기 질도 좋은 편입니다. 된장찌개가 아니라 국이지만 천원이라 좋습니다. 식후 주시는 식혜가 찐 맛도리입니다.,74,1,,,-1.5,1,0,no_number_detail_with_praise:-1 | first_visit_short:-1.5 | has_menu:+1.5 | has_photo:+0.5 | naver_first_visit_short_praise:-1,1,1,0,0,0,1,0,0,0,0,0,0,FN: 실제 리뷰를 가짜로 분류,일반적 칭찬 표현으로 인한 오분류
train,naver,할머니의 레시피,하늘예찬82,1844,2026-03-07,3.0,며칠 전 가리비를 잘못 먹고 급성 장염으로 고생한 아들을 위한 저녁 선택,40,1,,,5.5,0,1,has_menu:+1.5 | category_count:+1 | revisit:+1 | account_review_count_over_100:+1.5 | has_photo:+0.5,0,0,0,0,0,0,1,0,0,0,1,1,FP: 가짜 리뷰를 실제로 분류,방문 맥락 표현 과대 반영
train,kakao,육산장 홍대본점,조종수,1,2026-03-01,,고기가 맛있었고 분위기도 캠핑 분위기같아서 아늑하고 좋았네요!!강추합니다 글구 직원분도 친절하셔서 좋았습니다 리뷰 이벤트로 김치찌개와 콘치즈도 먹을수있으니 다들 시도해보시길💖,97,0,5.0,5.0,-3.5,1,0,strong_generic_praise:-1 | no_number_detail_with_praise:-1 | account_review_count_is_1:-3 | event_word:-2 | has_menu:+1.5 | category_count:+2,1,5,0,0,0,0,0,1,1,1,0,0,FN: 실제 리뷰를 가짜로 분류,일반적 칭찬 표현으로 인한 오분류
train,naver,태양곱창 성수점,joo****,43,2026-02-26,1.0,일단 국물이 미쳤구요 양도 많고 곱창이 진짜 너무너무 맛있어용 담에도 또 오고싶어영ㅇ,47,1,,,1.5,0,1,no_number_detail_with_praise:-1 | first_visit_short:-1.5 | has_menu:+1.5 | category_count:+1 | has_detailed_negative:+2 | has_photo:+0.5 | naver_first_visit_short_praise:-1,1,1,0,0,0,1,0,0,0,0,0,0,FP: 가짜 리뷰를 실제로 분류,메뉴 언급 과대 반영
train,kakao,굴다리식당,jp,78,2025-09-19,,신김치로 제대로 만든 김치찌개 맛있다 제육은 살덩이가 너무 크고 퍽퍽해서 2-3점이지만 김치찌개가 맛있었다. 밑반찬도 굿,67,0,5.0,3.3,-0.5,1,0,strong_generic_praise:-1 | no_number_detail_with_praise:-1 | has_menu:+1.5 | account_review_count_over_50:+1 | kakao_5star_short_praise:-1,1,3,0,0,0,0,0,0,0,0,1,0,FN: 실제 리뷰를 가짜로 분류,일반적 칭찬 표현으로 인한 오분류
train,naver,금금 성수점,갓균,37,2026-04-20,1.0,안내도 빠르게해주시고 음식도 생각이상으로 빠르게 나옵니다! 한국식마제소바도 신기하고 쌈밥도 정망 맛있어요👍🏻👍🏻👍🏻,64,1,,,-1.5,1,0,no_number_detail_with_praise:-1 | first_visit_short:-1.5 | has_menu:+1.5 | has_photo:+0.5 | naver_first_visit_short_praise:-1,1,1,0,0,0,1,0,0,0,0,0,0,FN: 실제 리뷰를 가짜로 분류,일반적 칭찬 표현으로 인한 오분류
train,naver,태양곱창 성수점,거짓말은하지않아요60,46,2026-04-18,1.0,추억이 있는 돼지곱창 늦은시간이라 그냥 들렸는데 너무 맛있게 먹고 양도 많아서 기분좋게 먹고갑니다! 돼지곱창전골 강추!!!,68,1,,,-0.5,1,0,strong_generic_praise:-1 | no_number_detail_with_praise:-1 | first_visit_short:-1.5 | has_menu:+1.5 | has_detailed_negative:+2 | has_photo:+0.5 | naver_first_visit_short_praise:-1,1,2,0,0,0,1,0,0,0,0,0,0,FN: 실제 리뷰를 가짜로 분류,일반적 칭찬 표현으로 인한 오분류
train,naver,태양곱창 성수점,ㅁㄴㅇㄹ3024,12,2026-02-14,1.0,돼지곱창 특유의 냄새를 잘 잡았습니다. 곱창이 질기지 않고 부드러워 목 넘김이 좋습니다.,49,1,,,-1.5,1,0,no_number_detail_with_praise:-1 | first_visit_short:-1.5 | has_menu:+1.5 | has_photo:+0.5 | naver_first_visit_short_praise:-1,1,1,0,0,0,1,0,0,0,0,0,0,FN: 실제 리뷰를 가짜로 분류,일반적 칭찬 표현으로 인한 오분류
train,kakao,훼미리손칼국수보쌈,문대갈,100,2025-10-26,,아주 뛰어난 맛은 아니지만 만족스러운 맛과 훌륭한 가성비,31,1,4.0,3.6,1.0,0,1,no_number_detail_with_praise:-1 | account_review_count_over_100:+1.5 | has_photo:+0.5,1,1,0,0,0,0,0,0,0,0,1,1,FP: 가짜 리뷰를 실제로 분류,사진 등 메타데이터 과대 반영
train,naver,소문난성수감자탕,용흥동보스,661,2025-11-17,1.0,줄 서는 유명한집!! 맛집까진.... 하지만 다들 바쁜데 친절 하심.. 웨이팅이 장난 아닌데..유명세가 한몫..^^ 하지만 사람들이 붐비는덴 분명 이유가 있음.. 단지 그 이율 몬 찾았을뿐...ㅋ,109,1,,,3.5,0,1,strong_generic_praise:-1 | no_number_detail_with_praise:-1 | first_visit:-0.5 | category_count:+2 | has_detailed_negative:+2 | account_review_count_over_100:+1.5 | has_photo:+0.5,1,2,0,0,0,1,0,0,0,0,1,1,FP: 가짜 리뷰를 실제로 분류,방문 맥락 표현 과대 반영
train,naver,금금 성수점,goffkk,47,2026-04-19,2.0,너뮤맛있어요!! 전에도 한번왔는데 더 맛있어진거 같아요!! 추천!!,37,1,,,1.0,0,1,strong_generic_praise:-1 | no_number_detail_with_praise:-1 | has_menu:+1.5 | revisit:+1 | has_photo:+0.5,1,3,0,0,0,0,1,0,0,0,0,0,FP: 가짜 리뷰를 실제로 분류,방문 맥락 표현 과대 반영
train,naver,소문난성수감자탕,셩셩79,541,2025-12-11,2.0,우거지가 너무 적게 들어있어요,16,1,,,0.0,0,1,short_review:-1 | low_information_review:-2 | revisit:+1 | account_review_count_over_100:+1.5 | has_photo:+0.5,0,0,0,0,0,0,1,0,0,0,1,1,FP: 가짜 리뷰를 실제로 분류,방문 맥락 표현 과대 반영
train,kakao,육산장 홍대본점,딩이,2,2026-02-16,,도심에서 캠핑 온 느낌 제대로 나는 야장 고깃집이에요. 텐트 감성 인테리어에 조명까지 분위기 미쳤어요…✨ 삼겹살 두툼하고 육즙 팡팡 터지고 숯향 제대로라서 계속 들어가요. 사이드도 깔끔하고 전체적으로 만족! 무엇보다 강아지 동반 가능이라 더 좋았어요 야외석이라 눈치 덜 보이고 편하게 먹을 수 있어서 재방문 의사 있음 👍 캠핑 분위기에서 삼겹살 먹고 싶을 때 강추입니다!,207,1,5.0,5.0,-1.0,1,0,strong_generic_praise:-1 | no_number_detail_with_praise:-1 | account_review_count_under_5:-2 | has_menu:+1.5 | category_count:+1 | has_photo:+0.5,1,2,0,0,0,0,0,0,1,1,0,0,FN: 실제 리뷰를 가짜로 분류,일반적 칭찬 표현으로 인한 오분류
train,kakao,장인닭갈비 홍대점,우히히,11,2026-03-15,,"치즈 닭갈비 비주얼이 좋아 보여서 저장해두었다가 방문했어요. 닭갈비가 쫄깃하고 치즈랑 조합이 정말 잘 어울렸고, 볶음밥까지 먹으니 완벽한 한 끼!! 담엔 사리도 추가해서 먹어보려구요 :)",104,0,5.0,5.0,1.5,0,1,no_number_detail_with_praise:-1 | has_menu:+1.5 | category_count:+1,1,1,0,0,0,0,0,0,0,0,0,0,FP: 가짜 리뷰를 실제로 분류,메뉴 언급 과대 반영
train,kakao,능동미나리 성수점,모과,19,2025-04-07,,육회비빔밥이 미쳤음,10,1,5.0,4.7,1.0,0,1,short_review:-1 | has_menu:+1.5 | has_photo:+0.5,0,0,0,0,0,0,0,0,0,0,0,0,FP: 가짜 리뷰를 실제로 분류,메뉴 언급 과대 반영
train,kakao,성수족발,김성훈,68,2025-08-22,,와....세상에 이렇게 맛있는 족발이있었다니... 진짜 괜히 3대족발이 아니었어요...대박 너무 맛있고 또 생각나는 그 족발의 고기😍 꼭 가보세요. 안가시면 후회하실수도! https://m.blog.naver.com/seonghun39/223978709984,144,1,5.0,4.3,4.0,0,1,strong_generic_praise:-1 | no_number_detail_with_praise:-1 | has_menu:+1.5 | category_count:+1 | has_detailed_negative:+2 | account_review_count_over_50:+1 | has_photo:+0.5,1,3,0,0,0,0,0,0,0,0,1,0,FP: 가짜 리뷰를 실제로 분류,메뉴 언급 과대 반영
train,kakao,황금콩밭,이재원,1596,2025-12-24,,두부코스요리!! 재방문의사 홍어삼합!! 굿!! 두부짜글이!! 두부푸딩!!,40,1,4.0,3.6,4.0,0,1,no_number_detail_with_praise:-1 | category_count:+1 | has_detailed_negative:+2 | account_review_count_over_100:+1.5 | has_photo:+0.5,1,1,0,0,0,0,0,0,0,0,1,1,FP: 가짜 리뷰를 실제로 분류,방문 맥락 표현 과대 반영
train,kakao,이태리국시 성수,니모로그,2,2026-04-05,,"신기한 메뉴가 많고 맛도 좋다! 분위기도 괜찮습니다! 데이트 코스로도 최적인거 같아요. 갑오징오파에야, 반계마늘돌솥리조토 강추! 건강한 재료에 맛도 있으니까 대만족이네요~",95,1,5.0,5.0,1.0,0,1,no_number_detail_with_praise:-1 | account_review_count_under_5:-2 | has_menu:+1.5 | category_count:+2 | has_photo:+0.5,1,1,0,0,0,0,0,0,1,1,0,0,FP: 가짜 리뷰를 실제로 분류,방문 맥락 표현 과대 반영
train,kakao,소문난성수감자탕,정환,1,2025-05-18,,너무 노맛 뼈 덜삶아서 떨어지지도 않음,21,0,1.0,1.0,-8.0,1,0,short_review:-1 | low_information_review:-2 | account_review_count_is_1:-3 | generic_negative_without_detail:-2,0,0,0,0,0,0,0,1,1,1,0,0,FN: 실제 리뷰를 가짜로 분류,기타 FN 오분류
train,naver,금금 성수점,Hima50,11,2026-03-23,1.0,수원 스타필드점에 갔다가 너무 맛있어서 성수점도 방문했어요! 역시 믿고 먹는 今今 저는 보리 된장 국수가 가장 맛있더라구요 메뉴 고민되시면 보리 된장 국수로 드셔보세요!,94,1,,,-5.0,1,0,strong_generic_praise:-1 | generic_without_detail:-3 | no_number_detail_with_praise:-1 | first_visit:-0.5 | has_photo:+0.5,1,2,1,0,0,1,0,0,0,0,0,0,FN: 실제 리뷰를 가짜로 분류,일반적 칭찬 표현으로 인한 오분류
train,kakao,능동미나리 성수점,최하경,1,2026-01-26,,우연히 들르게 되었는데 가게 분위기도 좋고 직원들도 친절해서 너무 좋았어요 무엇보다 육회랑 육회비빔밥이 넘 맛있었습니당 ❤️ 담에도 들를거 같아요 ! 수육전골도 짱 !!!,95,1,5.0,5.0,-1.0,1,0,strong_generic_praise:-1 | no_number_detail_with_praise:-1 | account_review_count_is_1:-3 | has_menu:+1.5 | category_count:+2 | has_photo:+0.5,1,4,0,0,0,0,0,1,1,1,0,0,FN: 실제 리뷰를 가짜로 분류,일반적 칭찬 표현으로 인한 오분류
train,kakao,굴다리식당,유우우,7,2025-08-04,,만들어진거라 빨리나오는 음식(계란말이도) 미지근한 김치찌개 퍽퍽한 살코기 제육 위생 전혀 신경 안쓰시고 빨리나오는 거 좋아하시는 분은 만족 할 것 같네요^^ 회전율 때문에 미리 만들어둔 것 같은데 사람이 많이 없어서ㅠㅠ 굳이…,126,0,1.0,3.6,-1.5,1,0,strong_generic_praise:-1 | no_number_detail_with_praise:-1 | account_review_count_under_10:-1 | has_menu:+1.5,1,2,0,0,0,0,0,0,0,1,0,0,FN: 실제 리뷰를 가짜로 분류,일반적 칭찬 표현으로 인한 오분류
train,naver,소문난성수감자탕,PingDuu,1380,2026-04-17,2.0,오랜만에 먹어도 맛있어요 볶음밥 먹으려고 전골로 시킴 ㅎ,31,1,,,3.5,0,1,no_number_detail_with_praise:-1 | has_menu:+1.5 | revisit:+1 | account_review_count_over_100:+1.5 | has_photo:+0.5,1,1,0,0,0,0,1,0,0,0,1,1,FP: 가짜 리뷰를 실제로 분류,메뉴 언급 과대 반영
train,kakao,태양곱창 성수점,냉정한 평가 락스타,41,2025-03-23,,인스타 광고보고 갔다가 아예 영상과 다른 비주얼에 놀람; 순대는 아예 안 들어있고 당면도 몇없고 돼지 잡내나서 산초 겁나 뿌려먹었네요 피해보지마시길 ㅠ,84,0,1.0,4.2,-1.0,1,0,event_word:-2 | category_count:+1,0,0,0,0,0,0,0,0,0,0,0,0,FN: 실제 리뷰를 가짜로 분류,메뉴 언급 반영 부족
train,naver,금금 성수점,끼룩57,188,2026-01-03,1.0,기다려서 먹는 이유가 있는 맛이에요ㅠㅜㅠ 퓨전요리라서 흔히 먹을 수 있는 음식도 아니어서 특별한 날 오기도 좋을 것 같아요! 웨이팅 길지 않게 피크타임은 피해서 오면 좋을 것 같습니다ㅎㅎ 다음엔 피크타임 피해서 와서 다른 것도 더 시켜 먹어야 겠어요😋,140,1,,,6.0,0,1,first_visit:-0.5 | has_menu:+1.5 | category_count:+1 | has_detailed_negative:+2 | account_review_count_over_100:+1.5 | has_photo:+0.5,0,0,0,0,0,1,0,0,0,0,1,1,FP: 가짜 리뷰를 실제로 분류,메뉴 언급 과대 반영
train,kakao,락희옥 마포본점,슈,63,2025-12-21,,해물 육류 골고루 있어서 좋음. 가성비는 안좋음. 브레이크타임 없고 와인종류는 커키지fee free. 식기는 사기 도자기라 맘에듬.,73,1,3.0,3.1,-3.5,1,0,strong_generic_praise:-1 | generic_without_detail:-3 | no_number_detail_with_praise:-1 | account_review_count_over_50:+1 | has_photo:+0.5,1,2,1,0,0,0,0,0,0,0,1,0,FN: 실제 리뷰를 가짜로 분류,일반적 칭찬 표현으로 인한 오분류
train,naver,금금 성수점,위드유2112,13,2026-04-20,1.0,너무 맛있어서 메뉴를 더시켰고 여기메뉴 다 먹어보고싶을정도로 너무맛있어요 세상에 다른나라에서온 친구도 너뭄 맛있다고 잘먹을정도예요 성수오면 여기 꼭 오고싶어요 진짜 짱이에요🥹,97,1,,,2.0,0,1,strong_generic_praise:-1 | no_number_detail_with_praise:-1 | first_visit:-0.5 | category_count:+2 | has_detailed_negative:+2 | has_photo:+0.5,1,4,0,0,0,1,0,0,0,0,0,0,FP: 가짜 리뷰를 실제로 분류,메뉴 언급 과대 반영
train,naver,할머니의 레시피,콩0710,425,2025-12-31,1.0,한식먹고싶어서 방문했는데 진짜 맛있고 건강한 한식이라 만족했어요 인테리어도 예쁘고 직원분들도 친절하셔서 추천해용👍,63,1,,,2.5,0,1,strong_generic_praise:-1 | no_number_detail_with_praise:-1 | first_visit_short:-1.5 | category_count:+3 | has_detailed_negative:+2 | account_review_count_over_100:+1.5 | has_photo:+0.5 | naver_first_visit_short_praise:-1,1,3,0,0,0,1,0,0,0,0,1,1,FP: 가짜 리뷰를 실제로 분류,방문 맥락 표현 과대 반영
train,naver,할머니의 레시피,Mellyna,63,2025-12-06,1.0,진짜 깔끔하고 맛있는 가정식 백반이었습니다-:) 간도 적절하고 할머니가 차려주신 한 상 느낌이랄까,54,1,,,2.0,0,1,no_number_detail_with_praise:-1 | first_visit_short:-1.5 | category_count:+2 | has_detailed_negative:+2 | account_review_count_over_50:+1 | has_photo:+0.5 | naver_first_visit_short_praise:-1,1,1,0,0,0,1,0,0,0,0,1,0,FP: 가짜 리뷰를 실제로 분류,방문 맥락 표현 과대 반영
train,kakao,락희옥 마포본점,쿠롬,1,2025-05-16,,보쌈 차돌 김치말이국수 다 너무 맛있어요! 안쪽까지 좌석도 넓고 시원하고 쾌적해요 저의 원픽은 보쌈이요👍🏻,59,1,5.0,5.0,-2.0,1,0,no_number_detail_with_praise:-1 | account_review_count_is_1:-3 | has_menu:+1.5 | category_count:+1 | has_photo:+0.5 | kakao_5star_short_praise:-1,1,1,0,0,0,0,0,1,1,1,0,0,FN: 실제 리뷰를 가짜로 분류,일반적 칭찬 표현으로 인한 오분류
train,naver,일등식당,kkr****,886,2026-03-18,2.0,최애 뼈해장국 가게,10,0,,,3.0,0,1,short_review:-1 | has_menu:+1.5 | revisit:+1 | account_review_count_over_100:+1.5,0,0,0,0,0,0,1,0,0,0,1,1,FP: 가짜 리뷰를 실제로 분류,방문 맥락 표현 과대 반영
train,naver,마포양지설렁탕,아미스트,869,2025-12-16,1.0,바로 옆에 이디야커피숍 있으니 후식으로 먹기도 좋구요. 양지설렁탕이야 워낙 오래되고 맛있는 곳 이라. 한자리에서 30년 이상이라 믿고 먹는곳 이지요,82,1,,,0.5,0,1,no_number_detail_with_praise:-1 | first_visit:-0.5 | account_review_count_over_100:+1.5 | has_photo:+0.5,1,1,0,0,0,1,0,0,0,0,1,1,FP: 가짜 리뷰를 실제로 분류,메뉴 언급 과대 반영
train,kakao,소문난성수감자탕,내돈내산철민이,38,2025-04-12,,예전에 방문했었을때 괜찮았어서 재방문했는데요 너무너무 실망했음....... 어째서........ 감자탕 특유의 칼칼한맛 매운맛 하나도 없고 니맛도 내맛도 아닌 밍밍한 맛 고기도 부드러운맛 안나고 뻑뻑했음 성수 갈때마다 줄 왜서는지 이해 안가는 집..,139,0,1.0,4.1,-0.5,1,0,generic_negative_without_detail:-2 | has_menu:+1.5,0,0,0,0,0,0,0,0,0,0,0,0,FN: 실제 리뷰를 가짜로 분류,메뉴 언급 반영 부족
train,naver,태양곱창 성수점,tot****,67,2026-03-19,1.0,야채곱창 맛도리 린정 !,13,1,,,0.5,0,1,short_review:-1 | first_visit_short:-1.5 | has_menu:+1.5 | account_review_count_over_50:+1 | has_photo:+0.5,0,0,0,0,0,1,0,0,0,0,1,0,FP: 가짜 리뷰를 실제로 분류,메뉴 언급 과대 반영
train,naver,금금 성수점,누니68,18,2026-04-17,1.0,맛있어요 기다린 보람잇고 보리된장국수 진짜 꼭 드셍ㅎㅇ,30,1,,,0.0,0,1,no_number_detail_with_praise:-1 | first_visit_short:-1.5 | category_count:+1 | has_detailed_negative:+2 | has_photo:+0.5 | naver_first_visit_short_praise:-1,1,1,0,0,0,1,0,0,0,0,0,0,FP: 가짜 리뷰를 실제로 분류,방문 맥락 표현 과대 반영
train,naver,조선시대,13211s,15,2026-04-25,2.0,김치전 진짜 맛있어요 재밌게 놀다 갑니다-!!,25,1,,,2.0,0,1,short_review:-1 | short_generic_review:-2 | no_number_detail_with_praise:-1 | has_menu:+1.5 | category_count:+1 | has_detailed_negative:+2 | revisit:+1 | has_photo:+0.5,1,1,0,0,0,0,1,0,0,0,0,0,FP: 가짜 리뷰를 실제로 분류,방문 맥락 표현 과대 반영
train,naver,금금 성수점,맛똑이 I 카페 맛집,121,2026-04-27,1.0,보리된장국수 짱맛! 감칠맛나는 마제소바에요 묵은지 참치말이는 밥이 좀 질어서 아쉬웠고 묵은지 문어 국수는 레몬향? 이 많이 나더라구요 보리된장국수가 제일 맛있었어요,91,1,,,-3.5,1,0,strong_generic_praise:-1 | generic_without_detail:-3 | no_number_detail_with_praise:-1 | first_visit:-0.5 | account_review_count_over_100:+1.5 | has_photo:+0.5,1,2,1,0,0,1,0,0,0,0,1,1,FN: 실제 리뷰를 가짜로 분류,일반적 칭찬 표현으로 인한 오분류
train,naver,황금콩밭,비그르히그르,1229,2026-02-21,1.0,"1인 4만원, 점심코스를 먹었는데 엥... 그냥 생두부주는 한정식이라는 느낌이라서 돈이 아까워요... 물론 생두부가 무척이나 맛있던 건 맞지만 이렇게 한끼 먹는데 인당 4만원이라고? 조금 많이 의아함... 차라리 커플세트 6만원이 조금 더 만족도가 높지 않았을까 생각이 드는데 예약하면 코스만 먹어야 한다고 1층에서 먹을 수 없다고 하니 당황스러울 뿐. 단품 메뉴도 단가가 높기 때문에 개인적으로 그냥 커플세트가 가장 가성비 좋아보임... 음 근데 사실 가성비는 없는 매장임🤔",266,1,,,-0.5,1,0,strong_generic_praise:-1 | no_number_detail_with_praise:-1 | first_visit:-0.5 | generic_negative_without_detail:-2 | category_count:+2 | account_review_count_over_100:+1.5 | has_photo:+0.5,1,2,0,0,0,1,0,0,0,0,1,1,FN: 실제 리뷰를 가짜로 분류,일반적 칭찬 표현으로 인한 오분류
train,naver,쭌곱창,pinj,28,2026-04-11,1.0,진짜 너무 맛있고 알려주신 방법대로 먹으니까 정말 말있습니다ㅜㅜ 밑반찬도 너무 잘나오고 맛있어요 ! 최고입니다 👍🏼,64,1,,,0.5,0,1,strong_generic_praise:-1 | no_number_detail_with_praise:-1 | first_visit_short:-1.5 | has_menu:+1.5 | category_count:+1 | has_detailed_negative:+2 | has_photo:+0.5 | naver_first_visit_short_praise:-1,1,3,0,0,0,1,0,0,0,0,0,0,FP: 가짜 리뷰를 실제로 분류,방문 맥락 표현 과대 반영
train,kakao,금금 성수점,금비,248,2025-07-30,,양이 적어요,6,0,3.0,4.2,1.5,0,1,short_review:-1 | ultra_short_review:-1 | has_detailed_negative:+2 | account_review_count_over_100:+1.5,0,0,0,0,0,0,0,0,0,0,1,1,FP: 가짜 리뷰를 실제로 분류,기타 FP 오분류
train,naver,소문난성수감자탕,스카이깡깡,2251,2025-12-11,1.0,핸드폰충전은 잘했는데 맛은 그냥저냥이었어요 소스는 맛낫지만..,34,1,,,0.0,0,1,first_visit_short:-1.5 | generic_negative_without_detail:-2 | has_menu:+1.5 | account_review_count_over_100:+1.5 | has_photo:+0.5,0,0,0,0,0,1,0,0,0,0,1,1,FP: 가짜 리뷰를 실제로 분류,방문 맥락 표현 과대 반영
train,kakao,성수족발,갓성비,9,2025-06-21,,과거에 먹던 맛이 안나네요 주인장님 바뀌셨나요 몇년만에 갔는데 왜 이렇게 된거죠 ㅠㅠ ㅡ 껍질은 딱 딱해서 앞니론 잘리지도 않고 안썹혀서 잘 넘어가질 않음. ㅡ 고기는 다 말라서 장조림이 따로 없음. ㅡ 김치나 반찬은 말할것도없이 부실하고 ㅡ 포장이라 이런 부위를 줬나? 다 묶어둔거 결제하고 바로 건네줌. ㅡㅡㅡ 이유을 찿아서 다음에 찾을 때에는 맛있는 성수 족발이 되었으면 좋겠네요,215,0,2.0,4.3,-0.5,1,0,no_number_detail_with_praise:-1 | account_review_count_under_10:-1 | has_menu:+1.5,1,1,0,0,0,0,0,0,0,1,0,0,FN: 실제 리뷰를 가짜로 분류,일반적 칭찬 표현으로 인한 오분류
train,kakao,소문난성수감자탕,미스터빈,216,2026-02-24,,리뷰 보면 알겠지만 점원 태도 신경 안쓰는 편이지만 이 집은 개선이 좀 필요해보임 맛은 그냥 맛있는 감자탕임,60,0,2.0,3.3,-1.5,1,0,no_number_detail_with_praise:-1 | generic_negative_without_detail:-2 | account_review_count_over_100:+1.5,1,1,0,0,0,0,0,0,0,0,1,1,FN: 실제 리뷰를 가짜로 분류,일반적 칭찬 표현으로 인한 오분류
train,naver,각시보쌈,눈먼지,54,2026-03-10,1.0,평일 점심에 사람 많은데 회전율 빨라서 대기 10분 정도,31,1,,,7.5,0,1,first_visit_short:-1.5 | has_menu:+1.5 | category_count:+2 | has_number_detail:+2 | has_detailed_negative:+2 | account_review_count_over_50:+1 | has_photo:+0.5,0,0,0,1,1,1,0,0,0,0,1,0,FP: 가짜 리뷰를 실제로 분류,숫자 정보 과대 반영
train,kakao,능동미나리 성수점,봉준호루라기,24,2025-09-20,,회전율 빠르고 깔끔함. 바닥이 미끄러워서 조심해야할 듯.,31,1,4.0,4.6,3.0,0,1,has_menu:+1.5 | category_count:+1 | has_photo:+0.5,0,0,0,0,0,0,0,0,0,0,0,0,FP: 가짜 리뷰를 실제로 분류,사진 등 메타데이터 과대 반영
train,kakao,홍대 조선시대,nnln,2,2026-04-09,,안주가 다양한데 다 맛있고 막걸리가 너무너무 맛있습니다 특히 말차크림막걸리는 진짜 말차라떼처럼 부드럽고 달달해요 ㅜㅜ 너무 많이 마셔서 배부르게 먹고 갑니다!! 다음에 또 방문하고 싶어요,104,1,5.0,5.0,-0.5,1,0,strong_generic_praise:-1 | no_number_detail_with_praise:-1 | account_review_count_under_5:-2 | category_count:+1 | has_detailed_negative:+2 | has_photo:+0.5,1,2,0,0,0,0,0,0,1,1,0,0,FN: 실제 리뷰를 가짜로 분류,일반적 칭찬 표현으로 인한 오분류
train,kakao,옥동식 서교점,국밥투어러,54,2026-04-19,,기대와 웨이팅에비해 맛은 생각보다 평범..,23,0,3.0,3.9,3.0,0,1,short_review:-1 | category_count:+1 | has_detailed_negative:+2 | account_review_count_over_50:+1,0,0,0,0,0,0,0,0,0,0,1,0,FP: 가짜 리뷰를 실제로 분류,방문 맥락 표현 과대 반영
train,kakao,소문난성수감자탕,K,20,2026-01-30,,옛날에 비해 너무 너프된느낌 ... 아쉽네요,24,0,2.0,3.1,-5.0,1,0,short_review:-1 | low_information_review:-2 | generic_negative_without_detail:-2,0,0,0,0,0,0,0,0,0,0,0,0,FN: 실제 리뷰를 가짜로 분류,구체적 부정/혼합 의견 반영 부족
train,kakao,성수족발,돼지공쥬,203,2025-12-10,,3번정도갔지만 자리가 너무불편함 ㅠㅠ 포장을추천드리고 비싸지만 내입맛엔 좋음,42,1,3.0,3.5,5.0,0,1,strong_generic_praise:-1 | has_number_detail:+2 | has_detailed_negative:+2 | account_review_count_over_100:+1.5 | has_photo:+0.5,1,2,0,1,1,0,0,0,0,0,1,1,FP: 가짜 리뷰를 실제로 분류,숫자 정보 과대 반영
train,kakao,금금 성수점,갱,3,2025-06-27,,음식 맛은 좋아도 위생 안좋고 불친절해서 다시는 안가요 설거지 똑바로 안했으면 사과하는게 먼저 아닌가요 가지 마세요,64,0,1.0,2.3,-1.0,1,0,strong_generic_praise:-1 | no_number_detail_with_praise:-1 | account_review_count_under_5:-2 | category_count:+1 | has_detailed_negative:+2,1,2,0,0,0,0,0,0,1,1,0,0,FN: 실제 리뷰를 가짜로 분류,일반적 칭찬 표현으로 인한 오분류
train,kakao,소문난성수감자탕,rose,273,2025-05-25,,감자탕 고기가 너무 퍽퍽해요... 안에 나물도 거의 없고 볶음밥은 김가루+깻잎 끝.. 재방문의사 없습니다,58,1,1.0,3.6,3.5,0,1,has_menu:+1.5 | account_review_count_over_100:+1.5 | has_photo:+0.5,0,0,0,0,0,0,0,0,0,0,1,1,FP: 가짜 리뷰를 실제로 분류,메뉴 언급 과대 반영
train,naver,할머니의 레시피,ai****,805,2025-05-04,1.0,반찬이 정갈하게 잘 나와요,14,1,,,1.0,0,1,short_review:-1 | first_visit_short:-1.5 | has_menu:+1.5 | account_review_count_over_100:+1.5 | has_photo:+0.5,0,0,0,0,0,1,0,0,0,0,1,1,FP: 가짜 리뷰를 실제로 분류,방문 맥락 표현 과대 반영
train,kakao,능동미나리 성수점,주응짱,21,2026-02-21,,명성과 웨이팅에 비해 ㅠㅡㅠ 다소 아쉬웠습니다. 개인적으로 쏘쏘네용,37,0,3.0,4.3,3.0,0,1,category_count:+1 | has_detailed_negative:+2,0,0,0,0,0,0,0,0,0,0,0,0,FP: 가짜 리뷰를 실제로 분류,방문 맥락 표현 과대 반영
train,naver,금금 성수점,쵸코비쨩,14,2026-04-05,1.0,진짜 맛있어용!! 데이트 장소로 좋은 거 같아요! 직원들도 친절하시고 음식이 새롭고 맛있습니다! 추천해용!!!,61,1,,,1.0,0,1,strong_generic_praise:-1 | no_number_detail_with_praise:-1 | first_visit_short:-1.5 | category_count:+3 | has_detailed_negative:+2 | has_photo:+0.5 | naver_first_visit_short_praise:-1,1,4,0,0,0,1,0,0,0,0,0,0,FP: 가짜 리뷰를 실제로 분류,방문 맥락 표현 과대 반영
train,kakao,능동미나리 성수점,내돈내산,146,2025-03-25,,외국인 친구랑 방문했는데 맛있게 먹었습니다. 달짝지근해서 웬만한 사람들 다 맛있게 먹을 것 같아요~,55,1,4.0,3.2,4.0,0,1,strong_generic_praise:-1 | no_number_detail_with_praise:-1 | category_count:+2 | has_detailed_negative:+2 | account_review_count_over_100:+1.5 | has_photo:+0.5,1,2,0,0,0,0,0,0,0,0,1,1,FP: 가짜 리뷰를 실제로 분류,방문 맥락 표현 과대 반영
train,kakao,이태리국시 성수,진영☆주언마미☆,3,2026-03-29,,일요일 11시30분 오픈런했어요~웨이팅.없이 식사했구요~시그니처.메뉴들.위주로 먹었어요~약간 매콤한 메뉴들이.많아서 너무 좋았고...주말 낮에 가볍게 와인한잔이랑 너무 어울리는 메뉴들입니다! ^^,109,1,5.0,5.0,4.5,0,1,account_review_count_under_5:-2 | category_count:+2 | has_number_detail:+2 | has_detailed_negative:+2 | has_photo:+0.5,1,1,0,1,2,0,0,0,1,1,0,0,FP: 가짜 리뷰를 실제로 분류,숫자 정보 과대 반영
train,kakao,금금 성수점,20274920,31,2025-01-09,,퓨전요리 신기했어요,10,1,4.0,4.3,1.0,0,1,short_review:-1 | has_menu:+1.5 | has_photo:+0.5,0,0,0,0,0,0,0,0,0,0,0,0,FP: 가짜 리뷰를 실제로 분류,사진 등 메타데이터 과대 반영
train,naver,장인닭갈비 홍대점,loo****,2,2026-04-18,1.0,인테리어 예쁘고 화려하고 음악도 잘 틀어주시고 닭고기 맛도 맛있었습니다 다시 오겠습니다,48,1,,,-2.5,1,0,no_number_detail_with_praise:-1 | account_review_count_under_5:-2 | first_visit_short:-1.5 | has_menu:+1.5 | category_count:+1 | has_photo:+0.5 | naver_first_visit_short_praise:-1,1,1,0,0,0,1,0,0,1,1,0,0,FN: 실제 리뷰를 가짜로 분류,일반적 칭찬 표현으로 인한 오분류
train,naver,각시보쌈,연샤미,1677,2026-02-28,1.0,두명이서 소자 충분하고 공깃밥시키면 김치찌개도 나와요~ 술안주로 딱입니다ㅎㅎ,42,1,,,2.0,0,1,first_visit_short:-1.5 | has_menu:+1.5 | account_review_count_over_100:+1.5 | has_photo:+0.5,0,0,0,0,0,1,0,0,0,0,1,1,FP: 가짜 리뷰를 실제로 분류,메뉴 언급 과대 반영
train,kakao,태양곱창 성수점,페러글라이딩 그까짓거 뭐ㅋ~~🍑,21,2025-12-13,,다음지도 네이버 모두 11시 운영으로 되어있지만 실제 운영하시 않음,37,0,1.0,2.5,2.0,0,1,has_number_detail:+2,0,0,0,1,1,0,0,0,0,0,0,0,FP: 가짜 리뷰를 실제로 분류,숫자 정보 과대 반영
train,kakao,락희옥 마포본점,hooonooo,16,2025-04-07,,삼치회랑 보쌈 시켰습니다! 보쌈이 탱탱해요 맛있습니다!,30,1,5.0,3.0,0.0,0,1,no_number_detail_with_praise:-1 | has_menu:+1.5 | has_photo:+0.5 | kakao_5star_short_praise:-1,1,1,0,0,0,0,0,0,0,0,0,0,FP: 가짜 리뷰를 실제로 분류,사진 등 메타데이터 과대 반영
train,naver,소문난성수감자탕,mmo****,30,2026-01-13,1.0,성수에 늦게까지하는곳이 없는데 늦은시간까지해서 좋다. 맛도있다. 밥보다는 수제비를 추천쓰 암튼 배불러,56,1,,,0.5,0,1,no_number_detail_with_praise:-1 | first_visit_short:-1.5 | has_menu:+1.5 | has_detailed_negative:+2 | has_photo:+0.5 | naver_first_visit_short_praise:-1,1,1,0,0,0,1,0,0,0,0,0,0,FP: 가짜 리뷰를 실제로 분류,메뉴 언급 과대 반영
train,kakao,황금콩밭,리보,79,2026-03-09,,가격대는 있지만 대만족. 청국장과 생두부가 특히 맛있었어요.,33,1,5.0,4.7,3.0,0,1,no_number_detail_with_praise:-1 | has_menu:+1.5 | has_detailed_negative:+2 | account_review_count_over_50:+1 | has_photo:+0.5 | kakao_5star_short_praise:-1,1,1,0,0,0,0,0,0,0,0,1,0,FP: 가짜 리뷰를 실제로 분류,사진 등 메타데이터 과대 반영
train,naver,금금 성수점,LIZZY37,17,2026-03-05,1.0,"된장으로 만든 한국식 마제소바라는데 완전 맛있다. 근래 먹은것 중에 제일 맛있었다. 맛이 그렇게 특이한건 아니고 일반 마제소바랑 거의 비슷하다. 된장맛이 나긴나는데 일반 마제소바맛이 더 강해서. 그래도 된장맛이 되게 잘 어울리고, 색다른 맛은 아니어도 이 자체로 맛있고, 고명으로 올라가는 수육이랑 튀긴두부도 잘 어울리고 맛있다 매장은 작은데 사람도 꽤 잘 빠져서 대기는 거의 없는 수준. 물론 주중이라 그렇고 주말엔 대기 길것 같다.",243,1,,,3.5,0,1,strong_generic_praise:-1 | no_number_detail_with_praise:-1 | first_visit:-0.5 | has_menu:+1.5 | category_count:+2 | has_detailed_negative:+2 | has_photo:+0.5,1,4,0,0,0,1,0,0,0,0,0,0,FP: 가짜 리뷰를 실제로 분류,방문 맥락 표현 과대 반영
train,kakao,대성갈비,hotti,15,2025-07-20,,진짜 김치찌개 미쳤습니다......!,20,0,5.0,4.1,3.5,0,1,short_review:-1 | has_menu:+1.5 | category_count:+1 | has_detailed_negative:+2,0,0,0,0,0,0,0,0,0,0,0,0,FP: 가짜 리뷰를 실제로 분류,메뉴 언급 과대 반영
train,kakao,태양곱창 성수점,이동현,31,2025-06-13,,유튜브에서 본 것보단 양이 적지만 자극적이고 맛있었어요 다음엔친구랑올게요,40,1,5.0,4.8,1.5,0,1,no_number_detail_with_praise:-1 | category_count:+1 | has_detailed_negative:+2 | has_photo:+0.5 | kakao_5star_short_praise:-1,1,1,0,0,0,0,0,0,0,0,0,0,FP: 가짜 리뷰를 실제로 분류,사진 등 메타데이터 과대 반영
train,kakao,쭌곱창,이정현,1,2025-12-29,,맛도 있고 은은하게 매운걸 계란찜이랑 생크림이 잡아줘서 너무 좋아요!!! 그리고 사장님도 너무 친절하시고 먹는 방법까지 알려주셔서 너무 좋았어요!!,82,1,5.0,5.0,-4.5,1,0,strong_generic_praise:-1 | no_number_detail_with_praise:-1 | account_review_count_is_1:-3 | many_intensifier_without_specificity:-1 | category_count:+1 | has_photo:+0.5,1,3,0,0,0,0,0,1,1,1,0,0,FN: 실제 리뷰를 가짜로 분류,일반적 칭찬 표현으로 인한 오분류
train,kakao,소문난성수감자탕,짬타맨,40,2025-02-01,,"평범한줄 알았는데, 다른 뼈다귀집 가니까 고기가 질겨서 안뜯김... 여기정도면 상급이다.",49,0,4.0,4.0,1.5,0,1,has_menu:+1.5,0,0,0,0,0,0,0,0,0,0,0,0,FP: 가짜 리뷰를 실제로 분류,메뉴 언급 과대 반영
train,kakao,성수족발,송원,9,2025-11-15,,10시 마감이라고 써놨으면서 9시 40분에 갑자기 오시더니 지금 바로 나가라고 하심;; 이게 뭥..,55,1,1.0,4.6,1.5,0,1,account_review_count_under_10:-1 | has_number_detail:+2 | has_photo:+0.5,0,0,0,1,3,0,0,0,0,1,0,0,FP: 가짜 리뷰를 실제로 분류,숫자 정보 과대 반영
train,naver,쭌곱창,도장깨기중인채,29,2026-04-25,1.0,최고에용 요즘같은 날씨 야장자리에 앉아서 호로록 내일은 모르겠고오늘을 즐깁니다🫶🏻,45,1,,,-6.0,1,0,generic_without_detail:-3 | no_number_detail_with_praise:-1 | first_visit_short:-1.5 | has_photo:+0.5 | naver_first_visit_short_praise:-1,1,1,1,0,0,1,0,0,0,0,0,0,FN: 실제 리뷰를 가짜로 분류,일반적 칭찬 표현으로 인한 오분류
train,kakao,금금 성수점,Undercover,24,2025-10-25,,근처고 웨이팅 없이 먹기는 ㄱㅊ아요,19,0,3.0,3.0,2.0,0,1,short_review:-1 | category_count:+1 | has_detailed_negative:+2,0,0,0,0,0,0,0,0,0,0,0,0,FP: 가짜 리뷰를 실제로 분류,방문 맥락 표현 과대 반영
train,kakao,소문난성수감자탕,아리 🐣🐥🐤789,10,2025-12-06,,맛도 좋고 가격도 적당합니다.,16,1,4.0,4.4,1.5,0,1,short_review:-1 | has_detailed_negative:+2 | has_photo:+0.5,0,0,0,0,0,0,0,0,0,0,0,0,FP: 가짜 리뷰를 실제로 분류,사진 등 메타데이터 과대 반영
train,naver,태양곱창 성수점,Kangals10,8,2026-04-23,1.0,둘이서 소짜 시켜 먹었는데 양이 엄청 많아서 배부르게 잘 먹었습니다!! 볶음밥이 진짜 맛있어요~~,54,1,,,0.5,0,1,no_number_detail_with_praise:-1 | account_review_count_under_10:-1 | first_visit_short:-1.5 | has_menu:+1.5 | category_count:+1 | has_detailed_negative:+2 | has_photo:+0.5 | naver_first_visit_short_praise:-1,1,1,0,0,0,1,0,0,0,1,0,0,FP: 가짜 리뷰를 실제로 분류,메뉴 언급 과대 반영
train,kakao,락희옥 마포본점,후,6,2026-04-16,,콜키지 프리라서 왓는데 직원분 퍼포먼스 너무 좋아요 ㅋㅋㅋ그리구 음식두 맛있어용 또올게용,49,1,5.0,5.0,-3.5,1,0,strong_generic_praise:-1 | no_number_detail_with_praise:-1 | account_review_count_under_10:-1 | category_count:+1 | has_photo:+0.5 | kakao_5star_short_praise:-1 | kakao_high_avg_short_low_specificity:-1,1,2,0,0,0,0,0,0,0,1,0,0,FN: 실제 리뷰를 가짜로 분류,일반적 칭찬 표현으로 인한 오분류
train,kakao,황금콩밭,ㅇㅅㅇ,15,2026-02-01,,혼자가면두부짜글이 둘이가면짜박두부,18,0,4.0,4.1,2.0,0,1,short_review:-1 | category_count:+1 | has_detailed_negative:+2,0,0,0,0,0,0,0,0,0,0,0,0,FP: 가짜 리뷰를 실제로 분류,메뉴 언급 과대 반영
train,kakao,쭌곱창,윤예원,2,2025-12-18,,"친구가 맛있다고 추천해 줘서 왔는데, 너무 맛있었습니다!!! 곱창 닭발 세트로 시켰는데 불맛도 나도 맛있어요 👍",62,1,5.0,5.0,-2.0,1,0,strong_generic_praise:-1 | no_number_detail_with_praise:-1 | account_review_count_under_5:-2 | has_menu:+1.5 | category_count:+1 | has_photo:+0.5 | kakao_5star_short_praise:-1,1,4,0,0,0,0,0,0,1,1,0,0,FN: 실제 리뷰를 가짜로 분류,일반적 칭찬 표현으로 인한 오분류
train,kakao,홍대 조선시대,정지영,1,2026-04-30,,일단 너무 맛있습니다ㅠㅠ 제가 술을 잘 안먹는데 여기 딸기막걸리는 정말 예술이에요ㅠ 진짜 정말 맛있어요🥹 여기 정말 자주자주 오는 이유이기도 합니다! 근데 막걸리뿐만아니라 안주들도 다 맛있어요! 꼭 여기 오세요!,118,1,5.0,5.0,-1.5,1,0,strong_generic_praise:-1 | no_number_detail_with_praise:-1 | account_review_count_is_1:-3 | category_count:+1 | has_detailed_negative:+2 | has_photo:+0.5,1,3,0,0,0,0,0,1,1,1,0,0,FN: 실제 리뷰를 가짜로 분류,일반적 칭찬 표현으로 인한 오분류
train,naver,금금 성수점,닉네임 고민하다 1시간 보낸 사람,1408,2026-01-08,7.0,금금이 리뉴얼됐다. 소갈비 메뉴 시리즈가 새로 생겼다. 소갈비국밥을 골랐다. 소갈비가 깍둑썰려있어서 씹는 맛이 좋다. 부드럽다. 이에 안낀다. 양배추쌈밥도 생겼다. 구수하다.,97,1,,,5.5,0,1,has_menu:+1.5 | category_count:+1 | revisit:+1 | account_review_count_over_100:+1.5 | has_photo:+0.5,0,0,0,0,0,0,1,0,0,0,1,1,FP: 가짜 리뷰를 실제로 분류,메뉴 언급 과대 반영
train,kakao,훼미리손칼국수보쌈,Yns,37,2025-04-11,,맛 가성비 다 잡은 맛집!! 웨이팅 꽤 오래했지만 그럴 가치가 있었어용,39,1,5.0,3.7,1.5,0,1,no_number_detail_with_praise:-1 | category_count:+1 | has_detailed_negative:+2 | has_photo:+0.5 | kakao_5star_short_praise:-1,1,1,0,0,0,0,0,0,0,0,0,0,FP: 가짜 리뷰를 실제로 분류,방문 맥락 표현 과대 반영
train,kakao,옥동식 서교점,be real,62,2026-02-24,,일본에선 980엔이라면서요?….. 안갈래요,23,0,1.0,1.8,1.5,0,1,short_review:-1 | has_menu:+1.5 | account_review_count_over_50:+1,0,0,0,0,0,0,0,0,0,0,1,0,FP: 가짜 리뷰를 실제로 분류,메뉴 언급 과대 반영
train,naver,할머니의 레시피,여느060,704,2025-11-01,2.0,쌈밥정식 최고예요.,10,1,,,0.5,0,1,short_review:-1 | short_generic_review:-2 | no_number_detail_with_praise:-1 | has_menu:+1.5 | revisit:+1 | account_review_count_over_100:+1.5 | has_photo:+0.5,1,1,0,0,0,0,1,0,0,0,1,1,FP: 가짜 리뷰를 실제로 분류,메뉴 언급 과대 반영
train,kakao,장인닭갈비 홍대점,예콩,44,2026-03-10,,국내산 닭이랑 최고 신선한 모짜렐라 조합 안드셔 보셨으면 무조건!!!드세요 그리고 볶음밥마저 찐이라 안먹으면 후회함 ㅠㅠ,67,0,5.0,5.0,2.5,0,1,no_number_detail_with_praise:-1 | has_menu:+1.5 | category_count:+1 | has_detailed_negative:+2 | kakao_5star_short_praise:-1,1,1,0,0,0,0,0,0,0,0,0,0,FP: 가짜 리뷰를 실제로 분류,메뉴 언급 과대 반영
train,kakao,능동미나리 성수점,승원,1,2026-01-26,,육회비빔밥이랑 미나리곰탕 먹었는데 너무 맛있었어요!! 공기밥도 하나씩 무료로 리필 되는점이 좋았습니당 다음에는 육전도 먹어볼려구요ㅎㅎ,74,0,5.0,5.0,-4.5,1,0,strong_generic_praise:-1 | no_number_detail_with_praise:-1 | account_review_count_is_1:-3 | has_menu:+1.5 | kakao_5star_short_praise:-1,1,2,0,0,0,0,0,1,1,1,0,0,FN: 실제 리뷰를 가짜로 분류,일반적 칭찬 표현으로 인한 오분류
train,naver,금금 성수점,A름다Um,30,2026-03-02,1.0,특별한 한식을 경험하기위해 결정했는데 메뉴들이 담백하고 깔끔한 맛이예요. 잘먹었습니다.,48,1,,,1.0,0,1,first_visit_short:-1.5 | category_count:+2 | has_photo:+0.5,0,0,0,0,0,1,0,0,0,0,0,0,FP: 가짜 리뷰를 실제로 분류,방문 맥락 표현 과대 반영
train,naver,옥동식,okee0,630,2026-02-19,1.0,맑은 돼지국밥이에요,10,1,,,1.0,0,1,short_review:-1 | first_visit_short:-1.5 | has_menu:+1.5 | account_review_count_over_100:+1.5 | has_photo:+0.5,0,0,0,0,0,1,0,0,0,0,1,1,FP: 가짜 리뷰를 실제로 분류,메뉴 언급 과대 반영
train,naver,금금 성수점,La dolce vita9,76,2026-04-15,1.0,맛도 자극적이지 않으면서도 입맛돌게 잘 먹었어요 면이 진짜 쫄깃하고 맛있어요,42,1,,,1.0,0,1,no_number_detail_with_praise:-1 | first_visit_short:-1.5 | category_count:+1 | has_detailed_negative:+2 | account_review_count_over_50:+1 | has_photo:+0.5 | naver_first_visit_short_praise:-1,1,1,0,0,0,1,0,0,0,0,1,0,FP: 가짜 리뷰를 실제로 분류,메뉴 언급 과대 반영
train,naver,태양곱창 성수점,hee****,33,2026-03-14,1.0,냄새없이 촉촉하게 잘 볶아서 맛있습니다! 양도 많아요~~,31,1,,,-2.0,1,0,no_number_detail_with_praise:-1 | first_visit_short:-1.5 | category_count:+1 | has_photo:+0.5 | naver_first_visit_short_praise:-1,1,1,0,0,0,1,0,0,0,0,0,0,FN: 실제 리뷰를 가짜로 분류,일반적 칭찬 표현으로 인한 오분류
train,naver,소문난성수감자탕,ash****,24,2026-01-05,1.0,저만 그렀나.. 3년간 너무 가고싶었던 식당이었고 기대가 많았어요! 마침내 친구랑 갔는데 기대만큼 맛있지는 않았어요.. 간이 안맞고 싱거워서 아쉬웠어요 친구도 같은 생각이었고 다른 사람에게 물어봤는데 별로라고 하더라고요..,124,1,,,-2.0,1,0,no_number_detail_with_praise:-1 | first_visit:-0.5 | generic_negative_without_detail:-2 | category_count:+1 | has_photo:+0.5,1,1,0,0,0,1,0,0,0,0,0,0,FN: 실제 리뷰를 가짜로 분류,일반적 칭찬 표현으로 인한 오분류
train,naver,마포양지설렁탕,오늘도 감사합니다,292,2025-12-20,7.0,국물이 설렁탕이랑 달라요 꼬리곰탕 국물이 맛있어요,27,1,,,2.0,0,1,short_review:-1 | short_generic_review:-2 | no_number_detail_with_praise:-1 | category_count:+1 | has_detailed_negative:+2 | revisit:+1 | account_review_count_over_100:+1.5 | has_photo:+0.5,1,1,0,0,0,0,1,0,0,0,1,1,FP: 가짜 리뷰를 실제로 분류,메뉴 언급 과대 반영
train,kakao,이태리국시 성수,김성현,1,2026-04-30,,"파스타집 방문했는데 분위기가 정말 좋아서 식사 내내 기분이 좋았어요 😊 리조또랑 파스타 둘 다 맛있어서 만족스럽게 먹었고, 전체적으로 음식 퀄리티도 괜찮았습니다. 편하게 이야기 나누면서 식사하기 좋은 곳이라 다음에도 또 방문하고 싶어요 👍",133,1,5.0,5.0,-2.0,1,0,strong_generic_praise:-1 | no_number_detail_with_praise:-1 | account_review_count_is_1:-3 | has_menu:+1.5 | category_count:+1 | has_photo:+0.5,1,3,0,0,0,0,0,1,1,1,0,0,FN: 실제 리뷰를 가짜로 분류,일반적 칭찬 표현으로 인한 오분류
train,naver,금금 성수점,코너 맥스리거,48,2026-01-10,1.0,익숙하면서도 신기한 메뉴가 많아요. 된장국수는 살짝 매콤한 맛이있어서 묵은지참치말이랑 닽이먹으면 조합이 좋아요 그리고 미나리 갈비국밥은 자극적이지않고 미나리형이 은은하게 퍼지는게 맛이좋습니다!!,108,1,,,-0.5,1,0,strong_generic_praise:-1 | no_number_detail_with_praise:-1 | first_visit:-0.5 | has_menu:+1.5 | has_photo:+0.5,1,2,0,0,0,1,0,0,0,0,0,0,FN: 실제 리뷰를 가짜로 분류,일반적 칭찬 표현으로 인한 오분류
train,naver,태양곱창 성수점,찌니바이브,135,2026-01-21,1.0,치즈추가 무조건 하세요!! 진짜 유명한 이유가 있다~~ 완전 맛잇오요,38,1,,,3.0,0,1,no_number_detail_with_praise:-1 | first_visit_short:-1.5 | has_menu:+1.5 | category_count:+1 | has_detailed_negative:+2 | account_review_count_over_100:+1.5 | has_photo:+0.5 | naver_first_visit_short_praise:-1,1,1,0,0,0,1,0,0,0,0,1,1,FP: 가짜 리뷰를 실제로 분류,방문 맥락 표현 과대 반영
train,kakao,소문난성수감자탕,ㅁㄱ,6,2025-12-14,,정말 최악 이네요 어떻게 관리 하시는 거죠? 맛은 그렇다 쳐도 사람 밥먹으러 왔는데 먹기 전에 기분 나쁘게 하는 법은 뭔가요? 안 그러셨으면 좋겠습니다.,85,0,1.0,3.3,-1.5,1,0,account_review_count_under_10:-1 | generic_negative_without_detail:-2 | has_menu:+1.5,0,0,0,0,0,0,0,0,0,1,0,0,FN: 실제 리뷰를 가짜로 분류,메뉴 언급 반영 부족
train,naver,각시보쌈,맛도리아저씨,1909,2026-04-04,1.0,이조보쌈과 비교하면 각시보쌈은 항정 부위가 좀 더 많아서 좋았습니다. 맛있는 합정 근처 보쌈집입니다.,56,1,,,-1.0,1,0,strong_generic_praise:-1 | no_number_detail_with_praise:-1 | first_visit_short:-1.5 | has_menu:+1.5 | account_review_count_over_100:+1.5 | has_photo:+0.5 | naver_first_visit_short_praise:-1,1,2,0,0,0,1,0,0,0,0,1,1,FN: 실제 리뷰를 가짜로 분류,일반적 칭찬 표현으로 인한 오분류
train,naver,소문난성수감자탕,uarpjh,124,2026-04-27,1.0,양이 진짜 미쳤습니당….,13,1,,,2.5,0,1,short_review:-1 | first_visit_short:-1.5 | category_count:+1 | has_detailed_negative:+2 | account_review_count_over_100:+1.5 | has_photo:+0.5,0,0,0,0,0,1,0,0,0,0,1,1,FP: 가짜 리뷰를 실제로 분류,방문 맥락 표현 과대 반영
train,naver,금금 성수점,천재16,33,2026-02-02,1.0,여자친구랑 데이트로 밥먹기에 딱이고 웨이팅 없이 먹어서 좋았어요 가격도 다른곳에 비해 합리적이라 다음에 또 방문할거같습니다,68,1,,,1.0,0,1,no_number_detail_with_praise:-1 | first_visit_short:-1.5 | category_count:+2 | has_detailed_negative:+2 | has_photo:+0.5 | naver_first_visit_short_praise:-1,1,1,0,0,0,1,0,0,0,0,0,0,FP: 가짜 리뷰를 실제로 분류,메뉴 언급 과대 반영
train,kakao,태양곱창 성수점,윶찌,19,2025-06-28,,이게 뭔맛이여... 그냥 너무 싱거워요 아무 맛이 안나요 싱싱한 곱창에 무슨 짓을 했는지 모르겠음 외국인들이 이게 존맛 곱창전골이라고 생각할까봐 걱정됨 밀키트는 무슨 밀키트에요ㅠ,99,1,1.0,4.1,-1.0,1,0,no_number_detail_with_praise:-1 | generic_negative_without_detail:-2 | has_menu:+1.5 | has_photo:+0.5,1,1,0,0,0,0,0,0,0,0,0,0,FN: 실제 리뷰를 가짜로 분류,일반적 칭찬 표현으로 인한 오분류
train,naver,소문난성수감자탕,미냥쿵,14,2025-12-04,1.0,"직원분들은 반말하고, 계산하시는 분은 인사는 커녕 저와 한마디도 안하시네요. 인사는 안하는 스타일이시라고 해도 최소한 결제가 되었는지 아닌지는 말해줘야 제가 카드를 뽑고 나가지 않을까요? 기대하고 먹으러 간거였는데 다시 이용할 생각 없습니다.",135,0,,,0.5,0,1,first_visit:-0.5 | category_count:+1,0,0,0,0,0,1,0,0,0,0,0,0,FP: 가짜 리뷰를 실제로 분류,방문 맥락 표현 과대 반영
train,naver,태양곱창 성수점,비귤,32,2026-04-05,1.0,손님이 많았지만 웨이팅 오래 안기다리고 금방 왔어요! 잡내도 없고 술을 부르는 맛이에요☺️ 맛있게 잘 먹었습니다,62,1,,,1.0,0,1,no_number_detail_with_praise:-1 | first_visit_short:-1.5 | category_count:+2 | has_detailed_negative:+2 | has_photo:+0.5 | naver_first_visit_short_praise:-1,1,1,0,0,0,1,0,0,0,0,0,0,FP: 가짜 리뷰를 실제로 분류,방문 맥락 표현 과대 반영
train,naver,할머니의 레시피,드림하이123,223,2025-04-26,1.0,주말 성수동은 정말 사람이 많습니다^^; 할머니의 레시피에 또 한번 방문하고 싶어서 들렀는데 역시 주말이라 그런지 대기줄이 길었어요^^;; 1시간정도는 기다림을 감수해야할듯합니다. 캐치 테이블이 없어서 사진처럼 저렇게 직접 기다리는게 좀 힘들었어요. 예약 시스템이 좀 바뀌었으면 합니다. 입장이 되면 다시 지하로 내려가 잠시 기다리면 호출이 되고 자리에 착석해서 주문하면 되요. 저흰 4명이서 둘둘 나눠서 앉았구요. 각자 좋아하는 메뉴 주문했습니다. 사장님 정말 정말 친절하시고 알바생분들도 넘 깔끔하고 예의바르세요. 깔끔하고 정갈한 한정식을 맛보고 싶다면 주말피해서 할머니의 레시피 추천드립니다^^,335,1,,,7.5,0,1,strong_generic_praise:-1 | first_visit:-0.5 | category_count:+3 | has_number_detail:+2 | has_detailed_negative:+2 | account_review_count_over_100:+1.5 | has_photo:+0.5,1,3,0,1,2,1,0,0,0,0,1,1,FP: 가짜 리뷰를 실제로 분류,숫자 정보 과대 반영
train,naver,소문난성수감자탕,비비빅89,2,2026-01-04,1.0,"웬만해선 자의로 리뷰 안 남기고, 리뷰이벤트 경우만 남기는데 여기는 진짜 글을 쓰게 만듦 일단 음식 먹으러 가서 기가빨린 것도 처음이고, 도대체가 음식을 팔아서 먹으라는건지 밥을 먹는 와중에 중국어로 계속 침튀겨가며 말하는 직원분들 때문에 밥맛이 너무 떨어졌음. 최악임 진짜 뭐 바이럴 돼서 장사 잘 되는 것도 알고, 다들 바쁜 것도 아는데 그냥 너무 더러웠음. 손님 응대하는 것부터 자기들 아쉬울 거 없으니 뭐 알아서 하시라 식의 말투도 그냥 바쁘니까 그러려니 했으나, 음식 먹고 있는데 침튀겨가며 특유의 중국어 써 가면서 다른 주문 받으면 밥 먹는 나는 뭐가 됨? 적어도 마스크 정도는 쓰던가 그렇다고 맛있냐? 그것도 아님. 진지하게 조마루감자탕 압승임 걍 먹다가 진짜 침 몇번 튀겨갖고 더러워서 나왔음ㅋㅋ",397,0,,,-1.5,1,0,no_number_detail_with_praise:-1 | account_review_count_under_5:-2 | first_visit:-0.5 | event_word:-2 | category_count:+2 | has_detailed_negative:+2,1,1,0,0,0,1,0,0,1,1,0,0,FN: 실제 리뷰를 가짜로 분류,일반적 칭찬 표현으로 인한 오분류
train,naver,금금 성수점,sks****,36,2026-03-22,1.0,지나가다 들렸는데 완전 성수 맛집이네요~~ 퓨전한식이라 메뉴도 색달랐고 맛도 너무 좋았어요^^,52,1,,,0.5,0,1,strong_generic_praise:-1 | no_number_detail_with_praise:-1 | first_visit_short:-1.5 | has_menu:+1.5 | category_count:+1 | has_detailed_negative:+2 | has_photo:+0.5 | naver_first_visit_short_praise:-1,1,2,0,0,0,1,0,0,0,0,0,0,FP: 가짜 리뷰를 실제로 분류,방문 맥락 표현 과대 반영
train,naver,홍대 육지,mrs****,8,2026-04-28,1.0,친절한 서비스에 일단 감동으로 시작... 쾌적한 공간에 잔잔한 bgm.. 돈대갈비 👍 .. 모든 🐖 🐷 👍👍👍 호강하는 하루였어요.^^,75,1,,,-0.5,1,0,no_number_detail_with_praise:-1 | account_review_count_under_10:-1 | first_visit_short:-1.5 | has_menu:+1.5 | category_count:+2 | has_photo:+0.5 | naver_first_visit_short_praise:-1,1,1,0,0,0,1,0,0,0,1,0,0,FN: 실제 리뷰를 가짜로 분류,일반적 칭찬 표현으로 인한 오분류
train,kakao,육산장 홍대본점,이찬양,1,2026-04-30,,분위기 너무 좋아요!!! 고기도 초벌돼서 나와서 금방 먹을 수 있어서 좋아요 야장도 있는데 도로 바로 옆에서 먹는 느낌 안나서 좋아요,74,1,5.0,5.0,-3.0,1,0,strong_generic_praise:-1 | no_number_detail_with_praise:-1 | account_review_count_is_1:-3 | has_menu:+1.5 | category_count:+1 | has_photo:+0.5 | kakao_5star_short_praise:-1,1,3,0,0,0,0,0,1,1,1,0,0,FN: 실제 리뷰를 가짜로 분류,일반적 칭찬 표현으로 인한 오분류
train,kakao,황금콩밭,민보리,2,2026-03-31,,"왜 이집에 줄을 서는지 모르겠네요 최악의 청국장 ,,이런 맛 처음이고 두부 4쪽에 1만 6천원 ㅠㅠ 비추 입니다 ^^ 나를 맛집이러고 데리고 가신분도 황당해서 몸둘바를 몰라해서 내가 되려 미안했어요",110,1,1.0,1.0,-3.0,1,0,no_number_detail_with_praise:-1 | account_review_count_under_5:-2 | generic_negative_without_detail:-2 | has_menu:+1.5 | has_photo:+0.5,1,1,0,0,0,0,0,0,1,1,0,0,FN: 실제 리뷰를 가짜로 분류,일반적 칭찬 표현으로 인한 오분류
train,naver,태양곱창 성수점,난섭이,392,2026-02-05,1.0,양이 진짜 많습니다! 두명에서 소짜 배터지게 먹었네요!,30,1,,,3.5,0,1,first_visit_short:-1.5 | category_count:+1 | has_detailed_negative:+2 | account_review_count_over_100:+1.5 | has_photo:+0.5,0,0,0,0,0,1,0,0,0,0,1,1,FP: 가짜 리뷰를 실제로 분류,방문 맥락 표현 과대 반영
train,kakao,마포양지설렁탕 도화점,맛도리만,574,2025-10-12,,파김치 고트,6,0,4.0,3.9,1.0,0,1,short_review:-1 | ultra_short_review:-1 | has_menu:+1.5 | account_review_count_over_100:+1.5,0,0,0,0,0,0,0,0,0,0,1,1,FP: 가짜 리뷰를 실제로 분류,기타 FP 오분류
train,naver,각시보쌈,도토루짱,693,2026-04-15,1.0,지인 추천으로 방문 금요일 갔더니 손님이 너무 많네요. 웨이팅이 있긴 했지만 음식이 맛있어서 또 갈듯.,57,1,,,0.5,0,1,strong_generic_praise:-1 | no_number_detail_with_praise:-1 | first_visit_short:-1.5 | category_count:+1 | has_detailed_negative:+2 | account_review_count_over_100:+1.5 | has_photo:+0.5 | naver_first_visit_short_praise:-1,1,2,0,0,0,1,0,0,0,0,1,1,FP: 가짜 리뷰를 실제로 분류,방문 맥락 표현 과대 반영
train,naver,할머니의 레시피,fleek플리크,422,2025-04-06,1.0,"고깃집 제외하고 한식집 찾기 어려운 성수동. (저만 모르나요....? ) 게다가 대기줄은 가게마다 어마어마하고,. (주말이라 당연한거겠죠?!) 딸이랑 데이트하다가 식사하러 들렀습니다. 양도 넉넉하고 찬이 다양해서 좋았어요~😁",125,0,,,4.0,0,1,no_number_detail_with_praise:-1 | first_visit:-0.5 | category_count:+2 | has_detailed_negative:+2 | account_review_count_over_100:+1.5,1,1,0,0,0,1,0,0,0,0,1,1,FP: 가짜 리뷰를 실제로 분류,방문 맥락 표현 과대 반영
train,naver,장인닭갈비 홍대점,dlatmfr7715,136,2026-04-13,1.0,너무 맛있어요 처음 와봤는데 너무 맛있고 직원분들 너무 친절하고 매장도 쾌적하고 좋아요 닭갈비 순한맛으로 먹었는데 너무 맛있어요 ㅎㅎ,74,1,,,1.0,0,1,strong_generic_praise:-1 | no_number_detail_with_praise:-1 | first_visit_short:-1.5 | has_menu:+1.5 | category_count:+2 | account_review_count_over_100:+1.5 | has_photo:+0.5 | naver_first_visit_short_praise:-1,1,5,0,0,0,1,0,0,0,0,1,1,FP: 가짜 리뷰를 실제로 분류,방문 맥락 표현 과대 반영
train,kakao,성수족발,뭉뭉,2,2025-08-28,,세점까지는 인생족발인데 너무 달고 느끼해서 바로 질려요,30,0,3.0,4.0,2.5,0,1,account_review_count_under_5:-2 | has_menu:+1.5 | category_count:+1 | has_detailed_negative:+2,0,0,0,0,0,0,0,0,1,1,0,0,FP: 가짜 리뷰를 실제로 분류,기타 FP 오분류
train,naver,금금 성수점,had****,27,2026-04-27,1.0,보리된장국수 너무 맛있었어요 덮밥과 묵은지말이도 맛있었습니다 !! 다음엔 품절된 메뉴 나머지 다 먹으러 와야겠어요 번창하세요 :),72,1,,,-7.0,1,0,strong_generic_praise:-1 | generic_without_detail:-3 | no_number_detail_with_praise:-1 | first_visit_short:-1.5 | has_photo:+0.5 | naver_first_visit_short_praise:-1,1,2,1,0,0,1,0,0,0,0,0,0,FN: 실제 리뷰를 가짜로 분류,일반적 칭찬 표현으로 인한 오분류
train,kakao,소문난성수감자탕,gabi,21,2025-03-24,,"very tasty! cook quickly! fresh products. had to wait in line even if lunch time had already passed. but the taste of the food was worth it, recommend visiting 🙂",161,1,4.0,4.3,0.5,0,1,has_photo:+0.5,0,0,0,0,0,0,0,0,0,0,0,0,FP: 가짜 리뷰를 실제로 분류,사진 등 메타데이터 과대 반영
train,kakao,이태리국시 성수,죠르디,16,2026-04-18,,[리뷰이벤트로 작성] 갈비 샐러드19000 대체로 가격대가 좀 나가지만 맛나영 음식 빨리 나옴,52,1,4.0,3.2,2.0,0,1,event_word:-2 | has_menu:+1.5 | has_detailed_negative:+2 | has_photo:+0.5,0,0,0,0,0,0,0,0,0,0,0,0,FP: 가짜 리뷰를 실제로 분류,사진 등 메타데이터 과대 반영
train,kakao,쭌곱창,지수 (젠블),2,2026-04-16,,비쥬얼 굿! 맛도 굿! 사장님이 친절히 맛있게 먹는법 가르쳐주심 생크림파인애플 킥 곱창양념 너모맛있음! 주먹밥도 존맛 재방문의사 200프로,77,1,5.0,5.0,-2.0,1,0,strong_generic_praise:-1 | no_number_detail_with_praise:-1 | account_review_count_under_5:-2 | has_menu:+1.5 | category_count:+1 | has_photo:+0.5 | kakao_5star_short_praise:-1,1,6,0,0,0,0,0,0,1,1,0,0,FN: 실제 리뷰를 가짜로 분류,일반적 칭찬 표현으로 인한 오분류
train,naver,마포양지설렁탕,ksh****,2280,2026-03-22,1.0,와 진짜 뚝배기 완전히 깨끗하게 먹었어요 딱 제스탈입니다 ㅎㅎ,34,1,,,5.0,0,1,first_visit_short:-1.5 | has_menu:+1.5 | category_count:+1 | has_detailed_negative:+2 | account_review_count_over_100:+1.5 | has_photo:+0.5,0,0,0,0,0,1,0,0,0,0,1,1,FP: 가짜 리뷰를 실제로 분류,방문 맥락 표현 과대 반영
train,kakao,굴다리식당,ㅂㅏㄱㄱㅕㅇㅁㅣㄴ,7,2025-11-07,,찌개가 아니라 국 같은 김치찌개. 간도 많이 짬,26,0,3.0,4.0,-0.5,1,0,short_review:-1 | account_review_count_under_10:-1 | has_menu:+1.5,0,0,0,0,0,0,0,0,0,1,0,0,FN: 실제 리뷰를 가짜로 분류,메뉴 언급 반영 부족
train,naver,태양곱창 성수점,lollolvv,50,2026-04-04,1.0,"야채곱창(기본맛) 2인에 치즈, 순대 추가했어요 치즈양 많아서 좋았어요 당면도 양 많은 편!",51,1,,,-0.5,1,0,no_number_detail_with_praise:-1 | first_visit_short:-1.5 | has_menu:+1.5 | account_review_count_over_50:+1 | has_photo:+0.5 | naver_first_visit_short_praise:-1,1,1,0,0,0,1,0,0,0,0,1,0,FN: 실제 리뷰를 가짜로 분류,일반적 칭찬 표현으로 인한 오분류
train,naver,황금콩밭,요미미5,249,2026-02-19,1.0,맛있게 먹었어요. 청국장이랑 짜글이의 두부 질감이 다른 것 같다는 느낌도 받았어요.,46,1,,,3.0,0,1,no_number_detail_with_praise:-1 | first_visit_short:-1.5 | has_menu:+1.5 | category_count:+1 | has_detailed_negative:+2 | account_review_count_over_100:+1.5 | has_photo:+0.5 | naver_first_visit_short_praise:-1,1,1,0,0,0,1,0,0,0,0,1,1,FP: 가짜 리뷰를 실제로 분류,방문 맥락 표현 과대 반영
train,naver,할머니의 레시피,Dkssjjd,577,2025-08-15,1.0,점심 끝자락 2시넘어갔는데도 30분 기다렸어요 좀 심하네요 ㅎ 불고기비빔밥 정식 맛나요 재방문의사 ✔️,57,1,,,8.0,0,1,first_visit_short:-1.5 | has_menu:+1.5 | category_count:+2 | has_number_detail:+2 | has_detailed_negative:+2 | account_review_count_over_100:+1.5 | has_photo:+0.5,0,0,0,1,2,1,0,0,0,0,1,1,FP: 가짜 리뷰를 실제로 분류,숫자 정보 과대 반영
train,naver,육산장 홍대본점,수빈586,28,2026-04-27,1.0,분위기가 미쳤어용!!! 캠핑 야장 분위기 뿜뿜이고 고기도 너무 맛있어용 데이트나 모임하기 모듀 좋아용💖,57,1,,,-0.5,1,0,strong_generic_praise:-1 | no_number_detail_with_praise:-1 | first_visit_short:-1.5 | has_menu:+1.5 | category_count:+2 | has_photo:+0.5 | naver_first_visit_short_praise:-1,1,2,0,0,0,1,0,0,0,0,0,0,FN: 실제 리뷰를 가짜로 분류,일반적 칭찬 표현으로 인한 오분류
train,kakao,능동미나리 성수점,K,70,2025-10-19,,줄 서서 먹을정도는 아니예요,15,0,3.0,3.7,-2.0,1,0,short_review:-1 | low_information_review:-2 | account_review_count_over_50:+1,0,0,0,0,0,0,0,0,0,0,1,0,FN: 실제 리뷰를 가짜로 분류,짧지만 실제 경험 리뷰
train,naver,금금 성수점,seor83,42,2026-02-28,1.0,메뉴가 전체적으로 다 특별하고 너무 맛있었어요!!😍 보리된장국수는 어디서 먹어본 적 없는 맛에 말씀드리면 공기밥 주셔서 비벼먹을 수 있어요! 양배추쌈밥도 성수도 다른 매장보다 맛있었어요 묵참도 짱!!🤤,112,1,,,-0.5,1,0,strong_generic_praise:-1 | no_number_detail_with_praise:-1 | first_visit:-0.5 | has_menu:+1.5 | has_photo:+0.5,1,3,0,0,0,1,0,0,0,0,0,0,FN: 실제 리뷰를 가짜로 분류,일반적 칭찬 표현으로 인한 오분류
train,naver,금금 성수점,gfdg1,14,2026-04-12,1.0,"한식이 이렇게 새롭게 다가온 적은 처음입니다. 너무 색다르게 맛있고, 특히 들기름 국수가 참 맘에 들었어요. 다시 올 것 같은 느낌이듭니다! 강추",81,1,,,-5.0,1,0,strong_generic_praise:-1 | generic_without_detail:-3 | no_number_detail_with_praise:-1 | first_visit:-0.5 | has_photo:+0.5,1,2,1,0,0,1,0,0,0,0,0,0,FN: 실제 리뷰를 가짜로 분류,일반적 칭찬 표현으로 인한 오분류
train,naver,태양곱창 성수점,KOM6,49,2026-01-22,2.0,마라곱창 맛있어서 또 먹으러 왔어요…&gt;.&lt; 양도 많아서 너무 좋아요!!,45,1,,,1.0,0,1,strong_generic_praise:-1 | no_number_detail_with_praise:-1 | has_menu:+1.5 | revisit:+1 | has_photo:+0.5,1,2,0,0,0,0,1,0,0,0,0,0,FP: 가짜 리뷰를 실제로 분류,메뉴 언급 과대 반영
train,kakao,마포양지설렁탕 도화점,강산,290,2025-07-22,,"설렁탕 14,000원 김치,깍뚜기,파김치가 나오는 동네맛집수준~",35,0,4.0,3.9,5.0,0,1,has_menu:+1.5 | has_number_detail:+2 | account_review_count_over_100:+1.5,1,1,0,1,1,0,0,0,0,0,1,1,FP: 가짜 리뷰를 실제로 분류,숫자 정보 과대 반영
train,naver,할머니의 레시피,끼룩끼룩끼룩이,966,2025-12-26,1.0,생선 너무 맛있어요~! 아이와 밥먹기 좋았네요. 쌈정식도 괜찮더라구요~ 젓갈류는 3종류라 세팅할 때 설명 해주시면 좋을 듯 합니다.,73,1,,,-1.0,1,0,strong_generic_praise:-1 | no_number_detail_with_praise:-1 | first_visit_short:-1.5 | has_menu:+1.5 | account_review_count_over_100:+1.5 | has_photo:+0.5 | naver_first_visit_short_praise:-1,1,2,0,0,0,1,0,0,0,0,1,1,FN: 실제 리뷰를 가짜로 분류,일반적 칭찬 표현으로 인한 오분류
train,kakao,일등식당,넵넵,471,2025-12-14,,깔끔한 맛이에요 무심한듯 하지만 은근히 세심히 친절하게 챙겨주세요,36,0,4.0,3.7,2.5,0,1,no_number_detail_with_praise:-1 | category_count:+2 | account_review_count_over_100:+1.5,1,1,0,0,0,0,0,0,0,0,1,1,FP: 가짜 리뷰를 실제로 분류,일반적 칭찬 리뷰 판별 실패
train,naver,금금 성수점,Iillill,352,2026-02-25,3.0,신메뉴 미나리 갈비국밥 먹었습니다! 상큼 깔끔한 맛이 좋았습니다. 갈비뼈 발라주셔서 고기만 있어서 먹기 좋았습니다!,64,1,,,3.5,0,1,strong_generic_praise:-1 | no_number_detail_with_praise:-1 | has_menu:+1.5 | category_count:+1 | revisit:+1 | account_review_count_over_100:+1.5 | has_photo:+0.5,1,2,0,0,0,0,1,0,0,0,1,1,FP: 가짜 리뷰를 실제로 분류,메뉴 언급 과대 반영
train,kakao,태양곱창 성수점,윙윙윙,120,2025-03-16,,끓이다보니 맛이 더 올라오고 맛있었어요! 감자전도 볶음밥도 따뜻할때 얼렁 드세요 굿굿,47,1,4.0,3.8,1.5,0,1,strong_generic_praise:-1 | no_number_detail_with_praise:-1 | has_menu:+1.5 | account_review_count_over_100:+1.5 | has_photo:+0.5,1,3,0,0,0,0,0,0,0,0,1,1,FP: 가짜 리뷰를 실제로 분류,메뉴 언급 과대 반영
train,kakao,능동미나리 성수점,안성재,80,2025-12-19,,미나리세상 ++육전 필수,13,1,5.0,3.9,2.0,0,1,short_review:-1 | has_menu:+1.5 | account_review_count_over_50:+1 | has_photo:+0.5,0,0,0,0,0,0,0,0,0,0,1,0,FP: 가짜 리뷰를 실제로 분류,사진 등 메타데이터 과대 반영
train,naver,태양곱창 성수점,요시미츠,30,2026-02-07,1.0,"돼지냄새 오집니다. 좋아할분들은 좋아할수도, 딴건 그나마 다 괜찮은데 조리하는 사람들이 맨발에 쓰레빠만 신고 돌아다니는거 보고 밥맛 뚝 떨어져서 숟가락 놨습니다. 두번은 안갈거같아요",101,1,,,-2.0,1,0,strong_generic_praise:-1 | no_number_detail_with_praise:-1 | first_visit:-0.5 | has_photo:+0.5,1,2,0,0,0,1,0,0,0,0,0,0,FN: 실제 리뷰를 가짜로 분류,일반적 칭찬 표현으로 인한 오분류
train,kakao,할머니의 레시피,코코솜,6,2025-11-02,,"쌈밥정식 먹었습니다! 웨이팅이 좀 있긴 했지만 금방 빠져서 괜찮았어요. 직원분들 친절하시고, 음식도 양 많고 든든하니 기분 좋게 먹고 나왔습니다! 또 방문하고 싶어요!",93,1,5.0,5.0,4.0,0,1,no_number_detail_with_praise:-1 | account_review_count_under_10:-1 | has_menu:+1.5 | category_count:+2 | has_detailed_negative:+2 | has_photo:+0.5,1,1,0,0,0,0,0,0,0,1,0,0,FP: 가짜 리뷰를 실제로 분류,메뉴 언급 과대 반영
train,kakao,소문난성수감자탕,그날의기억,184,2025-10-09,,불친절로 소문나긴함,10,0,1.0,2.3,0.5,0,1,short_review:-1 | short_generic_review:-2 | no_number_detail_with_praise:-1 | category_count:+1 | has_detailed_negative:+2 | account_review_count_over_100:+1.5,1,1,0,0,0,0,0,0,0,0,1,1,FP: 가짜 리뷰를 실제로 분류,일반적 칭찬 리뷰 판별 실패
train,kakao,소문난성수감자탕,제발요,4,2025-10-19,,그냥 평범한 감자탕 맛. 내부에 벌레 엄청 많음. 밥먹다 같이 온 사람 몸에 거미 떨어짐. 천장에 거미 엄청 많음.,64,1,1.0,3.0,-4.5,1,0,account_review_count_under_5:-2 | many_intensifier_without_specificity:-1 | generic_negative_without_detail:-2 | has_photo:+0.5,0,0,0,0,0,0,0,0,1,1,0,0,FN: 실제 리뷰를 가짜로 분류,메뉴 언급 반영 부족
train,naver,조선시대,pan****,7,2026-04-26,1.0,"이자카야 분위기 너무 좋고, 육회도 감자전도 정말 맛있어요. 다음에 또 오고 싶은 집이에요! #HongdaeBar #HongdaeMakgeolli #HongdaeEats/#HongdaeFood",107,1,,,0.5,0,1,no_number_detail_with_praise:-1 | account_review_count_under_10:-1 | first_visit:-0.5 | has_menu:+1.5 | category_count:+1 | has_photo:+0.5,1,1,0,0,0,1,0,0,0,1,0,0,FP: 가짜 리뷰를 실제로 분류,방문 맥락 표현 과대 반영
train,naver,소문난성수감자탕,이쁜이엄마다77,6,2026-03-10,1.0,들어가라해서 들어갔는데 자리없어서 말하니 째려보면서 인상팍팍쓰고 치우고 있으니까 기다리라고 왜 보채냐고 사장인듯..도때기 시장같고 이젠 별로인듯 사장님이 배부르신듯 장사잘된다고 외국인한텐 친절하고 한국인한테 홀대하고..,122,0,,,-1.5,1,0,no_number_detail_with_praise:-1 | account_review_count_under_10:-1 | first_visit:-0.5 | category_count:+1,1,1,0,0,0,1,0,0,0,1,0,0,FN: 실제 리뷰를 가짜로 분류,일반적 칭찬 표현으로 인한 오분류
train,kakao,할머니의 레시피,mazefind,43,2025-12-05,,가성비가 살짝 안좋은거 같지만 맛이 괜찮았음,24,1,4.0,4.1,-0.5,1,0,short_review:-1 | has_photo:+0.5,0,0,0,0,0,0,0,0,0,0,0,0,FN: 실제 리뷰를 가짜로 분류,사진 등 메타데이터 반영 부족
train,kakao,보끔당 성수점,ㅂㄱㅍ,37,2025-06-17,,친절하고 맛있음 닭발튀김도 존맛 그러나 양이 작다,27,0,5.0,4.9,-6.0,1,0,short_review:-1 | strong_generic_praise:-1 | short_generic_review:-2 | no_number_detail_with_praise:-1 | category_count:+1 | kakao_5star_short_praise:-1 | kakao_high_avg_short_low_specificity:-1,1,3,0,0,0,0,0,0,0,0,0,0,FN: 실제 리뷰를 가짜로 분류,일반적 칭찬 표현으로 인한 오분류
train,naver,소문난성수감자탕,성수언니,151,2025-11-04,1.0,깔끔한 감자탕! 냄새없고 감칠맛은 가득한 우리동네 가장 유명한 맛집으로! 먹으면 와 유명한지 알게 됩니다,58,1,,,-0.5,1,0,no_number_detail_with_praise:-1 | first_visit_short:-1.5 | category_count:+1 | account_review_count_over_100:+1.5 | has_photo:+0.5 | naver_first_visit_short_praise:-1,1,1,0,0,0,1,0,0,0,0,1,1,FN: 실제 리뷰를 가짜로 분류,일반적 칭찬 표현으로 인한 오분류
train,kakao,이태리국시 성수,연,1,2026-04-11,,좋은 음악과 분위기가 좋은 곳이에요. 고소한 곱창에 매콤한 소스가 잘 어울리는 파스타 맛집!,51,1,5.0,5.0,-1.0,1,0,no_number_detail_with_praise:-1 | account_review_count_is_1:-3 | has_menu:+1.5 | category_count:+2 | has_photo:+0.5 | kakao_5star_short_praise:-1,1,1,0,0,0,0,0,1,1,1,0,0,FN: 실제 리뷰를 가짜로 분류,일반적 칭찬 표현으로 인한 오분류
train,naver,홍대 육지,dab****,39,2026-04-25,1.0,고기 질도 좋고 반찬도 깔끔하니 맛있습니다 ㅎㅎ 폭탄계란찜도 맛있으니 함께 먹으면 좋을 것 같아요 !!🌝🐷,59,1,,,-1.5,1,0,strong_generic_praise:-1 | no_number_detail_with_praise:-1 | first_visit_short:-1.5 | has_menu:+1.5 | category_count:+1 | has_photo:+0.5 | naver_first_visit_short_praise:-1,1,2,0,0,0,1,0,0,0,0,0,0,FN: 실제 리뷰를 가짜로 분류,일반적 칭찬 표현으로 인한 오분류
train,naver,태양곱창 성수점,박상규67,29,2026-04-18,1.0,"너무너무,,,맛있어여 진짜로 곱창인생을 새로쓸 수있는 식당입미다",35,1,,,1.5,0,1,no_number_detail_with_praise:-1 | first_visit_short:-1.5 | has_menu:+1.5 | category_count:+1 | has_detailed_negative:+2 | has_photo:+0.5 | naver_first_visit_short_praise:-1,1,1,0,0,0,1,0,0,0,0,0,0,FP: 가짜 리뷰를 실제로 분류,메뉴 언급 과대 반영
train,naver,소문난성수감자탕,wool45,1366,2026-01-07,1.0,성수동 오면 자주 먹게 되네요 고기가 진짜 연하고 부드러워서 좋아요,37,1,,,3.0,0,1,no_number_detail_with_praise:-1 | first_visit_short:-1.5 | has_menu:+1.5 | category_count:+1 | has_detailed_negative:+2 | account_review_count_over_100:+1.5 | has_photo:+0.5 | naver_first_visit_short_praise:-1,1,1,0,0,0,1,0,0,0,0,1,1,FP: 가짜 리뷰를 실제로 분류,메뉴 언급 과대 반영
train,naver,할머니의 레시피,하루고파,369,2025-05-03,1.0,쌈밥정식 시켰는데 깔끔하고 정갈한 한창 차림이 나옴 제육쌈에 젖갈에 아주 잘 먹고 나옴~,49,1,,,3.0,0,1,first_visit_short:-1.5 | has_menu:+1.5 | category_count:+1 | account_review_count_over_100:+1.5 | has_photo:+0.5,0,0,0,0,0,1,0,0,0,0,1,1,FP: 가짜 리뷰를 실제로 분류,메뉴 언급 과대 반영
train,kakao,각시보쌈,❤️,5,2026-01-26,,아니 무슨 80년대도아니고 혼자손님이 와도 자기가 앉고싶은자릴 앉는거지 이래라저래라 저기앉아라이러고 통제를 합니까 무슨 공산주의에요????밥먹으러왔다가 기분잡쳐서가네요 먹는 내내 중국종업원들 먹는거 구경하면서 낄낄대고 다음에 가서그러면 가만히 않있습니다 두고보세요,147,1,1.0,2.0,-1.5,1,0,account_review_count_under_5:-2 | has_photo:+0.5,0,0,0,0,0,0,0,0,1,1,0,0,FN: 실제 리뷰를 가짜로 분류,메뉴 언급 반영 부족
train,kakao,금금 성수점,술빈,622,2026-01-06,,굳굳 매장이 생각보다 협소하긴한데 기본은 하는 거같아요 다 깔끔하게 잘 먹었습니다,45,1,4.0,3.7,1.0,0,1,strong_generic_praise:-1 | no_number_detail_with_praise:-1 | category_count:+1 | account_review_count_over_100:+1.5 | has_photo:+0.5,1,2,0,0,0,0,0,0,0,0,1,1,FP: 가짜 리뷰를 실제로 분류,방문 맥락 표현 과대 반영
train,kakao,장인닭갈비 홍대점,다은,6,2026-03-19,,홍대 닭갈비 맛집으로 유명하대서 가봤어요 닭갈비 쫄깃하고 맛있는데 볶음밥도 진짜 미쳤네요!! 꼭 드셔보세요,59,0,5.0,5.0,0.5,0,1,strong_generic_praise:-1 | no_number_detail_with_praise:-1 | account_review_count_under_10:-1 | has_menu:+1.5 | category_count:+1 | has_detailed_negative:+2 | kakao_5star_short_praise:-1,1,2,0,0,0,0,0,0,0,1,0,0,FP: 가짜 리뷰를 실제로 분류,메뉴 언급 과대 반영
train,naver,금금 성수점,리뷰를써,29,2026-02-23,1.0,평일 월요일 1시쯤 방문했는데 30분 정도 웨이팅 했어요! 그래도 근처에 할 거 많으니까 시간도 잘 가서 기다릴만 했어요! 음식들은 전체적으로 너무 맛있었습니다 특별한 메뉴 많아요 굳!,103,1,,,6.5,0,1,strong_generic_praise:-1 | first_visit:-0.5 | has_menu:+1.5 | category_count:+2 | has_number_detail:+2 | has_detailed_negative:+2 | has_photo:+0.5,1,2,0,1,2,1,0,0,0,0,0,0,FP: 가짜 리뷰를 실제로 분류,숫자 정보 과대 반영
train,kakao,이태리국시 성수,"알콩달콩""",1,2026-03-29,,파스타 먹으러 방문했는데 정말 만족스러웠어요. 면 식감도 좋고 소스가 진해서 끝까지 맛있게 먹었습니다. 다음에 또 방문하고 싶은 곳이에요!,77,1,5.0,5.0,-2.0,1,0,no_number_detail_with_praise:-1 | account_review_count_is_1:-3 | has_menu:+1.5 | category_count:+1 | has_photo:+0.5 | kakao_5star_short_praise:-1,1,1,0,0,0,0,0,1,1,1,0,0,FN: 실제 리뷰를 가짜로 분류,일반적 칭찬 표현으로 인한 오분류
train,naver,조선시대,이럴슈가85,4,2026-04-15,1.0,평소 막걸리를 좋아하는데 종류도 다양하고 맛있어요! 조선시대 컨셉이라 분위기가 따뜻하고 아늑하고 좋아요! 친구랑 조용히 술 마시면서 얘기하고 싶을때 조선시대 오시는걸 추천드려용,98,0,,,-2.5,1,0,strong_generic_praise:-1 | no_number_detail_with_praise:-1 | account_review_count_under_5:-2 | first_visit:-0.5 | category_count:+2,1,4,0,0,0,1,0,0,1,1,0,0,FN: 실제 리뷰를 가짜로 분류,일반적 칭찬 표현으로 인한 오분류
train,kakao,능동미나리 성수점,망고스틴126,29,2025-08-10,,미나리수육전골 짱맛.. 웨이팅할만한 가치가 있습니다 ㅎㅎ,31,0,5.0,4.2,2.5,0,1,no_number_detail_with_praise:-1 | has_menu:+1.5 | category_count:+1 | has_detailed_negative:+2 | kakao_5star_short_praise:-1,1,1,0,0,0,0,0,0,0,0,0,0,FP: 가짜 리뷰를 실제로 분류,메뉴 언급 과대 반영
train,kakao,이태리국시 성수,방홍기,1,2026-04-17,,"이태리 음식인 파스타와 리조또를 한국적으로 재해석한 맛집, 성수동 핫플 이태리국시 성수에서 숯불대창돌솥파스타와 반계마늘돌솥리도또를 먹었는데 너무 맛있었습니다.",88,1,5.0,5.0,-3.0,1,0,strong_generic_praise:-1 | no_number_detail_with_praise:-1 | account_review_count_is_1:-3 | has_menu:+1.5 | has_photo:+0.5,1,2,0,0,0,0,0,1,1,1,0,0,FN: 실제 리뷰를 가짜로 분류,일반적 칭찬 표현으로 인한 오분류
train,kakao,금금 성수점,내 맘대로 음식 평가,45,2026-03-30,,"된장국수는 맛있긴 한데, 마제소바에 된장 뒤집어씌운 느낌? 오히려 들기름 통밀국수가 유니크하게 느껴진다. (3.5/5.0)",68,0,4.0,3.5,-4.0,1,0,generic_without_detail:-3 | no_number_detail_with_praise:-1,1,1,1,0,0,0,0,0,0,0,0,0,FN: 실제 리뷰를 가짜로 분류,일반적 칭찬 표현으로 인한 오분류
train,kakao,태양곱창 성수점,오소리,1,2025-02-12,,저녁에 친구들이랑 술 한잔 하러 오기 좋은 성수 곱창 맛집!! 성수역이랑 가까운 편이라 곱창이랑 술 한잔 하고 대중교통 이용해서 집에 가기 좋은 위치에요~,86,0,5.0,5.0,-1.5,1,0,no_number_detail_with_praise:-1 | account_review_count_is_1:-3 | has_menu:+1.5 | category_count:+1,1,1,0,0,0,0,0,1,1,1,0,0,FN: 실제 리뷰를 가짜로 분류,일반적 칭찬 표현으로 인한 오분류
train,kakao,육산장 홍대본점,J,5,2026-04-09,,봄비 촉촉하니 감성도 채우고싶고 고기도 충전 빡! 하고싶어 검색하다 왔는데 우대갈비도 제대로에 홍대 한복판에서 산장 야장감성 느낄수있어서 좋네요 ㅎㅎ 된장찌개 너무맛있어서 고기배 밥배 꽉꽉채웁니동..🥰,112,1,5.0,5.0,-1.0,1,0,strong_generic_praise:-1 | no_number_detail_with_praise:-1 | account_review_count_under_5:-2 | has_menu:+1.5 | category_count:+1 | has_photo:+0.5,1,2,0,0,0,0,0,0,1,1,0,0,FN: 실제 리뷰를 가짜로 분류,일반적 칭찬 표현으로 인한 오분류
train,naver,마포양지설렁탕,GAJA 2026,408,2025-11-26,2.0,포장해 와서 먹었어요 김치도 듬뿍 줘서 김치 걱정 없어요,31,0,,,4.0,0,1,has_menu:+1.5 | revisit:+1 | account_review_count_over_100:+1.5,0,0,0,0,0,0,1,0,0,0,1,1,FP: 가짜 리뷰를 실제로 분류,방문 맥락 표현 과대 반영
train,kakao,이태리국시 성수,황보랍니다,1,2026-04-17,,치킨에 마늘리조토한입 먹으니 말이 필요없네요^;;^ 국물파스타도 너무맛있어요.독특한 맛입니다ㅋㅋㅈ 다음엔 곱창파스타도전할께요~~,71,1,5.0,5.0,-2.0,1,0,no_number_detail_with_praise:-1 | account_review_count_is_1:-3 | has_menu:+1.5 | category_count:+1 | has_photo:+0.5 | kakao_5star_short_praise:-1,1,1,0,0,0,0,0,1,1,1,0,0,FN: 실제 리뷰를 가짜로 분류,일반적 칭찬 표현으로 인한 오분류
train,naver,금금 성수점,hello9621,239,2026-04-19,1.0,깔끔하고 점심 먹기 좋은 곳 같아요,19,1,,,1.5,0,1,short_review:-1 | first_visit_short:-1.5 | category_count:+2 | account_review_count_over_100:+1.5 | has_photo:+0.5,0,0,0,0,0,1,0,0,0,0,1,1,FP: 가짜 리뷰를 실제로 분류,방문 맥락 표현 과대 반영
train,kakao,소문난성수감자탕,냥2,67,2025-08-07,,맛있긴 한데 특별한 맛은 아니에요! 근데 무엇보다 감자가 한알???ㅠ;;;실화?? 심지어 애기 주먹만함ㅜㅜ 시래기도 너무 적어요!!!!😡,76,0,3.0,3.2,-3.0,1,0,generic_without_detail:-3 | no_number_detail_with_praise:-1 | account_review_count_over_50:+1,1,1,1,0,0,0,0,0,0,0,1,0,FN: 실제 리뷰를 가짜로 분류,일반적 칭찬 표현으로 인한 오분류
train,naver,금금 성수점,어매야,147,2026-04-04,1.0,"성수에서 한식 먹고 싶어서 찾아보다가 방문했어요!! 보리된장국수, 문어 간장 비빔밥, 명란 새우 감자전 시켰는데 다 너무 맛있었어요 굿👍👍👍",78,1,,,-1.0,1,0,strong_generic_praise:-1 | no_number_detail_with_praise:-1 | first_visit_short:-1.5 | has_menu:+1.5 | account_review_count_over_100:+1.5 | has_photo:+0.5 | naver_first_visit_short_praise:-1,1,2,0,0,0,1,0,0,0,0,1,1,FN: 실제 리뷰를 가짜로 분류,일반적 칭찬 표현으로 인한 오분류
train,naver,육산장 홍대본점,슈크림보고수요일좋아,32,2026-04-28,1.0,셀프바도 작지 않고 양도많아요 종류다양해용 밥 위에 햄 올려주는것도 좋고 소스도 많구 재방문의사 10000프로,61,1,,,-1.0,1,0,first_visit_short:-1.5 | has_photo:+0.5,0,0,0,0,0,1,0,0,0,0,0,0,FN: 실제 리뷰를 가짜로 분류,메뉴 언급 반영 부족
train,naver,금금 성수점,서연글,31,2026-04-19,2.0,너무 맛있어서 5번 넘게 왔네요 ㅜ ㅜ,21,1,,,0.5,0,1,short_review:-1 | short_generic_review:-2 | has_number_detail:+2 | revisit:+1 | has_photo:+0.5,1,1,0,1,1,0,1,0,0,0,0,0,FP: 가짜 리뷰를 실제로 분류,숫자 정보 과대 반영
train,naver,황금콩밭,mars12,1824,2026-03-12,1.0,음식이 다 짜요,8,0,,,1.0,0,1,short_review:-1 | ultra_short_review:-1 | first_visit_short:-1.5 | category_count:+1 | has_detailed_negative:+2 | account_review_count_over_100:+1.5,0,0,0,0,0,1,0,0,0,0,1,1,FP: 가짜 리뷰를 실제로 분류,방문 맥락 표현 과대 반영
train,kakao,태양곱창 성수점,위아이,3,2025-02-10,,평소에도 소주 한잔 하면서 곱창 전골을 즐겨 먹는데 이번에도 술을 좀 참아 볼려고 했는데 곱창 전골 한 입 먹는 순간 바로 소주 한 병 시켰네요ㅠㅠ. 곱창 전골 먹으러 재방문할 의사 있습니다!!!,109,0,5.0,5.0,-0.5,1,0,account_review_count_under_5:-2 | has_menu:+1.5,0,0,0,0,0,0,0,0,1,1,0,0,FN: 실제 리뷰를 가짜로 분류,메뉴 언급 반영 부족
train,kakao,소문난성수감자탕,빌빙빌,2,2025-04-29,,"감자탕은 덜 고아서 고기가 뼈에서 떨어지지 않고 우거지는 딱 서너조각만 들어있고 최악은 볶음밥인데 돈내고 먹기 화나는맛. 참기름 너무 많이 뿌리고 생 깻잎 넣으시더니...이렇게 맛없는 볶음밥은 인생처음입니다. 외국인분들이 이걸 감자탕맛이라고 알게될 생각을 하니 실망스럽네요. for foreigners, there are so many other gamjatanh houses in Korea. this is not a gamjatang!!!!!!!! please do not choose this restaurant!",290,1,1.0,2.5,-2.0,1,0,account_review_count_under_5:-2 | generic_negative_without_detail:-2 | has_menu:+1.5 | has_photo:+0.5,0,0,0,0,0,0,0,0,1,1,0,0,FN: 실제 리뷰를 가짜로 분류,메뉴 언급 반영 부족
train,naver,태양곱창 성수점,hha****,50,2026-01-03,1.0,야채곱창이 냄새도 안나고 맛있어요 기본맛도 매콤해서 치즈감자전이랑 잘 어울려요!,44,1,,,-0.5,1,0,no_number_detail_with_praise:-1 | first_visit_short:-1.5 | has_menu:+1.5 | account_review_count_over_50:+1 | has_photo:+0.5 | naver_first_visit_short_praise:-1,1,1,0,0,0,1,0,0,0,0,1,0,FN: 실제 리뷰를 가짜로 분류,일반적 칭찬 표현으로 인한 오분류
train,naver,소문난성수감자탕,고레고래,13,2026-03-07,1.0,달아요 한국인 입맛엔 너무 달아요~,19,0,,,0.5,0,1,short_review:-1 | first_visit_short:-1.5 | category_count:+1 | has_detailed_negative:+2,0,0,0,0,0,1,0,0,0,0,0,0,FP: 가짜 리뷰를 실제로 분류,방문 맥락 표현 과대 반영
train,naver,태양곱창 성수점,한별8869,24,2026-01-23,1.0,마라곱창먹으러왔는데 벌써 3번째방문이에오 성수점이 최고입니당,33,1,,,1.5,0,1,first_visit_short:-1.5 | has_menu:+1.5 | has_number_detail:+2 | has_photo:+0.5 | naver_first_visit_short_praise:-1,1,1,0,1,1,1,0,0,0,0,0,0,FP: 가짜 리뷰를 실제로 분류,숫자 정보 과대 반영
train,kakao,성수족발,LoveChicago,1,2026-01-16,,달고 짜고 질기기까지....평생에 먹다 나오긴 첨이네요 ㅜㅜ,33,0,1.0,1.0,0.0,0,1,account_review_count_is_1:-3 | category_count:+1 | has_detailed_negative:+2,0,0,0,0,0,0,0,1,1,1,0,0,FP: 가짜 리뷰를 실제로 분류,기타 FP 오분류
train,kakao,능동미나리 성수점,몽구,17,2026-02-21,,여의도 지점에서 먹어보고 너무 맛있어서 성수간김에 또 먹었는데.. 지점이 다른건지 제가 간 날에만 그랬는지... 무맛이네요.. 향도없고 약간의 누린내도 나고.. 능동미나리를 성수에서 처음 접해봤다면.. 광고다. 이게 무슨 맛집이냐..욕하고 다닐..뻔.....,144,0,2.0,3.6,-2.0,1,0,strong_generic_praise:-1 | no_number_detail_with_praise:-1,1,2,0,0,0,0,0,0,0,0,0,0,FN: 실제 리뷰를 가짜로 분류,일반적 칭찬 표현으로 인한 오분류
train,kakao,일등식당,..,86,2026-04-30,,"맛있어요 , 하지만 그냥 드신다면 밍밍하실거에요 옆에있는 흑후추를 들어서 막 뿌려보세요 술이 술술 들어갑니다 그럼 맛 좋은 시간 되세요",75,0,3.0,3.1,-2.0,1,0,no_number_detail_with_praise:-1 | generic_negative_without_detail:-2 | account_review_count_over_50:+1,1,1,0,0,0,0,0,0,0,0,1,0,FN: 실제 리뷰를 가짜로 분류,일반적 칭찬 표현으로 인한 오분류
train,kakao,마포양지설렁탕 도화점,잔반은없어,87,2026-03-27,,GOAT급 파김치,9,1,4.0,3.9,1.0,0,1,short_review:-1 | ultra_short_review:-1 | has_menu:+1.5 | account_review_count_over_50:+1 | has_photo:+0.5,0,0,0,0,0,0,0,0,0,0,1,0,FP: 가짜 리뷰를 실제로 분류,사진 등 메타데이터 과대 반영
train,naver,소문난성수감자탕,jgw****,30,2025-11-22,1.0,"절대 추천하지 않습니다. 변해도 너무 변했어요. 맨 처음 친구랑 갔을 때 너무 맛있게 먹어서, 여자친구 데려갔는데, 뼈도 이상하고 손질도 하나도 안되어 있고, 퍽퍽하고 비계랑 질긴 부분만 가득하고, 살은 없고, 뼈는 아무리 고아도 분해가 안되어서 안 쪽를 발라 먹을 수가 없고 참 여자친구한테 정말 너무너무 민망하고 미안합니다. 절대 절대 추천하지 않습니다. 한국인이라면 가지 않습니다.",216,1,,,0.5,0,1,strong_generic_praise:-1 | no_number_detail_with_praise:-1 | first_visit:-0.5 | has_menu:+1.5 | category_count:+1 | has_photo:+0.5,1,3,0,0,0,1,0,0,0,0,0,0,FP: 가짜 리뷰를 실제로 분류,메뉴 언급 과대 반영
train,kakao,굴다리식당,간짜장,46,2025-12-12,,가격 양심 디졋누..,11,0,1.0,2.2,1.0,0,1,short_review:-1 | has_detailed_negative:+2,0,0,0,0,0,0,0,0,0,0,0,0,FP: 가짜 리뷰를 실제로 분류,기타 FP 오분류
train,naver,금금 성수점,gre****,67,2026-04-27,1.0,익숙한 듯 익숙하지 않은 맛. 감칠맛이 좋고 두부와 수육 등 토핑도 매우 훌륭하다. 정말 맛있는 비빔국수!! 추천한다,65,1,,,-1.5,1,0,strong_generic_praise:-1 | no_number_detail_with_praise:-1 | first_visit_short:-1.5 | has_menu:+1.5 | account_review_count_over_50:+1 | has_photo:+0.5 | naver_first_visit_short_praise:-1,1,3,0,0,0,1,0,0,0,0,1,0,FN: 실제 리뷰를 가짜로 분류,일반적 칭찬 표현으로 인한 오분류
train,kakao,이태리국시 성수,경준,5,2026-04-30,,"우선 내부 분위기가 개인적으로 너무 좋았습니다. 음식들은 뭔가 특별하지 않은듯 하지만, 입에 감기며 익숙함 속에 새로운 맛을 느끼는 음식들이였습니다. 맛있어서 다음에 성수올 일 있으면 또 와보고자 합니다",113,1,5.0,3.4,-0.5,1,0,strong_generic_praise:-1 | no_number_detail_with_praise:-1 | account_review_count_under_5:-2 | category_count:+1 | has_detailed_negative:+2 | has_photo:+0.5,1,2,0,0,0,0,0,0,1,1,0,0,FN: 실제 리뷰를 가짜로 분류,일반적 칭찬 표현으로 인한 오분류
train,kakao,이태리국시 성수,윤영서,1,2026-03-29,,지인 추천으로 와봤는데 너무 맛있게 잘먹었어요 다음에 또 오고 싶은 맛이에요~ 분위기도 좋아서 데이트 장소나 가족끼리 와도 좋은 것 같아요~ 웨이팅이 있을 수도 있어서 예약하고 오시는 걸 추천해요 !,111,1,5.0,5.0,0.5,0,1,strong_generic_praise:-1 | no_number_detail_with_praise:-1 | account_review_count_is_1:-3 | category_count:+3 | has_detailed_negative:+2 | has_photo:+0.5,1,4,0,0,0,0,0,1,1,1,0,0,FP: 가짜 리뷰를 실제로 분류,방문 맥락 표현 과대 반영
train,kakao,이태리국시 성수,늘 그자리에..,1,2026-04-07,,친구랑 성수데이트~~♡ 맛집은 요기요기 이태리국시 독특해서 왔더니 역시나 메뉴가 퓨전식이네요. 왜 와서 꼭 먹어보란지 알겠어요~~ 두리서 세개는 거뜬히 먹어요 ㅋㅋ,91,1,4.0,4.0,-1.0,1,0,no_number_detail_with_praise:-1 | account_review_count_is_1:-3 | has_menu:+1.5 | category_count:+1 | has_photo:+0.5,1,1,0,0,0,0,0,1,1,1,0,0,FN: 실제 리뷰를 가짜로 분류,일반적 칭찬 표현으로 인한 오분류
train,naver,태양곱창 성수점,seo****,14,2026-03-08,1.0,양이 진짜 많고 앞으로 성수에서 겁창 먹는다면 여기에서만 먹을 거 같아요,40,1,,,2.0,0,1,first_visit_short:-1.5 | category_count:+1 | has_detailed_negative:+2 | has_photo:+0.5,0,0,0,0,0,1,0,0,0,0,0,0,FP: 가짜 리뷰를 실제로 분류,메뉴 언급 과대 반영
train,naver,옥동식,눈먼지,54,2026-04-09,2.0,캐치 테이블 앱으로 웨이팅 신청. 2시간 반 걸린 후 입장. 맛은 좋음. 재방문 의사 있음,50,1,,,7.5,0,1,category_count:+1 | has_number_detail:+2 | has_detailed_negative:+2 | revisit:+1 | account_review_count_over_50:+1 | has_photo:+0.5,1,1,0,1,1,0,1,0,0,0,1,0,FP: 가짜 리뷰를 실제로 분류,숫자 정보 과대 반영
train,kakao,굴다리식당,if,10,2026-04-05,,저는 진짜 너무 맛있어요 주민인데 한 20번 갔어요 평점이 낮길레 달아봐요ㅠㅠ,43,0,5.0,4.1,4.0,0,1,category_count:+1 | has_number_detail:+2 | has_detailed_negative:+2 | kakao_5star_short_praise:-1,1,1,0,1,1,0,0,0,0,0,0,0,FP: 가짜 리뷰를 실제로 분류,숫자 정보 과대 반영
train,kakao,능동미나리 성수점,송먹깹,74,2025-08-16,,무난하게 맛있으나 웨이팅할정도는 X,19,1,4.0,3.9,0.5,0,1,short_review:-1 | short_generic_review:-2 | no_number_detail_with_praise:-1 | category_count:+1 | has_detailed_negative:+2 | account_review_count_over_50:+1 | has_photo:+0.5,1,1,0,0,0,0,0,0,0,0,1,0,FP: 가짜 리뷰를 실제로 분류,방문 맥락 표현 과대 반영
train,naver,조선시대,seo****,10,2026-04-29,1.0,막걸리가 진짜 맛잇어오 ㅠㅠㅠㅠ 너무 예쁘게 꾸며져 잇어서 재방뭉인데 n번째 방문할게요 ㅎㅎ,51,1,,,0.0,0,1,no_number_detail_with_praise:-1 | first_visit_short:-1.5 | category_count:+1 | has_detailed_negative:+2 | has_photo:+0.5 | naver_first_visit_short_praise:-1,1,1,0,0,0,1,0,0,0,0,0,0,FP: 가짜 리뷰를 실제로 분류,방문 맥락 표현 과대 반영
train,naver,금금 성수점,W3wWr,48,2026-02-21,1.0,보리된장국수 생각보다 된장맛이 안나구 마제소바 같아서 너무 신기했어요 ! 완전 맛있었습니다 ㅜㅠ 튀겨진두부도 맛있고 수육 올라간 게 완전 킥이었습니다 ! 묵은지도 맛있었어서 고민하다가 시킨게 후회될정도로 너뮤 맛있었어요 !!! 잘먹었습니당 🙇🏻‍♀️✨🫶🏻,142,1,,,-0.5,1,0,strong_generic_praise:-1 | no_number_detail_with_praise:-1 | first_visit:-0.5 | has_menu:+1.5 | has_photo:+0.5,1,4,0,0,0,1,0,0,0,0,0,0,FN: 실제 리뷰를 가짜로 분류,일반적 칭찬 표현으로 인한 오분류
train,naver,홍대 육지,갱38,84,2026-04-25,1.0,오 그간 먹은 고기 중에 진짜 좋았던 것 같아용ㅎㅎ 친절하게 구워주시고 하나하나 신경써주셔서 더 기분좋게 나옵니다 감사해용,68,1,,,2.5,0,1,strong_generic_praise:-1 | no_number_detail_with_praise:-1 | first_visit_short:-1.5 | has_menu:+1.5 | category_count:+2 | has_detailed_negative:+2 | account_review_count_over_50:+1 | has_photo:+0.5 | naver_first_visit_short_praise:-1,1,2,0,0,0,1,0,0,0,0,1,0,FP: 가짜 리뷰를 실제로 분류,메뉴 언급 과대 반영
train,kakao,굴다리식당,matt,51,2026-02-28,,고향에 맛.. 진짜 맛있어요~!,17,0,4.0,3.7,0.0,0,1,short_review:-1 | short_generic_review:-2 | no_number_detail_with_praise:-1 | category_count:+1 | has_detailed_negative:+2 | account_review_count_over_50:+1,1,1,0,0,0,0,0,0,0,0,1,0,FP: 가짜 리뷰를 실제로 분류,일반적 칭찬 리뷰 판별 실패
train,kakao,원조조박집 본관,리커버리,4535,2025-06-03,,3층까지 있다. 동치미 깔끔하다.,18,0,5.0,4.2,1.5,0,1,short_review:-1 | category_count:+1 | account_review_count_over_100:+1.5,0,0,0,0,0,0,0,0,0,0,1,1,FP: 가짜 리뷰를 실제로 분류,기타 FP 오분류
train,kakao,굴다리식당,김치찌기러버❤️,19,2026-03-22,,까칠한 시골할머니 김치찌기.,15,1,4.0,4.7,1.0,0,1,short_review:-1 | has_menu:+1.5 | has_photo:+0.5,0,0,0,0,0,0,0,0,0,0,0,0,FP: 가짜 리뷰를 실제로 분류,사진 등 메타데이터 과대 반영
train,naver,소문난성수감자탕,프로키온95,349,2026-02-11,1.0,맛집이라 그런지 역시 웨이팅이 기네요 맛은 평범했지만 양이 많아서 만족스럽네오,43,0,,,1.0,0,1,no_number_detail_with_praise:-1 | first_visit_short:-1.5 | category_count:+1 | has_detailed_negative:+2 | account_review_count_over_100:+1.5 | naver_first_visit_short_praise:-1,1,1,0,0,0,1,0,0,0,0,1,1,FP: 가짜 리뷰를 실제로 분류,방문 맥락 표현 과대 반영
train,kakao,훼미리손칼국수보쌈,맛집평론가,171,2025-12-11,,수육이 찐,5,1,5.0,3.4,1.5,0,1,short_review:-1 | ultra_short_review:-1 | has_menu:+1.5 | account_review_count_over_100:+1.5 | has_photo:+0.5,0,0,0,0,0,0,0,0,0,0,1,1,FP: 가짜 리뷰를 실제로 분류,사진 등 메타데이터 과대 반영
train,kakao,능동미나리 성수점,미옥,1,2025-10-22,,"웨이팅했는데 회전율 빨라서 금방 입장했어요 육회비빔밥, 미나리곰탕, 육전 이렇게 맛있게 잘 먹었습니다 다음에 또 방문할게요 잘 먹고갑니다~",77,0,5.0,5.0,-0.5,1,0,no_number_detail_with_praise:-1 | account_review_count_is_1:-3 | has_menu:+1.5 | category_count:+1 | has_detailed_negative:+2 | kakao_5star_short_praise:-1,1,1,0,0,0,0,0,1,1,1,0,0,FN: 실제 리뷰를 가짜로 분류,일반적 칭찬 표현으로 인한 오분류
train,naver,태양곱창 성수점,tot****,77,2026-04-29,1.0,들깨를 가득 넣어 먹으면 더더 맛있는 곱창전골이에요! 리뷰쓰면 서비스를 주셔서 더 좋습니당,50,1,,,-0.5,1,0,strong_generic_praise:-1 | no_number_detail_with_praise:-1 | first_visit_short:-1.5 | has_menu:+1.5 | category_count:+1 | account_review_count_over_50:+1 | has_photo:+0.5 | naver_first_visit_short_praise:-1,1,2,0,0,0,1,0,0,0,0,1,0,FN: 실제 리뷰를 가짜로 분류,일반적 칭찬 표현으로 인한 오분류
train,naver,금금 성수점,홍태식이,31,2026-04-12,1.0,"보리된장고기국수랑 들기름통밀국수, 묵은지참치말이 먹었습니다! 음식 너무 맛있게 잘먹었습니다! 다음번에 또 방문하겠습니다 ㅎㅎ",69,1,,,-1.5,1,0,no_number_detail_with_praise:-1 | first_visit_short:-1.5 | has_menu:+1.5 | has_photo:+0.5 | naver_first_visit_short_praise:-1,1,1,0,0,0,1,0,0,0,0,0,0,FN: 실제 리뷰를 가짜로 분류,일반적 칭찬 표현으로 인한 오분류
train,kakao,능동미나리 성수점,솜땀,4,2025-09-24,,육회비빔밥이 너무 맛있었음. 간장베이스 육빔은 처음인데 맛있어서 다음에 또 오고 싶을 정도! 육회비빔밥 별로 안좋아하는 친구도 잘먹었음!!,77,1,5.0,3.0,-2.0,1,0,strong_generic_praise:-1 | no_number_detail_with_praise:-1 | account_review_count_under_5:-2 | has_menu:+1.5 | category_count:+1 | has_photo:+0.5 | kakao_5star_short_praise:-1,1,3,0,0,0,0,0,0,1,1,0,0,FN: 실제 리뷰를 가짜로 분류,일반적 칭찬 표현으로 인한 오분류
train,kakao,능동미나리 성수점,🩵,94,2025-04-14,,무난해요 근데 넘비쌈 ㅠ,13,0,3.0,3.9,1.5,0,1,short_review:-1 | has_menu:+1.5 | account_review_count_over_50:+1,0,0,0,0,0,0,0,0,0,0,1,0,FP: 가짜 리뷰를 실제로 분류,기타 FP 오분류
train,kakao,태양곱창 성수점,영쏘,256,2025-02-27,,아는 곱창맛 ㅎㅎ 맛있긴 맛있음 양이 많고 곱창 크기가 크다 개좋음,37,1,4.0,4.4,1.5,0,1,strong_generic_praise:-1 | no_number_detail_with_praise:-1 | has_menu:+1.5 | account_review_count_over_100:+1.5 | has_photo:+0.5,1,3,0,0,0,0,0,0,0,0,1,1,FP: 가짜 리뷰를 실제로 분류,메뉴 언급 과대 반영
train,kakao,장인닭갈비 홍대점,안선희,9,2026-03-18,,홍대역 맛집이라고 해서 방문했는데 닭갈비 퀄리티가 끝내주는데요 여기에 모짜렐라 치즈까지 곁들여 주니 2배로 더 맛있었구요 볶음밥은 필수! 너무 맛있어서 입이 즐거웠어요,93,0,5.0,5.0,1.5,0,1,strong_generic_praise:-1 | no_number_detail_with_praise:-1 | account_review_count_under_10:-1 | has_menu:+1.5 | category_count:+1 | has_detailed_negative:+2,1,3,0,0,0,0,0,0,0,1,0,0,FP: 가짜 리뷰를 실제로 분류,메뉴 언급 과대 반영
train,naver,황금콩밭,intermission1,639,2025-12-17,2.0,자주 가는 곳이에요:) 윗쪽에 같은 곳에서 하시는 만두? 국수?가게가 있어서 가봤다가 메뉴가 애매해서 그냥 황금콩밭으로 ㅎㅎ 역시 여기가 좋다며.. 반찬들이 다 간간하게 맛있고 두부도 넘 고소합니다,110,1,,,2.5,0,1,no_number_detail_with_praise:-1 | generic_negative_without_detail:-2 | has_menu:+1.5 | category_count:+1 | revisit:+1 | account_review_count_over_100:+1.5 | has_photo:+0.5,1,1,0,0,0,0,1,0,0,0,1,1,FP: 가짜 리뷰를 실제로 분류,방문 맥락 표현 과대 반영
train,kakao,능동미나리 성수점,허지환,127,2025-07-20,,간이 살짝 슴슴하지만 정성과 건강을 챙겨주시는것같습니다.,31,1,4.0,4.4,1.0,0,1,account_review_count_over_100:+1.5 | has_photo:+0.5 | kakao_high_avg_short_low_specificity:-1,0,0,0,0,0,0,0,0,0,0,1,1,FP: 가짜 리뷰를 실제로 분류,사진 등 메타데이터 과대 반영
train,kakao,원조조박집 본관,공익을 위한 솔직한 리뷰,576,2025-04-09,,맛있다고 해서 굳이굳이 찾아갔는데 그냥 돼지갈비집. 수원에 있는 마포본가 갔을때의 그런 웅장함이 없네요. 재방문의사 X 최악은 아니라서 별은 하나 더 준거지 다른 이유 X,95,0,2.0,2.7,-1.0,1,0,strong_generic_praise:-1 | no_number_detail_with_praise:-1 | generic_negative_without_detail:-2 | has_menu:+1.5 | account_review_count_over_100:+1.5,1,3,0,0,0,0,0,0,0,0,1,1,FN: 실제 리뷰를 가짜로 분류,일반적 칭찬 표현으로 인한 오분류
train,kakao,능동미나리 성수점,이현제,185,2025-07-22,,올해 먹은 한식 중 손에 꼽게 맛있네요 음식이 간편하면서도 깔끔해요 그리고 직원 분들 엄청 친절하십니다!,58,0,5.0,4.9,0.5,0,1,strong_generic_praise:-1 | no_number_detail_with_praise:-1 | category_count:+2 | account_review_count_over_100:+1.5 | kakao_5star_short_praise:-1,1,2,0,0,0,0,0,0,0,0,1,1,FP: 가짜 리뷰를 실제로 분류,메뉴 언급 과대 반영
train,naver,금금 성수점,벼랑 위의 을차,1,2026-04-04,1.0,"친구랑 오랜만에 만났는데 성수 팝업 들렀다 밥 먹기 좋네요. 메뉴도 간결하고, 깔끔해요. 국수 먹었는데 상큼하고 맛있어요. 묵은지 문어 국수 맛있고 담엔 다른 것도 먹으러 올 거 같아요. 간단하게 친구 연인이랑 먹기 좋아요",124,1,,,-3.0,1,0,strong_generic_praise:-1 | no_number_detail_with_praise:-1 | account_review_count_is_1:-3 | first_visit:-0.5 | category_count:+2 | has_photo:+0.5,1,4,0,0,0,1,0,1,1,1,0,0,FN: 실제 리뷰를 가짜로 분류,일반적 칭찬 표현으로 인한 오분류
train,kakao,능동미나리 성수점,서른의맛,1,2026-01-26,,육회비빔밥 주문해서 먹어봤는데요 참기름향 너무 고소해고 육회와 간장소스와의 조화도 최고였습니다~~ 다음에도 기회만되면 지주가서 먹고싶어요!!,78,0,5.0,5.0,-2.5,1,0,no_number_detail_with_praise:-1 | account_review_count_is_1:-3 | has_menu:+1.5 | category_count:+1 | kakao_5star_short_praise:-1,1,1,0,0,0,0,0,1,1,1,0,0,FN: 실제 리뷰를 가짜로 분류,일반적 칭찬 표현으로 인한 오분류
train,kakao,이태리국시 성수,뿌꾸뿌,7,2026-04-05,,피자 너무 맛있었습니다! 곱창 파스타는 간이 좀 쎈편이었어요ㅠㅠ,35,1,4.0,4.9,0.0,0,1,no_number_detail_with_praise:-1 | account_review_count_under_10:-1 | has_menu:+1.5 | has_photo:+0.5,1,1,0,0,0,0,0,0,0,1,0,0,FP: 가짜 리뷰를 실제로 분류,메뉴 언급 과대 반영
train,naver,마포양지설렁탕,du****,1380,2026-01-15,3.0,육수도 진하고 고기 재료도 신선하고 맛있어요,24,1,,,0.5,0,1,short_review:-1 | short_generic_review:-2 | no_number_detail_with_praise:-1 | has_menu:+1.5 | revisit:+1 | account_review_count_over_100:+1.5 | has_photo:+0.5,1,1,0,0,0,0,1,0,0,0,1,1,FP: 가짜 리뷰를 실제로 분류,메뉴 언급 과대 반영
train,kakao,굴다리식당,스댕,2,2026-02-12,,저 진짜 길냥이입맛인데..여긴 좀 그랬어요 ㅠㅠ,26,0,2.0,3.5,0.0,0,1,short_review:-1 | account_review_count_under_5:-2 | category_count:+1 | has_detailed_negative:+2,0,0,0,0,0,0,0,0,1,1,0,0,FP: 가짜 리뷰를 실제로 분류,기타 FP 오분류
train,kakao,황금콩밭,정직하게 살자.,267,2026-01-25,,음식점 쌀 원산지 거짓표시 2025.08.29 표시변경 국립농산물품질관리원 경기지원장,47,0,1.0,1.4,1.5,0,1,account_review_count_over_100:+1.5,0,0,0,0,0,0,0,0,0,0,1,1,FP: 가짜 리뷰를 실제로 분류,기타 FP 오분류
train,kakao,소문난성수감자탕,핫초코,6,2025-12-13,,약간 헛소문? 헛소문이 난거같네요,18,0,1.0,1.7,-4.0,1,0,short_review:-1 | low_information_review:-2 | account_review_count_under_10:-1,0,0,0,0,0,0,0,0,0,1,0,0,FN: 실제 리뷰를 가짜로 분류,짧지만 실제 경험 리뷰
train,kakao,소문난성수감자탕,칼레,27,2025-03-02,,영등포역 앞 스탠그릇에 뼈다귀 팔던 그 맛,23,0,3.0,3.1,-3.0,1,0,short_review:-1 | low_information_review:-2,0,0,0,0,0,0,0,0,0,0,0,0,FN: 실제 리뷰를 가짜로 분류,기타 FN 오분류
train,kakao,태양곱창 성수점,an927,1,2025-02-12,,평소에도 야채곱창에 당면이랑 깻잎이 많이 들어간 것을 좋아하는 편인데 당면이랑 깻잎을 많이 주셔서 만족했어요 사장님이 인심이 좋으셔서 야채곱창 싸억을 깻잎도 계속해서 가져다 주셨어요~너무 맛있게 잘 먹었습니다~,117,0,5.0,5.0,-2.5,1,0,strong_generic_praise:-1 | no_number_detail_with_praise:-1 | account_review_count_is_1:-3 | has_menu:+1.5 | category_count:+1,1,2,0,0,0,0,0,1,1,1,0,0,FN: 실제 리뷰를 가짜로 분류,일반적 칭찬 표현으로 인한 오분류
train,naver,일등식당,이땜땜이,1197,2026-02-08,1.0,"해장국 8,000원!! 진짜 너무 맛있었어요. 고기도 부드럽고 국물도 맑고!!",43,1,,,6.0,0,1,first_visit_short:-1.5 | has_menu:+1.5 | category_count:+1 | has_number_detail:+2 | has_detailed_negative:+2 | account_review_count_over_100:+1.5 | has_photo:+0.5 | naver_first_visit_short_praise:-1,1,1,0,1,1,1,0,0,0,0,1,1,FP: 가짜 리뷰를 실제로 분류,숫자 정보 과대 반영
train,kakao,이태리국시 성수,Alec,1,2026-04-21,,The atmosphere was very pleasant! Our food was delicious and the meals were great portion sizes! Really recommend the 곱창 치즈 돌솥파스타! Definitely recommend a visit!,160,1,5.0,5.0,-1.0,1,0,account_review_count_is_1:-3 | has_menu:+1.5 | has_photo:+0.5,0,0,0,0,0,0,0,1,1,1,0,0,FN: 실제 리뷰를 가짜로 분류,메뉴 언급 반영 부족
train,naver,굴다리식당,선넘네90,437,2025-11-23,1.0,정겹고 토속적인 곳. 이 반찬도 잘 나오고 김도 주셔요. 김치찌개 제육볶음 다 맛있습니다,49,1,,,0.0,0,1,no_number_detail_with_praise:-1 | first_visit_short:-1.5 | has_menu:+1.5 | account_review_count_over_100:+1.5 | has_photo:+0.5 | naver_first_visit_short_praise:-1,1,1,0,0,0,1,0,0,0,0,1,1,FP: 가짜 리뷰를 실제로 분류,메뉴 언급 과대 반영
train,naver,금금 성수점,난완쟈님,41,2026-02-24,1.0,고기국수랑 문어간장비빔밥 꼭 같이드세요 진짜 맛있어요! 찬으로나오는 갓장아찌 진짜 맛있네요👍,51,1,,,0.5,0,1,strong_generic_praise:-1 | no_number_detail_with_praise:-1 | first_visit_short:-1.5 | has_menu:+1.5 | category_count:+1 | has_detailed_negative:+2 | has_photo:+0.5 | naver_first_visit_short_praise:-1,1,2,0,0,0,1,0,0,0,0,0,0,FP: 가짜 리뷰를 실제로 분류,메뉴 언급 과대 반영
train,naver,금금 성수점,횾지니,26,2026-03-15,1.0,금금 처음 왔는데 맛있어요😋 외국인 친구 데려와도 좋을거 같아요! 보리된장국수 강추입니듀 근데 좌석 간격은 좁아서 옆테이블이랑 가깝습니다ㅠ,77,1,,,-3.0,1,0,strong_generic_praise:-1 | no_number_detail_with_praise:-1 | first_visit_short:-1.5 | category_count:+1 | has_photo:+0.5 | naver_first_visit_short_praise:-1,1,2,0,0,0,1,0,0,0,0,0,0,FN: 실제 리뷰를 가짜로 분류,일반적 칭찬 표현으로 인한 오분류
train,naver,금금 성수점,Sean9379,252,2026-02-20,1.0,여기는 무조건! 마제소바와 묵은지참치를 함께 먹어야해요… 진짜 너무 맛있어요… 최고입니다!!! 웨이팅이 긴 이유가 있어요 ㅎㅎ 정말 맛있었습니다!!,82,1,,,3.5,0,1,strong_generic_praise:-1 | no_number_detail_with_praise:-1 | first_visit:-0.5 | category_count:+2 | has_detailed_negative:+2 | account_review_count_over_100:+1.5 | has_photo:+0.5,1,3,0,0,0,1,0,0,0,0,1,1,FP: 가짜 리뷰를 실제로 분류,방문 맥락 표현 과대 반영
train,kakao,소문난성수감자탕,허니자몽블랙티,4,2025-04-11,,여기를 왜 줄서서 먹는지 잘 모르겠습니다…,23,0,1.0,1.0,-2.0,1,0,short_review:-1 | account_review_count_under_5:-2 | category_count:+1,0,0,0,0,0,0,0,0,1,1,0,0,FN: 실제 리뷰를 가짜로 분류,기타 FN 오분류
train,kakao,능동미나리 성수점,Kyle Hyun,2,2025-11-24,,육회 비빔밥에 육회는 얼어있고 식기에서는 물비린내 납니다,31,0,1.0,3.0,-0.5,1,0,account_review_count_under_5:-2 | has_menu:+1.5,0,0,0,0,0,0,0,0,1,1,0,0,FN: 실제 리뷰를 가짜로 분류,메뉴 언급 반영 부족
train,kakao,대성갈비,YQ,184,2026-01-21,,잘되는 집은 이유가 있다. 공기밥 클라스 보소. 고기양도 돼지갈비 1인분 200g임.,47,1,5.0,3.9,5.5,0,1,has_menu:+1.5 | has_number_detail:+2 | account_review_count_over_100:+1.5 | has_photo:+0.5,0,0,0,1,1,0,0,0,0,0,1,1,FP: 가짜 리뷰를 실제로 분류,숫자 정보 과대 반영
train,naver,소문난성수감자탕,jus****,1240,2026-02-08,1.0,성수동은 젊은이의 성지다 뻘쭘했다 그러나 그 와중에 이 메뉴는 어긋나지않았다~~맛있게 먹었다 성수동의 소문난 감자탕은 핫플이다,70,1,,,-4.5,1,0,generic_without_detail:-3 | no_number_detail_with_praise:-1 | first_visit_short:-1.5 | account_review_count_over_100:+1.5 | has_photo:+0.5 | naver_first_visit_short_praise:-1,1,1,1,0,0,1,0,0,0,0,1,1,FN: 실제 리뷰를 가짜로 분류,일반적 칭찬 표현으로 인한 오분류
train,kakao,마포양지설렁탕 도화점,맛없는거 먹으면 화냄,352,2026-02-02,,겨울에 먹으면 왕맛도리 김치도 매우맛남,21,1,5.0,3.9,2.5,0,1,short_review:-1 | has_menu:+1.5 | account_review_count_over_100:+1.5 | has_photo:+0.5,0,0,0,0,0,0,0,0,0,0,1,1,FP: 가짜 리뷰를 실제로 분류,메뉴 언급 과대 반영
train,naver,소문난성수감자탕,제제3129,235,2025-12-11,1.0,여전히 맛있어요! 외국분들이 알아서 잘 찾아오시네요^^,30,1,,,0.0,0,1,no_number_detail_with_praise:-1 | first_visit_short:-1.5 | has_menu:+1.5 | account_review_count_over_100:+1.5 | has_photo:+0.5 | naver_first_visit_short_praise:-1,1,1,0,0,0,1,0,0,0,0,1,1,FP: 가짜 리뷰를 실제로 분류,방문 맥락 표현 과대 반영
train,kakao,이태리국시 성수,예소,1,2026-03-29,,매장 너무 쾌적하고 좋아용 대창파스타가 별미면서 완전맛있어요 ㅠㅠ 오는 이유 대창파스타 하나로 설명가능해요 직원분도 친절하시구 재방문의사 또 있습니다~!,85,1,5.0,5.0,-1.0,1,0,strong_generic_praise:-1 | no_number_detail_with_praise:-1 | account_review_count_is_1:-3 | has_menu:+1.5 | category_count:+2 | has_photo:+0.5,1,3,0,0,0,0,0,1,1,1,0,0,FN: 실제 리뷰를 가짜로 분류,일반적 칭찬 표현으로 인한 오분류
train,naver,금금 성수점,skw****,22,2026-04-02,1.0,메뉴도 담백하고 진짜 너무너무 맛있어요!!! 성수에서 이정도 가격에 퀄리티 진짜 미쳤어요… 다들 꼭 가세요! 재방문의사 100프로 입니다!!!,79,1,,,0.0,0,1,no_number_detail_with_praise:-1 | first_visit_short:-1.5 | category_count:+1 | has_detailed_negative:+2 | has_photo:+0.5 | naver_first_visit_short_praise:-1,1,1,0,0,0,1,0,0,0,0,0,0,FP: 가짜 리뷰를 실제로 분류,방문 맥락 표현 과대 반영
train,kakao,소문난성수감자탕,dlwndksl,15,2026-03-03,,왜 이렇게까지 줄을 서는 맛인지는 아직도 의문 정말 평범한 감자탕 맛이에요 줄서서 먹으면 오히려.. 실망만 더 커질 것 같아요.. 개인적으로는 오이가 제일 맛있었어요 서비스 친절도는 보통,104,0,1.0,3.3,-2.0,1,0,strong_generic_praise:-1 | no_number_detail_with_praise:-1 | generic_negative_without_detail:-2 | category_count:+2,1,2,0,0,0,0,0,0,0,0,0,0,FN: 실제 리뷰를 가짜로 분류,일반적 칭찬 표현으로 인한 오분류
train,kakao,락희옥 마포본점,유슐랭,22,2026-04-18,,가격은 있지만 대부분 요리가 맛있습니다.,22,0,3.0,3.5,-2.0,1,0,short_review:-1 | short_generic_review:-2 | no_number_detail_with_praise:-1 | has_detailed_negative:+2,1,1,0,0,0,0,0,0,0,0,0,0,FN: 실제 리뷰를 가짜로 분류,일반적 칭찬 표현으로 인한 오분류
train,kakao,소문난성수감자탕,HS,1,2025-01-17,,너무 불친절해서 맛있는지도 모르겠네요…,21,0,2.0,2.0,-5.0,1,0,short_review:-1 | strong_generic_praise:-1 | short_generic_review:-2 | no_number_detail_with_praise:-1 | account_review_count_is_1:-3 | category_count:+1 | has_detailed_negative:+2,1,2,0,0,0,0,0,1,1,1,0,0,FN: 실제 리뷰를 가짜로 분류,일반적 칭찬 표현으로 인한 오분류
train,naver,금금 성수점,bli****,34,2026-04-22,1.0,평일 저녁에 대기 없이 입장했어요! 맛있는 한식 메뉴가 많고 다이어트 중에도 부담없이 먹을 수 있는 정도라 좋아요 ~~ 🙌🏻💗,70,1,,,0.0,0,1,strong_generic_praise:-1 | no_number_detail_with_praise:-1 | first_visit_short:-1.5 | category_count:+2 | has_detailed_negative:+2 | has_photo:+0.5 | naver_first_visit_short_praise:-1,1,2,0,0,0,1,0,0,0,0,0,0,FP: 가짜 리뷰를 실제로 분류,방문 맥락 표현 과대 반영
train,naver,할머니의 레시피,유리하늘37,937,2025-04-11,1.0,점심특선으로 먹었는데 정갈하고 맛있어요.가격도 착하고 친절해요.,35,1,,,1.5,0,1,strong_generic_praise:-1 | no_number_detail_with_praise:-1 | first_visit_short:-1.5 | category_count:+2 | has_detailed_negative:+2 | account_review_count_over_100:+1.5 | has_photo:+0.5 | naver_first_visit_short_praise:-1,1,2,0,0,0,1,0,0,0,0,1,1,FP: 가짜 리뷰를 실제로 분류,방문 맥락 표현 과대 반영
train,kakao,소문난성수감자탕,스스,52,2025-08-06,,뭔가 디게 구수하고 담백하고 맛있음 난 이상하게 감자국이 더 맛나게 느껴져서 감자국으로 먹지만 여럿이면 전골로 해야 쫄깃한 수제비 먹을수 있다는 점,82,0,5.0,3.4,2.5,0,1,no_number_detail_with_praise:-1 | has_menu:+1.5 | category_count:+1 | account_review_count_over_50:+1,1,1,0,0,0,0,0,0,0,0,1,0,FP: 가짜 리뷰를 실제로 분류,메뉴 언급 과대 반영
train,naver,소문난성수감자탕,초롱초롱초로롱123,171,2026-03-28,1.0,맛잇게잘먹엇습니다. 예전만큼 맛잇지는않네요. 돼지고기 비린내가 좀 느껴졋어요.,43,1,,,-1.0,1,0,strong_generic_praise:-1 | no_number_detail_with_praise:-1 | first_visit_short:-1.5 | has_menu:+1.5 | account_review_count_over_100:+1.5 | has_photo:+0.5 | naver_first_visit_short_praise:-1,1,2,0,0,0,1,0,0,0,0,1,1,FN: 실제 리뷰를 가짜로 분류,일반적 칭찬 표현으로 인한 오분류
train,naver,을밀대 평양냉면,반포맛도리,1405,2026-03-26,88.0,1층 2층 옆집 뒷방. 크게 이렇게 네군데로 구분되어있어요.,33,1,,,3.0,0,1,revisit:+1 | account_review_count_over_100:+1.5 | has_photo:+0.5,0,0,0,0,0,0,1,0,0,0,1,1,FP: 가짜 리뷰를 실제로 분류,방문 맥락 표현 과대 반영
train,kakao,훼미리손칼국수보쌈,라봉,9,2025-06-14,,서울에있는거치곤 가성비는 좋았어요! 근데 냄새나는거 잘못먹는데 칼국수에서 고기냄새같은게 나서 끝까지먹기힘들었네요.. 면도 물컹하고.. 제가간날은 보쌈은 살이랑 비계비율이 괜찮았던건지 보쌈은 맛있었어요 그리고 위생예민하신분은 안가시는게 좋을듯요,135,1,3.0,2.1,-1.0,1,0,strong_generic_praise:-1 | no_number_detail_with_praise:-1 | account_review_count_under_10:-1 | has_menu:+1.5 | has_photo:+0.5,1,2,0,0,0,0,0,0,0,1,0,0,FN: 실제 리뷰를 가짜로 분류,일반적 칭찬 표현으로 인한 오분류
train,kakao,할머니의 레시피,🧍🏻‍♀️🪁,262,2025-10-11,,존맛탱 한식러버로써 인정드립니다 성수에 왜 웨이팅 생기는지 이해안가는 식당이 한가득인데 여기는 기다릴 가치가잇어요,63,1,5.0,4.8,3.0,0,1,no_number_detail_with_praise:-1 | category_count:+1 | has_detailed_negative:+2 | account_review_count_over_100:+1.5 | has_photo:+0.5 | kakao_5star_short_praise:-1,1,1,0,0,0,0,0,0,0,0,1,1,FP: 가짜 리뷰를 실제로 분류,방문 맥락 표현 과대 반영
train,naver,일등식당,Gratia78,1961,2026-04-04,1.0,최근 먹은 뼈해장국 중에 가장 맛있는 맛이에요. 끝까지 깔끔 담백합니다.,40,1,,,2.0,0,1,no_number_detail_with_praise:-1 | first_visit_short:-1.5 | has_menu:+1.5 | category_count:+2 | account_review_count_over_100:+1.5 | has_photo:+0.5 | naver_first_visit_short_praise:-1,1,1,0,0,0,1,0,0,0,0,1,1,FP: 가짜 리뷰를 실제로 분류,방문 맥락 표현 과대 반영
train,kakao,할머니의 레시피,맛집평가단,143,2025-10-18,,"오 정말 한국음식을 정갈하게 트렌디하게 잘 구성한것 같고, 특히나 외국인들이 정말 많이 오던데~~~ 우리나라 케이푸드의 자존심을 지켜주시기 바랍니다~~ 화이팅~~~!!",93,1,5.0,4.4,2.0,0,1,account_review_count_over_100:+1.5 | has_photo:+0.5,0,0,0,0,0,0,0,0,0,0,1,1,FP: 가짜 리뷰를 실제로 분류,사진 등 메타데이터 과대 반영
train,kakao,원조조박집 본관,핸스떠,228,2025-11-28,,"5점 : 무조건 방문 4점 : 맛있음 3점 : 평범함 2점 : 흠 1점 : 쩝 생갈비가 생겼길래 주문 해 봤다. 다음엔 그냥 양념만 먹어야겠다. 찐갈빗살과 목살의 구성이다. 예나 지금이나 맛도 좋고 짝퉁 갈비 안 팔아서 더 좋다. 돼지갈비 맛집 찾다가 갈 곳 없으면 조박집 가는 게 정답이다. 국내산 순수 돼지갈빗살로만 갈비를 만드는 곳은 서울 경기권에 거의 없는 것 같다. 제발 찾고 싶다. 인천에 하나 있긴한데, 갈 수록 별로라 패스. 사람들은 뼈 붙인 왕갈비 좋다고 먹던데.. 그냥 명륜진사 두꺼운 고기를 먹는 것과 다를 게 뭐지? 희한하다.",306,1,4.0,3.1,-0.5,1,0,strong_generic_praise:-1 | no_number_detail_with_praise:-1 | generic_negative_without_detail:-2 | has_menu:+1.5 | account_review_count_over_100:+1.5 | has_photo:+0.5,1,2,0,0,0,0,0,0,0,0,1,1,FN: 실제 리뷰를 가짜로 분류,일반적 칭찬 표현으로 인한 오분류
train,kakao,원조조박집 본관,도슐랭가이드,604,2025-09-17,,"《가성비 봉피양》 거의 꽉찬 육각형 다만, 가격이 거슬려지기 시작",36,1,4.0,3.3,4.0,0,1,has_detailed_negative:+2 | account_review_count_over_100:+1.5 | has_photo:+0.5,0,0,0,0,0,0,0,0,0,0,1,1,FP: 가짜 리뷰를 실제로 분류,사진 등 메타데이터 과대 반영
train,kakao,굴다리식당,돼지녀야 커피만들때 코딱지 좀 그만파,8,2026-01-18,,제육볶음은 바퀴벌레도 볶아져 나왔고 김치찌개는 바퀴벌레가 우려진 국물이라 깊어 이걸 따졌더니 싸가지 없게나와 돈 안내고 욕을 퍼붓고 나왔음 맛없고 싸가지 없으면 돈내지 말고 그냥 가,101,0,1.0,1.3,-0.5,1,0,account_review_count_under_10:-1 | generic_negative_without_detail:-2 | has_menu:+1.5 | category_count:+1,0,0,0,0,0,0,0,0,0,1,0,0,FN: 실제 리뷰를 가짜로 분류,메뉴 언급 반영 부족
train,naver,소문난성수감자탕,오늘의 TMI,1077,2025-11-07,5.0,항상 중짜리 포장만 하다가 소짜먹으니 뭔가 작아보이네요. 오늘은 왠일인지 뼈에 살도 없고ㅜ 다어디로 갔는지 뼈밖에 없어 아쉬웠어요 그래서 볶음밥2개 볶음,85,1,,,9.5,0,1,has_menu:+1.5 | category_count:+1 | has_number_detail:+2 | has_detailed_negative:+2 | revisit:+1 | account_review_count_over_100:+1.5 | has_photo:+0.5,0,0,0,1,1,0,1,0,0,0,1,1,FP: 가짜 리뷰를 실제로 분류,숫자 정보 과대 반영
train,naver,금금 성수점,찐 원앤온리,17,2026-02-09,1.0,"퓨전한식이라 한국인 입맛에 제격!! 색다른 맛으로 질리지 않게 먹었습니다. 특히 묵은지참치말이는 한알만 먹어도 든든 친구, 연인과 같이 오면 깔끔하고 맛있는 식사가 될거예요! (점원분의 친절함도 감사했습니다😍)",117,1,,,2.5,0,1,strong_generic_praise:-1 | no_number_detail_with_praise:-1 | first_visit:-0.5 | has_menu:+1.5 | category_count:+3 | has_photo:+0.5,1,2,0,0,0,1,0,0,0,0,0,0,FP: 가짜 리뷰를 실제로 분류,메뉴 언급 과대 반영
train,naver,금금 성수점,왐감자,180,2026-03-05,1.0,성수 금금 왔어요! 평일 점심 기준 웨이팅이 있긴 했지만 빨리 들어갔어요! 특별한 메뉴가 있어서 친구들이랑 오기 좋아요!!,68,1,,,2.5,0,1,no_number_detail_with_praise:-1 | first_visit_short:-1.5 | category_count:+2 | has_detailed_negative:+2 | account_review_count_over_100:+1.5 | has_photo:+0.5 | naver_first_visit_short_praise:-1,1,1,0,0,0,1,0,0,0,0,1,1,FP: 가짜 리뷰를 실제로 분류,방문 맥락 표현 과대 반영
train,kakao,이태리국시 성수,.,59,2026-04-21,,대창을 좋아하시면 대창파스타를 시키십시오 리조또도 맛있어용,32,1,5.0,3.6,0.0,0,1,strong_generic_praise:-1 | no_number_detail_with_praise:-1 | has_menu:+1.5 | account_review_count_over_50:+1 | has_photo:+0.5 | kakao_5star_short_praise:-1,1,2,0,0,0,0,0,0,0,0,1,0,FP: 가짜 리뷰를 실제로 분류,메뉴 언급 과대 반영
train,naver,금금 성수점,전국맛집찾아다니기,33,2026-03-26,1.0,성수 금금 다녀왔어요. 한식을 베이스로 한 퓨전 메뉴라 색다르고 맛있었습니다. 전체적으로 깔끔한 분위기에서 편하게 식사하기 좋았어요. 다음에 또 방문하고 싶은 곳입니다 :),96,1,,,0.5,0,1,strong_generic_praise:-1 | no_number_detail_with_praise:-1 | first_visit:-0.5 | has_menu:+1.5 | category_count:+1 | has_photo:+0.5,1,2,0,0,0,1,0,0,0,0,0,0,FP: 가짜 리뷰를 실제로 분류,방문 맥락 표현 과대 반영
train,naver,각시보쌈,딱지맘17,1132,2026-04-16,3.0,평일 점심인데도 사람 정말 많아요 보쌈 너무 맛있어요,29,1,,,1.5,0,1,short_review:-1 | short_generic_review:-2 | no_number_detail_with_praise:-1 | has_menu:+1.5 | category_count:+1 | revisit:+1 | account_review_count_over_100:+1.5 | has_photo:+0.5,1,1,0,0,0,0,1,0,0,0,1,1,FP: 가짜 리뷰를 실제로 분류,방문 맥락 표현 과대 반영
train,kakao,능동미나리 성수점,뭘 봐~~,47,2026-02-15,,추운 날 뜨끈한 국물 좋내요 회전률 좋고 재방문 갑니다. 잘먹고 가요^^,40,1,5.0,2.6,3.0,0,1,has_menu:+1.5 | category_count:+1 | has_photo:+0.5,0,0,0,0,0,0,0,0,0,0,0,0,FP: 가짜 리뷰를 실제로 분류,방문 맥락 표현 과대 반영
train,naver,소문난성수감자탕,깨는공주,1088,2026-02-23,1.0,기대를 많이해서 그런가 엄청맛있다는 아니고 맛없지는 않지만 줄설정도 아닌것 같은데 외국인 손님들이 진짜 많이 오시더라고요 소스가 맛있긴했어여,78,1,,,0.5,0,1,strong_generic_praise:-1 | no_number_detail_with_praise:-1 | first_visit_short:-1.5 | category_count:+1 | has_detailed_negative:+2 | account_review_count_over_100:+1.5 | has_photo:+0.5 | naver_first_visit_short_praise:-1,1,2,0,0,0,1,0,0,0,0,1,1,FP: 가짜 리뷰를 실제로 분류,방문 맥락 표현 과대 반영
train,kakao,육지,버텨쿠키,107,2025-12-28,,"구워줘서 편하고 된장찌개, 계란찜, 밥 등등 사이드도 너무 맛있음",36,0,5.0,4.9,1.0,0,1,no_number_detail_with_praise:-1 | has_menu:+1.5 | account_review_count_over_100:+1.5 | kakao_5star_short_praise:-1,1,1,0,0,0,0,0,0,0,0,1,1,FP: 가짜 리뷰를 실제로 분류,메뉴 언급 과대 반영
train,kakao,할머니의 레시피,ms,2,2026-04-01,,떡갈비 1조각(9천원) 추가 주문할때도 1조각 맞냐고 4조각 2조각도 있다고 몇번을 큰소리로 말해 민망했음. 결국 2조각 나옴. 주문이 잘 못들어갔나 하고 그냥 먹고 있었더니 왜 잘못 나왔는데 얘기를 안했냐고 화내듯 말함. 2조각 비용 결제할때도 미안하다는 말한마디 없음. 재방문 의사 없음.,163,0,1.0,3.0,-2.5,1,0,account_review_count_under_5:-2 | generic_negative_without_detail:-2 | has_menu:+1.5,0,0,0,0,0,0,0,0,1,1,0,0,FN: 실제 리뷰를 가짜로 분류,방문 맥락 반영 부족
train,kakao,옥동식 서교점,배강열,33,2026-03-06,,한번정도는웨이팅해서드셔보기실. 특히겨울에. 뜨끈하게. 다르긴해요진짜.,38,0,4.0,4.0,4.0,0,1,category_count:+2 | has_detailed_negative:+2,0,0,0,0,0,0,0,0,0,0,0,0,FP: 가짜 리뷰를 실제로 분류,방문 맥락 표현 과대 반영
train,kakao,태양곱창 성수점,나는야탐험가,11,2025-03-17,,"글쎄요 맛집은 아닙니다. 깊은 맛이 없는 곱창전골이였고 매운곱창전골을 못드시는 분들 무난하게 드실 수 있을 거 같아요. 양은 많았구요. 어르신들이 좋아할 진득한 전골이 아닌 젊은 애들이 그냥저냥 먹을 가벼운 전골입니다. 이렇게 평점이 높은 이유는 광고인거 같아요. 한번으로 만족합니다. 또한 주방에 있는 직원들이 출근 하자마자 모자도 안쓰고 일을 하더군요,,홀직원 분들은 친절하시긴 했으나 음식 먹는 방법도 말 안해주시고 음식만 툭 내려놓고 가셨어요,,",253,0,1.0,3.3,-1.5,1,0,strong_generic_praise:-1 | no_number_detail_with_praise:-1 | generic_negative_without_detail:-2 | has_menu:+1.5 | category_count:+1,1,3,0,0,0,0,0,0,0,0,0,0,FN: 실제 리뷰를 가짜로 분류,일반적 칭찬 표현으로 인한 오분류
train,naver,할머니의 레시피,왕비병,999,2025-11-14,2.0,짜지않고 담백하고 맛나요 가성비좋은 한식,22,1,,,5.0,0,1,short_review:-1 | category_count:+1 | has_detailed_negative:+2 | revisit:+1 | account_review_count_over_100:+1.5 | has_photo:+0.5,0,0,0,0,0,0,1,0,0,0,1,1,FP: 가짜 리뷰를 실제로 분류,방문 맥락 표현 과대 반영
train,naver,금금 성수점,xx유니xx,26,2026-02-13,1.0,다 맛있어보여서 메뉴 고르기 힘들었어요! 오늘 너무 맛있게 먹어서 다시 방문해서 다른메뉴 먹어보고싶어요 묵은지문어국수 새콤하고 맛있어요~,76,1,,,-4.0,1,0,strong_generic_praise:-1 | no_number_detail_with_praise:-1 | first_visit_short:-1.5 | has_photo:+0.5 | naver_first_visit_short_praise:-1,1,3,0,0,0,1,0,0,0,0,0,0,FN: 실제 리뷰를 가짜로 분류,일반적 칭찬 표현으로 인한 오분류
train,kakao,훼미리손칼국수보쌈,qufdid,64,2025-02-20,,사장님 친절하시고 정식 시키면 보쌈김치 왕창이랑 칼국수랑 밥도 0.5 인분씩 나와용,46,0,5.0,4.2,4.5,0,1,has_menu:+1.5 | category_count:+1 | has_number_detail:+2 | account_review_count_over_50:+1 | kakao_5star_short_praise:-1,1,1,0,1,1,0,0,0,0,0,1,0,FP: 가짜 리뷰를 실제로 분류,숫자 정보 과대 반영
train,kakao,장인닭갈비 홍대점,LindsayJii,57,2026-03-10,,"100% 국내산 닭고기라 쫄깃하고, 순수 모짜렐라 치즈와 어우러져 고소함이 정말 좋아요! 사리 추가로 더 풍성하게 즐기니 맛이 두 배!!",76,0,5.0,5.0,3.5,0,1,no_number_detail_with_praise:-1 | has_menu:+1.5 | category_count:+1 | has_detailed_negative:+2 | account_review_count_over_50:+1 | kakao_5star_short_praise:-1,1,1,0,0,0,0,0,0,0,0,1,0,FP: 가짜 리뷰를 실제로 분류,메뉴 언급 과대 반영
train,naver,소문난성수감자탕,APPLE8920,2239,2026-01-10,5.0,수제비 맛나요~~ 밥도 볶으면 맛있어용,21,1,,,0.5,0,1,short_review:-1 | short_generic_review:-2 | no_number_detail_with_praise:-1 | has_menu:+1.5 | revisit:+1 | account_review_count_over_100:+1.5 | has_photo:+0.5,1,1,0,0,0,0,1,0,0,0,1,1,FP: 가짜 리뷰를 실제로 분류,메뉴 언급 과대 반영
train,kakao,각시보쌈,솥뚜껑,1,2025-09-19,,여기 맛은 있는데 위생이… 수저 설거지한거 정리하는데 바닥에 떨어진거(신발신고 다니는 바닥) 다시 걍 주워서 통에 넣음,66,0,1.0,1.0,-3.0,1,0,account_review_count_is_1:-3,0,0,0,0,0,0,0,1,1,1,0,0,FN: 실제 리뷰를 가짜로 분류,기타 FN 오분류
train,kakao,능동미나리 성수점,나는 자유로운 영혼,131,2025-09-22,,미나리 듬뿍 향긋한 달달한 간장 베이스의 육회비빔밥. 괜츈괜츈,34,1,4.0,3.3,6.5,0,1,has_menu:+1.5 | category_count:+1 | has_detailed_negative:+2 | account_review_count_over_100:+1.5 | has_photo:+0.5,0,0,0,0,0,0,0,0,0,0,1,1,FP: 가짜 리뷰를 실제로 분류,메뉴 언급 과대 반영
train,kakao,쭌곱창,몽구,2,2025-12-22,,개인적으로 홍대 곱창 원탑이라구 생각합니다 잡내도 안나고 맵기도 딱! 완전 맛있어요 추천합니다!!!,55,1,5.0,5.0,0.0,0,1,strong_generic_praise:-1 | no_number_detail_with_praise:-1 | account_review_count_under_5:-2 | has_menu:+1.5 | category_count:+1 | has_detailed_negative:+2 | has_photo:+0.5 | kakao_5star_short_praise:-1,1,2,0,0,0,0,0,0,1,1,0,0,FP: 가짜 리뷰를 실제로 분류,메뉴 언급 과대 반영
train,kakao,쭌곱창,qnaodh,13,2026-04-18,,곱창 막창 러버로서 인정하는 불맛!!!! 사장님이 알려주신 쌈조합으로 먹으니까 정말 맛있었어요!!!,55,1,5.0,2.4,1.0,0,1,no_number_detail_with_praise:-1 | has_menu:+1.5 | category_count:+1 | has_photo:+0.5 | kakao_5star_short_praise:-1,1,1,0,0,0,0,0,0,0,0,0,0,FP: 가짜 리뷰를 실제로 분류,메뉴 언급 과대 반영
train,kakao,락희옥 마포본점,맛집찾아,3,2025-03-26,,회도 싱싱하고 고기도 두툼해서 맛있게 잘 먹었습니다! 그리고 서빙해주시는 분이 사장님인 것 같은데 먹는 법도 알려주시고 와인도 따라주셨어요. 너무 친절해서 기분 좋게 식사했습니다 :),102,1,5.0,2.3,-1.0,1,0,strong_generic_praise:-1 | no_number_detail_with_praise:-1 | account_review_count_under_5:-2 | has_menu:+1.5 | category_count:+1 | has_photo:+0.5,1,2,0,0,0,0,0,0,1,1,0,0,FN: 실제 리뷰를 가짜로 분류,일반적 칭찬 표현으로 인한 오분류
train,kakao,마포양지설렁탕 도화점,정슐랭가이드,153,2026-04-17,,설렁탕 전문점에서 기대하는 맛을 느낄 수 있어요. 맛있게 한 끼 했습니다.,41,1,3.0,3.2,2.5,0,1,no_number_detail_with_praise:-1 | has_menu:+1.5 | account_review_count_over_100:+1.5 | has_photo:+0.5,1,1,0,0,0,0,0,0,0,0,1,1,FP: 가짜 리뷰를 실제로 분류,메뉴 언급 과대 반영
train,naver,장인닭갈비 홍대점,라베1010,11,2026-04-14,1.0,1주년 기념으로 온 장인 닭갈비집! 화면보다 조금 더 빨개서 실제로 보면 더 먹음직 스러워짐!!👍👍 짱 추천,60,1,,,-2.5,1,0,strong_generic_praise:-1 | no_number_detail_with_praise:-1 | first_visit_short:-1.5 | has_menu:+1.5 | has_photo:+0.5 | naver_first_visit_short_praise:-1,1,2,0,0,0,1,0,0,0,0,0,0,FN: 실제 리뷰를 가짜로 분류,일반적 칭찬 표현으로 인한 오분류
train,kakao,훼미리손칼국수보쌈,sohwan,19,2025-05-22,,찾아서 올 만하다 대신 사람 없는 시간대로 와야함 평일 오후 2시반쯤 갔는데도 식당 꽉차있었음,52,1,5.0,2.8,3.5,0,1,category_count:+1 | has_number_detail:+2 | has_photo:+0.5,0,0,0,1,1,0,0,0,0,0,0,0,FP: 가짜 리뷰를 실제로 분류,숫자 정보 과대 반영
train,kakao,능동미나리 성수점,박준호,42,2025-08-23,,곱창전골👍 칼귝수👍,10,0,5.0,4.3,0.5,0,1,short_review:-1 | has_menu:+1.5,0,0,0,0,0,0,0,0,0,0,0,0,FP: 가짜 리뷰를 실제로 분류,메뉴 언급 과대 반영
train,kakao,육산장 홍대본점,😶‍🌫️,1,2026-04-14,,고기들이 너무 맛있고 찌개도 너무 맛있어요! 덕분에 잘 먹고 갑니당 야외 분위기 실내분위기 다 너무 좋고 직원분들도 친절하셨어요 또다른 맛있고 예쁜 추억을 만들어주셔거 감사합니다,99,1,5.0,5.0,-1.0,1,0,strong_generic_praise:-1 | no_number_detail_with_praise:-1 | account_review_count_is_1:-3 | has_menu:+1.5 | category_count:+2 | has_photo:+0.5,1,4,0,0,0,0,0,1,1,1,0,0,FN: 실제 리뷰를 가짜로 분류,일반적 칭찬 표현으로 인한 오분류
train,kakao,능동미나리 성수점,꽝꽝나무,6,2026-03-28,,"여긴 능동미나리가 아님. 신용산본점이랑 전혀 다른 맛. 본점은 곰탕 고기에서 한우구이 맛이 날 정도로 고소하고 맛있었는데 여긴 그냥 흔하디흔한 곰탕임. 특히 육회비빔밥.....육회 냉동도 덜 풀려서 비벼지지도 않는 거 보고 아주 실망함,, 능동미나리를 정말 좋아하는 1인으로 넘 실망스럽네요..",164,1,2.0,4.5,-2.0,1,0,strong_generic_praise:-1 | no_number_detail_with_praise:-1 | account_review_count_under_10:-1 | generic_negative_without_detail:-2 | has_menu:+1.5 | category_count:+1 | has_photo:+0.5,1,2,0,0,0,0,0,0,0,1,0,0,FN: 실제 리뷰를 가짜로 분류,일반적 칭찬 표현으로 인한 오분류
train,kakao,각시보쌈,토끼공듀,128,2026-04-27,,런치 정식 가성비 말이 안됨. 다른 곳이면 최소 2배 이상 받았음. 다만 맛이 엄청 훌륭한건 아닌 괜찮은 정도.,62,0,3.0,2.5,-2.5,1,0,generic_without_detail:-3 | no_number_detail_with_praise:-1 | account_review_count_over_100:+1.5,1,1,1,0,0,0,0,0,0,0,1,1,FN: 실제 리뷰를 가짜로 분류,일반적 칭찬 표현으로 인한 오분류
train,naver,금금 성수점,윤서6535,30,2026-04-10,1.0,고기도 많이 들어있고 맛있어용 버섯 싫어해서 하나는 빼달라고 미리 말씀드렸더니 빼고 해주셨습니당!! 가게도 깔끔하고 좋았어유,69,1,,,1.5,0,1,strong_generic_praise:-1 | no_number_detail_with_praise:-1 | first_visit_short:-1.5 | has_menu:+1.5 | category_count:+2 | has_detailed_negative:+2 | has_photo:+0.5 | naver_first_visit_short_praise:-1,1,2,0,0,0,1,0,0,0,0,0,0,FP: 가짜 리뷰를 실제로 분류,메뉴 언급 과대 반영
train,naver,태양곱창 성수점,현순13,1,2026-02-07,1.0,웨이팅이 있는 만큼 맛있어요ଘ(´•3•)⊃━☆ 양도 진짜 많고 곱창에서 냄새 안나서 곱창 먹고싶을때 방문해도 좋을것 같아요 ㅎㅎ,71,1,,,-0.5,1,0,no_number_detail_with_praise:-1 | account_review_count_is_1:-3 | first_visit_short:-1.5 | has_menu:+1.5 | category_count:+2 | has_detailed_negative:+2 | has_photo:+0.5 | naver_first_visit_short_praise:-1,1,1,0,0,0,1,0,1,1,1,0,0,FN: 실제 리뷰를 가짜로 분류,일반적 칭찬 표현으로 인한 오분류
train,kakao,이태리국시 성수,루비,26,2026-03-28,,성수에서 분위기도 좋고 맛도 좋은 식당이에요!! 퓨전 음식으로 누구나 맛있게 먹을 수 있는 곳입니다~👍,57,1,5.0,4.3,1.0,0,1,no_number_detail_with_praise:-1 | has_menu:+1.5 | category_count:+1 | has_photo:+0.5 | kakao_5star_short_praise:-1,1,1,0,0,0,0,0,0,0,0,0,0,FP: 가짜 리뷰를 실제로 분류,방문 맥락 표현 과대 반영
train,kakao,능동미나리 성수점,깐새우,23,2025-08-31,,개인적으로 곰탕보다 육회비빔밥이 더 맛있었네요. 곰탕도 담백하고 좋았어요!,41,1,4.0,3.5,1.0,0,1,strong_generic_praise:-1 | no_number_detail_with_praise:-1 | has_menu:+1.5 | category_count:+1 | has_photo:+0.5,1,2,0,0,0,0,0,0,0,0,0,0,FP: 가짜 리뷰를 실제로 분류,메뉴 언급 과대 반영
train,kakao,보끔당 성수점,돼지니,72,2026-02-09,,"알바 개많네,, 콩나물국부터 맛 없음",20,0,1.0,3.6,1.0,0,1,short_review:-1 | category_count:+1 | account_review_count_over_50:+1,0,0,0,0,0,0,0,0,0,0,1,0,FP: 가짜 리뷰를 실제로 분류,기타 FP 오분류
train,naver,태양곱창 성수점,Yoons5,578,2026-03-20,1.0,태양곱창전골은 진리죠...!!! 넘맛있어요ㅎㅎㅎ 잘먹고갑니다 콘치즈까지 !!!,43,1,,,0.0,0,1,no_number_detail_with_praise:-1 | first_visit_short:-1.5 | has_menu:+1.5 | account_review_count_over_100:+1.5 | has_photo:+0.5 | naver_first_visit_short_praise:-1,1,1,0,0,0,1,0,0,0,0,1,1,FP: 가짜 리뷰를 실제로 분류,메뉴 언급 과대 반영
train,naver,마포양지설렁탕,오늘의리뷰는,3890,2025-12-31,4.0,맛있게 잘 먹고 갑니다!!🤍 직원 분들도 넘 친절하셔요,30,1,,,2.0,0,1,strong_generic_praise:-1 | no_number_detail_with_praise:-1 | category_count:+1 | revisit:+1 | account_review_count_over_100:+1.5 | has_photo:+0.5,1,2,0,0,0,0,1,0,0,0,1,1,FP: 가짜 리뷰를 실제로 분류,방문 맥락 표현 과대 반영
train,kakao,원조조박집 본관,맛없안잼없안,215,2025-04-07,,달지 않은 간장맛 갈비라..,15,1,3.0,4.1,5.5,0,1,short_review:-1 | has_menu:+1.5 | category_count:+1 | has_detailed_negative:+2 | account_review_count_over_100:+1.5 | has_photo:+0.5,0,0,0,0,0,0,0,0,0,0,1,1,FP: 가짜 리뷰를 실제로 분류,사진 등 메타데이터 과대 반영
train,naver,금금 성수점,ehd****,35,2026-04-01,1.0,운좋게 웨이팅 없이 바로 방문했어요 메뉴도 다 맛있어요!! 특히 감자전 추천합니다....,49,1,,,0.5,0,1,strong_generic_praise:-1 | no_number_detail_with_praise:-1 | first_visit_short:-1.5 | has_menu:+1.5 | category_count:+1 | has_detailed_negative:+2 | has_photo:+0.5 | naver_first_visit_short_praise:-1,1,2,0,0,0,1,0,0,0,0,0,0,FP: 가짜 리뷰를 실제로 분류,방문 맥락 표현 과대 반영
train,naver,할머니의 레시피,Jootorri,470,2025-04-20,1.0,"웨이팅이 길어서 주말에 방문해서 먹기 힘들 수 있는데, 그래도 넘 맛있어요! 반찬이 잘 나와서 최고에요!",58,1,,,3.0,0,1,strong_generic_praise:-1 | no_number_detail_with_praise:-1 | first_visit_short:-1.5 | has_menu:+1.5 | category_count:+2 | has_detailed_negative:+2 | account_review_count_over_100:+1.5 | has_photo:+0.5 | naver_first_visit_short_praise:-1,1,2,0,0,0,1,0,0,0,0,1,1,FP: 가짜 리뷰를 실제로 분류,방문 맥락 표현 과대 반영
train,naver,금금 성수점,지성좋앙,315,2026-02-20,1.0,"보리된장국수, 묵은지참치말이, 들기름 통밀 국수 먹었어요!! 전체적으로 고소하고 맛있습니다♥️♥️♥️",56,1,,,1.0,0,1,no_number_detail_with_praise:-1 | first_visit_short:-1.5 | has_menu:+1.5 | category_count:+1 | account_review_count_over_100:+1.5 | has_photo:+0.5 | naver_first_visit_short_praise:-1,1,1,0,0,0,1,0,0,0,0,1,1,FP: 가짜 리뷰를 실제로 분류,방문 맥락 표현 과대 반영
train,kakao,마포양지설렁탕 도화점,우디알렝들롱,17,2025-05-24,,설렁탕 원탑 내장수육가격이 매우 합리적 맛도 있어소 소주를 절로 부름,38,0,5.0,4.9,3.5,0,1,has_menu:+1.5 | has_detailed_negative:+2,0,0,0,0,0,0,0,0,0,0,0,0,FP: 가짜 리뷰를 실제로 분류,메뉴 언급 과대 반영
train,kakao,소문난성수감자탕,주환,74,2025-12-16,,가성비 좋은 곳이지만 줄 설 정도는 아니라고 생각.. 늦은 저녁엔 추천해요,41,0,4.0,3.2,3.0,0,1,no_number_detail_with_praise:-1 | category_count:+1 | has_detailed_negative:+2 | account_review_count_over_50:+1,1,1,0,0,0,0,0,0,0,0,1,0,FP: 가짜 리뷰를 실제로 분류,일반적 칭찬 리뷰 판별 실패
train,kakao,능동미나리 성수점,hh,74,2025-02-01,,맛은 있지만 웨이팅해서 먹을정돈아님,19,0,4.0,4.1,3.0,0,1,short_review:-1 | category_count:+1 | has_detailed_negative:+2 | account_review_count_over_50:+1,0,0,0,0,0,0,0,0,0,0,1,0,FP: 가짜 리뷰를 실제로 분류,방문 맥락 표현 과대 반영
train,kakao,옥동식 서교점,🤓,281,2026-03-08,,밍밍하고 뭔맛인지 잘 모르겠는데 웨이팅도 길고 굳이,28,0,3.0,3.6,0.5,0,1,short_review:-1 | short_generic_review:-2 | no_number_detail_with_praise:-1 | category_count:+1 | has_detailed_negative:+2 | account_review_count_over_100:+1.5,1,1,0,0,0,0,0,0,0,0,1,1,FP: 가짜 리뷰를 실제로 분류,방문 맥락 표현 과대 반영
train,kakao,옥동식 서교점,피리미리,8,2026-04-19,,맛은 있지만 웨이팅 하면서까지 가진 않을 것 같아요!,29,1,4.0,3.3,1.5,0,1,short_review:-1 | account_review_count_under_10:-1 | category_count:+1 | has_detailed_negative:+2 | has_photo:+0.5,0,0,0,0,0,0,0,0,0,1,0,0,FP: 가짜 리뷰를 실제로 분류,메뉴 언급 과대 반영
train,naver,홍대 육지,psy****,2,2026-04-26,2.0,2번째 방문이에요!!너무 맛있고 가게도 깨끗해서 너무 좋아요:)다음에도 꼭 방문하고싶은 가게예요!!,55,1,,,0.5,0,1,strong_generic_praise:-1 | account_review_count_under_5:-2 | has_number_detail:+2 | revisit:+1 | has_photo:+0.5,1,2,0,1,1,0,1,0,1,1,0,0,FP: 가짜 리뷰를 실제로 분류,숫자 정보 과대 반영
train,naver,소문난성수감자탕,너구리고고,1685,2026-04-26,1.0,양도 적당하고 맛있어요 24시간 영업이라 좋아요 친절해요,31,1,,,1.5,0,1,strong_generic_praise:-1 | first_visit_short:-1.5 | category_count:+1 | has_number_detail:+2 | account_review_count_over_100:+1.5 | has_photo:+0.5 | naver_first_visit_short_praise:-1,1,3,0,1,1,1,0,0,0,0,1,1,FP: 가짜 리뷰를 실제로 분류,숫자 정보 과대 반영
train,kakao,소문난성수감자탕,물개,2,2025-05-18,,정말 냄새 나고 맛 없습니다 서빙하시는 아줌마들 불친절합니다 젊은 남자분만 친절하네요,47,0,1.0,3.0,-1.0,1,0,strong_generic_praise:-1 | no_number_detail_with_praise:-1 | account_review_count_under_5:-2 | category_count:+1 | has_detailed_negative:+2,1,2,0,0,0,0,0,0,1,1,0,0,FN: 실제 리뷰를 가짜로 분류,일반적 칭찬 표현으로 인한 오분류
train,naver,락희옥 마포본점,붱철,1233,2026-03-06,1.0,부추비빔밥 먹었어요! 된장의 감칠맛이 뛰어납니다 👍 꼭 드셔보세요!!,38,1,,,2.0,0,1,first_visit_short:-1.5 | has_menu:+1.5 | account_review_count_over_100:+1.5 | has_photo:+0.5,0,0,0,0,0,1,0,0,0,0,1,1,FP: 가짜 리뷰를 실제로 분류,메뉴 언급 과대 반영
train,kakao,능동미나리 성수점,미루,146,2025-10-09,,오.. 크게 기대 안했는데 진짜 만족스럽게 먹음,26,1,5.0,4.7,4.0,0,1,short_review:-1 | category_count:+1 | has_detailed_negative:+2 | account_review_count_over_100:+1.5 | has_photo:+0.5,0,0,0,0,0,0,0,0,0,0,1,1,FP: 가짜 리뷰를 실제로 분류,사진 등 메타데이터 과대 반영
train,kakao,소문난성수감자탕,지기,6,2026-03-20,,위생이 너무.. 내가 먹은 감자탕 중에 제일 별로임 고기가 검고 딱딱함 손님한테 반말은 왜 하는지 모르겠음,59,1,1.0,3.5,-1.0,1,0,account_review_count_under_10:-1 | generic_negative_without_detail:-2 | has_menu:+1.5 | has_photo:+0.5,0,0,0,0,0,0,0,0,0,1,0,0,FN: 실제 리뷰를 가짜로 분류,메뉴 언급 반영 부족
train,kakao,성수족발,능이,184,2025-05-16,,명불허전,4,0,4.0,3.7,1.0,0,1,short_review:-1 | ultra_short_review:-1 | has_menu:+1.5 | account_review_count_over_100:+1.5,0,0,0,0,0,0,0,0,0,0,1,1,FP: 가짜 리뷰를 실제로 분류,기타 FP 오분류
train,naver,황금콩밭,숙녀72,1,2026-03-22,1.0,이런 두부를 먹을 수 있어서 식사하는 동안 내내 너무 행복했습니다. 한가지 재료로 이렇게 다양한 음식으로 맛을 볼 수 있어서 너무 감사드려요...오래오래 먹을 수 있기를 바래봅니다. 감사합니다.,108,0,,,-4.5,1,0,account_review_count_is_1:-3 | first_visit:-0.5 | many_intensifier_without_specificity:-1,0,0,0,0,0,1,0,1,1,1,0,0,FN: 실제 리뷰를 가짜로 분류,방문 맥락 반영 부족
train,kakao,금금 성수점,Jnmq,17,2025-10-09,,불친절 앞에서 메뉴 보는데 유모차 못들어가요 이러고 가버림,32,0,1.0,2.4,2.0,0,1,no_number_detail_with_praise:-1 | category_count:+1 | has_detailed_negative:+2,1,1,0,0,0,0,0,0,0,0,0,0,FP: 가짜 리뷰를 실제로 분류,일반적 칭찬 리뷰 판별 실패
train,kakao,육산장 홍대본점,채주은,2,2026-04-28,,야장 분위기 너무 좋아요 고기도 맛있고 갈배서비스가 진짜 대박!!!!,38,1,5.0,3.0,2.0,0,1,strong_generic_praise:-1 | no_number_detail_with_praise:-1 | account_review_count_under_5:-2 | has_menu:+1.5 | category_count:+3 | has_detailed_negative:+2 | has_photo:+0.5 | kakao_5star_short_praise:-1,1,3,0,0,0,0,0,0,1,1,0,0,FP: 가짜 리뷰를 실제로 분류,메뉴 언급 과대 반영
train,kakao,소문난성수감자탕,김용화,139,2025-02-28,,감자탕 맛있어요.~~~ 굿굿~~~ 맛있어서 뼈추가 했어요.~~ 수제비사리와 볶음밥도 맛있어요.~~,54,1,5.0,5.0,0.5,0,1,strong_generic_praise:-1 | no_number_detail_with_praise:-1 | has_menu:+1.5 | account_review_count_over_100:+1.5 | has_photo:+0.5 | kakao_5star_short_praise:-1,1,5,0,0,0,0,0,0,0,0,1,1,FP: 가짜 리뷰를 실제로 분류,메뉴 언급 과대 반영
train,naver,금금 성수점,Cindy94,8,2026-04-24,3.0,집이 근처인데 성수에 맛집이 많지만 금금만큼 많이 온곳에 없습니다.. 신선하고 너무 맛있어요! 계절마다 메뉴도 조금씩 달라지구요 최고^^,76,1,,,1.5,0,1,strong_generic_praise:-1 | no_number_detail_with_praise:-1 | account_review_count_under_10:-1 | category_count:+1 | has_detailed_negative:+2 | revisit:+1 | has_photo:+0.5,1,3,0,0,0,0,1,0,0,1,0,0,FP: 가짜 리뷰를 실제로 분류,방문 맥락 표현 과대 반영
train,kakao,태양곱창 성수점,SJ,2,2025-01-09,,태양곱창 성수점 최고에요!! 잡내는 하나도 안나고 마지막에 볶음밥까지!! 직원분들도 너무 친절하셨고 너무 좋았습니다!!,66,0,5.0,5.0,-1.5,1,0,strong_generic_praise:-1 | no_number_detail_with_praise:-1 | account_review_count_under_5:-2 | has_menu:+1.5 | category_count:+2 | kakao_5star_short_praise:-1,1,3,0,0,0,0,0,0,1,1,0,0,FN: 실제 리뷰를 가짜로 분류,일반적 칭찬 표현으로 인한 오분류
train,kakao,태양곱창 성수점,gua154,2,2025-02-11,,돼지 곱창이 잘못 조리하면 냄새가 엄청 나는데 여기는 냄새가 전혀 나지 않아서 초보자들도 맛있게 먹을 수 있는 맛집이에요~재방문 의사 있습니다,79,0,5.0,5.0,-3.5,1,0,strong_generic_praise:-1 | no_number_detail_with_praise:-1 | account_review_count_under_5:-2 | has_menu:+1.5 | kakao_5star_short_praise:-1,1,2,0,0,0,0,0,0,1,1,0,0,FN: 실제 리뷰를 가짜로 분류,일반적 칭찬 표현으로 인한 오분류
train,kakao,옥동식 서교점,sulsulsultv,475,2026-02-12,,"3위 아직까지? 는 옥동식 ㅎ 포장으로 국물만 따로 먹으면 이상한 약맛이 난다 . 육수는 약한데 짠편이다 .식어가면서 짠맛과 신맛이 많이 올라온다 . 육수를 밥과 수육을 같이 먹으면 약맛은 덜하나 신맛은 식을수록 쎄진다 . 육향이 강한 수육은 옥동식만의 매력이 있다 . 1위 쌍림동 서울곰탕 차원이 다른맛 그냥 보약이다 . 2위 황학1779 육수가 더 진한데 라이트한 깔끔함. 1,2위가 강력하여 재방문은 없겠다 . 포장하지말고 매장에서 경험하는게 좋을듯",254,1,2.0,3.3,3.5,0,1,generic_negative_without_detail:-2 | has_menu:+1.5 | category_count:+2 | account_review_count_over_100:+1.5 | has_photo:+0.5,0,0,0,0,0,0,0,0,0,0,1,1,FP: 가짜 리뷰를 실제로 분류,메뉴 언급 과대 반영
train,naver,마포양지설렁탕,강소이0,3055,2026-01-02,1.0,"설렁탕 국물이 끝내줘요. 특히 김치, 깍두기가 맛있네요.",31,1,,,1.0,0,1,no_number_detail_with_praise:-1 | first_visit_short:-1.5 | has_menu:+1.5 | category_count:+1 | account_review_count_over_100:+1.5 | has_photo:+0.5 | naver_first_visit_short_praise:-1,1,1,0,0,0,1,0,0,0,0,1,1,FP: 가짜 리뷰를 실제로 분류,메뉴 언급 과대 반영
train,naver,마포양지설렁탕,yjlrg,1904,2026-02-19,1.0,배고파서갔는대 가격대비 별로 직원중 한명 카운터옆 이빨닦고있고 또 옆사람들 코풀고먹고 여긴 노답,53,0,,,3.0,0,1,first_visit_short:-1.5 | category_count:+1 | has_detailed_negative:+2 | account_review_count_over_100:+1.5,0,0,0,0,0,1,0,0,0,0,1,1,FP: 가짜 리뷰를 실제로 분류,방문 맥락 표현 과대 반영
train,naver,소문난성수감자탕,맛있으면 미친듯이 울리는 사이렌,1573,2025-10-18,1.0,에에에에엥에에에에엥에에에에엥에에에에엥에에에에엥에에에에엥에에에에엥에에에에엥에에에에엥에에에에엥에에에에엥에에에에엥에에에에엥에에에에엥에에에에엥에에에에엥에에에에엥에에에에엥에에에에엥에에에에엥에에에에엥에에에에엥에에에에엥에에에에엥에에에에엥에에에에에에에에에에에에엥에에에에엥에에에에에에에에엥에에에에엥에에에에엥에에에에엥에에에에엥에에에에엥에에에에엥에에에에엥에에에에엥에에에에엥에에에에엥에에에에엥에에에에에에에에엥에에에에엥에에에에엥에에에에엥에에에에엥에에에에엥에에에에엥에에에에에에에에에에에에엥에에에에엥에에에에엥에에에에엥에에에에엥에에에에엥에에에에엥에에에에엥에에에에엥에에에에엥에에에에에에에에에에에에엥에에에에엥에에에에에에에에엥에에에에엥에에에에엥에에에에엥에에에에엥에에에에엥에에에에엥에에에에엥에에에에엥에에에에엥에에에에엥에에에에엥에에에에엥에에에에엥에에에에,400,1,,,1.5,0,1,first_visit:-0.5 | account_review_count_over_100:+1.5 | has_photo:+0.5,0,0,0,0,0,1,0,0,0,0,1,1,FP: 가짜 리뷰를 실제로 분류,방문 맥락 표현 과대 반영
train,kakao,마포양지설렁탕 도화점,,11,2025-10-16,,맛이 변했어요 설렁탕이 아니라 고기국물 색깔도 맛도 주방장이 바뀌었나,38,0,2.0,3.6,2.5,0,1,has_menu:+1.5 | category_count:+1,0,0,0,0,0,0,0,0,0,0,0,0,FP: 가짜 리뷰를 실제로 분류,메뉴 언급 과대 반영
train,kakao,능동미나리 성수점,BK,202,2025-04-09,,친구가 소개시켜줘서 갔던 음식점입니다 내부가 깔끔하고 직원분들도 친절합니다 전골과 비빔밥을 먹었는데 둘 다 맛있었습니다 근처에 있었으면 여러번 갔을 가게,85,1,5.0,4.5,4.5,0,1,strong_generic_praise:-1 | no_number_detail_with_praise:-1 | has_menu:+1.5 | category_count:+3 | account_review_count_over_100:+1.5 | has_photo:+0.5,1,2,0,0,0,0,0,0,0,0,1,1,FP: 가짜 리뷰를 실제로 분류,메뉴 언급 과대 반영
train,naver,굴다리식당,건방진오리,2905,2026-04-01,1.0,투박 큼직하면서 두툼한 고기가 들어있는 제육볶음에 칼칼 시원한 김치찌개 맛있어요~,45,1,,,0.0,0,1,no_number_detail_with_praise:-1 | first_visit_short:-1.5 | has_menu:+1.5 | account_review_count_over_100:+1.5 | has_photo:+0.5 | naver_first_visit_short_praise:-1,1,1,0,0,0,1,0,0,0,0,1,1,FP: 가짜 리뷰를 실제로 분류,메뉴 언급 과대 반영
train,naver,태양곱창 성수점,mar****,36,2026-03-14,1.0,걷다가 우연히 들어온 곳인데 매장도 깔끔하고 가격도 합리적이고 너무 맛있어요 !! 또 방문할 것 같아요,57,1,,,0.0,0,1,no_number_detail_with_praise:-1 | first_visit_short:-1.5 | category_count:+1 | has_detailed_negative:+2 | has_photo:+0.5 | naver_first_visit_short_praise:-1,1,1,0,0,0,1,0,0,0,0,0,0,FP: 가짜 리뷰를 실제로 분류,방문 맥락 표현 과대 반영
train,naver,각시보쌈,Amy26,35,2026-04-18,1.0,3시간 지나니깐 나가라고 눈치줘요. 양심껏 술 시키고 안주시켰는데.. 기분 안좋게 쫒겨나다시피 나왔네요. 다신 안갈꺼에요. 3-4번 방문했는데. 이런 푸대접 처음이네요. 다신 안가요!!,103,0,,,-0.5,1,0,first_visit:-0.5 | generic_negative_without_detail:-2 | has_number_detail:+2,0,0,0,1,2,1,0,0,0,0,0,0,FN: 실제 리뷰를 가짜로 분류,숫자 정보 반영 부족
train,naver,금금 성수점,플레를 향해,12,2026-03-26,1.0,시킨매뉴 모두 맛있었어요 웨이팅은 좀 있었어요 예약하고 가시는거 추천드려요 감자전이 제일 맛있었어요!,56,1,,,0.5,0,1,strong_generic_praise:-1 | no_number_detail_with_praise:-1 | first_visit_short:-1.5 | has_menu:+1.5 | category_count:+1 | has_detailed_negative:+2 | has_photo:+0.5 | naver_first_visit_short_praise:-1,1,3,0,0,0,1,0,0,0,0,0,0,FP: 가짜 리뷰를 실제로 분류,방문 맥락 표현 과대 반영
train,naver,태양곱창 성수점,sun****,39,2026-04-11,1.0,돼지 곱창 전골은 태양곱창이 최고에요 ! 웨이팅 무조건 기다려서 먹어야 하는 맛집입니당 ❤️,51,1,,,0.5,0,1,strong_generic_praise:-1 | no_number_detail_with_praise:-1 | first_visit_short:-1.5 | has_menu:+1.5 | category_count:+1 | has_detailed_negative:+2 | has_photo:+0.5 | naver_first_visit_short_praise:-1,1,2,0,0,0,1,0,0,0,0,0,0,FP: 가짜 리뷰를 실제로 분류,메뉴 언급 과대 반영
train,kakao,락희옥 마포본점,뚝배기,40,2025-12-22,,맛은 그닥이고 양은 엄청 적고. 밑반찬 가짓수도 적고. 가성비 최악.,38,0,1.0,1.8,-0.5,1,0,generic_negative_without_detail:-2 | has_menu:+1.5,0,0,0,0,0,0,0,0,0,0,0,0,FN: 실제 리뷰를 가짜로 분류,구체적 부정/혼합 의견 반영 부족
train,naver,금금 성수점,salondebling,53,2026-02-27,1.0,분위기 깔끔하고 차분하고 좋고 음식은 약간 퓨전한식풍이네요~호불호 갈릴 수도 있을듯하고 밥을 쪼끔주길레 이상했는데 무한리필이더라구요~ 굿,76,1,,,0.5,0,1,no_number_detail_with_praise:-1 | first_visit_short:-1.5 | has_menu:+1.5 | category_count:+1 | account_review_count_over_50:+1 | has_photo:+0.5 | naver_first_visit_short_praise:-1,1,1,0,0,0,1,0,0,0,0,1,0,FP: 가짜 리뷰를 실제로 분류,메뉴 언급 과대 반영
train,naver,태양곱창 성수점,지안641,702,2026-03-08,1.0,2인분에 순대추가햇어요 냥,14,1,,,1.5,0,1,short_review:-1 | first_visit_short:-1.5 | has_number_detail:+2 | account_review_count_over_100:+1.5 | has_photo:+0.5,0,0,0,1,1,1,0,0,0,0,1,1,FP: 가짜 리뷰를 실제로 분류,숫자 정보 과대 반영
train,kakao,능동미나리 성수점,뭐야맛있잖아,15,2026-01-05,,진짜.. 진짜 맛있어요 이렇게 맛있을줄 몰랐어요 또먹고싶은데 성수 멀어서 슬퍼요ㅜㅜ,46,1,5.0,5.0,0.5,0,1,strong_generic_praise:-1 | no_number_detail_with_praise:-1 | category_count:+1 | has_detailed_negative:+2 | has_photo:+0.5 | kakao_5star_short_praise:-1,1,2,0,0,0,0,0,0,0,0,0,0,FP: 가짜 리뷰를 실제로 분류,방문 맥락 표현 과대 반영
train,kakao,훼미리손칼국수보쌈,봉쥬르,298,2025-07-05,,보쌈 김치가 진짜~ 맛있어요. 칼국수는 양념 안넣으면 좀 심심한듯,36,1,3.0,2.9,5.5,0,1,no_number_detail_with_praise:-1 | has_menu:+1.5 | category_count:+1 | has_detailed_negative:+2 | account_review_count_over_100:+1.5 | has_photo:+0.5,1,1,0,0,0,0,0,0,0,0,1,1,FP: 가짜 리뷰를 실제로 분류,메뉴 언급 과대 반영
train,naver,금금 성수점,프리프리00,8,2026-04-28,1.0,금금 두번째 방문인데 들기름국수는 진짜 너무너무 맛있습니다!!!!,36,1,,,-1.0,1,0,no_number_detail_with_praise:-1 | account_review_count_under_10:-1 | first_visit_short:-1.5 | category_count:+1 | has_detailed_negative:+2 | has_photo:+0.5 | naver_first_visit_short_praise:-1,1,1,0,0,0,1,0,0,0,1,0,0,FN: 실제 리뷰를 가짜로 분류,일반적 칭찬 표현으로 인한 오분류
train,kakao,홍대 조선시대,비비빅,80,2026-04-23,,감자전이랑 누룽지탕이랑 김치 너무너무 맛있어요 대박!!!생일 저녁상으로 최고,42,1,5.0,3.1,1.0,0,1,strong_generic_praise:-1 | no_number_detail_with_praise:-1 | has_menu:+1.5 | category_count:+1 | account_review_count_over_50:+1 | has_photo:+0.5 | kakao_5star_short_praise:-1,1,3,0,0,0,0,0,0,0,0,1,0,FP: 가짜 리뷰를 실제로 분류,메뉴 언급 과대 반영
train,kakao,태양곱창 성수점,?!,42,2025-04-11,,"오픈 초기에 방문하고, 종종 리뷰 구경하러 오는데 늘 재밌네요. 암튼 당시 방문했을 때, 야채곱창이 너무 짰어요. 당면 맛으로 겨우 배채운듯.. 그리고 밥이 필요해서 볶음밥을 시켰는데, 진심 기름탕이라 못먹겠어서 거의 다 남기고 나왔어요.. 속이 너무 니글니글했고, 배고파서 다른 거로 배채움 ㅠㅠ 그때 이 가게 얼마 못가겠네 하고 나왔는데, 잘 영업하고 다른 지점도 내고있는거보니 운영을 정말 잘하시는듯하네요. 충격먹고 다신 안왔는데, 극찬 리뷰보면 그때 초반이라 조리를 못했나?? 합리적인 의심을 하게되지만 리뷰를 내리다보면 역시~ 하게됨..",305,0,2.0,4.1,-0.5,1,0,generic_negative_without_detail:-2 | has_menu:+1.5,0,0,0,0,0,0,0,0,0,0,0,0,FN: 실제 리뷰를 가짜로 분류,메뉴 언급 반영 부족
train,naver,조선시대,햄토리햄토리마우스,131,2026-04-23,1.0,너무 맛있어요!! 두부김치삼합 진짜 맛도링ㅎㅎㅎㅎ 아 생일인데 행복해요,39,1,,,3.0,0,1,no_number_detail_with_praise:-1 | first_visit_short:-1.5 | has_menu:+1.5 | category_count:+1 | has_detailed_negative:+2 | account_review_count_over_100:+1.5 | has_photo:+0.5 | naver_first_visit_short_praise:-1,1,1,0,0,0,1,0,0,0,0,1,1,FP: 가짜 리뷰를 실제로 분류,방문 맥락 표현 과대 반영
train,naver,육산장 홍대본점,Dddddddddddddddddddd38,11,2026-04-27,1.0,고기 퀄리티 최고👍 육즙 가득하고 너무 부드러워요!!!! 직원분도 친절하시고 전체적으로 만족스러운 식사였습니다ㅎㅎ 재방문 의사 100!!!!,78,1,,,-1.5,1,0,strong_generic_praise:-1 | no_number_detail_with_praise:-1 | first_visit_short:-1.5 | has_menu:+1.5 | category_count:+1 | has_photo:+0.5 | naver_first_visit_short_praise:-1,1,2,0,0,0,1,0,0,0,0,0,0,FN: 실제 리뷰를 가짜로 분류,일반적 칭찬 표현으로 인한 오분류
train,kakao,능동미나리 성수점,브로콜리,98,2025-11-20,,"맛있었고요, 대기가 있어도 회전률이 좋아 금방 빠집니다. 다른 메뉴도 먹어보고 싶어요",47,1,5.0,3.6,3.0,0,1,strong_generic_praise:-1 | no_number_detail_with_praise:-1 | has_menu:+1.5 | category_count:+1 | has_detailed_negative:+2 | account_review_count_over_50:+1 | has_photo:+0.5 | kakao_5star_short_praise:-1,1,2,0,0,0,0,0,0,0,0,1,0,FP: 가짜 리뷰를 실제로 분류,사진 등 메타데이터 과대 반영
train,kakao,소문난성수감자탕,이찬주,2,2025-07-08,,"소문난집에....솔직히 그저 평범하고, 고기는 많으나 잘 뜯기지도 않고...",42,0,2.0,1.5,-0.5,1,0,account_review_count_under_5:-2 | has_menu:+1.5,0,0,0,0,0,0,0,0,1,1,0,0,FN: 실제 리뷰를 가짜로 분류,메뉴 언급 반영 부족
train,naver,태양곱창 성수점,김지윤8833,6,2026-01-31,1.0,음식 빨리 나와서 좋아요 매장도 넓고 쾌적한데 직원 흡연실은 따로 배치하시는게 좋을거 같아요!! 근데 내장냄새 예민하신분은 힘드실거 같아요!,78,1,,,-2.0,1,0,no_number_detail_with_praise:-1 | account_review_count_under_10:-1 | first_visit_short:-1.5 | category_count:+2 | has_photo:+0.5 | naver_first_visit_short_praise:-1,1,1,0,0,0,1,0,0,0,1,0,0,FN: 실제 리뷰를 가짜로 분류,일반적 칭찬 표현으로 인한 오분류
train,kakao,성수족발,frauhwang,2,2026-04-09,,세상에 타이어도 이것보단 연하겠어요~ 포장해서 왔는데 껍질이 얼마나 질긴지 씹히질않아요~ 성수족발도 옛날말이지 주인장 족발 한번 먹어보고 파세요~,81,0,2.0,1.5,-0.5,1,0,account_review_count_under_5:-2 | has_menu:+1.5,0,0,0,0,0,0,0,0,1,1,0,0,FN: 실제 리뷰를 가짜로 분류,방문 맥락 반영 부족
train,naver,소문난성수감자탕,리노이나,92,2026-04-28,1.0,오랜만에 한국 온 친구가 먹고 싶다던 한식. 10시 30분에 성수역에 만나서 갔더니 웨이팅 없이 바로 입장했어요. 평일 11시전에는 웨이팅 없는 듯. 일본인 초딩도 맛있다고 함,98,0,,,8.0,0,1,first_visit:-0.5 | has_menu:+1.5 | category_count:+2 | has_number_detail:+2 | has_detailed_negative:+2 | account_review_count_over_50:+1,1,1,0,1,3,1,0,0,0,0,1,0,FP: 가짜 리뷰를 실제로 분류,숫자 정보 과대 반영
train,kakao,옥동식 서교점,ドコモ,377,2026-04-02,,첨에는 오~ 신기한 맛 그리고는 그게 전부,23,0,3.0,2.4,2.0,0,1,short_review:-1 | has_menu:+1.5 | account_review_count_over_100:+1.5,0,0,0,0,0,0,0,0,0,0,1,1,FP: 가짜 리뷰를 실제로 분류,기타 FP 오분류
train,kakao,금금 성수점,ㄱ.송형주,1,2026-02-12,,비주얼과 분위기 청결은 좋았지만 메뉴가 상상한 맛이아닌것도 있지만 맛이 나에게는 좀 부족했고 묵은지 관련된메뉴들이 다 백김치 빨아서 쓴것처럼 묵은지의 그 신맛이 없어서 너무 아쉬움,100,0,2.0,2.0,-3.5,1,0,no_number_detail_with_praise:-1 | account_review_count_is_1:-3 | generic_negative_without_detail:-2 | has_menu:+1.5 | category_count:+1,1,1,0,0,0,0,0,1,1,1,0,0,FN: 실제 리뷰를 가짜로 분류,일반적 칭찬 표현으로 인한 오분류
train,kakao,마포양지설렁탕 도화점,이혜진,1,2025-08-11,,육수에 신경좀 써주시길 바랍니다 이거 뭐지 하는 생각이 먼저들었습니다. 여기서 많이 먹어봤늠데..처음 보는 비쥬얼 오믈은 돈이 아깝다는 생각이 먼저드네요,85,0,3.0,3.0,-3.0,1,0,account_review_count_is_1:-3,0,0,0,0,0,0,0,1,1,1,0,0,FN: 실제 리뷰를 가짜로 분류,기타 FN 오분류
train,naver,태양곱창 성수점,rla****,43,2026-02-14,1.0,냄새도 안나고 양도 많고 맛있었어요 !! 음식도 빠르게 나오고 생각보다 회전률이 빨라서 좋았어요!,54,1,,,-2.5,1,0,strong_generic_praise:-1 | no_number_detail_with_praise:-1 | first_visit_short:-1.5 | has_menu:+1.5 | has_photo:+0.5 | naver_first_visit_short_praise:-1,1,2,0,0,0,1,0,0,0,0,0,0,FN: 실제 리뷰를 가짜로 분류,일반적 칭찬 표현으로 인한 오분류
train,naver,장인닭갈비 홍대점,Sueun07,11,2026-04-12,1.0,닭갈비 짱 맛있어요 !!!! 중간맛도 매콤하니 좋네요 강추드립니다 👍 👍 👍,42,1,,,-2.5,1,0,strong_generic_praise:-1 | no_number_detail_with_praise:-1 | first_visit_short:-1.5 | has_menu:+1.5 | has_photo:+0.5 | naver_first_visit_short_praise:-1,1,4,0,0,0,1,0,0,0,0,0,0,FN: 실제 리뷰를 가짜로 분류,일반적 칭찬 표현으로 인한 오분류
train,kakao,할머니의 레시피,ㄱ,21,2025-12-21,,그냥 적당한 한끼. 웨이팅은 안할듯,19,0,3.0,3.4,2.0,0,1,short_review:-1 | category_count:+1 | has_detailed_negative:+2,0,0,0,0,0,0,0,0,0,0,0,0,FP: 가짜 리뷰를 실제로 분류,방문 맥락 표현 과대 반영
train,kakao,능동미나리 성수점,행복,182,2025-07-27,,가격 ★★★★☆ 무난 맛 ★★★★★ 분위기 ★★★★☆ 그냥 일반 국밥집 식당 친절함 ★★★★★ 여긴. 하루도 빠짐없이 웨이팅 있는데 회전률.빨라서 쉽게 들어가요~ 미슐랭 식당이라 실패할 수 없는 맛입니다^^ 재방문의사 100%,126,1,5.0,3.9,7.5,0,1,no_number_detail_with_praise:-1 | has_menu:+1.5 | category_count:+3 | has_detailed_negative:+2 | account_review_count_over_100:+1.5 | has_photo:+0.5,1,1,0,0,0,0,0,0,0,0,1,1,FP: 가짜 리뷰를 실제로 분류,메뉴 언급 과대 반영
train,naver,홍대 육지,violation,46,2026-04-29,1.0,홍대 합정에서 제일 유명한 고깃집인 육지방문해서 진짜 맛있게 고기 먹었어요! 솔직하게 이 주변 일등 분위기 좋고 맛 서비스 좋아요,72,1,,,2.5,0,1,strong_generic_praise:-1 | no_number_detail_with_praise:-1 | first_visit_short:-1.5 | has_menu:+1.5 | category_count:+3 | has_detailed_negative:+2 | has_photo:+0.5 | naver_first_visit_short_praise:-1,1,2,0,0,0,1,0,0,0,0,0,0,FP: 가짜 리뷰를 실제로 분류,메뉴 언급 과대 반영
train,naver,금금 성수점,혁s맘1,12,2026-04-17,1.0,지인추천으로 방문했는데 두 메뉴다 너무 맛있어요. 보리된장국수는 처음인데 올려있는 고명하나하나 다 맛있어요. 재방문의사 있어요~,71,1,,,-4.0,1,0,strong_generic_praise:-1 | no_number_detail_with_praise:-1 | first_visit_short:-1.5 | has_photo:+0.5 | naver_first_visit_short_praise:-1,1,3,0,0,0,1,0,0,0,0,0,0,FN: 실제 리뷰를 가짜로 분류,일반적 칭찬 표현으로 인한 오분류
train,naver,마포양지설렁탕,58****,73,2025-12-14,1.0,옛날 맛그대로 구수한 국물에 파김치깍두기 야무지게먹고간 기억이 새록새록 근처갈때면 생각나요,50,1,,,2.5,0,1,first_visit_short:-1.5 | has_menu:+1.5 | category_count:+1 | account_review_count_over_50:+1 | has_photo:+0.5,0,0,0,0,0,1,0,0,0,0,1,0,FP: 가짜 리뷰를 실제로 분류,메뉴 언급 과대 반영
train,naver,소문난성수감자탕,ms****,407,2026-03-13,1.0,늦은시간인데도 사람 많아서 줄서서 들어갔구요. 양도 엄청 많았어요.소문에 맛집서 잘먹고 갑니다,52,0,,,1.0,0,1,no_number_detail_with_praise:-1 | first_visit_short:-1.5 | category_count:+1 | has_detailed_negative:+2 | account_review_count_over_100:+1.5 | naver_first_visit_short_praise:-1,1,1,0,0,0,1,0,0,0,0,1,1,FP: 가짜 리뷰를 실제로 분류,방문 맥락 표현 과대 반영
train,naver,금금 성수점,cjs****,25,2026-04-10,1.0,"양도 많고 사장님께서 센스가 좋으세요 ㅎㅎ 매장도 깨끗하고 예약 서비스, 리뷰 이벤트 등도 다양해서 여라가지 먹기 아주 좋습니다!!",73,1,,,-3.0,1,0,no_number_detail_with_praise:-1 | first_visit_short:-1.5 | event_word:-2 | category_count:+2 | has_photo:+0.5 | naver_first_visit_short_praise:-1,1,1,0,0,0,1,0,0,0,0,0,0,FN: 실제 리뷰를 가짜로 분류,일반적 칭찬 표현으로 인한 오분류
train,naver,소문난성수감자탕,한지316,409,2025-11-14,1.0,"감자탕에 수제비, 볶음밥까지 맛있게 먹었습니다 24시간 브레이크 타임 없어서 좋아요!",47,1,,,2.0,0,1,strong_generic_praise:-1 | first_visit_short:-1.5 | has_menu:+1.5 | has_number_detail:+2 | account_review_count_over_100:+1.5 | has_photo:+0.5 | naver_first_visit_short_praise:-1,1,2,0,1,1,1,0,0,0,0,1,1,FP: 가짜 리뷰를 실제로 분류,숫자 정보 과대 반영
train,naver,할머니의 레시피,왕비병,999,2025-05-30,1.0,한식맛집 웨이팅이있지만 떡갈비맛은 짱 다시 가고싶은곳 맛나요,33,1,,,2.0,0,1,strong_generic_praise:-1 | no_number_detail_with_praise:-1 | first_visit_short:-1.5 | has_menu:+1.5 | category_count:+1 | has_detailed_negative:+2 | account_review_count_over_100:+1.5 | has_photo:+0.5 | naver_first_visit_short_praise:-1,1,2,0,0,0,1,0,0,0,0,1,1,FP: 가짜 리뷰를 실제로 분류,방문 맥락 표현 과대 반영
train,kakao,훼미리손칼국수보쌈,프랭크,38,2025-05-16,,"외국인에게 현금만 가능하다고 카드는 안받는 가게,,,",29,1,1.0,3.4,-2.5,1,0,short_review:-1 | low_information_review:-2 | has_photo:+0.5,0,0,0,0,0,0,0,0,0,0,0,0,FN: 실제 리뷰를 가짜로 분류,사진 등 메타데이터 반영 부족
train,naver,금금 성수점,윤3513,369,2026-03-01,1.0,초등 아이 둘이랑 나들이 왔어요! 메뉴도 색다르고 단짠단짠 적당해서 완전 싹싹 비웠어요~ 다음에 또 같이 오자고 했습니다. 강추에요!,74,1,,,0.0,0,1,no_number_detail_with_praise:-1 | first_visit_short:-1.5 | has_menu:+1.5 | account_review_count_over_100:+1.5 | has_photo:+0.5 | naver_first_visit_short_praise:-1,1,1,0,0,0,1,0,0,0,0,1,1,FP: 가짜 리뷰를 실제로 분류,방문 맥락 표현 과대 반영
train,naver,쭌곱창,히힉힣ㅎ힣,8,2026-04-23,1.0,낭만 가득한 인테리어와 맛있는 음식에 첫 데이트 장소로 골랐었는데 그때 이후로 좋은 관계로 발전해서 연인과 기념일마다 식사하러 오고있어요!,77,1,,,-0.5,1,0,no_number_detail_with_praise:-1 | account_review_count_under_10:-1 | first_visit_short:-1.5 | has_menu:+1.5 | category_count:+2 | has_photo:+0.5 | naver_first_visit_short_praise:-1,1,1,0,0,0,1,0,0,0,1,0,0,FN: 실제 리뷰를 가짜로 분류,일반적 칭찬 표현으로 인한 오분류
train,kakao,락희옥 마포본점,얍,619,2025-05-13,,후기 알바 심하네.. ㅋㅋㅋ 가격값 못함,22,1,2.0,4.1,4.0,0,1,short_review:-1 | category_count:+1 | has_detailed_negative:+2 | account_review_count_over_100:+1.5 | has_photo:+0.5,0,0,0,0,0,0,0,0,0,0,1,1,FP: 가짜 리뷰를 실제로 분류,사진 등 메타데이터 과대 반영
train,kakao,육지,명령하지마라,1,2026-01-02,,원래 후기도 안 쓰고 계정 가입도 안 하고 쓰는데 이건 좀 심한 것 같아서 계정 가입하고 후기 씀 자리 많은데 굳이 식사 중인 테이블 옆에 붙여주고 고기 다 먹어가는데 마늘은 익지도 않았고 고기에 비계가 너무 많아서 고기도 좀 탔음 여러모로 아쉬움이 많았고 재방문은 안 할 것 같음,157,1,1.0,1.0,-2.0,1,0,no_number_detail_with_praise:-1 | account_review_count_is_1:-3 | has_menu:+1.5 | has_photo:+0.5,1,1,0,0,0,0,0,1,1,1,0,0,FN: 실제 리뷰를 가짜로 분류,일반적 칭찬 표현으로 인한 오분류
train,naver,태양곱창 성수점,조영인3,25,2026-04-11,1.0,다행히 웨이팅은 피한 것 같고 음식 빨리 나오고 인기 있는 곳 같아서 좋아요 !,44,1,,,0.0,0,1,no_number_detail_with_praise:-1 | first_visit_short:-1.5 | category_count:+1 | has_detailed_negative:+2 | has_photo:+0.5 | naver_first_visit_short_praise:-1,1,1,0,0,0,1,0,0,0,0,0,0,FP: 가짜 리뷰를 실제로 분류,방문 맥락 표현 과대 반영
train,naver,소문난성수감자탕,hap****,40,2026-01-01,1.0,추운 새해 첫 날에 성수에 왔다 예상대로 사람들이 많다. 30분정도 웨이팅 하고 입장했습니다. 음식 맛있습니다,61,1,,,3.0,0,1,first_visit_short:-1.5 | category_count:+1 | has_number_detail:+2 | has_detailed_negative:+2 | has_photo:+0.5 | naver_first_visit_short_praise:-1,1,1,0,1,1,1,0,0,0,0,0,0,FP: 가짜 리뷰를 실제로 분류,숫자 정보 과대 반영
train,kakao,황금콩밭,아뚱멍,134,2025-12-21,,간이 삼삼하니 다 맛있었던 부들부들 두뷰 두부요리치곤 비싸긴하나 부모님 델꼬가기 좋은곳,48,1,5.0,4.3,-1.0,1,0,generic_without_detail:-3 | no_number_detail_with_praise:-1 | has_detailed_negative:+2 | account_review_count_over_100:+1.5 | has_photo:+0.5 | kakao_5star_short_praise:-1,1,1,1,0,0,0,0,0,0,0,1,1,FN: 실제 리뷰를 가짜로 분류,일반적 칭찬 표현으로 인한 오분류
train,kakao,일등식당,고양이 두마리 보유,24,2026-01-17,,아주 맛있어요! 다만 김치가 매우 아쉬운 맛입니다 …,29,0,4.0,4.5,-2.5,1,0,short_review:-1 | short_generic_review:-2 | no_number_detail_with_praise:-1 | has_menu:+1.5,1,1,0,0,0,0,0,0,0,0,0,0,FN: 실제 리뷰를 가짜로 분류,일반적 칭찬 표현으로 인한 오분류
train,naver,소문난성수감자탕,고구마랑팥빙수,95,2026-04-04,1.0,웨이팅 줄에 겁먹지 마세요 금방 빠져요! 감자탕 소자 두명이서 먹었고 다음에도 먹고 싶어요~,51,1,,,3.0,0,1,first_visit_short:-1.5 | category_count:+1 | has_detailed_negative:+2 | account_review_count_over_50:+1 | has_photo:+0.5,0,0,0,0,0,1,0,0,0,0,1,0,FP: 가짜 리뷰를 실제로 분류,메뉴 언급 과대 반영
train,kakao,능동미나리 성수점,scuderia,14,2025-06-10,,미나리가 그리울때 가는곳 성수에 이만한 식당 없는 것 같아요,33,0,5.0,4.1,0.0,0,1,,0,0,0,0,0,0,0,0,0,0,0,0,FP: 가짜 리뷰를 실제로 분류,기타 FP 오분류
test,naver,굴다리식당,heyroo,16,2025-12-08,1.0,"계란말이는 크고 맛있어요! 집밥 먹는 느낌이지만 제 입맛에는 잘 맞지 않아서 아쉬웠습니다. 특히 고기가..퍽퍽한 살코기, 질긴 지방, 냄새 때문에 먹기 힘들었습니다.. 고기 질만 신경 쓰면 더 맛있을 것 같아요",117,1,,,-0.5,1,0,strong_generic_praise:-1 | no_number_detail_with_praise:-1 | first_visit:-0.5 | has_menu:+1.5 | has_photo:+0.5,1,2,0,0,0,1,0,0,0,0,0,0,FN: 실제 리뷰를 가짜로 분류,일반적 칭찬 표현으로 인한 오분류
test,kakao,황금콩밭,곽웅,93,2026-04-17,,속편한 식사. 가격대는 약간 에바,18,0,4.0,2.9,2.0,0,1,short_review:-1 | has_detailed_negative:+2 | account_review_count_over_50:+1,0,0,0,0,0,0,0,0,0,0,1,0,FP: 가짜 리뷰를 실제로 분류,기타 FP 오분류
test,naver,금금 성수점,HHJ54,10,2026-04-26,1.0,오픈런으로 바로 들어왔어요!!! 음식이 다 특색있고 맛있어요!!,35,1,,,-6.0,1,0,generic_without_detail:-3 | no_number_detail_with_praise:-1 | first_visit_short:-1.5 | has_photo:+0.5 | naver_first_visit_short_praise:-1,1,1,1,0,0,1,0,0,0,0,0,0,FN: 실제 리뷰를 가짜로 분류,일반적 칭찬 표현으로 인한 오분류
test,kakao,소문난성수감자탕,0__0,36,2025-01-16,,맛있음. 세상에서 제일 맛있는 감자탕은 아닌데 또 먹고 싶어짐. 수제비 존맛. 다음에 수제비 두번 추가할거임,60,0,4.0,3.7,-0.5,1,0,strong_generic_praise:-1 | no_number_detail_with_praise:-1 | has_menu:+1.5,1,3,0,0,0,0,0,0,0,0,0,0,FN: 실제 리뷰를 가짜로 분류,일반적 칭찬 표현으로 인한 오분류
test,naver,굴다리식당,펀드매니저 문견후,592,2026-02-16,1.0,이원일홍석천보고 간 곳 김치찌게는 맛나고 제육은 그 날의 고기에 따라 달라질듯?😁,45,1,,,5.0,0,1,first_visit_short:-1.5 | has_menu:+1.5 | category_count:+1 | has_detailed_negative:+2 | account_review_count_over_100:+1.5 | has_photo:+0.5,0,0,0,0,0,1,0,0,0,0,1,1,FP: 가짜 리뷰를 실제로 분류,메뉴 언급 과대 반영
test,naver,금금 성수점,Hyeeru,46,2026-03-25,1.0,"음식도 너무 맛있고, 분위기도 좋고! 진짜 만족감있는 식사였어요☺️ 잘 먹고 갑니당💗",47,1,,,1.0,0,1,no_number_detail_with_praise:-1 | first_visit_short:-1.5 | category_count:+2 | has_detailed_negative:+2 | has_photo:+0.5 | naver_first_visit_short_praise:-1,1,1,0,0,0,1,0,0,0,0,0,0,FP: 가짜 리뷰를 실제로 분류,방문 맥락 표현 과대 반영
test,kakao,소문난성수감자탕,유나,1,2025-09-04,,정말 불친절했어요. 저희가 물티슈를 부탁했는데 저희 쪽으로 던지더라고요. 제가 돈을 내고 밥을 먹으러 갔는데 마치 구걸하는 것처럼 느껴졌어요.,79,1,1.0,1.0,-0.5,1,0,no_number_detail_with_praise:-1 | account_review_count_is_1:-3 | category_count:+1 | has_detailed_negative:+2 | has_photo:+0.5,1,1,0,0,0,0,0,1,1,1,0,0,FN: 실제 리뷰를 가짜로 분류,일반적 칭찬 표현으로 인한 오분류
test,kakao,소문난성수감자탕,종민,9,2025-06-04,,"갈라다가 리뷰보고 안갑니다, 사이즈가 외국인 온리 간판 붙여야될거같은데요, 호구들 소리질러,",51,0,3.0,4.3,-2.0,1,0,account_review_count_under_10:-1 | kakao_high_avg_short_low_specificity:-1,0,0,0,0,0,0,0,0,0,1,0,0,FN: 실제 리뷰를 가짜로 분류,기타 FN 오분류
test,kakao,소문난성수감자탕,cintamani,23,2025-02-02,,가격 대비 양 많습니다. 맛있구요. 제가 왔을땐 관광객분들도 많이 오시더라구요.,44,1,5.0,4.6,0.5,0,1,no_number_detail_with_praise:-1 | has_detailed_negative:+2 | has_photo:+0.5 | kakao_5star_short_praise:-1,1,1,0,0,0,0,0,0,0,0,0,0,FP: 가짜 리뷰를 실제로 분류,방문 맥락 표현 과대 반영
test,naver,마포양지설렁탕,모닝커피,971,2026-04-12,6.0,29년째 다니는 곳. 김치가 넘 맛있습니다. 국물맛도 좋습니다.,35,0,,,3.0,0,1,strong_generic_praise:-1 | no_number_detail_with_praise:-1 | has_menu:+1.5 | category_count:+1 | revisit:+1 | account_review_count_over_100:+1.5,1,2,0,0,0,0,1,0,0,0,1,1,FP: 가짜 리뷰를 실제로 분류,방문 맥락 표현 과대 반영
test,kakao,능동미나리 성수점,🤩,114,2025-12-26,,미나리 내음이 너무 좋아요.. 근데 가격대는 좀 있어요 ㅠ,32,1,4.0,3.9,3.0,0,1,no_number_detail_with_praise:-1 | has_detailed_negative:+2 | account_review_count_over_100:+1.5 | has_photo:+0.5,1,1,0,0,0,0,0,0,0,0,1,1,FP: 가짜 리뷰를 실제로 분류,사진 등 메타데이터 과대 반영
test,kakao,소문난성수감자탕,평점추구미이동진,4,2026-01-25,,감자탕 기본에 한참 모자란데 유명해서 유명한 집,26,0,1.0,3.3,-3.0,1,0,short_review:-1 | account_review_count_under_5:-2,0,0,0,0,0,0,0,0,1,1,0,0,FN: 실제 리뷰를 가짜로 분류,메뉴 언급 반영 부족
test,kakao,소문난성수감자탕,lucky guy,137,2025-07-01,,"오랜만에 가봤는데, 손님이 엄청 많아졌네요. 그 탓인지 주문량이 많으니 간이 하나도 베어있질 않네요. 정말 밍밍하고 맛 없게 먹었습니다. 다만 양이 늘어난게 눈에 띄네요. 굳이 사람들에 치이면 재방문은 하지 않을 것 같습니다. 예전에 맛있는 감자탕에 소주 먹던 추억의 장소인데 아쉽네요",159,0,1.0,3.0,-1.0,1,0,strong_generic_praise:-1 | no_number_detail_with_praise:-1 | generic_negative_without_detail:-2 | has_menu:+1.5 | account_review_count_over_100:+1.5,1,2,0,0,0,0,0,0,0,0,1,1,FN: 실제 리뷰를 가짜로 분류,일반적 칭찬 표현으로 인한 오분류
test,naver,태양곱창 성수점,Ndy85,411,2026-04-04,1.0,성수 맛집쳐보니 태양곱창이 나와서 오게 되었습니다. 친절하고 양도 많고 맛있어요. 다음번에 성수 오게되면 또 올것 같습니다,68,1,,,0.0,0,1,strong_generic_praise:-1 | no_number_detail_with_praise:-1 | first_visit_short:-1.5 | has_menu:+1.5 | category_count:+1 | account_review_count_over_100:+1.5 | has_photo:+0.5 | naver_first_visit_short_praise:-1,1,3,0,0,0,1,0,0,0,0,1,1,FP: 가짜 리뷰를 실제로 분류,메뉴 언급 과대 반영
test,kakao,금금 성수점,철준,157,2026-04-06,,"된장어쩌구 메뉴에 홀려서 들어갔으나, 맛 서비스 다 최저. 무슨 반찬인지 모르는 그건 맛있었다.",53,0,1.0,4.2,3.0,0,1,no_number_detail_with_praise:-1 | has_menu:+1.5 | category_count:+1 | account_review_count_over_100:+1.5,1,1,0,0,0,0,0,0,0,0,1,1,FP: 가짜 리뷰를 실제로 분류,방문 맥락 표현 과대 반영
test,kakao,소문난성수감자탕,sulsulsultv,475,2025-12-29,,다들 줄서서 먹을꺼 까진 아니다 하는데 막상 다른데 어디가 더 맛있는데? 물으면 아무도 답을 못한다 ㅎㅎ 왕십리 맛집도 성시경이 가서 줄서대고 갈집이 없다,86,0,4.0,3.4,0.5,0,1,strong_generic_praise:-1 | no_number_detail_with_praise:-1 | category_count:+1 | account_review_count_over_100:+1.5,1,2,0,0,0,0,0,0,0,0,1,1,FP: 가짜 리뷰를 실제로 분류,메뉴 언급 과대 반영
test,kakao,태양곱창 성수점,호오잇,159,2025-02-03,,모든 지점 다 조작이네 돌겠다 허허허,20,0,1.0,3.2,-1.5,1,0,short_review:-1 | low_information_review:-2 | account_review_count_over_100:+1.5,0,0,0,0,0,0,0,0,0,0,1,1,FN: 실제 리뷰를 가짜로 분류,짧지만 실제 경험 리뷰
test,naver,할머니의 레시피,윈디님프,846,2026-04-05,1.0,쌈밥 / 비빔밥 정식,11,1,,,1.0,0,1,short_review:-1 | first_visit_short:-1.5 | has_menu:+1.5 | account_review_count_over_100:+1.5 | has_photo:+0.5,0,0,0,0,0,1,0,0,0,0,1,1,FP: 가짜 리뷰를 실제로 분류,메뉴 언급 과대 반영
test,kakao,소문난성수감자탕,위잉칙힌,15,2026-03-16,,무난한 감자탕인데 너무 유명해서 웨이팅을 엄청 하다보니 기대감만 너무 높아짐ㅠ,43,0,3.0,3.8,3.0,0,1,category_count:+1 | has_detailed_negative:+2,0,0,0,0,0,0,0,0,0,0,0,0,FP: 가짜 리뷰를 실제로 분류,메뉴 언급 과대 반영
test,kakao,이태리국시 성수,김소영,2,2026-04-22,,"후기 보고 기대하고 갔지만, 전 좀 실망스러웠네요. 맛은 평범하고, 곱창 파스타는 먹고나서 니글거리고 텁텁헀습니다.",64,1,3.0,3.5,-2.0,1,0,account_review_count_under_5:-2 | generic_negative_without_detail:-2 | has_menu:+1.5 | has_photo:+0.5,0,0,0,0,0,0,0,0,1,1,0,0,FN: 실제 리뷰를 가짜로 분류,메뉴 언급 반영 부족
test,naver,홍대 육지,jiwon20104,61,2026-04-26,1.0,다 먹고 찍었지만! 고기 육즙이 미쳤고! 김치랑 무채랑 막국수 완전 맛도리예요 :) 깻잎으로 만든 소스?도 맛있고 전체적으로 다 맛있습니다아🩷,79,1,,,-1.5,1,0,strong_generic_praise:-1 | no_number_detail_with_praise:-1 | first_visit_short:-1.5 | has_menu:+1.5 | account_review_count_over_50:+1 | has_photo:+0.5 | naver_first_visit_short_praise:-1,1,2,0,0,0,1,0,0,0,0,1,0,FN: 실제 리뷰를 가짜로 분류,일반적 칭찬 표현으로 인한 오분류
test,naver,금금 성수점,gah****,75,2026-04-25,1.0,메뉴가 특색 있었고 한끼 깔끔하게 먹기 좋아요. 요즘 친구들이 좋아하는 달달한 맛이네요.,49,1,,,2.0,0,1,strong_generic_praise:-1 | no_number_detail_with_praise:-1 | first_visit_short:-1.5 | category_count:+3 | has_detailed_negative:+2 | account_review_count_over_50:+1 | has_photo:+0.5 | naver_first_visit_short_praise:-1,1,2,0,0,0,1,0,0,0,0,1,0,FP: 가짜 리뷰를 실제로 분류,방문 맥락 표현 과대 반영
test,kakao,소문난성수감자탕,바나나 아님,3,2025-07-18,,기대가 컸는데 그냥 평범한 맛이였습니다. 오히려 가게가 너무 바쁘고 사람이 많아서 굳이..?,51,0,3.0,3.3,-5.0,1,0,no_number_detail_with_praise:-1 | account_review_count_under_5:-2 | generic_negative_without_detail:-2,1,1,0,0,0,0,0,0,1,1,0,0,FN: 실제 리뷰를 가짜로 분류,일반적 칭찬 표현으로 인한 오분류
test,naver,을밀대 평양냉면,hewpqlff1,8,2026-04-16,1.0,"​평소 혼자서도 자주 찾던 단골집인데, 오늘 서비스는 정말 최악이었습니다. 성수기라 바쁜 건 이해하지만 인원수에 따른 서비스 차별이 너무 노골적이네요. ​주문을 받을 때나 음식을 주실 때 대꾸 한마디 없이 툭툭 던지고 가셔서 식사 전부터 무척 불쾌했습니다. 정작 옆 테이블 다인원 손님들에게는 웃으며 친절히 인사하시는 모습을 보니, 혼자 온 손님은 눈치를 주는 건가 싶어 어처구니가 없더군요. ​믿고 찾던 을밀대였는데 서비스는 물론 맛까지 예전만 못해 정말 속상합니다. 1인 손님을 홀대하는 태도에 큰 실망을 느껴 이제는 다시 방문하지 않을 것 같습니다",309,0,,,-2.0,1,0,no_number_detail_with_praise:-1 | account_review_count_under_10:-1 | first_visit:-0.5 | generic_negative_without_detail:-2 | has_menu:+1.5 | category_count:+1,1,1,0,0,0,1,0,0,0,1,0,0,FN: 실제 리뷰를 가짜로 분류,일반적 칭찬 표현으로 인한 오분류
test,kakao,소문난성수감자탕,김하경,46,2025-10-06,,시끄럽고 맛없음 전쟁히면서 총성소리들으면서 밥먹는장소 ㅋㅋ,32,1,1.0,3.6,1.0,0,1,generic_negative_without_detail:-2 | has_menu:+1.5 | category_count:+1 | has_photo:+0.5,0,0,0,0,0,0,0,0,0,0,0,0,FP: 가짜 리뷰를 실제로 분류,메뉴 언급 과대 반영
test,kakao,을밀대 본점,5점만후기남김,29,2026-02-20,,녹두전 설렁탕 평냉먹엇어요 평냉의 맛 깨달음,24,0,5.0,4.9,3.5,0,1,short_review:-1 | has_menu:+1.5 | category_count:+1 | has_detailed_negative:+2,0,0,0,0,0,0,0,0,0,0,0,0,FP: 가짜 리뷰를 실제로 분류,메뉴 언급 과대 반영
test,naver,홍대 육지,GG05,42,2026-04-27,1.0,고기 질이랑 맛이 엄청납니다 육즙 엄청나요 특별한 메뉴도 있어서 새로운 경험했어요 감사합니다. 담에 또 올게요 !!!,65,1,,,0.5,0,1,first_visit_short:-1.5 | has_menu:+1.5 | has_photo:+0.5,0,0,0,0,0,1,0,0,0,0,0,0,FP: 가짜 리뷰를 실제로 분류,메뉴 언급 과대 반영
test,kakao,일등식당,.,112,2026-01-06,,일하시는 분이 가끔 실수를 하시지만 맛은 여전히 좋습니다,31,0,5.0,4.1,3.0,0,1,no_number_detail_with_praise:-1 | has_menu:+1.5 | has_detailed_negative:+2 | account_review_count_over_100:+1.5 | kakao_5star_short_praise:-1,1,1,0,0,0,0,0,0,0,0,1,1,FP: 가짜 리뷰를 실제로 분류,일반적 칭찬 리뷰 판별 실패
test,naver,황금콩밭,대흥로,2860,2026-02-28,1.0,"유명한 곳이라, 꼭 가보고 싶었는데요 두부가 진짜 맛있어요",32,1,,,1.5,0,1,no_number_detail_with_praise:-1 | first_visit_short:-1.5 | category_count:+1 | has_detailed_negative:+2 | account_review_count_over_100:+1.5 | has_photo:+0.5 | naver_first_visit_short_praise:-1,1,1,0,0,0,1,0,0,0,0,1,1,FP: 가짜 리뷰를 실제로 분류,방문 맥락 표현 과대 반영
test,naver,태양곱창 성수점,sunnnnnyy,41,2026-04-05,1.0,리뷰가 너무 좋아서 왔어요!! 양도 엄청 많고 너무 맛있게 배부르게 먹고 갑니다!!! 다음애 또 방문할게요🥹💕,61,1,,,-5.0,1,0,strong_generic_praise:-1 | no_number_detail_with_praise:-1 | first_visit_short:-1.5 | many_intensifier_without_specificity:-1 | has_photo:+0.5 | naver_first_visit_short_praise:-1,1,2,0,0,0,1,0,0,0,0,0,0,FN: 실제 리뷰를 가짜로 분류,일반적 칭찬 표현으로 인한 오분류
test,kakao,훼미리손칼국수보쌈,그날의기억,184,2025-12-27,,성수 프리미엄 붙으면 집앞 보쌈맛도 줄서서 먹는.,27,1,2.0,2.3,3.5,0,1,short_review:-1 | has_menu:+1.5 | category_count:+1 | account_review_count_over_100:+1.5 | has_photo:+0.5,0,0,0,0,0,0,0,0,0,0,1,1,FP: 가짜 리뷰를 실제로 분류,메뉴 언급 과대 반영
test,naver,태양곱창 성수점,eor****,31,2026-02-01,1.0,볶음밥까지 먹으려고했는데 양이 너무 많아서 못먹었어요 ㄷㄷ 곱창 냄새 하나도 안나고 크기도 커요 정말 맛있게 먹었습니다~~,68,1,,,-1.5,1,0,no_number_detail_with_praise:-1 | first_visit_short:-1.5 | has_menu:+1.5 | has_photo:+0.5 | naver_first_visit_short_praise:-1,1,1,0,0,0,1,0,0,0,0,0,0,FN: 실제 리뷰를 가짜로 분류,일반적 칭찬 표현으로 인한 오분류
test,kakao,훼미리손칼국수보쌈,미여옹,6,2026-04-02,,김치가 맛있음 근데 일하시는 아줌마 너무 4가지 없으심 ㅜ 당황해서 얼타버림 ㅋㅋㅋ..,48,0,3.0,3.0,-0.5,1,0,no_number_detail_with_praise:-1 | account_review_count_under_10:-1 | has_menu:+1.5,1,1,0,0,0,0,0,0,0,1,0,0,FN: 실제 리뷰를 가짜로 분류,일반적 칭찬 표현으로 인한 오분류
test,kakao,능동미나리 성수점,이재겸,2,2026-03-31,,매장이 넓고 매뉴도 엄청 빨리 나오네요 육전이랑 곰탕 육회비빔밥 시켜먹었는데 맛있었습니다 다음에 또 올게요,59,0,5.0,5.0,-1.5,1,0,no_number_detail_with_praise:-1 | account_review_count_under_5:-2 | has_menu:+1.5 | category_count:+1 | kakao_5star_short_praise:-1,1,1,0,0,0,0,0,0,1,1,0,0,FN: 실제 리뷰를 가짜로 분류,일반적 칭찬 표현으로 인한 오분류
test,kakao,이태리국시 성수,야채,1,2026-04-21,,아이랑 계획없이 데이트하게된날 아이가 나서서 성수동 맛집을 검색해보겠다고 해서 알게된집인데 평이 너무 좋길래 고민없이 바로 예약하고 왔습니다. 특이한 대창돌솥파스타 얼큰해서 맛있고 아이가 먹어보고싶다고 고른 갈비찜버터파스타도 맛있다고 잘먹었습니다. 건물 3층에 있는데 안내가 더 잘되어있으면 너무 좋을것같습니다.,174,1,5.0,5.0,-1.0,1,0,strong_generic_praise:-1 | no_number_detail_with_praise:-1 | account_review_count_is_1:-3 | has_menu:+1.5 | category_count:+2 | has_photo:+0.5,1,3,0,0,0,0,0,1,1,1,0,0,FN: 실제 리뷰를 가짜로 분류,일반적 칭찬 표현으로 인한 오분류
test,naver,각시보쌈,백수인,1607,2026-02-23,15.0,전 보쌈을 즐기는 사람이 아닙니다만...비 공식 기록상 이집 거의 30번 정도는 오지 않았을까 싶습니다,57,1,,,6.5,0,1,has_menu:+1.5 | has_number_detail:+2 | revisit:+1 | account_review_count_over_100:+1.5 | has_photo:+0.5,0,0,0,1,1,0,1,0,0,0,1,1,FP: 가짜 리뷰를 실제로 분류,숫자 정보 과대 반영
test,kakao,이태리국시 성수,한샘리하우스 OK대리점 정선혜,1,2026-04-05,,미리 예약했는데 센스있게 창가 자리로 잡아주셨습니다. 음식 또한 모두 맛있게 잘먹었습니다. 특히 파스타가 맛있었습니다.,66,1,5.0,5.0,-3.0,1,0,strong_generic_praise:-1 | no_number_detail_with_praise:-1 | account_review_count_is_1:-3 | has_menu:+1.5 | category_count:+1 | has_photo:+0.5 | kakao_5star_short_praise:-1,1,2,0,0,0,0,0,1,1,1,0,0,FN: 실제 리뷰를 가짜로 분류,일반적 칭찬 표현으로 인한 오분류
test,kakao,할머니의 레시피,애용,15,2025-10-15,,그냥 저냥 맛잇긴 한데 웨이팅까진? 굳이? 싶기도…….,30,0,3.0,4.9,1.0,0,1,strong_generic_praise:-1 | no_number_detail_with_praise:-1 | category_count:+1 | has_detailed_negative:+2,1,2,0,0,0,0,0,0,0,0,0,0,FP: 가짜 리뷰를 실제로 분류,방문 맥락 표현 과대 반영
test,kakao,성수족발,이예진,3,2025-12-21,,마싯음!! 양도 많아요 근데 막국수도 없이 족발원툴이라 슬픔..ㅜㅜ,37,0,4.0,4.7,-1.5,1,0,no_number_detail_with_praise:-1 | account_review_count_under_5:-2 | has_menu:+1.5,1,1,0,0,0,0,0,0,1,1,0,0,FN: 실제 리뷰를 가짜로 분류,일반적 칭찬 표현으로 인한 오분류
test,naver,조선시대,쫘라라수,19,2026-04-25,1.0,여기 딸기막걸리랑 포도소주가 정말 맛있어요 기본안주도 맛있고 김치치즈돈까스전골 이거 미챳사요.. 양도많구 맛있음,62,1,,,-2.5,1,0,strong_generic_praise:-1 | no_number_detail_with_praise:-1 | first_visit_short:-1.5 | has_menu:+1.5 | has_photo:+0.5 | naver_first_visit_short_praise:-1,1,3,0,0,0,1,0,0,0,0,0,0,FN: 실제 리뷰를 가짜로 분류,일반적 칭찬 표현으로 인한 오분류
test,kakao,이태리국시 성수,^^,4,2026-04-18,,오랜만에 성수데이트나왔다가 후기 사진보고 맛있어보여서 왔는데 진짜 최고만족했어여👍👍👍 해산물좋아하는데 큼직큼직하게 들어있어서 비쥬얼도 좋고 맛도있어요!! 맛집입니다!!,93,1,5.0,4.0,0.5,0,1,strong_generic_praise:-1 | no_number_detail_with_praise:-1 | account_review_count_under_5:-2 | category_count:+2 | has_detailed_negative:+2 | has_photo:+0.5,1,4,0,0,0,0,0,0,1,1,0,0,FP: 가짜 리뷰를 실제로 분류,방문 맥락 표현 과대 반영
test,naver,금금 성수점,편편63,33,2026-04-23,1.0,들기름 국수 너무 맛있고 문어도 안질기고 너무 맛있어요ㅠㅠㅠㅠ직원분들 넘 친절하십니다 최고!!,52,1,,,-4.0,1,0,strong_generic_praise:-1 | no_number_detail_with_praise:-1 | first_visit_short:-1.5 | many_intensifier_without_specificity:-1 | category_count:+1 | has_photo:+0.5 | naver_first_visit_short_praise:-1,1,4,0,0,0,1,0,0,0,0,0,0,FN: 실제 리뷰를 가짜로 분류,일반적 칭찬 표현으로 인한 오분류
test,naver,황금콩밭,CnLMJ,1832,2026-03-04,4.0,"수제 두부 맛집으로 매일 만드는 신선한 두부로 맛있는 요리를 먹고 왔어요,",41,1,,,1.0,0,1,strong_generic_praise:-1 | no_number_detail_with_praise:-1 | revisit:+1 | account_review_count_over_100:+1.5 | has_photo:+0.5,1,2,0,0,0,0,1,0,0,0,1,1,FP: 가짜 리뷰를 실제로 분류,방문 맥락 표현 과대 반영
test,naver,금금 성수점,배구팡94,139,2026-03-14,1.0,살짝 퓨전 한식인데 다 맛있어여 특히 명란감자전 존맛 성수맛집 데이트로 추천이용🫶🏻,46,1,,,0.0,0,1,strong_generic_praise:-1 | no_number_detail_with_praise:-1 | first_visit_short:-1.5 | has_menu:+1.5 | category_count:+1 | account_review_count_over_100:+1.5 | has_photo:+0.5 | naver_first_visit_short_praise:-1,1,4,0,0,0,1,0,0,0,0,1,1,FP: 가짜 리뷰를 실제로 분류,방문 맥락 표현 과대 반영
test,naver,소문난성수감자탕,뒹구르뒹구루르,1015,2026-01-10,1.0,고기가 많았는데 외국인이 많아서 그런지 맵지 않았다,28,0,,,3.5,0,1,short_review:-1 | first_visit_short:-1.5 | has_menu:+1.5 | category_count:+1 | has_detailed_negative:+2 | account_review_count_over_100:+1.5,0,0,0,0,0,1,0,0,0,0,1,1,FP: 가짜 리뷰를 실제로 분류,메뉴 언급 과대 반영
test,naver,을밀대 평양냉면,호란맘,2896,2026-04-12,1.0,"평양냉면 맛집, 녹두전은 진짜 인생녹두전이에요, 넘 맛있음!!!!",36,1,,,2.0,0,1,strong_generic_praise:-1 | no_number_detail_with_praise:-1 | first_visit_short:-1.5 | has_menu:+1.5 | category_count:+1 | has_detailed_negative:+2 | account_review_count_over_100:+1.5 | has_photo:+0.5 | naver_first_visit_short_praise:-1,1,2,0,0,0,1,0,0,0,0,1,1,FP: 가짜 리뷰를 실제로 분류,메뉴 언급 과대 반영
test,kakao,성수족발,SEMM,2,2026-01-24,,"오랜만에 포장을 했는데..냄새도 나고,고기의 질도 안 좋고...이젠 안가요",41,0,1.0,1.0,-0.5,1,0,account_review_count_under_5:-2 | has_menu:+1.5,0,0,0,0,0,0,0,0,1,1,0,0,FN: 실제 리뷰를 가짜로 분류,메뉴 언급 반영 부족
test,naver,태양곱창 성수점,JIAN9609,27,2026-02-07,1.0,곱창전골 오랜만에 먹었는데 냄새도 안나고 맛있었어요--!!!! 담에 성수오면 또 오겠습니다~,51,1,,,-1.5,1,0,no_number_detail_with_praise:-1 | first_visit_short:-1.5 | has_menu:+1.5 | has_photo:+0.5 | naver_first_visit_short_praise:-1,1,1,0,0,0,1,0,0,0,0,0,0,FN: 실제 리뷰를 가짜로 분류,일반적 칭찬 표현으로 인한 오분류
test,kakao,굴다리식당,abdo,157,2026-03-22,,김치찌개 5 제육볶음 4,13,0,5.0,4.2,2.0,0,1,short_review:-1 | has_menu:+1.5 | account_review_count_over_100:+1.5,0,0,0,0,0,0,0,0,0,0,1,1,FP: 가짜 리뷰를 실제로 분류,메뉴 언급 과대 반영
test,kakao,황금콩밭,도슐랭가이드,604,2025-11-10,,《몽실몽실 두부》 5년 만의 재방문 여전히 부드러운 두부 공방,34,1,4.0,3.3,3.5,0,1,has_menu:+1.5 | account_review_count_over_100:+1.5 | has_photo:+0.5,0,0,0,0,0,0,0,0,0,0,1,1,FP: 가짜 리뷰를 실제로 분류,방문 맥락 표현 과대 반영
test,naver,소문난성수감자탕,지극히 주관적인 N,1836,2025-12-30,1.0,맛있긴한데 뼈는 큰데 살이 별로없어서 아쉬웠다.,26,1,,,-9.5,1,0,short_review:-1 | generic_without_detail:-3 | short_generic_review:-2 | low_information_review:-2 | no_number_detail_with_praise:-1 | first_visit_short:-1.5 | account_review_count_over_100:+1.5 | has_photo:+0.5 | naver_first_visit_short_praise:-1,1,1,1,0,0,1,0,0,0,0,1,1,FN: 실제 리뷰를 가짜로 분류,일반적 칭찬 표현으로 인한 오분류
test,kakao,훼미리손칼국수보쌈,안즐거워,6,2025-05-08,,바퀴벌레 나와서 목에 올라탐.,16,0,1.0,3.5,-4.0,1,0,short_review:-1 | low_information_review:-2 | account_review_count_under_10:-1,0,0,0,0,0,0,0,0,0,1,0,0,FN: 실제 리뷰를 가짜로 분류,짧지만 실제 경험 리뷰
test,kakao,마포양지설렁탕 도화점,Benny :),149,2025-07-27,,맛있고 음식이 정말 빨리나옴. 가격이 조금 비쌈.,27,0,4.0,3.5,1.0,0,1,short_review:-1 | short_generic_review:-2 | no_number_detail_with_praise:-1 | has_menu:+1.5 | has_detailed_negative:+2 | account_review_count_over_100:+1.5,1,1,0,0,0,0,0,0,0,0,1,1,FP: 가짜 리뷰를 실제로 분류,일반적 칭찬 리뷰 판별 실패
test,kakao,능동미나리 성수점,까달뚜루,412,2026-01-01,,신선하고 회전율도 좋고,12,0,4.0,3.5,2.0,0,1,short_review:-1 | has_menu:+1.5 | account_review_count_over_100:+1.5,0,0,0,0,0,0,0,0,0,0,1,1,FP: 가짜 리뷰를 실제로 분류,기타 FP 오분류
test,naver,할머니의 레시피,뿌블릿,321,2026-04-04,1.0,성수 한식 찾아서 왔는데 역시나 웨이팅이 있네요! 예약어플 아닌 현장웨이팅이고 사장님 정말 친절하세요! 음식도 건강해서 가족단위 식사로도 좋아요~,81,1,,,4.5,0,1,strong_generic_praise:-1 | no_number_detail_with_praise:-1 | first_visit:-0.5 | category_count:+3 | has_detailed_negative:+2 | account_review_count_over_100:+1.5 | has_photo:+0.5,1,2,0,0,0,1,0,0,0,0,1,1,FP: 가짜 리뷰를 실제로 분류,방문 맥락 표현 과대 반영
test,naver,황금콩밭,CnLMJ,1832,2026-03-13,5.0,수제 두부요리 맛집으로 부드럽고 고소한 두부가 너무 맛있어요!!,35,1,,,2.0,0,1,strong_generic_praise:-1 | no_number_detail_with_praise:-1 | category_count:+1 | revisit:+1 | account_review_count_over_100:+1.5 | has_photo:+0.5,1,2,0,0,0,0,1,0,0,0,1,1,FP: 가짜 리뷰를 실제로 분류,방문 맥락 표현 과대 반영
test,naver,소문난성수감자탕,ub8****,548,2025-11-04,1.0,"여기는 외국인 성지 장소인거 같고, 사람 많아서 블친전하실거 같아요.ㅜㅜ",40,1,,,2.0,0,1,first_visit_short:-1.5 | has_menu:+1.5 | account_review_count_over_100:+1.5 | has_photo:+0.5,0,0,0,0,0,1,0,0,0,0,1,1,FP: 가짜 리뷰를 실제로 분류,방문 맥락 표현 과대 반영
test,naver,금금 성수점,얌얌얌얌얌얌얌얌얌얌얌얌얌얌얌얌얌얌얌얌,76,2026-03-14,1.0,겨울에 성수 올 때 마다 금금 옵니다아 언제나 맛있어요 계절 굴튀김이 진짜 맛있었는데 이제 봄이라 없능가아 ㅠㅠ 그래도 역시 수육도 존맛 양배추 쌈밥도 존맛 !!,90,1,,,3.5,0,1,strong_generic_praise:-1 | no_number_detail_with_praise:-1 | first_visit:-0.5 | has_menu:+1.5 | category_count:+1 | has_detailed_negative:+2 | account_review_count_over_50:+1 | has_photo:+0.5,1,4,0,0,0,1,0,0,0,0,1,0,FP: 가짜 리뷰를 실제로 분류,메뉴 언급 과대 반영
test,kakao,장인닭갈비 홍대점,하민하연맘🩵,26,2026-01-26,,점심 세트메뉴가 가성비 짱 좋아요 👍 치즈사리 추가하고 볶음밥까지 먹으면 배 뚠뚠 두드릴 수 있어요ㅋㅋ 볶음밥은 꼭 드세요 꼬옥!,72,0,5.0,5.0,-0.5,1,0,strong_generic_praise:-1 | no_number_detail_with_praise:-1 | has_menu:+1.5 | category_count:+1 | kakao_5star_short_praise:-1,1,2,0,0,0,0,0,0,0,0,0,0,FN: 실제 리뷰를 가짜로 분류,일반적 칭찬 표현으로 인한 오분류
test,kakao,육산장 홍대본점,미진🐰,3,2026-04-11,,항상 올때마다 분위기에 취하고 맛에 취하고 마늘장소스 생긴것같은데 맛있고 ㅁ특제소스와 빵가루는 킥이예요!!!ㅎㅎ 육회도 항상 맛있어요~,75,1,5.0,5.0,-2.0,1,0,strong_generic_praise:-1 | no_number_detail_with_praise:-1 | account_review_count_under_5:-2 | has_menu:+1.5 | category_count:+1 | has_photo:+0.5 | kakao_5star_short_praise:-1,1,2,0,0,0,0,0,0,1,1,0,0,FN: 실제 리뷰를 가짜로 분류,일반적 칭찬 표현으로 인한 오분류
test,naver,금금 성수점,전효리,22,2026-03-22,1.0,들깨가루가 가득 들어있어서 고소합니당~ 그리고 웨이팅도 많이 안해서 주변 둘러보다가 오기에 좋아요!!,56,1,,,1.0,0,1,no_number_detail_with_praise:-1 | first_visit_short:-1.5 | category_count:+2 | has_detailed_negative:+2 | has_photo:+0.5 | naver_first_visit_short_praise:-1,1,1,0,0,0,1,0,0,0,0,0,0,FP: 가짜 리뷰를 실제로 분류,방문 맥락 표현 과대 반영
test,naver,소문난성수감자탕,YHYOONEE,63,2025-11-23,1.0,유명한 곳 드디어 방문해 봤어요. 무난하게 맛있었습니다. 주차가 기계식이라고 들어서 주변 다른 공영주차장에 주차했어요. 안쪽 테이블을 담당해 주셨던 직원분이 너무 친절하셔서 기분 좋게 식사할 수 있었습니다.,115,1,,,0.0,0,1,strong_generic_praise:-1 | no_number_detail_with_praise:-1 | first_visit:-0.5 | category_count:+1 | account_review_count_over_50:+1 | has_photo:+0.5,1,2,0,0,0,1,0,0,0,0,1,0,FP: 가짜 리뷰를 실제로 분류,방문 맥락 표현 과대 반영
test,naver,각시보쌈,sumt****,18,2026-02-21,1.0,주말에 저녁시간 웨이팅 40분 정도 했고 음식은 빨리 나왔어요 맛있게 먹었습니다! ☺️,48,1,,,4.0,0,1,first_visit_short:-1.5 | category_count:+2 | has_number_detail:+2 | has_detailed_negative:+2 | has_photo:+0.5 | naver_first_visit_short_praise:-1,1,1,0,1,1,1,0,0,0,0,0,0,FP: 가짜 리뷰를 실제로 분류,숫자 정보 과대 반영
test,kakao,마포양지설렁탕 도화점,,11,2025-10-16,,맛이 변했어요 설렁탕이 아니라 고기국물 색깔도 ...,29,0,2.0,3.6,1.5,0,1,short_review:-1 | has_menu:+1.5 | category_count:+1,0,0,0,0,0,0,0,0,0,0,0,0,FP: 가짜 리뷰를 실제로 분류,메뉴 언급 과대 반영
test,naver,태양곱창 성수점,yh****,13,2026-04-09,1.0,오랜만에 곱창 전골 먹는데 곱창 양이 너무 많아서 깜짝 놀랐어요 당면 양도 많아 든든합니다 비오는 날인데 따뜻하게 한 끼 맛있게 먹었어요!,77,1,,,-1.5,1,0,no_number_detail_with_praise:-1 | first_visit_short:-1.5 | has_menu:+1.5 | has_photo:+0.5 | naver_first_visit_short_praise:-1,1,1,0,0,0,1,0,0,0,0,0,0,FN: 실제 리뷰를 가짜로 분류,일반적 칭찬 표현으로 인한 오분류
test,naver,소문난성수감자탕,리미루,970,2025-12-11,2.0,포장해서 대자로 해왔는데 맛있고 푸짐하네요!!!!! 좋습니다!!,35,1,,,1.0,0,1,strong_generic_praise:-1 | no_number_detail_with_praise:-1 | revisit:+1 | account_review_count_over_100:+1.5 | has_photo:+0.5,1,2,0,0,0,0,1,0,0,0,1,1,FP: 가짜 리뷰를 실제로 분류,방문 맥락 표현 과대 반영
test,kakao,능동미나리 성수점,es,60,2025-09-27,,깔끔한 맛. 누구나 좋아할 맛이어서 크게 호불호는 없을 듯~~,34,1,5.0,4.0,0.5,0,1,no_number_detail_with_praise:-1 | category_count:+1 | account_review_count_over_50:+1 | has_photo:+0.5 | kakao_5star_short_praise:-1,1,1,0,0,0,0,0,0,0,0,1,0,FP: 가짜 리뷰를 실제로 분류,사진 등 메타데이터 과대 반영
test,naver,금금 성수점,엣지걸슈즈,216,2026-03-14,1.0,메뉴가 특색 있고 맛있어요. 퓨전 그 자체 ㅎㅎㅎ 다음에 또 오고 싶어요.,41,1,,,0.0,0,1,no_number_detail_with_praise:-1 | first_visit_short:-1.5 | has_menu:+1.5 | account_review_count_over_100:+1.5 | has_photo:+0.5 | naver_first_visit_short_praise:-1,1,1,0,0,0,1,0,0,0,0,1,1,FP: 가짜 리뷰를 실제로 분류,방문 맥락 표현 과대 반영
test,naver,을밀대 평양냉면,김공유1988,32,2026-03-13,1.0,❤️♥️친구 덕분에 알게된 맛집! 언제와도 대기는 피힐수 없는 핫플😋,38,0,,,0.5,0,1,no_number_detail_with_praise:-1 | first_visit_short:-1.5 | category_count:+2 | has_detailed_negative:+2 | naver_first_visit_short_praise:-1,1,1,0,0,0,1,0,0,0,0,0,0,FP: 가짜 리뷰를 실제로 분류,방문 맥락 표현 과대 반영
test,kakao,이태리국시 성수,sun.P,1,2026-04-03,,회사 근처 점심집으로 유명해서 함 와봤어용! 저렴한맛아니고 꾸덕꾸덕 맛있는 크림파스타네요! 성수에 점심 이가격에 파스타면 절대 못참죵🥰 다음에 또 오려구요 추천해요!!,93,1,5.0,5.0,0.0,0,1,strong_generic_praise:-1 | no_number_detail_with_praise:-1 | account_review_count_is_1:-3 | has_menu:+1.5 | category_count:+1 | has_detailed_negative:+2 | has_photo:+0.5,1,2,0,0,0,0,0,1,1,1,0,0,FP: 가짜 리뷰를 실제로 분류,메뉴 언급 과대 반영
test,naver,육산장 홍대본점,예지808,11,2026-04-24,1.0,대기 별로 안하고 들어왔어요!! 매장 실내 분위기 엄청 좋고 음식도 빨리나오고 고기 질도 좋습니다♥️♥️♥️하이볼도 맛있습니당,70,1,,,1.5,0,1,strong_generic_praise:-1 | no_number_detail_with_praise:-1 | first_visit_short:-1.5 | has_menu:+1.5 | category_count:+2 | has_detailed_negative:+2 | has_photo:+0.5 | naver_first_visit_short_praise:-1,1,2,0,0,0,1,0,0,0,0,0,0,FP: 가짜 리뷰를 실제로 분류,메뉴 언급 과대 반영
test,kakao,소문난성수감자탕,Jesus,12,2025-07-06,,식기 물통 너무 더럽다 그리고 주문하자 바로 나오는 공장처럼 나오니깐 간이 개맛없음 다신 안갈듯,53,1,1.0,2.6,-2.5,1,0,many_intensifier_without_specificity:-1 | generic_negative_without_detail:-2 | has_photo:+0.5,0,0,0,0,0,0,0,0,0,0,0,0,FN: 실제 리뷰를 가짜로 분류,방문 맥락 반영 부족
test,naver,태양곱창 성수점,yeeunii,41,2026-04-12,1.0,항상 사람 많아서 한번 와봐야지 했는데 맛있네용 창가쪽 자리라 야장 느낌도 나고 좋았어요~~,51,1,,,-4.0,1,0,strong_generic_praise:-1 | no_number_detail_with_praise:-1 | first_visit_short:-1.5 | has_photo:+0.5 | naver_first_visit_short_praise:-1,1,2,0,0,0,1,0,0,0,0,0,0,FN: 실제 리뷰를 가짜로 분류,일반적 칭찬 표현으로 인한 오분류
test,kakao,이태리국시 성수,릴리,2,2026-04-20,,숯불대챵돌솥파스타는 대창이 크고 소스도 살짝 매콤하니 맛있어요 불고기 쌈피자는 토핑야채와 불고기조합이 잘 어우러져 감칠맛이 좋아요~,73,1,5.0,3.0,-3.0,1,0,strong_generic_praise:-1 | no_number_detail_with_praise:-1 | account_review_count_under_5:-2 | has_menu:+1.5 | has_photo:+0.5 | kakao_5star_short_praise:-1,1,2,0,0,0,0,0,0,1,1,0,0,FN: 실제 리뷰를 가짜로 분류,일반적 칭찬 표현으로 인한 오분류
test,naver,금금 성수점,옹이냥냥,64,2026-03-30,1.0,친구들이랑 먹으러 왔는데 너무 맛있게 먹었어요!! 운좋게 웨이팅 조금만 했어요ㅎㅎㅎ다음에 또 오겠습니당,57,1,,,2.0,0,1,no_number_detail_with_praise:-1 | first_visit_short:-1.5 | category_count:+2 | has_detailed_negative:+2 | account_review_count_over_50:+1 | has_photo:+0.5 | naver_first_visit_short_praise:-1,1,1,0,0,0,1,0,0,0,0,1,0,FP: 가짜 리뷰를 실제로 분류,방문 맥락 표현 과대 반영
test,kakao,대성갈비,아드포,65,2025-11-25,,직원들 그냥 빨리 퇴근하고 싶어서 치대고 분위기도 별로 맛대가리도 ㄹㅇ 없음,42,0,1.0,2.3,2.0,0,1,generic_negative_without_detail:-2 | category_count:+3 | account_review_count_over_50:+1,0,0,0,0,0,0,0,0,0,0,1,0,FP: 가짜 리뷰를 실제로 분류,방문 맥락 표현 과대 반영
test,kakao,능동미나리 성수점,소소한 탐험가,1,2026-03-30,,여럿이 가서 먹었는데 특히 육회비빔밥이랑 육전이 맛있었습니다..! 다른 유명한 곳들도 가봤는데 이곳이 탑인 것 같네여!! 잘 먹었습니다😋,76,0,5.0,5.0,-3.5,1,0,no_number_detail_with_praise:-1 | account_review_count_is_1:-3 | has_menu:+1.5 | kakao_5star_short_praise:-1,1,1,0,0,0,0,0,1,1,1,0,0,FN: 실제 리뷰를 가짜로 분류,일반적 칭찬 표현으로 인한 오분류
test,kakao,소문난성수감자탕,먀옹,5,2025-11-17,,계산하는 할머니 직원 싸가지가 없어요;;; 외국 직원들은 친절했는데 맛은 무난,43,1,1.0,3.4,-1.5,1,0,no_number_detail_with_praise:-1 | account_review_count_under_5:-2 | category_count:+1 | has_photo:+0.5,1,1,0,0,0,0,0,0,1,1,0,0,FN: 실제 리뷰를 가짜로 분류,일반적 칭찬 표현으로 인한 오분류
test,naver,할머니의 레시피,파트라8292,1666,2025-06-29,1.0,서울숲에 왔다가 검색하여 식사 가격도 착하고 쾌적한 공간에서 맛있는 식사,40,1,,,1.5,0,1,no_number_detail_with_praise:-1 | first_visit_short:-1.5 | category_count:+1 | has_detailed_negative:+2 | account_review_count_over_100:+1.5 | has_photo:+0.5 | naver_first_visit_short_praise:-1,1,1,0,0,0,1,0,0,0,0,1,1,FP: 가짜 리뷰를 실제로 분류,방문 맥락 표현 과대 반영
test,kakao,각시보쌈,리뷰어,1,2025-09-18,,여자 혼자 밥 천천히 먹으면 직원 분이 다가와 귓속말로 빨리 치우게 나가라고 합니다. 뭐라고 하신 거냐 물어보니 아무것도 아니라고 손사레 치십니다. 당당하게 하실 말씀이면 큰 소리로 외치시지 왜 조용히 귓속말로 하세요? 매니저분께서 정중히 사과해 주시고 시정하시겠다 했지만 재방문 의사 없습니다. 이런 일이 몇 번 있었다고 하셨고 그래서 직원들에게 하지 말라고 말하셨다는데 그럼 저한테도 그러셨으면 안 되죠,227,0,1.0,1.0,-1.0,1,0,account_review_count_is_1:-3 | category_count:+2,0,0,0,0,0,0,0,1,1,1,0,0,FN: 실제 리뷰를 가짜로 분류,메뉴 언급 반영 부족
test,naver,을밀대 평양냉면,emilee,127,2026-04-15,2.0,주전자에 뜨거운 하얀 색 물이 나와 면수인줄 알았는데 간이 된 것이 육수인가 봅니다.,47,1,,,4.5,0,1,has_menu:+1.5 | revisit:+1 | account_review_count_over_100:+1.5 | has_photo:+0.5,0,0,0,0,0,0,1,0,0,0,1,1,FP: 가짜 리뷰를 실제로 분류,메뉴 언급 과대 반영
test,kakao,이태리국시 성수,이선주 oliva,1,2026-03-29,,깔끔하고 고급스런 분위기에 퓨전 이태리음식들 넘 마싰어요^^,33,1,5.0,5.0,0.0,0,1,account_review_count_is_1:-3 | has_menu:+1.5 | category_count:+1 | has_photo:+0.5,0,0,0,0,0,0,0,1,1,1,0,0,FP: 가짜 리뷰를 실제로 분류,방문 맥락 표현 과대 반영
test,kakao,소문난성수감자탕,신태현,169,2025-07-30,,왜소문난거임?. . 뻑살 좋아하면 좋아할수도..,26,0,1.0,2.0,-8.5,1,0,short_review:-1 | strong_generic_praise:-1 | generic_without_detail:-3 | short_generic_review:-2 | low_information_review:-2 | no_number_detail_with_praise:-1 | account_review_count_over_100:+1.5,1,2,1,0,0,0,0,0,0,0,1,1,FN: 실제 리뷰를 가짜로 분류,일반적 칭찬 표현으로 인한 오분류
test,kakao,을밀대 본점,주열매,62,2026-04-30,,오늘도 쓰레기였다.. 두번 가면 한번은 면빨래 제대로 안한 쓰레기가 나오고 한번은 맛있게 나옴. 50%확률의 도박,63,0,1.0,3.9,-3.0,1,0,generic_without_detail:-3 | no_number_detail_with_praise:-1 | account_review_count_over_50:+1,1,1,1,0,0,0,0,0,0,0,1,0,FN: 실제 리뷰를 가짜로 분류,일반적 칭찬 표현으로 인한 오분류
test,kakao,을밀대 본점,Lonun,827,2026-03-29,,(5회 이상 방문) 면과 녹두전이 참 맛있는 집. 본인 취향에 가장 맞는 평양냉면집.,47,1,5.0,3.6,1.5,0,1,no_number_detail_with_praise:-1 | has_menu:+1.5 | account_review_count_over_100:+1.5 | has_photo:+0.5 | kakao_5star_short_praise:-1,1,1,0,0,0,0,0,0,0,0,1,1,FP: 가짜 리뷰를 실제로 분류,메뉴 언급 과대 반영
test,naver,태양곱창 성수점,조암철,15,2026-02-10,1.0,넘 맛있어요 ㅎㅎ 6시 좀 전에 왔더니 바로 들어왔어요 !! 다음레 또 오려구요,44,1,,,1.5,0,1,first_visit_short:-1.5 | has_menu:+1.5 | has_number_detail:+2 | has_photo:+0.5 | naver_first_visit_short_praise:-1,1,1,0,1,1,1,0,0,0,0,0,0,FP: 가짜 리뷰를 실제로 분류,숫자 정보 과대 반영
test,naver,소문난성수감자탕,우쭈쭈한강,1668,2026-04-06,1.0,괜찮은 감자탕이에요. 양은 꽤 있어요. 볶음밥도 괜찮아요. 근데 엄청 기다려서 먹을정도의 맛은 아니에요.,58,1,,,2.0,0,1,first_visit_short:-1.5 | has_menu:+1.5 | account_review_count_over_100:+1.5 | has_photo:+0.5,0,0,0,0,0,1,0,0,0,0,1,1,FP: 가짜 리뷰를 실제로 분류,메뉴 언급 과대 반영
test,kakao,락희옥 마포본점,미미,42,2025-07-25,,맛은 있으나 양이 너무 적고.. 직원 개 불친절함.....,32,0,1.0,3.2,2.0,0,1,no_number_detail_with_praise:-1 | category_count:+1 | has_detailed_negative:+2,1,1,0,0,0,0,0,0,0,0,0,0,FP: 가짜 리뷰를 실제로 분류,방문 맥락 표현 과대 반영
test,kakao,능동미나리 성수점,김마루,538,2025-04-15,,가격대 맛은 별로임,10,1,3.0,3.8,3.0,0,1,short_review:-1 | has_detailed_negative:+2 | account_review_count_over_100:+1.5 | has_photo:+0.5,0,0,0,0,0,0,0,0,0,0,1,1,FP: 가짜 리뷰를 실제로 분류,사진 등 메타데이터 과대 반영
test,kakao,육지,돌돌,17,2026-03-15,,"어유;;;;이렇게 똑같이 느끼는 불만들이 많은데 어디서 저렇게 5점 별점들이 몰려오는지,,",50,0,1.0,2.8,2.0,0,1,has_detailed_negative:+2,0,0,0,0,0,0,0,0,0,0,0,0,FP: 가짜 리뷰를 실제로 분류,기타 FP 오분류
test,kakao,소문난성수감자탕,|II|llI|lI|I,107,2025-10-23,,맛 변했음. 도때기시장. 중국인 천지,20,0,1.0,2.9,-1.5,1,0,short_review:-1 | low_information_review:-2 | account_review_count_over_100:+1.5,0,0,0,0,0,0,0,0,0,0,1,1,FN: 실제 리뷰를 가짜로 분류,짧지만 실제 경험 리뷰
test,naver,소문난성수감자탕,신선선,550,2025-12-21,1.0,나쁘지는 않았는데 웨이팅하면서 먹기엔 좀 곤란함. 자극적이지 않아서 호불호는 좀 있을듯. 볶음밥은 참기름맛이 강했고 맛도리는 아님. 수제비 사리는 즉석에서 반죽을 잘라서 넣어주는데 괜찮았음,105,1,,,6.0,0,1,first_visit:-0.5 | has_menu:+1.5 | category_count:+1 | has_detailed_negative:+2 | account_review_count_over_100:+1.5 | has_photo:+0.5,0,0,0,0,0,1,0,0,0,0,1,1,FP: 가짜 리뷰를 실제로 분류,메뉴 언급 과대 반영
test,kakao,성수족발,음식 피디아,2,2025-02-25,,던지면서 하는 서빙은 좀..,15,0,1.0,1.0,-2.0,1,0,short_review:-1 | account_review_count_under_5:-2 | category_count:+1,0,0,0,0,0,0,0,0,1,1,0,0,FN: 실제 리뷰를 가짜로 분류,짧지만 실제 경험 리뷰
test,kakao,소문난성수감자탕,객관적시선,104,2025-11-08,,최악의 악. 한가한 시간에 가도 손님 아는척도 안하다가 주문 안하냐고 화냄. 외국인관광객들 많던데 내가 다 부끄러울 정도의 위생과 맛. 위치빨,79,0,1.0,2.3,-0.5,1,0,generic_negative_without_detail:-2 | account_review_count_over_100:+1.5,0,0,0,0,0,0,0,0,0,0,1,1,FN: 실제 리뷰를 가짜로 분류,방문 맥락 반영 부족
test,kakao,소문난성수감자탕,ㅇㅇ,558,2025-06-23,,"첫 한입은 굳이 줄을 서야하나엿지만 먹으면 먹을수록 이뤃게 유명한데는 이유가잇구나 납득이 됨 생각보다 싸고 맛이 조미료없는 맛 특색잇거나양념ㅁ맛이 아냐서 왜유명하냐 할순잇지만 근본 그자체 너무유명하거나 너무 줄서는 맛집 잘 안가는데 기대도 안하는데 여기는 꼭 포장해서라도 두고두고 늙어서 또 먹고싶음 진로도 시원해서인지 맛잇음 막걸리도 좋음 라면사리 넣을때쯤 나한텐 좀 짯지만 같이간사람은 이때 간이 좋다고,, 54000 소 진로2막걸리1라면사리1 볶음밥1,, 외국인 많음 월5시에 가면 사람 없을듯",279,1,5.0,4.6,5.5,0,1,strong_generic_praise:-1 | has_menu:+1.5 | category_count:+1 | has_number_detail:+2 | account_review_count_over_100:+1.5 | has_photo:+0.5,1,4,0,1,1,0,0,0,0,0,1,1,FP: 가짜 리뷰를 실제로 분류,숫자 정보 과대 반영
test,naver,마포양지설렁탕,오키드19,723,2025-12-16,1.0,주차가 편해서 좋은데 바로 옆 카페와는 주차 공간을 절대 공유하지 않는다.,41,0,,,0.0,0,1,first_visit_short:-1.5 | account_review_count_over_100:+1.5,0,0,0,0,0,1,0,0,0,0,1,1,FP: 가짜 리뷰를 실제로 분류,방문 맥락 표현 과대 반영
test,kakao,능동미나리 성수점,진심의 문,38,2025-11-02,,맛 3.1 나는 곰탕을 좋아한다. 육회 비빔밥도 좋아한다. 미나리도 좋아한다. 여기는 평가 대비 맛이 없다. 여론이 맛있다고 부풀려져 있는 상태로 미나리 조합에 대해 감흥을 평가하기 어려우니 그냥 따라서 맛있다고 평가하는 듯. 사실상 미나리와 조화롭지도 못하고 가까스로 음식가지고 장난친 걸 면한 정도임. 회전이 빠른 건 장점.,183,0,5.0,4.6,-2.5,1,0,strong_generic_praise:-1 | no_number_detail_with_praise:-1 | generic_negative_without_detail:-2 | has_menu:+1.5,1,5,0,0,0,0,0,0,0,0,0,0,FN: 실제 리뷰를 가짜로 분류,일반적 칭찬 표현으로 인한 오분류
test,kakao,대성갈비,🫠,11,2025-12-09,,갈비 먹을때는 꼭 여기와서 먹어요~!👍 김치찌개도 마시쒀용,32,0,5.0,3.5,1.5,0,1,has_menu:+1.5,0,0,0,0,0,0,0,0,0,0,0,0,FP: 가짜 리뷰를 실제로 분류,메뉴 언급 과대 반영
test,kakao,할머니의 레시피,파란하늘,3,2025-01-12,,"분위기도 고즈넉하고 직원들도 친절합니다 다만, 음식 양이 작습니다ㅋ.. 맛은 있음. 다만, 양이 작음... 할머니는 이렇게 손이 작지 않음",77,0,3.0,4.3,-1.0,1,0,no_number_detail_with_praise:-1 | account_review_count_under_5:-2 | category_count:+2,1,1,0,0,0,0,0,0,1,1,0,0,FN: 실제 리뷰를 가짜로 분류,일반적 칭찬 표현으로 인한 오분류
test,kakao,육지,오월,81,2026-03-02,,우연히 오게 됐는데 고기가 부드럽고 맛있어서 왕창 먹었어요! 분위기 깔끔하고 냄새 많이 안 배어서 다시 또 오려고요,64,1,5.0,3.9,3.0,0,1,no_number_detail_with_praise:-1 | has_menu:+1.5 | category_count:+2 | account_review_count_over_50:+1 | has_photo:+0.5 | kakao_5star_short_praise:-1,1,1,0,0,0,0,0,0,0,0,1,0,FP: 가짜 리뷰를 실제로 분류,메뉴 언급 과대 반영
test,naver,소문난성수감자탕,와인빛,2212,2026-02-10,2.0,생각보다 많이 기다리지 않고 바로 들어가서 점심 먹었어요. 일단 들어가면 편하게 먹을 수 있어요. 그런데 계산도 줄 서서 합니다,71,1,,,4.0,0,1,category_count:+1 | revisit:+1 | account_review_count_over_100:+1.5 | has_photo:+0.5,0,0,0,0,0,0,1,0,0,0,1,1,FP: 가짜 리뷰를 실제로 분류,메뉴 언급 과대 반영
test,kakao,소문난성수감자탕,칸쵸,33,2025-11-06,,뼛가루 너무 많음 그리고 덜삶음,17,1,3.0,3.0,-2.5,1,0,short_review:-1 | low_information_review:-2 | has_photo:+0.5,0,0,0,0,0,0,0,0,0,0,0,0,FN: 실제 리뷰를 가짜로 분류,짧지만 실제 경험 리뷰
test,naver,할머니의 레시피,직장인 1,1093,2025-07-10,3.0,건강하고 푸짐한 한상차림. 정말 맛있고 친절하셔서 좋아요!,32,1,,,2.0,0,1,strong_generic_praise:-1 | no_number_detail_with_praise:-1 | category_count:+1 | revisit:+1 | account_review_count_over_100:+1.5 | has_photo:+0.5,1,3,0,0,0,0,1,0,0,0,1,1,FP: 가짜 리뷰를 실제로 분류,방문 맥락 표현 과대 반영
test,naver,태양곱창 성수점,jhj****,44,2026-02-03,1.0,오늘 추천 받아서 처음 왔는데 너무 맛있어요ㅜㅜ 전골 소로 시켰는데 양도 엄청 많더라고요! 깻잎이랑 같이 먹으면 더 맛있습니당!,71,1,,,-2.5,1,0,strong_generic_praise:-1 | no_number_detail_with_praise:-1 | first_visit_short:-1.5 | has_menu:+1.5 | has_photo:+0.5 | naver_first_visit_short_praise:-1,1,3,0,0,0,1,0,0,0,0,0,0,FN: 실제 리뷰를 가짜로 분류,일반적 칭찬 표현으로 인한 오분류
test,kakao,능동미나리 성수점,맛집찾아삼만리,328,2025-12-27,,"상호명 답게, 미나리로 꽉꽉채움 음식의 퀄리티도 나쁘지 않음. 괜춘.",38,1,4.0,3.7,2.0,0,1,account_review_count_over_100:+1.5 | has_photo:+0.5,0,0,0,0,0,0,0,0,0,0,1,1,FP: 가짜 리뷰를 실제로 분류,사진 등 메타데이터 과대 반영
test,kakao,금금 성수점,나가보자,90,2025-09-16,,들기름 어쩌고...너무 맛있음 양 적어서 밥 추가해야 댐 돈 안받는걸로 알고 있움 졈심 웨이팅 있음,55,0,5.0,4.2,2.0,0,1,no_number_detail_with_praise:-1 | category_count:+1 | has_detailed_negative:+2 | account_review_count_over_50:+1 | kakao_5star_short_praise:-1,1,1,0,0,0,0,0,0,0,0,1,0,FP: 가짜 리뷰를 실제로 분류,메뉴 언급 과대 반영
test,kakao,육지,예지,4,2025-12-25,,저번에 방문했을때 테이블 많이 비어있는데도 굳이 옆테이블 식사중인 팀과 붙혀주더라구요 +불판에 김치구우면 안된대요...엥 고깃집에서 김치못굽는 불판소리 첨들어봄,89,0,1.0,4.0,-1.5,1,0,no_number_detail_with_praise:-1 | account_review_count_under_5:-2 | has_menu:+1.5,1,1,0,0,0,0,0,0,1,1,0,0,FN: 실제 리뷰를 가짜로 분류,일반적 칭찬 표현으로 인한 오분류
test,naver,일등식당,cro****,2255,2026-03-04,4.0,맛은 굿...사람은 드글드글...ㅎㅎㅎㅎ...여전히 맛나요...,35,1,,,3.5,0,1,no_number_detail_with_praise:-1 | has_menu:+1.5 | revisit:+1 | account_review_count_over_100:+1.5 | has_photo:+0.5,1,1,0,0,0,0,1,0,0,0,1,1,FP: 가짜 리뷰를 실제로 분류,방문 맥락 표현 과대 반영
test,naver,락희옥 마포본점,좋아하는거해,31,2026-02-10,1.0,점심 메뉴 있어서 좋고 매장도 넓어서 회사 동료분들이랑 오기 딱입니다!! 서빙해주시는 분들도 너무 친절하셔서 식사 잘 하고 갑니다~,73,1,,,0.0,0,1,no_number_detail_with_praise:-1 | first_visit_short:-1.5 | category_count:+3 | has_photo:+0.5 | naver_first_visit_short_praise:-1,1,1,0,0,0,1,0,0,0,0,0,0,FP: 가짜 리뷰를 실제로 분류,방문 맥락 표현 과대 반영
test,kakao,소문난성수감자탕,8irpods,33,2025-07-05,,몇 년 전 서울 성수동에서 처음 식사를 여기서 했습니다. 그때도 부산에서 올라와 완전 새벽에 식사를 했었는데요. 카맵 평점과는 달리 맛있어서 놀랐습니다. 이번에 또 방문했어요. 웨이팅은 여전히 있더라고요. 특별한 맛은 아닙니다. 그렇지만 성수동의 물가를 생각했을 때 비싼 가격이 아니기에 올 때마다 자주 방문합니다. 경상도 입맛에는 딱이었어요. 매장이 너무 정신이 없는 게 가장 큰 단점. 주차 불가한 점도 단점. 한 번도 드셔보지지 않았다면 강추. 두 번 이상 방문이면 그냥 추천. 혼밥존도 있어요. 혼밥 하시는 분에게도 추천.,296,1,4.0,3.5,5.0,0,1,strong_generic_praise:-1 | no_number_detail_with_praise:-1 | has_menu:+1.5 | category_count:+3 | has_detailed_negative:+2 | has_photo:+0.5,1,4,0,0,0,0,0,0,0,0,0,0,FP: 가짜 리뷰를 실제로 분류,메뉴 언급 과대 반영
test,kakao,태양곱창 성수점,tong283,1,2025-02-13,,약속 있어 성수 왔는데 식당을 예약 못해서 저녁 뭐 먹지 하다 발견해서 들어간 맛집이에요~추운 눈 내리는 날 얼큰한 곱창 전골 먹으니 몸이 따뜻해지며 맛있게 먹었어요~다음에 또 올게요,102,0,5.0,5.0,-1.5,1,0,strong_generic_praise:-1 | no_number_detail_with_praise:-1 | account_review_count_is_1:-3 | has_menu:+1.5 | category_count:+2,1,2,0,0,0,0,0,1,1,1,0,0,FN: 실제 리뷰를 가짜로 분류,일반적 칭찬 표현으로 인한 오분류
test,kakao,태양곱창 성수점,새벽남,1,2026-01-20,,다데기가 뭔지도 모르는집 곱창흉내만 내는집 이글을 읽고도아무생각 없는집 고로 가면 절대안되는집,52,0,1.0,1.0,-1.5,1,0,account_review_count_is_1:-3 | has_menu:+1.5,0,0,0,0,0,0,0,1,1,1,0,0,FN: 실제 리뷰를 가짜로 분류,메뉴 언급 반영 부족
test,kakao,옥동식 서교점,깨깨깨깨깨버리고싶어,695,2026-03-08,,맛에 비해 웨이팅이 너무 길다,16,1,4.0,4.0,4.0,0,1,short_review:-1 | category_count:+1 | has_detailed_negative:+2 | account_review_count_over_100:+1.5 | has_photo:+0.5,0,0,0,0,0,0,0,0,0,0,1,1,FP: 가짜 리뷰를 실제로 분류,방문 맥락 표현 과대 반영
test,kakao,이태리국시 성수,지니,5,2026-03-28,,"평이 좋아서 방문했는데, 양식인데도 느끼하지 않고 한식스타일이라 더 맛있었어요. 호불호 없을듯한 맛! 대표메뉴는 아니지만, 특히 갑오징어빠에야가 취향이었어요ㅎㅎ",89,1,4.0,4.4,-1.5,1,0,strong_generic_praise:-1 | no_number_detail_with_praise:-1 | account_review_count_under_5:-2 | has_detailed_negative:+2 | has_photo:+0.5,1,2,0,0,0,0,0,0,1,1,0,0,FN: 실제 리뷰를 가짜로 분류,일반적 칭찬 표현으로 인한 오분류
test,kakao,이태리국시 성수,쵬지,2,2026-04-04,,숯불대창파스타와 청양차돌오일파스타 먹었는데 얼큰하고 깔금해서 조합이 좋았어요!! 직원분들도 친절하시고 분위기도 좋아서 즐거운 식사했습니다😁,77,1,5.0,5.0,-1.0,1,0,strong_generic_praise:-1 | no_number_detail_with_praise:-1 | account_review_count_under_5:-2 | has_menu:+1.5 | category_count:+2 | has_photo:+0.5 | kakao_5star_short_praise:-1,1,3,0,0,0,0,0,0,1,1,0,0,FN: 실제 리뷰를 가짜로 분류,일반적 칭찬 표현으로 인한 오분류
test,naver,태양곱창 성수점,쏘몌밍,23,2026-01-04,1.0,믿고 먹는 태양곱창 ! 흰쌀밥이랑 먹으면 진짜 맛있어요 ㅎㅎ 당면추가 필수~~👍🏻👍🏻,47,1,,,1.5,0,1,no_number_detail_with_praise:-1 | first_visit_short:-1.5 | has_menu:+1.5 | category_count:+1 | has_detailed_negative:+2 | has_photo:+0.5 | naver_first_visit_short_praise:-1,1,1,0,0,0,1,0,0,0,0,0,0,FP: 가짜 리뷰를 실제로 분류,메뉴 언급 과대 반영
test,naver,태양곱창 성수점,소비 기록,128,2026-04-04,1.0,배달만 시켜먹다가 매장 방문해서 전골 먹었어요 맛있습니다!,32,1,,,3.0,0,1,no_number_detail_with_praise:-1 | first_visit_short:-1.5 | has_menu:+1.5 | category_count:+1 | has_detailed_negative:+2 | account_review_count_over_100:+1.5 | has_photo:+0.5 | naver_first_visit_short_praise:-1,1,1,0,0,0,1,0,0,0,0,1,1,FP: 가짜 리뷰를 실제로 분류,메뉴 언급 과대 반영
test,kakao,소문난성수감자탕,김,34,2025-05-06,,사람수에 따라 감자탕 사이즈가 정해져있고 시끄러워요,28,0,1.0,3.8,-3.0,1,0,short_review:-1 | low_information_review:-2,0,0,0,0,0,0,0,0,0,0,0,0,FN: 실제 리뷰를 가짜로 분류,메뉴 언급 반영 부족
test,kakao,성수족발,wai,462,2025-10-28,,제일 맛남… 뭔가 행사처럼 일 년에 열 번은 먹어야 함,30,0,5.0,4.4,0.5,0,1,account_review_count_over_100:+1.5 | kakao_high_avg_short_low_specificity:-1,0,0,0,0,0,0,0,0,0,0,1,1,FP: 가짜 리뷰를 실제로 분류,기타 FP 오분류
test,naver,금금 성수점,wonj1,52,2026-03-06,1.0,깔끔하고 맛있는 한식이에요! 먹은 메뉴 중에는 묵은지 문어 국수가 제일 맛있었어요!! 건강한 식사 하고 싶을 때 이곳을 찾을거 같습니다~!,77,1,,,-2.0,1,0,strong_generic_praise:-1 | no_number_detail_with_praise:-1 | first_visit_short:-1.5 | category_count:+1 | account_review_count_over_50:+1 | has_photo:+0.5 | naver_first_visit_short_praise:-1,1,2,0,0,0,1,0,0,0,0,1,0,FN: 실제 리뷰를 가짜로 분류,일반적 칭찬 표현으로 인한 오분류
test,kakao,할머니의 레시피,ㅇㅇ,29,2026-01-17,,맛은 있는데 가격이 넘 비싸요,16,0,3.0,3.2,1.0,0,1,short_review:-1 | has_detailed_negative:+2,0,0,0,0,0,0,0,0,0,0,0,0,FP: 가짜 리뷰를 실제로 분류,기타 FP 오분류
test,kakao,소문난성수감자탕,움파룸파,54,2025-03-10,,왜 많이가는지 전혀 모르겠다,15,0,1.0,4.0,1.5,0,1,short_review:-1 | has_menu:+1.5 | account_review_count_over_50:+1,0,0,0,0,0,0,0,0,0,0,1,0,FP: 가짜 리뷰를 실제로 분류,기타 FP 오분류
test,naver,태양곱창 성수점,par****,3,2026-04-04,1.0,"유명한 태양곱창 왔어요!! 곱창이 너무 땡기는데, 유명하고 맛있다고 해서 가족이랑 같이 왔는데 역시나 맛있고 양도 많아요!!! 기본맛은 적당히 매콤하고 쫄깃합니다. 강추해요!! 💕💕💕",102,1,,,-0.5,1,0,strong_generic_praise:-1 | no_number_detail_with_praise:-1 | account_review_count_under_5:-2 | first_visit:-0.5 | has_menu:+1.5 | category_count:+2 | has_photo:+0.5,1,3,0,0,0,1,0,0,1,1,0,0,FN: 실제 리뷰를 가짜로 분류,일반적 칭찬 표현으로 인한 오분류
test,kakao,소문난성수감자탕,토끼공사,38,2026-02-21,,웨이팅 포함해서 1점 맛도 서비스도 위생도 어느것 하나 만족스러운 것이 없음,42,0,1.0,2.7,4.0,0,1,category_count:+2 | has_detailed_negative:+2,0,0,0,0,0,0,0,0,0,0,0,0,FP: 가짜 리뷰를 실제로 분류,방문 맥락 표현 과대 반영
test,naver,금금 성수점,얀얀43,53,2026-04-07,1.0,한국식 마제소바가 궁금해서 왔는데 만족스럽습니다^^ 된장 베이스가 자극적이지 않고 위에 올라가는 수육도 부드럽고 맛있네요~,68,1,,,0.5,0,1,no_number_detail_with_praise:-1 | first_visit_short:-1.5 | has_menu:+1.5 | category_count:+1 | account_review_count_over_50:+1 | has_photo:+0.5 | naver_first_visit_short_praise:-1,1,1,0,0,0,1,0,0,0,0,1,0,FP: 가짜 리뷰를 실제로 분류,방문 맥락 표현 과대 반영
test,kakao,소문난성수감자탕,마리오빠,406,2025-02-16,,기대한 정도의 감자탕 상당히 맛있던 수제비 기대 이상의 친절함,34,1,4.0,4.4,2.5,0,1,strong_generic_praise:-1 | no_number_detail_with_praise:-1 | has_menu:+1.5 | category_count:+1 | account_review_count_over_100:+1.5 | has_photo:+0.5,1,2,0,0,0,0,0,0,0,0,1,1,FP: 가짜 리뷰를 실제로 분류,메뉴 언급 과대 반영
test,kakao,능동미나리 성수점,섬민,3,2025-12-11,,평일에 웨이팅 좀 있었어요. 근데 음식이 엄청 빨리 나와용,32,1,4.0,4.3,2.5,0,1,account_review_count_under_5:-2 | category_count:+2 | has_detailed_negative:+2 | has_photo:+0.5,0,0,0,0,0,0,0,0,1,1,0,0,FP: 가짜 리뷰를 실제로 분류,방문 맥락 표현 과대 반영
test,kakao,이태리국시 성수,김예원,2,2026-04-12,,리조또랑 파스타 먹었는데 둘 다 흔하지 않은 맛이면서 너무 맛있었어요! 가게 분위기도 좋아서 데이트로 추천해요!,62,1,5.0,5.0,-1.0,1,0,strong_generic_praise:-1 | no_number_detail_with_praise:-1 | account_review_count_under_5:-2 | has_menu:+1.5 | category_count:+2 | has_photo:+0.5 | kakao_5star_short_praise:-1,1,3,0,0,0,0,0,0,1,1,0,0,FN: 실제 리뷰를 가짜로 분류,일반적 칭찬 표현으로 인한 오분류
test,kakao,옥동식 서교점,쟈니홍,3,2026-02-08,,대기 시간 대비 너무 별로.. 김치와 장만 맛있었던 느낌..,33,0,2.0,3.7,1.5,0,1,no_number_detail_with_praise:-1 | account_review_count_under_5:-2 | has_menu:+1.5 | category_count:+1 | has_detailed_negative:+2,1,1,0,0,0,0,0,0,1,1,0,0,FP: 가짜 리뷰를 실제로 분류,일반적 칭찬 리뷰 판별 실패
test,kakao,각시보쌈,히이,6,2025-10-21,,"평일도기다려야 불편함이 있지만 가격, 반찬가짓수 등등 만원의행복~ 합정갈일있을때마다 가는맛집!",52,1,5.0,3.3,2.0,0,1,no_number_detail_with_praise:-1 | account_review_count_under_10:-1 | has_menu:+1.5 | category_count:+1 | has_detailed_negative:+2 | has_photo:+0.5 | kakao_5star_short_praise:-1,1,1,0,0,0,0,0,0,0,1,0,0,FP: 가짜 리뷰를 실제로 분류,방문 맥락 표현 과대 반영
test,kakao,할머니의 레시피,흐음,13,2025-08-26,,맛은 잇는데 비쌈 ㅠㅠ,12,0,3.0,2.6,0.5,0,1,short_review:-1 | has_menu:+1.5,0,0,0,0,0,0,0,0,0,0,0,0,FP: 가짜 리뷰를 실제로 분류,기타 FP 오분류
test,kakao,할머니의 레시피,비밀,11,2025-05-29,,정갈하고 맛있네용 웨이팅 좀 있고 쌈밥정식은 돈갖ㅅ하는거 같아요,35,1,4.0,2.6,4.0,0,1,no_number_detail_with_praise:-1 | has_menu:+1.5 | category_count:+1 | has_detailed_negative:+2 | has_photo:+0.5,1,1,0,0,0,0,0,0,0,0,0,0,FP: 가짜 리뷰를 실제로 분류,메뉴 언급 과대 반영
