store,account_id,account_review,visit_date,visit_count,verification,review,review_text,review_length,menu_mention,authenticity_score
이태리국시,hjh6497,25,2026.05.06,1번째 방문,영수증,맛있게 먹었습니다,10,9,0,6
이태리국시,배고프다1172,33,2026.05.09,1번째 방문,영수증,맛있아요 추천,11,7,0,6
이태리국시,Dnsko,29,2026.05.05,1번째 방문,영수증,맛있어요 분위기 좋습니다,13,13,0,8
이태리국시,pur****,28,2026.05.04,1번째 방문,영수증,좋은시간 보내고 갑니다,13,12,0,8
이태리국시,밥밥18,147,2026.05.04,1번째 방문,영수증,분위기 좋고 맛있어요,13,11,0,8
이태리국시,이름뭘로하지00,34,2026.04.28,2번째 방문,영수증,너무 맛있었어용,13,8,0,7
이태리국시,니진,122,2026.04.26,1번째 방문,영수증,분위기 좋고 맛있어요,13,11,0,8
이태리국시,쑤2790,23,2026.04.14,1번째 방문,영수증,분위기도 좋고 맛있어요,15,12,0,8
이태리국시,강연58,46,2026.04.05,1번째 방문,영수증,양이 푸짐하고 다 맛있어요,15,14,0,8
이태리국시,민탱민트,31,2026.04.04,1번째 방문,영수증,빠에야가 엄청 맛있어요요오옹,15,15,0,8
이태리국시,둥이6725,39,2026.05.04,1번째 방문,영수증,대창파스타 맛있어요 추천이요,16,15,1,9
이태리국시,Jessica3949,26,2026.05.02,1번째 방문,영수증,존맛이에여 이거 어떻게 만들져,16,16,0,8
이태리국시,지박98,27,2026.04.28,1번째 방문,영수증,맛나요 돼지처럼 먹었습니다 굿,16,16,0,8
이태리국시,yum****,22,2026.05.07,1번째 방문,영수증,맛잇고 메뉴도 다양해서 좋아요,17,16,0,8
이태리국시,노리95,40,2026.05.04,1번째 방문,영수증,대창 파스타 매콤하고 맛있어요,17,16,1,9
이태리국시,0lsumin,11,2026.05.03,1번째 방문,영수증,분위기 좋고 음식도 맛있습니다,17,16,0,8
이태리국시,꼬만10,491,2026.04.22,1번째 방문,영수증,너무 맛있어요 성수맛집 강추,17,15,0,8
이태리국시,째랑,18,2026.04.14,1번째 방문,영수증,자주오는데 올때마다 맛있어요,17,15,0,8
이태리국시,kdbsle5,35,2026.04.11,1번째 방문,영수증,대창 고소하고 매콤하고 맛있어용,17,17,0,8
이태리국시,BW56,35,2026.04.05,1번째 방문,영수증,파스타랑 피자가 너무 맛있습니다,17,17,1,9
이태리국시,pro리뷰러,120,2026.03.30,1번째 방문,영수증,분위기도 좋고 맛도 좋아요,17,14,0,8
이태리국시,예나다,14,2026.05.09,1번째 방문,영수증,맛있고 자극적이에여 그치만 맛있움,18,18,0,8
이태리국시,sun****,15,2026.04.11,1번째 방문,영수증,신기한 메뉴인데 너무 맛있었어요,18,17,0,8
이태리국시,은2399,24,2026.04.05,1번째 방문,영수증,음식 맛있고 장소가 넘 좋아요,18,16,0,8
이태리국시,dakong22,78,2026.05.09,1번째 방문,영수증,분위기가 엄청 좋아요 맛있어요,19,16,0,8
이태리국시,김제젠,18,2026.05.05,1번째 방문,영수증,친구랑 오기도 좋고 너무 맛있어용,19,18,0,8
이태리국시,sese51,48,2026.04.24,1번째 방문,영수증,음식이 엄청 빨리나오고 맛있어요,19,17,0,8
이태리국시,요미요미ㅋ,154,2026.04.04,1번째 방문,영수증,음식이 맛있고 애들이 너무 조아해요,19,19,0,8
이태리국시,이름뭘로하지00,34,2026.04.02,1번째 방문,영수증,맛있고 인테리어도 멋져용,19,13,0,8
이태리국시,guseod23,35,2026.04.22,1번째 방문,영수증,맛있어요 파스타 면 맛이 특이해요,20,18,1,9
이태리국시,선꿍,28,2026.04.18,1번째 방문,영수증,음식이 맛잇고 매장이 쾌적해서 좋아요,20,20,0,8
이태리국시,전다운14,43,2026.03.22,1번째 방문,영수증,메뉴가 하나하나 다 맛있었어요,20,16,0,8
이태리국시,hos****,12,2026.05.03,1번째 방문,영수증,맛있게 잘먹고 갑니다 다음에 또 올게요,21,21,0,8
이태리국시,par****,6,2026.05.03,1번째 방문,영수증,진짜 맛잇습니다 추천해요꼭 와보세요,21,19,0,8
이태리국시,saemodagal,56,2026.05.01,1번째 방문,영수증,메뉴도 신선하고 데이트하기 딱이네요,21,19,0,8
이태리국시,rea****,1,2026.04.25,1번째 방문,영수증,맛있어요 친구들과 함께 오기 좋아요,21,19,0,7
이태리국시,con****,63,2026.04.11,1번째 방문,영수증,최애 맛집 친구들 데리고 왔어여,21,17,0,8
이태리국시,rrr50,37,2026.04.24,1번째 방문,영수증,한식이랑 접목한 특이한 메뉴가 많아용,22,20,0,8
이태리국시,언노말인간,57,2026.04.21,1번째 방문,영수증,극락 매우 맛있습니다 뚝배기로 보온 강화,22,22,0,8
이태리국시,kslwplc,26,2026.04.08,1번째 방문,영수증,넘 맛있었구 친절하세요  또올게요,22,18,0,8
이태리국시,해융이31,18,2026.04.22,1번째 방문,영수증,분위기 너무 좋고 음식도 특별해서 좋아요,23,22,0,8
이태리국시,어둠의지배자,13,2026.04.12,1번째 방문,영수증,너무 맛있었습니다 분위기가 너무 좋아여,23,21,0,8
이태리국시,g15****,18,2026.05.07,1번째 방문,영수증,성수 최고의 파스타집 맛있어요 뚝섬역 근방,24,23,1,9
이태리국시,원종혁96,32,2026.04.11,1번째 방문,영수증,분위기가 너무 좋고 음식도 너무 맛있습니다,24,23,0,8
이태리국시,kjh****,50,2026.05.09,1번째 방문,영수증,분위기 괜찮네요 음식도 밸런스가 좋았습니다,25,23,0,8
이태리국시,이재성98,13,2026.05.05,1번째 방문,영수증,아이들과 함께해도 무리없이 좋네요 잘먹고갑니다,25,25,0,8
이태리국시,공쥬 님,24,2026.05.03,1번째 방문,영수증,생각한것보다 맛있어서 놀랐습니다  맛집 인정,25,24,0,8
이태리국시,wldms25,27,2026.05.02,1번째 방문,영수증,맛있어용 퓨전이라 특별한 메뉴가 많아요,25,21,0,8
이태리국시,랠롱2,20,2026.05.06,1번째 방문,영수증,전반적으로 매장 분위기가 좋고 음식도 맛있네요,26,25,0,8
이태리국시,zzzz4556,42,2026.05.05,1번째 방문,영수증,맛있게 잘 먹었습니다 다른 메뉴들도 궁금해요,26,24,0,8
이태리국시,ysh****,22,2026.05.05,1번째 방문,영수증,여자친구랑 데이트와서 너무 맛있게 잘 먹었어요,26,25,0,8
이태리국시,연2227,40,2026.04.26,1번째 방문,영수증,메뉴 구성이 신기해서 와봤는데 맛도 있어여,26,23,0,8
이태리국시,ultragirljy55,42,2026.04.04,1번째 방문,영수증,메뉴 특별하고 맛나요 잘 먹었어요 또 방문할게요,26,26,0,8
이태리국시,jun****,33,2026.05.06,1번째 방문,영수증,분위기도 너무 좋고 음식도 맛있어요 잘 먹었습니다,27,27,0,8
이태리국시,규슐랭91,29,2026.04.22,1번째 방문,영수증,한식과 이탸리의 조화 너무 맛있어요 또 와야지,27,25,0,8
이태리국시,물먹는호박,56,2026.04.14,1번째 방문,영수증,다 맛있어요 분위기도 좋고 데이트로 추천합니다,27,25,0,8
이태리국시,김애용31,43,2026.03.31,3번째 방문,영수증,맛있게 잘먹었어요 종종 생각나서 방문하는 곳입니다,27,27,0,9
이태리국시,thd****,44,2026.03.29,1번째 방문,영수증,전에 왔을때보다 맛있었어요 다음에 또 올께용,27,24,0,8
이태리국시,희망89,1,2026.05.03,1번째 방문,영수증,좋은 친구들과 즐거운 저녁을 보냈네요 감사합니다,28,26,0,7
이태리국시,wls****,1,2026.04.25,1번째 방문,영수증,너무 맛있습니다 특히 숯불대창 풍미 장난아닙니다,28,26,0,7
이태리국시,냥냥냥냥냔냔,18,2026.04.12,1번째 방문,영수증,매장도 깔금하고 색다른 메뉴인데 맛있었어요,28,23,0,8
이태리국시,두기또기,170,2026.04.09,1번째 방문,영수증,분위기 좋고 직원분들 친절하세요 음식도 맛있어요,28,26,0,8
이태리국시,Parkk,85,2026.04.02,1번째 방문,영수증,분위기가 너무 좋고 음식 맛이 다 특별해서 좋았어요,28,28,0,8
이태리국시,Sunny030,78,2026.04.26,1번째 방문,영수증,한식과 양식이 적절히 어울러져서 특색있고 맛있었습니다,29,29,0,8
이태리국시,다롱3858,41,2026.04.22,1번째 방문,영수증,아주 마싯네요  잘먹었습니다  또 오 고 싶어요,29,26,0,8
이태리국시,SnAcO,67,2026.04.05,1번째 방문,영수증,생일 기념으로 와서 언니오빠들이랑 맛있게 먹고 갑니당,29,29,0,8
이태리국시,송송89,32,2026.05.03,1번째 방문,영수증,메뉴구성이 좋고 모두다 신선하고 맛있어요 또 오려고요,30,29,0,8
이태리국시,듀공9988,49,2026.04.22,1번째 방문,영수증,맛있구 음식이 특이해요 식당도 넓고 쾌적해서 좋았어요,30,29,0,8
이태리국시,꾸자10,42,2026.04.18,1번째 방문,영수증,곱창스파게티는 기대한 만큼은 아니였지만 피자 맛있었어요,30,30,1,9
이태리국시,jonion,28,2026.04.04,1번째 방문,영수증,짖짜 파스타 불맛나고 너무 맛있어요 다음에 또올게요,30,28,1,9
이태리국시,라직,65,2026.03.27,1번째 방문,영수증,특색있는 메뉴 맛있게 잘 먹었어요 다음에 또 올게요,30,28,0,8
이태리국시,dmd****,20,2026.05.09,1번째 방문,영수증,너무맛있었습니다 다만 웨이팅 등록 판이 옮겨졌으면좋겠네요,31,31,1,9
이태리국시,kju****,5,2026.04.29,1번째 방문,영수증,너무 맛있어 오 많이파세오사장님 인테리어도 너무 좋아용,31,30,0,7
이태리국시,Lizzie07,26,2026.04.04,1번째 방문,영수증,색다른 맛과 비쥬얼 궁채나물도 상큼해서 좋았습니당,31,27,0,8
이태리국시,얌콩27,21,2026.04.03,1번째 방문,영수증,첫 방문인데요 친구들 다 맛있다며 엄지척 해가며 먹었어요,31,31,0,8
이태리국시,yeyez,29,2026.05.06,1번째 방문,영수증,자리가 넓고 분위기가 좋아요 음식도 특이하고 맛있어요,32,29,0,8
이태리국시,Seni,18,2026.04.26,1번째 방문,영수증,성수 놀러왔다가 들렀어요 돌솥에 나와서 따뜻하고 맛있어요,32,31,0,8
이태리국시,흐규흐규67,13,2026.04.25,1번째 방문,영수증,음식 다 맛있고 직원분들도 다 친절하세요 대창진짜 맛있어요,32,32,0,8
이태리국시,rlatnqsl,27,2026.04.20,1번째 방문,영수증,너무 맛있어요 친구들과 야무지고 즐겁게 먹고 갑니다,32,28,0,8
이태리국시,zoldyck6,26,2026.04.15,1번째 방문,영수증,곱창파스타랑 리조또 둘다 너무 맛있고 분위기도 좋아요,32,29,1,9
이태리국시,김먼지0,35,2026.04.12,1번째 방문,영수증,존맛  한식스러운 이태리 퓨전음식이라 넘 맛있어용,32,27,0,8
이태리국시,Rain Y,40,2026.03.25,1번째 방문,영수증,친구랑 왔는데 매장도 넓고 맛있어요 피자가 너무 맛있네요,32,31,1,9
이태리국시,김지애11,20,2026.05.09,1번째 방문,영수증,맛있고 특별한 맛이예용 데이트하기도 친목하도 조아요,33,28,0,8
이태리국시,daj****,30,2026.05.09,1번째 방문,영수증,분위기도 좋고 음식도 맛있었어요 메뉴 금방 나와서 좋았어용,33,32,0,8
이태리국시,이정빈대떡,75,2026.05.05,1번째 방문,영수증,맛도립니다 생각보다 웨이팅도 빨리 줄어들어요,33,24,0,8
이태리국시,우히히히15,36,2026.04.25,1번째 방문,영수증,대창이 탱글탱글하니 맛있고 뇨끼도 트러플향 많이나고 맛있어요,33,33,1,9
이태리국시,gap****,24,2026.04.09,1번째 방문,영수증,처음 방문했는데 너무 맛있어요 또 방문할 거 같습니다,33,29,0,8
이태리국시,아아오넝,12,2026.05.02,1번째 방문,영수증,누룽지도 맛있고 대창 파스타도 매콤한게 맛있었어용 또올게용,34,32,1,9
이태리국시,nb****,82,2026.04.23,1번째 방문,영수증,하 너무맛있어요 분위기도 좋구 음식도 짱맛있습니다 잘먹었슴다,34,33,0,8
이태리국시,min****,46,2026.04.04,1번째 방문,영수증,뚝섬역이랑 가깝구 데이트하기 좋아용  맛있게 잘먹았습니당,34,31,0,8
이태리국시,qot****,26,2026.04.04,1번째 방문,영수증,퓨전 음식들이 많고 색다른 느낌을 경험할 수 있어서 좋아요,34,32,0,8
이태리국시,Evanc,22,2026.04.12,1번째 방문,영수증,보물같은 동서양의 조합 눈꽃 숯불갈비가 특히 덜맵고 살살녹아요,35,34,0,8
이태리국시,링356,33,2026.04.02,1번째 방문,영수증,대창파스타 생각나서 또왔어용너무 맜잇음예약하고 가는거추천,35,31,1,9
이태리국시,밍밍4775,13,2026.05.05,1번째 방문,영수증,처음 먹어봤는데 자극적이지않고 맛있어요 다음에 또오겠습니다 화이팅,36,36,0,8
이태리국시,young25035,15,2026.05.01,1번째 방문,영수증,돌솥이라 음식이 다 먹을때까지 따뜻함이 유지되어서 좋았습니다,36,33,0,8
이태리국시,shi****,8,2026.05.01,1번째 방문,영수증,음식 전부 맛있고 매장도 넓어서 쾌적했어요 재방문의사 있습니당,36,34,0,8
이태리국시,hyy****,35,2026.04.19,1번째 방문,영수증,너무 맛있어요  특별한 날 특별한 음식 맛있게 먹었습니다,36,31,0,8
이태리국시,Lemons,23,2026.04.16,1번째 방문,영수증,음식도 너무 맛있고 매장 분위기도 좋아요 맛있게 잘먹었습니다,36,33,0,8
이태리국시,hwa****,37,2026.04.12,1번째 방문,영수증,특별한 메뉴가 많고 다 맛있습니다 인테리어 분위기도 멋집니당,36,33,0,8
이태리국시,soo245,14,2026.04.10,1번째 방문,영수증,분위기가 좋고 음식도 맛있어요 특별한 날 방문하기 좋은 곳이에요,36,35,0,8
이태리국시,yum****,2,2026.05.08,1번째 방문,영수증,손님이 많아 조금 정신 없었지만 식사는 맛있게 잘 먹었습니다,37,33,0,7
이태리국시,밤양껭,48,2026.05.06,1번째 방문,영수증,성수 맛집 검색후에 왔는데 맛있어요  깔끔하고 분위기도 좋아요,37,34,0,8
이태리국시,감자망고밍,39,2026.05.04,1번째 방문,영수증,퓨전으로 한식과 양식을 어울리게 요리해주셔서 맛있게 먹고 갑니다,37,35,0,8
이태리국시,준성3822,71,2026.05.03,1번째 방문,영수증,분위기가 너무 좋고 3층에 있어서 뷰도 좋아요 음식도 맛있습니다,37,35,0,8
이태리국시,hnr****,4,2026.05.03,1번째 방문,영수증,리조또와 파스타 모두 맛있어요 친절하시고 식당 분위기도 좋습니다,37,35,1,8
이태리국시,won****,7,2026.05.02,1번째 방문,영수증,알배추샐러드 너무 맛있고 곱창치즈파스타도 맛있어요 또 올것같습니다,37,36,1,9
이태리국시,Eunhasuuu,35,2026.04.27,1번째 방문,영수증,매장 분위기도 좋고 깔끔하네요 친구들이랑 맛있게 먹고 갑니다,37,33,0,8
이태리국시,달콤한시드니,7,2026.05.01,1번째 방문,영수증,뇨끼랑 파스타 독특하고 너무 맛나요 분위기도 좋고 단골집 맛집 추천,38,37,1,9
이태리국시,kes****,70,2026.04.27,1번째 방문,영수증,외국인친구들이랑 방문했는데 맛있다고 다들 좋아하네요 만족스럽습니다,38,36,0,8
이태리국시,쌀떡볶이98,17,2026.04.14,1번째 방문,영수증,분위기 좋은 곳에서 넘나 맛있는 음식 데이트하러 또 와야겠어요,38,34,0,8
이태리국시,min****,69,2026.04.02,1번째 방문,영수증,접근성 분위기 좋고 음식도 퓨전으로 맛있습니다  추천드려요 굿굿굿,38,36,0,8
이태리국시,누렁누동,8,2026.05.04,1번째 방문,영수증,너무 맛있고 너무 깔끔해서 만족스러운 식사가 되었습니다,39,30,0,8
이태리국시,Kekspp,59,2026.04.12,1번째 방문,영수증,되게 맛있구 느끼하지가 않아요  독특한 메뉴라서 걱정했는데 대만족,39,36,0,8
이태리국시,lee****,17,2026.05.06,1번째 방문,영수증,분위기도 좋고 너무 맛있어요또 와서 다른 메뉴들 더 먹고싶어요,40,34,0,8
이태리국시,비욘드텔라,57,2026.05.01,1번째 방문,영수증,음식이 다 너무 맛있었어요 분위기도 좋았고 다음에다시 오고싶어지네요,40,37,0,8
이태리국시,임갱진92,43,2026.04.19,1번째 방문,예약,대창돌솥파스타 강추입니다 너무 맛있어요 재방문의사  100000,40,35,1,9
이태리국시,춘봉유,21,2026.04.18,1번째 방문,영수증,음식도 빨리 나오고 맛있어요 직원분들도 친절해서 이용하기 편했어요,40,36,0,8
이태리국시,tls****,31,2026.04.11,1번째 방문,영수증,익숙하면서도 익숙하지 않은 맛 특별한 경험하기에는 좋은거 같아요,40,35,1,9
이태리국시,맘마소,310,2026.03.14,1번째 방문,영수증,냠냠 참신한 조합에 플레이팅이 아주 아름다워요 좋은 시간 보내고 갑니다,40,39,0,8
이태리국시,승파카,43,2026.05.09,1번째 방문,영수증,분위기도 좋고 맛도 맛있고 좋은거같아요 특별한 날 와서 꼭 먹구 가세요,41,39,0,8
이태리국시,kys****,4,2026.04.26,1번째 방문,영수증,국립중앙박물관 갔다가 아이들과 방문하였는데 시킨 모든 음식이 넘 맛있었어요,41,41,0,7
이태리국시,Chan12345,38,2026.04.24,1번째 방문,영수증,서울숲 근처 맛집 이태리 국시 아이랑 와도 좋고 음식 모두 맛있어요,41,37,0,8
이태리국시,rms****,20,2026.04.22,1번째 방문,영수증,이태리 국시 너무 맛있어요 정말 짱짱 다음에 또 먹으러 오려구요,41,35,0,8
이태리국시,1212376,18,2026.04.03,1번째 방문,영수증,너무너무 마싯어요 담에 꼭 다시 방문예정 성수 맛집 데이트하기너무조아용,41,39,0,8
이태리국시,lee****,35,2026.03.11,2번째 방문,영수증,친구들이란 왔다가 부모님 모시고 왔어요 메뉴들이 특이하고 맛도 좋아요,41,38,0,9
이태리국시,gre****,23,2026.05.05,1번째 방문,영수증,리뷰보고 방문해보았는데 너무 맛있게 잘 먹었어요 다음에 또 방문하고 싶어요,42,41,0,8
이태리국시,힘두러용37,38,2026.05.02,1번째 방문,영수증,직원 분들도 친절하시고 매장도 쾌적하고 넓어요 메뉴도 너무너무 맛있어요,42,39,0,8
이태리국시,박현아6077,25,2026.04.24,1번째 방문,영수증,갑오징어빠에야 미쳣음 존맛 분위기도 좋고 매장도 넓어요 데이트로 강추,42,38,0,8
이태리국시,foreverdiva,21,2026.04.23,1번째 방문,영수증,추천 받아서 방문 했는데 생각보다 맛있어서 놀랬습니다 가성비도 뛰어나구요,42,40,0,8
이태리국시,WANSU23,42,2026.04.13,1번째 방문,영수증,메뉴도 특이하고 꽤나 맛있게 먹었어요 재방문 의사 있습니다 잘먹었습니다,42,39,0,8
이태리국시,fnd****,27,2026.03.30,1번째 방문,영수증,가 레알 파스타는 곱창도맛잇구 대창도 맛잇다하네여 다들오새요,42,33,1,9
이태리국시,Terra Bella,23,2026.03.28,1번째 방문,영수증,이태리국시 맛있어요 뇨끼 진짜 맛있었구 대창파스타도 맛있었어요,42,34,1,9
이태리국시,채하영7,16,2026.03.26,1번째 방문,영수증,맛있게 먹고 갑니다 한식과 양식이 오묘히 섞여있어요 일본에 지점 내주세요,42,40,0,8
이태리국시,xlvksl71,45,2026.03.15,1번째 방문,영수증,음식이 너무너무 맛있고 시끌벅적하지않아 좋았어요 담에도 또 방문 할게용,42,39,0,8
이태리국시,twokong,24,2026.03.09,1번째 방문,영수증,너무 맛있어요 대창돌솥파스타 너무 맛있고 피자랑 같이 먹으니 좋아요,42,37,1,9
이태리국시,지은3192,110,2026.03.09,1번째 방문,영수증,메뉴가 특별한데 맛있어서 너무 좋았어요 다음에 떠 방분할 것 같습니다,42,38,0,8
이태리국시,seo****,8,2026.05.09,1번째 방문,영수증,인테리어도 예쁘고 분위기도 너무 좋았어요 곱창 파스타 피자랑 강추 합니다,43,40,1,9
이태리국시,보헤미아느,27,2026.04.29,1번째 방문,영수증,성수동오자마자 먹고싶어서 달려왔네요 너무맛있게 잘먹었습니다 대창파스타 맛있네요,43,43,1,9
이태리국시,커피체고,8,2026.04.11,1번째 방문,영수증,처음와봤는데 분위기도 좋고 음식도 너무 맛있어요 다음에 또 오고 싶어요,43,39,0,8
이태리국시,summerP,45,2026.04.10,1번째 방문,영수증,양식과 한식의 조화 음식이 너무 맛있고 가성비 좋아요 모임때 또 들를것 같아요,43,43,0,8
이태리국시,프라키온,29,2026.03.18,1번째 방문,영수증,너무 맛있게 잘 먹었어요 한국사람 입맛에 최적화된 이태리 국시인 것 같아요,43,41,0,8
이태리국시,리뷰맛집러,1203,2026.05.04,1번째 방문,영수증,평일 저녁 대기없이 입장했습니다 맛있어요 반계닭이랑 숯불대창파스타 추천합니당,44,42,1,9
이태리국시,you****,101,2026.05.04,1번째 방문,영수증,1시간정도대기 후 입장 기다린 보람있어요 너무 맛있고 직원들도 너무 친절친절,44,42,0,8
이태리국시,iri****,45,2026.04.26,1번째 방문,영수증,음싣도 특별하고 맛있어요 쌈피자 샐러드 같기도 하고 건강하면서 맛있는 맛이에요,44,43,1,9
이태리국시,이현숙1521,13,2026.04.24,1번째 방문,영수증,남편이랑 데이트하며 좋으시간 보냈어요 음식이 특이하고 맛있어요 다음에 또 올께요,44,44,0,8
이태리국시,호호호83,37,2026.03.15,1번째 방문,영수증,음식이 깔끔하고 너무 맛있었습니다 내부 분위기도 좋아서 데이트 코스로 딱이에요,44,43,0,8
이태리국시,금도히,27,2026.05.09,1번째 방문,영수증,뇨끼 대박 뇨끼는 꼭 드세요 대창파스타도 느끼하지 않고 너무 맛있었어요,45,39,1,9
이태리국시,횬태,10,2026.05.03,1번째 방문,영수증,너무 맛있게 잘먹었습니다 다른거도 더 먹어보러 와야겠어요 여자친구도 좋아하네욤,45,43,0,8
이태리국시,코타파파,12,2026.05.02,1번째 방문,영수증,음식이 너무 맛있어서 추가 주문 할 정도로 좋았습니다 다음에도 또 오고 싶네요,45,43,0,8
이태리국시,꽃송이희,547,2026.04.30,1번째 방문,영수증,돌솥 대창 파스타라뉘  먹을때까지 뜨끈뜨끈 맛있습니다 순식간에 순삭했습니다,45,41,1,9
이태리국시,진녜쓰,107,2026.04.18,1번째 방문,영수증,독특한 메뉴가 많아요 그리고 맛도있고 직원분들도 너무 친절해요 또 올게요,45,40,0,8
이태리국시,ale****,14,2026.04.14,1번째 방문,영수증,곱창파스타 매콤하니 엄청 맛있어요 프렌치프라이도 마요네즈랑 먹으면 고소하고 맛나요,45,45,1,9
이태리국시,김서영57,4,2026.04.12,1번째 방문,영수증,진짜 너무 맛있어요 분위기도 너무 좋고 기대 이상이었어요 다음에 또 올게요,45,41,0,7
이태리국시,티나염,44,2026.04.03,1번째 방문,영수증,첫 방문인데 전혀 느끼하지 않고 너무 맛있네요 특히 대창뚝배기파스타 강추합니다,45,43,1,9
이태리국시,bet****,33,2026.03.16,1번째 방문,영수증,곱창파스타랑 쌈피자 먹었는데 새롭고 맛있어요 곱창파스타는 느끼하지 않고 맛있어요,45,44,1,9
이태리국시,cau****,227,2026.05.02,1번째 방문,영수증,양이 적은건 아쉽지만 맛있어요 아이들입맛 저격 담에 또 먹고싶은맛 연인끼리 강추,46,44,0,8
이태리국시,Ye0nhee,25,2026.05.02,1번째 방문,영수증,조용하게 깔끔하게 맛있게 먹었습니다 집근처라 자주올것같아요  샐러드 맛집,46,40,0,8
이태리국시,누누누12,120,2026.04.18,1번째 방문,영수증,이태리국시 너무 맛있어요 다시 오고싶을정도로 맛있어요 퓨전요리는 여기가 끝판왕이에요,46,46,0,8
이태리국시,qhr****,19,2026.04.10,1번째 방문,영수증,다음엔 한우곱창파스타 먹으러 와야겠어요 뇨끼 너무 맛있어요,46,32,1,9
이태리국시,dob****,24,2026.04.02,1번째 방문,영수증,음식 사진이 정말 잘 나오는 가게 조명 훔쳐가고싶네요 칼칼하면서 고소한 파스타에요,46,45,1,9
이태리국시,Aa001q,65,2026.03.21,1번째 방문,영수증,한식과 양식이 섞인 메뉴라 특이하고 분위기도 좋아요 데이트나 친목모임으로도 추천해요,46,46,0,8
이태리국시,칙칙폭12,24,2026.05.05,1번째 방문,영수증,요리가 색다르고 맛있는데 대체적으로 간이 좀 쎈편이예요 알배기 숯불갈비샐러드 강추예요,47,47,0,8
이태리국시,김체리오브,70,2026.05.04,1번째 방문,영수증,분위기 너무 졸어요  직원분들도 친절하고 맛집이라서 왔어요,47,32,0,8
이태리국시,alf****,42,2026.04.27,1번째 방문,영수증,메뉴도 특별하고 너무너무 맛있아요 매장 분위기도 좋아서 맛있게 먹구 갑니다,47,41,0,8
이태리국시,queiroo098,11,2026.04.25,1번째 방문,영수증,음식이 너무 신선하고 맛있어요 한식 양식 퓨전 맛집입니다 또 방문하고 싶어요,47,42,0,8
이태리국시,줄무늬곰,3,2026.04.22,1번째 방문,영수증,음식이 맛있고 직원분들이 친절하셔서 좋았어요 잘먹고 갑니다 음식도 빨리 나오네요,47,44,0,7
이태리국시,HY1175,35,2026.04.18,1번째 방문,영수증,메뉴 하나하나 다 맛있어요 특히 리조또가 최고 성수에 오면 또 들릴 것 같아요,47,43,1,9
이태리국시,그래도안간다 훗81,18,2026.03.28,1번째 방문,영수증,대창 돌솥파스타 살이 통통해요 너무너무 맛있습니다 데이트로 강력추천 해요,47,40,1,9
이태리국시,ny4749,13,2026.05.05,1번째 방문,영수증,메뉴가 독특하고 맛있어요 특별한 음식 먹고 싶을 때 방문해보시면 좋을 것 같아요,48,44,1,9
이태리국시,데자와30,3,2026.05.03,1번째 방문,영수증,추천받아서 온 곳 너무너무 맛있어요 주말에는 예약 후 이용하는게 좋을 것 같아요 대만족,48,48,0,7
이태리국시,뽀쏭111,31,2026.04.24,1번째 방문,영수증,남편이랑 처음 방문 했는데 기대 이상으로 너무우우 맛있어서 다음에 또 올려구요,48,43,0,8
이태리국시,YEJI,28,2026.04.05,1번째 방문,영수증,아 너무 맛있게 먹었습니다 퓨전인데 이질감이 없이 좋았습니다 또 올 것 같습니다,48,44,0,8
이태리국시,Hyorin,30,2026.04.02,1번째 방문,영수증,회사근처에 이란 멋진 맛집이 있었어요 매장도 멋지고 음식도 맛있고 추천합니다,48,42,0,8
이태리국시,ks****,2,2026.04.23,1번째 방문,영수증,생각한것보다 맛있어서 든든하게 잘먹었어요 담엔 다른 메뉴 도전해 보고싶네요 굿입니다,49,46,0,7
이태리국시,wldus02,29,2026.04.22,1번째 방문,영수증,생일이라 예약하고 왔는데 분위기가 너무 좋아요 음식도 맛있구 직원분들도 친절하세요,49,45,0,8
이태리국시,초지일관63,9,2026.04.21,1번째 방문,영수증,외국인 친구랑 같이 왔는데 상당히 좋아하네요 분위기도 좋고 대창파스타 맛나게 먹었어요,49,47,1,9
이태리국시,2JW70,19,2026.03.28,1번째 방문,영수증,닭리조또 꼭 드셔보세요 정말 맛있어요 다른 음식들도 맛있으니 데이트할때 들려보세요,49,45,0,8
이태리국시,똘망똘망37,33,2026.04.06,1번째 방문,영수증,리조또에 마늘향도 좋고 고기도 밋있어요 파스타도 맛있어요 면이 특이해서 식감도 좋네요,50,47,1,9
이태리국시,깐깐s,286,2026.03.23,1번째 방문,영수증,음식이 빨리 나와요 피클이나 이런 건 안나와서 조금 당황 분위기도 편안하고 맛있어요,50,46,0,8
이태리국시,조경호430,6,2026.05.01,1번째 방문,영수증,30분 웨이팅 후 식사했어요 퓨전메뉴들이 맛있네요 다시 방문하고 싶어요 맛있게 잘 먹었습니다,51,51,0,8
이태리국시,seta723275,20,2026.04.27,1번째 방문,영수증,뚝배기에 나오는게 포인트인 것 같아요 따뜻함이 잘 유지되었습니다 음식도 정말 맛있었어요,51,48,0,8
이태리국시,애리73,56,2026.04.25,1번째 방문,영수증,조금 웨이팅이있었지만 기다린만큼 너무 맛있게 먹었어요 색다른 메뉴라서 더 좋았어요,51,45,0,8
이태리국시,end****,19,2026.03.29,1번째 방문,영수증,음식이 전체적으로 다 맛있고 제 입맛에 딱이였어요 개인적으로 뇨끼 강력 추천 드립니다,51,47,1,9
이태리국시,종현390,40,2026.03.23,1번째 방문,영수증,너무 맛있었습니다 평소에 먹지못하는 신선한 요리였고 너무 맛있게 먹었습니당 또 올게요,51,47,0,8
이태리국시,tjcjdqja43,55,2026.05.09,1번째 방문,영수증,딱 좋아하는 취향의 양식이라서 다시 방문해야겠어요 먹으면서 여자친구랑 감탄했네요 번창하세요,52,50,1,9
이태리국시,kim****,114,2026.05.05,1번째 방문,영수증,맛있게 잘 먹었습니다 곱창파스타 특히 맛잇었어요 국물 자작하니 새로운 경험이었습니다,52,46,1,9
이태리국시,Amy별,26,2026.04.14,1번째 방문,영수증,오랜만에 뚝섬와서 맛있는 음식 먹고 가서 기분 좋아요 다음에 또 다른 메뉴 먹어보고 싶어요,52,50,0,8
이태리국시,들조류,13,2026.04.05,1번째 방문,영수증,메뉴가 신기해요 그리고 예약 없이도 바로 입장가능해서 좋았어요 직원분이 너무 친절해요,52,47,0,8
이태리국시,ldk****,66,2026.04.04,1번째 방문,영수증,다 특별한 느낌의 맛이에요 디쉬 3개중에 2개가 깨진그릇에 나온건 조금 더 신경 써주셨으면,52,50,1,9
이태리국시,쪼아9351,15,2026.03.25,1번째 방문,영수증,친구랑 맛집 찾아 왔어요 역시나 맛있네요 순삭하고 갑니다 다음에 또 오고싶어요,52,43,0,8
이태리국시,치약2371,19,2026.03.20,1번째 방문,영수증,엄청 꼬숩고 맛있어요  그리고 가게 분위기가 너무 예뻐서 소개팅 장소로 추천합니다,52,45,0,8
이태리국시,네라이젤52,6,2026.05.09,1번째 방문,영수증,처음 방문했는데 음식이 너무 맛있고 분위기가 좋아요 뚝섬역에서 데이트 할경우 추천드립니다,53,49,0,8
이태리국시,idobg,12,2026.05.03,1번째 방문,영수증,오랜만에 성수로 데이트 왔는데 날씨와 음식이 너무 조화로워요 백점입니다 즐거운 데이트 하겠습니다,53,53,0,8
이태리국시,jihyun4583,7,2026.04.27,1번째 방문,영수증,메뉴도 특별한 것 같고 맛도 좋았습니다 분위기도 검정배경에 예뻐요 다음에 또 오고 싶어용,53,49,0,8
이태리국시,한서연82,19,2026.03.18,1번째 방문,영수증,이런곳 처늠와보는데 진짜 맛잇네요 음식도 특별하고 매장도 깔끔해서맛잇엇용 짱짱 담에 또올게연,53,51,0,8
이태리국시,BooJH,14,2026.04.26,1번째 방문,영수증,오랜만에 파스타집이라 기대했는데 기대이상대창도 크고 국물도 맛나고 좋아요담에또 방문할래여,54,49,1,9
이태리국시,Almond001,39,2026.04.19,1번째 방문,영수증,운좋게 웨이팅 없이 들어와서 맛있게 먹었습니다 대창도 하나도 안느끼하고 빠에야도 이국적인 맛이에요,54,54,0,8
이태리국시,정삥빤,33,2026.04.16,1번째 방문,영수증,언니 추천으로 오게 된 식당입니다 평일 점심이라 사람도 없어서 쾌적하게 식사 맛있게 했습니다,54,51,0,8
이태리국시,니바구니,17,2026.04.13,1번째 방문,영수증,가게 인테리어도 예쁘규 음식도 맛있습니당 직원 분들도 친절하시네용  나중에 또 오겠습니다,54,49,0,8
이태리국시,오이지98,18,2026.04.12,1번째 방문,영수증,우연히 사진에 이끌려 들어왔는데 너무 너무 맛있었던 곳 다음엔 남자친구랑 같이 방문할래용,54,49,0,8
이태리국시,Hihihi000,19,2026.03.25,1번째 방문,영수증,분위기도 좋고 새로운 맛이라 좋아요 데이트하기 좋은 맛집입니다 다들 성수오면 와보시길 추천드려요,54,53,1,9
이태리국시,Seoyeonjoy,30,2026.03.15,1번째 방문,영수증,서울 놀러와서 친구랑 먹는 저녁이였는데 너무 맛있었어요 하나도 안남기고 다 먹었습니다,54,47,0,8
이태리국시,반짝반짝7,15,2026.05.03,1번째 방문,영수증,식전 샐러드 괜찮네요 가격대비 양이 너무 적어요 피클도 안나옴 가격이 사악해서 빵 먹으러 감,55,51,0,8
이태리국시,qnd****,15,2026.05.02,1번째 방문,영수증,너무너므 맛있게 먹었어요 특히 피자가 너무 맛있었어요 아이도 좋아했습니다 또 방문할게요,55,48,1,9
이태리국시,ab9254,39,2026.04.29,1번째 방문,영수증,이태리 국시 성수점 음식 굿 분위기도 굿 메인 곱창파스타도 너무 맛있네요 자주이용할께요,55,48,1,9
이태리국시,이가영8615,37,2026.04.29,1번째 방문,영수증,양 많고 맛있습니다 식사분위기도 좋고 식당이 깔끔합니다 데이트 하기 굿굿 재방문의사 있습니다,55,51,0,8
이태리국시,허쌈빠,14,2026.04.25,1번째 방문,영수증,메뉴 간 조합이 굉장히 좋아요 재료도 신선하고 맛의 밸런스도 좋아요 맛있게 잘 먹었습니다,55,49,0,8
이태리국시,GaLaTECH,3,2026.04.24,1번째 방문,영수증,어디서도 먹을 수 없는 특별한 재료 구성인데 맛은 압도적입니다 대창파스타랑 뇨끼 조합 강추,55,50,1,8
이태리국시,fog****,16,2026.04.07,2번째 방문,영수증,특별한 메뉴에 특별한 맛까지 가게 분위기도 넘넘 좋아서 기분 좋게 맛있게 잘 먹고 갑니다,55,49,0,9
이태리국시,yc8567,15,2026.04.04,1번째 방문,영수증,이태리국시 두번째 방문인데 새로운 메뉴 도전해두 다 맛있어요 파스타 바질이 많이 들어있어서 좋아요,55,54,1,9
이태리국시,포뇨2024,78,2026.03.11,1번째 방문,영수증,성수 유명 맛집이라고 해서 왔는데 맛있고 분위기도 좋아서 데이트하기도 좋을 것 같아요 완전 추천,55,53,0,8
이태리국시,siy****,29,2026.03.09,1번째 방문,영수증,음식도 특이하고 너무 맛있어요 특히 피자가 너무 맛있습니다 매장도 깔끔하고 재방문의사있습니다,55,51,1,9
이태리국시,ttm****,6,2026.05.04,1번째 방문,영수증,고기가 부드럽고 맛있고 파스타도 안느끼하고 잘먹었습니다 피자는 또띠아 느낌나서 막있게 잘먹었습니다,56,54,1,9
이태리국시,ch****,21,2026.04.28,1번째 방문,영수증,한식 양식 퓨전느낌인데 너무 맛잇어요 분위기도 좋아서 친구들이랑 좋은 시간 보내고 갑니다 또올게요,56,54,0,8
이태리국시,tea****,50,2026.04.20,1번째 방문,영수증,메뉴 독특하고 너무 맛있어요 한식과 양식의 퓨전이라니  담번에도 성수동 오면 꼭 방문할것같아요,56,52,1,9
이태리국시,초악마51,22,2026.04.19,1번째 방문,영수증,음식 양이 좀 적어요  아이들과 즐기기에도 가족과 즐기기에도 적합해요  음식은 다 맛잇네요,56,50,0,8
이태리국시,yso****,5,2026.04.17,1번째 방문,영수증,성수점 방문해서 2종류 메뉴 먹었습니다 특히 반계리조또가 맛있네요 둘다 못먹어본 맛이라 잘먹고가요,56,54,0,7
이태리국시,아에이오우1152,102,2026.04.12,1번째 방문,영수증,신선한 조합인데 너무 맛있고 분위기도 좋아서 데이트 장소로 딱이에여 성수 올때마다 자주 올것같아여,56,54,0,8
이태리국시,바란34,38,2026.03.15,1번째 방문,영수증,해외에 오래 살다 온 동생이랑 왔어요 한식 퓨전 양식이라 한국적이면서도 특이한 메뉴가 많아 좋았습니다,56,56,1,9
이태리국시,민아2496,59,2026.03.11,1번째 방문,영수증,맛있어요 일단 눈이 먼저 먹게되는 정갈함과 고급스러움이네요 맛도 좋아요 분위기내고플때 방문좋을듯해요,56,55,0,8
이태리국시,해피트리42,24,2026.05.04,1번째 방문,영수증,서울숲나들이 왔다가 검색해보고왔어요 퓨전스타일파스타라 재미있네요 바지락아낌없이 듬뿍 잘 먹었습니다,57,54,1,9
이태리국시,나174,12,2026.05.03,1번째 방문,영수증,전반적으로 맛있고 분위기도 좋아서 조용한 곳 원하시는 분들은 좋을것같아요 음식도 빨리 나오는 편입니당,57,56,0,8
이태리국시,sw2998,207,2026.04.30,1번째 방문,영수증,처음 먹어보는 메뉴가 너무 많아요 다 맛있고 특히 리조또와 대창 메뉴는 꼭 드셔보세요 성수맛집 인정,57,55,0,8
이태리국시,won****,10,2026.04.25,1번째 방문,영수증,인테리어 잘 되어있고 흔하지 않은 메뉴라서 맛있게 먹었습니다 음식도 빨리나오고 직원분들도 친절 하세요,57,56,0,8
이태리국시,vnd****,11,2026.04.25,1번째 방문,영수증,분위기 좋고 맛나여  주말 오점에는 웨이팅 없이 널널해서 바로 입장 가능할 듯 재방문 할 것 같움,57,54,0,8
이태리국시,재래키,24,2026.04.22,1번째 방문,영수증,부산에서 이거먹으려고 성수왔어요   곱창파스타 오시면 꼭 드십시오  진짜 마슀습니다,57,46,1,9
이태리국시,자토50,22,2026.04.18,1번째 방문,영수증,완즈니 맛있어용 샐러드가 진짜 맛있네요  양이 생각보다 많진 않아서 둘이 세개 시켜 먹었습니닷,57,52,0,8
이태리국시,nay****,32,2026.04.04,1번째 방문,영수증,처음 와보는 곳인데 맛있게 잘 먹고 갑니다 양배추 샐러드 너무 맛있어요  다음에 또 올게요,57,50,0,8
이태리국시,Hani11,29,2026.03.21,1번째 방문,영수증,너무 맛있어용  분위기도좋고  모임도 좋고 소개팅도 좋을것같아요 일단 맛이 미친놈입네다,57,48,0,8
이태리국시,현태연,44,2026.03.05,1번째 방문,영수증,접하기 어려운 메뉴도 많고 매장 분위기도 좋아사 데이트 하기 좋을 것 같아요 맛있게 잘 먹었습니다,57,54,0,8
이태리국시,융퍼플,11,2026.05.04,1번째 방문,영수증,파스타는 먹고 싶은데 느끼한 건 싫고 적당히 격식 있으면서도 편안한 성수동 맛집을 찾는다면 정답인 곳,58,56,1,9
이태리국시,khy****,19,2026.05.03,1번째 방문,영수증,역시 유명한 맛집은 다르군요 아주 그냥 기가 맥힙니다 맥혀 꼭 한 번 들러서 먹어보십쇼 완전 강 추,58,55,0,8
이태리국시,rla****,13,2026.03.26,1번째 방문,영수증,인스타 보고 맛있어 보여서 찾아왔는데 분위기도 좋지만 음식 맛도 너무 좋아서 좋네요 다음에 또 오겠습니당,58,58,0,8
이태리국시,rlayvv,28,2026.05.05,1번째 방문,영수증,전부터 오고싶었던 곳인데 친구랑 방문했어요 너무 맛있고 분위기도 좋습니다 성수 추천 맛집,59,49,0,8
이태리국시,jjinniiv,790,2026.04.30,1번째 방문,영수증,궁금한 음식들이 있어 방문했는데 음식 맛있게 먹고 갑니다 대창파스타에 대창이 킥 인테리어도 멋있었어요,59,56,1,9
이태리국시,27su,16,2026.04.29,1번째 방문,영수증,완전 야르  개마싯서요 매장 분위기도 조와 데이트하러 오세요 저는 칭긔들이랑 왓걸랑요,59,47,0,8
이태리국시,얍얍,14,2026.04.28,1번째 방문,영수증,대창파스타라니 세상 너무 맛있구요 대창도 먹고싶고 파스타도 먹고싶을때 옵니다 맛있어서 또 방문하고싶네요,59,57,1,9
이태리국시,ghd****,7,2026.04.19,1번째 방문,영수증,음식이 너무 맛있고 분위기도 너무 좋은것 같아요 데이트 장소로 딱인 식당인 것 같고 재방문의사가 있습니다,59,58,0,8
이태리국시,쁘리띠꼉,51,2026.03.17,2번째 방문,영수증,신기한 메뉴가 있어서 처음 도전해 보았는데 너무 맛있어요 바지락 찜 파스타는 언제나 맛있습니다,59,52,1,10
이태리국시,olb****,35,2026.05.09,1번째 방문,영수증,대창파스타 이거 진짜 미쳤어요  진짜 갸맛있음 꼭 드세요 그리고 트러플 들오간 메뉴 향이 진짜 좋아요,60,56,1,9
이태리국시,룰루룬랄라,15,2026.05.08,1번째 방문,영수증,처음와봤는데 너무 맛있고 메뉴가 새로워서 좋아요 메뉴 3개 다 실패 없는 맛이예요 다음에 또 오고싶어요,60,57,0,8
이태리국시,dhddid29,36,2026.05.05,1번째 방문,영수증,돌솥메뉴는 다 맛있는 거 같아요 성수오면 다음에 꼭 다시 오고 싶어요 잘 먹었습니다,60,46,1,9
이태리국시,Ryoonn,33,2026.05.05,1번째 방문,영수증,너무 맛있어보여서 예약 후 첫 방문한 매장이에요 양식인데 느끼하지 않고 양도 많아서 맛있게 먹었습니다,60,56,0,8
이태리국시,my1stlover,20,2026.04.29,1번째 방문,영수증,곱창파스타랑 갑오징어빠에야 먹었는데 넘 맛있고 분위기도 좋았어요  특히 빠에야가 진짜 맛있습니다,60,53,1,9
이태리국시,안은빈20,104,2026.04.25,1번째 방문,영수증,여기 진짜 좋아요 분위기 좋고 맛 좋고 직원 분들도 친절하세요 성수 오면 여기서 저녁 먹는 거 추천해요,60,57,1,9
이태리국시,xxxgg,112,2026.04.21,1번째 방문,영수증,분위기도 좋고 음식 그릇도 너무 정갈하고 예뻐서 데이트하러와도 좋을 것 같아요 직원분들도 매우 친절하세요,60,58,0,8
이태리국시,Dbddod,4,2026.04.11,1번째 방문,영수증,성수에서 즐기는 이태리국시  맛도 직원분들도 최고  기분좋게 왔다가 더 기분좋게 먹고 갑니다,60,51,0,7
이태리국시,bak****,19,2026.05.05,1번째 방문,영수증,성수 맛집 인정합니다 너무너무 맛있게 잘 먹었습니다 특별한 하고 맛있는 향들의 잔치 즐거운 식사 시간이였습니다,61,61,0,8
이태리국시,최희원1,18,2026.05.05,1번째 방문,영수증,양식과 한식 퓨전이라 독특한 메뉴가 많은데 하나같이 맛있어요 글라스 와인 종류도 다양해서 더 좋았습니다,61,57,0,8
이태리국시,Som14,40,2026.04.21,1번째 방문,영수증,메뉴도 흔하지 않으면서 색다른맛도 나면서 너무 맛있었어요 다음엔 다른 대표 메뉴들도 먹어보고 싶어요,61,55,1,9
이태리국시,sue2328,7,2026.04.13,1번째 방문,영수증,숯불대창돌솥파스타 청양불고기크림파스타 먹었는데 맛있었어요 매장도 깔끔하고 데이트할때 오면 좋을것 같아요,61,57,1,9
이태리국시,아띠지,334,2026.02.28,1번째 방문,영수증,웨이팅이 생각보다 길었지만 창가자리 당첨이라 만족 주문메뉴는 하나같이 맛있어요 살짝 매콤해서 더 좋은,61,56,0,8
이태리국시,hyw****,2,2026.04.29,1번째 방문,영수증,진짜 너무 맛있어요 알배추 샐러드가 너무 맛있고 파스타도 먹어본적 없는 맛인데 신선하게 맛있었어요 또오고싶어요,62,61,1,8
이태리국시,굽닝이,146,2026.04.27,1번째 방문,영수증,완전 분위기 맛집 오랜만에 보는 친구들이라 기분 좋고 맛있어서 즐거운 시간이었어요 특이한 메뉴 많아서 좋아요,62,60,0,8
이태리국시,정혜인2639,25,2026.04.25,1번째 방문,영수증,칭구들과 먹고 갔어요 다 가격 값하는 맛이 었습니다 넘 맛있어서 올 클리어했습니다 다음에 또 올 생각이에용,62,59,0,8
이태리국시,토링토링이,16,2026.04.17,1번째 방문,영수증,퓨전 스타일 독특한 메뉴들이 많아서 이색적이에요 전부 맛있게 잘 먹었고 다음에 다른 메뉴 도장깨기 할래요,62,58,0,8
이태리국시,SJ4845,55,2026.05.01,1번째 방문,영수증,웨이팅 좀 있어도 성수동 가면 다시 갈 의향 200에요 대창파스타는 걸쭉하니 진하고 바질국물파스타는 시원해요,63,60,1,9
이태리국시,땍띠희야,38,2026.04.21,1번째 방문,영수증,특별한 곳에서 특별한 맛을 느낄수 있었어요 맛있어요감튀도 왜케 맛있는거죵덕분에 즐거운 데이트 했어요,63,55,0,8
이태리국시,주제주제,42,2026.04.18,1번째 방문,영수증,음식이너무 독특하면서 너무 맛있어요  다음에 또 방문할게요 분위기도 좋아서 기념일에 오몀좋을 것 같아요,63,57,1,9
이태리국시,사랑아54,25,2026.04.18,1번째 방문,영수증,친구랑 뚝섬놀러왔다가 검색해서 들른곳 색다른 메뉴라 신선하고 맛도 좋네요  맛있게잘먹고갑니당,63,51,0,8
이태리국시,늘맑음언니,10,2026.04.12,1번째 방문,영수증,어디갈지 고민하다 예약하고 온 곳인데 후회 없는 선택입니다 매력적인 퓨전 음식이에요 다음에 또 오겠습니다,63,58,0,8
이태리국시,jas5450,156,2026.03.31,1번째 방문,영수증,파스타 안좋아하는 남편도 싹싹 긁어 다먹었네요 어디서도 맛 못봤던 새로운 메뉴인데 너무 맛있게 잘먹었습니다,63,59,1,9
이태리국시,미미술술,34,2026.03.14,1번째 방문,영수증,음식이 전반적으로 특별하고 맛있어요 특히 양배추 샐러드가 마음에들어요  공간도 테이블이 넓고 편했습니다,63,57,0,8
이태리국시,scotty32465,24,2026.05.09,2번째 방문,영수증,파스타 종류가 정말 맛있었어요 부모님도 좋아하셨네요 직원분들도 친절하시고 매장도 크고 청결해서 모임하기 좋아요,64,61,1,10
이태리국시,냥냥안녕이야,41,2026.05.04,1번째 방문,영수증,완전 맛있어용 이렇게 두개 꼭 시켜드세용 매장 안도 넓고 저는 예약없이 들어왔는데 창가 앉으시려면 예약하셔야해여,64,62,1,9
이태리국시,pikachu62895,7,2026.05.01,1번째 방문,영수증,예약 하고 오길 잘 했어요 맛집인 만큼 대기가 길어요 음식도 익숙한듯 하지만 새로워서 맛있게 잘 먹었어요,64,58,0,8
이태리국시,하얀사과4,10,2026.04.16,1번째 방문,영수증,와인에 음식들이 잘 어울리고 조용한 음악과 분위기가 참 좋았어요 그리고 이색적인 곱창 파스타가 정맣 맘에 듭니다,64,62,1,9
이태리국시,아줌마7357,53,2026.03.25,1번째 방문,영수증,추천맛집이라 왔는데 정말 특별한 맛이 있어요 음식이 깔끔하고 너무 맛있어요 직원분들도 친절하시구요 또올께요,64,59,0,8
이태리국시,밍기뉴47,28,2026.03.08,1번째 방문,영수증,쌈 피자 맛이 예상했던 것과 달리 가볍게 맛있어서 좋았어요 바질해산물파스타도 국물이랑 면이 맛있어서 넘 좋았어요,64,62,1,9
이태리국시,jie****,12,2026.05.05,1번째 방문,영수증,너무 맛있어서 바로 리뷰 남겨요 음식도 너무 맛있고 직원분들도 너무 친절하세요 특히 피자 꼭 드세여 강추강추,65,60,1,9
이태리국시,ㅎㅎㅎㅎ6424,29,2026.05.04,1번째 방문,영수증,음식이 맛나요근데 코스요리인줄하나 먹으면 하나 나와요 자리잡으면 꼭 주문먼저 하세요많이 기다려요 맛나요,65,57,1,9
이태리국시,coconi93,16,2026.05.04,1번째 방문,영수증,한식이랑 양식 퓨전인데 담백하기 딱 먹기 좋아요 느끼하기 싫어하시는분들 딱 데이트로 오기 분위기도 좋고 추천해용,65,62,0,8
이태리국시,shefdiw,9,2026.05.02,1번째 방문,영수증,양도 적당하고 무엇보다 너무 맛있었습니다  메뉴 2개만 시켜도 배부르게 잘 먹었어용 다음에 또 올게요 3,65,58,0,8
이태리국시,맨샤인,20,2026.05.01,1번째 방문,영수증,이태리국시 전에 너무 마싯게 먹어서 또 왓어요 갈비깍두기리조또를 드셔야만 합니다 반드시 완저니 야르하시다,65,58,0,8
이태리국시,율이니아,28,2026.04.18,1번째 방문,영수증,음식이 정갈하고 너무맛있어요 퓨전음식도 있고 종류도 많아서 다음에 또 올것같아요 맛있게 잘먹었습니다,65,55,0,8
이태리국시,LuckyT,184,2026.04.07,1번째 방문,영수증,오랜만에 성수왔는데 맛집도 제대로 와서 더 좋네요 곱창도 퀄리티 좋고 엄청 맛납니다 그렇게 맵지도 않아서 좋았어요,65,63,0,8
이태리국시,토디야,19,2026.04.04,1번째 방문,영수증,대창파스타 먹으러 왔는데 뇨끼가 너무너무너무너무 맛있어요 이 두개 조합 강추합니다 밤에 또 생각날 것 같아요,65,60,1,9
이태리국시,도령76,20,2026.03.20,1번째 방문,영수증,알배추구이 저 소스 완벽해요 너무 맛있습니다 대창도 매콤해서 안느끼하고 삼계리조또도 누룽지 느낌 너무 좋았어요,65,61,0,8
이태리국시,맛집투어32,32,2026.05.09,1번째 방문,영수증,느끼할줄 알았는데 하나도 안느끼하고 맛있어요 대창도 냄새도 안나고 굿입니다 웨이팅 좀 있긴한데 그만한 값하는거같아요,66,64,0,8
이태리국시,yel****,5,2026.05.07,1번째 방문,영수증,다양하게 시켜먹었는데 곱창도 잡내 안나고 맛있고 전체적으로 맛이 다 조화로웠어요 끝까지 싹싹 긁어 먹을정도로 맛있었어요,66,66,0,7
이태리국시,ika****,11,2026.05.05,1번째 방문,영수증,나오자마자 너무 맛있어서 바로먹다보니 사진을 늦게 찍어버렸너요 너무 맛있어요 친구랑 왔는데 담엔 딸래미랑 와야겠어요,66,64,0,8
이태리국시,탕팡항,14,2026.04.30,1번째 방문,영수증,친구랑 놀다가 밥 먹으러 검색해서 왓는데 생각보다 너뮤 맛있고 양도 진짜 많았어요 하이볼도 진짜 맛잇어서 추천합니당,66,64,0,8
이태리국시,joy2036,14,2026.04.27,1번째 방문,영수증,처음 방문해봤는데 음식도 맛있고 분위기도 좋아요  직원 분들도 친절하세요  다음에 다른 메뉴 먹으러 또 방문할게요,66,63,0,8
이태리국시,벼얼며엉81,14,2026.04.19,1번째 방문,영수증,이태리국시 처음 방문했는데 음식이 맛있어요 대창파스타 쌈피자 갈비파스타 깍두기 리조또 먹었는데 너무 다 맛있어요,66,62,1,9
이태리국시,happyforever,21,2026.04.16,1번째 방문,영수증,특이한 메뉴가 많았는데 맛도 있었어요 매장도 청결하고 다음에 또 오겠습니다 리뷰 이벤트도 할인되는 이벤트라 좋았어요,66,64,0,8
이태리국시,핑핑핑2,19,2026.03.29,1번째 방문,영수증,메뉴가 한식 퓨전이라 너무 맛있고 플레이팅도 예뻐요 매장 분위기도 너무 좋아서 다음에 성수 근처 오면 또 오고 싶네용,66,65,1,9
이태리국시,냠쩌업,195,2026.03.22,1번째 방문,영수증,분위기도 너무 이쁘고 직원분들도 너무 친절합니다 그리고 메뉴가 독특했는데 넘 맛도리네요 다음에도 또 방문하고싶어요,66,63,0,8
이태리국시,J1295,38,2026.03.06,1번째 방문,영수증,대창 매콤 파스타랑 크림리조또가 맛있었어요 매장도 분위기 있어서 소개팅이나 데이트로 딱이더라구요 자리도 꽤 많음,66,62,1,9
이태리국시,sbe****,28,2026.02.21,1번째 방문,영수증,맛있게먹었어요 대창은 혹시나 느끼하려나했는데 적당히 매콤해서 맛있더라구요 빠에야도 갑오징어가 질기지않고 살살 녹아욤,66,64,0,8
이태리국시,tls****,46,2026.05.05,1번째 방문,영수증,직원분들도 친절하시구 메뉴들이 다 특이해서 그중 베스트로 먹어봤는데 역시 맛없없 인테리어도 예쁘고 담에 또 올게요,67,63,0,8
이태리국시,아지32,28,2026.05.02,1번째 방문,영수증,서울온김에 분위기내고 싶어서 처음 왔는데 한식양식 동시에 먹는거같아서 좋았어요 데이트 하기 분위기도 좋고 추천드려요,67,64,0,8
이태리국시,신동우34,10,2026.04.30,1번째 방문,영수증,음식이 특이하고 맛있어요 이색파스타를 먹고싶으면 와도 좋을것같아요 분위기도 좋고 음식맛도 좋아서 좋은시간 보내고 갑니다,67,66,1,9
이태리국시,아루카바,30,2026.04.21,1번째 방문,영수증,청양파스타가 맛있어용 닭고기가 올라간 리조또는 삼계탕이랑 맛이 아주 똑같습니다  편히 라이트 하게 먹기 좋아요,67,61,1,9
이태리국시,tmv****,22,2026.04.06,1번째 방문,영수증,월요일이라 저녁시간에 웨이팅없이 입장 가능했어요 그래도 사람은 꽤나 많더라구요 음식도 빠르게 잘 나오고 맛도 있었습니다,67,66,0,8
이태리국시,환31,16,2026.04.02,1번째 방문,영수증,지인이랑 간단하게 점심 먹으러 왔는데 메뉴도 다양하고 특히 매장이 넓고 쾌적해서 좋았어요 또 방문할 거 같습니다,67,62,0,8
이태리국시,프리다37,36,2026.03.19,1번째 방문,영수증,대창이 고소하고 퀄리티가 좋네요 뇨끼는 부드럽고 트러플 향이 좋아요 파스타에서 한식 느낌이 나서 맛있게 먹었어요,67,62,1,9
이태리국시,유리별1,18,2026.02.19,2번째 방문,영수증,퓨전한식스타일의 요리들이 너무 맛있어서 주기적으로 생각나는 곳이에요 올때마다 대만족하고 갑니다 대창파스타 강추예요,67,63,1,10
이태리국시,지수츄,59,2026.05.09,1번째 방문,영수증,예약 없이 오면 웨이팅이 있어서 미리 예약 하고 오는 걸 추천드려요 그래도 음식도 빨리나오고 너무 맛있게 잘 먹었어요,68,65,1,9
이태리국시,Rkqspdlcc4,43,2026.05.03,1번째 방문,영수증,대창파스타랑 뇨끼먹었는데 둘 다 너무 맛있었었요 먹어보고싶었던 리조또는 품절이라 못먹어서 다음에 먹으러 다시 올게요,68,64,1,9
이태리국시,전설36,99,2026.05.02,1번째 방문,영수증,아이들 데리고 다같이 왔는데 음식의 향이 완전 좋고 맛도 기대했던거 이상으로 좋아요 즐거운 저녁식사 시간이었어요 감사합니다,68,68,0,8
이태리국시,심심딱콩,17,2026.04.26,1번째 방문,영수증,너무 맛있어서 다 먹은 사진밖에 없네여 분위기도 좋고 깔끔하고 무엇보다 너무 맛있어용 뚝섬 올때마다 들릴 거 같아여,68,64,0,8
이태리국시,새벽별9215,37,2026.02.16,1번째 방문,영수증,특별한 메뉴가 있어서 기대하는 마음으로 왔는데 너무 좋아요 친구들이링 맛있게 먹구 갑니다 다음엔 다른 메뉴도 도전,68,63,0,8
이태리국시,Skadudgusss,11,2026.05.09,1번째 방문,영수증,제가 먹어본 퓨전양식집 중에 제일 메뉴가 신선하고 맛있었어요  그리고 가게 분위기가 너무 좋습니다 데이트 하기 좋아요,69,65,0,8
이태리국시,수희56,3,2026.04.26,1번째 방문,영수증,너무 맛있게 잘 먹었어요 우연히 찾아서 오게 되었는데 분위기도 좋구 맛도 짱마싯슴 리뷰 잘 안적는데 적습니댱,69,60,0,7
이태리국시,백군68,29,2026.04.25,1번째 방문,영수증,이태리국시 성수에 왔어요 대창돌솥파스타를 먹기위해 1시간을 달려온 보람이 있네요 에피타이저로 배추알쌈 삼겹도 좋았습니다,69,66,1,9
이태리국시,dreamy hmyhope,7,2026.04.23,1번째 방문,영수증,성수동 왔다가 파스타 맛집 찾아왔어요 기대보다 훨씬 맛있어서 너무 잘 왔다 싶네요 다음 번엔 다른 종류도 먹고 싶어요,69,65,1,9
이태리국시,난 쪼리야,31,2026.04.06,1번째 방문,영수증,양이 생각보다 많고 정말 맛있게 먹었어요 다음에 오게되면 다른 메뉴도 먹어보고싶어요 맛있는 음식 먹고 기분이 좋아졌네요,69,66,1,9
이태리국시,miu****,25,2026.03.21,1번째 방문,영수증,한식스타일 이탈리아메뉴가 있어서 독특했고 아이들도 맛있게 잘 먹고 갑니다 특별한 메뉴가 먹고 싶을때 시도해 볼 만 합니다,69,67,0,8
이태리국시,채딘,26,2026.02.25,2번째 방문,영수증,맛도 양도 만족해요 특히 직원분들도 너무 친절하셔서 감사했습니다  분위기도 좋아서 소개팅이나 모임에도 좋을거 같아욥,69,64,0,9
이태리국시,박정윤46,8,2026.05.08,1번째 방문,영수증,외국인 친구랑 같이 방문했는데 한국 스타일 파스타라고 엄청 만족했습니다 저도 맛있게 먹었어요 매장도 넓고 분위기도 엄청 좋아요,70,70,1,9
이태리국시,ds4876,32,2026.05.03,1번째 방문,영수증,퓨전 이태리음식이여서 궁금했는데 대창파스타 너무 저와 남편입맛에 딱이었어요 해산물 좋아하면 갑오징어 파스타도 추천해요,70,65,1,9
이태리국시,랑지31,19,2026.05.01,1번째 방문,영수증,예약 없이 왔지만 긴 웨이팅 없이 들어올 수 있었고 자칫 느끼할 수 있는 메뉴들인데 느끼하지 않아서 너무 맛있게 먹었습니다,70,68,0,8
이태리국시,유후5576,15,2026.02.22,1번째 방문,영수증,맛잇네요 숯불대창 돌솥파스타는 매콤하니 맛잇고 반계마늘리조또는 마늘향이 진하니 맛나요 닭고기도 연하네요 담에 또 오고싶어요,70,68,1,9
이태리국시,웅쓰27,20,2026.05.09,1번째 방문,영수증,성수 이태리국시 처음와봣는데 양식을 먹으면서 한식을 먹는거처럼 부담스럽지않고 맛있습니다 다음엔 미리 웨이팅해서 방문할생각입니다,71,70,1,9
이태리국시,syd****,2,2026.05.03,1번째 방문,영수증,와 맛이 너무 좋아요 성수 핫플레이스에서 꼭 가봐야하는 맛집으로 꼭 추천입니다 지인들과 함께 왔는데 다들 맘에 들어하네요,71,67,0,7
이태리국시,먕먕몽,30,2026.04.28,1번째 방문,영수증,상상치도 못한 메뉴들이었는데 정말 맛있었어요  다음에도 또 다시 올 것 같네요  특히 빠에야 정말 강력 추천드립니다,71,64,0,8
이태리국시,twi****,35,2026.04.17,1번째 방문,영수증,우연히 찾게된 맛집인데 음식이 너무 맛있네요 재료도 신선하고 테이블이 거의 다 창가에 있어서 그런지 분위기가 넘 좋아요,71,66,0,8
이태리국시,jemin17,22,2026.03.14,1번째 방문,영수증,처음 방문해보는데 메뉴도 정갈하고 맛있어요 직원분들도 친절하시고 메뉴도 다양해서 고르는 재미가 있네요 다음에 또 올게요,71,66,0,8
이태리국시,papuri,16,2026.05.03,1번째 방문,영수증,여자친구와 방문했습니다 일단 음식도 다양하고 너무 맛있네요 매장도 엄청 넓고 분위기도 아늑하니 좋아요 다음에 또 방문할게요,72,68,0,8
이태리국시,fraise22,72,2026.04.26,1번째 방문,영수증,퓨전양식 처음 먹어봤는데 너무 맛있어요 허겁지겁 먹느라 사진을 처음에 못찍었는데 플레이팅도 예쁘고 너무 맛있게 잘 먹었습니다,72,69,0,8
이태리국시,si2unnn,16,2026.04.20,1번째 방문,영수증,반계리조또 너무 맛있어요 대창파스타도 자극적인 맛 최고 상추장아찌랑 곁들여서 먹으면 넘 맛있습니당 잘 먹고 갑니다,72,63,1,9
이태리국시,kimdh92,9,2026.04.17,1번째 방문,영수증,매장이 넓어서 편하고 음식이 맛있어요 특히 파스타가 엄청 맛있었고 떡볶이에도 떡 말고 파스타랑 치즈도 많이 들어가서 맛있어요,72,69,1,9
이태리국시,바다11111,11,2026.04.15,1번째 방문,영수증,맛있다고 유명한 곳이라 기대하고 방문했습니다 특선메뉴랑 시그니처로 담아봤는데 기대보다 더 맛있어서 좋았어요 행복한 식사였습니다,72,70,0,8
이태리국시,kol****,7,2026.04.06,1번째 방문,영수증,여기 가게만의 특징있고 재미있는 메뉴가 있고 직원분들도 친절하셔서 좋아요 성수에서 맛있고 특별한 메뉴를 찾으시면 여기로 오세요,72,70,1,9
이태리국시,뿌잉ㅎㅁㅇ,36,2026.03.28,1번째 방문,영수증,일단 인테리어와 분위기가 차분해서 좋았어요 익숙한 맛이라 어렵지 않게 맛있게 먹을 수 있었습니다 알바생들도 친절하시고 좋아요,72,69,0,8
이태리국시,호호5249,4,2026.03.28,1번째 방문,영수증,아이들과 성수동 와서 구경하고 맛집찾다 발견한곳분위기 좋은 곳에서 맛있는 음식 먹고 좋은 추억 만들었어요다음에 또 올게요,72,67,0,7
이태리국시,링고망고26,28,2026.05.04,1번째 방문,영수증,성수맛집검색해서 왔는데 진짜맛집이네요 아이도 엄마도 이모도 다맛있어했어요 완전만족합니다 직원분들도 너무친절해서 기분좋게먹고갑니다,73,71,0,8
이태리국시,yew****,27,2026.05.01,1번째 방문,영수증,데이트하기 너무 좋을 거 같고 음식들도 다 맛있었어요 미리 예약하고 오시는 걸 추천드립니다 해지고 오면 더 좋을 거 같아요,73,68,1,9
이태리국시,빈병21,5,2026.04.04,1번째 방문,영수증,그냥 파스타랑 평범한 리조또랑 다르게 한식도 좋아하는 저에게 안성만춘이었던 식당이었습니다 파스타 진짜 너무너무 맛있어요 감칠맛 폭발,73,73,1,8
이태리국시,진짱오리배,36,2026.05.09,1번째 방문,영수증,웨이팅 좀 있었지만 음식은 주문하고 빨리 나오는 편이라 좋았어요 음식 비주얼도 예쁘고 분위기 좋아서 모임하기도 괜찮을 거 같아요,74,71,0,8
이태리국시,fpe****,25,2026.05.08,1번째 방문,영수증,특이한 메뉴가 있어서 넘 조와요  매운 조합과 담백 조합 굿굿입니다 전에도 이걸로 먹었어요 성수 오면 여기 무조건 추천,74,66,1,9
이태리국시,sih****,16,2026.04.30,1번째 방문,영수증,분위기도 너무 좋고 메뉴도 흔치 않은 메뉴라 너무 신선하고 좋았어요 깍두기 리조또가 정말 맛있옸어요  정말 추천합니다,74,65,0,8
이태리국시,자몽캐모마일티,20,2026.04.30,1번째 방문,영수증,가게이름답게 멋진 퓨전음식을 파는 곳 파스타와 한식의 조합이 적절하게 어우러져서 더 맛있었어요 다른 메뉴 도장깨기하러 다시 올게요,75,72,1,9
이태리국시,BBO62,78,2026.04.18,1번째 방문,영수증,한식으로 해석한 이탈리아 요리였어요 신선하고 자극적이지 않고 아이도 어른도 정말 맛있게 먹을수 있었어요 다음엔 친구들하고 와봐야지,75,72,0,8
이태리국시,zof****,19,2026.04.08,1번째 방문,영수증,음식 하나하나가 너무 맛있고 엄청 친절하시고 매장도 분위기있고 깔끔해요 음식하나하나 신경쓰인게 보이고 너무 잫먹었습니다 데이트맛집추천,75,74,0,8
이태리국시,은마루고구마,29,2026.04.06,1번째 방문,영수증,퓨전한식집인데 완젼 맛있어요 특히 리조또가 완전 심금을 울립니다 꼭 꼭 시켜드세요 깔끔한 인테리어 속에서 잘 먹고 갑니다,75,67,0,8
이태리국시,jjo****,16,2026.04.28,1번째 방문,영수증,연인과 같이 방문했는데 양도 많고 너무 맛있었습니다특히 깍두기삼겹 리조토가 진짜진짜 맛있었어요후회하지 않을 맛집입니다강추,76,67,0,8
이태리국시,woo8517,7,2026.04.28,1번째 방문,영수증,숯불 대창 돌솥 파스타랑 바질 해산물 국물 파스타 너무 맛있어요 숯불 맛도 나고 칼칼해서 입맛에 맞았어요 다음에 생각 날거같아요,76,71,1,9
이태리국시,ycy****,4,2026.04.25,1번째 방문,영수증,음식도 한식 양식 퓨전으로 신선하고 너무 맛있게 먹었습니다  직원분들도 너무 친절하세요 데이트나 소개팅 하기 너무 좋은 식당입니다,76,72,0,7
이태리국시,출출쓰,111,2026.04.17,1번째 방문,영수증,추천 받아서 그동안 벼르고 벼르다가 왔어요 점심 특선 시간 맞춰서 와서 맛있게 먹었네요 매장도 쾌적하고 건물도 새거라 넘,76,67,0,8
이태리국시,sie****,2,2026.04.11,1번째 방문,영수증,근래 성수에서 갔던 식당 중에 제일 맛있어요 맛있는 메뉴가 너무 많아서 고르기 어렵다는 점 숯불대창돌솥파스타 꼭 드시길 추천드립니당,76,73,1,8
이태리국시,zk****,64,2026.03.28,1번째 방문,영수증,여기 음식 맛있다구 해서 첫방문 했는데 진짜 맛있네욤 뇨끼랑 리조또가 대박이에요 또 방문히게 될 것 같아요 잘 먹었습니다,76,67,1,9
이태리국시,hee175,31,2026.02.25,1번째 방문,영수증,피자가 진짜 맛도리 파스타는 월수금 런치메뉴에요  이거는 가성비 구웃 남자친구가 회사 근처로 와서 점심데이트 했는데 딱조아요,76,69,1,9
이태리국시,옴냠,45,2026.02.16,1번째 방문,영수증,메뉴가 하나하나 너뮤 특별하고 맛있어요 특히 뇨끼가 수준급 가족모임으로 왔는데 성수에서만 먹을 수 있는 메뉴라 더 특별하네요,76,69,1,9
이태리국시,dolceLatte,55,2026.05.09,1번째 방문,영수증,진짜 맛있어요 간도 딱 맛있는만큼 짭짤하니 딱 좋아요 추천추천 또 올거에요 돌솥에 나와서 음식 온도도 맘에들어요 싹싹 다 먹었습니다,77,73,0,8
이태리국시,kim****,5,2026.05.06,1번째 방문,영수증,점심특선 메뉴와 갈비깍뚜기리조토 먹었어요 익숙한 맛이 나서 좋았습니다  매장 분위기도 좋고 직원분들도 친절하세요 근처 오시면 추천합니다,77,75,1,8
이태리국시,우주최강최강,23,2026.04.09,1번째 방문,영수증,다같이 모임하기 좋은 장소인거 같아요 메뉴도 하나하나 너무 맛있었습니다 뇨끼 장난아니고 감튀도 바삭바삭하고 리조또 진짜 추천입니다,77,72,1,9
이태리국시,ebs파이널,36,2026.02.22,1번째 방문,영수증,우연히 들렀는데 음식도 맛있고 분위기도 좋네요 음식도 정강하게 나와서 즐겁게 식사할 수있었습니다 다음에 성수에 오게된다면 추천하고싶네요,77,75,1,9
이태리국시,맛집쪼오아,32,2026.02.15,1번째 방문,영수증,음식 비주얼이 너무 좋고 엄청 따뜻하게 나와서 더 맛있었어요 재방문의사 있습니다 먹는 메뉴마다 다 맛있었어요 하이볼도 완전 진하고 맛있네요,77,77,0,8
이태리국시,한정연89,58,2026.05.09,1번째 방문,영수증,바질해산물 국물파스타 숯불불고기쌈피자 한우소곱창파스타 너무 맛있게 먹었답니다  곱창은진짜 여기서만 먹을 수있는 특별한메뉴라 추천합니다,78,74,1,9
이태리국시,dud****,26,2026.05.08,1번째 방문,영수증,대표메뉴 두개 시켜봤는데 이유가 있네요 돌판이라 식지 않아서 넘 따뜻하고 맛있어용 다만 대기가 너무 길어서 예약하는게 좋을 것 같습니당,78,75,0,8
이태리국시,che****,24,2026.05.04,2번째 방문,영수증,파스타 먹고 싶어서 왔는데 부모님과 아이 니즈를 만족시켜줘서 좋았어요 주차가 다소 불편한점이 있지만 공용주차장이 많이 있는편이라 괜챦았어요,78,77,1,10
이태리국시,짱구와팡팡,64,2026.04.23,1번째 방문,영수증,반계마늘돌솥리조또 대창파스타 모두 처음먹는 듯한 특별한 느낌을 받았고 가본 양식점 중에서 가장 맛있었습니다 소주가 없어서 아쉬웠습니다,78,74,1,9
이태리국시,가나다5883,64,2026.04.19,1번째 방문,영수증,퓨전 양식집 와봤는데 넘 맛있어요 닭고기도 촉촉 부들 넘 맛있구 대창도 넘 맛있어서 순식간에 흡입했네욤 다음에 또 올게요,78,67,1,9
이태리국시,아비서,20,2026.04.07,1번째 방문,영수증,간이 너무 싱겁지도 않고 짜지도 얺은게 삼삼해서 맛있게 먹을 수 있었어요 특히 곱창파스타 곱창은 냄새도 하나도 안나고 매콤하니 맛났어요,78,75,1,9
이태리국시,OnulSmile,46,2026.03.22,1번째 방문,예약,숯불대창 돌솥파스타랑 쌈피자 먹었는데 조합 너무 좋아요 불향도 좋고 음식이 끝까지 따뜻해서 더 맛있게 먹었습니다 매장 분위기도 깔끔해요,78,75,1,9
이태리국시,kjy414,28,2026.02.17,1번째 방문,영수증,빠에야랑 바지락파스타 시켰는데 맛있게 잘 먹었습니다새우랑 갑오징어가 정말 실해요 매장 분위기도 좋고 데이트하러 오기 좋은 것 같아요,78,73,1,9
이태리국시,wis****,19,2026.05.05,1번째 방문,영수증,둘이 와서 곱창이랑 반계 시켰는데 양도 많고 진짜 맛있어요 고기도 많이 들어있고 진짜 존맛탱 튿히 반계마늘리조또는 필수로 드시길,79,71,1,9
이태리국시,리리릭,16,2026.05.04,1번째 방문,영수증,한식기반이라 양식 뱔로 안좋아하는 사람들도 거부감 없이 즐길수 있어 좋았어요 매장도 깔끔하고 직원분들께서 친절해서 식사 즐겁게 할수 있었어요,79,78,0,8
이태리국시,감귤탐방,41,2026.05.01,1번째 방문,영수증,소스가 너무 맛있어요 밥 비벼먹고 싶은 맛입니다 친구 2명이서 왔을 때 3개 시키면 딱 적당해요 다음에도 또 먹을 것 같아요,79,69,1,9
이태리국시,떰히,36,2026.04.22,1번째 방문,영수증,양식이 갑자기 먹고싶어서 방문한 이태리국시 넘 맛있고 리조또 꼭 드시길 호호 양식 덜 좋아하는 남칭구도 넘 맛있다며 또 오겠습니당,79,72,0,8
이태리국시,gs****,24,2026.04.12,1번째 방문,영수증,대구에서 콘서트왔다가 성수에 와서 점심식사를 했어요 대창 좋아해서 대창 파스타 먹으러 온건데 리조또랑 알배추샐러드도 맛있게 먹었어요,79,73,1,9
이태리국시,퍙 퍙,52,2026.04.06,1번째 방문,영수증,맛있다는 후기를 보고 처음 방문하게 되었는데요 반계마늘돌솥리조또가 너무 맛있었어요  분위기도 좋아서 밥먹으러 오기 좋은 곳 같습니다,79,73,0,8
이태리국시,징징29,46,2026.04.02,1번째 방문,영수증,퓨전 이태리라니 너무 신박하고 새로운 메뉴 너무 맛있었어요  분위기도 좋고 데이트 하기 넘 좋네용 돝솥파스타라니 너무 새롭고 맛있어요,79,74,1,9
이태리국시,gracelee0070,6,2026.03.31,1번째 방문,영수증,오늘 좋은 날이라 친구와함께 왔어요 뚝섬역에서 찾기도 편하고 3층에 있어요 뷰도 좋고 맛과 신선도가 너무 좋아요 계속 방문할꺼에요 강추,79,75,0,8
이태리국시,축복속의사랑,72,2026.05.04,1번째 방문,영수증,갑오징어 빠에야 오징어 부드럽고 향이 좋아요 맛이 감칠맛 있어서 너무 맛있네용 곱창 치즈 돌솥 파스타 메뉴로 색달라서 시켜봤는데 맛있었어요,80,77,1,9
이태리국시,jae****,23,2026.03.15,1번째 방문,영수증,부모님이랑 서울숲 나들이 나왔다가 먹으러 왔는데 다들 맛있게 잘 먹었어요 피자가 짱 맛있스빔다  곱창파스타랑 빠에아는 매콤하게 맛있어요,80,75,1,9
이태리국시,햄달,26,2026.02.21,1번째 방문,영수증,어디서도 보지 못한 특별한 메뉴들이 있어서 재밌었고 음식들도 다 맛있었어요 성수에 오면 한번쯤 와서 먹어보면 좋을 것 같은 맛집인 것 같아요,80,78,1,9
이태리국시,킴냉,15,2026.02.16,1번째 방문,영수증,뚝섬역에서 가깝고 예약해서 웨이팅 없이 바로 입장 했습니다 음식도 바로 나왔고 맛있어요 인테리어도 세련 됬습니다 다음에 또 방문하겠습니다,80,76,0,8
이태리국시,ee6****,8,2026.05.09,1번째 방문,영수증,성수 맛집 알아보다 오게 되었는데 대창돌솥파스타도 너무 맛있고 직원분들도 너무 친절해서 좋았습니다 뷴위기도 좋아서 다음번에 또 방문하겠습니다,81,78,1,9
이태리국시,shasha43,5,2026.04.19,1번째 방문,영수증,아이들과 방문했는데 음식이 전체적으로 맛있어요 깔끔하고 신선하고 간도좋아요 첫방문이라 베스트 위주로 먹었는데 담엔 다른메뉴들도 먹어보고 싶어요,81,79,0,7
이태리국시,greenstudy,135,2026.04.17,1번째 방문,영수증,가격이 비싸다생각했는데 양도 많고 진짜 맛있었어요 엄청 간이 쎄지도않고 와인이나 술이랑 먹음 딱 좋고 분위기좋아거 술한잔하면서 먹고싶은 곳,81,77,1,9
이태리국시,byFollower,43,2026.03.26,2번째 방문,영수증,두번째 방문인데 오늘도 역시 같은 반계 리조또를 주문했네요 일행도 다 너무 맛있어했고 음식도 빨리 나와서 더 괜찮았습니다 또 먹으러 오려구요,81,78,0,9
이태리국시,hyuns09,41,2026.02.27,1번째 방문,영수증,독특한 맛있는 메뉴가 많고 비주얼도 좋아요  매장도 넓고 분위기도 너무 좋아서 좋은 시간 보내고 갑니다 재방문 의사 있어요,81,68,0,8
이태리국시,ckhe09,102,2026.02.26,1번째 방문,영수증,남자친구랑 데이트로 왔어요 성수동에서 드물게 주차도 되고 식당 안 분위기도 넘 좋았어요 오랜만에 즐기는 양식인데 퓨전이어서 부담없이 즐겼어요,81,78,0,8
이태리국시,뚜비두바오,46,2026.04.29,1번째 방문,영수증,오일파스타 대창돌솥파스타 알배추 숯불갈비 샐러드를 시켰는데요 진짜 너어무 맛있었어요 분위기도 힙하고 음식도 퓨전이라 색다르고 맛있었어요,82,75,1,9
이태리국시,우야맘82,43,2026.04.25,1번째 방문,영수증,갑자기 성수 오게 되서 찾아보고 왔는데 새로운 음식들이 너무 맛있네요 특히 대창 파스타 느끼하지 않고 맛있고요 깍두기 리조트는 고기도 밥도 맛있어요,82,82,1,9
이태리국시,dtas8752,15,2026.04.19,1번째 방문,영수증,주말 저녁에 데이트 겸 방문했는데 웨이팅없이 입장했습니다 분위기도 좋고 맛있어서 데이트 코스로 추천합니다 숯불대창돌솥파스타가 특히 맛있습니다,82,78,1,9
이태리국시,navi6025,32,2026.04.07,1번째 방문,영수증,한식을 접목한 색다른 메뉴가 다양하고 정말 맛있어요 분위기도 좋아서 지인들과 오래오래 대화 나누기도 편하고 음식도 맛있어서 너무 마음에 들어요,82,79,0,8
이태리국시,혜림48,21,2026.05.09,1번째 방문,영수증,주말에 예약없이 와서 좀 기다렸지만 기다린 보람이 있어요 플레이팅도 이쁘고 맛도 있어요 얼큰한 파스타와 리조또하고 궁합이 잘 맞아요 추천합니다,83,79,1,9
이태리국시,ddd****,22,2026.05.04,1번째 방문,영수증,남친이랑 데이트 하러 와서 찾게 되었어요 분위기도 넘 좋고 무엇보다 맛이 진짜 굿이에요 특히 피자가 진짜 맛도리 다음에 성수 오면 또 오겠습니당,83,80,1,9
이태리국시,김포수소맘,68,2026.05.02,1번째 방문,영수증,아이가 다니는 학원건물에 있는데 항상 사람이 많아서 와봤어요 운좋게 대기없이 바로 식사가능했습니다 면 좋아하는 아이들이 엄청 맛있다고 잘먹네요,83,79,1,9
이태리국시,현이야잉,11,2026.04.27,2번째 방문,영수증,두번째 방문입니다 매번 올때마다 너무 맛있는거같아요  다음에도 또 올 예정이에요 친한동생들 서울 놀러와서 데려 왔는데 좋아해서 저도 기분이 좋네요,83,81,0,9
이태리국시,pre****,19,2026.04.18,1번째 방문,영수증,대창도 양념이 너무 잘느껴지고 부드러워요 냄새 하나도 안나고 넘 맛있습니당  근데 깍두기리조또 집가서 해먹고 싶어요 레시피 궁금존맛,83,73,0,8
이태리국시,열심히일하는인턴,425,2026.03.31,1번째 방문,영수증,한식  양식 퓨전 느낌의 파스타집이에요  청양 갈비 라구파스타  청양 봉골레파스타 주문했는데 매우 특이하더라고요,83,62,1,9
이태리국시,함49,11,2026.05.08,1번째 방문,영수증,반계돌솥 빠다 맛이 아주 고소합니다 대창돌솥도 파스타와 의외의 조합이 맛있었어요 매장도 넓고 쾌적해서 대화도 즐겁고 좋은 시간 보내다 갑니다,84,78,1,9
이태리국시,dhd****,27,2026.05.05,1번째 방문,영수증,진짜 너무너무 맛있어요  배부른 상태로 왔었는데도 다 머겄어요 분위기도 좋고 데이트 하기에 너무 좋을거 같아요 다음에 놀때 또 오려구요,84,75,0,8
이태리국시,zoo97,117,2026.05.03,1번째 방문,영수증,대창파스타 너무 맛있어요 매콤해서 더 맛남 오징어빠에야도 시켰는데 새우랑 오징어도 많이 올라가있고 매콤해서 한국인 입맛에 딱임 인테리어도 깔끔해요,84,81,1,9
이태리국시,멍뚜얌,14,2026.04.19,1번째 방문,영수증,성수 처음 와서 맛집 검색하다 왔습니다 메뉴 선택은 성공적이고 처음 먹어본 맛이였어요 분위기도 괜찮고 데이트하시는분들 와서 식사하기 좋아요 추천,84,80,0,8
이태리국시,또잉6128,7,2026.04.08,1번째 방문,영수증,대창이랑 곱창 파스타 중에 엄청 고민했는데 대창 파스타 너무 맛있어요 담에는 곱창 파스타도 먹어보러 오고싶을 만큼 분위기도 좋고 맛있었습니다,84,78,1,9
이태리국시,수혀23,13,2026.04.18,1번째 방문,영수증,고등학교 칭구칭긔들과 만나서 방문한 곳입니다 메뉴도 독특한 것이 많고 너무 맛있어요 그리고 테이블 간격이 넓어서 좋아여 또 방문할 것 같아요,85,78,0,8
이태리국시,j드래곤17,82,2026.04.17,1번째 방문,영수증,너무맛있어요 이국적인데 조화로운 맛 예약안했는데 바로 들어가서 좋았어용 자리도 넓고 쾌적해요 창가자리는 이뻐요  다음에 또올게염,85,71,0,8
이태리국시,맛난거먹쟈,39,2026.03.26,1번째 방문,영수증,숯불불고기쌈피자는 신선하고 먹는 게 조금 힘들지만 맛있어요 갑오징어빠에야도 시켰는데 일반적인 빠에야랑 조금 달랐지만 역시나 맛있었어요 또 올게요,85,80,1,9
이태리국시,청년머스크55,16,2026.03.17,1번째 방문,영수증,숯불대창파스타 먹었는데 숯불향이랑 대창 고소함이 진짜 잘 어울려요  느끼하지 않고 계속 손 가는 맛이라 순삭했습니다  대창 좋아하시면 꼭 드셔보세요,85,82,1,9
이태리국시,아영1644,3,2026.05.05,1번째 방문,영수증,대창파스타랑 리조또 너무 맛있게 먹었어요 창문도 통창이라 뷰도 정말 좋았습니다 뚝섬역 주변에 맛있는 파스타집 찾으시면 이태리국시 정말 추천합니다,86,80,1,8
이태리국시,다시 peace,12,2026.04.21,1번째 방문,영수증,독특한 맛의 파스타와 리조토 였어요 청양 봉골레 크림 파스타 아주 강추 합니다 들깨 베이컨 리조토 조합도 좋으네요 기존 파스타 싫증나면 여기 오세요,86,82,1,9
이태리국시,이윤707,5,2026.04.08,1번째 방문,영수증,매장이 청결하고 분위기 있어서 데이트 하러 오시는 분들에게 추천합니다 직원분들도 친절하시고 메뉴도 특색 있고 양도 괜찮아서 첫방문임에도 만족하고 갑니다,86,84,0,7
이태리국시,sohyeon25,30,2026.04.04,1번째 방문,영수증,성수 놀러왔다가 맛있어보여서 들렀는데 메뉴도 특색있고 맛있어요간도 너무 강하지않고 딱 좋아요 맛있게 잘 먹었습니다가게 분위기도 깔끔하고 너무 좋아요,86,82,0,8
이태리국시,freshin,35,2026.05.05,1번째 방문,영수증,저는 갈비 샐러드가 일등으로 맛잇었어요 새콤한 빨간 소스가 김치 소스 같기도 하고  떡볶이는 파스타와 떡볶이의 중간맛 대창 파스타는 국물이 끝내줍니당,87,83,1,9
이태리국시,서마어린이집,1,2026.05.05,1번째 방문,영수증,가족 모임으로 방문했는데 음식 하나하나 정성스럽고 맛있었습니다 재료도 신선하고 분위기도 편안해서 즐거운 시간 보내고 왔어요 다음에 또 방문하고 싶은 곳,87,84,0,7
이태리국시,현7330,39,2026.04.19,1번째 방문,영수증,숯불불고기쌈피자 진짜 맛있어요 불고기가 가득 들어있고 야채랑 소스들이 잘 어우러져서 색다른데 엄청 맛있습니당 대창돌솥파스타 대창이 실해서 맛있었어요,87,82,1,9
이태리국시,chicha14,23,2026.04.11,1번째 방문,영수증,처음 방문해 보았는데 분위기도 좋고 메뉴도 다양하고 음식도 맛있어서 친구와 즐거운 시간 보냈습니다  다음에 다른 메뉴 먹어보러 또 방문해야겠어요,87,80,0,8
이태리국시,김승아90,26,2026.04.03,2번째 방문,영수증,두번째 방문인데 맛있습니다 빠에야는 자극적이게 맛있고 크림 리조또는 크리미해서 두 음식이 잘 어울렸어요 분위기나 음악도 좋고 만족스러운 식사였습니다,87,82,0,9
이태리국시,전세은179,29,2026.02.26,1번째 방문,영수증,한식파스타 맛이 상상이 잘 안됐는데 먹자마자 신세계였어요  조화가 진짜 넘 좋아서 싹싹 먹었어요  분위기도 좋아서 데이트 할 때 딱인 것 같아용,87,80,1,9
이태리국시,Tiger19,387,2026.04.26,1번째 방문,영수증,음식도 맛있으며 이태리국시만의 특별한 메뉴도 맛 볼 수 있어서 좋았어요 인기가 많은 식당이라 원하는 시간대 예약 하고 오시는게 편하실 거예요 추천 합니다,88,85,0,8
이태리국시,푸5385,195,2026.03.11,1번째 방문,영수증,맛있어서 정신없이 먹었네요 양식인데 한식맛도 나고 한국인 입맛에 딱 음료도 맛있고 디저트도 맛있어요 장소 이동 없이 디저트까지 해결 분위기도 좋아여,88,82,0,8
이태리국시,라이키키,50,2026.02.19,1번째 방문,영수증,진짜 맛있어요 대창이 좀 느끼한데 매콤해서 잘 잡아 주고 리조또도 파스타랑 같이 먹으니 조합이 매우 좋아요 진짜진짜 맛도리 이거 두 개를 같이 먹어야 합니다,88,87,1,9
이태리국시,오아아아앙21,2,2026.04.07,1번째 방문,영수증,친구랑 우연히 방문했는데 음식들이 맛있어요 퓨전 이탈리아 요리는 처음이었는데 익숙한듯 독특한 구성이랑 맛이 인상적이었어요 다음에도 또 방문할거같네요,89,82,0,7
이태리국시,세라피나66,39,2026.05.07,1번째 방문,영수증,퇴근길에 친구랑 같이 나와 먹는 치팅데이 성수맛집 서울숲 맛집이네요 여기  음식도 맛있고 같이 온 사람도 즐거워서 시간 가는 줄 모르고 즐겼습니다,90,81,0,8
이태리국시,Run25,17,2026.04.24,1번째 방문,영수증,시그니처 대창 파스타가 궁금했는데 매콤 칼칼하구 하이볼 종류도 다양해서 너무 맛있었어요 직원분들도 친철하고 너무 기분 좋은 금요일 마무리였습니다,90,80,1,9
이태리국시,슬링백으로맞아볼랭,38,2026.04.18,1번째 방문,영수증,오렌지자몽청에이드 맛있어요 곱창치즈 돌솥파스타는 불맛도 은은하게 나고 곱창도 쫄깃하고 치즈도 맛있어용 바지락찜파스타도 은근 매콤해서 물리지 않고 잘 먹었어요,90,87,1,9
이태리국시,강릉의하루,11,2026.04.09,1번째 방문,영수증,좋아하는 뇨끼 트러플치즈뇨끼는 혼자만 먹고픈 특별함 대창파스타 생각보다 안매워 모두 으음 반계마늘돌솥리조또는 나의 짝아버님 추천 모두 만족한 저녘시간,90,83,1,9
이태리국시,두두716,179,2026.03.17,1번째 방문,영수증,예약 후 이용했어요 점심시간이라 그런지 이용객들도 많았어요 대창도 크고 매콤하게 맛있게 먹었습니당 갑오징어 빠에야는 꼭 드셔보세요 갑오징오가 세상 부드러워요,90,87,0,8
이태리국시,민동푸,66,2026.03.08,1번째 방문,영수증,맛있어요 퓨전이라 더 새로운 맛 이태리국시 시그니처 메뉴들반계마늘돌솥리조토랑 바질해산물국물파스타로 시켰는데 둘 다 맛있어요 싹싹 비우고 갑니당,90,79,1,9
이태리국시,채채망,36,2026.05.02,1번째 방문,영수증,다른 곳에서 먹어보지 못한 특이한 메뉴들이 많았어요  갑오징어 빠에야랑 청양 봉골레 파스타 느끼하지 않고 맛있었습니당 다음에 다른 메뉴들도 먹어보러 올게요,91,86,1,9
이태리국시,도야지ㅎ,42,2026.04.26,1번째 방문,영수증,파스타에 한국적인 맛이 들어가서 느끼함은 줄어들고 매콤함이 더해져서 질리지않고 많이 먹을 수 있었어요 특히 한입피자는 신선한 야채랑 고기가 더해져서 맛있었습니다,91,89,1,9
이태리국시,점38,13,2026.04.23,1번째 방문,영수증,너무 맛있게 먹었습니다 바지락 오일 파스타는 맛이 깔끔한 느낌이어서 좋았고 대창 파스타는 자극적인 맛이 너무 좋았어요 다음에도 성수에 오면 재방문할 것 같습니다,92,89,1,9
이태리국시,ybr0423,39,2026.04.12,1번째 방문,영수증,어무니랑 할머니 모시고 방문했는데 다 같이 너무 맛있게 먹었습니다 매장도 깔끔하고 친절해서 기분좋게 먹고갑니다 양식이라 걱정했는데 퓨전이라 다들 맛나게 드셨네요,92,89,0,8
이태리국시,s_b****,44,2026.04.04,1번째 방문,영수증,워크인으로 왔는데 운좋게 바로 입장 가능했고  2인에서 양이 많지않을까햇는데 고민한 시간이 무색할정도로 맛있어서 두명이서 남김없이 먹었네요  재방문 의사있습니다,92,89,0,8
이태리국시,혜민4114,42,2026.03.19,1번째 방문,영수증,두 메뉴 합이 너무 잘 어울렸어요 리조토도 맛있고 떡볶이도 맛있었어요  테이블도 넓고 차분한 분위기라 데이트로 와도 좋구 친구들이랑 와도 좋을 거 같아요,92,85,0,8
이태리국시,심심행38,37,2026.02.23,1번째 방문,영수증,메뉴 3개 모두 처음 먹어본 메뉴였는데 너무 맛있었습니다 특히 알배추 항정살이 참기름과 소스 조화가 너무 잘어울렸어요  분위기도 좋고 또 오고 싶은 맛집입니다,92,88,0,8
이태리국시,dingb,29,2026.02.17,1번째 방문,영수증,음식이 꽤 정갈하게 나와서 기분이 좋았습니다 대창 실하구요 초등 아이와 같이왔는데 갈비와 알배추 정말 맛있게 먹네요 첫 방문이었는데 리스트에 넣어 두겠습니다,92,87,0,8
이태리국시,ydbean,40,2026.05.04,1번째 방문,영수증,음식 다 넘 맛있고 퓨전양식이라 특색있어서 좋았습니당 하나하나 다 과하지 않은 맛이라 더더 좋았던 것 같아요  분위기도 좋아서 다음에 또 방문하고 싶어요,93,85,0,8
이태리국시,Zzz5620,410,2026.04.25,1번째 방문,영수증,음식 비쥬얼도 좋고 메뉴가 특색있고 다 맛있어요 직원분들도 친절하시고 음식도 진짜 빨리 나와서 놀랐어요 갑오징어빠에가 진짜 맛있어요 담에도 재방문 의사 있습니다,93,89,0,8
이태리국시,bri****,37,2026.04.06,1번째 방문,영수증,매장 너무 깨끗하고 직원분들 친절하세요 그리고 곱창 못먹는데 곱창파스타 냄새도 안나서 너무 맛있게 잘 먹었어요 피자도 맛있고 모임하거나 와인마시기 좋을 것 같아요,93,90,1,9
이태리국시,ay2****,11,2026.04.03,1번째 방문,영수증,뇨끼랑 바지락찜 파스타 반계마늘돌솥리조토 먹었는데 바지락찜 파스타는 국물이 넘 맛있었고 뇨끼의 약간 느끼함을 잡아줘서 맛있게 먹었네요 리조터도 고소하니 맛있었네요,93,90,1,9
이태리국시,먀먀먐먀먐,21,2026.05.06,1번째 방문,영수증,이름은 기억안나는데 저 피자 껵 먹어야해용 이게 젤 맛있어요 매장 깨끗하고 통유리로 더어있어서 사야가 탁 트여서 좋아요 뚝섬역이랑 가까워서 오기도 편하고 좋습니다,94,90,1,9
이태리국시,유진1614,37,2026.04.21,1번째 방문,영수증,맛있다고 유명해서 와봤는데 진짜 맛있어요 대창 파스타는 색다른 맛이라 맛있고 반계마늘리조또는 아는 맛이어서 더 맛있었어요 분위기도 좋아서 모임 데이트 하기 좋아요,94,90,1,9
이태리국시,땅꼬마아아리,46,2026.04.21,1번째 방문,영수증,재미나이 덕에 맛있는거 먹고 가요 매장이 3층이라 큰기대안했는데 엳시 재미나이 임신한 친구랑 같이 먹었는데 음식도 자극적이지않고 너무 좋네요 뇨끼 존맛탱,94,85,1,9
이태리국시,pet****,44,2026.04.19,1번째 방문,영수증,퓨전 이탈리아 음식집으로 메뉴 다양 뭐 먹을지 고민하다가 빠에야갈비찜버터파스타 시켰는데 둘 다 맛있움 일반적인 파스타집에 비해 특이한 메뉴가 많아서 다음에도오고싶음,94,91,1,9
이태리국시,비와별이내리는밤,39,2026.05.04,1번째 방문,영수증,찐 성수맛집 메뉴 하나하나 다 맛있어요 분위기도 좋고 무엇보다 재료가 신선하고 맛있어서 만족도가 높았어요 음식도 빨리 나오고 남김없이 다 먹었어요 또 오고 싶어요,95,90,0,8
이태리국시,가입용,60,2026.03.28,1번째 방문,영수증,우연히 찾아보다가 너무 맛있어보여서 왔는데 역시나 맛있어요 일단 해산물과 대창에서 냄새가 하나도 안나고 싱싱하도라구요 잡내도 없고 오랜만에 파스타 맛있게 먹었습니다,96,91,1,9
이태리국시,kim****,25,2026.02.21,1번째 방문,영수증,맛있습니다 분위기는 성수동 답게 너무좋구 다만 음식나오는데 좀 걸려서 시간 너무 촉박하지만 않게 오시면 좋을 것 같아여 한국 이탈리아 반씩 섞여있는 퓨전요리 잘 먹었습니다,96,95,1,9
이태리국시,졔야a,4,2026.04.11,1번째 방문,영수증,주말에 운이 좋게 웨이팅 없이 먹었는데 손님들이 끊임없이 오는데도 직원분들도 모두 친절하시고 음식도 너무 너무 너무 맛있어요 성수에 오게 되면 또 방문하겠습니다아앙,97,91,1,8
이태리국시,코코나루53,25,2026.04.09,1번째 방문,영수증,회사 근처에 있어서 동료들과 함께 맛집 찾다가 들렀는데 기대 이상으로 좋은곳을 찾은것같아요 음식도 예쁘게 담겨서 맛깔스럽고 식당 분위기도 좋고 잘 온것같아요 또올게요,97,92,0,8
이태리국시,연지곤지korea,469,2026.02.11,1번째 방문,영수증,헉 너무 맛있어요 동서양의 만남 게다가 숯불향이 나고 느끼하지 않게 한국적이면서 또 너무 한국적이지 않게 로제 느낌도 나고요 고기도 야채도 다 맛나요 강추 꼭 오세요,97,92,1,9
이태리국시,su****,1,2026.05.07,1번째 방문,영수증,음식 너무 맛있고 직원분들도 너무 친절하세요  친구랑 둘이서 먹었는데 음식 양도 많았어요 친구나 연인과 데이트 하기 좋을 것 같아여 한 번 방문해세욤 맛있게 잘 먹었습니당,98,95,0,7
이태리국시,anszhs,31,2026.05.05,1번째 방문,영수증,성수에 있는 이태리국시 다녀왔어요  전체적으로 깔끔한 분위기에 부담 없이 식사하기 좋은 곳이에요 데이트하거나 친구랑 들르기에도 괜찮은 느낌이에요 재방문 의사 있습니다,98,92,0,8
이태리국시,ATbear,4,2026.04.30,1번째 방문,영수증,대창돌솥파스타는 매콤한 맛이 대창의 느낀한 맛을 잡아주고 돌솥이라 마지막까지 따뜻하게 먹을 수 있어 좋았어요 평일 점심 방문이시면 점심메뉴도 가성비 좋고 맛있어서 추천드려요,98,96,1,8
이태리국시,ksh****,22,2026.04.12,1번째 방문,영수증,성수동에서 데이트 코스로 방문했는데 정말 만족스러운 식사였습니다 매장이 넓고 쾌적해서 입장할 때부터 기분이 좋았고 주말인데도 대기 없이 바로 들어갈 수 있어서 편리했습니다,98,95,0,8
이태리국시,당케당크,102,2026.04.09,1번째 방문,영수증,오늘 회사 단체 점심으로 먹으러왔는데 다양하게 맛있게먹었어요 대창이 아주 실하고 불향이 확나네요 피자가 아주 프레시하니 맛있어요 시그니처 바질 파스타 국물도 국밥처럼 시원해요,98,97,1,9
이태리국시,yj****,17,2026.05.09,1번째 방문,영수증,시그니처 메뉴 숯불대창돌솥파스타가 정말 맛있네요 대창을 아주 잘 요리했습니다 같이 주문한 숯불갈비깍두기돌솥리조또도 일품입니다 다음 방문때 새로운 요리에 도전해 보고 싶네요,99,95,1,9
이태리국시,rla****,33,2026.05.03,1번째 방문,영수증,메뉴들이 다 너무 맛있어보여서 고민됐는데 너무 맛있게 잘 먹었어요 분위기도 너무 좋고 매장 인테리어도 너무 예뻐서 놀랬어요 다음에 다른 메뉴도 먹어보고싶어요 또 올게요,100,93,0,8
이태리국시,두부만두,68,2026.03.02,1번째 방문,영수증,오랜만에 친구들이랑 서울숲나들이 왔쒀요 퓨전한식인데 한식 너낌 가득해서 더 맛잏숴오 알배기고기 줜맛탱이니 두번시캬먹고 싶을정도에욧 청양크림 파슷하도 아주 맛도리붕붕,100,91,1,9
이태리국시,iii****,58,2026.04.26,1번째 방문,영수증,대창파스타랑 불고기 쌈피자 먹었는데 다른 곳에서는 먹어보지 못햇던 메뉴라 신선했어요 대창 파스타는 대창이 엄청 고소하고 피자도 야채랑 불고기가 잘어울려서 잘먹었습니다 다음에또올게요,101,100,1,9
이태리국시,번지껌,39,2026.04.26,1번째 방문,영수증,와진짜 너무 맛있습니다 특히 사진에 있는 리조또랑 대창 파스타 꼭 드셔보세요 야루룽임  퓨전 양식이 이러케 맛있는줄 첨 알았습니다  매장도 깔끔하고 아주 조으네옹,101,90,1,9
이태리국시,샤르르쿡,20,2026.04.02,1번째 방문,영수증,시그니처 메뉴와 베스트메뉴로 주문했어요 재료도 신선하고 건강한 맛이예요 처음 먹어보는 듯한 느낌의 메뉴들이예요 너무 맛있어요  평일에는 자리도 여유있고 점심식사하기 좋아요,101,95,0,8
이태리국시,토리tori,200,2026.02.21,1번째 방문,영수증,음식 맛있었어요 주문하는 방법이 신기했어요 음식은 좀 늦게 나와서 웨이팅하고 들어와서 주문다 하고 먹는데까지 너무 배고파요 음식은 맛있었어요 메뉴들 다른거 먹으러 또 올게요,101,96,0,8
이태리국시,O0TD,28,2026.02.21,1번째 방문,영수증,대기시간은 조금 있었지만 음식은 진짜 금방나왔어요 테이블에 있는 코드로 주문하니까 빨라서 너무 편했어요 이번 메뉴도 너무 만족하고 다음번에 들러서 다른 메뉴도 먹어보려구요,101,95,0,8
이태리국시,한승훈4640,13,2026.05.04,2번째 방문,영수증,정말 맛있고 행복한 시간이었어요 배우자와 함께 아늑하고 따듯한 시간 보내고 갑니다 다음에도 또 와서 즐거운 시간 보낼게요 정말 좋은 날을 만들어줘서 고마운 공간입니다 맛있어요,102,97,0,9
이태리국시,khj24,24,2026.04.11,1번째 방문,영수증,성수 서울숲 데이트 하러 온김에 온 이태리국시 성수점입니다 한국 퓨전 양식 좋아하는 사람이라면 만족하면서 먹을수 있을만한 집입니다 특히 빈계마늘리조또랑 갈비 알배추 샐러드가 맛있네요,102,101,1,9
이태리국시,ms5276,31,2026.04.04,1번째 방문,영수증,오늘 방문한 파스타집은 전반적으로 만족스러운 경험이었습니다 매장 분위기는 깔끔하고 아늑해서 편하게 식사하기 좋았고 직원분들도 친절하게 응대해주셔서 기분 좋게 이용할 수 있었습니다,102,99,1,9
이태리국시,nai****,20,2026.05.09,1번째 방문,영수증,코드는 사용해본 적이 있었는데 탭해서 주문하는 건 처음이였어요 시작부터 유니크한 경험과 이전엔 경험해보지 못했던 퓨전음식을 맛있게 잘 먹었습니다 좋은 경험 선사해주셔서 감사합니다,103,99,0,8
이태리국시,JCJ95,22,2026.04.29,1번째 방문,영수증,부라타라구떡볶이와 평일점심특선 청양차돌파스타를 먹었는데 정말 색다르고 맛있는맛 중독성있는맛이었고 또와서 다른 메뉴도 먹어보고싶어졌어요 분명 다른 메뉴들도 맛있을각 덕분에 잘 먹고 갑니다,103,103,1,9
이태리국시,젤라997,77,2026.04.25,1번째 방문,영수증,음식이 너무 깔끔하고 정갈하게 나오는데 맛도 존맛탱이에요 퓨전이라 이태리의 풍미와 한국의 감칠맛까지 모두 잡은 곳이에요 데이트장소로도 친구들과도 너무 좋을 것 같아요 강추합니다,103,98,0,8
이태리국시,올리부99,5,2026.05.09,1번째 방문,영수증,혼밥하러 퓨젼스파게티 먹으러갔어요 대표요리인 대창파스타 매콤한 맛의 부드러운 대창 면의 단단함이 좋네요 돌솥에 나와서 다 먹을때까지 음식이 식지 않아요 매장주방의 깨긋함이 잘보여요,104,100,1,8
이태리국시,체리81,11,2026.04.19,1번째 방문,영수증,빠에야 맛있어요 재료도 신선하고 양은 좀 적었지만 맛은 만족합니다 다음엔 곱창파스타를 먹어보고싶네요 대창파스타는 양념은 너무 맛있는데 대창이 좀 느끼해서  양념은 밥 비벼먹고싶은맛,104,100,1,9
이태리국시,hoo****,46,2026.04.04,1번째 방문,영수증,아이와 함께 점심 먹으러왔는대 특별한메뉴들도 많아서 다음에와서도 새 로 운 메뉴에 도전해봐야겠어요넘 맛있게 잘 먹구가요 떡볶이도 아이먹기 적당히 맵고 대창파스타도 특이하고 맛있었어요,104,101,1,9
이태리국시,오9오구,27,2026.04.04,1번째 방문,영수증,분위기 너무 너무 좋아요 친구랑 왔는데 데이트로 와도 너무 좋은 분위기에요  맛도 좋고 흔하지 않은 메뉴가 많아서 고르는 재미도 있어요 생각보다 조용해서 이야기하기도 좋았어요,104,97,0,8
이태리국시,hermoseoy,24,2026.05.05,1번째 방문,영수증,남친이랑 오랜만에 성수와서 데이트하다가 여기 맛잇다 그래서 찾아왓는데 맛있엇구 분위기더 나쁘지 않아서 만족스럽게 식사하구 갓어용 다음에 가족들이랑 오거나 남친이랑 또 오고싶어졋어요,105,100,0,8
이태리국시,kms****,9,2026.05.02,1번째 방문,영수증,대전에 이태리국시 자주 방문했었는데 이사오고 성수갔다가 반가운 마음에 들렸어요 곱창파스타 생각보다 안맵고 맛있어요 잡내도 안나요  빠에야도 새우 오징어 크고 살짝 매콤하니 맛있어요,105,100,1,9
이태리국시,Keanu33,84,2026.04.05,1번째 방문,영수증,서울숲 벚꽃구경하러 온김에 예약하고 방문했는데 너무 맛있어요 대창파스타 특이하고 맛있어요  매콤해서 대창이 느끼하지 않네요 리조또도 넘 맛있어요 직원분들도 친절하고 분위기도 좋아요,105,100,1,9
이태리국시,닌아17,34,2026.01.25,1번째 방문,영수증,대창을 아주 좋아하는데 구워먹지 않고 면에 넣어진 메뉴가 있어 반가웠어요  신기한 경험적인 도전이였는데 매콤한 소스가 느끼해질뻔하는 대창의 맛을 잡아줘서 맛있게 잘 먹었어요 맛있어요,105,101,1,9
이태리국시,솔직한리뷰러입니다,463,2026.01.03,1번째 방문,영수증,대기없이 입장했어요 분위기 좋고 친절하세요 대창파스타가 매콤해서 다른 음식과 잘 어울렸어요 양이 조금 적은듯 했지만 먹으니 배부르네요 리뷰이벤트도 합니다 드시고 챙겨서 할인받으세요,105,100,1,9
이태리국시,bbbxn,15,2026.05.09,1번째 방문,영수증,남자친구랑 예약없이 방문했는데 웨이팅 안 하고 바로 입장했어요 숯불대창파스타 불맛 나면서 엄청 맛있고 알배추도 진짜 맛있어요 분위기도 좋고 친절하셔서 데이트하러 오시기 좋을 것 같아요,106,102,1,9
이태리국시,mip****,5,2026.05.04,1번째 방문,영수증,예약 시간보다 빨리 왔는데 바로 입장 가능했어요 분위기 너무 좋고 음식도 맛있어요 매장에 친구가족연인분들 다 많았고 데이트 하러 오기 좋은 것 같아요 노래도 좋고 다 좋았어요,106,97,0,7
이태리국시,현주랄까,25,2026.05.02,1번째 방문,영수증,대창 파스타 강추 얼큰한데 대창먹으면 느끼해서 파스타 느낌 확나고 돌솥이라 끝까지 음식이 따뜻했어요 그리고 의외로 피자가 제일 맛있었어요 부담스럽지 않고 산뜻하고 샐러드보다 피자가 나을듯,106,104,1,9
이태리국시,수빙빙89,19,2026.04.09,1번째 방문,영수증,원래 마늘도 싫어하고 리조또도 별로 안 좋아하는데 리조또 너무 맛있어요  먹어도 먹어도 맛있고 안 느끼하고 진짜 바닥까지 핥아먹을뻔  다음에도 오면 더 많이 시켜야겠어요,106,94,1,9
이태리국시,tkf****,80,2026.03.07,1번째 방문,영수증,주말이라 웨이팅을 걱정했는데 딱 한자리가 있었네요 숯불대창돌솥파스타가 가장 유명하대서 주문했어요 소스랑 같이 먹으니 대창도 느끼하지않고 맛있네요 분위기도 좋아서 데이트에도 좋을거 같아요,106,103,1,9
이태리국시,imtrash001,465,2026.04.23,1번째 방문,영수증,성수동 놀러왔다가 맛집인 것 같길래 들렀는데 역시나 넘 맛있게 먹고 갑니다 인테리어도 멋지구요 가족들이랑 같이 왔는데 다들 맛있게 잘 먹었다고 그러네용  다음에 또 먹으러 올께요,107,99,0,8
이태리국시,heo****,5,2026.04.08,1번째 방문,영수증,특색있는 파스타 메뉴를 먹을 수 있어서 좋았어요 대창 좋아하시면 꼭 드셔보시길 추천드립니다 바지락 파스타는 해장으로도 기가멕혀서 아주 둘다 싹싹 긁어먹었네요 맛있게 잘먹었습니다,107,98,1,8
이태리국시,goo****,43,2026.04.04,1번째 방문,영수증,대창 파스타는 매운 족발맛 나는데 너무 자극적이지 않고 밸런스있었어요 리조또는 마늘향에 크림이 잘 어우러졌고 누룽지같은 후레이크가 포인트였어여 구운 닭이랑 같이 먹으니까 보양식같아서 좋았어용,107,106,1,9
이태리국시,하네지1,22,2026.03.01,1번째 방문,영수증,음식이 특별하고 맛있었어요 데이트 하러 왔습니다 한식이랑 퓨전인 것 같아서 신기해서 먹어봤는데 너무 맛있습니다 분위기도 너무 좋고 직원들도 친절하셔서 너무 맛있게 먹었습니다 번창하세요,107,102,0,8
이태리국시,a1l****,28,2026.04.19,1번째 방문,영수증,대창 파스타 미치셨아요  너무 맛있어요  진짜 다음에 또 오고싳은 맛이에오 같이 먹은 리조또도 궁합이 최고였습니당 너무 맛있아요 지금 다 먹었는데 하나 더 시키고 싶네요,108,94,1,9
이태리국시,박지박지,27,2026.04.03,1번째 방문,영수증,성수동에서 음식점들 고민하다가 발견한 집인데 특별한 메뉴가 있어서 방문했습니다 심지어 맛있기까지해서 너무 만족스러운 저녁식사였습니다 다음번엔 곱창치즈파스타랑 깍두기리조또 등도 먹어보고싶어요,108,105,1,9
이태리국시,shi****,5,2026.03.29,1번째 방문,영수증,대창 파스타와 해산물 빠에야를 먹었는데 재료도 신선하고 맛있었요 그리고 분위기도 좋았고 틀어주신 재즈 노래가 좋았습니당 대창도 되게 크고 통통해서 좋았고 대창이랑 같이 먹으면 맛있었습니다,108,104,1,8
이태리국시,윤동주82,29,2026.04.27,1번째 방문,영수증,사랑하는 친구들과 너무너무 마싯는 밥을 먹으러 왔어요  시키는 메뉴마다 대성공 성수 맛집을 알게 되어 넘 기쁩니다 전 친구랑 왔지만 소개팅 데이트 하기도 좋아보여요,109,91,0,8
이태리국시,GYUNNY,41,2026.03.12,1번째 방문,영수증,뚝섬 핫플로 추천합니다 매장도 넓고 깨끗하고 블랙톤 인테리어도 멋져용  시그니처 메뉴인 곱창파스타와 리조또를 먹었는데 간이 너무 자극적이지 않고 딱 맛있게 매콤한 맛이라 너무 맛있었어요,109,103,1,9
이태리국시,꿈틀루씨,76,2026.05.01,1번째 방문,영수증,너무 와보고 싶었던 곳인데 아이와 오늘 예약없이 갑자기 방문했는데 1팀 대기 후에 들어왔네요 대표메뉴 2개시키고 샐러드 추가했는데 정말 맛있어요 양도 많고 깔끔하니 다른 메뉴도 너무 궁금합니다,110,107,0,8
이태리국시,아이두28,9,2026.05.01,1번째 방문,영수증,성수 데이트로 가기 좋은 곳이에요 분위기 은은하고 조용해서 대화하기 편했고 음식도 한식 느낌 섞인 파스타라 색다르고 맛있었습니다 전체적으로 부담 없이 분위기맛 둘 다 챙기기 좋은 느낌입니다,110,105,1,9
이태리국시,나무그늘그자리,4,2026.05.08,1번째 방문,영수증,어버이날이라서 여기 성수동에 맛집검색후 예약없이찾아왔어요 기다림없이 자리착석 주문후 요리나오는 시간은 조금걸려서 살짝 지루했는데 음식이 나오니눈이 즐거움과 맛에 반했어요 특별한날 추천합니다,111,105,0,7
이태리국시,Hoooooon,37,2026.04.07,1번째 방문,영수증,주변 지나가다가 이태리국시가 보여서 왔어요 도산점도 가봤었는데 성수점도 인테리어 깔끔하고 역시나 맛도 맛있네요 파스타면이 정말 알맞게 익었고 맛도 너무 자극적이지 않고 딱 좋네요 다음에 또 올게요,111,109,1,9
이태리국시,주희15,27,2026.03.14,1번째 방문,영수증,3가지 시킨메뉴가 모두 진짜 너무 맛있어요 쫄깃한 불맛나는 대창파스타에 순한 마늘 리조또가 찰떡입니다 담백한 트러플 뇨끼는 말해모하나요 메뉴 3가지 조합 추천하니 시켜보시길요 내돈내산 리뷰,111,105,1,9
이태리국시,JUSTTTT,30,2026.01.31,1번째 방문,영수증,반계마늘돌솥리조토 숯불 대창 돌솥파스타 디저트로 인절미 티라미수 먹었는데 너무 느끼하지않고 완벽한 조합으로 맛있게 먹고왔어요 직원분들도 친절하시고 음식도 따뜻하게 금방 나와서 너무 좋습니다,111,105,1,9
이태리국시,자스민쿠키,11,2026.03.25,1번째 방문,영수증,친한 형이랑 둘이 와서 먹었는데 진짜 맛있어요 파스타 이름이 특이한데 맛은 정말 맛있었어요 데이트나 친구랑 밥먹기 정말 좋습니다 인테리어나 서비스도 굳이예요 서울숲이나 성수오면 꼭 오시길,112,104,1,9
이태리국시,보미553,52,2026.01.11,1번째 방문,예약,급하게 먹었어야하는 상황인데 다행히 메뉴가 빨리나와서 맛있게 잘 먹었습니다 부모님이랑 오는거라 퓨전식당 알아보고있었는데 분위기도 너무 좋고 음식도 정말 맛있네요 특히 피자가 정말 맛있었습니다,112,106,1,9
이태리국시,시원1086,7,2026.04.16,1번째 방문,영수증,들어오자마자 공간이 넓고 탁트여 있어서 좋았는데 음식도 너무 맛있어서 대만족입니다  친구랑 둘이 왔는데 배불리 잘 먹고 행복한 시간 보내고 가네요 서울숲 오면 다음에 또 방문하고 싶어요,113,103,1,9
이태리국시,마루9,21,2026.05.07,1번째 방문,영수증,갑작스럽게 들어왔지만 너무 맛있잖아요 특이한 퓨전음식에 너무나도 만족하고 돌아갑니다 파스타뿐만 아니라 리조또 꼭 먹어야해요 성수에서 양식 땡기신다면 꼭 들러보세요 친구랑 행복한 시간 보내고 가용,114,108,1,9
이태리국시,littlebird33,6,2026.05.04,1번째 방문,영수증,오랜만에 성수 놀러간거라 이왕이면 맛있는걸로 먹고싶어서 열심히 찾아 방문했습니다 식당 찾았던 그 시간이 아깝지 않게 맛있게 먹었습니다아 다른 궁금한 메뉴도 많았는데 인기메뉴랑 런치메뉴 하나씩 시켰어요,114,111,1,9
이태리국시,931230,9,2026.04.25,1번째 방문,영수증,꼭 와보고 싶었던 이태리국시 드디어 방문해서 너무 맛있게 먹고 갑니다 매장도 꽤 넓직해서 데이트나 친구 모임에도 좋을것같아요 새로운 메뉴들이 있어서 색다르게 먹기도 좋았어요 쌈피자 추천 드립니다,114,108,1,9
이태리국시,anstkd14743,14,2026.04.18,1번째 방문,영수증,전체적으로 조화로운 퓨전음식이었고 다 맛있었어요 곱창파스타는 치즈가 있어 적당히 매콤해 한식 맛이 나면서도 파스타와 잘 어울렸어요 피자는 리코타 샐러드와 불고기 도우 두께도 조화로워 계속 들어갔어요,114,110,1,9
이태리국시,amy****,44,2026.04.17,1번째 방문,영수증,한입 먹고 너무 맛있어서 진짜 놀랐어요  분위기도 좋고 음식도 너무 맛있어요 대창파스타 꼭 드셔보세요 입에 넣자마자 진짜 와  빠에야 갑오징어도 부드럽고 살살 녹아요 다음에 또 방문하려구요,114,105,1,9
이태리국시,백프로디테,14,2026.03.25,1번째 방문,영수증,평일 저녁 예약이 꽉 찼다고 해서 조금 걱정했는데 예약 없이도 바로 입장 할 수 있어서 너무 좋았어요 부라타라구 떡볶이는 그냥 무조건 드세요 여기 있는 메뉴 다 먹어보러 다시 오겠습니다,114,103,0,8
이태리국시,red****,24,2026.02.16,1번째 방문,영수증,와오래기다릴만한 맛 인정입니다 대창파스타 진짜 느므느므 맛있어요 조금만 덜 기다리면 좋았겠지만 담에는 예약하고 다시 꼭 와서 대창 곱창 스파게티 하나씩 시켜먹을래요 피 자도 무척맛있습니다,114,104,1,9
이태리국시,qlove3,126,2026.03.25,1번째 방문,영수증,예약하고 방문해서 대기 없이 바로 입장했어요 매장 넓고 분위기도 좋아서 편하게 식사하기 좋았습니다 특히 반계 마늘돌솥리조트가 진짜 맛있었어요 마늘 향이 은은하고 닭도 촉촉해서 계속 손이 가는 맛이에요,115,111,0,8
이태리국시,뚱깡낑,15,2026.03.12,1번째 방문,영수증,메뉴 다 맛있어요 양식인데 느끼하지도 않고 재료들도 다 신선해서 너무 좋아요 매장도 넓고 깔끔해서 분위기도 좋고 기분내는 외식하기 좋아요 그리고 직원분들도 너무 친절해서 기분 좋게 식사하기 좋았어요,115,110,0,8
이태리국시,롱21,51,2026.04.25,1번째 방문,영수증,너무너무너무 맛있어요  별점 5점이 최대인게 아쉽네요 곱창치즈돌솥파스타랑 뇨끼랑 샐러드 먹었는데 최고에용  곱창치즈 돌솥파스타는 국물까지 싹싹 긁어먹었네요  담에 또오려규요,116,96,1,9
이태리국시,gre****,29,2026.04.04,1번째 방문,영수증,곱창파스타 대창파스타 먹었는데 맛있어용 둘다 곱창 대창 꽤 넉넉히 들어있어서 좋았습니다 대창이 곱창보단 좀 더 한식스러운 맛인데 짬뽕맛과 비슷하다고 느껴졌어요 개인적으론 곱창이 더 취향이었습니다 잘먹었네용,116,114,1,9
이태리국시,승희2440,12,2026.03.18,1번째 방문,영수증,곱창로제는 고소하면서도 살짝 매콤해서 안 느끼했고 곱창도 잡내 없이 잘 어울렸던 것 같습니다 깍두기 리조또는 적당한 산미 덕분에 계속 손이 가는 맛 전체적으로 퓨전 느낌인데 부담 없이 맛있게 먹었습니다,116,112,1,9
이태리국시,jwl****,199,2026.03.13,1번째 방문,영수증,이태리 혹시 성수 바질 국물 파스타 그리고 깻잎 불고기 쌈 피자 너무 별미 음식 잘 먹었습니다 강추 입니다 재방문 의사 90 영수증 리뷰 쓰면 랜덤 뽑기로 최대 50000원 까지 할인 쿠폰 준대요,116,109,1,9
이태리국시,jo****,18,2026.03.09,1번째 방문,영수증,고소한 곱창의 풍미와 크리미한 파스타 소스가 의외로 잘 어울려 독특한 맛을 만든다 곱창의 쫄깃한 식감이 파스타와 조화를 이루어 식감이 재미있다 다만 곱창 특유의 향 때문에 호불호가 조금 갈릴 수 있다,116,111,1,9
이태리국시,히60,45,2026.02.26,1번째 방문,영수증,친구 생일파티로 모였는뎅 분위기도 좋고 음식도 맛있어서 좋은 시간 보내다 가요 대창에서 비린맛 날까 걱정했었는데 비리지도 않고 매콤하니 맛있습니다 매장 인테리어도 특이하고 직원분들도 너무 친절하세요,116,110,0,8
이태리국시,도순이오,19,2026.02.21,1번째 방문,영수증,음식도 깔끔하고 매장 분위기도 좋고 직원분들도 친절하시고 물론 음식의 맛도 최고랍니다  특히 갑오징어빠에야 메뉴는 우리가 알지 못 한 갑오징어의 식감을 느낄 수 있어서 좋았어요 성수 맛집 개추,116,107,0,8
이태리국시,녜지57,31,2026.03.27,1번째 방문,영수증,메뉴가 특별한거 같아 들렸는데 인테리어도 깔끔하고 데이트하기 좋은 곳 같아요 대창 파스타에 대창이 부드럽고 양념이 잘 베어 너무 맛있었어요 반계리조또도 기대보다 맛있어서 놀랐네요 기분 좋은 식사였습니다,117,112,1,9
이태리국시,Joon82,25,2026.02.18,1번째 방문,영수증,한마디로 자극적이지 않은데 계속 생각나는 집이에요 파스타가 전체적으로 간이 세지 않아서 먹는 동안 속이 편했고 소스가 면에 겉돌지 않아서 좋았어요 파스타도 좋지만 리조토가 더 맛있었어요 한국적인 느낌이 좋았어요,117,117,1,9
이태리국시,Lichi59,88,2026.02.04,1번째 방문,영수증,진짜 맛있어요 진짜로  한입먹고 마늘러버 승천함 한국식 입맛이라면 먹고 싫어할 수가 없습니다 혼자와서 안타깝게 한 메뉴만 먹었지만 꼭 다음에 여러명이 와서 이것저것 시켜 먹어볼거에요,117,101,1,9
이태리국시,ina****,6,2026.04.23,1번째 방문,영수증,전체적으로 분위기는 깔끔하고 편안한 편이었고 내부가 너무 시끄럽지 않아서 대화하기 좋았고 좌석 간격도 적당해서 여유롭게 식사 가능했어요 인테리어가 이뻐서 맘에 들었구 식사도 다 맛있어서 재방문 의사 있네요,118,114,0,8
이태리국시,Eye on me,84,2026.04.14,1번째 방문,영수증,오며가며 항상 사람이 많고 맛있는 냄새에 한번 오고 싶었는데 드디어 오늘 다녀왔네요 다른리뷰들처럼 정말 너무 맛있었어요 퓨전음식이라고 하는데 거부감없이 조화롭게 잘 만든거 같아요 다음에또 올거같습니다,118,111,0,8
이태리국시,아현4358,25,2026.04.04,1번째 방문,영수증,대창 파스타랑 시그니처인 마늘 크림 리조또 먹었어요 크림 싫어하는 남자친구도 파스타보다 리조또가 더 맛있다고 잘 먹었습니당  한식과 양식의 중간 느낌이라 색다른 맛 느끼기에 좋아요,118,100,1,9
이태리국시,은빛연어1041,3,2026.03.31,1번째 방문,영수증,베스트 메뉴와 시그니처 메뉴 파스타 2개 시켰는데 둘다 너무 맛있게 먹었습니다 특히 시그니처 메뉴인 숯불대창돌솥 파스타는 불맛이 확 느껴져 더 맛있게 느껴졌던 것 같아요 좋은 분위기에서 좋은 식사하고 갑니다,118,115,1,8
이태리국시,00채니,281,2026.03.17,1번째 방문,영수증,대창파스타와 불고기쌈피자 먹었습니다 쌈피자가 특히 제 스타일이었어요  가게 분위기가 아늑하고 깔끔정갈하고 도란도란 얘기하기 좋아요 데이트하기 좋을 것 같습니다 다른 메뉴도 먹어보고 싶어요 추천합니다,118,110,1,9
이태리국시,마시마로527,35,2026.04.29,1번째 방문,영수증,오모오모 그릇도 넘 예쁘고 맛도 상상하던 그런 맛이 아니라 다 특별하고 새로운 메뉴에요 만족하고 갑니다 반계 크림리조또 최고의 선택이었어용 둘이와서 식사 2개 시키면 샐러드나 사이드 한개 더 시켜야할것같아용,119,115,1,9
이태리국시,nnnnnny71,6,2026.04.25,1번째 방문,영수증,이태리국시 말만듣다가 근처온김에 운좋게 웨이팅없이 들어오게되었습니다 식당들어오면서부터 너무맛있는냄새가 나서 기분좋게 들었고 메뉴도 다양하게시켰는데 하나하나 맛있고 서로 잘어울려서 리프레시잘하고갑니다 번창하세요,119,116,1,9
이태리국시,헤이즐넛넛,24,2026.03.17,1번째 방문,영수증,곱창파스타가 신기해서 방문했는데 맛있어요 바지락파스타는 바지락 짬뽕 맛이구 국물이 찐하고 바지락이 푸짐해서 맛있습니다 새로운 경험 하고 가네요 화욜 저녁에 예약 안하고 방문했는데 창가 자리 앉아서 좋았습니다,119,115,1,9
이태리국시,Yumyum윰윰,28,2026.02.13,1번째 방문,영수증,이태리국시 와보고 싶은 곳이었는데 와서 너무 좋았어요 예약없이 갔는데 많이 안기다리고 입장 할 수 있어서 좋았습니다 음식들도 맛있고 다음엔 다른 메뉴도 먹고 싶어요 매장 분위기도 좋아서 데이트하기도 추천해요,119,115,0,8
이태리국시,FC한결,47,2026.01.04,1번째 방문,영수증,가족과 성수동 나들이왔다가 들렸어요 대기예정이었는데 마침 자리가 나서 바로 입장했습니다 갈비찜버터파스타곱창돌솥파스타불고기쌈피자를 시켰는데 한식과 양식이 잘 어우러지고 정말 맛있어요 재방문의사 있습니다,119,111,1,9
이태리국시,jfk****,39,2026.04.19,1번째 방문,영수증,퓨전이라 그래서 크게 기대안했는데요  진짜 맛있네요 메뉴들이 다 특색있고 그만큼 맛있어요 남편이랑 둘이서 메뉴 또 추가해서 먹었어요다른곳에서는 못먹어보는 메뉴들이 가득해요 담에 지인들이랑 또 와야겠어요,120,112,0,8
이태리국시,현이야잉,11,2026.04.19,1번째 방문,영수증,양식이 너무 먹고싶어서 왔는데 진짜 다음에도 또 올거같아요 맛도 맛있고 양도 괜찮아요 무엇보다도 직원분들이 한분한분 다 친절하셔서 여기는 무조건 재방문 의사 있습니다 성수에 양식집 찾으시는분들은 여기 꼭 오셔요,120,117,0,8
이태리국시,뿌솜,12,2026.03.23,1번째 방문,영수증,친구랑 늦은시간에 방문하였는데 친절히 응대해주셨고 음식들 너무 맛있게 잘먹었어요 특히 숯불대창돌솥파스타 정말 대창이 너무맛있구 잘어울려요 친구랑 진짜 푸파하구 나왔습니다 잘먹었어요오 다음에 또 방문할게요,120,113,1,9
이태리국시,kim****,13,2026.03.21,1번째 방문,영수증,음식 맛이 깔끔하고 양도 충분하고 되게 맛있습니당 리조또는 맛이 삼삼한데 은은하게 풍미가 되게 좋아요 간도 넘 짜지도 싱겁지도 않고 적당해서 넘 좋은거 같아요 여자직원분도 엄청 친절해서 기분이 좋아지는거 같아용,120,117,0,8
이태리국시,박블리7720,24,2026.02.21,1번째 방문,영수증,웨이팅 30분 이내로 들어왔구 앞에 큐알로 줄서기 했습니다  주말인데도 생각보다 금방 순환이 돼서 곧 바로 들어갔던거 같아요 한남점 방문 하고 성수점 방문 했는데 성수 나름 대로 분위기도 좋았습다 잘 먹고 가용,120,117,0,8
이태리국시,junkang48,22,2026.05.05,1번째 방문,영수증,처음 먹어보는 맛이라 신기했습니다 파가 들어간 게 킥이네요 다만 서울인지라 가격은 고려하셔야합니다  콜라가 5500원이라 포기했어요  다음번에는 곱창이 들어간 파스타와 갈비가 들어간 리조또를 먹어보고 싶네요,121,115,1,9
이태리국시,뽀미사랑맘,57,2026.03.12,1번째 방문,영수증,우연찮게 들어온 식당이 엄청 맛집이에요 대창 파스타 리조또 피자 세가지 음식 다 모두 맛있어요여유롭게 오면 너무나 분위기까지 즐길수 있는 곳같아요 여자 친구랑남자친구랑 와도 넘넘 좋을것 같아요,121,107,1,9
이태리국시,가티노,7,2026.03.10,1번째 방문,영수증,곱창은 불맛과 통통하고 커서 입안가득 고소함이 퍼지네요 매콤하고 묵직함이 매력이예요 봉골레는 크림과 청량이 조화롭고 고소하고 짭짤해서 자꾸 먹게 돼요 예약해서 왔는데 테이블이 여유로워 다음엔 그냥 와도 되겠어요,121,117,0,8
이태리국시,키미232,6,2026.05.09,1번째 방문,영수증,처음 방문한 가게인데 웨이팅이 많이 걸려있는 가게임에도 불구하고 예약으로 바로 입장한게 좋았어요 평소에 양식 많이 먹는데 퓨전양식 집이라 정말 신선한 메뉴들이 많아서 맛잇게 먹었습니다 다음에도 또 방문하겠습니다,122,117,0,8
이태리국시,김밥사랑이야요,20,2026.04.01,1번째 방문,영수증,친구들이랑 오랜만에 함께 만난 오늘 즐거운 시간을 보내기위해 찾은 이태리국시를 방문했습니다 식사하면서 친절한 직원들과 맛있는 음식으로 눈과입이 즐거운 시간을 가졌습니다 다음에 또 성수에 오면 반드시 재방문할거예요,122,118,1,9
이태리국시,큠단,20,2026.03.01,1번째 방문,영수증,남자친구가 야심차게 데이트 준비해준다고 여기 데리고 가줬는데 너무 맛있게 잘 먹었어요 예약 없이 가서 웨이팅 좀 했는데 그 시간이 너무 인정되는 맛  데이트할때 특별한 메뉴 먹고싶으면 이태리국시 추천합니다,122,114,1,9
이태리국시,꿈꾸는 별바람햇살,84,2026.02.01,1번째 방문,영수증,한식과 양식의 절묘한 퓨전 숯불고기쌈피자 갈비 깍뚜기 리조토 주문했는데 모두 성공 친숙하면서도 친숙하지 않은 새로운 맛이네요 독특하면서도 맛있는 곳을 찾으신다면 함 방문해보세요 성수 핫플 인정,122,107,1,9
이태리국시,luc****,59,2026.04.26,1번째 방문,영수증,성수동에 이태리국시 왔어요 종업원 분등도 다 너무 친절하시고 깍두기 리조또랑 바질해산물국물파스타 시켰는데 해산물이 정말 많고 맛있네요 분위기도 좋아서 남자친구랑 데이트 잘 했습니다  다음번에 친구들과도 올게요,123,116,1,9
이태리국시,Ssong8647,23,2026.04.24,1번째 방문,영수증,파스타 종류가 다양한데 다 새로운 것들이라 좋았어요 음식 더 너무 맛있구 에이드도 너무 맛있어요 식당 분위기도 좋아서 파스타 먹기에 좋아용 단체로 와도 좋구 데이트로 와두 너무 좋을 것 같아욤 맛있게 먹구 갑니다,123,118,1,9
이태리국시,다자매맘73,2,2026.03.22,1번째 방문,영수증,일요일에 네식구의 저녁식사를 위해 방문했어요 분위기가 차분하고 깔끔하구요 직원분들 친절하십니다 덕분에 더 맛있게 느껴졌어요 깍뚜기 리조또는 고기양은 좀 부족한 느낌입니다 청양파스타는 꽤 매우니 조심하시구요,123,114,1,8
이태리국시,bhmk****,5,2026.05.03,1번째 방문,영수증,파스타가 평소에 먹었던 것과는 다른 느낌이라 신선했어요 뇨끼랑 같이 먹으니까 느끼한 맛도 잡아줘서 더 맛있었어요불고기 쌈피자에 불고기도 많이 들어있고 건강한 맛이에요 친구들과 왔는데 완전 성공적인 저녁식사였습니다,124,118,1,8
이태리국시,단델리온87,15,2026.05.02,1번째 방문,영수증,성수동 이태리국시집 방문 반계리조또 고소하고 진해서 계속 손이 가요 닭고기도 부드럽고 양도 넉넉해서 든든했습니다 곱창 국시는 적당한 칼칼함에 면 식감도 쫄깃해서 밸런스가 좋아요 분위기도 깔끔해서 재방문 의사 있어요,124,119,1,9
이태리국시,숩2780,14,2026.03.26,1번째 방문,영수증,트러플 치즈 뇨끼와 청양갈비라구파스타를 먹었습니당 뇨끼는 트러플향이 진해서 너무 좋았구 뇨끼도 식감이 좋았습니다 싹싹 긁어먹엇습니다 라구파스타는 면이 독특해서 좋았고 청양이 들어가서 느끼함을 잡아줘서 좋았습니당,124,117,1,9
이태리국시,상코미야아,65,2026.02.21,1번째 방문,영수증,불고기피자는 꼭 먹어야 해요 싸 먹는 게 불편하긴 하지만 맛이 제일 좋아요 아이들도 엄청 잘 먹어요 대창 파스타는 매콤해서 대창 좋아하는 사람들은 좋아할 거 같애요 리조또도 맛있고 갈비 파스타도 아이들이 엄청 잘 먹네요,124,122,1,9
이태리국시,긍정이가될꺼야,91,2026.04.02,1번째 방문,영수증,동친이랑 오랜만에 성수나들이 왔다가 들렀습니다 특별한 메뉴가 먹고싶어 왔는데 역시 즤 동네는 없는 메뉴들이 독특하게 다가오네요 맛있었습니다 오징어와 관자도 싱싱하고 대창도 통통하네요 오늘의 메뉴는 가성비도 좋아요,125,118,0,8
이태리국시,하니맘37,4,2026.05.09,1번째 방문,영수증,정말 맛있었습니다 빠에아의 소스가 갑오징어와 새우에 정말 잘 어울렸어요 갑오징어 굽기가 완벽해서 젓가락으로 찢을 수 있을만큼 부드러워서 대만족 숯불 대창 파스타도 대창이 큼지막했고 감자튀김도 트러플 향이 많이 나서 좋았습니다,126,125,1,8
이태리국시,개구리 왕눈이6128,45,2026.05.01,1번째 방문,영수증,숯불대창파스타랑 깍두기갈비리조토 먹었는데 퓨젼이라 새롭고 맛있었어요 대창파스타는 약간 떡볶이 느낌나고 리조토는 완전 깍두기 볶음밥 촉촉한 버전이에요 매장 안 분위기가 너무 여유롭고 테이블 간격도 넓고 널널해서 좋았어요,126,121,1,9
이태리국시,승연39,8,2026.02.17,1번째 방문,영수증,기념일에 방문했는데 음식도 맛있고 분위기도 좋았습니다 데이트하기도 좋고 메뉴도 독특해서 한 번쯤 와보면 좋은 곳 같아요 독특한 양식이 먹고 싶을 때 방문해 보는 걸 추천합니다 해산물도 많고 양도 적당해서 맛있게 먹었습니다,126,123,1,9
이태리국시,seongsudonggri,82,2026.01.11,1번째 방문,영수증,동네 맛집에 하나 추가되었네요  매장도 넓고 청결하고 직원분도 친절하셔서 기분좋은 식사하고 갑니다 반계마늘돌솥리조또는 정말 맛있네여 포장이 되면 집에서도 가끔 먹고싶을 정돕니다 정말 추천 다음에 또 방문할게요,126,116,1,9
이태리국시,jooho9511,107,2026.04.18,1번째 방문,영수증,저번에 친구랑 와서 먹었었는데 분위기도 너무 좋고 음식도 너무 맛있고 특별해서 소개팅 장소로 왔어요 대창 파스타 대창 숯불향부터 쫄깃쫄깃 너무 맛있고 빠에야도 처음먹어보는데 너무 맛있었습니다 잘 먹었습니다 다음에 또올게요,127,123,1,9
이태리국시,cle****,54,2026.04.03,1번째 방문,영수증,대창 파스타는 칼칼하면서 대창의 기름긴 맛과 조화가 너무 좋구 리조또는 마늘향과 크리스피하고 부드럽게 익힌 닯다리와 부드러운 리조또 조합이 너무 좋았습니다  집앞에 이렇개 맛있는 곳이 있다니 자주 방문할 예정입니다,127,119,1,9
이태리국시,LuckyMoon5571,474,2026.03.07,1번째 방문,영수증,인테리어가 멋지고 특별한날 찾아가기에 좋은 장소입니다음식이 예쁘고 플레이팅이 멋집니다 다만 자극적이고 짜서 첫입먹고 깜짝 놀랐어요 원래 짜게 먹는데 이건 좀 심하게 짜요 양이 적어서 혼자서 2메뉴도 거뜬하겠어요,127,117,0,8
이태리국시,오디28,5,2026.05.04,1번째 방문,영수증,요일 메뉴인 청양불고기크림파스타와 바지락찜파스타를 시켰어요 청양이 들어갔어도 맵지 않고 느끼함을 잡아주는 약간의 매콤한맛이 있어서 밸런스가 좋아요 바지락찜은 국물이 개운해요 좌석도 넓게 배치되어있어서 시끄럽지 않아서 좋았어요,128,125,1,8
이태리국시,미니보리6,6,2026.04.14,1번째 방문,영수증,오랜만에 데이트 장소로 방문했는데 너무 좋았습니다 음식들 컨셉도 특이하고 맛도 있고요 알배추 샐러드에 소스가 처음먹어보는 맛인데 독특하고 맛있네요 파스타도 고추지나 궁채같은 한식재료들을 활용해서 잘어우러지는 맛이였습니다,128,122,1,9
이태리국시,타님85,11,2026.03.03,1번째 방문,영수증,시그니처 대창 파스타와 갈비 깍뚜기 리조토 주문했어요 한식 퓨전이라서 그런지 느끼하지 않고 입맛에 딱 맞아 먹기 좋았습니다  양식 잘 드시지 않던 부모님도 맛있게 드세요 성수동 데이트 할 때 꼭 들러보시면 좋을 것 같습니다,128,124,1,9
이태리국시,Yonga,33,2026.01.27,1번째 방문,영수증,웨이팅 있으면 어쩌나 걱정했는데 평일저녁시간이 좀지난 후라 바로 입장했어요  대창 파스타랑 반계리조또 시켰는데 둘다 너무 맛있었어요 파스타 한입 먹는데 매콤하면서 기름진데 느끼하지않았고 리조또는 겉에 바삭한게 진짜 짱이에요,128,124,1,9
이태리국시,gol****,22,2026.03.18,1번째 방문,영수증,이태리국시에서만 먹을 수있는 대창파스타와 마늘리조토가 너무 맛있어요 간도 너무 세지않고 적당한것 같아요 퓨전한식이라 입맛에 너무 잘맞고 한식과 양식 고민될때 추천드려요 성수점은 깨끗하고 넓어서 분위기도 너무 좋아요,129,119,1,9
이태리국시,빠라밤7489,34,2026.02.20,1번째 방문,영수증,서울 여행와서 처음 방문한 곳인데 분위기도 고급지고 한식과 양식의 조화가 한국인의 입맛에 맞춘듯 너무 맛있게 잘먹고 갑니다 제가 추천한 곳으로 왔는데 가족들도 다 만족한 식사해서 기분좋게 먹고가요 다음에 또 방문하고 싶어요,129,124,0,8
이태리국시,jsj****,73,2026.02.13,1번째 방문,영수증,주말 오픈하자마자 왔는데 예약을 안했더니 대기하고 들어왔어요 역시 인기맛집은 다르네요 기다린 보람이 있습니다 대창파스타 반계마늘리조또 청양봉골레 모두 맛있어요 반계리조또는 아이도 잘 먹어요 무조건 재방문해야 할 성수맛집입니다,129,125,1,9
이태리국시,hae****,7,2026.05.05,1번째 방문,영수증,퓨전 양식집이라고 해서 살짝 반신반의하며 방문했는데 너무 맛있습니다 평소에 맛볼 수 없었던 메뉴가 많은데 다 풍미가 너무 좋고 맛있었어요 분위기도 좋아서 데이트하거나 가족식사로 방문해도 좋을것같아요 다시 방문하고싶은 곳 입니다,130,126,0,8
이태리국시,킬리만자로의 하프물범,128,2026.05.04,1번째 방문,영수증,파스타 먹고싶어서 돌아다니다가 발견한 파스타집 이태리 국시라서 한국한국한 느낌일줄 알았는데 되게 모던한 분위기에요 전 조금 이른 시간에 왔지만 저녁모임하면서 와인 한잔씩 마시면 분위기 짱 좋을 것 같아요 다음에 또 오겠습니다아,131,126,1,9
이태리국시,kyj0201,34,2026.02.16,1번째 방문,영수증,차돌오일파스타 너무 맛있어오 면이 꼬돌하고 차돌도 질기지않아서 좋아욤 곱창 파스타는 맛있는데 뜨거우니 조심하세요 곱창에 곱이 가득차고 큰데 안질기고 너무 맛있어요 그리고 트러플마뇨 나오는 감튀 진짜 강츄 트러플 마요 완맛임다,131,125,1,9
이태리국시,하이 수잔,19,2026.05.09,1번째 방문,영수증,친구랑 성수 놀러온 김에 파스타 먹으러 왔습니다 대기가 조금 있었지만 기다린 보람이 있는만큼 맛있었고 빠에야 추천드립니다 다른 메뉴들도 엄청 맛있었고 가게 분위기도 좋아서 다음에 또 올거 같아요 다음에는 퍈하게 예약하고 오려구요,132,127,1,9
이태리국시,뚜라라,53,2026.03.22,1번째 방문,영수증,시부모님과 돌아기와 함께 점심 먹으러 왔어요 유모차가 들어가도 될만큼 매장 내부가 넓고 분위기 있어서 좋았어요 특히 음식두 무척 많있어서 처음에 3개 시켰다가 추가로 2개 더 시켜서 먹었어요 너무 맛있어서 담에 또 올게요,132,123,0,8
이태리국시,hui****,20,2026.01.24,1번째 방문,영수증,대창파스타 가게 컨셉에 맞는 메뉴이면서도 맛있어요 대창 좋아하시는 분들이라면 무조건 입에 맞을 것 같아요 매콤하고 기름지고 맛있어요 뇨끼는 트러플 향이 진하게 나네요 가게 분위기가 세련되고 멋잇어서 데이트 장소로 좋을 것 같아요,133,127,1,9
이태리국시,Starry night18,36,2026.04.16,1번째 방문,영수증,곱창치즈 돌솥파스타 원픽이에요 알배추숯불갈비 곱창치즈 돌솥파스타 라구떡볶이 먹었는데 곱창치즈 제 원픽이에용 모든 음식이 익힘 정도도 너무 좋고 매콤하고 치즈 듬뿍 들어있어서 민족이에용 와인 피노누아 주문했는데 너무 맛있습니다,134,125,1,9
이태리국시,해피걸선영,22,2026.02.18,1번째 방문,영수증,기다린 보람이 있어요 메뉴 자체가 굉장히 특별하고 어디서 맛보기 힘든 퓨전 음식입니다 뻔하지 않은 메뉴의 맛 덕분에 되게 좋은 시간을 보냈어요 연인과 오기에도 아늑한 분위기가 굉장히 좋습니다 꼭 추천해요 와보세요,134,118,0,8
이태리국시,arch****,5,2026.04.04,1번째 방문,영수증,주문한 파스타는 면 익힘 정도가 적당했고 소스도 진하면서 부담스럽지 않아 맛있게 먹었습니다 특히 재료가 신선한 느낌이 나서 더 좋았습니다 다만 음식이 나오는 시간이 조금 걸린 점은 아쉬웠지만 그만큼 정성 들여 준비하는 느낌도 있었습니다,135,131,1,8
이태리국시,mbkno1,5,2026.02.23,1번째 방문,영수증,전에 한남점 가보려다 예약이 다 차서 못가봤었는데 오늘 오게 되서 좋아요 이름대로 이태리국시집입니다 이태리와 동양의 만남  사진의 메뉴들 모두 참신하고 맛있어요 양식 안좋아하는 사람이랑 와도 좋을 듯 담엔 다른 메뉴들도 도전해보겠습니다,137,131,0,7
이태리국시,닉네임9982,17,2026.05.05,1번째 방문,영수증,돌솥이라 끝까지 식지 않고 따듯하게 먹을 수 있어 좋았구요 곱창은 야들야들 쫄깃하니 맛있었구요 파스타 소스에 저기 밥 비벼먹어도 맛있어영 마늘 향 장난 아니구요 음료수도 상큼하니 좋았습니다 같이 나오는 장아찌는 간이 슴슴한 편이라 살짝 아쉬웠습니당,138,138,1,9
이태리국시,룰루랄랄랗,79,2026.05.04,1번째 방문,영수증,퓨전한식느낌의 맛있는 파스타집이에요  맨날 둘이와서 대창파스타에 불고기쌈피자만 먹다가 셋이와서 빠에야랑 뇨끼까지 먹었는데 너무 맛있는 시간이었어요 원래 반계마늘리조또 먹고싶었는데 품절이라 너무 아쉽 다음에는 꼭 먹어볼거에요냠냠굿,138,127,1,9
이태리국시,yura80,55,2026.02.15,1번째 방문,영수증,시그니처인 돌솥대창파스타와 갑오징어 빠에야를 시켰어요 대창파스타는 너무 느끼하지 않게 맛있고 빠에야 질감은 볶음밥 같고 약간 짜서 실망할 수 있어요 한식 양식 좋아하는 사람끼리 오면 양쪽을 만족시킬만한 메뉴는 많아서 서울숲오면 고려해볼만해요,138,134,1,9
이태리국시,hangcok,14,2026.04.25,1번째 방문,영수증,너무너무 맛있게 잘 먹었습니다 메뉴도 흔하지 않은 메뉴여서 어디에서든 쉽게 먹을 수 없다는 이태리국시만의 시그니처 메뉴 다 먹고서 너무 배가 불러서 더 먹을 수 없었다는 다음에도 또 방문해서 다른 메뉴들도 하나씩 다 먹어보려고여,139,127,0,8
이태리국시,plu****,120,2026.02.17,1번째 방문,영수증,대창파스타 매콤 짭짤하니 맛있머요 대창이 엄청 크고 튼실해서 대창 특요의 고소한 맛을 느낄 수 있어요 밥이 있었으면 비벼 먹어도 맛있었을 것 같아요 갈릭리조또는 마늘향과 버터향이 조화롭게 어우려져 호불호없이 먹을 수 있습니다 맛있게 잘 먹고 왔네요,140,138,1,9
이태리국시,Hazelnotnuts,31,2026.05.02,1번째 방문,영수증,이태리국시 재작년에 시그니처 먹어보고 너무 맛있어서 친한 친구 데려왔습니다  친구는 깍두기 리조또 시켰는데 고기 먹고선 눈 휘둥그레지네요  대화하기 딱 좋은 스타일의 매장이고 친구 연인 와도 좋을 거 같아요  예약도 할 수 있는 거 같습니다,141,134,1,9
이태리국시,hol****,60,2026.02.10,1번째 방문,영수증,성수 오랜만에 와서 맛있는 음식 먹고싶어서 검색해서 왔는데 탁월한 선택이었습니당이것저것 다 먹고 싶어서 네개나 시켰는데 야무지게 먹고 왔어요거의 싹싹 대창도 안비리고 진짜 맛나게 먹고왔습니당분위기도 커플분들 가족들 친구들이랑 오기도 좋아요,141,133,0,8
이태리국시,비비드수,23,2026.01.10,1번째 방문,영수증,성수맛집 찾으려다가 발견한 곳 메뉴도 특별하고 너무 맛있어 보여서 거리가 있어도 방문했어요  인테리어도 깔끔하고 맛있네요 느끼할줄 알았는데 소스가 매콤하고 곱창도 곱이 실해서 너무 맛있어요 피자도 신선하고 매력있어요 다 맛있어서 재방문 각,141,133,1,9
이태리국시,행봌,79,2026.03.28,1번째 방문,영수증,경기도에서 놀러왔는데 파스타가 정말 예술이네용 너무 맛있어요 대창 곱창 파스타 다 매력있어여 대창 좋아하시면 꼭 꼭 드셔보세용 직원분들도 친절하시고 토요일 1시 정도에 왔는데 20분 웨이팅 하고 들어왔어요 참고하세용 맛있게 잘 먹고 갑니다,142,133,1,9
이태리국시,쏠solmi,28,2026.05.01,1번째 방문,영수증,숯불대창돌솥파스타 주문했는데 나오자마자 숯불향이 확 올라와서 너무 좋네요  숯불 향 진짜 대박이에요 돌솥이라 끝까지 따뜻하게 먹을 수 있는점도 좋았고 대창도 넉넉하게 들어있어서 푸짐한 느낌이었어요 퓨전음식집이라 색다른 메뉴 경험하기에도 괜찮았습니다,144,138,1,9
이태리국시,myj****,22,2026.04.02,1번째 방문,예약,회사 동기들이랑 퇴근하고 왔는데 회사에서 받은 스트레스 날아가는 힐링되는 맛이에요  분위기도 너모 좋고 인테리어도 예쁘고 직원분들도 친절해서 기분 좋아지는 곳  한식적인 파스타라고 해서 궁금했는데 진짜 색다르게 맛있어서 엄마랑 또 오고 싶어요,145,135,1,9
이태리국시,찐쫜,530,2026.05.08,1번째 방문,영수증,새로운 맛집 발견 지도에서 평점과 평점 개수가 괜찮아서 왔는데 만족하고 갑니다 청양라구갈비파스타와 반계마늘돌솥리조또를 주문 인상 깊은 건 반계마늘돌솥리조또 푹 고은 삼계탕을 잘 조려서 리조또하고 거기에 수비드한 튀긴 반계 이런게 진짜 퓨전이다 싶음,146,138,1,9
이태리국시,lksbhr67,92,2026.04.14,1번째 방문,영수증,재료가 신선하고 맛있어요 음식이 전반적으로 저한테 짭쪼름한데 그게 입맛을 당겨주기도 합니다 곱창 파스타가 제일 맛있었는데 냄새가 안나고 빠에야에 있는 갑오징어도 먹기 좋게 손질 잘해주셨어요 응대가 친절하시고 서비스도 좋네요 재방문 의사 있습니다,146,136,1,9
이태리국시,kal****,958,2026.04.11,1번째 방문,영수증,이태리국시 성수 다녀왔는데 분위기도 좋고 음식도 전체적으로 깔끔해서 만족스러웠어요 면 식감이 좋고 소스 맛도 너무 무겁지 않아서 끝까지 맛있게 먹을 수 있었고 성수 특유의 감성이랑도 잘 어울리는 공간이라 데이트나 친구랑 가기 좋았어요 재방문 의사 있습니다,146,142,1,9
이태리국시,Zzzz00aa,52,2026.03.25,1번째 방문,영수증,서울로 놀러왔는데 메뉴가 특별해보여서 와봤어요 곱창파스타에 곱창도 많이 들어있고 살짝 매콤하니 맛있어요 그리거 반계리조토도 안느끼하고 진짜 맛있어요  이거두개 시켜서 나눠먹으니 안느끼하고 딱 맛있게 다먹었어요 추천드려용 직원분들도 친절하세욤,147,134,1,9
이태리국시,자유로운영혼68,160,2026.02.18,1번째 방문,영수증,드디어 이태리국시를 와 봤어요 오랜만에 친구와함께 성수나들이 왔네요 색다른음식 찾다가 오게되었는데 오기전에봤던 메뉴이름만큼 신선했어요 특히 저는 불고기쌈피자 너무 맛있게 먹었네요 의외의 조합들이지만 다 맛있네요 다음에 기회가되면 또 오고싶어요,148,135,1,9
이태리국시,카린42,29,2026.04.25,1번째 방문,영수증,늦은 시간에도 방문할 수 있어서 맛있게 먹고 갑니다 제일 맛있었던건 대창파스타인데 매콤하면서도 딱 맛있었고 알배추 숯불갈비 샐러드도 한식 샐러드 답게 맛있었어요 갑오징어 빠에야는 눅눅해서 음 호불호가 좀 갈릴 수 있을 것 같아요 비린 맛을 잡아주시는게 좋을 것 같네요,149,149,1,9
이태리국시,전형진60,43,2026.02.26,1번째 방문,영수증,닭 반마리가 나와서 가격대비 가성비가 좋은 것 같구요 대창도 넉넉해서 맛있었습니다 다만 대창파스타는 조금 단맛이 있어서 저는 맛이 더 깔끔했으면 하는 생각은 듭니다 직원분들도 친절하시고 테이블도 전부 4인석이라 눈치 안보고 넓은 좌석에 앉을 수 있어 좋았어용,149,144,1,9
이태리국시,해미93,9,2026.03.10,1번째 방문,영수증,곱창은 불향이 나고 통통해서 입안가득 고소함이 퍼졌어요 살짝 매콤하고 묵직한 맛이나요 봉골레파스타는 짭짤하고 고소해서 자꾸 먹고싶어지는 맛이예요 루꼴라가 잘 어울리고 크림과 청양이 조화롭게 느껴져요 예약은 했지만 테이블이 여유있어서 점심시간에 그냥 와도 되겠어요,151,146,1,9
이태리국시,레아55555,12,2026.02.25,1번째 방문,영수증,숯불갈비깍두기리조또랑 청양차돌오일파스타 감자튀김 먹었어요 전체적으로 자극적이거나 짜지않고 맛있어요 깍두기리조또는 뭐랄까 고깃집에서 숯불갈비먹고 밥 볶아먹는 맛이에요 갈비도 부드럽고 맛있었어요 흔하지않은 신기한 메뉴들이 많아서 다음에 또와서 다른메뉴도 먹어보고싶어요,151,147,1,9
이태리국시,아아앤달달러버덕,44,2026.04.05,1번째 방문,영수증,숯불대창돌솥파스타랑 갈비찜버터파스타를 먹었습니다 숯불대창돌솥파스타는 베스트메뉴 답게 특색있어요 얼큰한 숯불대창과 토마토 파스타랑 궁합이 좋네요 다음에도 또 먹어보고 싶은 맛이에요 갈비찜버터파스타는 장조림 맛이 나요 느끼하지 않고 짭짤하니 맛있게 잘 먹었습니다,152,144,1,9
이태리국시,유니318,792,2026.02.03,1번째 방문,영수증,오랫만에 성수 나들이로 맛집 검색하다 오게 되었어요 6명 인원이 같이 앉을수없어 앞뒤로 앉아 먹었어요 역시 평 좋은 이유가 있었네요 음식 다 맛있어요 아이들도 넘 맛있다고 다 잘먹네요 이중 제일 맛난걸 뽑자고 하니 어려웠지만 전 첫번째사진 딸은 두번째 사진이네요,152,146,0,8
이태리국시,룰루햄이,1031,2026.01.31,1번째 방문,영수증,인스타에서 보구 오게 됐는데요 분위기가 되게 모던하구 음료와 주류가 다양하더라구요  음식은 전체적으로 한식 퓨전인데 새로운듯 익숙한 맛이었어요 어떤 음식이든 실패가 없을거 같은 곳이었구 에이드두 넘 맛있었어요 담에 기회가 되면 다른 메뉴도 먹어보러 또 올거 같아욤,153,147,1,9
이태리국시,안녕하세요9116,62,2026.04.04,1번째 방문,영수증,기념일이여서 방문했는데 예약하고 네이버 리뷰 봣을때는 특별한 맛은 아니라고 되어있어서 걱정했는데 대창 파스타 너무 맛있어서 놀랐어요 불맛 짱이에요 그리고 반계 리조도도 닭에 양념도 잘베어있고 저는 너무 맛있게 잘먹었어요 가격대는 좀 있지만 또 와보고싶어요 추천 합니다,154,149,1,9
이태리국시,양인규63,11,2026.05.09,1번째 방문,영수증,분위기 너무 좋고 음식도 진짜 맛있었어요 특히 대창돌솥파스타가 완전 레전드 불향이랑 고소한 대창 조합이 미쳤고 돌솥이라 끝까지 따뜻하게 먹을 수 있어서 좋았어요 직원분들도 친절하시고 매장 분위기도 감성 있어서 데이트나 친구랑 오기 딱 좋은 듯 다음에 또 방문하고 싶어요,156,150,1,9
이태리국시,캐시뭐하니,239,2026.04.30,1번째 방문,영수증,이태리국시 방문했는데 비주얼부터 압도적이네요 돌솥에 나오는 리소토는 마지막까지 따뜻하고 깍두기가 씹혀 느끼함 없이 조화로워요 뇨끼도 겉바속촉 식감이 예술이고 트러플 향이 진해서 풍미 가득한 식사였습니다 한식과 양식의 이색적인 조합이 정말 매력적이라 재방문 의사 200입니다,157,152,1,9
이태리국시,yeeu****,2,2026.04.30,1번째 방문,영수증,사진 속 메뉴 바질해산물국물파스타 청양차돌오일파스타 맛 찐맛집에서만 나오는 감탄이 둘 다 나옴 차돌이 그냥 입에서 녹는다는 표현이 맞을 거 같고요 바질파스타라그래서 서양풍이 강할 줄 알았더니 해물이랑 의외로 정말 잘 어우러져서 놀랐어용 국물부터 드링킹하게되는 맛집,159,147,1,8
이태리국시,정수연9583,6,2026.03.16,1번째 방문,영수증,지인과 갑자기 약속이 생겨서 주변에 좋은 곳이 있나 찾아보다가 왔어요 예약 없이 방문 했는데 마침 자리가 있어서 바로 이용 가능했습니다 음식들도 데코도 이쁘게 해주셔서 먹기 너무 아쉬웠는데 진짜 너무 맛있고 좋게 이용했습니다 다음에 또 성수에서 약속이 잡힌다면 방문할 예정이에요,159,155,1,9
이태리국시,forevery0uth,9,2026.04.21,1번째 방문,영수증,이태리국시 다녀왔는데 기대 이상으로 만족했어요 생각보다 든든하고 맛이 진해서 계속 손이 가더라고요 면도 쫄깃하고 소스랑 조합이 잘 맞아서 마지막까지 맛있게 먹었어요 매장 분위기도 깔끔하고 직원분들도 친절해서 기분 좋게 식사할 수 있었어요 메뉴도 다양해서 재방문 의사 있습니다,160,153,1,9
이태리국시,Yirehh,23,2026.05.06,1번째 방문,영수증,오랜만에 성수로 나와서 흔한 양식이 아닌 색다른걸 먹어보고 싶어 방문했습니다 원픽이었던 대창파스타가 품절이라 못 먹은게 아쉽지만 곱창파스타와 알배추 샐러드 청양크림파스타까지 맛있게 먹었어요 피클대신 짜지않은 무짱아찌까지 오히려 잘 어울렸어요 다음엔 대창파스타 꼭 먹어보러 올려고요,161,156,1,9
이태리국시,markkkyy1211,4,2026.05.02,1번째 방문,영수증,요즘 분위기 좋은 이탈리안 맛집 찾다가 드디어 발견한 곳  오늘 제가 주문한 메뉴인데요 비주얼부터 완전 합격이에요 돌판 위에 치즈가 가득 깔린 치킨은 겉은 바삭하고 속은 촉촉해서 한 입 먹자마자 아 여기 제대로다 싶었어요 고소한 치즈랑 닭고기의 조합이 진짜 미쳤습니다,161,149,1,8
이태리국시,뎅굴뎅굴11,8,2026.04.27,1번째 방문,영수증,데이트 올 때 여기저기 알아보고 왔는데 역시 사람들 많이 가는 장소는 다 이유가 있더라고요 숯불대창돌솥파스타가 이집 시그니처라고 하더니 정말 맛있어요 꼭 드셔보세요 고소하고 매콤하고 혼자 다해요 입짧은 짝궁도 맛있다고 다 먹었어요  뚝섬 데이트 계획중이신 분들께 강추드려요,163,152,1,9
이태리국시,빙구방구봉구,3,2026.03.26,1번째 방문,영수증,숯불갈비깍두기돌솥리조또랑 청양 차돌 오일파스타 시켰습니다 맛있어요 리조또 간도 적당하고 갈비랑 너무 잘 어울렸고요 파스타는 면 사이사이에 들어있는 할라피뇨가 은은하게 맛이 남아서 너무 맛있었어요 인테리어가 깔끔하고 좋아서 소개팅 자리로도 좋을 것 같습니다 재방문 의사 무조건이요,163,155,1,8
이태리국시,재이희,25,2026.01.11,1번째 방문,예약,한식과 양식이 퓨젼된 것 같은 맛 이태리국시 라는 이름에 걸맞는 듯한 맛이었습니다 뇨끼 소스가 짭조름하니 맛있었어요 뇨끼만 두 그릇 시켜서 나눠먹었습니다  나머지 파스타들도 맛있었는데 갈비 리소토가 특히 맛있었습니다 깍두기 김치찌개에 졸인 리소토 맛이었어요 한식 러버라 제일 취향이었습니다,163,161,1,9
이태리국시,cof****,53,2026.04.23,1번째 방문,영수증,곱창은 로제베이스 대창을 오일베이스라서 다른 매력이 있어요 청양파스타는 하나도 안맵고 위에 뿌려주는 바삭한 무언가가 있는데 그게 완전 킥입니다 메뉴가 전체적으로 다 맛있고 오미자 하이볼이랑 잘어울려요 분위기도 좋고 창가자리에서 먹었더니 친구들하고 좋은 식사시간이었습니다 재방문의사있습니다,165,160,1,9
이태리국시,네이버리뷰만,95,2026.01.23,1번째 방문,예약,친구 생일이라 예약하고 즐거운 시간 보냈어요 신기한 메뉴가 많아요 숯불대창돌솥파스타는 매콤느끼한 맛이 끝도 없이 들어가는 맛이고 트러플 치즈 뇨끼는 트러플 풍미도 좋고 꼬소하게 맛있었어요 숯불불고기쌈피자는 장갑끼고 돌돌싸서 왕 먹었더니 진짜 맛있어요 집에 가서도 생각날 것 같아요,165,156,1,9
이태리국시,jih****,16,2026.05.09,1번째 방문,영수증,곱창파스타 먹으려고 방문한 이태리국시 성수점 곱창이 질기지 않고 고소해서 파스타랑 조합이 진짜 잘 어울렸어요 느끼하지도 않고 매콤한 맛이 은근 중독적이라 끝까지 맛있게 먹었습니다 매장 분위기도 깔끔하고 직원분들도 친절해서 기분 좋게 식사하고 왔어요 성수에서 파스타 맛집 찾는다면 추천합니다,166,161,1,9
이태리국시,yu9****,9,2026.03.05,1번째 방문,영수증,이탈리아 음식에 한식 느낌을 더한 메뉴들이 많아서 다른 파스타집이랑은 좀 다른 느낌에 메뉴들이라 궁금증이 있었는데 근처에서 약속이 있어서 방문해 봤어요 메뉴들도 꽤 특이하고 전체적으로 맛이 잘 어울려서 맛있게 먹었습니다 성수에서 색다른 스타일의 파스타 먹고 싶다면 한 번 가볼 만한 곳이에요,166,162,1,9
이태리국시,han****,5,2026.03.14,1번째 방문,영수증,주말에 성수에 올때 사람이 많을 것 같아 예약하고 왔어요 실내 인테리어나 분위기가 차분해서 이야기하기 편하고 디자인도 깔끔해서 좋습니다 특히 음식들이 신기한게 많았는데 정말 맛있어서 놀랐고 가격도 많이 비싸지 않아서 배부르게 시킬 수 있던 것 같습니다 데이트할때 예약하고 오면 넘 좋을것같아요,168,163,1,8
이태리국시,hb9****,3,2026.05.02,1번째 방문,영수증,곱창치즈돝솥파스타 강력 추천해요 곱창은 쫄깃하고 고소해서 씹는 맛이 좋았고 치즈가 듬뿍 올라가 있어 고소하고 진한 맛이 더해졌어요 돌솥에 나와서 끝까지 따뜻하게 먹을 수 있었고 면에 소스가 잘 배어 마지막 한입까지 맛있었습니다 이색적인 조합인데 생각보다 너무 잘 어울려서 또 먹고 싶은 메뉴였어요,171,165,1,8
이태리국시,란8854,8,2026.03.27,1번째 방문,영수증,1인 예약 했는데도 자리 잘 정리해서 잡아놓아주셔서 기분 좋게 식사 했습니다 식사 도중에도 방해 안되게 조용히 서빙해주시고 자리간의 간격도 넓어서 쾌적하네요 음식 너무 맛있고 식사 분위기 직원분들 센스 너무 좋아서 남편이랑 한번 더 오려합니다 파스타에 대창은 처음인데 너무 맛있어요  짱아찌,172,162,1,9
이태리국시,먹는 행복V,407,2026.03.13,1번째 방문,영수증,특별한 날 어디에서 식사를 할까 찾아보다가 독특한 콘셉트의 음식점 같아서 방문했어요 바지락찜 파스타와 숯불갈비 리소토 주문했는데요 이태리 음식이지만 퓨전 느낌의 한국적인 맛과 차분한 인테리어가 잘 어우러졌습니다 저녁에 오니 약간은 어두운 조명이 분위기 있더라고요  만족스러운 식사였습니다,173,160,1,9
이태리국시,신비3263,17,2026.01.23,1번째 방문,영수증,처음으로 방문했는데 매장 내부부터 분위기가 너무 좋아서 놀랐어요데이트 하기에 엄청 좋을 것 같아요 그리고 숯불 갈비 깍두기 리조토가정말 맛있었어요 갈비도 엄청 부드럽고 적당히 매콤해서 다른 메뉴들과 곁들이기 좋았어요 대창파스타에 들어가있는 대창도 잡내 전혀 없고 부드러워서 맛있게 먹었습니다,173,162,1,9
이태리국시,ehd****,1,2026.05.02,1번째 방문,영수증,곱창치즈돝솥파스타 정말 추천해요 곱창은 잡내 없이 쫄깃하고 고소했고 치즈는 듬뿍 올라가서 진한 풍미가 좋았어요 파스타 면도 소스가 잘 배어 있어서 끝까지 맛있게 먹었습니다 곱창의 짭조름한 맛과 치즈의 부드러움이 잘 어울려서 생각보다 조합이 훨씬 좋았어요 색다른 메뉴 찾는 분들이라면 꼭 한 번 드셔보세요,175,169,1,8
이태리국시,dur****,13,2026.03.15,1번째 방문,영수증,특별한 메뉴들이 많아서 좋아요 고민고민하다 아이가있어서 곱창대창 빼고 갈비 위주로 시켰네요다음엔 곱창 먹어볼겁니다 고기 부드럽고 맛있어욧 배추샐러드 어떻게 만드신거죠 아이가 야채를 먹어요 항상 접하던 파스타가 아닌 새로움 갈비찜버터파스타 오일파스타인데 달라달라 우리가족 1위메뉴였습니다,175,159,1,9
이태리국시,yxsxo,3,2026.04.30,1번째 방문,영수증,친구와 밥먹으려고 들른 이태리국시 성수점 저희는 숯불갈비깍두기돌솥리소토와 바지락찜 파스타를 주문했습니다 음식 너무 맛있어서 강추드려요 양식과 한식의 융합이 궁금해서 방문했는데 매우 성공적인 것 같습니다 여기는 뚝섬역에서 가까우니까 성수 말고 뚝섬에서 내리셔서 걸어오시면 금방이에여 한 번 방문해보세요,176,167,1,8
이태리국시,뚜띤555,166,2026.03.07,1번째 방문,영수증,알배추숯불갈비 샐러드는 시원한 배추맛과 숯불향가득나는 갈비의 조합이 미쳤네여 숯불대창돌솥파스타는 신랑이 좋아해서 주문했는데 대창이 엄청 통통하고 떡볶이 느낌도 나면서 파스타같고 묘한매력이 많았어요 그리고 존맛 반계마늘돌솥리조또는 다 먹을때까지 따듯하더라구요 마늘향이 가득나는데 치즈의 짭짤함이 느껴져서 맛나게 즐겼습니다,179,178,1,9
이태리국시,미깜,5,2026.02.20,1번째 방문,영수증,예약하면 바로 예약 자리로 안내받아서 대기 없으니 꼭 예약하고 가기 매장도 아늑하고 인테리어가 정말 고급스럽고 이뻐요 데이트소모임 장소로 딱 연말에 오면 정말 좋을 것 같네요 알배추숯불갈비에 김치 소스가 충격적으로 맛있으니 다들 꼭 드셔보시길  메뉴들 모두 맛이 쎄지 않고 적당해서 먹으면서 속이 편했습니다,179,171,1,8
이태리국시,o배둥둥o,9,2026.03.14,1번째 방문,영수증,어디가야할지 고민하다가 이름이  재밌어서 찾아와봤어요 간판이 좀 눈에 안띄어서 첨에 살짝 헤매긴했습니다 메뉴는 세개 시켰는데 개인적으로 알배추 갈비 샐러드첫사진이 제일 좋았어요 한우 대창 파스타도 매콤해서 좋았고요  바질 해산물 파스타도 맛있긴했는데 면이 조금 낯설어서  암튼 맛있게 잘 먹고 갑니다,180,167,1,9
이태리국시,lbc****,2,2026.03.09,1번째 방문,영수증,음식이 진짜 맛있었어요  돌솥이라 끝까지 따뜻하게 먹을 수 있어서 좋았고 양념도 너무 짜지 않고 딱 좋았습니다 고기도 부드럽고 불향이 살짝 나서 더 맛있었어요 같이 나온 메뉴도 국물 맛이 진하고 얼큰해서 밥이랑 잘 어울렸습니다 전체적으로 재료도 신선한 느낌이었고 양도 꽤 푸짐했어요 다음에 또 방문하고 싶어요,180,172,1,8
이태리국시,배하석,6,2026.02.20,1번째 방문,영수증,음악 분위기가 정말 좋아서 자연스럽게 대화에 집중할 수 있었고 음식도 하나하나 정성스럽고 맛있었어요 양식 메뉴 구성도 다양해서 취향 상관없이 즐기기 좋았습니다 조용하지만 감성적인 공간이라 데이트 코스로 딱이고 처음 만나는 소개팅 자리로도 부담 없이 분위기 만들기 좋은 곳 같아요 전체적으로 만족도 높은 식사였습니다,181,175,0,8
이태리국시,브람스16,38,2026.04.14,1번째 방문,영수증,진짜 제대로 된 퓨전을 느껴보고 싶다면 이태리 국시로 오세요 대창 솥밥은 끝까지 따끗하게 먹을 수 있고 대창이 한가득이에요 들깨베이컨 리조또도 꾸덕하고 진해서 입안이 고소해서 대창의 칼칼함울 잠대워줍니다 또 청양 오일파스타가 맵지않고 차돌이랑 너무 잘 어울려요 데이트나 일상 식사하기에 손색이 없는 식당이라 추천합니다,185,177,1,9
이태리국시,가미12,62,2026.02.23,1번째 방문,영수증,어쩌다보니 파스타랑 리조또 둘 다 메뉴 상단에 있는 걸 시켰는데 실패없는 메뉴네요  매콤한 파스타와 마일드한 리조또 궁합 좋았어요 대창이 너무 맛있어요 추가 가능하면 추가하고 싶었어오  나중에 시켜서 음료 사진은 없는데 수정과하이볼이 메뉴 먹다가 느끼하면 리프레쉬를 확실히 해줘서 좋더라구요 추천합니당,185,168,1,9
이태리국시,새싹ㅇ2,5,2026.04.04,1번째 방문,영수증,날이 너무 좋아서 벚꽃나들이 왔다가 양식먹으러 이태리 국시로 왔어요 가게 분위기도 너무 좋고 깔끔한 매장이라서 부모님과 식사하기도 너무 좋았어요 대창돌솥파스타는 대창이 엄청 토실토실하고 안에도 양념이 베어있어서 정말 고소하고 맛있어요 느끼할것 같아보이지만 양념과먹으면 하나도 느끼하지않고 맛있어요 피자도 너무너무 추천드립니다,188,181,1,8
이태리국시,sejung741,26,2026.02.08,1번째 방문,영수증,매장 넓고 인테리어 깔끔해서 일단 합격 국물 있는 메뉴는 진하고 꾸덕해서 숟가락 멈추기 힘들고 겉바속촉으로 구워진 메뉴는 비주얼부터 반칙 맛도 반칙 양도 은근 넉넉해서 둘이 먹기 딱 좋았고 전체적으로 자극적이지 않아서 계속 생각나는 맛 성수에서 분위기맛 둘 다 챙기고 싶으면 재방문 각임 고민은 배만 고프게 한다,189,174,1,9
이태리국시,rla****,46,2026.04.11,1번째 방문,영수증,남편이랑 데이트로 이태리국시 다녀왔어요  일단 분위기부터 너무 좋고 음식도 전체적으로 깔끔하고 맛있어서 만족 특히 파스타 면이 쫀득하고 소스가 진해서 계속 손이 가더라구요  둘이서 편하게 이야기 나누면서 먹기 딱 좋은 곳이라 데이트 장소로 추천해요  다음에 또 재방문 의사 있음 이태리국시 데이트맛집 파스타맛집 주말데이트,190,179,1,9
이태리국시,eug****,54,2026.04.26,1번째 방문,영수증,퓨전 메뉴가 신기해서 방문했는데 진짜 너무너무너무 맛있게 먹었어요 대창파스타는 불맛이 나는 게 정말 최고였어요 반계리조또는 살이 뼈랑 잘 분리돼서 먹기 좋았고 한국인이라면 분명 좋아할 맛이에요  뚝배기에 나와서 끝까지 따뜻하게 먹을 수 있단 게 정말 좋았어요 분위기도 좋아서 소개팅이나 데이트 하기 좋은 곳인 것 같아요 다음에 또 방문하려구요,194,191,1,9
이태리국시,오로라블랙,95,2026.04.13,1번째 방문,영수증,지인들이랑 처음 와봤는데 분위기 괜춘은듯해서 리뷰보고 찾아왔는데 음식은 그냥저냥 쏘쏘하고 넷이가서 음식 다섯가지 주문하고 한시간도 안되서 먹고 나왔네요 나이많은 아줌마들이라 그랬는지 참 기분좋게 들어갔다 불친절한 직원들 셋팅도 제대로 안되고 사이드 밑반찬도 얘기해야 가져다주는 암튼 지인들이랑 기분 상해서 얼른 먹고 나왔네요 다신 안올거 같아요,196,192,0,8
이태리국시,1소리짱,14,2026.04.17,1번째 방문,영수증,성수동에서 한식과 양식의 조화가 이색적인 곳을 찾다가 방문했는데 기대 이상으로 만족스러웠습니다 매장 분위기도 깔끔하고 세련되어서 데이트나 친구들과 모임하기에 딱 좋은 공간인 것 같아요 직원분들도 친절하게 메뉴 설명을 해주셔서 기분 좋게 식사할 수 있었습니다 성수동에 오면 꼭 다시 들러서 다른 퓨전 메뉴들도 하나씩 도장 깨기 해보고 싶습니다,198,190,1,9
이태리국시,샤넬3,86,2026.03.08,1번째 방문,영수증,성수동 나들이 왔다가 비주얼에 홀려 들어간 곳인데 기대 이상이에요 뚝배기에 담겨 나와서 마지막까지 따뜻하게 먹을 수 있는 게 신의 한 수네요 특히 대창 파스타는 고소한 대창이 입안에서 팡 터지면서 매콤한 소스랑 찰떡궁합입니다 같이 주문한 시원한 에이드로 입가심하면 무한 흡입 가능 양도 푸짐하고 분위기도 힙해서 성수동 데이트 코스로 강추합니다,199,191,1,9
이태리국시,Comme,6,2026.05.01,1번째 방문,영수증,예전에 다른 지인과 함께 방문했던 적이 있는데 그때도 일행 모두가 만족스럽게 식사했던 기억이 있습니다 이번에 친구랑 재방문 했는데 여전히 맛있네요  특히 갑오징어 빠에아는 지난 번에도 이번에도 주문해서 먹을 정도로 맛있었어요  중요한 약속이 있을 때 모임 장소로도 추천드립니다 방문할 때마다 사람이 많은 편이라 예약하고 방문하시는 걸 추천드립니다,203,193,0,8
이태리국시,이민정8993,23,2026.01.17,1번째 방문,영수증,특별한 메뉴가 있고 대기도 30분 정도 한 것 같은데 분위기도 예뻐서 좋았어요 들어와서도 대기를 좀 했는데 맛보자마자 그냥 다 용서가 됐고 너무 맛있어서 먹는 내내 감탄하면서 먹었어요  올해 먹은 것 중에 제일 맛있었고 매장을 저희 집 앞으로 데려가고 싶을 정도예요 대창 파스타는 꼭 무조건 드셔보세요 대창 곱창 안 좋아하는 사람도 좋아지게 만드는맛이에요,205,198,1,9
이태리국시,yhsss13,11,2026.03.28,1번째 방문,영수증,요즘 핫하다고 해서 와봤는데 한마디로 한식양식 퓨전 제대로 살린 집이었어요 일단 대표 메뉴로 보이는 얼큰한 국물 파스타는 딱 보자마자 침 고이는 비주얼인데 실제로 먹어보면 크림 베이스에 매콤함이 잘 어우러져서 느끼하지 않고 계속 들어가는 맛이에요 면도 퍼지지 않고 적당히 쫄깃해서 국물이랑 잘 어울립니다 위에 올라간 고기도 불향이 살짝 나서 풍미를 더해줘요,206,199,1,9
이태리국시,ber****,371,2026.03.02,1번째 방문,영수증,숯불대창돌솥파스타 는 부드럽고 잘 익은 면에 기분 좋게 매콤한 대창과 파가 매력적인 파스타였어요 숯불갈비  깍두기돌솥리조또 는 촉촉 부드러운 깍두기가 들어간 꾸덕한 깍두기 돝솥 리조또였습니다 숯불불고기쌈피자 는 또띠아 같은 담백한 얇은 피 위에 고소하면서 달달한 불고기와 신선한 채소가 올라가 있고 피자도우 위에 감칠맛있는 소스가 매력적인 고소한 피자에요,206,198,1,9
이태리국시,울랄라세서미48,13,2026.02.22,1번째 방문,영수증,반계 리조또 정말 맛있어요 짭쪼름 고소한 맛이 일품입니다 숯불 불고기 쌈피자 먹기 불편한 거 빼고는 재료 신선하고 넘 맛있었어요 숯불대창돌솥파스타는 대창 좋아하는 사람들은 정망 좋아하실 거 같아요 대부분 창가자리라 뷰 좋고 안쪽 자리도 창 밖 시원한 뷰 보고 있어 어디 앉든 속이 뻥뚤릴 뷰입니다 테이블 간격은 좀 좁은듯하지만 친구들과의 대화에 집중하기 어렵지 않았어요,212,206,1,9
이태리국시,52500,15,2026.04.29,1번째 방문,영수증,파스타 먹고싶어서 친구랑 방문했는데 일단 분위기가 너무너무 좋아요 곱창돌솥파스타랑 바지락찜파스타 2개 시켜서 나눠먹었구 양도 많고 바지락이랑 곱창도 넉넉히 들어있어서 부족함 없이 먹었습니다 기분좋게 적당히 매콤한 정도였고 엄청나게 자극적이지 않아서 좋았어요 곱창도 잡내없고 고소해요 친구도 담에 성수올때 또 온대요 진심 맛집입니다 근처오시면 드셔보시고 손해 없으시길,214,204,1,9
이태리국시,봄이오면 28,2132,2026.04.26,1번째 방문,영수증,가족들과 함께한 성수동 나들 이태리국시 덕분에 더욱 특별해졌습니다 한식과 양식의 경계를 허문 독창적인 메뉴들이 인상적이었어요 자극적이지 않으면서도 깊은 풍미가 느껴져 어른들부터 아이들까지 모두 만족스러운 식사였습니다 세련된 공간에서 정성 담긴 요리를 즐기고 싶을 때 다시 찾고 싶은 곳입니다 특히나 오늘은 우리 손녀도 함께 너무 즐겁고 행복한 시간 되었어요,214,199,1,9
이태리국시,sov****,28,2026.03.21,1번째 방문,영수증,네이버로 예약하고 가니까 대기 없이 바로 들어갔어요 부득이하게 시간 변경 요청드렸는데 너무 응대도 잘해주시고 음식도 빨리 나와서 좋았습니다 분위기가 너무 좋아서 아이와 남편과 갓는데 편하게 잘 먹고 왔어요 리조또가 진짜 너무 맛있었어요 다른 파스타도 너무 맛있고 스테이크도  전체적으로 너무 다 맛있어서 너무 기분 좋은 하루 였습니다  직원분들도 다 너무 친절하네요,214,204,1,9
이태리국시,렴려미,48,2026.03.07,1번째 방문,영수증,생일을 맞이해서 저녁 데이트로 남자친구가 예약을해서 다녀왔어요 가게분위기도 너무 좋고 다들 친절하셔서 첫인상부터 너무 좋았던 대창파스타랑 마늘돌솥리조또를 시켰는데 파스타는 생각보단 맵지않았고 리조또는 마늘간이 좀 되어있어서 맛있었어요 후식으로 후에 인절미젤라또도 시켰는데 카라멜시럽이 들어있어서 달달한데 인절미가루가 있어 너무 달진않아서 좋았구 잘먹고갑니당,216,199,1,9
이태리국시,노비스91,50,2026.05.08,1번째 방문,영수증,네 가지 메뉴를 시켰는데 전부 정말 맛있었습니다 한식과 양식의 조화가 무척 인상적이었어요 피자는 맛이 굉장히 부드럽고 신선해서 마치 샐러드를 먹는 듯한 느낌이 들었습니다 에피타이저양배추알 스테이크는 살짝 구운 배추와 스테이크의 조화가 정말 훌륭했고요숯불대창 파스타는 매콤하면서도 오일리한 풍미가 잘 살아 있었고 쫄깃한 곱창과 파스타의 조합이 너무나 잘 어울렸습니다,218,203,1,9
이태리국시,ㅋㅋㅋㅋㅋ839,46,2026.02.26,1번째 방문,영수증,오랜만에 서울 나들이 맛있어보이는 가게를 찾다가 이태리국시를 발견하고 바로 이동 12시가 되서 도착했지만 이미 만석 다행히도 웨이팅은 1빠 로 조금 대기하다가 바로 들어왔어요 배고파서 바로 음식을 시키고 이야기를 하다보니 바로 나와서 맛잇게 먹었습니다  뚝배기에 나와서 따듯함이 오래 유지되서 좋고 맛도 좋아요  다음에는 예약하고 와서 다른 메뉴도 먹어봐야겠어요,218,202,0,8
이태리국시,EvelynP,2,2026.04.14,1번째 방문,영수증,대창 파스타가 궁금해서 방문해봤는데 기대 이상으로 만족스러운 식사였어요 자칫 느끼할 수 있는 대창의 풍미를 소스가 완벽하게 잡아줘서 끝까지 질리지 않고 정말 맛있게 먹었습니다  혼자 방문했지만 분위기도 좋아서 편하게 식사할 수 있었고 다음에는 꼭 남자친구랑 다시 오고 싶은 곳이에요 데이트 장소로도 정말 추천드려요  맛 분위기 만족도까지 모두 갖춘 곳이라 재방문 의사 100입니다,224,212,1,8
이태리국시,Jo030,63,2026.03.24,1번째 방문,영수증,오늘 점심 특선으로 먹은 들깨베이컨리조또는 정말 고소하면서도 묵직한 맛이라 한입 먹자마자 만족스러웠어요  곱창치즈돌솥파스타는 은은한 불맛과 치즈의 조합이 잘 어우러져서 가장 기억에 남는 메뉴였습니다  음료로 주문한 오렌지자몽청에이드는 상큼해서 함께 주문한 메뉴들과 곁들이기 아주 좋았어요  엄마랑 함께한 점심 데이트 장소로 선택한 곳이었는데 정말 잘한 선택이었던 것 같아요,226,208,1,9
이태리국시,heidis123,21,2026.02.18,1번째 방문,영수증,음식 모두 맛있어요 그치만 간이 전체적으로 쎄요 밥먹으면서 물 거의 안먹는데 짜서 두컵을 내리 먹었어요 그리고 오픈 키친은 아니지만 주방이 다 보이도록 인테리어가 되어있는데 마스크는 안쓰시고 요리하시더라구요 중간에 웃으면서 서로 이야기도 나누시던데 조금은 신경쓰였습니다 그리고 음식이 나왔는데 홀에서 일하시는 분들은 음식을 들고 이야기를 나누셔서 찝찝했습니다 빼고는 분위기나 음식 만족스러웠습니다,228,221,1,9
이태리국시,whereismypizza,37,2026.02.11,1번째 방문,영수증,저녁 뭐 먹을까 고민하다가 처음 와봤는데 만족스럽습니다 한식도 땡기고 양식도 땡기는 날이었는데 그 둘을 다 충족 시켜주는곳이 눈에 보이더라구요 대창 돌솥 파스타 생소하지만 맛있을것 같아서 도전해봤는데 너무 맛있었어요 숯불 향도 너무 좋고 대창도 쫄깃하고 고소하니 너무 좋았습니다 같이 주문한 떡볶이도 맛있었어요  다른 메뉴 또 먹어보러 다시 방문 하고 싶어요 맛있어 보이는 메뉴들이 좀 더 있었거든요,233,223,1,9
이태리국시,yeonma,22,2026.03.29,1번째 방문,영수증,이태리국시 성수점 남자친구랑 다녀왔는데 분위기부터 음식까지 너무 만족스러웠어요 주문한 메뉴 하나하나 다 맛있어서 제대로 힐링하고 온 느낌이에요 리조또는 고소하고 크리미하면서도 바삭한 식감까지 살아 있어서 계속 손이 갔고 파스타는 오일이 느끼하지도 않고 딱 좋았어요 감튀도 트러플 좋아하시면 완전 추천 전체적으로 양도 넉넉하고 사진 찍기에도 좋았고 데이트 장소로 분위기가 딱이었어요 성수에서 맛집 찾는다면 한 번쯤 꼭 방문해볼 만한 곳이에요,252,245,1,9
이태리국시,pds****,12,2026.02.16,1번째 방문,영수증,요즘 대창파스타 맛집 찾다가 방문했는데 완전 성공이에요  대창이 진짜 잡내 하나도 없고 엄청 고소해요 겉은 쫄깃하고 속은 촉촉해서 씹을수록 고소함이 퍼져요 파스타 면 익힘도 딱 알단테라서 소스랑 너무 잘 어울리고 크리미하면서도 느끼하지 않아서 계속 들어가는 맛이에요 특히 대창이 생각보다 넉넉하게 들어있어서 먹는 내내 행복했습니다  재방문 의사 100이고 대창 좋아하시는 분들은 무조건 드셔보세요 다음엔 다른 메뉴도 도전해볼게요  맛있게 잘 먹었습니다,263,252,1,9
이태리국시,silk5004,13,2026.02.21,1번째 방문,영수증,저장해둔 식당이었는데 근처 볼일이 있어 들렀어요 숯불고기쌈피자 대창곱창 파스타 주문했어요 남편을 대창을 저는 곱창을 좋아해서 시켰는데 맛있네요 한국적인 입맛에 맞춰 메뉴 3가지를 다 먹어도 콜라 생각이 안 날만큼 느끼하거나 더부룩하지 않고 편안하네요 보통 피자 파스타 먹으면 콜라는 기본인데 파스타는 레드 베이스라 딱 좋았고 피자도 도우는 얇고 채소와 치즈도 맛나서 헤비하지 않아 좋았어요 대식가인 우리에게는 두 개는 부족했을것 같고 세 개는 시켜야 배가 좀 찼어요,270,260,1,9
이태리국시,스스무23,24,2026.03.19,1번째 방문,영수증,이태리국시에 다녀왔는데 정말 만족스러운 식사였습니다 우선 매장 분위기가 차분하고 모던해서 데이트하기에 딱 좋더라고요 사진 속 샐러드 피자는 신선한 채소가 듬뿍 올라가 있어서 입맛을 돋우기에 최고였고 도우도 쫄깃해서 마지막 한 입까지 맛있게 먹었습니다 함께 주문한 파스타는 소스가 진하고 면의 식감이 살아있어 깊은 풍미를 느낄 수 있었어요 한식과 이탈리안의 조화가 이색적이면서도 익숙한 맛이라 누구와 와도 호불호 없이 즐길 수 있는 곳인 것 같습니다 재방문 의사 100예요,271,263,1,9
이태리국시,웅수23,27,2026.03.25,1번째 방문,영수증,분위기 좋고 음식 퀄리티도 만족스러운 파스타집이에요 매장 들어가자마자 깔끔한 인테리어가 눈에 들어오고 전체적으로 편하게 식사하기 좋은 분위기였습니다 주문한 파스타는 면 식감이 딱 적당하게 잘 살아 있었고 소스도 너무 과하지 않으면서 재료 맛을 잘 살린 느낌이었어요 양도 적당한 편이라 한 끼 식사로 충분했고 플레이팅도 깔끔해서 사진 찍기에도 괜찮아요 직원분들도 친절해서 전반적인 식사 경험이 좋았습니다 재방문 의사 있고 분위기 좋은 파스타집 찾는 분들한테 추천할 만한 곳이에요,276,266,1,9
이태리국시,asdfiw,16,2026.02.17,1번째 방문,영수증,리뷰 성수동에서 만난 신선하고 감각적인 퓨전 양식 이태리국시 성수동 나들이 중에 방문한 이태리국시 결론부터 말하자면 기대 이상으로 기분 좋은 한 끼였습니다 매장에 들어서자마자 느껴지는 깔끔하고 세련된 분위기가 성수동 특유의 힙한 감성과 잘 어우러져 식사 전부터 기대감이 높았습니다 가장 인상적이었던 점은 재료의 신선함입니다 한식과 양식을 조화롭게 풀어낸 메뉴들이 생소하지 않으면서도 독특한 풍미를 자랑하더군요 식재료 본연의 맛이 잘 살아있어 입안에서 느껴지는 신선도가 훌륭했습니다,282,268,1,9
이태리국시,ah****,21,2026.01.30,1번째 방문,영수증,가봐야지 점찍어뒀던 이태리국시를 드디어 방문했습니다 기대보다 더 깔끔하고 멋진 인테리어에 창가자리에 앉을 수 있었어요 순한맛 매운맛 조합으로 시켜봤는데 럭키하게도 성공 얇은 스파게티 면이 부담스럽지 않고 깔끔했고 특히 대창 파스타는 진짜 궁금했던 맛이었는데 정말 독특하면서도 진한 맛이었어요 대창이 맛있지만 특유의 냄새와 선도 때문에 늘 고민되는더 정말 성공적이었습니다 무엇보다 뜨끈한 돌판 덕에 마지막 소스까지 따뜻하게 먹을 수 있었는데 그와중에 면은 탱글해서 정말 마지막까지 싹싹 맛있게 비웠답니다,285,280,1,9
이태리국시,해피뭉글이67,13,2026.04.30,1번째 방문,영수증,일주일 전에 예약하고 방문했는데요 분위기가 너무 좋고 음식도 맛있어요 알배추 숯불갈비 샐러드는 강추예요 갈비양념이 은은하고 바질과 양념소스가 잘 어우러져 감칠맛의 끝입니다 숯불대창돌솥파스타는 대창이 식으면 금방 기름 뜨고 식감이 쫄깃함이 떨어지는데 그걸 돌솥이 잘 잡아줘서 먹는동안 식감을 그대로 유지할 수 있고 끝맛의 매콤함이 느끼함을 잡아줘서 퓨전음식으루제대로 맛봤어요 갈비찜버터파스타는 고소하고 아이도 어른도 호불호 없이 즐길 수 있고 짧조름해서 느끼함이 덜해서 좋습니다 직원분들도 너무 친절하셔서 편안하게 식사 잘 즐거마무리 합니다다음에 또 방문할께요,321,312,1,9
이태리국시,jhy****,17,2026.03.26,1번째 방문,영수증,성수에서 제대로 먹은 한 끼  이태리국수는 메뉴 조합이 진짜 미쳤다  반계마늘돌솥리조또 돌솥이라 끝까지 뜨끈하고 마늘향이 진하게 올라와서 완전 중독적  깻잎리코타샐러드 이 조합 누가 생각했지 깻잎 향  리코타 치즈가 이렇게 잘 어울릴 줄이야  대창파스타 고소함 끝판왕 대창이랑 파스타 조합이 이렇게 찰떡일 줄 몰랐음  해산물바지락파스타 깔끔하고 시원한 맛이라 전체 밸런스 잡아주는 느낌 전체적으로 메뉴 하나도 실패 없고 맛도 개성 확실해서 재방문 각 성수 맛집 찾으면 여기 무조건 추천 성수맛집 이태리국수 파스타맛집 리조또맛집 서울맛집 먹스타그램,324,305,1,9
이태리국시,폴인민트,38,2026.01.13,1번째 방문,영수증,성수 맛집으로 검색해서 찾아왔는데 독특한 메뉴도 많고 평이 좋아서 브레이크 타임 기다리고 바로 입장했어요 매장도 넓고 분위기가 좋고 직원분들도 친절하셔서 편안한 시간 보내다 갑니다 서울 오자마자 첫끼를 맛있는 음식으로 먹고 싶었는데 상상 그 이상으로 대만족이였습니다 숯불대창돌솥파스타 대창이 큼지막하게 들어있어 비주얼이 압도적이고 맛은 최고입니다 매콤한 맛이 대창과 잘 어우러져 있어 다먹을 때까지 느끼하지 않아 깔끔하게 맛있게 먹었습니다 반계마늘돌솥리조또 향긋한 마늘향이 풍기며 위에는 구운 치킨이 올라가는데 같이 먹으면 진짜 잘 어울려요 마늘이 크리스피하게 리조또 위에 올라가있어 먹는 내내 식감도 너무 좋았습니다,355,345,1,9
이태리국시,쭈니쭈우운,37,2026.03.29,1번째 방문,영수증,세련된 인테리어와 감각적인 조명 입구부터 성공적인 데이트를 예감케 하는 곳이였어요 직원분들의 세심한 서비스 덕분에 아내와 대접받는 기분으로 완벽한 시간을 보냈어요  메뉴별 한줄평  대창돌솥파스타  돌솥 열기에 녹아든 대창의 고소함 마지막 한 입까지 뜨겁고 진한 풍미가 예술  반계마늘리조또  마늘의 깊은 향과 부드러운 닭고기의 조화 보양식급 든든함과 고급스러운 감칠맛의 끝판왕  알배추갈비샐러드  익힘의 정도가 완벽한 알배추와 육향의 미친 조화 메인 요리 사이에서 중심을 잡아주는 최고의 킥  총평 단순한 식사를 넘어 감동을 선사받은 기분입니다 맛 분위기 서비스까지 빈틈이 없어 서울 올 때마다 무조건 재방문 0순위이네요 강력 추천합니다,384,356,1,9
이태리국시,Laylaaaaaa,86,2026.02.23,1번째 방문,영수증,저희는 오늘 청양봉골레크림파스타랑 불고기쌈피자 시켰고 피자는 도우가 또띠야같은 얇은 도우로 되어있어서 뭔가 타코나 부리또같은 느낌이었구요 피자라고 하면 좀 무거울 수 있는데 채소가 가득있어서 무겁지않고 산뜻한 맛이었어요청양 봉골레크림 파스타는 매운맛이 쎄지않으면서 산뜻하게 입안을 정리해줘서 좋았고 면도 기본 파스타면이랑 다른 면이 오동통해서 전체적으로 식감이 다양해서 좋았습니다평소 먹던 봉골레랑은 다른 느낌 하이볼도 술 못드시는 분들도 드실 수 있을만큼 술맛이 강하지않아서 좋았어요그리고 가게 이름이 이태리국시라고 해서 좀 정겨운 가게 분위기 생각했는데 엄청 세련된 양식당 느낌이라 새롭고 인테리어나 분위기도 좋았습니다데이트장소 찾으시면 이태리국시 추천드려요 잘먹었습니다,393,377,1,9
이태리국시,mellisa90,42,2026.01.24,1번째 방문,예약,오늘 이태리국시에서 진짜 맛있는 퓨전 이탈리안을 맛보고 왔어요  처음 들어보는 메뉴들도 많아서 뭘 시킬지 고민하다가 추천받은 파스타를 주문했는데 와 이건 정말 신의 한 수였어요  알고 보니 이태리 음식을 한국적인 느낌으로 재해석한 퓨전 이탈리안 전문점이더라고요 그래서 그런지 익숙하면서도 새로운 맛이랄까요  특히 소스가 정말 제 취향이었어요 너무 자극적이지도 않고 재료 본연의 맛을 잘 살린 느낌 같이 간 친구도 완전 만족해서 다음엔 다른 메뉴도 꼭 먹어보러 오자고 약속했답니다  분위기도 좋아서 데이트하기에도 딱 좋을 것 같아요  이 쪽 가시면 꼭 한번 들러보세요 후회 안 하실 거예요  진정한 퓨전 이탈리안의 매력을 느낄 수 있는 곳이었어요  이태리국시,393,367,1,9
이태리국시,이꼼지92,12,2026.04.08,1번째 방문,영수증,성수에서 요즘 핫하다는 이태리국시 성수점 다녀왔어요  우리는 숯불불고기쌈피자랑 곱창로제파스타 주문했는데 결론부터 말하면 완전 만족 숯불불고기쌈피자는 이름 그대로 쌈 싸먹는 느낌이라 신기했는데 불고기 향이 진짜 찐하게 나면서 살짝 달달짭짤해서 계속 손이 가더라구요 같이 나오는 채소랑 싸먹으면 느끼함도 잡혀서 더 좋았어요 곱창로제파스타는 솔직히 기대 이상 곱창이 질기지 않고 고소하게 잘 익혀져서 로제소스랑 진짜 잘 어울렸어요 크리미한데 살짝 매콤해서 물리지 않는 맛 둘이서 먹는데 계속 이거 뭐야 왜 맛있어 하면서 먹음 전체적으로 메뉴 조합이 독특한데도 맛 밸런스가 잘 맞아서 만족스러운 식사였어요 성수 데이트나 친구랑 가기 딱 좋은 곳 다음엔 다른 메뉴도 도전해볼 예정,394,375,1,9
이태리국시,imochan,51,2026.02.14,1번째 방문,예약,모두 맛있게 보여서 많이 고민했다 우리는 숯불대창돌솥파스타25000숯불불고기쌈피자25000맥주를100002 주문했다 정말 모두 맛있었다다른 테이블도 창돌솥파스타를 주문하시네요다음에는 다들 시킨 반계마늘돌솥리조토도 먹어야겠다 주의 할 점 주말이라면 반드시 예약 필수 예약금 1명당 5000 우리 2명으로 10000였다 하지만 자리는 넉넉한 4명 테이블  리뷰 사진에서는 홀이 넓어 보였지만 생각보다 좌석 수가 적었다 천장이 높아서인지 수다 소리가 울려 퍼지고 대화 나누기에는 좀 어렵다 테이블 이용은 90분 요리가 나오기까지 시간이 조금 걸린다아마 15분은 기다린 것 같아그래서 바로 시간이 된 느낌이 들었다 하지만 요리는 정말 맛있었다,407,355,1,9
금금,새돌2,20,2026.05.04,1번째 방문,영수증,너무 맛있어요,7,7,0,6
금금,jik****,17,2026.05.05,1번째 방문,영수증,너무 맛있어요,8,7,0,6
금금,단팥스프,56,2026.03.20,1번째 방문,영수증,잘 먹었습니다,8,7,0,6
금금,5mock2,37,2026.04.12,1번째 방문,영수증,맛있게 잘먹었습니다,10,10,0,6
금금,고수다고수,34,2026.05.09,1번째 방문,영수증,맛있어요 또올게요,11,9,0,6
금금,빡구4,81,2026.03.21,1번째 방문,영수증,감사합니다 잘먹었어요,12,11,0,8
금금,안녕하세여182729,38,2026.04.08,1번째 방문,영수증,진짜맛았어요,12,6,0,6
금금,그냥마냥63,1783,2026.04.26,1번째 방문,영수증,성수 맛집 잘먹고 갑니다,13,13,0,8
금금,빛4947,46,2026.04.12,1번째 방문,영수증,이색메뉴도 맛두 굿굿,13,11,0,8
금금,siy****,20,2026.05.01,2번째 방문,영수증,네번째방문 맛있어요,13,10,0,7
금금,duckkkk7249,19,2026.04.27,1번째 방문,예약,친절하고 분위기 좋습니다,13,13,0,8
금금,gun8751,14,2026.04.07,1번째 방문,영수증,너무 맛있어요 강추입니다,13,13,0,8
금금,holly60,42,2026.04.15,2번째 방문,영수증,직장 근처여서 종종 와요,13,13,0,9
금금,ssy****,30,2026.03.17,1번째 방문,영수증,음식이 깔끔라고 담백해요,13,13,0,8
금금,sylvenomster,15,2026.03.26,1번째 방문,예약,음식이 깔끔하고 맛있어요,13,13,0,8
금금,미찌23,92,2026.03.03,1번째 방문,영수증,맛있게 잘 먹었어요,14,10,0,6
금금,SGS55,59,2026.04.09,1번째 방문,영수증,비주얼만큼특별합니다 재방,14,13,0,8
금금,dba****,19,2026.05.07,1번째 방문,영수증,너무 맛있고 친절하세요,14,12,0,8
금금,블리츠41,47,2026.03.26,1번째 방문,영수증,먹어보고싶었는데 맛도리에용,14,14,0,8
금금,dke****,31,2026.04.16,2번째 방문,영수증,항상 맛있게먹고있습니닿,14,12,0,9
금금,코쿠루9,65,2026.04.09,1번째 방문,예약,너무 친절하고 맛있어요,14,12,0,8
금금,anthem2427,38,2026.05.07,1번째 방문,영수증,깔끔하고 음식이 특별해요,15,13,0,8
금금,소심한블래기,1,2026.04.27,1번째 방문,영수증,재료가 신선하고 맛있어요,15,13,0,7
금금,FlowDia,48,2026.02.27,1번째 방문,영수증,음식이 정갈하고 맛있어요,15,13,0,8
금금,hon****,10,2026.03.24,1번째 방문,영수증,맛있어요 양많아요 나들이최고,15,15,0,8
금금,sy0423,3,2026.04.26,1번째 방문,영수증,항상 신선하고 맛있습니다,15,13,0,7
금금,jeo****,19,2026.03.23,1번째 방문,영수증,동생이랑 먹는데 넘 맛잇어용,15,15,0,8
금금,Happy32178,9,2026.03.01,1번째 방문,영수증,맛있게 먹었습니다 깔끔해요,15,14,0,8
금금,dke****,31,2026.04.19,3번째 방문,영수증,언제나 맛있게 먹고있습니다,15,14,0,9
금금,콩수달,36,2026.04.17,1번째 방문,영수증,분위기 좋고 맛있어요,15,11,0,8
금금,김빱말이,97,2026.03.14,1번째 방문,영수증,너무 깨끗하고 맛있었어요,15,13,0,8
금금,lililili84,39,2026.03.19,1번째 방문,영수증,퓨전 한식 너무 맛있습니다,15,14,0,8
금금,my****,14,2026.02.14,1번째 방문,영수증,욘나 맛있어요 진짜로 최고,15,14,0,8
금금,102****,20,2026.05.07,1번째 방문,영수증,음식이 깔끔하고 맛있어요,16,13,0,8
금금,ellena929,34,2026.04.22,1번째 방문,영수증,너무 신선하고 맛있어요,16,12,0,8
금금,gai****,12,2026.02.24,1번째 방문,예약,맛있었어용,16,5,0,6
금금,1971,29,2026.03.13,1번째 방문,예약,너무 맛있어요 또 오고 싶어요,16,16,0,8
금금,나야나54,20,2026.04.19,1번째 방문,영수증,보리된장국수 진짜 꼭 드세요,17,15,0,8
금금,sha****,40,2026.05.06,1번째 방문,영수증,너무 맛있고 기분좋게 먹었어요,17,16,0,8
금금,고구마78,31,2026.05.09,1번째 방문,영수증,조금 기다렸지만 핫한거같아요,17,15,0,8
금금,kjy****,33,2026.04.22,1번째 방문,영수증,맛있게 배부르게 잘 먹었습니다,17,16,0,8
금금,pro아가리어터,23,2026.03.15,1번째 방문,영수증,맛있었어요 잘먹었습니당,17,12,0,8
금금,녕녕이이,278,2026.03.20,1번째 방문,영수증,분위기도 좋고 음식도 맛있어요,17,16,0,8
금금,휴이91,6,2026.05.04,1번째 방문,영수증,맛보기 수육 맛있게 먹었습니다,17,16,0,8
금금,hwa****,24,2026.03.28,1번째 방문,영수증,너무 맛있게 잘 먹고 왔습니다,17,16,0,8
금금,Chris Kim69,10,2026.04.19,1번째 방문,영수증,깔끔한 한상 잘 먹었습니다,17,14,0,8
금금,dlf****,14,2026.04.12,1번째 방문,영수증,처음 방문인데 너무 만족합니다,17,16,0,8
금금,che2tos,12,2026.03.02,1번째 방문,영수증,와 개처우마이 진짜 존맛탱임,18,15,0,8
금금,jb63,21,2026.03.27,1번째 방문,영수증,음식이 깔끔하고 너무 맛있어요,18,16,0,8
금금,코로나4528,52,2026.03.21,1번째 방문,영수증,너무 맛있는 성수 맛집 입니다,18,16,0,8
금금,콩깨,116,2026.03.14,1번째 방문,영수증,마싯서요 분위기도 좋아서 좋습니다,18,18,0,8
금금,Larr,33,2026.03.09,1번째 방문,영수증,맛있어요 또 올게요 추천합니다,18,16,0,8
금금,성키29,34,2026.05.01,1번째 방문,영수증,아이랑 오서 먹기 메뉴가 좋아요,19,17,0,8
금금,dal****,36,2026.04.06,1번째 방문,영수증,아이도 어른도 잘 먹어요 맛있어용,19,18,0,8
금금,hxexun64,39,2026.05.01,1번째 방문,영수증,너무 맛있어요  깔끔해서좋아요,19,16,0,8
금금,우두두로,86,2026.05.02,1번째 방문,영수증,대기는 좀 잇지만 무난히 맛잇습니당,19,19,0,8
금금,hello9621,239,2026.04.19,1번째 방문,영수증,깔끔하고 점심 먹기 좋은 곳 같아요,19,19,0,8
금금,빠삐5646,32,2026.03.24,1번째 방문,영수증,너무 맛있어요 재방문의사 백프로,19,17,0,8
금금,짱구야아,14,2026.04.23,1번째 방문,영수증,음식 넘넘 맛있어용,19,10,0,6
금금,레빗38,19,2026.05.06,1번째 방문,영수증,직원들이랑 자주 오는데 맛집이에용,19,18,0,8
금금,112018,6,2026.03.27,1번째 방문,영수증,한국식으로 신선한 메뉴인데 맛있네요,19,19,0,8
금금,송파방아깨비,432,2026.03.21,1번째 방문,영수증,음식도 깔끔하고 맛있고 정갈해요,19,17,0,8
금금,he****,1,2026.04.20,1번째 방문,영수증,새로운 메뉴가 많아서 와봤어요,19,16,0,7
금금,횽웡잉,19,2026.03.13,1번째 방문,영수증,맛있아욘 담에 또 올게요,19,13,0,8
금금,가연62,18,2026.04.27,1번째 방문,영수증,마싯어요  된장국수 진짜 마싯어용,20,18,0,8
금금,뵤80,24,2026.04.16,1번째 방문,영수증,맛있어용 분위기도 좋고 정갈해용,20,17,0,8
금금,ehfrmfdl,15,2026.03.15,1번째 방문,영수증,친절하시고 음식도 맛있어서 좋았어용,20,19,0,8
금금,nawiz,17,2026.03.13,1번째 방문,영수증,분위기 좋구 음식두 특이해요,20,15,0,8
금금,크흠91,12,2026.03.21,1번째 방문,영수증,기대하고 왔는데 맛있게 잘 먹었습니다,20,20,0,8
금금,Erin0901,24,2026.04.28,1번째 방문,영수증,맛이어용 값어치하는맛,20,11,0,8
금금,Frisbey,24,2026.03.06,1번째 방문,영수증,메뉴가 깔끔해요 인테리어도 아늑해요,20,19,0,8
금금,snk****,82,2026.04.13,1번째 방문,영수증,맛있고 가성비 있어요 음식이 깔끔해요,21,20,0,8
금금,Myjaynme,13,2026.05.08,1번째 방문,영수증,양도 든든하고 맛있어요 분위기도 좋아요,21,21,0,8
금금,곰발90,23,2026.05.04,1번째 방문,영수증,맛잇어서 먹다가 찍었어요 진짜 맛잇어요,21,21,0,8
금금,서연글,31,2026.04.19,2번째 방문,영수증,너무 맛있어서 5번 넘게 왔네요,21,17,0,9
금금,배강토72,22,2026.03.21,1번째 방문,영수증,분위기도 좋고 음식도 다 너무 맛있어요,21,21,0,8
금금,박경갑,12,2026.04.10,1번째 방문,영수증,맛도 정말 맛있고 시설도 깨끗해요,21,18,0,8
금금,fan****,101,2026.01.25,1번째 방문,영수증,묵참 맛있네요  국수도 맛있어요,21,17,0,8
금금,하늘보리좋아,94,2026.04.25,1번째 방문,영수증,음식 깔끔하고 맛잇어요 대표메뉴 추천해요,22,22,0,8
금금,j12uni,27,2026.04.28,1번째 방문,영수증,친구랑 방문했습니다  분위기 좋아요,22,19,0,8
금금,놀튼,27,2026.04.12,1번째 방문,영수증,음식들도 너무 맛있고 분위기도 좋아요,22,20,0,8
금금,hy 76,46,2026.03.29,1번째 방문,영수증,성수 맛집 어떤 메뉴를 시켜도 실패없삼,22,21,0,8
금금,산도라,60,2026.04.22,1번째 방문,영수증,우연히 왔는데 분위기도 좋고 맛잇어요,22,20,0,8
금금,solee16,106,2026.04.17,1번째 방문,영수증,넘 맛있고 메뉴도 특별해서 조아요,22,18,0,8
금금,토끼9530,4,2026.05.07,1번째 방문,영수증,음식이 맛있고 직원분들도 너무 친절하세요,22,22,0,7
금금,담2038,57,2026.03.20,1번째 방문,영수증,맛잇다해서 소문듣고 왔습니다 맛있어요,22,20,0,8
금금,먹다남은피자,13,2026.04.10,1번째 방문,영수증,된장국수랑 갈비비빔밥 먹었어요 맛있어요,22,21,0,8
금금,이정은75,26,2026.03.18,1번째 방문,영수증,너무 맛있고 특색있는 메뉴가 많아요,22,19,0,8
금금,199****,3,2026.04.19,1번째 방문,영수증,종종 오는데 항상 무난하게 맛나고 좋아용,22,22,0,7
금금,ksd****,20,2026.05.02,1번째 방문,영수증,묵참 맛있었어용 비빔면도 면도 탱글해요,23,21,1,9
금금,HeYePei,17,2026.04.21,1번째 방문,영수증,맛문어비빔밥 꼭 드세요3,23,13,0,8
금금,스카이094,1079,2026.04.07,1번째 방문,영수증,너무 맛있게먹었어요 하나하나 다 맛있네요,23,22,0,8
금금,yoni64,5,2026.05.09,1번째 방문,영수증,보리된장국수랑 초계국수 둘다 맛있었습니다,23,22,0,7
금금,innovator68,11,2026.05.09,1번째 방문,영수증,너무 너무 맛있어요 보리된장 국수 최고,23,21,0,8
금금,Ue36,58,2026.04.27,1번째 방문,영수증,맛있게 잘 먹었습니다 다음에 또 올게여,23,21,0,8
금금,utopian0,164,2026.03.21,1번째 방문,영수증,웨이팅 앱 등록하고 먹었어요 넘 맛있어요,23,22,0,8
금금,드림렌,1,2026.04.22,2번째 방문,영수증,몇 년 만에 재방문했는데 언제나 맛있어요,23,22,0,8
금금,her****,57,2026.04.19,1번째 방문,영수증,기대 하고 들어와도 맛있게 먹을 수 있어요,24,23,0,8
금금,phw****,5,2026.05.05,1번째 방문,영수증,친구랑 왔는데 완전 존맛 다음에 또 올래요,24,23,0,7
금금,Dlakzmekk82,46,2026.04.05,1번째 방문,영수증,처음 와봤는데 음식도 빨리 나오고 맛있었어요,24,24,0,8
금금,노란40,84,2026.03.31,1번째 방문,영수증,합리적 가격에 너무 맛있게 잘먹었습니다,24,21,0,8
금금,chlrkd56,14,2026.02.23,1번째 방문,영수증,자주와요 국수가 맛있아요 된장국수 추촌,24,21,0,8
금금,별명8178,16,2026.03.29,1번째 방문,영수증,음식이 전체적으로 맛있어요특히 문어덮밥,24,21,0,8
금금,암사공고생,5,2026.03.13,1번째 방문,영수증,맛있어요 한식이랑 일식 퓨전음식 같아요,24,21,0,7
금금,1004uknow,182,2026.05.01,1번째 방문,영수증,너무맛있어서 또 오고 싶네요 다음에도 올께요,25,24,0,8
금금,쁘띠뿌니,11,2026.05.01,1번째 방문,영수증,자극적이지 안고 고기랑 된장국수가 잘 어울린다,25,25,1,9
금금,냠냠4573,16,2026.05.02,1번째 방문,영수증,메뉴 엄청 빠르게 나오고 직원분들이 친절해요,25,24,0,8
금금,pewpewww,34,2026.04.05,1번째 방문,영수증,넘 맛있어요 외국인 친구도 맛있다고 하네용,25,23,0,8
금금,vix****,19,2026.02.24,1번째 방문,영수증,들어가자마자 냄새가 좋아요 다 맛이써요,25,21,0,8
금금,김시우14,12,2026.04.27,1번째 방문,영수증,분위기 좋아보여서 들어왔는데 넘 맛났어요,25,22,0,8
금금,il****,37,2026.03.24,1번째 방문,영수증,일본에서 먹은 갈비덮밥이랑 맛이 비슷했습니다,25,24,0,8
금금,꾸러기3366,25,2026.03.26,1번째 방문,영수증,맛있고 분위기 좋아요 직원분도 넘 친절해요,26,23,0,8
금금,지수094,53,2026.04.05,1번째 방문,영수증,음식 너무 맛있고 직원분들도 너무 친절하세요,26,24,0,8
금금,Gnoheaz,31,2026.03.13,1번째 방문,영수증,메뉴도 특별하고 너무 맛있었어요 잘 먹었습니다,26,25,0,8
금금,토매니저47,15,2026.04.24,1번째 방문,영수증,정갈하게 나와서 마음에들어요 맛있게먹겠습니다,26,24,0,8
금금,yeppiyes,32,2026.03.14,1번째 방문,영수증,금금만 10번짝 믿고보는 맛집 베뤼굿 또 와야징,26,26,0,8
금금,구포동토레스,30,2026.04.19,1번째 방문,영수증,먹는다고 정싱 팔려서 메인 음식을 못찍었어요,26,24,0,8
금금,돌고Rae07,67,2026.02.08,1번째 방문,영수증,메뉴가 너무 특별하고 정말 맛나요 추천합니다,26,24,0,8
금금,다람08,77,2026.04.24,1번째 방문,영수증,좋아용 특별한데 친숙한 메뉴라 다음에 또 올듯요,26,26,0,8
금금,LinLeeFD,26,2026.05.08,2번째 방문,영수증,믿고 가는 퓨전한식 맛집이에요 맛있어요,27,21,0,9
금금,cnm****,13,2026.05.05,1번째 방문,영수증,음식이 정갈하고 넘 맛있어요 다음에 또 올게요,27,25,0,8
금금,sar****,35,2026.04.12,1번째 방문,영수증,음식이 깔끔하고 정갈해요 맛있게잘먹었습니당,27,23,0,8
금금,조원종,36,2026.02.22,1번째 방문,영수증,국수랑 덮밥 너무 맛있어요 2명이서 먹기 딱좋아요,27,27,0,8
금금,쭌266,97,2026.04.05,1번째 방문,영수증,보리된장 국수랑 들기름 국수 너무 맛있어요,27,23,0,8
금금,iiso96,38,2026.02.15,1번째 방문,영수증,음식이 다 너무 맛있어요 또 올거에요,27,20,0,8
금금,dlt****,28,2026.04.28,1번째 방문,영수증,진짜 너무마싯어서 놀랐습니다 성수오면 또올거같아요,27,27,1,9
금금,HIHIHIHIH,397,2026.03.10,1번째 방문,영수증,된장국수가 참 맛있네요 직원분들도 친절해요,27,23,0,8
금금,매실9540,27,2026.01.29,1번째 방문,영수증,항상 가는 맛집이에요 너무 맛있습니다,27,20,0,8
금금,다이나믹런,81,2026.03.16,1번째 방문,영수증,너무 맛있어요 저는 부모님이랑 친구랑 자주옵니다,27,26,0,8
금금,3301003030,21,2026.05.01,1번째 방문,영수증,다 처음보는 메뉴인데도 너무 맛있어서 놀랐어요,28,25,0,8
금금,dbw****,59,2026.04.25,1번째 방문,영수증,생각한것보다 훨씬 맛있어서 놀랬어요 존맛 또와야지,28,27,0,8
금금,amy****,8,2026.05.07,1번째 방문,영수증,음식이 맛있고 직원들이 친절해서 혼밥하기 좋았어요,28,27,0,8
금금,M127,9,2026.04.30,1번째 방문,영수증,매장이 아늑해서 분위기가 좋고 진짜 맛집이에요,28,25,0,8
금금,FusionSoft,7,2026.03.21,1번째 방문,영수증,친절하시고 맛있어요 음식도 너무 맛있어요 강추 강추,28,28,0,8
금금,최승호8,29,2026.03.22,1번째 방문,영수증,오랜만에 방문해서 맛있게 잘 먹었습니다 또 올게요,28,27,0,8
금금,알9186,130,2026.02.03,1번째 방문,영수증,정갈하고 맛있어서 자꾸 찾게되는곳 메뉴 다 맛있음,28,27,0,8
금금,ohlli,21,2026.02.09,1번째 방문,영수증,명란감자전이랑 들기름메밀국수 둘다 꼬숩고 맛있어요,28,27,0,8
금금,soli33,30,2026.01.30,1번째 방문,영수증,특이한 매뉴 깔끔 매장 친절 응대 추천하고싶요,28,25,0,8
금금,이수지8278,14,2026.04.25,1번째 방문,영수증,들기름 국수가 너무 맛있어요 다음에 또 올거에요,29,26,0,8
금금,소고기5,54,2026.03.26,1번째 방문,영수증,음식 맛이 깔끔하고 맛있네요 다음에 또 올게요,29,25,0,8
금금,채채926202,41,2026.02.27,1번째 방문,영수증,퓨전한식인데 너무 맛있어요 퓨전중에 젤 마싯는거같아용,29,29,0,8
금금,gus****,13,2026.02.28,1번째 방문,영수증,대기가 많고 음식이 맛있어요 국수가 특이해서 맛있어요,29,29,0,8
금금,voy****,12,2026.03.07,1번째 방문,영수증,너무맛있고 건강한맛이에요 맛집으로 추천드립니다,29,25,0,8
금금,동284,20,2026.03.19,1번째 방문,영수증,캐주얼한 한식을 즐길 수 있어서 좋네요 맛있어요,29,26,0,8
금금,joydaeunn,13,2026.03.27,1번째 방문,영수증,첫 방문이었는데 넘 맛있었어요 재방문 하겠습니다,29,26,0,8
금금,scl****,19,2026.03.15,1번째 방문,영수증,수육이 기가 막히고 된장이 굉장히 잘어울립니다 강추,29,28,0,8
금금,민52,80,2026.03.12,1번째 방문,영수증,맛있게 잘 먹구 갑니당 들기름국수 너무 마싯어요,29,26,0,8
금금,ssujinKim,89,2026.03.10,1번째 방문,영수증,본점이랑 차이 없이 너무 맛있어요 잘 먹고 갑니다,29,27,0,8
금금,양8597,17,2026.03.22,1번째 방문,영수증,예약이안되서 대기걸고 들어갔어요 콜키지 되고 맜있어요,29,29,0,8
금금,누니68,18,2026.04.17,1번째 방문,영수증,맛있어요 기다린 보람잇고 보리된장국수 진짜 꼭 드셍,30,28,0,8
금금,spe****,113,2026.04.15,1번째 방문,영수증,너무너무 맛있어요 성수 놀러온 친구랑 잘 먹었습니다,30,28,0,8
금금,쌍둥이둥이,7,2026.05.09,1번째 방문,영수증,매장 깔끔하고 엄청 친절하세용 음식 정갈하게 잘나오네유,30,30,0,8
금금,ㄱㄷㄹ14,54,2026.04.29,1번째 방문,영수증,메뉴가 특별하고 너무 친절하세요 유명한메뉴들로 시켰어요,30,30,0,8
금금,정도윤1224,33,2026.05.01,1번째 방문,영수증,보리된장국수랑 묵은지 참치말이 시켰어요 잘먹고갑니다,30,28,1,9
금금,아라985655,15,2026.04.29,1번째 방문,영수증,친절하고 맛있어요 웨이팅도 빨리 빠지는 편이에요,30,26,0,8
금금,개구리8163,25,2026.03.12,1번째 방문,영수증,지인이랑 방문했는데 기분좋게 맛있게 먹고 갑니다,30,26,0,8
금금,바닐라3114,6,2026.05.09,1번째 방문,영수증,재방문인데 여전히 맛있어요 보리된장국수 강추 입니다,30,28,0,8
금금,영구없지롱,45,2026.02.13,1번째 방문,영수증,퓨전한식인데 너무너무 맛있어요 웨이팅할만하네용,30,25,0,8
금금,오아시스39,24,2026.03.21,1번째 방문,영수증,하나하나 신선한 맛이에요 배부르게 먹고갑니다,30,24,0,8
금금,pinkpaisley,8,2026.03.10,1번째 방문,영수증,성수거리랑 가깝구 너뮤맛잇어요 데이트코스로 해요,30,26,0,8
금금,곰발바닥47,31,2026.03.10,1번째 방문,영수증,맛있어요 조용하고 분위기 좋아서 다시 방문하고 싶어요,30,29,0,8
금금,ㅅ2ㄷ6,28,2026.03.08,1번째 방문,영수증,둘이서 와서 세개나 시켰는데 전부 맛있어요 또오고싶어요,30,30,0,8
금금,호준285,20,2026.04.12,1번째 방문,영수증,완전 맛있어용 친절하시고 짱이네요 다음에도 올게요,31,27,0,8
금금,yc530,75,2026.04.02,1번째 방문,영수증,엄청 맛있고 좋아요 직원분들도 친절해서 너무 좋아요,31,28,0,8
금금,꼬만10,491,2026.04.19,1번째 방문,영수증,보리된장국구 강추입니다 반찬도 맛있으니 꼭 드셔보세요,31,29,0,8
금금,새벽2217,28,2026.03.09,1번째 방문,영수증,음식 넘 맛있어요건강한데 맛있어요 직원분 친절하세요,31,28,0,8
금금,Yjjeong,35,2026.03.12,1번째 방문,영수증,너무너맛있고 종업원이 넘 친절해요 담에 또 오겠숩니아,31,29,0,8
금금,ayu****,28,2026.02.22,1번째 방문,영수증,아니 반찬부터 맛있어요 웨이팅은 있는데 매장이 쾌적합니다,31,31,0,8
금금,lgl0269,135,2026.02.10,1번째 방문,영수증,다 깔끔하고 맛있었어요 보리된장국수 특히 추천드립니다,31,29,0,8
금금,hyolim9304,70,2026.02.08,1번째 방문,영수증,맛있어요 보리된장국수랑 묵은지참치말이 조합이 좋아요,31,28,1,9
금금,쮸young,27,2026.01.28,1번째 방문,영수증,오랜만에 한식이 먹고 싶어서 왔는데 맛있을 것 같아요,31,29,0,8
금금,꾸마맘57,319,2026.05.08,1번째 방문,영수증,깔끔하고 담백한 맛이에요 배부르게 잘 먹었습니다,32,26,0,8
금금,dud****,21,2026.04.29,1번째 방문,영수증,감자전 꼭 드세요 미쳐써요 들기름 막국수도 고소하니 맛나요,32,32,0,8
금금,kacjjang,17,2026.02.20,2번째 방문,영수증,재방문인데 역시 넘 맛있어요  덮밥 꼭 드셔보세요,32,27,0,9
금금,쎄,1326,2026.04.30,1번째 방문,영수증,조용하고 맛있어요 음식들이 다 맛나서 계속 자주 오려구요,32,31,0,8
금금,daniel39,46,2026.05.08,1번째 방문,영수증,시원하고 너무 좋아요 신선한 느낌에 트렌디한 국수집이에요,33,31,0,8
금금,고래울음,111,2026.05.02,1번째 방문,영수증,된장국수 궁금해서 왔어용 맛있었습니다,33,20,0,8
금금,sohyun9909,20,2026.04.07,1번째 방문,영수증,너무 맛있더요 된장 국수는 밥도 같이 비벼먹으면 짱,33,28,1,9
금금,둠바둠바밤,9,2026.05.01,1번째 방문,영수증,맛있어요 메뉴도 다른데 없는 메뉴들이 많아서 좋습니다,33,29,0,8
금금,jdy****,27,2026.05.02,1번째 방문,영수증,양도 많고 너무 맛있어요 한식먹고싶을때 또 오고싶네요,33,29,0,8
금금,남지수94,18,2026.03.07,1번째 방문,영수증,음식 정갈하고 이쁘게 나오고 음식 맛있어요 매장도 깨끗해요,33,32,0,8
금금,pme****,6,2026.05.08,1번째 방문,영수증,독특한 퓨전 음식들을 먹을 수 있었어요 맛있고 친절해요,33,30,0,8
금금,쿠피50,5,2026.05.01,1번째 방문,영수증,리뷰이벤트 수육받았어요 웨이팅 긴만큼 맛있었습니다 감사합니다,33,33,0,7
금금,끙비,58,2026.01.26,1번째 방문,영수증,신선하고 맛있었어요 의외로 웨이팅도 별로 없어서 좋았어욤,33,31,0,8
금금,마정우04,32,2026.03.05,1번째 방문,영수증,너무 맛있고 분위기 좋아요 앞으로도 자주 올 듯 싶어요,33,30,0,8
금금,밋넝,25,2026.03.21,1번째 방문,영수증,친구가 맛있다고해서 들기름국수 먹으러왔고 향이 좋습니다 굿,34,32,0,8
금금,Biiisong,33,2026.02.06,1번째 방문,영수증,직원분 너무 친절하시고 보리된장국수 엄청 맛있어요 추천합니당,34,33,0,8
금금,고세정,48,2026.04.17,1번째 방문,예약,맛있었어요 먹느라 사진은 못찍었네요 다음에 또 방문하고싶어요,34,33,0,8
금금,냠냠야미야,90,2026.03.10,1번째 방문,영수증,너무 맛있고 분위기도 좋아요 다음에 또 방문하고 싶어요,34,30,0,8
금금,sojiro0124,29,2026.01.29,1번째 방문,영수증,두번째 방문한 금금 서비스로 수육도 받고 맛있는 식사였어요,34,32,0,8
금금,On the galaxy,73,2026.03.09,1번째 방문,예약,회사 동료들이랑 왔는데 너무 맛있고 가성비도 좋아요 추천,34,31,0,8
금금,룰루푸룬,9,2026.04.07,1번째 방문,영수증,따뜻하게 나온 음식 아기자기하지만 맛은 성수 대표 맛집이네요,34,33,0,8
금금,핑크딸기55,275,2026.05.01,1번째 방문,영수증,지나가다 들렸는데 맛있어요 다음엔 다른 메뉴도 먹어볼려구요,35,32,0,8
금금,HHJ54,13,2026.04.26,1번째 방문,영수증,오픈런으로 바로 들어왔어요 음식이 다 특색있고 맛있어요,35,30,0,8
금금,Ayeong00,25,2026.04.18,1번째 방문,영수증,향긋한 식재료들이 느껴져요 면이 쫀득해서 참 맛있습니다,35,30,1,9
금금,ssu****,108,2026.04.10,1번째 방문,영수증,메뉴가 다 맛있어요 막 자극적이지 않아서 엄마두 잘 드셨어요 굳,35,35,0,8
금금,sen7945,271,2026.04.07,1번째 방문,영수증,정갈한 음식 퓨전 한식 잘 먹고 갑니다 아주 깔끔한 맛이네요,35,33,0,8
금금,jen****,7,2026.05.09,1번째 방문,영수증,메뉴구성이 알차고 정갈해요 맛있습니다 성수 오시면 추천이요,35,32,1,9
금금,망고됴아,714,2026.02.22,1번째 방문,영수증,너무너무 맛있어용  감자전 추천이용 마제소바도 맛잇어용,35,30,0,8
금금,3엘리스3,63,2026.03.24,1번째 방문,영수증,혼밥 하기 좋고 소갈비 덮밥 맛잇어요 맛보기 수육도 존맛탱입니다,35,35,0,8
금금,che****,48,2026.01.29,1번째 방문,영수증,정말 맛있습니다 가격도 괜찮고 직원도 친절합니다 다음에 또올게여,35,35,0,8
금금,연구링,45,2026.04.11,1번째 방문,영수증,너무 맛있어요 종류거 많고 빨리 음식이 나와서 좋아요 추천합니다,35,35,0,8
금금,dlsdud209,47,2026.04.29,1번째 방문,영수증,깔끔하고 정갈하고 맛잇네요  미팅하기도 좋네요  추천합니다,36,32,0,8
금금,박재우입니다,52,2026.05.05,1번째 방문,영수증,맛있는 한식이 다양해서 좋고 벌써 번째 방문이네요 꼭 오세요,36,33,0,8
금금,프리프리00,8,2026.04.28,1번째 방문,영수증,금금 두번째 방문인데 들기름국수는 진짜 너무너무 맛있습니다,36,32,0,8
금금,eodeoddld,63,2026.04.11,1번째 방문,영수증,배부르고 넘 맛잇게 먹었습니다  간이 세지 않아서 좋았어욤,36,32,0,8
금금,082****,92,2026.04.04,2번째 방문,영수증,너무 맛있어서 세번째 방문이에요 들기름 막국수 완전완전 추천해용,36,35,0,9
금금,OooooOoo,5,2026.04.28,1번째 방문,영수증,음식 너무 맛있어요 양도 많고 가격도 착합니당 친구랑 오기 좋아요,36,36,0,7
금금,goffkk,47,2026.04.19,2번째 방문,영수증,너뮤맛있어요 전에도 한번왔는데 더 맛있어진거 같아요 추천,37,31,0,9
금금,ChiliTomato,15,2026.05.02,1번째 방문,영수증,오랜만에 성수에서 찾은 맛집이네요 아이와 함께 식사하기도 좋아요,37,35,0,8
금금,깻잎아빠,39,2026.04.16,1번째 방문,영수증,메뉴가 새롭고 근데 맛도 좋아요 문어국수 늦으면 품절되요 서두르세요,37,37,1,9
금금,ssub00,48,2026.04.21,1번째 방문,영수증,너무 맛있구 예뻐용  다음에 또 방문하겠습니당,37,25,0,8
금금,HK031,16,2026.03.27,1번째 방문,영수증,음식도 맛있고 인테리어도 깔끔해서 맛있게 먹고 갑니다 추천이요,37,34,0,8
금금,눈송쓰173,1,2026.04.14,1번째 방문,영수증,가격대도 좋고 음식도 정갈하게 잘나오고 매장이 깔끔해서 넘좋아요,37,35,0,7
금금,lso0361,27,2026.04.14,1번째 방문,영수증,처음 와본 곳인데 너무 맛있게 잘 먹고 갑니다 최고에용,37,30,0,8
금금,김승범9056,9,2026.05.05,1번째 방문,영수증,덮밥이 너무너무 맛있고 가게 분위기도 너무 좋아요 물도 짱 맛있음,37,36,0,8
금금,뭐라뭐리,13,2026.03.16,1번째 방문,영수증,수원 스필점 갔다가 반해서 성수점으로 또 방문 너무 맛있어요,37,33,0,8
금금,Aaahg,12,2026.05.09,2번째 방문,영수증,한 다섯번째옵니다 여기는 화장실에 에어컨이있습니다 완전 여름에 개굿,37,37,0,9
금금,das****,41,2026.02.28,1번째 방문,영수증,보리된장미친놈입니다 꼭 시키세요 그리고 주말엔 캐치테이블 필수,37,34,0,8
금금,카카진,18,2026.04.14,1번째 방문,영수증,매장도 깨끗하고 음식도 맛있어요 다음엔 다른 메뉴도 먹어보고 싶어요,38,37,0,8
금금,까탈미식가,453,2026.03.03,1번째 방문,영수증,음식들이 정갈하고 맛있어요 보리된장국수 양배추쌈 추천합니다,38,32,0,8
금금,연어12,10,2026.05.02,1번째 방문,영수증,보리된장국수랑 들기름통밀국수 시켰는데 둘다 간도 딱 좋고 맛있었어요,38,37,0,8
금금,쿠바샌드위치,49,2026.02.15,1번째 방문,영수증,문어국수 약간 쫄면같고 맛있어요 특이한 메뉴가 많아서 추천합니다,38,35,1,9
금금,파란사과71,1,2026.03.09,1번째 방문,영수증,깔끔하고 조용해서 좋았습니다 음식도 짜지않게 맛있구요 번창하세요,38,35,0,7
금금,달달3274,21,2026.04.02,1번째 방문,영수증,메뉴가 다양하고 다른 곳에 없는 독특한 메뉴가 많아서 기대됩니다,38,35,0,8
금금,곤뇽임니다,21,2026.05.08,1번째 방문,영수증,메뉴가 특이하구 한식 즐기고싶으면 강추입니다  너무 맛있어요,39,33,1,9
금금,도윤16,22,2026.05.02,1번째 방문,영수증,웨이팅 아깝지 않은 맛이에용  또 와서 다른 것도 먹어보고싶어요,39,35,0,8
금금,gyf****,15,2026.04.02,1번째 방문,영수증,와들기름국수 추천 다른메뉴도 먹어보고 싶을정도로 너무 맛있습니다,39,35,0,8
금금,믄슨일이고,58,2026.03.27,1번째 방문,영수증,넘모넘모마시께먹구갑니닷 소갈비덮밥특히너무깔끔하구맛있아요,39,30,0,8
금금,쭈앵쭈,65,2026.01.27,1번째 방문,영수증,처음 와봤는데 어머니가 마음에 들어하시네요 반찬도 깔끔하니 맛있습니다,39,38,0,8
금금,지니893,62,2026.03.27,1번째 방문,영수증,10분 정도 기다렸고 묵은지 국수 이국적인 향이 나고 묵참 맛있어요,39,37,1,9
금금,MasterSs,16,2026.04.02,1번째 방문,영수증,수육 너무 맛있고 음식도 너무 만족스러웠어요 매장도 청결하고 좋았습니다,40,39,0,8
금금,배가연52,17,2026.05.02,1번째 방문,영수증,식당 분위기도 좋고 직원분도 친절하셔요 다 독특한 맛이고 너무 맛있어요,40,39,0,8
금금,보라색54,26,2026.02.23,1번째 방문,영수증,처음 방문했는데 음식이 맛있고 매장도 깔끔하고 직원분도 너무 친절하세용,40,39,0,8
금금,did****,22,2026.04.20,1번째 방문,영수증,리뷰 잘 안쓰는데 정말 맛있습니다  성수 오시면 꼭 방문해보세요,40,35,1,9
금금,ahh****,22,2026.04.22,1번째 방문,영수증,혼밥하러 왔는데 분위기도 좋고 맛도 좋아요 문어간장비빔밥 추천해요,40,36,0,8
금금,diary515,47,2026.03.20,1번째 방문,영수증,너무 맛있습니다 사진은 못찍었는데 된장국수가 자극적이면서 감칠맛이 좋네요,40,40,1,9
금금,나연2560,21,2026.02.21,1번째 방문,영수증,된장국수 최고에요 기다린게 아깝지 않아요 근래 먹은 것 중 최고,40,35,0,8
금금,토뿌,13,2026.03.29,1번째 방문,영수증,퓨전 한식 짱 맛있어요 앞으로도 성수 올 때마다 종종 들를 것 같아요,40,38,0,8
금금,강진형86,39,2026.01.24,1번째 방문,영수증,우연히 찾아서 처음 방문했는데 너무 맛있었습니다 전체적으로 간이 적당해요,40,40,0,8
금금,박성준721,27,2026.03.02,1번째 방문,영수증,음식이 정갈하고 깔끔해서 좋아요 직원 분들도 친절하시고 맛도 있습니다,40,38,0,8
금금,jyi****,61,2026.01.24,1번째 방문,영수증,음식이 너무 맛있고 공간도 아늑하고 좋아요 모임할따 오시면 좋을거같아요,40,39,1,9
금금,082****,92,2026.02.03,1번째 방문,영수증,너무너무 맛있어서 또 왔어용 맛이 고급져요  데이트 하기 너무 조아용,40,38,0,8
금금,찐맛집투어중,48,2026.03.14,1번째 방문,영수증,너무 맛있어서 또 방문 예정입니다 묵은지참치김밥은 최고,40,30,1,9
금금,vic****,36,2026.03.08,1번째 방문,영수증,들기름 국수 진짜진짜 맛있어요 문어 간장 비빔밥도 깔끔하게 맛있습니다,40,38,0,8
금금,로이랑이가오,27,2026.03.10,1번째 방문,영수증,생일 기념으로 예약해서 왔는데 가게 분위기도 좋고 음식이 너무 맛있어요,40,39,0,8
금금,감자튀김쥬아,84,2026.05.04,1번째 방문,영수증,메뉴가 특별해요 너무 맛있고 좋아요 부모님이랑도 오고싶은 음식입니다,41,37,0,8
금금,250527,21,2026.05.09,1번째 방문,영수증,맛있어요 예약이용하면 시간은 조금 걸려도 주문까지 바로 가능해서 좋아요,41,39,1,9
금금,봄아0005,24,2026.04.05,1번째 방문,영수증,양도 적당하고 맛이 깔끔하고 좋았어요 데이트로 딱인 식당인 것 같습니당,41,39,0,8
금금,엣지걸슈즈,217,2026.03.14,1번째 방문,영수증,메뉴가 특색 있고 맛있어요 퓨전 그 자체  다음에 또 오고 싶어요,41,36,0,8
금금,기러기러기,54,2026.04.21,1번째 방문,영수증,정갈하고 맛있는 한끼였어용 묵은지참치 양이 많고 배부르게 먹엇습니당,41,37,1,9
금금,luvev,34,2026.03.14,1번째 방문,영수증,퓨전한식 맛있어요 토요일 오후 3시45분에 왔더니 웨이팅없이 들어왔어요,41,39,0,8
금금,Shery7,7,2026.04.11,1번째 방문,영수증,성수 구경하고왔는데 음식너무맛있고 정갈해요 둘이서같이 오기 딱 좋아요,41,38,0,8
금금,여누6,8,2026.04.22,1번째 방문,영수증,깔끔하고 분위기 좋은 식당이에요 메뉴도 너무 맛있어서 잘 먹고 갑니다,41,38,0,8
금금,houes728,45,2026.03.02,1번째 방문,영수증,국수는 너무 담백하고 꾸덕하고 전체적으로 자극적이지 않고 담백한 맛이에요,41,40,0,8
금금,darren00,2,2026.04.07,2번째 방문,영수증,오늘도 여전히 맛있었어요 고기말이도 최고 직원분 너무 친절하세요,41,35,1,9
금금,나나밍뇽,19,2026.03.24,1번째 방문,영수증,라스트 오더 마감 하셨는데도 해주셨어요 너무 감사하고 음식이 맛있어요,41,38,0,8
금금,Djqonx,44,2026.02.21,1번째 방문,영수증,음식이 친절하고 사장님이 멋져요 우리아빠 영양간식 우리아이 술안주,41,36,0,8
금금,La dolce vita9,77,2026.04.15,1번째 방문,영수증,맛도 자극적이지 않으면서도 입맛돌게 잘 먹었어요 면이 진짜 쫄깃하고 맛있어요,42,42,1,9
금금,보라천사,521,2026.02.12,1번째 방문,영수증,한국식 마제소바 매콤하니 맛있어요 아이랑 먹을 수 있는 메뉴도 있어서 좋아요,42,42,0,8
금금,승몽,27,2026.03.21,1번째 방문,영수증,보리된장국수랑 수육이 정말 독특하면서 맛있어요 웨이팅한 보람이 있네요,42,38,1,9
금금,YEAYUN,54,2026.03.27,1번째 방문,영수증,음식도 빨리 나오는 편이라 바로 식사 할 수 있어서 좋았습니다 맛있었어요,42,40,0,8
금금,오리2974,16,2026.04.10,1번째 방문,영수증,빨리빨리 줄어들어서 웨이팅도 길게 안하고 좋았습니다 음식도맛있어요 최고,42,39,0,8
금금,ch****,60,2026.02.14,1번째 방문,영수증,맛있어요 추천받아서 온 보람 있네요 성수오면 다른 메뉴도 먹어보려구요,42,38,1,9
금금,pic****,18,2026.03.25,1번째 방문,영수증,정갈하고 맛있는 집이네요 깔끔하고 맛난 음식 찾으신다면 만프로 추천드립니다,43,41,1,9
금금,asdfsz,22,2026.05.09,1번째 방문,영수증,한입 먹자마자 너무 맛있어서 좋았어요 마제소바 짱짱 맛있어요,43,33,0,8
금금,baobab treeee,95,2026.04.25,1번째 방문,영수증,금금은 개인적으로 제가 좋아하는 한식집인데 올때마다 이 메뉴들은 꼭 먹어요,43,41,0,8
금금,99콘조아,23,2026.04.24,1번째 방문,영수증,너무 맛있어서 자주 오는 곳입니다 갈수록 인기가 많아지네요 문어 국수 최고,43,41,0,8
금금,오송으로어서오송,41,2026.02.08,1번째 방문,영수증,메뉴들이 신기하고 넘 맛났어요 먼가 깔끔한 맛이었어요  음식들이,43,35,0,8
금금,성성66,35,2026.03.10,1번째 방문,영수증,화장실이 깔끔해서 놀랐고 메뉴도 기대이상으로 맛있어서 너무 좋은 시간 이었어요,43,43,0,8
금금,immense,9,2026.02.18,1번째 방문,영수증,성수동 와서 처음 방문해보는데 음식이 너무 깔끔하고 맛있어요 역시 한식,43,39,0,8
금금,수프냠냠,113,2026.02.28,1번째 방문,영수증,보리된장국수 완전 맛있어요 한국식 마제소바 밥도 추가로 받아서 섞어먹으면 굿,43,42,1,9
금금,ban****,12,2026.05.09,1번째 방문,영수증,음식이 깔끔하고 너무 맛있어요 직원분들도 너무 친절하시고 데이트하기 딱 좋아요,43,43,0,8
금금,sty****,12,2026.05.05,1번째 방문,영수증,음식도 맛있고 분위기도 좋아요 가족들이랑 함께 왔는데 좋은 시간 보내고 갑니다,43,43,0,8
금금,하마살,35,2026.02.23,1번째 방문,영수증,묵은지참치 조합이 너무 좋고 특히 국수가 너무 맛있어요 보리된장국수 강추,43,40,1,9
금금,pppp19,22,2026.03.20,1번째 방문,영수증,너무 맛있어요 다른 메뉴들도 너무 궁금해서 다음엔 친구랑 방문하려구요,43,38,0,8
금금,dlx****,4,2026.04.25,1번째 방문,영수증,이거 뭐임왤케 맛있음 보리국수 레전드 맛집 맛의 밸런스가 너무나도 훌륭함,44,40,0,7
금금,ZZINC,20,2026.03.09,1번째 방문,영수증,엄마랑 왔는데 배부르고 맛있게 잘 먹었어요 새로운 한식이라 다들 잘 먹었어요,44,42,0,8
금금,이거쓰지말라고,6,2026.05.09,1번째 방문,영수증,양도 많고 맛있어요 생소한 메뉴라 더 재밌게 먹었습니다 직원분들도 친절하세요,44,42,0,8
금금,뚠빵춘식,9,2026.04.20,1번째 방문,예약,보리된장국수가 생각보다 진짜 너무 맛잇어서 놀라웟음 특이한 퓨전 음식이라 구웃,44,43,0,8
금금,옥고미,40,2026.02.01,1번째 방문,영수증,되게 특이한 메뉴들이 많았어요 반찬도 맛있고 시킨 음식들이 다 맛있었어요,44,40,0,8
금금,내일도맑음9416,15,2026.03.21,1번째 방문,영수증,성수 맛집 금금 보리된장국수와 소갈비 덮밥 묵은지참치말이까지 다 맛있어요,44,40,1,9
금금,잉당영,26,2026.02.07,1번째 방문,영수증,성수 올 때마다 먹으러 옵니다 음식이 다 맛있고 부담스럽지 않아서 좋아요,44,40,0,8
금금,예현15,63,2026.01.19,1번째 방문,예약,서울 여행 첫째날 성수동에 들렀다가 왔어요 특별하고 맛있는 저녁으로 추천합니다,44,43,0,8
금금,Jello6,2,2026.02.20,1번째 방문,영수증,음식이 맛있고 가격도 좋습니다 국수 2 사이드 1로 둘이서 배부르게 먹었습니다,44,43,0,7
금금,눈팅유저,20,2026.03.02,1번째 방문,영수증,저번에 친구랑 오고 또 와서 다른 메뉴도 먹어봤는데 이번에도 맛있게 먹었습니다,44,43,0,8
금금,뚱이7129,670,2026.02.23,1번째 방문,영수증,마늘쫑이 생각보다 맛있어서 곁들여 먹기 너무 좋아요 음식도 다 맛있어요,44,39,0,8
금금,Tomate13,17,2026.04.20,1번째 방문,영수증,들기름 파스타랑 소갈비덮밥 시켰는데 둘 다 맛있어용 맛있게 잘 먹었습니다,45,40,1,9
금금,함께하는 시간,21,2026.02.07,1번째 방문,영수증,먹어보고 싶은 메뉴가 있어 방문했습니다 깔끔하고 서비스 친절하고 맛있습니다,45,41,0,8
금금,예린1322,11,2026.02.09,1번째 방문,영수증,다 너무 맛있어요 근데 생각보다 양이 진짜 많아요 양 생각하면 가성비도 괜찮은듯,45,44,1,9
금금,루마87,4,2026.02.15,1번째 방문,영수증,간도딱 맞고 음식이 맛있어요 어머니 모시고 왔는데 맘에 들어 하셔서 만족합니다,45,43,0,7
금금,ygk****,80,2026.02.25,1번째 방문,영수증,가격이 싸서 두명이 세개 먹기 좋아요 특별한 메뉴가 많네요 묵은지 문어국수 강추,45,44,1,9
금금,폭풍13,54,2026.03.10,1번째 방문,영수증,잘 다녀왔습니다 나머지는 괜찮은데 예약했는데 생각보다 늦게 들어가게된 게 아쉽네요,45,45,0,8
금금,배구팡94,142,2026.03.14,1번째 방문,영수증,살짝 퓨전 한식인데 다 맛있어여 특히 명란감자전 존맛 성수맛집 데이트로 추천이용,46,44,0,8
금금,hon****,5,2026.03.29,1번째 방문,영수증,메뉴 여러개 시켜 먹었는데 다 맛있어용 보리된장국수랑 들기름통밀국수 맛있습니당,46,43,0,7
금금,4364190,46,2026.01.31,1번째 방문,영수증,색다른 메뉴들이 있어서 좋아요 애매한 시간대에갔더니 럭키하게 웨이팅 없이 들어갔어요,46,46,0,8
금금,yhj****,15,2026.03.14,1번째 방문,영수증,명란새우감자전 맛있어요 보리된장국수가 짭짤하다보니 둘이 잘 어울려서 좋았습니다,46,43,0,8
금금,ale****,20,2026.03.21,1번째 방문,영수증,들기름 막국수 완전 고소하고 맛있어요  근데 진짜 파채 왜이렇게 맛있죠,46,39,0,8
금금,jeling,34,2026.05.09,1번째 방문,영수증,음식이 다 맛있어요 특색있는 맛입니다 초계국수 해가 뜨거운 날 강주해요,47,39,0,8
금금,you****,22,2026.05.07,1번째 방문,영수증,정갈하고 깔끔해요 성수 느낌의 세련되면서 너무 자극적이지 않은 한식 땡길 때 추천,47,45,1,9
금금,jiye****,11,2026.04.26,1번째 방문,영수증,보리된장국수 너무너무 맛있어요 오픈런햤는데 사람 많네용  성수맛집 인정합니다,47,42,0,8
금금,Hyeeru,46,2026.03.25,1번째 방문,영수증,음식도 너무 맛있고 분위기도 좋고 진짜 만족감있는 식사였어요 잘 먹고 갑니당,47,42,0,8
금금,신서영75,37,2026.03.17,1번째 방문,영수증,매장 분위기도 넘 깔끔하고 음식들도 넘 맛있었어요 담에 또 오겠습미다,47,38,0,8
금금,Yoonpingu,103,2026.04.16,1번째 방문,영수증,엄마랑 같이 방문했어요 너무너무 맛있어요 담엔 다른 메뉴도 먹어보고 싶어요,47,41,0,8
금금,짱짱맨6531,35,2026.04.18,1번째 방문,영수증,특별한 메뉴도 많고 생각보다 맛있어서 놀랬습니다 성수 오시는 분들 한번씩 가보세요,47,45,0,8
금금,쫄깃75,8,2026.03.29,1번째 방문,영수증,전체적으로 간이 많이 세지 않아서 좋았어요 육향이 많이 느껴져서 맛있게 먹었습니다,47,45,0,8
금금,박쥐란,648,2026.01.31,1번째 방문,영수증,데이트코스로 좋고 맛있어요  브레이크 타임이 없어서 브레이크 타임에 먹기도 좋아요,47,45,0,8
금금,먹방워맨,16,2026.03.07,1번째 방문,영수증,음식이 넘 맛있어요 밑반찬으로 나오는 장아찌가 새콤달콤하니 자꾸 손이 갑니다,47,42,0,8
금금,81313,60,2026.01.10,1번째 방문,영수증,음식이 아주 깔끔하고 맛나요 가격대두 적당해서 또 오려구요  반주해도 좋을거같아영,47,45,0,8
금금,khs****,8,2026.05.05,1번째 방문,영수증,음식이 세련되고 너무 맛있습니다 기본물도 보리차라 더 좋아요 먹고나면 속이 편해요,48,45,1,9
금금,A름다Um,31,2026.03.02,1번째 방문,영수증,특별한 한식을 경험하기위해 결정했는데 메뉴들이 담백하고 깔끔한 맛이예요 잘먹었습니다,48,46,0,8
금금,솜다17,18,2026.04.27,1번째 방문,영수증,너무 맛있게 잘 먹었습니다 많이 없는 한식 너무 좋아용 또 오겠습니다,48,38,0,8
금금,우리집멍멍이핫도그,183,2026.02.11,1번째 방문,영수증,면이 쫄깃쫄깃하고 맛있어용 재료도 싱싱하고 반찬도 같이 곁들여서 먹기 좋숩니다,48,43,1,9
금금,jhb****,7,2026.03.09,1번째 방문,영수증,엄청 맛있고 엄청 친절하십니다 공기밥 주신거까지 싹싹 긁어 먹었네요 자주 올거 같습니다,48,48,0,8
금금,모래고래79,19,2026.03.21,1번째 방문,영수증,노른자 따로 빼 다라고 요청 드렸는데 예쁘게 빼 주셨어요 맛있어요 잘 먹겠습니다,48,44,0,8
금금,나율46,11,2026.03.23,1번째 방문,영수증,오랜만에 만난 외국인 친구에게 맛있는 한식 보여주고 싶어서 왔어요 너무 맛있습니당,48,45,0,8
금금,봉봉9012,33,2026.04.08,1번째 방문,영수증,잠실점 때문에 알고 왔는데 역시 맛납니다  캐치테이블 원격줄서기도 가능해서 좋아요,48,45,0,8
금금,쿵푸씨앗,40,2026.05.04,1번째 방문,영수증,특별한 메뉴가 많네요 묵은지참치말이 강추요 성수동 퓨전 한식 맛집으로 추천합니다,49,44,1,9
금금,김현승86,37,2026.05.07,1번째 방문,영수증,들기름 통밀 국수 문어간장 비빔밥 먹었는데 너무 맛있고 건강한 재료인게 딱 느껴져요,49,46,0,8
금금,gah****,76,2026.04.25,1번째 방문,영수증,메뉴가 특색 있었고 한끼 깔끔하게 먹기 좋아요 요즘 친구들이 좋아하는 달달한 맛이네요,49,47,0,8
금금,par****,10,2026.05.02,1번째 방문,영수증,성수에서 맛있는 한식집 찾기 힘들었는데 앞으론 여기로 와애겠어요 매장도 쾌적하고 좋아요,49,48,0,8
금금,ssy****,8,2026.02.14,1번째 방문,영수증,남자친구랑 왔는데 너무 맛있고 양도 많아서 좋았어요 성수올 때마다 자주 올 것 같아요,49,47,0,8
금금,꽁꽁언채,12,2026.03.09,1번째 방문,영수증,회사 점심에 맛잇는 한식 먹고 싶어서 왔어요 날 더 따뜻해지면 들기름 통밀국수 먹을랴구용,49,49,1,9
금금,모야또,21,2026.03.15,1번째 방문,영수증,밥집 찾으러 돌아다니다가 무작정 들어온 곳인데 너무너무너무 맛있고 직원분이 친절하세용,49,47,0,8
금금,루733,30,2026.01.29,1번째 방문,영수증,특벼롼 맛에 너무 맛있게 먹는 특이한 맛이네요 장소가 좁아 좀 아쉽지만 아주 좋습니다,49,47,0,8
금금,야망꿈나무1234,4,2026.04.11,1번째 방문,영수증,보리된장국수 정말 맛있었습니다 다른 메뉴들도 맛있어 보여서 다음에 또 방문하고 싶어요,50,47,0,7
금금,오렌지가이,39,2026.02.22,1번째 방문,영수증,성수에서 먹었던 것들 중에 가장 맛있었던 것 같아요 들기름 국수 특히 전국에서 최고에요,50,48,0,8
금금,랄프로렌31,19,2026.02.21,1번째 방문,영수증,너무 맛있게 잘먹었어요 인테리어랑 분위기 음악 음식 모두 만족했습니다 디음에 또 방문할게요,50,50,0,8
금금,멋있엉,267,2026.03.15,1번째 방문,영수증,둘이 와서 삭삭 다 긁어 먹었어요 진짜 맛있어요  수육이랑 들기름 국수 특히 맛도리,50,46,0,8
금금,lee****,29,2026.03.13,1번째 방문,영수증,사진에 있는 갈비국수도 너무 맛있고 보리 된장국수가 미친놈이에요 너무맛있어요 번창하세용,50,48,0,8
금금,lyu6357,32,2026.03.09,1번째 방문,영수증,처음 와봤는데 맛있고 분위기도 좋아요 깔끔하게 먹고 싶을 때 종종 올 것 같습니다,50,45,0,8
금금,아드리안정,764,2026.01.17,1번째 방문,영수증,갈비국수 너무 맛있네요 국물도 시원하고 고기도 부드러워요 문어비빔밥도 존맛탱입니다,50,45,1,9
금금,유징2야,85,2026.03.04,1번째 방문,영수증,퓨전한식 새롭고 너무맛있어요 데이트로 또 오고싶은곳 점심시간 좀 피해서 오세요,50,43,0,8
금금,두존쿤,26,2026.03.04,1번째 방문,영수증,퓨전한식은 처음인데 금금 너무 맛있어요 특히 명란감자전이랑 보리된장국수 최고입니다,50,45,0,8
금금,시리1449,39,2026.03.02,1번째 방문,영수증,음식이 다 조화롭게 맛있어용 개인적으로 들기름통밀국수가 제일 맛있었어요 잘 먹었습니다,50,47,0,8
금금,Sisriri,6,2026.05.02,1번째 방문,영수증,굉장히 맛잇고 메뉴가 특색있습니다  데이트로도 좋을것같고 친구랑 와도 좋습니다 추천합니다,50,49,0,8
금금,더치커피워터97,32,2026.04.05,1번째 방문,영수증,너무 맛있게 잘 먹었어요 웨이팅도 길지 않아서 적극 추천드립니다 캐치테이블도 가능해요,51,47,0,8
금금,슈퍼파워마미93,24,2026.03.24,1번째 방문,영수증,첫방문기대이상으로 너무 맛있어요 성수데이트 저녁코스 적극추천합니다 또 오고싶어요,51,44,0,8
금금,ojulia2002,13,2026.05.09,1번째 방문,영수증,와 음식이 가성비도 좋고 매뉴도 다양하고 다 너무너무 맛있네요 또 와야겠어요 금금 짱,51,47,0,8
금금,난완쟈님,41,2026.02.24,1번째 방문,영수증,고기국수랑 문어간장비빔밥 꼭 같이드세요 진짜 맛있어요 찬으로나오는 갓장아찌 진짜 맛있네요,51,49,1,9
금금,Ho206,166,2026.04.11,1번째 방문,영수증,너무 맛있게 먹느라 예쁜 사진이 없네요 자극적이지않고 속편한 메뉴들이라 좋아요 맛있습니당,51,49,0,8
금금,1913,13,2026.03.14,1번째 방문,영수증,생소한 조합인데 넘 맛나여 전 마제보다 된장에 면이 더 맛난거같아요 부담도 덜되고 좋아요,51,49,1,9
금금,나대93,17,2026.03.07,1번째 방문,영수증,너무너무 맛있어요양도 많아서 둘이서 배부르게 먹고 가요 매장도 조용해서 식사하기 좋았어요,51,49,0,8
금금,포차코킹쥬,37,2026.02.22,1번째 방문,영수증,친구랑 왔는데 완전 맛이 정갈하고 맛있네요 친구랑 왔는데 분위기도 좋고 다시 오고 싶어요,51,49,0,8
금금,으니5592,20,2026.05.08,1번째 방문,영수증,보리된장국수와 묵은지참치말이 진짜 맛있어요 매장도 깔끔하고 음식도 맛있어서 만족했습니다,52,48,1,9
금금,sks****,37,2026.03.22,1번째 방문,영수증,지나가다 들렸는데 완전 성수 맛집이네요 퓨전한식이라 메뉴도 색달랐고 맛도 너무 좋았어요,52,48,0,8
금금,JJ8067,23,2026.05.03,1번째 방문,영수증,금금 첫 방문 했어요 보리된장국수로 시켰는데 주문한지 10분도 안되서 나왔고 너무 맛있습니다,52,51,0,8
금금,편편63,33,2026.04.23,1번째 방문,영수증,들기름 국수 너무 맛있고 문어도 안질기고 너무 맛있어요직원분들 넘 친절하십니다 최고,52,46,0,8
금금,miira4zin,69,2026.04.15,1번째 방문,영수증,하나하나 다 맛있어보여서 메뉴 고르기 힘들었어요 매장 주변이 조용해서 좋고 음식도 맛있어요,52,50,0,8
금금,민경4672,34,2026.03.15,1번째 방문,영수증,보리된장국수 곤드레양배추쌈밥 곁들임수육 주문했습니다 맛있고 건강한 맛이라 좋았습니다,52,46,0,8
금금,hodupotato,58,2026.02.02,1번째 방문,영수증,보리된장국수는 항상 좋아했던 메뉴라 오늘도 맛있었고 소갈비덮밥은 처음 시켜봤는데 맛있었어요,52,50,0,8
금금,오호랏3749,41,2026.02.20,1번째 방문,예약,너무 맛있게 잘먹었요 강추드립니다 거의 모든 메뉴 먹었어요 감자전이 킥이었어요,52,43,0,8
금금,귀염둥이7072,22,2026.01.13,1번째 방문,영수증,보리된장국수랑 들기름 통밀 국수 진짜 맛있어요 성수 맛집 발견,52,34,0,8
금금,가영584159,3,2026.02.08,1번째 방문,영수증,너무 맛있어용 참치말이두 맛있었구 원래 일본식 마제소바 안 좋아하는데 한국식 너무 맛있었어요,52,51,0,7
금금,우쉐린가이드,151,2026.02.08,1번째 방문,영수증,우오  비주얼도 맛도 다 너무 좋아요  잘 먹었슴니당  보리된장국수는 필수주문,53,43,0,8
금금,knnng,25,2026.04.25,1번째 방문,영수증,원래 금금 좋아하능데 성수 왔다가 있어서 바로 먹으로 왔어요 금금은 어디 지점이나 다 맛있어요,54,52,0,8
금금,사쿠로와상,108,2026.02.28,1번째 방문,영수증,저번에 동기들이랑 왔다가 맛있었어서 친구들 데리고 왔어요  메뉴도 이쁘고 맛있어요 추천합니다,54,51,0,8
금금,꾸리누이,284,2026.04.15,1번째 방문,영수증,유투버 하이갱스 성수밋집이라고 해서 방문했는데 그 유튜버말대로 된장국수 한국식 마제소바같네요,54,51,0,8
금금,젤링45,26,2026.02.22,1번째 방문,영수증,정갈하고 맛있는 퓨전한식이에요 친구들이랑 아주 만족하면서 먹었습니다  보리된장국수 추천합니다,54,51,1,9
금금,bean4796,46,2026.05.07,1번째 방문,영수증,항상 웨이팅으로 실패했는데 평일 오픈시간으로 드디어 먹어봤습니다 문어 비빔밥 너무 맛있어요,55,50,0,8
금금,Heidi1,26,2026.04.29,1번째 방문,영수증,음식 너무 깔끔하고 맛있어요 낮이라 감자전은 안시켰는데 저녁에 감자전 먹으러 다시 와야겠어요,55,51,0,8
금금,PT이형렬,12,2026.05.02,1번째 방문,영수증,가족끼리 자주 오는 곳입니다 음식도 정갈하고 맛있습니다 양도 많고 항상 만족하는 곳입니다,55,49,0,8
금금,전지지지지지,53,2026.04.25,1번째 방문,영수증,성수 맛집이네여 분위기도 좋고 맛있어여 내부도 깔끔하고 최고였습니다 다음에 또 방문할게용,55,49,0,8
금금,zez****,31,2026.01.29,1번째 방문,영수증,들기름 막국수는 기본으로 맛있고 올때마다 건강하고 든든한 한식을 먹을 수 있어서 너무 좋아요,55,51,0,8
금금,전효리,22,2026.03.22,1번째 방문,영수증,들깨가루가 가득 들어있어서 고소합니당 그리고 웨이팅도 많이 안해서 주변 둘러보다가 오기에 좋아요,56,53,0,8
금금,플레를 향해,12,2026.03.26,1번째 방문,영수증,시킨매뉴 모두 맛있었어요 웨이팅은 좀 있었어요 예약하고 가시는거 추천드려요 감자전이 제일 맛있었어요,56,55,0,8
금금,밍밍뇸뇸,80,2026.04.11,1번째 방문,영수증,전체적으로 자극적이지 않은 건강한 맛  양배추 쌈밥은 아래 된장 양념이 너무 묽어서 아쉬웠어유,56,52,0,8
금금,지성좋앙,316,2026.02.20,1번째 방문,영수증,보리된장국수 묵은지참치말이 들기름 통밀 국수 먹었어요 전체적으로 고소하고 맛있습니다,56,46,1,9
금금,여우비6574,160,2026.02.21,1번째 방문,영수증,캐치테이블에서 웨이팅하고 편하게 입장 면 메뉴 두 개 모두 면발이 쫀득 간편하게 식사하기 좋아요,56,53,1,9
금금,천재5951,3,2026.04.29,1번째 방문,영수증,언니랑 밥먹으러 왔는데 한식이라서 부담없이 먹을 수 있었어요 다맛있고 너무좋어요 추천,56,47,0,7
금금,다레91,80,2026.01.24,1번째 방문,영수증,아담하지만 음식과 인테리어가 깔끔한 퓨전한식집이에요 보리된장국수와 묵은지참치김밥도 정말 맛있었어요,56,54,1,9
금금,dncjfgovl,33,2026.03.12,1번째 방문,영수증,성수 데이트 와서 먹었는데 너무 맛있어요성수 데이트 코스 완전 추천여자친구 대만족 했습니다,56,50,0,8
금금,옹이냥냥,64,2026.03.30,1번째 방문,영수증,친구들이랑 먹으러 왔는데 너무 맛있게 먹었어요 운좋게 웨이팅 조금만 했어요다음에 또 오겠습니당,57,52,0,8
금금,tna****,26,2026.05.03,1번째 방문,영수증,금금만의 특별한 메뉴 보리된장국수가 인상 깊었어요 전체적으로 맛있고 직원분도 친절하셔서 좋았습니다,57,54,0,8
금금,ptp****,44,2026.02.27,1번째 방문,영수증,동네 맛집이예요 맛있어서 종종 와요 히히 운좋을땐 바로 앉지만 미리 예약하시는거 추천드려요,57,50,0,8
금금,돼지쉑32,115,2026.04.08,1번째 방문,예약,성수 최고의 맛집입니다 음식 맛있고 직원분들 너무 친절해요 부모님과 다시 방문하고 싶은 식당입니다,57,54,0,8
금금,Cv7571,32,2026.03.28,1번째 방문,영수증,성수에서 밥 먹을려면 웨이팅 엄 청 해야되는데  여기는 웨이팅도 별로 없고 메뉴도 특이해서 좋았어용,57,55,1,9
금금,sbl****,28,2026.03.25,1번째 방문,영수증,추천받고 방문했는데 분위기도 좋고 음식 양도 많고 너무너무 맛있어용 또 방문하겠습니당,58,47,0,8
금금,wowndfk71,17,2026.04.04,1번째 방문,영수증,특이한 메뉴가 많아서 좋고 가게가 아늑해서 좋아요 사람 많은 곳에서 조금 벗어난 곳에 있어서 더 좋네요,58,57,0,8
금금,유자맛마카롱36,4,2026.03.02,1번째 방문,영수증,비오는 날씨라서 국물이 땡겼는데 전체적으로 깔끔하게 맛있었어요 특히 메뉴들이 정갈하게 잘 차려져있어요,58,56,0,7
금금,나나밍쑤,32,2026.03.01,1번째 방문,영수증,이거 안먹고 성수 빠져나가면 안된다해서 왔는데 너무너무 맛있아요 또 성수 또간집으로 선정하겟습니나,58,54,1,9
금금,꽃물58,50,2026.01.13,1번째 방문,영수증,음식이 정갈하고 깔끔하고 진짜 맛있어요 눈으로 보고 입으로 맛보고 정말 맛있는 음식이에요,58,49,0,8
금금,sh935112,108,2026.03.21,1번째 방문,영수증,맛있엉 좁아서 3명이라 한시간 기다렸지만 그래도 맛있어요 메뉴도 익숙한듯한데 또 맛은 새롭고 맛있네요,59,56,0,8
금금,말차만쥬,29,2026.03.21,1번째 방문,영수증,들기름 통밀국수는 고소하고 담백해요 보리된장국수는 짭짤하면서도 깔끔해서 고기랑 같이 먹으면 너무 맛있어요,59,58,1,9
금금,gmldms6772,25,2026.02.21,1번째 방문,영수증,감자전 추천 메뉴들이 다 너무 자극적이지 않고 맛있었어요 주말 점심이었는데 대기 거의 없이 입장했습니다,59,57,0,8
금금,가굼히,121,2026.02.12,1번째 방문,영수증,깔끔하고 맛도 삼삼하니 좋아요 특별한 닐 오기도 좋고 점심식사로도 좋아여 인기많이사 웨이팅 해야하지만,59,56,0,8
금금,영아유나59,26,2026.03.06,1번째 방문,영수증,들기름국수 면 쫀득해요 음식이 다 맛있고 직원이 친절해요 외국인 방문객이 많아서 외국여행 온 기분이 들어요,59,59,1,9
금금,Adastra7,11,2026.02.24,1번째 방문,영수증,감자전 미쳤습니다 감자전 레시피 궁금해요 문어비빔밥도 밋이 좋습니다 근데 감자전 완성도가 미쳤습니다,59,55,0,8
금금,hy0****,56,2026.03.01,1번째 방문,영수증,웨이팅없이 바로 먹을 수 있었습니다 감자전이 너무 기대되어서 조금 비싼 금액이였지만 맛있게 먹었습니다,59,56,0,8
금금,448866oo,16,2026.02.01,1번째 방문,영수증,가격도 괜찮고 무엇보다 다 너무 맛있습니다 웨이팅 30분 좀 넘게 했는데 기다림이 아쉽지않은 맛입니다,59,56,0,8
금금,KSH95,26,2026.01.09,1번째 방문,영수증,건강한 한식맛이에요 간이 세지않아서 부담스럽지않게 잘먹었습니다 가게도 깨끗하고 따땃해요,59,48,0,8
금금,dbr****,53,2026.02.20,1번째 방문,영수증,건강한 음식 좋아하는데 건강한 느낌이라 좋아요  그리고 맛도 맛있네요  기다린 보람이 있습니당,59,52,0,8
금금,지하철7호선83,14,2026.02.24,1번째 방문,예약,세명이 와서 여러가지 메뉴를 주문했는데 전부 너무 맛있었어요 특히 명란치즈감자전 정말 맛있었어요,60,53,0,8
금금,u9426lripaa,26,2026.02.12,1번째 방문,영수증,넘 맛있게 잘 먹었습니다 반찬으로 나온 장아찌가 진짜 맛있었어요  다음에 또 방문하고 싶어요,60,51,0,8
금금,린린린16,369,2026.01.23,2번째 방문,영수증,작년에 갔다가 너무 반해서 올해도 방문했어요 너무너무 맛있고 좋습니다특히 된장라면은 제 스타일 번창하세요,60,58,1,10
금금,Blue2182,27,2026.01.24,1번째 방문,영수증,친절하고 작지만 분위기 좋고 친절한 맛집입니다 음식이 너무 맛있어요 다음에는 다른 음식 먹으러 방문 예정,60,58,0,8
금금,soo****,13,2026.05.02,1번째 방문,영수증,음식이 너무 맛있고 직원분들도 너무 친절하셔요 매장 또한 너무 깔끔해서 쾌적한 환경에서 맛있게 먹었습니다,61,58,0,8
금금,쵸코비쨩,15,2026.04.05,1번째 방문,영수증,진짜 맛있어용 데이트 장소로 좋은 거 같아요 직원들도 친절하시고 음식이 새롭고 맛있습니다 추천해용,61,54,0,8
금금,swa****,297,2026.02.02,1번째 방문,영수증,너무 맛있어요 메뉴가 새롭고 양도 많고 또 방문 할 거 같아요 성수 올 일 있으면 여기 한번 방문해보세요,61,58,1,9
금금,야구소년65,6,2026.03.08,1번째 방문,영수증,국수 하나 밥 하나 시켜서 먹었어요 맛있었습니다 전 와사비 덜어서 한 숟갈먹을 때 덜어먹었는데 좋았습니다,61,58,0,8
금금,YOON DESIGN,48,2026.03.14,1번째 방문,영수증,너무 맛있어요 즉흥으로 서울왔는데 맛있는 맛집 찾은 것 같아서 좋네용 가격도 합리적입니다,61,49,0,8
금금,별님17,45,2026.04.15,1번째 방문,영수증,옆에 성수다락 가려다가 웨이팅 이슈로 왔는데 음식이 다 너무 정갈해서 오길 잘한거같아요 진짜 맛있어요,61,56,0,8
금금,성산이,154,2026.01.17,1번째 방문,영수증,차분한 매장분위기 마음에들어요 특히 감자전 바삭한 식감이 너무 좋았습니당 꼭 드셔보세요,61,48,0,8
금금,Re1ndeer,29,2026.01.16,1번째 방문,영수증,맛있다는 이야기 듣고 방문했는데 맛이 특색있고 좋아요 다른 친구들과 방문해서 여러 메뉴 먹어보고 싶은 집이에요,61,61,0,8
금금,dae****,43,2026.02.14,1번째 방문,영수증,여자친구랑 먹으러 왔는데 너무 맛있어요 가게도 깔끔하고 직원분들도 너무 친절하고 좋아요 다음에 또 올 것 같아요,62,62,0,8
금금,풀꽃49,716,2026.01.30,1번째 방문,영수증,시그니처메뉴 너무 맛있고 추운 날 국물있는 국수 드셔서 부모님도 너무 좋아하셨어요 또 오고싶습니다,62,54,0,8
금금,나5517,11,2026.03.03,1번째 방문,영수증,진짜 너무너무너무 맛있어요 소갈비덮밥 불향 나서 너무 맛있어요 친구가 추천해줘서 왔는데 다음에 또 올 것 같아요,62,62,0,8
금금,김서윤74,63,2026.03.09,1번째 방문,영수증,데이트 장소로도 너무 좋고 분위기도 아늑해용 된장국수 처음엔 좀 무서웠는데 개맛도리임 너무 마싯어옹,62,55,0,8
금금,수진24042,10,2026.02.14,1번째 방문,영수증,일본인 친구 데려와서 먹었는데 너무 맛있대요 다음에 또 성수 놀러오면 먹을 것 같아요 명란 새우 감자전 추천,62,60,1,9
금금,궈능,5,2026.04.07,1번째 방문,영수증,11시오픈이라 후다닥오픈런 해서 예약없이 바로 앉을 수 있었어요 반찬도 정갈하고 음식도 이쁘게 나오고 맛잇아요,62,61,0,7
금금,쿠우3363,24,2026.03.22,1번째 방문,예약,내부 분위기도 좋고 깔끔하게 관리 잘 되었습니다 제가 먹은 음식은 보리된장국수인데 음식도 짜지않고 맛있어요,63,59,0,8
금금,246tommy,46,2026.03.28,1번째 방문,영수증,저번에 오려고 계획 했는데 못 와서 오늘 왔어요  너무 맛있게 먹었고 다음에는 다른 메뉴 먹으러 또 올게요,63,59,0,8
금금,jmd****,59,2026.03.01,1번째 방문,영수증,들기름국수랑 된장국수 먹었어요 그릇도 정갈하게 나오고 이 나간 그릇 주시긴 했지만 맛나게 먹었습니다,63,55,0,8
금금,rkd****,89,2026.02.03,1번째 방문,예약,예전부터 와보고 싶었는데 예약하고 드디어 왔어용  된장국수랑 문어비빔밥이 짱 맛있었어요 데이트장소로 추천해요,63,60,0,8
금금,펭귄마님95,58,2026.04.15,1번째 방문,영수증,2차로 왔는데 감자채전과 문어국수가 너무 맛있어요 배부른데도 자꾸 들어가네요 호랑이 막걸리도 맛나요 강추,64,58,0,8
금금,violet4558,39,2026.05.07,1번째 방문,영수증,첫 한입먹고 너무 맛있어서 놀랐어요 된장 비빔국수도 맛있고 문어비빔밥도 맛있어요 묵은지참치말이는 평범한거같아요,64,61,1,9
금금,갓균,37,2026.04.20,1번째 방문,영수증,안내도 빠르게해주시고 음식도 생각이상으로 빠르게 나옵니다 한국식마제소바도 신기하고 쌈밥도 정망 맛있어요,64,57,0,8
금금,Iillill,352,2026.02.25,3번째 방문,영수증,신메뉴 미나리 갈비국밥 먹었습니다 상큼 깔끔한 맛이 좋았습니다 갈비뼈 발라주셔서 고기만 있어서 먹기 좋았습니다,64,61,1,10
금금,위르13,10,2026.04.10,1번째 방문,영수증,색다른 메뉴에 익숙한 메뉴라도 아는 맛을 뛰어넘는 맛입니다 넘 맛있습니다 보리된장국수는 계속 생각날 것 같아요,64,61,0,8
금금,Hakmyung,1012,2026.03.01,1번째 방문,영수증,전체적으로 맛이 나쁘지 않고 메뉴 네 가지 시켰는데 전체적인 조화가 좋았어요 웨이팅이 길어서 미리 예약해야 돼요,64,62,0,8
금금,asutiy,19,2026.03.03,1번째 방문,영수증,인기 많은 곳이라 해서 방문했는데 음식 맛이 미쳤어요 너무 맛있고 분위기도 좋고 재방문 의사 100입니다,64,58,0,8
금금,kjh****,36,2026.02.15,1번째 방문,영수증,수원살때 스타필드에서 맛있게 먹어서 성수점도 왔는데 역시나 엄청 맛있네용  한식을 퓨전으로 재해석한 맛집입니다,64,61,0,8
금금,gre****,67,2026.04.27,1번째 방문,영수증,익숙한 듯 익숙하지 않은 맛 감칠맛이 좋고 두부와 수육 등 토핑도 매우 훌륭하다 정말 맛있는 비빔국수 추천한다,65,61,0,8
금금,p00****,28,2026.02.18,1번째 방문,영수증,내부 깔끔하고 쾌적해서 앉아있기 편했어요 서비스도 빠른 편이었어요 음식도 맛있어서 부담 없이 식사하기 좋았습니다,65,62,0,8
금금,kdw****,26,2026.01.18,1번째 방문,영수증,소갈비덮밥 쌈밥 먹고 슈육까지 정말 맛있게먹었습니다 집만 가까웠으면 정말 자주왔을거깉아요  다음에 또 올게요,65,60,1,9
금금,서준규26,2,2026.02.13,1번째 방문,영수증,성수에 2년 넘게 있었는데 많은 곳을 다닌건 아닌데 여기가 제일 맛있었어요 다음달에 또 가서 다른 메뉴 먹으려고요,65,63,0,7
금금,자바칩St,261,2026.02.15,1번째 방문,영수증,근처에 볼일이 있어서 우연히 발견한 곳 분위기도 좋고 맛도 좋았어요 들기름 통밀국수 꼬소하고 강추 또 올게요,66,60,0,8
금금,장진혁68,21,2026.03.24,1번째 방문,영수증,생각없이 들어왔다가 맛집을 찾아버렸어요 웨이팅 없이 들어와서 먹고 간다는 게 행운이였어요 맛있게 잘 먹었습니다,67,61,0,8
금금,121301,22,2026.04.02,1번째 방문,영수증,시킨 음식들이 전부 맛있고 무엇보다 메뉴가 다양하고 특색있어서 좋았어요 부모님 모시고 갔는데 어른들도 좋아하셨습니다,67,64,0,8
금금,3105179,27,2026.02.20,1번째 방문,영수증,들기름통밀국수는 고소한 들기름 향이 진하게 올라오는데 담백해서 계속 들어가는 맛 성수에서 깔끔하게 먹고 싶을 때 추천,67,65,0,8
금금,cobato,38,2026.02.20,2번째 방문,영수증,자주 오는 맛집입니다 문어 비빔밥이 제 최애고요 여자친구는 보리된장국수를 좋아해요 성수에서 기다려서 먹기 제일 좋은 곳,67,66,0,9
금금,얀얀43,57,2026.04.07,1번째 방문,영수증,한국식 마제소바가 궁금해서 왔는데 만족스럽습니다 된장 베이스가 자극적이지 않고 위에 올라가는 수육도 부드럽고 맛있네요,68,65,0,8
금금,왐감자,180,2026.03.05,1번째 방문,영수증,성수 금금 왔어요 평일 점심 기준 웨이팅이 있긴 했지만 빨리 들어갔어요 특별한 메뉴가 있어서 친구들이랑 오기 좋아요,68,64,0,8
금금,천재16,34,2026.02.02,1번째 방문,영수증,여자친구랑 데이트로 밥먹기에 딱이고 웨이팅 없이 먹어서 좋았어요 가격도 다른곳에 비해 합리적이라 다음에 또 방문할거같습니다,68,68,0,8
금금,슬741,26,2026.02.09,1번째 방문,영수증,음식이 다 맛있어요 4명이라 예약하고갔는데 자리가 넓어서 좋았어요 메뉴가 다 중복되는 맛이아니라 여러개를즐길수있어좋네요,68,66,0,8
금금,개미는 뚠뚠36,30,2026.01.29,1번째 방문,영수증,메뉴 하나하나 다 너무 맛있고 반찬도 정갈해요 식당도 너무 깔끔하고 분위기도 좋아요 친구들이랑 오기 너무 좋아요,68,62,0,8
금금,goffkk,47,2026.01.16,1번째 방문,영수증,된장국수도 너무맛있고 소갈비국수도 너무너무맛있어요 묵은지참치말이도 넘 맛있어서 담에 또 방문할거에요추천,68,57,1,9
금금,St75,19,2026.02.14,1번째 방문,영수증,분위기도 너무 좋고 매장 내부가 무엇보다 너무 깔끔해요 그리고 메뉴들이 가성비도 좋은데 맛까지 있어서 최고입니다,68,62,0,8
금금,suyen10,40,2026.05.05,1번째 방문,영수증,넘 마시써요 들기름 막국수 너무 맛있고 보리된장도 친구가 엄청 잘먹었습니다 둘다 입이 짧은데 너무 잘 먹어어오,69,61,0,8
금금,ben****,21,2026.03.15,1번째 방문,영수증,맛있어요 한국식 마제소바 밥이랑 먹어도 맛있을것같아요 잘 먹었습니다 묵은지참치말이는 참치가 너무 적어요 맨밥먹는 맛,69,64,1,9
금금,홍태식이,32,2026.04.12,1번째 방문,영수증,보리된장고기국수랑 들기름통밀국수 묵은지참치말이 먹었습니다 음식 너무 맛있게 잘먹었습니다 다음번에 또 방문하겠습니다,69,63,1,9
금금,윤서6535,30,2026.04.10,1번째 방문,영수증,고기도 많이 들어있고 맛있어용 버섯 싫어해서 하나는 빼달라고 미리 말씀드렸더니 빼고 해주셨습니당 가게도 깔끔하고 좋았어유,69,67,1,9
금금,2j****,26,2026.03.01,1번째 방문,영수증,보리 된장국수 진짜 맛있어요 묵은지 참치말이도 히또다 히또 들기름 통밀국수도 맛있어요 고기가 들어있어서 너무 맛있었습니다,69,67,1,9
금금,다구미2,27,2026.02.27,1번째 방문,영수증,어플로 미리 웨이팅 걸어놔서 오래 대기하지 않고 금방 들어왔어요 요즘 한식집이 많이 없다보니 간만에 맛있게 잘 먹었습니다,69,67,0,8
금금,묘모미,18,2026.02.09,1번째 방문,영수증,너무너무 맛있어요 가격도 그렇게 비싸지 않구 소갈비 덮밥 진짜 꼭 드세용 직원분도 친절하시구 내부는 좁지만 분위기는 좋아용,69,68,0,8
금금,김김05,10,2026.04.11,1번째 방문,영수증,성수에서 분위기 좋고 맛있는 곳 찾는다면 추천합니다 메뉴 다 맛있었고 특히 기억에 남는 맛이에요 다음에 또 방문하고 싶어요,69,68,1,9
금금,코코4397,32,2026.05.04,1번째 방문,영수증,들기름 통밀국수에 검은깨가 들어가서 더 고소하고 맜있어요 특이하고 추천메뉴입니다 소갈비덮밥은 고급소불고기 덮밥 맛 이에여,70,67,1,9
금금,bli****,35,2026.04.22,1번째 방문,영수증,평일 저녁에 대기 없이 입장했어요 맛있는 한식 메뉴가 많고 다이어트 중에도 부담없이 먹을 수 있는 정도라 좋아요,70,62,0,8
금금,선밈21,32,2026.02.28,1번째 방문,영수증,너무 맛있어요 모든 음식이 깔끔하고 맛있어용 다음에 또 오고 싶어서 지도에 저장했어요 가격도 적당해서 마니 시켰어용,70,64,0,8
금금,한비49,31,2026.02.12,1번째 방문,영수증,다른 지점에서 먹어보고 넘 맛있어서 또 먹으로 왔어요  묵참말 정말 마딨어요  보리된장국수는 처음 시켜봤는데 얘도 맛있네요,70,68,0,8
금금,혁s맘1,13,2026.04.17,1번째 방문,영수증,지인추천으로 방문했는데 두 메뉴다 너무 맛있어요 보리된장국수는 처음인데 올려있는 고명하나하나 다 맛있어요 재방문의사 있어요,71,68,0,8
금금,Qqqppp,28,2026.04.01,1번째 방문,영수증,문어비빔밥 향과 간이 너무 적절해서 좋았어요 국수도 맛있었습니다 내부가 넓진 않지만 분위기가 좋아서 종종 올 것 같습니다,71,67,0,8
금금,웅7176,6,2026.04.17,1번째 방문,영수증,10분 이내로 기다린 후 입장했습니다 지인 추천으로 왔는데 매장은 깔끔하도 메뉴도 다 맛있었습니다 다음에 또 올 것 같아요,71,68,0,8
금금,had****,29,2026.04.27,1번째 방문,영수증,보리된장국수 너무 맛있었어요 덮밥과 묵은지말이도 맛있었습니다  다음엔 품절된 메뉴 나머지 다 먹으러 와야겠어요 번창하세요,72,67,1,9
금금,ada****,13,2026.04.19,1번째 방문,영수증,성수동 나들이 왔다가 친구랑 궁금했던 금금에 드디어 다녀왔어요 퓨전 한식이라 기대했는데 비주얼부터 맛까지 완전 취향 저격,72,67,0,8
금금,은율보호자,320,2026.02.07,1번째 방문,영수증,조카가 맛집검색해서 찾아왔어요 비주얼 맛집이네요 음식이 먹음직 스러워서 맛이 더 추가되는것 같아요 맛나게 잘 먹고 갑니다,72,67,0,8
금금,nal****,46,2026.01.18,1번째 방문,영수증,서울여행왔다사 우연히 들렀어요 음식이 특별하고 하나하나 다맛있어요 친절하게 응대해주시고 성수오면 꼭들러보세요 추천합니다,72,66,1,9
금금,zhzhdk257,21,2026.03.08,1번째 방문,영수증,퓨전 한식을 좋아해서 와봤어요 특히 된장국수가 맛있습니당 수육도 짱이에요 밥도 주시고 넘 친절했어요  또 오고 싶었어요,72,66,0,8
금금,승승장구8919,45,2026.02.21,1번째 방문,영수증,문어국수랑 보리된장 국수 먹고 진짜 눈이 커질정도로 맛있었어요 참치말이도 역시나 맛집이에요 깨끗 쾌적하고 맛있게 저녁 먹었어요,72,70,0,8
금금,Happy81,7,2026.02.14,1번째 방문,영수증,급하게 찾았는데 리뷰도 너무 좋고 음식메뉴도 맛있어보여서 왔는데 너무 만족하고 갑니다  잘 먹었습니다 또 올 것 같아요,72,66,0,8
금금,나가14,40,2026.01.10,1번째 방문,영수증,여럿이와서 메뉴 섞어서 시켜봤는데 대만족  소갈비덮밥에 와사비가 있길래 뭔가 했는데 꼭 비벼드세요 비벼먹는게 존맛,72,63,0,8
금금,2so47,32,2026.05.01,1번째 방문,영수증,와 완전 여름에 먹기 너무 좋은 맛집이에요 특히 문어간장비빔밥이랑 들기름 통밀 국수 전부차 방문 하고 시픈 맛입니다,73,64,0,8
금금,cjs****,25,2026.04.10,1번째 방문,예약,양도 많고 사장님께서 센스가 좋으세요  매장도 깨끗하고 예약 서비스 리뷰 이벤트 등도 다양해서 여라가지 먹기 아주 좋습니다,73,68,0,8
금금,Pinocio,9,2026.03.21,1번째 방문,영수증,이제 마제소바구나 라는 것을 느낄수 있는 맛집이에요 그리고 같이 먹은 미나리소갈비국밥은 신메뉴라서 주문했는데 진짜 강추입니다,73,69,0,8
금금,rtq****,3,2026.02.19,1번째 방문,영수증,보리된장국수는 마제소바랑 비슷한듯 다르게 맛있고 소갈비덮밥도 고기가 많고 맛있어요 밑반찬도 중간에 먹으면 입이 개운해져서 좋아요,73,71,1,8
금금,Yyyyyy1111,60,2026.02.13,1번째 방문,영수증,진짜 맛있어요 2026년 서울 성수 맛집 1등인 것 같아요 음식도 양도 많고 맛보기 수육도 부드럽고 맛있어요 왕추천합니다,73,67,0,8
금금,전예림1,29,2026.05.07,1번째 방문,영수증,물부터 보리차인게 개맛집이죠 곁들임 깔끔한게 개맛집이죠 매장 깔끔하고 쾌적한 게 개맛집이죠 메뉴부터 개맛있어보이는게 개맛집이죠,74,70,0,8
금금,윤3513,370,2026.03.01,1번째 방문,영수증,초등 아이 둘이랑 나들이 왔어요 메뉴도 색다르고 단짠단짠 적당해서 완전 싹싹 비웠어요 다음에 또 같이 오자고 했습니다 강추에요,74,70,0,8
금금,기방이,94,2026.01.13,1번째 방문,영수증,저번에 왔는데 분위기 좋고 맛잇어서 또 방문햇어요 있는 거 같아요 가게 분위기도 좋아요 보리된장국수가 제 스타일이엇어요,74,66,0,8
금금,최효경12,30,2026.02.24,1번째 방문,영수증,맛잇게 먹다가 사진을 급하게 찍어버렷어용 진짜 너무 맛잇어요 검색해서 찻아오길 너무 잘햇네용  담번에도 방문하겟습니당,74,65,0,8
금금,흐꾸꾸,20,2026.05.05,1번째 방문,영수증,기대했던 대로 엄청 맛있어요 웨이팅도 그렇게 길지 않았고 대기공간도 있었어요 직원분도 친절하셨고 재방문의사 있습니다,75,64,0,8
금금,다람쥐81,21,2026.03.14,1번째 방문,영수증,오래 기다렸지만 그 만큼 보람있는 맛 인정합니다 평범한 한식은 그만 먹고 싶어서 왔는데 맛이 다체롭고 너무 맛있어요 추천합니다,75,70,0,8
금금,jjj****,27,2026.03.22,1번째 방문,영수증,오픈 시간에 맞춰와서 바로 입장 했구요음식이 정말 맛있어요 메뉴가 퓨전식으로 다양해서 한식같지않은 한식이예요맛있게 잘 먹고 갑니다,75,72,0,8
금금,바쁜미식가,301,2026.04.12,1번째 방문,영수증,보리 된장 국수 강추 너무 맛있어요 양배추 쌈밥이 상대적으루 심심하네요 보리 된장에 밥까지 말아 비벼먹었습니다 또 올께요,76,67,0,8
금금,yoo****,12,2026.05.08,1번째 방문,영수증,너무너무 맛있어요 요즘 스타일 한식이라 누구든 와도 다 입맛에 잘 맛을거 같아요 특히 묵은지 참치 추천 드립니다 또 올거 같아요,76,71,1,9
금금,salondebling,56,2026.02.27,1번째 방문,영수증,분위기 깔끔하고 차분하고 좋고 음식은 약간 퓨전한식풍이네요호불호 갈릴 수도 있을듯하고 밥을 쪼끔주길레 이상했는데 무한리필이더라구요 굿,76,74,0,8
금금,Cindy94,8,2026.04.24,3번째 방문,영수증,집이 근처인데 성수에 맛집이 많지만 금금만큼 많이 온곳에 없습니다 신선하고 너무 맛있어요 계절마다 메뉴도 조금씩 달라지구요 최고,76,71,0,9
금금,xx유니xx,26,2026.02.13,1번째 방문,영수증,다 맛있어보여서 메뉴 고르기 힘들었어요 오늘 너무 맛있게 먹어서 다시 방문해서 다른메뉴 먹어보고싶어요 묵은지문어국수 새콤하고 맛있어요,76,74,1,9
금금,goe****,7,2026.04.10,1번째 방문,영수증,음식도 다 맛있고 가게도 깨끗하고 좋았어요 특히 들기름 통밀 국수 추천합니다  오픈시간쯤에 도착하니까 대기 없이 바로 들어갔습니다,76,72,0,8
금금,zsiucno,27,2026.01.16,1번째 방문,영수증,토요일 오전 11시반쯤 예약없이 들어갓는데 운좋게 자리가 있었네요 음식이 대체적으로 간이 짜지않고 밑반찬으로 나온것들이랑 잘어울렸어요,76,74,0,8
금금,skq****,17,2026.02.10,1번째 방문,영수증,곤드레양배추쌈밥도 소갈비덮밥도 맛보기수육까지 다 맛있었어요 평일점심에 일찍 온다고 왔는데도 20석 남짓 가득찼네요 웨이팅할뻔,76,69,0,8
금금,cpo****,56,2026.02.27,1번째 방문,영수증,맨날 줄서있길래 궁금했는데 겨우 와봤어요 너무 맛있네요 면도 탱글탱글하고 다른곳에서는 맛볼수없는 음식이라 좋았습니다 또 올것같아요,76,72,1,9
금금,sun****,271,2026.02.20,1번째 방문,영수증,웨이팅 하는 이유가 있네요  한식 깔끔 정갈 잘나오구 음식이 다 맛있어요  수육 굿 재방문해서 다른 메뉴도 맛보고 싶어요오,76,68,0,8
금금,fbt****,15,2026.02.21,1번째 방문,영수증,주말이라 웨이팅 꽤 길었는데 기다린 보람 있어용 참치말이 넘 맛있어요 직원분들도 넘 친절하셔서 기분 좋게 먹고 갑니당,76,65,0,8
금금,wonj1,52,2026.03.06,1번째 방문,영수증,깔끔하고 맛있는 한식이에요 먹은 메뉴 중에는 묵은지 문어 국수가 제일 맛있었어요 건강한 식사 하고 싶을 때 이곳을 찾을거 같습니다,77,72,1,9
금금,횾지니,29,2026.03.15,1번째 방문,영수증,금금 처음 왔는데 맛있어요 외국인 친구 데려와도 좋을거 같아요 보리된장국수 강추입니듀 근데 좌석 간격은 좁아서 옆테이블이랑 가깝습니다,77,74,0,8
금금,Amyyy17,419,2026.02.28,1번째 방문,영수증,웨이팅 보람 있는 맛이었어요 깔끔하고 정갈하고 보리된장국수가 원픽인데 다 맛나요 반찬도 마음에 들고  다음에도 재방문 의사 있음,77,71,0,8
금금,rinnie,14,2026.02.07,1번째 방문,영수증,리뷰하면 맛보기 수육 주세요 대표메뉴 수육 된장 소바란 들기름국수 주문했어요  밑반찬이 정말 제 스타일이었어요 전반적으로 깔끔해요,77,72,1,9
금금,하느을빵,14,2026.02.19,1번째 방문,영수증,다른 점에서 금금 먹었었는데 그때 맛있게 먹었어서 성수점도 들리게 되었어요 건강한데 맛있기까지해서 완전 만족하고 다음에 또 들리겠습니다,77,75,0,8
금금,JOY28,172,2026.04.26,1번째 방문,영수증,음식이 깔끔하고 맛있어요 숯불 향이 진해서 색다른 매력을 느낄 수 있었어요 매장도 깨끗하고 직원분들도 친절하셔서 기분 좋게 식사했습니다,78,75,0,8
금금,seo****,25,2026.03.28,1번째 방문,영수증,부모님이 한식을 좋아하셔서 한식당 찾다가 들어왔어요 음식 종류도 다양하고 특히 통밀국수맛있습니다 매장도 너무 청결하고 맛있어요,78,70,0,8
금금,어매야,148,2026.04.04,1번째 방문,영수증,성수에서 한식 먹고 싶어서 찾아보다가 방문했어요 보리된장국수 문어 간장 비빔밥 명란 새우 감자전 시켰는데 다 너무 맛있었어요 굿,78,71,0,8
금금,k50****,30,2026.02.22,1번째 방문,영수증,데이트 목적으로 왔고 밥도 맛있고 분위기도 좋고 양도 괜찮아서 가성비로도 좋은 거 같습니다 다른 지점도 이용했었는데 전체적으로 다 좋습니당,78,77,0,8
금금,sumin323,12,2026.03.15,1번째 방문,영수증,친구들이랑 점심 식사하러 방문했는데 맛있어요 보리된장국수가 별미인거 같고 소갈비 덮밥도 정말 맛있네요  친구들이랑 맛있게 먹고 가요,78,73,0,8
금금,굥쌤,67,2026.04.06,1번째 방문,영수증,퓨전 한식집 이라고 해서 왔는데 약간 일식 느낌이 나도록 메뉴를 개발 하신 것 같아요 간이 엄청 강하지 않고 풍미가 있어 맛있게 먹었습니다,79,77,0,8
금금,skw****,22,2026.04.02,1번째 방문,예약,메뉴도 담백하고 진짜 너무너무 맛있어요 성수에서 이정도 가격에 퀄리티 진짜 미쳤어요 다들 꼭 가세요 재방문의사 100프로 입니다,79,71,0,8
금금,oㅇVㅇo,19,2026.04.04,1번째 방문,영수증,퓨전 한식이라 익숙한 맛색다른 맛이에요 한국분들도 외국인 분들도 맛있게 먹을 수 있을 것같아요 알림 받기 하셔서 묵은지 말이 꼭 드세요,79,75,1,9
금금,dlwjddnjs1,3,2026.03.21,1번째 방문,영수증,예전에 이곳에 방문해서 먹었던 음식이 좋았어서 친구 데리고 방문하게 되었답니다 이번에는 다른 음식 메뉴 주문해서 먹었는데 맛있었어요,79,73,0,7
금금,wkd****,72,2026.04.29,1번째 방문,영수증,진짜로 너무 맛있어요 임산부인데 여기 오기를 잘할것 같아요 특히 문어덮밥이랑 보리된장국수 추천해요 두번째오는데 또 오고싶네요,80,69,0,8
금금,doxx79,69,2026.03.27,1번째 방문,영수증,오 진짜 맛있아요회사근처인데 처음맛보는 맛이기도하고 너무 가격도 가설비도 너무 좋아요 남편 해산물안먹는데 문어비빔밥 맛있다네요 자주올거같아요,80,78,0,8
금금,osh78,38,2026.03.16,1번째 방문,영수증,퓨전한식 진짜 좋아하는데 금금만큼 맛있는 곳 없어요 성수 에도 있어서 가봤는데 친절하시고 좋아요 특히 묵은지 문어 국수 추천입니다,80,72,1,9
금금,seohyeonie,34,2026.03.07,1번째 방문,영수증,음식도 정갈하고 직원분들도 친절하세요 친구랑 같이 저녁으로 밥 먹기 좋은 장소인거 같아요 다음에 성수 오면 또 올거 같아요 추천해용,81,73,1,9
금금,오비780,1088,2026.02.24,1번째 방문,영수증,웨이팅은 평일 오후2시쯤 웨이팅 10분정도햇어요 테이블은 7개정도잇구 음식이 깔끔하고 맛잇어요  양념으로 밥도 비벼먹을수잇어서 좋앗어용,81,75,0,8
금금,gfdg1,15,2026.04.12,1번째 방문,영수증,한식이 이렇게 새롭게 다가온 적은 처음입니다 너무 색다르게 맛있고 특히 들기름 국수가 참 맘에 들었어요 다시 올 것 같은 느낌이듭니다 강추,81,77,0,8
금금,하나화나,60,2026.04.24,1번째 방문,영수증,문어간장비빔밥 양념이랑 날치알이 톡톡 터지는게 맛있습니다 들기름 때문에 엄청고소합니당 마제소바도 안 좋아하는데 한국식 마제소바 느낌 너무 맛있습니다,82,82,0,8
금금,신서영75,37,2026.03.27,2번째 방문,예약,재방문인데 넘넘 맛있네요 특히 된장국수랑 들기름국수가 진짜 맛있어요 글구 여기 반찬으로 나오는 장아찌두 넘 맛있어서 리필해서 머것어요,82,74,0,9
금금,Sean9379,252,2026.02.20,1번째 방문,영수증,여기는 무조건 마제소바와 묵은지참치를 함께 먹어야해요 진짜 너무 맛있어요 최고입니다 웨이팅이 긴 이유가 있어요  정말 맛있었습니다,82,72,1,9
금금,imp****,58,2026.02.15,1번째 방문,예약,캐치테이블로 예약하고 올 수 있어서 좋아요 인테리어가 깔끔하고 친절해요 음식은 빨리 나오고 자극적이지 않은데 특별해서 다음에도 또 오고 싶네요,82,79,0,8
금금,촠콬칩쿸킼ib,455,2026.01.24,1번째 방문,영수증,독특한 종류의 메뉴들이 있어서 좋았어요 한번도 먹어보지 못했던 맛들을 먹어볼 수 있었어요 5종류 다 너무 맛있어서 만족스러운 식사였습니다,82,76,0,8
금금,lsy****,32,2026.02.05,1번째 방문,영수증,처음왔는데 너무 친절하시고 맛도 너무 맛있어요 집 앞이였으면 맨날 왔을텐데 이젠 서울 올때마다 와야겠엉요 생각보다 너무 맛있어서 놀랏어요 번창하세요,82,82,1,9
금금,도73,30,2026.02.22,1번째 방문,영수증,특별한 메뉴가 있어서 와봤는데 전부 너무너무 맛있었어요 보리된장국수 존맛 직원분이 너무 친절하셔서 기분 좋게 먹고 왔습니당 담에 또 올거같아요,83,79,0,8
금금,yun****,26,2026.02.01,1번째 방문,영수증,친구들이랑 와서 먹었는데 진짜 메뉴 하나 하나가 다 맛있어요  그래서 밥2공기나 더 먹어버렸네요  덕분에 추운날 친구들과 따듯한 시간 보냈어요,84,79,0,8
금금,cha****,33,2026.03.14,1번째 방문,영수증,여기 생각날 때마다 자주 오는데 이번에도 맛있었습니다 성수에 퓨전 한식집 중에서는 제일 맛있는거 같아요 맛있게 잘 먹었고 다음에도 오겠습니다,84,78,0,8
금금,젤리덕후,123,2026.02.14,1번째 방문,영수증,묵은지참치말이 보리된장국슨 들기름 통밀국수 두명이서 배터지게 먹었습니당 대기가 있는데 금방금방빠지는편이에요 친절하시고 맛있게 든든하게먹었습니당,84,79,1,9
금금,dah****,19,2026.02.24,1번째 방문,영수증,보리된장국수 유명해서 먹었는데 너무 맛있었어요  느끼하지 않고 실짝 매콤해서 굿굿  매장 너무 따뜻하고 직원분들 친절해서 편하게 먹기 좋았어요,84,79,0,8
금금,tㅇㅇ,26,2026.04.04,1번째 방문,영수증,친구들이랑 왔는데 다 너무 깔끔하고 맛있었어요 면에다가 마지막에 밥 비벼먹으면 완벽 수육도 너무 부드럽고 맛있고 묵은지침치말이도 킥입니다 추천,85,79,1,9
금금,아쟈작,56,2026.03.30,1번째 방문,영수증,성수 오랜만에 놀러와서 뭐먹을까 고민하다가 찾은 맛집 맛있는 메뉴 많아서 고민고민하다 골랐어요  들기름국수랑 묵은지참치말이 완전 맛나요,85,75,1,9
금금,zn****,15,2026.04.08,1번째 방문,영수증,동료들과 방문했습니다 1시반쯤 도착하니 웨이팅없이 입장 가능했어요 전 시그니처메뉴인 보리된장국수 주문했는데 넘 맛있네요 한식 좋아하면 외볼만합니다,85,81,1,9
금금,순둡순둡44,26,2026.01.13,1번째 방문,영수증,메뉴들이 다 맛있고 신선해요 된장국수 꼭 드세요너무너무 맛있고 살짝 매콤해요 매장이 좁아서 예약하면 더 좋을 것 같아요 다른 메뉴도 먹으러 오려구요,85,82,1,9
금금,hae****,11,2026.02.24,1번째 방문,영수증,20분 정도 대기하고 입장했습니다 음식의 간도 적당하고 고기도 부드러워서 맛있게 먹었어요 특히 된장국수가 진짜 맛있어요 가격도 괜찮습니다 강추,86,79,1,9
금금,푱푱303,15,2026.02.08,1번째 방문,영수증,곤드레양배추쌈밥 보리된장국수 소갈비덮밥 명란새우감자전 묵은지 참치말이 시켰어요 음식이 모두 너무 맛있어요 매장이 깔끔하고 친절하셔서 잘 먹고가요,87,80,1,9
금금,so161,152,2026.02.28,1번째 방문,영수증,처음 와보는데 너무너무 맛있었어요 오픈 시간 맞춰서 도착해서 웨이팅은 안했는데 바로 웨이팅이 생기더라구요  가격도 너무 착하고 만족스러운 식사였습니다,87,83,0,8
금금,박정빈432,5,2026.01.13,1번째 방문,영수증,웨이팅이 조금 있었지만 기다리기 너무 잘했다고 생각이 드는 곳 성수 오면 또 오고싶은 곳이거 수육이 너무 맛있는 집입니다 보리된장국수 무조건 그세요,87,82,1,8
금금,권희수43,1,2026.03.11,1번째 방문,영수증,진짜 넘 맛있어요 맨날 웨이팅 있었는데 웨이팅 없이 바로 들아와서 너무 좋았규 양도 푸짐하니 금금에서만 먹어볼수있는 시그니처 음식들이 너무 맛있고 즇았어요,88,86,0,7
금금,seo****,35,2026.02.27,1번째 방문,영수증,미국에서 오랜만에 한국 방문한 언니랑 같이 먹기 좋은 한식이 뭐가 있을까 하다가 찾게되서 방문했는데 맛도 있고 금액도 나쁘지 않아서 대만족 하고 갑니다,88,84,0,8
금금,이영주6968,60,2026.01.30,1번째 방문,영수증,금금 성수점 방문했어요 음식이 깔끔하게 나오고 맛도 전체적으로 만족스러웠습니다 직원분들도 친절해서 기분 좋게 식사했어요 성수 올 때 또 방문하고 싶어요,88,84,0,8
금금,산따 루씨아,315,2026.01.07,1번째 방문,영수증,2인 3메뉴 많을까 고민하다 묵은지 김치말이까지 주문했는데 제일 만족합니당 된장국수 약간 매콤해서 입맛 돌구요 추천합니다 재방문 의사 10000 있어요,89,84,1,9
금금,얌얌얌얌얌얌얌얌얌얌얌얌얌얌얌얌얌얌얌얌,77,2026.03.14,1번째 방문,영수증,겨울에 성수 올 때 마다 금금 옵니다아 언제나 맛있어요 계절 굴튀김이 진짜 맛있었는데 이제 봄이라 없능가아  그래도 역시 수육도 존맛 양배추 쌈밥도 존맛,90,85,0,8
금금,윤255,2,2026.03.15,1번째 방문,영수증,시킨 메뉴 전부 너무 맛있었어요 특히 명란 감자전이랑 들기름 통밀 국수는 꼭 드셔보세요 감동적인 맛입니다 직원분들도 친절하고 다음번에 또 방문하고 싶어요,90,85,0,7
금금,강쮸,12,2026.03.07,1번째 방문,영수증,다른 지점에선 줄서서 들어갔는데 오늘은 줄 없이 들어갈 수 있었어요 너무 맛있게 잘 먹었고 꼭 재방문할 예정입니다 보리된장국수와 명란새우감자전 추천이에요,90,85,0,8
금금,맛똑이 I 카페 맛집,127,2026.04.27,1번째 방문,영수증,보리된장국수 짱맛 감칠맛나는 마제소바에요 묵은지 참치말이는 밥이 좀 질어서 아쉬웠고 묵은지 문어 국수는 레몬향 이 많이 나더라구요 보리된장국수가 제일 맛있었어요,91,89,1,9
금금,Min9943,804,2026.04.14,1번째 방문,영수증,보리된장국수는 중식에 한식을 접목시킨 퓨전요리같은 느낌이었어요 문어간장비빔밥이 슴슴하니 정말 맛있었습니다 묵은지 김치말이는 떡볶이 땡기는 맛이었습니다 다 맛있어요,91,90,1,9
금금,아시모프,12,2026.01.07,1번째 방문,영수증,친구 추천으로 방문하였는데 정갈하고 맛있어요 특히 참치묵은지말이에 보쌈 올리고 와사비 올려서 먹으면 극락 들기름 통밀 국수 시원하고 면발 쫄깃해서 진짜 만족,91,87,1,9
금금,lvoivnecent,12,2026.05.01,1번째 방문,영수증,배고파서 소갈비 덮밥은 나오자마자 바로 먹었습니다  많이 안 짜고 맛있어요  덮밥이랑 문어국수랑 같이 먹으니까 술술 들어가더라고요 진짜 최고입니다,92,81,0,8
금금,472393,12,2026.03.25,1번째 방문,영수증,리뷰보고 왔는데 색다르고 맛있어요 문어국수는 쫄면 느낌도 나는데 식감 신기히구 미나리 국밥에 미나리 진짜 싱싱하고 맛있어요 그 중 소갈비 덮밥이 제일 맛있었어요,92,89,1,9
금금,Uu53,39,2026.04.30,1번째 방문,영수증,회사 점심으로 종종 오던 곳인데 맛있어서 친구 데리고 왔더니 친구도 완전 대만족했어요  갈비찜 덮밥은 처음인데 맛있어요 감자전은 역시 늘 좋습니당,93,81,0,8
금금,7786,14,2026.03.28,1번째 방문,영수증,진짜 너무너무 맛있어서 떵개햇어여 보리된장국수는 한 번 더 시켜 먹고 밑반찬으로 나오는 마늘쫑도 세 번 먹엇어요  진짜 맛잇어서 집 근처에 잇으면 좋겟을 정도예요,94,90,1,9
금금,Hima50,11,2026.03.23,1번째 방문,영수증,수원 스타필드점에 갔다가 너무 맛있어서 성수점도 방문했어요 역시 믿고 먹는  저는 보리 된장 국수가 가장 맛있더라구요 메뉴 고민되시면 보리 된장 국수로 드셔보세요,94,90,1,9
금금,싱니싱니최싱니,34,2026.01.10,1번째 방문,영수증,메뉴도 다양하고 하나같이 맛있어요 외식을하면 자극적인 맛이 보통 가득한데 건강한맛에 맛까지 챙겨져서 좋아요 면 밥 안주까지 골라먹을수있네여 명란치즈감자전 특히 강추입니다,94,94,1,9
금금,gay****,12,2026.02.24,1번째 방문,영수증,메뉴 하나하나가 다 너무 맛있고 플레이팅이 예뻐요 그리고 브레이크 타임 직전에 갔는데도 주문 받아주시고 친절하게 대응해주셔서 좋았어요 그리고 매장도 깔끔해서 너무 예뻐요,94,94,0,8
금금,hpine,51,2026.03.01,1번째 방문,영수증,다 맛있는데 된장국수가 제일 맛도리에요 캐치테이블 웨이팅 미루기 했다가 방문의사 또 체크해야 되는지 모르고 취소돼서 다시 웨이팅 하고 먹은 시간이 아깝지는 않았어요,95,91,0,8
금금,혀니9846,47,2026.01.17,1번째 방문,영수증,소갈비 국수는 마제소바 느낌이 나는데 너무 강하지 않아서 좋았어요 문어간장 비빔밥에 간도 적당하고 맛도리 간장비빔밥 다른 메뉴도 먹어보고싶네유 속 편한 맛집인거같아영,95,92,0,8
금금,전국맛집찾아다니기,34,2026.03.26,1번째 방문,영수증,성수 금금 다녀왔어요 한식을 베이스로 한 퓨전 메뉴라 색다르고 맛있었습니다 전체적으로 깔끔한 분위기에서 편하게 식사하기 좋았어요 다음에 또 방문하고 싶은 곳입니다,96,90,0,8
금금,밤준,23,2026.03.29,1번째 방문,영수증,소갈비덮밥은 아는맛인데 맛있는 맛이고 문어간장비빔밥은 새로우면서 맛있어요 근데 좁은 곳에서 음악이 두 종류가 나오고 사람들이 가게 문 열기를 힘들어해서 좀 산만하네요,96,92,1,9
금금,지혜사랑14,11,2026.04.02,1번째 방문,예약,6명 모임이었는데 6인석이 있어서 좋았어요 퓨전한식으로 맛있어요 소갈비덮밥에 와사비가 들어가서 맛있어요 새우명란전도 별미입니다 마늘쫑 장아찌도 별미 잘 먹고 가요,97,90,0,8
금금,닉네임 고민하다 1시간 보낸 사람,1414,2026.01.08,7번째 방문,영수증,금금이 리뉴얼됐다 소갈비 메뉴 시리즈가 새로 생겼다 소갈비국밥을 골랐다 소갈비가 깍둑썰려있어서 씹는 맛이 좋다 부드럽다 이에 안낀다 양배추쌈밥도 생겼다 구수하다,97,89,0,9
금금,위드유2112,14,2026.04.20,1번째 방문,영수증,너무 맛있어서 메뉴를 더시켰고 여기메뉴 다 먹어보고싶을정도로 너무맛있어요 세상에 다른나라에서온 친구도 너뭄 맛있다고 잘먹을정도예요 성수오면 여기 꼭 오고싶어요 진짜 짱이에요,97,96,1,9
금금,mis****,13,2026.02.11,1번째 방문,영수증,와  진짜 맛있어요 사진은 여자 둘이서 먹은 메뉴입니다 재방문의사 200  웨이팅없었는데 들어오니 만석이었어요 럭키비키  성수에서 꼭 식사하러 오세요 강추,97,86,0,8
금금,체여나,40,2026.02.09,1번째 방문,영수증,캐치테이블 웨이팅해서 왔어요 저녁시간대는 웨이팅 좀 있으니까 미리미리 확인하셔요 음식이 넘 깔끔하고 정갈한 맛이었어요 들기름국수 진짜 마싯구 다른것들도 넘 마싯엇어요,97,92,0,8
금금,김소영4695,2,2026.01.13,1번째 방문,영수증,보리된장국수 너무너무 맛있어요 밥 비벼먹으라고 주시니까 꼭 양념 조금 남겨두세요 모르고 막 긁어먹다가 얼마 안 남아서 소중하게 비벼먹었아요 다른 음식도 다 맛있어요,97,91,0,7
금금,냠냐ㅁㅁ,23,2026.03.03,1번째 방문,영수증,묵은지 참치말이 보리된장국수 문어간장비빔밥 먹엇어요 제 원픽은 보리된장국수 다른것도 맛잇는데 입맛에 제일 맛잇는건 국수엿어요 사장님도 친절하시고 너무 맛잇게 잘먹엇습니다,98,94,1,9
금금,qkr****,28,2026.04.29,1번째 방문,영수증,대기없이 입장했습니다 봄과 여름사이 날씨에 너무 먹기 좋은 음식입니다 내부도 청결하고 다양한 메뉴가 있어 다 먹어보고 싶은 곳입니다 재방문 의사 있습니다 감사합니더,98,91,0,8
금금,siy****,42,2026.02.05,1번째 방문,영수증,정말 맛있어서 싹싹 비워먹었어요 직원분도 너무 친절하시구 음식들도 넘 맛있고 분위기도 짱 죠아요 데이트나 친구들이랑 오기 딱 조을것가타요 성수오시면 다들 방문하시길,98,91,1,9
금금,plaintea,35,2026.03.08,1번째 방문,영수증,이것저것 시켰봤는데 음식맛은 대체로 쏘쏘 감자채가 넘 타서 좀 그랬어요 양은 저한테는 적당한데 남자분들은 적을수도서비스로 공기밥주니 모자란부분은 채우시면 될듯,98,88,1,9
금금,냐얌얌냠,14,2026.02.24,1번째 방문,영수증,캐치테이블 예약 걸고 조금 기다려서 들어왔는데 엄청 친절하시구 음식도 너무 맛있어요  옆에 작은 대기 공간도 있어서 대기하기도 수월했어요 한식 좋아하시는 분들 추천드려용,98,94,0,8
금금,jeonhaesu,115,2026.02.10,1번째 방문,영수증,말이 안 나오게 맛있네요 제 원픽은 소갈비 덮밥입니다  같이 온 친구가 된장국수 레시피 뺏어가고 싶대요  오래 기다렸는데 그래도 그만큼 맛있어서 잘 먹고 갑니다,98,89,0,8
금금,조녜지S2,76,2026.03.20,1번째 방문,영수증,정말 건강하고 맛있는 식사였어요 특히 양배추 쌈밥이 마이플레이스에 저장해 두고 자주 올고 같아요 내부가 넓진 않지만 불편함은 없었어요 청모겸 만났는데 대접하기 넘 좋았어요,99,95,0,8
금금,amo****,19,2026.04.17,1번째 방문,영수증,아늑해서 혼밥하시는 분들도 많네용 된장국수가 유명하다구 해여 꼭 드셔보세용  웨이팅이 잇는 집인데 점심시간 좀 지나서 오니까 평일이구 그래서 운이 좋게 웨이팅 없이 들어왓슴다,100,97,0,8
금금,젬오,38,2026.03.23,1번째 방문,영수증,예전에 와보고 오랜만에 왔는데 여전히 맛있었어요 보리된장국수 다 먹고 나서 공기밥 추가해서 먹는 게 진짜 맛도리입니다 배 안 부르시다면 꼭 밥까지 비벼드시는 거 추천드려요,100,95,1,9
금금,gil****,1,2026.04.16,1번째 방문,영수증,음식도 맛있고 기본 반찬들도 맛있습니다 직원분들도 엄청 친절하게 안내해주셔서 좋았어요 웨이팅이 조금 있는 것 같으니 기다리지않으려면 식사시간보다 조금 이르게 가는 것을 추천합니다,100,99,1,8
금금,맛있는거다먹어볼테다,1167,2026.05.08,1번째 방문,영수증,저번에 맛있었어서 엄마 모시고 오고 싶었는데 어버이날이라 함께왔어요 보리된장국수는 밥까지 야무지게 비벼서 다 먹었어요 음식 깔끔하고 친절하시고 반찬으로 주시는 마늘쫑도 맛있어요,101,98,0,8
금금,xwx452,34,2026.04.04,1번째 방문,영수증,성수에서 뭘 먹을까 고민하던 중 한 눈에 꽂힌 금금 메뉴가 나오자마자 바로 오길 잘 했다 싶더라구요  퓨전 한식 느낌이라 부담없이 먹기에도 좋아서 방문하시길 추천합미다,101,93,0,8
금금,WADDYTravel,647,2026.01.25,1번째 방문,영수증,돌문어 좋아하는데 이런 맛집이 성수동에 있었네요 음식 메뉴하나하나 특색있고 깔끔하고 맛있어요 주말인데 브레이크타임 없이 대기없이 맛있게 먹고가요 특히 국수가 물회처럼 맛있어요,101,97,0,8
금금,Threaded,30,2026.04.24,1번째 방문,영수증,지나다니는 길에 공간이 이뻐보여서 궁금했는데 이쁜 공간만큼 맛있는 곳이었어요 한식 퓨전의 느낌이 물씬 났는데 맛이 어색하지 않고 엄청 조화로워 식사 내내 즐거웠습니다 잘먹었어요,101,98,0,8
금금,김성공36,43,2026.03.23,1번째 방문,영수증,메뉴 하나하나 모두 정성스럽고 건강한 맛입니다 예뻐서 눈으로 보는것도 즐겁고요 단백해서 계속계속 들어가네요 감칠맛이 대박이에요 막걸리랑 정말 잘 어울립니다 넘 맛있어요,102,93,0,8
금금,삶 과,43,2026.05.02,1번째 방문,영수증,너무너무 맛있게 잘 먹었어요  면이 진짜 쫄깃 쫄깃 소스랑 고기도 잘어울리고 원래 아런건 좀 잘 물리는 편이었는데 그렇지 않게 배부르게 먹을 수 있었습니다,102,86,1,9
금금,루 키,131,2026.02.12,1번째 방문,영수증,너무 맛있고 분위기가 좋아요 다양한 메뉴들이 있어서 고르기 어려웠네여  국수 간도 딱 적당하고 소 갈비 덮밥은 불향이 나고 맛있어여 다음에 남자친구랑 올게여,102,87,0,8
금금,리뷰를써,30,2026.02.23,1번째 방문,영수증,평일 월요일 1시쯤 방문했는데 30분 정도 웨이팅 했어요 그래도 근처에 할 거 많으니까 시간도 잘 가서 기다릴만 했어요 음식들은 전체적으로 너무 맛있었습니다 특별한 메뉴 많아요 굳,103,100,0,8
금금,띵하고어지럽네,96,2026.04.07,1번째 방문,영수증,오래된 곳인데 이유가 있네요 담백하고 건강한데 밋밋한 맛이 아닌 정갈하고 약간의 가 감칠맛을 주네요 수육도 맛있는데 좀 더 두꺼우면 육즙과 식감이 배로 좋아질 것 같습니다,103,95,1,9
금금,이에로사이다70,17,2026.03.07,1번째 방문,영수증,어머니랑 약속이 있어서 시간을 보내고 저녁을 먹으러 왔어요 배고파서 급하게 들어왔는데 메뉴도 너무 맘에 들고 맛있어용 직원분께서도 친절하십니당 너무 맛있게 잘 먹었습니다,103,94,0,8
금금,콩순쨩,26,2026.02.05,1번째 방문,영수증,메뉴가 완전 토종도 아니고 퓨전느낌이라 한번와봤습니다 문어 비빔밥이 너무 새콤하고 특이했어요 먹는방법도 잘 알려주시고 색다르고 맛있었어요 직원분들도 친절하셔서 안올이유가 없어요 굿굿,105,101,0,8
금금,MnM21,41,2026.03.27,1번째 방문,영수증,송리단길점도 좋아해서 여러번 갔는데 성수에서도 올 수 있어서 좋아요 국수도 먹고 밥도 먹을 수 있어서 새로운 음식을 두번 먹는 느낌을 느낄 수 있어요  느끼하지 않고 깔끔해서 좋습니다,107,102,0,8
금금,코너 맥스리거,48,2026.01.10,1번째 방문,영수증,익숙하면서도 신기한 메뉴가 많아요 된장국수는 살짝 매콤한 맛이있어서 묵은지참치말이랑 닽이먹으면 조합이 좋아요 그리고 미나리 갈비국밥은 자극적이지않고 미나리형이 은은하게 퍼지는게 맛이좋습니다,108,105,1,9
금금,김남주2453,27,2026.01.16,1번째 방문,영수증,친구랑 오랜만에 만나서 분위기  맛까지 있는곳 찾다가 오게됐어요  음식도 맛있고 가게도 깔끔하니 분위기 있고 여자분들 취향 저격할 느낌  화장실 너무 깔끔하고 따뜻함 신경쓰시는게 느껴짐,108,103,0,8
금금,eun****,107,2026.02.21,1번째 방문,영수증,오랜만에 성수 놀러왔는데 지나가던 젊은 분들이 완전 야르하다는 말을 개르하다 라고 표현하더군요 여기 보리된장 국수는 정말 개르합니다 같이 나오는 백김치와 마늘쫑까지 넘 맛있고요,108,98,0,8
금금,미히7,14,2026.02.21,1번째 방문,영수증,넘 기대했는데 정말 기대할만한 곳입니다 기다린 거 1도 후회가 안되는  찐 맛집  나중에 다른 메뉴들도 또 먹고 싶네요 서비스도 넘 친절하셔서 더더 좋았답니다 담에 또 올게요,108,97,0,8
금금,올리는올리비아롭은로빈,27,2026.02.06,1번째 방문,영수증,금금이 너무 좋아요 금금 최고 직장에서 도보로 좀 걸어와야 하는데도 늘 즐겨 찾아요 저희 사무실 최애예요 겠다 문어비빔국수랑 보리된장국수가 최애예요 여기는 반찬까지 맛없는 게 없다,111,100,0,8
금금,진힁,33,2026.02.21,1번째 방문,영수증,캐치테이블 웨이팅 하고 들어왔어요 매장이 큰 편은 아니지만 깔끔하고 옷 걸수있는 공간도 마련되어 있어요 음식양이 많지는 않아서 남자 혼자 먹기엔 좀 부족할수도 있어요 그래도 정말 맛있게 먹었습니다,111,109,0,8
금금,seor83,43,2026.02.28,1번째 방문,영수증,메뉴가 전체적으로 다 특별하고 너무 맛있었어요 보리된장국수는 어디서 먹어본 적 없는 맛에 말씀드리면 공기밥 주셔서 비벼먹을 수 있어요 양배추쌈밥도 성수도 다른 매장보다 맛있었어요 묵참도 짱,112,105,1,9
금금,이승훈8139,14,2026.01.31,1번째 방문,영수증,하우스노웨어 갔다가 주변 맛집을 검색해서 왔는데 다음에도 꼭 다시와보고 싶을정도로 맛있네요 메뉴마다 조화도 좋지만 메뉴들의 조합도 너무 좋아요 국수메뉴와 감자전은 진짜 찐조합 잘먹고 갑니다 담에봐요,112,110,0,8
금금,오리 KKKK,11,2026.05.04,1번째 방문,영수증,엄마랑 동생이랑 성수 나들이 왔다가 맛있는 퓨전 한식집에서 밥먹고 갑니다 색다른 음식이 먹고 싶어서 찾게된 집인데 진짜 모든 메뉴가 맛있었어요 웨이팅한보람이 있습니다다음에 또 오고 싶어요,112,104,0,8
금금,a하쿠나마타라,10,2026.02.27,1번째 방문,영수증,처음 와봤는데 색다른맛이네요 묵은지의 신맛과 감칠맛이 맛나요 문어 비빔밥의 간장도 뭔가다른 것 같고 다만문어가 너무 조금 들어간게 아쉽네요 국수는 한국식마제소바처럼 독특하게 맛있네요,113,101,1,9
금금,루보이스,25,2026.05.05,1번째 방문,영수증,저번부터 성수에 올때마다 웨이팅 시도 했었는데 드디어 먹어보네요 기대만큼 너무 맛있고 건강한 느낌의 밥상이 너무 오랜만이라서 완전 만족스러운 식사였습니다 다음에도 또 올 것 같아요 최고,114,103,0,8
금금,m1hhh,199,2026.05.01,1번째 방문,영수증,들기름막국수 향도 너무 좋고 맛있어요 수육도 엄청 촉촉하고 부드러워요 된장국수 된장을 맛있게 소스로 만들어서 너무 맛있네요 치즈고기말이 느끼하지 않고 맛있어요 메뉴들이 전체적으로 독특하고 좋았어요,115,109,1,9
금금,hop****,987,2026.02.15,1번째 방문,영수증,친구 추천으로 금금 식당을 오게 되었습니다 식당자체는 깔끔하고 작은 편입니다  요새 보기힘든 보리차도 주시고  보리된장국수쌈밥감자전까지 주문해서 알차게 먹네요 담에 방문하면 다른 메뉴도 먹어봐야겠어요,116,111,1,9
금금,찐 원앤온리,17,2026.02.09,1번째 방문,영수증,퓨전한식이라 한국인 입맛에 제격 색다른 맛으로 질리지 않게 먹었습니다 특히 묵은지참치말이는 한알만 먹어도 든든 친구 연인과 같이 오면 깔끔하고 맛있는 식사가 될거예요 점원분의 친절함도 감사했습니다,117,109,1,9
금금,pokezzang33,32,2026.03.28,1번째 방문,영수증,아이와 성수 나들이 와서 처음 먹은 곳 한식  고기 먹이고 싶은 마음에 찾아왔는데 너무 잘 먹었습니다 아이도 너무 잘먹고 어른도 잘먹어서 메뉴 사진 하나 찍고 뒤에는 먹느라 사진 찍는것도 잊고 먹었네요,117,112,1,9
금금,텔초누나,21,2026.01.31,1번째 방문,영수증,친구랑 오랜만에 성수 나들이 갔다가 방문했어요 리뷰에서 봤다시피 음식들이 다 정갈하고 너무 맛있었고 추운날 분위기도 아늑하고 좋았습니다 2인이지만 먹어보고 싶은 메뉴가 많아 3메뉴했어요  다 맛있었습니다,120,113,0,8
금금,베스트파트,232,2026.03.28,1번째 방문,영수증,보리된장국수 처음 먹어봤는데 진짜 맛있네요 고소하고 짭짤한 된장맛이랑 감칠맛이 너무 잘 어울려요 면도 쫄깃하고 소스가 잘 비벼져서 먹기 좋았어요 두부랑 수육토핑이 정말 잘어울려요 보리된장국수 추천합니다,121,112,1,9
금금,yee****,10,2026.03.07,1번째 방문,영수증,여기 정말 맛집입니다 소갈비 덮밥이랑 묵은지 문어 국수 둘 다 맛있는데 개인적으로 문어 국수가 상큼해서 더 좋았어요 주변 다른 곳들보다 웨이팅도 비교적 적어서 더 쾌적했습니다 그치만 여기도 조만간 유명해질 거 같아요,123,120,1,9
금금,체리나나00,49,2026.01.15,1번째 방문,영수증,남자친구랑 두번째 방문인데 첫 방문때도 맛있었지만 오늘 먹은 된장국수랑 소갈비 덮밥이 왕맛탱이었어요  묵은지 참치말이는 여전히 맛있어서 만족했습니다  다음에 성수 올 일 있으면 또 방문할게요 서비스도 감사합니당,123,117,1,9
금금,새벽1884,5,2026.03.10,1번째 방문,영수증,성수나들이왔다가 근처에 맛집있는지 찾다가 방문하게 됐어요 가게는 생각보다 협소하지만 깔끔하고 좋아요 인테리어도 단정합니다 음식도 정갈하게 잘 나오고요 물도 맹물이 아니라서 좋습니다 다음에도 또 올 거 같아요,123,115,0,7
금금,원희17,18,2026.04.26,1번째 방문,영수증,꼭 먹어보고 싶었던 메뉴들이라서 캐치테이블로 예약하고 방문했어요 주말 저녁이라 그런지 캐치테이블 50분  현장 20분 정도 대기했습니다 기다린 만큼 맛있네요  안쪽에 단체석 테이블이 있어서 넓게 이용했어요,124,114,0,8
금금,벼랑 위의 을차,1,2026.04.04,1번째 방문,영수증,친구랑 오랜만에 만났는데 성수 팝업 들렀다 밥 먹기 좋네요 메뉴도 간결하고 깔끔해요 국수 먹었는데 상큼하고 맛있어요 묵은지 문어 국수 맛있고 담엔 다른 것도 먹으러 올 거 같아요 간단하게 친구 연인이랑 먹기 좋아요,124,119,1,8
금금,seo****,10,2026.05.04,1번째 방문,영수증,묵은지의 깊은 맛과 참치의 조합이 정말 잘 어울렸고 보리된장국수는 구수하고 담백했어요 개인적으론 제일 맛있는 메뉴였어요 문어국수도 초장 맛과 문어가 잘 어우러져서 전체적으로 만족스러운 식사였습니다 재방문 의사 있어요,124,120,1,9
금금,린린린16,369,2025.12.31,1번째 방문,영수증,처음 와봤는데 남자친구가 근무하다 동료 소개로 먹어봤는데 맛있다고해서 방문했어요 25년의 마지막을 이렇게 방문하게 될줄이야 모든음식들이 궁금하고 맛있어보입니다 실제로도 맛있구요 재료모두 신선하네요 계란 색 보이시죠,125,119,0,8
금금,SOO707,114,2026.01.25,1번째 방문,영수증,잠실에서 처음 가봤는데 맛있어서 성수점도 찾아왔어요 여기도 정말 맛있네요  들기름 막국수 진짜 진짜루 추천합니다  이번에 된장도 먹어봤는데 한국식 마제소바 양념 진짜 짱  친구 데려왔는데 완전 만족하구 갑니단,128,116,0,8
금금,나윤정42,5,2026.03.15,1번째 방문,영수증,저는 성수에서 제일 맛있는 또간집이 금금이에요 된장국수 마제소바 진짜 소스 여기가 제일 맛있고 밥 마지막에 비벼먹는것도 너무 맛있는데 묵은지 말이도 너무 담백하고 맛있어요 가게도 분위기 너무 좋고 이쁘고 완전 추천입니당,128,122,1,8
금금,최민서632,31,2026.02.12,1번째 방문,영수증,성수 맛집이라고 해서 왔는데 말 그대로 맛집이네요 양배추쌈밥이랑 문어국수 와 미쳤습니다 사이드로 시킨 묵은지참치말이는 대표메뉴대로 맛있더라구요 분위기고 좋고 노래가 너무 시끄럽지도 않아서 혼밥하기에도 좋을 것 같아요 추천합니다,130,126,1,9
금금,hana1717,40,2026.04.10,1번째 방문,영수증,지인 추천으로 왔는데 메뉴가 너무 다 맛있어보여서 고르기 힘들었는데요 정말 다 맛있습니다 특히 문어 간장 비빔밥 킥이에요 꼭 드셔보세요 사장님도 너무 친절하시고 다른 메뉴들도 맛보러 다시 와보고 싶어요,131,112,0,8
금금,유나님님,51,2026.01.31,1번째 방문,영수증,정확히 한달전에 방문했다가 못먹었던게 아쉬워서 다시 방문했어요 조금만 늦었으면 대기 할 뻔 했지만 다행히 바로 입장했고 음식과 매장이 전반적으로 깔끔해서 좋았다 다른 메뉴도 먹어보고싶어서 재방문 예정 한국식 마제소바인 된장국수는 강추,131,130,1,9
금금,째째언니03,10,2026.04.27,1번째 방문,영수증,음식은 맛있어요 마제소바에 된장맛이 살짝 가미된 맛 근데 좀 비싼감이 있네요 평일점심시간이었는데 웨이팅도 있고 음식도 나오는데 좀 걸려서 총 30분정도 소요된거 같아요 회사 점심시간에 나와서 먹기는 촉박하더라고요 참고하시길,132,124,0,8
금금,ssa****,43,2026.01.25,1번째 방문,영수증,음식 하나하나 다 맛있어요 비빔면은 매콤새콤한데 자극적이지 않고 해물도 신선해서 계속 손이 가요 보쌈은 잡내 없이 촉촉하고 부드러워서 같이 나온 배추랑 먹으니 조합 최고였습니다 전체적으로 양도 적당하고 구성도 좋아서 만족스러운 식사였어요,132,132,1,9
금금,민티블,18,2026.02.25,1번째 방문,영수증,친구들이랑 성수에서 한식 먹고싶어서 갔는데 특이한 메뉴들도 많고 가격도 괜찮아서 좋았어요 면 종류 두가지랑 양배추쌈밥 시켰는데 국수 면도 쫄깃하고 맛있고 쌈밥은 같이 간 친구들 다 맛있다고 해서 데려오길 잘했네요 다음에 또 가보려구요,133,130,1,9
금금,Behappy55,23,2026.01.30,1번째 방문,영수증,성수동 갈맠한 집 알아보다 찾아서 왔는데 만족해요 주말 2시경임에도 웨이팅 해야 하는 맛집이고요 곤드레양배추쌈밥도 먹고 싶었는데 품절이라 너무 아쉬워요 이걸로 담에 또 오는 걸로 감자채전 짜지 않고 국수는 말해뭐해 맛있습니당,134,125,0,8
금금,오에리,18,2026.01.24,1번째 방문,영수증,친구가 추천해줘서 왔는데 왜 추천한지 알 것 같아요 그만큼 너무 맛있습니다 추운 날씨에 웨이팅이 있었지만 옆에 웨이팅석이 있고 그만큼 너무 맛있어요 진짜 맛있어요 진지해요 진짜 무조건 드세요 면도 쫄깃하니 맛있어요 최고에요,135,124,1,9
금금,헬로9320,27,2026.01.30,1번째 방문,영수증,성수동 금금 오면 갈비덮밥은 필수입니다 고기가 정말 야들야들하고 양념이 자극적이지 않으면서도 감칠맛이 대박이에요 노른자 톡 터뜨려서 밥이랑 비벼 먹으니 고소함까지 더해져서 순식간에 한 그릇 비웠습니다 퓨전 한식의 정석을 맛본 기분이에요,135,131,1,9
금금,남40,17,2026.04.14,1번째 방문,영수증,두번째 방문입니다 메뉴는 문어국수와 미나리국밥 처음에먹은 된장비빔과 비교하기는 힘들정도로 전 메뉴 다 너무 맛있네요 특히 문어국수는 새콤달콤해서 상큼한 맛 좋아하는사람은 무조건 시키시길 추천 다음에 또 와서 모든 메뉴 다 먹어보겠습니다,136,131,0,8
금금,jmy****,5,2026.03.14,1번째 방문,영수증,갈비맛이 찐하게 나는 덮밥과 명란 맛이 나는 부드러운 감자전 맛있엇습니다 감자전의 소스는 느끼하지 않게 아주 살짝 맵게되어 먹기 좋았습니다 들기름 막국수도 향이 아주 좋고 수육은 이벤트로 맛있게 먹었습니다 다음에도 또 방문할 것 같아요,136,131,0,7
금금,ㄱ6ㅇrㅈl,36,2026.04.21,1번째 방문,영수증,해외에서 온 손님 모시고 같이 와서 식사했어요 한국인 입맛에는 묵은지참치말이랑 들기름국수가 정말 맛있었고 외국인 분들도 다 맛있다고는 하시는데 그 중에 명란새우감자전이 독특하고 맛있다고 하시더라고요 너무 맛있게 잘 먹었구 서비스도 좋았어용,138,133,1,9
금금,Dingaring,556,2026.01.21,1번째 방문,영수증,묵은지 참치말이 보고 왔는데 고소한 참치말이 뿐만 아니라 보리된장국수 넘 맛있어요 마파두부 스타일인 거 같으면서도 특별한 맛이 왜 여기를 찾는 사람이 많은지 알 거 같아요 밑반찬으로 나오는 마늘쫑이 킥이더라고요 다음에 성수 오면 또 오고파요,139,134,1,9
금금,ste****,17,2026.05.02,1번째 방문,영수증,전부터 와보고 싶었는데 어머니와 방문했습니다 주말이라 사람이 많았는데 약 20분 웨이팅하고 입장했어요 웨이팅시 미리 주문을 해서 음식이 빨리 나와 더 좋은 것 같아요 보리된장국수는 대표답게 너무 맛있고 문아국수도 적당히 매콤새콤해서 맛있네요,139,134,0,8
금금,끼룩57,188,2026.01.03,1번째 방문,영수증,기다려서 먹는 이유가 있는 맛이에요 퓨전요리라서 흔히 먹을 수 있는 음식도 아니어서 특별한 날 오기도 좋을 것 같아요 웨이팅 길지 않게 피크타임은 피해서 오면 좋을 것 같습니다 다음엔 피크타임 피해서 와서 다른 것도 더 시켜 먹어야 겠어요,140,133,1,9
금금,yoozzzzz,15,2026.03.06,1번째 방문,영수증,들기름 통밀국수랑 명란새우감자전 묵은지참치말이 먹었는데 앞에 두개는 다 먹어버려서 사진이 없네요 들기름 통밀국수 진짜 맛있어요 계란김밥 먹으러 온거였는데 메뉴가 개편돼서 좀 아쉽지만 다른 메뉴들이 맛있어서 괜찮았어요 직원분도 친절하세요,140,131,1,9
금금,김현서8441,83,2026.01.07,1번째 방문,영수증,맛있게 잘 먹었습니다 예약 안하고 방문했는데 다행히 자리가 있었어요 들기름 막국수 보리된장국수 묵은지참치말이 모두 맛있었습니다  보리된장국수는 마재소바처럼 다 먹고 밥을 비벼먹을 수 있는데 그게 정말 맛있었어요 다음에 또 방문하고싶습니다,141,132,1,9
금금,닉넴뭐로하지51,28,2026.01.13,1번째 방문,영수증,1 사장님이 너무 친절하십니다 2 메뉴가 색달라서 뭔가 새로운 메뉴 먹고싶을 때 좋은 것 같아요 저는 개인적으로 소고기덮밥 이 표고향과 소불고기가 잘 어우러져서 맛있었습니다 3 화장실이 조금 신기한 위치에 있지만 따뜻하고 쾌적해서 좋았어요,141,133,1,9
금금,레몬막대83,66,2026.04.25,1번째 방문,영수증,아이와 함께 나들이 나와서 퓨전한식을 먹고싶어 검색 후 찾아왔어요 주말 오후 3시 기준 웨이딩 30분이내였구요 보리된장국수 너무 맛있고 문어간장비빔밥도 달달짭쪼름하니 좋았어요 아이가 먹기에도 좋은 메뉴라 웨이팅 길지 않다면 재방문의사 있습니다,142,135,1,9
금금,써니sunny혜선,326,2026.01.10,1번째 방문,영수증,문어 비빔국수 진짜 새콤달콤하고 맛있어요 상큼한거 먹고싶다면 추천 참치 묵은지말이도 맛나요 밥 꼬들하게 맛있고 생와사비 곁들이는게 킥임 메뉴들이 다 맛있을거같아서 다 맛보고싶었어요 친구랑 두개 겨우 골랐네요 재료도 건강하고 또 가고싶은곳이에요,142,135,1,9
금금,W3wWr,48,2026.02.21,1번째 방문,영수증,보리된장국수 생각보다 된장맛이 안나구 마제소바 같아서 너무 신기했어요  완전 맛있었습니다  튀겨진두부도 맛있고 수육 올라간 게 완전 킥이었습니다  묵은지도 맛있었어서 고민하다가 시킨게 후회될정도로 너뮤 맛있었어요  잘먹었습니당,142,126,1,9
금금,che****,9,2026.05.09,1번째 방문,영수증,와 진짜 여러분 보리된장국수 꼭 드세요 밥까지 꼭 비벼드세요 한톨도 안남기고 싹싹 긁어먹었어요 진짜 맛있습니다 초계국수도 맛있는데 보리된장국수 진짜 대박 마제소바 맛이 나는듯 하면서 한국적인 맛이 나서 부담도 없고 진짜 맛있게 먹을 수 있어요,143,135,1,9
금금,Vv둥둥이,20,2026.03.24,1번째 방문,영수증,회사앞에 있어서 와보고싶었는데 드디어 왔어요 평일에도 웨이팅 좀 있어서 1015분 정도 기다린거같아요 너무맛있음 보리된장국수 감칠맛 미쳣어요   밥 비벼먹고싶은 맛이라 공기밥 부탁드렸는데 흔쾌히 주셔서 너무 감사합니다 진짜맛있었어요,145,129,0,8
금금,sobang,26,2026.05.09,1번째 방문,영수증,늘 매장앞에 대기가 있어 맛있는데도 자주 오지못하는 집근처 맛집 오늘은 명란 새우 감자전과 보리된장국수 감자전은 웃음이 나오는 맛이에요 마치 피자같고 고소하고 담백한 굉장한 맛 넘 맛나요 국슈는 감칠맛이 너무 좋았어요 맛잘알 남편도 만족이래요 자주 올게요,146,142,1,9
금금,gud****,14,2026.04.24,1번째 방문,영수증,성수에서 이런 한식 스타일 찾기 쉽지 않은데 여긴 진짜 깔끔하고 감각적인 맛 제대로다 들기름 된장 베이스가 은근한데 자극적이지 않아서 계속 들어가는 느낌 특히 탄내 날 정도로 바싹튀긴게 좋다면 강추에요 분위기도 차분해서 밥 먹으면서 쉬는 느낌까지 같이주는 곳,147,144,1,9
금금,smile23,37,2026.03.03,1번째 방문,영수증,보리된장국수 넘 맛있네요 다른 메뉴들도 맛있어보여서 고민하다가 선택했는데 아주 탁월한 선택이었던 것 같아요 소스가 독특하면서 잘 어우러져서 아주 특별하고 맛있는 한끼를 먹은 것 같아서 기분이 좋네요 다음에 또 먹으러 오겠습니다 수육 서비스까지 최고에요,147,140,1,9
금금,로로로윙,58,2026.03.01,1번째 방문,영수증,한식퓨전음식점이네요 된장국수는 마제소바같은 느낌인데 씹히는 쪽파가 식감을 살려줘서 맛있게 먹었습니다 새우감자전은 고민하다 시켜보았는데 셋중 가장 맛있었어요 명란곁들여 흰소스에 꼭 찍어드세요 성수오랜만에 왔는데즐거운 식사였습니다 미리 캐치테이블 예약하고오세요,151,143,0,8
금금,레트,19,2026.03.11,1번째 방문,영수증,다른 매장에서 추천받아서 점심시간에 방문했습니다 어디선가 먹어본 것 같기도 한 아부라 마제소바 느낌의 시그니처 디쉬인데 재료들도 다 신선하고 조화로웠습니다 특히나 노른자가 진짜 신선했어요 사진을 제대로 못 찍었는데 젓가락 꽂으면 꽂힌 채로 서있을 정도였어요,153,143,1,9
금금,방방곡곡 내돈내산 추배꼽,1382,2026.03.22,2번째 방문,영수증,금금 성수점 다녀왔는데 아이들과 함께 방문했는데도 불편함 없었어요 퓨전 한식이라 다들 부담 없이 잘 먹어서 만족스러웠습니다 마제소바 들기름 막국수 최고 생각보다 소고기 덮밥도 아이들이 좋아했어요  웨이팅 있었지만 오픈하자마자 가서 기다리지 않고 입장했습니다,154,143,1,10
금금,chfhr6847,15,2026.01.10,1번째 방문,영수증,오늘 처음 방문했는데 메뉴들이 전체적으로 맛있었어요 저는 들기름 통밀 국수 먹었는데 담백하고 안에 고기 토핑도 많이 들어가있어서 좋은 거 같아요 묵은지참치말이는 진짜 입 안이 꽉찰정도로 도톰하고 밥이 따수어서 더 맛있어요 다음에 또 방문해서 다른 메뉴도 먹어봐야겠어요,155,149,1,9
금금,nokomenteu,37,2026.01.22,1번째 방문,영수증,와 여긴 진짜 맛집 보리 된장국수  묵은지 참치 말이 먹었는데 된장 국수는 싹 섞어서 소스 듬뿍 드시는거 강추드립니다 체고  묵은지 참치 말이도 와사비 추가요청드려서 너무 맛있게 먹었어요 평일 오전 11시 조금 넘어서 갔더니 바로 입장했고 11시 30분쯤 되니까 만석이네용,159,152,1,9
금금,Bini12,17,2026.05.04,1번째 방문,영수증,양배추 쌈밥이 제일 먼저 나왔는데 다음 메뉴 나오기도 전에 바로 순삭해버렸어요 간 적당하고 맛있음 된장고기국수와 소갈비 국수는 간이 좀 센데 괜찮아요 특히 간장장아찌랑 같이 먹으면 굉장히 맛있음 수육도 장아찌와 같이 먹으니 그냥 술술 들어가서 반찬만 꽤 많이 리필했어요 맛있습니다,160,156,1,9
금금,yeonni92,19,2026.03.07,1번째 방문,영수증,이벤트 리뷰 맛보기 수육 이벤트 있어서 참여했습니다방송에 나왔던 곳에 맞게 대기 웨이팅이 있었지만 생각보다 빠르게 입장했어요 한식이지만 새롭게 해석한 맛이여서 맛있게 잘 먹었습니다 한국식 마제소바는 색다른 맛이였고 신메뉴에 들어간 미나리 오일이 색달랐어요 맛있게 잘 먹고 갑니닷,162,155,0,8
금금,봄이씨스터,8,2026.02.15,1번째 방문,영수증,유튜브에서 성수 맛집으로 추천해주셔서 방문해봤어요  묵은지참지말이 존맛  원래 갈비덮밥 먹으려로 했는대 품절이여서 너무 아쉬웠어요  대신 문어감장비빔밥으로 주문했는데 이것도 너무 맛있었어요  보리된장국수 맛있는데 저한테는 간이 조금 쎄네요 다음에 방문해서는 갈비 덮밥 꼭 먹어볼게요,167,157,1,9
금금,철수영희,39,2026.02.09,1번째 방문,영수증,메뉴가 전부 맛있어 보여서 어떤거 먹을지 고민했는데 잘 선택한거 같아요 보리된장국수는 된장 맛이 살짝 나는 마제소바느낌인데 두부 튀김도 바삭하면서 촉촉하니 잘 어울려요 밥도 하나 먹고싶어서 소갈비 덮밥 시켰는데 달달한 갈비 양념에 와사비 살짝 넣어서 먹으니까 좋았어요 다른 메뉴도 궁금해서 또 와볼것 같아요,172,171,1,9
금금,솜솜숨숨,296,2026.05.09,1번째 방문,영수증,퓨전 한식 느낌이라 메뉴가 다 독특한데 하나같이 조합이 좋고 맛있었어요 특히 보리된장국수는 한국식 마제소바 느낌인데 고소하고 감칠맛 대박 문어간장비빔도 짭조름하면서 계속 손 가는 맛이라 같이 먹기 좋았어요 매장 분위기도 감성 있어서 데이트 코스로 추천하고 직원분들도 친절해서 기분 좋게 식사했어요,175,165,1,9
금금,khb723,69,2026.03.25,1번째 방문,영수증,평일 점심 방문했어요 매장은 좀 협소하지만 음식은 너무 맛있어요 캐치테이블로 예약하고 가시는거 추천드려요 보리된장국수가 진짜 맛있으니깐 꼭 드세요 평일 점심에 사람많은데 직원 한 분만 홀에 계셔서 혼자 일 다하시느라 너무 바빠보이셨어요 다 너무 좋은데 홀직원 늘리실 필요가 있으실 것 같아요,175,162,0,8
금금,싸피19,14,2026.04.10,1번째 방문,영수증,지나가는길에 대기가 없어서 방문해본 금금입니다 메뉴는 베스트 두개였던 문어간장비빔밥이랑 한국식 마제소바라는 보리된장국수 주문했어요 뭔가 음식이 깔끔하고 정갈한 모양새와 맛이어서 속이 편안할거같습니다 특히 보리된장국수는 마제소바 좋아하는분이면 밥까지 비벼먹을맛  다음엔 문어국수도 먹어보려구요 모든 메뉴 다 맛있을거같아요,183,178,1,9
금금,헬스타트,59,2026.02.20,1번째 방문,영수증,지도를 보다가 우연히 발견했는데 퓨전 한식을 좋아해서 방문하게 되었습니다 기대를 많이 하고 갔뎐 만큼 보리된장국수가 맛있어서 매우 만족했습니다 가게 내부도 깔끔하고 직원 분들도 친절하셔서 편안하게 식사할 수 있었습니다 지금은 문어가 들어간 메뉴가 전부 안 되는 것 같아 아쉬웠지만 다음에 또 방문하라는 뜻으로 생각하고 다시 오겠습니다,191,186,0,8
금금,몽키랄라,21,2026.04.04,1번째 방문,영수증,시부모님 모시고 요즘 친구들 많이 온다는 성수동 나들이 왔다가 새로운 음식 드시게 하고 싶어서 리뷰보고 찾아왔어요 색다른 메뉴에 어르신들 눈으로 감탄하시고 금방나오는 메뉴로 시장하신 허기 달래는 맛보고 놀라시고 오늘 하루 기분좋게 마무리 하게되서 만족스럽네요 문어국수 새콤해서 추천드리고요 친절하시고 다들 취향저격이라 맛있게 먹었어요,193,186,0,8
금금,재키24,426,2026.01.18,1번째 방문,예약,묵은지 참치말이랑 문어간장비빔밥 둘다 너무 맛있었어요 묵은지 참치말이는 묵은지에 밥과 참치마요를 함께말아낸 살짝 김밥 느낌에 요리였는데 묵은지와 참치마요의 조합이 진짜 맛있네요 문어간장비빔밥은 밥위에 문어새우 야채들이 올라가고 간장소스로 비벼먹는데 딱 적당하고 맛있는 비율의 맛이여서 놀랐어요 밥과 재료들과 간장소스의 궁합이 굿이네요 담에 또 방문하고싶어요,207,199,1,9
금금,짐니96,36,2026.01.17,1번째 방문,영수증,성수동에서 추천받은 금금 성수점으로 다녀왔어요 일단 대표메뉴답게 보리된장국수 너무 맛있구요 문어국수도 진짜 새콤달콤한게 다 맛있었습니다 먹고 싶었던 묵은지말이는 하필 다 솔드아웃  다음에는 궁금했던 들기름국수도 먹을거에요 직원분도 친절하시고 요 반찬이 궁금해서 여쭤보니 마늘쫑이라고 하시더라구요 곁들여서 먹었는데 아주 맛있으니 같이 드셔보시는걸 추천드립니다,207,199,1,9
금금,항상 행복해27,30,2026.01.03,1번째 방문,영수증,수육 진짜 맛있어요 고기 부드럽고 잡내도 없어서 먹기 좋았고 같이 나오는 구성도 잘 어울렸어요 특히 된장국수는 꼭 드셔야 합니다 국물 맛이 진하면서도 부담 없어서 수육이랑 같이 먹기 딱 좋았어요 매장도 전체적으로 프라이빗한 편이라 시끄럽지 않고 편하게 식사할 수 있었고 분위기도 괜찮았습니다 전반적으로 만족스러워서 재방문 의사 있고 수육 좋아하시면 추천드려요,209,200,1,9
금금,어디서먹지,40,2026.05.03,1번째 방문,영수증,신랑 실수로 잘못 들어 간 곳 맛집이어서 다행 애들 먹인다고 정신없어 이쁜사진이 한장도 없다 보자마자 비빈다고 바뻤다 맛있어서 추가로 주문해서 더 먹었고 울아이들 원픽은 문어간장비빔밥 와사비는 빼고 비벼줬다 나는 보리 된장국수가 맛났고 소갈비덮밥 양념도 좋았다 고기가 밥보다 많았다 늦은시간이라 솔드아웃이 많아 아쉬웠다 여행 첫날밤 맛있는거 먹어서 더 행복,213,199,1,9
금금,히주짱짱,327,2026.01.23,1번째 방문,예약,넘 맛있어요 하나하나 다 정갈하고 귀엽고 맛있고 최구 계속 만석이라 예약 안했음 클날뻔했어여 들기름 국수 역시가 역시고 묵은지 참치말이가 흔한 맛이 아녀요 금금은 다름 그리고 마늘쫑  이   너무 맛있음  그리규 계속 리필해주십니다 저희 세접시 먹음    친절하시구 좋아여 다덜 맛난 금금 성수가서 배불리 먹었으면,214,175,1,9
금금,호7,14,2026.02.09,1번째 방문,영수증,한국식 마제소바보리된장국수 라는 메뉴에 끌려서 들어왔어요 캐치테이블로 예약하고 입장할 수 있었습니다 확실히 보리된장국수가 제일 맛있어요 강렬한 맛이라 그런가 토핑으로 올려진 두부튀김도 너무 맛있네요 마제소바처럼 먹다가 밥을 요청해서 비벼먹을 수 있다는 게 감사하네요 보리된장국수가 가장 취향이지만 미나리 갈비국밥도 묵은지 참치말이도 수육도 모두 맛있는 집입니다 친절하고 아늑해서 재방문 의사 있습니다,236,223,1,9
금금,LIZZY37,17,2026.03.05,1번째 방문,영수증,된장으로 만든 한국식 마제소바라는데 완전 맛있다 근래 먹은것 중에 제일 맛있었다 맛이 그렇게 특이한건 아니고 일반 마제소바랑 거의 비슷하다 된장맛이 나긴나는데 일반 마제소바맛이 더 강해서 그래도 된장맛이 되게 잘 어울리고 색다른 맛은 아니어도 이 자체로 맛있고 고명으로 올라가는 수육이랑 튀긴두부도 잘 어울리고 맛있다 매장은 작은데 사람도 꽤 잘 빠져서 대기는 거의 없는 수준 물론 주중이라 그렇고 주말엔 대기 길것 같다,243,235,0,8
금금,개꿀집만 리뷰합니다,6,2026.03.13,1번째 방문,영수증,문어간장비빔밥은 간장 베이스 양념이 짜지 않고 고소해서 밥이랑 비벼 먹기 딱 좋고 문어도 질기지 않고 탱글탱글해서 식감이 좋았어요 채소도 신선해서 전체적으로 깔끔하게 먹기 좋더라고요 보리된장국수는 된장 국물이 구수하고 깊은 맛이 나서 계속 손이 가는 맛이었어요 보리면이라서 그런지 일반 면보다 더 담백하고 건강한 느낌이 나서 부담 없이 먹기 좋았습니다 두 메뉴 같이 먹으니까 한쪽은 고소하고 한쪽은 구수해서 밸런스가 딱 맞는 느낌 전체적으로 깔끔하고 든든하게 먹기 좋은 메뉴라 재방문 의사 있습니다,286,278,1,9
금금,ddessr,27,2026.04.03,1번째 방문,영수증,와 여기 진짜 미쳤어요 그냥 배 채우려고 들어왔는데 인생 맛집 발견한 기분 한입 먹자마자 아 여기 찐이다 싶어서 계속 감탄하면서 먹었어요 음식 하나하나 정성 들어간 게 느껴지고 간도 완전 딱 맞아서 멈출 수가 없음 무엇보다 사장님 센스가 장난 아니세요 응대도 너무 기분 좋게 해주시고 세심하게 챙겨주셔서 먹는 내내 행복했어요 분위기도 아늑하고 깔끔해서 그냥 앉아있는 것만으로도 힐링되는 느낌 맛 서비스 분위기까지 완벽한 곳이라 재방문 100 확정입니다 다음엔 친구들 데리고 또 올게요,292,270,1,9
금금,r4현서,3,2026.03.22,1번째 방문,영수증,앞에 대기가 한 팀뿐이라 금방 들어갈 수 있을 줄 알고 등록 후 기다렸지만 매장이 많이 바쁘고 협소해서인지 직원분들이 저희 순서를 놓치신 것 같았습니다 그 사이 저희 뒤에 네 팀이 먼저 들어가고 나서야 말씀드린 뒤 추가로 15분 정도 더 기다려 입장할 수 있었고 결과적으로 총 한 시간 정도 대기하게 되었네요 음식은 친구와 같은 메뉴를 주문해 둘 다 맛있게 먹었습니다 다만 개인적으로는 기다린 시간에 비해 기대만큼의 만족도까지는 아니었던 것 같습니다 그래도 나중에 집 근처 백화점 푸드코트 같은 곳에 입점해서 비교적 편하게 먹을 수 있다면 다시 찾게될 맛인 것 같습니다 또 방문하게 된다면 꼭 대기 시간을 고려해서 꼭 예약을 하고 올 것 같습니다,369,361,1,8
