original_account_id,anonymous_account_id
Hul,reviewer_000001
토끼공듀,reviewer_000002
뭐이런걸다,reviewer_000003
Emily,reviewer_000004
5점이면가세요1점이면거르세요,reviewer_000005
i_2._:),reviewer_000006
진또배기,reviewer_000007
슬기로운생활,reviewer_000008
금나비,reviewer_000009
ㅇㅇㅇ,reviewer_000010
코이카,reviewer_000011
Js,reviewer_000012
❤️,reviewer_000013
pick of pig,reviewer_000014
Excontro,reviewer_000015
개볶긔,reviewer_000016
아뚱멍,reviewer_000017
쨍이,reviewer_000018
5점잘안준다,reviewer_000019
솔직리뷰어,reviewer_000020
♥후암동짝눈이♥,reviewer_000021
박찬호,reviewer_000022
Saturn,reviewer_000023
박토토,reviewer_000024
개솔직,reviewer_000025
조각바디,reviewer_000026
히이,reviewer_000027
솥뚜껑,reviewer_000028
리뷰어,reviewer_000029
먹스의맛집만모으기,reviewer_000030
.,reviewer_000031
새우,reviewer_000032
ㅇㅇ,reviewer_000033
입맛까다롭고광고절대안함,reviewer_000034
올곧다,reviewer_000035
ㅎㅎ,reviewer_000036
언금술사,reviewer_000037
김마루,reviewer_000038
냠냠,reviewer_000039
감자,reviewer_000040
명란치즈,reviewer_000041
할말많은데참음,reviewer_000042
핸썸,reviewer_000043
마루,reviewer_000044
ドコモ,reviewer_000045
김민철,reviewer_000046
뒤지게 맛있는 곳들,reviewer_000047
uni,reviewer_000048
라랼,reviewer_000049
청결이중요,reviewer_000050
돈까스경찰관,reviewer_000051
맛집콜렉팅에미쳐버린사람바로나야.,reviewer_000052
입 짧은 사람,reviewer_000053
도쿄도쿄,reviewer_000054
라미97,reviewer_000055
눙,reviewer_000056
카일리,reviewer_000057
물티슈,reviewer_000058
ggoolggool,reviewer_000059
웬만하면먹어,reviewer_000060
된장찌개 매니아,reviewer_000061
그냥짱쎈블로거,reviewer_000062
YEE,reviewer_000063
if,reviewer_000064
abdo,reviewer_000065
김치찌기러버❤️,reviewer_000066
Anakii Simple,reviewer_000067
matt,reviewer_000068
스댕,reviewer_000069
루나,reviewer_000070
포장할인,reviewer_000071
h,reviewer_000072
ㅇㅅㅇ?,reviewer_000073
돼지녀야 커피만들때 코딱지 좀 그만파,reviewer_000074
hayley o,reviewer_000075
서울 묵고재비,reviewer_000076
뚤뚤,reviewer_000077
간짜장,reviewer_000078
진짜,reviewer_000079
ㅂㅏㄱㄱㅕㅇㅁㅣㄴ,reviewer_000080
대포,reviewer_000081
Lonun,reviewer_000082
SUN,reviewer_000083
jp,reviewer_000084
준범,reviewer_000085
유우우,reviewer_000086
김소방,reviewer_000087
냉정한 미식맨,reviewer_000088
수연,reviewer_000089
스카이본,reviewer_000090
소란,reviewer_000091
최홍준,reviewer_000092
머라카노하루키,reviewer_000093
능이,reviewer_000094
찻잔,reviewer_000095
올브,reviewer_000096
지현,reviewer_000097
동키,reviewer_000098
개똥이말똥이,reviewer_000099
unknown,reviewer_000100
ㄱㄱㅑ,reviewer_000101
타조왕건,reviewer_000102
가지마,reviewer_000103
박종민,reviewer_000104
유슐랭,reviewer_000105
후,reviewer_000106
이현제,reviewer_000107
J,reviewer_000108
자바리,reviewer_000109
뚝배기,reviewer_000110
슈,reviewer_000111
흰둥이네,reviewer_000112
OkSoon,reviewer_000113
그냥직장인,reviewer_000114
ㅂ,reviewer_000115
지애,reviewer_000116
고구마,reviewer_000117
고정원,reviewer_000118
미미,reviewer_000119
JS CHAI,reviewer_000120
장진희(주)청송오에이,reviewer_000121
김현상,reviewer_000122
카우,reviewer_000123
김태린,reviewer_000124
김지호,reviewer_000125
Joon,reviewer_000126
쿠롬,reviewer_000127
파란하오,reviewer_000128
얍,reviewer_000129
김경현,reviewer_000130
hooonooo,reviewer_000131
박재경,reviewer_000132
등촌댁,reviewer_000133
맛집찾아,reviewer_000134
예서*,reviewer_000135
세은,reviewer_000136
지지,reviewer_000137
박주희,reviewer_000138
천생연분,reviewer_000139
소보로빵,reviewer_000140
오,reviewer_000141
ZzzinMatZip,reviewer_000142
나우시카,reviewer_000143
정슐랭가이드,reviewer_000144
돌고도는,reviewer_000145
잔반은없어,reviewer_000146
냠냠학사,reviewer_000147
맛없는거 먹으면 화냄,reviewer_000148
민뎡밍,reviewer_000149
맛집지도 공유해 드림,reviewer_000150
왓,reviewer_000151
트랭플링,reviewer_000152
맛도리만,reviewer_000153
넵넵,reviewer_000154
✨,reviewer_000155
이혜진,reviewer_000156
이재원,reviewer_000157
ss,reviewer_000158
Benny :),reviewer_000159
강산,reviewer_000160
P,reviewer_000161
오잉,reviewer_000162
쉠니,reviewer_000163
hunt4food,reviewer_000164
우디알렝들롱,reviewer_000165
JH,reviewer_000166
pza,reviewer_000167
왜이레,reviewer_000168
로맨스카스블루,reviewer_000169
쇼핑왕루이,reviewer_000170
맛집스파터,reviewer_000171
아예,reviewer_000172
kingking,reviewer_000173
Elly,reviewer_000174
후후,reviewer_000175
빡동,reviewer_000176
포뇨,reviewer_000177
ᆞ,reviewer_000178
hhebvs,reviewer_000179
김사장,reviewer_000180
자우지장지지,reviewer_000181
띠로리로리,reviewer_000182
마포맛쟁이,reviewer_000183
피리미리,reviewer_000184
국밥투어러,reviewer_000185
별이⭐️,reviewer_000186
이지호 dave.lake,reviewer_000187
MICHELIN GUIDE,reviewer_000188
고기전문가,reviewer_000189
이번달에도월급이통장에스치운다,reviewer_000190
🤓,reviewer_000191
깨깨깨깨깨버리고싶어,reviewer_000192
배강열,reviewer_000193
asdfghjkl,reviewer_000194
룰라삐리뽀,reviewer_000195
be real,reviewer_000196
마크투비,reviewer_000197
리뷰알바면 전국민한테 백만원씩 줌,reviewer_000198
일주일내내김밥가능,reviewer_000199
홍홍즈,reviewer_000200
sulsulsultv,reviewer_000201
이재승,reviewer_000202
으,reviewer_000203
Ootori,reviewer_000204
쟈니홍,reviewer_000205
찌랭,reviewer_000206
Bai,reviewer_000207
이경미,reviewer_000208
지리거나잣같을때만남김,reviewer_000209
가오리,reviewer_000210
먹방러,reviewer_000211
시금치나물,reviewer_000212
김수혁,reviewer_000213
츄르츄르,reviewer_000214
아옳옳,reviewer_000215
맛,reviewer_000216
신촌동돼지,reviewer_000217
준슐랭 가이드,reviewer_000218
하히후,reviewer_000219
kaldilase,reviewer_000220
mina,reviewer_000221
미뢰,reviewer_000222
맛있거나맛없거나,reviewer_000223
aki,reviewer_000224
울룰루,reviewer_000225
Matchelin,reviewer_000226
최영민,reviewer_000227
솔직한리뷰,reviewer_000228
미식이네요,reviewer_000229
돌아다니는,reviewer_000230
미식가 두부,reviewer_000231
G_JR,reviewer_000232
행복여행자,reviewer_000233
고기좋아,reviewer_000234
호들갑떨지말자1,reviewer_000235
JL,reviewer_000236
밥밥,reviewer_000237
성규(Kyu),reviewer_000238
JulianW,reviewer_000239
봄날은간다,reviewer_000240
___velybb,reviewer_000241
보자기,reviewer_000242
럴럴럴,reviewer_000243
물만쥬,reviewer_000244
이원사,reviewer_000245
돌슐랭,reviewer_000246
안녕요,reviewer_000247
11111,reviewer_000248
룰루,reviewer_000249
impel,reviewer_000250
뾰잉,reviewer_000251
퓨퓨,reviewer_000252
와우,reviewer_000253
정형진,reviewer_000254
xmas,reviewer_000255
Lena Lee,reviewer_000256
찬미,reviewer_000257
사람다워야지,reviewer_000258
샌드위치,reviewer_000259
..,reviewer_000260
걸어서식당속으로,reviewer_000261
주관적감별사,reviewer_000262
Jin,reviewer_000263
"""실사구시""",reviewer_000264
"""",reviewer_000265
맛군이,reviewer_000266
mimi,reviewer_000267
신종훈,reviewer_000268
세영,reviewer_000269
김석원,reviewer_000270
바르다숲선생,reviewer_000271
김성일,reviewer_000272
팩트체크,reviewer_000273
모른척,reviewer_000274
돈까스라멘햄버거맨,reviewer_000275
후기미제공거르세요,reviewer_000276
형용돈줭,reviewer_000277
푸른소나무,reviewer_000278
철민이,reviewer_000279
메롱똥개,reviewer_000280
나무,reviewer_000281
bbnolle,reviewer_000282
망리뷰,reviewer_000283
뚱슐랭,reviewer_000284
맛집전도사,reviewer_000285
공익제보요원🚨,reviewer_000286
초코엘렌,reviewer_000287
ISTP,reviewer_000288
나달,reviewer_000289
유성호,reviewer_000290
wooh,reviewer_000291
담담,reviewer_000292
동쉐린🐷,reviewer_000293
단산사람,reviewer_000294
고수바질딜레몬그라스미나리쑥갓달래,reviewer_000295
주접대마왕,reviewer_000296
해컹이,reviewer_000297
하도,reviewer_000298
음,reviewer_000299
좋은면만보려고노력중,reviewer_000300
맛집리스트,reviewer_000301
jssook,reviewer_000302
배슐랭,reviewer_000303
피죤,reviewer_000304
양산,reviewer_000305
•,reviewer_000306
조새롬,reviewer_000307
JINA,reviewer_000308
찹쌀,reviewer_000309
탐험하는 탐험가,reviewer_000310
X,reviewer_000311
춤신춤왕,reviewer_000312
핸스떠,reviewer_000313
블루베리,reviewer_000314
김기완,reviewer_000315
펭수,reviewer_000316
도슐랭가이드,reviewer_000317
오래오‘s travelplate,reviewer_000318
오션,reviewer_000319
스페셜리스트,reviewer_000320
맛집사냥꾼,reviewer_000321
하이네켄대주주,reviewer_000322
리커버리,reviewer_000323
느슨노,reviewer_000324
안,reviewer_000325
jde,reviewer_000326
므찌,reviewer_000327
강실장님,reviewer_000328
재닌,reviewer_000329
공익을 위한 솔직한 리뷰,reviewer_000330
맛없안잼없안,reviewer_000331
Mooo,reviewer_000332
치릿치릿,reviewer_000333
냉정한평가단,reviewer_000334
Jimmy Ryoo,reviewer_000335
호이,reviewer_000336
펭귄오리,reviewer_000337
마리오,reviewer_000338
JVKE,reviewer_000339
이찬양,reviewer_000340
굿굿,reviewer_000341
올마이트,reviewer_000342
채주은,reviewer_000343
여누,reviewer_000344
😶‍🌫️,reviewer_000345
김나연,reviewer_000346
뿌엑,reviewer_000347
미진🐰,reviewer_000348
떠나,reviewer_000349
수빈,reviewer_000350
썽🩷,reviewer_000351
이현세,reviewer_000352
쨘슐랭,reviewer_000353
빌딩주인,reviewer_000354
밍밍,reviewer_000355
쵸쵸,reviewer_000356
이석찬,reviewer_000357
조종수,reviewer_000358
황재민,reviewer_000359
KSA,reviewer_000360
오리,reviewer_000361
연씨,reviewer_000362
조유정,reviewer_000363
abcd,reviewer_000364
딩이,reviewer_000365
채수빈,reviewer_000366
권기문,reviewer_000367
김수진,reviewer_000368
윤태승,reviewer_000369
이민선,reviewer_000370
먼지집사,reviewer_000371
고민성,reviewer_000372
뿌샤뿌샤,reviewer_000373
"52톤 미제 ""팩트"" 폭격기",reviewer_000374
김우진,reviewer_000375
이세진,reviewer_000376
최석우,reviewer_000377
선우,reviewer_000378
병헌,reviewer_000379
김서현,reviewer_000380
한서희,reviewer_000381
김민섭,reviewer_000382
신유진,reviewer_000383
개빡침,reviewer_000384
이선기,reviewer_000385
임혜연,reviewer_000386
건희,reviewer_000387
이찬희,reviewer_000388
xxxibgdrgn,reviewer_000389
명희,reviewer_000390
H,reviewer_000391
윤채은,reviewer_000392
윤혜경,reviewer_000393
원석,reviewer_000394
이형섭,reviewer_000395
베인,reviewer_000396
깜,reviewer_000397
기리기리,reviewer_000398
맛잘알,reviewer_000399
홍석,reviewer_000400
예진,reviewer_000401
김시윤,reviewer_000402
규민,reviewer_000403
이서정,reviewer_000404
뀨1,reviewer_000405
예희,reviewer_000406
소또취,reviewer_000407
Yoona,reviewer_000408
한룰루,reviewer_000409
그늘민이,reviewer_000410
집나간개,reviewer_000411
찡긋,reviewer_000412
심가연,reviewer_000413
박종현,reviewer_000414
김나현,reviewer_000415
단아,reviewer_000416
Chachae,reviewer_000417
。,reviewer_000418
임태준,reviewer_000419
🌙,reviewer_000420
신희주,reviewer_000421
동그리(내돈내산),reviewer_000422
서현빈,reviewer_000423
Fnenod,reviewer_000424
진현,reviewer_000425
원영인,reviewer_000426
나예은,reviewer_000427
민지,reviewer_000428
이가은,reviewer_000429
소희,reviewer_000430
따 히,reviewer_000431
강용준,reviewer_000432
ham,reviewer_000433
후기미제공거름,reviewer_000434
밥,reviewer_000435
해진,reviewer_000436
박준혁,reviewer_000437
지윤,reviewer_000438
정수아,reviewer_000439
김희진,reviewer_000440
연우,reviewer_000441
토마토샐,reviewer_000442
🐈,reviewer_000443
희경,reviewer_000444
비둘기,reviewer_000445
과즙멍뭉시치,reviewer_000446
히히,reviewer_000447
황선용,reviewer_000448
dd,reviewer_000449
강형준,reviewer_000450
맛집찾아삼만리,reviewer_000451
라임,reviewer_000452
지은,reviewer_000453
김은지,reviewer_000454
백흠,reviewer_000455
이원빈,reviewer_000456
아이티쇼,reviewer_000457
이도은,reviewer_000458
윤재원,reviewer_000459
wusnqk,reviewer_000460
태식,reviewer_000461
옌,reviewer_000462
수인,reviewer_000463
정기,reviewer_000464
서민희,reviewer_000465
샭키,reviewer_000466
권유진,reviewer_000467
HK,reviewer_000468
최동호,reviewer_000469
신정원,reviewer_000470
٩(ˊᗜˋ*)و,reviewer_000471
쩡’s,reviewer_000472
조예진,reviewer_000473
지연,reviewer_000474
황규연,reviewer_000475
조인경,reviewer_000476
ㄱ윤성훈,reviewer_000477
이유은,reviewer_000478
군삼이,reviewer_000479
정직남,reviewer_000480
예감감삼,reviewer_000481
가채현,reviewer_000482
해키,reviewer_000483
음식평론가 이현진,reviewer_000484
황중민,reviewer_000485
🐳,reviewer_000486
최문철,reviewer_000487
뒹굴뒹굴,reviewer_000488
류호진,reviewer_000489
하윤,reviewer_000490
성한나,reviewer_000491
bohee,reviewer_000492
쥬리,reviewer_000493
선상욱,reviewer_000494
윤한빛,reviewer_000495
박순현,reviewer_000496
김성수,reviewer_000497
ㅋ,reviewer_000498
밍잉,reviewer_000499
정수화,reviewer_000500
이종명,reviewer_000501
하,reviewer_000502
잠실 날씨요정,reviewer_000503
지우,reviewer_000504
임지우,reviewer_000505
최보란,reviewer_000506
홍기,reviewer_000507
정민재,reviewer_000508
도승현,reviewer_000509
김성준,reviewer_000510
문은진,reviewer_000511
비숑,reviewer_000512
lsls,reviewer_000513
박상준,reviewer_000514
송주원,reviewer_000515
정주영,reviewer_000516
유댕,reviewer_000517
김유정,reviewer_000518
본계,reviewer_000519
강냥중강냥,reviewer_000520
민주,reviewer_000521
김진하,reviewer_000522
잉,reviewer_000523
장연우,reviewer_000524
두부,reviewer_000525
정은,reviewer_000526
ㅎㅇㅎ,reviewer_000527
이채원,reviewer_000528
강규연,reviewer_000529
현송,reviewer_000530
오렌지,reviewer_000531
홍효송,reviewer_000532
김영웅,reviewer_000533
진실의 입맛,reviewer_000534
이영,reviewer_000535
이동미,reviewer_000536
박주환,reviewer_000537
윤은수,reviewer_000538
유경,reviewer_000539
돌돌,reviewer_000540
김호연,reviewer_000541
오월,reviewer_000542
강수진(Blair Kang),reviewer_000543
개좋거나개별루거나,reviewer_000544
보코블린,reviewer_000545
rgrj,reviewer_000546
기린좋아,reviewer_000547
OvO,reviewer_000548
명령하지마라,reviewer_000549
쩝쩝박사,reviewer_000550
버텨쿠키,reviewer_000551
예지,reviewer_000552
김도현,reviewer_000553
😇,reviewer_000554
김치세탁기,reviewer_000555
오늘,reviewer_000556
다현,reviewer_000557
민재,reviewer_000558
차주,reviewer_000559
sumjeora,reviewer_000560
윤서,reviewer_000561
뚠뚠,reviewer_000562
* 뽀기 *,reviewer_000563
림,reviewer_000564
김건우,reviewer_000565
김규아,reviewer_000566
최유경,reviewer_000567
김보아,reviewer_000568
신서영,reviewer_000569
김진우,reviewer_000570
Nam.D.W.,reviewer_000571
min,reviewer_000572
문지은,reviewer_000573
김성욱,reviewer_000574
정예린,reviewer_000575
ㅎㅎㅎㅎ,reviewer_000576
Mutee,reviewer_000577
히,reviewer_000578
은처리,reviewer_000579
이민희,reviewer_000580
유재민,reviewer_000581
황규찬,reviewer_000582
윤태영,reviewer_000583
박호성,reviewer_000584
김민,reviewer_000585
독구름,reviewer_000586
바람의 향기,reviewer_000587
마승환,reviewer_000588
권시현,reviewer_000589
철구,reviewer_000590
규리,reviewer_000591
굘,reviewer_000592
섭,reviewer_000593
주엽,reviewer_000594
이희종,reviewer_000595
허지연,reviewer_000596
김수빈,reviewer_000597
죠르딬,reviewer_000598
ㅎ,reviewer_000599
비비,reviewer_000600
민화,reviewer_000601
윤다송,reviewer_000602
민경,reviewer_000603
5점요정,reviewer_000604
애옹,reviewer_000605
근욱,reviewer_000606
김경란,reviewer_000607
🌈,reviewer_000608
뚱덩이,reviewer_000609
KKW,reviewer_000610
최희준,reviewer_000611
남효원,reviewer_000612
찐,reviewer_000613
고윤영,reviewer_000614
한수경,reviewer_000615
평점마술사,reviewer_000616
HYUN,reviewer_000617
여행자,reviewer_000618
민석,reviewer_000619
박하은,reviewer_000620
빵좋아,reviewer_000621
최재희,reviewer_000622
뚠이,reviewer_000623
상훈,reviewer_000624
싱거우면화냄,reviewer_000625
미래,reviewer_000626
빙코,reviewer_000627
곰팡이,reviewer_000628
roy,reviewer_000629
e.j,reviewer_000630
이동원,reviewer_000631
까앙,reviewer_000632
박수빈,reviewer_000633
부바우,reviewer_000634
평가단,reviewer_000635
김정수빈,reviewer_000636
태영,reviewer_000637
김경민,reviewer_000638
조관호,reviewer_000639
bit,reviewer_000640
박준규,reviewer_000641
유키,reviewer_000642
우유유,reviewer_000643
권태은,reviewer_000644
초이,reviewer_000645
궁민주,reviewer_000646
궁민지,reviewer_000647
수정,reviewer_000648
백경,reviewer_000649
치즈덕,reviewer_000650
박민서,reviewer_000651
김성민,reviewer_000652
희성,reviewer_000653
이민정,reviewer_000654
ㅎㅈㅎ,reviewer_000655
이상한 집만 리뷰남김,reviewer_000656
조서환,reviewer_000657
오희수,reviewer_000658
웨잇킴,reviewer_000659
박재현,reviewer_000660
감귤,reviewer_000661
밍꾸,reviewer_000662
ㅉㅉ,reviewer_000663
Rosie,reviewer_000664
ㅇㅉ,reviewer_000665
응애,reviewer_000666
규ㅎ,reviewer_000667
lee,reviewer_000668
재원,reviewer_000669
걸러야되는곳만리뷰,reviewer_000670
😽,reviewer_000671
이성혜,reviewer_000672
윤겸,reviewer_000673
윤한슬,reviewer_000674
임현규,reviewer_000675
김민수,reviewer_000676
채수혁,reviewer_000677
보니,reviewer_000678
김예림,reviewer_000679
솔직후기남,reviewer_000680
샐리,reviewer_000681
밀리우,reviewer_000682
문준호,reviewer_000683
알린,reviewer_000684
윤아아,reviewer_000685
최희진,reviewer_000686
냠냠도리,reviewer_000687
권세린,reviewer_000688
남다현,reviewer_000689
박주형,reviewer_000690
아무말,reviewer_000691
강아현,reviewer_000692
쥬드,reviewer_000693
이상원,reviewer_000694
유성희,reviewer_000695
현빈,reviewer_000696
윤여견,reviewer_000697
봄,reviewer_000698
성권,reviewer_000699
김건희,reviewer_000700
백서영,reviewer_000701
은지,reviewer_000702
수진,reviewer_000703
찌니,reviewer_000704
이현승,reviewer_000705
성준,reviewer_000706
듀,reviewer_000707
배준용,reviewer_000708
송은희,reviewer_000709
김유민,reviewer_000710
전현기,reviewer_000711
김유진,reviewer_000712
정현,reviewer_000713
임서하,reviewer_000714
박재연,reviewer_000715
루루,reviewer_000716
김종현,reviewer_000717
이채영,reviewer_000718
동희,reviewer_000719
꼬꾸라진 춘시기,reviewer_000720
정연실,reviewer_000721
재영,reviewer_000722
……,reviewer_000723
ㄷ,reviewer_000724
은이,reviewer_000725
K-리뷰어,reviewer_000726
주열매,reviewer_000727
사실만얘기,reviewer_000728
That's life.,reviewer_000729
영감님,reviewer_000730
정히를따르라,reviewer_000731
채리,reviewer_000732
StemPlayer,reviewer_000733
예은,reviewer_000734
홍,reviewer_000735
5자리뷰어,reviewer_000736
방방곡곡,reviewer_000737
춘천탐방고양이,reviewer_000738
파랑새,reviewer_000739
부암동 성찬이,reviewer_000740
냠,reviewer_000741
돼비게이션,reviewer_000742
Edgar,reviewer_000743
우주한조각,reviewer_000744
관광객,reviewer_000745
토깽🐰💕,reviewer_000746
르디,reviewer_000747
버거빌런,reviewer_000748
옴놈놈,reviewer_000749
쿰쿰박사,reviewer_000750
5점만후기남김,reviewer_000751
yeonchew,reviewer_000752
정유영,reviewer_000753
맛있으면 짖는 개,reviewer_000754
상우👱‍♂️,reviewer_000755
하와이안피자,reviewer_000756
Deryck Jung,reviewer_000757
띵,reviewer_000758
가슐랭,reviewer_000759
달슐랭,reviewer_000760
쬬,reviewer_000761
밍,reviewer_000762
솔직한 리뷰어,reviewer_000763
청춘돌이,reviewer_000764
'-',reviewer_000765
ㅈㅎㅇ,reviewer_000766
후기000,reviewer_000767
한경애,reviewer_000768
다싯마,reviewer_000769
TH,reviewer_000770
맛집정글탐방,reviewer_000771
다오,reviewer_000772
칭찬해요,reviewer_000773
믿고가자,reviewer_000774
갈곳잃은마멋,reviewer_000775
맛잘알으아앙,reviewer_000776
나뉴,reviewer_000777
현식,reviewer_000778
정지성,reviewer_000779
ㆍ,reviewer_000780
치킨마카롱,reviewer_000781
공덕동농담곰,reviewer_000782
맛돌이,reviewer_000783
가영,reviewer_000784
계란밥,reviewer_000785
별보러캠GO,reviewer_000786
ㅈㅎ,reviewer_000787
먹보짱,reviewer_000788
rwm,reviewer_000789
세세,reviewer_000790
여행객,reviewer_000791
여우하품,reviewer_000792
ttt,reviewer_000793
앤듀,reviewer_000794
WILDKAT,reviewer_000795
냠뇸,reviewer_000796
니니,reviewer_000797
묭묭,reviewer_000798
Jason Park 박본근,reviewer_000799
풀피리비빔밥,reviewer_000800
모두굴찜준비,reviewer_000801
요요,reviewer_000802
J.,reviewer_000803
유민,reviewer_000804
ja7808,reviewer_000805
ny,reviewer_000806
굥☆,reviewer_000807
맹꽁이,reviewer_000808
딩딩동,reviewer_000809
LUXMEA,reviewer_000810
프로 혼밥러,reviewer_000811
FB,reviewer_000812
다비언니,reviewer_000813
할말다함,reviewer_000814
식문화재청,reviewer_000815
리뷰다람쥐,reviewer_000816
coconuts,reviewer_000817
온ㅅㅎㅅ기,reviewer_000818
맛있을지도,reviewer_000819
쨩따셔우,reviewer_000820
이다,reviewer_000821
평타위로만후기남김,reviewer_000822
음식사랑해,reviewer_000823
맛집유영,reviewer_000824
Ninewol,reviewer_000825
바이커리,reviewer_000826
도리도리,reviewer_000827
Alex,reviewer_000828
Chaan,reviewer_000829
돌감자,reviewer_000830
모험가,reviewer_000831
갑경이,reviewer_000832
11,reviewer_000833
고양이,reviewer_000834
봉쥬르,reviewer_000835
Dreamer,reviewer_000836
조선꾸레,reviewer_000837
KYW,reviewer_000838
kh123,reviewer_000839
BG,reviewer_000840
맛따라멋따라,reviewer_000841
구름호하라,reviewer_000842
ㅁㄴㅇㄹ,reviewer_000843
17,reviewer_000844
김성혜,reviewer_000845
하하호호,reviewer_000846
별당의 도시락,reviewer_000847
류재형,reviewer_000848
☺️,reviewer_000849
무기력한참새,reviewer_000850
김플리,reviewer_000851
chii,reviewer_000852
광고('-^)凸 내돈내산 솔직리뷰^^,reviewer_000853
호우,reviewer_000854
TR,reviewer_000855
피자초토화,reviewer_000856
김상협,reviewer_000857
채링,reviewer_000858
ㅣ,reviewer_000859
레나던햄,reviewer_000860
치치한 치치,reviewer_000861
russell kim,reviewer_000862
제가간곳들을살피보새요,reviewer_000863
고건희,reviewer_000864
수호호,reviewer_000865
문어,reviewer_000866
존맛땡구리,reviewer_000867
기절주먹,reviewer_000868
newhere,reviewer_000869
또야,reviewer_000870
크라프록신,reviewer_000871
니빠뜨롱나와라그래,reviewer_000872
유종애미,reviewer_000873
🐕,reviewer_000874
맛은과학이다,reviewer_000875
움파룸파,reviewer_000876
파파파,reviewer_000877
붉은돼식가,reviewer_000878
지리,reviewer_000879
◠ ̫◠,reviewer_000880
ㅡㅡ,reviewer_000881
미식짱 피클씨,reviewer_000882
맛있는바다소리,reviewer_000883
식당리뷰,reviewer_000884
바깥밥백선생,reviewer_000885
다야,reviewer_000886
스,reviewer_000887
오빠랑달려,reviewer_000888
오명우Ryanghyo(Clarity),reviewer_000889
김다윤,reviewer_000890
듀이,reviewer_000891
3점이평균값,reviewer_000892
김종국,reviewer_000893
김정슈,reviewer_000894
구영회,reviewer_000895
서강 서경은 취향차이,reviewer_000896
ㄱ,reviewer_000897
보,reviewer_000898
듀듀듀..,reviewer_000899
맛집 잘 몰라요,reviewer_000900
ㅇㅅㅇ,reviewer_000901
빠밤,reviewer_000902
김밥천사,reviewer_000903
봄봄,reviewer_000904
gom,reviewer_000905
권베베,reviewer_000906
처음,reviewer_000907
Jmk,reviewer_000908
프로평가조류,reviewer_000909
고양이 두마리 보유,reviewer_000910
K박,reviewer_000911
지금,reviewer_000912
자끄,reviewer_000913
@foodworkerr,reviewer_000914
웃는날,reviewer_000915
난 진향,reviewer_000916
AR.,reviewer_000917
며니,reviewer_000918
푸다뱅,reviewer_000919
탱탱균🚊🏊🚴⚽⚾,reviewer_000920
또먹을텐데,reviewer_000921
베르미첼리,reviewer_000922
서강주,reviewer_000923
미라이,reviewer_000924
대소문자,reviewer_000925
MW BAK,reviewer_000926
AILEHO,reviewer_000927
99856,reviewer_000928
소쿠,reviewer_000929
침침체리,reviewer_000930
ananas,reviewer_000931
어때,reviewer_000932
이주원,reviewer_000933
제주도,reviewer_000934
성산동엽빛나,reviewer_000935
크리링,reviewer_000936
노란꽃,reviewer_000937
aysays,reviewer_000938
투여,reviewer_000939
잘좀하자,reviewer_000940
서준,reviewer_000941
행쇼,reviewer_000942
김민정,reviewer_000943
좋은곳,reviewer_000944
또동,reviewer_000945
경호,reviewer_000946
따그혀늬🙃,reviewer_000947
기쁘미,reviewer_000948
다은,reviewer_000949
하연이아빠,reviewer_000950
세인,reviewer_000951
안선희,reviewer_000952
우히히,reviewer_000953
조은희,reviewer_000954
박지현,reviewer_000955
진희,reviewer_000956
박세희,reviewer_000957
예콩,reviewer_000958
LindsayJii,reviewer_000959
해피,reviewer_000960
하하,reviewer_000961
정민영,reviewer_000962
임애진,reviewer_000963
내맘이야,reviewer_000964
제한된 프로필입니다.,reviewer_000965
yes,reviewer_000966
박두팔,reviewer_000967
oh5,reviewer_000968
오늘날씨맑음,reviewer_000969
하민하연맘🩵,reviewer_000970
ㅎㅇ,reviewer_000971
김지현,reviewer_000972
형주,reviewer_000973
이인애,reviewer_000974
kkoari,reviewer_000975
윤밍구,reviewer_000976
주디,reviewer_000977
탈림,reviewer_000978
붸렐엑ㄱ,reviewer_000979
!,reviewer_000980
쫑이♥,reviewer_000981
♩,reviewer_000982
오키도키나이키,reviewer_000983
Leeミ进,reviewer_000984
찐맛집추천러,reviewer_000985
쵬놔,reviewer_000986
꼬꼬,reviewer_000987
카,reviewer_000988
장세훈,reviewer_000989
오은주,reviewer_000990
조아써,reviewer_000991
쭈야,reviewer_000992
뿌찌빠찌헿,reviewer_000993
도토리,reviewer_000994
김혜경,reviewer_000995
떤뿡,reviewer_000996
정연미(쌍둥이마미),reviewer_000997
긍정맘,reviewer_000998
🤍,reviewer_000999
호빵,reviewer_001000
공사,reviewer_001001
마포 어둠의 맛집저격수,reviewer_001002
맛집평론가,reviewer_001003
너울,reviewer_001004
ssong,reviewer_001005
ㄱ.최알.,reviewer_001006
다영,reviewer_001007
오구평,reviewer_001008
혜진,reviewer_001009
뚱이뚜이😁😁,reviewer_001010
진실된리뷰어,reviewer_001011
이민진,reviewer_001012
리치언니,reviewer_001013
백호,reviewer_001014
이성일,reviewer_001015
도도히,reviewer_001016
김성림,reviewer_001017
주주하우스,reviewer_001018
아들둘맘,reviewer_001019
김관영,reviewer_001020
푸름이,reviewer_001021
PRASETIO BAGUS,reviewer_001022
데위,reviewer_001023
초초,reviewer_001024
김수연,reviewer_001025
죤짱,reviewer_001026
너무너무 사랑스러웡❤️,reviewer_001027
참파,reviewer_001028
동동,reviewer_001029
구소애,reviewer_001030
김총무,reviewer_001031
이유나(有娜),reviewer_001032
으니허니맘,reviewer_001033
미꽁떼꽁,reviewer_001034
아들맘,reviewer_001035
ZZ_zz92,reviewer_001036
민채,reviewer_001037
🥹🫶🏻,reviewer_001038
융딩이,reviewer_001039
ᰔ,reviewer_001040
냐미,reviewer_001041
so,reviewer_001042
루온,reviewer_001043
신혜정,reviewer_001044
연2,reviewer_001045
린린시스터즈♡,reviewer_001046
Kim하나💕,reviewer_001047
헤니💜,reviewer_001048
히유,reviewer_001049
sjmj2356,reviewer_001050
탐방러,reviewer_001051
아리,reviewer_001052
M.S♥,reviewer_001053
영쓰💜,reviewer_001054
힘쎈곰,reviewer_001055
kkjsle,reviewer_001056
하영이❤,reviewer_001057
냠냠이,reviewer_001058
온유,reviewer_001059
JW,reviewer_001060
가지 말라면 좀 가지마,reviewer_001061
한우석,reviewer_001062
Kim Dongryeong 김동령,reviewer_001063
맛집이라구요?,reviewer_001064
객관안,reviewer_001065
차이,reviewer_001066
-,reviewer_001067
동글동글도비,reviewer_001068
짹,reviewer_001069
ㅁ1ㅇ2ㄴ3ㄹ4,reviewer_001070
💚 ᴍɪʏᴀ 💚,reviewer_001071
맛집 탐험가,reviewer_001072
불꽃의초롱이,reviewer_001073
상희,reviewer_001074
냥복쟁이,reviewer_001075
으하,reviewer_001076
연수♡,reviewer_001077
나는 반딧불,reviewer_001078
다뇽잉♥,reviewer_001079
최효정,reviewer_001080
챠니챠니,reviewer_001081
잔디맛,reviewer_001082
오병헌,reviewer_001083
가을이야,reviewer_001084
sairai,reviewer_001085
까칠이,reviewer_001086
이나리,reviewer_001087
dong.a👊,reviewer_001088
채린,reviewer_001089
귤귤38,reviewer_001090
포실,reviewer_001091
LTH Minh,reviewer_001092
아츄,reviewer_001093
Luminous,reviewer_001094
미리내,reviewer_001095
계란빵,reviewer_001096
미피,reviewer_001097
이지훈,reviewer_001098
qnaodh,reviewer_001099
차경주,reviewer_001100
지수 (젠블),reviewer_001101
수영,reviewer_001102
임재찬,reviewer_001103
보통,reviewer_001104
정혜민,reviewer_001105
김가영,reviewer_001106
대한,reviewer_001107
정재용,reviewer_001108
희연,reviewer_001109
은선이,reviewer_001110
홍승민,reviewer_001111
김소희,reviewer_001112
차누,reviewer_001113
마이클 오우언,reviewer_001114
찐찐,reviewer_001115
Y,reviewer_001116
주성찬,reviewer_001117
이정현,reviewer_001118
이하준,reviewer_001119
한준희,reviewer_001120
맛도리만후기,reviewer_001121
몽구,reviewer_001122
해빈,reviewer_001123
윤예원,reviewer_001124
문동윤,reviewer_001125
Tiffany,reviewer_001126
정직,reviewer_001127
서연,reviewer_001128
권효재,reviewer_001129
예,reviewer_001130
단풍,reviewer_001131
예나,reviewer_001132
♡,reviewer_001133
김하늘,reviewer_001134
송 민,reviewer_001135
1234,reviewer_001136
융,reviewer_001137
서은서,reviewer_001138
jiny,reviewer_001139
신은경,reviewer_001140
비밀찌개,reviewer_001141
이름,reviewer_001142
서우혁,reviewer_001143
힘들땐스쾃뜨한세트,reviewer_001144
최윤정,reviewer_001145
옥자,reviewer_001146
밍망몽,reviewer_001147
...,reviewer_001148
승아,reviewer_001149
임이잉잉ㅇ,reviewer_001150
성현,reviewer_001151
짱,reviewer_001152
이승우,reviewer_001153
서예림,reviewer_001154
원종주,reviewer_001155
이주영,reviewer_001156
^-^,reviewer_001157
이준규,reviewer_001158
밍또,reviewer_001159
리뷰,reviewer_001160
화나면 글써요,reviewer_001161
W,reviewer_001162
백인탁,reviewer_001163
김교원,reviewer_001164
yuyy,reviewer_001165
정재욱,reviewer_001166
코풀소,reviewer_001167
ㄱㅁㅅㄹ,reviewer_001168
박예현,reviewer_001169
김정관,reviewer_001170
하헌식,reviewer_001171
iris kymm,reviewer_001172
김예일,reviewer_001173
채웅,reviewer_001174
sdd,reviewer_001175
콩이,reviewer_001176
김주연,reviewer_001177
qa11,reviewer_001178
박진혁,reviewer_001179
정영훈,reviewer_001180
이명석,reviewer_001181
지선,reviewer_001182
김동선,reviewer_001183
이재영,reviewer_001184
숨은 여행가,reviewer_001185
보켠잔,reviewer_001186
이주한,reviewer_001187
예냥,reviewer_001188
이예진,reviewer_001189
쏜쏘,reviewer_001190
은,reviewer_001191
강혜영,reviewer_001192
하정서,reviewer_001193
김하이퍼킹,reviewer_001194
SHY,reviewer_001195
송지연,reviewer_001196
박건하,reviewer_001197
팅탱콩,reviewer_001198
i_cas_k,reviewer_001199
서동만,reviewer_001200
홍유나,reviewer_001201
시은,reviewer_001202
김주완,reviewer_001203
sso,reviewer_001204
이혜윤,reviewer_001205
야호옹,reviewer_001206
오타니,reviewer_001207
구미,reviewer_001208
먕먕,reviewer_001209
어진,reviewer_001210
이지은,reviewer_001211
안세영,reviewer_001212
감나무,reviewer_001213
글글,reviewer_001214
최원민,reviewer_001215
예찌,reviewer_001216
정지석,reviewer_001217
ㅇ,reviewer_001218
이세현,reviewer_001219
조현민,reviewer_001220
박민정,reviewer_001221
라비라비,reviewer_001222
쁭,reviewer_001223
장보람,reviewer_001224
박유진,reviewer_001225
송,reviewer_001226
한지희,reviewer_001227
썽일쿤,reviewer_001228
전민근,reviewer_001229
홍서영,reviewer_001230
허허실실,reviewer_001231
현조,reviewer_001232
뱅윤,reviewer_001233
원준,reviewer_001234
이준호,reviewer_001235
김소정,reviewer_001236
강냉이,reviewer_001237
도리,reviewer_001238
신지수,reviewer_001239
용화,reviewer_001240
ㅇㅖㅇㅡㄴ,reviewer_001241
현웅,reviewer_001242
JungHS,reviewer_001243
황정환,reviewer_001244
단비,reviewer_001245
어라라,reviewer_001246
이시형,reviewer_001247
인천닥스훈트,reviewer_001248
주연,reviewer_001249
뀨,reviewer_001250
오은빈,reviewer_001251
뀰뀩,reviewer_001252
구밍밍,reviewer_001253
이지송,reviewer_001254
박근주,reviewer_001255
이소민,reviewer_001256
정지영,reviewer_001257
ㅋㅋ,reviewer_001258
이건,reviewer_001259
김이랑,reviewer_001260
조수현,reviewer_001261
정이든,reviewer_001262
김예지,reviewer_001263
송현우,reviewer_001264
수현,reviewer_001265
수리,reviewer_001266
김정환,reviewer_001267
장현서,reviewer_001268
KEN,reviewer_001269
비비빅,reviewer_001270
tngus,reviewer_001271
커비,reviewer_001272
후발대 김민성,reviewer_001273
다이소,reviewer_001274
오다연,reviewer_001275
지 훈,reviewer_001276
이혜준,reviewer_001277
권남혁,reviewer_001278
nnln,reviewer_001279
Robin,reviewer_001280
FOXY,reviewer_001281
김현성,reviewer_001282
양다경,reviewer_001283
하늘,reviewer_001284
은비,reviewer_001285
이혜원,reviewer_001286
김민서,reviewer_001287
비니,reviewer_001288
커피한잔,reviewer_001289
박유빈,reviewer_001290
전태성,reviewer_001291
60cm머루,reviewer_001292
지언,reviewer_001293
유진,reviewer_001294
준영,reviewer_001295
🪽,reviewer_001296
윤지혜,reviewer_001297
🤤,reviewer_001298
이동현,reviewer_001299
이채현,reviewer_001300
강예준,reviewer_001301
우왕,reviewer_001302
송희,reviewer_001303
한찬희,reviewer_001304
이상헌,reviewer_001305
남지수,reviewer_001306
시후🐶,reviewer_001307
🤍정윤,reviewer_001308
정승민,reviewer_001309
이수철,reviewer_001310
박동현,reviewer_001311
구링구링,reviewer_001312
이다연,reviewer_001313
장진우,reviewer_001314
김도윤,reviewer_001315
김메리앤,reviewer_001316
동글,reviewer_001317
윤정원,reviewer_001318
안민기,reviewer_001319
김도연,reviewer_001320
백승원,reviewer_001321
장태웅,reviewer_001322
nihu,reviewer_001323
현규,reviewer_001324
나우진,reviewer_001325
조은빈,reviewer_001326
도형,reviewer_001327
조윤환,reviewer_001328
윤아셀,reviewer_001329
배수훈,reviewer_001330
노근아,reviewer_001331
이대건,reviewer_001332
송은열,reviewer_001333
향,reviewer_001334
심차민,reviewer_001335
정승일,reviewer_001336
이민서,reviewer_001337
아몬드,reviewer_001338
에그,reviewer_001339
상원,reviewer_001340
민영,reviewer_001341
문성호,reviewer_001342
정은옥,reviewer_001343
윤재민,reviewer_001344
은혜,reviewer_001345
이수민,reviewer_001346
정홍기,reviewer_001347
ㅁ,reviewer_001348
파이팅하세용,reviewer_001349
오원택,reviewer_001350
최원준,reviewer_001351
채원,reviewer_001352
범수,reviewer_001353
박기현,reviewer_001354
💜💜,reviewer_001355
신후,reviewer_001356
1111111,reviewer_001357
김재희,reviewer_001358
Albert Kang,reviewer_001359
윤정은,reviewer_001360
맛집,reviewer_001361
유동훈,reviewer_001362
꺆,reviewer_001363
배선희,reviewer_001364
차천수,reviewer_001365
정다현,reviewer_001366
고태욱,reviewer_001367
염한울,reviewer_001368
전지수,reviewer_001369
오세빈,reviewer_001370
박지영,reviewer_001371
이수아,reviewer_001372
김현진,reviewer_001373
🍒,reviewer_001374
찬희,reviewer_001375
김경환,reviewer_001376
솔(사리),reviewer_001377
김은채,reviewer_001378
조예은,reviewer_001379
박예원,reviewer_001380
박태윤,reviewer_001381
서수정,reviewer_001382
김영아,reviewer_001383
현진,reviewer_001384
이광제,reviewer_001385
오정현,reviewer_001386
이준서,reviewer_001387
박두현,reviewer_001388
송지원,reviewer_001389
한성현,reviewer_001390
희원,reviewer_001391
강명주 (바다),reviewer_001392
이동규,reviewer_001393
케레케레켈켈,reviewer_001394
솔직한 맛집 평가,reviewer_001395
김범환,reviewer_001396
홍의진,reviewer_001397
오남석,reviewer_001398
정원,reviewer_001399
윤여울,reviewer_001400
김서준,reviewer_001401
이진서,reviewer_001402
오현규,reviewer_001403
예준,reviewer_001404
김대희,reviewer_001405
김태희,reviewer_001406
예원,reviewer_001407
서하,reviewer_001408
현혜진,reviewer_001409
모르는개산책,reviewer_001410
송민주,reviewer_001411
혜린,reviewer_001412
심진용,reviewer_001413
채채,reviewer_001414
프로맛집러,reviewer_001415
나서현,reviewer_001416
김윤호,reviewer_001417
해슬,reviewer_001418
김예인,reviewer_001419
김수현,reviewer_001420
숭이,reviewer_001421
유나연,reviewer_001422
덕윤,reviewer_001423
김희영,reviewer_001424
zizi,reviewer_001425
승찬,reviewer_001426
배서현,reviewer_001427
백재이,reviewer_001428
나나,reviewer_001429
가나디좋아,reviewer_001430
민선,reviewer_001431
배유찬,reviewer_001432
효,reviewer_001433
토마토빼주세요,reviewer_001434
옥탑방,reviewer_001435
맛있는 건 잘 먹어요,reviewer_001436
머랭쿠키,reviewer_001437
곽웅,reviewer_001438
BJ BEAK,reviewer_001439
🦘퀭거루,reviewer_001440
이혜경,reviewer_001441
stevemin12,reviewer_001442
민보리,reviewer_001443
이영우,reviewer_001444
리보,reviewer_001445
깨비짱,reviewer_001446
purdy,reviewer_001447
레쓰비,reviewer_001448
스님,reviewer_001449
Aaron,reviewer_001450
정직하게 살자.,reviewer_001451
야옹,reviewer_001452
랜드마크,reviewer_001453
시계태엽오렌지,reviewer_001454
정진의 먹동여지도,reviewer_001455
해조아,reviewer_001456
재미따라,reviewer_001457
폐업점쟁이,reviewer_001458
ㅁㅎ,reviewer_001459
맛있으면 살안심,reviewer_001460
reviewer,reviewer_001461
여행동무,reviewer_001462
랭모기,reviewer_001463
마포구보안관,reviewer_001464
맛집심의관,reviewer_001465
술쟁이,reviewer_001466
참나물,reviewer_001467
윤146,reviewer_001468
deugro박영도,reviewer_001469
김한나,reviewer_001470
돼지상어,reviewer_001471
좋은게 좋은거지,reviewer_001472
nim,reviewer_001473
은구,reviewer_001474
유명해지지마아니유명해져,reviewer_001475
꽁떼,reviewer_001476
미식가그로밋,reviewer_001477
자차카타파하,reviewer_001478
seoullife,reviewer_001479
마하,reviewer_001480
수지,reviewer_001481
김창수,reviewer_001482
🐏,reviewer_001483
무무,reviewer_001484
서선주,reviewer_001485
내 메모 목적,reviewer_001486
철준,reviewer_001487
내 맘대로 음식 평가,reviewer_001488
로구꺼이양고 - 초정밀리뷰,reviewer_001489
Michaela | 미카엘라,reviewer_001490
마일스 타미카,reviewer_001491
ㄱ.송형주,reviewer_001492
맛집을 찾아서,reviewer_001493
술빈,reviewer_001494
슛슛,reviewer_001495
5점 잘 안 준다,reviewer_001496
친절도 보단 맛 위주 평가,reviewer_001497
칸쵸,reviewer_001498
😎,reviewer_001499
Undercover,reviewer_001500
민도현,reviewer_001501
Jnmq,reviewer_001502
나가보자,reviewer_001503
🔪,reviewer_001504
실제후기,reviewer_001505
예찬,reviewer_001506
금비,reviewer_001507
꾸익,reviewer_001508
갱,reviewer_001509
정직•성실한 사장님 번창하세요~!,reviewer_001510
쥬유,reviewer_001511
스누피,reviewer_001512
merrywanderer,reviewer_001513
99,reviewer_001514
아,reviewer_001515
금독기,reviewer_001516
김세영,reviewer_001517
20274920,reviewer_001518
맛없으면안머금,reviewer_001519
정진숙,reviewer_001520
꿈꾸는봉공이,reviewer_001521
노는곰,reviewer_001522
끼끼네,reviewer_001523
비야옹,reviewer_001524
난나다,reviewer_001525
난다,reviewer_001526
이재겸,reviewer_001527
금민섭,reviewer_001528
성윤,reviewer_001529
소소한 탐험가,reviewer_001530
김현우,reviewer_001531
꽝꽝나무,reviewer_001532
정화,reviewer_001533
하늘장미,reviewer_001534
랄라,reviewer_001535
jiu,reviewer_001536
미리,reviewer_001537
고영이,reviewer_001538
주응짱,reviewer_001539
즐거운인생,reviewer_001540
뭘 봐~~,reviewer_001541
스마일,reviewer_001542
성혁,reviewer_001543
여름,reviewer_001544
🎈,reviewer_001545
피징~,reviewer_001546
훼💗,reviewer_001547
최하경,reviewer_001548
메롱,reviewer_001549
맛친자,reviewer_001550
서른의맛,reviewer_001551
승원,reviewer_001552
김대영,reviewer_001553
존맛탱구리,reviewer_001554
자유로운순록,reviewer_001555
춤신춤왕막국수,reviewer_001556
뭐야맛있잖아,reviewer_001557
까달뚜루,reviewer_001558
솔직한개인의견,reviewer_001559
🤩,reviewer_001560
나눈냐 먹뽀,reviewer_001561
안성재 딸랑구,reviewer_001562
안성재,reviewer_001563
맛집 항해사,reviewer_001564
주환,reviewer_001565
휘한휘,reviewer_001566
시나모롤의냐미일기,reviewer_001567
섬민,reviewer_001568
3점부턴맛있음,reviewer_001569
Wonwoo,reviewer_001570
Kyle Hyun,reviewer_001571
브로콜리,reviewer_001572
Hailey,reviewer_001573
진심의 문,reviewer_001574
성수동먹꾼,reviewer_001575
ungggaman,reviewer_001576
지니팡,reviewer_001577
미옥,reviewer_001578
김효신,reviewer_001579
이창현,reviewer_001580
프로 백수,reviewer_001581
K,reviewer_001582
지니,reviewer_001583
얌이,reviewer_001584
미루,reviewer_001585
vita,reviewer_001586
먹고노는게제일좋아,reviewer_001587
es,reviewer_001588
솜땀,reviewer_001589
의문의 미식가,reviewer_001590
나는 자유로운 영혼,reviewer_001591
진잼,reviewer_001592
봉준호루라기,reviewer_001593
REST,reviewer_001594
깐새우,reviewer_001595
양파,reviewer_001596
박준호,reviewer_001597
코를두번파면코코팜,reviewer_001598
송먹깹,reviewer_001599
맛집을찾아서,reviewer_001600
망고스틴126,reviewer_001601
스스,reviewer_001602
제주 개박사,reviewer_001603
기록,reviewer_001604
스껄,reviewer_001605
봉밥이,reviewer_001606
행복,reviewer_001607
앤쮸,reviewer_001608
졸린감자,reviewer_001609
허지환,reviewer_001610
즈낙보아,reviewer_001611
니가지으세요,reviewer_001612
후랏차차,reviewer_001613
명탐정,reviewer_001614
垠,reviewer_001615
박민선,reviewer_001616
앙,reviewer_001617
기억력이나빠만든맛지도,reviewer_001618
😋,reviewer_001619
scuderia,reviewer_001620
깐깐하니,reviewer_001621
뿌쀼,reviewer_001622
무조건내돈내산,reviewer_001623
KIKI,reviewer_001624
Araaa,reviewer_001625
박찬민,reviewer_001626
아셀라,reviewer_001627
횹,reviewer_001628
ฅ^._.^ฅ,reviewer_001629
🩵,reviewer_001630
minimini 맛집만 평가할래,reviewer_001631
돼지감자,reviewer_001632
BK,reviewer_001633
모과,reviewer_001634
요한,reviewer_001635
미춌나봐!,reviewer_001636
디카페인,reviewer_001637
내돈내산,reviewer_001638
카페유목민,reviewer_001639
Rei,reviewer_001640
아프리카사장이다,reviewer_001641
마포걷달,reviewer_001642
인사이트,reviewer_001643
hh,reviewer_001644
연이,reviewer_001645
마루는갱얼쥐,reviewer_001646
moi,reviewer_001647
Hoho,reviewer_001648
stuva,reviewer_001649
AMANDAYEN63,reviewer_001650
손지,reviewer_001651
안녕하세요비밀이야입니다,reviewer_001652
Geese Howard,reviewer_001653
라라,reviewer_001654
포요요,reviewer_001655
김주현,reviewer_001656
임승연,reviewer_001657
뮨,reviewer_001658
돼지니,reviewer_001659
Damy,reviewer_001660
봄날,reviewer_001661
Nature,reviewer_001662
^^,reviewer_001663
퉁그리,reviewer_001664
뀽,reviewer_001665
칀윈루,reviewer_001666
ㅂㄱㅍ,reviewer_001667
오뉴에몽,reviewer_001668
김,reviewer_001669
가물치 산티아고,reviewer_001670
젓가락숭찰대,reviewer_001671
꺄앙,reviewer_001672
Bbb,reviewer_001673
김지원,reviewer_001674
kkkk2,reviewer_001675
SM,reviewer_001676
용쨩,reviewer_001677
김도이,reviewer_001678
이유진,reviewer_001679
ㅇㅈㅇㅌ,reviewer_001680
아차산역,reviewer_001681
함지수,reviewer_001682
현재원,reviewer_001683
Helene,reviewer_001684
키르아,reviewer_001685
서승희,reviewer_001686
주혜연,reviewer_001687
ksj,reviewer_001688
dana.jung,reviewer_001689
다빈,reviewer_001690
mk,reviewer_001691
EK2,reviewer_001692
조혜경,reviewer_001693
ㅁㄷ,reviewer_001694
김예리,reviewer_001695
hari,reviewer_001696
사정흠,reviewer_001697
조은솔,reviewer_001698
나유빈 Evelyn,reviewer_001699
김인동,reviewer_001700
김호진,reviewer_001701
해피엔딩,reviewer_001702
태린,reviewer_001703
맛도리 레이더,reviewer_001704
Leo,reviewer_001705
박다희,reviewer_001706
문초은,reviewer_001707
오영현,reviewer_001708
Hyo Joo,reviewer_001709
윤,reviewer_001710
진진진,reviewer_001711
chunn,reviewer_001712
놈쥐,reviewer_001713
쩡이,reviewer_001714
Dream Maker,reviewer_001715
동건,reviewer_001716
호이짜,reviewer_001717
y,reviewer_001718
이강모,reviewer_001719
예주,reviewer_001720
강은상,reviewer_001721
양희윤,reviewer_001722
Hy,reviewer_001723
이지원,reviewer_001724
투빵맨,reviewer_001725
노은우,reviewer_001726
강미진 팀장 더클래스 효성 강남대로,reviewer_001727
임유나,reviewer_001728
소현,reviewer_001729
신대훈,reviewer_001730
창우,reviewer_001731
dada,reviewer_001732
S,reviewer_001733
이다은,reviewer_001734
냠냐미,reviewer_001735
김나영,reviewer_001736
전아영,reviewer_001737
ㄱ손유진,reviewer_001738
Ji,reviewer_001739
권미리,reviewer_001740
홍준기,reviewer_001741
이군,reviewer_001742
♥jeong,reviewer_001743
세계여행하고파,reviewer_001744
김수민,reviewer_001745
양희수,reviewer_001746
김미영,reviewer_001747
원수경,reviewer_001748
C M,reviewer_001749
정진우,reviewer_001750
김나라 Nara Kim,reviewer_001751
이예슬,reviewer_001752
양윤영,reviewer_001753
Hayden Kim,reviewer_001754
백은지,reviewer_001755
손수정,reviewer_001756
유현진,reviewer_001757
준태,reviewer_001758
수수,reviewer_001759
히동,reviewer_001760
이원준,reviewer_001761
신민재,reviewer_001762
윤하경,reviewer_001763
Hyejung,reviewer_001764
이뇽,reviewer_001765
김영진,reviewer_001766
ㄱ.지재성,reviewer_001767
김혜연,reviewer_001768
선민,reviewer_001769
어서오시라구용,reviewer_001770
혜인,reviewer_001771
김창호,reviewer_001772
최수연,reviewer_001773
한성,reviewer_001774
정의영,reviewer_001775
김애린,reviewer_001776
🍪,reviewer_001777
훈,reviewer_001778
탕슈,reviewer_001779
uj,reviewer_001780
시현,reviewer_001781
채연아빠,reviewer_001782
정헌,reviewer_001783
오리너굴이,reviewer_001784
신용문,reviewer_001785
zio,reviewer_001786
김한길,reviewer_001787
김진석,reviewer_001788
문소빈,reviewer_001789
우니,reviewer_001790
빠방,reviewer_001791
우근,reviewer_001792
미미원,reviewer_001793
정민,reviewer_001794
YaNYa,reviewer_001795
최송아,reviewer_001796
고은별,reviewer_001797
윤지수,reviewer_001798
민정,reviewer_001799
반짝반짝인디쏘잉,reviewer_001800
장엽ZHANGYE,reviewer_001801
Sk,reviewer_001802
송영은,reviewer_001803
승현,reviewer_001804
심국현,reviewer_001805
💦,reviewer_001806
조재용,reviewer_001807
홍서현,reviewer_001808
석준,reviewer_001809
꾸아,reviewer_001810
세비,reviewer_001811
이소희,reviewer_001812
석호,reviewer_001813
휘키,reviewer_001814
manager,reviewer_001815
윤혜미,reviewer_001816
박경서,reviewer_001817
s.h,reviewer_001818
%,reviewer_001819
🐥,reviewer_001820
불주먹,reviewer_001821
eunkyoung,reviewer_001822
꺼비월드,reviewer_001823
허헣,reviewer_001824
유아라,reviewer_001825
양홍민,reviewer_001826
배슬기,reviewer_001827
이재일,reviewer_001828
엽,reviewer_001829
"태의,지이맘",reviewer_001830
조연희,reviewer_001831
선이,reviewer_001832
박성열,reviewer_001833
김해연,reviewer_001834
영운,reviewer_001835
영서,reviewer_001836
진찬호,reviewer_001837
요미파더,reviewer_001838
김지수,reviewer_001839
윤준서,reviewer_001840
메리츠화재  신현정,reviewer_001841
김주환,reviewer_001842
웃음의여왕♥,reviewer_001843
yk,reviewer_001844
신정훈,reviewer_001845
네모,reviewer_001846
강승현,reviewer_001847
@,reviewer_001848
핑슐랭가이드,reviewer_001849
하늘에구름이둥둥,reviewer_001850
김태형,reviewer_001851
frauhwang,reviewer_001852
헤헤,reviewer_001853
파는건 맛있어야지!,reviewer_001854
폭식주의보,reviewer_001855
SEMM,reviewer_001856
LoveChicago,reviewer_001857
술이조아,reviewer_001858
뽜니맘,reviewer_001859
돼지공쥬,reviewer_001860
김두일,reviewer_001861
짜다짜,reviewer_001862
송원,reviewer_001863
wai,reviewer_001864
말차밀크티,reviewer_001865
미남,reviewer_001866
채은,reviewer_001867
맛집의맛TV,reviewer_001868
뭉뭉,reviewer_001869
김성훈,reviewer_001870
맛잘알랄렐로,reviewer_001871
삭제,reviewer_001872
bv권상훈,reviewer_001873
Brandon 하성연,reviewer_001874
갓성비,reviewer_001875
도치,reviewer_001876
김대훈,reviewer_001877
won,reviewer_001878
프로탐험가,reviewer_001879
음식 피디아,reviewer_001880
코비,reviewer_001881
크아아앗,reviewer_001882
맛없는 곳은 가차 없이 비밀의 방으로,reviewer_001883
1,reviewer_001884
먹돼지,reviewer_001885
터진귤,reviewer_001886
브이,reviewer_001887
렛츠,reviewer_001888
만두기리,reviewer_001889
우하하하,reviewer_001890
지기,reviewer_001891
위잉칙힌,reviewer_001892
고구미,reviewer_001893
돈 썼으면 후기 남겨도 돼,reviewer_001894
HE ♬,reviewer_001895
김민지,reviewer_001896
Il fait du vent,reviewer_001897
dlwndksl,reviewer_001898
안전이 최고,reviewer_001899
미스터빈,reviewer_001900
멍멍,reviewer_001901
메이져구루메,reviewer_001902
rppdma,reviewer_001903
토끼공사,reviewer_001904
Fr,reviewer_001905
퐁퐁,reviewer_001906
진실된리뷰,reviewer_001907
오예,reviewer_001908
먹킷리스트,reviewer_001909
이종훈,reviewer_001910
맛있당🤓,reviewer_001911
미식가,reviewer_001912
평점추구미이동진,reviewer_001913
달나라까지,reviewer_001914
햄냐미,reviewer_001915
+,reviewer_001916
👩🏻‍🌾,reviewer_001917
준수,reviewer_001918
히게포차아버지,reviewer_001919
분명좋아할걸요,reviewer_001920
히히호,reviewer_001921
윰,reviewer_001922
거대문어,reviewer_001923
카우룽,reviewer_001924
김영훈,reviewer_001925
ㅁㄱ,reviewer_001926
핫초코,reviewer_001927
sjjk,reviewer_001928
Just Geisha,reviewer_001929
아리 🐣🐥🐤789,reviewer_001930
Elizabeth J,reviewer_001931
공지압바,reviewer_001932
맛집판독기,reviewer_001933
백종원 3대 독자,reviewer_001934
뚜뚜,reviewer_001935
고함치는 승,reviewer_001936
12346,reviewer_001937
왕손박씨,reviewer_001938
sensation,reviewer_001939
술슐랭,reviewer_001940
뿜뿜,reviewer_001941
김태원,reviewer_001942
짱구,reviewer_001943
먀옹,reviewer_001944
winny,reviewer_001945
염윤종,reviewer_001946
커진눈박수손,reviewer_001947
객관적시선,reviewer_001948
김참새,reviewer_001949
Hyoki,reviewer_001950
|II|llI|lI|I,reviewer_001951
제발요,reviewer_001952
Amntangry,reviewer_001953
야생칠면조,reviewer_001954
그날의기억,reviewer_001955
김하경,reviewer_001956
박광덕,reviewer_001957
맛케터,reviewer_001958
崔長洙,reviewer_001959
노는게 최고,reviewer_001960
미오,reviewer_001961
크르릉,reviewer_001962
rara,reviewer_001963
⠀,reviewer_001964
갱갱,reviewer_001965
배가안부르면좋겠다,reviewer_001966
뮤,reviewer_001967
5점만 냠냠,reviewer_001968
Aefujo,reviewer_001969
고양이캔따개,reviewer_001970
123,reviewer_001971
돌멩choi,reviewer_001972
Bee,reviewer_001973
ㅊㅊ,reviewer_001974
edi,reviewer_001975
ssom0720,reviewer_001976
카키,reviewer_001977
Youtube 술풀레옹,reviewer_001978
곤,reviewer_001979
유나,reviewer_001980
쪼꼬웅니,reviewer_001981
☀️,reviewer_001982
난다요,reviewer_001983
김원만,reviewer_001984
히로롱,reviewer_001985
입춘,reviewer_001986
너누기,reviewer_001987
ㅎㅇㄱ,reviewer_001988
맛있으면오점,reviewer_001989
리뷰알바1점드려요,reviewer_001990
DDogani,reviewer_001991
배불러,reviewer_001992
Lapis Lazuli,reviewer_001993
크크크,reviewer_001994
냥2,reviewer_001995
딘닷,reviewer_001996
레알찐후기,reviewer_001997
카페인서울,reviewer_001998
맛있으면 5점,reviewer_001999
헉스,reviewer_002000
후기 1000% 진심,reviewer_002001
신태현,reviewer_002002
머거보자가보자,reviewer_002003
히망,reviewer_002004
Moon,reviewer_002005
태준,reviewer_002006
구름,reviewer_002007
바나나 아님,reviewer_002008
고라니,reviewer_002009
바가바총각,reviewer_002010
이찬주,reviewer_002011
씀씀이,reviewer_002012
정키,reviewer_002013
Jesus,reviewer_002014
",",reviewer_002015
8irpods,reviewer_002016
lucky guy,reviewer_002017
vinn,reviewer_002018
산이나함갈까,reviewer_002019
카야,reviewer_002020
광고후기거름,reviewer_002021
debb,reviewer_002022
맛 없으면 안 먹는 사람,reviewer_002023
박미린눙,reviewer_002024
맛없으면 리뷰 안남김,reviewer_002025
종민,reviewer_002026
왕왕엉엉먹기전에항상맛집이길기도함,reviewer_002027
rose,reviewer_002028
후이황,reviewer_002029
창꿀,reviewer_002030
둥이,reviewer_002031
정환,reviewer_002032
물개,reviewer_002033
🌸sonia,reviewer_002034
곰돌이,reviewer_002035
길동우동,reviewer_002036
쭈니,reviewer_002037
신소희,reviewer_002038
김월트,reviewer_002039
빌빙빌,reviewer_002040
ㅡ,reviewer_002041
맛없으면짖는개,reviewer_002042
남진,reviewer_002043
네넨,reviewer_002044
박관필,reviewer_002045
내돈내산철민이,reviewer_002046
허니자몽블랙티,reviewer_002047
호카게,reviewer_002048
키티,reviewer_002049
최악만리뷰씀,reviewer_002050
라차서차,reviewer_002051
강은주,reviewer_002052
👨🏻‍🦲,reviewer_002053
gabi,reviewer_002054
냥냠이,reviewer_002055
후기안씀,reviewer_002056
수환,reviewer_002057
맛집탐방러,reviewer_002058
칠아웃,reviewer_002059
매매매,reviewer_002060
박은진,reviewer_002061
바다다,reviewer_002062
tt,reviewer_002063
칼레,reviewer_002064
김용화,reviewer_002065
밍닝옝,reviewer_002066
한,reviewer_002067
배고프다,reviewer_002068
Se,reviewer_002069
마리오빠,reviewer_002070
진실만씁니다,reviewer_002071
나의일기,reviewer_002072
옴뇸뇸,reviewer_002073
점미,reviewer_002074
쿠우,reviewer_002075
카페라떼,reviewer_002076
여의도 민별,reviewer_002077
쩝쩝,reviewer_002078
cintamani,reviewer_002079
짬타맨,reviewer_002080
바람부는 날에...,reviewer_002081
먹짱지망생,reviewer_002082
밥찵여,reviewer_002083
DH,reviewer_002084
HS,reviewer_002085
0__0,reviewer_002086
WANI,reviewer_002087
응,reviewer_002088
dida,reviewer_002089
세모눈,reviewer_002090
😁,reviewer_002091
경준,reviewer_002092
포동동,reviewer_002093
MJ,reviewer_002094
뿅,reviewer_002095
김성현,reviewer_002096
맛탐러,reviewer_002097
Cjoo,reviewer_002098
아자아자,reviewer_002099
박현영,reviewer_002100
Katie HyeYoon JUNG,reviewer_002101
aiii,reviewer_002102
세진,reviewer_002103
정경선,reviewer_002104
윤정,reviewer_002105
🤔,reviewer_002106
임철,reviewer_002107
푸르미체고,reviewer_002108
누룽지늉늉,reviewer_002109
냥냥이,reviewer_002110
돼지꿈,reviewer_002111
이미금,reviewer_002112
함진희,reviewer_002113
손태원,reviewer_002114
홍영선,reviewer_002115
라떼,reviewer_002116
최호현,reviewer_002117
김동탁,reviewer_002118
0 이재숙ㆍ아이센스,reviewer_002119
노을,reviewer_002120
배지훈,reviewer_002121
정민경,reviewer_002122
챨옥슈슈,reviewer_002123
이가영,reviewer_002124
🐑,reviewer_002125
민아,reviewer_002126
박지은,reviewer_002127
Lee,reviewer_002128
Bws,reviewer_002129
한재근(54),reviewer_002130
한덕이,reviewer_002131
쫑♥,reviewer_002132
지민,reviewer_002133
정승환,reviewer_002134
강민영 (Lynne),reviewer_002135
Becky,reviewer_002136
김소영,reviewer_002137
전기샛별,reviewer_002138
Alec,reviewer_002139
서영,reviewer_002140
손지은,reviewer_002141
야채,reviewer_002142
릴리,reviewer_002143
두리(염현숙),reviewer_002144
이민준,reviewer_002145
19391,reviewer_002146
현아,reviewer_002147
장주영,reviewer_002148
윤태,reviewer_002149
kdh,reviewer_002150
미정,reviewer_002151
윤동하,reviewer_002152
박병현,reviewer_002153
배고파유,reviewer_002154
신은지,reviewer_002155
황수진,reviewer_002156
이예린,reviewer_002157
거리의방랑자,reviewer_002158
호잉,reviewer_002159
박현진,reviewer_002160
🐶🐾,reviewer_002161
이선경,reviewer_002162
ming,reviewer_002163
이진희,reviewer_002164
임지연,reviewer_002165
🖐진희,reviewer_002166
흉노족족장,reviewer_002167
송치은,reviewer_002168
여혜미,reviewer_002169
죠르디,reviewer_002170
이재린,reviewer_002171
진각영,reviewer_002172
방홍기,reviewer_002173
김현규,reviewer_002174
가은,reviewer_002175
롯데택배 ACE팀 김성경,reviewer_002176
황보랍니다,reviewer_002177
오령,reviewer_002178
혜원,reviewer_002179
채선,reviewer_002180
은영,reviewer_002181
태민,reviewer_002182
huhu,reviewer_002183
정다운,reviewer_002184
이인해,reviewer_002185
황지연-준우•서현•예원맘,reviewer_002186
김선우일반인여자친구,reviewer_002187
wow,reviewer_002188
맛집내놔,reviewer_002189
칠갑산,reviewer_002190
김설아♥️🍀👍,reviewer_002191
김예원,reviewer_002192
정섭섭섭,reviewer_002193
하늬,reviewer_002194
예경,reviewer_002195
양보다질,reviewer_002196
윤여훈,reviewer_002197
전혜진✨️,reviewer_002198
/,reviewer_002199
Hyegyung,reviewer_002200
박지민,reviewer_002201
솜,reviewer_002202
김진민,reviewer_002203
92,reviewer_002204
송현미,reviewer_002205
연,reviewer_002206
곽인성,reviewer_002207
김태규,reviewer_002208
류선영,reviewer_002209
멍,reviewer_002210
wasson,reviewer_002211
지영~~🧜‍♀️,reviewer_002212
신용식,reviewer_002213
이,reviewer_002214
김롸,reviewer_002215
맛집러,reviewer_002216
희정,reviewer_002217
이상아,reviewer_002218
혜뤼이,reviewer_002219
늘 그자리에..,reviewer_002220
서연우,reviewer_002221
JO,reviewer_002222
유,reviewer_002223
백선화,reviewer_002224
한샘리하우스 OK대리점 정선혜,reviewer_002225
띰바,reviewer_002226
니모로그,reviewer_002227
채찬후,reviewer_002228
뿌꾸뿌,reviewer_002229
이경욱,reviewer_002230
양창렬,reviewer_002231
쵬지,reviewer_002232
서희,reviewer_002233
유하울,reviewer_002234
N,reviewer_002235
박경준,reviewer_002236
sun.P,reviewer_002237
야호,reviewer_002238
오채은,reviewer_002239
후기,reviewer_002240
정인,reviewer_002241
M,reviewer_002242
요리왕앤디,reviewer_002243
윤은진,reviewer_002244
카록,reviewer_002245
윤영서,reviewer_002246
살구,reviewer_002247
신승환,reviewer_002248
예소,reviewer_002249
강신우,reviewer_002250
전유진,reviewer_002251
이선주 oliva,reviewer_002252
맛도리,reviewer_002253
현경,reviewer_002254
Sori,reviewer_002255
염혜선(Sunny),reviewer_002256
윤혜진,reviewer_002257
김충일,reviewer_002258
진영☆주언마미☆,reviewer_002259
"알콩달콩""",reviewer_002260
김윤영,reviewer_002261
박현정,reviewer_002262
정부건,reviewer_002263
김세화,reviewer_002264
깐깐한 미식가,reviewer_002265
루비,reviewer_002266
나은,reviewer_002267
강상현,reviewer_002268
은우,reviewer_002269
알렉산더두긴,reviewer_002270
맛있으면 리뷰 씀,reviewer_002271
짜증나네,reviewer_002272
새벽남,reviewer_002273
뇽뇽이,reviewer_002274
키티덕후,reviewer_002275
페러글라이딩 그까짓거 뭐ㅋ~~🍑,reviewer_002276
워나으니☆,reviewer_002277
현주,reviewer_002278
빵글이 김진수,reviewer_002279
핑크돌고래,reviewer_002280
먹잘알,reviewer_002281
지혜,reviewer_002282
별이되어라,reviewer_002283
LHM,reviewer_002284
불친절은참지않긔,reviewer_002285
솔직한댓글,reviewer_002286
푸푸,reviewer_002287
망고,reviewer_002288
티미,reviewer_002289
맛찌개,reviewer_002290
핫도그,reviewer_002291
맛집찾는꾸락이,reviewer_002292
2l 최현준,reviewer_002293
mewi,reviewer_002294
윶찌,reviewer_002295
팩트,reviewer_002296
꿈지니,reviewer_002297
?!,reviewer_002298
피식,reviewer_002299
냥,reviewer_002300
먹정,reviewer_002301
얼죽아,reviewer_002302
냉정한 평가 락스타,reviewer_002303
우산,reviewer_002304
나는야탐험가,reviewer_002305
나락,reviewer_002306
윙윙윙,reviewer_002307
보보,reviewer_002308
시시,reviewer_002309
플러스,reviewer_002310
러바오,reviewer_002311
조조,reviewer_002312
yun939,reviewer_002313
영쏘,reviewer_002314
xing757,reviewer_002315
tong283,reviewer_002316
an927,reviewer_002317
du155,reviewer_002318
오소리,reviewer_002319
곱창전골,reviewer_002320
gua154,reviewer_002321
호랑이,reviewer_002322
위아이,reviewer_002323
락스타맛제보,reviewer_002324
호오잇,reviewer_002325
뚱윤,reviewer_002326
탕탕이,reviewer_002327
최지현,reviewer_002328
김진영,reviewer_002329
서현,reviewer_002330
SJ,reviewer_002331
김종선,reviewer_002332
𝝅,reviewer_002333
로즈마리,reviewer_002334
토실맘,reviewer_002335
ms,reviewer_002336
맛있는 거 조아 인간,reviewer_002337
Newsun,reviewer_002338
좋은 날,reviewer_002339
Kho,reviewer_002340
박지원,reviewer_002341
lottVEBR,reviewer_002342
mazefind,reviewer_002343
Yixuannn,reviewer_002344
맛없으면짖는멍멍이,reviewer_002345
코코솜,reviewer_002346
곰곰,reviewer_002347
전진부대,reviewer_002348
맛집평가단,reviewer_002349
애용,reviewer_002350
🧍🏻‍♀️🪁,reviewer_002351
개구리,reviewer_002352
EH,reviewer_002353
GrOL,reviewer_002354
흐음,reviewer_002355
HR,reviewer_002356
먹보의하루,reviewer_002357
맛집알려주께(팔로우하고맛있게드세요),reviewer_002358
비밀,reviewer_002359
뉴뉴,reviewer_002360
quiet,reviewer_002361
신프란,reviewer_002362
흠,reviewer_002363
Stem cell,reviewer_002364
Jun3am,reviewer_002365
yoe,reviewer_002366
뜨끈이,reviewer_002367
노루,reviewer_002368
파란하늘,reviewer_002369
미시기,reviewer_002370
kay,reviewer_002371
내일은축구왕,reviewer_002372
Tommy,reviewer_002373
미여옹,reviewer_002374
오오옹,reviewer_002375
밍키,reviewer_002376
내 이름은 대한민국만세!!,reviewer_002377
그러를그러세요,reviewer_002378
쿨제이,reviewer_002379
존맛탱을찾아서,reviewer_002380
박은영,reviewer_002381
링컨,reviewer_002382
혜유니❤,reviewer_002383
참기름막국수,reviewer_002384
1122,reviewer_002385
피플,reviewer_002386
옙,reviewer_002387
가또,reviewer_002388
바이커,reviewer_002389
holywaters,reviewer_002390
하찌,reviewer_002391
소신있게,reviewer_002392
문대갈,reviewer_002393
역시배운사람,reviewer_002394
🦄,reviewer_002395
서,reviewer_002396
복숭아,reviewer_002397
성수용만이,reviewer_002398
Hhhhii,reviewer_002399
220V 피카츄,reviewer_002400
moose,reviewer_002401
이호빵,reviewer_002402
맛집만,reviewer_002403
뽈이,reviewer_002404
솔직한 새,reviewer_002405
클라우드,reviewer_002406
솜사탕,reviewer_002407
라봉,reviewer_002408
유지,reviewer_002409
BSR,reviewer_002410
이대로,reviewer_002411
오미자,reviewer_002412
버팔로,reviewer_002413
sohwan,reviewer_002414
Monggil,reviewer_002415
프랭크,reviewer_002416
안즐거워,reviewer_002417
정신병걸릴것같애,reviewer_002418
맛집좋아,reviewer_002419
닉,reviewer_002420
Yns,reviewer_002421
D,reviewer_002422
국자,reviewer_002423
앙큼이,reviewer_002424
٩( ᐛ )و,reviewer_002425
azossii,reviewer_002426
qufdid,reviewer_002427
도지,reviewer_002428
타락천사의 심판대,reviewer_002429
뜽히,reviewer_002430
likeorhate,reviewer_002431
brown28,reviewer_002432
모나카아스크림,reviewer_002433
Amy26,reviewer_002434
jon****,reviewer_002435
닉넴므,reviewer_002436
딱지맘17,reviewer_002437
백수인,reviewer_002438
도토루짱,reviewer_002439
북한산 방랑객,reviewer_002440
하겐다즈매니아,reviewer_002441
엔딩닷,reviewer_002442
쮸크81,reviewer_002443
강세로이,reviewer_002444
맛도리아저씨,reviewer_002445
dorigoguma,reviewer_002446
박소윤이,reviewer_002447
은은한날,reviewer_002448
먹녀사,reviewer_002449
zi****,reviewer_002450
쿠루루큭큭,reviewer_002451
해피바이러스4149,reviewer_002452
x괴도감자x,reviewer_002453
나비 처럼 날아,reviewer_002454
눈먼지,reviewer_002455
노을hairdreaming,reviewer_002456
SHu,reviewer_002457
연샤미,reviewer_002458
빵마시써,reviewer_002459
sumt****,reviewer_002460
캡틴화니,reviewer_002461
joann0,reviewer_002462
22695664,reviewer_002463
발챙이,reviewer_002464
dma****,reviewer_002465
오마이썬,reviewer_002466
BennyLee,reviewer_002467
까미오빠얌,reviewer_002468
미세스 장,reviewer_002469
엄살왕,reviewer_002470
승호지,reviewer_002471
욱시티,reviewer_002472
민디s,reviewer_002473
까꿍이32,reviewer_002474
뚱도리56,reviewer_002475
모쭈맘,reviewer_002476
정이가는9,reviewer_002477
김당근2,reviewer_002478
행복하자3221,reviewer_002479
행운인간,reviewer_002480
휴우25,reviewer_002481
9무지개,reviewer_002482
mina6324,reviewer_002483
브레드님,reviewer_002484
세상을다누빌꺼야,reviewer_002485
예약할배,reviewer_002486
벨사운드,reviewer_002487
린정합니다,reviewer_002488
esperansa33,reviewer_002489
jackie358,reviewer_002490
초롱이735,reviewer_002491
빈마마,reviewer_002492
먹고걷고햇빛듬뿍,reviewer_002493
joo****,reviewer_002494
min****,reviewer_002495
단아한김션,reviewer_002496
또롱또영,reviewer_002497
47473837,reviewer_002498
용이오오,reviewer_002499
개니빵야,reviewer_002500
i loveat i,reviewer_002501
luliel,reviewer_002502
맘맘미미,reviewer_002503
맛있었으면,reviewer_002504
woo****,reviewer_002505
k51****,reviewer_002506
상껌,reviewer_002507
Niki,reviewer_002508
latte14,reviewer_002509
넬리코아,reviewer_002510
존헤리윙스,reviewer_002511
75d****,reviewer_002512
블랙마리언니,reviewer_002513
푸른하늘YODA,reviewer_002514
멍뭉이는참지아나,reviewer_002515
ㅈH영E복숭아ㄴH꾸,reviewer_002516
Smile7684,reviewer_002517
스타벅스5078,reviewer_002518
아름다운2048,reviewer_002519
vvip83,reviewer_002520
달토끼226,reviewer_002521
ZSDEN,reviewer_002522
오늘의리뷰는,reviewer_002523
아톰45,reviewer_002524
sensatiOn,reviewer_002525
짱구마녀,reviewer_002526
바나나맛딸기,reviewer_002527
ORizin,reviewer_002528
자성명59,reviewer_002529
고기서고기,reviewer_002530
Direction,reviewer_002531
hea****,reviewer_002532
AAPL19,reviewer_002533
퐁그리,reviewer_002534
세운령,reviewer_002535
단어록,reviewer_002536
우재킹,reviewer_002537
빵곰씨,reviewer_002538
항상새로운나,reviewer_002539
소심한다중이,reviewer_002540
coffeen01,reviewer_002541
부산보라,reviewer_002542
엘리2239,reviewer_002543
피아노 치는 행인,reviewer_002544
하하하5714,reviewer_002545
블루3838,reviewer_002546
맛집탐험소년,reviewer_002547
VKY,reviewer_002548
방문자91,reviewer_002549
11월 신부되다,reviewer_002550
레몬6288,reviewer_002551
시켜줘마포구보안관,reviewer_002552
별님쟁이,reviewer_002553
sleebyun,reviewer_002554
오산철인,reviewer_002555
우주3713,reviewer_002556
0000003,reviewer_002557
coc****,reviewer_002558
Country Road,reviewer_002559
벨사랑,reviewer_002560
나비야옹,reviewer_002561
제주 사는 피글렛,reviewer_002562
헤시시,reviewer_002563
sdsd1971,reviewer_002564
bbirongee,reviewer_002565
나나누나42,reviewer_002566
Yulmaeng,reviewer_002567
JoRi,reviewer_002568
갱또오,reviewer_002569
호리라,reviewer_002570
커피와너와나,reviewer_002571
dr2851,reviewer_002572
진저앤,reviewer_002573
이루리09,reviewer_002574
00000053493,reviewer_002575
4 8 8 5,reviewer_002576
87홍삼,reviewer_002577
변신전피오나,reviewer_002578
Mdoremi,reviewer_002579
톡톡홍쌤,reviewer_002580
hab****,reviewer_002581
Runshang,reviewer_002582
리더하얀,reviewer_002583
상구상구상구,reviewer_002584
치즈케키48,reviewer_002585
l 사려깊은고양이 l,reviewer_002586
여름여름해34,reviewer_002587
따봉 가이드,reviewer_002588
무라사키밀크티,reviewer_002589
맛따멋맨,reviewer_002590
the Insider,reviewer_002591
oJH,reviewer_002592
상권읽어주는남자,reviewer_002593
wjddmlfhdns,reviewer_002594
Clara75,reviewer_002595
CnLMJ,reviewer_002596
cnlm****,reviewer_002597
쑤기116,reviewer_002598
bestibest,reviewer_002599
hahayjl,reviewer_002600
ryo****,reviewer_002601
건방진오리,reviewer_002602
라일락라일락라일락,reviewer_002603
팡댕이,reviewer_002604
오늘의 TMI,reviewer_002605
연몽하다,reviewer_002606
SKY8888,reviewer_002607
메론 마스크 마카롱,reviewer_002608
H3RSH3Y,reviewer_002609
whatt75,reviewer_002610
songkc2120,reviewer_002611
쩝쩝왕비,reviewer_002612
펀드매니저 문견후,reviewer_002613
shi****,reviewer_002614
도됴잉,reviewer_002615
이쁜언니98,reviewer_002616
모취,reviewer_002617
세도나의 마리포사,reviewer_002618
소심한먹보,reviewer_002619
깜food,reviewer_002620
zbzusbjz,reviewer_002621
세계로5,reviewer_002622
말랑8383,reviewer_002623
samsung,reviewer_002624
M0카,reviewer_002625
julia211021,reviewer_002626
보타니엘,reviewer_002627
ela****,reviewer_002628
heyroo,reviewer_002629
lmj****,reviewer_002630
아는맛이더무서움,reviewer_002631
선넘네90,reviewer_002632
Kangbeen,reviewer_002633
마이콝둘리,reviewer_002634
리얼규규,reviewer_002635
Museegong Louis 무쇠공,reviewer_002636
늘기쁨1515,reviewer_002637
까칠한여자88,reviewer_002638
zhd****,reviewer_002639
하늘9081,reviewer_002640
ana****,reviewer_002641
거대토끼24,reviewer_002642
오호홋난시,reviewer_002643
맛집뚜버기,reviewer_002644
hog****,reviewer_002645
Leeee편한세상,reviewer_002646
오뚜기컵누들,reviewer_002647
kkuunnsstt49,reviewer_002648
리스트례토,reviewer_002649
킴스46,reviewer_002650
미식방랑가,reviewer_002651
날아다니는 펭귄,reviewer_002652
에덴하우,reviewer_002653
geenna27,reviewer_002654
hks****,reviewer_002655
kim****,reviewer_002656
yujin9935,reviewer_002657
도프어린이,reviewer_002658
테디정84,reviewer_002659
온토리짱,reviewer_002660
모르는 개 산책25,reviewer_002661
세호흡14,reviewer_002662
신비상자,reviewer_002663
지지지지지지지예,reviewer_002664
아이스크림컵케익,reviewer_002665
쑴매,reviewer_002666
kate0212,reviewer_002667
SM눈사람,reviewer_002668
PICOFTHEDAY,reviewer_002669
Jennworld,reviewer_002670
레어43,reviewer_002671
사냥꾼93,reviewer_002672
I real review,reviewer_002673
오이가싫은사람,reviewer_002674
seige22,reviewer_002675
gmldud0727,reviewer_002676
시종여일77,reviewer_002677
ivy9712,reviewer_002678
ravelc,reviewer_002679
닥터킴11,reviewer_002680
pre****,reviewer_002681
최원석9695,reviewer_002682
cong53,reviewer_002683
욜로2451,reviewer_002684
Summer Greens,reviewer_002685
스펀지송22,reviewer_002686
도화sek7,reviewer_002687
라스트39,reviewer_002688
xe****,reviewer_002689
블루라이,reviewer_002690
si****,reviewer_002691
림우버,reviewer_002692
yon****,reviewer_002693
붱철,reviewer_002694
나나쑤와,reviewer_002695
밥레레,reviewer_002696
gye****,reviewer_002697
jae****,reviewer_002698
기하나비,reviewer_002699
PaulLee49,reviewer_002700
채채68,reviewer_002701
blue3159,reviewer_002702
하와이안3,reviewer_002703
좋아하는거해,reviewer_002704
lim****,reviewer_002705
plusma,reviewer_002706
오드리동80,reviewer_002707
레드데블256,reviewer_002708
엘리s310,reviewer_002709
whi****,reviewer_002710
Hoon Seo,reviewer_002711
구아뒤,reviewer_002712
엄마되기 프로젝트37,reviewer_002713
초코얌냠,reviewer_002714
땨히그,reviewer_002715
먹짐,reviewer_002716
러뷰러뷰6,reviewer_002717
롱ㅇㅣ,reviewer_002718
So0426,reviewer_002719
sun****,reviewer_002720
에이치비91,reviewer_002721
나의 친구,reviewer_002722
aa****,reviewer_002723
HAY BAE,reviewer_002724
바다속에풍덩,reviewer_002725
YJRY,reviewer_002726
dung7760,reviewer_002727
parkhyerin1,reviewer_002728
wyd222,reviewer_002729
자감자,reviewer_002730
손다훈,reviewer_002731
misomhyun,reviewer_002732
써니158,reviewer_002733
아 리 스 으,reviewer_002734
여의도새끼호랑이,reviewer_002735
미체유희12,reviewer_002736
wikid000,reviewer_002737
영훈피셔,reviewer_002738
jhys0108,reviewer_002739
helvetica26,reviewer_002740
흠좀무40,reviewer_002741
수민1192,reviewer_002742
그럼에도51,reviewer_002743
010****,reviewer_002744
Gratia78,reviewer_002745
dad****,reviewer_002746
크롱크롱뽀,reviewer_002747
바위처럼3326,reviewer_002748
01s****,reviewer_002749
산톢,reviewer_002750
희동구56,reviewer_002751
82715,reviewer_002752
han****,reviewer_002753
도다토람리쥐,reviewer_002754
마시31,reviewer_002755
슈킴81,reviewer_002756
올리루,reviewer_002757
벨휠름,reviewer_002758
외계사람,reviewer_002759
gia****,reviewer_002760
butter89,reviewer_002761
matinsoir36,reviewer_002762
rfi****,reviewer_002763
김비움씨,reviewer_002764
죤경,reviewer_002765
뉠릴리야,reviewer_002766
오호2881,reviewer_002767
우꺄72,reviewer_002768
142****,reviewer_002769
dbw****,reviewer_002770
와조스키짱,reviewer_002771
포도샘,reviewer_002772
JJIN3546,reviewer_002773
iow****,reviewer_002774
냠냠척척,reviewer_002775
1153sohyun,reviewer_002776
Sarah093,reviewer_002777
supremeier,reviewer_002778
콜라사이다콜라,reviewer_002779
Momojjang,reviewer_002780
qhduswlq,reviewer_002781
리브고슈,reviewer_002782
릴리로즈0114,reviewer_002783
아드레날린6344,reviewer_002784
5266gy,reviewer_002785
장달홍,reviewer_002786
Anthony79,reviewer_002787
hug****,reviewer_002788
와디럼,reviewer_002789
Jh flower,reviewer_002790
hsa****,reviewer_002791
inu0104,reviewer_002792
nov****,reviewer_002793
Pearl60,reviewer_002794
hj560,reviewer_002795
mimi6234,reviewer_002796
냥냥냥냐냥냥냥81,reviewer_002797
자몽티조아,reviewer_002798
joojoo3,reviewer_002799
정의역,reviewer_002800
뿡빵뽕뿡뺑,reviewer_002801
포르테4239,reviewer_002802
snugdori,reviewer_002803
꾸기45,reviewer_002804
Katey1,reviewer_002805
멍멍이예요,reviewer_002806
swhong1992,reviewer_002807
로제엽뗙,reviewer_002808
예쁜이6179,reviewer_002809
gab****,reviewer_002810
ming1985,reviewer_002811
어헤드102,reviewer_002812
냥양이,reviewer_002813
jyk****,reviewer_002814
실장k,reviewer_002815
spa****,reviewer_002816
wizardkels,reviewer_002817
뽀얼이,reviewer_002818
gㅡyㅡjoo,reviewer_002819
썬탠한백조,reviewer_002820
Superdupermom,reviewer_002821
Hdrummer,reviewer_002822
비니8469,reviewer_002823
Jminimini,reviewer_002824
원이554,reviewer_002825
식탐왕너,reviewer_002826
흑진주33,reviewer_002827
oeeat,reviewer_002828
tkd****,reviewer_002829
조모크 박뿌장,reviewer_002830
준호88,reviewer_002831
멍순이네,reviewer_002832
gn92,reviewer_002833
ssongssong54,reviewer_002834
짱가255,reviewer_002835
마마님123,reviewer_002836
뭐냐옹,reviewer_002837
닐리,reviewer_002838
sssoh,reviewer_002839
caf****,reviewer_002840
앙쥬47,reviewer_002841
짱5072,reviewer_002842
또요니37,reviewer_002843
unareum,reviewer_002844
비상509,reviewer_002845
히두우웅,reviewer_002846
jys42,reviewer_002847
케이하트,reviewer_002848
안녕스리,reviewer_002849
똑편언니,reviewer_002850
서대표5275,reviewer_002851
지구인73,reviewer_002852
shull,reviewer_002853
바둑이2947,reviewer_002854
앰군,reviewer_002855
굿모닝과 안모닝,reviewer_002856
mlll4,reviewer_002857
Lal Phi,reviewer_002858
공덕동맛깡패,reviewer_002859
장군봉봉,reviewer_002860
essieseungeun,reviewer_002861
이4084,reviewer_002862
iamls95,reviewer_002863
지혜6358,reviewer_002864
윤졍79,reviewer_002865
나루식객,reviewer_002866
UchelinGuide,reviewer_002867
미식가 돼지보스,reviewer_002868
오늘가냐,reviewer_002869
니니이모82,reviewer_002870
녀니녀니,reviewer_002871
Abc123459999,reviewer_002872
58863,reviewer_002873
haj****,reviewer_002874
Hh89216,reviewer_002875
posey666,reviewer_002876
lee****,reviewer_002877
데일리한 웅이,reviewer_002878
이명성29,reviewer_002879
다람젼,reviewer_002880
요망진어멍,reviewer_002881
행복이톡톡톡,reviewer_002882
대인배당,reviewer_002883
Yevin Jeong,reviewer_002884
한스오션24,reviewer_002885
moon0e,reviewer_002886
therartist,reviewer_002887
기분좋으면리뷰쓰는가오리,reviewer_002888
kdj40,reviewer_002889
주마요,reviewer_002890
okee0,reviewer_002891
신데렐라60,reviewer_002892
지윤파파,reviewer_002893
페이용,reviewer_002894
9433J,reviewer_002895
금빵이의맛집기행,reviewer_002896
연 희,reviewer_002897
F cgv Ng,reviewer_002898
SCOOP,reviewer_002899
rhthal2020,reviewer_002900
뀽ㅎ,reviewer_002901
망고국수,reviewer_002902
혼밥하는 판다,reviewer_002903
Reflected image,reviewer_002904
myq****,reviewer_002905
깨비ㄹㅇ,reviewer_002906
슈퍼피,reviewer_002907
이랄라ㅎ,reviewer_002908
댕댕이와숨바꼭질,reviewer_002909
돌아다,reviewer_002910
주류전형,reviewer_002911
libra1978,reviewer_002912
위리선,reviewer_002913
리뷰리부맨,reviewer_002914
포즈란,reviewer_002915
junland1,reviewer_002916
JIEUN22,reviewer_002917
ryuhann,reviewer_002918
eemat,reviewer_002919
이앵앵,reviewer_002920
kkr****,reviewer_002921
Rotterdam,reviewer_002922
WON0,reviewer_002923
하예딩고미샤전국상위일프로리뷰어,reviewer_002924
맹순이71,reviewer_002925
먹으러떠나는중,reviewer_002926
오늘도 배고프다,reviewer_002927
자 유 자 재,reviewer_002928
Rainbow3429,reviewer_002929
불량감자7609,reviewer_002930
손쫑구,reviewer_002931
오뚜커플,reviewer_002932
Celys17,reviewer_002933
NRSA,reviewer_002934
jan****,reviewer_002935
쥐방우리,reviewer_002936
진파리다,reviewer_002937
행운군30,reviewer_002938
하진이랑빡빡이,reviewer_002939
닭도리탕2,reviewer_002940
라라랜드4397,reviewer_002941
skyLOVE,reviewer_002942
ryu****,reviewer_002943
김옥돌옥돌,reviewer_002944
세상에 맛있는것들,reviewer_002945
ByeongChan,reviewer_002946
Spdlqj49,reviewer_002947
베키박,reviewer_002948
샤방샤방엘리스,reviewer_002949
강과장90,reviewer_002950
연남웨일즈,reviewer_002951
LOTS,reviewer_002952
짜잔01,reviewer_002953
동그리52,reviewer_002954
김치볶음밥94,reviewer_002955
플로르6363,reviewer_002956
진진6957,reviewer_002957
민32,reviewer_002958
김맹두,reviewer_002959
맛있는고고,reviewer_002960
이매지1,reviewer_002961
메이리7488,reviewer_002962
맛좋아15,reviewer_002963
mkj****,reviewer_002964
juyeon han,reviewer_002965
201023,reviewer_002966
Bbeeyo,reviewer_002967
hae****,reviewer_002968
yes****,reviewer_002969
미식가짱구,reviewer_002970
예나리8,reviewer_002971
freshhong,reviewer_002972
루돌프 사슴커,reviewer_002973
Sienna Choi,reviewer_002974
vnvn1001,reviewer_002975
우정잉1,reviewer_002976
타임 트레블러,reviewer_002977
Brachioo,reviewer_002978
레전설33,reviewer_002979
쀼잉8872,reviewer_002980
으컁컁8147,reviewer_002981
Appetite of Sue,reviewer_002982
미스테LEE,reviewer_002983
lululalaaaaa,reviewer_002984
rol****,reviewer_002985
맛집지도쏘쏘,reviewer_002986
박미키,reviewer_002987
en****,reviewer_002988
무산군,reviewer_002989
sr10,reviewer_002990
한경주,reviewer_002991
주주링JUJULING,reviewer_002992
꼬리리이,reviewer_002993
즐거운아빠,reviewer_002994
초코쏭이7,reviewer_002995
아반aban,reviewer_002996
책먹는쿼카,reviewer_002997
0아오리0,reviewer_002998
ureternity,reviewer_002999
mirmoong,reviewer_003000
코코의맛zip,reviewer_003001
thr****,reviewer_003002
집갈래87,reviewer_003003
담다84,reviewer_003004
발렌시아89,reviewer_003005
chu58,reviewer_003006
감성 돼지,reviewer_003007
룰루랄라조안,reviewer_003008
맛기,reviewer_003009
행복한빵떠기,reviewer_003010
Nomadmelody,reviewer_003011
Lamvert,reviewer_003012
예젤의원 성수환원장의 맛있는서울,reviewer_003013
jiny2335,reviewer_003014
닭다리최고야19,reviewer_003015
rlawldms88,reviewer_003016
겨울눈이펑펑,reviewer_003017
kkim 간다,reviewer_003018
Egoistar,reviewer_003019
Istanbulu,reviewer_003020
mimshasha,reviewer_003021
무무B,reviewer_003022
샤코프,reviewer_003023
타나토스205,reviewer_003024
시시콜콜콜,reviewer_003025
도베르만46,reviewer_003026
김지원지김먹방,reviewer_003027
만두의품격,reviewer_003028
맛나니야,reviewer_003029
까치산짹짹이,reviewer_003030
JayCan,reviewer_003031
야물딱,reviewer_003032
카이4727,reviewer_003033
dld****,reviewer_003034
MoleLogBox,reviewer_003035
용산 케즈만,reviewer_003036
Yummy440,reviewer_003037
푸드Man,reviewer_003038
우리의우주,reviewer_003039
hee****,reviewer_003040
별빛노트,reviewer_003041
먹죽귀,reviewer_003042
lcy****,reviewer_003043
벤자맛티락,reviewer_003044
emj****,reviewer_003045
yeoppii,reviewer_003046
apo****,reviewer_003047
abcdefghl,reviewer_003048
rjs****,reviewer_003049
샴비,reviewer_003050
점박이스누피,reviewer_003051
525233,reviewer_003052
차라투스트라26,reviewer_003053
무설탕성분,reviewer_003054
yos****,reviewer_003055
Air25,reviewer_003056
삼예린,reviewer_003057
Master48,reviewer_003058
비아22,reviewer_003059
vld****,reviewer_003060
namir,reviewer_003061
똥뺑애비,reviewer_003062
eun****,reviewer_003063
천하를얻으리라,reviewer_003064
Lotusrain97,reviewer_003065
hao 3ariana o,reviewer_003066
ParkPark,reviewer_003067
프로필설정어려워요,reviewer_003068
뾰로롱꼬마마녀뿅,reviewer_003069
lp****,reviewer_003070
해피쓩,reviewer_003071
케크,reviewer_003072
헬리오트로프,reviewer_003073
DJ슈슈,reviewer_003074
jju****,reviewer_003075
수근68,reviewer_003076
0702313,reviewer_003077
헬프데스크,reviewer_003078
안젤라씨네,reviewer_003079
JOY PD,reviewer_003080
PC크레이터 곰탱이,reviewer_003081
강두팔,reviewer_003082
unikon7,reviewer_003083
토니몬따나,reviewer_003084
Genesis1212,reviewer_003085
몰리두커,reviewer_003086
성복토끼,reviewer_003087
펭수콩국수,reviewer_003088
YHJ61,reviewer_003089
냠냠올리오,reviewer_003090
seouler,reviewer_003091
car****,reviewer_003092
mys****,reviewer_003093
스테이크좋아,reviewer_003094
shr100363,reviewer_003095
카페사장 최준,reviewer_003096
뭘까요오42,reviewer_003097
wndwjs1031,reviewer_003098
UK8,reviewer_003099
망이망,reviewer_003100
찐먹빌런,reviewer_003101
kukaracha,reviewer_003102
잠실술안주,reviewer_003103
hsh****,reviewer_003104
jmko001,reviewer_003105
봄이왔네 봄이,reviewer_003106
낙지탕탕46,reviewer_003107
y01apple4,reviewer_003108
바람576,reviewer_003109
야임마23,reviewer_003110
다슬파더,reviewer_003111
코코넛스무디,reviewer_003112
kato19,reviewer_003113
모닝10,reviewer_003114
ma****,reviewer_003115
sos****,reviewer_003116
먹박사잉,reviewer_003117
cho****,reviewer_003118
sal****,reviewer_003119
퐁퐁버블,reviewer_003120
딸2아빠,reviewer_003121
moon403,reviewer_003122
올리브많이,reviewer_003123
ya****,reviewer_003124
봄이랑봄,reviewer_003125
해운대소쩍새,reviewer_003126
뿡뿡이4255,reviewer_003127
klo****,reviewer_003128
희돌이네,reviewer_003129
namesms,reviewer_003130
mjhealth,reviewer_003131
연두연두두연두두두,reviewer_003132
피카피카피카피카츄,reviewer_003133
세상은 내편,reviewer_003134
씨크릿,reviewer_003135
dls****,reviewer_003136
고은1199,reviewer_003137
월요일23,reviewer_003138
하히잉,reviewer_003139
raN12,reviewer_003140
sjsj6677,reviewer_003141
밍시오,reviewer_003142
슈크림보고수요일좋아,reviewer_003143
120713,reviewer_003144
Dddddddddddddddddddd38,reviewer_003145
YY248,reviewer_003146
ilu****,reviewer_003147
수규규규,reviewer_003148
수빈586,reviewer_003149
VpanoramaV,reviewer_003150
나는리아,reviewer_003151
진덩덩이,reviewer_003152
blu****,reviewer_003153
tae****,reviewer_003154
xgr****,reviewer_003155
잘먹겠습니당,reviewer_003156
yjk****,reviewer_003157
사자3594,reviewer_003158
예지808,reviewer_003159
allright119,reviewer_003160
jee****,reviewer_003161
wjd****,reviewer_003162
joy****,reviewer_003163
jsb****,reviewer_003164
miniou,reviewer_003165
tskim444,reviewer_003166
yj****,reviewer_003167
김정섭5973,reviewer_003168
이은혜92,reviewer_003169
도란3,reviewer_003170
럭키세븐777,reviewer_003171
레샾,reviewer_003172
수3063,reviewer_003173
the****,reviewer_003174
듈리35,reviewer_003175
레모니845,reviewer_003176
유자9111,reviewer_003177
jryeon,reviewer_003178
lil****,reviewer_003179
rla****,reviewer_003180
wbd****,reviewer_003181
개구ㄹl,reviewer_003182
규민585,reviewer_003183
뚜뚜65,reviewer_003184
아발란치에,reviewer_003185
주민이,reviewer_003186
26894,reviewer_003187
areummmm,reviewer_003188
cls****,reviewer_003189
suz****,reviewer_003190
yvu,reviewer_003191
밍키리밍키키,reviewer_003192
져니7187,reviewer_003193
파랑색바다,reviewer_003194
shineka13,reviewer_003195
S jeong,reviewer_003196
데브데드,reviewer_003197
do****,reviewer_003198
융3118,reviewer_003199
bon****,reviewer_003200
dla****,reviewer_003201
tra****,reviewer_003202
강종아970,reviewer_003203
gwo****,reviewer_003204
낑깡꽁17,reviewer_003205
뎡서,reviewer_003206
땅기,reviewer_003207
Youngwon22,reviewer_003208
areumi55,reviewer_003209
hon****,reviewer_003210
nacho7,reviewer_003211
과감한스페이스,reviewer_003212
둥칫냐옹,reviewer_003213
소효빈,reviewer_003214
최제윤,reviewer_003215
노대19,reviewer_003216
세현임,reviewer_003217
황지성23,reviewer_003218
lla47,reviewer_003219
권포켓,reviewer_003220
유연한두더지,reviewer_003221
젤42,reviewer_003222
채민5297,reviewer_003223
2038292,reviewer_003224
dea****,reviewer_003225
mmjj2478,reviewer_003226
우왕쿠왕,reviewer_003227
4294967296,reviewer_003228
ohs****,reviewer_003229
누누8674,reviewer_003230
류여경,reviewer_003231
박진형5325,reviewer_003232
서연3826,reviewer_003233
츄니다,reviewer_003234
has****,reviewer_003235
jiu****,reviewer_003236
rhdiddldidhd,reviewer_003237
wldk7812,reviewer_003238
wlsghks458,reviewer_003239
도래미77,reviewer_003240
소화낭자,reviewer_003241
안뉴6346,reviewer_003242
v732,reviewer_003243
프라푸치노93,reviewer_003244
아고라7738,reviewer_003245
phy****,reviewer_003246
pp2387,reviewer_003247
deb****,reviewer_003248
나761,reviewer_003249
Qwe78900,reviewer_003250
Dtayhxt,reviewer_003251
bas****,reviewer_003252
kbk****,reviewer_003253
ker****,reviewer_003254
므흐므므,reviewer_003255
아미오리,reviewer_003256
푸름이77,reviewer_003257
푸혜근,reviewer_003258
A영2,reviewer_003259
고주망디,reviewer_003260
닥터브로우 강남점,reviewer_003261
숌8,reviewer_003262
찌니58,reviewer_003263
psy****,reviewer_003264
멜24,reviewer_003265
리뷰0,reviewer_003266
이규은96,reviewer_003267
tmd****,reviewer_003268
눈오는날224,reviewer_003269
비미34,reviewer_003270
girl0316,reviewer_003271
rhk****,reviewer_003272
zha****,reviewer_003273
츠코리타,reviewer_003274
꽁아꿍,reviewer_003275
동그라미7197,reviewer_003276
Absinthe79,reviewer_003277
이다인43,reviewer_003278
gsc****,reviewer_003279
예성,reviewer_003280
룰루랄라2180,reviewer_003281
W백조,reviewer_003282
ryuw****,reviewer_003283
saltcaramel,reviewer_003284
tjd****,reviewer_003285
IDLER,reviewer_003286
tnals3605,reviewer_003287
하늘빛7832,reviewer_003288
PHM42,reviewer_003289
체이쑤리,reviewer_003290
kimmmhii,reviewer_003291
na0****,reviewer_003292
마요네즈48,reviewer_003293
kah****,reviewer_003294
예린418,reviewer_003295
ililiiliiiliil,reviewer_003296
see****,reviewer_003297
did****,reviewer_003298
하영9495,reviewer_003299
희짱ㅎㅎ,reviewer_003300
tmfql432,reviewer_003301
율리아나48,reviewer_003302
채혀닝,reviewer_003303
멍읏,reviewer_003304
jjeonjjaehyun,reviewer_003305
Zzok,reviewer_003306
riz****,reviewer_003307
오토하,reviewer_003308
기린4,reviewer_003309
백호694,reviewer_003310
한주아53,reviewer_003311
dbwls10,reviewer_003312
YOUNG1127,reviewer_003313
아라레짱,reviewer_003314
맘지쓰,reviewer_003315
딸기케이크주세요,reviewer_003316
Durldy90,reviewer_003317
hellovello,reviewer_003318
HD0123,reviewer_003319
잠자는왕자,reviewer_003320
peachsweets,reviewer_003321
라떼까릉,reviewer_003322
풀레인 PULRAIN,reviewer_003323
ter****,reviewer_003324
wys****,reviewer_003325
Elinalove,reviewer_003326
ejs****,reviewer_003327
jun****,reviewer_003328
민서885,reviewer_003329
cha****,reviewer_003330
kay****,reviewer_003331
violation,reviewer_003332
귀요미7680,reviewer_003333
민석2570,reviewer_003334
바투투,reviewer_003335
봄차m,reviewer_003336
채원2611,reviewer_003337
Lukxi,reviewer_003338
bad****,reviewer_003339
mrs****,reviewer_003340
rou****,reviewer_003341
GG05,reviewer_003342
SAYBINI,reviewer_003343
cococo65,reviewer_003344
묘니36,reviewer_003345
현이피,reviewer_003346
esu****,reviewer_003347
jiwon20104,reviewer_003348
빵이조아00,reviewer_003349
소연4,reviewer_003350
안녕친구야32,reviewer_003351
AW15,reviewer_003352
dab****,reviewer_003353
sy21022,reviewer_003354
갱38,reviewer_003355
따오기52,reviewer_003356
망개단,reviewer_003357
먹으니,reviewer_003358
아영아인맘,reviewer_003359
이끼17,reviewer_003360
이민성6613,reviewer_003361
지요미12,reviewer_003362
emi****,reviewer_003363
son****,reviewer_003364
또니로티,reviewer_003365
로디릿,reviewer_003366
말랑콩떡원진,reviewer_003367
오잉731,reviewer_003368
임나낙,reviewer_003369
초코바나나딸기쉐이크,reviewer_003370
Se현,reviewer_003371
mmmmxxi,reviewer_003372
Diohi,reviewer_003373
nmn****,reviewer_003374
수비아자좌,reviewer_003375
연두루밍,reviewer_003376
Meongg,reviewer_003377
Lovable2,reviewer_003378
browneyed0988,reviewer_003379
뇨료룡,reviewer_003380
주니룽,reviewer_003381
호두귀요밍,reviewer_003382
Lisamin2400,reviewer_003383
dusdn36,reviewer_003384
ㅈㅁㄸㄲ,reviewer_003385
가을7774,reviewer_003386
뵤은,reviewer_003387
용숑,reviewer_003388
정범수14,reviewer_003389
ald****,reviewer_003390
san****,reviewer_003391
you****,reviewer_003392
yun****,reviewer_003393
닐리리아97,reviewer_003394
라이더9654,reviewer_003395
모뭉가,reviewer_003396
솔솔3466,reviewer_003397
안 준 서,reviewer_003398
욤미240,reviewer_003399
윤죠죠,reviewer_003400
진심을담은yummy,reviewer_003401
3151760,reviewer_003402
Davvin,reviewer_003403
KM070707,reviewer_003404
koo****,reviewer_003405
y00****,reviewer_003406
박한별59,reviewer_003407
수은5,reviewer_003408
바바바바1119,reviewer_003409
Whgkeus43,reviewer_003410
poiuytlkjh,reviewer_003411
scam,reviewer_003412
서하17,reviewer_003413
20250520,reviewer_003414
Nicole5279,reviewer_003415
cre****,reviewer_003416
goo****,reviewer_003417
him****,reviewer_003418
oxe****,reviewer_003419
sky****,reviewer_003420
tot****,reviewer_003421
몬키매직,reviewer_003422
우웅히,reviewer_003423
윤소정5525,reviewer_003424
이챙76,reviewer_003425
12****,reviewer_003426
Postie,reviewer_003427
jiyea1234,reviewer_003428
nanugugae,reviewer_003429
snha13051,reviewer_003430
김민주1880,reviewer_003431
미니미니칩팁,reviewer_003432
펠로4,reviewer_003433
suntrawberry,reviewer_003434
하하6781,reviewer_003435
edith7492,reviewer_003436
고즈니,reviewer_003437
boy****,reviewer_003438
iny****,reviewer_003439
thdgml216,reviewer_003440
tng****,reviewer_003441
답답한빈,reviewer_003442
랭무새,reviewer_003443
Park쪙이,reviewer_003444
Yepp15,reviewer_003445
그래그래8534,reviewer_003446
보노보노6324,reviewer_003447
ppun109,reviewer_003448
강봄누나다,reviewer_003449
강아지아지17,reviewer_003450
모모2,reviewer_003451
우정96,reviewer_003452
현준144,reviewer_003453
rud****,reviewer_003454
밍또이,reviewer_003455
셩이74,reviewer_003456
오리도스,reviewer_003457
호쥰,reviewer_003458
Bella994,reviewer_003459
jym****,reviewer_003460
슬슬ㄹㄹ,reviewer_003461
은서2970,reviewer_003462
Rimreal,reviewer_003463
ghd****,reviewer_003464
ney jr,reviewer_003465
rua****,reviewer_003466
urblessing,reviewer_003467
jkh****,reviewer_003468
유빙빙e,reviewer_003469
핀15,reviewer_003470
Bingbingood,reviewer_003471
uzi2377,reviewer_003472
꼬미151,reviewer_003473
송난이,reviewer_003474
LuckyA,reviewer_003475
OtsuboYuka,reviewer_003476
마라윤댕,reviewer_003477
bmw****,reviewer_003478
kmy****,reviewer_003479
버블티먹구시포,reviewer_003480
KHJ5590,reviewer_003481
lya902,reviewer_003482
tnq****,reviewer_003483
나초감,reviewer_003484
poi****,reviewer_003485
HIghestShin,reviewer_003486
랄뽕 랄라라,reviewer_003487
ksa****,reviewer_003488
whrud92,reviewer_003489
하열12,reviewer_003490
호랭뮤,reviewer_003491
미슐랭선별가,reviewer_003492
룰루란이,reviewer_003493
아메쇼코라손,reviewer_003494
별명2032,reviewer_003495
yoo****,reviewer_003496
알고보니찐빠,reviewer_003497
밍콩ㅎㅅㅎ,reviewer_003498
sssskuskd,reviewer_003499
복북복복,reviewer_003500
이예링링,reviewer_003501
hyun001,reviewer_003502
Egyption97,reviewer_003503
ryudals66,reviewer_003504
OFFwhiite,reviewer_003505
데자뷰60,reviewer_003506
배고파4990,reviewer_003507
eve****,reviewer_003508
유상현89,reviewer_003509
Kelly7936,reviewer_003510
YunE25,reviewer_003511
hsu****,reviewer_003512
아키서스,reviewer_003513
달빛52,reviewer_003514
혜2699,reviewer_003515
팔로우하면 손해 놉,reviewer_003516
JUDA47,reviewer_003517
gus****,reviewer_003518
슈쥬맘27,reviewer_003519
갈라뮤트,reviewer_003520
합정동 김밥 맛집 소풍가는날,reviewer_003521
klp****,reviewer_003522
대한민국여권소지자,reviewer_003523
dms****,reviewer_003524
hewpqlff1,reviewer_003525
emilee,reviewer_003526
무스마,reviewer_003527
ilillllilii,reviewer_003528
호란맘,reviewer_003529
웰시사냥,reviewer_003530
Cadillac,reviewer_003531
한식을 먹자,reviewer_003532
Happy joy,reviewer_003533
iceland25,reviewer_003534
임금2621,reviewer_003535
치즈한스푼,reviewer_003536
ang****,reviewer_003537
강아지좋아고양이좋아,reviewer_003538
diverhyun,reviewer_003539
프로리뷰져,reviewer_003540
반포맛도리,reviewer_003541
psickmsick,reviewer_003542
cess2010,reviewer_003543
yumyum95,reviewer_003544
zl존도히,reviewer_003545
김공유1988,reviewer_003546
천개의리뷰,reviewer_003547
홍반장93,reviewer_003548
naboko,reviewer_003549
닥터Bae,reviewer_003550
토순이엄마,reviewer_003551
Byeongsub,reviewer_003552
Highsol,reviewer_003553
밤토리토리리,reviewer_003554
계란말이48,reviewer_003555
iyowa,reviewer_003556
마구로 사시미,reviewer_003557
깨비깨비깨비먹깨비,reviewer_003558
도레도에,reviewer_003559
둠칫 둠칫,reviewer_003560
큐캬큐캬캬,reviewer_003561
슬갱스터,reviewer_003562
SANG HONG,reviewer_003563
거위의꿈43,reviewer_003564
구68,reviewer_003565
잔다르38,reviewer_003566
wetttttttsom,reviewer_003567
ToBeH,reviewer_003568
모꿈,reviewer_003569
초초는먹보,reviewer_003570
해짱의 진짜 리뷰,reviewer_003571
Ydo9083,reviewer_003572
디노빠샤,reviewer_003573
lucia170,reviewer_003574
지 토,reviewer_003575
하우론,reviewer_003576
먹키비스트,reviewer_003577
5h6,reviewer_003578
포토그래퍼맨,reviewer_003579
메메38,reviewer_003580
온누리은행,reviewer_003581
상휘짱,reviewer_003582
횬잇,reviewer_003583
보람을 모아,reviewer_003584
Rhjok86,reviewer_003585
k2r****,reviewer_003586
nontitle,reviewer_003587
나는뼈가싫어요,reviewer_003588
키무칸,reviewer_003589
휘아는 먹어볼까,reviewer_003590
KUMASSFW,reviewer_003591
ok9039,reviewer_003592
닭털핑크,reviewer_003593
j6****,reviewer_003594
시츄할배,reviewer_003595
kangassi,reviewer_003596
바쁜꿀벌10,reviewer_003597
체크무늬88,reviewer_003598
smells84,reviewer_003599
im1****,reviewer_003600
로즈카이트,reviewer_003601
파루파,reviewer_003602
벼리6394,reviewer_003603
agape0325,reviewer_003604
gsj****,reviewer_003605
Bonnieahn,reviewer_003606
pho****,reviewer_003607
맹캣,reviewer_003608
천진스러운 저온,reviewer_003609
S보리형아2,reviewer_003610
맛담이,reviewer_003611
야옹이5624,reviewer_003612
매일미소,reviewer_003613
규리567,reviewer_003614
내일은41,reviewer_003615
laz****,reviewer_003616
RYU1122,reviewer_003617
Ian lee,reviewer_003618
하쿠나마타타993,reviewer_003619
행955,reviewer_003620
디냐디뇨농,reviewer_003621
마루14,reviewer_003622
ㅁl식가,reviewer_003623
365일무사히,reviewer_003624
lucyii,reviewer_003625
김동현0907,reviewer_003626
미식추구자,reviewer_003627
몽몽씨의FUN한하루,reviewer_003628
휴일요정,reviewer_003629
뽀차코,reviewer_003630
뚜벅뚜벅냠냠54,reviewer_003631
알람5개맞춘팔락파니르,reviewer_003632
뚜벅이삼,reviewer_003633
당산의정령,reviewer_003634
리뷰쓰기위해먹는남자,reviewer_003635
치즈케익61,reviewer_003636
나2Za,reviewer_003637
동그라미044,reviewer_003638
냐미구뜨,reviewer_003639
전생에사또,reviewer_003640
내가보려고만든계정,reviewer_003641
잠츙이,reviewer_003642
Hyun3739,reviewer_003643
홍그래,reviewer_003644
두힛두힛츄,reviewer_003645
맛즐러,reviewer_003646
키키와두치,reviewer_003647
옴뇸뇸냠냠냠,reviewer_003648
soosooㅎㅎㅎㅎ,reviewer_003649
출출해윤51,reviewer_003650
식사는잡쉇어,reviewer_003651
숩이잉,reviewer_003652
0냠냐미9,reviewer_003653
육포공장,reviewer_003654
전미애70,reviewer_003655
RoyalMilkTea 로얄밀크티,reviewer_003656
홍탐정 먹탐방,reviewer_003657
헤비이터사무엘,reviewer_003658
jh7235,reviewer_003659
pjh****,reviewer_003660
뮤즈57,reviewer_003661
뽕뽕뽕46,reviewer_003662
petit somm,reviewer_003663
반짝이는 보조개,reviewer_003664
Dlrhtwjrht,reviewer_003665
ongs,reviewer_003666
JJINX,reviewer_003667
레간자,reviewer_003668
Favorite123,reviewer_003669
가뉴메데스,reviewer_003670
윤중,reviewer_003671
Crorong,reviewer_003672
코리안비버,reviewer_003673
피아니시모안단테,reviewer_003674
mny****,reviewer_003675
한량한 호랑이,reviewer_003676
53SJS,reviewer_003677
manyO,reviewer_003678
stella0902,reviewer_003679
다이아나 베리,reviewer_003680
요썰미,reviewer_003681
달달한우유젤리,reviewer_003682
ssaewon,reviewer_003683
마포구 인간,reviewer_003684
오리주둥2,reviewer_003685
주니여니,reviewer_003686
망원동대박부동산,reviewer_003687
예거슈니첼,reviewer_003688
굿끼니는제때먹어야지,reviewer_003689
미즈팝,reviewer_003690
용맹톨,reviewer_003691
실버스톤과루피맘,reviewer_003692
수원시장,reviewer_003693
QuartzBae,reviewer_003694
주대리의 은밀한 사생활,reviewer_003695
It from bit,reviewer_003696
상도라이아짐,reviewer_003697
콜야,reviewer_003698
vhohgg8178,reviewer_003699
이으리,reviewer_003700
혼자밥,reviewer_003701
cro****,reviewer_003702
김너지,reviewer_003703
e과장,reviewer_003704
지구인4154,reviewer_003705
깜깜이50,reviewer_003706
이땜땜이,reviewer_003707
zuckerr,reviewer_003708
nks****,reviewer_003709
djs****,reviewer_003710
김설탕58,reviewer_003711
씨지에스7,reviewer_003712
피러87,reviewer_003713
아이미 IME,reviewer_003714
VIP44,reviewer_003715
뀨81,reviewer_003716
하프문9,reviewer_003717
냠냠쩝쩝1,reviewer_003718
진지한내돈내산리뷰,reviewer_003719
지금yr,reviewer_003720
한냠냠,reviewer_003721
jindorim,reviewer_003722
라떼시럽,reviewer_003723
박정순 무궁화,reviewer_003724
효해gina,reviewer_003725
guswn4285,reviewer_003726
마이벗,reviewer_003727
아이스초코29,reviewer_003728
묘묘에요,reviewer_003729
우이리1,reviewer_003730
minaleeu,reviewer_003731
NC라이더,reviewer_003732
마포지키미1,reviewer_003733
위니1209,reviewer_003734
Endngs,reviewer_003735
yrleee,reviewer_003736
DirtySponge,reviewer_003737
상큼햇살,reviewer_003738
빈센트241,reviewer_003739
뚜뚜루81년식,reviewer_003740
보리보리47,reviewer_003741
연꽃하,reviewer_003742
Hyukee2,reviewer_003743
링을,reviewer_003744
둥둥찌둥,reviewer_003745
또리3671,reviewer_003746
먹뷰실록,reviewer_003747
은무67,reviewer_003748
JK241,reviewer_003749
일일다식,reviewer_003750
로드스트,reviewer_003751
디자인쟁이포에버,reviewer_003752
인어공주951,reviewer_003753
누디19,reviewer_003754
빵식빵식빵,reviewer_003755
dkfk7353,reviewer_003756
닥피생,reviewer_003757
컨셉19,reviewer_003758
쎄라비1978,reviewer_003759
소낙비8198,reviewer_003760
TinaA,reviewer_003761
팜스푸링,reviewer_003762
마이뻴라이,reviewer_003763
Nikc,reviewer_003764
muk11,reviewer_003765
loo****,reviewer_003766
ziz****,reviewer_003767
br****,reviewer_003768
rauren4,reviewer_003769
zzin91,reviewer_003770
김은덩,reviewer_003771
라베1010,reviewer_003772
수혈은커피로해주세요,reviewer_003773
승2792,reviewer_003774
이다영2753,reviewer_003775
쪼아영,reviewer_003776
채마링,reviewer_003777
ZE1,reviewer_003778
dlatmfr7715,reviewer_003779
dokuhsm2,reviewer_003780
fle****,reviewer_003781
quf****,reviewer_003782
경299,reviewer_003783
김지연82,reviewer_003784
김지은5022,reviewer_003785
EHYL,reviewer_003786
OFLr,reviewer_003787
Sueun07,reviewer_003788
daaa40,reviewer_003789
eltmzk7,reviewer_003790
pouw,reviewer_003791
qaz****,reviewer_003792
somo1717,reviewer_003793
su_****,reviewer_003794
공림78,reviewer_003795
사과조아요,reviewer_003796
수정92,reviewer_003797
짤랑쨜랑,reviewer_003798
행복3936,reviewer_003799
히주짱짱,reviewer_003800
12348983,reviewer_003801
ange****,reviewer_003802
anh****,reviewer_003803
bjh****,reviewer_003804
euu****,reviewer_003805
gx****,reviewer_003806
hyo****,reviewer_003807
ilsu57,reviewer_003808
kdh****,reviewer_003809
ksh****,reviewer_003810
seu****,reviewer_003811
xod****,reviewer_003812
yeo****,reviewer_003813
갓종이,reviewer_003814
강남건강미,reviewer_003815
고하늘68,reviewer_003816
꼬꼬ㄲ,reviewer_003817
뚜비뚜0,reviewer_003818
새라친구,reviewer_003819
은정7621,reviewer_003820
임누뿅,reviewer_003821
지우는 케모마일,reviewer_003822
혁준이89,reviewer_003823
1819911,reviewer_003824
el****,reviewer_003825
oow****,reviewer_003826
par****,reviewer_003827
vkd****,reviewer_003828
가지피자,reviewer_003829
김률825,reviewer_003830
물망초870,reviewer_003831
최행미,reviewer_003832
jih****,reviewer_003833
qkr****,reviewer_003834
bae****,reviewer_003835
hi2****,reviewer_003836
수현120,reviewer_003837
xxxhyun47,reviewer_003838
yei****,reviewer_003839
092****,reviewer_003840
hao****,reviewer_003841
iiiio0,reviewer_003842
tel****,reviewer_003843
월향26,reviewer_003844
위드블루7,reviewer_003845
012****,reviewer_003846
bazzzzii,reviewer_003847
coooing,reviewer_003848
iy****,reviewer_003849
jis****,reviewer_003850
khj****,reviewer_003851
listke,reviewer_003852
miiink0,reviewer_003853
mon****,reviewer_003854
mov****,reviewer_003855
qiu****,reviewer_003856
uxn****,reviewer_003857
골목대장4242,reviewer_003858
그츠으,reviewer_003859
노승환50,reviewer_003860
도도링얍,reviewer_003861
무정보,reviewer_003862
미소152,reviewer_003863
블45,reviewer_003864
소영779,reviewer_003865
얌염냠뇽,reviewer_003866
조현기96,reviewer_003867
최길순55,reviewer_003868
호8767,reviewer_003869
Dd50,reviewer_003870
RingoAde,reviewer_003871
air****,reviewer_003872
aji****,reviewer_003873
asd****,reviewer_003874
hye****,reviewer_003875
룰룰루루랄라,reviewer_003876
삐약이고양이,reviewer_003877
소소6898,reviewer_003878
이상탁14,reviewer_003879
gkskqufsla14,reviewer_003880
니익네에이임뭐어해애,reviewer_003881
민19980701,reviewer_003882
38292892,reviewer_003883
alwjdchl489,reviewer_003884
dd22u2,reviewer_003885
권하늘120,reviewer_003886
단무지모찌84,reviewer_003887
박예진285,reviewer_003888
아아1345,reviewer_003889
aring26,reviewer_003890
bki****,reviewer_003891
ice****,reviewer_003892
jwj****,reviewer_003893
minimi1229,reviewer_003894
seo****,reviewer_003895
whdmsql102579,reviewer_003896
LEMONN,reviewer_003897
소원406,reviewer_003898
내풍,reviewer_003899
qkqhd206,reviewer_003900
tha****,reviewer_003901
dol****,reviewer_003902
동굴선굴,reviewer_003903
유리배54,reviewer_003904
민혁입니다,reviewer_003905
bab****,reviewer_003906
majella,reviewer_003907
tlawk1818,reviewer_003908
고독한편식가,reviewer_003909
수정8330,reviewer_003910
hs****,reviewer_003911
김소정2285,reviewer_003912
마미딸마미,reviewer_003913
에식이97,reviewer_003914
공방 탐험가,reviewer_003915
숨숨53,reviewer_003916
올데이Happy,reviewer_003917
가리광동1,reviewer_003918
아트라이터,reviewer_003919
지구별뚜벅이여행자,reviewer_003920
현홍아선,reviewer_003921
mic****,reviewer_003922
은윈플렌,reviewer_003923
J2559,reviewer_003924
거위공룡,reviewer_003925
왕우와우아,reviewer_003926
이영은745,reviewer_003927
kwo****,reviewer_003928
맹진희,reviewer_003929
주녁이9511,reviewer_003930
cou****,reviewer_003931
tahitia79,reviewer_003932
tatisl,reviewer_003933
nam****,reviewer_003934
log****,reviewer_003935
bs****,reviewer_003936
율율621,reviewer_003937
emp****,reviewer_003938
수아입니도,reviewer_003939
오야44,reviewer_003940
피치코코넛,reviewer_003941
ha****,reviewer_003942
세인8521,reviewer_003943
천동50,reviewer_003944
맛숮랭,reviewer_003945
als****,reviewer_003946
sy247,reviewer_003947
러브33,reviewer_003948
복뎅씨,reviewer_003949
brilliantyeon,reviewer_003950
rnl****,reviewer_003951
단밮팡,reviewer_003952
101****,reviewer_003953
jib****,reviewer_003954
조미진93,reviewer_003955
thd****,reviewer_003956
당산걸,reviewer_003957
평강시온,reviewer_003958
sia****,reviewer_003959
유진060,reviewer_003960
inu****,reviewer_003961
은지5491,reviewer_003962
홍하음12,reviewer_003963
mmin18,reviewer_003964
jyj****,reviewer_003965
yee****,reviewer_003966
pan****,reviewer_003967
김철호11,reviewer_003968
13211s,reviewer_003969
mm****,reviewer_003970
sideaa,reviewer_003971
김예지9914,reviewer_003972
룰누낭라,reviewer_003973
송현우55,reviewer_003974
아나거곧,reviewer_003975
얌생,reviewer_003976
정이든37,reviewer_003977
쫘라라수,reviewer_003978
gianchoi,reviewer_003979
rkd****,reviewer_003980
블루5111,reviewer_003981
아잉아잉잉,reviewer_003982
dle****,reviewer_003983
yeg****,reviewer_003984
다크밀란,reviewer_003985
또리6030,reviewer_003986
임재호24,reviewer_003987
햄토리햄토리마우스,reviewer_003988
mov,reviewer_003989
illiliiili,reviewer_003990
김민성97,reviewer_003991
누누누눈나나난,reviewer_003992
담고밈,reviewer_003993
yerin9313,reviewer_003994
박건우880,reviewer_003995
이럴슈가85,reviewer_003996
kkshh,reviewer_003997
도유니83,reviewer_003998
헬로지니14,reviewer_003999
jdh****,reviewer_004000
ong****,reviewer_004001
paa****,reviewer_004002
슈OU,reviewer_004003
신용준63,reviewer_004004
청라맛도리,reviewer_004005
챔챔29,reviewer_004006
our****,reviewer_004007
루훙,reviewer_004008
miang1107,reviewer_004009
강8760,reviewer_004010
KkkkkkK,reviewer_004011
jhp****,reviewer_004012
푱실푱실,reviewer_004013
rain soda,reviewer_004014
jha****,reviewer_004015
lineS2,reviewer_004016
길리버 여행기,reviewer_004017
나지금둠칫두둠칫,reviewer_004018
마시마로판다,reviewer_004019
리안147,reviewer_004020
열시미해,reviewer_004021
최민석35,reviewer_004022
ksy****,reviewer_004023
별에서온별이1,reviewer_004024
leesshong,reviewer_004025
000jh,reviewer_004026
gkl****,reviewer_004027
kjw****,reviewer_004028
yuuvnn,reviewer_004029
생갈치 1호의 행방불명ㅇ,reviewer_004030
YNNN,reviewer_004031
lsjn0005,reviewer_004032
ycy****,reviewer_004033
sih****,reviewer_004034
아 에 이 오 우,reviewer_004035
지성1364,reviewer_004036
투예엄마,reviewer_004037
임윤경74,reviewer_004038
지앵영,reviewer_004039
행운의 구렁이,reviewer_004040
꾸우939,reviewer_004041
쫑블링블리,reviewer_004042
희35,reviewer_004043
HcH57,reviewer_004044
태경222,reviewer_004045
Hanjuul,reviewer_004046
나는야칠칠이,reviewer_004047
모만타이76,reviewer_004048
숭민71,reviewer_004049
죠죠죠랭이,reviewer_004050
쥬쥬쥬쥬쥬쥬쥬쥬,reviewer_004051
qw5****,reviewer_004052
Hkbshg,reviewer_004053
일산강아지,reviewer_004054
샤를리즈381,reviewer_004055
다라아아,reviewer_004056
tld****,reviewer_004057
tro****,reviewer_004058
거지구리,reviewer_004059
seyani789,reviewer_004060
네네네넨37,reviewer_004061
백은영82,reviewer_004062
don****,reviewer_004063
gks****,reviewer_004064
ssu****,reviewer_004065
권마림,reviewer_004066
나는얄,reviewer_004067
컭ㅅ,reviewer_004068
Akffkdehfl,reviewer_004069
백원둘리,reviewer_004070
내돈내산 맛집에 진심인 고독한 미식가,reviewer_004071
김단우30,reviewer_004072
사는게일이다,reviewer_004073
ojs92,reviewer_004074
쭈니2222222,reviewer_004075
rhkdwo41,reviewer_004076
ash****,reviewer_004077
geunahellie,reviewer_004078
hunE,reviewer_004079
jyh****,reviewer_004080
sakusak,reviewer_004081
tls****,reviewer_004082
기리니a,reviewer_004083
JW40,reviewer_004084
이대건92,reviewer_004085
his419017,reviewer_004086
챰니야,reviewer_004087
지현nos,reviewer_004088
냠냠냐냔,reviewer_004089
윤형철13,reviewer_004090
hyecharmings2,reviewer_004091
kimhr095,reviewer_004092
빙닝,reviewer_004093
점7232,reviewer_004094
SNI030321,reviewer_004095
Jing44,reviewer_004096
이수민25,reviewer_004097
반포자이사모님,reviewer_004098
louis0912,reviewer_004099
chu 99,reviewer_004100
gm27,reviewer_004101
해달해달달,reviewer_004102
aks****,reviewer_004103
낭만적인토끼,reviewer_004104
jin****,reviewer_004105
By_Chan,reviewer_004106
SOH2E,reviewer_004107
jiy****,reviewer_004108
쀼랭크,reviewer_004109
영수증리뷰중독자,reviewer_004110
옹룡이0317,reviewer_004111
유빔니얕,reviewer_004112
gov****,reviewer_004113
wlehh,reviewer_004114
야르의 영수증 리뷰,reviewer_004115
융슈,reviewer_004116
천학관,reviewer_004117
111112280,reviewer_004118
Merrydew79,reviewer_004119
nexhyun,reviewer_004120
kyl****,reviewer_004121
sez****,reviewer_004122
농궁,reviewer_004123
one****,reviewer_004124
225764,reviewer_004125
신비주의자64,reviewer_004126
강효라,reviewer_004127
kyb****,reviewer_004128
훈지편,reviewer_004129
청따,reviewer_004130
쿠키러브,reviewer_004131
KimLatte,reviewer_004132
obs****,reviewer_004133
혜연519,reviewer_004134
ili****,reviewer_004135
sekao79,reviewer_004136
슴미의시선,reviewer_004137
Ria0124,reviewer_004138
워크맨55,reviewer_004139
qkf****,reviewer_004140
oiseoeo,reviewer_004141
022931,reviewer_004142
도연9810,reviewer_004143
도장깨기중인채,reviewer_004144
Zeppelin22,reviewer_004145
wjs****,reviewer_004146
냠냠아보카도,reviewer_004147
블루커피80,reviewer_004148
김동석9575,reviewer_004149
히힉힣ㅎ힣,reviewer_004150
할랑방구리,reviewer_004151
ka93,reviewer_004152
kyno2m3,reviewer_004153
네이버23,reviewer_004154
당응닝,reviewer_004155
이민규49,reviewer_004156
주몽티,reviewer_004157
한기현33,reviewer_004158
graypierrot,reviewer_004159
조용민27,reviewer_004160
닉네임정하기싫은데,reviewer_004161
Kikiiiiii,reviewer_004162
킹킹진,reviewer_004163
Ances,reviewer_004164
ato****,reviewer_004165
pinj,reviewer_004166
수현3079,reviewer_004167
syu****,reviewer_004168
xorms199612,reviewer_004169
이븐한 미식가,reviewer_004170
Kartoon,reviewer_004171
맹맹이9934,reviewer_004172
며닠,reviewer_004173
개인의리뷰,reviewer_004174
오르찬5,reviewer_004175
ryeoung,reviewer_004176
포카리쑥,reviewer_004177
Cameron87,reviewer_004178
나를막을수없으셈,reviewer_004179
도영적인도영,reviewer_004180
doolyse,reviewer_004181
parksaing,reviewer_004182
sg****,reviewer_004183
cks****,reviewer_004184
멍멈머,reviewer_004185
collector h,reviewer_004186
류희수84,reviewer_004187
kimyunji,reviewer_004188
가영s2,reviewer_004189
ekd****,reviewer_004190
miiij,reviewer_004191
공주262,reviewer_004192
Nuclear41,reviewer_004193
hwa****,reviewer_004194
zoo****,reviewer_004195
승승장구8919,reviewer_004196
옐쭝,reviewer_004197
kis****,reviewer_004198
gao****,reviewer_004199
서넝넝,reviewer_004200
d1dm5dhr,reviewer_004201
파스타반죽,reviewer_004202
cys2006,reviewer_004203
gka****,reviewer_004204
kkdy1,reviewer_004205
우즈이망,reviewer_004206
지미느,reviewer_004207
kds동선방송,reviewer_004208
soms0m,reviewer_004209
붕어빵1318,reviewer_004210
유9287,reviewer_004211
행벅28,reviewer_004212
apd****,reviewer_004213
교실의온도,reviewer_004214
mjk****,reviewer_004215
이중언,reviewer_004216
MARY34,reviewer_004217
갈릭이 어니언,reviewer_004218
몰또어쩌라는건지,reviewer_004219
파송송송송,reviewer_004220
qmw****,reviewer_004221
냥냥펀치쭈,reviewer_004222
이뿌니8230,reviewer_004223
hhy****,reviewer_004224
노담42,reviewer_004225
메이져31,reviewer_004226
주야9586,reviewer_004227
syl****,reviewer_004228
권장사항56,reviewer_004229
71828,reviewer_004230
oriiiduck,reviewer_004231
발바닥불나용,reviewer_004232
Hsbwndi,reviewer_004233
beauty10,reviewer_004234
화사지,reviewer_004235
tnals쑤,reviewer_004236
조구마512,reviewer_004237
bin****,reviewer_004238
From B52,reviewer_004239
ohd****,reviewer_004240
dmmmm50,reviewer_004241
보들선생27,reviewer_004242
블루블랙2,reviewer_004243
leeyeone12,reviewer_004244
ju****,reviewer_004245
상콤ice80,reviewer_004246
신성진41,reviewer_004247
아따고것참45,reviewer_004248
예융,reviewer_004249
hyu****,reviewer_004250
SUN1113,reviewer_004251
정준님,reviewer_004252
크롬6065,reviewer_004253
Im dnfl,reviewer_004254
keakr818,reviewer_004255
socereal,reviewer_004256
haley59,reviewer_004257
이야아아소소명망망밍,reviewer_004258
IR63,reviewer_004259
마시서요,reviewer_004260
이규원98,reviewer_004261
리미비니맘,reviewer_004262
이하늘812,reviewer_004263
지이예오,reviewer_004264
아이스티티빙,reviewer_004265
민들레짝씨35,reviewer_004266
jj3****,reviewer_004267
KYS611,reviewer_004268
hel****,reviewer_004269
이냥29,reviewer_004270
JHR99,reviewer_004271
JOO5310,reviewer_004272
XD8978,reviewer_004273
비니스트79,reviewer_004274
귤나쓰,reviewer_004275
ansusuxhx,reviewer_004276
hej****,reviewer_004277
발구지1,reviewer_004278
Rang1219,reviewer_004279
탁상픽,reviewer_004280
jeo****,reviewer_004281
예원80,reviewer_004282
도딘도딘,reviewer_004283
jia****,reviewer_004284
ske****,reviewer_004285
sohappy7,reviewer_004286
gkdl****,reviewer_004287
yjyj02033,reviewer_004288
체르18,reviewer_004289
bvb****,reviewer_004290
연서야앙,reviewer_004291
김다혜9876,reviewer_004292
hl0****,reviewer_004293
run****,reviewer_004294
채연43,reviewer_004295
이생망9437,reviewer_004296
잉7520,reviewer_004297
Yun725,reviewer_004298
qwer2718,reviewer_004299
wkd****,reviewer_004300
mee****,reviewer_004301
지니밤31,reviewer_004302
mika92,reviewer_004303
상구구,reviewer_004304
크51,reviewer_004305
냐옹이수준,reviewer_004306
HH647,reviewer_004307
프로리부어,reviewer_004308
현지여신,reviewer_004309
Killer25,reviewer_004310
Hahajung,reviewer_004311
심홍석87,reviewer_004312
hui0608,reviewer_004313
민이옹,reviewer_004314
굶주린 박명수,reviewer_004315
121****,reviewer_004316
율무s2s2,reviewer_004317
숙녀72,reviewer_004318
sds****,reviewer_004319
하이 하와,reviewer_004320
채리이62,reviewer_004321
mars12,reviewer_004322
세잎클로버1394,reviewer_004323
노시13,reviewer_004324
리락쿠마쓰,reviewer_004325
국85,reviewer_004326
대흥로,reviewer_004327
kkseob9444,reviewer_004328
띠아이인,reviewer_004329
비그르히그르,reviewer_004330
비도그,reviewer_004331
요미미5,reviewer_004332
호성동촌놈,reviewer_004333
오래오래코드,reviewer_004334
김태산77,reviewer_004335
팔계핑,reviewer_004336
배잘리나,reviewer_004337
그런데마리아,reviewer_004338
sysoon,reviewer_004339
intermission1,reviewer_004340
61720,reviewer_004341
양배추님잘먹고잘살기,reviewer_004342
hyeong16,reviewer_004343
Love Eat Play,reviewer_004344
hul0408,reviewer_004345
세상엔맛있는게너무많아,reviewer_004346
겸손에 마음을 더한 리뷰어,reviewer_004347
봄날의곰430,reviewer_004348
쑤잉쏘쏘,reviewer_004349
오바이토리,reviewer_004350
푸른하늘0812,reviewer_004351
집요한탐험가,reviewer_004352
joycham,reviewer_004353
기억을걷는시간8469,reviewer_004354
데일리박하쓰,reviewer_004355
프로추앙러,reviewer_004356
랑리뷰,reviewer_004357
나에스탄,reviewer_004358
임스소중축복,reviewer_004359
위버멘쉬75,reviewer_004360
홍반장4618,reviewer_004361
angssen,reviewer_004362
곰슐랭 33,reviewer_004363
오기모찌,reviewer_004364
leehy4735,reviewer_004365
mint chocolate97,reviewer_004366
맛찬양,reviewer_004367
dooball9,reviewer_004368
Fantastic Cu,reviewer_004369
꽃분이2201,reviewer_004370
sydney5,reviewer_004371
박하사탕49,reviewer_004372
Woojin98,reviewer_004373
원피스654,reviewer_004374
Nike37,reviewer_004375
이랬다가저랬다가왔다갔다,reviewer_004376
맛도리한음식,reviewer_004377
김종국91,reviewer_004378
eyl****,reviewer_004379
A514utumn,reviewer_004380
천사견꿀,reviewer_004381
그림자놀이19,reviewer_004382
ohmona,reviewer_004383
BetweenBND,reviewer_004384
BlingBling38,reviewer_004385
toopassaway,reviewer_004386
돌돌말린현찰,reviewer_004387
맛없으면오열,reviewer_004388
당근맛케터,reviewer_004389
최송화 데레사,reviewer_004390
호랑제이,reviewer_004391
전화카드,reviewer_004392
jhh****,reviewer_004393
마법사진,reviewer_004394
효 record,reviewer_004395
saddo hn,reviewer_004396
Limes,reviewer_004397
502의 사부작사부작,reviewer_004398
dpfls,reviewer_004399
MUGA,reviewer_004400
키친94,reviewer_004401
행복한일상35,reviewer_004402
달보드레59,reviewer_004403
waikikibeach,reviewer_004404
JHKIM1968,reviewer_004405
모닝커피,reviewer_004406
kkocoma48,reviewer_004407
yjinv,reviewer_004408
연청중청진청,reviewer_004409
22j****,reviewer_004410
킬리트,reviewer_004411
택사마7,reviewer_004412
유야45,reviewer_004413
yjlrg,reviewer_004414
별로면안먹음,reviewer_004415
호이정29,reviewer_004416
du****,reviewer_004417
시화나래,reviewer_004418
마드리드,reviewer_004419
먹는사람 마르코,reviewer_004420
강소이0,reviewer_004421
애오개의현인,reviewer_004422
먹마서더,reviewer_004423
hhh****,reviewer_004424
오늘도 감사합니다,reviewer_004425
아미스트,reviewer_004426
오키드19,reviewer_004427
58****,reviewer_004428
jennyyuny,reviewer_004429
purple2027,reviewer_004430
달면뱉는여자,reviewer_004431
우량아소녀,reviewer_004432
내띠,reviewer_004433
GAJA 2026,reviewer_004434
ste****,reviewer_004435
보스똥,reviewer_004436
spring4ever,reviewer_004437
지구별919,reviewer_004438
ABC9023,reviewer_004439
멘드롱따또,reviewer_004440
alth8914,reviewer_004441
건강78,reviewer_004442
이한희1,reviewer_004443
line3373,reviewer_004444
긍정적인여인네,reviewer_004445
JA2903,reviewer_004446
91****,reviewer_004447
0000006434,reviewer_004448
쭈니1323,reviewer_004449
022****,reviewer_004450
네모난감자칩,reviewer_004451
맛있는걸 맛있다고 해야지,reviewer_004452
skk****,reviewer_004453
원주혁신혼밥러ㅇㅈ,reviewer_004454
맛있고즐겁게,reviewer_004455
phg****,reviewer_004456
지혀온온,reviewer_004457
하나야27,reviewer_004458
곰표빵가루,reviewer_004459
아니사랑,reviewer_004460
Kjssk,reviewer_004461
진진9428,reviewer_004462
junes,reviewer_004463
곰곰해,reviewer_004464
인생은 짧고 맛있는 건 많다,reviewer_004465
diana2,reviewer_004466
유나연74,reviewer_004467
동탄오피스컴,reviewer_004468
눈사람눈사람,reviewer_004469
와다다v,reviewer_004470
식도락 제이아빠,reviewer_004471
2ㅇㅈㄴ,reviewer_004472
Eric9899,reviewer_004473
mOoOm609,reviewer_004474
baezzang ssin,reviewer_004475
ㄱㄷㅎㅁㅅㄱ,reviewer_004476
Uu53,reviewer_004477
Heidi1,reviewer_004478
dlsdud209,reviewer_004479
ㄱㄷㄹ14,reviewer_004480
j12uni,reviewer_004481
프리프리00,reviewer_004482
gre****,reviewer_004483
had****,reviewer_004484
맛똑이 I 카페 맛집,reviewer_004485
소심한블래기,reviewer_004486
HHJ54,reviewer_004487
JOY28,reviewer_004488
jiye****,reviewer_004489
그냥마냥63,reviewer_004490
원희17,reviewer_004491
baobab treeee,reviewer_004492
dlx****,reviewer_004493
gah****,reviewer_004494
knnng,reviewer_004495
레몬막대83,reviewer_004496
이수지8278,reviewer_004497
하늘보리좋아,reviewer_004498
99콘조아,reviewer_004499
Cindy94,reviewer_004500
gud****,reviewer_004501
하나화나,reviewer_004502
편편63,reviewer_004503
bli****,reviewer_004504
ssub00,reviewer_004505
ㄱ6ㅇrㅈl,reviewer_004506
Tomate13,reviewer_004507
갓균,reviewer_004508
위드유2112,reviewer_004509
ada****,reviewer_004510
goffkk,reviewer_004511
hello9621,reviewer_004512
나야나54,reviewer_004513
서연글,reviewer_004514
짱짱맨6531,reviewer_004515
amo****,reviewer_004516
누니68,reviewer_004517
혁s맘1,reviewer_004518
Yoonpingu,reviewer_004519
깻잎아빠,reviewer_004520
La dolce vita9,reviewer_004521
miira4zin,reviewer_004522
spe****,reviewer_004523
펭귄마님95,reviewer_004524
Min9943,reviewer_004525
남40,reviewer_004526
snk****,reviewer_004527
gfdg1,reviewer_004528
놀튼,reviewer_004529
바쁜미식가,reviewer_004530
호준285,reviewer_004531
홍태식이,reviewer_004532
Ho206,reviewer_004533
밍밍뇸뇸,reviewer_004534
야망꿈나무1234,reviewer_004535
cjs****,reviewer_004536
hana1717,reviewer_004537
싸피19,reviewer_004538
위르13,reviewer_004539
윤서6535,reviewer_004540
zn****,reviewer_004541
돼지쉑32,reviewer_004542
sohyun9909,reviewer_004543
띵하고어지럽네,reviewer_004544
스카이094,reviewer_004545
얀얀43,reviewer_004546
dal****,reviewer_004547
굥쌤,reviewer_004548
더치커피워터97,reviewer_004549
봄아0005,reviewer_004550
지수094,reviewer_004551
쵸코비쨩,reviewer_004552
oㅇVㅇo,reviewer_004553
tㅇㅇ,reviewer_004554
xwx452,reviewer_004555
몽키랄라,reviewer_004556
벼랑 위의 을차,reviewer_004557
어매야,reviewer_004558
ddessr,reviewer_004559
121301,reviewer_004560
MasterSs,reviewer_004561
gyf****,reviewer_004562
skw****,reviewer_004563
yc530,reviewer_004564
지혜사랑14,reviewer_004565
Qqqppp,reviewer_004566
ehd****,reviewer_004567
아쟈작,reviewer_004568
옹이냥냥,reviewer_004569
hy 76,reviewer_004570
밤준,reviewer_004571
쫄깃75,reviewer_004572
7786,reviewer_004573
pokezzang33,reviewer_004574
베스트파트,reviewer_004575
MnM21,reviewer_004576
doxx79,reviewer_004577
신서영75,reviewer_004578
꾸러기3366,reviewer_004579
소고기5,reviewer_004580
전국맛집찾아다니기,reviewer_004581
플레를 향해,reviewer_004582
Hyeeru,reviewer_004583
khb723,reviewer_004584
pic****,reviewer_004585
Vv둥둥이,reviewer_004586
슈퍼파워마미93,reviewer_004587
장진혁68,reviewer_004588
Hima50,reviewer_004589
김성공36,reviewer_004590
sks****,reviewer_004591
방방곡곡 내돈내산 추배꼽,reviewer_004592
전효리,reviewer_004593
쿠우3363,reviewer_004594
Pinocio,reviewer_004595
sh935112,reviewer_004596
말차만쥬,reviewer_004597
밋넝,reviewer_004598
조녜지S2,reviewer_004599
ben****,reviewer_004600
횾지니,reviewer_004601
jmy****,reviewer_004602
다람쥐81,reviewer_004603
배구팡94,reviewer_004604
얌얌얌얌얌얌얌얌얌얌얌얌얌얌얌얌얌얌얌얌,reviewer_004605
엣지걸슈즈,reviewer_004606
Gnoheaz,reviewer_004607
권희수43,reviewer_004608
레트,reviewer_004609
ZZINC,reviewer_004610
seohyeonie,reviewer_004611
yeonni92,reviewer_004612
남지수94,reviewer_004613
wonj1,reviewer_004614
LIZZY37,reviewer_004615
왐감자,reviewer_004616
smile23,reviewer_004617
냠냐ㅁㅁ,reviewer_004618
미찌23,reviewer_004619
A름다Um,reviewer_004620
Hakmyung,reviewer_004621
hpine,reviewer_004622
로로로윙,reviewer_004623
윤3513,reviewer_004624
seor83,reviewer_004625
사쿠로와상,reviewer_004626
선밈21,reviewer_004627
a하쿠나마타라,reviewer_004628
ptp****,reviewer_004629
salondebling,reviewer_004630
Iillill,reviewer_004631
민티블,reviewer_004632
난완쟈님,reviewer_004633
오비780,reviewer_004634
리뷰를써,reviewer_004635
보라색54,reviewer_004636
오렌지가이,reviewer_004637
W3wWr,reviewer_004638
진힁,reviewer_004639
Sean9379,reviewer_004640
지성좋앙,reviewer_004641
헬스타트,reviewer_004642
imp****,reviewer_004643
봄이씨스터,reviewer_004644
xx유니xx,reviewer_004645
최민서632,reviewer_004646
mis****,reviewer_004647
슬741,reviewer_004648
찐 원앤온리,reviewer_004649
철수영희,reviewer_004650
호7,reviewer_004651
푱푱303,reviewer_004652
은율보호자,reviewer_004653
올리는올리비아롭은로빈,reviewer_004654
천재16,reviewer_004655
유나님님,reviewer_004656
이승훈8139,reviewer_004657
SOO707,reviewer_004658
WADDYTravel,reviewer_004659
촠콬칩쿸킼ib,reviewer_004660
Dingaring,reviewer_004661
재키24,reviewer_004662
chfhr6847,reviewer_004663
써니sunny혜선,reviewer_004664
코너 맥스리거,reviewer_004665
닉네임 고민하다 1시간 보낸 사람,reviewer_004666
김현서8441,reviewer_004667
끼룩57,reviewer_004668
린린린16,reviewer_004669
보노보노55,reviewer_004670
Bonheur367,reviewer_004671
wld****,reviewer_004672
바닐라딜라이트61,reviewer_004673
stosg1,reviewer_004674
방랑객0227,reviewer_004675
a1001a,reviewer_004676
내돈내산내사진,reviewer_004677
유튜브 방긋수,reviewer_004678
Estella47,reviewer_004679
우왕만두,reviewer_004680
vyvyv77,reviewer_004681
Inkko,reviewer_004682
상봉동 삼겹살 맛집 1등 꿀삼겹,reviewer_004683
구구구구구꾸꾸구구,reviewer_004684
바케찌닝,reviewer_004685
밤보52,reviewer_004686
minilove574,reviewer_004687
스뇨디,reviewer_004688
사부작사부작유니,reviewer_004689
주르댕댕,reviewer_004690
rkdmf11,reviewer_004691
wosjz123,reviewer_004692
수염씨,reviewer_004693
아드리비툼,reviewer_004694
yus****,reviewer_004695
sswdi,reviewer_004696
임미명,reviewer_004697
Positivelady,reviewer_004698
foodkiller,reviewer_004699
데이지87,reviewer_004700
Citta and Yarn,reviewer_004701
소마35,reviewer_004702
00****,reviewer_004703
야미야미얌,reviewer_004704
히탕탕,reviewer_004705
윰플레이스,reviewer_004706
JMl,reviewer_004707
EG01ST 꼬맹이,reviewer_004708
APPLE8920,reviewer_004709
도우너1324,reviewer_004710
ab****,reviewer_004711
piggysdiary,reviewer_004712
77i32,reviewer_004713
star0605,reviewer_004714
배루기,reviewer_004715
asyoungx,reviewer_004716
안수진1716,reviewer_004717
hideonwish,reviewer_004718
폴리페놀,reviewer_004719
ap****,reviewer_004720
원투쓸이,reviewer_004721
푸른 하늘이 좋아,reviewer_004722
라떼로드,reviewer_004723
아치43,reviewer_004724
sdenver,reviewer_004725
모모잼잼,reviewer_004726
사랑슈런단미,reviewer_004727
흥얼흥얼88,reviewer_004728
이 구역 히키코모리,reviewer_004729
제싯,reviewer_004730
미유리블,reviewer_004731
강지영5871,reviewer_004732
요미요미냠냠냠,reviewer_004733
토마토ㅇ,reviewer_004734
막개,reviewer_004735
초록느림보,reviewer_004736
포카칩스윗치즈,reviewer_004737
셋뚜리32,reviewer_004738
정신적사고,reviewer_004739
10구구,reviewer_004740
Kicnjd,reviewer_004741
dnp****,reviewer_004742
ujg****,reviewer_004743
곰곰히5,reviewer_004744
냠냠뇨뇸,reviewer_004745
엄마나,reviewer_004746
josunnamja,reviewer_004747
221b,reviewer_004748
kenit,reviewer_004749
판동자,reviewer_004750
딘둡,reviewer_004751
parkchelin guide,reviewer_004752
ros****,reviewer_004753
술병난꼬부깅,reviewer_004754
트루맛쇼,reviewer_004755
한끼도,reviewer_004756
Art145,reviewer_004757
보송보쏭,reviewer_004758
yan****,reviewer_004759
갓오복,reviewer_004760
KOR66,reviewer_004761
fay97,reviewer_004762
쫑이28,reviewer_004763
zzangu666,reviewer_004764
re****,reviewer_004765
깐깐한 아부지,reviewer_004766
동그리685,reviewer_004767
어설픈 미식가 AZ,reviewer_004768
atsmilluoes골뱅이,reviewer_004769
세오니묭,reviewer_004770
린넨64,reviewer_004771
alfkdudhkd22,reviewer_004772
산에별하나,reviewer_004773
어부열,reviewer_004774
태왕ROAD,reviewer_004775
이리버61,reviewer_004776
김스히이,reviewer_004777
보검매직컬,reviewer_004778
은탱51,reviewer_004779
두근두근이,reviewer_004780
이수고,reviewer_004781
O3O hana,reviewer_004782
Cellina90,reviewer_004783
정직한 리뷰어058,reviewer_004784
맛집경영흔적리뷰,reviewer_004785
주디현스토리,reviewer_004786
아이엠뚜뚜,reviewer_004787
밤나무숲풀내음,reviewer_004788
메르헨83,reviewer_004789
눈떠보니파인애플,reviewer_004790
커피가죠화,reviewer_004791
sj032377,reviewer_004792
summerc,reviewer_004793
cec****,reviewer_004794
cjd****,reviewer_004795
cm****,reviewer_004796
프로키온95,reviewer_004797
해피소그미,reviewer_004798
Granita그라니따,reviewer_004799
쥬쥬스팟,reviewer_004800
LeadersPro내돈내산,reviewer_004801
김로잘린,reviewer_004802
OliveH,reviewer_004803
Sandra Kao,reviewer_004804
핥,reviewer_004805
POUTINE,reviewer_004806
신기방구왕방구,reviewer_004807
hamseoo64,reviewer_004808
겨울같던그녀가덥대,reviewer_004809
러블리하이이,reviewer_004810
뽀로롱쀼,reviewer_004811
h1yeye,reviewer_004812
Rokihyeki,reviewer_004813
독자시,reviewer_004814
시선두기,reviewer_004815
한입10000,reviewer_004816
아쟁소녀99,reviewer_004817
Winterberry,reviewer_004818
마싰는게체고,reviewer_004819
삐삐곽,reviewer_004820
yeony61,reviewer_004821
아침이슬1987,reviewer_004822
wyg****,reviewer_004823
진심맛집,reviewer_004824
늘그대로지금,reviewer_004825
별점장인,reviewer_004826
abc1767,reviewer_004827
YoddongGuri,reviewer_004828
roka00,reviewer_004829
elliws재원맘,reviewer_004830
네모아라,reviewer_004831
윤영진22,reviewer_004832
네플상,reviewer_004833
현JOO쥬,reviewer_004834
niani,reviewer_004835
치이즈네,reviewer_004836
울3249,reviewer_004837
now****,reviewer_004838
Really87,reviewer_004839
둥둥4344,reviewer_004840
슬픈말린,reviewer_004841
kpa****,reviewer_004842
kye****,reviewer_004843
행복을주는김부장,reviewer_004844
zDAYz,reviewer_004845
민들레189,reviewer_004846
빵빵1989,reviewer_004847
ska****,reviewer_004848
콩설조하,reviewer_004849
윤이유니유니,reviewer_004850
다수의 의견 중 하나,reviewer_004851
썽프로방스,reviewer_004852
신딩11,reviewer_004853
chyun0,reviewer_004854
동그라미미미미,reviewer_004855
Mediator,reviewer_004856
dbs****,reviewer_004857
iee****,reviewer_004858
lee100477,reviewer_004859
민지22,reviewer_004860
ec67,reviewer_004861
susjjs28,reviewer_004862
오모리38,reviewer_004863
Kyle641,reviewer_004864
a80****,reviewer_004865
etk****,reviewer_004866
구리송곳주먹,reviewer_004867
샌더소니아아,reviewer_004868
질주9,reviewer_004869
lwb7809,reviewer_004870
주재0,reviewer_004871
허송세월958,reviewer_004872
KANG53,reviewer_004873
메출출,reviewer_004874
선영holic,reviewer_004875
열혈영자,reviewer_004876
JENNY55,reviewer_004877
SOWN88,reviewer_004878
꼬부기7727,reviewer_004879
날아보자92,reviewer_004880
수안132,reviewer_004881
zacry,reviewer_004882
단하나11,reviewer_004883
이재광58,reviewer_004884
hyeon9K,reviewer_004885
071****,reviewer_004886
닉네임을입력해주시와요구르트,reviewer_004887
인생모토 복세편살,reviewer_004888
화화누누,reviewer_004889
Lcm24,reviewer_004890
루타나,reviewer_004891
한글별명1,reviewer_004892
나뷰33,reviewer_004893
뚱떵,reviewer_004894
꾼지63,reviewer_004895
샤라라02,reviewer_004896
alswhd958459,reviewer_004897
smk****,reviewer_004898
진구맘98,reviewer_004899
309****,reviewer_004900
bob****,reviewer_004901
지흥지흥,reviewer_004902
ruc****,reviewer_004903
zhzh11,reviewer_004904
nyo****,reviewer_004905
yuu****,reviewer_004906
뿡빵9819,reviewer_004907
sy223,reviewer_004908
재리030,reviewer_004909
모찌젤리2,reviewer_004910
민트4054,reviewer_004911
pixxie,reviewer_004912
푸딩46,reviewer_004913
은는이가1,reviewer_004914
지우087,reviewer_004915
너구리밥밥,reviewer_004916
박서영41,reviewer_004917
gaepu나는개푸,reviewer_004918
임이현97,reviewer_004919
zjy****,reviewer_004920
yjo****,reviewer_004921
ilo****,reviewer_004922
도토리261,reviewer_004923
민경7843,reviewer_004924
HYANG22,reviewer_004925
Robusta Ha,reviewer_004926
dhgptjd789,reviewer_004927
eeexing,reviewer_004928
moo****,reviewer_004929
프림로지,reviewer_004930
0닭0,reviewer_004931
yujini0328,reviewer_004932
꼬몽6,reviewer_004933
아이스크림5228,reviewer_004934
은석진,reviewer_004935
화랭,reviewer_004936
띠요옹맨36,reviewer_004937
즐겁게 먹을줄아는 냠냠이,reviewer_004938
belle30,reviewer_004939
하오햐,reviewer_004940
klee10,reviewer_004941
이현정888,reviewer_004942
포트,reviewer_004943
데이케이,reviewer_004944
슈냥999,reviewer_004945
Mickey79,reviewer_004946
aodueufirr,reviewer_004947
ghoood,reviewer_004948
숑숑5391,reviewer_004949
수정412,reviewer_004950
Nate12,reviewer_004951
sj0****,reviewer_004952
dba****,reviewer_004953
명길37,reviewer_004954
복89,reviewer_004955
야핫호,reviewer_004956
penguin8869,reviewer_004957
오오오옹이31,reviewer_004958
Zzzzzxxxxxxxccccccvv77,reviewer_004959
오가람36,reviewer_004960
윤서8332,reviewer_004961
정규리89,reviewer_004962
yoojh282,reviewer_004963
김깜별,reviewer_004964
리뷰쓸거니까영수증필수,reviewer_004965
앳별,reviewer_004966
silversol,reviewer_004967
swa****,reviewer_004968
주휸,reviewer_004969
ekt****,reviewer_004970
mer****,reviewer_004971
미토리아,reviewer_004972
kyj****,reviewer_004973
qls****,reviewer_004974
문종혁15,reviewer_004975
sunny7632,reviewer_004976
오이소박이17,reviewer_004977
은돌이누나,reviewer_004978
하늘oxo,reviewer_004979
kev****,reviewer_004980
히드라59,reviewer_004981
6484,reviewer_004982
버거가좋아,reviewer_004983
이공사오F,reviewer_004984
tom****,reviewer_004985
원준56,reviewer_004986
102965,reviewer_004987
꺅갸,reviewer_004988
ghl****,reviewer_004989
pha****,reviewer_004990
산울아낙네,reviewer_004991
lyounji56,reviewer_004992
뽀루3,reviewer_004993
은빛권씨,reviewer_004994
arctic18,reviewer_004995
flashlight42,reviewer_004996
먹바나나,reviewer_004997
뱀준,reviewer_004998
93년생 박기선,reviewer_004999
서유닝86,reviewer_005000
으지2222,reviewer_005001
에스더7491,reviewer_005002
dlwldms49,reviewer_005003
Rainbowsherbet,reviewer_005004
jhj****,reviewer_005005
rwanon,reviewer_005006
chi****,reviewer_005007
은서9489,reviewer_005008
mmm1345,reviewer_005009
덤보34,reviewer_005010
mayqueenjhw,reviewer_005011
낮해밤별87,reviewer_005012
냠1472,reviewer_005013
wen****,reviewer_005014
양셍이,reviewer_005015
limerance,reviewer_005016
xaxaxa,reviewer_005017
fortuna1205,reviewer_005018
규규33,reviewer_005019
먕규규,reviewer_005020
jb0728,reviewer_005021
러브미3168,reviewer_005022
숩687,reviewer_005023
이정환사투리,reviewer_005024
써니1595,reviewer_005025
KimM13,reviewer_005026
챙46,reviewer_005027
산 쏘,reviewer_005028
dai****,reviewer_005029
망그러진 부앙단,reviewer_005030
jyp****,reviewer_005031
모모0708,reviewer_005032
sndodk,reviewer_005033
밥부,reviewer_005034
axc2424,reviewer_005035
Rohstar,reviewer_005036
생략49,reviewer_005037
dow****,reviewer_005038
ggt****,reviewer_005039
하농32,reviewer_005040
234****,reviewer_005041
Cinnamoroll89,reviewer_005042
파아란당근,reviewer_005043
링링이간식,reviewer_005044
밍튜14,reviewer_005045
cka06,reviewer_005046
fortuna행운의여신,reviewer_005047
CHAI8,reviewer_005048
Santa823,reviewer_005049
dannn21,reviewer_005050
hyun0709,reviewer_005051
onlyxeo,reviewer_005052
냥냥277,reviewer_005053
담담9527,reviewer_005054
호랑이1068,reviewer_005055
hyewoul,reviewer_005056
red****,reviewer_005057
챈63,reviewer_005058
LuckyMK,reviewer_005059
amelie90,reviewer_005060
rky****,reviewer_005061
꿀꿀37,reviewer_005062
룩엣제이,reviewer_005063
룰루랄라예,reviewer_005064
양희정40,reviewer_005065
Kayff,reviewer_005066
민지아74,reviewer_005067
동동러브72,reviewer_005068
깽이78,reviewer_005069
인절미토끼,reviewer_005070
dot****,reviewer_005071
kjo****,reviewer_005072
다다다다63,reviewer_005073
대현이692,reviewer_005074
소유32,reviewer_005075
지미또,reviewer_005076
현ㅉ6,reviewer_005077
식품안전위원회,reviewer_005078
dbq****,reviewer_005079
med****,reviewer_005080
mei****,reviewer_005081
tqa****,reviewer_005082
빙글56,reviewer_005083
수조이74,reviewer_005084
Mj79,reviewer_005085
bean6355,reviewer_005086
ddao****,reviewer_005087
fres****,reviewer_005088
mun****,reviewer_005089
겸겸OI,reviewer_005090
계란말이640,reviewer_005091
오구오구1035,reviewer_005092
황혜진7342,reviewer_005093
Silverbullet67,reviewer_005094
칠바다,reviewer_005095
bri****,reviewer_005096
blossom1104,reviewer_005097
buz****,reviewer_005098
mand****,reviewer_005099
mimiiing,reviewer_005100
ok9432,reviewer_005101
tjr****,reviewer_005102
tnsdo306,reviewer_005103
내사랑감귤찡,reviewer_005104
방케준,reviewer_005105
사랑과정의의토리,reviewer_005106
송어2363,reviewer_005107
탤링69,reviewer_005108
032347,reviewer_005109
OO290,reviewer_005110
danzlmee,reviewer_005111
jhyu****,reviewer_005112
ㄱ A 1,reviewer_005113
아아6562,reviewer_005114
adl****,reviewer_005115
jimi****,reviewer_005116
oop****,reviewer_005117
soyoung868,reviewer_005118
굿잡잡잡,reviewer_005119
연송2,reviewer_005120
victorym01,reviewer_005121
zez****,reviewer_005122
옹이5480,reviewer_005123
홍진070,reviewer_005124
lee9748,reviewer_005125
hjk****,reviewer_005126
qkrd****,reviewer_005127
지도링,reviewer_005128
Lydia7819,reviewer_005129
Tth,reviewer_005130
bny17,reviewer_005131
chat0806,reviewer_005132
kkm82,reviewer_005133
dreamk,reviewer_005134
eksdud52,reviewer_005135
huir****,reviewer_005136
Happppy7,reviewer_005137
cococooo,reviewer_005138
das****,reviewer_005139
p_v****,reviewer_005140
은강7,reviewer_005141
bug****,reviewer_005142
noon,reviewer_005143
Hee613,reviewer_005144
ddldk18,reviewer_005145
마루꼬짱72,reviewer_005146
소현3132,reviewer_005147
유진손,reviewer_005148
뮹량명,reviewer_005149
베스카두,reviewer_005150
빵빵구르,reviewer_005151
오예야호,reviewer_005152
임유나야옹,reviewer_005153
jjun9592,reviewer_005154
다라ㅁ,reviewer_005155
됴됴9487,reviewer_005156
연두그린,reviewer_005157
턱96,reviewer_005158
dbr****,reviewer_005159
아이으에오100,reviewer_005160
아이즈원2,reviewer_005161
k9_****,reviewer_005162
기쑤기,reviewer_005163
륭71,reviewer_005164
권윤지68,reviewer_005165
김존멋탱구리,reviewer_005166
서하영87,reviewer_005167
우리집구피,reviewer_005168
gra****,reviewer_005169
purena,reviewer_005170
패스패스84,reviewer_005171
숭상5,reviewer_005172
주먹감자파티,reviewer_005173
lov****,reviewer_005174
pwbl,reviewer_005175
레몬워딩턴,reviewer_005176
언제가는세계여행하고싶다,reviewer_005177
idealjin,reviewer_005178
해피한걸98,reviewer_005179
ruwk1807,reviewer_005180
laaaaaa,reviewer_005181
갬성리뷰,reviewer_005182
mrlee2001,reviewer_005183
xpa****,reviewer_005184
고양이가세상을구한다66,reviewer_005185
송지웅91,reviewer_005186
크리스탈16,reviewer_005187
양자산2,reviewer_005188
김우루루,reviewer_005189
단발의매력,reviewer_005190
룽이다,reviewer_005191
H홍블리,reviewer_005192
제발도와주세요,reviewer_005193
리지3025,reviewer_005194
YOON6563,reviewer_005195
팩트만 전달 판단은 알아서,reviewer_005196
HiddenPlace,reviewer_005197
glo****,reviewer_005198
yju****,reviewer_005199
막시무스 커몬,reviewer_005200
dkk****,reviewer_005201
코코맘2374,reviewer_005202
노틀담대학생,reviewer_005203
que****,reviewer_005204
kim012695,reviewer_005205
Guest67,reviewer_005206
mallia1,reviewer_005207
오원이이,reviewer_005208
밥주세여현기증나여,reviewer_005209
이볼통이,reviewer_005210
잔차등교,reviewer_005211
Now20,reviewer_005212
행복하쟈11,reviewer_005213
lala****,reviewer_005214
Kiki333,reviewer_005215
si1****,reviewer_005216
겸손한굴전,reviewer_005217
냐옹이이구,reviewer_005218
오하나0402,reviewer_005219
p_petit,reviewer_005220
누가쓰는닉네임,reviewer_005221
hgg****,reviewer_005222
하이9830,reviewer_005223
kiki897,reviewer_005224
사자,reviewer_005225
미스리783,reviewer_005226
hyeppy99,reviewer_005227
Loen19,reviewer_005228
키티먹방,reviewer_005229
July6716,reviewer_005230
별별별91,reviewer_005231
힁님412,reviewer_005232
데이지율,reviewer_005233
김봉구 엄마,reviewer_005234
굿데이9757,reviewer_005235
rhg****,reviewer_005236
AfterTheRain,reviewer_005237
msu****,reviewer_005238
Anywaythewindblows,reviewer_005239
듀크82,reviewer_005240
jk****,reviewer_005241
homsem,reviewer_005242
LUNA1259,reviewer_005243
sor****,reviewer_005244
용우동86,reviewer_005245
hope7141,reviewer_005246
쿠미쿠쿠,reviewer_005247
방가1314,reviewer_005248
평타치,reviewer_005249
gw****,reviewer_005250
메디칼포럼,reviewer_005251
슌129,reviewer_005252
Imsalgu,reviewer_005253
dnf****,reviewer_005254
야자수그널,reviewer_005255
케쿄,reviewer_005256
JENNY68,reviewer_005257
sop****,reviewer_005258
rai****,reviewer_005259
오리가방46,reviewer_005260
민쉬,reviewer_005261
yj7965,reviewer_005262
kimpotato,reviewer_005263
ㄹㄹㄹㄹ,reviewer_005264
mukkegga,reviewer_005265
봄날오빠,reviewer_005266
medicom1,reviewer_005267
맛집을찾아서잇,reviewer_005268
모두행복해지세요,reviewer_005269
2ir****,reviewer_005270
3ynj,reviewer_005271
yim****,reviewer_005272
알로하7071,reviewer_005273
노맅,reviewer_005274
루실86,reviewer_005275
4goodlife,reviewer_005276
어푸푸z,reviewer_005277
모리스98,reviewer_005278
햄톨이19,reviewer_005279
맛집이좋아요 진짜로,reviewer_005280
Reina4836,reviewer_005281
Ugly Ddong,reviewer_005282
먹기도놀기도,reviewer_005283
JY3696,reviewer_005284
ddungkko,reviewer_005285
판다자유,reviewer_005286
batman29,reviewer_005287
호호4573,reviewer_005288
오늘도 실패는 없길,reviewer_005289
행복하자5434,reviewer_005290
야무진54,reviewer_005291
뿌까1655,reviewer_005292
BeomJop,reviewer_005293
너랑나는조디,reviewer_005294
광진구민,reviewer_005295
뿡7939,reviewer_005296
소예짱아,reviewer_005297
짱서비,reviewer_005298
Ankh Bastet,reviewer_005299
즐거운하루지,reviewer_005300
Oguuana,reviewer_005301
먹고싶은것다먹어,reviewer_005302
JAYBY,reviewer_005303
Memory Archive,reviewer_005304
보노보노6682,reviewer_005305
필랐61,reviewer_005306
이너피스는,reviewer_005307
코코네청소,reviewer_005308
동콩79,reviewer_005309
효니비니마미,reviewer_005310
후니맛블,reviewer_005311
herasoul,reviewer_005312
딩굴6651,reviewer_005313
ssb****,reviewer_005314
yj183,reviewer_005315
싱싱한사과의꿈,reviewer_005316
일백선생,reviewer_005317
2002jj,reviewer_005318
후암동 올리,reviewer_005319
elfmom0,reviewer_005320
내꿈은로또일등,reviewer_005321
도깨비8770,reviewer_005322
마이응화안,reviewer_005323
비공개1865,reviewer_005324
복덩이 냠냠박사,reviewer_005325
남4,reviewer_005326
mik****,reviewer_005327
JSA네,reviewer_005328
Matthew6666,reviewer_005329
무츄,reviewer_005330
Lia1003,reviewer_005331
장안동 맛탐방,reviewer_005332
Dinogirl,reviewer_005333
kyo****,reviewer_005334
leehy1101,reviewer_005335
정미이,reviewer_005336
JS9318,reviewer_005337
동동팔,reviewer_005338
규남매 맘21,reviewer_005339
믿고먹고떠나는 믿쓰리,reviewer_005340
hoho777,reviewer_005341
힝1758,reviewer_005342
재영0521,reviewer_005343
10ten10,reviewer_005344
봄바스틱04,reviewer_005345
Ojin7,reviewer_005346
I불타는돼지I,reviewer_005347
온니크로와상,reviewer_005348
soong0619,reviewer_005349
쭈이모모맘,reviewer_005350
D블리,reviewer_005351
마르키토,reviewer_005352
바로바로두,reviewer_005353
후리지아1234,reviewer_005354
Nadiya94,reviewer_005355
can1066,reviewer_005356
우유881,reviewer_005357
진실의,reviewer_005358
gourmethe,reviewer_005359
hoh****,reviewer_005360
Ssun911,reviewer_005361
Super Ssu,reviewer_005362
코파카바나97,reviewer_005363
앙글42,reviewer_005364
As Good as Done,reviewer_005365
리노이나,reviewer_005366
uarpjh,reviewer_005367
너구리고고,reviewer_005368
Janue,reviewer_005369
나가나가타그타그,reviewer_005370
롯데리아케챱도둑1,reviewer_005371
물이좋아좋아,reviewer_005372
PingDuu,reviewer_005373
onion16,reviewer_005374
작은소녀PJ,reviewer_005375
Goldb,reviewer_005376
칼라마님,reviewer_005377
wn****,reviewer_005378
Kairos4672,reviewer_005379
우쭈쭈한강,reviewer_005380
그만7628,reviewer_005381
고구마랑팥빙수,reviewer_005382
Flash18,reviewer_005383
디저트러버 영이,reviewer_005384
초롱초롱초로롱123,reviewer_005385
코튼캔디46,reviewer_005386
younziz,reviewer_005387
렛츠 Lets,reviewer_005388
먹비우스 미미,reviewer_005389
개구리소녀,reviewer_005390
pin****,reviewer_005391
mingle,reviewer_005392
광바라기,reviewer_005393
old times,reviewer_005394
ms****,reviewer_005395
창호지의전국구탐방,reviewer_005396
돌쇠8046,reviewer_005397
메피스토7777,reviewer_005398
wm0****,reviewer_005399
실버듀88,reviewer_005400
이제훈7,reviewer_005401
이쁜이엄마다77,reviewer_005402
그렇쿠나아,reviewer_005403
킁카킁카로로,reviewer_005404
고레고래,reviewer_005405
조달주,reviewer_005406
Ag152,reviewer_005407
kjg****,reviewer_005408
lky****,reviewer_005409
m9070,reviewer_005410
안녕못해,reviewer_005411
하니Happy,reviewer_005412
맛집러14,reviewer_005413
소솜하다,reviewer_005414
lun****,reviewer_005415
싼퉁스,reviewer_005416
깨는공주,reviewer_005417
mikang미식쇼퍼,reviewer_005418
김호두36,reviewer_005419
원투쨉이예요,reviewer_005420
낭총,reviewer_005421
호 이 쨔,reviewer_005422
블라초,reviewer_005423
sma****,reviewer_005424
김꼬로미,reviewer_005425
솔직하개,reviewer_005426
재뉴의데이트,reviewer_005427
히카루34,reviewer_005428
유붕어52,reviewer_005429
나만의원근법,reviewer_005430
맛도리만가,reviewer_005431
북악산로조오련,reviewer_005432
비기29,reviewer_005433
비타민S,reviewer_005434
tom72,reviewer_005435
헐미키,reviewer_005436
aij****,reviewer_005437
와인빛,reviewer_005438
하이064,reviewer_005439
jus****,reviewer_005440
쏠솔랄라,reviewer_005441
알럽지율,reviewer_005442
정마느리,reviewer_005443
뚱2다,reviewer_005444
커피광광,reviewer_005445
lapr1mavera,reviewer_005446
coi****,reviewer_005447
JOSS,reviewer_005448
jae yeon,reviewer_005449
Soepictoday,reviewer_005450
eornjseh123,reviewer_005451
덕은이,reviewer_005452
미래의꿈반다리,reviewer_005453
rna****,reviewer_005454
1모도리1,reviewer_005455
카페순둥이,reviewer_005456
뉴브릿지모모,reviewer_005457
AK1093,reviewer_005458
슈팅스타14,reviewer_005459
싹쓸이요,reviewer_005460
mi****,reviewer_005461
mmo****,reviewer_005462
민뚱이9,reviewer_005463
퉁이2460,reviewer_005464
뒹구르뒹구루르,reviewer_005465
젤라니이,reviewer_005466
마음이 따뜻한이,reviewer_005467
끄라사비찌,reviewer_005468
wool45,reviewer_005469
녹차쿠키,reviewer_005470
비비빅89,reviewer_005471
yoon9530,reviewer_005472
가만있어바,reviewer_005473
Jerary,reviewer_005474
hap****,reviewer_005475
열무랑랑,reviewer_005476
대문자T패션언니,reviewer_005477
지극히 주관적인 N,reviewer_005478
Sam3554,reviewer_005479
미술하는쿠키정,reviewer_005480
조대장13,reviewer_005481
맛집탐방DK,reviewer_005482
봄날은올껄,reviewer_005483
울짬,reviewer_005484
신선선,reviewer_005485
이똘랭,reviewer_005486
두호야,reviewer_005487
AY77,reviewer_005488
jhjbn,reviewer_005489
고오리10,reviewer_005490
둥가둥가히릿,reviewer_005491
응냠3,reviewer_005492
0허양0,reviewer_005493
리미루,reviewer_005494
셩셩79,reviewer_005495
스카이깡깡,reviewer_005496
제제3129,reviewer_005497
난고구마말랭이,reviewer_005498
내돈내산맛집탐방,reviewer_005499
쭈노삼촌,reviewer_005500
david7064,reviewer_005501
수우우우우웅,reviewer_005502
규도리68,reviewer_005503
미냥쿵,reviewer_005504
졔돌프,reviewer_005505
Jeetopia,reviewer_005506
ywm88,reviewer_005507
털털썸,reviewer_005508
라온921,reviewer_005509
YHYOONEE,reviewer_005510
jgw****,reviewer_005511
쿄쿄쿄로,reviewer_005512
사파이어777,reviewer_005513
루트아,reviewer_005514
용흥동보스,reviewer_005515
뿌밍몽,reviewer_005516
sesimjung,reviewer_005517
한지316,reviewer_005518
Mimeow,reviewer_005519
미네르바811,reviewer_005520
빌리코건1,reviewer_005521
센스민투,reviewer_005522
상데렐라,reviewer_005523
신신신신시니신,reviewer_005524
바람포,reviewer_005525
즐겨보쟈구,reviewer_005526
ub8****,reviewer_005527
성수언니,reviewer_005528
0밤하늘0,reviewer_005529
배고픈 보노보노,reviewer_005530
cr1****,reviewer_005531
뚜ㅂl,reviewer_005532
맛있으면 미친듯이 울리는 사이렌,reviewer_005533
옹혜,reviewer_005534
좋아요킴,reviewer_005535
ruask,reviewer_005536
지금은 여행중,reviewer_005537
라비여왕,reviewer_005538
심콩언닝,reviewer_005539
파이어멜론,reviewer_005540
낭구오빠,reviewer_005541
맛없는 거 안 먹는 애,reviewer_005542
꾸르맛집탐방가,reviewer_005543
루꼴롸,reviewer_005544
쨔멍,reviewer_005545
듬지,reviewer_005546
bbbxn,reviewer_005547
nai****,reviewer_005548
금도히,reviewer_005549
맛집투어32,reviewer_005550
양인규63,reviewer_005551
예나다,reviewer_005552
웅쓰27,reviewer_005553
하이 수잔,reviewer_005554
한정연89,reviewer_005555
dud****,reviewer_005556
노비스91,reviewer_005557
룰루룬랄라,reviewer_005558
찐쫜,reviewer_005559
마루9,reviewer_005560
세라피나66,reviewer_005561
Yirehh,reviewer_005562
yeyez,reviewer_005563
먀먀먐먀먐,reviewer_005564
Ryoonn,reviewer_005565
bak****,reviewer_005566
dhddid29,reviewer_005567
freshin,reviewer_005568
hermoseoy,reviewer_005569
junkang48,reviewer_005570
wis****,reviewer_005571
닉네임9982,reviewer_005572
칙칙폭12,reviewer_005573
che****,reviewer_005574
coconi93,reviewer_005575
littlebird33,reviewer_005576
mip****,reviewer_005577
ydbean,reviewer_005578
ㅎㅎㅎㅎ6424,reviewer_005579
둥이6725,reviewer_005580
룰루랄랄랗,reviewer_005581
리리릭,reviewer_005582
리뷰맛집러,reviewer_005583
비와별이내리는밤,reviewer_005584
킬리만자로의 하프물범,reviewer_005585
한승훈4640,reviewer_005586
해피트리42,reviewer_005587
bhmk****,reviewer_005588
ds4876,reviewer_005589
papuri,reviewer_005590
Hazelnotnuts,reviewer_005591
cau****,reviewer_005592
wldms25,reviewer_005593
김포수소맘,reviewer_005594
단델리온87,reviewer_005595
전설36,reviewer_005596
채채망,reviewer_005597
코타파파,reviewer_005598
현주랄까,reviewer_005599
힘두러용37,reviewer_005600
Comme,reviewer_005601
SJ4845,reviewer_005602
yew****,reviewer_005603
개구리 왕눈이6128,reviewer_005604
꿈틀루씨,reviewer_005605
비욘드텔라,reviewer_005606
쏠solmi,reviewer_005607
아이두28,reviewer_005608
jjinniiv,reviewer_005609
sw2998,reviewer_005610
yxsxo,reviewer_005611
신동우34,reviewer_005612
캐시뭐하니,reviewer_005613
해피뭉글이67,reviewer_005614
0052500,reviewer_005615
JCJ95,reviewer_005616
ab9254,reviewer_005617
뚜비두바오,reviewer_005618
마시마로527,reviewer_005619
보헤미아느,reviewer_005620
ch****,reviewer_005621
jjo****,reviewer_005622
woo8517,reviewer_005623
먕먕몽,reviewer_005624
alf****,reviewer_005625
kes****,reviewer_005626
seta723275,reviewer_005627
굽닝이,reviewer_005628
뎅굴뎅굴11,reviewer_005629
윤동주82,reviewer_005630
Tiger19,reviewer_005631
eug****,reviewer_005632
fraise22,reviewer_005633
iii****,reviewer_005634
luc****,reviewer_005635
도야지ㅎ,reviewer_005636
봄이오면 28,reviewer_005637
00931230,reviewer_005638
Zzz5620,reviewer_005639
nnnnnny71,reviewer_005640
롱21,reviewer_005641
백군68,reviewer_005642
안은빈20,reviewer_005643
애리73,reviewer_005644
우야맘82,reviewer_005645
정혜인2639,reviewer_005646
젤라997,reviewer_005647
카린42,reviewer_005648
Run25,reviewer_005649
Ssong8647,reviewer_005650
cof****,reviewer_005651
떰히,reviewer_005652
forevery0uth,reviewer_005653
xxxgg,reviewer_005654
땅꼬마아아리,reviewer_005655
땍띠희야,reviewer_005656
유진1614,reviewer_005657
si2unnn,reviewer_005658
가나다5883,reviewer_005659
멍뚜얌,reviewer_005660
초악마51,reviewer_005661
현7330,reviewer_005662
HY1175,reviewer_005663
anstkd14743,reviewer_005664
jooho9511,reviewer_005665
수혀23,reviewer_005666
율이니아,reviewer_005667
주제주제,reviewer_005668
amy****,reviewer_005669
j드래곤17,reviewer_005670
twi****,reviewer_005671
토링토링이,reviewer_005672
Starry night18,reviewer_005673
Eye on me,reviewer_005674
lksbhr67,reviewer_005675
미니보리6,reviewer_005676
브람스16,reviewer_005677
ybr0423,reviewer_005678
kal****,reviewer_005679
khj24,reviewer_005680
당케당크,reviewer_005681
코코나루53,reviewer_005682
이꼼지92,reviewer_005683
navi6025,reviewer_005684
tmv****,reviewer_005685
퍙 퍙,reviewer_005686
Keanu33,reviewer_005687
hoo****,reviewer_005688
s_b****,reviewer_005689
새싹ㅇ2,reviewer_005690
아현4358,reviewer_005691
안녕하세요9116,reviewer_005692
cle****,reviewer_005693
myj****,reviewer_005694
긍정이가될꺼야,reviewer_005695
김밥사랑이야요,reviewer_005696
yeonma,reviewer_005697
쭈니쭈우운,reviewer_005698
zk****,reviewer_005699
가입용,reviewer_005700
뿌잉ㅎㅁㅇ,reviewer_005701
행봌,reviewer_005702
녜지57,reviewer_005703
란8854,reviewer_005704
byFollower,reviewer_005705
빙구방구봉구,reviewer_005706
숩2780,reviewer_005707
Zzzz00aa,reviewer_005708
qlove3,reviewer_005709
Jo030,reviewer_005710
OnulSmile,reviewer_005711
냠쩌업,reviewer_005712
뚜라라,reviewer_005713
sov****,reviewer_005714
승희2440,reviewer_005715
헤이즐넛넛,reviewer_005716
주희15,reviewer_005717
먹는 행복V,reviewer_005718
뽀미사랑맘,reviewer_005719
jo****,reviewer_005720
tkf****,reviewer_005721
뚜띤555,reviewer_005722
ber****,reviewer_005723
하네지1,reviewer_005724
ㅋㅋㅋㅋㅋ839,reviewer_005725
전형진60,reviewer_005726
히60,reviewer_005727
Laylaaaaaa,reviewer_005728
가미12,reviewer_005729
상코미야아,reviewer_005730
빠라밤7489,reviewer_005731
자유로운영혼68,reviewer_005732
kyj0201,reviewer_005733
imochan,reviewer_005734
hol****,reviewer_005735
유니318,reviewer_005736
mybestinvesting9,reviewer_005737
ㅎㅎ호랑,reviewer_005738
sfasd49,reviewer_005739
xok****,reviewer_005740
마덩구리 뚱뚱,reviewer_005741
송유진58,reviewer_005742
Kangals10,reviewer_005743
izd****,reviewer_005744
뇽뇽717171717,reviewer_005745
태성53,reviewer_005746
jii****,reviewer_005747
pkl****,reviewer_005748
거짓말은하지않아요60,reviewer_005749
박상규67,reviewer_005750
JayShin659,reviewer_005751
Zzz058,reviewer_005752
syr****,reviewer_005753
혜연62,reviewer_005754
후후8764,reviewer_005755
beebee12,reviewer_005756
lc0****,reviewer_005757
opa****,reviewer_005758
yeeunii,reviewer_005759
민아71,reviewer_005760
샤넬3,reviewer_005761
a39****,reviewer_005762
o3o060,reviewer_005763
조영인3,reviewer_005764
aileen1,reviewer_005765
ryeonhui,reviewer_005766
신방화역살인마,reviewer_005767
yh****,reviewer_005768
jiw****,reviewer_005769
도리이,reviewer_005770
맛다시맛다시다,reviewer_005771
네이바46,reviewer_005772
jsk****,reviewer_005773
sunnnnnyy,reviewer_005774
듀듀뷰뷰,reviewer_005775
비귤,reviewer_005776
5729284,reviewer_005777
Ndy85,reviewer_005778
lollolvv,reviewer_005779
ydh****,reviewer_005780
소비 기록,reviewer_005781
안녕하세영7062,reviewer_005782
에듀걸,reviewer_005783
핫플내비게이션,reviewer_005784
휘142,reviewer_005785
rqkrj,reviewer_005786
배키33,reviewer_005787
ajj****,reviewer_005788
ccc****,reviewer_005789
끼엥끼엥,reviewer_005790
chyj1121,reviewer_005791
oneianrel,reviewer_005792
wjddPDnjs,reviewer_005793
나 으니다,reviewer_005794
dbg****,reviewer_005795
khy****,reviewer_005796
hw0n,reviewer_005797
이수찬21,reviewer_005798
daw****,reviewer_005799
새싹비비빅,reviewer_005800
eeheony,reviewer_005801
혬이다,reviewer_005802
Yoons5,reviewer_005803
Zzz2834,reviewer_005804
현기증나,reviewer_005805
jl0419,reviewer_005806
zzxwz0212,reviewer_005807
배고파z,reviewer_005808
kat****,reviewer_005809
ziiya,reviewer_005810
J zero,reviewer_005811
lunaaaaa2,reviewer_005812
mar****,reviewer_005813
qooii,reviewer_005814
박가영7513,reviewer_005815
안성민7032,reviewer_005816
잔다르크37,reviewer_005817
구희찬,reviewer_005818
이파전,reviewer_005819
aaa51,reviewer_005820
지안641,reviewer_005821
필립9193,reviewer_005822
현2444,reviewer_005823
bbb b,reviewer_005824
김현지83,reviewer_005825
차디찬 바다,reviewer_005826
JY970,reviewer_005827
D3H,reviewer_005828
호무리,reviewer_005829
35439,reviewer_005830
xo****,reviewer_005831
kd****,reviewer_005832
sdk****,reviewer_005833
호연5144,reviewer_005834
ser****,reviewer_005835
쪼이뽀이,reviewer_005836
ㅈㅈㅈㅈ,reviewer_005837
나나나아나나1,reviewer_005838
디연,reviewer_005839
찬규카츠,reviewer_005840
용산구탐험가,reviewer_005841
aud****,reviewer_005842
안쟁영,reviewer_005843
Sunnia,reviewer_005844
o2k****,reviewer_005845
sa0191,reviewer_005846
sera1730,reviewer_005847
ㅁㄴㅇㄹ3024,reviewer_005848
ei****,reviewer_005849
이윤진93,reviewer_005850
해삐슈,reviewer_005851
모아moa커플,reviewer_005852
조암철,reviewer_005853
dkd****,reviewer_005854
지모씨,reviewer_005855
JIAN9609,reviewer_005856
treasure,reviewer_005857
wof****,reviewer_005858
요시미츠,reviewer_005859
현순13,reviewer_005860
난섭이,reviewer_005861
mym****,reviewer_005862
eor****,reviewer_005863
jena9,reviewer_005864
말이2795,reviewer_005865
yumhee,reviewer_005866
김지윤8833,reviewer_005867
유혜진61,reviewer_005868
초코에몽냠냠,reviewer_005869
엄태우3145,reviewer_005870
hayonk,reviewer_005871
아량047,reviewer_005872
Kmj112,reviewer_005873
먕먕먕세,reviewer_005874
Dlwodms 11,reviewer_005875
dng****,reviewer_005876
rr****,reviewer_005877
한별8869,reviewer_005878
KOM6,reviewer_005879
윰인쓰,reviewer_005880
찌니바이브,reviewer_005881
김세련82,reviewer_005882
맛집냄새잘맡음,reviewer_005883
나나핑구,reviewer_005884
egg****,reviewer_005885
spo****,reviewer_005886
Chaee1225,reviewer_005887
쏘몌밍,reviewer_005888
예니니이,reviewer_005889
혜진48,reviewer_005890
Siha1,reviewer_005891
hha****,reviewer_005892
Fhdla,reviewer_005893
임금빈,reviewer_005894
블링선데이,reviewer_005895
초코송이4,reviewer_005896
hay****,reviewer_005897
cohoiy,reviewer_005898
ㅈㅇㅎㅎ,reviewer_005899
저스틴비빔밥,reviewer_005900
유유유4,reviewer_005901
쥬쥬yam,reviewer_005902
구9닝,reviewer_005903
아 뭐로하지24,reviewer_005904
wlt****,reviewer_005905
라온Amy,reviewer_005906
졸린곰돌,reviewer_005907
윈디님프,reviewer_005908
뿌블릿,reviewer_005909
흰둥흰둥흰둥,reviewer_005910
gne11,reviewer_005911
하늘으,reviewer_005912
하늘예찬82,reviewer_005913
otx****,reviewer_005914
데이지쥬,reviewer_005915
직장인 1,reviewer_005916
카르페디엠1145,reviewer_005917
97****,reviewer_005918
퇴근시켜주세오,reviewer_005919
패닉동산,reviewer_005920
사계절7559,reviewer_005921
콩0710,reviewer_005922
끼룩끼룩끼룩이,reviewer_005923
랭이랍니다,reviewer_005924
Lllllloooo,reviewer_005925
걸플러스,reviewer_005926
현광덕,reviewer_005927
Mellyna,reviewer_005928
jini4uuu,reviewer_005929
tir****,reviewer_005930
폴맘96,reviewer_005931
토토떵,reviewer_005932
왕비병,reviewer_005933
여느060,reviewer_005934
젬즈,reviewer_005935
하이디ee,reviewer_005936
딸기무화과사과,reviewer_005937
솔직한 Martha,reviewer_005938
maria117,reviewer_005939
샛별3572,reviewer_005940
배짱유미,reviewer_005941
룰루829,reviewer_005942
크런키와사삭,reviewer_005943
오 선물,reviewer_005944
사라068,reviewer_005945
고소라떼,reviewer_005946
여느니쓰,reviewer_005947
아름이냥,reviewer_005948
Dkssjjd,reviewer_005949
Longlongto,reviewer_005950
슬긔51,reviewer_005951
venstrehendt,reviewer_005952
만다린S2,reviewer_005953
핑크누피,reviewer_005954
Snowsnow04,reviewer_005955
파트라8292,reviewer_005956
문브라더맘,reviewer_005957
gwageunjoo38,reviewer_005958
sook507,reviewer_005959
JohnIeatwell,reviewer_005960
블랙콤,reviewer_005961
rkg****,reviewer_005962
딱숭아,reviewer_005963
먹짱요정s2,reviewer_005964
아름다운새봄애,reviewer_005965
ai****,reviewer_005966
하루고파,reviewer_005967
드림하이123,reviewer_005968
Jootorri,reviewer_005969
기묘한 이야기,reviewer_005970
냠냠 냐아암,reviewer_005971
프림둘설탕둘,reviewer_005972
유리하늘37,reviewer_005973
오홍홍97,reviewer_005974
fleek플리크,reviewer_005975
damiso다미소,reviewer_005976
아보카도코워시,reviewer_005977
괜찮아 잘될 거야,reviewer_005978
swing6948,reviewer_005979
샌드라,reviewer_005980
메리베리블리U,reviewer_005981
Dominic92,reviewer_005982
영영이8,reviewer_005983
a7449,reviewer_005984
prdsswhrim,reviewer_005985
시티즌38,reviewer_005986
sork****,reviewer_005987
뜬구름10,reviewer_005988
ultrabyen,reviewer_005989
햄0215,reviewer_005990
yurika101058,reviewer_005991
bluekihun,reviewer_005992
enz****,reviewer_005993
빵유렁,reviewer_005994
다다구구두두,reviewer_005995
아지내사랑,reviewer_005996
유키9985,reviewer_005997
쵸코상자,reviewer_005998
뚜루방뚱,reviewer_005999
삐삐마녀,reviewer_006000
qpalzm11,reviewer_006001
밍크 인플루언서,reviewer_006002
Y3AH,reviewer_006003
sha****,reviewer_006004
앙큼한먹깨비,reviewer_006005
NEW ROAD Gold K,reviewer_006006
영블러드26,reviewer_006007
반짝반짝Twinkling,reviewer_006008
소화제가필요해,reviewer_006009
기타치는제육볶음,reviewer_006010
kosnas,reviewer_006011
나디아mk,reviewer_006012
Lily1109,reviewer_006013
피허니,reviewer_006014
가은남아,reviewer_006015
Scott3111,reviewer_006016
mirror79,reviewer_006017
완전럭키비키잖앙,reviewer_006018
fla****,reviewer_006019
쿨제이1031,reviewer_006020
ZEL50,reviewer_006021
블루773,reviewer_006022
1950년대 사람곰,reviewer_006023
리끼리끼코80,reviewer_006024
금붕어6979,reviewer_006025
북지기94,reviewer_006026
qk****,reviewer_006027
원ol,reviewer_006028
리보8,reviewer_006029
endnrl12,reviewer_006030
세계여행7995,reviewer_006031
mobilpolice,reviewer_006032
스튜디오hjy,reviewer_006033
네이버리뷰영수증,reviewer_006034
마리마리97,reviewer_006035
harry2358,reviewer_006036
류비닝,reviewer_006037
애송77,reviewer_006038
행복마을25,reviewer_006039
psc****,reviewer_006040
참멋맛,reviewer_006041
꽃10,reviewer_006042
먹마로롱,reviewer_006043
고독한혼밥러,reviewer_006044
잘하고싶다9,reviewer_006045
Ange89,reviewer_006046
다람이2922,reviewer_006047
anyeung,reviewer_006048
궁금해ㅋ47,reviewer_006049
또니5129,reviewer_006050
호호야1,reviewer_006051
먹고 취하고 여행하라,reviewer_006052
파스텔845,reviewer_006053
다롱이팡,reviewer_006054
아무도모르게숑,reviewer_006055
몬드57,reviewer_006056
호로리나,reviewer_006057
COFFEESAMCHON58,reviewer_006058
JJ1812,reviewer_006059
hm0954,reviewer_006060
얄로36,reviewer_006061
미스터화이트,reviewer_006062
doo****,reviewer_006063
sSun,reviewer_006064
민이정현맘,reviewer_006065
엘리샤벳17,reviewer_006066
SiriJini,reviewer_006067
물빛반짝,reviewer_006068
싸이처럼통통한남자,reviewer_006069
나쁜토끼122,reviewer_006070
끼임미,reviewer_006071
리얼케이,reviewer_006072
권두식,reviewer_006073
정녕9,reviewer_006074
꺄6224,reviewer_006075
oyhgnuoy,reviewer_006076
루디두디,reviewer_006077
jid****,reviewer_006078
GSRyu,reviewer_006079
에스티구르망,reviewer_006080
오도방구타고양명산가기,reviewer_006081
개같이벌어정승처럼쓴다,reviewer_006082
곰탱이6778,reviewer_006083
뱀의눈물,reviewer_006084
dl_****,reviewer_006085
sabuzaksuzip,reviewer_006086
ㅇㅈ401,reviewer_006087
묭묭v,reviewer_006088
에르도,reviewer_006089
onesummer7782,reviewer_006090
토깽이41,reviewer_006091
HI there,reviewer_006092
궁금한 먹깨비,reviewer_006093
쭌이뚱이,reviewer_006094
Ssungwu,reviewer_006095
공625,reviewer_006096
쥴리242,reviewer_006097
용영영,reviewer_006098
ji37519,reviewer_006099
jyu****,reviewer_006100
맛집구름,reviewer_006101
unseo00,reviewer_006102
퀸카72,reviewer_006103
moiiiii,reviewer_006104
초이쥐니,reviewer_006105
Uyunii,reviewer_006106
kilstreet86,reviewer_006107
브라운푸들,reviewer_006108
Jinheon,reviewer_006109
럭키까미,reviewer_006110
러브냐옹7,reviewer_006111
전설의 샌드위치,reviewer_006112
우리집1234,reviewer_006113
나코리1016,reviewer_006114
rks****,reviewer_006115
빵하닝,reviewer_006116
베리그린,reviewer_006117
망그러진롱자,reviewer_006118
찐찐찐39,reviewer_006119
Bombomb,reviewer_006120
별난i,reviewer_006121
Clararara,reviewer_006122
소망하고 응원해,reviewer_006123
Cameleon,reviewer_006124
Sunnytrace,reviewer_006125
끼노피요,reviewer_006126
행복한사람2024,reviewer_006127
현슈21,reviewer_006128
monsel,reviewer_006129
딸기주스,reviewer_006130
반찬하고 밥하고,reviewer_006131
선인장튀김,reviewer_006132
고랭지얼갈이배추,reviewer_006133
오늘저장꾼,reviewer_006134
킹십리 고급보디,reviewer_006135
