식당 이름,계정 ID,계정의 리뷰 수,방문 날짜,방문 횟수,인증 수단,리뷰 내용,리뷰 글자 수,리뷰 내 사진 유무,store,group,account_id,account_review_count,visit_date,visit_count_raw,verification,has_photo_raw,review_text,rating,account_avg_rating,has_photo,visit_count,clean_review,review_length,clean_length,length_under_10,length_under_30,length_over_30,length_over_60,food_detail_count,has_food_detail,strong_food_detail_review,menu_count,has_menu,rich_menu_review,experience_count,has_experience,strong_experience_review,context_count,has_context,has_any_number,number_detail_count,has_number_detail,generic_praise_count,has_generic_praise,intensifier_count,intensifier_over_3,exclamation_count,exclamation_over_3,sns_event_count,has_sns_event,mixed_sentiment,trendy_revisit_count,has_trendy_revisit_phrase,account_review_count_is_1,account_review_count_under_5,account_review_count_over_10,account_review_count_over_50,first_visit,revisit,menu_and_food_detail,short_generic_review,ultra_short_praise,generic_without_detail,menu_only_praise,experience_rich_review,high_specificity_review,rich_context_review,low_information_review,event_like_short_praise,event_like_sns_or_service,event_like_low_info_first_visit
태양곱창 성수점,노란 송충이,5,2026.02.07,1번째 방문,영수증,양이 많고 맛있어요 다움 팀부터 바로 대기였어서 운이 좋았어요,34,True,태양곱창,event,노란 송충이,5,2026.02.07,1번째 방문,영수증,,양이 많고 맛있어요 다움 팀부터 바로 대기였어서 운이 좋았어요,,,0,1,양이 많고 맛있어요 다움 팀부터 바로 대기였어서 운이 좋았어요,34,34,0,0,1,0,1,1,0,0,0,0,1,1,0,0,0,0,0,0,1,1,0,0,0,0,0,0,0,0,0,0,1,0,0,1,0,0,0,0,0,0,1,0,0,0,0,0,0
태양곱창 성수점,min****,43,2026.01.11,1번째 방문,영수증,마싯어용??,5,True,태양곱창,event,min****,43,2026.01.11,1번째 방문,영수증,,마싯어용??,,,0,1,마싯어용,6,4,1,1,0,0,0,0,0,0,0,0,0,0,0,0,0,0,0,0,0,0,0,0,0,0,0,0,0,0,0,0,0,1,0,1,0,0,0,0,0,0,0,0,0,1,0,0,1
태양곱창 성수점,유유유4,389,2025.11.09,1번째 방문,영수증,성수 돼지 곱창은 태양 곱창입니다???? 야곱 땡겨서 비로왔어요 여기 콘치즈랑 치즈감자전도 존맛탱입니다 소맥을 부르는 맛이에요... 겨울에는 곱창전골 꼭 먹어줘..??,90,True,태양곱창,event,유유유4,389,2025.11.09,1번째 방문,영수증,,성수 돼지 곱창은 태양 곱창입니다???? 야곱 땡겨서 비로왔어요 여기 콘치즈랑 치즈감자전도 존맛탱입니다 소맥을 부르는 맛이에요... 겨울에는 곱창전골 꼭 먹어줘..??,,,0,1,성수 돼지 곱창은 태양 곱창입니다 야곱 땡겨서 비로왔어요 여기 콘치즈랑 치즈감자전도 존맛탱입니다 소맥을 부르는 맛이에요 겨울에는 곱창전골 꼭 먹어줘,93,82,0,0,1,1,1,1,0,9,1,1,0,0,0,1,1,0,0,0,0,0,1,0,0,0,0,0,0,0,0,0,0,1,1,1,0,1,0,0,0,0,1,1,0,0,0,0,0
태양곱창 성수점,jyj51,24,2025.10.03,1번째 방문,영수증,태양곱창 전골 최고네요! ??,15,True,태양곱창,event,jyj51,24,2025.10.03,1번째 방문,영수증,,태양곱창 전골 최고네요! ??,,,0,1,태양곱창 전골 최고네요,16,12,0,1,0,0,1,1,0,2,1,1,0,0,0,0,0,0,0,0,1,1,0,0,1,0,0,0,0,0,0,0,0,1,0,1,0,1,1,0,0,0,0,0,0,0,0,0,0
태양곱창 성수점,성수6330,129,2025.08.31,1번째 방문,영수증,기다리지 않고 바로 입장해서 좋았어요. 가성비 좋고 맛있어요. 저는 약간 짠데 아이들이랑 남편은 맛있다네요. 담에는 다른 메뉴도 시켜보려구요.,79,True,태양곱창,event,성수6330,129,2025.08.31,1번째 방문,영수증,,기다리지 않고 바로 입장해서 좋았어요. 가성비 좋고 맛있어요. 저는 약간 짠데 아이들이랑 남편은 맛있다네요. 담에는 다른 메뉴도 시켜보려구요.,,,0,1,기다리지 않고 바로 입장해서 좋았어요 가성비 좋고 맛있어요 저는 약간 짠데 아이들이랑 남편은 맛있다네요 담에는 다른 메뉴도 시켜보려구요,79,75,0,0,1,1,0,0,0,0,0,0,1,1,0,0,0,0,0,0,2,1,0,0,0,0,0,0,0,0,0,0,0,1,1,1,0,0,0,0,0,0,1,0,0,0,0,0,0
태양곱창 성수점,ㅋㅋㅋㅋ4,48,2025.11.25,1번째 방문,영수증,맛있습니다!,6,True,태양곱창,event,ㅋㅋㅋㅋ4,48,2025.11.25,1번째 방문,영수증,,맛있습니다!,,,0,1,맛있습니다,6,5,1,1,0,0,0,0,0,0,0,0,0,0,0,0,0,0,0,0,1,1,0,0,1,0,0,0,0,0,0,0,0,1,0,1,0,0,1,1,1,0,0,0,0,1,1,0,1
태양곱창 성수점,혜연62,30,2026.04.13,2번째 방문,영수증,찐.찐.찐 또간집이라 곱창 볶음 먹고 싶으면 여기로만 와요!! 양이 짱 많아서 매번 먹고 포장해가요!,56,True,태양곱창,event,혜연62,30,2026.04.13,2번째 방문,영수증,,찐.찐.찐 또간집이라 곱창 볶음 먹고 싶으면 여기로만 와요!! 양이 짱 많아서 매번 먹고 포장해가요!,,,0,2,찐 찐 찐 또간집이라 곱창 볶음 먹고 싶으면 여기로만 와요 양이 짱 많아서 매번 먹고 포장해가요,56,53,0,0,1,0,1,1,0,1,1,0,1,1,0,0,0,0,0,0,0,0,1,0,3,1,0,0,0,0,0,0,0,1,0,0,1,1,0,0,0,0,1,1,0,0,0,0,0
태양곱창 성수점,닉네임결정즈웅,86,2025.10.24,1번째 방문,영수증,곱창 양 대박이예요~~~~,14,True,태양곱창,event,닉네임결정즈웅,86,2025.10.24,1번째 방문,영수증,,곱창 양 대박이예요~~~~,,,0,1,곱창 양 대박이예요,14,10,0,1,0,0,1,1,0,1,1,0,0,0,0,0,0,0,0,0,0,0,1,0,0,0,0,0,0,0,0,0,0,1,1,1,0,1,0,0,0,0,0,0,0,0,0,0,0
태양곱창 성수점,송유진58,24,2026.04.26,1번째 방문,영수증,맛있어요!! 너무맛있어요!!,15,True,태양곱창,event,송유진58,24,2026.04.26,1번째 방문,영수증,,맛있어요!! 너무맛있어요!!,,,0,1,맛있어요 너무맛있어요,15,11,0,1,0,0,0,0,0,0,0,0,0,0,0,0,0,0,0,0,2,1,1,0,4,1,0,0,0,0,0,0,0,1,0,1,0,0,1,0,1,0,0,0,0,1,1,0,1
태양곱창 성수점,세은3286,9,2026.01.11,1번째 방문,영수증,맛있게 먹었어요 오늘 웨이팅 없이 바로 들어와서 더 좋았습니당 치즈감자전도 추천,44,True,태양곱창,event,세은3286,9,2026.01.11,1번째 방문,영수증,,맛있게 먹었어요 오늘 웨이팅 없이 바로 들어와서 더 좋았습니당 치즈감자전도 추천,,,0,1,맛있게 먹었어요 오늘 웨이팅 없이 바로 들어와서 더 좋았습니당 치즈감자전도 추천,44,44,0,0,1,0,0,0,0,2,1,1,1,1,0,0,0,0,0,0,2,1,0,0,0,0,0,0,0,0,0,0,0,0,0,1,0,0,0,0,0,0,1,0,0,0,0,0,0
태양곱창 성수점,sdk****,72,2026.02.28,1번째 방문,영수증,집사람이 매운게 땡긴다고 해서 왔는데 기본맛도 매콤 합니다 ?? 야채곱창 강추!! 콘치즈 강추!!??,54,True,태양곱창,event,sdk****,72,2026.02.28,1번째 방문,영수증,,집사람이 매운게 땡긴다고 해서 왔는데 기본맛도 매콤 합니다 ?? 야채곱창 강추!! 콘치즈 강추!!??,,,0,1,집사람이 매운게 땡긴다고 해서 왔는데 기본맛도 매콤 합니다 야채곱창 강추 콘치즈 강추,56,47,0,0,1,0,2,1,1,3,1,1,0,0,0,0,0,0,0,0,2,1,0,0,4,1,0,0,0,0,0,0,0,1,1,1,0,1,0,0,0,0,0,1,0,0,0,0,0
태양곱창 성수점,lc0****,28,2026.04.12,1번째 방문,영수증,잡내 안나고 맛있어요!! 매장도 넓어서 바로 입장해서 맛있게 먹고 가요~~!!,43,True,태양곱창,event,lc0****,28,2026.04.12,1번째 방문,영수증,,잡내 안나고 맛있어요!! 매장도 넓어서 바로 입장해서 맛있게 먹고 가요~~!!,,,0,1,잡내 안나고 맛있어요 매장도 넓어서 바로 입장해서 맛있게 먹고 가요,43,37,0,0,1,0,1,1,0,0,0,0,1,1,0,0,0,0,0,0,2,1,0,0,4,1,0,0,0,0,0,0,0,1,0,1,0,0,0,0,0,0,1,0,0,0,0,0,0
태양곱창 성수점,eeheony,34,2026.03.21,1번째 방문,영수증,야채곱창에 당면추가 너무너무 맛있어요 ㅠㅠ,23,True,태양곱창,event,eeheony,34,2026.03.21,1번째 방문,영수증,,야채곱창에 당면추가 너무너무 맛있어요 ㅠㅠ,,,0,1,야채곱창에 당면추가 너무너무 맛있어요,23,20,0,1,0,0,0,0,0,2,1,1,0,0,0,0,0,0,0,0,1,1,2,0,0,0,0,0,0,0,0,0,0,1,0,1,0,0,1,0,1,1,0,0,0,1,1,0,1
태양곱창 성수점,하융43,11,2025.12.06,1번째 방문,영수증,음식이 맛있고 직원분들이 친절하세요!!,21,True,태양곱창,event,하융43,11,2025.12.06,1번째 방문,영수증,,음식이 맛있고 직원분들이 친절하세요!!,,,0,1,음식이 맛있고 직원분들이 친절하세요,21,19,0,1,0,0,0,0,0,0,0,0,2,1,1,0,0,0,0,0,1,1,0,0,2,0,0,0,0,0,0,0,0,1,0,1,0,0,1,0,0,0,1,0,0,0,1,0,0
태양곱창 성수점,chyj1121,33,2026.03.31,1번째 방문,영수증,성수동 와서 딱 눈에 띈 곳이예요. 깨끗하고 음식이 맛있어요^^,35,True,태양곱창,event,chyj1121,33,2026.03.31,1번째 방문,영수증,,성수동 와서 딱 눈에 띈 곳이예요. 깨끗하고 음식이 맛있어요^^,,,0,1,성수동 와서 딱 눈에 띈 곳이예요 깨끗하고 음식이 맛있어요,35,32,0,0,1,0,0,0,0,0,0,0,0,0,0,0,0,0,0,0,1,1,0,0,0,0,0,0,0,0,0,0,0,1,0,1,0,0,0,0,1,0,0,0,0,0,0,0,0
태양곱창 성수점,후후8764,30,2026.04.13,1번째 방문,영수증,항상 사람 많아서 못 먹었는데 친구랑 지나가다가 마침 자리 있어서 바로 들어왔어요!!! 잡내도 안 나고 곱창도 부드러워서 친구랑 마싯게 먹었어요 콘치즈도 추천합니도 ??????,95,True,태양곱창,event,후후8764,30,2026.04.13,1번째 방문,영수증,,항상 사람 많아서 못 먹었는데 친구랑 지나가다가 마침 자리 있어서 바로 들어왔어요!!! 잡내도 안 나고 곱창도 부드러워서 친구랑 마싯게 먹었어요 콘치즈도 추천합니도 ??????,,,0,1,항상 사람 많아서 못 먹었는데 친구랑 지나가다가 마침 자리 있어서 바로 들어왔어요 잡내도 안 나고 곱창도 부드러워서 친구랑 마싯게 먹었어요 콘치즈도 추천합니도,98,88,0,0,1,1,2,1,1,2,1,1,1,1,0,2,1,0,0,0,1,1,0,0,3,1,0,0,0,0,0,0,0,1,0,1,0,1,0,0,0,0,1,1,1,0,0,0,0
태양곱창 성수점,gun****,31,2025.10.11,1번째 방문,영수증,너무 맛있습니다 다음에 또 방문하겠습니다!!,24,True,태양곱창,event,gun****,31,2025.10.11,1번째 방문,영수증,,너무 맛있습니다 다음에 또 방문하겠습니다!!,,,0,1,너무 맛있습니다 다음에 또 방문하겠습니다,24,22,0,1,0,0,0,0,0,0,0,0,0,0,0,0,0,0,0,0,1,1,1,0,2,0,0,0,0,1,1,0,0,1,0,1,0,0,1,0,1,0,0,0,0,1,1,0,1
태양곱창 성수점,에듀걸,8,2026.04.04,1번째 방문,영수증,양이 많아요 야채곱창,11,True,태양곱창,event,에듀걸,8,2026.04.04,1번째 방문,영수증,,양이 많아요 야채곱창,,,0,1,양이 많아요 야채곱창,11,11,0,1,0,0,1,1,0,2,1,1,0,0,0,0,0,0,0,0,0,0,0,0,0,0,0,0,0,0,0,0,0,0,0,1,0,1,0,0,0,0,0,0,0,0,0,0,0
태양곱창 성수점,yei****,20,2026.01.03,1번째 방문,영수증,맛있어요!!!!!!,10,True,태양곱창,event,yei****,20,2026.01.03,1번째 방문,영수증,,맛있어요!!!!!!,,,0,1,맛있어요,10,4,0,1,0,0,0,0,0,0,0,0,0,0,0,0,0,0,0,0,1,1,0,0,6,1,0,0,0,0,0,0,0,1,0,1,0,0,1,0,1,0,0,0,0,1,1,0,1
태양곱창 성수점,나 으니다,10,2026.03.29,1번째 방문,영수증,맛집 인정 또또간집,10,True,태양곱창,event,나 으니다,10,2026.03.29,1번째 방문,영수증,,맛집 인정 또또간집,,,0,1,맛집 인정 또또간집,10,10,0,1,0,0,0,0,0,0,0,0,0,0,0,0,0,0,0,0,1,1,0,0,0,0,0,0,0,0,0,0,0,1,0,1,0,0,1,0,1,0,0,0,0,1,1,0,1
태양곱창 성수점,jhj****,45,2026.02.03,1번째 방문,영수증,오늘 추천 받아서 처음 왔는데 너무 맛있어요ㅜㅜ 전골 소로 시켰는데 양도 엄청 많더라고요! 깻잎이랑 같이 먹으면 더 맛있습니당!,71,True,태양곱창,event,jhj****,45,2026.02.03,1번째 방문,영수증,,오늘 추천 받아서 처음 왔는데 너무 맛있어요ㅜㅜ 전골 소로 시켰는데 양도 엄청 많더라고요! 깻잎이랑 같이 먹으면 더 맛있습니당!,,,0,1,오늘 추천 받아서 처음 왔는데 너무 맛있어요 전골 소로 시켰는데 양도 엄청 많더라고요 깻잎이랑 같이 먹으면 더 맛있습니당,71,67,0,0,1,1,1,1,0,1,1,0,0,0,0,0,0,0,0,0,3,1,2,0,2,0,0,0,0,0,0,0,0,1,0,1,0,1,0,0,0,0,0,1,0,0,0,0,0
태양곱창 성수점,tae****,67,2026.04.22,1번째 방문,영수증,맛도리 입니다 이동네 사니 지주올게요~,21,True,태양곱창,event,tae****,67,2026.04.22,1번째 방문,영수증,,맛도리 입니다 이동네 사니 지주올게요~,,,0,1,맛도리 입니다 이동네 사니 지주올게요,21,20,0,1,0,0,0,0,0,0,0,0,0,0,0,0,0,0,0,0,0,0,0,0,0,0,0,0,0,0,0,0,0,1,1,1,0,0,0,0,0,0,0,0,0,1,0,0,1
태양곱창 성수점,소연7444,31,2025.08.29,1번째 방문,영수증,진짜 너무너무너무 맛있어요 양도 많고 야무지게 잘 먹었숩니당 ????????,38,True,태양곱창,event,소연7444,31,2025.08.29,1번째 방문,영수증,,진짜 너무너무너무 맛있어요 양도 많고 야무지게 잘 먹었숩니당 ????????,,,0,1,진짜 너무너무너무 맛있어요 양도 많고 야무지게 잘 먹었숩니당,42,33,0,0,1,0,1,1,0,0,0,0,0,0,0,0,0,0,0,0,1,1,4,1,0,0,0,0,1,0,0,0,0,1,0,1,0,0,0,0,0,0,0,0,0,0,0,0,0
태양곱창 성수점,qkrdPwns,42,2025.11.21,1번째 방문,영수증,두번째 방문인데 잘먹고갑니다!,16,True,태양곱창,event,qkrdPwns,42,2025.11.21,1번째 방문,영수증,,두번째 방문인데 잘먹고갑니다!,,,0,1,두번째 방문인데 잘먹고갑니다,16,15,0,1,0,0,0,0,0,0,0,0,0,0,0,0,0,0,0,0,0,0,0,0,1,0,0,0,0,0,0,0,0,1,0,1,0,0,0,0,0,0,0,0,0,1,0,0,1
태양곱창 성수점,ryeonhui,31,2026.04.10,1번째 방문,영수증,너무 맛있어용,7,True,태양곱창,event,ryeonhui,31,2026.04.10,1번째 방문,영수증,,너무 맛있어용,,,0,1,너무 맛있어용,7,7,1,1,0,0,0,0,0,0,0,0,0,0,0,0,0,0,0,0,1,1,1,0,0,0,0,0,0,0,0,0,0,1,0,1,0,0,1,1,1,0,0,0,0,1,1,0,1
태양곱창 성수점,한별8869,25,2026.01.23,1번째 방문,영수증,마라곱창먹으러왔는데 벌써 3번째방문이에오 성수점이 최고입니당,33,True,태양곱창,event,한별8869,25,2026.01.23,1번째 방문,영수증,,마라곱창먹으러왔는데 벌써 3번째방문이에오 성수점이 최고입니당,,,0,1,마라곱창먹으러왔는데 벌써 3번째방문이에오 성수점이 최고입니당,33,33,0,0,1,0,0,0,0,2,1,1,0,0,0,0,0,1,0,0,1,1,0,0,0,0,0,0,0,0,0,0,0,1,0,1,0,0,0,0,1,1,0,0,0,0,0,0,0
태양곱창 성수점,jue****,32,2025.08.18,1번째 방문,영수증,너무 맛있어서 싹싹 긁어먹었어요 ㅋㅋㅋㅋ 5시반에 왔는데더 사람이 바글바글 !! 전골에 곱창이 진~~짜 많이 들었어요 굿굿,68,True,태양곱창,event,jue****,32,2025.08.18,1번째 방문,영수증,,너무 맛있어서 싹싹 긁어먹었어요 ㅋㅋㅋㅋ 5시반에 왔는데더 사람이 바글바글 !! 전골에 곱창이 진~~짜 많이 들었어요 굿굿,,,0,1,너무 맛있어서 싹싹 긁어먹었어요 5시반에 왔는데더 사람이 바글바글 전골에 곱창이 진 짜 많이 들었어요 굿굿,68,59,0,0,1,1,0,0,0,2,1,1,0,0,0,0,0,1,1,1,1,1,1,0,2,0,0,0,1,0,0,0,0,1,0,1,0,0,0,0,0,0,1,0,0,0,0,0,0
태양곱창 성수점,123454648,56,2025.09.24,1번째 방문,영수증,성수 오랜만에 왔는데 진짜 맛있습니다,20,True,태양곱창,event,123454648,56,2025.09.24,1번째 방문,영수증,,성수 오랜만에 왔는데 진짜 맛있습니다,,,0,1,성수 오랜만에 왔는데 진짜 맛있습니다,20,20,0,1,0,0,0,0,0,0,0,0,0,0,0,0,0,0,0,0,1,1,1,0,0,0,0,0,1,0,0,0,0,1,1,1,0,0,1,0,1,0,0,0,0,1,1,0,1
태양곱창 성수점,you****,15,2025.12.06,1번째 방문,영수증,"곱창전골 너무 맛있어요!! 양도 많고, 잡내도 안남!",29,True,태양곱창,event,you****,15,2025.12.06,1번째 방문,영수증,,"곱창전골 너무 맛있어요!! 양도 많고, 잡내도 안남!",,,0,1,곱창전골 너무 맛있어요 양도 많고 잡내도 안남,29,25,0,1,0,0,2,1,1,3,1,1,0,0,0,0,0,0,0,0,1,1,1,0,3,1,0,0,0,0,0,0,0,1,0,1,0,1,1,0,0,0,0,0,0,0,0,0,0
태양곱창 성수점,슌129,1296,2025.10.15,1번째 방문,영수증,맨날 지나다가 막창러버들끼리 왔는데 역시 맛집인 이유가 있네요 볶음밥 존맛탱인데 앉자마자 시킬수 있는거 개꿀 배고파서 밥부터 드리킹했어요 하나씩 시킬 수 있는것도 좋고 야채곱창 2인분 주신줄 알고 당황해써염ㅋㅋ 양이 많고 기본맛도 매움 맵찔이 당황 하지만 볶음밥과 꿀조합ㅋ 소금구일줄 알았던 막창은 데리야끼 소슨데 넘 취저라 단맵조합으로 배터지게 먹음,196,True,태양곱창,event,슌129,1296,2025.10.15,1번째 방문,영수증,,맨날 지나다가 막창러버들끼리 왔는데 역시 맛집인 이유가 있네요 볶음밥 존맛탱인데 앉자마자 시킬수 있는거 개꿀 배고파서 밥부터 드리킹했어요 하나씩 시킬 수 있는것도 좋고 야채곱창 2인분 주신줄 알고 당황해써염ㅋㅋ 양이 많고 기본맛도 매움 맵찔이 당황 하지만 볶음밥과 꿀조합ㅋ 소금구일줄 알았던 막창은 데리야끼 소슨데 넘 취저라 단맵조합으로 배터지게 먹음,,,0,1,맨날 지나다가 막창러버들끼리 왔는데 역시 맛집인 이유가 있네요 볶음밥 존맛탱인데 앉자마자 시킬수 있는거 개꿀 배고파서 밥부터 드리킹했어요 하나씩 시킬 수 있는것도 좋고 야채곱창 2인분 주신줄 알고 당황해써염 양이 많고 기본맛도 매움 맵찔이 당황 하지만 볶음밥과 꿀조합 소금구일줄 알았던 막창은 데리야끼 소슨데 넘 취저라 단맵조합으로 배터지게 먹음,196,193,0,0,1,1,1,1,0,4,1,1,0,0,0,0,0,1,1,1,2,1,1,0,0,0,0,0,1,0,0,0,0,1,1,1,0,1,0,0,0,0,1,1,0,0,0,0,0
태양곱창 성수점,노츄,331,2026.01.03,1번째 방문,영수증,느끼해졌을 때 얼큰한 곱창전골로 해장했어요!!,25,True,태양곱창,event,노츄,331,2026.01.03,1번째 방문,영수증,,느끼해졌을 때 얼큰한 곱창전골로 해장했어요!!,,,0,1,느끼해졌을 때 얼큰한 곱창전골로 해장했어요,25,23,0,1,0,0,2,1,1,3,1,1,0,0,0,0,0,0,0,0,0,0,0,0,2,0,0,0,0,0,0,0,0,1,1,1,0,1,0,0,0,0,0,0,0,0,0,0,0
태양곱창 성수점,단호박3354,15,2026.01.17,1번째 방문,영수증,벌써 n번째 방문! 야채곱창은 여기가 제일 맛있어요??최고????????,35,True,태양곱창,event,단호박3354,15,2026.01.17,1번째 방문,영수증,,벌써 n번째 방문! 야채곱창은 여기가 제일 맛있어요??최고????????,,,0,1,벌써 n번째 방문 야채곱창은 여기가 제일 맛있어요 최고,40,30,0,0,1,0,0,0,0,2,1,1,0,0,0,0,0,0,0,0,2,1,0,0,1,0,0,0,0,0,0,0,0,1,0,1,0,0,0,0,1,1,0,0,0,0,0,0,0
태양곱창 성수점,sse****,32,2025.11.27,1번째 방문,영수증,양도 많고 맵기도 싹 맛있는 맵기예여 ㅠㅠ 항상 사람 많은 이유를 너무 알겠어요 ??,46,True,태양곱창,event,sse****,32,2025.11.27,1번째 방문,영수증,,양도 많고 맵기도 싹 맛있는 맵기예여 ㅠㅠ 항상 사람 많은 이유를 너무 알겠어요 ??,,,0,1,양도 많고 맵기도 싹 맛있는 맵기예여 항상 사람 많은 이유를 너무 알겠어요,47,41,0,0,1,0,1,1,0,0,0,0,0,0,0,0,0,0,0,0,1,1,1,0,0,0,0,0,0,0,0,0,0,1,0,1,0,0,0,0,0,0,0,0,0,0,0,0,0
태양곱창 성수점,용산구탐험가,10,2026.02.19,1번째 방문,영수증,곱창을 대박적으로 많이주십니다. 서비스 좋은건 덤이에요!! 성수 와서 팝업 다 돌고 저녁으로 태양곱창 오시면 하루 마무리 딱입니다 강추!!,77,True,태양곱창,event,용산구탐험가,10,2026.02.19,1번째 방문,영수증,,곱창을 대박적으로 많이주십니다. 서비스 좋은건 덤이에요!! 성수 와서 팝업 다 돌고 저녁으로 태양곱창 오시면 하루 마무리 딱입니다 강추!!,,,0,1,곱창을 대박적으로 많이주십니다 서비스 좋은건 덤이에요 성수 와서 팝업 다 돌고 저녁으로 태양곱창 오시면 하루 마무리 딱입니다 강추,77,72,0,0,1,1,1,1,0,2,1,1,1,1,0,1,1,0,0,0,1,1,1,0,4,1,1,1,0,0,0,0,0,1,0,1,0,1,0,0,0,0,1,1,0,0,0,1,0
태양곱창 성수점,Coddiwonple,61,2025.11.15,1번째 방문,영수증,마라곱창 진짜 자극적인거 땡길 때 추천합니더!! 진짜 맛있오요 근데 조금 짜긴해용,45,True,태양곱창,event,Coddiwonple,61,2025.11.15,1번째 방문,영수증,,마라곱창 진짜 자극적인거 땡길 때 추천합니더!! 진짜 맛있오요 근데 조금 짜긴해용,,,0,1,마라곱창 진짜 자극적인거 땡길 때 추천합니더 진짜 맛있오요 근데 조금 짜긴해용,45,43,0,0,1,0,0,0,0,2,1,1,0,0,0,0,0,0,0,0,2,1,2,0,2,0,0,0,1,0,0,0,0,1,1,1,0,0,0,0,1,1,0,0,0,0,0,0,0
태양곱창 성수점,godttl8789,1114,2025.08.22,3번째 방문,영수증,맛있어여~~!!???????? 성수동 맛집 인정입니다!!????????,33,True,태양곱창,event,godttl8789,1114,2025.08.22,3번째 방문,영수증,,맛있어여~~!!???????? 성수동 맛집 인정입니다!!????????,,,0,3,맛있어여 성수동 맛집 인정입니다,39,17,0,0,1,0,0,0,0,0,0,0,0,0,0,0,0,0,0,0,2,1,0,0,4,1,0,0,0,0,0,0,0,1,1,0,1,0,0,0,1,0,0,0,0,0,0,0,0
태양곱창 성수점,hmj****,72,2025.06.03,1번째 방문,영수증,곱창이 엄청부드랍고 찍어먹는 소스가 별미에요! 싸먹을 야채가 없는 것은 아쉽지만 충분히 맛있어요. 맵찔이 제친구도 맛있게 먹을 정도의 맵기입니다. 재방문 의사있어요~~~~,95,True,태양곱창,event,hmj****,72,2025.06.03,1번째 방문,영수증,,곱창이 엄청부드랍고 찍어먹는 소스가 별미에요! 싸먹을 야채가 없는 것은 아쉽지만 충분히 맛있어요. 맵찔이 제친구도 맛있게 먹을 정도의 맵기입니다. 재방문 의사있어요~~~~,,,0,1,곱창이 엄청부드랍고 찍어먹는 소스가 별미에요 싸먹을 야채가 없는 것은 아쉽지만 충분히 맛있어요 맵찔이 제친구도 맛있게 먹을 정도의 맵기입니다 재방문 의사있어요,95,88,0,0,1,1,0,0,0,1,1,0,0,0,0,1,1,0,0,0,2,1,1,0,1,0,0,0,1,1,1,0,0,1,1,1,0,0,0,0,0,0,1,0,0,0,0,0,0
태양곱창 성수점,hanoong7,30,2026.01.11,1번째 방문,영수증,곱창 양도 많고 맛있어요!!,15,True,태양곱창,event,hanoong7,30,2026.01.11,1번째 방문,영수증,,곱창 양도 많고 맛있어요!!,,,0,1,곱창 양도 많고 맛있어요,15,13,0,1,0,0,1,1,0,1,1,0,0,0,0,0,0,0,0,0,1,1,0,0,2,0,0,0,0,0,0,0,0,1,0,1,0,1,1,0,0,0,0,0,0,0,0,0,0
태양곱창 성수점,해맑은낭만이,12,2026.01.25,1번째 방문,영수증,대박 맛집!!! 갑자기 오게 됐는데 야채곱창 맵쌀하니 너무 맛있고.. 감자전도 채로 햐서 너무 너무 맛있어요ㅠㅠㅠㅠ,64,True,태양곱창,event,해맑은낭만이,12,2026.01.25,1번째 방문,영수증,,대박 맛집!!! 갑자기 오게 됐는데 야채곱창 맵쌀하니 너무 맛있고.. 감자전도 채로 햐서 너무 너무 맛있어요ㅠㅠㅠㅠ,,,0,1,대박 맛집 갑자기 오게 됐는데 야채곱창 맵쌀하니 너무 맛있고 감자전도 채로 햐서 너무 너무 맛있어요,64,55,0,0,1,1,0,0,0,3,1,1,0,0,0,0,0,0,0,0,3,1,4,1,3,1,0,0,0,0,0,0,0,1,0,1,0,0,0,0,1,1,0,0,0,0,0,0,0
태양곱창 성수점,LittleStar54,17,2025.11.15,1번째 방문,영수증,"성수 처음인데 너무 맛있게 잘 먹었어요 앞에 다섯팀 대기라 한 30분 정도 기다린 거 같구요 ㅋ 전골 곱창 너무 맛있고, 볶음밥은 기대도 안했는데 볶음밥 왜케 맛있는거임? 담에 또 방문 예정입니당!!",111,True,태양곱창,event,LittleStar54,17,2025.11.15,1번째 방문,영수증,,"성수 처음인데 너무 맛있게 잘 먹었어요 앞에 다섯팀 대기라 한 30분 정도 기다린 거 같구요 ㅋ 전골 곱창 너무 맛있고, 볶음밥은 기대도 안했는데 볶음밥 왜케 맛있는거임? 담에 또 방문 예정입니당!!",,,0,1,성수 처음인데 너무 맛있게 잘 먹었어요 앞에 다섯팀 대기라 한 30분 정도 기다린 거 같구요 전골 곱창 너무 맛있고 볶음밥은 기대도 안했는데 볶음밥 왜케 맛있는거임 담에 또 방문 예정입니당,111,105,0,0,1,1,0,0,0,4,1,1,1,1,0,0,0,1,1,1,3,1,2,0,2,0,0,0,0,1,1,0,0,1,0,1,0,0,0,0,0,0,1,0,0,0,0,0,0
태양곱창 성수점,ycy****,1,2026.03.27,1번째 방문,영수증,?음식이 정말 맛있어요! 오돌뼈랑 곱창/대창도 최고예요! 정말 괜찮은 맛집입니다.,45,True,태양곱창,event,ycy****,1,2026.03.27,1번째 방문,영수증,,?음식이 정말 맛있어요! 오돌뼈랑 곱창/대창도 최고예요! 정말 괜찮은 맛집입니다.,,,0,1,음식이 정말 맛있어요 오돌뼈랑 곱창 대창도 최고예요 정말 괜찮은 맛집입니다,45,41,0,0,1,0,0,0,0,1,1,0,0,0,0,0,0,0,0,0,3,1,0,0,2,0,0,0,0,0,0,1,1,0,0,1,0,0,0,0,1,1,0,0,0,0,0,0,0
태양곱창 성수점,Yoons5,581,2026.03.20,1번째 방문,영수증,태양곱창전골은 진리죠...!!! 넘맛있어요ㅎㅎㅎ 잘먹고갑니다 콘치즈까지 !!!,43,True,태양곱창,event,Yoons5,581,2026.03.20,1번째 방문,영수증,,태양곱창전골은 진리죠...!!! 넘맛있어요ㅎㅎㅎ 잘먹고갑니다 콘치즈까지 !!!,,,0,1,태양곱창전골은 진리죠 넘맛있어요 잘먹고갑니다 콘치즈까지,43,30,0,0,1,0,1,1,0,4,1,1,0,0,0,0,0,0,0,0,2,1,0,0,6,1,0,0,0,0,0,0,0,1,1,1,0,1,0,0,0,0,0,1,0,0,0,0,0
태양곱창 성수점,병아리34,12,2025.11.23,1번째 방문,영수증,저녁시간 되니 사람 꽉 차네용 역시맛집… 깔끔하고 냄새하나도 안나고 맛있어용?? 양도 많고 가게도 넘 청결해서 재방문 할 것 같아용,72,True,태양곱창,event,병아리34,12,2025.11.23,1번째 방문,영수증,,저녁시간 되니 사람 꽉 차네용 역시맛집… 깔끔하고 냄새하나도 안나고 맛있어용?? 양도 많고 가게도 넘 청결해서 재방문 할 것 같아용,,,0,1,저녁시간 되니 사람 꽉 차네용 역시맛집 깔끔하고 냄새하나도 안나고 맛있어용 양도 많고 가게도 넘 청결해서 재방문 할 것 같아용,73,70,0,0,1,1,1,1,0,0,0,0,0,0,0,1,1,0,0,0,3,1,0,0,0,0,0,0,0,1,1,0,0,1,0,1,0,0,0,0,0,0,1,0,0,0,0,0,0
태양곱창 성수점,jjung4892,16,2026.01.04,1번째 방문,영수증,방이본점 먹어보고 맛잇어서 성수점도 방문했어요 . 너무 맛잇어요 !! 강추 !!,44,True,태양곱창,event,jjung4892,16,2026.01.04,1번째 방문,영수증,,방이본점 먹어보고 맛잇어서 성수점도 방문했어요 . 너무 맛잇어요 !! 강추 !!,,,0,1,방이본점 먹어보고 맛잇어서 성수점도 방문했어요 너무 맛잇어요 강추,44,36,0,0,1,0,0,0,0,0,0,0,0,0,0,0,0,0,0,0,1,1,1,0,4,1,0,0,0,0,0,0,0,1,0,1,0,0,0,0,1,0,0,0,0,0,0,0,0
태양곱창 성수점,seo****,3,2026.02.28,1번째 방문,영수증,잡내가 너무 나서 다 남긴음식은 이게 처음이예요 와 씹지 못할정도로 ㄹㅈㄷ 절대 먹지마세요,50,True,태양곱창,event,seo****,3,2026.02.28,1번째 방문,영수증,,잡내가 너무 나서 다 남긴음식은 이게 처음이예요 와 씹지 못할정도로 ㄹㅈㄷ 절대 먹지마세요,,,0,1,잡내가 너무 나서 다 남긴음식은 이게 처음이예요 와 씹지 못할정도로 절대 먹지마세요,50,46,0,0,1,0,1,1,0,0,0,0,0,0,0,0,0,0,0,0,0,0,1,0,0,0,0,0,0,0,0,0,1,0,0,1,0,0,0,0,0,0,0,0,0,0,0,0,0
태양곱창 성수점,jiw****,7,2025.11.15,1번째 방문,영수증,매장이 청결하고 음식이 맛있어요‘,18,True,태양곱창,event,jiw****,7,2025.11.15,1번째 방문,영수증,,매장이 청결하고 음식이 맛있어요‘,,,0,1,매장이 청결하고 음식이 맛있어요,18,17,0,1,0,0,0,0,0,0,0,0,1,1,0,0,0,0,0,0,1,1,0,0,0,0,0,0,0,0,0,0,0,0,0,1,0,0,1,0,0,0,1,0,0,0,1,0,0
태양곱창 성수점,수연1,14,2025.10.10,1번째 방문,영수증,곱창전골 시켰는데 너무 맛있어요!,18,True,태양곱창,event,수연1,14,2025.10.10,1번째 방문,영수증,,곱창전골 시켰는데 너무 맛있어요!,,,0,1,곱창전골 시켰는데 너무 맛있어요,18,17,0,1,0,0,0,0,0,3,1,1,0,0,0,0,0,0,0,0,1,1,1,0,1,0,0,0,0,0,0,0,0,1,0,1,0,0,1,0,1,1,0,0,0,1,1,0,1
태양곱창 성수점,dkd****,25,2026.02.08,1번째 방문,영수증,"밑반찬(손도 안 댔습니다) 첫 번째 사진 비주얼이라 1차 실망했고 - 손도 안 대고 나온 그대로 찍었어요. 어묵에 빨간 양념이 묻어 있고 무말랭이인지 뭔지는 깔끔하게 담겨 있지도 않았어요 여기까지는 안 먹으면 되니까 잊고 본 메뉴 맛있게 먹자고 마음먹었는데요. 곱창전골은 너무 맛있어 보여서 반찬은 잊어버리고 맛있게 먹으려고 메뉴판에 적힌 대로 끓을 때 3-5분 이상 더 끓여 간을 봤어요. 근데 너무 싱겁고 당면, 곱창에 간이 안 베었더라고요?? 당면 물기 그대로 넣어서 더 끓여야 되겠다 생각했어요 곱창전골 나온 14분 ~ 먹기 직전 찍은 사진 31분 = 총 19분 끓이고 먹었는데도 영 간이 안 베고 너무 싱거워서 먹으라고 주신 고추와 마늘 넣어 더 끓였더니 그나마 먹을만해요. 다시는 안 갈듯 해요.",395,True,태양곱창,event,dkd****,25,2026.02.08,1번째 방문,영수증,,"밑반찬(손도 안 댔습니다) 첫 번째 사진 비주얼이라 1차 실망했고 - 손도 안 대고 나온 그대로 찍었어요. 어묵에 빨간 양념이 묻어 있고 무말랭이인지 뭔지는 깔끔하게 담겨 있지도 않았어요 여기까지는 안 먹으면 되니까 잊고 본 메뉴 맛있게 먹자고 마음먹었는데요. 곱창전골은 너무 맛있어 보여서 반찬은 잊어버리고 맛있게 먹으려고 메뉴판에 적힌 대로 끓을 때 3-5분 이상 더 끓여 간을 봤어요. 근데 너무 싱겁고 당면, 곱창에 간이 안 베었더라고요?? 당면 물기 그대로 넣어서 더 끓여야 되겠다 생각했어요 곱창전골 나온 14분 ~ 먹기 직전 찍은 사진 31분 = 총 19분 끓이고 먹었는데도 영 간이 안 베고 너무 싱거워서 먹으라고 주신 고추와 마늘 넣어 더 끓였더니 그나마 먹을만해요. 다시는 안 갈듯 해요.",,,0,1,밑반찬 손도 안 댔습니다 첫 번째 사진 비주얼이라 1차 실망했고 손도 안 대고 나온 그대로 찍었어요 어묵에 빨간 양념이 묻어 있고 무말랭이인지 뭔지는 깔끔하게 담겨 있지도 않았어요 여기까지는 안 먹으면 되니까 잊고 본 메뉴 맛있게 먹자고 마음먹었는데요 곱창전골은 너무 맛있어 보여서 반찬은 잊어버리고 맛있게 먹으려고 메뉴판에 적힌 대로 끓을 때 3 5분 이상 더 끓여 간을 봤어요 근데 너무 싱겁고 당면 곱창에 간이 안 베었더라고요 당면 물기 그대로 넣어서 더 끓여야 되겠다 생각했어요 곱창전골 나온 14분 먹기 직전 찍은 사진 31분 총 19분 끓이고 먹었는데도 영 간이 안 베고 너무 싱거워서 먹으라고 주신 고추와 마늘 넣어 더 끓였더니 그나마 먹을만해요 다시는 안 갈듯 해요,395,380,0,0,1,1,1,1,0,7,1,1,0,0,0,0,0,1,5,1,3,1,3,1,0,0,0,0,1,0,0,0,0,1,0,1,0,1,0,0,0,0,1,1,0,0,0,0,0
태양곱창 성수점,vi****,47,2025.10.17,1번째 방문,영수증,여자친구가 좋아해서 자주오는데 성수점이 젤 맛있어요!,29,True,태양곱창,event,vi****,47,2025.10.17,1번째 방문,영수증,,여자친구가 좋아해서 자주오는데 성수점이 젤 맛있어요!,,,0,1,여자친구가 좋아해서 자주오는데 성수점이 젤 맛있어요,29,28,0,1,0,0,0,0,0,0,0,0,0,0,0,1,1,0,0,0,1,1,0,0,1,0,0,0,0,0,0,0,0,1,0,1,0,0,1,0,0,0,1,0,0,0,1,0,0
태양곱창 성수점,안쟁영,7,2026.02.15,1번째 방문,영수증,여자친구랑 두번째 왔는데 올때마다 너무 맛있게 먹구가요. 양도 많아서 엄청 배부르게 먹고갑니다. ??,55,True,태양곱창,event,안쟁영,7,2026.02.15,1번째 방문,영수증,,여자친구랑 두번째 왔는데 올때마다 너무 맛있게 먹구가요. 양도 많아서 엄청 배부르게 먹고갑니다. ??,,,0,1,여자친구랑 두번째 왔는데 올때마다 너무 맛있게 먹구가요 양도 많아서 엄청 배부르게 먹고갑니다,56,51,0,0,1,0,1,1,0,0,0,0,0,0,0,1,1,0,0,0,1,1,2,0,0,0,0,0,0,0,0,0,0,0,0,1,0,0,0,0,0,0,1,0,0,0,0,0,0
태양곱창 성수점,지에이몽,384,2025.12.20,1번째 방문,영수증,인스타보고 왔는데 맛있네요,14,True,태양곱창,event,지에이몽,384,2025.12.20,1번째 방문,영수증,,인스타보고 왔는데 맛있네요,,,0,1,인스타보고 왔는데 맛있네요,14,14,0,1,0,0,0,0,0,0,0,0,0,0,0,0,0,0,0,0,1,1,0,0,0,0,1,1,0,0,0,0,0,1,1,1,0,0,1,0,1,0,0,0,0,1,1,1,1
태양곱창 성수점,허윤90,49,2026.05.09,1번째 방문,영수증,역시 성수동 터줏대감 맛집 태양곱창이네요. 항상 웨이팅이 많아서 엄두도 못내다가 오늘 운 좋게 웨이팅이 할만했길래 기달리고 먹었더니 ㅎㅎ.. 인당 소주 3병 깠습니다. 곱창전골 꼭 드셔보세요 여러분!!,112,True,태양곱창,event,허윤90,49,2026.05.09,1번째 방문,영수증,,역시 성수동 터줏대감 맛집 태양곱창이네요. 항상 웨이팅이 많아서 엄두도 못내다가 오늘 운 좋게 웨이팅이 할만했길래 기달리고 먹었더니 ㅎㅎ.. 인당 소주 3병 깠습니다. 곱창전골 꼭 드셔보세요 여러분!!,,,0,1,역시 성수동 터줏대감 맛집 태양곱창이네요 항상 웨이팅이 많아서 엄두도 못내다가 오늘 운 좋게 웨이팅이 할만했길래 기달리고 먹었더니 인당 소주 3병 깠습니다 곱창전골 꼭 드셔보세요 여러분,112,103,0,0,1,1,1,1,0,4,1,1,2,1,1,0,0,1,0,0,1,1,0,0,2,0,0,0,1,0,0,0,0,1,0,1,0,1,0,0,0,0,1,1,0,0,0,0,0
태양곱창 성수점,스탠드4,11,2026.04.26,1번째 방문,영수증,맛있어요~~!!,8,True,태양곱창,event,스탠드4,11,2026.04.26,1번째 방문,영수증,,맛있어요~~!!,,,0,1,맛있어요,8,4,1,1,0,0,0,0,0,0,0,0,0,0,0,0,0,0,0,0,1,1,0,0,2,0,0,0,0,0,0,0,0,1,0,1,0,0,1,1,1,0,0,0,0,1,1,0,1
태양곱창 성수점,조은5732,10,2025.10.31,1번째 방문,영수증,돼지곱창 처음 먹어봤는데 진짜 맛있어요 ㅠㅠ 여기가 첨이라 이제 다른데 못갈거 같아요??,48,True,태양곱창,event,조은5732,10,2025.10.31,1번째 방문,영수증,,돼지곱창 처음 먹어봤는데 진짜 맛있어요 ㅠㅠ 여기가 첨이라 이제 다른데 못갈거 같아요??,,,0,1,돼지곱창 처음 먹어봤는데 진짜 맛있어요 여기가 첨이라 이제 다른데 못갈거 같아요,49,44,0,0,1,0,0,0,0,1,1,0,0,0,0,0,0,0,0,0,1,1,1,0,0,0,0,0,1,0,0,0,0,1,0,1,0,0,0,0,1,1,0,0,0,0,0,0,0
태양곱창 성수점,aaa51,44,2026.03.08,1번째 방문,영수증,매콤하고 맛있어요!!,11,True,태양곱창,event,aaa51,44,2026.03.08,1번째 방문,영수증,,매콤하고 맛있어요!!,,,0,1,매콤하고 맛있어요,11,9,0,1,0,0,1,1,0,0,0,0,0,0,0,0,0,0,0,0,1,1,0,0,2,0,0,0,0,0,0,0,0,1,0,1,0,0,1,0,0,0,0,0,0,0,0,0,0
태양곱창 성수점,sfasd49,19,2026.04.26,1번째 방문,영수증,맛있게 잘먹었습니다!,11,True,태양곱창,event,sfasd49,19,2026.04.26,1번째 방문,영수증,,맛있게 잘먹었습니다!,,,0,1,맛있게 잘먹었습니다,11,10,0,1,0,0,0,0,0,0,0,0,0,0,0,0,0,0,0,0,1,1,0,0,1,0,0,0,0,0,0,0,0,1,0,1,0,0,1,0,1,0,0,0,0,1,1,0,1
태양곱창 성수점,Jh0426,30,2025.09.30,1번째 방문,영수증,잠실점에서 먹어보고 성수에서는 처음 먹어보는데 너무 맛있어요!! 양도 많고 좋아요!!!,48,True,태양곱창,event,Jh0426,30,2025.09.30,1번째 방문,영수증,,잠실점에서 먹어보고 성수에서는 처음 먹어보는데 너무 맛있어요!! 양도 많고 좋아요!!!,,,0,1,잠실점에서 먹어보고 성수에서는 처음 먹어보는데 너무 맛있어요 양도 많고 좋아요,48,43,0,0,1,0,1,1,0,0,0,0,0,0,0,0,0,0,0,0,2,1,1,0,5,1,0,0,0,0,0,0,0,1,0,1,0,0,0,0,0,0,0,0,0,0,0,0,0
태양곱창 성수점,나나나아나나1,7,2026.02.21,1번째 방문,영수증,너무맛있습니다 또 올게요????,15,True,태양곱창,event,나나나아나나1,7,2026.02.21,1번째 방문,영수증,,너무맛있습니다 또 올게요????,,,0,1,너무맛있습니다 또 올게요,17,13,0,1,0,0,0,0,0,0,0,0,0,0,0,0,0,0,0,0,1,1,1,0,0,0,0,0,0,1,1,0,0,0,0,1,0,0,1,0,1,0,0,0,0,1,1,0,1
태양곱창 성수점,김강인32,40,2026.05.02,1번째 방문,영수증,야채가 신선해서 맛있고 곱창이 되게 쫄깃해서 강추합니다!!!,33,True,태양곱창,event,김강인32,40,2026.05.02,1번째 방문,영수증,,야채가 신선해서 맛있고 곱창이 되게 쫄깃해서 강추합니다!!!,,,0,1,야채가 신선해서 맛있고 곱창이 되게 쫄깃해서 강추합니다,33,30,0,0,1,0,1,1,0,1,1,0,0,0,0,0,0,0,0,0,2,1,0,0,3,1,0,0,0,0,0,0,0,1,0,1,0,1,0,0,0,0,0,1,0,0,0,0,0
태양곱창 성수점,병학,32,2025.08.17,1번째 방문,영수증,마라야채곱창이랑 곱창전골을 먹었는데 먹었던 곱창전골중에서 진짜 최고였습니다! 진짜 맛있었어요!,52,True,태양곱창,event,병학,32,2025.08.17,1번째 방문,영수증,,마라야채곱창이랑 곱창전골을 먹었는데 먹었던 곱창전골중에서 진짜 최고였습니다! 진짜 맛있었어요!,,,0,1,마라야채곱창이랑 곱창전골을 먹었는데 먹었던 곱창전골중에서 진짜 최고였습니다 진짜 맛있었어요,52,50,0,0,1,0,0,0,0,8,1,1,0,0,0,0,0,0,0,0,2,1,2,0,2,0,0,0,1,0,0,0,0,1,0,1,0,0,0,0,1,1,0,0,0,0,0,0,0
태양곱창 성수점,seo****,14,2026.02.12,1번째 방문,영수증,맛있어용!!!!,8,True,태양곱창,event,seo****,14,2026.02.12,1번째 방문,영수증,,맛있어용!!!!,,,0,1,맛있어용,8,4,1,1,0,0,0,0,0,0,0,0,0,0,0,0,0,0,0,0,1,1,0,0,4,1,0,0,0,0,0,0,0,1,0,1,0,0,1,1,1,0,0,0,0,1,1,0,1
태양곱창 성수점,znz****,42,2025.10.20,1번째 방문,영수증,매력있는 맛이에요 먹고있는데 계속 먹고싶은..?? 곱창도 야들야들하고 맛있어요 ㅠㅠ 양도 많고 직원분들도 친절하시고 또 오고싶어유!!!,75,True,태양곱창,event,znz****,42,2025.10.20,1번째 방문,영수증,,매력있는 맛이에요 먹고있는데 계속 먹고싶은..?? 곱창도 야들야들하고 맛있어요 ㅠㅠ 양도 많고 직원분들도 친절하시고 또 오고싶어유!!!,,,0,1,매력있는 맛이에요 먹고있는데 계속 먹고싶은 곱창도 야들야들하고 맛있어요 양도 많고 직원분들도 친절하시고 또 오고싶어유,75,65,0,0,1,1,1,1,0,1,1,0,2,1,1,0,0,0,0,0,1,1,0,0,3,1,0,0,0,0,0,0,0,1,0,1,0,1,0,0,0,0,1,1,0,0,0,0,0
태양곱창 성수점,ccc****,23,2026.04.02,3번째 방문,영수증,곱창 너무 맛있거 볶임밥이 계란볶음밥 같이 나와서 더 맛있어용 3번째 방문인데 성수 올 때 마다 먹으려구요 감사합니당,65,True,태양곱창,event,ccc****,23,2026.04.02,3번째 방문,영수증,,곱창 너무 맛있거 볶임밥이 계란볶음밥 같이 나와서 더 맛있어용 3번째 방문인데 성수 올 때 마다 먹으려구요 감사합니당,,,0,3,곱창 너무 맛있거 볶임밥이 계란볶음밥 같이 나와서 더 맛있어용 3번째 방문인데 성수 올 때 마다 먹으려구요 감사합니당,65,65,0,0,1,1,0,0,0,2,1,1,0,0,0,0,0,1,0,0,2,1,1,0,0,0,0,0,0,0,0,0,0,1,0,0,1,0,0,0,1,1,0,0,0,0,0,0,0
태양곱창 성수점,lee****,21,2025.10.11,1번째 방문,영수증,양도 많고 되게 맛있어요,13,True,태양곱창,event,lee****,21,2025.10.11,1번째 방문,영수증,,양도 많고 되게 맛있어요,,,0,1,양도 많고 되게 맛있어요,13,13,0,1,0,0,1,1,0,0,0,0,0,0,0,0,0,0,0,0,1,1,0,0,0,0,0,0,0,0,0,0,0,1,0,1,0,0,1,0,0,0,0,0,0,0,0,0,0
태양곱창 성수점,aof****,25,2025.11.23,1번째 방문,영수증,너무 맛있어요 웨이팅도 별로 없어서 운 좋게 들어왔네용ㅎㅎㅎ 추천해요,38,True,태양곱창,event,aof****,25,2025.11.23,1번째 방문,영수증,,너무 맛있어요 웨이팅도 별로 없어서 운 좋게 들어왔네용ㅎㅎㅎ 추천해요,,,0,1,너무 맛있어요 웨이팅도 별로 없어서 운 좋게 들어왔네용 추천해요,38,35,0,0,1,0,0,0,0,0,0,0,1,1,0,0,0,0,0,0,2,1,1,0,0,0,0,0,1,0,0,0,0,1,0,1,0,0,0,0,0,0,1,0,0,0,0,0,0
태양곱창 성수점,bbb b,52,2026.03.07,1번째 방문,영수증,잠실 본점에서 먹구 넘 맛있어서 성수로 또 먹으러 왔어요 !! 역시 태양곱창 곱창전골 존맛 .. ?? 다음에는 곱창구이도 뿌시러 올게요 ??????????,81,True,태양곱창,event,bbb b,52,2026.03.07,1번째 방문,영수증,,잠실 본점에서 먹구 넘 맛있어서 성수로 또 먹으러 왔어요 !! 역시 태양곱창 곱창전골 존맛 .. ?? 다음에는 곱창구이도 뿌시러 올게요 ??????????,,,0,1,잠실 본점에서 먹구 넘 맛있어서 성수로 또 먹으러 왔어요 역시 태양곱창 곱창전골 존맛 다음에는 곱창구이도 뿌시러 올게요,86,66,0,0,1,1,1,1,0,5,1,1,0,0,0,0,0,0,0,0,2,1,1,0,2,0,0,0,0,0,0,0,0,1,1,1,0,1,0,0,0,0,0,1,0,0,0,0,0
태양곱창 성수점,동양의V별,416,2025.11.26,1번째 방문,예약,2인분이 이렇게 많았던 건 처음인 것 같아요! 남길 뻔… 곱창도 정말 맛있었습니다 :),48,True,태양곱창,event,동양의V별,416,2025.11.26,1번째 방문,예약,,2인분이 이렇게 많았던 건 처음인 것 같아요! 남길 뻔… 곱창도 정말 맛있었습니다 :),,,0,1,2인분이 이렇게 많았던 건 처음인 것 같아요 남길 뻔 곱창도 정말 맛있었습니다,48,43,0,0,1,0,0,0,0,1,1,0,0,0,0,0,0,1,1,1,1,1,0,0,1,0,0,0,1,0,0,0,0,1,1,1,0,0,0,0,0,0,1,0,0,0,0,0,0
태양곱창 성수점,by****,33,2025.10.25,1번째 방문,영수증,맛있어서 재방문했어요 성수맛집,16,True,태양곱창,event,by****,33,2025.10.25,1번째 방문,영수증,,맛있어서 재방문했어요 성수맛집,,,0,1,맛있어서 재방문했어요 성수맛집,16,16,0,1,0,0,0,0,0,0,0,0,0,0,0,0,0,0,0,0,2,1,0,0,0,0,0,0,0,1,1,0,0,1,0,1,0,0,1,0,1,0,0,0,0,1,1,0,1
태양곱창 성수점,하하호요,40,2025.09.07,1번째 방문,영수증,줄이 길어서 기다릴까말까하다가 기다리고 먹었는데 존맛탱ㅋㅋㅋ 양 개많네요 ㅎㅅㅎ 콘치즈도 존맛탱,53,True,태양곱창,event,하하호요,40,2025.09.07,1번째 방문,영수증,,줄이 길어서 기다릴까말까하다가 기다리고 먹었는데 존맛탱ㅋㅋㅋ 양 개많네요 ㅎㅅㅎ 콘치즈도 존맛탱,,,0,1,줄이 길어서 기다릴까말까하다가 기다리고 먹었는데 존맛탱 양 개많네요 콘치즈도 존맛탱,53,46,0,0,1,0,1,1,0,1,1,0,0,0,0,0,0,0,0,0,0,0,2,0,0,0,0,0,0,0,0,0,0,1,0,1,0,1,0,0,0,0,0,1,0,0,0,0,0
태양곱창 성수점,tot****,70,2026.03.19,1번째 방문,영수증,야채곱창 맛도리 린정 !,13,True,태양곱창,event,tot****,70,2026.03.19,1번째 방문,영수증,,야채곱창 맛도리 린정 !,,,0,1,야채곱창 맛도리 린정,13,11,0,1,0,0,0,0,0,2,1,1,0,0,0,0,0,0,0,0,0,0,0,0,1,0,0,0,0,0,0,0,0,1,1,1,0,0,0,0,0,0,0,0,0,1,0,0,1
태양곱창 성수점,최예원45,8,2026.05.05,1번째 방문,영수증,곱창전골이 양도 많고 맛있고 직원분들도 다 친절하셔서 좋았어요!! 매장도 깨끗하고 모임하기에도 좋은 거 같아요 담에 또 올게용????????????,76,True,태양곱창,event,최예원45,8,2026.05.05,1번째 방문,영수증,,곱창전골이 양도 많고 맛있고 직원분들도 다 친절하셔서 좋았어요!! 매장도 깨끗하고 모임하기에도 좋은 거 같아요 담에 또 올게용????????????,,,0,1,곱창전골이 양도 많고 맛있고 직원분들도 다 친절하셔서 좋았어요 매장도 깨끗하고 모임하기에도 좋은 거 같아요 담에 또 올게용,82,68,0,0,1,1,1,1,0,3,1,1,3,1,1,0,0,0,0,0,1,1,0,0,2,0,0,0,0,0,0,0,0,0,0,1,0,1,0,0,0,0,1,1,0,0,0,0,0
태양곱창 성수점,현순13,1,2026.02.07,1번째 방문,영수증,웨이팅이 있는 만큼 맛있어요?(´?3?)⊃━☆ 양도 진짜 많고 곱창에서 냄새 안나서 곱창 먹고싶을때 방문해도 좋을것 같아요 ㅎㅎ,71,True,태양곱창,event,현순13,1,2026.02.07,1번째 방문,영수증,,웨이팅이 있는 만큼 맛있어요?(´?3?)⊃━☆ 양도 진짜 많고 곱창에서 냄새 안나서 곱창 먹고싶을때 방문해도 좋을것 같아요 ㅎㅎ,,,0,1,웨이팅이 있는 만큼 맛있어요 3 양도 진짜 많고 곱창에서 냄새 안나서 곱창 먹고싶을때 방문해도 좋을것 같아요,71,60,0,0,1,1,1,1,0,2,1,1,1,1,0,0,0,1,0,0,1,1,1,0,0,0,0,0,1,0,0,1,1,0,0,1,0,1,0,0,0,0,1,1,0,0,0,0,0
태양곱창 성수점,지원64,48,2025.10.20,1번째 방문,영수증,평일 저녁에 5분 정도 웨이팅하고 입장했어요! 전골이랑 야채곱창 다 먹어봤는데 전 야채곱창이 더 맛있는거 같아요!! 근데 둘 다 추천입니다..! 치즈 추가 필수.,90,True,태양곱창,event,지원64,48,2025.10.20,1번째 방문,영수증,,평일 저녁에 5분 정도 웨이팅하고 입장했어요! 전골이랑 야채곱창 다 먹어봤는데 전 야채곱창이 더 맛있는거 같아요!! 근데 둘 다 추천입니다..! 치즈 추가 필수.,,,0,1,평일 저녁에 5분 정도 웨이팅하고 입장했어요 전골이랑 야채곱창 다 먹어봤는데 전 야채곱창이 더 맛있는거 같아요 근데 둘 다 추천입니다 치즈 추가 필수,90,83,0,0,1,1,0,0,0,5,1,1,1,1,0,2,1,1,1,1,2,1,0,0,4,1,0,0,1,0,0,0,0,1,0,1,0,0,0,0,0,0,1,0,0,0,0,0,0
태양곱창 성수점,쏘몌밍,23,2026.01.04,1번째 방문,영수증,믿고 먹는 태양곱창 ! 흰쌀밥이랑 먹으면 진짜 맛있어요 ㅎㅎ 당면추가 필수~~????????,47,True,태양곱창,event,쏘몌밍,23,2026.01.04,1번째 방문,영수증,,믿고 먹는 태양곱창 ! 흰쌀밥이랑 먹으면 진짜 맛있어요 ㅎㅎ 당면추가 필수~~????????,,,0,1,믿고 먹는 태양곱창 흰쌀밥이랑 먹으면 진짜 맛있어요 당면추가 필수,51,36,0,0,1,0,1,1,0,1,1,0,0,0,0,0,0,0,0,0,1,1,1,0,1,0,0,0,1,0,0,0,0,1,0,1,0,1,0,0,0,0,0,1,0,0,0,0,0
태양곱창 성수점,안뇽안뇽얍,95,2025.08.21,1번째 방문,영수증,인스타로만보다 실제로 와서 보니 양도 많도 맛은 더더더ㅠ있어요!! 담엔 국밥도 먹어보고싶어용,51,True,태양곱창,event,안뇽안뇽얍,95,2025.08.21,1번째 방문,영수증,,인스타로만보다 실제로 와서 보니 양도 많도 맛은 더더더ㅠ있어요!! 담엔 국밥도 먹어보고싶어용,,,0,1,인스타로만보다 실제로 와서 보니 양도 많도 맛은 더더더 있어요 담엔 국밥도 먹어보고싶어용,51,49,0,0,1,0,1,1,0,0,0,0,0,0,0,0,0,0,0,0,0,0,0,0,2,0,1,1,0,0,0,0,0,1,1,1,0,0,0,0,0,0,0,0,0,0,0,1,0
태양곱창 성수점,jam****,61,2025.11.24,1번째 방문,영수증,곱창 소스와 찍어먹으면 맛있어요. 진짜 맛있어요,26,True,태양곱창,event,jam****,61,2025.11.24,1번째 방문,영수증,,곱창 소스와 찍어먹으면 맛있어요. 진짜 맛있어요,,,0,1,곱창 소스와 찍어먹으면 맛있어요 진짜 맛있어요,26,25,0,1,0,0,0,0,0,1,1,0,0,0,0,0,0,0,0,0,2,1,1,0,0,0,0,0,1,0,0,0,0,1,1,1,0,0,1,0,1,1,0,0,0,1,1,0,1
태양곱창 성수점,도리이,86,2026.04.08,1번째 방문,영수증,곱창 잡내 안나서 맛있어요!!,16,True,태양곱창,event,도리이,86,2026.04.08,1번째 방문,영수증,,곱창 잡내 안나서 맛있어요!!,,,0,1,곱창 잡내 안나서 맛있어요,16,14,0,1,0,0,1,1,0,1,1,0,0,0,0,0,0,0,0,0,1,1,0,0,2,0,0,0,0,0,0,0,0,1,1,1,0,1,1,0,0,0,0,0,0,0,0,0,0
태양곱창 성수점,화끈한 서팔광,53,2025.11.12,1번째 방문,영수증,또또또간집입니다. 올때마다 너무 맛있는데 오늘은 웨이팅도 있네요! 잘먹었습니다,43,True,태양곱창,event,화끈한 서팔광,53,2025.11.12,1번째 방문,영수증,,또또또간집입니다. 올때마다 너무 맛있는데 오늘은 웨이팅도 있네요! 잘먹었습니다,,,0,1,또또또간집입니다 올때마다 너무 맛있는데 오늘은 웨이팅도 있네요 잘먹었습니다,43,41,0,0,1,0,0,0,0,0,0,0,1,1,0,0,0,0,0,0,1,1,1,0,1,0,0,0,0,0,0,0,0,1,1,1,0,0,0,0,0,0,1,0,0,0,0,0,0
태양곱창 성수점,xmnisx,39,2025.09.17,1번째 방문,영수증,인스타에서 보고왔는데 너무너무 맛있어용. 무조건 담에도 또 올 것 같습니당,41,True,태양곱창,event,xmnisx,39,2025.09.17,1번째 방문,영수증,,인스타에서 보고왔는데 너무너무 맛있어용. 무조건 담에도 또 올 것 같습니당,,,0,1,인스타에서 보고왔는데 너무너무 맛있어용 무조건 담에도 또 올 것 같습니당,41,40,0,0,1,0,0,0,0,0,0,0,0,0,0,0,0,0,0,0,1,1,2,0,0,0,1,1,0,0,0,0,0,1,0,1,0,0,0,0,1,0,0,0,0,0,0,1,0
태양곱창 성수점,네로64,14,2026.04.18,1번째 방문,영수증,좋아요,3,True,태양곱창,event,네로64,14,2026.04.18,1번째 방문,영수증,,좋아요,,,0,1,좋아요,3,3,1,1,0,0,0,0,0,0,0,0,0,0,0,0,0,0,0,0,1,1,0,0,0,0,0,0,0,0,0,0,0,1,0,1,0,0,1,1,1,0,0,0,0,1,1,0,1
태양곱창 성수점,JayShin659,5,2026.04.15,1번째 방문,영수증,"이곳은 최악의 음식점입니다. Don't go to the worst restaurant 곱창구이 시켰습니다.느끼해서 옆테이블에 있는 볶음밥보고 추가하려다가 노파심에 여기(곱창구이)에 저 볶음밥은 안되나요 물었더니 따로 그릇에 나올거라 말씀주셔서 안심하고 시켰더니 하~얀 볶음밥이 나오더군요..이게 맞냐고 물었더니, 문신 많으신 분이 전골이 아니면 이렇게 나오는게 맞답니다. 여러분은 곱창집에서 하얀 볶음밥을 보거나 드신 분이 계신가요? 맞다고 하니 그냥 전골 추가로 시켰습니다. 둘이서 십만원 썼네요. 진짜문제는 전골에 돼지곱창 특유의 비린잡내가 매우 심합니다. 역겨울 정도로 잡내가 심합니다. 젊으신 분들은 술 드시며 성수에 기분 내시러 오시겠지만, 성수 오랫동안 살아온 입장에서 이 가게 비추입니다.딴데 가셔요",399,True,태양곱창,event,JayShin659,5,2026.04.15,1번째 방문,영수증,,"이곳은 최악의 음식점입니다. Don't go to the worst restaurant 곱창구이 시켰습니다.느끼해서 옆테이블에 있는 볶음밥보고 추가하려다가 노파심에 여기(곱창구이)에 저 볶음밥은 안되나요 물었더니 따로 그릇에 나올거라 말씀주셔서 안심하고 시켰더니 하~얀 볶음밥이 나오더군요..이게 맞냐고 물었더니, 문신 많으신 분이 전골이 아니면 이렇게 나오는게 맞답니다. 여러분은 곱창집에서 하얀 볶음밥을 보거나 드신 분이 계신가요? 맞다고 하니 그냥 전골 추가로 시켰습니다. 둘이서 십만원 썼네요. 진짜문제는 전골에 돼지곱창 특유의 비린잡내가 매우 심합니다. 역겨울 정도로 잡내가 심합니다. 젊으신 분들은 술 드시며 성수에 기분 내시러 오시겠지만, 성수 오랫동안 살아온 입장에서 이 가게 비추입니다.딴데 가셔요",,,0,1,이곳은 최악의 음식점입니다 Don t go to the worst restaurant 곱창구이 시켰습니다 느끼해서 옆테이블에 있는 볶음밥보고 추가하려다가 노파심에 여기 곱창구이 에 저 볶음밥은 안되나요 물었더니 따로 그릇에 나올거라 말씀주셔서 안심하고 시켰더니 하 얀 볶음밥이 나오더군요 이게 맞냐고 물었더니 문신 많으신 분이 전골이 아니면 이렇게 나오는게 맞답니다 여러분은 곱창집에서 하얀 볶음밥을 보거나 드신 분이 계신가요 맞다고 하니 그냥 전골 추가로 시켰습니다 둘이서 십만원 썼네요 진짜문제는 전골에 돼지곱창 특유의 비린잡내가 매우 심합니다 역겨울 정도로 잡내가 심합니다 젊으신 분들은 술 드시며 성수에 기분 내시러 오시겠지만 성수 오랫동안 살아온 입장에서 이 가게 비추입니다 딴데 가셔요,399,389,0,0,1,1,3,1,1,11,1,1,0,0,0,1,1,0,0,0,0,0,1,0,0,0,0,0,0,0,0,0,1,0,0,1,0,1,0,0,0,0,1,1,1,0,0,0,0
태양곱창 성수점,Jqbdiq,3,2025.11.07,1번째 방문,영수증,두번째 방문... 진짜 넘 맛잇어요ㅠㅠ,21,True,태양곱창,event,Jqbdiq,3,2025.11.07,1번째 방문,영수증,,두번째 방문... 진짜 넘 맛잇어요ㅠㅠ,,,0,1,두번째 방문 진짜 넘 맛잇어요,21,16,0,1,0,0,0,0,0,0,0,0,0,0,0,0,0,0,0,0,1,1,1,0,0,0,0,0,0,0,0,0,1,0,0,1,0,0,1,0,1,0,0,0,0,1,1,0,1
태양곱창 성수점,박도운,29,2025.11.09,1번째 방문,영수증,살짝 매콤하게 양도 많고 맛있게 잘 먹었습니다,25,True,태양곱창,event,박도운,29,2025.11.09,1번째 방문,영수증,,살짝 매콤하게 양도 많고 맛있게 잘 먹었습니다,,,0,1,살짝 매콤하게 양도 많고 맛있게 잘 먹었습니다,25,25,0,1,0,0,2,1,1,0,0,0,0,0,0,0,0,0,0,0,1,1,0,0,0,0,0,0,0,0,0,0,0,1,0,1,0,0,1,0,0,0,0,0,0,0,0,0,0
태양곱창 성수점,모아moa커플,40,2026.02.11,1번째 방문,영수증,우선 너무 맛있고 시간 지나니까 사람들 많아지더라고용 &gt;&lt; 맛있어서 추천드립니당,50,True,태양곱창,event,모아moa커플,40,2026.02.11,1번째 방문,영수증,,우선 너무 맛있고 시간 지나니까 사람들 많아지더라고용 &gt;&lt; 맛있어서 추천드립니당,,,0,1,우선 너무 맛있고 시간 지나니까 사람들 많아지더라고용 gt lt 맛있어서 추천드립니당,50,47,0,0,1,0,0,0,0,0,0,0,0,0,0,0,0,0,0,0,3,1,1,0,0,0,0,0,0,0,0,0,0,1,0,1,0,0,0,0,1,0,0,0,0,0,0,0,0
태양곱창 성수점,spo****,13,2026.01.12,1번째 방문,예약,야채곱창 기본맛 2인분 먹었어요 너무 맛있어서 지금 또 먹고싶어요…. 근데 저는 맵찔이라서 기본맛도 매콤했어요!,62,True,태양곱창,event,spo****,13,2026.01.12,1번째 방문,예약,,야채곱창 기본맛 2인분 먹었어요 너무 맛있어서 지금 또 먹고싶어요…. 근데 저는 맵찔이라서 기본맛도 매콤했어요!,,,0,1,야채곱창 기본맛 2인분 먹었어요 너무 맛있어서 지금 또 먹고싶어요 근데 저는 맵찔이라서 기본맛도 매콤했어요,62,59,0,0,1,1,1,1,0,2,1,1,0,0,0,0,0,1,1,1,1,1,1,0,1,0,0,0,1,0,0,0,0,1,0,1,0,1,0,0,0,0,1,1,0,0,0,0,0
태양곱창 성수점,박박디라라32,28,2026.04.10,1번째 방문,영수증,맛있아요!!!!!,9,True,태양곱창,event,박박디라라32,28,2026.04.10,1번째 방문,영수증,,맛있아요!!!!!,,,0,1,맛있아요,9,4,1,1,0,0,0,0,0,0,0,0,0,0,0,0,0,0,0,0,1,1,0,0,5,1,0,0,0,0,0,0,0,1,0,1,0,0,1,1,1,0,0,0,0,1,1,0,1
태양곱창 성수점,여농이,42,2026.01.24,1번째 방문,영수증,양이 많고 맛있어요!!,12,True,태양곱창,event,여농이,42,2026.01.24,1번째 방문,영수증,,양이 많고 맛있어요!!,,,0,1,양이 많고 맛있어요,12,10,0,1,0,0,1,1,0,0,0,0,0,0,0,0,0,0,0,0,1,1,0,0,2,0,0,0,0,0,0,0,0,1,0,1,0,0,1,0,0,0,0,0,0,0,0,0,0
태양곱창 성수점,883****,67,2025.11.17,1번째 방문,영수증,음식이 맛있고 가성비가 좋아요,16,True,태양곱창,event,883****,67,2025.11.17,1번째 방문,영수증,,음식이 맛있고 가성비가 좋아요,,,0,1,음식이 맛있고 가성비가 좋아요,16,16,0,1,0,0,0,0,0,0,0,0,1,1,0,0,0,0,0,0,2,1,0,0,0,0,0,0,0,0,0,0,0,1,1,1,0,0,1,0,0,0,1,0,0,0,1,0,0
태양곱창 성수점,용쏭714,841,2025.08.06,1번째 방문,영수증,성수 약속있는데 친구가 강추해서 왔는데 너무 맛있네요! 계획에 없던 술까지~ 곱창 가득하고 잡내없고 매장도 깔끔하고 사장님도 친절하시고 약속있을때 또 올꺼같아요????,91,True,태양곱창,event,용쏭714,841,2025.08.06,1번째 방문,영수증,,성수 약속있는데 친구가 강추해서 왔는데 너무 맛있네요! 계획에 없던 술까지~ 곱창 가득하고 잡내없고 매장도 깔끔하고 사장님도 친절하시고 약속있을때 또 올꺼같아요????,,,0,1,성수 약속있는데 친구가 강추해서 왔는데 너무 맛있네요 계획에 없던 술까지 곱창 가득하고 잡내없고 매장도 깔끔하고 사장님도 친절하시고 약속있을때 또 올꺼같아요,93,87,0,0,1,1,1,1,0,1,1,0,2,1,1,1,1,0,0,0,2,1,1,0,1,0,0,0,0,0,0,0,0,1,1,1,0,1,0,0,0,0,1,1,0,0,0,0,0
태양곱창 성수점,yeeunii,41,2026.04.12,1번째 방문,영수증,항상 사람 많아서 한번 와봐야지 했는데 맛있네용 창가쪽 자리라 야장 느낌도 나고 좋았어요~~,51,True,태양곱창,event,yeeunii,41,2026.04.12,1번째 방문,영수증,,항상 사람 많아서 한번 와봐야지 했는데 맛있네용 창가쪽 자리라 야장 느낌도 나고 좋았어요~~,,,0,1,항상 사람 많아서 한번 와봐야지 했는데 맛있네용 창가쪽 자리라 야장 느낌도 나고 좋았어요,51,49,0,0,1,0,0,0,0,0,0,0,1,1,0,0,0,0,0,0,1,1,0,0,0,0,0,0,0,0,0,0,0,1,0,1,0,0,0,0,0,0,1,0,0,0,0,0,0
태양곱창 성수점,hay****,48,2025.12.20,1번째 방문,영수증,"연말약속으로 따뜻한 국물메뉴로 원했는데 딱 지나가다가태 양 곱창 있어서 바로 들어갔습니당!! 다른 지점에서 먹어 봤는데, 성수점도 역시 맛있어요~!! 직원분들도 너무 친절하시고 다음에 또 올게요!!",110,True,태양곱창,event,hay****,48,2025.12.20,1번째 방문,영수증,,"연말약속으로 따뜻한 국물메뉴로 원했는데 딱 지나가다가태 양 곱창 있어서 바로 들어갔습니당!! 다른 지점에서 먹어 봤는데, 성수점도 역시 맛있어요~!! 직원분들도 너무 친절하시고 다음에 또 올게요!!",,,0,1,연말약속으로 따뜻한 국물메뉴로 원했는데 딱 지나가다가태 양 곱창 있어서 바로 들어갔습니당 다른 지점에서 먹어 봤는데 성수점도 역시 맛있어요 직원분들도 너무 친절하시고 다음에 또 올게요,110,102,0,0,1,1,2,1,1,1,1,0,2,1,1,0,0,0,0,0,1,1,1,0,6,1,0,0,0,1,1,0,0,1,0,1,0,1,0,0,0,0,1,1,1,0,0,0,0
태양곱창 성수점,Zzz2834,1489,2026.03.20,1번째 방문,영수증,야채곱창 기본맛 매웠지만 맛있었어용~~,21,True,태양곱창,event,Zzz2834,1489,2026.03.20,1번째 방문,영수증,,야채곱창 기본맛 매웠지만 맛있었어용~~,,,0,1,야채곱창 기본맛 매웠지만 맛있었어용,21,19,0,1,0,0,0,0,0,2,1,1,0,0,0,0,0,0,0,0,1,1,0,0,0,0,0,0,0,0,0,0,0,1,1,1,0,0,1,0,1,1,0,0,0,1,1,0,1
태양곱창 성수점,doxyonin,25,2026.02.14,1번째 방문,영수증,잡내도 없고 너무 맛있어요 다음에 또 올게요~!! ??,29,True,태양곱창,event,doxyonin,25,2026.02.14,1번째 방문,영수증,,잡내도 없고 너무 맛있어요 다음에 또 올게요~!! ??,,,0,1,잡내도 없고 너무 맛있어요 다음에 또 올게요,30,24,0,0,1,0,1,1,0,0,0,0,0,0,0,0,0,0,0,0,1,1,1,0,2,0,0,0,0,1,1,0,0,1,0,1,0,0,0,0,0,0,0,0,0,0,0,0,0
태양곱창 성수점,DongX2,89,2025.12.04,1번째 방문,영수증,성수 대표 곱창 맛집 맛있어요!!!!,20,True,태양곱창,event,DongX2,89,2025.12.04,1번째 방문,영수증,,성수 대표 곱창 맛집 맛있어요!!!!,,,0,1,성수 대표 곱창 맛집 맛있어요,20,16,0,1,0,0,0,0,0,1,1,0,0,0,0,0,0,0,0,0,2,1,0,0,4,1,0,0,0,0,0,0,0,1,1,1,0,0,1,0,1,1,0,0,0,1,1,0,1
태양곱창 성수점,설우민,20,2026.03.27,1번째 방문,영수증,존맛존맛존맛,6,True,태양곱창,event,설우민,20,2026.03.27,1번째 방문,영수증,,존맛존맛존맛,,,0,1,존맛존맛존맛,6,6,1,1,0,0,0,0,0,0,0,0,0,0,0,0,0,0,0,0,0,0,3,1,0,0,0,0,0,0,0,0,0,1,0,1,0,0,0,0,0,0,0,0,0,1,0,0,1
태양곱창 성수점,ju****,1445,2025.12.13,1번째 방문,영수증,웨이팅은 있지만 그만큼 맛있어요!! 방문 추천!!!,28,True,태양곱창,event,ju****,1445,2025.12.13,1번째 방문,영수증,,웨이팅은 있지만 그만큼 맛있어요!! 방문 추천!!!,,,0,1,웨이팅은 있지만 그만큼 맛있어요 방문 추천,28,23,0,1,0,0,0,0,0,0,0,0,1,1,0,0,0,0,0,0,2,1,0,0,5,1,0,0,0,0,0,0,0,1,1,1,0,0,1,0,0,0,1,0,0,0,1,0,0
태양곱창 성수점,rhk****,15,2026.03.29,1번째 방문,영수증,진짜진짜 맛있어요!!!,12,True,태양곱창,event,rhk****,15,2026.03.29,1번째 방문,영수증,,진짜진짜 맛있어요!!!,,,0,1,진짜진짜 맛있어요,12,9,0,1,0,0,0,0,0,0,0,0,0,0,0,0,0,0,0,0,1,1,2,0,3,1,0,0,1,0,0,0,0,1,0,1,0,0,1,0,1,0,0,0,0,1,1,0,1
태양곱창 성수점,jsjsbs82,17,2026.03.28,1번째 방문,영수증,맛있어요,4,True,태양곱창,event,jsjsbs82,17,2026.03.28,1번째 방문,영수증,,맛있어요,,,0,1,맛있어요,4,4,1,1,0,0,0,0,0,0,0,0,0,0,0,0,0,0,0,0,1,1,0,0,0,0,0,0,0,0,0,0,0,1,0,1,0,0,1,1,1,0,0,0,0,1,1,0,1
태양곱창 성수점,psy****,17,2025.11.22,1번째 방문,영수증,꼭드세요 꼭꼭 웨이팅 하고 먹을 만함 굿굿,23,True,태양곱창,event,psy****,17,2025.11.22,1번째 방문,영수증,,꼭드세요 꼭꼭 웨이팅 하고 먹을 만함 굿굿,,,0,1,꼭드세요 꼭꼭 웨이팅 하고 먹을 만함 굿굿,23,23,0,1,0,0,0,0,0,0,0,0,1,1,0,0,0,0,0,0,0,0,0,0,0,0,0,0,0,0,0,0,0,1,0,1,0,0,0,0,0,0,1,0,0,0,0,0,0
태양곱창 성수점,쿨쿨핑,85,2025.08.27,1번째 방문,영수증,양 엄청 많고 맛있어요!!!! 곱창전골도 최고에요,27,True,태양곱창,event,쿨쿨핑,85,2025.08.27,1번째 방문,영수증,,양 엄청 많고 맛있어요!!!! 곱창전골도 최고에요,,,0,1,양 엄청 많고 맛있어요 곱창전골도 최고에요,27,23,0,1,0,0,1,1,0,3,1,1,0,0,0,0,0,0,0,0,2,1,1,0,4,1,0,0,0,0,0,0,0,1,1,1,0,1,1,0,0,0,0,0,0,0,0,0,0
태양곱창 성수점,JYR35,21,2025.11.23,1번째 방문,영수증,"음식 양이 정말 많고, 잡내가 안 나서 좋은거 같아요. 처음 방문해봤는데 매장도 쾌적하고 종종 들릴거 같습니다.",62,True,태양곱창,event,JYR35,21,2025.11.23,1번째 방문,영수증,,"음식 양이 정말 많고, 잡내가 안 나서 좋은거 같아요. 처음 방문해봤는데 매장도 쾌적하고 종종 들릴거 같습니다.",,,0,1,음식 양이 정말 많고 잡내가 안 나서 좋은거 같아요 처음 방문해봤는데 매장도 쾌적하고 종종 들릴거 같습니다,62,59,0,0,1,1,2,1,1,0,0,0,1,1,0,0,0,0,0,0,0,0,0,0,0,0,0,0,0,0,0,0,0,1,0,1,0,0,0,0,0,0,1,0,1,0,0,0,0
태양곱창 성수점,khy****,107,2026.03.28,1번째 방문,영수증,너무 맛있고 양많아오 추천해요,16,True,태양곱창,event,khy****,107,2026.03.28,1번째 방문,영수증,,너무 맛있고 양많아오 추천해요,,,0,1,너무 맛있고 양많아오 추천해요,16,16,0,1,0,0,1,1,0,0,0,0,0,0,0,0,0,0,0,0,2,1,1,0,0,0,0,0,0,0,0,0,0,1,1,1,0,0,1,0,0,0,0,0,0,0,0,0,0
태양곱창 성수점,채리퐁,66,2025.12.04,1번째 방문,영수증,비가와서 급하게 평일 저녁에 방문했는데 사람이 진짜 많있는데 운 좋게 바로 앉았아용 ㅎ??ㅎ?? 맛도 맛있구 잘 먹고 갑미댱~ 매운맛이 조금 짠? 느낌이 있는데 그것만 조절이 되면 좋을 거 같아요윻ㅎ,111,True,태양곱창,event,채리퐁,66,2025.12.04,1번째 방문,영수증,,비가와서 급하게 평일 저녁에 방문했는데 사람이 진짜 많있는데 운 좋게 바로 앉았아용 ㅎ??ㅎ?? 맛도 맛있구 잘 먹고 갑미댱~ 매운맛이 조금 짠? 느낌이 있는데 그것만 조절이 되면 좋을 거 같아요윻ㅎ,,,0,1,비가와서 급하게 평일 저녁에 방문했는데 사람이 진짜 많있는데 운 좋게 바로 앉았아용 맛도 맛있구 잘 먹고 갑미댱 매운맛이 조금 짠 느낌이 있는데 그것만 조절이 되면 좋을 거 같아요윻,111,101,0,0,1,1,1,1,0,0,0,0,0,0,0,2,1,0,0,0,1,1,1,0,0,0,0,0,1,0,0,0,0,1,1,1,0,0,0,0,0,0,1,0,0,0,0,0,0
태양곱창 성수점,신방화역살인마,38,2026.04.10,1번째 방문,영수증,우와 양많구 넘 맛있어요~~,15,True,태양곱창,event,신방화역살인마,38,2026.04.10,1번째 방문,영수증,,우와 양많구 넘 맛있어요~~,,,0,1,우와 양많구 넘 맛있어요,15,13,0,1,0,0,1,1,0,0,0,0,0,0,0,0,0,0,0,0,2,1,0,0,0,0,0,0,0,0,0,0,0,1,0,1,0,0,1,0,0,0,0,0,0,0,0,0,0
태양곱창 성수점,윤영준20,13,2026.02.25,1번째 방문,영수증,태양곱창 전에는 웨이팅 하고 먹었었는데 오늘은 바로 입장 해서 먹었습니다! 역시 맛있고 마라곱창 ㅈㅁㅌ!,58,True,태양곱창,event,윤영준20,13,2026.02.25,1번째 방문,영수증,,태양곱창 전에는 웨이팅 하고 먹었었는데 오늘은 바로 입장 해서 먹었습니다! 역시 맛있고 마라곱창 ㅈㅁㅌ!,,,0,1,태양곱창 전에는 웨이팅 하고 먹었었는데 오늘은 바로 입장 해서 먹었습니다 역시 맛있고 마라곱창,58,52,0,0,1,0,1,1,0,3,1,1,1,1,0,0,0,0,0,0,1,1,0,0,2,0,0,0,0,0,0,0,0,1,0,1,0,1,0,0,0,0,1,1,0,0,0,0,0
태양곱창 성수점,함먀,112,2025.09.22,1번째 방문,영수증,길 가다가 우연히 발견해서 들어왔는데 진짜 맛있네욥!! 야채곱창 안조아하는 남편도 맛있다고 먹었어용 ㅎㅎ 다음에는 차 놓고 와서 소맥함께 먹으면 더 맛있겠네여~~,90,True,태양곱창,event,함먀,112,2025.09.22,1번째 방문,영수증,,길 가다가 우연히 발견해서 들어왔는데 진짜 맛있네욥!! 야채곱창 안조아하는 남편도 맛있다고 먹었어용 ㅎㅎ 다음에는 차 놓고 와서 소맥함께 먹으면 더 맛있겠네여~~,,,0,1,길 가다가 우연히 발견해서 들어왔는데 진짜 맛있네욥 야채곱창 안조아하는 남편도 맛있다고 먹었어용 다음에는 차 놓고 와서 소맥함께 먹으면 더 맛있겠네여,90,83,0,0,1,1,0,0,0,2,1,1,0,0,0,0,0,0,0,0,3,1,1,0,2,0,0,0,1,0,0,0,0,1,1,1,0,0,0,0,1,1,0,0,0,0,0,0,0
태양곱창 성수점,kd****,20,2026.02.28,1번째 방문,영수증,국물 맛 최고입니당 예전부터 먹어보고 싶었는데 오길 잘했네용!,34,True,태양곱창,event,kd****,20,2026.02.28,1번째 방문,영수증,,국물 맛 최고입니당 예전부터 먹어보고 싶었는데 오길 잘했네용!,,,0,1,국물 맛 최고입니당 예전부터 먹어보고 싶었는데 오길 잘했네용,34,33,0,0,1,0,1,1,0,0,0,0,0,0,0,0,0,0,0,0,1,1,0,0,1,0,0,0,1,0,0,0,0,1,0,1,0,0,0,0,0,0,0,0,0,0,0,0,0
태양곱창 성수점,불만 없제,2,2025.11.09,1번째 방문,예약,내장 순대 국밥 먹고 왔는데 이거 국밥 아님 당면순대에 잡내나는 無맛의 무언가임,44,True,태양곱창,event,불만 없제,2,2025.11.09,1번째 방문,예약,,내장 순대 국밥 먹고 왔는데 이거 국밥 아님 당면순대에 잡내나는 無맛의 무언가임,,,0,1,내장 순대 국밥 먹고 왔는데 이거 국밥 아님 당면순대에 잡내나는 맛의 무언가임,44,43,0,0,1,0,1,1,0,0,0,0,0,0,0,0,0,0,0,0,0,0,0,0,0,0,0,0,0,0,0,0,1,0,0,1,0,0,0,0,0,0,0,0,0,0,0,0,0
태양곱창 성수점,ajj****,30,2026.04.02,1번째 방문,영수증,리뷰보고 처음 방문해봤는데 직원들도 완전 친절하시고 짱 맛있어요!!!!!,40,True,태양곱창,event,ajj****,30,2026.04.02,1번째 방문,영수증,,리뷰보고 처음 방문해봤는데 직원들도 완전 친절하시고 짱 맛있어요!!!!!,,,0,1,리뷰보고 처음 방문해봤는데 직원들도 완전 친절하시고 짱 맛있어요,40,35,0,0,1,0,0,0,0,0,0,0,2,1,1,0,0,0,0,0,1,1,2,0,5,1,0,0,0,0,0,0,0,1,0,1,0,0,0,0,0,0,1,0,0,0,0,0,0
태양곱창 성수점,니캉내캉39,1,2025.10.07,1번째 방문,영수증,곱창이 쫀득쫀득하구 맛있어요! 맵지 않아서 아이들도 잘 먹었어요,35,True,태양곱창,event,니캉내캉39,1,2025.10.07,1번째 방문,영수증,,곱창이 쫀득쫀득하구 맛있어요! 맵지 않아서 아이들도 잘 먹었어요,,,0,1,곱창이 쫀득쫀득하구 맛있어요 맵지 않아서 아이들도 잘 먹었어요,35,34,0,0,1,0,0,0,0,1,1,0,0,0,0,0,0,0,0,0,1,1,0,0,1,0,0,0,0,0,0,1,1,0,0,1,0,0,0,0,1,1,0,0,0,0,0,0,0
태양곱창 성수점,ei****,39,2026.02.13,1번째 방문,영수증,곱창이 급 땡겨서 먹으러 왔는데 양도 많고 맛있었어요!! 성수에서 오랜만에 맛집을 찾은 기분..??,54,True,태양곱창,event,ei****,39,2026.02.13,1번째 방문,영수증,,곱창이 급 땡겨서 먹으러 왔는데 양도 많고 맛있었어요!! 성수에서 오랜만에 맛집을 찾은 기분..??,,,0,1,곱창이 급 땡겨서 먹으러 왔는데 양도 많고 맛있었어요 성수에서 오랜만에 맛집을 찾은 기분,55,49,0,0,1,0,1,1,0,1,1,0,0,0,0,0,0,0,0,0,2,1,0,0,2,0,0,0,0,0,0,0,0,1,0,1,0,1,0,0,0,0,0,1,0,0,0,0,0
태양곱창 성수점,jmi****,29,2025.10.18,1번째 방문,영수증,양도 만호 넘 맛나요,11,True,태양곱창,event,jmi****,29,2025.10.18,1번째 방문,영수증,,양도 만호 넘 맛나요,,,0,1,양도 만호 넘 맛나요,11,11,0,1,0,0,1,1,0,0,0,0,0,0,0,0,0,0,0,0,1,1,0,0,0,0,0,0,0,0,0,0,0,1,0,1,0,0,1,0,0,0,0,0,0,0,0,0,0
태양곱창 성수점,wnd****,31,2025.12.15,1번째 방문,영수증,너무 맛있습니다 ㅎㅎ!! 냄새도 안나고 최고!!??,27,True,태양곱창,event,wnd****,31,2025.12.15,1번째 방문,영수증,,너무 맛있습니다 ㅎㅎ!! 냄새도 안나고 최고!!??,,,0,1,너무 맛있습니다 냄새도 안나고 최고,28,19,0,1,0,0,0,0,0,0,0,0,0,0,0,0,0,0,0,0,2,1,1,0,4,1,0,0,0,0,0,0,0,1,0,1,0,0,1,0,1,0,0,0,0,1,1,0,1
태양곱창 성수점,eks3,41,2025.09.26,1번째 방문,영수증,인스타 릴스 보고 왔는데 맛있네요!! 간단하게 곱창먹기 좋아요 ㅎㅎ 얼큰하고 칼칼한게 또 오고 싶네요ㅎㅎ,58,True,태양곱창,event,eks3,41,2025.09.26,1번째 방문,영수증,,인스타 릴스 보고 왔는데 맛있네요!! 간단하게 곱창먹기 좋아요 ㅎㅎ 얼큰하고 칼칼한게 또 오고 싶네요ㅎㅎ,,,0,1,인스타 릴스 보고 왔는데 맛있네요 간단하게 곱창먹기 좋아요 얼큰하고 칼칼한게 또 오고 싶네요,58,51,0,0,1,0,2,1,1,1,1,0,0,0,0,0,0,0,0,0,2,1,0,0,2,0,2,1,0,0,0,0,0,1,0,1,0,1,0,0,0,0,0,1,0,0,0,1,0
태양곱창 성수점,맛집냄새잘맡음,50,2026.01.18,1번째 방문,영수증,곱전 맛집이에오! 냄새도 안나고 직원분들도 친절해요~!,30,True,태양곱창,event,맛집냄새잘맡음,50,2026.01.18,1번째 방문,영수증,,곱전 맛집이에오! 냄새도 안나고 직원분들도 친절해요~!,,,0,1,곱전 맛집이에오 냄새도 안나고 직원분들도 친절해요,30,27,0,0,1,0,0,0,0,0,0,0,2,1,1,0,0,0,0,0,1,1,0,0,2,0,0,0,0,0,0,0,0,1,1,1,0,0,0,0,0,0,1,0,0,0,0,0,0
태양곱창 성수점,dms****,117,2026.01.12,1번째 방문,영수증,볶음보다 전골이 맛있어요~!,15,True,태양곱창,event,dms****,117,2026.01.12,1번째 방문,영수증,,볶음보다 전골이 맛있어요~!,,,0,1,볶음보다 전골이 맛있어요,15,13,0,1,0,0,0,0,0,1,1,0,0,0,0,0,0,0,0,0,1,1,0,0,1,0,0,0,0,0,0,0,0,1,1,1,0,0,1,0,1,1,0,0,0,1,1,0,1
태양곱창 성수점,처lz1문,36,2026.03.08,1번째 방문,영수증,맛있어요!,5,True,태양곱창,event,처lz1문,36,2026.03.08,1번째 방문,영수증,,맛있어요!,,,0,1,맛있어요,5,4,1,1,0,0,0,0,0,0,0,0,0,0,0,0,0,0,0,0,1,1,0,0,1,0,0,0,0,0,0,0,0,1,0,1,0,0,1,1,1,0,0,0,0,1,1,0,1
태양곱창 성수점,물에못뜸,9,2026.04.12,1번째 방문,영수증,맛있어요~,5,True,태양곱창,event,물에못뜸,9,2026.04.12,1번째 방문,영수증,,맛있어요~,,,0,1,맛있어요,5,4,1,1,0,0,0,0,0,0,0,0,0,0,0,0,0,0,0,0,1,1,0,0,0,0,0,0,0,0,0,0,0,0,0,1,0,0,1,1,1,0,0,0,0,1,1,0,1
태양곱창 성수점,감자동동동동,25,2026.01.29,1번째 방문,영수증,태양곱창 성수점 너무너무 맛있어요~!,20,True,태양곱창,event,감자동동동동,25,2026.01.29,1번째 방문,영수증,,태양곱창 성수점 너무너무 맛있어요~!,,,0,1,태양곱창 성수점 너무너무 맛있어요,20,18,0,1,0,0,1,1,0,1,1,0,0,0,0,0,0,0,0,0,1,1,2,0,1,0,0,0,0,0,0,0,0,1,0,1,0,1,1,0,0,0,0,0,0,0,0,0,0
태양곱창 성수점,보름달688,93,2025.08.16,1번째 방문,영수증,마라야채곱창으로 시켜서 그런가 돼지잡네가 더없어서 맛났어요 감자채전 바싹하니 너무맛나요,48,True,태양곱창,event,보름달688,93,2025.08.16,1번째 방문,영수증,,마라야채곱창으로 시켜서 그런가 돼지잡네가 더없어서 맛났어요 감자채전 바싹하니 너무맛나요,,,0,1,마라야채곱창으로 시켜서 그런가 돼지잡네가 더없어서 맛났어요 감자채전 바싹하니 너무맛나요,48,48,0,0,1,0,0,0,0,2,1,1,0,0,0,0,0,0,0,0,0,0,1,0,0,0,0,0,0,0,0,0,0,1,1,1,0,0,0,0,0,0,0,0,0,0,0,0,0
태양곱창 성수점,aaaaa59,8,2025.11.16,1번째 방문,영수증,처음엔 슴슴한가 했는데 자꾸 들어가네요!!,23,True,태양곱창,event,aaaaa59,8,2025.11.16,1번째 방문,영수증,,처음엔 슴슴한가 했는데 자꾸 들어가네요!!,,,0,1,처음엔 슴슴한가 했는데 자꾸 들어가네요,23,21,0,1,0,0,0,0,0,0,0,0,0,0,0,0,0,0,0,0,0,0,0,0,2,0,0,0,0,0,0,0,0,0,0,1,0,0,0,0,0,0,0,0,0,1,0,0,1
태양곱창 성수점,WhY,30,2025.10.10,1번째 방문,영수증,저녁에 지나가다 냄새가 죽여서 먹고 싶었으나... 줄이 너무 길어서 못 먹고...ㅠㅠ 다담날 점심메뉴 곱창국밥 먹으러 왔어요!! 곱창순대국밥 시켰는데 색깔은 겁나 매울 것 같지만 그냥 얼큰국밥 느낌? 맛있고 가격 착하고 굿굿 노래도 옛날에 유행하던 k-pop 명곡 나와서 좋아요~~,157,True,태양곱창,event,WhY,30,2025.10.10,1번째 방문,영수증,,저녁에 지나가다 냄새가 죽여서 먹고 싶었으나... 줄이 너무 길어서 못 먹고...ㅠㅠ 다담날 점심메뉴 곱창국밥 먹으러 왔어요!! 곱창순대국밥 시켰는데 색깔은 겁나 매울 것 같지만 그냥 얼큰국밥 느낌? 맛있고 가격 착하고 굿굿 노래도 옛날에 유행하던 k-pop 명곡 나와서 좋아요~~,,,0,1,저녁에 지나가다 냄새가 죽여서 먹고 싶었으나 줄이 너무 길어서 못 먹고 다담날 점심메뉴 곱창국밥 먹으러 왔어요 곱창순대국밥 시켰는데 색깔은 겁나 매울 것 같지만 그냥 얼큰국밥 느낌 맛있고 가격 착하고 굿굿 노래도 옛날에 유행하던 k pop 명곡 나와서 좋아요,157,144,0,0,1,1,1,1,0,2,1,1,1,1,0,2,1,0,0,0,2,1,1,0,2,0,0,0,1,0,0,0,0,1,0,1,0,1,0,0,0,0,1,1,0,0,0,0,0
태양곱창 성수점,이윤진93,31,2026.02.13,1번째 방문,영수증,"성수에서 곱창전골 맛집으로 유명한 태양곱창에 방문했어요! 낮시간이라 웨이팅도 없이 편하게 이용하고, 곱창전골이 양도 너무 푸짐하고 잡내없이 부드러워서 너무너무 맛있었어요~!~!! 점심 저녁으루 왕 추천드립니다????",118,True,태양곱창,event,이윤진93,31,2026.02.13,1번째 방문,영수증,,"성수에서 곱창전골 맛집으로 유명한 태양곱창에 방문했어요! 낮시간이라 웨이팅도 없이 편하게 이용하고, 곱창전골이 양도 너무 푸짐하고 잡내없이 부드러워서 너무너무 맛있었어요~!~!! 점심 저녁으루 왕 추천드립니다????",,,0,1,성수에서 곱창전골 맛집으로 유명한 태양곱창에 방문했어요 낮시간이라 웨이팅도 없이 편하게 이용하고 곱창전골이 양도 너무 푸짐하고 잡내없이 부드러워서 너무너무 맛있었어요 점심 저녁으루 왕 추천드립니다,120,109,0,0,1,1,5,1,1,7,1,1,1,1,0,2,1,0,0,0,3,1,3,1,4,1,0,0,0,0,0,0,0,1,0,1,0,1,0,0,0,0,1,1,1,0,0,0,0
태양곱창 성수점,필립9193,68,2026.03.08,2번째 방문,영수증,저번에 오고 금방 또 왔는데 넘 맛있게 잘 먹었습니다,29,True,태양곱창,event,필립9193,68,2026.03.08,2번째 방문,영수증,,저번에 오고 금방 또 왔는데 넘 맛있게 잘 먹었습니다,,,0,2,저번에 오고 금방 또 왔는데 넘 맛있게 잘 먹었습니다,29,29,0,1,0,0,0,0,0,0,0,0,0,0,0,0,0,0,0,0,2,1,0,0,0,0,0,0,0,0,0,0,0,1,1,0,1,0,1,0,1,0,0,0,0,1,1,0,0
태양곱창 성수점,ㅎㅎ호랑,17,2026.04.29,1번째 방문,영수증,너무 맛있고 양도 많아요!!!,16,True,태양곱창,event,ㅎㅎ호랑,17,2026.04.29,1번째 방문,영수증,,너무 맛있고 양도 많아요!!!,,,0,1,너무 맛있고 양도 많아요,16,13,0,1,0,0,1,1,0,0,0,0,0,0,0,0,0,0,0,0,1,1,1,0,3,1,0,0,0,0,0,0,0,1,0,1,0,0,1,0,0,0,0,0,0,0,0,0,0
태양곱창 성수점,초비32,47,2025.09.21,1번째 방문,영수증,성수와서 곱창전ㄱㅗㄹ 미친듯이 먹고싶어서 왔는데 너무 맛있네요 ㅎㅎ,37,True,태양곱창,event,초비32,47,2025.09.21,1번째 방문,영수증,,성수와서 곱창전ㄱㅗㄹ 미친듯이 먹고싶어서 왔는데 너무 맛있네요 ㅎㅎ,,,0,1,성수와서 곱창전 미친듯이 먹고싶어서 왔는데 너무 맛있네요,37,31,0,0,1,0,0,0,0,1,1,0,0,0,0,0,0,0,0,0,1,1,1,0,0,0,0,0,0,0,0,0,0,1,0,1,0,0,0,0,1,1,0,0,0,0,0,0,0
태양곱창 성수점,유혜진61,9,2026.01.31,1번째 방문,영수증,"곱창 전골 먹으러 왔는데 전체적으로 만족스러웠어요. 국물이 진하고 얼큰해서 첫 숟갈부터 입맛을 확 잡아주고, 끓일수록 깊이가 더해지는 스타일이에요. 자극적이기보단 밸런스가 좋아서 계속 먹게 되는 맛이고, 양도 넉넉한 편이라 여럿이 나눠 먹기 좋아요. 분위기도 편안해서 술 한잔 곁들이기 좋고, 추운 날 특히 생각나는 메뉴예요. 다음에도 재방문 의사 있어요.",199,True,태양곱창,event,유혜진61,9,2026.01.31,1번째 방문,영수증,,"곱창 전골 먹으러 왔는데 전체적으로 만족스러웠어요. 국물이 진하고 얼큰해서 첫 숟갈부터 입맛을 확 잡아주고, 끓일수록 깊이가 더해지는 스타일이에요. 자극적이기보단 밸런스가 좋아서 계속 먹게 되는 맛이고, 양도 넉넉한 편이라 여럿이 나눠 먹기 좋아요. 분위기도 편안해서 술 한잔 곁들이기 좋고, 추운 날 특히 생각나는 메뉴예요. 다음에도 재방문 의사 있어요.",,,0,1,곱창 전골 먹으러 왔는데 전체적으로 만족스러웠어요 국물이 진하고 얼큰해서 첫 숟갈부터 입맛을 확 잡아주고 끓일수록 깊이가 더해지는 스타일이에요 자극적이기보단 밸런스가 좋아서 계속 먹게 되는 맛이고 양도 넉넉한 편이라 여럿이 나눠 먹기 좋아요 분위기도 편안해서 술 한잔 곁들이기 좋고 추운 날 특히 생각나는 메뉴예요 다음에도 재방문 의사 있어요,199,191,0,0,1,1,3,1,1,2,1,1,1,1,0,0,0,0,0,0,1,1,0,0,0,0,0,0,0,1,1,0,0,0,0,1,0,1,0,0,0,0,1,1,1,0,0,0,0
태양곱창 성수점,ES8455,6,2026.02.07,1번째 방문,영수증,곱창 전골 맛있습니다. 야채 곱창도 먹으러 다시 방문하고싶네요.,35,True,태양곱창,event,ES8455,6,2026.02.07,1번째 방문,영수증,,곱창 전골 맛있습니다. 야채 곱창도 먹으러 다시 방문하고싶네요.,,,0,1,곱창 전골 맛있습니다 야채 곱창도 먹으러 다시 방문하고싶네요,35,33,0,0,1,0,0,0,0,3,1,1,0,0,0,0,0,0,0,0,1,1,0,0,0,0,0,0,0,0,0,0,0,0,0,1,0,0,0,0,1,1,0,0,0,0,0,0,0
태양곱창 성수점,소동잉,27,2025.10.02,1번째 방문,영수증,진짜 n번째 방문 찐단골입니다 곱창 러버인데 진짜 태양곱창 그것도 성수점 이길곳 없어요 이건 진심이에요 진짜 저랑 한 50년 더 가주세요,76,True,태양곱창,event,소동잉,27,2025.10.02,1번째 방문,영수증,,진짜 n번째 방문 찐단골입니다 곱창 러버인데 진짜 태양곱창 그것도 성수점 이길곳 없어요 이건 진심이에요 진짜 저랑 한 50년 더 가주세요,,,0,1,진짜 n번째 방문 찐단골입니다 곱창 러버인데 진짜 태양곱창 그것도 성수점 이길곳 없어요 이건 진심이에요 진짜 저랑 한 50년 더 가주세요,76,76,0,0,1,1,1,1,0,2,1,1,0,0,0,0,0,1,0,0,0,0,3,1,0,0,0,0,0,0,0,0,0,1,0,1,0,1,0,0,0,0,0,1,0,0,0,0,0
태양곱창 성수점,aaa889,44,2025.10.23,1번째 방문,영수증,"양 많고 너무 맛있어요.? 친목,데이트 장소로 추천합니다.?.?",35,True,태양곱창,event,aaa889,44,2025.10.23,1번째 방문,영수증,,"양 많고 너무 맛있어요.? 친목,데이트 장소로 추천합니다.?.?",,,0,1,양 많고 너무 맛있어요 친목 데이트 장소로 추천합니다,35,29,0,0,1,0,1,1,0,0,0,0,0,0,0,1,1,0,0,0,2,1,1,0,0,0,0,0,0,0,0,0,0,1,0,1,0,0,0,0,0,0,1,0,0,0,0,0,0
태양곱창 성수점,tls****,33,2025.10.11,1번째 방문,영수증,집 근처에 없는게 아쉬워요 ㅠㅠ 분점 더 많이 내주세요!! 아니면 제가 하고싶을 정도로 제 최애 곱창집입니다 ㅠㅠ 너무 맛있어요!,72,True,태양곱창,event,tls****,33,2025.10.11,1번째 방문,영수증,,집 근처에 없는게 아쉬워요 ㅠㅠ 분점 더 많이 내주세요!! 아니면 제가 하고싶을 정도로 제 최애 곱창집입니다 ㅠㅠ 너무 맛있어요!,,,0,1,집 근처에 없는게 아쉬워요 분점 더 많이 내주세요 아니면 제가 하고싶을 정도로 제 최애 곱창집입니다 너무 맛있어요,72,63,0,0,1,1,0,0,0,1,1,0,0,0,0,0,0,0,0,0,1,1,1,0,3,1,0,0,0,0,0,0,0,1,0,1,0,0,0,0,1,1,0,0,0,0,0,0,0
태양곱창 성수점,blu****,3,2026.01.04,1번째 방문,영수증,맛있고 분위기도 좋아요,12,True,태양곱창,event,blu****,3,2026.01.04,1번째 방문,영수증,,맛있고 분위기도 좋아요,,,0,1,맛있고 분위기도 좋아요,12,12,0,1,0,0,0,0,0,0,0,0,1,1,0,0,0,0,0,0,2,1,0,0,0,0,0,0,0,0,0,0,1,0,0,1,0,0,1,0,0,0,1,0,0,0,1,0,0
태양곱창 성수점,우짜우짜,381,2025.11.01,1번째 방문,영수증,제주에서 곱창 투어를 하러 육지에 가는 사람입니다 1시간 전에 1차로 다른 집 곱창을 먹었으나 너무 짜서 2차로 태양 곱창 성수점에 왔네요 확실히 태양 곱창이 간도 쎄지 않고 특히 곱창히 신선해서 쫀득하니 맛있네요 다음에 다시 오겠습니다 ^^,135,True,태양곱창,event,우짜우짜,381,2025.11.01,1번째 방문,영수증,,제주에서 곱창 투어를 하러 육지에 가는 사람입니다 1시간 전에 1차로 다른 집 곱창을 먹었으나 너무 짜서 2차로 태양 곱창 성수점에 왔네요 확실히 태양 곱창이 간도 쎄지 않고 특히 곱창히 신선해서 쫀득하니 맛있네요 다음에 다시 오겠습니다 ^^,,,0,1,제주에서 곱창 투어를 하러 육지에 가는 사람입니다 1시간 전에 1차로 다른 집 곱창을 먹었으나 너무 짜서 2차로 태양 곱창 성수점에 왔네요 확실히 태양 곱창이 간도 쎄지 않고 특히 곱창히 신선해서 쫀득하니 맛있네요 다음에 다시 오겠습니다,135,132,0,0,1,1,2,1,1,5,1,1,0,0,0,1,1,1,3,1,1,1,1,0,0,0,0,0,1,0,0,0,0,1,1,1,0,1,0,0,0,0,1,1,1,0,0,0,0
태양곱창 성수점,유효정99,22,2025.08.25,1번째 방문,영수증,너무 맛있어요. 양도 정말 많고 감자전이 바삭하고 맛있어요. 성수 오시면 필수로 들렸다가서요 너무 맛있어요.,60,True,태양곱창,event,유효정99,22,2025.08.25,1번째 방문,영수증,,너무 맛있어요. 양도 정말 많고 감자전이 바삭하고 맛있어요. 성수 오시면 필수로 들렸다가서요 너무 맛있어요.,,,0,1,너무 맛있어요 양도 정말 많고 감자전이 바삭하고 맛있어요 성수 오시면 필수로 들렸다가서요 너무 맛있어요,60,57,0,0,1,1,1,1,0,1,1,0,0,0,0,0,0,0,0,0,3,1,2,0,0,0,0,0,0,0,0,0,0,1,0,1,0,1,0,0,0,0,0,1,0,0,0,0,0
태양곱창 성수점,야호466,22,2025.12.28,1번째 방문,영수증,너무 맛있어서 재방문 한 곱창집이에요 ㅎㅎ 곱창 잡내도 안 나고 적당히 매콤해서 맛있어유,49,True,태양곱창,event,야호466,22,2025.12.28,1번째 방문,영수증,,너무 맛있어서 재방문 한 곱창집이에요 ㅎㅎ 곱창 잡내도 안 나고 적당히 매콤해서 맛있어유,,,0,1,너무 맛있어서 재방문 한 곱창집이에요 곱창 잡내도 안 나고 적당히 매콤해서 맛있어유,49,46,0,0,1,0,2,1,1,2,1,1,0,0,0,0,0,0,0,0,2,1,1,0,0,0,0,0,0,1,1,0,0,1,0,1,0,1,0,0,0,0,0,1,0,0,0,0,0
태양곱창 성수점,갱이327,38,2025.12.14,1번째 방문,영수증,맛있다고해서 들렬어요~ 매장도 넓고 좋네요,23,True,태양곱창,event,갱이327,38,2025.12.14,1번째 방문,영수증,,맛있다고해서 들렬어요~ 매장도 넓고 좋네요,,,0,1,맛있다고해서 들렬어요 매장도 넓고 좋네요,23,22,0,1,0,0,0,0,0,0,0,0,1,1,0,0,0,0,0,0,1,1,0,0,0,0,0,0,0,0,0,0,0,1,0,1,0,0,1,0,0,0,1,0,0,0,1,0,0
태양곱창 성수점,doj****,351,2025.11.10,1번째 방문,영수증,전골 맛집이라고 해서 방문했는데 맛있어요!,23,True,태양곱창,event,doj****,351,2025.11.10,1번째 방문,영수증,,전골 맛집이라고 해서 방문했는데 맛있어요!,,,0,1,전골 맛집이라고 해서 방문했는데 맛있어요,23,22,0,1,0,0,0,0,0,1,1,0,0,0,0,0,0,0,0,0,2,1,0,0,1,0,0,0,0,0,0,0,0,1,1,1,0,0,1,0,1,1,0,0,0,1,1,0,1
태양곱창 성수점,jena9,30,2026.02.01,1번째 방문,영수증,아이와 함께 방문했어요 우선 양이너무 많고 푸짐해요 매울까봐 걱정했던 아들이 먹을만 하네 하면서 맛있건 먹네요~직원들도 친절하고 맛도 만족합니다,80,True,태양곱창,event,jena9,30,2026.02.01,1번째 방문,영수증,,아이와 함께 방문했어요 우선 양이너무 많고 푸짐해요 매울까봐 걱정했던 아들이 먹을만 하네 하면서 맛있건 먹네요~직원들도 친절하고 맛도 만족합니다,,,0,1,아이와 함께 방문했어요 우선 양이너무 많고 푸짐해요 매울까봐 걱정했던 아들이 먹을만 하네 하면서 맛있건 먹네요 직원들도 친절하고 맛도 만족합니다,80,80,0,0,1,1,2,1,1,0,0,0,2,1,1,0,0,0,0,0,1,1,1,0,0,0,0,0,0,0,0,0,0,1,0,1,0,0,0,0,0,0,1,0,1,0,0,0,0
태양곱창 성수점,als****,46,2026.02.15,2번째 방문,영수증,전에 먹어보고 맛있어서 동생도 데리고 왔어요 ㅎㅎ 맛있게 잘 먹어씀니다 ??,41,True,태양곱창,event,als****,46,2026.02.15,2번째 방문,영수증,,전에 먹어보고 맛있어서 동생도 데리고 왔어요 ㅎㅎ 맛있게 잘 먹어씀니다 ??,,,0,2,전에 먹어보고 맛있어서 동생도 데리고 왔어요 맛있게 잘 먹어씀니다,42,36,0,0,1,0,0,0,0,0,0,0,0,0,0,0,0,0,0,0,2,1,0,0,0,0,0,0,0,0,0,0,0,1,0,0,1,0,0,0,1,0,0,0,0,0,0,0,0
태양곱창 성수점,나도나도오오오,19,2025.09.27,1번째 방문,영수증,얼큰하고 구수하고 너무 맛있어요???????? 곱창양도 많아요 재방문의사 있습니다????,43,True,태양곱창,event,나도나도오오오,19,2025.09.27,1번째 방문,영수증,,얼큰하고 구수하고 너무 맛있어요???????? 곱창양도 많아요 재방문의사 있습니다????,,,0,1,얼큰하고 구수하고 너무 맛있어요 곱창양도 많아요 재방문의사 있습니다,49,37,0,0,1,0,2,1,1,1,1,0,0,0,0,0,0,0,0,0,1,1,1,0,0,0,0,0,0,1,1,0,0,1,0,1,0,1,0,0,0,0,0,1,0,0,0,0,0
태양곱창 성수점,네이바46,95,2026.04.07,1번째 방문,영수증,우리아들최애 집이에요 ㅎㅎㅎ 넘 맛잇어요,22,True,태양곱창,event,네이바46,95,2026.04.07,1번째 방문,영수증,,우리아들최애 집이에요 ㅎㅎㅎ 넘 맛잇어요,,,0,1,우리아들최애 집이에요 넘 맛잇어요,22,18,0,1,0,0,0,0,0,0,0,0,0,0,0,0,0,0,0,0,1,1,0,0,0,0,0,0,0,0,0,0,0,1,1,1,0,0,1,0,1,0,0,0,0,1,1,0,1
태양곱창 성수점,Visitor2,149,2026.05.08,1번째 방문,영수증,직원분들 친절하시고 무엇보다 곱창도 푸짐해서 너무 좋았습니다~ 당면도 추가하시길 추천드려요,50,True,태양곱창,event,Visitor2,149,2026.05.08,1번째 방문,영수증,,직원분들 친절하시고 무엇보다 곱창도 푸짐해서 너무 좋았습니다~ 당면도 추가하시길 추천드려요,,,0,1,직원분들 친절하시고 무엇보다 곱창도 푸짐해서 너무 좋았습니다 당면도 추가하시길 추천드려요,50,49,0,0,1,0,1,1,0,1,1,0,2,1,1,0,0,0,0,0,1,1,1,0,0,0,0,0,1,0,0,0,0,1,1,1,0,1,0,0,0,0,1,1,0,0,0,0,0
태양곱창 성수점,빨간사과 간호,152,2025.09.30,1번째 방문,영수증,맛있어요!! 잘먹겠습니다!,14,True,태양곱창,event,빨간사과 간호,152,2025.09.30,1번째 방문,영수증,,맛있어요!! 잘먹겠습니다!,,,0,1,맛있어요 잘먹겠습니다,14,11,0,1,0,0,0,0,0,0,0,0,0,0,0,0,0,0,0,0,1,1,0,0,3,1,0,0,0,0,0,0,0,1,1,1,0,0,1,0,1,0,0,0,0,1,1,0,1
태양곱창 성수점,비디비디비,32,2025.09.05,1번째 방문,영수증,맛있는 곱창전골 드시러 오세요?? 직원분들도 친절하십니다!,31,True,태양곱창,event,비디비디비,32,2025.09.05,1번째 방문,영수증,,맛있는 곱창전골 드시러 오세요?? 직원분들도 친절하십니다!,,,0,1,맛있는 곱창전골 드시러 오세요 직원분들도 친절하십니다,32,29,0,0,1,0,0,0,0,3,1,1,2,1,1,0,0,0,0,0,1,1,0,0,1,0,0,0,0,0,0,0,0,1,0,1,0,0,0,0,0,0,1,0,0,0,0,0,0
태양곱창 성수점,아둘맘 헤헤,30,2025.11.05,1번째 방문,영수증,볶음밥 드세요!!! 꼭 드세요!!! 술한잔하기 좋아요~~~,32,True,태양곱창,event,아둘맘 헤헤,30,2025.11.05,1번째 방문,영수증,,볶음밥 드세요!!! 꼭 드세요!!! 술한잔하기 좋아요~~~,,,0,1,볶음밥 드세요 꼭 드세요 술한잔하기 좋아요,32,23,0,0,1,0,0,0,0,1,1,0,0,0,0,0,0,0,0,0,1,1,0,0,6,1,0,0,0,0,0,0,0,1,0,1,0,0,0,0,1,1,0,0,0,0,0,0,0
태양곱창 성수점,쿄쿄95,18,2025.12.11,1번째 방문,영수증,곱창 야들야들 진짜 맛있어요??,16,True,태양곱창,event,쿄쿄95,18,2025.12.11,1번째 방문,영수증,,곱창 야들야들 진짜 맛있어요??,,,0,1,곱창 야들야들 진짜 맛있어요,17,15,0,1,0,0,0,0,0,1,1,0,0,0,0,0,0,0,0,0,1,1,1,0,0,0,0,0,1,0,0,0,0,1,0,1,0,0,1,0,1,1,0,0,0,1,1,0,1
태양곱창 성수점,lee****,550,2025.11.07,1번째 방문,영수증,밑반찬도 잘나오고 곱창도 맛있어영 직원분들이 너무 친절하셔서 좋아요!! 매장도 깨끗해요,48,True,태양곱창,event,lee****,550,2025.11.07,1번째 방문,영수증,,밑반찬도 잘나오고 곱창도 맛있어영 직원분들이 너무 친절하셔서 좋아요!! 매장도 깨끗해요,,,0,1,밑반찬도 잘나오고 곱창도 맛있어영 직원분들이 너무 친절하셔서 좋아요 매장도 깨끗해요,48,46,0,0,1,0,0,0,0,1,1,0,3,1,1,0,0,0,0,0,2,1,1,0,2,0,0,0,0,0,0,0,0,1,1,1,0,0,0,0,0,0,1,0,0,0,0,0,0
태양곱창 성수점,김세련82,46,2026.01.18,1번째 방문,영수증,곱창볶음 맛집이네요~아주매운맛으로 시켰는대 맛있게 잘메고 갑니다.또올께요,40,True,태양곱창,event,김세련82,46,2026.01.18,1번째 방문,영수증,,곱창볶음 맛집이네요~아주매운맛으로 시켰는대 맛있게 잘메고 갑니다.또올께요,,,0,1,곱창볶음 맛집이네요 아주매운맛으로 시켰는대 맛있게 잘메고 갑니다 또올께요,40,40,0,0,1,0,1,1,0,1,1,0,0,0,0,0,0,0,0,0,2,1,0,0,0,0,0,0,0,0,0,0,0,1,0,1,0,1,0,0,0,0,0,1,0,0,0,0,0
태양곱창 성수점,als****,46,2025.11.29,1번째 방문,영수증,곱창 전골에 곱창이 진짜 진짜 많아요 ! ㅋㅋㅋㅋㅋㅋ 둘이 몇번을 덜어먹어도 많았어요 ?? 맛있게 잘 먹고 갑니둥,62,True,태양곱창,event,als****,46,2025.11.29,1번째 방문,영수증,,곱창 전골에 곱창이 진짜 진짜 많아요 ! ㅋㅋㅋㅋㅋㅋ 둘이 몇번을 덜어먹어도 많았어요 ?? 맛있게 잘 먹고 갑니둥,,,0,1,곱창 전골에 곱창이 진짜 진짜 많아요 둘이 몇번을 덜어먹어도 많았어요 맛있게 잘 먹고 갑니둥,63,51,0,0,1,1,0,0,0,3,1,1,0,0,0,0,0,0,0,0,1,1,2,0,1,0,0,0,1,0,0,0,0,1,0,1,0,0,0,0,1,1,0,0,0,0,0,0,0
태양곱창 성수점,도83,39,2025.11.21,1번째 방문,영수증,홀도 넓고 직원분들 다들 너무 친절하세요! 맛있게 먹고 갑니다~!,36,True,태양곱창,event,도83,39,2025.11.21,1번째 방문,영수증,,홀도 넓고 직원분들 다들 너무 친절하세요! 맛있게 먹고 갑니다~!,,,0,1,홀도 넓고 직원분들 다들 너무 친절하세요 맛있게 먹고 갑니다,36,33,0,0,1,0,0,0,0,0,0,0,2,1,1,0,0,0,0,0,1,1,1,0,2,0,0,0,0,0,0,0,0,1,0,1,0,0,0,0,0,0,1,0,0,0,0,0,0
태양곱창 성수점,나나핑구,71,2026.01.15,1번째 방문,영수증,"성수 맛집하면 유명한 태양곱창! 가야지가야지 하다가 드디어 와봤는데, 곱창에 잡내 하나도 없고 전골이 시간 지날수록 맛있어요! 다음에 또 올거에요????",83,True,태양곱창,event,나나핑구,71,2026.01.15,1번째 방문,영수증,,"성수 맛집하면 유명한 태양곱창! 가야지가야지 하다가 드디어 와봤는데, 곱창에 잡내 하나도 없고 전골이 시간 지날수록 맛있어요! 다음에 또 올거에요????",,,0,1,성수 맛집하면 유명한 태양곱창 가야지가야지 하다가 드디어 와봤는데 곱창에 잡내 하나도 없고 전골이 시간 지날수록 맛있어요 다음에 또 올거에요,85,78,0,0,1,1,2,1,1,3,1,1,0,0,0,0,0,0,0,0,2,1,0,0,2,0,0,0,0,0,0,0,0,1,1,1,0,1,0,0,0,0,0,1,0,0,0,0,0
태양곱창 성수점,뇽뇽717171717,11,2026.04.23,1번째 방문,영수증,매장도 쾌적하고 맛있어용??,14,True,태양곱창,event,뇽뇽717171717,11,2026.04.23,1번째 방문,영수증,,매장도 쾌적하고 맛있어용??,,,0,1,매장도 쾌적하고 맛있어용,15,13,0,1,0,0,0,0,0,0,0,0,1,1,0,0,0,0,0,0,1,1,0,0,0,0,0,0,0,0,0,0,0,1,0,1,0,0,1,0,0,0,1,0,0,0,1,0,0
태양곱창 성수점,min****,16,2025.09.28,1번째 방문,영수증,양도 많고 너무 맛있어요!! 다음에 성수 오면 또 올꺼에요ㅠㅠ,34,True,태양곱창,event,min****,16,2025.09.28,1번째 방문,영수증,,양도 많고 너무 맛있어요!! 다음에 성수 오면 또 올꺼에요ㅠㅠ,,,0,1,양도 많고 너무 맛있어요 다음에 성수 오면 또 올꺼에요,34,30,0,0,1,0,1,1,0,0,0,0,0,0,0,0,0,0,0,0,1,1,1,0,2,0,0,0,0,0,0,0,0,1,0,1,0,0,0,0,0,0,0,0,0,0,0,0,0
태양곱창 성수점,면쭈,20,2026.01.21,1번째 방문,영수증,양도 많고 모임하기 좋아요!!!! 친구 추천으로 왔는데 나중에 또 오려구요!!,43,True,태양곱창,event,면쭈,20,2026.01.21,1번째 방문,영수증,,양도 많고 모임하기 좋아요!!!! 친구 추천으로 왔는데 나중에 또 오려구요!!,,,0,1,양도 많고 모임하기 좋아요 친구 추천으로 왔는데 나중에 또 오려구요,43,37,0,0,1,0,1,1,0,0,0,0,0,0,0,1,1,0,0,0,2,1,0,0,6,1,0,0,0,0,0,0,0,1,0,1,0,0,0,0,0,0,1,0,0,0,0,0,0
태양곱창 성수점,지금98,25,2025.08.26,1번째 방문,영수증,야채곱창너무맛있어요…. 6시좀넘어서왓는데웨이팅없이바로들어와거 좋앗어요!!!!,42,True,태양곱창,event,지금98,25,2025.08.26,1번째 방문,영수증,,야채곱창너무맛있어요…. 6시좀넘어서왓는데웨이팅없이바로들어와거 좋앗어요!!!!,,,0,1,야채곱창너무맛있어요 6시좀넘어서왓는데웨이팅없이바로들어와거 좋앗어요,42,36,0,0,1,0,0,0,0,2,1,1,1,1,0,0,0,1,1,1,2,1,1,0,4,1,0,0,0,0,0,0,0,1,0,1,0,0,0,0,0,0,1,0,0,0,0,0,0
태양곱창 성수점,김현지83,24,2026.03.07,1번째 방문,영수증,너무 맛있어요!,8,True,태양곱창,event,김현지83,24,2026.03.07,1번째 방문,영수증,,너무 맛있어요!,,,0,1,너무 맛있어요,8,7,1,1,0,0,0,0,0,0,0,0,0,0,0,0,0,0,0,0,1,1,1,0,1,0,0,0,0,0,0,0,0,1,0,1,0,0,1,1,1,0,0,0,0,1,1,0,1
태양곱창 성수점,김종휘2,9,2025.11.13,1번째 방문,영수증,다 구워서 나오고 식감이 좋고 매콤하니 맛있어요:),28,True,태양곱창,event,김종휘2,9,2025.11.13,1번째 방문,영수증,,다 구워서 나오고 식감이 좋고 매콤하니 맛있어요:),,,0,1,다 구워서 나오고 식감이 좋고 매콤하니 맛있어요,28,26,0,1,0,0,2,1,1,0,0,0,0,0,0,0,0,0,0,0,1,1,0,0,0,0,0,0,0,0,0,0,0,0,0,1,0,0,1,0,0,0,0,0,0,0,0,0,0
태양곱창 성수점,kol****,31,2025.10.18,1번째 방문,영수증,성수에서 곱창먹고 싶어서 찾아왔어요 사람도 엄청많은만큼 맛도 있네요 바쁜데도 다들 친절하게 대해주셔서 너무 좋았습니다,65,True,태양곱창,event,kol****,31,2025.10.18,1번째 방문,영수증,,성수에서 곱창먹고 싶어서 찾아왔어요 사람도 엄청많은만큼 맛도 있네요 바쁜데도 다들 친절하게 대해주셔서 너무 좋았습니다,,,0,1,성수에서 곱창먹고 싶어서 찾아왔어요 사람도 엄청많은만큼 맛도 있네요 바쁜데도 다들 친절하게 대해주셔서 너무 좋았습니다,65,65,0,0,1,1,0,0,0,1,1,0,1,1,0,0,0,0,0,0,0,0,2,0,0,0,0,0,0,0,0,0,0,1,0,1,0,0,0,0,0,0,1,0,0,0,0,0,0
태양곱창 성수점,이수찬21,7,2026.03.27,1번째 방문,영수증,고기 잡내가 하나도 안 내요~ 너무 맛있어요~,25,True,태양곱창,event,이수찬21,7,2026.03.27,1번째 방문,영수증,,고기 잡내가 하나도 안 내요~ 너무 맛있어요~,,,0,1,고기 잡내가 하나도 안 내요 너무 맛있어요,25,23,0,1,0,0,1,1,0,0,0,0,0,0,0,0,0,0,0,0,1,1,1,0,0,0,0,0,0,0,0,0,0,0,0,1,0,0,1,0,0,0,0,0,0,0,0,0,0
태양곱창 성수점,hay****,20,2026.05.03,1번째 방문,영수증,맛있어요??,5,True,태양곱창,event,hay****,20,2026.05.03,1번째 방문,영수증,,맛있어요??,,,0,1,맛있어요,6,4,1,1,0,0,0,0,0,0,0,0,0,0,0,0,0,0,0,0,1,1,0,0,0,0,0,0,0,0,0,0,0,1,0,1,0,0,1,1,1,0,0,0,0,1,1,0,1
태양곱창 성수점,elz****,141,2025.11.22,1번째 방문,영수증,곱창전골 맛있어용!!! 들깨랑 곱창???? 웨이팅 있어요! 근데 곱창이 좀 돼지냄새 나긴해요ㅜ 없애주시길…??,60,True,태양곱창,event,elz****,141,2025.11.22,1번째 방문,영수증,,곱창전골 맛있어용!!! 들깨랑 곱창???? 웨이팅 있어요! 근데 곱창이 좀 돼지냄새 나긴해요ㅜ 없애주시길…??,,,0,1,곱창전골 맛있어용 들깨랑 곱창 웨이팅 있어요 근데 곱창이 좀 돼지냄새 나긴해요 없애주시길,61,49,0,0,1,1,0,0,0,5,1,1,1,1,0,0,0,0,0,0,1,1,0,0,4,1,0,0,1,0,0,0,0,1,1,1,0,0,0,0,0,0,1,0,0,0,0,0,0
태양곱창 성수점,ㅁㄴㅇㄹ3024,13,2026.02.14,1번째 방문,영수증,돼지곱창 특유의 냄새를 잘 잡았습니다. 곱창이 질기지 않고 부드러워 목 넘김이 좋습니다.,49,True,태양곱창,event,ㅁㄴㅇㄹ3024,13,2026.02.14,1번째 방문,영수증,,돼지곱창 특유의 냄새를 잘 잡았습니다. 곱창이 질기지 않고 부드러워 목 넘김이 좋습니다.,,,0,1,돼지곱창 특유의 냄새를 잘 잡았습니다 곱창이 질기지 않고 부드러워 목 넘김이 좋습니다,49,47,0,0,1,0,1,1,0,2,1,1,0,0,0,0,0,0,0,0,1,1,0,0,0,0,0,0,0,0,0,0,0,1,0,1,0,1,0,0,0,0,0,1,0,0,0,0,0
태양곱창 성수점,새싹비비빅,77,2026.03.22,1번째 방문,영수증,"국물부터 딱 얼큰하고 진해요. 첫 숟갈 먹자마자 “아, 이거 술 안 시킬 수 없는 맛이다” 싶은 스타일. 곱창도 냄새 안 나고 꽤 실하게 들어 있어서 먹는 내내 아쉽지 않았어요. 야채도 넉넉해서 국물이 더 시원한 느낌이고요. 양은 둘이 먹기 충분했고, 셋이 가면 사리 하나 추가하면 딱 좋을 것 같아요. 무엇보다 마지막에 볶음밥 꼭 시켜야 합니다. 남은 국물에 비벼 먹으면 그게 진짜 마무리예요. 배불러도 그냥 들어가요. 가게는 살짝 북적이는 편이라 피크 타임엔 웨이팅 있을 수 있어요. 분위기는 딱 동네 맛집 느낌이라 편하게 먹기 좋고, 친구들이랑 가볍게 술 한잔하기도 괜찮아요.",325,True,태양곱창,event,새싹비비빅,77,2026.03.22,1번째 방문,영수증,,"국물부터 딱 얼큰하고 진해요. 첫 숟갈 먹자마자 “아, 이거 술 안 시킬 수 없는 맛이다” 싶은 스타일. 곱창도 냄새 안 나고 꽤 실하게 들어 있어서 먹는 내내 아쉽지 않았어요. 야채도 넉넉해서 국물이 더 시원한 느낌이고요. 양은 둘이 먹기 충분했고, 셋이 가면 사리 하나 추가하면 딱 좋을 것 같아요. 무엇보다 마지막에 볶음밥 꼭 시켜야 합니다. 남은 국물에 비벼 먹으면 그게 진짜 마무리예요. 배불러도 그냥 들어가요. 가게는 살짝 북적이는 편이라 피크 타임엔 웨이팅 있을 수 있어요. 분위기는 딱 동네 맛집 느낌이라 편하게 먹기 좋고, 친구들이랑 가볍게 술 한잔하기도 괜찮아요.",,,0,1,국물부터 딱 얼큰하고 진해요 첫 숟갈 먹자마자 아 이거 술 안 시킬 수 없는 맛이다 싶은 스타일 곱창도 냄새 안 나고 꽤 실하게 들어 있어서 먹는 내내 아쉽지 않았어요 야채도 넉넉해서 국물이 더 시원한 느낌이고요 양은 둘이 먹기 충분했고 셋이 가면 사리 하나 추가하면 딱 좋을 것 같아요 무엇보다 마지막에 볶음밥 꼭 시켜야 합니다 남은 국물에 비벼 먹으면 그게 진짜 마무리예요 배불러도 그냥 들어가요 가게는 살짝 북적이는 편이라 피크 타임엔 웨이팅 있을 수 있어요 분위기는 딱 동네 맛집 느낌이라 편하게 먹기 좋고 친구들이랑 가볍게 술 한잔하기도 괜찮아요,325,310,0,0,1,1,5,1,1,2,1,1,2,1,1,1,1,0,0,0,1,1,1,0,0,0,0,0,1,0,0,0,0,1,1,1,0,1,0,0,0,0,1,1,1,0,0,0,0
태양곱창 성수점,찌니바이브,137,2026.01.21,1번째 방문,영수증,치즈추가 무조건 하세요!! 진짜 유명한 이유가 있다~~ 완전 맛잇오요,38,True,태양곱창,event,찌니바이브,137,2026.01.21,1번째 방문,영수증,,치즈추가 무조건 하세요!! 진짜 유명한 이유가 있다~~ 완전 맛잇오요,,,0,1,치즈추가 무조건 하세요 진짜 유명한 이유가 있다 완전 맛잇오요,38,34,0,0,1,0,0,0,0,0,0,0,0,0,0,0,0,0,0,0,0,0,2,0,2,0,0,0,0,0,0,0,0,1,1,1,0,0,0,0,0,0,0,0,0,0,0,0,0
태양곱창 성수점,나당우중,59,2025.07.28,1번째 방문,영수증,태양곱탕 인터넷에서 보고 왔는데 곱창국밥이란걸 처음 먹어보는데 독특하고 맛있어요 다음에 또 오고 싶어요,57,True,태양곱창,event,나당우중,59,2025.07.28,1번째 방문,영수증,,태양곱탕 인터넷에서 보고 왔는데 곱창국밥이란걸 처음 먹어보는데 독특하고 맛있어요 다음에 또 오고 싶어요,,,0,1,태양곱탕 인터넷에서 보고 왔는데 곱창국밥이란걸 처음 먹어보는데 독특하고 맛있어요 다음에 또 오고 싶어요,57,57,0,0,1,0,1,1,0,1,1,0,0,0,0,0,0,0,0,0,1,1,0,0,0,0,0,0,0,0,0,0,0,1,1,1,0,1,0,0,0,0,0,1,0,0,0,0,0
태양곱창 성수점,쿵이91,66,2026.01.31,1번째 방문,영수증,맛잇는.야채곱창??,9,True,태양곱창,event,쿵이91,66,2026.01.31,1번째 방문,영수증,,맛잇는.야채곱창??,,,0,1,맛잇는 야채곱창,10,8,0,1,0,0,0,0,0,2,1,1,0,0,0,0,0,0,0,0,0,0,0,0,0,0,0,0,0,0,0,0,0,1,1,1,0,0,0,0,0,0,0,0,0,1,0,0,1
태양곱창 성수점,2zy****,10,2025.09.05,1번째 방문,영수증,잡내도 안나고 곱창 맛있어요!! 가게도 넓고 쾌적해서 식사하기 좋았습니다! 다음에 또 오려고 합니당~,56,True,태양곱창,event,2zy****,10,2025.09.05,1번째 방문,영수증,,잡내도 안나고 곱창 맛있어요!! 가게도 넓고 쾌적해서 식사하기 좋았습니다! 다음에 또 오려고 합니당~,,,0,1,잡내도 안나고 곱창 맛있어요 가게도 넓고 쾌적해서 식사하기 좋았습니다 다음에 또 오려고 합니당,56,52,0,0,1,0,1,1,0,1,1,0,0,0,0,0,0,0,0,0,1,1,0,0,3,1,0,0,0,0,0,0,0,1,0,1,0,1,0,0,0,0,0,1,0,0,0,0,0
태양곱창 성수점,ly****,55,2025.11.16,1번째 방문,영수증,쑥? 진짜 너무 맛있는데…?!!!! 곱창이 진짜 역대 인생돼지곱창이였어요 여기 지점에서 처음 먹은게 신의 한수 성수와서 존맛집 찾아서 기분 좋음,80,True,태양곱창,event,ly****,55,2025.11.16,1번째 방문,영수증,,쑥? 진짜 너무 맛있는데…?!!!! 곱창이 진짜 역대 인생돼지곱창이였어요 여기 지점에서 처음 먹은게 신의 한수 성수와서 존맛집 찾아서 기분 좋음,,,0,1,쑥 진짜 너무 맛있는데 곱창이 진짜 역대 인생돼지곱창이였어요 여기 지점에서 처음 먹은게 신의 한수 성수와서 존맛집 찾아서 기분 좋음,80,73,0,0,1,1,0,0,0,2,1,1,0,0,0,0,0,0,0,0,2,1,4,1,4,1,0,0,1,0,0,0,0,1,1,1,0,0,0,0,1,1,0,0,0,0,0,0,0
태양곱창 성수점,oneianrel,26,2026.03.31,1번째 방문,영수증,양 진짜 많아요 꼭 치즈도 추가해서 드세요ㅠㅜㅠ 다음에 성수오면 또 먹으러 와야겟어요,47,True,태양곱창,event,oneianrel,26,2026.03.31,1번째 방문,영수증,,양 진짜 많아요 꼭 치즈도 추가해서 드세요ㅠㅜㅠ 다음에 성수오면 또 먹으러 와야겟어요,,,0,1,양 진짜 많아요 꼭 치즈도 추가해서 드세요 다음에 성수오면 또 먹으러 와야겟어요,47,44,0,0,1,0,1,1,0,0,0,0,0,0,0,0,0,0,0,0,0,0,1,0,0,0,0,0,0,0,0,0,0,1,0,1,0,0,0,0,0,0,0,0,0,0,0,0,0
태양곱창 성수점,Siha1,30,2026.01.03,1번째 방문,영수증,"우선 양이 저어어엉말 많습니다. 처음엔 양 너무 적을 것 같았는데, 적긴 커녕 남긴 것 같아요.. 곱창도 엄청 크고 부드럽고 정말 맛있게 먹었습니다! 또 올게요!! ??",93,True,태양곱창,event,Siha1,30,2026.01.03,1번째 방문,영수증,,"우선 양이 저어어엉말 많습니다. 처음엔 양 너무 적을 것 같았는데, 적긴 커녕 남긴 것 같아요.. 곱창도 엄청 크고 부드럽고 정말 맛있게 먹었습니다! 또 올게요!! ??",,,0,1,우선 양이 저어어엉말 많습니다 처음엔 양 너무 적을 것 같았는데 적긴 커녕 남긴 것 같아요 곱창도 엄청 크고 부드럽고 정말 맛있게 먹었습니다 또 올게요,94,84,0,0,1,1,2,1,1,1,1,0,0,0,0,0,0,0,0,0,1,1,2,0,3,1,0,0,0,1,1,0,0,1,0,1,0,1,0,0,0,0,0,1,0,0,0,0,0
태양곱창 성수점,ㅣㅣㅣㅣㅣㅣ344,7,2025.12.20,1번째 방문,영수증,크리스마스 데이트 점심 추천!! 성수 일대 맛집을 찾으신다면 태양곱창 한번 드셔보세요!!,49,True,태양곱창,event,ㅣㅣㅣㅣㅣㅣ344,7,2025.12.20,1번째 방문,영수증,,크리스마스 데이트 점심 추천!! 성수 일대 맛집을 찾으신다면 태양곱창 한번 드셔보세요!!,,,0,1,크리스마스 데이트 점심 추천 성수 일대 맛집을 찾으신다면 태양곱창 한번 드셔보세요,49,45,0,0,1,0,1,1,0,1,1,0,0,0,0,2,1,0,0,0,2,1,0,0,4,1,0,0,0,0,0,0,0,0,0,1,0,1,0,0,0,0,1,1,0,0,0,0,0
태양곱창 성수점,하헤히호후v,122,2025.08.09,1번째 방문,영수증,"찐 양도 많고, 맛있는 곱창볶음이었습니다 빵투어하다가보니 속이 살짝 느글거렸는데 한방에 내려가는 느낌! 역시 한식이 최고네요ㅎㅎㅎ 맛있게 잘먹었습니다",83,True,태양곱창,event,하헤히호후v,122,2025.08.09,1번째 방문,영수증,,"찐 양도 많고, 맛있는 곱창볶음이었습니다 빵투어하다가보니 속이 살짝 느글거렸는데 한방에 내려가는 느낌! 역시 한식이 최고네요ㅎㅎㅎ 맛있게 잘먹었습니다",,,0,1,찐 양도 많고 맛있는 곱창볶음이었습니다 빵투어하다가보니 속이 살짝 느글거렸는데 한방에 내려가는 느낌 역시 한식이 최고네요 맛있게 잘먹었습니다,83,78,0,0,1,1,1,1,0,1,1,0,0,0,0,0,0,0,0,0,3,1,0,0,1,0,0,0,0,0,0,0,0,1,1,1,0,1,0,0,0,0,0,1,0,0,0,0,0
태양곱창 성수점,방구메라,10,2025.12.30,1번째 방문,영수증,잘먹었습니당????,8,True,태양곱창,event,방구메라,10,2025.12.30,1번째 방문,영수증,,잘먹었습니당????,,,0,1,잘먹었습니당,10,6,0,1,0,0,0,0,0,0,0,0,0,0,0,0,0,0,0,0,0,0,0,0,0,0,0,0,0,0,0,0,0,1,0,1,0,0,0,0,0,0,0,0,0,1,0,0,1
태양곱창 성수점,원스톱패키지,11,2025.11.10,1번째 방문,영수증,친구랑 곱창전골 먹으러 왔어요 역시 맛집답게 맛있고 친절하네요,34,True,태양곱창,event,원스톱패키지,11,2025.11.10,1번째 방문,영수증,,친구랑 곱창전골 먹으러 왔어요 역시 맛집답게 맛있고 친절하네요,,,0,1,친구랑 곱창전골 먹으러 왔어요 역시 맛집답게 맛있고 친절하네요,34,34,0,0,1,0,0,0,0,3,1,1,1,1,0,1,1,0,0,0,2,1,0,0,0,0,0,0,0,0,0,0,0,1,0,1,0,0,0,0,0,0,1,0,0,0,0,0,0
태양곱창 성수점,dw0728,41,2026.01.03,1번째 방문,영수증,국물도 맛있고 양이 많아서 좋아요 ??,20,True,태양곱창,event,dw0728,41,2026.01.03,1번째 방문,영수증,,국물도 맛있고 양이 많아서 좋아요 ??,,,0,1,국물도 맛있고 양이 많아서 좋아요,21,18,0,1,0,0,2,1,1,0,0,0,0,0,0,0,0,0,0,0,2,1,0,0,0,0,0,0,0,0,0,0,0,1,0,1,0,0,1,0,0,0,0,0,0,0,0,0,0
태양곱창 성수점,jiw****,13,2026.04.08,1번째 방문,영수증,너무너무너무맛있어요!,11,True,태양곱창,event,jiw****,13,2026.04.08,1번째 방문,영수증,,너무너무너무맛있어요!,,,0,1,너무너무너무맛있어요,11,10,0,1,0,0,0,0,0,0,0,0,0,0,0,0,0,0,0,0,1,1,3,1,1,0,0,0,0,0,0,0,0,1,0,1,0,0,1,0,1,0,0,0,0,1,1,0,1
태양곱창 성수점,동그라미223,64,2025.12.31,1번째 방문,영수증,빨리 나오고 음식도 맛있게 잘 먹었습니다! 볶음밥이 따로 나와서 신기해요,40,True,태양곱창,event,동그라미223,64,2025.12.31,1번째 방문,영수증,,빨리 나오고 음식도 맛있게 잘 먹었습니다! 볶음밥이 따로 나와서 신기해요,,,0,1,빨리 나오고 음식도 맛있게 잘 먹었습니다 볶음밥이 따로 나와서 신기해요,40,39,0,0,1,0,0,0,0,1,1,0,0,0,0,0,0,0,0,0,1,1,0,0,1,0,0,0,0,0,0,0,0,1,1,1,0,0,0,0,1,1,0,0,0,0,0,0,0
태양곱창 성수점,eor****,32,2026.02.01,1번째 방문,영수증,볶음밥까지 먹으려고했는데 양이 너무 많아서 못먹었어요 ㄷㄷ 곱창 냄새 하나도 안나고 크기도 커요 정말 맛있게 먹었습니다~~,68,True,태양곱창,event,eor****,32,2026.02.01,1번째 방문,영수증,,볶음밥까지 먹으려고했는데 양이 너무 많아서 못먹었어요 ㄷㄷ 곱창 냄새 하나도 안나고 크기도 커요 정말 맛있게 먹었습니다~~,,,0,1,볶음밥까지 먹으려고했는데 양이 너무 많아서 못먹었어요 곱창 냄새 하나도 안나고 크기도 커요 정말 맛있게 먹었습니다,68,63,0,0,1,1,1,1,0,2,1,1,0,0,0,0,0,0,0,0,1,1,1,0,0,0,0,0,0,0,0,0,0,1,0,1,0,1,0,0,0,0,0,1,0,0,0,0,0
태양곱창 성수점,D3H,22,2026.03.04,1번째 방문,영수증,돼지곱창이 푸짐하고 맛있어요~,16,True,태양곱창,event,D3H,22,2026.03.04,1번째 방문,영수증,,돼지곱창이 푸짐하고 맛있어요~,,,0,1,돼지곱창이 푸짐하고 맛있어요,16,15,0,1,0,0,1,1,0,1,1,0,0,0,0,0,0,0,0,0,1,1,0,0,0,0,0,0,0,0,0,0,0,1,0,1,0,1,1,0,0,0,0,0,0,0,0,0,0
태양곱창 성수점,태성53,25,2026.04.23,1번째 방문,영수증,양도 많고 너무 맛있어요,13,True,태양곱창,event,태성53,25,2026.04.23,1번째 방문,영수증,,양도 많고 너무 맛있어요,,,0,1,양도 많고 너무 맛있어요,13,13,0,1,0,0,1,1,0,0,0,0,0,0,0,0,0,0,0,0,1,1,1,0,0,0,0,0,0,0,0,0,0,1,0,1,0,0,1,0,0,0,0,0,0,0,0,0,0
태양곱창 성수점,규찬이7,40,2025.09.30,1번째 방문,영수증,곱창전골 소자 먹었습니다. 양도많고 정말 맛있네요. 다음에 또 올게요.,39,True,태양곱창,event,규찬이7,40,2025.09.30,1번째 방문,영수증,,곱창전골 소자 먹었습니다. 양도많고 정말 맛있네요. 다음에 또 올게요.,,,0,1,곱창전골 소자 먹었습니다 양도많고 정말 맛있네요 다음에 또 올게요,39,36,0,0,1,0,1,1,0,3,1,1,0,0,0,0,0,0,0,0,1,1,0,0,0,0,0,0,0,1,1,0,0,1,0,1,0,1,0,0,0,0,0,1,0,0,0,0,0
태양곱창 성수점,lunaaaaa2,128,2026.03.14,1번째 방문,영수증,막창이랑 곱창 다 맛있고 감자전도 맛있어요! 직원분들도 친절하세요!! 성수 맛집이에요,47,True,태양곱창,event,lunaaaaa2,128,2026.03.14,1번째 방문,영수증,,막창이랑 곱창 다 맛있고 감자전도 맛있어요! 직원분들도 친절하세요!! 성수 맛집이에요,,,0,1,막창이랑 곱창 다 맛있고 감자전도 맛있어요 직원분들도 친절하세요 성수 맛집이에요,47,44,0,0,1,0,0,0,0,2,1,1,2,1,1,0,0,0,0,0,3,1,0,0,3,1,0,0,0,0,0,0,0,1,1,1,0,0,0,0,0,0,1,0,0,0,0,0,0
태양곱창 성수점,tot****,79,2026.04.29,1번째 방문,영수증,들깨를 가득 넣어 먹으면 더더 맛있는 곱창전골이에요! 리뷰쓰면 서비스를 주셔서 더 좋습니당,50,True,태양곱창,event,tot****,79,2026.04.29,1번째 방문,영수증,,들깨를 가득 넣어 먹으면 더더 맛있는 곱창전골이에요! 리뷰쓰면 서비스를 주셔서 더 좋습니당,,,0,1,들깨를 가득 넣어 먹으면 더더 맛있는 곱창전골이에요 리뷰쓰면 서비스를 주셔서 더 좋습니당,50,49,0,0,1,0,0,0,0,3,1,1,1,1,0,0,0,0,0,0,1,1,0,0,1,0,1,1,0,0,0,0,0,1,1,1,0,0,0,0,0,0,1,0,0,0,0,1,0
태양곱창 성수점,혜진48,21,2026.01.04,1번째 방문,영수증,곱창전골이랑 볶음밥 맛있어용??,17,True,태양곱창,event,혜진48,21,2026.01.04,1번째 방문,영수증,,곱창전골이랑 볶음밥 맛있어용??,,,0,1,곱창전골이랑 볶음밥 맛있어용,17,15,0,1,0,0,0,0,0,4,1,1,0,0,0,0,0,0,0,0,1,1,0,0,0,0,0,0,0,0,0,0,0,1,0,1,0,0,1,0,1,1,0,0,0,1,1,0,1
태양곱창 성수점,쏘야옹,179,2025.09.06,1번째 방문,영수증,너뮤 맵지 않고 좋아요 맛있어요 또올게요,22,True,태양곱창,event,쏘야옹,179,2025.09.06,1번째 방문,영수증,,너뮤 맵지 않고 좋아요 맛있어요 또올게요,,,0,1,너뮤 맵지 않고 좋아요 맛있어요 또올게요,22,22,0,1,0,0,0,0,0,0,0,0,0,0,0,0,0,0,0,0,2,1,0,0,0,0,0,0,0,1,1,0,0,1,1,1,0,0,1,0,1,0,0,0,0,1,1,0,1
태양곱창 성수점,민아71,17,2026.04.12,1번째 방문,영수증,"너무맛있어유,,,",9,True,태양곱창,event,민아71,17,2026.04.12,1번째 방문,영수증,,"너무맛있어유,,,",,,0,1,너무맛있어유,9,6,1,1,0,0,0,0,0,0,0,0,0,0,0,0,0,0,0,0,1,1,1,0,0,0,0,0,0,0,0,0,0,1,0,1,0,0,1,1,1,0,0,0,0,1,1,0,1
태양곱창 성수점,nah****,18,2025.11.06,1번째 방문,영수증,양도 많고 잡내 하나도 안 나요ㅠㅜㅜ 완전 맛있으니 곱창 좋아하시는 분들 추천드려요ㅜㅜ?,49,True,태양곱창,event,nah****,18,2025.11.06,1번째 방문,영수증,,양도 많고 잡내 하나도 안 나요ㅠㅜㅜ 완전 맛있으니 곱창 좋아하시는 분들 추천드려요ㅜㅜ?,,,0,1,양도 많고 잡내 하나도 안 나요 완전 맛있으니 곱창 좋아하시는 분들 추천드려요,49,43,0,0,1,0,2,1,1,1,1,0,0,0,0,0,0,0,0,0,2,1,1,0,0,0,0,0,0,0,0,0,0,1,0,1,0,1,0,0,0,0,0,1,0,0,0,0,0
태양곱창 성수점,hha****,51,2026.01.03,1번째 방문,영수증,야채곱창이 냄새도 안나고 맛있어요 기본맛도 매콤해서 치즈감자전이랑 잘 어울려요!,44,True,태양곱창,event,hha****,51,2026.01.03,1번째 방문,영수증,,야채곱창이 냄새도 안나고 맛있어요 기본맛도 매콤해서 치즈감자전이랑 잘 어울려요!,,,0,1,야채곱창이 냄새도 안나고 맛있어요 기본맛도 매콤해서 치즈감자전이랑 잘 어울려요,44,43,0,0,1,0,1,1,0,4,1,1,0,0,0,0,0,0,0,0,1,1,0,0,1,0,0,0,0,0,0,0,0,1,1,1,0,1,0,0,0,0,0,1,0,0,0,0,0
태양곱창 성수점,deuni,40,2025.10.30,1번째 방문,영수증,처음 와보는데 짱 맛있어용!!,16,True,태양곱창,event,deuni,40,2025.10.30,1번째 방문,영수증,,처음 와보는데 짱 맛있어용!!,,,0,1,처음 와보는데 짱 맛있어용,16,14,0,1,0,0,0,0,0,0,0,0,0,0,0,0,0,0,0,0,1,1,1,0,2,0,0,0,0,0,0,0,0,1,0,1,0,0,1,0,1,0,0,0,0,1,1,0,1
태양곱창 성수점,오현지36,9,2025.11.02,1번째 방문,영수증,"돼지곱창전골 너무 궁금했는데 기대만큼 맛있었어요! 음식도 금방 나왔고, 곱창도 야들야들 오동통해서 좋았어용",59,True,태양곱창,event,오현지36,9,2025.11.02,1번째 방문,영수증,,"돼지곱창전골 너무 궁금했는데 기대만큼 맛있었어요! 음식도 금방 나왔고, 곱창도 야들야들 오동통해서 좋았어용",,,0,1,돼지곱창전골 너무 궁금했는데 기대만큼 맛있었어요 음식도 금방 나왔고 곱창도 야들야들 오동통해서 좋았어용,59,57,0,0,1,0,0,0,0,5,1,1,0,0,0,0,0,0,0,0,1,1,1,0,1,0,0,0,0,0,0,0,0,0,0,1,0,0,0,0,1,1,0,0,0,0,0,0,0
태양곱창 성수점,wof****,62,2026.02.07,1번째 방문,영수증,곱창전골 소자 시켰는데 곱창이 꽉 차서 나왔어요 양이 푸짐하고 잡내 안나서 맛있게 먹었어요 점심에 온다면 국밥도 먹어보고싶네요~!,72,True,태양곱창,event,wof****,62,2026.02.07,1번째 방문,영수증,,곱창전골 소자 시켰는데 곱창이 꽉 차서 나왔어요 양이 푸짐하고 잡내 안나서 맛있게 먹었어요 점심에 온다면 국밥도 먹어보고싶네요~!,,,0,1,곱창전골 소자 시켰는데 곱창이 꽉 차서 나왔어요 양이 푸짐하고 잡내 안나서 맛있게 먹었어요 점심에 온다면 국밥도 먹어보고싶네요,72,70,0,0,1,1,3,1,1,4,1,1,0,0,0,1,1,0,0,0,1,1,0,0,1,0,0,0,0,0,0,0,0,1,1,1,0,1,0,0,0,0,1,1,1,0,0,0,0
태양곱창 성수점,rqkrj,45,2026.04.03,1번째 방문,영수증,곱창은 잡내 없이 고소하고 부들부들한 식감 기본적으로 매콤한 국물이라 술이랑 궁합 좋음 전골 안에 곱창 양이 꽤 많아서 푸짐한 느낌 성수에서 곱창전골 제대로 먹고 싶으면 무난하게 추천할 수 있는 집입니다. ?? 첫 방문이면 전골 + 볶음밥 조합 추천 ?? 술 한잔 하기 좋은 “성수식 찐맛집 느낌”,164,True,태양곱창,event,rqkrj,45,2026.04.03,1번째 방문,영수증,,곱창은 잡내 없이 고소하고 부들부들한 식감 기본적으로 매콤한 국물이라 술이랑 궁합 좋음 전골 안에 곱창 양이 꽤 많아서 푸짐한 느낌 성수에서 곱창전골 제대로 먹고 싶으면 무난하게 추천할 수 있는 집입니다. ?? 첫 방문이면 전골 + 볶음밥 조합 추천 ?? 술 한잔 하기 좋은 “성수식 찐맛집 느낌”,,,0,1,곱창은 잡내 없이 고소하고 부들부들한 식감 기본적으로 매콤한 국물이라 술이랑 궁합 좋음 전골 안에 곱창 양이 꽤 많아서 푸짐한 느낌 성수에서 곱창전골 제대로 먹고 싶으면 무난하게 추천할 수 있는 집입니다 첫 방문이면 전골 볶음밥 조합 추천 술 한잔 하기 좋은 성수식 찐맛집 느낌,166,155,0,0,1,1,7,1,1,8,1,1,0,0,0,0,0,0,0,0,3,1,0,0,0,0,0,0,0,0,0,0,0,1,0,1,0,1,0,0,0,0,0,1,0,0,0,0,0
태양곱창 성수점,젬니67,10,2025.09.21,1번째 방문,영수증,너무 맛있어요!! 다음에 성수 오면 또 올게요~,26,True,태양곱창,event,젬니67,10,2025.09.21,1번째 방문,영수증,,너무 맛있어요!! 다음에 성수 오면 또 올게요~,,,0,1,너무 맛있어요 다음에 성수 오면 또 올게요,26,23,0,1,0,0,0,0,0,0,0,0,0,0,0,0,0,0,0,0,1,1,1,0,2,0,0,0,0,1,1,0,0,1,0,1,0,0,1,0,1,0,0,0,0,1,1,0,1
태양곱창 성수점,말이2795,27,2026.02.01,1번째 방문,영수증,양도 진짜 진짜 많고 맛있어요! 또 방문하겠습니다!,28,True,태양곱창,event,말이2795,27,2026.02.01,1번째 방문,영수증,,양도 진짜 진짜 많고 맛있어요! 또 방문하겠습니다!,,,0,1,양도 진짜 진짜 많고 맛있어요 또 방문하겠습니다,28,26,0,1,0,0,1,1,0,0,0,0,0,0,0,0,0,0,0,0,1,1,2,0,2,0,0,0,1,1,1,0,0,1,0,1,0,0,1,0,0,0,0,0,0,0,0,0,0
태양곱창 성수점,rae****,77,2025.11.13,1번째 방문,영수증,곱창전골 먹고 싶어서 가다가 들렀어요!!잘 먹고 갑니다,30,True,태양곱창,event,rae****,77,2025.11.13,1번째 방문,영수증,,곱창전골 먹고 싶어서 가다가 들렀어요!!잘 먹고 갑니다,,,0,1,곱창전골 먹고 싶어서 가다가 들렀어요 잘 먹고 갑니다,30,29,0,0,1,0,0,0,0,3,1,1,0,0,0,0,0,0,0,0,0,0,0,0,2,0,0,0,0,0,0,0,0,1,1,1,0,0,0,0,0,0,0,0,0,0,0,0,0
태양곱창 성수점,하루민들레,248,2025.12.02,1번째 방문,예약,쏘쏘해용,4,True,태양곱창,event,하루민들레,248,2025.12.02,1번째 방문,예약,,쏘쏘해용,,,0,1,쏘쏘해용,4,4,1,1,0,0,0,0,0,0,0,0,0,0,0,0,0,0,0,0,0,0,0,0,0,0,0,0,0,0,0,0,0,1,1,1,0,0,0,0,0,0,0,0,0,1,0,0,1
태양곱창 성수점,Ray1296,92,2025.09.22,1번째 방문,영수증,인기 많다더니 넘 마싯어용?????? 웨이팅 없어서 다행이네여,31,True,태양곱창,event,Ray1296,92,2025.09.22,1번째 방문,영수증,,인기 많다더니 넘 마싯어용?????? 웨이팅 없어서 다행이네여,,,0,1,인기 많다더니 넘 마싯어용 웨이팅 없어서 다행이네여,34,28,0,0,1,0,0,0,0,0,0,0,1,1,0,0,0,0,0,0,1,1,0,0,0,0,0,0,0,0,0,0,0,1,1,1,0,0,0,0,0,0,1,0,0,0,0,0,0
태양곱창 성수점,tur****,1451,2026.01.26,1번째 방문,영수증,곱창 특유의 냄새가 많이 나요ㅜㅜ,18,True,태양곱창,event,tur****,1451,2026.01.26,1번째 방문,영수증,,곱창 특유의 냄새가 많이 나요ㅜㅜ,,,0,1,곱창 특유의 냄새가 많이 나요,18,16,0,1,0,0,0,0,0,1,1,0,0,0,0,0,0,0,0,0,0,0,0,0,0,0,0,0,0,0,0,0,0,1,1,1,0,0,0,0,0,0,0,0,0,1,0,0,1
태양곱창 성수점,Ndy85,411,2026.04.04,1번째 방문,영수증,성수 맛집쳐보니 태양곱창이 나와서 오게 되었습니다. 친절하고 양도 많고 맛있어요. 다음번에 성수 오게되면 또 올것 같습니다,68,True,태양곱창,event,Ndy85,411,2026.04.04,1번째 방문,영수증,,성수 맛집쳐보니 태양곱창이 나와서 오게 되었습니다. 친절하고 양도 많고 맛있어요. 다음번에 성수 오게되면 또 올것 같습니다,,,0,1,성수 맛집쳐보니 태양곱창이 나와서 오게 되었습니다 친절하고 양도 많고 맛있어요 다음번에 성수 오게되면 또 올것 같습니다,68,66,0,0,1,1,2,1,1,1,1,0,1,1,0,0,0,0,0,0,2,1,0,0,0,0,0,0,0,0,0,0,0,1,1,1,0,1,0,0,0,0,1,1,1,0,0,0,0
태양곱창 성수점,델몬트365,31,2025.08.02,1번째 방문,영수증,미쳤어요ㅠㅠ너무맛있고 양도많고 친절한 가게입니당! 담에 무조건 재방이요!,40,True,태양곱창,event,델몬트365,31,2025.08.02,1번째 방문,영수증,,미쳤어요ㅠㅠ너무맛있고 양도많고 친절한 가게입니당! 담에 무조건 재방이요!,,,0,1,미쳤어요 너무맛있고 양도많고 친절한 가게입니당 담에 무조건 재방이요,40,37,0,0,1,0,1,1,0,0,0,0,1,1,0,0,0,0,0,0,1,1,1,0,2,0,0,0,0,0,0,0,0,1,0,1,0,0,0,0,0,0,1,0,0,0,0,0,0
태양곱창 성수점,배고파z,1081,2026.03.17,7번째 방문,예약,곱창 국밥 쵝오,8,True,태양곱창,event,배고파z,1081,2026.03.17,7번째 방문,예약,,곱창 국밥 쵝오,,,0,7,곱창 국밥 쵝오,8,8,1,1,0,0,0,0,0,1,1,0,0,0,0,0,0,0,0,0,0,0,0,0,0,0,0,0,0,0,0,0,0,1,1,0,1,0,0,0,0,0,0,0,0,1,0,0,0
태양곱창 성수점,zzxwz0212,28,2026.03.18,1번째 방문,영수증,양도 많고 친절하셔서 너무 좋아요! 역시 성수에서 유명한 곳 좋아요!!,39,True,태양곱창,event,zzxwz0212,28,2026.03.18,1번째 방문,영수증,,양도 많고 친절하셔서 너무 좋아요! 역시 성수에서 유명한 곳 좋아요!!,,,0,1,양도 많고 친절하셔서 너무 좋아요 역시 성수에서 유명한 곳 좋아요,39,36,0,0,1,0,1,1,0,0,0,0,1,1,0,0,0,0,0,0,2,1,1,0,3,1,0,0,0,0,0,0,0,1,0,1,0,0,0,0,0,0,1,0,0,0,0,0,0
태양곱창 성수점,아 뭐로하지24,26,2025.10.26,1번째 방문,영수증,와 걍 아무데나 들어간거였는데 곱창볶음인데 되게 촉촉하고 매콤하면서도 맛있어요. 볶음밥 처음에 메뉴보고 곱창남은거에 볶는 그런건줄알았는데 따로 나와요 다 필요없고 무조건 볶음밥 시켜야함. 착각해서 곱창다먹고 시켰으면 진짜 울뻔ㅜ 중간부터 볶음밥이랑 같이 먹는데 짭쪼름하고 밥알이 하나하나 느껴지는 진짜???♀? 주말 낮이라그런지 테이블이 두세개는 계속 여유있어서 대기없이 먹었어욯ㅎ,212,True,태양곱창,event,아 뭐로하지24,26,2025.10.26,1번째 방문,영수증,,와 걍 아무데나 들어간거였는데 곱창볶음인데 되게 촉촉하고 매콤하면서도 맛있어요. 볶음밥 처음에 메뉴보고 곱창남은거에 볶는 그런건줄알았는데 따로 나와요 다 필요없고 무조건 볶음밥 시켜야함. 착각해서 곱창다먹고 시켰으면 진짜 울뻔ㅜ 중간부터 볶음밥이랑 같이 먹는데 짭쪼름하고 밥알이 하나하나 느껴지는 진짜???♀? 주말 낮이라그런지 테이블이 두세개는 계속 여유있어서 대기없이 먹었어욯ㅎ,,,0,1,와 걍 아무데나 들어간거였는데 곱창볶음인데 되게 촉촉하고 매콤하면서도 맛있어요 볶음밥 처음에 메뉴보고 곱창남은거에 볶는 그런건줄알았는데 따로 나와요 다 필요없고 무조건 볶음밥 시켜야함 착각해서 곱창다먹고 시켰으면 진짜 울뻔 중간부터 볶음밥이랑 같이 먹는데 짭쪼름하고 밥알이 하나하나 느껴지는 진짜 주말 낮이라그런지 테이블이 두세개는 계속 여유있어서 대기없이 먹었어욯,213,204,0,0,1,1,1,1,0,6,1,1,1,1,0,1,1,0,0,0,1,1,2,0,0,0,0,0,1,0,0,0,0,1,0,1,0,1,0,0,0,0,1,1,0,0,0,0,0
태양곱창 성수점,냠1,13,2026.01.29,1번째 방문,영수증,평일 3시쯤 웨이팅 없이 바로 들어갔어욥! 곱창 짱 맛있어용??,35,True,태양곱창,event,냠1,13,2026.01.29,1번째 방문,영수증,,평일 3시쯤 웨이팅 없이 바로 들어갔어욥! 곱창 짱 맛있어용??,,,0,1,평일 3시쯤 웨이팅 없이 바로 들어갔어욥 곱창 짱 맛있어용,35,32,0,0,1,0,0,0,0,1,1,0,1,1,0,1,1,1,1,1,1,1,1,0,1,0,0,0,0,0,0,0,0,1,0,1,0,0,0,0,0,0,1,0,0,0,0,0,0
태양곱창 성수점,sh9****,44,2025.12.30,1번째 방문,영수증,곱창 너무 맛있어여 다음에 또 올게여??,21,True,태양곱창,event,sh9****,44,2025.12.30,1번째 방문,영수증,,곱창 너무 맛있어여 다음에 또 올게여??,,,0,1,곱창 너무 맛있어여 다음에 또 올게여,22,20,0,1,0,0,0,0,0,1,1,0,0,0,0,0,0,0,0,0,1,1,1,0,0,0,0,0,0,0,0,0,0,1,0,1,0,0,1,0,1,1,0,0,0,1,1,0,1
태양곱창 성수점,핫플내비게이션,54,2026.04.04,1번째 방문,영수증,태양곱창은 처음와봤는디 맛있어요!!!,20,True,태양곱창,event,핫플내비게이션,54,2026.04.04,1번째 방문,영수증,,태양곱창은 처음와봤는디 맛있어요!!!,,,0,1,태양곱창은 처음와봤는디 맛있어요,20,17,0,1,0,0,1,1,0,1,1,0,0,0,0,0,0,0,0,0,1,1,0,0,3,1,0,0,0,0,0,0,0,1,1,1,0,1,1,0,0,0,0,0,0,0,0,0,0
태양곱창 성수점,ziv****,5,2026.02.03,1번째 방문,영수증,정말 또올집!!! 맛잇습니다,15,True,태양곱창,event,ziv****,5,2026.02.03,1번째 방문,영수증,,정말 또올집!!! 맛잇습니다,,,0,1,정말 또올집 맛잇습니다,15,12,0,1,0,0,0,0,0,0,0,0,0,0,0,0,0,0,0,0,0,0,0,0,3,1,0,0,0,0,0,0,1,0,0,1,0,0,0,0,0,0,0,0,0,1,0,0,1
태양곱창 성수점,쥬쥬yam,495,2025.11.04,1번째 방문,영수증,맛있어요! 평일이라 웨이팅은 안했는데 사람은 많았어용 야채곱창 매운맛은 꽤나매워서 주의!! 치즈추가해서 먹으면 치즈 꽤많아서 좋아요 야곱은 볶음밥 추가하면 하얗게 해서 나오던데 야곱양념이랑 같이먹으면 꿀맛??,115,True,태양곱창,event,쥬쥬yam,495,2025.11.04,1번째 방문,영수증,,맛있어요! 평일이라 웨이팅은 안했는데 사람은 많았어용 야채곱창 매운맛은 꽤나매워서 주의!! 치즈추가해서 먹으면 치즈 꽤많아서 좋아요 야곱은 볶음밥 추가하면 하얗게 해서 나오던데 야곱양념이랑 같이먹으면 꿀맛??,,,0,1,맛있어요 평일이라 웨이팅은 안했는데 사람은 많았어용 야채곱창 매운맛은 꽤나매워서 주의 치즈추가해서 먹으면 치즈 꽤많아서 좋아요 야곱은 볶음밥 추가하면 하얗게 해서 나오던데 야곱양념이랑 같이먹으면 꿀맛,116,111,0,0,1,1,2,1,1,5,1,1,1,1,0,1,1,0,0,0,2,1,0,0,3,1,0,0,0,0,0,0,0,1,1,1,0,1,0,0,0,0,1,1,1,0,0,0,0
태양곱창 성수점,은별1865,10,2026.01.07,1번째 방문,영수증,첫 방문인데 매장도 크고 맛있게 먹었습니다! 또 올게요~~,32,True,태양곱창,event,은별1865,10,2026.01.07,1번째 방문,영수증,,첫 방문인데 매장도 크고 맛있게 먹었습니다! 또 올게요~~,,,0,1,첫 방문인데 매장도 크고 맛있게 먹었습니다 또 올게요,32,29,0,0,1,0,0,0,0,0,0,0,1,1,0,0,0,0,0,0,1,1,0,0,1,0,0,0,0,1,1,0,0,1,0,1,0,0,0,0,0,0,1,0,0,0,0,0,0
태양곱창 성수점,박성진2093,24,2026.01.04,1번째 방문,영수증,완전 대박집입니다!!! 재방문의사 58000%!!!,28,True,태양곱창,event,박성진2093,24,2026.01.04,1번째 방문,영수증,,완전 대박집입니다!!! 재방문의사 58000%!!!,,,0,1,완전 대박집입니다 재방문의사 58000,28,21,0,1,0,0,0,0,0,0,0,0,0,0,0,0,0,1,0,0,0,0,2,0,6,1,0,0,0,1,1,0,0,1,0,1,0,0,0,0,0,0,0,0,0,1,0,0,1
태양곱창 성수점,2026gg,1474,2025.11.04,1번째 방문,영수증,일인분 시켰는데 둘이먹기에 양도많고 맛있었습니다!! 또가고싶어요,35,True,태양곱창,event,2026gg,1474,2025.11.04,1번째 방문,영수증,,일인분 시켰는데 둘이먹기에 양도많고 맛있었습니다!! 또가고싶어요,,,0,1,일인분 시켰는데 둘이먹기에 양도많고 맛있었습니다 또가고싶어요,35,33,0,0,1,0,1,1,0,0,0,0,0,0,0,0,0,0,0,0,1,1,0,0,2,0,0,0,0,0,0,0,0,1,1,1,0,0,0,0,0,0,0,0,0,0,0,0,0
태양곱창 성수점,한도령12,31,2025.05.18,1번째 방문,영수증,들깨 가루 팍팍 얹어서 먹었더니 맛있었어요. 다른 리뷰에서처럼 곱창이 부드러워요 볶음밥이 곱창이랑 같이 볶는 형식이 아니라 따로 볶아져서 나오는데 계란 고소한 맛 잘 나서 맛있어요. 누룽지가 긁어먹는게 진짜 꿀맛입니다,121,True,태양곱창,event,한도령12,31,2025.05.18,1번째 방문,영수증,,들깨 가루 팍팍 얹어서 먹었더니 맛있었어요. 다른 리뷰에서처럼 곱창이 부드러워요 볶음밥이 곱창이랑 같이 볶는 형식이 아니라 따로 볶아져서 나오는데 계란 고소한 맛 잘 나서 맛있어요. 누룽지가 긁어먹는게 진짜 꿀맛입니다,,,0,1,들깨 가루 팍팍 얹어서 먹었더니 맛있었어요 다른 리뷰에서처럼 곱창이 부드러워요 볶음밥이 곱창이랑 같이 볶는 형식이 아니라 따로 볶아져서 나오는데 계란 고소한 맛 잘 나서 맛있어요 누룽지가 긁어먹는게 진짜 꿀맛입니다,121,119,0,0,1,1,2,1,1,3,1,1,0,0,0,0,0,0,0,0,2,1,1,0,0,0,0,0,1,0,0,0,0,1,0,1,0,1,0,0,0,0,0,1,0,0,0,0,0
태양곱창 성수점,lyr****,36,2025.06.29,1번째 방문,영수증,성수에 워낙 유명한 돼지곱창집이라해서 방문했는데 역시 유명한 이유가 있습니다???? 웨이팅이 있었지만 회전율이 좋아서 별로 안기다리고 갔어요! 야채곱창 냄새도 하나도 안나고 너무 맛있게먹었어요! 사이드로 시킨 치즈감자전도 너무 맛있어용,129,True,태양곱창,event,lyr****,36,2025.06.29,1번째 방문,영수증,,성수에 워낙 유명한 돼지곱창집이라해서 방문했는데 역시 유명한 이유가 있습니다???? 웨이팅이 있었지만 회전율이 좋아서 별로 안기다리고 갔어요! 야채곱창 냄새도 하나도 안나고 너무 맛있게먹었어요! 사이드로 시킨 치즈감자전도 너무 맛있어용,,,0,1,성수에 워낙 유명한 돼지곱창집이라해서 방문했는데 역시 유명한 이유가 있습니다 웨이팅이 있었지만 회전율이 좋아서 별로 안기다리고 갔어요 야채곱창 냄새도 하나도 안나고 너무 맛있게먹었어요 사이드로 시킨 치즈감자전도 너무 맛있어용,131,125,0,0,1,1,0,0,0,5,1,1,1,1,0,0,0,0,0,0,2,1,2,0,2,0,0,0,1,0,0,0,0,1,0,1,0,0,0,0,0,0,1,0,0,0,0,0,0
태양곱창 성수점,김주영421,180,2025.10.10,1번째 방문,영수증,여기 웨이팅 하다가 저반에 못먹엇능데 드뎌 먹어요 역시 맛잇습니달 ㅎㅎ,39,True,태양곱창,event,김주영421,180,2025.10.10,1번째 방문,영수증,,여기 웨이팅 하다가 저반에 못먹엇능데 드뎌 먹어요 역시 맛잇습니달 ㅎㅎ,,,0,1,여기 웨이팅 하다가 저반에 못먹엇능데 드뎌 먹어요 역시 맛잇습니달,39,36,0,0,1,0,0,0,0,0,0,0,1,1,0,0,0,0,0,0,0,0,0,0,0,0,0,0,0,0,0,0,0,1,1,1,0,0,0,0,0,0,1,0,0,0,0,0,0
태양곱창 성수점,람솔잉,26,2025.10.19,1번째 방문,영수증,매장이 넓고 좋아요 웨이팅 없이 바로 바로 먹어서 좋아요 추천~,35,True,태양곱창,event,람솔잉,26,2025.10.19,1번째 방문,영수증,,매장이 넓고 좋아요 웨이팅 없이 바로 바로 먹어서 좋아요 추천~,,,0,1,매장이 넓고 좋아요 웨이팅 없이 바로 바로 먹어서 좋아요 추천,35,34,0,0,1,0,0,0,0,0,0,0,2,1,1,0,0,0,0,0,3,1,0,0,0,0,0,0,0,0,0,0,0,1,0,1,0,0,0,0,0,0,1,0,0,0,0,0,0
태양곱창 성수점,rr****,23,2026.01.24,1번째 방문,영수증,잡내 안 나고 곱창 되게 부드러워서 맛있고 당면양이 진짜 많아서 좋아요??????,42,True,태양곱창,event,rr****,23,2026.01.24,1번째 방문,영수증,,잡내 안 나고 곱창 되게 부드러워서 맛있고 당면양이 진짜 많아서 좋아요??????,,,0,1,잡내 안 나고 곱창 되게 부드러워서 맛있고 당면양이 진짜 많아서 좋아요,45,39,0,0,1,0,3,1,1,1,1,0,0,0,0,0,0,0,0,0,2,1,1,0,0,0,0,0,1,0,0,0,0,1,0,1,0,1,0,0,0,0,0,1,0,0,0,0,0
태양곱창 성수점,beebee12,59,2026.04.12,1번째 방문,영수증,불맛나고 기본맛도 매콤해서 맛있어요!!ㅎㅎ 양도많아요,29,True,태양곱창,event,beebee12,59,2026.04.12,1번째 방문,영수증,,불맛나고 기본맛도 매콤해서 맛있어요!!ㅎㅎ 양도많아요,,,0,1,불맛나고 기본맛도 매콤해서 맛있어요 양도많아요,29,25,0,1,0,0,2,1,1,0,0,0,0,0,0,0,0,0,0,0,1,1,0,0,2,0,0,0,0,0,0,0,0,1,1,1,0,0,1,0,0,0,0,0,0,0,0,0,0
태양곱창 성수점,moe****,28,2025.09.20,1번째 방문,영수증,"곱이 진짜 고소하고 맛있고 반찬도 너무 맛있어요..!!토요일 + 저녁 + 성수동,,웨이팅 길긴 해도 감안하고 기다려서 먹을 가치가 충분합니다",78,True,태양곱창,event,moe****,28,2025.09.20,1번째 방문,영수증,,"곱이 진짜 고소하고 맛있고 반찬도 너무 맛있어요..!!토요일 + 저녁 + 성수동,,웨이팅 길긴 해도 감안하고 기다려서 먹을 가치가 충분합니다",,,0,1,곱이 진짜 고소하고 맛있고 반찬도 너무 맛있어요 토요일 저녁 성수동 웨이팅 길긴 해도 감안하고 기다려서 먹을 가치가 충분합니다,78,70,0,0,1,1,1,1,0,0,0,0,1,1,0,2,1,0,0,0,2,1,2,0,2,0,0,0,1,0,0,0,0,1,0,1,0,0,0,0,0,0,1,0,0,0,0,0,0
태양곱창 성수점,wjddPDnjs,8,2026.03.29,1번째 방문,영수증,곱창전골에 당면추가해서 먹었는데 양 진짜 많고 너무 맛잇게 먹엇서욤 ^^~~ 제가 먹은 곱창집중에서 곱창 양 젤 많아요 !!,69,True,태양곱창,event,wjddPDnjs,8,2026.03.29,1번째 방문,영수증,,곱창전골에 당면추가해서 먹었는데 양 진짜 많고 너무 맛잇게 먹엇서욤 ^^~~ 제가 먹은 곱창집중에서 곱창 양 젤 많아요 !!,,,0,1,곱창전골에 당면추가해서 먹었는데 양 진짜 많고 너무 맛잇게 먹엇서욤 제가 먹은 곱창집중에서 곱창 양 젤 많아요,69,61,0,0,1,1,2,1,1,5,1,1,0,0,0,0,0,0,0,0,0,0,2,0,2,0,0,0,0,0,0,0,0,0,0,1,0,1,0,0,0,0,0,1,0,0,0,0,0
태양곱창 성수점,마덩구리 뚱뚱,4,2026.04.26,1번째 방문,영수증,우연히 들렸는데 너어어어무 맛있었어용,20,True,태양곱창,event,마덩구리 뚱뚱,4,2026.04.26,1번째 방문,영수증,,우연히 들렸는데 너어어어무 맛있었어용,,,0,1,우연히 들렸는데 너어어어무 맛있었어용,20,20,0,1,0,0,0,0,0,0,0,0,0,0,0,0,0,0,0,0,1,1,0,0,0,0,0,0,0,0,0,0,1,0,0,1,0,0,1,0,1,0,0,0,0,1,1,0,1
태양곱창 성수점,liz****,46,2026.01.16,1번째 방문,영수증,맛있어용 ??????,8,True,태양곱창,event,liz****,46,2026.01.16,1번째 방문,영수증,,맛있어용 ??????,,,0,1,맛있어용,11,4,0,1,0,0,0,0,0,0,0,0,0,0,0,0,0,0,0,0,1,1,0,0,0,0,0,0,0,0,0,0,0,1,0,1,0,0,1,0,1,0,0,0,0,1,1,0,1
태양곱창 성수점,son****,78,2025.11.30,1번째 방문,영수증,음식이 맛있어요,8,True,태양곱창,event,son****,78,2025.11.30,1번째 방문,영수증,,음식이 맛있어요,,,0,1,음식이 맛있어요,8,8,1,1,0,0,0,0,0,0,0,0,0,0,0,0,0,0,0,0,1,1,0,0,0,0,0,0,0,0,0,0,0,1,1,1,0,0,1,1,1,0,0,0,0,1,1,0,1
태양곱창 성수점,dbg****,8,2026.03.28,1번째 방문,영수증,곱창전골이 진짜ㅠㅜ 맛있어요!!!! 냄새도 안 나고 칼칼하고 깔끔함이 크???? 맛있게 잘 먹었습니다!????,59,True,태양곱창,event,dbg****,8,2026.03.28,1번째 방문,영수증,,곱창전골이 진짜ㅠㅜ 맛있어요!!!! 냄새도 안 나고 칼칼하고 깔끔함이 크???? 맛있게 잘 먹었습니다!????,,,0,1,곱창전골이 진짜 맛있어요 냄새도 안 나고 칼칼하고 깔끔함이 크 맛있게 잘 먹었습니다,61,46,0,0,1,1,1,1,0,3,1,1,0,0,0,0,0,0,0,0,2,1,1,0,5,1,0,0,1,0,0,0,0,0,0,1,0,1,0,0,0,0,0,1,0,0,0,0,0
태양곱창 성수점,투자자자,15,2025.12.21,1번째 방문,영수증,맛집이라고 들았는데 와서먹어보니 곱창전골이 너무 맛있습니다~~ 다음에 또올게요!!,45,True,태양곱창,event,투자자자,15,2025.12.21,1번째 방문,영수증,,맛집이라고 들았는데 와서먹어보니 곱창전골이 너무 맛있습니다~~ 다음에 또올게요!!,,,0,1,맛집이라고 들았는데 와서먹어보니 곱창전골이 너무 맛있습니다 다음에 또올게요,45,41,0,0,1,0,0,0,0,3,1,1,0,0,0,0,0,0,0,0,2,1,1,0,2,0,0,0,0,1,1,0,0,1,0,1,0,0,0,0,1,1,0,0,0,0,0,0,0
태양곱창 성수점,예니니이,20,2026.01.04,1번째 방문,영수증,남자친구랑 성수에서 뭐 먹을지 고민하다가 냄새에 이끌려서 들어왔는데 추운날 따뜻하게 잘 먹었어요~!!,56,True,태양곱창,event,예니니이,20,2026.01.04,1번째 방문,영수증,,남자친구랑 성수에서 뭐 먹을지 고민하다가 냄새에 이끌려서 들어왔는데 추운날 따뜻하게 잘 먹었어요~!!,,,0,1,남자친구랑 성수에서 뭐 먹을지 고민하다가 냄새에 이끌려서 들어왔는데 추운날 따뜻하게 잘 먹었어요,56,53,0,0,1,0,0,0,0,0,0,0,0,0,0,1,1,0,0,0,0,0,0,0,2,0,0,0,0,0,0,0,0,1,0,1,0,0,0,0,0,0,1,0,0,0,0,0,0
태양곱창 성수점,woojun2000,79,2025.09.21,1번째 방문,영수증,너무 맛있어요!!!!,11,True,태양곱창,event,woojun2000,79,2025.09.21,1번째 방문,영수증,,너무 맛있어요!!!!,,,0,1,너무 맛있어요,11,7,0,1,0,0,0,0,0,0,0,0,0,0,0,0,0,0,0,0,1,1,1,0,4,1,0,0,0,0,0,0,0,1,1,1,0,0,1,0,1,0,0,0,0,1,1,0,1
태양곱창 성수점,이4770,6,2026.02.03,1번째 방문,영수증,굿!,2,True,태양곱창,event,이4770,6,2026.02.03,1번째 방문,영수증,,굿!,,,0,1,굿,2,1,1,1,0,0,0,0,0,0,0,0,0,0,0,0,0,0,0,0,0,0,0,0,1,0,0,0,0,0,0,0,0,0,0,1,0,0,0,0,0,0,0,0,0,1,0,0,1
태양곱창 성수점,jx,121,2026.01.16,1번째 방문,영수증,??,1,True,태양곱창,event,jx,121,2026.01.16,1번째 방문,영수증,,??,,,0,1,,2,0,1,1,0,0,0,0,0,0,0,0,0,0,0,0,0,0,0,0,0,0,0,0,0,0,0,0,0,0,0,0,0,1,1,1,0,0,0,0,0,0,0,0,0,1,0,0,1
태양곱창 성수점,시현3133,3,2026.02.12,1번째 방문,영수증,양이 너무 많아요!!!!! 좀 매운데 맛있어요????,27,True,태양곱창,event,시현3133,3,2026.02.12,1번째 방문,영수증,,양이 너무 많아요!!!!! 좀 매운데 맛있어요????,,,0,1,양이 너무 많아요 좀 매운데 맛있어요,29,20,0,1,0,0,2,1,1,0,0,0,0,0,0,0,0,0,0,0,1,1,1,0,5,1,0,0,0,0,0,0,1,0,0,1,0,0,1,0,0,0,0,0,0,0,0,0,0
태양곱창 성수점,아기ㅊ1즈,18,2025.10.09,1번째 방문,영수증,듣던대로 맛있어요 &gt;_&lt; !! 당면 추가는 필수 ~~,35,True,태양곱창,event,아기ㅊ1즈,18,2025.10.09,1번째 방문,영수증,,듣던대로 맛있어요 &gt;_&lt; !! 당면 추가는 필수 ~~,,,0,1,듣던대로 맛있어요 gt lt 당면 추가는 필수,35,25,0,0,1,0,0,0,0,0,0,0,0,0,0,0,0,0,0,0,1,1,0,0,2,0,0,0,0,0,0,0,0,1,0,1,0,0,0,0,1,0,0,0,0,0,0,0,0
태양곱창 성수점,njk****,30,2025.11.01,1번째 방문,영수증,곱창 양 많고 부드러워요! 맛있네요,19,True,태양곱창,event,njk****,30,2025.11.01,1번째 방문,영수증,,곱창 양 많고 부드러워요! 맛있네요,,,0,1,곱창 양 많고 부드러워요 맛있네요,19,18,0,1,0,0,2,1,1,1,1,0,0,0,0,0,0,0,0,0,1,1,0,0,1,0,0,0,0,0,0,0,0,1,0,1,0,1,1,0,0,0,0,0,0,0,0,0,0
태양곱창 성수점,eun****,20,2026.04.25,1번째 방문,영수증,맛있어요ㅠㅠㅜ 왜 이영지가 맛있다했는지 알겠어요 잘먹고 갑니다ㅎ,35,True,태양곱창,event,eun****,20,2026.04.25,1번째 방문,영수증,,맛있어요ㅠㅠㅜ 왜 이영지가 맛있다했는지 알겠어요 잘먹고 갑니다ㅎ,,,0,1,맛있어요 왜 이영지가 맛있다했는지 알겠어요 잘먹고 갑니다,35,31,0,0,1,0,0,0,0,0,0,0,0,0,0,0,0,0,0,0,2,1,0,0,0,0,0,0,0,0,0,0,0,1,0,1,0,0,0,0,1,0,0,0,0,0,0,0,0
태양곱창 성수점,ans****,139,2025.10.08,1번째 방문,영수증,여긴 진짜 볶음밥이 킥!!,14,True,태양곱창,event,ans****,139,2025.10.08,1번째 방문,영수증,,여긴 진짜 볶음밥이 킥!!,,,0,1,여긴 진짜 볶음밥이 킥,14,12,0,1,0,0,0,0,0,1,1,0,0,0,0,0,0,0,0,0,0,0,1,0,2,0,0,0,0,0,0,0,0,1,1,1,0,0,0,0,0,0,0,0,0,1,0,0,1
태양곱창 성수점,kim****,30,2025.10.29,1번째 방문,영수증,너무 맛있고 양도 많아서 좋아욥 ㅎㅎㅎ,21,True,태양곱창,event,kim****,30,2025.10.29,1번째 방문,영수증,,너무 맛있고 양도 많아서 좋아욥 ㅎㅎㅎ,,,0,1,너무 맛있고 양도 많아서 좋아욥,21,17,0,1,0,0,1,1,0,0,0,0,0,0,0,0,0,0,0,0,1,1,1,0,0,0,0,0,0,0,0,0,0,1,0,1,0,0,1,0,0,0,0,0,0,0,0,0,0
태양곱창 성수점,siy****,29,2026.02.14,1번째 방문,영수증,맛있어요!!,6,True,태양곱창,event,siy****,29,2026.02.14,1번째 방문,영수증,,맛있어요!!,,,0,1,맛있어요,6,4,1,1,0,0,0,0,0,0,0,0,0,0,0,0,0,0,0,0,1,1,0,0,2,0,0,0,0,0,0,0,0,1,0,1,0,0,1,1,1,0,0,0,0,1,1,0,1
태양곱창 성수점,정24,11,2026.01.31,1번째 방문,영수증,양도 많고 맛있어요????,12,True,태양곱창,event,정24,11,2026.01.31,1번째 방문,영수증,,양도 많고 맛있어요????,,,0,1,양도 많고 맛있어요,14,10,0,1,0,0,1,1,0,0,0,0,0,0,0,0,0,0,0,0,1,1,0,0,0,0,0,0,0,0,0,0,0,1,0,1,0,0,1,0,0,0,0,0,0,0,0,0,0
태양곱창 성수점,sute,30,2025.06.05,1번째 방문,영수증,마라 좋아하는데 성수동에 볼일이 있어서 마라야채곱창이 있다고 해서 들려봤어요 너무 맛있어요!! 입이 얼얼하고 맵지만 계속 손이 가는..??!! 감자전도 너무 맛있어요 추천합니다!! 여기 오시면 꼭드세요 ????????????,119,True,태양곱창,event,sute,30,2025.06.05,1번째 방문,영수증,,마라 좋아하는데 성수동에 볼일이 있어서 마라야채곱창이 있다고 해서 들려봤어요 너무 맛있어요!! 입이 얼얼하고 맵지만 계속 손이 가는..??!! 감자전도 너무 맛있어요 추천합니다!! 여기 오시면 꼭드세요 ????????????,,,0,1,마라 좋아하는데 성수동에 볼일이 있어서 마라야채곱창이 있다고 해서 들려봤어요 너무 맛있어요 입이 얼얼하고 맵지만 계속 손이 가는 감자전도 너무 맛있어요 추천합니다 여기 오시면 꼭드세요,125,102,0,0,1,1,0,0,0,3,1,1,0,0,0,0,0,0,0,0,3,1,2,0,6,1,0,0,0,0,0,0,0,1,0,1,0,0,0,0,1,1,0,0,0,0,0,0,0
태양곱창 성수점,big****,44,2025.09.07,1번째 방문,영수증,곱창 짱많고 당면도 진짜 많습니다 곱창 안질기고 야들야들하고 존맛탱구리입니다!! 꼭드세요,49,True,태양곱창,event,big****,44,2025.09.07,1번째 방문,영수증,,곱창 짱많고 당면도 진짜 많습니다 곱창 안질기고 야들야들하고 존맛탱구리입니다!! 꼭드세요,,,0,1,곱창 짱많고 당면도 진짜 많습니다 곱창 안질기고 야들야들하고 존맛탱구리입니다 꼭드세요,49,47,0,0,1,0,0,0,0,2,1,1,0,0,0,0,0,0,0,0,0,0,3,1,2,0,0,0,0,0,0,0,0,1,0,1,0,0,0,0,0,0,0,0,0,0,0,0,0
태양곱창 성수점,mar****,37,2026.03.14,1번째 방문,영수증,걷다가 우연히 들어온 곳인데 매장도 깔끔하고 가격도 합리적이고 너무 맛있어요 !! 또 방문할 것 같아요,57,True,태양곱창,event,mar****,37,2026.03.14,1번째 방문,영수증,,걷다가 우연히 들어온 곳인데 매장도 깔끔하고 가격도 합리적이고 너무 맛있어요 !! 또 방문할 것 같아요,,,0,1,걷다가 우연히 들어온 곳인데 매장도 깔끔하고 가격도 합리적이고 너무 맛있어요 또 방문할 것 같아요,57,54,0,0,1,0,0,0,0,0,0,0,2,1,1,0,0,0,0,0,1,1,1,0,2,0,0,0,0,1,1,0,0,1,0,1,0,0,0,0,0,0,1,0,0,0,0,0,0
태양곱창 성수점,luciferin9,59,2025.10.11,1번째 방문,영수증,기다린 보람이 있어요!!!,14,True,태양곱창,event,luciferin9,59,2025.10.11,1번째 방문,영수증,,기다린 보람이 있어요!!!,,,0,1,기다린 보람이 있어요,14,11,0,1,0,0,0,0,0,0,0,0,0,0,0,0,0,0,0,0,0,0,0,0,3,1,0,0,0,0,0,0,0,1,1,1,0,0,0,0,0,0,0,0,0,1,0,0,1
태양곱창 성수점,youjin3,7,2025.10.11,1번째 방문,영수증,직원분도 친절하시고 맛있어용ㅎㅎ 굿굿,20,True,태양곱창,event,youjin3,7,2025.10.11,1번째 방문,영수증,,직원분도 친절하시고 맛있어용ㅎㅎ 굿굿,,,0,1,직원분도 친절하시고 맛있어용 굿굿,20,18,0,1,0,0,0,0,0,0,0,0,2,1,1,0,0,0,0,0,1,1,0,0,0,0,0,0,0,0,0,0,0,0,0,1,0,0,1,0,0,0,1,0,0,0,1,0,0
태양곱창 성수점,rla****,62,2025.11.08,1번째 방문,영수증,잡내안나고 맛있어요~^^b,14,True,태양곱창,event,rla****,62,2025.11.08,1번째 방문,영수증,,잡내안나고 맛있어요~^^b,,,0,1,잡내안나고 맛있어요 b,14,12,0,1,0,0,1,1,0,0,0,0,0,0,0,0,0,0,0,0,1,1,0,0,0,0,0,0,0,0,0,0,0,1,1,1,0,0,1,0,0,0,0,0,0,0,0,0,0
태양곱창 성수점,도마도68,40,2025.09.30,1번째 방문,영수증,양 많고 맛있어요 평일인데도 사람이 많네용ㅋㅋㅋ맛있어용ㄹㅇ,32,True,태양곱창,event,도마도68,40,2025.09.30,1번째 방문,영수증,,양 많고 맛있어요 평일인데도 사람이 많네용ㅋㅋㅋ맛있어용ㄹㅇ,,,0,1,양 많고 맛있어요 평일인데도 사람이 많네용 맛있어용,32,28,0,0,1,0,1,1,0,0,0,0,0,0,0,1,1,0,0,0,2,1,0,0,0,0,0,0,0,0,0,0,0,1,0,1,0,0,0,0,0,0,1,0,0,0,0,0,0
태양곱창 성수점,정성휘14,20,2025.11.17,1번째 방문,영수증,지난번에 먹고 맛있어서 또 왔습니다. 날이 추워지니 딱 좋네요,34,True,태양곱창,event,정성휘14,20,2025.11.17,1번째 방문,영수증,,지난번에 먹고 맛있어서 또 왔습니다. 날이 추워지니 딱 좋네요,,,0,1,지난번에 먹고 맛있어서 또 왔습니다 날이 추워지니 딱 좋네요,34,33,0,0,1,0,0,0,0,0,0,0,0,0,0,0,0,0,0,0,1,1,0,0,0,0,0,0,0,0,0,0,0,1,0,1,0,0,0,0,1,0,0,0,0,0,0,0,0
태양곱창 성수점,줼미,70,2025.12.06,1번째 방문,영수증,유명해서 처음 먹어봤는데 너무 맛있어요~~,23,True,태양곱창,event,줼미,70,2025.12.06,1번째 방문,영수증,,유명해서 처음 먹어봤는데 너무 맛있어요~~,,,0,1,유명해서 처음 먹어봤는데 너무 맛있어요,23,21,0,1,0,0,0,0,0,0,0,0,0,0,0,0,0,0,0,0,1,1,1,0,0,0,0,0,0,0,0,0,0,1,1,1,0,0,1,0,1,0,0,0,0,1,1,0,1
태양곱창 성수점,필립9193,68,2026.01.29,1번째 방문,영수증,성수에서 곱창 먹을 일 있으면 항상 방문하는 집 중 하나입니다 너무너무 맛있게 잘 먹고 있습니다 ????,56,True,태양곱창,event,필립9193,68,2026.01.29,1번째 방문,영수증,,성수에서 곱창 먹을 일 있으면 항상 방문하는 집 중 하나입니다 너무너무 맛있게 잘 먹고 있습니다 ????,,,0,1,성수에서 곱창 먹을 일 있으면 항상 방문하는 집 중 하나입니다 너무너무 맛있게 잘 먹고 있습니다,58,53,0,0,1,0,0,0,0,1,1,0,0,0,0,0,0,0,0,0,1,1,2,0,0,0,0,0,0,0,0,0,0,1,1,1,0,0,0,0,1,1,0,0,0,0,0,0,0
태양곱창 성수점,지안641,703,2026.03.08,1번째 방문,영수증,2인분에 순대추가햇어요 냥,14,True,태양곱창,event,지안641,703,2026.03.08,1번째 방문,영수증,,2인분에 순대추가햇어요 냥,,,0,1,2인분에 순대추가햇어요 냥,14,14,0,1,0,0,0,0,0,0,0,0,0,0,0,0,0,1,1,1,0,0,0,0,0,0,0,0,0,0,0,0,0,1,1,1,0,0,0,0,0,0,1,0,0,0,0,0,0
태양곱창 성수점,ej0****,37,2025.10.09,1번째 방문,영수증,맛있게 잘 먹고 갑니다 !!,15,True,태양곱창,event,ej0****,37,2025.10.09,1번째 방문,영수증,,맛있게 잘 먹고 갑니다 !!,,,0,1,맛있게 잘 먹고 갑니다,15,12,0,1,0,0,0,0,0,0,0,0,0,0,0,0,0,0,0,0,1,1,0,0,2,0,0,0,0,0,0,0,0,1,0,1,0,0,1,0,1,0,0,0,0,1,1,0,1
태양곱창 성수점,김지윤8833,6,2026.01.31,1번째 방문,영수증,음식 빨리 나와서 좋아요 매장도 넓고 쾌적한데 직원 흡연실은 따로 배치하시는게 좋을거 같아요!! 근데 내장냄새 예민하신분은 힘드실거 같아요!,78,True,태양곱창,event,김지윤8833,6,2026.01.31,1번째 방문,영수증,,음식 빨리 나와서 좋아요 매장도 넓고 쾌적한데 직원 흡연실은 따로 배치하시는게 좋을거 같아요!! 근데 내장냄새 예민하신분은 힘드실거 같아요!,,,0,1,음식 빨리 나와서 좋아요 매장도 넓고 쾌적한데 직원 흡연실은 따로 배치하시는게 좋을거 같아요 근데 내장냄새 예민하신분은 힘드실거 같아요,78,75,0,0,1,1,0,0,0,0,0,0,2,1,1,0,0,0,0,0,1,1,0,0,3,1,0,0,1,0,0,0,0,0,0,1,0,0,0,0,0,0,1,0,0,0,0,0,0
태양곱창 성수점,새이97,2,2025.10.16,1번째 방문,영수증,맛있습니다! 얼큰하니 해장하기 딱이예요~,22,True,태양곱창,event,새이97,2,2025.10.16,1번째 방문,영수증,,맛있습니다! 얼큰하니 해장하기 딱이예요~,,,0,1,맛있습니다 얼큰하니 해장하기 딱이예요,22,20,0,1,0,0,1,1,0,0,0,0,0,0,0,0,0,0,0,0,1,1,0,0,1,0,0,0,0,0,0,0,1,0,0,1,0,0,1,0,0,0,0,0,0,0,0,0,0
태양곱창 성수점,kyu****,42,2025.10.02,1번째 방문,영수증,곱창전골 맛있어요. 곱창이 많아서 좋아요.,23,True,태양곱창,event,kyu****,42,2025.10.02,1번째 방문,영수증,,곱창전골 맛있어요. 곱창이 많아서 좋아요.,,,0,1,곱창전골 맛있어요 곱창이 많아서 좋아요,23,21,0,1,0,0,0,0,0,4,1,1,0,0,0,0,0,0,0,0,2,1,0,0,0,0,0,0,0,0,0,0,0,1,0,1,0,0,1,0,1,1,0,0,0,1,1,0,1
태양곱창 성수점,윤성호16,26,2025.11.30,1번째 방문,영수증,곱창전골 맛있어요~,10,True,태양곱창,event,윤성호16,26,2025.11.30,1번째 방문,영수증,,곱창전골 맛있어요~,,,0,1,곱창전골 맛있어요,10,9,0,1,0,0,0,0,0,3,1,1,0,0,0,0,0,0,0,0,1,1,0,0,0,0,0,0,0,0,0,0,0,1,0,1,0,0,1,0,1,1,0,0,0,1,1,0,1
태양곱창 성수점,gan****,32,2025.09.23,1번째 방문,영수증,저녁시간엔 항상 웨이팅 있어서 조금 일찍 방문했는데 바로 들어왔어요! 음식도 빨리 나오고 맛있습니다! ^_^,60,True,태양곱창,event,gan****,32,2025.09.23,1번째 방문,영수증,,저녁시간엔 항상 웨이팅 있어서 조금 일찍 방문했는데 바로 들어왔어요! 음식도 빨리 나오고 맛있습니다! ^_^,,,0,1,저녁시간엔 항상 웨이팅 있어서 조금 일찍 방문했는데 바로 들어왔어요 음식도 빨리 나오고 맛있습니다,60,54,0,0,1,1,0,0,0,0,0,0,1,1,0,1,1,0,0,0,1,1,0,0,2,0,0,0,0,0,0,0,0,1,0,1,0,0,0,0,0,0,1,0,0,0,0,0,0
태양곱창 성수점,호연5144,18,2026.02.27,1번째 방문,영수증,음식이 푸짐하고 맛도 좋아용~,16,True,태양곱창,event,호연5144,18,2026.02.27,1번째 방문,영수증,,음식이 푸짐하고 맛도 좋아용~,,,0,1,음식이 푸짐하고 맛도 좋아용,16,15,0,1,0,0,1,1,0,0,0,0,0,0,0,0,0,0,0,0,0,0,0,0,0,0,0,0,0,0,0,0,0,1,0,1,0,0,0,0,0,0,0,0,0,0,0,0,0
태양곱창 성수점,쿄캬쿌랴,29,2025.08.31,1번째 방문,영수증,성수에서 맛집으로 유명해서 친구랑 먹으러 왔어요! 좀 이른 시간이라 웨이팅은 없었어요! 양이 너무너무너무 많고 볶음밥은 따로 나와서 질릴 때쯤 시켜먹으면 좋을 것 같아요 같이 시켜먹은 레몬하이볼이랑 잘어울렸어요!,118,True,태양곱창,event,쿄캬쿌랴,29,2025.08.31,1번째 방문,영수증,,성수에서 맛집으로 유명해서 친구랑 먹으러 왔어요! 좀 이른 시간이라 웨이팅은 없었어요! 양이 너무너무너무 많고 볶음밥은 따로 나와서 질릴 때쯤 시켜먹으면 좋을 것 같아요 같이 시켜먹은 레몬하이볼이랑 잘어울렸어요!,,,0,1,성수에서 맛집으로 유명해서 친구랑 먹으러 왔어요 좀 이른 시간이라 웨이팅은 없었어요 양이 너무너무너무 많고 볶음밥은 따로 나와서 질릴 때쯤 시켜먹으면 좋을 것 같아요 같이 시켜먹은 레몬하이볼이랑 잘어울렸어요,118,115,0,0,1,1,1,1,0,1,1,0,1,1,0,1,1,0,0,0,1,1,3,1,3,1,0,0,0,0,0,0,0,1,0,1,0,1,0,0,0,0,1,1,0,0,0,0,0
태양곱창 성수점,소비 기록,130,2026.04.04,1번째 방문,영수증,배달만 시켜먹다가 매장 방문해서 전골 먹었어요 맛있습니다!,32,True,태양곱창,event,소비 기록,130,2026.04.04,1번째 방문,영수증,,배달만 시켜먹다가 매장 방문해서 전골 먹었어요 맛있습니다!,,,0,1,배달만 시켜먹다가 매장 방문해서 전골 먹었어요 맛있습니다,32,31,0,0,1,0,0,0,0,1,1,0,1,1,0,0,0,0,0,0,1,1,0,0,1,0,0,0,0,0,0,0,0,1,1,1,0,0,0,0,0,0,1,0,0,0,0,0,0
태양곱창 성수점,블링선데이,46,2025.12.28,1번째 방문,영수증,곱창 왜이렇게 부드러워요..? 진짜 하나도 안질기고 딱 먹자마자 와! 미쳤다! 하면서 먹었습니다!! 진짜 잡내 없이 부드러운 곱창?? 너무 맛있어요,81,True,태양곱창,event,블링선데이,46,2025.12.28,1번째 방문,영수증,,곱창 왜이렇게 부드러워요..? 진짜 하나도 안질기고 딱 먹자마자 와! 미쳤다! 하면서 먹었습니다!! 진짜 잡내 없이 부드러운 곱창?? 너무 맛있어요,,,0,1,곱창 왜이렇게 부드러워요 진짜 하나도 안질기고 딱 먹자마자 와 미쳤다 하면서 먹었습니다 진짜 잡내 없이 부드러운 곱창 너무 맛있어요,82,73,0,0,1,1,3,1,1,2,1,1,0,0,0,0,0,0,0,0,1,1,3,1,4,1,0,0,1,0,0,0,0,1,0,1,0,1,0,0,0,0,0,1,0,0,0,0,0
태양곱창 성수점,소농민81,110,2025.09.23,1번째 방문,영수증,얼큰하고 맛있어요 술이 술술들어가는 맛,21,True,태양곱창,event,소농민81,110,2025.09.23,1번째 방문,영수증,,얼큰하고 맛있어요 술이 술술들어가는 맛,,,0,1,얼큰하고 맛있어요 술이 술술들어가는 맛,21,21,0,1,0,0,1,1,0,0,0,0,0,0,0,0,0,0,0,0,1,1,0,0,0,0,0,0,0,0,0,0,0,1,1,1,0,0,1,0,0,0,0,0,0,0,0,0,0
태양곱창 성수점,테르28,54,2025.10.03,1번째 방문,영수증,너무너무 맛있네요 곱창은 여기가 최고입니다,23,True,태양곱창,event,테르28,54,2025.10.03,1번째 방문,영수증,,너무너무 맛있네요 곱창은 여기가 최고입니다,,,0,1,너무너무 맛있네요 곱창은 여기가 최고입니다,23,23,0,1,0,0,0,0,0,1,1,0,0,0,0,0,0,0,0,0,2,1,2,0,0,0,0,0,0,0,0,0,0,1,1,1,0,0,1,0,1,1,0,0,0,1,1,0,1
태양곱창 성수점,슬깅817,66,2026.05.06,1번째 방문,영수증,곱창볶음먹고싶어 방문했는데 여기 제대로네용ㅎㅎ 잘 먹고가요!,33,True,태양곱창,event,슬깅817,66,2026.05.06,1번째 방문,영수증,,곱창볶음먹고싶어 방문했는데 여기 제대로네용ㅎㅎ 잘 먹고가요!,,,0,1,곱창볶음먹고싶어 방문했는데 여기 제대로네용 잘 먹고가요,33,30,0,0,1,0,0,0,0,1,1,0,0,0,0,0,0,0,0,0,0,0,0,0,1,0,0,0,0,0,0,0,0,1,1,1,0,0,0,0,0,0,0,0,0,0,0,0,0
태양곱창 성수점,헤헤헤헤헤헤헤헤헤헿,109,2026.01.04,1번째 방문,영수증,완전 맛집이에요!!????,12,True,태양곱창,event,헤헤헤헤헤헤헤헤헤헿,109,2026.01.04,1번째 방문,영수증,,완전 맛집이에요!!????,,,0,1,완전 맛집이에요,14,8,0,1,0,0,0,0,0,0,0,0,0,0,0,0,0,0,0,0,1,1,1,0,2,0,0,0,0,0,0,0,0,1,1,1,0,0,1,0,1,0,0,0,0,1,1,0,1
태양곱창 성수점,횬횬5346,202,2025.12.10,1번째 방문,영수증,곱창전골 맛있엇어요~~~,13,True,태양곱창,event,횬횬5346,202,2025.12.10,1번째 방문,영수증,,곱창전골 맛있엇어요~~~,,,0,1,곱창전골 맛있엇어요,13,10,0,1,0,0,0,0,0,3,1,1,0,0,0,0,0,0,0,0,1,1,0,0,0,0,0,0,0,0,0,0,0,1,1,1,0,0,1,0,1,1,0,0,0,1,1,0,1
태양곱창 성수점,하이요이이이,71,2026.02.28,1번째 방문,영수증,맛있어용,4,True,태양곱창,event,하이요이이이,71,2026.02.28,1번째 방문,영수증,,맛있어용,,,0,1,맛있어용,4,4,1,1,0,0,0,0,0,0,0,0,0,0,0,0,0,0,0,0,1,1,0,0,0,0,0,0,0,0,0,0,0,1,1,1,0,0,1,1,1,0,0,0,0,1,1,0,1
태양곱창 성수점,주르3613,90,2026.01.25,1번째 방문,영수증,맛있고 친절해서 좋아요~^^,15,True,태양곱창,event,주르3613,90,2026.01.25,1번째 방문,영수증,,맛있고 친절해서 좋아요~^^,,,0,1,맛있고 친절해서 좋아요,15,12,0,1,0,0,0,0,0,0,0,0,1,1,0,0,0,0,0,0,2,1,0,0,0,0,0,0,0,0,0,0,0,1,1,1,0,0,1,0,0,0,1,0,0,0,1,0,0
태양곱창 성수점,jii****,6,2026.04.22,1번째 방문,영수증,양더 많거 맛잇어요 ㅎㅎㅎ,14,True,태양곱창,event,jii****,6,2026.04.22,1번째 방문,영수증,,양더 많거 맛잇어요 ㅎㅎㅎ,,,0,1,양더 많거 맛잇어요,14,10,0,1,0,0,1,1,0,0,0,0,0,0,0,0,0,0,0,0,0,0,0,0,0,0,0,0,0,0,0,0,0,0,0,1,0,0,0,0,0,0,0,0,0,0,0,0,0
태양곱창 성수점,35439,28,2026.03.01,1번째 방문,영수증,곱창 양이 많아요 !! 맛있어요 !!!!~!~!~~~~~~,32,True,태양곱창,event,35439,28,2026.03.01,1번째 방문,영수증,,곱창 양이 많아요 !! 맛있어요 !!!!~!~!~~~~~~,,,0,1,곱창 양이 많아요 맛있어요,32,14,0,0,1,0,1,1,0,1,1,0,0,0,0,0,0,0,0,0,1,1,0,0,8,1,0,0,0,0,0,0,0,1,0,1,0,1,0,0,0,0,0,1,0,0,0,0,0
태양곱창 성수점,zosemflrfkak6,17,2025.09.24,1번째 방문,영수증,맵기도 적당히 맵고 양도 많아요! 너무 맛있어요 다음에 성수오면 또 올 것 같아요!,46,True,태양곱창,event,zosemflrfkak6,17,2025.09.24,1번째 방문,영수증,,맵기도 적당히 맵고 양도 많아요! 너무 맛있어요 다음에 성수오면 또 올 것 같아요!,,,0,1,맵기도 적당히 맵고 양도 많아요 너무 맛있어요 다음에 성수오면 또 올 것 같아요,46,44,0,0,1,0,1,1,0,0,0,0,0,0,0,0,0,0,0,0,1,1,1,0,2,0,0,0,0,0,0,0,0,1,0,1,0,0,0,0,0,0,0,0,0,0,0,0,0
태양곱창 성수점,rla****,48,2026.02.14,1번째 방문,영수증,냄새도 안나고 양도 많고 맛있었어요 !! 음식도 빠르게 나오고 생각보다 회전률이 빨라서 좋았어요!,54,True,태양곱창,event,rla****,48,2026.02.14,1번째 방문,영수증,,냄새도 안나고 양도 많고 맛있었어요 !! 음식도 빠르게 나오고 생각보다 회전률이 빨라서 좋았어요!,,,0,1,냄새도 안나고 양도 많고 맛있었어요 음식도 빠르게 나오고 생각보다 회전률이 빨라서 좋았어요,54,50,0,0,1,0,1,1,0,0,0,0,0,0,0,0,0,0,0,0,1,1,0,0,3,1,0,0,0,0,0,0,0,1,0,1,0,0,0,0,0,0,0,0,0,0,0,0,0
태양곱창 성수점,son****,25,2025.09.08,1번째 방문,영수증,곱창에서 잡내도 안나고 맛있습니다! 성수에거 한식이 땡기신다면 꼭 와보세요,41,True,태양곱창,event,son****,25,2025.09.08,1번째 방문,영수증,,곱창에서 잡내도 안나고 맛있습니다! 성수에거 한식이 땡기신다면 꼭 와보세요,,,0,1,곱창에서 잡내도 안나고 맛있습니다 성수에거 한식이 땡기신다면 꼭 와보세요,41,40,0,0,1,0,1,1,0,1,1,0,0,0,0,0,0,0,0,0,1,1,0,0,1,0,0,0,0,0,0,0,0,1,0,1,0,1,0,0,0,0,0,1,0,0,0,0,0
태양곱창 성수점,yeo****,40,2026.02.04,1번째 방문,영수증,직원분들도 친절하고 맛있어요!!,17,True,태양곱창,event,yeo****,40,2026.02.04,1번째 방문,영수증,,직원분들도 친절하고 맛있어요!!,,,0,1,직원분들도 친절하고 맛있어요,17,15,0,1,0,0,0,0,0,0,0,0,2,1,1,0,0,0,0,0,1,1,0,0,2,0,0,0,0,0,0,0,0,1,0,1,0,0,1,0,0,0,1,0,0,0,1,0,0
태양곱창 성수점,맛다시맛다시다,751,2026.04.08,2번째 방문,예약,곱창전골 맛있어요 술을 계속 부르는 안주 :),25,True,태양곱창,event,맛다시맛다시다,751,2026.04.08,2번째 방문,예약,,곱창전골 맛있어요 술을 계속 부르는 안주 :),,,0,2,곱창전골 맛있어요 술을 계속 부르는 안주,25,22,0,1,0,0,0,0,0,3,1,1,0,0,0,0,0,0,0,0,1,1,0,0,0,0,0,0,0,0,0,0,0,1,1,0,1,0,1,0,1,1,0,0,0,1,1,0,0
태양곱창 성수점,귀여운너구리누가했냐,29,2025.11.23,1번째 방문,영수증,너무 맛있어요 가성비 좋고 다음에 또 방문할게요!,27,True,태양곱창,event,귀여운너구리누가했냐,29,2025.11.23,1번째 방문,영수증,,너무 맛있어요 가성비 좋고 다음에 또 방문할게요!,,,0,1,너무 맛있어요 가성비 좋고 다음에 또 방문할게요,27,26,0,1,0,0,0,0,0,0,0,0,1,1,0,0,0,0,0,0,1,1,1,0,1,0,0,0,0,1,1,0,0,1,0,1,0,0,1,0,0,0,1,0,0,0,1,0,0
태양곱창 성수점,luc****,82,2025.12.13,1번째 방문,영수증,맛잇어요 와이프가 같이가자고 하도 쫄라서 옵니다,26,True,태양곱창,event,luc****,82,2025.12.13,1번째 방문,영수증,,맛잇어요 와이프가 같이가자고 하도 쫄라서 옵니다,,,0,1,맛잇어요 와이프가 같이가자고 하도 쫄라서 옵니다,26,26,0,1,0,0,0,0,0,0,0,0,0,0,0,0,0,0,0,0,0,0,0,0,0,0,0,0,0,0,0,0,0,1,1,1,0,0,0,0,0,0,0,0,0,1,0,0,1
태양곱창 성수점,sz****,110,2025.10.21,1번째 방문,영수증,양많고 맛있어요! 돼지냄새 안나요. 나중엔 술안주로 먹으러 올게요?? 마무리 볶음밥까지 최곱니다!!,54,True,태양곱창,event,sz****,110,2025.10.21,1번째 방문,영수증,,양많고 맛있어요! 돼지냄새 안나요. 나중엔 술안주로 먹으러 올게요?? 마무리 볶음밥까지 최곱니다!!,,,0,1,양많고 맛있어요 돼지냄새 안나요 나중엔 술안주로 먹으러 올게요 마무리 볶음밥까지 최곱니다,55,49,0,0,1,0,1,1,0,1,1,0,0,0,0,0,0,0,0,0,1,1,0,0,3,1,0,0,0,0,0,0,0,1,1,1,0,1,0,0,0,0,0,1,0,0,0,0,0
태양곱창 성수점,dpd****,13,2026.05.05,1번째 방문,영수증,친구한테 추천받아거 꼭 먹어보고싶었는데 성수 놀러온김에 사람 많이 없어서 먹으러 왔어요!! 너ㅓㅁ넘 맛잇어용,60,True,태양곱창,event,dpd****,13,2026.05.05,1번째 방문,영수증,,친구한테 추천받아거 꼭 먹어보고싶었는데 성수 놀러온김에 사람 많이 없어서 먹으러 왔어요!! 너ㅓㅁ넘 맛잇어용,,,0,1,친구한테 추천받아거 꼭 먹어보고싶었는데 성수 놀러온김에 사람 많이 없어서 먹으러 왔어요 너 넘 맛잇어용,60,57,0,0,1,1,0,0,0,0,0,0,0,0,0,1,1,0,0,0,2,1,0,0,2,0,0,0,0,0,0,0,0,1,0,1,0,0,0,0,0,0,1,0,0,0,0,0,0
태양곱창 성수점,db****,17,2026.01.24,1번째 방문,영수증,맛있음 매운맛 추천,10,True,태양곱창,event,db****,17,2026.01.24,1번째 방문,영수증,,맛있음 매운맛 추천,,,0,1,맛있음 매운맛 추천,10,10,0,1,0,0,1,1,0,0,0,0,0,0,0,0,0,0,0,0,2,1,0,0,0,0,0,0,0,0,0,0,0,1,0,1,0,0,1,0,0,0,0,0,0,0,0,0,0
태양곱창 성수점,조하연9392,13,2026.01.05,1번째 방문,영수증,곱창이 양이 많고 맛있어요! 성수 오면 꼭 여기로오세요 정말맛있습니다!! 추천해요,45,True,태양곱창,event,조하연9392,13,2026.01.05,1번째 방문,영수증,,곱창이 양이 많고 맛있어요! 성수 오면 꼭 여기로오세요 정말맛있습니다!! 추천해요,,,0,1,곱창이 양이 많고 맛있어요 성수 오면 꼭 여기로오세요 정말맛있습니다 추천해요,45,42,0,0,1,0,1,1,0,1,1,0,0,0,0,0,0,0,0,0,3,1,0,0,3,1,0,0,0,0,0,0,0,1,0,1,0,1,0,0,0,0,0,1,0,0,0,0,0
태양곱창 성수점,sksodx,22,2025.12.06,1번째 방문,영수증,매운맛 2인분 시켰는데 완전 맛있고 누린내도 안나고 양도많아요??,35,True,태양곱창,event,sksodx,22,2025.12.06,1번째 방문,영수증,,매운맛 2인분 시켰는데 완전 맛있고 누린내도 안나고 양도많아요??,,,0,1,매운맛 2인분 시켰는데 완전 맛있고 누린내도 안나고 양도많아요,36,34,0,0,1,0,2,1,1,0,0,0,0,0,0,0,0,1,1,1,1,1,1,0,0,0,0,0,0,0,0,0,0,1,0,1,0,0,0,0,0,0,1,0,0,0,0,0,0
태양곱창 성수점,lle****,431,2025.09.30,1번째 방문,영수증,곱창 너무 맛있어요!!,12,True,태양곱창,event,lle****,431,2025.09.30,1번째 방문,영수증,,곱창 너무 맛있어요!!,,,0,1,곱창 너무 맛있어요,12,10,0,1,0,0,0,0,0,1,1,0,0,0,0,0,0,0,0,0,1,1,1,0,2,0,0,0,0,0,0,0,0,1,1,1,0,0,1,0,1,1,0,0,0,1,1,0,1
태양곱창 성수점,아량047,52,2026.01.28,1번째 방문,영수증,곱창 양이 많구 맛있습니다,14,True,태양곱창,event,아량047,52,2026.01.28,1번째 방문,영수증,,곱창 양이 많구 맛있습니다,,,0,1,곱창 양이 많구 맛있습니다,14,14,0,1,0,0,1,1,0,1,1,0,0,0,0,0,0,0,0,0,1,1,0,0,0,0,0,0,0,0,0,0,0,1,1,1,0,1,1,0,0,0,0,0,0,0,0,0,0
태양곱창 성수점,wjs****,23,2026.01.11,1번째 방문,영수증,맛있게 잘 먹고 갑니다~~,14,True,태양곱창,event,wjs****,23,2026.01.11,1번째 방문,영수증,,맛있게 잘 먹고 갑니다~~,,,0,1,맛있게 잘 먹고 갑니다,14,12,0,1,0,0,0,0,0,0,0,0,0,0,0,0,0,0,0,0,1,1,0,0,0,0,0,0,0,0,0,0,0,1,0,1,0,0,1,0,1,0,0,0,0,1,1,0,1
태양곱창 성수점,dre****,91,2025.08.15,1번째 방문,영수증,곱창 소 자 시켰는데 양이 엄청많네요 이거먹음 바나나쉐이크시원한거 땡겨요 볶음밥은 저희스타일은 아닌 얼음도 잘챙겨주시고 곱창국물칼칼 곱창많아좋아요,81,True,태양곱창,event,dre****,91,2025.08.15,1번째 방문,영수증,,곱창 소 자 시켰는데 양이 엄청많네요 이거먹음 바나나쉐이크시원한거 땡겨요 볶음밥은 저희스타일은 아닌 얼음도 잘챙겨주시고 곱창국물칼칼 곱창많아좋아요,,,0,1,곱창 소 자 시켰는데 양이 엄청많네요 이거먹음 바나나쉐이크시원한거 땡겨요 볶음밥은 저희스타일은 아닌 얼음도 잘챙겨주시고 곱창국물칼칼 곱창많아좋아요,81,81,0,0,1,1,3,1,1,4,1,1,0,0,0,0,0,0,0,0,1,1,1,0,0,0,0,0,0,0,0,0,0,1,1,1,0,1,0,0,0,0,0,1,0,0,0,0,0
태양곱창 성수점,slothpuq,159,2025.12.12,1번째 방문,영수증,야채곱창 먹고싶을 때 조아요!??,17,True,태양곱창,event,slothpuq,159,2025.12.12,1번째 방문,영수증,,야채곱창 먹고싶을 때 조아요!??,,,0,1,야채곱창 먹고싶을 때 조아요,18,15,0,1,0,0,0,0,0,2,1,1,0,0,0,0,0,0,0,0,0,0,0,0,1,0,0,0,0,0,0,0,0,1,1,1,0,0,0,0,0,0,0,0,0,1,0,0,1
태양곱창 성수점,qooii,35,2026.03.14,1번째 방문,영수증,너무 맛있고 양도 많아 좋아요 직원들이 친절해요?? 성수맛집!!,34,True,태양곱창,event,qooii,35,2026.03.14,1번째 방문,영수증,,너무 맛있고 양도 많아 좋아요 직원들이 친절해요?? 성수맛집!!,,,0,1,너무 맛있고 양도 많아 좋아요 직원들이 친절해요 성수맛집,35,31,0,0,1,0,1,1,0,0,0,0,2,1,1,0,0,0,0,0,3,1,1,0,2,0,0,0,0,0,0,0,0,1,0,1,0,0,0,0,0,0,1,0,0,0,0,0,0
태양곱창 성수점,호무리,18,2026.03.02,1번째 방문,영수증,야곱이 맛있습니당..! 맵찔이는 기본맛드세용 가성비존맛탱,31,True,태양곱창,event,호무리,18,2026.03.02,1번째 방문,영수증,,야곱이 맛있습니당..! 맵찔이는 기본맛드세용 가성비존맛탱,,,0,1,야곱이 맛있습니당 맵찔이는 기본맛드세용 가성비존맛탱,31,28,0,0,1,0,0,0,0,1,1,0,1,1,0,0,0,0,0,0,1,1,1,0,1,0,0,0,0,0,0,0,0,1,0,1,0,0,0,0,0,0,1,0,0,0,0,0,0
태양곱창 성수점,득구엉아,31,2025.12.02,1번째 방문,영수증,오지고 지리고 렛잇고 입니다. 한번왔는데 또 오고싶은 맛입니다.,35,True,태양곱창,event,득구엉아,31,2025.12.02,1번째 방문,영수증,,오지고 지리고 렛잇고 입니다. 한번왔는데 또 오고싶은 맛입니다.,,,0,1,오지고 지리고 렛잇고 입니다 한번왔는데 또 오고싶은 맛입니다,35,33,0,0,1,0,0,0,0,0,0,0,0,0,0,0,0,0,0,0,0,0,0,0,0,0,0,0,0,0,0,0,0,1,0,1,0,0,0,0,0,0,0,0,0,0,0,0,0
태양곱창 성수점,pik****,197,2025.10.20,1번째 방문,영수증,살짝 맵지만 볶음밥이 맛있어요,16,True,태양곱창,event,pik****,197,2025.10.20,1번째 방문,영수증,,살짝 맵지만 볶음밥이 맛있어요,,,0,1,살짝 맵지만 볶음밥이 맛있어요,16,16,0,1,0,0,0,0,0,1,1,0,0,0,0,0,0,0,0,0,1,1,0,0,0,0,0,0,0,0,0,0,0,1,1,1,0,0,1,0,1,1,0,0,0,1,1,0,1
태양곱창 성수점,나연18,80,2025.12.24,1번째 방문,영수증,양도 많고 너무 맛있어요~!,15,True,태양곱창,event,나연18,80,2025.12.24,1번째 방문,영수증,,양도 많고 너무 맛있어요~!,,,0,1,양도 많고 너무 맛있어요,15,13,0,1,0,0,1,1,0,0,0,0,0,0,0,0,0,0,0,0,1,1,1,0,1,0,0,0,0,0,0,0,0,1,1,1,0,0,1,0,0,0,0,0,0,0,0,0,0
태양곱창 성수점,glglglgi,36,2025.11.23,1번째 방문,영수증,기다리지 않고 바로 입장했어요 ㅎㅎ 맛집답네요 맛있어요,30,True,태양곱창,event,glglglgi,36,2025.11.23,1번째 방문,영수증,,기다리지 않고 바로 입장했어요 ㅎㅎ 맛집답네요 맛있어요,,,0,1,기다리지 않고 바로 입장했어요 맛집답네요 맛있어요,30,27,0,0,1,0,0,0,0,0,0,0,0,0,0,0,0,0,0,0,2,1,0,0,0,0,0,0,0,0,0,0,0,1,0,1,0,0,0,0,1,0,0,0,0,0,0,0,0
태양곱창 성수점,sun****,39,2026.04.11,1번째 방문,영수증,돼지 곱창 전골은 태양곱창이 최고에요 ! 웨이팅 무조건 기다려서 먹어야 하는 맛집입니당 ??,51,True,태양곱창,event,sun****,39,2026.04.11,1번째 방문,영수증,,돼지 곱창 전골은 태양곱창이 최고에요 ! 웨이팅 무조건 기다려서 먹어야 하는 맛집입니당 ??,,,0,1,돼지 곱창 전골은 태양곱창이 최고에요 웨이팅 무조건 기다려서 먹어야 하는 맛집입니당,51,46,0,0,1,0,1,1,0,3,1,1,1,1,0,0,0,0,0,0,2,1,0,0,1,0,0,0,0,0,0,0,0,1,0,1,0,1,0,0,0,0,1,1,0,0,0,0,0
태양곱창 성수점,o3o060,19,2026.04.11,1번째 방문,영수증,처음와봤는데 양이 어마어마하고 기본맛도 맵기 약간 매콤해요!! 당면도 꾸덕한게 맛있어요!!,50,True,태양곱창,event,o3o060,19,2026.04.11,1번째 방문,영수증,,처음와봤는데 양이 어마어마하고 기본맛도 맵기 약간 매콤해요!! 당면도 꾸덕한게 맛있어요!!,,,0,1,처음와봤는데 양이 어마어마하고 기본맛도 맵기 약간 매콤해요 당면도 꾸덕한게 맛있어요,50,46,0,0,1,0,2,1,1,0,0,0,0,0,0,0,0,0,0,0,1,1,0,0,4,1,0,0,0,0,0,0,0,1,0,1,0,0,0,0,0,0,0,0,0,0,0,0,0
태양곱창 성수점,hye****,9,2026.03.15,1번째 방문,영수증,맛나네요,4,True,태양곱창,event,hye****,9,2026.03.15,1번째 방문,영수증,,맛나네요,,,0,1,맛나네요,4,4,1,1,0,0,0,0,0,0,0,0,0,0,0,0,0,0,0,0,0,0,0,0,0,0,0,0,0,0,0,0,0,0,0,1,0,0,0,0,0,0,0,0,0,1,0,0,1
태양곱창 성수점,Kangyee,39,2025.08.08,1번째 방문,영수증,"마라곱창 2인분 시켰는데 생각보다 양이 많아서 놀랐어요! 곱창이 크고, 청경채, 양배추, 건두부 들어있어요. 마라샹궈랑 비슷한 느낌? 맛있어요",79,True,태양곱창,event,Kangyee,39,2025.08.08,1번째 방문,영수증,,"마라곱창 2인분 시켰는데 생각보다 양이 많아서 놀랐어요! 곱창이 크고, 청경채, 양배추, 건두부 들어있어요. 마라샹궈랑 비슷한 느낌? 맛있어요",,,0,1,마라곱창 2인분 시켰는데 생각보다 양이 많아서 놀랐어요 곱창이 크고 청경채 양배추 건두부 들어있어요 마라샹궈랑 비슷한 느낌 맛있어요,79,73,0,0,1,1,2,1,1,3,1,1,0,0,0,0,0,1,1,1,1,1,0,0,1,0,0,0,0,0,0,0,0,1,0,1,0,1,0,0,0,0,1,1,0,0,0,0,0
태양곱창 성수점,song6816,38,2025.10.23,1번째 방문,영수증,돼지 똥내 나고 소금씹어먹는 맛 나요. 소금이 너무많아서 시고매운??소금 특유의 끝맛이 너무 심했습니다. 곱창에서도 냄새나구요 똥내가 직접적으로 올라온건 처음이였네요.. 이런식으로 장사가되는게 시기해요 반찬도 말라비틀어져있고 설거지도 안되어있고 어떻게든 뭐 조리해서 맛잇게라도 먹어보려했는데 실패했어요 여기 맛있다는분들 진짜 신기함… 곱창 전골 먹었습니다,198,True,태양곱창,event,song6816,38,2025.10.23,1번째 방문,영수증,,돼지 똥내 나고 소금씹어먹는 맛 나요. 소금이 너무많아서 시고매운??소금 특유의 끝맛이 너무 심했습니다. 곱창에서도 냄새나구요 똥내가 직접적으로 올라온건 처음이였네요.. 이런식으로 장사가되는게 시기해요 반찬도 말라비틀어져있고 설거지도 안되어있고 어떻게든 뭐 조리해서 맛잇게라도 먹어보려했는데 실패했어요 여기 맛있다는분들 진짜 신기함… 곱창 전골 먹었습니다,,,0,1,돼지 똥내 나고 소금씹어먹는 맛 나요 소금이 너무많아서 시고매운 소금 특유의 끝맛이 너무 심했습니다 곱창에서도 냄새나구요 똥내가 직접적으로 올라온건 처음이였네요 이런식으로 장사가되는게 시기해요 반찬도 말라비틀어져있고 설거지도 안되어있고 어떻게든 뭐 조리해서 맛잇게라도 먹어보려했는데 실패했어요 여기 맛있다는분들 진짜 신기함 곱창 전골 먹었습니다,198,192,0,0,1,1,2,1,1,3,1,1,0,0,0,0,0,0,0,0,1,1,3,1,0,0,0,0,1,0,0,0,0,1,0,1,0,1,0,0,0,0,0,1,0,0,0,0,0
태양곱창 성수점,smk****,29,2026.05.01,1번째 방문,영수증,너무 맛있어용!! 완전 제 취향???????? 다음에 또올게요!! 양도많고 맛도 좋구 최고에용????,52,True,태양곱창,event,smk****,29,2026.05.01,1번째 방문,영수증,,너무 맛있어용!! 완전 제 취향???????? 다음에 또올게요!! 양도많고 맛도 좋구 최고에용????,,,0,1,너무 맛있어용 완전 제 취향 다음에 또올게요 양도많고 맛도 좋구 최고에용,56,40,0,0,1,0,1,1,0,0,0,0,0,0,0,0,0,0,0,0,2,1,2,0,4,1,0,0,0,1,1,0,0,1,0,1,0,0,0,0,0,0,0,0,0,0,0,0,0
태양곱창 성수점,pkl****,24,2026.04.19,1번째 방문,영수증,너무 맛있어서 또 왔어요. 다음에 또 올게요!,25,True,태양곱창,event,pkl****,24,2026.04.19,1번째 방문,영수증,,너무 맛있어서 또 왔어요. 다음에 또 올게요!,,,0,1,너무 맛있어서 또 왔어요 다음에 또 올게요,25,23,0,1,0,0,0,0,0,0,0,0,0,0,0,0,0,0,0,0,1,1,1,0,1,0,0,0,0,1,1,0,0,1,0,1,0,0,1,0,1,0,0,0,0,1,1,0,1
태양곱창 성수점,8882649,25,2025.06.22,1번째 방문,영수증,성수 최애 맛집!! 양도 많고 메뉴 다 맛있어요 치즈감자전이랑 마라곱창 조합이 좋아요!!!,50,True,태양곱창,event,8882649,25,2025.06.22,1번째 방문,영수증,,성수 최애 맛집!! 양도 많고 메뉴 다 맛있어요 치즈감자전이랑 마라곱창 조합이 좋아요!!!,,,0,1,성수 최애 맛집 양도 많고 메뉴 다 맛있어요 치즈감자전이랑 마라곱창 조합이 좋아요,50,45,0,0,1,0,1,1,0,4,1,1,0,0,0,0,0,0,0,0,3,1,0,0,5,1,0,0,0,0,0,0,0,1,0,1,0,1,0,0,0,0,0,1,0,0,0,0,0
태양곱창 성수점,여니준,6,2025.09.07,1번째 방문,영수증,너무 맛있어용 ????????,15,True,태양곱창,event,여니준,6,2025.09.07,1번째 방문,영수증,,너무 맛있어용 ????????,,,0,1,너무 맛있어용,16,7,0,1,0,0,0,0,0,0,0,0,0,0,0,0,0,0,0,0,1,1,1,0,0,0,0,0,0,0,0,0,0,0,0,1,0,0,1,0,1,0,0,0,0,1,1,0,1
태양곱창 성수점,샤넬3,86,2026.04.12,1번째 방문,영수증,"얼큰한 국물에 곱창 듬뿍 들어간 전골 한 냄비면 게임 끝. 매콤한 국물에 깻잎+쑥갓 향이 확 올라오면서 식욕 제대로 터진다. 곱창은 잡내 없이 쫄깃하고, 국물은 진하면서도 깔끔해서 계속 떠먹게 되는 맛. 반찬도 기본기 탄탄하고, 특히 마늘+고추 조합으로 먹으면 감칠맛 폭발?? 끓일수록 국물 진해지고 마지막 볶음밥까지 가면 완벽한 마무리",187,True,태양곱창,event,샤넬3,86,2026.04.12,1번째 방문,영수증,,"얼큰한 국물에 곱창 듬뿍 들어간 전골 한 냄비면 게임 끝. 매콤한 국물에 깻잎+쑥갓 향이 확 올라오면서 식욕 제대로 터진다. 곱창은 잡내 없이 쫄깃하고, 국물은 진하면서도 깔끔해서 계속 떠먹게 되는 맛. 반찬도 기본기 탄탄하고, 특히 마늘+고추 조합으로 먹으면 감칠맛 폭발?? 끓일수록 국물 진해지고 마지막 볶음밥까지 가면 완벽한 마무리",,,0,1,얼큰한 국물에 곱창 듬뿍 들어간 전골 한 냄비면 게임 끝 매콤한 국물에 깻잎 쑥갓 향이 확 올라오면서 식욕 제대로 터진다 곱창은 잡내 없이 쫄깃하고 국물은 진하면서도 깔끔해서 계속 떠먹게 되는 맛 반찬도 기본기 탄탄하고 특히 마늘 고추 조합으로 먹으면 감칠맛 폭발 끓일수록 국물 진해지고 마지막 볶음밥까지 가면 완벽한 마무리,188,181,0,0,1,1,9,1,1,4,1,1,0,0,0,0,0,0,0,0,0,0,0,0,0,0,0,0,0,0,0,0,0,1,1,1,0,1,0,0,0,0,0,1,0,0,0,0,0
태양곱창 성수점,Yyyumminn,15,2025.11.30,1번째 방문,영수증,양많고 맛있어요!! 야채곱창 추천합니다,21,True,태양곱창,event,Yyyumminn,15,2025.11.30,1번째 방문,영수증,,양많고 맛있어요!! 야채곱창 추천합니다,,,0,1,양많고 맛있어요 야채곱창 추천합니다,21,19,0,1,0,0,1,1,0,2,1,1,0,0,0,0,0,0,0,0,2,1,0,0,2,0,0,0,0,0,0,0,0,1,0,1,0,1,1,0,0,0,0,0,0,0,0,0,0
태양곱창 성수점,주산지10,45,2026.01.02,1번째 방문,영수증,맛있게 잘 먹었습니다.,12,True,태양곱창,event,주산지10,45,2026.01.02,1번째 방문,영수증,,맛있게 잘 먹었습니다.,,,0,1,맛있게 잘 먹었습니다,12,11,0,1,0,0,0,0,0,0,0,0,0,0,0,0,0,0,0,0,1,1,0,0,0,0,0,0,0,0,0,0,0,1,0,1,0,0,1,0,1,0,0,0,0,1,1,0,1
태양곱창 성수점,aim****,49,2025.10.07,1번째 방문,영수증,두번째 방문! 곱창 양 엄청 많이줘서 좋아요. 냄새도 많이 안 나고 재료 진짜 신선함!,48,True,태양곱창,event,aim****,49,2025.10.07,1번째 방문,영수증,,두번째 방문! 곱창 양 엄청 많이줘서 좋아요. 냄새도 많이 안 나고 재료 진짜 신선함!,,,0,1,두번째 방문 곱창 양 엄청 많이줘서 좋아요 냄새도 많이 안 나고 재료 진짜 신선함,48,45,0,0,1,0,2,1,1,1,1,0,0,0,0,0,0,0,0,0,1,1,2,0,2,0,0,0,1,0,0,0,0,1,0,1,0,1,0,0,0,0,0,1,0,0,0,0,0
태양곱창 성수점,숑숑49,36,2025.10.19,1번째 방문,영수증,곱창 양도 많고 맛있어요~ 웨이팅 이름 불리면 바로 들어가야해서 가게 앞에서 꼭 기다리세요! 순번지나가면 또 써야해요ㅠ,66,True,태양곱창,event,숑숑49,36,2025.10.19,1번째 방문,영수증,,곱창 양도 많고 맛있어요~ 웨이팅 이름 불리면 바로 들어가야해서 가게 앞에서 꼭 기다리세요! 순번지나가면 또 써야해요ㅠ,,,0,1,곱창 양도 많고 맛있어요 웨이팅 이름 불리면 바로 들어가야해서 가게 앞에서 꼭 기다리세요 순번지나가면 또 써야해요,66,63,0,0,1,1,1,1,0,1,1,0,1,1,0,0,0,0,0,0,1,1,0,0,1,0,0,0,0,0,0,0,0,1,0,1,0,1,0,0,0,0,1,1,0,0,0,0,0
태양곱창 성수점,쏘티비,39,2025.11.16,1번째 방문,영수증,성수맛집이라 해서 방문 해봤어요 !! 매장도 넓고 사람들도 많아요 !!,39,True,태양곱창,event,쏘티비,39,2025.11.16,1번째 방문,영수증,,성수맛집이라 해서 방문 해봤어요 !! 매장도 넓고 사람들도 많아요 !!,,,0,1,성수맛집이라 해서 방문 해봤어요 매장도 넓고 사람들도 많아요,39,33,0,0,1,0,0,0,0,0,0,0,1,1,0,0,0,0,0,0,1,1,0,0,4,1,0,0,0,0,0,0,0,1,0,1,0,0,0,0,0,0,1,0,0,0,0,0,0
태양곱창 성수점,헬로우드림딸기맘,305,2025.11.30,1번째 방문,영수증,푸짐하고 당면도 맛있어요.,14,True,태양곱창,event,헬로우드림딸기맘,305,2025.11.30,1번째 방문,영수증,,푸짐하고 당면도 맛있어요.,,,0,1,푸짐하고 당면도 맛있어요,14,13,0,1,0,0,1,1,0,0,0,0,0,0,0,0,0,0,0,0,1,1,0,0,0,0,0,0,0,0,0,0,0,1,1,1,0,0,1,0,0,0,0,0,0,0,0,0,0
태양곱창 성수점,tldms0321,49,2025.12.28,1번째 방문,영수증,직원분들 친절하시구 웨이팅할까봐 5시 20분 쯤 들어왔는데 바로 들어올 수 있었어요~~~ 소맥을 부르는 맛입니다 ??????????,68,True,태양곱창,event,tldms0321,49,2025.12.28,1번째 방문,영수증,,직원분들 친절하시구 웨이팅할까봐 5시 20분 쯤 들어왔는데 바로 들어올 수 있었어요~~~ 소맥을 부르는 맛입니다 ??????????,,,0,1,직원분들 친절하시구 웨이팅할까봐 5시 20분 쯤 들어왔는데 바로 들어올 수 있었어요 소맥을 부르는 맛입니다,73,59,0,0,1,1,0,0,0,0,0,0,3,1,1,0,0,1,2,1,0,0,0,0,0,0,0,0,0,0,0,0,0,1,0,1,0,0,0,0,0,0,1,0,0,0,0,0,0
태양곱창 성수점,구희찬,31,2026.03.13,1번째 방문,영수증,성수에서 곱창 하면 태양곱창인 것 같아요! 맛있게 잘 먹고 갑니다 다음에 또 올게요~,47,True,태양곱창,event,구희찬,31,2026.03.13,1번째 방문,영수증,,성수에서 곱창 하면 태양곱창인 것 같아요! 맛있게 잘 먹고 갑니다 다음에 또 올게요~,,,0,1,성수에서 곱창 하면 태양곱창인 것 같아요 맛있게 잘 먹고 갑니다 다음에 또 올게요,47,45,0,0,1,0,1,1,0,2,1,1,0,0,0,0,0,0,0,0,1,1,0,0,1,0,0,0,0,1,1,0,0,1,0,1,0,1,0,0,0,0,0,1,0,0,0,0,0
태양곱창 성수점,ji8928,58,2025.09.25,1번째 방문,영수증,곱창 너무 맛있고 술이 그냥 생각나는 맛입니다 성수 오면 꼭 들리세요! 여자친구가 너무 좋아해요 ????,56,True,태양곱창,event,ji8928,58,2025.09.25,1번째 방문,영수증,,곱창 너무 맛있고 술이 그냥 생각나는 맛입니다 성수 오면 꼭 들리세요! 여자친구가 너무 좋아해요 ????,,,0,1,곱창 너무 맛있고 술이 그냥 생각나는 맛입니다 성수 오면 꼭 들리세요 여자친구가 너무 좋아해요,58,52,0,0,1,0,0,0,0,1,1,0,0,0,0,1,1,0,0,0,1,1,2,0,1,0,0,0,0,0,0,0,0,1,1,1,0,0,0,0,0,0,1,0,0,0,0,0,0
태양곱창 성수점,Sunnia,1997,2026.02.14,1번째 방문,영수증,성수동 1만원 혼밥 가성비 점심 우연히 지인 추천으로 들렸은데 만족 그 자체로 식사하고 왔어요???,54,True,태양곱창,event,Sunnia,1997,2026.02.14,1번째 방문,영수증,,성수동 1만원 혼밥 가성비 점심 우연히 지인 추천으로 들렸은데 만족 그 자체로 식사하고 왔어요???,,,0,1,성수동 1만원 혼밥 가성비 점심 우연히 지인 추천으로 들렸은데 만족 그 자체로 식사하고 왔어요,55,52,0,0,1,0,0,0,0,0,0,0,1,1,0,2,1,1,0,0,1,1,0,0,0,0,0,0,0,0,0,0,0,1,1,1,0,0,0,0,0,0,1,0,0,0,0,0,0
태양곱창 성수점,쩡982,37,2026.01.08,1번째 방문,영수증,곱창양도 많고 너무 맛있게 먹었습니다 추천해요,25,True,태양곱창,event,쩡982,37,2026.01.08,1번째 방문,영수증,,곱창양도 많고 너무 맛있게 먹었습니다 추천해요,,,0,1,곱창양도 많고 너무 맛있게 먹었습니다 추천해요,25,25,0,1,0,0,1,1,0,1,1,0,0,0,0,0,0,0,0,0,2,1,1,0,0,0,0,0,0,0,0,0,0,1,0,1,0,1,1,0,0,0,0,0,0,0,0,0,0
태양곱창 성수점,lollolvv,51,2026.04.04,1번째 방문,영수증,"야채곱창(기본맛) 2인에 치즈, 순대 추가했어요 치즈양 많아서 좋았어요 당면도 양 많은 편!",51,True,태양곱창,event,lollolvv,51,2026.04.04,1번째 방문,영수증,,"야채곱창(기본맛) 2인에 치즈, 순대 추가했어요 치즈양 많아서 좋았어요 당면도 양 많은 편!",,,0,1,야채곱창 기본맛 2인에 치즈 순대 추가했어요 치즈양 많아서 좋았어요 당면도 양 많은 편,51,48,0,0,1,0,2,1,1,2,1,1,0,0,0,0,0,1,0,0,0,0,0,0,1,0,0,0,0,0,0,0,0,1,1,1,0,1,0,0,0,0,0,1,0,0,0,0,0
태양곱창 성수점,aud****,27,2026.02.15,1번째 방문,영수증,웨이팅은긴데양많고맛있어용,13,True,태양곱창,event,aud****,27,2026.02.15,1번째 방문,영수증,,웨이팅은긴데양많고맛있어용,,,0,1,웨이팅은긴데양많고맛있어용,13,13,0,1,0,0,1,1,0,0,0,0,1,1,0,0,0,0,0,0,1,1,0,0,0,0,0,0,0,0,0,0,0,1,0,1,0,0,1,0,0,0,1,0,0,0,0,0,0
태양곱창 성수점,ksb****,37,2026.02.10,1번째 방문,영수증,푸짐하고 맛있어요!!,11,True,태양곱창,event,ksb****,37,2026.02.10,1번째 방문,영수증,,푸짐하고 맛있어요!!,,,0,1,푸짐하고 맛있어요,11,9,0,1,0,0,1,1,0,0,0,0,0,0,0,0,0,0,0,0,1,1,0,0,2,0,0,0,0,0,0,0,0,1,0,1,0,0,1,0,0,0,0,0,0,0,0,0,0
태양곱창 성수점,jih****,6,2025.09.10,1번째 방문,영수증,태양곱창이 유명해서 왔는데 곱창이 너무 맛있어요! 마라곱창 진짜 맛있어요ㅠㅠ 양도 많아요!??,51,True,태양곱창,event,jih****,6,2025.09.10,1번째 방문,영수증,,태양곱창이 유명해서 왔는데 곱창이 너무 맛있어요! 마라곱창 진짜 맛있어요ㅠㅠ 양도 많아요!??,,,0,1,태양곱창이 유명해서 왔는데 곱창이 너무 맛있어요 마라곱창 진짜 맛있어요 양도 많아요,52,46,0,0,1,0,2,1,1,4,1,1,0,0,0,0,0,0,0,0,2,1,2,0,2,0,0,0,1,0,0,0,0,0,0,1,0,1,0,0,0,0,0,1,0,0,0,0,0
태양곱창 성수점,seo****,15,2026.03.08,1번째 방문,영수증,양이 진짜 많고 앞으로 성수에서 겁창 먹는다면 여기에서만 먹을 거 같아요,40,True,태양곱창,event,seo****,15,2026.03.08,1번째 방문,영수증,,양이 진짜 많고 앞으로 성수에서 겁창 먹는다면 여기에서만 먹을 거 같아요,,,0,1,양이 진짜 많고 앞으로 성수에서 겁창 먹는다면 여기에서만 먹을 거 같아요,40,40,0,0,1,0,1,1,0,0,0,0,0,0,0,0,0,0,0,0,0,0,1,0,0,0,0,0,0,0,0,0,0,1,0,1,0,0,0,0,0,0,0,0,0,0,0,0,0
태양곱창 성수점,ckm0544,183,2025.12.28,1번째 방문,영수증,맛있게 잘 먹고 갑니다.,13,True,태양곱창,event,ckm0544,183,2025.12.28,1번째 방문,영수증,,맛있게 잘 먹고 갑니다.,,,0,1,맛있게 잘 먹고 갑니다,13,12,0,1,0,0,0,0,0,0,0,0,0,0,0,0,0,0,0,0,1,1,0,0,0,0,0,0,0,0,0,0,0,1,1,1,0,0,1,0,1,0,0,0,0,1,1,0,1
태양곱창 성수점,연보라 ㅂ,35,2025.08.27,1번째 방문,영수증,야채곱창 진짜 대존맛이고 양이 진자 많아요 웨이팅없었는데 웨이팅있어도 먹어볼만해요,45,True,태양곱창,event,연보라 ㅂ,35,2025.08.27,1번째 방문,영수증,,야채곱창 진짜 대존맛이고 양이 진자 많아요 웨이팅없었는데 웨이팅있어도 먹어볼만해요,,,0,1,야채곱창 진짜 대존맛이고 양이 진자 많아요 웨이팅없었는데 웨이팅있어도 먹어볼만해요,45,45,0,0,1,0,1,1,0,2,1,1,2,1,1,0,0,0,0,0,0,0,2,0,0,0,0,0,0,0,0,0,0,1,0,1,0,1,0,0,0,0,1,1,0,0,0,0,0
태양곱창 성수점,cho****,71,2026.03.06,1번째 방문,영수증,가끔 와서 먹는데 멋있어요 다음에 또 올께요,24,True,태양곱창,event,cho****,71,2026.03.06,1번째 방문,영수증,,가끔 와서 먹는데 멋있어요 다음에 또 올께요,,,0,1,가끔 와서 먹는데 멋있어요 다음에 또 올께요,24,24,0,1,0,0,0,0,0,0,0,0,0,0,0,0,0,0,0,0,0,0,0,0,0,0,0,0,0,0,0,0,0,1,1,1,0,0,0,0,0,0,0,0,0,1,0,0,1
태양곱창 성수점,지나가던뚱땡이요,58,2025.11.09,1번째 방문,영수증,맛있아요 !! 직원분들듀 친절합니다,19,True,태양곱창,event,지나가던뚱땡이요,58,2025.11.09,1번째 방문,영수증,,맛있아요 !! 직원분들듀 친절합니다,,,0,1,맛있아요 직원분들듀 친절합니다,19,16,0,1,0,0,0,0,0,0,0,0,2,1,1,0,0,0,0,0,1,1,0,0,2,0,0,0,0,0,0,0,0,1,1,1,0,0,1,0,0,0,1,0,0,0,1,0,0
태양곱창 성수점,juv****,4,2025.09.30,1번째 방문,영수증,곱장은 신선하고 맛있어용!!,15,True,태양곱창,event,juv****,4,2025.09.30,1번째 방문,영수증,,곱장은 신선하고 맛있어용!!,,,0,1,곱장은 신선하고 맛있어용,15,13,0,1,0,0,0,0,0,0,0,0,0,0,0,0,0,0,0,0,1,1,0,0,2,0,0,0,0,0,0,0,1,0,0,1,0,0,1,0,1,0,0,0,0,1,1,0,1
태양곱창 성수점,park82666,45,2025.09.19,1번째 방문,영수증,하 … 진짜 맛있어요 데이트하기 딱 좋은 곳입니다,27,True,태양곱창,event,park82666,45,2025.09.19,1번째 방문,영수증,,하 … 진짜 맛있어요 데이트하기 딱 좋은 곳입니다,,,0,1,하 진짜 맛있어요 데이트하기 딱 좋은 곳입니다,27,25,0,1,0,0,0,0,0,0,0,0,0,0,0,1,1,0,0,0,1,1,1,0,0,0,0,0,1,0,0,0,0,1,0,1,0,0,1,0,0,0,1,0,0,0,1,0,0
태양곱창 성수점,잔다르크37,172,2026.03.14,1번째 방문,영수증,성수오면 무조건 태양곱창 먹어줘야 됩니다. 여기 지점이 제일 맛있어요 추천합니다!,45,True,태양곱창,event,잔다르크37,172,2026.03.14,1번째 방문,영수증,,성수오면 무조건 태양곱창 먹어줘야 됩니다. 여기 지점이 제일 맛있어요 추천합니다!,,,0,1,성수오면 무조건 태양곱창 먹어줘야 됩니다 여기 지점이 제일 맛있어요 추천합니다,45,43,0,0,1,0,1,1,0,1,1,0,0,0,0,0,0,0,0,0,2,1,0,0,1,0,0,0,0,0,0,0,0,1,1,1,0,1,0,0,0,0,0,1,0,0,0,0,0
태양곱창 성수점,박박긁어67,48,2025.11.03,1번째 방문,영수증,인스타에 자꾸 떠서 왔는데 너무 맛있어요 웨이팅 있었는데 웨이팅있는 이유가있네요! 직원분들도 너무 친절하시용,60,True,태양곱창,event,박박긁어67,48,2025.11.03,1번째 방문,영수증,,인스타에 자꾸 떠서 왔는데 너무 맛있어요 웨이팅 있었는데 웨이팅있는 이유가있네요! 직원분들도 너무 친절하시용,,,0,1,인스타에 자꾸 떠서 왔는데 너무 맛있어요 웨이팅 있었는데 웨이팅있는 이유가있네요 직원분들도 너무 친절하시용,60,59,0,0,1,1,0,0,0,0,0,0,4,1,1,0,0,0,0,0,1,1,2,0,1,0,1,1,0,0,0,0,0,1,0,1,0,0,0,0,0,0,1,0,0,0,0,1,0
태양곱창 성수점,Kmj112,21,2026.01.25,1번째 방문,영수증,운좋게 토요일 저녁인데도 바로 입장했어요 잡내 안나고 양많아요 맛있어요!,40,True,태양곱창,event,Kmj112,21,2026.01.25,1번째 방문,영수증,,운좋게 토요일 저녁인데도 바로 입장했어요 잡내 안나고 양많아요 맛있어요!,,,0,1,운좋게 토요일 저녁인데도 바로 입장했어요 잡내 안나고 양많아요 맛있어요,40,39,0,0,1,0,2,1,1,0,0,0,0,0,0,2,1,0,0,0,1,1,0,0,1,0,0,0,0,0,0,0,0,1,0,1,0,0,0,0,0,0,1,0,0,0,0,0,0
태양곱창 성수점,you****,42,2026.02.10,1번째 방문,영수증,너무너무맛있게잘먹었습니다!,14,True,태양곱창,event,you****,42,2026.02.10,1번째 방문,영수증,,너무너무맛있게잘먹었습니다!,,,0,1,너무너무맛있게잘먹었습니다,14,13,0,1,0,0,0,0,0,0,0,0,0,0,0,0,0,0,0,0,1,1,2,0,1,0,0,0,0,0,0,0,0,1,0,1,0,0,1,0,1,0,0,0,0,1,1,0,1
태양곱창 성수점,농구미,53,2026.01.10,1번째 방문,영수증,양진짜많고 맛잇어용ㅎ,11,True,태양곱창,event,농구미,53,2026.01.10,1번째 방문,영수증,,양진짜많고 맛잇어용ㅎ,,,0,1,양진짜많고 맛잇어용,11,10,0,1,0,0,1,1,0,0,0,0,0,0,0,0,0,0,0,0,0,0,1,0,0,0,0,0,0,0,0,0,0,1,1,1,0,0,0,0,0,0,0,0,0,0,0,0,0
태양곱창 성수점,Chaee1225,222,2026.01.06,1번째 방문,영수증,"주변 지나다니다가 눈에 띄어서 먹어봤어요! 기본맛도 칼칼할 정도로 맵고, 맛있어요 :) 성수 오면 다시 올 것 같아요~~",67,True,태양곱창,event,Chaee1225,222,2026.01.06,1번째 방문,영수증,,"주변 지나다니다가 눈에 띄어서 먹어봤어요! 기본맛도 칼칼할 정도로 맵고, 맛있어요 :) 성수 오면 다시 올 것 같아요~~",,,0,1,주변 지나다니다가 눈에 띄어서 먹어봤어요 기본맛도 칼칼할 정도로 맵고 맛있어요 성수 오면 다시 올 것 같아요,67,60,0,0,1,1,1,1,0,0,0,0,0,0,0,0,0,0,0,0,1,1,0,0,1,0,0,0,0,0,0,0,0,1,1,1,0,0,0,0,0,0,0,0,0,0,0,0,0
태양곱창 성수점,뻔펀한영금이,17,2025.12.12,1번째 방문,영수증,음식도 너무 빨리나오고 진짜 맛있어요 성수 놀러오시면 강추입니다,35,True,태양곱창,event,뻔펀한영금이,17,2025.12.12,1번째 방문,영수증,,음식도 너무 빨리나오고 진짜 맛있어요 성수 놀러오시면 강추입니다,,,0,1,음식도 너무 빨리나오고 진짜 맛있어요 성수 놀러오시면 강추입니다,35,35,0,0,1,0,0,0,0,0,0,0,0,0,0,0,0,0,0,0,2,1,2,0,0,0,0,0,1,0,0,0,0,1,0,1,0,0,0,0,1,0,0,0,0,0,0,0,0
태양곱창 성수점,sa0191,136,2026.02.14,1번째 방문,영수증,야채곱창 맛있어요 양도 많고 맛있게 매워요!!,25,True,태양곱창,event,sa0191,136,2026.02.14,1번째 방문,영수증,,야채곱창 맛있어요 양도 많고 맛있게 매워요!!,,,0,1,야채곱창 맛있어요 양도 많고 맛있게 매워요,25,23,0,1,0,0,1,1,0,2,1,1,0,0,0,0,0,0,0,0,2,1,0,0,2,0,0,0,0,0,0,0,0,1,1,1,0,1,1,0,0,0,0,0,0,0,0,0,0
태양곱창 성수점,최연소쌤94,79,2025.11.22,1번째 방문,영수증,맛도리입니다!!!,9,True,태양곱창,event,최연소쌤94,79,2025.11.22,1번째 방문,영수증,,맛도리입니다!!!,,,0,1,맛도리입니다,9,6,1,1,0,0,0,0,0,0,0,0,0,0,0,0,0,0,0,0,0,0,0,0,3,1,0,0,0,0,0,0,0,1,1,1,0,0,0,0,0,0,0,0,0,1,0,0,1
태양곱창 성수점,고긔마츼쥬돈꺄슈,49,2025.09.25,1번째 방문,영수증,마라야곱 ㅊㅊ합니다!,11,True,태양곱창,event,고긔마츼쥬돈꺄슈,49,2025.09.25,1번째 방문,영수증,,마라야곱 ㅊㅊ합니다!,,,0,1,마라야곱 합니다,11,8,0,1,0,0,0,0,0,1,1,0,0,0,0,0,0,0,0,0,0,0,0,0,1,0,0,0,0,0,0,0,0,1,0,1,0,0,0,0,0,0,0,0,0,1,0,0,1
태양곱창 성수점,치로난37,64,2026.01.08,1번째 방문,영수증,곱창 진짜 오랜만에 먹는데 색부터 너무 좋아요. 추천 해요,32,True,태양곱창,event,치로난37,64,2026.01.08,1번째 방문,영수증,,곱창 진짜 오랜만에 먹는데 색부터 너무 좋아요. 추천 해요,,,0,1,곱창 진짜 오랜만에 먹는데 색부터 너무 좋아요 추천 해요,32,31,0,0,1,0,0,0,0,1,1,0,0,0,0,0,0,0,0,0,2,1,2,0,0,0,0,0,1,0,0,0,0,1,1,1,0,0,0,0,1,1,0,0,0,0,0,0,0
태양곱창 성수점,xodrmf11,20,2026.01.04,1번째 방문,영수증,사장님이 친철하시고 음식도 맛있어요~,20,True,태양곱창,event,xodrmf11,20,2026.01.04,1번째 방문,영수증,,사장님이 친철하시고 음식도 맛있어요~,,,0,1,사장님이 친철하시고 음식도 맛있어요,20,19,0,1,0,0,0,0,0,0,0,0,0,0,0,0,0,0,0,0,1,1,0,0,0,0,0,0,0,0,0,0,0,1,0,1,0,0,1,0,1,0,0,0,0,1,1,0,1
태양곱창 성수점,째룽째룽,345,2025.06.14,1번째 방문,영수증,곱창이 부드럽고 야들야들하니 맛있네용 국물은 들깨 팍팍 들어간 고소한맛! 케이디저트 볶음밥으로 마무리! 맛있어용 토요일 점심시간이었는데 웨이팅 없이 들어갔고 우리 빼고 다 외국인 손님이었다 뭘 먹으려나.. 신기했다 ㅎㅎㅎ,123,True,태양곱창,event,째룽째룽,345,2025.06.14,1번째 방문,영수증,,곱창이 부드럽고 야들야들하니 맛있네용 국물은 들깨 팍팍 들어간 고소한맛! 케이디저트 볶음밥으로 마무리! 맛있어용 토요일 점심시간이었는데 웨이팅 없이 들어갔고 우리 빼고 다 외국인 손님이었다 뭘 먹으려나.. 신기했다 ㅎㅎㅎ,,,0,1,곱창이 부드럽고 야들야들하니 맛있네용 국물은 들깨 팍팍 들어간 고소한맛 케이디저트 볶음밥으로 마무리 맛있어용 토요일 점심시간이었는데 웨이팅 없이 들어갔고 우리 빼고 다 외국인 손님이었다 뭘 먹으려나 신기했다,123,115,0,0,1,1,2,1,1,2,1,1,1,1,0,2,1,0,0,0,2,1,0,0,2,0,0,0,0,0,0,0,0,1,1,1,0,1,0,0,0,0,1,1,1,0,0,0,0
태양곱창 성수점,egg****,39,2026.01.12,1번째 방문,영수증,친절하시고 음식이 푸짐하고 맛나요. 분위기도 좋고 선곡도 좋아요. 재방문 예정????????????,49,True,태양곱창,event,egg****,39,2026.01.12,1번째 방문,영수증,,친절하시고 음식이 푸짐하고 맛나요. 분위기도 좋고 선곡도 좋아요. 재방문 예정????????????,,,0,1,친절하시고 음식이 푸짐하고 맛나요 분위기도 좋고 선곡도 좋아요 재방문 예정,55,41,0,0,1,0,1,1,0,0,0,0,2,1,1,0,0,0,0,0,1,1,0,0,0,0,0,0,0,1,1,0,0,1,0,1,0,0,0,0,0,0,1,0,0,0,0,0,0
태양곱창 성수점,juj****,95,2025.10.24,1번째 방문,영수증,너무 맛있어요 곱창이랑 막창에서 잡내도 안 나고 너무 좋아요,33,True,태양곱창,event,juj****,95,2025.10.24,1번째 방문,영수증,,너무 맛있어요 곱창이랑 막창에서 잡내도 안 나고 너무 좋아요,,,0,1,너무 맛있어요 곱창이랑 막창에서 잡내도 안 나고 너무 좋아요,33,33,0,0,1,0,1,1,0,1,1,0,0,0,0,0,0,0,0,0,2,1,2,0,0,0,0,0,0,0,0,0,0,1,1,1,0,1,0,0,0,0,0,1,0,0,0,0,0
태양곱창 성수점,san****,167,2026.04.03,1번째 방문,영수증,와이프랑 먹으러 왔는데 양이 엄청 많고 맛있어요!!!,29,True,태양곱창,event,san****,167,2026.04.03,1번째 방문,영수증,,와이프랑 먹으러 왔는데 양이 엄청 많고 맛있어요!!!,,,0,1,와이프랑 먹으러 왔는데 양이 엄청 많고 맛있어요,29,26,0,1,0,0,1,1,0,0,0,0,0,0,0,0,0,0,0,0,1,1,1,0,3,1,0,0,0,0,0,0,0,1,1,1,0,0,1,0,0,0,0,0,0,0,0,0,0
태양곱창 성수점,LimHeeChan74,53,2025.09.25,4번째 방문,영수증,성수에서 곱창 생각나면 반드시 여기로 옵니다. 잘먹고가요 ??,33,True,태양곱창,event,LimHeeChan74,53,2025.09.25,4번째 방문,영수증,,성수에서 곱창 생각나면 반드시 여기로 옵니다. 잘먹고가요 ??,,,0,4,성수에서 곱창 생각나면 반드시 여기로 옵니다 잘먹고가요,34,30,0,0,1,0,0,0,0,1,1,0,0,0,0,0,0,0,0,0,0,0,0,0,0,0,0,0,0,0,0,0,0,1,1,0,1,0,0,0,0,0,0,0,0,0,0,0,0
태양곱창 성수점,jun****,40,2025.10.03,1번째 방문,영수증,??맛이 있어요????,9,True,태양곱창,event,jun****,40,2025.10.03,1번째 방문,영수증,,??맛이 있어요????,,,0,1,맛이 있어요,12,6,0,1,0,0,0,0,0,0,0,0,0,0,0,0,0,0,0,0,0,0,0,0,0,0,0,0,0,0,0,0,0,1,0,1,0,0,0,0,0,0,0,0,0,1,0,0,1
태양곱창 성수점,저스틴비빔밥,76,2025.11.16,1번째 방문,영수증,후기가 좋아서 방문했는데 보통 곱창전골에 곱창 몇 개 건져먹으면 하나도 없는데 여기는 먹어도 먹어도 끝이 없어요 국물은 들깨가루 넣어야 더 맛있고 볶음밥 진짜 안 먹으면 사형. 등촌볶음밥 느낌이라 감칠맛 돌아버림,118,True,태양곱창,event,저스틴비빔밥,76,2025.11.16,1번째 방문,영수증,,후기가 좋아서 방문했는데 보통 곱창전골에 곱창 몇 개 건져먹으면 하나도 없는데 여기는 먹어도 먹어도 끝이 없어요 국물은 들깨가루 넣어야 더 맛있고 볶음밥 진짜 안 먹으면 사형. 등촌볶음밥 느낌이라 감칠맛 돌아버림,,,0,1,후기가 좋아서 방문했는데 보통 곱창전골에 곱창 몇 개 건져먹으면 하나도 없는데 여기는 먹어도 먹어도 끝이 없어요 국물은 들깨가루 넣어야 더 맛있고 볶음밥 진짜 안 먹으면 사형 등촌볶음밥 느낌이라 감칠맛 돌아버림,118,117,0,0,1,1,1,1,0,6,1,1,0,0,0,0,0,0,0,0,1,1,1,0,0,0,0,0,1,0,0,0,0,1,1,1,0,1,0,0,0,0,0,1,0,0,0,0,0
태양곱창 성수점,OoOlee,530,2025.07.12,1번째 방문,영수증,"돼지곱창 냄새도 거의 안나고 쫄깃해요! 국물은 생각보다 너무 자극적이지 않고 담백한?맛이었어요 21시 넘어서 오니까 웨이팅 없어서 괜찮았습니다!! 여름이라 그런지 벌레가 나왔어요,,화장실도 다른데로 가는게 나을거 같아요",122,True,태양곱창,event,OoOlee,530,2025.07.12,1번째 방문,영수증,,"돼지곱창 냄새도 거의 안나고 쫄깃해요! 국물은 생각보다 너무 자극적이지 않고 담백한?맛이었어요 21시 넘어서 오니까 웨이팅 없어서 괜찮았습니다!! 여름이라 그런지 벌레가 나왔어요,,화장실도 다른데로 가는게 나을거 같아요",,,0,1,돼지곱창 냄새도 거의 안나고 쫄깃해요 국물은 생각보다 너무 자극적이지 않고 담백한 맛이었어요 21시 넘어서 오니까 웨이팅 없어서 괜찮았습니다 여름이라 그런지 벌레가 나왔어요 화장실도 다른데로 가는게 나을거 같아요,122,118,0,0,1,1,2,1,1,1,1,0,1,1,0,1,1,1,1,1,1,1,1,0,3,1,0,0,0,0,0,0,0,1,1,1,0,1,0,0,0,0,1,1,1,0,0,0,0
태양곱창 성수점,이행지,36,2025.09.07,1번째 방문,영수증,야채곱창 진짜 존맛탱탱탱탱탱입미닷 ㅠ_ㅠ!??,24,True,태양곱창,event,이행지,36,2025.09.07,1번째 방문,영수증,,야채곱창 진짜 존맛탱탱탱탱탱입미닷 ㅠ_ㅠ!??,,,0,1,야채곱창 진짜 존맛탱탱탱탱탱입미닷,25,18,0,1,0,0,0,0,0,2,1,1,0,0,0,0,0,0,0,0,0,0,2,0,1,0,0,0,0,0,0,0,0,1,0,1,0,0,0,0,0,0,0,0,0,1,0,0,1
태양곱창 성수점,졍우니,68,2025.08.10,1번째 방문,영수증,야채곱창은 들깨가루랑 섞여서 고소해요 당면도 많고 맛있습니당 막창도 소스 달달해서 굿이에용,50,True,태양곱창,event,졍우니,68,2025.08.10,1번째 방문,영수증,,야채곱창은 들깨가루랑 섞여서 고소해요 당면도 많고 맛있습니당 막창도 소스 달달해서 굿이에용,,,0,1,야채곱창은 들깨가루랑 섞여서 고소해요 당면도 많고 맛있습니당 막창도 소스 달달해서 굿이에용,50,50,0,0,1,0,1,1,0,2,1,1,0,0,0,0,0,0,0,0,1,1,0,0,0,0,0,0,0,0,0,0,0,1,1,1,0,1,0,0,0,0,0,1,0,0,0,0,0
태양곱창 성수점,안성민7032,26,2026.03.14,1번째 방문,영수증,너무 맛있어요 대북댜박댜박,14,True,태양곱창,event,안성민7032,26,2026.03.14,1번째 방문,영수증,,너무 맛있어요 대북댜박댜박,,,0,1,너무 맛있어요 대북댜박댜박,14,14,0,1,0,0,0,0,0,0,0,0,0,0,0,0,0,0,0,0,1,1,1,0,0,0,0,0,0,0,0,0,0,1,0,1,0,0,1,0,1,0,0,0,0,1,1,0,1
태양곱창 성수점,맛도리찾아떠나는,60,2025.10.12,1번째 방문,영수증,친구추천으로 왔어요?? 선선해진 날씨에 최고인거같아요!,30,True,태양곱창,event,맛도리찾아떠나는,60,2025.10.12,1번째 방문,영수증,,친구추천으로 왔어요?? 선선해진 날씨에 최고인거같아요!,,,0,1,친구추천으로 왔어요 선선해진 날씨에 최고인거같아요,30,27,0,0,1,0,0,0,0,0,0,0,0,0,0,1,1,0,0,0,2,1,0,0,1,0,0,0,0,0,0,0,0,1,1,1,0,0,0,0,0,0,1,0,0,0,0,0,0
태양곱창 성수점,뒹굴순,36,2025.10.29,1번째 방문,영수증,매장도 넓고 직원분들도 정말 친절하세요! 오후 5시에와서 웨이팅 없었습니다????,43,True,태양곱창,event,뒹굴순,36,2025.10.29,1번째 방문,영수증,,매장도 넓고 직원분들도 정말 친절하세요! 오후 5시에와서 웨이팅 없었습니다????,,,0,1,매장도 넓고 직원분들도 정말 친절하세요 오후 5시에와서 웨이팅 없었습니다,45,40,0,0,1,0,0,0,0,0,0,0,4,1,1,0,0,1,1,1,0,0,0,0,1,0,0,0,0,0,0,0,0,1,0,1,0,0,0,0,0,0,1,0,0,0,0,0,0
태양곱창 성수점,한율78,62,2025.11.05,2번째 방문,영수증,맛있고 양도 많아서 좋아요!! 강추!,20,True,태양곱창,event,한율78,62,2025.11.05,2번째 방문,영수증,,맛있고 양도 많아서 좋아요!! 강추!,,,0,2,맛있고 양도 많아서 좋아요 강추,20,17,0,1,0,0,1,1,0,0,0,0,0,0,0,0,0,0,0,0,3,1,0,0,3,1,0,0,0,0,0,0,0,1,1,0,1,0,1,0,0,0,0,0,0,0,0,0,0
태양곱창 성수점,iny****,18,2025.10.18,2번째 방문,영수증,두번째 방문이에용! 1인분도 양이 완전 많아요!!ㅠㅠ 맛도 짱 또 방문할게요??,43,True,태양곱창,event,iny****,18,2025.10.18,2번째 방문,영수증,,두번째 방문이에용! 1인분도 양이 완전 많아요!!ㅠㅠ 맛도 짱 또 방문할게요??,,,0,2,두번째 방문이에용 1인분도 양이 완전 많아요 맛도 짱 또 방문할게요,44,37,0,0,1,0,1,1,0,0,0,0,0,0,0,0,0,1,1,1,0,0,2,0,3,1,0,0,0,1,1,0,0,1,0,0,1,0,0,0,0,0,1,0,0,0,0,0,0
태양곱창 성수점,mybestinvesting9,19,2026.04.30,1번째 방문,영수증,"최고의맛, 친절하고, 서빙빠르고, 너무 좋아요!!!! 오랜만에 곱창볶음 땡겨서 왔어요??잘먹었습니다.",55,True,태양곱창,event,mybestinvesting9,19,2026.04.30,1번째 방문,영수증,,"최고의맛, 친절하고, 서빙빠르고, 너무 좋아요!!!! 오랜만에 곱창볶음 땡겨서 왔어요??잘먹었습니다.",,,0,1,최고의맛 친절하고 서빙빠르고 너무 좋아요 오랜만에 곱창볶음 땡겨서 왔어요 잘먹었습니다,56,47,0,0,1,0,0,0,0,1,1,0,1,1,0,0,0,0,0,0,2,1,1,0,4,1,0,0,0,0,0,0,0,1,0,1,0,0,0,0,0,0,1,0,0,0,0,0,0
태양곱창 성수점,ndn****,49,2026.01.04,1번째 방문,영수증,맛있어요~~~~,8,True,태양곱창,event,ndn****,49,2026.01.04,1번째 방문,영수증,,맛있어요~~~~,,,0,1,맛있어요,8,4,1,1,0,0,0,0,0,0,0,0,0,0,0,0,0,0,0,0,1,1,0,0,0,0,0,0,0,0,0,0,0,1,0,1,0,0,1,1,1,0,0,0,0,1,1,0,1
태양곱창 성수점,비귤,32,2026.04.05,1번째 방문,영수증,손님이 많았지만 웨이팅 오래 안기다리고 금방 왔어요! 잡내도 없고 술을 부르는 맛이에요?? 맛있게 잘 먹었습니다,62,True,태양곱창,event,비귤,32,2026.04.05,1번째 방문,영수증,,손님이 많았지만 웨이팅 오래 안기다리고 금방 왔어요! 잡내도 없고 술을 부르는 맛이에요?? 맛있게 잘 먹었습니다,,,0,1,손님이 많았지만 웨이팅 오래 안기다리고 금방 왔어요 잡내도 없고 술을 부르는 맛이에요 맛있게 잘 먹었습니다,62,59,0,0,1,1,1,1,0,0,0,0,1,1,0,0,0,0,0,0,1,1,0,0,1,0,0,0,0,0,0,0,0,1,0,1,0,0,0,0,0,0,1,0,0,0,0,0,0
태양곱창 성수점,ydh****,19,2026.04.04,1번째 방문,영수증,지나가다가 들린 집 얼큰하게 좋아요,19,True,태양곱창,event,ydh****,19,2026.04.04,1번째 방문,영수증,,지나가다가 들린 집 얼큰하게 좋아요,,,0,1,지나가다가 들린 집 얼큰하게 좋아요,19,19,0,1,0,0,1,1,0,0,0,0,0,0,0,0,0,0,0,0,1,1,0,0,0,0,0,0,0,0,0,0,0,1,0,1,0,0,1,0,0,0,0,0,0,0,0,0,0
태양곱창 성수점,lapinmom,16,2025.12.07,1번째 방문,영수증,늘 맛있어요. 오늘은 야채곱창 먹었는데 맛있게 잘 먹었습니다. 감자전도 맛있고 아이랑 같이와도 뷲음밥이 너무 맛있어서 같이 먹을수 있어 좋습니다,80,True,태양곱창,event,lapinmom,16,2025.12.07,1번째 방문,영수증,,늘 맛있어요. 오늘은 야채곱창 먹었는데 맛있게 잘 먹었습니다. 감자전도 맛있고 아이랑 같이와도 뷲음밥이 너무 맛있어서 같이 먹을수 있어 좋습니다,,,0,1,늘 맛있어요 오늘은 야채곱창 먹었는데 맛있게 잘 먹었습니다 감자전도 맛있고 아이랑 같이와도 뷲음밥이 너무 맛있어서 같이 먹을수 있어 좋습니다,80,78,0,0,1,1,0,0,0,3,1,1,0,0,0,0,0,0,0,0,4,1,1,0,0,0,0,0,0,0,0,0,0,1,0,1,0,0,0,0,1,1,0,0,0,0,0,0,0
태양곱창 성수점,니니수,59,2026.01.14,1번째 방문,영수증,왜웨이팅하는지 모르겟어요.. 그냥 근처 가세요..,27,True,태양곱창,event,니니수,59,2026.01.14,1번째 방문,영수증,,왜웨이팅하는지 모르겟어요.. 그냥 근처 가세요..,,,0,1,왜웨이팅하는지 모르겟어요 그냥 근처 가세요,27,23,0,1,0,0,0,0,0,0,0,0,1,1,0,0,0,0,0,0,0,0,0,0,0,0,0,0,0,0,0,0,0,1,1,1,0,0,0,0,0,0,1,0,0,0,0,0,0
태양곱창 성수점,65700,51,2025.09.19,1번째 방문,영수증,소보다 맛있눈 돼지곱창전골!! 맛있어요! ????,25,True,태양곱창,event,65700,51,2025.09.19,1번째 방문,영수증,,소보다 맛있눈 돼지곱창전골!! 맛있어요! ????,,,0,1,소보다 맛있눈 돼지곱창전골 맛있어요,27,19,0,1,0,0,0,0,0,4,1,1,0,0,0,0,0,0,0,0,2,1,0,0,3,1,0,0,0,0,0,0,0,1,1,1,0,0,1,0,1,1,0,0,0,1,1,0,1
태양곱창 성수점,서금선35,38,2025.10.01,1번째 방문,영수증,양도 푸짐하고 진한 국물에 완전 쏘주안주로 제대로에요!! 성수 맛집으로 강추합니다,45,True,태양곱창,event,서금선35,38,2025.10.01,1번째 방문,영수증,,양도 푸짐하고 진한 국물에 완전 쏘주안주로 제대로에요!! 성수 맛집으로 강추합니다,,,0,1,양도 푸짐하고 진한 국물에 완전 쏘주안주로 제대로에요 성수 맛집으로 강추합니다,45,43,0,0,1,0,3,1,1,0,0,0,0,0,0,0,0,0,0,0,2,1,1,0,2,0,0,0,0,0,0,0,0,1,0,1,0,0,0,0,0,0,0,0,0,0,0,0,0
태양곱창 성수점,Kangals10,8,2026.04.23,1번째 방문,영수증,둘이서 소짜 시켜 먹었는데 양이 엄청 많아서 배부르게 잘 먹었습니다!! 볶음밥이 진짜 맛있어요~~,54,True,태양곱창,event,Kangals10,8,2026.04.23,1번째 방문,영수증,,둘이서 소짜 시켜 먹었는데 양이 엄청 많아서 배부르게 잘 먹었습니다!! 볶음밥이 진짜 맛있어요~~,,,0,1,둘이서 소짜 시켜 먹었는데 양이 엄청 많아서 배부르게 잘 먹었습니다 볶음밥이 진짜 맛있어요,54,50,0,0,1,0,1,1,0,1,1,0,0,0,0,0,0,0,0,0,1,1,2,0,2,0,0,0,1,0,0,0,0,0,0,1,0,1,0,0,0,0,0,1,0,0,0,0,0
태양곱창 성수점,jun****,51,2026.04.10,1번째 방문,영수증,너무 맛있어여 ㅜㅜ,10,True,태양곱창,event,jun****,51,2026.04.10,1번째 방문,영수증,,너무 맛있어여 ㅜㅜ,,,0,1,너무 맛있어여,10,7,0,1,0,0,0,0,0,0,0,0,0,0,0,0,0,0,0,0,1,1,1,0,0,0,0,0,0,0,0,0,0,1,1,1,0,0,1,0,1,0,0,0,0,1,1,0,1
태양곱창 성수점,dnf****,34,2025.09.20,1번째 방문,영수증,성수동 곱창맛집?? 시원하고 매장도 넓어서 먹기 좋아용 가격도 저렴해서 간단하게 1차 하기도 좋습니당,56,True,태양곱창,event,dnf****,34,2025.09.20,1번째 방문,영수증,,성수동 곱창맛집?? 시원하고 매장도 넓어서 먹기 좋아용 가격도 저렴해서 간단하게 1차 하기도 좋습니당,,,0,1,성수동 곱창맛집 시원하고 매장도 넓어서 먹기 좋아용 가격도 저렴해서 간단하게 1차 하기도 좋습니당,56,54,0,0,1,0,0,0,0,1,1,0,2,1,1,0,0,1,1,1,1,1,0,0,0,0,0,0,0,0,0,0,0,1,0,1,0,0,0,0,0,0,1,0,0,0,0,0,0
태양곱창 성수점,행쇼62,48,2025.08.17,1번째 방문,영수증,성수오면 항상 생각나는 태양곱창!!! 끓일수록 더 진해져요~~ 술이 술술 들어갑니다 괜히 웨이팅맛집이 아니에요??,63,True,태양곱창,event,행쇼62,48,2025.08.17,1번째 방문,영수증,,성수오면 항상 생각나는 태양곱창!!! 끓일수록 더 진해져요~~ 술이 술술 들어갑니다 괜히 웨이팅맛집이 아니에요??,,,0,1,성수오면 항상 생각나는 태양곱창 끓일수록 더 진해져요 술이 술술 들어갑니다 괜히 웨이팅맛집이 아니에요,63,56,0,0,1,1,1,1,0,1,1,0,1,1,0,0,0,0,0,0,1,1,0,0,3,1,0,0,0,0,0,0,0,1,0,1,0,1,0,0,0,0,1,1,0,0,0,0,0
태양곱창 성수점,KOM6,49,2025.09.06,1번째 방문,영수증,마라곱창이 독특하고 맛있고 양도 많아요! 콘치즈도 너무 맛있어요 &gt;.&lt; 식사하러 오기에도 너무 좋네용!!,64,True,태양곱창,event,KOM6,49,2025.09.06,1번째 방문,영수증,,마라곱창이 독특하고 맛있고 양도 많아요! 콘치즈도 너무 맛있어요 &gt;.&lt; 식사하러 오기에도 너무 좋네용!!,,,0,1,마라곱창이 독특하고 맛있고 양도 많아요 콘치즈도 너무 맛있어요 gt lt 식사하러 오기에도 너무 좋네용,64,57,0,0,1,1,1,1,0,3,1,1,0,0,0,0,0,0,0,0,2,1,2,0,3,1,0,0,0,0,0,0,0,1,0,1,0,1,0,0,0,0,0,1,0,0,0,0,0
태양곱창 성수점,wjd****,35,2025.12.27,1번째 방문,영수증,술이 생각나는 .. 맛집 인정,16,True,태양곱창,event,wjd****,35,2025.12.27,1번째 방문,영수증,,술이 생각나는 .. 맛집 인정,,,0,1,술이 생각나는 맛집 인정,16,13,0,1,0,0,0,0,0,0,0,0,0,0,0,0,0,0,0,0,1,1,0,0,0,0,0,0,0,0,0,0,0,1,0,1,0,0,1,0,1,0,0,0,0,1,1,0,1
태양곱창 성수점,the****,72,2025.08.09,1번째 방문,영수증,돼지곱창 막창 콘치즈 모두모두 맛있어요 재방문의사 200%,32,True,태양곱창,event,the****,72,2025.08.09,1번째 방문,영수증,,돼지곱창 막창 콘치즈 모두모두 맛있어요 재방문의사 200%,,,0,1,돼지곱창 막창 콘치즈 모두모두 맛있어요 재방문의사 200,32,31,0,0,1,0,0,0,0,2,1,1,0,0,0,0,0,1,0,0,1,1,0,0,0,0,0,0,0,1,1,0,0,1,1,1,0,0,0,0,1,1,0,0,0,0,0,0,0
태양곱창 성수점,나이키슬리퍼,42,2026.01.15,1번째 방문,영수증,친절하시고 맛있어요 -!!!,15,True,태양곱창,event,나이키슬리퍼,42,2026.01.15,1번째 방문,영수증,,친절하시고 맛있어요 -!!!,,,0,1,친절하시고 맛있어요,15,10,0,1,0,0,0,0,0,0,0,0,1,1,0,0,0,0,0,0,1,1,0,0,3,1,0,0,0,0,0,0,0,1,0,1,0,0,1,0,0,0,1,0,0,0,1,0,0
태양곱창 성수점,xok****,39,2026.04.26,1번째 방문,영수증,맛있어요!!!,7,True,태양곱창,event,xok****,39,2026.04.26,1번째 방문,영수증,,맛있어요!!!,,,0,1,맛있어요,7,4,1,1,0,0,0,0,0,0,0,0,0,0,0,0,0,0,0,0,1,1,0,0,3,1,0,0,0,0,0,0,0,1,0,1,0,0,1,1,1,0,0,0,0,1,1,0,1
태양곱창 성수점,ald****,31,2025.10.23,1번째 방문,영수증,미사역점 태양곱창을 다녀온후 맛있어서 성수점 태양곱창으로 왔어요~ 매장이 깔끔하고 음식도 역시 맛있네요~~ 성수에 올때 또 이용할께요~,75,True,태양곱창,event,ald****,31,2025.10.23,1번째 방문,영수증,,미사역점 태양곱창을 다녀온후 맛있어서 성수점 태양곱창으로 왔어요~ 매장이 깔끔하고 음식도 역시 맛있네요~~ 성수에 올때 또 이용할께요~,,,0,1,미사역점 태양곱창을 다녀온후 맛있어서 성수점 태양곱창으로 왔어요 매장이 깔끔하고 음식도 역시 맛있네요 성수에 올때 또 이용할께요,75,71,0,0,1,1,2,1,1,2,1,1,1,1,0,0,0,0,0,0,2,1,0,0,0,0,0,0,0,0,0,0,0,1,0,1,0,1,0,0,0,0,1,1,1,0,0,0,0
태양곱창 성수점,빵친자임,58,2025.10.18,1번째 방문,영수증,곱창 구이 먹었는데 양념이 너무 맛있어요 볶음밥도 담백하고 맛있어요,37,True,태양곱창,event,빵친자임,58,2025.10.18,1번째 방문,영수증,,곱창 구이 먹었는데 양념이 너무 맛있어요 볶음밥도 담백하고 맛있어요,,,0,1,곱창 구이 먹었는데 양념이 너무 맛있어요 볶음밥도 담백하고 맛있어요,37,37,0,0,1,0,1,1,0,2,1,1,0,0,0,0,0,0,0,0,2,1,1,0,0,0,0,0,0,0,0,0,0,1,1,1,0,1,0,0,0,0,0,1,0,0,0,0,0
태양곱창 성수점,다보라,84,2025.10.10,1번째 방문,영수증,비린내 하나없이 정말맛있어요!! 다음에 재방문할께요!!,30,True,태양곱창,event,다보라,84,2025.10.10,1번째 방문,영수증,,비린내 하나없이 정말맛있어요!! 다음에 재방문할께요!!,,,0,1,비린내 하나없이 정말맛있어요 다음에 재방문할께요,30,26,0,0,1,0,0,0,0,0,0,0,0,0,0,0,0,0,0,0,1,1,0,0,4,1,0,0,0,1,1,0,0,1,1,1,0,0,0,0,1,0,0,0,0,0,0,0,0
태양곱창 성수점,lee****,26,2025.10.01,2번째 방문,영수증,엄마가 먹고싶다고해서 같이왔는데 너무 맛있어요 전에 와서 야채곱창먹었는데 곱창전골도 대박,49,True,태양곱창,event,lee****,26,2025.10.01,2번째 방문,영수증,,엄마가 먹고싶다고해서 같이왔는데 너무 맛있어요 전에 와서 야채곱창먹었는데 곱창전골도 대박,,,0,2,엄마가 먹고싶다고해서 같이왔는데 너무 맛있어요 전에 와서 야채곱창먹었는데 곱창전골도 대박,49,49,0,0,1,0,0,0,0,5,1,1,0,0,0,0,0,0,0,0,1,1,2,0,0,0,0,0,0,0,0,0,0,1,0,0,1,0,0,0,1,1,0,0,0,0,0,0,0
태양곱창 성수점,배고파z,1081,2026.01.25,6번째 방문,영수증,곱창국밥이 훨씬 맛있어요!! 곱창귝밥 맛있어서 데려갔는데 점심메뉴라 저녁에는 전골 시켰어요 전골은 국밥에 하면 .. 맹맹해서 친구들이 실망했어요ㅠ 저는 점심에 곱창국밥 먹우러 또 갈게요 ..,106,True,태양곱창,event,배고파z,1081,2026.01.25,6번째 방문,영수증,,곱창국밥이 훨씬 맛있어요!! 곱창귝밥 맛있어서 데려갔는데 점심메뉴라 저녁에는 전골 시켰어요 전골은 국밥에 하면 .. 맹맹해서 친구들이 실망했어요ㅠ 저는 점심에 곱창국밥 먹우러 또 갈게요 ..,,,0,6,곱창국밥이 훨씬 맛있어요 곱창귝밥 맛있어서 데려갔는데 점심메뉴라 저녁에는 전골 시켰어요 전골은 국밥에 하면 맹맹해서 친구들이 실망했어요 저는 점심에 곱창국밥 먹우러 또 갈게요,106,97,0,0,1,1,0,0,0,5,1,1,0,0,0,4,1,0,0,0,2,1,0,0,2,0,0,0,1,1,1,0,0,1,1,0,1,0,0,0,0,0,1,0,0,0,0,0,0
태양곱창 성수점,bbo70,35,2025.11.17,2번째 방문,영수증,추운날씨에 뜨끈한 국물이 땡겨서 방문했어요~ 야채곱창만 먹어봤는데 전골맛도 좋네요!,46,True,태양곱창,event,bbo70,35,2025.11.17,2번째 방문,영수증,,추운날씨에 뜨끈한 국물이 땡겨서 방문했어요~ 야채곱창만 먹어봤는데 전골맛도 좋네요!,,,0,2,추운날씨에 뜨끈한 국물이 땡겨서 방문했어요 야채곱창만 먹어봤는데 전골맛도 좋네요,46,44,0,0,1,0,1,1,0,3,1,1,0,0,0,0,0,0,0,0,0,0,0,0,1,0,0,0,0,0,0,0,0,1,0,0,1,1,0,0,0,0,0,1,0,0,0,0,0
태양곱창 성수점,cohoiy,77,2025.12.18,1번째 방문,영수증,지나가다가 웨이팅하는 분들이 많아서 저녁먹으러 왔어요! 돼지곱창전골은 처음먹어보는데 냄새도 안나고 곱창도 많아서 맛있게 먹고 갑니당! 웨이팅은 30분정도 했어요~! ??????,96,True,태양곱창,event,cohoiy,77,2025.12.18,1번째 방문,영수증,,지나가다가 웨이팅하는 분들이 많아서 저녁먹으러 왔어요! 돼지곱창전골은 처음먹어보는데 냄새도 안나고 곱창도 많아서 맛있게 먹고 갑니당! 웨이팅은 30분정도 했어요~! ??????,,,0,1,지나가다가 웨이팅하는 분들이 많아서 저녁먹으러 왔어요 돼지곱창전골은 처음먹어보는데 냄새도 안나고 곱창도 많아서 맛있게 먹고 갑니당 웨이팅은 30분정도 했어요,98,87,0,0,1,1,0,0,0,5,1,1,2,1,1,1,1,1,1,1,1,1,0,0,3,1,0,0,0,0,0,0,0,1,1,1,0,0,0,0,0,0,1,0,0,0,0,0,0
태양곱창 성수점,ghw****,33,2026.01.03,1번째 방문,영수증,맛있어요!!!!! 꼭 와보시길,16,True,태양곱창,event,ghw****,33,2026.01.03,1번째 방문,영수증,,맛있어요!!!!! 꼭 와보시길,,,0,1,맛있어요 꼭 와보시길,16,11,0,1,0,0,0,0,0,0,0,0,0,0,0,0,0,0,0,0,1,1,0,0,5,1,0,0,1,0,0,0,0,1,0,1,0,0,1,0,1,0,0,0,0,1,1,0,1
태양곱창 성수점,배고파z,1081,2026.01.14,5번째 방문,예약,곱창전골,4,True,태양곱창,event,배고파z,1081,2026.01.14,5번째 방문,예약,,곱창전골,,,0,5,곱창전골,4,4,1,1,0,0,0,0,0,3,1,1,0,0,0,0,0,0,0,0,0,0,0,0,0,0,0,0,0,0,0,0,0,1,1,0,1,0,0,0,0,0,0,0,0,1,0,0,0
태양곱창 성수점,joo****,45,2026.02.26,1번째 방문,영수증,일단 국물이 미쳤구요 양도 많고 곱창이 진짜 너무너무 맛있어용 담에도 또 오고싶어영ㅇ,47,True,태양곱창,event,joo****,45,2026.02.26,1번째 방문,영수증,,일단 국물이 미쳤구요 양도 많고 곱창이 진짜 너무너무 맛있어용 담에도 또 오고싶어영ㅇ,,,0,1,일단 국물이 미쳤구요 양도 많고 곱창이 진짜 너무너무 맛있어용 담에도 또 오고싶어영,47,46,0,0,1,0,2,1,1,1,1,0,0,0,0,0,0,0,0,0,1,1,3,1,0,0,0,0,1,0,0,0,0,1,0,1,0,1,0,0,0,0,0,1,0,0,0,0,0
태양곱창 성수점,쥴리엣요정,89,2025.07.08,1번째 방문,영수증,동생이랑 오랜만에 곱창 전골~^^ 칼칼하니 맛나게 먹고 갑니다~^^ 친절하고 맛나고 깨끗하고 좋네요~^^,58,True,태양곱창,event,쥴리엣요정,89,2025.07.08,1번째 방문,영수증,,동생이랑 오랜만에 곱창 전골~^^ 칼칼하니 맛나게 먹고 갑니다~^^ 친절하고 맛나고 깨끗하고 좋네요~^^,,,0,1,동생이랑 오랜만에 곱창 전골 칼칼하니 맛나게 먹고 갑니다 친절하고 맛나고 깨끗하고 좋네요,58,49,0,0,1,0,1,1,0,2,1,1,1,1,0,0,0,0,0,0,0,0,0,0,0,0,0,0,0,0,0,0,0,1,1,1,0,1,0,0,0,0,1,1,0,0,0,0,0
태양곱창 성수점,kim****,10,2025.11.14,1번째 방문,영수증,양많 ㅣ고 맛잇어요!,11,True,태양곱창,event,kim****,10,2025.11.14,1번째 방문,영수증,,양많 ㅣ고 맛잇어요!,,,0,1,양많 고 맛잇어요,11,9,0,1,0,0,1,1,0,0,0,0,0,0,0,0,0,0,0,0,0,0,0,0,1,0,0,0,0,0,0,0,0,1,0,1,0,0,0,0,0,0,0,0,0,0,0,0,0
태양곱창 성수점,Fhdla,916,2026.01.02,1번째 방문,영수증,매운거 잘못먹는 둘이 갔는데 너무매웠어요ㅠ 근데 잡내 안나고 곱창이 탱글탱글해서 맛은 있긴 했어요,54,True,태양곱창,event,Fhdla,916,2026.01.02,1번째 방문,영수증,,매운거 잘못먹는 둘이 갔는데 너무매웠어요ㅠ 근데 잡내 안나고 곱창이 탱글탱글해서 맛은 있긴 했어요,,,0,1,매운거 잘못먹는 둘이 갔는데 너무매웠어요 근데 잡내 안나고 곱창이 탱글탱글해서 맛은 있긴 했어요,54,53,0,0,1,0,2,1,1,1,1,0,0,0,0,0,0,0,0,0,0,0,1,0,0,0,0,0,0,0,0,0,0,1,1,1,0,1,0,0,0,0,0,1,0,0,0,0,0
태양곱창 성수점,난나24미,42,2025.07.23,1번째 방문,영수증,"기본 반찬이 잘나오고, 매장이 시원하고, 맛있어요!",28,True,태양곱창,event,난나24미,42,2025.07.23,1번째 방문,영수증,,"기본 반찬이 잘나오고, 매장이 시원하고, 맛있어요!",,,0,1,기본 반찬이 잘나오고 매장이 시원하고 맛있어요,28,25,0,1,0,0,0,0,0,0,0,0,1,1,0,0,0,0,0,0,1,1,0,0,1,0,0,0,0,0,0,0,0,1,0,1,0,0,1,0,0,0,1,0,0,0,1,0,0
태양곱창 성수점,채운이96,10,2026.01.27,1번째 방문,영수증,태양곱창 엄청 맛있어요!!,14,True,태양곱창,event,채운이96,10,2026.01.27,1번째 방문,영수증,,태양곱창 엄청 맛있어요!!,,,0,1,태양곱창 엄청 맛있어요,14,12,0,1,0,0,1,1,0,1,1,0,0,0,0,0,0,0,0,0,1,1,1,0,2,0,0,0,0,0,0,0,0,1,0,1,0,1,1,0,0,0,0,0,0,0,0,0,0
태양곱창 성수점,홍진용22,36,2025.08.30,1번째 방문,영수증,그냥 그렇지만 분위기로 오는 곳~~야곱 양 많음 후우,29,True,태양곱창,event,홍진용22,36,2025.08.30,1번째 방문,영수증,,그냥 그렇지만 분위기로 오는 곳~~야곱 양 많음 후우,,,0,1,그냥 그렇지만 분위기로 오는 곳 야곱 양 많음 후우,29,28,0,1,0,0,1,1,0,1,1,0,1,1,0,0,0,0,0,0,0,0,0,0,0,0,0,0,0,0,0,0,0,1,0,1,0,1,0,0,0,0,1,0,0,0,0,0,0
태양곱창 성수점,현2444,94,2026.03.08,1번째 방문,영수증,배달로 시켜봤엇는데 매장에서 먹으니 더맛잇어요!!,27,True,태양곱창,event,현2444,94,2026.03.08,1번째 방문,영수증,,배달로 시켜봤엇는데 매장에서 먹으니 더맛잇어요!!,,,0,1,배달로 시켜봤엇는데 매장에서 먹으니 더맛잇어요,27,25,0,1,0,0,0,0,0,0,0,0,1,1,0,0,0,0,0,0,0,0,0,0,2,0,0,0,0,0,0,0,0,1,1,1,0,0,0,0,0,0,1,0,0,0,0,0,0
태양곱창 성수점,내돈내산 솔직후기,1203,2025.07.07,1번째 방문,영수증,"난 그냥 그랬음 보통..!!멀어서 재방문의사는..ㅠㅠ 연예인이 추천해준 맛집..? 연예인이 온 맛집..? 무튼 친구가 ㅇㅇㅈ님이 오셨다구 유명하다해서 친구동네 간김에 저녁먹으러 갔는데 종이컵,접시에 다 뭐가 묻어있고 직원도 친절하다고 느끼지못했고 맛도 특출나지않음 그냥 어디서든 먹을 수 있는맛..!!! 양이 많아서 배부르게 먹고 2차갔당",189,True,태양곱창,event,내돈내산 솔직후기,1203,2025.07.07,1번째 방문,영수증,,"난 그냥 그랬음 보통..!!멀어서 재방문의사는..ㅠㅠ 연예인이 추천해준 맛집..? 연예인이 온 맛집..? 무튼 친구가 ㅇㅇㅈ님이 오셨다구 유명하다해서 친구동네 간김에 저녁먹으러 갔는데 종이컵,접시에 다 뭐가 묻어있고 직원도 친절하다고 느끼지못했고 맛도 특출나지않음 그냥 어디서든 먹을 수 있는맛..!!! 양이 많아서 배부르게 먹고 2차갔당",,,0,1,난 그냥 그랬음 보통 멀어서 재방문의사는 연예인이 추천해준 맛집 연예인이 온 맛집 무튼 친구가 님이 오셨다구 유명하다해서 친구동네 간김에 저녁먹으러 갔는데 종이컵 접시에 다 뭐가 묻어있고 직원도 친절하다고 느끼지못했고 맛도 특출나지않음 그냥 어디서든 먹을 수 있는맛 양이 많아서 배부르게 먹고 2차갔당,189,168,0,0,1,1,2,1,1,0,0,0,2,1,1,4,1,1,1,1,3,1,0,0,5,1,0,0,1,1,1,0,0,1,1,1,0,0,0,0,0,0,1,0,1,0,0,0,0
태양곱창 성수점,kat****,21,2026.03.15,1번째 방문,영수증,양이 많아요! 기본맛 야채곱창인데도 약간 매콤해요. 콘치즈 아주 맛있어요!,41,True,태양곱창,event,kat****,21,2026.03.15,1번째 방문,영수증,,양이 많아요! 기본맛 야채곱창인데도 약간 매콤해요. 콘치즈 아주 맛있어요!,,,0,1,양이 많아요 기본맛 야채곱창인데도 약간 매콤해요 콘치즈 아주 맛있어요,41,38,0,0,1,0,2,1,1,3,1,1,0,0,0,0,0,0,0,0,1,1,0,0,2,0,0,0,0,0,0,0,0,1,0,1,0,1,0,0,0,0,0,1,0,0,0,0,0
태양곱창 성수점,디연,104,2026.02.21,1번째 방문,영수증,너무 맛있습니당… 성수에 사람많은데 밥집으로 추천해용,29,True,태양곱창,event,디연,104,2026.02.21,1번째 방문,영수증,,너무 맛있습니당… 성수에 사람많은데 밥집으로 추천해용,,,0,1,너무 맛있습니당 성수에 사람많은데 밥집으로 추천해용,29,28,0,1,0,0,0,0,0,0,0,0,0,0,0,0,0,0,0,0,2,1,1,0,0,0,0,0,0,0,0,0,0,1,1,1,0,0,1,0,1,0,0,0,0,1,1,0,1
태양곱창 성수점,쮸하이,30,2026.01.08,1번째 방문,영수증,양도 많고 술 안시키려다가 결귝 소주시켯읍니다 호호호,29,True,태양곱창,event,쮸하이,30,2026.01.08,1번째 방문,영수증,,양도 많고 술 안시키려다가 결귝 소주시켯읍니다 호호호,,,0,1,양도 많고 술 안시키려다가 결귝 소주시켯읍니다 호호호,29,29,0,1,0,0,1,1,0,0,0,0,0,0,0,0,0,0,0,0,0,0,0,0,0,0,0,0,0,0,0,0,0,1,0,1,0,0,0,0,0,0,0,0,0,0,0,0,0
태양곱창 성수점,예히이2,103,2025.11.05,1번째 방문,영수증,맛있어요???? 친절하세요!!,14,True,태양곱창,event,예히이2,103,2025.11.05,1번째 방문,영수증,,맛있어요???? 친절하세요!!,,,0,1,맛있어요 친절하세요,16,10,0,1,0,0,0,0,0,0,0,0,1,1,0,0,0,0,0,0,1,1,0,0,2,0,0,0,0,0,0,0,0,1,1,1,0,0,1,0,0,0,1,0,0,0,1,0,0
태양곱창 성수점,닉멀로할까,2424,2025.07.31,1번째 방문,영수증,국물 얼큰하고 곱창도 많아요 볶음밥은 좀 짜요 근데 머리카락 나오고 그냥 그럴수 있지하고 그냥 먹었는데 벌레까지 나와서 입맛 뚝 떨.. 위생 에 좀 신경 써 주세요,91,True,태양곱창,event,닉멀로할까,2424,2025.07.31,1번째 방문,영수증,,국물 얼큰하고 곱창도 많아요 볶음밥은 좀 짜요 근데 머리카락 나오고 그냥 그럴수 있지하고 그냥 먹었는데 벌레까지 나와서 입맛 뚝 떨.. 위생 에 좀 신경 써 주세요,,,0,1,국물 얼큰하고 곱창도 많아요 볶음밥은 좀 짜요 근데 머리카락 나오고 그냥 그럴수 있지하고 그냥 먹었는데 벌레까지 나와서 입맛 뚝 떨 위생 에 좀 신경 써 주세요,91,89,0,0,1,1,2,1,1,2,1,1,0,0,0,0,0,0,0,0,0,0,0,0,0,0,0,0,0,0,0,0,0,1,1,1,0,1,0,0,0,0,0,1,0,0,0,0,0
태양곱창 성수점,임금빈,27,2026.01.02,1번째 방문,영수증,"곱창이 잡내 없이 깔끔하고 쫄깃해서 먹는 내내 만족스러웠어요. 국물은 얼큰하면서도 깊은 맛이 나서 술안주로도, 식사로도 잘 어울립니다. 야채도 넉넉하게 들어가 있어서 마지막까지 질리지 않았고, 볶음밥까지 마무리로 딱이었어요. 재방문 의사 있습니다.",138,True,태양곱창,event,임금빈,27,2026.01.02,1번째 방문,영수증,,"곱창이 잡내 없이 깔끔하고 쫄깃해서 먹는 내내 만족스러웠어요. 국물은 얼큰하면서도 깊은 맛이 나서 술안주로도, 식사로도 잘 어울립니다. 야채도 넉넉하게 들어가 있어서 마지막까지 질리지 않았고, 볶음밥까지 마무리로 딱이었어요. 재방문 의사 있습니다.",,,0,1,곱창이 잡내 없이 깔끔하고 쫄깃해서 먹는 내내 만족스러웠어요 국물은 얼큰하면서도 깊은 맛이 나서 술안주로도 식사로도 잘 어울립니다 야채도 넉넉하게 들어가 있어서 마지막까지 질리지 않았고 볶음밥까지 마무리로 딱이었어요 재방문 의사 있습니다,138,132,0,0,1,1,4,1,1,2,1,1,0,0,0,0,0,0,0,0,0,0,0,0,0,0,0,0,0,1,1,0,0,1,0,1,0,1,0,0,0,0,0,1,0,0,0,0,0
태양곱창 성수점,VividK,43,2025.11.15,1번째 방문,영수증,맛있어요 줄 엄청서네여,12,True,태양곱창,event,VividK,43,2025.11.15,1번째 방문,영수증,,맛있어요 줄 엄청서네여,,,0,1,맛있어요 줄 엄청서네여,12,12,0,1,0,0,0,0,0,0,0,0,0,0,0,0,0,0,0,0,1,1,1,0,0,0,0,0,0,0,0,0,0,1,0,1,0,0,1,0,1,0,0,0,0,1,1,0,1
태양곱창 성수점,wan****,6,2026.02.07,1번째 방문,영수증,직원분들도 친절하시고 양두 많고 맛있어용,22,True,태양곱창,event,wan****,6,2026.02.07,1번째 방문,영수증,,직원분들도 친절하시고 양두 많고 맛있어용,,,0,1,직원분들도 친절하시고 양두 많고 맛있어용,22,22,0,1,0,0,1,1,0,0,0,0,2,1,1,0,0,0,0,0,1,1,0,0,0,0,0,0,0,0,0,0,0,0,0,1,0,0,1,0,0,0,1,0,0,0,0,0,0
태양곱창 성수점,hj****,27,2025.11.15,1번째 방문,영수증,항상 지나가면서 먹고싶었던 곳인데 넘 맛있었어요????? 곱창도 맛있고 직원분도 친절하셔서 다음에도 또 이용할 것 같아요~,66,True,태양곱창,event,hj****,27,2025.11.15,1번째 방문,영수증,,항상 지나가면서 먹고싶었던 곳인데 넘 맛있었어요????? 곱창도 맛있고 직원분도 친절하셔서 다음에도 또 이용할 것 같아요~,,,0,1,항상 지나가면서 먹고싶었던 곳인데 넘 맛있었어요 곱창도 맛있고 직원분도 친절하셔서 다음에도 또 이용할 것 같아요,68,62,0,0,1,1,0,0,0,1,1,0,2,1,1,0,0,0,0,0,3,1,0,0,0,0,0,0,0,0,0,0,0,1,0,1,0,0,0,0,0,0,1,0,0,0,0,0,0
태양곱창 성수점,스리랑카민주사회주의공화국,34,2025.12.20,1번째 방문,영수증,끌려왔어요 친구가 엄청 맛있대요 많이 먹으렴,24,True,태양곱창,event,스리랑카민주사회주의공화국,34,2025.12.20,1번째 방문,영수증,,끌려왔어요 친구가 엄청 맛있대요 많이 먹으렴,,,0,1,끌려왔어요 친구가 엄청 맛있대요 많이 먹으렴,24,24,0,1,0,0,0,0,0,0,0,0,0,0,0,1,1,0,0,0,1,1,1,0,0,0,0,0,0,0,0,0,0,1,0,1,0,0,1,0,0,0,1,0,0,0,1,0,0
태양곱창 성수점,오이박77,21,2026.03.28,1번째 방문,영수증,양도 많고 맛있어요,10,True,태양곱창,event,오이박77,21,2026.03.28,1번째 방문,영수증,,양도 많고 맛있어요,,,0,1,양도 많고 맛있어요,10,10,0,1,0,0,1,1,0,0,0,0,0,0,0,0,0,0,0,0,1,1,0,0,0,0,0,0,0,0,0,0,0,1,0,1,0,0,1,0,0,0,0,0,0,0,0,0,0
태양곱창 성수점,하이루용1,9,2025.12.27,1번째 방문,영수증,길가다 아무생각없이 들어왔는데 이렇게까지 맛집일줄은 몰랐어요 너무너무 잘 먹고 가요!! 가게 깨끗하고 전부 친절하세요!,66,True,태양곱창,event,하이루용1,9,2025.12.27,1번째 방문,영수증,,길가다 아무생각없이 들어왔는데 이렇게까지 맛집일줄은 몰랐어요 너무너무 잘 먹고 가요!! 가게 깨끗하고 전부 친절하세요!,,,0,1,길가다 아무생각없이 들어왔는데 이렇게까지 맛집일줄은 몰랐어요 너무너무 잘 먹고 가요 가게 깨끗하고 전부 친절하세요,66,63,0,0,1,1,0,0,0,0,0,0,1,1,0,0,0,0,0,0,1,1,2,0,3,1,0,0,1,0,0,0,0,0,0,1,0,0,0,0,0,0,1,0,0,0,0,0,0
태양곱창 성수점,dng****,43,2026.01.24,1번째 방문,영수증,첨 먹어보는데 매콤하고 맛있어요!! 다음에 또 방문할께요,31,True,태양곱창,event,dng****,43,2026.01.24,1번째 방문,영수증,,첨 먹어보는데 매콤하고 맛있어요!! 다음에 또 방문할께요,,,0,1,첨 먹어보는데 매콤하고 맛있어요 다음에 또 방문할께요,31,29,0,0,1,0,1,1,0,0,0,0,0,0,0,0,0,0,0,0,1,1,0,0,2,0,0,0,0,1,1,0,0,1,0,1,0,0,0,0,0,0,0,0,0,0,0,0,0
태양곱창 성수점,lee****,28,2026.03.04,1번째 방문,영수증,양 많고 맛있어요!!,11,True,태양곱창,event,lee****,28,2026.03.04,1번째 방문,영수증,,양 많고 맛있어요!!,,,0,1,양 많고 맛있어요,11,9,0,1,0,0,1,1,0,0,0,0,0,0,0,0,0,0,0,0,1,1,0,0,2,0,0,0,0,0,0,0,0,1,0,1,0,0,1,0,0,0,0,0,0,0,0,0,0
태양곱창 성수점,tom****,41,2026.05.05,1번째 방문,영수증,넘 맛있어요 !ㅎㅎ,10,True,태양곱창,event,tom****,41,2026.05.05,1번째 방문,영수증,,넘 맛있어요 !ㅎㅎ,,,0,1,넘 맛있어요,10,6,0,1,0,0,0,0,0,0,0,0,0,0,0,0,0,0,0,0,2,1,0,0,1,0,0,0,0,0,0,0,0,1,0,1,0,0,1,0,1,0,0,0,0,1,1,0,1
태양곱창 성수점,강산0,23,2025.11.04,1번째 방문,영수증,양도 많고 정말 맛있네요 치즈 추가 꼭 하세요,25,True,태양곱창,event,강산0,23,2025.11.04,1번째 방문,영수증,,양도 많고 정말 맛있네요 치즈 추가 꼭 하세요,,,0,1,양도 많고 정말 맛있네요 치즈 추가 꼭 하세요,25,25,0,1,0,0,1,1,0,0,0,0,0,0,0,0,0,0,0,0,1,1,0,0,0,0,0,0,0,0,0,0,0,1,0,1,0,0,1,0,0,0,0,0,0,0,0,0,0
태양곱창 성수점,ssong4187,130,2025.12.14,1번째 방문,영수증,성수 맛집 태양곱창 !!! 일요일 저녁 9시 넘어서 오니 웨이팅 없이 바로 입장했어요 요즘 같이 추운 날에 곱전 최고에요 ㅜㅜ,70,True,태양곱창,event,ssong4187,130,2025.12.14,1번째 방문,영수증,,성수 맛집 태양곱창 !!! 일요일 저녁 9시 넘어서 오니 웨이팅 없이 바로 입장했어요 요즘 같이 추운 날에 곱전 최고에요 ㅜㅜ,,,0,1,성수 맛집 태양곱창 일요일 저녁 9시 넘어서 오니 웨이팅 없이 바로 입장했어요 요즘 같이 추운 날에 곱전 최고에요,70,63,0,0,1,1,1,1,0,1,1,0,1,1,0,2,1,1,1,1,3,1,0,0,3,1,0,0,0,0,0,0,0,1,1,1,0,1,0,0,0,0,1,1,0,0,0,0,0
태양곱창 성수점,래빗2,19,2025.10.25,1번째 방문,영수증,갈비양념 곱창 막창구이 성수돌다가 우연히 들어왔는데 맛있게 먹고 갑니다~,40,True,태양곱창,event,래빗2,19,2025.10.25,1번째 방문,영수증,,갈비양념 곱창 막창구이 성수돌다가 우연히 들어왔는데 맛있게 먹고 갑니다~,,,0,1,갈비양념 곱창 막창구이 성수돌다가 우연히 들어왔는데 맛있게 먹고 갑니다,40,39,0,0,1,0,1,1,0,1,1,0,0,0,0,0,0,0,0,0,1,1,0,0,0,0,0,0,0,0,0,0,0,1,0,1,0,1,0,0,0,0,0,1,0,0,0,0,0
태양곱창 성수점,얌냠얌냠25,9,2025.11.15,1번째 방문,영수증,유명한데는 이유가있네요 빨리 나오고 맛있어요,24,True,태양곱창,event,얌냠얌냠25,9,2025.11.15,1번째 방문,영수증,,유명한데는 이유가있네요 빨리 나오고 맛있어요,,,0,1,유명한데는 이유가있네요 빨리 나오고 맛있어요,24,24,0,1,0,0,0,0,0,0,0,0,0,0,0,0,0,0,0,0,1,1,0,0,0,0,0,0,0,0,0,0,0,0,0,1,0,0,1,0,1,0,0,0,0,1,1,0,1
태양곱창 성수점,EJ9961,31,2026.02.21,1번째 방문,영수증,굿,1,True,태양곱창,event,EJ9961,31,2026.02.21,1번째 방문,영수증,,굿,,,0,1,굿,1,1,1,1,0,0,0,0,0,0,0,0,0,0,0,0,0,0,0,0,0,0,0,0,0,0,0,0,0,0,0,0,0,1,0,1,0,0,0,0,0,0,0,0,0,1,0,0,1
태양곱창 성수점,뿌꾸아빵,41,2025.08.30,1번째 방문,영수증,곱찹국밥 먹어봤어요. 누린내하나도안나고 굉장히 깔끔하게 맛있네요!! 곱창 양도 엄청 많았어요!!,53,True,태양곱창,event,뿌꾸아빵,41,2025.08.30,1번째 방문,영수증,,곱찹국밥 먹어봤어요. 누린내하나도안나고 굉장히 깔끔하게 맛있네요!! 곱창 양도 엄청 많았어요!!,,,0,1,곱찹국밥 먹어봤어요 누린내하나도안나고 굉장히 깔끔하게 맛있네요 곱창 양도 엄청 많았어요,53,48,0,0,1,0,1,1,0,1,1,0,0,0,0,0,0,0,0,0,1,1,1,0,4,1,0,0,0,0,0,0,0,1,0,1,0,1,0,0,0,0,0,1,0,0,0,0,0
태양곱창 성수점,gs****,32,2025.08.07,1번째 방문,영수증,인스타에 마라 야채곱창이 있다고 해서 직접 방문했어용-! 짭조름하게 마라맛이 나는거 같아 호기심에 한번 먹기 좋은거같아용-!????담에는 곱창전골을 도전하러 오고 싶어용 양많고 기본적인야채 곱창 베이스에 나와서 더 좋아용 ??,123,True,태양곱창,event,gs****,32,2025.08.07,1번째 방문,영수증,,인스타에 마라 야채곱창이 있다고 해서 직접 방문했어용-! 짭조름하게 마라맛이 나는거 같아 호기심에 한번 먹기 좋은거같아용-!????담에는 곱창전골을 도전하러 오고 싶어용 양많고 기본적인야채 곱창 베이스에 나와서 더 좋아용 ??,,,0,1,인스타에 마라 야채곱창이 있다고 해서 직접 방문했어용 짭조름하게 마라맛이 나는거 같아 호기심에 한번 먹기 좋은거같아용 담에는 곱창전골을 도전하러 오고 싶어용 양많고 기본적인야채 곱창 베이스에 나와서 더 좋아용,126,116,0,0,1,1,1,1,0,6,1,1,0,0,0,0,0,0,0,0,0,0,0,0,2,0,1,1,0,0,0,0,0,1,0,1,0,1,0,0,0,0,0,1,0,0,0,1,0
태양곱창 성수점,min****,16,2025.09.28,1번째 방문,영수증,양도 너무 많으고 맛도 너무 맛있었습니다. 다음에 또 올려구요~ㅎㅎ ???? 직원분들도 친절하시고 넘 좋습니다 !,61,True,태양곱창,event,min****,16,2025.09.28,1번째 방문,영수증,,양도 너무 많으고 맛도 너무 맛있었습니다. 다음에 또 올려구요~ㅎㅎ ???? 직원분들도 친절하시고 넘 좋습니다 !,,,0,1,양도 너무 많으고 맛도 너무 맛있었습니다 다음에 또 올려구요 직원분들도 친절하시고 넘 좋습니다,63,52,0,0,1,1,1,1,0,0,0,0,2,1,1,0,0,0,0,0,2,1,2,0,1,0,0,0,0,0,0,0,0,1,0,1,0,0,0,0,0,0,1,0,0,0,0,0,0
태양곱창 성수점,두디두다다다,16,2026.01.30,1번째 방문,영수증,굿둣굿맛나용용용용,9,True,태양곱창,event,두디두다다다,16,2026.01.30,1번째 방문,영수증,,굿둣굿맛나용용용용,,,0,1,굿둣굿맛나용용용용,9,9,1,1,0,0,0,0,0,0,0,0,0,0,0,0,0,0,0,0,0,0,0,0,0,0,0,0,0,0,0,0,0,1,0,1,0,0,0,0,0,0,0,0,0,1,0,0,1
태양곱창 성수점,박가영7513,15,2026.03.14,1번째 방문,영수증,너무 마싯어요 양도 엄청 많고!! 최고입니당,24,True,태양곱창,event,박가영7513,15,2026.03.14,1번째 방문,영수증,,너무 마싯어요 양도 엄청 많고!! 최고입니당,,,0,1,너무 마싯어요 양도 엄청 많고 최고입니당,24,22,0,1,0,0,1,1,0,0,0,0,0,0,0,0,0,0,0,0,1,1,2,0,2,0,0,0,0,0,0,0,0,1,0,1,0,0,1,0,0,0,0,0,0,0,0,0,0
태양곱창 성수점,kkssjjddd,24,2025.11.08,1번째 방문,영수증,곱창 못먹는데 너므 맛잇어용???????????? 또 오께용??,28,True,태양곱창,event,kkssjjddd,24,2025.11.08,1번째 방문,영수증,,곱창 못먹는데 너므 맛잇어용???????????? 또 오께용??,,,0,1,곱창 못먹는데 너므 맛잇어용 또 오께용,35,21,0,0,1,0,0,0,0,1,1,0,0,0,0,0,0,0,0,0,0,0,0,0,0,0,0,0,0,0,0,0,0,1,0,1,0,0,0,0,0,0,0,0,0,0,0,0,0
태양곱창 성수점,아쥬탱이,1216,2025.09.21,1번째 방문,영수증,진짜 맛있어요 기본맛도 조금 매콥해서 먹기 좋구요 당면추가는 필수! 다음에 또 오고싶은 맛이랍니다??,55,True,태양곱창,event,아쥬탱이,1216,2025.09.21,1번째 방문,영수증,,진짜 맛있어요 기본맛도 조금 매콥해서 먹기 좋구요 당면추가는 필수! 다음에 또 오고싶은 맛이랍니다??,,,0,1,진짜 맛있어요 기본맛도 조금 매콥해서 먹기 좋구요 당면추가는 필수 다음에 또 오고싶은 맛이랍니다,56,53,0,0,1,0,0,0,0,0,0,0,0,0,0,0,0,0,0,0,1,1,1,0,1,0,0,0,1,0,0,0,0,1,1,1,0,0,0,0,1,0,0,0,0,0,0,0,0
태양곱창 성수점,녹차에몽99,39,2025.09.26,1번째 방문,영수증,마라 냄새 제대로에요!! 금요일 저녁 웨이팅 20분 정도 기다렸어요 최고????,42,True,태양곱창,event,녹차에몽99,39,2025.09.26,1번째 방문,영수증,,마라 냄새 제대로에요!! 금요일 저녁 웨이팅 20분 정도 기다렸어요 최고????,,,0,1,마라 냄새 제대로에요 금요일 저녁 웨이팅 20분 정도 기다렸어요 최고,44,38,0,0,1,0,0,0,0,0,0,0,1,1,0,2,1,1,1,1,1,1,0,0,2,0,0,0,0,0,0,0,0,1,0,1,0,0,0,0,0,0,1,0,0,0,0,0,0
태양곱창 성수점,너님66,21,2026.01.01,1번째 방문,영수증,예상보다 더 매워서 그런지 너무 맛있습니다! 그리고 꼭 곱창에 치즈 추가해서 먹어보세요!!,50,True,태양곱창,event,너님66,21,2026.01.01,1번째 방문,영수증,,예상보다 더 매워서 그런지 너무 맛있습니다! 그리고 꼭 곱창에 치즈 추가해서 먹어보세요!!,,,0,1,예상보다 더 매워서 그런지 너무 맛있습니다 그리고 꼭 곱창에 치즈 추가해서 먹어보세요,50,47,0,0,1,0,0,0,0,1,1,0,0,0,0,0,0,0,0,0,1,1,1,0,3,1,0,0,0,0,0,0,0,1,0,1,0,0,0,0,1,1,0,0,0,0,0,0,0
태양곱창 성수점,juh****,428,2025.11.29,1번째 방문,영수증,양이 많고 맛있어서 너무 좋아요!!,19,True,태양곱창,event,juh****,428,2025.11.29,1번째 방문,영수증,,양이 많고 맛있어서 너무 좋아요!!,,,0,1,양이 많고 맛있어서 너무 좋아요,19,17,0,1,0,0,1,1,0,0,0,0,0,0,0,0,0,0,0,0,2,1,1,0,2,0,0,0,0,0,0,0,0,1,1,1,0,0,1,0,0,0,0,0,0,0,0,0,0
태양곱창 성수점,mym****,41,2026.02.02,1번째 방문,영수증,태양곱창 성수점 방문 후기 돼지곱창전골에 당면 추가해서 먹었는데 국물 진하고 곱창 잡내 없이 깔끔해서 너무 맛있었어요. 곱창도 푸짐하게 들어 있어서 마지막까지 만족 ?? 치즈감자전은 겉바속촉에 치즈 듬뿍이라 전골이랑 같이 먹기 딱 좋았고요. 전체적으로 양도 넉넉하고 맛도 좋아서 재방문 의사 있습니다. 성수 곱창 맛집 인정!,180,True,태양곱창,event,mym****,41,2026.02.02,1번째 방문,영수증,,태양곱창 성수점 방문 후기 돼지곱창전골에 당면 추가해서 먹었는데 국물 진하고 곱창 잡내 없이 깔끔해서 너무 맛있었어요. 곱창도 푸짐하게 들어 있어서 마지막까지 만족 ?? 치즈감자전은 겉바속촉에 치즈 듬뿍이라 전골이랑 같이 먹기 딱 좋았고요. 전체적으로 양도 넉넉하고 맛도 좋아서 재방문 의사 있습니다. 성수 곱창 맛집 인정!,,,0,1,태양곱창 성수점 방문 후기 돼지곱창전골에 당면 추가해서 먹었는데 국물 진하고 곱창 잡내 없이 깔끔해서 너무 맛있었어요 곱창도 푸짐하게 들어 있어서 마지막까지 만족 치즈감자전은 겉바속촉에 치즈 듬뿍이라 전골이랑 같이 먹기 딱 좋았고요 전체적으로 양도 넉넉하고 맛도 좋아서 재방문 의사 있습니다 성수 곱창 맛집 인정,181,174,0,0,1,1,6,1,1,11,1,1,0,0,0,0,0,0,0,0,2,1,1,0,1,0,0,0,0,1,1,0,0,1,0,1,0,1,0,0,0,0,0,1,0,0,0,0,0
태양곱창 성수점,하양아,98,2026.01.31,1번째 방문,영수증,국물은 진득하니 맛있는데 냄새때문에 호불호는 있을듯여 ㅎ,31,True,태양곱창,event,하양아,98,2026.01.31,1번째 방문,영수증,,국물은 진득하니 맛있는데 냄새때문에 호불호는 있을듯여 ㅎ,,,0,1,국물은 진득하니 맛있는데 냄새때문에 호불호는 있을듯여,31,29,0,0,1,0,1,1,0,0,0,0,0,0,0,0,0,0,0,0,1,1,0,0,0,0,0,0,0,0,0,0,0,1,1,1,0,0,0,0,0,0,0,0,0,0,0,0,0
태양곱창 성수점,dan****,4,2026.05.05,1번째 방문,영수증,양도 많고 너무 맛있어욤,13,True,태양곱창,event,dan****,4,2026.05.05,1번째 방문,영수증,,양도 많고 너무 맛있어욤,,,0,1,양도 많고 너무 맛있어욤,13,13,0,1,0,0,1,1,0,0,0,0,0,0,0,0,0,0,0,0,1,1,1,0,0,0,0,0,0,0,0,0,1,0,0,1,0,0,1,0,0,0,0,0,0,0,0,0,0
태양곱창 성수점,흐하하하하하하6,36,2025.08.22,1번째 방문,영수증,와이프와 방문했습니다. 곱창전골 두 번째 경험-! 맛있다고 하네요^^ 저도 맛있게 잘 먹었습니다! 기회가 된다면 재방문을...!!!!!,75,True,태양곱창,event,흐하하하하하하6,36,2025.08.22,1번째 방문,영수증,,와이프와 방문했습니다. 곱창전골 두 번째 경험-! 맛있다고 하네요^^ 저도 맛있게 잘 먹었습니다! 기회가 된다면 재방문을...!!!!!,,,0,1,와이프와 방문했습니다 곱창전골 두 번째 경험 맛있다고 하네요 저도 맛있게 잘 먹었습니다 기회가 된다면 재방문을,75,61,0,0,1,1,0,0,0,3,1,1,0,0,0,0,0,0,0,0,2,1,0,0,7,1,0,0,0,1,1,0,0,1,0,1,0,0,0,0,1,1,0,0,0,0,0,0,0
태양곱창 성수점,cho****,41,2025.08.12,1번째 방문,영수증,예전에 인스타에서 보고 너무 맛있게 생겨서 와야지와야지 하다기 드디어 왔는데 너무 맛있어요ㅠㅠ 다음에 또 올게요 엉엉????????,69,True,태양곱창,event,cho****,41,2025.08.12,1번째 방문,영수증,,예전에 인스타에서 보고 너무 맛있게 생겨서 와야지와야지 하다기 드디어 왔는데 너무 맛있어요ㅠㅠ 다음에 또 올게요 엉엉????????,,,0,1,예전에 인스타에서 보고 너무 맛있게 생겨서 와야지와야지 하다기 드디어 왔는데 너무 맛있어요 다음에 또 올게요 엉엉,73,63,0,0,1,1,0,0,0,0,0,0,0,0,0,0,0,0,0,0,2,1,2,0,0,0,1,1,0,1,1,0,0,1,0,1,0,0,0,0,1,0,0,0,0,0,0,1,0
태양곱창 성수점,만60,31,2025.10.30,1번째 방문,영수증,너무맛있어요!!!!!!!,13,True,태양곱창,event,만60,31,2025.10.30,1번째 방문,영수증,,너무맛있어요!!!!!!!,,,0,1,너무맛있어요,13,6,0,1,0,0,0,0,0,0,0,0,0,0,0,0,0,0,0,0,1,1,1,0,7,1,0,0,0,0,0,0,0,1,0,1,0,0,1,0,1,0,0,0,0,1,1,0,1
태양곱창 성수점,마번포,200,2025.08.30,1번째 방문,영수증,주말이라 그런지 웨이팅은 좀 있었는데 곱창전골 맛있게 먹었어요 볶음밥도 추가했고요,45,True,태양곱창,event,마번포,200,2025.08.30,1번째 방문,영수증,,주말이라 그런지 웨이팅은 좀 있었는데 곱창전골 맛있게 먹었어요 볶음밥도 추가했고요,,,0,1,주말이라 그런지 웨이팅은 좀 있었는데 곱창전골 맛있게 먹었어요 볶음밥도 추가했고요,45,45,0,0,1,0,0,0,0,4,1,1,1,1,0,1,1,0,0,0,1,1,0,0,0,0,0,0,0,0,0,0,0,1,1,1,0,0,0,0,0,0,1,0,0,0,0,0,0
태양곱창 성수점,듀듀뷰뷰,108,2026.04.05,1번째 방문,영수증,콘서트가기전최고의선택. 마힛어서 호다닥 먹엇어요….,28,True,태양곱창,event,듀듀뷰뷰,108,2026.04.05,1번째 방문,영수증,,콘서트가기전최고의선택. 마힛어서 호다닥 먹엇어요….,,,0,1,콘서트가기전최고의선택 마힛어서 호다닥 먹엇어요,28,25,0,1,0,0,0,0,0,0,0,0,0,0,0,0,0,0,0,0,1,1,0,0,0,0,0,0,0,0,0,0,0,1,1,1,0,0,1,0,1,0,0,0,0,1,1,0,1
태양곱창 성수점,송파방아깨비,432,2025.11.22,1번째 방문,영수증,양이 많고 맛있어요~~~!!,15,True,태양곱창,event,송파방아깨비,432,2025.11.22,1번째 방문,영수증,,양이 많고 맛있어요~~~!!,,,0,1,양이 많고 맛있어요,15,10,0,1,0,0,1,1,0,0,0,0,0,0,0,0,0,0,0,0,1,1,0,0,2,0,0,0,0,0,0,0,0,1,1,1,0,0,1,0,0,0,0,0,0,0,0,0,0
태양곱창 성수점,짱구맹구훈이,26,2025.10.25,1번째 방문,영수증,곱창 잡내도 안 나고 부드러워요. 반찬들도 다 맛있어서 다음에 성수 오면 또 올 것 같아요!!,52,True,태양곱창,event,짱구맹구훈이,26,2025.10.25,1번째 방문,영수증,,곱창 잡내도 안 나고 부드러워요. 반찬들도 다 맛있어서 다음에 성수 오면 또 올 것 같아요!!,,,0,1,곱창 잡내도 안 나고 부드러워요 반찬들도 다 맛있어서 다음에 성수 오면 또 올 것 같아요,52,49,0,0,1,0,2,1,1,1,1,0,0,0,0,0,0,0,0,0,1,1,0,0,2,0,0,0,0,0,0,0,0,1,0,1,0,1,0,0,0,0,0,1,0,0,0,0,0
태양곱창 성수점,이재민91,9,2026.01.04,1번째 방문,영수증,맛있어요 !,6,True,태양곱창,event,이재민91,9,2026.01.04,1번째 방문,영수증,,맛있어요 !,,,0,1,맛있어요,6,4,1,1,0,0,0,0,0,0,0,0,0,0,0,0,0,0,0,0,1,1,0,0,1,0,0,0,0,0,0,0,0,0,0,1,0,0,1,1,1,0,0,0,0,1,1,0,1
태양곱창 성수점,rla****,7,2026.01.08,1번째 방문,영수증,국물이 맛있어서 정신없이 먹었네요 맵기조절이 안되는건 아쉬워요 ㅠ 잘 먹고갑니다!,45,True,태양곱창,event,rla****,7,2026.01.08,1번째 방문,영수증,,국물이 맛있어서 정신없이 먹었네요 맵기조절이 안되는건 아쉬워요 ㅠ 잘 먹고갑니다!,,,0,1,국물이 맛있어서 정신없이 먹었네요 맵기조절이 안되는건 아쉬워요 잘 먹고갑니다,45,42,0,0,1,0,1,1,0,0,0,0,0,0,0,0,0,0,0,0,1,1,0,0,1,0,0,0,0,0,0,0,0,0,0,1,0,0,0,0,0,0,0,0,0,0,0,0,0
태양곱창 성수점,kidee,4,2026.02.15,1번째 방문,영수증,너무 맛있어요! 양도 엄청 푸짐하고 직원분들도 다들 친절하세요 맛있어서 다음에는 전골도 먹어보고 싶어요,57,True,태양곱창,event,kidee,4,2026.02.15,1번째 방문,영수증,,너무 맛있어요! 양도 엄청 푸짐하고 직원분들도 다들 친절하세요 맛있어서 다음에는 전골도 먹어보고 싶어요,,,0,1,너무 맛있어요 양도 엄청 푸짐하고 직원분들도 다들 친절하세요 맛있어서 다음에는 전골도 먹어보고 싶어요,57,56,0,0,1,0,2,1,1,1,1,0,2,1,1,0,0,0,0,0,2,1,2,0,1,0,0,0,0,0,0,0,1,0,0,1,0,1,0,0,0,0,1,1,0,0,0,0,0
태양곱창 성수점,syr****,6,2026.04.13,1번째 방문,영수증,야채곱창은 아는 맛이고 곱창구이 짱 맛있어요,24,True,태양곱창,event,syr****,6,2026.04.13,1번째 방문,영수증,,야채곱창은 아는 맛이고 곱창구이 짱 맛있어요,,,0,1,야채곱창은 아는 맛이고 곱창구이 짱 맛있어요,24,24,0,1,0,0,0,0,0,3,1,1,0,0,0,0,0,0,0,0,1,1,1,0,0,0,0,0,0,0,0,0,0,0,0,1,0,0,1,0,1,1,0,0,0,1,1,0,1
태양곱창 성수점,bbmm,47,2025.10.26,1번째 방문,영수증,첨먹어봤ㅅ는데 맛있네용??,14,True,태양곱창,event,bbmm,47,2025.10.26,1번째 방문,영수증,,첨먹어봤ㅅ는데 맛있네용??,,,0,1,첨먹어봤 는데 맛있네용,14,12,0,1,0,0,0,0,0,0,0,0,0,0,0,0,0,0,0,0,1,1,0,0,0,0,0,0,0,0,0,0,0,1,0,1,0,0,1,0,1,0,0,0,0,1,1,0,1
태양곱창 성수점,Wld37,39,2025.10.12,1번째 방문,영수증,양도 많고 맛고 최고에요???? 짱짱,18,True,태양곱창,event,Wld37,39,2025.10.12,1번째 방문,영수증,,양도 많고 맛고 최고에요???? 짱짱,,,0,1,양도 많고 맛고 최고에요 짱짱,20,16,0,1,0,0,1,1,0,0,0,0,0,0,0,0,0,0,0,0,1,1,2,0,0,0,0,0,0,0,0,0,0,1,0,1,0,0,1,0,0,0,0,0,0,0,0,0,0
태양곱창 성수점,현기증나,18,2026.03.20,1번째 방문,영수증,맛있어요!! 매콤하고 진짜 대박 맛있어요,22,True,태양곱창,event,현기증나,18,2026.03.20,1번째 방문,영수증,,맛있어요!! 매콤하고 진짜 대박 맛있어요,,,0,1,맛있어요 매콤하고 진짜 대박 맛있어요,22,20,0,1,0,0,1,1,0,0,0,0,0,0,0,0,0,0,0,0,2,1,2,0,2,0,0,0,1,0,0,0,0,1,0,1,0,0,1,0,0,0,0,0,0,0,0,0,0
태양곱창 성수점,hee****,23,2026.01.31,1번째 방문,영수증,양이 많고 맛있어요^^,12,True,태양곱창,event,hee****,23,2026.01.31,1번째 방문,영수증,,양이 많고 맛있어요^^,,,0,1,양이 많고 맛있어요,12,10,0,1,0,0,1,1,0,0,0,0,0,0,0,0,0,0,0,0,1,1,0,0,0,0,0,0,0,0,0,0,0,1,0,1,0,0,1,0,0,0,0,0,0,0,0,0,0
태양곱창 성수점,YDoo2lw53,11,2025.11.17,1번째 방문,영수증,성수에서 곱창 국밥은 처음인데 너무 맛있었어요! 곱창전골만 먹다가 국밥 먹으니 색다르고 좋았어요~ 다음에도 오고싶어요??,66,True,태양곱창,event,YDoo2lw53,11,2025.11.17,1번째 방문,영수증,,성수에서 곱창 국밥은 처음인데 너무 맛있었어요! 곱창전골만 먹다가 국밥 먹으니 색다르고 좋았어요~ 다음에도 오고싶어요??,,,0,1,성수에서 곱창 국밥은 처음인데 너무 맛있었어요 곱창전골만 먹다가 국밥 먹으니 색다르고 좋았어요 다음에도 오고싶어요,67,63,0,0,1,1,0,0,0,4,1,1,0,0,0,0,0,0,0,0,1,1,1,0,1,0,0,0,0,0,0,0,0,1,0,1,0,0,0,0,1,1,0,0,0,0,0,0,0
태양곱창 성수점,주디람,49,2025.08.21,1번째 방문,영수증,"인스타에서 보고 방문했습니더... 인스타 맛집인 줄 알았는데 그냥 개 맛집입니다.... 누린내 하나도 없고... 완전 맛도리 그 자체 ....., 곱창전골의 바이브, 곱창전골의 권위자, 곱창전골의 교과서, .. 암튼 굿굿",123,True,태양곱창,event,주디람,49,2025.08.21,1번째 방문,영수증,,"인스타에서 보고 방문했습니더... 인스타 맛집인 줄 알았는데 그냥 개 맛집입니다.... 누린내 하나도 없고... 완전 맛도리 그 자체 ....., 곱창전골의 바이브, 곱창전골의 권위자, 곱창전골의 교과서, .. 암튼 굿굿",,,0,1,인스타에서 보고 방문했습니더 인스타 맛집인 줄 알았는데 그냥 개 맛집입니다 누린내 하나도 없고 완전 맛도리 그 자체 곱창전골의 바이브 곱창전골의 권위자 곱창전골의 교과서 암튼 굿굿,123,100,0,0,1,1,0,0,0,9,1,1,0,0,0,0,0,0,0,0,2,1,1,0,0,0,2,1,0,0,0,0,0,1,0,1,0,0,0,0,1,1,0,0,0,0,0,1,0
태양곱창 성수점,가도리0516,34,2025.09.30,1번째 방문,영수증,야채곱창 맛집이에요! 친절하시고 곱창도 맛있어요!,27,True,태양곱창,event,가도리0516,34,2025.09.30,1번째 방문,영수증,,야채곱창 맛집이에요! 친절하시고 곱창도 맛있어요!,,,0,1,야채곱창 맛집이에요 친절하시고 곱창도 맛있어요,27,25,0,1,0,0,0,0,0,3,1,1,1,1,0,0,0,0,0,0,2,1,0,0,2,0,0,0,0,0,0,0,0,1,0,1,0,0,1,0,0,0,1,0,0,0,1,0,0
태양곱창 성수점,소정269,16,2026.03.20,1번째 방문,영수증,맛나요 -!,6,True,태양곱창,event,소정269,16,2026.03.20,1번째 방문,영수증,,맛나요 -!,,,0,1,맛나요,6,3,1,1,0,0,0,0,0,0,0,0,0,0,0,0,0,0,0,0,0,0,0,0,1,0,0,0,0,0,0,0,0,1,0,1,0,0,0,0,0,0,0,0,0,1,0,0,1
태양곱창 성수점,jdi****,4,2026.02.11,1번째 방문,영수증,마시써용 ~~~???????,13,True,태양곱창,event,jdi****,4,2026.02.11,1번째 방문,영수증,,마시써용 ~~~???????,,,0,1,마시써용,15,4,0,1,0,0,0,0,0,0,0,0,0,0,0,0,0,0,0,0,0,0,0,0,0,0,0,0,0,0,0,0,1,0,0,1,0,0,0,0,0,0,0,0,0,1,0,0,1
태양곱창 성수점,sera1730,89,2026.02.14,1번째 방문,영수증,너무맛있네요 추운날 딱이에요!!!,18,True,태양곱창,event,sera1730,89,2026.02.14,1번째 방문,영수증,,너무맛있네요 추운날 딱이에요!!!,,,0,1,너무맛있네요 추운날 딱이에요,18,15,0,1,0,0,0,0,0,0,0,0,0,0,0,0,0,0,0,0,1,1,1,0,3,1,0,0,0,0,0,0,0,1,1,1,0,0,1,0,1,0,0,0,0,1,1,0,1
태양곱창 성수점,조암철,15,2026.02.10,1번째 방문,영수증,넘 맛있어요 ㅎㅎ 6시 좀 전에 왔더니 바로 들어왔어요 !! 다음레 또 오려구요,44,True,태양곱창,event,조암철,15,2026.02.10,1번째 방문,영수증,,넘 맛있어요 ㅎㅎ 6시 좀 전에 왔더니 바로 들어왔어요 !! 다음레 또 오려구요,,,0,1,넘 맛있어요 6시 좀 전에 왔더니 바로 들어왔어요 다음레 또 오려구요,44,38,0,0,1,0,0,0,0,0,0,0,0,0,0,0,0,1,1,1,2,1,0,0,2,0,0,0,0,0,0,0,0,1,0,1,0,0,0,0,0,0,1,0,0,0,0,0,0
태양곱창 성수점,ind****,14,2025.09.26,1번째 방문,영수증,야채곱창 웨이팅은 처음 해보는데 정말 맛있고 웨이팅 할만 했네요 생각보다 금방 테이블 회전되서 금방 앉았고 퀄리티랑 금액대가 합리적이라서 좋았습니다 혹여나 웨이팅이 없는 초저녁이면 미리 들어가서 드시는걸 추천드려요!??,121,True,태양곱창,event,ind****,14,2025.09.26,1번째 방문,영수증,,야채곱창 웨이팅은 처음 해보는데 정말 맛있고 웨이팅 할만 했네요 생각보다 금방 테이블 회전되서 금방 앉았고 퀄리티랑 금액대가 합리적이라서 좋았습니다 혹여나 웨이팅이 없는 초저녁이면 미리 들어가서 드시는걸 추천드려요!??,,,0,1,야채곱창 웨이팅은 처음 해보는데 정말 맛있고 웨이팅 할만 했네요 생각보다 금방 테이블 회전되서 금방 앉았고 퀄리티랑 금액대가 합리적이라서 좋았습니다 혹여나 웨이팅이 없는 초저녁이면 미리 들어가서 드시는걸 추천드려요,122,119,0,0,1,1,0,0,0,2,1,1,3,1,1,1,1,0,0,0,2,1,0,0,1,0,0,0,0,0,0,0,0,1,0,1,0,0,0,0,0,0,1,0,0,0,0,0,0
태양곱창 성수점,프렌치카페120,2,2026.03.14,1번째 방문,영수증,안 질기고 맛있어요~,11,True,태양곱창,event,프렌치카페120,2,2026.03.14,1번째 방문,영수증,,안 질기고 맛있어요~,,,0,1,안 질기고 맛있어요,11,10,0,1,0,0,0,0,0,0,0,0,0,0,0,0,0,0,0,0,1,1,0,0,0,0,0,0,0,0,0,0,1,0,0,1,0,0,1,0,1,0,0,0,0,1,1,0,1
태양곱창 성수점,얼마나먹을수있을까,562,2025.09.04,1번째 방문,영수증,먹어도 먹어도 양이 줄지 않을 만큼 양도 많고 맛있어요 !,32,True,태양곱창,event,얼마나먹을수있을까,562,2025.09.04,1번째 방문,영수증,,먹어도 먹어도 양이 줄지 않을 만큼 양도 많고 맛있어요 !,,,0,1,먹어도 먹어도 양이 줄지 않을 만큼 양도 많고 맛있어요,32,30,0,0,1,0,2,1,1,0,0,0,0,0,0,0,0,0,0,0,1,1,0,0,1,0,0,0,0,0,0,0,0,1,1,1,0,0,0,0,0,0,0,0,0,0,0,0,0
태양곱창 성수점,휘142,13,2026.04.04,1번째 방문,영수증,잘먹었슺니다,6,True,태양곱창,event,휘142,13,2026.04.04,1번째 방문,영수증,,잘먹었슺니다,,,0,1,잘먹었슺니다,6,6,1,1,0,0,0,0,0,0,0,0,0,0,0,0,0,0,0,0,0,0,0,0,0,0,0,0,0,0,0,0,0,1,0,1,0,0,0,0,0,0,0,0,0,1,0,0,1
태양곱창 성수점,소보루94,46,2025.11.09,1번째 방문,영수증,치즈감자전 나왔을때 원래이런가보다 하고 별생각없이 먹고있는데 ㅋㅋ옆테이블 치즈감자전 나온거보고 놀랐어요. 옆테이블은 양자체가 다르더라고요 ㅋㅋ 저희는 자를때 다 흐트러지고 난리에 엄청얇았는데 옆테이블은 두껍고 자를때도 잘 잘리더라고요.. 이렇게 테이블마다 차이나는게 맞나요.. 너무기분안좋았어요 한눈에 봐도 비교될정도로 다른 음식이 나왔습니다. 그리고 술 주문했는데 주문받고 안주셔서 한번 더 말했어요. 널널해서 바쁘진않아보였는데 깜빡했나보다 하고 넘어갔는데 두번째 주문할때도 대답 하시고 계속안가져다 주시고 다른일 하고 계시더라고요 한번더 말하니까 다른 직원분이 가져다 주셨습니다. 두번 다 같은분이 대답하시고 안가져다주셔서 다른분이 가져걍나왔습니다...,367,True,태양곱창,event,소보루94,46,2025.11.09,1번째 방문,영수증,,치즈감자전 나왔을때 원래이런가보다 하고 별생각없이 먹고있는데 ㅋㅋ옆테이블 치즈감자전 나온거보고 놀랐어요. 옆테이블은 양자체가 다르더라고요 ㅋㅋ 저희는 자를때 다 흐트러지고 난리에 엄청얇았는데 옆테이블은 두껍고 자를때도 잘 잘리더라고요.. 이렇게 테이블마다 차이나는게 맞나요.. 너무기분안좋았어요 한눈에 봐도 비교될정도로 다른 음식이 나왔습니다. 그리고 술 주문했는데 주문받고 안주셔서 한번 더 말했어요. 널널해서 바쁘진않아보였는데 깜빡했나보다 하고 넘어갔는데 두번째 주문할때도 대답 하시고 계속안가져다 주시고 다른일 하고 계시더라고요 한번더 말하니까 다른 직원분이 가져다 주셨습니다. 두번 다 같은분이 대답하시고 안가져다주셔서 다른분이 가져걍나왔습니다...,,,0,1,치즈감자전 나왔을때 원래이런가보다 하고 별생각없이 먹고있는데 옆테이블 치즈감자전 나온거보고 놀랐어요 옆테이블은 양자체가 다르더라고요 저희는 자를때 다 흐트러지고 난리에 엄청얇았는데 옆테이블은 두껍고 자를때도 잘 잘리더라고요 이렇게 테이블마다 차이나는게 맞나요 너무기분안좋았어요 한눈에 봐도 비교될정도로 다른 음식이 나왔습니다 그리고 술 주문했는데 주문받고 안주셔서 한번 더 말했어요 널널해서 바쁘진않아보였는데 깜빡했나보다 하고 넘어갔는데 두번째 주문할때도 대답 하시고 계속안가져다 주시고 다른일 하고 계시더라고요 한번더 말하니까 다른 직원분이 가져다 주셨습니다 두번 다 같은분이 대답하시고 안가져다주셔서 다른분이 가져걍나왔습니다,367,351,0,0,1,1,1,1,0,4,1,1,4,1,1,0,0,0,0,0,1,1,2,0,0,0,0,0,0,0,0,0,0,1,0,1,0,1,0,0,0,0,1,1,0,0,0,0,0
태양곱창 성수점,bri****,32,2026.02.26,1번째 방문,영수증,처음왔는데 양이 엄청 많아요!!,17,True,태양곱창,event,bri****,32,2026.02.26,1번째 방문,영수증,,처음왔는데 양이 엄청 많아요!!,,,0,1,처음왔는데 양이 엄청 많아요,17,15,0,1,0,0,1,1,0,0,0,0,0,0,0,0,0,0,0,0,0,0,1,0,2,0,0,0,0,0,0,0,0,1,0,1,0,0,0,0,0,0,0,0,0,0,0,0,0
태양곱창 성수점,dkf****,6,2026.01.10,1번째 방문,영수증,곱창 먹고싶을 때 와요 양도 많아서 좋은 거 같아요,28,True,태양곱창,event,dkf****,6,2026.01.10,1번째 방문,영수증,,곱창 먹고싶을 때 와요 양도 많아서 좋은 거 같아요,,,0,1,곱창 먹고싶을 때 와요 양도 많아서 좋은 거 같아요,28,28,0,1,0,0,1,1,0,1,1,0,0,0,0,0,0,0,0,0,0,0,0,0,0,0,0,0,0,0,0,0,0,0,0,1,0,1,0,0,0,0,0,0,0,0,0,0,0
태양곱창 성수점,나리8356,71,2025.08.19,1번째 방문,영수증,평일 저녁에 왔는데 다행히 웨이팅없고 바로 들어왔어요! 직원들 친절해요,39,True,태양곱창,event,나리8356,71,2025.08.19,1번째 방문,영수증,,평일 저녁에 왔는데 다행히 웨이팅없고 바로 들어왔어요! 직원들 친절해요,,,0,1,평일 저녁에 왔는데 다행히 웨이팅없고 바로 들어왔어요 직원들 친절해요,39,38,0,0,1,0,0,0,0,0,0,0,3,1,1,2,1,0,0,0,0,0,0,0,1,0,0,0,0,0,0,0,0,1,1,1,0,0,0,0,0,0,1,0,0,0,0,0,0
태양곱창 성수점,xo****,22,2026.03.01,1번째 방문,영수증,너무너무 맛있어요 곱창 양도 많고 번창하세요~~,26,True,태양곱창,event,xo****,22,2026.03.01,1번째 방문,영수증,,너무너무 맛있어요 곱창 양도 많고 번창하세요~~,,,0,1,너무너무 맛있어요 곱창 양도 많고 번창하세요,26,24,0,1,0,0,1,1,0,1,1,0,0,0,0,0,0,0,0,0,1,1,2,0,0,0,0,0,0,0,0,0,0,1,0,1,0,1,1,0,0,0,0,0,0,0,0,0,0
태양곱창 성수점,dmjb,515,2025.09.10,1번째 방문,영수증,마라곱창에 치즈추가 당면추가해서 먹었는데 진짜 양 많아서 3명이서 먹는데 충분했어요-!! 볶음밥. 치즈감자전도 진짜 맛나요-!! 볶음밤은 그냥 계란 볶음밥으로 나오니 남은 곱찹 슥슥 비벼드시면 최곱니다,112,True,태양곱창,event,dmjb,515,2025.09.10,1번째 방문,영수증,,마라곱창에 치즈추가 당면추가해서 먹었는데 진짜 양 많아서 3명이서 먹는데 충분했어요-!! 볶음밥. 치즈감자전도 진짜 맛나요-!! 볶음밤은 그냥 계란 볶음밥으로 나오니 남은 곱찹 슥슥 비벼드시면 최곱니다,,,0,1,마라곱창에 치즈추가 당면추가해서 먹었는데 진짜 양 많아서 3명이서 먹는데 충분했어요 볶음밥 치즈감자전도 진짜 맛나요 볶음밤은 그냥 계란 볶음밥으로 나오니 남은 곱찹 슥슥 비벼드시면 최곱니다,112,105,0,0,1,1,1,1,0,6,1,1,0,0,0,0,0,1,1,1,0,0,2,0,4,1,0,0,0,0,0,0,0,1,1,1,0,1,0,0,0,0,1,1,0,0,0,0,0
태양곱창 성수점,lje0015,45,2026.03.24,1번째 방문,영수증,맵기적당 간적당 양이 푸짐함. 그리고 볶아져서나와서 좋아요~~~,35,True,태양곱창,event,lje0015,45,2026.03.24,1번째 방문,영수증,,맵기적당 간적당 양이 푸짐함. 그리고 볶아져서나와서 좋아요~~~,,,0,1,맵기적당 간적당 양이 푸짐함 그리고 볶아져서나와서 좋아요,35,31,0,0,1,0,2,1,1,0,0,0,0,0,0,0,0,0,0,0,1,1,0,0,0,0,0,0,0,0,0,0,0,1,0,1,0,0,0,0,0,0,0,0,0,0,0,0,0
태양곱창 성수점,주엥이,12,2026.02.10,1번째 방문,영수증,너무 맛나요! 다행히 저녁시간 지나고 가서 웨이팅 없이 들어갔어요 ㅎㅎㅎㅎ,41,True,태양곱창,event,주엥이,12,2026.02.10,1번째 방문,영수증,,너무 맛나요! 다행히 저녁시간 지나고 가서 웨이팅 없이 들어갔어요 ㅎㅎㅎㅎ,,,0,1,너무 맛나요 다행히 저녁시간 지나고 가서 웨이팅 없이 들어갔어요,41,35,0,0,1,0,0,0,0,0,0,0,1,1,0,1,1,0,0,0,0,0,1,0,1,0,0,0,0,0,0,0,0,1,0,1,0,0,0,0,0,0,1,0,0,0,0,0,0
태양곱창 성수점,미나리파파,79,2025.08.03,1번째 방문,영수증,성수에서 유명한 곱창구이 먹으러 왔어요! 웨이팅 30분한 만큼 맛있는 집이네요! 시끌시끌한 분위기긴 한데 즐겁게 놀다 갑니당ㅎㅎ,71,True,태양곱창,event,미나리파파,79,2025.08.03,1번째 방문,영수증,,성수에서 유명한 곱창구이 먹으러 왔어요! 웨이팅 30분한 만큼 맛있는 집이네요! 시끌시끌한 분위기긴 한데 즐겁게 놀다 갑니당ㅎㅎ,,,0,1,성수에서 유명한 곱창구이 먹으러 왔어요 웨이팅 30분한 만큼 맛있는 집이네요 시끌시끌한 분위기긴 한데 즐겁게 놀다 갑니당,71,67,0,0,1,1,0,0,0,1,1,0,2,1,1,0,0,1,1,1,1,1,0,0,2,0,0,0,0,0,0,0,0,1,1,1,0,0,0,0,0,0,1,0,0,0,0,0,0
태양곱창 성수점,o2k****,25,2026.02.14,1번째 방문,영수증,설맞이 남편과 오랫만의 데이트^^ 집이 멀어도 소주가 부르는 맛^^데이트 장소로 추천합니다.,51,True,태양곱창,event,o2k****,25,2026.02.14,1번째 방문,영수증,,설맞이 남편과 오랫만의 데이트^^ 집이 멀어도 소주가 부르는 맛^^데이트 장소로 추천합니다.,,,0,1,설맞이 남편과 오랫만의 데이트 집이 멀어도 소주가 부르는 맛 데이트 장소로 추천합니다,51,47,0,0,1,0,0,0,0,0,0,0,0,0,0,2,1,0,0,0,1,1,0,0,0,0,0,0,0,0,0,0,0,1,0,1,0,0,0,0,0,0,1,0,0,0,0,0,0
태양곱창 성수점,난섭이,392,2026.02.05,1번째 방문,영수증,양이 진짜 많습니다! 두명에서 소짜 배터지게 먹었네요!,30,True,태양곱창,event,난섭이,392,2026.02.05,1번째 방문,영수증,,양이 진짜 많습니다! 두명에서 소짜 배터지게 먹었네요!,,,0,1,양이 진짜 많습니다 두명에서 소짜 배터지게 먹었네요,30,28,0,0,1,0,1,1,0,0,0,0,0,0,0,0,0,0,0,0,0,0,1,0,2,0,0,0,0,0,0,0,0,1,1,1,0,0,0,0,0,0,0,0,0,0,0,0,0
태양곱창 성수점,소덩덩,84,2025.09.24,1번째 방문,영수증,"맛있어요~~ 전골 볶음중에 고민 많이 했어요,, 볶음먹을때 국물 같은거 있으면 좋을거 같아요",51,True,태양곱창,event,소덩덩,84,2025.09.24,1번째 방문,영수증,,"맛있어요~~ 전골 볶음중에 고민 많이 했어요,, 볶음먹을때 국물 같은거 있으면 좋을거 같아요",,,0,1,맛있어요 전골 볶음중에 고민 많이 했어요 볶음먹을때 국물 같은거 있으면 좋을거 같아요,51,47,0,0,1,0,1,1,0,1,1,0,0,0,0,0,0,0,0,0,1,1,0,0,0,0,0,0,0,0,0,0,0,1,1,1,0,1,0,0,0,0,0,1,0,0,0,0,0
태양곱창 성수점,콩팥쥐1,38,2026.01.24,1번째 방문,영수증,넘 맛있고 친절해요~~!,13,True,태양곱창,event,콩팥쥐1,38,2026.01.24,1번째 방문,영수증,,넘 맛있고 친절해요~~!,,,0,1,넘 맛있고 친절해요,13,10,0,1,0,0,0,0,0,0,0,0,1,1,0,0,0,0,0,0,2,1,0,0,1,0,0,0,0,0,0,0,0,1,0,1,0,0,1,0,0,0,1,0,0,0,1,0,0
태양곱창 성수점,795****,21,2025.12.14,1번째 방문,영수증,처음 온 곳인데 정말 맛있었어요! 성수주말밥집찾기 정말 어려웠는데 여기 오시명 될듯해영~~ 추천합니당ㅇ,57,True,태양곱창,event,795****,21,2025.12.14,1번째 방문,영수증,,처음 온 곳인데 정말 맛있었어요! 성수주말밥집찾기 정말 어려웠는데 여기 오시명 될듯해영~~ 추천합니당ㅇ,,,0,1,처음 온 곳인데 정말 맛있었어요 성수주말밥집찾기 정말 어려웠는데 여기 오시명 될듯해영 추천합니당,57,53,0,0,1,0,0,0,0,0,0,0,0,0,0,1,1,0,0,0,2,1,0,0,1,0,0,0,0,0,0,0,0,1,0,1,0,0,0,0,0,0,1,0,0,0,0,0,0
태양곱창 성수점,y127,14,2025.11.07,1번째 방문,영수증,우선 1인 1메뉴가 아니라는게 좋았고 1인분 해도 충분히 양 많았어요! 맛도 괜찮았습니다 야채곱창 먹고 싶을 때 먹기 좋은 것 같아요,74,True,태양곱창,event,y127,14,2025.11.07,1번째 방문,영수증,,우선 1인 1메뉴가 아니라는게 좋았고 1인분 해도 충분히 양 많았어요! 맛도 괜찮았습니다 야채곱창 먹고 싶을 때 먹기 좋은 것 같아요,,,0,1,우선 1인 1메뉴가 아니라는게 좋았고 1인분 해도 충분히 양 많았어요 맛도 괜찮았습니다 야채곱창 먹고 싶을 때 먹기 좋은 것 같아요,74,73,0,0,1,1,1,1,0,2,1,1,0,0,0,0,0,1,1,1,0,0,0,0,1,0,0,0,0,0,0,0,0,1,0,1,0,1,0,0,0,0,1,1,0,0,0,0,0
태양곱창 성수점,지혜60,19,2026.02.22,1번째 방문,영수증,너무 맛있어요,7,True,태양곱창,event,지혜60,19,2026.02.22,1번째 방문,영수증,,너무 맛있어요,,,0,1,너무 맛있어요,7,7,1,1,0,0,0,0,0,0,0,0,0,0,0,0,0,0,0,0,1,1,1,0,0,0,0,0,0,0,0,0,0,1,0,1,0,0,1,1,1,0,0,0,0,1,1,0,1
태양곱창 성수점,다른사용자가쓰고있으면난대체뭘로하라고요,5,2025.09.12,1번째 방문,영수증,오늘 성수 처음 왔는데 태양곱창이 그렇게 맛집이라 해서 와봤어요 예쁜 여자친구와 함께 와서 2배로 맛나네요 ㅎㅎ,62,True,태양곱창,event,다른사용자가쓰고있으면난대체뭘로하라고요,5,2025.09.12,1번째 방문,영수증,,오늘 성수 처음 왔는데 태양곱창이 그렇게 맛집이라 해서 와봤어요 예쁜 여자친구와 함께 와서 2배로 맛나네요 ㅎㅎ,,,0,1,오늘 성수 처음 왔는데 태양곱창이 그렇게 맛집이라 해서 와봤어요 예쁜 여자친구와 함께 와서 2배로 맛나네요,62,59,0,0,1,1,1,1,0,1,1,0,0,0,0,1,1,1,0,0,1,1,0,0,0,0,0,0,0,0,0,0,1,0,0,1,0,1,0,0,0,0,1,1,0,0,0,0,0
태양곱창 성수점,필통을살려줘,43,2025.08.23,1번째 방문,영수증,소문대로 진짜 곱창 양이 엄청 많아요!! 당면추가를 한건데.. 기본으로 당면이 있는 것 같은데 제가 추가해서 그런지 거의 반 이상이 당면이었던 것 같아요 ㅠ 주문할 때 기본으로 있다구 말씀해주시면 더 좋을 것 같아용??,121,True,태양곱창,event,필통을살려줘,43,2025.08.23,1번째 방문,영수증,,소문대로 진짜 곱창 양이 엄청 많아요!! 당면추가를 한건데.. 기본으로 당면이 있는 것 같은데 제가 추가해서 그런지 거의 반 이상이 당면이었던 것 같아요 ㅠ 주문할 때 기본으로 있다구 말씀해주시면 더 좋을 것 같아용??,,,0,1,소문대로 진짜 곱창 양이 엄청 많아요 당면추가를 한건데 기본으로 당면이 있는 것 같은데 제가 추가해서 그런지 거의 반 이상이 당면이었던 것 같아요 주문할 때 기본으로 있다구 말씀해주시면 더 좋을 것 같아용,122,114,0,0,1,1,1,1,0,1,1,0,1,1,0,0,0,0,0,0,0,0,2,0,2,0,0,0,1,0,0,0,0,1,0,1,0,1,0,0,0,0,1,1,0,0,0,0,0
태양곱창 성수점,em****,64,2025.10.18,1번째 방문,영수증,"진짜 오랜만에 곱창전골 먹었어융 지나가다가 줄이 길어서 보니 맛집이어서 바로 리스트작성하구 기다렸어요 ,,?? 웨이팅은 길지만,, 웨이팅을 기다릴만큼 맛있씁니당 ????",91,True,태양곱창,event,em****,64,2025.10.18,1번째 방문,영수증,,"진짜 오랜만에 곱창전골 먹었어융 지나가다가 줄이 길어서 보니 맛집이어서 바로 리스트작성하구 기다렸어요 ,,?? 웨이팅은 길지만,, 웨이팅을 기다릴만큼 맛있씁니당 ????",,,0,1,진짜 오랜만에 곱창전골 먹었어융 지나가다가 줄이 길어서 보니 맛집이어서 바로 리스트작성하구 기다렸어요 웨이팅은 길지만 웨이팅을 기다릴만큼 맛있씁니당,94,82,0,0,1,1,0,0,0,3,1,1,2,1,1,0,0,0,0,0,2,1,1,0,0,0,0,0,1,0,0,0,0,1,1,1,0,0,0,0,0,0,1,0,0,0,0,0,0
태양곱창 성수점,Xmaz,7,2026.05.05,1번째 방문,영수증,너무 맛있어용~~ ????,12,True,태양곱창,event,Xmaz,7,2026.05.05,1번째 방문,영수증,,너무 맛있어용~~ ????,,,0,1,너무 맛있어용,14,7,0,1,0,0,0,0,0,0,0,0,0,0,0,0,0,0,0,0,1,1,1,0,0,0,0,0,0,0,0,0,0,0,0,1,0,0,1,0,1,0,0,0,0,1,1,0,1
태양곱창 성수점,트래비스시훈,11,2025.10.25,1번째 방문,영수증,양도많고 가성비도 좋아요!!!!,17,True,태양곱창,event,트래비스시훈,11,2025.10.25,1번째 방문,영수증,,양도많고 가성비도 좋아요!!!!,,,0,1,양도많고 가성비도 좋아요,17,13,0,1,0,0,1,1,0,0,0,0,1,1,0,0,0,0,0,0,1,1,0,0,4,1,0,0,0,0,0,0,0,1,0,1,0,0,1,0,0,0,1,0,0,0,0,0,0
태양곱창 성수점,iny****,18,2025.10.12,1번째 방문,영수증,먹은 야곱중에 베스트에요!!! 계란볶음밥도 완전 별미네요.. 성수올때마다 방문할게요????,48,True,태양곱창,event,iny****,18,2025.10.12,1번째 방문,영수증,,먹은 야곱중에 베스트에요!!! 계란볶음밥도 완전 별미네요.. 성수올때마다 방문할게요????,,,0,1,먹은 야곱중에 베스트에요 계란볶음밥도 완전 별미네요 성수올때마다 방문할게요,50,41,0,0,1,0,0,0,0,2,1,1,0,0,0,0,0,0,0,0,0,0,1,0,3,1,0,0,0,0,0,0,0,1,0,1,0,0,0,0,0,0,0,0,0,0,0,0,0
태양곱창 성수점,nanannaanana,7,2026.02.24,1번째 방문,영수증,맛있게 먹었습니다!!,11,True,태양곱창,event,nanannaanana,7,2026.02.24,1번째 방문,영수증,,맛있게 먹었습니다!!,,,0,1,맛있게 먹었습니다,11,9,0,1,0,0,0,0,0,0,0,0,0,0,0,0,0,0,0,0,1,1,0,0,2,0,0,0,0,0,0,0,0,0,0,1,0,0,1,0,1,0,0,0,0,1,1,0,1
태양곱창 성수점,Moia,37,2025.08.15,1번째 방문,영수증,줄이 많아서 궁금했는데 넘넘 맛있어요!!! 얼큰하고 개운하고 맛있게 잘 먹었습니다,45,True,태양곱창,event,Moia,37,2025.08.15,1번째 방문,영수증,,줄이 많아서 궁금했는데 넘넘 맛있어요!!! 얼큰하고 개운하고 맛있게 잘 먹었습니다,,,0,1,줄이 많아서 궁금했는데 넘넘 맛있어요 얼큰하고 개운하고 맛있게 잘 먹었습니다,45,42,0,0,1,0,1,1,0,0,0,0,0,0,0,0,0,0,0,0,4,1,0,0,3,1,0,0,0,0,0,0,0,1,0,1,0,0,0,0,0,0,0,0,0,0,0,0,0
태양곱창 성수점,박상규67,29,2026.04.18,1번째 방문,영수증,"너무너무,,,맛있어여 진짜로 곱창인생을 새로쓸 수있는 식당입미다",35,True,태양곱창,event,박상규67,29,2026.04.18,1번째 방문,영수증,,"너무너무,,,맛있어여 진짜로 곱창인생을 새로쓸 수있는 식당입미다",,,0,1,너무너무 맛있어여 진짜로 곱창인생을 새로쓸 수있는 식당입미다,35,33,0,0,1,0,0,0,0,1,1,0,0,0,0,0,0,0,0,0,1,1,3,1,0,0,0,0,1,0,0,0,0,1,0,1,0,0,0,0,1,1,0,0,0,0,0,0,0
태양곱창 성수점,yumhee,178,2026.01.31,1번째 방문,영수증,"가족들이랑 서울 여행와서 들렸는데 부모님, 동생 모두 맛있게 잘먹었습니다! 너무 만족해요!! 다음에도 재방문 할 것 같네요 ㅎㅎ 양도 넉넉해서 여럿이 오는 거 강퓨해요",93,True,태양곱창,event,yumhee,178,2026.01.31,1번째 방문,영수증,,"가족들이랑 서울 여행와서 들렸는데 부모님, 동생 모두 맛있게 잘먹었습니다! 너무 만족해요!! 다음에도 재방문 할 것 같네요 ㅎㅎ 양도 넉넉해서 여럿이 오는 거 강퓨해요",,,0,1,가족들이랑 서울 여행와서 들렸는데 부모님 동생 모두 맛있게 잘먹었습니다 너무 만족해요 다음에도 재방문 할 것 같네요 양도 넉넉해서 여럿이 오는 거 강퓨해요,93,86,0,0,1,1,1,1,0,0,0,0,0,0,0,1,1,0,0,0,1,1,1,0,3,1,0,0,0,1,1,0,0,1,1,1,0,0,0,0,0,0,1,0,0,0,0,0,0
태양곱창 성수점,김세은9491,33,2025.09.19,1번째 방문,영수증,비오는날에 조금일찍갔더니 바로 들어가서 너무좋아요!! 얼큰하고 최고ㅠㅠㅠ,40,True,태양곱창,event,김세은9491,33,2025.09.19,1번째 방문,영수증,,비오는날에 조금일찍갔더니 바로 들어가서 너무좋아요!! 얼큰하고 최고ㅠㅠㅠ,,,0,1,비오는날에 조금일찍갔더니 바로 들어가서 너무좋아요 얼큰하고 최고,40,35,0,0,1,0,1,1,0,0,0,0,0,0,0,0,0,0,0,0,2,1,1,0,2,0,0,0,0,0,0,0,0,1,0,1,0,0,0,0,0,0,0,0,0,0,0,0,0
태양곱창 성수점,햄버겅ㅇ,6,2026.05.04,1번째 방문,영수증,직원분들 너무 친절하시고 양도 많고 맛있어요!,25,True,태양곱창,event,햄버겅ㅇ,6,2026.05.04,1번째 방문,영수증,,직원분들 너무 친절하시고 양도 많고 맛있어요!,,,0,1,직원분들 너무 친절하시고 양도 많고 맛있어요,25,24,0,1,0,0,1,1,0,0,0,0,2,1,1,0,0,0,0,0,1,1,1,0,1,0,0,0,0,0,0,0,0,0,0,1,0,0,1,0,0,0,1,0,0,0,0,0,0
태양곱창 성수점,냥앤멍43,9,2025.10.02,1번째 방문,영수증,야곱이 진짜 양 많고 마라곱창은 마라상궈 느낌인데 곱창이랑 진;짜; 잘 어울려요 개발한분 천재만재 맥주 꼭 드셔야만해,65,True,태양곱창,event,냥앤멍43,9,2025.10.02,1번째 방문,영수증,,야곱이 진짜 양 많고 마라곱창은 마라상궈 느낌인데 곱창이랑 진;짜; 잘 어울려요 개발한분 천재만재 맥주 꼭 드셔야만해,,,0,1,야곱이 진짜 양 많고 마라곱창은 마라상궈 느낌인데 곱창이랑 진 짜 잘 어울려요 개발한분 천재만재 맥주 꼭 드셔야만해,65,64,0,0,1,1,1,1,0,4,1,1,0,0,0,0,0,0,0,0,0,0,1,0,0,0,0,0,0,0,0,0,0,0,0,1,0,1,0,0,0,0,0,1,0,0,0,0,0
태양곱창 성수점,treasure,132,2026.02.07,1번째 방문,영수증,추워서 따끈한 게 먹고싶어 고른 곱창전골 ㅠㅜ 칼칼하고 맛있어요!!! 양도 많아용 다음에는 술한잔 하고싶네요~~,62,True,태양곱창,event,treasure,132,2026.02.07,1번째 방문,영수증,,추워서 따끈한 게 먹고싶어 고른 곱창전골 ㅠㅜ 칼칼하고 맛있어요!!! 양도 많아용 다음에는 술한잔 하고싶네요~~,,,0,1,추워서 따끈한 게 먹고싶어 고른 곱창전골 칼칼하고 맛있어요 양도 많아용 다음에는 술한잔 하고싶네요,62,54,0,0,1,1,2,1,1,3,1,1,0,0,0,0,0,0,0,0,1,1,0,0,3,1,0,0,0,0,0,0,0,1,1,1,0,1,0,0,0,0,0,1,0,0,0,0,0
태양곱창 성수점,sunnnnnyy,41,2026.04.05,1번째 방문,영수증,리뷰가 너무 좋아서 왔어요!! 양도 엄청 많고 너무 맛있게 배부르게 먹고 갑니다!!! 다음애 또 방문할게요????,61,True,태양곱창,event,sunnnnnyy,41,2026.04.05,1번째 방문,영수증,,리뷰가 너무 좋아서 왔어요!! 양도 엄청 많고 너무 맛있게 배부르게 먹고 갑니다!!! 다음애 또 방문할게요????,,,0,1,리뷰가 너무 좋아서 왔어요 양도 엄청 많고 너무 맛있게 배부르게 먹고 갑니다 다음애 또 방문할게요,63,54,0,0,1,1,1,1,0,0,0,0,0,0,0,0,0,0,0,0,1,1,3,1,5,1,0,0,0,1,1,0,0,1,0,1,0,0,0,0,0,0,0,0,0,0,0,0,0
태양곱창 성수점,rla****,42,2026.01.17,1번째 방문,영수증,곱창국밥도 막창구이도 완전 맛있어요 만족 대만족!! 다들 엄청 친절하십니다~!,43,True,태양곱창,event,rla****,42,2026.01.17,1번째 방문,영수증,,곱창국밥도 막창구이도 완전 맛있어요 만족 대만족!! 다들 엄청 친절하십니다~!,,,0,1,곱창국밥도 막창구이도 완전 맛있어요 만족 대만족 다들 엄청 친절하십니다,43,39,0,0,1,0,0,0,0,1,1,0,1,1,0,0,0,0,0,0,1,1,2,0,3,1,0,0,0,0,0,0,0,1,0,1,0,0,0,0,0,0,1,0,0,0,0,0,0
태양곱창 성수점,ㅈㅈㅈㅈ,22,2026.02.21,1번째 방문,영수증,운 좋게 줄안서고 입장했어요 너무 맛있고 다음에 또 재방문 의사 있어용??,40,True,태양곱창,event,ㅈㅈㅈㅈ,22,2026.02.21,1번째 방문,영수증,,운 좋게 줄안서고 입장했어요 너무 맛있고 다음에 또 재방문 의사 있어용??,,,0,1,운 좋게 줄안서고 입장했어요 너무 맛있고 다음에 또 재방문 의사 있어용,41,39,0,0,1,0,0,0,0,0,0,0,0,0,0,0,0,0,0,0,1,1,1,0,0,0,0,0,0,1,1,0,0,1,0,1,0,0,0,0,1,0,0,0,0,0,0,0,0
태양곱창 성수점,꽁뭉치,1134,2025.11.13,1번째 방문,영수증,저번에 곱창전골에 이어 야채곱창도 너무 맛있어요!! 곱창먹을때 소스 중요하게 생각하는데 소스도 너무 맛있어요 ㅎㅎ 치즈추가보다 콘치즈 하나 시켜서 같이드시는거 추천드려용!!??,97,True,태양곱창,event,꽁뭉치,1134,2025.11.13,1번째 방문,영수증,,저번에 곱창전골에 이어 야채곱창도 너무 맛있어요!! 곱창먹을때 소스 중요하게 생각하는데 소스도 너무 맛있어요 ㅎㅎ 치즈추가보다 콘치즈 하나 시켜서 같이드시는거 추천드려용!!??,,,0,1,저번에 곱창전골에 이어 야채곱창도 너무 맛있어요 곱창먹을때 소스 중요하게 생각하는데 소스도 너무 맛있어요 치즈추가보다 콘치즈 하나 시켜서 같이드시는거 추천드려용,98,89,0,0,1,1,0,0,0,7,1,1,0,0,0,0,0,0,0,0,3,1,2,0,4,1,0,0,0,0,0,0,0,1,1,1,0,0,0,0,1,1,0,0,0,0,0,0,0
태양곱창 성수점,쪼이뽀이,62,2026.02.23,1번째 방문,영수증,"성수 팝업 때문에 놀러올 때마다 먹어보고 싶었는데,, 알곱창ㅇ전골이나 국밥은 먹어본 적 없어서 첨으로 도전! 엄청 빨갛고 매워보이는데 생각보다 별루 안 맵고 먹을만함 잡내 때문에 생강?? 넣엇나본데 생강 씹혀서 ?? 한 번쯤은 도전해볼만함,,",134,True,태양곱창,event,쪼이뽀이,62,2026.02.23,1번째 방문,영수증,,"성수 팝업 때문에 놀러올 때마다 먹어보고 싶었는데,, 알곱창ㅇ전골이나 국밥은 먹어본 적 없어서 첨으로 도전! 엄청 빨갛고 매워보이는데 생각보다 별루 안 맵고 먹을만함 잡내 때문에 생강?? 넣엇나본데 생강 씹혀서 ?? 한 번쯤은 도전해볼만함,,",,,0,1,성수 팝업 때문에 놀러올 때마다 먹어보고 싶었는데 알곱창 전골이나 국밥은 먹어본 적 없어서 첨으로 도전 엄청 빨갛고 매워보이는데 생각보다 별루 안 맵고 먹을만함 잡내 때문에 생강 넣엇나본데 생강 씹혀서 한 번쯤은 도전해볼만함,135,125,0,0,1,1,1,1,0,2,1,1,0,0,0,0,0,0,0,0,0,0,1,0,1,0,0,0,0,0,0,0,0,1,1,1,0,1,0,0,0,0,0,1,0,0,0,0,0
태양곱창 성수점,jiy****,6,2025.12.08,1번째 방문,영수증,성수 놀러왔다가 점심 머먹을까하다 들린 태양곱창!! 양도 많고 맛있어요!! 게다가 친절하셔서 잘 먹고 갑니다??,61,True,태양곱창,event,jiy****,6,2025.12.08,1번째 방문,영수증,,성수 놀러왔다가 점심 머먹을까하다 들린 태양곱창!! 양도 많고 맛있어요!! 게다가 친절하셔서 잘 먹고 갑니다??,,,0,1,성수 놀러왔다가 점심 머먹을까하다 들린 태양곱창 양도 많고 맛있어요 게다가 친절하셔서 잘 먹고 갑니다,62,56,0,0,1,1,2,1,1,1,1,0,1,1,0,1,1,0,0,0,1,1,0,0,4,1,0,0,0,0,0,0,0,0,0,1,0,1,0,0,0,0,1,1,1,0,0,0,0
태양곱창 성수점,먕먕먕세,36,2026.01.25,1번째 방문,영수증,곱창전골 마싯어요 !!! 추천합미됴,19,True,태양곱창,event,먕먕먕세,36,2026.01.25,1번째 방문,영수증,,곱창전골 마싯어요 !!! 추천합미됴,,,0,1,곱창전골 마싯어요 추천합미됴,19,15,0,1,0,0,0,0,0,3,1,1,0,0,0,0,0,0,0,0,1,1,0,0,3,1,0,0,0,0,0,0,0,1,0,1,0,0,1,0,1,1,0,0,0,1,1,0,1
태양곱창 성수점,gpfus505,99,2025.10.19,1번째 방문,영수증,곱창양도 많고 칼칼해서 좋네요! 술안주로 굳 ㅎㅎ,27,True,태양곱창,event,gpfus505,99,2025.10.19,1번째 방문,영수증,,곱창양도 많고 칼칼해서 좋네요! 술안주로 굳 ㅎㅎ,,,0,1,곱창양도 많고 칼칼해서 좋네요 술안주로 굳,27,23,0,1,0,0,2,1,1,1,1,0,0,0,0,0,0,0,0,0,0,0,0,0,1,0,0,0,0,0,0,0,0,1,1,1,0,1,0,0,0,0,0,0,0,0,0,0,0
쭌곱창,and****,9,2025.08.08,1번째 방문,영수증,너무너무 맛있습니다!!,12,True,쭌곱창,normal,and****,9,2025.08.08,1번째 방문,영수증,,너무너무 맛있습니다!!,,,0,1,너무너무 맛있습니다,12,10,0,1,0,0,0,0,0,0,0,0,0,0,0,0,0,0,0,0,1,1,2,0,2,0,0,0,0,0,0,0,0,0,0,1,0,0,1,0,1,0,0,0,0,1,1,0,1
쭌곱창,cho****,22,2025.11.15,2번째 방문,영수증,저번에 먹고 너무 맛있었어서 또 방문했어요! 사장님도 너무 친절하시고 맛도 친절하세요.. 진짜??,54,True,쭌곱창,normal,cho****,22,2025.11.15,2번째 방문,영수증,,저번에 먹고 너무 맛있었어서 또 방문했어요! 사장님도 너무 친절하시고 맛도 친절하세요.. 진짜??,,,0,2,저번에 먹고 너무 맛있었어서 또 방문했어요 사장님도 너무 친절하시고 맛도 친절하세요 진짜,54,49,0,0,1,0,0,0,0,0,0,0,2,1,1,0,0,0,0,0,1,1,3,1,1,0,0,0,1,1,1,0,0,1,0,0,1,0,0,0,0,0,1,0,0,0,0,0,0
쭌곱창,뽀송뽀쏭,2,2025.07.01,1번째 방문,영수증,계란이 있는 곱창볶음은 처음 먹어봐요! 소스가 다양한 것도 좋구 리뷰이벤트도 좋아염 ㅎㅎㅎㅎ,51,True,쭌곱창,normal,뽀송뽀쏭,2,2025.07.01,1번째 방문,영수증,,계란이 있는 곱창볶음은 처음 먹어봐요! 소스가 다양한 것도 좋구 리뷰이벤트도 좋아염 ㅎㅎㅎㅎ,,,0,1,계란이 있는 곱창볶음은 처음 먹어봐요 소스가 다양한 것도 좋구 리뷰이벤트도 좋아염,51,45,0,0,1,0,1,1,0,1,1,0,0,0,0,0,0,0,0,0,0,0,0,0,1,0,2,1,0,0,0,0,1,0,0,1,0,1,0,0,0,0,0,1,0,0,0,1,0
쭌곱창,신채원4271,1,2025.12.26,1번째 방문,영수증,홍대 올 때마다 꼭 먹고 갑니다 너무너무 맛있어요 친구가 추천해줘서 왔는데 너무 맛있어서 감동먹었어요,56,True,쭌곱창,normal,신채원4271,1,2025.12.26,1번째 방문,영수증,,홍대 올 때마다 꼭 먹고 갑니다 너무너무 맛있어요 친구가 추천해줘서 왔는데 너무 맛있어서 감동먹었어요,,,0,1,홍대 올 때마다 꼭 먹고 갑니다 너무너무 맛있어요 친구가 추천해줘서 왔는데 너무 맛있어서 감동먹었어요,56,56,0,0,1,0,0,0,0,0,0,0,0,0,0,1,1,0,0,0,3,1,3,1,0,0,0,0,0,0,0,1,1,0,0,1,0,0,0,0,0,0,1,0,0,0,0,0,0
쭌곱창,cha****,14,2025.06.27,1번째 방문,영수증,사장님이 너무 친절하시고 좋으시고 음식도 너무 맛있게 잘먹었습니다 다음에 또 올게요!,47,True,쭌곱창,normal,cha****,14,2025.06.27,1번째 방문,영수증,,사장님이 너무 친절하시고 좋으시고 음식도 너무 맛있게 잘먹었습니다 다음에 또 올게요!,,,0,1,사장님이 너무 친절하시고 좋으시고 음식도 너무 맛있게 잘먹었습니다 다음에 또 올게요,47,46,0,0,1,0,0,0,0,0,0,0,1,1,0,0,0,0,0,0,1,1,2,0,1,0,0,0,0,1,1,0,0,1,0,1,0,0,0,0,0,0,1,0,0,0,0,0,0
쭌곱창,Hye80,11,2025.04.04,1번째 방문,영수증,잡내도 하나도 안나고 양념도 정말 맛있어요! 사장님이 맛잘알이신거같아요... 소스도 다양하고 특별한 곁들임도 있어용 이것도 진짜 신기한데 의외로 너무너무 맛나니까 궁금한 분은 꼭 직접 드시러 와보시길??,112,True,쭌곱창,normal,Hye80,11,2025.04.04,1번째 방문,영수증,,잡내도 하나도 안나고 양념도 정말 맛있어요! 사장님이 맛잘알이신거같아요... 소스도 다양하고 특별한 곁들임도 있어용 이것도 진짜 신기한데 의외로 너무너무 맛나니까 궁금한 분은 꼭 직접 드시러 와보시길??,,,0,1,잡내도 하나도 안나고 양념도 정말 맛있어요 사장님이 맛잘알이신거같아요 소스도 다양하고 특별한 곁들임도 있어용 이것도 진짜 신기한데 의외로 너무너무 맛나니까 궁금한 분은 꼭 직접 드시러 와보시길,113,107,0,0,1,1,3,1,1,0,0,0,0,0,0,0,0,0,0,0,1,1,3,1,1,0,0,0,1,0,0,0,0,1,0,1,0,0,0,0,0,0,0,0,0,0,0,0,0
쭌곱창,ryan090311,24,2025.10.01,1번째 방문,영수증,맛있어요,4,True,쭌곱창,normal,ryan090311,24,2025.10.01,1번째 방문,영수증,,맛있어요,,,0,1,맛있어요,4,4,1,1,0,0,0,0,0,0,0,0,0,0,0,0,0,0,0,0,1,1,0,0,0,0,0,0,0,0,0,0,0,1,0,1,0,0,1,1,1,0,0,0,0,1,1,0,1
쭌곱창,From B52,50,2026.01.31,2번째 방문,예약,계속 생각나서 또 먹으러 왔어요!!!!! 맵긴 한데 진짜 맛있어요... 사장님이 알려주시는 조합대로도 먹고 소스가 종류가 다양해서 먹는 재미가 있어요!,84,True,쭌곱창,normal,From B52,50,2026.01.31,2번째 방문,예약,,계속 생각나서 또 먹으러 왔어요!!!!! 맵긴 한데 진짜 맛있어요... 사장님이 알려주시는 조합대로도 먹고 소스가 종류가 다양해서 먹는 재미가 있어요!,,,0,2,계속 생각나서 또 먹으러 왔어요 맵긴 한데 진짜 맛있어요 사장님이 알려주시는 조합대로도 먹고 소스가 종류가 다양해서 먹는 재미가 있어요,84,75,0,0,1,1,1,1,0,0,0,0,0,0,0,0,0,0,0,0,1,1,1,0,6,1,0,0,1,0,0,0,0,1,1,0,1,0,0,0,0,0,0,0,0,0,0,0,0
쭌곱창,b1a****,19,2025.07.04,1번째 방문,영수증,너무 친절하고 너무 맛있어요!! 평점 보고 방문햇는데 이유가 있네요!! 잘 먹고 갑니당 ??,50,True,쭌곱창,normal,b1a****,19,2025.07.04,1번째 방문,영수증,,너무 친절하고 너무 맛있어요!! 평점 보고 방문햇는데 이유가 있네요!! 잘 먹고 갑니당 ??,,,0,1,너무 친절하고 너무 맛있어요 평점 보고 방문햇는데 이유가 있네요 잘 먹고 갑니당,51,44,0,0,1,0,0,0,0,0,0,0,1,1,0,0,0,0,0,0,1,1,2,0,4,1,0,0,0,0,0,0,0,1,0,1,0,0,0,0,0,0,1,0,0,0,0,0,0
쭌곱창,lee****,43,2026.01.02,1번째 방문,영수증,잡내없이 매콤한 곱창이에요 쌈싸먹고 계란찜이랑 숙주랑 먹으니까 좋아요,38,True,쭌곱창,normal,lee****,43,2026.01.02,1번째 방문,영수증,,잡내없이 매콤한 곱창이에요 쌈싸먹고 계란찜이랑 숙주랑 먹으니까 좋아요,,,0,1,잡내없이 매콤한 곱창이에요 쌈싸먹고 계란찜이랑 숙주랑 먹으니까 좋아요,38,38,0,0,1,0,2,1,1,1,1,0,0,0,0,0,0,0,0,0,1,1,0,0,0,0,0,0,0,0,0,0,0,1,0,1,0,1,0,0,0,0,0,1,0,0,0,0,0
쭌곱창,junyeong0,13,2025.11.23,1번째 방문,예약,"저번에 먹고 맛있어서 친구들이랑 왔어요! 닭발이랑 갈비, 곱창 다 시켰는데 맛있어요 완전 소주 안주????????",59,True,쭌곱창,normal,junyeong0,13,2025.11.23,1번째 방문,예약,,"저번에 먹고 맛있어서 친구들이랑 왔어요! 닭발이랑 갈비, 곱창 다 시켰는데 맛있어요 완전 소주 안주????????",,,0,1,저번에 먹고 맛있어서 친구들이랑 왔어요 닭발이랑 갈비 곱창 다 시켰는데 맛있어요 완전 소주 안주,63,53,0,0,1,1,0,0,0,1,1,0,0,0,0,1,1,0,0,0,2,1,1,0,1,0,0,0,0,0,0,0,0,1,0,1,0,0,0,0,0,0,1,0,0,0,0,0,0
쭌곱창,DOSOME,28,2026.05.02,1번째 방문,영수증,내장 싫어하는 친구가 여기는 꼭 가봐야한다고 강추해서 왔습니다! 세트구성이 참 좋고 음식도 맛있어요. :-),60,True,쭌곱창,normal,DOSOME,28,2026.05.02,1번째 방문,영수증,,내장 싫어하는 친구가 여기는 꼭 가봐야한다고 강추해서 왔습니다! 세트구성이 참 좋고 음식도 맛있어요. :-),,,0,1,내장 싫어하는 친구가 여기는 꼭 가봐야한다고 강추해서 왔습니다 세트구성이 참 좋고 음식도 맛있어요,60,54,0,0,1,1,0,0,0,0,0,0,0,0,0,1,1,0,0,0,2,1,0,0,1,0,0,0,0,0,0,0,0,1,0,1,0,0,0,0,0,0,1,0,0,0,0,0,0
쭌곱창,행벅28,61,2026.03.06,1번째 방문,영수증,양도 많고 푸짐해서 맛있습니다!!! ??,21,True,쭌곱창,normal,행벅28,61,2026.03.06,1번째 방문,영수증,,양도 많고 푸짐해서 맛있습니다!!! ??,,,0,1,양도 많고 푸짐해서 맛있습니다,22,16,0,1,0,0,2,1,1,0,0,0,0,0,0,0,0,0,0,0,1,1,0,0,3,1,0,0,0,0,0,0,0,1,1,1,0,0,1,0,0,0,0,0,0,0,0,0,0
쭌곱창,Kartoon,24,2026.04.04,1번째 방문,영수증,맛있고 공간이 아늑해서 지인끼리 시간보내기 좋아요!,28,True,쭌곱창,normal,Kartoon,24,2026.04.04,1번째 방문,영수증,,맛있고 공간이 아늑해서 지인끼리 시간보내기 좋아요!,,,0,1,맛있고 공간이 아늑해서 지인끼리 시간보내기 좋아요,28,27,0,1,0,0,0,0,0,0,0,0,0,0,0,0,0,0,0,0,2,1,0,0,1,0,0,0,0,0,0,0,0,1,0,1,0,0,1,0,1,0,0,0,0,1,1,0,1
쭌곱창,nar****,45,2025.05.30,1번째 방문,영수증,"세트 중에 닭발, 곱창 같이 있는게 신박하고 좋았어요! 계란찜도 함께 올라와 있어서 매운 맛이 중화되는 느낌이에요!! 추천합니다????",73,True,쭌곱창,normal,nar****,45,2025.05.30,1번째 방문,영수증,,"세트 중에 닭발, 곱창 같이 있는게 신박하고 좋았어요! 계란찜도 함께 올라와 있어서 매운 맛이 중화되는 느낌이에요!! 추천합니다????",,,0,1,세트 중에 닭발 곱창 같이 있는게 신박하고 좋았어요 계란찜도 함께 올라와 있어서 매운 맛이 중화되는 느낌이에요 추천합니다,75,67,0,0,1,1,1,1,0,1,1,0,0,0,0,0,0,0,0,0,1,1,0,0,3,1,0,0,0,0,0,0,0,1,0,1,0,1,0,0,0,0,0,1,0,0,0,0,0
쭌곱창,Nuclear41,42,2026.03.14,1번째 방문,영수증,진짜 개맛있어요 특유의 불쇼도 멋있고 최고,23,True,쭌곱창,normal,Nuclear41,42,2026.03.14,1번째 방문,영수증,,진짜 개맛있어요 특유의 불쇼도 멋있고 최고,,,0,1,진짜 개맛있어요 특유의 불쇼도 멋있고 최고,23,23,0,1,0,0,0,0,0,0,0,0,0,0,0,0,0,0,0,0,2,1,2,0,0,0,0,0,1,0,0,0,0,1,0,1,0,0,1,0,1,0,0,0,0,1,1,0,1
쭌곱창,oiseoeo,16,2026.04.26,1번째 방문,영수증,저 평소에 곱창 짱 많이 먹는 사람인데 요기 진짜 너무너무노무너무너무너무너무 맛있어요!!!!!!!!!!!!!!???????????? 추천합니다 비 맞으면서 30분 거리 걸어온 보람이 있는 맛이에요 비주얼부터 ㅁㅊ개섹시 맛도 레전드 야무짐!!!!!!!! 동기들한테도 추천할 거예요!!!???????? 고기도 토치로 직접 구워주시고 먹는 법 따로 추천해 주샸는데 너무너무 맛있었어요…?? 알바분이랑 사장님도 굉장히 귀여우세요???? 자주 올게요!!!!!!!!!!!!!!!!!!!!??????,260,True,쭌곱창,normal,oiseoeo,16,2026.04.26,1번째 방문,영수증,,저 평소에 곱창 짱 많이 먹는 사람인데 요기 진짜 너무너무노무너무너무너무너무 맛있어요!!!!!!!!!!!!!!???????????? 추천합니다 비 맞으면서 30분 거리 걸어온 보람이 있는 맛이에요 비주얼부터 ㅁㅊ개섹시 맛도 레전드 야무짐!!!!!!!! 동기들한테도 추천할 거예요!!!???????? 고기도 토치로 직접 구워주시고 먹는 법 따로 추천해 주샸는데 너무너무 맛있었어요…?? 알바분이랑 사장님도 굉장히 귀여우세요???? 자주 올게요!!!!!!!!!!!!!!!!!!!!??????,,,0,1,저 평소에 곱창 짱 많이 먹는 사람인데 요기 진짜 너무너무노무너무너무너무너무 맛있어요 추천합니다 비 맞으면서 30분 거리 걸어온 보람이 있는 맛이에요 비주얼부터 개섹시 맛도 레전드 야무짐 동기들한테도 추천할 거예요 고기도 토치로 직접 구워주시고 먹는 법 따로 추천해 주샸는데 너무너무 맛있었어요 알바분이랑 사장님도 굉장히 귀여우세요 자주 올게요,272,192,0,0,1,1,0,0,0,1,1,0,0,0,0,0,0,1,1,1,5,1,10,1,45,1,0,0,1,0,0,0,0,1,0,1,0,0,0,0,0,0,1,0,0,0,0,0,0
쭌곱창,서건창1,52,2025.06.22,1번째 방문,영수증,양도 많고 계란찜 진짜 맛있습니다ㅎㅎㅎ 곱창은 넘넘 맛있어요 다양한 소스까지 즐길수 있어서 좋습니더 강추,58,True,쭌곱창,normal,서건창1,52,2025.06.22,1번째 방문,영수증,,양도 많고 계란찜 진짜 맛있습니다ㅎㅎㅎ 곱창은 넘넘 맛있어요 다양한 소스까지 즐길수 있어서 좋습니더 강추,,,0,1,양도 많고 계란찜 진짜 맛있습니다 곱창은 넘넘 맛있어요 다양한 소스까지 즐길수 있어서 좋습니더 강추,58,55,0,0,1,0,2,1,1,1,1,0,0,0,0,0,0,0,0,0,5,1,1,0,0,0,0,0,1,0,0,0,0,1,1,1,0,1,0,0,0,0,0,1,0,0,0,0,0
쭌곱창,연서야앙,7,2025.12.09,1번째 방문,영수증,두번째 방문인데요 여전히 맛있구 직원도 넘넘 친절해서 좋은 시간이 됐습니당 앞으로 자주 올 것 가타용 ??,58,True,쭌곱창,normal,연서야앙,7,2025.12.09,1번째 방문,영수증,,두번째 방문인데요 여전히 맛있구 직원도 넘넘 친절해서 좋은 시간이 됐습니당 앞으로 자주 올 것 가타용 ??,,,0,1,두번째 방문인데요 여전히 맛있구 직원도 넘넘 친절해서 좋은 시간이 됐습니당 앞으로 자주 올 것 가타용,59,56,0,0,1,0,0,0,0,0,0,0,2,1,1,0,0,0,0,0,3,1,0,0,0,0,0,0,0,0,0,0,0,0,0,1,0,0,0,0,0,0,1,0,0,0,0,0,0
쭌곱창,hsi0227,57,2025.05.16,1번째 방문,영수증,너무 멋있어요 ~!! 잘 먹을게요 ♥???,22,True,쭌곱창,normal,hsi0227,57,2025.05.16,1번째 방문,영수증,,너무 멋있어요 ~!! 잘 먹을게요 ♥???,,,0,1,너무 멋있어요 잘 먹을게요,23,14,0,1,0,0,0,0,0,0,0,0,0,0,0,0,0,0,0,0,0,0,1,0,2,0,0,0,0,0,0,0,0,1,1,1,0,0,0,0,0,0,0,0,0,1,0,0,1
쭌곱창,상콤ice80,65,2026.01.25,1번째 방문,영수증,맛잇어요?????? 비주얼합격 맛합격,17,True,쭌곱창,normal,상콤ice80,65,2026.01.25,1번째 방문,영수증,,맛잇어요?????? 비주얼합격 맛합격,,,0,1,맛잇어요 비주얼합격 맛합격,20,14,0,1,0,0,0,0,0,0,0,0,0,0,0,0,0,0,0,0,0,0,0,0,0,0,0,0,0,0,0,0,0,1,1,1,0,0,0,0,0,0,0,0,0,1,0,0,1
쭌곱창,hye****,9,2026.03.21,1번째 방문,예약,너무너무 맛있어요.. 최고!!,16,True,쭌곱창,normal,hye****,9,2026.03.21,1번째 방문,예약,,너무너무 맛있어요.. 최고!!,,,0,1,너무너무 맛있어요 최고,16,12,0,1,0,0,0,0,0,0,0,0,0,0,0,0,0,0,0,0,2,1,2,0,2,0,0,0,0,0,0,0,0,0,0,1,0,0,1,0,1,0,0,0,0,1,1,0,1
쭌곱창,eun****,3,2026.03.11,1번째 방문,,"곱창닭발세트 먹으러 갔는데 정말 만족하고 왔어요! ?? 사장님이 너무 친절하셔서 들어가자마자 기분이 좋았고, 먹는 방법도 자세하게 알려주셔서 더 맛있게 즐길 수 있었어요. 어떻게 먹으면 더 맛있는지 하나하나 설명해주셔서 그냥 먹을 때보다 훨씬 맛있게 느껴지더라고요. 곱창이랑 닭발 조합도 너무 좋았고, 양념도 맛있어서 계속 손이 갔어요. 무엇보다 여기에서만 먹을 수 있을 것 같은 특별한 맛이라 더 기억에 남는 것 같아요. 친절한 사장님 덕분에 기분 좋게 식사했고, 맛도 좋아서 다음에 또 방문하고 싶은 맛집입니다! ??",289,True,쭌곱창,normal,eun****,3,2026.03.11,1번째 방문,,,"곱창닭발세트 먹으러 갔는데 정말 만족하고 왔어요! ?? 사장님이 너무 친절하셔서 들어가자마자 기분이 좋았고, 먹는 방법도 자세하게 알려주셔서 더 맛있게 즐길 수 있었어요. 어떻게 먹으면 더 맛있는지 하나하나 설명해주셔서 그냥 먹을 때보다 훨씬 맛있게 느껴지더라고요. 곱창이랑 닭발 조합도 너무 좋았고, 양념도 맛있어서 계속 손이 갔어요. 무엇보다 여기에서만 먹을 수 있을 것 같은 특별한 맛이라 더 기억에 남는 것 같아요. 친절한 사장님 덕분에 기분 좋게 식사했고, 맛도 좋아서 다음에 또 방문하고 싶은 맛집입니다! ??",,,0,1,곱창닭발세트 먹으러 갔는데 정말 만족하고 왔어요 사장님이 너무 친절하셔서 들어가자마자 기분이 좋았고 먹는 방법도 자세하게 알려주셔서 더 맛있게 즐길 수 있었어요 어떻게 먹으면 더 맛있는지 하나하나 설명해주셔서 그냥 먹을 때보다 훨씬 맛있게 느껴지더라고요 곱창이랑 닭발 조합도 너무 좋았고 양념도 맛있어서 계속 손이 갔어요 무엇보다 여기에서만 먹을 수 있을 것 같은 특별한 맛이라 더 기억에 남는 것 같아요 친절한 사장님 덕분에 기분 좋게 식사했고 맛도 좋아서 다음에 또 방문하고 싶은 맛집입니다,291,276,0,0,1,1,1,1,0,2,1,1,2,1,1,0,0,0,0,0,5,1,2,0,2,0,0,0,1,1,1,0,1,0,0,1,0,1,0,0,0,0,1,1,0,0,0,0,0
쭌곱창,gmp****,19,2025.05.31,1번째 방문,영수증,직원분도 친절하시고 오랜만에 먹는 곱창이라 기대하면서 먹었는데 맛있었습니다.,42,True,쭌곱창,normal,gmp****,19,2025.05.31,1번째 방문,영수증,,직원분도 친절하시고 오랜만에 먹는 곱창이라 기대하면서 먹었는데 맛있었습니다.,,,0,1,직원분도 친절하시고 오랜만에 먹는 곱창이라 기대하면서 먹었는데 맛있었습니다,42,41,0,0,1,0,0,0,0,1,1,0,2,1,1,0,0,0,0,0,1,1,0,0,0,0,0,0,0,0,0,0,0,1,0,1,0,0,0,0,0,0,1,0,0,0,0,0,0
쭌곱창,min****,23,2025.07.26,1번째 방문,영수증,두번째 방문입니다…!!! 자꾸 생각나는 맛이라 오늘도 맛있게 먹고 갑니다~~!,43,True,쭌곱창,normal,min****,23,2025.07.26,1번째 방문,영수증,,두번째 방문입니다…!!! 자꾸 생각나는 맛이라 오늘도 맛있게 먹고 갑니다~~!,,,0,1,두번째 방문입니다 자꾸 생각나는 맛이라 오늘도 맛있게 먹고 갑니다,43,36,0,0,1,0,0,0,0,0,0,0,0,0,0,0,0,0,0,0,1,1,0,0,4,1,0,0,0,0,0,0,0,1,0,1,0,0,0,0,1,0,0,0,0,0,0,0,0
쭌곱창,JHR99,36,2025.12.31,1번째 방문,영수증,너어무 맛있어요!!!!! 후기가 많은 이유를 알겟슴!!!! 덕분에 행복한 연말 보냅니다!!!,51,True,쭌곱창,normal,JHR99,36,2025.12.31,1번째 방문,영수증,,너어무 맛있어요!!!!! 후기가 많은 이유를 알겟슴!!!! 덕분에 행복한 연말 보냅니다!!!,,,0,1,너어무 맛있어요 후기가 많은 이유를 알겟슴 덕분에 행복한 연말 보냅니다,51,39,0,0,1,0,0,0,0,0,0,0,0,0,0,0,0,0,0,0,1,1,0,0,12,1,0,0,0,0,0,0,0,1,0,1,0,0,0,0,1,0,0,0,0,0,0,0,0
쭌곱창,발바닥불나용,16,2026.02.15,1번째 방문,영수증,제 또또또간집이에요 올때마다 너무 맛있고 항상 만족합니다!!,33,True,쭌곱창,normal,발바닥불나용,16,2026.02.15,1번째 방문,영수증,,제 또또또간집이에요 올때마다 너무 맛있고 항상 만족합니다!!,,,0,1,제 또또또간집이에요 올때마다 너무 맛있고 항상 만족합니다,33,31,0,0,1,0,0,0,0,0,0,0,0,0,0,0,0,0,0,0,1,1,1,0,2,0,0,0,0,0,0,0,0,1,0,1,0,0,0,0,1,0,0,0,0,0,0,0,0
쭌곱창,노야46,22,2025.05.05,1번째 방문,영수증,너무 맛있고 분위기도 너무 좋아요!! 강추드립니다???? 불쇼도 최고????,38,True,쭌곱창,normal,노야46,22,2025.05.05,1번째 방문,영수증,,너무 맛있고 분위기도 너무 좋아요!! 강추드립니다???? 불쇼도 최고????,,,0,1,너무 맛있고 분위기도 너무 좋아요 강추드립니다 불쇼도 최고,42,32,0,0,1,0,0,0,0,0,0,0,1,1,0,0,0,0,0,0,4,1,2,0,2,0,0,0,0,0,0,0,0,1,0,1,0,0,0,0,0,0,1,0,0,0,0,0,0
쭌곱창,화나면우는사람,29,2025.05.16,1번째 방문,영수증,우연히 들렸는데 너무 맛있어용,16,True,쭌곱창,normal,화나면우는사람,29,2025.05.16,1번째 방문,영수증,,우연히 들렸는데 너무 맛있어용,,,0,1,우연히 들렸는데 너무 맛있어용,16,16,0,1,0,0,0,0,0,0,0,0,0,0,0,0,0,0,0,0,1,1,1,0,0,0,0,0,0,0,0,0,0,1,0,1,0,0,1,0,1,0,0,0,0,1,1,0,1
쭌곱창,행복한꾸꾸,7,2025.08.18,1번째 방문,영수증,6년전에 처음와서 멀리 살아도 간간히 꼭 찾아서와요. 불향에 곱창 진짜 쫀득하연서 맛있고 분위기에 양념도 너무 맛있어요. 앞으로도 종종 올게요!,80,True,쭌곱창,normal,행복한꾸꾸,7,2025.08.18,1번째 방문,영수증,,6년전에 처음와서 멀리 살아도 간간히 꼭 찾아서와요. 불향에 곱창 진짜 쫀득하연서 맛있고 분위기에 양념도 너무 맛있어요. 앞으로도 종종 올게요!,,,0,1,6년전에 처음와서 멀리 살아도 간간히 꼭 찾아서와요 불향에 곱창 진짜 쫀득하연서 맛있고 분위기에 양념도 너무 맛있어요 앞으로도 종종 올게요,80,77,0,0,1,1,1,1,0,1,1,0,1,1,0,0,0,1,0,0,2,1,2,0,1,0,0,0,1,0,0,0,0,0,0,1,0,1,0,0,0,0,1,1,0,0,0,0,0
쭌곱창,beauty10,3,2026.02.13,1번째 방문,영수증,3년째 오고있어요 정말 맛있어요!!,19,True,쭌곱창,normal,beauty10,3,2026.02.13,1번째 방문,영수증,,3년째 오고있어요 정말 맛있어요!!,,,0,1,3년째 오고있어요 정말 맛있어요,19,17,0,1,0,0,0,0,0,0,0,0,0,0,0,0,0,1,0,0,1,1,0,0,2,0,0,0,0,0,0,0,1,0,0,1,0,0,1,0,1,0,0,0,0,1,1,0,1
쭌곱창,콩이 엄마8431,5,2025.11.29,1번째 방문,영수증,사장님께서 직접 구워주시고 친절하게 먹는 방법도 알려주셔서 쉽고 빠르게 먹었어요! 다음에도 다시 방문하겠습니다??,62,True,쭌곱창,normal,콩이 엄마8431,5,2025.11.29,1번째 방문,영수증,,사장님께서 직접 구워주시고 친절하게 먹는 방법도 알려주셔서 쉽고 빠르게 먹었어요! 다음에도 다시 방문하겠습니다??,,,0,1,사장님께서 직접 구워주시고 친절하게 먹는 방법도 알려주셔서 쉽고 빠르게 먹었어요 다음에도 다시 방문하겠습니다,63,60,0,0,1,1,0,0,0,0,0,0,1,1,0,0,0,0,0,0,0,0,0,0,1,0,0,0,0,0,0,0,1,0,0,1,0,0,0,0,0,0,1,0,0,0,0,0,0
쭌곱창,연섭,38,2025.09.12,2번째 방문,영수증,사장님 너무 친절하시고 좋으세요 :) 고등학생때도 오고 성인 되어서도 오고 평생 맛집입니다,50,True,쭌곱창,normal,연섭,38,2025.09.12,2번째 방문,영수증,,사장님 너무 친절하시고 좋으세요 :) 고등학생때도 오고 성인 되어서도 오고 평생 맛집입니다,,,0,2,사장님 너무 친절하시고 좋으세요 고등학생때도 오고 성인 되어서도 오고 평생 맛집입니다,50,47,0,0,1,0,0,0,0,0,0,0,1,1,0,0,0,0,0,0,1,1,1,0,0,0,0,0,0,0,0,0,0,1,0,0,1,0,0,0,0,0,1,0,0,0,0,0,0
쭌곱창,쟈363,65,2025.07.07,1번째 방문,영수증,오랜만에 방문했는데 역시 맛있어요! 조금 늦었으면 바로 웨이팅이었을듯ㅠㅠ역시 오랜 시간 홍대에서 살아남은 곳은 이유가 있어요!!양념이 진짜 킥이고 다양한 소스랑 생크림파인애들까지 너무 완벽해요!! 술쟁이들 헤쳐모여!!??????,124,True,쭌곱창,normal,쟈363,65,2025.07.07,1번째 방문,영수증,,오랜만에 방문했는데 역시 맛있어요! 조금 늦었으면 바로 웨이팅이었을듯ㅠㅠ역시 오랜 시간 홍대에서 살아남은 곳은 이유가 있어요!!양념이 진짜 킥이고 다양한 소스랑 생크림파인애들까지 너무 완벽해요!! 술쟁이들 헤쳐모여!!??????,,,0,1,오랜만에 방문했는데 역시 맛있어요 조금 늦었으면 바로 웨이팅이었을듯 역시 오랜 시간 홍대에서 살아남은 곳은 이유가 있어요 양념이 진짜 킥이고 다양한 소스랑 생크림파인애들까지 너무 완벽해요 술쟁이들 헤쳐모여,127,114,0,0,1,1,2,1,1,0,0,0,1,1,0,0,0,0,0,0,1,1,2,0,7,1,0,0,1,0,0,0,0,1,1,1,0,0,0,0,0,0,1,0,1,0,0,0,0
쭌곱창,갈릭이 어니언,11,2026.02.25,1번째 방문,영수증,너무 맛있고 양도 푸짐해요!!,16,True,쭌곱창,normal,갈릭이 어니언,11,2026.02.25,1번째 방문,영수증,,너무 맛있고 양도 푸짐해요!!,,,0,1,너무 맛있고 양도 푸짐해요,16,14,0,1,0,0,2,1,1,0,0,0,0,0,0,0,0,0,0,0,1,1,1,0,2,0,0,0,0,0,0,0,0,1,0,1,0,0,1,0,0,0,0,0,0,0,0,0,0
쭌곱창,kin****,13,2025.11.09,1번째 방문,영수증,여자친구랑 데이트하러 와서 맛있게 잘먹고 갑니다~~,28,True,쭌곱창,normal,kin****,13,2025.11.09,1번째 방문,영수증,,여자친구랑 데이트하러 와서 맛있게 잘먹고 갑니다~~,,,0,1,여자친구랑 데이트하러 와서 맛있게 잘먹고 갑니다,28,26,0,1,0,0,0,0,0,0,0,0,0,0,0,2,1,0,0,0,1,1,0,0,0,0,0,0,0,0,0,0,0,1,0,1,0,0,1,0,0,0,1,0,0,0,1,0,0
쭌곱창,ccfdd,5,2025.08.24,1번째 방문,영수증,중독적인 맛이에요 맛있게 잘 먹고 갑니다 ^^,25,True,쭌곱창,normal,ccfdd,5,2025.08.24,1번째 방문,영수증,,중독적인 맛이에요 맛있게 잘 먹고 갑니다 ^^,,,0,1,중독적인 맛이에요 맛있게 잘 먹고 갑니다,25,22,0,1,0,0,0,0,0,0,0,0,0,0,0,0,0,0,0,0,1,1,0,0,0,0,0,0,0,0,0,0,1,0,0,1,0,0,1,0,1,0,0,0,0,1,1,0,1
쭌곱창,ryu****,6,2025.05.03,1번째 방문,영수증,홍대에서 이 정도 가격에 이 정도의 곱창이 나올 수 있네요… 세트 가성비 미쳤습니다!!,48,True,쭌곱창,normal,ryu****,6,2025.05.03,1번째 방문,영수증,,홍대에서 이 정도 가격에 이 정도의 곱창이 나올 수 있네요… 세트 가성비 미쳤습니다!!,,,0,1,홍대에서 이 정도 가격에 이 정도의 곱창이 나올 수 있네요 세트 가성비 미쳤습니다,48,45,0,0,1,0,0,0,0,1,1,0,2,1,1,0,0,0,0,0,0,0,0,0,2,0,0,0,0,0,0,0,0,0,0,1,0,0,0,0,0,0,1,0,0,0,0,0,0
쭌곱창,CHAMCHI,3,2025.10.28,1번째 방문,영수증,홍대 쭌곱창 몇 번 와봤는데 항상 맛있고 사장님도 친절하십니다 추천합니다!!,42,True,쭌곱창,normal,CHAMCHI,3,2025.10.28,1번째 방문,영수증,,홍대 쭌곱창 몇 번 와봤는데 항상 맛있고 사장님도 친절하십니다 추천합니다!!,,,0,1,홍대 쭌곱창 몇 번 와봤는데 항상 맛있고 사장님도 친절하십니다 추천합니다,42,40,0,0,1,0,0,0,0,1,1,0,1,1,0,0,0,0,0,0,2,1,0,0,2,0,0,0,0,0,0,0,1,0,0,1,0,0,0,0,0,0,1,0,0,0,0,0,0
쭌곱창,으그그각,10,2025.12.19,1번째 방문,영수증,너무 맛있어요옹????,10,True,쭌곱창,normal,으그그각,10,2025.12.19,1번째 방문,영수증,,너무 맛있어요옹????,,,0,1,너무 맛있어요옹,12,8,0,1,0,0,0,0,0,0,0,0,0,0,0,0,0,0,0,0,1,1,1,0,0,0,0,0,0,0,0,0,0,1,0,1,0,0,1,0,1,0,0,0,0,1,1,0,1
쭌곱창,wjd****,33,2025.09.18,1번째 방문,영수증,자극적인 맛으로 소주랑 먹기 딱 좋아요 아늑하고 좋은 분위기입니다,36,True,쭌곱창,normal,wjd****,33,2025.09.18,1번째 방문,영수증,,자극적인 맛으로 소주랑 먹기 딱 좋아요 아늑하고 좋은 분위기입니다,,,0,1,자극적인 맛으로 소주랑 먹기 딱 좋아요 아늑하고 좋은 분위기입니다,36,36,0,0,1,0,0,0,0,0,0,0,1,1,0,0,0,0,0,0,1,1,0,0,0,0,0,0,0,0,0,0,0,1,0,1,0,0,0,0,0,0,1,0,0,0,0,0,0
쭌곱창,eri****,27,2026.05.02,1번째 방문,영수증,맛있어요! 술이 술술 들어가네요:),19,True,쭌곱창,normal,eri****,27,2026.05.02,1번째 방문,영수증,,맛있어요! 술이 술술 들어가네요:),,,0,1,맛있어요 술이 술술 들어가네요,19,16,0,1,0,0,0,0,0,0,0,0,0,0,0,0,0,0,0,0,1,1,0,0,1,0,0,0,0,0,0,0,0,1,0,1,0,0,1,0,1,0,0,0,0,1,1,0,1
쭌곱창,syl****,5,2026.02.17,1번째 방문,영수증,처음 온 곳인데 다른 곱창집이랑 다르게 메뉴구성이 알차요 그리고 맛도 잡내 안내고 맛있습니다 사장님도 착하세요????,64,True,쭌곱창,normal,syl****,5,2026.02.17,1번째 방문,영수증,,처음 온 곳인데 다른 곱창집이랑 다르게 메뉴구성이 알차요 그리고 맛도 잡내 안내고 맛있습니다 사장님도 착하세요????,,,0,1,처음 온 곳인데 다른 곱창집이랑 다르게 메뉴구성이 알차요 그리고 맛도 잡내 안내고 맛있습니다 사장님도 착하세요,65,61,0,0,1,1,1,1,0,1,1,0,0,0,0,0,0,0,0,0,1,1,0,0,0,0,0,0,0,0,0,0,1,0,0,1,0,1,0,0,0,0,0,1,0,0,0,0,0
쭌곱창,yuy****,3,2025.10.05,1번째 방문,영수증,남자친구와 둘이 와서 새트c 시켰는데 양도 많고 사장님도 친절하셔서 너무 맛있게 먹고 가요 생크림파인애플도 기대 안 했는데 너무 맛있었어요!!,79,True,쭌곱창,normal,yuy****,3,2025.10.05,1번째 방문,영수증,,남자친구와 둘이 와서 새트c 시켰는데 양도 많고 사장님도 친절하셔서 너무 맛있게 먹고 가요 생크림파인애플도 기대 안 했는데 너무 맛있었어요!!,,,0,1,남자친구와 둘이 와서 새트c 시켰는데 양도 많고 사장님도 친절하셔서 너무 맛있게 먹고 가요 생크림파인애플도 기대 안 했는데 너무 맛있었어요,79,77,0,0,1,1,1,1,0,0,0,0,1,1,0,1,1,0,0,0,2,1,2,0,2,0,0,0,0,0,0,0,1,0,0,1,0,0,0,0,0,0,1,0,0,0,0,0,0
쭌곱창,민민127,20,2025.08.17,1번째 방문,예약,오랜만에 왔는데 숙주랑 고기가 새로 생겼어요 넘 맛있음 ㅜㅜㅜㅜ,35,True,쭌곱창,normal,민민127,20,2025.08.17,1번째 방문,예약,,오랜만에 왔는데 숙주랑 고기가 새로 생겼어요 넘 맛있음 ㅜㅜㅜㅜ,,,0,1,오랜만에 왔는데 숙주랑 고기가 새로 생겼어요 넘 맛있음,35,30,0,0,1,0,0,0,0,0,0,0,0,0,0,0,0,0,0,0,2,1,0,0,0,0,0,0,0,0,0,0,0,1,0,1,0,0,0,0,1,0,0,0,0,0,0,0,0
쭌곱창,mot****,6,2026.01.18,1번째 방문,영수증,사장님도 친절하시고 음식도 최고~ ?? ??,22,True,쭌곱창,normal,mot****,6,2026.01.18,1번째 방문,영수증,,사장님도 친절하시고 음식도 최고~ ?? ??,,,0,1,사장님도 친절하시고 음식도 최고,24,17,0,1,0,0,0,0,0,0,0,0,1,1,0,0,0,0,0,0,1,1,0,0,0,0,0,0,0,0,0,0,0,0,0,1,0,0,1,0,0,0,1,0,0,0,1,0,0
쭌곱창,김민재6547,18,2025.08.22,1번째 방문,영수증,빠르게 나오고 진짜 맛있어요,15,True,쭌곱창,normal,김민재6547,18,2025.08.22,1번째 방문,영수증,,빠르게 나오고 진짜 맛있어요,,,0,1,빠르게 나오고 진짜 맛있어요,15,15,0,1,0,0,0,0,0,0,0,0,0,0,0,0,0,0,0,0,1,1,1,0,0,0,0,0,1,0,0,0,0,1,0,1,0,0,1,0,1,0,0,0,0,1,1,0,1
쭌곱창,꾸미632,15,2025.05.14,1번째 방문,영수증,지나다니면서 사람 많은곳이라 맛있어 보여 들어왔는데 소스도 많고 세트로 시켰는데 맛있어요,49,True,쭌곱창,normal,꾸미632,15,2025.05.14,1번째 방문,영수증,,지나다니면서 사람 많은곳이라 맛있어 보여 들어왔는데 소스도 많고 세트로 시켰는데 맛있어요,,,0,1,지나다니면서 사람 많은곳이라 맛있어 보여 들어왔는데 소스도 많고 세트로 시켰는데 맛있어요,49,49,0,0,1,0,0,0,0,0,0,0,0,0,0,0,0,0,0,0,2,1,0,0,0,0,0,0,0,0,0,0,0,1,0,1,0,0,0,0,1,0,0,0,0,0,0,0,0
쭌곱창,며닠,3,2026.04.04,1번째 방문,영수증,처음 와봤는데 존맛탱 불향까지 완벽 깻잎에 무조건 싸먹어야 해여 필수입니다!,42,True,쭌곱창,normal,며닠,3,2026.04.04,1번째 방문,영수증,,처음 와봤는데 존맛탱 불향까지 완벽 깻잎에 무조건 싸먹어야 해여 필수입니다!,,,0,1,처음 와봤는데 존맛탱 불향까지 완벽 깻잎에 무조건 싸먹어야 해여 필수입니다,42,41,0,0,1,0,0,0,0,0,0,0,0,0,0,0,0,0,0,0,0,0,1,0,1,0,0,0,0,0,0,0,1,0,0,1,0,0,0,0,0,0,0,0,0,0,0,0,0
쭌곱창,김다영53,15,2025.10.05,1번째 방문,영수증,맛있어요! 다국적인 분위기입니다 메뉴가 반반 섞여있아서 둘다 먹고 싶었는데 딱 좋아요,47,True,쭌곱창,normal,김다영53,15,2025.10.05,1번째 방문,영수증,,맛있어요! 다국적인 분위기입니다 메뉴가 반반 섞여있아서 둘다 먹고 싶었는데 딱 좋아요,,,0,1,맛있어요 다국적인 분위기입니다 메뉴가 반반 섞여있아서 둘다 먹고 싶었는데 딱 좋아요,47,46,0,0,1,0,0,0,0,0,0,0,1,1,0,0,0,0,0,0,2,1,0,0,1,0,0,0,0,0,0,0,0,1,0,1,0,0,0,0,0,0,1,0,0,0,0,0,0
쭌곱창,이생망9437,18,2025.12.03,1번째 방문,영수증,"음식이 빨리 나와서 좋았고, 곱창이랑 닭발 불맛이 많이 나서 맛있었어요! 그리고 맛있게 먹는 쌈이 있는데 너무 취향저격이어서 좋았습니다",75,True,쭌곱창,normal,이생망9437,18,2025.12.03,1번째 방문,영수증,,"음식이 빨리 나와서 좋았고, 곱창이랑 닭발 불맛이 많이 나서 맛있었어요! 그리고 맛있게 먹는 쌈이 있는데 너무 취향저격이어서 좋았습니다",,,0,1,음식이 빨리 나와서 좋았고 곱창이랑 닭발 불맛이 많이 나서 맛있었어요 그리고 맛있게 먹는 쌈이 있는데 너무 취향저격이어서 좋았습니다,75,73,0,0,1,1,0,0,0,1,1,0,0,0,0,0,0,0,0,0,2,1,1,0,1,0,0,0,0,0,0,0,0,1,0,1,0,0,0,0,1,1,0,0,0,0,0,0,0
쭌곱창,킴히41,19,2025.11.08,1번째 방문,영수증,진짜 너무 맛있어요 인생맛집이예요!!! 또 올게요??,28,True,쭌곱창,normal,킴히41,19,2025.11.08,1번째 방문,영수증,,진짜 너무 맛있어요 인생맛집이예요!!! 또 올게요??,,,0,1,진짜 너무 맛있어요 인생맛집이예요 또 올게요,29,24,0,1,0,0,0,0,0,0,0,0,0,0,0,0,0,0,0,0,2,1,2,0,3,1,0,0,1,1,1,0,0,1,0,1,0,0,1,0,1,0,0,0,0,1,1,0,1
쭌곱창,ato****,22,2026.04.11,1번째 방문,영수증,"친구가 여기 맛집이라고 해서 오게 됐는데요, 사장님도 너무 친절하고 맛있어요!!! 불향이라 맛있게 먹는법도 알려줘서 너무 좋아요!",72,True,쭌곱창,normal,ato****,22,2026.04.11,1번째 방문,영수증,,"친구가 여기 맛집이라고 해서 오게 됐는데요, 사장님도 너무 친절하고 맛있어요!!! 불향이라 맛있게 먹는법도 알려줘서 너무 좋아요!",,,0,1,친구가 여기 맛집이라고 해서 오게 됐는데요 사장님도 너무 친절하고 맛있어요 불향이라 맛있게 먹는법도 알려줘서 너무 좋아요,72,67,0,0,1,1,0,0,0,0,0,0,1,1,0,1,1,0,0,0,4,1,2,0,4,1,0,0,0,0,0,0,0,1,0,1,0,0,0,0,0,0,1,0,0,0,0,0,0
쭌곱창,엉잉57,6,2026.01.23,1번째 방문,영수증,새로운 곱창집 맛있어요 ㅠㅠ,15,True,쭌곱창,normal,엉잉57,6,2026.01.23,1번째 방문,영수증,,새로운 곱창집 맛있어요 ㅠㅠ,,,0,1,새로운 곱창집 맛있어요,15,12,0,1,0,0,0,0,0,1,1,0,0,0,0,0,0,0,0,0,1,1,0,0,0,0,0,0,0,0,0,0,0,0,0,1,0,0,1,0,1,1,0,0,0,1,1,0,1
쭌곱창,y87,4,2025.09.04,1번째 방문,영수증,너무 맛있어용!!! 오랜만에 방문했는데 예전 맛 그대로 더 맛있어서 감동이에용 ㅠㅠ,46,True,쭌곱창,normal,y87,4,2025.09.04,1번째 방문,영수증,,너무 맛있어용!!! 오랜만에 방문했는데 예전 맛 그대로 더 맛있어서 감동이에용 ㅠㅠ,,,0,1,너무 맛있어용 오랜만에 방문했는데 예전 맛 그대로 더 맛있어서 감동이에용,46,40,0,0,1,0,0,0,0,0,0,0,0,0,0,0,0,0,0,0,2,1,1,0,3,1,0,0,0,0,0,0,1,0,0,1,0,0,0,0,1,0,0,0,0,0,0,0,0
쭌곱창,run****,18,2025.12.04,1번째 방문,영수증,최고에요!!!!!!!!!!! 앞으로 곱창은 여기서..??????????,34,True,쭌곱창,normal,run****,18,2025.12.04,1번째 방문,영수증,,최고에요!!!!!!!!!!! 앞으로 곱창은 여기서..??????????,,,0,1,최고에요 앞으로 곱창은 여기서,39,16,0,0,1,0,0,0,0,1,1,0,0,0,0,0,0,0,0,0,1,1,0,0,11,1,0,0,0,0,0,0,0,1,0,1,0,0,0,0,1,1,0,0,0,0,0,0,0
쭌곱창,이야아아소소명망망밍,7,2026.01.18,1번째 방문,영수증,곱창 진짜 맛있어요!!!!! 꼭 먹어 보세요!!,26,True,쭌곱창,normal,이야아아소소명망망밍,7,2026.01.18,1번째 방문,영수증,,곱창 진짜 맛있어요!!!!! 꼭 먹어 보세요!!,,,0,1,곱창 진짜 맛있어요 꼭 먹어 보세요,26,19,0,1,0,0,0,0,0,1,1,0,0,0,0,0,0,0,0,0,1,1,1,0,7,1,0,0,1,0,0,0,0,0,0,1,0,0,1,0,1,1,0,0,0,1,1,0,1
쭌곱창,csh****,13,2025.06.06,1번째 방문,영수증,추천으로 예약하고 방문하게 되었는데 너무 맛있고 친절하셔서 기분좋게 식사했습니다! 다시 방문의사 100%!! ?? 번창하세요~~^^,72,True,쭌곱창,normal,csh****,13,2025.06.06,1번째 방문,영수증,,추천으로 예약하고 방문하게 되었는데 너무 맛있고 친절하셔서 기분좋게 식사했습니다! 다시 방문의사 100%!! ?? 번창하세요~~^^,,,0,1,추천으로 예약하고 방문하게 되었는데 너무 맛있고 친절하셔서 기분좋게 식사했습니다 다시 방문의사 100 번창하세요,73,62,0,0,1,1,0,0,0,0,0,0,1,1,0,0,0,1,0,0,2,1,1,0,3,1,0,0,0,0,0,0,0,1,0,1,0,0,0,0,0,0,1,0,0,0,0,0,0
쭌곱창,choilee011280,77,2026.04.24,1번째 방문,영수증,맛있어요~~~~~!,10,True,쭌곱창,normal,choilee011280,77,2026.04.24,1번째 방문,영수증,,맛있어요~~~~~!,,,0,1,맛있어요,10,4,0,1,0,0,0,0,0,0,0,0,0,0,0,0,0,0,0,0,1,1,0,0,1,0,0,0,0,0,0,0,0,1,1,1,0,0,1,0,1,0,0,0,0,1,1,0,1
쭌곱창,오르찬5,8,2026.04.03,1번째 방문,영수증,와.. 여기 너무 맛집이예요!!! 곱창과 갈비를 한 번에 먹을 수 있다고?!! 너무 맛있어요+_+// 매콤한데 파인애플 소스로 싸악 감싸지는데 너무 도랏맨ㅠㅠ 다음에 친구랑 또 올래요:),104,True,쭌곱창,normal,오르찬5,8,2026.04.03,1번째 방문,영수증,,와.. 여기 너무 맛집이예요!!! 곱창과 갈비를 한 번에 먹을 수 있다고?!! 너무 맛있어요+_+// 매콤한데 파인애플 소스로 싸악 감싸지는데 너무 도랏맨ㅠㅠ 다음에 친구랑 또 올래요:),,,0,1,와 여기 너무 맛집이예요 곱창과 갈비를 한 번에 먹을 수 있다고 너무 맛있어요 매콤한데 파인애플 소스로 싸악 감싸지는데 너무 도랏맨 다음에 친구랑 또 올래요,104,87,0,0,1,1,1,1,0,1,1,0,0,0,0,1,1,0,0,0,2,1,3,1,5,1,0,0,0,0,0,0,0,0,0,1,0,1,0,0,0,0,1,1,0,0,0,0,0
쭌곱창,shi****,19,2025.07.02,1번째 방문,영수증,너무 맛있어용,7,True,쭌곱창,normal,shi****,19,2025.07.02,1번째 방문,영수증,,너무 맛있어용,,,0,1,너무 맛있어용,7,7,1,1,0,0,0,0,0,0,0,0,0,0,0,0,0,0,0,0,1,1,1,0,0,0,0,0,0,0,0,0,0,1,0,1,0,0,1,1,1,0,0,0,0,1,1,0,1
쭌곱창,geo****,3,2025.09.11,1번째 방문,영수증,사장님이 친절하시구 음식이 맛있어용,19,True,쭌곱창,normal,geo****,3,2025.09.11,1번째 방문,영수증,,사장님이 친절하시구 음식이 맛있어용,,,0,1,사장님이 친절하시구 음식이 맛있어용,19,19,0,1,0,0,0,0,0,0,0,0,1,1,0,0,0,0,0,0,1,1,0,0,0,0,0,0,0,0,0,0,1,0,0,1,0,0,1,0,0,0,1,0,0,0,1,0,0
쭌곱창,Cameron87,26,2026.03.27,1번째 방문,영수증,너어어어어무 맛있어서 깜놀. 찐맛집이네요!!!!,26,True,쭌곱창,normal,Cameron87,26,2026.03.27,1번째 방문,영수증,,너어어어어무 맛있어서 깜놀. 찐맛집이네요!!!!,,,0,1,너어어어어무 맛있어서 깜놀 찐맛집이네요,26,21,0,1,0,0,0,0,0,0,0,0,0,0,0,0,0,0,0,0,2,1,0,0,4,1,0,0,0,0,0,0,0,1,0,1,0,0,1,0,1,0,0,0,0,1,1,0,1
쭌곱창,shjjang,19,2025.12.20,1번째 방문,영수증,너무 맛있어요!!!!,11,True,쭌곱창,normal,shjjang,19,2025.12.20,1번째 방문,영수증,,너무 맛있어요!!!!,,,0,1,너무 맛있어요,11,7,0,1,0,0,0,0,0,0,0,0,0,0,0,0,0,0,0,0,1,1,1,0,4,1,0,0,0,0,0,0,0,1,0,1,0,0,1,0,1,0,0,0,0,1,1,0,1
쭌곱창,도딘도딘,28,2025.12.15,1번째 방문,영수증,학교다닐때 멀어서 못오다가 이 근처 이사오고 나서 자주 오게 됐어요 홍대와서 곱창 먹고싶으면 고민 안하고 쭌곱창으로 옵니다 ㅎㅎㅎ 여기 모르는 친구들도 데려오는데 다들 맛있다고 해요! 3년 전에 처음 왔을때랑 똑같이 맛있어요 사장님도 너무 친절하시구요!! 올때마다 같은 자리 앉는거도 재밌어요 ㅎㅎㅎ 조만간 또올게요 감사합니다!! 아 육회도 맛있으니까 드셔보세요 ㅎㅎ!!,207,True,쭌곱창,normal,도딘도딘,28,2025.12.15,1번째 방문,영수증,,학교다닐때 멀어서 못오다가 이 근처 이사오고 나서 자주 오게 됐어요 홍대와서 곱창 먹고싶으면 고민 안하고 쭌곱창으로 옵니다 ㅎㅎㅎ 여기 모르는 친구들도 데려오는데 다들 맛있다고 해요! 3년 전에 처음 왔을때랑 똑같이 맛있어요 사장님도 너무 친절하시구요!! 올때마다 같은 자리 앉는거도 재밌어요 ㅎㅎㅎ 조만간 또올게요 감사합니다!! 아 육회도 맛있으니까 드셔보세요 ㅎㅎ!!,,,0,1,학교다닐때 멀어서 못오다가 이 근처 이사오고 나서 자주 오게 됐어요 홍대와서 곱창 먹고싶으면 고민 안하고 쭌곱창으로 옵니다 여기 모르는 친구들도 데려오는데 다들 맛있다고 해요 3년 전에 처음 왔을때랑 똑같이 맛있어요 사장님도 너무 친절하시구요 올때마다 같은 자리 앉는거도 재밌어요 조만간 또올게요 감사합니다 아 육회도 맛있으니까 드셔보세요,207,189,0,0,1,1,0,0,0,2,1,1,2,1,1,1,1,1,0,0,3,1,1,0,7,1,0,0,0,1,1,0,0,1,0,1,0,0,0,0,0,0,1,0,0,0,0,0,0
쭌곱창,서빈3259,46,2025.06.14,1번째 방문,영수증,벌써 두번째 와요!!! 진짜 찐맛집..ㅠㅠ 완전 맛있어요ㅠㅠ 세트로 먹으면 딱입니다.. 최공..,53,True,쭌곱창,normal,서빈3259,46,2025.06.14,1번째 방문,영수증,,벌써 두번째 와요!!! 진짜 찐맛집..ㅠㅠ 완전 맛있어요ㅠㅠ 세트로 먹으면 딱입니다.. 최공..,,,0,1,벌써 두번째 와요 진짜 찐맛집 완전 맛있어요 세트로 먹으면 딱입니다 최공,53,40,0,0,1,0,0,0,0,0,0,0,0,0,0,0,0,0,0,0,2,1,2,0,3,1,0,0,1,0,0,0,0,1,0,1,0,0,0,0,1,0,0,0,0,0,0,0,0
쭌곱창,이장원2,19,2025.07.08,1번째 방문,영수증,너무 맛있고 가성비도 좋아요,15,True,쭌곱창,normal,이장원2,19,2025.07.08,1번째 방문,영수증,,너무 맛있고 가성비도 좋아요,,,0,1,너무 맛있고 가성비도 좋아요,15,15,0,1,0,0,0,0,0,0,0,0,1,1,0,0,0,0,0,0,2,1,1,0,0,0,0,0,0,0,0,0,0,1,0,1,0,0,1,0,0,0,1,0,0,0,1,0,0
쭌곱창,eld****,8,2025.07.11,1번째 방문,영수증,세트메뉴 구성이 알차서 좋아요 기본적으로 살짝 매콤한 편입니다!! 양도 괜찮고 갈비도 같은 양념에 볶아서 맛있어요^&amp;^ 다만 가게가 크지는 않아서 기다려야할수도 있습니다~,99,True,쭌곱창,normal,eld****,8,2025.07.11,1번째 방문,영수증,,세트메뉴 구성이 알차서 좋아요 기본적으로 살짝 매콤한 편입니다!! 양도 괜찮고 갈비도 같은 양념에 볶아서 맛있어요^&amp;^ 다만 가게가 크지는 않아서 기다려야할수도 있습니다~,,,0,1,세트메뉴 구성이 알차서 좋아요 기본적으로 살짝 매콤한 편입니다 양도 괜찮고 갈비도 같은 양념에 볶아서 맛있어요 amp 다만 가게가 크지는 않아서 기다려야할수도 있습니다,99,93,0,0,1,1,3,1,1,0,0,0,0,0,0,0,0,0,0,0,2,1,0,0,2,0,0,0,1,0,0,0,0,0,0,1,0,0,0,0,0,0,0,0,0,0,0,0,0
쭌곱창,wjs****,17,2026.04.24,1번째 방문,영수증,"1. 곱창이 신선하고 잡내 없이 깔끔해서 첫 입부터 만족스러움. 2. 불 조절이 좋아 겉은 바삭하고 속은 촉촉하게 잘 구워짐. 3. 양념, 곁들임, 서비스까지 전체적으로 균형 잡힌 맛집.",104,True,쭌곱창,normal,wjs****,17,2026.04.24,1번째 방문,영수증,,"1. 곱창이 신선하고 잡내 없이 깔끔해서 첫 입부터 만족스러움. 2. 불 조절이 좋아 겉은 바삭하고 속은 촉촉하게 잘 구워짐. 3. 양념, 곁들임, 서비스까지 전체적으로 균형 잡힌 맛집.",,,0,1,1 곱창이 신선하고 잡내 없이 깔끔해서 첫 입부터 만족스러움 2 불 조절이 좋아 겉은 바삭하고 속은 촉촉하게 잘 구워짐 3 양념 곁들임 서비스까지 전체적으로 균형 잡힌 맛집,104,96,0,0,1,1,2,1,1,1,1,0,1,1,0,0,0,1,0,0,1,1,0,0,0,0,1,1,0,0,0,0,0,1,0,1,0,1,0,0,0,0,1,1,1,0,0,1,0
쭌곱창,jin****,31,2026.02.23,1번째 방문,영수증,돼지곱창인데 잡내 하나도 안나고 세트 구성도 좋아서 가성비 좋아요! 리뷰보고 왔는데 너무 맛있게 먹었어요,58,True,쭌곱창,normal,jin****,31,2026.02.23,1번째 방문,영수증,,돼지곱창인데 잡내 하나도 안나고 세트 구성도 좋아서 가성비 좋아요! 리뷰보고 왔는데 너무 맛있게 먹었어요,,,0,1,돼지곱창인데 잡내 하나도 안나고 세트 구성도 좋아서 가성비 좋아요 리뷰보고 왔는데 너무 맛있게 먹었어요,58,57,0,0,1,0,1,1,0,1,1,0,1,1,0,0,0,0,0,0,2,1,1,0,1,0,0,0,0,0,0,0,0,1,0,1,0,1,0,0,0,0,1,1,0,0,0,0,0
쭌곱창,sur****,22,2025.11.25,1번째 방문,영수증,음식 나오자마자 순삭했슨!!!! 처음 와봤는데 진짜 우리 집 앞에 있었으면 좋겠다...?? 또 올게요~~,57,True,쭌곱창,normal,sur****,22,2025.11.25,1번째 방문,영수증,,음식 나오자마자 순삭했슨!!!! 처음 와봤는데 진짜 우리 집 앞에 있었으면 좋겠다...?? 또 올게요~~,,,0,1,음식 나오자마자 순삭했슨 처음 와봤는데 진짜 우리 집 앞에 있었으면 좋겠다 또 올게요,58,47,0,0,1,0,0,0,0,0,0,0,0,0,0,0,0,0,0,0,0,0,1,0,4,1,0,0,1,1,1,0,0,1,0,1,0,0,0,0,0,0,0,0,0,0,0,0,0
쭌곱창,iam****,54,2025.04.11,1번째 방문,영수증,직접 구워주셔서 너무 편하고 소스와 양념곱창이 맛있어요!,31,True,쭌곱창,normal,iam****,54,2025.04.11,1번째 방문,영수증,,직접 구워주셔서 너무 편하고 소스와 양념곱창이 맛있어요!,,,0,1,직접 구워주셔서 너무 편하고 소스와 양념곱창이 맛있어요,31,30,0,0,1,0,1,1,0,1,1,0,0,0,0,0,0,0,0,0,1,1,1,0,1,0,0,0,0,0,0,0,0,1,1,1,0,1,0,0,0,0,0,1,0,0,0,0,0
쭌곱창,da0****,26,2025.07.03,1번째 방문,영수증,음식 너무 맛있습니다 다음에 또 오겠습니다!!!!,27,True,쭌곱창,normal,da0****,26,2025.07.03,1번째 방문,영수증,,음식 너무 맛있습니다 다음에 또 오겠습니다!!!!,,,0,1,음식 너무 맛있습니다 다음에 또 오겠습니다,27,23,0,1,0,0,0,0,0,0,0,0,0,0,0,0,0,0,0,0,1,1,1,0,4,1,0,0,0,0,0,0,0,1,0,1,0,0,1,0,1,0,0,0,0,1,1,0,1
쭌곱창,나를막을수없으셈,14,2026.03.22,1번째 방문,영수증,친구들이랑 급하게 곱창집 찾다가 방문하게 됐는데 직원분이랑 사장님이 너무 유머러스하고 분위기 넘 죠아요ㅠㅠㅠ 친구들이랑 맛나게 먹고갑니당 불향 장난 아니에유 ??????,91,True,쭌곱창,normal,나를막을수없으셈,14,2026.03.22,1번째 방문,영수증,,친구들이랑 급하게 곱창집 찾다가 방문하게 됐는데 직원분이랑 사장님이 너무 유머러스하고 분위기 넘 죠아요ㅠㅠㅠ 친구들이랑 맛나게 먹고갑니당 불향 장난 아니에유 ??????,,,0,1,친구들이랑 급하게 곱창집 찾다가 방문하게 됐는데 직원분이랑 사장님이 너무 유머러스하고 분위기 넘 죠아요 친구들이랑 맛나게 먹고갑니당 불향 장난 아니에유,94,84,0,0,1,1,0,0,0,1,1,0,2,1,1,2,1,0,0,0,1,1,1,0,0,0,0,0,0,0,0,0,0,1,0,1,0,0,0,0,0,0,1,0,0,0,0,0,0
쭌곱창,dbs****,35,2025.04.04,1번째 방문,영수증,너무너무 맛있어영. 토치로 불쇼도 해주셔서 넘 조아요 만족도 최상 끼에엑 ?????? 담에도 또 먹구 시퍼요 번창하세연??,66,True,쭌곱창,normal,dbs****,35,2025.04.04,1번째 방문,영수증,,너무너무 맛있어영. 토치로 불쇼도 해주셔서 넘 조아요 만족도 최상 끼에엑 ?????? 담에도 또 먹구 시퍼요 번창하세연??,,,0,1,너무너무 맛있어영 토치로 불쇼도 해주셔서 넘 조아요 만족도 최상 끼에엑 담에도 또 먹구 시퍼요 번창하세연,68,58,0,0,1,1,0,0,0,0,0,0,0,0,0,0,0,0,0,0,2,1,2,0,0,0,0,0,0,0,0,0,0,1,0,1,0,0,0,0,1,0,0,0,0,0,0,0,0
쭌곱창,권효재80,28,2025.10.03,1번째 방문,영수증,세트 가성비 개좋고 고기 구워주는 퍼포먼스도 좋았습니다 강추함,34,True,쭌곱창,normal,권효재80,28,2025.10.03,1번째 방문,영수증,,세트 가성비 개좋고 고기 구워주는 퍼포먼스도 좋았습니다 강추함,,,0,1,세트 가성비 개좋고 고기 구워주는 퍼포먼스도 좋았습니다 강추함,34,34,0,0,1,0,0,0,0,0,0,0,1,1,0,0,0,0,0,0,1,1,0,0,0,0,0,0,0,0,0,0,0,1,0,1,0,0,0,0,0,0,1,0,0,0,0,0,0
쭌곱창,jin****,13,2026.05.01,1번째 방문,영수증,친구랑 밥집 찾다가 우연히 들어왔는데 너무 만족했어요!! 밑반찬과 소스도 다양하구널널하고 맛있어서 다음에 또 올 것 같아용????,70,True,쭌곱창,normal,jin****,13,2026.05.01,1번째 방문,영수증,,친구랑 밥집 찾다가 우연히 들어왔는데 너무 만족했어요!! 밑반찬과 소스도 다양하구널널하고 맛있어서 다음에 또 올 것 같아용????,,,0,1,친구랑 밥집 찾다가 우연히 들어왔는데 너무 만족했어요 밑반찬과 소스도 다양하구널널하고 맛있어서 다음에 또 올 것 같아용,72,66,0,0,1,1,1,1,0,0,0,0,0,0,0,1,1,0,0,0,1,1,1,0,2,0,0,0,0,0,0,0,0,1,0,1,0,0,0,0,0,0,1,0,0,0,0,0,0
쭌곱창,김치참치새치,49,2025.07.07,1번째 방문,영수증,동생이랑 간만에 서울 나들이 나와서 맛~~~있는 음식 먹고 싶어서 왔어요. 조금 매장은 작지만 추억 만들기 너무 좋은거 같아요. 양도 많고 불맛도 죽여줘요,86,True,쭌곱창,normal,김치참치새치,49,2025.07.07,1번째 방문,영수증,,동생이랑 간만에 서울 나들이 나와서 맛~~~있는 음식 먹고 싶어서 왔어요. 조금 매장은 작지만 추억 만들기 너무 좋은거 같아요. 양도 많고 불맛도 죽여줘요,,,0,1,동생이랑 간만에 서울 나들이 나와서 맛 있는 음식 먹고 싶어서 왔어요 조금 매장은 작지만 추억 만들기 너무 좋은거 같아요 양도 많고 불맛도 죽여줘요,86,82,0,0,1,1,1,1,0,0,0,0,1,1,0,0,0,0,0,0,0,0,1,0,0,0,0,0,0,0,0,0,0,1,0,1,0,0,0,0,0,0,1,0,0,0,0,0,0
쭌곱창,yec****,5,2025.09.10,1번째 방문,영수증,매콤하고 너무맛있어요. 인테리어도 이쁘고 친절하고 너무좋습니다.,35,True,쭌곱창,normal,yec****,5,2025.09.10,1번째 방문,영수증,,매콤하고 너무맛있어요. 인테리어도 이쁘고 친절하고 너무좋습니다.,,,0,1,매콤하고 너무맛있어요 인테리어도 이쁘고 친절하고 너무좋습니다,35,33,0,0,1,0,1,1,0,0,0,0,1,1,0,0,0,0,0,0,1,1,2,0,0,0,0,0,0,0,0,0,1,0,0,1,0,0,0,0,0,0,1,0,0,0,0,0,0
쭌곱창,최무디,20,2025.12.03,1번째 방문,영수증,와 진짜 맛있어요 분위기도 아늑하고 좋고 소스가 다양하게 많아서 좋아요 치즈 생크림 다양한 소스 최고! 음식도 맛있어요! 또 올게요!,74,True,쭌곱창,normal,최무디,20,2025.12.03,1번째 방문,영수증,,와 진짜 맛있어요 분위기도 아늑하고 좋고 소스가 다양하게 많아서 좋아요 치즈 생크림 다양한 소스 최고! 음식도 맛있어요! 또 올게요!,,,0,1,와 진짜 맛있어요 분위기도 아늑하고 좋고 소스가 다양하게 많아서 좋아요 치즈 생크림 다양한 소스 최고 음식도 맛있어요 또 올게요,74,71,0,0,1,1,2,1,1,0,0,0,1,1,0,0,0,0,0,0,4,1,1,0,3,1,0,0,1,1,1,0,0,1,0,1,0,0,0,0,0,0,1,0,1,0,0,0,0
쭌곱창,205220,17,2025.07.01,1번째 방문,영수증,완전 맛있어요! 강추입니다??,15,True,쭌곱창,normal,205220,17,2025.07.01,1번째 방문,영수증,,완전 맛있어요! 강추입니다??,,,0,1,완전 맛있어요 강추입니다,16,13,0,1,0,0,0,0,0,0,0,0,0,0,0,0,0,0,0,0,2,1,1,0,1,0,0,0,0,0,0,0,0,1,0,1,0,0,1,0,1,0,0,0,0,1,1,0,1
쭌곱창,탁상픽,16,2025.12.21,2번째 방문,영수증,가게 분위기도 좋구 음식이 너무 너무 맛있어요! 매장 직원분들도 친절하셔서 좋았습니다??,48,True,쭌곱창,normal,탁상픽,16,2025.12.21,2번째 방문,영수증,,가게 분위기도 좋구 음식이 너무 너무 맛있어요! 매장 직원분들도 친절하셔서 좋았습니다??,,,0,2,가게 분위기도 좋구 음식이 너무 너무 맛있어요 매장 직원분들도 친절하셔서 좋았습니다,49,46,0,0,1,0,0,0,0,0,0,0,4,1,1,0,0,0,0,0,1,1,2,0,1,0,0,0,0,0,0,0,0,1,0,0,1,0,0,0,0,0,1,0,0,0,0,0,0
쭌곱창,현지2351,2,2025.12.26,1번째 방문,예약,홍대곱창은 항상 여기만가요~♡ 너무맛있어요XD 다음에 또 갈게요!,36,True,쭌곱창,normal,현지2351,2,2025.12.26,1번째 방문,예약,,홍대곱창은 항상 여기만가요~♡ 너무맛있어요XD 다음에 또 갈게요!,,,0,1,홍대곱창은 항상 여기만가요 너무맛있어요XD 다음에 또 갈게요,36,33,0,0,1,0,0,0,0,1,1,0,0,0,0,0,0,0,0,0,1,1,1,0,1,0,0,0,0,1,1,0,1,0,0,1,0,0,0,0,1,1,0,0,0,0,0,0,0
쭌곱창,예리1017,5,2025.12.24,1번째 방문,영수증,여기 진짜 맛있습니다. 홍대 온 사람들은 한 번씩 와 봐야 해요. 세트 메뉴 시키면 계란찜이랑 같이 나오는데 완전 잘 어울립니다. 꼭 먹어보세요.,81,True,쭌곱창,normal,예리1017,5,2025.12.24,1번째 방문,영수증,,여기 진짜 맛있습니다. 홍대 온 사람들은 한 번씩 와 봐야 해요. 세트 메뉴 시키면 계란찜이랑 같이 나오는데 완전 잘 어울립니다. 꼭 먹어보세요.,,,0,1,여기 진짜 맛있습니다 홍대 온 사람들은 한 번씩 와 봐야 해요 세트 메뉴 시키면 계란찜이랑 같이 나오는데 완전 잘 어울립니다 꼭 먹어보세요,81,77,0,0,1,1,0,0,0,0,0,0,0,0,0,0,0,0,0,0,1,1,2,0,0,0,0,0,1,0,0,0,1,0,0,1,0,0,0,0,1,0,0,0,0,0,0,0,0
쭌곱창,옥쑤쑤쑤염차,29,2025.11.19,1번째 방문,영수증,너무 맛있고 사장님도 친절하셔요!! 최고??????,25,True,쭌곱창,normal,옥쑤쑤쑤염차,29,2025.11.19,1번째 방문,영수증,,너무 맛있고 사장님도 친절하셔요!! 최고??????,,,0,1,너무 맛있고 사장님도 친절하셔요 최고,28,20,0,1,0,0,0,0,0,0,0,0,1,1,0,0,0,0,0,0,2,1,1,0,2,0,0,0,0,0,0,0,0,1,0,1,0,0,1,0,0,0,1,0,0,0,1,0,0
쭌곱창,DHU407,15,2025.08.20,1번째 방문,영수증,매장이 아늑하고 음식이 맛있어요! 응대도 친절해요~,28,True,쭌곱창,normal,DHU407,15,2025.08.20,1번째 방문,영수증,,매장이 아늑하고 음식이 맛있어요! 응대도 친절해요~,,,0,1,매장이 아늑하고 음식이 맛있어요 응대도 친절해요,28,26,0,1,0,0,0,0,0,0,0,0,2,1,1,0,0,0,0,0,1,1,0,0,1,0,0,0,0,0,0,0,0,1,0,1,0,0,1,0,0,0,1,0,0,0,1,0,0
쭌곱창,Ances,7,2026.04.11,1번째 방문,영수증,쭌곱창에서 식사하고 너무 만족했어요! 곱창이 잡내 없이 고소하고 정말 맛있었습니다 ?? 직원분들도 친절해서 기분 좋게 먹었어요. 양도 푸짐해서 가성비도 좋은 것 같아요! 다음에 또 방문하고 싶은 맛집입니다 ??,115,True,쭌곱창,normal,Ances,7,2026.04.11,1번째 방문,영수증,,쭌곱창에서 식사하고 너무 만족했어요! 곱창이 잡내 없이 고소하고 정말 맛있었습니다 ?? 직원분들도 친절해서 기분 좋게 먹었어요. 양도 푸짐해서 가성비도 좋은 것 같아요! 다음에 또 방문하고 싶은 맛집입니다 ??,,,0,1,쭌곱창에서 식사하고 너무 만족했어요 곱창이 잡내 없이 고소하고 정말 맛있었습니다 직원분들도 친절해서 기분 좋게 먹었어요 양도 푸짐해서 가성비도 좋은 것 같아요 다음에 또 방문하고 싶은 맛집입니다,117,108,0,0,1,1,4,1,1,2,1,1,3,1,1,0,0,0,0,0,2,1,1,0,2,0,0,0,0,1,1,0,0,0,0,1,0,1,0,0,0,0,1,1,1,0,0,0,0
쭌곱창,soms0m,11,2025.12.19,1번째 방문,영수증,곱창 냄새 안나고 신선해서 맛있어요!!! 마요김치 주먹밥 넘 맛있어서 또먹고싶어요 ㅠㅠ 데이트날 오기 좋은것같아요 굽는 곱창 아니라 냄새도 덜 배서 좋었어요~~,89,True,쭌곱창,normal,soms0m,11,2025.12.19,1번째 방문,영수증,,곱창 냄새 안나고 신선해서 맛있어요!!! 마요김치 주먹밥 넘 맛있어서 또먹고싶어요 ㅠㅠ 데이트날 오기 좋은것같아요 굽는 곱창 아니라 냄새도 덜 배서 좋었어요~~,,,0,1,곱창 냄새 안나고 신선해서 맛있어요 마요김치 주먹밥 넘 맛있어서 또먹고싶어요 데이트날 오기 좋은것같아요 굽는 곱창 아니라 냄새도 덜 배서 좋었어요,89,81,0,0,1,1,0,0,0,2,1,1,0,0,0,1,1,0,0,0,3,1,0,0,3,1,0,0,0,0,0,0,0,1,0,1,0,0,0,0,0,0,1,0,0,0,0,0,0
쭌곱창,멍멈머,16,2026.03.20,1번째 방문,예약,특이하구 맛있어요! 직원분들도 되게 친절하십니다!!,28,True,쭌곱창,normal,멍멈머,16,2026.03.20,1번째 방문,예약,,특이하구 맛있어요! 직원분들도 되게 친절하십니다!!,,,0,1,특이하구 맛있어요 직원분들도 되게 친절하십니다,28,25,0,1,0,0,0,0,0,0,0,0,2,1,1,0,0,0,0,0,1,1,0,0,3,1,0,0,0,0,0,0,0,1,0,1,0,0,1,0,0,0,1,0,0,0,1,0,0
쭌곱창,루디루히,44,2025.08.23,1번째 방문,영수증,양념이 진짜 매콤하고 맛있어요! 글구 친절하세요 엄청 잘 먹구 갑니당 ㅎㅎ 담에 또올게요!,50,True,쭌곱창,normal,루디루히,44,2025.08.23,1번째 방문,영수증,,양념이 진짜 매콤하고 맛있어요! 글구 친절하세요 엄청 잘 먹구 갑니당 ㅎㅎ 담에 또올게요!,,,0,1,양념이 진짜 매콤하고 맛있어요 글구 친절하세요 엄청 잘 먹구 갑니당 담에 또올게요,50,45,0,0,1,0,2,1,1,0,0,0,1,1,0,0,0,0,0,0,1,1,2,0,2,0,0,0,1,1,1,0,0,1,0,1,0,0,0,0,0,0,1,0,0,0,0,0,0
쭌곱창,Yooiii,15,2025.12.20,1번째 방문,영수증,분위기도 좋고 대화 나누기도 좋아요! 복잡한 홍대에 유일하게 아늑한곳입니다 추천!,45,True,쭌곱창,normal,Yooiii,15,2025.12.20,1번째 방문,영수증,,분위기도 좋고 대화 나누기도 좋아요! 복잡한 홍대에 유일하게 아늑한곳입니다 추천!,,,0,1,분위기도 좋고 대화 나누기도 좋아요 복잡한 홍대에 유일하게 아늑한곳입니다 추천,45,43,0,0,1,0,0,0,0,0,0,0,1,1,0,0,0,0,0,0,2,1,0,0,2,0,0,0,0,0,0,0,0,1,0,1,0,0,0,0,0,0,1,0,0,0,0,0,0
쭌곱창,상자57,9,2025.12.17,1번째 방문,영수증,직원 분이 너무 친절하시고 매콤하니 정말 맛있습니다!,29,True,쭌곱창,normal,상자57,9,2025.12.17,1번째 방문,영수증,,직원 분이 너무 친절하시고 매콤하니 정말 맛있습니다!,,,0,1,직원 분이 너무 친절하시고 매콤하니 정말 맛있습니다,29,28,0,1,0,0,1,1,0,0,0,0,2,1,1,0,0,0,0,0,1,1,1,0,1,0,0,0,0,0,0,0,0,0,0,1,0,0,1,0,0,0,1,0,0,0,0,0,0
쭌곱창,gyu****,13,2025.07.29,1번째 방문,영수증,"지루한 일과를 마친 어느 평일 저녁 홍대 쭌곱창에 방문했다. 아늑한 분위기, 더운 날 시원한 매장에 몸이 사르르 녹아내렸다. 푸짐한 밑반찬에 한번 놀라고 곱창볶음의 자태에 한번 더 놀랐다. 먹는 내내 너무 맛있고 행복했다. 담에 또 가야징ㅋ.",135,True,쭌곱창,normal,gyu****,13,2025.07.29,1번째 방문,영수증,,"지루한 일과를 마친 어느 평일 저녁 홍대 쭌곱창에 방문했다. 아늑한 분위기, 더운 날 시원한 매장에 몸이 사르르 녹아내렸다. 푸짐한 밑반찬에 한번 놀라고 곱창볶음의 자태에 한번 더 놀랐다. 먹는 내내 너무 맛있고 행복했다. 담에 또 가야징ㅋ.",,,0,1,지루한 일과를 마친 어느 평일 저녁 홍대 쭌곱창에 방문했다 아늑한 분위기 더운 날 시원한 매장에 몸이 사르르 녹아내렸다 푸짐한 밑반찬에 한번 놀라고 곱창볶음의 자태에 한번 더 놀랐다 먹는 내내 너무 맛있고 행복했다 담에 또 가야징,135,128,0,0,1,1,1,1,0,2,1,1,2,1,1,2,1,0,0,0,1,1,1,0,0,0,0,0,0,0,0,0,0,1,0,1,0,1,0,0,0,0,1,1,0,0,0,0,0
쭌곱창,서연5612,5,2025.11.22,1번째 방문,영수증,정말정말맛있어요… 다른 곳 웨이팅 하지 말고 여기 와서 드세용 그치만 소주까야하는맛임,47,True,쭌곱창,normal,서연5612,5,2025.11.22,1번째 방문,영수증,,정말정말맛있어요… 다른 곳 웨이팅 하지 말고 여기 와서 드세용 그치만 소주까야하는맛임,,,0,1,정말정말맛있어요 다른 곳 웨이팅 하지 말고 여기 와서 드세용 그치만 소주까야하는맛임,47,46,0,0,1,0,0,0,0,0,0,0,1,1,0,0,0,0,0,0,1,1,0,0,0,0,0,0,0,0,0,0,1,0,0,1,0,0,0,0,0,0,1,0,0,0,0,0,0
쭌곱창,발구지1,14,2025.12.24,1번째 방문,영수증,오늘 친구 처음 데려왔는데 극찬했어요... 너무 맛있어요 정말로........기영이 돼 버림?? 꼭 먹어요 제발,61,True,쭌곱창,normal,발구지1,14,2025.12.24,1번째 방문,영수증,,오늘 친구 처음 데려왔는데 극찬했어요... 너무 맛있어요 정말로........기영이 돼 버림?? 꼭 먹어요 제발,,,0,1,오늘 친구 처음 데려왔는데 극찬했어요 너무 맛있어요 정말로 기영이 돼 버림 꼭 먹어요 제발,62,50,0,0,1,1,0,0,0,0,0,0,0,0,0,1,1,0,0,0,1,1,1,0,0,0,0,0,0,0,0,0,0,1,0,1,0,0,0,0,0,0,1,0,0,0,0,0,0
쭌곱창,han****,66,2025.08.09,1번째 방문,영수증,오 불쇼? 너무 신선하구 맛있어요 !! ??,23,True,쭌곱창,normal,han****,66,2025.08.09,1번째 방문,영수증,,오 불쇼? 너무 신선하구 맛있어요 !! ??,,,0,1,오 불쇼 너무 신선하구 맛있어요,24,17,0,1,0,0,0,0,0,0,0,0,0,0,0,0,0,0,0,0,1,1,1,0,2,0,0,0,0,0,0,0,0,1,1,1,0,0,1,0,1,0,0,0,0,1,1,0,1
쭌곱창,떤떠닝,180,2025.07.25,1번째 방문,영수증,닭발은 매콤하고 막창은 달달하고 궁합이 좋아요??,26,True,쭌곱창,normal,떤떠닝,180,2025.07.25,1번째 방문,영수증,,닭발은 매콤하고 막창은 달달하고 궁합이 좋아요??,,,0,1,닭발은 매콤하고 막창은 달달하고 궁합이 좋아요,27,25,0,1,0,0,1,1,0,0,0,0,0,0,0,0,0,0,0,0,1,1,0,0,0,0,0,0,0,0,0,0,0,1,1,1,0,0,1,0,0,0,0,0,0,0,0,0,0
쭌곱창,비숑모찌,22,2025.05.22,1번째 방문,영수증,"첫 방문이었는데 기대 이상으로 만족스러웠습니다!! 세트 메뉴는 양도 넉넉하고, 불향 가득한 쫄깃한 곱창이 너무 맛있었어요! 곁들여 나온 소스들도 다양해서 입맛에 맞게 즐길 수 있었습니당~~",105,True,쭌곱창,normal,비숑모찌,22,2025.05.22,1번째 방문,영수증,,"첫 방문이었는데 기대 이상으로 만족스러웠습니다!! 세트 메뉴는 양도 넉넉하고, 불향 가득한 쫄깃한 곱창이 너무 맛있었어요! 곁들여 나온 소스들도 다양해서 입맛에 맞게 즐길 수 있었습니당~~",,,0,1,첫 방문이었는데 기대 이상으로 만족스러웠습니다 세트 메뉴는 양도 넉넉하고 불향 가득한 쫄깃한 곱창이 너무 맛있었어요 곁들여 나온 소스들도 다양해서 입맛에 맞게 즐길 수 있었습니당,105,99,0,0,1,1,3,1,1,1,1,0,0,0,0,0,0,0,0,0,1,1,1,0,3,1,0,0,1,0,0,0,0,1,0,1,0,1,0,0,0,0,0,1,0,0,0,0,0
쭌곱창,Servabote,46,2025.09.06,1번째 방문,영수증,사장님이 친절하시고 아늑한 분위기에 모임을 즐기기 좋은 것 같아요. 진짜 술 먹을 수 있었으면 먹었을 분위기...제가 아파서 못 먹은 게 아쉬울 정도로 음식 맛도 좋네요!! 최고입니다아,103,True,쭌곱창,normal,Servabote,46,2025.09.06,1번째 방문,영수증,,사장님이 친절하시고 아늑한 분위기에 모임을 즐기기 좋은 것 같아요. 진짜 술 먹을 수 있었으면 먹었을 분위기...제가 아파서 못 먹은 게 아쉬울 정도로 음식 맛도 좋네요!! 최고입니다아,,,0,1,사장님이 친절하시고 아늑한 분위기에 모임을 즐기기 좋은 것 같아요 진짜 술 먹을 수 있었으면 먹었을 분위기 제가 아파서 못 먹은 게 아쉬울 정도로 음식 맛도 좋네요 최고입니다아,103,98,0,0,1,1,0,0,0,0,0,0,3,1,1,0,0,0,0,0,1,1,1,0,2,0,0,0,1,0,0,0,0,1,0,1,0,0,0,0,0,0,1,0,0,0,0,0,0
쭌곱창,블루커피80,1,2026.04.24,1번째 방문,영수증,맛있습니다 먹다보니 사진을 늦게 찍었네요 곱창좋아하시면 오세요^^,36,True,쭌곱창,normal,블루커피80,1,2026.04.24,1번째 방문,영수증,,맛있습니다 먹다보니 사진을 늦게 찍었네요 곱창좋아하시면 오세요^^,,,0,1,맛있습니다 먹다보니 사진을 늦게 찍었네요 곱창좋아하시면 오세요,36,34,0,0,1,0,0,0,0,1,1,0,0,0,0,0,0,0,0,0,1,1,0,0,0,0,0,0,0,0,0,1,1,0,0,1,0,0,0,0,1,1,0,0,0,0,0,0,0
쭌곱창,김가현357,36,2025.12.09,1번째 방문,영수증,메뉴가 알차고 다 맛있어요!!! 다음에 또 올게요 감사합니다????,35,True,쭌곱창,normal,김가현357,36,2025.12.09,1번째 방문,영수증,,메뉴가 알차고 다 맛있어요!!! 다음에 또 올게요 감사합니다????,,,0,1,메뉴가 알차고 다 맛있어요 다음에 또 올게요 감사합니다,37,30,0,0,1,0,0,0,0,0,0,0,0,0,0,0,0,0,0,0,1,1,0,0,3,1,0,0,0,1,1,0,0,1,0,1,0,0,0,0,1,0,0,0,0,0,0,0,0
쭌곱창,qwer2718,7,2025.11.22,1번째 방문,영수증,여자친구랑 방문했어요. 가게도 너무 혼잡하지않고 아늑한 분위기에서 먹었습니다. 가성비도 좋고 사장님도 엄청 친절하셔요! (직접 구워주시고 맛있게 먹는 방법도 알려주세요) 리뷰보고 찾아온 곳인데 잘 찾아온것 같아요,118,True,쭌곱창,normal,qwer2718,7,2025.11.22,1번째 방문,영수증,,여자친구랑 방문했어요. 가게도 너무 혼잡하지않고 아늑한 분위기에서 먹었습니다. 가성비도 좋고 사장님도 엄청 친절하셔요! (직접 구워주시고 맛있게 먹는 방법도 알려주세요) 리뷰보고 찾아온 곳인데 잘 찾아온것 같아요,,,0,1,여자친구랑 방문했어요 가게도 너무 혼잡하지않고 아늑한 분위기에서 먹었습니다 가성비도 좋고 사장님도 엄청 친절하셔요 직접 구워주시고 맛있게 먹는 방법도 알려주세요 리뷰보고 찾아온 곳인데 잘 찾아온것 같아요,118,113,0,0,1,1,0,0,0,0,0,0,3,1,1,1,1,0,0,0,1,1,2,0,1,0,0,0,0,0,0,0,0,0,0,1,0,0,0,0,0,0,1,0,0,0,0,0,0
쭌곱창,모니모니99,21,2026.01.14,1번째 방문,영수증,넘 맛있어서 홍대 약속있으면 항상 쭌곱창 옵니다ㅎㅎ 곱창 땡길때 추천해요~~~! 담에 또 올게요!,54,True,쭌곱창,normal,모니모니99,21,2026.01.14,1번째 방문,영수증,,넘 맛있어서 홍대 약속있으면 항상 쭌곱창 옵니다ㅎㅎ 곱창 땡길때 추천해요~~~! 담에 또 올게요!,,,0,1,넘 맛있어서 홍대 약속있으면 항상 쭌곱창 옵니다 곱창 땡길때 추천해요 담에 또 올게요,54,47,0,0,1,0,0,0,0,2,1,1,0,0,0,0,0,0,0,0,3,1,0,0,2,0,0,0,1,1,1,0,0,1,0,1,0,0,0,0,1,1,0,0,0,0,0,0,0
쭌곱창,ge****,81,2025.05.18,2번째 방문,영수증,"곱창먹으러 항상 오는 곳이에요! 여기가 홍대 주변에서 제일 맛있는 것 같아요 쫄깃쫄깃 매콤 달콤ㅜ 그냥 제발 여기 와주세요!! 그리고 사장님이 너무 착하세요!! 앞치마 주시는 센스까지,,????",106,True,쭌곱창,normal,ge****,81,2025.05.18,2번째 방문,영수증,,"곱창먹으러 항상 오는 곳이에요! 여기가 홍대 주변에서 제일 맛있는 것 같아요 쫄깃쫄깃 매콤 달콤ㅜ 그냥 제발 여기 와주세요!! 그리고 사장님이 너무 착하세요!! 앞치마 주시는 센스까지,,????",,,0,2,곱창먹으러 항상 오는 곳이에요 여기가 홍대 주변에서 제일 맛있는 것 같아요 쫄깃쫄깃 매콤 달콤 그냥 제발 여기 와주세요 그리고 사장님이 너무 착하세요 앞치마 주시는 센스까지,108,96,0,0,1,1,3,1,1,1,1,0,0,0,0,0,0,0,0,0,1,1,1,0,5,1,0,0,0,0,0,0,0,1,1,0,1,1,0,0,0,0,0,1,0,0,0,0,0
쭌곱창,포카리쑥,370,2026.04.02,1번째 방문,영수증,"너무 맛있어요~ 곱창과 닭발의 환상조합~ 이런곳은 첨입니다.맛나고, 분위기도 좋고, 직원분도 친절하고~ 홍대 나들이~ 더욱 즐겁네요~ 다음에 또 올게에요~^^",88,True,쭌곱창,normal,포카리쑥,370,2026.04.02,1번째 방문,영수증,,"너무 맛있어요~ 곱창과 닭발의 환상조합~ 이런곳은 첨입니다.맛나고, 분위기도 좋고, 직원분도 친절하고~ 홍대 나들이~ 더욱 즐겁네요~ 다음에 또 올게에요~^^",,,0,1,너무 맛있어요 곱창과 닭발의 환상조합 이런곳은 첨입니다 맛나고 분위기도 좋고 직원분도 친절하고 홍대 나들이 더욱 즐겁네요 다음에 또 올게에요,88,78,0,0,1,1,0,0,0,1,1,0,3,1,1,0,0,0,0,0,1,1,1,0,0,0,0,0,0,0,0,0,0,1,1,1,0,0,0,0,0,0,1,0,0,0,0,0,0
쭌곱창,아보카도64,41,2025.03.28,1번째 방문,예약,쭌곱창 양도 많고 맛도 있어요 배부르게 잘 먹었습니다???? 잡내도 않나고 소스가 곱창에 잘 베어있어서 좋았습니다!! 담에 또 방문할게요??,75,True,쭌곱창,normal,아보카도64,41,2025.03.28,1번째 방문,예약,,쭌곱창 양도 많고 맛도 있어요 배부르게 잘 먹었습니다???? 잡내도 않나고 소스가 곱창에 잘 베어있어서 좋았습니다!! 담에 또 방문할게요??,,,0,1,쭌곱창 양도 많고 맛도 있어요 배부르게 잘 먹었습니다 잡내도 않나고 소스가 곱창에 잘 베어있어서 좋았습니다 담에 또 방문할게요,78,70,0,0,1,1,2,1,1,2,1,1,0,0,0,0,0,0,0,0,0,0,0,0,2,0,0,0,0,1,1,0,0,1,0,1,0,1,0,0,0,0,0,1,0,0,0,0,0
쭌곱창,parksaing,19,2026.03.21,1번째 방문,영수증,너무 맛있게 먹었어요!!! 다음에 홍대에 올때 생각날것 같아요!!!,37,True,쭌곱창,normal,parksaing,19,2026.03.21,1번째 방문,영수증,,너무 맛있게 먹었어요!!! 다음에 홍대에 올때 생각날것 같아요!!!,,,0,1,너무 맛있게 먹었어요 다음에 홍대에 올때 생각날것 같아요,37,31,0,0,1,0,0,0,0,0,0,0,0,0,0,0,0,0,0,0,1,1,1,0,6,1,0,0,0,0,0,0,0,1,0,1,0,0,0,0,1,0,0,0,0,0,0,0,0
쭌곱창,안진성35,10,2025.09.06,1번째 방문,영수증,음식이 너무 맛있어요 ㅎㅎ,14,True,쭌곱창,normal,안진성35,10,2025.09.06,1번째 방문,영수증,,음식이 너무 맛있어요 ㅎㅎ,,,0,1,음식이 너무 맛있어요,14,11,0,1,0,0,0,0,0,0,0,0,0,0,0,0,0,0,0,0,1,1,1,0,0,0,0,0,0,0,0,0,0,1,0,1,0,0,1,0,1,0,0,0,0,1,1,0,1
쭌곱창,Snfbjdk,12,2025.12.07,1번째 방문,영수증,곱창이 너무 맛있고 냄새가 하나도 안 나요 불맛 대박,29,True,쭌곱창,normal,Snfbjdk,12,2025.12.07,1번째 방문,영수증,,곱창이 너무 맛있고 냄새가 하나도 안 나요 불맛 대박,,,0,1,곱창이 너무 맛있고 냄새가 하나도 안 나요 불맛 대박,29,29,0,1,0,0,0,0,0,1,1,0,0,0,0,0,0,0,0,0,1,1,2,0,0,0,0,0,0,0,0,0,0,1,0,1,0,0,1,0,1,1,0,0,0,1,1,0,1
쭌곱창,주야9586,3,2026.02.18,1번째 방문,예약,A세트 시켰습니다 양도 많고 맛도 진짜 맛있었습니다! 사장님이 친절하십니다! 다음에도 재 방문할 정도로 좋았습니다!!,65,True,쭌곱창,normal,주야9586,3,2026.02.18,1번째 방문,예약,,A세트 시켰습니다 양도 많고 맛도 진짜 맛있었습니다! 사장님이 친절하십니다! 다음에도 재 방문할 정도로 좋았습니다!!,,,0,1,A세트 시켰습니다 양도 많고 맛도 진짜 맛있었습니다 사장님이 친절하십니다 다음에도 재 방문할 정도로 좋았습니다,65,61,0,0,1,1,1,1,0,0,0,0,1,1,0,0,0,0,0,0,1,1,1,0,4,1,0,0,1,0,0,0,1,0,0,1,0,0,0,0,0,0,1,0,0,0,0,0,0
쭌곱창,여행좋아하는루나,2264,2025.03.12,1번째 방문,예약,특색있고 너무 맛있어요 :) 불맛 강한게 완전 짱!! 아삭한 숙주와 곱창의 조합! 다이어트 할랬는데 닭발이랑 갈비도 시켜버리게 만드는 마성의 것 곳 jmt,86,True,쭌곱창,normal,여행좋아하는루나,2264,2025.03.12,1번째 방문,예약,,특색있고 너무 맛있어요 :) 불맛 강한게 완전 짱!! 아삭한 숙주와 곱창의 조합! 다이어트 할랬는데 닭발이랑 갈비도 시켜버리게 만드는 마성의 것 곳 jmt,,,0,1,특색있고 너무 맛있어요 불맛 강한게 완전 짱 아삭한 숙주와 곱창의 조합 다이어트 할랬는데 닭발이랑 갈비도 시켜버리게 만드는 마성의 것 곳 jmt,86,80,0,0,1,1,0,0,0,1,1,0,0,0,0,0,0,0,0,0,1,1,3,1,3,1,0,0,0,0,0,0,0,1,1,1,0,0,0,0,1,1,0,0,0,0,0,0,0
쭌곱창,이은비9043,62,2025.11.01,1번째 방문,영수증,너무 맛있어용ㅎㅎㅎㅎ 잘먹었습니다!,19,True,쭌곱창,normal,이은비9043,62,2025.11.01,1번째 방문,영수증,,너무 맛있어용ㅎㅎㅎㅎ 잘먹었습니다!,,,0,1,너무 맛있어용 잘먹었습니다,19,14,0,1,0,0,0,0,0,0,0,0,0,0,0,0,0,0,0,0,1,1,1,0,1,0,0,0,0,0,0,0,0,1,1,1,0,0,1,0,1,0,0,0,0,1,1,0,1
쭌곱창,숟가락포장지,45,2025.08.29,1번째 방문,영수증,사장님 너무 친절하십니다 맛도 너무 맛있어요! 가격도 ????????,34,True,쭌곱창,normal,숟가락포장지,45,2025.08.29,1번째 방문,영수증,,사장님 너무 친절하십니다 맛도 너무 맛있어요! 가격도 ????????,,,0,1,사장님 너무 친절하십니다 맛도 너무 맛있어요 가격도,38,28,0,0,1,0,0,0,0,0,0,0,2,1,1,0,0,0,0,0,1,1,2,0,1,0,0,0,0,0,0,0,0,1,0,1,0,0,0,0,0,0,1,0,0,0,0,0,0
쭌곱창,rye****,16,2025.12.09,1번째 방문,영수증,사장님이 친절하세요!! 곱창 양도 많고 볶음밥이랑 꼬옥 같이 먹어야해…????,41,True,쭌곱창,normal,rye****,16,2025.12.09,1번째 방문,영수증,,사장님이 친절하세요!! 곱창 양도 많고 볶음밥이랑 꼬옥 같이 먹어야해…????,,,0,1,사장님이 친절하세요 곱창 양도 많고 볶음밥이랑 꼬옥 같이 먹어야해,43,36,0,0,1,0,1,1,0,2,1,1,1,1,0,0,0,0,0,0,0,0,0,0,2,0,0,0,0,0,0,0,0,1,0,1,0,1,0,0,0,0,1,1,0,0,0,0,0
쭌곱창,IR63,20,2026.01.17,1번째 방문,영수증,맛있어요♡♡ 직원분도 넘 친절하셔서 좋았습니당,25,True,쭌곱창,normal,IR63,20,2026.01.17,1번째 방문,영수증,,맛있어요♡♡ 직원분도 넘 친절하셔서 좋았습니당,,,0,1,맛있어요 직원분도 넘 친절하셔서 좋았습니당,25,23,0,1,0,0,0,0,0,0,0,0,2,1,1,0,0,0,0,0,2,1,0,0,0,0,0,0,0,0,0,0,0,1,0,1,0,0,1,0,0,0,1,0,0,0,1,0,0
쭌곱창,vo8****,9,2025.10.31,1번째 방문,영수증,양 많고 맛있어요.,10,True,쭌곱창,normal,vo8****,9,2025.10.31,1번째 방문,영수증,,양 많고 맛있어요.,,,0,1,양 많고 맛있어요,10,9,0,1,0,0,1,1,0,0,0,0,0,0,0,0,0,0,0,0,1,1,0,0,0,0,0,0,0,0,0,0,0,0,0,1,0,0,1,0,0,0,0,0,0,0,0,0,0
쭌곱창,ㄱ2466,15,2025.12.14,1번째 방문,영수증,친절하고 맛있어요!!!!!!,15,True,쭌곱창,normal,ㄱ2466,15,2025.12.14,1번째 방문,영수증,,친절하고 맛있어요!!!!!!,,,0,1,친절하고 맛있어요,15,9,0,1,0,0,0,0,0,0,0,0,1,1,0,0,0,0,0,0,1,1,0,0,6,1,0,0,0,0,0,0,0,1,0,1,0,0,1,0,0,0,1,0,0,0,1,0,0
쭌곱창,tpg****,25,2026.01.10,1번째 방문,예약,아주 맛있게 잘먹었어요 ㅎㅎ 다음에 또 오겠습니다 ㅎㅎ,30,True,쭌곱창,normal,tpg****,25,2026.01.10,1번째 방문,예약,,아주 맛있게 잘먹었어요 ㅎㅎ 다음에 또 오겠습니다 ㅎㅎ,,,0,1,아주 맛있게 잘먹었어요 다음에 또 오겠습니다,30,24,0,0,1,0,0,0,0,0,0,0,0,0,0,0,0,0,0,0,1,1,0,0,0,0,0,0,0,0,0,0,0,1,0,1,0,0,0,0,1,0,0,0,0,0,0,0,0
쭌곱창,이상현1660,23,2025.08.01,1번째 방문,영수증,친구들이랑 예전에 먹고 맛있던 기억이 있어서 재방문했어요~ 여름인데 가게도 시원하고 좋아요!,51,True,쭌곱창,normal,이상현1660,23,2025.08.01,1번째 방문,영수증,,친구들이랑 예전에 먹고 맛있던 기억이 있어서 재방문했어요~ 여름인데 가게도 시원하고 좋아요!,,,0,1,친구들이랑 예전에 먹고 맛있던 기억이 있어서 재방문했어요 여름인데 가게도 시원하고 좋아요,51,49,0,0,1,0,0,0,0,0,0,0,0,0,0,2,1,0,0,0,2,1,0,0,1,0,0,0,0,1,1,0,0,1,0,1,0,0,0,0,0,0,1,0,0,0,0,0,0
쭌곱창,ojh****,8,2025.10.02,1번째 방문,영수증,너무 맛있어요!,8,True,쭌곱창,normal,ojh****,8,2025.10.02,1번째 방문,영수증,,너무 맛있어요!,,,0,1,너무 맛있어요,8,7,1,1,0,0,0,0,0,0,0,0,0,0,0,0,0,0,0,0,1,1,1,0,1,0,0,0,0,0,0,0,0,0,0,1,0,0,1,1,1,0,0,0,0,1,1,0,1
쭌곱창,홍자맘,32,2025.10.05,1번째 방문,영수증,곱창이랑 닭발이 진짜 맛있네여 주먹밥도 같이 시키는 걸 추천해요,35,True,쭌곱창,normal,홍자맘,32,2025.10.05,1번째 방문,영수증,,곱창이랑 닭발이 진짜 맛있네여 주먹밥도 같이 시키는 걸 추천해요,,,0,1,곱창이랑 닭발이 진짜 맛있네여 주먹밥도 같이 시키는 걸 추천해요,35,35,0,0,1,0,0,0,0,1,1,0,0,0,0,0,0,0,0,0,2,1,1,0,0,0,0,0,1,0,0,0,0,1,0,1,0,0,0,0,1,1,0,0,0,0,0,0,0
쭌곱창,ekd****,20,2026.03.17,1번째 방문,영수증,사장님께서 불쇼도 해주시고 맛있게 먹는방법도 설명해주셔서 파인다이닝에 온 것 같은 느낌이 들었어요!!?? 무조건 단골 예약이에요! 정말 맛있고 양도 많고 소스도 다양해서 여러가지 맛을 동시에 느낄수 있어서 강추입니당!??,121,True,쭌곱창,normal,ekd****,20,2026.03.17,1번째 방문,영수증,,사장님께서 불쇼도 해주시고 맛있게 먹는방법도 설명해주셔서 파인다이닝에 온 것 같은 느낌이 들었어요!!?? 무조건 단골 예약이에요! 정말 맛있고 양도 많고 소스도 다양해서 여러가지 맛을 동시에 느낄수 있어서 강추입니당!??,,,0,1,사장님께서 불쇼도 해주시고 맛있게 먹는방법도 설명해주셔서 파인다이닝에 온 것 같은 느낌이 들었어요 무조건 단골 예약이에요 정말 맛있고 양도 많고 소스도 다양해서 여러가지 맛을 동시에 느낄수 있어서 강추입니당,123,115,0,0,1,1,2,1,1,0,0,0,0,0,0,0,0,0,0,0,3,1,0,0,4,1,0,0,0,0,0,0,0,1,0,1,0,0,0,0,0,0,0,0,0,0,0,0,0
쭌곱창,hon****,1,2026.04.14,1번째 방문,영수증,처음 와봤는데 너무 맛있어요..! 가게 분위기도 너무 좋고 곱창이 맛있어서 자주 올 예정! 강추합니다,56,True,쭌곱창,normal,hon****,1,2026.04.14,1번째 방문,영수증,,처음 와봤는데 너무 맛있어요..! 가게 분위기도 너무 좋고 곱창이 맛있어서 자주 올 예정! 강추합니다,,,0,1,처음 와봤는데 너무 맛있어요 가게 분위기도 너무 좋고 곱창이 맛있어서 자주 올 예정 강추합니다,56,52,0,0,1,0,0,0,0,1,1,0,1,1,0,0,0,0,0,0,3,1,2,0,2,0,0,0,0,0,0,1,1,0,0,1,0,0,0,0,0,0,1,0,0,0,0,0,0
쭌곱창,이냥29,21,2026.01.02,1번째 방문,영수증,첫방문때 너무 맛있게 먹었어서 재방문했어요! 여전히 맛있어요 (´∀｀) 소스들이랑도 어울리는데 파인애플 생크림이 킥인거같아요 ?? ??다음에 또 재방문하러올게요!,89,True,쭌곱창,normal,이냥29,21,2026.01.02,1번째 방문,영수증,,첫방문때 너무 맛있게 먹었어서 재방문했어요! 여전히 맛있어요 (´∀｀) 소스들이랑도 어울리는데 파인애플 생크림이 킥인거같아요 ?? ??다음에 또 재방문하러올게요!,,,0,1,첫방문때 너무 맛있게 먹었어서 재방문했어요 여전히 맛있어요 소스들이랑도 어울리는데 파인애플 생크림이 킥인거같아요 다음에 또 재방문하러올게요,90,77,0,0,1,1,0,0,0,0,0,0,0,0,0,0,0,0,0,0,2,1,1,0,2,0,0,0,0,2,1,0,0,1,0,1,0,0,0,0,1,0,0,0,0,0,0,0,0
쭌곱창,옥정8019,2,2025.06.15,1번째 방문,영수증,홍대 온김에 평이 좋아서 들렀는데 곱창 양념이 다른 곱창집과 다르게 떡꼬치 양념 같아서 좋았습니다. 사진 그대로이고 파도 맛있어요!,73,True,쭌곱창,normal,옥정8019,2,2025.06.15,1번째 방문,영수증,,홍대 온김에 평이 좋아서 들렀는데 곱창 양념이 다른 곱창집과 다르게 떡꼬치 양념 같아서 좋았습니다. 사진 그대로이고 파도 맛있어요!,,,0,1,홍대 온김에 평이 좋아서 들렀는데 곱창 양념이 다른 곱창집과 다르게 떡꼬치 양념 같아서 좋았습니다 사진 그대로이고 파도 맛있어요,73,71,0,0,1,1,2,1,1,2,1,1,0,0,0,0,0,0,0,0,1,1,0,0,1,0,0,0,0,0,0,0,1,0,0,1,0,1,0,0,0,0,0,1,0,0,0,0,0
쭌곱창,귤나쓰,15,2025.12.29,1번째 방문,영수증,사장님이 친절하시고... 먹는 방법 다 알려주시고... 너무너무 맛있어요 ????,44,True,쭌곱창,normal,귤나쓰,15,2025.12.29,1번째 방문,영수증,,사장님이 친절하시고... 먹는 방법 다 알려주시고... 너무너무 맛있어요 ????,,,0,1,사장님이 친절하시고 먹는 방법 다 알려주시고 너무너무 맛있어요,45,34,0,0,1,0,0,0,0,0,0,0,1,1,0,0,0,0,0,0,1,1,2,0,0,0,0,0,0,0,0,0,0,1,0,1,0,0,0,0,0,0,1,0,0,0,0,0,0
쭌곱창,bm****,13,2025.11.19,1번째 방문,예약,메뉴가 특별하고 맛있어요 ???????????????? 좋은 시간 보내고 갑니당,36,True,쭌곱창,normal,bm****,13,2025.11.19,1번째 방문,예약,,메뉴가 특별하고 맛있어요 ???????????????? 좋은 시간 보내고 갑니당,,,0,1,메뉴가 특별하고 맛있어요 좋은 시간 보내고 갑니당,44,27,0,0,1,0,0,0,0,0,0,0,0,0,0,0,0,0,0,0,1,1,0,0,0,0,0,0,0,0,0,0,0,1,0,1,0,0,0,0,1,0,0,0,0,0,0,0,0
쭌곱창,tmddn963243,29,2025.06.06,1번째 방문,영수증,완전 맛있습니다 가성비도 좋고 강추!!,21,True,쭌곱창,normal,tmddn963243,29,2025.06.06,1번째 방문,영수증,,완전 맛있습니다 가성비도 좋고 강추!!,,,0,1,완전 맛있습니다 가성비도 좋고 강추,21,19,0,1,0,0,0,0,0,0,0,0,1,1,0,0,0,0,0,0,2,1,1,0,2,0,0,0,0,0,0,0,0,1,0,1,0,0,1,0,0,0,1,0,0,0,1,0,0
쭌곱창,juj****,18,2025.07.04,1번째 방문,영수증,비주얼 보세요… 벌써 두번째 방문인데 너무너무 맛있어요 직원분들도 되게 친절하심!!! 또 방문할게요!!,57,True,쭌곱창,normal,juj****,18,2025.07.04,1번째 방문,영수증,,비주얼 보세요… 벌써 두번째 방문인데 너무너무 맛있어요 직원분들도 되게 친절하심!!! 또 방문할게요!!,,,0,1,비주얼 보세요 벌써 두번째 방문인데 너무너무 맛있어요 직원분들도 되게 친절하심 또 방문할게요,57,51,0,0,1,0,0,0,0,0,0,0,2,1,1,0,0,0,0,0,1,1,2,0,5,1,0,0,0,1,1,0,0,1,0,1,0,0,0,0,0,0,1,0,0,0,0,0,0
쭌곱창,js0****,7,2025.11.05,1번째 방문,영수증,곱창 생크림에 찍어먹는거 너무 맛있어요!,22,True,쭌곱창,normal,js0****,7,2025.11.05,1번째 방문,영수증,,곱창 생크림에 찍어먹는거 너무 맛있어요!,,,0,1,곱창 생크림에 찍어먹는거 너무 맛있어요,22,21,0,1,0,0,0,0,0,1,1,0,0,0,0,0,0,0,0,0,1,1,1,0,1,0,0,0,0,0,0,0,0,0,0,1,0,0,1,0,1,1,0,0,0,1,1,0,1
쭌곱창,차원석32,7,2025.08.03,1번째 방문,영수증,곱창이랑 계란찜이 엄청 맛있어요!! 그리고 노래 선정이 좋아요 ㅎ,36,True,쭌곱창,normal,차원석32,7,2025.08.03,1번째 방문,영수증,,곱창이랑 계란찜이 엄청 맛있어요!! 그리고 노래 선정이 좋아요 ㅎ,,,0,1,곱창이랑 계란찜이 엄청 맛있어요 그리고 노래 선정이 좋아요,36,32,0,0,1,0,0,0,0,1,1,0,0,0,0,0,0,0,0,0,2,1,1,0,2,0,0,0,0,0,0,0,0,0,0,1,0,0,0,0,1,1,0,0,0,0,0,0,0
쭌곱창,누들사슴,1,2025.12.28,1번째 방문,영수증,맛있게 잘 먹었어요.,11,True,쭌곱창,normal,누들사슴,1,2025.12.28,1번째 방문,영수증,,맛있게 잘 먹었어요.,,,0,1,맛있게 잘 먹었어요,11,10,0,1,0,0,0,0,0,0,0,0,0,0,0,0,0,0,0,0,1,1,0,0,0,0,0,0,0,0,0,1,1,0,0,1,0,0,1,0,1,0,0,0,0,1,1,0,1
쭌곱창,방성민72,145,2025.06.13,1번째 방문,영수증,여기 자주가는데 너무 맛있서요,16,True,쭌곱창,normal,방성민72,145,2025.06.13,1번째 방문,영수증,,여기 자주가는데 너무 맛있서요,,,0,1,여기 자주가는데 너무 맛있서요,16,16,0,1,0,0,0,0,0,0,0,0,0,0,0,0,0,0,0,0,1,1,1,0,0,0,0,0,0,0,0,0,0,1,1,1,0,0,1,0,1,0,0,0,0,1,1,0,1
쭌곱창,동도로동동12,19,2025.08.20,1번째 방문,영수증,네명 모임하기도 좋고 무엇보다 양념 맛이 너무좋았어요!!! 맛있게 잘 먹었습니다 ㅎㅎㅎ,48,True,쭌곱창,normal,동도로동동12,19,2025.08.20,1번째 방문,영수증,,네명 모임하기도 좋고 무엇보다 양념 맛이 너무좋았어요!!! 맛있게 잘 먹었습니다 ㅎㅎㅎ,,,0,1,네명 모임하기도 좋고 무엇보다 양념 맛이 너무좋았어요 맛있게 잘 먹었습니다,48,41,0,0,1,0,1,1,0,0,0,0,0,0,0,0,0,0,0,0,1,1,1,0,3,1,0,0,0,0,0,0,0,1,0,1,0,0,0,0,0,0,0,0,0,0,0,0,0
쭌곱창,hyunho75,12,2025.10.25,1번째 방문,영수증,연인과 홍대 데이트하다가 찾은 맛집입니다!! 일단 맛도 너무 맛있고 가게 분위기와 사장님이 너무 친절해요!! 재방문 의사 100%입니다~~,77,True,쭌곱창,normal,hyunho75,12,2025.10.25,1번째 방문,영수증,,연인과 홍대 데이트하다가 찾은 맛집입니다!! 일단 맛도 너무 맛있고 가게 분위기와 사장님이 너무 친절해요!! 재방문 의사 100%입니다~~,,,0,1,연인과 홍대 데이트하다가 찾은 맛집입니다 일단 맛도 너무 맛있고 가게 분위기와 사장님이 너무 친절해요 재방문 의사 100 입니다,77,71,0,0,1,1,0,0,0,0,0,0,2,1,1,1,1,1,0,0,2,1,2,0,4,1,0,0,0,1,1,0,0,1,0,1,0,0,0,0,0,0,1,0,0,0,0,0,0
쭌곱창,Zeppelin22,21,2026.04.24,1번째 방문,영수증,학교 근처라 자주 오는 곳인데 아주 맛있고 가성비도 좋습니다! 추천합니다 ㅎㅎ,43,True,쭌곱창,normal,Zeppelin22,21,2026.04.24,1번째 방문,영수증,,학교 근처라 자주 오는 곳인데 아주 맛있고 가성비도 좋습니다! 추천합니다 ㅎㅎ,,,0,1,학교 근처라 자주 오는 곳인데 아주 맛있고 가성비도 좋습니다 추천합니다,43,39,0,0,1,0,0,0,0,0,0,0,1,1,0,0,0,0,0,0,2,1,0,0,1,0,0,0,0,0,0,0,0,1,0,1,0,0,0,0,0,0,1,0,0,0,0,0,0
쭌곱창,mjk****,10,2026.03.02,1번째 방문,,지나가다 들려본곳인데 분위기랑 맛이 일단 진짜 사기에요 가격도 너무 착한데다가 사장님께서도 너무 친절하시구 심지어 맛있게 먹는 법도 하나하나 알려주셔서 다시 방문하고 싶은곳입니다ㅜㅜ??,103,True,쭌곱창,normal,mjk****,10,2026.03.02,1번째 방문,,,지나가다 들려본곳인데 분위기랑 맛이 일단 진짜 사기에요 가격도 너무 착한데다가 사장님께서도 너무 친절하시구 심지어 맛있게 먹는 법도 하나하나 알려주셔서 다시 방문하고 싶은곳입니다ㅜㅜ??,,,0,1,지나가다 들려본곳인데 분위기랑 맛이 일단 진짜 사기에요 가격도 너무 착한데다가 사장님께서도 너무 친절하시구 심지어 맛있게 먹는 법도 하나하나 알려주셔서 다시 방문하고 싶은곳입니다,103,99,0,0,1,1,0,0,0,0,0,0,3,1,1,0,0,0,0,0,1,1,3,1,0,0,0,0,1,0,0,0,0,1,0,1,0,0,0,0,0,0,1,0,0,0,0,0,0
쭌곱창,몰라1504,636,2025.02.18,1번째 방문,예약,세트 메뉴가 맛있다고 해서 방문한 쭌곱창! 이렇게 감칠맛 있는 곱창은 처음이에요...♡ 양념 곱창과는 다른 계속 들어가는 맛과 볶음밥 우동사리 먹으면 너무너무 맛있어서 진짜 흡입했어요!! 세트로 주문하면 나오는 계란찜이 별미고 오뎅탕과 파인애플 생크림까지 너무너무 만족스러웠던 홍대 맛집...♡ 양도 너무 많고 사장님도 친절하시고 먹는 방법까지 알려주셔서 완전 만족♡ 또 방문하려구요!!@,217,True,쭌곱창,normal,몰라1504,636,2025.02.18,1번째 방문,예약,,세트 메뉴가 맛있다고 해서 방문한 쭌곱창! 이렇게 감칠맛 있는 곱창은 처음이에요...♡ 양념 곱창과는 다른 계속 들어가는 맛과 볶음밥 우동사리 먹으면 너무너무 맛있어서 진짜 흡입했어요!! 세트로 주문하면 나오는 계란찜이 별미고 오뎅탕과 파인애플 생크림까지 너무너무 만족스러웠던 홍대 맛집...♡ 양도 너무 많고 사장님도 친절하시고 먹는 방법까지 알려주셔서 완전 만족♡ 또 방문하려구요!!@,,,0,1,세트 메뉴가 맛있다고 해서 방문한 쭌곱창 이렇게 감칠맛 있는 곱창은 처음이에요 양념 곱창과는 다른 계속 들어가는 맛과 볶음밥 우동사리 먹으면 너무너무 맛있어서 진짜 흡입했어요 세트로 주문하면 나오는 계란찜이 별미고 오뎅탕과 파인애플 생크림까지 너무너무 만족스러웠던 홍대 맛집 양도 너무 많고 사장님도 친절하시고 먹는 방법까지 알려주셔서 완전 만족 또 방문하려구요,217,202,0,0,1,1,2,1,1,4,1,1,2,1,1,0,0,0,0,0,3,1,7,1,5,1,0,0,1,1,1,0,0,1,1,1,0,1,0,0,0,0,1,1,1,0,0,0,0
쭌곱창,지이예오,18,2026.01.15,1번째 방문,영수증,맛집으로 추천 받아서 왔는데 진짜 맛있네용 !!! 직원분도 친절하시구 화장실도 안에 있고 깨끗해서 좋았슴니다 ㅎ ㅎ ㅎ 곱창 냄새 안 나고 안 질기고 맛잇어요 !! ?? 주먹밥 필 수. 추가. 하세요 !!!!,115,True,쭌곱창,normal,지이예오,18,2026.01.15,1번째 방문,영수증,,맛집으로 추천 받아서 왔는데 진짜 맛있네용 !!! 직원분도 친절하시구 화장실도 안에 있고 깨끗해서 좋았슴니다 ㅎ ㅎ ㅎ 곱창 냄새 안 나고 안 질기고 맛잇어요 !! ?? 주먹밥 필 수. 추가. 하세요 !!!!,,,0,1,맛집으로 추천 받아서 왔는데 진짜 맛있네용 직원분도 친절하시구 화장실도 안에 있고 깨끗해서 좋았슴니다 곱창 냄새 안 나고 안 질기고 맛잇어요 주먹밥 필 수 추가 하세요,116,93,0,0,1,1,0,0,0,1,1,0,2,1,1,0,0,0,0,0,3,1,1,0,9,1,0,0,1,0,0,0,0,1,0,1,0,0,0,0,0,0,1,0,0,0,0,0,0
쭌곱창,apd****,35,2026.03.03,1번째 방문,영수증,쭌곱창 이전에 1년전에도 데이트때 와서 먹었던 집인데 오랜만에 홍대 왔는데 또 생각나서 방문합니다???? 여전히 불맛 맛있고 소스 가짓수 많고 요즘 리뷰 이벤트도 되게 후하게 있어서 좋았습니다!! 그리고 분위기도 홍대답게 힙하고 이늑하고 데이트하기에 놓습니다????,148,True,쭌곱창,normal,apd****,35,2026.03.03,1번째 방문,영수증,,쭌곱창 이전에 1년전에도 데이트때 와서 먹었던 집인데 오랜만에 홍대 왔는데 또 생각나서 방문합니다???? 여전히 불맛 맛있고 소스 가짓수 많고 요즘 리뷰 이벤트도 되게 후하게 있어서 좋았습니다!! 그리고 분위기도 홍대답게 힙하고 이늑하고 데이트하기에 놓습니다????,,,0,1,쭌곱창 이전에 1년전에도 데이트때 와서 먹었던 집인데 오랜만에 홍대 왔는데 또 생각나서 방문합니다 여전히 불맛 맛있고 소스 가짓수 많고 요즘 리뷰 이벤트도 되게 후하게 있어서 좋았습니다 그리고 분위기도 홍대답게 힙하고 이늑하고 데이트하기에 놓습니다,148,138,0,0,1,1,0,0,0,1,1,0,1,1,0,2,1,1,0,0,1,1,0,0,2,0,1,1,0,0,0,0,0,1,0,1,0,0,0,0,0,0,1,0,0,0,0,1,0
쭌곱창,edd****,17,2025.07.27,1번째 방문,영수증,넘넘 맛있어요 소스가 다양해서 찍어먹는재미가 있어오,28,True,쭌곱창,normal,edd****,17,2025.07.27,1번째 방문,영수증,,넘넘 맛있어요 소스가 다양해서 찍어먹는재미가 있어오,,,0,1,넘넘 맛있어요 소스가 다양해서 찍어먹는재미가 있어오,28,28,0,1,0,0,1,1,0,0,0,0,0,0,0,0,0,0,0,0,3,1,0,0,0,0,0,0,0,0,0,0,0,1,0,1,0,0,1,0,0,0,0,0,0,0,0,0,0
쭌곱창,재형7889,14,2025.05.26,1번째 방문,영수증,메뉴 구성부터 맛까지 너무 맛있게 잘먹었습니다 감사합니다!,32,True,쭌곱창,normal,재형7889,14,2025.05.26,1번째 방문,영수증,,메뉴 구성부터 맛까지 너무 맛있게 잘먹었습니다 감사합니다!,,,0,1,메뉴 구성부터 맛까지 너무 맛있게 잘먹었습니다 감사합니다,32,31,0,0,1,0,0,0,0,0,0,0,0,0,0,0,0,0,0,0,1,1,1,0,1,0,0,0,0,0,0,0,0,1,0,1,0,0,0,0,1,0,0,0,0,0,0,0,0
쭌곱창,진도리버,5,2025.09.11,1번째 방문,영수증,엄청 맛있어요^^ 또 오고싶은 곳이에요 드문 맛집♡,28,True,쭌곱창,normal,진도리버,5,2025.09.11,1번째 방문,영수증,,엄청 맛있어요^^ 또 오고싶은 곳이에요 드문 맛집♡,,,0,1,엄청 맛있어요 또 오고싶은 곳이에요 드문 맛집,28,25,0,1,0,0,0,0,0,0,0,0,0,0,0,0,0,0,0,0,2,1,1,0,0,0,0,0,0,0,0,0,1,0,0,1,0,0,1,0,1,0,0,0,0,1,1,0,1
쭌곱창,샤리65,11,2025.09.05,1번째 방문,영수증,비쥬얼도 좋고 맛있어요! 토치로 불쇼도 좋았고 소스도 많아서 찍어먹는 재미가 있네요 :),49,True,쭌곱창,normal,샤리65,11,2025.09.05,1번째 방문,영수증,,비쥬얼도 좋고 맛있어요! 토치로 불쇼도 좋았고 소스도 많아서 찍어먹는 재미가 있네요 :),,,0,1,비쥬얼도 좋고 맛있어요 토치로 불쇼도 좋았고 소스도 많아서 찍어먹는 재미가 있네요,49,45,0,0,1,0,0,0,0,0,0,0,0,0,0,0,0,0,0,0,1,1,0,0,1,0,0,0,0,0,0,0,0,1,0,1,0,0,0,0,1,0,0,0,0,0,0,0,0
쭌곱창,난사실말야,7,2025.11.28,1번째 방문,영수증,엄청 맛있어요!,8,True,쭌곱창,normal,난사실말야,7,2025.11.28,1번째 방문,영수증,,엄청 맛있어요!,,,0,1,엄청 맛있어요,8,7,1,1,0,0,0,0,0,0,0,0,0,0,0,0,0,0,0,0,1,1,1,0,1,0,0,0,0,0,0,0,0,0,0,1,0,0,1,1,1,0,0,0,0,1,1,0,1
쭌곱창,한기현33,9,2026.04.18,1번째 방문,영수증,잘 먹고 갑니다!! 감사합니다!!!,19,True,쭌곱창,normal,한기현33,9,2026.04.18,1번째 방문,영수증,,잘 먹고 갑니다!! 감사합니다!!!,,,0,1,잘 먹고 갑니다 감사합니다,19,14,0,1,0,0,0,0,0,0,0,0,0,0,0,0,0,0,0,0,0,0,0,0,5,1,0,0,0,0,0,0,0,0,0,1,0,0,0,0,0,0,0,0,0,1,0,0,1
쭌곱창,냄냄9,4,2025.12.12,1번째 방문,영수증,곱창 진짜 맛있고 사장님이 맛있게 먹는 법 설명도 너무 잘해주세요 최고,39,True,쭌곱창,normal,냄냄9,4,2025.12.12,1번째 방문,영수증,,곱창 진짜 맛있고 사장님이 맛있게 먹는 법 설명도 너무 잘해주세요 최고,,,0,1,곱창 진짜 맛있고 사장님이 맛있게 먹는 법 설명도 너무 잘해주세요 최고,39,39,0,0,1,0,0,0,0,1,1,0,0,0,0,0,0,0,0,0,3,1,2,0,0,0,0,0,1,0,0,0,1,0,0,1,0,0,0,0,1,1,0,0,0,0,0,0,0
쭌곱창,메롱6324,141,2025.09.16,1번째 방문,영수증,소스도 너무 많고 구워지기 전에 찍었지만 넘 맛있었습니당 ㅎㅎ,34,True,쭌곱창,normal,메롱6324,141,2025.09.16,1번째 방문,영수증,,소스도 너무 많고 구워지기 전에 찍었지만 넘 맛있었습니당 ㅎㅎ,,,0,1,소스도 너무 많고 구워지기 전에 찍었지만 넘 맛있었습니당,34,31,0,0,1,0,0,0,0,0,0,0,0,0,0,0,0,0,0,0,2,1,1,0,0,0,0,0,0,0,0,0,0,1,1,1,0,0,0,0,1,0,0,0,0,0,0,0,0
쭌곱창,yes****,20,2026.03.22,1번째 방문,영수증,양이 많고 소스도 다양하고 어묵탕도 나와서 좋아요 &gt;.&lt; 노래도 나오고 넘 좋아요 ㅎㅎ 잘 먹겠습니다 !!,65,True,쭌곱창,normal,yes****,20,2026.03.22,1번째 방문,영수증,,양이 많고 소스도 다양하고 어묵탕도 나와서 좋아요 &gt;.&lt; 노래도 나오고 넘 좋아요 ㅎㅎ 잘 먹겠습니다 !!,,,0,1,양이 많고 소스도 다양하고 어묵탕도 나와서 좋아요 gt lt 노래도 나오고 넘 좋아요 잘 먹겠습니다,65,55,0,0,1,1,2,1,1,0,0,0,0,0,0,0,0,0,0,0,3,1,0,0,2,0,0,0,0,0,0,0,0,1,0,1,0,0,0,0,0,0,0,0,0,0,0,0,0
쭌곱창,우즈이망,26,2026.03.10,1번째 방문,,"사장님이 정말 친절하시고 매장이 편안해서 좋았어요!! 메뉴에 대한 설명도 자세히 해주시고, 진짜진짜 맛있어용!!ㅜㅜ 처음 왔는데 자주 오고 싶은 곳입니다!! 완전 추천이여????",99,True,쭌곱창,normal,우즈이망,26,2026.03.10,1번째 방문,,,"사장님이 정말 친절하시고 매장이 편안해서 좋았어요!! 메뉴에 대한 설명도 자세히 해주시고, 진짜진짜 맛있어용!!ㅜㅜ 처음 왔는데 자주 오고 싶은 곳입니다!! 완전 추천이여????",,,0,1,사장님이 정말 친절하시고 매장이 편안해서 좋았어요 메뉴에 대한 설명도 자세히 해주시고 진짜진짜 맛있어용 처음 왔는데 자주 오고 싶은 곳입니다 완전 추천이여,99,86,0,0,1,1,0,0,0,0,0,0,2,1,1,0,0,0,0,0,2,1,3,1,6,1,0,0,1,0,0,0,0,1,0,1,0,0,0,0,0,0,1,0,0,0,0,0,0
쭌곱창,가을3999,75,2025.04.07,1번째 방문,영수증,네이버 리뷰 보고 왔습니다! 비쥬얼이랑 밑반찬들이 특이해서 좋았아요!! 맛도 있고 즐겁게 식사하다가 갑니당??,60,True,쭌곱창,normal,가을3999,75,2025.04.07,1번째 방문,영수증,,네이버 리뷰 보고 왔습니다! 비쥬얼이랑 밑반찬들이 특이해서 좋았아요!! 맛도 있고 즐겁게 식사하다가 갑니당??,,,0,1,네이버 리뷰 보고 왔습니다 비쥬얼이랑 밑반찬들이 특이해서 좋았아요 맛도 있고 즐겁게 식사하다가 갑니당,61,56,0,0,1,1,0,0,0,0,0,0,0,0,0,0,0,0,0,0,0,0,0,0,3,1,0,0,0,0,0,0,0,1,1,1,0,0,0,0,0,0,0,0,0,0,0,0,0
쭌곱창,dh1****,7,2025.12.25,1번째 방문,영수증,가성비에 맛도 좋음,10,True,쭌곱창,normal,dh1****,7,2025.12.25,1번째 방문,영수증,,가성비에 맛도 좋음,,,0,1,가성비에 맛도 좋음,10,10,0,1,0,0,0,0,0,0,0,0,1,1,0,0,0,0,0,0,0,0,0,0,0,0,0,0,0,0,0,0,0,0,0,1,0,0,0,0,0,0,1,0,0,0,0,0,0
쭌곱창,아따고것참45,9,2026.01.25,1번째 방문,영수증,맛이좋아요!! 사장님 재미있으셔요ㅋㅋㅋ,21,True,쭌곱창,normal,아따고것참45,9,2026.01.25,1번째 방문,영수증,,맛이좋아요!! 사장님 재미있으셔요ㅋㅋㅋ,,,0,1,맛이좋아요 사장님 재미있으셔요,21,16,0,1,0,0,0,0,0,0,0,0,0,0,0,0,0,0,0,0,1,1,0,0,2,0,0,0,0,0,0,0,0,0,0,1,0,0,1,0,1,0,0,0,0,1,1,0,1
쭌곱창,Celina4,35,2025.07.11,1번째 방문,영수증,두번째 방문인데 너무 맛있어용!!!... 가성비도 조아요 특히 소스가 너무 맛있음,45,True,쭌곱창,normal,Celina4,35,2025.07.11,1번째 방문,영수증,,두번째 방문인데 너무 맛있어용!!!... 가성비도 조아요 특히 소스가 너무 맛있음,,,0,1,두번째 방문인데 너무 맛있어용 가성비도 조아요 특히 소스가 너무 맛있음,45,39,0,0,1,0,0,0,0,0,0,0,1,1,0,0,0,0,0,0,2,1,2,0,3,1,0,0,0,0,0,0,0,1,0,1,0,0,0,0,0,0,1,0,0,0,0,0,0
쭌곱창,zxk****,8,2026.01.25,1번째 방문,영수증,맛있고 여자친구있으면 데려오고 싶은 곳이에요,24,True,쭌곱창,normal,zxk****,8,2026.01.25,1번째 방문,영수증,,맛있고 여자친구있으면 데려오고 싶은 곳이에요,,,0,1,맛있고 여자친구있으면 데려오고 싶은 곳이에요,24,24,0,1,0,0,0,0,0,0,0,0,0,0,0,1,1,0,0,0,1,1,0,0,0,0,0,0,0,0,0,0,0,0,0,1,0,0,1,0,0,0,1,0,0,0,1,0,0
쭌곱창,정준님,38,2026.01.22,1번째 방문,영수증,동료들끼리 왔는데 비쥬얼 미쳤고 안먹어봐도 벌써 맛있어요bb,33,True,쭌곱창,normal,정준님,38,2026.01.22,1번째 방문,영수증,,동료들끼리 왔는데 비쥬얼 미쳤고 안먹어봐도 벌써 맛있어요bb,,,0,1,동료들끼리 왔는데 비쥬얼 미쳤고 안먹어봐도 벌써 맛있어요bb,33,33,0,0,1,0,0,0,0,0,0,0,0,0,0,0,0,0,0,0,1,1,0,0,0,0,0,0,0,0,0,0,0,1,0,1,0,0,0,0,1,0,0,0,0,0,0,0,0
쭌곱창,neu****,18,2025.12.08,1번째 방문,영수증,양도 많고 퍼포먼스가 좋네요 :) 또오겠습니다.,26,True,쭌곱창,normal,neu****,18,2025.12.08,1번째 방문,영수증,,양도 많고 퍼포먼스가 좋네요 :) 또오겠습니다.,,,0,1,양도 많고 퍼포먼스가 좋네요 또오겠습니다,26,22,0,1,0,0,1,1,0,0,0,0,0,0,0,0,0,0,0,0,0,0,0,0,0,0,0,0,0,0,0,0,0,1,0,1,0,0,0,0,0,0,0,0,0,0,0,0,0
쭌곱창,gyu****,8,2025.10.08,1번째 방문,영수증,친구들과 오랜만에 서울와서 예약하고 왔는데 사장님도 친절하시고 완전 맛있어요!! 다들 꼭 한번씩 들어주세요!!,61,True,쭌곱창,normal,gyu****,8,2025.10.08,1번째 방문,영수증,,친구들과 오랜만에 서울와서 예약하고 왔는데 사장님도 친절하시고 완전 맛있어요!! 다들 꼭 한번씩 들어주세요!!,,,0,1,친구들과 오랜만에 서울와서 예약하고 왔는데 사장님도 친절하시고 완전 맛있어요 다들 꼭 한번씩 들어주세요,61,57,0,0,1,1,0,0,0,0,0,0,1,1,0,1,1,0,0,0,1,1,1,0,4,1,0,0,0,0,0,0,0,0,0,1,0,0,0,0,0,0,1,0,0,0,0,0,0
쭌곱창,XD8978,22,2025.12.30,1번째 방문,영수증,오랜만에 방문했는데 여전히 매콤하니 맛있어요 이제는 자주 방문할게요 파인애플 생크림은 꼭 추가해서 드시길 바랍니다 매콤한 곱창이랑 너무 잘 어울려요,82,True,쭌곱창,normal,XD8978,22,2025.12.30,1번째 방문,영수증,,오랜만에 방문했는데 여전히 매콤하니 맛있어요 이제는 자주 방문할게요 파인애플 생크림은 꼭 추가해서 드시길 바랍니다 매콤한 곱창이랑 너무 잘 어울려요,,,0,1,오랜만에 방문했는데 여전히 매콤하니 맛있어요 이제는 자주 방문할게요 파인애플 생크림은 꼭 추가해서 드시길 바랍니다 매콤한 곱창이랑 너무 잘 어울려요,82,82,0,0,1,1,2,1,1,1,1,0,0,0,0,0,0,0,0,0,1,1,1,0,0,0,0,0,1,0,0,0,0,1,0,1,0,1,0,0,0,0,0,1,0,0,0,0,0
쭌곱창,이븐한 미식가,39,2026.04.07,2번째 방문,영수증,n회차 방문중인 찐맛집 저의 또간집 쭌곱창입니다 가성비 맛 무엇하나 안빠지고 너무 맛있고 맛 기복도 없습니다 육회도 너무 맛있으니 꼭 드세요 ㅠㅠ,81,True,쭌곱창,normal,이븐한 미식가,39,2026.04.07,2번째 방문,영수증,,n회차 방문중인 찐맛집 저의 또간집 쭌곱창입니다 가성비 맛 무엇하나 안빠지고 너무 맛있고 맛 기복도 없습니다 육회도 너무 맛있으니 꼭 드세요 ㅠㅠ,,,0,2,n회차 방문중인 찐맛집 저의 또간집 쭌곱창입니다 가성비 맛 무엇하나 안빠지고 너무 맛있고 맛 기복도 없습니다 육회도 너무 맛있으니 꼭 드세요,81,78,0,0,1,1,0,0,0,1,1,0,1,1,0,0,0,0,0,0,3,1,2,0,0,0,0,0,0,0,0,0,0,1,0,0,1,0,0,0,0,0,1,0,0,0,0,0,0
쭌곱창,hyo****,16,2025.12.29,1번째 방문,영수증,맵찔이도 맛있게 먹을 수 있게 매콤하니 너무 맛있습니다~ 사장님 너무 친절하세요?? 다음에 또 방문할게요!!,59,True,쭌곱창,normal,hyo****,16,2025.12.29,1번째 방문,영수증,,맵찔이도 맛있게 먹을 수 있게 매콤하니 너무 맛있습니다~ 사장님 너무 친절하세요?? 다음에 또 방문할게요!!,,,0,1,맵찔이도 맛있게 먹을 수 있게 매콤하니 너무 맛있습니다 사장님 너무 친절하세요 다음에 또 방문할게요,60,55,0,0,1,1,1,1,0,0,0,0,1,1,0,0,0,0,0,0,2,1,2,0,2,0,0,0,0,1,1,0,0,1,0,1,0,0,0,0,0,0,1,0,0,0,0,0,0
쭌곱창,dlw****,28,2025.07.17,1번째 방문,영수증,처음 방문해봤는데 잡내도 없고 맛있어요! 직화곱창으로 최고입니당..!,38,True,쭌곱창,normal,dlw****,28,2025.07.17,1번째 방문,영수증,,처음 방문해봤는데 잡내도 없고 맛있어요! 직화곱창으로 최고입니당..!,,,0,1,처음 방문해봤는데 잡내도 없고 맛있어요 직화곱창으로 최고입니당,38,34,0,0,1,0,1,1,0,1,1,0,0,0,0,0,0,0,0,0,2,1,0,0,2,0,0,0,0,0,0,0,0,1,0,1,0,1,0,0,0,0,0,1,0,0,0,0,0
쭌곱창,jsh****,10,2025.11.07,1번째 방문,영수증,맛있어요 또 방문할게용????????,16,True,쭌곱창,normal,jsh****,10,2025.11.07,1번째 방문,영수증,,맛있어요 또 방문할게용????????,,,0,1,맛있어요 또 방문할게용,20,12,0,1,0,0,0,0,0,0,0,0,0,0,0,0,0,0,0,0,1,1,0,0,0,0,0,0,0,1,1,0,0,1,0,1,0,0,1,0,1,0,0,0,0,1,1,0,1
쭌곱창,파이리얌,88,2025.04.11,1번째 방문,영수증,잡내 하나도 안나고 곱창+갈비 조합 너무 좋습니다???↔? 세트가 어묵탕이랑 계란찜 등등 나와서 정말 가성비 좋고요! 양도 많고 분위기도 힙해서 좋아요! 직화구이라 맛있었어요! ??,99,True,쭌곱창,normal,파이리얌,88,2025.04.11,1번째 방문,영수증,,잡내 하나도 안나고 곱창+갈비 조합 너무 좋습니다???↔? 세트가 어묵탕이랑 계란찜 등등 나와서 정말 가성비 좋고요! 양도 많고 분위기도 힙해서 좋아요! 직화구이라 맛있었어요! ??,,,0,1,잡내 하나도 안나고 곱창 갈비 조합 너무 좋습니다 세트가 어묵탕이랑 계란찜 등등 나와서 정말 가성비 좋고요 양도 많고 분위기도 힙해서 좋아요 직화구이라 맛있었어요,101,90,0,0,1,1,2,1,1,1,1,0,2,1,1,0,0,0,0,0,2,1,1,0,3,1,0,0,0,0,0,0,0,1,1,1,0,1,0,0,0,0,1,1,1,0,0,0,0
쭌곱창,JORDAN25,4,2026.01.17,1번째 방문,영수증,너무너무 맛있어요,9,True,쭌곱창,normal,JORDAN25,4,2026.01.17,1번째 방문,영수증,,너무너무 맛있어요,,,0,1,너무너무 맛있어요,9,9,1,1,0,0,0,0,0,0,0,0,0,0,0,0,0,0,0,0,1,1,2,0,0,0,0,0,0,0,0,0,1,0,0,1,0,0,1,1,1,0,0,0,0,1,1,0,1
쭌곱창,dmmmm50,48,2026.01.30,1번째 방문,영수증,감사합니다! 맛있어요! 담에 또올거에요!!,23,True,쭌곱창,normal,dmmmm50,48,2026.01.30,1번째 방문,영수증,,감사합니다! 맛있어요! 담에 또올거에요!!,,,0,1,감사합니다 맛있어요 담에 또올거에요,23,19,0,1,0,0,0,0,0,0,0,0,0,0,0,0,0,0,0,0,1,1,0,0,4,1,0,0,0,0,0,0,0,1,0,1,0,0,1,0,1,0,0,0,0,1,1,0,1
쭌곱창,hui0608,32,2025.10.11,1번째 방문,영수증,사장님이 너무 친절하시고 처음 먹어보는 조합도 먹어봤는데 너무너무 맛있었어요!!! 담번에 홍대 곱창먹으러 오면 여기로 또 올거같아용?? 완전 강추예요!!!! 다들 먹으러오세용~~??,99,True,쭌곱창,normal,hui0608,32,2025.10.11,1번째 방문,영수증,,사장님이 너무 친절하시고 처음 먹어보는 조합도 먹어봤는데 너무너무 맛있었어요!!! 담번에 홍대 곱창먹으러 오면 여기로 또 올거같아용?? 완전 강추예요!!!! 다들 먹으러오세용~~??,,,0,1,사장님이 너무 친절하시고 처음 먹어보는 조합도 먹어봤는데 너무너무 맛있었어요 담번에 홍대 곱창먹으러 오면 여기로 또 올거같아용 완전 강추예요 다들 먹으러오세용,101,88,0,0,1,1,0,0,0,1,1,0,1,1,0,0,0,0,0,0,2,1,4,1,7,1,0,0,0,0,0,0,0,1,0,1,0,0,0,0,0,0,1,0,0,0,0,0,0
쭌곱창,팜73,11,2025.08.30,1번째 방문,영수증,"직원분이 친절하고, 음식도 너무 맛있습니다. 분위기도 아늑해서 추천합니다!! ??????",46,True,쭌곱창,normal,팜73,11,2025.08.30,1번째 방문,영수증,,"직원분이 친절하고, 음식도 너무 맛있습니다. 분위기도 아늑해서 추천합니다!! ??????",,,0,1,직원분이 친절하고 음식도 너무 맛있습니다 분위기도 아늑해서 추천합니다,49,38,0,0,1,0,0,0,0,0,0,0,3,1,1,0,0,0,0,0,2,1,1,0,2,0,0,0,0,0,0,0,0,1,0,1,0,0,0,0,0,0,1,0,0,0,0,0,0
쭌곱창,choon51,73,2025.05.16,1번째 방문,영수증,홍대입구 곱창하면 쭌곱창? 불맛 쩔어요!!! 비오는날 최고의 선택... 분위기 너무 좋고 !! ㅠㅠㅠ 딱 좋았어요 가성비 미쳤고... 어묵탕에 계란찜이 셋뜨라고..? ㄷㄷ하다 또갈집 확정임,105,True,쭌곱창,normal,choon51,73,2025.05.16,1번째 방문,영수증,,홍대입구 곱창하면 쭌곱창? 불맛 쩔어요!!! 비오는날 최고의 선택... 분위기 너무 좋고 !! ㅠㅠㅠ 딱 좋았어요 가성비 미쳤고... 어묵탕에 계란찜이 셋뜨라고..? ㄷㄷ하다 또갈집 확정임,,,0,1,홍대입구 곱창하면 쭌곱창 불맛 쩔어요 비오는날 최고의 선택 분위기 너무 좋고 딱 좋았어요 가성비 미쳤고 어묵탕에 계란찜이 셋뜨라고 하다 또갈집 확정임,105,83,0,0,1,1,0,0,0,2,1,1,2,1,1,0,0,0,0,0,1,1,1,0,5,1,0,0,0,0,0,0,0,1,1,1,0,0,0,0,0,0,1,0,0,0,0,0,0
쭌곱창,dlt****,5,2025.09.01,1번째 방문,영수증,너무 맛있어요 ! ??,11,True,쭌곱창,normal,dlt****,5,2025.09.01,1번째 방문,영수증,,너무 맛있어요 ! ??,,,0,1,너무 맛있어요,12,7,0,1,0,0,0,0,0,0,0,0,0,0,0,0,0,0,0,0,1,1,1,0,1,0,0,0,0,0,0,0,1,0,0,1,0,0,1,0,1,0,0,0,0,1,1,0,1
쭌곱창,김준희1631,7,2026.01.01,1번째 방문,영수증,친절하시고 곱창이 맛있어요,14,True,쭌곱창,normal,김준희1631,7,2026.01.01,1번째 방문,영수증,,친절하시고 곱창이 맛있어요,,,0,1,친절하시고 곱창이 맛있어요,14,14,0,1,0,0,0,0,0,1,1,0,1,1,0,0,0,0,0,0,1,1,0,0,0,0,0,0,0,0,0,0,0,0,0,1,0,0,1,0,0,0,1,0,0,0,1,0,0
쭌곱창,kis****,3,2026.03.13,1번째 방문,영수증,분위기 좋고 맛도있네요,12,True,쭌곱창,normal,kis****,3,2026.03.13,1번째 방문,영수증,,분위기 좋고 맛도있네요,,,0,1,분위기 좋고 맛도있네요,12,12,0,1,0,0,0,0,0,0,0,0,1,1,0,0,0,0,0,0,0,0,0,0,0,0,0,0,0,0,0,0,1,0,0,1,0,0,0,0,0,0,1,0,0,0,0,0,0
쭌곱창,kob****,7,2025.12.12,1번째 방문,영수증,친구덜과 연말모임으로 자리하였습니다 사장님께서 요리 준비도 다 해주시고 맛있게먹는법도 자세히 일려주셔서 너무 즐거운 식사자리가 되었습니다 감사합니다 또 방문하겠습니다,92,True,쭌곱창,normal,kob****,7,2025.12.12,1번째 방문,영수증,,친구덜과 연말모임으로 자리하였습니다 사장님께서 요리 준비도 다 해주시고 맛있게먹는법도 자세히 일려주셔서 너무 즐거운 식사자리가 되었습니다 감사합니다 또 방문하겠습니다,,,0,1,친구덜과 연말모임으로 자리하였습니다 사장님께서 요리 준비도 다 해주시고 맛있게먹는법도 자세히 일려주셔서 너무 즐거운 식사자리가 되었습니다 감사합니다 또 방문하겠습니다,92,92,0,0,1,1,0,0,0,0,0,0,2,1,1,1,1,0,0,0,1,1,1,0,0,0,0,0,0,1,1,0,0,0,0,1,0,0,0,0,0,0,1,0,0,0,0,0,0
쭌곱창,gkdl****,8,2025.12.11,1번째 방문,영수증,"메뉴 구성이 알차고 소스도 다양하고, 곱창도 너무 맛있어요! 앞에서 불쇼도 해주시고 좋았습니다",52,True,쭌곱창,normal,gkdl****,8,2025.12.11,1번째 방문,영수증,,"메뉴 구성이 알차고 소스도 다양하고, 곱창도 너무 맛있어요! 앞에서 불쇼도 해주시고 좋았습니다",,,0,1,메뉴 구성이 알차고 소스도 다양하고 곱창도 너무 맛있어요 앞에서 불쇼도 해주시고 좋았습니다,52,50,0,0,1,0,1,1,0,1,1,0,0,0,0,0,0,0,0,0,1,1,1,0,1,0,0,0,0,0,0,0,0,0,0,1,0,1,0,0,0,0,0,1,0,0,0,0,0
쭌곱창,kds동선방송,16,2026.03.06,2번째 방문,영수증,여자친구랑 재방문 했는데 역시나 맛있고 다시 또 올 것 같아요 ㅎㅎ 너무 좋아해요 강추드려요~~~~,55,True,쭌곱창,normal,kds동선방송,16,2026.03.06,2번째 방문,영수증,,여자친구랑 재방문 했는데 역시나 맛있고 다시 또 올 것 같아요 ㅎㅎ 너무 좋아해요 강추드려요~~~~,,,0,2,여자친구랑 재방문 했는데 역시나 맛있고 다시 또 올 것 같아요 너무 좋아해요 강추드려요,55,48,0,0,1,0,0,0,0,0,0,0,0,0,0,1,1,0,0,0,2,1,1,0,0,0,0,0,0,1,1,0,0,1,0,0,1,0,0,0,0,0,1,0,0,0,0,0,0
쭌곱창,JOO5310,166,2025.12.30,1번째 방문,영수증,여기 곱창 정말 맛있어요!! 곱창은 잡내 하나도 없이 맛있고 구워진 파가 정말 맛있어요 생크림 파인애플이랑 같이 먹으면 정말 맛있으니까 꼭 같이 드세요! 10년 전이랑 변함없는 맛이라서 너무 좋네요 잘 먹었습니다 자주 올게요!!!!,129,True,쭌곱창,normal,JOO5310,166,2025.12.30,1번째 방문,영수증,,여기 곱창 정말 맛있어요!! 곱창은 잡내 하나도 없이 맛있고 구워진 파가 정말 맛있어요 생크림 파인애플이랑 같이 먹으면 정말 맛있으니까 꼭 같이 드세요! 10년 전이랑 변함없는 맛이라서 너무 좋네요 잘 먹었습니다 자주 올게요!!!!,,,0,1,여기 곱창 정말 맛있어요 곱창은 잡내 하나도 없이 맛있고 구워진 파가 정말 맛있어요 생크림 파인애플이랑 같이 먹으면 정말 맛있으니까 꼭 같이 드세요 10년 전이랑 변함없는 맛이라서 너무 좋네요 잘 먹었습니다 자주 올게요,129,122,0,0,1,1,1,1,0,2,1,1,0,0,0,0,0,1,0,0,4,1,1,0,7,1,0,0,0,0,0,0,0,1,1,1,0,1,0,0,0,0,0,1,0,0,0,0,0
쭌곱창,ktf****,3,2025.05.25,1번째 방문,영수증,"남녀노소 누구나 좋아할만한 음식이었요. 잡내도 없었어요! 특히, 소스와 함께 먹으면 별미랍니다! 술안주로도 좋고 식사라도 좋았어요! 재방문 의사 100%!! 번창하세요~!",95,True,쭌곱창,normal,ktf****,3,2025.05.25,1번째 방문,영수증,,"남녀노소 누구나 좋아할만한 음식이었요. 잡내도 없었어요! 특히, 소스와 함께 먹으면 별미랍니다! 술안주로도 좋고 식사라도 좋았어요! 재방문 의사 100%!! 번창하세요~!",,,0,1,남녀노소 누구나 좋아할만한 음식이었요 잡내도 없었어요 특히 소스와 함께 먹으면 별미랍니다 술안주로도 좋고 식사라도 좋았어요 재방문 의사 100 번창하세요,95,85,0,0,1,1,1,1,0,0,0,0,0,0,0,0,0,1,0,0,0,0,0,0,6,1,0,0,0,1,1,0,1,0,0,1,0,0,0,0,0,0,0,0,0,0,0,0,0
쭌곱창,haley59,38,2026.01.19,1번째 방문,영수증,생각보다 매콤하고 양 많고 너무 맛있었어요! 수다떨기 딱 좋은 공간이였고 다음에 또 먹으러 올 것 같아요!!,60,True,쭌곱창,normal,haley59,38,2026.01.19,1번째 방문,영수증,,생각보다 매콤하고 양 많고 너무 맛있었어요! 수다떨기 딱 좋은 공간이였고 다음에 또 먹으러 올 것 같아요!!,,,0,1,생각보다 매콤하고 양 많고 너무 맛있었어요 수다떨기 딱 좋은 공간이였고 다음에 또 먹으러 올 것 같아요,60,57,0,0,1,1,2,1,1,0,0,0,0,0,0,0,0,0,0,0,1,1,1,0,3,1,0,0,0,0,0,0,0,1,0,1,0,0,0,0,0,0,0,0,0,0,0,0,0
쭌곱창,pinj,30,2026.04.11,1번째 방문,영수증,진짜 너무 맛있고 알려주신 방법대로 먹으니까 정말 말있습니다ㅜㅜ 밑반찬도 너무 잘나오고 맛있어요 ! 최고입니다 ????,64,True,쭌곱창,normal,pinj,30,2026.04.11,1번째 방문,영수증,,진짜 너무 맛있고 알려주신 방법대로 먹으니까 정말 말있습니다ㅜㅜ 밑반찬도 너무 잘나오고 맛있어요 ! 최고입니다 ????,,,0,1,진짜 너무 맛있고 알려주신 방법대로 먹으니까 정말 말있습니다 밑반찬도 너무 잘나오고 맛있어요 최고입니다,66,57,0,0,1,1,0,0,0,0,0,0,0,0,0,0,0,0,0,0,3,1,3,1,1,0,0,0,1,0,0,0,0,1,0,1,0,0,0,0,1,0,0,0,0,0,0,0,0
쭌곱창,굶주린 박명수,367,2025.10.02,1번째 방문,영수증,사장님이 제안해주신 대로 쌈 싸서 먹어보니 맛있었습니다 고기의 질이 좋은지는 잘 모르겠지만 전체적인 맛은 괜찮았고 만족스럽게 식사했습니다.,77,True,쭌곱창,normal,굶주린 박명수,367,2025.10.02,1번째 방문,영수증,,사장님이 제안해주신 대로 쌈 싸서 먹어보니 맛있었습니다 고기의 질이 좋은지는 잘 모르겠지만 전체적인 맛은 괜찮았고 만족스럽게 식사했습니다.,,,0,1,사장님이 제안해주신 대로 쌈 싸서 먹어보니 맛있었습니다 고기의 질이 좋은지는 잘 모르겠지만 전체적인 맛은 괜찮았고 만족스럽게 식사했습니다,77,76,0,0,1,1,0,0,0,0,0,0,0,0,0,0,0,0,0,0,1,1,0,0,0,0,0,0,0,0,0,0,0,1,1,1,0,0,0,0,1,0,0,0,0,0,0,0,0
쭌곱창,aksutmdals,13,2025.07.05,1번째 방문,영수증,진짜 맛있어요 벌써 4번째 또간집!! 짱이에요,25,True,쭌곱창,normal,aksutmdals,13,2025.07.05,1번째 방문,영수증,,진짜 맛있어요 벌써 4번째 또간집!! 짱이에요,,,0,1,진짜 맛있어요 벌써 4번째 또간집 짱이에요,25,23,0,1,0,0,0,0,0,0,0,0,0,0,0,0,0,1,0,0,1,1,2,0,2,0,0,0,1,0,0,0,0,1,0,1,0,0,1,0,1,0,0,0,0,1,1,0,1
쭌곱창,크롬6065,18,2026.01.22,1번째 방문,영수증,구성도 특이하고 토치로 직접 직화로 구워주는게 보는 맛도 있습니다!! 한번쯤 와보시는걸 추천드려요!,55,True,쭌곱창,normal,크롬6065,18,2026.01.22,1번째 방문,영수증,,구성도 특이하고 토치로 직접 직화로 구워주는게 보는 맛도 있습니다!! 한번쯤 와보시는걸 추천드려요!,,,0,1,구성도 특이하고 토치로 직접 직화로 구워주는게 보는 맛도 있습니다 한번쯤 와보시는걸 추천드려요,55,52,0,0,1,0,0,0,0,0,0,0,0,0,0,0,0,0,0,0,1,1,0,0,3,1,0,0,0,0,0,0,0,1,0,1,0,0,0,0,1,0,0,0,0,0,0,0,0
쭌곱창,블루블랙2,18,2026.01.27,1번째 방문,영수증,"친구들이랑 곱창 먹으러 왔는데 닭발, 계란찜, 곱창 모두 너무 맛있어요ㅠㅠ 특히 생크림파인애플 필수입니다!!????",62,True,쭌곱창,normal,블루블랙2,18,2026.01.27,1번째 방문,영수증,,"친구들이랑 곱창 먹으러 왔는데 닭발, 계란찜, 곱창 모두 너무 맛있어요ㅠㅠ 특히 생크림파인애플 필수입니다!!????",,,0,1,친구들이랑 곱창 먹으러 왔는데 닭발 계란찜 곱창 모두 너무 맛있어요 특히 생크림파인애플 필수입니다,64,54,0,0,1,1,0,0,0,2,1,1,0,0,0,1,1,0,0,0,1,1,1,0,2,0,0,0,0,0,0,0,0,1,0,1,0,0,0,0,0,0,1,0,0,0,0,0,0
쭌곱창,현찌리어스,9,2025.08.08,1번째 방문,영수증,갈비 너무 쫀득하고 너무 맛있어용! 곱창도 맛있어요!! 반찬도 좋아용?? 여러번 재방문합니다~!!????,55,True,쭌곱창,normal,현찌리어스,9,2025.08.08,1번째 방문,영수증,,갈비 너무 쫀득하고 너무 맛있어용! 곱창도 맛있어요!! 반찬도 좋아용?? 여러번 재방문합니다~!!????,,,0,1,갈비 너무 쫀득하고 너무 맛있어용 곱창도 맛있어요 반찬도 좋아용 여러번 재방문합니다,58,46,0,0,1,0,0,0,0,1,1,0,0,0,0,0,0,0,0,0,2,1,2,0,5,1,0,0,0,1,1,0,0,0,0,1,0,0,0,0,1,1,0,0,0,0,0,0,0
쭌곱창,도장깨기중인채,29,2026.04.25,1번째 방문,영수증,최고에용 요즘같은 날씨 야장자리에 앉아서 호로록 내일은 모르겠고오늘을 즐깁니다????,45,True,쭌곱창,normal,도장깨기중인채,29,2026.04.25,1번째 방문,영수증,,최고에용 요즘같은 날씨 야장자리에 앉아서 호로록 내일은 모르겠고오늘을 즐깁니다????,,,0,1,최고에용 요즘같은 날씨 야장자리에 앉아서 호로록 내일은 모르겠고오늘을 즐깁니다,47,43,0,0,1,0,0,0,0,0,0,0,1,1,0,0,0,0,0,0,1,1,0,0,0,0,0,0,0,0,0,0,0,1,0,1,0,0,0,0,0,0,1,0,0,0,0,0,0
쭌곱창,qkf****,23,2026.04.29,1번째 방문,영수증,홍대에서 가장 유명한 곱창집 인거같은뎅 저는 오늘 처음 왔거든요..? 근데 와 개처맛있네요;; 전체적으로 모든 메뉴 간이 딱이고 완전 그 여학생 학교길 밑 유치한 떡볶이 닭발 곱창집 감성이에요;; 많이 오세여들 ㄹㅇ 후회안함 ????????,130,True,쭌곱창,normal,qkf****,23,2026.04.29,1번째 방문,영수증,,홍대에서 가장 유명한 곱창집 인거같은뎅 저는 오늘 처음 왔거든요..? 근데 와 개처맛있네요;; 전체적으로 모든 메뉴 간이 딱이고 완전 그 여학생 학교길 밑 유치한 떡볶이 닭발 곱창집 감성이에요;; 많이 오세여들 ㄹㅇ 후회안함 ????????,,,0,1,홍대에서 가장 유명한 곱창집 인거같은뎅 저는 오늘 처음 왔거든요 근데 와 개처맛있네요 전체적으로 모든 메뉴 간이 딱이고 완전 그 여학생 학교길 밑 유치한 떡볶이 닭발 곱창집 감성이에요 많이 오세여들 후회안함,134,115,0,0,1,1,0,0,0,2,1,1,0,0,0,0,0,0,0,0,1,1,1,0,0,0,0,0,1,0,0,0,0,1,0,1,0,0,0,0,1,1,0,0,0,0,0,0,0
쭌곱창,은평구딱따구리,288,2025.05.04,2번째 방문,예약,저의 홍대 또또또또또또또또간집 ~~~ 항상 넘 맛잇어용 근데 딱 입장햇을때 매장에 냄새가 별로 안좋아여ㅜ 그것만 조금 신경써쥬시면 조을거같아용,79,True,쭌곱창,normal,은평구딱따구리,288,2025.05.04,2번째 방문,예약,,저의 홍대 또또또또또또또또간집 ~~~ 항상 넘 맛잇어용 근데 딱 입장햇을때 매장에 냄새가 별로 안좋아여ㅜ 그것만 조금 신경써쥬시면 조을거같아용,,,0,2,저의 홍대 또또또또또또또또간집 항상 넘 맛잇어용 근데 딱 입장햇을때 매장에 냄새가 별로 안좋아여 그것만 조금 신경써쥬시면 조을거같아용,79,74,0,0,1,1,0,0,0,0,0,0,1,1,0,0,0,0,0,0,1,1,0,0,0,0,0,0,1,0,0,0,0,1,1,0,1,0,0,0,0,0,1,0,0,0,0,0,0
쭌곱창,크51,27,2025.11.15,1번째 방문,영수증,곱창은 잡내 없이 잘 손질되어 있었고 직원분들이 직접 구워주셔서 편하게 맛있게 먹을 수 있었습니다. 사이드 메뉴들도 만족스러워서 술이 자연스럽게 들어가더군요. 다시 방문하고 싶은 곳입니다,104,True,쭌곱창,normal,크51,27,2025.11.15,1번째 방문,영수증,,곱창은 잡내 없이 잘 손질되어 있었고 직원분들이 직접 구워주셔서 편하게 맛있게 먹을 수 있었습니다. 사이드 메뉴들도 만족스러워서 술이 자연스럽게 들어가더군요. 다시 방문하고 싶은 곳입니다,,,0,1,곱창은 잡내 없이 잘 손질되어 있었고 직원분들이 직접 구워주셔서 편하게 맛있게 먹을 수 있었습니다 사이드 메뉴들도 만족스러워서 술이 자연스럽게 들어가더군요 다시 방문하고 싶은 곳입니다,104,102,0,0,1,1,1,1,0,1,1,0,1,1,0,0,0,0,0,0,1,1,0,0,0,0,0,0,0,0,0,0,0,1,0,1,0,1,0,0,0,0,1,1,0,0,0,0,0
쭌곱창,예은193578,14,2025.10.01,1번째 방문,영수증,우아 정말 맛있어서 추천해요 완전 맛있고 친절해요,27,True,쭌곱창,normal,예은193578,14,2025.10.01,1번째 방문,영수증,,우아 정말 맛있어서 추천해요 완전 맛있고 친절해요,,,0,1,우아 정말 맛있어서 추천해요 완전 맛있고 친절해요,27,27,0,1,0,0,0,0,0,0,0,0,1,1,0,0,0,0,0,0,3,1,1,0,0,0,0,0,0,0,0,0,0,1,0,1,0,0,1,0,0,0,1,0,0,0,1,0,0
쭌곱창,먹주u,7,2025.07.07,1번째 방문,영수증,넘넘 맛있어요!!???? 담에 또 올게용,20,True,쭌곱창,normal,먹주u,7,2025.07.07,1번째 방문,영수증,,넘넘 맛있어요!!???? 담에 또 올게용,,,0,1,넘넘 맛있어요 담에 또 올게용,22,16,0,1,0,0,0,0,0,0,0,0,0,0,0,0,0,0,0,0,3,1,0,0,2,0,0,0,0,0,0,0,0,0,0,1,0,0,1,0,1,0,0,0,0,1,1,0,1
쭌곱창,해야123,33,2025.06.06,1번째 방문,영수증,홍대 곱창집 중에 제일 맛있는 거 같아요!! 진짜 계란찜도 너무 맛있고 볶음밥도 최고고ㅠㅠㅠㅠ 꼭 오셔요 꼭이요!!,64,True,쭌곱창,normal,해야123,33,2025.06.06,1번째 방문,영수증,,홍대 곱창집 중에 제일 맛있는 거 같아요!! 진짜 계란찜도 너무 맛있고 볶음밥도 최고고ㅠㅠㅠㅠ 꼭 오셔요 꼭이요!!,,,0,1,홍대 곱창집 중에 제일 맛있는 거 같아요 진짜 계란찜도 너무 맛있고 볶음밥도 최고고 꼭 오셔요 꼭이요,64,56,0,0,1,1,0,0,0,2,1,1,0,0,0,0,0,0,0,0,3,1,2,0,4,1,0,0,1,0,0,0,0,1,0,1,0,0,0,0,1,1,0,0,0,0,0,0,0
쭌곱창,ptv****,18,2025.12.17,1번째 방문,영수증,사장님이 엄청 친절하시고 음식이 엄청 맛있어요,25,True,쭌곱창,normal,ptv****,18,2025.12.17,1번째 방문,영수증,,사장님이 엄청 친절하시고 음식이 엄청 맛있어요,,,0,1,사장님이 엄청 친절하시고 음식이 엄청 맛있어요,25,25,0,1,0,0,0,0,0,0,0,0,1,1,0,0,0,0,0,0,1,1,2,0,0,0,0,0,0,0,0,0,0,1,0,1,0,0,1,0,0,0,1,0,0,0,1,0,0
쭌곱창,개인의리뷰,326,2026.04.03,1번째 방문,예약,와...익숙한맛인데 지인자 맛나여 지인자!!!! 6명이라 예약 하고 왓는데 예약하길 잘했어요퓨ㅠㅠ 존맛,57,True,쭌곱창,normal,개인의리뷰,326,2026.04.03,1번째 방문,예약,,와...익숙한맛인데 지인자 맛나여 지인자!!!! 6명이라 예약 하고 왓는데 예약하길 잘했어요퓨ㅠㅠ 존맛,,,0,1,와 익숙한맛인데 지인자 맛나여 지인자 6명이라 예약 하고 왓는데 예약하길 잘했어요퓨 존맛,57,49,0,0,1,0,0,0,0,0,0,0,0,0,0,0,0,1,1,1,0,0,1,0,4,1,0,0,0,0,0,0,0,1,1,1,0,0,0,0,0,0,1,0,0,0,0,0,0
쭌곱창,jisung650210,79,2025.06.22,1번째 방문,영수증,B세트 시켰어요 갈비 + 곱창,16,True,쭌곱창,normal,jisung650210,79,2025.06.22,1번째 방문,영수증,,B세트 시켰어요 갈비 + 곱창,,,0,1,B세트 시켰어요 갈비 곱창,16,14,0,1,0,0,0,0,0,1,1,0,0,0,0,0,0,0,0,0,0,0,0,0,0,0,0,0,0,0,0,0,0,1,1,1,0,0,0,0,0,0,0,0,0,1,0,0,1
쭌곱창,yeo****,35,2025.12.01,1번째 방문,영수증,A세트 시켰는데 진짜 맛나요?????? 매콤한데 자꾸 먹게되는 중독적인 맛 ㅎㅎ 같이 나온 소스랑 깻잎 찍어먹으면 넘 굳굳,65,True,쭌곱창,normal,yeo****,35,2025.12.01,1번째 방문,영수증,,A세트 시켰는데 진짜 맛나요?????? 매콤한데 자꾸 먹게되는 중독적인 맛 ㅎㅎ 같이 나온 소스랑 깻잎 찍어먹으면 넘 굳굳,,,0,1,A세트 시켰는데 진짜 맛나요 매콤한데 자꾸 먹게되는 중독적인 맛 같이 나온 소스랑 깻잎 찍어먹으면 넘 굳굳,68,59,0,0,1,1,1,1,0,0,0,0,0,0,0,0,0,0,0,0,1,1,1,0,0,0,0,0,0,0,0,0,0,1,0,1,0,0,0,0,0,0,0,0,0,0,0,0,0
쭌곱창,노담42,185,2026.02.18,1번째 방문,영수증,맛있어요~ 사장님도 친절하세요!,17,True,쭌곱창,normal,노담42,185,2026.02.18,1번째 방문,영수증,,맛있어요~ 사장님도 친절하세요!,,,0,1,맛있어요 사장님도 친절하세요,17,15,0,1,0,0,0,0,0,0,0,0,1,1,0,0,0,0,0,0,1,1,0,0,1,0,0,0,0,0,0,0,0,1,1,1,0,0,1,0,0,0,1,0,0,0,1,0,0
쭌곱창,잉7520,16,2025.11.24,1번째 방문,영수증,메뉴 구성도 너무 좋고 맛있었습니다! 사장님이 친절하게 먹는방법도 알려주세요????,44,True,쭌곱창,normal,잉7520,16,2025.11.24,1번째 방문,영수증,,메뉴 구성도 너무 좋고 맛있었습니다! 사장님이 친절하게 먹는방법도 알려주세요????,,,0,1,메뉴 구성도 너무 좋고 맛있었습니다 사장님이 친절하게 먹는방법도 알려주세요,46,41,0,0,1,0,0,0,0,0,0,0,1,1,0,0,0,0,0,0,1,1,1,0,1,0,0,0,0,0,0,0,0,1,0,1,0,0,0,0,0,0,1,0,0,0,0,0,0
쭌곱창,꺄아111,7,2025.12.22,1번째 방문,영수증,친구 추천으로 왔는데 너무 맛있어요 ㅠㅠ,22,True,쭌곱창,normal,꺄아111,7,2025.12.22,1번째 방문,영수증,,친구 추천으로 왔는데 너무 맛있어요 ㅠㅠ,,,0,1,친구 추천으로 왔는데 너무 맛있어요,22,19,0,1,0,0,0,0,0,0,0,0,0,0,0,1,1,0,0,0,2,1,1,0,0,0,0,0,0,0,0,0,0,0,0,1,0,0,1,0,0,0,1,0,0,0,1,0,0
쭌곱창,kyno2m3,37,2026.04.19,1번째 방문,영수증,완전 맛있는 곱창 닭발집이에요!! 길가다가 그냥 삘받아와서 왔는데 정말 맛있게 잘먹었어요!,50,True,쭌곱창,normal,kyno2m3,37,2026.04.19,1번째 방문,영수증,,완전 맛있는 곱창 닭발집이에요!! 길가다가 그냥 삘받아와서 왔는데 정말 맛있게 잘먹었어요!,,,0,1,완전 맛있는 곱창 닭발집이에요 길가다가 그냥 삘받아와서 왔는데 정말 맛있게 잘먹었어요,50,47,0,0,1,0,0,0,0,1,1,0,0,0,0,0,0,0,0,0,2,1,1,0,3,1,0,0,1,0,0,0,0,1,0,1,0,0,0,0,1,1,0,0,0,0,0,0,0
쭌곱창,충청남도 몽몽이,24,2025.08.15,1번째 방문,영수증,군대간아들이곱창먹고싶대서방문..ㅋㅋ 평소먹고싶었던곳이라서 야무지게시키심..ㅋㅋ 간도적당하고..세트메뉴강추^^,60,True,쭌곱창,normal,충청남도 몽몽이,24,2025.08.15,1번째 방문,영수증,,군대간아들이곱창먹고싶대서방문..ㅋㅋ 평소먹고싶었던곳이라서 야무지게시키심..ㅋㅋ 간도적당하고..세트메뉴강추^^,,,0,1,군대간아들이곱창먹고싶대서방문 평소먹고싶었던곳이라서 야무지게시키심 간도적당하고 세트메뉴강추,60,49,0,0,1,1,0,0,0,1,1,0,0,0,0,0,0,0,0,0,1,1,0,0,0,0,0,0,0,0,0,0,0,1,0,1,0,0,0,0,1,1,0,0,0,0,0,0,0
쭌곱창,suy****,24,2025.10.13,1번째 방문,영수증,너무 맛있어요!! 세트 추천!!,17,True,쭌곱창,normal,suy****,24,2025.10.13,1번째 방문,영수증,,너무 맛있어요!! 세트 추천!!,,,0,1,너무 맛있어요 세트 추천,17,13,0,1,0,0,0,0,0,0,0,0,0,0,0,0,0,0,0,0,2,1,1,0,4,1,0,0,0,0,0,0,0,1,0,1,0,0,1,0,1,0,0,0,0,1,1,0,1
쭌곱창,지니밤31,55,2025.11.17,1번째 방문,영수증,가성비도 너무좋고 너무 맛있어요 처음왔는데 다음에 지인 데리고 또올거같아요 ㅎㅎㅎ 추운날엔 곱창이죠&gt;_&lt;,64,True,쭌곱창,normal,지니밤31,55,2025.11.17,1번째 방문,영수증,,가성비도 너무좋고 너무 맛있어요 처음왔는데 다음에 지인 데리고 또올거같아요 ㅎㅎㅎ 추운날엔 곱창이죠&gt;_&lt;,,,0,1,가성비도 너무좋고 너무 맛있어요 처음왔는데 다음에 지인 데리고 또올거같아요 추운날엔 곱창이죠 gt lt,64,57,0,0,1,1,0,0,0,1,1,0,1,1,0,0,0,0,0,0,1,1,2,0,0,0,0,0,0,0,0,0,0,1,1,1,0,0,0,0,0,0,1,0,0,0,0,0,0
쭌곱창,사진인,94,2025.09.13,1번째 방문,영수증,세트구성이 알차요. 양도 많아요.,18,True,쭌곱창,normal,사진인,94,2025.09.13,1번째 방문,영수증,,세트구성이 알차요. 양도 많아요.,,,0,1,세트구성이 알차요 양도 많아요,18,16,0,1,0,0,1,1,0,0,0,0,0,0,0,0,0,0,0,0,0,0,0,0,0,0,0,0,0,0,0,0,0,1,1,1,0,0,0,0,0,0,0,0,0,0,0,0,0
쭌곱창,구슬픈 복숭아,74,2025.11.21,2번째 방문,예약,지이이이인짜 맛있어요 불향도 진하고 좋아용,23,True,쭌곱창,normal,구슬픈 복숭아,74,2025.11.21,2번째 방문,예약,,지이이이인짜 맛있어요 불향도 진하고 좋아용,,,0,2,지이이이인짜 맛있어요 불향도 진하고 좋아용,23,23,0,1,0,0,0,0,0,0,0,0,0,0,0,0,0,0,0,0,1,1,0,0,0,0,0,0,1,0,0,0,0,1,1,0,1,0,1,0,1,0,0,0,0,1,1,0,0
쭌곱창,seoffee,525,2025.06.07,1번째 방문,영수증,별점이 좋아서 와봤는데 왜 좋은지 알겠더라구요 맛있습니다!!,33,True,쭌곱창,normal,seoffee,525,2025.06.07,1번째 방문,영수증,,별점이 좋아서 와봤는데 왜 좋은지 알겠더라구요 맛있습니다!!,,,0,1,별점이 좋아서 와봤는데 왜 좋은지 알겠더라구요 맛있습니다,33,31,0,0,1,0,0,0,0,0,0,0,0,0,0,0,0,0,0,0,1,1,0,0,2,0,0,0,0,0,0,0,0,1,1,1,0,0,0,0,1,0,0,0,0,0,0,0,0
쭌곱창,말랑뽀짝,30,2025.08.03,3번째 방문,영수증,진심으로 매일 방문하는 맛집입니다 여기가 곱창 중에 최고예요,33,True,쭌곱창,normal,말랑뽀짝,30,2025.08.03,3번째 방문,영수증,,진심으로 매일 방문하는 맛집입니다 여기가 곱창 중에 최고예요,,,0,3,진심으로 매일 방문하는 맛집입니다 여기가 곱창 중에 최고예요,33,33,0,0,1,0,0,0,0,1,1,0,0,0,0,0,0,0,0,0,2,1,0,0,0,0,0,0,0,0,0,0,0,1,0,0,1,0,0,0,1,1,0,0,0,0,0,0,0
쭌곱창,그저갓,28,2025.03.30,1번째 방문,영수증,오늘 친구랑 곱창집에 왔는데 생각보다 너무 맛있고 육즙도 아주 잘 느낄 수 있었어요. 홍대 오시면 쭌곰창 꼭 방문해보시길 바랍니다.,73,True,쭌곱창,normal,그저갓,28,2025.03.30,1번째 방문,영수증,,오늘 친구랑 곱창집에 왔는데 생각보다 너무 맛있고 육즙도 아주 잘 느낄 수 있었어요. 홍대 오시면 쭌곰창 꼭 방문해보시길 바랍니다.,,,0,1,오늘 친구랑 곱창집에 왔는데 생각보다 너무 맛있고 육즙도 아주 잘 느낄 수 있었어요 홍대 오시면 쭌곰창 꼭 방문해보시길 바랍니다,73,71,0,0,1,1,0,0,0,1,1,0,0,0,0,1,1,0,0,0,1,1,1,0,0,0,0,0,1,0,0,0,0,1,0,1,0,0,0,0,0,0,1,0,0,0,0,0,0
쭌곱창,106281,40,2025.08.09,1번째 방문,영수증,너무 맛있고 가격도 착해요 ??????,21,True,쭌곱창,normal,106281,40,2025.08.09,1번째 방문,영수증,,너무 맛있고 가격도 착해요 ??????,,,0,1,너무 맛있고 가격도 착해요,21,14,0,1,0,0,0,0,0,0,0,0,1,1,0,0,0,0,0,0,1,1,1,0,0,0,0,0,0,0,0,0,0,1,0,1,0,0,1,0,0,0,1,0,0,0,1,0,0
쭌곱창,쏭13,27,2025.10.12,1번째 방문,예약,잘먹겠습니다!,7,True,쭌곱창,normal,쏭13,27,2025.10.12,1번째 방문,예약,,잘먹겠습니다!,,,0,1,잘먹겠습니다,7,6,1,1,0,0,0,0,0,0,0,0,0,0,0,0,0,0,0,0,0,0,0,0,1,0,0,0,0,0,0,0,0,1,0,1,0,0,0,0,0,0,0,0,0,1,0,0,1
쭌곱창,capacite50,9,2025.09.05,1번째 방문,영수증,매콤하고 쫀득한 곱창볶음! 술안주로 딱이네요!,25,True,쭌곱창,normal,capacite50,9,2025.09.05,1번째 방문,영수증,,매콤하고 쫀득한 곱창볶음! 술안주로 딱이네요!,,,0,1,매콤하고 쫀득한 곱창볶음 술안주로 딱이네요,25,23,0,1,0,0,1,1,0,1,1,0,0,0,0,0,0,0,0,0,0,0,0,0,2,0,0,0,0,0,0,0,0,0,0,1,0,1,0,0,0,0,0,0,0,0,0,0,0
쭌곱창,Hahajung,33,2025.10.31,1번째 방문,영수증,사장님이 누무 친절하세요 쌈까지 싸주셨어요ㅌㅋㅋㅋ가성빋ㅎ 좋고 다른 곱창집과 다르게 소스도 많아서 자주옵니당 ㅎㅎㅎ,64,True,쭌곱창,normal,Hahajung,33,2025.10.31,1번째 방문,영수증,,사장님이 누무 친절하세요 쌈까지 싸주셨어요ㅌㅋㅋㅋ가성빋ㅎ 좋고 다른 곱창집과 다르게 소스도 많아서 자주옵니당 ㅎㅎㅎ,,,0,1,사장님이 누무 친절하세요 쌈까지 싸주셨어요 가성빋 좋고 다른 곱창집과 다르게 소스도 많아서 자주옵니당,64,56,0,0,1,1,0,0,0,1,1,0,1,1,0,0,0,0,0,0,0,0,0,0,0,0,0,0,0,0,0,0,0,1,0,1,0,0,0,0,0,0,1,0,0,0,0,0,0
쭌곱창,hwa****,1,2026.03.14,1번째 방문,영수증,쭌곱창에서 곱창 먹었는데 정말 만족스러웠어요 ?? 곱창이 잡내 없이 고소하고 쫄깃해서 계속 손이 가더라고요. 양도 푸짐하고 같이 나오는 반찬들도 잘 어울렸어요. 사장님도 친절해서 기분 좋게 식사했습니다. 곱창 생각날 때 또 방문하고 싶은 곳이에요! ??,139,True,쭌곱창,normal,hwa****,1,2026.03.14,1번째 방문,영수증,,쭌곱창에서 곱창 먹었는데 정말 만족스러웠어요 ?? 곱창이 잡내 없이 고소하고 쫄깃해서 계속 손이 가더라고요. 양도 푸짐하고 같이 나오는 반찬들도 잘 어울렸어요. 사장님도 친절해서 기분 좋게 식사했습니다. 곱창 생각날 때 또 방문하고 싶은 곳이에요! ??,,,0,1,쭌곱창에서 곱창 먹었는데 정말 만족스러웠어요 곱창이 잡내 없이 고소하고 쫄깃해서 계속 손이 가더라고요 양도 푸짐하고 같이 나오는 반찬들도 잘 어울렸어요 사장님도 친절해서 기분 좋게 식사했습니다 곱창 생각날 때 또 방문하고 싶은 곳이에요,141,131,0,0,1,1,5,1,1,4,1,1,1,1,0,0,0,0,0,0,0,0,0,0,1,0,0,0,0,1,1,1,1,0,0,1,0,1,0,0,0,0,1,1,1,0,0,0,0
쭌곱창,얌얌43,37,2025.08.03,1번째 방문,영수증,퍼포먼스 짱! 잘먹고갑니다:),16,True,쭌곱창,normal,얌얌43,37,2025.08.03,1번째 방문,영수증,,퍼포먼스 짱! 잘먹고갑니다:),,,0,1,퍼포먼스 짱 잘먹고갑니다,16,13,0,1,0,0,0,0,0,0,0,0,0,0,0,0,0,0,0,0,0,0,1,0,1,0,0,0,0,0,0,0,0,1,0,1,0,0,0,0,0,0,0,0,0,1,0,0,1
쭌곱창,할랑방구리,85,2026.04.22,1번째 방문,영수증,특별한 메뉴고 사장님이 진짜 친절해요 강추,23,True,쭌곱창,normal,할랑방구리,85,2026.04.22,1번째 방문,영수증,,특별한 메뉴고 사장님이 진짜 친절해요 강추,,,0,1,특별한 메뉴고 사장님이 진짜 친절해요 강추,23,23,0,1,0,0,0,0,0,0,0,0,1,1,0,0,0,0,0,0,1,1,1,0,0,0,0,0,1,0,0,0,0,1,1,1,0,0,1,0,0,0,1,0,0,0,1,0,0
쭌곱창,마시서요,24,2026.01.17,1번째 방문,영수증,여기 찐맛집이고 서비스도 좋습니다. 기분좋은 매콤함이여서 다음에도 올려고 합니다. 완전 추천합니다,54,True,쭌곱창,normal,마시서요,24,2026.01.17,1번째 방문,영수증,,여기 찐맛집이고 서비스도 좋습니다. 기분좋은 매콤함이여서 다음에도 올려고 합니다. 완전 추천합니다,,,0,1,여기 찐맛집이고 서비스도 좋습니다 기분좋은 매콤함이여서 다음에도 올려고 합니다 완전 추천합니다,54,52,0,0,1,0,1,1,0,0,0,0,1,1,0,0,0,0,0,0,2,1,1,0,0,0,1,1,0,0,0,0,0,1,0,1,0,0,0,0,0,0,1,0,0,0,0,1,0
쭌곱창,가든조,33,2025.09.24,1번째 방문,영수증,매콤하고 달짝지근해서 계속 먹게 되요~ 맛있어요,26,True,쭌곱창,normal,가든조,33,2025.09.24,1번째 방문,영수증,,매콤하고 달짝지근해서 계속 먹게 되요~ 맛있어요,,,0,1,매콤하고 달짝지근해서 계속 먹게 되요 맛있어요,26,25,0,1,0,0,1,1,0,0,0,0,0,0,0,0,0,0,0,0,1,1,0,0,0,0,0,0,0,0,0,0,0,1,0,1,0,0,1,0,0,0,0,0,0,0,0,0,0
쭌곱창,해디58,31,2025.08.09,1번째 방문,영수증,곱창도 맛있고 양념도 맛있어요~!,18,True,쭌곱창,normal,해디58,31,2025.08.09,1번째 방문,영수증,,곱창도 맛있고 양념도 맛있어요~!,,,0,1,곱창도 맛있고 양념도 맛있어요,18,16,0,1,0,0,1,1,0,1,1,0,0,0,0,0,0,0,0,0,2,1,0,0,1,0,0,0,0,0,0,0,0,1,0,1,0,1,1,0,0,0,0,0,0,0,0,0,0
쭌곱창,en****,12,2026.03.21,1번째 방문,영수증,길가다가 보여서 와봤는데 엄청 맛있어요!,22,True,쭌곱창,normal,en****,12,2026.03.21,1번째 방문,영수증,,길가다가 보여서 와봤는데 엄청 맛있어요!,,,0,1,길가다가 보여서 와봤는데 엄청 맛있어요,22,21,0,1,0,0,0,0,0,0,0,0,0,0,0,0,0,0,0,0,1,1,1,0,1,0,0,0,1,0,0,0,0,1,0,1,0,0,1,0,1,0,0,0,0,1,1,0,1
쭌곱창,카라5453,20,2025.11.27,1번째 방문,영수증,맛있어요 추천! 돼지곱창 먹기좋아요,19,True,쭌곱창,normal,카라5453,20,2025.11.27,1번째 방문,영수증,,맛있어요 추천! 돼지곱창 먹기좋아요,,,0,1,맛있어요 추천 돼지곱창 먹기좋아요,19,18,0,1,0,0,0,0,0,1,1,0,0,0,0,0,0,0,0,0,3,1,0,0,1,0,0,0,0,0,0,0,0,1,0,1,0,0,1,0,1,1,0,0,0,1,1,0,1
쭌곱창,민이옹,62,2025.10.03,1번째 방문,영수증,직원분도 친절하시고 아주 맛있게 섞어주셔요 ㅋ 맛있게 먹는법도 알려주시구 생크림파인애플이랑 같이먹는거 별미.?.? 닭발 곱창 조합 꼭 드시길ㅋ 존맛이에요 ㅠ 또간집 예약.. 다음에 또 올거에여&gt;_&lt; 우하하,120,True,쭌곱창,normal,민이옹,62,2025.10.03,1번째 방문,영수증,,직원분도 친절하시고 아주 맛있게 섞어주셔요 ㅋ 맛있게 먹는법도 알려주시구 생크림파인애플이랑 같이먹는거 별미.?.? 닭발 곱창 조합 꼭 드시길ㅋ 존맛이에요 ㅠ 또간집 예약.. 다음에 또 올거에여&gt;_&lt; 우하하,,,0,1,직원분도 친절하시고 아주 맛있게 섞어주셔요 맛있게 먹는법도 알려주시구 생크림파인애플이랑 같이먹는거 별미 닭발 곱창 조합 꼭 드시길 존맛이에요 또간집 예약 다음에 또 올거에여 gt lt 우하하,120,106,0,0,1,1,0,0,0,1,1,0,2,1,1,0,0,0,0,0,2,1,1,0,0,0,0,0,1,0,0,0,0,1,1,1,0,0,0,0,0,0,1,0,0,0,0,0,0
쭌곱창,dre****,62,2025.04.27,1번째 방문,영수증,"홍대를 대표하는 곱창집, 쭌곱창! 편안하고 정갈한 분위기에서 먹는 곱창 맛이 왕입니다요!",49,True,쭌곱창,normal,dre****,62,2025.04.27,1번째 방문,영수증,,"홍대를 대표하는 곱창집, 쭌곱창! 편안하고 정갈한 분위기에서 먹는 곱창 맛이 왕입니다요!",,,0,1,홍대를 대표하는 곱창집 쭌곱창 편안하고 정갈한 분위기에서 먹는 곱창 맛이 왕입니다요,49,46,0,0,1,0,0,0,0,3,1,1,1,1,0,0,0,0,0,0,0,0,0,0,2,0,0,0,0,0,0,0,0,1,1,1,0,0,0,0,0,0,1,0,0,0,0,0,0
쭌곱창,lhh****,5,2025.09.01,1번째 방문,영수증,재방문인데 맛있어서 앞으로도 계속 오고싶은 맛집이에요!!,31,True,쭌곱창,normal,lhh****,5,2025.09.01,1번째 방문,영수증,,재방문인데 맛있어서 앞으로도 계속 오고싶은 맛집이에요!!,,,0,1,재방문인데 맛있어서 앞으로도 계속 오고싶은 맛집이에요,31,29,0,0,1,0,0,0,0,0,0,0,0,0,0,0,0,0,0,0,2,1,0,0,2,0,0,0,0,1,1,0,1,0,0,1,0,0,0,0,1,0,0,0,0,0,0,0,0
쭌곱창,녹차오레오,42,2025.08.09,1번째 방문,영수증,곱창+갈비 맛잇어요!!,12,True,쭌곱창,normal,녹차오레오,42,2025.08.09,1번째 방문,영수증,,곱창+갈비 맛잇어요!!,,,0,1,곱창 갈비 맛잇어요,12,10,0,1,0,0,0,0,0,1,1,0,0,0,0,0,0,0,0,0,0,0,0,0,2,0,0,0,0,0,0,0,0,1,0,1,0,0,0,0,0,0,0,0,0,1,0,0,1
쭌곱창,Asas78,19,2026.03.07,1번째 방문,영수증,너무 맛나요~~!!!,11,True,쭌곱창,normal,Asas78,19,2026.03.07,1번째 방문,영수증,,너무 맛나요~~!!!,,,0,1,너무 맛나요,11,6,0,1,0,0,0,0,0,0,0,0,0,0,0,0,0,0,0,0,0,0,1,0,3,1,0,0,0,0,0,0,0,1,0,1,0,0,0,0,0,0,0,0,0,1,0,0,1
쭌곱창,ehd****,5,2025.04.03,1번째 방문,영수증,오늘 지인을 만나기 위해 홍대입구에 위치해 있는 쭌 곱창 집을 갔다왔는데 처음은 곳이라 맛을 걱정 했는데 어머나!!! 존맛 맛있었어요 ㅎㅎㅎ 인테리어도 좋았고 분위기도 괜찮았어요 ㅎㅎ 다음에도 올려고 해요 ㅎㅎ,117,True,쭌곱창,normal,ehd****,5,2025.04.03,1번째 방문,영수증,,오늘 지인을 만나기 위해 홍대입구에 위치해 있는 쭌 곱창 집을 갔다왔는데 처음은 곳이라 맛을 걱정 했는데 어머나!!! 존맛 맛있었어요 ㅎㅎㅎ 인테리어도 좋았고 분위기도 괜찮았어요 ㅎㅎ 다음에도 올려고 해요 ㅎㅎ,,,0,1,오늘 지인을 만나기 위해 홍대입구에 위치해 있는 쭌 곱창 집을 갔다왔는데 처음은 곳이라 맛을 걱정 했는데 어머나 존맛 맛있었어요 인테리어도 좋았고 분위기도 괜찮았어요 다음에도 올려고 해요,117,104,0,0,1,1,0,0,0,1,1,0,1,1,0,0,0,0,0,0,1,1,1,0,3,1,0,0,0,0,0,0,1,0,0,1,0,0,0,0,0,0,1,0,0,0,0,0,0
쭌곱창,나8889,14,2025.08.18,1번째 방문,영수증,완전 아늑하고 느낌좋은 식당이에용~~ 이근처 곱창집은 여기가 젤 맛있어요 ㅎㅎ 번창하십쇼,49,True,쭌곱창,normal,나8889,14,2025.08.18,1번째 방문,영수증,,완전 아늑하고 느낌좋은 식당이에용~~ 이근처 곱창집은 여기가 젤 맛있어요 ㅎㅎ 번창하십쇼,,,0,1,완전 아늑하고 느낌좋은 식당이에용 이근처 곱창집은 여기가 젤 맛있어요 번창하십쇼,49,44,0,0,1,0,0,0,0,1,1,0,0,0,0,0,0,0,0,0,1,1,1,0,0,0,0,0,0,0,0,0,0,1,0,1,0,0,0,0,1,1,0,0,0,0,0,0,0
쭌곱창,주몽티,38,2026.04.18,1번째 방문,영수증,곱창하면 비싸고 냄새난다는 생각했는데 양념도 맛있고 불맛도 엄청 나서 넘 맛있어요ㅠㅠ 그리고 세트 구성도 알차서 배터지게 먹었습니다..?? 친구랑 또 와야겠슴다,88,True,쭌곱창,normal,주몽티,38,2026.04.18,1번째 방문,영수증,,곱창하면 비싸고 냄새난다는 생각했는데 양념도 맛있고 불맛도 엄청 나서 넘 맛있어요ㅠㅠ 그리고 세트 구성도 알차서 배터지게 먹었습니다..?? 친구랑 또 와야겠슴다,,,0,1,곱창하면 비싸고 냄새난다는 생각했는데 양념도 맛있고 불맛도 엄청 나서 넘 맛있어요 그리고 세트 구성도 알차서 배터지게 먹었습니다 친구랑 또 와야겠슴다,89,83,0,0,1,1,1,1,0,1,1,0,0,0,0,1,1,0,0,0,3,1,1,0,0,0,0,0,1,0,0,0,0,1,0,1,0,1,0,0,0,0,1,1,0,0,0,0,0
쭌곱창,yoy320,27,2025.04.18,1번째 방문,영수증,주변 지인이 맛있다고 꼬옥 가보라고 해서 와봤는데 역시나 너무 맛있더라구요. 완전 만족입니다!!! 일단 생크림이 나오는게 너무 신기했어요 ㅎㅎ 메뉴도 다양한 조합이라 맛있게 잘 먹었숩니다??,106,True,쭌곱창,normal,yoy320,27,2025.04.18,1번째 방문,영수증,,주변 지인이 맛있다고 꼬옥 가보라고 해서 와봤는데 역시나 너무 맛있더라구요. 완전 만족입니다!!! 일단 생크림이 나오는게 너무 신기했어요 ㅎㅎ 메뉴도 다양한 조합이라 맛있게 잘 먹었숩니다??,,,0,1,주변 지인이 맛있다고 꼬옥 가보라고 해서 와봤는데 역시나 너무 맛있더라구요 완전 만족입니다 일단 생크림이 나오는게 너무 신기했어요 메뉴도 다양한 조합이라 맛있게 잘 먹었숩니다,106,97,0,0,1,1,1,1,0,0,0,0,0,0,0,0,0,0,0,0,3,1,3,1,3,1,0,0,0,0,0,0,0,1,0,1,0,0,0,0,0,0,0,0,0,0,0,0,0
쭌곱창,나는김죠,16,2025.08.08,1번째 방문,영수증,친구들만날 때마다 항상 가는 곳입니다. 너무 맛있어요 추천합니다!,36,True,쭌곱창,normal,나는김죠,16,2025.08.08,1번째 방문,영수증,,친구들만날 때마다 항상 가는 곳입니다. 너무 맛있어요 추천합니다!,,,0,1,친구들만날 때마다 항상 가는 곳입니다 너무 맛있어요 추천합니다,36,34,0,0,1,0,0,0,0,0,0,0,0,0,0,1,1,0,0,0,2,1,1,0,1,0,0,0,0,0,0,0,0,1,0,1,0,0,0,0,0,0,1,0,0,0,0,0,0
쭌곱창,밈밈29,6,2025.09.15,1번째 방문,영수증,사장님도 되게 친절하시고 음식도 엄청 맛있었어요!ㅎㅎ,29,True,쭌곱창,normal,밈밈29,6,2025.09.15,1번째 방문,영수증,,사장님도 되게 친절하시고 음식도 엄청 맛있었어요!ㅎㅎ,,,0,1,사장님도 되게 친절하시고 음식도 엄청 맛있었어요,29,26,0,1,0,0,0,0,0,0,0,0,1,1,0,0,0,0,0,0,1,1,1,0,1,0,0,0,0,0,0,0,0,0,0,1,0,0,1,0,0,0,1,0,0,0,1,0,0
쭌곱창,채으니이,9,2026.02.07,1번째 방문,예약,너무 맛있어서 또 방문했어요 생크림이랑 소스도 너무 맛있고… 최고!!,38,True,쭌곱창,normal,채으니이,9,2026.02.07,1번째 방문,예약,,너무 맛있어서 또 방문했어요 생크림이랑 소스도 너무 맛있고… 최고!!,,,0,1,너무 맛있어서 또 방문했어요 생크림이랑 소스도 너무 맛있고 최고,38,35,0,0,1,0,0,0,0,0,0,0,0,0,0,0,0,0,0,0,3,1,2,0,2,0,0,0,0,1,1,0,0,0,0,1,0,0,0,0,1,0,0,0,0,0,0,0,0
쭌곱창,이채현49,15,2025.06.11,1번째 방문,영수증,이런 닭발 처음 먹어보는데 양도많고 너뮈맛있어요 재방문의사 완전 있습니다!!,42,True,쭌곱창,normal,이채현49,15,2025.06.11,1번째 방문,영수증,,이런 닭발 처음 먹어보는데 양도많고 너뮈맛있어요 재방문의사 완전 있습니다!!,,,0,1,이런 닭발 처음 먹어보는데 양도많고 너뮈맛있어요 재방문의사 완전 있습니다,42,40,0,0,1,0,1,1,0,0,0,0,0,0,0,0,0,0,0,0,1,1,1,0,2,0,0,0,0,1,1,0,0,1,0,1,0,0,0,0,0,0,0,0,0,0,0,0,0
쭌곱창,dor****,22,2025.06.24,1번째 방문,영수증,공간이 아늑하니 분위기가 좋아요..! 친구 추천받아서 왔는데 들은대로 너무 맛있네요ㅜㅜ 사장님도 친절하세요!!!!,63,True,쭌곱창,normal,dor****,22,2025.06.24,1번째 방문,영수증,,공간이 아늑하니 분위기가 좋아요..! 친구 추천받아서 왔는데 들은대로 너무 맛있네요ㅜㅜ 사장님도 친절하세요!!!!,,,0,1,공간이 아늑하니 분위기가 좋아요 친구 추천받아서 왔는데 들은대로 너무 맛있네요 사장님도 친절하세요,63,54,0,0,1,1,0,0,0,0,0,0,2,1,1,1,1,0,0,0,3,1,1,0,5,1,0,0,0,0,0,0,0,1,0,1,0,0,0,0,0,0,1,0,0,0,0,0,0
쭌곱창,han****,16,2026.04.12,1번째 방문,영수증,사장님께서 엄청 친절하시고 소스도 많고 완전맛잇어요,28,True,쭌곱창,normal,han****,16,2026.04.12,1번째 방문,영수증,,사장님께서 엄청 친절하시고 소스도 많고 완전맛잇어요,,,0,1,사장님께서 엄청 친절하시고 소스도 많고 완전맛잇어요,28,28,0,1,0,0,0,0,0,0,0,0,1,1,0,0,0,0,0,0,0,0,2,0,0,0,0,0,0,0,0,0,0,1,0,1,0,0,0,0,0,0,1,0,0,0,0,0,0
쭌곱창,modifyH,14,2025.06.28,1번째 방문,영수증,"곱창 상태 너무 좋고, 잡내 없어요. 불향 가득! 서비스도 친절함. 볶음밥은 무조건 먹어야 함. 재방문의사 100%.",65,True,쭌곱창,normal,modifyH,14,2025.06.28,1번째 방문,영수증,,"곱창 상태 너무 좋고, 잡내 없어요. 불향 가득! 서비스도 친절함. 볶음밥은 무조건 먹어야 함. 재방문의사 100%.",,,0,1,곱창 상태 너무 좋고 잡내 없어요 불향 가득 서비스도 친절함 볶음밥은 무조건 먹어야 함 재방문의사 100,65,58,0,0,1,1,1,1,0,2,1,1,2,1,1,0,0,1,0,0,0,0,1,0,1,0,1,1,0,1,1,0,0,1,0,1,0,1,0,0,0,0,1,1,0,0,0,1,0
쭌곱창,ine****,13,2025.08.09,1번째 방문,영수증,가성비가 좋고 너무너무너무너무 맛있어용ㅎㅎ 다음에 친구들 데리고 또 올거임!!!!,45,True,쭌곱창,normal,ine****,13,2025.08.09,1번째 방문,영수증,,가성비가 좋고 너무너무너무너무 맛있어용ㅎㅎ 다음에 친구들 데리고 또 올거임!!!!,,,0,1,가성비가 좋고 너무너무너무너무 맛있어용 다음에 친구들 데리고 또 올거임,45,39,0,0,1,0,0,0,0,0,0,0,1,1,0,1,1,0,0,0,1,1,4,1,4,1,0,0,0,0,0,0,0,1,0,1,0,0,0,0,0,0,1,0,0,0,0,0,0
쭌곱창,말랑뽀짝,30,2025.07.03,2번째 방문,영수증,항상 방문하는 곳입니다 홍대에서 가장 맛있는 곳 같아요 !!!!!!,37,True,쭌곱창,normal,말랑뽀짝,30,2025.07.03,2번째 방문,영수증,,항상 방문하는 곳입니다 홍대에서 가장 맛있는 곳 같아요 !!!!!!,,,0,2,항상 방문하는 곳입니다 홍대에서 가장 맛있는 곳 같아요,37,30,0,0,1,0,0,0,0,0,0,0,0,0,0,0,0,0,0,0,1,1,0,0,6,1,0,0,0,0,0,0,0,1,0,0,1,0,0,0,1,0,0,0,0,0,0,0,0
쭌곱창,toq****,2,2025.10.12,1번째 방문,영수증,곱창도 익어서 나오고 사장님께서 직접 설명도 상세히 잘해주셔요:) 매콤하니 매우 맛있습니다♡♡ 싸먹는 소스도 맛있 어요!!,68,True,쭌곱창,normal,toq****,2,2025.10.12,1번째 방문,영수증,,곱창도 익어서 나오고 사장님께서 직접 설명도 상세히 잘해주셔요:) 매콤하니 매우 맛있습니다♡♡ 싸먹는 소스도 맛있 어요!!,,,0,1,곱창도 익어서 나오고 사장님께서 직접 설명도 상세히 잘해주셔요 매콤하니 매우 맛있습니다 싸먹는 소스도 맛있 어요,68,62,0,0,1,1,1,1,0,1,1,0,0,0,0,0,0,0,0,0,2,1,0,0,2,0,0,0,0,0,0,0,1,0,0,1,0,1,0,0,0,0,0,1,0,0,0,0,0
쭌곱창,정수환72,1,2025.12.19,1번째 방문,영수증,가게가 아늑해서 좋았습니다.,15,True,쭌곱창,normal,정수환72,1,2025.12.19,1번째 방문,영수증,,가게가 아늑해서 좋았습니다.,,,0,1,가게가 아늑해서 좋았습니다,15,14,0,1,0,0,0,0,0,0,0,0,0,0,0,0,0,0,0,0,0,0,0,0,0,0,0,0,0,0,0,1,1,0,0,1,0,0,0,0,0,0,0,0,0,1,0,0,1
쭌곱창,jj3****,24,2026.01.12,1번째 방문,영수증,대박 너무 막있어요 !!!! 완전 추천합니다 …. 진짜 대박이에요 !!!!,41,True,쭌곱창,normal,jj3****,24,2026.01.12,1번째 방문,영수증,,대박 너무 막있어요 !!!! 완전 추천합니다 …. 진짜 대박이에요 !!!!,,,0,1,대박 너무 막있어요 완전 추천합니다 진짜 대박이에요,41,28,0,0,1,0,0,0,0,0,0,0,0,0,0,0,0,0,0,0,1,1,5,1,8,1,0,0,1,0,0,0,0,1,0,1,0,0,0,0,1,0,0,0,0,0,0,0,0
쭌곱창,Hsbwndi,25,2026.02.14,1번째 방문,영수증,맛있고 가성비가 좋아요????,14,True,쭌곱창,normal,Hsbwndi,25,2026.02.14,1번째 방문,영수증,,맛있고 가성비가 좋아요????,,,0,1,맛있고 가성비가 좋아요,16,12,0,1,0,0,0,0,0,0,0,0,1,1,0,0,0,0,0,0,2,1,0,0,0,0,0,0,0,0,0,0,0,1,0,1,0,0,1,0,0,0,1,0,0,0,1,0,0
쭌곱창,고은성성,41,2025.06.19,1번째 방문,영수증,너무 맛있어요~~????아늑하고 분위기도 좋습니다,25,True,쭌곱창,normal,고은성성,41,2025.06.19,1번째 방문,영수증,,너무 맛있어요~~????아늑하고 분위기도 좋습니다,,,0,1,너무 맛있어요 아늑하고 분위기도 좋습니다,27,22,0,1,0,0,0,0,0,0,0,0,1,1,0,0,0,0,0,0,1,1,1,0,0,0,0,0,0,0,0,0,0,1,0,1,0,0,1,0,0,0,1,0,0,0,1,0,0
쭌곱창,뉴진75,12,2025.04.18,1번째 방문,예약,6년째 단골인 쭌곱창!!! ?? 세트 구성도 너무 알차고 곱창이 진짜 맛있어요???? 다음에 또 올게요 ㅎㅎ 가게 분위기도 너무 좋아요!!!,76,True,쭌곱창,normal,뉴진75,12,2025.04.18,1번째 방문,예약,,6년째 단골인 쭌곱창!!! ?? 세트 구성도 너무 알차고 곱창이 진짜 맛있어요???? 다음에 또 올게요 ㅎㅎ 가게 분위기도 너무 좋아요!!!,,,0,1,6년째 단골인 쭌곱창 세트 구성도 너무 알차고 곱창이 진짜 맛있어요 다음에 또 올게요 가게 분위기도 너무 좋아요,78,62,0,0,1,1,0,0,0,2,1,1,1,1,0,0,0,1,0,0,2,1,3,1,6,1,0,0,1,1,1,0,0,1,0,1,0,0,0,0,0,0,1,0,0,0,0,0,0
쭌곱창,ansusuxhx,12,2025.12.28,1번째 방문,영수증,불쇼도 너무 매콤했고 맛있었어용 잘 먹었습니당ㅎㅎㅎ,28,True,쭌곱창,normal,ansusuxhx,12,2025.12.28,1번째 방문,영수증,,불쇼도 너무 매콤했고 맛있었어용 잘 먹었습니당ㅎㅎㅎ,,,0,1,불쇼도 너무 매콤했고 맛있었어용 잘 먹었습니당,28,25,0,1,0,0,1,1,0,0,0,0,0,0,0,0,0,0,0,0,1,1,1,0,0,0,0,0,0,0,0,0,0,1,0,1,0,0,1,0,0,0,0,0,0,0,0,0,0
쭌곱창,구서동토박이,34,2025.06.13,1번째 방문,영수증,소스 종류도 많아서 너무맛있어요 재방문의사 100점이에요!,32,True,쭌곱창,normal,구서동토박이,34,2025.06.13,1번째 방문,영수증,,소스 종류도 많아서 너무맛있어요 재방문의사 100점이에요!,,,0,1,소스 종류도 많아서 너무맛있어요 재방문의사 100점이에요,32,31,0,0,1,0,0,0,0,0,0,0,0,0,0,0,0,1,0,0,1,1,1,0,1,0,0,0,0,1,1,0,0,1,0,1,0,0,0,0,1,0,0,0,0,0,0,0,0
쭌곱창,기순니,21,2025.08.29,1번째 방문,영수증,곱창 불맛 너무너무 맛있어요!!!! 진짜 첨먹어보는 양념곱창의 맛... 밥 꼭 볶아먹기 ..,51,True,쭌곱창,normal,기순니,21,2025.08.29,1번째 방문,영수증,,곱창 불맛 너무너무 맛있어요!!!! 진짜 첨먹어보는 양념곱창의 맛... 밥 꼭 볶아먹기 ..,,,0,1,곱창 불맛 너무너무 맛있어요 진짜 첨먹어보는 양념곱창의 맛 밥 꼭 볶아먹기,51,41,0,0,1,0,1,1,0,2,1,1,0,0,0,0,0,0,0,0,1,1,3,1,4,1,0,0,1,0,0,0,0,1,0,1,0,1,0,0,0,0,0,1,0,0,0,0,0
쭌곱창,명채92,36,2025.05.29,1번째 방문,영수증,너무 맛있어요!!! 후기가 좋아서 찾아갔는데 역시나 맛있었습니다ㅎㅎ 불맛도 최고에요,46,True,쭌곱창,normal,명채92,36,2025.05.29,1번째 방문,영수증,,너무 맛있어요!!! 후기가 좋아서 찾아갔는데 역시나 맛있었습니다ㅎㅎ 불맛도 최고에요,,,0,1,너무 맛있어요 후기가 좋아서 찾아갔는데 역시나 맛있었습니다 불맛도 최고에요,46,41,0,0,1,0,0,0,0,0,0,0,0,0,0,0,0,0,0,0,3,1,1,0,3,1,0,0,0,0,0,0,0,1,0,1,0,0,0,0,1,0,0,0,0,0,0,0,0
쭌곱창,lms****,22,2025.05.09,1번째 방문,영수증,"곱창 양념이 너무 맛있고 고기질이 엄청 쫄깃쫄깃하네요 , 사이드메뉴 구성까지 너무 알차서 완전 만족하고갑니다 그리고 주먹밥 꼭드세요~!",75,True,쭌곱창,normal,lms****,22,2025.05.09,1번째 방문,영수증,,"곱창 양념이 너무 맛있고 고기질이 엄청 쫄깃쫄깃하네요 , 사이드메뉴 구성까지 너무 알차서 완전 만족하고갑니다 그리고 주먹밥 꼭드세요~!",,,0,1,곱창 양념이 너무 맛있고 고기질이 엄청 쫄깃쫄깃하네요 사이드메뉴 구성까지 너무 알차서 완전 만족하고갑니다 그리고 주먹밥 꼭드세요,75,71,0,0,1,1,3,1,1,1,1,0,0,0,0,0,0,0,0,0,1,1,4,1,1,0,0,0,0,0,0,0,0,1,0,1,0,1,0,0,0,0,0,1,0,0,0,0,0
쭌곱창,이뿌니8230,18,2026.02.19,1번째 방문,영수증,홍대에서 몇 안되는 단골맛집이에용 강추????,23,True,쭌곱창,normal,이뿌니8230,18,2026.02.19,1번째 방문,영수증,,홍대에서 몇 안되는 단골맛집이에용 강추????,,,0,1,홍대에서 몇 안되는 단골맛집이에용 강추,25,21,0,1,0,0,0,0,0,0,0,0,0,0,0,0,0,0,0,0,2,1,0,0,0,0,0,0,0,0,0,0,0,1,0,1,0,0,1,0,1,0,0,0,0,1,1,0,1
쭌곱창,박수연68,14,2025.12.05,1번째 방문,영수증,매콤해요 맛닛어요~,10,True,쭌곱창,normal,박수연68,14,2025.12.05,1번째 방문,영수증,,매콤해요 맛닛어요~,,,0,1,매콤해요 맛닛어요,10,9,0,1,0,0,1,1,0,0,0,0,0,0,0,0,0,0,0,0,0,0,0,0,0,0,0,0,0,0,0,0,0,1,0,1,0,0,0,0,0,0,0,0,0,0,0,0,0
쭌곱창,ryeoung,15,2026.04.02,1번째 방문,영수증,오랜만에 칭구랑 홍대데이트!! 어디갈까하다가 찾은 쭌곱창! 비주얼 미쳤쥬??너무 맛있어요~ 기분좋아짐!! 홍대오면 무조건 와봐야해^^,73,True,쭌곱창,normal,ryeoung,15,2026.04.02,1번째 방문,영수증,,오랜만에 칭구랑 홍대데이트!! 어디갈까하다가 찾은 쭌곱창! 비주얼 미쳤쥬??너무 맛있어요~ 기분좋아짐!! 홍대오면 무조건 와봐야해^^,,,0,1,오랜만에 칭구랑 홍대데이트 어디갈까하다가 찾은 쭌곱창 비주얼 미쳤쥬 너무 맛있어요 기분좋아짐 홍대오면 무조건 와봐야해,74,65,0,0,1,1,0,0,0,1,1,0,0,0,0,1,1,0,0,0,1,1,1,0,5,1,0,0,0,0,0,0,0,1,0,1,0,0,0,0,0,0,1,0,0,0,0,0,0
쭌곱창,Im dnfl,21,2026.01.21,1번째 방문,영수증,처음와봤는데 너무 맛있네요 곱창이 예술이에요 다음에 또 오고싶을 정도에요 ㅎ,42,True,쭌곱창,normal,Im dnfl,21,2026.01.21,1번째 방문,영수증,,처음와봤는데 너무 맛있네요 곱창이 예술이에요 다음에 또 오고싶을 정도에요 ㅎ,,,0,1,처음와봤는데 너무 맛있네요 곱창이 예술이에요 다음에 또 오고싶을 정도에요,42,40,0,0,1,0,0,0,0,1,1,0,0,0,0,0,0,0,0,0,1,1,1,0,0,0,0,0,0,0,0,0,0,1,0,1,0,0,0,0,1,1,0,0,0,0,0,0,0
쭌곱창,몽꾸름,14,2025.07.28,1번째 방문,영수증,"쭌곱창 진짜 너무너무 맛있어요 잡내도 안 나고 양도 가성비 괜찮습니당 홍대 올 때마다 자주 오는데 나만 알고 싶은 맛집 같은 느낌이에요 ,,,, 진짜 지나갈 일 있으면 꼭꼭 추천합니다 !!",105,True,쭌곱창,normal,몽꾸름,14,2025.07.28,1번째 방문,영수증,,"쭌곱창 진짜 너무너무 맛있어요 잡내도 안 나고 양도 가성비 괜찮습니당 홍대 올 때마다 자주 오는데 나만 알고 싶은 맛집 같은 느낌이에요 ,,,, 진짜 지나갈 일 있으면 꼭꼭 추천합니다 !!",,,0,1,쭌곱창 진짜 너무너무 맛있어요 잡내도 안 나고 양도 가성비 괜찮습니당 홍대 올 때마다 자주 오는데 나만 알고 싶은 맛집 같은 느낌이에요 진짜 지나갈 일 있으면 꼭꼭 추천합니다,105,97,0,0,1,1,2,1,1,1,1,0,1,1,0,0,0,0,0,0,3,1,4,1,2,0,0,0,1,0,0,0,0,1,0,1,0,1,0,0,0,0,1,1,1,0,0,0,0
쭌곱창,잉8963,11,2025.06.27,1번째 방문,영수증,사진은 잘 못나왔지만 너무 맛있어요?? 갈비+곱창은 처음 먹어보는데 진짜 무조건 재방문 할 맛이에요.. 매콤한테 중독성있는 ㅜㅜ 넘 최고에요 또 올게요!!,85,True,쭌곱창,normal,잉8963,11,2025.06.27,1번째 방문,영수증,,사진은 잘 못나왔지만 너무 맛있어요?? 갈비+곱창은 처음 먹어보는데 진짜 무조건 재방문 할 맛이에요.. 매콤한테 중독성있는 ㅜㅜ 넘 최고에요 또 올게요!!,,,0,1,사진은 잘 못나왔지만 너무 맛있어요 갈비 곱창은 처음 먹어보는데 진짜 무조건 재방문 할 맛이에요 매콤한테 중독성있는 넘 최고에요 또 올게요,86,77,0,0,1,1,1,1,0,1,1,0,0,0,0,0,0,0,0,0,3,1,2,0,2,0,0,0,1,2,1,0,0,1,0,1,0,1,0,0,0,0,0,1,0,0,0,0,0
쭌곱창,네이버23,68,2026.04.19,1번째 방문,영수증,생크림 파인애플 신박해요!!!??,17,True,쭌곱창,normal,네이버23,68,2026.04.19,1번째 방문,영수증,,생크림 파인애플 신박해요!!!??,,,0,1,생크림 파인애플 신박해요,18,13,0,1,0,0,0,0,0,0,0,0,0,0,0,0,0,0,0,0,0,0,0,0,3,1,0,0,0,0,0,0,0,1,1,1,0,0,0,0,0,0,0,0,0,1,0,0,1
쭌곱창,바나87,17,2025.07.11,1번째 방문,영수증,와 직접오셔서 불로 지져주셔서 놀랐어요 구성도 알차서 좋아요. 잘먹었습니다~~,43,True,쭌곱창,normal,바나87,17,2025.07.11,1번째 방문,영수증,,와 직접오셔서 불로 지져주셔서 놀랐어요 구성도 알차서 좋아요. 잘먹었습니다~~,,,0,1,와 직접오셔서 불로 지져주셔서 놀랐어요 구성도 알차서 좋아요 잘먹었습니다,43,40,0,0,1,0,0,0,0,0,0,0,0,0,0,0,0,0,0,0,1,1,0,0,0,0,0,0,0,0,0,0,0,1,0,1,0,0,0,0,1,0,0,0,0,0,0,0,0
쭌곱창,별6716,28,2025.06.21,1번째 방문,영수증,음식설명을 잘해주셔서 좋았어요 예약했는데 대기없이 바로 들어와서 ??,37,True,쭌곱창,normal,별6716,28,2025.06.21,1번째 방문,영수증,,음식설명을 잘해주셔서 좋았어요 예약했는데 대기없이 바로 들어와서 ??,,,0,1,음식설명을 잘해주셔서 좋았어요 예약했는데 대기없이 바로 들어와서,38,35,0,0,1,0,0,0,0,0,0,0,1,1,0,0,0,0,0,0,0,0,0,0,0,0,0,0,0,0,0,0,0,1,0,1,0,0,0,0,0,0,1,0,0,0,0,0,0
쭌곱창,소정2748,130,2025.10.18,1번째 방문,영수증,처음 와봤는데 음식 너무너무 맛있었어요! 직원분들도 너무 친절하시고 직접 불로 구워주셔서 맛있게 잘 막었습니다!,62,True,쭌곱창,normal,소정2748,130,2025.10.18,1번째 방문,영수증,,처음 와봤는데 음식 너무너무 맛있었어요! 직원분들도 너무 친절하시고 직접 불로 구워주셔서 맛있게 잘 막었습니다!,,,0,1,처음 와봤는데 음식 너무너무 맛있었어요 직원분들도 너무 친절하시고 직접 불로 구워주셔서 맛있게 잘 막었습니다,62,60,0,0,1,1,0,0,0,0,0,0,2,1,1,0,0,0,0,0,2,1,3,1,2,0,0,0,0,0,0,0,0,1,1,1,0,0,0,0,0,0,1,0,0,0,0,0,0
쭌곱창,도그라미,232,2025.11.27,1번째 방문,영수증,너무맛있어요 갑자기 찾아왔는데 맛집으로 잘왔어요,26,True,쭌곱창,normal,도그라미,232,2025.11.27,1번째 방문,영수증,,너무맛있어요 갑자기 찾아왔는데 맛집으로 잘왔어요,,,0,1,너무맛있어요 갑자기 찾아왔는데 맛집으로 잘왔어요,26,26,0,1,0,0,0,0,0,0,0,0,0,0,0,0,0,0,0,0,2,1,1,0,0,0,0,0,0,0,0,0,0,1,1,1,0,0,1,0,1,0,0,0,0,1,1,0,1
쭌곱창,rat****,48,2025.08.02,1번째 방문,영수증,직원분들 친절하구 고기가 빨리 나와요! 사이드도 잘 나오고 가볍게 소모임하기 좋습니다 ♥ 양념 맛있음 짱,58,True,쭌곱창,normal,rat****,48,2025.08.02,1번째 방문,영수증,,직원분들 친절하구 고기가 빨리 나와요! 사이드도 잘 나오고 가볍게 소모임하기 좋습니다 ♥ 양념 맛있음 짱,,,0,1,직원분들 친절하구 고기가 빨리 나와요 사이드도 잘 나오고 가볍게 소모임하기 좋습니다 양념 맛있음 짱,58,55,0,0,1,0,1,1,0,0,0,0,2,1,1,0,0,0,0,0,1,1,1,0,1,0,0,0,0,0,0,0,0,1,0,1,0,0,0,0,0,0,1,0,0,0,0,0,0
쭌곱창,77880,14,2025.11.22,1번째 방문,영수증,너무 맛있고 양도 많고 친절하세요! 홍대오면 꼭 와야할 집이에요. 술도 술술 들어가요,47,True,쭌곱창,normal,77880,14,2025.11.22,1번째 방문,영수증,,너무 맛있고 양도 많고 친절하세요! 홍대오면 꼭 와야할 집이에요. 술도 술술 들어가요,,,0,1,너무 맛있고 양도 많고 친절하세요 홍대오면 꼭 와야할 집이에요 술도 술술 들어가요,47,45,0,0,1,0,1,1,0,0,0,0,1,1,0,0,0,0,0,0,1,1,1,0,1,0,0,0,0,0,0,0,0,1,0,1,0,0,0,0,0,0,1,0,0,0,0,0,0
쭌곱창,71828,7,2026.02.16,1번째 방문,영수증,친절하시고 불도 직접 구워주셔요! 음식 맛잇습니다,27,True,쭌곱창,normal,71828,7,2026.02.16,1번째 방문,영수증,,친절하시고 불도 직접 구워주셔요! 음식 맛잇습니다,,,0,1,친절하시고 불도 직접 구워주셔요 음식 맛잇습니다,27,26,0,1,0,0,0,0,0,0,0,0,1,1,0,0,0,0,0,0,0,0,0,0,1,0,0,0,0,0,0,0,0,0,0,1,0,0,0,0,0,0,1,0,0,0,0,0,0
쭌곱창,김다혜9876,22,2025.12.05,1번째 방문,영수증,지인 추천으로 방문했어요! 곱창갈비세트 시켰는데 맵기도 딱 좋고 양념이 맛있어요 계란찜이랑 같이먹으면 매운맛이 중화돼서 좋아요. 분위기도 아늑하고 많이 시끄럽지 않아서 모임하기 좋았습니다!,105,True,쭌곱창,normal,김다혜9876,22,2025.12.05,1번째 방문,영수증,,지인 추천으로 방문했어요! 곱창갈비세트 시켰는데 맵기도 딱 좋고 양념이 맛있어요 계란찜이랑 같이먹으면 매운맛이 중화돼서 좋아요. 분위기도 아늑하고 많이 시끄럽지 않아서 모임하기 좋았습니다!,,,0,1,지인 추천으로 방문했어요 곱창갈비세트 시켰는데 맵기도 딱 좋고 양념이 맛있어요 계란찜이랑 같이먹으면 매운맛이 중화돼서 좋아요 분위기도 아늑하고 많이 시끄럽지 않아서 모임하기 좋았습니다,105,102,0,0,1,1,2,1,1,1,1,0,1,1,0,0,0,0,0,0,3,1,0,0,2,0,0,0,0,0,0,0,0,1,0,1,0,1,0,0,0,0,1,1,1,0,0,0,0
쭌곱창,zoo****,5,2026.03.14,1번째 방문,예약,츄천해서 방문했는데 너무 맛있어요~!,20,True,쭌곱창,normal,zoo****,5,2026.03.14,1번째 방문,예약,,츄천해서 방문했는데 너무 맛있어요~!,,,0,1,츄천해서 방문했는데 너무 맛있어요,20,18,0,1,0,0,0,0,0,0,0,0,0,0,0,0,0,0,0,0,1,1,1,0,1,0,0,0,0,0,0,0,1,0,0,1,0,0,1,0,1,0,0,0,0,1,1,0,1
쭌곱창,jin****,3,2025.06.15,1번째 방문,영수증,너무 맛있었어요 곱창의 불맛이 최고였어요 다음에도 방문할게요!!,35,True,쭌곱창,normal,jin****,3,2025.06.15,1번째 방문,영수증,,너무 맛있었어요 곱창의 불맛이 최고였어요 다음에도 방문할게요!!,,,0,1,너무 맛있었어요 곱창의 불맛이 최고였어요 다음에도 방문할게요,35,33,0,0,1,0,0,0,0,1,1,0,0,0,0,0,0,0,0,0,2,1,1,0,2,0,0,0,0,0,0,0,1,0,0,1,0,0,0,0,1,1,0,0,0,0,0,0,0
쭌곱창,keakr818,3,2026.01.21,1번째 방문,영수증,분위기도 너무 좋고 사장님도 너무 친절하세용ㅎㅎㅎㅎ 맛있게 먹었습니다 또올게요~~,45,True,쭌곱창,normal,keakr818,3,2026.01.21,1번째 방문,영수증,,분위기도 너무 좋고 사장님도 너무 친절하세용ㅎㅎㅎㅎ 맛있게 먹었습니다 또올게요~~,,,0,1,분위기도 너무 좋고 사장님도 너무 친절하세용 맛있게 먹었습니다 또올게요,45,39,0,0,1,0,0,0,0,0,0,0,2,1,1,0,0,0,0,0,1,1,2,0,0,0,0,0,0,1,1,0,1,0,0,1,0,0,0,0,0,0,1,0,0,0,0,0,0
쭌곱창,김동석9575,18,2026.04.23,1번째 방문,영수증,저렴하고 맛있어요 :),12,True,쭌곱창,normal,김동석9575,18,2026.04.23,1번째 방문,영수증,,저렴하고 맛있어요 :),,,0,1,저렴하고 맛있어요,12,9,0,1,0,0,0,0,0,0,0,0,0,0,0,0,0,0,0,0,1,1,0,0,0,0,0,0,0,0,0,0,0,1,0,1,0,0,1,0,1,0,0,0,0,1,1,0,1
쭌곱창,최진화160,38,2025.07.04,1번째 방문,영수증,양이 진짜 많아요 ?? 맛도 진짜 맛있고 가성비 갑이에요?? 일부러 찾아서 왔어용 역시나 실망 안하고 맛있게 먹었네용!! 또 올게요~~,74,True,쭌곱창,normal,최진화160,38,2025.07.04,1번째 방문,영수증,,양이 진짜 많아요 ?? 맛도 진짜 맛있고 가성비 갑이에요?? 일부러 찾아서 왔어용 역시나 실망 안하고 맛있게 먹었네용!! 또 올게요~~,,,0,1,양이 진짜 많아요 맛도 진짜 맛있고 가성비 갑이에요 일부러 찾아서 왔어용 역시나 실망 안하고 맛있게 먹었네용 또 올게요,75,66,0,0,1,1,1,1,0,0,0,0,1,1,0,0,0,0,0,0,2,1,2,0,2,0,0,0,1,1,1,0,0,1,0,1,0,0,0,0,0,0,1,0,0,0,0,0,0
쭌곱창,지니42814,351,2026.04.05,1번째 방문,영수증,너무 너무 맛있어요,10,True,쭌곱창,normal,지니42814,351,2026.04.05,1번째 방문,영수증,,너무 너무 맛있어요,,,0,1,너무 너무 맛있어요,10,10,0,1,0,0,0,0,0,0,0,0,0,0,0,0,0,0,0,0,1,1,2,0,0,0,0,0,0,0,0,0,0,1,1,1,0,0,1,0,1,0,0,0,0,1,1,0,1
쭌곱창,falling416,44,2025.11.02,2번째 방문,영수증,세번째 방문입니다???? 너무너무 맛있어서 곱창은 항상 여기서 먹어요 !,38,True,쭌곱창,normal,falling416,44,2025.11.02,2번째 방문,영수증,,세번째 방문입니다???? 너무너무 맛있어서 곱창은 항상 여기서 먹어요 !,,,0,2,세번째 방문입니다 너무너무 맛있어서 곱창은 항상 여기서 먹어요,40,34,0,0,1,0,0,0,0,1,1,0,0,0,0,0,0,0,0,0,1,1,2,0,1,0,0,0,0,0,0,0,0,1,0,0,1,0,0,0,1,1,0,0,0,0,0,0,0
쭌곱창,graypierrot,210,2026.04.16,1번째 방문,영수증,왜 이제 알았는지ㅜ 친절히 잘 알려주시는대로 먹으면 정말 맛있습니다! 평점이 이해가 가네요!! 자주 올게요!,60,True,쭌곱창,normal,graypierrot,210,2026.04.16,1번째 방문,영수증,,왜 이제 알았는지ㅜ 친절히 잘 알려주시는대로 먹으면 정말 맛있습니다! 평점이 이해가 가네요!! 자주 올게요!,,,0,1,왜 이제 알았는지 친절히 잘 알려주시는대로 먹으면 정말 맛있습니다 평점이 이해가 가네요 자주 올게요,60,55,0,0,1,1,0,0,0,0,0,0,1,1,0,0,0,0,0,0,1,1,0,0,4,1,0,0,0,0,0,0,0,1,1,1,0,0,0,0,0,0,1,0,0,0,0,0,0
쭌곱창,말랑뽀짝,30,2025.09.02,4번째 방문,영수증,저는 진짜 일주일에 한번 이상 방문하는 것 같습니다... 너무 맛있고 최고예요 이 곱창 하나 머그러 매번 홍대 방문합니다 !!!,71,True,쭌곱창,normal,말랑뽀짝,30,2025.09.02,4번째 방문,영수증,,저는 진짜 일주일에 한번 이상 방문하는 것 같습니다... 너무 맛있고 최고예요 이 곱창 하나 머그러 매번 홍대 방문합니다 !!!,,,0,4,저는 진짜 일주일에 한번 이상 방문하는 것 같습니다 너무 맛있고 최고예요 이 곱창 하나 머그러 매번 홍대 방문합니다,71,64,0,0,1,1,0,0,0,1,1,0,0,0,0,0,0,0,0,0,2,1,2,0,3,1,0,0,1,0,0,0,0,1,0,0,1,0,0,0,1,1,0,0,0,0,0,0,0
쭌곱창,예림6337,26,2025.10.16,1번째 방문,영수증,"옛날에 쭌곱창 왔었는데, 맛있어서 또 방문했습니다!! 계란찜도 생기고 소고기도 올라가고 더 맛있네용?? 불맛 좋아하신다면 누구나 좋아하실 곱창입니다~~~!!",86,True,쭌곱창,normal,예림6337,26,2025.10.16,1번째 방문,영수증,,"옛날에 쭌곱창 왔었는데, 맛있어서 또 방문했습니다!! 계란찜도 생기고 소고기도 올라가고 더 맛있네용?? 불맛 좋아하신다면 누구나 좋아하실 곱창입니다~~~!!",,,0,1,옛날에 쭌곱창 왔었는데 맛있어서 또 방문했습니다 계란찜도 생기고 소고기도 올라가고 더 맛있네용 불맛 좋아하신다면 누구나 좋아하실 곱창입니다,87,77,0,0,1,1,0,0,0,2,1,1,0,0,0,0,0,0,0,0,2,1,0,0,4,1,0,0,0,1,1,0,0,1,0,1,0,0,0,0,1,1,0,0,0,0,0,0,0
쭌곱창,ald54,20,2025.09.06,1번째 방문,영수증,와 맛있어요 적당히 매콤하고!!! 기본구성이 푸짐해요,29,True,쭌곱창,normal,ald54,20,2025.09.06,1번째 방문,영수증,,와 맛있어요 적당히 매콤하고!!! 기본구성이 푸짐해요,,,0,1,와 맛있어요 적당히 매콤하고 기본구성이 푸짐해요,29,26,0,1,0,0,2,1,1,0,0,0,0,0,0,0,0,0,0,0,1,1,0,0,3,1,0,0,0,0,0,0,0,1,0,1,0,0,1,0,0,0,0,0,0,0,0,0,0
쭌곱창,tmdgus75,26,2025.06.21,1번째 방문,영수증,양 진짜 많고 맛있어요! 비주얼 무슨 일!!,24,True,쭌곱창,normal,tmdgus75,26,2025.06.21,1번째 방문,영수증,,양 진짜 많고 맛있어요! 비주얼 무슨 일!!,,,0,1,양 진짜 많고 맛있어요 비주얼 무슨 일,24,21,0,1,0,0,1,1,0,0,0,0,0,0,0,0,0,0,0,0,1,1,1,0,3,1,0,0,1,0,0,0,0,1,0,1,0,0,1,0,0,0,0,0,0,0,0,0,0
쭌곱창,hej****,35,2025.12.27,1번째 방문,예약,자극적이고 맛있어요!! 술안주로 딱이예요~~~,25,True,쭌곱창,normal,hej****,35,2025.12.27,1번째 방문,예약,,자극적이고 맛있어요!! 술안주로 딱이예요~~~,,,0,1,자극적이고 맛있어요 술안주로 딱이예요,25,20,0,1,0,0,0,0,0,0,0,0,0,0,0,0,0,0,0,0,1,1,0,0,2,0,0,0,0,0,0,0,0,1,0,1,0,0,1,0,1,0,0,0,0,1,1,0,1
쭌곱창,니얼굴비비빅,20,2025.10.07,1번째 방문,영수증,곱창에서 불맛도 엄청나고 맛있게 매워요!! 가게 분위기도 좋고 자주 와야겠어요,43,True,쭌곱창,normal,니얼굴비비빅,20,2025.10.07,1번째 방문,영수증,,곱창에서 불맛도 엄청나고 맛있게 매워요!! 가게 분위기도 좋고 자주 와야겠어요,,,0,1,곱창에서 불맛도 엄청나고 맛있게 매워요 가게 분위기도 좋고 자주 와야겠어요,43,41,0,0,1,0,0,0,0,1,1,0,1,1,0,0,0,0,0,0,1,1,1,0,2,0,0,0,0,0,0,0,0,1,0,1,0,0,0,0,0,0,1,0,0,0,0,0,0
쭌곱창,이슬29,17,2025.05.16,1번째 방문,영수증,음식이 맛있고 반찬이 알차게 잘 나와요 친절하셔서 편하고 맛있게 잘 먹었습니다??,44,True,쭌곱창,normal,이슬29,17,2025.05.16,1번째 방문,영수증,,음식이 맛있고 반찬이 알차게 잘 나와요 친절하셔서 편하고 맛있게 잘 먹었습니다??,,,0,1,음식이 맛있고 반찬이 알차게 잘 나와요 친절하셔서 편하고 맛있게 잘 먹었습니다,45,43,0,0,1,0,0,0,0,0,0,0,1,1,0,0,0,0,0,0,2,1,0,0,0,0,0,0,0,0,0,0,0,1,0,1,0,0,0,0,0,0,1,0,0,0,0,0,0
쭌곱창,Becky777,183,2025.07.02,1번째 방문,예약,와 여기 왜 이제 와본거죠..? 직화 불맛이 진짜 맛있어요!!!??특히 파인애플 생크림이 별미! 곱창과 어울릴까..? 했는데 한번 싸먹고나서 완전 납득..????고개 끄덕끄덕 거리면서 완전 잘어울려서 맛있게 싹싹김치하고 왔어요 또 와야징,129,True,쭌곱창,normal,Becky777,183,2025.07.02,1번째 방문,예약,,와 여기 왜 이제 와본거죠..? 직화 불맛이 진짜 맛있어요!!!??특히 파인애플 생크림이 별미! 곱창과 어울릴까..? 했는데 한번 싸먹고나서 완전 납득..????고개 끄덕끄덕 거리면서 완전 잘어울려서 맛있게 싹싹김치하고 왔어요 또 와야징,,,0,1,와 여기 왜 이제 와본거죠 직화 불맛이 진짜 맛있어요 특히 파인애플 생크림이 별미 곱창과 어울릴까 했는데 한번 싸먹고나서 완전 납득 고개 끄덕끄덕 거리면서 완전 잘어울려서 맛있게 싹싹김치하고 왔어요 또 와야징,132,116,0,0,1,1,0,0,0,1,1,0,0,0,0,0,0,0,0,0,2,1,3,1,4,1,0,0,1,0,0,0,0,1,1,1,0,0,0,0,1,1,0,0,0,0,0,0,0
쭌곱창,qmw****,6,2026.02.21,1번째 방문,영수증,너무너무 맛있어요!! 되게 특이하고 새로운 방식으로 먹어서 신기합니당,38,True,쭌곱창,normal,qmw****,6,2026.02.21,1번째 방문,영수증,,너무너무 맛있어요!! 되게 특이하고 새로운 방식으로 먹어서 신기합니당,,,0,1,너무너무 맛있어요 되게 특이하고 새로운 방식으로 먹어서 신기합니당,38,36,0,0,1,0,0,0,0,0,0,0,0,0,0,0,0,0,0,0,1,1,2,0,2,0,0,0,0,0,0,0,0,0,0,1,0,0,0,0,1,0,0,0,0,0,0,0,0
쭌곱창,SUN1113,57,2026.01.22,1번째 방문,영수증,"너무 맛있게 멋었습니다~~ 셋트B로 시키니까 곱창, 갈비의 조화가 너무 맛있었습니다!",47,True,쭌곱창,normal,SUN1113,57,2026.01.22,1번째 방문,영수증,,"너무 맛있게 멋었습니다~~ 셋트B로 시키니까 곱창, 갈비의 조화가 너무 맛있었습니다!",,,0,1,너무 맛있게 멋었습니다 셋트B로 시키니까 곱창 갈비의 조화가 너무 맛있었습니다,47,43,0,0,1,0,0,0,0,1,1,0,0,0,0,0,0,0,0,0,2,1,2,0,1,0,0,0,0,0,0,0,0,1,1,1,0,0,0,0,1,1,0,0,0,0,0,0,0
쭌곱창,제주도 조아,27,2025.10.02,1번째 방문,영수증,넘 맛있고 사장님이 맛잘알이세요!!?? 또또간집,25,True,쭌곱창,normal,제주도 조아,27,2025.10.02,1번째 방문,영수증,,넘 맛있고 사장님이 맛잘알이세요!!?? 또또간집,,,0,1,넘 맛있고 사장님이 맛잘알이세요 또또간집,26,22,0,1,0,0,0,0,0,0,0,0,0,0,0,0,0,0,0,0,2,1,0,0,2,0,0,0,0,0,0,0,0,1,0,1,0,0,1,0,1,0,0,0,0,1,1,0,1
쭌곱창,MiNa85,46,2025.12.22,1번째 방문,예약,맛있음!!,5,True,쭌곱창,normal,MiNa85,46,2025.12.22,1번째 방문,예약,,맛있음!!,,,0,1,맛있음,5,3,1,1,0,0,0,0,0,0,0,0,0,0,0,0,0,0,0,0,1,1,0,0,2,0,0,0,0,0,0,0,0,1,0,1,0,0,1,1,1,0,0,0,0,1,1,0,1
쭌곱창,Coconut1022,495,2025.07.07,1번째 방문,예약,소스가 다양해서 좋아요.기본 국물도 주시고 곱창집에서 생크림 주는거 첨 봐요ㅎㅎ 예약 안 하면 대기 있을거 같아요 평일 저녁에 꽉 차있네요,77,True,쭌곱창,normal,Coconut1022,495,2025.07.07,1번째 방문,예약,,소스가 다양해서 좋아요.기본 국물도 주시고 곱창집에서 생크림 주는거 첨 봐요ㅎㅎ 예약 안 하면 대기 있을거 같아요 평일 저녁에 꽉 차있네요,,,0,1,소스가 다양해서 좋아요 기본 국물도 주시고 곱창집에서 생크림 주는거 첨 봐요 예약 안 하면 대기 있을거 같아요 평일 저녁에 꽉 차있네요,77,75,0,0,1,1,2,1,1,1,1,0,1,1,0,2,1,0,0,0,1,1,0,0,0,0,0,0,0,0,0,0,0,1,1,1,0,1,0,0,0,0,1,1,1,0,0,0,0
쭌곱창,by김지수,75,2025.09.29,1번째 방문,영수증,사장님도 너무 친절 하시구 맛있어요!!,21,True,쭌곱창,normal,by김지수,75,2025.09.29,1번째 방문,영수증,,사장님도 너무 친절 하시구 맛있어요!!,,,0,1,사장님도 너무 친절 하시구 맛있어요,21,19,0,1,0,0,0,0,0,0,0,0,1,1,0,0,0,0,0,0,1,1,1,0,2,0,0,0,0,0,0,0,0,1,1,1,0,0,1,0,0,0,1,0,0,0,1,0,0
쭌곱창,공주262,96,2026.03.17,1번째 방문,영수증,"경의선숲길을 정처없이 걷다가 발견한 최고의 맛집!!! 사장님께서 세팅, 먹는방법을 알려주시는데 오마카세 이상이라고 생각합니다. 연인이랑 오기에도 분위기가 정말 좋고 파인애플 크림과 먹는 요리는 처음이었습니다! 그만큼 특별하고 사장님의 요리센스가 보이는 요리었습니다!!! 곱창은 매콤한 편으로 저같은 맵찔이한테는 매울 수 있으나 각종 맛있는 치즈소스가 있어서 완벽히 맛을 중화시키네요!!! 다음에도 또 방문하겠습니다!!!",234,True,쭌곱창,normal,공주262,96,2026.03.17,1번째 방문,영수증,,"경의선숲길을 정처없이 걷다가 발견한 최고의 맛집!!! 사장님께서 세팅, 먹는방법을 알려주시는데 오마카세 이상이라고 생각합니다. 연인이랑 오기에도 분위기가 정말 좋고 파인애플 크림과 먹는 요리는 처음이었습니다! 그만큼 특별하고 사장님의 요리센스가 보이는 요리었습니다!!! 곱창은 매콤한 편으로 저같은 맵찔이한테는 매울 수 있으나 각종 맛있는 치즈소스가 있어서 완벽히 맛을 중화시키네요!!! 다음에도 또 방문하겠습니다!!!",,,0,1,경의선숲길을 정처없이 걷다가 발견한 최고의 맛집 사장님께서 세팅 먹는방법을 알려주시는데 오마카세 이상이라고 생각합니다 연인이랑 오기에도 분위기가 정말 좋고 파인애플 크림과 먹는 요리는 처음이었습니다 그만큼 특별하고 사장님의 요리센스가 보이는 요리었습니다 곱창은 매콤한 편으로 저같은 맵찔이한테는 매울 수 있으나 각종 맛있는 치즈소스가 있어서 완벽히 맛을 중화시키네요 다음에도 또 방문하겠습니다,234,219,0,0,1,1,1,1,0,1,1,0,1,1,0,0,0,0,0,0,3,1,0,0,13,1,0,0,1,1,1,0,0,1,1,1,0,1,0,0,0,0,1,1,0,0,0,0,0
쭌곱창,도연9810,8,2026.04.25,1번째 방문,영수증,지인 추천으로 처음 왔는데 양대박!! 사이드만 먹어도 넘 맛있어여 최고!!!!!,44,True,쭌곱창,normal,도연9810,8,2026.04.25,1번째 방문,영수증,,지인 추천으로 처음 왔는데 양대박!! 사이드만 먹어도 넘 맛있어여 최고!!!!!,,,0,1,지인 추천으로 처음 왔는데 양대박 사이드만 먹어도 넘 맛있어여 최고,44,37,0,0,1,0,1,1,0,0,0,0,0,0,0,0,0,0,0,0,4,1,1,0,7,1,0,0,0,0,0,0,0,0,0,1,0,0,0,0,0,0,0,0,0,0,0,0,0
쭌곱창,gyu****,5,2025.12.02,1번째 방문,영수증,개마시써용,5,True,쭌곱창,normal,gyu****,5,2025.12.02,1번째 방문,영수증,,개마시써용,,,0,1,개마시써용,5,5,1,1,0,0,0,0,0,0,0,0,0,0,0,0,0,0,0,0,0,0,0,0,0,0,0,0,0,0,0,0,1,0,0,1,0,0,0,0,0,0,0,0,0,1,0,0,1
쭌곱창,심냥씨,2,2025.09.06,1번째 방문,영수증,곱창과 닭발 함께 먹을수 있어 좋네요,20,True,쭌곱창,normal,심냥씨,2,2025.09.06,1번째 방문,영수증,,곱창과 닭발 함께 먹을수 있어 좋네요,,,0,1,곱창과 닭발 함께 먹을수 있어 좋네요,20,20,0,1,0,0,0,0,0,1,1,0,0,0,0,0,0,0,0,0,0,0,0,0,0,0,0,0,0,0,0,0,1,0,0,1,0,0,0,0,0,0,0,0,0,1,0,0,1
쭌곱창,호호롱로,155,2025.02.25,2번째 방문,예약,아 증말 너무 맛있어요!!!!!!! 막창곱창 러버라면 무조건 가야할 곳입니다. 안에서 먹고 있는데 밖에서 대기하는 사람들도 많았어요. 맛집 인증입니다ㅎ-ㅎ 잡내 하나 없고 양념맛 불맛 다 너무 좋아요. 특히 소스가 여러개인게 특이하고 특별했습니다! 볶음밥도 맛있고 반찬도 제가 좋아하는 것들로만 구성되어있더라구요ㅎㅎ 너무 잘먹고갑니다!!! 재방문하러 갈게욧~!~!,203,True,쭌곱창,normal,호호롱로,155,2025.02.25,2번째 방문,예약,,아 증말 너무 맛있어요!!!!!!! 막창곱창 러버라면 무조건 가야할 곳입니다. 안에서 먹고 있는데 밖에서 대기하는 사람들도 많았어요. 맛집 인증입니다ㅎ-ㅎ 잡내 하나 없고 양념맛 불맛 다 너무 좋아요. 특히 소스가 여러개인게 특이하고 특별했습니다! 볶음밥도 맛있고 반찬도 제가 좋아하는 것들로만 구성되어있더라구요ㅎㅎ 너무 잘먹고갑니다!!! 재방문하러 갈게욧~!~!,,,0,2,아 증말 너무 맛있어요 막창곱창 러버라면 무조건 가야할 곳입니다 안에서 먹고 있는데 밖에서 대기하는 사람들도 많았어요 맛집 인증입니다 잡내 하나 없고 양념맛 불맛 다 너무 좋아요 특히 소스가 여러개인게 특이하고 특별했습니다 볶음밥도 맛있고 반찬도 제가 좋아하는 것들로만 구성되어있더라구요 너무 잘먹고갑니다 재방문하러 갈게욧,203,180,0,0,1,1,2,1,1,2,1,1,1,1,0,0,0,0,0,0,4,1,3,1,13,1,0,0,0,1,1,0,0,1,1,0,1,1,0,0,0,0,1,1,1,0,0,0,0
쭌곱창,O35858,2,2026.05.03,1번째 방문,영수증,"홍대에서 곱창 먹으려고 찾아보다가 방문했는데 기대 이상이었어요. 곱창이 잡내 없이 깔끔하고 고소해서 계속 먹게 되더라고요. 같이 나오는 고기랑 조합도 잘 어울리고, 소스도 여러 가지라 질리지 않게 먹을 수 있었던 점이 좋았어요. 사장님이 직접 구워주셔서 편하게 먹을 수 있었고, 중간중간 신경 써주시는 느낌이라 더 좋게 느껴졌어요. 분위기도 너무 시끄럽지 않고 적당히 아늑해서 친구랑 가볍게 가기에도 괜찮은 곳 같아요. 전체적으로 만족스러워서 다음에 또 방문할 생각 있어요 ??",266,True,쭌곱창,normal,O35858,2,2026.05.03,1번째 방문,영수증,,"홍대에서 곱창 먹으려고 찾아보다가 방문했는데 기대 이상이었어요. 곱창이 잡내 없이 깔끔하고 고소해서 계속 먹게 되더라고요. 같이 나오는 고기랑 조합도 잘 어울리고, 소스도 여러 가지라 질리지 않게 먹을 수 있었던 점이 좋았어요. 사장님이 직접 구워주셔서 편하게 먹을 수 있었고, 중간중간 신경 써주시는 느낌이라 더 좋게 느껴졌어요. 분위기도 너무 시끄럽지 않고 적당히 아늑해서 친구랑 가볍게 가기에도 괜찮은 곳 같아요. 전체적으로 만족스러워서 다음에 또 방문할 생각 있어요 ??",,,0,1,홍대에서 곱창 먹으려고 찾아보다가 방문했는데 기대 이상이었어요 곱창이 잡내 없이 깔끔하고 고소해서 계속 먹게 되더라고요 같이 나오는 고기랑 조합도 잘 어울리고 소스도 여러 가지라 질리지 않게 먹을 수 있었던 점이 좋았어요 사장님이 직접 구워주셔서 편하게 먹을 수 있었고 중간중간 신경 써주시는 느낌이라 더 좋게 느껴졌어요 분위기도 너무 시끄럽지 않고 적당히 아늑해서 친구랑 가볍게 가기에도 괜찮은 곳 같아요 전체적으로 만족스러워서 다음에 또 방문할 생각 있어요,267,257,0,0,1,1,2,1,1,2,1,1,1,1,0,1,1,0,0,0,0,0,1,0,0,0,0,0,0,1,1,0,1,0,0,1,0,1,0,0,0,0,1,1,1,0,0,0,0
쭌곱창,doolyse,20,2026.03.21,1번째 방문,예약,아늑한 공간에서 아주 잘먹구 가요!! 곱창이 살짝 매콤한데 너무 맛있오요!!! 메뉴 구성도 알차고 사장님이 친절하게 먹는방법까지 설명해주셔서 아주 맛있게 먹었습니다 ??,93,True,쭌곱창,normal,doolyse,20,2026.03.21,1번째 방문,예약,,아늑한 공간에서 아주 잘먹구 가요!! 곱창이 살짝 매콤한데 너무 맛있오요!!! 메뉴 구성도 알차고 사장님이 친절하게 먹는방법까지 설명해주셔서 아주 맛있게 먹었습니다 ??,,,0,1,아늑한 공간에서 아주 잘먹구 가요 곱창이 살짝 매콤한데 너무 맛있오요 메뉴 구성도 알차고 사장님이 친절하게 먹는방법까지 설명해주셔서 아주 맛있게 먹었습니다,94,86,0,0,1,1,1,1,0,1,1,0,1,1,0,0,0,0,0,0,2,1,1,0,5,1,0,0,0,0,0,0,0,1,0,1,0,1,0,0,0,0,1,1,0,0,0,0,0
쭌곱창,Skaiqieheh,30,2025.05.16,1번째 방문,영수증,진짜 맛있어요!! 불맛도 나구 … 곱창 좋아하는데 완존 만족해씁니다 매장도 아늑하고 감성이써요?? 또 올게용,59,True,쭌곱창,normal,Skaiqieheh,30,2025.05.16,1번째 방문,영수증,,진짜 맛있어요!! 불맛도 나구 … 곱창 좋아하는데 완존 만족해씁니다 매장도 아늑하고 감성이써요?? 또 올게용,,,0,1,진짜 맛있어요 불맛도 나구 곱창 좋아하는데 완존 만족해씁니다 매장도 아늑하고 감성이써요 또 올게용,60,54,0,0,1,1,0,0,0,1,1,0,1,1,0,0,0,0,0,0,1,1,1,0,2,0,0,0,1,0,0,0,0,1,0,1,0,0,0,0,0,0,1,0,0,0,0,0,0
쭌곱창,loveRS2,16,2025.05.31,1번째 방문,예약,처음 방문했는데 곱창이랑 닭발이 너무 맛있어요 ??,27,True,쭌곱창,normal,loveRS2,16,2025.05.31,1번째 방문,예약,,처음 방문했는데 곱창이랑 닭발이 너무 맛있어요 ??,,,0,1,처음 방문했는데 곱창이랑 닭발이 너무 맛있어요,28,25,0,1,0,0,0,0,0,1,1,0,0,0,0,0,0,0,0,0,1,1,1,0,0,0,0,0,0,0,0,0,0,1,0,1,0,0,1,0,1,1,0,0,0,1,1,0,1
쭌곱창,닉네임정하기싫은데,26,2026.04.14,1번째 방문,영수증,경의선숲길 쭉 따라가다보면 나오는 홍대 맛집입니다!! 약간 반지하라 분위기도 너무 좋고 아늑한 아지트입니다!!! 가격도 너무 합리적이고 음식도 진짜진짜 맛있습니다!!! 사장님도 너무 친절하시고 진짜 꼭 오세요ㅠㅠ 대표 사진에 사장님 사진이 있어서 너무 신기하고 재밌었는데 실제로도 너무너무 친절하시고 푸근하셨어요!!! 여기 안가면 손해예요 진짜 강추!!!,198,True,쭌곱창,normal,닉네임정하기싫은데,26,2026.04.14,1번째 방문,영수증,,경의선숲길 쭉 따라가다보면 나오는 홍대 맛집입니다!! 약간 반지하라 분위기도 너무 좋고 아늑한 아지트입니다!!! 가격도 너무 합리적이고 음식도 진짜진짜 맛있습니다!!! 사장님도 너무 친절하시고 진짜 꼭 오세요ㅠㅠ 대표 사진에 사장님 사진이 있어서 너무 신기하고 재밌었는데 실제로도 너무너무 친절하시고 푸근하셨어요!!! 여기 안가면 손해예요 진짜 강추!!!,,,0,1,경의선숲길 쭉 따라가다보면 나오는 홍대 맛집입니다 약간 반지하라 분위기도 너무 좋고 아늑한 아지트입니다 가격도 너무 합리적이고 음식도 진짜진짜 맛있습니다 사장님도 너무 친절하시고 진짜 꼭 오세요 대표 사진에 사장님 사진이 있어서 너무 신기하고 재밌었는데 실제로도 너무너무 친절하시고 푸근하셨어요 여기 안가면 손해예요 진짜 강추,198,182,0,0,1,1,0,0,0,0,0,0,4,1,1,0,0,0,0,0,3,1,10,1,14,1,0,0,1,0,0,0,0,1,0,1,0,0,0,0,0,0,1,0,0,0,0,0,0
쭌곱창,안은빈62,13,2025.08.11,1번째 방문,영수증,쭌곱창 학교 다닐때부터 홍대생들 사이에서 유명해서 자주 왔었는데 오랜만에 생각나서 와봤어요 역시나 맛있고 더 맛있어진듯 ㅎㅎ 잡내없는 곱창이라 넘 맛있구 소스랑 특히 파인애플 생크림이 맛있어서 양념 곱창은 항상 여기로 오는 것 같습니다 강추 .. 가성비도 짱이에요,147,True,쭌곱창,normal,안은빈62,13,2025.08.11,1번째 방문,영수증,,쭌곱창 학교 다닐때부터 홍대생들 사이에서 유명해서 자주 왔었는데 오랜만에 생각나서 와봤어요 역시나 맛있고 더 맛있어진듯 ㅎㅎ 잡내없는 곱창이라 넘 맛있구 소스랑 특히 파인애플 생크림이 맛있어서 양념 곱창은 항상 여기로 오는 것 같습니다 강추 .. 가성비도 짱이에요,,,0,1,쭌곱창 학교 다닐때부터 홍대생들 사이에서 유명해서 자주 왔었는데 오랜만에 생각나서 와봤어요 역시나 맛있고 더 맛있어진듯 잡내없는 곱창이라 넘 맛있구 소스랑 특히 파인애플 생크림이 맛있어서 양념 곱창은 항상 여기로 오는 것 같습니다 강추 가성비도 짱이에요,147,141,0,0,1,1,2,1,1,3,1,1,1,1,0,0,0,0,0,0,6,1,1,0,0,0,0,0,0,0,0,0,0,1,0,1,0,1,0,0,0,0,1,1,1,0,0,0,0
쭌곱창,방성민72,145,2025.10.01,2번째 방문,영수증,자주 오는데 너무 맛있어요~,15,True,쭌곱창,normal,방성민72,145,2025.10.01,2번째 방문,영수증,,자주 오는데 너무 맛있어요~,,,0,2,자주 오는데 너무 맛있어요,15,14,0,1,0,0,0,0,0,0,0,0,0,0,0,0,0,0,0,0,1,1,1,0,0,0,0,0,0,0,0,0,0,1,1,0,1,0,1,0,1,0,0,0,0,1,1,0,0
쭌곱창,키키키키키키,138,2025.02.20,1번째 방문,예약,살짝 매콤하면서 자극적인 양념이 아주맛있어요! 곱창에서 잡내도 안나고 콩나물이랑 고기도 올려져있어서 확실히 든든합니다 ㅎㅎㅎ 세트로 주문하면 이것저것 사이드가 잘 나와서 더 좋더라구요! 너무 배불러서 볶음밥은 스킵했는데 그만큼 푸짐하고 맛있숩니다 ㅎㅎ,140,True,쭌곱창,normal,키키키키키키,138,2025.02.20,1번째 방문,예약,,살짝 매콤하면서 자극적인 양념이 아주맛있어요! 곱창에서 잡내도 안나고 콩나물이랑 고기도 올려져있어서 확실히 든든합니다 ㅎㅎㅎ 세트로 주문하면 이것저것 사이드가 잘 나와서 더 좋더라구요! 너무 배불러서 볶음밥은 스킵했는데 그만큼 푸짐하고 맛있숩니다 ㅎㅎ,,,0,1,살짝 매콤하면서 자극적인 양념이 아주맛있어요 곱창에서 잡내도 안나고 콩나물이랑 고기도 올려져있어서 확실히 든든합니다 세트로 주문하면 이것저것 사이드가 잘 나와서 더 좋더라구요 너무 배불러서 볶음밥은 스킵했는데 그만큼 푸짐하고 맛있숩니다,140,131,0,0,1,1,4,1,1,2,1,1,1,1,0,0,0,0,0,0,2,1,1,0,2,0,0,0,0,0,0,0,0,1,1,1,0,1,0,0,0,0,1,1,1,0,0,0,0
쭌곱창,펭지쓰,25,2025.07.04,1번째 방문,영수증,세트메뉴 가성비 대박이에요????????????,20,True,쭌곱창,normal,펭지쓰,25,2025.07.04,1번째 방문,영수증,,세트메뉴 가성비 대박이에요????????????,,,0,1,세트메뉴 가성비 대박이에요,26,14,0,1,0,0,0,0,0,0,0,0,1,1,0,0,0,0,0,0,0,0,1,0,0,0,0,0,0,0,0,0,0,1,0,1,0,0,0,0,0,0,1,0,0,0,0,0,0
쭌곱창,초코파이종,31,2025.07.11,1번째 방문,영수증,볶음밥 양도 많고 맛있어요! 또 올것같네요,23,True,쭌곱창,normal,초코파이종,31,2025.07.11,1번째 방문,영수증,,볶음밥 양도 많고 맛있어요! 또 올것같네요,,,0,1,볶음밥 양도 많고 맛있어요 또 올것같네요,23,22,0,1,0,0,1,1,0,1,1,0,0,0,0,0,0,0,0,0,1,1,0,0,1,0,0,0,0,0,0,0,0,1,0,1,0,1,1,0,0,0,0,0,0,0,0,0,0
쭌곱창,lsy****,23,2025.10.10,1번째 방문,영수증,너무 맛있어서 사진 찍는 것도 잊고 먹었어여??????,27,True,쭌곱창,normal,lsy****,23,2025.10.10,1번째 방문,영수증,,너무 맛있어서 사진 찍는 것도 잊고 먹었어여??????,,,0,1,너무 맛있어서 사진 찍는 것도 잊고 먹었어여,30,24,0,0,1,0,0,0,0,0,0,0,0,0,0,0,0,0,0,0,1,1,1,0,0,0,0,0,0,0,0,0,0,1,0,1,0,0,0,0,1,0,0,0,0,0,0,0,0
쭌곱창,케빈덕크배,5,2026.01.12,1번째 방문,영수증,너무 맛있어요 곱창애서 물맛나요~~,19,True,쭌곱창,normal,케빈덕크배,5,2026.01.12,1번째 방문,영수증,,너무 맛있어요 곱창애서 물맛나요~~,,,0,1,너무 맛있어요 곱창애서 물맛나요,19,17,0,1,0,0,0,0,0,1,1,0,0,0,0,0,0,0,0,0,1,1,1,0,0,0,0,0,0,0,0,0,1,0,0,1,0,0,1,0,1,1,0,0,0,1,1,0,1
쭌곱창,몰또어쩌라는건지,19,2026.02.22,1번째 방문,영수증,친구 추천으로 왔는데 곱창이랑 갈비 세트 먹었는데 소스가 진짜 맛있고 같이 싸먹으라고 하는 조합도 알려주시는데 맛있었어요 직원분도 엄청 친절하시고 분위기도 좋네요 다음에도 홍대에서 곱창 먹으려고 오면 여기로 올거같아요,121,True,쭌곱창,normal,몰또어쩌라는건지,19,2026.02.22,1번째 방문,영수증,,친구 추천으로 왔는데 곱창이랑 갈비 세트 먹었는데 소스가 진짜 맛있고 같이 싸먹으라고 하는 조합도 알려주시는데 맛있었어요 직원분도 엄청 친절하시고 분위기도 좋네요 다음에도 홍대에서 곱창 먹으려고 오면 여기로 올거같아요,,,0,1,친구 추천으로 왔는데 곱창이랑 갈비 세트 먹었는데 소스가 진짜 맛있고 같이 싸먹으라고 하는 조합도 알려주시는데 맛있었어요 직원분도 엄청 친절하시고 분위기도 좋네요 다음에도 홍대에서 곱창 먹으려고 오면 여기로 올거같아요,121,121,0,0,1,1,0,0,0,2,1,1,3,1,1,1,1,0,0,0,3,1,2,0,0,0,0,0,1,0,0,0,0,1,0,1,0,0,0,0,0,0,1,0,0,0,0,0,0
쭌곱창,keo****,20,2025.07.01,1번째 방문,영수증,완전 친절하고 맛깔나요 잘 먹겠습니다:),22,True,쭌곱창,normal,keo****,20,2025.07.01,1번째 방문,영수증,,완전 친절하고 맛깔나요 잘 먹겠습니다:),,,0,1,완전 친절하고 맛깔나요 잘 먹겠습니다,22,20,0,1,0,0,0,0,0,0,0,0,1,1,0,0,0,0,0,0,0,0,1,0,0,0,0,0,0,0,0,0,0,1,0,1,0,0,0,0,0,0,1,0,0,0,0,0,0
쭌곱창,whw****,8,2025.11.13,1번째 방문,영수증,음식 비주얼 너무 좋고 가게가 아늑하고 조용해서 친굴이랑 오기 좋은거 같아요 특히 눈꽃치즈계란찜 너무 맛있어서 꼭 시켜드세요!!,71,True,쭌곱창,normal,whw****,8,2025.11.13,1번째 방문,영수증,,음식 비주얼 너무 좋고 가게가 아늑하고 조용해서 친굴이랑 오기 좋은거 같아요 특히 눈꽃치즈계란찜 너무 맛있어서 꼭 시켜드세요!!,,,0,1,음식 비주얼 너무 좋고 가게가 아늑하고 조용해서 친굴이랑 오기 좋은거 같아요 특히 눈꽃치즈계란찜 너무 맛있어서 꼭 시켜드세요,71,69,0,0,1,1,0,0,0,0,0,0,0,0,0,0,0,0,0,0,1,1,2,0,2,0,0,0,0,0,0,0,0,0,0,1,0,0,0,0,1,0,0,0,0,0,0,0,0
쭌곱창,당응닝,30,2026.04.19,1번째 방문,,친구 추천으로 왓는데 잡내도 안나고 너무 맛잇엇어요!!,30,True,쭌곱창,normal,당응닝,30,2026.04.19,1번째 방문,,,친구 추천으로 왓는데 잡내도 안나고 너무 맛잇엇어요!!,,,0,1,친구 추천으로 왓는데 잡내도 안나고 너무 맛잇엇어요,30,28,0,0,1,0,1,1,0,0,0,0,0,0,0,1,1,0,0,0,1,1,1,0,2,0,0,0,0,0,0,0,0,1,0,1,0,0,0,0,0,0,1,0,0,0,0,0,0
쭌곱창,win****,33,2025.11.15,1번째 방문,영수증,쭌곱창 여자친구랑 왔는대 생각보다 너무 맛있어서 자주 올거 같아요! 휘핑크림이랑 꼭 같이 드세요!! 완전 맛있습니다,64,True,쭌곱창,normal,win****,33,2025.11.15,1번째 방문,영수증,,쭌곱창 여자친구랑 왔는대 생각보다 너무 맛있어서 자주 올거 같아요! 휘핑크림이랑 꼭 같이 드세요!! 완전 맛있습니다,,,0,1,쭌곱창 여자친구랑 왔는대 생각보다 너무 맛있어서 자주 올거 같아요 휘핑크림이랑 꼭 같이 드세요 완전 맛있습니다,64,61,0,0,1,1,0,0,0,1,1,0,0,0,0,1,1,0,0,0,2,1,2,0,3,1,0,0,0,0,0,0,0,1,0,1,0,0,0,0,0,0,1,0,0,0,0,0,0
쭌곱창,가영s2,24,2026.03.18,1번째 방문,영수증,동생이랑 함께 서울 나들이오면서 온 곳인데 고기도 너무 맛있고 분위기도 좋아요~! 맛있게 먹고 갑니다 ????,59,True,쭌곱창,normal,가영s2,24,2026.03.18,1번째 방문,영수증,,동생이랑 함께 서울 나들이오면서 온 곳인데 고기도 너무 맛있고 분위기도 좋아요~! 맛있게 먹고 갑니다 ????,,,0,1,동생이랑 함께 서울 나들이오면서 온 곳인데 고기도 너무 맛있고 분위기도 좋아요 맛있게 먹고 갑니다,61,54,0,0,1,1,0,0,0,0,0,0,1,1,0,0,0,0,0,0,3,1,1,0,1,0,0,0,0,0,0,0,0,1,0,1,0,0,0,0,0,0,1,0,0,0,0,0,0
쭌곱창,ju****,51,2026.01.25,1번째 방문,영수증,예전에 진짜 자주오다 오랜만에 왔는데 그대로 맛있어용ㅎㅎ,31,True,쭌곱창,normal,ju****,51,2026.01.25,1번째 방문,영수증,,예전에 진짜 자주오다 오랜만에 왔는데 그대로 맛있어용ㅎㅎ,,,0,1,예전에 진짜 자주오다 오랜만에 왔는데 그대로 맛있어용,31,29,0,0,1,0,0,0,0,0,0,0,0,0,0,0,0,0,0,0,1,1,1,0,0,0,0,0,1,0,0,0,0,1,1,1,0,0,0,0,1,0,0,0,0,0,0,0,0
쭌곱창,30****,4,2026.01.10,1번째 방문,영수증,오 한번 즉흥으로 곱창 검색해서 왔는데 맛도리네염,27,True,쭌곱창,normal,30****,4,2026.01.10,1번째 방문,영수증,,오 한번 즉흥으로 곱창 검색해서 왔는데 맛도리네염,,,0,1,오 한번 즉흥으로 곱창 검색해서 왔는데 맛도리네염,27,27,0,1,0,0,0,0,0,1,1,0,0,0,0,0,0,0,0,0,0,0,0,0,0,0,0,0,0,0,0,0,1,0,0,1,0,0,0,0,0,0,0,0,0,1,0,0,1
쭌곱창,qwe****,12,2025.07.02,1번째 방문,영수증,맛있었어요!! 담에 또 오겟습니다,18,True,쭌곱창,normal,qwe****,12,2025.07.02,1번째 방문,영수증,,맛있었어요!! 담에 또 오겟습니다,,,0,1,맛있었어요 담에 또 오겟습니다,18,16,0,1,0,0,0,0,0,0,0,0,0,0,0,0,0,0,0,0,1,1,0,0,2,0,0,0,0,0,0,0,0,1,0,1,0,0,1,0,1,0,0,0,0,1,1,0,1
쭌곱창,상구구,146,2025.11.16,1번째 방문,영수증,술생각날때마다 오는 쭌 곱창! 세트는 처음 먹어보는데 넘 맛있어요 직장 동료들하고 또 올께요!,52,True,쭌곱창,normal,상구구,146,2025.11.16,1번째 방문,영수증,,술생각날때마다 오는 쭌 곱창! 세트는 처음 먹어보는데 넘 맛있어요 직장 동료들하고 또 올께요!,,,0,1,술생각날때마다 오는 쭌 곱창 세트는 처음 먹어보는데 넘 맛있어요 직장 동료들하고 또 올께요,52,50,0,0,1,0,0,0,0,1,1,0,0,0,0,0,0,0,0,0,2,1,0,0,2,0,0,0,0,0,0,0,0,1,1,1,0,0,0,0,1,1,0,0,0,0,0,0,0
쭌곱창,띵개띵,211,2025.04.29,1번째 방문,영수증,갈비랑 곱창이 같이 있는 건 첨 먹어보는데 진짜 맛있어요… 술이 술술술…???? 잘먹고 갑니다!!!,53,True,쭌곱창,normal,띵개띵,211,2025.04.29,1번째 방문,영수증,,갈비랑 곱창이 같이 있는 건 첨 먹어보는데 진짜 맛있어요… 술이 술술술…???? 잘먹고 갑니다!!!,,,0,1,갈비랑 곱창이 같이 있는 건 첨 먹어보는데 진짜 맛있어요 술이 술술술 잘먹고 갑니다,55,46,0,0,1,0,0,0,0,1,1,0,0,0,0,0,0,0,0,0,1,1,1,0,3,1,0,0,1,0,0,0,0,1,1,1,0,0,0,0,1,1,0,0,0,0,0,0,0
쭌곱창,아이수크림18,28,2025.07.04,1번째 방문,예약,곱창과 갈비의 조합이 신선해요 곱창먹고싶어서왔는데 다른것도 많네요 맛있어요,41,True,쭌곱창,normal,아이수크림18,28,2025.07.04,1번째 방문,예약,,곱창과 갈비의 조합이 신선해요 곱창먹고싶어서왔는데 다른것도 많네요 맛있어요,,,0,1,곱창과 갈비의 조합이 신선해요 곱창먹고싶어서왔는데 다른것도 많네요 맛있어요,41,41,0,0,1,0,0,0,0,2,1,1,0,0,0,0,0,0,0,0,1,1,0,0,0,0,0,0,0,0,0,0,0,1,0,1,0,0,0,0,1,1,0,0,0,0,0,0,0
쭌곱창,yjyj02033,29,2025.12.10,1번째 방문,영수증,사장님이 먹는 방법도 잘 알려주시고 세트메뉴 가성비 넘 좋고 진짜 맛있어요!!??,44,True,쭌곱창,normal,yjyj02033,29,2025.12.10,1번째 방문,영수증,,사장님이 먹는 방법도 잘 알려주시고 세트메뉴 가성비 넘 좋고 진짜 맛있어요!!??,,,0,1,사장님이 먹는 방법도 잘 알려주시고 세트메뉴 가성비 넘 좋고 진짜 맛있어요,45,41,0,0,1,0,0,0,0,0,0,0,1,1,0,0,0,0,0,0,2,1,1,0,2,0,0,0,1,0,0,0,0,1,0,1,0,0,0,0,0,0,1,0,0,0,0,0,0
쭌곱창,정보영40,20,2025.05.31,1번째 방문,영수증,메뉴 구성이 알차고 음식이 너무 맛있어요ㅜㅜ?? 닭발 곱창 같이 나오는 세트 먹었는데 넘 맛있네요~!,55,True,쭌곱창,normal,정보영40,20,2025.05.31,1번째 방문,영수증,,메뉴 구성이 알차고 음식이 너무 맛있어요ㅜㅜ?? 닭발 곱창 같이 나오는 세트 먹었는데 넘 맛있네요~!,,,0,1,메뉴 구성이 알차고 음식이 너무 맛있어요 닭발 곱창 같이 나오는 세트 먹었는데 넘 맛있네요,56,50,0,0,1,0,0,0,0,1,1,0,0,0,0,0,0,0,0,0,3,1,1,0,1,0,0,0,0,0,0,0,0,1,0,1,0,0,0,0,1,1,0,0,0,0,0,0,0
쭌곱창,뮤아아,18,2025.08.22,1번째 방문,영수증,정말 맛있고 사장님이 친절하세요 재방문의사있어요,26,True,쭌곱창,normal,뮤아아,18,2025.08.22,1번째 방문,영수증,,정말 맛있고 사장님이 친절하세요 재방문의사있어요,,,0,1,정말 맛있고 사장님이 친절하세요 재방문의사있어요,26,26,0,1,0,0,0,0,0,0,0,0,1,1,0,0,0,0,0,0,1,1,0,0,0,0,0,0,0,1,1,0,0,1,0,1,0,0,1,0,0,0,1,0,0,0,1,0,0
쭌곱창,hyj****,97,2025.07.15,1번째 방문,영수증,미친 비주얼에 가성비 최고에요&gt;&lt; 진짜 맛있네요!!! 가게 분위기도 너무 좋고 아늑하니 분위기 있고 좋아요~~ 세트메뉴로 꼭 시키세요!! 새로운 맛을 경험하게될거에욥! 홍대와서 이렇게 곱창 먹은적은 처음인것 같아용!,126,True,쭌곱창,normal,hyj****,97,2025.07.15,1번째 방문,영수증,,미친 비주얼에 가성비 최고에요&gt;&lt; 진짜 맛있네요!!! 가게 분위기도 너무 좋고 아늑하니 분위기 있고 좋아요~~ 세트메뉴로 꼭 시키세요!! 새로운 맛을 경험하게될거에욥! 홍대와서 이렇게 곱창 먹은적은 처음인것 같아용!,,,0,1,미친 비주얼에 가성비 최고에요 gt lt 진짜 맛있네요 가게 분위기도 너무 좋고 아늑하니 분위기 있고 좋아요 세트메뉴로 꼭 시키세요 새로운 맛을 경험하게될거에욥 홍대와서 이렇게 곱창 먹은적은 처음인것 같아용,126,115,0,0,1,1,0,0,0,1,1,0,3,1,1,0,0,0,0,0,3,1,2,0,7,1,0,0,1,0,0,0,0,1,1,1,0,0,0,0,0,0,1,0,0,0,0,0,0
쭌곱창,수현3079,9,2026.04.11,1번째 방문,영수증,친절하시구 맛더리잊니다 그리고 파인애플생트림 특이한데 같이 먹으니까 맛있어용!!,44,True,쭌곱창,normal,수현3079,9,2026.04.11,1번째 방문,영수증,,친절하시구 맛더리잊니다 그리고 파인애플생트림 특이한데 같이 먹으니까 맛있어용!!,,,0,1,친절하시구 맛더리잊니다 그리고 파인애플생트림 특이한데 같이 먹으니까 맛있어용,44,42,0,0,1,0,0,0,0,0,0,0,1,1,0,0,0,0,0,0,1,1,0,0,2,0,0,0,0,0,0,0,0,0,0,1,0,0,0,0,0,0,1,0,0,0,0,0,0
쭌곱창,liv****,14,2025.10.08,1번째 방문,영수증,친구랑 왔는데 서비스도 좋으시고 너무 맛있아요 생ㅇ크림 파인애플이 킥이네요!!!,44,True,쭌곱창,normal,liv****,14,2025.10.08,1번째 방문,영수증,,친구랑 왔는데 서비스도 좋으시고 너무 맛있아요 생ㅇ크림 파인애플이 킥이네요!!!,,,0,1,친구랑 왔는데 서비스도 좋으시고 너무 맛있아요 생 크림 파인애플이 킥이네요,44,41,0,0,1,0,0,0,0,0,0,0,1,1,0,1,1,0,0,0,1,1,1,0,3,1,1,1,0,0,0,0,0,1,0,1,0,0,0,0,0,0,1,0,0,0,0,1,0
쭌곱창,프로리부어,32,2025.11.06,1번째 방문,영수증,반조리되어 나와서 편하고 렌지위에서 따뜻하게 먹을수 있어요^^ 소스 다양하고 맛있고 독특한 파인애플생크림토핑도 있는데 여자친구가 좋아했습니다^^ 맛있게 잘 먹고 갑니다??,94,True,쭌곱창,normal,프로리부어,32,2025.11.06,1번째 방문,영수증,,반조리되어 나와서 편하고 렌지위에서 따뜻하게 먹을수 있어요^^ 소스 다양하고 맛있고 독특한 파인애플생크림토핑도 있는데 여자친구가 좋아했습니다^^ 맛있게 잘 먹고 갑니다??,,,0,1,반조리되어 나와서 편하고 렌지위에서 따뜻하게 먹을수 있어요 소스 다양하고 맛있고 독특한 파인애플생크림토핑도 있는데 여자친구가 좋아했습니다 맛있게 잘 먹고 갑니다,95,89,0,0,1,1,2,1,1,0,0,0,0,0,0,1,1,0,0,0,2,1,0,0,0,0,0,0,0,0,0,0,0,1,0,1,0,0,0,0,0,0,1,0,1,0,0,0,0
쭌곱창,dls****,6,2025.05.05,1번째 방문,영수증,오랜만에 나들이 하러 서울로 와서 저녁 뭐먹을지 고민하다가 찾은 맛집이네요:) 원래 곱창을 먹지 않았는데 같이 먹을 것 찾다가 방문하게 되었는데 이제 자주 먹을 것 같네요ㅎㅎ 사장님과 직원분들도 친절하시고 양도 꽤 되어서 푸짐하게 먹고 갑니다!,136,True,쭌곱창,normal,dls****,6,2025.05.05,1번째 방문,영수증,,오랜만에 나들이 하러 서울로 와서 저녁 뭐먹을지 고민하다가 찾은 맛집이네요:) 원래 곱창을 먹지 않았는데 같이 먹을 것 찾다가 방문하게 되었는데 이제 자주 먹을 것 같네요ㅎㅎ 사장님과 직원분들도 친절하시고 양도 꽤 되어서 푸짐하게 먹고 갑니다!,,,0,1,오랜만에 나들이 하러 서울로 와서 저녁 뭐먹을지 고민하다가 찾은 맛집이네요 원래 곱창을 먹지 않았는데 같이 먹을 것 찾다가 방문하게 되었는데 이제 자주 먹을 것 같네요 사장님과 직원분들도 친절하시고 양도 꽤 되어서 푸짐하게 먹고 갑니다,136,131,0,0,1,1,2,1,1,1,1,0,2,1,1,1,1,0,0,0,1,1,0,0,1,0,0,0,0,0,0,0,0,0,0,1,0,1,0,0,0,0,1,1,1,0,0,0,0
쭌곱창,qkr****,1,2026.02.13,1번째 방문,영수증,맛있게 먹고 갑니다 ㅎㅎ 곱창 진짜 맛있어요 홍대 올때 자주 와야겠어요,39,True,쭌곱창,normal,qkr****,1,2026.02.13,1번째 방문,영수증,,맛있게 먹고 갑니다 ㅎㅎ 곱창 진짜 맛있어요 홍대 올때 자주 와야겠어요,,,0,1,맛있게 먹고 갑니다 곱창 진짜 맛있어요 홍대 올때 자주 와야겠어요,39,36,0,0,1,0,0,0,0,1,1,0,0,0,0,0,0,0,0,0,2,1,1,0,0,0,0,0,1,0,0,1,1,0,0,1,0,0,0,0,1,1,0,0,0,0,0,0,0
쭌곱창,쭈봉12,27,2025.08.16,1번째 방문,예약,친구랑 치즈곱창 너무 먹고싶어서 노래부르면서 왔는데 양도 진짜 많고 너무 맛있엇어요!! 특히 계란 둘러주시는게 나중에 누른밥이랑 같이 먹으니까 더 맛있더라구요!!! 개추천!!!,98,True,쭌곱창,normal,쭈봉12,27,2025.08.16,1번째 방문,예약,,친구랑 치즈곱창 너무 먹고싶어서 노래부르면서 왔는데 양도 진짜 많고 너무 맛있엇어요!! 특히 계란 둘러주시는게 나중에 누른밥이랑 같이 먹으니까 더 맛있더라구요!!! 개추천!!!,,,0,1,친구랑 치즈곱창 너무 먹고싶어서 노래부르면서 왔는데 양도 진짜 많고 너무 맛있엇어요 특히 계란 둘러주시는게 나중에 누른밥이랑 같이 먹으니까 더 맛있더라구요 개추천,98,90,0,0,1,1,1,1,0,1,1,0,0,0,0,1,1,0,0,0,3,1,3,1,8,1,0,0,1,0,0,0,0,1,0,1,0,1,0,0,0,0,1,1,0,0,0,0,0
쭌곱창,bvb****,2,2025.12.09,1번째 방문,영수증,요즘 화끈한 곱창 먹고 싶었는데 야무지게 맛있게 먹었어요 홍대오실 때 곱창 먹고 싶으시면 강추합니다,55,True,쭌곱창,normal,bvb****,2,2025.12.09,1번째 방문,영수증,,요즘 화끈한 곱창 먹고 싶었는데 야무지게 맛있게 먹었어요 홍대오실 때 곱창 먹고 싶으시면 강추합니다,,,0,1,요즘 화끈한 곱창 먹고 싶었는데 야무지게 맛있게 먹었어요 홍대오실 때 곱창 먹고 싶으시면 강추합니다,55,55,0,0,1,0,0,0,0,2,1,1,0,0,0,0,0,0,0,0,2,1,0,0,0,0,0,0,0,0,0,0,1,0,0,1,0,0,0,0,1,1,0,0,0,0,0,0,0
쭌곱창,ros****,5,2025.10.08,1번째 방문,영수증,맛잇어서 먼데도 여러번 옴 사장님두 너무 친절하셔서 꼭 오세요ㅜㅜ,36,True,쭌곱창,normal,ros****,5,2025.10.08,1번째 방문,영수증,,맛잇어서 먼데도 여러번 옴 사장님두 너무 친절하셔서 꼭 오세요ㅜㅜ,,,0,1,맛잇어서 먼데도 여러번 옴 사장님두 너무 친절하셔서 꼭 오세요,36,34,0,0,1,0,0,0,0,0,0,0,1,1,0,0,0,0,0,0,0,0,1,0,0,0,0,0,0,0,0,0,1,0,0,1,0,0,0,0,0,0,1,0,0,0,0,0,0
쭌곱창,sg****,7,2026.03.21,1번째 방문,영수증,정말 맛있게 잘 먹었습니다!,15,True,쭌곱창,normal,sg****,7,2026.03.21,1번째 방문,영수증,,정말 맛있게 잘 먹었습니다!,,,0,1,정말 맛있게 잘 먹었습니다,15,14,0,1,0,0,0,0,0,0,0,0,0,0,0,0,0,0,0,0,1,1,0,0,1,0,0,0,0,0,0,0,0,0,0,1,0,0,1,0,1,0,0,0,0,1,1,0,1
쭌곱창,호수사랑76,10,2025.10.16,1번째 방문,영수증,너무맛있어요 곱창에갈비라니 최고에요 맛도 너무좋고 양도 좋았어요!!,37,True,쭌곱창,normal,호수사랑76,10,2025.10.16,1번째 방문,영수증,,너무맛있어요 곱창에갈비라니 최고에요 맛도 너무좋고 양도 좋았어요!!,,,0,1,너무맛있어요 곱창에갈비라니 최고에요 맛도 너무좋고 양도 좋았어요,37,35,0,0,1,0,1,1,0,1,1,0,0,0,0,0,0,0,0,0,2,1,2,0,2,0,0,0,0,0,0,0,0,1,0,1,0,1,0,0,0,0,0,1,0,0,0,0,0
쭌곱창,7985,15,2025.06.21,1번째 방문,영수증,추천 받아서 와봤는데 너무 맛있어용????,21,True,쭌곱창,normal,7985,15,2025.06.21,1번째 방문,영수증,,추천 받아서 와봤는데 너무 맛있어용????,,,0,1,추천 받아서 와봤는데 너무 맛있어용,23,19,0,1,0,0,0,0,0,0,0,0,0,0,0,0,0,0,0,0,2,1,1,0,0,0,0,0,0,0,0,0,0,1,0,1,0,0,1,0,1,0,0,0,0,1,1,0,1
쭌곱창,nt****,2,2025.12.22,1번째 방문,영수증,분위기가 너무 좋고 음식도 맛있어요 직원분이 맛있게 먹는 법 친절하게 설명해주셔서 좋았어요,50,True,쭌곱창,normal,nt****,2,2025.12.22,1번째 방문,영수증,,분위기가 너무 좋고 음식도 맛있어요 직원분이 맛있게 먹는 법 친절하게 설명해주셔서 좋았어요,,,0,1,분위기가 너무 좋고 음식도 맛있어요 직원분이 맛있게 먹는 법 친절하게 설명해주셔서 좋았어요,50,50,0,0,1,0,0,0,0,0,0,0,3,1,1,0,0,0,0,0,2,1,1,0,0,0,0,0,0,0,0,0,1,0,0,1,0,0,0,0,0,0,1,0,0,0,0,0,0
쭌곱창,ast****,9,2025.11.17,1번째 방문,영수증,너무 맛있어서 두 번째 옴,14,True,쭌곱창,normal,ast****,9,2025.11.17,1번째 방문,영수증,,너무 맛있어서 두 번째 옴,,,0,1,너무 맛있어서 두 번째 옴,14,14,0,1,0,0,0,0,0,0,0,0,0,0,0,0,0,0,0,0,1,1,1,0,0,0,0,0,0,0,0,0,0,0,0,1,0,0,1,0,1,0,0,0,0,1,1,0,1
쭌곱창,비니바니940,58,2025.06.09,1번째 방문,영수증,처음 방문해서 곱창 2인분에 우동사리 추가해서 먹었는데 너무 맛있어요! 사장님도 너무 친절하시고 다음에 또 올게요:),65,True,쭌곱창,normal,비니바니940,58,2025.06.09,1번째 방문,영수증,,처음 방문해서 곱창 2인분에 우동사리 추가해서 먹었는데 너무 맛있어요! 사장님도 너무 친절하시고 다음에 또 올게요:),,,0,1,처음 방문해서 곱창 2인분에 우동사리 추가해서 먹었는데 너무 맛있어요 사장님도 너무 친절하시고 다음에 또 올게요,65,62,0,0,1,1,0,0,0,1,1,0,1,1,0,0,0,1,1,1,1,1,2,0,1,0,0,0,0,1,1,0,0,1,1,1,0,0,0,0,0,0,1,0,0,0,0,0,0
쭌곱창,Rang1219,6,2025.12.23,1번째 방문,영수증,홍대 올때면 항상 주기적으로 오게된지 2년이 넘었네요ㅋㅋ 예전이랑 다르게 계란찜을 부어주시니 양념이 스며들어서 매운맛을 중화시켜주진 못하더라고요..ㅋㅋ큐ㅠㅠㅠ 결과적으로는 둘다 맛있으니 좋습니다! 생크림에 파인애플이랑 같이먹는게 진짜 생소한데 생각보다도 많이 잘어울려요!,151,True,쭌곱창,normal,Rang1219,6,2025.12.23,1번째 방문,영수증,,홍대 올때면 항상 주기적으로 오게된지 2년이 넘었네요ㅋㅋ 예전이랑 다르게 계란찜을 부어주시니 양념이 스며들어서 매운맛을 중화시켜주진 못하더라고요..ㅋㅋ큐ㅠㅠㅠ 결과적으로는 둘다 맛있으니 좋습니다! 생크림에 파인애플이랑 같이먹는게 진짜 생소한데 생각보다도 많이 잘어울려요!,,,0,1,홍대 올때면 항상 주기적으로 오게된지 2년이 넘었네요 예전이랑 다르게 계란찜을 부어주시니 양념이 스며들어서 매운맛을 중화시켜주진 못하더라고요 큐 결과적으로는 둘다 맛있으니 좋습니다 생크림에 파인애플이랑 같이먹는게 진짜 생소한데 생각보다도 많이 잘어울려요,151,141,0,0,1,1,2,1,1,0,0,0,0,0,0,0,0,1,0,0,2,1,1,0,2,0,0,0,1,0,0,0,0,0,0,1,0,0,0,0,0,0,0,0,0,0,0,0,0
쭌곱창,춘자매맘,8,2025.09.05,1번째 방문,영수증,불쑈가 신기해요! 맛있게 잘 먹었습니다.,22,True,쭌곱창,normal,춘자매맘,8,2025.09.05,1번째 방문,영수증,,불쑈가 신기해요! 맛있게 잘 먹었습니다.,,,0,1,불쑈가 신기해요 맛있게 잘 먹었습니다,22,20,0,1,0,0,0,0,0,0,0,0,0,0,0,0,0,0,0,0,1,1,0,0,1,0,0,0,0,0,0,0,0,0,0,1,0,0,1,0,1,0,0,0,0,1,1,0,1
쭌곱창,miiij,22,2026.03.17,1번째 방문,,너무맛있어요! 불맛나는 맛난 곱창!! ㅠㅠ 사이드 구성도 넘 센스있네요~~~,42,True,쭌곱창,normal,miiij,22,2026.03.17,1번째 방문,,,너무맛있어요! 불맛나는 맛난 곱창!! ㅠㅠ 사이드 구성도 넘 센스있네요~~~,,,0,1,너무맛있어요 불맛나는 맛난 곱창 사이드 구성도 넘 센스있네요,42,33,0,0,1,0,0,0,0,1,1,0,0,0,0,0,0,0,0,0,2,1,1,0,3,1,0,0,0,0,0,0,0,1,0,1,0,0,0,0,1,1,0,0,0,0,0,0,0
쭌곱창,재연49,32,2025.06.12,1번째 방문,영수증,아진짜너무맛잇어요 지금까지 먹은 곱창이랑 다른느낌!!! 살짝 매워서 육회랑 같이 먹으면 극락이니 꼭 먹어보세용…,62,True,쭌곱창,normal,재연49,32,2025.06.12,1번째 방문,영수증,,아진짜너무맛잇어요 지금까지 먹은 곱창이랑 다른느낌!!! 살짝 매워서 육회랑 같이 먹으면 극락이니 꼭 먹어보세용…,,,0,1,아진짜너무맛잇어요 지금까지 먹은 곱창이랑 다른느낌 살짝 매워서 육회랑 같이 먹으면 극락이니 꼭 먹어보세용,62,58,0,0,1,1,0,0,0,1,1,0,0,0,0,0,0,0,0,0,0,0,2,0,3,1,0,0,0,0,0,0,0,1,0,1,0,0,0,0,0,0,0,0,0,0,0,0,0
쭌곱창,부라비,26,2025.03.06,1번째 방문,영수증,저녁도 안먹고 부랴부랴 방문한 쭌곱창!!! 단맵단맵이 완벽한 조화를 이루고 있는 이 맛을 어케 잊겠습니까...ㅠㅠㅠ?? 맛도있고 아늑하구 직원분도 친절하구~ 아 진짜 오늘 하루 마무리 완벽했다~!! 홍대 섹시푸드~~??,120,True,쭌곱창,normal,부라비,26,2025.03.06,1번째 방문,영수증,,저녁도 안먹고 부랴부랴 방문한 쭌곱창!!! 단맵단맵이 완벽한 조화를 이루고 있는 이 맛을 어케 잊겠습니까...ㅠㅠㅠ?? 맛도있고 아늑하구 직원분도 친절하구~ 아 진짜 오늘 하루 마무리 완벽했다~!! 홍대 섹시푸드~~??,,,0,1,저녁도 안먹고 부랴부랴 방문한 쭌곱창 단맵단맵이 완벽한 조화를 이루고 있는 이 맛을 어케 잊겠습니까 맛도있고 아늑하구 직원분도 친절하구 아 진짜 오늘 하루 마무리 완벽했다 홍대 섹시푸드,122,103,0,0,1,1,0,0,0,1,1,0,2,1,1,1,1,0,0,0,0,0,1,0,5,1,0,0,1,0,0,0,0,1,0,1,0,0,0,0,0,0,1,0,0,0,0,0,0
쭌곱창,kkdy1,34,2026.03.10,1번째 방문,영수증,잘먹었습니다~~,8,True,쭌곱창,normal,kkdy1,34,2026.03.10,1번째 방문,영수증,,잘먹었습니다~~,,,0,1,잘먹었습니다,8,6,1,1,0,0,0,0,0,0,0,0,0,0,0,0,0,0,0,0,0,0,0,0,0,0,0,0,0,0,0,0,0,1,0,1,0,0,0,0,0,0,0,0,0,1,0,0,1
쭌곱창,이태규8294,2,2025.09.03,1번째 방문,영수증,항상 오는 맛집이에요! 너무 맛있어요,20,True,쭌곱창,normal,이태규8294,2,2025.09.03,1번째 방문,영수증,,항상 오는 맛집이에요! 너무 맛있어요,,,0,1,항상 오는 맛집이에요 너무 맛있어요,20,19,0,1,0,0,0,0,0,0,0,0,0,0,0,0,0,0,0,0,2,1,1,0,1,0,0,0,0,0,0,0,1,0,0,1,0,0,1,0,1,0,0,0,0,1,1,0,1
쭌곱창,bluemarble32,3,2025.07.04,1번째 방문,영수증,사장님 너무 친절하시고 세트 메뉴도 푸짐하고 맛도 좋아요????????,35,True,쭌곱창,normal,bluemarble32,3,2025.07.04,1번째 방문,영수증,,사장님 너무 친절하시고 세트 메뉴도 푸짐하고 맛도 좋아요????????,,,0,1,사장님 너무 친절하시고 세트 메뉴도 푸짐하고 맛도 좋아요,39,31,0,0,1,0,1,1,0,0,0,0,1,1,0,0,0,0,0,0,1,1,1,0,0,0,0,0,0,0,0,0,1,0,0,1,0,0,0,0,0,0,1,0,0,0,0,0,0
쭌곱창,pha****,14,2025.07.04,1번째 방문,영수증,자주 왔던 곳인데 여전히 맛있네요 ㅋㅋㅋㅋㅋㅋ 파인애플 생크림 진짜 츄라이 꼭 해야댐~,48,True,쭌곱창,normal,pha****,14,2025.07.04,1번째 방문,영수증,,자주 왔던 곳인데 여전히 맛있네요 ㅋㅋㅋㅋㅋㅋ 파인애플 생크림 진짜 츄라이 꼭 해야댐~,,,0,1,자주 왔던 곳인데 여전히 맛있네요 파인애플 생크림 진짜 츄라이 꼭 해야댐,48,40,0,0,1,0,0,0,0,0,0,0,0,0,0,0,0,0,0,0,1,1,1,0,0,0,0,0,1,0,0,0,0,1,0,1,0,0,0,0,1,0,0,0,0,0,0,0,0
쭌곱창,hel****,17,2026.01.08,2번째 방문,영수증,가성비 너무 좋고 증말 맛있습니다 강추!!,23,True,쭌곱창,normal,hel****,17,2026.01.08,2번째 방문,영수증,,가성비 너무 좋고 증말 맛있습니다 강추!!,,,0,2,가성비 너무 좋고 증말 맛있습니다 강추,23,21,0,1,0,0,0,0,0,0,0,0,1,1,0,0,0,0,0,0,2,1,1,0,2,0,0,0,0,0,0,0,0,1,0,0,1,0,1,0,0,0,1,0,0,0,1,0,0
쭌곱창,장지원493,14,2025.07.25,1번째 방문,영수증,홍대와서 곱창먹고 싶을때 방문하면 좋아요!! 매장 분위기도 좋고 곱창도 맛있고 양도 많은 것 같아용 직원분도 친절해서 좋아오!!,71,True,쭌곱창,normal,장지원493,14,2025.07.25,1번째 방문,영수증,,홍대와서 곱창먹고 싶을때 방문하면 좋아요!! 매장 분위기도 좋고 곱창도 맛있고 양도 많은 것 같아용 직원분도 친절해서 좋아오!!,,,0,1,홍대와서 곱창먹고 싶을때 방문하면 좋아요 매장 분위기도 좋고 곱창도 맛있고 양도 많은 것 같아용 직원분도 친절해서 좋아오,71,67,0,0,1,1,1,1,0,2,1,1,4,1,1,0,0,0,0,0,2,1,0,0,4,1,0,0,0,0,0,0,0,1,0,1,0,1,0,0,0,0,1,1,0,0,0,0,0
쭌곱창,존의펜더,17,2025.05.25,1번째 방문,영수증,인생 처음으로 곱창집에 방문했습니다! 사장님께서 너무 친절하게 설명해주셔서 첫 입 먹었는데 곱창이 어디있는지 모를정도로 잡내없고 맛있습니다! 와이프가 곱창 안먹는다고 매번 짜증냈는데 여기와서 같이 먹을 수 있을거같아요! 지인들이 앞에서 너무 맛있게 먹어서 여기까지만 쓸게요!ㅋㅋㅋ,156,True,쭌곱창,normal,존의펜더,17,2025.05.25,1번째 방문,영수증,,인생 처음으로 곱창집에 방문했습니다! 사장님께서 너무 친절하게 설명해주셔서 첫 입 먹었는데 곱창이 어디있는지 모를정도로 잡내없고 맛있습니다! 와이프가 곱창 안먹는다고 매번 짜증냈는데 여기와서 같이 먹을 수 있을거같아요! 지인들이 앞에서 너무 맛있게 먹어서 여기까지만 쓸게요!ㅋㅋㅋ,,,0,1,인생 처음으로 곱창집에 방문했습니다 사장님께서 너무 친절하게 설명해주셔서 첫 입 먹었는데 곱창이 어디있는지 모를정도로 잡내없고 맛있습니다 와이프가 곱창 안먹는다고 매번 짜증냈는데 여기와서 같이 먹을 수 있을거같아요 지인들이 앞에서 너무 맛있게 먹어서 여기까지만 쓸게요,156,149,0,0,1,1,1,1,0,3,1,1,1,1,0,0,0,0,0,0,2,1,2,0,4,1,0,0,1,0,0,0,0,1,0,1,0,1,0,0,0,0,1,1,0,0,0,0,0
쭌곱창,jeongyoon46,18,2025.10.02,1번째 방문,영수증,양도 많고 맛있어요!!! 두번째 방문인데 또 방문할게요! 잘먹었습니다~,39,True,쭌곱창,normal,jeongyoon46,18,2025.10.02,1번째 방문,영수증,,양도 많고 맛있어요!!! 두번째 방문인데 또 방문할게요! 잘먹었습니다~,,,0,1,양도 많고 맛있어요 두번째 방문인데 또 방문할게요 잘먹었습니다,39,34,0,0,1,0,1,1,0,0,0,0,0,0,0,0,0,0,0,0,1,1,0,0,4,1,0,0,0,1,1,0,0,1,0,1,0,0,0,0,0,0,0,0,0,0,0,0,0
쭌곱창,서은서9,20,2025.08.17,1번째 방문,영수증,사장님도 친절하시고 가성비도 좋아요!,20,True,쭌곱창,normal,서은서9,20,2025.08.17,1번째 방문,영수증,,사장님도 친절하시고 가성비도 좋아요!,,,0,1,사장님도 친절하시고 가성비도 좋아요,20,19,0,1,0,0,0,0,0,0,0,0,2,1,1,0,0,0,0,0,1,1,0,0,1,0,0,0,0,0,0,0,0,1,0,1,0,0,1,0,0,0,1,0,0,0,1,0,0
쭌곱창,냠냠아보카도,48,2026.04.24,1번째 방문,영수증,오랜만에 왔는데 여전히 가성비 좋고 맛있어요! 찍어먹는 소스가 3가지나 있는거랑 생크림 파인애플이 곁들여서 먹으면 맛있네용 곱창도 불맛나고 맛있어요! 맵찔이들이 씁하하며 맛있게 먹을 정도..?! 잘먹었습니당,115,True,쭌곱창,normal,냠냠아보카도,48,2026.04.24,1번째 방문,영수증,,오랜만에 왔는데 여전히 가성비 좋고 맛있어요! 찍어먹는 소스가 3가지나 있는거랑 생크림 파인애플이 곁들여서 먹으면 맛있네용 곱창도 불맛나고 맛있어요! 맵찔이들이 씁하하며 맛있게 먹을 정도..?! 잘먹었습니당,,,0,1,오랜만에 왔는데 여전히 가성비 좋고 맛있어요 찍어먹는 소스가 3가지나 있는거랑 생크림 파인애플이 곁들여서 먹으면 맛있네용 곱창도 불맛나고 맛있어요 맵찔이들이 씁하하며 맛있게 먹을 정도 잘먹었습니당,115,109,0,0,1,1,0,0,0,1,1,0,1,1,0,0,0,1,0,0,4,1,0,0,3,1,0,0,0,0,0,0,0,1,0,1,0,0,0,0,0,0,1,0,0,0,0,0,0
쭌곱창,poc****,2,2025.09.11,1번째 방문,영수증,엄청 맛있어요^^ 지인에게 추천하고 싶어요^^,25,True,쭌곱창,normal,poc****,2,2025.09.11,1번째 방문,영수증,,엄청 맛있어요^^ 지인에게 추천하고 싶어요^^,,,0,1,엄청 맛있어요 지인에게 추천하고 싶어요,25,21,0,1,0,0,0,0,0,0,0,0,0,0,0,0,0,0,0,0,2,1,1,0,0,0,0,0,0,0,0,0,1,0,0,1,0,0,1,0,1,0,0,0,0,1,1,0,1
쭌곱창,도영적인도영,141,2026.03.22,1번째 방문,영수증,맛있어요 다음에 또 올게용,14,True,쭌곱창,normal,도영적인도영,141,2026.03.22,1번째 방문,영수증,,맛있어요 다음에 또 올게용,,,0,1,맛있어요 다음에 또 올게용,14,14,0,1,0,0,0,0,0,0,0,0,0,0,0,0,0,0,0,0,1,1,0,0,0,0,0,0,0,0,0,0,0,1,1,1,0,0,1,0,1,0,0,0,0,1,1,0,1
쭌곱창,hl0****,11,2025.12.04,1번째 방문,영수증,곱창이랑 주먹밥이랑 볶음밥 먹었는데 다 맛있습니다.. 사장님이 너무 친절하시고 분위기도 좋아요!! 곱창 진짜 너무너무 맛있네요. 진짜 짱입니다. 다음에 홍대 곱창은 이곳만 오려고요,100,True,쭌곱창,normal,hl0****,11,2025.12.04,1번째 방문,영수증,,곱창이랑 주먹밥이랑 볶음밥 먹었는데 다 맛있습니다.. 사장님이 너무 친절하시고 분위기도 좋아요!! 곱창 진짜 너무너무 맛있네요. 진짜 짱입니다. 다음에 홍대 곱창은 이곳만 오려고요,,,0,1,곱창이랑 주먹밥이랑 볶음밥 먹었는데 다 맛있습니다 사장님이 너무 친절하시고 분위기도 좋아요 곱창 진짜 너무너무 맛있네요 진짜 짱입니다 다음에 홍대 곱창은 이곳만 오려고요,100,94,0,0,1,1,0,0,0,4,1,1,2,1,1,0,0,0,0,0,3,1,6,1,2,0,0,0,1,0,0,0,0,1,0,1,0,0,0,0,0,0,1,0,0,0,0,0,0
쭌곱창,김승훈5923,12,2025.10.31,1번째 방문,영수증,퀄리티가 일단 좋습니다. 처음 와봤는데 사장님도 친절하시구요. 생긴거처럼 맛도 좋습니다. 개추,52,True,쭌곱창,normal,김승훈5923,12,2025.10.31,1번째 방문,영수증,,퀄리티가 일단 좋습니다. 처음 와봤는데 사장님도 친절하시구요. 생긴거처럼 맛도 좋습니다. 개추,,,0,1,퀄리티가 일단 좋습니다 처음 와봤는데 사장님도 친절하시구요 생긴거처럼 맛도 좋습니다 개추,52,49,0,0,1,0,0,0,0,0,0,0,1,1,0,0,0,0,0,0,0,0,0,0,0,0,0,0,0,0,0,0,0,1,0,1,0,0,0,0,0,0,1,0,0,0,0,0,0
쭌곱창,오땅0,4,2025.12.28,1번째 방문,영수증,분위기도 좋고 맛있어요,12,True,쭌곱창,normal,오땅0,4,2025.12.28,1번째 방문,영수증,,분위기도 좋고 맛있어요,,,0,1,분위기도 좋고 맛있어요,12,12,0,1,0,0,0,0,0,0,0,0,1,1,0,0,0,0,0,0,1,1,0,0,0,0,0,0,0,0,0,0,1,0,0,1,0,0,1,0,0,0,1,0,0,0,1,0,0
쭌곱창,영7363,84,2025.04.07,1번째 방문,영수증,와 홍대에 곱창 먹으러왔는데 이런 맛집이있는지 이제알다니 맛은 진짜 보장하고요 사장님 포스부터 맛집 인정입니다 흔하지않은 곱창이라 더 맛난것같구 재방문 또 항거에요 세트메뉴인데 가격도 좋고 소스도 다양해서 쌈먹기 최고임,122,True,쭌곱창,normal,영7363,84,2025.04.07,1번째 방문,영수증,,와 홍대에 곱창 먹으러왔는데 이런 맛집이있는지 이제알다니 맛은 진짜 보장하고요 사장님 포스부터 맛집 인정입니다 흔하지않은 곱창이라 더 맛난것같구 재방문 또 항거에요 세트메뉴인데 가격도 좋고 소스도 다양해서 쌈먹기 최고임,,,0,1,와 홍대에 곱창 먹으러왔는데 이런 맛집이있는지 이제알다니 맛은 진짜 보장하고요 사장님 포스부터 맛집 인정입니다 흔하지않은 곱창이라 더 맛난것같구 재방문 또 항거에요 세트메뉴인데 가격도 좋고 소스도 다양해서 쌈먹기 최고임,122,122,0,0,1,1,1,1,0,2,1,1,1,1,0,0,0,0,0,0,3,1,1,0,0,0,0,0,1,1,1,0,0,1,1,1,0,1,0,0,0,0,1,1,0,0,0,0,0
쭌곱창,min****,17,2025.09.06,1번째 방문,영수증,불향이 너무 잘 나서 너무 맛있었습니다 !! 계란찜까지 완벽한 조합이네요. 즉흥적으로 방문한 건데 재방문 의사도 확실해요??,68,True,쭌곱창,normal,min****,17,2025.09.06,1번째 방문,영수증,,불향이 너무 잘 나서 너무 맛있었습니다 !! 계란찜까지 완벽한 조합이네요. 즉흥적으로 방문한 건데 재방문 의사도 확실해요??,,,0,1,불향이 너무 잘 나서 너무 맛있었습니다 계란찜까지 완벽한 조합이네요 즉흥적으로 방문한 건데 재방문 의사도 확실해요,69,63,0,0,1,1,0,0,0,0,0,0,0,0,0,0,0,0,0,0,1,1,2,0,2,0,0,0,0,1,1,0,0,1,0,1,0,0,0,0,1,0,0,0,0,0,0,0,0
쭌곱창,메이져31,23,2026.02.18,1번째 방문,영수증,와이프가 곱창을 좋아하는데 새로운 곱창이여서 신기해서 왔는데 너무 맛있네요????,44,True,쭌곱창,normal,메이져31,23,2026.02.18,1번째 방문,영수증,,와이프가 곱창을 좋아하는데 새로운 곱창이여서 신기해서 왔는데 너무 맛있네요????,,,0,1,와이프가 곱창을 좋아하는데 새로운 곱창이여서 신기해서 왔는데 너무 맛있네요,45,41,0,0,1,0,0,0,0,2,1,1,0,0,0,0,0,0,0,0,1,1,1,0,0,0,0,0,0,0,0,0,0,1,0,1,0,0,0,0,1,1,0,0,0,0,0,0,0
쭌곱창,collector h,16,2026.03.19,1번째 방문,,너무 맛있어서 순식간에 사라졌어요.,19,True,쭌곱창,normal,collector h,16,2026.03.19,1번째 방문,,,너무 맛있어서 순식간에 사라졌어요.,,,0,1,너무 맛있어서 순식간에 사라졌어요,19,18,0,1,0,0,0,0,0,0,0,0,0,0,0,0,0,0,0,0,1,1,1,0,0,0,0,0,0,0,0,0,0,1,0,1,0,0,1,0,1,0,0,0,0,1,1,0,1
쭌곱창,찰루쓰,44,2025.04.18,1번째 방문,영수증,홍대에 놀러왔다가 곱창이 특이해서 알아보다가 먹으러왔습니당! 소스도 다양하고 어묵탕에 샐러드에 푸짐해요! 곱창에 숙주에 계란찜하고 맛있게 먹구 갑니다^^ 좋은시간보내고 맛있게 잘먹었겠습니다 :),108,True,쭌곱창,normal,찰루쓰,44,2025.04.18,1번째 방문,영수증,,홍대에 놀러왔다가 곱창이 특이해서 알아보다가 먹으러왔습니당! 소스도 다양하고 어묵탕에 샐러드에 푸짐해요! 곱창에 숙주에 계란찜하고 맛있게 먹구 갑니다^^ 좋은시간보내고 맛있게 잘먹었겠습니다 :),,,0,1,홍대에 놀러왔다가 곱창이 특이해서 알아보다가 먹으러왔습니당 소스도 다양하고 어묵탕에 샐러드에 푸짐해요 곱창에 숙주에 계란찜하고 맛있게 먹구 갑니다 좋은시간보내고 맛있게 잘먹었겠습니다,108,101,0,0,1,1,2,1,1,2,1,1,0,0,0,0,0,0,0,0,2,1,0,0,2,0,0,0,0,0,0,0,0,1,0,1,0,1,0,0,0,0,0,1,0,0,0,0,0
쭌곱창,정지승33,13,2025.06.13,1번째 방문,영수증,여긴 진짜… 레전드 맛집 닭발 곱창 꼭 시켜두세여 그리거 파인애플이 킥임,40,True,쭌곱창,normal,정지승33,13,2025.06.13,1번째 방문,영수증,,여긴 진짜… 레전드 맛집 닭발 곱창 꼭 시켜두세여 그리거 파인애플이 킥임,,,0,1,여긴 진짜 레전드 맛집 닭발 곱창 꼭 시켜두세여 그리거 파인애플이 킥임,40,39,0,0,1,0,0,0,0,1,1,0,0,0,0,0,0,0,0,0,1,1,1,0,0,0,0,0,0,0,0,0,0,1,0,1,0,0,0,0,1,1,0,0,0,0,0,0,0
쭌곱창,몽꿈을집사,67,2025.05.13,1번째 방문,영수증,최고 맛나요 ㅠㅠㅠ 비주얼부터 위장 폭행 예고 지대로 해줍니다 ㅜㅠ ???????? 꼭 드세요!!!,51,True,쭌곱창,normal,몽꿈을집사,67,2025.05.13,1번째 방문,영수증,,최고 맛나요 ㅠㅠㅠ 비주얼부터 위장 폭행 예고 지대로 해줍니다 ㅜㅠ ???????? 꼭 드세요!!!,,,0,1,최고 맛나요 비주얼부터 위장 폭행 예고 지대로 해줍니다 꼭 드세요,55,36,0,0,1,0,0,0,0,0,0,0,0,0,0,0,0,0,0,0,1,1,0,0,3,1,0,0,0,0,0,0,0,1,1,1,0,0,0,0,1,0,0,0,0,0,0,0,0
쭌곱창,flac21,108,2025.11.06,1번째 방문,영수증,고기 닭발 조합이 다박이에요~,16,True,쭌곱창,normal,flac21,108,2025.11.06,1번째 방문,영수증,,고기 닭발 조합이 다박이에요~,,,0,1,고기 닭발 조합이 다박이에요,16,15,0,1,0,0,0,0,0,0,0,0,0,0,0,0,0,0,0,0,0,0,0,0,0,0,0,0,0,0,0,0,0,1,1,1,0,0,0,0,0,0,0,0,0,1,0,0,1
쭌곱창,심심seem51,50,2025.06.05,1번째 방문,영수증,"리뷰보고 찾아갔는데, 세트메뉴 너무 좋고 무엇보다 너무 존맛이에요....꼭 홍대오면 먹어야 할 곱창집입니다!! 강추!!",66,True,쭌곱창,normal,심심seem51,50,2025.06.05,1번째 방문,영수증,,"리뷰보고 찾아갔는데, 세트메뉴 너무 좋고 무엇보다 너무 존맛이에요....꼭 홍대오면 먹어야 할 곱창집입니다!! 강추!!",,,0,1,리뷰보고 찾아갔는데 세트메뉴 너무 좋고 무엇보다 너무 존맛이에요 꼭 홍대오면 먹어야 할 곱창집입니다 강추,66,58,0,0,1,1,0,0,0,1,1,0,0,0,0,0,0,0,0,0,1,1,3,1,4,1,0,0,0,0,0,0,0,1,1,1,0,0,0,0,1,1,0,0,0,0,0,0,0
쭌곱창,권수녕이,25,2025.12.02,1번째 방문,영수증,곱창이 진짜 맛있고 직원분이 너무너무 친절하세요!! 잘 먹었습니당~??,38,True,쭌곱창,normal,권수녕이,25,2025.12.02,1번째 방문,영수증,,곱창이 진짜 맛있고 직원분이 너무너무 친절하세요!! 잘 먹었습니당~??,,,0,1,곱창이 진짜 맛있고 직원분이 너무너무 친절하세요 잘 먹었습니당,39,34,0,0,1,0,0,0,0,1,1,0,2,1,1,0,0,0,0,0,1,1,3,1,2,0,0,0,1,0,0,0,0,1,0,1,0,0,0,0,0,0,1,0,0,0,0,0,0
쭌곱창,민들레짝씨35,22,2026.01.13,1번째 방문,영수증,맛도 매콤! 소스도 다양!!!! 맛있어요 ^^,25,True,쭌곱창,normal,민들레짝씨35,22,2026.01.13,1번째 방문,영수증,,맛도 매콤! 소스도 다양!!!! 맛있어요 ^^,,,0,1,맛도 매콤 소스도 다양 맛있어요,25,17,0,1,0,0,2,1,1,0,0,0,0,0,0,0,0,0,0,0,1,1,0,0,5,1,0,0,0,0,0,0,0,1,0,1,0,0,1,0,0,0,0,0,0,0,0,0,0
쭌곱창,Warririor,21,2025.11.23,2번째 방문,영수증,홍대에서 제일 맛있는 곱창!!,16,True,쭌곱창,normal,Warririor,21,2025.11.23,2번째 방문,영수증,,홍대에서 제일 맛있는 곱창!!,,,0,2,홍대에서 제일 맛있는 곱창,16,14,0,1,0,0,0,0,0,1,1,0,0,0,0,0,0,0,0,0,1,1,0,0,2,0,0,0,0,0,0,0,0,1,0,0,1,0,1,0,1,1,0,0,0,1,1,0,0
쭌곱창,육산느,33,2025.08.05,1번째 방문,예약,넘넘 맛있게 먹엇어요!! 서치한 보람이 있네요 크크 담에 또 먹으러 갈것임 ??,43,True,쭌곱창,normal,육산느,33,2025.08.05,1번째 방문,예약,,넘넘 맛있게 먹엇어요!! 서치한 보람이 있네요 크크 담에 또 먹으러 갈것임 ??,,,0,1,넘넘 맛있게 먹엇어요 서치한 보람이 있네요 크크 담에 또 먹으러 갈것임,44,39,0,0,1,0,0,0,0,0,0,0,0,0,0,0,0,0,0,0,3,1,0,0,2,0,0,0,0,0,0,0,0,1,0,1,0,0,0,0,1,0,0,0,0,0,0,0,0
쭌곱창,eui****,7,2025.10.03,1번째 방문,영수증,세트 구성이 푸짐하고 사장님께서 알려주신대로 쌈 싸먹으니 너무 맛있었어요 강추합니다 드셔보세요,52,True,쭌곱창,normal,eui****,7,2025.10.03,1번째 방문,영수증,,세트 구성이 푸짐하고 사장님께서 알려주신대로 쌈 싸먹으니 너무 맛있었어요 강추합니다 드셔보세요,,,0,1,세트 구성이 푸짐하고 사장님께서 알려주신대로 쌈 싸먹으니 너무 맛있었어요 강추합니다 드셔보세요,52,52,0,0,1,0,1,1,0,0,0,0,0,0,0,0,0,0,0,0,2,1,1,0,0,0,0,0,0,0,0,0,0,0,0,1,0,0,0,0,0,0,0,0,0,0,0,0,0
쭌곱창,dhcjdgis852114,24,2025.03.17,1번째 방문,영수증,하굣길에 우연히 발견해서 들어갔어요. 잘 몰랐는데 엄청 맛집이더라구요!! 고기에서 잡내가 하나도 안나고 양념맛이 진심 미쳤음 볶음밥까지 쓱싹해먹으면 ㄹㅇ극락... 반찬 떨어진거 보시고 말씀도 안드렸는데 채워주시기도 하고 직원분들 센스도 좋고 완전 친절함. 다음에 또올게요!!!!,155,True,쭌곱창,normal,dhcjdgis852114,24,2025.03.17,1번째 방문,영수증,,하굣길에 우연히 발견해서 들어갔어요. 잘 몰랐는데 엄청 맛집이더라구요!! 고기에서 잡내가 하나도 안나고 양념맛이 진심 미쳤음 볶음밥까지 쓱싹해먹으면 ㄹㅇ극락... 반찬 떨어진거 보시고 말씀도 안드렸는데 채워주시기도 하고 직원분들 센스도 좋고 완전 친절함. 다음에 또올게요!!!!,,,0,1,하굣길에 우연히 발견해서 들어갔어요 잘 몰랐는데 엄청 맛집이더라구요 고기에서 잡내가 하나도 안나고 양념맛이 진심 미쳤음 볶음밥까지 쓱싹해먹으면 극락 반찬 떨어진거 보시고 말씀도 안드렸는데 채워주시기도 하고 직원분들 센스도 좋고 완전 친절함 다음에 또올게요,155,142,0,0,1,1,2,1,1,1,1,0,2,1,1,0,0,0,0,0,1,1,2,0,6,1,0,0,1,1,1,0,0,1,0,1,0,1,0,0,0,0,1,1,1,0,0,0,0
쭌곱창,이민규49,24,2026.04.19,1번째 방문,영수증,볶은 곱창 땡겨서 왔는데 아주 맛있었어요~ 치즈도 고소하고 곱창도 쫄깃해요 만족 !!,47,True,쭌곱창,normal,이민규49,24,2026.04.19,1번째 방문,영수증,,볶은 곱창 땡겨서 왔는데 아주 맛있었어요~ 치즈도 고소하고 곱창도 쫄깃해요 만족 !!,,,0,1,볶은 곱창 땡겨서 왔는데 아주 맛있었어요 치즈도 고소하고 곱창도 쫄깃해요 만족,47,43,0,0,1,0,2,1,1,2,1,1,0,0,0,0,0,0,0,0,1,1,0,0,2,0,0,0,0,0,0,0,0,1,0,1,0,1,0,0,0,0,0,1,0,0,0,0,0
쭌곱창,yeo****,20,2025.07.01,2번째 방문,영수증,벌써 네번정도 왔는데 정말 맛있고 사장님이랑 직원분도 너무 친절하시고 먹고 나면 나중에 또 생각나는 그런맛이에요 ..! ㅠ 진짜 양념곱창 좋아하시는 분들은 꼭 와보세요 !!,96,True,쭌곱창,normal,yeo****,20,2025.07.01,2번째 방문,영수증,,벌써 네번정도 왔는데 정말 맛있고 사장님이랑 직원분도 너무 친절하시고 먹고 나면 나중에 또 생각나는 그런맛이에요 ..! ㅠ 진짜 양념곱창 좋아하시는 분들은 꼭 와보세요 !!,,,0,2,벌써 네번정도 왔는데 정말 맛있고 사장님이랑 직원분도 너무 친절하시고 먹고 나면 나중에 또 생각나는 그런맛이에요 진짜 양념곱창 좋아하시는 분들은 꼭 와보세요,96,87,0,0,1,1,1,1,0,1,1,0,2,1,1,0,0,0,0,0,1,1,2,0,3,1,0,0,1,0,0,0,0,1,0,0,1,1,0,0,0,0,1,1,0,0,0,0,0
쭌곱창,tls****,79,2025.07.04,1번째 방문,영수증,"맛있게 매워요 개존맛! 깻잎이 너무 신선해요 아 떡도 맛있고 곱창도 안 찔기고 너무 맛있음 치즈퐁듀 2천원! 볶음밥 3천원! 곱창 1인분 12,000원! 가격 넘 좋음! 그리고 직접 굽는게 아니라 깔끔해서 좋아요! 구워줘서 나와용",128,True,쭌곱창,normal,tls****,79,2025.07.04,1번째 방문,영수증,,"맛있게 매워요 개존맛! 깻잎이 너무 신선해요 아 떡도 맛있고 곱창도 안 찔기고 너무 맛있음 치즈퐁듀 2천원! 볶음밥 3천원! 곱창 1인분 12,000원! 가격 넘 좋음! 그리고 직접 굽는게 아니라 깔끔해서 좋아요! 구워줘서 나와용",,,0,1,맛있게 매워요 개존맛 깻잎이 너무 신선해요 아 떡도 맛있고 곱창도 안 찔기고 너무 맛있음 치즈퐁듀 2천원 볶음밥 3천원 곱창 1인분 12 000원 가격 넘 좋음 그리고 직접 굽는게 아니라 깔끔해서 좋아요 구워줘서 나와용,128,122,0,0,1,1,0,0,0,3,1,1,1,1,0,0,0,1,2,1,5,1,3,1,6,1,0,0,0,0,0,0,0,1,1,1,0,0,0,0,0,0,1,0,0,0,0,0,0
쭌곱창,121****,18,2025.09.28,1번째 방문,영수증,분위기가 아담하고요. 곱창맛이랑 닭발이랑 불맛이 아주 끝내줘요. 친구 데이트 썸 타면 오면 좋을것같아요.!! 맵기도 적당하고 비주얼도 좋고 무엇보다 맛있습니다. 술안주 하기 딱 좋은 곳 입니다. 홍대 오면 한번 와도 될것같습니다.,128,True,쭌곱창,normal,121****,18,2025.09.28,1번째 방문,영수증,,분위기가 아담하고요. 곱창맛이랑 닭발이랑 불맛이 아주 끝내줘요. 친구 데이트 썸 타면 오면 좋을것같아요.!! 맵기도 적당하고 비주얼도 좋고 무엇보다 맛있습니다. 술안주 하기 딱 좋은 곳 입니다. 홍대 오면 한번 와도 될것같습니다.,,,0,1,분위기가 아담하고요 곱창맛이랑 닭발이랑 불맛이 아주 끝내줘요 친구 데이트 썸 타면 오면 좋을것같아요 맵기도 적당하고 비주얼도 좋고 무엇보다 맛있습니다 술안주 하기 딱 좋은 곳 입니다 홍대 오면 한번 와도 될것같습니다,128,120,0,0,1,1,0,0,0,1,1,0,1,1,0,2,1,0,0,0,1,1,0,0,2,0,0,0,0,0,0,0,0,1,0,1,0,0,0,0,0,0,1,0,0,0,0,0,0
쭌곱창,sustoo,4,2025.10.28,1번째 방문,영수증,친절하시고 맛있어요 추천드립니다,17,True,쭌곱창,normal,sustoo,4,2025.10.28,1번째 방문,영수증,,친절하시고 맛있어요 추천드립니다,,,0,1,친절하시고 맛있어요 추천드립니다,17,17,0,1,0,0,0,0,0,0,0,0,1,1,0,0,0,0,0,0,2,1,0,0,0,0,0,0,0,0,0,0,1,0,0,1,0,0,1,0,0,0,1,0,0,0,1,0,0
쭌곱창,mj****,62,2025.09.23,1번째 방문,영수증,맛있게 잘먹었습니다!!,12,True,쭌곱창,normal,mj****,62,2025.09.23,1번째 방문,영수증,,맛있게 잘먹었습니다!!,,,0,1,맛있게 잘먹었습니다,12,10,0,1,0,0,0,0,0,0,0,0,0,0,0,0,0,0,0,0,1,1,0,0,2,0,0,0,0,0,0,0,0,1,1,1,0,0,1,0,1,0,0,0,0,1,1,0,1
쭌곱창,Killer25,12,2025.11.04,1번째 방문,영수증,정말 독특한 조합의 음식이 엄청 맛있습니다. 옛날에 왔던 기억에 아내 데리고 왔는데 맛있다고 하네요 ㅋㅋ 토치 불쇼(?)도 보는재미고 사장님도 친절하시고 밑반찬도 맛있었습니다. 홍대 또 오면 재방문 의사 100% 입니다. 데이트하실때 맛있는거 드시러 오세요~~~,146,True,쭌곱창,normal,Killer25,12,2025.11.04,1번째 방문,영수증,,정말 독특한 조합의 음식이 엄청 맛있습니다. 옛날에 왔던 기억에 아내 데리고 왔는데 맛있다고 하네요 ㅋㅋ 토치 불쇼(?)도 보는재미고 사장님도 친절하시고 밑반찬도 맛있었습니다. 홍대 또 오면 재방문 의사 100% 입니다. 데이트하실때 맛있는거 드시러 오세요~~~,,,0,1,정말 독특한 조합의 음식이 엄청 맛있습니다 옛날에 왔던 기억에 아내 데리고 왔는데 맛있다고 하네요 토치 불쇼 도 보는재미고 사장님도 친절하시고 밑반찬도 맛있었습니다 홍대 또 오면 재방문 의사 100 입니다 데이트하실때 맛있는거 드시러 오세요,146,134,0,0,1,1,0,0,0,0,0,0,1,1,0,1,1,1,0,0,4,1,1,0,0,0,0,0,0,1,1,0,0,1,0,1,0,0,0,0,0,0,1,0,0,0,0,0,0
쭌곱창,yey****,8,2025.08.07,1번째 방문,영수증,너무 맛있어요,7,True,쭌곱창,normal,yey****,8,2025.08.07,1번째 방문,영수증,,너무 맛있어요,,,0,1,너무 맛있어요,7,7,1,1,0,0,0,0,0,0,0,0,0,0,0,0,0,0,0,0,1,1,1,0,0,0,0,0,0,0,0,0,0,0,0,1,0,0,1,1,1,0,0,0,0,1,1,0,1
쭌곱창,jug8124,5,2025.06.07,1번째 방문,영수증,곱창세트 먹었는데 양념이 너무 맛있었어용 양두 많아서 친구들끼리 오면 너무 좋을거 같아요?? 주먹밥이나 사이드도 맛있어서 추천입미다！！,74,True,쭌곱창,normal,jug8124,5,2025.06.07,1번째 방문,영수증,,곱창세트 먹었는데 양념이 너무 맛있었어용 양두 많아서 친구들끼리 오면 너무 좋을거 같아요?? 주먹밥이나 사이드도 맛있어서 추천입미다！！,,,0,1,곱창세트 먹었는데 양념이 너무 맛있었어용 양두 많아서 친구들끼리 오면 너무 좋을거 같아요 주먹밥이나 사이드도 맛있어서 추천입미다,75,71,0,0,1,1,2,1,1,1,1,0,0,0,0,1,1,0,0,0,3,1,2,0,0,0,0,0,0,0,0,0,1,0,0,1,0,1,0,0,0,0,1,1,1,0,0,0,0
쭌곱창,채연43,42,2025.12.04,1번째 방문,영수증,최고예요 저만 계속 오고싶어요.. 자의적으로 리뷰작성합니다..,34,True,쭌곱창,normal,채연43,42,2025.12.04,1번째 방문,영수증,,최고예요 저만 계속 오고싶어요.. 자의적으로 리뷰작성합니다..,,,0,1,최고예요 저만 계속 오고싶어요 자의적으로 리뷰작성합니다,34,30,0,0,1,0,0,0,0,0,0,0,0,0,0,0,0,0,0,0,1,1,0,0,0,0,0,0,0,0,0,0,0,1,0,1,0,0,0,0,1,0,0,0,0,0,0,0,0
쭌곱창,윤준영72,2,2025.06.15,1번째 방문,영수증,맛있습니다 강력추천합니다,13,True,쭌곱창,normal,윤준영72,2,2025.06.15,1번째 방문,영수증,,맛있습니다 강력추천합니다,,,0,1,맛있습니다 강력추천합니다,13,13,0,1,0,0,0,0,0,0,0,0,0,0,0,0,0,0,0,0,2,1,0,0,0,0,0,0,0,0,0,0,1,0,0,1,0,0,1,0,1,0,0,0,0,1,1,0,1
쭌곱창,falling416,44,2025.10.02,1번째 방문,영수증,"2회차 방문입니다.. 너무 맛있어요,,,",22,True,쭌곱창,normal,falling416,44,2025.10.02,1번째 방문,영수증,,"2회차 방문입니다.. 너무 맛있어요,,,",,,0,1,2회차 방문입니다 너무 맛있어요,22,17,0,1,0,0,0,0,0,0,0,0,0,0,0,0,0,1,0,0,1,1,1,0,0,0,0,0,0,0,0,0,0,1,0,1,0,0,1,0,1,0,0,0,0,1,1,0,1
쭌곱창,tnf****,12,2025.11.28,1번째 방문,영수증,아늑한 분위기에서 너무 맛있게 먹었어요 서비스도 좋고 사장님도 친절하시고 다음에도 또 올게요!,52,True,쭌곱창,normal,tnf****,12,2025.11.28,1번째 방문,영수증,,아늑한 분위기에서 너무 맛있게 먹었어요 서비스도 좋고 사장님도 친절하시고 다음에도 또 올게요!,,,0,1,아늑한 분위기에서 너무 맛있게 먹었어요 서비스도 좋고 사장님도 친절하시고 다음에도 또 올게요,52,51,0,0,1,0,0,0,0,0,0,0,3,1,1,0,0,0,0,0,1,1,1,0,1,0,1,1,0,1,1,0,0,1,0,1,0,0,0,0,0,0,1,0,0,0,0,1,0
쭌곱창,샨샨리,17,2025.06.20,1번째 방문,영수증,넘 맛있어요 담에 또 올게여~,16,True,쭌곱창,normal,샨샨리,17,2025.06.20,1번째 방문,영수증,,넘 맛있어요 담에 또 올게여~,,,0,1,넘 맛있어요 담에 또 올게여,16,15,0,1,0,0,0,0,0,0,0,0,0,0,0,0,0,0,0,0,2,1,0,0,0,0,0,0,0,0,0,0,0,1,0,1,0,0,1,0,1,0,0,0,0,1,1,0,1
쭌곱창,예융,13,2026.01.25,1번째 방문,영수증,아늑하고 분위기 좋습니다! 음식도 맛있고 서비스도 좋았어요~,33,True,쭌곱창,normal,예융,13,2026.01.25,1번째 방문,영수증,,아늑하고 분위기 좋습니다! 음식도 맛있고 서비스도 좋았어요~,,,0,1,아늑하고 분위기 좋습니다 음식도 맛있고 서비스도 좋았어요,33,31,0,0,1,0,0,0,0,0,0,0,2,1,1,0,0,0,0,0,1,1,0,0,1,0,1,1,0,0,0,0,0,1,0,1,0,0,0,0,0,0,1,0,0,0,0,1,0
쭌곱창,초코송이1245,21,2025.08.10,1번째 방문,영수증,맛잇어요 가성비좋아요,11,True,쭌곱창,normal,초코송이1245,21,2025.08.10,1번째 방문,영수증,,맛잇어요 가성비좋아요,,,0,1,맛잇어요 가성비좋아요,11,11,0,1,0,0,0,0,0,0,0,0,1,1,0,0,0,0,0,0,1,1,0,0,0,0,0,0,0,0,0,0,0,1,0,1,0,0,1,0,0,0,1,0,0,0,1,0,0
쭌곱창,From B52,50,2026.01.21,1번째 방문,영수증,우연하게 들어왔눈데... 진짜 곱창 너무 맛있어요!!! 맵찔이인데도 기분 좋게 먹을 수 있고 사장님이 설명해주시는대로 먹으니까 새로운 세계가 열려요...! 가게도 아늑하고 너무 좋아요!,103,True,쭌곱창,normal,From B52,50,2026.01.21,1번째 방문,영수증,,우연하게 들어왔눈데... 진짜 곱창 너무 맛있어요!!! 맵찔이인데도 기분 좋게 먹을 수 있고 사장님이 설명해주시는대로 먹으니까 새로운 세계가 열려요...! 가게도 아늑하고 너무 좋아요!,,,0,1,우연하게 들어왔눈데 진짜 곱창 너무 맛있어요 맵찔이인데도 기분 좋게 먹을 수 있고 사장님이 설명해주시는대로 먹으니까 새로운 세계가 열려요 가게도 아늑하고 너무 좋아요,103,92,0,0,1,1,0,0,0,1,1,0,0,0,0,0,0,0,0,0,2,1,3,1,5,1,0,0,1,0,0,0,0,1,1,1,0,0,0,0,1,1,0,0,0,0,0,0,0
쭌곱창,jin****,22,2026.01.06,1번째 방문,영수증,아늑하고 맛있습니다~ 안먹어본 음식 모임도 괜찮고 단체도 좋아요,35,True,쭌곱창,normal,jin****,22,2026.01.06,1번째 방문,영수증,,아늑하고 맛있습니다~ 안먹어본 음식 모임도 괜찮고 단체도 좋아요,,,0,1,아늑하고 맛있습니다 안먹어본 음식 모임도 괜찮고 단체도 좋아요,35,34,0,0,1,0,0,0,0,0,0,0,0,0,0,0,0,0,0,0,2,1,0,0,0,0,0,0,0,0,0,0,0,1,0,1,0,0,0,0,1,0,0,0,0,0,0,0,0
쭌곱창,탁상픽,16,2025.11.22,1번째 방문,영수증,여자친구란 방문했는데 불쑈도 넘 멋있구 맛있어요!! 데이트로 강추합니다????,41,True,쭌곱창,normal,탁상픽,16,2025.11.22,1번째 방문,영수증,,여자친구란 방문했는데 불쑈도 넘 멋있구 맛있어요!! 데이트로 강추합니다????,,,0,1,여자친구란 방문했는데 불쑈도 넘 멋있구 맛있어요 데이트로 강추합니다,43,37,0,0,1,0,0,0,0,0,0,0,0,0,0,2,1,0,0,0,3,1,0,0,2,0,0,0,0,0,0,0,0,1,0,1,0,0,0,0,0,0,1,0,0,0,0,0,0
쭌곱창,Buddy59,20,2025.10.08,1번째 방문,영수증,맵콤하게 맛있어요.,10,True,쭌곱창,normal,Buddy59,20,2025.10.08,1번째 방문,영수증,,맵콤하게 맛있어요.,,,0,1,맵콤하게 맛있어요,10,9,0,1,0,0,0,0,0,0,0,0,0,0,0,0,0,0,0,0,1,1,0,0,0,0,0,0,0,0,0,0,0,1,0,1,0,0,1,0,1,0,0,0,0,1,1,0,1
쭌곱창,잉여518,2,2025.03.26,1번째 방문,영수증,이른 시간에 방문했는데 친절하게 맞이해주셨어요 ?? 메뉴 하나하나 나올때마다 설명도 해주시고 먹는법도 알려주셔서 더 맛있게 먹었습니다?????? 곱창 불향 가득하고 냄새도 안나고 친구들이랑 즐겁게 다녀갑니당 다음에 또 올게요!!!??????,131,True,쭌곱창,normal,잉여518,2,2025.03.26,1번째 방문,영수증,,이른 시간에 방문했는데 친절하게 맞이해주셨어요 ?? 메뉴 하나하나 나올때마다 설명도 해주시고 먹는법도 알려주셔서 더 맛있게 먹었습니다?????? 곱창 불향 가득하고 냄새도 안나고 친구들이랑 즐겁게 다녀갑니당 다음에 또 올게요!!!??????,,,0,1,이른 시간에 방문했는데 친절하게 맞이해주셨어요 메뉴 하나하나 나올때마다 설명도 해주시고 먹는법도 알려주셔서 더 맛있게 먹었습니다 곱창 불향 가득하고 냄새도 안나고 친구들이랑 즐겁게 다녀갑니당 다음에 또 올게요,134,116,0,0,1,1,0,0,0,1,1,0,1,1,0,1,1,0,0,0,1,1,0,0,3,1,0,0,0,1,1,0,1,0,0,1,0,0,0,0,0,0,1,0,0,0,0,0,0
쭌곱창,qaz****,88,2026.02.05,1번째 방문,예약,3명이서 갔는데 양이 꽤 많아서 든든하게 먹고 가요!! 승무원 학원 끝나고 너무 배고파서 미리 예약 해뒀는데 최고의 저녁입미다..??,73,True,쭌곱창,normal,qaz****,88,2026.02.05,1번째 방문,예약,,3명이서 갔는데 양이 꽤 많아서 든든하게 먹고 가요!! 승무원 학원 끝나고 너무 배고파서 미리 예약 해뒀는데 최고의 저녁입미다..??,,,0,1,3명이서 갔는데 양이 꽤 많아서 든든하게 먹고 가요 승무원 학원 끝나고 너무 배고파서 미리 예약 해뒀는데 최고의 저녁입미다,74,68,0,0,1,1,1,1,0,0,0,0,0,0,0,1,1,1,1,1,1,1,1,0,2,0,0,0,0,0,0,0,0,1,1,1,0,0,0,0,0,0,1,0,0,0,0,0,0
쭌곱창,12125333,15,2025.07.19,1번째 방문,영수증,지인추천으로 맛집 소문듣고 찾아왔어요! 웨이팅 따로없이 입장했습니다! 가격나쁘지않구 맛나요!! 최고!! 담에 또올께요??넘 맛나게먹구갑니닷!!,78,True,쭌곱창,normal,12125333,15,2025.07.19,1번째 방문,영수증,,지인추천으로 맛집 소문듣고 찾아왔어요! 웨이팅 따로없이 입장했습니다! 가격나쁘지않구 맛나요!! 최고!! 담에 또올께요??넘 맛나게먹구갑니닷!!,,,0,1,지인추천으로 맛집 소문듣고 찾아왔어요 웨이팅 따로없이 입장했습니다 가격나쁘지않구 맛나요 최고 담에 또올께요 넘 맛나게먹구갑니닷,79,70,0,0,1,1,0,0,0,0,0,0,2,1,1,0,0,0,0,0,4,1,0,0,8,1,0,0,0,0,0,0,0,1,0,1,0,0,0,0,0,0,1,0,0,0,0,0,0
쭌곱창,헬씨쥬,29,2025.12.15,1번째 방문,영수증,돼지 냄새도 하나도 안나고 소스도 다 맛있고 추천입니다 ㅎㅎㅎㅎ,35,True,쭌곱창,normal,헬씨쥬,29,2025.12.15,1번째 방문,영수증,,돼지 냄새도 하나도 안나고 소스도 다 맛있고 추천입니다 ㅎㅎㅎㅎ,,,0,1,돼지 냄새도 하나도 안나고 소스도 다 맛있고 추천입니다,35,30,0,0,1,0,0,0,0,0,0,0,0,0,0,0,0,0,0,0,2,1,0,0,0,0,0,0,0,0,0,0,0,1,0,1,0,0,0,0,1,0,0,0,0,0,0,0,0
쭌곱창,wlgus11246,38,2025.10.01,1번째 방문,영수증,맛있게 먹는 방법도 알려주시고 곱창도 너무 맛있게 잘 먹고 갑니다 ㅎㅎ,39,True,쭌곱창,normal,wlgus11246,38,2025.10.01,1번째 방문,영수증,,맛있게 먹는 방법도 알려주시고 곱창도 너무 맛있게 잘 먹고 갑니다 ㅎㅎ,,,0,1,맛있게 먹는 방법도 알려주시고 곱창도 너무 맛있게 잘 먹고 갑니다,39,36,0,0,1,0,0,0,0,1,1,0,0,0,0,0,0,0,0,0,2,1,1,0,0,0,0,0,0,0,0,0,0,1,0,1,0,0,0,0,1,1,0,0,0,0,0,0,0
쭌곱창,sh19,58,2025.12.24,1번째 방문,영수증,아웅 진짜 너무 마싯서요,13,True,쭌곱창,normal,sh19,58,2025.12.24,1번째 방문,영수증,,아웅 진짜 너무 마싯서요,,,0,1,아웅 진짜 너무 마싯서요,13,13,0,1,0,0,0,0,0,0,0,0,0,0,0,0,0,0,0,0,0,0,2,0,0,0,0,0,0,0,0,0,0,1,1,1,0,0,0,0,0,0,0,0,0,1,0,0,1
쭌곱창,sto****,54,2025.07.11,1번째 방문,예약,특별한 메뉴가 있고 맛있어요오,16,True,쭌곱창,normal,sto****,54,2025.07.11,1번째 방문,예약,,특별한 메뉴가 있고 맛있어요오,,,0,1,특별한 메뉴가 있고 맛있어요오,16,16,0,1,0,0,0,0,0,0,0,0,0,0,0,0,0,0,0,0,1,1,0,0,0,0,0,0,0,0,0,0,0,1,1,1,0,0,1,0,1,0,0,0,0,1,1,0,1
쭌곱창,eun****,5,2025.12.19,1번째 방문,영수증,아늑한 공간이 분위기 있어요~ 음식도 너무 맛있고 이벤트도 많아서 가성비가 좋아요. 동창 친구들과 즐기기 좋네요?? 잘 먹고 갑니다!,73,True,쭌곱창,normal,eun****,5,2025.12.19,1번째 방문,영수증,,아늑한 공간이 분위기 있어요~ 음식도 너무 맛있고 이벤트도 많아서 가성비가 좋아요. 동창 친구들과 즐기기 좋네요?? 잘 먹고 갑니다!,,,0,1,아늑한 공간이 분위기 있어요 음식도 너무 맛있고 이벤트도 많아서 가성비가 좋아요 동창 친구들과 즐기기 좋네요 잘 먹고 갑니다,74,69,0,0,1,1,0,0,0,0,0,0,2,1,1,1,1,0,0,0,2,1,1,0,1,0,1,1,0,0,0,0,1,0,0,1,0,0,0,0,0,0,1,0,0,0,0,1,0
쭌곱창,HH647,62,2025.11.09,1번째 방문,영수증,메뉴도 다양하고 소주한잔하기에 너무 좋아요~~글고 불맛 가득 곱창이 찐마싯이에요 ㅠㅠ,47,True,쭌곱창,normal,HH647,62,2025.11.09,1번째 방문,영수증,,메뉴도 다양하고 소주한잔하기에 너무 좋아요~~글고 불맛 가득 곱창이 찐마싯이에요 ㅠㅠ,,,0,1,메뉴도 다양하고 소주한잔하기에 너무 좋아요 글고 불맛 가득 곱창이 찐마싯이에요,47,43,0,0,1,0,1,1,0,1,1,0,0,0,0,0,0,0,0,0,1,1,1,0,0,0,0,0,0,0,0,0,0,1,1,1,0,1,0,0,0,0,0,1,0,0,0,0,0
쭌곱창,wkd****,3,2025.11.21,1번째 방문,영수증,매콤쫄깃하고 맛있어요?? 소스 어려가지여서 너무 좋아용 생크림 있는 것까지 진짜 맛잘알 사장님??,52,True,쭌곱창,normal,wkd****,3,2025.11.21,1번째 방문,영수증,,매콤쫄깃하고 맛있어요?? 소스 어려가지여서 너무 좋아용 생크림 있는 것까지 진짜 맛잘알 사장님??,,,0,1,매콤쫄깃하고 맛있어요 소스 어려가지여서 너무 좋아용 생크림 있는 것까지 진짜 맛잘알 사장님,54,50,0,0,1,0,2,1,1,0,0,0,0,0,0,0,0,0,0,0,1,1,2,0,0,0,0,0,1,0,0,0,1,0,0,1,0,0,0,0,0,0,0,0,0,0,0,0,0
쭌곱창,ths****,11,2025.11.07,2번째 방문,영수증,생각보다 양이 많고 분위기가 좋아용,19,True,쭌곱창,normal,ths****,11,2025.11.07,2번째 방문,영수증,,생각보다 양이 많고 분위기가 좋아용,,,0,2,생각보다 양이 많고 분위기가 좋아용,19,19,0,1,0,0,1,1,0,0,0,0,1,1,0,0,0,0,0,0,0,0,0,0,0,0,0,0,0,0,0,0,0,1,0,0,1,0,0,0,0,0,1,0,0,0,0,0,0
쭌곱창,rla****,16,2025.11.14,2번째 방문,영수증,두번째 방문입니다! 맛있어서 또 찾았어요 ㅎㅎ 친구랑 밥먹기 좋고 직원분도 너무 친절해요 맛집 등록합니다!,59,True,쭌곱창,normal,rla****,16,2025.11.14,2번째 방문,영수증,,두번째 방문입니다! 맛있어서 또 찾았어요 ㅎㅎ 친구랑 밥먹기 좋고 직원분도 너무 친절해요 맛집 등록합니다!,,,0,2,두번째 방문입니다 맛있어서 또 찾았어요 친구랑 밥먹기 좋고 직원분도 너무 친절해요 맛집 등록합니다,59,54,0,0,1,0,0,0,0,0,0,0,2,1,1,1,1,0,0,0,2,1,1,0,2,0,0,0,0,0,0,0,0,1,0,0,1,0,0,0,0,0,1,0,0,0,0,0,0
쭌곱창,올라올러,22,2025.06.14,1번째 방문,영수증,헉 넘. 맛있어요… 푸짐하고 !??!??!??!?? 완전 맛집이네요.. 가게 분위기도 엄청 좋아요,54,True,쭌곱창,normal,올라올러,22,2025.06.14,1번째 방문,영수증,,헉 넘. 맛있어요… 푸짐하고 !??!??!??!?? 완전 맛집이네요.. 가게 분위기도 엄청 좋아요,,,0,1,헉 넘 맛있어요 푸짐하고 완전 맛집이네요 가게 분위기도 엄청 좋아요,54,37,0,0,1,0,1,1,0,0,0,0,1,1,0,0,0,0,0,0,4,1,2,0,4,1,0,0,0,0,0,0,0,1,0,1,0,0,0,0,0,0,1,0,0,0,0,0,0
쭌곱창,ㅊㅇㅈ51,129,2025.08.20,1번째 방문,영수증,진짜 맛있어요 또 올래여,13,True,쭌곱창,normal,ㅊㅇㅈ51,129,2025.08.20,1번째 방문,영수증,,진짜 맛있어요 또 올래여,,,0,1,진짜 맛있어요 또 올래여,13,13,0,1,0,0,0,0,0,0,0,0,0,0,0,0,0,0,0,0,1,1,1,0,0,0,0,0,1,0,0,0,0,1,1,1,0,0,1,0,1,0,0,0,0,1,1,0,1
쭌곱창,tkfkd141157,42,2025.05.25,1번째 방문,영수증,새로운 곱창 맛이라서 좋아요 생크림이랑 소스 3개랑 같이 먹으니까 신세계! 주말 6시반이후로는 사람 많아지니까 일찍 오세요!,69,True,쭌곱창,normal,tkfkd141157,42,2025.05.25,1번째 방문,영수증,,새로운 곱창 맛이라서 좋아요 생크림이랑 소스 3개랑 같이 먹으니까 신세계! 주말 6시반이후로는 사람 많아지니까 일찍 오세요!,,,0,1,새로운 곱창 맛이라서 좋아요 생크림이랑 소스 3개랑 같이 먹으니까 신세계 주말 6시반이후로는 사람 많아지니까 일찍 오세요,69,67,0,0,1,1,0,0,0,1,1,0,0,0,0,1,1,1,1,1,1,1,0,0,2,0,0,0,0,0,0,0,0,1,0,1,0,0,0,0,0,0,1,0,0,0,0,0,0
쭌곱창,시상히,269,2025.02.04,1번째 방문,예약,??홍대입구 곱창맛집인 쭌곱창에 다녀왔는데요! 진짜 특별하게 세트로 여러 가지를 즐길 수 있어서 좋았어요?? 세트로 시키면 어묵탕과 계란찜도 같이 나오고 다양한 소스와! 생크림에 파인애플 들어간 게 나오는데! 맵찔이분들은 매운분들은 매울 수 있어서 소스에 찍어서 깻잎에 같이 싸먹으면 진짜 맛있어요! 그리고 어느정도 먹었을때 우동사리 넣고 비벼서 먹고 주먹밥도 같이 찍어먹으면 맛이 배가됩니다!?? 진짜 맛집이니 여러분도 먹으러 가보세요!!,243,True,쭌곱창,normal,시상히,269,2025.02.04,1번째 방문,예약,,??홍대입구 곱창맛집인 쭌곱창에 다녀왔는데요! 진짜 특별하게 세트로 여러 가지를 즐길 수 있어서 좋았어요?? 세트로 시키면 어묵탕과 계란찜도 같이 나오고 다양한 소스와! 생크림에 파인애플 들어간 게 나오는데! 맵찔이분들은 매운분들은 매울 수 있어서 소스에 찍어서 깻잎에 같이 싸먹으면 진짜 맛있어요! 그리고 어느정도 먹었을때 우동사리 넣고 비벼서 먹고 주먹밥도 같이 찍어먹으면 맛이 배가됩니다!?? 진짜 맛집이니 여러분도 먹으러 가보세요!!,,,0,1,홍대입구 곱창맛집인 쭌곱창에 다녀왔는데요 진짜 특별하게 세트로 여러 가지를 즐길 수 있어서 좋았어요 세트로 시키면 어묵탕과 계란찜도 같이 나오고 다양한 소스와 생크림에 파인애플 들어간 게 나오는데 맵찔이분들은 매운분들은 매울 수 있어서 소스에 찍어서 깻잎에 같이 싸먹으면 진짜 맛있어요 그리고 어느정도 먹었을때 우동사리 넣고 비벼서 먹고 주먹밥도 같이 찍어먹으면 맛이 배가됩니다 진짜 맛집이니 여러분도 먹으러 가보세요,246,233,0,0,1,1,2,1,1,2,1,1,0,0,0,0,0,0,0,0,3,1,3,1,7,1,0,0,1,0,0,0,0,1,1,1,0,1,0,0,0,0,0,1,0,0,0,0,0
쭌곱창,jaeryeon,39,2025.05.26,1번째 방문,예약,"처음 와봤는데 아늑하고 친절하시구 너무 좋아요,,! 소스도 다양하구 구성도 알찹니당 홍대 곱창은 여기가 원픽이에여 이제",66,True,쭌곱창,normal,jaeryeon,39,2025.05.26,1번째 방문,예약,,"처음 와봤는데 아늑하고 친절하시구 너무 좋아요,,! 소스도 다양하구 구성도 알찹니당 홍대 곱창은 여기가 원픽이에여 이제",,,0,1,처음 와봤는데 아늑하고 친절하시구 너무 좋아요 소스도 다양하구 구성도 알찹니당 홍대 곱창은 여기가 원픽이에여 이제,66,63,0,0,1,1,1,1,0,1,1,0,1,1,0,0,0,0,0,0,1,1,1,0,1,0,0,0,0,0,0,0,0,1,0,1,0,1,0,0,0,0,1,1,0,0,0,0,0
쭌곱창,빈서유,12,2025.08.18,1번째 방문,영수증,음식이 맛있어요ㅎㅎ,10,True,쭌곱창,normal,빈서유,12,2025.08.18,1번째 방문,영수증,,음식이 맛있어요ㅎㅎ,,,0,1,음식이 맛있어요,10,8,0,1,0,0,0,0,0,0,0,0,0,0,0,0,0,0,0,0,1,1,0,0,0,0,0,0,0,0,0,0,0,1,0,1,0,0,1,0,1,0,0,0,0,1,1,0,1
쭌곱창,28쓖,48,2025.03.24,1번째 방문,영수증,"쭌셋트A+우동사리 추가 맛?????????? 진짜 맛있고! 일반 돼지곱창과는 다른 맛! 달짝지근해서 맵지 않고 불맛도 넣어주셔서 풍성하다. 소스가 다양해 계속 새로운 맛을 볼 수 있음 여러 조합으로 먹어보니 바닥이 보였다 ??세부 구성?? 돼지곱창 위에 소고기가 올라감+사이드 계란 소스: 생크림파인애플,치즈퐁듀, 갈릭, 마요네즈 ??예약 강추?? 퇴근하고 6시에 도착했는데, 손님들이 꽤 있었음 예약하고 가는게 편할 듯 하다 사장님도 친절하심 더 잘 되세요?????",251,True,쭌곱창,normal,28쓖,48,2025.03.24,1번째 방문,영수증,,"쭌셋트A+우동사리 추가 맛?????????? 진짜 맛있고! 일반 돼지곱창과는 다른 맛! 달짝지근해서 맵지 않고 불맛도 넣어주셔서 풍성하다. 소스가 다양해 계속 새로운 맛을 볼 수 있음 여러 조합으로 먹어보니 바닥이 보였다 ??세부 구성?? 돼지곱창 위에 소고기가 올라감+사이드 계란 소스: 생크림파인애플,치즈퐁듀, 갈릭, 마요네즈 ??예약 강추?? 퇴근하고 6시에 도착했는데, 손님들이 꽤 있었음 예약하고 가는게 편할 듯 하다 사장님도 친절하심 더 잘 되세요?????",,,0,1,쭌셋트A 우동사리 추가 맛 진짜 맛있고 일반 돼지곱창과는 다른 맛 달짝지근해서 맵지 않고 불맛도 넣어주셔서 풍성하다 소스가 다양해 계속 새로운 맛을 볼 수 있음 여러 조합으로 먹어보니 바닥이 보였다 세부 구성 돼지곱창 위에 소고기가 올라감 사이드 계란 소스 생크림파인애플 치즈퐁듀 갈릭 마요네즈 예약 강추 퇴근하고 6시에 도착했는데 손님들이 꽤 있었음 예약하고 가는게 편할 듯 하다 사장님도 친절하심 더 잘 되세요,261,231,0,0,1,1,1,1,0,2,1,1,1,1,0,1,1,1,1,1,2,1,1,0,2,0,0,0,1,0,0,0,0,1,0,1,0,1,0,0,0,0,1,1,0,0,0,0,0
쭌곱창,아이스티티빙,18,2026.01.14,1번째 방문,영수증,6명이서 예약하고 갔는데 너무 친절하시고 음식도 짱짱 맛있었어요!!! 담에 또 오고 시퍼요,50,True,쭌곱창,normal,아이스티티빙,18,2026.01.14,1번째 방문,영수증,,6명이서 예약하고 갔는데 너무 친절하시고 음식도 짱짱 맛있었어요!!! 담에 또 오고 시퍼요,,,0,1,6명이서 예약하고 갔는데 너무 친절하시고 음식도 짱짱 맛있었어요 담에 또 오고 시퍼요,50,47,0,0,1,0,0,0,0,0,0,0,1,1,0,0,0,1,1,1,1,1,3,1,3,1,0,0,0,0,0,0,0,1,0,1,0,0,0,0,0,0,1,0,0,0,0,0,0
쭌곱창,시워니맘68,8,2026.01.14,1번째 방문,영수증,맛있어용,4,True,쭌곱창,normal,시워니맘68,8,2026.01.14,1번째 방문,영수증,,맛있어용,,,0,1,맛있어용,4,4,1,1,0,0,0,0,0,0,0,0,0,0,0,0,0,0,0,0,1,1,0,0,0,0,0,0,0,0,0,0,0,0,0,1,0,0,1,1,1,0,0,0,0,1,1,0,1
쭌곱창,이보은45,68,2025.05.24,1번째 방문,영수증,맛있어요!! 밑반찬으로 소스로 3종이 나오는데 찍어먹기 좋아요,34,True,쭌곱창,normal,이보은45,68,2025.05.24,1번째 방문,영수증,,맛있어요!! 밑반찬으로 소스로 3종이 나오는데 찍어먹기 좋아요,,,0,1,맛있어요 밑반찬으로 소스로 3종이 나오는데 찍어먹기 좋아요,34,32,0,0,1,0,0,0,0,0,0,0,0,0,0,0,0,1,0,0,2,1,0,0,2,0,0,0,0,0,0,0,0,1,1,1,0,0,0,0,1,0,0,0,0,0,0,0,0
쭌곱창,Seeya03,28,2025.03.05,1번째 방문,영수증,걸어가다 맛있어 보여서 들어왔는데 사장님 넘 친절하시고 음식도 정말 맛있습니다 ! 곱창 비주얼만큼 소스도 특별한데 꼭 드셔보세요 최고 ㅜㅜ,77,True,쭌곱창,normal,Seeya03,28,2025.03.05,1번째 방문,영수증,,걸어가다 맛있어 보여서 들어왔는데 사장님 넘 친절하시고 음식도 정말 맛있습니다 ! 곱창 비주얼만큼 소스도 특별한데 꼭 드셔보세요 최고 ㅜㅜ,,,0,1,걸어가다 맛있어 보여서 들어왔는데 사장님 넘 친절하시고 음식도 정말 맛있습니다 곱창 비주얼만큼 소스도 특별한데 꼭 드셔보세요 최고,77,72,0,0,1,1,0,0,0,1,1,0,1,1,0,0,0,0,0,0,4,1,0,0,1,0,0,0,0,0,0,0,0,1,0,1,0,0,0,0,0,0,1,0,0,0,0,0,0
쭌곱창,bos****,131,2025.07.26,1번째 방문,영수증,홍대 근처에서 저녁을 먹는데 처음으로 방문한곳 사장님 너무 친절쓰~ 맛도 베리굿 ㅎㅎ 추천할게요~,54,True,쭌곱창,normal,bos****,131,2025.07.26,1번째 방문,영수증,,홍대 근처에서 저녁을 먹는데 처음으로 방문한곳 사장님 너무 친절쓰~ 맛도 베리굿 ㅎㅎ 추천할게요~,,,0,1,홍대 근처에서 저녁을 먹는데 처음으로 방문한곳 사장님 너무 친절쓰 맛도 베리굿 추천할게요,54,49,0,0,1,0,0,0,0,0,0,0,1,1,0,1,1,0,0,0,1,1,1,0,0,0,0,0,0,0,0,0,0,1,1,1,0,0,0,0,0,0,1,0,0,0,0,0,0
쭌곱창,KYS611,66,2026.01.08,1번째 방문,영수증,홍대에서 양념곱창 땡기시면 여기 강추드려요!! 다른 야채곱창 이런거랑은 또 다른 별미입니다! 사장님도 친절하시고 먹는법도 소개해주셔서 맛있게 잘 먹었습니다~~ 특히 저 파인애플생크림이 킥이에요!!,109,True,쭌곱창,normal,KYS611,66,2026.01.08,1번째 방문,영수증,,홍대에서 양념곱창 땡기시면 여기 강추드려요!! 다른 야채곱창 이런거랑은 또 다른 별미입니다! 사장님도 친절하시고 먹는법도 소개해주셔서 맛있게 잘 먹었습니다~~ 특히 저 파인애플생크림이 킥이에요!!,,,0,1,홍대에서 양념곱창 땡기시면 여기 강추드려요 다른 야채곱창 이런거랑은 또 다른 별미입니다 사장님도 친절하시고 먹는법도 소개해주셔서 맛있게 잘 먹었습니다 특히 저 파인애플생크림이 킥이에요,109,102,0,0,1,1,1,1,0,3,1,1,1,1,0,0,0,0,0,0,2,1,0,0,5,1,0,0,0,0,0,0,0,1,1,1,0,1,0,0,0,0,1,1,0,0,0,0,0
쭌곱창,mins****,7,2026.01.04,1번째 방문,영수증,저번에더 왔엇는데 너무너무 가성비도 좋고 맜잇고 기본안주도 잘나오고 맛있어요!!,44,True,쭌곱창,normal,mins****,7,2026.01.04,1번째 방문,영수증,,저번에더 왔엇는데 너무너무 가성비도 좋고 맜잇고 기본안주도 잘나오고 맛있어요!!,,,0,1,저번에더 왔엇는데 너무너무 가성비도 좋고 맜잇고 기본안주도 잘나오고 맛있어요,44,42,0,0,1,0,0,0,0,0,0,0,1,1,0,0,0,0,0,0,1,1,2,0,2,0,0,0,0,0,0,0,0,0,0,1,0,0,0,0,0,0,1,0,0,0,0,0,0
쭌곱창,신성진41,10,2026.01.25,1번째 방문,영수증,곱창이랑 닭발이 너무 맛있었어요! 모든 메뉴가 맛있어요!,31,True,쭌곱창,normal,신성진41,10,2026.01.25,1번째 방문,영수증,,곱창이랑 닭발이 너무 맛있었어요! 모든 메뉴가 맛있어요!,,,0,1,곱창이랑 닭발이 너무 맛있었어요 모든 메뉴가 맛있어요,31,29,0,0,1,0,0,0,0,1,1,0,0,0,0,0,0,0,0,0,2,1,1,0,2,0,0,0,0,0,0,0,0,1,0,1,0,0,0,0,1,1,0,0,0,0,0,0,0
쭌곱창,syshong,30,2025.05.02,1번째 방문,영수증,제 대학생활 시절부터 찐 맛집이에요 10년이 넘게 지난 이 시점에도 너무 맛있고 사장님 오래오래 건강해주세요 저 앞으로도 오래 오고싶어요♡♡♡,79,True,쭌곱창,normal,syshong,30,2025.05.02,1번째 방문,영수증,,제 대학생활 시절부터 찐 맛집이에요 10년이 넘게 지난 이 시점에도 너무 맛있고 사장님 오래오래 건강해주세요 저 앞으로도 오래 오고싶어요♡♡♡,,,0,1,제 대학생활 시절부터 찐 맛집이에요 10년이 넘게 지난 이 시점에도 너무 맛있고 사장님 오래오래 건강해주세요 저 앞으로도 오래 오고싶어요,79,76,0,0,1,1,0,0,0,0,0,0,0,0,0,0,0,1,0,0,3,1,1,0,0,0,0,0,0,0,0,0,0,1,0,1,0,0,0,0,1,0,0,0,0,0,0,0,0
쭌곱창,cyuu****,2,2025.12.09,1번째 방문,예약,굿!!!!!,6,True,쭌곱창,normal,cyuu****,2,2025.12.09,1번째 방문,예약,,굿!!!!!,,,0,1,굿,6,1,1,1,0,0,0,0,0,0,0,0,0,0,0,0,0,0,0,0,0,0,0,0,5,1,0,0,0,0,0,0,1,0,0,1,0,0,0,0,0,0,0,0,0,1,0,0,1
쭌곱창,김범수58,17,2025.06.25,1번째 방문,영수증,음식 양도 많고 맛잇어요!! 강추드립니다!!,24,True,쭌곱창,normal,김범수58,17,2025.06.25,1번째 방문,영수증,,음식 양도 많고 맛잇어요!! 강추드립니다!!,,,0,1,음식 양도 많고 맛잇어요 강추드립니다,24,20,0,1,0,0,1,1,0,0,0,0,0,0,0,0,0,0,0,0,1,1,0,0,4,1,0,0,0,0,0,0,0,1,0,1,0,0,1,0,0,0,0,0,0,0,0,0,0
쭌곱창,기리8820,38,2025.06.07,1번째 방문,영수증,꾸준히 오는 홍대 맛집 곱창집!! 오늘도 잘 먹겠습니다??,31,True,쭌곱창,normal,기리8820,38,2025.06.07,1번째 방문,영수증,,꾸준히 오는 홍대 맛집 곱창집!! 오늘도 잘 먹겠습니다??,,,0,1,꾸준히 오는 홍대 맛집 곱창집 오늘도 잘 먹겠습니다,32,28,0,0,1,0,0,0,0,1,1,0,0,0,0,0,0,0,0,0,1,1,0,0,2,0,0,0,0,0,0,0,0,1,0,1,0,0,0,0,1,1,0,0,0,0,0,0,0
쭌곱창,수깡30,134,2025.08.03,1번째 방문,영수증,정말 맛있어요 잡내도 없고 이주변에서 이가격에 곱창 고트입니다!!!,37,True,쭌곱창,normal,수깡30,134,2025.08.03,1번째 방문,영수증,,정말 맛있어요 잡내도 없고 이주변에서 이가격에 곱창 고트입니다!!!,,,0,1,정말 맛있어요 잡내도 없고 이주변에서 이가격에 곱창 고트입니다,37,34,0,0,1,0,1,1,0,1,1,0,1,1,0,0,0,0,0,0,1,1,0,0,3,1,0,0,0,0,0,0,0,1,1,1,0,1,0,0,0,0,1,1,0,0,0,0,0
쭌곱창,리미비니맘,208,2026.01.15,1번째 방문,영수증,직원분친절하시고직접구워주시고 곱창맛있어요~~^^,26,True,쭌곱창,normal,리미비니맘,208,2026.01.15,1번째 방문,영수증,,직원분친절하시고직접구워주시고 곱창맛있어요~~^^,,,0,1,직원분친절하시고직접구워주시고 곱창맛있어요,26,22,0,1,0,0,0,0,0,1,1,0,2,1,1,0,0,0,0,0,1,1,0,0,0,0,0,0,0,0,0,0,0,1,1,1,0,0,1,0,0,0,1,0,0,0,1,0,0
쭌곱창,산사람777,14,2025.08.10,1번째 방문,영수증,"정말 맛있습니다. 장소도 아늑하고 음식도 푸짐하고 맛나요, 다음에 또 오고싶네요!!????",48,True,쭌곱창,normal,산사람777,14,2025.08.10,1번째 방문,영수증,,"정말 맛있습니다. 장소도 아늑하고 음식도 푸짐하고 맛나요, 다음에 또 오고싶네요!!????",,,0,1,정말 맛있습니다 장소도 아늑하고 음식도 푸짐하고 맛나요 다음에 또 오고싶네요,50,42,0,0,1,0,1,1,0,0,0,0,0,0,0,0,0,0,0,0,1,1,0,0,2,0,0,0,0,0,0,0,0,1,0,1,0,0,0,0,0,0,0,0,0,0,0,0,0
쭌곱창,njhjoss12,3,2025.09.14,1번째 방문,영수증,달달하면서 매콤하고 불향 가득한게 맛있네요! 맵찔이 분들은 계란찜 필수:),41,True,쭌곱창,normal,njhjoss12,3,2025.09.14,1번째 방문,영수증,,달달하면서 매콤하고 불향 가득한게 맛있네요! 맵찔이 분들은 계란찜 필수:),,,0,1,달달하면서 매콤하고 불향 가득한게 맛있네요 맵찔이 분들은 계란찜 필수,41,38,0,0,1,0,1,1,0,0,0,0,0,0,0,0,0,0,0,0,1,1,0,0,1,0,0,0,0,0,0,0,1,0,0,1,0,0,0,0,0,0,0,0,0,0,0,0,0
쭌곱창,phy****,24,2025.04.26,1번째 방문,영수증,C세트 시켰는데 소스도 많고 맛있고 불맛 곱창 닭발 맛 굿굿,33,True,쭌곱창,normal,phy****,24,2025.04.26,1번째 방문,영수증,,C세트 시켰는데 소스도 많고 맛있고 불맛 곱창 닭발 맛 굿굿,,,0,1,C세트 시켰는데 소스도 많고 맛있고 불맛 곱창 닭발 맛 굿굿,33,33,0,0,1,0,0,0,0,1,1,0,0,0,0,0,0,0,0,0,1,1,0,0,0,0,0,0,0,0,0,0,0,1,0,1,0,0,0,0,1,1,0,0,0,0,0,0,0
쭌곱창,열이응,20,2025.07.19,1번째 방문,영수증,"친구 추천으로 방문했습니다. 평소가 대기가 많은 곳이라 걱정했는데 비가와서 그런지 간당간당하게 들어왔어요! 직원분들도 너무 친절하시고, 음식도 너무 맛있습니다. 갈비 곱창 세트를 제일 추천해요! 불쇼도 너무 재밌고, 분위기도 좋아서 행복한 경험이었습니다??",142,True,쭌곱창,normal,열이응,20,2025.07.19,1번째 방문,영수증,,"친구 추천으로 방문했습니다. 평소가 대기가 많은 곳이라 걱정했는데 비가와서 그런지 간당간당하게 들어왔어요! 직원분들도 너무 친절하시고, 음식도 너무 맛있습니다. 갈비 곱창 세트를 제일 추천해요! 불쇼도 너무 재밌고, 분위기도 좋아서 행복한 경험이었습니다??",,,0,1,친구 추천으로 방문했습니다 평소가 대기가 많은 곳이라 걱정했는데 비가와서 그런지 간당간당하게 들어왔어요 직원분들도 너무 친절하시고 음식도 너무 맛있습니다 갈비 곱창 세트를 제일 추천해요 불쇼도 너무 재밌고 분위기도 좋아서 행복한 경험이었습니다,143,135,0,0,1,1,0,0,0,1,1,0,4,1,1,1,1,0,0,0,3,1,3,1,2,0,0,0,0,0,0,0,0,1,0,1,0,0,0,0,0,0,1,0,0,0,0,0,0
쭌곱창,미림맛술,82,2025.09.01,1번째 방문,영수증,홍대에서 이런 맛집 있을 줄 몰랐는데 엄청나네요.... 뭐 먹을지 고민되면 여기 오겠습니다 ㅋㅋㅋㅋ 진짜 맛있어요 ㅋㅋㅋㅋ 감삼다 번창하세요!!,80,True,쭌곱창,normal,미림맛술,82,2025.09.01,1번째 방문,영수증,,홍대에서 이런 맛집 있을 줄 몰랐는데 엄청나네요.... 뭐 먹을지 고민되면 여기 오겠습니다 ㅋㅋㅋㅋ 진짜 맛있어요 ㅋㅋㅋㅋ 감삼다 번창하세요!!,,,0,1,홍대에서 이런 맛집 있을 줄 몰랐는데 엄청나네요 뭐 먹을지 고민되면 여기 오겠습니다 진짜 맛있어요 감삼다 번창하세요,80,64,0,0,1,1,0,0,0,0,0,0,0,0,0,0,0,0,0,0,2,1,2,0,2,0,0,0,1,0,0,0,0,1,1,1,0,0,0,0,1,0,0,0,0,0,0,0,0
쭌곱창,냥냥펀치쭈,164,2026.02.20,1번째 방문,영수증,사장님이 너무 친절하시고 음식이 너무 맛있어요!! 진짜 완전 맛집!! 추천드립니다????,48,True,쭌곱창,normal,냥냥펀치쭈,164,2026.02.20,1번째 방문,영수증,,사장님이 너무 친절하시고 음식이 너무 맛있어요!! 진짜 완전 맛집!! 추천드립니다????,,,0,1,사장님이 너무 친절하시고 음식이 너무 맛있어요 진짜 완전 맛집 추천드립니다,49,41,0,0,1,0,0,0,0,0,0,0,1,1,0,0,0,0,0,0,3,1,4,1,4,1,0,0,1,0,0,0,0,1,1,1,0,0,0,0,0,0,1,0,0,0,0,0,0
쭌곱창,shb****,7,2025.08.29,1번째 방문,영수증,너무 맛있고 양념도 다양해서 조아요 사장님도 너무 친절하세요??,34,True,쭌곱창,normal,shb****,7,2025.08.29,1번째 방문,영수증,,너무 맛있고 양념도 다양해서 조아요 사장님도 너무 친절하세요??,,,0,1,너무 맛있고 양념도 다양해서 조아요 사장님도 너무 친절하세요,35,33,0,0,1,0,2,1,1,0,0,0,1,1,0,0,0,0,0,0,1,1,2,0,0,0,0,0,0,0,0,0,0,0,0,1,0,0,0,0,0,0,1,0,0,0,0,0,0
쭌곱창,너구링딩동구리,18,2025.07.01,1번째 방문,영수증,"친구랑 홍대에 곱창 먹으러왓어요,,ㅎㅎ 금주선언해서 술은 못마셨지만?? 다음엔 소주까러 오겟습니당!!!! 전부터 오고싶어서 저장해둔 장소였는데 드디어 와보게 돼서 넘 조아요~~!",98,True,쭌곱창,normal,너구링딩동구리,18,2025.07.01,1번째 방문,영수증,,"친구랑 홍대에 곱창 먹으러왓어요,,ㅎㅎ 금주선언해서 술은 못마셨지만?? 다음엔 소주까러 오겟습니당!!!! 전부터 오고싶어서 저장해둔 장소였는데 드디어 와보게 돼서 넘 조아요~~!",,,0,1,친구랑 홍대에 곱창 먹으러왓어요 금주선언해서 술은 못마셨지만 다음엔 소주까러 오겟습니당 전부터 오고싶어서 저장해둔 장소였는데 드디어 와보게 돼서 넘 조아요,99,86,0,0,1,1,0,0,0,1,1,0,0,0,0,1,1,0,0,0,1,1,0,0,5,1,0,0,0,0,0,0,0,1,0,1,0,0,0,0,0,0,1,0,0,0,0,0,0
쭌곱창,조구마512,50,2026.02.09,1번째 방문,영수증,맛있어요! 세트 메뉴 가성비 좋아요,19,True,쭌곱창,normal,조구마512,50,2026.02.09,1번째 방문,영수증,,맛있어요! 세트 메뉴 가성비 좋아요,,,0,1,맛있어요 세트 메뉴 가성비 좋아요,19,18,0,1,0,0,0,0,0,0,0,0,1,1,0,0,0,0,0,0,2,1,0,0,1,0,0,0,0,0,0,0,0,1,1,1,0,0,1,0,0,0,1,0,0,0,1,0,0
쭌곱창,kds동선방송,16,2025.12.20,1번째 방문,예약,재방문인데 너무 맛있습니다 ㅎㅎ 지인들이랑 다같이 방문했는데 곱창 갈비 세트가 진짜 맛있어요! 다음에도 방문할 예정입니다~,68,True,쭌곱창,normal,kds동선방송,16,2025.12.20,1번째 방문,예약,,재방문인데 너무 맛있습니다 ㅎㅎ 지인들이랑 다같이 방문했는데 곱창 갈비 세트가 진짜 맛있어요! 다음에도 방문할 예정입니다~,,,0,1,재방문인데 너무 맛있습니다 지인들이랑 다같이 방문했는데 곱창 갈비 세트가 진짜 맛있어요 다음에도 방문할 예정입니다,68,63,0,0,1,1,0,0,0,1,1,0,0,0,0,0,0,0,0,0,2,1,2,0,1,0,0,0,1,1,1,0,0,1,0,1,0,0,0,0,1,1,0,0,0,0,0,0,0
쭌곱창,ilm****,8,2025.09.05,1번째 방문,영수증,곱창 매콤하니 짭짤 달달 맛있어요!! 마요네즈랑 깻잎이랑 같이 먹으면 맛꿀마여~,44,True,쭌곱창,normal,ilm****,8,2025.09.05,1번째 방문,영수증,,곱창 매콤하니 짭짤 달달 맛있어요!! 마요네즈랑 깻잎이랑 같이 먹으면 맛꿀마여~,,,0,1,곱창 매콤하니 짭짤 달달 맛있어요 마요네즈랑 깻잎이랑 같이 먹으면 맛꿀마여,44,41,0,0,1,0,1,1,0,1,1,0,0,0,0,0,0,0,0,0,1,1,0,0,2,0,0,0,0,0,0,0,0,0,0,1,0,1,0,0,0,0,0,1,0,0,0,0,0
쭌곱창,유기민60,5,2025.10.02,1번째 방문,영수증,너무맛있어요!!!,9,True,쭌곱창,normal,유기민60,5,2025.10.02,1번째 방문,영수증,,너무맛있어요!!!,,,0,1,너무맛있어요,9,6,1,1,0,0,0,0,0,0,0,0,0,0,0,0,0,0,0,0,1,1,1,0,3,1,0,0,0,0,0,0,1,0,0,1,0,0,1,1,1,0,0,0,0,1,1,0,1
쭌곱창,폴라리스0706,3116,2025.07.31,1번째 방문,영수증,소스랑 생크림이랑 색다르네요 외국점원이 하는말 잘 못 알아들겠어요 ㅠㅠ 안주부르는 단짠단짠입니다,53,True,쭌곱창,normal,폴라리스0706,3116,2025.07.31,1번째 방문,영수증,,소스랑 생크림이랑 색다르네요 외국점원이 하는말 잘 못 알아들겠어요 ㅠㅠ 안주부르는 단짠단짠입니다,,,0,1,소스랑 생크림이랑 색다르네요 외국점원이 하는말 잘 못 알아들겠어요 안주부르는 단짠단짠입니다,53,50,0,0,1,0,0,0,0,0,0,0,0,0,0,0,0,0,0,0,0,0,0,0,0,0,0,0,0,0,0,0,0,1,1,1,0,0,0,0,0,0,0,0,0,0,0,0,0
쭌곱창,ong****,18,2025.11.15,1번째 방문,영수증,음식 너무 맛있어요~!,12,True,쭌곱창,normal,ong****,18,2025.11.15,1번째 방문,영수증,,음식 너무 맛있어요~!,,,0,1,음식 너무 맛있어요,12,10,0,1,0,0,0,0,0,0,0,0,0,0,0,0,0,0,0,0,1,1,1,0,1,0,0,0,0,0,0,0,0,1,0,1,0,0,1,0,1,0,0,0,0,1,1,0,1
쭌곱창,손상준,20,2025.11.19,1번째 방문,영수증,오랜만에 왔는데 여전히 맛있네요 자주 오겠습니다^^,28,True,쭌곱창,normal,손상준,20,2025.11.19,1번째 방문,영수증,,오랜만에 왔는데 여전히 맛있네요 자주 오겠습니다^^,,,0,1,오랜만에 왔는데 여전히 맛있네요 자주 오겠습니다,28,26,0,1,0,0,0,0,0,0,0,0,0,0,0,0,0,0,0,0,1,1,0,0,0,0,0,0,0,0,0,0,0,1,0,1,0,0,1,0,1,0,0,0,0,1,1,0,1
쭌곱창,ske****,31,2025.12.13,1번째 방문,영수증,연인끼리 곱창먹고싶을때 오면 좋을거같아요!!,24,True,쭌곱창,normal,ske****,31,2025.12.13,1번째 방문,영수증,,연인끼리 곱창먹고싶을때 오면 좋을거같아요!!,,,0,1,연인끼리 곱창먹고싶을때 오면 좋을거같아요,24,22,0,1,0,0,0,0,0,1,1,0,0,0,0,0,0,0,0,0,0,0,0,0,2,0,0,0,0,0,0,0,0,1,0,1,0,0,0,0,0,0,0,0,0,1,0,0,1
쭌곱창,leeyeone12,3,2026.01.26,1번째 방문,영수증,곱창과 갈비를 시켰는데 맛도 좋고 친절하셨어요! 다음에도 재방문 하고 싶어요????,46,True,쭌곱창,normal,leeyeone12,3,2026.01.26,1번째 방문,영수증,,곱창과 갈비를 시켰는데 맛도 좋고 친절하셨어요! 다음에도 재방문 하고 싶어요????,,,0,1,곱창과 갈비를 시켰는데 맛도 좋고 친절하셨어요 다음에도 재방문 하고 싶어요,46,41,0,0,1,0,0,0,0,1,1,0,1,1,0,0,0,0,0,0,0,0,0,0,1,0,0,0,0,1,1,0,1,0,0,1,0,0,0,0,0,0,1,0,0,0,0,0,0
쭌곱창,uu3433,1,2026.01.03,1번째 방문,영수증,양 많고 깔끔해요 저번에 왔는데 맛있어서 또 왔어요&gt;-&lt;!!,39,True,쭌곱창,normal,uu3433,1,2026.01.03,1번째 방문,영수증,,양 많고 깔끔해요 저번에 왔는데 맛있어서 또 왔어요&gt;-&lt;!!,,,0,1,양 많고 깔끔해요 저번에 왔는데 맛있어서 또 왔어요 gt lt,39,34,0,0,1,0,1,1,0,0,0,0,0,0,0,0,0,0,0,0,1,1,0,0,2,0,0,0,0,0,0,1,1,0,0,1,0,0,0,0,0,0,0,0,0,0,0,0,0
쭌곱창,sbw****,27,2025.10.24,1번째 방문,영수증,너무 맛있어요ㅠㅠ! 꼭 번창하세용????,20,True,쭌곱창,normal,sbw****,27,2025.10.24,1번째 방문,영수증,,너무 맛있어요ㅠㅠ! 꼭 번창하세용????,,,0,1,너무 맛있어요 꼭 번창하세용,22,15,0,1,0,0,0,0,0,0,0,0,0,0,0,0,0,0,0,0,1,1,1,0,1,0,0,0,0,0,0,0,0,1,0,1,0,0,1,0,1,0,0,0,0,1,1,0,1
쭌곱창,수퍼 사모안,19,2025.05.30,1번째 방문,영수증,곱창 닭발 맛있었어요! 곱창 양도 많더라구요 잘먹었습니당!!,33,True,쭌곱창,normal,수퍼 사모안,19,2025.05.30,1번째 방문,영수증,,곱창 닭발 맛있었어요! 곱창 양도 많더라구요 잘먹었습니당!!,,,0,1,곱창 닭발 맛있었어요 곱창 양도 많더라구요 잘먹었습니당,33,30,0,0,1,0,1,1,0,2,1,1,0,0,0,0,0,0,0,0,1,1,0,0,3,1,0,0,0,0,0,0,0,1,0,1,0,1,0,0,0,0,0,1,0,0,0,0,0
쭌곱창,hyu****,12,2026.01.23,1번째 방문,영수증,맛있어서 홍대 올 때 자주 오는 집입니당 오늘도 친구를 데려왔어요 잡내 안나고 항상 맛있음 ??,52,True,쭌곱창,normal,hyu****,12,2026.01.23,1번째 방문,영수증,,맛있어서 홍대 올 때 자주 오는 집입니당 오늘도 친구를 데려왔어요 잡내 안나고 항상 맛있음 ??,,,0,1,맛있어서 홍대 올 때 자주 오는 집입니당 오늘도 친구를 데려왔어요 잡내 안나고 항상 맛있음,53,50,0,0,1,0,1,1,0,0,0,0,0,0,0,1,1,0,0,0,2,1,0,0,0,0,0,0,0,0,0,0,0,1,0,1,0,0,0,0,0,0,1,0,0,0,0,0,0
쭌곱창,승민8143,6,2025.11.22,1번째 방문,영수증,여자친구랑 먹으러왔는데 너무 맛있고 가게 분위기가 좋은거같아요,34,True,쭌곱창,normal,승민8143,6,2025.11.22,1번째 방문,영수증,,여자친구랑 먹으러왔는데 너무 맛있고 가게 분위기가 좋은거같아요,,,0,1,여자친구랑 먹으러왔는데 너무 맛있고 가게 분위기가 좋은거같아요,34,34,0,0,1,0,0,0,0,0,0,0,1,1,0,1,1,0,0,0,1,1,1,0,0,0,0,0,0,0,0,0,0,0,0,1,0,0,0,0,0,0,1,0,0,0,0,0,0
쭌곱창,심홍석87,8,2025.10.16,1번째 방문,영수증,쭌곱창 여자친구랑 다녀왔는데 진짜 너무 맛있어요!! 세트로 시켰는데 딱 적당하게 자극적이고 양도 딱 맞았어요!! 무엇보다 곱창에서 냄새가 하나도 안나서 너무 좋았습니다..??홍대 오면 다시 꼭 방문하고 싶을 정도로 맛있었습니다!!!,128,True,쭌곱창,normal,심홍석87,8,2025.10.16,1번째 방문,영수증,,쭌곱창 여자친구랑 다녀왔는데 진짜 너무 맛있어요!! 세트로 시켰는데 딱 적당하게 자극적이고 양도 딱 맞았어요!! 무엇보다 곱창에서 냄새가 하나도 안나서 너무 좋았습니다..??홍대 오면 다시 꼭 방문하고 싶을 정도로 맛있었습니다!!!,,,0,1,쭌곱창 여자친구랑 다녀왔는데 진짜 너무 맛있어요 세트로 시켰는데 딱 적당하게 자극적이고 양도 딱 맞았어요 무엇보다 곱창에서 냄새가 하나도 안나서 너무 좋았습니다 홍대 오면 다시 꼭 방문하고 싶을 정도로 맛있었습니다,129,119,0,0,1,1,1,1,0,2,1,1,0,0,0,1,1,0,0,0,2,1,3,1,7,1,0,0,1,0,0,0,0,0,0,1,0,1,0,0,0,0,1,1,0,0,0,0,0
쭌곱창,찐제리,2093,2025.10.12,1번째 방문,영수증,맛있어요. 강추,8,True,쭌곱창,normal,찐제리,2093,2025.10.12,1번째 방문,영수증,,맛있어요. 강추,,,0,1,맛있어요 강추,8,7,1,1,0,0,0,0,0,0,0,0,0,0,0,0,0,0,0,0,2,1,0,0,0,0,0,0,0,0,0,0,0,1,1,1,0,0,1,1,1,0,0,0,0,1,1,0,1
쭌곱창,als****,4,2025.07.15,1번째 방문,영수증,곱창찐맛탱집입니다 강력추천,14,True,쭌곱창,normal,als****,4,2025.07.15,1번째 방문,영수증,,곱창찐맛탱집입니다 강력추천,,,0,1,곱창찐맛탱집입니다 강력추천,14,14,0,1,0,0,0,0,0,1,1,0,0,0,0,0,0,0,0,0,1,1,0,0,0,0,0,0,0,0,0,0,1,0,0,1,0,0,1,0,1,1,0,0,0,1,1,0,1
쭌곱창,jia****,21,2025.12.14,1번째 방문,영수증,처음보는 곱창집이고 메뉴가 엄청 신기해요! 맛도 너무 있고 제가 먹어본 곱창집중에서 1등입니다,52,True,쭌곱창,normal,jia****,21,2025.12.14,1번째 방문,영수증,,처음보는 곱창집이고 메뉴가 엄청 신기해요! 맛도 너무 있고 제가 먹어본 곱창집중에서 1등입니다,,,0,1,처음보는 곱창집이고 메뉴가 엄청 신기해요 맛도 너무 있고 제가 먹어본 곱창집중에서 1등입니다,52,51,0,0,1,0,0,0,0,2,1,1,0,0,0,0,0,1,0,0,0,0,2,0,1,0,0,0,0,0,0,0,0,1,0,1,0,0,0,0,0,0,0,0,0,0,0,0,0
쭌곱창,exo****,19,2025.08.17,1번째 방문,영수증,곱창이 엄청 맛있고 가격도 합리적이고 사장님이 친절하세요!! 다음에 또 방문할 것 같아요,49,True,쭌곱창,normal,exo****,19,2025.08.17,1번째 방문,영수증,,곱창이 엄청 맛있고 가격도 합리적이고 사장님이 친절하세요!! 다음에 또 방문할 것 같아요,,,0,1,곱창이 엄청 맛있고 가격도 합리적이고 사장님이 친절하세요 다음에 또 방문할 것 같아요,49,47,0,0,1,0,0,0,0,1,1,0,2,1,1,0,0,0,0,0,1,1,1,0,2,0,0,0,0,1,1,0,0,1,0,1,0,0,0,0,0,0,1,0,0,0,0,0,0
쭌곱창,Isaac w,12,2025.12.20,1번째 방문,영수증,불맛도 좋고 가게도 친구랑 오기에 너무 좋았습니다. 감사합니다.,35,True,쭌곱창,normal,Isaac w,12,2025.12.20,1번째 방문,영수증,,불맛도 좋고 가게도 친구랑 오기에 너무 좋았습니다. 감사합니다.,,,0,1,불맛도 좋고 가게도 친구랑 오기에 너무 좋았습니다 감사합니다,35,33,0,0,1,0,0,0,0,0,0,0,0,0,0,1,1,0,0,0,0,0,1,0,0,0,0,0,0,0,0,0,0,1,0,1,0,0,0,0,0,0,1,0,0,0,0,0,0
쭌곱창,빛까리,84,2025.11.28,2번째 방문,영수증,쭌곱창 홍대에서 제일맛있어요 ??,17,True,쭌곱창,normal,빛까리,84,2025.11.28,2번째 방문,영수증,,쭌곱창 홍대에서 제일맛있어요 ??,,,0,2,쭌곱창 홍대에서 제일맛있어요,18,15,0,1,0,0,0,0,0,1,1,0,0,0,0,0,0,0,0,0,1,1,0,0,0,0,0,0,0,0,0,0,0,1,1,0,1,0,1,0,1,1,0,0,0,1,1,0,0
쭌곱창,wnd****,9,2025.05.13,1번째 방문,영수증,특별한 메뉴가 있어요 !!!!! 생크림에 찍어먹는 곱창 처음 먹어봐요.. 너무 맛있고 세트 구성도 좋고 소스도 종류가 다양해요 아늑하고 접근성도 좋아요??,85,True,쭌곱창,normal,wnd****,9,2025.05.13,1번째 방문,영수증,,특별한 메뉴가 있어요 !!!!! 생크림에 찍어먹는 곱창 처음 먹어봐요.. 너무 맛있고 세트 구성도 좋고 소스도 종류가 다양해요 아늑하고 접근성도 좋아요??,,,0,1,특별한 메뉴가 있어요 생크림에 찍어먹는 곱창 처음 먹어봐요 너무 맛있고 세트 구성도 좋고 소스도 종류가 다양해요 아늑하고 접근성도 좋아요,86,76,0,0,1,1,1,1,0,1,1,0,0,0,0,0,0,0,0,0,2,1,1,0,5,1,0,0,0,0,0,0,0,0,0,1,0,1,0,0,0,0,0,1,0,0,0,0,0
쭌곱창,bin****,23,2026.02.05,1번째 방문,영수증,여기 처음와보눈데 너무너무 맛있어요 또올듯!!,25,True,쭌곱창,normal,bin****,23,2026.02.05,1번째 방문,영수증,,여기 처음와보눈데 너무너무 맛있어요 또올듯!!,,,0,1,여기 처음와보눈데 너무너무 맛있어요 또올듯,25,23,0,1,0,0,0,0,0,0,0,0,0,0,0,0,0,0,0,0,1,1,2,0,2,0,0,0,0,0,0,0,0,1,0,1,0,0,1,0,1,0,0,0,0,1,1,0,1
쭌곱창,cys2006,5,2026.03.10,1번째 방문,영수증,항상 오는 맛집이에용 맛있습미다!!,19,True,쭌곱창,normal,cys2006,5,2026.03.10,1번째 방문,영수증,,항상 오는 맛집이에용 맛있습미다!!,,,0,1,항상 오는 맛집이에용 맛있습미다,19,17,0,1,0,0,0,0,0,0,0,0,0,0,0,0,0,0,0,0,2,1,0,0,2,0,0,0,0,0,0,0,1,0,0,1,0,0,1,0,1,0,0,0,0,1,1,0,1
쭌곱창,신연우93,14,2025.06.12,1번째 방문,영수증,갈비 양념도 맵지 않고 너무 맛있고 육회도 넘넘 맛있네요!! 다음에도 기회가 된다면 또 방문하고 싶습니다!,59,True,쭌곱창,normal,신연우93,14,2025.06.12,1번째 방문,영수증,,갈비 양념도 맵지 않고 너무 맛있고 육회도 넘넘 맛있네요!! 다음에도 기회가 된다면 또 방문하고 싶습니다!,,,0,1,갈비 양념도 맵지 않고 너무 맛있고 육회도 넘넘 맛있네요 다음에도 기회가 된다면 또 방문하고 싶습니다,59,56,0,0,1,0,1,1,0,0,0,0,0,0,0,0,0,0,0,0,4,1,1,0,3,1,0,0,0,1,1,0,0,1,0,1,0,0,0,0,0,0,0,0,0,0,0,0,0
쭌곱창,정민7357,30,2025.08.29,1번째 방문,영수증,곱창 별로 안 좋아하는데 여기 양념곱창은 진짜 맛있어요 !! 세트로 시켰는데 가성비 갑이에요 !! 구성도 완전 알차고 너무너무 맛있어요 !!,78,True,쭌곱창,normal,정민7357,30,2025.08.29,1번째 방문,영수증,,곱창 별로 안 좋아하는데 여기 양념곱창은 진짜 맛있어요 !! 세트로 시켰는데 가성비 갑이에요 !! 구성도 완전 알차고 너무너무 맛있어요 !!,,,0,1,곱창 별로 안 좋아하는데 여기 양념곱창은 진짜 맛있어요 세트로 시켰는데 가성비 갑이에요 구성도 완전 알차고 너무너무 맛있어요,78,69,0,0,1,1,1,1,0,2,1,1,1,1,0,0,0,0,0,0,2,1,4,1,6,1,0,0,1,0,0,0,0,1,0,1,0,1,0,0,0,0,1,1,0,0,0,0,0
쭌곱창,12q****,6,2026.02.05,1번째 방문,영수증,넘무맛싯당ㅋ,6,True,쭌곱창,normal,12q****,6,2026.02.05,1번째 방문,영수증,,넘무맛싯당ㅋ,,,0,1,넘무맛싯당,6,5,1,1,0,0,0,0,0,0,0,0,0,0,0,0,0,0,0,0,1,1,0,0,0,0,0,0,0,0,0,0,0,0,0,1,0,0,1,1,1,0,0,0,0,1,1,0,1
쭌곱창,223,15,2025.10.03,1번째 방문,영수증,홍대 숨은 맛집을 찾으신다면 여기!!!!!,23,True,쭌곱창,normal,223,15,2025.10.03,1번째 방문,영수증,,홍대 숨은 맛집을 찾으신다면 여기!!!!!,,,0,1,홍대 숨은 맛집을 찾으신다면 여기,23,18,0,1,0,0,0,0,0,0,0,0,0,0,0,0,0,0,0,0,1,1,0,0,5,1,0,0,0,0,0,0,0,1,0,1,0,0,1,0,1,0,0,0,0,1,1,0,1
쭌곱창,무파마8774,129,2025.11.01,1번째 방문,영수증,이렇게 불러서 어 앞에서 바로 고기를 불태워 주셨는데 흥미로운 경험이었어요. 생크림 파인애플을 쌈 안에 넣어서 먹으라고 말씀 주셨는데 생각보다 맛있어서 만족스럽습니다!!,94,True,쭌곱창,normal,무파마8774,129,2025.11.01,1번째 방문,영수증,,이렇게 불러서 어 앞에서 바로 고기를 불태워 주셨는데 흥미로운 경험이었어요. 생크림 파인애플을 쌈 안에 넣어서 먹으라고 말씀 주셨는데 생각보다 맛있어서 만족스럽습니다!!,,,0,1,이렇게 불러서 어 앞에서 바로 고기를 불태워 주셨는데 흥미로운 경험이었어요 생크림 파인애플을 쌈 안에 넣어서 먹으라고 말씀 주셨는데 생각보다 맛있어서 만족스럽습니다,94,91,0,0,1,1,0,0,0,0,0,0,0,0,0,0,0,0,0,0,1,1,0,0,2,0,0,0,0,0,0,0,0,1,1,1,0,0,0,0,1,0,0,0,0,0,0,0,0
쭌곱창,ㅇ61,27,2025.05.24,1번째 방문,영수증,지나가다가 봤는데 사람도 많고 분위기 좋아보여서 바로 들어왔습니다! 메뉴 구성도 좋아서 완전 강추에요! 진짜 존맛입니다ㅠㅠ 나중에 홍대 오면 또 들릴거에요,86,True,쭌곱창,normal,ㅇ61,27,2025.05.24,1번째 방문,영수증,,지나가다가 봤는데 사람도 많고 분위기 좋아보여서 바로 들어왔습니다! 메뉴 구성도 좋아서 완전 강추에요! 진짜 존맛입니다ㅠㅠ 나중에 홍대 오면 또 들릴거에요,,,0,1,지나가다가 봤는데 사람도 많고 분위기 좋아보여서 바로 들어왔습니다 메뉴 구성도 좋아서 완전 강추에요 진짜 존맛입니다 나중에 홍대 오면 또 들릴거에요,86,82,0,0,1,1,0,0,0,0,0,0,1,1,0,0,0,0,0,0,1,1,3,1,2,0,0,0,1,0,0,0,0,1,0,1,0,0,0,0,0,0,1,0,0,0,0,0,0
쭌곱창,이성우님,2,2025.08.03,1번째 방문,영수증,너무 맛있게 잘 먹고 갑니다!??,17,True,쭌곱창,normal,이성우님,2,2025.08.03,1번째 방문,영수증,,너무 맛있게 잘 먹고 갑니다!??,,,0,1,너무 맛있게 잘 먹고 갑니다,18,15,0,1,0,0,0,0,0,0,0,0,0,0,0,0,0,0,0,0,1,1,1,0,1,0,0,0,0,0,0,0,1,0,0,1,0,0,1,0,1,0,0,0,0,1,1,0,1
쭌곱창,kmk7429,5,2025.09.19,1번째 방문,영수증,너무 친절하시고 양도 많고 너무 맛있어용,22,True,쭌곱창,normal,kmk7429,5,2025.09.19,1번째 방문,영수증,,너무 친절하시고 양도 많고 너무 맛있어용,,,0,1,너무 친절하시고 양도 많고 너무 맛있어용,22,22,0,1,0,0,1,1,0,0,0,0,1,1,0,0,0,0,0,0,1,1,2,0,0,0,0,0,0,0,0,0,1,0,0,1,0,0,1,0,0,0,1,0,0,0,0,0,0
쭌곱창,에반70,22,2025.07.17,1번째 방문,영수증,"매콤하고 달달한 곱창이 1인분에 12,000원. 무겁지 않게 적당한 양에 젊은층 취향에 딱 맞는 특이한 맛이다. 달달한 양념에 밥 볶아 먹으니 맛있다. 굿굿!",88,True,쭌곱창,normal,에반70,22,2025.07.17,1번째 방문,영수증,,"매콤하고 달달한 곱창이 1인분에 12,000원. 무겁지 않게 적당한 양에 젊은층 취향에 딱 맞는 특이한 맛이다. 달달한 양념에 밥 볶아 먹으니 맛있다. 굿굿!",,,0,1,매콤하고 달달한 곱창이 1인분에 12 000원 무겁지 않게 적당한 양에 젊은층 취향에 딱 맞는 특이한 맛이다 달달한 양념에 밥 볶아 먹으니 맛있다 굿굿,88,84,0,0,1,1,3,1,1,1,1,0,0,0,0,0,0,1,2,1,1,1,0,0,1,0,0,0,0,0,0,0,0,1,0,1,0,1,0,0,0,0,1,1,0,0,0,0,0
쭌곱창,화사지,3,2026.02.13,1번째 방문,영수증,친구들끼리 밥먹으러 왔는데 진짜 너무 맛있네요 다음에 또 와야될거같아요 ㅎㅎ,42,True,쭌곱창,normal,화사지,3,2026.02.13,1번째 방문,영수증,,친구들끼리 밥먹으러 왔는데 진짜 너무 맛있네요 다음에 또 와야될거같아요 ㅎㅎ,,,0,1,친구들끼리 밥먹으러 왔는데 진짜 너무 맛있네요 다음에 또 와야될거같아요,42,39,0,0,1,0,0,0,0,0,0,0,0,0,0,1,1,0,0,0,1,1,2,0,0,0,0,0,1,0,0,0,1,0,0,1,0,0,0,0,0,0,1,0,0,0,0,0,0
쭌곱창,cks****,4,2025.06.19,1번째 방문,영수증,너무 맛있어요~~~,10,True,쭌곱창,normal,cks****,4,2025.06.19,1번째 방문,영수증,,너무 맛있어요~~~,,,0,1,너무 맛있어요,10,7,0,1,0,0,0,0,0,0,0,0,0,0,0,0,0,0,0,0,1,1,1,0,0,0,0,0,0,0,0,0,1,0,0,1,0,0,1,0,1,0,0,0,0,1,1,0,1
쭌곱창,Jeichsv42,32,2025.07.25,1번째 방문,영수증,맛있어요 자주오는데 오늘 일찍오니 사람도 없아서 좋네오~,31,True,쭌곱창,normal,Jeichsv42,32,2025.07.25,1번째 방문,영수증,,맛있어요 자주오는데 오늘 일찍오니 사람도 없아서 좋네오~,,,0,1,맛있어요 자주오는데 오늘 일찍오니 사람도 없아서 좋네오,31,30,0,0,1,0,0,0,0,0,0,0,0,0,0,0,0,0,0,0,1,1,0,0,0,0,0,0,0,0,0,0,0,1,0,1,0,0,0,0,1,0,0,0,0,0,0,0,0
쭌곱창,다다먹을테야,8,2025.12.06,1번째 방문,예약,넘넘 맛있어서 또 왔어요!!!~~오늘도 맛있게 잘먹었습니다!!,34,True,쭌곱창,normal,다다먹을테야,8,2025.12.06,1번째 방문,예약,,넘넘 맛있어서 또 왔어요!!!~~오늘도 맛있게 잘먹었습니다!!,,,0,1,넘넘 맛있어서 또 왔어요 오늘도 맛있게 잘먹었습니다,34,28,0,0,1,0,0,0,0,0,0,0,0,0,0,0,0,0,0,0,4,1,0,0,5,1,0,0,0,0,0,0,0,0,0,1,0,0,0,0,1,0,0,0,0,0,0,0,0
쭌곱창,cha****,18,2025.05.29,1번째 방문,영수증,"양도 많고 맛있어요! 눈꽃치즈 계란찜도 진짜진짜 마싯어요,, 많이 시켰는데 가성비로 곱창 먹을 수 있었습니당 체고,, 알바생도 친절하세요",76,True,쭌곱창,normal,cha****,18,2025.05.29,1번째 방문,영수증,,"양도 많고 맛있어요! 눈꽃치즈 계란찜도 진짜진짜 마싯어요,, 많이 시켰는데 가성비로 곱창 먹을 수 있었습니당 체고,, 알바생도 친절하세요",,,0,1,양도 많고 맛있어요 눈꽃치즈 계란찜도 진짜진짜 마싯어요 많이 시켰는데 가성비로 곱창 먹을 수 있었습니당 체고 알바생도 친절하세요,76,71,0,0,1,1,1,1,0,1,1,0,2,1,1,0,0,0,0,0,1,1,2,0,1,0,0,0,1,0,0,0,0,1,0,1,0,1,0,0,0,0,1,1,0,0,0,0,0
쭌곱창,류희수84,25,2026.03.19,1번째 방문,영수증,자주 오는 홍대 맛집입니다! 곱창이랑 갈비도 맛있는데 닭발이 제일 맛있습니다!! 깻잎이랑 무랑 싸 먹으면 더 맛있습니다 친절하게 잘 구워주셔서 좋아요. 다음에 또 올게요!,95,True,쭌곱창,normal,류희수84,25,2026.03.19,1번째 방문,영수증,,자주 오는 홍대 맛집입니다! 곱창이랑 갈비도 맛있는데 닭발이 제일 맛있습니다!! 깻잎이랑 무랑 싸 먹으면 더 맛있습니다 친절하게 잘 구워주셔서 좋아요. 다음에 또 올게요!,,,0,1,자주 오는 홍대 맛집입니다 곱창이랑 갈비도 맛있는데 닭발이 제일 맛있습니다 깻잎이랑 무랑 싸 먹으면 더 맛있습니다 친절하게 잘 구워주셔서 좋아요 다음에 또 올게요,95,90,0,0,1,1,0,0,0,1,1,0,1,1,0,0,0,0,0,0,5,1,0,0,4,1,0,0,0,1,1,0,0,1,0,1,0,0,0,0,0,0,1,0,0,0,0,0,0
쭌곱창,soms0m,11,2026.03.06,2번째 방문,영수증,개강해서 슬픈마음 달래러 왔어요 개강우울증에 탁월한 메뉴 입니다 학식으로 팔았으면 하는 마음..ㅠㅠ,55,True,쭌곱창,normal,soms0m,11,2026.03.06,2번째 방문,영수증,,개강해서 슬픈마음 달래러 왔어요 개강우울증에 탁월한 메뉴 입니다 학식으로 팔았으면 하는 마음..ㅠㅠ,,,0,2,개강해서 슬픈마음 달래러 왔어요 개강우울증에 탁월한 메뉴 입니다 학식으로 팔았으면 하는 마음,55,51,0,0,1,0,0,0,0,0,0,0,0,0,0,0,0,0,0,0,0,0,0,0,0,0,0,0,0,0,0,0,0,1,0,0,1,0,0,0,0,0,0,0,0,0,0,0,0
쭌곱창,bye****,1280,2025.04.21,1번째 방문,영수증,양념곱창 저렴한 가격에 먹기 좋아요. 매장이 작고 아늑하여 2차로도 가기 괜찮은거 같아요.,50,True,쭌곱창,normal,bye****,1280,2025.04.21,1번째 방문,영수증,,양념곱창 저렴한 가격에 먹기 좋아요. 매장이 작고 아늑하여 2차로도 가기 괜찮은거 같아요.,,,0,1,양념곱창 저렴한 가격에 먹기 좋아요 매장이 작고 아늑하여 2차로도 가기 괜찮은거 같아요,50,48,0,0,1,0,1,1,0,1,1,0,2,1,1,1,1,1,1,1,1,1,0,0,0,0,0,0,0,0,0,0,0,1,1,1,0,1,0,0,0,0,1,1,0,0,0,0,0
쭌곱창,dldbsrl68,21,2025.07.08,1번째 방문,영수증,곱창+갈비 야무지게 먹고 갑니다요 주먹밥도 맛있네여??,29,True,쭌곱창,normal,dldbsrl68,21,2025.07.08,1번째 방문,영수증,,곱창+갈비 야무지게 먹고 갑니다요 주먹밥도 맛있네여??,,,0,1,곱창 갈비 야무지게 먹고 갑니다요 주먹밥도 맛있네여,30,28,0,0,1,0,0,0,0,1,1,0,0,0,0,0,0,0,0,0,1,1,0,0,0,0,0,0,0,0,0,0,0,1,0,1,0,0,0,0,1,1,0,0,0,0,0,0,0
쭌곱창,보들선생27,133,2026.01.30,1번째 방문,예약,양념도 적당하고 너무 맛있어요!!,18,True,쭌곱창,normal,보들선생27,133,2026.01.30,1번째 방문,예약,,양념도 적당하고 너무 맛있어요!!,,,0,1,양념도 적당하고 너무 맛있어요,18,16,0,1,0,0,1,1,0,0,0,0,0,0,0,0,0,0,0,0,1,1,1,0,2,0,0,0,0,0,0,0,0,1,1,1,0,0,1,0,0,0,0,0,0,0,0,0,0
쭌곱창,shi****,15,2025.08.12,1번째 방문,영수증,숨은맛집이에여 맛있어용 고기랑 곱창 같이들어있어서 좋은거같애용 다음에또 방문해야게써요 ㅎ,49,True,쭌곱창,normal,shi****,15,2025.08.12,1번째 방문,영수증,,숨은맛집이에여 맛있어용 고기랑 곱창 같이들어있어서 좋은거같애용 다음에또 방문해야게써요 ㅎ,,,0,1,숨은맛집이에여 맛있어용 고기랑 곱창 같이들어있어서 좋은거같애용 다음에또 방문해야게써요,49,47,0,0,1,0,0,0,0,1,1,0,0,0,0,0,0,0,0,0,2,1,0,0,0,0,0,0,0,1,1,0,0,1,0,1,0,0,0,0,1,1,0,0,0,0,0,0,0
쭌곱창,sun****,2,2026.04.04,1번째 방문,영수증,오래전에 왔는데 여전히 같은 맛 유지해주셔서 감사합니다 맛있어요~^^,38,True,쭌곱창,normal,sun****,2,2026.04.04,1번째 방문,영수증,,오래전에 왔는데 여전히 같은 맛 유지해주셔서 감사합니다 맛있어요~^^,,,0,1,오래전에 왔는데 여전히 같은 맛 유지해주셔서 감사합니다 맛있어요,38,35,0,0,1,0,0,0,0,0,0,0,0,0,0,0,0,0,0,0,1,1,0,0,0,0,0,0,0,0,0,0,1,0,0,1,0,0,0,0,1,0,0,0,0,0,0,0,0
쭌곱창,지미느,33,2026.03.07,1번째 방문,영수증,양도많거 너무 맛있어요…. 생각보다 더 맛있어서 놀랐어용ㅠㅠ 닭발 진쨔 맛있구 곱창도대박 또오겠숩니댜아앙,58,True,쭌곱창,normal,지미느,33,2026.03.07,1번째 방문,영수증,,양도많거 너무 맛있어요…. 생각보다 더 맛있어서 놀랐어용ㅠㅠ 닭발 진쨔 맛있구 곱창도대박 또오겠숩니댜아앙,,,0,1,양도많거 너무 맛있어요 생각보다 더 맛있어서 놀랐어용 닭발 진쨔 맛있구 곱창도대박 또오겠숩니댜아앙,58,54,0,0,1,0,1,1,0,1,1,0,0,0,0,0,0,0,0,0,3,1,2,0,0,0,0,0,0,0,0,0,0,1,0,1,0,1,0,0,0,0,0,1,0,0,0,0,0
쭌곱창,jeo****,41,2025.12.19,1번째 방문,예약,음식이 너무 맛있어요!! 직원분들도 착하시고 맛있게 잘 먹구 가구 재방문의사 있어요!!,48,True,쭌곱창,normal,jeo****,41,2025.12.19,1번째 방문,예약,,음식이 너무 맛있어요!! 직원분들도 착하시고 맛있게 잘 먹구 가구 재방문의사 있어요!!,,,0,1,음식이 너무 맛있어요 직원분들도 착하시고 맛있게 잘 먹구 가구 재방문의사 있어요,48,44,0,0,1,0,0,0,0,0,0,0,1,1,0,0,0,0,0,0,2,1,1,0,4,1,0,0,0,1,1,0,0,1,0,1,0,0,0,0,0,0,1,0,0,0,0,0,0
쭌곱창,파스타반죽,5,2026.03.11,1번째 방문,예약,곱창도 고기도 육회도 최고^^ 소스랑도 넘 잘어울려요!!????????,35,True,쭌곱창,normal,파스타반죽,5,2026.03.11,1번째 방문,예약,,곱창도 고기도 육회도 최고^^ 소스랑도 넘 잘어울려요!!????????,,,0,1,곱창도 고기도 육회도 최고 소스랑도 넘 잘어울려요,39,27,0,0,1,0,0,0,0,1,1,0,0,0,0,0,0,0,0,0,2,1,0,0,2,0,0,0,0,0,0,0,1,0,0,1,0,0,0,0,1,1,0,0,0,0,0,0,0
쭌곱창,kan****,27,2025.11.09,1번째 방문,영수증,약간 지코바같고 맛있어요,13,True,쭌곱창,normal,kan****,27,2025.11.09,1번째 방문,영수증,,약간 지코바같고 맛있어요,,,0,1,약간 지코바같고 맛있어요,13,13,0,1,0,0,0,0,0,0,0,0,0,0,0,0,0,0,0,0,1,1,0,0,0,0,0,0,0,0,0,0,0,1,0,1,0,0,1,0,1,0,0,0,0,1,1,0,1
쭌곱창,ohd****,2,2026.01.31,1번째 방문,영수증,조리해서 나오고 직접 불쇼도 해주십니다 처음 이렇게 먹어보라고 쌈도 싸주시는데 맛있었어요ㅋㅋㅋ 파인애플 생크림에 먹는 맛도 새롭네요,73,True,쭌곱창,normal,ohd****,2,2026.01.31,1번째 방문,영수증,,조리해서 나오고 직접 불쇼도 해주십니다 처음 이렇게 먹어보라고 쌈도 싸주시는데 맛있었어요ㅋㅋㅋ 파인애플 생크림에 먹는 맛도 새롭네요,,,0,1,조리해서 나오고 직접 불쇼도 해주십니다 처음 이렇게 먹어보라고 쌈도 싸주시는데 맛있었어요 파인애플 생크림에 먹는 맛도 새롭네요,73,70,0,0,1,1,1,1,0,0,0,0,0,0,0,0,0,0,0,0,1,1,0,0,0,0,0,0,0,0,0,0,1,0,0,1,0,0,0,0,0,0,0,0,0,0,0,0,0
쭌곱창,하이8627,8,2025.12.11,1번째 방문,영수증,생크림 파인애플이랑 같이 먹는 것도 너무 신선하고 너무 맛있아요!!! 담에 또 오겠습니다??,51,True,쭌곱창,normal,하이8627,8,2025.12.11,1번째 방문,영수증,,생크림 파인애플이랑 같이 먹는 것도 너무 신선하고 너무 맛있아요!!! 담에 또 오겠습니다??,,,0,1,생크림 파인애플이랑 같이 먹는 것도 너무 신선하고 너무 맛있아요 담에 또 오겠습니다,51,46,0,0,1,0,0,0,0,0,0,0,0,0,0,0,0,0,0,0,1,1,2,0,3,1,0,0,0,0,0,0,0,0,0,1,0,0,0,0,1,0,0,0,0,0,0,0,0
쭌곱창,sohappy7,19,2025.12.13,1번째 방문,영수증,사장님이 알려주신 레시피로 먹었더니 맛이 더 Up!!!! 또 방문 예정이에요~~ 세트B 추천입니다!!????,59,True,쭌곱창,normal,sohappy7,19,2025.12.13,1번째 방문,영수증,,사장님이 알려주신 레시피로 먹었더니 맛이 더 Up!!!! 또 방문 예정이에요~~ 세트B 추천입니다!!????,,,0,1,사장님이 알려주신 레시피로 먹었더니 맛이 더 Up 또 방문 예정이에요 세트B 추천입니다,60,48,0,0,1,1,0,0,0,0,0,0,0,0,0,0,0,0,0,0,1,1,0,0,6,1,0,0,0,1,1,0,0,1,0,1,0,0,0,0,1,0,0,0,0,0,0,0,0
