platform,store_name,account_id,account_review_count,visit_date,visit_count,verification_method,review_text,review_length,has_photo,rating,account_avg_rating,reviewer_level,review_original,review_sentiment,has_emo_pos,has_emo_neg,has_laugh,has_cry,has_exclamation,has_question,has_number,original_char_len,음식_matched_keywords
naver,훼미리손칼국수보쌈,sSun,2487.0,2025.10.18,1번째 방문,영수증,보쌈은 아는맛이고.. 칼국수는 ??? 우연히 지나가다가 줄이 많이 서있는걸 두번이나 다른날 보고 맛집이구나 하고 들어가봤는데요. 왜...줄이 이토록 긴것인가... 보쌈은 평범하고..칼국수는 전혀 왜? 흠.. 줄설이유가 없는데...굳이 찾아갈이유도없고.. 위생적으로도.. 앞접시 첫번째주신 3개 모두에 고춧가루가 붙어있고... 말씀드려서 바꿔달라해서 가져오신 두개가 또 고춧가루 묻어있고.. 가져오시면서 한번확인하심될것을.. 다시 바꿔주시러 가져가시고 천으로 쓱쓱 닦아주시더라고요...다봤어요!! 위생도 별로.. 미스테리여..ㅎㅎ,295,True,,,,보쌈은 아는맛이고.. 칼국수는 ??? 우연히 지나가다가 줄이 많이 서있는걸 두번이나 다른날 보고 맛집이구나 하고 들어가봤는데요. 왜...줄이 이토록 긴것인가... 보쌈은 평범하고..칼국수는 전혀 왜? 흠.. 줄설이유가 없는데...굳이 찾아갈이유도없고.. 위생적으로도.. 앞접시 첫번째주신 3개 모두에 고춧가루가 붙어있고... 말씀드려서 바꿔달라해서 가져오신 두개가 또 고춧가루 묻어있고.. 가져오시면서 한번확인하심될것을.. 다시 바꿔주시러 가져가시고 천으로 쓱쓱 닦아주시더라고요...다봤어요!! 위생도 별로.. 미스테리여..ㅎㅎ,보쌈은 아는맛이고 칼국수는 QUESTION 우연히 지나가다가 줄이 많이 서있는걸 두번이나 다른날 보고 맛집이구나 하고 들어가봤는데요 왜 줄이 이토록 긴것인가 보쌈은 평범하고 칼국수는 전혀 왜 QUESTION 흠 줄설이유가 없는데 굳이 찾아갈이유도없고 위생적으로도 앞접시 첫번째주신 3개 모두에 고춧가루가 붙어있고 말씀드려서 바꿔달라해서 가져오신 두개가 또 고춧가루 묻어있고 가져오시면서 한번확인하심될것을 다시 바꿔주시러 가져가시고 천으로 쓱쓱 닦아주시더라고요 다봤어요 EXCLAM 위생도 별로 미스테리여,0,0,0,0,1,1,1,295,"맛, 면, 보쌈"
naver,홍대 육지,12****,1547.0,2026.04.11,1번째 방문,영수증,합정역 20인분 한정메뉴 돈대갈비 먹었는데 존맛탱 직원분들도 너무 친절하고 시그니처 메뉴 일찍와서 꼭 먹어요!!,62,True,,,,합정역 20인분 한정메뉴 돈대갈비 먹었는데 존맛탱 직원분들도 너무 친절하고 시그니처 메뉴 일찍와서 꼭 먹어요!!,합정역 20인분 한정메뉴 돈대갈비 먹었는데 존맛탱 직원분들도 너무 친절하고 시그니처 메뉴 일찍와서 꼭 먹어요 EXCLAM,0,0,0,0,1,0,1,62,"맛, 메뉴"
naver,보끔당 성수점,메출출,32.0,2026.05.02,1번째 방문,영수증,회사 근처있어서 몇번 왔었는데 오늘은 친구랑 왔어요!! 맛있고 좋아요!!,40,False,,,,회사 근처있어서 몇번 왔었는데 오늘은 친구랑 왔어요!! 맛있고 좋아요!!,회사 근처있어서 몇번 왔었는데 오늘은 친구랑 왔어요 EXCLAM 맛있고 좋아요 EXCLAM,0,0,0,0,1,0,0,40,"맛, 맛있"
naver,소문난성수감자탕,david7064,83.0,2025.12.06,1번째 방문,영수증,여기는 갈 때마다 정신이 없고 손님을 물건으로 보는 느낌임 . 아줌마들은 친절했으나 고기가 살이 하나도 없고 다. 뼈뿐임 1만3000원짜리 특을 시켰는데도 뼈가 4ㅡ 5개가 왔는데도 살이 하나도 없었음 그리고 일반적인 등뼈 해장국이 아니고 이상한 내장 같은 부위가 있어서 약간 곱창 맛이 나는데 역겨웠음 다신 안가고 싶음 배가 부르지도 않고 기분 나쁘게 배가 부름.,204,False,,,,여기는 갈 때마다 정신이 없고 손님을 물건으로 보는 느낌임 . 아줌마들은 친절했으나 고기가 살이 하나도 없고 다. 뼈뿐임 1만3000원짜리 특을 시켰는데도 뼈가 4ㅡ 5개가 왔는데도 살이 하나도 없었음 그리고 일반적인 등뼈 해장국이 아니고 이상한 내장 같은 부위가 있어서 약간 곱창 맛이 나는데 역겨웠음 다신 안가고 싶음 배가 부르지도 않고 기분 나쁘게 배가 부름.,여기는 갈 때마다 정신이 없고 손님을 물건으로 보는 느낌임 아줌마들은 친절했으나 고기가 살이 하나도 없고 다 뼈뿐임 1만3000원짜리 특을 시켰는데도 뼈가 4 5개가 왔는데도 살이 하나도 없었음 그리고 일반적인 등뼈 해장국이 아니고 이상한 내장 같은 부위가 있어서 약간 곱창 맛이 나는데 역겨웠음 다신 안가고 싶음 배가 부르지도 않고 기분 나쁘게 배가 부름,0,0,0,0,0,0,1,204,"맛, 간, 고기, 짜"
naver,훼미리손칼국수보쌈,궁금한 먹깨비,727.0,2025.08.07,1번째 방문,영수증,보쌈 칼국수 세트 가성비로 넘 좋아용 ㅎㅎ 15000원의 행복!! 수육 완전 야들야들하니 부드럽고 특히 무김치 맛나용!! 배추도 신선해서 좋았어요 갈수록 사람이 많아져서 아쉽지만 보쌈완전 추천입니댜,110,True,,,,보쌈 칼국수 세트 가성비로 넘 좋아용 ㅎㅎ 15000원의 행복!! 수육 완전 야들야들하니 부드럽고 특히 무김치 맛나용!! 배추도 신선해서 좋았어요 갈수록 사람이 많아져서 아쉽지만 보쌈완전 추천입니댜,보쌈 칼국수 세트 가성비로 넘 좋아용 15000원의 행복 EXCLAM 수육 완전 야들야들하니 부드럽고 특히 무김치 맛나용 EXCLAM 배추도 신선해서 좋았어요 갈수록 사람이 많아져서 아쉽지만 보쌈완전 추천입니댜,0,0,0,0,1,0,1,110,"맛, 김치, 보쌈"
naver,능동미나리 성수지점,먹죽귀,3560.0,2025.12.01,1번째 방문,영수증,성동구 성수역 근처에 위치한 능동미나리 성수점 다녀왔어요 예전에 용산에서 먹으려다 실패한 후 육회 비빔밥이 유명한 곳이라 기대하며 방문했습니다 주문한 메뉴는 능동육회비빔밥과 신메뉴인 능동육전 한 접시 음식은 빠르게 서빙되어 비주얼부터 푸짐했어요 능동육회비빔밥은 신선한 육회가 넉넉히 올라가 있어 잡내 없이 달큼하고 고소한 풍미가 살아 있었고 미나리 향이 은은하게 더해져 전체적인 조화가 좋았습니다 밥과 비벼 먹으면 육회의 촉촉함과 야채의 아삭함이 잘 어우러져 먹는 내내 질리지 않고 편안하게 즐길 수 있었어요 신메뉴인 능동육전은 한 입 크기로 잘라져 나와 먹기 편했고 고기의 부드러움과 달걀옷의 고소함이 겉은 바삭하면서 속은 촉촉하게 잘 살았습니다 웨이팅만 길지 않으면 다시 방문하고 싶은 곳이었습니다,392,True,,,,성동구 성수역 근처에 위치한 능동미나리 성수점 다녀왔어요 예전에 용산에서 먹으려다 실패한 후 육회 비빔밥이 유명한 곳이라 기대하며 방문했습니다 주문한 메뉴는 능동육회비빔밥과 신메뉴인 능동육전 한 접시 음식은 빠르게 서빙되어 비주얼부터 푸짐했어요 능동육회비빔밥은 신선한 육회가 넉넉히 올라가 있어 잡내 없이 달큼하고 고소한 풍미가 살아 있었고 미나리 향이 은은하게 더해져 전체적인 조화가 좋았습니다 밥과 비벼 먹으면 육회의 촉촉함과 야채의 아삭함이 잘 어우러져 먹는 내내 질리지 않고 편안하게 즐길 수 있었어요 신메뉴인 능동육전은 한 입 크기로 잘라져 나와 먹기 편했고 고기의 부드러움과 달걀옷의 고소함이 겉은 바삭하면서 속은 촉촉하게 잘 살았습니다 웨이팅만 길지 않으면 다시 방문하고 싶은 곳이었습니다,성동구 성수역 근처에 위치한 능동미나리 성수점 다녀왔어요 예전에 용산에서 먹으려다 실패한 후 육회 비빔밥이 유명한 곳이라 기대하며 방문했습니다 주문한 메뉴는 능동육회비빔밥과 신메뉴인 능동육전 한 접시 음식은 빠르게 서빙되어 비주얼부터 푸짐했어요 능동육회비빔밥은 신선한 육회가 넉넉히 올라가 있어 잡내 없이 달큼하고 고소한 풍미가 살아 있었고 미나리 향이 은은하게 더해져 전체적인 조화가 좋았습니다 밥과 비벼 먹으면 육회의 촉촉함과 야채의 아삭함이 잘 어우러져 먹는 내내 질리지 않고 편안하게 즐길 수 있었어요 신메뉴인 능동육전은 한 입 크기로 잘라져 나와 먹기 편했고 고기의 부드러움과 달걀옷의 고소함이 겉은 바삭하면서 속은 촉촉하게 잘 살았습니다 웨이팅만 길지 않으면 다시 방문하고 싶은 곳이었습니다,0,0,0,0,0,0,0,392,"메뉴, 음식, 고기, 면, 밥, 잡내"
naver,황금콩밭,toopassaway,732.0,2025.05.11,1번째 방문,영수증,맛있었어요! 두부가 깔끔하고 담백한 맛이었어요,25,True,,,,맛있었어요! 두부가 깔끔하고 담백한 맛이었어요,맛있었어요 EXCLAM 두부가 깔끔하고 담백한 맛이었어요,0,0,0,0,1,0,0,25,"맛, 맛있"
kakao,보끔당 성수점,김지원,1.0,2025-01-20,,,맛있어요 👀,6,False,5.0,5.0,브론즈 레벨,맛있어요 👀,맛있어요,0,0,0,0,0,0,0,6,"맛, 맛있"
kakao,이태리국시 성수,맛탐러,1.0,2026-04-29,,,대창 파스타도 너무 맛있고 바지락도 최고였어요!!,27,True,5.0,5.0,브론즈 레벨,대창 파스타도 너무 맛있고 바지락도 최고였어요!!,대창 파스타도 너무 맛있고 바지락도 최고였어요 EXCLAM,0,0,0,0,1,0,0,27,"맛, 맛있, 파스타"
kakao,금금,sulsulsultv,475.0,2025-02-09,,,마제소바를 살짝 한식으로 . 잡내없는 차슈 . 적당한 감칠맛 . 오일리하다 ㅡ 백김치? 는 너무 심심 . 마늘쫑의 쓰고 쌉싸름함과 달고 신 양념이 입가심 .,87,False,4.0,3.3,골드 레벨,마제소바를 살짝 한식으로 . 잡내없는 차슈 . 적당한 감칠맛 . 오일리하다 ㅡ 백김치? 는 너무 심심 . 마늘쫑의 쓰고 쌉싸름함과 달고 신 양념이 입가심 .,마제소바를 살짝 한식으로 잡내없는 차슈 적당한 감칠맛 오일리하다 백김치 QUESTION 는 너무 심심 마늘쫑의 쓰고 쌉싸름함과 달고 신 양념이 입가심,0,0,0,0,0,1,0,87,"맛, 양, 김치, 잡내"
naver,원조 조박집 본관,프로필설정어려워요,1089.0,2025.04.24,1번째 방문,영수증,조박집 진짜 엄청 맛있어요... 자주 갈래요,24,True,,,,조박집 진짜 엄청 맛있어요... 자주 갈래요,조박집 진짜 엄청 맛있어요 자주 갈래요,0,0,0,0,0,0,0,24,"맛, 맛있, 짜"
naver,소문난성수감자탕,비비빅89,2.0,2026.01.04,1번째 방문,예약,"웬만해선 자의로 리뷰 안 남기고, 리뷰이벤트 경우만 남기는데 여기는 진짜 글을 쓰게 만듦 일단 음식 먹으러 가서 기가빨린 것도 처음이고, 도대체가 음식을 팔아서 먹으라는건지 밥을 먹는 와중에 중국어로 계속 침튀겨가며 말하는 직원분들 때문에 밥맛이 너무 떨어졌음. 최악임 진짜 뭐 바이럴 돼서 장사 잘 되는 것도 알고, 다들 바쁜 것도 아는데 그냥 너무 더러웠음. 손님 응대하는 것부터 자기들 아쉬울 거 없으니 뭐 알아서 하시라 식의 말투도 그냥 바쁘니까 그러려니 했으나, 음식 먹고 있는데 침튀겨가며 특유의 중국어 써 가면서 다른 주문 받으면 밥 먹는 나는 뭐가 됨? 적어도 마스크 정도는 쓰던가 그렇다고 맛있냐? 그것도 아님. 진지하게 조마루감자탕 압승임 걍 먹다가 진짜 침 몇번 튀겨갖고 더러워서 나왔음ㅋㅋ",397,False,,,,"웬만해선 자의로 리뷰 안 남기고, 리뷰이벤트 경우만 남기는데 여기는 진짜 글을 쓰게 만듦 일단 음식 먹으러 가서 기가빨린 것도 처음이고, 도대체가 음식을 팔아서 먹으라는건지 밥을 먹는 와중에 중국어로 계속 침튀겨가며 말하는 직원분들 때문에 밥맛이 너무 떨어졌음. 최악임 진짜 뭐 바이럴 돼서 장사 잘 되는 것도 알고, 다들 바쁜 것도 아는데 그냥 너무 더러웠음. 손님 응대하는 것부터 자기들 아쉬울 거 없으니 뭐 알아서 하시라 식의 말투도 그냥 바쁘니까 그러려니 했으나, 음식 먹고 있는데 침튀겨가며 특유의 중국어 써 가면서 다른 주문 받으면 밥 먹는 나는 뭐가 됨? 적어도 마스크 정도는 쓰던가 그렇다고 맛있냐? 그것도 아님. 진지하게 조마루감자탕 압승임 걍 먹다가 진짜 침 몇번 튀겨갖고 더러워서 나왔음ㅋㅋ",웬만해선 자의로 리뷰 안 남기고 리뷰이벤트 경우만 남기는데 여기는 진짜 글을 쓰게 만듦 일단 음식 먹으러 가서 기가빨린 것도 처음이고 도대체가 음식을 팔아서 먹으라는건지 밥을 먹는 와중에 중국어로 계속 침튀겨가며 말하는 직원분들 때문에 밥맛이 너무 떨어졌음 최악임 진짜 뭐 바이럴 돼서 장사 잘 되는 것도 알고 다들 바쁜 것도 아는데 그냥 너무 더러웠음 손님 응대하는 것부터 자기들 아쉬울 거 없으니 뭐 알아서 하시라 식의 말투도 그냥 바쁘니까 그러려니 했으나 음식 먹고 있는데 침튀겨가며 특유의 중국어 써 가면서 다른 주문 받으면 밥 먹는 나는 뭐가 됨 QUESTION 적어도 마스크 정도는 쓰던가 그렇다고 맛있냐 QUESTION 그것도 아님 진지하게 조마루감자탕 압승임 걍 먹다가 진짜 침 몇번 튀겨갖고 더러워서 나왔음,0,0,0,0,0,1,0,397,"맛, 맛있, 음식, 면, 밥, 감자탕, 짜"
naver,일등식당,백수인,1607.0,2025.05.25,2번째 방문,영수증,"해장으로 뭘 먹을까 고민했습니다. 여의도 원해장국 무교동 북어국집 둘 중에 하나 가려다가 급 선회해서 4일 만에 다시 일등 식당 방문해 봅니다. 맛없다고 후기 남기는 분 계시던데 아마 그분들은 성수 감자탕이나 한남동 감자탕 좋아하실 거예요 용산 일미 감자탕(본점 추천) 좋아하시는 분이라면 그 대체제로 망원동 일등 식당 또한 좋아하실 듯 일요일 아침 오픈 시간 8시 30분에 도착했는데 제 앞에 20명 정도 있었어요 집에 가려다가 그냥 40분 기다려서 특 사이즈로 주문. ""맛있습니다"" 당분간 사람들 붐빌 걸로 예상되니 시간 좀 지나면 방문해 보세요",307,True,,,,"해장으로 뭘 먹을까 고민했습니다. 여의도 원해장국 무교동 북어국집 둘 중에 하나 가려다가 급 선회해서 4일 만에 다시 일등 식당 방문해 봅니다. 맛없다고 후기 남기는 분 계시던데 아마 그분들은 성수 감자탕이나 한남동 감자탕 좋아하실 거예요 용산 일미 감자탕(본점 추천) 좋아하시는 분이라면 그 대체제로 망원동 일등 식당 또한 좋아하실 듯 일요일 아침 오픈 시간 8시 30분에 도착했는데 제 앞에 20명 정도 있었어요 집에 가려다가 그냥 40분 기다려서 특 사이즈로 주문. ""맛있습니다"" 당분간 사람들 붐빌 걸로 예상되니 시간 좀 지나면 방문해 보세요",해장으로 뭘 먹을까 고민했습니다 여의도 원해장국 무교동 북어국집 둘 중에 하나 가려다가 급 선회해서 4일 만에 다시 일등 식당 방문해 봅니다 맛없다고 후기 남기는 분 계시던데 아마 그분들은 성수 감자탕이나 한남동 감자탕 좋아하실 거예요 용산 일미 감자탕 본점 추천 좋아하시는 분이라면 그 대체제로 망원동 일등 식당 또한 좋아하실 듯 일요일 아침 오픈 시간 8시 30분에 도착했는데 제 앞에 20명 정도 있었어요 집에 가려다가 그냥 40분 기다려서 특 사이즈로 주문 맛있습니다 당분간 사람들 붐빌 걸로 예상되니 시간 좀 지나면 방문해 보세요,0,0,0,0,0,0,1,307,"맛, 맛있, 맛없, 간, 면, 감자탕"
kakao,훼미리손칼국수보쌈,버팔로,1.0,2025-05-28,,,"불친절의 끝, 남은 테이블이 많으나 밖에서 대기하라고 반말, 너무 단 김치 무말랭이, 진짜 맛대가리 없는 칼국수, 한대 근처에서 6년 살면서 더욱 맛이 없어지고 더 불친절해지는 집, 외국인 손님 많아진걸로 버티는 집, 다시는 안갈 집.",131,True,1.0,1.0,브론즈 레벨,"불친절의 끝, 남은 테이블이 많으나 밖에서 대기하라고 반말, 너무 단 김치 무말랭이, 진짜 맛대가리 없는 칼국수, 한대 근처에서 6년 살면서 더욱 맛이 없어지고 더 불친절해지는 집, 외국인 손님 많아진걸로 버티는 집, 다시는 안갈 집.",불친절의 끝 남은 테이블이 많으나 밖에서 대기하라고 반말 너무 단 김치 무말랭이 진짜 맛대가리 없는 칼국수 한대 근처에서 6년 살면서 더욱 맛이 없어지고 더 불친절해지는 집 외국인 손님 많아진걸로 버티는 집 다시는 안갈 집,0,0,0,0,0,0,1,131,"맛, 면, 김치, 짜"
naver,뼈탄집 성수역점,아이즈원2,122.0,2026.03.13,1번째 방문,영수증,회사 근처라 회식하러 종종 가는데 만족스럽고 좋아요. 고기 맛있고 괜찮아서 좋습니다. 담소 나누기도 좋고 성수역에서 가까워서 걸어가기 좋아요.,79,True,,,,회사 근처라 회식하러 종종 가는데 만족스럽고 좋아요. 고기 맛있고 괜찮아서 좋습니다. 담소 나누기도 좋고 성수역에서 가까워서 걸어가기 좋아요.,회사 근처라 회식하러 종종 가는데 만족스럽고 좋아요 고기 맛있고 괜찮아서 좋습니다 담소 나누기도 좋고 성수역에서 가까워서 걸어가기 좋아요,0,0,0,0,0,0,0,79,"맛, 맛있, 고기"
kakao,굴다리식당,jp,78.0,2025-09-19,,,신김치로 제대로 만든 김치찌개 맛있다 제육은 살덩이가 너무 크고 퍽퍽해서 2-3점이지만 김치찌개가 맛있었다. 밑반찬도 굿,67,True,5.0,3.3,실버 레벨,신김치로 제대로 만든 김치찌개 맛있다 제육은 살덩이가 너무 크고 퍽퍽해서 2-3점이지만 김치찌개가 맛있었다. 밑반찬도 굿,신김치로 제대로 만든 김치찌개 맛있다 제육은 살덩이가 너무 크고 퍽퍽해서 2 3점이지만 김치찌개가 맛있었다 밑반찬도 굿,0,0,0,0,0,0,1,67,"맛, 맛있, 반찬, 김치"
naver,금금 성수점,밋넝,25.0,2026.03.21,1번째 방문,영수증,친구가 맛있다고해서 들기름국수 먹으러왔고 향이 좋습니다. 굿.,34,True,,,,친구가 맛있다고해서 들기름국수 먹으러왔고 향이 좋습니다. 굿.,친구가 맛있다고해서 들기름국수 먹으러왔고 향이 좋습니다 굿,0,0,0,0,0,0,0,34,"맛, 맛있"
naver,쭌곱창,soms0m,11.0,2025.12.19,1번째 방문,영수증,곱창 냄새 안나고 신선해서 맛있어요!!! 마요김치 주먹밥 넘 맛있어서 또먹고싶어요 ㅠㅠ 데이트날 오기 좋은것같아요 굽는 곱창 아니라 냄새도 덜 배서 좋었어요~~,89,True,,,,곱창 냄새 안나고 신선해서 맛있어요!!! 마요김치 주먹밥 넘 맛있어서 또먹고싶어요 ㅠㅠ 데이트날 오기 좋은것같아요 굽는 곱창 아니라 냄새도 덜 배서 좋었어요~~,곱창 냄새 안나고 신선해서 맛있어요 EXCLAM 마요김치 주먹밥 넘 맛있어서 또먹고싶어요 데이트날 오기 좋은것같아요 굽는 곱창 아니라 냄새도 덜 배서 좋었어요 TILDE,0,0,0,1,1,0,0,89,"맛, 맛있, 밥, 김치"
kakao,육산장 홍대본점,Fnenod,2.0,2025-09-06,,,야장분위기가 너무 좋아요! 홍대 한가운데 있는게 믿기지않네요 ㅎㅎ 좌석도 널찍하고 고기도 맛있어요 !!,57,True,5.0,5.0,브론즈 레벨,야장분위기가 너무 좋아요! 홍대 한가운데 있는게 믿기지않네요 ㅎㅎ 좌석도 널찍하고 고기도 맛있어요 !!,야장분위기가 너무 좋아요 EXCLAM 홍대 한가운데 있는게 믿기지않네요 좌석도 널찍하고 고기도 맛있어요 EXCLAM,0,0,0,0,1,0,0,57,"맛, 맛있, 고기"
kakao,육산장 홍대본점,정직남,61.0,2025-05-05,,,고기 퀄리티 미쳤고 분위기는 더 미쳤고!! 직원 분들도 친절하시고 맛있어요 ^^ 육산장 두번오세요 세번오세요~~,62,False,5.0,2.6,실버 레벨,고기 퀄리티 미쳤고 분위기는 더 미쳤고!! 직원 분들도 친절하시고 맛있어요 ^^ 육산장 두번오세요 세번오세요~~,고기 퀄리티 미쳤고 분위기는 더 미쳤고 EXCLAM 직원 분들도 친절하시고 맛있어요 육산장 두번오세요 세번오세요 TILDE,0,0,0,0,1,0,0,62,"맛, 맛있, 고기"
naver,이태리국시 성수,아이두28,9.0,2026.05.01,1번째 방문,영수증,"성수 데이트로 가기 좋은 곳이에요. 분위기 은은하고 조용해서 대화하기 편했고, 음식도 한식 느낌 섞인 파스타라 색다르고 맛있었습니다. 전체적으로 부담 없이 분위기+맛 둘 다 챙기기 좋은 느낌입니다!",110,True,,,,"성수 데이트로 가기 좋은 곳이에요. 분위기 은은하고 조용해서 대화하기 편했고, 음식도 한식 느낌 섞인 파스타라 색다르고 맛있었습니다. 전체적으로 부담 없이 분위기+맛 둘 다 챙기기 좋은 느낌입니다!",성수 데이트로 가기 좋은 곳이에요 분위기 은은하고 조용해서 대화하기 편했고 음식도 한식 느낌 섞인 파스타라 색다르고 맛있었습니다 전체적으로 부담 없이 분위기 맛 둘 다 챙기기 좋은 느낌입니다 EXCLAM,0,0,0,0,1,0,0,110,"맛, 맛있, 음식, 파스타"
kakao,옥동식 서교점,bbnolle,10.0,2025-03-22,,,밥이 설익은 냄비밥 먹는거 같아요. 내부가 조용해서 그런지 아무도 맛잇다는말을 안하는데 왜 맛집인지....의문스러워요. 그냥 좀 유명한 아무 국밥집이나 갓어도 이보다는 더 맛있게 먹었을거예요... 맛집이라고 가격도 비싸게 받는데 왜 밥이 이런건지...밥빼고 봐도 굳이 이 가격에 집 앞에 있어도 안갈것같아요.,172,False,1.0,4.2,브론즈 레벨,밥이 설익은 냄비밥 먹는거 같아요. 내부가 조용해서 그런지 아무도 맛잇다는말을 안하는데 왜 맛집인지....의문스러워요. 그냥 좀 유명한 아무 국밥집이나 갓어도 이보다는 더 맛있게 먹었을거예요... 맛집이라고 가격도 비싸게 받는데 왜 밥이 이런건지...밥빼고 봐도 굳이 이 가격에 집 앞에 있어도 안갈것같아요.,밥이 설익은 냄비밥 먹는거 같아요 내부가 조용해서 그런지 아무도 맛잇다는말을 안하는데 왜 맛집인지 의문스러워요 그냥 좀 유명한 아무 국밥집이나 갓어도 이보다는 더 맛있게 먹었을거예요 맛집이라고 가격도 비싸게 받는데 왜 밥이 이런건지 밥빼고 봐도 굳이 이 가격에 집 앞에 있어도 안갈것같아요,0,0,0,0,0,0,0,172,"맛, 맛있, 밥"
naver,성수족발,yim****,1944.0,2025.11.22,3번째 방문,영수증,너무 달아서 금방 물리고 느끼해요,18,True,,,,너무 달아서 금방 물리고 느끼해요,너무 달아서 금방 물리고 느끼해요,0,0,0,0,0,0,0,18,느끼
kakao,소문난성수감자탕,행복,182.0,2025-07-06,,,혼자가면.웨이팅두 없고 좋네요 ㅎ 우거지는 좀 많이짠데 고기가 간이 삼삼해서 좋았어요. 저는 간이 더 덜됐으면좋겠어요~ 직원 아주머니들도.친절하시고 메뉴도.1분만에 나와서 최고입니다. 위생이 그닥이라 4점인데 전 재방문의사.있어요(웨이팅있으면 x),138,False,4.0,3.9,골드 레벨,혼자가면.웨이팅두 없고 좋네요 ㅎ 우거지는 좀 많이짠데 고기가 간이 삼삼해서 좋았어요. 저는 간이 더 덜됐으면좋겠어요~ 직원 아주머니들도.친절하시고 메뉴도.1분만에 나와서 최고입니다. 위생이 그닥이라 4점인데 전 재방문의사.있어요(웨이팅있으면 x),혼자가면 웨이팅두 없고 좋네요 우거지는 좀 많이짠데 고기가 간이 삼삼해서 좋았어요 저는 간이 더 덜됐으면좋겠어요 직원 아주머니들도 친절하시고 메뉴도 1분만에 나와서 최고입니다 위생이 그닥이라 4점인데 전 재방문의사 있어요 웨이팅있으면 x,0,0,0,0,0,0,1,138,"메뉴, 간, 고기, 면"
naver,옥동식,WON0,1235.0,2025.12.30,1번째 방문,영수증,많은 기다림 끝에 먹었는데... 최고의 돼지국밥이었습니다.,32,True,,,,많은 기다림 끝에 먹었는데... 최고의 돼지국밥이었습니다.,많은 기다림 끝에 먹었는데 최고의 돼지국밥이었습니다,0,0,0,0,0,0,0,32,밥
kakao,을밀대 본점,먹보짱,31.0,2025-08-09,,,우래옥이 영업을 안해서 을밀대로! 우래옥과는 다른 매력으로 맛있었당 👍🏻 직원분들 친절하셨어용! 줄이 길었는데 웨이팅 하는 곳에 냉방시설도 설치해놓으시고 줄도 금방 빠져서 힘들게 오래 기다리지 않았어요!,113,True,5.0,5.0,실버 레벨,우래옥이 영업을 안해서 을밀대로! 우래옥과는 다른 매력으로 맛있었당 👍🏻 직원분들 친절하셨어용! 줄이 길었는데 웨이팅 하는 곳에 냉방시설도 설치해놓으시고 줄도 금방 빠져서 힘들게 오래 기다리지 않았어요!,우래옥이 영업을 안해서 을밀대로 EXCLAM 우래옥과는 다른 매력으로 맛있었당 EMO_POS 직원분들 친절하셨어용 EXCLAM 줄이 길었는데 웨이팅 하는 곳에 냉방시설도 설치해놓으시고 줄도 금방 빠져서 힘들게 오래 기다리지 않았어요 EXCLAM,1,0,0,0,1,0,0,113,"맛, 맛있"
naver,락희옥 마포본점,히두우웅,13.0,2025.08.03,1번째 방문,영수증,신라스테이 묵어서 근처 맛집 찾다가 간 곳이었는데 맛있었어요!!! 은은하게 멍게향 올라오면서 현미밥에 비벼먹으면 존맛탱이에여:),71,True,,,,신라스테이 묵어서 근처 맛집 찾다가 간 곳이었는데 맛있었어요!!! 은은하게 멍게향 올라오면서 현미밥에 비벼먹으면 존맛탱이에여:),신라스테이 묵어서 근처 맛집 찾다가 간 곳이었는데 맛있었어요 EXCLAM 은은하게 멍게향 올라오면서 현미밥에 비벼먹으면 존맛탱이에여,0,0,0,0,1,0,0,71,"맛, 맛있, 간, 면, 밥"
kakao,을밀대 본점,토깽🐰💕,67.0,2026-03-15,,,슴슴하기만할 줄 알았는데 오히려 육수가 간이 세고 감칠맛이 좋았습니다 ! 녹두전이 인간적으로 너무 작더라구요.. 근데 녹두전시키면 나오는 김치도 좀 입에 맞지는 않았어요,94,False,4.0,4.1,골드 레벨,슴슴하기만할 줄 알았는데 오히려 육수가 간이 세고 감칠맛이 좋았습니다 ! 녹두전이 인간적으로 너무 작더라구요.. 근데 녹두전시키면 나오는 김치도 좀 입에 맞지는 않았어요,슴슴하기만할 줄 알았는데 오히려 육수가 간이 세고 감칠맛이 좋았습니다 EXCLAM 녹두전이 인간적으로 너무 작더라구요 근데 녹두전시키면 나오는 김치도 좀 입에 맞지는 않았어요,0,0,0,0,1,0,0,94,"맛, 간, 면, 김치"
naver,조선시대,hyo****,3.0,2026.04.09,1번째 방문,영수증,진짜 맛있는 술집이네요 술집안주는 거기서 거기라는게 여기와서 생각이 달라졌어요 거의 닭발은 닭발 전문집급 고추튀김은 튀김 전문집급이네요 집에서 여러가지 맛집음식 시켜서 먹는 느낌?? 너무 만족했습니다,111,True,,,,진짜 맛있는 술집이네요 술집안주는 거기서 거기라는게 여기와서 생각이 달라졌어요 거의 닭발은 닭발 전문집급 고추튀김은 튀김 전문집급이네요 집에서 여러가지 맛집음식 시켜서 먹는 느낌?? 너무 만족했습니다,진짜 맛있는 술집이네요 술집안주는 거기서 거기라는게 여기와서 생각이 달라졌어요 거의 닭발은 닭발 전문집급 고추튀김은 튀김 전문집급이네요 집에서 여러가지 맛집음식 시켜서 먹는 느낌 QUESTION 너무 만족했습니다,0,0,0,0,0,1,0,111,"맛, 맛있, 음식, 튀김, 짜"
naver,태양곱창 성수점,D3H,20.0,2026.03.04,1번째 방문,영수증,돼지곱창이 푸짐하고 맛있어요~,16,True,,,,돼지곱창이 푸짐하고 맛있어요~,돼지곱창이 푸짐하고 맛있어요,0,0,0,0,0,0,0,16,"맛, 맛있"
naver,이태리국시 성수,Ssong8647,23.0,2026.04.24,1번째 방문,영수증,파스타 종류가 다양한데 다 새로운 것들이라 좋았어요! 음식 더 너무 맛있구 에이드도 너무 맛있어요..🥹 식당 분위기도 좋아서 파스타 먹기에 좋아용 단체로 와도 좋구 데이트로 와두 너무 좋을 것 같아욤 맛있게 먹구 갑니다🖤,123,True,,,,파스타 종류가 다양한데 다 새로운 것들이라 좋았어요! 음식 더 너무 맛있구 에이드도 너무 맛있어요..🥹 식당 분위기도 좋아서 파스타 먹기에 좋아용 단체로 와도 좋구 데이트로 와두 너무 좋을 것 같아욤 맛있게 먹구 갑니다🖤,파스타 종류가 다양한데 다 새로운 것들이라 좋았어요 EXCLAM 음식 더 너무 맛있구 에이드도 너무 맛있어요 식당 분위기도 좋아서 파스타 먹기에 좋아용 단체로 와도 좋구 데이트로 와두 너무 좋을 것 같아욤 맛있게 먹구 갑니다 EMO_POS,1,0,0,0,1,0,0,123,"맛, 맛있, 음식, 양, 파스타"
kakao,태양곱창 성수,피식,6.0,2025-04-09,,,여러분 그냥 일반 곱창집에서 파는 곱창전골 드세요.. 굳이 이 밍밍한 곱창전골을 드시러 가실 이유가 하등 없습니다. 진짜 밍밍하고 진한맛 전혀없고 알곱창만 넣어놓는데 혹시나 싶어서 두번 갔는데 두번째도 똑같이 맛없네요.. 제발 그냥 다른집 가셔요.. 리뷰 마케팅에 속지마세요 현명한 소비하시길..,165,True,1.0,2.3,브론즈 레벨,여러분 그냥 일반 곱창집에서 파는 곱창전골 드세요.. 굳이 이 밍밍한 곱창전골을 드시러 가실 이유가 하등 없습니다. 진짜 밍밍하고 진한맛 전혀없고 알곱창만 넣어놓는데 혹시나 싶어서 두번 갔는데 두번째도 똑같이 맛없네요.. 제발 그냥 다른집 가셔요.. 리뷰 마케팅에 속지마세요 현명한 소비하시길..,여러분 그냥 일반 곱창집에서 파는 곱창전골 드세요 굳이 이 밍밍한 곱창전골을 드시러 가실 이유가 하등 없습니다 진짜 밍밍하고 진한맛 전혀없고 알곱창만 넣어놓는데 혹시나 싶어서 두번 갔는데 두번째도 똑같이 맛없네요 제발 그냥 다른집 가셔요 리뷰 마케팅에 속지마세요 현명한 소비하시길,0,0,0,0,0,0,0,165,"맛, 맛없, 짜"
kakao,황금콩밭,윤146,13.0,2025-05-13,,,처음에는 무슨 두부가 이렇게 비싸?하며 주문했지만 한입 먹어보면 납득이 가는 가격🥹❗️평소 두부를 정말 좋아하는 편이라 너무 맛있게 잘 먹었습니다! 콩비지도 너무 맛있었어요! 직원분들도 다 너무 친절하시고 밑반찬도 맛있는데다가 가득씩 리필해주시고🫶 집 근처라서 너무 행복하네요!,155,False,5.0,2.5,실버 레벨,처음에는 무슨 두부가 이렇게 비싸?하며 주문했지만 한입 먹어보면 납득이 가는 가격🥹❗️평소 두부를 정말 좋아하는 편이라 너무 맛있게 잘 먹었습니다! 콩비지도 너무 맛있었어요! 직원분들도 다 너무 친절하시고 밑반찬도 맛있는데다가 가득씩 리필해주시고🫶 집 근처라서 너무 행복하네요!,처음에는 무슨 두부가 이렇게 비싸 QUESTION 하며 주문했지만 한입 먹어보면 납득이 가는 가격 평소 두부를 정말 좋아하는 편이라 너무 맛있게 잘 먹었습니다 EXCLAM 콩비지도 너무 맛있었어요 EXCLAM 직원분들도 다 너무 친절하시고 밑반찬도 맛있는데다가 가득씩 리필해주시고 집 근처라서 너무 행복하네요 EXCLAM,0,0,0,0,1,1,0,155,"맛, 맛있, 면, 반찬"
kakao,육지,보니,6.0,2025-07-22,,,고기도 다 구워주시고 친절하십니다!! 고기도 맛있구 점심에도 영업해서 좋아욤,42,True,5.0,5.0,브론즈 레벨,고기도 다 구워주시고 친절하십니다!! 고기도 맛있구 점심에도 영업해서 좋아욤,고기도 다 구워주시고 친절하십니다 EXCLAM 고기도 맛있구 점심에도 영업해서 좋아욤,0,0,0,0,1,0,0,42,"맛, 맛있, 고기"
naver,조선시대,컭ㅅ,27.0,2026.03.07,1번째 방문,영수증,대창닭목살전골 맛있어요!! 키오스크에 할인해주는 게임도 나와서 재밌어용,39,True,,,,대창닭목살전골 맛있어요!! 키오스크에 할인해주는 게임도 나와서 재밌어용,대창닭목살전골 맛있어요 EXCLAM 키오스크에 할인해주는 게임도 나와서 재밌어용,0,0,0,0,1,0,0,39,"맛, 맛있"
kakao,각시보쌈,명란치즈,229.0,2025-06-17,,,맛과 양 테이블 크기까지 다 각시 좋아,21,True,4.0,3.6,골드 레벨,맛과 양 테이블 크기까지 다 각시 좋아,맛과 양 테이블 크기까지 다 각시 좋아,0,0,0,0,0,0,0,21,"맛, 양"
kakao,소문난성수감자탕,매매매,1.0,2025-03-08,,,줄이 길게 서있길래 맛집인줄 알고 먹음 그런데 경험해보니 최악 중에 최악 짧게 말하면 맛도 드릅게 없고 불친절 함 굳이 경험하지 마세요 줄이 왜 긴지 이해가 안가는 가게 카카오 리뷰가 정확해서 늘 보고 들어가는데 이번에 안본게 한입니다.. 먼저 맛이 드릅게 없음 여태까지 먹은 감자탕 중에서 여기가 제일 맛없었음 살이 퍽퍽한 부분이 많고 잘 떨어지지도 않음 뼈만 햝아 먹고 옴 원래 잘 익은 감자탕이라면 살이 쉽게 떨어지기 마련인데 절대 떨어지지 않았음 볶음밥도 맛없었음 두번째로는 야채 상태들이 안 좋았음 깻잎도 위에는 멀쩡해보이는걸 놓고 안에 파보면 절반은 검게 변해있었음 마지막으로 제일 최악은 불친절 먹고 있는데 식탁을 당기면서 옮긴다고 함 상식적으로 옮겨야하면 손님이 가고나서 옮기는게 맞지 않나 싶음 그리고 먹고 있는 중에 그릇을 치운다기에 치우라 하였더니 먹던 냄비까지 싹 다치우고 물로 테이블 자체를 닦아버림 뭐하자는건지 어이가 없음 먹는 내내 사람 불편하게 하고 먹는 도중이어도 치워버림 그릇 치운다면서 먹는 것까지 치워버리길래 벙쪄 있었더니 치운다고 했잖아요 이래버림 사람을 이런식으로 쫓아내는 가게는 처음봄 맛없어서 화나 있다가 하는 꼬라지 보니 더 기분이 나빠져서 글까지 쓰게 됌 먹고 나올때 보니 줄 세우는 직원도 사람들한테 승질은 있는대로 부림 웬만하면 다른 곳 가세요 감자탕 맛없기 힘든데 여기는 그걸 해내네요 줄 서지 마세요 여러분들의 시간과 돈을 아끼세요ㅜㅜ,721,True,1.0,1.0,브론즈 레벨,줄이 길게 서있길래 맛집인줄 알고 먹음 그런데 경험해보니 최악 중에 최악 짧게 말하면 맛도 드릅게 없고 불친절 함 굳이 경험하지 마세요 줄이 왜 긴지 이해가 안가는 가게 카카오 리뷰가 정확해서 늘 보고 들어가는데 이번에 안본게 한입니다.. 먼저 맛이 드릅게 없음 여태까지 먹은 감자탕 중에서 여기가 제일 맛없었음 살이 퍽퍽한 부분이 많고 잘 떨어지지도 않음 뼈만 햝아 먹고 옴 원래 잘 익은 감자탕이라면 살이 쉽게 떨어지기 마련인데 절대 떨어지지 않았음 볶음밥도 맛없었음 두번째로는 야채 상태들이 안 좋았음 깻잎도 위에는 멀쩡해보이는걸 놓고 안에 파보면 절반은 검게 변해있었음 마지막으로 제일 최악은 불친절 먹고 있는데 식탁을 당기면서 옮긴다고 함 상식적으로 옮겨야하면 손님이 가고나서 옮기는게 맞지 않나 싶음 그리고 먹고 있는 중에 그릇을 치운다기에 치우라 하였더니 먹던 냄비까지 싹 다치우고 물로 테이블 자체를 닦아버림 뭐하자는건지 어이가 없음 먹는 내내 사람 불편하게 하고 먹는 도중이어도 치워버림 그릇 치운다면서 먹는 것까지 치워버리길래 벙쪄 있었더니 치운다고 했잖아요 이래버림 사람을 이런식으로 쫓아내는 가게는 처음봄 맛없어서 화나 있다가 하는 꼬라지 보니 더 기분이 나빠져서 글까지 쓰게 됌 먹고 나올때 보니 줄 세우는 직원도 사람들한테 승질은 있는대로 부림 웬만하면 다른 곳 가세요 감자탕 맛없기 힘든데 여기는 그걸 해내네요 줄 서지 마세요 여러분들의 시간과 돈을 아끼세요ㅜㅜ,줄이 길게 서있길래 맛집인줄 알고 먹음 그런데 경험해보니 최악 중에 최악 짧게 말하면 맛도 드릅게 없고 불친절 함 굳이 경험하지 마세요 줄이 왜 긴지 이해가 안가는 가게 카카오 리뷰가 정확해서 늘 보고 들어가는데 이번에 안본게 한입니다 먼저 맛이 드릅게 없음 여태까지 먹은 감자탕 중에서 여기가 제일 맛없었음 살이 퍽퍽한 부분이 많고 잘 떨어지지도 않음 뼈만 햝아 먹고 옴 원래 잘 익은 감자탕이라면 살이 쉽게 떨어지기 마련인데 절대 떨어지지 않았음 볶음밥도 맛없었음 두번째로는 야채 상태들이 안 좋았음 깻잎도 위에는 멀쩡해보이는걸 놓고 안에 파보면 절반은 검게 변해있었음 마지막으로 제일 최악은 불친절 먹고 있는데 식탁을 당기면서 옮긴다고 함 상식적으로 옮겨야하면 손님이 가고나서 옮기는게 맞지 않나 싶음 그리고 먹고 있는 중에 그릇을 치운다기에 치우라 하였더니 먹던 냄비까지 싹 다치우고 물로 테이블 자체를 닦아버림 뭐하자는건지 어이가 없음 먹는 내내 사람 불편하게 하고 먹는 도중이어도 치워버림 그릇 치운다면서 먹는 것까지 치워버리길래 벙쪄 있었더니 치운다고 했잖아요 이래버림 사람을 이런식으로 쫓아내는 가게는 처음봄 맛없어서 화나 있다가 하는 꼬라지 보니 더 기분이 나빠져서 글까지 쓰게 됌 먹고 나올때 보니 줄 세우는 직원도 사람들한테 승질은 있는대로 부림 웬만하면 다른 곳 가세요 감자탕 맛없기 힘든데 여기는 그걸 해내네요 줄 서지 마세요 여러분들의 시간과 돈을 아끼세요,0,0,0,1,0,0,0,721,"맛, 맛없, 간, 면, 밥, 감자탕"
naver,육산장 홍대본점,120713,16.0,2026.04.27,1번째 방문,영수증,맛있어요!! 친구들이랑 조은 시감 보냇어요,23,True,,,,맛있어요!! 친구들이랑 조은 시감 보냇어요,맛있어요 EXCLAM 친구들이랑 조은 시감 보냇어요,0,0,0,0,1,0,0,23,"맛, 맛있"
kakao,마포양지설렁탕 도화점,아예,1.0,2025-02-08,,,"이디야 1층 매장 바로 앞에 주차장이 있길래 주차했습니다. 30-40분가량 지난 시점에 갑자기 차번호를 부르길래 나갔더니 설렁탕 집에서 이디야 주차장이 아니라고 하더군요. 이디야 주차장처럼 생겨서 착각했고, 꽤 시간이 지났음에도 별 다른 연락이 없어 잘못 주차했다는 생각조차 못 했습니다. 착각이었다 해도 주차를 잘못한 건 제 잘못이 맞습니다. 그로 인해 사장님들이 화가 난다는 것도 백번 이해하고요. 그런데 다짜고짜 저에게 생각이 있냐, 영업방해를 해도 유분수가 있지 남의 사업장 망칠 일 있냐는 둥 혼잣말 섞인 욕들을 포함해 직원 여러명이 고성을 지르며 짧은 시간 내에 별소릴 다 하더군요. 죄송해서라도 설렁탕 먹으려했던 생각이 사라질 정도로요. 참고로 메뉴판보니 설렁탕 한 그릇이 14,000원인데 주차비 18,000원을 내라고 했습니다. 사실 뭐 주차비야 부르는게 값이고 이디야 공간이 아니니 주차비 받겠다고 했으면 잘못한 값이라 생각하고 비용이 얼마가 됐든 기분이 별로 안 상했을 겁니다. 그런데 중요한 건요. 결국에 주차비 받을거였으면 저한테 생각이 있냐는 식의 모욕적 발언하면 안 됐죠? 이거 고소 성립되는거 알고 한 소린가요? 그거 누굽니까? 저도 식사하려 했던 고객인데 너 한명쯤 안와도 된다는 식의 손님응대~ 역시 장사 잘되는 집이라 다르네요~",650,False,1.0,1.0,브론즈 레벨,"이디야 1층 매장 바로 앞에 주차장이 있길래 주차했습니다. 30-40분가량 지난 시점에 갑자기 차번호를 부르길래 나갔더니 설렁탕 집에서 이디야 주차장이 아니라고 하더군요. 이디야 주차장처럼 생겨서 착각했고, 꽤 시간이 지났음에도 별 다른 연락이 없어 잘못 주차했다는 생각조차 못 했습니다. 착각이었다 해도 주차를 잘못한 건 제 잘못이 맞습니다. 그로 인해 사장님들이 화가 난다는 것도 백번 이해하고요. 그런데 다짜고짜 저에게 생각이 있냐, 영업방해를 해도 유분수가 있지 남의 사업장 망칠 일 있냐는 둥 혼잣말 섞인 욕들을 포함해 직원 여러명이 고성을 지르며 짧은 시간 내에 별소릴 다 하더군요. 죄송해서라도 설렁탕 먹으려했던 생각이 사라질 정도로요. 참고로 메뉴판보니 설렁탕 한 그릇이 14,000원인데 주차비 18,000원을 내라고 했습니다. 사실 뭐 주차비야 부르는게 값이고 이디야 공간이 아니니 주차비 받겠다고 했으면 잘못한 값이라 생각하고 비용이 얼마가 됐든 기분이 별로 안 상했을 겁니다. 그런데 중요한 건요. 결국에 주차비 받을거였으면 저한테 생각이 있냐는 식의 모욕적 발언하면 안 됐죠? 이거 고소 성립되는거 알고 한 소린가요? 그거 누굽니까? 저도 식사하려 했던 고객인데 너 한명쯤 안와도 된다는 식의 손님응대~ 역시 장사 잘되는 집이라 다르네요~",이디야 1층 매장 바로 앞에 주차장이 있길래 주차했습니다 30 40분가량 지난 시점에 갑자기 차번호를 부르길래 나갔더니 설렁탕 집에서 이디야 주차장이 아니라고 하더군요 이디야 주차장처럼 생겨서 착각했고 꽤 시간이 지났음에도 별 다른 연락이 없어 잘못 주차했다는 생각조차 못 했습니다 착각이었다 해도 주차를 잘못한 건 제 잘못이 맞습니다 그로 인해 사장님들이 화가 난다는 것도 백번 이해하고요 그런데 다짜고짜 저에게 생각이 있냐 영업방해를 해도 유분수가 있지 남의 사업장 망칠 일 있냐는 둥 혼잣말 섞인 욕들을 포함해 직원 여러명이 고성을 지르며 짧은 시간 내에 별소릴 다 하더군요 죄송해서라도 설렁탕 먹으려했던 생각이 사라질 정도로요 참고로 메뉴판보니 설렁탕 한 그릇이 14 000원인데 주차비 18 000원을 내라고 했습니다 사실 뭐 주차비야 부르는게 값이고 이디야 공간이 아니니 주차비 받겠다고 했으면 잘못한 값이라 생각하고 비용이 얼마가 됐든 기분이 별로 안 상했을 겁니다 그런데 중요한 건요 결국에 주차비 받을거였으면 저한테 생각이 있냐는 식의 모욕적 발언하면 안 됐죠 QUESTION 이거 고소 성립되는거 알고 한 소린가요 QUESTION 그거 누굽니까 QUESTION 저도 식사하려 했던 고객인데 너 한명쯤 안와도 된다는 식의 손님응대 역시 장사 잘되는 집이라 다르네요,0,0,0,0,0,1,1,650,"메뉴, 간, 면, 짜"
naver,옥동식,댕댕이와숨바꼭질,136.0,2026.01.08,1번째 방문,영수증,정갈한 한끼 식사 기분좋게 하고 갑니다. 쌀밥의 익힘정도가 훌륭합니다😎 다른 것보다 고소한 밥이 진짜 예술! 씹을 때 알알이 느껴지는 게 매력적이에요. 그리고 고추지 레시피 알고 싶다.. 고추지 진짜 맛있어욤.. 저 술 좋아하는데 곰탕 한그릇에 이렇게 보리소주 곁들일 수 있게 잔술로 파는 것도 너무 좋은 거 같아요ㅠ 소주는 약간 달달한 청주느낌이었고 묵직하게 도수감 느껴져서 잘어울렸어요. 깔끔하고 따땃하고 군더더기 없다.. 조용하고 편안한 분위기라 식사에 집중하기 좋았습니다. (웨이팅: 4시에 리스팅하고 7시 경 입장. 대기번호 5번째 호출당한 이후로도 밖에서 떨면서 40분 이상 대기했어요😭🥶),336,True,,,,정갈한 한끼 식사 기분좋게 하고 갑니다. 쌀밥의 익힘정도가 훌륭합니다😎 다른 것보다 고소한 밥이 진짜 예술! 씹을 때 알알이 느껴지는 게 매력적이에요. 그리고 고추지 레시피 알고 싶다.. 고추지 진짜 맛있어욤.. 저 술 좋아하는데 곰탕 한그릇에 이렇게 보리소주 곁들일 수 있게 잔술로 파는 것도 너무 좋은 거 같아요ㅠ 소주는 약간 달달한 청주느낌이었고 묵직하게 도수감 느껴져서 잘어울렸어요. 깔끔하고 따땃하고 군더더기 없다.. 조용하고 편안한 분위기라 식사에 집중하기 좋았습니다. (웨이팅: 4시에 리스팅하고 7시 경 입장. 대기번호 5번째 호출당한 이후로도 밖에서 떨면서 40분 이상 대기했어요😭🥶),정갈한 한끼 식사 기분좋게 하고 갑니다 쌀밥의 익힘정도가 훌륭합니다 EMO_POS 다른 것보다 고소한 밥이 진짜 예술 EXCLAM 씹을 때 알알이 느껴지는 게 매력적이에요 그리고 고추지 레시피 알고 싶다 고추지 진짜 맛있어욤 저 술 좋아하는데 곰탕 한그릇에 이렇게 보리소주 곁들일 수 있게 잔술로 파는 것도 너무 좋은 거 같아요 소주는 약간 달달한 청주느낌이었고 묵직하게 도수감 느껴져서 잘어울렸어요 깔끔하고 따땃하고 군더더기 없다 조용하고 편안한 분위기라 식사에 집중하기 좋았습니다 웨이팅 4시에 리스팅하고 7시 경 입장 대기번호 5번째 호출당한 이후로도 밖에서 떨면서 40분 이상 대기했어요 EMO_NEG,1,1,0,0,1,0,1,336,"맛, 맛있, 간, 면, 밥, 짜"
kakao,능동미나리 성수점,나가보자,90.0,2025-02-22,,,맛있고 반찬? 무침? 저것도 맛있음 그러나 기다려서 먹을 맛이냐 하면 글쎄다... 만 오천원인 값을 하긴 함 고기도 많고 부드럽고 국물도 진함 근데 좀 비싼 감이 있긴 함 웨이팅 없이 바로 앉았고 그냥 미나리 국밥 soso 느낌 기다릴 것까진 없지 않나?,142,False,4.0,4.2,골드 레벨,맛있고 반찬? 무침? 저것도 맛있음 그러나 기다려서 먹을 맛이냐 하면 글쎄다... 만 오천원인 값을 하긴 함 고기도 많고 부드럽고 국물도 진함 근데 좀 비싼 감이 있긴 함 웨이팅 없이 바로 앉았고 그냥 미나리 국밥 soso 느낌 기다릴 것까진 없지 않나?,맛있고 반찬 QUESTION 무침 QUESTION 저것도 맛있음 그러나 기다려서 먹을 맛이냐 하면 글쎄다 만 오천원인 값을 하긴 함 고기도 많고 부드럽고 국물도 진함 근데 좀 비싼 감이 있긴 함 웨이팅 없이 바로 앉았고 그냥 미나리 국밥 soso 느낌 기다릴 것까진 없지 않나 QUESTION,0,0,0,0,0,1,0,142,"맛, 맛있, 고기, 면, 밥, 국물, 반찬"
naver,장인닭갈비 홍대점,주녁이9511,58.0,2026.01.11,1번째 방문,영수증,맛있어서 일주일에 3번 와요 It was so delicious that I ended up coming here three times a week,82,True,,,,맛있어서 일주일에 3번 와요 It was so delicious that I ended up coming here three times a week,맛있어서 일주일에 3번 와요 It was so delicious that I ended up coming here three times a week,0,0,0,0,0,0,1,82,"맛, 맛있"
kakao,옥동식 서교점,신종훈,345.0,2025-06-07,,,"깔끔한 토렴식 돼지곰탕, 식감이 살아있는 쌀, 고소한 지방의 버크셔K",38,False,5.0,4.3,골드 레벨,"깔끔한 토렴식 돼지곰탕, 식감이 살아있는 쌀, 고소한 지방의 버크셔K",깔끔한 토렴식 돼지곰탕 식감이 살아있는 쌀 고소한 지방의 버크셔K,0,0,0,0,0,0,0,38,식감
naver,원조 조박집 본관,희돌이네,3591.0,2025.04.11,1번째 방문,영수증,"여기 돼지갈비(1인 ₩19,000) 맛있네요~~ 친절하시기도 하고 불판도 잘 갈아주시구요~~ 가끔씩은 와야겠네요~^^",65,True,,,,"여기 돼지갈비(1인 ₩19,000) 맛있네요~~ 친절하시기도 하고 불판도 잘 갈아주시구요~~ 가끔씩은 와야겠네요~^^",여기 돼지갈비 1인 19 000 맛있네요 TILDE 친절하시기도 하고 불판도 잘 갈아주시구요 TILDE 가끔씩은 와야겠네요,0,0,0,0,0,0,1,65,"맛, 맛있"
naver,쭌곱창,JOO5310,166.0,2025.12.30,1번째 방문,영수증,여기 곱창 정말 맛있어요!! 곱창은 잡내 하나도 없이 맛있고 구워진 파가 정말 맛있어요 생크림 파인애플이랑 같이 먹으면 정말 맛있으니까 꼭 같이 드세요! 10년 전이랑 변함없는 맛이라서 너무 좋네요 잘 먹었습니다 자주 올게요!!!!,129,True,,,,여기 곱창 정말 맛있어요!! 곱창은 잡내 하나도 없이 맛있고 구워진 파가 정말 맛있어요 생크림 파인애플이랑 같이 먹으면 정말 맛있으니까 꼭 같이 드세요! 10년 전이랑 변함없는 맛이라서 너무 좋네요 잘 먹었습니다 자주 올게요!!!!,여기 곱창 정말 맛있어요 EXCLAM 곱창은 잡내 하나도 없이 맛있고 구워진 파가 정말 맛있어요 생크림 파인애플이랑 같이 먹으면 정말 맛있으니까 꼭 같이 드세요 EXCLAM 10년 전이랑 변함없는 맛이라서 너무 좋네요 잘 먹었습니다 자주 올게요 EXCLAM,0,0,0,0,1,0,1,129,"맛, 맛있, 면, 잡내"
kakao,뼈탄집 성수역점,이유진,1.0,2026-04-27,,,"저번에 방문하고 좋아서 또 방문했어요! ❤️ 고기가 진짜 맛있고 직원분께서 구워주셔서 편하게 먹을 수 있었어요 😊 상차림도 잘 나오고 전체적으로 메뉴 하나하나 다 만족스러웠어요 💛 찌개도 진하고 깊은 맛이라 좋았고, 볶음밥까지 맛있어서 마무리까지 완벽했어요 💕 다음에도 또 재방문할 예정입니다! 💖",166,True,5.0,5.0,브론즈 레벨,"저번에 방문하고 좋아서 또 방문했어요! ❤️ 고기가 진짜 맛있고 직원분께서 구워주셔서 편하게 먹을 수 있었어요 😊 상차림도 잘 나오고 전체적으로 메뉴 하나하나 다 만족스러웠어요 💛 찌개도 진하고 깊은 맛이라 좋았고, 볶음밥까지 맛있어서 마무리까지 완벽했어요 💕 다음에도 또 재방문할 예정입니다! 💖",저번에 방문하고 좋아서 또 방문했어요 EXCLAM EMO_POS 고기가 진짜 맛있고 직원분께서 구워주셔서 편하게 먹을 수 있었어요 EMO_POS 상차림도 잘 나오고 전체적으로 메뉴 하나하나 다 만족스러웠어요 EMO_POS 찌개도 진하고 깊은 맛이라 좋았고 볶음밥까지 맛있어서 마무리까지 완벽했어요 EMO_POS 다음에도 또 재방문할 예정입니다 EXCLAM EMO_POS,1,0,0,0,1,0,0,166,"맛, 맛있, 메뉴, 고기, 밥, 짜"
naver,훼미리손칼국수보쌈,Bombomb,677.0,2025.05.17,1번째 방문,영수증,보쌈이 더 맛있다던 훼미리칼국수 전 칼국수가 더 맛나던디요 국물이 계속 들이켜지고 아! 김치! 김치가 예술이네요 김치속은 또 어찌나맛난지 끝내줍니다,82,True,,,,보쌈이 더 맛있다던 훼미리칼국수 전 칼국수가 더 맛나던디요 국물이 계속 들이켜지고 아! 김치! 김치가 예술이네요 김치속은 또 어찌나맛난지 끝내줍니다,보쌈이 더 맛있다던 훼미리칼국수 전 칼국수가 더 맛나던디요 국물이 계속 들이켜지고 아 EXCLAM 김치 EXCLAM 김치가 예술이네요 김치속은 또 어찌나맛난지 끝내줍니다,0,0,0,0,1,0,0,82,"맛, 맛있, 국물, 김치, 보쌈"
naver,태양곱창 성수점,Yoons5,578.0,2026.03.20,1번째 방문,영수증,태양곱창전골은 진리죠...!!! 넘맛있어요ㅎㅎㅎ 잘먹고갑니다 콘치즈까지 !!!,43,True,,,,태양곱창전골은 진리죠...!!! 넘맛있어요ㅎㅎㅎ 잘먹고갑니다 콘치즈까지 !!!,태양곱창전골은 진리죠 EXCLAM 넘맛있어요 잘먹고갑니다 콘치즈까지 EXCLAM,0,0,0,0,1,0,0,43,"맛, 맛있, 양"
naver,을밀대 평양냉면,반짝이는 보조개,,2025.07.14,1번째 방문,예약,"녹두전..정말 작음.바삭함의 극치~이나, 탄맛남.비싸고, 탄것 같은 인상에 재주문 안할듯.냉면은 깔끔함~면은 고숩고~육수는 밍밍한듯 안한듯~ 좋았음.살엄음 있는것보다 없는게 확실히 맛있음.덥다고 1개는 살얼음 있는거 먹었는데, 니맛 네맛도 모를맛임.ㅋㅋ",141,True,,,,"녹두전..정말 작음.바삭함의 극치~이나, 탄맛남.비싸고, 탄것 같은 인상에 재주문 안할듯.냉면은 깔끔함~면은 고숩고~육수는 밍밍한듯 안한듯~ 좋았음.살엄음 있는것보다 없는게 확실히 맛있음.덥다고 1개는 살얼음 있는거 먹었는데, 니맛 네맛도 모를맛임.ㅋㅋ",녹두전 정말 작음 바삭함의 극치 이나 탄맛남 비싸고 탄것 같은 인상에 재주문 안할듯 냉면은 깔끔함 면은 고숩고 육수는 밍밍한듯 안한듯 좋았음 살엄음 있는것보다 없는게 확실히 맛있음 덥다고 1개는 살얼음 있는거 먹었는데 니맛 네맛도 모를맛임,0,0,0,0,0,0,1,141,"맛, 맛있, 면, 냉면"
naver,을밀대 평양냉면,육포공장,324.0,2025.07.22,1번째 방문,영수증,사골국 같은 온육수 너무 좋아합니다. 냉면 먹기전 입맛을 돋우기에 너무 좋아요. 냉면은 최근 평냉의 트렌드가 짠맛인가 싶을 정도로 염도가 센 요즘 메이저 평냉집들 사이에서 중심을 잘 잡고 있는 것 같았습니다. 너무 맛있게 잘 먹었습니다.,132,True,,,,사골국 같은 온육수 너무 좋아합니다. 냉면 먹기전 입맛을 돋우기에 너무 좋아요. 냉면은 최근 평냉의 트렌드가 짠맛인가 싶을 정도로 염도가 센 요즘 메이저 평냉집들 사이에서 중심을 잘 잡고 있는 것 같았습니다. 너무 맛있게 잘 먹었습니다.,사골국 같은 온육수 너무 좋아합니다 냉면 먹기전 입맛을 돋우기에 너무 좋아요 냉면은 최근 평냉의 트렌드가 짠맛인가 싶을 정도로 염도가 센 요즘 메이저 평냉집들 사이에서 중심을 잘 잡고 있는 것 같았습니다 너무 맛있게 잘 먹었습니다,0,0,0,0,0,0,0,132,"맛, 맛있, 면, 냉면, 평냉"
kakao,홍대 조선시대,정다현,1.0,2026-02-05,,,맛있어요 굳굳!!,9,True,4.0,4.0,브론즈 레벨,맛있어요 굳굳!!,맛있어요 굳굳 EXCLAM,0,0,0,0,1,0,0,9,"맛, 맛있"
naver,소문난성수감자탕,AY77,18.0,2025.12.19,1번째 방문,영수증,약 8-9년 전에 처음 갔었고 그때나 지금이나 줄없이 들어가서 가성비 좋게 먹기 좋은 곳. 분위기는 시장통이고 일하시는 분들 계속 소리질러서 귀 아픔. 절대 기다려서 먹을 맛은 아님.,102,False,,,,약 8-9년 전에 처음 갔었고 그때나 지금이나 줄없이 들어가서 가성비 좋게 먹기 좋은 곳. 분위기는 시장통이고 일하시는 분들 계속 소리질러서 귀 아픔. 절대 기다려서 먹을 맛은 아님.,약 8 9년 전에 처음 갔었고 그때나 지금이나 줄없이 들어가서 가성비 좋게 먹기 좋은 곳 분위기는 시장통이고 일하시는 분들 계속 소리질러서 귀 아픔 절대 기다려서 먹을 맛은 아님,0,0,0,0,0,0,1,102,맛
naver,황금콩밭,하이 하와,26.0,2026.03.16,1번째 방문,영수증,11시40분에 도착했는데 웨이팅 번호가 18번 이었다 맛집이군 !! 사실 티비에서 보고 소쿠리두부랑 짜글이 먹어보려고 갔는데 후기보고. 청국장이랑 두부부침으로 시켰다. 짜글이도 궁금했고~ 50분정도 기다린후 입장!!! 반찬 그냥보통/ 청국장은 맛있고/ 짜글이는 기대이하라 다 남김. 아까비~/두부부침 부들부들 고소하니 맛있음 그러나 두조각먹으니 느끼함 두부맛집은. 확실하다!!! 두부만 꼭 먹으보면 좋을듯♡♡♡ 근데 시간 돈 모든걸 쓰기엔 아까운듯 해요,253,True,,,,11시40분에 도착했는데 웨이팅 번호가 18번 이었다 맛집이군 !! 사실 티비에서 보고 소쿠리두부랑 짜글이 먹어보려고 갔는데 후기보고. 청국장이랑 두부부침으로 시켰다. 짜글이도 궁금했고~ 50분정도 기다린후 입장!!! 반찬 그냥보통/ 청국장은 맛있고/ 짜글이는 기대이하라 다 남김. 아까비~/두부부침 부들부들 고소하니 맛있음 그러나 두조각먹으니 느끼함 두부맛집은. 확실하다!!! 두부만 꼭 먹으보면 좋을듯♡♡♡ 근데 시간 돈 모든걸 쓰기엔 아까운듯 해요,11시40분에 도착했는데 웨이팅 번호가 18번 이었다 맛집이군 EXCLAM 사실 티비에서 보고 소쿠리두부랑 짜글이 먹어보려고 갔는데 후기보고 청국장이랑 두부부침으로 시켰다 짜글이도 궁금했고 50분정도 기다린후 입장 EXCLAM 반찬 그냥보통 청국장은 맛있고 짜글이는 기대이하라 다 남김 아까비 두부부침 부들부들 고소하니 맛있음 그러나 두조각먹으니 느끼함 두부맛집은 확실하다 EXCLAM 두부만 꼭 먹으보면 좋을듯 EMO_POS EMO_POS EMO_POS 근데 시간 돈 모든걸 쓰기엔 아까운듯 해요,1,0,0,0,1,0,1,253,"맛, 맛있, 간, 면, 반찬, 느끼, 짜"
kakao,태양곱창 성수,시시,1.0,2025-03-06,,,오랜만에 야곱이 먹고 싶어서 찾아왔는데 곱창이 너무 맛있고 양도 많았어요!!,42,False,5.0,5.0,브론즈 레벨,오랜만에 야곱이 먹고 싶어서 찾아왔는데 곱창이 너무 맛있고 양도 많았어요!!,오랜만에 야곱이 먹고 싶어서 찾아왔는데 곱창이 너무 맛있고 양도 많았어요 EXCLAM,0,0,0,0,1,0,0,42,"맛, 맛있, 양"
naver,금금 성수점,Min9943,803.0,2026.04.14,1번째 방문,영수증,보리된장국수는 중식에 한식을 접목시킨 퓨전요리같은 느낌이었어요 문어간장비빔밥이 슴슴하니 정말 맛있었습니다 묵은지 김치말이는 떡볶이 땡기는 맛이었습니다 다 맛있어요~,91,True,,,,보리된장국수는 중식에 한식을 접목시킨 퓨전요리같은 느낌이었어요 문어간장비빔밥이 슴슴하니 정말 맛있었습니다 묵은지 김치말이는 떡볶이 땡기는 맛이었습니다 다 맛있어요~,보리된장국수는 중식에 한식을 접목시킨 퓨전요리같은 느낌이었어요 문어간장비빔밥이 슴슴하니 정말 맛있었습니다 묵은지 김치말이는 떡볶이 땡기는 맛이었습니다 다 맛있어요,0,0,0,0,0,0,0,91,"맛, 맛있, 요리, 간, 밥, 김치"
naver,장인닭갈비 홍대점,asd****,4.0,2026.04.04,1번째 방문,영수증,닭갈비 야르~ 맛있게 잘 먹었고 사장님도 친절하셔서 좋았습니다~,35,True,,,,닭갈비 야르~ 맛있게 잘 먹었고 사장님도 친절하셔서 좋았습니다~,닭갈비 야르 맛있게 잘 먹었고 사장님도 친절하셔서 좋았습니다,0,0,0,0,0,0,0,35,"맛, 맛있"
naver,능동미나리 성수지점,모모잼잼,134.0,2026.02.08,1번째 방문,영수증,미나리가 정말 아낌없이 들어가서 비주얼부터 압도적이에요. 고기 국물인데도 미나리 덕분에 끝맛이 너무 깔끔해서 질리지 않아요. 같이 나오는 오징어 젓갈이랑 섞박지 조합은 말해 뭐해... 밥도둑 그 자체입니다.,115,True,,,,미나리가 정말 아낌없이 들어가서 비주얼부터 압도적이에요. 고기 국물인데도 미나리 덕분에 끝맛이 너무 깔끔해서 질리지 않아요. 같이 나오는 오징어 젓갈이랑 섞박지 조합은 말해 뭐해... 밥도둑 그 자체입니다.,미나리가 정말 아낌없이 들어가서 비주얼부터 압도적이에요 고기 국물인데도 미나리 덕분에 끝맛이 너무 깔끔해서 질리지 않아요 같이 나오는 오징어 젓갈이랑 섞박지 조합은 말해 뭐해 밥도둑 그 자체입니다,0,0,0,0,0,0,0,115,"맛, 고기, 밥, 국물"
kakao,원조조박집 본관,마리오,211.0,2025-01-15,,,달지 않고 먹기 좋게 달달한 돼지갈비를 맛볼 수 있는 곳으로 마포에서 이만한 곳은 없습니다.,51,True,5.0,4.7,골드 레벨,달지 않고 먹기 좋게 달달한 돼지갈비를 맛볼 수 있는 곳으로 마포에서 이만한 곳은 없습니다.,달지 않고 먹기 좋게 달달한 돼지갈비를 맛볼 수 있는 곳으로 마포에서 이만한 곳은 없습니다,0,0,0,0,0,0,0,51,맛
naver,홍대 육지,ryudals66,18.0,2026.02.27,1번째 방문,영수증,"들어오자마자 인테리어가 너무 멋있어서 좋았고, 직원들이 다 친절하시고 고기도 맛있게 잘 구워주십니다!! 홍대에서 고기 드시고 싶을때 🐷육지🐷 추천합니다 사이드로 동치미 막국수도 먹었는데 걍 미쳤습니다(p) 후식으로 볶음밥도 꼬옥 드세여 젭알...🥹🩵",139,True,,,,"들어오자마자 인테리어가 너무 멋있어서 좋았고, 직원들이 다 친절하시고 고기도 맛있게 잘 구워주십니다!! 홍대에서 고기 드시고 싶을때 🐷육지🐷 추천합니다 사이드로 동치미 막국수도 먹었는데 걍 미쳤습니다(p) 후식으로 볶음밥도 꼬옥 드세여 젭알...🥹🩵",들어오자마자 인테리어가 너무 멋있어서 좋았고 직원들이 다 친절하시고 고기도 맛있게 잘 구워주십니다 EXCLAM 홍대에서 고기 드시고 싶을때 육지 추천합니다 사이드로 동치미 막국수도 먹었는데 걍 미쳤습니다 p 후식으로 볶음밥도 꼬옥 드세여 젭알,0,0,0,0,1,0,0,139,"맛, 맛있, 고기, 밥"
naver,금금 성수점,bli****,34.0,2026.04.22,1번째 방문,영수증,평일 저녁에 대기 없이 입장했어요! 맛있는 한식 메뉴가 많고 다이어트 중에도 부담없이 먹을 수 있는 정도라 좋아요 ~~ 🙌🏻💗,70,True,,,,평일 저녁에 대기 없이 입장했어요! 맛있는 한식 메뉴가 많고 다이어트 중에도 부담없이 먹을 수 있는 정도라 좋아요 ~~ 🙌🏻💗,평일 저녁에 대기 없이 입장했어요 EXCLAM 맛있는 한식 메뉴가 많고 다이어트 중에도 부담없이 먹을 수 있는 정도라 좋아요 TILDE EMO_POS EMO_POS,1,0,0,0,1,0,0,70,"맛, 맛있, 메뉴"
naver,훼미리손칼국수보쌈,햄0215,56.0,2026.04.15,1번째 방문,영수증,정식 안 시켰다고 짜증내는 아줌마는 또 처음이네요.. 이제 안가요 1인1메뉴 시켰는데 이럴거면 칼국수를 메뉴에서 없애시던가...너무 불쾌했네요,79,False,,,,정식 안 시켰다고 짜증내는 아줌마는 또 처음이네요.. 이제 안가요 1인1메뉴 시켰는데 이럴거면 칼국수를 메뉴에서 없애시던가...너무 불쾌했네요,정식 안 시켰다고 짜증내는 아줌마는 또 처음이네요 이제 안가요 1인1메뉴 시켰는데 이럴거면 칼국수를 메뉴에서 없애시던가 너무 불쾌했네요,0,0,0,0,0,0,1,79,"메뉴, 면, 짜"
naver,황금콩밭,숙녀72,1.0,2026.03.22,1번째 방문,예약,이런 두부를 먹을 수 있어서 식사하는 동안 내내 너무 행복했습니다. 한가지 재료로 이렇게 다양한 음식으로 맛을 볼 수 있어서 너무 감사드려요...오래오래 먹을 수 있기를 바래봅니다. 감사합니다.,108,False,,,,이런 두부를 먹을 수 있어서 식사하는 동안 내내 너무 행복했습니다. 한가지 재료로 이렇게 다양한 음식으로 맛을 볼 수 있어서 너무 감사드려요...오래오래 먹을 수 있기를 바래봅니다. 감사합니다.,이런 두부를 먹을 수 있어서 식사하는 동안 내내 너무 행복했습니다 한가지 재료로 이렇게 다양한 음식으로 맛을 볼 수 있어서 너무 감사드려요 오래오래 먹을 수 있기를 바래봅니다 감사합니다,0,0,0,0,0,0,0,108,"맛, 음식, 양, 재료"
kakao,홍대 조선시대,고수바질딜레몬그라스미나리쑥갓달래,273.0,2026-02-22,,,"리뷰 이벤트 있습니다. 네이버 영수증 리뷰 필수, 카카오맵이나 구글맵 중 하나 리뷰 올리면 감자전 서비스라고 하니 참여해서 꼭 받아가세요. 꾀돌이 맛집입니다. 1, 2차로 이미 배가 부르다, 나는 술만 있으면 된다 하시는 분들께 추천드립니다. 직원 몇몇 분들 덕에 입장부터 기분이 좋지 않았습니다. 후문으로 들어온 손님 보이면 정문 카운터로 가시라고 안내 좀 빠르게 부탁드립니다. 휴대폰 보느라 오는 손님 무시하지 말아주세요.",238,False,1.0,3.4,골드 레벨,"리뷰 이벤트 있습니다. 네이버 영수증 리뷰 필수, 카카오맵이나 구글맵 중 하나 리뷰 올리면 감자전 서비스라고 하니 참여해서 꼭 받아가세요. 꾀돌이 맛집입니다. 1, 2차로 이미 배가 부르다, 나는 술만 있으면 된다 하시는 분들께 추천드립니다. 직원 몇몇 분들 덕에 입장부터 기분이 좋지 않았습니다. 후문으로 들어온 손님 보이면 정문 카운터로 가시라고 안내 좀 빠르게 부탁드립니다. 휴대폰 보느라 오는 손님 무시하지 말아주세요.",리뷰 이벤트 있습니다 네이버 영수증 리뷰 필수 카카오맵이나 구글맵 중 하나 리뷰 올리면 감자전 서비스라고 하니 참여해서 꼭 받아가세요 꾀돌이 맛집입니다 1 2차로 이미 배가 부르다 나는 술만 있으면 된다 하시는 분들께 추천드립니다 직원 몇몇 분들 덕에 입장부터 기분이 좋지 않았습니다 후문으로 들어온 손님 보이면 정문 카운터로 가시라고 안내 좀 빠르게 부탁드립니다 휴대폰 보느라 오는 손님 무시하지 말아주세요,0,0,0,0,0,0,1,238,"맛, 면, 맵"
naver,금금 성수점,짱짱맨6531,34.0,2026.04.18,1번째 방문,영수증,특별한 메뉴도 많고 생각보다 맛있어서 놀랬습니다~ 성수 오시는 분들 한번씩 가보세요~,47,True,,,,특별한 메뉴도 많고 생각보다 맛있어서 놀랬습니다~ 성수 오시는 분들 한번씩 가보세요~,특별한 메뉴도 많고 생각보다 맛있어서 놀랬습니다 성수 오시는 분들 한번씩 가보세요,0,0,0,0,0,0,0,47,"맛, 맛있, 메뉴"
naver,각시보쌈,블랙마리언니,330.0,2025.11.09,3번째 방문,예약,주말에 남편이랑 낮술하러 들른 각시보쌈 합정점이에요 합정역 7번 출구에서 가까워서 접근성도 좋고 항상 손님이 많아서 웨이팅은 기본인데 그래도 기다릴 가치 충분한 곳이에요 😊 저희는 점심에만 주문 가능한 보쌈정식을 먹었는데 보쌈 고기부터 감탄 나왔어요 잡내 없이 부드럽고 촉촉하게 삶아져서 한 점 씹을 때마다 고기결이 살아있고 무생채랑 같이 먹으면 조합이 정말 최고였어요 밑반찬도 깔끔하고 특히 김치찌개가 진짜 맛있어서 보쌈 먹다가 뜨끈한 국물 한입 먹으면 바로 소주 불러오는 맛이에요 🍶 손님이 많아도 이모님들이 너무 베테랑이라 주문도 빠르고 음식도 꼬이지 않아서 편하게 식사할 수 있었어요 합정에서 보쌈 드시고 싶으신 분들께 자신 있게 추천드려요 👍,364,True,,,,주말에 남편이랑 낮술하러 들른 각시보쌈 합정점이에요 합정역 7번 출구에서 가까워서 접근성도 좋고 항상 손님이 많아서 웨이팅은 기본인데 그래도 기다릴 가치 충분한 곳이에요 😊 저희는 점심에만 주문 가능한 보쌈정식을 먹었는데 보쌈 고기부터 감탄 나왔어요 잡내 없이 부드럽고 촉촉하게 삶아져서 한 점 씹을 때마다 고기결이 살아있고 무생채랑 같이 먹으면 조합이 정말 최고였어요 밑반찬도 깔끔하고 특히 김치찌개가 진짜 맛있어서 보쌈 먹다가 뜨끈한 국물 한입 먹으면 바로 소주 불러오는 맛이에요 🍶 손님이 많아도 이모님들이 너무 베테랑이라 주문도 빠르고 음식도 꼬이지 않아서 편하게 식사할 수 있었어요 합정에서 보쌈 드시고 싶으신 분들께 자신 있게 추천드려요 👍,주말에 남편이랑 낮술하러 들른 각시보쌈 합정점이에요 합정역 7번 출구에서 가까워서 접근성도 좋고 항상 손님이 많아서 웨이팅은 기본인데 그래도 기다릴 가치 충분한 곳이에요 EMO_POS 저희는 점심에만 주문 가능한 보쌈정식을 먹었는데 보쌈 고기부터 감탄 나왔어요 잡내 없이 부드럽고 촉촉하게 삶아져서 한 점 씹을 때마다 고기결이 살아있고 무생채랑 같이 먹으면 조합이 정말 최고였어요 밑반찬도 깔끔하고 특히 김치찌개가 진짜 맛있어서 보쌈 먹다가 뜨끈한 국물 한입 먹으면 바로 소주 불러오는 맛이에요 손님이 많아도 이모님들이 너무 베테랑이라 주문도 빠르고 음식도 꼬이지 않아서 편하게 식사할 수 있었어요 합정에서 보쌈 드시고 싶으신 분들께 자신 있게 추천드려요 EMO_POS,1,0,0,0,0,0,1,364,"맛, 맛있, 음식, 고기, 면, 국물, 반찬, 김치, 보쌈, 잡내, 짜"
naver,뼈탄집 성수역점,kjo****,191.0,2026.04.15,1번째 방문,영수증,"서비스, 맛, 분위기 다 만족스러웠어요 😊고기 생각날 때 다시 올 것 같은 찐 맛집이에요 ㅎㅎ 너무 잘먹고갑니다♥️",64,True,,,,"서비스, 맛, 분위기 다 만족스러웠어요 😊고기 생각날 때 다시 올 것 같은 찐 맛집이에요 ㅎㅎ 너무 잘먹고갑니다♥️",서비스 맛 분위기 다 만족스러웠어요 EMO_POS 고기 생각날 때 다시 올 것 같은 찐 맛집이에요 너무 잘먹고갑니다 EMO_POS,1,0,0,0,0,0,0,64,"맛, 고기"
naver,락희옥 마포본점,helvetica26,33.0,2025.11.29,1번째 방문,예약,"다들 너무 친절하시고, 아이랑 함께 방문해서 너무 좋은 시간 보냈습니다. 좋은 날에 맛있는 식사 감사합니다:-)",62,True,,,,"다들 너무 친절하시고, 아이랑 함께 방문해서 너무 좋은 시간 보냈습니다. 좋은 날에 맛있는 식사 감사합니다:-)",다들 너무 친절하시고 아이랑 함께 방문해서 너무 좋은 시간 보냈습니다 좋은 날에 맛있는 식사 감사합니다,0,0,0,0,0,0,0,62,"맛, 맛있, 간"
naver,능동미나리 성수지점,주디현스토리,696.0,2025.12.12,1번째 방문,예약,"차돌모둠곰탕 &gt;&gt; 육회비빔밥 금요일 저녁6시, 5분 대기후 입장 ✨곰탕국물에 미나리가 들어가니 깔끔하고 담백",66,True,,,,"차돌모둠곰탕 &gt;&gt; 육회비빔밥 금요일 저녁6시, 5분 대기후 입장 ✨곰탕국물에 미나리가 들어가니 깔끔하고 담백",차돌모둠곰탕 gt gt 육회비빔밥 금요일 저녁6시 5분 대기후 입장 EMO_POS 곰탕국물에 미나리가 들어가니 깔끔하고 담백,1,0,0,0,0,0,1,66,"밥, 국물"
kakao,장인닭갈비 홍대점,가을이야,95.0,2025-01-24,,,친구들과 저녁먹기위해 찾아간 닭갈비맛집!! 옛날식 큼직한 철판에 맛있게 야채랑 사리추가까지 해서 먹든데 고기맛도 부드럽고 양념도 너무 맛있는게 마무리로 봌음밥까지 완벽하게 즐긴 식사였네요,104,True,5.0,5.0,실버 레벨,친구들과 저녁먹기위해 찾아간 닭갈비맛집!! 옛날식 큼직한 철판에 맛있게 야채랑 사리추가까지 해서 먹든데 고기맛도 부드럽고 양념도 너무 맛있는게 마무리로 봌음밥까지 완벽하게 즐긴 식사였네요,친구들과 저녁먹기위해 찾아간 닭갈비맛집 EXCLAM 옛날식 큼직한 철판에 맛있게 야채랑 사리추가까지 해서 먹든데 고기맛도 부드럽고 양념도 너무 맛있는게 마무리로 봌음밥까지 완벽하게 즐긴 식사였네요,0,0,0,0,1,0,0,104,"맛, 맛있, 양, 간, 고기, 밥"
naver,을밀대 평양냉면,하쿠나마타타993,170.0,2025.09.25,1번째 방문,영수증,평양냉면 제대로 처음 먹어보는데 맛있네요 을밀대 기다려서 먹은 보람이 있어요,42,True,,,,평양냉면 제대로 처음 먹어보는데 맛있네요 을밀대 기다려서 먹은 보람이 있어요,평양냉면 제대로 처음 먹어보는데 맛있네요 을밀대 기다려서 먹은 보람이 있어요,0,0,0,0,0,0,0,42,"맛, 맛있, 양, 면, 냉면"
kakao,육산장 홍대본점,소또취,1.0,2025-10-11,,,죄다 일식집만 있고 든든하게 먹을곳 찾았는데 맛있어용 굿 돼지고기가 더 맛있음,43,True,5.0,5.0,브론즈 레벨,죄다 일식집만 있고 든든하게 먹을곳 찾았는데 맛있어용 굿 돼지고기가 더 맛있음,죄다 일식집만 있고 든든하게 먹을곳 찾았는데 맛있어용 굿 돼지고기가 더 맛있음,0,0,0,0,0,0,0,43,"맛, 맛있, 고기"
kakao,훼미리손칼국수보쌈,옙,2.0,2025-12-07,,,옛날엔 맛도 좋고 친절했는데 너무 불친절 해졌다. 왜이렇게 산만하고 먹고 있는데 수저통 채우시는데 그렇게 까지 팍팍 소리내며 채울 일인가?? 일하기 싫어하는 티를 너무 내신다. 그리고 왜 반말이세요??그리고 앉자마자 정식2인분 할거죠? 라고 거의 반강요를 하신다. 보쌈이 나오고 칼국수가 나오는데 나보다 늦게온 사람들 칼국수 먼저 주고 십분 정도 더 기다려서야 나의 칼국수가 도착했다. 김치도 더달라고 했는데 알겠다고 하고 안주시고..다신 안올듯!,250,True,2.0,3.5,브론즈 레벨,옛날엔 맛도 좋고 친절했는데 너무 불친절 해졌다. 왜이렇게 산만하고 먹고 있는데 수저통 채우시는데 그렇게 까지 팍팍 소리내며 채울 일인가?? 일하기 싫어하는 티를 너무 내신다. 그리고 왜 반말이세요??그리고 앉자마자 정식2인분 할거죠? 라고 거의 반강요를 하신다. 보쌈이 나오고 칼국수가 나오는데 나보다 늦게온 사람들 칼국수 먼저 주고 십분 정도 더 기다려서야 나의 칼국수가 도착했다. 김치도 더달라고 했는데 알겠다고 하고 안주시고..다신 안올듯!,옛날엔 맛도 좋고 친절했는데 너무 불친절 해졌다 왜이렇게 산만하고 먹고 있는데 수저통 채우시는데 그렇게 까지 팍팍 소리내며 채울 일인가 QUESTION 일하기 싫어하는 티를 너무 내신다 그리고 왜 반말이세요 QUESTION 그리고 앉자마자 정식2인분 할거죠 QUESTION 라고 거의 반강요를 하신다 보쌈이 나오고 칼국수가 나오는데 나보다 늦게온 사람들 칼국수 먼저 주고 십분 정도 더 기다려서야 나의 칼국수가 도착했다 김치도 더달라고 했는데 알겠다고 하고 안주시고 다신 안올듯 EXCLAM,0,0,0,0,1,1,1,250,"맛, 김치, 보쌈"
naver,옥동식,Yulmaeng,161.0,2025.12.17,2번째 방문,영수증,"3년 전에 방문했을 때 너무 맛있게 먹었던 기억이 있어, 이후에도 재방문을 시도했지만 웨이팅이 너무 길어 결국 다른 곳으로 가야만 했다. 그런데 흑백요리사에 출연하셨다는 소식을 듣고는, 더 이상 미룰 수 없겠다는 생각이 들어 4시부터 웨이팅을 걸어두고 한참을 기다린 끝에 드디어 먹을 수 있었다. 첫 입은 3년 전의 감동만큼은 아니었지만, 먹을수록 은은하게 퍼지는 고기 향과 국물의 맛이 끝까지 기분 좋게 이어졌다. 특히 처음 먹어본 김치만두에 오히려 놀랐다. 자칫하면 자극적일 수 있는 김치만두를 담백하면서도 김치 본연의 맛을 살렸다. 정말 만족스러운 식사였다~!",316,True,,,,"3년 전에 방문했을 때 너무 맛있게 먹었던 기억이 있어, 이후에도 재방문을 시도했지만 웨이팅이 너무 길어 결국 다른 곳으로 가야만 했다. 그런데 흑백요리사에 출연하셨다는 소식을 듣고는, 더 이상 미룰 수 없겠다는 생각이 들어 4시부터 웨이팅을 걸어두고 한참을 기다린 끝에 드디어 먹을 수 있었다. 첫 입은 3년 전의 감동만큼은 아니었지만, 먹을수록 은은하게 퍼지는 고기 향과 국물의 맛이 끝까지 기분 좋게 이어졌다. 특히 처음 먹어본 김치만두에 오히려 놀랐다. 자칫하면 자극적일 수 있는 김치만두를 담백하면서도 김치 본연의 맛을 살렸다. 정말 만족스러운 식사였다~!",3년 전에 방문했을 때 너무 맛있게 먹었던 기억이 있어 이후에도 재방문을 시도했지만 웨이팅이 너무 길어 결국 다른 곳으로 가야만 했다 그런데 흑백요리사에 출연하셨다는 소식을 듣고는 더 이상 미룰 수 없겠다는 생각이 들어 4시부터 웨이팅을 걸어두고 한참을 기다린 끝에 드디어 먹을 수 있었다 첫 입은 3년 전의 감동만큼은 아니었지만 먹을수록 은은하게 퍼지는 고기 향과 국물의 맛이 끝까지 기분 좋게 이어졌다 특히 처음 먹어본 김치만두에 오히려 놀랐다 자칫하면 자극적일 수 있는 김치만두를 담백하면서도 김치 본연의 맛을 살렸다 정말 만족스러운 식사였다 EXCLAM,0,0,0,0,1,0,1,316,"맛, 맛있, 요리, 고기, 면, 국물, 김치"
kakao,장인닭갈비 홍대점,행쇼,20.0,2026-03-24,,,가격대도 합리적이네여 양이 진짜 푸짐해요 신선한 닭에 치즈까지 올려먹으면 완전 행복 그자체! 점심 잘 먹었습니다,62,False,5.0,5.0,실버 레벨,가격대도 합리적이네여 양이 진짜 푸짐해요 신선한 닭에 치즈까지 올려먹으면 완전 행복 그자체! 점심 잘 먹었습니다,가격대도 합리적이네여 양이 진짜 푸짐해요 신선한 닭에 치즈까지 올려먹으면 완전 행복 그자체 EXCLAM 점심 잘 먹었습니다,0,0,0,0,1,0,0,62,"양, 면, 짜"
kakao,성수족발,봄날,72.0,2025-10-25,,,"맛없음.. 야채, 채소 진짜 조금 들어있음 막국수도 없음.. 이름값으로 비싸기만 함",46,False,1.0,2.9,실버 레벨,"맛없음.. 야채, 채소 진짜 조금 들어있음 막국수도 없음.. 이름값으로 비싸기만 함",맛없음 야채 채소 진짜 조금 들어있음 막국수도 없음 이름값으로 비싸기만 함,0,0,0,0,0,0,0,46,"맛, 맛없, 짜"
naver,장인닭갈비 홍대점,tatisl,78.0,2026.01.10,1번째 방문,영수증,자리가 추워요. 맛있어요. 대기후 입장했어요.,25,True,,,,자리가 추워요. 맛있어요. 대기후 입장했어요.,자리가 추워요 맛있어요 대기후 입장했어요,0,0,0,0,0,0,0,25,"맛, 맛있"
kakao,을밀대 본점,치치한 치치,6.0,2025-04-21,,,"일요일 오후에 웨이팅 30분 기다렸어요. 우래옥, 필동면옥, 남포면옥보다 더 심심해요. 냉면에 얼음이 있어 여름에 더 맛있을 것 같아요. 녹두전은 개인적으로 1.3 가격에는 못 미친다고 봅니다. 그냥 집에서 만든 것보다 조금 맛있는 정도… 8천원 정도면 딱 좋을텐데.. 물냉은 개인적으로 5번 이상 먹어봐야 맛이 느껴질 거 에요. 사실 저도 4번 째 먹고 나서 맛을 느껴서 ㅎ 그전까진 해장으로 먹은..",225,False,3.0,3.2,브론즈 레벨,"일요일 오후에 웨이팅 30분 기다렸어요. 우래옥, 필동면옥, 남포면옥보다 더 심심해요. 냉면에 얼음이 있어 여름에 더 맛있을 것 같아요. 녹두전은 개인적으로 1.3 가격에는 못 미친다고 봅니다. 그냥 집에서 만든 것보다 조금 맛있는 정도… 8천원 정도면 딱 좋을텐데.. 물냉은 개인적으로 5번 이상 먹어봐야 맛이 느껴질 거 에요. 사실 저도 4번 째 먹고 나서 맛을 느껴서 ㅎ 그전까진 해장으로 먹은..",일요일 오후에 웨이팅 30분 기다렸어요 우래옥 필동면옥 남포면옥보다 더 심심해요 냉면에 얼음이 있어 여름에 더 맛있을 것 같아요 녹두전은 개인적으로 1 3 가격에는 못 미친다고 봅니다 그냥 집에서 만든 것보다 조금 맛있는 정도 8천원 정도면 딱 좋을텐데 물냉은 개인적으로 5번 이상 먹어봐야 맛이 느껴질 거 에요 사실 저도 4번 째 먹고 나서 맛을 느껴서 그전까진 해장으로 먹은,0,0,0,0,0,0,1,225,"맛, 맛있, 면, 냉면"
naver,굴다리식당,wjddmlfhdns,11.0,2026.04.16,1번째 방문,영수증,"김치 반찬에서 머리카락 나왔음. 일하는 아주머니 손으로 접시, 행주, 돈, 반찬 다 만짐. 위생이 너무 불결해서 추천 못함. 양은 김치찌개, 계란말이, 제육볶음 다 푸짐함. 하지만 위생 때문에 다 남김.",113,False,,,,"김치 반찬에서 머리카락 나왔음. 일하는 아주머니 손으로 접시, 행주, 돈, 반찬 다 만짐. 위생이 너무 불결해서 추천 못함. 양은 김치찌개, 계란말이, 제육볶음 다 푸짐함. 하지만 위생 때문에 다 남김.",김치 반찬에서 머리카락 나왔음 일하는 아주머니 손으로 접시 행주 돈 반찬 다 만짐 위생이 너무 불결해서 추천 못함 양은 김치찌개 계란말이 제육볶음 다 푸짐함 하지만 위생 때문에 다 남김,0,0,0,0,0,0,0,113,"양, 반찬, 김치"
naver,락희옥 마포본점,채채68,10.0,2026.02.16,1번째 방문,영수증,"음식이 너무 맛있어요 직원분들도 친절하시고 너무 만족한 식사였습니다 모임,회식 추천드려요 !",51,False,,,,"음식이 너무 맛있어요 직원분들도 친절하시고 너무 만족한 식사였습니다 모임,회식 추천드려요 !",음식이 너무 맛있어요 직원분들도 친절하시고 너무 만족한 식사였습니다 모임 회식 추천드려요 EXCLAM,0,0,0,0,1,0,0,51,"맛, 맛있, 음식"
kakao,태양곱창 성수,별이되어라,147.0,2025-10-08,,,곱창 전골을 먹었습니다 죄송합니다만 다시는 안 올 거 같아요 성수동은 역시 삐까뻔쩍하면 월세가 비싸요 퀄리티가 좋을 수가 없다는 것을 다시 한 번 느낍니다 구석탱이 줄서있는 맛집을 가세요 다 이유가 있습니다 양은 많아요 전문가가 아니라서 그런지... 양은 많아서 별 2개입니다 돼지곱창이 원래 이렇다라고 한다면.... 주방에서 돼지잡내가 많이 나서 들깨넣어서 거의 들깨국으로 먹었어요,214,True,2.0,4.6,골드 레벨,곱창 전골을 먹었습니다 죄송합니다만 다시는 안 올 거 같아요 성수동은 역시 삐까뻔쩍하면 월세가 비싸요 퀄리티가 좋을 수가 없다는 것을 다시 한 번 느낍니다 구석탱이 줄서있는 맛집을 가세요 다 이유가 있습니다 양은 많아요 전문가가 아니라서 그런지... 양은 많아서 별 2개입니다 돼지곱창이 원래 이렇다라고 한다면.... 주방에서 돼지잡내가 많이 나서 들깨넣어서 거의 들깨국으로 먹었어요,곱창 전골을 먹었습니다 죄송합니다만 다시는 안 올 거 같아요 성수동은 역시 삐까뻔쩍하면 월세가 비싸요 퀄리티가 좋을 수가 없다는 것을 다시 한 번 느낍니다 구석탱이 줄서있는 맛집을 가세요 다 이유가 있습니다 양은 많아요 전문가가 아니라서 그런지 양은 많아서 별 2개입니다 돼지곱창이 원래 이렇다라고 한다면 주방에서 돼지잡내가 많이 나서 들깨넣어서 거의 들깨국으로 먹었어요,0,0,0,0,0,0,1,214,"맛, 양, 면, 잡내"
naver,쭌곱창,나를막을수없으셈,13.0,2026.03.22,1번째 방문,영수증,친구들이랑 급하게 곱창집 찾다가 방문하게 됐는데 직원분이랑 사장님이 너무 유머러스하고 분위기 넘 죠아요ㅠㅠㅠ 친구들이랑 맛나게 먹고갑니당 불향 장난 아니에유 💕💕💕,91,True,,,,친구들이랑 급하게 곱창집 찾다가 방문하게 됐는데 직원분이랑 사장님이 너무 유머러스하고 분위기 넘 죠아요ㅠㅠㅠ 친구들이랑 맛나게 먹고갑니당 불향 장난 아니에유 💕💕💕,친구들이랑 급하게 곱창집 찾다가 방문하게 됐는데 직원분이랑 사장님이 너무 유머러스하고 분위기 넘 죠아요 친구들이랑 맛나게 먹고갑니당 불향 장난 아니에유 EMO_POS EMO_POS EMO_POS,1,0,0,1,0,0,0,91,맛
kakao,육지,응애,8.0,2025-08-06,,,덧살 개존맛,6,True,5.0,4.4,실버 레벨,덧살 개존맛,덧살 개존맛,0,0,0,0,0,0,0,6,맛
naver,뼈탄집 성수역점,eun****,46.0,2026.01.28,1번째 방문,영수증,고기가 엄청 두껍고 신선해보여요! 점심시간에 방문했는데 거의 예약차있고 한자리 겨우 앉았습니다👍 반찬 깔끔하고 넘 좋아요,67,True,,,,고기가 엄청 두껍고 신선해보여요! 점심시간에 방문했는데 거의 예약차있고 한자리 겨우 앉았습니다👍 반찬 깔끔하고 넘 좋아요,고기가 엄청 두껍고 신선해보여요 EXCLAM 점심시간에 방문했는데 거의 예약차있고 한자리 겨우 앉았습니다 EMO_POS 반찬 깔끔하고 넘 좋아요,1,0,0,0,1,0,0,67,"간, 고기, 반찬"
kakao,소문난성수감자탕,+,20.0,2026-01-12,,,위생 최악에 맛도 그냥 그래요.. 직원들도 불친절하세요,30,False,1.0,2.8,실버 레벨,위생 최악에 맛도 그냥 그래요.. 직원들도 불친절하세요,위생 최악에 맛도 그냥 그래요 직원들도 불친절하세요,0,0,0,0,0,0,0,30,맛
naver,소문난성수감자탕,AK1093,65.0,2026.01.19,1번째 방문,영수증,"역시 성수동 맛집 ! 너무 맛있어요 ! 양도 든든하고, 국물도 과하게 짜지 않아서 계속 들어갑니다 🤤 추운 날에 제격인 ! 회사 주변이어서 너무 신나요 🫶 또 먹으러 가야지 🩷",98,True,,,,"역시 성수동 맛집 ! 너무 맛있어요 ! 양도 든든하고, 국물도 과하게 짜지 않아서 계속 들어갑니다 🤤 추운 날에 제격인 ! 회사 주변이어서 너무 신나요 🫶 또 먹으러 가야지 🩷",역시 성수동 맛집 EXCLAM 너무 맛있어요 EXCLAM 양도 든든하고 국물도 과하게 짜지 않아서 계속 들어갑니다 추운 날에 제격인 EXCLAM 회사 주변이어서 너무 신나요 또 먹으러 가야지,0,0,0,0,1,0,0,98,"맛, 맛있, 양, 국물, 짜"
naver,옥동식,en****,2759.0,2025.08.01,1번째 방문,영수증,일반 국밥과는 달리 국물이 깨끗해서 맛있게 먹었습니다,29,True,,,,일반 국밥과는 달리 국물이 깨끗해서 맛있게 먹었습니다,일반 국밥과는 달리 국물이 깨끗해서 맛있게 먹었습니다,0,0,0,0,0,0,0,29,"맛, 맛있, 밥, 국물"
kakao,소문난성수감자탕,머거보자가보자,419.0,2025-07-28,,,감자탕 말고 뚝배기로 먹어보았다 양은 많았음 유명한 감자탕집 맛은 고냥 감자탕맛 특별함은 없다! 그렇다고 맛없다는건 아님! 감자탕은 맛없기 힘든 메뉴니까요 아침 해장으로 먹기에 좋지요~ 그래서 줄설정도로 유명한 이유가 주변에 감자탕집이 없어서 유명한가? 라고 생각도 해보았다😅 그리고 외국인들이 정말 많았다!,172,False,3.0,4.1,골드 레벨,감자탕 말고 뚝배기로 먹어보았다 양은 많았음 유명한 감자탕집 맛은 고냥 감자탕맛 특별함은 없다! 그렇다고 맛없다는건 아님! 감자탕은 맛없기 힘든 메뉴니까요 아침 해장으로 먹기에 좋지요~ 그래서 줄설정도로 유명한 이유가 주변에 감자탕집이 없어서 유명한가? 라고 생각도 해보았다😅 그리고 외국인들이 정말 많았다!,감자탕 말고 뚝배기로 먹어보았다 양은 많았음 유명한 감자탕집 맛은 고냥 감자탕맛 특별함은 없다 EXCLAM 그렇다고 맛없다는건 아님 EXCLAM 감자탕은 맛없기 힘든 메뉴니까요 아침 해장으로 먹기에 좋지요 그래서 줄설정도로 유명한 이유가 주변에 감자탕집이 없어서 유명한가 QUESTION 라고 생각도 해보았다 그리고 외국인들이 정말 많았다 EXCLAM,0,0,0,0,1,1,0,172,"맛, 맛없, 메뉴, 양, 감자탕"
kakao,옥동식 서교점,🤓,281.0,2026-03-08,,,밍밍하고 뭔맛인지 잘 모르겠는데 웨이팅도 길고 굳이,28,False,3.0,3.6,골드 레벨,밍밍하고 뭔맛인지 잘 모르겠는데 웨이팅도 길고 굳이,밍밍하고 뭔맛인지 잘 모르겠는데 웨이팅도 길고 굳이,0,0,0,0,0,0,0,28,맛
naver,태양곱창 성수점,hayonk,24.0,2026.01.28,1번째 방문,영수증,곱창전골 너무 맛있고 직원분들이 너무 친절하세요!!,28,True,,,,곱창전골 너무 맛있고 직원분들이 너무 친절하세요!!,곱창전골 너무 맛있고 직원분들이 너무 친절하세요 EXCLAM,0,0,0,0,1,0,0,28,"맛, 맛있"
kakao,뼈탄집 성수역점,진찬호,1.0,2025-12-17,,,추운 날씨에 조금 웨이팅하고 들어왔는데 매장도 넓고 고기 맛이 너무 기대됩니다 ㅎㅎㄹ 웨이팅 맛집으로 유명한 뼈탄집 방문인증 완료^^,74,True,4.0,4.0,브론즈 레벨,추운 날씨에 조금 웨이팅하고 들어왔는데 매장도 넓고 고기 맛이 너무 기대됩니다 ㅎㅎㄹ 웨이팅 맛집으로 유명한 뼈탄집 방문인증 완료^^,추운 날씨에 조금 웨이팅하고 들어왔는데 매장도 넓고 고기 맛이 너무 기대됩니다 웨이팅 맛집으로 유명한 뼈탄집 방문인증 완료,0,0,0,0,0,0,0,74,"맛, 고기"
naver,금금 성수점,ptp****,44.0,2026.02.27,1번째 방문,영수증,동네 맛집이예요 ㅎㅎ맛있어서 종종 와요 ㅎㅎ히히 운좋을땐 바로 앉지만 미리 예약하시는거 추천드려요 ㅎㅎ,57,True,,,,동네 맛집이예요 ㅎㅎ맛있어서 종종 와요 ㅎㅎ히히 운좋을땐 바로 앉지만 미리 예약하시는거 추천드려요 ㅎㅎ,동네 맛집이예요 맛있어서 종종 와요 히히 운좋을땐 바로 앉지만 미리 예약하시는거 추천드려요,0,0,0,0,0,0,0,57,"맛, 맛있"
naver,옥동식,오늘도 배고프다,298.0,2025.12.29,1번째 방문,영수증,오후 3시에 현장 웨이팅 해서 오후 5시 30분 쯤에 입장했어요 돼지 곰탕은 간은 약하지만 국물 자체가 진해서 평양냉면 처럼 계속 손이 가는 맛이에요 고추지랑 고기도 너무 잘 어울려요 :) 근데 김치만두는 그저 그래서 돼지 곰탕만 드셔보시길 추천드려요!! 돼지 곰탕을 극한으로 끌어올린 맛이라 한 번 쯤 꼭 가보세요 ^&amp;^,184,True,,,,오후 3시에 현장 웨이팅 해서 오후 5시 30분 쯤에 입장했어요 돼지 곰탕은 간은 약하지만 국물 자체가 진해서 평양냉면 처럼 계속 손이 가는 맛이에요 고추지랑 고기도 너무 잘 어울려요 :) 근데 김치만두는 그저 그래서 돼지 곰탕만 드셔보시길 추천드려요!! 돼지 곰탕을 극한으로 끌어올린 맛이라 한 번 쯤 꼭 가보세요 ^&amp;^,오후 3시에 현장 웨이팅 해서 오후 5시 30분 쯤에 입장했어요 돼지 곰탕은 간은 약하지만 국물 자체가 진해서 평양냉면 처럼 계속 손이 가는 맛이에요 고추지랑 고기도 너무 잘 어울려요 근데 김치만두는 그저 그래서 돼지 곰탕만 드셔보시길 추천드려요 EXCLAM 돼지 곰탕을 극한으로 끌어올린 맛이라 한 번 쯤 꼭 가보세요 amp,0,0,0,0,1,0,1,184,"맛, 양, 간, 고기, 면, 국물, 김치, 냉면"
naver,능동미나리 성수지점,요미요미냠냠냠,76.0,2026.02.01,1번째 방문,영수증,능동미나리 먹으러 성수동 가요 넘넘 맛있고 음식도 빨리 나와서 좋아요,38,False,,,,능동미나리 먹으러 성수동 가요 넘넘 맛있고 음식도 빨리 나와서 좋아요,능동미나리 먹으러 성수동 가요 넘넘 맛있고 음식도 빨리 나와서 좋아요,0,0,0,0,0,0,0,38,"맛, 맛있, 음식"
kakao,태양곱창 성수,락스타맛제보,1439.0,2025-02-09,,,태양곱창 걸러야할듯 리뷰알바의 소굴,19,True,1.0,3.3,블루 레벨,태양곱창 걸러야할듯 리뷰알바의 소굴,태양곱창 걸러야할듯 리뷰알바의 소굴,0,0,0,0,0,0,0,19,양
kakao,장인닭갈비 홍대점,이성일,132.0,2025-11-12,,,홍대하면 생각나는 맛집 중 하나인 장인닭갈비는 대박..최고인것 같아요!!,40,False,5.0,5.0,골드 레벨,홍대하면 생각나는 맛집 중 하나인 장인닭갈비는 대박..최고인것 같아요!!,홍대하면 생각나는 맛집 중 하나인 장인닭갈비는 대박 최고인것 같아요 EXCLAM,0,0,0,0,1,0,0,40,"맛, 면"
kakao,을밀대 본점,맛집정글탐방,165.0,2025-10-01,,,식초 겨자 없이 드세요. 양 많이도 선택 가능합니다. 맛집입니다!,36,False,5.0,4.8,골드 레벨,식초 겨자 없이 드세요. 양 많이도 선택 가능합니다. 맛집입니다!,식초 겨자 없이 드세요 양 많이도 선택 가능합니다 맛집입니다 EXCLAM,0,0,0,0,1,0,0,36,"맛, 양"
naver,을밀대 평양냉면,휘아는 먹어볼까,14.0,2025.11.16,1번째 방문,영수증,평냉 러버입니다 서울 대표 평냉집 중 한 곳이죠 자주 먹는 곳인데 가끔씩 맛이 차이가 있긴해요 어떤 날은 면 향이 강하고 어떤 날은 육수 맛이 조금 더 강하고 그래도 가장 즐겨먹는 곳이긴 합니다,108,True,,,,평냉 러버입니다 서울 대표 평냉집 중 한 곳이죠 자주 먹는 곳인데 가끔씩 맛이 차이가 있긴해요 어떤 날은 면 향이 강하고 어떤 날은 육수 맛이 조금 더 강하고 그래도 가장 즐겨먹는 곳이긴 합니다,평냉 러버입니다 서울 대표 평냉집 중 한 곳이죠 자주 먹는 곳인데 가끔씩 맛이 차이가 있긴해요 어떤 날은 면 향이 강하고 어떤 날은 육수 맛이 조금 더 강하고 그래도 가장 즐겨먹는 곳이긴 합니다,0,0,0,0,0,0,0,108,"맛, 면, 평냉"
naver,이태리국시 성수,kal****,958.0,2026.04.11,1번째 방문,영수증,"이태리국시 성수 다녀왔는데 분위기도 좋고 음식도 전체적으로 깔끔해서 만족스러웠어요. 면 식감이 좋고 소스 맛도 너무 무겁지 않아서 끝까지 맛있게 먹을 수 있었고, 성수 특유의 감성이랑도 잘 어울리는 공간이라 데이트나 친구랑 가기 좋았어요. 재방문 의사 있습니다.",146,True,,,,"이태리국시 성수 다녀왔는데 분위기도 좋고 음식도 전체적으로 깔끔해서 만족스러웠어요. 면 식감이 좋고 소스 맛도 너무 무겁지 않아서 끝까지 맛있게 먹을 수 있었고, 성수 특유의 감성이랑도 잘 어울리는 공간이라 데이트나 친구랑 가기 좋았어요. 재방문 의사 있습니다.",이태리국시 성수 다녀왔는데 분위기도 좋고 음식도 전체적으로 깔끔해서 만족스러웠어요 면 식감이 좋고 소스 맛도 너무 무겁지 않아서 끝까지 맛있게 먹을 수 있었고 성수 특유의 감성이랑도 잘 어울리는 공간이라 데이트나 친구랑 가기 좋았어요 재방문 의사 있습니다,0,0,0,0,0,0,0,146,"맛, 맛있, 음식, 식감, 간, 면, 소스"
kakao,굴다리식당,찻잔,5.0,2025-05-06,,,혼자 가면 대접 못받는 식당,15,False,1.0,1.0,브론즈 레벨,혼자 가면 대접 못받는 식당,혼자 가면 대접 못받는 식당,0,0,0,0,0,0,0,15,면
kakao,육산장 홍대본점,가채현,1.0,2025-05-04,,,"홍대골목 지나가다가 본 곳인데, 야장분위기가 너무 좋아서 1시간정도 기다렸다가 먹습니다. 밖에서 보던 것처럼 분위기 너무 좋고 고기도 두툼해서 맛있네요. 기본 구성에 꼬치나 치즈가 나와서 더 먹기가 좋은거 같아요. 술이랑 먹으니 더 맛나내요.",135,True,5.0,5.0,브론즈 레벨,"홍대골목 지나가다가 본 곳인데, 야장분위기가 너무 좋아서 1시간정도 기다렸다가 먹습니다. 밖에서 보던 것처럼 분위기 너무 좋고 고기도 두툼해서 맛있네요. 기본 구성에 꼬치나 치즈가 나와서 더 먹기가 좋은거 같아요. 술이랑 먹으니 더 맛나내요.",홍대골목 지나가다가 본 곳인데 야장분위기가 너무 좋아서 1시간정도 기다렸다가 먹습니다 밖에서 보던 것처럼 분위기 너무 좋고 고기도 두툼해서 맛있네요 기본 구성에 꼬치나 치즈가 나와서 더 먹기가 좋은거 같아요 술이랑 먹으니 더 맛나내요,0,0,0,0,0,0,1,135,"맛, 맛있, 간, 고기, 구성"
kakao,소문난성수감자탕,김영훈,2.0,2025-12-14,,,처음먹어봤는데 여자친구랑 먹고 몇시간뒤에 둘다 토함. 이유는 모름.,37,False,1.0,3.0,브론즈 레벨,처음먹어봤는데 여자친구랑 먹고 몇시간뒤에 둘다 토함. 이유는 모름.,처음먹어봤는데 여자친구랑 먹고 몇시간뒤에 둘다 토함 이유는 모름,0,0,0,0,0,0,0,37,간
naver,뼈탄집 성수역점,onlyxeo,32.0,2026.04.22,1번째 방문,영수증,뼈탄집 성수 웨이팅 1시간정도 하고 입장했어요! 워낙 인기가 많은 곳이라서 궁금했는데 삼겹살 양이 많고 질이 좋은 것 같아요^^ 된장찌개랑 공기밥 같이 주문했고 밑반찬 풍부해요!,99,True,,,,뼈탄집 성수 웨이팅 1시간정도 하고 입장했어요! 워낙 인기가 많은 곳이라서 궁금했는데 삼겹살 양이 많고 질이 좋은 것 같아요^^ 된장찌개랑 공기밥 같이 주문했고 밑반찬 풍부해요!,뼈탄집 성수 웨이팅 1시간정도 하고 입장했어요 EXCLAM 워낙 인기가 많은 곳이라서 궁금했는데 삼겹살 양이 많고 질이 좋은 것 같아요 된장찌개랑 공기밥 같이 주문했고 밑반찬 풍부해요 EXCLAM,0,0,0,0,1,0,1,99,"양, 간, 밥, 반찬"
kakao,육산장 홍대본점,예진,3.0,2025-10-29,,,"홍대,합정 고기맛집🩷 정확히 홍대번화가쪽이지만.. 1차로 든든하게 먹고 2차 넘어가기 딱 좋아요💛 콘치즈 너무 맛도리에요...💗",71,True,5.0,5.0,브론즈 레벨,"홍대,합정 고기맛집🩷 정확히 홍대번화가쪽이지만.. 1차로 든든하게 먹고 2차 넘어가기 딱 좋아요💛 콘치즈 너무 맛도리에요...💗",홍대 합정 고기맛집 정확히 홍대번화가쪽이지만 1차로 든든하게 먹고 2차 넘어가기 딱 좋아요 EMO_POS 콘치즈 너무 맛도리에요 EMO_POS,1,0,0,0,0,0,1,71,"맛, 고기"
naver,훼미리손칼국수보쌈,킹십리 고급보디,803.0,2025.02.15,2번째 방문,영수증,토요일 저녁 6시 40분 기준 20분 웨이팅 후 입장 보쌈정식 맛나요 대신 밥이 안나와서 따로 주문해야 함 공기밥 주문하면 국물 한 그릇 주십니다 김치가 진짜 단 맛이 납니다 그 관용적 표현이 아니라 literally 진짜 달아요;; 단 김치 안 좋아하시는 분들께는 호불호 갈릴 듯 감자전은 쫀득하니 맛납니다 근데 빠삭한 감자전이 아니라 수분 풀충전 팬케이크 같은 맛입니다 항상 사람이 많은 곳입니다 맛은 평타 이상은 언제 치는 곳! 재방문 의사 ㅇㅇ,252,True,,,,토요일 저녁 6시 40분 기준 20분 웨이팅 후 입장 보쌈정식 맛나요 대신 밥이 안나와서 따로 주문해야 함 공기밥 주문하면 국물 한 그릇 주십니다 김치가 진짜 단 맛이 납니다 그 관용적 표현이 아니라 literally 진짜 달아요;; 단 김치 안 좋아하시는 분들께는 호불호 갈릴 듯 감자전은 쫀득하니 맛납니다 근데 빠삭한 감자전이 아니라 수분 풀충전 팬케이크 같은 맛입니다 항상 사람이 많은 곳입니다 맛은 평타 이상은 언제 치는 곳! 재방문 의사 ㅇㅇ,토요일 저녁 6시 40분 기준 20분 웨이팅 후 입장 보쌈정식 맛나요 대신 밥이 안나와서 따로 주문해야 함 공기밥 주문하면 국물 한 그릇 주십니다 김치가 진짜 단 맛이 납니다 그 관용적 표현이 아니라 literally 진짜 달아요 단 김치 안 좋아하시는 분들께는 호불호 갈릴 듯 감자전은 쫀득하니 맛납니다 근데 빠삭한 감자전이 아니라 수분 풀충전 팬케이크 같은 맛입니다 항상 사람이 많은 곳입니다 맛은 평타 이상은 언제 치는 곳 EXCLAM 재방문 의사,0,0,0,0,1,0,1,252,"맛, 면, 밥, 국물, 김치, 보쌈, 짜"
naver,능동미나리 성수지점,아쟁소녀99,974.0,2025.10.30,1번째 방문,영수증,양도 괜찮고 맛도있어요~ 다만..웨이팅이 길어요..,28,True,,,,양도 괜찮고 맛도있어요~ 다만..웨이팅이 길어요..,양도 괜찮고 맛도있어요 다만 웨이팅이 길어요,0,0,0,0,0,0,0,28,"맛, 양"
naver,옥동식,연남웨일즈,2420.0,2025.11.06,2번째 방문,영수증,고기 냄새가 많이 나서 저는 별로였습니다. 애성회관이나 온수반이 더 좋아요. 외국인 손님이 많은 편입니다. 직원이 차라리 친절하기라도 하면 좋으련만... 외국인들한테라도...,97,True,,,,고기 냄새가 많이 나서 저는 별로였습니다. 애성회관이나 온수반이 더 좋아요. 외국인 손님이 많은 편입니다. 직원이 차라리 친절하기라도 하면 좋으련만... 외국인들한테라도...,고기 냄새가 많이 나서 저는 별로였습니다 애성회관이나 온수반이 더 좋아요 외국인 손님이 많은 편입니다 직원이 차라리 친절하기라도 하면 좋으련만 외국인들한테라도,0,0,0,0,0,0,0,97,"고기, 면"
kakao,소문난성수감자탕,dlwndksl,15.0,2026-03-03,,,왜 이렇게까지 줄을 서는 맛인지는 아직도 의문 정말 평범한 감자탕 맛이에요 줄서서 먹으면 오히려.. 실망만 더 커질 것 같아요.. 개인적으로는 오이가 제일 맛있었어요 서비스 친절도는 보통,104,False,1.0,3.3,브론즈 레벨,왜 이렇게까지 줄을 서는 맛인지는 아직도 의문 정말 평범한 감자탕 맛이에요 줄서서 먹으면 오히려.. 실망만 더 커질 것 같아요.. 개인적으로는 오이가 제일 맛있었어요 서비스 친절도는 보통,왜 이렇게까지 줄을 서는 맛인지는 아직도 의문 정말 평범한 감자탕 맛이에요 줄서서 먹으면 오히려 실망만 더 커질 것 같아요 개인적으로는 오이가 제일 맛있었어요 서비스 친절도는 보통,0,0,0,0,0,0,0,104,"맛, 맛있, 면, 감자탕"
naver,육산장 홍대본점,젤42,18.0,2026.04.06,1번째 방문,영수증,캠핑하는 거 같아요!!! 친구들이랑 너무 맛있게 먹었어요 ✌🏻,34,True,,,,캠핑하는 거 같아요!!! 친구들이랑 너무 맛있게 먹었어요 ✌🏻,캠핑하는 거 같아요 EXCLAM 친구들이랑 너무 맛있게 먹었어요,0,0,0,0,1,0,0,34,"맛, 맛있"
naver,장인닭갈비 홍대점,uxn****,5.0,2026.04.05,1번째 방문,영수증,맛있고 좋습니다,8,True,,,,맛있고 좋습니다,맛있고 좋습니다,0,0,0,0,0,0,0,8,"맛, 맛있"
naver,조선시대,융슈,85.0,2026.01.30,1번째 방문,영수증,된장술밥도 메뉴에있어서 좋아요! 좌식도 있고 분위기도 좋아요 잘먹겠습니다 :) 리뷰이벤트 감자전도 주셔요🧡,59,True,,,,된장술밥도 메뉴에있어서 좋아요! 좌식도 있고 분위기도 좋아요 잘먹겠습니다 :) 리뷰이벤트 감자전도 주셔요🧡,된장술밥도 메뉴에있어서 좋아요 EXCLAM 좌식도 있고 분위기도 좋아요 잘먹겠습니다 리뷰이벤트 감자전도 주셔요 EMO_POS,1,0,0,0,1,0,0,59,"메뉴, 밥"
kakao,이태리국시 성수,현아,2.0,2026-04-19,,,전부터 와보고싶었는데 비주얼도 굿이고 맛있어요,25,True,5.0,5.0,브론즈 레벨,전부터 와보고싶었는데 비주얼도 굿이고 맛있어요,전부터 와보고싶었는데 비주얼도 굿이고 맛있어요,0,0,0,0,0,0,0,25,"맛, 맛있"
naver,을밀대 평양냉면,계란말이48,891.0,2025.11.16,12번째 방문,영수증,비싸지만 맛있는곳,9,True,,,,비싸지만 맛있는곳,비싸지만 맛있는곳,0,0,0,0,0,0,0,9,"맛, 맛있"
naver,보끔당 성수점,띠요옹맨36,35.0,2026.04.03,2번째 방문,영수증,양도 많고 넘넘 맛있어용 다음에 또 올게요-!!,26,True,,,,양도 많고 넘넘 맛있어용 다음에 또 올게요-!!,양도 많고 넘넘 맛있어용 다음에 또 올게요 EXCLAM,0,0,0,0,1,0,0,26,"맛, 맛있, 양"
kakao,육지,윤태영,1.0,2025-10-07,,,맛있어용,4,False,5.0,5.0,브론즈 레벨,맛있어용,맛있어용,0,0,0,0,0,0,0,4,"맛, 맛있"
kakao,옥동식 서교점,홍홍즈,10.0,2026-02-17,,,흑백요리사를 보고 가보고 싶었던 옥동식 입니다. 솔직히 돼지곰탕이 어떨지 과연 정말 사람들이 이야기하는 것처럼 맛있는 음식일지 걱정을 많이 했습니다. 일단 먼저 평가하자면 사실 갈 수만 있다면 계속 가고 싶은 맛집입니다. 왜 돼지국밥이 아니라 곰탕이라고 하는지 알 것 같았습니다. 오히려 밥을 섞으면 맛이 떨어지고 순수하게 처음 맑은 국물을 떴을 때의 맛이 완벽 합니다. 간이 심심하다고 하시는 분들도 많던데 아마 밥을 섞었거나 아니면 평소에 좀 짜게 드시는 분들 아닐까 싶습니다. 제 입맛엔 좀 간간했습니다. 왜 밥이 바로 풀어지지 않게 조금은 단단한상태로 제공되는지 바로 이해되는 맛이었습니다. 오히려 같이 나오는 고기는 그냥 평범한 돼지 앞다리살 수육 느낌입니다. 고추지가 정말로 맛있어서 함께 먹었을 때 만족스럽긴 합니다. 근데 그냥 특 말고 보통드세요. 김치만두는 일반 김치만두지만 어떤건진 잘 모르겠으나 분명 먹어봤던 향채인데 그 향채가 함께 어우러져 확실히 다른 맛을 내줍니다. 그리고 특히나 잔막걸리가 맛있습니다. 산뜻하고 가벼운 느낌의 막걸리인데 밸런스가 좋습니다. 가게 분위기는 직원들이 최대한 소리를 내지 않게하려는 그 조심스러운 행동들과 또한 전체적으로 어두운 분위기가 합쳐져 음식 자체에만 집중할 수 있게 가게가 구성되어 더 즐거운 경험을 할 수 있었습니다. 유기그릇에 곰탕이 담겨 나올때도 옥동식 각인이 손님에게 정면으로 바로 보이게끔 하는 등의 세심한 행동들이 가게 전체 분위기를 구성했던 것 같습니다. 기회가 되면 꼭 다시 가고 싶네요.,764,True,5.0,3.8,실버 레벨,흑백요리사를 보고 가보고 싶었던 옥동식 입니다. 솔직히 돼지곰탕이 어떨지 과연 정말 사람들이 이야기하는 것처럼 맛있는 음식일지 걱정을 많이 했습니다. 일단 먼저 평가하자면 사실 갈 수만 있다면 계속 가고 싶은 맛집입니다. 왜 돼지국밥이 아니라 곰탕이라고 하는지 알 것 같았습니다. 오히려 밥을 섞으면 맛이 떨어지고 순수하게 처음 맑은 국물을 떴을 때의 맛이 완벽 합니다. 간이 심심하다고 하시는 분들도 많던데 아마 밥을 섞었거나 아니면 평소에 좀 짜게 드시는 분들 아닐까 싶습니다. 제 입맛엔 좀 간간했습니다. 왜 밥이 바로 풀어지지 않게 조금은 단단한상태로 제공되는지 바로 이해되는 맛이었습니다. 오히려 같이 나오는 고기는 그냥 평범한 돼지 앞다리살 수육 느낌입니다. 고추지가 정말로 맛있어서 함께 먹었을 때 만족스럽긴 합니다. 근데 그냥 특 말고 보통드세요. 김치만두는 일반 김치만두지만 어떤건진 잘 모르겠으나 분명 먹어봤던 향채인데 그 향채가 함께 어우러져 확실히 다른 맛을 내줍니다. 그리고 특히나 잔막걸리가 맛있습니다. 산뜻하고 가벼운 느낌의 막걸리인데 밸런스가 좋습니다. 가게 분위기는 직원들이 최대한 소리를 내지 않게하려는 그 조심스러운 행동들과 또한 전체적으로 어두운 분위기가 합쳐져 음식 자체에만 집중할 수 있게 가게가 구성되어 더 즐거운 경험을 할 수 있었습니다. 유기그릇에 곰탕이 담겨 나올때도 옥동식 각인이 손님에게 정면으로 바로 보이게끔 하는 등의 세심한 행동들이 가게 전체 분위기를 구성했던 것 같습니다. 기회가 되면 꼭 다시 가고 싶네요.,흑백요리사를 보고 가보고 싶었던 옥동식 입니다 솔직히 돼지곰탕이 어떨지 과연 정말 사람들이 이야기하는 것처럼 맛있는 음식일지 걱정을 많이 했습니다 일단 먼저 평가하자면 사실 갈 수만 있다면 계속 가고 싶은 맛집입니다 왜 돼지국밥이 아니라 곰탕이라고 하는지 알 것 같았습니다 오히려 밥을 섞으면 맛이 떨어지고 순수하게 처음 맑은 국물을 떴을 때의 맛이 완벽 합니다 간이 심심하다고 하시는 분들도 많던데 아마 밥을 섞었거나 아니면 평소에 좀 짜게 드시는 분들 아닐까 싶습니다 제 입맛엔 좀 간간했습니다 왜 밥이 바로 풀어지지 않게 조금은 단단한상태로 제공되는지 바로 이해되는 맛이었습니다 오히려 같이 나오는 고기는 그냥 평범한 돼지 앞다리살 수육 느낌입니다 고추지가 정말로 맛있어서 함께 먹었을 때 만족스럽긴 합니다 근데 그냥 특 말고 보통드세요 김치만두는 일반 김치만두지만 어떤건진 잘 모르겠으나 분명 먹어봤던 향채인데 그 향채가 함께 어우러져 확실히 다른 맛을 내줍니다 그리고 특히나 잔막걸리가 맛있습니다 산뜻하고 가벼운 느낌의 막걸리인데 밸런스가 좋습니다 가게 분위기는 직원들이 최대한 소리를 내지 않게하려는 그 조심스러운 행동들과 또한 전체적으로 어두운 분위기가 합쳐져 음식 자체에만 집중할 수 있게 가게가 구성되어 더 즐거운 경험을 할 수 있었습니다 유기그릇에 곰탕이 담겨 나올때도 옥동식 각인이 손님에게 정면으로 바로 보이게끔 하는 등의 세심한 행동들이 가게 전체 분위기를 구성했던 것 같습니다 기회가 되면 꼭 다시 가고 싶네요,0,0,0,0,0,0,0,764,"맛, 맛있, 음식, 요리, 간, 고기, 면, 밥, 국물, 구성, 김치, 짜"
naver,각시보쌈,Direction,238.0,2025.09.20,1번째 방문,영수증,오랜만에 토요일 점심에 식사하러 왔어요 맛있게 먹고 갑니다. ^^,36,False,,,,오랜만에 토요일 점심에 식사하러 왔어요 맛있게 먹고 갑니다. ^^,오랜만에 토요일 점심에 식사하러 왔어요 맛있게 먹고 갑니다,0,0,0,0,0,0,0,36,"맛, 맛있"
kakao,을밀대 본점,감자,152.0,2025-06-06,,,평냉 평범 녹두전 굿굿 그리고 소주가 진짜 싸다!,27,True,3.0,4.3,실버 레벨,평냉 평범 녹두전 굿굿 그리고 소주가 진짜 싸다!,평냉 평범 녹두전 굿굿 그리고 소주가 진짜 싸다 EXCLAM,0,0,0,0,1,0,0,27,"평냉, 짜"
naver,이태리국시 성수,Jo030,63.0,2026.03.24,1번째 방문,영수증,"오늘 점심 특선으로 먹은 들깨/베이컨리조또는 정말 고소하면서도 묵직한 맛이라 한입 먹자마자 만족스러웠어요! 😊 곱창치즈돌솥파스타는 은은한 불맛과 치즈의 조합이 잘 어우러져서 가장 기억에 남는 메뉴였습니다. 🍝🧀✨ 음료로 주문한 오렌지자몽청에이드는 상큼해서 함께 주문한 메뉴들과 곁들이기 아주 좋았어요!! 🍊🥤 엄마랑 함께한 점심 데이트 장소로 선택한 곳이었는데, 정말 잘한 선택이었던 것 같아요~! 💕👍👍",226,True,,,,"오늘 점심 특선으로 먹은 들깨/베이컨리조또는 정말 고소하면서도 묵직한 맛이라 한입 먹자마자 만족스러웠어요! 😊 곱창치즈돌솥파스타는 은은한 불맛과 치즈의 조합이 잘 어우러져서 가장 기억에 남는 메뉴였습니다. 🍝🧀✨ 음료로 주문한 오렌지자몽청에이드는 상큼해서 함께 주문한 메뉴들과 곁들이기 아주 좋았어요!! 🍊🥤 엄마랑 함께한 점심 데이트 장소로 선택한 곳이었는데, 정말 잘한 선택이었던 것 같아요~! 💕👍👍",오늘 점심 특선으로 먹은 들깨 베이컨리조또는 정말 고소하면서도 묵직한 맛이라 한입 먹자마자 만족스러웠어요 EXCLAM EMO_POS 곱창치즈돌솥파스타는 은은한 불맛과 치즈의 조합이 잘 어우러져서 가장 기억에 남는 메뉴였습니다 EMO_POS 음료로 주문한 오렌지자몽청에이드는 상큼해서 함께 주문한 메뉴들과 곁들이기 아주 좋았어요 EXCLAM 엄마랑 함께한 점심 데이트 장소로 선택한 곳이었는데 정말 잘한 선택이었던 것 같아요 EXCLAM EMO_POS EMO_POS EMO_POS,1,0,0,0,1,0,0,226,"맛, 메뉴, 면, 파스타"
naver,각시보쌈,SHu,54.0,2026.02.28,1번째 방문,영수증,4시 30분까지 브레이크 타임이라 4시부터 줄서서 '첫 번째'로 대기하고 있었는데 입장해서 제일 구석으로 안내받고 나머지 뒤에 있던 사람들도 우루루 들어오더니 저희부터 주문 받지도 않고 '20번째'에 있던 사람이 가운데 젤 보이는 데 앉아있으니까 서빙 아주머니가 거기부터가서 주문받고 음식도 그 사람꺼가 제일 먼저 나오고 저희는 반찬도 안나오고 주문받고도 한참동안 음식 먹지도 못했습니다. 무슨 대기줄은 왜 서는 거고? 20번째 들어온 사람은 먼저 먹고..음식 먹는 게 무슨 운빨인가요? 20번째 사람이 먼저 불러서 거기로 먼저 갔다고 하시는데 이게 무슨 희한한 시스템입니까? 주문 받던 아줌마는 궁시렁대고....너무 기분 나빠서 음식이고 뭐고 다 먹기 싫어졌어요. 시스템부터 다시 잡고 장사 해야할거 같네요.,397,False,,,,4시 30분까지 브레이크 타임이라 4시부터 줄서서 '첫 번째'로 대기하고 있었는데 입장해서 제일 구석으로 안내받고 나머지 뒤에 있던 사람들도 우루루 들어오더니 저희부터 주문 받지도 않고 '20번째'에 있던 사람이 가운데 젤 보이는 데 앉아있으니까 서빙 아주머니가 거기부터가서 주문받고 음식도 그 사람꺼가 제일 먼저 나오고 저희는 반찬도 안나오고 주문받고도 한참동안 음식 먹지도 못했습니다. 무슨 대기줄은 왜 서는 거고? 20번째 들어온 사람은 먼저 먹고..음식 먹는 게 무슨 운빨인가요? 20번째 사람이 먼저 불러서 거기로 먼저 갔다고 하시는데 이게 무슨 희한한 시스템입니까? 주문 받던 아줌마는 궁시렁대고....너무 기분 나빠서 음식이고 뭐고 다 먹기 싫어졌어요. 시스템부터 다시 잡고 장사 해야할거 같네요.,4시 30분까지 브레이크 타임이라 4시부터 줄서서 첫 번째 로 대기하고 있었는데 입장해서 제일 구석으로 안내받고 나머지 뒤에 있던 사람들도 우루루 들어오더니 저희부터 주문 받지도 않고 20번째 에 있던 사람이 가운데 젤 보이는 데 앉아있으니까 서빙 아주머니가 거기부터가서 주문받고 음식도 그 사람꺼가 제일 먼저 나오고 저희는 반찬도 안나오고 주문받고도 한참동안 음식 먹지도 못했습니다 무슨 대기줄은 왜 서는 거고 QUESTION 20번째 들어온 사람은 먼저 먹고 음식 먹는 게 무슨 운빨인가요 QUESTION 20번째 사람이 먼저 불러서 거기로 먼저 갔다고 하시는데 이게 무슨 희한한 시스템입니까 QUESTION 주문 받던 아줌마는 궁시렁대고 너무 기분 나빠서 음식이고 뭐고 다 먹기 싫어졌어요 시스템부터 다시 잡고 장사 해야할거 같네요,0,0,0,0,0,1,1,397,"음식, 반찬"
naver,각시보쌈,75d****,304.0,2025.11.09,1번째 방문,예약,방문: 일요일 12시 50분 인원: 2명 대기: 있음(30분이내) 메뉴: 반반보쌈 모처럼 러닝대회 참가후에 단백질 보충을 핑계로 점심식사 하러 방문했어요 현장대기만 가능해서 이름쓰고 좀 기다렸어요 (주문도 같이 해야 해요) 점심때라 그런지 다들 정식으로 주문하던데 언제 또 올지 모르니 반반보쌈으로 주문하고 맥주도 한잔 했어요 항정살 수육은 잡내없이 부드럽고 맛있었고 공기밥만 주문해도 찌개를 주시는것도 좋았습니다 다양한 고객층이 방문할이유가 있어보였고 기다려서 먹을만큼 만족스러운 식사였습니다 잘 먹고 갑니다~,286,True,,,,방문: 일요일 12시 50분 인원: 2명 대기: 있음(30분이내) 메뉴: 반반보쌈 모처럼 러닝대회 참가후에 단백질 보충을 핑계로 점심식사 하러 방문했어요 현장대기만 가능해서 이름쓰고 좀 기다렸어요 (주문도 같이 해야 해요) 점심때라 그런지 다들 정식으로 주문하던데 언제 또 올지 모르니 반반보쌈으로 주문하고 맥주도 한잔 했어요 항정살 수육은 잡내없이 부드럽고 맛있었고 공기밥만 주문해도 찌개를 주시는것도 좋았습니다 다양한 고객층이 방문할이유가 있어보였고 기다려서 먹을만큼 만족스러운 식사였습니다 잘 먹고 갑니다~,방문 일요일 12시 50분 인원 2명 대기 있음 30분이내 메뉴 반반보쌈 모처럼 러닝대회 참가후에 단백질 보충을 핑계로 점심식사 하러 방문했어요 현장대기만 가능해서 이름쓰고 좀 기다렸어요 주문도 같이 해야 해요 점심때라 그런지 다들 정식으로 주문하던데 언제 또 올지 모르니 반반보쌈으로 주문하고 맥주도 한잔 했어요 항정살 수육은 잡내없이 부드럽고 맛있었고 공기밥만 주문해도 찌개를 주시는것도 좋았습니다 다양한 고객층이 방문할이유가 있어보였고 기다려서 먹을만큼 만족스러운 식사였습니다 잘 먹고 갑니다,0,0,0,0,0,0,1,286,"맛, 맛있, 메뉴, 양, 밥, 보쌈, 잡내"
kakao,육지,윤다송,1.0,2025-09-22,,,친구 생일 겸 오랜만에 고기 먹으러 왔는데 분위기가 좋고 직접 구워주셔서 좋아용!,45,True,5.0,5.0,브론즈 레벨,친구 생일 겸 오랜만에 고기 먹으러 왔는데 분위기가 좋고 직접 구워주셔서 좋아용!,친구 생일 겸 오랜만에 고기 먹으러 왔는데 분위기가 좋고 직접 구워주셔서 좋아용 EXCLAM,0,0,0,0,1,0,0,45,고기
kakao,황금콩밭,reviewer,8.0,2025-10-06,,,건강식으로 너무 맛있게 먹었어요! 다른 메뉴들도 궁금하고 기대되서 다른 메뉴들도 먹으러 재방문 할 의사 200%입니당!,66,False,5.0,4.0,실버 레벨,건강식으로 너무 맛있게 먹었어요! 다른 메뉴들도 궁금하고 기대되서 다른 메뉴들도 먹으러 재방문 할 의사 200%입니당!,건강식으로 너무 맛있게 먹었어요 EXCLAM 다른 메뉴들도 궁금하고 기대되서 다른 메뉴들도 먹으러 재방문 할 의사 200 입니당 EXCLAM,0,0,0,0,1,0,1,66,"맛, 맛있, 메뉴"
naver,성수족발,무츄,433.0,2025.07.06,1번째 방문,영수증,둘이서 대 사이즈를 시켰는데 양이 많아서 다 못 먹었어요🥹 고기가 두껍고 부드럽고 너무 맛있어요~!!!!👍대짜부터 앞다리 중짜는 뒷다리 부위라고 하시네요! 취향따라 드세요~!!!,99,True,,,,둘이서 대 사이즈를 시켰는데 양이 많아서 다 못 먹었어요🥹 고기가 두껍고 부드럽고 너무 맛있어요~!!!!👍대짜부터 앞다리 중짜는 뒷다리 부위라고 하시네요! 취향따라 드세요~!!!,둘이서 대 사이즈를 시켰는데 양이 많아서 다 못 먹었어요 고기가 두껍고 부드럽고 너무 맛있어요 EXCLAM EMO_POS 대짜부터 앞다리 중짜는 뒷다리 부위라고 하시네요 EXCLAM 취향따라 드세요 EXCLAM,1,0,0,0,1,0,0,99,"맛, 맛있, 양, 고기, 짜"
naver,성수족발,oJH,390.0,2025.06.18,1번째 방문,예약,성수맛집이라는 성수족발! 포장해서 집 와서 먹어봤어요!! 웬만해서는 맛있다는 말을 안 하는 부모님이 맛있다고 인정하셨습니다 ㅋㅋㅋㅋ 껍데기도 쫄깃하고 너무 맛나게 먹었어요!! 괜히 맛집이 아니다!!,110,True,,,,성수맛집이라는 성수족발! 포장해서 집 와서 먹어봤어요!! 웬만해서는 맛있다는 말을 안 하는 부모님이 맛있다고 인정하셨습니다 ㅋㅋㅋㅋ 껍데기도 쫄깃하고 너무 맛나게 먹었어요!! 괜히 맛집이 아니다!!,성수맛집이라는 성수족발 EXCLAM 포장해서 집 와서 먹어봤어요 EXCLAM 웬만해서는 맛있다는 말을 안 하는 부모님이 맛있다고 인정하셨습니다 껍데기도 쫄깃하고 너무 맛나게 먹었어요 EXCLAM 괜히 맛집이 아니다 EXCLAM,0,0,0,0,1,0,0,110,"맛, 맛있"
naver,성수족발,D블리,1965.0,2025.05.17,1번째 방문,영수증,맛있게 먹었던 기억을 가지고 7년만에 방문한 성수 족발은…….. 가격만 오르고 맛은 그대로도 아닌 별로였던 족발. 비가와서 그런가…? 이젠 맛있는 족발집들이 많아져서 그런걸까..? 내 입맛이 변한건가..? 여러가지 생각이 들지만 그래도 여전히 사람 많은 성수족발.,147,False,,,,맛있게 먹었던 기억을 가지고 7년만에 방문한 성수 족발은…….. 가격만 오르고 맛은 그대로도 아닌 별로였던 족발. 비가와서 그런가…? 이젠 맛있는 족발집들이 많아져서 그런걸까..? 내 입맛이 변한건가..? 여러가지 생각이 들지만 그래도 여전히 사람 많은 성수족발.,맛있게 먹었던 기억을 가지고 7년만에 방문한 성수 족발은 가격만 오르고 맛은 그대로도 아닌 별로였던 족발 비가와서 그런가 QUESTION 이젠 맛있는 족발집들이 많아져서 그런걸까 QUESTION 내 입맛이 변한건가 QUESTION 여러가지 생각이 들지만 그래도 여전히 사람 많은 성수족발,0,0,0,0,0,1,1,147,"맛, 맛있"
naver,소문난성수감자탕,EG01ST 꼬맹이,1535.0,2026.03.01,2번째 방문,영수증,이른 아침 식사겸 다녀온 성수감자탕 감자탕中 주문했고 어른 셋이서 딱 좋은 양으로 맛있게 먹었어요 감자도 파근파근 맛있고 뼈에 살도 많아 발골하며 먹는 재미도 있어요 국물도 끓여질수록 진득하고 공기밥 말아 맛있게 먹었어요 이른 아침 혼밥러 분들 많고 포장 손님도 많고 성수에서 든든한 한끼 먹기 좋은곳 이에요 단 점심에는 웨이팅 주의!,187,True,,,,이른 아침 식사겸 다녀온 성수감자탕 감자탕中 주문했고 어른 셋이서 딱 좋은 양으로 맛있게 먹었어요 감자도 파근파근 맛있고 뼈에 살도 많아 발골하며 먹는 재미도 있어요 국물도 끓여질수록 진득하고 공기밥 말아 맛있게 먹었어요 이른 아침 혼밥러 분들 많고 포장 손님도 많고 성수에서 든든한 한끼 먹기 좋은곳 이에요 단 점심에는 웨이팅 주의!,이른 아침 식사겸 다녀온 성수감자탕 감자탕 주문했고 어른 셋이서 딱 좋은 양으로 맛있게 먹었어요 감자도 파근파근 맛있고 뼈에 살도 많아 발골하며 먹는 재미도 있어요 국물도 끓여질수록 진득하고 공기밥 말아 맛있게 먹었어요 이른 아침 혼밥러 분들 많고 포장 손님도 많고 성수에서 든든한 한끼 먹기 좋은곳 이에요 단 점심에는 웨이팅 주의 EXCLAM,0,0,0,0,1,0,0,187,"맛, 맛있, 양, 밥, 국물, 감자탕"
naver,소문난성수감자탕,내돈내산맛집탐방,413.0,2025.12.09,2번째 방문,영수증,우거지곱빼기 14.000원 성수동 물가 고려했을때 싸고 맛있습니다. 자주 오는데 감자탕보다는 감자국 추천합니다.,62,True,,,,우거지곱빼기 14.000원 성수동 물가 고려했을때 싸고 맛있습니다. 자주 오는데 감자탕보다는 감자국 추천합니다.,우거지곱빼기 14 000원 성수동 물가 고려했을때 싸고 맛있습니다 자주 오는데 감자탕보다는 감자국 추천합니다,0,0,0,0,0,0,1,62,"맛, 맛있, 감자탕"
kakao,홍대 조선시대,오원택,1.0,2026-02-13,,,음식도 맛있고 깔끔하고 메뉴도 다양해서 좋아요👍 분위기도 좋아요,35,True,5.0,5.0,브론즈 레벨,음식도 맛있고 깔끔하고 메뉴도 다양해서 좋아요👍 분위기도 좋아요,음식도 맛있고 깔끔하고 메뉴도 다양해서 좋아요 EMO_POS 분위기도 좋아요,1,0,0,0,0,0,0,35,"맛, 맛있, 메뉴, 음식, 양"
naver,원조 조박집 본관,헬리오트로프,485.0,2025.11.14,1번째 방문,영수증,"조박집 좌식일때부터 20년 단골입니다. 동치미부터 돼지갈비, 된찌, 식혜까지 코스요리처럼 완벽해요😋💚 특히, 유경래이모님이 극진히 대접해주셔서 넘 좋았어요!!😆👍🏻👍🏻 서빙의 신",99,True,,,,"조박집 좌식일때부터 20년 단골입니다. 동치미부터 돼지갈비, 된찌, 식혜까지 코스요리처럼 완벽해요😋💚 특히, 유경래이모님이 극진히 대접해주셔서 넘 좋았어요!!😆👍🏻👍🏻 서빙의 신",조박집 좌식일때부터 20년 단골입니다 동치미부터 돼지갈비 된찌 식혜까지 코스요리처럼 완벽해요 EMO_POS EMO_POS 특히 유경래이모님이 극진히 대접해주셔서 넘 좋았어요 EXCLAM EMO_POS EMO_POS EMO_POS 서빙의 신,1,0,0,0,1,0,1,99,요리
naver,을밀대 평양냉면,마루14,807.0,2025.09.18,1번째 방문,영수증,평양냉면의 세계는 참 다양하구나 싶네요. 녹두전에 고기가 많아서 맛있어요!,41,True,,,,평양냉면의 세계는 참 다양하구나 싶네요. 녹두전에 고기가 많아서 맛있어요!,평양냉면의 세계는 참 다양하구나 싶네요 녹두전에 고기가 많아서 맛있어요 EXCLAM,0,0,0,0,1,0,0,41,"맛, 맛있, 양, 고기, 면, 냉면"
kakao,옥동식 서교점,세영,512.0,2025-06-05,,,평소에 돼지국밥을 별로 좋아하지 않는 편인데 이곳은 꽤 깔끔한 육수를 사용해서 다른 곳들에 비해 먹기 편안했어요,62,True,4.0,4.6,골드 레벨,평소에 돼지국밥을 별로 좋아하지 않는 편인데 이곳은 꽤 깔끔한 육수를 사용해서 다른 곳들에 비해 먹기 편안했어요,평소에 돼지국밥을 별로 좋아하지 않는 편인데 이곳은 꽤 깔끔한 육수를 사용해서 다른 곳들에 비해 먹기 편안했어요,0,0,0,0,0,0,0,62,밥
kakao,락희옥 마포본점,김경현,1.0,2025-05-11,,,반찬도 다 맛있고 시킨 메뉴들 다 맛있었어요!! 가족모임이었는데 가게 내부도 깔끔하고 분위기도 좋아 즐거운 시간 보냈습니다,68,True,5.0,5.0,브론즈 레벨,반찬도 다 맛있고 시킨 메뉴들 다 맛있었어요!! 가족모임이었는데 가게 내부도 깔끔하고 분위기도 좋아 즐거운 시간 보냈습니다,반찬도 다 맛있고 시킨 메뉴들 다 맛있었어요 EXCLAM 가족모임이었는데 가게 내부도 깔끔하고 분위기도 좋아 즐거운 시간 보냈습니다,0,0,0,0,1,0,0,68,"맛, 맛있, 메뉴, 간, 반찬"
naver,조선시대,gkl****,26.0,2026.03.28,1번째 방문,영수증,분위기도 좋고 친절하셔서 너무재밌습니다. 게임도많고 음식도 맛있어요,37,True,,,,분위기도 좋고 친절하셔서 너무재밌습니다. 게임도많고 음식도 맛있어요,분위기도 좋고 친절하셔서 너무재밌습니다 게임도많고 음식도 맛있어요,0,0,0,0,0,0,0,37,"맛, 맛있, 음식"
naver,훼미리손칼국수보쌈,스튜디오hjy,86.0,2025.12.12,1번째 방문,영수증,가성비 좋아요 고기가 부들부들 양이 많아요,23,True,,,,가성비 좋아요 고기가 부들부들 양이 많아요,가성비 좋아요 고기가 부들부들 양이 많아요,0,0,0,0,0,0,0,23,"양, 고기"
naver,금금 성수점,khb723,67.0,2026.03.25,1번째 방문,영수증,평일 점심 방문했어요! 매장은 좀 협소하지만 음식은 너무 맛있어요! 캐치테이블로 예약하고 가시는거 추천드려요! 보리된장국수가 진짜 맛있으니깐 꼭 드세요!!! 평일 점심에 사람많은데 직원 한 분만 홀에 계셔서 혼자 일 다하시느라 너무 바빠보이셨어요ㅠㅠ... 다 너무 좋은데 홀직원 늘리실 필요가 있으실 것 같아요..,175,True,,,,평일 점심 방문했어요! 매장은 좀 협소하지만 음식은 너무 맛있어요! 캐치테이블로 예약하고 가시는거 추천드려요! 보리된장국수가 진짜 맛있으니깐 꼭 드세요!!! 평일 점심에 사람많은데 직원 한 분만 홀에 계셔서 혼자 일 다하시느라 너무 바빠보이셨어요ㅠㅠ... 다 너무 좋은데 홀직원 늘리실 필요가 있으실 것 같아요..,평일 점심 방문했어요 EXCLAM 매장은 좀 협소하지만 음식은 너무 맛있어요 EXCLAM 캐치테이블로 예약하고 가시는거 추천드려요 EXCLAM 보리된장국수가 진짜 맛있으니깐 꼭 드세요 EXCLAM 평일 점심에 사람많은데 직원 한 분만 홀에 계셔서 혼자 일 다하시느라 너무 바빠보이셨어요 다 너무 좋은데 홀직원 늘리실 필요가 있으실 것 같아요,0,0,0,1,1,0,0,175,"맛, 맛있, 음식, 짜"
kakao,장인닭갈비 홍대점,하하,28.0,2026-03-07,,,사리 메뉴가 다양하게 있어서 취향대로 추가해서 먹기 좋았어요. 닭갈비 맛이 더 풍부해지는 느낌이었습니다.,58,False,5.0,5.0,실버 레벨,사리 메뉴가 다양하게 있어서 취향대로 추가해서 먹기 좋았어요. 닭갈비 맛이 더 풍부해지는 느낌이었습니다.,사리 메뉴가 다양하게 있어서 취향대로 추가해서 먹기 좋았어요 닭갈비 맛이 더 풍부해지는 느낌이었습니다,0,0,0,0,0,0,0,58,"맛, 메뉴, 양"
naver,태양곱창 성수점,o3o060,19.0,2026.04.11,1번째 방문,영수증,처음와봤는데 양이 어마어마하고 기본맛도 맵기 약간 매콤해요!! 당면도 꾸덕한게 맛있어요!!,50,True,,,,처음와봤는데 양이 어마어마하고 기본맛도 맵기 약간 매콤해요!! 당면도 꾸덕한게 맛있어요!!,처음와봤는데 양이 어마어마하고 기본맛도 맵기 약간 매콤해요 EXCLAM 당면도 꾸덕한게 맛있어요 EXCLAM,0,0,0,0,1,0,0,50,"맛, 맛있, 양, 간, 면, 맵"
naver,을밀대 평양냉면,Crorong,,2025.06.20,1번째 방문,영수증,아직까진 을밀대를 평냉 중에 제일 좋아합니다. 일산점만 가봤는데 본점이 더 맛있네요. 일단 기본으로 나오는 육수 온도와 거냉 국물 온도가 다릅니다. 육수는 따듯하규 거냉국물은 시원해요. 다른 지점은 춥고 차가운데 본점은 온도가 잘 맞으니 저는 더 맛있더라고요. 고기도 얇고 더 부드러웠고 맛이 진했습니다. 소신발언 하자면 녹두전 너무 맛있지만 왜 만삼천원인지는 모르겠어요. 다른 지점에 비해서 더 바싹하게 구워졌는데 맛있어요. 너무 맛있는데 8천원 받아도 많이 받는다 생각이 들고 솔직히 6천원이면 충분합니다. 잘 먹었습니다.,294,True,,,,아직까진 을밀대를 평냉 중에 제일 좋아합니다. 일산점만 가봤는데 본점이 더 맛있네요. 일단 기본으로 나오는 육수 온도와 거냉 국물 온도가 다릅니다. 육수는 따듯하규 거냉국물은 시원해요. 다른 지점은 춥고 차가운데 본점은 온도가 잘 맞으니 저는 더 맛있더라고요. 고기도 얇고 더 부드러웠고 맛이 진했습니다. 소신발언 하자면 녹두전 너무 맛있지만 왜 만삼천원인지는 모르겠어요. 다른 지점에 비해서 더 바싹하게 구워졌는데 맛있어요. 너무 맛있는데 8천원 받아도 많이 받는다 생각이 들고 솔직히 6천원이면 충분합니다. 잘 먹었습니다.,아직까진 을밀대를 평냉 중에 제일 좋아합니다 일산점만 가봤는데 본점이 더 맛있네요 일단 기본으로 나오는 육수 온도와 거냉 국물 온도가 다릅니다 육수는 따듯하규 거냉국물은 시원해요 다른 지점은 춥고 차가운데 본점은 온도가 잘 맞으니 저는 더 맛있더라고요 고기도 얇고 더 부드러웠고 맛이 진했습니다 소신발언 하자면 녹두전 너무 맛있지만 왜 만삼천원인지는 모르겠어요 다른 지점에 비해서 더 바싹하게 구워졌는데 맛있어요 너무 맛있는데 8천원 받아도 많이 받는다 생각이 들고 솔직히 6천원이면 충분합니다 잘 먹었습니다,0,0,0,0,0,0,1,294,"맛, 맛있, 고기, 면, 국물, 평냉"
naver,성수족발,계란말이48,891.0,2025.11.22,1번째 방문,영수증,유명한집이라 기대하것에 비해 다소 만족하지못함.(껍질이 질기고 맛도 그다지 내 취향은 아니었음),53,True,,,,유명한집이라 기대하것에 비해 다소 만족하지못함.(껍질이 질기고 맛도 그다지 내 취향은 아니었음),유명한집이라 기대하것에 비해 다소 만족하지못함 껍질이 질기고 맛도 그다지 내 취향은 아니었음,0,0,0,0,0,0,0,53,"맛, 질기"
naver,황금콩밭,효 record,233.0,2025.03.03,1번째 방문,영수증,"💛두부 요리가 땡길때면 방문하는 곳💛 •점심/저녁 피크타임엔 웨이팅 10-15분 있지만, 사람 금방 빠지고 기다릴만한 곳입니다 •청국장, 육전 최고최고(여러 메뉴 다 맛봤어용) •가족모임/외국 손님과 함께가기에도 좋은 곳!!(인테리어도 멋지고, 음식도 맛있고 양이 넉넉해요) 꼭 한번 방문해보시길 추천드려요🧸🤎🤎🤎",175,True,,,,"💛두부 요리가 땡길때면 방문하는 곳💛 •점심/저녁 피크타임엔 웨이팅 10-15분 있지만, 사람 금방 빠지고 기다릴만한 곳입니다 •청국장, 육전 최고최고(여러 메뉴 다 맛봤어용) •가족모임/외국 손님과 함께가기에도 좋은 곳!!(인테리어도 멋지고, 음식도 맛있고 양이 넉넉해요) 꼭 한번 방문해보시길 추천드려요🧸🤎🤎🤎",EMO_POS 두부 요리가 땡길때면 방문하는 곳 EMO_POS 점심 저녁 피크타임엔 웨이팅 10 15분 있지만 사람 금방 빠지고 기다릴만한 곳입니다 청국장 육전 최고최고 여러 메뉴 다 맛봤어용 가족모임 외국 손님과 함께가기에도 좋은 곳 EXCLAM 인테리어도 멋지고 음식도 맛있고 양이 넉넉해요 꼭 한번 방문해보시길 추천드려요 EMO_POS EMO_POS EMO_POS,1,0,0,0,1,0,1,175,"맛, 맛있, 메뉴, 음식, 요리, 양, 면"
naver,보끔당 성수점,ehd****,47.0,2026.03.26,1번째 방문,영수증,맛도 좋고 사장님들이 친절해요~👍🏻👍🏻,21,True,,,,맛도 좋고 사장님들이 친절해요~👍🏻👍🏻,맛도 좋고 사장님들이 친절해요 EMO_POS EMO_POS,1,0,0,0,0,0,0,21,맛
kakao,홍대 조선시대,예원,1.0,2026-01-02,,,맛도 분위기도 짱이에요! 다음에 또 방문하려고 해요🫶,29,True,5.0,5.0,브론즈 레벨,맛도 분위기도 짱이에요! 다음에 또 방문하려고 해요🫶,맛도 분위기도 짱이에요 EXCLAM 다음에 또 방문하려고 해요,0,0,0,0,1,0,0,29,맛
naver,을밀대 평양냉면,Happy joy,638.0,2026.04.04,1번째 방문,영수증,"평양냉면으로 유명한 을밀대에 갔는데 역시나 웨이팅 줄이..... 8번째였는데 회전율이 빨라서 10여분만에 입장했어요 ^^ 각각 물냉면, 회냉면, 비빔냉면을 주문했어요. 맵찔이한테는 비냉 소스가 매웠지만 바삭 고소하고 감칠맛나는 녹두전 덕분에 맛있게 마무리했어요 ^^ 다음에도 녹두전은 필수에요 👍",165,True,,,,"평양냉면으로 유명한 을밀대에 갔는데 역시나 웨이팅 줄이..... 8번째였는데 회전율이 빨라서 10여분만에 입장했어요 ^^ 각각 물냉면, 회냉면, 비빔냉면을 주문했어요. 맵찔이한테는 비냉 소스가 매웠지만 바삭 고소하고 감칠맛나는 녹두전 덕분에 맛있게 마무리했어요 ^^ 다음에도 녹두전은 필수에요 👍",평양냉면으로 유명한 을밀대에 갔는데 역시나 웨이팅 줄이 8번째였는데 회전율이 빨라서 10여분만에 입장했어요 각각 물냉면 회냉면 비빔냉면을 주문했어요 맵찔이한테는 비냉 소스가 매웠지만 바삭 고소하고 감칠맛나는 녹두전 덕분에 맛있게 마무리했어요 다음에도 녹두전은 필수에요 EMO_POS,1,0,0,0,0,0,1,165,"맛, 맛있, 양, 면, 소스, 냉면, 맵"
naver,소문난성수감자탕,사파이어777,1400.0,2025.11.21,1번째 방문,영수증,외국인들도 줄서 있길래 들어 갔는데 뼈 모양은 특이하고 3대가 들어가 있었지만 줄설정도인가 했네요 식당이 들어가니 돼지고기 냄새가 너무 났어요 기본 12000원 모 15000원까지 재방문까지 하고 싶지는 않아요,117,True,,,,외국인들도 줄서 있길래 들어 갔는데 뼈 모양은 특이하고 3대가 들어가 있었지만 줄설정도인가 했네요 식당이 들어가니 돼지고기 냄새가 너무 났어요 기본 12000원 모 15000원까지 재방문까지 하고 싶지는 않아요,외국인들도 줄서 있길래 들어 갔는데 뼈 모양은 특이하고 3대가 들어가 있었지만 줄설정도인가 했네요 식당이 들어가니 돼지고기 냄새가 너무 났어요 기본 12000원 모 15000원까지 재방문까지 하고 싶지는 않아요,0,0,0,0,0,0,1,117,"양, 고기"
naver,마포양지설렁탕,쭈니1323,356.0,2025.09.14,2번째 방문,영수증,오늘 아침은 설렁탕 2인분 포장해서 셋이 먹기 맛있게 잘 먹었어요,36,True,,,,오늘 아침은 설렁탕 2인분 포장해서 셋이 먹기 맛있게 잘 먹었어요,오늘 아침은 설렁탕 2인분 포장해서 셋이 먹기 맛있게 잘 먹었어요,0,0,0,0,0,0,1,36,"맛, 맛있"
naver,육산장 홍대본점,숌8,225.0,2026.03.26,1번째 방문,영수증,홍대 야장 맛집 ❤️🥹 고기 넘넘맛있어요 ㅠㅠ,25,True,,,,홍대 야장 맛집 ❤️🥹 고기 넘넘맛있어요 ㅠㅠ,홍대 야장 맛집 EMO_POS 고기 넘넘맛있어요,1,0,0,1,0,0,0,25,"맛, 맛있, 고기"
naver,육산장 홍대본점,blu****,2.0,2026.04.25,1번째 방문,영수증,고기 초벌해주셔서 넘 편하고 맛있어뇨!!! 기본반찬도 맛있습니다.,36,True,,,,고기 초벌해주셔서 넘 편하고 맛있어뇨!!! 기본반찬도 맛있습니다.,고기 초벌해주셔서 넘 편하고 맛있어뇨 EXCLAM 기본반찬도 맛있습니다,0,0,0,0,1,0,0,36,"맛, 맛있, 고기, 반찬"
naver,쭌곱창,yeo****,35.0,2025.12.01,1번째 방문,영수증,A세트 시켰는데 진짜 맛나요💓🫶🫶 매콤한데 자꾸 먹게되는 중독적인 맛 ㅎㅎ 같이 나온 소스랑 깻잎 찍어먹으면 넘 굳굳,65,True,,,,A세트 시켰는데 진짜 맛나요💓🫶🫶 매콤한데 자꾸 먹게되는 중독적인 맛 ㅎㅎ 같이 나온 소스랑 깻잎 찍어먹으면 넘 굳굳,A세트 시켰는데 진짜 맛나요 EMO_POS 매콤한데 자꾸 먹게되는 중독적인 맛 같이 나온 소스랑 깻잎 찍어먹으면 넘 굳굳,1,0,0,0,0,0,0,65,"맛, 면, 소스, 짜"
naver,홍대 육지,yoo****,28.0,2026.03.08,1번째 방문,영수증,대박 진짜 맛있어요.. 너무 맛있어서 눈썹 팔자될 것 같음ㅋㅋㅋ 솔직히 근래 먹은 돼지고기들 중에 제일 맛있네여 볶음밥이랑 막국수도 꼭 드세여…ㅠㅠ,82,True,,,,대박 진짜 맛있어요.. 너무 맛있어서 눈썹 팔자될 것 같음ㅋㅋㅋ 솔직히 근래 먹은 돼지고기들 중에 제일 맛있네여 볶음밥이랑 막국수도 꼭 드세여…ㅠㅠ,대박 진짜 맛있어요 너무 맛있어서 눈썹 팔자될 것 같음 솔직히 근래 먹은 돼지고기들 중에 제일 맛있네여 볶음밥이랑 막국수도 꼭 드세여,0,0,0,1,0,0,0,82,"맛, 맛있, 고기, 밥, 짜"
kakao,을밀대 본점,여행객,9.0,2025-08-09,,,직원 싸가지없고 무엇보다 맛없어요..,20,True,1.0,1.2,실버 레벨,직원 싸가지없고 무엇보다 맛없어요..,직원 싸가지없고 무엇보다 맛없어요,0,0,0,0,0,0,0,20,"맛, 맛없"
naver,능동미나리 성수지점,어부열,1452.0,2025.12.20,1번째 방문,영수증,진짜맛있어요 비빔밥,10,True,,,,진짜맛있어요 비빔밥,진짜맛있어요 비빔밥,0,0,0,0,0,0,0,10,"맛, 맛있, 밥, 짜"
naver,조선시대,hae****,37.0,2026.04.27,3번째 방문,예약,여기 개맛있어요 3번째 방문임ㅋ 일단 복분자주 넘 먹고 싶었는데ㅠㅠ 여기에 팔아가주구 먹어줬습다,53,True,,,,여기 개맛있어요 3번째 방문임ㅋ 일단 복분자주 넘 먹고 싶었는데ㅠㅠ 여기에 팔아가주구 먹어줬습다,여기 개맛있어요 3번째 방문임 일단 복분자주 넘 먹고 싶었는데 여기에 팔아가주구 먹어줬습다,0,0,0,1,0,0,1,53,"맛, 맛있"
kakao,태양곱창 성수,키티덕후,5.0,2025-12-15,,,진짜 ★한개도 아까움 개 존 노 맛 돼지냄새 개ㅐㅐㅐ심하고 짜기만 하고 가격도 비싸고ㅡㅡ,49,True,1.0,2.8,브론즈 레벨,진짜 ★한개도 아까움 개 존 노 맛 돼지냄새 개ㅐㅐㅐ심하고 짜기만 하고 가격도 비싸고ㅡㅡ,진짜 한개도 아까움 개 존 노 맛 돼지냄새 개 심하고 짜기만 하고 가격도 비싸고,0,0,0,0,0,0,0,49,"맛, 짜"
naver,훼미리손칼국수보쌈,잘하고싶다9,2073.0,2025.11.19,1번째 방문,영수증,2인분 정식메뉴 먹었습니다. 푸짐 합니다.,23,True,,,,2인분 정식메뉴 먹었습니다. 푸짐 합니다.,2인분 정식메뉴 먹었습니다 푸짐 합니다,0,0,0,0,0,0,1,23,메뉴
kakao,홍대 조선시대,지윤,1.0,2025-12-21,,,주말 저녁에 웨이팅이 조금 있긴 했는데 회전율도 좋고 직원분들이 친절해요 딸기막걸리 딸기라떼같고 완전 맛있어요💕💕,63,True,5.0,5.0,브론즈 레벨,주말 저녁에 웨이팅이 조금 있긴 했는데 회전율도 좋고 직원분들이 친절해요 딸기막걸리 딸기라떼같고 완전 맛있어요💕💕,주말 저녁에 웨이팅이 조금 있긴 했는데 회전율도 좋고 직원분들이 친절해요 딸기막걸리 딸기라떼같고 완전 맛있어요 EMO_POS EMO_POS,1,0,0,0,0,0,0,63,"맛, 맛있"
naver,소문난성수감자탕,안녕못해,6.0,2026.03.01,1번째 방문,영수증,회전율 좋아서 대기 별로 안김 근데 중간에 국물 쫄아서 요청하려고 아무리 벨을 눌러도 불러도 직원이 안옴. 모든 직원이 벨 보고도 안오고 다른 테이블에서도 안오니까 여러번 누르신 것 같은데 한 직원분이 그분들께 누가 이렇게 벨을 계속 누르냐고 소리지르면서 꼽줌 결국 나중에 볶음밥 만들어주실때 국물 좀 달라고 부탁했는데 볶음밥 만들때 쓴 국물 가리키면서 이 정도로 충분하다고 짜증냄 뭐가 충분했던거지? 본인이 다써서 남아있는게 없었는데ㅋㅋ 완성된 볶음밥도 간이 하나도 안돼있어서 웃음만 나옴 이딴 가게 줄서서 먹는게 말이 안되고 이런 불호후기도 살면서 처음 남겨봄 원래 직원 안 친절해도 기분 안좋으신가보네하고 넘기는데 여긴 진짜임 +하도 안와서 직접 밑반찬 요청하러 오신분한테도 벨 누르지 왜왔냐고 짜증냄,395,False,,,,회전율 좋아서 대기 별로 안김 근데 중간에 국물 쫄아서 요청하려고 아무리 벨을 눌러도 불러도 직원이 안옴. 모든 직원이 벨 보고도 안오고 다른 테이블에서도 안오니까 여러번 누르신 것 같은데 한 직원분이 그분들께 누가 이렇게 벨을 계속 누르냐고 소리지르면서 꼽줌 결국 나중에 볶음밥 만들어주실때 국물 좀 달라고 부탁했는데 볶음밥 만들때 쓴 국물 가리키면서 이 정도로 충분하다고 짜증냄 뭐가 충분했던거지? 본인이 다써서 남아있는게 없었는데ㅋㅋ 완성된 볶음밥도 간이 하나도 안돼있어서 웃음만 나옴 이딴 가게 줄서서 먹는게 말이 안되고 이런 불호후기도 살면서 처음 남겨봄 원래 직원 안 친절해도 기분 안좋으신가보네하고 넘기는데 여긴 진짜임 +하도 안와서 직접 밑반찬 요청하러 오신분한테도 벨 누르지 왜왔냐고 짜증냄,회전율 좋아서 대기 별로 안김 근데 중간에 국물 쫄아서 요청하려고 아무리 벨을 눌러도 불러도 직원이 안옴 모든 직원이 벨 보고도 안오고 다른 테이블에서도 안오니까 여러번 누르신 것 같은데 한 직원분이 그분들께 누가 이렇게 벨을 계속 누르냐고 소리지르면서 꼽줌 결국 나중에 볶음밥 만들어주실때 국물 좀 달라고 부탁했는데 볶음밥 만들때 쓴 국물 가리키면서 이 정도로 충분하다고 짜증냄 뭐가 충분했던거지 QUESTION 본인이 다써서 남아있는게 없었는데 완성된 볶음밥도 간이 하나도 안돼있어서 웃음만 나옴 이딴 가게 줄서서 먹는게 말이 안되고 이런 불호후기도 살면서 처음 남겨봄 원래 직원 안 친절해도 기분 안좋으신가보네하고 넘기는데 여긴 진짜임 하도 안와서 직접 밑반찬 요청하러 오신분한테도 벨 누르지 왜왔냐고 짜증냄,0,0,0,0,0,1,0,395,"간, 면, 밥, 국물, 반찬, 짜"
naver,이태리국시 성수,해피뭉글이67,13.0,2026.04.30,1번째 방문,영수증,"일주일 전에 예약하고 방문했는데요~ 분위기가 너무 좋고 음식도 맛있어요. 알배추 숯불갈비 샐러드는 강추예요. 갈비양념이 은은하고 바질과 양념소스가 잘 어우러져 감칠맛의 끝입니다. 숯불대창돌솥파스타는 대창이 식으면 금방 기름 뜨고 식감이 쫄깃함이 떨어지는데 그걸 돌솥이 잘 잡아줘서 먹는동안 식감을 그대로 유지할 수 있고 끝맛의 매콤함이 느끼함을 잡아줘서 퓨전음식으루제대로 맛봤어요. 갈비찜버터파스타는 고소하고 아이도 어른도 호불호 없이 즐길 수 있고, 짧조름해서 느끼함이 덜해서 좋습니다. 직원분들도 너무 친절하셔서 편안하게 식사 잘 즐거마무리 합니다.다음에 또 방문할께요~",321,True,,,,"일주일 전에 예약하고 방문했는데요~ 분위기가 너무 좋고 음식도 맛있어요. 알배추 숯불갈비 샐러드는 강추예요. 갈비양념이 은은하고 바질과 양념소스가 잘 어우러져 감칠맛의 끝입니다. 숯불대창돌솥파스타는 대창이 식으면 금방 기름 뜨고 식감이 쫄깃함이 떨어지는데 그걸 돌솥이 잘 잡아줘서 먹는동안 식감을 그대로 유지할 수 있고 끝맛의 매콤함이 느끼함을 잡아줘서 퓨전음식으루제대로 맛봤어요. 갈비찜버터파스타는 고소하고 아이도 어른도 호불호 없이 즐길 수 있고, 짧조름해서 느끼함이 덜해서 좋습니다. 직원분들도 너무 친절하셔서 편안하게 식사 잘 즐거마무리 합니다.다음에 또 방문할께요~",일주일 전에 예약하고 방문했는데요 분위기가 너무 좋고 음식도 맛있어요 알배추 숯불갈비 샐러드는 강추예요 갈비양념이 은은하고 바질과 양념소스가 잘 어우러져 감칠맛의 끝입니다 숯불대창돌솥파스타는 대창이 식으면 금방 기름 뜨고 식감이 쫄깃함이 떨어지는데 그걸 돌솥이 잘 잡아줘서 먹는동안 식감을 그대로 유지할 수 있고 끝맛의 매콤함이 느끼함을 잡아줘서 퓨전음식으루제대로 맛봤어요 갈비찜버터파스타는 고소하고 아이도 어른도 호불호 없이 즐길 수 있고 짧조름해서 느끼함이 덜해서 좋습니다 직원분들도 너무 친절하셔서 편안하게 식사 잘 즐거마무리 합니다 다음에 또 방문할께요,0,0,0,0,0,0,0,321,"맛, 맛있, 음식, 양, 식감, 면, 소스, 파스타, 샐러드, 느끼"
naver,뼈탄집 성수역점,노틀담대학생,593.0,2026.01.23,1번째 방문,영수증,뼈탐삼셥겹살 너무 맛있고 다 고기를 구워주셔서 어찌나 편한지 뼈에 붙은 부분은 진짜 특히 맛나네요 후시 된찌도 강력추천합니다 나가면서 후식으로 아이스크림으로 입가심하는것도 추천드립니다.,103,True,,,,뼈탐삼셥겹살 너무 맛있고 다 고기를 구워주셔서 어찌나 편한지 뼈에 붙은 부분은 진짜 특히 맛나네요 후시 된찌도 강력추천합니다 나가면서 후식으로 아이스크림으로 입가심하는것도 추천드립니다.,뼈탐삼셥겹살 너무 맛있고 다 고기를 구워주셔서 어찌나 편한지 뼈에 붙은 부분은 진짜 특히 맛나네요 후시 된찌도 강력추천합니다 나가면서 후식으로 아이스크림으로 입가심하는것도 추천드립니다,0,0,0,0,0,0,0,103,"맛, 맛있, 고기, 면, 짜"
kakao,을밀대 본점,계란밥,49.0,2025-08-18,,,내취향 평냉 슴슴하지 않고 오히려 조금 짬,23,False,5.0,4.4,실버 레벨,내취향 평냉 슴슴하지 않고 오히려 조금 짬,내취향 평냉 슴슴하지 않고 오히려 조금 짬,0,0,0,0,0,0,0,23,평냉
kakao,소문난성수감자탕,히게포차아버지,40.0,2026-01-04,,,1/1 공휴일 저녁 10시쯤 방문했는데 사람 많았어요. 다행히 사람 빠져서 바로 별관으로 안내 받았음! 성수에서 관광 + 쇼핑하고 방문하는 외국인 많아요. 제 앞이랑 양 옆 전부 외국인이었긔 (중국인 일본인) 너무 외국인 맛집 느낌이라 걱정했는데 진짜 맛있게 먹었어요. 제 일본인 친구도 환장하면서 먹음 😋 가격도 많이 안비싸고 맛있습니다!,190,True,4.0,4.4,실버 레벨,1/1 공휴일 저녁 10시쯤 방문했는데 사람 많았어요. 다행히 사람 빠져서 바로 별관으로 안내 받았음! 성수에서 관광 + 쇼핑하고 방문하는 외국인 많아요. 제 앞이랑 양 옆 전부 외국인이었긔 (중국인 일본인) 너무 외국인 맛집 느낌이라 걱정했는데 진짜 맛있게 먹었어요. 제 일본인 친구도 환장하면서 먹음 😋 가격도 많이 안비싸고 맛있습니다!,1 1 공휴일 저녁 10시쯤 방문했는데 사람 많았어요 다행히 사람 빠져서 바로 별관으로 안내 받았음 EXCLAM 성수에서 관광 쇼핑하고 방문하는 외국인 많아요 제 앞이랑 양 옆 전부 외국인이었긔 중국인 일본인 너무 외국인 맛집 느낌이라 걱정했는데 진짜 맛있게 먹었어요 제 일본인 친구도 환장하면서 먹음 EMO_POS 가격도 많이 안비싸고 맛있습니다 EXCLAM,1,0,0,0,1,0,1,190,"맛, 맛있, 양, 면, 짜"
kakao,이태리국시 성수,혜원,1.0,2026-04-17,,,데이트하러 오기 좋은 곳이에요!! 맛도 있구 분위기두 좋아요 피자 꼭 드셔보세요👍🏻👍🏻👍🏻,50,True,5.0,5.0,브론즈 레벨,데이트하러 오기 좋은 곳이에요!! 맛도 있구 분위기두 좋아요 피자 꼭 드셔보세요👍🏻👍🏻👍🏻,데이트하러 오기 좋은 곳이에요 EXCLAM 맛도 있구 분위기두 좋아요 피자 꼭 드셔보세요 EMO_POS EMO_POS EMO_POS,1,0,0,0,1,0,0,50,"맛, 피자"
kakao,이태리국시 성수,서희,1.0,2026-04-03,,,어디 갈 지 고민하다 가까운 곳으로 왔는데 와보니 분위기도 너무 좋고 맛도 너무 괜찮았어요 커플끼리 오세요~,60,True,5.0,5.0,브론즈 레벨,어디 갈 지 고민하다 가까운 곳으로 왔는데 와보니 분위기도 너무 좋고 맛도 너무 괜찮았어요 커플끼리 오세요~,어디 갈 지 고민하다 가까운 곳으로 왔는데 와보니 분위기도 너무 좋고 맛도 너무 괜찮았어요 커플끼리 오세요,0,0,0,0,0,0,0,60,맛
naver,쭌곱창,hwa****,1.0,2026.03.14,1번째 방문,영수증,쭌곱창에서 곱창 먹었는데 정말 만족스러웠어요 😋 곱창이 잡내 없이 고소하고 쫄깃해서 계속 손이 가더라고요. 양도 푸짐하고 같이 나오는 반찬들도 잘 어울렸어요. 사장님도 친절해서 기분 좋게 식사했습니다. 곱창 생각날 때 또 방문하고 싶은 곳이에요! 👍,139,True,,,,쭌곱창에서 곱창 먹었는데 정말 만족스러웠어요 😋 곱창이 잡내 없이 고소하고 쫄깃해서 계속 손이 가더라고요. 양도 푸짐하고 같이 나오는 반찬들도 잘 어울렸어요. 사장님도 친절해서 기분 좋게 식사했습니다. 곱창 생각날 때 또 방문하고 싶은 곳이에요! 👍,쭌곱창에서 곱창 먹었는데 정말 만족스러웠어요 EMO_POS 곱창이 잡내 없이 고소하고 쫄깃해서 계속 손이 가더라고요 양도 푸짐하고 같이 나오는 반찬들도 잘 어울렸어요 사장님도 친절해서 기분 좋게 식사했습니다 곱창 생각날 때 또 방문하고 싶은 곳이에요 EXCLAM EMO_POS,1,0,0,0,1,0,0,139,"양, 반찬, 잡내"
kakao,금금,프로맛집러,186.0,2025-07-08,,,맛있어요. 근데 엄청 특별하지는 않고 음식마다 맛 갭이 좀 있어요. 사람이 늘 많아요,47,True,4.0,3.8,골드 레벨,맛있어요. 근데 엄청 특별하지는 않고 음식마다 맛 갭이 좀 있어요. 사람이 늘 많아요,맛있어요 근데 엄청 특별하지는 않고 음식마다 맛 갭이 좀 있어요 사람이 늘 많아요,0,0,0,0,0,0,0,47,"맛, 맛있, 음식"
kakao,이태리국시 성수,송현미,2.0,2026-04-12,,,맛있게 잘 먹었습니다. 다음에 또 올게요.,23,True,4.0,4.5,브론즈 레벨,맛있게 잘 먹었습니다. 다음에 또 올게요.,맛있게 잘 먹었습니다 다음에 또 올게요,0,0,0,0,0,0,0,23,"맛, 맛있"
naver,황금콩밭,오래오래코드,290.0,2026.01.24,1번째 방문,영수증,어 다먹은거밖에 없네 생두부 추천 짜박두부는 내 서타일은 아니였음 좀 칼칼해야되는데 들두구리 너무 기대가 컸나…,62,True,,,,어 다먹은거밖에 없네 생두부 추천 짜박두부는 내 서타일은 아니였음 좀 칼칼해야되는데 들두구리 너무 기대가 컸나…,어 다먹은거밖에 없네 생두부 추천 짜박두부는 내 서타일은 아니였음 좀 칼칼해야되는데 들두구리 너무 기대가 컸나,0,0,0,0,0,0,0,62,짜
naver,금금 성수점,깻잎아빠,39.0,2026.04.16,1번째 방문,영수증,메뉴가 새롭고 근데 맛도 좋아요 문어국수 늦으면 품절되요 서두르세요,37,True,,,,메뉴가 새롭고 근데 맛도 좋아요 문어국수 늦으면 품절되요 서두르세요,메뉴가 새롭고 근데 맛도 좋아요 문어국수 늦으면 품절되요 서두르세요,0,0,0,0,0,0,0,37,"맛, 메뉴, 면"
naver,장인닭갈비 홍대점,EHYL,11.0,2026.04.12,1번째 방문,영수증,맛있게 잘 먹었습니다 !,13,True,,,,맛있게 잘 먹었습니다 !,맛있게 잘 먹었습니다 EXCLAM,0,0,0,0,1,0,0,13,"맛, 맛있"
naver,소문난성수감자탕,소솜하다,763.0,2026.02.28,1번째 방문,영수증,양도 엄청 많고 사람많은 이유를 알거 같아요,24,True,,,,양도 엄청 많고 사람많은 이유를 알거 같아요,양도 엄청 많고 사람많은 이유를 알거 같아요,0,0,0,0,0,0,0,24,양
kakao,육지,궁민주,1.0,2025-08-26,,,목살이 너무 맛있고 계란찜이 미쳤어어요ㄷㄷ,23,False,5.0,5.0,브론즈 레벨,목살이 너무 맛있고 계란찜이 미쳤어어요ㄷㄷ,목살이 너무 맛있고 계란찜이 미쳤어어요,0,0,0,0,0,0,0,23,"맛, 맛있"
naver,소문난성수감자탕,그렇쿠나아,287.0,2026.03.08,1번째 방문,영수증,감자탕은 👍🏻 볶음밥은 ❌ 이모님이 김가루 너무 많이 넣어서 만들어 주셨음.. (그냥 공기밥에 먹는게 더..🫥),62,True,,,,감자탕은 👍🏻 볶음밥은 ❌ 이모님이 김가루 너무 많이 넣어서 만들어 주셨음.. (그냥 공기밥에 먹는게 더..🫥),감자탕은 EMO_POS 볶음밥은 이모님이 김가루 너무 많이 넣어서 만들어 주셨음 그냥 공기밥에 먹는게 더,1,0,0,0,0,0,0,62,"밥, 감자탕"
naver,성수족발,동콩79,76.0,2025.08.16,1번째 방문,영수증,쫀득한 족발이 아주 맛있엇러요!! 소주가 막 그냥 들어갔습니다 ㅎㅎ,37,True,,,,쫀득한 족발이 아주 맛있엇러요!! 소주가 막 그냥 들어갔습니다 ㅎㅎ,쫀득한 족발이 아주 맛있엇러요 EXCLAM 소주가 막 그냥 들어갔습니다,0,0,0,0,1,0,0,37,"맛, 맛있"
naver,소문난성수감자탕,미냥쿵,14.0,2025.12.04,1번째 방문,영수증,"직원분들은 반말하고, 계산하시는 분은 인사는 커녕 저와 한마디도 안하시네요. 인사는 안하는 스타일이시라고 해도 최소한 결제가 되었는지 아닌지는 말해줘야 제가 카드를 뽑고 나가지 않을까요? 기대하고 먹으러 간거였는데 다시 이용할 생각 없습니다.",135,False,,,,"직원분들은 반말하고, 계산하시는 분은 인사는 커녕 저와 한마디도 안하시네요. 인사는 안하는 스타일이시라고 해도 최소한 결제가 되었는지 아닌지는 말해줘야 제가 카드를 뽑고 나가지 않을까요? 기대하고 먹으러 간거였는데 다시 이용할 생각 없습니다.",직원분들은 반말하고 계산하시는 분은 인사는 커녕 저와 한마디도 안하시네요 인사는 안하는 스타일이시라고 해도 최소한 결제가 되었는지 아닌지는 말해줘야 제가 카드를 뽑고 나가지 않을까요 QUESTION 기대하고 먹으러 간거였는데 다시 이용할 생각 없습니다,0,0,0,0,0,1,0,135,간
kakao,능동미나리 성수점,아프리카사장이다,5.0,2025-02-23,,,능동미나리를 자주 가는 사람으로써 용산 성수 방문 해봤구요 성수에는 자주 가는편입니다. 저번 성수 갔을때는 임영웅님께서 방문하셔서 깜짝 놀랬었는데.. ㅎㅎ 항상 서비스 친절 맛 어느하나 나무랄게 없는 ... 능동미나리 육수의 풍미와 육향.. 투뿔 한우전 너무 건강한 식사였습니다. 너무 고급지고 멋지네요. 가족 들과 함께 너무 만족 스러운 식사였으며 역시 능동미나리는 사랑입니다 미쉐린 가이드 서울 2025 도 축하드리며 항상 가면 알아봐주시는 분들이 있기에 제겐 너무 즐거운 식사입니다 감사합니다.,279,True,5.0,5.0,브론즈 레벨,능동미나리를 자주 가는 사람으로써 용산 성수 방문 해봤구요 성수에는 자주 가는편입니다. 저번 성수 갔을때는 임영웅님께서 방문하셔서 깜짝 놀랬었는데.. ㅎㅎ 항상 서비스 친절 맛 어느하나 나무랄게 없는 ... 능동미나리 육수의 풍미와 육향.. 투뿔 한우전 너무 건강한 식사였습니다. 너무 고급지고 멋지네요. 가족 들과 함께 너무 만족 스러운 식사였으며 역시 능동미나리는 사랑입니다 미쉐린 가이드 서울 2025 도 축하드리며 항상 가면 알아봐주시는 분들이 있기에 제겐 너무 즐거운 식사입니다 감사합니다.,능동미나리를 자주 가는 사람으로써 용산 성수 방문 해봤구요 성수에는 자주 가는편입니다 저번 성수 갔을때는 임영웅님께서 방문하셔서 깜짝 놀랬었는데 항상 서비스 친절 맛 어느하나 나무랄게 없는 능동미나리 육수의 풍미와 육향 투뿔 한우전 너무 건강한 식사였습니다 너무 고급지고 멋지네요 가족 들과 함께 너무 만족 스러운 식사였으며 역시 능동미나리는 사랑입니다 미쉐린 가이드 서울 2025 도 축하드리며 항상 가면 알아봐주시는 분들이 있기에 제겐 너무 즐거운 식사입니다 감사합니다,0,0,0,0,0,0,1,279,"맛, 면"
naver,보끔당 성수점,yoojh282,25.0,2026.03.21,1번째 방문,영수증,성수에서 가격도 합리적이고 맛있는 닭볶음탕을 잘 먹었습니다,32,True,,,,성수에서 가격도 합리적이고 맛있는 닭볶음탕을 잘 먹었습니다,성수에서 가격도 합리적이고 맛있는 닭볶음탕을 잘 먹었습니다,0,0,0,0,0,0,0,32,"맛, 맛있"
naver,원조 조박집 본관,씨크릿,981.0,2025.02.11,1번째 방문,영수증,조박집 돼지갈비 맛집이지만 한우주물럭도 맛있어요. 한우 주물럭 먹고 마지막에 돼지갈비랑 된찌먹음 딱 좋아요. 동치미 국수랑 식혜도 맛있어요.,78,True,,,,조박집 돼지갈비 맛집이지만 한우주물럭도 맛있어요. 한우 주물럭 먹고 마지막에 돼지갈비랑 된찌먹음 딱 좋아요. 동치미 국수랑 식혜도 맛있어요.,조박집 돼지갈비 맛집이지만 한우주물럭도 맛있어요 한우 주물럭 먹고 마지막에 돼지갈비랑 된찌먹음 딱 좋아요 동치미 국수랑 식혜도 맛있어요,0,0,0,0,0,0,0,78,"맛, 맛있"
naver,성수족발,너랑나는조디,1008.0,2025.09.20,1번째 방문,예약,맛있는데 고기가 퍽퍽하고 마른 부분도 많이 있었습니다,29,True,,,,맛있는데 고기가 퍽퍽하고 마른 부분도 많이 있었습니다,맛있는데 고기가 퍽퍽하고 마른 부분도 많이 있었습니다,0,0,0,0,0,0,0,29,"맛, 맛있, 고기"
naver,각시보쌈,욱시티,119.0,2026.01.19,1번째 방문,영수증,웨이팅이 넘 길어서 포장으로 먹었는데 고기는 부드럽고 김치는 달짝지근하면서 식감이 좋아요 배추 상추 젓갈 홍어 등 다 신선합니다,71,True,,,,웨이팅이 넘 길어서 포장으로 먹었는데 고기는 부드럽고 김치는 달짝지근하면서 식감이 좋아요 배추 상추 젓갈 홍어 등 다 신선합니다,웨이팅이 넘 길어서 포장으로 먹었는데 고기는 부드럽고 김치는 달짝지근하면서 식감이 좋아요 배추 상추 젓갈 홍어 등 다 신선합니다,0,0,0,0,0,0,0,71,"식감, 고기, 면, 김치"
naver,옥동식,타나토스205,1650.0,2025.04.19,3번째 방문,영수증,매번 맛있게 먹었고~ 비도 오고해서 오랜만에 찾았어요~ 맑은 국물부터 마셔보고~ 밥을 섞어서 먹어보았어요~ 밥이 설익었어요~ 전분도 나오지 아니하고~ 밥을 씹을수 없을 정도였어요~ 국물맛 아니었으면 화내고 나올뻔했어요 단한번도 이런적이 없는데 왜 그랬는지 궁금하네요,148,True,,,,매번 맛있게 먹었고~ 비도 오고해서 오랜만에 찾았어요~ 맑은 국물부터 마셔보고~ 밥을 섞어서 먹어보았어요~ 밥이 설익었어요~ 전분도 나오지 아니하고~ 밥을 씹을수 없을 정도였어요~ 국물맛 아니었으면 화내고 나올뻔했어요 단한번도 이런적이 없는데 왜 그랬는지 궁금하네요,매번 맛있게 먹었고 비도 오고해서 오랜만에 찾았어요 맑은 국물부터 마셔보고 밥을 섞어서 먹어보았어요 밥이 설익었어요 전분도 나오지 아니하고 밥을 씹을수 없을 정도였어요 국물맛 아니었으면 화내고 나올뻔했어요 단한번도 이런적이 없는데 왜 그랬는지 궁금하네요,0,0,0,0,0,0,0,148,"맛, 맛있, 면, 밥, 국물"
naver,할머니의 레시피,Fantastic Cu,152.0,2025.10.30,1번째 방문,영수증,"전반적으로 음식 간이 적당하고 깔끔한 맛이예요! 비빔밥불고기정식, 한우떡갈비정식 주문했는데 한우떡갈비 타지않게 조리되어 맛있어요! 불고기는 일부분 겉이 타게 조리되어 아쉬워요!",98,True,,,,"전반적으로 음식 간이 적당하고 깔끔한 맛이예요! 비빔밥불고기정식, 한우떡갈비정식 주문했는데 한우떡갈비 타지않게 조리되어 맛있어요! 불고기는 일부분 겉이 타게 조리되어 아쉬워요!",전반적으로 음식 간이 적당하고 깔끔한 맛이예요 EXCLAM 비빔밥불고기정식 한우떡갈비정식 주문했는데 한우떡갈비 타지않게 조리되어 맛있어요 EXCLAM 불고기는 일부분 겉이 타게 조리되어 아쉬워요 EXCLAM,0,0,0,0,1,0,0,98,"맛, 맛있, 음식, 간, 고기, 밥"
naver,뼈탄집 성수역점,mei****,50.0,2026.04.10,1번째 방문,영수증,성수에서 삼겹살뼈탄집 무조건추천! 친절하시고 고기맛있고 모두 만족!,37,True,,,,성수에서 삼겹살뼈탄집 무조건추천! 친절하시고 고기맛있고 모두 만족!,성수에서 삼겹살뼈탄집 무조건추천 EXCLAM 친절하시고 고기맛있고 모두 만족 EXCLAM,0,0,0,0,1,0,0,37,"맛, 맛있, 고기"
naver,보끔당 성수점,꺅갸,27.0,2026.03.04,1번째 방문,영수증,오늘 웨이팅없길래 보저마자 바로 들어왔어요-!-!-!-!-!-!-!-!/!-!/!/!!/!-!-!!! 맛있어요!!!!!!,67,True,,,,오늘 웨이팅없길래 보저마자 바로 들어왔어요-!-!-!-!-!-!-!-!/!-!/!/!!/!-!-!!! 맛있어요!!!!!!,오늘 웨이팅없길래 보저마자 바로 들어왔어요 EXCLAM EXCLAM EXCLAM EXCLAM EXCLAM EXCLAM EXCLAM EXCLAM EXCLAM EXCLAM EXCLAM EXCLAM EXCLAM EXCLAM EXCLAM 맛있어요 EXCLAM,0,0,0,0,1,0,0,67,"맛, 맛있"
kakao,홍대 조선시대,서하,1.0,2026-01-01,,,존맛캥이에여ㅜㅜ~!,10,True,5.0,5.0,브론즈 레벨,존맛캥이에여ㅜㅜ~!,존맛캥이에여 EXCLAM,0,0,0,1,1,0,0,10,맛
naver,황금콩밭,프로추앙러,638.0,2025.09.17,1번째 방문,영수증,두부가 맛있어봤자 두부지.. 라는 생각을 한방에 무너뜨린 집! 말캉고소한 두부가 과일과도 이리 잘 어울릴 줄이야.. 두부와 짭조름한 고추장ㆍ청국장과의 환상 콜라보는 한국사람이라면 누구나 인정할수밖에 없지.. 소박하게 나온 고사리와 나물 반찬들도 하나같이 맛있다..,147,True,,,,두부가 맛있어봤자 두부지.. 라는 생각을 한방에 무너뜨린 집! 말캉고소한 두부가 과일과도 이리 잘 어울릴 줄이야.. 두부와 짭조름한 고추장ㆍ청국장과의 환상 콜라보는 한국사람이라면 누구나 인정할수밖에 없지.. 소박하게 나온 고사리와 나물 반찬들도 하나같이 맛있다..,두부가 맛있어봤자 두부지 라는 생각을 한방에 무너뜨린 집 EXCLAM 말캉고소한 두부가 과일과도 이리 잘 어울릴 줄이야 두부와 짭조름한 고추장 청국장과의 환상 콜라보는 한국사람이라면 누구나 인정할수밖에 없지 소박하게 나온 고사리와 나물 반찬들도 하나같이 맛있다,0,0,0,0,1,0,0,147,"맛, 맛있, 면, 반찬"
naver,보끔당 성수점,dai****,31.0,2025.12.19,7번째 방문,영수증,항상 성수올때마다 먹는곳지이지만 역시 맛있네요! 다음에도 또 올게요오~~ 접시가 바뀌어서 아쉬웠어요~,56,True,,,,항상 성수올때마다 먹는곳지이지만 역시 맛있네요! 다음에도 또 올게요오~~ 접시가 바뀌어서 아쉬웠어요~,항상 성수올때마다 먹는곳지이지만 역시 맛있네요 EXCLAM 다음에도 또 올게요오 TILDE 접시가 바뀌어서 아쉬웠어요,0,0,0,0,1,0,0,56,"맛, 맛있"
naver,능동미나리 성수지점,kye****,1942.0,2025.08.25,1번째 방문,영수증,월요일 낮2시에 방문했는데 웨이팅 없었음🍀 더운 날씨라 곰탕 별로 안땡기는 상태로 갔는데 오 맛있었어요! 처음 먹었을 때 보다 먹을수록 맛있는 느낌! 육전은 그 자체도 맛있지만 특제소스랑 곁들여먹는 미나리가 진짜 최고...👍 재방문의사 🫶🫶,134,True,,,,월요일 낮2시에 방문했는데 웨이팅 없었음🍀 더운 날씨라 곰탕 별로 안땡기는 상태로 갔는데 오 맛있었어요! 처음 먹었을 때 보다 먹을수록 맛있는 느낌! 육전은 그 자체도 맛있지만 특제소스랑 곁들여먹는 미나리가 진짜 최고...👍 재방문의사 🫶🫶,월요일 낮2시에 방문했는데 웨이팅 없었음 더운 날씨라 곰탕 별로 안땡기는 상태로 갔는데 오 맛있었어요 EXCLAM 처음 먹었을 때 보다 먹을수록 맛있는 느낌 EXCLAM 육전은 그 자체도 맛있지만 특제소스랑 곁들여먹는 미나리가 진짜 최고 EMO_POS 재방문의사,1,0,0,0,1,0,1,134,"맛, 맛있, 소스, 짜"
naver,보끔당 성수점,포트,35.0,2026.03.31,1번째 방문,영수증,너무 맛있어보여서 몇개 집어먹고 사진 찍었네요 맛있게 잘먹었습니다 ㅎㅎ,39,True,,,,너무 맛있어보여서 몇개 집어먹고 사진 찍었네요 맛있게 잘먹었습니다 ㅎㅎ,너무 맛있어보여서 몇개 집어먹고 사진 찍었네요 맛있게 잘먹었습니다,0,0,0,0,0,0,0,39,"맛, 맛있"
naver,능동미나리 성수지점,현JOO쥬,128.0,2025.09.19,1번째 방문,영수증,싱큼한 미나리와 수육의 조합 👍 더덕막걸리도 음식과 잘 어울려요. 마무리는 칼국수로ㅇ.ㅇ 끝까지 맛있었던곳!,60,True,,,,싱큼한 미나리와 수육의 조합 👍 더덕막걸리도 음식과 잘 어울려요. 마무리는 칼국수로ㅇ.ㅇ 끝까지 맛있었던곳!,싱큼한 미나리와 수육의 조합 EMO_POS 더덕막걸리도 음식과 잘 어울려요 마무리는 칼국수로 끝까지 맛있었던곳 EXCLAM,1,0,0,0,1,0,0,60,"맛, 맛있, 음식"
naver,황금콩밭,키친94,608.0,2025.02.02,1번째 방문,예약,"설연휴가 끝나는 일요일 점심...새벽까지 밤새 달린 부대낀 속을 풀려고 편안한 음식 찾아 간 곳. 딱 점심시간에 갔더니 손님가득, 살짝 웨이팅 하고 들어감. 가족들 많고 교회끝나고 온 듯한 단체들도 보임. 정식 주문하니 음식이 한번에 나와 2인석 좁다고 넓은 자리로 옮겨주심. 정말 금방 카트 서너대 음식들 주르륵 나옴. 새빨간데 안매운 두부찌게 별거 안들어갔는데 감칠맛 끝내주고 따뜻한 호박전 맛없없.멸치까지 반찬 하나하나 맛있어서 계속 집어먹고 네모난 생두부 한입 먹고 맛있어서 소쿠리두부 추가주문. 밥대신 두부랑 반찬 먹다보니 밥 남길정도로 생두부 맛에 폭 빠짐. 엄마드리려고 각자 소쿠리두부 하나씩 포장해 왔다.바쁜데 지나가다 먹는법 설명해 주시고 이것저것 계속 챙겨주신 이모님들이 너무 친절하셨다.",395,True,,,,"설연휴가 끝나는 일요일 점심...새벽까지 밤새 달린 부대낀 속을 풀려고 편안한 음식 찾아 간 곳. 딱 점심시간에 갔더니 손님가득, 살짝 웨이팅 하고 들어감. 가족들 많고 교회끝나고 온 듯한 단체들도 보임. 정식 주문하니 음식이 한번에 나와 2인석 좁다고 넓은 자리로 옮겨주심. 정말 금방 카트 서너대 음식들 주르륵 나옴. 새빨간데 안매운 두부찌게 별거 안들어갔는데 감칠맛 끝내주고 따뜻한 호박전 맛없없.멸치까지 반찬 하나하나 맛있어서 계속 집어먹고 네모난 생두부 한입 먹고 맛있어서 소쿠리두부 추가주문. 밥대신 두부랑 반찬 먹다보니 밥 남길정도로 생두부 맛에 폭 빠짐. 엄마드리려고 각자 소쿠리두부 하나씩 포장해 왔다.바쁜데 지나가다 먹는법 설명해 주시고 이것저것 계속 챙겨주신 이모님들이 너무 친절하셨다.",설연휴가 끝나는 일요일 점심 새벽까지 밤새 달린 부대낀 속을 풀려고 편안한 음식 찾아 간 곳 딱 점심시간에 갔더니 손님가득 살짝 웨이팅 하고 들어감 가족들 많고 교회끝나고 온 듯한 단체들도 보임 정식 주문하니 음식이 한번에 나와 2인석 좁다고 넓은 자리로 옮겨주심 정말 금방 카트 서너대 음식들 주르륵 나옴 새빨간데 안매운 두부찌게 별거 안들어갔는데 감칠맛 끝내주고 따뜻한 호박전 맛없없 멸치까지 반찬 하나하나 맛있어서 계속 집어먹고 네모난 생두부 한입 먹고 맛있어서 소쿠리두부 추가주문 밥대신 두부랑 반찬 먹다보니 밥 남길정도로 생두부 맛에 폭 빠짐 엄마드리려고 각자 소쿠리두부 하나씩 포장해 왔다 바쁜데 지나가다 먹는법 설명해 주시고 이것저것 계속 챙겨주신 이모님들이 너무 친절하셨다,0,0,0,0,0,0,1,395,"맛, 맛있, 맛없, 음식, 간, 밥, 반찬"
naver,각시보쌈,하겐다즈매니아,784.0,2025.05.12,2번째 방문,영수증,갓 각시보쌈 이 구성에 이 가격이라니 브레이크 타임 이후에 바로 꽉차는거 이해돼요 고기도 야들야들 부드럽고 찌개 반찬 구성도 좋아요 하와이 다녀온지 얼마안되엇는데 각시보쌈 하와이에서 먹으면 15만원각이라고 얘기하면서 먹었어요 ㅋㅋㅋㅋ 오래오래 가게해주세요🤍,143,True,,,,갓 각시보쌈 이 구성에 이 가격이라니 브레이크 타임 이후에 바로 꽉차는거 이해돼요 고기도 야들야들 부드럽고 찌개 반찬 구성도 좋아요 하와이 다녀온지 얼마안되엇는데 각시보쌈 하와이에서 먹으면 15만원각이라고 얘기하면서 먹었어요 ㅋㅋㅋㅋ 오래오래 가게해주세요🤍,갓 각시보쌈 이 구성에 이 가격이라니 브레이크 타임 이후에 바로 꽉차는거 이해돼요 고기도 야들야들 부드럽고 찌개 반찬 구성도 좋아요 하와이 다녀온지 얼마안되엇는데 각시보쌈 하와이에서 먹으면 15만원각이라고 얘기하면서 먹었어요 오래오래 가게해주세요 EMO_POS,1,0,0,0,0,0,1,143,"고기, 면, 반찬, 구성, 보쌈"
naver,소문난성수감자탕,원투쨉이예요,24.0,2026.02.21,1번째 방문,영수증,아는 동생이랑 갔는데 먹다가 사진을 찍어버렸네요. 여튼 맛있습니다.,37,True,,,,아는 동생이랑 갔는데 먹다가 사진을 찍어버렸네요. 여튼 맛있습니다.,아는 동생이랑 갔는데 먹다가 사진을 찍어버렸네요 여튼 맛있습니다,0,0,0,0,0,0,0,37,"맛, 맛있"
kakao,황금콩밭,꽁떼,159.0,2025-03-23,,,모든 메뉴를 다 먹어볼 때까지 멈추지 않을거야…,26,False,5.0,4.3,골드 레벨,모든 메뉴를 다 먹어볼 때까지 멈추지 않을거야…,모든 메뉴를 다 먹어볼 때까지 멈추지 않을거야,0,0,0,0,0,0,0,26,메뉴
naver,옥동식,ryuhann,143.0,2026.01.07,1번째 방문,예약,하도 유명하길래 궁금해서 근처 볼일 있는 날 포장해왔습니다. 맛은 있더라구요. 그치만 몇 시간씩 웨이팅해서 먹진 않을 것 같아요^_ㅠ... 포장 웨이팅할 때도 너무 추웠어요,96,True,,,,하도 유명하길래 궁금해서 근처 볼일 있는 날 포장해왔습니다. 맛은 있더라구요. 그치만 몇 시간씩 웨이팅해서 먹진 않을 것 같아요^_ㅠ... 포장 웨이팅할 때도 너무 추웠어요,하도 유명하길래 궁금해서 근처 볼일 있는 날 포장해왔습니다 맛은 있더라구요 그치만 몇 시간씩 웨이팅해서 먹진 않을 것 같아요 _ 포장 웨이팅할 때도 너무 추웠어요,0,0,0,0,0,0,0,96,"맛, 간"
kakao,쭌곱창,한준희,1.0,2025-12-27,,,맛있게 잘 먹었습니다!! 다음에 또 올게용!!,25,True,5.0,5.0,브론즈 레벨,맛있게 잘 먹었습니다!! 다음에 또 올게용!!,맛있게 잘 먹었습니다 EXCLAM 다음에 또 올게용 EXCLAM,0,0,0,0,1,0,0,25,"맛, 맛있"
naver,굴다리식당,SM눈사람,120.0,2025.04.27,1번째 방문,영수증,오랜만에 굴다리식당에 다녀왔습니다~ 예전에 회사다닐 때 단골이었는데 최근 후기에 안좋은 후기가 있길래 걱정하면서 다녀왔어요. 하지만 여전히 예전 맛 그대로 맛있었고 사장님도 정말 친절하셨어요:) 너무 맛나게 잘 먹고 갑니다:),126,True,,,,오랜만에 굴다리식당에 다녀왔습니다~ 예전에 회사다닐 때 단골이었는데 최근 후기에 안좋은 후기가 있길래 걱정하면서 다녀왔어요. 하지만 여전히 예전 맛 그대로 맛있었고 사장님도 정말 친절하셨어요:) 너무 맛나게 잘 먹고 갑니다:),오랜만에 굴다리식당에 다녀왔습니다 예전에 회사다닐 때 단골이었는데 최근 후기에 안좋은 후기가 있길래 걱정하면서 다녀왔어요 하지만 여전히 예전 맛 그대로 맛있었고 사장님도 정말 친절하셨어요 너무 맛나게 잘 먹고 갑니다,0,0,0,0,0,0,0,126,"맛, 맛있, 면"
kakao,마포양지설렁탕 도화점,맛집스파터,229.0,2025-02-23,,,너무 많이 먹어봐서 잘아는 그 맛,18,True,3.0,3.2,골드 레벨,너무 많이 먹어봐서 잘아는 그 맛,너무 많이 먹어봐서 잘아는 그 맛,0,0,0,0,0,0,0,18,맛
naver,쭌곱창,KYS611,65.0,2026.01.08,1번째 방문,영수증,홍대에서 양념곱창 땡기시면 여기 강추드려요!! 다른 야채곱창 이런거랑은 또 다른 별미입니다! 사장님도 친절하시고 먹는법도 소개해주셔서 맛있게 잘 먹었습니다~~ 특히 저 파인애플생크림이 킥이에요!!,109,True,,,,홍대에서 양념곱창 땡기시면 여기 강추드려요!! 다른 야채곱창 이런거랑은 또 다른 별미입니다! 사장님도 친절하시고 먹는법도 소개해주셔서 맛있게 잘 먹었습니다~~ 특히 저 파인애플생크림이 킥이에요!!,홍대에서 양념곱창 땡기시면 여기 강추드려요 EXCLAM 다른 야채곱창 이런거랑은 또 다른 별미입니다 EXCLAM 사장님도 친절하시고 먹는법도 소개해주셔서 맛있게 잘 먹었습니다 TILDE 특히 저 파인애플생크림이 킥이에요 EXCLAM,0,0,0,0,1,0,0,109,"맛, 맛있, 양, 면"
naver,굴다리식당,heyroo,16.0,2025.12.08,1번째 방문,예약,"계란말이는 크고 맛있어요! 집밥 먹는 느낌이지만 제 입맛에는 잘 맞지 않아서 아쉬웠습니다. 특히 고기가..퍽퍽한 살코기, 질긴 지방, 냄새 때문에 먹기 힘들었습니다.. 고기 질만 신경 쓰면 더 맛있을 것 같아요",117,True,,,,"계란말이는 크고 맛있어요! 집밥 먹는 느낌이지만 제 입맛에는 잘 맞지 않아서 아쉬웠습니다. 특히 고기가..퍽퍽한 살코기, 질긴 지방, 냄새 때문에 먹기 힘들었습니다.. 고기 질만 신경 쓰면 더 맛있을 것 같아요",계란말이는 크고 맛있어요 EXCLAM 집밥 먹는 느낌이지만 제 입맛에는 잘 맞지 않아서 아쉬웠습니다 특히 고기가 퍽퍽한 살코기 질긴 지방 냄새 때문에 먹기 힘들었습니다 고기 질만 신경 쓰면 더 맛있을 것 같아요,0,0,0,0,1,0,0,117,"맛, 맛있, 고기, 면, 밥"
naver,태양곱창 성수점,rla****,41.0,2026.01.17,1번째 방문,영수증,곱창국밥도 막창구이도 완전 맛있어요 만족 대만족!! 다들 엄청 친절하십니다~!,43,True,,,,곱창국밥도 막창구이도 완전 맛있어요 만족 대만족!! 다들 엄청 친절하십니다~!,곱창국밥도 막창구이도 완전 맛있어요 만족 대만족 EXCLAM 다들 엄청 친절하십니다 EXCLAM,0,0,0,0,1,0,0,43,"맛, 맛있, 밥"
naver,뼈탄집 성수역점,amelie90,71.0,2026.04.19,1번째 방문,영수증,고기가 질이 좋고 맛있네요 직원분들도 너무친절하고 매장도 넓어서 좋습니다~!,42,True,,,,고기가 질이 좋고 맛있네요 직원분들도 너무친절하고 매장도 넓어서 좋습니다~!,고기가 질이 좋고 맛있네요 직원분들도 너무친절하고 매장도 넓어서 좋습니다 EXCLAM,0,0,0,0,1,0,0,42,"맛, 맛있, 고기"
naver,쭌곱창,발바닥불나용,16.0,2026.02.15,1번째 방문,영수증,제 또또또간집이에요 올때마다 너무 맛있고 항상 만족합니다!!,33,True,,,,제 또또또간집이에요 올때마다 너무 맛있고 항상 만족합니다!!,제 또또간집이에요 올때마다 너무 맛있고 항상 만족합니다 EXCLAM,0,0,0,0,1,0,0,33,"맛, 맛있, 간"
naver,락희옥 마포본점,와디럼,13.0,2025.10.10,1번째 방문,영수증,"보쌈이 잡내, 고기냄새 없이 부들부들해서 입에서 녹네요. 보쌈 옆 사이드 반찬들도 맛있어요. 김치말이국수는 상콤합니다.",66,True,,,,"보쌈이 잡내, 고기냄새 없이 부들부들해서 입에서 녹네요. 보쌈 옆 사이드 반찬들도 맛있어요. 김치말이국수는 상콤합니다.",보쌈이 잡내 고기냄새 없이 부들부들해서 입에서 녹네요 보쌈 옆 사이드 반찬들도 맛있어요 김치말이국수는 상콤합니다,0,0,0,0,0,0,0,66,"맛, 맛있, 고기, 반찬, 김치, 보쌈, 잡내"
kakao,뼈탄집 성수역점,다빈,1.0,2026-04-19,,,너무 맛있고 직원이 너무 친절하세요,19,True,5.0,5.0,브론즈 레벨,너무 맛있고 직원이 너무 친절하세요,너무 맛있고 직원이 너무 친절하세요,0,0,0,0,0,0,0,19,"맛, 맛있"
naver,뼈탄집 성수역점,oop****,78.0,2026.04.02,2번째 방문,영수증,구운 고기 생각나면 오는 곳이예요! 너무 맛있고 계탄밥도 너무 맛나요~ 이동네 사는 동안은 무조건 고기는 이집!!!,64,True,,,,구운 고기 생각나면 오는 곳이예요! 너무 맛있고 계탄밥도 너무 맛나요~ 이동네 사는 동안은 무조건 고기는 이집!!!,구운 고기 생각나면 오는 곳이예요 EXCLAM 너무 맛있고 계탄밥도 너무 맛나요 이동네 사는 동안은 무조건 고기는 이집 EXCLAM,0,0,0,0,1,0,0,64,"맛, 맛있, 고기, 면, 밥"
naver,태양곱창 성수점,Zzz058,10.0,2026.04.15,1번째 방문,영수증,양 진짜 많아요 굿굿,11,True,,,,양 진짜 많아요 굿굿,양 진짜 많아요 굿굿,0,0,0,0,0,0,0,11,"양, 짜"
naver,할머니의 레시피,ai****,805.0,2025.05.04,1번째 방문,영수증,반찬이 정갈하게 잘 나와요,14,True,,,,반찬이 정갈하게 잘 나와요,반찬이 정갈하게 잘 나와요,0,0,0,0,0,0,0,14,반찬
naver,장인닭갈비 홍대점,12348983,38.0,2026.04.11,1번째 방문,영수증,고기양도 많고 웨이팅도 오래안걸려서 좋아용,23,True,,,,고기양도 많고 웨이팅도 오래안걸려서 좋아용,고기양도 많고 웨이팅도 오래안걸려서 좋아용,0,0,0,0,0,0,0,23,"양, 고기"
naver,장인닭갈비 홍대점,bazzzzii,16.0,2026.04.05,1번째 방문,영수증,너무너무맛잇어용💗💗💗,11,True,,,,너무너무맛잇어용💗💗💗,너무너무맛잇어용 EMO_POS EMO_POS EMO_POS,1,0,0,0,0,0,0,11,맛
naver,옥동식,미스테LEE,270.0,2025.08.18,1번째 방문,영수증,"맛있어서 자연스럽게 소문 난 맛집이 아니라 만들어진 맛집 같은 느낌, 이렇게까지 웨이팅해서 먹을 맛은 아닌 것 같아요… 제가 방문한 날만 그런건지, 고기는 냄새(돼지고기 특유의 누린내)나고 질기고 김치만두랑 김치는 맛있다고 하기엔 애매한 맛이었어요. 세상에 맛있는게 얼마나 많은데...기다린 시간이 아까웠어요. 그래도 맛이란게 주관적인거니까 저만 맛없는 것일 수도 있구요. 저는 잔뜩 기대하고 일부러 찾아갔는데 실망이었어요.",237,True,,,,"맛있어서 자연스럽게 소문 난 맛집이 아니라 만들어진 맛집 같은 느낌, 이렇게까지 웨이팅해서 먹을 맛은 아닌 것 같아요… 제가 방문한 날만 그런건지, 고기는 냄새(돼지고기 특유의 누린내)나고 질기고 김치만두랑 김치는 맛있다고 하기엔 애매한 맛이었어요. 세상에 맛있는게 얼마나 많은데...기다린 시간이 아까웠어요. 그래도 맛이란게 주관적인거니까 저만 맛없는 것일 수도 있구요. 저는 잔뜩 기대하고 일부러 찾아갔는데 실망이었어요.",맛있어서 자연스럽게 소문 난 맛집이 아니라 만들어진 맛집 같은 느낌 이렇게까지 웨이팅해서 먹을 맛은 아닌 것 같아요 제가 방문한 날만 그런건지 고기는 냄새 돼지고기 특유의 누린내 나고 질기고 김치만두랑 김치는 맛있다고 하기엔 애매한 맛이었어요 세상에 맛있는게 얼마나 많은데 기다린 시간이 아까웠어요 그래도 맛이란게 주관적인거니까 저만 맛없는 것일 수도 있구요 저는 잔뜩 기대하고 일부러 찾아갔는데 실망이었어요,0,0,0,0,0,0,0,237,"맛, 맛있, 맛없, 간, 고기, 김치, 질기"
kakao,육지,싱거우면화냄,16.0,2025-09-08,,,"평일 저녁에 방문했음에도 웨이팅 있었어요! 힙란 내부에 고기도 정말 맛있는데요, 많이 어수선하고 시끄럽기도 하고... 직원분 부르기가 쉽지않았고 바쁜 매장인 건 알겠지만 많이 불친절하다고 느꼈어요",109,True,2.0,4.0,실버 레벨,"평일 저녁에 방문했음에도 웨이팅 있었어요! 힙란 내부에 고기도 정말 맛있는데요, 많이 어수선하고 시끄럽기도 하고... 직원분 부르기가 쉽지않았고 바쁜 매장인 건 알겠지만 많이 불친절하다고 느꼈어요",평일 저녁에 방문했음에도 웨이팅 있었어요 EXCLAM 힙란 내부에 고기도 정말 맛있는데요 많이 어수선하고 시끄럽기도 하고 직원분 부르기가 쉽지않았고 바쁜 매장인 건 알겠지만 많이 불친절하다고 느꼈어요,0,0,0,0,1,0,0,109,"맛, 맛있, 고기"
naver,육산장 홍대본점,deb****,13.0,2026.03.30,1번째 방문,영수증,너무너무 맛있어요 ㅜㅠ 세트로 시키니 고기 부위도 다양하고 밑반찬들도 다 맛잇엇습니다. 무엇보다 야외라서 더 분위기 있게 재밋게 즐길 수 잇엇어요 !,83,True,,,,너무너무 맛있어요 ㅜㅠ 세트로 시키니 고기 부위도 다양하고 밑반찬들도 다 맛잇엇습니다. 무엇보다 야외라서 더 분위기 있게 재밋게 즐길 수 잇엇어요 !,너무너무 맛있어요 세트로 시키니 고기 부위도 다양하고 밑반찬들도 다 맛잇엇습니다 무엇보다 야외라서 더 분위기 있게 재밋게 즐길 수 잇엇어요 EXCLAM,0,0,0,0,1,0,0,83,"맛, 맛있, 양, 고기, 반찬"
naver,보끔당 성수점,미토리아,79.0,2026.03.16,1번째 방문,영수증,"리뷰가 좋아서 와봤는데 좋은이유가 있네요!!! 넘 맛있어요, 양도 넉넉하고 사장님들도 친절하셔서 좋아용. 성수 근처 놀러오게되면 또 올게요!!!!",81,True,,,,"리뷰가 좋아서 와봤는데 좋은이유가 있네요!!! 넘 맛있어요, 양도 넉넉하고 사장님들도 친절하셔서 좋아용. 성수 근처 놀러오게되면 또 올게요!!!!",리뷰가 좋아서 와봤는데 좋은이유가 있네요 EXCLAM 넘 맛있어요 양도 넉넉하고 사장님들도 친절하셔서 좋아용 성수 근처 놀러오게되면 또 올게요 EXCLAM,0,0,0,0,1,0,0,81,"맛, 맛있, 양, 면"
kakao,홍대 조선시대,ㅋㅋ,23.0,2026-04-28,,,그냥 모든게다 완벽함 맛있게 잘먹었습니다 👍,24,True,5.0,5.0,브론즈 레벨,그냥 모든게다 완벽함 맛있게 잘먹었습니다 👍,그냥 모든게다 완벽함 맛있게 잘먹었습니다 EMO_POS,1,0,0,0,0,0,0,24,"맛, 맛있"
naver,각시보쌈,오늘의리뷰는,3890.0,2025.10.18,1번째 방문,영수증,맛있어요 가성비도 좋아요,13,False,,,,맛있어요 가성비도 좋아요,맛있어요 가성비도 좋아요,0,0,0,0,0,0,0,13,"맛, 맛있"
kakao,홍대 조선시대,홍의진,1.0,2026-01-10,,,여자친구랑 간단하게 2차로 막걸리 먹으러 왔습니다! 처음 왓는데 맛있고 좋네요 ㅎㅎ 특별한 메뉴도 많이 있고 분위기도 좋아서 즐거운시간이었습니다!,81,True,5.0,5.0,브론즈 레벨,여자친구랑 간단하게 2차로 막걸리 먹으러 왔습니다! 처음 왓는데 맛있고 좋네요 ㅎㅎ 특별한 메뉴도 많이 있고 분위기도 좋아서 즐거운시간이었습니다!,여자친구랑 간단하게 2차로 막걸리 먹으러 왔습니다 EXCLAM 처음 왓는데 맛있고 좋네요 특별한 메뉴도 많이 있고 분위기도 좋아서 즐거운시간이었습니다 EXCLAM,0,0,0,0,1,0,1,81,"맛, 맛있, 메뉴, 간"
naver,육산장 홍대본점,유연한두더지,40.0,2026.04.06,1번째 방문,영수증,고기가 먹기 엄청 편하게 초벌되어서 나와용 김치냉칼국수는 무조건 드셔야합니다•••🤤 콘치즈랑 고기랑 반찬들 전부 맛있어요🥰❤️ 홍대 놀러올 때마다 올게요!! #홍대고깃집 #홍대맛집 #홍대육산장,107,True,,,,고기가 먹기 엄청 편하게 초벌되어서 나와용 김치냉칼국수는 무조건 드셔야합니다•••🤤 콘치즈랑 고기랑 반찬들 전부 맛있어요🥰❤️ 홍대 놀러올 때마다 올게요!! #홍대고깃집 #홍대맛집 #홍대육산장,고기가 먹기 엄청 편하게 초벌되어서 나와용 김치냉칼국수는 무조건 드셔야합니다 콘치즈랑 고기랑 반찬들 전부 맛있어요 EMO_POS EMO_POS 홍대 놀러올 때마다 올게요 EXCLAM 홍대고깃집 홍대맛집 홍대육산장,1,0,0,0,1,0,0,107,"맛, 맛있, 고기, 반찬, 김치"
naver,마포양지설렁탕,아니사랑,6.0,2025.08.02,1번째 방문,영수증,"1. 손님이 들어가도 인사 안함 2. 매장 더움 3. 설렁탕 보통이 14000원임. 비싼편 4. 반찬은 배추김치, 파김치, 깍두기. 그러나 김치가 테이블에 계속 있어서 신선하지 않음. 그리고 그냥 김치 자체가 맛이 없었음. 5. 설렁탕도 그렇게 맛있지 않음. 그냥 보통임. 고기는 약간 많다 정도.",166,False,,,,"1. 손님이 들어가도 인사 안함 2. 매장 더움 3. 설렁탕 보통이 14000원임. 비싼편 4. 반찬은 배추김치, 파김치, 깍두기. 그러나 김치가 테이블에 계속 있어서 신선하지 않음. 그리고 그냥 김치 자체가 맛이 없었음. 5. 설렁탕도 그렇게 맛있지 않음. 그냥 보통임. 고기는 약간 많다 정도.",1 손님이 들어가도 인사 안함 2 매장 더움 3 설렁탕 보통이 14000원임 비싼편 4 반찬은 배추김치 파김치 깍두기 그러나 김치가 테이블에 계속 있어서 신선하지 않음 그리고 그냥 김치 자체가 맛이 없었음 5 설렁탕도 그렇게 맛있지 않음 그냥 보통임 고기는 약간 많다 정도,0,0,0,0,0,0,1,166,"맛, 맛있, 간, 고기, 반찬, 김치"
kakao,육지,최유경,1.0,2025-11-05,,,매장이 깔끔하고 분위기도 좋아요 메인 고기도 정말 맛있는데 사이드가 완전 맛있어요..🥹💓 고기랑 같이 먹으면 완전 무한대로 들어가요!!! 고기도 직접 구워주시고 계속 필요한거 있으신지 친절하게 물어봐주셔서 감사했습니당 다음에 또 올게요~!!,134,True,5.0,5.0,브론즈 레벨,매장이 깔끔하고 분위기도 좋아요 메인 고기도 정말 맛있는데 사이드가 완전 맛있어요..🥹💓 고기랑 같이 먹으면 완전 무한대로 들어가요!!! 고기도 직접 구워주시고 계속 필요한거 있으신지 친절하게 물어봐주셔서 감사했습니당 다음에 또 올게요~!!,매장이 깔끔하고 분위기도 좋아요 메인 고기도 정말 맛있는데 사이드가 완전 맛있어요 EMO_POS 고기랑 같이 먹으면 완전 무한대로 들어가요 EXCLAM 고기도 직접 구워주시고 계속 필요한거 있으신지 친절하게 물어봐주셔서 감사했습니당 다음에 또 올게요 EXCLAM,1,0,0,0,1,0,0,134,"맛, 맛있, 고기, 면"
kakao,홍대 조선시대,맛집,1.0,2026-02-07,,,자리도 많고 음식도 맛있어요 애플망고 막걸리 추천드립니당,31,True,5.0,5.0,브론즈 레벨,자리도 많고 음식도 맛있어요 애플망고 막걸리 추천드립니당,자리도 많고 음식도 맛있어요 애플망고 막걸리 추천드립니당,0,0,0,0,0,0,0,31,"맛, 맛있, 음식"
naver,육산장 홍대본점,tra****,28.0,2026.04.13,1번째 방문,영수증,맛있어요!!! 야외 공간도 야장같이 하고 너무너무 맛있습니다 덕분에 잘 먹고 갑니당당 야외뿐 아니라 실내공간도 인테리어 고깃집이 아닌거같이 잘 해놓으셨어요! 모두 육산장으로 고공,99,True,,,,맛있어요!!! 야외 공간도 야장같이 하고 너무너무 맛있습니다 덕분에 잘 먹고 갑니당당 야외뿐 아니라 실내공간도 인테리어 고깃집이 아닌거같이 잘 해놓으셨어요! 모두 육산장으로 고공,맛있어요 EXCLAM 야외 공간도 야장같이 하고 너무너무 맛있습니다 덕분에 잘 먹고 갑니당당 야외뿐 아니라 실내공간도 인테리어 고깃집이 아닌거같이 잘 해놓으셨어요 EXCLAM 모두 육산장으로 고공,0,0,0,0,1,0,0,99,"맛, 맛있, 간"
naver,황금콩밭,angssen,416.0,2025.08.22,1번째 방문,영수증,단독주택 개조해서 분위기 있는 정원에 내집에 들어서는 것같은 친근함~~미쉐린 받은 밥구르망 이라 기대하며 청국장 먹었네요!! 건강해지는 맛 ~~ 좋습니다,85,True,,,,단독주택 개조해서 분위기 있는 정원에 내집에 들어서는 것같은 친근함~~미쉐린 받은 밥구르망 이라 기대하며 청국장 먹었네요!! 건강해지는 맛 ~~ 좋습니다,단독주택 개조해서 분위기 있는 정원에 내집에 들어서는 것같은 친근함 TILDE 미쉐린 받은 밥구르망 이라 기대하며 청국장 먹었네요 EXCLAM 건강해지는 맛 TILDE 좋습니다,0,0,0,0,1,0,0,85,"맛, 밥"
kakao,소문난성수감자탕,바나나 아님,3.0,2025-07-18,,,기대가 컸는데 그냥 평범한 맛이였습니다. 오히려 가게가 너무 바쁘고 사람이 많아서 굳이..?,51,True,3.0,3.3,브론즈 레벨,기대가 컸는데 그냥 평범한 맛이였습니다. 오히려 가게가 너무 바쁘고 사람이 많아서 굳이..?,기대가 컸는데 그냥 평범한 맛이였습니다 오히려 가게가 너무 바쁘고 사람이 많아서 굳이 QUESTION,0,0,0,0,0,1,0,51,맛
naver,소문난성수감자탕,tom72,683.0,2026.02.13,1번째 방문,영수증,"오전 11시 방문 1인석 한좌석 남아서 식사! 감자 없다고 하니 , 감자 가져다줌! 먹는법 뼈 젓가락으로 발골후 소스 양념장 넣어서 드세욧! 그리고 밥은 넣지 마세요! 밥 한숟가락 앤드 감자탕국물 입속으로 쏙~",117,True,,,,"오전 11시 방문 1인석 한좌석 남아서 식사! 감자 없다고 하니 , 감자 가져다줌! 먹는법 뼈 젓가락으로 발골후 소스 양념장 넣어서 드세욧! 그리고 밥은 넣지 마세요! 밥 한숟가락 앤드 감자탕국물 입속으로 쏙~",오전 11시 방문 1인석 한좌석 남아서 식사 EXCLAM 감자 없다고 하니 감자 가져다줌 EXCLAM 먹는법 뼈 젓가락으로 발골후 소스 양념장 넣어서 드세욧 EXCLAM 그리고 밥은 넣지 마세요 EXCLAM 밥 한숟가락 앤드 감자탕국물 입속으로 쏙,0,0,0,0,1,0,1,117,"양, 밥, 국물, 소스, 감자탕"
naver,락희옥 마포본점,Pearl60,20.0,2025.10.08,1번째 방문,영수증,"너무 너무 맛있고 친절한 집 발견!!! 개인적으로 제 최애는 멍게비빔밥!ㅋㅋㅋ 헿 잘 먹구 갑니당&gt;,&lt;",63,True,,,,"너무 너무 맛있고 친절한 집 발견!!! 개인적으로 제 최애는 멍게비빔밥!ㅋㅋㅋ 헿 잘 먹구 갑니당&gt;,&lt;",너무 너무 맛있고 친절한 집 발견 EXCLAM 개인적으로 제 최애는 멍게비빔밥 EXCLAM 헿 잘 먹구 갑니당 gt lt,0,0,0,0,1,0,0,63,"맛, 맛있, 밥"
naver,장인닭갈비 홍대점,iiiio0,5.0,2026.04.06,1번째 방문,영수증,처음 먹어보는데 맛있어요 다음에 또 올 생각있구 기다린 보람이 있네요 ㅎㅎ,41,True,,,,처음 먹어보는데 맛있어요 다음에 또 올 생각있구 기다린 보람이 있네요 ㅎㅎ,처음 먹어보는데 맛있어요 다음에 또 올 생각있구 기다린 보람이 있네요,0,0,0,0,0,0,0,41,"맛, 맛있"
kakao,쭌곱창,정영훈,1.0,2025-05-10,,,양도 많고 정말 맛있어요!! 분위기도 좋아요,24,True,5.0,5.0,브론즈 레벨,양도 많고 정말 맛있어요!! 분위기도 좋아요,양도 많고 정말 맛있어요 EXCLAM 분위기도 좋아요,0,0,0,0,1,0,0,24,"맛, 맛있, 양"
naver,쭌곱창,현지여신,157.0,2025.11.05,1번째 방문,영수증,홍대 제일 맛있다는 곱창집 와서 너무 맛있어요. 앞으로 또 올게요♡♡♡♡♡♡♡c세트 채고에요ㅡㅠㅡㅜㅜㅠㅡㅜ,59,True,,,,홍대 제일 맛있다는 곱창집 와서 너무 맛있어요. 앞으로 또 올게요♡♡♡♡♡♡♡c세트 채고에요ㅡㅠㅡㅜㅜㅠㅡㅜ,홍대 제일 맛있다는 곱창집 와서 너무 맛있어요 앞으로 또 올게요 EMO_POS EMO_POS EMO_POS EMO_POS EMO_POS EMO_POS EMO_POS c세트 채고에요,1,0,0,1,0,0,0,59,"맛, 맛있"
naver,육산장 홍대본점,S jeong,58.0,2026.04.15,1번째 방문,영수증,남자친구랑 같이 방문했어요!! 정말 맛있게 잘 먹고가요~~,32,True,,,,남자친구랑 같이 방문했어요!! 정말 맛있게 잘 먹고가요~~,남자친구랑 같이 방문했어요 EXCLAM 정말 맛있게 잘 먹고가요 TILDE,0,0,0,0,1,0,0,32,"맛, 맛있"
naver,소문난성수감자탕,coi****,90.0,2026.02.03,2번째 방문,영수증,어릴적부터 즐겨 먹었던 성수 감자탕 입니다. 너무너무 맛있어서 늘 생각나요,41,True,,,,어릴적부터 즐겨 먹었던 성수 감자탕 입니다. 너무너무 맛있어서 늘 생각나요,어릴적부터 즐겨 먹었던 성수 감자탕 입니다 너무너무 맛있어서 늘 생각나요,0,0,0,0,0,0,0,41,"맛, 맛있, 감자탕"
kakao,육산장 홍대본점,지윤,4.0,2025-07-18,,,와악 너무 맛있어요 꼭 오십셔.,17,True,5.0,5.0,브론즈 레벨,와악 너무 맛있어요 꼭 오십셔.,와악 너무 맛있어요 꼭 오십셔,0,0,0,0,0,0,0,17,"맛, 맛있"
kakao,쭌곱창,원준,1.0,2025-01-30,,,양념이 진하고 맛있어요,12,True,5.0,5.0,브론즈 레벨,양념이 진하고 맛있어요,양념이 진하고 맛있어요,0,0,0,0,0,0,0,12,"맛, 맛있, 양"
naver,이태리국시 성수,woo8517,7.0,2026.04.28,1번째 방문,영수증,숯불 대창 돌솥 파스타랑 바질 해산물 국물 파스타 너무 맛있어요! 숯불 맛도 나고 칼칼해서 입맛에 맞았어요. 다음에 생각 날거같아요 :),76,True,,,,숯불 대창 돌솥 파스타랑 바질 해산물 국물 파스타 너무 맛있어요! 숯불 맛도 나고 칼칼해서 입맛에 맞았어요. 다음에 생각 날거같아요 :),숯불 대창 돌솥 파스타랑 바질 해산물 국물 파스타 너무 맛있어요 EXCLAM 숯불 맛도 나고 칼칼해서 입맛에 맞았어요 다음에 생각 날거같아요,0,0,0,0,1,0,0,76,"맛, 맛있, 국물, 파스타"
naver,옥동식,예젤의원 성수환원장의 맛있는서울,220.0,2025.05.12,1번째 방문,영수증,부산 출신 서울 사람의 옥동식 나들이 맑은 육수가 곰탕 혹은 오차즈케를 연상하게끔 합니다. 깔끔한 육수를 좋아하신다면 무조건 좋아하실테고 클래식한 국밥을 떠올리신다면 실망하실 수 도 있습니다 홍콩분들 통역해드리고 얻어먹은 만두도 너무 즐거운 맛이었습니다 와인 모임 하고 갔는데 이보다 좋은 해장은 없을겁니다 친절함도 저희 예젤의원 직원분들만큼 친절해서 기분 좋았습니다 많이 적지 않겠습니다 꼭 한 번 직접 경험해보세요,233,True,,,,부산 출신 서울 사람의 옥동식 나들이 맑은 육수가 곰탕 혹은 오차즈케를 연상하게끔 합니다. 깔끔한 육수를 좋아하신다면 무조건 좋아하실테고 클래식한 국밥을 떠올리신다면 실망하실 수 도 있습니다 홍콩분들 통역해드리고 얻어먹은 만두도 너무 즐거운 맛이었습니다 와인 모임 하고 갔는데 이보다 좋은 해장은 없을겁니다 친절함도 저희 예젤의원 직원분들만큼 친절해서 기분 좋았습니다 많이 적지 않겠습니다 꼭 한 번 직접 경험해보세요,부산 출신 서울 사람의 옥동식 나들이 맑은 육수가 곰탕 혹은 오차즈케를 연상하게끔 합니다 깔끔한 육수를 좋아하신다면 무조건 좋아하실테고 클래식한 국밥을 떠올리신다면 실망하실 수 도 있습니다 홍콩분들 통역해드리고 얻어먹은 만두도 너무 즐거운 맛이었습니다 와인 모임 하고 갔는데 이보다 좋은 해장은 없을겁니다 친절함도 저희 예젤의원 직원분들만큼 친절해서 기분 좋았습니다 많이 적지 않겠습니다 꼭 한 번 직접 경험해보세요,0,0,0,0,0,0,0,233,"맛, 면, 밥"
naver,이태리국시 성수,이꼼지92,12.0,2026.04.08,1번째 방문,영수증,"성수에서 요즘 핫하다는 이태리국시 성수점 다녀왔어요 🍝✨ 우리는 숯불불고기쌈피자랑 곱창로제파스타 주문했는데, 결론부터 말하면 완전 만족💛 숯불불고기쌈피자는 이름 그대로 쌈 싸먹는 느낌이라 신기했는데, 불고기 향이 진짜 찐하게 나면서 살짝 달달+짭짤해서 계속 손이 가더라구요. 같이 나오는 채소랑 싸먹으면 느끼함도 잡혀서 더 좋았어요! 곱창로제파스타는 솔직히 기대 이상…🥹 곱창이 질기지 않고 고소하게 잘 익혀져서 로제소스랑 진짜 잘 어울렸어요. 크리미한데 살짝 매콤해서 물리지 않는 맛! 둘이서 먹는데 계속 “이거 뭐야 왜 맛있어” 하면서 먹음ㅋㅋ 전체적으로 메뉴 조합이 독특한데도 맛 밸런스가 잘 맞아서 만족스러운 식사였어요. 성수 데이트나 친구랑 가기 딱 좋은 곳👍 다음엔 다른 메뉴도 도전해볼 예정!",394,True,,,,"성수에서 요즘 핫하다는 이태리국시 성수점 다녀왔어요 🍝✨ 우리는 숯불불고기쌈피자랑 곱창로제파스타 주문했는데, 결론부터 말하면 완전 만족💛 숯불불고기쌈피자는 이름 그대로 쌈 싸먹는 느낌이라 신기했는데, 불고기 향이 진짜 찐하게 나면서 살짝 달달+짭짤해서 계속 손이 가더라구요. 같이 나오는 채소랑 싸먹으면 느끼함도 잡혀서 더 좋았어요! 곱창로제파스타는 솔직히 기대 이상…🥹 곱창이 질기지 않고 고소하게 잘 익혀져서 로제소스랑 진짜 잘 어울렸어요. 크리미한데 살짝 매콤해서 물리지 않는 맛! 둘이서 먹는데 계속 “이거 뭐야 왜 맛있어” 하면서 먹음ㅋㅋ 전체적으로 메뉴 조합이 독특한데도 맛 밸런스가 잘 맞아서 만족스러운 식사였어요. 성수 데이트나 친구랑 가기 딱 좋은 곳👍 다음엔 다른 메뉴도 도전해볼 예정!",성수에서 요즘 핫하다는 이태리국시 성수점 다녀왔어요 EMO_POS 우리는 숯불불고기쌈피자랑 곱창로제파스타 주문했는데 결론부터 말하면 완전 만족 EMO_POS 숯불불고기쌈피자는 이름 그대로 쌈 싸먹는 느낌이라 신기했는데 불고기 향이 진짜 찐하게 나면서 살짝 달달 짭짤해서 계속 손이 가더라구요 같이 나오는 채소랑 싸먹으면 느끼함도 잡혀서 더 좋았어요 EXCLAM 곱창로제파스타는 솔직히 기대 이상 곱창이 질기지 않고 고소하게 잘 익혀져서 로제소스랑 진짜 잘 어울렸어요 크리미한데 살짝 매콤해서 물리지 않는 맛 EXCLAM 둘이서 먹는데 계속 이거 뭐야 왜 맛있어 하면서 먹음 전체적으로 메뉴 조합이 독특한데도 맛 밸런스가 잘 맞아서 만족스러운 식사였어요 성수 데이트나 친구랑 가기 딱 좋은 곳 EMO_POS 다음엔 다른 메뉴도 도전해볼 예정 EXCLAM,1,0,0,0,1,0,0,394,"맛, 맛있, 메뉴, 고기, 면, 소스, 파스타, 피자, 느끼, 질기, 짜"
naver,장인닭갈비 홍대점,새라친구,16.0,2026.04.11,1번째 방문,영수증,닭갈비 땡겨서 왔어요 ! 외국인 많아서 놀랬어요 근데 완전 맛있음 !! 👍🏻👍🏻 치즈 추가 필수,53,True,,,,닭갈비 땡겨서 왔어요 ! 외국인 많아서 놀랬어요 근데 완전 맛있음 !! 👍🏻👍🏻 치즈 추가 필수,닭갈비 땡겨서 왔어요 EXCLAM 외국인 많아서 놀랬어요 근데 완전 맛있음 EXCLAM EMO_POS EMO_POS 치즈 추가 필수,1,0,0,0,1,0,0,53,"맛, 맛있"
naver,을밀대 평양냉면,알람5개맞춘팔락파니르,33.0,2025.08.15,1번째 방문,영수증,"제 인생 두번째 평냉은 서울에서 유명하다는 을밀대로 정해서 와봤습니다.. 8월 15일 공휴일에 11시 오픈인데 10시 30분, 오픈 시간보다 일찍 왔는데도 앞에 10명정도 대기가 있고 오픈 시간인 11시가 되니까 제 뒤에 4~50명 정도 대기한 상태가 되더라구요. 이렇게 기다린만큼 맛도 훌륭해야 하는데 어떨까? 하고 걱정반 기대반이었는데. 결론은 진짜 맛있었습니다. 이 맛을 다른 가게들이 넘을 수 있을까 싶을 정도였습니다. 을밀대를 골라 온 건 정말 잘한 것 같았습니다. 같이 시킨 녹두전도 너무 맛있어서 두번 놀랐구요. 다음에도 올 의향 만땅이고, 정말 맛있다는 진부한 표현만 떠오르는 게 아쉽습니다. 내가 평냉 첫 도전을 서울에서 해봐야겠다? 꼭 1순위로 들려서 드셔보시길 권합니다😍",386,True,,,,"제 인생 두번째 평냉은 서울에서 유명하다는 을밀대로 정해서 와봤습니다.. 8월 15일 공휴일에 11시 오픈인데 10시 30분, 오픈 시간보다 일찍 왔는데도 앞에 10명정도 대기가 있고 오픈 시간인 11시가 되니까 제 뒤에 4~50명 정도 대기한 상태가 되더라구요. 이렇게 기다린만큼 맛도 훌륭해야 하는데 어떨까? 하고 걱정반 기대반이었는데. 결론은 진짜 맛있었습니다. 이 맛을 다른 가게들이 넘을 수 있을까 싶을 정도였습니다. 을밀대를 골라 온 건 정말 잘한 것 같았습니다. 같이 시킨 녹두전도 너무 맛있어서 두번 놀랐구요. 다음에도 올 의향 만땅이고, 정말 맛있다는 진부한 표현만 떠오르는 게 아쉽습니다. 내가 평냉 첫 도전을 서울에서 해봐야겠다? 꼭 1순위로 들려서 드셔보시길 권합니다😍",제 인생 두번째 평냉은 서울에서 유명하다는 을밀대로 정해서 와봤습니다 8월 15일 공휴일에 11시 오픈인데 10시 30분 오픈 시간보다 일찍 왔는데도 앞에 10명정도 대기가 있고 오픈 시간인 11시가 되니까 제 뒤에 4 50명 정도 대기한 상태가 되더라구요 이렇게 기다린만큼 맛도 훌륭해야 하는데 어떨까 QUESTION 하고 걱정반 기대반이었는데 결론은 진짜 맛있었습니다 이 맛을 다른 가게들이 넘을 수 있을까 싶을 정도였습니다 을밀대를 골라 온 건 정말 잘한 것 같았습니다 같이 시킨 녹두전도 너무 맛있어서 두번 놀랐구요 다음에도 올 의향 만땅이고 정말 맛있다는 진부한 표현만 떠오르는 게 아쉽습니다 내가 평냉 첫 도전을 서울에서 해봐야겠다 QUESTION 꼭 1순위로 들려서 드셔보시길 권합니다 EMO_POS,1,0,0,0,0,1,1,386,"맛, 맛있, 간, 평냉, 짜"
naver,굴다리식당,도됴잉,325.0,2026.02.08,1번째 방문,영수증,향신료없는 건강한맛🫶🏻🌱🌱 진정한 한국인의 밥상 추천해요! 왕할머님이 주인장이신듯 친절하고 좋아여!👏🏻👏🏻,59,True,,,,향신료없는 건강한맛🫶🏻🌱🌱 진정한 한국인의 밥상 추천해요! 왕할머님이 주인장이신듯 친절하고 좋아여!👏🏻👏🏻,향신료없는 건강한맛 진정한 한국인의 밥상 추천해요 EXCLAM 왕할머님이 주인장이신듯 친절하고 좋아여 EXCLAM EMO_POS EMO_POS,1,0,0,0,1,0,0,59,"맛, 밥"
kakao,훼미리손칼국수보쌈,맛집좋아,23.0,2025-04-15,,,타이밍 잘 맞춰서 가야합니다. 진짜 바쁜 점심 시간대에 가면 입장 웨이팅은 물론이고 음식 주문하고 나서도 최소 30분은 기다려야 나와옵니다. 음식들 나오는 텀도 엄청 길어요. 근데 타이밍 잘 맞춰 가면 바로 입장에 음식도 바로 나와요. 여긴 감자전이 예술입니다.,146,,4.0,4.4,실버 레벨,타이밍 잘 맞춰서 가야합니다. 진짜 바쁜 점심 시간대에 가면 입장 웨이팅은 물론이고 음식 주문하고 나서도 최소 30분은 기다려야 나와옵니다. 음식들 나오는 텀도 엄청 길어요. 근데 타이밍 잘 맞춰 가면 바로 입장에 음식도 바로 나와요. 여긴 감자전이 예술입니다.,타이밍 잘 맞춰서 가야합니다 진짜 바쁜 점심 시간대에 가면 입장 웨이팅은 물론이고 음식 주문하고 나서도 최소 30분은 기다려야 나와옵니다 음식들 나오는 텀도 엄청 길어요 근데 타이밍 잘 맞춰 가면 바로 입장에 음식도 바로 나와요 여긴 감자전이 예술입니다,0,0,0,0,0,0,1,146,"음식, 간, 면, 짜"
naver,황금콩밭,CnLMJ,1832.0,2026.04.07,6번째 방문,예약,수제 두부요리가 너무 맛있어요,16,True,,,,수제 두부요리가 너무 맛있어요,수제 두부요리가 너무 맛있어요,0,0,0,0,0,0,0,16,"맛, 맛있, 요리"
naver,조선시대,SOH2E,60.0,2026.02.02,1번째 방문,예약,"일단 분위기부터 넘나 제 스타일이라서 홀린듯이 빠져버렸어용 이번이 두번째 방문인데 완전 단골 예정!!! 국물류가 끝장나게 맛있는데 전도 끝이 바삭 속은 촉촉하고 최고에요!!! 직원분이랑 친해졌는데 정말 친절하시고, 인상도 좋고, 웃는 것도 예쁘시고 맛있는 것도 잘 챙겨주시구!!!! 이러니까 앞으로도 계속 오게 될 것 같아요! 다음번엔 저도 호패 만들래요!!",200,True,,,,"일단 분위기부터 넘나 제 스타일이라서 홀린듯이 빠져버렸어용 이번이 두번째 방문인데 완전 단골 예정!!! 국물류가 끝장나게 맛있는데 전도 끝이 바삭 속은 촉촉하고 최고에요!!! 직원분이랑 친해졌는데 정말 친절하시고, 인상도 좋고, 웃는 것도 예쁘시고 맛있는 것도 잘 챙겨주시구!!!! 이러니까 앞으로도 계속 오게 될 것 같아요! 다음번엔 저도 호패 만들래요!!",일단 분위기부터 넘나 제 스타일이라서 홀린듯이 빠져버렸어용 이번이 두번째 방문인데 완전 단골 예정 EXCLAM 국물류가 끝장나게 맛있는데 전도 끝이 바삭 속은 촉촉하고 최고에요 EXCLAM 직원분이랑 친해졌는데 정말 친절하시고 인상도 좋고 웃는 것도 예쁘시고 맛있는 것도 잘 챙겨주시구 EXCLAM 이러니까 앞으로도 계속 오게 될 것 같아요 EXCLAM 다음번엔 저도 호패 만들래요 EXCLAM,0,0,0,0,1,0,0,200,"맛, 맛있, 국물"
naver,금금 성수점,홍태식이,31.0,2026.04.12,1번째 방문,영수증,"보리된장고기국수랑 들기름통밀국수, 묵은지참치말이 먹었습니다! 음식 너무 맛있게 잘먹었습니다! 다음번에 또 방문하겠습니다 ㅎㅎ",69,True,,,,"보리된장고기국수랑 들기름통밀국수, 묵은지참치말이 먹었습니다! 음식 너무 맛있게 잘먹었습니다! 다음번에 또 방문하겠습니다 ㅎㅎ",보리된장고기국수랑 들기름통밀국수 묵은지참치말이 먹었습니다 EXCLAM 음식 너무 맛있게 잘먹었습니다 EXCLAM 다음번에 또 방문하겠습니다,0,0,0,0,1,0,0,69,"맛, 맛있, 음식, 고기"
naver,쭌곱창,귤나쓰,14.0,2025.12.29,1번째 방문,영수증,사장님이 친절하시고... 먹는 방법 다 알려주시고... 너무너무 맛있어요 😍❤️,44,True,,,,사장님이 친절하시고... 먹는 방법 다 알려주시고... 너무너무 맛있어요 😍❤️,사장님이 친절하시고 먹는 방법 다 알려주시고 너무너무 맛있어요 EMO_POS EMO_POS,1,0,0,0,0,0,0,44,"맛, 맛있"
naver,을밀대 평양냉면,내일은41,269.0,2025.10.02,8번째 방문,예약,흑흑 너무맛있어 🥹🥹 감동의 눈물이 절로나옴 너무 맛잇어서 오줌도 싸기 아깝다!!!!🐷🐷,49,True,,,,흑흑 너무맛있어 🥹🥹 감동의 눈물이 절로나옴 너무 맛잇어서 오줌도 싸기 아깝다!!!!🐷🐷,흑흑 너무맛있어 감동의 눈물이 절로나옴 너무 맛잇어서 오줌도 싸기 아깝다 EXCLAM,0,0,0,0,1,0,0,49,"맛, 맛있"
kakao,을밀대 본점,레나던햄,47.0,2025-04-21,,,뉴욕커픽 평냉,7,False,5.0,3.5,실버 레벨,뉴욕커픽 평냉,뉴욕커픽 평냉,0,0,0,0,0,0,0,7,평냉
naver,이태리국시 성수,토링토링이,16.0,2026.04.17,1번째 방문,영수증,퓨전 스타일 독특한 메뉴들이 많아서 이색적이에요! 전부 맛있게 잘 먹었고 다음에 다른 메뉴 도장깨기 할래요 ㅋㅋ,62,True,,,,퓨전 스타일 독특한 메뉴들이 많아서 이색적이에요! 전부 맛있게 잘 먹었고 다음에 다른 메뉴 도장깨기 할래요 ㅋㅋ,퓨전 스타일 독특한 메뉴들이 많아서 이색적이에요 EXCLAM 전부 맛있게 잘 먹었고 다음에 다른 메뉴 도장깨기 할래요,0,0,0,0,1,0,0,62,"맛, 맛있, 메뉴"
kakao,이태리국시 성수,유하울,2.0,2026-04-03,,,일단 분위기도 너무 좋고 직원들 착하시고 음식 맛은 뭐 말할 것도 없습니다 너무 맛있습니다 번창하세요,56,True,5.0,5.0,브론즈 레벨,일단 분위기도 너무 좋고 직원들 착하시고 음식 맛은 뭐 말할 것도 없습니다 너무 맛있습니다 번창하세요,일단 분위기도 너무 좋고 직원들 착하시고 음식 맛은 뭐 말할 것도 없습니다 너무 맛있습니다 번창하세요,0,0,0,0,0,0,0,56,"맛, 맛있, 음식"
kakao,쭌곱창,몽구,2.0,2025-12-22,,,개인적으로 홍대 곱창 원탑이라구 생각합니다 잡내도 안나고 맵기도 딱! 완전 맛있어요 추천합니다!!!,55,True,5.0,5.0,브론즈 레벨,개인적으로 홍대 곱창 원탑이라구 생각합니다 잡내도 안나고 맵기도 딱! 완전 맛있어요 추천합니다!!!,개인적으로 홍대 곱창 원탑이라구 생각합니다 잡내도 안나고 맵기도 딱 EXCLAM 완전 맛있어요 추천합니다 EXCLAM,0,0,0,0,1,0,0,55,"맛, 맛있, 잡내, 맵"
naver,을밀대 평양냉면,cess2010,1214.0,2026.03.21,1번째 방문,영수증,"서울온 김에 을밀대...^^, 물냉면 면에도 맛이 느껴지네요...비냉은 쏘쏘~~~, 매장 내부는 레트로 감성이구요...복잡한 곳이라 평일에 오기는 쫌 무리인듯! 가격 물냉,비냉 ₩16,000원 ~~~.",112,True,,,,"서울온 김에 을밀대...^^, 물냉면 면에도 맛이 느껴지네요...비냉은 쏘쏘~~~, 매장 내부는 레트로 감성이구요...복잡한 곳이라 평일에 오기는 쫌 무리인듯! 가격 물냉,비냉 ₩16,000원 ~~~.",서울온 김에 을밀대 물냉면 면에도 맛이 느껴지네요 비냉은 쏘쏘 TILDE 매장 내부는 레트로 감성이구요 복잡한 곳이라 평일에 오기는 쫌 무리인듯 EXCLAM 가격 물냉 비냉 16 000원 TILDE,0,0,0,0,1,0,1,112,"맛, 면, 냉면"
naver,굴다리식당,쑴매,6.0,2025.06.06,1번째 방문,영수증,자리 앉을 때 메뉴에도 없는 제일 비싼 세트메뉴 줄까? 하시길래 처음부터 되게 쎄했습니다. 저희가 메뉴판 보기도 전에 어떻게든 더 비싼 메뉴를 추천하시더라고요. 그래서 그냥 김찌 2개 시켰는데 끝물 김치 걸린 건가요..? 김찌 너무 셔서 못 먹을 정도로 맛 최악이었습니다. 그리고 김찌 2개 값 이만원 아니고 김치 1개 제육 1개 값 이만이천원으로 계산하셨던 것도 실수셨겠지만 그냥 처음부터 끝까지 서비스 별로였어요. 안에 연예인들 싸인 많길래 믿고 들어갔는데 두번 다시 가고 싶지 않네요. 웬만한 거 정말 다 잘 먹는 잡식성 사람인데도 불구하고 인상 쓰게 만드는 신맛이었습니다.,324,False,,,,자리 앉을 때 메뉴에도 없는 제일 비싼 세트메뉴 줄까? 하시길래 처음부터 되게 쎄했습니다. 저희가 메뉴판 보기도 전에 어떻게든 더 비싼 메뉴를 추천하시더라고요. 그래서 그냥 김찌 2개 시켰는데 끝물 김치 걸린 건가요..? 김찌 너무 셔서 못 먹을 정도로 맛 최악이었습니다. 그리고 김찌 2개 값 이만원 아니고 김치 1개 제육 1개 값 이만이천원으로 계산하셨던 것도 실수셨겠지만 그냥 처음부터 끝까지 서비스 별로였어요. 안에 연예인들 싸인 많길래 믿고 들어갔는데 두번 다시 가고 싶지 않네요. 웬만한 거 정말 다 잘 먹는 잡식성 사람인데도 불구하고 인상 쓰게 만드는 신맛이었습니다.,자리 앉을 때 메뉴에도 없는 제일 비싼 세트메뉴 줄까 QUESTION 하시길래 처음부터 되게 쎄했습니다 저희가 메뉴판 보기도 전에 어떻게든 더 비싼 메뉴를 추천하시더라고요 그래서 그냥 김찌 2개 시켰는데 끝물 김치 걸린 건가요 QUESTION 김찌 너무 셔서 못 먹을 정도로 맛 최악이었습니다 그리고 김찌 2개 값 이만원 아니고 김치 1개 제육 1개 값 이만이천원으로 계산하셨던 것도 실수셨겠지만 그냥 처음부터 끝까지 서비스 별로였어요 안에 연예인들 싸인 많길래 믿고 들어갔는데 두번 다시 가고 싶지 않네요 웬만한 거 정말 다 잘 먹는 잡식성 사람인데도 불구하고 인상 쓰게 만드는 신맛이었습니다,0,0,0,0,0,1,1,324,"맛, 메뉴, 김치"
kakao,장인닭갈비 홍대점,.,70.0,2025-04-03,,,"한끼 식사를 위해 방문했습니다. 다른 지점에 비해 웨이팅 줄이 상당합니다. 직원 분들은 대부분 서비스능력이 상당히 높으십니다. 반면의 조금 예민한 성격의 직원 분도 계십니다. 볶음밥 시키면 열심히 볶아 주시지만, 직원분의 노력에 비해 죽처럼 묽은 식감이었습니다. 음식 주문하고 한 입 먹었을 때 밥으로 3-4그릇 뚝딱일 정도의 음식 퀄리티였습니다. 다음에도 들려 맛있게 먹겠습니다🥰",213,False,4.0,3.7,골드 레벨,"한끼 식사를 위해 방문했습니다. 다른 지점에 비해 웨이팅 줄이 상당합니다. 직원 분들은 대부분 서비스능력이 상당히 높으십니다. 반면의 조금 예민한 성격의 직원 분도 계십니다. 볶음밥 시키면 열심히 볶아 주시지만, 직원분의 노력에 비해 죽처럼 묽은 식감이었습니다. 음식 주문하고 한 입 먹었을 때 밥으로 3-4그릇 뚝딱일 정도의 음식 퀄리티였습니다. 다음에도 들려 맛있게 먹겠습니다🥰",한끼 식사를 위해 방문했습니다 다른 지점에 비해 웨이팅 줄이 상당합니다 직원 분들은 대부분 서비스능력이 상당히 높으십니다 반면의 조금 예민한 성격의 직원 분도 계십니다 볶음밥 시키면 열심히 볶아 주시지만 직원분의 노력에 비해 죽처럼 묽은 식감이었습니다 음식 주문하고 한 입 먹었을 때 밥으로 3 4그릇 뚝딱일 정도의 음식 퀄리티였습니다 다음에도 들려 맛있게 먹겠습니다 EMO_POS,1,0,0,0,0,0,1,213,"맛, 맛있, 음식, 식감, 면, 밥"
kakao,육지,박재현,1.0,2025-08-10,,,고기도 직접 구워주시고 육즙이 고기에 갇혀있어서 아주 맛있게 먹었습니다 ㅎㅎㅎㅎ,44,False,5.0,5.0,브론즈 레벨,고기도 직접 구워주시고 육즙이 고기에 갇혀있어서 아주 맛있게 먹었습니다 ㅎㅎㅎㅎ,고기도 직접 구워주시고 육즙이 고기에 갇혀있어서 아주 맛있게 먹었습니다,0,0,0,0,0,0,0,44,"맛, 맛있, 고기"
naver,각시보쌈,박소윤이,2695.0,2026.03.28,1번째 방문,영수증,"항정살 보쌈, 가성비도 맛도 좋아요!🐷",21,True,,,,"항정살 보쌈, 가성비도 맛도 좋아요!🐷",항정살 보쌈 가성비도 맛도 좋아요 EXCLAM,0,0,0,0,1,0,0,21,"맛, 보쌈"
kakao,금금,예찬,7.0,2025-08-24,,,묵은지 문어 면요리 / 떡갈비 를 먹었습니다 태어나서 이렇게 많이 설탕으로 범벅이 된 요리는 먹어본 적이 없습니다. 특히 떡갈비는 시럽에 바로 찍어먹어도 이거보단 덜 달 것 같아요. 마치 손님의 혈당스파이크는 개나 주고 제 2의 백종원을 꿈꾸시지는 않나 싶은 맛입니다. 단언컨데 태어나 이런 괴식은 처음이었습니다. 친구의 제육덮밥은 그냥저냥 먹을만 하더군요..,201,True,2.0,4.3,브론즈 레벨,묵은지 문어 면요리 / 떡갈비 를 먹었습니다 태어나서 이렇게 많이 설탕으로 범벅이 된 요리는 먹어본 적이 없습니다. 특히 떡갈비는 시럽에 바로 찍어먹어도 이거보단 덜 달 것 같아요. 마치 손님의 혈당스파이크는 개나 주고 제 2의 백종원을 꿈꾸시지는 않나 싶은 맛입니다. 단언컨데 태어나 이런 괴식은 처음이었습니다. 친구의 제육덮밥은 그냥저냥 먹을만 하더군요..,묵은지 문어 면요리 떡갈비 를 먹었습니다 태어나서 이렇게 많이 설탕으로 범벅이 된 요리는 먹어본 적이 없습니다 특히 떡갈비는 시럽에 바로 찍어먹어도 이거보단 덜 달 것 같아요 마치 손님의 혈당스파이크는 개나 주고 제 2의 백종원을 꿈꾸시지는 않나 싶은 맛입니다 단언컨데 태어나 이런 괴식은 처음이었습니다 친구의 제육덮밥은 그냥저냥 먹을만 하더군요,0,0,0,0,0,0,1,201,"맛, 요리, 면, 밥"
naver,태양곱창 성수점,모아moa커플,40.0,2026.02.11,1번째 방문,영수증,우선 너무 맛있고 시간 지나니까 사람들 많아지더라고용 &gt;&lt; 맛있어서 추천드립니당,50,False,,,,우선 너무 맛있고 시간 지나니까 사람들 많아지더라고용 &gt;&lt; 맛있어서 추천드립니당,우선 너무 맛있고 시간 지나니까 사람들 많아지더라고용 gt lt 맛있어서 추천드립니당,0,0,0,0,0,0,0,50,"맛, 맛있, 간"
naver,소문난성수감자탕,old times,319.0,2026.03.14,1번째 방문,영수증,거의 10년? 만에 방문한 성수동 헛! 한산했던 거리에 사람이 느므 많다 기억나는 곳은 이 감자탕집 뿐이라 다른 유혹 뿌리치고 대기 줄서서 10분 정도 기다림 둘이서 감자탕 소 장사가 잘되는 곳이고 저녁시간이라 감자탕이 자리에 앉는 동시에 나와버림 ㅋㅋㅋ 순환이 빨라서 재료가 신선하고 감자뼈가 엄청 야들거림 잡내 1도 없고 역시 이 근처 오면 난 여기가 답임 시레기랑 감자뼈 야무지게 발라 먹고 배불러서 볶음밥 고민을 옴총 함 하지만 결론은 역시 볶음밥은 먹어야지 배부를 쯤 옆 테이블이 보기 시작하는데 감자국식사라는 메뉴는 뼈해장국 같은데 정말 뚝배기에 뼈랑 우거지를 산 같이 쌓아 준다 차마 곱배기냐고 물어보지는 못했지만 다음엔 그걸 도전해봐야겠다 성수동 근처가면 일부러라도 들를법한,385,True,,,,거의 10년? 만에 방문한 성수동 헛! 한산했던 거리에 사람이 느므 많다 기억나는 곳은 이 감자탕집 뿐이라 다른 유혹 뿌리치고 대기 줄서서 10분 정도 기다림 둘이서 감자탕 소 장사가 잘되는 곳이고 저녁시간이라 감자탕이 자리에 앉는 동시에 나와버림 ㅋㅋㅋ 순환이 빨라서 재료가 신선하고 감자뼈가 엄청 야들거림 잡내 1도 없고 역시 이 근처 오면 난 여기가 답임 시레기랑 감자뼈 야무지게 발라 먹고 배불러서 볶음밥 고민을 옴총 함 하지만 결론은 역시 볶음밥은 먹어야지 배부를 쯤 옆 테이블이 보기 시작하는데 감자국식사라는 메뉴는 뼈해장국 같은데 정말 뚝배기에 뼈랑 우거지를 산 같이 쌓아 준다 차마 곱배기냐고 물어보지는 못했지만 다음엔 그걸 도전해봐야겠다 성수동 근처가면 일부러라도 들를법한,거의 10년 QUESTION 만에 방문한 성수동 헛 EXCLAM 한산했던 거리에 사람이 느므 많다 기억나는 곳은 이 감자탕집 뿐이라 다른 유혹 뿌리치고 대기 줄서서 10분 정도 기다림 둘이서 감자탕 소 장사가 잘되는 곳이고 저녁시간이라 감자탕이 자리에 앉는 동시에 나와버림 순환이 빨라서 재료가 신선하고 감자뼈가 엄청 야들거림 잡내 1도 없고 역시 이 근처 오면 난 여기가 답임 시레기랑 감자뼈 야무지게 발라 먹고 배불러서 볶음밥 고민을 옴총 함 하지만 결론은 역시 볶음밥은 먹어야지 배부를 쯤 옆 테이블이 보기 시작하는데 감자국식사라는 메뉴는 뼈해장국 같은데 정말 뚝배기에 뼈랑 우거지를 산 같이 쌓아 준다 차마 곱배기냐고 물어보지는 못했지만 다음엔 그걸 도전해봐야겠다 성수동 근처가면 일부러라도 들를법한,0,0,0,0,1,1,1,385,"메뉴, 간, 재료, 면, 밥, 감자탕, 잡내"
kakao,태양곱창 성수,2l 최현준,9.0,2025-08-06,,,푸짐하고 맛있엉요. 친구들과 가니 참 좋네요!!!,27,False,5.0,4.4,브론즈 레벨,푸짐하고 맛있엉요. 친구들과 가니 참 좋네요!!!,푸짐하고 맛있엉요 친구들과 가니 참 좋네요 EXCLAM,0,0,0,0,1,0,0,27,"맛, 맛있"
naver,락희옥 마포본점,sssoh,39.0,2025.08.15,1번째 방문,영수증,너무 맛있어요! 매장 와서 먹으니까 더 맛있어요 ㅎㅎ 자주 방문할 것 같아요☺️,44,True,,,,너무 맛있어요! 매장 와서 먹으니까 더 맛있어요 ㅎㅎ 자주 방문할 것 같아요☺️,너무 맛있어요 EXCLAM 매장 와서 먹으니까 더 맛있어요 자주 방문할 것 같아요,0,0,0,0,1,0,0,44,"맛, 맛있"
kakao,락희옥 마포본점,뚝배기,40.0,2025-12-22,,,맛은 그닥이고 양은 엄청 적고. 밑반찬 가짓수도 적고. 가성비 최악.,38,True,1.0,1.8,실버 레벨,맛은 그닥이고 양은 엄청 적고. 밑반찬 가짓수도 적고. 가성비 최악.,맛은 그닥이고 양은 엄청 적고 밑반찬 가짓수도 적고 가성비 최악,0,0,0,0,0,0,0,38,"맛, 양, 반찬"
naver,이태리국시 성수,가미12,62.0,2026.02.23,1번째 방문,영수증,어쩌다보니 파스타랑 리조또 둘 다 메뉴 상단에 있는 걸 시켰는데 실패없는 메뉴네요 ㅎㅎㅎ!! 매콤한 파스타와 마일드한 리조또 궁합 좋았어요!! 대창이 너무 맛있어요.. 추가 가능하면 추가하고 싶었어오 ㅜㅜ 나중에 시켜서 음료 사진은 없는데 수정과하이볼이 메뉴 먹다가 느끼하면 리프레쉬를 확실히 해줘서 좋더라구요!! 추천합니당!!!!,185,True,,,,어쩌다보니 파스타랑 리조또 둘 다 메뉴 상단에 있는 걸 시켰는데 실패없는 메뉴네요 ㅎㅎㅎ!! 매콤한 파스타와 마일드한 리조또 궁합 좋았어요!! 대창이 너무 맛있어요.. 추가 가능하면 추가하고 싶었어오 ㅜㅜ 나중에 시켜서 음료 사진은 없는데 수정과하이볼이 메뉴 먹다가 느끼하면 리프레쉬를 확실히 해줘서 좋더라구요!! 추천합니당!!!!,어쩌다보니 파스타랑 리조또 둘 다 메뉴 상단에 있는 걸 시켰는데 실패없는 메뉴네요 EXCLAM 매콤한 파스타와 마일드한 리조또 궁합 좋았어요 EXCLAM 대창이 너무 맛있어요 추가 가능하면 추가하고 싶었어오 나중에 시켜서 음료 사진은 없는데 수정과하이볼이 메뉴 먹다가 느끼하면 리프레쉬를 확실히 해줘서 좋더라구요 EXCLAM 추천합니당 EXCLAM,0,0,0,1,1,0,0,185,"맛, 맛있, 메뉴, 면, 파스타, 느끼"
naver,소문난성수감자탕,PingDuu,1380.0,2026.04.17,2번째 방문,영수증,오랜만에 먹어도 맛있어요 볶음밥 먹으려고 전골로 시킴 ㅎ,31,True,,,,오랜만에 먹어도 맛있어요 볶음밥 먹으려고 전골로 시킴 ㅎ,오랜만에 먹어도 맛있어요 볶음밥 먹으려고 전골로 시킴,0,0,0,0,0,0,0,31,"맛, 맛있, 밥"
naver,능동미나리 성수지점,Bonheur367,4.0,2026.05.01,1번째 방문,영수증,육회비빔밥이 맛있어요!!,13,True,,,,육회비빔밥이 맛있어요!!,육회비빔밥이 맛있어요 EXCLAM,0,0,0,0,1,0,0,13,"맛, 맛있, 밥"
naver,육산장 홍대본점,강종아970,14.0,2026.04.13,1번째 방문,영수증,분위기 너무 좋아요!! 데이트 맛집!!,21,True,,,,분위기 너무 좋아요!! 데이트 맛집!!,분위기 너무 좋아요 EXCLAM 데이트 맛집 EXCLAM,0,0,0,0,1,0,0,21,맛
naver,굴다리식당,신비상자,221.0,2025.06.18,1번째 방문,영수증,"메뉴 김치짜게, 두루치기 밖에 없고 사이드로 계란말이 있는데, 김치찌게 진짜 맛있음ㅋㅋ 계란말이 따뜻해서 더 맛있게 느껴지고 김치치게 찰떡궁합! 서울 밥집치고 싼편인듯! 로컬맛집인지 나중에 사람들 계속 옴ㅋㅋ 또 좋은점은 엄청 빨리 나옴! 진짜 또 먹고 싶은집... 연예인 싸인도 있는걸로 보아...여튼 유명한 집인듯 함! 두루치기 못 먹은게 아쉽.,.",197,True,,,,"메뉴 김치짜게, 두루치기 밖에 없고 사이드로 계란말이 있는데, 김치찌게 진짜 맛있음ㅋㅋ 계란말이 따뜻해서 더 맛있게 느껴지고 김치치게 찰떡궁합! 서울 밥집치고 싼편인듯! 로컬맛집인지 나중에 사람들 계속 옴ㅋㅋ 또 좋은점은 엄청 빨리 나옴! 진짜 또 먹고 싶은집... 연예인 싸인도 있는걸로 보아...여튼 유명한 집인듯 함! 두루치기 못 먹은게 아쉽.,.",메뉴 김치짜게 두루치기 밖에 없고 사이드로 계란말이 있는데 김치찌게 진짜 맛있음 계란말이 따뜻해서 더 맛있게 느껴지고 김치치게 찰떡궁합 EXCLAM 서울 밥집치고 싼편인듯 EXCLAM 로컬맛집인지 나중에 사람들 계속 옴 또 좋은점은 엄청 빨리 나옴 EXCLAM 진짜 또 먹고 싶은집 연예인 싸인도 있는걸로 보아 여튼 유명한 집인듯 함 EXCLAM 두루치기 못 먹은게 아쉽,0,0,0,0,1,0,0,197,"맛, 맛있, 메뉴, 밥, 김치, 짜"
naver,보끔당 성수점,etk****,7.0,2026.05.05,1번째 방문,영수증,"닭볶음탕도 너무 양이 많고, 감자랑 고구마랑 사리도 너무너무 맛있고 좋아요! 그리고 오징어전도 닭볶음탕 소스랑 찍어먹으니까 너무너무 맛있습니다 ㅎㅎ 지금까지 살면서 먹은 닭볶음탕 중에 제일 맛있어요!😄😄 재방문 의사가 확고합니다 ㅎㅎ",130,False,,,,"닭볶음탕도 너무 양이 많고, 감자랑 고구마랑 사리도 너무너무 맛있고 좋아요! 그리고 오징어전도 닭볶음탕 소스랑 찍어먹으니까 너무너무 맛있습니다 ㅎㅎ 지금까지 살면서 먹은 닭볶음탕 중에 제일 맛있어요!😄😄 재방문 의사가 확고합니다 ㅎㅎ",닭볶음탕도 너무 양이 많고 감자랑 고구마랑 사리도 너무너무 맛있고 좋아요 EXCLAM 그리고 오징어전도 닭볶음탕 소스랑 찍어먹으니까 너무너무 맛있습니다 지금까지 살면서 먹은 닭볶음탕 중에 제일 맛있어요 EXCLAM EMO_POS EMO_POS 재방문 의사가 확고합니다,1,0,0,0,1,0,0,130,"맛, 맛있, 양, 면, 소스"
kakao,육지,김보아,2.0,2025-11-05,,,고기가 진짜 맛있고 사이드도 다 맛있습니다!!직원분들이 다 너무 친절하셔서 좋았어요,46,True,5.0,5.0,브론즈 레벨,고기가 진짜 맛있고 사이드도 다 맛있습니다!!직원분들이 다 너무 친절하셔서 좋았어요,고기가 진짜 맛있고 사이드도 다 맛있습니다 EXCLAM 직원분들이 다 너무 친절하셔서 좋았어요,0,0,0,0,1,0,0,46,"맛, 맛있, 고기, 짜"
naver,훼미리손칼국수보쌈,현슈21,17.0,2025.05.10,1번째 방문,예약,주차가 우선 불편하고 ㅠㅠ 웨이팅이 있움… 맛집이라 웨이팅 이해함!..고기는 맛있었어요! 근데 칼국수는 … 물에 면 삶은 맛…? 간이 안베여 있다고 해야하나.. 너무 싱겁고… 맛없었음..그리고 김치가 맛있다고 리뷰 몇곳에 써있는데 맛있는 김치를 다들 안먹어보셨나…. ;;; 순서도 먼저 들어왔는데 다른테이플에 계속 먼저 나감… 말씀드렸는데도.. 다른테이블 계속 먼저 나감..;; 바쁜건 알겠으나.. 이런 부분에서 마이너스 같아요.. 오래 기다려서 들어왔는데 다른 손님 테이블에 먼저 나가다니요.. 두번은 안갈 듯..,288,True,,,,주차가 우선 불편하고 ㅠㅠ 웨이팅이 있움… 맛집이라 웨이팅 이해함!..고기는 맛있었어요! 근데 칼국수는 … 물에 면 삶은 맛…? 간이 안베여 있다고 해야하나.. 너무 싱겁고… 맛없었음..그리고 김치가 맛있다고 리뷰 몇곳에 써있는데 맛있는 김치를 다들 안먹어보셨나…. ;;; 순서도 먼저 들어왔는데 다른테이플에 계속 먼저 나감… 말씀드렸는데도.. 다른테이블 계속 먼저 나감..;; 바쁜건 알겠으나.. 이런 부분에서 마이너스 같아요.. 오래 기다려서 들어왔는데 다른 손님 테이블에 먼저 나가다니요.. 두번은 안갈 듯..,주차가 우선 불편하고 웨이팅이 있움 맛집이라 웨이팅 이해함 EXCLAM 고기는 맛있었어요 EXCLAM 근데 칼국수는 물에 면 삶은 맛 QUESTION 간이 안베여 있다고 해야하나 너무 싱겁고 맛없었음 그리고 김치가 맛있다고 리뷰 몇곳에 써있는데 맛있는 김치를 다들 안먹어보셨나 순서도 먼저 들어왔는데 다른테이플에 계속 먼저 나감 말씀드렸는데도 다른테이블 계속 먼저 나감 바쁜건 알겠으나 이런 부분에서 마이너스 같아요 오래 기다려서 들어왔는데 다른 손님 테이블에 먼저 나가다니요 두번은 안갈 듯,0,0,0,1,1,1,0,288,"맛, 맛있, 맛없, 간, 고기, 면, 김치, 싱겁"
naver,능동미나리 성수지점,아프리카사장이다,37.0,2025.06.01,7번째 방문,영수증,"오늘도 마음을 채우고 갑니다 :) 능동미나리는 제가 자주 찾는 단골집이에요. 오늘은 가족과 자전거 라이딩을 마치고 들렀습니다. 시원한 헛개차로 갈증을 달래고, 늘처럼 반갑게 인사해주시는 직원분들의 환대에 기분이 좋아졌습니다. 매장은 전통적인 느낌과 세련됨이 잘 어우러져 있어 성수 한복판에서 잠시 쉬어가기 딱 좋은 공간이에요. ✔️ 수육전골은 언제나처럼 완벽! 맑고 깊은 투뿔 한우 육수에, 부드럽고 잡내 없는 수육이 정말 정성스럽게 느껴집니다. 저에겐 진짜 ‘소울푸드’ 같은 메뉴예요. ✔️ 육회비빔밥은 고소한 육회와 미나리 간장 양념의 조합이 정말 맛있고, ✔️ 한우 투뿔 육전은 따끈하게 바로 나와 미나리와 양파장을 곁들이면 고소함과 상큼함이 한 번에! 진심으로 ""와~"" 소리가 절로 나는 맛이었어요.",395,True,,,,"오늘도 마음을 채우고 갑니다 :) 능동미나리는 제가 자주 찾는 단골집이에요. 오늘은 가족과 자전거 라이딩을 마치고 들렀습니다. 시원한 헛개차로 갈증을 달래고, 늘처럼 반갑게 인사해주시는 직원분들의 환대에 기분이 좋아졌습니다. 매장은 전통적인 느낌과 세련됨이 잘 어우러져 있어 성수 한복판에서 잠시 쉬어가기 딱 좋은 공간이에요. ✔️ 수육전골은 언제나처럼 완벽! 맑고 깊은 투뿔 한우 육수에, 부드럽고 잡내 없는 수육이 정말 정성스럽게 느껴집니다. 저에겐 진짜 ‘소울푸드’ 같은 메뉴예요. ✔️ 육회비빔밥은 고소한 육회와 미나리 간장 양념의 조합이 정말 맛있고, ✔️ 한우 투뿔 육전은 따끈하게 바로 나와 미나리와 양파장을 곁들이면 고소함과 상큼함이 한 번에! 진심으로 ""와~"" 소리가 절로 나는 맛이었어요.",오늘도 마음을 채우고 갑니다 능동미나리는 제가 자주 찾는 단골집이에요 오늘은 가족과 자전거 라이딩을 마치고 들렀습니다 시원한 헛개차로 갈증을 달래고 늘처럼 반갑게 인사해주시는 직원분들의 환대에 기분이 좋아졌습니다 매장은 전통적인 느낌과 세련됨이 잘 어우러져 있어 성수 한복판에서 잠시 쉬어가기 딱 좋은 공간이에요 수육전골은 언제나처럼 완벽 EXCLAM 맑고 깊은 투뿔 한우 육수에 부드럽고 잡내 없는 수육이 정말 정성스럽게 느껴집니다 저에겐 진짜 소울푸드 같은 메뉴예요 육회비빔밥은 고소한 육회와 미나리 간장 양념의 조합이 정말 맛있고 한우 투뿔 육전은 따끈하게 바로 나와 미나리와 양파장을 곁들이면 고소함과 상큼함이 한 번에 EXCLAM 진심으로 와 소리가 절로 나는 맛이었어요,0,0,0,0,1,0,0,395,"맛, 맛있, 메뉴, 양, 간, 면, 밥, 잡내, 짜"
naver,장인닭갈비 홍대점,br****,5.0,2026.04.14,1번째 방문,영수증,너무 맛있어요!,8,True,,,,너무 맛있어요!,너무 맛있어요 EXCLAM,0,0,0,0,1,0,0,8,"맛, 맛있"
kakao,소문난성수감자탕,나의일기,24.0,2025-02-08,,,포장으로먹으면 갸꿀 바로담아서주십니다,20,False,5.0,4.5,실버 레벨,포장으로먹으면 갸꿀 바로담아서주십니다,포장으로먹으면 갸꿀 바로담아서주십니다,0,0,0,0,0,0,0,20,면
naver,을밀대 평양냉면,동그라미044,1939.0,2025.08.05,1번째 방문,영수증,을밀대는 평냉에 눈뜨게 해준곳이라 오랜만에 들르는데 너무 기대가 됐어요. 이전과 달리 녹두전도 작아진 것같고 맛도 조금은 달라진것같은데.. 역시나 줄은 길게 서있네요.,93,True,,,,을밀대는 평냉에 눈뜨게 해준곳이라 오랜만에 들르는데 너무 기대가 됐어요. 이전과 달리 녹두전도 작아진 것같고 맛도 조금은 달라진것같은데.. 역시나 줄은 길게 서있네요.,을밀대는 평냉에 눈뜨게 해준곳이라 오랜만에 들르는데 너무 기대가 됐어요 이전과 달리 녹두전도 작아진 것같고 맛도 조금은 달라진것같은데 역시나 줄은 길게 서있네요,0,0,0,0,0,0,0,93,"맛, 평냉"
kakao,쭌곱창,하헌식,1.0,2025-05-14,,,곱창비주얼이 미쳤어요 소스가 다양해서 맛있어요,25,True,5.0,5.0,브론즈 레벨,곱창비주얼이 미쳤어요 소스가 다양해서 맛있어요,곱창비주얼이 미쳤어요 소스가 다양해서 맛있어요,0,0,0,0,0,0,0,25,"맛, 맛있, 양, 소스"
naver,황금콩밭,국85,61.0,2026.03.01,1번째 방문,영수증,"부모님과 같이 방문했어요. 반찬을 포함한 청국장, 두부김치전골 모두 맛있었어요. 특히나 신선하다는 느낌이 들고 모두 국산재료를 사용한 것같았어요. 조미료 맛이 세지 않아서 더 좋았어요. 직원분들도 친절하시고 맛있는 점심 먹었어요! 다음에도 또 방문할 것같아요~! 조금 아쉬운점은 공기밥이 갓지은 밥이라면 더 좋을 것같아요!",180,True,,,,"부모님과 같이 방문했어요. 반찬을 포함한 청국장, 두부김치전골 모두 맛있었어요. 특히나 신선하다는 느낌이 들고 모두 국산재료를 사용한 것같았어요. 조미료 맛이 세지 않아서 더 좋았어요. 직원분들도 친절하시고 맛있는 점심 먹었어요! 다음에도 또 방문할 것같아요~! 조금 아쉬운점은 공기밥이 갓지은 밥이라면 더 좋을 것같아요!",부모님과 같이 방문했어요 반찬을 포함한 청국장 두부김치전골 모두 맛있었어요 특히나 신선하다는 느낌이 들고 모두 국산재료를 사용한 것같았어요 조미료 맛이 세지 않아서 더 좋았어요 직원분들도 친절하시고 맛있는 점심 먹었어요 EXCLAM 다음에도 또 방문할 것같아요 EXCLAM 조금 아쉬운점은 공기밥이 갓지은 밥이라면 더 좋을 것같아요 EXCLAM,0,0,0,0,1,0,0,180,"맛, 맛있, 재료, 면, 밥, 반찬, 김치"
naver,옥동식,lee****,5.0,2026.03.17,1번째 방문,예약,"3시간 웨이팅 끝에 기대를 많이 하고 들어갔는데, 솔직히 국밥 맛은 기대 이하였습니다. 개인적으로는 동네 프랜차이즈 국밥집이 더 나은 수준이라고 느껴졌습니다. 직원분들은 친절하다기보다는 약간 자기들만의 분위기와 컨셉에 몰입해 있는 느낌이 강했고, 편하게 식사하기에는 다소 거리감이 있었습니다. 요리 프로그램에 나왔다고 해서 줄 서서 먹을 정도의 맛집인지는 잘 모르겠습니다. 긴 웨이팅을 감수하면서까지 다시 방문할 생각은 없습니다.",240,True,,,,"3시간 웨이팅 끝에 기대를 많이 하고 들어갔는데, 솔직히 국밥 맛은 기대 이하였습니다. 개인적으로는 동네 프랜차이즈 국밥집이 더 나은 수준이라고 느껴졌습니다. 직원분들은 친절하다기보다는 약간 자기들만의 분위기와 컨셉에 몰입해 있는 느낌이 강했고, 편하게 식사하기에는 다소 거리감이 있었습니다. 요리 프로그램에 나왔다고 해서 줄 서서 먹을 정도의 맛집인지는 잘 모르겠습니다. 긴 웨이팅을 감수하면서까지 다시 방문할 생각은 없습니다.",3시간 웨이팅 끝에 기대를 많이 하고 들어갔는데 솔직히 국밥 맛은 기대 이하였습니다 개인적으로는 동네 프랜차이즈 국밥집이 더 나은 수준이라고 느껴졌습니다 직원분들은 친절하다기보다는 약간 자기들만의 분위기와 컨셉에 몰입해 있는 느낌이 강했고 편하게 식사하기에는 다소 거리감이 있었습니다 요리 프로그램에 나왔다고 해서 줄 서서 먹을 정도의 맛집인지는 잘 모르겠습니다 긴 웨이팅을 감수하면서까지 다시 방문할 생각은 없습니다,0,0,0,0,0,0,1,240,"맛, 요리, 간, 면, 밥"
naver,능동미나리 성수지점,parkchelin guide,80.0,2026.01.11,1번째 방문,영수증,웨이팅해서 먹을만 하네요! 곰탕도 곰탕이지만 육전도 기본 미나리샐러드도 맛있네요 ㅎ,46,True,,,,웨이팅해서 먹을만 하네요! 곰탕도 곰탕이지만 육전도 기본 미나리샐러드도 맛있네요 ㅎ,웨이팅해서 먹을만 하네요 EXCLAM 곰탕도 곰탕이지만 육전도 기본 미나리샐러드도 맛있네요,0,0,0,0,1,0,0,46,"맛, 맛있, 샐러드"
naver,보끔당 성수점,limerance,31.0,2026.02.12,1번째 방문,영수증,너무 배고파서 급하게 들어갔는데 직원분도 너무 친절하시고 묵은지랑 닭도 너무 맛있었어요 ㅎㅎㅎ 든든하게 한식 먹고싶었는데 잘 먹고 갑니다!! 번창하세요 ㅎ,86,True,,,,너무 배고파서 급하게 들어갔는데 직원분도 너무 친절하시고 묵은지랑 닭도 너무 맛있었어요 ㅎㅎㅎ 든든하게 한식 먹고싶었는데 잘 먹고 갑니다!! 번창하세요 ㅎ,너무 배고파서 급하게 들어갔는데 직원분도 너무 친절하시고 묵은지랑 닭도 너무 맛있었어요 든든하게 한식 먹고싶었는데 잘 먹고 갑니다 EXCLAM 번창하세요,0,0,0,0,1,0,0,86,"맛, 맛있"
naver,뼈탄집 성수역점,리지3025,168.0,2026.02.07,1번째 방문,영수증,동료 추천으로 오게된 뼈탄집! 고기를 직접 구워주셔서 편하게 먹을 수 있어요~~~~ 룸도 있어 6인도 추천합니다!,63,True,,,,동료 추천으로 오게된 뼈탄집! 고기를 직접 구워주셔서 편하게 먹을 수 있어요~~~~ 룸도 있어 6인도 추천합니다!,동료 추천으로 오게된 뼈탄집 EXCLAM 고기를 직접 구워주셔서 편하게 먹을 수 있어요 TILDE 룸도 있어 6인도 추천합니다 EXCLAM,0,0,0,0,1,0,1,63,고기
naver,옥동식,rol****,16.0,2025.08.11,1번째 방문,예약,분위기는 깔끔하고 조용하나 뭔가 불편하고 맛도 별로인거 깉아요,34,False,,,,분위기는 깔끔하고 조용하나 뭔가 불편하고 맛도 별로인거 깉아요,분위기는 깔끔하고 조용하나 뭔가 불편하고 맛도 별로인거 깉아요,0,0,0,0,0,0,0,34,맛
kakao,일등식당,AR.,24.0,2025-10-29,,,"뼈해장국 1등줄만 하네요! 국물도 맑으면서도 깊은 맛이 있고, 우거지도 제대로 끓여져서 나와요. 뼈에 살코기도 많고 매우 부드럽고 고소합니다. 우거지 좋아하는데 실제로 우거지 맛있게 잘 끓여서 주는 집 찾기가 어려운데 여긴 제대로! 심지어 가격도 25년 10월 기준 8천원! 이 가격에 이 맛이라니 대박입니다!",173,True,5.0,4.0,실버 레벨,"뼈해장국 1등줄만 하네요! 국물도 맑으면서도 깊은 맛이 있고, 우거지도 제대로 끓여져서 나와요. 뼈에 살코기도 많고 매우 부드럽고 고소합니다. 우거지 좋아하는데 실제로 우거지 맛있게 잘 끓여서 주는 집 찾기가 어려운데 여긴 제대로! 심지어 가격도 25년 10월 기준 8천원! 이 가격에 이 맛이라니 대박입니다!",뼈해장국 1등줄만 하네요 EXCLAM 국물도 맑으면서도 깊은 맛이 있고 우거지도 제대로 끓여져서 나와요 뼈에 살코기도 많고 매우 부드럽고 고소합니다 우거지 좋아하는데 실제로 우거지 맛있게 잘 끓여서 주는 집 찾기가 어려운데 여긴 제대로 EXCLAM 심지어 가격도 25년 10월 기준 8천원 EXCLAM 이 가격에 이 맛이라니 대박입니다 EXCLAM,0,0,0,0,1,0,1,173,"맛, 맛있, 면, 국물"
kakao,육지,까앙,1.0,2025-08-31,,,계란찜 꼭 추천이에요!! 고기도 너무 맛있고 완전 맛있게 먹었어요!,37,True,5.0,5.0,브론즈 레벨,계란찜 꼭 추천이에요!! 고기도 너무 맛있고 완전 맛있게 먹었어요!,계란찜 꼭 추천이에요 EXCLAM 고기도 너무 맛있고 완전 맛있게 먹었어요 EXCLAM,0,0,0,0,1,0,0,37,"맛, 맛있, 고기"
kakao,홍대 조선시대,우왕,1.0,2026-03-19,,,메뉴 중에 이번주 막걸리 라는게 있어서 먹어봤는데 재미도 있고 맛있는 막걸리라 너무 좋았어요!! 그리고 닭발 주먹밥 먹었는데 양도 진짜 많고 닭발도 엄청 많아서 너무 맛있게 잘 먹었어요!!,105,True,5.0,5.0,브론즈 레벨,메뉴 중에 이번주 막걸리 라는게 있어서 먹어봤는데 재미도 있고 맛있는 막걸리라 너무 좋았어요!! 그리고 닭발 주먹밥 먹었는데 양도 진짜 많고 닭발도 엄청 많아서 너무 맛있게 잘 먹었어요!!,메뉴 중에 이번주 막걸리 라는게 있어서 먹어봤는데 재미도 있고 맛있는 막걸리라 너무 좋았어요 EXCLAM 그리고 닭발 주먹밥 먹었는데 양도 진짜 많고 닭발도 엄청 많아서 너무 맛있게 잘 먹었어요 EXCLAM,0,0,0,0,1,0,0,105,"맛, 맛있, 메뉴, 양, 밥, 짜"
naver,락희옥 마포본점,림우버,35.0,2026.03.08,1번째 방문,영수증,음식 하나하나가 깔끔하고 맛있어요!,19,True,,,,음식 하나하나가 깔끔하고 맛있어요!,음식 하나하나가 깔끔하고 맛있어요 EXCLAM,0,0,0,0,1,0,0,19,"맛, 맛있, 음식"
naver,홍대 육지,배고파4990,43.0,2026.02.26,1번째 방문,영수증,고기는 가격에 맞게 엄청나에 질이 좋았고 최근 먹어본 고기 중 휼륭했어요..하지만 볶음밥이 하이라이트였어요 2개나 시킬정도로 너무 맛있었습니다!,80,True,,,,고기는 가격에 맞게 엄청나에 질이 좋았고 최근 먹어본 고기 중 휼륭했어요..하지만 볶음밥이 하이라이트였어요 2개나 시킬정도로 너무 맛있었습니다!,고기는 가격에 맞게 엄청나에 질이 좋았고 최근 먹어본 고기 중 휼륭했어요 하지만 볶음밥이 하이라이트였어요 2개나 시킬정도로 너무 맛있었습니다 EXCLAM,0,0,0,0,1,0,1,80,"맛, 맛있, 고기, 밥"
naver,육산장 홍대본점,사자3594,57.0,2026.04.24,1번째 방문,영수증,육회맛있어요 생각보다괜찮아서 추천해요! 인테리어느낌이 넘 좋아요ㅎㅎ,37,False,,,,육회맛있어요 생각보다괜찮아서 추천해요! 인테리어느낌이 넘 좋아요ㅎㅎ,육회맛있어요 생각보다괜찮아서 추천해요 EXCLAM 인테리어느낌이 넘 좋아요,0,0,0,0,1,0,0,37,"맛, 맛있"
naver,각시보쌈,zi****,1068.0,2026.03.16,3번째 방문,영수증,"맛좋은 각시보쌈 부위가 앞다리 또는 뒷다리가 아닌 항정살부위인듯... 맛 좋습니다. 상추와 김치, 절임배추는 추가금액이 붇는듯 하지만 무말랭이는 추가금없이 더 주시네요~ 반반보쌈 33,000원",107,True,,,,"맛좋은 각시보쌈 부위가 앞다리 또는 뒷다리가 아닌 항정살부위인듯... 맛 좋습니다. 상추와 김치, 절임배추는 추가금액이 붇는듯 하지만 무말랭이는 추가금없이 더 주시네요~ 반반보쌈 33,000원",맛좋은 각시보쌈 부위가 앞다리 또는 뒷다리가 아닌 항정살부위인듯 맛 좋습니다 상추와 김치 절임배추는 추가금액이 붇는듯 하지만 무말랭이는 추가금없이 더 주시네요 반반보쌈 33 000원,0,0,0,0,0,0,1,107,"맛, 김치, 보쌈"
naver,굴다리식당,kim****,10.0,2025.08.05,1번째 방문,영수증,왠만하면 별로인 리뷰는 안하고 싶은데 ㅜ 인간적으로 맛집으로 소개되어서 찾아갔는데 김치찌개에 김치가.....흐물흐물 ... 몇탕을 끓인건지 .... 만원도 아까워요 진짜 ㅜㅜㅠ,98,False,,,,왠만하면 별로인 리뷰는 안하고 싶은데 ㅜ 인간적으로 맛집으로 소개되어서 찾아갔는데 김치찌개에 김치가.....흐물흐물 ... 몇탕을 끓인건지 .... 만원도 아까워요 진짜 ㅜㅜㅠ,왠만하면 별로인 리뷰는 안하고 싶은데 인간적으로 맛집으로 소개되어서 찾아갔는데 김치찌개에 김치가 흐물흐물 몇탕을 끓인건지 만원도 아까워요 진짜,0,0,0,1,0,0,0,98,"맛, 간, 면, 김치, 짜"
kakao,홍대 조선시대,장태웅,1.0,2026-03-05,,,안주가맛있어요,7,False,5.0,5.0,브론즈 레벨,안주가맛있어요,안주가맛있어요,0,0,0,0,0,0,0,7,"맛, 맛있"
naver,육산장 홍대본점,tae****,15.0,2026.04.25,1번째 방문,영수증,진짜 맛있어요! 고기도 맛있고 진짜 오랜만에 고기 먹는데 기억이 남을 정도로 좋아요! 다음에 또 올게요!,58,True,,,,진짜 맛있어요! 고기도 맛있고 진짜 오랜만에 고기 먹는데 기억이 남을 정도로 좋아요! 다음에 또 올게요!,진짜 맛있어요 EXCLAM 고기도 맛있고 진짜 오랜만에 고기 먹는데 기억이 남을 정도로 좋아요 EXCLAM 다음에 또 올게요 EXCLAM,0,0,0,0,1,0,0,58,"맛, 맛있, 고기, 짜"
naver,각시보쌈,쮸크81,1467.0,2025.12.13,3번째 방문,영수증,진눈깨비가 오는날1시간이상 웨이팅후 먹는보쌈은 눈물나게 맛있어서 정신없이 먹었네여ㅎ연말이라 단체가많아 기다렸지만 이집은 충분히 웨이팅 가치가 충만 ㅋ,83,True,,,,진눈깨비가 오는날1시간이상 웨이팅후 먹는보쌈은 눈물나게 맛있어서 정신없이 먹었네여ㅎ연말이라 단체가많아 기다렸지만 이집은 충분히 웨이팅 가치가 충만 ㅋ,진눈깨비가 오는날1시간이상 웨이팅후 먹는보쌈은 눈물나게 맛있어서 정신없이 먹었네여 연말이라 단체가많아 기다렸지만 이집은 충분히 웨이팅 가치가 충만,0,0,0,0,0,0,1,83,"맛, 맛있, 간, 보쌈"
kakao,옥동식 서교점,나무,14.0,2025-03-23,,,개점때부터 다니고 뉴욕 옥동식도 다녀왔습니다. 최근에 갔더니 고기가 커지고 양이 많아졌네요. 근데 예전에 먹던 얇고 맛있는 고기가 아니라 기름지고 맛없는 고기가 ㅠ 안타깝네요,97,True,2.0,3.7,실버 레벨,개점때부터 다니고 뉴욕 옥동식도 다녀왔습니다. 최근에 갔더니 고기가 커지고 양이 많아졌네요. 근데 예전에 먹던 얇고 맛있는 고기가 아니라 기름지고 맛없는 고기가 ㅠ 안타깝네요,개점때부터 다니고 뉴욕 옥동식도 다녀왔습니다 최근에 갔더니 고기가 커지고 양이 많아졌네요 근데 예전에 먹던 얇고 맛있는 고기가 아니라 기름지고 맛없는 고기가 안타깝네요,0,0,0,0,0,0,0,97,"맛, 맛있, 맛없, 양, 고기"
kakao,태양곱창 성수,노을,2.0,2025-02-10,,,얼마 전 그 근처 다른 식당 갔다가 너무 맛있어보여서 맛집 리스트에 넣었다가 성수역에 갈 일이 있어서 방문해보았어요. 문 열고 들어가니 이미 많은 분들이 많이 계시더라고요~바쁜데도 직원분들이 너무 친절하게 잘 해주셔서 맛있게 먹고 왔어요!! 재방문할 의사 있습니다~,148,False,5.0,5.0,브론즈 레벨,얼마 전 그 근처 다른 식당 갔다가 너무 맛있어보여서 맛집 리스트에 넣었다가 성수역에 갈 일이 있어서 방문해보았어요. 문 열고 들어가니 이미 많은 분들이 많이 계시더라고요~바쁜데도 직원분들이 너무 친절하게 잘 해주셔서 맛있게 먹고 왔어요!! 재방문할 의사 있습니다~,얼마 전 그 근처 다른 식당 갔다가 너무 맛있어보여서 맛집 리스트에 넣었다가 성수역에 갈 일이 있어서 방문해보았어요 문 열고 들어가니 이미 많은 분들이 많이 계시더라고요 바쁜데도 직원분들이 너무 친절하게 잘 해주셔서 맛있게 먹고 왔어요 EXCLAM 재방문할 의사 있습니다,0,0,0,0,1,0,0,148,"맛, 맛있"
naver,각시보쌈,luliel,256.0,2025.05.10,1번째 방문,영수증,"부드러운 고기의 푸짐한 보쌈,막국수 땡기는 날엔! (토요일 점심기준 웨이팅 없었으나 웨이팅이 잦은편이니 참고) 🏡 공간 - 합정역에서 도보 2~3분 거리. 내부는 넓고 테이블이 많아 모임 장소로도 괜찮아요. 🍽️ 맛 - 반반보쌈 중,막국수 소, 밥1공기 주문. 고기는 잡내 없이 부드럽고 촉촉하며, 가브리살 부위에요. 보쌈김치와 무말랭이, 배추 등 곁들임도 신선하고 맛있어 쌈 싸먹으면 굿굿👍🏻 밥을 시키면 함께 나오는 참치김치찌개는 국물이 진해요. 막국수는 양념에 겨자기 많이 들어간 스타일. 와사비겨자 알못은 찌릿함이 조금 오니 참고🥹양은 많은편이라 남자1여자1 이 먹었을 때 조금 남겼어요. 🤵🏻‍♀️서비스 - 바쁘지만 친절하게 응대해주세요. (지극히 개인적인 후기입니다)",379,True,,,,"부드러운 고기의 푸짐한 보쌈,막국수 땡기는 날엔! (토요일 점심기준 웨이팅 없었으나 웨이팅이 잦은편이니 참고) 🏡 공간 - 합정역에서 도보 2~3분 거리. 내부는 넓고 테이블이 많아 모임 장소로도 괜찮아요. 🍽️ 맛 - 반반보쌈 중,막국수 소, 밥1공기 주문. 고기는 잡내 없이 부드럽고 촉촉하며, 가브리살 부위에요. 보쌈김치와 무말랭이, 배추 등 곁들임도 신선하고 맛있어 쌈 싸먹으면 굿굿👍🏻 밥을 시키면 함께 나오는 참치김치찌개는 국물이 진해요. 막국수는 양념에 겨자기 많이 들어간 스타일. 와사비겨자 알못은 찌릿함이 조금 오니 참고🥹양은 많은편이라 남자1여자1 이 먹었을 때 조금 남겼어요. 🤵🏻‍♀️서비스 - 바쁘지만 친절하게 응대해주세요. (지극히 개인적인 후기입니다)",부드러운 고기의 푸짐한 보쌈 막국수 땡기는 날엔 EXCLAM 토요일 점심기준 웨이팅 없었으나 웨이팅이 잦은편이니 참고 공간 합정역에서 도보 2 3분 거리 내부는 넓고 테이블이 많아 모임 장소로도 괜찮아요 맛 반반보쌈 중 막국수 소 밥1공기 주문 고기는 잡내 없이 부드럽고 촉촉하며 가브리살 부위에요 보쌈김치와 무말랭이 배추 등 곁들임도 신선하고 맛있어 쌈 싸먹으면 굿굿 EMO_POS 밥을 시키면 함께 나오는 참치김치찌개는 국물이 진해요 막국수는 양념에 겨자기 많이 들어간 스타일 와사비겨자 알못은 찌릿함이 조금 오니 참고 양은 많은편이라 남자1여자1 이 먹었을 때 조금 남겼어요 서비스 바쁘지만 친절하게 응대해주세요 지극히 개인적인 후기입니다,1,0,0,0,1,0,1,379,"맛, 맛있, 양, 간, 고기, 면, 밥, 국물, 김치, 보쌈, 잡내"
naver,원조 조박집 본관,abcdefghl,7.0,2026.03.20,1번째 방문,예약,부일숯불갈비가 훨씬 친절하고 구성도 좋고 맛도 좋아요 비교가 안되는데 왜 같이 3대 돼지갈비로 묶이는지 모르겠어요 맛도 애매했는데 너무 불친절했어요 옆에 중년 테이블에는 친절하시던데 😂,103,True,,,,부일숯불갈비가 훨씬 친절하고 구성도 좋고 맛도 좋아요 비교가 안되는데 왜 같이 3대 돼지갈비로 묶이는지 모르겠어요 맛도 애매했는데 너무 불친절했어요 옆에 중년 테이블에는 친절하시던데 😂,부일숯불갈비가 훨씬 친절하고 구성도 좋고 맛도 좋아요 비교가 안되는데 왜 같이 3대 돼지갈비로 묶이는지 모르겠어요 맛도 애매했는데 너무 불친절했어요 옆에 중년 테이블에는 친절하시던데 EMO_LAUGH,0,0,1,0,0,0,1,103,"맛, 구성"
naver,이태리국시 성수,롱21,51.0,2026.04.25,1번째 방문,영수증,너무너무너무 맛있어요 💗💗💗 별점 5점이 최대인게 아쉽네요. 곱창치즈돌솥파스타랑 뇨끼랑 샐러드 먹었는데 최고에용 !!! 곱창치즈 돌솥파스타는 국물까지 싹싹 긁어먹었네요 &gt;&lt; 담에 또오려규요 !!!!,116,True,,,,너무너무너무 맛있어요 💗💗💗 별점 5점이 최대인게 아쉽네요. 곱창치즈돌솥파스타랑 뇨끼랑 샐러드 먹었는데 최고에용 !!! 곱창치즈 돌솥파스타는 국물까지 싹싹 긁어먹었네요 &gt;&lt; 담에 또오려규요 !!!!,너무너무너무 맛있어요 EMO_POS EMO_POS EMO_POS 별점 5점이 최대인게 아쉽네요 곱창치즈돌솥파스타랑 뇨끼랑 샐러드 먹었는데 최고에용 EXCLAM 곱창치즈 돌솥파스타는 국물까지 싹싹 긁어먹었네요 gt lt 담에 또오려규요 EXCLAM,1,0,0,0,1,0,1,116,"맛, 맛있, 국물, 파스타, 샐러드"
naver,쭌곱창,류희수84,24.0,2026.03.19,1번째 방문,영수증,자주 오는 홍대 맛집입니다! 곱창이랑 갈비도 맛있는데 닭발이 제일 맛있습니다!! 깻잎이랑 무랑 싸 먹으면 더 맛있습니다 친절하게 잘 구워주셔서 좋아요. 다음에 또 올게요!,95,True,,,,자주 오는 홍대 맛집입니다! 곱창이랑 갈비도 맛있는데 닭발이 제일 맛있습니다!! 깻잎이랑 무랑 싸 먹으면 더 맛있습니다 친절하게 잘 구워주셔서 좋아요. 다음에 또 올게요!,자주 오는 홍대 맛집입니다 EXCLAM 곱창이랑 갈비도 맛있는데 닭발이 제일 맛있습니다 EXCLAM 깻잎이랑 무랑 싸 먹으면 더 맛있습니다 친절하게 잘 구워주셔서 좋아요 다음에 또 올게요 EXCLAM,0,0,0,0,1,0,0,95,"맛, 맛있, 면"
kakao,이태리국시 성수,김민지,1.0,2026-04-19,,,정말 먹고 싶어서 둑흔둑흔하는~~맛있어요~~👍,25,True,5.0,5.0,브론즈 레벨,정말 먹고 싶어서 둑흔둑흔하는~~맛있어요~~👍,정말 먹고 싶어서 둑흔둑흔하는 TILDE 맛있어요 TILDE EMO_POS,1,0,0,0,0,0,0,25,"맛, 맛있"
naver,이태리국시 성수,coconi93,16.0,2026.05.04,1번째 방문,영수증,한식이랑 양식 퓨전인데 담백하기 딱 먹기 좋아요! 느끼하기 싫어하시는분들 딱b! 데이트로 오기 분위기도 좋고 추천해용,65,True,,,,한식이랑 양식 퓨전인데 담백하기 딱 먹기 좋아요! 느끼하기 싫어하시는분들 딱b! 데이트로 오기 분위기도 좋고 추천해용,한식이랑 양식 퓨전인데 담백하기 딱 먹기 좋아요 EXCLAM 느끼하기 싫어하시는분들 딱b EXCLAM 데이트로 오기 분위기도 좋고 추천해용,0,0,0,0,1,0,0,65,"양, 느끼"
naver,소문난성수감자탕,우쭈쭈한강,1668.0,2026.04.06,1번째 방문,영수증,괜찮은 감자탕이에요. 양은 꽤 있어요. 볶음밥도 괜찮아요. 근데 엄청 기다려서 먹을정도의 맛은 아니에요.,58,True,,,,괜찮은 감자탕이에요. 양은 꽤 있어요. 볶음밥도 괜찮아요. 근데 엄청 기다려서 먹을정도의 맛은 아니에요.,괜찮은 감자탕이에요 양은 꽤 있어요 볶음밥도 괜찮아요 근데 엄청 기다려서 먹을정도의 맛은 아니에요,0,0,0,0,0,0,0,58,"맛, 양, 밥, 감자탕"
kakao,각시보쌈,입 짧은 사람,98.0,2025-02-17,,,사람 많고 연령대가 높다.. 낮부터 술취하신 분 잔뜩... 나한테 삿대질하며 쟤가 시킨거랑 똑같이 달라하는 어르신부터 나랑 반찬 공유하는 날파리까지.. 그리고 더워도 너무 더운 내부에 환기도 안해서 답답하니 얇은 니트 하나만 입어도 식사 내내 땀 나서 도망치듯 나왔다. 수육은 잡내 안나고 맛있는데 찌개는 참치김치찌개라서 쿰쿰하고 비린 맛에 한 입도 못 먹었다. 수육세트 점심에 저렴하게 먹고 싶다면 나쁘지 않다.,231,False,2.0,3.2,골드 레벨,사람 많고 연령대가 높다.. 낮부터 술취하신 분 잔뜩... 나한테 삿대질하며 쟤가 시킨거랑 똑같이 달라하는 어르신부터 나랑 반찬 공유하는 날파리까지.. 그리고 더워도 너무 더운 내부에 환기도 안해서 답답하니 얇은 니트 하나만 입어도 식사 내내 땀 나서 도망치듯 나왔다. 수육은 잡내 안나고 맛있는데 찌개는 참치김치찌개라서 쿰쿰하고 비린 맛에 한 입도 못 먹었다. 수육세트 점심에 저렴하게 먹고 싶다면 나쁘지 않다.,사람 많고 연령대가 높다 낮부터 술취하신 분 잔뜩 나한테 삿대질하며 쟤가 시킨거랑 똑같이 달라하는 어르신부터 나랑 반찬 공유하는 날파리까지 그리고 더워도 너무 더운 내부에 환기도 안해서 답답하니 얇은 니트 하나만 입어도 식사 내내 땀 나서 도망치듯 나왔다 수육은 잡내 안나고 맛있는데 찌개는 참치김치찌개라서 쿰쿰하고 비린 맛에 한 입도 못 먹었다 수육세트 점심에 저렴하게 먹고 싶다면 나쁘지 않다,0,0,0,0,0,0,0,231,"맛, 맛있, 면, 반찬, 김치, 잡내"
naver,홍대 육지,hyun001,29.0,2026.03.02,1번째 방문,영수증,고기가 완전 맛있고 고기와 함께 나오는 야채들이 풍부해요 볶음밥도 자극적이여서 멋았고 된장찌개도 고기가 많이 들어가서 맛있아요,70,True,,,,고기가 완전 맛있고 고기와 함께 나오는 야채들이 풍부해요 볶음밥도 자극적이여서 멋았고 된장찌개도 고기가 많이 들어가서 맛있아요,고기가 완전 맛있고 고기와 함께 나오는 야채들이 풍부해요 볶음밥도 자극적이여서 멋았고 된장찌개도 고기가 많이 들어가서 맛있아요,0,0,0,0,0,0,0,70,"맛, 맛있, 고기, 밥"
kakao,소문난성수감자탕,냥2,67.0,2025-08-07,,,맛있긴 한데 특별한 맛은 아니에요! 근데 무엇보다 감자가 한알???ㅠ;;;실화?? 심지어 애기 주먹만함ㅜㅜ 시래기도 너무 적어요!!!!😡,76,True,3.0,3.2,실버 레벨,맛있긴 한데 특별한 맛은 아니에요! 근데 무엇보다 감자가 한알???ㅠ;;;실화?? 심지어 애기 주먹만함ㅜㅜ 시래기도 너무 적어요!!!!😡,맛있긴 한데 특별한 맛은 아니에요 EXCLAM 근데 무엇보다 감자가 한알 QUESTION 실화 QUESTION 심지어 애기 주먹만함 시래기도 너무 적어요 EXCLAM EMO_NEG,0,1,0,1,1,1,0,76,"맛, 맛있"
naver,조선시대,lee****,27.0,2026.04.13,1번째 방문,영수증,안주가 맛있어요!,9,True,,,,안주가 맛있어요!,안주가 맛있어요 EXCLAM,0,0,0,0,1,0,0,9,"맛, 맛있"
kakao,뼈탄집 성수역점,윤준서,2.0,2025-12-10,,,진짜 자주오는데 올때마 너무 맛있게 잘먹슺니나 고기 존맛,31,False,5.0,5.0,브론즈 레벨,진짜 자주오는데 올때마 너무 맛있게 잘먹슺니나 고기 존맛,진짜 자주오는데 올때마 너무 맛있게 잘먹슺니나 고기 존맛,0,0,0,0,0,0,0,31,"맛, 맛있, 고기, 짜"
kakao,장인닭갈비 홍대점,루온,26.0,2025-07-12,,,양도 많고 맛있어요 우동추가해서 먹으니까 더 맛있더라고요👍,32,False,5.0,5.0,실버 레벨,양도 많고 맛있어요 우동추가해서 먹으니까 더 맛있더라고요👍,양도 많고 맛있어요 우동추가해서 먹으니까 더 맛있더라고요 EMO_POS,1,0,0,0,0,0,0,32,"맛, 맛있, 양"
naver,성수족발,코코네청소,1319.0,2025.08.19,1번째 방문,영수증,갑자기 땡기는 맛에 오랜만에 들러 포장해와맛나게 냠냠했어요 ㅎ,34,True,,,,갑자기 땡기는 맛에 오랜만에 들러 포장해와맛나게 냠냠했어요 ㅎ,갑자기 땡기는 맛에 오랜만에 들러 포장해와맛나게 냠냠했어요,0,0,0,0,0,0,0,34,맛
naver,각시보쌈,오마이썬,841.0,2026.02.05,1번째 방문,영수증,배추쌈추가 3천원~ 점심에 정식이 간단히 먹기 좋은거같아요,32,True,,,,배추쌈추가 3천원~ 점심에 정식이 간단히 먹기 좋은거같아요,배추쌈추가 3천원 점심에 정식이 간단히 먹기 좋은거같아요,0,0,0,0,0,0,1,32,간
kakao,육지,😽,3.0,2025-07-31,,,진짜맛잇습니다!!!강추 데이트잘하구가용 완.전힙합,27,True,5.0,3.7,브론즈 레벨,진짜맛잇습니다!!!강추 데이트잘하구가용 완.전힙합,진짜맛잇습니다 EXCLAM 강추 데이트잘하구가용 완 전힙합,0,0,0,0,1,0,0,27,"맛, 짜"
naver,일등식당,코리안비버,1407.0,2026.04.12,1번째 방문,영수증,"요즘에도 웨이팅이 있는지 모르겠는제 점심 지나고 2시쯤 애매한 시간에 방문했더니 웨이팅 없이 먹을 수 있었어요. 메뉴는 단일 메뉴 뼈해장국 하나! 와이프는 일반, 저는 특으로 먹었는데 가격이 매우 착합니다. 8처넌, 1만1천원ㅎㅎ 가장 중요한 맛!은 우선 일반 감자탕 처럼 자극적인 스타일이 아니라 옛날 할머니가 끓여준 시래기국인데 진한 돼지 육수로 끓인거 같아요. 사진으로는 맹맹해보이지만 간이 딱 좋습니다! 그리고 여기는 무엇보다 뼈다귀 고기가 매우 부드러워서 좋았어요👍👍 다 먹을 때 쯤 또간집 풍자님이 알려준 후추팍팍팍 쳐서 먹으면 또 다른 맛이니 도전해보세요 :)",320,True,,,,"요즘에도 웨이팅이 있는지 모르겠는제 점심 지나고 2시쯤 애매한 시간에 방문했더니 웨이팅 없이 먹을 수 있었어요. 메뉴는 단일 메뉴 뼈해장국 하나! 와이프는 일반, 저는 특으로 먹었는데 가격이 매우 착합니다. 8처넌, 1만1천원ㅎㅎ 가장 중요한 맛!은 우선 일반 감자탕 처럼 자극적인 스타일이 아니라 옛날 할머니가 끓여준 시래기국인데 진한 돼지 육수로 끓인거 같아요. 사진으로는 맹맹해보이지만 간이 딱 좋습니다! 그리고 여기는 무엇보다 뼈다귀 고기가 매우 부드러워서 좋았어요👍👍 다 먹을 때 쯤 또간집 풍자님이 알려준 후추팍팍팍 쳐서 먹으면 또 다른 맛이니 도전해보세요 :)",요즘에도 웨이팅이 있는지 모르겠는제 점심 지나고 2시쯤 애매한 시간에 방문했더니 웨이팅 없이 먹을 수 있었어요 메뉴는 단일 메뉴 뼈해장국 하나 EXCLAM 와이프는 일반 저는 특으로 먹었는데 가격이 매우 착합니다 8처넌 1만1천원 가장 중요한 맛 EXCLAM 은 우선 일반 감자탕 처럼 자극적인 스타일이 아니라 옛날 할머니가 끓여준 시래기국인데 진한 돼지 육수로 끓인거 같아요 사진으로는 맹맹해보이지만 간이 딱 좋습니다 EXCLAM 그리고 여기는 무엇보다 뼈다귀 고기가 매우 부드러워서 좋았어요 EMO_POS EMO_POS 다 먹을 때 쯤 또간집 풍자님이 알려준 후추팍팍 쳐서 먹으면 또 다른 맛이니 도전해보세요,1,0,0,0,1,0,1,320,"맛, 메뉴, 간, 고기, 면, 감자탕"
naver,을밀대 평양냉면,홍반장93,296.0,2026.03.10,1번째 방문,영수증,동네맛집. 여름에는 난리부루스지만 지금은 편안하게 냉면 즐기기에 좋은 시기. 유명세만큼 맛있지만 취향은 각자. 굵고 쫄깃한 면발은 내취향 ㅎㅎ,79,True,,,,동네맛집. 여름에는 난리부루스지만 지금은 편안하게 냉면 즐기기에 좋은 시기. 유명세만큼 맛있지만 취향은 각자. 굵고 쫄깃한 면발은 내취향 ㅎㅎ,동네맛집 여름에는 난리부루스지만 지금은 편안하게 냉면 즐기기에 좋은 시기 유명세만큼 맛있지만 취향은 각자 굵고 쫄깃한 면발은 내취향,0,0,0,0,0,0,0,79,"맛, 맛있, 면, 냉면"
kakao,능동미나리 성수점,Kyle Hyun,2.0,2025-11-24,,,육회 비빔밥에 육회는 얼어있고 식기에서는 물비린내 납니다,31,True,1.0,3.0,브론즈 레벨,육회 비빔밥에 육회는 얼어있고 식기에서는 물비린내 납니다,육회 비빔밥에 육회는 얼어있고 식기에서는 물비린내 납니다,0,0,0,0,0,0,0,31,밥
naver,조선시대,농궁,63.0,2026.01.22,1번째 방문,영수증,술도 정말 맛있고 안주도 정말 맛있게 먹었습니다. 정말 좋은 시간 보냈고 담에도 계속 방문하고 싶은 술집입니다. 홍대 오시면 조선시대 정말 추천드려요 ㅎㅎ,86,True,,,,술도 정말 맛있고 안주도 정말 맛있게 먹었습니다. 정말 좋은 시간 보냈고 담에도 계속 방문하고 싶은 술집입니다. 홍대 오시면 조선시대 정말 추천드려요 ㅎㅎ,술도 정말 맛있고 안주도 정말 맛있게 먹었습니다 정말 좋은 시간 보냈고 담에도 계속 방문하고 싶은 술집입니다 홍대 오시면 조선시대 정말 추천드려요,0,0,0,0,0,0,0,86,"맛, 맛있, 간, 면"
kakao,태양곱창 성수,탕탕이,2.0,2025-01-21,,,"웨이팅이 좀있어서 그냥갈까했는데 금방 빠지길래 10분기다리고 먹엇습니다 ㅎ 3명에서 야채곱창 2개, 곱창구이 1개 먹엇는데 1인분도 주문이 되서 좋았습니다 맛은 야채곱창은 약간 매콤? 했고, 구이는 달달하고 딱 제 스타일이었어요 ㅎㅎㅎ 술먹기 좋은 음식들 같아서 다음달 친구들 모임도 여기서 픽 @@@",168,False,5.0,5.0,브론즈 레벨,"웨이팅이 좀있어서 그냥갈까했는데 금방 빠지길래 10분기다리고 먹엇습니다 ㅎ 3명에서 야채곱창 2개, 곱창구이 1개 먹엇는데 1인분도 주문이 되서 좋았습니다 맛은 야채곱창은 약간 매콤? 했고, 구이는 달달하고 딱 제 스타일이었어요 ㅎㅎㅎ 술먹기 좋은 음식들 같아서 다음달 친구들 모임도 여기서 픽 @@@",웨이팅이 좀있어서 그냥갈까했는데 금방 빠지길래 10분기다리고 먹엇습니다 3명에서 야채곱창 2개 곱창구이 1개 먹엇는데 1인분도 주문이 되서 좋았습니다 맛은 야채곱창은 약간 매콤 QUESTION 했고 구이는 달달하고 딱 제 스타일이었어요 술먹기 좋은 음식들 같아서 다음달 친구들 모임도 여기서 픽,0,0,0,0,0,1,1,168,"맛, 음식, 간"
kakao,훼미리손칼국수보쌈,٩( ᐛ )و,16.0,2025-03-12,,,일행보다 먼저 도착했는데 일행 언제오냐고 눈치주는거 하나 없으시고 주문 미리했는데도 센스있게 일행 오고나서 보쌈주셨어요.. 사장님 센스에 감동했습니다👍🏼 물론 맛도 최고였습니다:),100,,5.0,3.8,실버 레벨,일행보다 먼저 도착했는데 일행 언제오냐고 눈치주는거 하나 없으시고 주문 미리했는데도 센스있게 일행 오고나서 보쌈주셨어요.. 사장님 센스에 감동했습니다👍🏼 물론 맛도 최고였습니다:),일행보다 먼저 도착했는데 일행 언제오냐고 눈치주는거 하나 없으시고 주문 미리했는데도 센스있게 일행 오고나서 보쌈주셨어요 사장님 센스에 감동했습니다 EMO_POS 물론 맛도 최고였습니다,1,0,0,0,0,0,0,100,"맛, 보쌈"
kakao,뼈탄집 성수역점,🐳,1.0,2026-03-28,,,고기가 너무 맛있어여 밑반찬도 깔끔해용🤍🤍,23,True,5.0,5.0,브론즈 레벨,고기가 너무 맛있어여 밑반찬도 깔끔해용🤍🤍,고기가 너무 맛있어여 밑반찬도 깔끔해용 EMO_POS EMO_POS,1,0,0,0,0,0,0,23,"맛, 맛있, 고기, 반찬"
naver,조선시대,louis0912,16.0,2026.02.09,1번째 방문,영수증,기본적으로 모든 음식이 다 맛있습니다 매장분위기랑 컨셉도도 너무좋고 술마시는거조차 재미있게 마시니 너무 좋았습니디 친구들이랑 술마실때면 자주 올려합니다,84,True,,,,기본적으로 모든 음식이 다 맛있습니다 매장분위기랑 컨셉도도 너무좋고 술마시는거조차 재미있게 마시니 너무 좋았습니디 친구들이랑 술마실때면 자주 올려합니다,기본적으로 모든 음식이 다 맛있습니다 매장분위기랑 컨셉도도 너무좋고 술마시는거조차 재미있게 마시니 너무 좋았습니디 친구들이랑 술마실때면 자주 올려합니다,0,0,0,0,0,0,0,84,"맛, 맛있, 음식, 면"
naver,굴다리식당,오늘의 TMI,1079.0,2026.03.16,2번째 방문,영수증,몇년전에 왔을땐 김치찌개가 너무 맛있었던것같은데 그때 그맛이였나? 가물가물ㅋㅋ 신김치맛 기억될것같네요ㅋ 계란말이가 2개?정도 반찬 맛보기로 나오는데 다 맛보고싶어 다시켰고 찌개 랑 밥도 한번씩 더 달라고 하니 많이주셔서 잘먹었어요. 사장님이 연세가 있으셔도 몇년이 지난 지금도 나와서 계시던데 앉아서 꾸벅 주무시는 모습에 마음이 좀,185,True,,,,몇년전에 왔을땐 김치찌개가 너무 맛있었던것같은데 그때 그맛이였나? 가물가물ㅋㅋ 신김치맛 기억될것같네요ㅋ 계란말이가 2개?정도 반찬 맛보기로 나오는데 다 맛보고싶어 다시켰고 찌개 랑 밥도 한번씩 더 달라고 하니 많이주셔서 잘먹었어요. 사장님이 연세가 있으셔도 몇년이 지난 지금도 나와서 계시던데 앉아서 꾸벅 주무시는 모습에 마음이 좀,몇년전에 왔을땐 김치찌개가 너무 맛있었던것같은데 그때 그맛이였나 QUESTION 가물가물 신김치맛 기억될것같네요 계란말이가 2개 QUESTION 정도 반찬 맛보기로 나오는데 다 맛보고싶어 다시켰고 찌개 랑 밥도 한번씩 더 달라고 하니 많이주셔서 잘먹었어요 사장님이 연세가 있으셔도 몇년이 지난 지금도 나와서 계시던데 앉아서 꾸벅 주무시는 모습에 마음이 좀,0,0,0,0,0,1,1,185,"맛, 맛있, 밥, 반찬, 김치"
naver,뼈탄집 성수역점,내사랑감귤찡,33.0,2026.04.05,1번째 방문,영수증,묵은지랑 삼겹살 조화가 아주 좋습니당 그리고 비계랑 살코기 비율이 아주 굿뜨!!! 이번엔 남자친구랑 방문 했지만 가족끼리도 방문 하고싶네용 고기맛집추천! 성수 방문시 꼭 드셔보세요 고기도 직접 구워주세용,113,True,,,,묵은지랑 삼겹살 조화가 아주 좋습니당 그리고 비계랑 살코기 비율이 아주 굿뜨!!! 이번엔 남자친구랑 방문 했지만 가족끼리도 방문 하고싶네용 고기맛집추천! 성수 방문시 꼭 드셔보세요 고기도 직접 구워주세용,묵은지랑 삼겹살 조화가 아주 좋습니당 그리고 비계랑 살코기 비율이 아주 굿뜨 EXCLAM 이번엔 남자친구랑 방문 했지만 가족끼리도 방문 하고싶네용 고기맛집추천 EXCLAM 성수 방문시 꼭 드셔보세요 고기도 직접 구워주세용,0,0,0,0,1,0,0,113,"맛, 고기"
naver,조선시대,다크밀란,39.0,2026.04.23,1번째 방문,영수증,너무 맛있게 잘먹었습니다. 중간중간 태블릿으로 하는 이벤트도 유쾌해요~ 또 올게요~,46,True,,,,너무 맛있게 잘먹었습니다. 중간중간 태블릿으로 하는 이벤트도 유쾌해요~ 또 올게요~,너무 맛있게 잘먹었습니다 중간중간 태블릿으로 하는 이벤트도 유쾌해요 또 올게요,0,0,0,0,0,0,0,46,"맛, 맛있, 간"
naver,뼈탄집 성수역점,파아란당근,13.0,2026.04.26,1번째 방문,영수증,눚게 삼겹살 땡겨 봐둔 뼈탄집 왔는데 의자 편하고 깔끔하고 음식도 맛있네요,41,True,,,,눚게 삼겹살 땡겨 봐둔 뼈탄집 왔는데 의자 편하고 깔끔하고 음식도 맛있네요,눚게 삼겹살 땡겨 봐둔 뼈탄집 왔는데 의자 편하고 깔끔하고 음식도 맛있네요,0,0,0,0,0,0,0,41,"맛, 맛있, 음식"
kakao,훼미리손칼국수보쌈,ㅇㅇㅇ,19.0,2026-02-11,,,후기가 별로길래 고민하다 갔는데 엄청 친절하고 딱히 비위생적인 부분도 안보였어요 보쌈도 맛있고 칼국수도 국물이 깔끔하고 슴슴해서 너무 잘먹었어요.. 저는 칼국수 진짜 맛있게 먹음..만두도 많이 슴슴한 맛이라 호불호 많이 가리니 간간하게 드신다면 다른 사이드 추천,146,False,5.0,3.8,실버 레벨,후기가 별로길래 고민하다 갔는데 엄청 친절하고 딱히 비위생적인 부분도 안보였어요 보쌈도 맛있고 칼국수도 국물이 깔끔하고 슴슴해서 너무 잘먹었어요.. 저는 칼국수 진짜 맛있게 먹음..만두도 많이 슴슴한 맛이라 호불호 많이 가리니 간간하게 드신다면 다른 사이드 추천,후기가 별로길래 고민하다 갔는데 엄청 친절하고 딱히 비위생적인 부분도 안보였어요 보쌈도 맛있고 칼국수도 국물이 깔끔하고 슴슴해서 너무 잘먹었어요 저는 칼국수 진짜 맛있게 먹음 만두도 많이 슴슴한 맛이라 호불호 많이 가리니 간간하게 드신다면 다른 사이드 추천,0,0,0,0,0,0,0,146,"맛, 맛있, 간, 면, 국물, 보쌈, 짜"
kakao,육산장 홍대본점,김유정,1.0,2025-03-03,,,완전 싹싹김치네여 ~,11,False,5.0,5.0,브론즈 레벨,완전 싹싹김치네여 ~,완전 싹싹김치네여,0,0,0,0,0,0,0,11,김치
naver,소문난성수감자탕,뚱2다,14.0,2026.02.07,1번째 방문,영수증,유명하다해서 방문했는데 평범한맛.. 고기가 좀 퍽퍽 .. 소자시켰는데 콩알만한 감자 반쪽에 깻잎 우거지외에 아무것도 없음 개인적으로 한남동 24시 김치 들어간 감자탕이 맛있었음 볶음밥도..사람 많은게 신기해요 ㅋㅋ,119,False,,,,유명하다해서 방문했는데 평범한맛.. 고기가 좀 퍽퍽 .. 소자시켰는데 콩알만한 감자 반쪽에 깻잎 우거지외에 아무것도 없음 개인적으로 한남동 24시 김치 들어간 감자탕이 맛있었음 볶음밥도..사람 많은게 신기해요 ㅋㅋ,유명하다해서 방문했는데 평범한맛 고기가 좀 퍽퍽 소자시켰는데 콩알만한 감자 반쪽에 깻잎 우거지외에 아무것도 없음 개인적으로 한남동 24시 김치 들어간 감자탕이 맛있었음 볶음밥도 사람 많은게 신기해요,0,0,0,0,0,0,1,119,"맛, 맛있, 간, 고기, 밥, 김치, 감자탕"
naver,을밀대 평양냉면,옴뇸뇸냠냠냠,,2025.07.28,1번째 방문,예약,평일인데도 사람이 엄청 많았어요! 슴슴한 맛에 중독되어 찾게 되는 평냉...🤍 녹두전도 맛있으니 꼭 같이 시켜드시길&gt;&lt;,72,True,,,,평일인데도 사람이 엄청 많았어요! 슴슴한 맛에 중독되어 찾게 되는 평냉...🤍 녹두전도 맛있으니 꼭 같이 시켜드시길&gt;&lt;,평일인데도 사람이 엄청 많았어요 EXCLAM 슴슴한 맛에 중독되어 찾게 되는 평냉 EMO_POS 녹두전도 맛있으니 꼭 같이 시켜드시길 gt lt,1,0,0,0,1,0,0,72,"맛, 맛있, 평냉"
naver,일등식당,It from bit,432.0,2025.05.08,1번째 방문,영수증,"뼈해장국의 표본 질 좋은 고기, 푸짐한 양, 적당한 청결함과 친절함 자극적이지 않은 국물, 잘 익은 우거지 포장하면 양은 더 많아진다 가끔 일부러 찾게되는 식당",89,True,,,,"뼈해장국의 표본 질 좋은 고기, 푸짐한 양, 적당한 청결함과 친절함 자극적이지 않은 국물, 잘 익은 우거지 포장하면 양은 더 많아진다 가끔 일부러 찾게되는 식당",뼈해장국의 표본 질 좋은 고기 푸짐한 양 적당한 청결함과 친절함 자극적이지 않은 국물 잘 익은 우거지 포장하면 양은 더 많아진다 가끔 일부러 찾게되는 식당,0,0,0,0,0,0,0,89,"양, 고기, 면, 국물"
naver,소문난성수감자탕,듬지,476.0,2025.08.01,1번째 방문,영수증,"잘 지은 밥과 함께 우거지가 듬뿍 올려진 감자국식사 우거지곱배기! 성시경도 우거지곱배기를 먹었다는 걸 먹고 나서 알게 되었네요. 잡내 하나 없이 맛도 향도 깊이가 남다른 명품 감자탕! 잘 삶은 뼈는 뜯을 때 그 진가를 느낄 수 있듯이 젓가락으로 발라 먹을 만큼 부드러운 고기 맛 와사비와 고추, 파, 마늘 등이 들어간 특제 소스에 적셔 먹는 고기는 역시 일품이더군요.",205,True,,,,"잘 지은 밥과 함께 우거지가 듬뿍 올려진 감자국식사 우거지곱배기! 성시경도 우거지곱배기를 먹었다는 걸 먹고 나서 알게 되었네요. 잡내 하나 없이 맛도 향도 깊이가 남다른 명품 감자탕! 잘 삶은 뼈는 뜯을 때 그 진가를 느낄 수 있듯이 젓가락으로 발라 먹을 만큼 부드러운 고기 맛 와사비와 고추, 파, 마늘 등이 들어간 특제 소스에 적셔 먹는 고기는 역시 일품이더군요.",잘 지은 밥과 함께 우거지가 듬뿍 올려진 감자국식사 우거지곱배기 EXCLAM 성시경도 우거지곱배기를 먹었다는 걸 먹고 나서 알게 되었네요 잡내 하나 없이 맛도 향도 깊이가 남다른 명품 감자탕 EXCLAM 잘 삶은 뼈는 뜯을 때 그 진가를 느낄 수 있듯이 젓가락으로 발라 먹을 만큼 부드러운 고기 맛 와사비와 고추 파 마늘 등이 들어간 특제 소스에 적셔 먹는 고기는 역시 일품이더군요,0,0,0,0,1,0,0,205,"맛, 간, 고기, 밥, 소스, 감자탕, 잡내"
naver,장인닭갈비 홍대점,pouw,17.0,2026.04.12,1번째 방문,영수증,진짜 너무 맛있게 잘 먹었습니다 한 입 먹자마자 감탄했어요. 또 오고싶습니다!!,44,True,,,,진짜 너무 맛있게 잘 먹었습니다 한 입 먹자마자 감탄했어요. 또 오고싶습니다!!,진짜 너무 맛있게 잘 먹었습니다 한 입 먹자마자 감탄했어요 또 오고싶습니다 EXCLAM,0,0,0,0,1,0,0,44,"맛, 맛있, 짜"
kakao,장인닭갈비 홍대점,또동,43.0,2026-03-22,,,닭갈비+치즈+면 = 필승 조합! 야채 식감도 잘 살아있고 양념 밸런스가 적당해서 그런가 볶음밥도 신나게 잘 먹었어요!,65,False,5.0,5.0,실버 레벨,닭갈비+치즈+면 = 필승 조합! 야채 식감도 잘 살아있고 양념 밸런스가 적당해서 그런가 볶음밥도 신나게 잘 먹었어요!,닭갈비 치즈 면 필승 조합 EXCLAM 야채 식감도 잘 살아있고 양념 밸런스가 적당해서 그런가 볶음밥도 신나게 잘 먹었어요 EXCLAM,0,0,0,0,1,0,0,65,"양, 식감, 면, 밥"
naver,소문난성수감자탕,꾸르맛집탐방가,1199.0,2025.09.05,1번째 방문,영수증,"오랜만에 방문한 성수감자탕♡ 평일 오전 11시 50분쯤 갔는데 다행스럽게도 대기 없이 착석! 감자탕 중이랑 밥 추가해서 먹느라 이번엔 수제비랑 볶음밥을 놓쳤지만ㅜ 처음가신다면 꼭 추가하셔서 드셔야합니다♡ 진순파도 잘 먹을 수 있는 맵기에 깻잎과 우거지, 부드러운 감자가 일품이고 살도 많아서 정말 인생 감자탕이라고 해도 손색없는♡",184,True,,,,"오랜만에 방문한 성수감자탕♡ 평일 오전 11시 50분쯤 갔는데 다행스럽게도 대기 없이 착석! 감자탕 중이랑 밥 추가해서 먹느라 이번엔 수제비랑 볶음밥을 놓쳤지만ㅜ 처음가신다면 꼭 추가하셔서 드셔야합니다♡ 진순파도 잘 먹을 수 있는 맵기에 깻잎과 우거지, 부드러운 감자가 일품이고 살도 많아서 정말 인생 감자탕이라고 해도 손색없는♡",오랜만에 방문한 성수감자탕 EMO_POS 평일 오전 11시 50분쯤 갔는데 다행스럽게도 대기 없이 착석 EXCLAM 감자탕 중이랑 밥 추가해서 먹느라 이번엔 수제비랑 볶음밥을 놓쳤지만 처음가신다면 꼭 추가하셔서 드셔야합니다 EMO_POS 진순파도 잘 먹을 수 있는 맵기에 깻잎과 우거지 부드러운 감자가 일품이고 살도 많아서 정말 인생 감자탕이라고 해도 손색없는 EMO_POS,1,0,0,0,1,0,1,184,"면, 밥, 감자탕, 맵"
kakao,소문난성수감자탕,솔직한리뷰,25.0,2025-06-15,,,성수 위치 때문이지 가격에 비해 양은 많지 않는건 이해하지만 맛은 그냥그럼 동네에 아무 감자탕 가는게 나음 지나갈때 냄새는 죽여줘서 지하철에 파는 만쥬같음,86,False,3.0,3.7,실버 레벨,성수 위치 때문이지 가격에 비해 양은 많지 않는건 이해하지만 맛은 그냥그럼 동네에 아무 감자탕 가는게 나음 지나갈때 냄새는 죽여줘서 지하철에 파는 만쥬같음,성수 위치 때문이지 가격에 비해 양은 많지 않는건 이해하지만 맛은 그냥그럼 동네에 아무 감자탕 가는게 나음 지나갈때 냄새는 죽여줘서 지하철에 파는 만쥬같음,0,0,0,0,0,0,0,86,"맛, 양, 감자탕"
naver,일등식당,빵식빵식빵,275.0,2025.06.04,1번째 방문,영수증,"가격이 저렴하고 양이 푸짐해요. 가성비 좋아요. 국물은 다른 해장국들과 비교해 맑은 편이지만 그렇다고 맛이 담백하고 깔끔하기보단 고기도, 국물도 감칠맛 폭탄입니다. 이 부분이 상당히 호불호가 갈릴 것 같아요. 우거지는 질기지도, 너무 무르지도 않고 딱 좋아요.",145,True,,,,"가격이 저렴하고 양이 푸짐해요. 가성비 좋아요. 국물은 다른 해장국들과 비교해 맑은 편이지만 그렇다고 맛이 담백하고 깔끔하기보단 고기도, 국물도 감칠맛 폭탄입니다. 이 부분이 상당히 호불호가 갈릴 것 같아요. 우거지는 질기지도, 너무 무르지도 않고 딱 좋아요.",가격이 저렴하고 양이 푸짐해요 가성비 좋아요 국물은 다른 해장국들과 비교해 맑은 편이지만 그렇다고 맛이 담백하고 깔끔하기보단 고기도 국물도 감칠맛 폭탄입니다 이 부분이 상당히 호불호가 갈릴 것 같아요 우거지는 질기지도 너무 무르지도 않고 딱 좋아요,0,0,0,0,0,0,0,145,"맛, 양, 고기, 국물, 질기"
naver,훼미리손칼국수보쌈,행복한사람2024,1226.0,2025.05.10,1번째 방문,영수증,칼국수와 보쌈 맛있게 잘 먹었어요 줄서서 기다림 보람 있내요 ( 다리가 아프긴하지만~^^) 즐거운 저녁 식사 였습니다. 먼데서 버스타고 왔는데 먹고보고 가야죠 ㅎㅎㅎ,92,True,,,,칼국수와 보쌈 맛있게 잘 먹었어요 줄서서 기다림 보람 있내요 ( 다리가 아프긴하지만~^^) 즐거운 저녁 식사 였습니다. 먼데서 버스타고 왔는데 먹고보고 가야죠 ㅎㅎㅎ,칼국수와 보쌈 맛있게 잘 먹었어요 줄서서 기다림 보람 있내요 다리가 아프긴하지만 즐거운 저녁 식사 였습니다 먼데서 버스타고 왔는데 먹고보고 가야죠,0,0,0,0,0,0,0,92,"맛, 맛있, 보쌈"
naver,굴다리식당,Clara75,235.0,2026.04.15,1번째 방문,영수증,시큼하고 푹 익은 묵은지 김치찌개 스타일. 할머니가 해주신 집밥 같아서 잘 먹었어요. 반찬도 다양하고 밸런스 굿. 다만 호불호 있을 듯.,76,True,,,,시큼하고 푹 익은 묵은지 김치찌개 스타일. 할머니가 해주신 집밥 같아서 잘 먹었어요. 반찬도 다양하고 밸런스 굿. 다만 호불호 있을 듯.,시큼하고 푹 익은 묵은지 김치찌개 스타일 할머니가 해주신 집밥 같아서 잘 먹었어요 반찬도 다양하고 밸런스 굿 다만 호불호 있을 듯,0,0,0,0,0,0,0,76,"양, 밥, 반찬, 김치"
kakao,능동미나리 성수점,먹고노는게제일좋아,1607.0,2025-09-27,,,"육회비빔밥, 곰탕, 육전 다 기절쌈바리... 미니리맛이 킥이에요 뭘 먹어도 향긋하니 익숙하면서도 색다른 맛! 특히 육회비빔밥은 간장양념 베이스인데 달달하니 제일 맛있었어요 줄 길었는데 생각보다 빨리 줄더라구요 츄라이 해보세요🥹",126,True,5.0,3.7,퍼플 레벨,"육회비빔밥, 곰탕, 육전 다 기절쌈바리... 미니리맛이 킥이에요 뭘 먹어도 향긋하니 익숙하면서도 색다른 맛! 특히 육회비빔밥은 간장양념 베이스인데 달달하니 제일 맛있었어요 줄 길었는데 생각보다 빨리 줄더라구요 츄라이 해보세요🥹",육회비빔밥 곰탕 육전 다 기절쌈바리 미니리맛이 킥이에요 뭘 먹어도 향긋하니 익숙하면서도 색다른 맛 EXCLAM 특히 육회비빔밥은 간장양념 베이스인데 달달하니 제일 맛있었어요 줄 길었는데 생각보다 빨리 줄더라구요 츄라이 해보세요,0,0,0,0,1,0,0,126,"맛, 맛있, 양, 간, 면, 밥"
naver,조선시대,내돈내산 맛집에 진심인 고독한 미식가,185.0,2026.03.05,1번째 방문,영수증,"조선시대 한옥 느낌. 분위기 좋아서 외국인들하고 오면 다들 좋아합니다. 안주도 맛있고 막걸리 종류도 다양하게 있고 듣고 싶은 노래를 신청도 할 수 있고 사연까지 적을 수 있네요. 단골 혜택으로 2번 오면 평민, 5번은 양반, 7번은 왕으로 할인이 되어서 정문에 호패까지 걸어준다고 합니다. 호패 도전해보겠습니당 ㅋ 제 맛집 점수는 10점 만점에 9점입니다.",199,False,,,,"조선시대 한옥 느낌. 분위기 좋아서 외국인들하고 오면 다들 좋아합니다. 안주도 맛있고 막걸리 종류도 다양하게 있고 듣고 싶은 노래를 신청도 할 수 있고 사연까지 적을 수 있네요. 단골 혜택으로 2번 오면 평민, 5번은 양반, 7번은 왕으로 할인이 되어서 정문에 호패까지 걸어준다고 합니다. 호패 도전해보겠습니당 ㅋ 제 맛집 점수는 10점 만점에 9점입니다.",조선시대 한옥 느낌 분위기 좋아서 외국인들하고 오면 다들 좋아합니다 안주도 맛있고 막걸리 종류도 다양하게 있고 듣고 싶은 노래를 신청도 할 수 있고 사연까지 적을 수 있네요 단골 혜택으로 2번 오면 평민 5번은 양반 7번은 왕으로 할인이 되어서 정문에 호패까지 걸어준다고 합니다 호패 도전해보겠습니당 제 맛집 점수는 10점 만점에 9점입니다,0,0,0,0,0,0,1,199,"맛, 맛있, 양, 면"
kakao,뼈탄집 성수역점,예주,2.0,2026-03-21,,,삼겹살도 맛있고 찌개 너무 맛있어요~~ 특히 솥밥👍🏻,29,True,5.0,5.0,브론즈 레벨,삼겹살도 맛있고 찌개 너무 맛있어요~~ 특히 솥밥👍🏻,삼겹살도 맛있고 찌개 너무 맛있어요 TILDE 특히 솥밥 EMO_POS,1,0,0,0,0,0,0,29,"맛, 맛있, 밥"
kakao,뼈탄집 성수역점,수영,1.0,2026-04-05,,,성수동 맛집 삼겹살 추천이용. 가성비굿 맛도 짱이예용 ㅋㅋ,32,True,5.0,5.0,브론즈 레벨,성수동 맛집 삼겹살 추천이용. 가성비굿 맛도 짱이예용 ㅋㅋ,성수동 맛집 삼겹살 추천이용 가성비굿 맛도 짱이예용,0,0,0,0,0,0,0,32,맛
naver,장인닭갈비 홍대점,majella,69.0,2026.02.01,1번째 방문,영수증,맛있게 먹었어요! 고기를 인분수대로 시켜야해서 볶음밥까지 먹고 싳었는데 못먹어서 아쉬웠네요ㅠㅠ 다음에 다시 와야겠어요:),67,False,,,,맛있게 먹었어요! 고기를 인분수대로 시켜야해서 볶음밥까지 먹고 싳었는데 못먹어서 아쉬웠네요ㅠㅠ 다음에 다시 와야겠어요:),맛있게 먹었어요 EXCLAM 고기를 인분수대로 시켜야해서 볶음밥까지 먹고 싳었는데 못먹어서 아쉬웠네요 다음에 다시 와야겠어요,0,0,0,1,1,0,0,67,"맛, 맛있, 고기, 밥"
naver,락희옥 마포본점,rfi****,17.0,2025.11.05,1번째 방문,영수증,락희옥 마포본점 방문해서 세트메뉴도 먹고 방어까지 잔뜩 먹었습니다. 재료가 너무 신선하구 맛있구요 가게 인테리어도 너무 예쁩니다~!!! 또올게요!!,82,True,,,,락희옥 마포본점 방문해서 세트메뉴도 먹고 방어까지 잔뜩 먹었습니다. 재료가 너무 신선하구 맛있구요 가게 인테리어도 너무 예쁩니다~!!! 또올게요!!,락희옥 마포본점 방문해서 세트메뉴도 먹고 방어까지 잔뜩 먹었습니다 재료가 너무 신선하구 맛있구요 가게 인테리어도 너무 예쁩니다 EXCLAM 또올게요 EXCLAM,0,0,0,0,1,0,0,82,"맛, 맛있, 메뉴, 재료"
kakao,원조조박집 본관,조새롬,36.0,2026-03-27,,,39살 따님을 두신 어머니~~^^ 오늘 덕분에 너무 즐겁고 맛있게 잘 먹었습니다 너무너무 감사했습니당 또올게요!!! 오늘도 내일도 화이팅 하셔요!!!!,84,True,5.0,4.0,실버 레벨,39살 따님을 두신 어머니~~^^ 오늘 덕분에 너무 즐겁고 맛있게 잘 먹었습니다 너무너무 감사했습니당 또올게요!!! 오늘도 내일도 화이팅 하셔요!!!!,39살 따님을 두신 어머니 TILDE 오늘 덕분에 너무 즐겁고 맛있게 잘 먹었습니다 너무너무 감사했습니당 또올게요 EXCLAM 오늘도 내일도 화이팅 하셔요 EXCLAM,0,0,0,0,1,0,1,84,"맛, 맛있"
naver,금금 성수점,Vv둥둥이,20.0,2026.03.24,1번째 방문,영수증,회사앞에 있어서 와보고싶었는데 드디어 왔어요! 평일에도 웨이팅 좀 있어서 10~15분 정도 기다린거같아요 너무맛있음!!! 보리된장국수 감칠맛 미쳣어요 … ㅜㅜ 밥 비벼먹고싶은 맛이라 공기밥 부탁드렸는데 흔쾌히 주셔서 너무 감사합니다… 진짜맛있었어요ㅠㅠ🥹🥹💕💕💕,145,True,,,,회사앞에 있어서 와보고싶었는데 드디어 왔어요! 평일에도 웨이팅 좀 있어서 10~15분 정도 기다린거같아요 너무맛있음!!! 보리된장국수 감칠맛 미쳣어요 … ㅜㅜ 밥 비벼먹고싶은 맛이라 공기밥 부탁드렸는데 흔쾌히 주셔서 너무 감사합니다… 진짜맛있었어요ㅠㅠ🥹🥹💕💕💕,회사앞에 있어서 와보고싶었는데 드디어 왔어요 EXCLAM 평일에도 웨이팅 좀 있어서 10 15분 정도 기다린거같아요 너무맛있음 EXCLAM 보리된장국수 감칠맛 미쳣어요 밥 비벼먹고싶은 맛이라 공기밥 부탁드렸는데 흔쾌히 주셔서 너무 감사합니다 진짜맛있었어요 EMO_POS EMO_POS EMO_POS,1,0,0,1,1,0,1,145,"맛, 맛있, 밥, 짜"
naver,육산장 홍대본점,하히잉,21.0,2026.04.29,1번째 방문,영수증,맛있어용 야외테이블 있어서 왔어요 굿!!,22,True,,,,맛있어용 야외테이블 있어서 왔어요 굿!!,맛있어용 야외테이블 있어서 왔어요 굿 EXCLAM,0,0,0,0,1,0,0,22,"맛, 맛있"
naver,홍대 육지,Bella994,187.0,2026.03.29,1번째 방문,영수증,우연히 지나치다가 맛있어보여서 대기 걸고 들어왔어요!매장도 깔끔하고 상차림 등등 다 너무 깔끔해요 ㅎㅎ 고기맛도 좋아서 다 만족스러워요. 아이도 솥밥에 고기 배부르게 잘 먹었습니다😄👍,102,False,,,,우연히 지나치다가 맛있어보여서 대기 걸고 들어왔어요!매장도 깔끔하고 상차림 등등 다 너무 깔끔해요 ㅎㅎ 고기맛도 좋아서 다 만족스러워요. 아이도 솥밥에 고기 배부르게 잘 먹었습니다😄👍,우연히 지나치다가 맛있어보여서 대기 걸고 들어왔어요 EXCLAM 매장도 깔끔하고 상차림 등등 다 너무 깔끔해요 고기맛도 좋아서 다 만족스러워요 아이도 솥밥에 고기 배부르게 잘 먹었습니다 EMO_POS EMO_POS,1,0,0,0,1,0,0,102,"맛, 맛있, 고기, 밥"
naver,이태리국시 성수,히60,45.0,2026.02.26,1번째 방문,영수증,친구 생일파티로 모였는뎅 분위기도 좋고 음식도 맛있어서 좋은 시간 보내다 가요~~😆 대창에서 비린맛 날까 걱정했었는데 비리지도 않고 매콤하니 맛있습니다! 매장 인테리어도 특이하고 직원분들도 너무 친절하세요!!,116,True,,,,친구 생일파티로 모였는뎅 분위기도 좋고 음식도 맛있어서 좋은 시간 보내다 가요~~😆 대창에서 비린맛 날까 걱정했었는데 비리지도 않고 매콤하니 맛있습니다! 매장 인테리어도 특이하고 직원분들도 너무 친절하세요!!,친구 생일파티로 모였는뎅 분위기도 좋고 음식도 맛있어서 좋은 시간 보내다 가요 TILDE EMO_POS 대창에서 비린맛 날까 걱정했었는데 비리지도 않고 매콤하니 맛있습니다 EXCLAM 매장 인테리어도 특이하고 직원분들도 너무 친절하세요 EXCLAM,1,0,0,0,1,0,0,116,"맛, 맛있, 음식, 간"
kakao,황금콩밭,맛집심의관,563.0,2025-07-14,,,"여러 해 미쉐린 가이드에 오른 본점은, 전반적으로 정갈하고 담백한 콩요리를 선보입니다. 청국장은 구수하면서도 자극적이지 않아 부담 없이 즐길 수 있었고, 두부짜글이는 부드러운 두부와 진한 양념이 따뜻한 흰밥과 잘 어울렸습니다. 음식의 간이 세지 않아 재료 본연의 맛을 즐길 수 있으며, 가격대는 약간 높은 편입니다. 일상에서 가정식이 그리운 날 건강하게 한 끼 하고 싶을 때 찾기 좋은 곳입니다.",221,False,4.0,3.8,골드 레벨,"여러 해 미쉐린 가이드에 오른 본점은, 전반적으로 정갈하고 담백한 콩요리를 선보입니다. 청국장은 구수하면서도 자극적이지 않아 부담 없이 즐길 수 있었고, 두부짜글이는 부드러운 두부와 진한 양념이 따뜻한 흰밥과 잘 어울렸습니다. 음식의 간이 세지 않아 재료 본연의 맛을 즐길 수 있으며, 가격대는 약간 높은 편입니다. 일상에서 가정식이 그리운 날 건강하게 한 끼 하고 싶을 때 찾기 좋은 곳입니다.",여러 해 미쉐린 가이드에 오른 본점은 전반적으로 정갈하고 담백한 콩요리를 선보입니다 청국장은 구수하면서도 자극적이지 않아 부담 없이 즐길 수 있었고 두부짜글이는 부드러운 두부와 진한 양념이 따뜻한 흰밥과 잘 어울렸습니다 음식의 간이 세지 않아 재료 본연의 맛을 즐길 수 있으며 가격대는 약간 높은 편입니다 일상에서 가정식이 그리운 날 건강하게 한 끼 하고 싶을 때 찾기 좋은 곳입니다,0,0,0,0,0,0,0,221,"맛, 음식, 요리, 양, 간, 재료, 면, 밥, 짜"
naver,을밀대 평양냉면,뽀차코,207.0,2025.08.26,1번째 방문,영수증,"너무 맛있어서 와서 먹으면 제일 좋은데, 포장해오라는 어린이들 때문에 퇴근길 냉면셔틀합니다. 동네에 있어서 좋아요.",64,True,,,,"너무 맛있어서 와서 먹으면 제일 좋은데, 포장해오라는 어린이들 때문에 퇴근길 냉면셔틀합니다. 동네에 있어서 좋아요.",너무 맛있어서 와서 먹으면 제일 좋은데 포장해오라는 어린이들 때문에 퇴근길 냉면셔틀합니다 동네에 있어서 좋아요,0,0,0,0,0,0,0,64,"맛, 맛있, 면, 냉면"
naver,금금 성수점,맛똑이 I 카페 맛집,121.0,2026.04.27,1번째 방문,영수증,보리된장국수 짱맛! 감칠맛나는 마제소바에요 묵은지 참치말이는 밥이 좀 질어서 아쉬웠고 묵은지 문어 국수는 레몬향? 이 많이 나더라구요 보리된장국수가 제일 맛있었어요,91,True,,,,보리된장국수 짱맛! 감칠맛나는 마제소바에요 묵은지 참치말이는 밥이 좀 질어서 아쉬웠고 묵은지 문어 국수는 레몬향? 이 많이 나더라구요 보리된장국수가 제일 맛있었어요,보리된장국수 짱맛 EXCLAM 감칠맛나는 마제소바에요 묵은지 참치말이는 밥이 좀 질어서 아쉬웠고 묵은지 문어 국수는 레몬향 QUESTION 이 많이 나더라구요 보리된장국수가 제일 맛있었어요,0,0,0,0,1,1,0,91,"맛, 맛있, 밥"
kakao,각시보쌈,청결이중요,119.0,2025-03-12,,,"양도 넉넉하고 보쌈이 부드럽고 맛있었어요. 밥 주문하면 찌개도 주셨는데 인심이 넉넉하시네요. 담에 또 보쌈 먹으러 가고 싶어요. 참, 주말이라 잠깐 웨이팅 했지만 금방 자리가 났습니다.",103,False,5.0,4.1,골드 레벨,"양도 넉넉하고 보쌈이 부드럽고 맛있었어요. 밥 주문하면 찌개도 주셨는데 인심이 넉넉하시네요. 담에 또 보쌈 먹으러 가고 싶어요. 참, 주말이라 잠깐 웨이팅 했지만 금방 자리가 났습니다.",양도 넉넉하고 보쌈이 부드럽고 맛있었어요 밥 주문하면 찌개도 주셨는데 인심이 넉넉하시네요 담에 또 보쌈 먹으러 가고 싶어요 참 주말이라 잠깐 웨이팅 했지만 금방 자리가 났습니다,0,0,0,0,0,0,0,103,"맛, 맛있, 양, 면, 밥, 보쌈"
naver,소문난성수감자탕,봄날은올껄,1175.0,2025.12.22,1번째 방문,영수증,성수동와서 줄서서 맛본 감자탕~~ 사실 감자탕이 별거없다고 다른 곳 갈려고 찜했으나 너무너무춥고 다리도 아프고 그냥 눈앞에 있는 소문남감자탕 줄서기 ㅜㅜ 추워서 따땃한거 먹으니 좋긴하나 ㅋㅋ감자탕 뭐 특별한 맛은 없는~~우거지가 적어서 좀 아쉽~ 라면 사리 하나 3천원 ㅋㅋ웃음이 나는구나~~ 한번 먹어본걸로 만족~!!,178,True,,,,성수동와서 줄서서 맛본 감자탕~~ 사실 감자탕이 별거없다고 다른 곳 갈려고 찜했으나 너무너무춥고 다리도 아프고 그냥 눈앞에 있는 소문남감자탕 줄서기 ㅜㅜ 추워서 따땃한거 먹으니 좋긴하나 ㅋㅋ감자탕 뭐 특별한 맛은 없는~~우거지가 적어서 좀 아쉽~ 라면 사리 하나 3천원 ㅋㅋ웃음이 나는구나~~ 한번 먹어본걸로 만족~!!,성수동와서 줄서서 맛본 감자탕 TILDE 사실 감자탕이 별거없다고 다른 곳 갈려고 찜했으나 너무너무춥고 다리도 아프고 그냥 눈앞에 있는 소문남감자탕 줄서기 추워서 따땃한거 먹으니 좋긴하나 감자탕 뭐 특별한 맛은 없는 TILDE 우거지가 적어서 좀 아쉽 라면 사리 하나 3천원 웃음이 나는구나 TILDE 한번 먹어본걸로 만족 EXCLAM,0,0,0,1,1,0,1,178,"맛, 면, 감자탕"
kakao,보끔당 성수점,쩝쩝박사,126.0,2025-04-29,,,친절하고 무난무난하게 맛있어요. 2명이서 배부르게 먹을만한 양입니다. 우동사리 추천👍,47,True,3.0,3.3,골드 레벨,친절하고 무난무난하게 맛있어요. 2명이서 배부르게 먹을만한 양입니다. 우동사리 추천👍,친절하고 무난무난하게 맛있어요 2명이서 배부르게 먹을만한 양입니다 우동사리 추천 EMO_POS,1,0,0,0,0,0,1,47,"맛, 맛있, 양"
naver,을밀대 평양냉면,당산의정령,,2025.08.13,1번째 방문,예약,을밀대 녹두전은 여전히 빠삭하고 평냉은 역시나 맛있습니다. 조금만 친절을 바라면 욕심이겠죠..?😏,54,True,,,,을밀대 녹두전은 여전히 빠삭하고 평냉은 역시나 맛있습니다. 조금만 친절을 바라면 욕심이겠죠..?😏,을밀대 녹두전은 여전히 빠삭하고 평냉은 역시나 맛있습니다 조금만 친절을 바라면 욕심이겠죠 QUESTION,0,0,0,0,0,1,0,54,"맛, 맛있, 면, 평냉"
naver,마포양지설렁탕,시화나래,440.0,2025.07.13,1번째 방문,영수증,동네 손님이 많아요 편하게 한끼 맛있게 먹으면 좋아요,29,False,,,,동네 손님이 많아요 편하게 한끼 맛있게 먹으면 좋아요,동네 손님이 많아요 편하게 한끼 맛있게 먹으면 좋아요,0,0,0,0,0,0,0,29,"맛, 맛있, 면"
naver,뼈탄집 성수역점,032347,101.0,2026.04.04,1번째 방문,영수증,성수 찐 삼겹살 맛집 꼭 드셔보세요,19,True,,,,성수 찐 삼겹살 맛집 꼭 드셔보세요,성수 찐 삼겹살 맛집 꼭 드셔보세요,0,0,0,0,0,0,0,19,맛
naver,홍대 육지,현준144,28.0,2026.04.03,1번째 방문,영수증,너무맛맀어요 잘구워주시고 레전드사건,19,True,,,,너무맛맀어요 잘구워주시고 레전드사건,너무맛맀어요 잘구워주시고 레전드사건,0,0,0,0,0,0,0,19,맛
naver,훼미리손칼국수보쌈,다다구구두두,16.0,2026.04.04,1번째 방문,영수증,1년만에 다시 먹었는데 여전히 맛있었지만 직원분 때문에 기분 좀 많이 상했어요. 들어올 때 부터 인상쓰고 주문 받으시더니 음식 놓을 때도 던지듯이 툭툭 쾅쾅 .. 추가주문 하려고 불렀을 때 눈도 분명 마주쳤는데 그냥 쌩 지나가시고 .. 바쁜 매장이란 건 알지만 차라리 기다려달라 한마디라도 해주셨으면 이렇게까지 기분은 안나빴을 거 같은데 .. 좀 그렇네요. 특히 홀에 머리 묶으신 분 인상만 쓰고 빤히 쳐다보시면 어떻게 추가주문 할까요 ? 불렀는데 대답 없으셔서 못들으셨나하는 마음에 다시 불렀다고 기분 나쁜티 내시던데 바쁜 거 파악 못하고 주문하려한 저희가 잘못한 걸까요 ? 간만에 밥먹으러 왔다가 기분 나쁜 경험해서 댓글 남깁니다.,355,False,,,,1년만에 다시 먹었는데 여전히 맛있었지만 직원분 때문에 기분 좀 많이 상했어요. 들어올 때 부터 인상쓰고 주문 받으시더니 음식 놓을 때도 던지듯이 툭툭 쾅쾅 .. 추가주문 하려고 불렀을 때 눈도 분명 마주쳤는데 그냥 쌩 지나가시고 .. 바쁜 매장이란 건 알지만 차라리 기다려달라 한마디라도 해주셨으면 이렇게까지 기분은 안나빴을 거 같은데 .. 좀 그렇네요. 특히 홀에 머리 묶으신 분 인상만 쓰고 빤히 쳐다보시면 어떻게 추가주문 할까요 ? 불렀는데 대답 없으셔서 못들으셨나하는 마음에 다시 불렀다고 기분 나쁜티 내시던데 바쁜 거 파악 못하고 주문하려한 저희가 잘못한 걸까요 ? 간만에 밥먹으러 왔다가 기분 나쁜 경험해서 댓글 남깁니다.,1년만에 다시 먹었는데 여전히 맛있었지만 직원분 때문에 기분 좀 많이 상했어요 들어올 때 부터 인상쓰고 주문 받으시더니 음식 놓을 때도 던지듯이 툭툭 쾅쾅 추가주문 하려고 불렀을 때 눈도 분명 마주쳤는데 그냥 쌩 지나가시고 바쁜 매장이란 건 알지만 차라리 기다려달라 한마디라도 해주셨으면 이렇게까지 기분은 안나빴을 거 같은데 좀 그렇네요 특히 홀에 머리 묶으신 분 인상만 쓰고 빤히 쳐다보시면 어떻게 추가주문 할까요 QUESTION 불렀는데 대답 없으셔서 못들으셨나하는 마음에 다시 불렀다고 기분 나쁜티 내시던데 바쁜 거 파악 못하고 주문하려한 저희가 잘못한 걸까요 QUESTION 간만에 밥먹으러 왔다가 기분 나쁜 경험해서 댓글 남깁니다,0,0,0,0,0,1,1,355,"맛, 맛있, 음식, 간, 면, 밥"
kakao,할머니의레시피,yoe,1.0,2025-03-23,,,나이가 좀 들어 보이는 직원인지 점장인지 알 수 없는 남자분이 아주 불친절함..음식도 맛이 없고 한국 음식을 잘모르는 외국인들이 와서 경험삼아 먹을 만한 식당으로 보인다 우리나라 맛을 잘아는 한국 사람들은 절대 가지 않을 식당이다,128,False,1.0,1.0,브론즈 레벨,나이가 좀 들어 보이는 직원인지 점장인지 알 수 없는 남자분이 아주 불친절함..음식도 맛이 없고 한국 음식을 잘모르는 외국인들이 와서 경험삼아 먹을 만한 식당으로 보인다 우리나라 맛을 잘아는 한국 사람들은 절대 가지 않을 식당이다,나이가 좀 들어 보이는 직원인지 점장인지 알 수 없는 남자분이 아주 불친절함 음식도 맛이 없고 한국 음식을 잘모르는 외국인들이 와서 경험삼아 먹을 만한 식당으로 보인다 우리나라 맛을 잘아는 한국 사람들은 절대 가지 않을 식당이다,0,0,0,0,0,0,0,128,"맛, 음식"
naver,쭌곱창,kds동선방송,15.0,2026.03.06,2번째 방문,영수증,여자친구랑 재방문 했는데 역시나 맛있고 다시 또 올 것 같아요 ㅎㅎ 너무 좋아해요 강추드려요~~~~,55,True,,,,여자친구랑 재방문 했는데 역시나 맛있고 다시 또 올 것 같아요 ㅎㅎ 너무 좋아해요 강추드려요~~~~,여자친구랑 재방문 했는데 역시나 맛있고 다시 또 올 것 같아요 너무 좋아해요 강추드려요 TILDE,0,0,0,0,0,0,0,55,"맛, 맛있"
kakao,태양곱창 성수,뇽뇽이,11.0,2026-01-11,,,맛도 레전드 서비스도 레전드 알바생 진짜 인성 레전드 ㅋㅋㅋㅋ 아니 걍 물어본건데 뭐 못들을거 들은것처럼 와.. 진짜 살면서 이런 쓰레기 리뷰 적는거 처음인데 그렇게 장사하지마세요 웨이팅하기 싫어서 들어왔는데 와.... 걍 말이 안나옴,131,False,1.0,4.5,브론즈 레벨,맛도 레전드 서비스도 레전드 알바생 진짜 인성 레전드 ㅋㅋㅋㅋ 아니 걍 물어본건데 뭐 못들을거 들은것처럼 와.. 진짜 살면서 이런 쓰레기 리뷰 적는거 처음인데 그렇게 장사하지마세요 웨이팅하기 싫어서 들어왔는데 와.... 걍 말이 안나옴,맛도 레전드 서비스도 레전드 알바생 진짜 인성 레전드 아니 걍 물어본건데 뭐 못들을거 들은것처럼 와 진짜 살면서 이런 쓰레기 리뷰 적는거 처음인데 그렇게 장사하지마세요 웨이팅하기 싫어서 들어왔는데 와 걍 말이 안나옴,0,0,0,0,0,0,0,131,"맛, 면, 짜"
naver,홍대 육지,모모2,18.0,2026.04.03,1번째 방문,영수증,"삼겹살, 깍두기볶음밥, 땡초막국수 시켜서 잘 먹었어요 깍두기볶음밥 2명이 먹기에는 양이 조금 많았어요 배부르게 맛있게 잘 먹었어요~:)",75,True,,,,"삼겹살, 깍두기볶음밥, 땡초막국수 시켜서 잘 먹었어요 깍두기볶음밥 2명이 먹기에는 양이 조금 많았어요 배부르게 맛있게 잘 먹었어요~:)",삼겹살 깍두기볶음밥 땡초막국수 시켜서 잘 먹었어요 깍두기볶음밥 2명이 먹기에는 양이 조금 많았어요 배부르게 맛있게 잘 먹었어요,0,0,0,0,0,0,1,75,"맛, 맛있, 양, 밥"
kakao,육지,봄,12.0,2025-07-15,,,고기에 육즙이 머물러있어서 너무 맛있었어요! 깍두기 볶음밥 존맛 🥹,37,True,5.0,2.5,실버 레벨,고기에 육즙이 머물러있어서 너무 맛있었어요! 깍두기 볶음밥 존맛 🥹,고기에 육즙이 머물러있어서 너무 맛있었어요 EXCLAM 깍두기 볶음밥 존맛,0,0,0,0,1,0,0,37,"맛, 맛있, 고기, 밥"
naver,옥동식,포즈란,87.0,2026.01.13,1번째 방문,영수증,"토렴되어 나온 밥인데도 식감이 살아있어 좋았습니다. 국물도 깔끔하고 고기 양도 푸짐해서 든든했어요 다만, 고기에서 약간의 잡내가 느껴진 점은 조금 아쉬웠지만 전체적으로 맛있게 잘 먹었습니다!",106,True,,,,"토렴되어 나온 밥인데도 식감이 살아있어 좋았습니다. 국물도 깔끔하고 고기 양도 푸짐해서 든든했어요 다만, 고기에서 약간의 잡내가 느껴진 점은 조금 아쉬웠지만 전체적으로 맛있게 잘 먹었습니다!",토렴되어 나온 밥인데도 식감이 살아있어 좋았습니다 국물도 깔끔하고 고기 양도 푸짐해서 든든했어요 다만 고기에서 약간의 잡내가 느껴진 점은 조금 아쉬웠지만 전체적으로 맛있게 잘 먹었습니다 EXCLAM,0,0,0,0,1,0,0,106,"맛, 맛있, 양, 식감, 간, 고기, 밥, 국물, 잡내"
kakao,을밀대 본점,ㅈㅎ,60.0,2025-08-12,,,진심 또 먹고 싶다.. 근데 너무 비쌈.. 그래도 너무 맛있음… ㅜ,37,True,5.0,4.3,실버 레벨,진심 또 먹고 싶다.. 근데 너무 비쌈.. 그래도 너무 맛있음… ㅜ,진심 또 먹고 싶다 근데 너무 비쌈 그래도 너무 맛있음,0,0,0,0,0,0,0,37,"맛, 맛있"
naver,쭌곱창,apd****,35.0,2026.03.03,1번째 방문,영수증,쭌곱창 이전에 1년전에도 데이트때 와서 먹었던 집인데 오랜만에 홍대 왔는데 또 생각나서 방문합니다☺️☺️ 여전히 불맛 맛있고 소스 가짓수 많고 요즘 리뷰 이벤트도 되게 후하게 있어서 좋았습니다!! 그리고 분위기도 홍대답게 힙하고 이늑하고 데이트하기에 놓습니다❤️❤️,148,True,,,,쭌곱창 이전에 1년전에도 데이트때 와서 먹었던 집인데 오랜만에 홍대 왔는데 또 생각나서 방문합니다☺️☺️ 여전히 불맛 맛있고 소스 가짓수 많고 요즘 리뷰 이벤트도 되게 후하게 있어서 좋았습니다!! 그리고 분위기도 홍대답게 힙하고 이늑하고 데이트하기에 놓습니다❤️❤️,쭌곱창 이전에 1년전에도 데이트때 와서 먹었던 집인데 오랜만에 홍대 왔는데 또 생각나서 방문합니다 여전히 불맛 맛있고 소스 가짓수 많고 요즘 리뷰 이벤트도 되게 후하게 있어서 좋았습니다 EXCLAM 그리고 분위기도 홍대답게 힙하고 이늑하고 데이트하기에 놓습니다 EMO_POS EMO_POS,1,0,0,0,1,0,1,148,"맛, 맛있, 소스"
naver,황금콩밭,Love Eat Play,1219.0,2025.07.31,9번째 방문,영수증,"예쁜 ㅁㅈ , 귀여운ㅎㄹ하고 점심밥. 한우뚝배기불고기,두부짜글이 먹었습니다. ㅎㄹ은 불고기 한번 , 두부 짜글이 한번 두부짜글이 먹을 때 마다 , 살짝 새콤한 맛은 뭔지 궁금합니다. 두부에서 새콤 ?",111,True,,,,"예쁜 ㅁㅈ , 귀여운ㅎㄹ하고 점심밥. 한우뚝배기불고기,두부짜글이 먹었습니다. ㅎㄹ은 불고기 한번 , 두부 짜글이 한번 두부짜글이 먹을 때 마다 , 살짝 새콤한 맛은 뭔지 궁금합니다. 두부에서 새콤 ?",예쁜 귀여운 하고 점심밥 한우뚝배기불고기 두부짜글이 먹었습니다 은 불고기 한번 두부 짜글이 한번 두부짜글이 먹을 때 마다 살짝 새콤한 맛은 뭔지 궁금합니다 두부에서 새콤 QUESTION,0,0,0,0,0,1,0,111,"맛, 고기, 밥, 짜"
naver,성수족발,elfmom0,75.0,2025.08.06,1번째 방문,영수증,정말 오랫만에 가서 포장해왔어요 요즘 족발 새로 생기는곳 많잖아요 족발을 어디서 먹어도 이맛이 아니다 이맛이 아니다 해서 결국 비도오는데 가서 포장해왔어요 역시 껍질이 쫄깃쫄깃 양념도 너무 맛있었어요 근데 살코기가 너무 퍽퍽해서 어쩌나 고민할정도 였고 결국 쌈싸먹든 해야겠다하고 미뤄뒀어요 여긴 부추무침이 너무 맛있어서 다른데서 사먹더라도 꼭 이런 스타일로 집에서 부추 무침을 따로 해먹을 정도로 맛있어요 상추랑 야채가 미리 포장되어 있어서 상추는 다 짓눌려 상해있고 고추도 색이 다 변해있어서 잘라내고 먹었네요 여름이여서 위생이 더 중요한거 같아요 아무래도 오래된집이여서 요즘 새로 생신곳보다는 그런면이 좀 아쉬워요 성수족발만의 먹어봐야 아는맛은 모두 꼭 경험해보길 강추합니다 담엔 가서 더 맛있게 먹을래요,396,True,,,,정말 오랫만에 가서 포장해왔어요 요즘 족발 새로 생기는곳 많잖아요 족발을 어디서 먹어도 이맛이 아니다 이맛이 아니다 해서 결국 비도오는데 가서 포장해왔어요 역시 껍질이 쫄깃쫄깃 양념도 너무 맛있었어요 근데 살코기가 너무 퍽퍽해서 어쩌나 고민할정도 였고 결국 쌈싸먹든 해야겠다하고 미뤄뒀어요 여긴 부추무침이 너무 맛있어서 다른데서 사먹더라도 꼭 이런 스타일로 집에서 부추 무침을 따로 해먹을 정도로 맛있어요 상추랑 야채가 미리 포장되어 있어서 상추는 다 짓눌려 상해있고 고추도 색이 다 변해있어서 잘라내고 먹었네요 여름이여서 위생이 더 중요한거 같아요 아무래도 오래된집이여서 요즘 새로 생신곳보다는 그런면이 좀 아쉬워요 성수족발만의 먹어봐야 아는맛은 모두 꼭 경험해보길 강추합니다 담엔 가서 더 맛있게 먹을래요,정말 오랫만에 가서 포장해왔어요 요즘 족발 새로 생기는곳 많잖아요 족발을 어디서 먹어도 이맛이 아니다 이맛이 아니다 해서 결국 비도오는데 가서 포장해왔어요 역시 껍질이 쫄깃쫄깃 양념도 너무 맛있었어요 근데 살코기가 너무 퍽퍽해서 어쩌나 고민할정도 였고 결국 쌈싸먹든 해야겠다하고 미뤄뒀어요 여긴 부추무침이 너무 맛있어서 다른데서 사먹더라도 꼭 이런 스타일로 집에서 부추 무침을 따로 해먹을 정도로 맛있어요 상추랑 야채가 미리 포장되어 있어서 상추는 다 짓눌려 상해있고 고추도 색이 다 변해있어서 잘라내고 먹었네요 여름이여서 위생이 더 중요한거 같아요 아무래도 오래된집이여서 요즘 새로 생신곳보다는 그런면이 좀 아쉬워요 성수족발만의 먹어봐야 아는맛은 모두 꼭 경험해보길 강추합니다 담엔 가서 더 맛있게 먹을래요,0,0,0,0,0,0,0,396,"맛, 맛있, 양, 면"
kakao,육지,권태은,1.0,2025-08-27,,,넘 맛있습니다 최고촤고! 계란찜도 존맛탱,22,True,5.0,5.0,브론즈 레벨,넘 맛있습니다 최고촤고! 계란찜도 존맛탱,넘 맛있습니다 최고촤고 EXCLAM 계란찜도 존맛탱,0,0,0,0,1,0,0,22,"맛, 맛있"
kakao,뼈탄집 성수역점,이뇽,2.0,2026-02-09,,,친절하고 고기 다 구워주셔서 너무 좋아요~~!! 맛있어요!,32,True,5.0,5.0,브론즈 레벨,친절하고 고기 다 구워주셔서 너무 좋아요~~!! 맛있어요!,친절하고 고기 다 구워주셔서 너무 좋아요 TILDE EXCLAM 맛있어요 EXCLAM,0,0,0,0,1,0,0,32,"맛, 맛있, 고기"
naver,금금 성수점,hana1717,39.0,2026.04.10,1번째 방문,영수증,지인 추천으로 왔는데 메뉴가 너무 다 맛있어보여서 고르기 힘들었는데요..ㅎㅎ.. 정말 다 맛있습니다!ㅜㅜ 특히 문어 간장 비빔밥 킥이에요 꼭 드셔보세요ㅠㅠ 사장님도 너무 친절하시고 다른 메뉴들도 맛보러 다시 와보고 싶어요&gt;&lt;,131,True,,,,지인 추천으로 왔는데 메뉴가 너무 다 맛있어보여서 고르기 힘들었는데요..ㅎㅎ.. 정말 다 맛있습니다!ㅜㅜ 특히 문어 간장 비빔밥 킥이에요 꼭 드셔보세요ㅠㅠ 사장님도 너무 친절하시고 다른 메뉴들도 맛보러 다시 와보고 싶어요&gt;&lt;,지인 추천으로 왔는데 메뉴가 너무 다 맛있어보여서 고르기 힘들었는데요 정말 다 맛있습니다 EXCLAM 특히 문어 간장 비빔밥 킥이에요 꼭 드셔보세요 사장님도 너무 친절하시고 다른 메뉴들도 맛보러 다시 와보고 싶어요 gt lt,0,0,0,1,1,0,0,131,"맛, 맛있, 메뉴, 간, 밥"
naver,금금 성수점,푱푱303,15.0,2026.02.08,1번째 방문,영수증,"곤드레양배추쌈밥, 보리된장국수, 소갈비덮밥, 명란새우감자전, 묵은지 참치말이 시켰어요! 음식이 모두 너무 맛있어요😋 매장이 깔끔하고 친절하셔서 잘 먹고가요~",87,True,,,,"곤드레양배추쌈밥, 보리된장국수, 소갈비덮밥, 명란새우감자전, 묵은지 참치말이 시켰어요! 음식이 모두 너무 맛있어요😋 매장이 깔끔하고 친절하셔서 잘 먹고가요~",곤드레양배추쌈밥 보리된장국수 소갈비덮밥 명란새우감자전 묵은지 참치말이 시켰어요 EXCLAM 음식이 모두 너무 맛있어요 EMO_POS 매장이 깔끔하고 친절하셔서 잘 먹고가요,1,0,0,0,1,0,0,87,"맛, 맛있, 음식, 양, 밥"
kakao,육지,루루,2.0,2025-07-06,,,맛있어요!!! 직원분도 친철하시고 고기도 구워줘요!! 추천합니다!!,37,False,5.0,5.0,브론즈 레벨,맛있어요!!! 직원분도 친철하시고 고기도 구워줘요!! 추천합니다!!,맛있어요 EXCLAM 직원분도 친철하시고 고기도 구워줘요 EXCLAM 추천합니다 EXCLAM,0,0,0,0,1,0,0,37,"맛, 맛있, 고기"
naver,성수족발,효니비니마미,81.0,2025.08.16,1번째 방문,영수증,족발 쫄깃 부드럽고 진짜 맛있었어요,19,True,,,,족발 쫄깃 부드럽고 진짜 맛있었어요,족발 쫄깃 부드럽고 진짜 맛있었어요,0,0,0,0,0,0,0,19,"맛, 맛있, 짜"
kakao,뼈탄집 성수역점,용쨩,1.0,2026-04-30,,,졸라맛잇다!!!!!😎👍👍👍,14,True,5.0,5.0,브론즈 레벨,졸라맛잇다!!!!!😎👍👍👍,졸라맛잇다 EXCLAM EMO_POS EMO_POS EMO_POS EMO_POS,1,0,0,0,1,0,0,14,맛
naver,성수족발,굿데이9757,2.0,2026.03.05,1번째 방문,예약,"좀ㆍ달고 짜고 그래요..밥하고 먹어야 간이 맞느듯 같이 나오는 밑반찬에 머리카락이 똭..ㅎ 참고 먹음.. 청결한 느낌은 아니고요, 재사용 패트병에 물 주는거 이것도 좀.. 전체적으로 정신없고, 철푸덕 좁은 자리도 좀 불편.. 양에 비해가격도 좀 쎄고, 동네에 사람도 많은데다가 장소가 좁으니 웨이팅 좀만해도 대박집 같다는 느낌을 받을수 있겠다는 전술적 느낌, 조금만 외곽에 빠져있다면 줄까지서서 먹는다? 글쎄....",232,True,,,,"좀ㆍ달고 짜고 그래요..밥하고 먹어야 간이 맞느듯 같이 나오는 밑반찬에 머리카락이 똭..ㅎ 참고 먹음.. 청결한 느낌은 아니고요, 재사용 패트병에 물 주는거 이것도 좀.. 전체적으로 정신없고, 철푸덕 좁은 자리도 좀 불편.. 양에 비해가격도 좀 쎄고, 동네에 사람도 많은데다가 장소가 좁으니 웨이팅 좀만해도 대박집 같다는 느낌을 받을수 있겠다는 전술적 느낌, 조금만 외곽에 빠져있다면 줄까지서서 먹는다? 글쎄....",좀 달고 짜고 그래요 밥하고 먹어야 간이 맞느듯 같이 나오는 밑반찬에 머리카락이 똭 참고 먹음 청결한 느낌은 아니고요 재사용 패트병에 물 주는거 이것도 좀 전체적으로 정신없고 철푸덕 좁은 자리도 좀 불편 양에 비해가격도 좀 쎄고 동네에 사람도 많은데다가 장소가 좁으니 웨이팅 좀만해도 대박집 같다는 느낌을 받을수 있겠다는 전술적 느낌 조금만 외곽에 빠져있다면 줄까지서서 먹는다 QUESTION 글쎄,0,0,0,0,0,1,0,232,"양, 간, 면, 밥, 반찬, 짜"
naver,쭌곱창,doolyse,20.0,2026.03.21,1번째 방문,예약,아늑한 공간에서 아주 잘먹구 가요!! 곱창이 살짝 매콤한데 너무 맛있오요!!! 메뉴 구성도 알차고 사장님이 친절하게 먹는방법까지 설명해주셔서 아주 맛있게 먹었습니다 💕,93,True,,,,아늑한 공간에서 아주 잘먹구 가요!! 곱창이 살짝 매콤한데 너무 맛있오요!!! 메뉴 구성도 알차고 사장님이 친절하게 먹는방법까지 설명해주셔서 아주 맛있게 먹었습니다 💕,아늑한 공간에서 아주 잘먹구 가요 EXCLAM 곱창이 살짝 매콤한데 너무 맛있오요 EXCLAM 메뉴 구성도 알차고 사장님이 친절하게 먹는방법까지 설명해주셔서 아주 맛있게 먹었습니다 EMO_POS,1,0,0,0,1,0,0,93,"맛, 맛있, 메뉴, 간, 구성"
naver,쭌곱창,메이져31,23.0,2026.02.18,1번째 방문,영수증,와이프가 곱창을 좋아하는데 새로운 곱창이여서 신기해서 왔는데 너무 맛있네요❤️😄,44,True,,,,와이프가 곱창을 좋아하는데 새로운 곱창이여서 신기해서 왔는데 너무 맛있네요❤️😄,와이프가 곱창을 좋아하는데 새로운 곱창이여서 신기해서 왔는데 너무 맛있네요 EMO_POS EMO_POS,1,0,0,0,0,0,0,44,"맛, 맛있"
kakao,소문난성수감자탕,김월트,3.0,2025-05-02,,,복잡고 맛 없습니다.,11,False,1.0,3.7,브론즈 레벨,복잡고 맛 없습니다.,복잡고 맛 없습니다,0,0,0,0,0,0,0,11,맛
naver,훼미리손칼국수보쌈,망그러진롱자,448.0,2025.05.23,1번째 방문,영수증,"금요일 평일기준 11:05분쯤 도착하여 11:20쯤 들어갔습니다. 줄이 이미 좀 있었고, 오픈전까지 저희 뒤로 줄을 엄청 섰어요. 회사 점심시간이라 여럿이 오신 분들도 많았구요. 다행히 오픈시간 조금 전부터 들어가게 해주시더라구요. 밑반찬이 나온 후, 보쌈 먼저 나왔고 보쌈무김치가 아주 맛있었어요. 고기도 야들하고 질기지 않았구요. 칼국수는 국물이 사골처럼 부드러우면서도 시원했어요. 제공해주신 밥 양이 조금 적나? 싶었는데 먹다보면 배불러요 ㅋㅋ 밑반찬이나 배추는 리필 가능했구요. 10명 이상은 예약하면 대기 안하고 입장 가능해보였어요. 그리고 입장인원이 다 시간맞춰 안오면 대기해야합니다. 꼭 시간맞추세요^^ 아무래도 대기가 많다보니 그렇게 하시는듯해요.",370,True,,,,"금요일 평일기준 11:05분쯤 도착하여 11:20쯤 들어갔습니다. 줄이 이미 좀 있었고, 오픈전까지 저희 뒤로 줄을 엄청 섰어요. 회사 점심시간이라 여럿이 오신 분들도 많았구요. 다행히 오픈시간 조금 전부터 들어가게 해주시더라구요. 밑반찬이 나온 후, 보쌈 먼저 나왔고 보쌈무김치가 아주 맛있었어요. 고기도 야들하고 질기지 않았구요. 칼국수는 국물이 사골처럼 부드러우면서도 시원했어요. 제공해주신 밥 양이 조금 적나? 싶었는데 먹다보면 배불러요 ㅋㅋ 밑반찬이나 배추는 리필 가능했구요. 10명 이상은 예약하면 대기 안하고 입장 가능해보였어요. 그리고 입장인원이 다 시간맞춰 안오면 대기해야합니다. 꼭 시간맞추세요^^ 아무래도 대기가 많다보니 그렇게 하시는듯해요.",금요일 평일기준 11 05분쯤 도착하여 11 20쯤 들어갔습니다 줄이 이미 좀 있었고 오픈전까지 저희 뒤로 줄을 엄청 섰어요 회사 점심시간이라 여럿이 오신 분들도 많았구요 다행히 오픈시간 조금 전부터 들어가게 해주시더라구요 밑반찬이 나온 후 보쌈 먼저 나왔고 보쌈무김치가 아주 맛있었어요 고기도 야들하고 질기지 않았구요 칼국수는 국물이 사골처럼 부드러우면서도 시원했어요 제공해주신 밥 양이 조금 적나 QUESTION 싶었는데 먹다보면 배불러요 밑반찬이나 배추는 리필 가능했구요 10명 이상은 예약하면 대기 안하고 입장 가능해보였어요 그리고 입장인원이 다 시간맞춰 안오면 대기해야합니다 꼭 시간맞추세요 아무래도 대기가 많다보니 그렇게 하시는듯해요,0,0,0,0,0,1,1,370,"맛, 맛있, 양, 간, 고기, 면, 밥, 국물, 반찬, 김치, 보쌈, 질기"
naver,조선시대,JW40,24.0,2026.02.27,1번째 방문,영수증,"남자친구랑 같이왔어요! 인테리어가 한국적이어서 맘에 들었도 안주도 넘넘 맛있었어요 두부김치 강추입니다👍👍 알코올 종류가 다양해서 맘에 들었어요! 담에도 또오고 싶어요 외국인분들도 간혹 보이시는데, 한국음식과 술 체험하려면 딱 좋은거같아요!",133,True,,,,"남자친구랑 같이왔어요! 인테리어가 한국적이어서 맘에 들었도 안주도 넘넘 맛있었어요 두부김치 강추입니다👍👍 알코올 종류가 다양해서 맘에 들었어요! 담에도 또오고 싶어요 외국인분들도 간혹 보이시는데, 한국음식과 술 체험하려면 딱 좋은거같아요!",남자친구랑 같이왔어요 EXCLAM 인테리어가 한국적이어서 맘에 들었도 안주도 넘넘 맛있었어요 두부김치 강추입니다 EMO_POS EMO_POS 알코올 종류가 다양해서 맘에 들었어요 EXCLAM 담에도 또오고 싶어요 외국인분들도 간혹 보이시는데 한국음식과 술 체험하려면 딱 좋은거같아요 EXCLAM,1,0,0,0,1,0,0,133,"맛, 맛있, 음식, 양, 간, 면, 김치"
naver,장인닭갈비 홍대점,emp****,14.0,2026.01.02,1번째 방문,영수증,20분 웨이팅이 아깝지않은 맛입니다 정말정말 맛있어요 홍대가면 꼭 방문해보세요,43,True,,,,20분 웨이팅이 아깝지않은 맛입니다 정말정말 맛있어요 홍대가면 꼭 방문해보세요,20분 웨이팅이 아깝지않은 맛입니다 정말정말 맛있어요 홍대가면 꼭 방문해보세요,0,0,0,0,0,0,1,43,"맛, 맛있, 면"
naver,뼈탄집 성수역점,adl****,5.0,2026.04.02,1번째 방문,영수증,일단 주차가 돼서 너무 좋았구 고기질이 너무 좋고 맛있습니다.!,35,True,,,,일단 주차가 돼서 너무 좋았구 고기질이 너무 좋고 맛있습니다.!,일단 주차가 돼서 너무 좋았구 고기질이 너무 좋고 맛있습니다 EXCLAM,0,0,0,0,1,0,0,35,"맛, 맛있, 고기"
kakao,뼈탄집 성수역점,조은솔,1.0,2026-04-11,,,고기가 진짜 맛있어요~ 같이 먹는 소스들도 맛있어요! 무한대로 들어가는맛 ㅋㅋ,43,True,5.0,5.0,브론즈 레벨,고기가 진짜 맛있어요~ 같이 먹는 소스들도 맛있어요! 무한대로 들어가는맛 ㅋㅋ,고기가 진짜 맛있어요 같이 먹는 소스들도 맛있어요 EXCLAM 무한대로 들어가는맛,0,0,0,0,1,0,0,43,"맛, 맛있, 고기, 소스, 짜"
naver,이태리국시 성수,yew****,27.0,2026.05.01,1번째 방문,영수증,데이트하기 너무 좋을 거 같고 음식들도 다 맛있었어요!! 미리 예약하고 오시는 걸 추천드립니다! 해지고 오면 더 좋을 거 같아요ㅎㅎ,73,True,,,,데이트하기 너무 좋을 거 같고 음식들도 다 맛있었어요!! 미리 예약하고 오시는 걸 추천드립니다! 해지고 오면 더 좋을 거 같아요ㅎㅎ,데이트하기 너무 좋을 거 같고 음식들도 다 맛있었어요 EXCLAM 미리 예약하고 오시는 걸 추천드립니다 EXCLAM 해지고 오면 더 좋을 거 같아요,0,0,0,0,1,0,0,73,"맛, 맛있, 음식, 면"
kakao,락희옥 마포본점,김태린,1.0,2025-06-16,,,회사 앞에 이런 맛집이 있다니 넘 좋네유,22,True,5.0,5.0,브론즈 레벨,회사 앞에 이런 맛집이 있다니 넘 좋네유,회사 앞에 이런 맛집이 있다니 넘 좋네유,0,0,0,0,0,0,0,22,맛
naver,훼미리손칼국수보쌈,폴맘96,1173.0,2025.12.29,3번째 방문,예약,보쌈이랑 칼국수 같이 먹을 수 있어 좋아요. 고기 별로 좋아하지 않지만 잡내가 없을 뿐만 아니라 보들하니 맛나요! 보쌈 김치도 보쌈무우채도 다 맛있어요.,85,True,,,,보쌈이랑 칼국수 같이 먹을 수 있어 좋아요. 고기 별로 좋아하지 않지만 잡내가 없을 뿐만 아니라 보들하니 맛나요! 보쌈 김치도 보쌈무우채도 다 맛있어요.,보쌈이랑 칼국수 같이 먹을 수 있어 좋아요 고기 별로 좋아하지 않지만 잡내가 없을 뿐만 아니라 보들하니 맛나요 EXCLAM 보쌈 김치도 보쌈무우채도 다 맛있어요,0,0,0,0,1,0,0,85,"맛, 맛있, 고기, 김치, 보쌈, 잡내"
naver,원조 조박집 본관,0702313,80.0,2025.11.01,1번째 방문,영수증,토요일 12:30 걱정했는데 다행히 웨이팅없이 바로 들어갔어요 직원분들 너무너무친절하시구 좋았습니다 !! 불판도 제때 갈아주시고 수시로 체크하시면서 빈 반찬을 채워주시는것 같아요 ! 다만 음식은 너무 기대를 하고간 탓인지..... 저와 엄마기준에는 양념갈비 고기 간이 쎄서 짜다고 느껴졌고 ㅠㅠ 갈비살은 두껍고 뼈가 전부 크게 붙어있어서 불편했어요 .... 굽기도 어렵고.... 막 크게 특색이 있거나 진짜 기억에 남을 양념갈비 맛집? 인지 잘모르겠어요....ㅜㅜ 재방문 의사는 없습니다 ..!,276,True,,,,토요일 12:30 걱정했는데 다행히 웨이팅없이 바로 들어갔어요 직원분들 너무너무친절하시구 좋았습니다 !! 불판도 제때 갈아주시고 수시로 체크하시면서 빈 반찬을 채워주시는것 같아요 ! 다만 음식은 너무 기대를 하고간 탓인지..... 저와 엄마기준에는 양념갈비 고기 간이 쎄서 짜다고 느껴졌고 ㅠㅠ 갈비살은 두껍고 뼈가 전부 크게 붙어있어서 불편했어요 .... 굽기도 어렵고.... 막 크게 특색이 있거나 진짜 기억에 남을 양념갈비 맛집? 인지 잘모르겠어요....ㅜㅜ 재방문 의사는 없습니다 ..!,토요일 12 30 걱정했는데 다행히 웨이팅없이 바로 들어갔어요 직원분들 너무너무친절하시구 좋았습니다 EXCLAM 불판도 제때 갈아주시고 수시로 체크하시면서 빈 반찬을 채워주시는것 같아요 EXCLAM 다만 음식은 너무 기대를 하고간 탓인지 저와 엄마기준에는 양념갈비 고기 간이 쎄서 짜다고 느껴졌고 갈비살은 두껍고 뼈가 전부 크게 붙어있어서 불편했어요 굽기도 어렵고 막 크게 특색이 있거나 진짜 기억에 남을 양념갈비 맛집 QUESTION 인지 잘모르겠어요 재방문 의사는 없습니다 EXCLAM,0,0,0,1,1,1,1,276,"맛, 음식, 양, 간, 고기, 면, 반찬, 짜"
naver,락희옥 마포본점,희동구56,48.0,2025.11.17,1번째 방문,영수증,아이 병원 오는 길에 점심시간이라 들렸어요 평일 점심에 들렸는데 사람 너무 많지 않고 좋았어요 매장 분위기도 좋고 메뉴도 다양해요 건강한 메뉴들이 다양해서 좋았어요 음식 맛도 좋아요,101,True,,,,아이 병원 오는 길에 점심시간이라 들렸어요 평일 점심에 들렸는데 사람 너무 많지 않고 좋았어요 매장 분위기도 좋고 메뉴도 다양해요 건강한 메뉴들이 다양해서 좋았어요 음식 맛도 좋아요,아이 병원 오는 길에 점심시간이라 들렸어요 평일 점심에 들렸는데 사람 너무 많지 않고 좋았어요 매장 분위기도 좋고 메뉴도 다양해요 건강한 메뉴들이 다양해서 좋았어요 음식 맛도 좋아요,0,0,0,0,0,0,0,101,"맛, 메뉴, 음식, 양, 간"
kakao,소문난성수감자탕,후기안씀,60.0,2025-03-22,,,"이걸 왜먹는거임….? 가격에 비해 양도 없고 맛도없고 고기도 질기고; 돼지냄새 심하고 고기는 퍽퍽하고 뼈에서 잘 떨어지지도 않고 직원들은 분주하고 불친절하고 바빠도 친절한 곳은 친절해요. 음식 사먹으면서 굳이 겪지 않아야 하는 기싸움 비스무리한결 겪어서 황당함 위생도 최악이고, 테이블 찌꺼기 다 붙어있고 의자에 이것저것 다 튀어있고 다른 테이블 먹은 뼈집은 손으로 시레기 넣어주는거 처음봄 ….^^ 외국인들이 이걸 한국 감자탕맛으로 알고가는게 분통하다…. 5분도 줄 안서고 들어갔는데 레전드 다 먹지도 않았는데 사람들 기다린다고 다 먹었으면 나가라함 최악 … 왜가요??? 가지마세요…. 그냥 동네 감자탕집이 훨씬 맛있음 ㅋㅋㅋㅋ ㅜ 맛도 없는데 불친절하고 더러움 이런식으로 장사하지마세요",385,True,1.0,2.7,실버 레벨,"이걸 왜먹는거임….? 가격에 비해 양도 없고 맛도없고 고기도 질기고; 돼지냄새 심하고 고기는 퍽퍽하고 뼈에서 잘 떨어지지도 않고 직원들은 분주하고 불친절하고 바빠도 친절한 곳은 친절해요. 음식 사먹으면서 굳이 겪지 않아야 하는 기싸움 비스무리한결 겪어서 황당함 위생도 최악이고, 테이블 찌꺼기 다 붙어있고 의자에 이것저것 다 튀어있고 다른 테이블 먹은 뼈집은 손으로 시레기 넣어주는거 처음봄 ….^^ 외국인들이 이걸 한국 감자탕맛으로 알고가는게 분통하다…. 5분도 줄 안서고 들어갔는데 레전드 다 먹지도 않았는데 사람들 기다린다고 다 먹었으면 나가라함 최악 … 왜가요??? 가지마세요…. 그냥 동네 감자탕집이 훨씬 맛있음 ㅋㅋㅋㅋ ㅜ 맛도 없는데 불친절하고 더러움 이런식으로 장사하지마세요",이걸 왜먹는거임 QUESTION 가격에 비해 양도 없고 맛도없고 고기도 질기고 돼지냄새 심하고 고기는 퍽퍽하고 뼈에서 잘 떨어지지도 않고 직원들은 분주하고 불친절하고 바빠도 친절한 곳은 친절해요 음식 사먹으면서 굳이 겪지 않아야 하는 기싸움 비스무리한결 겪어서 황당함 위생도 최악이고 테이블 찌꺼기 다 붙어있고 의자에 이것저것 다 튀어있고 다른 테이블 먹은 뼈집은 손으로 시레기 넣어주는거 처음봄 외국인들이 이걸 한국 감자탕맛으로 알고가는게 분통하다 5분도 줄 안서고 들어갔는데 레전드 다 먹지도 않았는데 사람들 기다린다고 다 먹었으면 나가라함 최악 왜가요 QUESTION 가지마세요 그냥 동네 감자탕집이 훨씬 맛있음 맛도 없는데 불친절하고 더러움 이런식으로 장사하지마세요,0,0,0,0,0,1,1,385,"맛, 맛있, 음식, 양, 고기, 면, 감자탕, 질기"
kakao,을밀대 본점,니니,5.0,2025-07-31,,,깔끔하니 찐평냉이 먹고 싶으면 추천👍🏻,21,False,5.0,3.4,브론즈 레벨,깔끔하니 찐평냉이 먹고 싶으면 추천👍🏻,깔끔하니 찐평냉이 먹고 싶으면 추천 EMO_POS,1,0,0,0,0,0,0,21,"면, 평냉"
naver,각시보쌈,예약할배,76.0,2026.01.03,1번째 방문,예약,엄마 나 각시 보쌈 먹고 왔어.....🤤 . 별이 다섯개 오성급 보쌈집!!! 아직도 각시 보쌈 안 드시분 계십니까....!? 요즘 물가에 싱싱한 야채 들이 넘쳐 납니다.. 건강해지는 늬낌~!! 꼭 와서 드시길 바랍니다!! 피크 시간대에는 웨이팅 걸릴수도 있어요!! 그리고 직원분들께 늘 감사드립니다 ♡,168,True,,,,엄마 나 각시 보쌈 먹고 왔어.....🤤 . 별이 다섯개 오성급 보쌈집!!! 아직도 각시 보쌈 안 드시분 계십니까....!? 요즘 물가에 싱싱한 야채 들이 넘쳐 납니다.. 건강해지는 늬낌~!! 꼭 와서 드시길 바랍니다!! 피크 시간대에는 웨이팅 걸릴수도 있어요!! 그리고 직원분들께 늘 감사드립니다 ♡,엄마 나 각시 보쌈 먹고 왔어 별이 다섯개 오성급 보쌈집 EXCLAM 아직도 각시 보쌈 안 드시분 계십니까 EXCLAM QUESTION 요즘 물가에 싱싱한 야채 들이 넘쳐 납니다 건강해지는 늬낌 EXCLAM 꼭 와서 드시길 바랍니다 EXCLAM 피크 시간대에는 웨이팅 걸릴수도 있어요 EXCLAM 그리고 직원분들께 늘 감사드립니다 EMO_POS,1,0,0,0,1,1,0,168,"간, 보쌈"
naver,훼미리손칼국수보쌈,unseo00,9.0,2025.07.01,1번째 방문,영수증,가성비 있는 맛집 맞지만 사장님인지 직원분인지 모르겠지만 서빙하시는 분이 맛을 다 지워버리네요 고기접시를 퉁명스럽게 거의 내팽기듯이 내려놓고 가시더군요 음식은 재료의 맛과 서비스로 결정지어지는 세상인데 서비스를 바라는 식당은 아니더군요,131,False,,,,가성비 있는 맛집 맞지만 사장님인지 직원분인지 모르겠지만 서빙하시는 분이 맛을 다 지워버리네요 고기접시를 퉁명스럽게 거의 내팽기듯이 내려놓고 가시더군요 음식은 재료의 맛과 서비스로 결정지어지는 세상인데 서비스를 바라는 식당은 아니더군요,가성비 있는 맛집 맞지만 사장님인지 직원분인지 모르겠지만 서빙하시는 분이 맛을 다 지워버리네요 고기접시를 퉁명스럽게 거의 내팽기듯이 내려놓고 가시더군요 음식은 재료의 맛과 서비스로 결정지어지는 세상인데 서비스를 바라는 식당은 아니더군요,0,0,0,0,0,0,0,131,"맛, 음식, 재료, 고기"
kakao,육지,최희진,1.0,2025-07-18,,,친절하시고 고기도 맛있고 사이드도 너무 맛있어요 합정 오면 항상 가는 맛집!! 오늘도 맛있게 잘 먹었습니다:),61,True,5.0,5.0,브론즈 레벨,친절하시고 고기도 맛있고 사이드도 너무 맛있어요 합정 오면 항상 가는 맛집!! 오늘도 맛있게 잘 먹었습니다:),친절하시고 고기도 맛있고 사이드도 너무 맛있어요 합정 오면 항상 가는 맛집 EXCLAM 오늘도 맛있게 잘 먹었습니다,0,0,0,0,1,0,0,61,"맛, 맛있, 고기, 면"
naver,보끔당 성수점,sndodk,32.0,2025.11.15,1번째 방문,영수증,여자친구랑 주말에 데이트 하려고 성수동에 나왔다가 들렸습니다☺️ 엽떡에서 만든 브랜드라고 해서 왔는데 닭볶음탕 소스도 엄청 맛있고 재료들이 신선해서 맛있게 먹었습니다. 저희는 맵기 2단계로 했는데 너무 맵지는 않아서 추천드려요. 그리고 계란찜 시켰는데 양이 엄청 많아서 배부르게 먹었습니다. 성수 데이트 나오실 때 추천드려요~,182,True,,,,여자친구랑 주말에 데이트 하려고 성수동에 나왔다가 들렸습니다☺️ 엽떡에서 만든 브랜드라고 해서 왔는데 닭볶음탕 소스도 엄청 맛있고 재료들이 신선해서 맛있게 먹었습니다. 저희는 맵기 2단계로 했는데 너무 맵지는 않아서 추천드려요. 그리고 계란찜 시켰는데 양이 엄청 많아서 배부르게 먹었습니다. 성수 데이트 나오실 때 추천드려요~,여자친구랑 주말에 데이트 하려고 성수동에 나왔다가 들렸습니다 엽떡에서 만든 브랜드라고 해서 왔는데 닭볶음탕 소스도 엄청 맛있고 재료들이 신선해서 맛있게 먹었습니다 저희는 맵기 2단계로 했는데 너무 맵지는 않아서 추천드려요 그리고 계란찜 시켰는데 양이 엄청 많아서 배부르게 먹었습니다 성수 데이트 나오실 때 추천드려요,0,0,0,0,0,0,1,182,"맛, 맛있, 양, 재료, 소스, 맵"
naver,뼈탄집 성수역점,잔차등교,10.0,2025.12.25,1번째 방문,영수증,동네에서 지나다니기만 하다가 처음으로 뼈탄집에 와봤는데 고기가 맛있습니다 가격대비 양은 조금 적지만 시그니처 뼈탄삼겹살을 먹었는데 구워주시는 정도와 고기 퀄리티가 앚 좋았습니다 다음에 또 와서 다른 메뉴도 먹어보고 싶습니다,124,True,,,,동네에서 지나다니기만 하다가 처음으로 뼈탄집에 와봤는데 고기가 맛있습니다 가격대비 양은 조금 적지만 시그니처 뼈탄삼겹살을 먹었는데 구워주시는 정도와 고기 퀄리티가 앚 좋았습니다 다음에 또 와서 다른 메뉴도 먹어보고 싶습니다,동네에서 지나다니기만 하다가 처음으로 뼈탄집에 와봤는데 고기가 맛있습니다 가격대비 양은 조금 적지만 시그니처 뼈탄삼겹살을 먹었는데 구워주시는 정도와 고기 퀄리티가 앚 좋았습니다 다음에 또 와서 다른 메뉴도 먹어보고 싶습니다,0,0,0,0,0,0,0,124,"맛, 맛있, 메뉴, 양, 고기"
naver,락희옥 마포본점,뉠릴리야,312.0,2025.10.31,1번째 방문,영수증,김치말이 국수 너무 깔끔하고 맛있어요! 김치메밀전병도 바삭하니 너무 맛있었습니다🥹 직원분들도 친절하시고 강추합니다👍,64,True,,,,김치말이 국수 너무 깔끔하고 맛있어요! 김치메밀전병도 바삭하니 너무 맛있었습니다🥹 직원분들도 친절하시고 강추합니다👍,김치말이 국수 너무 깔끔하고 맛있어요 EXCLAM 김치메밀전병도 바삭하니 너무 맛있었습니다 직원분들도 친절하시고 강추합니다 EMO_POS,1,0,0,0,1,0,0,64,"맛, 맛있, 김치"
kakao,홍대 조선시대,남지수,1.0,2026-03-14,,,대기가 조금 있었으나 맛있게 잘 먹었습니다 !! 분위기도 좋고 음식도 맛있어요!!,45,True,5.0,5.0,브론즈 레벨,대기가 조금 있었으나 맛있게 잘 먹었습니다 !! 분위기도 좋고 음식도 맛있어요!!,대기가 조금 있었으나 맛있게 잘 먹었습니다 EXCLAM 분위기도 좋고 음식도 맛있어요 EXCLAM,0,0,0,0,1,0,0,45,"맛, 맛있, 음식"
naver,뼈탄집 성수역점,륭71,47.0,2026.03.12,1번째 방문,영수증,예전에 우연히 한번 왔다가 너무 맛있어사 성수 들린김에 또 왔어요!!! 고기도 직접 구워주셔서 너무 편하고 테이블도 널찍널찍 해서 좋아용 고기는 물론 계탄밥도 존맛이고 직원분들도 하나같이 다 친절하십니다 완전 만족스런 식사에요🥰,127,True,,,,예전에 우연히 한번 왔다가 너무 맛있어사 성수 들린김에 또 왔어요!!! 고기도 직접 구워주셔서 너무 편하고 테이블도 널찍널찍 해서 좋아용 고기는 물론 계탄밥도 존맛이고 직원분들도 하나같이 다 친절하십니다 완전 만족스런 식사에요🥰,예전에 우연히 한번 왔다가 너무 맛있어사 성수 들린김에 또 왔어요 EXCLAM 고기도 직접 구워주셔서 너무 편하고 테이블도 널찍널찍 해서 좋아용 고기는 물론 계탄밥도 존맛이고 직원분들도 하나같이 다 친절하십니다 완전 만족스런 식사에요 EMO_POS,1,0,0,0,1,0,0,127,"맛, 맛있, 고기, 밥"
naver,쭌곱창,Yun725,13.0,2025.11.22,1번째 방문,영수증,"되게 조합이 특이하네요 야채곱창, 숙주, 우삼겹, 계란찜을 섞어먹는데 맛있어요 추천해주시는 쌈대로 싸먹으면 최고~",63,True,,,,"되게 조합이 특이하네요 야채곱창, 숙주, 우삼겹, 계란찜을 섞어먹는데 맛있어요 추천해주시는 쌈대로 싸먹으면 최고~",되게 조합이 특이하네요 야채곱창 숙주 우삼겹 계란찜을 섞어먹는데 맛있어요 추천해주시는 쌈대로 싸먹으면 최고,0,0,0,0,0,0,0,63,"맛, 맛있, 면"
kakao,홍대 조선시대,은비,5.0,2026-04-01,,,처음 친구들이랑 왔는데 분위기도 좋고 음식도 다양하고 새로운 술들이 있어서 좋아요! 엄청 시끄럽지도 않고 천절하네용!!,66,True,5.0,5.0,브론즈 레벨,처음 친구들이랑 왔는데 분위기도 좋고 음식도 다양하고 새로운 술들이 있어서 좋아요! 엄청 시끄럽지도 않고 천절하네용!!,처음 친구들이랑 왔는데 분위기도 좋고 음식도 다양하고 새로운 술들이 있어서 좋아요 EXCLAM 엄청 시끄럽지도 않고 천절하네용 EXCLAM,0,0,0,0,1,0,0,66,"음식, 양"
naver,육산장 홍대본점,allright119,23.0,2026.04.23,1번째 방문,영수증,홍대 한복판에서 야외에서 여유를 즐기며 맛있게 먹었습니다!!,33,True,,,,홍대 한복판에서 야외에서 여유를 즐기며 맛있게 먹었습니다!!,홍대 한복판에서 야외에서 여유를 즐기며 맛있게 먹었습니다 EXCLAM,0,0,0,0,1,0,0,33,"맛, 맛있"
naver,황금콩밭,나에스탄,29.0,2025.09.14,1번째 방문,예약,"두부짜글이, 두부완자 넘 맛있습니다. 밑반찬들도 정갈하니 잘 나왔어요",38,True,,,,"두부짜글이, 두부완자 넘 맛있습니다. 밑반찬들도 정갈하니 잘 나왔어요",두부짜글이 두부완자 넘 맛있습니다 밑반찬들도 정갈하니 잘 나왔어요,0,0,0,0,0,0,0,38,"맛, 맛있, 반찬, 짜"
naver,옥동식,꼬리리이,1053.0,2025.07.21,1번째 방문,영수증,원격줄서기 됩니다 저는 평일 저녁이라 거의 대기 안하고 들어갔어요 역시나 맛있습니다 국밥계의 평양냉면이라는 말이 정말 잘 어울네요 특으로 시키세요 고기 양이 확 많아집니다 생맥도 너무 맛있네요,107,True,,,,원격줄서기 됩니다 저는 평일 저녁이라 거의 대기 안하고 들어갔어요 역시나 맛있습니다 국밥계의 평양냉면이라는 말이 정말 잘 어울네요 특으로 시키세요 고기 양이 확 많아집니다 생맥도 너무 맛있네요,원격줄서기 됩니다 저는 평일 저녁이라 거의 대기 안하고 들어갔어요 역시나 맛있습니다 국밥계의 평양냉면이라는 말이 정말 잘 어울네요 특으로 시키세요 고기 양이 확 많아집니다 생맥도 너무 맛있네요,0,0,0,0,0,0,0,107,"맛, 맛있, 양, 고기, 면, 밥, 냉면"
kakao,뼈탄집 성수역점,쩡이,2.0,2026-03-28,,,직접고기구워주고 기본반찬깔끔 맛있어요,20,True,5.0,5.0,브론즈 레벨,직접고기구워주고 기본반찬깔끔 맛있어요,직접고기구워주고 기본반찬깔끔 맛있어요,0,0,0,0,0,0,0,20,"맛, 맛있, 고기, 반찬"
kakao,각시보쌈,5점잘안준다,232.0,2025-12-12,,,평일 18시30분 도착 웨이팅 30분함 홍어삼합 대 +고기추가+굴추가+메밀면 대 5명에서 먹었는데 11만원대 나옴 가성비 굿 고기 not bad 굴 좀 비싸지만 알이 큼 홍어 fuxking 국수 soso 가성비 개굿,120,False,3.0,2.8,골드 레벨,평일 18시30분 도착 웨이팅 30분함 홍어삼합 대 +고기추가+굴추가+메밀면 대 5명에서 먹었는데 11만원대 나옴 가성비 굿 고기 not bad 굴 좀 비싸지만 알이 큼 홍어 fuxking 국수 soso 가성비 개굿,평일 18시30분 도착 웨이팅 30분함 홍어삼합 대 고기추가 굴추가 메밀면 대 5명에서 먹었는데 11만원대 나옴 가성비 굿 고기 not bad 굴 좀 비싸지만 알이 큼 홍어 fuxking 국수 soso 가성비 개굿,0,0,0,0,0,0,1,120,"고기, 면"
naver,능동미나리 성수지점,엄마나,90.0,2026.01.17,1번째 방문,영수증,주말 12시쯤엔 줄 없이 바로 입장했어요! 쌀쌀한 날씨에 뜨끔한 국밥 먹고 싶어서 나리특곰탕 육회비빔밥 육전반접시 시켰어요 예상보다 곰탕은 쏘쏘했는데 육회비빔밥이 미나리와 참기름 조합으로 너무나 향이 좋고 맛있더라구요😍😍😍 육전은 계란맛도 진하게 나고 진짜 맛있어요! 육회에 미나리 무침 + 간장소스양파 얹어서 드셔보세요🖤 막걸리 먹고 싶어지는 맛입니당ㅋㅋㅋ 또먹고 싶네요😀🙂☺️,212,True,,,,주말 12시쯤엔 줄 없이 바로 입장했어요! 쌀쌀한 날씨에 뜨끔한 국밥 먹고 싶어서 나리특곰탕 육회비빔밥 육전반접시 시켰어요 예상보다 곰탕은 쏘쏘했는데 육회비빔밥이 미나리와 참기름 조합으로 너무나 향이 좋고 맛있더라구요😍😍😍 육전은 계란맛도 진하게 나고 진짜 맛있어요! 육회에 미나리 무침 + 간장소스양파 얹어서 드셔보세요🖤 막걸리 먹고 싶어지는 맛입니당ㅋㅋㅋ 또먹고 싶네요😀🙂☺️,주말 12시쯤엔 줄 없이 바로 입장했어요 EXCLAM 쌀쌀한 날씨에 뜨끔한 국밥 먹고 싶어서 나리특곰탕 육회비빔밥 육전반접시 시켰어요 예상보다 곰탕은 쏘쏘했는데 육회비빔밥이 미나리와 참기름 조합으로 너무나 향이 좋고 맛있더라구요 EMO_POS EMO_POS EMO_POS 육전은 계란맛도 진하게 나고 진짜 맛있어요 EXCLAM 육회에 미나리 무침 간장소스양파 얹어서 드셔보세요 EMO_POS 막걸리 먹고 싶어지는 맛입니당 또먹고 싶네요 EMO_POS EMO_POS,1,0,0,0,1,0,1,212,"맛, 맛있, 양, 간, 밥, 소스, 짜"
naver,홍대 육지,dab****,39.0,2026.04.25,1번째 방문,영수증,고기 질도 좋고 반찬도 깔끔하니 맛있습니다 ㅎㅎ 폭탄계란찜도 맛있으니 함께 먹으면 좋을 것 같아요 !!🌝🐷,59,True,,,,고기 질도 좋고 반찬도 깔끔하니 맛있습니다 ㅎㅎ 폭탄계란찜도 맛있으니 함께 먹으면 좋을 것 같아요 !!🌝🐷,고기 질도 좋고 반찬도 깔끔하니 맛있습니다 폭탄계란찜도 맛있으니 함께 먹으면 좋을 것 같아요 EXCLAM,0,0,0,0,1,0,0,59,"맛, 맛있, 고기, 면, 반찬"
kakao,육산장 홍대본점,예희,1.0,2025-10-11,,,야외도 있어서 분위기 좋고 맛있어오,19,True,5.0,5.0,브론즈 레벨,야외도 있어서 분위기 좋고 맛있어오,야외도 있어서 분위기 좋고 맛있어오,0,0,0,0,0,0,0,19,"맛, 맛있"
naver,능동미나리 성수지점,두근두근이,390.0,2025.12.15,1번째 방문,영수증,"곰탕무는 좀 시어요. 곰탕은 쏘쏘, 육회비빔밥이 너무 매력적입니다. 미나리 좋아하진 않는데도 넘 맛나게 먹었어요. 일본인분은 좀 싱거운지 후추?치시던데,싱거우면 소스 더 주시는 것 같더라구요. 대기 금방 빠지는 편입니다.",123,True,,,,"곰탕무는 좀 시어요. 곰탕은 쏘쏘, 육회비빔밥이 너무 매력적입니다. 미나리 좋아하진 않는데도 넘 맛나게 먹었어요. 일본인분은 좀 싱거운지 후추?치시던데,싱거우면 소스 더 주시는 것 같더라구요. 대기 금방 빠지는 편입니다.",곰탕무는 좀 시어요 곰탕은 쏘쏘 육회비빔밥이 너무 매력적입니다 미나리 좋아하진 않는데도 넘 맛나게 먹었어요 일본인분은 좀 싱거운지 후추 QUESTION 치시던데 싱거우면 소스 더 주시는 것 같더라구요 대기 금방 빠지는 편입니다,0,0,0,0,0,1,0,123,"맛, 면, 밥, 소스"
kakao,쭌곱창,i_cas_k,1.0,2025-04-09,,,"인디밴드를 좋아하는 사람은 가끔 본인이 좋아하는 밴드가 유명해지지 않길 바라는 감정이 들때가 있다. 나에게 이 가게가 그런 존재다. 곱창 특유의 비린내는 전혀 없고, 입 안에 가득차게 되는 불맛, 그리고 약간의 매운 맛이 감칠맛으로 매우 조화롭다. 2017년 어느날 처음 먹어본 맛에 반해 평일 10일 동안 8일을 술 없이 식사만 하는 기염을 토하며 어느순간 단골이 되었다. 식탁 위에 올려져있던 팻말형 메뉴부터 천장의 커튼식 메뉴판, 지금의 메뉴판까지 다양한 변화가 있었던 이 가게에서 유일하게 변하지 않았던 것은 그 맛과 항상 웃으며 반겨주시면서도 부엌으로 달려가시던 사장님의 마음이다. 학교를 졸업하고 이제서야 리뷰를 다는 까닭은 가끔 살면서 다시한번 먹고싶을때 항상 이 자리에 가게가 남아 웃으며 B세트를 시키고 싶은 욕심이 아닐까.",414,True,5.0,5.0,브론즈 레벨,"인디밴드를 좋아하는 사람은 가끔 본인이 좋아하는 밴드가 유명해지지 않길 바라는 감정이 들때가 있다. 나에게 이 가게가 그런 존재다. 곱창 특유의 비린내는 전혀 없고, 입 안에 가득차게 되는 불맛, 그리고 약간의 매운 맛이 감칠맛으로 매우 조화롭다. 2017년 어느날 처음 먹어본 맛에 반해 평일 10일 동안 8일을 술 없이 식사만 하는 기염을 토하며 어느순간 단골이 되었다. 식탁 위에 올려져있던 팻말형 메뉴부터 천장의 커튼식 메뉴판, 지금의 메뉴판까지 다양한 변화가 있었던 이 가게에서 유일하게 변하지 않았던 것은 그 맛과 항상 웃으며 반겨주시면서도 부엌으로 달려가시던 사장님의 마음이다. 학교를 졸업하고 이제서야 리뷰를 다는 까닭은 가끔 살면서 다시한번 먹고싶을때 항상 이 자리에 가게가 남아 웃으며 B세트를 시키고 싶은 욕심이 아닐까.",인디밴드를 좋아하는 사람은 가끔 본인이 좋아하는 밴드가 유명해지지 않길 바라는 감정이 들때가 있다 나에게 이 가게가 그런 존재다 곱창 특유의 비린내는 전혀 없고 입 안에 가득차게 되는 불맛 그리고 약간의 매운 맛이 감칠맛으로 매우 조화롭다 2017년 어느날 처음 먹어본 맛에 반해 평일 10일 동안 8일을 술 없이 식사만 하는 기염을 토하며 어느순간 단골이 되었다 식탁 위에 올려져있던 팻말형 메뉴부터 천장의 커튼식 메뉴판 지금의 메뉴판까지 다양한 변화가 있었던 이 가게에서 유일하게 변하지 않았던 것은 그 맛과 항상 웃으며 반겨주시면서도 부엌으로 달려가시던 사장님의 마음이다 학교를 졸업하고 이제서야 리뷰를 다는 까닭은 가끔 살면서 다시한번 먹고싶을때 항상 이 자리에 가게가 남아 웃으며 B세트를 시키고 싶은 욕심이 아닐까,0,0,0,0,0,0,1,414,"맛, 메뉴, 양, 간, 면"
naver,육산장 홍대본점,nacho7,11.0,2026.04.11,1번째 방문,영수증,모임때문에 방문하게 되었눈데 맛있게 잘먹었어요! 자리가 불편해서 옮기게 됐는데 직원분이 친절하게 응대해주셔서 감사했습니다!,68,True,,,,모임때문에 방문하게 되었눈데 맛있게 잘먹었어요! 자리가 불편해서 옮기게 됐는데 직원분이 친절하게 응대해주셔서 감사했습니다!,모임때문에 방문하게 되었눈데 맛있게 잘먹었어요 EXCLAM 자리가 불편해서 옮기게 됐는데 직원분이 친절하게 응대해주셔서 감사했습니다 EXCLAM,0,0,0,0,1,0,0,68,"맛, 맛있"
naver,황금콩밭,데일리박하쓰,1293.0,2025.09.18,3번째 방문,영수증,언제나 맛있음,7,False,,,,언제나 맛있음,언제나 맛있음,0,0,0,0,0,0,0,7,"맛, 맛있"
kakao,뼈탄집 성수역점,김진석,1.0,2026-01-17,,,너무 맛있었고 직원분들도 친절해요~~ 다음에 또 올게요,30,True,5.0,5.0,브론즈 레벨,너무 맛있었고 직원분들도 친절해요~~ 다음에 또 올게요,너무 맛있었고 직원분들도 친절해요 TILDE 다음에 또 올게요,0,0,0,0,0,0,0,30,"맛, 맛있"
kakao,각시보쌈,ggoolggool,136.0,2025-01-04,,,"가시는 분들 결제 제대로 됐는지 확인 꼭 잘 하세요. 반반보쌈 중자, 막걸리 두병 먹었는데 천원이긴하지만 먹지도 않은 금액 결제되어 있네요. 날짜 시간 보시고 내부 cctv 보시면 확인 되실테니 뭐 더이상 얘기 안합니다. 앉는 순간부터 메뉴 독촉하시더니 다 먹을때까지 한시간 남짓한 시간 그마저 독촉 하셔서 독촉만 안했어도 천원 잘 못 결제한거 이렇게 쓰지도 않았습니다.",207,False,1.0,4.6,골드 레벨,"가시는 분들 결제 제대로 됐는지 확인 꼭 잘 하세요. 반반보쌈 중자, 막걸리 두병 먹었는데 천원이긴하지만 먹지도 않은 금액 결제되어 있네요. 날짜 시간 보시고 내부 cctv 보시면 확인 되실테니 뭐 더이상 얘기 안합니다. 앉는 순간부터 메뉴 독촉하시더니 다 먹을때까지 한시간 남짓한 시간 그마저 독촉 하셔서 독촉만 안했어도 천원 잘 못 결제한거 이렇게 쓰지도 않았습니다.",가시는 분들 결제 제대로 됐는지 확인 꼭 잘 하세요 반반보쌈 중자 막걸리 두병 먹었는데 천원이긴하지만 먹지도 않은 금액 결제되어 있네요 날짜 시간 보시고 내부 cctv 보시면 확인 되실테니 뭐 더이상 얘기 안합니다 앉는 순간부터 메뉴 독촉하시더니 다 먹을때까지 한시간 남짓한 시간 그마저 독촉 하셔서 독촉만 안했어도 천원 잘 못 결제한거 이렇게 쓰지도 않았습니다,0,0,0,0,0,0,0,207,"메뉴, 간, 면, 보쌈, 짜"
naver,장인닭갈비 홍대점,cha****,38.0,2026.02.12,1번째 방문,영수증,정말 맛있어요 ~ !,11,True,,,,정말 맛있어요 ~ !,정말 맛있어요 EXCLAM,0,0,0,0,1,0,0,11,"맛, 맛있"
kakao,육산장 홍대본점,김은지,1.0,2025-06-07,,,한판구이 너무 맛있어요!! 특제소스도 꿀맛입니다 홍대에서 젤 분위기좋은 고기집이요~~,47,True,5.0,5.0,브론즈 레벨,한판구이 너무 맛있어요!! 특제소스도 꿀맛입니다 홍대에서 젤 분위기좋은 고기집이요~~,한판구이 너무 맛있어요 EXCLAM 특제소스도 꿀맛입니다 홍대에서 젤 분위기좋은 고기집이요 TILDE,0,0,0,0,1,0,0,47,"맛, 맛있, 고기, 소스"
naver,락희옥 마포본점,앰군,147.0,2025.07.22,1번째 방문,영수증,"오늘 성게알 상태 최고~ 너무 크리미하고 바다향 제대로 나서 너무 맛있네요!!! 황태포도 기름기하나 없이 바싹해서 맥주 안주로 최고고~ 김치전병은 매콤하니 별미!!! 특히, 25도 문경소주로 말아주는 쏘맥이 아주 인상적!!! 회식으로도 좋고 데이트로 좋고 여러모로 좋은 맛집!!!!",157,True,,,,"오늘 성게알 상태 최고~ 너무 크리미하고 바다향 제대로 나서 너무 맛있네요!!! 황태포도 기름기하나 없이 바싹해서 맥주 안주로 최고고~ 김치전병은 매콤하니 별미!!! 특히, 25도 문경소주로 말아주는 쏘맥이 아주 인상적!!! 회식으로도 좋고 데이트로 좋고 여러모로 좋은 맛집!!!!",오늘 성게알 상태 최고 너무 크리미하고 바다향 제대로 나서 너무 맛있네요 EXCLAM 황태포도 기름기하나 없이 바싹해서 맥주 안주로 최고고 김치전병은 매콤하니 별미 EXCLAM 특히 25도 문경소주로 말아주는 쏘맥이 아주 인상적 EXCLAM 회식으로도 좋고 데이트로 좋고 여러모로 좋은 맛집 EXCLAM,0,0,0,0,1,0,1,157,"맛, 맛있, 김치"
kakao,옥동식 서교점,맛집리스트,80.0,2025-01-16,,,옥동식은 역시 맛있습니다 ! 외국손님이랑 같이 가면 너무 좋아할 곳입니다!,41,False,5.0,2.2,골드 레벨,옥동식은 역시 맛있습니다 ! 외국손님이랑 같이 가면 너무 좋아할 곳입니다!,옥동식은 역시 맛있습니다 EXCLAM 외국손님이랑 같이 가면 너무 좋아할 곳입니다 EXCLAM,0,0,0,0,1,0,0,41,"맛, 맛있, 면"
naver,금금 성수점,Tomate13,17.0,2026.04.20,1번째 방문,영수증,들기름 파스타랑 소갈비덮밥 시켰는데 둘 다 맛있어용!!! 맛있게 잘 먹었습니다!!,45,True,,,,들기름 파스타랑 소갈비덮밥 시켰는데 둘 다 맛있어용!!! 맛있게 잘 먹었습니다!!,들기름 파스타랑 소갈비덮밥 시켰는데 둘 다 맛있어용 EXCLAM 맛있게 잘 먹었습니다 EXCLAM,0,0,0,0,1,0,0,45,"맛, 맛있, 밥, 파스타"
kakao,뼈탄집 성수역점,박성열,1.0,2025-12-20,,,맛있네용,4,True,5.0,5.0,브론즈 레벨,맛있네용,맛있네용,0,0,0,0,0,0,0,4,"맛, 맛있"
naver,장인닭갈비 홍대점,sun****,1.0,2026.04.05,1번째 방문,영수증,음식이 다 준비 되어서 나와서 바로 먹을 수 있어서 좋아요! 사장님도 친절하시거 닭갈비 넘 맛있어요,55,True,,,,음식이 다 준비 되어서 나와서 바로 먹을 수 있어서 좋아요! 사장님도 친절하시거 닭갈비 넘 맛있어요,음식이 다 준비 되어서 나와서 바로 먹을 수 있어서 좋아요 EXCLAM 사장님도 친절하시거 닭갈비 넘 맛있어요,0,0,0,0,1,0,0,55,"맛, 맛있, 음식"
kakao,옥동식 서교점,모른척,91.0,2025-05-01,,,왜 옥동식 옥동식 하는지 알았어요! 국물 진짜 깔끔하고 고기랑 같이 먹는 고추지가 진짜 맛있었어요. 밥이 진짜 술술술넘어가요! 김치도 진짜 맛있고 테이블 회전도 빠른편이라 웨이팅도 별로 안했습니다! 모든면에서 최구!,120,True,5.0,4.0,골드 레벨,왜 옥동식 옥동식 하는지 알았어요! 국물 진짜 깔끔하고 고기랑 같이 먹는 고추지가 진짜 맛있었어요. 밥이 진짜 술술술넘어가요! 김치도 진짜 맛있고 테이블 회전도 빠른편이라 웨이팅도 별로 안했습니다! 모든면에서 최구!,왜 옥동식 옥동식 하는지 알았어요 EXCLAM 국물 진짜 깔끔하고 고기랑 같이 먹는 고추지가 진짜 맛있었어요 밥이 진짜 술술넘어가요 EXCLAM 김치도 진짜 맛있고 테이블 회전도 빠른편이라 웨이팅도 별로 안했습니다 EXCLAM 모든면에서 최구 EXCLAM,0,0,0,0,1,0,0,120,"맛, 맛있, 고기, 면, 밥, 국물, 김치, 짜"
naver,보끔당 성수점,선영holic,16.0,2026.05.02,1번째 방문,영수증,매장 정말 깨끗하고 음식 맛았어요. 딸아이가 온적있어서 추천해준 식당인데 성수동 일대애서 젤 맛있어요.,57,True,,,,매장 정말 깨끗하고 음식 맛았어요. 딸아이가 온적있어서 추천해준 식당인데 성수동 일대애서 젤 맛있어요.,매장 정말 깨끗하고 음식 맛았어요 딸아이가 온적있어서 추천해준 식당인데 성수동 일대애서 젤 맛있어요,0,0,0,0,0,0,0,57,"맛, 맛있, 음식"
naver,능동미나리 성수지점,POUTINE,139.0,2025.11.15,1번째 방문,영수증,육회비빔밥 곰탕 둘 다 맛있어요 하나만 고르자면 육회비빔밥이 좀 더 좋았네요 국도 따로 나오고 육회랑 미나리 향이 잘 어울려서 좋았어요 수육은 가격대비 양이 좀 적은 느낌이었어요,99,True,,,,육회비빔밥 곰탕 둘 다 맛있어요 하나만 고르자면 육회비빔밥이 좀 더 좋았네요 국도 따로 나오고 육회랑 미나리 향이 잘 어울려서 좋았어요 수육은 가격대비 양이 좀 적은 느낌이었어요,육회비빔밥 곰탕 둘 다 맛있어요 하나만 고르자면 육회비빔밥이 좀 더 좋았네요 국도 따로 나오고 육회랑 미나리 향이 잘 어울려서 좋았어요 수육은 가격대비 양이 좀 적은 느낌이었어요,0,0,0,0,0,0,0,99,"맛, 맛있, 양, 면, 밥"
naver,을밀대 평양냉면,한식을 먹자,197.0,2026.04.05,2번째 방문,예약,거냉으로 부탁드렸는데 그냥 주셨어요~ 하지만 고기 퀄리티도 좋고 잘 먹었습니다,43,True,,,,거냉으로 부탁드렸는데 그냥 주셨어요~ 하지만 고기 퀄리티도 좋고 잘 먹었습니다,거냉으로 부탁드렸는데 그냥 주셨어요 하지만 고기 퀄리티도 좋고 잘 먹었습니다,0,0,0,0,0,0,0,43,고기
naver,을밀대 평양냉면,출출해윤51,1452.0,2025.07.26,1번째 방문,영수증,평냉맛 여러번 먹어보면은 언젠가는 땡기는 날이 오겠죠....크흠 💗❤️,39,True,,,,평냉맛 여러번 먹어보면은 언젠가는 땡기는 날이 오겠죠....크흠 💗❤️,평냉맛 여러번 먹어보면은 언젠가는 땡기는 날이 오겠죠 크흠 EMO_POS EMO_POS,1,0,0,0,0,0,0,39,"맛, 면, 평냉"
naver,을밀대 평양냉면,iyowa,31.0,2026.02.24,1번째 방문,예약,초보라 저는 비냉시켰는데 비냉은 너무맛없었어요. 친구들이랑 평냉투어하시는분들 여기는 무조건 물냉시키세요. 물냉 맛있어요 역시 을밀대 (사진은 친구 물냉),85,True,,,,초보라 저는 비냉시켰는데 비냉은 너무맛없었어요. 친구들이랑 평냉투어하시는분들 여기는 무조건 물냉시키세요. 물냉 맛있어요 역시 을밀대 (사진은 친구 물냉),초보라 저는 비냉시켰는데 비냉은 너무맛없었어요 친구들이랑 평냉투어하시는분들 여기는 무조건 물냉시키세요 물냉 맛있어요 역시 을밀대 사진은 친구 물냉,0,0,0,0,0,0,0,85,"맛, 맛있, 맛없, 평냉"
naver,쭌곱창,MARY34,2.0,2026.02.27,1번째 방문,영수증,곱창 닭발 너무 맛있어요 술안주로 딱이에요 담번에 또 방문하고 싶네요!,39,True,,,,곱창 닭발 너무 맛있어요 술안주로 딱이에요 담번에 또 방문하고 싶네요!,곱창 닭발 너무 맛있어요 술안주로 딱이에요 담번에 또 방문하고 싶네요 EXCLAM,0,0,0,0,1,0,0,39,"맛, 맛있"
naver,마포양지설렁탕,내띠,2243.0,2025.12.05,1번째 방문,영수증,입맛에 맞아서 또 왔어요!! 고기 맛이 살짝 달라진거 같고 개인적으로 싫어하는 향이 나서 이 부분은 아쉬웠어요ㅠㅠ,63,True,,,,입맛에 맞아서 또 왔어요!! 고기 맛이 살짝 달라진거 같고 개인적으로 싫어하는 향이 나서 이 부분은 아쉬웠어요ㅠㅠ,입맛에 맞아서 또 왔어요 EXCLAM 고기 맛이 살짝 달라진거 같고 개인적으로 싫어하는 향이 나서 이 부분은 아쉬웠어요,0,0,0,1,1,0,0,63,"맛, 고기"
naver,보끔당 성수점,SOWN88,11.0,2026.05.01,1번째 방문,영수증,너무 맛있어요ㅠ 성수올때마다 항상 여기오는 것 같아요 손님 더 많아져야 할 맛 ...👍,48,True,,,,너무 맛있어요ㅠ 성수올때마다 항상 여기오는 것 같아요 손님 더 많아져야 할 맛 ...👍,너무 맛있어요 성수올때마다 항상 여기오는 것 같아요 손님 더 많아져야 할 맛 EMO_POS,1,0,0,0,0,0,0,48,"맛, 맛있"
kakao,이태리국시 성수,전기샛별,140.0,2026-04-21,,,"맛있다고해서 왔는데, 정말 기대이상으로 맛있었습니다. 다음에는 여자랑 와야.. 할거같네요… ㅠ",52,True,5.0,4.2,골드 레벨,"맛있다고해서 왔는데, 정말 기대이상으로 맛있었습니다. 다음에는 여자랑 와야.. 할거같네요… ㅠ",맛있다고해서 왔는데 정말 기대이상으로 맛있었습니다 다음에는 여자랑 와야 할거같네요,0,0,0,0,0,0,0,52,"맛, 맛있"
naver,황금콩밭,비그르히그르,1229.0,2026.02.21,1번째 방문,영수증,"1인 4만원, 점심코스를 먹었는데 엥... 그냥 생두부주는 한정식이라는 느낌이라서 돈이 아까워요... 물론 생두부가 무척이나 맛있던 건 맞지만 이렇게 한끼 먹는데 인당 4만원이라고? 조금 많이 의아함... 차라리 커플세트 6만원이 조금 더 만족도가 높지 않았을까 생각이 드는데 예약하면 코스만 먹어야 한다고 1층에서 먹을 수 없다고 하니 당황스러울 뿐. 단품 메뉴도 단가가 높기 때문에 개인적으로 그냥 커플세트가 가장 가성비 좋아보임... 음 근데 사실 가성비는 없는 매장임🤔",266,True,,,,"1인 4만원, 점심코스를 먹었는데 엥... 그냥 생두부주는 한정식이라는 느낌이라서 돈이 아까워요... 물론 생두부가 무척이나 맛있던 건 맞지만 이렇게 한끼 먹는데 인당 4만원이라고? 조금 많이 의아함... 차라리 커플세트 6만원이 조금 더 만족도가 높지 않았을까 생각이 드는데 예약하면 코스만 먹어야 한다고 1층에서 먹을 수 없다고 하니 당황스러울 뿐. 단품 메뉴도 단가가 높기 때문에 개인적으로 그냥 커플세트가 가장 가성비 좋아보임... 음 근데 사실 가성비는 없는 매장임🤔",1인 4만원 점심코스를 먹었는데 엥 그냥 생두부주는 한정식이라는 느낌이라서 돈이 아까워요 물론 생두부가 무척이나 맛있던 건 맞지만 이렇게 한끼 먹는데 인당 4만원이라고 QUESTION 조금 많이 의아함 차라리 커플세트 6만원이 조금 더 만족도가 높지 않았을까 생각이 드는데 예약하면 코스만 먹어야 한다고 1층에서 먹을 수 없다고 하니 당황스러울 뿐 단품 메뉴도 단가가 높기 때문에 개인적으로 그냥 커플세트가 가장 가성비 좋아보임 음 근데 사실 가성비는 없는 매장임,0,0,0,0,0,1,1,266,"맛, 맛있, 메뉴, 면"
kakao,쭌곱창,jiny,26.0,2025-08-13,,,후기 이벤트에 속아.......ㅜ 너무 달고 질겨요.. 밥도 안좋은 쌀 쓰시는 듯.. 위생은 더 별로ㅜ 가지마세요.,64,True,1.0,3.2,실버 레벨,후기 이벤트에 속아.......ㅜ 너무 달고 질겨요.. 밥도 안좋은 쌀 쓰시는 듯.. 위생은 더 별로ㅜ 가지마세요.,후기 이벤트에 속아 너무 달고 질겨요 밥도 안좋은 쌀 쓰시는 듯 위생은 더 별로 가지마세요,0,0,0,0,0,0,0,64,밥
naver,굴다리식당,오이가싫은사람,259.0,2025.02.01,1번째 방문,예약,진짜 추운날에 시원한 김치찌게가 먹고 싶어 들어갔는데 들어가자마자 빨리 나왔고 아이랑 같이 식탁자리 말고 앉아서 먹는데 장판에 엉뜨도 되어있어서 따뜻하게 잘먹고 왔어요~ 양 엄청나구요 배불러서 다 못먹고 나왔어요 😂,120,True,,,,진짜 추운날에 시원한 김치찌게가 먹고 싶어 들어갔는데 들어가자마자 빨리 나왔고 아이랑 같이 식탁자리 말고 앉아서 먹는데 장판에 엉뜨도 되어있어서 따뜻하게 잘먹고 왔어요~ 양 엄청나구요 배불러서 다 못먹고 나왔어요 😂,진짜 추운날에 시원한 김치찌게가 먹고 싶어 들어갔는데 들어가자마자 빨리 나왔고 아이랑 같이 식탁자리 말고 앉아서 먹는데 장판에 엉뜨도 되어있어서 따뜻하게 잘먹고 왔어요 양 엄청나구요 배불러서 다 못먹고 나왔어요 EMO_LAUGH,0,0,1,0,0,0,0,120,"양, 김치, 짜"
kakao,홍대 조선시대,김은채,1.0,2026-01-29,,,가성비 좋고 너무 맛있어요~ 홍대 올때마다 들리는 곳♥,30,True,5.0,5.0,브론즈 레벨,가성비 좋고 너무 맛있어요~ 홍대 올때마다 들리는 곳♥,가성비 좋고 너무 맛있어요 홍대 올때마다 들리는 곳 EMO_POS,1,0,0,0,0,0,0,30,"맛, 맛있"
naver,금금 성수점,벼랑 위의 을차,1.0,2026.04.04,1번째 방문,영수증,"친구랑 오랜만에 만났는데 성수 팝업 들렀다 밥 먹기 좋네요. 메뉴도 간결하고, 깔끔해요. 국수 먹었는데 상큼하고 맛있어요. 묵은지 문어 국수 맛있고 담엔 다른 것도 먹으러 올 거 같아요. 간단하게 친구 연인이랑 먹기 좋아요",124,True,,,,"친구랑 오랜만에 만났는데 성수 팝업 들렀다 밥 먹기 좋네요. 메뉴도 간결하고, 깔끔해요. 국수 먹었는데 상큼하고 맛있어요. 묵은지 문어 국수 맛있고 담엔 다른 것도 먹으러 올 거 같아요. 간단하게 친구 연인이랑 먹기 좋아요",친구랑 오랜만에 만났는데 성수 팝업 들렀다 밥 먹기 좋네요 메뉴도 간결하고 깔끔해요 국수 먹었는데 상큼하고 맛있어요 묵은지 문어 국수 맛있고 담엔 다른 것도 먹으러 올 거 같아요 간단하게 친구 연인이랑 먹기 좋아요,0,0,0,0,0,0,0,124,"맛, 맛있, 메뉴, 간, 밥"
naver,굴다리식당,H3RSH3Y,307.0,2025.12.01,2번째 방문,예약,공덕동 맛집 ㅎㅎ 잘먹었슴다,15,True,,,,공덕동 맛집 ㅎㅎ 잘먹었슴다,공덕동 맛집 잘먹었슴다,0,0,0,0,0,0,0,15,맛
kakao,을밀대 본점,김상협,5.0,2025-04-28,,,거냉 시키면 얼음이 없는게 맞는데 물어보니 실수 하셨다네요.. 아마 옆 테이블과 주문이 혼동된것 같더라구요 여기까지는 그럴수 있습니다. 근데 그냥 먹으라는건 무슨 심보죠.? 사과도 없이 주는대로 먹으라는건 노포라고 해도 서비스 마인드가 기본이 안되있다고 보는게 맞는것 같습니다. 원래 좋아하던 평냉집이었는데 기분 확 상했네요 우레옥이나 필동은 친절한데 여기는 맛은 둘째치고 서비스가 실망스럽습니다.,222,True,1.0,1.0,브론즈 레벨,거냉 시키면 얼음이 없는게 맞는데 물어보니 실수 하셨다네요.. 아마 옆 테이블과 주문이 혼동된것 같더라구요 여기까지는 그럴수 있습니다. 근데 그냥 먹으라는건 무슨 심보죠.? 사과도 없이 주는대로 먹으라는건 노포라고 해도 서비스 마인드가 기본이 안되있다고 보는게 맞는것 같습니다. 원래 좋아하던 평냉집이었는데 기분 확 상했네요 우레옥이나 필동은 친절한데 여기는 맛은 둘째치고 서비스가 실망스럽습니다.,거냉 시키면 얼음이 없는게 맞는데 물어보니 실수 하셨다네요 아마 옆 테이블과 주문이 혼동된것 같더라구요 여기까지는 그럴수 있습니다 근데 그냥 먹으라는건 무슨 심보죠 QUESTION 사과도 없이 주는대로 먹으라는건 노포라고 해도 서비스 마인드가 기본이 안되있다고 보는게 맞는것 같습니다 원래 좋아하던 평냉집이었는데 기분 확 상했네요 우레옥이나 필동은 친절한데 여기는 맛은 둘째치고 서비스가 실망스럽습니다,0,0,0,0,0,1,0,222,"맛, 면, 평냉"
naver,할머니의 레시피,사라068,5.0,2025.09.07,1번째 방문,예약,웨이팅있어서 조금 기대했는데 실망ㅠ음식양이 너무 적음. 반찬은 정말 엄지손톱마냥 적게 나오고 맛도 그냥저냥..양이 적어서 신선한 맛인지도 모르겠..떡갈비 먹었는데 흔한 싸구려 기름진 떡갈비맛. 가격이 싼것도 아님,118,False,,,,웨이팅있어서 조금 기대했는데 실망ㅠ음식양이 너무 적음. 반찬은 정말 엄지손톱마냥 적게 나오고 맛도 그냥저냥..양이 적어서 신선한 맛인지도 모르겠..떡갈비 먹었는데 흔한 싸구려 기름진 떡갈비맛. 가격이 싼것도 아님,웨이팅있어서 조금 기대했는데 실망 음식양이 너무 적음 반찬은 정말 엄지손톱마냥 적게 나오고 맛도 그냥저냥 양이 적어서 신선한 맛인지도 모르겠 떡갈비 먹었는데 흔한 싸구려 기름진 떡갈비맛 가격이 싼것도 아님,0,0,0,0,0,0,0,118,"맛, 음식, 양, 반찬"
naver,마포양지설렁탕,와다다v,730.0,2025.05.31,1번째 방문,영수증,"이 근처에서 마*옥, 한*설렁탕과 함께 애정하는 집입니다🤗 먹을 때 엄청 진하고 무거운 맛이 아닌데도 푹 고은 진국이라, 다 먹고나면 입에 쫙쫙 붙는 느낌이 납니다 ㅎㅎ 벌써 또 먹고싶네요, 휴",108,True,,,,"이 근처에서 마*옥, 한*설렁탕과 함께 애정하는 집입니다🤗 먹을 때 엄청 진하고 무거운 맛이 아닌데도 푹 고은 진국이라, 다 먹고나면 입에 쫙쫙 붙는 느낌이 납니다 ㅎㅎ 벌써 또 먹고싶네요, 휴",이 근처에서 마 옥 한 설렁탕과 함께 애정하는 집입니다 먹을 때 엄청 진하고 무거운 맛이 아닌데도 푹 고은 진국이라 다 먹고나면 입에 쫙쫙 붙는 느낌이 납니다 벌써 또 먹고싶네요 휴,0,0,0,0,0,0,0,108,"맛, 면"
naver,장인닭갈비 홍대점,rnl****,590.0,2025.12.15,1번째 방문,영수증,양도 많고 점심 할인으로 치즈 사리까지 추가돼서 먹었어요 맛있어요👍,37,True,,,,양도 많고 점심 할인으로 치즈 사리까지 추가돼서 먹었어요 맛있어요👍,양도 많고 점심 할인으로 치즈 사리까지 추가돼서 먹었어요 맛있어요 EMO_POS,1,0,0,0,0,0,0,37,"맛, 맛있, 양"
naver,능동미나리 성수지점,내돈내산내사진,109.0,2026.04.11,1번째 방문,영수증,이걸 먹어본 후로 소고기무국에도 미나리를 넣어 먹어요,29,True,,,,이걸 먹어본 후로 소고기무국에도 미나리를 넣어 먹어요,이걸 먹어본 후로 소고기무국에도 미나리를 넣어 먹어요,0,0,0,0,0,0,0,29,고기
naver,옥동식,시시콜콜콜,221.0,2025.04.12,1번째 방문,영수증,주말에는 브레이크타임이 없어서 어중간한 시간에 웨이팅하고 입장 곰탕은 즉석으로 토렴해서 주셨고 잔술은 정이 넘치도록 주시니 괜시리 기분도 넘치게 좋았네요😇,86,True,,,,주말에는 브레이크타임이 없어서 어중간한 시간에 웨이팅하고 입장 곰탕은 즉석으로 토렴해서 주셨고 잔술은 정이 넘치도록 주시니 괜시리 기분도 넘치게 좋았네요😇,주말에는 브레이크타임이 없어서 어중간한 시간에 웨이팅하고 입장 곰탕은 즉석으로 토렴해서 주셨고 잔술은 정이 넘치도록 주시니 괜시리 기분도 넘치게 좋았네요,0,0,0,0,0,0,0,86,간
naver,훼미리손칼국수보쌈,쭌이뚱이,1404.0,2025.08.05,1번째 방문,영수증,지인들이랑 몇번 갔는데.. 가성바도 좋고 맛도 있어서 아들 방학이라 점심먹으로 갔는데.. 다행히 웨이팅도 없어서 바로 입장 가능해서 좋았네요. 아들도 맛있다고 잘 먹더군요.,96,True,,,,지인들이랑 몇번 갔는데.. 가성바도 좋고 맛도 있어서 아들 방학이라 점심먹으로 갔는데.. 다행히 웨이팅도 없어서 바로 입장 가능해서 좋았네요. 아들도 맛있다고 잘 먹더군요.,지인들이랑 몇번 갔는데 가성바도 좋고 맛도 있어서 아들 방학이라 점심먹으로 갔는데 다행히 웨이팅도 없어서 바로 입장 가능해서 좋았네요 아들도 맛있다고 잘 먹더군요,0,0,0,0,0,0,0,96,"맛, 맛있"
naver,능동미나리 성수지점,보송보쏭,800.0,2026.01.05,1번째 방문,영수증,별 기대없이 방문헸는데 진짜 너~~~무 맛있게 먹은 한식이에요!!! 육회비빔밥도 간이 적절하고 미나리 넣은 곰탕은 이 겨울에 딱 어울리는 메뉴입니다. 또갈집으로 다른 메뉴도 다 궁금해요,103,True,,,,별 기대없이 방문헸는데 진짜 너~~~무 맛있게 먹은 한식이에요!!! 육회비빔밥도 간이 적절하고 미나리 넣은 곰탕은 이 겨울에 딱 어울리는 메뉴입니다. 또갈집으로 다른 메뉴도 다 궁금해요,별 기대없이 방문헸는데 진짜 너 TILDE 무 맛있게 먹은 한식이에요 EXCLAM 육회비빔밥도 간이 적절하고 미나리 넣은 곰탕은 이 겨울에 딱 어울리는 메뉴입니다 또갈집으로 다른 메뉴도 다 궁금해요,0,0,0,0,1,0,0,103,"맛, 맛있, 메뉴, 간, 밥, 짜"
kakao,홍대 조선시대,.,1.0,2026-04-12,,,맛있어요 좋아요~!!,11,True,5.0,5.0,브론즈 레벨,맛있어요 좋아요~!!,맛있어요 좋아요 EXCLAM,0,0,0,0,1,0,0,11,"맛, 맛있"
kakao,이태리국시 성수,두리(염현숙),4.0,2026-04-20,,,알배추샐러드 정말맛있었어요~ 굿!,18,True,5.0,4.0,브론즈 레벨,알배추샐러드 정말맛있었어요~ 굿!,알배추샐러드 정말맛있었어요 굿 EXCLAM,0,0,0,0,1,0,0,18,"맛, 맛있, 샐러드"
naver,보끔당 성수점,도토리261,6.0,2026.04.07,2번째 방문,영수증,가끔 고기도 먹고 싶고 칼칼한게 먹고 싶을때 오는 곳이죠! 특히 남편이 좋아해요 양도 많아서 빈 그릇을 챙겨와요. 일찍 와야 대기하지 않아요^^,80,True,,,,가끔 고기도 먹고 싶고 칼칼한게 먹고 싶을때 오는 곳이죠! 특히 남편이 좋아해요 양도 많아서 빈 그릇을 챙겨와요. 일찍 와야 대기하지 않아요^^,가끔 고기도 먹고 싶고 칼칼한게 먹고 싶을때 오는 곳이죠 EXCLAM 특히 남편이 좋아해요 양도 많아서 빈 그릇을 챙겨와요 일찍 와야 대기하지 않아요,0,0,0,0,1,0,0,80,"양, 고기"
naver,소문난성수감자탕,작은소녀PJ,1425.0,2026.04.17,7번째 방문,영수증,밤 12시 넘어 가니 웨이팅 없이 입장 가능했어요. 여전히 감자탕은 맛있고 육수 추가 요청드려 2차로 즐기기에 좋았어요. 배가 불러 볶음밥은 아쉽게도 패스했네요. 쫄깃한 고기에 곁들임 겨자소스는 최고예요. 새벽에는 정문앞에서 멀지 않은 골목 한켠에 택시들이 대기하고 있어 이용하기도 좋았어요.,163,True,,,,밤 12시 넘어 가니 웨이팅 없이 입장 가능했어요. 여전히 감자탕은 맛있고 육수 추가 요청드려 2차로 즐기기에 좋았어요. 배가 불러 볶음밥은 아쉽게도 패스했네요. 쫄깃한 고기에 곁들임 겨자소스는 최고예요. 새벽에는 정문앞에서 멀지 않은 골목 한켠에 택시들이 대기하고 있어 이용하기도 좋았어요.,밤 12시 넘어 가니 웨이팅 없이 입장 가능했어요 여전히 감자탕은 맛있고 육수 추가 요청드려 2차로 즐기기에 좋았어요 배가 불러 볶음밥은 아쉽게도 패스했네요 쫄깃한 고기에 곁들임 겨자소스는 최고예요 새벽에는 정문앞에서 멀지 않은 골목 한켠에 택시들이 대기하고 있어 이용하기도 좋았어요,0,0,0,0,0,0,1,163,"맛, 맛있, 고기, 밥, 소스, 감자탕"
naver,일등식당,nks****,54.0,2026.02.06,1번째 방문,영수증,전부터 궁금했지만 가까이 산다는 이유로 멀리했던… 평일 늦은 점심 약간의 웨이팅 후 입장 ! 원래 좀 뜨겁지 않게 나오나 싶을 정도의 온도감이었는데 후에 다른 후기들을 보니 그건 아닌거 같더라구요.. 먹으면서 시래기도 맛있고 고기도 너무 부드러워서 다음엔 포장해서 집에서 뜨겁게 끓여먹자고 말할 정도로 맛은 기억에 남습니다. 후추를 좋아하지만 여기는 안넣는게 개인적으론 더 좋았어요🤓 잘먹었습니다🔥,222,True,,,,전부터 궁금했지만 가까이 산다는 이유로 멀리했던… 평일 늦은 점심 약간의 웨이팅 후 입장 ! 원래 좀 뜨겁지 않게 나오나 싶을 정도의 온도감이었는데 후에 다른 후기들을 보니 그건 아닌거 같더라구요.. 먹으면서 시래기도 맛있고 고기도 너무 부드러워서 다음엔 포장해서 집에서 뜨겁게 끓여먹자고 말할 정도로 맛은 기억에 남습니다. 후추를 좋아하지만 여기는 안넣는게 개인적으론 더 좋았어요🤓 잘먹었습니다🔥,전부터 궁금했지만 가까이 산다는 이유로 멀리했던 평일 늦은 점심 약간의 웨이팅 후 입장 EXCLAM 원래 좀 뜨겁지 않게 나오나 싶을 정도의 온도감이었는데 후에 다른 후기들을 보니 그건 아닌거 같더라구요 먹으면서 시래기도 맛있고 고기도 너무 부드러워서 다음엔 포장해서 집에서 뜨겁게 끓여먹자고 말할 정도로 맛은 기억에 남습니다 후추를 좋아하지만 여기는 안넣는게 개인적으론 더 좋았어요 잘먹었습니다 EMO_POS,1,0,0,0,1,0,0,222,"맛, 맛있, 간, 고기, 면"
naver,훼미리손칼국수보쌈,엘리샤벳17,1350.0,2025.10.16,2번째 방문,영수증,딸과 함께 점심하러 성수동 까지 갔다.언제 먹어도 맛있는수육~~ 오늘은 감자전도 시켔는데 별루였다. 기냥 보쌈정식이나 보쌈만 드세요~~ㅎ,76,True,,,,딸과 함께 점심하러 성수동 까지 갔다.언제 먹어도 맛있는수육~~ 오늘은 감자전도 시켔는데 별루였다. 기냥 보쌈정식이나 보쌈만 드세요~~ㅎ,딸과 함께 점심하러 성수동 까지 갔다 언제 먹어도 맛있는수육 TILDE 오늘은 감자전도 시켔는데 별루였다 기냥 보쌈정식이나 보쌈만 드세요 TILDE,0,0,0,0,0,0,0,76,"맛, 맛있, 보쌈"
naver,각시보쌈,coffeen01,1025.0,2025.09.08,1번째 방문,예약,무엇보다도 매장도 깨끗한편이였고 음식도 깔끔하고 신속하게 나와서 좋았습니다,41,False,,,,무엇보다도 매장도 깨끗한편이였고 음식도 깔끔하고 신속하게 나와서 좋았습니다,무엇보다도 매장도 깨끗한편이였고 음식도 깔끔하고 신속하게 나와서 좋았습니다,0,0,0,0,0,0,0,41,음식
naver,금금 성수점,amo****,19.0,2026.04.17,1번째 방문,영수증,아늑해서 혼밥하시는 분들도 많네용! 된장국수가 유명하다구 해여 꼭 드셔보세용 ㅎㅎ 웨이팅이 잇는 집인데 점심시간 좀 지나서 오니까 평일이구 그래서 운이 좋게 웨이팅 없이 들어왓슴다,100,True,,,,아늑해서 혼밥하시는 분들도 많네용! 된장국수가 유명하다구 해여 꼭 드셔보세용 ㅎㅎ 웨이팅이 잇는 집인데 점심시간 좀 지나서 오니까 평일이구 그래서 운이 좋게 웨이팅 없이 들어왓슴다,아늑해서 혼밥하시는 분들도 많네용 EXCLAM 된장국수가 유명하다구 해여 꼭 드셔보세용 웨이팅이 잇는 집인데 점심시간 좀 지나서 오니까 평일이구 그래서 운이 좋게 웨이팅 없이 들어왓슴다,0,0,0,0,1,0,0,100,"간, 밥"
kakao,능동미나리 성수점,성윤,1.0,2026-03-31,,,미나리가 싱싱합니다 직원들도 너무 친절하네요 나중에 가족들 다 데리고 오겠습니다 좋은음식 감사합니다!!,57,True,5.0,5.0,브론즈 레벨,미나리가 싱싱합니다 직원들도 너무 친절하네요 나중에 가족들 다 데리고 오겠습니다 좋은음식 감사합니다!!,미나리가 싱싱합니다 직원들도 너무 친절하네요 나중에 가족들 다 데리고 오겠습니다 좋은음식 감사합니다 EXCLAM,0,0,0,0,1,0,0,57,음식
naver,락희옥 마포본점,gye****,8.0,2026.02.27,1번째 방문,영수증,분위기도 좋고 맛있어요! 예약시 전병도 증정해서 예약하고 방문 추천드려요~,41,True,,,,분위기도 좋고 맛있어요! 예약시 전병도 증정해서 예약하고 방문 추천드려요~,분위기도 좋고 맛있어요 EXCLAM 예약시 전병도 증정해서 예약하고 방문 추천드려요,0,0,0,0,1,0,0,41,"맛, 맛있"
naver,훼미리손칼국수보쌈,jyh****,1203.0,2025.09.24,1번째 방문,영수증,비오는날 칼국수가 땡겨서 그동안 성수가면 항상 웨이팅 있던곳이라 맛이 넘 궁금해서 다녀왔어요 칼국수 국물이 넘 뜨끈한것이 간도 좋고 시원하게 넘어가는 좋았어요 보쌈도 같이 나오는 정식이었는데 보쌈은 쫌 퍽퍽해서 난 불호 그래도 손님은 엄청나네요~,137,True,,,,비오는날 칼국수가 땡겨서 그동안 성수가면 항상 웨이팅 있던곳이라 맛이 넘 궁금해서 다녀왔어요 칼국수 국물이 넘 뜨끈한것이 간도 좋고 시원하게 넘어가는 좋았어요 보쌈도 같이 나오는 정식이었는데 보쌈은 쫌 퍽퍽해서 난 불호 그래도 손님은 엄청나네요~,비오는날 칼국수가 땡겨서 그동안 성수가면 항상 웨이팅 있던곳이라 맛이 넘 궁금해서 다녀왔어요 칼국수 국물이 넘 뜨끈한것이 간도 좋고 시원하게 넘어가는 좋았어요 보쌈도 같이 나오는 정식이었는데 보쌈은 쫌 퍽퍽해서 난 불호 그래도 손님은 엄청나네요,0,0,0,0,0,0,0,137,"맛, 간, 면, 국물, 보쌈"
kakao,홍대 조선시대,차천수,1.0,2026-02-05,,,맛있고 직원들 친절합니다 특별한 카운터 직원,24,True,5.0,5.0,브론즈 레벨,맛있고 직원들 친절합니다 특별한 카운터 직원,맛있고 직원들 친절합니다 특별한 카운터 직원,0,0,0,0,0,0,0,24,"맛, 맛있"
naver,마포양지설렁탕,ㄱㄷㅎㅁㅅㄱ,440.0,2025.01.04,1번째 방문,영수증,"이렇게 김치가 맛있는 식당에 가본적이 있었나 싶을 정도로 김치가 너무 맛있습니다. 김치가 메인이고 설렁탕이 받쳐주는 듯한 인상이 들기도 했어요.ㅋ 설렁탕은 매우 진하고, 건강하고 올바른 맛입니다. 설렁탕도 맛있어서 꽤 만족스러웠어요. 가격은 설렁탕 치고 비싸게 보이지만, 다른 분의 리뷰에서 말하셨듯이 김치가격이 포함된 것으로 보면 될 것 같아요. 김치가 너무 맛있어서 다들 기본적으로 몇그릇씩 먹는 것 같았어요.",231,True,,,,"이렇게 김치가 맛있는 식당에 가본적이 있었나 싶을 정도로 김치가 너무 맛있습니다. 김치가 메인이고 설렁탕이 받쳐주는 듯한 인상이 들기도 했어요.ㅋ 설렁탕은 매우 진하고, 건강하고 올바른 맛입니다. 설렁탕도 맛있어서 꽤 만족스러웠어요. 가격은 설렁탕 치고 비싸게 보이지만, 다른 분의 리뷰에서 말하셨듯이 김치가격이 포함된 것으로 보면 될 것 같아요. 김치가 너무 맛있어서 다들 기본적으로 몇그릇씩 먹는 것 같았어요.",이렇게 김치가 맛있는 식당에 가본적이 있었나 싶을 정도로 김치가 너무 맛있습니다 김치가 메인이고 설렁탕이 받쳐주는 듯한 인상이 들기도 했어요 설렁탕은 매우 진하고 건강하고 올바른 맛입니다 설렁탕도 맛있어서 꽤 만족스러웠어요 가격은 설렁탕 치고 비싸게 보이지만 다른 분의 리뷰에서 말하셨듯이 김치가격이 포함된 것으로 보면 될 것 같아요 김치가 너무 맛있어서 다들 기본적으로 몇그릇씩 먹는 것 같았어요,0,0,0,0,0,0,0,231,"맛, 맛있, 면, 김치"
naver,소문난성수감자탕,신신신신시니신,375.0,2025.11.08,1번째 방문,영수증,성수가면 항상 웨이팅있길래 궁금했었는데 이번에 갔을때 별로없어서 먹을수있었어요 우거지국 시켰는데 큰뼈 3개나오고 양 많았어요 다만 우거지가 국이랑 따로노는느낌..국물도.. 퍽퍽살도 많았어요 사람들이 계속오고 해서 가게안이 정신없어요 한번간걸로 만족해요,140,True,,,,성수가면 항상 웨이팅있길래 궁금했었는데 이번에 갔을때 별로없어서 먹을수있었어요 우거지국 시켰는데 큰뼈 3개나오고 양 많았어요 다만 우거지가 국이랑 따로노는느낌..국물도.. 퍽퍽살도 많았어요 사람들이 계속오고 해서 가게안이 정신없어요 한번간걸로 만족해요,성수가면 항상 웨이팅있길래 궁금했었는데 이번에 갔을때 별로없어서 먹을수있었어요 우거지국 시켰는데 큰뼈 3개나오고 양 많았어요 다만 우거지가 국이랑 따로노는느낌 국물도 퍽퍽살도 많았어요 사람들이 계속오고 해서 가게안이 정신없어요 한번간걸로 만족해요,0,0,0,0,0,0,1,140,"양, 간, 면, 국물"
kakao,원조조박집 본관,금나비,1736.0,2025-04-30,,,"잡내없이 부드러운 식감의 돼지갈비와 아삭하게 잘익은 총각김치 까지 여러모로 장점이 많은 이름난 식당인지라 돼지갈비 1인분(250g)에 19,000원 이면 참숯을 사용해야 되는건 아닐까 하는 생각이다. since 1979",122,False,3.0,3.6,퍼플 레벨,"잡내없이 부드러운 식감의 돼지갈비와 아삭하게 잘익은 총각김치 까지 여러모로 장점이 많은 이름난 식당인지라 돼지갈비 1인분(250g)에 19,000원 이면 참숯을 사용해야 되는건 아닐까 하는 생각이다. since 1979",잡내없이 부드러운 식감의 돼지갈비와 아삭하게 잘익은 총각김치 까지 여러모로 장점이 많은 이름난 식당인지라 돼지갈비 1인분 250g 에 19 000원 이면 참숯을 사용해야 되는건 아닐까 하는 생각이다 since 1979,0,0,0,0,0,0,1,122,"식감, 면, 김치, 잡내"
naver,조선시대,임재호24,18.0,2026.04.23,1번째 방문,영수증,"홍대에서 분위기 좋은 술집 찾다가 방문한 조선시대. 이름처럼 한국적인 분위기가 살아 있어서 들어가자마자 눈길이 갔고, 인테리어가 독특해서 친구들이랑 사진 찍기에도 좋았음. 전체적으로 시끌벅적하면서도 부담 없는 분위기라 모임하기 편했고, 안주도 술이랑 잘 어울려서 만족스러웠다. 홍대 술집답게 접근성도 좋고, 2차나 가볍게 한잔하러 가기에도 괜찮은 곳. 색다른 분위기의 홍대 술집 찾는다면 한 번쯤 가볼 만한 곳!",230,False,,,,"홍대에서 분위기 좋은 술집 찾다가 방문한 조선시대. 이름처럼 한국적인 분위기가 살아 있어서 들어가자마자 눈길이 갔고, 인테리어가 독특해서 친구들이랑 사진 찍기에도 좋았음. 전체적으로 시끌벅적하면서도 부담 없는 분위기라 모임하기 편했고, 안주도 술이랑 잘 어울려서 만족스러웠다. 홍대 술집답게 접근성도 좋고, 2차나 가볍게 한잔하러 가기에도 괜찮은 곳. 색다른 분위기의 홍대 술집 찾는다면 한 번쯤 가볼 만한 곳!",홍대에서 분위기 좋은 술집 찾다가 방문한 조선시대 이름처럼 한국적인 분위기가 살아 있어서 들어가자마자 눈길이 갔고 인테리어가 독특해서 친구들이랑 사진 찍기에도 좋았음 전체적으로 시끌벅적하면서도 부담 없는 분위기라 모임하기 편했고 안주도 술이랑 잘 어울려서 만족스러웠다 홍대 술집답게 접근성도 좋고 2차나 가볍게 한잔하러 가기에도 괜찮은 곳 색다른 분위기의 홍대 술집 찾는다면 한 번쯤 가볼 만한 곳 EXCLAM,0,0,0,0,1,0,1,230,면
naver,마포양지설렁탕,오늘의리뷰는,3890.0,2025.12.31,4번째 방문,영수증,맛있게 잘 먹고 갑니다!!🤍 직원 분들도 넘 친절하셔요,30,True,,,,맛있게 잘 먹고 갑니다!!🤍 직원 분들도 넘 친절하셔요,맛있게 잘 먹고 갑니다 EXCLAM EMO_POS 직원 분들도 넘 친절하셔요,1,0,0,0,1,0,0,30,"맛, 맛있"
kakao,쭌곱창,희연,16.0,2026-03-11,,,존.맛.,4,True,5.0,4.6,실버 레벨,존.맛.,존 맛,0,0,0,0,0,0,0,4,맛
naver,쭌곱창,신성진41,10.0,2026.01.25,1번째 방문,영수증,곱창이랑 닭발이 너무 맛있었어요! 모든 메뉴가 맛있어요!,31,True,,,,곱창이랑 닭발이 너무 맛있었어요! 모든 메뉴가 맛있어요!,곱창이랑 닭발이 너무 맛있었어요 EXCLAM 모든 메뉴가 맛있어요 EXCLAM,0,0,0,0,1,0,0,31,"맛, 맛있, 메뉴"
naver,일등식당,미즈팝,320.0,2026.04.18,1번째 방문,영수증,요즘 스타일은 아니고 그냥 깔끔한 맛이에요.,24,False,,,,요즘 스타일은 아니고 그냥 깔끔한 맛이에요.,요즘 스타일은 아니고 그냥 깔끔한 맛이에요,0,0,0,0,0,0,0,24,맛
kakao,장인닭갈비 홍대점,맛집이라구요?,317.0,2025-05-11,,,컵도 테이블도 청결하지 않고 관광지라 외국인 입맛에 맞춰서 그런지 순한맛은 진짜 순함 그리고 우동사리가 참 맛이 없습니다... 친절하지도 일처리가 빠르지도 않음,89,False,1.0,3.9,골드 레벨,컵도 테이블도 청결하지 않고 관광지라 외국인 입맛에 맞춰서 그런지 순한맛은 진짜 순함 그리고 우동사리가 참 맛이 없습니다... 친절하지도 일처리가 빠르지도 않음,컵도 테이블도 청결하지 않고 관광지라 외국인 입맛에 맞춰서 그런지 순한맛은 진짜 순함 그리고 우동사리가 참 맛이 없습니다 친절하지도 일처리가 빠르지도 않음,0,0,0,0,0,0,0,89,"맛, 짜"
naver,금금 성수점,mis****,13.0,2026.02.11,1번째 방문,영수증,와 ... 진짜 맛있어요 사진은 여자 둘이서 먹은 메뉴입니다 재방문의사 200% !!! 웨이팅없었는데 들어오니 만석이었어요 럭키비키 🤩 성수에서 꼭 식사하러 오세요 강추 !!,97,True,,,,와 ... 진짜 맛있어요 사진은 여자 둘이서 먹은 메뉴입니다 재방문의사 200% !!! 웨이팅없었는데 들어오니 만석이었어요 럭키비키 🤩 성수에서 꼭 식사하러 오세요 강추 !!,와 진짜 맛있어요 사진은 여자 둘이서 먹은 메뉴입니다 재방문의사 200 EXCLAM 웨이팅없었는데 들어오니 만석이었어요 럭키비키 성수에서 꼭 식사하러 오세요 강추 EXCLAM,0,0,0,0,1,0,1,97,"맛, 맛있, 메뉴, 짜"
kakao,이태리국시 성수,나은,1.0,2026-03-28,,,분위기도 너무 좋고 음식도 맛있었어요! 다음에 또 방문할 예정입니다 특히 한우곱창돌솥... 완전 맛있어용,58,False,5.0,5.0,브론즈 레벨,분위기도 너무 좋고 음식도 맛있었어요! 다음에 또 방문할 예정입니다 특히 한우곱창돌솥... 완전 맛있어용,분위기도 너무 좋고 음식도 맛있었어요 EXCLAM 다음에 또 방문할 예정입니다 특히 한우곱창돌솥 완전 맛있어용,0,0,0,0,1,0,0,58,"맛, 맛있, 음식"
kakao,홍대 조선시대,비니,1.0,2026-03-28,,,음식이 맛있어요 분위기도 좋아요,17,True,5.0,5.0,브론즈 레벨,음식이 맛있어요 분위기도 좋아요,음식이 맛있어요 분위기도 좋아요,0,0,0,0,0,0,0,17,"맛, 맛있, 음식"
kakao,을밀대 본점,수호호,7.0,2025-04-13,,,평냉 1등,5,True,5.0,5.0,브론즈 레벨,평냉 1등,평냉 1등,0,0,0,0,0,0,1,5,평냉
naver,할머니의 레시피,데이지쥬,129.0,2026.02.26,1번째 방문,영수증,사람들이 북적이는 성수에서 혼밥 할 수 있는 곳이라서 너무 좋았어요! 눈치 하나도 안 보고 맛있게 먹고 왔습니다. 건강한 맛이라서 더 좋았던 거 같구요. 반찬이 많이 나오는 것도 좋았습니다! 사장님도 너무 친절하시고 적게 일하고 돈 많이 버세요!,137,True,,,,사람들이 북적이는 성수에서 혼밥 할 수 있는 곳이라서 너무 좋았어요! 눈치 하나도 안 보고 맛있게 먹고 왔습니다. 건강한 맛이라서 더 좋았던 거 같구요. 반찬이 많이 나오는 것도 좋았습니다! 사장님도 너무 친절하시고 적게 일하고 돈 많이 버세요!,사람들이 북적이는 성수에서 혼밥 할 수 있는 곳이라서 너무 좋았어요 EXCLAM 눈치 하나도 안 보고 맛있게 먹고 왔습니다 건강한 맛이라서 더 좋았던 거 같구요 반찬이 많이 나오는 것도 좋았습니다 EXCLAM 사장님도 너무 친절하시고 적게 일하고 돈 많이 버세요 EXCLAM,0,0,0,0,1,0,0,137,"맛, 맛있, 밥, 반찬"
naver,옥동식,니니이모82,821.0,2025.10.22,3번째 방문,예약,수요일 11시 01분 캐치테이블 예약 6번째 11시 31분 입장 여전히 깔끔하고 맛있어요 주말 아니라 생각보다 웨이팅은 길지 않았어요 웨이팅 때문에 평일 시간 날때 와야지 했는데 드디어 방문했습니다 고추지도 김치도 여전히 맛있었어요,129,True,,,,수요일 11시 01분 캐치테이블 예약 6번째 11시 31분 입장 여전히 깔끔하고 맛있어요 주말 아니라 생각보다 웨이팅은 길지 않았어요 웨이팅 때문에 평일 시간 날때 와야지 했는데 드디어 방문했습니다 고추지도 김치도 여전히 맛있었어요,수요일 11시 01분 캐치테이블 예약 6번째 11시 31분 입장 여전히 깔끔하고 맛있어요 주말 아니라 생각보다 웨이팅은 길지 않았어요 웨이팅 때문에 평일 시간 날때 와야지 했는데 드디어 방문했습니다 고추지도 김치도 여전히 맛있었어요,0,0,0,0,0,0,1,129,"맛, 맛있, 간, 김치"
naver,성수족발,Reina4836,280.0,2025.10.27,2번째 방문,영수증,족발은 성수족발 대/중위 차이는 고기 차이! (참고),29,False,,,,족발은 성수족발 대/중위 차이는 고기 차이! (참고),족발은 성수족발 대 중위 차이는 고기 차이 EXCLAM 참고,0,0,0,0,1,0,0,29,고기
naver,을밀대 평양냉면,ssaewon,167.0,2025.05.02,1번째 방문,예약,"금요일 17:40 자리 적당히 남아있었어요. 냉면은 얼음 없는 거냉이 맛있다는 리뷰가 많아 거냉으로 주문했는데 정말 탁월한 선택이었어요. 얼음 없지만 충분히 시원하고 차가워요. 국물 맛은 적당히 짭조름하고 감칠맛 강하게 있어 심심하지 않아요. 살짝 무겁게 담백해요. 우래x에 비해 간, 감칠맛이 더 세게 느껴져요. 고명으로 양지고기 2점 있고, 면도 맛있어요. 온육수는 맑은 곰탕 맛이에요. 처음에는 조금 심심한 것 같다가 끝 맛이 짭조름해서 좋았어요. 여러 평양냉면 먹어보고 있는데, 감칠맛 밸런스가 가장 좋은 냉면집이에요.",294,True,,,,"금요일 17:40 자리 적당히 남아있었어요. 냉면은 얼음 없는 거냉이 맛있다는 리뷰가 많아 거냉으로 주문했는데 정말 탁월한 선택이었어요. 얼음 없지만 충분히 시원하고 차가워요. 국물 맛은 적당히 짭조름하고 감칠맛 강하게 있어 심심하지 않아요. 살짝 무겁게 담백해요. 우래x에 비해 간, 감칠맛이 더 세게 느껴져요. 고명으로 양지고기 2점 있고, 면도 맛있어요. 온육수는 맑은 곰탕 맛이에요. 처음에는 조금 심심한 것 같다가 끝 맛이 짭조름해서 좋았어요. 여러 평양냉면 먹어보고 있는데, 감칠맛 밸런스가 가장 좋은 냉면집이에요.",금요일 17 40 자리 적당히 남아있었어요 냉면은 얼음 없는 거냉이 맛있다는 리뷰가 많아 거냉으로 주문했는데 정말 탁월한 선택이었어요 얼음 없지만 충분히 시원하고 차가워요 국물 맛은 적당히 짭조름하고 감칠맛 강하게 있어 심심하지 않아요 살짝 무겁게 담백해요 우래x에 비해 간 감칠맛이 더 세게 느껴져요 고명으로 양지고기 2점 있고 면도 맛있어요 온육수는 맑은 곰탕 맛이에요 처음에는 조금 심심한 것 같다가 끝 맛이 짭조름해서 좋았어요 여러 평양냉면 먹어보고 있는데 감칠맛 밸런스가 가장 좋은 냉면집이에요,0,0,0,0,0,0,1,294,"맛, 맛있, 양, 간, 고기, 면, 국물, 냉면"
kakao,을밀대 본점,피자초토화,52.0,2025-04-29,,,맛잇는데 아직 가격이 적응안되여ㅠ,18,True,4.0,3.5,실버 레벨,맛잇는데 아직 가격이 적응안되여ㅠ,맛잇는데 아직 가격이 적응안되여,0,0,0,0,0,0,0,18,맛
kakao,장인닭갈비 홍대점,박세희,96.0,2026-03-12,,,사리추가와 볶음밥은 필수! 양념도 맛있었고 양도 많어서 든든하게 먹기 딱 좋아용,44,False,5.0,5.0,실버 레벨,사리추가와 볶음밥은 필수! 양념도 맛있었고 양도 많어서 든든하게 먹기 딱 좋아용,사리추가와 볶음밥은 필수 EXCLAM 양념도 맛있었고 양도 많어서 든든하게 먹기 딱 좋아용,0,0,0,0,1,0,0,44,"맛, 맛있, 양, 밥"
naver,홍대 육지,goo****,32.0,2026.04.12,1번째 방문,영수증,지인 소개로 홍대 육지에 방문하였습니다!! 너무 맛있고 직원분들도 친절하시다고 들어서 기대를 많이하고 갔는데 기대 이상으로 고기도 너무 맛있었고 사이드 메뉴들도 특색있게 맛있어서 만족스러운 저녁식사 하고 갑니다 잘 먹었습니다!!👍👍,129,True,,,,지인 소개로 홍대 육지에 방문하였습니다!! 너무 맛있고 직원분들도 친절하시다고 들어서 기대를 많이하고 갔는데 기대 이상으로 고기도 너무 맛있었고 사이드 메뉴들도 특색있게 맛있어서 만족스러운 저녁식사 하고 갑니다 잘 먹었습니다!!👍👍,지인 소개로 홍대 육지에 방문하였습니다 EXCLAM 너무 맛있고 직원분들도 친절하시다고 들어서 기대를 많이하고 갔는데 기대 이상으로 고기도 너무 맛있었고 사이드 메뉴들도 특색있게 맛있어서 만족스러운 저녁식사 하고 갑니다 잘 먹었습니다 EXCLAM EMO_POS EMO_POS,1,0,0,0,1,0,0,129,"맛, 맛있, 메뉴, 고기"
naver,장인닭갈비 홍대점,가지피자,40.0,2026.04.10,1번째 방문,영수증,맛있어요!! 맵기 조절도 가능해서 좋아요,22,True,,,,맛있어요!! 맵기 조절도 가능해서 좋아요,맛있어요 EXCLAM 맵기 조절도 가능해서 좋아요,0,0,0,0,1,0,0,22,"맛, 맛있, 맵"
kakao,쭌곱창,박건하,1.0,2025-04-11,,,처음와봤는데 너무너무 맛있어요! 완전 최고입니당,26,True,5.0,5.0,브론즈 레벨,처음와봤는데 너무너무 맛있어요! 완전 최고입니당,처음와봤는데 너무너무 맛있어요 EXCLAM 완전 최고입니당,0,0,0,0,1,0,0,26,"맛, 맛있"
naver,조선시대,seyani789,19.0,2026.03.08,1번째 방문,영수증,안주도 맛있고 기본안주인 꾀돌이 넘맛👍 추천합니다!,28,True,,,,안주도 맛있고 기본안주인 꾀돌이 넘맛👍 추천합니다!,안주도 맛있고 기본안주인 꾀돌이 넘맛 EMO_POS 추천합니다 EXCLAM,1,0,0,0,1,0,0,28,"맛, 맛있"
naver,장인닭갈비 홍대점,소소6898,38.0,2026.04.04,1번째 방문,영수증,너무 맛있고 양도 많고 직원분도 완전 친절해용 줄은 길엇는데 별로 안기다림 강추!!!,47,True,,,,너무 맛있고 양도 많고 직원분도 완전 친절해용 줄은 길엇는데 별로 안기다림 강추!!!,너무 맛있고 양도 많고 직원분도 완전 친절해용 줄은 길엇는데 별로 안기다림 강추 EXCLAM,0,0,0,0,1,0,0,47,"맛, 맛있, 양"
naver,장인닭갈비 홍대점,bs****,36.0,2026.01.03,1번째 방문,영수증,오래간만에 홍대와서 잘 먹고 갑니다~^^~,23,True,,,,오래간만에 홍대와서 잘 먹고 갑니다~^^~,오래간만에 홍대와서 잘 먹고 갑니다,0,0,0,0,0,0,0,23,간
kakao,옥동식 서교점,ISTP,35.0,2025-02-16,,,후추와 월계수잎? 맛을 베이스로 한 깔끔한 맛인 것 같으나 특별히 맛있지는 않음. 미쉐린도 붙어있고 유튜브도 몇군데 나오니까 유명해진것 같음. 조용하고 정갈한 감성은 있어서 분위기는 좋음. 지리산에서 키운 버크셔K 등등 있어보이는 요소들은 많은데 솔직히 캐나다산 돼지고기로도 비슷한 맛 만들어낼 수 있을듯. 만두는 담백해서 국밥과 조화로웠던 것 같음. 고추지는 솔직히 무슨 맛인지 잘 모르겠음. 간장베이스 소스에 찍어먹는게 더 나을 것 같다는 생각이 듦. 10자리 정도 밖에 없어서 순환이 잘 되는 편은 아님. 화장실도 좁고 주차도 안됨.,301,False,2.0,3.6,실버 레벨,후추와 월계수잎? 맛을 베이스로 한 깔끔한 맛인 것 같으나 특별히 맛있지는 않음. 미쉐린도 붙어있고 유튜브도 몇군데 나오니까 유명해진것 같음. 조용하고 정갈한 감성은 있어서 분위기는 좋음. 지리산에서 키운 버크셔K 등등 있어보이는 요소들은 많은데 솔직히 캐나다산 돼지고기로도 비슷한 맛 만들어낼 수 있을듯. 만두는 담백해서 국밥과 조화로웠던 것 같음. 고추지는 솔직히 무슨 맛인지 잘 모르겠음. 간장베이스 소스에 찍어먹는게 더 나을 것 같다는 생각이 듦. 10자리 정도 밖에 없어서 순환이 잘 되는 편은 아님. 화장실도 좁고 주차도 안됨.,후추와 월계수잎 QUESTION 맛을 베이스로 한 깔끔한 맛인 것 같으나 특별히 맛있지는 않음 미쉐린도 붙어있고 유튜브도 몇군데 나오니까 유명해진것 같음 조용하고 정갈한 감성은 있어서 분위기는 좋음 지리산에서 키운 버크셔K 등등 있어보이는 요소들은 많은데 솔직히 캐나다산 돼지고기로도 비슷한 맛 만들어낼 수 있을듯 만두는 담백해서 국밥과 조화로웠던 것 같음 고추지는 솔직히 무슨 맛인지 잘 모르겠음 간장베이스 소스에 찍어먹는게 더 나을 것 같다는 생각이 듦 10자리 정도 밖에 없어서 순환이 잘 되는 편은 아님 화장실도 좁고 주차도 안됨,0,0,0,0,0,1,1,301,"맛, 맛있, 간, 고기, 밥, 소스"
naver,마포양지설렁탕,Kjssk,223.0,2025.06.04,1번째 방문,영수증,"おいしかったので、ほぼ完食！ 도가니, 수육 정말 맛있어요😋🥬🌶´-",35,True,,,,"おいしかったので、ほぼ完食！ 도가니, 수육 정말 맛있어요😋🥬🌶´-",도가니 수육 정말 맛있어요 EMO_POS,1,0,0,0,0,0,0,35,"맛, 맛있"
naver,각시보쌈,해피바이러스4149,3.0,2026.03.15,1번째 방문,영수증,"전엔 이러지 않았는데 서비스 너무 엉망입니다. 다신 안갑니다. 1) 벨이 없는 것까진 이해하나, 적어도 부르고 알겠다고 했음 와야하는 거 아닌가요? 결국 직접 가서 요청했습니다. 그리고 직원분 하는 말 들었는데 ""아 포장해달래?""라고 하시더군요. 그럼 저희가 부른 걸 인지하고 있었다는 건데 왜 그리 행동 하세요? 2) 전에는 콩나물국 리필하면 콩나물까지 다시 떠서 갔다 줬는데 오늘은 달라고 하니 그냥 주전자 가지고 와서 국물만 왕창 리필(한번 리필했습니다) 3) 남은 거 포장 요청하니 앞에서 장갑 끼고 막고 그리고 상식적으로 손님 포장해줄 용기를 본인 앞치마에 대고 있음 어떡합니다? 여긴 직원들 위생 교육도 안시키나요? 숟가락 젓가락엔 뭐가 많이 묻어있던데 세척한 거 맞나요? 안묻어있는거 찾는라 힘들었음",398,True,,,,"전엔 이러지 않았는데 서비스 너무 엉망입니다. 다신 안갑니다. 1) 벨이 없는 것까진 이해하나, 적어도 부르고 알겠다고 했음 와야하는 거 아닌가요? 결국 직접 가서 요청했습니다. 그리고 직원분 하는 말 들었는데 ""아 포장해달래?""라고 하시더군요. 그럼 저희가 부른 걸 인지하고 있었다는 건데 왜 그리 행동 하세요? 2) 전에는 콩나물국 리필하면 콩나물까지 다시 떠서 갔다 줬는데 오늘은 달라고 하니 그냥 주전자 가지고 와서 국물만 왕창 리필(한번 리필했습니다) 3) 남은 거 포장 요청하니 앞에서 장갑 끼고 막고 그리고 상식적으로 손님 포장해줄 용기를 본인 앞치마에 대고 있음 어떡합니다? 여긴 직원들 위생 교육도 안시키나요? 숟가락 젓가락엔 뭐가 많이 묻어있던데 세척한 거 맞나요? 안묻어있는거 찾는라 힘들었음",전엔 이러지 않았는데 서비스 너무 엉망입니다 다신 안갑니다 1 벨이 없는 것까진 이해하나 적어도 부르고 알겠다고 했음 와야하는 거 아닌가요 QUESTION 결국 직접 가서 요청했습니다 그리고 직원분 하는 말 들었는데 아 포장해달래 QUESTION 라고 하시더군요 그럼 저희가 부른 걸 인지하고 있었다는 건데 왜 그리 행동 하세요 QUESTION 2 전에는 콩나물국 리필하면 콩나물까지 다시 떠서 갔다 줬는데 오늘은 달라고 하니 그냥 주전자 가지고 와서 국물만 왕창 리필 한번 리필했습니다 3 남은 거 포장 요청하니 앞에서 장갑 끼고 막고 그리고 상식적으로 손님 포장해줄 용기를 본인 앞치마에 대고 있음 어떡합니다 QUESTION 여긴 직원들 위생 교육도 안시키나요 QUESTION 숟가락 젓가락엔 뭐가 많이 묻어있던데 세척한 거 맞나요 QUESTION 안묻어있는거 찾는라 힘들었음,0,0,0,0,0,1,1,398,"면, 국물"
naver,이태리국시 성수,땍띠희야,38.0,2026.04.21,1번째 방문,영수증,"특별한 곳에서 특별한 맛을 느낄수 있었어요 맛있어요~~감튀도 왜케 맛있는거죵,?ㅋㅋ덕분에 즐거운 데이트 했어요^^",63,True,,,,"특별한 곳에서 특별한 맛을 느낄수 있었어요 맛있어요~~감튀도 왜케 맛있는거죵,?ㅋㅋ덕분에 즐거운 데이트 했어요^^",특별한 곳에서 특별한 맛을 느낄수 있었어요 맛있어요 TILDE 감튀도 왜케 맛있는거죵 QUESTION 덕분에 즐거운 데이트 했어요,0,0,0,0,0,1,0,63,"맛, 맛있"
naver,쭌곱창,닉네임정하기싫은데,24.0,2026.04.14,1번째 방문,영수증,경의선숲길 쭉 따라가다보면 나오는 홍대 맛집입니다!! 약간 반지하라 분위기도 너무 좋고 아늑한 아지트입니다!!! 가격도 너무 합리적이고 음식도 진짜진짜 맛있습니다!!! 사장님도 너무 친절하시고 진짜 꼭 오세요ㅠㅠ 대표 사진에 사장님 사진이 있어서 너무 신기하고 재밌었는데 실제로도 너무너무 친절하시고 푸근하셨어요!!! 여기 안가면 손해예요 진짜 강추!!!,198,True,,,,경의선숲길 쭉 따라가다보면 나오는 홍대 맛집입니다!! 약간 반지하라 분위기도 너무 좋고 아늑한 아지트입니다!!! 가격도 너무 합리적이고 음식도 진짜진짜 맛있습니다!!! 사장님도 너무 친절하시고 진짜 꼭 오세요ㅠㅠ 대표 사진에 사장님 사진이 있어서 너무 신기하고 재밌었는데 실제로도 너무너무 친절하시고 푸근하셨어요!!! 여기 안가면 손해예요 진짜 강추!!!,경의선숲길 쭉 따라가다보면 나오는 홍대 맛집입니다 EXCLAM 약간 반지하라 분위기도 너무 좋고 아늑한 아지트입니다 EXCLAM 가격도 너무 합리적이고 음식도 진짜진짜 맛있습니다 EXCLAM 사장님도 너무 친절하시고 진짜 꼭 오세요 대표 사진에 사장님 사진이 있어서 너무 신기하고 재밌었는데 실제로도 너무너무 친절하시고 푸근하셨어요 EXCLAM 여기 안가면 손해예요 진짜 강추 EXCLAM,0,0,0,1,1,0,0,198,"맛, 맛있, 음식, 간, 면, 짜"
naver,굴다리식당,미식방랑가,1049.0,2025.09.20,1번째 방문,영수증,"김치찌개 3대 맛집이다. 누구든 이런 주장을 할 수 있지만 특히 공덕 마포 레지던스들에게는 확실하다. 나머지 둘은 잘 모르겠다. 김도훈 작가 책을 읽다가 바로 뛰어왔다. 책에서 공덕동 주민으로서의 행복을 얘기하면서 굴다리식당이 나왔다. 소문도 듣고 근처도 지나가고 했는데 먹어보지는 못했었다. 들어가자마자 느껴지는 포스가 이 집이구나 하는 안정감을 주었다. 둘이 가서 김치찌개, 제육볶음, 계란말이 무얼 먹어야 하나 고민하고 있었다. 메뉴는 딱 이렇게 세 개로 단순한데도. 바로 날라오는 ""3개 세트로 드릴까요?"". 내 고민을 한방에 날리고 내가 할 일은 한 가지. 빨간뚜껑있나요? 질좋은 돼지고기의 살과 비계가 아낌없이 들어간 김치찌개 국물부터 맛을 보았다. 도대체 이런 국물이라면 술을 얼마나 먹어야 하나?",397,True,,,,"김치찌개 3대 맛집이다. 누구든 이런 주장을 할 수 있지만 특히 공덕 마포 레지던스들에게는 확실하다. 나머지 둘은 잘 모르겠다. 김도훈 작가 책을 읽다가 바로 뛰어왔다. 책에서 공덕동 주민으로서의 행복을 얘기하면서 굴다리식당이 나왔다. 소문도 듣고 근처도 지나가고 했는데 먹어보지는 못했었다. 들어가자마자 느껴지는 포스가 이 집이구나 하는 안정감을 주었다. 둘이 가서 김치찌개, 제육볶음, 계란말이 무얼 먹어야 하나 고민하고 있었다. 메뉴는 딱 이렇게 세 개로 단순한데도. 바로 날라오는 ""3개 세트로 드릴까요?"". 내 고민을 한방에 날리고 내가 할 일은 한 가지. 빨간뚜껑있나요? 질좋은 돼지고기의 살과 비계가 아낌없이 들어간 김치찌개 국물부터 맛을 보았다. 도대체 이런 국물이라면 술을 얼마나 먹어야 하나?",김치찌개 3대 맛집이다 누구든 이런 주장을 할 수 있지만 특히 공덕 마포 레지던스들에게는 확실하다 나머지 둘은 잘 모르겠다 김도훈 작가 책을 읽다가 바로 뛰어왔다 책에서 공덕동 주민으로서의 행복을 얘기하면서 굴다리식당이 나왔다 소문도 듣고 근처도 지나가고 했는데 먹어보지는 못했었다 들어가자마자 느껴지는 포스가 이 집이구나 하는 안정감을 주었다 둘이 가서 김치찌개 제육볶음 계란말이 무얼 먹어야 하나 고민하고 있었다 메뉴는 딱 이렇게 세 개로 단순한데도 바로 날라오는 3개 세트로 드릴까요 QUESTION 내 고민을 한방에 날리고 내가 할 일은 한 가지 빨간뚜껑있나요 QUESTION 질좋은 돼지고기의 살과 비계가 아낌없이 들어간 김치찌개 국물부터 맛을 보았다 도대체 이런 국물이라면 술을 얼마나 먹어야 하나 QUESTION,0,0,0,0,0,1,1,397,"맛, 메뉴, 간, 고기, 면, 국물, 김치"
kakao,소문난성수감자탕,정직,152.0,2025-01-30,,,맛에 비해 줄이 길다고는 생각하는데 어차피 줄은 금방빠져서 금방먹을수있구요 맛있고 술마시기 좋아요,54,True,5.0,4.0,골드 레벨,맛에 비해 줄이 길다고는 생각하는데 어차피 줄은 금방빠져서 금방먹을수있구요 맛있고 술마시기 좋아요,맛에 비해 줄이 길다고는 생각하는데 어차피 줄은 금방빠져서 금방먹을수있구요 맛있고 술마시기 좋아요,0,0,0,0,0,0,0,54,"맛, 맛있"
naver,할머니의 레시피,폴맘96,1172.0,2025.11.22,1번째 방문,예약,음식이 다 맛나요!,10,True,,,,음식이 다 맛나요!,음식이 다 맛나요 EXCLAM,0,0,0,0,1,0,0,10,"맛, 음식"
kakao,뼈탄집 성수역점,오영현,1.0,2026-04-04,,,매장도 쾌적하고 무엇보다 뼈삼겹살 맛이 미쳤습니다!! 또 올게요,35,True,5.0,5.0,브론즈 레벨,매장도 쾌적하고 무엇보다 뼈삼겹살 맛이 미쳤습니다!! 또 올게요,매장도 쾌적하고 무엇보다 뼈삼겹살 맛이 미쳤습니다 EXCLAM 또 올게요,0,0,0,0,1,0,0,35,맛
kakao,소문난성수감자탕,미스터빈,216.0,2026-02-24,,,리뷰 보면 알겠지만 점원 태도 신경 안쓰는 편이지만 이 집은 개선이 좀 필요해보임 맛은 그냥 맛있는 감자탕임,60,True,2.0,3.3,실버 레벨,리뷰 보면 알겠지만 점원 태도 신경 안쓰는 편이지만 이 집은 개선이 좀 필요해보임 맛은 그냥 맛있는 감자탕임,리뷰 보면 알겠지만 점원 태도 신경 안쓰는 편이지만 이 집은 개선이 좀 필요해보임 맛은 그냥 맛있는 감자탕임,0,0,0,0,0,0,0,60,"맛, 맛있, 면, 감자탕"
naver,성수족발,쿠미쿠쿠,1188.0,2026.02.01,1번째 방문,영수증,완맛탱,3,True,,,,완맛탱,완맛탱,0,0,0,0,0,0,0,3,맛
naver,할머니의 레시피,랭이랍니다,224.0,2025.12.19,1번째 방문,예약,"음식이 깔끔하고 자극적이지 않고 맛있어요!! 기본반찬도 맛있고 메인도 맛있었어요. 오픈 5분전에 도착해서 기다리지 않고 바로 식사했고, 먹고 나올때쯤 만석이 되었어요~ 외국인손님이 많았습니다!! 매장도 멋졌어요!!",119,True,,,,"음식이 깔끔하고 자극적이지 않고 맛있어요!! 기본반찬도 맛있고 메인도 맛있었어요. 오픈 5분전에 도착해서 기다리지 않고 바로 식사했고, 먹고 나올때쯤 만석이 되었어요~ 외국인손님이 많았습니다!! 매장도 멋졌어요!!",음식이 깔끔하고 자극적이지 않고 맛있어요 EXCLAM 기본반찬도 맛있고 메인도 맛있었어요 오픈 5분전에 도착해서 기다리지 않고 바로 식사했고 먹고 나올때쯤 만석이 되었어요 외국인손님이 많았습니다 EXCLAM 매장도 멋졌어요 EXCLAM,0,0,0,0,1,0,1,119,"맛, 맛있, 음식, 반찬"
naver,훼미리손칼국수보쌈,foodkiller,1214.0,2026.04.15,2번째 방문,예약,보쌈이 진짜 맛있어요!! 잡내안남💥 3명이상이면 보쌈만 시켜도 되고 그 이하면 정식 시키면 됩니다,54,True,,,,보쌈이 진짜 맛있어요!! 잡내안남💥 3명이상이면 보쌈만 시켜도 되고 그 이하면 정식 시키면 됩니다,보쌈이 진짜 맛있어요 EXCLAM 잡내안남 3명이상이면 보쌈만 시켜도 되고 그 이하면 정식 시키면 됩니다,0,0,0,0,1,0,1,54,"맛, 맛있, 면, 보쌈, 잡내, 짜"
naver,태양곱창 성수점,jii****,6.0,2026.04.22,1번째 방문,영수증,양더 많거 맛잇어요 ㅎㅎㅎ,14,True,,,,양더 많거 맛잇어요 ㅎㅎㅎ,양더 많거 맛잇어요,0,0,0,0,0,0,0,14,"맛, 양"
naver,소문난성수감자탕,rna****,7.0,2026.01.25,1번째 방문,영수증,"음식맛, 위생을 다 떠나서 중국인인지 조선족인지 하얼빈 장첸처럼 말하는 여직원 진심 불친절을 넘어서 사가지없으심. 툴툴거리는건 기본에 직원들끼리 기싸움인지 서열싸움인지 계속 인상 찌푸린상태로 돌아다님. 의자에 옷걸어놨다고 본인 지나가기 불편하다고 짜증내는 식당직원 봤음? 들어오자마자 뭐먹을거냐고 압박하고, 메뉴 줄때도 개짜증내면서 비키라는식으로 음식놔줌; 혼나러 온줄;; 관광객 상대로 장사하면서 단체로 돌아버림?",232,False,,,,"음식맛, 위생을 다 떠나서 중국인인지 조선족인지 하얼빈 장첸처럼 말하는 여직원 진심 불친절을 넘어서 사가지없으심. 툴툴거리는건 기본에 직원들끼리 기싸움인지 서열싸움인지 계속 인상 찌푸린상태로 돌아다님. 의자에 옷걸어놨다고 본인 지나가기 불편하다고 짜증내는 식당직원 봤음? 들어오자마자 뭐먹을거냐고 압박하고, 메뉴 줄때도 개짜증내면서 비키라는식으로 음식놔줌; 혼나러 온줄;; 관광객 상대로 장사하면서 단체로 돌아버림?",음식맛 위생을 다 떠나서 중국인인지 조선족인지 하얼빈 장첸처럼 말하는 여직원 진심 불친절을 넘어서 사가지없으심 툴툴거리는건 기본에 직원들끼리 기싸움인지 서열싸움인지 계속 인상 찌푸린상태로 돌아다님 의자에 옷걸어놨다고 본인 지나가기 불편하다고 짜증내는 식당직원 봤음 QUESTION 들어오자마자 뭐먹을거냐고 압박하고 메뉴 줄때도 개짜증내면서 비키라는식으로 음식놔줌 혼나러 온줄 관광객 상대로 장사하면서 단체로 돌아버림 QUESTION,0,0,0,0,0,1,0,232,"맛, 메뉴, 음식, 면, 짜"
kakao,옥동식 서교점,마포맛쟁이,113.0,2026-04-21,,,곰탕 1티어 (무조건 특으로 먹을 것) +)2번째 방문 동식이형네는 참 김치가 맛나다,47,False,5.0,4.7,골드 레벨,곰탕 1티어 (무조건 특으로 먹을 것) +)2번째 방문 동식이형네는 참 김치가 맛나다,곰탕 1티어 무조건 특으로 먹을 것 2번째 방문 동식이형네는 참 김치가 맛나다,0,0,0,0,0,0,1,47,"맛, 김치"
kakao,황금콩밭,맛있는 건 잘 먹어요,9.0,2026-04-27,,,"두부 매니아로서 꼽는 인생 맛집입니다. 특히 두부전골 국물이 정말 개운하고 깔끔하고, 밑반찬 하나하나도 감동적인 맛이었어요.",69,False,5.0,4.4,실버 레벨,"두부 매니아로서 꼽는 인생 맛집입니다. 특히 두부전골 국물이 정말 개운하고 깔끔하고, 밑반찬 하나하나도 감동적인 맛이었어요.",두부 매니아로서 꼽는 인생 맛집입니다 특히 두부전골 국물이 정말 개운하고 깔끔하고 밑반찬 하나하나도 감동적인 맛이었어요,0,0,0,0,0,0,0,69,"맛, 국물, 반찬"
naver,원조 조박집 본관,수근68,2069.0,2025.11.03,7번째 방문,영수증,오랜만에 속초 여행 다녀오면서 저녁식사하러 들렀어요. 돼지갈비 2인분을 주문했어요. 서울 3대 돼지갈비 맛집으로 블루리본을 9번 받은 맛집이죠. 전 20여년 넘게 다니고 있죠. 저희 부모님 저희 가족들 다 좋아하는곳입니다. 20여년간 늘 한결같은 맛이네요. 동치미국수부터 식혜까지 다 맛있죠. 지금은 택배도 하네요. 한번 주문해 먹어야겠어요. 오늘도 돼지갈비 1인분 추가하고 밥 한공기와 된장찌개도 하나 주문해 먹었어요. 마지막 입가심으로 식혜까지 최애 맛집입니다. 오늘도 맛있게 잘 먹었습니다 ^^,279,True,,,,오랜만에 속초 여행 다녀오면서 저녁식사하러 들렀어요. 돼지갈비 2인분을 주문했어요. 서울 3대 돼지갈비 맛집으로 블루리본을 9번 받은 맛집이죠. 전 20여년 넘게 다니고 있죠. 저희 부모님 저희 가족들 다 좋아하는곳입니다. 20여년간 늘 한결같은 맛이네요. 동치미국수부터 식혜까지 다 맛있죠. 지금은 택배도 하네요. 한번 주문해 먹어야겠어요. 오늘도 돼지갈비 1인분 추가하고 밥 한공기와 된장찌개도 하나 주문해 먹었어요. 마지막 입가심으로 식혜까지 최애 맛집입니다. 오늘도 맛있게 잘 먹었습니다 ^^,오랜만에 속초 여행 다녀오면서 저녁식사하러 들렀어요 돼지갈비 2인분을 주문했어요 서울 3대 돼지갈비 맛집으로 블루리본을 9번 받은 맛집이죠 전 20여년 넘게 다니고 있죠 저희 부모님 저희 가족들 다 좋아하는곳입니다 20여년간 늘 한결같은 맛이네요 동치미국수부터 식혜까지 다 맛있죠 지금은 택배도 하네요 한번 주문해 먹어야겠어요 오늘도 돼지갈비 1인분 추가하고 밥 한공기와 된장찌개도 하나 주문해 먹었어요 마지막 입가심으로 식혜까지 최애 맛집입니다 오늘도 맛있게 잘 먹었습니다,0,0,0,0,0,0,1,279,"맛, 맛있, 간, 면, 밥"
kakao,을밀대 본점,오명우Ryanghyo(Clarity),34.0,2025-02-02,,,"뜨거운 여름철 시원하고 슴슴한 평양냉면, 녹두전 맛집",29,False,5.0,4.4,실버 레벨,"뜨거운 여름철 시원하고 슴슴한 평양냉면, 녹두전 맛집",뜨거운 여름철 시원하고 슴슴한 평양냉면 녹두전 맛집,0,0,0,0,0,0,0,29,"맛, 양, 면, 냉면"
kakao,이태리국시 성수,정승환,1.0,2026-04-22,,,여기 너무 맛있음…진짜…매일오고 싶어요,21,True,5.0,5.0,브론즈 레벨,여기 너무 맛있음…진짜…매일오고 싶어요,여기 너무 맛있음 진짜 매일오고 싶어요,0,0,0,0,0,0,0,21,"맛, 맛있, 짜"
naver,각시보쌈,바나나맛딸기,227.0,2025.09.27,1번째 방문,영수증,업장에서 먹는 건 대기가 길다고 해서 포장해왔습니다. 대기가 많은 이유가 있네요. 보쌈 많이 먹어봤는데 매우 훌륭해요.,66,True,,,,업장에서 먹는 건 대기가 길다고 해서 포장해왔습니다. 대기가 많은 이유가 있네요. 보쌈 많이 먹어봤는데 매우 훌륭해요.,업장에서 먹는 건 대기가 길다고 해서 포장해왔습니다 대기가 많은 이유가 있네요 보쌈 많이 먹어봤는데 매우 훌륭해요,0,0,0,0,0,0,0,66,보쌈
kakao,을밀대 본점,바깥밥백선생,95.0,2025-02-17,,,“거냉 양많이에 녹두전이요” 가게 문턱 넘어서며 숨쉬듯 내뱉는 주문입니다. 육수맛은 물론이고 면이 굵기 적당하게 탱글하고 메밀향 가득해서 먹을 때마다 만족스럽고 기분이 좋아요. 녹두전은 기름에 바싹 튀기다싶이 해서 아주 바삭바삭하고 녹두보다 고기의 비율이 현저히 높습니다. 이건 좀 기름져서 호불호가 갈릴 수는 있겠는데 저는 매번 맛있게 먹습니다. 변함없이 맛 유지해 주셔서 감사합니다. 오래오래 번창하십시오.,229,False,5.0,3.7,골드 레벨,“거냉 양많이에 녹두전이요” 가게 문턱 넘어서며 숨쉬듯 내뱉는 주문입니다. 육수맛은 물론이고 면이 굵기 적당하게 탱글하고 메밀향 가득해서 먹을 때마다 만족스럽고 기분이 좋아요. 녹두전은 기름에 바싹 튀기다싶이 해서 아주 바삭바삭하고 녹두보다 고기의 비율이 현저히 높습니다. 이건 좀 기름져서 호불호가 갈릴 수는 있겠는데 저는 매번 맛있게 먹습니다. 변함없이 맛 유지해 주셔서 감사합니다. 오래오래 번창하십시오.,거냉 양많이에 녹두전이요 가게 문턱 넘어서며 숨쉬듯 내뱉는 주문입니다 육수맛은 물론이고 면이 굵기 적당하게 탱글하고 메밀향 가득해서 먹을 때마다 만족스럽고 기분이 좋아요 녹두전은 기름에 바싹 튀기다싶이 해서 아주 바삭바삭하고 녹두보다 고기의 비율이 현저히 높습니다 이건 좀 기름져서 호불호가 갈릴 수는 있겠는데 저는 매번 맛있게 먹습니다 변함없이 맛 유지해 주셔서 감사합니다 오래오래 번창하십시오,0,0,0,0,0,0,0,229,"맛, 맛있, 양, 고기, 면"
naver,락희옥 마포본점,오호2881,4.0,2025.10.31,1번째 방문,영수증,음식이 맛있고 직원이 친절합니다. 모임 장소로 추천!,29,False,,,,음식이 맛있고 직원이 친절합니다. 모임 장소로 추천!,음식이 맛있고 직원이 친절합니다 모임 장소로 추천 EXCLAM,0,0,0,0,1,0,0,29,"맛, 맛있, 음식"
kakao,육지,박준규,2.0,2025-08-29,,,정말 맛있고 다 구워줘서 편하고 좋아요 고기가 감칠맛도 대단하네요!! 근처 고기집중 최고입니다!!,54,True,5.0,5.0,브론즈 레벨,정말 맛있고 다 구워줘서 편하고 좋아요 고기가 감칠맛도 대단하네요!! 근처 고기집중 최고입니다!!,정말 맛있고 다 구워줘서 편하고 좋아요 고기가 감칠맛도 대단하네요 EXCLAM 근처 고기집중 최고입니다 EXCLAM,0,0,0,0,1,0,0,54,"맛, 맛있, 고기"
kakao,홍대 조선시대,아몬드,4.0,2026-02-23,,,음식도 맛있고 말차 막걸리가 엄청 맛나요!!!!,26,True,5.0,2.0,브론즈 레벨,음식도 맛있고 말차 막걸리가 엄청 맛나요!!!!,음식도 맛있고 말차 막걸리가 엄청 맛나요 EXCLAM,0,0,0,0,1,0,0,26,"맛, 맛있, 음식"
naver,이태리국시 성수,하네지1,22.0,2026.03.01,1번째 방문,영수증,음식이 특별하고 맛있었어요. 데이트 하러 왔습니다 한식이랑 퓨전인 것 같아서 신기해서 먹어봤는데 너무 맛있습니다. 분위기도 너무 좋고 직원들도 친절하셔서 너무 맛있게 먹었습니다! 번창하세요💜💜,107,True,,,,음식이 특별하고 맛있었어요. 데이트 하러 왔습니다 한식이랑 퓨전인 것 같아서 신기해서 먹어봤는데 너무 맛있습니다. 분위기도 너무 좋고 직원들도 친절하셔서 너무 맛있게 먹었습니다! 번창하세요💜💜,음식이 특별하고 맛있었어요 데이트 하러 왔습니다 한식이랑 퓨전인 것 같아서 신기해서 먹어봤는데 너무 맛있습니다 분위기도 너무 좋고 직원들도 친절하셔서 너무 맛있게 먹었습니다 EXCLAM 번창하세요 EMO_POS EMO_POS,1,0,0,0,1,0,0,107,"맛, 맛있, 음식"
kakao,옥동식 서교점,사람다워야지,3.0,2025-07-22,,,남자면 특이 맞는 거 같습니다 생각보다 고기가 양이 많고 비계가 탄력이 있습니다 깨끗하고 좋은 고기를 먹는다는 느낌이 듭니다 밥은 약간 설익은 느낌인데 의도한 느낌이 듭니다 국물이 넘 맛있습니다 국물 간이 밍밍하다고 처음에는 느꼈는데 나중에 먹어보니 간이 적당하다고 느꼈습니다,154,False,5.0,2.3,브론즈 레벨,남자면 특이 맞는 거 같습니다 생각보다 고기가 양이 많고 비계가 탄력이 있습니다 깨끗하고 좋은 고기를 먹는다는 느낌이 듭니다 밥은 약간 설익은 느낌인데 의도한 느낌이 듭니다 국물이 넘 맛있습니다 국물 간이 밍밍하다고 처음에는 느꼈는데 나중에 먹어보니 간이 적당하다고 느꼈습니다,남자면 특이 맞는 거 같습니다 생각보다 고기가 양이 많고 비계가 탄력이 있습니다 깨끗하고 좋은 고기를 먹는다는 느낌이 듭니다 밥은 약간 설익은 느낌인데 의도한 느낌이 듭니다 국물이 넘 맛있습니다 국물 간이 밍밍하다고 처음에는 느꼈는데 나중에 먹어보니 간이 적당하다고 느꼈습니다,0,0,0,0,0,0,0,154,"맛, 맛있, 양, 간, 고기, 면, 밥, 국물"
naver,락희옥 마포본점,shull,61.0,2025.07.23,1번째 방문,영수증,정갈하게 음식이 나와서 종종 와요! 부모님 모시고 오기 좋습니다 :) 가게도 넓어서 모임하기 딱이에요!,57,True,,,,정갈하게 음식이 나와서 종종 와요! 부모님 모시고 오기 좋습니다 :) 가게도 넓어서 모임하기 딱이에요!,정갈하게 음식이 나와서 종종 와요 EXCLAM 부모님 모시고 오기 좋습니다 가게도 넓어서 모임하기 딱이에요 EXCLAM,0,0,0,0,1,0,0,57,음식
naver,락희옥 마포본점,우꺄72,32.0,2025.10.31,1번째 방문,영수증,음식이 맛있고 친절해요!,13,True,,,,음식이 맛있고 친절해요!,음식이 맛있고 친절해요 EXCLAM,0,0,0,0,1,0,0,13,"맛, 맛있, 음식"
naver,옥동식,맛기,663.0,2025.05.20,1번째 방문,영수증,국밥 깔끔하고 맛있습니다.😀,15,True,,,,국밥 깔끔하고 맛있습니다.😀,국밥 깔끔하고 맛있습니다 EMO_POS,1,0,0,0,0,0,0,15,"맛, 맛있, 밥"
kakao,능동미나리 성수점,망고스틴126,29.0,2025-08-10,,,미나리수육전골 짱맛.. 웨이팅할만한 가치가 있습니다 ㅎㅎ,31,True,5.0,4.2,실버 레벨,미나리수육전골 짱맛.. 웨이팅할만한 가치가 있습니다 ㅎㅎ,미나리수육전골 짱맛 웨이팅할만한 가치가 있습니다,0,0,0,0,0,0,0,31,맛
naver,각시보쌈,JoRi,1122.0,2025.07.05,1번째 방문,영수증,각시정식 2인분... 정말 가성비 최고입니다👍👍👍 반찬도 깔끔하게 맛있었어요 합정 주변 밥집으로 대추천해용☺️,61,True,,,,각시정식 2인분... 정말 가성비 최고입니다👍👍👍 반찬도 깔끔하게 맛있었어요 합정 주변 밥집으로 대추천해용☺️,각시정식 2인분 정말 가성비 최고입니다 EMO_POS EMO_POS EMO_POS 반찬도 깔끔하게 맛있었어요 합정 주변 밥집으로 대추천해용,1,0,0,0,0,0,1,61,"맛, 맛있, 밥, 반찬"
naver,조선시대,KkkkkkK,50.0,2026.04.06,1번째 방문,영수증,너무 맛있네요 특별한 메뉴도 있어요 강추,22,True,,,,너무 맛있네요 특별한 메뉴도 있어요 강추,너무 맛있네요 특별한 메뉴도 있어요 강추,0,0,0,0,0,0,0,22,"맛, 맛있, 메뉴"
naver,장인닭갈비 홍대점,오야44,21.0,2026.01.01,1번째 방문,영수증,진짜맛잇어용 다시 오고싶어요❤️❤️❤️❤️,23,True,,,,진짜맛잇어용 다시 오고싶어요❤️❤️❤️❤️,진짜맛잇어용 다시 오고싶어요 EMO_POS EMO_POS EMO_POS EMO_POS,1,0,0,0,0,0,0,23,"맛, 짜"
naver,할머니의 레시피,Dkssjjd,577.0,2025.08.15,1번째 방문,영수증,점심 끝자락 2시넘어갔는데도 30분 기다렸어요 좀 심하네요 ㅎ 불고기비빔밥 정식 맛나요 재방문의사 ✔️,57,True,,,,점심 끝자락 2시넘어갔는데도 30분 기다렸어요 좀 심하네요 ㅎ 불고기비빔밥 정식 맛나요 재방문의사 ✔️,점심 끝자락 2시넘어갔는데도 30분 기다렸어요 좀 심하네요 불고기비빔밥 정식 맛나요 재방문의사,0,0,0,0,0,0,1,57,"맛, 고기, 밥"
kakao,육산장 홍대본점,정수아,3.0,2025-07-18,,,너무 맛있어요!!!!,11,True,5.0,5.0,브론즈 레벨,너무 맛있어요!!!!,너무 맛있어요 EXCLAM,0,0,0,0,1,0,0,11,"맛, 맛있"
naver,이태리국시 성수,김밥사랑이야요,20.0,2026.04.01,1번째 방문,영수증,친구들이랑 오랜만에 함께 만난 오늘 즐거운 시간을 보내기위해 찾은 이태리국시를 방문했습니다. 식사하면서 친절한 직원들과 맛있는 음식으로 눈과입이 즐거운 시간을 가졌습니다. 다음에 또 성수에 오면 반드시 재방문할거예요.😁,122,True,,,,친구들이랑 오랜만에 함께 만난 오늘 즐거운 시간을 보내기위해 찾은 이태리국시를 방문했습니다. 식사하면서 친절한 직원들과 맛있는 음식으로 눈과입이 즐거운 시간을 가졌습니다. 다음에 또 성수에 오면 반드시 재방문할거예요.😁,친구들이랑 오랜만에 함께 만난 오늘 즐거운 시간을 보내기위해 찾은 이태리국시를 방문했습니다 식사하면서 친절한 직원들과 맛있는 음식으로 눈과입이 즐거운 시간을 가졌습니다 다음에 또 성수에 오면 반드시 재방문할거예요 EMO_POS,1,0,0,0,0,0,0,122,"맛, 맛있, 음식, 간, 면"
kakao,육산장 홍대본점,올마이트,64.0,2026-04-30,,,"하 진짜 기대안했는데 흔한 고기집이라고 생각한 내 자신이 부끄럽고 죄스러움. 가성비, 맛, 서비스 뺄게 없음 우선 고기를 좋아한다면 3-4인 세트로 추천 드림. 그리고 찌개를 무조건 시켜야함. 그러고 나서 바로 셀프바로 가서 자신이 먹는것을 잘 담고 구워진 두부를 2점 정도 챙겨야 함. (나중에 찌개나오면 넣으셈) 특제소스 마늘소스 미친거 같음. 개인적으로 애입맛이라 그런 소스를 좋아하기도 하지만 또띠아(사진참고)도 제공되서 선택지가 많아지는게 걍 식사 시간 자체가 되게 풍부했음. 고기도 진짜 맛있고.. 양 많고 아 그냥 너무 맛있게먹음 ㅡㅡ 홍대 특성상 외국인 많은데 내가 외국인 친구있으면 여기 멱살잡고 협박해서라도 데려옴.",354,True,5.0,3.7,실버 레벨,"하 진짜 기대안했는데 흔한 고기집이라고 생각한 내 자신이 부끄럽고 죄스러움. 가성비, 맛, 서비스 뺄게 없음 우선 고기를 좋아한다면 3-4인 세트로 추천 드림. 그리고 찌개를 무조건 시켜야함. 그러고 나서 바로 셀프바로 가서 자신이 먹는것을 잘 담고 구워진 두부를 2점 정도 챙겨야 함. (나중에 찌개나오면 넣으셈) 특제소스 마늘소스 미친거 같음. 개인적으로 애입맛이라 그런 소스를 좋아하기도 하지만 또띠아(사진참고)도 제공되서 선택지가 많아지는게 걍 식사 시간 자체가 되게 풍부했음. 고기도 진짜 맛있고.. 양 많고 아 그냥 너무 맛있게먹음 ㅡㅡ 홍대 특성상 외국인 많은데 내가 외국인 친구있으면 여기 멱살잡고 협박해서라도 데려옴.",하 진짜 기대안했는데 흔한 고기집이라고 생각한 내 자신이 부끄럽고 죄스러움 가성비 맛 서비스 뺄게 없음 우선 고기를 좋아한다면 3 4인 세트로 추천 드림 그리고 찌개를 무조건 시켜야함 그러고 나서 바로 셀프바로 가서 자신이 먹는것을 잘 담고 구워진 두부를 2점 정도 챙겨야 함 나중에 찌개나오면 넣으셈 특제소스 마늘소스 미친거 같음 개인적으로 애입맛이라 그런 소스를 좋아하기도 하지만 또띠아 사진참고 도 제공되서 선택지가 많아지는게 걍 식사 시간 자체가 되게 풍부했음 고기도 진짜 맛있고 양 많고 아 그냥 너무 맛있게먹음 홍대 특성상 외국인 많은데 내가 외국인 친구있으면 여기 멱살잡고 협박해서라도 데려옴,0,0,0,0,0,0,1,354,"맛, 맛있, 양, 간, 고기, 면, 소스, 짜"
kakao,홍대 조선시대,FOXY,1.0,2026-04-08,,,맛있어용,4,True,5.0,5.0,브론즈 레벨,맛있어용,맛있어용,0,0,0,0,0,0,0,4,"맛, 맛있"
naver,할머니의 레시피,Lllllloooo,1051.0,2025.12.07,1번째 방문,영수증,골목길 위치 외국인 손님 많음 반찬 가짓수는 많은데 젓가락질 한번에 없어질 양 반찬좀 더 챙겨주지 고기는 양이 적당히 많았음 맛도 괜찮음,76,True,,,,골목길 위치 외국인 손님 많음 반찬 가짓수는 많은데 젓가락질 한번에 없어질 양 반찬좀 더 챙겨주지 고기는 양이 적당히 많았음 맛도 괜찮음,골목길 위치 외국인 손님 많음 반찬 가짓수는 많은데 젓가락질 한번에 없어질 양 반찬좀 더 챙겨주지 고기는 양이 적당히 많았음 맛도 괜찮음,0,0,0,0,0,0,0,76,"맛, 양, 고기, 반찬"
naver,홍대 육지,나초감,332.0,2026.03.21,1번째 방문,영수증,"육지 첫번 째 방문후기에요 4시정도로 애매한 시간대에 방문했어요!! 저희가 주문한 메뉴는 (3인) 모둠고기 한상(450g) 59,000원 화산 계란찜 6,000원 진로 5,500원 테라 6,000원 매장 내부가 독특했어요 뭔가 컨셉이 엄청난 자리도 생각보다 넉넉한편 근데 전반적으로 가격이 좀 비싸고 고기 퀄이 아쉬웠어요... 재방문은 음....",193,True,,,,"육지 첫번 째 방문후기에요 4시정도로 애매한 시간대에 방문했어요!! 저희가 주문한 메뉴는 (3인) 모둠고기 한상(450g) 59,000원 화산 계란찜 6,000원 진로 5,500원 테라 6,000원 매장 내부가 독특했어요 뭔가 컨셉이 엄청난 자리도 생각보다 넉넉한편 근데 전반적으로 가격이 좀 비싸고 고기 퀄이 아쉬웠어요... 재방문은 음....",육지 첫번 째 방문후기에요 4시정도로 애매한 시간대에 방문했어요 EXCLAM 저희가 주문한 메뉴는 3인 모둠고기 한상 450g 59 000원 화산 계란찜 6 000원 진로 5 500원 테라 6 000원 매장 내부가 독특했어요 뭔가 컨셉이 엄청난 자리도 생각보다 넉넉한편 근데 전반적으로 가격이 좀 비싸고 고기 퀄이 아쉬웠어요 재방문은 음,0,0,0,0,1,0,1,193,"메뉴, 간, 고기"
naver,능동미나리 성수지점,막개,46.0,2026.01.26,1번째 방문,예약,미나리육회비빔밥 먹었습니다! 기대 안 했는데 정~~말 맛있어요 미나리 향이 아주가득가득 넘쳐서 입이 행복해용^3^,63,True,,,,미나리육회비빔밥 먹었습니다! 기대 안 했는데 정~~말 맛있어요 미나리 향이 아주가득가득 넘쳐서 입이 행복해용^3^,미나리육회비빔밥 먹었습니다 EXCLAM 기대 안 했는데 정 TILDE 말 맛있어요 미나리 향이 아주가득가득 넘쳐서 입이 행복해용 3,0,0,0,0,1,0,1,63,"맛, 맛있, 밥"
naver,보끔당 성수점,복89,52.0,2026.03.25,1번째 방문,영수증,성수 직장인의 n번째 또간집입니다!.ᐟ 묵은지 닭볶음탕 최고에용 맵싹한 거 땡길때 무조건 보끔당 와요 ㅎㅎ,59,True,,,,성수 직장인의 n번째 또간집입니다!.ᐟ 묵은지 닭볶음탕 최고에용 맵싹한 거 땡길때 무조건 보끔당 와요 ㅎㅎ,성수 직장인의 n번째 또간집입니다 EXCLAM 묵은지 닭볶음탕 최고에용 맵싹한 거 땡길때 무조건 보끔당 와요,0,0,0,0,1,0,0,59,"간, 맵"
kakao,장인닭갈비 홍대점,참파,7.0,2025-09-09,,,광고글 엄청 많네요 1인분에 만이천원인데 닭고기 어린아이가 먹을정도의 양과 양배추만 있음 사리는 모두 추가옵션인데 이것도 말 잘해야됨 나중에 말하면 혼남 철판닭갈비 집인데 불을 못킴 불 키면 또 혼남 밥 볶는 것도 공깃밥 남은 거 볶으면 안 됨! 꼭 볶음밥 추가해야지 안 그러면 직원이 손님 또 혼냄ㅋㅋ 돈 주고 하대받고싶은 사람들만 와야되는 가게.. 덜덜.. 내부에 외국인들 많던데 … ㅋㅋ 이딴 걸 한식이라고 파는 건가..? 싶음 그냥 상상하는 그 이하의 닭갈비 급식닭갈비 기내식 닭갈비 편의점 도시락 닭갈비 보다도 못함 완조리가 언제된지 모르는 차갑게 식은 비계덩어리와 눅진 양배추를 입안 가득 씹으며 닭갈비라고 최면 100번 걸어야 닭갈비 먹는 느낌 해외여행 10개국 넘게 가봤는데 그 나라에서먹은 짭닭갈비가 여기보단 맛있었음 가게 위생도 .. 상상하는 그 수준이고 여기서 이 돈 주고 닭갈비 먹을 바에 편의점에서 마크정식 먹고 후식으로 하겐다즈 드시는게 현명할듯 악플리뷰 잘 안 다는데 여기는 시간내서 악플 쓰고싶을 정도의 서비스와 맛임.,530,True,1.0,3.3,브론즈 레벨,광고글 엄청 많네요 1인분에 만이천원인데 닭고기 어린아이가 먹을정도의 양과 양배추만 있음 사리는 모두 추가옵션인데 이것도 말 잘해야됨 나중에 말하면 혼남 철판닭갈비 집인데 불을 못킴 불 키면 또 혼남 밥 볶는 것도 공깃밥 남은 거 볶으면 안 됨! 꼭 볶음밥 추가해야지 안 그러면 직원이 손님 또 혼냄ㅋㅋ 돈 주고 하대받고싶은 사람들만 와야되는 가게.. 덜덜.. 내부에 외국인들 많던데 … ㅋㅋ 이딴 걸 한식이라고 파는 건가..? 싶음 그냥 상상하는 그 이하의 닭갈비 급식닭갈비 기내식 닭갈비 편의점 도시락 닭갈비 보다도 못함 완조리가 언제된지 모르는 차갑게 식은 비계덩어리와 눅진 양배추를 입안 가득 씹으며 닭갈비라고 최면 100번 걸어야 닭갈비 먹는 느낌 해외여행 10개국 넘게 가봤는데 그 나라에서먹은 짭닭갈비가 여기보단 맛있었음 가게 위생도 .. 상상하는 그 수준이고 여기서 이 돈 주고 닭갈비 먹을 바에 편의점에서 마크정식 먹고 후식으로 하겐다즈 드시는게 현명할듯 악플리뷰 잘 안 다는데 여기는 시간내서 악플 쓰고싶을 정도의 서비스와 맛임.,광고글 엄청 많네요 1인분에 만이천원인데 닭고기 어린아이가 먹을정도의 양과 양배추만 있음 사리는 모두 추가옵션인데 이것도 말 잘해야됨 나중에 말하면 혼남 철판닭갈비 집인데 불을 못킴 불 키면 또 혼남 밥 볶는 것도 공깃밥 남은 거 볶으면 안 됨 EXCLAM 꼭 볶음밥 추가해야지 안 그러면 직원이 손님 또 혼냄 돈 주고 하대받고싶은 사람들만 와야되는 가게 덜덜 내부에 외국인들 많던데 이딴 걸 한식이라고 파는 건가 QUESTION 싶음 그냥 상상하는 그 이하의 닭갈비 급식닭갈비 기내식 닭갈비 편의점 도시락 닭갈비 보다도 못함 완조리가 언제된지 모르는 차갑게 식은 비계덩어리와 눅진 양배추를 입안 가득 씹으며 닭갈비라고 최면 100번 걸어야 닭갈비 먹는 느낌 해외여행 10개국 넘게 가봤는데 그 나라에서먹은 짭닭갈비가 여기보단 맛있었음 가게 위생도 상상하는 그 수준이고 여기서 이 돈 주고 닭갈비 먹을 바에 편의점에서 마크정식 먹고 후식으로 하겐다즈 드시는게 현명할듯 악플리뷰 잘 안 다는데 여기는 시간내서 악플 쓰고싶을 정도의 서비스와 맛임,0,0,0,0,1,1,1,530,"맛, 맛있, 양, 간, 고기, 면, 밥"
naver,락희옥 마포본점,spa****,43.0,2025.09.21,1번째 방문,영수증,락희옥 맛있어요~~ 점심 메뉴도 알차고 가성비있고 좋아요 종종 오게 됩니다~!,43,True,,,,락희옥 맛있어요~~ 점심 메뉴도 알차고 가성비있고 좋아요 종종 오게 됩니다~!,락희옥 맛있어요 TILDE 점심 메뉴도 알차고 가성비있고 좋아요 종종 오게 됩니다 EXCLAM,0,0,0,0,1,0,0,43,"맛, 맛있, 메뉴"
naver,을밀대 평양냉면,키키와두치,777.0,2025.07.29,1번째 방문,영수증,맛있어요 특히 고기 가득 녹두전 최고!,21,True,,,,맛있어요 특히 고기 가득 녹두전 최고!,맛있어요 특히 고기 가득 녹두전 최고 EXCLAM,0,0,0,0,1,0,0,21,"맛, 맛있, 고기"
kakao,뼈탄집 성수역점,김호진,1.0,2026-04-06,,,진짜 너무 맛있어요 맛도 맛인데 서비스가 너무 좋으셔서 100점만점에 300점 입니다 ..,50,True,5.0,5.0,브론즈 레벨,진짜 너무 맛있어요 맛도 맛인데 서비스가 너무 좋으셔서 100점만점에 300점 입니다 ..,진짜 너무 맛있어요 맛도 맛인데 서비스가 너무 좋으셔서 100점만점에 300점 입니다,0,0,0,0,0,0,1,50,"맛, 맛있, 짜"
kakao,홍대 조선시대,이다연,1.0,2026-03-09,,,넘 친잘하구 마싯어욤~|| 안주도 맛있고 자주올듯요,28,False,5.0,5.0,브론즈 레벨,넘 친잘하구 마싯어욤~|| 안주도 맛있고 자주올듯요,넘 친잘하구 마싯어욤 안주도 맛있고 자주올듯요,0,0,0,0,0,0,0,28,"맛, 맛있"
kakao,장인닭갈비 홍대점,ᰔ,50.0,2025-08-06,,,맛있는데 전통 닭갈비라고 하기에는 양배추랑 닭만 들어있었어요 고구마 떡사리 이런거 하나도 없고 외국인이 많아수 그런가 단맛이 강해요 한국인반 외국인반인 식당 맛은 나쁘지 않았어요~~~👍🏻,104,False,4.0,3.7,실버 레벨,맛있는데 전통 닭갈비라고 하기에는 양배추랑 닭만 들어있었어요 고구마 떡사리 이런거 하나도 없고 외국인이 많아수 그런가 단맛이 강해요 한국인반 외국인반인 식당 맛은 나쁘지 않았어요~~~👍🏻,맛있는데 전통 닭갈비라고 하기에는 양배추랑 닭만 들어있었어요 고구마 떡사리 이런거 하나도 없고 외국인이 많아수 그런가 단맛이 강해요 한국인반 외국인반인 식당 맛은 나쁘지 않았어요 TILDE EMO_POS,1,0,0,0,0,0,0,104,"맛, 맛있, 양"
kakao,능동미나리 성수점,메롱,1.0,2026-01-26,,,전에 방문했을때 웨이팅이 길어서 비빔밥 포장했었는데 맛있었음 담에 한번 더 매장 방문해서 먹고싶은맛,55,True,5.0,5.0,브론즈 레벨,전에 방문했을때 웨이팅이 길어서 비빔밥 포장했었는데 맛있었음 담에 한번 더 매장 방문해서 먹고싶은맛,전에 방문했을때 웨이팅이 길어서 비빔밥 포장했었는데 맛있었음 담에 한번 더 매장 방문해서 먹고싶은맛,0,0,0,0,0,0,0,55,"맛, 맛있, 밥"
naver,을밀대 평양냉면,JJINX,673.0,2025.07.10,1번째 방문,영수증,"물냉면, 녹두전 시원하니 깔끔한 맛. 여름철에 먹으면 👍 하지만 웨이팅이 너무 길어서 재방문은 없을 것 같아요.. 평일 점심시간에 40분정도 웨이팅 했어요 주차는 한진빌딩에 했고(주차 웨이팅도 🫠) 드시고 주차권에 도장받으시면 1시간은 무료에요 저희는 1시간 넘어서 추가요금 1400원 나왔네요",164,True,,,,"물냉면, 녹두전 시원하니 깔끔한 맛. 여름철에 먹으면 👍 하지만 웨이팅이 너무 길어서 재방문은 없을 것 같아요.. 평일 점심시간에 40분정도 웨이팅 했어요 주차는 한진빌딩에 했고(주차 웨이팅도 🫠) 드시고 주차권에 도장받으시면 1시간은 무료에요 저희는 1시간 넘어서 추가요금 1400원 나왔네요",물냉면 녹두전 시원하니 깔끔한 맛 여름철에 먹으면 EMO_POS 하지만 웨이팅이 너무 길어서 재방문은 없을 것 같아요 평일 점심시간에 40분정도 웨이팅 했어요 주차는 한진빌딩에 했고 주차 웨이팅도 드시고 주차권에 도장받으시면 1시간은 무료에요 저희는 1시간 넘어서 추가요금 1400원 나왔네요,1,0,0,0,0,0,1,164,"맛, 간, 면, 냉면"
naver,소문난성수감자탕,킁카킁카로로,121.0,2026.03.08,1번째 방문,영수증,"소오오오문난 감자탕이래서 줄도 길고 기대하고 먹었는데 맛은 적당히 좋고, 고기는 확실히 푸짐하긴 했어요! 근데 매장 바쁘게 굴러간다고.. 직원분이 너무 날카롭고 퉁명스럽게 소리 지르면서 안내해주셔서 분위기는 좀 별로였어요;; 재방문 의사는 잘 모르겠습니다..",144,False,,,,"소오오오문난 감자탕이래서 줄도 길고 기대하고 먹었는데 맛은 적당히 좋고, 고기는 확실히 푸짐하긴 했어요! 근데 매장 바쁘게 굴러간다고.. 직원분이 너무 날카롭고 퉁명스럽게 소리 지르면서 안내해주셔서 분위기는 좀 별로였어요;; 재방문 의사는 잘 모르겠습니다..",소오오문난 감자탕이래서 줄도 길고 기대하고 먹었는데 맛은 적당히 좋고 고기는 확실히 푸짐하긴 했어요 EXCLAM 근데 매장 바쁘게 굴러간다고 직원분이 너무 날카롭고 퉁명스럽게 소리 지르면서 안내해주셔서 분위기는 좀 별로였어요 재방문 의사는 잘 모르겠습니다,0,0,0,0,1,0,0,144,"맛, 간, 고기, 면, 감자탕"
naver,홍대 육지,오잉731,7.0,2026.04.24,1번째 방문,영수증,"고기를 구워주셔서 먹는 내내 편했고, 주문한 메뉴 모두 넘 마싯어용! 조만간 또 방문할 것 같은 곳입니다🥹",59,True,,,,"고기를 구워주셔서 먹는 내내 편했고, 주문한 메뉴 모두 넘 마싯어용! 조만간 또 방문할 것 같은 곳입니다🥹",고기를 구워주셔서 먹는 내내 편했고 주문한 메뉴 모두 넘 마싯어용 EXCLAM 조만간 또 방문할 것 같은 곳입니다,0,0,0,0,1,0,0,59,"메뉴, 간, 고기"
naver,조선시대,길리버 여행기,2213.0,2026.04.01,1번째 방문,예약,홍대에 이런 이색 테마 술집이 있는줄 처음 알았어요 ㅋㅋㅋ 포토존으로 찍을곳도 많고 거기다가 안주와 막걸리가 너무 맛있어서 또 갈 예정이에요!,79,True,,,,홍대에 이런 이색 테마 술집이 있는줄 처음 알았어요 ㅋㅋㅋ 포토존으로 찍을곳도 많고 거기다가 안주와 막걸리가 너무 맛있어서 또 갈 예정이에요!,홍대에 이런 이색 테마 술집이 있는줄 처음 알았어요 포토존으로 찍을곳도 많고 거기다가 안주와 막걸리가 너무 맛있어서 또 갈 예정이에요 EXCLAM,0,0,0,0,1,0,0,79,"맛, 맛있"
kakao,홍대 조선시대,김태희,1.0,2026-01-03,,,너무 맛있고 분위도 조아요!!,16,True,5.0,5.0,브론즈 레벨,너무 맛있고 분위도 조아요!!,너무 맛있고 분위도 조아요 EXCLAM,0,0,0,0,1,0,0,16,"맛, 맛있"
naver,보끔당 성수점,즐겁게 먹을줄아는 냠냠이,203.0,2026.04.03,2번째 방문,영수증,오! 넘나 맛나요~ 특히 꽈리고추가 킥이에요! 강추~~,30,True,,,,오! 넘나 맛나요~ 특히 꽈리고추가 킥이에요! 강추~~,오 EXCLAM 넘나 맛나요 특히 꽈리고추가 킥이에요 EXCLAM 강추 TILDE,0,0,0,0,1,0,0,30,맛
naver,홍대 육지,you****,12.0,2026.04.18,1번째 방문,영수증,"고기 진짜 맛있게 먹고 왔어요. 육즙도 살아있고 잡내 없이 깔끔해서 계속 손이 가더라고요. 굽기도 딱 적당하게 나와서 따로 손댈 필요도 없었고, 같이 나온 반찬들이랑도 조합이 잘 맞아서 더 만족스러웠습니다. 오랜만에 제대로 된 고기 먹은 느낌이라 다음에 또 방문할 생각이에요. 하",156,True,,,,"고기 진짜 맛있게 먹고 왔어요. 육즙도 살아있고 잡내 없이 깔끔해서 계속 손이 가더라고요. 굽기도 딱 적당하게 나와서 따로 손댈 필요도 없었고, 같이 나온 반찬들이랑도 조합이 잘 맞아서 더 만족스러웠습니다. 오랜만에 제대로 된 고기 먹은 느낌이라 다음에 또 방문할 생각이에요. 하",고기 진짜 맛있게 먹고 왔어요 육즙도 살아있고 잡내 없이 깔끔해서 계속 손이 가더라고요 굽기도 딱 적당하게 나와서 따로 손댈 필요도 없었고 같이 나온 반찬들이랑도 조합이 잘 맞아서 더 만족스러웠습니다 오랜만에 제대로 된 고기 먹은 느낌이라 다음에 또 방문할 생각이에요 하,0,0,0,0,0,0,0,156,"맛, 맛있, 고기, 반찬, 잡내, 짜"
kakao,장인닭갈비 홍대점,리치언니,148.0,2025-11-13,,,치즈 토핑이랑 닭갈비가 잘 어울리더라구요. 닭갈비에 볶음밥 다 맛있게 먹었어요,43,False,5.0,4.9,골드 레벨,치즈 토핑이랑 닭갈비가 잘 어울리더라구요. 닭갈비에 볶음밥 다 맛있게 먹었어요,치즈 토핑이랑 닭갈비가 잘 어울리더라구요 닭갈비에 볶음밥 다 맛있게 먹었어요,0,0,0,0,0,0,0,43,"맛, 맛있, 밥"
naver,할머니의 레시피,깐깐한 아부지,3067.0,2025.02.21,4번째 방문,영수증,가게안도 깨끗 깔끔하고 직원분들 친절하고 음식도 전반적으로 맛있어서 가끔 오는 곳이랍니다~ 아이도 잘 먹고 잘 먹고 감니다~ 종종 들릴게요~ㅎㅎ,80,True,,,,가게안도 깨끗 깔끔하고 직원분들 친절하고 음식도 전반적으로 맛있어서 가끔 오는 곳이랍니다~ 아이도 잘 먹고 잘 먹고 감니다~ 종종 들릴게요~ㅎㅎ,가게안도 깨끗 깔끔하고 직원분들 친절하고 음식도 전반적으로 맛있어서 가끔 오는 곳이랍니다 아이도 잘 먹고 잘 먹고 감니다 종종 들릴게요,0,0,0,0,0,0,0,80,"맛, 맛있, 음식"
kakao,홍대 조선시대,정은옥,1.0,2026-02-21,,,컨셉이 확실하고 독특해서 신선하고 좋아용! 음식도 맛있도 직원분들도 너무 친절하십니다^^,49,False,5.0,5.0,브론즈 레벨,컨셉이 확실하고 독특해서 신선하고 좋아용! 음식도 맛있도 직원분들도 너무 친절하십니다^^,컨셉이 확실하고 독특해서 신선하고 좋아용 EXCLAM 음식도 맛있도 직원분들도 너무 친절하십니다,0,0,0,0,1,0,0,49,"맛, 맛있, 음식"
naver,뼈탄집 성수역점,mimiiing,39.0,2026.04.05,1번째 방문,영수증,올때마다 만족스러운 뼈탄집 성수역점! 육즙 팡팡에 고기도 부드럽고 사이드 메뉴들도 다 맛있어요~ 친절한 서비스와 만족스러운 맛으로 모임할때 자주옵니다,83,True,,,,올때마다 만족스러운 뼈탄집 성수역점! 육즙 팡팡에 고기도 부드럽고 사이드 메뉴들도 다 맛있어요~ 친절한 서비스와 만족스러운 맛으로 모임할때 자주옵니다,올때마다 만족스러운 뼈탄집 성수역점 EXCLAM 육즙 팡팡에 고기도 부드럽고 사이드 메뉴들도 다 맛있어요 친절한 서비스와 만족스러운 맛으로 모임할때 자주옵니다,0,0,0,0,1,0,0,83,"맛, 맛있, 메뉴, 고기"
kakao,이태리국시 성수,김성현,1.0,2026-04-30,,,"파스타집 방문했는데 분위기가 정말 좋아서 식사 내내 기분이 좋았어요 😊 리조또랑 파스타 둘 다 맛있어서 만족스럽게 먹었고, 전체적으로 음식 퀄리티도 괜찮았습니다. 편하게 이야기 나누면서 식사하기 좋은 곳이라 다음에도 또 방문하고 싶어요 👍",133,True,5.0,5.0,브론즈 레벨,"파스타집 방문했는데 분위기가 정말 좋아서 식사 내내 기분이 좋았어요 😊 리조또랑 파스타 둘 다 맛있어서 만족스럽게 먹었고, 전체적으로 음식 퀄리티도 괜찮았습니다. 편하게 이야기 나누면서 식사하기 좋은 곳이라 다음에도 또 방문하고 싶어요 👍",파스타집 방문했는데 분위기가 정말 좋아서 식사 내내 기분이 좋았어요 EMO_POS 리조또랑 파스타 둘 다 맛있어서 만족스럽게 먹었고 전체적으로 음식 퀄리티도 괜찮았습니다 편하게 이야기 나누면서 식사하기 좋은 곳이라 다음에도 또 방문하고 싶어요 EMO_POS,1,0,0,0,0,0,0,133,"맛, 맛있, 음식, 면, 파스타"
kakao,을밀대 본점,음식사랑해,77.0,2025-06-22,,,최애 평양냉면집 🩵🩵 처음에는 이게 무슨맛이야 싶었지만 살얼음때문이었음.. 무조건 거냉으로 !! 양 많이 !! 일반적인 슴슴한 평냉과 우래옥같은 진한 평냉의 딱 중간맛인 적당히 자극적인 육수에 면은 메밀가득 거친 순면 느낌은 아니지만 찰기 있고 고소해서 좋음 먹어본 평냉중에 고명 수육이 가장 맛있었음 빈대떡은 바삭함만 있는 심심한 맛인데 그래도 꼭 하나 시켜줘야함 무랑 김치랑 먹으면 냠냠굿 나는 평냉을 좋아하는게 아니라 을냉을 좋아하는듯,246,True,5.0,3.9,골드 레벨,최애 평양냉면집 🩵🩵 처음에는 이게 무슨맛이야 싶었지만 살얼음때문이었음.. 무조건 거냉으로 !! 양 많이 !! 일반적인 슴슴한 평냉과 우래옥같은 진한 평냉의 딱 중간맛인 적당히 자극적인 육수에 면은 메밀가득 거친 순면 느낌은 아니지만 찰기 있고 고소해서 좋음 먹어본 평냉중에 고명 수육이 가장 맛있었음 빈대떡은 바삭함만 있는 심심한 맛인데 그래도 꼭 하나 시켜줘야함 무랑 김치랑 먹으면 냠냠굿 나는 평냉을 좋아하는게 아니라 을냉을 좋아하는듯,최애 평양냉면집 처음에는 이게 무슨맛이야 싶었지만 살얼음때문이었음 무조건 거냉으로 EXCLAM 양 많이 EXCLAM 일반적인 슴슴한 평냉과 우래옥같은 진한 평냉의 딱 중간맛인 적당히 자극적인 육수에 면은 메밀가득 거친 순면 느낌은 아니지만 찰기 있고 고소해서 좋음 먹어본 평냉중에 고명 수육이 가장 맛있었음 빈대떡은 바삭함만 있는 심심한 맛인데 그래도 꼭 하나 시켜줘야함 무랑 김치랑 먹으면 냠냠굿 나는 평냉을 좋아하는게 아니라 을냉을 좋아하는듯,0,0,0,0,1,0,0,246,"맛, 맛있, 양, 간, 면, 김치, 냉면, 평냉"
naver,능동미나리 성수지점,dnp****,2.0,2026.01.17,1번째 방문,영수증,너무 맛있어요 직원분들도 친절하시고 자리 안내도 잘 해주시더라고요! 웨이팅 하는 이유가 있는 매장입니다ㅎ 특히 차돌곰탕 가장 맛있었어요,75,False,,,,너무 맛있어요 직원분들도 친절하시고 자리 안내도 잘 해주시더라고요! 웨이팅 하는 이유가 있는 매장입니다ㅎ 특히 차돌곰탕 가장 맛있었어요,너무 맛있어요 직원분들도 친절하시고 자리 안내도 잘 해주시더라고요 EXCLAM 웨이팅 하는 이유가 있는 매장입니다 특히 차돌곰탕 가장 맛있었어요,0,0,0,0,1,0,0,75,"맛, 맛있"
naver,태양곱창 성수점,JayShin659,5.0,2026.04.15,1번째 방문,영수증,"이곳은 최악의 음식점입니다. Don't go to the worst restaurant 곱창구이 시켰습니다.느끼해서 옆테이블에 있는 볶음밥보고 추가하려다가 노파심에 여기(곱창구이)에 저 볶음밥은 안되나요 물었더니 따로 그릇에 나올거라 말씀주셔서 안심하고 시켰더니 하~얀 볶음밥이 나오더군요..이게 맞냐고 물었더니, 문신 많으신 분이 전골이 아니면 이렇게 나오는게 맞답니다. 여러분은 곱창집에서 하얀 볶음밥을 보거나 드신 분이 계신가요? 맞다고 하니 그냥 전골 추가로 시켰습니다. 둘이서 십만원 썼네요. 진짜문제는 전골에 돼지곱창 특유의 비린잡내가 매우 심합니다. 역겨울 정도로 잡내가 심합니다. 젊으신 분들은 술 드시며 성수에 기분 내시러 오시겠지만, 성수 오랫동안 살아온 입장에서 이 가게 비추입니다.딴데 가셔요",399,False,,,,"이곳은 최악의 음식점입니다. Don't go to the worst restaurant 곱창구이 시켰습니다.느끼해서 옆테이블에 있는 볶음밥보고 추가하려다가 노파심에 여기(곱창구이)에 저 볶음밥은 안되나요 물었더니 따로 그릇에 나올거라 말씀주셔서 안심하고 시켰더니 하~얀 볶음밥이 나오더군요..이게 맞냐고 물었더니, 문신 많으신 분이 전골이 아니면 이렇게 나오는게 맞답니다. 여러분은 곱창집에서 하얀 볶음밥을 보거나 드신 분이 계신가요? 맞다고 하니 그냥 전골 추가로 시켰습니다. 둘이서 십만원 썼네요. 진짜문제는 전골에 돼지곱창 특유의 비린잡내가 매우 심합니다. 역겨울 정도로 잡내가 심합니다. 젊으신 분들은 술 드시며 성수에 기분 내시러 오시겠지만, 성수 오랫동안 살아온 입장에서 이 가게 비추입니다.딴데 가셔요",이곳은 최악의 음식점입니다 Don t go to the worst restaurant 곱창구이 시켰습니다 느끼해서 옆테이블에 있는 볶음밥보고 추가하려다가 노파심에 여기 곱창구이 에 저 볶음밥은 안되나요 물었더니 따로 그릇에 나올거라 말씀주셔서 안심하고 시켰더니 하 얀 볶음밥이 나오더군요 이게 맞냐고 물었더니 문신 많으신 분이 전골이 아니면 이렇게 나오는게 맞답니다 여러분은 곱창집에서 하얀 볶음밥을 보거나 드신 분이 계신가요 QUESTION 맞다고 하니 그냥 전골 추가로 시켰습니다 둘이서 십만원 썼네요 진짜문제는 전골에 돼지곱창 특유의 비린잡내가 매우 심합니다 역겨울 정도로 잡내가 심합니다 젊으신 분들은 술 드시며 성수에 기분 내시러 오시겠지만 성수 오랫동안 살아온 입장에서 이 가게 비추입니다 딴데 가셔요,0,0,0,0,0,1,0,399,"음식, 면, 밥, 잡내, 느끼, 짜"
naver,뼈탄집 성수역점,kim012695,78.0,2026.01.18,1번째 방문,영수증,성수에서 고기먹고싶어서 방문했습니다 유명한사람도 엄청 많이왔고 외국인이 정말 많더라구요 그래서 그런가 직원분들이 매우 친절하시고 고기도 정말 맛있었습니다!! 먹는방법도 다양하게 알려주시고 마지막으로 볶음밥까지 배터지게 먹고왔습니다~ 맛있어요!!,136,True,,,,성수에서 고기먹고싶어서 방문했습니다 유명한사람도 엄청 많이왔고 외국인이 정말 많더라구요 그래서 그런가 직원분들이 매우 친절하시고 고기도 정말 맛있었습니다!! 먹는방법도 다양하게 알려주시고 마지막으로 볶음밥까지 배터지게 먹고왔습니다~ 맛있어요!!,성수에서 고기먹고싶어서 방문했습니다 유명한사람도 엄청 많이왔고 외국인이 정말 많더라구요 그래서 그런가 직원분들이 매우 친절하시고 고기도 정말 맛있었습니다 EXCLAM 먹는방법도 다양하게 알려주시고 마지막으로 볶음밥까지 배터지게 먹고왔습니다 맛있어요 EXCLAM,0,0,0,0,1,0,0,136,"맛, 맛있, 양, 고기, 밥"
naver,옥동식,한스오션24,224.0,2026.03.01,1번째 방문,영수증,맑은 돼지곰탕과 김치만두가 고급진 음식이었어요..,27,True,,,,맑은 돼지곰탕과 김치만두가 고급진 음식이었어요..,맑은 돼지곰탕과 김치만두가 고급진 음식이었어요,0,0,0,0,0,0,0,27,"음식, 김치"
naver,보끔당 성수점,진구맘98,609.0,2026.04.24,9번째 방문,예약,너무 맛있어서 먹고나서 사진을 찍게 됐네요.. 순살로 시키면 손에 묻을게 없어서 너무 좋아요. 술과함께 강추요~~~~,65,True,,,,너무 맛있어서 먹고나서 사진을 찍게 됐네요.. 순살로 시키면 손에 묻을게 없어서 너무 좋아요. 술과함께 강추요~~~~,너무 맛있어서 먹고나서 사진을 찍게 됐네요 순살로 시키면 손에 묻을게 없어서 너무 좋아요 술과함께 강추요 TILDE,0,0,0,0,0,0,0,65,"맛, 맛있, 면"
naver,소문난성수감자탕,조대장13,794.0,2025.12.29,1번째 방문,영수증,왜 줄서는집인지 서울3대 감자탕인지 먹어보면 바로 알수있는집. 맛집투어좋아하는 사람들은 꼭 가야하는 맛집 먹고맛있어서 포장해오고 또생각나는집~ 주차는 공영주차장이나 매장주차장2천원 이용 인정맛집 소문난 감자탕~ 👍 👍 👍 👍 👍,127,True,,,,왜 줄서는집인지 서울3대 감자탕인지 먹어보면 바로 알수있는집. 맛집투어좋아하는 사람들은 꼭 가야하는 맛집 먹고맛있어서 포장해오고 또생각나는집~ 주차는 공영주차장이나 매장주차장2천원 이용 인정맛집 소문난 감자탕~ 👍 👍 👍 👍 👍,왜 줄서는집인지 서울3대 감자탕인지 먹어보면 바로 알수있는집 맛집투어좋아하는 사람들은 꼭 가야하는 맛집 먹고맛있어서 포장해오고 또생각나는집 주차는 공영주차장이나 매장주차장2천원 이용 인정맛집 소문난 감자탕 EMO_POS EMO_POS EMO_POS EMO_POS EMO_POS,1,0,0,0,0,0,1,127,"맛, 맛있, 면, 감자탕"
naver,홍대 육지,달빛52,1641.0,2026.02.13,1번째 방문,영수증,"전부터 와보고 싶었던 곳인데 웨이팅이 있어서 아쉬운 마음이 있어서 이번에 저녁 먹으러 왔더니 ! 때마침이 웨이팅이 없던 상태라 방문했고, 모둠고기한상 시켰는데 구성이 알차고 고기 질도 너무 좋았습니다 ! 다음에 또 방문할게요 !",127,True,,,,"전부터 와보고 싶었던 곳인데 웨이팅이 있어서 아쉬운 마음이 있어서 이번에 저녁 먹으러 왔더니 ! 때마침이 웨이팅이 없던 상태라 방문했고, 모둠고기한상 시켰는데 구성이 알차고 고기 질도 너무 좋았습니다 ! 다음에 또 방문할게요 !",전부터 와보고 싶었던 곳인데 웨이팅이 있어서 아쉬운 마음이 있어서 이번에 저녁 먹으러 왔더니 EXCLAM 때마침이 웨이팅이 없던 상태라 방문했고 모둠고기한상 시켰는데 구성이 알차고 고기 질도 너무 좋았습니다 EXCLAM 다음에 또 방문할게요 EXCLAM,0,0,0,0,1,0,0,127,"고기, 구성"
kakao,육지,찐,2.0,2025-09-16,,,너무 맛있게 먹었어요 서비스도 좋구 직원분들 넘 친절하세요 또 올게요^^,40,True,5.0,5.0,브론즈 레벨,너무 맛있게 먹었어요 서비스도 좋구 직원분들 넘 친절하세요 또 올게요^^,너무 맛있게 먹었어요 서비스도 좋구 직원분들 넘 친절하세요 또 올게요,0,0,0,0,0,0,0,40,"맛, 맛있"
naver,쭌곱창,이하늘812,20.0,2026.01.15,1번째 방문,영수증,친구 추천으로 왔는데 세트도 있고 너무 맛있어요!!! 주먹밥도 맛있고 계란찜도 맛있어요•• 왕추!,54,True,,,,친구 추천으로 왔는데 세트도 있고 너무 맛있어요!!! 주먹밥도 맛있고 계란찜도 맛있어요•• 왕추!,친구 추천으로 왔는데 세트도 있고 너무 맛있어요 EXCLAM 주먹밥도 맛있고 계란찜도 맛있어요 왕추 EXCLAM,0,0,0,0,1,0,0,54,"맛, 맛있, 밥"
naver,육산장 홍대본점,이규은96,22.0,2026.03.23,1번째 방문,영수증,가게가 야장까지 있어서 분위기있게 먹기 좋은 홍대 고기 맛집인거같아요! 특히 신기하게 밑반찬으로 또띠아를 주셔서 맛있게 먹었습니다!,73,True,,,,가게가 야장까지 있어서 분위기있게 먹기 좋은 홍대 고기 맛집인거같아요! 특히 신기하게 밑반찬으로 또띠아를 주셔서 맛있게 먹었습니다!,가게가 야장까지 있어서 분위기있게 먹기 좋은 홍대 고기 맛집인거같아요 EXCLAM 특히 신기하게 밑반찬으로 또띠아를 주셔서 맛있게 먹었습니다 EXCLAM,0,0,0,0,1,0,0,73,"맛, 맛있, 고기, 반찬"
kakao,황금콩밭,이재원,1596.0,2025-12-24,,,두부코스요리!! 재방문의사 홍어삼합!! 굿!! 두부짜글이!! 두부푸딩!!,40,True,4.0,3.6,블루 레벨,두부코스요리!! 재방문의사 홍어삼합!! 굿!! 두부짜글이!! 두부푸딩!!,두부코스요리 EXCLAM 재방문의사 홍어삼합 EXCLAM 굿 EXCLAM 두부짜글이 EXCLAM 두부푸딩 EXCLAM,0,0,0,0,1,0,0,40,"요리, 짜"
naver,소문난성수감자탕,Goldb,1789.0,2025.10.18,1번째 방문,예약,성수동 올때마다 웨이팅 줄 보고 놀랐었는데 막상 서니까 줄이 진짜 빨리 빠지고 엄청 빨리 들어갔어요. 감자탕 끓이는게 너무 신기했음 테이블에 내장이 돼있더라구요 감자탕도 맛있고 볶음밥도 맛있었어요!! 밥까지 볶아 먹으니까 딱 적당히 배불렀고 직원분이 너무너무 친절해서 감동 받고 나옴ㅠ,159,True,,,,성수동 올때마다 웨이팅 줄 보고 놀랐었는데 막상 서니까 줄이 진짜 빨리 빠지고 엄청 빨리 들어갔어요. 감자탕 끓이는게 너무 신기했음 테이블에 내장이 돼있더라구요 감자탕도 맛있고 볶음밥도 맛있었어요!! 밥까지 볶아 먹으니까 딱 적당히 배불렀고 직원분이 너무너무 친절해서 감동 받고 나옴ㅠ,성수동 올때마다 웨이팅 줄 보고 놀랐었는데 막상 서니까 줄이 진짜 빨리 빠지고 엄청 빨리 들어갔어요 감자탕 끓이는게 너무 신기했음 테이블에 내장이 돼있더라구요 감자탕도 맛있고 볶음밥도 맛있었어요 EXCLAM 밥까지 볶아 먹으니까 딱 적당히 배불렀고 직원분이 너무너무 친절해서 감동 받고 나옴,0,0,0,0,1,0,0,159,"맛, 맛있, 밥, 감자탕, 짜"
kakao,육지,황규찬,1.0,2025-10-07,,,친절하고 맛있게 먹었습니다. 번창하세요,21,True,5.0,5.0,브론즈 레벨,친절하고 맛있게 먹었습니다. 번창하세요,친절하고 맛있게 먹었습니다 번창하세요,0,0,0,0,0,0,0,21,"맛, 맛있"
naver,성수족발,mukkegga,588.0,2025.12.21,7번째 방문,,이제 점점 질려간다,10,True,,,,이제 점점 질려간다,이제 점점 질려간다,0,0,0,0,0,0,0,10,간
naver,락희옥 마포본점,롱ㅇㅣ,25.0,2026.01.06,1번째 방문,영수증,연말연초에 분위기 내기 좋아요~! 회 맛있고 전도 맛있습니다!!! 와인과 함께하니 더 맛있었어요. 그리고 방은 없지만 테이블 사이 공간이 충분해서 여유있고 좋았어요.,92,True,,,,연말연초에 분위기 내기 좋아요~! 회 맛있고 전도 맛있습니다!!! 와인과 함께하니 더 맛있었어요. 그리고 방은 없지만 테이블 사이 공간이 충분해서 여유있고 좋았어요.,연말연초에 분위기 내기 좋아요 EXCLAM 회 맛있고 전도 맛있습니다 EXCLAM 와인과 함께하니 더 맛있었어요 그리고 방은 없지만 테이블 사이 공간이 충분해서 여유있고 좋았어요,0,0,0,0,1,0,0,92,"맛, 맛있, 간"
naver,장인닭갈비 홍대점,dd22u2,23.0,2026.04.02,1번째 방문,영수증,홍대에서 뭐먹을지 고민하다가 무작정 들어왔는데 기대 이상으로 너무 맛있었어요! 강추입니다👍🏻,51,True,,,,홍대에서 뭐먹을지 고민하다가 무작정 들어왔는데 기대 이상으로 너무 맛있었어요! 강추입니다👍🏻,홍대에서 뭐먹을지 고민하다가 무작정 들어왔는데 기대 이상으로 너무 맛있었어요 EXCLAM 강추입니다 EMO_POS,1,0,0,0,1,0,0,51,"맛, 맛있"
kakao,굴다리식당,돼지녀야 커피만들때 코딱지 좀 그만파,8.0,2026-01-18,,,제육볶음은 바퀴벌레도 볶아져 나왔고 김치찌개는 바퀴벌레가 우려진 국물이라 깊어 이걸 따졌더니 싸가지 없게나와 돈 안내고 욕을 퍼붓고 나왔음 맛없고 싸가지 없으면 돈내지 말고 그냥 가,101,True,1.0,1.3,브론즈 레벨,제육볶음은 바퀴벌레도 볶아져 나왔고 김치찌개는 바퀴벌레가 우려진 국물이라 깊어 이걸 따졌더니 싸가지 없게나와 돈 안내고 욕을 퍼붓고 나왔음 맛없고 싸가지 없으면 돈내지 말고 그냥 가,제육볶음은 바퀴벌레도 볶아져 나왔고 김치찌개는 바퀴벌레가 우려진 국물이라 깊어 이걸 따졌더니 싸가지 없게나와 돈 안내고 욕을 퍼붓고 나왔음 맛없고 싸가지 없으면 돈내지 말고 그냥 가,0,0,0,0,0,0,0,101,"맛, 맛없, 면, 국물, 김치"
naver,을밀대 평양냉면,Hyun3739,,2025.08.02,1번째 방문,영수증,일산에서만 먹다 본점 왔는데 본점은 냉면에 얹혀진 고기가 더더더더 맛있네요 육수나 면은 비슷한거 같아요,57,True,,,,일산에서만 먹다 본점 왔는데 본점은 냉면에 얹혀진 고기가 더더더더 맛있네요 육수나 면은 비슷한거 같아요,일산에서만 먹다 본점 왔는데 본점은 냉면에 얹혀진 고기가 더더 맛있네요 육수나 면은 비슷한거 같아요,0,0,0,0,0,0,0,57,"맛, 맛있, 고기, 면, 냉면"
kakao,능동미나리 성수점,깐깐하니,63.0,2025-06-06,,,휴일낮에 갔는데 10명정도 웨이팅있었지만 회전율이 빨라서 금방들어갔고 육회비빔밥이 간장양념이라서 걱정을 했는데 후기가 좋았던거처럼 진짜 너어어어무 맛있네요,86,True,5.0,2.9,실버 레벨,휴일낮에 갔는데 10명정도 웨이팅있었지만 회전율이 빨라서 금방들어갔고 육회비빔밥이 간장양념이라서 걱정을 했는데 후기가 좋았던거처럼 진짜 너어어어무 맛있네요,휴일낮에 갔는데 10명정도 웨이팅있었지만 회전율이 빨라서 금방들어갔고 육회비빔밥이 간장양념이라서 걱정을 했는데 후기가 좋았던거처럼 진짜 너어어무 맛있네요,0,0,0,0,0,0,1,86,"맛, 맛있, 양, 간, 밥, 짜"
kakao,쭌곱창,백인탁,1.0,2025-05-24,,,맛있어요! 5:30쯤 왔는데 가득 차 있었어요!,26,True,5.0,5.0,브론즈 레벨,맛있어요! 5:30쯤 왔는데 가득 차 있었어요!,맛있어요 EXCLAM 5 30쯤 왔는데 가득 차 있었어요 EXCLAM,0,0,0,0,1,0,1,26,"맛, 맛있"
naver,이태리국시 성수,먹는 행복V,407.0,2026.03.13,1번째 방문,영수증,"특별한 날 어디에서 식사를 할까 찾아보다가 독특한 콘셉트의 음식점 같아서 방문했어요. '바지락찜 파스타'와 '숯불갈비 리소토' 주문했는데요. 이태리 음식이지만, 퓨전 느낌의 한국적인 맛과 차분한 인테리어가 잘 어우러졌습니다. 저녁에 오니 약간은 어두운 조명이 분위기 있더라고요. 🤭 만족스러운 식사였습니다. 🤗",173,True,,,,"특별한 날 어디에서 식사를 할까 찾아보다가 독특한 콘셉트의 음식점 같아서 방문했어요. '바지락찜 파스타'와 '숯불갈비 리소토' 주문했는데요. 이태리 음식이지만, 퓨전 느낌의 한국적인 맛과 차분한 인테리어가 잘 어우러졌습니다. 저녁에 오니 약간은 어두운 조명이 분위기 있더라고요. 🤭 만족스러운 식사였습니다. 🤗",특별한 날 어디에서 식사를 할까 찾아보다가 독특한 콘셉트의 음식점 같아서 방문했어요 바지락찜 파스타 와 숯불갈비 리소토 주문했는데요 이태리 음식이지만 퓨전 느낌의 한국적인 맛과 차분한 인테리어가 잘 어우러졌습니다 저녁에 오니 약간은 어두운 조명이 분위기 있더라고요 만족스러운 식사였습니다,0,0,0,0,0,0,0,173,"맛, 음식, 간, 파스타"
kakao,이태리국시 성수,이민준,1.0,2026-04-20,,,파스타와 대창이면 느끼할 줄 알았는데 느끼함이 하나도 없이 담백하고 맛있습니다. 가게 분위기도 좋고 음식 퀄리티도 좋습니다!,69,True,5.0,5.0,브론즈 레벨,파스타와 대창이면 느끼할 줄 알았는데 느끼함이 하나도 없이 담백하고 맛있습니다. 가게 분위기도 좋고 음식 퀄리티도 좋습니다!,파스타와 대창이면 느끼할 줄 알았는데 느끼함이 하나도 없이 담백하고 맛있습니다 가게 분위기도 좋고 음식 퀄리티도 좋습니다 EXCLAM,0,0,0,0,1,0,0,69,"맛, 맛있, 음식, 면, 파스타, 느끼"
naver,태양곱창 성수점,bbb b,52.0,2026.03.07,1번째 방문,영수증,잠실 본점에서 먹구 넘 맛있어서 성수로 또 먹으러 왔어요 !! 역시 태양곱창 곱창전골 존맛 .. 🤤 다음에는 곱창구이도 뿌시러 올게요 👍🏻👍🏻❤️,81,True,,,,잠실 본점에서 먹구 넘 맛있어서 성수로 또 먹으러 왔어요 !! 역시 태양곱창 곱창전골 존맛 .. 🤤 다음에는 곱창구이도 뿌시러 올게요 👍🏻👍🏻❤️,잠실 본점에서 먹구 넘 맛있어서 성수로 또 먹으러 왔어요 EXCLAM 역시 태양곱창 곱창전골 존맛 다음에는 곱창구이도 뿌시러 올게요 EMO_POS EMO_POS EMO_POS,1,0,0,0,1,0,0,81,"맛, 맛있, 양"
kakao,이태리국시 성수,곽인성,1.0,2026-04-11,,,데이트로 방문했습니다 분위기 좋구 일단 음식 넘 맛있어요!! 다음에 또 올 것 같습니다👍,49,True,5.0,5.0,브론즈 레벨,데이트로 방문했습니다 분위기 좋구 일단 음식 넘 맛있어요!! 다음에 또 올 것 같습니다👍,데이트로 방문했습니다 분위기 좋구 일단 음식 넘 맛있어요 EXCLAM 다음에 또 올 것 같습니다 EMO_POS,1,0,0,0,1,0,0,49,"맛, 맛있, 음식"
kakao,각시보쌈,솥뚜껑,1.0,2025-09-19,,,여기 맛은 있는데 위생이… 수저 설거지한거 정리하는데 바닥에 떨어진거(신발신고 다니는 바닥) 다시 걍 주워서 통에 넣음,66,False,1.0,1.0,브론즈 레벨,여기 맛은 있는데 위생이… 수저 설거지한거 정리하는데 바닥에 떨어진거(신발신고 다니는 바닥) 다시 걍 주워서 통에 넣음,여기 맛은 있는데 위생이 수저 설거지한거 정리하는데 바닥에 떨어진거 신발신고 다니는 바닥 다시 걍 주워서 통에 넣음,0,0,0,0,0,0,0,66,맛
kakao,능동미나리 성수점,하히후,157.0,2025-05-16,,,"기대만큼은 아니었음 좀 느끼하기도하고, 연희연남기준 우탕이나 연희곰탕보다 별로였음",45,True,3.0,4.0,골드 레벨,"기대만큼은 아니었음 좀 느끼하기도하고, 연희연남기준 우탕이나 연희곰탕보다 별로였음",기대만큼은 아니었음 좀 느끼하기도하고 연희연남기준 우탕이나 연희곰탕보다 별로였음,0,0,0,0,0,0,0,45,느끼
kakao,소문난성수감자탕,진실된리뷰,112.0,2026-02-08,,,카운터 주인할머니는 싸가지 그렇다 쳐도 사장이 그러니까 밑에 조선족애들도 겁나 싸가지없네 진짜 ㅋㅋ맛도 갈수록 그냥 밍밍한 빨간물이고 뚝배기를 사람 앞에 안두고 그냥 테이블에 쳐 던지고가면 먹으라는거냐 보고있으란거냐 도대체? 다신 안간다 진짜로 ㅋㅋ,139,False,1.0,3.0,실버 레벨,카운터 주인할머니는 싸가지 그렇다 쳐도 사장이 그러니까 밑에 조선족애들도 겁나 싸가지없네 진짜 ㅋㅋ맛도 갈수록 그냥 밍밍한 빨간물이고 뚝배기를 사람 앞에 안두고 그냥 테이블에 쳐 던지고가면 먹으라는거냐 보고있으란거냐 도대체? 다신 안간다 진짜로 ㅋㅋ,카운터 주인할머니는 싸가지 그렇다 쳐도 사장이 그러니까 밑에 조선족애들도 겁나 싸가지없네 진짜 맛도 갈수록 그냥 밍밍한 빨간물이고 뚝배기를 사람 앞에 안두고 그냥 테이블에 쳐 던지고가면 먹으라는거냐 보고있으란거냐 도대체 QUESTION 다신 안간다 진짜로,0,0,0,0,0,1,0,139,"맛, 간, 면, 짜"
kakao,쭌곱창,김주완,1.0,2025-04-04,,,처음와봤는데 너무 맛있네요! 홍대오면 담에 또 와볼게요,30,True,5.0,5.0,브론즈 레벨,처음와봤는데 너무 맛있네요! 홍대오면 담에 또 와볼게요,처음와봤는데 너무 맛있네요 EXCLAM 홍대오면 담에 또 와볼게요,0,0,0,0,1,0,0,30,"맛, 맛있, 면"
naver,소문난성수감자탕,응냠3,80.0,2025.12.13,1번째 방문,영수증,오전9시쯤 가니 웨이팅도 많지않아서 기다릴만 했어요~ 기다리기 싫으신분은 일찍 가세요 ㅎㅎ 서빙하시는 분들 조금 정신없었지만 친절하셨구요 일반 감자탕보다 양념이 슴슴하니 계속 먹기 좋았어요! 볶음밥도 추천!!,116,True,,,,오전9시쯤 가니 웨이팅도 많지않아서 기다릴만 했어요~ 기다리기 싫으신분은 일찍 가세요 ㅎㅎ 서빙하시는 분들 조금 정신없었지만 친절하셨구요 일반 감자탕보다 양념이 슴슴하니 계속 먹기 좋았어요! 볶음밥도 추천!!,오전9시쯤 가니 웨이팅도 많지않아서 기다릴만 했어요 기다리기 싫으신분은 일찍 가세요 서빙하시는 분들 조금 정신없었지만 친절하셨구요 일반 감자탕보다 양념이 슴슴하니 계속 먹기 좋았어요 EXCLAM 볶음밥도 추천 EXCLAM,0,0,0,0,1,0,1,116,"양, 밥, 감자탕"
naver,조선시대,our****,4.0,2026.04.08,1번째 방문,영수증,분위기 좋고 중간중간 나오는 게임도 도파민 터졌어용 재방문 의사 확실,38,True,,,,분위기 좋고 중간중간 나오는 게임도 도파민 터졌어용 재방문 의사 확실,분위기 좋고 중간중간 나오는 게임도 도파민 터졌어용 재방문 의사 확실,0,0,0,0,0,0,0,38,간
naver,훼미리손칼국수보쌈,용영영,117.0,2025.07.20,2번째 방문,영수증,"사진은 보쌈정식 2인 기준 양이에요. 일요일 오후 3시쯤 갔는데 20분 정도 기다렸어요. 두번째 방문인데, 처음 왔을 때도 그렇고 위생면이 좀 아쉽습니다. 아무리 가성비고 직원분들이 다 중년이시고 노포라고 해도 위생은 별개라고 생각해요. 수저에 반찬, 양념장 조금씩 묻어있었어요. 주변 손님들 보니 제 테이블만 그런 게 아니더라고요. 🥲 음식은 맛있어요.",198,True,,,,"사진은 보쌈정식 2인 기준 양이에요. 일요일 오후 3시쯤 갔는데 20분 정도 기다렸어요. 두번째 방문인데, 처음 왔을 때도 그렇고 위생면이 좀 아쉽습니다. 아무리 가성비고 직원분들이 다 중년이시고 노포라고 해도 위생은 별개라고 생각해요. 수저에 반찬, 양념장 조금씩 묻어있었어요. 주변 손님들 보니 제 테이블만 그런 게 아니더라고요. 🥲 음식은 맛있어요.",사진은 보쌈정식 2인 기준 양이에요 일요일 오후 3시쯤 갔는데 20분 정도 기다렸어요 두번째 방문인데 처음 왔을 때도 그렇고 위생면이 좀 아쉽습니다 아무리 가성비고 직원분들이 다 중년이시고 노포라고 해도 위생은 별개라고 생각해요 수저에 반찬 양념장 조금씩 묻어있었어요 주변 손님들 보니 제 테이블만 그런 게 아니더라고요 음식은 맛있어요,0,0,0,0,0,0,1,198,"맛, 맛있, 음식, 양, 면, 반찬, 보쌈"
naver,보끔당 성수점,하오햐,76.0,2026.04.02,1번째 방문,영수증,"복잡한 성수동 메인 거리에서 아주 가깝게 위치에 있고, 편하게 먹었습니다. 세트로 먹었는데 아주 알찬 구성으로 되어 있었고, 맛 또한 신선하고 맛있어서 즐겁게 먹었습니다. 닭볶음탕도 맛있지만, 참치 주먹밥이 진짜 맛 도리 입니다. 꼭 시켜 드세요.",138,True,,,,"복잡한 성수동 메인 거리에서 아주 가깝게 위치에 있고, 편하게 먹었습니다. 세트로 먹었는데 아주 알찬 구성으로 되어 있었고, 맛 또한 신선하고 맛있어서 즐겁게 먹었습니다. 닭볶음탕도 맛있지만, 참치 주먹밥이 진짜 맛 도리 입니다. 꼭 시켜 드세요.",복잡한 성수동 메인 거리에서 아주 가깝게 위치에 있고 편하게 먹었습니다 세트로 먹었는데 아주 알찬 구성으로 되어 있었고 맛 또한 신선하고 맛있어서 즐겁게 먹었습니다 닭볶음탕도 맛있지만 참치 주먹밥이 진짜 맛 도리 입니다 꼭 시켜 드세요,0,0,0,0,0,0,0,138,"맛, 맛있, 밥, 구성, 짜"
kakao,보끔당 성수점,냠냠,35.0,2025-10-09,,,"지도에 저장만 해뒀다 와봤는데 너무 만족이에요! 치즈계란찜도 간이 딱맞고, 닭볶음탕도 1단계로 먹었는데 진짜 깔끔한 매콤함이에요 딱 좋았어요! 마지막에 볶음밥도 최고였어요 #보끔당#보끔당닭볶음탕#볶음요리맛있는집",117,True,4.0,4.1,실버 레벨,"지도에 저장만 해뒀다 와봤는데 너무 만족이에요! 치즈계란찜도 간이 딱맞고, 닭볶음탕도 1단계로 먹었는데 진짜 깔끔한 매콤함이에요 딱 좋았어요! 마지막에 볶음밥도 최고였어요 #보끔당#보끔당닭볶음탕#볶음요리맛있는집",지도에 저장만 해뒀다 와봤는데 너무 만족이에요 EXCLAM 치즈계란찜도 간이 딱맞고 닭볶음탕도 1단계로 먹었는데 진짜 깔끔한 매콤함이에요 딱 좋았어요 EXCLAM 마지막에 볶음밥도 최고였어요 보끔당 보끔당닭볶음탕 볶음요리맛있는집,0,0,0,0,1,0,1,117,"맛, 맛있, 요리, 간, 밥, 짜"
naver,소문난성수감자탕,센스민투,247.0,2025.11.09,1번째 방문,예약,사람들이 너무 많아요. 하지만 회전율이 좋아요. 맛있어요.,32,True,,,,사람들이 너무 많아요. 하지만 회전율이 좋아요. 맛있어요.,사람들이 너무 많아요 하지만 회전율이 좋아요 맛있어요,0,0,0,0,0,0,0,32,"맛, 맛있"
naver,원조 조박집 본관,yos****,1202.0,2026.02.10,15번째 방문,영수증,너무 맛있어요. 맛집임에도 직원분들 정말 친절합니다.,29,True,,,,너무 맛있어요. 맛집임에도 직원분들 정말 친절합니다.,너무 맛있어요 맛집임에도 직원분들 정말 친절합니다,0,0,0,0,0,0,0,29,"맛, 맛있"
naver,락희옥 마포본점,죤경,21.0,2025.11.03,1번째 방문,영수증,"맛과 멋이 조화로운 락희옥! 지난 번에 청첩장 모임으로 온 후에 오늘은 회사 점심 회식으로 왔는데 정식 메뉴랑 요리랑 다 너무 좋았어요. 메뉴 추천도 친절하게 잘해주시고, 거북이선이라는 특이한 식재료를 먹는 경험도 즐겁게 만들어 주셨어요. 값어치를 하는 음식들이라 중요한 자리, 점심 회식으로 추천합니다~~",171,True,,,,"맛과 멋이 조화로운 락희옥! 지난 번에 청첩장 모임으로 온 후에 오늘은 회사 점심 회식으로 왔는데 정식 메뉴랑 요리랑 다 너무 좋았어요. 메뉴 추천도 친절하게 잘해주시고, 거북이선이라는 특이한 식재료를 먹는 경험도 즐겁게 만들어 주셨어요. 값어치를 하는 음식들이라 중요한 자리, 점심 회식으로 추천합니다~~",맛과 멋이 조화로운 락희옥 EXCLAM 지난 번에 청첩장 모임으로 온 후에 오늘은 회사 점심 회식으로 왔는데 정식 메뉴랑 요리랑 다 너무 좋았어요 메뉴 추천도 친절하게 잘해주시고 거북이선이라는 특이한 식재료를 먹는 경험도 즐겁게 만들어 주셨어요 값어치를 하는 음식들이라 중요한 자리 점심 회식으로 추천합니다 TILDE,0,0,0,0,1,0,0,171,"맛, 메뉴, 음식, 요리, 재료"
naver,쭌곱창,갈릭이 어니언,11.0,2026.02.25,1번째 방문,영수증,너무 맛있고 양도 푸짐해요!!,16,True,,,,너무 맛있고 양도 푸짐해요!!,너무 맛있고 양도 푸짐해요 EXCLAM,0,0,0,0,1,0,0,16,"맛, 맛있, 양"
naver,보끔당 성수점,서유닝86,340.0,2026.02.25,3번째 방문,영수증,사이드 메뉴도 맛있고 본메뉴도 맛있네용 밥 뽀까먹으면 최고네용 단계선택가능해서 굳이에용😍,49,False,,,,사이드 메뉴도 맛있고 본메뉴도 맛있네용 밥 뽀까먹으면 최고네용 단계선택가능해서 굳이에용😍,사이드 메뉴도 맛있고 본메뉴도 맛있네용 밥 뽀까먹으면 최고네용 단계선택가능해서 굳이에용 EMO_POS,1,0,0,0,0,0,0,49,"맛, 맛있, 메뉴, 면, 밥"
naver,소문난성수감자탕,쨔멍,500.0,2025.08.14,1번째 방문,영수증,"성수동에 존맛 감자탕집 있다고 꼭 가보라는 지인의 말에 추천받아 방문했습니다~! 평일 점심 시간이 지난 3시경인데도 웨이팅줄이 끊임없이 생기더라구요. 매장 자체가 크다보니 10분만에 들어올 수 있었습니다. 2인이서 감자탕 소자에 사리추가+볶음밥 코스로 배터지게 먹었는데, 수제소스를 고기에 찍어먹으면 합이 너무 좋아요🥹👍🏼❤️‍🔥 리뷰에 외국인 손님들 많다더니 정말 그렇더라구요. 내부에 2/3은 그랬던것 같습니다~ 아무래도 간도 적당하고 맵지 않으면서 몸보신하기 좋아서 인기가 많은것 같았어요ㅎㅎ 음식도 바로 나와서 먹기 좋았습니다. 사리는 국물양이 반정도 남았을때, 볶음밥은 다 드셨을때 주문하면 되는데, 이런 부가 설명은 매장 내부에 프린트물을 붙이거나 각 자리마다 배치하면 더욱 좋을것 같습니다~! 잘먹었습니다🫶🏼",403,True,,,,"성수동에 존맛 감자탕집 있다고 꼭 가보라는 지인의 말에 추천받아 방문했습니다~! 평일 점심 시간이 지난 3시경인데도 웨이팅줄이 끊임없이 생기더라구요. 매장 자체가 크다보니 10분만에 들어올 수 있었습니다. 2인이서 감자탕 소자에 사리추가+볶음밥 코스로 배터지게 먹었는데, 수제소스를 고기에 찍어먹으면 합이 너무 좋아요🥹👍🏼❤️‍🔥 리뷰에 외국인 손님들 많다더니 정말 그렇더라구요. 내부에 2/3은 그랬던것 같습니다~ 아무래도 간도 적당하고 맵지 않으면서 몸보신하기 좋아서 인기가 많은것 같았어요ㅎㅎ 음식도 바로 나와서 먹기 좋았습니다. 사리는 국물양이 반정도 남았을때, 볶음밥은 다 드셨을때 주문하면 되는데, 이런 부가 설명은 매장 내부에 프린트물을 붙이거나 각 자리마다 배치하면 더욱 좋을것 같습니다~! 잘먹었습니다🫶🏼",성수동에 존맛 감자탕집 있다고 꼭 가보라는 지인의 말에 추천받아 방문했습니다 EXCLAM 평일 점심 시간이 지난 3시경인데도 웨이팅줄이 끊임없이 생기더라구요 매장 자체가 크다보니 10분만에 들어올 수 있었습니다 2인이서 감자탕 소자에 사리추가 볶음밥 코스로 배터지게 먹었는데 수제소스를 고기에 찍어먹으면 합이 너무 좋아요 EMO_POS EMO_POS EMO_POS 리뷰에 외국인 손님들 많다더니 정말 그렇더라구요 내부에 2 3은 그랬던것 같습니다 아무래도 간도 적당하고 맵지 않으면서 몸보신하기 좋아서 인기가 많은것 같았어요 음식도 바로 나와서 먹기 좋았습니다 사리는 국물양이 반정도 남았을때 볶음밥은 다 드셨을때 주문하면 되는데 이런 부가 설명은 매장 내부에 프린트물을 붙이거나 각 자리마다 배치하면 더욱 좋을것 같습니다 EXCLAM 잘먹었습니다,1,0,0,0,1,0,1,403,"맛, 음식, 양, 간, 고기, 면, 밥, 국물, 소스, 감자탕, 맵"
naver,황금콩밭,띠아이인,268.0,2026.02.21,1번째 방문,영수증,아기도 좋아하는 황금콩밭 두부 넘 맛있어요,23,False,,,,아기도 좋아하는 황금콩밭 두부 넘 맛있어요,아기도 좋아하는 황금콩밭 두부 넘 맛있어요,0,0,0,0,0,0,0,23,"맛, 맛있"
naver,소문난성수감자탕,펭수콩국수,2348.0,2026.04.21,1번째 방문,영수증,좀 싱거워요. 같이주는 소스가 맛있음,20,False,,,,좀 싱거워요. 같이주는 소스가 맛있음,좀 싱거워요 같이주는 소스가 맛있음,0,0,0,0,0,0,0,20,"맛, 맛있, 소스"
naver,홍대 육지,GG05,42.0,2026.04.27,1번째 방문,영수증,고기 질이랑 맛이 엄청납니다 육즙 엄청나요 특별한 메뉴도 있어서 새로운 경험했어요 감사합니다. 담에 또 올게요 !!!,65,True,,,,고기 질이랑 맛이 엄청납니다 육즙 엄청나요 특별한 메뉴도 있어서 새로운 경험했어요 감사합니다. 담에 또 올게요 !!!,고기 질이랑 맛이 엄청납니다 육즙 엄청나요 특별한 메뉴도 있어서 새로운 경험했어요 감사합니다 담에 또 올게요 EXCLAM,0,0,0,0,1,0,0,65,"맛, 메뉴, 고기"
naver,이태리국시 성수,cau****,227.0,2026.05.02,1번째 방문,영수증,양이 적은건 아쉽지만 맛있어요. 아이들입맛 저격 담에 또 먹고싶은맛 연인끼리 강추!,46,True,,,,양이 적은건 아쉽지만 맛있어요. 아이들입맛 저격 담에 또 먹고싶은맛 연인끼리 강추!,양이 적은건 아쉽지만 맛있어요 아이들입맛 저격 담에 또 먹고싶은맛 연인끼리 강추 EXCLAM,0,0,0,0,1,0,0,46,"맛, 맛있, 양"
naver,이태리국시 성수,navi6025,32.0,2026.04.07,1번째 방문,영수증,"한식을 접목한 색다른 메뉴가 다양하고 정말 맛있어요! 분위기도 좋아서 지인들과 오래오래 대화 나누기도 편하고, 음식도 맛있어서 너무 마음에 들어요~",82,True,,,,"한식을 접목한 색다른 메뉴가 다양하고 정말 맛있어요! 분위기도 좋아서 지인들과 오래오래 대화 나누기도 편하고, 음식도 맛있어서 너무 마음에 들어요~",한식을 접목한 색다른 메뉴가 다양하고 정말 맛있어요 EXCLAM 분위기도 좋아서 지인들과 오래오래 대화 나누기도 편하고 음식도 맛있어서 너무 마음에 들어요,0,0,0,0,1,0,0,82,"맛, 맛있, 메뉴, 음식, 양"
naver,을밀대 평양냉면,Favorite123,1845.0,2025.06.28,1번째 방문,영수증,👍👍 평냉 초보인데 너무너무 맛있었어요~~ 수육도 진-짜 맛있구요.. 녹두전도 맛있는데! 가장자리는 많이 바삭한 편이에요~,68,True,,,,👍👍 평냉 초보인데 너무너무 맛있었어요~~ 수육도 진-짜 맛있구요.. 녹두전도 맛있는데! 가장자리는 많이 바삭한 편이에요~,EMO_POS EMO_POS 평냉 초보인데 너무너무 맛있었어요 TILDE 수육도 진 짜 맛있구요 녹두전도 맛있는데 EXCLAM 가장자리는 많이 바삭한 편이에요,1,0,0,0,1,0,0,68,"맛, 맛있, 평냉, 짜"
naver,훼미리손칼국수보쌈,psc****,20.0,2025.11.30,1번째 방문,영수증,진짜 너무 불친절 끝판왕이심 직원들이 싹 다 싸가지가 너무 없습니다 음식 위생도 엉망입니다 그릇에는 다 고춧가루 묻어있거 음식에 손 넣어서 주고 정말 이랗게 맛 앖고 불친절 한 곳 처음 가봤습니다 재방문 절대 없고요 리뷰보고 가지마세요,131,False,,,,진짜 너무 불친절 끝판왕이심 직원들이 싹 다 싸가지가 너무 없습니다 음식 위생도 엉망입니다 그릇에는 다 고춧가루 묻어있거 음식에 손 넣어서 주고 정말 이랗게 맛 앖고 불친절 한 곳 처음 가봤습니다 재방문 절대 없고요 리뷰보고 가지마세요,진짜 너무 불친절 끝판왕이심 직원들이 싹 다 싸가지가 너무 없습니다 음식 위생도 엉망입니다 그릇에는 다 고춧가루 묻어있거 음식에 손 넣어서 주고 정말 이랗게 맛 앖고 불친절 한 곳 처음 가봤습니다 재방문 절대 없고요 리뷰보고 가지마세요,0,0,0,0,0,0,0,131,"맛, 음식, 짜"
kakao,뼈탄집 성수역점,함지수,1.0,2026-04-26,,,"주말 이른 저녁에 아이와 함께 방문한 뼈탄집 성수역점. 이른 시간이라 그런지 웨이팅 없이 비교적 여유롭게 들어갈 수 있었고, 매장도 전반적으로 깔끔한 느낌이었습니다. 아이와 함께 방문하다 보니 좌석 간격이나 분위기를 조금 보게 되는데, 크게 불편함 없이 식사하기 괜찮았어요. 직원분들도 요청드리는 부분에 빠르게 응대해주셔서 전반적으로 편안하게 식사할 수 있었습니다. 대표 메뉴인 뼈구이는 양념이 과하지 않고 적당히 자극적인 편이라 밥이랑 같이 먹기 좋았고, 고기도 잘 발라져서 먹기 편했어요. 아이랑 같이 먹기에도 크게 부담 없는 맛이었습니다. 주말 저녁 시간대에 가족 단위로 방문하기에도 무난한 곳이라, 성수 근처에서 식사할 곳 찾는 분들께 한 번쯤 가볼 만한 곳으로 생각됩니다.",381,True,5.0,5.0,브론즈 레벨,"주말 이른 저녁에 아이와 함께 방문한 뼈탄집 성수역점. 이른 시간이라 그런지 웨이팅 없이 비교적 여유롭게 들어갈 수 있었고, 매장도 전반적으로 깔끔한 느낌이었습니다. 아이와 함께 방문하다 보니 좌석 간격이나 분위기를 조금 보게 되는데, 크게 불편함 없이 식사하기 괜찮았어요. 직원분들도 요청드리는 부분에 빠르게 응대해주셔서 전반적으로 편안하게 식사할 수 있었습니다. 대표 메뉴인 뼈구이는 양념이 과하지 않고 적당히 자극적인 편이라 밥이랑 같이 먹기 좋았고, 고기도 잘 발라져서 먹기 편했어요. 아이랑 같이 먹기에도 크게 부담 없는 맛이었습니다. 주말 저녁 시간대에 가족 단위로 방문하기에도 무난한 곳이라, 성수 근처에서 식사할 곳 찾는 분들께 한 번쯤 가볼 만한 곳으로 생각됩니다.",주말 이른 저녁에 아이와 함께 방문한 뼈탄집 성수역점 이른 시간이라 그런지 웨이팅 없이 비교적 여유롭게 들어갈 수 있었고 매장도 전반적으로 깔끔한 느낌이었습니다 아이와 함께 방문하다 보니 좌석 간격이나 분위기를 조금 보게 되는데 크게 불편함 없이 식사하기 괜찮았어요 직원분들도 요청드리는 부분에 빠르게 응대해주셔서 전반적으로 편안하게 식사할 수 있었습니다 대표 메뉴인 뼈구이는 양념이 과하지 않고 적당히 자극적인 편이라 밥이랑 같이 먹기 좋았고 고기도 잘 발라져서 먹기 편했어요 아이랑 같이 먹기에도 크게 부담 없는 맛이었습니다 주말 저녁 시간대에 가족 단위로 방문하기에도 무난한 곳이라 성수 근처에서 식사할 곳 찾는 분들께 한 번쯤 가볼 만한 곳으로 생각됩니다,0,0,0,0,0,0,0,381,"맛, 메뉴, 양, 간, 고기, 밥"
naver,락희옥 마포본점,pre****,121.0,2026.04.12,1번째 방문,영수증,어른들 모시고 식사했는데 다들 너무 만족했네요! 황급히 먹느라 사진은 이렇지만 음식 하나하나가 정말 맛있었어요 💕,63,True,,,,어른들 모시고 식사했는데 다들 너무 만족했네요! 황급히 먹느라 사진은 이렇지만 음식 하나하나가 정말 맛있었어요 💕,어른들 모시고 식사했는데 다들 너무 만족했네요 EXCLAM 황급히 먹느라 사진은 이렇지만 음식 하나하나가 정말 맛있었어요 EMO_POS,1,0,0,0,1,0,0,63,"맛, 맛있, 음식"
naver,락희옥 마포본점,산톢,531.0,2025.06.02,1번째 방문,영수증,공덕역 제철음식 맛집 락희옥. 여름 제철음식으로 민어회 먹으러 방문했어요. 락희옥은 콜키지프리라 방문할 때 와인이나 위스키 필수!! 이 날은 민어회와 잘 어울리는 샤르도네 와인으로 가져가서 민어회와 넘 맛있게 잘 먹었어요. 민어 껍질부터 부레까지 다양한 부위를 먹을 수 있어 좋고 민어 회도 쫄깃하니 비린 맛 하나 없이 넘 맛있네요. 락희옥 보쌈도 빠질수 없어서 주문!! 두툼한 보쌈이 넘 부드럽고 같이 나온 무말랭이와 넘 잘 어울려요. 와인 다 마시고 화요에 네이버 알림받기로 받은 김치메밀전병 같이 먹었는데 깔끔하니 넘 좋네요. 음식 하나하나 다 맛있고 깔끔해서 갈 때마다 만족해요. 여름 동안 민어회 먹으로 자주 방문할거 같아요.,355,True,,,,공덕역 제철음식 맛집 락희옥. 여름 제철음식으로 민어회 먹으러 방문했어요. 락희옥은 콜키지프리라 방문할 때 와인이나 위스키 필수!! 이 날은 민어회와 잘 어울리는 샤르도네 와인으로 가져가서 민어회와 넘 맛있게 잘 먹었어요. 민어 껍질부터 부레까지 다양한 부위를 먹을 수 있어 좋고 민어 회도 쫄깃하니 비린 맛 하나 없이 넘 맛있네요. 락희옥 보쌈도 빠질수 없어서 주문!! 두툼한 보쌈이 넘 부드럽고 같이 나온 무말랭이와 넘 잘 어울려요. 와인 다 마시고 화요에 네이버 알림받기로 받은 김치메밀전병 같이 먹었는데 깔끔하니 넘 좋네요. 음식 하나하나 다 맛있고 깔끔해서 갈 때마다 만족해요. 여름 동안 민어회 먹으로 자주 방문할거 같아요.,공덕역 제철음식 맛집 락희옥 여름 제철음식으로 민어회 먹으러 방문했어요 락희옥은 콜키지프리라 방문할 때 와인이나 위스키 필수 EXCLAM 이 날은 민어회와 잘 어울리는 샤르도네 와인으로 가져가서 민어회와 넘 맛있게 잘 먹었어요 민어 껍질부터 부레까지 다양한 부위를 먹을 수 있어 좋고 민어 회도 쫄깃하니 비린 맛 하나 없이 넘 맛있네요 락희옥 보쌈도 빠질수 없어서 주문 EXCLAM 두툼한 보쌈이 넘 부드럽고 같이 나온 무말랭이와 넘 잘 어울려요 와인 다 마시고 화요에 네이버 알림받기로 받은 김치메밀전병 같이 먹었는데 깔끔하니 넘 좋네요 음식 하나하나 다 맛있고 깔끔해서 갈 때마다 만족해요 여름 동안 민어회 먹으로 자주 방문할거 같아요,0,0,0,0,1,0,0,355,"맛, 맛있, 음식, 양, 김치, 보쌈"
naver,능동미나리 성수지점,갓오복,161.0,2025.12.28,1번째 방문,영수증,왜 능동미나리 능동미나리 하는지 알겠는 맛이에요 특색이오 미나리가 아낌없이 들어가있어서 좋았어요 육회는 미리 얼려놓는건지 계란 노른자가 얼어있어서 그 부분이 아쉬웠어요…🥲,95,True,,,,왜 능동미나리 능동미나리 하는지 알겠는 맛이에요 특색이오 미나리가 아낌없이 들어가있어서 좋았어요 육회는 미리 얼려놓는건지 계란 노른자가 얼어있어서 그 부분이 아쉬웠어요…🥲,왜 능동미나리 능동미나리 하는지 알겠는 맛이에요 특색이오 미나리가 아낌없이 들어가있어서 좋았어요 육회는 미리 얼려놓는건지 계란 노른자가 얼어있어서 그 부분이 아쉬웠어요,0,0,0,0,0,0,0,95,맛
naver,옥동식,thr****,8.0,2025.06.16,1번째 방문,예약,오랜만에 방문했는데 밥이 설익었습니다. 밥을 설익게 일부러 한건지 아닌건지는 모르겠습니다. 국물과 고기는 똑같이 맛있었습니다. 설익은 밥에 먹는 국밥이라 미슐랭가이드 2025……,99,True,,,,오랜만에 방문했는데 밥이 설익었습니다. 밥을 설익게 일부러 한건지 아닌건지는 모르겠습니다. 국물과 고기는 똑같이 맛있었습니다. 설익은 밥에 먹는 국밥이라 미슐랭가이드 2025……,오랜만에 방문했는데 밥이 설익었습니다 밥을 설익게 일부러 한건지 아닌건지는 모르겠습니다 국물과 고기는 똑같이 맛있었습니다 설익은 밥에 먹는 국밥이라 미슐랭가이드 2025,0,0,0,0,0,0,1,99,"맛, 맛있, 고기, 밥, 국물"
naver,락희옥 마포본점,뽀얼이,266.0,2025.09.19,1번째 방문,영수증,오랜만에 만나는 친구와 속깊은 대화를 하기 위해 괜찮은 술집을 찾던 중에 락희옥 후기가 괜찮아서 찾아왔어요. 보쌈이 시그니처 라는 소문을 들었는데 오!! 소문대로 고기도 맛있고 김치도 끝내줍니다. 👍 지하철역에서 가까워서 퇴근하고 만나기도 편했어요. 날씨가 좀 더 쌀쌀해지면 한번 더 방문하고 싶네요,167,True,,,,오랜만에 만나는 친구와 속깊은 대화를 하기 위해 괜찮은 술집을 찾던 중에 락희옥 후기가 괜찮아서 찾아왔어요. 보쌈이 시그니처 라는 소문을 들었는데 오!! 소문대로 고기도 맛있고 김치도 끝내줍니다. 👍 지하철역에서 가까워서 퇴근하고 만나기도 편했어요. 날씨가 좀 더 쌀쌀해지면 한번 더 방문하고 싶네요,오랜만에 만나는 친구와 속깊은 대화를 하기 위해 괜찮은 술집을 찾던 중에 락희옥 후기가 괜찮아서 찾아왔어요 보쌈이 시그니처 라는 소문을 들었는데 오 EXCLAM 소문대로 고기도 맛있고 김치도 끝내줍니다 EMO_POS 지하철역에서 가까워서 퇴근하고 만나기도 편했어요 날씨가 좀 더 쌀쌀해지면 한번 더 방문하고 싶네요,1,0,0,0,1,0,0,167,"맛, 맛있, 고기, 면, 김치, 보쌈"
kakao,장인닭갈비 홍대점,이인애,124.0,2026-01-21,,,치즈닭갈비 너무 맛있고 직원분들도 친절하시니 아이들과 맛나게 먹고왔답니다,40,False,5.0,4.9,실버 레벨,치즈닭갈비 너무 맛있고 직원분들도 친절하시니 아이들과 맛나게 먹고왔답니다,치즈닭갈비 너무 맛있고 직원분들도 친절하시니 아이들과 맛나게 먹고왔답니다,0,0,0,0,0,0,0,40,"맛, 맛있"
kakao,할머니의레시피,mazefind,43.0,2025-12-05,,,가성비가 살짝 안좋은거 같지만 맛이 괜찮았음,24,True,4.0,4.1,실버 레벨,가성비가 살짝 안좋은거 같지만 맛이 괜찮았음,가성비가 살짝 안좋은거 같지만 맛이 괜찮았음,0,0,0,0,0,0,0,24,맛
naver,이태리국시 성수,hol****,60.0,2026.02.10,1번째 방문,영수증,성수 오랜만에 와서 맛있는 음식 먹고싶어서 검색해서 왔는데 탁월한 선택이었습니당ㅎㅎ이것저것 다 먹고 싶어서 네개나 시켰는데 야무지게 먹고 왔어요ㅎㅎ거의 싹싹 대창도 안비리고 진짜 맛나게 먹고왔습니당ㅎㅎ분위기도 커플분들 가족들 친구들이랑 오기도 좋아요ㅎㅎ,141,True,,,,성수 오랜만에 와서 맛있는 음식 먹고싶어서 검색해서 왔는데 탁월한 선택이었습니당ㅎㅎ이것저것 다 먹고 싶어서 네개나 시켰는데 야무지게 먹고 왔어요ㅎㅎ거의 싹싹 대창도 안비리고 진짜 맛나게 먹고왔습니당ㅎㅎ분위기도 커플분들 가족들 친구들이랑 오기도 좋아요ㅎㅎ,성수 오랜만에 와서 맛있는 음식 먹고싶어서 검색해서 왔는데 탁월한 선택이었습니당 이것저것 다 먹고 싶어서 네개나 시켰는데 야무지게 먹고 왔어요 거의 싹싹 대창도 안비리고 진짜 맛나게 먹고왔습니당 분위기도 커플분들 가족들 친구들이랑 오기도 좋아요,0,0,0,0,0,0,0,141,"맛, 맛있, 음식, 짜"
naver,금금 성수점,doxx79,68.0,2026.03.27,1번째 방문,영수증,오 진짜 맛있아요ㅜ회사근처인데 처음맛보는 맛이기도하고 너무 가격도 가설비도 너무 좋아요 남편 해산물안먹는데 문어비빔밥 맛있다네요ㅠ 자주올거같아요,80,True,,,,오 진짜 맛있아요ㅜ회사근처인데 처음맛보는 맛이기도하고 너무 가격도 가설비도 너무 좋아요 남편 해산물안먹는데 문어비빔밥 맛있다네요ㅠ 자주올거같아요,오 진짜 맛있아요 회사근처인데 처음맛보는 맛이기도하고 너무 가격도 가설비도 너무 좋아요 남편 해산물안먹는데 문어비빔밥 맛있다네요 자주올거같아요,0,0,0,0,0,0,0,80,"맛, 맛있, 밥, 짜"
naver,육산장 홍대본점,Absinthe79,5.0,2026.03.19,1번째 방문,영수증,2차로 저녁먹으러 왔어요^^ 캠핑감성 낭낭하고 고기도 맛있네요👍👍,36,True,,,,2차로 저녁먹으러 왔어요^^ 캠핑감성 낭낭하고 고기도 맛있네요👍👍,2차로 저녁먹으러 왔어요 캠핑감성 낭낭하고 고기도 맛있네요 EMO_POS EMO_POS,1,0,0,0,0,0,1,36,"맛, 맛있, 고기"
naver,보끔당 성수점,yjo****,33.0,2026.04.09,1번째 방문,영수증,진자 최고예요 닭보끔탕 최고!! 매우면서 마싯다•••ღ˘◡˘ற♡.｡o,38,True,,,,진자 최고예요 닭보끔탕 최고!! 매우면서 마싯다•••ღ˘◡˘ற♡.｡o,진자 최고예요 닭보끔탕 최고 EXCLAM 매우면서 마싯다 EMO_POS o,1,0,0,0,1,0,0,38,면
naver,원조 조박집 본관,ya****,1652.0,2025.02.22,6번째 방문,영수증,ㅠㅠ사진찍어야지 해놓쿠 너무 맛있어서 까묵었네요~~다묵고 생각나네요.항상같은 맛으로 맛있게 먹고 갑니다.초파주 맛있어용~~ 맛있어요 좋아요 좋으네요,82,True,,,,ㅠㅠ사진찍어야지 해놓쿠 너무 맛있어서 까묵었네요~~다묵고 생각나네요.항상같은 맛으로 맛있게 먹고 갑니다.초파주 맛있어용~~ 맛있어요 좋아요 좋으네요,사진찍어야지 해놓쿠 너무 맛있어서 까묵었네요 TILDE 다묵고 생각나네요 항상같은 맛으로 맛있게 먹고 갑니다 초파주 맛있어용 TILDE 맛있어요 좋아요 좋으네요,0,0,0,1,0,0,0,82,"맛, 맛있"
naver,태양곱창 성수점,Fhdla,915.0,2026.01.02,1번째 방문,영수증,매운거 잘못먹는 둘이 갔는데 너무매웠어요ㅠ 근데 잡내 안나고 곱창이 탱글탱글해서 맛은 있긴 했어요,54,True,,,,매운거 잘못먹는 둘이 갔는데 너무매웠어요ㅠ 근데 잡내 안나고 곱창이 탱글탱글해서 맛은 있긴 했어요,매운거 잘못먹는 둘이 갔는데 너무매웠어요 근데 잡내 안나고 곱창이 탱글탱글해서 맛은 있긴 했어요,0,0,0,0,0,0,0,54,"맛, 잡내"
naver,굴다리식당,H3RSH3Y,307.0,2026.02.28,3번째 방문,예약,좋아하는 공덕 맛집,10,True,,,,좋아하는 공덕 맛집,좋아하는 공덕 맛집,0,0,0,0,0,0,0,10,맛
naver,보끔당 성수점,러브미3168,48.0,2026.01.24,1번째 방문,영수증,국물이 칼칼하고 맛있어요 1인메뉴도 있고 추운날 생각나는 음식이에요~~,39,True,,,,국물이 칼칼하고 맛있어요 1인메뉴도 있고 추운날 생각나는 음식이에요~~,국물이 칼칼하고 맛있어요 1인메뉴도 있고 추운날 생각나는 음식이에요 TILDE,0,0,0,0,0,0,1,39,"맛, 맛있, 메뉴, 음식, 국물"
kakao,이태리국시 성수,멍,1.0,2026-04-11,,,맛있게 먹었어요!! 모두 맛있습다!,19,True,5.0,5.0,브론즈 레벨,맛있게 먹었어요!! 모두 맛있습다!,맛있게 먹었어요 EXCLAM 모두 맛있습다 EXCLAM,0,0,0,0,1,0,0,19,"맛, 맛있"
naver,뼈탄집 성수역점,ruwk1807,13.0,2026.02.26,1번째 방문,영수증,예전부터 지나가다가 저기 한번 가야지 가야지 하다가 오늘 여자친구랑 같이 처음 뼈탄집 방문했는데요!!! 일단 음식 너무 맛있어용😄 직원분들도 너무 친절하시고~앞으로 자주 올꺼같아요👍 p.s 여기 시그니처 숙성뼈탄삼겹살 꼭 드셔요!!!강추,132,True,,,,예전부터 지나가다가 저기 한번 가야지 가야지 하다가 오늘 여자친구랑 같이 처음 뼈탄집 방문했는데요!!! 일단 음식 너무 맛있어용😄 직원분들도 너무 친절하시고~앞으로 자주 올꺼같아요👍 p.s 여기 시그니처 숙성뼈탄삼겹살 꼭 드셔요!!!강추,예전부터 지나가다가 저기 한번 가야지 가야지 하다가 오늘 여자친구랑 같이 처음 뼈탄집 방문했는데요 EXCLAM 일단 음식 너무 맛있어용 EMO_POS 직원분들도 너무 친절하시고 앞으로 자주 올꺼같아요 EMO_POS p s 여기 시그니처 숙성뼈탄삼겹살 꼭 드셔요 EXCLAM 강추,1,0,0,0,1,0,0,132,"맛, 맛있, 음식"
naver,을밀대 평양냉면,계란말이48,891.0,2025.08.01,9번째 방문,영수증,"한시간 넘는 거리 포장 한번 해봤는데, 좀 불긴했지만 그런대로 좋았네요",39,True,,,,"한시간 넘는 거리 포장 한번 해봤는데, 좀 불긴했지만 그런대로 좋았네요",한시간 넘는 거리 포장 한번 해봤는데 좀 불긴했지만 그런대로 좋았네요,0,0,0,0,0,0,0,39,간
kakao,옥동식 서교점,xmas,93.0,2025-08-08,,,바들바들 떨다 먹었는데 정말 맛있었음,20,True,5.0,3.5,실버 레벨,바들바들 떨다 먹었는데 정말 맛있었음,바들바들 떨다 먹었는데 정말 맛있었음,0,0,0,0,0,0,0,20,"맛, 맛있"
kakao,굴다리식당,김소방,816.0,2025-07-12,,,"후배랑 둘이서 3메뉴 한 개씩 주문함. 달걀말이, 찌개, 제육~ 제육볶음이라는 이름으로 약간은 다른 돼지고기 요리라고 하는 게 더 맞을 듯 싶다. 찌개는 묵은지로 해서 깊은 맛이 나고 밑반찬들도 다 맛있어서 밥이 게눈 감추듯 사라짐. 재방문 OK",137,False,5.0,4.4,블루 레벨,"후배랑 둘이서 3메뉴 한 개씩 주문함. 달걀말이, 찌개, 제육~ 제육볶음이라는 이름으로 약간은 다른 돼지고기 요리라고 하는 게 더 맞을 듯 싶다. 찌개는 묵은지로 해서 깊은 맛이 나고 밑반찬들도 다 맛있어서 밥이 게눈 감추듯 사라짐. 재방문 OK",후배랑 둘이서 3메뉴 한 개씩 주문함 달걀말이 찌개 제육 제육볶음이라는 이름으로 약간은 다른 돼지고기 요리라고 하는 게 더 맞을 듯 싶다 찌개는 묵은지로 해서 깊은 맛이 나고 밑반찬들도 다 맛있어서 밥이 게눈 감추듯 사라짐 재방문 OK,0,0,0,0,0,0,1,137,"맛, 맛있, 메뉴, 요리, 간, 고기, 밥, 반찬"
naver,소문난성수감자탕,hae****,46.0,2026.02.09,1번째 방문,영수증,여기가 왜 그렇게 핫플인지 모르겠네요. 저는 많이 실망했어요. 어떤 외국인 손님이 물어보시는데 직원이 짜증만 내고 저희한테도 진짜 불친절하네요. 물기도 줄줄 흐르는채로 수저통에 꽂고 제 옷에까지 묻었네요. 다시는 안갑니다😡😡,125,False,,,,여기가 왜 그렇게 핫플인지 모르겠네요. 저는 많이 실망했어요. 어떤 외국인 손님이 물어보시는데 직원이 짜증만 내고 저희한테도 진짜 불친절하네요. 물기도 줄줄 흐르는채로 수저통에 꽂고 제 옷에까지 묻었네요. 다시는 안갑니다😡😡,여기가 왜 그렇게 핫플인지 모르겠네요 저는 많이 실망했어요 어떤 외국인 손님이 물어보시는데 직원이 짜증만 내고 저희한테도 진짜 불친절하네요 물기도 줄줄 흐르는채로 수저통에 꽂고 제 옷에까지 묻었네요 다시는 안갑니다 EMO_NEG EMO_NEG,0,1,0,0,0,0,0,125,짜
kakao,이태리국시 성수,채찬후,1.0,2026-04-05,,,양식을 2번째러 먹어봤는데 메뉴가 독특해서 조금 걱정 되었지만 생각이상으로 너무 맛있게 먹었습니다!,55,True,5.0,5.0,브론즈 레벨,양식을 2번째러 먹어봤는데 메뉴가 독특해서 조금 걱정 되었지만 생각이상으로 너무 맛있게 먹었습니다!,양식을 2번째러 먹어봤는데 메뉴가 독특해서 조금 걱정 되었지만 생각이상으로 너무 맛있게 먹었습니다 EXCLAM,0,0,0,0,1,0,1,55,"맛, 맛있, 메뉴, 양"
naver,뼈탄집 성수역점,코코맘2374,49.0,2026.01.24,1번째 방문,영수증,"북성수에 새로운 맛집✨ 맛집 많은 성수지만 맛난집 찾기 힘든 성수 주민이 찾은 보물같은집! 기본 식사부터 고기, 식사류까지 너무 맛있고 직원분들이 너무 친절해서 꼭 다시 오고 싶네요. 화장실 깨끗한거도 정말 너무 좋아요 ㅋㅋㅋ",126,True,,,,"북성수에 새로운 맛집✨ 맛집 많은 성수지만 맛난집 찾기 힘든 성수 주민이 찾은 보물같은집! 기본 식사부터 고기, 식사류까지 너무 맛있고 직원분들이 너무 친절해서 꼭 다시 오고 싶네요. 화장실 깨끗한거도 정말 너무 좋아요 ㅋㅋㅋ",북성수에 새로운 맛집 EMO_POS 맛집 많은 성수지만 맛난집 찾기 힘든 성수 주민이 찾은 보물같은집 EXCLAM 기본 식사부터 고기 식사류까지 너무 맛있고 직원분들이 너무 친절해서 꼭 다시 오고 싶네요 화장실 깨끗한거도 정말 너무 좋아요,1,0,0,0,1,0,0,126,"맛, 맛있, 고기"
naver,옥동식,libra1978,3329.0,2025.08.20,14번째 방문,영수증,고기 부드럽고 국물은 깔끔하며 밥알은 입에서 춤추는 아주 맛있고 깔끔한 국밥~ 고기는 고추지에 찍어서 먹는맛이 일품!!!,67,True,,,,고기 부드럽고 국물은 깔끔하며 밥알은 입에서 춤추는 아주 맛있고 깔끔한 국밥~ 고기는 고추지에 찍어서 먹는맛이 일품!!!,고기 부드럽고 국물은 깔끔하며 밥알은 입에서 춤추는 아주 맛있고 깔끔한 국밥 고기는 고추지에 찍어서 먹는맛이 일품 EXCLAM,0,0,0,0,1,0,0,67,"맛, 맛있, 고기, 밥, 국물"
naver,홍대 육지,LuckyA,1512.0,2026.03.23,1번째 방문,영수증,맨날 줄서있어서 못들어왔었는데 드디어 먹어봤어요 고기랑 계란찜이 진짜 맛있어요 👍🏼,46,True,,,,맨날 줄서있어서 못들어왔었는데 드디어 먹어봤어요 고기랑 계란찜이 진짜 맛있어요 👍🏼,맨날 줄서있어서 못들어왔었는데 드디어 먹어봤어요 고기랑 계란찜이 진짜 맛있어요 EMO_POS,1,0,0,0,0,0,0,46,"맛, 맛있, 고기, 짜"
naver,조선시대,생갈치 1호의 행방불명ㅇ,14.0,2026.03.28,2번째 방문,영수증,너무 맛있어서 2번째 방문이여요 ❤️❤️❤️😘😘 여기 낙곱새 무조건 시켜 레츠고 💕💕💕🤙🤙,50,True,,,,너무 맛있어서 2번째 방문이여요 ❤️❤️❤️😘😘 여기 낙곱새 무조건 시켜 레츠고 💕💕💕🤙🤙,너무 맛있어서 2번째 방문이여요 EMO_POS EMO_POS EMO_POS EMO_POS EMO_POS 여기 낙곱새 무조건 시켜 레츠고 EMO_POS EMO_POS EMO_POS,1,0,0,0,0,0,1,50,"맛, 맛있"
kakao,육지,예지,4.0,2025-12-25,,,저번에 방문했을때 테이블 많이 비어있는데도 굳이 옆테이블 식사중인 팀과 붙혀주더라구요 +불판에 김치구우면 안된대요...엥 고깃집에서 김치못굽는 불판소리 첨들어봄,89,True,1.0,4.0,브론즈 레벨,저번에 방문했을때 테이블 많이 비어있는데도 굳이 옆테이블 식사중인 팀과 붙혀주더라구요 +불판에 김치구우면 안된대요...엥 고깃집에서 김치못굽는 불판소리 첨들어봄,저번에 방문했을때 테이블 많이 비어있는데도 굳이 옆테이블 식사중인 팀과 붙혀주더라구요 불판에 김치구우면 안된대요 엥 고깃집에서 김치못굽는 불판소리 첨들어봄,0,0,0,0,0,0,0,89,"면, 김치"
kakao,능동미나리 성수점,휘한휘,9.0,2025-12-15,,,"기본 국밥만 먹었는데, 찌릉내가 확 났어요..미나리로 덮은 느낌? 그 냄새가 어디서 오는지를 모르겠어요;",58,False,1.0,3.9,브론즈 레벨,"기본 국밥만 먹었는데, 찌릉내가 확 났어요..미나리로 덮은 느낌? 그 냄새가 어디서 오는지를 모르겠어요;",기본 국밥만 먹었는데 찌릉내가 확 났어요 미나리로 덮은 느낌 QUESTION 그 냄새가 어디서 오는지를 모르겠어요,0,0,0,0,0,1,0,58,밥
kakao,황금콩밭,무무,90.0,2025-01-05,,,"코스요리도 먹어보고 단품으로도 먹어봤는데 여긴 그냥 청국장 단품이 젤 괜찮은 것 같습니다. 김치도 젓갈 안 들어간 깔끔st로 이 식당의 추구미를 느낄 수 있어요. 두부계의 에르메스다 뭐다 하는데.. 아차산 두부랑 퀄리티 차이는 모르겠지만 맛있긴 해요! 사장님이 불친절하다 뭐다 후기가 많은데 제가 느끼기엔 가게를 운영하는데에 본인만의 규칙이 확실하신 것 같습니다. 손님이 갑은 아니니까요,,기분탓일수도 있는데 코스시킨다고 하니까 갑자기 좀 더 잘해주시긴 함ㅋㅋ",257,False,3.0,4.0,골드 레벨,"코스요리도 먹어보고 단품으로도 먹어봤는데 여긴 그냥 청국장 단품이 젤 괜찮은 것 같습니다. 김치도 젓갈 안 들어간 깔끔st로 이 식당의 추구미를 느낄 수 있어요. 두부계의 에르메스다 뭐다 하는데.. 아차산 두부랑 퀄리티 차이는 모르겠지만 맛있긴 해요! 사장님이 불친절하다 뭐다 후기가 많은데 제가 느끼기엔 가게를 운영하는데에 본인만의 규칙이 확실하신 것 같습니다. 손님이 갑은 아니니까요,,기분탓일수도 있는데 코스시킨다고 하니까 갑자기 좀 더 잘해주시긴 함ㅋㅋ",코스요리도 먹어보고 단품으로도 먹어봤는데 여긴 그냥 청국장 단품이 젤 괜찮은 것 같습니다 김치도 젓갈 안 들어간 깔끔st로 이 식당의 추구미를 느낄 수 있어요 두부계의 에르메스다 뭐다 하는데 아차산 두부랑 퀄리티 차이는 모르겠지만 맛있긴 해요 EXCLAM 사장님이 불친절하다 뭐다 후기가 많은데 제가 느끼기엔 가게를 운영하는데에 본인만의 규칙이 확실하신 것 같습니다 손님이 갑은 아니니까요 기분탓일수도 있는데 코스시킨다고 하니까 갑자기 좀 더 잘해주시긴 함,0,0,0,0,1,0,0,257,"맛, 맛있, 요리, 간, 김치, 느끼"
kakao,육지,태영,1.0,2025-08-30,,,고기가 정말 맛있고 직원분들도 친절하셔서 맛있게 잘 먹고갑니다!!!,37,False,5.0,5.0,브론즈 레벨,고기가 정말 맛있고 직원분들도 친절하셔서 맛있게 잘 먹고갑니다!!!,고기가 정말 맛있고 직원분들도 친절하셔서 맛있게 잘 먹고갑니다 EXCLAM,0,0,0,0,1,0,0,37,"맛, 맛있, 고기"
naver,육산장 홍대본점,lee****,33.0,2025.12.19,1번째 방문,영수증,홍대에서 캠핑 감성 가득 한 끼 먹을 수 있는 곳이에요! 🏮 내부 자리와 외부 자리로 나뉘어 있는데 외부도 히터와 비닐문으로 되어 있어서 따뜻하게 즐길 수 있어요 🔥 고기도 완전 맛있고 옥수수까지 주다니 너무 가성비 아닌가요!!🥩🥩 매장도 넓어서 모임 하기도 좋은 홍대 맛집 육산장 추천드려요 🫶,165,True,,,,홍대에서 캠핑 감성 가득 한 끼 먹을 수 있는 곳이에요! 🏮 내부 자리와 외부 자리로 나뉘어 있는데 외부도 히터와 비닐문으로 되어 있어서 따뜻하게 즐길 수 있어요 🔥 고기도 완전 맛있고 옥수수까지 주다니 너무 가성비 아닌가요!!🥩🥩 매장도 넓어서 모임 하기도 좋은 홍대 맛집 육산장 추천드려요 🫶,홍대에서 캠핑 감성 가득 한 끼 먹을 수 있는 곳이에요 EXCLAM 내부 자리와 외부 자리로 나뉘어 있는데 외부도 히터와 비닐문으로 되어 있어서 따뜻하게 즐길 수 있어요 EMO_POS 고기도 완전 맛있고 옥수수까지 주다니 너무 가성비 아닌가요 EXCLAM 매장도 넓어서 모임 하기도 좋은 홍대 맛집 육산장 추천드려요,1,0,0,0,1,0,0,165,"맛, 맛있, 고기"
naver,태양곱창 성수점,현순13,1.0,2026.02.07,1번째 방문,영수증,웨이팅이 있는 만큼 맛있어요ଘ(´•3•)⊃━☆ 양도 진짜 많고 곱창에서 냄새 안나서 곱창 먹고싶을때 방문해도 좋을것 같아요 ㅎㅎ,71,True,,,,웨이팅이 있는 만큼 맛있어요ଘ(´•3•)⊃━☆ 양도 진짜 많고 곱창에서 냄새 안나서 곱창 먹고싶을때 방문해도 좋을것 같아요 ㅎㅎ,웨이팅이 있는 만큼 맛있어요 3 양도 진짜 많고 곱창에서 냄새 안나서 곱창 먹고싶을때 방문해도 좋을것 같아요,0,0,0,0,0,0,1,71,"맛, 맛있, 양, 짜"
naver,보끔당 성수점,허송세월958,3.0,2026.05.04,1번째 방문,영수증,맛있게 잘먹겠습니다~!!,13,False,,,,맛있게 잘먹겠습니다~!!,맛있게 잘먹겠습니다 EXCLAM,0,0,0,0,1,0,0,13,"맛, 맛있"
kakao,쭌곱창,다영,2.0,2025-06-03,,,가게 분위기도 어두운데 사장님이신건지 직원분이신건지 근무하시는 분이 처음부터 너무 무기력해보이고 메뉴 나와서 설명을 해주시는데 말이 너무 빨라서 무슨말인지 잘 안들리더라구요 아무래도 음식은 한달에 한번은 자체 맛 점검을 해보셔야할것 같습니다 양념이 너무 많아서 계란찜이 양념에 담궈져서 먹은것 같지도 않고 양념은 너무 달고.. 외국분들을 겨냥해서 맛을 달게 하신건지 몰라도 너무 달고 양념은 많고 가격대비 가성비도 떨어진다고 느꼈어요 양념도 단데 생크림을 찍으니 매콤함이 중화되는게 아니라 더 달다고 느껴지고 양념도 많은데 볶음밥도 약간 붉은 양념에 비벼져서 나오고.. 보완이 필요한것 같습니다,332,True,1.0,3.0,브론즈 레벨,가게 분위기도 어두운데 사장님이신건지 직원분이신건지 근무하시는 분이 처음부터 너무 무기력해보이고 메뉴 나와서 설명을 해주시는데 말이 너무 빨라서 무슨말인지 잘 안들리더라구요 아무래도 음식은 한달에 한번은 자체 맛 점검을 해보셔야할것 같습니다 양념이 너무 많아서 계란찜이 양념에 담궈져서 먹은것 같지도 않고 양념은 너무 달고.. 외국분들을 겨냥해서 맛을 달게 하신건지 몰라도 너무 달고 양념은 많고 가격대비 가성비도 떨어진다고 느꼈어요 양념도 단데 생크림을 찍으니 매콤함이 중화되는게 아니라 더 달다고 느껴지고 양념도 많은데 볶음밥도 약간 붉은 양념에 비벼져서 나오고.. 보완이 필요한것 같습니다,가게 분위기도 어두운데 사장님이신건지 직원분이신건지 근무하시는 분이 처음부터 너무 무기력해보이고 메뉴 나와서 설명을 해주시는데 말이 너무 빨라서 무슨말인지 잘 안들리더라구요 아무래도 음식은 한달에 한번은 자체 맛 점검을 해보셔야할것 같습니다 양념이 너무 많아서 계란찜이 양념에 담궈져서 먹은것 같지도 않고 양념은 너무 달고 외국분들을 겨냥해서 맛을 달게 하신건지 몰라도 너무 달고 양념은 많고 가격대비 가성비도 떨어진다고 느꼈어요 양념도 단데 생크림을 찍으니 매콤함이 중화되는게 아니라 더 달다고 느껴지고 양념도 많은데 볶음밥도 약간 붉은 양념에 비벼져서 나오고 보완이 필요한것 같습니다,0,0,0,0,0,0,0,332,"맛, 메뉴, 음식, 양, 간, 밥"
kakao,육산장 홍대본점,최동호,1.0,2025-05-09,,,너무 맛있어요 분위기도 좋아유 무조건 또 옴요,25,True,5.0,5.0,브론즈 레벨,너무 맛있어요 분위기도 좋아유 무조건 또 옴요,너무 맛있어요 분위기도 좋아유 무조건 또 옴요,0,0,0,0,0,0,0,25,"맛, 맛있"
kakao,소문난성수감자탕,먹고노는게제일좋아,1607.0,2025-08-04,,,주말 2시 반쯤 애매한 시간에 갔더니 대기 거의 없었어요 별관도 있어서 줄 금방 빠지더라구요 맛은 매우 무난해요ㅋㅋㅋ 순한 감자탕... 진하거나 감칠맛이 있는 것도 아니고 그렇다고 못 먹을 밍밍한 것도 아니고... 맛으로만 따지면 다른 감자탕집 미만인거 같기도?🤔,147,False,3.0,3.7,퍼플 레벨,주말 2시 반쯤 애매한 시간에 갔더니 대기 거의 없었어요 별관도 있어서 줄 금방 빠지더라구요 맛은 매우 무난해요ㅋㅋㅋ 순한 감자탕... 진하거나 감칠맛이 있는 것도 아니고 그렇다고 못 먹을 밍밍한 것도 아니고... 맛으로만 따지면 다른 감자탕집 미만인거 같기도?🤔,주말 2시 반쯤 애매한 시간에 갔더니 대기 거의 없었어요 별관도 있어서 줄 금방 빠지더라구요 맛은 매우 무난해요 순한 감자탕 진하거나 감칠맛이 있는 것도 아니고 그렇다고 못 먹을 밍밍한 것도 아니고 맛으로만 따지면 다른 감자탕집 미만인거 같기도 QUESTION,0,0,0,0,0,1,1,147,"맛, 간, 면, 감자탕"
naver,뼈탄집 성수역점,purena,27.0,2026.03.07,1번째 방문,영수증,계탄밥 맛있고 고기도 맛있네요 직접구워주셔서 편하게 먹을 수 있어요,37,True,,,,계탄밥 맛있고 고기도 맛있네요 직접구워주셔서 편하게 먹을 수 있어요,계탄밥 맛있고 고기도 맛있네요 직접구워주셔서 편하게 먹을 수 있어요,0,0,0,0,0,0,0,37,"맛, 맛있, 고기, 밥"
naver,태양곱창 성수점,아량047,52.0,2026.01.28,1번째 방문,영수증,곱창 양이 많구 맛있습니다,14,True,,,,곱창 양이 많구 맛있습니다,곱창 양이 많구 맛있습니다,0,0,0,0,0,0,0,14,"맛, 맛있, 양"
naver,황금콩밭,노시13,3370.0,2026.03.10,1번째 방문,영수증,웨이팅은 있었지만 두부가 담백하고 너무 맛나요.. 평일인데도 웨이팅이 왜 많은지 알 것 같아요,52,True,,,,웨이팅은 있었지만 두부가 담백하고 너무 맛나요.. 평일인데도 웨이팅이 왜 많은지 알 것 같아요,웨이팅은 있었지만 두부가 담백하고 너무 맛나요 평일인데도 웨이팅이 왜 많은지 알 것 같아요,0,0,0,0,0,0,0,52,맛
naver,황금콩밭,saddo hn,946.0,2025.02.23,2번째 방문,영수증,이번이 두번째 방문인데 이번에도 역시 너무 맛있게 먹었어요~ 두부를 안좋아하시는분은 조금 심심할수도 있을거 같은데 두부자체가 정말 맛있고 짜글이와 청국장 모두 국물이 너무 좋았어요~! 운좋게 바로 입장하여 주문했는데 저희 뒤로는 웨이팅이 생겼어요 ㅎㅎ 주차는 조금 불편한데 주말엔 주변가게가 문닫아서 그앞에 주차하고 이용했습니다!,184,True,,,,이번이 두번째 방문인데 이번에도 역시 너무 맛있게 먹었어요~ 두부를 안좋아하시는분은 조금 심심할수도 있을거 같은데 두부자체가 정말 맛있고 짜글이와 청국장 모두 국물이 너무 좋았어요~! 운좋게 바로 입장하여 주문했는데 저희 뒤로는 웨이팅이 생겼어요 ㅎㅎ 주차는 조금 불편한데 주말엔 주변가게가 문닫아서 그앞에 주차하고 이용했습니다!,이번이 두번째 방문인데 이번에도 역시 너무 맛있게 먹었어요 두부를 안좋아하시는분은 조금 심심할수도 있을거 같은데 두부자체가 정말 맛있고 짜글이와 청국장 모두 국물이 너무 좋았어요 EXCLAM 운좋게 바로 입장하여 주문했는데 저희 뒤로는 웨이팅이 생겼어요 주차는 조금 불편한데 주말엔 주변가게가 문닫아서 그앞에 주차하고 이용했습니다 EXCLAM,0,0,0,0,1,0,0,184,"맛, 맛있, 국물, 짜"
naver,훼미리손칼국수보쌈,COFFEESAMCHON58,87.0,2025.11.01,1번째 방문,예약,맛있어요 하지만 바쁘다고 이렇게 불친절해도 되나 싶을 정도로 불친절합니다 거의 그릇을 테이블에 던지더군요,58,False,,,,맛있어요 하지만 바쁘다고 이렇게 불친절해도 되나 싶을 정도로 불친절합니다 거의 그릇을 테이블에 던지더군요,맛있어요 하지만 바쁘다고 이렇게 불친절해도 되나 싶을 정도로 불친절합니다 거의 그릇을 테이블에 던지더군요,0,0,0,0,0,0,0,58,"맛, 맛있"
kakao,이태리국시 성수,송치은,1.0,2026-04-18,,,맛있어요!!,6,False,5.0,5.0,브론즈 레벨,맛있어요!!,맛있어요 EXCLAM,0,0,0,0,1,0,0,6,"맛, 맛있"
kakao,쭌곱창,원종주,1.0,2025-06-01,,,곱창에 불맛 나고 맛있어요. 가격도 착하고 매우 좋음,29,True,5.0,5.0,브론즈 레벨,곱창에 불맛 나고 맛있어요. 가격도 착하고 매우 좋음,곱창에 불맛 나고 맛있어요 가격도 착하고 매우 좋음,0,0,0,0,0,0,0,29,"맛, 맛있"
naver,각시보쌈,은은한날,267.0,2026.03.26,1번째 방문,영수증,가성비 대박 현지인 추천맛집이라 갔는데 왜 줄서는지 바로 알겠더라구여!ㅋㅋ,41,True,,,,가성비 대박 현지인 추천맛집이라 갔는데 왜 줄서는지 바로 알겠더라구여!ㅋㅋ,가성비 대박 현지인 추천맛집이라 갔는데 왜 줄서는지 바로 알겠더라구여 EXCLAM,0,0,0,0,1,0,0,41,맛
kakao,성수족발,말차밀크티,279.0,2025-10-23,,,옛날에 진짜 많이 먹었는데 점점 달아져요 요새는 너무 달아서 잘 안먹네요 예전에 진짜 맛있었는데,53,False,4.0,4.2,골드 레벨,옛날에 진짜 많이 먹었는데 점점 달아져요 요새는 너무 달아서 잘 안먹네요 예전에 진짜 맛있었는데,옛날에 진짜 많이 먹었는데 점점 달아져요 요새는 너무 달아서 잘 안먹네요 예전에 진짜 맛있었는데,0,0,0,0,0,0,0,53,"맛, 맛있, 짜"
kakao,쭌곱창,김예일,2.0,2025-05-13,,,소스도 다양하구 곱창 너무 맛있어요~!!! 볶음밥은 선택 아닌 필수-☆,39,True,5.0,5.0,브론즈 레벨,소스도 다양하구 곱창 너무 맛있어요~!!! 볶음밥은 선택 아닌 필수-☆,소스도 다양하구 곱창 너무 맛있어요 EXCLAM 볶음밥은 선택 아닌 필수,0,0,0,0,1,0,0,39,"맛, 맛있, 양, 밥, 소스"
naver,보끔당 성수점,ilo****,56.0,2026.04.07,3번째 방문,영수증,벌써 3번째 방문이에요! 가성비도 좋고 무엇보다 넘 맛있어요!! 가게도 깔끔하고 담에 또 올게용 ㅎㅎ,56,True,,,,벌써 3번째 방문이에요! 가성비도 좋고 무엇보다 넘 맛있어요!! 가게도 깔끔하고 담에 또 올게용 ㅎㅎ,벌써 3번째 방문이에요 EXCLAM 가성비도 좋고 무엇보다 넘 맛있어요 EXCLAM 가게도 깔끔하고 담에 또 올게용,0,0,0,0,1,0,1,56,"맛, 맛있"
kakao,육산장 홍대본점,수빈,1.0,2026-04-08,,,캠핑하는 기분이고 맛잇어요 ~~,17,True,4.0,4.0,브론즈 레벨,캠핑하는 기분이고 맛잇어요 ~~,캠핑하는 기분이고 맛잇어요 TILDE,0,0,0,0,0,0,0,17,맛
naver,홍대 육지,알고보니찐빠,152.0,2026.03.06,1번째 방문,예약,와..여기 맛집이에요 고기도 정말 맛있고 특히 개인적으로 볶음밥 너무 맛잇습니다!! 흥해라!!,52,False,,,,와..여기 맛집이에요 고기도 정말 맛있고 특히 개인적으로 볶음밥 너무 맛잇습니다!! 흥해라!!,와 여기 맛집이에요 고기도 정말 맛있고 특히 개인적으로 볶음밥 너무 맛잇습니다 EXCLAM 흥해라 EXCLAM,0,0,0,0,1,0,0,52,"맛, 맛있, 고기, 밥"
naver,보끔당 성수점,먹바나나,61.0,2026.02.26,1번째 방문,영수증,맛있네요!!!!! 깔끔하고 일하시는 이모님도 완전 친절하세요,33,True,,,,맛있네요!!!!! 깔끔하고 일하시는 이모님도 완전 친절하세요,맛있네요 EXCLAM 깔끔하고 일하시는 이모님도 완전 친절하세요,0,0,0,0,1,0,0,33,"맛, 맛있"
naver,성수족발,LUNA1259,130.0,2026.02.05,1번째 방문,포장,"대 5만원에 구입했어요. 들어가니 바로 포장해주셔서 기다릴 필요 없었어요. 안에 큰 뼈가 많아서 겉보기는 많아보이지만, 먹어보면 3인분으로 적당합니다. 족발은 쫀득쫀득 맛있어요.",99,False,,,,"대 5만원에 구입했어요. 들어가니 바로 포장해주셔서 기다릴 필요 없었어요. 안에 큰 뼈가 많아서 겉보기는 많아보이지만, 먹어보면 3인분으로 적당합니다. 족발은 쫀득쫀득 맛있어요.",대 5만원에 구입했어요 들어가니 바로 포장해주셔서 기다릴 필요 없었어요 안에 큰 뼈가 많아서 겉보기는 많아보이지만 먹어보면 3인분으로 적당합니다 족발은 쫀득쫀득 맛있어요,0,0,0,0,0,0,1,99,"맛, 맛있, 면"
naver,장인닭갈비 홍대점,aji****,1.0,2026.04.04,1번째 방문,영수증,볶음밥 넘나 맛잇어요ㅜㅠ!!,15,True,,,,볶음밥 넘나 맛잇어요ㅜㅠ!!,볶음밥 넘나 맛잇어요 EXCLAM,0,0,0,0,1,0,0,15,"맛, 밥"
naver,을밀대 평양냉면,닥터Bae,573.0,2026.03.05,1번째 방문,영수증,냉면도 맛있고 녹두전 간이 슴슴하니 간이 전혀 없어 저는 좋았어요. 바싹하니 맛있습니다.,49,True,,,,냉면도 맛있고 녹두전 간이 슴슴하니 간이 전혀 없어 저는 좋았어요. 바싹하니 맛있습니다.,냉면도 맛있고 녹두전 간이 슴슴하니 간이 전혀 없어 저는 좋았어요 바싹하니 맛있습니다,0,0,0,0,0,0,0,49,"맛, 맛있, 간, 면, 냉면"
naver,보끔당 성수점,원준56,62.0,2026.03.07,1번째 방문,영수증,성수와서 갑자기 닭이 땡겨서 왔어요 메뉴보다가 찜닭도 있어서 시켜봤는데 양이 정말 푸짐하게 많았어요! 찜닭이지만 약간 닭갈비 같이 매콤하고 자극적인게 정말 맛있게 먹었어요!,96,True,,,,성수와서 갑자기 닭이 땡겨서 왔어요 메뉴보다가 찜닭도 있어서 시켜봤는데 양이 정말 푸짐하게 많았어요! 찜닭이지만 약간 닭갈비 같이 매콤하고 자극적인게 정말 맛있게 먹었어요!,성수와서 갑자기 닭이 땡겨서 왔어요 메뉴보다가 찜닭도 있어서 시켜봤는데 양이 정말 푸짐하게 많았어요 EXCLAM 찜닭이지만 약간 닭갈비 같이 매콤하고 자극적인게 정말 맛있게 먹었어요 EXCLAM,0,0,0,0,1,0,0,96,"맛, 맛있, 메뉴, 양, 간"
naver,장인닭갈비 홍대점,김지은5022,12.0,2026.04.13,1번째 방문,영수증,너무 맛있어요!! 볶음밥도 하트로 해주시고 짱 맛있어요✨,31,True,,,,너무 맛있어요!! 볶음밥도 하트로 해주시고 짱 맛있어요✨,너무 맛있어요 EXCLAM 볶음밥도 하트로 해주시고 짱 맛있어요 EMO_POS,1,0,0,0,1,0,0,31,"맛, 맛있, 밥"
kakao,쭌곱창,오타니,9.0,2025-03-28,,,잡내없고 매콤하니 맛있습니다! 파인애플 생크림이랑 같이 먹으면 최고!! 사장님도 친절하십니다! 홍대 오시는 분들에게 강추합니다,70,True,5.0,3.1,브론즈 레벨,잡내없고 매콤하니 맛있습니다! 파인애플 생크림이랑 같이 먹으면 최고!! 사장님도 친절하십니다! 홍대 오시는 분들에게 강추합니다,잡내없고 매콤하니 맛있습니다 EXCLAM 파인애플 생크림이랑 같이 먹으면 최고 EXCLAM 사장님도 친절하십니다 EXCLAM 홍대 오시는 분들에게 강추합니다,0,0,0,0,1,0,0,70,"맛, 맛있, 면, 잡내"
kakao,옥동식 서교점,ドコモ,377.0,2026-04-02,,,첨에는 오~ 신기한 맛 그리고는 그게 전부,23,True,3.0,2.4,골드 레벨,첨에는 오~ 신기한 맛 그리고는 그게 전부,첨에는 오 신기한 맛 그리고는 그게 전부,0,0,0,0,0,0,0,23,맛
naver,조선시대,tls****,27.0,2026.02.28,1번째 방문,영수증,안주 맛나요!!!!놀기 좋아요!!!!!! 언능 오세요!!새내기분들!!!!,40,True,,,,안주 맛나요!!!!놀기 좋아요!!!!!! 언능 오세요!!새내기분들!!!!,안주 맛나요 EXCLAM 놀기 좋아요 EXCLAM 언능 오세요 EXCLAM 새내기분들 EXCLAM,0,0,0,0,1,0,0,40,맛
naver,보끔당 성수점,산울아낙네,32.0,2026.03.01,1번째 방문,영수증,완전 친절하세요^^ 음식도 맛이 있고 오랜만에 닭볶음탕 맛있게 먹었어요^^,41,True,,,,완전 친절하세요^^ 음식도 맛이 있고 오랜만에 닭볶음탕 맛있게 먹었어요^^,완전 친절하세요 음식도 맛이 있고 오랜만에 닭볶음탕 맛있게 먹었어요,0,0,0,0,0,0,0,41,"맛, 맛있, 음식"
kakao,홍대 조선시대,찬희,2.0,2026-01-31,,,분위기도 음식도 다 전부 너무 좋습니다!! 서울 여행을 더 특별하게 만들어 주는 곳입니다 다들 꼭 방문하셨으면 좋겠어요!,67,True,5.0,5.0,브론즈 레벨,분위기도 음식도 다 전부 너무 좋습니다!! 서울 여행을 더 특별하게 만들어 주는 곳입니다 다들 꼭 방문하셨으면 좋겠어요!,분위기도 음식도 다 전부 너무 좋습니다 EXCLAM 서울 여행을 더 특별하게 만들어 주는 곳입니다 다들 꼭 방문하셨으면 좋겠어요 EXCLAM,0,0,0,0,1,0,0,67,"음식, 면"
kakao,태양곱창 성수,윶찌,19.0,2025-06-28,,,이게 뭔맛이여... 그냥 너무 싱거워요 아무 맛이 안나요 싱싱한 곱창에 무슨 짓을 했는지 모르겠음 외국인들이 이게 존맛 곱창전골이라고 생각할까봐 걱정됨 밀키트는 무슨 밀키트에요ㅠ,99,False,1.0,4.1,실버 레벨,이게 뭔맛이여... 그냥 너무 싱거워요 아무 맛이 안나요 싱싱한 곱창에 무슨 짓을 했는지 모르겠음 외국인들이 이게 존맛 곱창전골이라고 생각할까봐 걱정됨 밀키트는 무슨 밀키트에요ㅠ,이게 뭔맛이여 그냥 너무 싱거워요 아무 맛이 안나요 싱싱한 곱창에 무슨 짓을 했는지 모르겠음 외국인들이 이게 존맛 곱창전골이라고 생각할까봐 걱정됨 밀키트는 무슨 밀키트에요,0,0,0,0,0,0,0,99,맛
kakao,장인닭갈비 홍대점,내맘이야,145.0,2026-02-25,,,물엿인지 설탕인지 여튼 엄청 들어간 느낌 너무 닮...... 본인이 5세 이상이면 오지 마세요 겁나 배고픈 상태로 갔는데 맛 없었으면 말 다한거죠 뭐 아니 후기 대충 보고 갔는데 다시 보니 여기 후기 알바 돌리는 곳이네ㅋㅋㅋㅋㅋ,127,False,1.0,3.3,골드 레벨,물엿인지 설탕인지 여튼 엄청 들어간 느낌 너무 닮...... 본인이 5세 이상이면 오지 마세요 겁나 배고픈 상태로 갔는데 맛 없었으면 말 다한거죠 뭐 아니 후기 대충 보고 갔는데 다시 보니 여기 후기 알바 돌리는 곳이네ㅋㅋㅋㅋㅋ,물엿인지 설탕인지 여튼 엄청 들어간 느낌 너무 닮 본인이 5세 이상이면 오지 마세요 겁나 배고픈 상태로 갔는데 맛 없었으면 말 다한거죠 뭐 아니 후기 대충 보고 갔는데 다시 보니 여기 후기 알바 돌리는 곳이네,0,0,0,0,0,0,1,127,"맛, 간, 면"
kakao,능동미나리 성수점,얌이,233.0,2025-10-11,,,"절대 웨이팅하고 먹을 맛은 아님. 고기가 부드럽긴한데, 미나리가 억세고 향도 안 남. 곰탕 맛은 좋게 말하면 깔끔하고 나쁘게 말하면 아무 특색이 없음. 재방문 의사도 없음",95,True,2.0,2.4,골드 레벨,"절대 웨이팅하고 먹을 맛은 아님. 고기가 부드럽긴한데, 미나리가 억세고 향도 안 남. 곰탕 맛은 좋게 말하면 깔끔하고 나쁘게 말하면 아무 특색이 없음. 재방문 의사도 없음",절대 웨이팅하고 먹을 맛은 아님 고기가 부드럽긴한데 미나리가 억세고 향도 안 남 곰탕 맛은 좋게 말하면 깔끔하고 나쁘게 말하면 아무 특색이 없음 재방문 의사도 없음,0,0,0,0,0,0,0,95,"맛, 고기, 면"
kakao,훼미리손칼국수보쌈,쿨제이,50.0,2026-02-19,,,"항상 웨이팅이 긴 집이라 평일 어지간한 시간에 방문하니 바로 먹을수있고 좋네요ㅎ 여긴 90%이상이 보쌈정식을 시키고 일하시는 분들도 정식 먹으라고 권유하십니다^^ 시그니처 메뉴이기도 하고 양도 푸짐해요. 보쌈고기,알배추에 소주 한잔 먹고 있으면 칼국수랑 밥(1인용) 갖다주세요. 고기누린내도 없고 식당도 깔끔하니 좋아요. 맛이 특별한 곳이라기보다 가성비 좋은 노포라고 보시면 됩니다",213,False,5.0,3.6,실버 레벨,"항상 웨이팅이 긴 집이라 평일 어지간한 시간에 방문하니 바로 먹을수있고 좋네요ㅎ 여긴 90%이상이 보쌈정식을 시키고 일하시는 분들도 정식 먹으라고 권유하십니다^^ 시그니처 메뉴이기도 하고 양도 푸짐해요. 보쌈고기,알배추에 소주 한잔 먹고 있으면 칼국수랑 밥(1인용) 갖다주세요. 고기누린내도 없고 식당도 깔끔하니 좋아요. 맛이 특별한 곳이라기보다 가성비 좋은 노포라고 보시면 됩니다",항상 웨이팅이 긴 집이라 평일 어지간한 시간에 방문하니 바로 먹을수있고 좋네요 여긴 90 이상이 보쌈정식을 시키고 일하시는 분들도 정식 먹으라고 권유하십니다 시그니처 메뉴이기도 하고 양도 푸짐해요 보쌈고기 알배추에 소주 한잔 먹고 있으면 칼국수랑 밥 1인용 갖다주세요 고기누린내도 없고 식당도 깔끔하니 좋아요 맛이 특별한 곳이라기보다 가성비 좋은 노포라고 보시면 됩니다,0,0,0,0,0,0,1,213,"맛, 메뉴, 양, 간, 고기, 면, 밥, 보쌈"
kakao,능동미나리 성수점,미옥,1.0,2025-10-22,,,"웨이팅했는데 회전율 빨라서 금방 입장했어요 육회비빔밥, 미나리곰탕, 육전 이렇게 맛있게 잘 먹었습니다 다음에 또 방문할게요 잘 먹고갑니다~",77,True,5.0,5.0,브론즈 레벨,"웨이팅했는데 회전율 빨라서 금방 입장했어요 육회비빔밥, 미나리곰탕, 육전 이렇게 맛있게 잘 먹었습니다 다음에 또 방문할게요 잘 먹고갑니다~",웨이팅했는데 회전율 빨라서 금방 입장했어요 육회비빔밥 미나리곰탕 육전 이렇게 맛있게 잘 먹었습니다 다음에 또 방문할게요 잘 먹고갑니다,0,0,0,0,0,0,0,77,"맛, 맛있, 밥"
naver,장인닭갈비 홍대점,qaz****,14.0,2026.04.12,1번째 방문,영수증,맛있고 사장님도 친절하십니다 최고!!,20,True,,,,맛있고 사장님도 친절하십니다 최고!!,맛있고 사장님도 친절하십니다 최고 EXCLAM,0,0,0,0,1,0,0,20,"맛, 맛있"
naver,보끔당 성수점,은빛권씨,42.0,2026.02.28,1번째 방문,영수증,매콤한 닭볶음탕생각 나면 여기로~~ 가성비갑!!!,27,True,,,,매콤한 닭볶음탕생각 나면 여기로~~ 가성비갑!!!,매콤한 닭볶음탕생각 나면 여기로 TILDE 가성비갑 EXCLAM,0,0,0,0,1,0,0,27,면
naver,능동미나리 성수지점,원주혁신혼밥러ㅇㅈ,575.0,2026.01.16,1번째 방문,영수증,"능동미나리곰탕 15,000 + 육회비빔밥 15,000 먹었어요. 총총썬 미나리가 가득 올라가 있는 곰탕은 큼직한 무가 3개 들어있어요. 곰탕 안에 밥이 토렴되어 들어가 있어요. 육회비빔밥을 한입 뺏어 먹었는데, 오마이갓 엄청 맛있네요. 안에 들어가있는 참기름향이 너무 고소해요. 또 오게 된다면 곰탕이 아니라 육회비빔밥을 먹을 것 같아요. 육회비빔밥 시키면 곰탕 국물도 조금 줘서 저는 육회비빔밥을 더 추천드립니다. 깍두기는 너무 시었어요. 외국인 손님이 많아요. 줄을 섰는데 회전율이 좋아 10분 정도 기다리고 금방 입장했어요. 직원분들이 엄청 친절하네요. 줄설때 마시라고 차도 구비되어 있어서 사장님의 인심이 느껴지는 기분좋은 식당입니다🥰",359,True,,,,"능동미나리곰탕 15,000 + 육회비빔밥 15,000 먹었어요. 총총썬 미나리가 가득 올라가 있는 곰탕은 큼직한 무가 3개 들어있어요. 곰탕 안에 밥이 토렴되어 들어가 있어요. 육회비빔밥을 한입 뺏어 먹었는데, 오마이갓 엄청 맛있네요. 안에 들어가있는 참기름향이 너무 고소해요. 또 오게 된다면 곰탕이 아니라 육회비빔밥을 먹을 것 같아요. 육회비빔밥 시키면 곰탕 국물도 조금 줘서 저는 육회비빔밥을 더 추천드립니다. 깍두기는 너무 시었어요. 외국인 손님이 많아요. 줄을 섰는데 회전율이 좋아 10분 정도 기다리고 금방 입장했어요. 직원분들이 엄청 친절하네요. 줄설때 마시라고 차도 구비되어 있어서 사장님의 인심이 느껴지는 기분좋은 식당입니다🥰",능동미나리곰탕 15 000 육회비빔밥 15 000 먹었어요 총총썬 미나리가 가득 올라가 있는 곰탕은 큼직한 무가 3개 들어있어요 곰탕 안에 밥이 토렴되어 들어가 있어요 육회비빔밥을 한입 뺏어 먹었는데 오마이갓 엄청 맛있네요 안에 들어가있는 참기름향이 너무 고소해요 또 오게 된다면 곰탕이 아니라 육회비빔밥을 먹을 것 같아요 육회비빔밥 시키면 곰탕 국물도 조금 줘서 저는 육회비빔밥을 더 추천드립니다 깍두기는 너무 시었어요 외국인 손님이 많아요 줄을 섰는데 회전율이 좋아 10분 정도 기다리고 금방 입장했어요 직원분들이 엄청 친절하네요 줄설때 마시라고 차도 구비되어 있어서 사장님의 인심이 느껴지는 기분좋은 식당입니다 EMO_POS,1,0,0,0,0,0,1,359,"맛, 맛있, 면, 밥, 국물"
naver,황금콩밭,마법사진,412.0,2025.03.22,1번째 방문,영수증,"와~ 두부!! 별로 좋아하지 않는 저에게, 두부란? 이런 것 이란다. 참 맛을 알려주는 집! 막걸리도 잘 어울리네요~ (주의 : 거의 후레쉬 도수이니 많이 먹으면 취함)",94,True,,,,"와~ 두부!! 별로 좋아하지 않는 저에게, 두부란? 이런 것 이란다. 참 맛을 알려주는 집! 막걸리도 잘 어울리네요~ (주의 : 거의 후레쉬 도수이니 많이 먹으면 취함)",와 두부 EXCLAM 별로 좋아하지 않는 저에게 두부란 QUESTION 이런 것 이란다 참 맛을 알려주는 집 EXCLAM 막걸리도 잘 어울리네요 주의 거의 후레쉬 도수이니 많이 먹으면 취함,0,0,0,0,1,1,0,94,"맛, 면"
kakao,락희옥 마포본점,Joon,1.0,2025-05-28,,,"올때마다 너무 맛있는 메뉴, 좋은 분위기인 동네맛집입니다ㅎㅎ 자주올게요!!",41,True,5.0,5.0,브론즈 레벨,"올때마다 너무 맛있는 메뉴, 좋은 분위기인 동네맛집입니다ㅎㅎ 자주올게요!!",올때마다 너무 맛있는 메뉴 좋은 분위기인 동네맛집입니다 자주올게요 EXCLAM,0,0,0,0,1,0,0,41,"맛, 맛있, 메뉴"
kakao,을밀대 본점,🐕,23.0,2025-03-19,,,그누가 가격이 애미리스하다 욕해도 나에겐 은하계에서 을밀대가 젤 맛있다!!,41,True,5.0,3.8,실버 레벨,그누가 가격이 애미리스하다 욕해도 나에겐 은하계에서 을밀대가 젤 맛있다!!,그누가 가격이 애미리스하다 욕해도 나에겐 은하계에서 을밀대가 젤 맛있다 EXCLAM,0,0,0,0,1,0,0,41,"맛, 맛있"
naver,옥동식,dld****,430.0,2025.03.10,1번째 방문,영수증,공간이 작아서 웨이팅은 있지만 인기가 많은 이유가 있었어요-! 국물맛은 어마어마하게 담백하고 김치는 시원하고 만두도 맛있습니다 :),73,True,,,,공간이 작아서 웨이팅은 있지만 인기가 많은 이유가 있었어요-! 국물맛은 어마어마하게 담백하고 김치는 시원하고 만두도 맛있습니다 :),공간이 작아서 웨이팅은 있지만 인기가 많은 이유가 있었어요 EXCLAM 국물맛은 어마어마하게 담백하고 김치는 시원하고 만두도 맛있습니다,0,0,0,0,1,0,0,73,"맛, 맛있, 간, 국물, 김치"
kakao,소문난성수감자탕,핫초코,6.0,2025-12-13,,,약간 헛소문? 헛소문이 난거같네요,18,False,1.0,1.7,브론즈 레벨,약간 헛소문? 헛소문이 난거같네요,약간 헛소문 QUESTION 헛소문이 난거같네요,0,0,0,0,0,1,0,18,간
kakao,뼈탄집 성수역점,이군,9.0,2026-03-04,,,오랜만에 만족스럽게 먹은 고기집인데 고기가 두툼하고 숯불에 구워 먹으니 불향이 잘 살아 있어 맛있었어용!! 육즙도 좋고 식감도 좋아서 전체적으로 만족스러운 식사였고 다음에 근처 가게 되면 다시 방문할 것 같습니다🏃🏻‍♂️,123,True,5.0,5.0,실버 레벨,오랜만에 만족스럽게 먹은 고기집인데 고기가 두툼하고 숯불에 구워 먹으니 불향이 잘 살아 있어 맛있었어용!! 육즙도 좋고 식감도 좋아서 전체적으로 만족스러운 식사였고 다음에 근처 가게 되면 다시 방문할 것 같습니다🏃🏻‍♂️,오랜만에 만족스럽게 먹은 고기집인데 고기가 두툼하고 숯불에 구워 먹으니 불향이 잘 살아 있어 맛있었어용 EXCLAM 육즙도 좋고 식감도 좋아서 전체적으로 만족스러운 식사였고 다음에 근처 가게 되면 다시 방문할 것 같습니다,0,0,0,0,1,0,0,123,"맛, 맛있, 식감, 고기, 면"
naver,태양곱창 성수점,김현지83,24.0,2026.03.07,1번째 방문,영수증,너무 맛있어요!,8,True,,,,너무 맛있어요!,너무 맛있어요 EXCLAM,0,0,0,0,1,0,0,8,"맛, 맛있"
naver,육산장 홍대본점,동그라미7197,39.0,2026.03.20,1번째 방문,영수증,안녕하세요. 고기집 분위기가 캠핑하는 느낌이라 너무 좋아요! 분위기도 좋고 고기도 맛있어요!! 매장도 넓고 자리도 많아서 들리시길 좋을 거 같아요 다음에 또 방문하겠습니다. 감사합니다!,103,True,,,,안녕하세요. 고기집 분위기가 캠핑하는 느낌이라 너무 좋아요! 분위기도 좋고 고기도 맛있어요!! 매장도 넓고 자리도 많아서 들리시길 좋을 거 같아요 다음에 또 방문하겠습니다. 감사합니다!,안녕하세요 고기집 분위기가 캠핑하는 느낌이라 너무 좋아요 EXCLAM 분위기도 좋고 고기도 맛있어요 EXCLAM 매장도 넓고 자리도 많아서 들리시길 좋을 거 같아요 다음에 또 방문하겠습니다 감사합니다 EXCLAM,0,0,0,0,1,0,0,103,"맛, 맛있, 고기"
naver,일등식당,지금yr,30.0,2026.01.02,1번째 방문,영수증,왜??????왜 맛집이라는거죠?????고기는 잡내에 국물은 맹탕인데 시원한맛도 구수한 맛도 없는데 중간만도 못한 집인데....8천원도 아깝네요,79,False,,,,왜??????왜 맛집이라는거죠?????고기는 잡내에 국물은 맹탕인데 시원한맛도 구수한 맛도 없는데 중간만도 못한 집인데....8천원도 아깝네요,왜 QUESTION 왜 맛집이라는거죠 QUESTION 고기는 잡내에 국물은 맹탕인데 시원한맛도 구수한 맛도 없는데 중간만도 못한 집인데 8천원도 아깝네요,0,0,0,0,0,1,1,79,"맛, 간, 고기, 국물, 잡내"
naver,각시보쌈,하겐다즈매니아,784.0,2026.04.13,3번째 방문,영수증,근처 참손길 마사지왔다가 방문했어요 각시보쌈은 애매한시간에 오는게 꿀팁 고기야들야들 보쌈김치도 맛있고 찬도 많은데 이가격 안믿겨요ㅠㅠ 각시보쌈 가게 오래오래 해주세요 ❤️,95,True,,,,근처 참손길 마사지왔다가 방문했어요 각시보쌈은 애매한시간에 오는게 꿀팁 고기야들야들 보쌈김치도 맛있고 찬도 많은데 이가격 안믿겨요ㅠㅠ 각시보쌈 가게 오래오래 해주세요 ❤️,근처 참손길 마사지왔다가 방문했어요 각시보쌈은 애매한시간에 오는게 꿀팁 고기야들야들 보쌈김치도 맛있고 찬도 많은데 이가격 안믿겨요 각시보쌈 가게 오래오래 해주세요 EMO_POS,1,0,0,1,0,0,0,95,"맛, 맛있, 간, 고기, 김치, 보쌈"
kakao,각시보쌈,♥후암동짝눈이♥,174.0,2025-12-03,,,주말에 남편이랑 낮술하러 들른 각시보쌈 합정점이에요 합정역 7번 출구에서 가까워서 접근성도 좋고 항상 손님이 많아서 웨이팅은 기본인데 그래도 기다릴 가치 충분한 곳이에요 😊 저희는 점심에만 주문 가능한 보쌈정식을 먹었는데 보쌈 고기부터 감탄 나왔어요 잡내 없이 부드럽고 촉촉하게 삶아져서 한 점 씹을 때마다 고기결이 살아있고 무생채랑 같이 먹으면 조합이 정말 최고였어요 밑반찬도 깔끔하고 특히 김치찌개가 진짜 맛있어서 보쌈 먹다가 뜨끈한 국물 한입 먹으면 바로 소주 불러오는 맛이에요 🍶 손님이 많아도 이모님들이 너무 베테랑이라 주문도 빠르고 음식도 꼬이지 않아서 편하게 식사할 수 있었어요 합정에서 보쌈 드시고 싶으신 분들께 자신 있게 추천드려요 👍,364,True,5.0,4.3,골드 레벨,주말에 남편이랑 낮술하러 들른 각시보쌈 합정점이에요 합정역 7번 출구에서 가까워서 접근성도 좋고 항상 손님이 많아서 웨이팅은 기본인데 그래도 기다릴 가치 충분한 곳이에요 😊 저희는 점심에만 주문 가능한 보쌈정식을 먹었는데 보쌈 고기부터 감탄 나왔어요 잡내 없이 부드럽고 촉촉하게 삶아져서 한 점 씹을 때마다 고기결이 살아있고 무생채랑 같이 먹으면 조합이 정말 최고였어요 밑반찬도 깔끔하고 특히 김치찌개가 진짜 맛있어서 보쌈 먹다가 뜨끈한 국물 한입 먹으면 바로 소주 불러오는 맛이에요 🍶 손님이 많아도 이모님들이 너무 베테랑이라 주문도 빠르고 음식도 꼬이지 않아서 편하게 식사할 수 있었어요 합정에서 보쌈 드시고 싶으신 분들께 자신 있게 추천드려요 👍,주말에 남편이랑 낮술하러 들른 각시보쌈 합정점이에요 합정역 7번 출구에서 가까워서 접근성도 좋고 항상 손님이 많아서 웨이팅은 기본인데 그래도 기다릴 가치 충분한 곳이에요 EMO_POS 저희는 점심에만 주문 가능한 보쌈정식을 먹었는데 보쌈 고기부터 감탄 나왔어요 잡내 없이 부드럽고 촉촉하게 삶아져서 한 점 씹을 때마다 고기결이 살아있고 무생채랑 같이 먹으면 조합이 정말 최고였어요 밑반찬도 깔끔하고 특히 김치찌개가 진짜 맛있어서 보쌈 먹다가 뜨끈한 국물 한입 먹으면 바로 소주 불러오는 맛이에요 손님이 많아도 이모님들이 너무 베테랑이라 주문도 빠르고 음식도 꼬이지 않아서 편하게 식사할 수 있었어요 합정에서 보쌈 드시고 싶으신 분들께 자신 있게 추천드려요 EMO_POS,1,0,0,0,0,0,1,364,"맛, 맛있, 음식, 고기, 면, 국물, 반찬, 김치, 보쌈, 잡내, 짜"
kakao,각시보쌈,핸썸,15.0,2025-06-12,,,정식메뉴 가성비 최고!,12,False,5.0,5.0,실버 레벨,정식메뉴 가성비 최고!,정식메뉴 가성비 최고 EXCLAM,0,0,0,0,1,0,0,12,메뉴
naver,능동미나리 성수지점,윤영진22,239.0,2025.10.04,1번째 방문,영수증,"특곰탕, 육회비빔밥 곰탕 고기가~~~너무너무 맛있네요 역시 ++은 위대하다! 너무 맛있어서 포장해서 처가집으로 포장 배달갑니다 ㅋㅋ",73,True,,,,"특곰탕, 육회비빔밥 곰탕 고기가~~~너무너무 맛있네요 역시 ++은 위대하다! 너무 맛있어서 포장해서 처가집으로 포장 배달갑니다 ㅋㅋ",특곰탕 육회비빔밥 곰탕 고기가 TILDE 너무너무 맛있네요 역시 은 위대하다 EXCLAM 너무 맛있어서 포장해서 처가집으로 포장 배달갑니다,0,0,0,0,1,0,0,73,"맛, 맛있, 고기, 밥"
kakao,소문난성수감자탕,",",951.0,2025-07-05,,,맛있음 간도 안 세고 삼삼한 편 같이 나오는 양념장이랑 김치도 맛있는 편인데 사람이 많아서 그런가 깨끗하진않고 고기는 많은데 부드럽진 않음 볶음밥은 그저그럼 돈 아까움,93,True,3.0,4.5,블루 레벨,맛있음 간도 안 세고 삼삼한 편 같이 나오는 양념장이랑 김치도 맛있는 편인데 사람이 많아서 그런가 깨끗하진않고 고기는 많은데 부드럽진 않음 볶음밥은 그저그럼 돈 아까움,맛있음 간도 안 세고 삼삼한 편 같이 나오는 양념장이랑 김치도 맛있는 편인데 사람이 많아서 그런가 깨끗하진않고 고기는 많은데 부드럽진 않음 볶음밥은 그저그럼 돈 아까움,0,0,0,0,0,0,0,93,"맛, 맛있, 양, 간, 고기, 밥, 김치"
kakao,옥동식 서교점,고기전문가,1.0,2026-03-23,,,"3시간 웨이팅 끝에 기대를 많이 하고 들어갔는데, 솔직히 국밥 맛은 기대 이하였습니다. 개인적으로는 동네 프랜차이즈 국밥집이 더 나은 수준이라고 느껴졌습니다. 심지어 물도 시원한물이 아닌 미지근한물을 직원들이 한잔씩 따라줘야 먹을수 있습니다 직원분들은 친절하다기보다는 약간 자기들만의 분위기와 컨셉에 몰입해 있는 느낌이 강했고, 편하게 식사하기에는 다소 거리감이 있었습니다. 요리 프로그램에 나왔다고 해서 줄 서서 먹을 정도의 맛집인지는 잘 모르겠습니다. 긴 웨이팅을 감수하면서까지 다시 방문할 생각은 없습니다.",286,True,1.0,1.0,브론즈 레벨,"3시간 웨이팅 끝에 기대를 많이 하고 들어갔는데, 솔직히 국밥 맛은 기대 이하였습니다. 개인적으로는 동네 프랜차이즈 국밥집이 더 나은 수준이라고 느껴졌습니다. 심지어 물도 시원한물이 아닌 미지근한물을 직원들이 한잔씩 따라줘야 먹을수 있습니다 직원분들은 친절하다기보다는 약간 자기들만의 분위기와 컨셉에 몰입해 있는 느낌이 강했고, 편하게 식사하기에는 다소 거리감이 있었습니다. 요리 프로그램에 나왔다고 해서 줄 서서 먹을 정도의 맛집인지는 잘 모르겠습니다. 긴 웨이팅을 감수하면서까지 다시 방문할 생각은 없습니다.",3시간 웨이팅 끝에 기대를 많이 하고 들어갔는데 솔직히 국밥 맛은 기대 이하였습니다 개인적으로는 동네 프랜차이즈 국밥집이 더 나은 수준이라고 느껴졌습니다 심지어 물도 시원한물이 아닌 미지근한물을 직원들이 한잔씩 따라줘야 먹을수 있습니다 직원분들은 친절하다기보다는 약간 자기들만의 분위기와 컨셉에 몰입해 있는 느낌이 강했고 편하게 식사하기에는 다소 거리감이 있었습니다 요리 프로그램에 나왔다고 해서 줄 서서 먹을 정도의 맛집인지는 잘 모르겠습니다 긴 웨이팅을 감수하면서까지 다시 방문할 생각은 없습니다,0,0,0,0,0,0,1,286,"맛, 요리, 간, 면, 밥"
naver,금금 성수점,횾지니,26.0,2026.03.15,1번째 방문,영수증,금금 처음 왔는데 맛있어요😋 외국인 친구 데려와도 좋을거 같아요! 보리된장국수 강추입니듀 근데 좌석 간격은 좁아서 옆테이블이랑 가깝습니다ㅠ,77,True,,,,금금 처음 왔는데 맛있어요😋 외국인 친구 데려와도 좋을거 같아요! 보리된장국수 강추입니듀 근데 좌석 간격은 좁아서 옆테이블이랑 가깝습니다ㅠ,금금 처음 왔는데 맛있어요 EMO_POS 외국인 친구 데려와도 좋을거 같아요 EXCLAM 보리된장국수 강추입니듀 근데 좌석 간격은 좁아서 옆테이블이랑 가깝습니다,1,0,0,0,1,0,0,77,"맛, 맛있, 간"
naver,옥동식,0아오리0,66.0,2025.07.04,1번째 방문,영수증,육향이 깊고 은은한 감칠맛이 좋다. 기름기 없이 담백한것이 특징. 수분감 좋고 부드러운 고기맛도 좋다. 셰프님의 국밥 철학을 함께 고민하면 더 맛있다. 1. 육향? 꼬릿함? 꼬릿함 찾는다면 순대국밥을 드시라. 육향과 꼬릿함은 다르다. 육향만 우려낸 깔끔함. 2. 미지근한 온도? 토렴은 과학이다. 탱글한 식감과 국물의 맛과 향을 밥알에 밀어 넣었다. 부드러운 고기도 미지근함에 그 비밀이 있다. 국물이 뜨거우면 얇은 고기가뻑뻑해짐. 밥도 퍼짐. 3. 설익은듯한 밥알? 의도한 조리법. 밥알이 풀어져 국물에 녹으면 국물이 혼탁해지고 텁텁해짐. 불리지 않고 살짝 설익게 지어 육수에 말아주는 이유. 후기들보단 더 간간하고 고추지보다는 잘익힌 김치가 낳은듯. 추천 할만 하다. 국밥의 맛이긴 하나 가볼만 함,392,True,,,,육향이 깊고 은은한 감칠맛이 좋다. 기름기 없이 담백한것이 특징. 수분감 좋고 부드러운 고기맛도 좋다. 셰프님의 국밥 철학을 함께 고민하면 더 맛있다. 1. 육향? 꼬릿함? 꼬릿함 찾는다면 순대국밥을 드시라. 육향과 꼬릿함은 다르다. 육향만 우려낸 깔끔함. 2. 미지근한 온도? 토렴은 과학이다. 탱글한 식감과 국물의 맛과 향을 밥알에 밀어 넣었다. 부드러운 고기도 미지근함에 그 비밀이 있다. 국물이 뜨거우면 얇은 고기가뻑뻑해짐. 밥도 퍼짐. 3. 설익은듯한 밥알? 의도한 조리법. 밥알이 풀어져 국물에 녹으면 국물이 혼탁해지고 텁텁해짐. 불리지 않고 살짝 설익게 지어 육수에 말아주는 이유. 후기들보단 더 간간하고 고추지보다는 잘익힌 김치가 낳은듯. 추천 할만 하다. 국밥의 맛이긴 하나 가볼만 함,육향이 깊고 은은한 감칠맛이 좋다 기름기 없이 담백한것이 특징 수분감 좋고 부드러운 고기맛도 좋다 셰프님의 국밥 철학을 함께 고민하면 더 맛있다 1 육향 QUESTION 꼬릿함 QUESTION 꼬릿함 찾는다면 순대국밥을 드시라 육향과 꼬릿함은 다르다 육향만 우려낸 깔끔함 2 미지근한 온도 QUESTION 토렴은 과학이다 탱글한 식감과 국물의 맛과 향을 밥알에 밀어 넣었다 부드러운 고기도 미지근함에 그 비밀이 있다 국물이 뜨거우면 얇은 고기가뻑뻑해짐 밥도 퍼짐 3 설익은듯한 밥알 QUESTION 의도한 조리법 밥알이 풀어져 국물에 녹으면 국물이 혼탁해지고 텁텁해짐 불리지 않고 살짝 설익게 지어 육수에 말아주는 이유 후기들보단 더 간간하고 고추지보다는 잘익힌 김치가 낳은듯 추천 할만 하다 국밥의 맛이긴 하나 가볼만 함,0,0,0,0,0,1,1,392,"맛, 맛있, 식감, 간, 고기, 면, 밥, 국물, 김치"
naver,장인닭갈비 홍대점,anh****,9.0,2026.04.11,1번째 방문,영수증,회전율이 빨라서 금방입장하고 항상 홍대오면 꼭 들리는 맛집!!,34,True,,,,회전율이 빨라서 금방입장하고 항상 홍대오면 꼭 들리는 맛집!!,회전율이 빨라서 금방입장하고 항상 홍대오면 꼭 들리는 맛집 EXCLAM,0,0,0,0,1,0,0,34,"맛, 면"
kakao,훼미리손칼국수보쌈,qufdid,64.0,2025-02-20,,,사장님 친절하시고 정식 시키면 보쌈김치 왕창이랑 칼국수랑 밥도 0.5 인분씩 나와용,46,,5.0,4.2,실버 레벨,사장님 친절하시고 정식 시키면 보쌈김치 왕창이랑 칼국수랑 밥도 0.5 인분씩 나와용,사장님 친절하시고 정식 시키면 보쌈김치 왕창이랑 칼국수랑 밥도 0 5 인분씩 나와용,0,0,0,0,0,0,1,46,"면, 밥, 김치, 보쌈"
naver,소문난성수감자탕,유붕어52,191.0,2026.02.15,1번째 방문,영수증,소문날만하네요 대기시간 좀 있지만 맛있어요!,24,True,,,,소문날만하네요 대기시간 좀 있지만 맛있어요!,소문날만하네요 대기시간 좀 있지만 맛있어요 EXCLAM,0,0,0,0,1,0,0,24,"맛, 맛있, 간"
naver,옥동식,니니이모82,821.0,2026.04.01,4번째 방문,영수증,일정 있을때마다 오니 6개월만인데 웨이팅이 또 다르군요 흑백요리사 때문인가요? 지난번에는 11시 1분에 등록하고도 두번째 텀에 들어갔었는데 다행이도? 일정이 너무 일찍 끝나서 수요일 10시 6분 등록하니 3번째 였고 11시 입장했는데 캐치테이블 우선입장 예약한 분이 있어서 4번은 첫타임에 못들어 오셨어요 대기하다보니 10시 40분쯤 되니 대기 번호 30번 정도 되서 놀랐어요 평소처럼 11시 왔으면 그냥 돌아갔을것 같아요 보통 한텀이 30분 정도 걸리는데 국밥 양이 많은데도 이번에 같이 드신 분들은 어찌나 속도가 빠르던지 마지막 오분은 체할 것 같았지만 오늘도 맛있게 잘먹었습니다. 오늘은 포장까지 해서 기분 좋게 돌아갑니다.,352,True,,,,일정 있을때마다 오니 6개월만인데 웨이팅이 또 다르군요 흑백요리사 때문인가요? 지난번에는 11시 1분에 등록하고도 두번째 텀에 들어갔었는데 다행이도? 일정이 너무 일찍 끝나서 수요일 10시 6분 등록하니 3번째 였고 11시 입장했는데 캐치테이블 우선입장 예약한 분이 있어서 4번은 첫타임에 못들어 오셨어요 대기하다보니 10시 40분쯤 되니 대기 번호 30번 정도 되서 놀랐어요 평소처럼 11시 왔으면 그냥 돌아갔을것 같아요 보통 한텀이 30분 정도 걸리는데 국밥 양이 많은데도 이번에 같이 드신 분들은 어찌나 속도가 빠르던지 마지막 오분은 체할 것 같았지만 오늘도 맛있게 잘먹었습니다. 오늘은 포장까지 해서 기분 좋게 돌아갑니다.,일정 있을때마다 오니 6개월만인데 웨이팅이 또 다르군요 흑백요리사 때문인가요 QUESTION 지난번에는 11시 1분에 등록하고도 두번째 텀에 들어갔었는데 다행이도 QUESTION 일정이 너무 일찍 끝나서 수요일 10시 6분 등록하니 3번째 였고 11시 입장했는데 캐치테이블 우선입장 예약한 분이 있어서 4번은 첫타임에 못들어 오셨어요 대기하다보니 10시 40분쯤 되니 대기 번호 30번 정도 되서 놀랐어요 평소처럼 11시 왔으면 그냥 돌아갔을것 같아요 보통 한텀이 30분 정도 걸리는데 국밥 양이 많은데도 이번에 같이 드신 분들은 어찌나 속도가 빠르던지 마지막 오분은 체할 것 같았지만 오늘도 맛있게 잘먹었습니다 오늘은 포장까지 해서 기분 좋게 돌아갑니다,0,0,0,0,0,1,1,352,"맛, 맛있, 요리, 양, 면, 밥"
naver,홍대 육지,tot****,33.0,2026.04.12,1번째 방문,영수증,"진짜 간만에 제대로 된 고기 먹고 왔어요. 고기 질이 너무 좋아서 잡내 하나 없고, 씹을 때마다 육즙이 팡팡 터지네요. 밑반찬도 정갈하고 고기랑 조합이 예술입니다. 직원분들도 친절하셔서 기분 좋게 식사했어요. 조만간 또 방문할 예정입니다",132,True,,,,"진짜 간만에 제대로 된 고기 먹고 왔어요. 고기 질이 너무 좋아서 잡내 하나 없고, 씹을 때마다 육즙이 팡팡 터지네요. 밑반찬도 정갈하고 고기랑 조합이 예술입니다. 직원분들도 친절하셔서 기분 좋게 식사했어요. 조만간 또 방문할 예정입니다",진짜 간만에 제대로 된 고기 먹고 왔어요 고기 질이 너무 좋아서 잡내 하나 없고 씹을 때마다 육즙이 팡팡 터지네요 밑반찬도 정갈하고 고기랑 조합이 예술입니다 직원분들도 친절하셔서 기분 좋게 식사했어요 조만간 또 방문할 예정입니다,0,0,0,0,0,0,0,132,"간, 고기, 반찬, 잡내, 짜"
naver,각시보쌈,미세스 장,52.0,2026.02.02,1번째 방문,영수증,여기는 예약 안되어요 예약이 안되지만 인원수 많으면 미리 꼭 연락해보시고 가셔야 음식 떨어지지 않았는지(?!)알고 허탕치지 않고 갈 수 있습니다~ 맛집이어서 갈때마다 늘 사람 많았어요 점심 바쁜시간 살짝 지나서 가니 다행히 자리가 있어서 기다리지 않고 들어갔고 음식도 빨리 나왔어요. 이가격에 이런 밥상이라니~ 오래오래 번창하세요,184,True,,,,여기는 예약 안되어요 예약이 안되지만 인원수 많으면 미리 꼭 연락해보시고 가셔야 음식 떨어지지 않았는지(?!)알고 허탕치지 않고 갈 수 있습니다~ 맛집이어서 갈때마다 늘 사람 많았어요 점심 바쁜시간 살짝 지나서 가니 다행히 자리가 있어서 기다리지 않고 들어갔고 음식도 빨리 나왔어요. 이가격에 이런 밥상이라니~ 오래오래 번창하세요,여기는 예약 안되어요 예약이 안되지만 인원수 많으면 미리 꼭 연락해보시고 가셔야 음식 떨어지지 않았는지 QUESTION EXCLAM 알고 허탕치지 않고 갈 수 있습니다 맛집이어서 갈때마다 늘 사람 많았어요 점심 바쁜시간 살짝 지나서 가니 다행히 자리가 있어서 기다리지 않고 들어갔고 음식도 빨리 나왔어요 이가격에 이런 밥상이라니 오래오래 번창하세요,0,0,0,0,1,1,0,184,"맛, 음식, 간, 면, 밥"
naver,홍대 육지,OFFwhiite,36.0,2026.02.26,1번째 방문,영수증,청첩장 모임으로 왔는데 고기를 직접 구워주셔서 대화편하게할수있었습니다 음식깨끗하고 맛있습니다 직원분들도 완전 친절하세요 ㅎㅎ 모임 장소찾으시면 여기로오세요 ㅎㅎ,89,True,,,,청첩장 모임으로 왔는데 고기를 직접 구워주셔서 대화편하게할수있었습니다 음식깨끗하고 맛있습니다 직원분들도 완전 친절하세요 ㅎㅎ 모임 장소찾으시면 여기로오세요 ㅎㅎ,청첩장 모임으로 왔는데 고기를 직접 구워주셔서 대화편하게할수있었습니다 음식깨끗하고 맛있습니다 직원분들도 완전 친절하세요 모임 장소찾으시면 여기로오세요,0,0,0,0,0,0,0,89,"맛, 맛있, 음식, 고기, 면"
naver,각시보쌈,캡틴화니,1257.0,2026.01.10,2번째 방문,예약,맛있어요 좋아요 굿굿굿,12,True,,,,맛있어요 좋아요 굿굿굿,맛있어요 좋아요 굿굿,0,0,0,0,0,0,0,12,"맛, 맛있"
naver,이태리국시 성수,ab9254,39.0,2026.04.29,1번째 방문,영수증,이태리 국시 성수점 음식 .굿 분위기도 굿~~ 메인 곱창파스타도 너무 맛있네요👍👍👍 자주이용할께요~,55,True,,,,이태리 국시 성수점 음식 .굿 분위기도 굿~~ 메인 곱창파스타도 너무 맛있네요👍👍👍 자주이용할께요~,이태리 국시 성수점 음식 굿 분위기도 굿 TILDE 메인 곱창파스타도 너무 맛있네요 EMO_POS EMO_POS EMO_POS 자주이용할께요,1,0,0,0,0,0,0,55,"맛, 맛있, 음식, 파스타"
naver,훼미리손칼국수보쌈,NEW ROAD Gold K,970.0,2026.03.11,1번째 방문,영수증,"보쌈 맛과 보쌈김치 맛은 좋았다. 다만, 칼국수는 기대이하. 조합이 그렇게 나쁘지도 않고, 좋지도 않은 가성비 맛집? 가보시는건 추천. 개인 호불호가 갈릴듯",87,True,,,,"보쌈 맛과 보쌈김치 맛은 좋았다. 다만, 칼국수는 기대이하. 조합이 그렇게 나쁘지도 않고, 좋지도 않은 가성비 맛집? 가보시는건 추천. 개인 호불호가 갈릴듯",보쌈 맛과 보쌈김치 맛은 좋았다 다만 칼국수는 기대이하 조합이 그렇게 나쁘지도 않고 좋지도 않은 가성비 맛집 QUESTION 가보시는건 추천 개인 호불호가 갈릴듯,0,0,0,0,0,1,0,87,"맛, 김치, 보쌈"
naver,훼미리손칼국수보쌈,Uyunii,141.0,2025.06.19,1번째 방문,영수증,일단 사람도 많고 직원분도 바쁘셔서 시끄럽고 정신없어요 밥 먹는데 옆에서 숟가락 잔뜩 모아두고 정리하셔서 쇠 부딪히는 소리 계속 들으면서 밥 먹음.. 식사공간이랑 일하시는 공간이랑 분리가 안되있어서 진짜 정신 사납게 밥 먹었어요 칼국수는 쏘쏘(남김) 보쌈은 입에서 녹고 맛있어서 추가주문 반찬으로 주시는 김치 말고 보쌈이랑 나오는 김치랑 드세요 훨 맛있음 다녀온 지인 말로는 칼국수는 후추를 꼭 뿌려야한다고 하더라고요?? 칼국수가 기대이하라 다음에 가면 보쌈만 먹을 거 같아요 + 화장실 남녀공용,277,True,,,,일단 사람도 많고 직원분도 바쁘셔서 시끄럽고 정신없어요 밥 먹는데 옆에서 숟가락 잔뜩 모아두고 정리하셔서 쇠 부딪히는 소리 계속 들으면서 밥 먹음.. 식사공간이랑 일하시는 공간이랑 분리가 안되있어서 진짜 정신 사납게 밥 먹었어요 칼국수는 쏘쏘(남김) 보쌈은 입에서 녹고 맛있어서 추가주문 반찬으로 주시는 김치 말고 보쌈이랑 나오는 김치랑 드세요 훨 맛있음 다녀온 지인 말로는 칼국수는 후추를 꼭 뿌려야한다고 하더라고요?? 칼국수가 기대이하라 다음에 가면 보쌈만 먹을 거 같아요 + 화장실 남녀공용,일단 사람도 많고 직원분도 바쁘셔서 시끄럽고 정신없어요 밥 먹는데 옆에서 숟가락 잔뜩 모아두고 정리하셔서 쇠 부딪히는 소리 계속 들으면서 밥 먹음 식사공간이랑 일하시는 공간이랑 분리가 안되있어서 진짜 정신 사납게 밥 먹었어요 칼국수는 쏘쏘 남김 보쌈은 입에서 녹고 맛있어서 추가주문 반찬으로 주시는 김치 말고 보쌈이랑 나오는 김치랑 드세요 훨 맛있음 다녀온 지인 말로는 칼국수는 후추를 꼭 뿌려야한다고 하더라고요 QUESTION 칼국수가 기대이하라 다음에 가면 보쌈만 먹을 거 같아요 화장실 남녀공용,0,0,0,0,0,1,0,277,"맛, 맛있, 간, 면, 밥, 반찬, 김치, 보쌈, 짜"
kakao,육지,ㅇㅉ,1.0,2025-08-09,,,별 한개도 아까운 서비스였습니다 고기 태우고 음식 먹고있는데 물통 치운다고 손님 얼굴앞으로 직원 손 지나가고 이게 맞는 서비스인지 모르겠네요 다신 안갑니다,86,True,1.0,1.0,브론즈 레벨,별 한개도 아까운 서비스였습니다 고기 태우고 음식 먹고있는데 물통 치운다고 손님 얼굴앞으로 직원 손 지나가고 이게 맞는 서비스인지 모르겠네요 다신 안갑니다,별 한개도 아까운 서비스였습니다 고기 태우고 음식 먹고있는데 물통 치운다고 손님 얼굴앞으로 직원 손 지나가고 이게 맞는 서비스인지 모르겠네요 다신 안갑니다,0,0,0,0,0,0,0,86,"음식, 고기"
kakao,홍대 조선시대,김희영,1.0,2025-12-24,,,맛있어용 !!,7,True,5.0,5.0,브론즈 레벨,맛있어용 !!,맛있어용 EXCLAM,0,0,0,0,1,0,0,7,"맛, 맛있"
kakao,일등식당,며니,8.0,2025-10-27,,,자극적이지않고 맛있어오,12,False,5.0,4.4,브론즈 레벨,자극적이지않고 맛있어오,자극적이지않고 맛있어오,0,0,0,0,0,0,0,12,"맛, 맛있"
kakao,을밀대 본점,크라프록신,235.0,2025-03-28,,,평냉 입문자라 대단히 맛있고 맛 없고를 분간하기 어려운데.. 먹을수록 맛있는 것 같아요....! 다만 가격이 비싼 느낌 ㅎ.ㅎ,70,True,4.0,3.9,골드 레벨,평냉 입문자라 대단히 맛있고 맛 없고를 분간하기 어려운데.. 먹을수록 맛있는 것 같아요....! 다만 가격이 비싼 느낌 ㅎ.ㅎ,평냉 입문자라 대단히 맛있고 맛 없고를 분간하기 어려운데 먹을수록 맛있는 것 같아요 EXCLAM 다만 가격이 비싼 느낌,0,0,0,0,1,0,0,70,"맛, 맛있, 간, 평냉"
naver,소문난성수감자탕,wn****,1413.0,2026.04.08,1번째 방문,영수증,우거지 시켰어여 양이 너무 많아요! 국물이 진하고 간이 쎈편입니다 고기는 잡내 없이 야들야들 맛있어요!,57,True,,,,우거지 시켰어여 양이 너무 많아요! 국물이 진하고 간이 쎈편입니다 고기는 잡내 없이 야들야들 맛있어요!,우거지 시켰어여 양이 너무 많아요 EXCLAM 국물이 진하고 간이 쎈편입니다 고기는 잡내 없이 야들야들 맛있어요 EXCLAM,0,0,0,0,1,0,0,57,"맛, 맛있, 양, 간, 고기, 국물, 잡내"
naver,뼈탄집 성수역점,lala****,74.0,2025.12.20,2번째 방문,영수증,두툼한 삼겹살이 환상적인 뼈탄집 성수역점. 너무 맛있게 먹었어요. 성수역 삼겹살 찾으시는 분들 추천드립니다.직접 구워주셔서 더 좋고 고기 육즙 가득에 진짜 맛있었어요.세트로 드시는거 추천해요ㅎㅎ 마무리로 바닐라아이스크림도 드셔보세요 넘맛있음,134,True,,,,두툼한 삼겹살이 환상적인 뼈탄집 성수역점. 너무 맛있게 먹었어요. 성수역 삼겹살 찾으시는 분들 추천드립니다.직접 구워주셔서 더 좋고 고기 육즙 가득에 진짜 맛있었어요.세트로 드시는거 추천해요ㅎㅎ 마무리로 바닐라아이스크림도 드셔보세요 넘맛있음,두툼한 삼겹살이 환상적인 뼈탄집 성수역점 너무 맛있게 먹었어요 성수역 삼겹살 찾으시는 분들 추천드립니다 직접 구워주셔서 더 좋고 고기 육즙 가득에 진짜 맛있었어요 세트로 드시는거 추천해요 마무리로 바닐라아이스크림도 드셔보세요 넘맛있음,0,0,0,0,0,0,0,134,"맛, 맛있, 고기, 짜"
kakao,장인닭갈비 홍대점,♩,48.0,2026-01-10,,,"닭갈비 먹고 싶어서 왔는데 역근처에 있어서 편하게 찾을 수 있어서 좋았고, 맛,가성비,서비스,분위기 모두 괜찮았습니다!! 덕분에 기분좋게 식사했어요~~^^ㅎㅎ",88,False,5.0,5.0,실버 레벨,"닭갈비 먹고 싶어서 왔는데 역근처에 있어서 편하게 찾을 수 있어서 좋았고, 맛,가성비,서비스,분위기 모두 괜찮았습니다!! 덕분에 기분좋게 식사했어요~~^^ㅎㅎ",닭갈비 먹고 싶어서 왔는데 역근처에 있어서 편하게 찾을 수 있어서 좋았고 맛 가성비 서비스 분위기 모두 괜찮았습니다 EXCLAM 덕분에 기분좋게 식사했어요 TILDE,0,0,0,0,1,0,0,88,맛
naver,각시보쌈,47473837,60.0,2025.12.15,1번째 방문,영수증,반반보쌈에 굴 추가 맛있어요~ 겨울에 굴보쌈 먹으러 꼭 가야돼요 ~ 밥 추가하면 찌개 주시는데 얼큰하고 마무리하기 좋습니다 굴도 싱싱하니 넘 맛잇어요,83,True,,,,반반보쌈에 굴 추가 맛있어요~ 겨울에 굴보쌈 먹으러 꼭 가야돼요 ~ 밥 추가하면 찌개 주시는데 얼큰하고 마무리하기 좋습니다 굴도 싱싱하니 넘 맛잇어요,반반보쌈에 굴 추가 맛있어요 겨울에 굴보쌈 먹으러 꼭 가야돼요 밥 추가하면 찌개 주시는데 얼큰하고 마무리하기 좋습니다 굴도 싱싱하니 넘 맛잇어요,0,0,0,0,0,0,0,83,"맛, 맛있, 면, 밥, 보쌈"
naver,훼미리손칼국수보쌈,Jinheon,1071.0,2025.06.15,1번째 방문,예약,병원갔다가 밥 먹으러 왔는데 10분정도 기다리고 들어갔네요. 나혼산에도 나왔던거 얼핏 봤었는데 양이 많이 좋네요. 고기는 다소 퍽퍽한 부위긴 한데 양이 깡패라 괜찮습니다.,95,True,,,,병원갔다가 밥 먹으러 왔는데 10분정도 기다리고 들어갔네요. 나혼산에도 나왔던거 얼핏 봤었는데 양이 많이 좋네요. 고기는 다소 퍽퍽한 부위긴 한데 양이 깡패라 괜찮습니다.,병원갔다가 밥 먹으러 왔는데 10분정도 기다리고 들어갔네요 나혼산에도 나왔던거 얼핏 봤었는데 양이 많이 좋네요 고기는 다소 퍽퍽한 부위긴 한데 양이 깡패라 괜찮습니다,0,0,0,0,0,0,1,95,"양, 고기, 밥"
kakao,황금콩밭,옥탑방,564.0,2026-04-28,,,여긴 진짜다 .. 근본 그자체 너무 짜지 않으면서도 깊이있는 청국장과 흔치않은 시래기콩비지도 고소함의 극치 밑반찬도 군더더기 없이 맛있음,76,False,5.0,3.5,블루 레벨,여긴 진짜다 .. 근본 그자체 너무 짜지 않으면서도 깊이있는 청국장과 흔치않은 시래기콩비지도 고소함의 극치 밑반찬도 군더더기 없이 맛있음,여긴 진짜다 근본 그자체 너무 짜지 않으면서도 깊이있는 청국장과 흔치않은 시래기콩비지도 고소함의 극치 밑반찬도 군더더기 없이 맛있음,0,0,0,0,0,0,0,76,"맛, 맛있, 면, 반찬, 짜"
kakao,육산장 홍대본점,한서희,1.0,2026-01-09,,,오늘은 분위기 좋은 육산장와서 고기먹는중! 고기 초벌도 되어있고 반찬도 다양해서 넘 좋구 고기도 맛나고 무엇보다 분위기짱!👍,69,False,5.0,5.0,브론즈 레벨,오늘은 분위기 좋은 육산장와서 고기먹는중! 고기 초벌도 되어있고 반찬도 다양해서 넘 좋구 고기도 맛나고 무엇보다 분위기짱!👍,오늘은 분위기 좋은 육산장와서 고기먹는중 EXCLAM 고기 초벌도 되어있고 반찬도 다양해서 넘 좋구 고기도 맛나고 무엇보다 분위기짱 EXCLAM EMO_POS,1,0,0,0,1,0,0,69,"맛, 양, 고기, 반찬"
kakao,각시보쌈,pick of pig,135.0,2026-01-24,,,확신의 맛집 무조건 반반보쌈으로 ㄱㄱ 단 시끄러운거 싫어하면 절대 평일 저녁엔 가지마세요 할저씨들 술시켜놓고 고성방가 심함..,70,False,5.0,3.8,골드 레벨,확신의 맛집 무조건 반반보쌈으로 ㄱㄱ 단 시끄러운거 싫어하면 절대 평일 저녁엔 가지마세요 할저씨들 술시켜놓고 고성방가 심함..,확신의 맛집 무조건 반반보쌈으로 단 시끄러운거 싫어하면 절대 평일 저녁엔 가지마세요 할저씨들 술시켜놓고 고성방가 심함,0,0,0,0,0,0,0,70,"맛, 면, 보쌈"
naver,쭌곱창,SUN1113,57.0,2026.01.22,1번째 방문,영수증,"너무 맛있게 멋었습니다~~ 셋트B로 시키니까 곱창, 갈비의 조화가 너무 맛있었습니다!",47,True,,,,"너무 맛있게 멋었습니다~~ 셋트B로 시키니까 곱창, 갈비의 조화가 너무 맛있었습니다!",너무 맛있게 멋었습니다 TILDE 셋트B로 시키니까 곱창 갈비의 조화가 너무 맛있었습니다 EXCLAM,0,0,0,0,1,0,0,47,"맛, 맛있"
naver,굴다리식당,세호흡14,609.0,2025.07.02,4번째 방문,영수증,변하지 않는 맛~넘 조아!!,15,False,,,,변하지 않는 맛~넘 조아!!,변하지 않는 맛 넘 조아 EXCLAM,0,0,0,0,1,0,0,15,맛
naver,조선시대,챔챔29,74.0,2026.04.09,1번째 방문,영수증,"비오는 날 맛있는 전 먹고 싶어서 방문했어요!! 인테리어도 멋지고 넓어서 단체로 오기에도 좋을 거 같고, 다음에도 맛난 한식 먹고 싶을 때 또 방문할 예정이에요🤗",90,True,,,,"비오는 날 맛있는 전 먹고 싶어서 방문했어요!! 인테리어도 멋지고 넓어서 단체로 오기에도 좋을 거 같고, 다음에도 맛난 한식 먹고 싶을 때 또 방문할 예정이에요🤗",비오는 날 맛있는 전 먹고 싶어서 방문했어요 EXCLAM 인테리어도 멋지고 넓어서 단체로 오기에도 좋을 거 같고 다음에도 맛난 한식 먹고 싶을 때 또 방문할 예정이에요,0,0,0,0,1,0,0,90,"맛, 맛있"
naver,을밀대 평양냉면,하겐다즈매니아,784.0,2025.08.14,5번째 방문,영수증,집 근처이기도 하지만 저는 을밀대가 제일 좋아요 면발과 육수가 둘다 훌륭 ㅠㅠㅜㅜ 오픈런 15분 전에 도착했는데도 이미 사람들 많더라구요 그래도 첫타임에 안정적으로 들어가긴 했어요 오픈시간 맞춰오시면 첫타임에 못 들어갈 수도 있을 것 같아요 동네살아서 산책하면서 마지막 정리하시는것도 보는데 정리때 조리도구 정리도 깔끔하시고 매장도 청결해서 좋아요 잘되는데는 다 이유가 있음 삼성카드 냉면대전으로 3만원이상 4천원할인 몇달째 잘 먹고 있습니다 남편은 이집에서 꼭 완냉을 합니다 ㅋㅋㅋㅋ 오늘도 맛있게 잘 먹었습니다…🩷,289,True,,,,집 근처이기도 하지만 저는 을밀대가 제일 좋아요 면발과 육수가 둘다 훌륭 ㅠㅠㅜㅜ 오픈런 15분 전에 도착했는데도 이미 사람들 많더라구요 그래도 첫타임에 안정적으로 들어가긴 했어요 오픈시간 맞춰오시면 첫타임에 못 들어갈 수도 있을 것 같아요 동네살아서 산책하면서 마지막 정리하시는것도 보는데 정리때 조리도구 정리도 깔끔하시고 매장도 청결해서 좋아요 잘되는데는 다 이유가 있음 삼성카드 냉면대전으로 3만원이상 4천원할인 몇달째 잘 먹고 있습니다 남편은 이집에서 꼭 완냉을 합니다 ㅋㅋㅋㅋ 오늘도 맛있게 잘 먹었습니다…🩷,집 근처이기도 하지만 저는 을밀대가 제일 좋아요 면발과 육수가 둘다 훌륭 오픈런 15분 전에 도착했는데도 이미 사람들 많더라구요 그래도 첫타임에 안정적으로 들어가긴 했어요 오픈시간 맞춰오시면 첫타임에 못 들어갈 수도 있을 것 같아요 동네살아서 산책하면서 마지막 정리하시는것도 보는데 정리때 조리도구 정리도 깔끔하시고 매장도 청결해서 좋아요 잘되는데는 다 이유가 있음 삼성카드 냉면대전으로 3만원이상 4천원할인 몇달째 잘 먹고 있습니다 남편은 이집에서 꼭 완냉을 합니다 오늘도 맛있게 잘 먹었습니다,0,0,0,1,0,0,1,289,"맛, 맛있, 간, 면, 냉면"
naver,조선시대,죠죠죠랭이,19.0,2026.03.14,1번째 방문,영수증,"전이 넘 맛있어보이고 막걸리 종류가 다양해서 왔어요 말차크림막걸리가 진심 미친거....!!!!! 전골에 대창 양도 많고, 역시 사람 많이 오가는 곳이 식재료가 신선하구나 했숩니다 컨셉에 진심인 조선시대 추천해용🥰",118,True,,,,"전이 넘 맛있어보이고 막걸리 종류가 다양해서 왔어요 말차크림막걸리가 진심 미친거....!!!!! 전골에 대창 양도 많고, 역시 사람 많이 오가는 곳이 식재료가 신선하구나 했숩니다 컨셉에 진심인 조선시대 추천해용🥰",전이 넘 맛있어보이고 막걸리 종류가 다양해서 왔어요 말차크림막걸리가 진심 미친거 EXCLAM 전골에 대창 양도 많고 역시 사람 많이 오가는 곳이 식재료가 신선하구나 했숩니다 컨셉에 진심인 조선시대 추천해용 EMO_POS,1,0,0,0,1,0,0,118,"맛, 맛있, 양, 재료"
naver,뼈탄집 성수역점,YOON6563,19.0,2026.02.05,1번째 방문,예약,반찬도 다 맛있고 고기도 넘넘 맛있어요. 삼겹살이랑 목살 엄청 맛있게 먹었어요. 부모님 고기 드시고싶다하셔서 모시고 가족 모임으로 갔는데 매장 넓고 분위기 좋아서 데이트나 단체모임에도 좋을듯한 고기집이에요!,115,True,,,,반찬도 다 맛있고 고기도 넘넘 맛있어요. 삼겹살이랑 목살 엄청 맛있게 먹었어요. 부모님 고기 드시고싶다하셔서 모시고 가족 모임으로 갔는데 매장 넓고 분위기 좋아서 데이트나 단체모임에도 좋을듯한 고기집이에요!,반찬도 다 맛있고 고기도 넘넘 맛있어요 삼겹살이랑 목살 엄청 맛있게 먹었어요 부모님 고기 드시고싶다하셔서 모시고 가족 모임으로 갔는데 매장 넓고 분위기 좋아서 데이트나 단체모임에도 좋을듯한 고기집이에요 EXCLAM,0,0,0,0,1,0,0,115,"맛, 맛있, 고기, 반찬"
naver,굴다리식당,SKY8888,1768.0,2026.03.08,2번째 방문,영수증,맛있어요! 칼칼하니 좋아요! 계란말이와 김치찌개와 제육볶음의 조화가 넘 좋아요!!!,46,True,,,,맛있어요! 칼칼하니 좋아요! 계란말이와 김치찌개와 제육볶음의 조화가 넘 좋아요!!!,맛있어요 EXCLAM 칼칼하니 좋아요 EXCLAM 계란말이와 김치찌개와 제육볶음의 조화가 넘 좋아요 EXCLAM,0,0,0,0,1,0,0,46,"맛, 맛있, 김치"
kakao,뼈탄집 성수역점,김애린,1.0,2026-01-31,,,맛있어서 또 왔오요~,11,True,5.0,5.0,브론즈 레벨,맛있어서 또 왔오요~,맛있어서 또 왔오요,0,0,0,0,0,0,0,11,"맛, 맛있"
kakao,마포양지설렁탕 도화점,hhebvs,5.0,2025-01-05,,,새벽에 술마신 상태로 계산하려니깐 사장인지는 모르겠는 머리 없으신 분이 비싸게 계산받으려하네요 이 가격 아니라고 하니깐 계산 해본다면서 그제야 제 가격 받았습니다 당황스럽네요,97,True,1.0,1.8,브론즈 레벨,새벽에 술마신 상태로 계산하려니깐 사장인지는 모르겠는 머리 없으신 분이 비싸게 계산받으려하네요 이 가격 아니라고 하니깐 계산 해본다면서 그제야 제 가격 받았습니다 당황스럽네요,새벽에 술마신 상태로 계산하려니깐 사장인지는 모르겠는 머리 없으신 분이 비싸게 계산받으려하네요 이 가격 아니라고 하니깐 계산 해본다면서 그제야 제 가격 받았습니다 당황스럽네요,0,0,0,0,0,0,0,97,면
naver,금금 성수점,121301,22.0,2026.04.02,1번째 방문,영수증,시킨 음식들이 전부 맛있고 무엇보다 메뉴가 다양하고 특색있어서 좋았어요. 부모님 모시고 갔는데 어른들도 좋아하셨습니다~!,67,True,,,,시킨 음식들이 전부 맛있고 무엇보다 메뉴가 다양하고 특색있어서 좋았어요. 부모님 모시고 갔는데 어른들도 좋아하셨습니다~!,시킨 음식들이 전부 맛있고 무엇보다 메뉴가 다양하고 특색있어서 좋았어요 부모님 모시고 갔는데 어른들도 좋아하셨습니다 EXCLAM,0,0,0,0,1,0,0,67,"맛, 맛있, 메뉴, 음식, 양"
kakao,육지,* 뽀기 *,1.0,2025-11-09,,,친구들과 맛난 고기먹으러 고고!! 지난번 리모델링으로 못먹은거 오늘 뽕뽑자!!!,44,True,5.0,5.0,브론즈 레벨,친구들과 맛난 고기먹으러 고고!! 지난번 리모델링으로 못먹은거 오늘 뽕뽑자!!!,친구들과 맛난 고기먹으러 고고 EXCLAM 지난번 리모델링으로 못먹은거 오늘 뽕뽑자 EXCLAM,0,0,0,0,1,0,0,44,"맛, 고기"
naver,육산장 홍대본점,개구ㄹl,20.0,2026.04.18,1번째 방문,영수증,야장 완전 분좋 ㅠㅠ 고기도 생각보다 맛있어용 치즈개존맛,31,True,,,,야장 완전 분좋 ㅠㅠ 고기도 생각보다 맛있어용 치즈개존맛,야장 완전 분좋 고기도 생각보다 맛있어용 치즈개존맛,0,0,0,1,0,0,0,31,"맛, 맛있, 고기"
naver,육산장 홍대본점,v732,19.0,2026.04.02,1번째 방문,영수증,분위기.짱!!!! 고기도 맛잇고 야장이라 너무 좋아요~~~ 셀프바도 좋고 맛잇게 잘먹엇어요~~~~~,55,True,,,,분위기.짱!!!! 고기도 맛잇고 야장이라 너무 좋아요~~~ 셀프바도 좋고 맛잇게 잘먹엇어요~~~~~,분위기 짱 EXCLAM 고기도 맛잇고 야장이라 너무 좋아요 TILDE 셀프바도 좋고 맛잇게 잘먹엇어요 TILDE,0,0,0,0,1,0,0,55,"맛, 고기"
kakao,육지,김도현,2.0,2025-12-21,,,잔 제발좀 제대로 씻고 그딴식으로 구울거면 굽지마라 제발 여긴또 직원교육은 아예안하냐?,48,True,1.0,3.0,브론즈 레벨,잔 제발좀 제대로 씻고 그딴식으로 구울거면 굽지마라 제발 여긴또 직원교육은 아예안하냐?,잔 제발좀 제대로 씻고 그딴식으로 구울거면 굽지마라 제발 여긴또 직원교육은 아예안하냐 QUESTION,0,0,0,0,0,1,0,48,면
kakao,뼈탄집 성수역점,김창호,1.0,2026-02-04,,,고기 퀄리티 너무 좋아요!,14,True,5.0,5.0,브론즈 레벨,고기 퀄리티 너무 좋아요!,고기 퀄리티 너무 좋아요 EXCLAM,0,0,0,0,1,0,0,14,고기
naver,능동미나리 성수지점,깐깐한 아부지,3068.0,2025.12.25,9번째 방문,영수증,곱창전골이랑 육회 먹으러~ 아이가 너무 좋아하는 메뉴라 들렀는데 한결같이 너무 맛있네요~ 크리스마스였디만 회전이 빨라서 좀만 기다리고 입장~ 잘 먹고 나왔습니다!,90,True,,,,곱창전골이랑 육회 먹으러~ 아이가 너무 좋아하는 메뉴라 들렀는데 한결같이 너무 맛있네요~ 크리스마스였디만 회전이 빨라서 좀만 기다리고 입장~ 잘 먹고 나왔습니다!,곱창전골이랑 육회 먹으러 아이가 너무 좋아하는 메뉴라 들렀는데 한결같이 너무 맛있네요 크리스마스였디만 회전이 빨라서 좀만 기다리고 입장 잘 먹고 나왔습니다 EXCLAM,0,0,0,0,1,0,0,90,"맛, 맛있, 메뉴"
naver,홍대 육지,kmy****,21.0,2026.03.22,1번째 방문,영수증,최근에 먹은 고기 중에 가장 맛있던 것 같아요! 고기가 두꺼워서 굽기 힘들 것 같은데 직접 다 구워주셔서 먹기 편해요! 재방문 의사 있습니다 :),81,True,,,,최근에 먹은 고기 중에 가장 맛있던 것 같아요! 고기가 두꺼워서 굽기 힘들 것 같은데 직접 다 구워주셔서 먹기 편해요! 재방문 의사 있습니다 :),최근에 먹은 고기 중에 가장 맛있던 것 같아요 EXCLAM 고기가 두꺼워서 굽기 힘들 것 같은데 직접 다 구워주셔서 먹기 편해요 EXCLAM 재방문 의사 있습니다,0,0,0,0,1,0,0,81,"맛, 맛있, 고기"
naver,장인닭갈비 홍대점,짤랑쨜랑,13.0,2026.04.12,1번째 방문,영수증,배고파서 지나가다 닭갈비 먹으러 왔는데 엄청난 맛집이네요 직원분들도 친절하고 맛있어요!,48,True,,,,배고파서 지나가다 닭갈비 먹으러 왔는데 엄청난 맛집이네요 직원분들도 친절하고 맛있어요!,배고파서 지나가다 닭갈비 먹으러 왔는데 엄청난 맛집이네요 직원분들도 친절하고 맛있어요 EXCLAM,0,0,0,0,1,0,0,48,"맛, 맛있"
naver,보끔당 성수점,lyounji56,16.0,2026.02.28,1번째 방문,영수증,양도 많고 맵기도 적당하니 맛있어요! 꽈리간장에 들어있는 꽈리도 굿,37,True,,,,양도 많고 맵기도 적당하니 맛있어요! 꽈리간장에 들어있는 꽈리도 굿,양도 많고 맵기도 적당하니 맛있어요 EXCLAM 꽈리간장에 들어있는 꽈리도 굿,0,0,0,0,1,0,0,37,"맛, 맛있, 양, 간, 맵"
naver,황금콩밭,샤방샤방엘리스,895.0,2025.10.02,1번째 방문,영수증,청국장 두부가 부드러워서 입안에서 그냥 녹아요 반반짜글이 고기와 두부가 들어가 있고 약간 매콤하면서 맛있어요 밑반찬도 깔끔하니 맛있고요 우리쌀과 전통누룩으로 직접만든 콩팥탁주 산미가 강하다고 하네요,110,True,,,,청국장 두부가 부드러워서 입안에서 그냥 녹아요 반반짜글이 고기와 두부가 들어가 있고 약간 매콤하면서 맛있어요 밑반찬도 깔끔하니 맛있고요 우리쌀과 전통누룩으로 직접만든 콩팥탁주 산미가 강하다고 하네요,청국장 두부가 부드러워서 입안에서 그냥 녹아요 반반짜글이 고기와 두부가 들어가 있고 약간 매콤하면서 맛있어요 밑반찬도 깔끔하니 맛있고요 우리쌀과 전통누룩으로 직접만든 콩팥탁주 산미가 강하다고 하네요,0,0,0,0,0,0,0,110,"맛, 맛있, 간, 고기, 면, 반찬, 짜"
kakao,이태리국시 성수,wow,1.0,2026-04-15,,,맛있음👍🏻 분위기도 차분하고 좋아서 대화하면서 식사하기 너무 좋았음,37,True,5.0,5.0,브론즈 레벨,맛있음👍🏻 분위기도 차분하고 좋아서 대화하면서 식사하기 너무 좋았음,맛있음 EMO_POS 분위기도 차분하고 좋아서 대화하면서 식사하기 너무 좋았음,1,0,0,0,0,0,0,37,"맛, 맛있, 면"
naver,소문난성수감자탕,pin****,1132.0,2026.03.19,2번째 방문,영수증,포장이 언제 또 이렇게 가격이 올랏지요?^^ 양은 푸짐한거 같긴한데 포장이 더 비싸고 김치도 그냥 봉지애 싸주기 때문에 대중교통은 ㅋㅋ좀 냄새나요 아들이 좋아해서 가끔 포장하긴 하는데 가격에 좀 멈칫 햿내요,115,True,,,,포장이 언제 또 이렇게 가격이 올랏지요?^^ 양은 푸짐한거 같긴한데 포장이 더 비싸고 김치도 그냥 봉지애 싸주기 때문에 대중교통은 ㅋㅋ좀 냄새나요 아들이 좋아해서 가끔 포장하긴 하는데 가격에 좀 멈칫 햿내요,포장이 언제 또 이렇게 가격이 올랏지요 QUESTION 양은 푸짐한거 같긴한데 포장이 더 비싸고 김치도 그냥 봉지애 싸주기 때문에 대중교통은 좀 냄새나요 아들이 좋아해서 가끔 포장하긴 하는데 가격에 좀 멈칫 햿내요,0,0,0,0,0,1,0,115,"양, 김치"
naver,홍대 육지,은서2970,9.0,2026.03.29,1번째 방문,영수증,고기가 완전 육즙 가득하고 부드럽고 맛있어요! 😋 특히 삼겹살 추천 !! 계란찜도 빼먹으면 섭해요 ... 치즈 들어간 계란찜 짱 맛 들어온지 얼마 안돼서 사람 많아지니까 조금 이른 저녁시간대에 가는거 추천 !,116,True,,,,고기가 완전 육즙 가득하고 부드럽고 맛있어요! 😋 특히 삼겹살 추천 !! 계란찜도 빼먹으면 섭해요 ... 치즈 들어간 계란찜 짱 맛 들어온지 얼마 안돼서 사람 많아지니까 조금 이른 저녁시간대에 가는거 추천 !,고기가 완전 육즙 가득하고 부드럽고 맛있어요 EXCLAM EMO_POS 특히 삼겹살 추천 EXCLAM 계란찜도 빼먹으면 섭해요 치즈 들어간 계란찜 짱 맛 들어온지 얼마 안돼서 사람 많아지니까 조금 이른 저녁시간대에 가는거 추천 EXCLAM,1,0,0,0,1,0,0,116,"맛, 맛있, 간, 고기, 면"
kakao,태양곱창 성수,현주,4.0,2025-12-01,,,곱창국밥 시켰는데 너무 별로예요 짜기만하고 덜 끓여서 맛이 하나도 베이지않게 물에 양념장만 잔뜩 풀은 맛이예요 너무 비추입니다,70,False,1.0,3.8,브론즈 레벨,곱창국밥 시켰는데 너무 별로예요 짜기만하고 덜 끓여서 맛이 하나도 베이지않게 물에 양념장만 잔뜩 풀은 맛이예요 너무 비추입니다,곱창국밥 시켰는데 너무 별로예요 짜기만하고 덜 끓여서 맛이 하나도 베이지않게 물에 양념장만 잔뜩 풀은 맛이예요 너무 비추입니다,0,0,0,0,0,0,0,70,"맛, 양, 밥, 짜"
kakao,이태리국시 성수,노을,2.0,2026-04-25,,,대창 너무 맛있어용~!! 🤍 다 너무 맛있어서 싹싹 먹었어요! 분위기도 너무 좋구 친구들이랑 이야기하면서 먹기도 좋아용 (•̀ᴗ•́)و ̑̑ ㅎㅎㅎ 잘 먹고 가요!,91,True,5.0,5.0,브론즈 레벨,대창 너무 맛있어용~!! 🤍 다 너무 맛있어서 싹싹 먹었어요! 분위기도 너무 좋구 친구들이랑 이야기하면서 먹기도 좋아용 (•̀ᴗ•́)و ̑̑ ㅎㅎㅎ 잘 먹고 가요!,대창 너무 맛있어용 EXCLAM EMO_POS 다 너무 맛있어서 싹싹 먹었어요 EXCLAM 분위기도 너무 좋구 친구들이랑 이야기하면서 먹기도 좋아용 잘 먹고 가요 EXCLAM,1,0,0,0,1,0,0,91,"맛, 맛있, 면"
naver,훼미리손칼국수보쌈,마리마리97,280.0,2025.12.09,1번째 방문,영수증,보쌈정식 맛있어요! 김치가 다 맛있어요~,22,False,,,,보쌈정식 맛있어요! 김치가 다 맛있어요~,보쌈정식 맛있어요 EXCLAM 김치가 다 맛있어요,0,0,0,0,1,0,0,22,"맛, 맛있, 김치, 보쌈"
kakao,이태리국시 성수,김현규,1.0,2026-04-17,,,맛있음ㅎㅎ,5,True,5.0,5.0,브론즈 레벨,맛있음ㅎㅎ,맛있음,0,0,0,0,0,0,0,5,"맛, 맛있"
kakao,육지,lee,1.0,2025-08-03,,,좋은 분위기에서 맛있게 먹고 갑니다!,20,True,5.0,5.0,브론즈 레벨,좋은 분위기에서 맛있게 먹고 갑니다!,좋은 분위기에서 맛있게 먹고 갑니다 EXCLAM,0,0,0,0,1,0,0,20,"맛, 맛있"
kakao,쭌곱창,ㅇㅖㅇㅡㄴ,1.0,2025-01-10,,,홍대 와서 돼지 곱창 땡기면여기 오세용 가성베 구성 맛 진짜 짱짱입니다,39,True,5.0,5.0,브론즈 레벨,홍대 와서 돼지 곱창 땡기면여기 오세용 가성베 구성 맛 진짜 짱짱입니다,홍대 와서 돼지 곱창 땡기면여기 오세용 가성베 구성 맛 진짜 짱짱입니다,0,0,0,0,0,0,0,39,"맛, 면, 구성, 짜"
naver,쭌곱창,냐옹이수준,17.0,2025.11.13,1번째 방문,영수증,너무 맛있고 그냥 비주얼부터 합격이에요 진심 개존맛!!!👍👍 치즈가 진짜 맛있고 앞에서 토치로 불쇼 해주는게 레알 개굿 양념도 마싯서용❤️🩷❤️🩵💙💚❤️‍🔥,87,True,,,,너무 맛있고 그냥 비주얼부터 합격이에요 진심 개존맛!!!👍👍 치즈가 진짜 맛있고 앞에서 토치로 불쇼 해주는게 레알 개굿 양념도 마싯서용❤️🩷❤️🩵💙💚❤️‍🔥,너무 맛있고 그냥 비주얼부터 합격이에요 진심 개존맛 EXCLAM EMO_POS EMO_POS 치즈가 진짜 맛있고 앞에서 토치로 불쇼 해주는게 레알 개굿 양념도 마싯서용 EMO_POS EMO_POS EMO_POS EMO_POS EMO_POS EMO_POS,1,0,0,0,1,0,0,87,"맛, 맛있, 양, 짜"
naver,옥동식,하예딩고미샤전국상위일프로리뷰어,1090.0,2025.12.30,1번째 방문,영수증,엥 진짜 겁나맛있음...... 곰탕 그렇게 안좋아하는데 너무 맛있어요.. 아침 8:30에 현장 캐치테이블 거니 2번이고 11시오픈하자마자 들어가서 먹엇어요! 내부 자리는 ㄱ자 바 형태고 10-12정도 자리있는것 같아요 너무너무 맛있어요 특히 김치가 경상도사람 향수자극하는 할머니김치맛이라 너무너무 좋음 고추지도 억지스러운 다데기아니고 고추속 그자체맛이 살아있는데 전반적으로 정말 깔끔하고 돼지 향이 구수한데 정말 깔끔하게 나요...... 일반 시켜도 고기가 정말 얇게 되게 많아서 보통양드시는 성인여자들 배터질듯요! 맛과 양에 비해 가격싼거같아요 김치만두도 저는 맛있었어요 잡내안나고 냉동아니라 진짜 촉촉하고 담백하고 너무 좋았어요 깔끔히 다 비우고 포장해왔습니다 행복한 한끼!!!!!!!!!!,388,True,,,,엥 진짜 겁나맛있음...... 곰탕 그렇게 안좋아하는데 너무 맛있어요.. 아침 8:30에 현장 캐치테이블 거니 2번이고 11시오픈하자마자 들어가서 먹엇어요! 내부 자리는 ㄱ자 바 형태고 10-12정도 자리있는것 같아요 너무너무 맛있어요 특히 김치가 경상도사람 향수자극하는 할머니김치맛이라 너무너무 좋음 고추지도 억지스러운 다데기아니고 고추속 그자체맛이 살아있는데 전반적으로 정말 깔끔하고 돼지 향이 구수한데 정말 깔끔하게 나요...... 일반 시켜도 고기가 정말 얇게 되게 많아서 보통양드시는 성인여자들 배터질듯요! 맛과 양에 비해 가격싼거같아요 김치만두도 저는 맛있었어요 잡내안나고 냉동아니라 진짜 촉촉하고 담백하고 너무 좋았어요 깔끔히 다 비우고 포장해왔습니다 행복한 한끼!!!!!!!!!!,엥 진짜 겁나맛있음 곰탕 그렇게 안좋아하는데 너무 맛있어요 아침 8 30에 현장 캐치테이블 거니 2번이고 11시오픈하자마자 들어가서 먹엇어요 EXCLAM 내부 자리는 자 바 형태고 10 12정도 자리있는것 같아요 너무너무 맛있어요 특히 김치가 경상도사람 향수자극하는 할머니김치맛이라 너무너무 좋음 고추지도 억지스러운 다데기아니고 고추속 그자체맛이 살아있는데 전반적으로 정말 깔끔하고 돼지 향이 구수한데 정말 깔끔하게 나요 일반 시켜도 고기가 정말 얇게 되게 많아서 보통양드시는 성인여자들 배터질듯요 EXCLAM 맛과 양에 비해 가격싼거같아요 김치만두도 저는 맛있었어요 잡내안나고 냉동아니라 진짜 촉촉하고 담백하고 너무 좋았어요 깔끔히 다 비우고 포장해왔습니다 행복한 한끼 EXCLAM,0,0,0,0,1,0,1,388,"맛, 맛있, 양, 고기, 김치, 잡내, 짜"
kakao,옥동식 서교점,마크투비,52.0,2026-02-22,,,흑백요리사 이후에 더 맛있어진 느낌이에요 진짜 맛있게 먹었습니다!!,37,True,5.0,4.7,골드 레벨,흑백요리사 이후에 더 맛있어진 느낌이에요 진짜 맛있게 먹었습니다!!,흑백요리사 이후에 더 맛있어진 느낌이에요 진짜 맛있게 먹었습니다 EXCLAM,0,0,0,0,1,0,0,37,"맛, 맛있, 요리, 짜"
kakao,이태리국시 성수,깐깐한 미식가,41.0,2026-03-28,,,너무 맛있어요 특히 갑오징어 빠에야의 갑오징어가 엄청 부드러워요,35,False,5.0,3.9,실버 레벨,너무 맛있어요 특히 갑오징어 빠에야의 갑오징어가 엄청 부드러워요,너무 맛있어요 특히 갑오징어 빠에야의 갑오징어가 엄청 부드러워요,0,0,0,0,0,0,0,35,"맛, 맛있"
kakao,일등식당,웃는날,182.0,2025-12-05,,,심심한 뼈해장국이지만 맛은 은근 짜요 노포 느낌에 위생이나 친절함이 없고 최악은 합석을 시킨다는 것 뼈다귀는 너무 삶아서 국물에 밥 말아먹으면 가끔씩 뼛조각이 씹힙니다 8천원이라는 가성비가 사람을 모으는 곳이지만 딱히 재방문의사는 없습니다,133,False,3.0,3.5,골드 레벨,심심한 뼈해장국이지만 맛은 은근 짜요 노포 느낌에 위생이나 친절함이 없고 최악은 합석을 시킨다는 것 뼈다귀는 너무 삶아서 국물에 밥 말아먹으면 가끔씩 뼛조각이 씹힙니다 8천원이라는 가성비가 사람을 모으는 곳이지만 딱히 재방문의사는 없습니다,심심한 뼈해장국이지만 맛은 은근 짜요 노포 느낌에 위생이나 친절함이 없고 최악은 합석을 시킨다는 것 뼈다귀는 너무 삶아서 국물에 밥 말아먹으면 가끔씩 뼛조각이 씹힙니다 8천원이라는 가성비가 사람을 모으는 곳이지만 딱히 재방문의사는 없습니다,0,0,0,0,0,0,1,133,"맛, 면, 밥, 국물, 짜"
naver,홍대 육지,혜2699,46.0,2026.02.13,1번째 방문,영수증,예전부터 와보고 싶던 고깃집 항상 사람이 와글바글해서 궁금했는데 진짜 합정 고기 맛집!! 고기도 잡내 없이 맛있고 볶음밥과 계란찜도 진짜 맛있어요 삼겹살 땡길 때 즐겨찾을 것 같아용~ ദ്ദിᐢ. .ᐢ₎,113,True,,,,예전부터 와보고 싶던 고깃집 항상 사람이 와글바글해서 궁금했는데 진짜 합정 고기 맛집!! 고기도 잡내 없이 맛있고 볶음밥과 계란찜도 진짜 맛있어요 삼겹살 땡길 때 즐겨찾을 것 같아용~ ദ്ദിᐢ. .ᐢ₎,예전부터 와보고 싶던 고깃집 항상 사람이 와글바글해서 궁금했는데 진짜 합정 고기 맛집 EXCLAM 고기도 잡내 없이 맛있고 볶음밥과 계란찜도 진짜 맛있어요 삼겹살 땡길 때 즐겨찾을 것 같아용,0,0,0,0,1,0,0,113,"맛, 맛있, 고기, 밥, 잡내, 짜"
naver,락희옥 마포본점,흠좀무40,11.0,2025.11.26,1번째 방문,영수증,질 좋은 제철재료 음식을 맛볼 수 있는 비즈니스 캐주얼 한식 주점,36,True,,,,질 좋은 제철재료 음식을 맛볼 수 있는 비즈니스 캐주얼 한식 주점,질 좋은 제철재료 음식을 맛볼 수 있는 비즈니스 캐주얼 한식 주점,0,0,0,0,0,0,0,36,"맛, 음식, 재료"
naver,락희옥 마포본점,바위처럼3326,149.0,2025.11.18,1번째 방문,영수증,양이 너무 적어서 놀라웠어요.. 특히 메뉴판에는 위스키와 와인이 코키지 프리라고 적혀 있어서 부담없이 고급 백주(8대 중국 명주)를 가져갔는데.. 종업원에게 협박 당했어여… 참 어이가 없어도 한참 어이가 없는 집입니다.,122,True,,,,양이 너무 적어서 놀라웠어요.. 특히 메뉴판에는 위스키와 와인이 코키지 프리라고 적혀 있어서 부담없이 고급 백주(8대 중국 명주)를 가져갔는데.. 종업원에게 협박 당했어여… 참 어이가 없어도 한참 어이가 없는 집입니다.,양이 너무 적어서 놀라웠어요 특히 메뉴판에는 위스키와 와인이 코키지 프리라고 적혀 있어서 부담없이 고급 백주 8대 중국 명주 를 가져갔는데 종업원에게 협박 당했어여 참 어이가 없어도 한참 어이가 없는 집입니다,0,0,0,0,0,0,1,122,"메뉴, 양"
kakao,뼈탄집 성수역점,강승현,1.0,2025-12-06,,,맛잇어요 구워주시고 좋네요,14,True,4.0,4.0,브론즈 레벨,맛잇어요 구워주시고 좋네요,맛잇어요 구워주시고 좋네요,0,0,0,0,0,0,0,14,맛
naver,보끔당 성수점,aodueufirr,27.0,2026.03.29,2번째 방문,영수증,너무맛잇고 자주오는데 올때마다 넘 맛잇어요!!!! 추천!!,32,True,,,,너무맛잇고 자주오는데 올때마다 넘 맛잇어요!!!! 추천!!,너무맛잇고 자주오는데 올때마다 넘 맛잇어요 EXCLAM 추천 EXCLAM,0,0,0,0,1,0,0,32,맛
naver,을밀대 평양냉면,soosooㅎㅎㅎㅎ,289.0,2025.07.27,1번째 방문,영수증,물냉면 거냉이랑 그냥 시켰는데 제 입맛에는 거냉이 더 맛있는거같아요 ㅎㅎ 녹두전 짱 바삭하고 맛있어용 웨이팅은 좀 덥고 힘들었지만 맛있네용,77,True,,,,물냉면 거냉이랑 그냥 시켰는데 제 입맛에는 거냉이 더 맛있는거같아요 ㅎㅎ 녹두전 짱 바삭하고 맛있어용 웨이팅은 좀 덥고 힘들었지만 맛있네용,물냉면 거냉이랑 그냥 시켰는데 제 입맛에는 거냉이 더 맛있는거같아요 녹두전 짱 바삭하고 맛있어용 웨이팅은 좀 덥고 힘들었지만 맛있네용,0,0,0,0,0,0,0,77,"맛, 맛있, 면, 냉면"
naver,성수족발,동동팔,888.0,2025.06.28,1번째 방문,영수증,어쩌다보니 오픈런하게 되었는데 오픈전부터 웨이팅이 장난 아니더라구요. 중국인 한국인 일본인 등 … 전 포장이라 오픈후 5분정도 기다렸다 받아보았는데요. 입장손님 교통정리 하시고 포장 주시는 거 네 좋아요 다 좋은데. 포장하러 왔다고 세 번 정도 말씀드려서 겨우; 결제했네요. 알아서 해주겠거니하며 멍때리면 시간낭비하기 십상이겠어요.,185,True,,,,어쩌다보니 오픈런하게 되었는데 오픈전부터 웨이팅이 장난 아니더라구요. 중국인 한국인 일본인 등 … 전 포장이라 오픈후 5분정도 기다렸다 받아보았는데요. 입장손님 교통정리 하시고 포장 주시는 거 네 좋아요 다 좋은데. 포장하러 왔다고 세 번 정도 말씀드려서 겨우; 결제했네요. 알아서 해주겠거니하며 멍때리면 시간낭비하기 십상이겠어요.,어쩌다보니 오픈런하게 되었는데 오픈전부터 웨이팅이 장난 아니더라구요 중국인 한국인 일본인 등 전 포장이라 오픈후 5분정도 기다렸다 받아보았는데요 입장손님 교통정리 하시고 포장 주시는 거 네 좋아요 다 좋은데 포장하러 왔다고 세 번 정도 말씀드려서 겨우 결제했네요 알아서 해주겠거니하며 멍때리면 시간낭비하기 십상이겠어요,0,0,0,0,0,0,1,185,"간, 면"
naver,능동미나리 성수지점,yus****,439.0,2026.03.17,1번째 방문,영수증,11시에갔더니빈자리가 많았어용 미나리 먹으러 간줄알았는데 결국 고기먹고왔어요. 메뉴마다 깨알같이 맛있네요 직원들도 신속하게 응대해주시고 실내가 좀 미로갔지만ㅋㅋㅋ 나름 재밌네요 일부자리는 옆자리랑 너무 가까워서 식사중에 옆테이블분이 나가일때 자꾸 엉덩이가 테이블에…ㅋㅋㅋ 장사가너무 잘되서.그런가바요 나오니 줄이….. 저렴하지 않은 가격인디…👍,192,False,,,,11시에갔더니빈자리가 많았어용 미나리 먹으러 간줄알았는데 결국 고기먹고왔어요. 메뉴마다 깨알같이 맛있네요 직원들도 신속하게 응대해주시고 실내가 좀 미로갔지만ㅋㅋㅋ 나름 재밌네요 일부자리는 옆자리랑 너무 가까워서 식사중에 옆테이블분이 나가일때 자꾸 엉덩이가 테이블에…ㅋㅋㅋ 장사가너무 잘되서.그런가바요 나오니 줄이….. 저렴하지 않은 가격인디…👍,11시에갔더니빈자리가 많았어용 미나리 먹으러 간줄알았는데 결국 고기먹고왔어요 메뉴마다 깨알같이 맛있네요 직원들도 신속하게 응대해주시고 실내가 좀 미로갔지만 나름 재밌네요 일부자리는 옆자리랑 너무 가까워서 식사중에 옆테이블분이 나가일때 자꾸 엉덩이가 테이블에 장사가너무 잘되서 그런가바요 나오니 줄이 저렴하지 않은 가격인디 EMO_POS,1,0,0,0,0,0,1,192,"맛, 맛있, 메뉴, 간, 고기"
naver,원조 조박집 본관,야임마23,1315.0,2025.06.18,3번째 방문,영수증,돼지갈비도 총각김치도 서비스 동치미 국수도 맛있는 조박집 멀어서 못온사이에 가격이 많이 올랐네요 ㅠ ㅋㅋ,58,True,,,,돼지갈비도 총각김치도 서비스 동치미 국수도 맛있는 조박집 멀어서 못온사이에 가격이 많이 올랐네요 ㅠ ㅋㅋ,돼지갈비도 총각김치도 서비스 동치미 국수도 맛있는 조박집 멀어서 못온사이에 가격이 많이 올랐네요,0,0,0,0,0,0,0,58,"맛, 맛있, 김치"
naver,능동미나리 성수지점,한입10000,996.0,2025.11.07,1번째 방문,영수증,미나리 곰탕은 첨 먹어봤는데 국물이 맑고 토렴식이라 밥은 탕안에 말아있네요.미나리의 식감과 향이 좋았어요.외국인들도 많네요,68,True,,,,미나리 곰탕은 첨 먹어봤는데 국물이 맑고 토렴식이라 밥은 탕안에 말아있네요.미나리의 식감과 향이 좋았어요.외국인들도 많네요,미나리 곰탕은 첨 먹어봤는데 국물이 맑고 토렴식이라 밥은 탕안에 말아있네요 미나리의 식감과 향이 좋았어요 외국인들도 많네요,0,0,0,0,0,0,0,68,"식감, 밥, 국물"
naver,이태리국시 성수,둥이6725,39.0,2026.05.04,1번째 방문,영수증,대창파스타 맛있어요 추천이요!,16,True,,,,대창파스타 맛있어요 추천이요!,대창파스타 맛있어요 추천이요 EXCLAM,0,0,0,0,1,0,0,16,"맛, 맛있, 파스타"
naver,조선시대,rain soda,21.0,2026.04.04,1번째 방문,영수증,🌟홍대에서 이곳을 모르는 당신은 숙청 당할 수도???🌟 전도 너무 맛있고 계란 왕누룽지탕 술이 술술 들어가는 미친 맛입니다. 오랜만에 막걸리 먹으니까 너무 맛있어요!!! 부담없이 즐길 수 있고 모임하기도 너무 좋네요. 막걸리 종류도 다양했어요! 컨셉도 재밌고 오랜만에 너무 좋은 곳을 발견한 것 같습니다.,170,True,,,,🌟홍대에서 이곳을 모르는 당신은 숙청 당할 수도???🌟 전도 너무 맛있고 계란 왕누룽지탕 술이 술술 들어가는 미친 맛입니다. 오랜만에 막걸리 먹으니까 너무 맛있어요!!! 부담없이 즐길 수 있고 모임하기도 너무 좋네요. 막걸리 종류도 다양했어요! 컨셉도 재밌고 오랜만에 너무 좋은 곳을 발견한 것 같습니다.,홍대에서 이곳을 모르는 당신은 숙청 당할 수도 QUESTION 전도 너무 맛있고 계란 왕누룽지탕 술이 술술 들어가는 미친 맛입니다 오랜만에 막걸리 먹으니까 너무 맛있어요 EXCLAM 부담없이 즐길 수 있고 모임하기도 너무 좋네요 막걸리 종류도 다양했어요 EXCLAM 컨셉도 재밌고 오랜만에 너무 좋은 곳을 발견한 것 같습니다,0,0,0,0,1,1,0,170,"맛, 맛있, 양"
naver,굴다리식당,seige22,285.0,2025.01.25,1번째 방문,예약,외국 가기전에 아님 다녀와서 꼭 생각나는 맛이에요 이번에도 여행가기전에 다녀왔어요 김치찌개랑 제육 캐릭터 있는 맛이에요,66,True,,,,외국 가기전에 아님 다녀와서 꼭 생각나는 맛이에요 이번에도 여행가기전에 다녀왔어요 김치찌개랑 제육 캐릭터 있는 맛이에요,외국 가기전에 아님 다녀와서 꼭 생각나는 맛이에요 이번에도 여행가기전에 다녀왔어요 김치찌개랑 제육 캐릭터 있는 맛이에요,0,0,0,0,0,0,0,66,"맛, 김치"
naver,조선시대,은지5491,80.0,2026.04.29,1번째 방문,영수증,헐 분위기 완전 좋아요 ~~ 두부김치제육도 진짜 맛있고 배추가 4분의 1이 올라가요 !! 대애박.. 서비스 전병도 맛있게 먹었습니다 ! 감사합니다 ㅎㅎ,84,True,,,,헐 분위기 완전 좋아요 ~~ 두부김치제육도 진짜 맛있고 배추가 4분의 1이 올라가요 !! 대애박.. 서비스 전병도 맛있게 먹었습니다 ! 감사합니다 ㅎㅎ,헐 분위기 완전 좋아요 TILDE 두부김치제육도 진짜 맛있고 배추가 4분의 1이 올라가요 EXCLAM 대애박 서비스 전병도 맛있게 먹었습니다 EXCLAM 감사합니다,0,0,0,0,1,0,1,84,"맛, 맛있, 김치, 짜"
naver,보끔당 성수점,양셍이,51.0,2026.02.13,1번째 방문,영수증,진짜 양념소스맛이 너무 맛있어요 !!!!!!! 밀키트로도 나왔으면 자주 시켜먹을것같아요ㅠㅠㅜㅠ 뽀금당 굳이에용&gt;.&lt;,70,True,,,,진짜 양념소스맛이 너무 맛있어요 !!!!!!! 밀키트로도 나왔으면 자주 시켜먹을것같아요ㅠㅠㅜㅠ 뽀금당 굳이에용&gt;.&lt;,진짜 양념소스맛이 너무 맛있어요 EXCLAM 밀키트로도 나왔으면 자주 시켜먹을것같아요 뽀금당 굳이에용 gt lt,0,0,0,1,1,0,0,70,"맛, 맛있, 양, 면, 소스, 짜"
naver,황금콩밭,대흥로,2860.0,2026.02.28,1번째 방문,영수증,"유명한 곳이라, 꼭 가보고 싶었는데요 두부가 진짜 맛있어요",32,True,,,,"유명한 곳이라, 꼭 가보고 싶었는데요 두부가 진짜 맛있어요",유명한 곳이라 꼭 가보고 싶었는데요 두부가 진짜 맛있어요,0,0,0,0,0,0,0,32,"맛, 맛있, 짜"
naver,락희옥 마포본점,나나쑤와,14.0,2026.03.01,1번째 방문,영수증,음식이 깨큿하고 맛있습니다! 강추강추요😃,22,True,,,,음식이 깨큿하고 맛있습니다! 강추강추요😃,음식이 깨큿하고 맛있습니다 EXCLAM 강추강추요 EMO_POS,1,0,0,0,1,0,0,22,"맛, 맛있, 음식"
naver,뼈탄집 성수역점,p_petit,73.0,2025.11.05,1번째 방문,영수증,"모든게 완벽했던 성수 맛집 찾았어요,,고기 퀄리티도 너무 좋고 구워 주시는 서비스까지 만족. 된장찌개 뼈구이 볶음밥까지 뭐 하나 아쉬울 게 없는 진정성있는 맛이었어요 ㅎㅎ 회식으로도 너무 좋은데 웨이팅이 있으니 미리 예약하고 가는 것을 추천! 점심에도 사람 많으니 꼭 캐치테이블로 예약하고 가세요ㅎㅎ",167,True,,,,"모든게 완벽했던 성수 맛집 찾았어요,,고기 퀄리티도 너무 좋고 구워 주시는 서비스까지 만족. 된장찌개 뼈구이 볶음밥까지 뭐 하나 아쉬울 게 없는 진정성있는 맛이었어요 ㅎㅎ 회식으로도 너무 좋은데 웨이팅이 있으니 미리 예약하고 가는 것을 추천! 점심에도 사람 많으니 꼭 캐치테이블로 예약하고 가세요ㅎㅎ",모든게 완벽했던 성수 맛집 찾았어요 고기 퀄리티도 너무 좋고 구워 주시는 서비스까지 만족 된장찌개 뼈구이 볶음밥까지 뭐 하나 아쉬울 게 없는 진정성있는 맛이었어요 회식으로도 너무 좋은데 웨이팅이 있으니 미리 예약하고 가는 것을 추천 EXCLAM 점심에도 사람 많으니 꼭 캐치테이블로 예약하고 가세요,0,0,0,0,1,0,0,167,"맛, 고기, 밥"
naver,홍대 육지,뵤은,33.0,2026.04.19,1번째 방문,영수증,완전 맛있습니다!! 다음에 또 오고 싶어요! 직원분들도 친절하세요!,37,True,,,,완전 맛있습니다!! 다음에 또 오고 싶어요! 직원분들도 친절하세요!,완전 맛있습니다 EXCLAM 다음에 또 오고 싶어요 EXCLAM 직원분들도 친절하세요 EXCLAM,0,0,0,0,1,0,0,37,"맛, 맛있"
naver,금금 성수점,놀튼,27.0,2026.04.12,1번째 방문,영수증,음식들도 너무 맛있고 분위기도 좋아요!!,22,True,,,,음식들도 너무 맛있고 분위기도 좋아요!!,음식들도 너무 맛있고 분위기도 좋아요 EXCLAM,0,0,0,0,1,0,0,22,"맛, 맛있, 음식"
naver,뼈탄집 성수역점,Kayff,8.0,2026.04.18,1번째 방문,영수증,사장님 너무 친절하시고 너무 맛있습니다 뼈탄숙성삼겹살 꼭드셔보세요 대박만족만족,43,True,,,,사장님 너무 친절하시고 너무 맛있습니다 뼈탄숙성삼겹살 꼭드셔보세요 대박만족만족,사장님 너무 친절하시고 너무 맛있습니다 뼈탄숙성삼겹살 꼭드셔보세요 대박만족만족,0,0,0,0,0,0,0,43,"맛, 맛있"
kakao,육지,이상원,3.0,2025-07-16,,,고기가 질이 매우 좋고 맛도 있는데 가격도 합리적이에요! 잘 먹고 왔어요!,41,False,5.0,5.0,브론즈 레벨,고기가 질이 매우 좋고 맛도 있는데 가격도 합리적이에요! 잘 먹고 왔어요!,고기가 질이 매우 좋고 맛도 있는데 가격도 합리적이에요 EXCLAM 잘 먹고 왔어요 EXCLAM,0,0,0,0,1,0,0,41,"맛, 고기"
kakao,을밀대 본점,맛잘알으아앙,21.0,2025-09-12,,,거냉으로 먹엇어용 동치미맛과 육향이 적절하며 유명한 평냉집중에서 면이 제일 맛있는것같아요 메밀향이 좋아요,58,False,5.0,4.0,실버 레벨,거냉으로 먹엇어용 동치미맛과 육향이 적절하며 유명한 평냉집중에서 면이 제일 맛있는것같아요 메밀향이 좋아요,거냉으로 먹엇어용 동치미맛과 육향이 적절하며 유명한 평냉집중에서 면이 제일 맛있는것같아요 메밀향이 좋아요,0,0,0,0,0,0,0,58,"맛, 맛있, 면, 평냉"
naver,홍대 육지,suntrawberry,13.0,2026.04.10,1번째 방문,영수증,김치볶음밥.. 고기.. 너무 맛있어요..,22,False,,,,김치볶음밥.. 고기.. 너무 맛있어요..,김치볶음밥 고기 너무 맛있어요,0,0,0,0,0,0,0,22,"맛, 맛있, 고기, 밥, 김치"
kakao,훼미리손칼국수보쌈,역시배운사람,79.0,2025-10-25,,,보쌈과 김치도 좋지만 칼국수 육수가 진국입니다!! 가격은 1만원으로 올랐어요~ 25년 10월 이후 이제는 다른곳에 가는게 좋은듯~,72,False,1.0,3.0,실버 레벨,보쌈과 김치도 좋지만 칼국수 육수가 진국입니다!! 가격은 1만원으로 올랐어요~ 25년 10월 이후 이제는 다른곳에 가는게 좋은듯~,보쌈과 김치도 좋지만 칼국수 육수가 진국입니다 EXCLAM 가격은 1만원으로 올랐어요 25년 10월 이후 이제는 다른곳에 가는게 좋은듯,0,0,0,0,1,0,1,72,"김치, 보쌈"
naver,뼈탄집 성수역점,식품안전위원회,83.0,2026.04.13,1번째 방문,예약,맛있고 좋네요 ㅎㅎ 시청본점에서 고기먹었을땐 큰 임팩은 없었는데 오히려 성수동 점심을 잘하네요 특히 직원분들도 친절하고 ㅎㅎㅎ 솥밥 너무 맛있고 가성비 좋아서 자주가게 될듯,96,True,,,,맛있고 좋네요 ㅎㅎ 시청본점에서 고기먹었을땐 큰 임팩은 없었는데 오히려 성수동 점심을 잘하네요 특히 직원분들도 친절하고 ㅎㅎㅎ 솥밥 너무 맛있고 가성비 좋아서 자주가게 될듯,맛있고 좋네요 시청본점에서 고기먹었을땐 큰 임팩은 없었는데 오히려 성수동 점심을 잘하네요 특히 직원분들도 친절하고 솥밥 너무 맛있고 가성비 좋아서 자주가게 될듯,0,0,0,0,0,0,0,96,"맛, 맛있, 고기, 밥"
naver,할머니의 레시피,VKY,316.0,2025.05.24,1번째 방문,영수증,"무척 정갈하고 담백한, 깔끔한 한 끼였습니다!! 여자친구도 무척 만족스러워 하였고, 저 또한 마찬가지였습니다. 음식이 정말 맛있었고, 직원분들도 무척 친절하셨습니다!! 여자친구는 아주 잘차려진 맛있는 집밥을 먹는 느낌이라 표하였습니다!! 대기하는 공간도 따로 있어 좋았구요!! 이미 잘 알려진 유명한 곳이라 그런지 사람들이 참...많기는 하였습니다. 개인적인 평점 [4/5]",209,True,,,,"무척 정갈하고 담백한, 깔끔한 한 끼였습니다!! 여자친구도 무척 만족스러워 하였고, 저 또한 마찬가지였습니다. 음식이 정말 맛있었고, 직원분들도 무척 친절하셨습니다!! 여자친구는 아주 잘차려진 맛있는 집밥을 먹는 느낌이라 표하였습니다!! 대기하는 공간도 따로 있어 좋았구요!! 이미 잘 알려진 유명한 곳이라 그런지 사람들이 참...많기는 하였습니다. 개인적인 평점 [4/5]",무척 정갈하고 담백한 깔끔한 한 끼였습니다 EXCLAM 여자친구도 무척 만족스러워 하였고 저 또한 마찬가지였습니다 음식이 정말 맛있었고 직원분들도 무척 친절하셨습니다 EXCLAM 여자친구는 아주 잘차려진 맛있는 집밥을 먹는 느낌이라 표하였습니다 EXCLAM 대기하는 공간도 따로 있어 좋았구요 EXCLAM 이미 잘 알려진 유명한 곳이라 그런지 사람들이 참 많기는 하였습니다 개인적인 평점 4 5,0,0,0,0,1,0,1,209,"맛, 맛있, 음식, 간, 밥"
kakao,이태리국시 성수,19391,2.0,2026-04-19,,,진짜 넘 마싯슴 ㅎ 대창 별로 안좋아하는데도 너무 맛있게 먹었어용,36,True,5.0,3.0,브론즈 레벨,진짜 넘 마싯슴 ㅎ 대창 별로 안좋아하는데도 너무 맛있게 먹었어용,진짜 넘 마싯슴 대창 별로 안좋아하는데도 너무 맛있게 먹었어용,0,0,0,0,0,0,0,36,"맛, 맛있, 짜"
kakao,육지,이희종,1.0,2025-09-29,,,홍대에서 삼겹살 먹을 때마다 들리는 곳이에요! 진짜 맛있고 고기 퀄리티도 좋아요 그리고 볶은밥 미쳤어요ㅋㅋㅋㅋㅋ,62,False,5.0,5.0,브론즈 레벨,홍대에서 삼겹살 먹을 때마다 들리는 곳이에요! 진짜 맛있고 고기 퀄리티도 좋아요 그리고 볶은밥 미쳤어요ㅋㅋㅋㅋㅋ,홍대에서 삼겹살 먹을 때마다 들리는 곳이에요 EXCLAM 진짜 맛있고 고기 퀄리티도 좋아요 그리고 볶은밥 미쳤어요,0,0,0,0,1,0,0,62,"맛, 맛있, 고기, 밥, 짜"
kakao,홍대 조선시대,김예인,1.0,2025-12-26,,,"카카오맵 리뷰 보고서 찾았던 곳인데, 직원 분들도 친절하고 시킨 음식 맛도 좋았어서 또 방문하고 싶은 곳이에요! 가격이 처음에는 좀 있어서 걱정됐는데 가격대비 양 많고 걱정이 무색하게 생각보다 더 좋았던 것 같습니다☺️💕",123,True,5.0,5.0,브론즈 레벨,"카카오맵 리뷰 보고서 찾았던 곳인데, 직원 분들도 친절하고 시킨 음식 맛도 좋았어서 또 방문하고 싶은 곳이에요! 가격이 처음에는 좀 있어서 걱정됐는데 가격대비 양 많고 걱정이 무색하게 생각보다 더 좋았던 것 같습니다☺️💕",카카오맵 리뷰 보고서 찾았던 곳인데 직원 분들도 친절하고 시킨 음식 맛도 좋았어서 또 방문하고 싶은 곳이에요 EXCLAM 가격이 처음에는 좀 있어서 걱정됐는데 가격대비 양 많고 걱정이 무색하게 생각보다 더 좋았던 것 같습니다 EMO_POS,1,0,0,0,1,0,0,123,"맛, 음식, 양, 맵"
naver,조선시대,nexhyun,315.0,2026.01.27,1번째 방문,영수증,화려하고 레트로감성이 좋은 한옥컨셉의 홍대 대형술집이에요!! 자리도 진짜 많고 룸도 있어서 금토에도 웨이팅걱정 안해도 되고 흡연실 화장실 다 내부에 있어서 안나가고 술 왕창 먹기 가능!! 홍대단체모임장소로 강추해요🖤,120,True,,,,화려하고 레트로감성이 좋은 한옥컨셉의 홍대 대형술집이에요!! 자리도 진짜 많고 룸도 있어서 금토에도 웨이팅걱정 안해도 되고 흡연실 화장실 다 내부에 있어서 안나가고 술 왕창 먹기 가능!! 홍대단체모임장소로 강추해요🖤,화려하고 레트로감성이 좋은 한옥컨셉의 홍대 대형술집이에요 EXCLAM 자리도 진짜 많고 룸도 있어서 금토에도 웨이팅걱정 안해도 되고 흡연실 화장실 다 내부에 있어서 안나가고 술 왕창 먹기 가능 EXCLAM 홍대단체모임장소로 강추해요 EMO_POS,1,0,0,0,1,0,0,120,짜
kakao,육지,솔직후기남,44.0,2025-07-20,,,"0 ~ 0.9점 : 최악 제발 가지마세요 1 ~ 1.9점 : 진짜 별로 였던 곳. 내돈 주고는 못먹고 누군가 사준다 할때만 고민하면서 갈정도 2 ~ 2.9점 : 지극히 평범. 누군가 먹어보고 싶다 하면 “그래..”하면서 같이 먹어 줄 정도 3 ~ 3.9점 : 맛있는편. 근처에 오면 먹을만하다 4 ~ 4.9점 : 진짜 맛있는거. 억지로 찾아서 갈정도 5점 : 미친곳 ------------------------------------------- - 맛 - 삼겹살 : 1점 (직원문제) 목살 : 1점 (직원문제) 들기름 : 막국수 3.5점 폭탄 : 계란찜 2.6점 소스 : 3.9점 - 서비스 - 안경안쓴 여성분 : 0.5점 문신하신 남성 분 : 4.5점 살면서 가본 수백번의 고깃집중 고기는 뒤에서 2등, 소스는 앞에서 2등 안경 안 쓴 여성직원분 겁나 일하고 싶지 않은 띠꺼운 표정 + 흐리멍텅하게 일하는거 이해O, 설명1도 없는거 이해O, 삼겹살을 비계랑 고기랑 분리해서 자르는거 이해X, 삼겹살, 목살을 엄지손톱 크기마냥 잘라놓는거 이해X, 고기를 바싹 구워서 돌 만들어 놓는거 이해X. 친구랑 오랜만에 웃으면서 이렇게 고기 최악으로 굽는 곳 처음본다면서 깔깔 거리면서 웃다가 왔네요.(아마 고기 라는걸 살면서 처음 구웠을꺼라 하면서 웃고 넘김) 삼겹, 목살 하나씩 시켜서 맛보고 맛있는걸로 쭉 시키려했는데 고기 저따구로 구워놓으면 집게 뺏고, 또 컴플레인 걸거 같아서 참았습니다. (그 전에 삼겹 비계 덩어리 주길래 컴플레인 한번 걸었는데 바로 야무진걸로 바꿔주심) 그래도 사이드 괜찮고 소스 맛있어서 2점 누르고 갑니다. - 결론 - 직원 고기에 대한 개념, 고기 굽는 방법 교육 필요. 소스 맛있음 사이드 괜찮음",852,True,2.0,3.7,골드 레벨,"0 ~ 0.9점 : 최악 제발 가지마세요 1 ~ 1.9점 : 진짜 별로 였던 곳. 내돈 주고는 못먹고 누군가 사준다 할때만 고민하면서 갈정도 2 ~ 2.9점 : 지극히 평범. 누군가 먹어보고 싶다 하면 “그래..”하면서 같이 먹어 줄 정도 3 ~ 3.9점 : 맛있는편. 근처에 오면 먹을만하다 4 ~ 4.9점 : 진짜 맛있는거. 억지로 찾아서 갈정도 5점 : 미친곳 ------------------------------------------- - 맛 - 삼겹살 : 1점 (직원문제) 목살 : 1점 (직원문제) 들기름 : 막국수 3.5점 폭탄 : 계란찜 2.6점 소스 : 3.9점 - 서비스 - 안경안쓴 여성분 : 0.5점 문신하신 남성 분 : 4.5점 살면서 가본 수백번의 고깃집중 고기는 뒤에서 2등, 소스는 앞에서 2등 안경 안 쓴 여성직원분 겁나 일하고 싶지 않은 띠꺼운 표정 + 흐리멍텅하게 일하는거 이해O, 설명1도 없는거 이해O, 삼겹살을 비계랑 고기랑 분리해서 자르는거 이해X, 삼겹살, 목살을 엄지손톱 크기마냥 잘라놓는거 이해X, 고기를 바싹 구워서 돌 만들어 놓는거 이해X. 친구랑 오랜만에 웃으면서 이렇게 고기 최악으로 굽는 곳 처음본다면서 깔깔 거리면서 웃다가 왔네요.(아마 고기 라는걸 살면서 처음 구웠을꺼라 하면서 웃고 넘김) 삼겹, 목살 하나씩 시켜서 맛보고 맛있는걸로 쭉 시키려했는데 고기 저따구로 구워놓으면 집게 뺏고, 또 컴플레인 걸거 같아서 참았습니다. (그 전에 삼겹 비계 덩어리 주길래 컴플레인 한번 걸었는데 바로 야무진걸로 바꿔주심) 그래도 사이드 괜찮고 소스 맛있어서 2점 누르고 갑니다. - 결론 - 직원 고기에 대한 개념, 고기 굽는 방법 교육 필요. 소스 맛있음 사이드 괜찮음",0 0 9점 최악 제발 가지마세요 1 1 9점 진짜 별로 였던 곳 내돈 주고는 못먹고 누군가 사준다 할때만 고민하면서 갈정도 2 2 9점 지극히 평범 누군가 먹어보고 싶다 하면 그래 하면서 같이 먹어 줄 정도 3 3 9점 맛있는편 근처에 오면 먹을만하다 4 4 9점 진짜 맛있는거 억지로 찾아서 갈정도 5점 미친곳 맛 삼겹살 1점 직원문제 목살 1점 직원문제 들기름 막국수 3 5점 폭탄 계란찜 2 6점 소스 3 9점 서비스 안경안쓴 여성분 0 5점 문신하신 남성 분 4 5점 살면서 가본 수백번의 고깃집중 고기는 뒤에서 2등 소스는 앞에서 2등 안경 안 쓴 여성직원분 겁나 일하고 싶지 않은 띠꺼운 표정 흐리멍텅하게 일하는거 이해O 설명1도 없는거 이해O 삼겹살을 비계랑 고기랑 분리해서 자르는거 이해X 삼겹살 목살을 엄지손톱 크기마냥 잘라놓는거 이해X 고기를 바싹 구워서 돌 만들어 놓는거 이해X 친구랑 오랜만에 웃으면서 이렇게 고기 최악으로 굽는 곳 처음본다면서 깔깔 거리면서 웃다가 왔네요 아마 고기 라는걸 살면서 처음 구웠을꺼라 하면서 웃고 넘김 삼겹 목살 하나씩 시켜서 맛보고 맛있는걸로 쭉 시키려했는데 고기 저따구로 구워놓으면 집게 뺏고 또 컴플레인 걸거 같아서 참았습니다 그 전에 삼겹 비계 덩어리 주길래 컴플레인 한번 걸었는데 바로 야무진걸로 바꿔주심 그래도 사이드 괜찮고 소스 맛있어서 2점 누르고 갑니다 결론 직원 고기에 대한 개념 고기 굽는 방법 교육 필요 소스 맛있음 사이드 괜찮음,0,0,0,0,0,0,1,852,"맛, 맛있, 고기, 면, 소스, 짜"
naver,락희옥 마포본점,1153sohyun,32.0,2025.10.18,1번째 방문,영수증,가족 모임으로 방문했는데 메뉴도 다양하고 분위기 트렌디해요 콜키지도 프리니 미리 사오는거 추천!,53,True,,,,가족 모임으로 방문했는데 메뉴도 다양하고 분위기 트렌디해요 콜키지도 프리니 미리 사오는거 추천!,가족 모임으로 방문했는데 메뉴도 다양하고 분위기 트렌디해요 콜키지도 프리니 미리 사오는거 추천 EXCLAM,0,0,0,0,1,0,0,53,"메뉴, 양"
kakao,각시보쌈,Emily,43.0,2026-04-17,,,가끔 손님이 많아서 대기를 해야할 때가 있어요! 그 만큼 가격과 맛 퀄리티 모두 백점 만점에 95점 정도 주고 싶어요~! 보쌈이 땡기는 날~~ 붐비지 않는 시간 때에 가세요! 후회없는 선택이 되실 듯!!,113,True,5.0,3.2,실버 레벨,가끔 손님이 많아서 대기를 해야할 때가 있어요! 그 만큼 가격과 맛 퀄리티 모두 백점 만점에 95점 정도 주고 싶어요~! 보쌈이 땡기는 날~~ 붐비지 않는 시간 때에 가세요! 후회없는 선택이 되실 듯!!,가끔 손님이 많아서 대기를 해야할 때가 있어요 EXCLAM 그 만큼 가격과 맛 퀄리티 모두 백점 만점에 95점 정도 주고 싶어요 EXCLAM 보쌈이 땡기는 날 TILDE 붐비지 않는 시간 때에 가세요 EXCLAM 후회없는 선택이 되실 듯 EXCLAM,0,0,0,0,1,0,1,113,"맛, 간, 보쌈"
kakao,홍대 조선시대,덕윤,1.0,2025-12-24,,,6명이서 먹다 6명 다 죽었습니다.. 직원분들 친절하시고 분위기 좋고 매장 넓고 안주도 퀄리티 좋고 맛있어요 !,62,True,5.0,5.0,브론즈 레벨,6명이서 먹다 6명 다 죽었습니다.. 직원분들 친절하시고 분위기 좋고 매장 넓고 안주도 퀄리티 좋고 맛있어요 !,6명이서 먹다 6명 다 죽었습니다 직원분들 친절하시고 분위기 좋고 매장 넓고 안주도 퀄리티 좋고 맛있어요 EXCLAM,0,0,0,0,1,0,1,62,"맛, 맛있"
kakao,성수족발,채은,3.0,2025-10-14,,,왼쪽 사이드에 놓여진 살코기가 그렇게 맛있다. 포장으로 한번 먹고 방문해서 한번 먹었는데 포장이 더 낫다. 평일엔 어떤지 모르지만 주말엔 웨이팅 있는 집,85,False,4.0,4.7,브론즈 레벨,왼쪽 사이드에 놓여진 살코기가 그렇게 맛있다. 포장으로 한번 먹고 방문해서 한번 먹었는데 포장이 더 낫다. 평일엔 어떤지 모르지만 주말엔 웨이팅 있는 집,왼쪽 사이드에 놓여진 살코기가 그렇게 맛있다 포장으로 한번 먹고 방문해서 한번 먹었는데 포장이 더 낫다 평일엔 어떤지 모르지만 주말엔 웨이팅 있는 집,0,0,0,0,0,0,0,85,"맛, 맛있"
kakao,육산장 홍대본점,bohee,3.0,2025-04-29,,,캠핑온느낌이고 고기가두툼하고 맛있어요,20,False,5.0,4.3,브론즈 레벨,캠핑온느낌이고 고기가두툼하고 맛있어요,캠핑온느낌이고 고기가두툼하고 맛있어요,0,0,0,0,0,0,0,20,"맛, 맛있, 고기"
naver,조선시대,ojs92,51.0,2026.03.02,1번째 방문,영수증,오늘 세 번째 방문인데 분위기도 적당히 좋고 음식도 너무 맛있어요 직원분들도 친절해서 좋아요 ㅎㅎ 다음엔 남자친구 만들어서 다시 올게요!,76,True,,,,오늘 세 번째 방문인데 분위기도 적당히 좋고 음식도 너무 맛있어요 직원분들도 친절해서 좋아요 ㅎㅎ 다음엔 남자친구 만들어서 다시 올게요!,오늘 세 번째 방문인데 분위기도 적당히 좋고 음식도 너무 맛있어요 직원분들도 친절해서 좋아요 다음엔 남자친구 만들어서 다시 올게요 EXCLAM,0,0,0,0,1,0,0,76,"맛, 맛있, 음식"
kakao,장인닭갈비 홍대점,김수연,1.0,2025-09-28,,,사리 추가 없이 그냥 기본 닭갈비 시켰더니 진짜 닭고기랑 양배추밖에 없음. 게다가 닭갈비에 뻑뻑한 살이 거의 반 정도 섞여있었음. 이런 닭갈비집 처음 봄;,86,True,1.0,1.0,브론즈 레벨,사리 추가 없이 그냥 기본 닭갈비 시켰더니 진짜 닭고기랑 양배추밖에 없음. 게다가 닭갈비에 뻑뻑한 살이 거의 반 정도 섞여있었음. 이런 닭갈비집 처음 봄;,사리 추가 없이 그냥 기본 닭갈비 시켰더니 진짜 닭고기랑 양배추밖에 없음 게다가 닭갈비에 뻑뻑한 살이 거의 반 정도 섞여있었음 이런 닭갈비집 처음 봄,0,0,0,0,0,0,0,86,"양, 고기, 짜"
naver,금금 성수점,hy 76,44.0,2026.03.29,1번째 방문,영수증,성수 맛집. 어떤 메뉴를 시켜도 실패없삼,22,True,,,,성수 맛집. 어떤 메뉴를 시켜도 실패없삼,성수 맛집 어떤 메뉴를 시켜도 실패없삼,0,0,0,0,0,0,0,22,"맛, 메뉴"
naver,쭌곱창,김동석9575,17.0,2026.04.23,1번째 방문,영수증,저렴하고 맛있어요 :),12,True,,,,저렴하고 맛있어요 :),저렴하고 맛있어요,0,0,0,0,0,0,0,12,"맛, 맛있"
naver,옥동식,카이4727,357.0,2025.03.17,1번째 방문,예약,국물은 깔끔 고기는 야들야들 이 한그릇에 들어간 정성이 온전히 느껴지네요. 저녁에 집에 와서 또 생각이 나더라구요. 또 들리겠습니다.,74,True,,,,국물은 깔끔 고기는 야들야들 이 한그릇에 들어간 정성이 온전히 느껴지네요. 저녁에 집에 와서 또 생각이 나더라구요. 또 들리겠습니다.,국물은 깔끔 고기는 야들야들 이 한그릇에 들어간 정성이 온전히 느껴지네요 저녁에 집에 와서 또 생각이 나더라구요 또 들리겠습니다,0,0,0,0,0,0,0,74,"간, 고기, 국물"
kakao,이태리국시 성수,정은,1.0,2026-04-04,,,"분위기 좋고, 음식 맛있고~ 모처럼 친구들과 좋은 시간 보낼 수 있었어요. 재방문 의사 100%입니다~^^",59,True,4.0,4.0,브론즈 레벨,"분위기 좋고, 음식 맛있고~ 모처럼 친구들과 좋은 시간 보낼 수 있었어요. 재방문 의사 100%입니다~^^",분위기 좋고 음식 맛있고 모처럼 친구들과 좋은 시간 보낼 수 있었어요 재방문 의사 100 입니다,0,0,0,0,0,0,1,59,"맛, 맛있, 음식, 간"
naver,소문난성수감자탕,창호지의전국구탐방,1807.0,2026.03.13,1번째 방문,영수증,성수동에서 감자탕 맛집하면 항상 나오는 곳! 저희는 평일 금요일 저녁 퇴근시간에 방문했는데도 2명이어서 그런지 큰 웨이팅 없이 10분 이내로 들어갔으며 기본적으로 넓은 외관과 감자탕 소 주문했는데 사람들이 많이 오는 맛집이어 그런지 거의 바로 나오더라고요. 회전율은 빠른편! 기본 반찬 김치와 깍두기 겨자 소스가 나오는데 겨자 소스가 고기에 찍어 먹으니 맛났으며 감자탕 소는 둘이 먹기에 괜찮은 양이었어요. 고기도 적당히 붙어 있고 야들야들 담백하니 맛있었으며 국물이 고소하면서 진한 감칠맛이 좋더라고요. 근데 개인적으로 막 찾아가서 먹을 정도는 아니였어요. 평범 한번 방문으로 만족! 지금도 곳곳에 매장이 있지만 저는 조마루감자탕 먹는 기분! 추가로 아쉬운점 소자가 감자 두개들어 있었고 가격에 비해 부실한 볶음밥,400,True,,,,성수동에서 감자탕 맛집하면 항상 나오는 곳! 저희는 평일 금요일 저녁 퇴근시간에 방문했는데도 2명이어서 그런지 큰 웨이팅 없이 10분 이내로 들어갔으며 기본적으로 넓은 외관과 감자탕 소 주문했는데 사람들이 많이 오는 맛집이어 그런지 거의 바로 나오더라고요. 회전율은 빠른편! 기본 반찬 김치와 깍두기 겨자 소스가 나오는데 겨자 소스가 고기에 찍어 먹으니 맛났으며 감자탕 소는 둘이 먹기에 괜찮은 양이었어요. 고기도 적당히 붙어 있고 야들야들 담백하니 맛있었으며 국물이 고소하면서 진한 감칠맛이 좋더라고요. 근데 개인적으로 막 찾아가서 먹을 정도는 아니였어요. 평범 한번 방문으로 만족! 지금도 곳곳에 매장이 있지만 저는 조마루감자탕 먹는 기분! 추가로 아쉬운점 소자가 감자 두개들어 있었고 가격에 비해 부실한 볶음밥,성수동에서 감자탕 맛집하면 항상 나오는 곳 EXCLAM 저희는 평일 금요일 저녁 퇴근시간에 방문했는데도 2명이어서 그런지 큰 웨이팅 없이 10분 이내로 들어갔으며 기본적으로 넓은 외관과 감자탕 소 주문했는데 사람들이 많이 오는 맛집이어 그런지 거의 바로 나오더라고요 회전율은 빠른편 EXCLAM 기본 반찬 김치와 깍두기 겨자 소스가 나오는데 겨자 소스가 고기에 찍어 먹으니 맛났으며 감자탕 소는 둘이 먹기에 괜찮은 양이었어요 고기도 적당히 붙어 있고 야들야들 담백하니 맛있었으며 국물이 고소하면서 진한 감칠맛이 좋더라고요 근데 개인적으로 막 찾아가서 먹을 정도는 아니였어요 평범 한번 방문으로 만족 EXCLAM 지금도 곳곳에 매장이 있지만 저는 조마루감자탕 먹는 기분 EXCLAM 추가로 아쉬운점 소자가 감자 두개들어 있었고 가격에 비해 부실한 볶음밥,0,0,0,0,1,0,1,400,"맛, 맛있, 양, 간, 고기, 면, 밥, 국물, 소스, 반찬, 김치, 감자탕"
kakao,이태리국시 성수,아자아자,172.0,2026-04-28,,,곱창파스타 맛있고 분위기 좋았어요~~,20,True,5.0,3.2,골드 레벨,곱창파스타 맛있고 분위기 좋았어요~~,곱창파스타 맛있고 분위기 좋았어요 TILDE,0,0,0,0,0,0,0,20,"맛, 맛있, 파스타"
naver,락희옥 마포본점,Summer Greens,1002.0,2026.03.29,1번째 방문,영수증,친구들 점심 모임으로 예약후 이용. 낮부터 술 마실 수 있는 곳이라 밥값이라기보다 안주 값임. 맛은 괜찮았고 가격대비 양은 조금 적은 느낌. 식사만 하러가긴 좀 그렇고 술 좋아하는 사람은 괜찮을 듯. 친절하시고 깨끗함. 주차 편함.,129,True,,,,친구들 점심 모임으로 예약후 이용. 낮부터 술 마실 수 있는 곳이라 밥값이라기보다 안주 값임. 맛은 괜찮았고 가격대비 양은 조금 적은 느낌. 식사만 하러가긴 좀 그렇고 술 좋아하는 사람은 괜찮을 듯. 친절하시고 깨끗함. 주차 편함.,친구들 점심 모임으로 예약후 이용 낮부터 술 마실 수 있는 곳이라 밥값이라기보다 안주 값임 맛은 괜찮았고 가격대비 양은 조금 적은 느낌 식사만 하러가긴 좀 그렇고 술 좋아하는 사람은 괜찮을 듯 친절하시고 깨끗함 주차 편함,0,0,0,0,0,0,0,129,"맛, 양, 밥"
kakao,이태리국시 성수,미정,1.0,2026-04-19,,,친구들이랑 만나서 점심먹으러왔어요 모임하기에 분위기도 좋고 음식도 맛있네요.,42,True,5.0,5.0,브론즈 레벨,친구들이랑 만나서 점심먹으러왔어요 모임하기에 분위기도 좋고 음식도 맛있네요.,친구들이랑 만나서 점심먹으러왔어요 모임하기에 분위기도 좋고 음식도 맛있네요,0,0,0,0,0,0,0,42,"맛, 맛있, 음식"
naver,소문난성수감자탕,옹혜,876.0,2025.10.18,3번째 방문,영수증,사람 많을 때는 포장이 답인 소문난성수감자탕 😚 매장에서도 먹어봤지만 포장해서 먹는 게 좋더라고요! 양도 많고 웨이팅 안 해도 되니까 굿 👍🏻 수제비까지 넣어서 먹으면 더 맛있으니 수제비 꼭 같이 드세요! 맛있고 자극적인 감자탕입니당 굿굿 😚💗,136,True,,,,사람 많을 때는 포장이 답인 소문난성수감자탕 😚 매장에서도 먹어봤지만 포장해서 먹는 게 좋더라고요! 양도 많고 웨이팅 안 해도 되니까 굿 👍🏻 수제비까지 넣어서 먹으면 더 맛있으니 수제비 꼭 같이 드세요! 맛있고 자극적인 감자탕입니당 굿굿 😚💗,사람 많을 때는 포장이 답인 소문난성수감자탕 매장에서도 먹어봤지만 포장해서 먹는 게 좋더라고요 EXCLAM 양도 많고 웨이팅 안 해도 되니까 굿 EMO_POS 수제비까지 넣어서 먹으면 더 맛있으니 수제비 꼭 같이 드세요 EXCLAM 맛있고 자극적인 감자탕입니당 굿굿 EMO_POS,1,0,0,0,1,0,0,136,"맛, 맛있, 양, 면, 감자탕"
kakao,할머니의레시피,맛집알려주께(팔로우하고맛있게드세요),14.0,2025-07-13,,,몇 달 전 주말 점심때 방문했어요. 타이밍 좋게 웨이팅 없었는데 제가 들어온 이후로 웨이팅 하시는 분들 조금 계셨어요. 직원들이 바빠서 조금 쌀쌀맞다고 느낄 수도 있지만 친절하시고 음식은 10분 이상 걸려서 나왔어요. 건강한 맛이에요. 간이 세지않고 맛있게 만들었어요.,150,False,4.0,3.7,실버 레벨,몇 달 전 주말 점심때 방문했어요. 타이밍 좋게 웨이팅 없었는데 제가 들어온 이후로 웨이팅 하시는 분들 조금 계셨어요. 직원들이 바빠서 조금 쌀쌀맞다고 느낄 수도 있지만 친절하시고 음식은 10분 이상 걸려서 나왔어요. 건강한 맛이에요. 간이 세지않고 맛있게 만들었어요.,몇 달 전 주말 점심때 방문했어요 타이밍 좋게 웨이팅 없었는데 제가 들어온 이후로 웨이팅 하시는 분들 조금 계셨어요 직원들이 바빠서 조금 쌀쌀맞다고 느낄 수도 있지만 친절하시고 음식은 10분 이상 걸려서 나왔어요 건강한 맛이에요 간이 세지않고 맛있게 만들었어요,0,0,0,0,0,0,1,150,"맛, 맛있, 음식, 간"
kakao,원조조박집 본관,호이,81.0,2025-02-25,,,돼지갈비가 진짜 맛있는데요. 굽느라 정신이 없어서 코로 들어가는지 입으로 들어가는지 모르겠어요. 그런데도 또 가는거 보면 맛집은 맛집.,75,True,4.0,3.5,실버 레벨,돼지갈비가 진짜 맛있는데요. 굽느라 정신이 없어서 코로 들어가는지 입으로 들어가는지 모르겠어요. 그런데도 또 가는거 보면 맛집은 맛집.,돼지갈비가 진짜 맛있는데요 굽느라 정신이 없어서 코로 들어가는지 입으로 들어가는지 모르겠어요 그런데도 또 가는거 보면 맛집은 맛집,0,0,0,0,0,0,0,75,"맛, 맛있, 면, 짜"
kakao,일등식당,이주원,45.0,2025-04-11,,,맛있습니다!! 고기가 너무 부드러웠어요😍 너무 자극적이지 않은 맛이 참 좋았어요. 직원분들도 너무 친절하셨고!! 가성비도 좋아서 재방문의사 있습니다!,83,True,5.0,4.7,실버 레벨,맛있습니다!! 고기가 너무 부드러웠어요😍 너무 자극적이지 않은 맛이 참 좋았어요. 직원분들도 너무 친절하셨고!! 가성비도 좋아서 재방문의사 있습니다!,맛있습니다 EXCLAM 고기가 너무 부드러웠어요 EMO_POS 너무 자극적이지 않은 맛이 참 좋았어요 직원분들도 너무 친절하셨고 EXCLAM 가성비도 좋아서 재방문의사 있습니다 EXCLAM,1,0,0,0,1,0,0,83,"맛, 맛있, 고기"
kakao,장인닭갈비 홍대점,포실,43.0,2025-01-14,,,홍대역 앞이라 우연히 들어가봤는데 백프로 국내산 닭갈비라 더 맛잇는듯~~,40,True,5.0,4.9,실버 레벨,홍대역 앞이라 우연히 들어가봤는데 백프로 국내산 닭갈비라 더 맛잇는듯~~,홍대역 앞이라 우연히 들어가봤는데 백프로 국내산 닭갈비라 더 맛잇는듯 TILDE,0,0,0,0,0,0,0,40,맛
naver,쭌곱창,Hahajung,33.0,2025.10.31,1번째 방문,영수증,사장님이 누무 친절하세요 쌈까지 싸주셨어요ㅌㅋㅋㅋ가성빋ㅎ 좋고 다른 곱창집과 다르게 소스도 많아서 자주옵니당 ㅎㅎㅎ,64,True,,,,사장님이 누무 친절하세요 쌈까지 싸주셨어요ㅌㅋㅋㅋ가성빋ㅎ 좋고 다른 곱창집과 다르게 소스도 많아서 자주옵니당 ㅎㅎㅎ,사장님이 누무 친절하세요 쌈까지 싸주셨어요 가성빋 좋고 다른 곱창집과 다르게 소스도 많아서 자주옵니당,0,0,0,0,0,0,0,64,소스
naver,쭌곱창,gka****,11.0,2026.03.10,1번째 방문,영수증,진짜 여기 찐 맛집!!!! 자주 올게여,21,True,,,,진짜 여기 찐 맛집!!!! 자주 올게여,진짜 여기 찐 맛집 EXCLAM 자주 올게여,0,0,0,0,1,0,0,21,"맛, 짜"
kakao,소문난성수감자탕,곰돌이,11.0,2025-05-11,,,맛도 평범하고 크게 특별한 곳이 없는데 왜 유명한지 모르겠어요 사람도 너무 많고 좌석 간격이 좁아서 직원분들 감자탕 냄비 서빙할 때마다 불안하고 의자에 걸어둔 코트나 가방은 계속 떨어지고 ㅠㅠ 외국인 관광객이 많아 엄청 시끄러워요,128,False,3.0,4.5,브론즈 레벨,맛도 평범하고 크게 특별한 곳이 없는데 왜 유명한지 모르겠어요 사람도 너무 많고 좌석 간격이 좁아서 직원분들 감자탕 냄비 서빙할 때마다 불안하고 의자에 걸어둔 코트나 가방은 계속 떨어지고 ㅠㅠ 외국인 관광객이 많아 엄청 시끄러워요,맛도 평범하고 크게 특별한 곳이 없는데 왜 유명한지 모르겠어요 사람도 너무 많고 좌석 간격이 좁아서 직원분들 감자탕 냄비 서빙할 때마다 불안하고 의자에 걸어둔 코트나 가방은 계속 떨어지고 외국인 관광객이 많아 엄청 시끄러워요,0,0,0,1,0,0,0,128,"맛, 간, 감자탕"
naver,뼈탄집 성수역점,bean6355,35.0,2026.04.09,1번째 방문,영수증,줄이 길어서 전부터 오고싶었는데 왜 인기있는지 알거같아요 직원분들도 너무 친절하시고 고기도 다 구워주셔서 편하고 맛있게 먹을 수 있었어요 다음에도 또 방문할게요 ❤️,92,True,,,,줄이 길어서 전부터 오고싶었는데 왜 인기있는지 알거같아요 직원분들도 너무 친절하시고 고기도 다 구워주셔서 편하고 맛있게 먹을 수 있었어요 다음에도 또 방문할게요 ❤️,줄이 길어서 전부터 오고싶었는데 왜 인기있는지 알거같아요 직원분들도 너무 친절하시고 고기도 다 구워주셔서 편하고 맛있게 먹을 수 있었어요 다음에도 또 방문할게요 EMO_POS,1,0,0,0,0,0,0,92,"맛, 맛있, 고기"
naver,금금 성수점,smile23,36.0,2026.03.03,1번째 방문,영수증,보리된장국수 넘 맛있네요!! 다른 메뉴들도 맛있어보여서 고민하다가 선택했는데 아주 탁월한 선택이었던 것 같아요! 소스가 독특하면서 잘 어우러져서 아주 특별하고 맛있는 한끼를 먹은 것 같아서 기분이 좋네요! 다음에 또 먹으러 오겠습니다~~ 수육 서비스까지 최고에요!,147,True,,,,보리된장국수 넘 맛있네요!! 다른 메뉴들도 맛있어보여서 고민하다가 선택했는데 아주 탁월한 선택이었던 것 같아요! 소스가 독특하면서 잘 어우러져서 아주 특별하고 맛있는 한끼를 먹은 것 같아서 기분이 좋네요! 다음에 또 먹으러 오겠습니다~~ 수육 서비스까지 최고에요!,보리된장국수 넘 맛있네요 EXCLAM 다른 메뉴들도 맛있어보여서 고민하다가 선택했는데 아주 탁월한 선택이었던 것 같아요 EXCLAM 소스가 독특하면서 잘 어우러져서 아주 특별하고 맛있는 한끼를 먹은 것 같아서 기분이 좋네요 EXCLAM 다음에 또 먹으러 오겠습니다 TILDE 수육 서비스까지 최고에요 EXCLAM,0,0,0,0,1,0,0,147,"맛, 맛있, 메뉴, 면, 소스"
kakao,원조조박집 본관,Jimmy Ryoo,13.0,2025-03-01,,,고기맛만 보면 여길넘는곳 많이 없어보임.,22,True,4.0,3.2,실버 레벨,고기맛만 보면 여길넘는곳 많이 없어보임.,고기맛만 보면 여길넘는곳 많이 없어보임,0,0,0,0,0,0,0,22,"맛, 고기, 면"
naver,쭌곱창,sun****,2.0,2026.04.04,1번째 방문,영수증,오래전에 왔는데 여전히 같은 맛 유지해주셔서 감사합니다 맛있어요~^^,38,True,,,,오래전에 왔는데 여전히 같은 맛 유지해주셔서 감사합니다 맛있어요~^^,오래전에 왔는데 여전히 같은 맛 유지해주셔서 감사합니다 맛있어요,0,0,0,0,0,0,0,38,"맛, 맛있"
naver,금금 성수점,oㅇVㅇo,19.0,2026.04.04,1번째 방문,영수증,퓨전 한식이라 익숙한 맛+색다른 맛이에요! 한국분들도 외국인 분들도 맛있게 먹을 수 있을 것같아요! 알림 받기 하셔서 묵은지 말이 꼭 드세요!,79,True,,,,퓨전 한식이라 익숙한 맛+색다른 맛이에요! 한국분들도 외국인 분들도 맛있게 먹을 수 있을 것같아요! 알림 받기 하셔서 묵은지 말이 꼭 드세요!,퓨전 한식이라 익숙한 맛 색다른 맛이에요 EXCLAM 한국분들도 외국인 분들도 맛있게 먹을 수 있을 것같아요 EXCLAM 알림 받기 하셔서 묵은지 말이 꼭 드세요 EXCLAM,0,0,0,0,1,0,0,79,"맛, 맛있"
naver,금금 성수점,리뷰를써,29.0,2026.02.23,1번째 방문,영수증,평일 월요일 1시쯤 방문했는데 30분 정도 웨이팅 했어요! 그래도 근처에 할 거 많으니까 시간도 잘 가서 기다릴만 했어요! 음식들은 전체적으로 너무 맛있었습니다 특별한 메뉴 많아요 굳!,103,True,,,,평일 월요일 1시쯤 방문했는데 30분 정도 웨이팅 했어요! 그래도 근처에 할 거 많으니까 시간도 잘 가서 기다릴만 했어요! 음식들은 전체적으로 너무 맛있었습니다 특별한 메뉴 많아요 굳!,평일 월요일 1시쯤 방문했는데 30분 정도 웨이팅 했어요 EXCLAM 그래도 근처에 할 거 많으니까 시간도 잘 가서 기다릴만 했어요 EXCLAM 음식들은 전체적으로 너무 맛있었습니다 특별한 메뉴 많아요 굳 EXCLAM,0,0,0,0,1,0,1,103,"맛, 맛있, 메뉴, 음식, 간"
naver,소문난성수감자탕,칼라마님,2636.0,2026.04.11,2번째 방문,영수증,이사 안간대요!!!,10,False,,,,이사 안간대요!!!,이사 안간대요 EXCLAM,0,0,0,0,1,0,0,10,간
kakao,을밀대 본점,ㅡㅡ,44.0,2025-02-28,,,"예전부터 평양냉면 맛집 하면 언급되는 노포 중 하나인 을밀대에 다녀왔습니다. 토요일 6시에 도착했는데 가게 앞에 대기하는 사람이 10여명 정도 있었네요. 2월에도 이렇게 밀리는데 여름에는 대체 얼마나 밀릴지 짐작이 안 갈 정도입니다. 사실 평양냉면 맛이라고 하면, 좋게 말하면 슴슴하고 깔끔한데, 나쁘게 말하면 밍밍하다고 표현하지요. 예전에 몇몇 가게들 또한 그런 느낌이었는데, 을밀대는 그래도 육수 맛이 비교적 진하게 느껴졌습니다. 물론 공장제 육수처럼 짭짤하고 시큼한 맛을 기대하고 가면 안 됩니다. 거냉(얼음 빼고), 양마니(곱빼기), 오이 빼고 주문했습니다. 가격은 보통과 똑같은데 양을 정말 많이 주셨어요. 다음에는 녹두전도 시켜봐야겠습니다. 그리고 3월부터 가격이 오른다네요. 메뉴판 사진 속 가격이 3월부터 적용되는 가격입니다. 참고하시길.",421,False,5.0,4.8,실버 레벨,"예전부터 평양냉면 맛집 하면 언급되는 노포 중 하나인 을밀대에 다녀왔습니다. 토요일 6시에 도착했는데 가게 앞에 대기하는 사람이 10여명 정도 있었네요. 2월에도 이렇게 밀리는데 여름에는 대체 얼마나 밀릴지 짐작이 안 갈 정도입니다. 사실 평양냉면 맛이라고 하면, 좋게 말하면 슴슴하고 깔끔한데, 나쁘게 말하면 밍밍하다고 표현하지요. 예전에 몇몇 가게들 또한 그런 느낌이었는데, 을밀대는 그래도 육수 맛이 비교적 진하게 느껴졌습니다. 물론 공장제 육수처럼 짭짤하고 시큼한 맛을 기대하고 가면 안 됩니다. 거냉(얼음 빼고), 양마니(곱빼기), 오이 빼고 주문했습니다. 가격은 보통과 똑같은데 양을 정말 많이 주셨어요. 다음에는 녹두전도 시켜봐야겠습니다. 그리고 3월부터 가격이 오른다네요. 메뉴판 사진 속 가격이 3월부터 적용되는 가격입니다. 참고하시길.",예전부터 평양냉면 맛집 하면 언급되는 노포 중 하나인 을밀대에 다녀왔습니다 토요일 6시에 도착했는데 가게 앞에 대기하는 사람이 10여명 정도 있었네요 2월에도 이렇게 밀리는데 여름에는 대체 얼마나 밀릴지 짐작이 안 갈 정도입니다 사실 평양냉면 맛이라고 하면 좋게 말하면 슴슴하고 깔끔한데 나쁘게 말하면 밍밍하다고 표현하지요 예전에 몇몇 가게들 또한 그런 느낌이었는데 을밀대는 그래도 육수 맛이 비교적 진하게 느껴졌습니다 물론 공장제 육수처럼 짭짤하고 시큼한 맛을 기대하고 가면 안 됩니다 거냉 얼음 빼고 양마니 곱빼기 오이 빼고 주문했습니다 가격은 보통과 똑같은데 양을 정말 많이 주셨어요 다음에는 녹두전도 시켜봐야겠습니다 그리고 3월부터 가격이 오른다네요 메뉴판 사진 속 가격이 3월부터 적용되는 가격입니다 참고하시길,0,0,0,0,0,0,1,421,"맛, 메뉴, 양, 면, 냉면"
naver,원조 조박집 본관,apo****,1543.0,2026.03.26,1번째 방문,영수증,특별한 돼지고기 맛이 였습니다 변하지 않는 25년 단골손님의 소개로 갔는데 예전 그맛 그대로라 하네요 반찬도 맛깔 스럽고 직접만드신 식혜한잔에 만족값 100배 였습니다,93,True,,,,특별한 돼지고기 맛이 였습니다 변하지 않는 25년 단골손님의 소개로 갔는데 예전 그맛 그대로라 하네요 반찬도 맛깔 스럽고 직접만드신 식혜한잔에 만족값 100배 였습니다,특별한 돼지고기 맛이 였습니다 변하지 않는 25년 단골손님의 소개로 갔는데 예전 그맛 그대로라 하네요 반찬도 맛깔 스럽고 직접만드신 식혜한잔에 만족값 100배 였습니다,0,0,0,0,0,0,1,93,"맛, 고기, 반찬"
naver,태양곱창 성수점,daw****,45.0,2026.03.26,1번째 방문,영수증,국물이 엄청 맛있어요!! 그리고 소자인데 곱창 양 보이시나요 엄청 양도 많고 굿굿 또 올거에욤,52,True,,,,국물이 엄청 맛있어요!! 그리고 소자인데 곱창 양 보이시나요 엄청 양도 많고 굿굿 또 올거에욤,국물이 엄청 맛있어요 EXCLAM 그리고 소자인데 곱창 양 보이시나요 엄청 양도 많고 굿굿 또 올거에욤,0,0,0,0,1,0,0,52,"맛, 맛있, 양, 국물"
naver,락희옥 마포본점,외계사람,18.0,2025.11.11,1번째 방문,영수증,맛있어요 고기냄새 안나고 1인 먹기 배불러요 혼밥식사도 편히할수있어요,38,False,,,,맛있어요 고기냄새 안나고 1인 먹기 배불러요 혼밥식사도 편히할수있어요,맛있어요 고기냄새 안나고 1인 먹기 배불러요 혼밥식사도 편히할수있어요,0,0,0,0,0,0,1,38,"맛, 맛있, 고기, 밥"
naver,일등식당,뀨81,820.0,2026.01.11,1번째 방문,영수증,가격도 착하고 맛나요♡,12,True,,,,가격도 착하고 맛나요♡,가격도 착하고 맛나요 EMO_POS,1,0,0,0,0,0,0,12,맛
naver,보끔당 성수점,rwanon,33.0,2026.02.22,1번째 방문,영수증,성수역 인근에 왔다가 처음 방문했습니다. 매장 깔끔하고 음식도 맛깔스럽네요. 양도 푸짐해서 맛있게 잘 먹었습니다.,63,True,,,,성수역 인근에 왔다가 처음 방문했습니다. 매장 깔끔하고 음식도 맛깔스럽네요. 양도 푸짐해서 맛있게 잘 먹었습니다.,성수역 인근에 왔다가 처음 방문했습니다 매장 깔끔하고 음식도 맛깔스럽네요 양도 푸짐해서 맛있게 잘 먹었습니다,0,0,0,0,0,0,0,63,"맛, 맛있, 음식, 양"
naver,장인닭갈비 홍대점,수혈은커피로해주세요,15.0,2026.04.14,1번째 방문,영수증,늦은점심으로 닭갈비먹으러왔어요! 양도 많구 매장도 식기도 깨끗하고 밖이 살짝 더웠는데 에어컨이 켜져있어서 너무 쾌적하게 식사했어요!!,74,True,,,,늦은점심으로 닭갈비먹으러왔어요! 양도 많구 매장도 식기도 깨끗하고 밖이 살짝 더웠는데 에어컨이 켜져있어서 너무 쾌적하게 식사했어요!!,늦은점심으로 닭갈비먹으러왔어요 EXCLAM 양도 많구 매장도 식기도 깨끗하고 밖이 살짝 더웠는데 에어컨이 켜져있어서 너무 쾌적하게 식사했어요 EXCLAM,0,0,0,0,1,0,0,74,양
naver,을밀대 평양냉면,피아니시모안단테,212.0,2025.06.17,1번째 방문,영수증,"화요일 11시 38분부터 줄 서기 시작해서 30분정도 기다린 후 입장했습니다. 전에 을밀대 강남점 가봤었는데, 본점은 본점인 것 같습니다.. 주문 시 얼음 빼달라고 할 수 있어요. 너무 오랜만에 와서 얼음 있는 버전으로 달라고 했습니다. 고기가 크게 2조각 있어구요. 녹두전도 맛있네요ㅠ 면 다 먹는 동안 얼음이 녹아서 2가지 맛이 느껴지는ㅁ 묘미 (?) 가 있습니다만 제 취향은 얼음없는 버전이라 다음에 오면 얼음없이 주문하려구요!!!",244,True,,,,"화요일 11시 38분부터 줄 서기 시작해서 30분정도 기다린 후 입장했습니다. 전에 을밀대 강남점 가봤었는데, 본점은 본점인 것 같습니다.. 주문 시 얼음 빼달라고 할 수 있어요. 너무 오랜만에 와서 얼음 있는 버전으로 달라고 했습니다. 고기가 크게 2조각 있어구요. 녹두전도 맛있네요ㅠ 면 다 먹는 동안 얼음이 녹아서 2가지 맛이 느껴지는ㅁ 묘미 (?) 가 있습니다만 제 취향은 얼음없는 버전이라 다음에 오면 얼음없이 주문하려구요!!!",화요일 11시 38분부터 줄 서기 시작해서 30분정도 기다린 후 입장했습니다 전에 을밀대 강남점 가봤었는데 본점은 본점인 것 같습니다 주문 시 얼음 빼달라고 할 수 있어요 너무 오랜만에 와서 얼음 있는 버전으로 달라고 했습니다 고기가 크게 2조각 있어구요 녹두전도 맛있네요 면 다 먹는 동안 얼음이 녹아서 2가지 맛이 느껴지는 묘미 QUESTION 가 있습니다만 제 취향은 얼음없는 버전이라 다음에 오면 얼음없이 주문하려구요 EXCLAM,0,0,0,0,1,1,1,244,"맛, 맛있, 고기, 면"
naver,능동미나리 성수지점,산에별하나,152.0,2025.12.21,1번째 방문,영수증,"줄서서 먹는 맛집이라 아점겸 일찍 갔더니 줄없이 바로 입장하여 먹었어요 육전 반접시, 곰탕 시켰는데 옆테이블에서 육회비빔밥이 맛있다네요 곰탕은 호불호가 있을것같아요 미나리 특유향이 싫다면 비빔밥 먹기를 추천하고싶네요 비빔밥을 못먹은것이 아쉽습니다",137,True,,,,"줄서서 먹는 맛집이라 아점겸 일찍 갔더니 줄없이 바로 입장하여 먹었어요 육전 반접시, 곰탕 시켰는데 옆테이블에서 육회비빔밥이 맛있다네요 곰탕은 호불호가 있을것같아요 미나리 특유향이 싫다면 비빔밥 먹기를 추천하고싶네요 비빔밥을 못먹은것이 아쉽습니다",줄서서 먹는 맛집이라 아점겸 일찍 갔더니 줄없이 바로 입장하여 먹었어요 육전 반접시 곰탕 시켰는데 옆테이블에서 육회비빔밥이 맛있다네요 곰탕은 호불호가 있을것같아요 미나리 특유향이 싫다면 비빔밥 먹기를 추천하고싶네요 비빔밥을 못먹은것이 아쉽습니다,0,0,0,0,0,0,0,137,"맛, 맛있, 면, 밥"
naver,각시보쌈,치즈케키48,138.0,2025.06.07,1번째 방문,영수증,보쌈이 야들야들하고 맛있어요 정식이 정말 푸짐하고 훌륭합니다 회식이나 가족모임으로 또 와야겠어요,53,True,,,,보쌈이 야들야들하고 맛있어요 정식이 정말 푸짐하고 훌륭합니다 회식이나 가족모임으로 또 와야겠어요,보쌈이 야들야들하고 맛있어요 정식이 정말 푸짐하고 훌륭합니다 회식이나 가족모임으로 또 와야겠어요,0,0,0,0,0,0,0,53,"맛, 맛있, 보쌈"
naver,장인닭갈비 홍대점,Dd50,2.0,2026.04.04,1번째 방문,영수증,음식이 준비되는데 시간이 좀 걸렸지만 직원 분들도 너무 친절하세요. 그리고 안내견도 들어오는 모습이 너무 좋아요. 번창하세요!!,71,True,,,,음식이 준비되는데 시간이 좀 걸렸지만 직원 분들도 너무 친절하세요. 그리고 안내견도 들어오는 모습이 너무 좋아요. 번창하세요!!,음식이 준비되는데 시간이 좀 걸렸지만 직원 분들도 너무 친절하세요 그리고 안내견도 들어오는 모습이 너무 좋아요 번창하세요 EXCLAM,0,0,0,0,1,0,0,71,"음식, 간"
kakao,보끔당 성수점,포요요,1.0,2026-02-25,,,묵은지순살 맛있었는데 묵은지가 생각보다 꽤 셔요 ㅜ 일반을 더 추천드립니다 🥰🥰 #보끔당 #보끔당닭볶음탕 #보끔당성수,65,False,5.0,5.0,브론즈 레벨,묵은지순살 맛있었는데 묵은지가 생각보다 꽤 셔요 ㅜ 일반을 더 추천드립니다 🥰🥰 #보끔당 #보끔당닭볶음탕 #보끔당성수,묵은지순살 맛있었는데 묵은지가 생각보다 꽤 셔요 일반을 더 추천드립니다 EMO_POS EMO_POS 보끔당 보끔당닭볶음탕 보끔당성수,1,0,0,0,0,0,0,65,"맛, 맛있"
naver,락희옥 마포본점,써니158,1032.0,2025.12.14,1번째 방문,영수증,음식이 깔끔하고 맛있어요 보쌈고기 엄청부드럽고 같이나온 김치도 맛있고~새우젓도 맛있어요.굴무침도 새콤하니 맛있어요 음식종류도 많네요,73,True,,,,음식이 깔끔하고 맛있어요 보쌈고기 엄청부드럽고 같이나온 김치도 맛있고~새우젓도 맛있어요.굴무침도 새콤하니 맛있어요 음식종류도 많네요,음식이 깔끔하고 맛있어요 보쌈고기 엄청부드럽고 같이나온 김치도 맛있고 새우젓도 맛있어요 굴무침도 새콤하니 맛있어요 음식종류도 많네요,0,0,0,0,0,0,0,73,"맛, 맛있, 음식, 고기, 김치, 보쌈"
naver,옥동식,rhthal2020,49.0,2026.01.28,1번째 방문,영수증,옥동식 맛있어요👍,9,True,,,,옥동식 맛있어요👍,옥동식 맛있어요 EMO_POS,1,0,0,0,0,0,0,9,"맛, 맛있"
naver,금금 성수점,pokezzang33,32.0,2026.03.28,1번째 방문,영수증,아이와 성수 나들이 와서 처음 먹은 곳!! 한식 + 고기 먹이고 싶은 마음에 찾아왔는데 너무 잘 먹었습니다! 아이도 너무 잘먹고 어른도 잘먹어서 메뉴 사진 하나 찍고 뒤에는 먹느라 사진 찍는것도 잊고 먹었네요!,117,True,,,,아이와 성수 나들이 와서 처음 먹은 곳!! 한식 + 고기 먹이고 싶은 마음에 찾아왔는데 너무 잘 먹었습니다! 아이도 너무 잘먹고 어른도 잘먹어서 메뉴 사진 하나 찍고 뒤에는 먹느라 사진 찍는것도 잊고 먹었네요!,아이와 성수 나들이 와서 처음 먹은 곳 EXCLAM 한식 고기 먹이고 싶은 마음에 찾아왔는데 너무 잘 먹었습니다 EXCLAM 아이도 너무 잘먹고 어른도 잘먹어서 메뉴 사진 하나 찍고 뒤에는 먹느라 사진 찍는것도 잊고 먹었네요 EXCLAM,0,0,0,0,1,0,0,117,"메뉴, 고기"
naver,홍대 육지,복북복복,54.0,2026.03.03,1번째 방문,영수증,"홍대, 합정 고기는 여기입니다!! 어디서도 맛 볼 수 없던 메뉴를 맛 볼 수 있어서 좋았어요 된장찌개 고기도 넉넉하고 깔끔하니 정말 맛있게 잘 먹었네여!!",86,True,,,,"홍대, 합정 고기는 여기입니다!! 어디서도 맛 볼 수 없던 메뉴를 맛 볼 수 있어서 좋았어요 된장찌개 고기도 넉넉하고 깔끔하니 정말 맛있게 잘 먹었네여!!",홍대 합정 고기는 여기입니다 EXCLAM 어디서도 맛 볼 수 없던 메뉴를 맛 볼 수 있어서 좋았어요 된장찌개 고기도 넉넉하고 깔끔하니 정말 맛있게 잘 먹었네여 EXCLAM,0,0,0,0,1,0,0,86,"맛, 맛있, 메뉴, 고기"
kakao,일등식당,서준,125.0,2025-01-03,,,국물이 깔끔한듯 밍밍한 평범한 맛,18,False,3.0,3.4,실버 레벨,국물이 깔끔한듯 밍밍한 평범한 맛,국물이 깔끔한듯 밍밍한 평범한 맛,0,0,0,0,0,0,0,18,"맛, 국물"
naver,육산장 홍대본점,rhk****,1.0,2026.03.21,1번째 방문,영수증,너무너무 맛있어요 담에 또 올 예정 ㅎㅎㅎ 분위기 짱입니당,32,True,,,,너무너무 맛있어요 담에 또 올 예정 ㅎㅎㅎ 분위기 짱입니당,너무너무 맛있어요 담에 또 올 예정 분위기 짱입니당,0,0,0,0,0,0,0,32,"맛, 맛있"
naver,금금 성수점,윤서6535,30.0,2026.04.10,1번째 방문,영수증,고기도 많이 들어있고 맛있어용 버섯 싫어해서 하나는 빼달라고 미리 말씀드렸더니 빼고 해주셨습니당!! 가게도 깔끔하고 좋았어유,69,True,,,,고기도 많이 들어있고 맛있어용 버섯 싫어해서 하나는 빼달라고 미리 말씀드렸더니 빼고 해주셨습니당!! 가게도 깔끔하고 좋았어유,고기도 많이 들어있고 맛있어용 버섯 싫어해서 하나는 빼달라고 미리 말씀드렸더니 빼고 해주셨습니당 EXCLAM 가게도 깔끔하고 좋았어유,0,0,0,0,1,0,0,69,"맛, 맛있, 고기"
kakao,육산장 홍대본점,윤채은,1.0,2025-12-06,,,맛있고 분위기가 너무 좋아요!!,17,True,5.0,5.0,브론즈 레벨,맛있고 분위기가 너무 좋아요!!,맛있고 분위기가 너무 좋아요 EXCLAM,0,0,0,0,1,0,0,17,"맛, 맛있"
kakao,육산장 홍대본점,최석우,1.0,2026-01-18,,,분위기도 너무 좋고 맛있어요!,16,True,5.0,5.0,브론즈 레벨,분위기도 너무 좋고 맛있어요!,분위기도 너무 좋고 맛있어요 EXCLAM,0,0,0,0,1,0,0,16,"맛, 맛있"
naver,성수족발,맛집이좋아요 진짜로,878.0,2025.10.29,1번째 방문,영수증,아주 맛나요! 분명히 이곳은 와야합니다!!,23,True,,,,아주 맛나요! 분명히 이곳은 와야합니다!!,아주 맛나요 EXCLAM 분명히 이곳은 와야합니다 EXCLAM,0,0,0,0,1,0,0,23,맛
naver,육산장 홍대본점,꽁아꿍,55.0,2026.03.20,1번째 방문,영수증,가족들과 저녁먹으러왔어요ㅎㅎ고기도 사이드메뉴들도 너무 맛나고 마음에 들어요 ♥️👍🏻!,47,True,,,,가족들과 저녁먹으러왔어요ㅎㅎ고기도 사이드메뉴들도 너무 맛나고 마음에 들어요 ♥️👍🏻!,가족들과 저녁먹으러왔어요 고기도 사이드메뉴들도 너무 맛나고 마음에 들어요 EMO_POS EMO_POS EXCLAM,1,0,0,0,1,0,0,47,"맛, 메뉴, 고기"
naver,장인닭갈비 홍대점,유리배54,17.0,2026.02.12,1번째 방문,영수증,홍대 가면 자주 들르는 곳이에요 맛있고 양도 많고 직원들이 친절해요 야채도 셀프로 먹을 수 있어서 좋아요,58,True,,,,홍대 가면 자주 들르는 곳이에요 맛있고 양도 많고 직원들이 친절해요 야채도 셀프로 먹을 수 있어서 좋아요,홍대 가면 자주 들르는 곳이에요 맛있고 양도 많고 직원들이 친절해요 야채도 셀프로 먹을 수 있어서 좋아요,0,0,0,0,0,0,0,58,"맛, 맛있, 양, 면"
kakao,육지,문준호,1.0,2025-07-19,,,여기는 고기 구워주고 맛도 좋고 친절하기까지~ 합정 오면 꼭 들러보세요~~별5개추천입니다~!!,52,True,5.0,5.0,브론즈 레벨,여기는 고기 구워주고 맛도 좋고 친절하기까지~ 합정 오면 꼭 들러보세요~~별5개추천입니다~!!,여기는 고기 구워주고 맛도 좋고 친절하기까지 합정 오면 꼭 들러보세요 TILDE 별5개추천입니다 EXCLAM,0,0,0,0,1,0,1,52,"맛, 고기, 면"
kakao,마포양지설렁탕 도화점,ss,25.0,2025-08-02,,,김치 신선하지 않음. 미지근함 설렁탕이 맛있는 것도 아니고... 반찬이 신선하고 다양한 것도 아니고 설렁탕 보통이 무려 14000원 손님이 매장에 들어가도 인사도 안함,93,True,1.0,1.0,실버 레벨,김치 신선하지 않음. 미지근함 설렁탕이 맛있는 것도 아니고... 반찬이 신선하고 다양한 것도 아니고 설렁탕 보통이 무려 14000원 손님이 매장에 들어가도 인사도 안함,김치 신선하지 않음 미지근함 설렁탕이 맛있는 것도 아니고 반찬이 신선하고 다양한 것도 아니고 설렁탕 보통이 무려 14000원 손님이 매장에 들어가도 인사도 안함,0,0,0,0,0,0,1,93,"맛, 맛있, 양, 반찬, 김치"
kakao,뼈탄집 성수역점,홍서현,1.0,2026-01-01,,,가족과 함께 뼈탄집 성수에 방문했습니다 고기 퀄리티도 좋고 매장 분위기도 아주 쾌적했어요 특히 고기를 직접 구워주셔서 아주 편하고 맛있게 먹었습니다,82,True,4.0,4.0,브론즈 레벨,가족과 함께 뼈탄집 성수에 방문했습니다 고기 퀄리티도 좋고 매장 분위기도 아주 쾌적했어요 특히 고기를 직접 구워주셔서 아주 편하고 맛있게 먹었습니다,가족과 함께 뼈탄집 성수에 방문했습니다 고기 퀄리티도 좋고 매장 분위기도 아주 쾌적했어요 특히 고기를 직접 구워주셔서 아주 편하고 맛있게 먹었습니다,0,0,0,0,0,0,0,82,"맛, 맛있, 고기"
kakao,굴다리식당,개똥이말똥이,89.0,2025-03-29,,,"2020년 어느때 저한테는 최고의 김치찌게 집중에 하나입니다 혼자 가서 먹어도 눈치 보일일도 없고 십년전이나 똑같은 맛과 서비스, 그리고 단골들은 아시겠지만 여기 히필 가능합니다 ㅋㅋㅋ 매우 추천합니다. 근데 평가보니 호불호가 갈리는군요... 2025년 재방문 하도 악플이 많길래 정말 많이 변한건지 걱정했는데.. 그냥 여전합니다 스타일 똑같습니다. 옛날 맛 그대로고 좋아하시는 분은 드시고 싫어하시는 분은 안가면 될 듯요. 저는 또 언제 올지 모르겠지만 리필도 한번해서 정말 잘 먹고 갑니다 더럽다고 하는데 회전율이 높아서 그러는지 몰라도 깔끔합니다. 친절은 기대하지 마세요. 그런거 모르는 곳이에요. 사장 할머니가 20년전에도 같으셨는데 아마 돌아가시면 그땐 변할까 싶네요 좋은 싫든 한결 같다는 측면에서 매우 감사한 마음입니다. 제 첫 직장에서 맛있게 먹었던 김치찌게의 추억이 깃든 곳.",443,False,5.0,3.5,골드 레벨,"2020년 어느때 저한테는 최고의 김치찌게 집중에 하나입니다 혼자 가서 먹어도 눈치 보일일도 없고 십년전이나 똑같은 맛과 서비스, 그리고 단골들은 아시겠지만 여기 히필 가능합니다 ㅋㅋㅋ 매우 추천합니다. 근데 평가보니 호불호가 갈리는군요... 2025년 재방문 하도 악플이 많길래 정말 많이 변한건지 걱정했는데.. 그냥 여전합니다 스타일 똑같습니다. 옛날 맛 그대로고 좋아하시는 분은 드시고 싫어하시는 분은 안가면 될 듯요. 저는 또 언제 올지 모르겠지만 리필도 한번해서 정말 잘 먹고 갑니다 더럽다고 하는데 회전율이 높아서 그러는지 몰라도 깔끔합니다. 친절은 기대하지 마세요. 그런거 모르는 곳이에요. 사장 할머니가 20년전에도 같으셨는데 아마 돌아가시면 그땐 변할까 싶네요 좋은 싫든 한결 같다는 측면에서 매우 감사한 마음입니다. 제 첫 직장에서 맛있게 먹었던 김치찌게의 추억이 깃든 곳.",2020년 어느때 저한테는 최고의 김치찌게 집중에 하나입니다 혼자 가서 먹어도 눈치 보일일도 없고 십년전이나 똑같은 맛과 서비스 그리고 단골들은 아시겠지만 여기 히필 가능합니다 매우 추천합니다 근데 평가보니 호불호가 갈리는군요 2025년 재방문 하도 악플이 많길래 정말 많이 변한건지 걱정했는데 그냥 여전합니다 스타일 똑같습니다 옛날 맛 그대로고 좋아하시는 분은 드시고 싫어하시는 분은 안가면 될 듯요 저는 또 언제 올지 모르겠지만 리필도 한번해서 정말 잘 먹고 갑니다 더럽다고 하는데 회전율이 높아서 그러는지 몰라도 깔끔합니다 친절은 기대하지 마세요 그런거 모르는 곳이에요 사장 할머니가 20년전에도 같으셨는데 아마 돌아가시면 그땐 변할까 싶네요 좋은 싫든 한결 같다는 측면에서 매우 감사한 마음입니다 제 첫 직장에서 맛있게 먹었던 김치찌게의 추억이 깃든 곳,0,0,0,0,0,0,1,443,"맛, 맛있, 면, 김치"
naver,쭌곱창,ekd****,20.0,2026.03.17,1번째 방문,영수증,사장님께서 불쇼도 해주시고 맛있게 먹는방법도 설명해주셔서 파인다이닝에 온 것 같은 느낌이 들었어요!!💖 무조건 단골 예약이에요! 정말 맛있고 양도 많고 소스도 다양해서 여러가지 맛을 동시에 느낄수 있어서 강추입니당!🧡,121,True,,,,사장님께서 불쇼도 해주시고 맛있게 먹는방법도 설명해주셔서 파인다이닝에 온 것 같은 느낌이 들었어요!!💖 무조건 단골 예약이에요! 정말 맛있고 양도 많고 소스도 다양해서 여러가지 맛을 동시에 느낄수 있어서 강추입니당!🧡,사장님께서 불쇼도 해주시고 맛있게 먹는방법도 설명해주셔서 파인다이닝에 온 것 같은 느낌이 들었어요 EXCLAM EMO_POS 무조건 단골 예약이에요 EXCLAM 정말 맛있고 양도 많고 소스도 다양해서 여러가지 맛을 동시에 느낄수 있어서 강추입니당 EXCLAM EMO_POS,1,0,0,0,1,0,0,121,"맛, 맛있, 양, 소스"
naver,뼈탄집 성수역점,mand****,46.0,2026.04.05,2번째 방문,영수증,전에. 한번 소개로 왓다가.. 이번엔 제가 친구를 데리고 다시 방문. 고기도 맛잇지만 직원분들도 친절하시고.. 분위기 좋구.. 성수오면 생각나는집임...,85,True,,,,전에. 한번 소개로 왓다가.. 이번엔 제가 친구를 데리고 다시 방문. 고기도 맛잇지만 직원분들도 친절하시고.. 분위기 좋구.. 성수오면 생각나는집임...,전에 한번 소개로 왓다가 이번엔 제가 친구를 데리고 다시 방문 고기도 맛잇지만 직원분들도 친절하시고 분위기 좋구 성수오면 생각나는집임,0,0,0,0,0,0,0,85,"맛, 고기, 면"
naver,금금 성수점,남40,17.0,2026.04.14,1번째 방문,영수증,두번째 방문입니다! 메뉴는 문어국수와 미나리국밥. 처음에먹은 된장비빔과 비교하기는 힘들정도로 전 메뉴 다 너무 맛있네요! 특히 문어국수는 새콤달콤해서 상큼한 맛 좋아하는사람은 무조건 시키시길 추천! 다음에 또 와서 모든 메뉴 다 먹어보겠습니다~,136,True,,,,두번째 방문입니다! 메뉴는 문어국수와 미나리국밥. 처음에먹은 된장비빔과 비교하기는 힘들정도로 전 메뉴 다 너무 맛있네요! 특히 문어국수는 새콤달콤해서 상큼한 맛 좋아하는사람은 무조건 시키시길 추천! 다음에 또 와서 모든 메뉴 다 먹어보겠습니다~,두번째 방문입니다 EXCLAM 메뉴는 문어국수와 미나리국밥 처음에먹은 된장비빔과 비교하기는 힘들정도로 전 메뉴 다 너무 맛있네요 EXCLAM 특히 문어국수는 새콤달콤해서 상큼한 맛 좋아하는사람은 무조건 시키시길 추천 EXCLAM 다음에 또 와서 모든 메뉴 다 먹어보겠습니다,0,0,0,0,1,0,0,136,"맛, 맛있, 메뉴, 밥"
kakao,이태리국시 성수,Ji,2.0,2026-04-17,,,가장 한식적인 이태리 음식의 느낌이였어요! 어정쩡하지않고 밸런스가 딱좋아서 너무너무 맛있게 먹었습니다~~ 기대하고 먹은거라 기대보다 별로일까 걱정했는데 기대만큼 맛있었어요 :),98,True,4.0,2.5,브론즈 레벨,가장 한식적인 이태리 음식의 느낌이였어요! 어정쩡하지않고 밸런스가 딱좋아서 너무너무 맛있게 먹었습니다~~ 기대하고 먹은거라 기대보다 별로일까 걱정했는데 기대만큼 맛있었어요 :),가장 한식적인 이태리 음식의 느낌이였어요 EXCLAM 어정쩡하지않고 밸런스가 딱좋아서 너무너무 맛있게 먹었습니다 TILDE 기대하고 먹은거라 기대보다 별로일까 걱정했는데 기대만큼 맛있었어요,0,0,0,0,1,0,0,98,"맛, 맛있, 음식"
naver,태양곱창 성수점,김세련82,46.0,2026.01.18,1번째 방문,영수증,곱창볶음 맛집이네요~아주매운맛으로 시켰는대 맛있게 잘메고 갑니다.또올께요,40,True,,,,곱창볶음 맛집이네요~아주매운맛으로 시켰는대 맛있게 잘메고 갑니다.또올께요,곱창볶음 맛집이네요 아주매운맛으로 시켰는대 맛있게 잘메고 갑니다 또올께요,0,0,0,0,0,0,0,40,"맛, 맛있"
naver,황금콩밭,임스소중축복,1785.0,2025.09.13,2번째 방문,영수증,맛나요. 네이버지도 착각 할 수 있어요. 주차는 2면.,30,False,,,,맛나요. 네이버지도 착각 할 수 있어요. 주차는 2면.,맛나요 네이버지도 착각 할 수 있어요 주차는 2면,0,0,0,0,0,0,1,30,"맛, 면"
kakao,뼈탄집 성수역점,강미진 팀장 더클래스 효성 강남대로,1.0,2026-03-18,,,"한 입 먹는 순간 느껴지는 건 단순히 “맛있다”가 아니라 “아, 이 집은 계산된 맛이다” 불향이 과하지 않고 딱 좋게 입혀져 있고,육즙은 살아있는데 느끼하지 않음 양념은 세지 않은데 계속 당김 그래서 이상하게 계속 손이 갑니다. 이건 그냥 고기가 아니라 “중독 설계된 메뉴”에 가까워요.",160,True,5.0,5.0,브론즈 레벨,"한 입 먹는 순간 느껴지는 건 단순히 “맛있다”가 아니라 “아, 이 집은 계산된 맛이다” 불향이 과하지 않고 딱 좋게 입혀져 있고,육즙은 살아있는데 느끼하지 않음 양념은 세지 않은데 계속 당김 그래서 이상하게 계속 손이 갑니다. 이건 그냥 고기가 아니라 “중독 설계된 메뉴”에 가까워요.",한 입 먹는 순간 느껴지는 건 단순히 맛있다 가 아니라 아 이 집은 계산된 맛이다 불향이 과하지 않고 딱 좋게 입혀져 있고 육즙은 살아있는데 느끼하지 않음 양념은 세지 않은데 계속 당김 그래서 이상하게 계속 손이 갑니다 이건 그냥 고기가 아니라 중독 설계된 메뉴 에 가까워요,0,0,0,0,0,0,0,160,"맛, 맛있, 메뉴, 양, 간, 고기, 느끼"
naver,황금콩밭,원피스654,2334.0,2025.07.09,1번째 방문,영수증,"두부보쌈, 육전 다 맛있어요~ 콩국수 저는 좋아하지 않는데 맛있다고 하시네요~주차공간은 별도로 없어요~2층 서빙해주시는 분들 친절했습니다~!",78,True,,,,"두부보쌈, 육전 다 맛있어요~ 콩국수 저는 좋아하지 않는데 맛있다고 하시네요~주차공간은 별도로 없어요~2층 서빙해주시는 분들 친절했습니다~!",두부보쌈 육전 다 맛있어요 콩국수 저는 좋아하지 않는데 맛있다고 하시네요 주차공간은 별도로 없어요 2층 서빙해주시는 분들 친절했습니다 EXCLAM,0,0,0,0,1,0,1,78,"맛, 맛있, 간, 보쌈"
naver,조선시대,don****,15.0,2026.03.07,2번째 방문,영수증,입구부터 컨셉에 진심이라 들어갈 때부터 재밌고 안주도 다 맛있어서 술이 계속 들어가네요. 퓨전 한식 느낌이라 호불호 안 갈리고 과 동기들이랑 단체로 오기에도 너무 좋은 것 같아요!,100,True,,,,입구부터 컨셉에 진심이라 들어갈 때부터 재밌고 안주도 다 맛있어서 술이 계속 들어가네요. 퓨전 한식 느낌이라 호불호 안 갈리고 과 동기들이랑 단체로 오기에도 너무 좋은 것 같아요!,입구부터 컨셉에 진심이라 들어갈 때부터 재밌고 안주도 다 맛있어서 술이 계속 들어가네요 퓨전 한식 느낌이라 호불호 안 갈리고 과 동기들이랑 단체로 오기에도 너무 좋은 것 같아요 EXCLAM,0,0,0,0,1,0,0,100,"맛, 맛있"
naver,성수족발,homsem,472.0,2026.02.07,2번째 방문,영수증,맛있어요~,5,False,,,,맛있어요~,맛있어요,0,0,0,0,0,0,0,5,"맛, 맛있"
naver,이태리국시 성수,꿈틀루씨,76.0,2026.05.01,1번째 방문,영수증,너무 와보고 싶었던 곳인데 아이와 오늘 예약없이 갑자기 방문했는데 1팀 대기 후에 들어왔네요. 대표메뉴 2개시키고 샐러드 추가했는데 정말 맛있어요. ㅇ양도 많고 깔끔하니 다른 메뉴도 너무 궁금합니다,110,True,,,,너무 와보고 싶었던 곳인데 아이와 오늘 예약없이 갑자기 방문했는데 1팀 대기 후에 들어왔네요. 대표메뉴 2개시키고 샐러드 추가했는데 정말 맛있어요. ㅇ양도 많고 깔끔하니 다른 메뉴도 너무 궁금합니다,너무 와보고 싶었던 곳인데 아이와 오늘 예약없이 갑자기 방문했는데 1팀 대기 후에 들어왔네요 대표메뉴 2개시키고 샐러드 추가했는데 정말 맛있어요 양도 많고 깔끔하니 다른 메뉴도 너무 궁금합니다,0,0,0,0,0,0,1,110,"맛, 맛있, 메뉴, 양, 샐러드"
kakao,능동미나리 성수점,훼💗,1.0,2026-01-26,,,곱창전골 너무 맛있었어용ㅇㅇ 직원분들도 너무너무 친절해주시고 좋았습니다 또 방문할게요. ♡♡,51,True,5.0,5.0,브론즈 레벨,곱창전골 너무 맛있었어용ㅇㅇ 직원분들도 너무너무 친절해주시고 좋았습니다 또 방문할게요. ♡♡,곱창전골 너무 맛있었어용 직원분들도 너무너무 친절해주시고 좋았습니다 또 방문할게요 EMO_POS EMO_POS,1,0,0,0,0,0,0,51,"맛, 맛있"
kakao,이태리국시 성수,최수연,2.0,2026-04-21,,,첫 방문! 덕분에 점심미팅 잘 하고 갑니다 :-) 분위기 좋고 너무 맛있어요,42,True,5.0,5.0,브론즈 레벨,첫 방문! 덕분에 점심미팅 잘 하고 갑니다 :-) 분위기 좋고 너무 맛있어요,첫 방문 EXCLAM 덕분에 점심미팅 잘 하고 갑니다 분위기 좋고 너무 맛있어요,0,0,0,0,1,0,0,42,"맛, 맛있"
kakao,능동미나리 성수점,꿈꾸는봉공이,975.0,2026-04-10,,,"+곰탕도 잘게썰린 미나리향이 좋았고 육비는 다시먹어도bb +향긋한 미나리향이 음식과 잘 어우러지는 곳 육회비빔밥 고추장베이스가아닌 달짝찌근 간장양념이 미나리 비벼먹기 좋았어요 육전도 괜찮았고 가족끼리도 올만한 곳 너무 바쁜 맛집이 그렇듯 친절은 기대하기 어렵다지만 직원분 다소 무서움, 주말 5시반 웨이팅없이 입장",175,True,5.0,4.0,블루 레벨,"+곰탕도 잘게썰린 미나리향이 좋았고 육비는 다시먹어도bb +향긋한 미나리향이 음식과 잘 어우러지는 곳 육회비빔밥 고추장베이스가아닌 달짝찌근 간장양념이 미나리 비벼먹기 좋았어요 육전도 괜찮았고 가족끼리도 올만한 곳 너무 바쁜 맛집이 그렇듯 친절은 기대하기 어렵다지만 직원분 다소 무서움, 주말 5시반 웨이팅없이 입장",곰탕도 잘게썰린 미나리향이 좋았고 육비는 다시먹어도bb 향긋한 미나리향이 음식과 잘 어우러지는 곳 육회비빔밥 고추장베이스가아닌 달짝찌근 간장양념이 미나리 비벼먹기 좋았어요 육전도 괜찮았고 가족끼리도 올만한 곳 너무 바쁜 맛집이 그렇듯 친절은 기대하기 어렵다지만 직원분 다소 무서움 주말 5시반 웨이팅없이 입장,0,0,0,0,0,0,1,175,"맛, 음식, 양, 간, 밥"
kakao,이태리국시 성수,오령,1.0,2026-04-17,,,브라타치즈 샐러드 상큼한소스맛이 좋아요,21,True,5.0,5.0,브론즈 레벨,브라타치즈 샐러드 상큼한소스맛이 좋아요,브라타치즈 샐러드 상큼한소스맛이 좋아요,0,0,0,0,0,0,0,21,"맛, 소스, 샐러드"
naver,쭌곱창,가영s2,24.0,2026.03.18,1번째 방문,영수증,동생이랑 함께 서울 나들이오면서 온 곳인데 고기도 너무 맛있고 분위기도 좋아요~! 맛있게 먹고 갑니다 🫶🏻,59,True,,,,동생이랑 함께 서울 나들이오면서 온 곳인데 고기도 너무 맛있고 분위기도 좋아요~! 맛있게 먹고 갑니다 🫶🏻,동생이랑 함께 서울 나들이오면서 온 곳인데 고기도 너무 맛있고 분위기도 좋아요 EXCLAM 맛있게 먹고 갑니다,0,0,0,0,1,0,0,59,"맛, 맛있, 고기, 면"
naver,쭌곱창,beauty10,3.0,2026.02.13,1번째 방문,영수증,3년째 오고있어요 정말 맛있어요!!,19,True,,,,3년째 오고있어요 정말 맛있어요!!,3년째 오고있어요 정말 맛있어요 EXCLAM,0,0,0,0,1,0,1,19,"맛, 맛있"
naver,락희옥 마포본점,inu0104,12.0,2025.10.09,1번째 방문,영수증,와인 콜키지 무료고 특히 보쌈이 맛있어요!,23,True,,,,와인 콜키지 무료고 특히 보쌈이 맛있어요!,와인 콜키지 무료고 특히 보쌈이 맛있어요 EXCLAM,0,0,0,0,1,0,0,23,"맛, 맛있, 보쌈"
naver,일등식당,링을,104.0,2025.06.29,1번째 방문,영수증,남친 최애 감자탕집! 자극적인거 좋아하는 저는 쏘쏘!,29,False,,,,남친 최애 감자탕집! 자극적인거 좋아하는 저는 쏘쏘!,남친 최애 감자탕집 EXCLAM 자극적인거 좋아하는 저는 쏘쏘 EXCLAM,0,0,0,0,1,0,0,29,감자탕
naver,훼미리손칼국수보쌈,doo****,1539.0,2025.10.21,1번째 방문,영수증,줄을 이렇게까지 설 정도는 아님. 맛은 나쁘지않음,27,True,,,,줄을 이렇게까지 설 정도는 아님. 맛은 나쁘지않음,줄을 이렇게까지 설 정도는 아님 맛은 나쁘지않음,0,0,0,0,0,0,0,27,맛
kakao,태양곱창 성수,𝝅,2.0,2025-01-06,,,그냥 제가 갔던 곱창집 중에 탑 1 입니다.... 사장님도 너무 친절하시고 기본 반찬도 맛있고 곱창들도 냄새 1도 안나고 너무 맛있네요 인테리어도 깔끔하고 청결하기까지.. 꼭 재방문 하고 싶네요,108,True,5.0,5.0,브론즈 레벨,그냥 제가 갔던 곱창집 중에 탑 1 입니다.... 사장님도 너무 친절하시고 기본 반찬도 맛있고 곱창들도 냄새 1도 안나고 너무 맛있네요 인테리어도 깔끔하고 청결하기까지.. 꼭 재방문 하고 싶네요,그냥 제가 갔던 곱창집 중에 탑 1 입니다 사장님도 너무 친절하시고 기본 반찬도 맛있고 곱창들도 냄새 1도 안나고 너무 맛있네요 인테리어도 깔끔하고 청결하기까지 꼭 재방문 하고 싶네요,0,0,0,0,0,0,1,108,"맛, 맛있, 반찬"
naver,락희옥 마포본점,흑진주33,2.0,2025.09.03,1번째 방문,영수증,쫄깃하고 신선한 문어 정말 맛있어요 미나리에 문어를기름장을 찍어 먹으니 진짜 맛있어여 육전도 정말 맛있어요 깜박하고 사진을 못찍었네요^^,76,True,,,,쫄깃하고 신선한 문어 정말 맛있어요 미나리에 문어를기름장을 찍어 먹으니 진짜 맛있어여 육전도 정말 맛있어요 깜박하고 사진을 못찍었네요^^,쫄깃하고 신선한 문어 정말 맛있어요 미나리에 문어를기름장을 찍어 먹으니 진짜 맛있어여 육전도 정말 맛있어요 깜박하고 사진을 못찍었네요,0,0,0,0,0,0,0,76,"맛, 맛있, 짜"
naver,보끔당 성수점,eeexing,14.0,2026.04.05,1번째 방문,영수증,"진짜 맛있어요..,, 묵은지 보끔당 추천합니다!! 이거 먹으러 성수옵니다.....",45,True,,,,"진짜 맛있어요..,, 묵은지 보끔당 추천합니다!! 이거 먹으러 성수옵니다.....",진짜 맛있어요 묵은지 보끔당 추천합니다 EXCLAM 이거 먹으러 성수옵니다,0,0,0,0,1,0,0,45,"맛, 맛있, 짜"
naver,금금 성수점,qkr****,28.0,2026.04.29,1번째 방문,영수증,대기없이 입장했습니다! 봄과 여름사이 날씨에 너무 먹기 좋은 음식입니다!! 내부도 청결하고 다양한 메뉴가 있어 다 먹어보고 싶은 곳입니다!! 재방문 의사 있습니다:) 감사합니더,98,True,,,,대기없이 입장했습니다! 봄과 여름사이 날씨에 너무 먹기 좋은 음식입니다!! 내부도 청결하고 다양한 메뉴가 있어 다 먹어보고 싶은 곳입니다!! 재방문 의사 있습니다:) 감사합니더,대기없이 입장했습니다 EXCLAM 봄과 여름사이 날씨에 너무 먹기 좋은 음식입니다 EXCLAM 내부도 청결하고 다양한 메뉴가 있어 다 먹어보고 싶은 곳입니다 EXCLAM 재방문 의사 있습니다 감사합니더,0,0,0,0,1,0,0,98,"메뉴, 음식, 양"
kakao,굴다리식당,Anakii Simple,49.0,2026-03-19,,,김치찌개와 제육 각 1인분씩 먹었습니다. 안타깝지만 비평입니다. 일부러 찾아갔는데 가게의 명성과 방문한 사인들을 감안할 때 당혹스러운 수준. (1일 후 추가기록) 그러나 식후 속이 아주 편하고 소화는 잘 되었습니다. 일단 제육은 두툼한 고기가 나쁘지 않았습니다만 추천할 만한 맛은 아닙니다. 김치찌개의 김치는 아주 폭 익었고 국물은 깔끔했지만 고기 두어 덩어리로 끝? 사진에서처럼 매우 부실합니다. 저게 만원이라니요. 맛뵈기 국물스러움?,244,True,3.0,4.5,실버 레벨,김치찌개와 제육 각 1인분씩 먹었습니다. 안타깝지만 비평입니다. 일부러 찾아갔는데 가게의 명성과 방문한 사인들을 감안할 때 당혹스러운 수준. (1일 후 추가기록) 그러나 식후 속이 아주 편하고 소화는 잘 되었습니다. 일단 제육은 두툼한 고기가 나쁘지 않았습니다만 추천할 만한 맛은 아닙니다. 김치찌개의 김치는 아주 폭 익었고 국물은 깔끔했지만 고기 두어 덩어리로 끝? 사진에서처럼 매우 부실합니다. 저게 만원이라니요. 맛뵈기 국물스러움?,김치찌개와 제육 각 1인분씩 먹었습니다 안타깝지만 비평입니다 일부러 찾아갔는데 가게의 명성과 방문한 사인들을 감안할 때 당혹스러운 수준 1일 후 추가기록 그러나 식후 속이 아주 편하고 소화는 잘 되었습니다 일단 제육은 두툼한 고기가 나쁘지 않았습니다만 추천할 만한 맛은 아닙니다 김치찌개의 김치는 아주 폭 익었고 국물은 깔끔했지만 고기 두어 덩어리로 끝 QUESTION 사진에서처럼 매우 부실합니다 저게 만원이라니요 맛뵈기 국물스러움 QUESTION,0,0,0,0,0,1,1,244,"맛, 고기, 국물, 김치"
naver,락희옥 마포본점,UchelinGuide,179.0,2025.05.10,1번째 방문,영수증,콜키지 프리가 정말 큰 장점 같습니다. 매장 분위기도 조용하고 차분해요. 천천히 주류와 함께 음식을 즐기기에 정말 좋은 식당입니다. 전혀 가격이 아깝지 않고 좋은 날에 재방문하고 싶어요! 😋😋😋😋😋,110,True,,,,콜키지 프리가 정말 큰 장점 같습니다. 매장 분위기도 조용하고 차분해요. 천천히 주류와 함께 음식을 즐기기에 정말 좋은 식당입니다. 전혀 가격이 아깝지 않고 좋은 날에 재방문하고 싶어요! 😋😋😋😋😋,콜키지 프리가 정말 큰 장점 같습니다 매장 분위기도 조용하고 차분해요 천천히 주류와 함께 음식을 즐기기에 정말 좋은 식당입니다 전혀 가격이 아깝지 않고 좋은 날에 재방문하고 싶어요 EXCLAM EMO_POS EMO_POS EMO_POS EMO_POS EMO_POS,1,0,0,0,1,0,0,110,음식
kakao,소문난성수감자탕,0__0,36.0,2025-01-16,,,맛있음. 세상에서 제일 맛있는 감자탕은 아닌데 또 먹고 싶어짐. 수제비 존맛. 다음에 수제비 두번 추가할거임,60,True,4.0,3.7,실버 레벨,맛있음. 세상에서 제일 맛있는 감자탕은 아닌데 또 먹고 싶어짐. 수제비 존맛. 다음에 수제비 두번 추가할거임,맛있음 세상에서 제일 맛있는 감자탕은 아닌데 또 먹고 싶어짐 수제비 존맛 다음에 수제비 두번 추가할거임,0,0,0,0,0,0,0,60,"맛, 맛있, 감자탕"
naver,굴다리식당,julia211021,41.0,2025.12.29,1번째 방문,영수증,술안주인 것 같아요. 맛있지만 집밥느낌은 아니예요.,28,False,,,,술안주인 것 같아요. 맛있지만 집밥느낌은 아니예요.,술안주인 것 같아요 맛있지만 집밥느낌은 아니예요,0,0,0,0,0,0,0,28,"맛, 맛있, 밥"
naver,소문난성수감자탕,라비여왕,132.0,2025.10.04,1번째 방문,영수증,감자탕 정말맛있는데 계속 바빠서 그런지 직원분들이 지쳐보이고 힘들어보이심 ㅠ 친절하진않아요! 솔직히 동네에 하나씩 있는 감자탕맛집 맛이긴한데 배고플때 먹으니 개맛도리고 볶음밥도 드세요 옆자리 외국인들 k디저트 볶음밥 못먹고 가서 제가 서운함 ㅠ,136,True,,,,감자탕 정말맛있는데 계속 바빠서 그런지 직원분들이 지쳐보이고 힘들어보이심 ㅠ 친절하진않아요! 솔직히 동네에 하나씩 있는 감자탕맛집 맛이긴한데 배고플때 먹으니 개맛도리고 볶음밥도 드세요 옆자리 외국인들 k디저트 볶음밥 못먹고 가서 제가 서운함 ㅠ,감자탕 정말맛있는데 계속 바빠서 그런지 직원분들이 지쳐보이고 힘들어보이심 친절하진않아요 EXCLAM 솔직히 동네에 하나씩 있는 감자탕맛집 맛이긴한데 배고플때 먹으니 개맛도리고 볶음밥도 드세요 옆자리 외국인들 k디저트 볶음밥 못먹고 가서 제가 서운함,0,0,0,0,1,0,0,136,"맛, 맛있, 밥, 디저트, 감자탕"
kakao,홍대 조선시대,박지영,1.0,2026-02-02,,,분위기 좋고 매장도 넓고 쾌적해요!! 직원분들 친절하시고 육회도 넘넘 맛있어요~~,45,True,5.0,5.0,브론즈 레벨,분위기 좋고 매장도 넓고 쾌적해요!! 직원분들 친절하시고 육회도 넘넘 맛있어요~~,분위기 좋고 매장도 넓고 쾌적해요 EXCLAM 직원분들 친절하시고 육회도 넘넘 맛있어요 TILDE,0,0,0,0,1,0,0,45,"맛, 맛있"
naver,장인닭갈비 홍대점,삐약이고양이,40.0,2026.04.04,1번째 방문,영수증,오랜만에 저녁으로 먹으러 왔어요~~ 간술도 했어요 맛있어요👍🏻,34,True,,,,오랜만에 저녁으로 먹으러 왔어요~~ 간술도 했어요 맛있어요👍🏻,오랜만에 저녁으로 먹으러 왔어요 TILDE 간술도 했어요 맛있어요 EMO_POS,1,0,0,0,0,0,0,34,"맛, 맛있, 간"
kakao,뼈탄집 성수역점,S,3.0,2026-03-11,,,"고기 직접 구워주셔서 누가 굽나 눈치 안봐도 되고, 구워주시는대로 자유롭게 먹을 수 있어서 좋아요. 계탄밥 치즈도 많고 꼭 시켜드세요. 후식 아이스크림도 있어서 깔끔하게 식사 마무리할 수 있어요. 고기랑 함께 굽는 묵은지도 진짜 맛있는 묵은지고, 기타 양념장, 장아찌도 고기랑 곁들여 먹기 너무 좋은 구성이라 정말 성수 고기집 중 퀄리티 서비스 어느하나 빠지는 것 없는 집입니다!",212,True,5.0,5.0,브론즈 레벨,"고기 직접 구워주셔서 누가 굽나 눈치 안봐도 되고, 구워주시는대로 자유롭게 먹을 수 있어서 좋아요. 계탄밥 치즈도 많고 꼭 시켜드세요. 후식 아이스크림도 있어서 깔끔하게 식사 마무리할 수 있어요. 고기랑 함께 굽는 묵은지도 진짜 맛있는 묵은지고, 기타 양념장, 장아찌도 고기랑 곁들여 먹기 너무 좋은 구성이라 정말 성수 고기집 중 퀄리티 서비스 어느하나 빠지는 것 없는 집입니다!",고기 직접 구워주셔서 누가 굽나 눈치 안봐도 되고 구워주시는대로 자유롭게 먹을 수 있어서 좋아요 계탄밥 치즈도 많고 꼭 시켜드세요 후식 아이스크림도 있어서 깔끔하게 식사 마무리할 수 있어요 고기랑 함께 굽는 묵은지도 진짜 맛있는 묵은지고 기타 양념장 장아찌도 고기랑 곁들여 먹기 너무 좋은 구성이라 정말 성수 고기집 중 퀄리티 서비스 어느하나 빠지는 것 없는 집입니다 EXCLAM,0,0,0,0,1,0,0,212,"맛, 맛있, 양, 고기, 밥, 구성, 짜"
kakao,마포양지설렁탕 도화점,트랭플링,15.0,2025-11-02,,,국물이 미침,6,True,5.0,3.0,실버 레벨,국물이 미침,국물이 미침,0,0,0,0,0,0,0,6,국물
naver,각시보쌈,나비야옹,13.0,2025.07.26,1번째 방문,영수증,"보쌈 맛있어서 자주 가는데, 오늘은 유독 불친절해서 기분이 너무 나빴습니다. 기다려야 하는 거 알고 가는데도 입구에서부터 귀찮은건지, 무시하는건지 기분 나쁜 불친절함에 당장 다른 곳으로 가고 싶었지만 지방에서 올라온 친구가 먹고 싶어 해서 그냥 먹었습니다. 맛만큼 친절하면 좋겠습니다",158,False,,,,"보쌈 맛있어서 자주 가는데, 오늘은 유독 불친절해서 기분이 너무 나빴습니다. 기다려야 하는 거 알고 가는데도 입구에서부터 귀찮은건지, 무시하는건지 기분 나쁜 불친절함에 당장 다른 곳으로 가고 싶었지만 지방에서 올라온 친구가 먹고 싶어 해서 그냥 먹었습니다. 맛만큼 친절하면 좋겠습니다",보쌈 맛있어서 자주 가는데 오늘은 유독 불친절해서 기분이 너무 나빴습니다 기다려야 하는 거 알고 가는데도 입구에서부터 귀찮은건지 무시하는건지 기분 나쁜 불친절함에 당장 다른 곳으로 가고 싶었지만 지방에서 올라온 친구가 먹고 싶어 해서 그냥 먹었습니다 맛만큼 친절하면 좋겠습니다,0,0,0,0,0,0,0,158,"맛, 맛있, 면, 보쌈"
naver,각시보쌈,넬리코아,1546.0,2025.09.08,1번째 방문,영수증,맛있게 먹었어요~~😋,11,True,,,,맛있게 먹었어요~~😋,맛있게 먹었어요 TILDE EMO_POS,1,0,0,0,0,0,0,11,"맛, 맛있"
kakao,소문난성수감자탕,Elizabeth J,13.0,2025-12-05,,,"다시는 안갈래요. 친구랑 갔는데 직원 한 분 응대하는 태도가 너무너무 무안하고 기분 나빴어요. 감자국이랑 감자탕 중에 뭐 시킬지 고민하는중에 직원 한 분이 빨리 시키라는 식으로 재촉하고... 아직 시키지도 않았는데 n번 테이블 잘못나왔잖아~ 면박주고...ㅋㅋㅋㅠ 아니 주문 실수 본인이 해놓고 왜 혼내세요ㅠㅠㅠ 우거지랑 일반 중에 고민하니까 ""메뉴 정확히 말하세요"" 짜증내고....웨이팅 없이 먹어서 다행이었지 웨이팅까지 했음 억울해 미칠뻔ㅎㅎ +)간 거 인증요 하 진짜 딴 데 가서 먹을걸ㅠ 딱히 고기 실하거나 하지도 않고....^_^....",304,False,1.0,4.3,실버 레벨,"다시는 안갈래요. 친구랑 갔는데 직원 한 분 응대하는 태도가 너무너무 무안하고 기분 나빴어요. 감자국이랑 감자탕 중에 뭐 시킬지 고민하는중에 직원 한 분이 빨리 시키라는 식으로 재촉하고... 아직 시키지도 않았는데 n번 테이블 잘못나왔잖아~ 면박주고...ㅋㅋㅋㅠ 아니 주문 실수 본인이 해놓고 왜 혼내세요ㅠㅠㅠ 우거지랑 일반 중에 고민하니까 ""메뉴 정확히 말하세요"" 짜증내고....웨이팅 없이 먹어서 다행이었지 웨이팅까지 했음 억울해 미칠뻔ㅎㅎ +)간 거 인증요 하 진짜 딴 데 가서 먹을걸ㅠ 딱히 고기 실하거나 하지도 않고....^_^....",다시는 안갈래요 친구랑 갔는데 직원 한 분 응대하는 태도가 너무너무 무안하고 기분 나빴어요 감자국이랑 감자탕 중에 뭐 시킬지 고민하는중에 직원 한 분이 빨리 시키라는 식으로 재촉하고 아직 시키지도 않았는데 n번 테이블 잘못나왔잖아 면박주고 아니 주문 실수 본인이 해놓고 왜 혼내세요 우거지랑 일반 중에 고민하니까 메뉴 정확히 말하세요 짜증내고 웨이팅 없이 먹어서 다행이었지 웨이팅까지 했음 억울해 미칠뻔 간 거 인증요 하 진짜 딴 데 가서 먹을걸 딱히 고기 실하거나 하지도 않고 _,0,0,0,1,0,0,0,304,"메뉴, 간, 고기, 면, 감자탕, 짜"
naver,황금콩밭,jhh****,413.0,2025.03.30,1번째 방문,영수증,두부 맛집 답게 신선한 두부 너무 맛있고 건강 해지는 기분 이였어요🤍 매장도 크고 넓고 좋아요!!,54,True,,,,두부 맛집 답게 신선한 두부 너무 맛있고 건강 해지는 기분 이였어요🤍 매장도 크고 넓고 좋아요!!,두부 맛집 답게 신선한 두부 너무 맛있고 건강 해지는 기분 이였어요 EMO_POS 매장도 크고 넓고 좋아요 EXCLAM,1,0,0,0,1,0,0,54,"맛, 맛있"
naver,할머니의 레시피,왕비병,999.0,2025.11.14,2번째 방문,영수증,짜지않고 담백하고 맛나요 가성비좋은 한식,22,True,,,,짜지않고 담백하고 맛나요 가성비좋은 한식,짜지않고 담백하고 맛나요 가성비좋은 한식,0,0,0,0,0,0,0,22,"맛, 짜"
naver,보끔당 성수점,모찌젤리2,9.0,2026.04.17,1번째 방문,영수증,두 번째 방문이에요! 여기 진짜 맛있어요~!!! 매장도 깔끔하고 직원분들도 친절해요!,47,True,,,,두 번째 방문이에요! 여기 진짜 맛있어요~!!! 매장도 깔끔하고 직원분들도 친절해요!,두 번째 방문이에요 EXCLAM 여기 진짜 맛있어요 EXCLAM 매장도 깔끔하고 직원분들도 친절해요 EXCLAM,0,0,0,0,1,0,0,47,"맛, 맛있, 짜"
naver,조선시대,gov****,27.0,2026.02.01,1번째 방문,영수증,컨셉도 좋고 너무 맛있어용‼️‼️💓,19,True,,,,컨셉도 좋고 너무 맛있어용‼️‼️💓,컨셉도 좋고 너무 맛있어용 EMO_POS,1,0,0,0,0,0,0,19,"맛, 맛있"
naver,옥동식,쥐방우리,129.0,2025.12.23,1번째 방문,영수증,이번에 흑백요리사2에 나와서 사람이 더많아졌어요 ㅠㅠ 평일 2시에도 홀식사는 대기 마감었는데 다향이 포장은 바로 됐어요. 집에서 먹어도 가게에서 먹는것처럼 맛있어서 좋았어요❤️,98,True,,,,이번에 흑백요리사2에 나와서 사람이 더많아졌어요 ㅠㅠ 평일 2시에도 홀식사는 대기 마감었는데 다향이 포장은 바로 됐어요. 집에서 먹어도 가게에서 먹는것처럼 맛있어서 좋았어요❤️,이번에 흑백요리사2에 나와서 사람이 더많아졌어요 평일 2시에도 홀식사는 대기 마감었는데 다향이 포장은 바로 됐어요 집에서 먹어도 가게에서 먹는것처럼 맛있어서 좋았어요 EMO_POS,1,0,0,1,0,0,1,98,"맛, 맛있, 요리"
naver,일등식당,이땜땜이,1197.0,2026.02.08,1번째 방문,영수증,"해장국 8,000원!! 진짜 너무 맛있었어요. 고기도 부드럽고 국물도 맑고!!",43,True,,,,"해장국 8,000원!! 진짜 너무 맛있었어요. 고기도 부드럽고 국물도 맑고!!",해장국 8 000원 EXCLAM 진짜 너무 맛있었어요 고기도 부드럽고 국물도 맑고 EXCLAM,0,0,0,0,1,0,1,43,"맛, 맛있, 고기, 국물, 짜"
kakao,옥동식 서교점,ㅇㅇ,224.0,2026-02-22,,,"뭔가 자꾸 생각이나는맛,,,,",16,True,4.0,4.1,실버 레벨,"뭔가 자꾸 생각이나는맛,,,,",뭔가 자꾸 생각이나는맛,0,0,0,0,0,0,0,16,맛
naver,쭌곱창,며닠,3.0,2026.04.04,1번째 방문,영수증,처음 와봤는데 존맛탱 불향까지 완벽 깻잎에 무조건 싸먹어야 해여 필수입니다!,42,True,,,,처음 와봤는데 존맛탱 불향까지 완벽 깻잎에 무조건 싸먹어야 해여 필수입니다!,처음 와봤는데 존맛탱 불향까지 완벽 깻잎에 무조건 싸먹어야 해여 필수입니다 EXCLAM,0,0,0,0,1,0,0,42,맛
naver,장인닭갈비 홍대점,muk11,52.0,2026.04.30,1번째 방문,영수증,음식은 맛있는데 직원들 서비스가 별로에요 반찬이 셀프면 셀프라고 처음부터 미리 알려주셔야죠 응대도 별로고,58,False,,,,음식은 맛있는데 직원들 서비스가 별로에요 반찬이 셀프면 셀프라고 처음부터 미리 알려주셔야죠 응대도 별로고,음식은 맛있는데 직원들 서비스가 별로에요 반찬이 셀프면 셀프라고 처음부터 미리 알려주셔야죠 응대도 별로고,0,0,0,0,0,0,0,58,"맛, 맛있, 음식, 면, 반찬"
kakao,을밀대 본점,바이커리,119.0,2025-06-18,,,"솔직히 이정도 금액으로 먹을 정도인가? 엄청난 대기줄을 기다려가면서 먹을정도인가? 나름의 의문이 많이 생겻다, 내돈이면 안사먹을 듯 한철장사라 엄청나게 높은 음식값을 정한건지도 의문이네 내돈으론 재방문X",113,True,2.0,2.2,골드 레벨,"솔직히 이정도 금액으로 먹을 정도인가? 엄청난 대기줄을 기다려가면서 먹을정도인가? 나름의 의문이 많이 생겻다, 내돈이면 안사먹을 듯 한철장사라 엄청나게 높은 음식값을 정한건지도 의문이네 내돈으론 재방문X",솔직히 이정도 금액으로 먹을 정도인가 QUESTION 엄청난 대기줄을 기다려가면서 먹을정도인가 QUESTION 나름의 의문이 많이 생겻다 내돈이면 안사먹을 듯 한철장사라 엄청나게 높은 음식값을 정한건지도 의문이네 내돈으론 재방문X,0,0,0,0,0,1,0,113,"음식, 면"
naver,각시보쌈,커피와너와나,2418.0,2025.07.04,3번째 방문,영수증,점심시간에 앉자마자 나오는 각시정식 최고에요 1주에 한번은 주기적으로 먹어줘야합니다^^ 만원의 행복이네요~~,60,True,,,,점심시간에 앉자마자 나오는 각시정식 최고에요 1주에 한번은 주기적으로 먹어줘야합니다^^ 만원의 행복이네요~~,점심시간에 앉자마자 나오는 각시정식 최고에요 1주에 한번은 주기적으로 먹어줘야합니다 만원의 행복이네요 TILDE,0,0,0,0,0,0,1,60,간
naver,을밀대 평양냉면,sensatiOn,1165.0,2025.08.03,2번째 방문,영수증,주말이라 그런지 오픈런을 해도 골목 끝까지 줄이 길더라구요. 어릴 때부터 부모님 손잡고 오던 곳인데 여전히 너무 맛있네요! 녹두전이 겉바속촉 너무 맛있으니 꼭 시켜드세요~,95,True,,,,주말이라 그런지 오픈런을 해도 골목 끝까지 줄이 길더라구요. 어릴 때부터 부모님 손잡고 오던 곳인데 여전히 너무 맛있네요! 녹두전이 겉바속촉 너무 맛있으니 꼭 시켜드세요~,주말이라 그런지 오픈런을 해도 골목 끝까지 줄이 길더라구요 어릴 때부터 부모님 손잡고 오던 곳인데 여전히 너무 맛있네요 EXCLAM 녹두전이 겉바속촉 너무 맛있으니 꼭 시켜드세요,0,0,0,0,1,0,0,95,"맛, 맛있"
naver,성수족발,즐거운하루지,1026.0,2025.09.03,2번째 방문,영수증,성수족발은 정말맛있어요~껍질이 진짜 쫄깃쫄깃하면서. 다른족발하곤. 틀린 그런맛이 있어요,48,False,,,,성수족발은 정말맛있어요~껍질이 진짜 쫄깃쫄깃하면서. 다른족발하곤. 틀린 그런맛이 있어요,성수족발은 정말맛있어요 껍질이 진짜 쫄깃쫄깃하면서 다른족발하곤 틀린 그런맛이 있어요,0,0,0,0,0,0,0,48,"맛, 맛있, 면, 짜"
naver,을밀대 평양냉면,뽕뽕뽕46,,2025.07.16,3번째 방문,예약,ㅖ 있었는데요 없습니다아 언제먹어도 맛있어요 구우우우웃,30,True,,,,ㅖ 있었는데요 없습니다아 언제먹어도 맛있어요 구우우우웃,있었는데요 없습니다아 언제먹어도 맛있어요 구우우웃,0,0,0,0,0,0,0,30,"맛, 맛있"
kakao,육산장 홍대본점,조종수,1.0,2026-03-01,,,고기가 맛있었고 분위기도 캠핑 분위기같아서 아늑하고 좋았네요!!강추합니다 글구 직원분도 친절하셔서 좋았습니다 리뷰 이벤트로 김치찌개와 콘치즈도 먹을수있으니 다들 시도해보시길💖,97,True,5.0,5.0,브론즈 레벨,고기가 맛있었고 분위기도 캠핑 분위기같아서 아늑하고 좋았네요!!강추합니다 글구 직원분도 친절하셔서 좋았습니다 리뷰 이벤트로 김치찌개와 콘치즈도 먹을수있으니 다들 시도해보시길💖,고기가 맛있었고 분위기도 캠핑 분위기같아서 아늑하고 좋았네요 EXCLAM 강추합니다 글구 직원분도 친절하셔서 좋았습니다 리뷰 이벤트로 김치찌개와 콘치즈도 먹을수있으니 다들 시도해보시길 EMO_POS,1,0,0,0,1,0,0,97,"맛, 맛있, 고기, 김치"
kakao,육지,은이,1.0,2025-07-01,,,고기도 친절하게 구워주시고 볶음밥이랑 계란찜도 너무 맛있었어요 가게 분위기도 너무 좋아요☺️,51,False,5.0,5.0,브론즈 레벨,고기도 친절하게 구워주시고 볶음밥이랑 계란찜도 너무 맛있었어요 가게 분위기도 너무 좋아요☺️,고기도 친절하게 구워주시고 볶음밥이랑 계란찜도 너무 맛있었어요 가게 분위기도 너무 좋아요,0,0,0,0,0,0,0,51,"맛, 맛있, 고기, 밥"
naver,뼈탄집 성수역점,아아6562,104.0,2026.04.04,1번째 방문,영수증,성수에서 직원들과 간단하게 식사하기 위해 방문했는데 고기 맛집이네요~~! 질도 너무 좋고 직원도 친절해요,58,True,,,,성수에서 직원들과 간단하게 식사하기 위해 방문했는데 고기 맛집이네요~~! 질도 너무 좋고 직원도 친절해요,성수에서 직원들과 간단하게 식사하기 위해 방문했는데 고기 맛집이네요 TILDE EXCLAM 질도 너무 좋고 직원도 친절해요,0,0,0,0,1,0,0,58,"맛, 간, 고기"
kakao,을밀대 본점,StemPlayer,237.0,2026-04-19,,,그냥 준수하게 잘 만든 평양냉면이다. 다만 굳이 간다면 을밀대를 갈 거 같다. 아니면 진미나.,52,True,4.0,3.5,골드 레벨,그냥 준수하게 잘 만든 평양냉면이다. 다만 굳이 간다면 을밀대를 갈 거 같다. 아니면 진미나.,그냥 준수하게 잘 만든 평양냉면이다 다만 굳이 간다면 을밀대를 갈 거 같다 아니면 진미나,0,0,0,0,0,0,0,52,"양, 간, 면, 냉면"
naver,금금 성수점,장진혁68,20.0,2026.03.24,1번째 방문,영수증,생각없이 들어왔다가 맛집을 찾아버렸어요.... 웨이팅 없이 들어와서 먹고 간다는 게 행운이였어요 맛있게 잘 먹었습니다~~,67,True,,,,생각없이 들어왔다가 맛집을 찾아버렸어요.... 웨이팅 없이 들어와서 먹고 간다는 게 행운이였어요 맛있게 잘 먹었습니다~~,생각없이 들어왔다가 맛집을 찾아버렸어요 웨이팅 없이 들어와서 먹고 간다는 게 행운이였어요 맛있게 잘 먹었습니다 TILDE,0,0,0,0,0,0,0,67,"맛, 맛있, 간"
kakao,육산장 홍대본점,규민,1.0,2025-10-26,,,사장님 직원분들 너무 친절하셔서 웃으면서 먹고 갔어요!!,31,True,5.0,5.0,브론즈 레벨,사장님 직원분들 너무 친절하셔서 웃으면서 먹고 갔어요!!,사장님 직원분들 너무 친절하셔서 웃으면서 먹고 갔어요 EXCLAM,0,0,0,0,1,0,0,31,면
naver,이태리국시 성수,우야맘82,43.0,2026.04.25,1번째 방문,영수증,갑자기 성수 오게 되서 찾아보고 왔는데 새로운 음식들이 너무 맛있네요 특히 대창 파스타 느끼하지 않고 맛있고요 깍두기 리조트는 고기도 밥도 맛있어요,82,True,,,,갑자기 성수 오게 되서 찾아보고 왔는데 새로운 음식들이 너무 맛있네요 특히 대창 파스타 느끼하지 않고 맛있고요 깍두기 리조트는 고기도 밥도 맛있어요,갑자기 성수 오게 되서 찾아보고 왔는데 새로운 음식들이 너무 맛있네요 특히 대창 파스타 느끼하지 않고 맛있고요 깍두기 리조트는 고기도 밥도 맛있어요,0,0,0,0,0,0,0,82,"맛, 맛있, 음식, 고기, 밥, 파스타, 느끼"
naver,이태리국시 성수,비욘드텔라,57.0,2026.05.01,1번째 방문,영수증,음식이 다 너무 맛있었어요 분위기도 좋았고 다음에다시 오고싶어지네요—^^,40,True,,,,음식이 다 너무 맛있었어요 분위기도 좋았고 다음에다시 오고싶어지네요—^^,음식이 다 너무 맛있었어요 분위기도 좋았고 다음에다시 오고싶어지네요,0,0,0,0,0,0,0,40,"맛, 맛있, 음식"
naver,금금 성수점,seohyeonie,34.0,2026.03.07,1번째 방문,영수증,음식도 정갈하고 직원분들도 친절하세요!! 친구랑 같이 저녁으로 밥 먹기 좋은 장소인거 같아요~~ 다음에 성수 오면 또 올거 같아요!! 추천해용🤍🤍,81,True,,,,음식도 정갈하고 직원분들도 친절하세요!! 친구랑 같이 저녁으로 밥 먹기 좋은 장소인거 같아요~~ 다음에 성수 오면 또 올거 같아요!! 추천해용🤍🤍,음식도 정갈하고 직원분들도 친절하세요 EXCLAM 친구랑 같이 저녁으로 밥 먹기 좋은 장소인거 같아요 TILDE 다음에 성수 오면 또 올거 같아요 EXCLAM 추천해용 EMO_POS EMO_POS,1,0,0,0,1,0,0,81,"음식, 면, 밥"
kakao,일등식당,솔직한리뷰,173.0,2025-09-03,,,맑은 뼈해장국 입니다. 싱거운것 같은데 짠 것 같기도 한 특이한 간입니다. 다른가게와의 차별점이라면 고기입니다. 손질깔끔하게 하시는게 느껴지고요. 딱 정해진 양 다 팔리면 문닫는 가게이니 만큼 고기가 정말 신선해요. 내가 뼈해장국 먹으면서 고기질이 좋다고 느껴본거 처음입니다.,154,False,4.0,3.6,골드 레벨,맑은 뼈해장국 입니다. 싱거운것 같은데 짠 것 같기도 한 특이한 간입니다. 다른가게와의 차별점이라면 고기입니다. 손질깔끔하게 하시는게 느껴지고요. 딱 정해진 양 다 팔리면 문닫는 가게이니 만큼 고기가 정말 신선해요. 내가 뼈해장국 먹으면서 고기질이 좋다고 느껴본거 처음입니다.,맑은 뼈해장국 입니다 싱거운것 같은데 짠 것 같기도 한 특이한 간입니다 다른가게와의 차별점이라면 고기입니다 손질깔끔하게 하시는게 느껴지고요 딱 정해진 양 다 팔리면 문닫는 가게이니 만큼 고기가 정말 신선해요 내가 뼈해장국 먹으면서 고기질이 좋다고 느껴본거 처음입니다,0,0,0,0,0,0,0,154,"양, 간, 고기, 면"
kakao,소문난성수감자탕,ㅡ,31.0,2025-04-28,,,진짜별로다 예전에도 별로여서 안가다가 줄이길어서 오랜만에 갔는데 가격은오르고 예전보다 더 별로임. 예전엔 살도많고 감자도많고 성수치고 많이비싸지않아 가성비라도 있었음. 동네감자탕집 아무데나가도 이정도는 함. 맛도그저그렇고 뼈는많은데 살도없고 감자 몇개없고 시레기 질기고 메리트가전혀없다.,160,True,2.0,3.1,실버 레벨,진짜별로다 예전에도 별로여서 안가다가 줄이길어서 오랜만에 갔는데 가격은오르고 예전보다 더 별로임. 예전엔 살도많고 감자도많고 성수치고 많이비싸지않아 가성비라도 있었음. 동네감자탕집 아무데나가도 이정도는 함. 맛도그저그렇고 뼈는많은데 살도없고 감자 몇개없고 시레기 질기고 메리트가전혀없다.,진짜별로다 예전에도 별로여서 안가다가 줄이길어서 오랜만에 갔는데 가격은오르고 예전보다 더 별로임 예전엔 살도많고 감자도많고 성수치고 많이비싸지않아 가성비라도 있었음 동네감자탕집 아무데나가도 이정도는 함 맛도그저그렇고 뼈는많은데 살도없고 감자 몇개없고 시레기 질기고 메리트가전혀없다,0,0,0,0,0,0,0,160,"맛, 감자탕, 질기, 짜"
naver,육산장 홍대본점,girl0316,36.0,2026.03.21,1번째 방문,영수증,고기도 두툼하고 육즙 가득! 너무 맛있게 잘 먹었습니다!!,32,True,,,,고기도 두툼하고 육즙 가득! 너무 맛있게 잘 먹었습니다!!,고기도 두툼하고 육즙 가득 EXCLAM 너무 맛있게 잘 먹었습니다 EXCLAM,0,0,0,0,1,0,0,32,"맛, 맛있, 고기"
kakao,을밀대 본점,움파룸파,54.0,2025-03-10,,,"다른 이름있는 평냉집이랑은 또다른 특색있는 평냉집. 너무 독특해서 딱히 비교할 만한 평냉집도 없고, 평냉 초보에게는 제일 강추하는 곳! 그리고 본점이 제일이다.. ㅇㅈ하는 평냉집 중 하나",104,False,5.0,4.0,실버 레벨,"다른 이름있는 평냉집이랑은 또다른 특색있는 평냉집. 너무 독특해서 딱히 비교할 만한 평냉집도 없고, 평냉 초보에게는 제일 강추하는 곳! 그리고 본점이 제일이다.. ㅇㅈ하는 평냉집 중 하나",다른 이름있는 평냉집이랑은 또다른 특색있는 평냉집 너무 독특해서 딱히 비교할 만한 평냉집도 없고 평냉 초보에게는 제일 강추하는 곳 EXCLAM 그리고 본점이 제일이다 하는 평냉집 중 하나,0,0,0,0,1,0,0,104,평냉
kakao,훼미리손칼국수보쌈,슛슛,224.0,2025-06-10,,,보쌈은 나쁘진 않았구 칼국수는 시판 건면에 후추범벅이긴 했는데 김치는 좋았어요. 다만 위생적이지 않았고 웨이팅하는 이유를 모르겠어요,73,True,2.0,3.5,골드 레벨,보쌈은 나쁘진 않았구 칼국수는 시판 건면에 후추범벅이긴 했는데 김치는 좋았어요. 다만 위생적이지 않았고 웨이팅하는 이유를 모르겠어요,보쌈은 나쁘진 않았구 칼국수는 시판 건면에 후추범벅이긴 했는데 김치는 좋았어요 다만 위생적이지 않았고 웨이팅하는 이유를 모르겠어요,0,0,0,0,0,0,0,73,"면, 김치, 보쌈"
kakao,뼈탄집 성수역점,.,2.0,2026-03-13,,,예전에 우연히 한번 왔다가 너무 맛있어사 성수 들린김에 또 왔어요!!! 고기도 직접 구워주셔서 너무 편하고 테이블도 널찍널찍 해서 좋아용 고기는 물론 계탄밥도 존맛이고 직원분들도 하나같이 다 친절하십니다 완전 만족스런 식사에요🥰,127,True,5.0,5.0,브론즈 레벨,예전에 우연히 한번 왔다가 너무 맛있어사 성수 들린김에 또 왔어요!!! 고기도 직접 구워주셔서 너무 편하고 테이블도 널찍널찍 해서 좋아용 고기는 물론 계탄밥도 존맛이고 직원분들도 하나같이 다 친절하십니다 완전 만족스런 식사에요🥰,예전에 우연히 한번 왔다가 너무 맛있어사 성수 들린김에 또 왔어요 EXCLAM 고기도 직접 구워주셔서 너무 편하고 테이블도 널찍널찍 해서 좋아용 고기는 물론 계탄밥도 존맛이고 직원분들도 하나같이 다 친절하십니다 완전 만족스런 식사에요 EMO_POS,1,0,0,0,1,0,0,127,"맛, 맛있, 고기, 밥"
naver,홍대 육지,mrs****,8.0,2026.04.28,1번째 방문,영수증,친절한 서비스에 일단 감동으로 시작... 쾌적한 공간에 잔잔한 bgm.. 돈대갈비 👍 .. 모든 🐖 🐷 👍👍👍 호강하는 하루였어요.^^,75,True,,,,친절한 서비스에 일단 감동으로 시작... 쾌적한 공간에 잔잔한 bgm.. 돈대갈비 👍 .. 모든 🐖 🐷 👍👍👍 호강하는 하루였어요.^^,친절한 서비스에 일단 감동으로 시작 쾌적한 공간에 잔잔한 bgm 돈대갈비 EMO_POS 모든 EMO_POS EMO_POS EMO_POS 호강하는 하루였어요,1,0,0,0,0,0,0,75,간
naver,보끔당 성수점,thd****,23.0,2026.04.29,1번째 방문,영수증,맛있어요! 리뷰적는데 또 먹고싶네요!,20,True,,,,맛있어요! 리뷰적는데 또 먹고싶네요!,맛있어요 EXCLAM 리뷰적는데 또 먹고싶네요 EXCLAM,0,0,0,0,1,0,0,20,"맛, 맛있"
naver,이태리국시 성수,jo****,18.0,2026.03.09,1번째 방문,영수증,고소한 곱창의 풍미와 크리미한 파스타 소스가 의외로 잘 어울려 독특한 맛을 만든다. 곱창의 쫄깃한 식감이 파스타와 조화를 이루어 식감이 재미있다. 다만 곱창 특유의 향 때문에 호불호가 조금 갈릴 수 있다. 🍝,116,True,,,,고소한 곱창의 풍미와 크리미한 파스타 소스가 의외로 잘 어울려 독특한 맛을 만든다. 곱창의 쫄깃한 식감이 파스타와 조화를 이루어 식감이 재미있다. 다만 곱창 특유의 향 때문에 호불호가 조금 갈릴 수 있다. 🍝,고소한 곱창의 풍미와 크리미한 파스타 소스가 의외로 잘 어울려 독특한 맛을 만든다 곱창의 쫄깃한 식감이 파스타와 조화를 이루어 식감이 재미있다 다만 곱창 특유의 향 때문에 호불호가 조금 갈릴 수 있다,0,0,0,0,0,0,0,116,"맛, 식감, 소스, 파스타"
kakao,일등식당,자끄,2.0,2026-01-02,,,집에 가는 길에 매번 포장해서 가는데 맛있어요 양도 진짜 많고!!,36,False,5.0,5.0,브론즈 레벨,집에 가는 길에 매번 포장해서 가는데 맛있어요 양도 진짜 많고!!,집에 가는 길에 매번 포장해서 가는데 맛있어요 양도 진짜 많고 EXCLAM,0,0,0,0,1,0,0,36,"맛, 맛있, 양, 짜"
kakao,홍대 조선시대,백재이,1.0,2025-12-23,,,"조선시대 컨셉에 맞춘 분위기가 너무 재밌었고, 여자 2명 기준 안주도 양이 많았어요! 딸기 막걸리 너무 맛있으니 다들 드셔요… 🍓 소주값도 다른 곳보다 저렴합니당!!!",93,False,5.0,5.0,브론즈 레벨,"조선시대 컨셉에 맞춘 분위기가 너무 재밌었고, 여자 2명 기준 안주도 양이 많았어요! 딸기 막걸리 너무 맛있으니 다들 드셔요… 🍓 소주값도 다른 곳보다 저렴합니당!!!",조선시대 컨셉에 맞춘 분위기가 너무 재밌었고 여자 2명 기준 안주도 양이 많았어요 EXCLAM 딸기 막걸리 너무 맛있으니 다들 드셔요 소주값도 다른 곳보다 저렴합니당 EXCLAM,0,0,0,0,1,0,1,93,"맛, 맛있, 양"
kakao,락희옥 마포본점,그냥직장인,64.0,2025-11-15,,,프라이빗하게 장소 격리가 필요해보임 그렇기에 중요한 약속 장소로를 부적합 가격 대비 분위기가 시끄러움 음식은 평범보다 살짝 위,70,True,3.0,3.5,실버 레벨,프라이빗하게 장소 격리가 필요해보임 그렇기에 중요한 약속 장소로를 부적합 가격 대비 분위기가 시끄러움 음식은 평범보다 살짝 위,프라이빗하게 장소 격리가 필요해보임 그렇기에 중요한 약속 장소로를 부적합 가격 대비 분위기가 시끄러움 음식은 평범보다 살짝 위,0,0,0,0,0,0,0,70,음식
naver,육산장 홍대본점,닥터브로우 강남점,30.0,2026.03.26,1번째 방문,영수증,날씨도 좋은데 분위기도 좋고 고기 참 맛나요 복분자 술도 술술 들어가네요!! 친목하기 최고!!! 다음에 또 방문할게요👍🏻,67,True,,,,날씨도 좋은데 분위기도 좋고 고기 참 맛나요 복분자 술도 술술 들어가네요!! 친목하기 최고!!! 다음에 또 방문할게요👍🏻,날씨도 좋은데 분위기도 좋고 고기 참 맛나요 복분자 술도 술술 들어가네요 EXCLAM 친목하기 최고 EXCLAM 다음에 또 방문할게요 EMO_POS,1,0,0,0,1,0,0,67,"맛, 고기"
naver,락희옥 마포본점,냥냥냥냐냥냥냥81,13.0,2025.10.08,1번째 방문,영수증,식사류는 나름 저렴한데 깔끔하고 맛있습니다. 그래도 수육이나 차돌 같은 메인 디쉬가 비싸도 비싼 값을 하고 훨씬 더 맛있어요,69,True,,,,식사류는 나름 저렴한데 깔끔하고 맛있습니다. 그래도 수육이나 차돌 같은 메인 디쉬가 비싸도 비싼 값을 하고 훨씬 더 맛있어요,식사류는 나름 저렴한데 깔끔하고 맛있습니다 그래도 수육이나 차돌 같은 메인 디쉬가 비싸도 비싼 값을 하고 훨씬 더 맛있어요,0,0,0,0,0,0,0,69,"맛, 맛있"
naver,금금 성수점,김성공36,42.0,2026.03.23,1번째 방문,영수증,메뉴 하나하나 모두 정성스럽고 건강한 맛입니다~!! 예뻐서 눈으로 보는것도 즐겁고요 단백해서 계속계속 들어가네요~! 감칠맛이 대박이에요. 막걸리랑 정말 잘 어울립니다. 넘 맛있어요!!,102,True,,,,메뉴 하나하나 모두 정성스럽고 건강한 맛입니다~!! 예뻐서 눈으로 보는것도 즐겁고요 단백해서 계속계속 들어가네요~! 감칠맛이 대박이에요. 막걸리랑 정말 잘 어울립니다. 넘 맛있어요!!,메뉴 하나하나 모두 정성스럽고 건강한 맛입니다 EXCLAM 예뻐서 눈으로 보는것도 즐겁고요 단백해서 계속계속 들어가네요 EXCLAM 감칠맛이 대박이에요 막걸리랑 정말 잘 어울립니다 넘 맛있어요 EXCLAM,0,0,0,0,1,0,0,102,"맛, 맛있, 메뉴"
kakao,쭌곱창,ㅎ,2.0,2025-06-28,,,매장이 넓진 않지만 아늑한 분위기라 친구들이랑 조용히 떠들면서 먹기에 ㅈ정말 좋았고 양이 정말 푸짐해서 좋았어요,62,True,5.0,5.0,브론즈 레벨,매장이 넓진 않지만 아늑한 분위기라 친구들이랑 조용히 떠들면서 먹기에 ㅈ정말 좋았고 양이 정말 푸짐해서 좋았어요,매장이 넓진 않지만 아늑한 분위기라 친구들이랑 조용히 떠들면서 먹기에 정말 좋았고 양이 정말 푸짐해서 좋았어요,0,0,0,0,0,0,0,62,"양, 면"
kakao,육산장 홍대본점,J,5.0,2026-04-09,,,봄비 촉촉하니 감성도 채우고싶고 고기도 충전 빡! 하고싶어 검색하다 왔는데 우대갈비도 제대로에 홍대 한복판에서 산장 야장감성 느낄수있어서 좋네요 ㅎㅎ 된장찌개 너무맛있어서 고기배 밥배 꽉꽉채웁니동..🥰,112,True,5.0,5.0,브론즈 레벨,봄비 촉촉하니 감성도 채우고싶고 고기도 충전 빡! 하고싶어 검색하다 왔는데 우대갈비도 제대로에 홍대 한복판에서 산장 야장감성 느낄수있어서 좋네요 ㅎㅎ 된장찌개 너무맛있어서 고기배 밥배 꽉꽉채웁니동..🥰,봄비 촉촉하니 감성도 채우고싶고 고기도 충전 빡 EXCLAM 하고싶어 검색하다 왔는데 우대갈비도 제대로에 홍대 한복판에서 산장 야장감성 느낄수있어서 좋네요 된장찌개 너무맛있어서 고기배 밥배 꽉꽉채웁니동 EMO_POS,1,0,0,0,1,0,0,112,"맛, 맛있, 고기, 밥"
kakao,이태리국시 성수,현경,1.0,2026-03-29,,,분위기도 좋고 새로운 메뉴가 많아 색다른 경험을 즐길수 있습니다. 다음에 또 새로운 메뉴를 접하러 또 올 것 같습니다.,66,True,4.0,4.0,브론즈 레벨,분위기도 좋고 새로운 메뉴가 많아 색다른 경험을 즐길수 있습니다. 다음에 또 새로운 메뉴를 접하러 또 올 것 같습니다.,분위기도 좋고 새로운 메뉴가 많아 색다른 경험을 즐길수 있습니다 다음에 또 새로운 메뉴를 접하러 또 올 것 같습니다,0,0,0,0,0,0,0,66,메뉴
naver,각시보쌈,톡톡홍쌤,806.0,2025.06.22,1번째 방문,예약,"항정살로 만든 보쌈 부드럽고 비계가 많지 않고 항정살의 기름을 가진 부드러운 보쌈 최고입니다 손님이 많아요, 예약하거나 포장한후 픽업도 가능하답니다. 배달은 안돼요",91,True,,,,"항정살로 만든 보쌈 부드럽고 비계가 많지 않고 항정살의 기름을 가진 부드러운 보쌈 최고입니다 손님이 많아요, 예약하거나 포장한후 픽업도 가능하답니다. 배달은 안돼요",항정살로 만든 보쌈 부드럽고 비계가 많지 않고 항정살의 기름을 가진 부드러운 보쌈 최고입니다 손님이 많아요 예약하거나 포장한후 픽업도 가능하답니다 배달은 안돼요,0,0,0,0,0,0,0,91,보쌈
naver,락희옥 마포본점,원이554,22.0,2025.09.10,1번째 방문,영수증,김치말이국수가 맛있어요~~ 보쌈도 맛있어요 일단 매장이 넓고 깔끔해서 좋아요! 주차도 편해서 추천합니다,57,True,,,,김치말이국수가 맛있어요~~ 보쌈도 맛있어요 일단 매장이 넓고 깔끔해서 좋아요! 주차도 편해서 추천합니다,김치말이국수가 맛있어요 TILDE 보쌈도 맛있어요 일단 매장이 넓고 깔끔해서 좋아요 EXCLAM 주차도 편해서 추천합니다,0,0,0,0,1,0,0,57,"맛, 맛있, 김치, 보쌈"
kakao,소문난성수감자탕,김참새,24.0,2025-11-02,,,인원수대로 주문해야됨 음식이 전체적으로 달다 탕 김치 소스 다.. 고기는 진짜 부드러움 근데 줄 서서 먹을 이유 없음,65,False,2.0,4.7,실버 레벨,인원수대로 주문해야됨 음식이 전체적으로 달다 탕 김치 소스 다.. 고기는 진짜 부드러움 근데 줄 서서 먹을 이유 없음,인원수대로 주문해야됨 음식이 전체적으로 달다 탕 김치 소스 다 고기는 진짜 부드러움 근데 줄 서서 먹을 이유 없음,0,0,0,0,0,0,0,65,"음식, 고기, 소스, 김치, 짜"
naver,일등식당,vhohgg8178,323.0,2026.03.13,1번째 방문,영수증,고기는 최고 부드럽다 국물은보통 반찬은 맛없다,25,True,,,,고기는 최고 부드럽다 국물은보통 반찬은 맛없다,고기는 최고 부드럽다 국물은보통 반찬은 맛없다,0,0,0,0,0,0,0,25,"맛, 맛없, 고기, 국물, 반찬"
naver,훼미리손칼국수보쌈,팔로우하면 손해 놉,826.0,2025.05.16,1번째 방문,영수증,"성수동에 위치한 맛집 ""훼미리손칼국수보쌈"" 다녀왔습니다. 이전부터 유명했는데 나혼자산다 전현무, 이주승 맛집 으로 더 유명한 곳! 이라고 해서 가봤어요. 비가엄청 오는날이라 더 땡기는듯~^^ 금요일 5시쯤 도착했는데 이미 웨이팅 시작요~ ㅠㅠ 저녁을 다들 일찍도 드시네요~ 주차는 바로앞 거주자 주차 2자리 있고요 자리없음 근처 유료주차장 가셔야합니다. 주문한 메뉴는 보쌈정식, 제로콜라 있어요~ 보쌈과 공기밥, 칼국수 이렇게 나옵니다. 보쌈은 잡내없고 칼국수는 사골베이스 국물이고요. 사골베이스국물 안좋아하시면 안맞으실겁니다. 맛은 이집 괜찮네~ 하는 정도? 맛있게 먹었어요. 공기밥은 공기에 반정도 주시네요~ 양이 그렇게 많은건 아니라 두명이가서 정식2, 파전이나 감자전 추가하시는걸 추천해요~ 회전빨라서 다행",399,True,,,,"성수동에 위치한 맛집 ""훼미리손칼국수보쌈"" 다녀왔습니다. 이전부터 유명했는데 나혼자산다 전현무, 이주승 맛집 으로 더 유명한 곳! 이라고 해서 가봤어요. 비가엄청 오는날이라 더 땡기는듯~^^ 금요일 5시쯤 도착했는데 이미 웨이팅 시작요~ ㅠㅠ 저녁을 다들 일찍도 드시네요~ 주차는 바로앞 거주자 주차 2자리 있고요 자리없음 근처 유료주차장 가셔야합니다. 주문한 메뉴는 보쌈정식, 제로콜라 있어요~ 보쌈과 공기밥, 칼국수 이렇게 나옵니다. 보쌈은 잡내없고 칼국수는 사골베이스 국물이고요. 사골베이스국물 안좋아하시면 안맞으실겁니다. 맛은 이집 괜찮네~ 하는 정도? 맛있게 먹었어요. 공기밥은 공기에 반정도 주시네요~ 양이 그렇게 많은건 아니라 두명이가서 정식2, 파전이나 감자전 추가하시는걸 추천해요~ 회전빨라서 다행",성수동에 위치한 맛집 훼미리손칼국수보쌈 다녀왔습니다 이전부터 유명했는데 나혼자산다 전현무 이주승 맛집 으로 더 유명한 곳 EXCLAM 이라고 해서 가봤어요 비가엄청 오는날이라 더 땡기는듯 금요일 5시쯤 도착했는데 이미 웨이팅 시작요 저녁을 다들 일찍도 드시네요 주차는 바로앞 거주자 주차 2자리 있고요 자리없음 근처 유료주차장 가셔야합니다 주문한 메뉴는 보쌈정식 제로콜라 있어요 보쌈과 공기밥 칼국수 이렇게 나옵니다 보쌈은 잡내없고 칼국수는 사골베이스 국물이고요 사골베이스국물 안좋아하시면 안맞으실겁니다 맛은 이집 괜찮네 하는 정도 QUESTION 맛있게 먹었어요 공기밥은 공기에 반정도 주시네요 양이 그렇게 많은건 아니라 두명이가서 정식2 파전이나 감자전 추가하시는걸 추천해요 회전빨라서 다행,0,0,0,1,1,1,1,399,"맛, 맛있, 메뉴, 양, 면, 밥, 국물, 보쌈, 잡내"
naver,할머니의 레시피,tir****,458.0,2025.11.25,1번째 방문,영수증,음식들이 정갈하고 맛있어요. 특히 호박죽 맛있게 먹었어요. 분위기도 좋고 친절해요.,46,True,,,,음식들이 정갈하고 맛있어요. 특히 호박죽 맛있게 먹었어요. 분위기도 좋고 친절해요.,음식들이 정갈하고 맛있어요 특히 호박죽 맛있게 먹었어요 분위기도 좋고 친절해요,0,0,0,0,0,0,0,46,"맛, 맛있, 음식"
naver,각시보쌈,Country Road,89.0,2025.07.30,1번째 방문,영수증,압도적인 쟁반국수양에 깜짝 놀라는~ 밑반찬도 잘 나오고 저렴한 가격에 보쌈도 맛있게 잘 먹었습니다.,55,True,,,,압도적인 쟁반국수양에 깜짝 놀라는~ 밑반찬도 잘 나오고 저렴한 가격에 보쌈도 맛있게 잘 먹었습니다.,압도적인 쟁반국수양에 깜짝 놀라는 밑반찬도 잘 나오고 저렴한 가격에 보쌈도 맛있게 잘 먹었습니다,0,0,0,0,0,0,0,55,"맛, 맛있, 양, 반찬, 보쌈"
naver,훼미리손칼국수보쌈,Y3AH,252.0,2026.03.29,1번째 방문,예약,"성수에서 15,000원에 칼국수 포함 보쌈정식이라니,, 가성비가 조아요 고기는 살코기 부분이 퍽퍽한 느낌이 있었는데 보쌈김치가 넘 맛있었어요 조금 달긴했지만 보쌈이랑 조합이 👍🏻 칼국수는 사골 베이스에 후추 맛이 많이 나는 스타일인데 깔끔하게 맛있었어요! 주말 16시 반에 방문했고, 웨이팅은 없었는데 혼자여서 합석해야 될 수도 있다고 안내 받았습니당~",197,True,,,,"성수에서 15,000원에 칼국수 포함 보쌈정식이라니,, 가성비가 조아요 고기는 살코기 부분이 퍽퍽한 느낌이 있었는데 보쌈김치가 넘 맛있었어요 조금 달긴했지만 보쌈이랑 조합이 👍🏻 칼국수는 사골 베이스에 후추 맛이 많이 나는 스타일인데 깔끔하게 맛있었어요! 주말 16시 반에 방문했고, 웨이팅은 없었는데 혼자여서 합석해야 될 수도 있다고 안내 받았습니당~",성수에서 15 000원에 칼국수 포함 보쌈정식이라니 가성비가 조아요 고기는 살코기 부분이 퍽퍽한 느낌이 있었는데 보쌈김치가 넘 맛있었어요 조금 달긴했지만 보쌈이랑 조합이 EMO_POS 칼국수는 사골 베이스에 후추 맛이 많이 나는 스타일인데 깔끔하게 맛있었어요 EXCLAM 주말 16시 반에 방문했고 웨이팅은 없었는데 혼자여서 합석해야 될 수도 있다고 안내 받았습니당,1,0,0,0,1,0,1,197,"맛, 맛있, 고기, 김치, 보쌈"
naver,원조 조박집 본관,yos****,1202.0,2026.01.14,14번째 방문,영수증,맛집임이도 친절하고 맛있습니다.,17,True,,,,맛집임이도 친절하고 맛있습니다.,맛집임이도 친절하고 맛있습니다,0,0,0,0,0,0,0,17,"맛, 맛있"
naver,뼈탄집 성수역점,됴됴9487,65.0,2026.03.14,1번째 방문,영수증,우연히 길 가다가 들어온 곳인데 블루리본도 받고 연예인싸인도 많은 맛집이였어요!! 고기도 직접 다 구워주고 맛집인정입니다👍👍양념장도 너무 맛있어요,81,True,,,,우연히 길 가다가 들어온 곳인데 블루리본도 받고 연예인싸인도 많은 맛집이였어요!! 고기도 직접 다 구워주고 맛집인정입니다👍👍양념장도 너무 맛있어요,우연히 길 가다가 들어온 곳인데 블루리본도 받고 연예인싸인도 많은 맛집이였어요 EXCLAM 고기도 직접 다 구워주고 맛집인정입니다 EMO_POS EMO_POS 양념장도 너무 맛있어요,1,0,0,0,1,0,0,81,"맛, 맛있, 양, 고기"
naver,을밀대 평양냉면,숩이잉,133.0,2025.07.24,1번째 방문,예약,"저녁 8시 조금 넘어 도착했고, 20분 정도 웨이팅한 것 같습니다. 제일 중요한 맛은 30분 이상 웨이팅해도 만족하며 먹을 맛입니다. 온육수부터 만족스럽게 마셨는데 역시 냉면도 너무 맛있습니다. 여러번 방문했던 친구의 추천으로 ‘거냉 면많이’ 요청드린 후 먹은 것인데 양도 많은 편입니다 :) 조만간 곧 또 방문할 예정입니다.",182,True,,,,"저녁 8시 조금 넘어 도착했고, 20분 정도 웨이팅한 것 같습니다. 제일 중요한 맛은 30분 이상 웨이팅해도 만족하며 먹을 맛입니다. 온육수부터 만족스럽게 마셨는데 역시 냉면도 너무 맛있습니다. 여러번 방문했던 친구의 추천으로 ‘거냉 면많이’ 요청드린 후 먹은 것인데 양도 많은 편입니다 :) 조만간 곧 또 방문할 예정입니다.",저녁 8시 조금 넘어 도착했고 20분 정도 웨이팅한 것 같습니다 제일 중요한 맛은 30분 이상 웨이팅해도 만족하며 먹을 맛입니다 온육수부터 만족스럽게 마셨는데 역시 냉면도 너무 맛있습니다 여러번 방문했던 친구의 추천으로 거냉 면많이 요청드린 후 먹은 것인데 양도 많은 편입니다 조만간 곧 또 방문할 예정입니다,0,0,0,0,0,0,1,182,"맛, 맛있, 양, 간, 면, 냉면"
naver,락희옥 마포본점,지혜6358,83.0,2025.06.27,1번째 방문,영수증,"모임으로 왔는데 고기부터 반찬까지 하나하나 정성 가득하고, 직원분들도 친절해서 기분 좋게 식사했어요. 분위기도 좋아서 재방문 의사 있어용!!! 맛과 서비스 모두 만족스러웠습니다 :) 너무 맛있어요👍😍",111,True,,,,"모임으로 왔는데 고기부터 반찬까지 하나하나 정성 가득하고, 직원분들도 친절해서 기분 좋게 식사했어요. 분위기도 좋아서 재방문 의사 있어용!!! 맛과 서비스 모두 만족스러웠습니다 :) 너무 맛있어요👍😍",모임으로 왔는데 고기부터 반찬까지 하나하나 정성 가득하고 직원분들도 친절해서 기분 좋게 식사했어요 분위기도 좋아서 재방문 의사 있어용 EXCLAM 맛과 서비스 모두 만족스러웠습니다 너무 맛있어요 EMO_POS EMO_POS,1,0,0,0,1,0,0,111,"맛, 맛있, 고기, 반찬"
kakao,육지,상훈,4.0,2025-09-08,,,너무 맛있었습니다 !,11,True,5.0,5.0,브론즈 레벨,너무 맛있었습니다 !,너무 맛있었습니다 EXCLAM,0,0,0,0,1,0,0,11,"맛, 맛있"
kakao,각시보쌈,뭐이런걸다,7.0,2026-04-22,,,보쌈정식 가성비가 너무 좋음,15,True,5.0,5.0,브론즈 레벨,보쌈정식 가성비가 너무 좋음,보쌈정식 가성비가 너무 좋음,0,0,0,0,0,0,0,15,보쌈
naver,소문난성수감자탕,루트아,54.0,2025.11.20,1번째 방문,예약,흠 웨이팅은 생각보다 금방 빠졌는데 사람이 앉지도 않았는데 계속 주문해라고 뭐라하시듯이 말씀하시는 직원분뷰터 시작해서 전체적으로 친절하지는 않으심 맛도 그냥 그랬던 고기는 부드러웠어요 전체적으로 가성비가 좋지는 않았어요 친절까지는 바라지 않지만 적어도 사람이 기분 나쁘다고 생각할정도로 응대는 하지 않으시면 좋겠네요 재방문 의사는 없습니다~,190,False,,,,흠 웨이팅은 생각보다 금방 빠졌는데 사람이 앉지도 않았는데 계속 주문해라고 뭐라하시듯이 말씀하시는 직원분뷰터 시작해서 전체적으로 친절하지는 않으심 맛도 그냥 그랬던 고기는 부드러웠어요 전체적으로 가성비가 좋지는 않았어요 친절까지는 바라지 않지만 적어도 사람이 기분 나쁘다고 생각할정도로 응대는 하지 않으시면 좋겠네요 재방문 의사는 없습니다~,흠 웨이팅은 생각보다 금방 빠졌는데 사람이 앉지도 않았는데 계속 주문해라고 뭐라하시듯이 말씀하시는 직원분뷰터 시작해서 전체적으로 친절하지는 않으심 맛도 그냥 그랬던 고기는 부드러웠어요 전체적으로 가성비가 좋지는 않았어요 친절까지는 바라지 않지만 적어도 사람이 기분 나쁘다고 생각할정도로 응대는 하지 않으시면 좋겠네요 재방문 의사는 없습니다,0,0,0,0,0,0,0,190,"맛, 고기, 면"
naver,조선시대,kkshh,28.0,2026.04.13,1번째 방문,영수증,한국적 느낌 너무 좋아서 외국인 친구들 데리고 왔어요!! 딸기 막걸리 너무 맛있어용,46,True,,,,한국적 느낌 너무 좋아서 외국인 친구들 데리고 왔어요!! 딸기 막걸리 너무 맛있어용,한국적 느낌 너무 좋아서 외국인 친구들 데리고 왔어요 EXCLAM 딸기 막걸리 너무 맛있어용,0,0,0,0,1,0,0,46,"맛, 맛있"
kakao,능동미나리 성수점,뿌쀼,49.0,2025-06-01,,,웨이팅 있어도 기다리세요! 매장 넓어서 회전율 짱빠름!!! 금욜 저녁6:20분쯤 방문 했는데 10분도 안되어서 들어갔어요~~~ 진심 육회비빔밥이 다른곳이랑 맛이 다르면서 맛있고 육전도 강추!!! 진짜 또 올듯,116,True,5.0,4.5,실버 레벨,웨이팅 있어도 기다리세요! 매장 넓어서 회전율 짱빠름!!! 금욜 저녁6:20분쯤 방문 했는데 10분도 안되어서 들어갔어요~~~ 진심 육회비빔밥이 다른곳이랑 맛이 다르면서 맛있고 육전도 강추!!! 진짜 또 올듯,웨이팅 있어도 기다리세요 EXCLAM 매장 넓어서 회전율 짱빠름 EXCLAM 금욜 저녁6 20분쯤 방문 했는데 10분도 안되어서 들어갔어요 TILDE 진심 육회비빔밥이 다른곳이랑 맛이 다르면서 맛있고 육전도 강추 EXCLAM 진짜 또 올듯,0,0,0,0,1,0,1,116,"맛, 맛있, 면, 밥, 짜"
naver,소문난성수감자탕,김꼬로미,1222.0,2026.02.16,2번째 방문,영수증,포장했어요 맛있어요,10,True,,,,포장했어요 맛있어요,포장했어요 맛있어요,0,0,0,0,0,0,0,10,"맛, 맛있"
naver,옥동식,libra1978,3329.0,2025.06.10,13번째 방문,영수증,깔끔하고 단백한 맛~ 합정오면 생각나는 맛~ 맛있어요~,30,True,,,,깔끔하고 단백한 맛~ 합정오면 생각나는 맛~ 맛있어요~,깔끔하고 단백한 맛 합정오면 생각나는 맛 맛있어요,0,0,0,0,0,0,0,30,"맛, 맛있, 면"
naver,을밀대 평양냉면,365일무사히,2335.0,2025.09.12,1번째 방문,,우래옥보다 좀더 밍밍한 맛이네요,17,True,,,,우래옥보다 좀더 밍밍한 맛이네요,우래옥보다 좀더 밍밍한 맛이네요,0,0,0,0,0,0,0,17,맛
kakao,소문난성수감자탕,ㅁㄱ,6.0,2025-12-14,,,정말 최악 이네요 어떻게 관리 하시는 거죠? 맛은 그렇다 쳐도 사람 밥먹으러 왔는데 먹기 전에 기분 나쁘게 하는 법은 뭔가요? 안 그러셨으면 좋겠습니다.,85,False,1.0,3.3,실버 레벨,정말 최악 이네요 어떻게 관리 하시는 거죠? 맛은 그렇다 쳐도 사람 밥먹으러 왔는데 먹기 전에 기분 나쁘게 하는 법은 뭔가요? 안 그러셨으면 좋겠습니다.,정말 최악 이네요 어떻게 관리 하시는 거죠 QUESTION 맛은 그렇다 쳐도 사람 밥먹으러 왔는데 먹기 전에 기분 나쁘게 하는 법은 뭔가요 QUESTION 안 그러셨으면 좋겠습니다,0,0,0,0,0,1,0,85,"맛, 면, 밥"
naver,이태리국시 성수,ber****,371.0,2026.03.02,1번째 방문,영수증,숯불대창돌솥파스타 는 부드럽고 잘 익은 면에 기분 좋게 매콤한 대창과 파가 매력적인 파스타였어요. 숯불갈비 &amp; 깍두기돌솥리조또 는 촉촉 부드러운 깍두기가 들어간 꾸덕한 깍두기 돝솥 리조또였습니다. 숯불불고기쌈피자 는 또띠아 같은 담백한 얇은 피 위에 고소하면서 달달한 불고기와 신선한 채소가 올라가 있고 피자도우 위에 감칠맛있는 소스가 매력적인 고소한 피자에요!,206,True,,,,숯불대창돌솥파스타 는 부드럽고 잘 익은 면에 기분 좋게 매콤한 대창과 파가 매력적인 파스타였어요. 숯불갈비 &amp; 깍두기돌솥리조또 는 촉촉 부드러운 깍두기가 들어간 꾸덕한 깍두기 돝솥 리조또였습니다. 숯불불고기쌈피자 는 또띠아 같은 담백한 얇은 피 위에 고소하면서 달달한 불고기와 신선한 채소가 올라가 있고 피자도우 위에 감칠맛있는 소스가 매력적인 고소한 피자에요!,숯불대창돌솥파스타 는 부드럽고 잘 익은 면에 기분 좋게 매콤한 대창과 파가 매력적인 파스타였어요 숯불갈비 amp 깍두기돌솥리조또 는 촉촉 부드러운 깍두기가 들어간 꾸덕한 깍두기 돝솥 리조또였습니다 숯불불고기쌈피자 는 또띠아 같은 담백한 얇은 피 위에 고소하면서 달달한 불고기와 신선한 채소가 올라가 있고 피자도우 위에 감칠맛있는 소스가 매력적인 고소한 피자에요 EXCLAM,0,0,0,0,1,0,0,206,"맛, 맛있, 간, 고기, 면, 소스, 파스타, 피자"
kakao,옥동식 서교점,뾰잉,8.0,2025-08-26,,,그닥 웨이팅까지해서 먹을 맛 전혀 아닙니다~ 지극히 평범해요 어쩌다 맛집이 된거지 …,47,True,1.0,2.6,브론즈 레벨,그닥 웨이팅까지해서 먹을 맛 전혀 아닙니다~ 지극히 평범해요 어쩌다 맛집이 된거지 …,그닥 웨이팅까지해서 먹을 맛 전혀 아닙니다 지극히 평범해요 어쩌다 맛집이 된거지,0,0,0,0,0,0,0,47,맛
naver,장인닭갈비 홍대점,고하늘68,5.0,2026.04.11,1번째 방문,영수증,"토요일 점심에 먹으러 방문했는데, 줄이길어서 대기 엄청해야될 줄 알고 우왕좌왕하던와중 5분도 안되서 입장했습니다. 회전률도 빠르고 직원분들도 친절하셔서 오랜만에 만난 동생과 아주 맛나게 잘 먹었습니다~",112,True,,,,"토요일 점심에 먹으러 방문했는데, 줄이길어서 대기 엄청해야될 줄 알고 우왕좌왕하던와중 5분도 안되서 입장했습니다. 회전률도 빠르고 직원분들도 친절하셔서 오랜만에 만난 동생과 아주 맛나게 잘 먹었습니다~",토요일 점심에 먹으러 방문했는데 줄이길어서 대기 엄청해야될 줄 알고 우왕좌왕하던와중 5분도 안되서 입장했습니다 회전률도 빠르고 직원분들도 친절하셔서 오랜만에 만난 동생과 아주 맛나게 잘 먹었습니다,0,0,0,0,0,0,1,112,맛
naver,락희옥 마포본점,스펀지송22,8.0,2026.03.27,1번째 방문,영수증,음식이 깔끔하고 정갈해서 또 생각나는 맛입니다. 맛있게 잘 먹었습니다!,39,True,,,,음식이 깔끔하고 정갈해서 또 생각나는 맛입니다. 맛있게 잘 먹었습니다!,음식이 깔끔하고 정갈해서 또 생각나는 맛입니다 맛있게 잘 먹었습니다 EXCLAM,0,0,0,0,1,0,0,39,"맛, 맛있, 음식"
naver,이태리국시 성수,카린42,29.0,2026.04.25,1번째 방문,영수증,늦은 시간에도 방문할 수 있어서 맛있게 먹고 갑니다 제일 맛있었던건 대창파스타인데 매콤하면서도 딱 맛있었고 알배추 숯불갈비 샐러드도 한식 샐러드 답게 맛있었어요 갑오징어 빠에야는 눅눅해서 음 호불호가 좀 갈릴 수 있을 것 같아요 비린 맛을 잡아주시는게 좋을 것 같네요,149,True,,,,늦은 시간에도 방문할 수 있어서 맛있게 먹고 갑니다 제일 맛있었던건 대창파스타인데 매콤하면서도 딱 맛있었고 알배추 숯불갈비 샐러드도 한식 샐러드 답게 맛있었어요 갑오징어 빠에야는 눅눅해서 음 호불호가 좀 갈릴 수 있을 것 같아요 비린 맛을 잡아주시는게 좋을 것 같네요,늦은 시간에도 방문할 수 있어서 맛있게 먹고 갑니다 제일 맛있었던건 대창파스타인데 매콤하면서도 딱 맛있었고 알배추 숯불갈비 샐러드도 한식 샐러드 답게 맛있었어요 갑오징어 빠에야는 눅눅해서 음 호불호가 좀 갈릴 수 있을 것 같아요 비린 맛을 잡아주시는게 좋을 것 같네요,0,0,0,0,0,0,0,149,"맛, 맛있, 간, 면, 파스타, 샐러드"
naver,훼미리손칼국수보쌈,고독한혼밥러,899.0,2025.11.20,1번째 방문,영수증,보쌈정식이진짜미쳤어요 보쌈고기 비계랑 비율이 진짜 좋고 칼국수는 리필도 되는데ㅜㅜ 양념장 꼭넣어서 먹어야해요!,61,True,,,,보쌈정식이진짜미쳤어요 보쌈고기 비계랑 비율이 진짜 좋고 칼국수는 리필도 되는데ㅜㅜ 양념장 꼭넣어서 먹어야해요!,보쌈정식이진짜미쳤어요 보쌈고기 비계랑 비율이 진짜 좋고 칼국수는 리필도 되는데 양념장 꼭넣어서 먹어야해요 EXCLAM,0,0,0,1,1,0,0,61,"양, 고기, 보쌈, 짜"
kakao,육산장 홍대본점,김희진,29.0,2025-07-14,,,맛있어요,4,True,5.0,4.4,실버 레벨,맛있어요,맛있어요,0,0,0,0,0,0,0,4,"맛, 맛있"
kakao,소문난성수감자탕,👩🏻‍🌾,216.0,2026-01-10,,,"저희 웨이팅 하고 들어갔는데, 먹는 중에 쫓겨났어요 계속 뭐 더 시킬거냐고 물어보길래 수제비도 먹고 잘 먹고 있는데 결국에 좀 반찬 정리 도와줄까요? 라규 해서 찬만 정리하는 줄 알았는데 제 숫가락과 앞접시를 다 들어 감자탕 통에 담으시더라고요; 너무 불쾌하고 친구 목도리도 책상에 있는데 그냥 물 부우셔서 치우셨어요 제가 그만하라고 말씀드려서 그만하셨지 목도리 더러워지거나 손님 물건 더러워지면 변상 어떻게 하려고 그러시는 건지 생각좀 하시고 행동하셨으면 좋겠습니다. 고기 개 퍽퍽해요 살 없어요 굳이?",282,True,1.0,3.6,골드 레벨,"저희 웨이팅 하고 들어갔는데, 먹는 중에 쫓겨났어요 계속 뭐 더 시킬거냐고 물어보길래 수제비도 먹고 잘 먹고 있는데 결국에 좀 반찬 정리 도와줄까요? 라규 해서 찬만 정리하는 줄 알았는데 제 숫가락과 앞접시를 다 들어 감자탕 통에 담으시더라고요; 너무 불쾌하고 친구 목도리도 책상에 있는데 그냥 물 부우셔서 치우셨어요 제가 그만하라고 말씀드려서 그만하셨지 목도리 더러워지거나 손님 물건 더러워지면 변상 어떻게 하려고 그러시는 건지 생각좀 하시고 행동하셨으면 좋겠습니다. 고기 개 퍽퍽해요 살 없어요 굳이?",저희 웨이팅 하고 들어갔는데 먹는 중에 쫓겨났어요 계속 뭐 더 시킬거냐고 물어보길래 수제비도 먹고 잘 먹고 있는데 결국에 좀 반찬 정리 도와줄까요 QUESTION 라규 해서 찬만 정리하는 줄 알았는데 제 숫가락과 앞접시를 다 들어 감자탕 통에 담으시더라고요 너무 불쾌하고 친구 목도리도 책상에 있는데 그냥 물 부우셔서 치우셨어요 제가 그만하라고 말씀드려서 그만하셨지 목도리 더러워지거나 손님 물건 더러워지면 변상 어떻게 하려고 그러시는 건지 생각좀 하시고 행동하셨으면 좋겠습니다 고기 개 퍽퍽해요 살 없어요 굳이 QUESTION,0,0,0,0,0,1,0,282,"고기, 면, 반찬, 감자탕"
naver,옥동식,지윤파파,1115.0,2026.02.19,1번째 방문,영수증,음식이 깔끔해요 평양냉면 급,15,True,,,,음식이 깔끔해요 평양냉면 급,음식이 깔끔해요 평양냉면 급,0,0,0,0,0,0,0,15,"음식, 양, 면, 냉면"
kakao,소문난성수감자탕,먹돼지,84.0,2026-04-20,,,왜지....뼈가 갯수는 많은데 자잘하고 살코기가 많지 않음 국물도 평범하고 부재료가 많이 들어간 것도 아니고 친절하지도 않고 ㅠㅠ,72,True,2.0,4.3,실버 레벨,왜지....뼈가 갯수는 많은데 자잘하고 살코기가 많지 않음 국물도 평범하고 부재료가 많이 들어간 것도 아니고 친절하지도 않고 ㅠㅠ,왜지 뼈가 갯수는 많은데 자잘하고 살코기가 많지 않음 국물도 평범하고 부재료가 많이 들어간 것도 아니고 친절하지도 않고,0,0,0,1,0,0,0,72,"간, 재료, 국물"
kakao,쭌곱창,미피,92.0,2026-04-22,,,너무 맛있음,6,True,5.0,3.5,실버 레벨,너무 맛있음,너무 맛있음,0,0,0,0,0,0,0,6,"맛, 맛있"
naver,뼈탄집 성수역점,ice****,42.0,2026.04.12,1번째 방문,영수증,정신없이 먹다보니 삼겹살 사진을 안찍었네요. 삼겹살 넘 맛있구 반찬도 훌륭해요. 뼈구이는 살짝 아쉬워서 별 반 뺐어요~ㅎ,67,True,,,,정신없이 먹다보니 삼겹살 사진을 안찍었네요. 삼겹살 넘 맛있구 반찬도 훌륭해요. 뼈구이는 살짝 아쉬워서 별 반 뺐어요~ㅎ,정신없이 먹다보니 삼겹살 사진을 안찍었네요 삼겹살 넘 맛있구 반찬도 훌륭해요 뼈구이는 살짝 아쉬워서 별 반 뺐어요,0,0,0,0,0,0,0,67,"맛, 맛있, 반찬"
kakao,능동미나리 성수점,은구,508.0,2025-08-16,,,주말 1시에 갔는데 20분정도 웨이팅하고 바로 들어감 미나리곰탕 육회비빔밥 육전 모두 다 맛있었음 육회비빔밥 좋아하는 사람들은 여기꺼 먹어보기를 가게 내부는 생각보다 넓은데 탁 트여있는넓음이 아니라 방안에 방안에 방 느낌 뭔가 가게 내부가 어수선하고 먹는 곳옆에 화장실 먹는곳 옆에 쓰레기통 등 있어서 막 세련된 현대식 가게는 아님 그래도 추천 일본 방송을 탔는지 일본인 손님이 반이었음 신기..,221,False,5.0,4.4,골드 레벨,주말 1시에 갔는데 20분정도 웨이팅하고 바로 들어감 미나리곰탕 육회비빔밥 육전 모두 다 맛있었음 육회비빔밥 좋아하는 사람들은 여기꺼 먹어보기를 가게 내부는 생각보다 넓은데 탁 트여있는넓음이 아니라 방안에 방안에 방 느낌 뭔가 가게 내부가 어수선하고 먹는 곳옆에 화장실 먹는곳 옆에 쓰레기통 등 있어서 막 세련된 현대식 가게는 아님 그래도 추천 일본 방송을 탔는지 일본인 손님이 반이었음 신기..,주말 1시에 갔는데 20분정도 웨이팅하고 바로 들어감 미나리곰탕 육회비빔밥 육전 모두 다 맛있었음 육회비빔밥 좋아하는 사람들은 여기꺼 먹어보기를 가게 내부는 생각보다 넓은데 탁 트여있는넓음이 아니라 방안에 방안에 방 느낌 뭔가 가게 내부가 어수선하고 먹는 곳옆에 화장실 먹는곳 옆에 쓰레기통 등 있어서 막 세련된 현대식 가게는 아님 그래도 추천 일본 방송을 탔는지 일본인 손님이 반이었음 신기,0,0,0,0,0,0,1,221,"맛, 맛있, 밥"
naver,홍대 육지,하열12,2.0,2026.03.15,1번째 방문,영수증,고기와 음식이 정말 맛있어요! 사진은 없는 동미치막국수랑 고기랑 찰떡이라 진짜 꼭 싸먹어야해요 직원분도 너무 친절하시고 유머러스하셔서 너무 즐겁게 먹었습니다!,88,True,,,,고기와 음식이 정말 맛있어요! 사진은 없는 동미치막국수랑 고기랑 찰떡이라 진짜 꼭 싸먹어야해요 직원분도 너무 친절하시고 유머러스하셔서 너무 즐겁게 먹었습니다!,고기와 음식이 정말 맛있어요 EXCLAM 사진은 없는 동미치막국수랑 고기랑 찰떡이라 진짜 꼭 싸먹어야해요 직원분도 너무 친절하시고 유머러스하셔서 너무 즐겁게 먹었습니다 EXCLAM,0,0,0,0,1,0,0,88,"맛, 맛있, 음식, 고기, 짜"
kakao,홍대 조선시대,조예은,1.0,2026-01-28,,,분위기 너무 좋고 직원분들도 친절해요 된장술밥 맛있습니다!,32,True,5.0,5.0,브론즈 레벨,분위기 너무 좋고 직원분들도 친절해요 된장술밥 맛있습니다!,분위기 너무 좋고 직원분들도 친절해요 된장술밥 맛있습니다 EXCLAM,0,0,0,0,1,0,0,32,"맛, 맛있, 밥"
naver,능동미나리 성수지점,elliws재원맘,187.0,2025.10.07,1번째 방문,영수증,"능동 미나리 곰탕,육회비빔밥 이곳의 시그니처 메뉴는 꼭 드셔요. 미나리가 연하고 싱싱해요. 대파랑 달리 미나리는 곰탕의 맛을 개운하게 해줍니다. 한우라 고기 육질도 좋네요. [육회비빔밥]은 재료는 심플한데 정말 깔끔하고 맛있어요. 본연의 맛에 충실히 한 점도 좋고 은은한 기름향이 미나리랑 넘 어울려요. 오후 3시 넘어서 갔더니 대기도 짧았네요. 미나리 특 곰탕 포장까지 했습니다. 강추",216,True,,,,"능동 미나리 곰탕,육회비빔밥 이곳의 시그니처 메뉴는 꼭 드셔요. 미나리가 연하고 싱싱해요. 대파랑 달리 미나리는 곰탕의 맛을 개운하게 해줍니다. 한우라 고기 육질도 좋네요. [육회비빔밥]은 재료는 심플한데 정말 깔끔하고 맛있어요. 본연의 맛에 충실히 한 점도 좋고 은은한 기름향이 미나리랑 넘 어울려요. 오후 3시 넘어서 갔더니 대기도 짧았네요. 미나리 특 곰탕 포장까지 했습니다. 강추",능동 미나리 곰탕 육회비빔밥 이곳의 시그니처 메뉴는 꼭 드셔요 미나리가 연하고 싱싱해요 대파랑 달리 미나리는 곰탕의 맛을 개운하게 해줍니다 한우라 고기 육질도 좋네요 육회비빔밥 은 재료는 심플한데 정말 깔끔하고 맛있어요 본연의 맛에 충실히 한 점도 좋고 은은한 기름향이 미나리랑 넘 어울려요 오후 3시 넘어서 갔더니 대기도 짧았네요 미나리 특 곰탕 포장까지 했습니다 강추,0,0,0,0,0,0,1,216,"맛, 맛있, 메뉴, 재료, 고기, 밥"
kakao,을밀대 본점,LUXMEA,2.0,2025-07-20,,,줄서서 먹을곳은 아니고 그냥 이마트 냉면 맛이 낫겠음. 이름값한다고 가격도 착하지도 않음. 오래된 간판만 잘봤음,62,True,2.0,1.5,브론즈 레벨,줄서서 먹을곳은 아니고 그냥 이마트 냉면 맛이 낫겠음. 이름값한다고 가격도 착하지도 않음. 오래된 간판만 잘봤음,줄서서 먹을곳은 아니고 그냥 이마트 냉면 맛이 낫겠음 이름값한다고 가격도 착하지도 않음 오래된 간판만 잘봤음,0,0,0,0,0,0,0,62,"맛, 간, 면, 냉면"
naver,훼미리손칼국수보쌈,미스터화이트,993.0,2025.05.23,1번째 방문,영수증,가성비 넘치는 보쌈정식 🍭맛 - 진짜 미쳤네요 이 가격에 이 보쌈에 이 김치에 이 칼국수라니 그것도 요즘 제일 핫한 성수에서요 나혼산보고 왔는데 여기는 진짜 다 맛있어요 표현할 것이 없네요 보쌈은 부들부들 김치도 맛도리고 사골 칼국수도 좋고 거기에 밥도 주고 양도 좋고 가성비가 넘치네요 🍭내부모습 - 그냥 밥집!! 스러워요!! 🍭서비스 외 기타 - 금요일 6시 안되어 갔더니 한 20분 웨이팅 하고 들어갔습니다,230,True,,,,가성비 넘치는 보쌈정식 🍭맛 - 진짜 미쳤네요 이 가격에 이 보쌈에 이 김치에 이 칼국수라니 그것도 요즘 제일 핫한 성수에서요 나혼산보고 왔는데 여기는 진짜 다 맛있어요 표현할 것이 없네요 보쌈은 부들부들 김치도 맛도리고 사골 칼국수도 좋고 거기에 밥도 주고 양도 좋고 가성비가 넘치네요 🍭내부모습 - 그냥 밥집!! 스러워요!! 🍭서비스 외 기타 - 금요일 6시 안되어 갔더니 한 20분 웨이팅 하고 들어갔습니다,가성비 넘치는 보쌈정식 맛 진짜 미쳤네요 이 가격에 이 보쌈에 이 김치에 이 칼국수라니 그것도 요즘 제일 핫한 성수에서요 나혼산보고 왔는데 여기는 진짜 다 맛있어요 표현할 것이 없네요 보쌈은 부들부들 김치도 맛도리고 사골 칼국수도 좋고 거기에 밥도 주고 양도 좋고 가성비가 넘치네요 내부모습 그냥 밥집 EXCLAM 스러워요 EXCLAM 서비스 외 기타 금요일 6시 안되어 갔더니 한 20분 웨이팅 하고 들어갔습니다,0,0,0,0,1,0,1,230,"맛, 맛있, 양, 밥, 김치, 보쌈, 짜"
naver,이태리국시 성수,Yirehh,23.0,2026.05.06,1번째 방문,영수증,오랜만에 성수로 나와서 흔한 양식이 아닌 색다른걸 먹어보고 싶어 방문했습니다 원픽이었던 대창파스타가 품절이라 못 먹은게 아쉽지만ㅠㅠ 곱창파스타와 알배추 샐러드 청양크림파스타까지 맛있게 먹었어요! 피클대신 짜지않은 무짱아찌까지 오히려 잘 어울렸어요~ 다음엔 대창파스타 꼭 먹어보러 올려고요🥰,161,True,,,,오랜만에 성수로 나와서 흔한 양식이 아닌 색다른걸 먹어보고 싶어 방문했습니다 원픽이었던 대창파스타가 품절이라 못 먹은게 아쉽지만ㅠㅠ 곱창파스타와 알배추 샐러드 청양크림파스타까지 맛있게 먹었어요! 피클대신 짜지않은 무짱아찌까지 오히려 잘 어울렸어요~ 다음엔 대창파스타 꼭 먹어보러 올려고요🥰,오랜만에 성수로 나와서 흔한 양식이 아닌 색다른걸 먹어보고 싶어 방문했습니다 원픽이었던 대창파스타가 품절이라 못 먹은게 아쉽지만 곱창파스타와 알배추 샐러드 청양크림파스타까지 맛있게 먹었어요 EXCLAM 피클대신 짜지않은 무짱아찌까지 오히려 잘 어울렸어요 다음엔 대창파스타 꼭 먹어보러 올려고요 EMO_POS,1,0,0,1,1,0,0,161,"맛, 맛있, 양, 파스타, 샐러드, 짜"
kakao,원조조박집 본관,안,228.0,2025-05-20,,,갈비도 맛있는데 식혜도 미침,15,True,5.0,2.9,골드 레벨,갈비도 맛있는데 식혜도 미침,갈비도 맛있는데 식혜도 미침,0,0,0,0,0,0,0,15,"맛, 맛있"
kakao,원조조박집 본관,느슨노,718.0,2025-05-29,,,"10번 이상 방문. 심할때는 1시간 이상 웨이팅 필요한 맛집. 기본반찬, 동치미국수 등 구성도 훌륭하고 직원들의 자동화된 시스템으로 운영. 무엇보다 고기맛있고 구워주심.",94,False,5.0,5.0,골드 레벨,"10번 이상 방문. 심할때는 1시간 이상 웨이팅 필요한 맛집. 기본반찬, 동치미국수 등 구성도 훌륭하고 직원들의 자동화된 시스템으로 운영. 무엇보다 고기맛있고 구워주심.",10번 이상 방문 심할때는 1시간 이상 웨이팅 필요한 맛집 기본반찬 동치미국수 등 구성도 훌륭하고 직원들의 자동화된 시스템으로 운영 무엇보다 고기맛있고 구워주심,0,0,0,0,0,0,1,94,"맛, 맛있, 간, 고기, 반찬, 구성"
kakao,장인닭갈비 홍대점,융딩이,99.0,2025-08-09,,,친구랑 닭갈비먹으러 다녀왔어요 치즈닭갈비 존맛!!! 분위기도 좋고 깨끗해요,41,False,5.0,5.0,실버 레벨,친구랑 닭갈비먹으러 다녀왔어요 치즈닭갈비 존맛!!! 분위기도 좋고 깨끗해요,친구랑 닭갈비먹으러 다녀왔어요 치즈닭갈비 존맛 EXCLAM 분위기도 좋고 깨끗해요,0,0,0,0,1,0,0,41,맛
naver,을밀대 평양냉면,레간자,758.0,2025.07.04,1번째 방문,영수증,냉면 국물 너무 맛있고 녹두부침개도 바삭하니 좋네요,28,True,,,,냉면 국물 너무 맛있고 녹두부침개도 바삭하니 좋네요,냉면 국물 너무 맛있고 녹두부침개도 바삭하니 좋네요,0,0,0,0,0,0,0,28,"맛, 맛있, 면, 국물, 냉면"
kakao,훼미리손칼국수보쌈,기억력이나빠만든맛지도,506.0,2026-01-18,,,보쌈고기는 괜찮은데 칼국수는 너무 슴슴해서 이것저것 김칫소도 좀 풀어넣음 웨이팅없으면 만족 있으면 불만족,58,True,5.0,4.4,골드 레벨,보쌈고기는 괜찮은데 칼국수는 너무 슴슴해서 이것저것 김칫소도 좀 풀어넣음 웨이팅없으면 만족 있으면 불만족,보쌈고기는 괜찮은데 칼국수는 너무 슴슴해서 이것저것 김칫소도 좀 풀어넣음 웨이팅없으면 만족 있으면 불만족,0,0,0,0,0,0,0,58,"고기, 면, 보쌈"
naver,보끔당 성수점,hyeon9K,,2026.04.29,2번째 방문,영수증,점심시간에는 사람이 너무 많아서 못오는데 저녁은 여유롭게 먹을수 있어서 좋아요~~,45,True,,,,점심시간에는 사람이 너무 많아서 못오는데 저녁은 여유롭게 먹을수 있어서 좋아요~~,점심시간에는 사람이 너무 많아서 못오는데 저녁은 여유롭게 먹을수 있어서 좋아요 TILDE,0,0,0,0,0,0,0,45,간
naver,태양곱창 성수점,lollolvv,50.0,2026.04.04,1번째 방문,영수증,"야채곱창(기본맛) 2인에 치즈, 순대 추가했어요 치즈양 많아서 좋았어요 당면도 양 많은 편!",51,True,,,,"야채곱창(기본맛) 2인에 치즈, 순대 추가했어요 치즈양 많아서 좋았어요 당면도 양 많은 편!",야채곱창 기본맛 2인에 치즈 순대 추가했어요 치즈양 많아서 좋았어요 당면도 양 많은 편 EXCLAM,0,0,0,0,1,0,1,51,"맛, 양, 면"
naver,락희옥 마포본점,공덕동맛깡패,100.0,2025.07.11,1번째 방문,영수증,"제철 민어회, 육전, 보쌈, 김치말이국수 다 너무 맛있고 콜키지 프리 최고에요 ㄷㄷ 몇 번 왔지만 역시 단골집",61,True,,,,"제철 민어회, 육전, 보쌈, 김치말이국수 다 너무 맛있고 콜키지 프리 최고에요 ㄷㄷ 몇 번 왔지만 역시 단골집",제철 민어회 육전 보쌈 김치말이국수 다 너무 맛있고 콜키지 프리 최고에요 몇 번 왔지만 역시 단골집,0,0,0,0,0,0,0,61,"맛, 맛있, 김치, 보쌈"
naver,육산장 홍대본점,Youngwon22,59.0,2026.04.11,1번째 방문,영수증,홍대 자주 놀러오는데 매장 처음 방문해봤어요~ 구석지에 있는데도 사람들이 많고 야외에서 즐길 수 있어서 캠핑 온 기분이라 분위기도 넘 좋았어요. 고기도 정말 맛있게 먹었어요! 다음에 또 홍대에서 고기 먹게되면 여기로 올 것 같아요 ㅎㅎ,131,True,,,,홍대 자주 놀러오는데 매장 처음 방문해봤어요~ 구석지에 있는데도 사람들이 많고 야외에서 즐길 수 있어서 캠핑 온 기분이라 분위기도 넘 좋았어요. 고기도 정말 맛있게 먹었어요! 다음에 또 홍대에서 고기 먹게되면 여기로 올 것 같아요 ㅎㅎ,홍대 자주 놀러오는데 매장 처음 방문해봤어요 구석지에 있는데도 사람들이 많고 야외에서 즐길 수 있어서 캠핑 온 기분이라 분위기도 넘 좋았어요 고기도 정말 맛있게 먹었어요 EXCLAM 다음에 또 홍대에서 고기 먹게되면 여기로 올 것 같아요,0,0,0,0,1,0,0,131,"맛, 맛있, 고기, 면"
kakao,뼈탄집 성수역점,영운,1.0,2025-12-19,,,맛있고 양많고 좋아요 또 오겠습니다,19,True,5.0,5.0,브론즈 레벨,맛있고 양많고 좋아요 또 오겠습니다,맛있고 양많고 좋아요 또 오겠습니다,0,0,0,0,0,0,0,19,"맛, 맛있, 양"
naver,육산장 홍대본점,아미오리,407.0,2026.03.28,1번째 방문,영수증,고기 맛은있는데 좀 질겨요ㅠ..된장술밥은 양도 많고 너무 맛잇엇어요,37,True,,,,고기 맛은있는데 좀 질겨요ㅠ..된장술밥은 양도 많고 너무 맛잇엇어요,고기 맛은있는데 좀 질겨요 된장술밥은 양도 많고 너무 맛잇엇어요,0,0,0,0,0,0,0,37,"맛, 양, 고기, 밥"
naver,보끔당 성수점,penguin8869,16.0,2026.03.24,2번째 방문,영수증,직원분들도 친절하시고 너무 맛있어요 😊😊,22,True,,,,직원분들도 친절하시고 너무 맛있어요 😊😊,직원분들도 친절하시고 너무 맛있어요 EMO_POS EMO_POS,1,0,0,0,0,0,0,22,"맛, 맛있"
naver,성수족발,bas****,1343.0,2025.12.13,3번째 방문,영수증,1년만에 성수 족발 ^^ 맛나요,17,True,,,,1년만에 성수 족발 ^^ 맛나요,1년만에 성수 족발 맛나요,0,0,0,0,0,0,1,17,맛
naver,원조 조박집 본관,바람576,19.0,2025.06.21,1번째 방문,영수증,예전부터 자주 다니던 곳 입니다. 가격이 2만원인거 고기가 250g 이라 넉넉해서 괜찮기는 한데 조미료 맛과 단만이 양념이 넘 강하네요 예전에는 이정도는 아니였는데 참숯이 아닌건 그렇다 해도 양념이 넘 강해서 이제는 그만 이용해야 할듯 하네요 숙성된 고기 맛이 아니라 조미료와 설탕 ~,159,False,,,,예전부터 자주 다니던 곳 입니다. 가격이 2만원인거 고기가 250g 이라 넉넉해서 괜찮기는 한데 조미료 맛과 단만이 양념이 넘 강하네요 예전에는 이정도는 아니였는데 참숯이 아닌건 그렇다 해도 양념이 넘 강해서 이제는 그만 이용해야 할듯 하네요 숙성된 고기 맛이 아니라 조미료와 설탕 ~,예전부터 자주 다니던 곳 입니다 가격이 2만원인거 고기가 250g 이라 넉넉해서 괜찮기는 한데 조미료 맛과 단만이 양념이 넘 강하네요 예전에는 이정도는 아니였는데 참숯이 아닌건 그렇다 해도 양념이 넘 강해서 이제는 그만 이용해야 할듯 하네요 숙성된 고기 맛이 아니라 조미료와 설탕,0,0,0,0,0,0,1,159,"맛, 양, 고기"
naver,태양곱창 성수점,yeo****,39.0,2026.02.04,1번째 방문,영수증,직원분들도 친절하고 맛있어요!!,17,True,,,,직원분들도 친절하고 맛있어요!!,직원분들도 친절하고 맛있어요 EXCLAM,0,0,0,0,1,0,0,17,"맛, 맛있"
naver,을밀대 평양냉면,S보리형아2,515.0,2025.10.12,1번째 방문,영수증,가격은 너무나 올랐지만 평양냉면 맛집은 맞아요 삼삼한 맛에 먹기 좋음!!,40,True,,,,가격은 너무나 올랐지만 평양냉면 맛집은 맞아요 삼삼한 맛에 먹기 좋음!!,가격은 너무나 올랐지만 평양냉면 맛집은 맞아요 삼삼한 맛에 먹기 좋음 EXCLAM,0,0,0,0,1,0,0,40,"맛, 양, 면, 냉면"
naver,쭌곱창,mika92,25.0,2025.11.16,1번째 방문,영수증,깔끔하고 맛이 좋아요 계란 쥬전자 졸귀..👓,24,True,,,,깔끔하고 맛이 좋아요 계란 쥬전자 졸귀..👓,깔끔하고 맛이 좋아요 계란 쥬전자 졸귀,0,0,0,0,0,0,0,24,맛
kakao,쭌곱창,문동윤,2.0,2025-12-18,,,사장님과 직원분들이 친절하셔서 처음 방문했는데도 편하게 주문하고 즐길 수 있었어요. 곱창이랑 위에 우삼겹 너무 맛있어요 ㅎㅎ,69,True,5.0,5.0,브론즈 레벨,사장님과 직원분들이 친절하셔서 처음 방문했는데도 편하게 주문하고 즐길 수 있었어요. 곱창이랑 위에 우삼겹 너무 맛있어요 ㅎㅎ,사장님과 직원분들이 친절하셔서 처음 방문했는데도 편하게 주문하고 즐길 수 있었어요 곱창이랑 위에 우삼겹 너무 맛있어요,0,0,0,0,0,0,0,69,"맛, 맛있"
naver,금금 성수점,촠콬칩쿸킼ib,455.0,2026.01.24,1번째 방문,영수증,독특한 종류의 메뉴들이 있어서 좋았어요!! 한번도 먹어보지 못했던 맛들을 먹어볼 수 있었어요ㅎㅎ 5종류 다 너무 맛있어서 만족스러운 식사였습니다👍🏻,82,True,,,,독특한 종류의 메뉴들이 있어서 좋았어요!! 한번도 먹어보지 못했던 맛들을 먹어볼 수 있었어요ㅎㅎ 5종류 다 너무 맛있어서 만족스러운 식사였습니다👍🏻,독특한 종류의 메뉴들이 있어서 좋았어요 EXCLAM 한번도 먹어보지 못했던 맛들을 먹어볼 수 있었어요 5종류 다 너무 맛있어서 만족스러운 식사였습니다 EMO_POS,1,0,0,0,1,0,1,82,"맛, 맛있, 메뉴"
naver,뼈탄집 성수역점,황혜진7342,45.0,2026.04.09,2번째 방문,영수증,"성수역 근처 뼈탄집 성수역점 다녀왔어요! 퇴근하고 가서 살짝 웨이팅 있었는데 금방 들어갔고, 매장 분위기는 활기차고 편하게 술 한잔하기 좋은 느낌이었어요. 뼈구이 주문했는데 불향이 은은하게 나고 고기도 부드럽게 잘 발라져서 생각보다 훨씬 맛있었어요. 양념도 과하지 않아서 질리지 않고 계속 먹게 되더라고요. 직원분들도 친절했고 전반적으로 편하게 잘 먹고 나온 곳입니다. 성수에서 고기 먹고 싶을 때 한 번쯤 가볼만한 집이에요!",238,True,,,,"성수역 근처 뼈탄집 성수역점 다녀왔어요! 퇴근하고 가서 살짝 웨이팅 있었는데 금방 들어갔고, 매장 분위기는 활기차고 편하게 술 한잔하기 좋은 느낌이었어요. 뼈구이 주문했는데 불향이 은은하게 나고 고기도 부드럽게 잘 발라져서 생각보다 훨씬 맛있었어요. 양념도 과하지 않아서 질리지 않고 계속 먹게 되더라고요. 직원분들도 친절했고 전반적으로 편하게 잘 먹고 나온 곳입니다. 성수에서 고기 먹고 싶을 때 한 번쯤 가볼만한 집이에요!",성수역 근처 뼈탄집 성수역점 다녀왔어요 EXCLAM 퇴근하고 가서 살짝 웨이팅 있었는데 금방 들어갔고 매장 분위기는 활기차고 편하게 술 한잔하기 좋은 느낌이었어요 뼈구이 주문했는데 불향이 은은하게 나고 고기도 부드럽게 잘 발라져서 생각보다 훨씬 맛있었어요 양념도 과하지 않아서 질리지 않고 계속 먹게 되더라고요 직원분들도 친절했고 전반적으로 편하게 잘 먹고 나온 곳입니다 성수에서 고기 먹고 싶을 때 한 번쯤 가볼만한 집이에요 EXCLAM,0,0,0,0,1,0,0,238,"맛, 맛있, 양, 고기"
kakao,이태리국시 성수,야호,1.0,2026-04-02,,,성수에서 파스타 먹고 싶어서 엄마랑 방문했는데 맛있구 양도 꽤 푸짐해서 배불리 먹구 갑니당ㅎㅎ 직원들도 친절해요!,63,True,5.0,5.0,브론즈 레벨,성수에서 파스타 먹고 싶어서 엄마랑 방문했는데 맛있구 양도 꽤 푸짐해서 배불리 먹구 갑니당ㅎㅎ 직원들도 친절해요!,성수에서 파스타 먹고 싶어서 엄마랑 방문했는데 맛있구 양도 꽤 푸짐해서 배불리 먹구 갑니당 직원들도 친절해요 EXCLAM,0,0,0,0,1,0,0,63,"맛, 맛있, 양, 파스타"
kakao,일등식당,..,86.0,2026-04-30,,,"맛있어요 , 하지만 그냥 드신다면 밍밍하실거에요 옆에있는 흑후추를 들어서 막 뿌려보세요 술이 술술 들어갑니다 그럼 맛 좋은 시간 되세요",75,True,3.0,3.1,실버 레벨,"맛있어요 , 하지만 그냥 드신다면 밍밍하실거에요 옆에있는 흑후추를 들어서 막 뿌려보세요 술이 술술 들어갑니다 그럼 맛 좋은 시간 되세요",맛있어요 하지만 그냥 드신다면 밍밍하실거에요 옆에있는 흑후추를 들어서 막 뿌려보세요 술이 술술 들어갑니다 그럼 맛 좋은 시간 되세요,0,0,0,0,0,0,0,75,"맛, 맛있, 간, 면"
naver,옥동식,Yummy440,179.0,2025.02.20,1번째 방문,영수증,국물을 처음 딱 먹었을때는 이게 무슨 맛이지?!하는 의문이들 정도로 맹맹한 국밥??이게 미슐랭?!했지만 먹으면 먹을수록 중독해는 이상하게 너무 맛있는 맛이에요ㅋㅋㅋㅋ 고기도 너무 부드럽고 계속 손이 가게 만드는 맛이네요 너무 맛있게 잘먹고 갑니다👍🏼,139,True,,,,국물을 처음 딱 먹었을때는 이게 무슨 맛이지?!하는 의문이들 정도로 맹맹한 국밥??이게 미슐랭?!했지만 먹으면 먹을수록 중독해는 이상하게 너무 맛있는 맛이에요ㅋㅋㅋㅋ 고기도 너무 부드럽고 계속 손이 가게 만드는 맛이네요 너무 맛있게 잘먹고 갑니다👍🏼,국물을 처음 딱 먹었을때는 이게 무슨 맛이지 QUESTION EXCLAM 하는 의문이들 정도로 맹맹한 국밥 QUESTION 이게 미슐랭 QUESTION EXCLAM 했지만 먹으면 먹을수록 중독해는 이상하게 너무 맛있는 맛이에요 고기도 너무 부드럽고 계속 손이 가게 만드는 맛이네요 너무 맛있게 잘먹고 갑니다 EMO_POS,1,0,0,0,1,1,0,139,"맛, 맛있, 고기, 면, 밥, 국물"
kakao,쭌곱창,박민정,1.0,2025-03-11,,,맛도 맛있고 소스가 다양해서 좋아요!!! 기본으로 주시는 어묵탕도 맛있습니당 ㅎㅎㅎ,46,True,5.0,5.0,브론즈 레벨,맛도 맛있고 소스가 다양해서 좋아요!!! 기본으로 주시는 어묵탕도 맛있습니당 ㅎㅎㅎ,맛도 맛있고 소스가 다양해서 좋아요 EXCLAM 기본으로 주시는 어묵탕도 맛있습니당,0,0,0,0,1,0,0,46,"맛, 맛있, 양, 소스"
naver,태양곱창 성수점,lunaaaaa2,127.0,2026.03.14,1번째 방문,영수증,막창이랑 곱창 다 맛있고 감자전도 맛있어요! 직원분들도 친절하세요!! 성수 맛집이에요,47,True,,,,막창이랑 곱창 다 맛있고 감자전도 맛있어요! 직원분들도 친절하세요!! 성수 맛집이에요,막창이랑 곱창 다 맛있고 감자전도 맛있어요 EXCLAM 직원분들도 친절하세요 EXCLAM 성수 맛집이에요,0,0,0,0,1,0,0,47,"맛, 맛있"
naver,보끔당 성수점,덤보34,18.0,2026.02.19,1번째 방문,영수증,회사 근처라 자주 와요~ 매운 단계별로 있어서 조절도 가능하고~ 양도 적당해요.,44,True,,,,회사 근처라 자주 와요~ 매운 단계별로 있어서 조절도 가능하고~ 양도 적당해요.,회사 근처라 자주 와요 매운 단계별로 있어서 조절도 가능하고 양도 적당해요,0,0,0,0,0,0,0,44,양
kakao,홍대 조선시대,유나연,1.0,2025-12-25,,,너무 맛있어요!!! 특히 해물새우전 짱💓💓,23,True,5.0,5.0,브론즈 레벨,너무 맛있어요!!! 특히 해물새우전 짱💓💓,너무 맛있어요 EXCLAM 특히 해물새우전 짱 EMO_POS EMO_POS,1,0,0,0,1,0,0,23,"맛, 맛있"
kakao,소문난성수감자탕,쩝쩝,47.0,2025-02-03,,,뭐랄까.. 장사가 잘 되어서 재료도 다 신선하고 수제비 같은 걸 시켜도 냉동 안 쓰고 직접 떼주시고 하여간 괜찮다! 다만 찾아갈 만한 맛집은 아니고.. 집 앞에 있다면 동네맛집으로 자주 갔을 듯!!,110,False,4.0,3.4,실버 레벨,뭐랄까.. 장사가 잘 되어서 재료도 다 신선하고 수제비 같은 걸 시켜도 냉동 안 쓰고 직접 떼주시고 하여간 괜찮다! 다만 찾아갈 만한 맛집은 아니고.. 집 앞에 있다면 동네맛집으로 자주 갔을 듯!!,뭐랄까 장사가 잘 되어서 재료도 다 신선하고 수제비 같은 걸 시켜도 냉동 안 쓰고 직접 떼주시고 하여간 괜찮다 EXCLAM 다만 찾아갈 만한 맛집은 아니고 집 앞에 있다면 동네맛집으로 자주 갔을 듯 EXCLAM,0,0,0,0,1,0,0,110,"맛, 간, 재료, 면"
kakao,뼈탄집 성수역점,신대훈,3.0,2026-03-15,,,"성수 고기집 뼈탄집에서 삼겹살 2인분, 뼈찜 1인분 세트를 먹었습니다! 고기 질이 너무 좋고 고기와 같이 먹을 수 있는 다양한 밑반찬들이 맛있어서 밑반찬과 고기를 먹을 때 다른 맛을 느낄 수 있었습니다 뼈찜은 직화로 구워서 그런지 다른 뼈찜 전문점보다 깊은 맛이 났어요 맛있게 잘 먹었습니다~~",164,True,5.0,5.0,브론즈 레벨,"성수 고기집 뼈탄집에서 삼겹살 2인분, 뼈찜 1인분 세트를 먹었습니다! 고기 질이 너무 좋고 고기와 같이 먹을 수 있는 다양한 밑반찬들이 맛있어서 밑반찬과 고기를 먹을 때 다른 맛을 느낄 수 있었습니다 뼈찜은 직화로 구워서 그런지 다른 뼈찜 전문점보다 깊은 맛이 났어요 맛있게 잘 먹었습니다~~",성수 고기집 뼈탄집에서 삼겹살 2인분 뼈찜 1인분 세트를 먹었습니다 EXCLAM 고기 질이 너무 좋고 고기와 같이 먹을 수 있는 다양한 밑반찬들이 맛있어서 밑반찬과 고기를 먹을 때 다른 맛을 느낄 수 있었습니다 뼈찜은 직화로 구워서 그런지 다른 뼈찜 전문점보다 깊은 맛이 났어요 맛있게 잘 먹었습니다 TILDE,0,0,0,0,1,0,1,164,"맛, 맛있, 양, 고기, 반찬"
naver,황금콩밭,맛집지도쏘쏘,450.0,2025.11.02,1번째 방문,영수증,"테이블링 가면서 예약 후 10분 정도 기다렸다가 금방 들어갔어요. 회전이 빠른편이고 두부가 올리브유, 바질과 잘어울릴줄 몰랐네요 짜글이는 밥비벼먹기좋고 콩비지는 부드럽고 고기가 맛있어요",103,True,,,,"테이블링 가면서 예약 후 10분 정도 기다렸다가 금방 들어갔어요. 회전이 빠른편이고 두부가 올리브유, 바질과 잘어울릴줄 몰랐네요 짜글이는 밥비벼먹기좋고 콩비지는 부드럽고 고기가 맛있어요",테이블링 가면서 예약 후 10분 정도 기다렸다가 금방 들어갔어요 회전이 빠른편이고 두부가 올리브유 바질과 잘어울릴줄 몰랐네요 짜글이는 밥비벼먹기좋고 콩비지는 부드럽고 고기가 맛있어요,0,0,0,0,0,0,1,103,"맛, 맛있, 고기, 면, 밥, 짜"
kakao,이태리국시 성수,구름,1.0,2026-04-07,,,예전에 즐겨찾기 해두었던 곳인데 성수동 오는 길에 오게 되었어요~~ 샐각보다 음식이 너무 맛있고 분의기도 너무 좋아요!! 다음에 지인이랑 다시 방문할게요~~😊👍👍,90,True,5.0,5.0,브론즈 레벨,예전에 즐겨찾기 해두었던 곳인데 성수동 오는 길에 오게 되었어요~~ 샐각보다 음식이 너무 맛있고 분의기도 너무 좋아요!! 다음에 지인이랑 다시 방문할게요~~😊👍👍,예전에 즐겨찾기 해두었던 곳인데 성수동 오는 길에 오게 되었어요 TILDE 샐각보다 음식이 너무 맛있고 분의기도 너무 좋아요 EXCLAM 다음에 지인이랑 다시 방문할게요 TILDE EMO_POS EMO_POS EMO_POS,1,0,0,0,1,0,0,90,"맛, 맛있, 음식"
kakao,을밀대 본점,니빠뜨롱나와라그래,238.0,2025-03-28,,,3/25 방문. 거냉은 원래 짠가? 슴슴이 아니라 윽 짜..였음. 면을 풀어도 디지게 짰다. 평냉노예라 다시 올게 분명하지만 진짜 개짰음. 그리고 육수에서 육향이 아닌 이상한 맛이 계속 치고 올라옴…되게 찝찝한 맛이랄까.. 고기국물맛도 동치미 맛도 아닌데 스멀스멀 계속 올라와서 완냉못함. 육수가 깔끔하지 않았음. 주전자 육수는 존맛이라 소금넣고 후추놓고 해서 먹음. 면은 맛있었다. 그냥 국물에 안빠진거 챱챱 씹고 있어도 메밀향 때문에 행복했음. 아마 면때문에 다시갈듯. 근데 가격때문에 망치마렵다 ^^,282,True,3.0,2.7,골드 레벨,3/25 방문. 거냉은 원래 짠가? 슴슴이 아니라 윽 짜..였음. 면을 풀어도 디지게 짰다. 평냉노예라 다시 올게 분명하지만 진짜 개짰음. 그리고 육수에서 육향이 아닌 이상한 맛이 계속 치고 올라옴…되게 찝찝한 맛이랄까.. 고기국물맛도 동치미 맛도 아닌데 스멀스멀 계속 올라와서 완냉못함. 육수가 깔끔하지 않았음. 주전자 육수는 존맛이라 소금넣고 후추놓고 해서 먹음. 면은 맛있었다. 그냥 국물에 안빠진거 챱챱 씹고 있어도 메밀향 때문에 행복했음. 아마 면때문에 다시갈듯. 근데 가격때문에 망치마렵다 ^^,3 25 방문 거냉은 원래 짠가 QUESTION 슴슴이 아니라 윽 짜 였음 면을 풀어도 디지게 짰다 평냉노예라 다시 올게 분명하지만 진짜 개짰음 그리고 육수에서 육향이 아닌 이상한 맛이 계속 치고 올라옴 되게 찝찝한 맛이랄까 고기국물맛도 동치미 맛도 아닌데 스멀스멀 계속 올라와서 완냉못함 육수가 깔끔하지 않았음 주전자 육수는 존맛이라 소금넣고 후추놓고 해서 먹음 면은 맛있었다 그냥 국물에 안빠진거 챱챱 씹고 있어도 메밀향 때문에 행복했음 아마 면때문에 다시갈듯 근데 가격때문에 망치마렵다,0,0,0,0,0,1,1,282,"맛, 맛있, 고기, 면, 국물, 평냉, 짜"
naver,육산장 홍대본점,수빈586,28.0,2026.04.27,1번째 방문,영수증,분위기가 미쳤어용!!! 캠핑 야장 분위기 뿜뿜이고 고기도 너무 맛있어용 데이트나 모임하기 모듀 좋아용💖,57,True,,,,분위기가 미쳤어용!!! 캠핑 야장 분위기 뿜뿜이고 고기도 너무 맛있어용 데이트나 모임하기 모듀 좋아용💖,분위기가 미쳤어용 EXCLAM 캠핑 야장 분위기 뿜뿜이고 고기도 너무 맛있어용 데이트나 모임하기 모듀 좋아용 EMO_POS,1,0,0,0,1,0,0,57,"맛, 맛있, 고기"
naver,태양곱창 성수점,에듀걸,8.0,2026.04.04,1번째 방문,영수증,양이 많아요 야채곱창,11,True,,,,양이 많아요 야채곱창,양이 많아요 야채곱창,0,0,0,0,0,0,0,11,양
kakao,뼈탄집 성수역점,최수연,1.0,2026-02-02,,,고기 맛이랑 밑반찬이 잘나와요! 직원분들도 좋고 후식 아이스크림도 굳,38,True,5.0,5.0,브론즈 레벨,고기 맛이랑 밑반찬이 잘나와요! 직원분들도 좋고 후식 아이스크림도 굳,고기 맛이랑 밑반찬이 잘나와요 EXCLAM 직원분들도 좋고 후식 아이스크림도 굳,0,0,0,0,1,0,0,38,"맛, 고기, 반찬"
kakao,을밀대 본점,J.,411.0,2025-07-27,,,"냉면, 녹두전 먹음 역삼을밀대에서 너무 놀라서 을밀대는 안갔었으나, 본점에서 또 놀라서 종종 오게 됨. (지점과 맛의 편차가 꽤 있다고 생각됨) 몇번 왔는데, 술먹고 식사하기 부담스럽지 않고 좋다. 개인적으론 우래옥 > 필동면옥 > 을밀본점",134,False,4.0,3.5,골드 레벨,"냉면, 녹두전 먹음 역삼을밀대에서 너무 놀라서 을밀대는 안갔었으나, 본점에서 또 놀라서 종종 오게 됨. (지점과 맛의 편차가 꽤 있다고 생각됨) 몇번 왔는데, 술먹고 식사하기 부담스럽지 않고 좋다. 개인적으론 우래옥 > 필동면옥 > 을밀본점",냉면 녹두전 먹음 역삼을밀대에서 너무 놀라서 을밀대는 안갔었으나 본점에서 또 놀라서 종종 오게 됨 지점과 맛의 편차가 꽤 있다고 생각됨 몇번 왔는데 술먹고 식사하기 부담스럽지 않고 좋다 개인적으론 우래옥 필동면옥 을밀본점,0,0,0,0,0,0,0,134,"맛, 면, 냉면"
naver,보끔당 성수점,mayqueenjhw,571.0,2026.02.14,1번째 방문,영수증,"토마토미트 주문했습니다. 매콤한 토마토 소스에 순살 닭고기, 미트볼, 스파게티면, 소시지, 올리브, 치즈 등이 들어 있어요. 매콤해서 느끼하지 않아요. 양도 꽤 되고요. 직원분들도 친절하십니다.",108,True,,,,"토마토미트 주문했습니다. 매콤한 토마토 소스에 순살 닭고기, 미트볼, 스파게티면, 소시지, 올리브, 치즈 등이 들어 있어요. 매콤해서 느끼하지 않아요. 양도 꽤 되고요. 직원분들도 친절하십니다.",토마토미트 주문했습니다 매콤한 토마토 소스에 순살 닭고기 미트볼 스파게티면 소시지 올리브 치즈 등이 들어 있어요 매콤해서 느끼하지 않아요 양도 꽤 되고요 직원분들도 친절하십니다,0,0,0,0,0,0,0,108,"양, 고기, 면, 소스, 느끼"
naver,금금 성수점,갓균,37.0,2026.04.20,1번째 방문,영수증,안내도 빠르게해주시고 음식도 생각이상으로 빠르게 나옵니다! 한국식마제소바도 신기하고 쌈밥도 정망 맛있어요👍🏻👍🏻👍🏻,64,True,,,,안내도 빠르게해주시고 음식도 생각이상으로 빠르게 나옵니다! 한국식마제소바도 신기하고 쌈밥도 정망 맛있어요👍🏻👍🏻👍🏻,안내도 빠르게해주시고 음식도 생각이상으로 빠르게 나옵니다 EXCLAM 한국식마제소바도 신기하고 쌈밥도 정망 맛있어요 EMO_POS EMO_POS EMO_POS,1,0,0,0,1,0,0,64,"맛, 맛있, 음식, 밥"
naver,굴다리식당,zhd****,1836.0,2025.10.18,1번째 방문,영수증,맛있어요,4,True,,,,맛있어요,맛있어요,0,0,0,0,0,0,0,4,"맛, 맛있"
kakao,소문난성수감자탕,ㅊㅊ,144.0,2025-09-11,,,기대를 하지 않았지만 큰 기대를 할 필요 없었던 곳 정말 무난한 감자탕이지만 너무 번잡해서 불편했다 다만! 감자탕 특유의 조미료향이 더부룩하게 남는 경우가 많은데 여기는 깔끔했다,99,True,3.0,3.9,골드 레벨,기대를 하지 않았지만 큰 기대를 할 필요 없었던 곳 정말 무난한 감자탕이지만 너무 번잡해서 불편했다 다만! 감자탕 특유의 조미료향이 더부룩하게 남는 경우가 많은데 여기는 깔끔했다,기대를 하지 않았지만 큰 기대를 할 필요 없었던 곳 정말 무난한 감자탕이지만 너무 번잡해서 불편했다 다만 EXCLAM 감자탕 특유의 조미료향이 더부룩하게 남는 경우가 많은데 여기는 깔끔했다,0,0,0,0,1,0,0,99,감자탕
naver,조선시대,sakusak,23.0,2026.02.28,1번째 방문,영수증,한국 전통 분위기 컨셉이 좋아요!! 음식과 막걸리도 맛있어요 ❤️,36,True,,,,한국 전통 분위기 컨셉이 좋아요!! 음식과 막걸리도 맛있어요 ❤️,한국 전통 분위기 컨셉이 좋아요 EXCLAM 음식과 막걸리도 맛있어요 EMO_POS,1,0,0,0,1,0,0,36,"맛, 맛있, 음식"
naver,옥동식,오늘가냐,177.0,2026.04.08,1번째 방문,예약,돼지곰탕 처음 먹어봤네요. 고기양 많고 맛있어요. 김치만두 아는 그맛이에요. 소주 막걸리 맥주 다 먹었는데 맥주는 좀 쿰쿰하고 별로에요. 가펠맥주 맛이 원래 그런건지..?,95,True,,,,돼지곰탕 처음 먹어봤네요. 고기양 많고 맛있어요. 김치만두 아는 그맛이에요. 소주 막걸리 맥주 다 먹었는데 맥주는 좀 쿰쿰하고 별로에요. 가펠맥주 맛이 원래 그런건지..?,돼지곰탕 처음 먹어봤네요 고기양 많고 맛있어요 김치만두 아는 그맛이에요 소주 막걸리 맥주 다 먹었는데 맥주는 좀 쿰쿰하고 별로에요 가펠맥주 맛이 원래 그런건지 QUESTION,0,0,0,0,0,1,0,95,"맛, 맛있, 양, 고기, 김치"
naver,쭌곱창,블루커피80,1.0,2026.04.24,1번째 방문,영수증,맛있습니다 먹다보니 사진을 늦게 찍었네요 곱창좋아하시면 오세요^^,36,True,,,,맛있습니다 먹다보니 사진을 늦게 찍었네요 곱창좋아하시면 오세요^^,맛있습니다 먹다보니 사진을 늦게 찍었네요 곱창좋아하시면 오세요,0,0,0,0,0,0,0,36,"맛, 맛있, 면"
naver,황금콩밭,양배추님잘먹고잘살기,254.0,2025.12.12,1번째 방문,영수증,지인들과 송년모임 한달전쯤 6만원 코스로 모였습니다 음식은 맛있는데 코스가 좀 빈약한 느낌이 있습니다 저만의 생각,63,True,,,,지인들과 송년모임 한달전쯤 6만원 코스로 모였습니다 음식은 맛있는데 코스가 좀 빈약한 느낌이 있습니다 저만의 생각,지인들과 송년모임 한달전쯤 6만원 코스로 모였습니다 음식은 맛있는데 코스가 좀 빈약한 느낌이 있습니다 저만의 생각,0,0,0,0,0,0,1,63,"맛, 맛있, 음식"
kakao,소문난성수감자탕,HS,1.0,2025-01-17,,,너무 불친절해서 맛있는지도 모르겠네요…,21,True,2.0,2.0,브론즈 레벨,너무 불친절해서 맛있는지도 모르겠네요…,너무 불친절해서 맛있는지도 모르겠네요,0,0,0,0,0,0,0,21,"맛, 맛있"
naver,훼미리손칼국수보쌈,GSRyu,107.0,2025.09.20,1번째 방문,예약,보쌈 2인정식 시켜서 맛있게 먹었습니다 아무래도 정식인만큼 단품 주문보다 양이 확실히 적지만 그래도 적당한 것 같아요. 다만 홀에서 서빙하시는 분이 바쁘신거 이해하는데 신경질이 나있으신 것 같아서 재방문은 꺼려지네요,120,True,,,,보쌈 2인정식 시켜서 맛있게 먹었습니다 아무래도 정식인만큼 단품 주문보다 양이 확실히 적지만 그래도 적당한 것 같아요. 다만 홀에서 서빙하시는 분이 바쁘신거 이해하는데 신경질이 나있으신 것 같아서 재방문은 꺼려지네요,보쌈 2인정식 시켜서 맛있게 먹었습니다 아무래도 정식인만큼 단품 주문보다 양이 확실히 적지만 그래도 적당한 것 같아요 다만 홀에서 서빙하시는 분이 바쁘신거 이해하는데 신경질이 나있으신 것 같아서 재방문은 꺼려지네요,0,0,0,0,0,0,1,120,"맛, 맛있, 양, 보쌈"
naver,태양곱창 성수점,hee****,33.0,2026.03.14,1번째 방문,영수증,냄새없이 촉촉하게 잘 볶아서 맛있습니다! 양도 많아요~~,31,True,,,,냄새없이 촉촉하게 잘 볶아서 맛있습니다! 양도 많아요~~,냄새없이 촉촉하게 잘 볶아서 맛있습니다 EXCLAM 양도 많아요 TILDE,0,0,0,0,1,0,0,31,"맛, 맛있, 양"
kakao,뼈탄집 성수역점,놈쥐,1.0,2026-03-29,,,고기 질이 너무 좋고 다 구워주셔서 편해요 식사 메뉴도 다양해서 좋았어요😋,41,True,5.0,5.0,브론즈 레벨,고기 질이 너무 좋고 다 구워주셔서 편해요 식사 메뉴도 다양해서 좋았어요😋,고기 질이 너무 좋고 다 구워주셔서 편해요 식사 메뉴도 다양해서 좋았어요 EMO_POS,1,0,0,0,0,0,0,41,"메뉴, 양, 고기"
naver,각시보쌈,북한산 방랑객,2248.0,2025.08.20,2번째 방문,영수증,"저녁 시작 16시30분 다섯손가락내 입장했습니다 ㅎ 10분이내에 만석이라 의미는 없지만, 그래도 기분 이슬과 함께 반반보쌈 동료랑 즐겁게 먹고 왔습니다 보쌈고기 쫀든쫀든한게 입안에 살살 녹아요",107,True,,,,"저녁 시작 16시30분 다섯손가락내 입장했습니다 ㅎ 10분이내에 만석이라 의미는 없지만, 그래도 기분 이슬과 함께 반반보쌈 동료랑 즐겁게 먹고 왔습니다 보쌈고기 쫀든쫀든한게 입안에 살살 녹아요",저녁 시작 16시30분 다섯손가락내 입장했습니다 10분이내에 만석이라 의미는 없지만 그래도 기분 이슬과 함께 반반보쌈 동료랑 즐겁게 먹고 왔습니다 보쌈고기 쫀든쫀든한게 입안에 살살 녹아요,0,0,0,0,0,0,1,107,"고기, 보쌈"
kakao,이태리국시 성수,wasson,2.0,2026-04-10,,,평일 런치 먹었는데 양도 많고 너무 맛있어요! ㅎㅎ 직원분들도 친절하시고 매장 분위기도 너무 좋네요! 성수 오면 또 방문 하겠습니다~~,75,True,5.0,5.0,브론즈 레벨,평일 런치 먹었는데 양도 많고 너무 맛있어요! ㅎㅎ 직원분들도 친절하시고 매장 분위기도 너무 좋네요! 성수 오면 또 방문 하겠습니다~~,평일 런치 먹었는데 양도 많고 너무 맛있어요 EXCLAM 직원분들도 친절하시고 매장 분위기도 너무 좋네요 EXCLAM 성수 오면 또 방문 하겠습니다 TILDE,0,0,0,0,1,0,0,75,"맛, 맛있, 양, 면"
naver,능동미나리 성수지점,주르댕댕,377.0,2026.03.22,1번째 방문,영수증,존맛탱이에요,6,True,,,,존맛탱이에요,존맛탱이에요,0,0,0,0,0,0,0,6,맛
naver,능동미나리 성수지점,치이즈네,1017.0,2025.09.17,1번째 방문,영수증,점심시간 지나고 갔더니 사람이 없어서 기다리지 않고 들어갔어요 맛있게 잘먹었어요,44,True,,,,점심시간 지나고 갔더니 사람이 없어서 기다리지 않고 들어갔어요 맛있게 잘먹었어요,점심시간 지나고 갔더니 사람이 없어서 기다리지 않고 들어갔어요 맛있게 잘먹었어요,0,0,0,0,0,0,0,44,"맛, 맛있, 간"
kakao,소문난성수감자탕,난다요,18.0,2025-08-26,,,극 평범한 감자탕 .. 웨이팅 없이 들어와서 다행이지 기다렸으면 화날뻔 .. 걍 감자탕 맛이에요 무난무난 극무난 직원분들이 아무런 대답도 없이 응대하심 손님은 전부 외국인이라 여기가 외국인줄 ㄷㄷ 그냥 자리빨인듯 합니다 •• 볶음밥도 걍 감자탕 국물에 볶은 볶음밥 그 이상 그 이하도 아님 맛이 없진 않아요 공기밥 2천원 ~ 라면 4천원 참고 ❤️,194,False,1.0,3.1,실버 레벨,극 평범한 감자탕 .. 웨이팅 없이 들어와서 다행이지 기다렸으면 화날뻔 .. 걍 감자탕 맛이에요 무난무난 극무난 직원분들이 아무런 대답도 없이 응대하심 손님은 전부 외국인이라 여기가 외국인줄 ㄷㄷ 그냥 자리빨인듯 합니다 •• 볶음밥도 걍 감자탕 국물에 볶은 볶음밥 그 이상 그 이하도 아님 맛이 없진 않아요 공기밥 2천원 ~ 라면 4천원 참고 ❤️,극 평범한 감자탕 웨이팅 없이 들어와서 다행이지 기다렸으면 화날뻔 걍 감자탕 맛이에요 무난무난 극무난 직원분들이 아무런 대답도 없이 응대하심 손님은 전부 외국인이라 여기가 외국인줄 그냥 자리빨인듯 합니다 볶음밥도 걍 감자탕 국물에 볶은 볶음밥 그 이상 그 이하도 아님 맛이 없진 않아요 공기밥 2천원 라면 4천원 참고 EMO_POS,1,0,0,0,0,0,1,194,"맛, 면, 밥, 국물, 감자탕"
naver,을밀대 평양냉면,ToBeH,55.0,2026.01.21,1번째 방문,영수증,"한파를 뚫고, 방문!!! 최근 다녀온 서X 보다는 육수 맛과 향이 강하고, 진X평XXX 보다는 약한 그 중간쯤의 맛! 특이하게 육수에 살얼음이 동동~ 여름에는 진짜 좋을거 같아요 ㅎㅎ 면발은 얼음 때문인지 더 쫄깃한데, 양은 앞서 다녀간 2군데보다 훨씬 많아 좋았어요~ 온육수도 맛과 향이 좋았고, 수육 주문은 소, 대 2가지만 있었는데, 반접시 같은 1,2인분 메뉴도 생기면 좋을거 같네요 ^^",221,True,,,,"한파를 뚫고, 방문!!! 최근 다녀온 서X 보다는 육수 맛과 향이 강하고, 진X평XXX 보다는 약한 그 중간쯤의 맛! 특이하게 육수에 살얼음이 동동~ 여름에는 진짜 좋을거 같아요 ㅎㅎ 면발은 얼음 때문인지 더 쫄깃한데, 양은 앞서 다녀간 2군데보다 훨씬 많아 좋았어요~ 온육수도 맛과 향이 좋았고, 수육 주문은 소, 대 2가지만 있었는데, 반접시 같은 1,2인분 메뉴도 생기면 좋을거 같네요 ^^",한파를 뚫고 방문 EXCLAM 최근 다녀온 서X 보다는 육수 맛과 향이 강하고 진X평XX 보다는 약한 그 중간쯤의 맛 EXCLAM 특이하게 육수에 살얼음이 동동 여름에는 진짜 좋을거 같아요 면발은 얼음 때문인지 더 쫄깃한데 양은 앞서 다녀간 2군데보다 훨씬 많아 좋았어요 온육수도 맛과 향이 좋았고 수육 주문은 소 대 2가지만 있었는데 반접시 같은 1 2인분 메뉴도 생기면 좋을거 같네요,0,0,0,0,1,0,1,221,"맛, 메뉴, 양, 간, 면, 짜"
naver,태양곱창 성수점,eeheony,34.0,2026.03.21,1번째 방문,영수증,야채곱창에 당면추가 너무너무 맛있어요 ㅠㅠ,23,True,,,,야채곱창에 당면추가 너무너무 맛있어요 ㅠㅠ,야채곱창에 당면추가 너무너무 맛있어요,0,0,0,1,0,0,0,23,"맛, 맛있, 면"
naver,훼미리손칼국수보쌈,기타치는제육볶음,24.0,2026.02.24,1번째 방문,예약,회사와 집에서 가까워서 일주일에 한번은 가서 보쌈정식에 소주 한병 먹고 나온지 7~8년은 된것 같아요. 보쌈정식에 소주 한병 딱 이만원 나와요. 티비 및 유튜브에 많이 나온 집이라서 지나가다가 웨이팅 있으면 그냥 가고 없으면 들어가서 먹고 나오는 그런 편한 집입니다. 아무래도 가성비가 뛰어난 집이라고 할 수 있고 만오천원에 일인분으로 넉넉한 수육과 칼국수 맛있는 김치에 신선한 알배추까지 먹을 수 있습니다. 일본사람들이 꽤 많이 오고 술 없이 식사만 하고 가는 테이블도 많은데 오히려 혼자 혹은 둘이서 식사 하면서 가볍게 한잔 할 수 있는 최고의 집입니다. 혼자가도 전혀 눈치주지 않는 아주 고마운 집이에요. 그래서 혼자갈 땐 미안해서 후다닥 먹고 나오게 됩니다. 뚝섬역 근처 오시면 한번 들러 보세요.,394,True,,,,회사와 집에서 가까워서 일주일에 한번은 가서 보쌈정식에 소주 한병 먹고 나온지 7~8년은 된것 같아요. 보쌈정식에 소주 한병 딱 이만원 나와요. 티비 및 유튜브에 많이 나온 집이라서 지나가다가 웨이팅 있으면 그냥 가고 없으면 들어가서 먹고 나오는 그런 편한 집입니다. 아무래도 가성비가 뛰어난 집이라고 할 수 있고 만오천원에 일인분으로 넉넉한 수육과 칼국수 맛있는 김치에 신선한 알배추까지 먹을 수 있습니다. 일본사람들이 꽤 많이 오고 술 없이 식사만 하고 가는 테이블도 많은데 오히려 혼자 혹은 둘이서 식사 하면서 가볍게 한잔 할 수 있는 최고의 집입니다. 혼자가도 전혀 눈치주지 않는 아주 고마운 집이에요. 그래서 혼자갈 땐 미안해서 후다닥 먹고 나오게 됩니다. 뚝섬역 근처 오시면 한번 들러 보세요.,회사와 집에서 가까워서 일주일에 한번은 가서 보쌈정식에 소주 한병 먹고 나온지 7 8년은 된것 같아요 보쌈정식에 소주 한병 딱 이만원 나와요 티비 및 유튜브에 많이 나온 집이라서 지나가다가 웨이팅 있으면 그냥 가고 없으면 들어가서 먹고 나오는 그런 편한 집입니다 아무래도 가성비가 뛰어난 집이라고 할 수 있고 만오천원에 일인분으로 넉넉한 수육과 칼국수 맛있는 김치에 신선한 알배추까지 먹을 수 있습니다 일본사람들이 꽤 많이 오고 술 없이 식사만 하고 가는 테이블도 많은데 오히려 혼자 혹은 둘이서 식사 하면서 가볍게 한잔 할 수 있는 최고의 집입니다 혼자가도 전혀 눈치주지 않는 아주 고마운 집이에요 그래서 혼자갈 땐 미안해서 후다닥 먹고 나오게 됩니다 뚝섬역 근처 오시면 한번 들러 보세요,0,0,0,0,0,0,1,394,"맛, 맛있, 면, 김치, 보쌈"
kakao,보끔당 성수점,^^,7.0,2025-08-16,,,몇 달 전에 친구랑 같이 왔던 집인데 오랜만에 성수동 왔는데 생각나서 또 온 집입니다 간장찜닭 먹었어요! 자리마다 주문 키오스크 있어서 이것저것 고르기 편하고 배달이랑 홀 둘다하는데 둘 다 찾는 사람들이 많아요 위생 맛 접근성 둘다 괜찮은 것 같습니다 밥도 많이줘용,148,True,5.0,3.9,브론즈 레벨,몇 달 전에 친구랑 같이 왔던 집인데 오랜만에 성수동 왔는데 생각나서 또 온 집입니다 간장찜닭 먹었어요! 자리마다 주문 키오스크 있어서 이것저것 고르기 편하고 배달이랑 홀 둘다하는데 둘 다 찾는 사람들이 많아요 위생 맛 접근성 둘다 괜찮은 것 같습니다 밥도 많이줘용,몇 달 전에 친구랑 같이 왔던 집인데 오랜만에 성수동 왔는데 생각나서 또 온 집입니다 간장찜닭 먹었어요 EXCLAM 자리마다 주문 키오스크 있어서 이것저것 고르기 편하고 배달이랑 홀 둘다하는데 둘 다 찾는 사람들이 많아요 위생 맛 접근성 둘다 괜찮은 것 같습니다 밥도 많이줘용,0,0,0,0,1,0,0,148,"맛, 간, 밥"
kakao,장인닭갈비 홍대점,이나리,20.0,2025-01-21,,,역시 맛집이라 사람들도 많고 언제가도 변치않는 맛있는 맛이에요ㅜㅜ 맛있게 배부르게 잘 먹었습니다💓,54,True,5.0,5.0,실버 레벨,역시 맛집이라 사람들도 많고 언제가도 변치않는 맛있는 맛이에요ㅜㅜ 맛있게 배부르게 잘 먹었습니다💓,역시 맛집이라 사람들도 많고 언제가도 변치않는 맛있는 맛이에요 맛있게 배부르게 잘 먹었습니다 EMO_POS,1,0,0,1,0,0,0,54,"맛, 맛있"
kakao,락희옥 마포본점,미미,42.0,2025-07-25,,,맛은 있으나 양이 너무 적고.. 직원 개 불친절함.....,32,True,1.0,3.2,실버 레벨,맛은 있으나 양이 너무 적고.. 직원 개 불친절함.....,맛은 있으나 양이 너무 적고 직원 개 불친절함,0,0,0,0,0,0,0,32,"맛, 양"
naver,이태리국시 성수,뽀미사랑맘,57.0,2026.03.12,1번째 방문,영수증,"우연찮게 들어온 식당이 엄청 맛집이에요~~~^^ 대창 파스타, 리조또, 피자 세가지 음식 다 모두 맛있어요~~~~여유롭게 오면 너무나 분위기까지 즐길수 있는 곳같아요 여자 친구랑~남자친구랑 와도 넘넘 좋을것 같아요^^",121,True,,,,"우연찮게 들어온 식당이 엄청 맛집이에요~~~^^ 대창 파스타, 리조또, 피자 세가지 음식 다 모두 맛있어요~~~~여유롭게 오면 너무나 분위기까지 즐길수 있는 곳같아요 여자 친구랑~남자친구랑 와도 넘넘 좋을것 같아요^^",우연찮게 들어온 식당이 엄청 맛집이에요 TILDE 대창 파스타 리조또 피자 세가지 음식 다 모두 맛있어요 TILDE 여유롭게 오면 너무나 분위기까지 즐길수 있는 곳같아요 여자 친구랑 남자친구랑 와도 넘넘 좋을것 같아요,0,0,0,0,0,0,0,121,"맛, 맛있, 음식, 면, 파스타, 피자"
naver,소문난성수감자탕,상데렐라,89.0,2025.11.08,1번째 방문,영수증,돈과 시간 아까웠습니다. 맛집으로 소문난 곳이라 남자친구가 궁금해해서 웨이팅하고 갔습니다. 들어가자마자 빨리들어가라고 직원분이 손으로 계속 등을 미셔서 기분이 안좋았습니다. 주방 앞 좁은 길목에서 앞사람이랑 마주쳐서 기다렸다가 가야하는 상황이었는데도 뒤에서 미셨어요. 불쾌했습니다. 그래도 기다린김에 먹고가려고 앉아서 주문을 했습니다. 처음 비주얼을 보고 양도 많고 먹음직 스러워서 음식만 괜찮으면 좋다는 마인드로 기분좋게먹으려했습니다. 하지만 공장식 분위기여서 그런지 덜 삶아져 나왔더군요 퍽퍽하고 국물도 맛이없었어요. 뼈가 많고 우거지양도 많았지만 맛이없었어요. 앉자마자 소짜 준다하셨는데 저희는 강력하게 일반으로 달라했지만 외국인분들 걱정입니다. 다들 궁금해서 가보실텐데 이런 후기도 있다는 것을 알고 가셔요.,400,True,,,,돈과 시간 아까웠습니다. 맛집으로 소문난 곳이라 남자친구가 궁금해해서 웨이팅하고 갔습니다. 들어가자마자 빨리들어가라고 직원분이 손으로 계속 등을 미셔서 기분이 안좋았습니다. 주방 앞 좁은 길목에서 앞사람이랑 마주쳐서 기다렸다가 가야하는 상황이었는데도 뒤에서 미셨어요. 불쾌했습니다. 그래도 기다린김에 먹고가려고 앉아서 주문을 했습니다. 처음 비주얼을 보고 양도 많고 먹음직 스러워서 음식만 괜찮으면 좋다는 마인드로 기분좋게먹으려했습니다. 하지만 공장식 분위기여서 그런지 덜 삶아져 나왔더군요 퍽퍽하고 국물도 맛이없었어요. 뼈가 많고 우거지양도 많았지만 맛이없었어요. 앉자마자 소짜 준다하셨는데 저희는 강력하게 일반으로 달라했지만 외국인분들 걱정입니다. 다들 궁금해서 가보실텐데 이런 후기도 있다는 것을 알고 가셔요.,돈과 시간 아까웠습니다 맛집으로 소문난 곳이라 남자친구가 궁금해해서 웨이팅하고 갔습니다 들어가자마자 빨리들어가라고 직원분이 손으로 계속 등을 미셔서 기분이 안좋았습니다 주방 앞 좁은 길목에서 앞사람이랑 마주쳐서 기다렸다가 가야하는 상황이었는데도 뒤에서 미셨어요 불쾌했습니다 그래도 기다린김에 먹고가려고 앉아서 주문을 했습니다 처음 비주얼을 보고 양도 많고 먹음직 스러워서 음식만 괜찮으면 좋다는 마인드로 기분좋게먹으려했습니다 하지만 공장식 분위기여서 그런지 덜 삶아져 나왔더군요 퍽퍽하고 국물도 맛이없었어요 뼈가 많고 우거지양도 많았지만 맛이없었어요 앉자마자 소짜 준다하셨는데 저희는 강력하게 일반으로 달라했지만 외국인분들 걱정입니다 다들 궁금해서 가보실텐데 이런 후기도 있다는 것을 알고 가셔요,0,0,0,0,0,0,0,400,"맛, 음식, 양, 간, 면, 국물, 짜"
kakao,육산장 홍대본점,잠실 날씨요정,9.0,2025-04-19,,,존맛 분위기 좋음 추천합니다,15,True,5.0,5.0,브론즈 레벨,존맛 분위기 좋음 추천합니다,존맛 분위기 좋음 추천합니다,0,0,0,0,0,0,0,15,맛
kakao,육지,뚠이,1.0,2025-09-11,,,고기도 맛있고 분위기도 좋네요! 직원분이 친절하셔서 더 맛있게 먹었습니다.,41,False,5.0,5.0,브론즈 레벨,고기도 맛있고 분위기도 좋네요! 직원분이 친절하셔서 더 맛있게 먹었습니다.,고기도 맛있고 분위기도 좋네요 EXCLAM 직원분이 친절하셔서 더 맛있게 먹었습니다,0,0,0,0,1,0,0,41,"맛, 맛있, 고기"
