platform,store_name,account_id,account_review_count,visit_date,visit_count,verification_method,review_text,review_length,has_photo,rating,account_avg_rating,reviewer_level,review_original,review_sentiment,has_emo_pos,has_emo_neg,has_laugh,has_cry,has_exclamation,has_question,has_number,original_char_len,가격_matched_keywords
kakao,뼈탄집 성수역점,🍪,4.0,2026-01-28,,,가족모임으로 방문한 고깃집이에요 🥩 고기 질이 좋아서 맛있게 먹었어요. 반찬도 골고루 잘 나와 만족! 직원분들 친절해서 기분 좋았고요. 아이랑 가기에도 편했어요. 가족모임 장소로 추천하는 고깃집입니다. 다음에 또 방문할게요 😊,126,True,5.0,5.0,브론즈 레벨,가족모임으로 방문한 고깃집이에요 🥩 고기 질이 좋아서 맛있게 먹었어요. 반찬도 골고루 잘 나와 만족! 직원분들 친절해서 기분 좋았고요. 아이랑 가기에도 편했어요. 가족모임 장소로 추천하는 고깃집입니다. 다음에 또 방문할게요 😊,가족모임으로 방문한 고깃집이에요 고기 질이 좋아서 맛있게 먹었어요 반찬도 골고루 잘 나와 만족 EXCLAM 직원분들 친절해서 기분 좋았고요 아이랑 가기에도 편했어요 가족모임 장소로 추천하는 고깃집입니다 다음에 또 방문할게요 EMO_POS,1,0,0,0,1,0,0,126,원
naver,일등식당,아이스초코29,1351.0,2025.10.15,4번째 방문,영수증,가성비 해장국집 포장해서 먹으면 양이 더 많아요(우거지 추가는 안되서 아쉽),42,True,,,,가성비 해장국집 포장해서 먹으면 양이 더 많아요(우거지 추가는 안되서 아쉽),가성비 해장국집 포장해서 먹으면 양이 더 많아요 우거지 추가는 안되서 아쉽,0,0,0,0,0,0,0,42,가성비
naver,이태리국시 성수,Yirehh,23.0,2026.05.06,1번째 방문,영수증,오랜만에 성수로 나와서 흔한 양식이 아닌 색다른걸 먹어보고 싶어 방문했습니다 원픽이었던 대창파스타가 품절이라 못 먹은게 아쉽지만ㅠㅠ 곱창파스타와 알배추 샐러드 청양크림파스타까지 맛있게 먹었어요! 피클대신 짜지않은 무짱아찌까지 오히려 잘 어울렸어요~ 다음엔 대창파스타 꼭 먹어보러 올려고요🥰,161,True,,,,오랜만에 성수로 나와서 흔한 양식이 아닌 색다른걸 먹어보고 싶어 방문했습니다 원픽이었던 대창파스타가 품절이라 못 먹은게 아쉽지만ㅠㅠ 곱창파스타와 알배추 샐러드 청양크림파스타까지 맛있게 먹었어요! 피클대신 짜지않은 무짱아찌까지 오히려 잘 어울렸어요~ 다음엔 대창파스타 꼭 먹어보러 올려고요🥰,오랜만에 성수로 나와서 흔한 양식이 아닌 색다른걸 먹어보고 싶어 방문했습니다 원픽이었던 대창파스타가 품절이라 못 먹은게 아쉽지만 곱창파스타와 알배추 샐러드 청양크림파스타까지 맛있게 먹었어요 EXCLAM 피클대신 짜지않은 무짱아찌까지 오히려 잘 어울렸어요 다음엔 대창파스타 꼭 먹어보러 올려고요 EMO_POS,1,0,0,1,1,0,0,161,원
naver,조선시대,kim****,21.0,2026.04.23,1번째 방문,영수증,안주가 되게 다양하고 맛있어요. 양도 많아서 가성비가 좋은 것같습니다! 술도 전통주 마셨는데 맛있어여 추천합니다! #홍대술집 #홍대막걸리 #홍대맛집,82,True,,,,안주가 되게 다양하고 맛있어요. 양도 많아서 가성비가 좋은 것같습니다! 술도 전통주 마셨는데 맛있어여 추천합니다! #홍대술집 #홍대막걸리 #홍대맛집,안주가 되게 다양하고 맛있어요 양도 많아서 가성비가 좋은 것같습니다 EXCLAM 술도 전통주 마셨는데 맛있어여 추천합니다 EXCLAM 홍대술집 홍대막걸리 홍대맛집,0,0,0,0,1,0,0,82,가성비
kakao,육지,태영,1.0,2025-08-30,,,고기가 정말 맛있고 직원분들도 친절하셔서 맛있게 잘 먹고갑니다!!!,37,False,5.0,5.0,브론즈 레벨,고기가 정말 맛있고 직원분들도 친절하셔서 맛있게 잘 먹고갑니다!!!,고기가 정말 맛있고 직원분들도 친절하셔서 맛있게 잘 먹고갑니다 EXCLAM,0,0,0,0,1,0,0,37,원
kakao,능동미나리 성수점,stuva,42.0,2025-01-27,,,신선한 느낌과 맛도 있었습니다. 하지만 조금 비싸고 외국인들이 많아 항상 대기가 있네요.,49,True,4.0,3.5,실버 레벨,신선한 느낌과 맛도 있었습니다. 하지만 조금 비싸고 외국인들이 많아 항상 대기가 있네요.,신선한 느낌과 맛도 있었습니다 하지만 조금 비싸고 외국인들이 많아 항상 대기가 있네요,0,0,0,0,0,0,0,49,비싸
kakao,할머니의레시피,Jun3am,2.0,2025-03-28,,,방문시기는 작년 9월말쯤.. 사장같은 남자?분 되게 불친절했던거로 기억. 좁디좁은 2인석에 쟁반한가득 식사내놓아서 너무 좁으니 방금 자리 난 4인석 앉겠다했는데 다른 2인팀들 4인석에 떡하니 잘 앉혀놓고 그건 안된다해서 어이가없었음. 결국 다시한번 요청하니 똥씹은 표정으로 그렇게 하면 다른분들도 다 바꿔줘야해서 안된다고 꼽주다 선심쓰듯 바꿔주고.. 아니 그러면 테이블 수 채우려고 아득바득 작은 테이블 두지말고 넉넉히 큰 테이블을 놨어야지 왜 그런 말도안되는 원칙을 정해놓고 손님보고 강요를하는지? 돈욕심 버리고 손님을 위한 식당을 만드세요,303,True,1.0,3.0,브론즈 레벨,방문시기는 작년 9월말쯤.. 사장같은 남자?분 되게 불친절했던거로 기억. 좁디좁은 2인석에 쟁반한가득 식사내놓아서 너무 좁으니 방금 자리 난 4인석 앉겠다했는데 다른 2인팀들 4인석에 떡하니 잘 앉혀놓고 그건 안된다해서 어이가없었음. 결국 다시한번 요청하니 똥씹은 표정으로 그렇게 하면 다른분들도 다 바꿔줘야해서 안된다고 꼽주다 선심쓰듯 바꿔주고.. 아니 그러면 테이블 수 채우려고 아득바득 작은 테이블 두지말고 넉넉히 큰 테이블을 놨어야지 왜 그런 말도안되는 원칙을 정해놓고 손님보고 강요를하는지? 돈욕심 버리고 손님을 위한 식당을 만드세요,방문시기는 작년 9월말쯤 사장같은 남자 QUESTION 분 되게 불친절했던거로 기억 좁디좁은 2인석에 쟁반한가득 식사내놓아서 너무 좁으니 방금 자리 난 4인석 앉겠다했는데 다른 2인팀들 4인석에 떡하니 잘 앉혀놓고 그건 안된다해서 어이가없었음 결국 다시한번 요청하니 똥씹은 표정으로 그렇게 하면 다른분들도 다 바꿔줘야해서 안된다고 꼽주다 선심쓰듯 바꿔주고 아니 그러면 테이블 수 채우려고 아득바득 작은 테이블 두지말고 넉넉히 큰 테이블을 놨어야지 왜 그런 말도안되는 원칙을 정해놓고 손님보고 강요를하는지 QUESTION 돈욕심 버리고 손님을 위한 식당을 만드세요,0,0,0,0,0,1,1,303,"돈, 원"
naver,장인닭갈비 홍대점,승2792,11.0,2026.04.14,1번째 방문,영수증,"리뷰쓰면 캔 음료 준다길래 같이 온 친구가 닭갈비 나오기 전에 리뷰 썼더니 음식 사진도 올려달라해서 올렸는데요(음식 나오고 나서 영수증을 줬으면 몰라도) 리뷰 별점을 5점으로 올려달라고 하더라고요? 거기서 기분이 팍... 직원 중에 외국인 2명이 있었는데 뭐라고 설명하는지 모르겠고 닭갈비 맛도 특별히 맛있는 맛은 아니였던 것 같습니다 그리고 온라인에 있는 메뉴랑 현장 메뉴랑 1,000원 차이가 났었습니다 이렇게 리뷰를 강요하듯이 하는 곳은 처음이네요 (음료 받고 쓰는 리뷰 아닙니다 결제 후 받은 영수증입니다)",287,False,,,,"리뷰쓰면 캔 음료 준다길래 같이 온 친구가 닭갈비 나오기 전에 리뷰 썼더니 음식 사진도 올려달라해서 올렸는데요(음식 나오고 나서 영수증을 줬으면 몰라도) 리뷰 별점을 5점으로 올려달라고 하더라고요? 거기서 기분이 팍... 직원 중에 외국인 2명이 있었는데 뭐라고 설명하는지 모르겠고 닭갈비 맛도 특별히 맛있는 맛은 아니였던 것 같습니다 그리고 온라인에 있는 메뉴랑 현장 메뉴랑 1,000원 차이가 났었습니다 이렇게 리뷰를 강요하듯이 하는 곳은 처음이네요 (음료 받고 쓰는 리뷰 아닙니다 결제 후 받은 영수증입니다)",리뷰쓰면 캔 음료 준다길래 같이 온 친구가 닭갈비 나오기 전에 리뷰 썼더니 음식 사진도 올려달라해서 올렸는데요 음식 나오고 나서 영수증을 줬으면 몰라도 리뷰 별점을 5점으로 올려달라고 하더라고요 QUESTION 거기서 기분이 팍 직원 중에 외국인 2명이 있었는데 뭐라고 설명하는지 모르겠고 닭갈비 맛도 특별히 맛있는 맛은 아니였던 것 같습니다 그리고 온라인에 있는 메뉴랑 현장 메뉴랑 1 000원 차이가 났었습니다 이렇게 리뷰를 강요하듯이 하는 곳은 처음이네요 음료 받고 쓰는 리뷰 아닙니다 결제 후 받은 영수증입니다,0,0,0,0,0,1,1,287,원
naver,뼈탄집 성수역점,굿잡잡잡,14.0,2026.04.02,1번째 방문,영수증,주차장도 따로 있어서 편하고 가게 분위기랑 음악도 좋고 고기는 두께와 맛이 Mi 쳤어요! 가게 직원분들도 친정하고 너무 좋습니다👍💪,73,True,,,,주차장도 따로 있어서 편하고 가게 분위기랑 음악도 좋고 고기는 두께와 맛이 Mi 쳤어요! 가게 직원분들도 친정하고 너무 좋습니다👍💪,주차장도 따로 있어서 편하고 가게 분위기랑 음악도 좋고 고기는 두께와 맛이 Mi 쳤어요 EXCLAM 가게 직원분들도 친정하고 너무 좋습니다 EMO_POS,1,0,0,0,1,0,0,73,원
kakao,육산장 홍대본점,연우,1.0,2025-07-06,,,맛있어요 직원분도 친절하시고 분위기도 조아요,24,True,5.0,5.0,브론즈 레벨,맛있어요 직원분도 친절하시고 분위기도 조아요,맛있어요 직원분도 친절하시고 분위기도 조아요,0,0,0,0,0,0,0,24,원
naver,홍대 육지,mrs****,8.0,2026.04.28,1번째 방문,영수증,친절한 서비스에 일단 감동으로 시작... 쾌적한 공간에 잔잔한 bgm.. 돈대갈비 👍 .. 모든 🐖 🐷 👍👍👍 호강하는 하루였어요.^^,75,True,,,,친절한 서비스에 일단 감동으로 시작... 쾌적한 공간에 잔잔한 bgm.. 돈대갈비 👍 .. 모든 🐖 🐷 👍👍👍 호강하는 하루였어요.^^,친절한 서비스에 일단 감동으로 시작 쾌적한 공간에 잔잔한 bgm 돈대갈비 EMO_POS 모든 EMO_POS EMO_POS EMO_POS 호강하는 하루였어요,1,0,0,0,0,0,0,75,돈
kakao,태양곱창 성수,노을,2.0,2025-02-10,,,얼마 전 그 근처 다른 식당 갔다가 너무 맛있어보여서 맛집 리스트에 넣었다가 성수역에 갈 일이 있어서 방문해보았어요. 문 열고 들어가니 이미 많은 분들이 많이 계시더라고요~바쁜데도 직원분들이 너무 친절하게 잘 해주셔서 맛있게 먹고 왔어요!! 재방문할 의사 있습니다~,148,False,5.0,5.0,브론즈 레벨,얼마 전 그 근처 다른 식당 갔다가 너무 맛있어보여서 맛집 리스트에 넣었다가 성수역에 갈 일이 있어서 방문해보았어요. 문 열고 들어가니 이미 많은 분들이 많이 계시더라고요~바쁜데도 직원분들이 너무 친절하게 잘 해주셔서 맛있게 먹고 왔어요!! 재방문할 의사 있습니다~,얼마 전 그 근처 다른 식당 갔다가 너무 맛있어보여서 맛집 리스트에 넣었다가 성수역에 갈 일이 있어서 방문해보았어요 문 열고 들어가니 이미 많은 분들이 많이 계시더라고요 바쁜데도 직원분들이 너무 친절하게 잘 해주셔서 맛있게 먹고 왔어요 EXCLAM 재방문할 의사 있습니다,0,0,0,0,1,0,0,148,원
naver,금금 성수점,민티블,18.0,2026.02.25,1번째 방문,영수증,친구들이랑 성수에서 한식 먹고싶어서 갔는데 특이한 메뉴들도 많고 가격도 괜찮아서 좋았어요! 면 종류 두가지랑 양배추쌈밥 시켰는데 국수 면도 쫄깃하고 맛있고 쌈밥은 같이 간 친구들 다 맛있다고 해서 데려오길 잘했네요. 다음에 또 가보려구요!,133,True,,,,친구들이랑 성수에서 한식 먹고싶어서 갔는데 특이한 메뉴들도 많고 가격도 괜찮아서 좋았어요! 면 종류 두가지랑 양배추쌈밥 시켰는데 국수 면도 쫄깃하고 맛있고 쌈밥은 같이 간 친구들 다 맛있다고 해서 데려오길 잘했네요. 다음에 또 가보려구요!,친구들이랑 성수에서 한식 먹고싶어서 갔는데 특이한 메뉴들도 많고 가격도 괜찮아서 좋았어요 EXCLAM 면 종류 두가지랑 양배추쌈밥 시켰는데 국수 면도 쫄깃하고 맛있고 쌈밥은 같이 간 친구들 다 맛있다고 해서 데려오길 잘했네요 다음에 또 가보려구요 EXCLAM,0,0,0,0,1,0,0,133,가격
kakao,쭌곱창,서동만,2.0,2025-04-08,,,맛있고 가성비 있어요!! 사장님도 완전 친절하시고 맘에 듭니다~~ 강추해요!!,43,True,5.0,5.0,브론즈 레벨,맛있고 가성비 있어요!! 사장님도 완전 친절하시고 맘에 듭니다~~ 강추해요!!,맛있고 가성비 있어요 EXCLAM 사장님도 완전 친절하시고 맘에 듭니다 TILDE 강추해요 EXCLAM,0,0,0,0,1,0,0,43,가성비
naver,원조 조박집 본관,안젤라씨네,1740.0,2025.10.28,1번째 방문,영수증,"마포에서 퇴근하는 남편 마중나갔다가 오랜만에 조박집 방문함. 퇴근시간 직전이라 빈 테이블이 몇개 있었으나 여섯시 조금 지나니까 빈자리가 없었음. 본관외에 별관과 신관도 있음. 처음에 주물럭 2인분 주문했고 맛있어서 1인분 추가함. 조박집 주물럭등심은 변함없이 부드럽고 맛있었음. 곁들여지는 반찬은 무생채, 파무침, 김치, 동치미 국물에 말아주는 국수가 전부. 조박집은 돼지갈비도 맛있으니 다음에는 돼지갈비 먹으러 가야겠음. 식당에 별도 주차장없음. 근처 마포 유수지 공영주차장이나 염리 공영주차장 이용 가능하지만 1시간만 요금이 지원됨.",300,True,,,,"마포에서 퇴근하는 남편 마중나갔다가 오랜만에 조박집 방문함. 퇴근시간 직전이라 빈 테이블이 몇개 있었으나 여섯시 조금 지나니까 빈자리가 없었음. 본관외에 별관과 신관도 있음. 처음에 주물럭 2인분 주문했고 맛있어서 1인분 추가함. 조박집 주물럭등심은 변함없이 부드럽고 맛있었음. 곁들여지는 반찬은 무생채, 파무침, 김치, 동치미 국물에 말아주는 국수가 전부. 조박집은 돼지갈비도 맛있으니 다음에는 돼지갈비 먹으러 가야겠음. 식당에 별도 주차장없음. 근처 마포 유수지 공영주차장이나 염리 공영주차장 이용 가능하지만 1시간만 요금이 지원됨.",마포에서 퇴근하는 남편 마중나갔다가 오랜만에 조박집 방문함 퇴근시간 직전이라 빈 테이블이 몇개 있었으나 여섯시 조금 지나니까 빈자리가 없었음 본관외에 별관과 신관도 있음 처음에 주물럭 2인분 주문했고 맛있어서 1인분 추가함 조박집 주물럭등심은 변함없이 부드럽고 맛있었음 곁들여지는 반찬은 무생채 파무침 김치 동치미 국물에 말아주는 국수가 전부 조박집은 돼지갈비도 맛있으니 다음에는 돼지갈비 먹으러 가야겠음 식당에 별도 주차장없음 근처 마포 유수지 공영주차장이나 염리 공영주차장 이용 가능하지만 1시간만 요금이 지원됨,0,0,0,0,0,0,1,300,원
kakao,태양곱창 성수,밍,7.0,2025-02-02,,,친절하긴한데 냄새 너무 나서 먹고 뱉음;; 진심 못 먹겠어요. 구역질 나요. 친구랑 둘 다 밥 못 먹음. 양념 듬뿍 찍으면 그나마 먹을만함. 돈버림 0.1점 주고픔.,92,True,1.0,2.7,실버 레벨,친절하긴한데 냄새 너무 나서 먹고 뱉음;; 진심 못 먹겠어요. 구역질 나요. 친구랑 둘 다 밥 못 먹음. 양념 듬뿍 찍으면 그나마 먹을만함. 돈버림 0.1점 주고픔.,친절하긴한데 냄새 너무 나서 먹고 뱉음 진심 못 먹겠어요 구역질 나요 친구랑 둘 다 밥 못 먹음 양념 듬뿍 찍으면 그나마 먹을만함 돈버림 0 1점 주고픔,0,0,0,0,0,0,1,92,돈
kakao,소문난성수감자탕,박미린눙,1.0,2025-06-18,,,"리뷰 첨 써보는데 여기 직원분들중에 피부 어둡고 키 작으신분,,다른 손님이랑 카운터에서 막 싸우시고 저희 테이블 결제할때 보니까 말투나 태도 그냥 싸우자는투였어요. 맞는 일 찾아서 하세요. 남들 피해주지마시고. 맛, 가격 다 별로였음 그냥 가지마세요.",140,False,1.0,1.0,브론즈 레벨,"리뷰 첨 써보는데 여기 직원분들중에 피부 어둡고 키 작으신분,,다른 손님이랑 카운터에서 막 싸우시고 저희 테이블 결제할때 보니까 말투나 태도 그냥 싸우자는투였어요. 맞는 일 찾아서 하세요. 남들 피해주지마시고. 맛, 가격 다 별로였음 그냥 가지마세요.",리뷰 첨 써보는데 여기 직원분들중에 피부 어둡고 키 작으신분 다른 손님이랑 카운터에서 막 싸우시고 저희 테이블 결제할때 보니까 말투나 태도 그냥 싸우자는투였어요 맞는 일 찾아서 하세요 남들 피해주지마시고 맛 가격 다 별로였음 그냥 가지마세요,0,0,0,0,0,0,0,140,"가격, 원"
kakao,육지,전현기,2.0,2025-07-09,,,직원분들이 친절하시고 고기가 엄청 맛있어요!,24,True,5.0,5.0,브론즈 레벨,직원분들이 친절하시고 고기가 엄청 맛있어요!,직원분들이 친절하시고 고기가 엄청 맛있어요 EXCLAM,0,0,0,0,1,0,0,24,원
naver,을밀대 평양냉면,헬리오트로프,485.0,2025.07.30,1번째 방문,예약,"녹두전이 킥입니다..!!! 나중에 녹두전만 포장하러 올 수도 있을 것 같아요! 평냉도 역시 이름값합니다. 근데 평냉은 먼가 다이어트해서 자극적인 음식과 멀어졌을 때, 미각이 예민해졌을 때 더 맛있게 다가오는 느낌입니다. 글구 면발이 직접 뽑으셔서 시중면발이랑 다릅니다!! + 육수도 구수한 맛이 일품(특히 뜨거운 육수)",178,True,,,,"녹두전이 킥입니다..!!! 나중에 녹두전만 포장하러 올 수도 있을 것 같아요! 평냉도 역시 이름값합니다. 근데 평냉은 먼가 다이어트해서 자극적인 음식과 멀어졌을 때, 미각이 예민해졌을 때 더 맛있게 다가오는 느낌입니다. 글구 면발이 직접 뽑으셔서 시중면발이랑 다릅니다!! + 육수도 구수한 맛이 일품(특히 뜨거운 육수)",녹두전이 킥입니다 EXCLAM 나중에 녹두전만 포장하러 올 수도 있을 것 같아요 EXCLAM 평냉도 역시 이름값합니다 근데 평냉은 먼가 다이어트해서 자극적인 음식과 멀어졌을 때 미각이 예민해졌을 때 더 맛있게 다가오는 느낌입니다 글구 면발이 직접 뽑으셔서 시중면발이랑 다릅니다 EXCLAM 육수도 구수한 맛이 일품 특히 뜨거운 육수,0,0,0,0,1,0,0,178,값
naver,육산장 홍대본점,cls****,80.0,2026.04.17,1번째 방문,영수증,원래 다른 식당 가려다가 냄새에 이끌려 들어왔습니다..! 야외 컨셉 너무 좋고 의자도 편하고 고기도 초벌되어 나와서 금방 먹을 수 있었어요.. 진짜 맛있고 비주얼도 대박입니다 ㅠㅠ 재방문의사 100%✨,112,True,,,,원래 다른 식당 가려다가 냄새에 이끌려 들어왔습니다..! 야외 컨셉 너무 좋고 의자도 편하고 고기도 초벌되어 나와서 금방 먹을 수 있었어요.. 진짜 맛있고 비주얼도 대박입니다 ㅠㅠ 재방문의사 100%✨,원래 다른 식당 가려다가 냄새에 이끌려 들어왔습니다 EXCLAM 야외 컨셉 너무 좋고 의자도 편하고 고기도 초벌되어 나와서 금방 먹을 수 있었어요 진짜 맛있고 비주얼도 대박입니다 재방문의사 100 EMO_POS,1,0,0,1,1,0,1,112,원
kakao,소문난성수감자탕,뮤,21.0,2025-09-17,,,감자탕 먹는데 웨이팅하는 것부터 좀 킹받지만 참고 기다렸는데 고기가 상한건지 쓴맛나고 맛이 없어서 몇숟갈 제대로 먹지도 못했고 양은 양대로 적고 감자탕 2인분에 가격도 꽤나 하는데 우거지는 얇게 네줄 겨우 들어가있고 … 감자탕이 사실 맛없기가 쉽지 않은 음식인데 기본적인 맛조차도 안되는게 충격적이었어요 맛이 없는걸로 소문이 난건가? 장사가 잘되는게 신기하네요 서비스 맛 가격 뭐하나 좋은게 없는데… 외국인들이 이걸 먹고 한국의 감자탕이라고 받아들일 생각을 하니 암담하네요 다시는 안갑니다,273,True,1.0,3.5,실버 레벨,감자탕 먹는데 웨이팅하는 것부터 좀 킹받지만 참고 기다렸는데 고기가 상한건지 쓴맛나고 맛이 없어서 몇숟갈 제대로 먹지도 못했고 양은 양대로 적고 감자탕 2인분에 가격도 꽤나 하는데 우거지는 얇게 네줄 겨우 들어가있고 … 감자탕이 사실 맛없기가 쉽지 않은 음식인데 기본적인 맛조차도 안되는게 충격적이었어요 맛이 없는걸로 소문이 난건가? 장사가 잘되는게 신기하네요 서비스 맛 가격 뭐하나 좋은게 없는데… 외국인들이 이걸 먹고 한국의 감자탕이라고 받아들일 생각을 하니 암담하네요 다시는 안갑니다,감자탕 먹는데 웨이팅하는 것부터 좀 킹받지만 참고 기다렸는데 고기가 상한건지 쓴맛나고 맛이 없어서 몇숟갈 제대로 먹지도 못했고 양은 양대로 적고 감자탕 2인분에 가격도 꽤나 하는데 우거지는 얇게 네줄 겨우 들어가있고 감자탕이 사실 맛없기가 쉽지 않은 음식인데 기본적인 맛조차도 안되는게 충격적이었어요 맛이 없는걸로 소문이 난건가 QUESTION 장사가 잘되는게 신기하네요 서비스 맛 가격 뭐하나 좋은게 없는데 외국인들이 이걸 먹고 한국의 감자탕이라고 받아들일 생각을 하니 암담하네요 다시는 안갑니다,0,0,0,0,0,1,1,273,가격
naver,훼미리손칼국수보쌈,미스터화이트,993.0,2025.10.25,2번째 방문,영수증,성수 가성비 최고의 맛집 🍭맛 - 솔직히 칼국수 보쌈 이렇게 푸짐하게 주는데 맛도 있어요 칼국수면은 부들부들 간은 슴슴한듯 하구요 보쌈은 진짜 바로 썰어주셔서 뜨끈하니 좋습니다 보쌈김치가 살짝 더 달큰하고 무김치나 일반김치도 다 맛있어요 배추도 싱싱 그 자체구요 🍭내부모습 - 생각보다 넓고 전부 4인석입니다 🍭서비스 외 기타 - 오픈런을 못할 것 같으면 그냥 12시반 넘어와도 좋을듯해요 저는 주말점심기준 40분 웨이팅 했습니다 오픈런 실패면 이 정도인데 그 이후는 종종 회전률 빨라서 잘 들어가는 듯요 ㅋ,284,True,,,,성수 가성비 최고의 맛집 🍭맛 - 솔직히 칼국수 보쌈 이렇게 푸짐하게 주는데 맛도 있어요 칼국수면은 부들부들 간은 슴슴한듯 하구요 보쌈은 진짜 바로 썰어주셔서 뜨끈하니 좋습니다 보쌈김치가 살짝 더 달큰하고 무김치나 일반김치도 다 맛있어요 배추도 싱싱 그 자체구요 🍭내부모습 - 생각보다 넓고 전부 4인석입니다 🍭서비스 외 기타 - 오픈런을 못할 것 같으면 그냥 12시반 넘어와도 좋을듯해요 저는 주말점심기준 40분 웨이팅 했습니다 오픈런 실패면 이 정도인데 그 이후는 종종 회전률 빨라서 잘 들어가는 듯요 ㅋ,성수 가성비 최고의 맛집 맛 솔직히 칼국수 보쌈 이렇게 푸짐하게 주는데 맛도 있어요 칼국수면은 부들부들 간은 슴슴한듯 하구요 보쌈은 진짜 바로 썰어주셔서 뜨끈하니 좋습니다 보쌈김치가 살짝 더 달큰하고 무김치나 일반김치도 다 맛있어요 배추도 싱싱 그 자체구요 내부모습 생각보다 넓고 전부 4인석입니다 서비스 외 기타 오픈런을 못할 것 같으면 그냥 12시반 넘어와도 좋을듯해요 저는 주말점심기준 40분 웨이팅 했습니다 오픈런 실패면 이 정도인데 그 이후는 종종 회전률 빨라서 잘 들어가는 듯요,0,0,0,0,0,0,1,284,가성비
naver,원조 조박집 본관,PC크레이터 곰탱이,258.0,2025.10.16,2번째 방문,영수증,"서울 3대 돼지갈비집이라고… (그런데 이거 누가 정한거냐?) 블루리본 맛집이라고 (블루리본 스티커가 덕지덕지 이건 맞다.) 마포에 대표적인 맛집이라고… (그런데 정말 맛있기는 하다.) #원조조박집 (☆☆☆☆), 참 신기한건 가면 갈수록 여기 돼지갈비는 맛있어진다. 뭔가 마약 돼지갈비라고 해야 할 듯. 갈비의 느끼함을 국수말아넣은 동치미로 지우고 엄청나게 맛있는 열무김치도 최고! 마무리는 시래기 가득넣은 된장찌개! 솔직히 대파김치는 별로였음 ㅎ 끝 ! (꼬투리는 하나 잡아야지)",268,True,,,,"서울 3대 돼지갈비집이라고… (그런데 이거 누가 정한거냐?) 블루리본 맛집이라고 (블루리본 스티커가 덕지덕지 이건 맞다.) 마포에 대표적인 맛집이라고… (그런데 정말 맛있기는 하다.) #원조조박집 (☆☆☆☆), 참 신기한건 가면 갈수록 여기 돼지갈비는 맛있어진다. 뭔가 마약 돼지갈비라고 해야 할 듯. 갈비의 느끼함을 국수말아넣은 동치미로 지우고 엄청나게 맛있는 열무김치도 최고! 마무리는 시래기 가득넣은 된장찌개! 솔직히 대파김치는 별로였음 ㅎ 끝 ! (꼬투리는 하나 잡아야지)",서울 3대 돼지갈비집이라고 그런데 이거 누가 정한거냐 QUESTION 블루리본 맛집이라고 블루리본 스티커가 덕지덕지 이건 맞다 마포에 대표적인 맛집이라고 그런데 정말 맛있기는 하다 원조조박집 참 신기한건 가면 갈수록 여기 돼지갈비는 맛있어진다 뭔가 마약 돼지갈비라고 해야 할 듯 갈비의 느끼함을 국수말아넣은 동치미로 지우고 엄청나게 맛있는 열무김치도 최고 EXCLAM 마무리는 시래기 가득넣은 된장찌개 EXCLAM 솔직히 대파김치는 별로였음 끝 EXCLAM 꼬투리는 하나 잡아야지,0,0,0,0,1,1,1,268,원
naver,육산장 홍대본점,비미34,12.0,2026.03.22,1번째 방문,영수증,데이트 코스로 가격도 나쁘지 않고 고기 퀄리티 좋아요!!! 분위기 부터 실내 매우 좋아요 데이트 코스로 추천드려요!,64,True,,,,데이트 코스로 가격도 나쁘지 않고 고기 퀄리티 좋아요!!! 분위기 부터 실내 매우 좋아요 데이트 코스로 추천드려요!,데이트 코스로 가격도 나쁘지 않고 고기 퀄리티 좋아요 EXCLAM 분위기 부터 실내 매우 좋아요 데이트 코스로 추천드려요 EXCLAM,0,0,0,0,1,0,0,64,가격
naver,을밀대 평양냉면,벼리6394,123.0,2025.10.24,1번째 방문,영수증,오랫만에 냉면 예전맛이 안나요 면도 미끌거리고 육수는 짜고 입맛이 변한건지 김치 달라고히니 원래 냉면엔 안준다고 안주심 20년도 넘게 다니면서 먹은 김치는 무엇인지 암튼.이젠 그만 갈듯,103,True,,,,오랫만에 냉면 예전맛이 안나요 면도 미끌거리고 육수는 짜고 입맛이 변한건지 김치 달라고히니 원래 냉면엔 안준다고 안주심 20년도 넘게 다니면서 먹은 김치는 무엇인지 암튼.이젠 그만 갈듯,오랫만에 냉면 예전맛이 안나요 면도 미끌거리고 육수는 짜고 입맛이 변한건지 김치 달라고히니 원래 냉면엔 안준다고 안주심 20년도 넘게 다니면서 먹은 김치는 무엇인지 암튼 이젠 그만 갈듯,0,0,0,0,0,0,1,103,원
naver,조선시대,sih****,26.0,2026.03.22,1번째 방문,영수증,"전부 먹고나서 촬영하였지만 정말 재미있게 이벤트,게임,직원분들과 술자리시간을 보냈고 술자리를 재미있게 즐기게 도와주는 자리였어요",71,True,,,,"전부 먹고나서 촬영하였지만 정말 재미있게 이벤트,게임,직원분들과 술자리시간을 보냈고 술자리를 재미있게 즐기게 도와주는 자리였어요",전부 먹고나서 촬영하였지만 정말 재미있게 이벤트 게임 직원분들과 술자리시간을 보냈고 술자리를 재미있게 즐기게 도와주는 자리였어요,0,0,0,0,0,0,0,71,원
naver,황금콩밭,리락쿠마쓰,293.0,2026.03.07,1번째 방문,예약,점심때쯤 갔고 웨이팅 없었어요! 두부가 진짜 부드럽고 맛있었어요 근데 감칠맛은 덜한 건강한 맛이였습니다🙂 반찬은 5가지 정도 나오고 같은 메뉴를 2인분 이상 시키시면 버너에 끓여서 먹을 수 있으니 통일 하시는 걸 추천드려요😉 아쉬운점은 반찬 리필할때 직원 호출 하기가 너무 어려워요..,159,True,,,,점심때쯤 갔고 웨이팅 없었어요! 두부가 진짜 부드럽고 맛있었어요 근데 감칠맛은 덜한 건강한 맛이였습니다🙂 반찬은 5가지 정도 나오고 같은 메뉴를 2인분 이상 시키시면 버너에 끓여서 먹을 수 있으니 통일 하시는 걸 추천드려요😉 아쉬운점은 반찬 리필할때 직원 호출 하기가 너무 어려워요..,점심때쯤 갔고 웨이팅 없었어요 EXCLAM 두부가 진짜 부드럽고 맛있었어요 근데 감칠맛은 덜한 건강한 맛이였습니다 EMO_POS 반찬은 5가지 정도 나오고 같은 메뉴를 2인분 이상 시키시면 버너에 끓여서 먹을 수 있으니 통일 하시는 걸 추천드려요 아쉬운점은 반찬 리필할때 직원 호출 하기가 너무 어려워요,1,0,0,0,1,0,1,159,원
naver,훼미리손칼국수보쌈,a7449,54.0,2026.05.05,1번째 방문,영수증,"정식은 2인분에 칼국수,밥 반공기정도 셋트로 나오는데 가격대비 맛있습니다 11시 반 되기전에 도착했는데 이미 손님들 다 앉아있더라구요 근데 불친절하셔서 기분은 안좋았습니다",95,True,,,,"정식은 2인분에 칼국수,밥 반공기정도 셋트로 나오는데 가격대비 맛있습니다 11시 반 되기전에 도착했는데 이미 손님들 다 앉아있더라구요 근데 불친절하셔서 기분은 안좋았습니다",정식은 2인분에 칼국수 밥 반공기정도 셋트로 나오는데 가격대비 맛있습니다 11시 반 되기전에 도착했는데 이미 손님들 다 앉아있더라구요 근데 불친절하셔서 기분은 안좋았습니다,0,0,0,0,0,0,1,95,"가격, 가격대"
naver,일등식당,디자인쟁이포에버,954.0,2025.06.14,4번째 방문,영수증,"주말동안 우리세식구 먹을 뼈해장국이 단돈 ₩16,000 이게 말이 되냐구… 게다가 맛은 자타공인 국내최고 일등 암튼 감사합니다. 오래오래 번창하셔요~~",84,True,,,,"주말동안 우리세식구 먹을 뼈해장국이 단돈 ₩16,000 이게 말이 되냐구… 게다가 맛은 자타공인 국내최고 일등 암튼 감사합니다. 오래오래 번창하셔요~~",주말동안 우리세식구 먹을 뼈해장국이 단돈 16 000 이게 말이 되냐구 게다가 맛은 자타공인 국내최고 일등 암튼 감사합니다 오래오래 번창하셔요 TILDE,0,0,0,0,0,0,1,84,돈
naver,각시보쌈,브레드님,652.0,2026.01.04,1번째 방문,예약,"이 근처에서 1만원 정식 가성비 정말 좋은 곳. 위의 사진에 + 김치찌개까지… 친절은 안할 수 있지만 이 정도면 굿! 가끔씩 오지만 점심, 식사시간때 사람들이 항상 많은 거 같다.",100,True,,,,"이 근처에서 1만원 정식 가성비 정말 좋은 곳. 위의 사진에 + 김치찌개까지… 친절은 안할 수 있지만 이 정도면 굿! 가끔씩 오지만 점심, 식사시간때 사람들이 항상 많은 거 같다.",이 근처에서 1만원 정식 가성비 정말 좋은 곳 위의 사진에 김치찌개까지 친절은 안할 수 있지만 이 정도면 굿 EXCLAM 가끔씩 오지만 점심 식사시간때 사람들이 항상 많은 거 같다,0,0,0,0,1,0,1,100,"가성비, 원"
kakao,능동미나리 성수점,🤩,114.0,2025-12-26,,,미나리 내음이 너무 좋아요.. 근데 가격대는 좀 있어요 ㅠ,32,True,4.0,3.9,골드 레벨,미나리 내음이 너무 좋아요.. 근데 가격대는 좀 있어요 ㅠ,미나리 내음이 너무 좋아요 근데 가격대는 좀 있어요,0,0,0,0,0,0,0,32,"가격, 가격대"
kakao,소문난성수감자탕,유나,1.0,2025-09-04,,,정말 불친절했어요. 저희가 물티슈를 부탁했는데 저희 쪽으로 던지더라고요. 제가 돈을 내고 밥을 먹으러 갔는데 마치 구걸하는 것처럼 느껴졌어요.,79,False,1.0,1.0,브론즈 레벨,정말 불친절했어요. 저희가 물티슈를 부탁했는데 저희 쪽으로 던지더라고요. 제가 돈을 내고 밥을 먹으러 갔는데 마치 구걸하는 것처럼 느껴졌어요.,정말 불친절했어요 저희가 물티슈를 부탁했는데 저희 쪽으로 던지더라고요 제가 돈을 내고 밥을 먹으러 갔는데 마치 구걸하는 것처럼 느껴졌어요,0,0,0,0,0,0,0,79,돈
naver,쭌곱창,김동석9575,17.0,2026.04.23,1번째 방문,영수증,저렴하고 맛있어요 :),12,True,,,,저렴하고 맛있어요 :),저렴하고 맛있어요,0,0,0,0,0,0,0,12,저렴
naver,육산장 홍대본점,세현임,2.0,2026.04.08,1번째 방문,영수증,양도 많고 맛있아요 !! 친구 추천으로 와봤는데 좋아요 👍🏻👍🏻 매장도 넓고 직원분들이 친절해요,53,True,,,,양도 많고 맛있아요 !! 친구 추천으로 와봤는데 좋아요 👍🏻👍🏻 매장도 넓고 직원분들이 친절해요,양도 많고 맛있아요 EXCLAM 친구 추천으로 와봤는데 좋아요 EMO_POS EMO_POS 매장도 넓고 직원분들이 친절해요,1,0,0,0,1,0,0,53,원
naver,소문난성수감자탕,나가나가타그타그,2395.0,2026.04.21,11번째 방문,포장,"새벽 4시에 포장으로 픽업해 먹었습니다. 그 시간대에는 매장에서 먹기엔 취객들이 많고 다소 시끄러운 분위기라 집에서 편하게 먹는 쪽을 선택했습니다. 포장은 처음이었는데, 1인분 15,000원의 양이 상당히 푸짐했습니다. 감자는 빠져 있었지만 대신 고기가 넉넉하게 들어 있어 전체적인 만족도는 높았습니다. 충분히 배부르게 먹을 수 있는 구성입니다. 이전 예정이라는 이야기가 있었던 것 같은데 아직까지는 별다른 안내는 보이지 않았습니다. 개인적으로는 지금처럼 계속 영업해 주셨으면 하는 바람입니다.",276,True,,,,"새벽 4시에 포장으로 픽업해 먹었습니다. 그 시간대에는 매장에서 먹기엔 취객들이 많고 다소 시끄러운 분위기라 집에서 편하게 먹는 쪽을 선택했습니다. 포장은 처음이었는데, 1인분 15,000원의 양이 상당히 푸짐했습니다. 감자는 빠져 있었지만 대신 고기가 넉넉하게 들어 있어 전체적인 만족도는 높았습니다. 충분히 배부르게 먹을 수 있는 구성입니다. 이전 예정이라는 이야기가 있었던 것 같은데 아직까지는 별다른 안내는 보이지 않았습니다. 개인적으로는 지금처럼 계속 영업해 주셨으면 하는 바람입니다.",새벽 4시에 포장으로 픽업해 먹었습니다 그 시간대에는 매장에서 먹기엔 취객들이 많고 다소 시끄러운 분위기라 집에서 편하게 먹는 쪽을 선택했습니다 포장은 처음이었는데 1인분 15 000원의 양이 상당히 푸짐했습니다 감자는 빠져 있었지만 대신 고기가 넉넉하게 들어 있어 전체적인 만족도는 높았습니다 충분히 배부르게 먹을 수 있는 구성입니다 이전 예정이라는 이야기가 있었던 것 같은데 아직까지는 별다른 안내는 보이지 않았습니다 개인적으로는 지금처럼 계속 영업해 주셨으면 하는 바람입니다,0,0,0,0,0,0,1,276,원
kakao,마포양지설렁탕 도화점,쇼핑왕루이,527.0,2025-03-10,,,맛이 없진 않다 하지만 기대가 컸던 탓인가? 아님 설렁탕이 가지고 있는 한계 때문일까? 깍두기는 달고 배추김치는 덜 익었고 가격은 착하지 않고 주차공간은 부족하고 다음에 기회가 된다면 다시 방문하겠지만 한동안은 갈 일이 없을듯 하다,129,True,3.0,3.9,블루 레벨,맛이 없진 않다 하지만 기대가 컸던 탓인가? 아님 설렁탕이 가지고 있는 한계 때문일까? 깍두기는 달고 배추김치는 덜 익었고 가격은 착하지 않고 주차공간은 부족하고 다음에 기회가 된다면 다시 방문하겠지만 한동안은 갈 일이 없을듯 하다,맛이 없진 않다 하지만 기대가 컸던 탓인가 QUESTION 아님 설렁탕이 가지고 있는 한계 때문일까 QUESTION 깍두기는 달고 배추김치는 덜 익었고 가격은 착하지 않고 주차공간은 부족하고 다음에 기회가 된다면 다시 방문하겠지만 한동안은 갈 일이 없을듯 하다,0,0,0,0,0,1,0,129,가격
naver,각시보쌈,11월 신부되다,572.0,2025.08.09,1번째 방문,영수증,가성비 갑이고 내돈내산으로 재방문 예정^^,23,True,,,,가성비 갑이고 내돈내산으로 재방문 예정^^,가성비 갑이고 내돈내산으로 재방문 예정,0,0,0,0,0,0,0,23,"가성비, 돈"
naver,옥동식,연남웨일즈,2420.0,2025.11.06,2번째 방문,영수증,고기 냄새가 많이 나서 저는 별로였습니다. 애성회관이나 온수반이 더 좋아요. 외국인 손님이 많은 편입니다. 직원이 차라리 친절하기라도 하면 좋으련만... 외국인들한테라도...,97,True,,,,고기 냄새가 많이 나서 저는 별로였습니다. 애성회관이나 온수반이 더 좋아요. 외국인 손님이 많은 편입니다. 직원이 차라리 친절하기라도 하면 좋으련만... 외국인들한테라도...,고기 냄새가 많이 나서 저는 별로였습니다 애성회관이나 온수반이 더 좋아요 외국인 손님이 많은 편입니다 직원이 차라리 친절하기라도 하면 좋으련만 외국인들한테라도,0,0,0,0,0,0,0,97,원
naver,능동미나리 성수지점,신딩11,672.0,2025.07.13,1번째 방문,영수증,맑은 곰탕에 송송썬 미나리가 듬뿍 들어있다. 살코기수육은 괜찮았지만 비계덩어리가 포함되어 있는 부분은 제거해서 주셨으면 좋았을 것 같다. 따끈한 육전은 고소하고 소스가 매우 맛있다. 용산점 곰탕맛이 더 깔끔하고 성수점은 직원분들이 더 친절한 듯. #성수동 #국밥,146,True,,,,맑은 곰탕에 송송썬 미나리가 듬뿍 들어있다. 살코기수육은 괜찮았지만 비계덩어리가 포함되어 있는 부분은 제거해서 주셨으면 좋았을 것 같다. 따끈한 육전은 고소하고 소스가 매우 맛있다. 용산점 곰탕맛이 더 깔끔하고 성수점은 직원분들이 더 친절한 듯. #성수동 #국밥,맑은 곰탕에 송송썬 미나리가 듬뿍 들어있다 살코기수육은 괜찮았지만 비계덩어리가 포함되어 있는 부분은 제거해서 주셨으면 좋았을 것 같다 따끈한 육전은 고소하고 소스가 매우 맛있다 용산점 곰탕맛이 더 깔끔하고 성수점은 직원분들이 더 친절한 듯 성수동 국밥,0,0,0,0,0,0,0,146,원
kakao,각시보쌈,카일리,37.0,2025-01-06,,,"왠만하면 이런글은 안쓰는데 저도 어쩔수없는 욱!!!인가 봅니다. 맛집 검색하고 보쌈먹으러 갔었죠 사람많다고 들었는데, 횡잰가? 웨이팅없이 바로 입장했구요. 인원수만 체크해서 안쪽부터 차례로 앉으라고 하더군요. 자리에 앉자마자 주문부터 하래서 반반보쌈 주문했는데, 콩나물이 담긴 그릇을 포개어와서 주전자로 국물을 따라주고 가시더라구요. 뭐 거기까진 그럴수도 있다 싶었는데... 보쌈옆 절인배추 두번째장위에 떡하니 주문하지도 않은 밥풀과 고기부스러기가 올려져 있더군요. 솔직히 사진도 찍기 싫었었죠. 아.... 여기 반찬 재사용 하는구나 싶어 추가주문 생각은 넣어두고, 고기만 빠르게 입에 욱여넣고 나왔습니다. 그가격에 통조림콩, 콘, 데친브로콜리 뭐 이런반찬 나온것은 이해가 갑니다만, 배추 재사용은 좀... 배추만 재사용하진 않았을것 같은.... 전 맛도 좀.. 맛집이라해서 설레서 갔는데 그냥 집근처에서 배달보쌈이나 먹으렵니다. 같이간 지인 둘은 배탈 났다고 다음날 얘기 하더라는 후기도 있었습니다.",504,True,1.0,4.8,실버 레벨,"왠만하면 이런글은 안쓰는데 저도 어쩔수없는 욱!!!인가 봅니다. 맛집 검색하고 보쌈먹으러 갔었죠 사람많다고 들었는데, 횡잰가? 웨이팅없이 바로 입장했구요. 인원수만 체크해서 안쪽부터 차례로 앉으라고 하더군요. 자리에 앉자마자 주문부터 하래서 반반보쌈 주문했는데, 콩나물이 담긴 그릇을 포개어와서 주전자로 국물을 따라주고 가시더라구요. 뭐 거기까진 그럴수도 있다 싶었는데... 보쌈옆 절인배추 두번째장위에 떡하니 주문하지도 않은 밥풀과 고기부스러기가 올려져 있더군요. 솔직히 사진도 찍기 싫었었죠. 아.... 여기 반찬 재사용 하는구나 싶어 추가주문 생각은 넣어두고, 고기만 빠르게 입에 욱여넣고 나왔습니다. 그가격에 통조림콩, 콘, 데친브로콜리 뭐 이런반찬 나온것은 이해가 갑니다만, 배추 재사용은 좀... 배추만 재사용하진 않았을것 같은.... 전 맛도 좀.. 맛집이라해서 설레서 갔는데 그냥 집근처에서 배달보쌈이나 먹으렵니다. 같이간 지인 둘은 배탈 났다고 다음날 얘기 하더라는 후기도 있었습니다.",왠만하면 이런글은 안쓰는데 저도 어쩔수없는 욱 EXCLAM 인가 봅니다 맛집 검색하고 보쌈먹으러 갔었죠 사람많다고 들었는데 횡잰가 QUESTION 웨이팅없이 바로 입장했구요 인원수만 체크해서 안쪽부터 차례로 앉으라고 하더군요 자리에 앉자마자 주문부터 하래서 반반보쌈 주문했는데 콩나물이 담긴 그릇을 포개어와서 주전자로 국물을 따라주고 가시더라구요 뭐 거기까진 그럴수도 있다 싶었는데 보쌈옆 절인배추 두번째장위에 떡하니 주문하지도 않은 밥풀과 고기부스러기가 올려져 있더군요 솔직히 사진도 찍기 싫었었죠 아 여기 반찬 재사용 하는구나 싶어 추가주문 생각은 넣어두고 고기만 빠르게 입에 욱여넣고 나왔습니다 그가격에 통조림콩 콘 데친브로콜리 뭐 이런반찬 나온것은 이해가 갑니다만 배추 재사용은 좀 배추만 재사용하진 않았을것 같은 전 맛도 좀 맛집이라해서 설레서 갔는데 그냥 집근처에서 배달보쌈이나 먹으렵니다 같이간 지인 둘은 배탈 났다고 다음날 얘기 하더라는 후기도 있었습니다,0,0,0,0,1,1,0,504,"가격, 원"
naver,태양곱창 성수점,새싹비비빅,76.0,2026.03.22,1번째 방문,영수증,"국물부터 딱 얼큰하고 진해요. 첫 숟갈 먹자마자 “아, 이거 술 안 시킬 수 없는 맛이다” 싶은 스타일. 곱창도 냄새 안 나고 꽤 실하게 들어 있어서 먹는 내내 아쉽지 않았어요. 야채도 넉넉해서 국물이 더 시원한 느낌이고요. 양은 둘이 먹기 충분했고, 셋이 가면 사리 하나 추가하면 딱 좋을 것 같아요. 무엇보다 마지막에 볶음밥 꼭 시켜야 합니다. 남은 국물에 비벼 먹으면 그게 진짜 마무리예요. 배불러도 그냥 들어가요. 가게는 살짝 북적이는 편이라 피크 타임엔 웨이팅 있을 수 있어요. 분위기는 딱 동네 맛집 느낌이라 편하게 먹기 좋고, 친구들이랑 가볍게 술 한잔하기도 괜찮아요.",325,True,,,,"국물부터 딱 얼큰하고 진해요. 첫 숟갈 먹자마자 “아, 이거 술 안 시킬 수 없는 맛이다” 싶은 스타일. 곱창도 냄새 안 나고 꽤 실하게 들어 있어서 먹는 내내 아쉽지 않았어요. 야채도 넉넉해서 국물이 더 시원한 느낌이고요. 양은 둘이 먹기 충분했고, 셋이 가면 사리 하나 추가하면 딱 좋을 것 같아요. 무엇보다 마지막에 볶음밥 꼭 시켜야 합니다. 남은 국물에 비벼 먹으면 그게 진짜 마무리예요. 배불러도 그냥 들어가요. 가게는 살짝 북적이는 편이라 피크 타임엔 웨이팅 있을 수 있어요. 분위기는 딱 동네 맛집 느낌이라 편하게 먹기 좋고, 친구들이랑 가볍게 술 한잔하기도 괜찮아요.",국물부터 딱 얼큰하고 진해요 첫 숟갈 먹자마자 아 이거 술 안 시킬 수 없는 맛이다 싶은 스타일 곱창도 냄새 안 나고 꽤 실하게 들어 있어서 먹는 내내 아쉽지 않았어요 야채도 넉넉해서 국물이 더 시원한 느낌이고요 양은 둘이 먹기 충분했고 셋이 가면 사리 하나 추가하면 딱 좋을 것 같아요 무엇보다 마지막에 볶음밥 꼭 시켜야 합니다 남은 국물에 비벼 먹으면 그게 진짜 마무리예요 배불러도 그냥 들어가요 가게는 살짝 북적이는 편이라 피크 타임엔 웨이팅 있을 수 있어요 분위기는 딱 동네 맛집 느낌이라 편하게 먹기 좋고 친구들이랑 가볍게 술 한잔하기도 괜찮아요,0,0,0,0,0,0,0,325,원
naver,을밀대 평양냉면,Cadillac,1801.0,2026.04.08,2번째 방문,예약,"11:40 방문. 대기 없이 바로 입장. 수육 녹두 빈대떡 냉면 4개 122,000원 ! 살 얼음 빼서 달라 하면 육수가 좀 더 진하고 강한 느낌이라고 하네요!",89,True,,,,"11:40 방문. 대기 없이 바로 입장. 수육 녹두 빈대떡 냉면 4개 122,000원 ! 살 얼음 빼서 달라 하면 육수가 좀 더 진하고 강한 느낌이라고 하네요!",11 40 방문 대기 없이 바로 입장 수육 녹두 빈대떡 냉면 4개 122 000원 EXCLAM 살 얼음 빼서 달라 하면 육수가 좀 더 진하고 강한 느낌이라고 하네요 EXCLAM,0,0,0,0,1,0,1,89,원
naver,일등식당,JK241,398.0,2025.06.21,1번째 방문,예약,고기 우거지 부들부들 최고네요. 국물은 시원 하고 인생 뼈다귀국,35,True,,,,고기 우거지 부들부들 최고네요. 국물은 시원 하고 인생 뼈다귀국,고기 우거지 부들부들 최고네요 국물은 시원 하고 인생 뼈다귀국,0,0,0,0,0,0,0,35,원
kakao,이태리국시 성수,wasson,2.0,2026-04-10,,,평일 런치 먹었는데 양도 많고 너무 맛있어요! ㅎㅎ 직원분들도 친절하시고 매장 분위기도 너무 좋네요! 성수 오면 또 방문 하겠습니다~~,75,True,5.0,5.0,브론즈 레벨,평일 런치 먹었는데 양도 많고 너무 맛있어요! ㅎㅎ 직원분들도 친절하시고 매장 분위기도 너무 좋네요! 성수 오면 또 방문 하겠습니다~~,평일 런치 먹었는데 양도 많고 너무 맛있어요 EXCLAM 직원분들도 친절하시고 매장 분위기도 너무 좋네요 EXCLAM 성수 오면 또 방문 하겠습니다 TILDE,0,0,0,0,1,0,0,75,원
naver,할머니의 레시피,왕비병,999.0,2025.11.14,2번째 방문,영수증,짜지않고 담백하고 맛나요 가성비좋은 한식,22,True,,,,짜지않고 담백하고 맛나요 가성비좋은 한식,짜지않고 담백하고 맛나요 가성비좋은 한식,0,0,0,0,0,0,0,22,가성비
kakao,뼈탄집 성수역점,신용문,1.0,2026-01-19,,,고기(삼겹살 등)의 품질이 끝내줍니다. 고기에 잘어울리는 밑반찬 종류도 마음에 쏙 듭니다. 친절한 직원들은 오히려 덤! 아주 맛있게 잘먹었습니다.,81,True,5.0,5.0,브론즈 레벨,고기(삼겹살 등)의 품질이 끝내줍니다. 고기에 잘어울리는 밑반찬 종류도 마음에 쏙 듭니다. 친절한 직원들은 오히려 덤! 아주 맛있게 잘먹었습니다.,고기 삼겹살 등 의 품질이 끝내줍니다 고기에 잘어울리는 밑반찬 종류도 마음에 쏙 듭니다 친절한 직원들은 오히려 덤 EXCLAM 아주 맛있게 잘먹었습니다,0,0,0,0,1,0,0,81,원
kakao,각시보쌈,박토토,103.0,2025-11-16,,,너무맛있게 먹었어요. 공기밥 시키면 참치김치찌개 주시는데 그것도 맛있었어요. 대기가 있지만 금방 빠져서 기다렸다 먹을만하고 다른테이블은 정식을 많이 드시던데 가성비 좋아 보였어요.,100,False,5.0,4.1,골드 레벨,너무맛있게 먹었어요. 공기밥 시키면 참치김치찌개 주시는데 그것도 맛있었어요. 대기가 있지만 금방 빠져서 기다렸다 먹을만하고 다른테이블은 정식을 많이 드시던데 가성비 좋아 보였어요.,너무맛있게 먹었어요 공기밥 시키면 참치김치찌개 주시는데 그것도 맛있었어요 대기가 있지만 금방 빠져서 기다렸다 먹을만하고 다른테이블은 정식을 많이 드시던데 가성비 좋아 보였어요,0,0,0,0,0,0,0,100,가성비
naver,각시보쌈,woo****,852.0,2025.11.21,1번째 방문,영수증,합정에서 각시보쌈 모르면 간첩인데 인생 보쌈이라고 해서 경기도 주민도 이 음식 먹으러 한시간 반을 달려오십니다🙏 그정도로 맛있다는 증거겠죠? 웨이팅 시 총인원이 전부 다 와야 들어갈수있고 오후5시반 되면 무조건 가게 꽉차요 ㅎㅎ 참고하세요~ 고기는 야들야들 정말 촉촉합니다🙏 직원분들께서 좀만 더 친절하게 응대해주셨으면 좋겠습니다!,185,True,,,,합정에서 각시보쌈 모르면 간첩인데 인생 보쌈이라고 해서 경기도 주민도 이 음식 먹으러 한시간 반을 달려오십니다🙏 그정도로 맛있다는 증거겠죠? 웨이팅 시 총인원이 전부 다 와야 들어갈수있고 오후5시반 되면 무조건 가게 꽉차요 ㅎㅎ 참고하세요~ 고기는 야들야들 정말 촉촉합니다🙏 직원분들께서 좀만 더 친절하게 응대해주셨으면 좋겠습니다!,합정에서 각시보쌈 모르면 간첩인데 인생 보쌈이라고 해서 경기도 주민도 이 음식 먹으러 한시간 반을 달려오십니다 그정도로 맛있다는 증거겠죠 QUESTION 웨이팅 시 총인원이 전부 다 와야 들어갈수있고 오후5시반 되면 무조건 가게 꽉차요 참고하세요 고기는 야들야들 정말 촉촉합니다 직원분들께서 좀만 더 친절하게 응대해주셨으면 좋겠습니다 EXCLAM,0,0,0,0,1,1,1,185,원
naver,쭌곱창,지니밤31,55.0,2025.11.17,1번째 방문,영수증,가성비도 너무좋고 너무 맛있어요 처음왔는데 다음에 지인 데리고 또올거같아요 ㅎㅎㅎ 추운날엔 곱창이죠&gt;_&lt;,64,True,,,,가성비도 너무좋고 너무 맛있어요 처음왔는데 다음에 지인 데리고 또올거같아요 ㅎㅎㅎ 추운날엔 곱창이죠&gt;_&lt;,가성비도 너무좋고 너무 맛있어요 처음왔는데 다음에 지인 데리고 또올거같아요 추운날엔 곱창이죠 gt _ lt,0,0,0,0,0,0,0,64,가성비
kakao,훼미리손칼국수보쌈,클라우드,1.0,2025-06-30,,,"농사 짓는 중간에 새참먹는 기분으로 먹을수 있는 집. 배추에 보쌈도 맛있고, 칼국수는 명동교자 스타일의 고기 육수 베이스인데, 훨씬 심심한 맛. 전체적으로 맛이 강한 편은 아니고, 파전만 좀 간이 있는편. 가격이 싸진 않은데, 양은 넉넉한거 같고, 정식하나 파전하나시키니까 칼국수 하나 서비스로 주시는 것도 좋았음. 줄서서 먹을 집인지는 모르겠으나 평타는 하는 집",203,False,5.0,5.0,브론즈 레벨,"농사 짓는 중간에 새참먹는 기분으로 먹을수 있는 집. 배추에 보쌈도 맛있고, 칼국수는 명동교자 스타일의 고기 육수 베이스인데, 훨씬 심심한 맛. 전체적으로 맛이 강한 편은 아니고, 파전만 좀 간이 있는편. 가격이 싸진 않은데, 양은 넉넉한거 같고, 정식하나 파전하나시키니까 칼국수 하나 서비스로 주시는 것도 좋았음. 줄서서 먹을 집인지는 모르겠으나 평타는 하는 집",농사 짓는 중간에 새참먹는 기분으로 먹을수 있는 집 배추에 보쌈도 맛있고 칼국수는 명동교자 스타일의 고기 육수 베이스인데 훨씬 심심한 맛 전체적으로 맛이 강한 편은 아니고 파전만 좀 간이 있는편 가격이 싸진 않은데 양은 넉넉한거 같고 정식하나 파전하나시키니까 칼국수 하나 서비스로 주시는 것도 좋았음 줄서서 먹을 집인지는 모르겠으나 평타는 하는 집,0,0,0,0,0,0,0,203,가격
naver,뼈탄집 성수역점,다라ㅁ,37.0,2026.03.14,1번째 방문,영수증,"성수 고기 맛집이라 들어서 바로 달려왔는데 운 좋게 웨이팅 없이 먹을 수 있었어요!😄🫶 고기 질도 너무 좋고, 내부도 깨끗하고, 무엇보다 직원분들이 너무 친절하세요😊 다음에 또 와서 먹을 것 같아요!",111,True,,,,"성수 고기 맛집이라 들어서 바로 달려왔는데 운 좋게 웨이팅 없이 먹을 수 있었어요!😄🫶 고기 질도 너무 좋고, 내부도 깨끗하고, 무엇보다 직원분들이 너무 친절하세요😊 다음에 또 와서 먹을 것 같아요!",성수 고기 맛집이라 들어서 바로 달려왔는데 운 좋게 웨이팅 없이 먹을 수 있었어요 EXCLAM EMO_POS 고기 질도 너무 좋고 내부도 깨끗하고 무엇보다 직원분들이 너무 친절하세요 EMO_POS 다음에 또 와서 먹을 것 같아요 EXCLAM,1,0,0,0,1,0,0,111,원
naver,을밀대 평양냉면,파루파,210.0,2025.10.26,1번째 방문,예약,20년부터 꾸준히 오고있는 을밀대! 옛날부터 혼자서라도 오고싶어서 눈치만 보다가 저번에 여쭤보니 혼밥도 받으신다하셔서 오늘 혼자가서 먹었어요! 거냉에 양많이로 시켰고 금방나왔습니다! (16천원) 소고기고명 너무 맛있고 양도 많고 좋네요~ 역시 추운날엔 평냉!! 최고!,149,True,,,,20년부터 꾸준히 오고있는 을밀대! 옛날부터 혼자서라도 오고싶어서 눈치만 보다가 저번에 여쭤보니 혼밥도 받으신다하셔서 오늘 혼자가서 먹었어요! 거냉에 양많이로 시켰고 금방나왔습니다! (16천원) 소고기고명 너무 맛있고 양도 많고 좋네요~ 역시 추운날엔 평냉!! 최고!,20년부터 꾸준히 오고있는 을밀대 EXCLAM 옛날부터 혼자서라도 오고싶어서 눈치만 보다가 저번에 여쭤보니 혼밥도 받으신다하셔서 오늘 혼자가서 먹었어요 EXCLAM 거냉에 양많이로 시켰고 금방나왔습니다 EXCLAM 16천원 소고기고명 너무 맛있고 양도 많고 좋네요 역시 추운날엔 평냉 EXCLAM 최고 EXCLAM,0,0,0,0,1,0,1,149,원
naver,금금 성수점,봄이씨스터,8.0,2026.02.15,1번째 방문,영수증,"유튜브에서 성수 맛집으로 추천해주셔서 방문해봤어요 😊 묵은지참지말이 존맛 👍🏻 원래 갈비덮밥 먹으려로 했는대 품절이여서 너무 아쉬웠어요 😢 대신 문어감장비빔밥으로 주문했는데 이것도 너무 맛있었어요 😊 보리된장국수 맛있는데 저한테는 간이 조금 쎄네요,, 다음에 방문해서는 갈비 덮밥 꼭 먹어볼게요 🙌🏻",167,True,,,,"유튜브에서 성수 맛집으로 추천해주셔서 방문해봤어요 😊 묵은지참지말이 존맛 👍🏻 원래 갈비덮밥 먹으려로 했는대 품절이여서 너무 아쉬웠어요 😢 대신 문어감장비빔밥으로 주문했는데 이것도 너무 맛있었어요 😊 보리된장국수 맛있는데 저한테는 간이 조금 쎄네요,, 다음에 방문해서는 갈비 덮밥 꼭 먹어볼게요 🙌🏻",유튜브에서 성수 맛집으로 추천해주셔서 방문해봤어요 EMO_POS 묵은지참지말이 존맛 EMO_POS 원래 갈비덮밥 먹으려로 했는대 품절이여서 너무 아쉬웠어요 EMO_NEG 대신 문어감장비빔밥으로 주문했는데 이것도 너무 맛있었어요 EMO_POS 보리된장국수 맛있는데 저한테는 간이 조금 쎄네요 다음에 방문해서는 갈비 덮밥 꼭 먹어볼게요 EMO_POS,1,1,0,0,0,0,0,167,원
naver,각시보쌈,상껌,2132.0,2025.11.20,7번째 방문,영수증,점심특선은 가성비로 최고 입니다. 고기 질도 다르고 너무 맛 있어요. 안먹어본 사람은 있어도 한번만 먹어본 사람들은 없는 그런 곳 입니다. 😋😋😋,81,True,,,,점심특선은 가성비로 최고 입니다. 고기 질도 다르고 너무 맛 있어요. 안먹어본 사람은 있어도 한번만 먹어본 사람들은 없는 그런 곳 입니다. 😋😋😋,점심특선은 가성비로 최고 입니다 고기 질도 다르고 너무 맛 있어요 안먹어본 사람은 있어도 한번만 먹어본 사람들은 없는 그런 곳 입니다 EMO_POS EMO_POS EMO_POS,1,0,0,0,0,0,0,81,가성비
kakao,소문난성수감자탕,🌸sonia,24.0,2025-05-17,,,소문났어요! 맛없다고 소문났어요 가지 마세요 ㅠㅠ 냄새 엄청 나고 직원들 불친절하고 손님을 공장 물건 대하듯 함..,64,False,1.0,3.0,실버 레벨,소문났어요! 맛없다고 소문났어요 가지 마세요 ㅠㅠ 냄새 엄청 나고 직원들 불친절하고 손님을 공장 물건 대하듯 함..,소문났어요 EXCLAM 맛없다고 소문났어요 가지 마세요 냄새 엄청 나고 직원들 불친절하고 손님을 공장 물건 대하듯 함,0,0,0,1,1,0,0,64,원
naver,각시보쌈,여름여름해34,361.0,2025.06.01,2번째 방문,영수증,"금요일 저녁 5시50분경 도착, 웨이팅 25분후 입장. 배추가 먹고싶어서 반반보쌈 먹었는데, 가성비로 먹기엔 정식이 좋은 듯! 정식은 술 주문이 안되긴 함ㅠㅠ",88,True,,,,"금요일 저녁 5시50분경 도착, 웨이팅 25분후 입장. 배추가 먹고싶어서 반반보쌈 먹었는데, 가성비로 먹기엔 정식이 좋은 듯! 정식은 술 주문이 안되긴 함ㅠㅠ",금요일 저녁 5시50분경 도착 웨이팅 25분후 입장 배추가 먹고싶어서 반반보쌈 먹었는데 가성비로 먹기엔 정식이 좋은 듯 EXCLAM 정식은 술 주문이 안되긴 함,0,0,0,1,1,0,1,88,가성비
naver,이태리국시 성수,행봌,79.0,2026.03.28,1번째 방문,영수증,경기도에서 놀러왔는데 파스타가 정말 예술이네용 너무 맛있어요 대창 곱창 파스타 다 매력있어여ㅠㅠㅠ 대창 좋아하시면 꼭 꼭 드셔보세용 직원분들도 친절하시고 토요일 1시 정도에 왔는데 20분 웨이팅 하고 들어왔어요 참고하세용 맛있게 잘 먹고 갑니다 !!🥰💗💗,142,True,,,,경기도에서 놀러왔는데 파스타가 정말 예술이네용 너무 맛있어요 대창 곱창 파스타 다 매력있어여ㅠㅠㅠ 대창 좋아하시면 꼭 꼭 드셔보세용 직원분들도 친절하시고 토요일 1시 정도에 왔는데 20분 웨이팅 하고 들어왔어요 참고하세용 맛있게 잘 먹고 갑니다 !!🥰💗💗,경기도에서 놀러왔는데 파스타가 정말 예술이네용 너무 맛있어요 대창 곱창 파스타 다 매력있어여 대창 좋아하시면 꼭 꼭 드셔보세용 직원분들도 친절하시고 토요일 1시 정도에 왔는데 20분 웨이팅 하고 들어왔어요 참고하세용 맛있게 잘 먹고 갑니다 EXCLAM EMO_POS EMO_POS EMO_POS,1,0,0,1,1,0,1,142,원
naver,이태리국시 성수,냠쩌업,195.0,2026.03.22,1번째 방문,영수증,분위기도 너무 이쁘고 직원분들도 너무 친절합니다! 그리고 메뉴가 독특했는데 넘 맛도리네요~! 다음에도 또 방문하고싶어요,66,True,,,,분위기도 너무 이쁘고 직원분들도 너무 친절합니다! 그리고 메뉴가 독특했는데 넘 맛도리네요~! 다음에도 또 방문하고싶어요,분위기도 너무 이쁘고 직원분들도 너무 친절합니다 EXCLAM 그리고 메뉴가 독특했는데 넘 맛도리네요 EXCLAM 다음에도 또 방문하고싶어요,0,0,0,0,1,0,0,66,원
naver,육산장 홍대본점,맘지쓰,59.0,2026.01.30,1번째 방문,영수증,헉헉 홍대에서 약속 있어서 고깃집을 알아보다가 발견 했는데 완전 굿초이스-✨ 고기도 가성비 좋고 초벌해서 나와서 먹기도 넘 편해요!! 기본 구성도 알차게 나오고 완전 만족👍👍💗💗,99,True,,,,헉헉 홍대에서 약속 있어서 고깃집을 알아보다가 발견 했는데 완전 굿초이스-✨ 고기도 가성비 좋고 초벌해서 나와서 먹기도 넘 편해요!! 기본 구성도 알차게 나오고 완전 만족👍👍💗💗,헉헉 홍대에서 약속 있어서 고깃집을 알아보다가 발견 했는데 완전 굿초이스 EMO_POS 고기도 가성비 좋고 초벌해서 나와서 먹기도 넘 편해요 EXCLAM 기본 구성도 알차게 나오고 완전 만족 EMO_POS EMO_POS EMO_POS EMO_POS,1,0,0,0,1,0,0,99,가성비
kakao,을밀대 본점,별보러캠GO,233.0,2025-08-18,,,냉면과 전 모두 맛있다. 기다릴만한 맛. 근데 전이 가격에 비해 너무 작은게 흠이고 면에 녹말이 많이 섞인것 같은 쫄깃한 맛으로 뚝뚝 끊어지는 다른 냉면집과는 식감이 차이가 있음.,100,False,4.0,3.9,골드 레벨,냉면과 전 모두 맛있다. 기다릴만한 맛. 근데 전이 가격에 비해 너무 작은게 흠이고 면에 녹말이 많이 섞인것 같은 쫄깃한 맛으로 뚝뚝 끊어지는 다른 냉면집과는 식감이 차이가 있음.,냉면과 전 모두 맛있다 기다릴만한 맛 근데 전이 가격에 비해 너무 작은게 흠이고 면에 녹말이 많이 섞인것 같은 쫄깃한 맛으로 뚝뚝 끊어지는 다른 냉면집과는 식감이 차이가 있음,0,0,0,0,0,0,0,100,가격
naver,락희옥 마포본점,nov****,14.0,2025.10.09,1번째 방문,영수증,보쌈이 아주 부드럽고 맛있어요 김치말이 국수가 시원하고 자극적이지 않아서 잘어울려요,46,True,,,,보쌈이 아주 부드럽고 맛있어요 김치말이 국수가 시원하고 자극적이지 않아서 잘어울려요,보쌈이 아주 부드럽고 맛있어요 김치말이 국수가 시원하고 자극적이지 않아서 잘어울려요,0,0,0,0,0,0,0,46,원
kakao,할머니의레시피,Newsun,927.0,2026-03-29,,,"직원들, 대기 장소 등 서비스는 좋지만 음식은 공장형으로 돌아가는듯한 느낌,, 주문하자마자 거의 바로 나옴",59,True,2.0,3.3,퍼플 레벨,"직원들, 대기 장소 등 서비스는 좋지만 음식은 공장형으로 돌아가는듯한 느낌,, 주문하자마자 거의 바로 나옴",직원들 대기 장소 등 서비스는 좋지만 음식은 공장형으로 돌아가는듯한 느낌 주문하자마자 거의 바로 나옴,0,0,0,0,0,0,0,59,원
kakao,락희옥 마포본점,그냥직장인,64.0,2025-11-15,,,프라이빗하게 장소 격리가 필요해보임 그렇기에 중요한 약속 장소로를 부적합 가격 대비 분위기가 시끄러움 음식은 평범보다 살짝 위,70,True,3.0,3.5,실버 레벨,프라이빗하게 장소 격리가 필요해보임 그렇기에 중요한 약속 장소로를 부적합 가격 대비 분위기가 시끄러움 음식은 평범보다 살짝 위,프라이빗하게 장소 격리가 필요해보임 그렇기에 중요한 약속 장소로를 부적합 가격 대비 분위기가 시끄러움 음식은 평범보다 살짝 위,0,0,0,0,0,0,0,70,가격
naver,을밀대 평양냉면,미식추구자,1312.0,2025.08.30,2번째 방문,영수증,"원래 거냉으로 먹는데, 이 날은 날씨가 더워서 얼음 넣은 평양냉면으로 주문했습니다. 냉면이랑 같이 녹두전도 주문했는데 주문이 누락되었는지, 다시 주문확인요청했을 때 그때서야 만들어주었습니다. 녹두전 상태는 별로였습니다. 추억의 맛으로 먹었습니다.",137,True,,,,"원래 거냉으로 먹는데, 이 날은 날씨가 더워서 얼음 넣은 평양냉면으로 주문했습니다. 냉면이랑 같이 녹두전도 주문했는데 주문이 누락되었는지, 다시 주문확인요청했을 때 그때서야 만들어주었습니다. 녹두전 상태는 별로였습니다. 추억의 맛으로 먹었습니다.",원래 거냉으로 먹는데 이 날은 날씨가 더워서 얼음 넣은 평양냉면으로 주문했습니다 냉면이랑 같이 녹두전도 주문했는데 주문이 누락되었는지 다시 주문확인요청했을 때 그때서야 만들어주었습니다 녹두전 상태는 별로였습니다 추억의 맛으로 먹었습니다,0,0,0,0,0,0,0,137,원
kakao,을밀대 본점,유종애미,193.0,2025-03-26,,,그래 여긴 킹정이지 인정. 을밀대는 을밀대지 기본값 톡톡히 함 가격은 ...이제 그만 올려요 이러다 다 죽어.. + 입문자 테스트용으로 지인들 데려가곤 하는데 최근 들어서는 다른 평냉집보다 타율이 떨어지는 것 같기도.,121,False,4.0,3.7,골드 레벨,그래 여긴 킹정이지 인정. 을밀대는 을밀대지 기본값 톡톡히 함 가격은 ...이제 그만 올려요 이러다 다 죽어.. + 입문자 테스트용으로 지인들 데려가곤 하는데 최근 들어서는 다른 평냉집보다 타율이 떨어지는 것 같기도.,그래 여긴 킹정이지 인정 을밀대는 을밀대지 기본값 톡톡히 함 가격은 이제 그만 올려요 이러다 다 죽어 입문자 테스트용으로 지인들 데려가곤 하는데 최근 들어서는 다른 평냉집보다 타율이 떨어지는 것 같기도,0,0,0,0,0,0,0,121,"가격, 값"
naver,옥동식,jiny2335,143.0,2025.05.09,1번째 방문,영수증,평일 11시고 비가 와서 그런가 줄은 없었는데 오픈시간 되자마자 사람들 와서 만석됨. 자릿수 자체가 적은 편. 음식은 깔끔했고 정갈했음. 보통과 특은 그릇 크기는 같은데 고기 양 차이인듯? 특 고기 엄청 많았음. 밥과 육수는 리필 가능. 깨끗하고 직원분들도 빠릿빠릿함. 근데 테이블 배치상? 그리고 조명도 어둡고 뭔가 시끄러운 분위기 아니고 밥만 먹고 다들 바로 일어나는 분위기라 회전은 빠른듯. 맛은 있는데 그래도 결국은 돼지국밥임. 정성껏 기름 겉어낸 느낌나는 깔끔한 돼지국밥 ㅎㅎ 만두는 그냥그저 그런 맛 ㅎ,287,True,,,,평일 11시고 비가 와서 그런가 줄은 없었는데 오픈시간 되자마자 사람들 와서 만석됨. 자릿수 자체가 적은 편. 음식은 깔끔했고 정갈했음. 보통과 특은 그릇 크기는 같은데 고기 양 차이인듯? 특 고기 엄청 많았음. 밥과 육수는 리필 가능. 깨끗하고 직원분들도 빠릿빠릿함. 근데 테이블 배치상? 그리고 조명도 어둡고 뭔가 시끄러운 분위기 아니고 밥만 먹고 다들 바로 일어나는 분위기라 회전은 빠른듯. 맛은 있는데 그래도 결국은 돼지국밥임. 정성껏 기름 겉어낸 느낌나는 깔끔한 돼지국밥 ㅎㅎ 만두는 그냥그저 그런 맛 ㅎ,평일 11시고 비가 와서 그런가 줄은 없었는데 오픈시간 되자마자 사람들 와서 만석됨 자릿수 자체가 적은 편 음식은 깔끔했고 정갈했음 보통과 특은 그릇 크기는 같은데 고기 양 차이인듯 QUESTION 특 고기 엄청 많았음 밥과 육수는 리필 가능 깨끗하고 직원분들도 빠릿빠릿함 근데 테이블 배치상 QUESTION 그리고 조명도 어둡고 뭔가 시끄러운 분위기 아니고 밥만 먹고 다들 바로 일어나는 분위기라 회전은 빠른듯 맛은 있는데 그래도 결국은 돼지국밥임 정성껏 기름 겉어낸 느낌나는 깔끔한 돼지국밥 만두는 그냥그저 그런 맛,0,0,0,0,0,1,1,287,원
naver,홍대 육지,ryudals66,18.0,2026.02.27,1번째 방문,영수증,"들어오자마자 인테리어가 너무 멋있어서 좋았고, 직원들이 다 친절하시고 고기도 맛있게 잘 구워주십니다!! 홍대에서 고기 드시고 싶을때 🐷육지🐷 추천합니다 사이드로 동치미 막국수도 먹었는데 걍 미쳤습니다(p) 후식으로 볶음밥도 꼬옥 드세여 젭알...🥹🩵",139,True,,,,"들어오자마자 인테리어가 너무 멋있어서 좋았고, 직원들이 다 친절하시고 고기도 맛있게 잘 구워주십니다!! 홍대에서 고기 드시고 싶을때 🐷육지🐷 추천합니다 사이드로 동치미 막국수도 먹었는데 걍 미쳤습니다(p) 후식으로 볶음밥도 꼬옥 드세여 젭알...🥹🩵",들어오자마자 인테리어가 너무 멋있어서 좋았고 직원들이 다 친절하시고 고기도 맛있게 잘 구워주십니다 EXCLAM 홍대에서 고기 드시고 싶을때 육지 추천합니다 사이드로 동치미 막국수도 먹었는데 걍 미쳤습니다 p 후식으로 볶음밥도 꼬옥 드세여 젭알,0,0,0,0,1,0,0,139,원
naver,능동미나리 성수지점,dnp****,2.0,2026.01.17,1번째 방문,영수증,너무 맛있어요 직원분들도 친절하시고 자리 안내도 잘 해주시더라고요! 웨이팅 하는 이유가 있는 매장입니다ㅎ 특히 차돌곰탕 가장 맛있었어요,75,False,,,,너무 맛있어요 직원분들도 친절하시고 자리 안내도 잘 해주시더라고요! 웨이팅 하는 이유가 있는 매장입니다ㅎ 특히 차돌곰탕 가장 맛있었어요,너무 맛있어요 직원분들도 친절하시고 자리 안내도 잘 해주시더라고요 EXCLAM 웨이팅 하는 이유가 있는 매장입니다 특히 차돌곰탕 가장 맛있었어요,0,0,0,0,1,0,0,75,원
kakao,홍대 조선시대,배선희,1.0,2026-02-06,,,직원분들도 친절하시고 양도 많고 맛도 좋았어서 다음에도 또 오고싶은 곳이였고 안에 인테리어나 분위기도 엄청 좋았어요! 다들 홍대 조선시대 많이 와주세요,84,False,5.0,5.0,브론즈 레벨,직원분들도 친절하시고 양도 많고 맛도 좋았어서 다음에도 또 오고싶은 곳이였고 안에 인테리어나 분위기도 엄청 좋았어요! 다들 홍대 조선시대 많이 와주세요,직원분들도 친절하시고 양도 많고 맛도 좋았어서 다음에도 또 오고싶은 곳이였고 안에 인테리어나 분위기도 엄청 좋았어요 EXCLAM 다들 홍대 조선시대 많이 와주세요,0,0,0,0,1,0,0,84,원
naver,각시보쌈,the Insider,1878.0,2025.04.04,1번째 방문,영수증,"팔로잉 분의 최애 보쌈집 드디어 방문했습니다! 지난번 다른 매장 방문하며 바로 근처까지 갔었는데 오늘에서야 들렀네요. 극찬에 극찬이 이어지고 어찌나 자주 방문하시는지 도저히 안 가볼수가 없었습니다. 점심 시간 혼자라 정식 메뉴 주문했구요, 그 넓은 테이블 혼밥도 전혀 눈치 없이 가능합니다. 주문과 거의 동시에 서빙되는데, 와 이게 뭐죠?9,500원 정식이 이런 구성일 수 있나요? 사실 김치 찌개 백반만도 요즘 그 가격인데, 찌개가 메인도 아닌 보쌈이 메인. 다른곳 수육의 경우 한약재(?) 많이 넣어 뭔가 잡내 가리려는 의도가 다분한 곳도 많은데, 그냥 순수함 그 자체. 너무 부드럽고 상추도 전혀 아끼지 않으십니다. 마지막 한 점까지 잘 맞춰 먹을 수 있어요. 감탄에 감탄을 거듭하며 먹고 갑니다^^",394,True,,,,"팔로잉 분의 최애 보쌈집 드디어 방문했습니다! 지난번 다른 매장 방문하며 바로 근처까지 갔었는데 오늘에서야 들렀네요. 극찬에 극찬이 이어지고 어찌나 자주 방문하시는지 도저히 안 가볼수가 없었습니다. 점심 시간 혼자라 정식 메뉴 주문했구요, 그 넓은 테이블 혼밥도 전혀 눈치 없이 가능합니다. 주문과 거의 동시에 서빙되는데, 와 이게 뭐죠?9,500원 정식이 이런 구성일 수 있나요? 사실 김치 찌개 백반만도 요즘 그 가격인데, 찌개가 메인도 아닌 보쌈이 메인. 다른곳 수육의 경우 한약재(?) 많이 넣어 뭔가 잡내 가리려는 의도가 다분한 곳도 많은데, 그냥 순수함 그 자체. 너무 부드럽고 상추도 전혀 아끼지 않으십니다. 마지막 한 점까지 잘 맞춰 먹을 수 있어요. 감탄에 감탄을 거듭하며 먹고 갑니다^^",팔로잉 분의 최애 보쌈집 드디어 방문했습니다 EXCLAM 지난번 다른 매장 방문하며 바로 근처까지 갔었는데 오늘에서야 들렀네요 극찬에 극찬이 이어지고 어찌나 자주 방문하시는지 도저히 안 가볼수가 없었습니다 점심 시간 혼자라 정식 메뉴 주문했구요 그 넓은 테이블 혼밥도 전혀 눈치 없이 가능합니다 주문과 거의 동시에 서빙되는데 와 이게 뭐죠 QUESTION 9 500원 정식이 이런 구성일 수 있나요 QUESTION 사실 김치 찌개 백반만도 요즘 그 가격인데 찌개가 메인도 아닌 보쌈이 메인 다른곳 수육의 경우 한약재 QUESTION 많이 넣어 뭔가 잡내 가리려는 의도가 다분한 곳도 많은데 그냥 순수함 그 자체 너무 부드럽고 상추도 전혀 아끼지 않으십니다 마지막 한 점까지 잘 맞춰 먹을 수 있어요 감탄에 감탄을 거듭하며 먹고 갑니다,0,0,0,0,1,1,1,394,"가격, 원"
kakao,장인닭갈비 홍대점,행쇼,20.0,2026-03-24,,,가격대도 합리적이네여 양이 진짜 푸짐해요 신선한 닭에 치즈까지 올려먹으면 완전 행복 그자체! 점심 잘 먹었습니다,62,False,5.0,5.0,실버 레벨,가격대도 합리적이네여 양이 진짜 푸짐해요 신선한 닭에 치즈까지 올려먹으면 완전 행복 그자체! 점심 잘 먹었습니다,가격대도 합리적이네여 양이 진짜 푸짐해요 신선한 닭에 치즈까지 올려먹으면 완전 행복 그자체 EXCLAM 점심 잘 먹었습니다,0,0,0,0,1,0,0,62,"가격, 가격대"
kakao,장인닭갈비 홍대점,경호,12.0,2026-03-21,,,공간이 넓직하고 창이 있어서 깔끔히 먹기 좋습니다 사람이 많아 조금 대기해서 들어갔는데 회전율은 꽤 빠른 것 같습니다 닭갈비 3인에 치즈2인시켜먹었는데 양도 많고 치즈도 풍족해서 배부르게 먹었습니다 2층기준 셀프바에서 깻잎 상추 가져다 드시면 되고 직원분들도 조금 바빠서 그렇지 친절히 응대해주셨네요 여럿이서 가서 한끼 맛있게 먹기 좋습니다 닭갈비 드시고 싶으시면 한 번 방문해보셔도 괜찮습니다,220,False,5.0,4.2,실버 레벨,공간이 넓직하고 창이 있어서 깔끔히 먹기 좋습니다 사람이 많아 조금 대기해서 들어갔는데 회전율은 꽤 빠른 것 같습니다 닭갈비 3인에 치즈2인시켜먹었는데 양도 많고 치즈도 풍족해서 배부르게 먹었습니다 2층기준 셀프바에서 깻잎 상추 가져다 드시면 되고 직원분들도 조금 바빠서 그렇지 친절히 응대해주셨네요 여럿이서 가서 한끼 맛있게 먹기 좋습니다 닭갈비 드시고 싶으시면 한 번 방문해보셔도 괜찮습니다,공간이 넓직하고 창이 있어서 깔끔히 먹기 좋습니다 사람이 많아 조금 대기해서 들어갔는데 회전율은 꽤 빠른 것 같습니다 닭갈비 3인에 치즈2인시켜먹었는데 양도 많고 치즈도 풍족해서 배부르게 먹었습니다 2층기준 셀프바에서 깻잎 상추 가져다 드시면 되고 직원분들도 조금 바빠서 그렇지 친절히 응대해주셨네요 여럿이서 가서 한끼 맛있게 먹기 좋습니다 닭갈비 드시고 싶으시면 한 번 방문해보셔도 괜찮습니다,0,0,0,0,0,0,1,220,원
kakao,쭌곱창,원종주,1.0,2025-06-01,,,곱창에 불맛 나고 맛있어요. 가격도 착하고 매우 좋음,29,True,5.0,5.0,브론즈 레벨,곱창에 불맛 나고 맛있어요. 가격도 착하고 매우 좋음,곱창에 불맛 나고 맛있어요 가격도 착하고 매우 좋음,0,0,0,0,0,0,0,29,"가격, 착하고"
kakao,옥동식 서교점,홍홍즈,10.0,2026-02-17,,,흑백요리사를 보고 가보고 싶었던 옥동식 입니다. 솔직히 돼지곰탕이 어떨지 과연 정말 사람들이 이야기하는 것처럼 맛있는 음식일지 걱정을 많이 했습니다. 일단 먼저 평가하자면 사실 갈 수만 있다면 계속 가고 싶은 맛집입니다. 왜 돼지국밥이 아니라 곰탕이라고 하는지 알 것 같았습니다. 오히려 밥을 섞으면 맛이 떨어지고 순수하게 처음 맑은 국물을 떴을 때의 맛이 완벽 합니다. 간이 심심하다고 하시는 분들도 많던데 아마 밥을 섞었거나 아니면 평소에 좀 짜게 드시는 분들 아닐까 싶습니다. 제 입맛엔 좀 간간했습니다. 왜 밥이 바로 풀어지지 않게 조금은 단단한상태로 제공되는지 바로 이해되는 맛이었습니다. 오히려 같이 나오는 고기는 그냥 평범한 돼지 앞다리살 수육 느낌입니다. 고추지가 정말로 맛있어서 함께 먹었을 때 만족스럽긴 합니다. 근데 그냥 특 말고 보통드세요. 김치만두는 일반 김치만두지만 어떤건진 잘 모르겠으나 분명 먹어봤던 향채인데 그 향채가 함께 어우러져 확실히 다른 맛을 내줍니다. 그리고 특히나 잔막걸리가 맛있습니다. 산뜻하고 가벼운 느낌의 막걸리인데 밸런스가 좋습니다. 가게 분위기는 직원들이 최대한 소리를 내지 않게하려는 그 조심스러운 행동들과 또한 전체적으로 어두운 분위기가 합쳐져 음식 자체에만 집중할 수 있게 가게가 구성되어 더 즐거운 경험을 할 수 있었습니다. 유기그릇에 곰탕이 담겨 나올때도 옥동식 각인이 손님에게 정면으로 바로 보이게끔 하는 등의 세심한 행동들이 가게 전체 분위기를 구성했던 것 같습니다. 기회가 되면 꼭 다시 가고 싶네요.,764,True,5.0,3.8,실버 레벨,흑백요리사를 보고 가보고 싶었던 옥동식 입니다. 솔직히 돼지곰탕이 어떨지 과연 정말 사람들이 이야기하는 것처럼 맛있는 음식일지 걱정을 많이 했습니다. 일단 먼저 평가하자면 사실 갈 수만 있다면 계속 가고 싶은 맛집입니다. 왜 돼지국밥이 아니라 곰탕이라고 하는지 알 것 같았습니다. 오히려 밥을 섞으면 맛이 떨어지고 순수하게 처음 맑은 국물을 떴을 때의 맛이 완벽 합니다. 간이 심심하다고 하시는 분들도 많던데 아마 밥을 섞었거나 아니면 평소에 좀 짜게 드시는 분들 아닐까 싶습니다. 제 입맛엔 좀 간간했습니다. 왜 밥이 바로 풀어지지 않게 조금은 단단한상태로 제공되는지 바로 이해되는 맛이었습니다. 오히려 같이 나오는 고기는 그냥 평범한 돼지 앞다리살 수육 느낌입니다. 고추지가 정말로 맛있어서 함께 먹었을 때 만족스럽긴 합니다. 근데 그냥 특 말고 보통드세요. 김치만두는 일반 김치만두지만 어떤건진 잘 모르겠으나 분명 먹어봤던 향채인데 그 향채가 함께 어우러져 확실히 다른 맛을 내줍니다. 그리고 특히나 잔막걸리가 맛있습니다. 산뜻하고 가벼운 느낌의 막걸리인데 밸런스가 좋습니다. 가게 분위기는 직원들이 최대한 소리를 내지 않게하려는 그 조심스러운 행동들과 또한 전체적으로 어두운 분위기가 합쳐져 음식 자체에만 집중할 수 있게 가게가 구성되어 더 즐거운 경험을 할 수 있었습니다. 유기그릇에 곰탕이 담겨 나올때도 옥동식 각인이 손님에게 정면으로 바로 보이게끔 하는 등의 세심한 행동들이 가게 전체 분위기를 구성했던 것 같습니다. 기회가 되면 꼭 다시 가고 싶네요.,흑백요리사를 보고 가보고 싶었던 옥동식 입니다 솔직히 돼지곰탕이 어떨지 과연 정말 사람들이 이야기하는 것처럼 맛있는 음식일지 걱정을 많이 했습니다 일단 먼저 평가하자면 사실 갈 수만 있다면 계속 가고 싶은 맛집입니다 왜 돼지국밥이 아니라 곰탕이라고 하는지 알 것 같았습니다 오히려 밥을 섞으면 맛이 떨어지고 순수하게 처음 맑은 국물을 떴을 때의 맛이 완벽 합니다 간이 심심하다고 하시는 분들도 많던데 아마 밥을 섞었거나 아니면 평소에 좀 짜게 드시는 분들 아닐까 싶습니다 제 입맛엔 좀 간간했습니다 왜 밥이 바로 풀어지지 않게 조금은 단단한상태로 제공되는지 바로 이해되는 맛이었습니다 오히려 같이 나오는 고기는 그냥 평범한 돼지 앞다리살 수육 느낌입니다 고추지가 정말로 맛있어서 함께 먹었을 때 만족스럽긴 합니다 근데 그냥 특 말고 보통드세요 김치만두는 일반 김치만두지만 어떤건진 잘 모르겠으나 분명 먹어봤던 향채인데 그 향채가 함께 어우러져 확실히 다른 맛을 내줍니다 그리고 특히나 잔막걸리가 맛있습니다 산뜻하고 가벼운 느낌의 막걸리인데 밸런스가 좋습니다 가게 분위기는 직원들이 최대한 소리를 내지 않게하려는 그 조심스러운 행동들과 또한 전체적으로 어두운 분위기가 합쳐져 음식 자체에만 집중할 수 있게 가게가 구성되어 더 즐거운 경험을 할 수 있었습니다 유기그릇에 곰탕이 담겨 나올때도 옥동식 각인이 손님에게 정면으로 바로 보이게끔 하는 등의 세심한 행동들이 가게 전체 분위기를 구성했던 것 같습니다 기회가 되면 꼭 다시 가고 싶네요,0,0,0,0,0,0,0,764,원
naver,각시보쌈,75d****,304.0,2025.11.09,1번째 방문,예약,방문: 일요일 12시 50분 인원: 2명 대기: 있음(30분이내) 메뉴: 반반보쌈 모처럼 러닝대회 참가후에 단백질 보충을 핑계로 점심식사 하러 방문했어요 현장대기만 가능해서 이름쓰고 좀 기다렸어요 (주문도 같이 해야 해요) 점심때라 그런지 다들 정식으로 주문하던데 언제 또 올지 모르니 반반보쌈으로 주문하고 맥주도 한잔 했어요 항정살 수육은 잡내없이 부드럽고 맛있었고 공기밥만 주문해도 찌개를 주시는것도 좋았습니다 다양한 고객층이 방문할이유가 있어보였고 기다려서 먹을만큼 만족스러운 식사였습니다 잘 먹고 갑니다~,286,True,,,,방문: 일요일 12시 50분 인원: 2명 대기: 있음(30분이내) 메뉴: 반반보쌈 모처럼 러닝대회 참가후에 단백질 보충을 핑계로 점심식사 하러 방문했어요 현장대기만 가능해서 이름쓰고 좀 기다렸어요 (주문도 같이 해야 해요) 점심때라 그런지 다들 정식으로 주문하던데 언제 또 올지 모르니 반반보쌈으로 주문하고 맥주도 한잔 했어요 항정살 수육은 잡내없이 부드럽고 맛있었고 공기밥만 주문해도 찌개를 주시는것도 좋았습니다 다양한 고객층이 방문할이유가 있어보였고 기다려서 먹을만큼 만족스러운 식사였습니다 잘 먹고 갑니다~,방문 일요일 12시 50분 인원 2명 대기 있음 30분이내 메뉴 반반보쌈 모처럼 러닝대회 참가후에 단백질 보충을 핑계로 점심식사 하러 방문했어요 현장대기만 가능해서 이름쓰고 좀 기다렸어요 주문도 같이 해야 해요 점심때라 그런지 다들 정식으로 주문하던데 언제 또 올지 모르니 반반보쌈으로 주문하고 맥주도 한잔 했어요 항정살 수육은 잡내없이 부드럽고 맛있었고 공기밥만 주문해도 찌개를 주시는것도 좋았습니다 다양한 고객층이 방문할이유가 있어보였고 기다려서 먹을만큼 만족스러운 식사였습니다 잘 먹고 갑니다,0,0,0,0,0,0,1,286,원
kakao,쭌곱창,은,404.0,2025-04-23,,,적당한가격에 돼지 곱창 맛있게 먹기 좋아요. 매장이 크진 않아 1차로 가볍거나 2차로 가기도 나쁘진않아요.,59,True,4.0,4.2,골드 레벨,적당한가격에 돼지 곱창 맛있게 먹기 좋아요. 매장이 크진 않아 1차로 가볍거나 2차로 가기도 나쁘진않아요.,적당한가격에 돼지 곱창 맛있게 먹기 좋아요 매장이 크진 않아 1차로 가볍거나 2차로 가기도 나쁘진않아요,0,0,0,0,0,0,1,59,가격
kakao,뼈탄집 성수역점,다빈,1.0,2026-04-19,,,너무 맛있고 직원이 너무 친절하세요,19,True,5.0,5.0,브론즈 레벨,너무 맛있고 직원이 너무 친절하세요,너무 맛있고 직원이 너무 친절하세요,0,0,0,0,0,0,0,19,원
naver,마포양지설렁탕,전생에사또,531.0,2025.01.11,2번째 방문,영수증,"양지 설렁탕 특 1만8천원. 고기가 듬뿍. 대파도 원하는만큼 넣을 수 있게 통크게 통으로 주신다. 석박지, 김치뿐 아니라 파김치도 있고 맛있다. 내 몸에 투자한 느낌. 매우 만족.",100,True,,,,"양지 설렁탕 특 1만8천원. 고기가 듬뿍. 대파도 원하는만큼 넣을 수 있게 통크게 통으로 주신다. 석박지, 김치뿐 아니라 파김치도 있고 맛있다. 내 몸에 투자한 느낌. 매우 만족.",양지 설렁탕 특 1만8천원 고기가 듬뿍 대파도 원하는만큼 넣을 수 있게 통크게 통으로 주신다 석박지 김치뿐 아니라 파김치도 있고 맛있다 내 몸에 투자한 느낌 매우 만족,0,0,0,0,0,0,1,100,원
naver,마포양지설렁탕,ㄱㄷㅎㅁㅅㄱ,440.0,2025.01.04,1번째 방문,영수증,"이렇게 김치가 맛있는 식당에 가본적이 있었나 싶을 정도로 김치가 너무 맛있습니다. 김치가 메인이고 설렁탕이 받쳐주는 듯한 인상이 들기도 했어요.ㅋ 설렁탕은 매우 진하고, 건강하고 올바른 맛입니다. 설렁탕도 맛있어서 꽤 만족스러웠어요. 가격은 설렁탕 치고 비싸게 보이지만, 다른 분의 리뷰에서 말하셨듯이 김치가격이 포함된 것으로 보면 될 것 같아요. 김치가 너무 맛있어서 다들 기본적으로 몇그릇씩 먹는 것 같았어요.",231,True,,,,"이렇게 김치가 맛있는 식당에 가본적이 있었나 싶을 정도로 김치가 너무 맛있습니다. 김치가 메인이고 설렁탕이 받쳐주는 듯한 인상이 들기도 했어요.ㅋ 설렁탕은 매우 진하고, 건강하고 올바른 맛입니다. 설렁탕도 맛있어서 꽤 만족스러웠어요. 가격은 설렁탕 치고 비싸게 보이지만, 다른 분의 리뷰에서 말하셨듯이 김치가격이 포함된 것으로 보면 될 것 같아요. 김치가 너무 맛있어서 다들 기본적으로 몇그릇씩 먹는 것 같았어요.",이렇게 김치가 맛있는 식당에 가본적이 있었나 싶을 정도로 김치가 너무 맛있습니다 김치가 메인이고 설렁탕이 받쳐주는 듯한 인상이 들기도 했어요 설렁탕은 매우 진하고 건강하고 올바른 맛입니다 설렁탕도 맛있어서 꽤 만족스러웠어요 가격은 설렁탕 치고 비싸게 보이지만 다른 분의 리뷰에서 말하셨듯이 김치가격이 포함된 것으로 보면 될 것 같아요 김치가 너무 맛있어서 다들 기본적으로 몇그릇씩 먹는 것 같았어요,0,0,0,0,0,0,0,231,"가격, 비싸"
kakao,옥동식 서교점,별이⭐️,5.0,2026-04-10,,,여기 직원중 오늘 저녁시간 캐치테이블 응대한 사람 왜이렇게 까칠한가요? 9년동안 이렇게 운영해왔는데 뭐가 문제냐는 식으로 이야기 하는데 .. 3시간 기다린게 아까워서 먹었지 진짜 화가 치밀어 오르게 하는 재주가 있네요..,123,False,1.0,1.8,브론즈 레벨,여기 직원중 오늘 저녁시간 캐치테이블 응대한 사람 왜이렇게 까칠한가요? 9년동안 이렇게 운영해왔는데 뭐가 문제냐는 식으로 이야기 하는데 .. 3시간 기다린게 아까워서 먹었지 진짜 화가 치밀어 오르게 하는 재주가 있네요..,여기 직원중 오늘 저녁시간 캐치테이블 응대한 사람 왜이렇게 까칠한가요 QUESTION 9년동안 이렇게 운영해왔는데 뭐가 문제냐는 식으로 이야기 하는데 3시간 기다린게 아까워서 먹었지 진짜 화가 치밀어 오르게 하는 재주가 있네요,0,0,0,0,0,1,1,123,원
kakao,능동미나리 성수점,자유로운순록,11.0,2026-01-17,,,좁고 반찬도 별로없고 직원들도 불친절하고 비싸고 최악이었어요,33,True,1.0,1.6,실버 레벨,좁고 반찬도 별로없고 직원들도 불친절하고 비싸고 최악이었어요,좁고 반찬도 별로없고 직원들도 불친절하고 비싸고 최악이었어요,0,0,0,0,0,0,0,33,"비싸, 원"
naver,육산장 홍대본점,레샾,37.0,2026.04.20,1번째 방문,영수증,직원분들도 너무 친절하고 맛있어요!! 분위기도 완존 즇네요❤️ 강추합니더 !!,43,True,,,,직원분들도 너무 친절하고 맛있어요!! 분위기도 완존 즇네요❤️ 강추합니더 !!,직원분들도 너무 친절하고 맛있어요 EXCLAM 분위기도 완존 즇네요 EMO_POS 강추합니더 EXCLAM,1,0,0,0,1,0,0,43,원
kakao,쭌곱창,W,7.0,2025-05-24,,,맛있다는 평이 많아서 가보았는데.. 와... 양념이 너무너무 달아서 못먹겠더라고요.. 곱창도 질기고 냄새나고.. 비싼 돈 주고 기분만 망친 곳이었어요..,85,True,2.0,2.6,브론즈 레벨,맛있다는 평이 많아서 가보았는데.. 와... 양념이 너무너무 달아서 못먹겠더라고요.. 곱창도 질기고 냄새나고.. 비싼 돈 주고 기분만 망친 곳이었어요..,맛있다는 평이 많아서 가보았는데 와 양념이 너무너무 달아서 못먹겠더라고요 곱창도 질기고 냄새나고 비싼 돈 주고 기분만 망친 곳이었어요,0,0,0,0,0,0,0,85,돈
kakao,뼈탄집 성수역점,윤서,2.0,2026-04-22,,,여긴 진짜 맛남 직원분이 다구워주고 고기도 밑반찬도 넘모 맛있음 특히 된찌는 필수!,46,True,5.0,5.0,브론즈 레벨,여긴 진짜 맛남 직원분이 다구워주고 고기도 밑반찬도 넘모 맛있음 특히 된찌는 필수!,여긴 진짜 맛남 직원분이 다구워주고 고기도 밑반찬도 넘모 맛있음 특히 된찌는 필수 EXCLAM,0,0,0,0,1,0,0,46,원
naver,굴다리식당,레어43,438.0,2025.04.05,1번째 방문,영수증,여기 김치찌개는 약간 묵은지에 가까운 느낌이고 내부는 좌식 입식 둘다 존재하고 시키자마자 거의 바로 나왔습니다 위생은 솔직히 좀 아쉬운 편이고 (내부에 더러운 때가 좀 보임) 제육은 오겹살을 넣어주시는데 이게 아주 특별한 맛이고 두툼해서 만족스러웠습니다 대신 약간의 기름기는 감수 해야합니다 김 서비스는 좋고 가격도 솔직히 괜찮다고 생각드는데 양도 적당한 편이라서 맛있게 먹었으나 또 먹으러 올지는 고민해볼듯합니다,231,False,,,,여기 김치찌개는 약간 묵은지에 가까운 느낌이고 내부는 좌식 입식 둘다 존재하고 시키자마자 거의 바로 나왔습니다 위생은 솔직히 좀 아쉬운 편이고 (내부에 더러운 때가 좀 보임) 제육은 오겹살을 넣어주시는데 이게 아주 특별한 맛이고 두툼해서 만족스러웠습니다 대신 약간의 기름기는 감수 해야합니다 김 서비스는 좋고 가격도 솔직히 괜찮다고 생각드는데 양도 적당한 편이라서 맛있게 먹었으나 또 먹으러 올지는 고민해볼듯합니다,여기 김치찌개는 약간 묵은지에 가까운 느낌이고 내부는 좌식 입식 둘다 존재하고 시키자마자 거의 바로 나왔습니다 위생은 솔직히 좀 아쉬운 편이고 내부에 더러운 때가 좀 보임 제육은 오겹살을 넣어주시는데 이게 아주 특별한 맛이고 두툼해서 만족스러웠습니다 대신 약간의 기름기는 감수 해야합니다 김 서비스는 좋고 가격도 솔직히 괜찮다고 생각드는데 양도 적당한 편이라서 맛있게 먹었으나 또 먹으러 올지는 고민해볼듯합니다,0,0,0,0,0,0,0,231,가격
kakao,태양곱창 성수,망고,1.0,2025-09-14,,,리뷰 진짜 안다는데 먹고 충격먹어서 씁니다 카카오 리뷰 믿는편이라 리뷰가 좋길래 갔는데 일단 가게문열자마자 돼지잡내랑 비린내가 진짜 진동을 해서 1차 충격먹고 맛은 괜찮겠지하고 전골 시켰는데 곱창완전 질겅질겅 씹히고 잡내도 그대로 남 진짜 이렇게 맛없는 곱창전골처음먹어보네요 절대가지마세요ㅠ 완전 돈날렸음,170,False,1.0,1.0,브론즈 레벨,리뷰 진짜 안다는데 먹고 충격먹어서 씁니다 카카오 리뷰 믿는편이라 리뷰가 좋길래 갔는데 일단 가게문열자마자 돼지잡내랑 비린내가 진짜 진동을 해서 1차 충격먹고 맛은 괜찮겠지하고 전골 시켰는데 곱창완전 질겅질겅 씹히고 잡내도 그대로 남 진짜 이렇게 맛없는 곱창전골처음먹어보네요 절대가지마세요ㅠ 완전 돈날렸음,리뷰 진짜 안다는데 먹고 충격먹어서 씁니다 카카오 리뷰 믿는편이라 리뷰가 좋길래 갔는데 일단 가게문열자마자 돼지잡내랑 비린내가 진짜 진동을 해서 1차 충격먹고 맛은 괜찮겠지하고 전골 시켰는데 곱창완전 질겅질겅 씹히고 잡내도 그대로 남 진짜 이렇게 맛없는 곱창전골처음먹어보네요 절대가지마세요 완전 돈날렸음,0,0,0,0,0,0,1,170,돈
naver,성수족발,딩굴6651,1.0,2025.08.12,1번째 방문,예약,"리뷰를 목적으로 하지않아 사진을 찍지 않았습니다. 이곳이 조금이라도 개선 됐으면 해 리뷰 남깁니다. 연로하신 부모님이 이곳 족발 맛나게 드시는 모습이 흐뭇해 때로는 먼길돌아가며 오랜기간 애용했습니다. 이곳은 오래된 노포임에도 가격은 쎈편이고 가격인상도 거침없이 하는 편이라 정감가는 그런 노포는 아닙니다. 이 가게만의 맛을 특화한 맛집이죠. 가격인상이야 시대가 그러하니 이해합니다. 그러나 어느순간부터 가격을 동결한것도 아니면서 막국수도 없어지고 콩나물국도 사라지고 이런 노포가 찰떡 궁합인 곁들임 음식을 다 없앴더군요. 마지막으로 결정타는 족발 두개를 샀는데 고추 하나를 잘라 반반씩 넣었더군요. 부추나 무채, 상추도 마지못해 넣어둔 정도. 이건 아니지 싶습니다. 손님들의 애정은 이런것에서 식기 시작합니다.",397,False,,,,"리뷰를 목적으로 하지않아 사진을 찍지 않았습니다. 이곳이 조금이라도 개선 됐으면 해 리뷰 남깁니다. 연로하신 부모님이 이곳 족발 맛나게 드시는 모습이 흐뭇해 때로는 먼길돌아가며 오랜기간 애용했습니다. 이곳은 오래된 노포임에도 가격은 쎈편이고 가격인상도 거침없이 하는 편이라 정감가는 그런 노포는 아닙니다. 이 가게만의 맛을 특화한 맛집이죠. 가격인상이야 시대가 그러하니 이해합니다. 그러나 어느순간부터 가격을 동결한것도 아니면서 막국수도 없어지고 콩나물국도 사라지고 이런 노포가 찰떡 궁합인 곁들임 음식을 다 없앴더군요. 마지막으로 결정타는 족발 두개를 샀는데 고추 하나를 잘라 반반씩 넣었더군요. 부추나 무채, 상추도 마지못해 넣어둔 정도. 이건 아니지 싶습니다. 손님들의 애정은 이런것에서 식기 시작합니다.",리뷰를 목적으로 하지않아 사진을 찍지 않았습니다 이곳이 조금이라도 개선 됐으면 해 리뷰 남깁니다 연로하신 부모님이 이곳 족발 맛나게 드시는 모습이 흐뭇해 때로는 먼길돌아가며 오랜기간 애용했습니다 이곳은 오래된 노포임에도 가격은 쎈편이고 가격인상도 거침없이 하는 편이라 정감가는 그런 노포는 아닙니다 이 가게만의 맛을 특화한 맛집이죠 가격인상이야 시대가 그러하니 이해합니다 그러나 어느순간부터 가격을 동결한것도 아니면서 막국수도 없어지고 콩나물국도 사라지고 이런 노포가 찰떡 궁합인 곁들임 음식을 다 없앴더군요 마지막으로 결정타는 족발 두개를 샀는데 고추 하나를 잘라 반반씩 넣었더군요 부추나 무채 상추도 마지못해 넣어둔 정도 이건 아니지 싶습니다 손님들의 애정은 이런것에서 식기 시작합니다,0,0,0,0,0,0,0,397,가격
naver,을밀대 평양냉면,hewpqlff1,8.0,2026.04.16,1번째 방문,영수증,"​평소 혼자서도 자주 찾던 단골집인데, 오늘 서비스는 정말 최악이었습니다. 성수기라 바쁜 건 이해하지만 인원수에 따른 서비스 차별이 너무 노골적이네요. ​주문을 받을 때나 음식을 주실 때 대꾸 한마디 없이 툭툭 던지고 가셔서 식사 전부터 무척 불쾌했습니다. 정작 옆 테이블 다인원 손님들에게는 웃으며 친절히 인사하시는 모습을 보니, 혼자 온 손님은 눈치를 주는 건가 싶어 어처구니가 없더군요. ​믿고 찾던 을밀대였는데 서비스는 물론 맛까지 예전만 못해 정말 속상합니다. 1인 손님을 홀대하는 태도에 큰 실망을 느껴 이제는 다시 방문하지 않을 것 같습니다",309,False,,,,"​평소 혼자서도 자주 찾던 단골집인데, 오늘 서비스는 정말 최악이었습니다. 성수기라 바쁜 건 이해하지만 인원수에 따른 서비스 차별이 너무 노골적이네요. ​주문을 받을 때나 음식을 주실 때 대꾸 한마디 없이 툭툭 던지고 가셔서 식사 전부터 무척 불쾌했습니다. 정작 옆 테이블 다인원 손님들에게는 웃으며 친절히 인사하시는 모습을 보니, 혼자 온 손님은 눈치를 주는 건가 싶어 어처구니가 없더군요. ​믿고 찾던 을밀대였는데 서비스는 물론 맛까지 예전만 못해 정말 속상합니다. 1인 손님을 홀대하는 태도에 큰 실망을 느껴 이제는 다시 방문하지 않을 것 같습니다",평소 혼자서도 자주 찾던 단골집인데 오늘 서비스는 정말 최악이었습니다 성수기라 바쁜 건 이해하지만 인원수에 따른 서비스 차별이 너무 노골적이네요 주문을 받을 때나 음식을 주실 때 대꾸 한마디 없이 툭툭 던지고 가셔서 식사 전부터 무척 불쾌했습니다 정작 옆 테이블 다인원 손님들에게는 웃으며 친절히 인사하시는 모습을 보니 혼자 온 손님은 눈치를 주는 건가 싶어 어처구니가 없더군요 믿고 찾던 을밀대였는데 서비스는 물론 맛까지 예전만 못해 정말 속상합니다 1인 손님을 홀대하는 태도에 큰 실망을 느껴 이제는 다시 방문하지 않을 것 같습니다,0,0,0,0,0,0,1,309,원
kakao,황금콩밭,야옹,98.0,2026-01-05,,,이 동네로 옮겨 오기 전 가게때부터 먹으러 갔었던 식당입니다 거의 6년?전부터요~ 늘 공덕동에 친구들 놀러오면 대접하기 좋은 맛집이라 자부하였습니다. 그러나 2026년 새해 첫날부터 코스로 부모님 모시고 맛있게 먹고 계산하는데 ... 거 참 제로페이로 결제하는거 좀 버벅거린다고 떡하니 제로페이 써있는데 안되요 안된다고요 하신 남자사장님... 전부터 직원들이 훨씬 친절하고 사장님은 좀 무뚝뚝하다 생각했는데 참 밥 잘~ 먹고 너무 불쾌했습니다... 뒤에 계산 줄이 밀린것도 아니고 그렇게 면박 주셔야 했습니까? 결국 제로페이 잘 되어서 결제 되었잖아요?? 두부 정말 맛있고 좋지만 다시는 방문하기 싫은 집입니다. 방문하실 분들 참고하세요.,357,True,1.0,4.1,골드 레벨,이 동네로 옮겨 오기 전 가게때부터 먹으러 갔었던 식당입니다 거의 6년?전부터요~ 늘 공덕동에 친구들 놀러오면 대접하기 좋은 맛집이라 자부하였습니다. 그러나 2026년 새해 첫날부터 코스로 부모님 모시고 맛있게 먹고 계산하는데 ... 거 참 제로페이로 결제하는거 좀 버벅거린다고 떡하니 제로페이 써있는데 안되요 안된다고요 하신 남자사장님... 전부터 직원들이 훨씬 친절하고 사장님은 좀 무뚝뚝하다 생각했는데 참 밥 잘~ 먹고 너무 불쾌했습니다... 뒤에 계산 줄이 밀린것도 아니고 그렇게 면박 주셔야 했습니까? 결국 제로페이 잘 되어서 결제 되었잖아요?? 두부 정말 맛있고 좋지만 다시는 방문하기 싫은 집입니다. 방문하실 분들 참고하세요.,이 동네로 옮겨 오기 전 가게때부터 먹으러 갔었던 식당입니다 거의 6년 QUESTION 전부터요 늘 공덕동에 친구들 놀러오면 대접하기 좋은 맛집이라 자부하였습니다 그러나 2026년 새해 첫날부터 코스로 부모님 모시고 맛있게 먹고 계산하는데 거 참 제로페이로 결제하는거 좀 버벅거린다고 떡하니 제로페이 써있는데 안되요 안된다고요 하신 남자사장님 전부터 직원들이 훨씬 친절하고 사장님은 좀 무뚝뚝하다 생각했는데 참 밥 잘 먹고 너무 불쾌했습니다 뒤에 계산 줄이 밀린것도 아니고 그렇게 면박 주셔야 했습니까 QUESTION 결국 제로페이 잘 되어서 결제 되었잖아요 QUESTION 두부 정말 맛있고 좋지만 다시는 방문하기 싫은 집입니다 방문하실 분들 참고하세요,0,0,0,0,0,1,1,357,원
naver,각시보쌈,갱또오,873.0,2025.07.05,1번째 방문,영수증,가격도 맛도 짱❤️❤️❤️콩나물국이랑 찌개도 맛있음,28,True,,,,가격도 맛도 짱❤️❤️❤️콩나물국이랑 찌개도 맛있음,가격도 맛도 짱 EMO_POS EMO_POS EMO_POS 콩나물국이랑 찌개도 맛있음,1,0,0,0,0,0,0,28,가격
kakao,장인닭갈비 홍대점,정형진,14.0,2025-06-12,,,가성비있게 데이트코스 밥집으로 방문하기 좋아요 둘이서도 충분히 먹고도 남을 양이에요,46,True,5.0,4.9,브론즈 레벨,가성비있게 데이트코스 밥집으로 방문하기 좋아요 둘이서도 충분히 먹고도 남을 양이에요,가성비있게 데이트코스 밥집으로 방문하기 좋아요 둘이서도 충분히 먹고도 남을 양이에요,0,0,0,0,0,0,0,46,가성비
naver,각시보쌈,zi****,1068.0,2025.04.25,2번째 방문,영수증,"금요일 18시쯤 도착했는데 대기자가 8팀정도... 45분정도 웨이팅 후 입장 3인 반반보쌈 中 37,000원 쟁반국수 中 11,000 정도 주문하니 딱 좋네요. (쌈배추는 추가요금있고 무채는 무료리필이 됩니다.) 20시정도까지 엄청 분주하고 시끌시끌한데 그시간 지나니까 조용해지네요.",158,True,,,,"금요일 18시쯤 도착했는데 대기자가 8팀정도... 45분정도 웨이팅 후 입장 3인 반반보쌈 中 37,000원 쟁반국수 中 11,000 정도 주문하니 딱 좋네요. (쌈배추는 추가요금있고 무채는 무료리필이 됩니다.) 20시정도까지 엄청 분주하고 시끌시끌한데 그시간 지나니까 조용해지네요.",금요일 18시쯤 도착했는데 대기자가 8팀정도 45분정도 웨이팅 후 입장 3인 반반보쌈 37 000원 쟁반국수 11 000 정도 주문하니 딱 좋네요 쌈배추는 추가요금있고 무채는 무료리필이 됩니다 20시정도까지 엄청 분주하고 시끌시끌한데 그시간 지나니까 조용해지네요,0,0,0,0,0,0,1,158,원
kakao,을밀대 본점,쬬,418.0,2025-11-18,,,"두번째 방문입니다 메밀맛이 국물에서 좀 나는군요 육향이 너무 희미합니다 국물이 좀 적은 것 같은데, 먹다보면 괜찮네요 가격은 상당히 비쌉니다",78,True,4.0,4.1,골드 레벨,"두번째 방문입니다 메밀맛이 국물에서 좀 나는군요 육향이 너무 희미합니다 국물이 좀 적은 것 같은데, 먹다보면 괜찮네요 가격은 상당히 비쌉니다",두번째 방문입니다 메밀맛이 국물에서 좀 나는군요 육향이 너무 희미합니다 국물이 좀 적은 것 같은데 먹다보면 괜찮네요 가격은 상당히 비쌉니다,0,0,0,0,0,0,0,78,가격
kakao,홍대 조선시대,조예은,1.0,2026-01-28,,,분위기 너무 좋고 직원분들도 친절해요 된장술밥 맛있습니다!,32,True,5.0,5.0,브론즈 레벨,분위기 너무 좋고 직원분들도 친절해요 된장술밥 맛있습니다!,분위기 너무 좋고 직원분들도 친절해요 된장술밥 맛있습니다 EXCLAM,0,0,0,0,1,0,0,32,원
kakao,각시보쌈,핸썸,15.0,2025-06-12,,,정식메뉴 가성비 최고!,12,False,5.0,5.0,실버 레벨,정식메뉴 가성비 최고!,정식메뉴 가성비 최고 EXCLAM,0,0,0,0,1,0,0,12,가성비
naver,홍대 육지,바바바바1119,7.0,2026.04.14,1번째 방문,영수증,일단 고기 너무 맛있고 직원분들이 친절하게 잘 구워줘요! 화요일 18:30즈음 왔는데도 거의 꽉 차있을정도로 인기 너무 좋은데 운 좋게 웨이팅 없이 바로 들어와서 친구랑 너무 맛있게 먹었어요! 다음에도 합정 온다면 오고싶어요 :-),129,True,,,,일단 고기 너무 맛있고 직원분들이 친절하게 잘 구워줘요! 화요일 18:30즈음 왔는데도 거의 꽉 차있을정도로 인기 너무 좋은데 운 좋게 웨이팅 없이 바로 들어와서 친구랑 너무 맛있게 먹었어요! 다음에도 합정 온다면 오고싶어요 :-),일단 고기 너무 맛있고 직원분들이 친절하게 잘 구워줘요 EXCLAM 화요일 18 30즈음 왔는데도 거의 꽉 차있을정도로 인기 너무 좋은데 운 좋게 웨이팅 없이 바로 들어와서 친구랑 너무 맛있게 먹었어요 EXCLAM 다음에도 합정 온다면 오고싶어요,0,0,0,0,1,0,1,129,원
naver,쭌곱창,닉네임정하기싫은데,24.0,2026.04.14,1번째 방문,영수증,경의선숲길 쭉 따라가다보면 나오는 홍대 맛집입니다!! 약간 반지하라 분위기도 너무 좋고 아늑한 아지트입니다!!! 가격도 너무 합리적이고 음식도 진짜진짜 맛있습니다!!! 사장님도 너무 친절하시고 진짜 꼭 오세요ㅠㅠ 대표 사진에 사장님 사진이 있어서 너무 신기하고 재밌었는데 실제로도 너무너무 친절하시고 푸근하셨어요!!! 여기 안가면 손해예요 진짜 강추!!!,198,True,,,,경의선숲길 쭉 따라가다보면 나오는 홍대 맛집입니다!! 약간 반지하라 분위기도 너무 좋고 아늑한 아지트입니다!!! 가격도 너무 합리적이고 음식도 진짜진짜 맛있습니다!!! 사장님도 너무 친절하시고 진짜 꼭 오세요ㅠㅠ 대표 사진에 사장님 사진이 있어서 너무 신기하고 재밌었는데 실제로도 너무너무 친절하시고 푸근하셨어요!!! 여기 안가면 손해예요 진짜 강추!!!,경의선숲길 쭉 따라가다보면 나오는 홍대 맛집입니다 EXCLAM 약간 반지하라 분위기도 너무 좋고 아늑한 아지트입니다 EXCLAM 가격도 너무 합리적이고 음식도 진짜진짜 맛있습니다 EXCLAM 사장님도 너무 친절하시고 진짜 꼭 오세요 대표 사진에 사장님 사진이 있어서 너무 신기하고 재밌었는데 실제로도 너무너무 친절하시고 푸근하셨어요 EXCLAM 여기 안가면 손해예요 진짜 강추 EXCLAM,0,0,0,1,1,0,0,198,가격
kakao,홍대 조선시대,차천수,1.0,2026-02-05,,,맛있고 직원들 친절합니다 특별한 카운터 직원,24,True,5.0,5.0,브론즈 레벨,맛있고 직원들 친절합니다 특별한 카운터 직원,맛있고 직원들 친절합니다 특별한 카운터 직원,0,0,0,0,0,0,0,24,원
kakao,쭌곱창,옥자,26.0,2025-06-24,,,직원이 친절하진 않고 맛은 배달음식맛정도,22,True,2.0,4.0,실버 레벨,직원이 친절하진 않고 맛은 배달음식맛정도,직원이 친절하진 않고 맛은 배달음식맛정도,0,0,0,0,0,0,0,22,원
naver,황금콩밭,양배추님잘먹고잘살기,254.0,2025.12.12,1번째 방문,영수증,지인들과 송년모임 한달전쯤 6만원 코스로 모였습니다 음식은 맛있는데 코스가 좀 빈약한 느낌이 있습니다 저만의 생각,63,True,,,,지인들과 송년모임 한달전쯤 6만원 코스로 모였습니다 음식은 맛있는데 코스가 좀 빈약한 느낌이 있습니다 저만의 생각,지인들과 송년모임 한달전쯤 6만원 코스로 모였습니다 음식은 맛있는데 코스가 좀 빈약한 느낌이 있습니다 저만의 생각,0,0,0,0,0,0,1,63,원
naver,황금콩밭,joycham,2573.0,2025.09.28,1번째 방문,영수증,부모님이 청국장 좋아하셔서 방문했어요. 구수한 시골청국장이 아니라 아쉬웠는데 부모님과 함께 한 식사여서 나름 즐기고 왔습니다. 직원 언니 친절하시니 너무 좋았어요 평이하게 식사할 수 있는 곳이었네요,110,True,,,,부모님이 청국장 좋아하셔서 방문했어요. 구수한 시골청국장이 아니라 아쉬웠는데 부모님과 함께 한 식사여서 나름 즐기고 왔습니다. 직원 언니 친절하시니 너무 좋았어요 평이하게 식사할 수 있는 곳이었네요,부모님이 청국장 좋아하셔서 방문했어요 구수한 시골청국장이 아니라 아쉬웠는데 부모님과 함께 한 식사여서 나름 즐기고 왔습니다 직원 언니 친절하시니 너무 좋았어요 평이하게 식사할 수 있는 곳이었네요,0,0,0,0,0,0,0,110,원
naver,마포양지설렁탕,멘드롱따또,147.0,2025.11.06,1번째 방문,영수증,"직장 후배와 저녁 먹으려고 들른 곳. 공덕역 주변 설렁탕 집으로는 잡내 없어 종종 방문하던 곳이다. 특히 소 내장탕을 이 곳처럼 맑게 끓여 내는 곳이 좋다(개인적으론 삼성역 중앙해장이 으뜸이다). 둘 다 설렁탕 특/내장탕 특을 시켰으며 이 곳은 김치 깍두기 외에 파김치도 나온다. 매장이 넓고 2층도 있어 회전율이 상당한 곳. 특 설렁탕/특 내장탕 가격이 1만8000원으로 다소 부담스러운 점, 그럼에도 불구하고 특이라 느껴질 만큼의 볼륨이 아닌 것(설렁탕은 푸짐한데 내장탕은 그에 비하면 아쉬운 수준)은 아쉽다. 맛은 상위권.",295,True,,,,"직장 후배와 저녁 먹으려고 들른 곳. 공덕역 주변 설렁탕 집으로는 잡내 없어 종종 방문하던 곳이다. 특히 소 내장탕을 이 곳처럼 맑게 끓여 내는 곳이 좋다(개인적으론 삼성역 중앙해장이 으뜸이다). 둘 다 설렁탕 특/내장탕 특을 시켰으며 이 곳은 김치 깍두기 외에 파김치도 나온다. 매장이 넓고 2층도 있어 회전율이 상당한 곳. 특 설렁탕/특 내장탕 가격이 1만8000원으로 다소 부담스러운 점, 그럼에도 불구하고 특이라 느껴질 만큼의 볼륨이 아닌 것(설렁탕은 푸짐한데 내장탕은 그에 비하면 아쉬운 수준)은 아쉽다. 맛은 상위권.",직장 후배와 저녁 먹으려고 들른 곳 공덕역 주변 설렁탕 집으로는 잡내 없어 종종 방문하던 곳이다 특히 소 내장탕을 이 곳처럼 맑게 끓여 내는 곳이 좋다 개인적으론 삼성역 중앙해장이 으뜸이다 둘 다 설렁탕 특 내장탕 특을 시켰으며 이 곳은 김치 깍두기 외에 파김치도 나온다 매장이 넓고 2층도 있어 회전율이 상당한 곳 특 설렁탕 특 내장탕 가격이 1만8000원으로 다소 부담스러운 점 그럼에도 불구하고 특이라 느껴질 만큼의 볼륨이 아닌 것 설렁탕은 푸짐한데 내장탕은 그에 비하면 아쉬운 수준 은 아쉽다 맛은 상위권,0,0,0,0,0,0,1,295,"가격, 원"
naver,홍대 육지,서하17,18.0,2026.04.13,1번째 방문,영수증,이민간 친구가 한국에 놀러와서 삼겹살 먹었는데 먹은 삼겹살 중 제일루 맛나용 ㅎㅎ :) 직원분들도 넘 친절하고 좋은시간 보내고 갑니다 💭💜,77,True,,,,이민간 친구가 한국에 놀러와서 삼겹살 먹었는데 먹은 삼겹살 중 제일루 맛나용 ㅎㅎ :) 직원분들도 넘 친절하고 좋은시간 보내고 갑니다 💭💜,이민간 친구가 한국에 놀러와서 삼겹살 먹었는데 먹은 삼겹살 중 제일루 맛나용 직원분들도 넘 친절하고 좋은시간 보내고 갑니다 EMO_POS,1,0,0,0,0,0,0,77,원
naver,금금 성수점,편편63,33.0,2026.04.23,1번째 방문,영수증,들기름 국수 너무 맛있고 문어도 안질기고 너무 맛있어요ㅠㅠㅠㅠ직원분들 넘 친절하십니다 최고!!,52,True,,,,들기름 국수 너무 맛있고 문어도 안질기고 너무 맛있어요ㅠㅠㅠㅠ직원분들 넘 친절하십니다 최고!!,들기름 국수 너무 맛있고 문어도 안질기고 너무 맛있어요 직원분들 넘 친절하십니다 최고 EXCLAM,0,0,0,1,1,0,0,52,원
naver,일등식당,컨셉19,79.0,2025.05.29,1번째 방문,영수증,맛있는데 가성비도 좋아요! 너무 만족해서 부모님도 맛보시라고 포장도 했어요,41,True,,,,맛있는데 가성비도 좋아요! 너무 만족해서 부모님도 맛보시라고 포장도 했어요,맛있는데 가성비도 좋아요 EXCLAM 너무 만족해서 부모님도 맛보시라고 포장도 했어요,0,0,0,0,1,0,0,41,가성비
naver,일등식당,묘묘에요,1025.0,2025.10.10,1번째 방문,예약,8천원에 양도 푸짐하고 맛있습니다 깍두기도 괜찮고요 배추김치는 중국산인가요? 사장님으로 보이시는분은 남자분 불친절은 아닌데 많이 피곤하신지 입을 아예 안여시는듯.,90,True,,,,8천원에 양도 푸짐하고 맛있습니다 깍두기도 괜찮고요 배추김치는 중국산인가요? 사장님으로 보이시는분은 남자분 불친절은 아닌데 많이 피곤하신지 입을 아예 안여시는듯.,8천원에 양도 푸짐하고 맛있습니다 깍두기도 괜찮고요 배추김치는 중국산인가요 QUESTION 사장님으로 보이시는분은 남자분 불친절은 아닌데 많이 피곤하신지 입을 아예 안여시는듯,0,0,0,0,0,1,1,90,원
naver,굴다리식당,팡댕이,95.0,2026.03.29,1번째 방문,예약,"제육..?은 돼지찜 같은데 맛있었어요. 다만, 양념에 있는 덩어리들은 핏물이 익은건지 모르겠어요.. 계란말이는 너무 기름져요.. 그리고 2명에서 먹기엔 너무 양이 많고 비싸요. 김치찌개는 맛있긴한데 그냥 김치찌개였어요.. 다음에 같은 가격 주고 오기에는 고민되는 부분이네요..",154,True,,,,"제육..?은 돼지찜 같은데 맛있었어요. 다만, 양념에 있는 덩어리들은 핏물이 익은건지 모르겠어요.. 계란말이는 너무 기름져요.. 그리고 2명에서 먹기엔 너무 양이 많고 비싸요. 김치찌개는 맛있긴한데 그냥 김치찌개였어요.. 다음에 같은 가격 주고 오기에는 고민되는 부분이네요..",제육 QUESTION 은 돼지찜 같은데 맛있었어요 다만 양념에 있는 덩어리들은 핏물이 익은건지 모르겠어요 계란말이는 너무 기름져요 그리고 2명에서 먹기엔 너무 양이 많고 비싸요 김치찌개는 맛있긴한데 그냥 김치찌개였어요 다음에 같은 가격 주고 오기에는 고민되는 부분이네요,0,0,0,0,0,1,1,154,"가격, 비싸"
naver,조선시대,리안147,19.0,2026.03.31,1번째 방문,영수증,기본 안주도 너무 맛있고 술이랑 안주도 너무 맛있어여!! 직원분들도 너무 친절해서 다음에 또 올게요!,56,True,,,,기본 안주도 너무 맛있고 술이랑 안주도 너무 맛있어여!! 직원분들도 너무 친절해서 다음에 또 올게요!,기본 안주도 너무 맛있고 술이랑 안주도 너무 맛있어여 EXCLAM 직원분들도 너무 친절해서 다음에 또 올게요 EXCLAM,0,0,0,0,1,0,0,56,원
kakao,능동미나리 성수점,Rei,18.0,2025-03-05,,,직원분들이 친절하고 육회비빔밥이 맛있어요. 고추장 육회가 아니라서 덜 자극적이라 좋습니다. 전반적으로 슴슴한데 미나리 곰탕은 생각보다 호불호가 좀 있었어요.,87,False,5.0,3.6,실버 레벨,직원분들이 친절하고 육회비빔밥이 맛있어요. 고추장 육회가 아니라서 덜 자극적이라 좋습니다. 전반적으로 슴슴한데 미나리 곰탕은 생각보다 호불호가 좀 있었어요.,직원분들이 친절하고 육회비빔밥이 맛있어요 고추장 육회가 아니라서 덜 자극적이라 좋습니다 전반적으로 슴슴한데 미나리 곰탕은 생각보다 호불호가 좀 있었어요,0,0,0,0,0,0,0,87,원
naver,을밀대 평양냉면,내가보려고만든계정,,2025.08.03,1번째 방문,영수증,남자친구와 평양냉면에 빠져서 여러군데 돌아다니다 유명하다해서 가본집입니다. 주차는 운안좋으면 못하실수도있을것같네요 매장에 전화한번하거나 걸어가세요 평양냉면맛은 여태 먹었던것중에 젤 맛있고 깔끔했습니다 녹두전도 촉촉하니 맛있구요 재방문할의사있음 하지만 가격이 좀 사악 쏘..굳..,155,True,,,,남자친구와 평양냉면에 빠져서 여러군데 돌아다니다 유명하다해서 가본집입니다. 주차는 운안좋으면 못하실수도있을것같네요 매장에 전화한번하거나 걸어가세요 평양냉면맛은 여태 먹었던것중에 젤 맛있고 깔끔했습니다 녹두전도 촉촉하니 맛있구요 재방문할의사있음 하지만 가격이 좀 사악 쏘..굳..,남자친구와 평양냉면에 빠져서 여러군데 돌아다니다 유명하다해서 가본집입니다 주차는 운안좋으면 못하실수도있을것같네요 매장에 전화한번하거나 걸어가세요 평양냉면맛은 여태 먹었던것중에 젤 맛있고 깔끔했습니다 녹두전도 촉촉하니 맛있구요 재방문할의사있음 하지만 가격이 좀 사악 쏘 굳,0,0,0,0,0,0,0,155,가격
naver,을밀대 평양냉면,먹고걷고햇빛듬뿍,1961.0,2026.04.06,3번째 방문,영수증,"대흥역2번출구 직진 농협,씨유,태성목재건물 좌회전후에 직진하면 염리동주민센터 어서 50미터 앞쪽에있음 을밀대 마포점에가서 비빔냉면(16,000원)하고 같이 녹두전(13,000원)을 먹습니다 (29,000원)입니다 비빔냉면은 많이 맵냐고 물어보니 안맵다고 합니다 직접 먹어보니 팔도비빔면 정도입니다, 녹두전은 바삭 하게 크리스피하게 나옵니다, 가위로 자르니 쉽게 쪼개 집니다, 김치하고 냉면무는 필요없으니 먹기전에 반납을 해야 이런 한식음식점들이 오래갈것 같네요, 잘먹고갑니다 감사합니다 대한민국 방방곡곡 도시거리와 둘레길을 걸어다니면서 음식점 카페 빵집 박물관 기념관 소개하는 리뷰어입니다 ✅️ MY플레이스 리뷰어순위 TOP 30등 🌼🌸💚🩷 ✅️리뷰 총조회수 1,860만회 (0.1% 리뷰어)🌸🌼💜",390,True,,,,"대흥역2번출구 직진 농협,씨유,태성목재건물 좌회전후에 직진하면 염리동주민센터 어서 50미터 앞쪽에있음 을밀대 마포점에가서 비빔냉면(16,000원)하고 같이 녹두전(13,000원)을 먹습니다 (29,000원)입니다 비빔냉면은 많이 맵냐고 물어보니 안맵다고 합니다 직접 먹어보니 팔도비빔면 정도입니다, 녹두전은 바삭 하게 크리스피하게 나옵니다, 가위로 자르니 쉽게 쪼개 집니다, 김치하고 냉면무는 필요없으니 먹기전에 반납을 해야 이런 한식음식점들이 오래갈것 같네요, 잘먹고갑니다 감사합니다 대한민국 방방곡곡 도시거리와 둘레길을 걸어다니면서 음식점 카페 빵집 박물관 기념관 소개하는 리뷰어입니다 ✅️ MY플레이스 리뷰어순위 TOP 30등 🌼🌸💚🩷 ✅️리뷰 총조회수 1,860만회 (0.1% 리뷰어)🌸🌼💜",대흥역2번출구 직진 농협 씨유 태성목재건물 좌회전후에 직진하면 염리동주민센터 어서 50미터 앞쪽에있음 을밀대 마포점에가서 비빔냉면 16 000원 하고 같이 녹두전 13 000원 을 먹습니다 29 000원 입니다 비빔냉면은 많이 맵냐고 물어보니 안맵다고 합니다 직접 먹어보니 팔도비빔면 정도입니다 녹두전은 바삭 하게 크리스피하게 나옵니다 가위로 자르니 쉽게 쪼개 집니다 김치하고 냉면무는 필요없으니 먹기전에 반납을 해야 이런 한식음식점들이 오래갈것 같네요 잘먹고갑니다 감사합니다 대한민국 방방곡곡 도시거리와 둘레길을 걸어다니면서 음식점 카페 빵집 박물관 기념관 소개하는 리뷰어입니다 MY플레이스 리뷰어순위 TOP 30등 EMO_POS 리뷰 총조회수 1 860만회 0 1 리뷰어 EMO_POS,1,0,0,0,0,0,1,390,원
naver,훼미리손칼국수보쌈,anyeung,1764.0,2025.11.09,1번째 방문,주문,주말 오픈 15분전 도착 사람들 줄 있었지만 첫타임에 입장함 보쌈정식 주문! 고기 야들부들 맛있고 김치 달달하고 맛있음 칼국수는 곁다리로 끼워주는느낌이라 양 적은편이지만 보쌈에 밥이 같이 나와서 적당하다 3인에 보쌈고기 저정도면 비싸지도 싸지도 않은느낌 칼국수 덕분에 괜찮게 느껴짐 굿,159,True,,,,주말 오픈 15분전 도착 사람들 줄 있었지만 첫타임에 입장함 보쌈정식 주문! 고기 야들부들 맛있고 김치 달달하고 맛있음 칼국수는 곁다리로 끼워주는느낌이라 양 적은편이지만 보쌈에 밥이 같이 나와서 적당하다 3인에 보쌈고기 저정도면 비싸지도 싸지도 않은느낌 칼국수 덕분에 괜찮게 느껴짐 굿,주말 오픈 15분전 도착 사람들 줄 있었지만 첫타임에 입장함 보쌈정식 주문 EXCLAM 고기 야들부들 맛있고 김치 달달하고 맛있음 칼국수는 곁다리로 끼워주는느낌이라 양 적은편이지만 보쌈에 밥이 같이 나와서 적당하다 3인에 보쌈고기 저정도면 비싸지도 싸지도 않은느낌 칼국수 덕분에 괜찮게 느껴짐 굿,0,0,0,0,1,0,1,159,비싸
naver,일등식당,마이뻴라이,1590.0,2025.05.18,1번째 방문,영수증,"국물이 자극적이지 않고 깔끔 담백한 뼈해장국이에요. 대부분 사람들이 좋아하는 맛인거 같아요. 고기 잡내 안나고, 고기 엄청 부드럽고 양 진짜 많아요. 8천원이면 좋은 가격에 좋은 한끼:)",104,True,,,,"국물이 자극적이지 않고 깔끔 담백한 뼈해장국이에요. 대부분 사람들이 좋아하는 맛인거 같아요. 고기 잡내 안나고, 고기 엄청 부드럽고 양 진짜 많아요. 8천원이면 좋은 가격에 좋은 한끼:)",국물이 자극적이지 않고 깔끔 담백한 뼈해장국이에요 대부분 사람들이 좋아하는 맛인거 같아요 고기 잡내 안나고 고기 엄청 부드럽고 양 진짜 많아요 8천원이면 좋은 가격에 좋은 한끼,0,0,0,0,0,0,1,104,"가격, 원"
kakao,뼈탄집 성수역점,세계여행하고파,6.0,2026-03-01,,,"성수동 삼겹살 맛집 뼈탄집을 예약 후 방문했어요. 줄 서는 고기 맛집이라 예약 후 방문하시면 대기 없이 바로 안내받을 수 있어 좋아요. 처음부터 끝까지 직원분들이 고기를 구워주셔서 맛있게 먹었습니다. 고기를 잘 못 굽는 사람으로서 너무 큰 장점이었어요. 삼겹살은 칼집을 낸 숙성 고기라 잡내 없이 부드럽고 담백해서 정말 맛있어요. 기본 반찬도 예사롭지 않습니다. 정갈하고 깔끔해서 고기와 함께 먹으면 최고예요. 뼈구이, 한우 된장찌개, 계란밥, 곰취 냉면도 별미예요. 음식 하나하나 다 맛있어요. 가족 외식, 모임 장소, 회식, 단체 모임 장소로 추천합니다. 매장도 넓고 프라이빗한 룸도 있어요. 무엇보다 직원분들이 정말 프로페셔널합니다.",357,True,5.0,5.0,브론즈 레벨,"성수동 삼겹살 맛집 뼈탄집을 예약 후 방문했어요. 줄 서는 고기 맛집이라 예약 후 방문하시면 대기 없이 바로 안내받을 수 있어 좋아요. 처음부터 끝까지 직원분들이 고기를 구워주셔서 맛있게 먹었습니다. 고기를 잘 못 굽는 사람으로서 너무 큰 장점이었어요. 삼겹살은 칼집을 낸 숙성 고기라 잡내 없이 부드럽고 담백해서 정말 맛있어요. 기본 반찬도 예사롭지 않습니다. 정갈하고 깔끔해서 고기와 함께 먹으면 최고예요. 뼈구이, 한우 된장찌개, 계란밥, 곰취 냉면도 별미예요. 음식 하나하나 다 맛있어요. 가족 외식, 모임 장소, 회식, 단체 모임 장소로 추천합니다. 매장도 넓고 프라이빗한 룸도 있어요. 무엇보다 직원분들이 정말 프로페셔널합니다.",성수동 삼겹살 맛집 뼈탄집을 예약 후 방문했어요 줄 서는 고기 맛집이라 예약 후 방문하시면 대기 없이 바로 안내받을 수 있어 좋아요 처음부터 끝까지 직원분들이 고기를 구워주셔서 맛있게 먹었습니다 고기를 잘 못 굽는 사람으로서 너무 큰 장점이었어요 삼겹살은 칼집을 낸 숙성 고기라 잡내 없이 부드럽고 담백해서 정말 맛있어요 기본 반찬도 예사롭지 않습니다 정갈하고 깔끔해서 고기와 함께 먹으면 최고예요 뼈구이 한우 된장찌개 계란밥 곰취 냉면도 별미예요 음식 하나하나 다 맛있어요 가족 외식 모임 장소 회식 단체 모임 장소로 추천합니다 매장도 넓고 프라이빗한 룸도 있어요 무엇보다 직원분들이 정말 프로페셔널합니다,0,0,0,0,0,0,0,357,원
naver,홍대 육지,sky****,3.0,2026.04.12,1번째 방문,영수증,"최근에 친구들과 함께 고기집에 다녀왔다. 가게에 들어가자마자 고소한 고기 냄새가 나서 식욕이 확 살아났다. 내부는 비교적 넓고 깔끔했으며, 테이블 간 간격도 적당해서 편하게 식사할 수 있었다. 우리는 삼겹살과 목살을 주문했는데, 고기의 신선도가 좋아서인지 굽는 동안 잡내가 거의 없고 육즙도 풍부했다. 특히 직원이 직접 고기를 구워주어서 굽기 정도가 딱 알맞았고, 덕분에 더 맛있게 먹을 수 있었다. 함께 나온 반찬들도 다양하고 정갈해서 고기와 잘 어울렸다.",256,True,,,,"최근에 친구들과 함께 고기집에 다녀왔다. 가게에 들어가자마자 고소한 고기 냄새가 나서 식욕이 확 살아났다. 내부는 비교적 넓고 깔끔했으며, 테이블 간 간격도 적당해서 편하게 식사할 수 있었다. 우리는 삼겹살과 목살을 주문했는데, 고기의 신선도가 좋아서인지 굽는 동안 잡내가 거의 없고 육즙도 풍부했다. 특히 직원이 직접 고기를 구워주어서 굽기 정도가 딱 알맞았고, 덕분에 더 맛있게 먹을 수 있었다. 함께 나온 반찬들도 다양하고 정갈해서 고기와 잘 어울렸다.",최근에 친구들과 함께 고기집에 다녀왔다 가게에 들어가자마자 고소한 고기 냄새가 나서 식욕이 확 살아났다 내부는 비교적 넓고 깔끔했으며 테이블 간 간격도 적당해서 편하게 식사할 수 있었다 우리는 삼겹살과 목살을 주문했는데 고기의 신선도가 좋아서인지 굽는 동안 잡내가 거의 없고 육즙도 풍부했다 특히 직원이 직접 고기를 구워주어서 굽기 정도가 딱 알맞았고 덕분에 더 맛있게 먹을 수 있었다 함께 나온 반찬들도 다양하고 정갈해서 고기와 잘 어울렸다,0,0,0,0,0,0,0,256,원
naver,장인닭갈비 홍대점,수현120,5.0,2026.04.08,1번째 방문,영수증,너무 마싯어요ㅠㅠ 직원분도 너무 친절해용🫶🏻🫶🏻,26,True,,,,너무 마싯어요ㅠㅠ 직원분도 너무 친절해용🫶🏻🫶🏻,너무 마싯어요 직원분도 너무 친절해용,0,0,0,1,0,0,0,26,원
kakao,육산장 홍대본점,규민,1.0,2025-10-26,,,사장님 직원분들 너무 친절하셔서 웃으면서 먹고 갔어요!!,31,True,5.0,5.0,브론즈 레벨,사장님 직원분들 너무 친절하셔서 웃으면서 먹고 갔어요!!,사장님 직원분들 너무 친절하셔서 웃으면서 먹고 갔어요 EXCLAM,0,0,0,0,1,0,0,31,원
kakao,육지,루루,2.0,2025-07-06,,,맛있어요!!! 직원분도 친철하시고 고기도 구워줘요!! 추천합니다!!,37,False,5.0,5.0,브론즈 레벨,맛있어요!!! 직원분도 친철하시고 고기도 구워줘요!! 추천합니다!!,맛있어요 EXCLAM 직원분도 친철하시고 고기도 구워줘요 EXCLAM 추천합니다 EXCLAM,0,0,0,0,1,0,0,37,원
kakao,마포양지설렁탕 도화점,✨,116.0,2025-10-05,,,김치가 맛있고 설렁탕은 평범한 곳에서 명성만 남고 퀄리티는 저멀리 내던져버린 곳으로 바뀐곳.. 김치 양념도 뭐지싶고 평범한 한식집만도 못한 김치가 있네요. 그리고 가격에 맞는 퀄리티도 절대 아님. 고기라도 제대로 주세요 무슨 고기양이 푸드코트수준이야…,140,True,2.0,3.1,골드 레벨,김치가 맛있고 설렁탕은 평범한 곳에서 명성만 남고 퀄리티는 저멀리 내던져버린 곳으로 바뀐곳.. 김치 양념도 뭐지싶고 평범한 한식집만도 못한 김치가 있네요. 그리고 가격에 맞는 퀄리티도 절대 아님. 고기라도 제대로 주세요 무슨 고기양이 푸드코트수준이야…,김치가 맛있고 설렁탕은 평범한 곳에서 명성만 남고 퀄리티는 저멀리 내던져버린 곳으로 바뀐곳 김치 양념도 뭐지싶고 평범한 한식집만도 못한 김치가 있네요 그리고 가격에 맞는 퀄리티도 절대 아님 고기라도 제대로 주세요 무슨 고기양이 푸드코트수준이야,0,0,0,0,0,0,0,140,가격
naver,옥동식,깨비ㄹㅇ,1560.0,2026.01.21,1번째 방문,영수증,"개인의 입맛차이가 있겠으나, - 포장 구매시 바로 가능 - 2인 포장기본 (25,000원) - 김치만두 (간이 맞는데 개인차따라 간이강하다, 약하다 함) - 김치 맛나요 ^^ (고춧가루 반반인듯) - 고추양념장 : 요것이 딱인듯 단가가 높긴했지만 돼지고기가 베이컨처럼 조리되었고 국물모두 특이 한고기 비린내가 없어서 좋아요 꼭!! 설명서 따라 드세요",195,True,,,,"개인의 입맛차이가 있겠으나, - 포장 구매시 바로 가능 - 2인 포장기본 (25,000원) - 김치만두 (간이 맞는데 개인차따라 간이강하다, 약하다 함) - 김치 맛나요 ^^ (고춧가루 반반인듯) - 고추양념장 : 요것이 딱인듯 단가가 높긴했지만 돼지고기가 베이컨처럼 조리되었고 국물모두 특이 한고기 비린내가 없어서 좋아요 꼭!! 설명서 따라 드세요",개인의 입맛차이가 있겠으나 포장 구매시 바로 가능 2인 포장기본 25 000원 김치만두 간이 맞는데 개인차따라 간이강하다 약하다 함 김치 맛나요 고춧가루 반반인듯 고추양념장 요것이 딱인듯 단가가 높긴했지만 돼지고기가 베이컨처럼 조리되었고 국물모두 특이 한고기 비린내가 없어서 좋아요 꼭 EXCLAM 설명서 따라 드세요,0,0,0,0,1,0,1,195,원
kakao,장인닭갈비 홍대점,상희,24.0,2025-02-13,,,"닭갈비 100%국내산에 훌륭한 조합인 순수 모짜렐라 치즈가 들어가니 압성맞춤 이였다. 그리고 지금 야채 값이 비싼데 여기는 상추,깻잎,샐러드 를 눈치보지않고 샐프바를 이용할수 있어서 좋았다.😀",107,False,5.0,5.0,실버 레벨,"닭갈비 100%국내산에 훌륭한 조합인 순수 모짜렐라 치즈가 들어가니 압성맞춤 이였다. 그리고 지금 야채 값이 비싼데 여기는 상추,깻잎,샐러드 를 눈치보지않고 샐프바를 이용할수 있어서 좋았다.😀",닭갈비 100 국내산에 훌륭한 조합인 순수 모짜렐라 치즈가 들어가니 압성맞춤 이였다 그리고 지금 야채 값이 비싼데 여기는 상추 깻잎 샐러드 를 눈치보지않고 샐프바를 이용할수 있어서 좋았다 EMO_POS,1,0,0,0,0,0,1,107,값
naver,성수족발,바로바로두,32.0,2025.05.13,1번째 방문,포장,"돼지냄새가 조금 나네요. ㅜㅜ 원래 이런적 없었는데.. 할머니 계실때는 안그랬는데... 이제 바뀐건가요? 20년동안 가끔씩 들려 포장 했었는데, 아쉽습니다.이번만 이랬을거라 생각해야겠져?",104,True,,,,"돼지냄새가 조금 나네요. ㅜㅜ 원래 이런적 없었는데.. 할머니 계실때는 안그랬는데... 이제 바뀐건가요? 20년동안 가끔씩 들려 포장 했었는데, 아쉽습니다.이번만 이랬을거라 생각해야겠져?",돼지냄새가 조금 나네요 원래 이런적 없었는데 할머니 계실때는 안그랬는데 이제 바뀐건가요 QUESTION 20년동안 가끔씩 들려 포장 했었는데 아쉽습니다 이번만 이랬을거라 생각해야겠져 QUESTION,0,0,0,1,0,1,1,104,원
kakao,할머니의레시피,봄날,72.0,2025-09-09,,,"맛은 무난한 정도인데 찬의 종류와 구성, 가격을 보면 가성비 대박! 그냥 맛집이라 침",47,False,5.0,2.9,실버 레벨,"맛은 무난한 정도인데 찬의 종류와 구성, 가격을 보면 가성비 대박! 그냥 맛집이라 침",맛은 무난한 정도인데 찬의 종류와 구성 가격을 보면 가성비 대박 EXCLAM 그냥 맛집이라 침,0,0,0,0,1,0,0,47,"가격, 가성비"
kakao,육지,이상원,3.0,2025-07-16,,,고기가 질이 매우 좋고 맛도 있는데 가격도 합리적이에요! 잘 먹고 왔어요!,41,False,5.0,5.0,브론즈 레벨,고기가 질이 매우 좋고 맛도 있는데 가격도 합리적이에요! 잘 먹고 왔어요!,고기가 질이 매우 좋고 맛도 있는데 가격도 합리적이에요 EXCLAM 잘 먹고 왔어요 EXCLAM,0,0,0,0,1,0,0,41,가격
naver,육산장 홍대본점,나761,6.0,2026.03.30,1번째 방문,영수증,고기 너무 맛있게 먹었어요! 항정살 원래도 좋아하는데 여기서 먹으니까 더 맛있는 것 가타요 ㅎㅎ 밖에서 먹었는데 분위기도 좋고 친구들이랑 수다 떨면서 먹기 좋아요! 다음에 홍대 오면 또 방문할게요 ㅎㅎ 항정살이랑 삼겹살 강력추천하고 갑니다!,134,True,,,,고기 너무 맛있게 먹었어요! 항정살 원래도 좋아하는데 여기서 먹으니까 더 맛있는 것 가타요 ㅎㅎ 밖에서 먹었는데 분위기도 좋고 친구들이랑 수다 떨면서 먹기 좋아요! 다음에 홍대 오면 또 방문할게요 ㅎㅎ 항정살이랑 삼겹살 강력추천하고 갑니다!,고기 너무 맛있게 먹었어요 EXCLAM 항정살 원래도 좋아하는데 여기서 먹으니까 더 맛있는 것 가타요 밖에서 먹었는데 분위기도 좋고 친구들이랑 수다 떨면서 먹기 좋아요 EXCLAM 다음에 홍대 오면 또 방문할게요 항정살이랑 삼겹살 강력추천하고 갑니다 EXCLAM,0,0,0,0,1,0,0,134,원
naver,홍대 육지,SAYBINI,25.0,2026.04.27,1번째 방문,영수증,"고기 러버로서 여기저기 많이 다녀봤지만, 여기 삼겹살은 정말 차원이 다르네요. 일단 고기 두께부터 압도적인데, 육즙이 입안에서 팡팡 터집니다. 겉은 바삭하고 속은 촉촉하게 구워주셔서 끝까지 너무 맛있게 먹었어요. 같이 나오는 밑반찬들과의 조합도 환상적이라 질릴 틈이 없네요. 조만간 무조건 재방문할 예정입니다!!!!! 합정 𝙅𝙊𝙉𝙉𝘼 개맛집인정 ㅋㅋ",195,True,,,,"고기 러버로서 여기저기 많이 다녀봤지만, 여기 삼겹살은 정말 차원이 다르네요. 일단 고기 두께부터 압도적인데, 육즙이 입안에서 팡팡 터집니다. 겉은 바삭하고 속은 촉촉하게 구워주셔서 끝까지 너무 맛있게 먹었어요. 같이 나오는 밑반찬들과의 조합도 환상적이라 질릴 틈이 없네요. 조만간 무조건 재방문할 예정입니다!!!!! 합정 𝙅𝙊𝙉𝙉𝘼 개맛집인정 ㅋㅋ",고기 러버로서 여기저기 많이 다녀봤지만 여기 삼겹살은 정말 차원이 다르네요 일단 고기 두께부터 압도적인데 육즙이 입안에서 팡팡 터집니다 겉은 바삭하고 속은 촉촉하게 구워주셔서 끝까지 너무 맛있게 먹었어요 같이 나오는 밑반찬들과의 조합도 환상적이라 질릴 틈이 없네요 조만간 무조건 재방문할 예정입니다 EXCLAM 합정 개맛집인정,0,0,0,0,1,0,0,195,원
kakao,쭌곱창,권효재,1.0,2025-10-03,,,너무 맛있습니다!! 가성비 좋아용 고기 구워주는 퍼포먼스도 좋았어요,37,True,5.0,5.0,브론즈 레벨,너무 맛있습니다!! 가성비 좋아용 고기 구워주는 퍼포먼스도 좋았어요,너무 맛있습니다 EXCLAM 가성비 좋아용 고기 구워주는 퍼포먼스도 좋았어요,0,0,0,0,1,0,0,37,가성비
naver,락희옥 마포본점,올리루,38.0,2025.11.13,1번째 방문,영수증,매장이 깨끗하고 직원분들도 친절하세요☺️ 보쌈정식 먹었는데 맛있어요 🫶🫶👍🏻👍🏻👍🏻,46,True,,,,매장이 깨끗하고 직원분들도 친절하세요☺️ 보쌈정식 먹었는데 맛있어요 🫶🫶👍🏻👍🏻👍🏻,매장이 깨끗하고 직원분들도 친절하세요 보쌈정식 먹었는데 맛있어요 EMO_POS EMO_POS EMO_POS,1,0,0,0,0,0,0,46,원
kakao,황금콩밭,아뚱멍,134.0,2025-12-21,,,간이 삼삼하니 다 맛있었던 부들부들 두뷰 두부요리치곤 비싸긴하나 부모님 델꼬가기 좋은곳,48,True,5.0,4.3,골드 레벨,간이 삼삼하니 다 맛있었던 부들부들 두뷰 두부요리치곤 비싸긴하나 부모님 델꼬가기 좋은곳,간이 삼삼하니 다 맛있었던 부들부들 두뷰 두부요리치곤 비싸긴하나 부모님 델꼬가기 좋은곳,0,0,0,0,0,0,0,48,비싸
kakao,육지,히,1.0,2025-10-10,,,직원분들 너무 친절하고 재밌으세여! 고기는 말할 것도 없이 개 맛있움..👍🏻🫨 재방문 의사 500000000%있움!!☺,66,True,5.0,5.0,브론즈 레벨,직원분들 너무 친절하고 재밌으세여! 고기는 말할 것도 없이 개 맛있움..👍🏻🫨 재방문 의사 500000000%있움!!☺,직원분들 너무 친절하고 재밌으세여 EXCLAM 고기는 말할 것도 없이 개 맛있움 EMO_POS 재방문 의사 있움 EXCLAM,1,0,0,0,1,0,1,66,원
naver,쭌곱창,멍멈머,15.0,2026.03.20,1번째 방문,예약,특이하구 맛있어요! 직원분들도 되게 친절하십니다!!,28,True,,,,특이하구 맛있어요! 직원분들도 되게 친절하십니다!!,특이하구 맛있어요 EXCLAM 직원분들도 되게 친절하십니다 EXCLAM,0,0,0,0,1,0,0,28,원
naver,조선시대,ojs92,51.0,2026.03.02,1번째 방문,영수증,오늘 세 번째 방문인데 분위기도 적당히 좋고 음식도 너무 맛있어요 직원분들도 친절해서 좋아요 ㅎㅎ 다음엔 남자친구 만들어서 다시 올게요!,76,True,,,,오늘 세 번째 방문인데 분위기도 적당히 좋고 음식도 너무 맛있어요 직원분들도 친절해서 좋아요 ㅎㅎ 다음엔 남자친구 만들어서 다시 올게요!,오늘 세 번째 방문인데 분위기도 적당히 좋고 음식도 너무 맛있어요 직원분들도 친절해서 좋아요 다음엔 남자친구 만들어서 다시 올게요 EXCLAM,0,0,0,0,1,0,0,76,원
naver,장인닭갈비 홍대점,소소6898,38.0,2026.04.04,1번째 방문,영수증,너무 맛있고 양도 많고 직원분도 완전 친절해용 줄은 길엇는데 별로 안기다림 강추!!!,47,True,,,,너무 맛있고 양도 많고 직원분도 완전 친절해용 줄은 길엇는데 별로 안기다림 강추!!!,너무 맛있고 양도 많고 직원분도 완전 친절해용 줄은 길엇는데 별로 안기다림 강추 EXCLAM,0,0,0,0,1,0,0,47,원
naver,원조 조박집 본관,비아22,20.0,2026.01.19,1번째 방문,영수증,이 집 진~짜 친절해요 저희 잘 먹는다고 추가로 된장도 주시고 마지막에는 식혜도 주셨어요. 돼지갈비도 너무 맛있고 가성비 좋아요. 다시 올 의향 있습니다!,86,True,,,,이 집 진~짜 친절해요 저희 잘 먹는다고 추가로 된장도 주시고 마지막에는 식혜도 주셨어요. 돼지갈비도 너무 맛있고 가성비 좋아요. 다시 올 의향 있습니다!,이 집 진 짜 친절해요 저희 잘 먹는다고 추가로 된장도 주시고 마지막에는 식혜도 주셨어요 돼지갈비도 너무 맛있고 가성비 좋아요 다시 올 의향 있습니다 EXCLAM,0,0,0,0,1,0,0,86,가성비
naver,옥동식,오뚜커플,82.0,2025.12.25,1번째 방문,영수증,흑백요리사2 옥동식 방문했어요! 고수는 더하기가 아니라 빼기를 잘해야 한다는 말처럼 옥동식의 국밥은 정말 심플해보이지만 그 안의 감칠맛과 싶은 맛이 정말 끝내줬어요! 처음 먹었을때는 그정돈가..? 싶었지만 먹으면 먹을수록 끌리는 맛이 최고였습니다ㅎㅎ,139,True,,,,흑백요리사2 옥동식 방문했어요! 고수는 더하기가 아니라 빼기를 잘해야 한다는 말처럼 옥동식의 국밥은 정말 심플해보이지만 그 안의 감칠맛과 싶은 맛이 정말 끝내줬어요! 처음 먹었을때는 그정돈가..? 싶었지만 먹으면 먹을수록 끌리는 맛이 최고였습니다ㅎㅎ,흑백요리사2 옥동식 방문했어요 EXCLAM 고수는 더하기가 아니라 빼기를 잘해야 한다는 말처럼 옥동식의 국밥은 정말 심플해보이지만 그 안의 감칠맛과 싶은 맛이 정말 끝내줬어요 EXCLAM 처음 먹었을때는 그정돈가 QUESTION 싶었지만 먹으면 먹을수록 끌리는 맛이 최고였습니다,0,0,0,0,1,1,1,139,돈
naver,홍대 육지,유상현89,28.0,2026.02.22,1번째 방문,영수증,가게 분위기가 힙하고 고기가 맛있어요 직원분들이 많으셔서 바로바로 응대해주시고 넘 친절하셨어요 그리고 구워주셔서 너무 편하고 맛있게 먹었습니다 !,81,True,,,,가게 분위기가 힙하고 고기가 맛있어요 직원분들이 많으셔서 바로바로 응대해주시고 넘 친절하셨어요 그리고 구워주셔서 너무 편하고 맛있게 먹었습니다 !,가게 분위기가 힙하고 고기가 맛있어요 직원분들이 많으셔서 바로바로 응대해주시고 넘 친절하셨어요 그리고 구워주셔서 너무 편하고 맛있게 먹었습니다 EXCLAM,0,0,0,0,1,0,0,81,원
naver,일등식당,한냠냠,2738.0,2025.11.05,13번째 방문,영수증,일등식당은 가성비며 맑은 국물맛 일등이요!! 요즘 날씨에 딱이에요,36,True,,,,일등식당은 가성비며 맑은 국물맛 일등이요!! 요즘 날씨에 딱이에요,일등식당은 가성비며 맑은 국물맛 일등이요 EXCLAM 요즘 날씨에 딱이에요,0,0,0,0,1,0,0,36,가성비
kakao,능동미나리 성수점,니가지으세요,58.0,2025-07-15,,,양이 좀 적은데 가격은 비싸여 맛있긴 해욤,23,False,4.0,4.3,실버 레벨,양이 좀 적은데 가격은 비싸여 맛있긴 해욤,양이 좀 적은데 가격은 비싸여 맛있긴 해욤,0,0,0,0,0,0,0,23,"가격, 비싸"
kakao,쭌곱창,강냉이,1.0,2025-01-24,,,양도 생각보다 많고 불맛도 나니 맛있네요ㅠㅜ 홍대 가성비 곱창 찾으신다면 여기로 오세요ㅠㅠ,50,True,5.0,5.0,브론즈 레벨,양도 생각보다 많고 불맛도 나니 맛있네요ㅠㅜ 홍대 가성비 곱창 찾으신다면 여기로 오세요ㅠㅠ,양도 생각보다 많고 불맛도 나니 맛있네요 홍대 가성비 곱창 찾으신다면 여기로 오세요,0,0,0,1,0,0,0,50,가성비
kakao,훼미리손칼국수보쌈,라봉,9.0,2025-06-14,,,서울에있는거치곤 가성비는 좋았어요! 근데 냄새나는거 잘못먹는데 칼국수에서 고기냄새같은게 나서 끝까지먹기힘들었네요.. 면도 물컹하고.. 제가간날은 보쌈은 살이랑 비계비율이 괜찮았던건지 보쌈은 맛있었어요 그리고 위생예민하신분은 안가시는게 좋을듯요,135,True,3.0,2.1,실버 레벨,서울에있는거치곤 가성비는 좋았어요! 근데 냄새나는거 잘못먹는데 칼국수에서 고기냄새같은게 나서 끝까지먹기힘들었네요.. 면도 물컹하고.. 제가간날은 보쌈은 살이랑 비계비율이 괜찮았던건지 보쌈은 맛있었어요 그리고 위생예민하신분은 안가시는게 좋을듯요,서울에있는거치곤 가성비는 좋았어요 EXCLAM 근데 냄새나는거 잘못먹는데 칼국수에서 고기냄새같은게 나서 끝까지먹기힘들었네요 면도 물컹하고 제가간날은 보쌈은 살이랑 비계비율이 괜찮았던건지 보쌈은 맛있었어요 그리고 위생예민하신분은 안가시는게 좋을듯요,0,0,0,0,1,0,0,135,가성비
kakao,각시보쌈,개솔직,384.0,2025-11-16,,,웨이팅 있지만 회전율 빨라서 금방 들어감 고기 맛있어요 평냉집 서령에 나오는 항정살이랑 비슷힌 느낌인데 가성비갑,62,True,5.0,4.0,골드 레벨,웨이팅 있지만 회전율 빨라서 금방 들어감 고기 맛있어요 평냉집 서령에 나오는 항정살이랑 비슷힌 느낌인데 가성비갑,웨이팅 있지만 회전율 빨라서 금방 들어감 고기 맛있어요 평냉집 서령에 나오는 항정살이랑 비슷힌 느낌인데 가성비갑,0,0,0,0,0,0,0,62,가성비
naver,조선시대,희35,20.0,2026.03.17,1번째 방문,영수증,일단 들어가자마자 바로 조선시대로 타임워프 하실 수 있습니다 너무 예뻐요!! 직원분들도 너무 친절하시고 행복한 추억 쌓다가 갑니다 💟,74,True,,,,일단 들어가자마자 바로 조선시대로 타임워프 하실 수 있습니다 너무 예뻐요!! 직원분들도 너무 친절하시고 행복한 추억 쌓다가 갑니다 💟,일단 들어가자마자 바로 조선시대로 타임워프 하실 수 있습니다 너무 예뻐요 EXCLAM 직원분들도 너무 친절하시고 행복한 추억 쌓다가 갑니다 EMO_POS,1,0,0,0,1,0,0,74,원
kakao,육지,송은희,1.0,2025-07-09,,,너무 시원하고 맛있어용 또 올게요 ~!,21,True,5.0,5.0,브론즈 레벨,너무 시원하고 맛있어용 또 올게요 ~!,너무 시원하고 맛있어용 또 올게요 EXCLAM,0,0,0,0,1,0,0,21,원
naver,뼈탄집 성수역점,bri****,19.0,2026.04.06,1번째 방문,영수증,"진짜 너무너무 맛있어요 이런 곳을 왜 이제야 알았는지 후회될 정도로ㅜㅜ 고기 질도 너무 좋고요. 일단 저희가 들어갈때 만석이라 첫번째로 웨이팅 했는데, 웨이팅 끝나고 들어올때 사장님께서 감사하다면서 너무 깍듯하게 안내해주시더라고요. 거기서부터 진짜 감동 백배… 감동 먹고 들어왔는데 매장 안은 청결하고 직원들도 전부 친절하시고 서비스 최고구요. 맛은 더 난리에요 같이 나온 기본찬들이 말이 안될 정도로 고기랑 찰떡이고, 고기도 정말 질이 좋아서 입에 넣자마자 “헉. 지금까지 먹어본 삼겹살 집 중 최고다.” 했는데 사이드메뉴들도 너무너무너무 맛있어요 단골 확정입니다 ㅎㅎ 이런 리뷰도 잘 안남기고 사실 웨이팅도 안하는 귀차니즘인데, 여긴 마음을 감동시키고 움직이는 가게네요…. 감사합니다 오래 계셔주세요",393,True,,,,"진짜 너무너무 맛있어요 이런 곳을 왜 이제야 알았는지 후회될 정도로ㅜㅜ 고기 질도 너무 좋고요. 일단 저희가 들어갈때 만석이라 첫번째로 웨이팅 했는데, 웨이팅 끝나고 들어올때 사장님께서 감사하다면서 너무 깍듯하게 안내해주시더라고요. 거기서부터 진짜 감동 백배… 감동 먹고 들어왔는데 매장 안은 청결하고 직원들도 전부 친절하시고 서비스 최고구요. 맛은 더 난리에요 같이 나온 기본찬들이 말이 안될 정도로 고기랑 찰떡이고, 고기도 정말 질이 좋아서 입에 넣자마자 “헉. 지금까지 먹어본 삼겹살 집 중 최고다.” 했는데 사이드메뉴들도 너무너무너무 맛있어요 단골 확정입니다 ㅎㅎ 이런 리뷰도 잘 안남기고 사실 웨이팅도 안하는 귀차니즘인데, 여긴 마음을 감동시키고 움직이는 가게네요…. 감사합니다 오래 계셔주세요",진짜 너무너무 맛있어요 이런 곳을 왜 이제야 알았는지 후회될 정도로 고기 질도 너무 좋고요 일단 저희가 들어갈때 만석이라 첫번째로 웨이팅 했는데 웨이팅 끝나고 들어올때 사장님께서 감사하다면서 너무 깍듯하게 안내해주시더라고요 거기서부터 진짜 감동 백배 감동 먹고 들어왔는데 매장 안은 청결하고 직원들도 전부 친절하시고 서비스 최고구요 맛은 더 난리에요 같이 나온 기본찬들이 말이 안될 정도로 고기랑 찰떡이고 고기도 정말 질이 좋아서 입에 넣자마자 헉 지금까지 먹어본 삼겹살 집 중 최고다 했는데 사이드메뉴들도 너무너무너무 맛있어요 단골 확정입니다 이런 리뷰도 잘 안남기고 사실 웨이팅도 안하는 귀차니즘인데 여긴 마음을 감동시키고 움직이는 가게네요 감사합니다 오래 계셔주세요,0,0,0,1,0,0,0,393,원
naver,금금 성수점,khb723,67.0,2026.03.25,1번째 방문,영수증,평일 점심 방문했어요! 매장은 좀 협소하지만 음식은 너무 맛있어요! 캐치테이블로 예약하고 가시는거 추천드려요! 보리된장국수가 진짜 맛있으니깐 꼭 드세요!!! 평일 점심에 사람많은데 직원 한 분만 홀에 계셔서 혼자 일 다하시느라 너무 바빠보이셨어요ㅠㅠ... 다 너무 좋은데 홀직원 늘리실 필요가 있으실 것 같아요..,175,True,,,,평일 점심 방문했어요! 매장은 좀 협소하지만 음식은 너무 맛있어요! 캐치테이블로 예약하고 가시는거 추천드려요! 보리된장국수가 진짜 맛있으니깐 꼭 드세요!!! 평일 점심에 사람많은데 직원 한 분만 홀에 계셔서 혼자 일 다하시느라 너무 바빠보이셨어요ㅠㅠ... 다 너무 좋은데 홀직원 늘리실 필요가 있으실 것 같아요..,평일 점심 방문했어요 EXCLAM 매장은 좀 협소하지만 음식은 너무 맛있어요 EXCLAM 캐치테이블로 예약하고 가시는거 추천드려요 EXCLAM 보리된장국수가 진짜 맛있으니깐 꼭 드세요 EXCLAM 평일 점심에 사람많은데 직원 한 분만 홀에 계셔서 혼자 일 다하시느라 너무 바빠보이셨어요 다 너무 좋은데 홀직원 늘리실 필요가 있으실 것 같아요,0,0,0,1,1,0,0,175,원
naver,옥동식,룰루랄라조안,23.0,2025.05.20,1번째 방문,영수증,"국물이 깔끔, 시원하고 맛았어요. 간도 적당하고 은은한 파향이 좋아요. 밥이 말아서 나오는데 탱글하고 식감도 살아있어요. 고기는 부드럽고 고추지를 찍어먹으면 잡내없이 맛있게 먹을 수 있어요. 국물이 모자라면 추가도 가능해요. 카운터좌석이라 혼밥하며 음식에 집중할 수 있어요. 점심시간 시작전에 가니 웨이팅 없었고, 11:20분 넘어가니 웨이팅 시작되네요. 전반적으로 만독해요.",210,True,,,,"국물이 깔끔, 시원하고 맛았어요. 간도 적당하고 은은한 파향이 좋아요. 밥이 말아서 나오는데 탱글하고 식감도 살아있어요. 고기는 부드럽고 고추지를 찍어먹으면 잡내없이 맛있게 먹을 수 있어요. 국물이 모자라면 추가도 가능해요. 카운터좌석이라 혼밥하며 음식에 집중할 수 있어요. 점심시간 시작전에 가니 웨이팅 없었고, 11:20분 넘어가니 웨이팅 시작되네요. 전반적으로 만독해요.",국물이 깔끔 시원하고 맛았어요 간도 적당하고 은은한 파향이 좋아요 밥이 말아서 나오는데 탱글하고 식감도 살아있어요 고기는 부드럽고 고추지를 찍어먹으면 잡내없이 맛있게 먹을 수 있어요 국물이 모자라면 추가도 가능해요 카운터좌석이라 혼밥하며 음식에 집중할 수 있어요 점심시간 시작전에 가니 웨이팅 없었고 11 20분 넘어가니 웨이팅 시작되네요 전반적으로 만독해요,0,0,0,0,0,0,1,210,원
naver,마포양지설렁탕,bestibest,560.0,2026.04.02,1번째 방문,영수증,음식이 맛있고 직원분들이 친절합니다.,20,True,,,,음식이 맛있고 직원분들이 친절합니다.,음식이 맛있고 직원분들이 친절합니다,0,0,0,0,0,0,0,20,원
kakao,능동미나리 성수점,성윤,1.0,2026-03-31,,,미나리가 싱싱합니다 직원들도 너무 친절하네요 나중에 가족들 다 데리고 오겠습니다 좋은음식 감사합니다!!,57,True,5.0,5.0,브론즈 레벨,미나리가 싱싱합니다 직원들도 너무 친절하네요 나중에 가족들 다 데리고 오겠습니다 좋은음식 감사합니다!!,미나리가 싱싱합니다 직원들도 너무 친절하네요 나중에 가족들 다 데리고 오겠습니다 좋은음식 감사합니다 EXCLAM,0,0,0,0,1,0,0,57,원
naver,굴다리식당,wjddmlfhdns,11.0,2026.04.16,1번째 방문,영수증,"김치 반찬에서 머리카락 나왔음. 일하는 아주머니 손으로 접시, 행주, 돈, 반찬 다 만짐. 위생이 너무 불결해서 추천 못함. 양은 김치찌개, 계란말이, 제육볶음 다 푸짐함. 하지만 위생 때문에 다 남김.",113,False,,,,"김치 반찬에서 머리카락 나왔음. 일하는 아주머니 손으로 접시, 행주, 돈, 반찬 다 만짐. 위생이 너무 불결해서 추천 못함. 양은 김치찌개, 계란말이, 제육볶음 다 푸짐함. 하지만 위생 때문에 다 남김.",김치 반찬에서 머리카락 나왔음 일하는 아주머니 손으로 접시 행주 돈 반찬 다 만짐 위생이 너무 불결해서 추천 못함 양은 김치찌개 계란말이 제육볶음 다 푸짐함 하지만 위생 때문에 다 남김,0,0,0,0,0,0,0,113,돈
naver,락희옥 마포본점,lim****,5.0,2026.02.07,1번째 방문,영수증,"와인이나 맥주와 함께 곁들이기에 딱 적당한 음식이 나오고, 와인/맥주 셀렉션도 꽤 다양하고 좋다. 만취하려는 게 아니고 반주로 가볍게 술을 하려거나, 술자리에서 안주로 식사까지 해결하는 데 딱 알맞은 곳. 육전과 김치메밀전병, 그리고 식사메뉴 중에 된장찌개 함께 나오는 부추된장비빔밥과 멍게비빕밥 시켜봤는데 입맛 돈다.",178,True,,,,"와인이나 맥주와 함께 곁들이기에 딱 적당한 음식이 나오고, 와인/맥주 셀렉션도 꽤 다양하고 좋다. 만취하려는 게 아니고 반주로 가볍게 술을 하려거나, 술자리에서 안주로 식사까지 해결하는 데 딱 알맞은 곳. 육전과 김치메밀전병, 그리고 식사메뉴 중에 된장찌개 함께 나오는 부추된장비빔밥과 멍게비빕밥 시켜봤는데 입맛 돈다.",와인이나 맥주와 함께 곁들이기에 딱 적당한 음식이 나오고 와인 맥주 셀렉션도 꽤 다양하고 좋다 만취하려는 게 아니고 반주로 가볍게 술을 하려거나 술자리에서 안주로 식사까지 해결하는 데 딱 알맞은 곳 육전과 김치메밀전병 그리고 식사메뉴 중에 된장찌개 함께 나오는 부추된장비빔밥과 멍게비빕밥 시켜봤는데 입맛 돈다,0,0,0,0,0,0,0,178,돈
kakao,을밀대 본점,니빠뜨롱나와라그래,238.0,2025-03-28,,,3/25 방문. 거냉은 원래 짠가? 슴슴이 아니라 윽 짜..였음. 면을 풀어도 디지게 짰다. 평냉노예라 다시 올게 분명하지만 진짜 개짰음. 그리고 육수에서 육향이 아닌 이상한 맛이 계속 치고 올라옴…되게 찝찝한 맛이랄까.. 고기국물맛도 동치미 맛도 아닌데 스멀스멀 계속 올라와서 완냉못함. 육수가 깔끔하지 않았음. 주전자 육수는 존맛이라 소금넣고 후추놓고 해서 먹음. 면은 맛있었다. 그냥 국물에 안빠진거 챱챱 씹고 있어도 메밀향 때문에 행복했음. 아마 면때문에 다시갈듯. 근데 가격때문에 망치마렵다 ^^,282,True,3.0,2.7,골드 레벨,3/25 방문. 거냉은 원래 짠가? 슴슴이 아니라 윽 짜..였음. 면을 풀어도 디지게 짰다. 평냉노예라 다시 올게 분명하지만 진짜 개짰음. 그리고 육수에서 육향이 아닌 이상한 맛이 계속 치고 올라옴…되게 찝찝한 맛이랄까.. 고기국물맛도 동치미 맛도 아닌데 스멀스멀 계속 올라와서 완냉못함. 육수가 깔끔하지 않았음. 주전자 육수는 존맛이라 소금넣고 후추놓고 해서 먹음. 면은 맛있었다. 그냥 국물에 안빠진거 챱챱 씹고 있어도 메밀향 때문에 행복했음. 아마 면때문에 다시갈듯. 근데 가격때문에 망치마렵다 ^^,3 25 방문 거냉은 원래 짠가 QUESTION 슴슴이 아니라 윽 짜 였음 면을 풀어도 디지게 짰다 평냉노예라 다시 올게 분명하지만 진짜 개짰음 그리고 육수에서 육향이 아닌 이상한 맛이 계속 치고 올라옴 되게 찝찝한 맛이랄까 고기국물맛도 동치미 맛도 아닌데 스멀스멀 계속 올라와서 완냉못함 육수가 깔끔하지 않았음 주전자 육수는 존맛이라 소금넣고 후추놓고 해서 먹음 면은 맛있었다 그냥 국물에 안빠진거 챱챱 씹고 있어도 메밀향 때문에 행복했음 아마 면때문에 다시갈듯 근데 가격때문에 망치마렵다,0,0,0,0,0,1,1,282,"가격, 원"
naver,훼미리손칼국수보쌈,베리그린,1476.0,2025.05.24,1번째 방문,영수증,"순서대로 대기해서 한시간 정도 웨이팅후 식당 진입. since1988,2대째 이어오는 식당에 지난주 나혼산에서 전현무와 이주승까지 방문해서 먹었으니 두줄 종대는 당연해 보였다. 보쌈정식이 인당 15000원 가격이 착하고,방금 삶은듯 촉촉한 보쌈과 칼국수가 나온다. 직접담근 김치와 보쌈의 조화가 환상이고 맛보기 양이지만 칼국수도 맛있다. 사이드 매뉴로 주문한 감자전은 용대리에서 먹어본 감자전과 치열할 정도로 막상막하 맛있다. 가격이 착한데 맛과 양까지 한시간 기다림이 전혀 아깝지 않은 식당이다.",278,True,,,,"순서대로 대기해서 한시간 정도 웨이팅후 식당 진입. since1988,2대째 이어오는 식당에 지난주 나혼산에서 전현무와 이주승까지 방문해서 먹었으니 두줄 종대는 당연해 보였다. 보쌈정식이 인당 15000원 가격이 착하고,방금 삶은듯 촉촉한 보쌈과 칼국수가 나온다. 직접담근 김치와 보쌈의 조화가 환상이고 맛보기 양이지만 칼국수도 맛있다. 사이드 매뉴로 주문한 감자전은 용대리에서 먹어본 감자전과 치열할 정도로 막상막하 맛있다. 가격이 착한데 맛과 양까지 한시간 기다림이 전혀 아깝지 않은 식당이다.",순서대로 대기해서 한시간 정도 웨이팅후 식당 진입 since1988 2대째 이어오는 식당에 지난주 나혼산에서 전현무와 이주승까지 방문해서 먹었으니 두줄 종대는 당연해 보였다 보쌈정식이 인당 15000원 가격이 착하고 방금 삶은듯 촉촉한 보쌈과 칼국수가 나온다 직접담근 김치와 보쌈의 조화가 환상이고 맛보기 양이지만 칼국수도 맛있다 사이드 매뉴로 주문한 감자전은 용대리에서 먹어본 감자전과 치열할 정도로 막상막하 맛있다 가격이 착한데 맛과 양까지 한시간 기다림이 전혀 아깝지 않은 식당이다,0,0,0,0,0,0,1,278,"가격, 원, 아깝, 착하고"
kakao,원조조박집 본관,탐험하는 탐험가,2.0,2026-01-07,,,돼갈 일단 미쳤고 직원분들 너무 친절해요.. 🤍 또 올 집입니다!!!,38,False,5.0,3.0,브론즈 레벨,돼갈 일단 미쳤고 직원분들 너무 친절해요.. 🤍 또 올 집입니다!!!,돼갈 일단 미쳤고 직원분들 너무 친절해요 EMO_POS 또 올 집입니다 EXCLAM,1,0,0,0,1,0,0,38,원
kakao,육지,Rosie,2.0,2025-08-09,,,아무것도 안올린 달궈진 불판이 쩌든 기름으로 지글지글 끓는거보고 진심 충격... 가시는분들 꼭 보고 사진좀 찍어주세요 ㅜㅜ 청결무슨일이야... 고기구워주는게 태워주고 탄부분 잘라주는걸 알았으면 직접 구울걸 그랬어요 아직도 입에서 탄맛나요 그리고 손님이 상으로 몸숙여서 밥먹고 있는데 그앞으로 손넣어소 물건가져가고 물하나더달라니까 바로 귀에다대고 물통 구기고 가져가는건 그만찾아라 시위하는거에요?? 진짜 궁금해서 물어봐요 직원들 서비스교육 안시키나요???,253,True,1.0,3.0,브론즈 레벨,아무것도 안올린 달궈진 불판이 쩌든 기름으로 지글지글 끓는거보고 진심 충격... 가시는분들 꼭 보고 사진좀 찍어주세요 ㅜㅜ 청결무슨일이야... 고기구워주는게 태워주고 탄부분 잘라주는걸 알았으면 직접 구울걸 그랬어요 아직도 입에서 탄맛나요 그리고 손님이 상으로 몸숙여서 밥먹고 있는데 그앞으로 손넣어소 물건가져가고 물하나더달라니까 바로 귀에다대고 물통 구기고 가져가는건 그만찾아라 시위하는거에요?? 진짜 궁금해서 물어봐요 직원들 서비스교육 안시키나요???,아무것도 안올린 달궈진 불판이 쩌든 기름으로 지글지글 끓는거보고 진심 충격 가시는분들 꼭 보고 사진좀 찍어주세요 청결무슨일이야 고기구워주는게 태워주고 탄부분 잘라주는걸 알았으면 직접 구울걸 그랬어요 아직도 입에서 탄맛나요 그리고 손님이 상으로 몸숙여서 밥먹고 있는데 그앞으로 손넣어소 물건가져가고 물하나더달라니까 바로 귀에다대고 물통 구기고 가져가는건 그만찾아라 시위하는거에요 QUESTION 진짜 궁금해서 물어봐요 직원들 서비스교육 안시키나요 QUESTION,0,0,0,1,0,1,0,253,원
kakao,소문난성수감자탕,거대문어,1.0,2025-12-20,,,국물은 너무 싱겁고 소스는 와사비맛 나고 우거지도 조금들었고 뼈에도 살이별로 없고 가격도 비싼편이에요,56,False,1.0,1.0,브론즈 레벨,국물은 너무 싱겁고 소스는 와사비맛 나고 우거지도 조금들었고 뼈에도 살이별로 없고 가격도 비싼편이에요,국물은 너무 싱겁고 소스는 와사비맛 나고 우거지도 조금들었고 뼈에도 살이별로 없고 가격도 비싼편이에요,0,0,0,0,0,0,0,56,가격
naver,훼미리손칼국수보쌈,qk****,878.0,2025.12.26,1번째 방문,영수증,친절하고 집에서 막 해먹는듯한 느낌의 고기와 배추가 어쩜 그리 달아요~ 보쌈 정식에 곁들여 주시는 밥은 양념장에 비벼먹으니 그 또한 별미더라구요~ 가성비도 좋고 다음에는 아이들 데리고 방문하면 좋아할것 같네요~,117,True,,,,친절하고 집에서 막 해먹는듯한 느낌의 고기와 배추가 어쩜 그리 달아요~ 보쌈 정식에 곁들여 주시는 밥은 양념장에 비벼먹으니 그 또한 별미더라구요~ 가성비도 좋고 다음에는 아이들 데리고 방문하면 좋아할것 같네요~,친절하고 집에서 막 해먹는듯한 느낌의 고기와 배추가 어쩜 그리 달아요 보쌈 정식에 곁들여 주시는 밥은 양념장에 비벼먹으니 그 또한 별미더라구요 가성비도 좋고 다음에는 아이들 데리고 방문하면 좋아할것 같네요,0,0,0,0,0,0,0,117,가성비
kakao,을밀대 본점,파파파,22.0,2025-03-10,,,맛있게 먹고갑니다 근데 면발 조곰 달라짐 가격은 계속오르는데………,36,False,5.0,4.5,실버 레벨,맛있게 먹고갑니다 근데 면발 조곰 달라짐 가격은 계속오르는데………,맛있게 먹고갑니다 근데 면발 조곰 달라짐 가격은 계속오르는데,0,0,0,0,0,0,0,36,가격
naver,능동미나리 성수지점,상봉동 삼겹살 맛집 1등 꿀삼겹,537.0,2026.04.06,1번째 방문,영수증,"성수에서 요즘 핫한 능동미나리 다녀왔습니다 😊 미나리 요리 좋아하시는 분들은 무조건 좋아할 집이에요! 미나리 향이 진짜 신선하고 향긋해서 고기랑 같이 먹으니까 느끼함도 싹 잡아주고 계속 들어가더라고요 👍 특히 미나리랑 고기 조합이 너무 좋아서 한 입 먹을 때마다 “여긴 제대로다” 느낌이었습니다ㅎㅎ 양도 푸짐해서 가성비도 좋고, 전체적으로 깔끔하게 잘 나와서 만족도 높았어요! 직원분들도 친절하게 응대해주셔서 기분 좋게 식사했습니다 😊 성수 맛집 찾으신다면 한 번 꼭 가보세요! 미나리 좋아하시는 분들께는 특히 강추드립니다 👍 #꿀삼겹 #상봉맛집 #삼겹살맛집",312,False,,,,"성수에서 요즘 핫한 능동미나리 다녀왔습니다 😊 미나리 요리 좋아하시는 분들은 무조건 좋아할 집이에요! 미나리 향이 진짜 신선하고 향긋해서 고기랑 같이 먹으니까 느끼함도 싹 잡아주고 계속 들어가더라고요 👍 특히 미나리랑 고기 조합이 너무 좋아서 한 입 먹을 때마다 “여긴 제대로다” 느낌이었습니다ㅎㅎ 양도 푸짐해서 가성비도 좋고, 전체적으로 깔끔하게 잘 나와서 만족도 높았어요! 직원분들도 친절하게 응대해주셔서 기분 좋게 식사했습니다 😊 성수 맛집 찾으신다면 한 번 꼭 가보세요! 미나리 좋아하시는 분들께는 특히 강추드립니다 👍 #꿀삼겹 #상봉맛집 #삼겹살맛집",성수에서 요즘 핫한 능동미나리 다녀왔습니다 EMO_POS 미나리 요리 좋아하시는 분들은 무조건 좋아할 집이에요 EXCLAM 미나리 향이 진짜 신선하고 향긋해서 고기랑 같이 먹으니까 느끼함도 싹 잡아주고 계속 들어가더라고요 EMO_POS 특히 미나리랑 고기 조합이 너무 좋아서 한 입 먹을 때마다 여긴 제대로다 느낌이었습니다 양도 푸짐해서 가성비도 좋고 전체적으로 깔끔하게 잘 나와서 만족도 높았어요 EXCLAM 직원분들도 친절하게 응대해주셔서 기분 좋게 식사했습니다 EMO_POS 성수 맛집 찾으신다면 한 번 꼭 가보세요 EXCLAM 미나리 좋아하시는 분들께는 특히 강추드립니다 EMO_POS 꿀삼겹 상봉맛집 삼겹살맛집,1,0,0,0,1,0,0,312,"가성비, 원"
naver,각시보쌈,0000003,6.0,2025.08.02,1번째 방문,영수증,언제먹어도. 맛있어요~ 워낙 고기를 좋아하지만^^ 각시보쌈을 알고난후엔 다른보쌈을 못먹어요~^-^ 항상 사람들로 북적여 정신없지만 항상 생각나는 이맛! 고기 새우젓 절임배추쌈은 최고입니다!! 그리고 바쁜와중에도 활기넘치는 직원분들도 보기좋아요! 첨엔 다들. 와일드하셔서 당황도했는데 지금은 친이모같은 느낌이~^^ 가끔 혼밥할때도. 대해 주세요! 조만간 있을 모임에 또 방문예정입니다 아무튼 저에겐 내 인생 최고보쌈 입니다!,236,False,,,,언제먹어도. 맛있어요~ 워낙 고기를 좋아하지만^^ 각시보쌈을 알고난후엔 다른보쌈을 못먹어요~^-^ 항상 사람들로 북적여 정신없지만 항상 생각나는 이맛! 고기 새우젓 절임배추쌈은 최고입니다!! 그리고 바쁜와중에도 활기넘치는 직원분들도 보기좋아요! 첨엔 다들. 와일드하셔서 당황도했는데 지금은 친이모같은 느낌이~^^ 가끔 혼밥할때도. 대해 주세요! 조만간 있을 모임에 또 방문예정입니다 아무튼 저에겐 내 인생 최고보쌈 입니다!,언제먹어도 맛있어요 워낙 고기를 좋아하지만 각시보쌈을 알고난후엔 다른보쌈을 못먹어요 항상 사람들로 북적여 정신없지만 항상 생각나는 이맛 EXCLAM 고기 새우젓 절임배추쌈은 최고입니다 EXCLAM 그리고 바쁜와중에도 활기넘치는 직원분들도 보기좋아요 EXCLAM 첨엔 다들 와일드하셔서 당황도했는데 지금은 친이모같은 느낌이 가끔 혼밥할때도 대해 주세요 EXCLAM 조만간 있을 모임에 또 방문예정입니다 아무튼 저에겐 내 인생 최고보쌈 입니다 EXCLAM,0,0,0,0,1,0,0,236,원
naver,장인닭갈비 홍대점,지구별뚜벅이여행자,109.0,2026.01.17,1번째 방문,예약,"사람이 많은 편이에요 위치가 너무 좋기도하고~ 음식도 빨리빨리 내어주시고, 바로 먹어도 될 정도로 익혀 나와서 좋았어요~ 양배추가 철인지 엄청 달더라구요. 상추, 깻잎 원하는 만큼 셀프로 먹을 수 있고🙂 날치알볶음밥은 좀 달았어요-",129,True,,,,"사람이 많은 편이에요 위치가 너무 좋기도하고~ 음식도 빨리빨리 내어주시고, 바로 먹어도 될 정도로 익혀 나와서 좋았어요~ 양배추가 철인지 엄청 달더라구요. 상추, 깻잎 원하는 만큼 셀프로 먹을 수 있고🙂 날치알볶음밥은 좀 달았어요-",사람이 많은 편이에요 위치가 너무 좋기도하고 음식도 빨리빨리 내어주시고 바로 먹어도 될 정도로 익혀 나와서 좋았어요 양배추가 철인지 엄청 달더라구요 상추 깻잎 원하는 만큼 셀프로 먹을 수 있고 EMO_POS 날치알볶음밥은 좀 달았어요,1,0,0,0,0,0,0,129,원
naver,굴다리식당,ryo****,115.0,2026.04.01,1번째 방문,영수증,이렇게 불쾌하긴 처음입니다. 몇 년 째 다니는 집이고 여행 갔다올 때 마다 첫 집으로 들르는 집인데 오늘 주문 받으시는 직원분의 불친절함에 다시 가고 싶지 않은 곳이 됐네요. 주문 할 때 부터 인상 쓰면서 주문 막 이렇게 저렇게 하라 하고 이제까지 먹은 것 중에 양도 제일 적고 늘 먹던 1인분 양을 2인분이라 하고 3인분엔 찌개 국물도 없고 마지막엔 결제까지 자기 마음대로 하네요. 사장님이 많이 먹었다고 밥 추가 한 건 서비스 하시겠다는데 왜 마음대로 카드를 긁나요? 어이가 없네요. 이제까지 다니면서 늘 맛있게 기분 좋았는데 이런 직원 있는 곳에 다시 올 만큼은 아닙니다. 단골 많다고 불친절해도 된다고 생각하지 마세요. 본인이 잘했다고 생각하지 마시구요.,370,False,,,,이렇게 불쾌하긴 처음입니다. 몇 년 째 다니는 집이고 여행 갔다올 때 마다 첫 집으로 들르는 집인데 오늘 주문 받으시는 직원분의 불친절함에 다시 가고 싶지 않은 곳이 됐네요. 주문 할 때 부터 인상 쓰면서 주문 막 이렇게 저렇게 하라 하고 이제까지 먹은 것 중에 양도 제일 적고 늘 먹던 1인분 양을 2인분이라 하고 3인분엔 찌개 국물도 없고 마지막엔 결제까지 자기 마음대로 하네요. 사장님이 많이 먹었다고 밥 추가 한 건 서비스 하시겠다는데 왜 마음대로 카드를 긁나요? 어이가 없네요. 이제까지 다니면서 늘 맛있게 기분 좋았는데 이런 직원 있는 곳에 다시 올 만큼은 아닙니다. 단골 많다고 불친절해도 된다고 생각하지 마세요. 본인이 잘했다고 생각하지 마시구요.,이렇게 불쾌하긴 처음입니다 몇 년 째 다니는 집이고 여행 갔다올 때 마다 첫 집으로 들르는 집인데 오늘 주문 받으시는 직원분의 불친절함에 다시 가고 싶지 않은 곳이 됐네요 주문 할 때 부터 인상 쓰면서 주문 막 이렇게 저렇게 하라 하고 이제까지 먹은 것 중에 양도 제일 적고 늘 먹던 1인분 양을 2인분이라 하고 3인분엔 찌개 국물도 없고 마지막엔 결제까지 자기 마음대로 하네요 사장님이 많이 먹었다고 밥 추가 한 건 서비스 하시겠다는데 왜 마음대로 카드를 긁나요 QUESTION 어이가 없네요 이제까지 다니면서 늘 맛있게 기분 좋았는데 이런 직원 있는 곳에 다시 올 만큼은 아닙니다 단골 많다고 불친절해도 된다고 생각하지 마세요 본인이 잘했다고 생각하지 마시구요,0,0,0,0,0,1,1,370,원
kakao,육지,김영웅,6.0,2026-04-26,,,"음식 맛과 별개로, 직원 교육이 상당히 미흡해 보입니다. 자리 착석 후 고기를 주문해서 나왔는데, 15분에서 20분 동안 고기를 방치하더라구요. 알아서 구워 먹을 수도 없었던게 철판도 없었고, 숯을 데우는 과정인 것 같았는데 이건 보통 따로 해놓고 손님 상에서 안하지 않나요? 그렇다고 양해 구하는 직원도 없었고, 주방과 가까운 자리였는데 오히려 일하기 싫다 및 비속어 쓰는 소리만 들려서 불쾌한 자리였어요. 고기 구워주실 때도, 집게를 거의 던지듯 내려놓고, 고기 굽는데 큰 소리로 오더 내리는게 위생적으로 그리고 앞에 있는 손님에게 옳은 행동일까요? 그리고 홀이 아닌 주방 마감이었는데, 옆 자리 치우면서 쓰레기 통을 자리 위에 두고 자리를 떠나고도 안 치우더라구요. 5점 후기가 많아서 갔는데. 다시 보니까 후기가 1,2개 달린 봇 계정들인지 모르겠네요. 다시 방문 의사 없고, 다른 분들도 후기에 속지 마시길 바랍니다. 합정에는 맛집 많으니까요",476,False,1.0,4.3,브론즈 레벨,"음식 맛과 별개로, 직원 교육이 상당히 미흡해 보입니다. 자리 착석 후 고기를 주문해서 나왔는데, 15분에서 20분 동안 고기를 방치하더라구요. 알아서 구워 먹을 수도 없었던게 철판도 없었고, 숯을 데우는 과정인 것 같았는데 이건 보통 따로 해놓고 손님 상에서 안하지 않나요? 그렇다고 양해 구하는 직원도 없었고, 주방과 가까운 자리였는데 오히려 일하기 싫다 및 비속어 쓰는 소리만 들려서 불쾌한 자리였어요. 고기 구워주실 때도, 집게를 거의 던지듯 내려놓고, 고기 굽는데 큰 소리로 오더 내리는게 위생적으로 그리고 앞에 있는 손님에게 옳은 행동일까요? 그리고 홀이 아닌 주방 마감이었는데, 옆 자리 치우면서 쓰레기 통을 자리 위에 두고 자리를 떠나고도 안 치우더라구요. 5점 후기가 많아서 갔는데. 다시 보니까 후기가 1,2개 달린 봇 계정들인지 모르겠네요. 다시 방문 의사 없고, 다른 분들도 후기에 속지 마시길 바랍니다. 합정에는 맛집 많으니까요",음식 맛과 별개로 직원 교육이 상당히 미흡해 보입니다 자리 착석 후 고기를 주문해서 나왔는데 15분에서 20분 동안 고기를 방치하더라구요 알아서 구워 먹을 수도 없었던게 철판도 없었고 숯을 데우는 과정인 것 같았는데 이건 보통 따로 해놓고 손님 상에서 안하지 않나요 QUESTION 그렇다고 양해 구하는 직원도 없었고 주방과 가까운 자리였는데 오히려 일하기 싫다 및 비속어 쓰는 소리만 들려서 불쾌한 자리였어요 고기 구워주실 때도 집게를 거의 던지듯 내려놓고 고기 굽는데 큰 소리로 오더 내리는게 위생적으로 그리고 앞에 있는 손님에게 옳은 행동일까요 QUESTION 그리고 홀이 아닌 주방 마감이었는데 옆 자리 치우면서 쓰레기 통을 자리 위에 두고 자리를 떠나고도 안 치우더라구요 5점 후기가 많아서 갔는데 다시 보니까 후기가 1 2개 달린 봇 계정들인지 모르겠네요 다시 방문 의사 없고 다른 분들도 후기에 속지 마시길 바랍니다 합정에는 맛집 많으니까요,0,0,0,0,0,1,1,476,원
naver,보끔당 성수점,지우087,,2026.04.14,1번째 방문,영수증,매장도 크고 깔끔하고 닭볶음탕 너무 맛있게 먹었습니다 !!! 사리도 저렴해서 젛아요,46,True,,,,매장도 크고 깔끔하고 닭볶음탕 너무 맛있게 먹었습니다 !!! 사리도 저렴해서 젛아요,매장도 크고 깔끔하고 닭볶음탕 너무 맛있게 먹었습니다 EXCLAM 사리도 저렴해서 젛아요,0,0,0,0,1,0,0,46,저렴
naver,홍대 육지,san****,25.0,2026.04.18,1번째 방문,영수증,고기가 맛있고 직원 분들이 친절하십니다. 맛은 두말하면 잔소리고 고기의 질이 매우 좋습니다. 가위나 집게 등 도구의 관리도 잘 되어있습니다. 위치도 좋아서 자주 오고 싶습니다.,98,True,,,,고기가 맛있고 직원 분들이 친절하십니다. 맛은 두말하면 잔소리고 고기의 질이 매우 좋습니다. 가위나 집게 등 도구의 관리도 잘 되어있습니다. 위치도 좋아서 자주 오고 싶습니다.,고기가 맛있고 직원 분들이 친절하십니다 맛은 두말하면 잔소리고 고기의 질이 매우 좋습니다 가위나 집게 등 도구의 관리도 잘 되어있습니다 위치도 좋아서 자주 오고 싶습니다,0,0,0,0,0,0,0,98,원
naver,일등식당,It from bit,432.0,2026.03.28,3번째 방문,영수증,"한결 같다. 이 가격에, 이 맛에, 이 양이면 전국구지. 한창 시간엔 합석할 수도 있음. 그럼에도 불구하고 계속 찾게 되는 곳. 잘 먹었습니다~ (따로 비치된 소스는 꼭 가져다 찍어드시길)",105,True,,,,"한결 같다. 이 가격에, 이 맛에, 이 양이면 전국구지. 한창 시간엔 합석할 수도 있음. 그럼에도 불구하고 계속 찾게 되는 곳. 잘 먹었습니다~ (따로 비치된 소스는 꼭 가져다 찍어드시길)",한결 같다 이 가격에 이 맛에 이 양이면 전국구지 한창 시간엔 합석할 수도 있음 그럼에도 불구하고 계속 찾게 되는 곳 잘 먹었습니다 따로 비치된 소스는 꼭 가져다 찍어드시길,0,0,0,0,0,0,0,105,가격
naver,조선시대,kyb****,13.0,2026.01.02,1번째 방문,영수증,안주가 마ㅅ있어요 직원분들 다들 친절하시고 분위기도 좋아요 중간중간 게임도 있어서 더 재밌게 분위기를 즐길 수 있었어요 성인 되고 처음으로 이런 곳 와봤는데 완전 추천해요 !! ❤️❤️🥰,104,True,,,,안주가 마ㅅ있어요 직원분들 다들 친절하시고 분위기도 좋아요 중간중간 게임도 있어서 더 재밌게 분위기를 즐길 수 있었어요 성인 되고 처음으로 이런 곳 와봤는데 완전 추천해요 !! ❤️❤️🥰,안주가 마 있어요 직원분들 다들 친절하시고 분위기도 좋아요 중간중간 게임도 있어서 더 재밌게 분위기를 즐길 수 있었어요 성인 되고 처음으로 이런 곳 와봤는데 완전 추천해요 EXCLAM EMO_POS EMO_POS EMO_POS,1,0,0,0,1,0,0,104,원
kakao,할머니의레시피,yoe,1.0,2025-03-23,,,나이가 좀 들어 보이는 직원인지 점장인지 알 수 없는 남자분이 아주 불친절함..음식도 맛이 없고 한국 음식을 잘모르는 외국인들이 와서 경험삼아 먹을 만한 식당으로 보인다 우리나라 맛을 잘아는 한국 사람들은 절대 가지 않을 식당이다,128,False,1.0,1.0,브론즈 레벨,나이가 좀 들어 보이는 직원인지 점장인지 알 수 없는 남자분이 아주 불친절함..음식도 맛이 없고 한국 음식을 잘모르는 외국인들이 와서 경험삼아 먹을 만한 식당으로 보인다 우리나라 맛을 잘아는 한국 사람들은 절대 가지 않을 식당이다,나이가 좀 들어 보이는 직원인지 점장인지 알 수 없는 남자분이 아주 불친절함 음식도 맛이 없고 한국 음식을 잘모르는 외국인들이 와서 경험삼아 먹을 만한 식당으로 보인다 우리나라 맛을 잘아는 한국 사람들은 절대 가지 않을 식당이다,0,0,0,0,0,0,0,128,원
naver,락희옥 마포본점,도다토람리쥐,86.0,2025.11.15,1번째 방문,영수증,친구들이랑 같이 왔는데 너무 맛있어용 ~~ 직원분들도 친절하시구 좋아용 ㅎㅎㅎ,43,True,,,,친구들이랑 같이 왔는데 너무 맛있어용 ~~ 직원분들도 친절하시구 좋아용 ㅎㅎㅎ,친구들이랑 같이 왔는데 너무 맛있어용 TILDE 직원분들도 친절하시구 좋아용,0,0,0,0,0,0,0,43,원
naver,홍대 육지,Whgkeus43,79.0,2026.04.13,2번째 방문,영수증,너무 맛있고 직원분들도 너무 친절하셔요!!! 담에 또 올게요!!,35,True,,,,너무 맛있고 직원분들도 너무 친절하셔요!!! 담에 또 올게요!!,너무 맛있고 직원분들도 너무 친절하셔요 EXCLAM 담에 또 올게요 EXCLAM,0,0,0,0,1,0,0,35,원
naver,쭌곱창,mjk****,10.0,2026.03.02,1번째 방문,,지나가다 들려본곳인데 분위기랑 맛이 일단 진짜 사기에요 가격도 너무 착한데다가 사장님께서도 너무 친절하시구 심지어 맛있게 먹는 법도 하나하나 알려주셔서 다시 방문하고 싶은곳입니다ㅜㅜ❤️,103,True,,,,지나가다 들려본곳인데 분위기랑 맛이 일단 진짜 사기에요 가격도 너무 착한데다가 사장님께서도 너무 친절하시구 심지어 맛있게 먹는 법도 하나하나 알려주셔서 다시 방문하고 싶은곳입니다ㅜㅜ❤️,지나가다 들려본곳인데 분위기랑 맛이 일단 진짜 사기에요 가격도 너무 착한데다가 사장님께서도 너무 친절하시구 심지어 맛있게 먹는 법도 하나하나 알려주셔서 다시 방문하고 싶은곳입니다 EMO_POS,1,0,0,1,0,0,0,103,가격
kakao,육지,이상한 집만 리뷰남김,10.0,2025-08-15,,,밥이 3천원짜리 솥밥뿐인데 누룽지 물도 안 줌,25,True,1.0,1.6,브론즈 레벨,밥이 3천원짜리 솥밥뿐인데 누룽지 물도 안 줌,밥이 3천원짜리 솥밥뿐인데 누룽지 물도 안 줌,0,0,0,0,0,0,1,25,원
naver,훼미리손칼국수보쌈,먹마로롱,448.0,2025.11.22,1번째 방문,영수증,성수에서 모르면 간첩이라는 훼미리보쌈!!😋🫶 성수러버로서 참을수업찌.. 박뚜기소금빵 먹으러갔다가 홀리듯이 웨이팅해서 먹어봤어요!! 진짜 가성비부터 대박이었고 양도 푸짐하고 보쌈이랑 김치가 무엇보다 너무너무 맛있었습니다 이 가격에 이 비쥬얼에 이 맛이 말이안됨!!! 마지막에 칼국수까지 요즘날씨에 말해뭐해..👍👍 무조건 가보쎄용💛 ✅웨이팅은 주말 기준 (오픈런) 30분정도 한거같아요 !! 회전률이 빨라서 그런지 오히려 1시쯤에는 웨이팅 없더라구요ㅎㅎ,251,True,,,,성수에서 모르면 간첩이라는 훼미리보쌈!!😋🫶 성수러버로서 참을수업찌.. 박뚜기소금빵 먹으러갔다가 홀리듯이 웨이팅해서 먹어봤어요!! 진짜 가성비부터 대박이었고 양도 푸짐하고 보쌈이랑 김치가 무엇보다 너무너무 맛있었습니다 이 가격에 이 비쥬얼에 이 맛이 말이안됨!!! 마지막에 칼국수까지 요즘날씨에 말해뭐해..👍👍 무조건 가보쎄용💛 ✅웨이팅은 주말 기준 (오픈런) 30분정도 한거같아요 !! 회전률이 빨라서 그런지 오히려 1시쯤에는 웨이팅 없더라구요ㅎㅎ,성수에서 모르면 간첩이라는 훼미리보쌈 EXCLAM EMO_POS 성수러버로서 참을수업찌 박뚜기소금빵 먹으러갔다가 홀리듯이 웨이팅해서 먹어봤어요 EXCLAM 진짜 가성비부터 대박이었고 양도 푸짐하고 보쌈이랑 김치가 무엇보다 너무너무 맛있었습니다 이 가격에 이 비쥬얼에 이 맛이 말이안됨 EXCLAM 마지막에 칼국수까지 요즘날씨에 말해뭐해 EMO_POS EMO_POS 무조건 가보쎄용 EMO_POS 웨이팅은 주말 기준 오픈런 30분정도 한거같아요 EXCLAM 회전률이 빨라서 그런지 오히려 1시쯤에는 웨이팅 없더라구요,1,0,0,0,1,0,1,251,"가격, 가성비"
naver,일등식당,시켜줘마포구보안관,102.0,2025.10.11,1번째 방문,영수증,"[마포구 보안관 출동 일지] 사건 번호: 2025-10-11 / Case #F-017 사건 개요: 해장 아닌 구원 현장 기록: 메뉴는 해장국 하나, 깍두기에 소주 한 잔 마시면 해장국 바로 등장, 국물 한 술 뜨고 안주 나왔으니 짠 해야함, 뼈에 붙은 살 발라서 우거지랑 먹다보면 안도감이 밀려옴, 일등 해장국은 망원의 복지 증거물: 해장국(8천원으로 이 정도면 긴급구조예산 집행 수준) 특이사항: 소주 맥주 모두 4천원 수사 결과: 요즘 물가 미쳤지만 일등식당은 아직 제정신",266,True,,,,"[마포구 보안관 출동 일지] 사건 번호: 2025-10-11 / Case #F-017 사건 개요: 해장 아닌 구원 현장 기록: 메뉴는 해장국 하나, 깍두기에 소주 한 잔 마시면 해장국 바로 등장, 국물 한 술 뜨고 안주 나왔으니 짠 해야함, 뼈에 붙은 살 발라서 우거지랑 먹다보면 안도감이 밀려옴, 일등 해장국은 망원의 복지 증거물: 해장국(8천원으로 이 정도면 긴급구조예산 집행 수준) 특이사항: 소주 맥주 모두 4천원 수사 결과: 요즘 물가 미쳤지만 일등식당은 아직 제정신",마포구 보안관 출동 일지 사건 번호 2025 10 11 Case F 017 사건 개요 해장 아닌 구원 현장 기록 메뉴는 해장국 하나 깍두기에 소주 한 잔 마시면 해장국 바로 등장 국물 한 술 뜨고 안주 나왔으니 짠 해야함 뼈에 붙은 살 발라서 우거지랑 먹다보면 안도감이 밀려옴 일등 해장국은 망원의 복지 증거물 해장국 8천원으로 이 정도면 긴급구조예산 집행 수준 특이사항 소주 맥주 모두 4천원 수사 결과 요즘 물가 미쳤지만 일등식당은 아직 제정신,0,0,0,0,0,0,1,266,원
naver,성수족발,데이지율,9.0,2026.03.15,1번째 방문,영수증,"변했다는 리뷰들을 왜 미리 확인하지 못했을까요ㅠ 웬만하면 나쁜 후기 남기지 않는데 모임에 포장해 갔다가 돈 쓰고 욕 먹은 적은 처음이네요 고기도 퍽퍽하고 껍질은 너무 질겨서 이와 턱이 아플 정도에요.. 안에 큰 뼈 제외하면 양도 적고 구색만 대충 갖춘 반찬들(먹다 남은거 아님) 한때 맛있다는 후기도 남겼었는데 추천글 삭제, 제 맛집 리스트에서도 삭제입니다.",200,True,,,,"변했다는 리뷰들을 왜 미리 확인하지 못했을까요ㅠ 웬만하면 나쁜 후기 남기지 않는데 모임에 포장해 갔다가 돈 쓰고 욕 먹은 적은 처음이네요 고기도 퍽퍽하고 껍질은 너무 질겨서 이와 턱이 아플 정도에요.. 안에 큰 뼈 제외하면 양도 적고 구색만 대충 갖춘 반찬들(먹다 남은거 아님) 한때 맛있다는 후기도 남겼었는데 추천글 삭제, 제 맛집 리스트에서도 삭제입니다.",변했다는 리뷰들을 왜 미리 확인하지 못했을까요 웬만하면 나쁜 후기 남기지 않는데 모임에 포장해 갔다가 돈 쓰고 욕 먹은 적은 처음이네요 고기도 퍽퍽하고 껍질은 너무 질겨서 이와 턱이 아플 정도에요 안에 큰 뼈 제외하면 양도 적고 구색만 대충 갖춘 반찬들 먹다 남은거 아님 한때 맛있다는 후기도 남겼었는데 추천글 삭제 제 맛집 리스트에서도 삭제입니다,0,0,0,0,0,0,0,200,돈
kakao,뼈탄집 성수역점,H,3.0,2026-02-18,,,뼈탄집이 웨이팅 있는 블루리본 맛집인데 인기 있는 이유가 있네요 삼겹살 직원분이 다 구워주시는데 숙성이라 육즙 가득하니 진짜 맛있어요 뼈구이도 매콤달달하니 솥밥 주문해서 먹으면ㅠㅠ 재방문 필수에요,109,True,5.0,5.0,브론즈 레벨,뼈탄집이 웨이팅 있는 블루리본 맛집인데 인기 있는 이유가 있네요 삼겹살 직원분이 다 구워주시는데 숙성이라 육즙 가득하니 진짜 맛있어요 뼈구이도 매콤달달하니 솥밥 주문해서 먹으면ㅠㅠ 재방문 필수에요,뼈탄집이 웨이팅 있는 블루리본 맛집인데 인기 있는 이유가 있네요 삼겹살 직원분이 다 구워주시는데 숙성이라 육즙 가득하니 진짜 맛있어요 뼈구이도 매콤달달하니 솥밥 주문해서 먹으면 재방문 필수에요,0,0,0,1,0,0,0,109,원
kakao,이태리국시 성수,유,60.0,2026-04-06,,,한식퓨전으로 그럭저럭 먹을만하긴 한데 전반적으로 간이 짜고 쎕니다 .. 그리고 가격이 비싼데… 그에 비해 음식 퀄리티가 별로에요,71,True,1.0,3.4,실버 레벨,한식퓨전으로 그럭저럭 먹을만하긴 한데 전반적으로 간이 짜고 쎕니다 .. 그리고 가격이 비싼데… 그에 비해 음식 퀄리티가 별로에요,한식퓨전으로 그럭저럭 먹을만하긴 한데 전반적으로 간이 짜고 쎕니다 그리고 가격이 비싼데 그에 비해 음식 퀄리티가 별로에요,0,0,0,0,0,0,0,71,가격
kakao,육지,밀리우,5.0,2025-07-19,,,"이런 고기 맛집이 여기에 있었네요! 자주 먹으러 올게요! 저는 돈대갈비, 적신갈비, 해물된장찌개, 화산계란찜 그리고 솥밥까지 추천합니다😍🥰",77,False,5.0,5.0,브론즈 레벨,"이런 고기 맛집이 여기에 있었네요! 자주 먹으러 올게요! 저는 돈대갈비, 적신갈비, 해물된장찌개, 화산계란찜 그리고 솥밥까지 추천합니다😍🥰",이런 고기 맛집이 여기에 있었네요 EXCLAM 자주 먹으러 올게요 EXCLAM 저는 돈대갈비 적신갈비 해물된장찌개 화산계란찜 그리고 솥밥까지 추천합니다 EMO_POS EMO_POS,1,0,0,0,1,0,0,77,돈
naver,성수족발,정미이,20.0,2025.06.29,1번째 방문,영수증,이걸 먹으라고 주신겁니까? 진짜 보자마자 입맛 떨어져서 족발도 먹다 말았습니다. 상추는 씻지도 않은건지 흙인지 때꾸정물인지 상태가 다 저렇구요 4만원이나 주고 이런 음식을 사왔다는게 너무 화가 나네요,111,True,,,,이걸 먹으라고 주신겁니까? 진짜 보자마자 입맛 떨어져서 족발도 먹다 말았습니다. 상추는 씻지도 않은건지 흙인지 때꾸정물인지 상태가 다 저렇구요 4만원이나 주고 이런 음식을 사왔다는게 너무 화가 나네요,이걸 먹으라고 주신겁니까 QUESTION 진짜 보자마자 입맛 떨어져서 족발도 먹다 말았습니다 상추는 씻지도 않은건지 흙인지 때꾸정물인지 상태가 다 저렇구요 4만원이나 주고 이런 음식을 사왔다는게 너무 화가 나네요,0,0,0,0,0,1,1,111,원
kakao,소문난성수감자탕,공지압바,2.0,2025-12-05,,,다시는 경험하고 싶지 않은 불친절 기분 좋게 밥 먹으러 와서 웨이팅까지 했지만 아주머니 한 분 덕에 기분 나쁘게 식사한 곳 안쪽 홀에 계신 아주머니가 직원이라면 손님 응대 관련 피드백이 필요해보입니다 재방문 의사 X,120,False,1.0,3.0,브론즈 레벨,다시는 경험하고 싶지 않은 불친절 기분 좋게 밥 먹으러 와서 웨이팅까지 했지만 아주머니 한 분 덕에 기분 나쁘게 식사한 곳 안쪽 홀에 계신 아주머니가 직원이라면 손님 응대 관련 피드백이 필요해보입니다 재방문 의사 X,다시는 경험하고 싶지 않은 불친절 기분 좋게 밥 먹으러 와서 웨이팅까지 했지만 아주머니 한 분 덕에 기분 나쁘게 식사한 곳 안쪽 홀에 계신 아주머니가 직원이라면 손님 응대 관련 피드백이 필요해보입니다 재방문 의사 X,0,0,0,0,0,0,0,120,원
naver,황금콩밭,Love Eat Play,1219.0,2025.07.05,6번째 방문,영수증,한우차돌된장찌개 맛있네요. 입구에 들어가자마자 보이는 예쁘게 핀 양귀비. 정원 관리는 아주 잘 되는 것 같지는 않지만 양귀비 꽃은 예쁘게 피어 있어요. 싱겁게 먹는 사람한테는 된장찌개 간이 약간 쎄네요. 요새는 약간 싱겁게 먹는게 건강에 좋다고 해서요. 맛있게 잘 먹었습니다. 콩나물 담백하고 맛있어요.,169,True,,,,한우차돌된장찌개 맛있네요. 입구에 들어가자마자 보이는 예쁘게 핀 양귀비. 정원 관리는 아주 잘 되는 것 같지는 않지만 양귀비 꽃은 예쁘게 피어 있어요. 싱겁게 먹는 사람한테는 된장찌개 간이 약간 쎄네요. 요새는 약간 싱겁게 먹는게 건강에 좋다고 해서요. 맛있게 잘 먹었습니다. 콩나물 담백하고 맛있어요.,한우차돌된장찌개 맛있네요 입구에 들어가자마자 보이는 예쁘게 핀 양귀비 정원 관리는 아주 잘 되는 것 같지는 않지만 양귀비 꽃은 예쁘게 피어 있어요 싱겁게 먹는 사람한테는 된장찌개 간이 약간 쎄네요 요새는 약간 싱겁게 먹는게 건강에 좋다고 해서요 맛있게 잘 먹었습니다 콩나물 담백하고 맛있어요,0,0,0,0,0,0,0,169,원
naver,각시보쌈,하겐다즈매니아,784.0,2025.05.12,2번째 방문,영수증,갓 각시보쌈 이 구성에 이 가격이라니 브레이크 타임 이후에 바로 꽉차는거 이해돼요 고기도 야들야들 부드럽고 찌개 반찬 구성도 좋아요 하와이 다녀온지 얼마안되엇는데 각시보쌈 하와이에서 먹으면 15만원각이라고 얘기하면서 먹었어요 ㅋㅋㅋㅋ 오래오래 가게해주세요🤍,143,True,,,,갓 각시보쌈 이 구성에 이 가격이라니 브레이크 타임 이후에 바로 꽉차는거 이해돼요 고기도 야들야들 부드럽고 찌개 반찬 구성도 좋아요 하와이 다녀온지 얼마안되엇는데 각시보쌈 하와이에서 먹으면 15만원각이라고 얘기하면서 먹었어요 ㅋㅋㅋㅋ 오래오래 가게해주세요🤍,갓 각시보쌈 이 구성에 이 가격이라니 브레이크 타임 이후에 바로 꽉차는거 이해돼요 고기도 야들야들 부드럽고 찌개 반찬 구성도 좋아요 하와이 다녀온지 얼마안되엇는데 각시보쌈 하와이에서 먹으면 15만원각이라고 얘기하면서 먹었어요 오래오래 가게해주세요 EMO_POS,1,0,0,0,0,0,1,143,"가격, 원"
kakao,홍대 조선시대,신유진,1.0,2025-12-22,,,친구들이랑 술마시러 자주 방문하는데 안주도 가성비있게 맛있고 직원분들도 너무 친절해요 오늘 예약해서 룸은 처음 들어왔는데 너무 좋았어요!!😘😘 다음에도 친구들이랑 홍대에서 술마시면 방문하려고여!!😍😍,111,True,5.0,5.0,브론즈 레벨,친구들이랑 술마시러 자주 방문하는데 안주도 가성비있게 맛있고 직원분들도 너무 친절해요 오늘 예약해서 룸은 처음 들어왔는데 너무 좋았어요!!😘😘 다음에도 친구들이랑 홍대에서 술마시면 방문하려고여!!😍😍,친구들이랑 술마시러 자주 방문하는데 안주도 가성비있게 맛있고 직원분들도 너무 친절해요 오늘 예약해서 룸은 처음 들어왔는데 너무 좋았어요 EXCLAM EMO_POS EMO_POS 다음에도 친구들이랑 홍대에서 술마시면 방문하려고여 EXCLAM EMO_POS EMO_POS,1,0,0,0,1,0,0,111,"가성비, 원"
naver,일등식당,djs****,187.0,2026.02.03,1번째 방문,영수증,와정말 가격착하네요 푸짐하기도 하고요,20,True,,,,와정말 가격착하네요 푸짐하기도 하고요,와정말 가격착하네요 푸짐하기도 하고요,0,0,0,0,0,0,0,20,가격
naver,락희옥 마포본점,어헤드102,3.0,2025.09.28,1번째 방문,영수증,보쌈이 맛있고 직원분들이 친절해서 자주 올 것 같아요,29,True,,,,보쌈이 맛있고 직원분들이 친절해서 자주 올 것 같아요,보쌈이 맛있고 직원분들이 친절해서 자주 올 것 같아요,0,0,0,0,0,0,0,29,원
naver,홍대 육지,아키서스,1413.0,2026.02.15,1번째 방문,영수증,요즘 홍대에서 핫하다는 소문을 듣고 찾아갔는데 돈대갈비랑 목살이 진짜 맛있어요. 일반적인 삼겹살이나 목살하고는 확실히 다르네요! 차돌된찌랑 계란찜도 강추!,86,True,,,,요즘 홍대에서 핫하다는 소문을 듣고 찾아갔는데 돈대갈비랑 목살이 진짜 맛있어요. 일반적인 삼겹살이나 목살하고는 확실히 다르네요! 차돌된찌랑 계란찜도 강추!,요즘 홍대에서 핫하다는 소문을 듣고 찾아갔는데 돈대갈비랑 목살이 진짜 맛있어요 일반적인 삼겹살이나 목살하고는 확실히 다르네요 EXCLAM 차돌된찌랑 계란찜도 강추 EXCLAM,0,0,0,0,1,0,0,86,돈
naver,소문난성수감자탕,창호지의전국구탐방,1807.0,2026.03.13,1번째 방문,영수증,성수동에서 감자탕 맛집하면 항상 나오는 곳! 저희는 평일 금요일 저녁 퇴근시간에 방문했는데도 2명이어서 그런지 큰 웨이팅 없이 10분 이내로 들어갔으며 기본적으로 넓은 외관과 감자탕 소 주문했는데 사람들이 많이 오는 맛집이어 그런지 거의 바로 나오더라고요. 회전율은 빠른편! 기본 반찬 김치와 깍두기 겨자 소스가 나오는데 겨자 소스가 고기에 찍어 먹으니 맛났으며 감자탕 소는 둘이 먹기에 괜찮은 양이었어요. 고기도 적당히 붙어 있고 야들야들 담백하니 맛있었으며 국물이 고소하면서 진한 감칠맛이 좋더라고요. 근데 개인적으로 막 찾아가서 먹을 정도는 아니였어요. 평범 한번 방문으로 만족! 지금도 곳곳에 매장이 있지만 저는 조마루감자탕 먹는 기분! 추가로 아쉬운점 소자가 감자 두개들어 있었고 가격에 비해 부실한 볶음밥,400,True,,,,성수동에서 감자탕 맛집하면 항상 나오는 곳! 저희는 평일 금요일 저녁 퇴근시간에 방문했는데도 2명이어서 그런지 큰 웨이팅 없이 10분 이내로 들어갔으며 기본적으로 넓은 외관과 감자탕 소 주문했는데 사람들이 많이 오는 맛집이어 그런지 거의 바로 나오더라고요. 회전율은 빠른편! 기본 반찬 김치와 깍두기 겨자 소스가 나오는데 겨자 소스가 고기에 찍어 먹으니 맛났으며 감자탕 소는 둘이 먹기에 괜찮은 양이었어요. 고기도 적당히 붙어 있고 야들야들 담백하니 맛있었으며 국물이 고소하면서 진한 감칠맛이 좋더라고요. 근데 개인적으로 막 찾아가서 먹을 정도는 아니였어요. 평범 한번 방문으로 만족! 지금도 곳곳에 매장이 있지만 저는 조마루감자탕 먹는 기분! 추가로 아쉬운점 소자가 감자 두개들어 있었고 가격에 비해 부실한 볶음밥,성수동에서 감자탕 맛집하면 항상 나오는 곳 EXCLAM 저희는 평일 금요일 저녁 퇴근시간에 방문했는데도 2명이어서 그런지 큰 웨이팅 없이 10분 이내로 들어갔으며 기본적으로 넓은 외관과 감자탕 소 주문했는데 사람들이 많이 오는 맛집이어 그런지 거의 바로 나오더라고요 회전율은 빠른편 EXCLAM 기본 반찬 김치와 깍두기 겨자 소스가 나오는데 겨자 소스가 고기에 찍어 먹으니 맛났으며 감자탕 소는 둘이 먹기에 괜찮은 양이었어요 고기도 적당히 붙어 있고 야들야들 담백하니 맛있었으며 국물이 고소하면서 진한 감칠맛이 좋더라고요 근데 개인적으로 막 찾아가서 먹을 정도는 아니였어요 평범 한번 방문으로 만족 EXCLAM 지금도 곳곳에 매장이 있지만 저는 조마루감자탕 먹는 기분 EXCLAM 추가로 아쉬운점 소자가 감자 두개들어 있었고 가격에 비해 부실한 볶음밥,0,0,0,0,1,0,1,400,가격
naver,쭌곱창,이븐한 미식가,39.0,2026.04.07,2번째 방문,영수증,n회차 방문중인 찐맛집 저의 또간집 쭌곱창입니다 가성비 맛 무엇하나 안빠지고 너무 맛있고 맛 기복도 없습니다 육회도 너무 맛있으니 꼭 드세요 ㅠㅠ,81,True,,,,n회차 방문중인 찐맛집 저의 또간집 쭌곱창입니다 가성비 맛 무엇하나 안빠지고 너무 맛있고 맛 기복도 없습니다 육회도 너무 맛있으니 꼭 드세요 ㅠㅠ,n회차 방문중인 찐맛집 저의 또간집 쭌곱창입니다 가성비 맛 무엇하나 안빠지고 너무 맛있고 맛 기복도 없습니다 육회도 너무 맛있으니 꼭 드세요,0,0,0,1,0,0,0,81,가성비
kakao,각시보쌈,진또배기,23.0,2026-04-01,,,가성비 하나 보고 간다,12,False,4.0,4.5,실버 레벨,가성비 하나 보고 간다,가성비 하나 보고 간다,0,0,0,0,0,0,0,12,가성비
naver,황금콩밭,angssen,416.0,2025.08.22,1번째 방문,영수증,단독주택 개조해서 분위기 있는 정원에 내집에 들어서는 것같은 친근함~~미쉐린 받은 밥구르망 이라 기대하며 청국장 먹었네요!! 건강해지는 맛 ~~ 좋습니다,85,True,,,,단독주택 개조해서 분위기 있는 정원에 내집에 들어서는 것같은 친근함~~미쉐린 받은 밥구르망 이라 기대하며 청국장 먹었네요!! 건강해지는 맛 ~~ 좋습니다,단독주택 개조해서 분위기 있는 정원에 내집에 들어서는 것같은 친근함 TILDE 미쉐린 받은 밥구르망 이라 기대하며 청국장 먹었네요 EXCLAM 건강해지는 맛 TILDE 좋습니다,0,0,0,0,1,0,0,85,원
kakao,할머니의레시피,로즈마리,1.0,2026-04-17,,,첫방문. 주인같아 보이는 40대 남자 직원이 두명 좌석을 권해줬으나 좁아서 넓은 자리로 앉겠다고 했더니 다른 사람들도 다 그렇게 앉는다고 자기네는 10년 넘게 그렇게 해왔다고 하길래 그건좀 개선해야 할것같다고 했더니 그 방침은 바꿀 생각이 없다며 자기 기분 나쁘다고 주문도 안받음. 어이가 없었지만 기왕에 검색해서 멀리에서 찾아온 것이니 식사나 하고 가려고 알바에게 주문 했는데 주인같이 보이는 그 남자분이 다시와서 다른 식당으로 가라고 쫓아냈음. 세상 살다살다 이런 식당은 처음가봄. 내 인생 최악의 식당. 처음간 성수동의 이미지까지 나쁘게 버려놓는 식당임. 식사도 못하고 쫓겨나서 음식이 얼마나 맛있는지 모르겠으나 장사 이전에 서비스의 기본부터 갖추시길!,368,False,1.0,1.0,브론즈 레벨,첫방문. 주인같아 보이는 40대 남자 직원이 두명 좌석을 권해줬으나 좁아서 넓은 자리로 앉겠다고 했더니 다른 사람들도 다 그렇게 앉는다고 자기네는 10년 넘게 그렇게 해왔다고 하길래 그건좀 개선해야 할것같다고 했더니 그 방침은 바꿀 생각이 없다며 자기 기분 나쁘다고 주문도 안받음. 어이가 없었지만 기왕에 검색해서 멀리에서 찾아온 것이니 식사나 하고 가려고 알바에게 주문 했는데 주인같이 보이는 그 남자분이 다시와서 다른 식당으로 가라고 쫓아냈음. 세상 살다살다 이런 식당은 처음가봄. 내 인생 최악의 식당. 처음간 성수동의 이미지까지 나쁘게 버려놓는 식당임. 식사도 못하고 쫓겨나서 음식이 얼마나 맛있는지 모르겠으나 장사 이전에 서비스의 기본부터 갖추시길!,첫방문 주인같아 보이는 40대 남자 직원이 두명 좌석을 권해줬으나 좁아서 넓은 자리로 앉겠다고 했더니 다른 사람들도 다 그렇게 앉는다고 자기네는 10년 넘게 그렇게 해왔다고 하길래 그건좀 개선해야 할것같다고 했더니 그 방침은 바꿀 생각이 없다며 자기 기분 나쁘다고 주문도 안받음 어이가 없었지만 기왕에 검색해서 멀리에서 찾아온 것이니 식사나 하고 가려고 알바에게 주문 했는데 주인같이 보이는 그 남자분이 다시와서 다른 식당으로 가라고 쫓아냈음 세상 살다살다 이런 식당은 처음가봄 내 인생 최악의 식당 처음간 성수동의 이미지까지 나쁘게 버려놓는 식당임 식사도 못하고 쫓겨나서 음식이 얼마나 맛있는지 모르겠으나 장사 이전에 서비스의 기본부터 갖추시길 EXCLAM,0,0,0,0,1,0,1,368,원
naver,홍대 육지,보노보노6324,165.0,2026.04.04,1번째 방문,영수증,맛있어요!!!!!직원분들도 친절 하시고 진짜!!!최고의 맛집입니다~^^ 다음에 또방문 드릴께요~,53,True,,,,맛있어요!!!!!직원분들도 친절 하시고 진짜!!!최고의 맛집입니다~^^ 다음에 또방문 드릴께요~,맛있어요 EXCLAM 직원분들도 친절 하시고 진짜 EXCLAM 최고의 맛집입니다 다음에 또방문 드릴께요,0,0,0,0,1,0,0,53,원
naver,소문난성수감자탕,끄라사비찌,732.0,2026.01.08,1번째 방문,영수증,성수동 갈 때마다 먹고 싶었는데 웨이팅도 있고 날씨가 더웠던 여름에 방문을 해서 감자탕집은 처음 가보는데 오후 시간이라 웨이팅도 없고 들어가서 소자 주문해서 공기밥 하나 추가해. 둘이 먹으니 굉장히 배가 불렀는데 사이사이 볶음밥이나 사리 추가를 안 할 거냐고 자꾸 여러 명이서 물어봐서 계속 똑같은 대답을 했음. 손님 상 아래쪽으로 쓰레기통이 있어. 직원분들이 쓰레기통으로 쓰레기를 던져서 솔직히 기분이 좋지 않았음 오해하지말라고 쓰레기통이 있다고 그래서 버린 거라고 하지만 그럼 쓰레기통을 직원들 있는 쪽으로 하나 만들어 놓음 좋을 듯 손님이 밥을 먹고 있는데 쓰레기를 밑으로 집어 던지는 건 솔직히 굉장히 입맛을 떨어뜨리는 행동인 것 같음. 음식은 맛있었으나 그 점은 개선필요할듯..ㄱ,385,True,,,,성수동 갈 때마다 먹고 싶었는데 웨이팅도 있고 날씨가 더웠던 여름에 방문을 해서 감자탕집은 처음 가보는데 오후 시간이라 웨이팅도 없고 들어가서 소자 주문해서 공기밥 하나 추가해. 둘이 먹으니 굉장히 배가 불렀는데 사이사이 볶음밥이나 사리 추가를 안 할 거냐고 자꾸 여러 명이서 물어봐서 계속 똑같은 대답을 했음. 손님 상 아래쪽으로 쓰레기통이 있어. 직원분들이 쓰레기통으로 쓰레기를 던져서 솔직히 기분이 좋지 않았음 오해하지말라고 쓰레기통이 있다고 그래서 버린 거라고 하지만 그럼 쓰레기통을 직원들 있는 쪽으로 하나 만들어 놓음 좋을 듯 손님이 밥을 먹고 있는데 쓰레기를 밑으로 집어 던지는 건 솔직히 굉장히 입맛을 떨어뜨리는 행동인 것 같음. 음식은 맛있었으나 그 점은 개선필요할듯..ㄱ,성수동 갈 때마다 먹고 싶었는데 웨이팅도 있고 날씨가 더웠던 여름에 방문을 해서 감자탕집은 처음 가보는데 오후 시간이라 웨이팅도 없고 들어가서 소자 주문해서 공기밥 하나 추가해 둘이 먹으니 굉장히 배가 불렀는데 사이사이 볶음밥이나 사리 추가를 안 할 거냐고 자꾸 여러 명이서 물어봐서 계속 똑같은 대답을 했음 손님 상 아래쪽으로 쓰레기통이 있어 직원분들이 쓰레기통으로 쓰레기를 던져서 솔직히 기분이 좋지 않았음 오해하지말라고 쓰레기통이 있다고 그래서 버린 거라고 하지만 그럼 쓰레기통을 직원들 있는 쪽으로 하나 만들어 놓음 좋을 듯 손님이 밥을 먹고 있는데 쓰레기를 밑으로 집어 던지는 건 솔직히 굉장히 입맛을 떨어뜨리는 행동인 것 같음 음식은 맛있었으나 그 점은 개선필요할듯,0,0,0,0,0,0,0,385,원
kakao,보끔당 성수점,가물치 산티아고,56.0,2025-03-15,,,닭도리탕에 닭은 반줌이고 야채뿐 국물은 맵고짜고달고 조리료맛뿐 직원들이 친절하지만 그 뿐 후기는 온통 알바 평점 뿐,64,True,1.0,3.6,실버 레벨,닭도리탕에 닭은 반줌이고 야채뿐 국물은 맵고짜고달고 조리료맛뿐 직원들이 친절하지만 그 뿐 후기는 온통 알바 평점 뿐,닭도리탕에 닭은 반줌이고 야채뿐 국물은 맵고짜고달고 조리료맛뿐 직원들이 친절하지만 그 뿐 후기는 온통 알바 평점 뿐,0,0,0,0,0,0,0,64,원
naver,보끔당 성수점,ekt****,22.0,2026.03.16,1번째 방문,영수증,"가성비, 맛 다 좋아요 성수역에 숨어있어서 못봤었는데 완전 좋은 밥집 찾았어요",43,True,,,,"가성비, 맛 다 좋아요 성수역에 숨어있어서 못봤었는데 완전 좋은 밥집 찾았어요",가성비 맛 다 좋아요 성수역에 숨어있어서 못봤었는데 완전 좋은 밥집 찾았어요,0,0,0,0,0,0,0,43,가성비
naver,소문난성수감자탕,사파이어777,1400.0,2025.11.21,1번째 방문,영수증,외국인들도 줄서 있길래 들어 갔는데 뼈 모양은 특이하고 3대가 들어가 있었지만 줄설정도인가 했네요 식당이 들어가니 돼지고기 냄새가 너무 났어요 기본 12000원 모 15000원까지 재방문까지 하고 싶지는 않아요,117,True,,,,외국인들도 줄서 있길래 들어 갔는데 뼈 모양은 특이하고 3대가 들어가 있었지만 줄설정도인가 했네요 식당이 들어가니 돼지고기 냄새가 너무 났어요 기본 12000원 모 15000원까지 재방문까지 하고 싶지는 않아요,외국인들도 줄서 있길래 들어 갔는데 뼈 모양은 특이하고 3대가 들어가 있었지만 줄설정도인가 했네요 식당이 들어가니 돼지고기 냄새가 너무 났어요 기본 12000원 모 15000원까지 재방문까지 하고 싶지는 않아요,0,0,0,0,0,0,1,117,원
kakao,홍대 조선시대,향,1.0,2026-02-26,,,가격도 저렴하고 맛있어서 자주 이용하는 술집입니당,27,True,5.0,5.0,브론즈 레벨,가격도 저렴하고 맛있어서 자주 이용하는 술집입니당,가격도 저렴하고 맛있어서 자주 이용하는 술집입니당,0,0,0,0,0,0,0,27,"가격, 저렴"
kakao,쭌곱창,숨은 여행가,1.0,2025-05-03,,,홍대에서 이 정도 가격에 둘이서 곱창 푸짐하게 먹을 수 있는 곳이 얼마 없을 것 같네요.. 곱창이 당기는데 마땅히 먹을 곳이 없다면 강추입니다,79,True,5.0,5.0,브론즈 레벨,홍대에서 이 정도 가격에 둘이서 곱창 푸짐하게 먹을 수 있는 곳이 얼마 없을 것 같네요.. 곱창이 당기는데 마땅히 먹을 곳이 없다면 강추입니다,홍대에서 이 정도 가격에 둘이서 곱창 푸짐하게 먹을 수 있는 곳이 얼마 없을 것 같네요 곱창이 당기는데 마땅히 먹을 곳이 없다면 강추입니다,0,0,0,0,0,0,0,79,가격
naver,옥동식,감성 돼지,676.0,2025.05.28,1번째 방문,영수증,"평일 오픈11시 캐치테이블 2순위 입장 주택가 안쪽에 있어 웨이팅 민원이 상당한듯 곳곳에 안내문 특 17 , 김치만두4개 7천 주문 성인남자 기준 보통은 적을수 있다하여 특 주문 앏게 슬라이스 된 고기 약 15ㅡ20장 내외 찐 흑돼지 인증 고기와 함께 주는 된장소스인줄 알았지만 고추절임? 개인적으론 새우젓이 생각남 기본김치는 무난한 국물에 큰 영향 안끼침 김치만두는 패스해도 될듯 비비고 승 밥은 꼬들밥에 토렴방식x 최근들어 맑은 돼지 국밥류 많이 있는데 가성비는 안좋은듯 흑돼지 특유 비계의 꼬들함을 느끼기엔 굿 지나가다 줄 안선다면 재방문의사O 잘먹었읍니다",314,True,,,,"평일 오픈11시 캐치테이블 2순위 입장 주택가 안쪽에 있어 웨이팅 민원이 상당한듯 곳곳에 안내문 특 17 , 김치만두4개 7천 주문 성인남자 기준 보통은 적을수 있다하여 특 주문 앏게 슬라이스 된 고기 약 15ㅡ20장 내외 찐 흑돼지 인증 고기와 함께 주는 된장소스인줄 알았지만 고추절임? 개인적으론 새우젓이 생각남 기본김치는 무난한 국물에 큰 영향 안끼침 김치만두는 패스해도 될듯 비비고 승 밥은 꼬들밥에 토렴방식x 최근들어 맑은 돼지 국밥류 많이 있는데 가성비는 안좋은듯 흑돼지 특유 비계의 꼬들함을 느끼기엔 굿 지나가다 줄 안선다면 재방문의사O 잘먹었읍니다",평일 오픈11시 캐치테이블 2순위 입장 주택가 안쪽에 있어 웨이팅 민원이 상당한듯 곳곳에 안내문 특 17 김치만두4개 7천 주문 성인남자 기준 보통은 적을수 있다하여 특 주문 앏게 슬라이스 된 고기 약 15 20장 내외 찐 흑돼지 인증 고기와 함께 주는 된장소스인줄 알았지만 고추절임 QUESTION 개인적으론 새우젓이 생각남 기본김치는 무난한 국물에 큰 영향 안끼침 김치만두는 패스해도 될듯 비비고 승 밥은 꼬들밥에 토렴방식x 최근들어 맑은 돼지 국밥류 많이 있는데 가성비는 안좋은듯 흑돼지 특유 비계의 꼬들함을 느끼기엔 굿 지나가다 줄 안선다면 재방문의사O 잘먹었읍니다,0,0,0,0,0,1,1,314,"가성비, 원"
kakao,육산장 홍대본점,이종명,2.0,2025-04-19,,,분위기 좋아요!! 캠핑하러 멀리 안가도 되겠네요 ㅎㅎㅎ 직원분들도 친절!,40,True,5.0,3.0,브론즈 레벨,분위기 좋아요!! 캠핑하러 멀리 안가도 되겠네요 ㅎㅎㅎ 직원분들도 친절!,분위기 좋아요 EXCLAM 캠핑하러 멀리 안가도 되겠네요 직원분들도 친절 EXCLAM,0,0,0,0,1,0,0,40,원
kakao,훼미리손칼국수보쌈,1122,169.0,2025-12-29,,,항상 줄이 긴 성수동 맛집 훼미리손칼국수보쌈에 다녀왔습니다. 평일 점심은 오픈 시간인 11시반쯤에 이미 자리가 다 찹니다. 줄 안서시려면 11시 20분쯤에 가시면 될 것 같아요. 전 보쌈정식 시켜봤습니다. 보쌈 양이 적지 않은데 칼국수까지 나옵니다. 보쌈정식 가격이 15000원 으로 저렴하진 않지만 칼국수까지 나오는걸 고려하면 가성비가 나쁘지 않습니다. 칼국수를 줘서 그런지 밥 양이 적은 점은 아쉬웠네요. 보쌈은 야들야들하고 김치도 맛있었습니다. 오래 기다릴 정도의 맛집은 아니라고 생각하지만 한번쯤 가볼만한 식당입니다.,293,True,4.0,4.4,골드 레벨,항상 줄이 긴 성수동 맛집 훼미리손칼국수보쌈에 다녀왔습니다. 평일 점심은 오픈 시간인 11시반쯤에 이미 자리가 다 찹니다. 줄 안서시려면 11시 20분쯤에 가시면 될 것 같아요. 전 보쌈정식 시켜봤습니다. 보쌈 양이 적지 않은데 칼국수까지 나옵니다. 보쌈정식 가격이 15000원 으로 저렴하진 않지만 칼국수까지 나오는걸 고려하면 가성비가 나쁘지 않습니다. 칼국수를 줘서 그런지 밥 양이 적은 점은 아쉬웠네요. 보쌈은 야들야들하고 김치도 맛있었습니다. 오래 기다릴 정도의 맛집은 아니라고 생각하지만 한번쯤 가볼만한 식당입니다.,항상 줄이 긴 성수동 맛집 훼미리손칼국수보쌈에 다녀왔습니다 평일 점심은 오픈 시간인 11시반쯤에 이미 자리가 다 찹니다 줄 안서시려면 11시 20분쯤에 가시면 될 것 같아요 전 보쌈정식 시켜봤습니다 보쌈 양이 적지 않은데 칼국수까지 나옵니다 보쌈정식 가격이 15000원 으로 저렴하진 않지만 칼국수까지 나오는걸 고려하면 가성비가 나쁘지 않습니다 칼국수를 줘서 그런지 밥 양이 적은 점은 아쉬웠네요 보쌈은 야들야들하고 김치도 맛있었습니다 오래 기다릴 정도의 맛집은 아니라고 생각하지만 한번쯤 가볼만한 식당입니다,0,0,0,0,0,0,1,293,"가격, 가성비, 저렴, 원"
naver,홍대 육지,ksa****,28.0,2026.03.16,1번째 방문,영수증,저희는 단체로 방문했는데 너무 친절하게 응대해주셔서 더욱 좋은 시간을 보냈어요! 고기도 물론 너무 맛있었습니다:) (돈대갈비 깎두기볶음밥 된장찌개 강추!!) 오랜만에 너무 괜찮은 식당을 찾은 것 같아서 맛있게 먹고 기분 좋게 돌아갑니다! 다음에 또 방문할게요~~!!☺️,150,True,,,,저희는 단체로 방문했는데 너무 친절하게 응대해주셔서 더욱 좋은 시간을 보냈어요! 고기도 물론 너무 맛있었습니다:) (돈대갈비 깎두기볶음밥 된장찌개 강추!!) 오랜만에 너무 괜찮은 식당을 찾은 것 같아서 맛있게 먹고 기분 좋게 돌아갑니다! 다음에 또 방문할게요~~!!☺️,저희는 단체로 방문했는데 너무 친절하게 응대해주셔서 더욱 좋은 시간을 보냈어요 EXCLAM 고기도 물론 너무 맛있었습니다 돈대갈비 깎두기볶음밥 된장찌개 강추 EXCLAM 오랜만에 너무 괜찮은 식당을 찾은 것 같아서 맛있게 먹고 기분 좋게 돌아갑니다 EXCLAM 다음에 또 방문할게요 TILDE EXCLAM,0,0,0,0,1,0,0,150,돈
kakao,을밀대 본점,냠뇸,23.0,2025-08-01,,,옆방으로 들어가라고 알려주는데 거기 있는 50대? 여직원 🐶4가지 없음,39,True,1.0,3.5,실버 레벨,옆방으로 들어가라고 알려주는데 거기 있는 50대? 여직원 🐶4가지 없음,옆방으로 들어가라고 알려주는데 거기 있는 50대 QUESTION 여직원 4가지 없음,0,0,0,0,0,1,1,39,원
naver,마포양지설렁탕,2ㅇㅈㄴ,273.0,2025.05.29,1번째 방문,영수증,맛이 슴슴해요~ 비싸지만 고기질은 좋아요,22,True,,,,맛이 슴슴해요~ 비싸지만 고기질은 좋아요,맛이 슴슴해요 비싸지만 고기질은 좋아요,0,0,0,0,0,0,0,22,비싸
kakao,능동미나리 성수점,카페유목민,128.0,2025-03-12,,,맛은있는데 손님을 최대한 받으려고 좌석간 간격을 너무 좁게해놔서 무슨 피난민 수용소에서 밥먹는기분이었어요. 재방문은 안할듯 가격이 저렴한건아닌데 쫓기듯이밥먹어야함. 2층에서먹는거 진심 비추 ㅠ,107,True,3.0,3.5,골드 레벨,맛은있는데 손님을 최대한 받으려고 좌석간 간격을 너무 좁게해놔서 무슨 피난민 수용소에서 밥먹는기분이었어요. 재방문은 안할듯 가격이 저렴한건아닌데 쫓기듯이밥먹어야함. 2층에서먹는거 진심 비추 ㅠ,맛은있는데 손님을 최대한 받으려고 좌석간 간격을 너무 좁게해놔서 무슨 피난민 수용소에서 밥먹는기분이었어요 재방문은 안할듯 가격이 저렴한건아닌데 쫓기듯이밥먹어야함 2층에서먹는거 진심 비추,0,0,0,0,0,0,1,107,"가격, 저렴"
kakao,이태리국시 성수,하늬,1.0,2026-04-12,,,분위기도 좋고 직원분이 정말 친철하셨어요. 가격대비 음식도 퀄리티 좋고 맛있었습니다! 즉흥적으로 온거지만 만족했어요!,65,True,5.0,5.0,브론즈 레벨,분위기도 좋고 직원분이 정말 친철하셨어요. 가격대비 음식도 퀄리티 좋고 맛있었습니다! 즉흥적으로 온거지만 만족했어요!,분위기도 좋고 직원분이 정말 친철하셨어요 가격대비 음식도 퀄리티 좋고 맛있었습니다 EXCLAM 즉흥적으로 온거지만 만족했어요 EXCLAM,0,0,0,0,1,0,0,65,"가격, 원, 가격대"
kakao,육지,걸러야되는곳만리뷰,39.0,2025-08-02,,,2시간 기다려서 들어갔는데 그정도 맛은 절대네버 아님... 그냥 고기맛은 어느 고기집과 다름 없는데 반찬리필을 돈 받는거에 너무 충격받았음 ㅋㅋㅋㅋㅋㅋ사장님 수익모델을 잘못잡으신거같아요 30년살면서 마늘 리필받는데 천원 받는 고기집은 진심 첨봐요,137,True,1.0,2.8,실버 레벨,2시간 기다려서 들어갔는데 그정도 맛은 절대네버 아님... 그냥 고기맛은 어느 고기집과 다름 없는데 반찬리필을 돈 받는거에 너무 충격받았음 ㅋㅋㅋㅋㅋㅋ사장님 수익모델을 잘못잡으신거같아요 30년살면서 마늘 리필받는데 천원 받는 고기집은 진심 첨봐요,2시간 기다려서 들어갔는데 그정도 맛은 절대네버 아님 그냥 고기맛은 어느 고기집과 다름 없는데 반찬리필을 돈 받는거에 너무 충격받았음 사장님 수익모델을 잘못잡으신거같아요 30년살면서 마늘 리필받는데 천원 받는 고기집은 진심 첨봐요,0,0,0,0,0,0,1,137,"돈, 원"
kakao,육지,마승환,1.0,2025-10-02,,,정말 맛있고 직원분들이 친절하십니다. 자주 올 것 같습니다,32,True,5.0,5.0,브론즈 레벨,정말 맛있고 직원분들이 친절하십니다. 자주 올 것 같습니다,정말 맛있고 직원분들이 친절하십니다 자주 올 것 같습니다,0,0,0,0,0,0,0,32,원
naver,일등식당,하프문9,90.0,2026.01.11,1번째 방문,영수증,망원동의 귀한 맛집 일등식당 성시경님도 다녀가시고 자꾸 유명해지는게 안타까울 따름 ㅠㅠ 개인적으로 절반정도 먹은 후에 나머지 반은 살을 다 발라내고 후추 왕창 뿌려서 푹푹 퍼먹으면 최고 맛있어요,108,False,,,,망원동의 귀한 맛집 일등식당 성시경님도 다녀가시고 자꾸 유명해지는게 안타까울 따름 ㅠㅠ 개인적으로 절반정도 먹은 후에 나머지 반은 살을 다 발라내고 후추 왕창 뿌려서 푹푹 퍼먹으면 최고 맛있어요,망원동의 귀한 맛집 일등식당 성시경님도 다녀가시고 자꾸 유명해지는게 안타까울 따름 개인적으로 절반정도 먹은 후에 나머지 반은 살을 다 발라내고 후추 왕창 뿌려서 푹푹 퍼먹으면 최고 맛있어요,0,0,0,1,0,0,0,108,원
kakao,락희옥 마포본점,쿠롬,1.0,2025-05-16,,,보쌈 차돌 김치말이국수 다 너무 맛있어요! 안쪽까지 좌석도 넓고 시원하고 쾌적해요 저의 원픽은 보쌈이요👍🏻,59,False,5.0,5.0,브론즈 레벨,보쌈 차돌 김치말이국수 다 너무 맛있어요! 안쪽까지 좌석도 넓고 시원하고 쾌적해요 저의 원픽은 보쌈이요👍🏻,보쌈 차돌 김치말이국수 다 너무 맛있어요 EXCLAM 안쪽까지 좌석도 넓고 시원하고 쾌적해요 저의 원픽은 보쌈이요 EMO_POS,1,0,0,0,1,0,0,59,원
naver,금금 성수점,skw****,22.0,2026.04.02,1번째 방문,예약,메뉴도 담백하고 진짜 너무너무 맛있어요!!! 성수에서 이정도 가격에 퀄리티 진짜 미쳤어요… 다들 꼭 가세요! 재방문의사 100프로 입니다!!!,79,True,,,,메뉴도 담백하고 진짜 너무너무 맛있어요!!! 성수에서 이정도 가격에 퀄리티 진짜 미쳤어요… 다들 꼭 가세요! 재방문의사 100프로 입니다!!!,메뉴도 담백하고 진짜 너무너무 맛있어요 EXCLAM 성수에서 이정도 가격에 퀄리티 진짜 미쳤어요 다들 꼭 가세요 EXCLAM 재방문의사 100프로 입니다 EXCLAM,0,0,0,0,1,0,1,79,가격
naver,황금콩밭,Love Eat Play,1219.0,2025.04.30,1번째 방문,영수증,두부짜글이 먹었습니다. 두부조림하고 순두부 중간 스타일 이네요. 황금콩밭 메뉴 다 먹어보고 이웃집 &lt;밀밭정원&gt;에도 갈 예정입니다. 맛있게 잘 먹었습니다. 도서관 올 때 마다 먹으러 가면 좋을 듯 합니다. 종로에 이사와서 이렇게 맛있는 음식점을 지금까지 몰랐다는게 아쉽네요.,158,True,,,,두부짜글이 먹었습니다. 두부조림하고 순두부 중간 스타일 이네요. 황금콩밭 메뉴 다 먹어보고 이웃집 &lt;밀밭정원&gt;에도 갈 예정입니다. 맛있게 잘 먹었습니다. 도서관 올 때 마다 먹으러 가면 좋을 듯 합니다. 종로에 이사와서 이렇게 맛있는 음식점을 지금까지 몰랐다는게 아쉽네요.,두부짜글이 먹었습니다 두부조림하고 순두부 중간 스타일 이네요 황금콩밭 메뉴 다 먹어보고 이웃집 lt 밀밭정원 gt 에도 갈 예정입니다 맛있게 잘 먹었습니다 도서관 올 때 마다 먹으러 가면 좋을 듯 합니다 종로에 이사와서 이렇게 맛있는 음식점을 지금까지 몰랐다는게 아쉽네요,0,0,0,0,0,0,0,158,원
kakao,을밀대 본점,김상협,5.0,2025-04-28,,,거냉 시키면 얼음이 없는게 맞는데 물어보니 실수 하셨다네요.. 아마 옆 테이블과 주문이 혼동된것 같더라구요 여기까지는 그럴수 있습니다. 근데 그냥 먹으라는건 무슨 심보죠.? 사과도 없이 주는대로 먹으라는건 노포라고 해도 서비스 마인드가 기본이 안되있다고 보는게 맞는것 같습니다. 원래 좋아하던 평냉집이었는데 기분 확 상했네요 우레옥이나 필동은 친절한데 여기는 맛은 둘째치고 서비스가 실망스럽습니다.,222,True,1.0,1.0,브론즈 레벨,거냉 시키면 얼음이 없는게 맞는데 물어보니 실수 하셨다네요.. 아마 옆 테이블과 주문이 혼동된것 같더라구요 여기까지는 그럴수 있습니다. 근데 그냥 먹으라는건 무슨 심보죠.? 사과도 없이 주는대로 먹으라는건 노포라고 해도 서비스 마인드가 기본이 안되있다고 보는게 맞는것 같습니다. 원래 좋아하던 평냉집이었는데 기분 확 상했네요 우레옥이나 필동은 친절한데 여기는 맛은 둘째치고 서비스가 실망스럽습니다.,거냉 시키면 얼음이 없는게 맞는데 물어보니 실수 하셨다네요 아마 옆 테이블과 주문이 혼동된것 같더라구요 여기까지는 그럴수 있습니다 근데 그냥 먹으라는건 무슨 심보죠 QUESTION 사과도 없이 주는대로 먹으라는건 노포라고 해도 서비스 마인드가 기본이 안되있다고 보는게 맞는것 같습니다 원래 좋아하던 평냉집이었는데 기분 확 상했네요 우레옥이나 필동은 친절한데 여기는 맛은 둘째치고 서비스가 실망스럽습니다,0,0,0,0,0,1,0,222,원
kakao,옥동식 서교점,이원사,65.0,2025-09-16,,,•국밥: 3.5/5 점. 고기 질감이 좋습니다. 고기는 먹다가 느끼함이 올라옵니다. 다리살 붙은 지방 때문인듯. 지방에 털 제거는 가끔 안되어있어서 모근에 검은털이 낀 채로 먹어야 합니다. 그래서 같이먹는 고추지 양념장은 어느정도 어울립니다. 국물은 아주 깊지 않고 어느정도 풍미가 있습니다. 와! 다른 국밥집과 다르다! 할 정도로는 못 느꼈습니다. 이정도면 나쁘지 않은 국밥이다 정도 입니다. 다시 오게되면 지나가다 생각나면 먹을 정도지 찾아오려 할 것 같진 않습니다. •김치만두: 1/5 점. 풀무원얇은피 김치만두가 훨씬났습니다 진심 드라이하고 속이 기성만두 같습니다..만두 4알 나오고 1알에 1750원인데 퀄리티가 여기 온 경험을 하방으로 다 무너뜨릴정도로 안타깝습니다. 의심스러우면 사드시고 후기 달아주세요..,402,True,3.0,2.6,실버 레벨,•국밥: 3.5/5 점. 고기 질감이 좋습니다. 고기는 먹다가 느끼함이 올라옵니다. 다리살 붙은 지방 때문인듯. 지방에 털 제거는 가끔 안되어있어서 모근에 검은털이 낀 채로 먹어야 합니다. 그래서 같이먹는 고추지 양념장은 어느정도 어울립니다. 국물은 아주 깊지 않고 어느정도 풍미가 있습니다. 와! 다른 국밥집과 다르다! 할 정도로는 못 느꼈습니다. 이정도면 나쁘지 않은 국밥이다 정도 입니다. 다시 오게되면 지나가다 생각나면 먹을 정도지 찾아오려 할 것 같진 않습니다. •김치만두: 1/5 점. 풀무원얇은피 김치만두가 훨씬났습니다 진심 드라이하고 속이 기성만두 같습니다..만두 4알 나오고 1알에 1750원인데 퀄리티가 여기 온 경험을 하방으로 다 무너뜨릴정도로 안타깝습니다. 의심스러우면 사드시고 후기 달아주세요..,국밥 3 5 5 점 고기 질감이 좋습니다 고기는 먹다가 느끼함이 올라옵니다 다리살 붙은 지방 때문인듯 지방에 털 제거는 가끔 안되어있어서 모근에 검은털이 낀 채로 먹어야 합니다 그래서 같이먹는 고추지 양념장은 어느정도 어울립니다 국물은 아주 깊지 않고 어느정도 풍미가 있습니다 와 EXCLAM 다른 국밥집과 다르다 EXCLAM 할 정도로는 못 느꼈습니다 이정도면 나쁘지 않은 국밥이다 정도 입니다 다시 오게되면 지나가다 생각나면 먹을 정도지 찾아오려 할 것 같진 않습니다 김치만두 1 5 점 풀무원얇은피 김치만두가 훨씬났습니다 진심 드라이하고 속이 기성만두 같습니다 만두 4알 나오고 1알에 1750원인데 퀄리티가 여기 온 경험을 하방으로 다 무너뜨릴정도로 안타깝습니다 의심스러우면 사드시고 후기 달아주세요,0,0,0,0,1,0,1,402,원
kakao,육지,맛잘알,1.0,2025-07-19,,,"고기도 반찬도 너무 맛있고, 무엇보다 직원분이 너무 친절👍🏻",33,False,5.0,5.0,브론즈 레벨,"고기도 반찬도 너무 맛있고, 무엇보다 직원분이 너무 친절👍🏻",고기도 반찬도 너무 맛있고 무엇보다 직원분이 너무 친절 EMO_POS,1,0,0,0,0,0,0,33,원
naver,성수족발,LUNA1259,130.0,2026.02.05,1번째 방문,포장,"대 5만원에 구입했어요. 들어가니 바로 포장해주셔서 기다릴 필요 없었어요. 안에 큰 뼈가 많아서 겉보기는 많아보이지만, 먹어보면 3인분으로 적당합니다. 족발은 쫀득쫀득 맛있어요.",99,False,,,,"대 5만원에 구입했어요. 들어가니 바로 포장해주셔서 기다릴 필요 없었어요. 안에 큰 뼈가 많아서 겉보기는 많아보이지만, 먹어보면 3인분으로 적당합니다. 족발은 쫀득쫀득 맛있어요.",대 5만원에 구입했어요 들어가니 바로 포장해주셔서 기다릴 필요 없었어요 안에 큰 뼈가 많아서 겉보기는 많아보이지만 먹어보면 3인분으로 적당합니다 족발은 쫀득쫀득 맛있어요,0,0,0,0,0,0,1,99,원
naver,태양곱창 성수점,jena9,29.0,2026.02.01,1번째 방문,영수증,아이와 함께 방문했어요 우선 양이너무 많고 푸짐해요 매울까봐 걱정했던 아들이 먹을만 하네 하면서 맛있건 먹네요~직원들도 친절하고 맛도 만족합니다,80,True,,,,아이와 함께 방문했어요 우선 양이너무 많고 푸짐해요 매울까봐 걱정했던 아들이 먹을만 하네 하면서 맛있건 먹네요~직원들도 친절하고 맛도 만족합니다,아이와 함께 방문했어요 우선 양이너무 많고 푸짐해요 매울까봐 걱정했던 아들이 먹을만 하네 하면서 맛있건 먹네요 직원들도 친절하고 맛도 만족합니다,0,0,0,0,0,0,0,80,원
kakao,원조조박집 본관,•,1.0,2026-04-22,,,진짜 별점 한개도 한개가 최소라서 누른거임 처음 2인분 시켰을때 나온 고기도 뼈만 크고 별로였는데 그냥 먹음 그리고는 불판 바꾸려하는데 주방 바로 앞이였음에도 불구하고 불판 갈아달라고 여러번 불렀는데도 대답만 네네 하고는 갈아주지도 않고 진짜 겨우겨우 불판 갈았고 밥도 주문했는데 네 만 하고 가져다 주지 않아서 한 세번 말해서 겨우 받음 이 세번도 진짜 힘들게 말함 다 먹고 진짜 겨우 불러서 식혜달라해서 먹는데 화룡점정으로 식혜에서 머리카락 나옴 진짜 최악이었음 직원도 여러명이었고 내가 멀리 있었던 것도 아닌데 뭐 하나 시키기도 힘들고 진짜 부르다 진빠져서 나중엔 지쳐서 포기함 물도 더 달라고 하려고 부르다가 그냥 안마심,351,True,1.0,1.0,브론즈 레벨,진짜 별점 한개도 한개가 최소라서 누른거임 처음 2인분 시켰을때 나온 고기도 뼈만 크고 별로였는데 그냥 먹음 그리고는 불판 바꾸려하는데 주방 바로 앞이였음에도 불구하고 불판 갈아달라고 여러번 불렀는데도 대답만 네네 하고는 갈아주지도 않고 진짜 겨우겨우 불판 갈았고 밥도 주문했는데 네 만 하고 가져다 주지 않아서 한 세번 말해서 겨우 받음 이 세번도 진짜 힘들게 말함 다 먹고 진짜 겨우 불러서 식혜달라해서 먹는데 화룡점정으로 식혜에서 머리카락 나옴 진짜 최악이었음 직원도 여러명이었고 내가 멀리 있었던 것도 아닌데 뭐 하나 시키기도 힘들고 진짜 부르다 진빠져서 나중엔 지쳐서 포기함 물도 더 달라고 하려고 부르다가 그냥 안마심,진짜 별점 한개도 한개가 최소라서 누른거임 처음 2인분 시켰을때 나온 고기도 뼈만 크고 별로였는데 그냥 먹음 그리고는 불판 바꾸려하는데 주방 바로 앞이였음에도 불구하고 불판 갈아달라고 여러번 불렀는데도 대답만 네네 하고는 갈아주지도 않고 진짜 겨우겨우 불판 갈았고 밥도 주문했는데 네 만 하고 가져다 주지 않아서 한 세번 말해서 겨우 받음 이 세번도 진짜 힘들게 말함 다 먹고 진짜 겨우 불러서 식혜달라해서 먹는데 화룡점정으로 식혜에서 머리카락 나옴 진짜 최악이었음 직원도 여러명이었고 내가 멀리 있었던 것도 아닌데 뭐 하나 시키기도 힘들고 진짜 부르다 진빠져서 나중엔 지쳐서 포기함 물도 더 달라고 하려고 부르다가 그냥 안마심,0,0,0,0,0,0,1,351,원
kakao,육산장 홍대본점,맛집찾아삼만리,2.0,2025-06-14,,,홍대에서 이런 분위기 느끼며 고기먹을수있다니 좋아요 직원이 친절하고 고기가맛있어요,45,True,5.0,5.0,브론즈 레벨,홍대에서 이런 분위기 느끼며 고기먹을수있다니 좋아요 직원이 친절하고 고기가맛있어요,홍대에서 이런 분위기 느끼며 고기먹을수있다니 좋아요 직원이 친절하고 고기가맛있어요,0,0,0,0,0,0,0,45,원
naver,일등식당,혼자밥,186.0,2025.05.09,3번째 방문,예약,뼈해장국 요즘 가장 좋아하는 곳입니다. 가격도 착하고 감칠맛 높은 완성형 해장국입니다.,48,True,,,,뼈해장국 요즘 가장 좋아하는 곳입니다. 가격도 착하고 감칠맛 높은 완성형 해장국입니다.,뼈해장국 요즘 가장 좋아하는 곳입니다 가격도 착하고 감칠맛 높은 완성형 해장국입니다,0,0,0,0,0,0,0,48,"가격, 착하고"
kakao,성수족발,봄날,72.0,2025-10-25,,,"맛없음.. 야채, 채소 진짜 조금 들어있음 막국수도 없음.. 이름값으로 비싸기만 함",46,False,1.0,2.9,실버 레벨,"맛없음.. 야채, 채소 진짜 조금 들어있음 막국수도 없음.. 이름값으로 비싸기만 함",맛없음 야채 채소 진짜 조금 들어있음 막국수도 없음 이름값으로 비싸기만 함,0,0,0,0,0,0,0,46,"비싸, 값"
naver,뼈탄집 성수역점,noon,16.0,2026.03.19,1번째 방문,영수증,직장동료들과 성수나들이 맛집 직원친절하고 맛있어요,27,True,,,,직장동료들과 성수나들이 맛집 직원친절하고 맛있어요,직장동료들과 성수나들이 맛집 직원친절하고 맛있어요,0,0,0,0,0,0,0,27,원
naver,뼈탄집 성수역점,크리스탈16,11.0,2026.02.21,1번째 방문,영수증,"먼저 고기 질이 아주 좋아요 ! 직원분이 굽기 타이밍을 완벽하게 잡아줘서 태우지도 않고 딱 맛있게 익힌 상태로 먹을 수 있었어용 사이드 메뉴도 훌륭하네요👍 기본 반찬이 깔끔하고 하나하나 정성이 느껴졌고, 김치나 장아찌류가 고기랑 너무 잘 어울렸습니다 🥹👍",142,True,,,,"먼저 고기 질이 아주 좋아요 ! 직원분이 굽기 타이밍을 완벽하게 잡아줘서 태우지도 않고 딱 맛있게 익힌 상태로 먹을 수 있었어용 사이드 메뉴도 훌륭하네요👍 기본 반찬이 깔끔하고 하나하나 정성이 느껴졌고, 김치나 장아찌류가 고기랑 너무 잘 어울렸습니다 🥹👍",먼저 고기 질이 아주 좋아요 EXCLAM 직원분이 굽기 타이밍을 완벽하게 잡아줘서 태우지도 않고 딱 맛있게 익힌 상태로 먹을 수 있었어용 사이드 메뉴도 훌륭하네요 EMO_POS 기본 반찬이 깔끔하고 하나하나 정성이 느껴졌고 김치나 장아찌류가 고기랑 너무 잘 어울렸습니다 EMO_POS,1,0,0,0,1,0,0,142,원
naver,소문난성수감자탕,YHYOONEE,63.0,2025.11.23,1번째 방문,영수증,유명한 곳 드디어 방문해 봤어요. 무난하게 맛있었습니다. 주차가 기계식이라고 들어서 주변 다른 공영주차장에 주차했어요. 안쪽 테이블을 담당해 주셨던 직원분이 너무 친절하셔서 기분 좋게 식사할 수 있었습니다.,115,True,,,,유명한 곳 드디어 방문해 봤어요. 무난하게 맛있었습니다. 주차가 기계식이라고 들어서 주변 다른 공영주차장에 주차했어요. 안쪽 테이블을 담당해 주셨던 직원분이 너무 친절하셔서 기분 좋게 식사할 수 있었습니다.,유명한 곳 드디어 방문해 봤어요 무난하게 맛있었습니다 주차가 기계식이라고 들어서 주변 다른 공영주차장에 주차했어요 안쪽 테이블을 담당해 주셨던 직원분이 너무 친절하셔서 기분 좋게 식사할 수 있었습니다,0,0,0,0,0,0,0,115,원
kakao,육지,뚠이,1.0,2025-09-11,,,고기도 맛있고 분위기도 좋네요! 직원분이 친절하셔서 더 맛있게 먹었습니다.,41,False,5.0,5.0,브론즈 레벨,고기도 맛있고 분위기도 좋네요! 직원분이 친절하셔서 더 맛있게 먹었습니다.,고기도 맛있고 분위기도 좋네요 EXCLAM 직원분이 친절하셔서 더 맛있게 먹었습니다,0,0,0,0,1,0,0,41,원
kakao,이태리국시 성수,유하울,2.0,2026-04-03,,,일단 분위기도 너무 좋고 직원들 착하시고 음식 맛은 뭐 말할 것도 없습니다 너무 맛있습니다 번창하세요,56,True,5.0,5.0,브론즈 레벨,일단 분위기도 너무 좋고 직원들 착하시고 음식 맛은 뭐 말할 것도 없습니다 너무 맛있습니다 번창하세요,일단 분위기도 너무 좋고 직원들 착하시고 음식 맛은 뭐 말할 것도 없습니다 너무 맛있습니다 번창하세요,0,0,0,0,0,0,0,56,원
kakao,육산장 홍대본점,쥬리,1.0,2025-04-28,,,여기 리뷰 이벤튼지 뭔지 검수하는거같습니다 ㅋㅋ 일단 토요일에 방문했고 응대는 정말 불친절했어요 주문도 나오는데까지 오래걸리고 뭘 갖다달라하면 기본적으로 2~3번은 얘기해야 그제서야 갖다주고 식탁은 더럽고; 닦아도 닦아도 뭐가 끊임없이 묻어나오네요 가성비도 없고요 카카오맵에서도 리뷰가 좋아서 방문한건데 이정도되면 걍 리뷰 검수한다고밖에 생각이 안들어요ㅎ 돈아까웠습니다,206,True,1.0,1.0,브론즈 레벨,여기 리뷰 이벤튼지 뭔지 검수하는거같습니다 ㅋㅋ 일단 토요일에 방문했고 응대는 정말 불친절했어요 주문도 나오는데까지 오래걸리고 뭘 갖다달라하면 기본적으로 2~3번은 얘기해야 그제서야 갖다주고 식탁은 더럽고; 닦아도 닦아도 뭐가 끊임없이 묻어나오네요 가성비도 없고요 카카오맵에서도 리뷰가 좋아서 방문한건데 이정도되면 걍 리뷰 검수한다고밖에 생각이 안들어요ㅎ 돈아까웠습니다,여기 리뷰 이벤튼지 뭔지 검수하는거같습니다 일단 토요일에 방문했고 응대는 정말 불친절했어요 주문도 나오는데까지 오래걸리고 뭘 갖다달라하면 기본적으로 2 3번은 얘기해야 그제서야 갖다주고 식탁은 더럽고 닦아도 닦아도 뭐가 끊임없이 묻어나오네요 가성비도 없고요 카카오맵에서도 리뷰가 좋아서 방문한건데 이정도되면 걍 리뷰 검수한다고밖에 생각이 안들어요 돈아까웠습니다,0,0,0,0,0,0,1,206,"가성비, 돈"
kakao,소문난성수감자탕,ㅇㅅㅇ,31.0,2026-04-19,,,종업원이 매우 매우 불친절 하고 까칠해서 기분 좋게 놀러나와서 갔다가 기분잡칠수있음,46,False,1.0,4.2,실버 레벨,종업원이 매우 매우 불친절 하고 까칠해서 기분 좋게 놀러나와서 갔다가 기분잡칠수있음,종업원이 매우 매우 불친절 하고 까칠해서 기분 좋게 놀러나와서 갔다가 기분잡칠수있음,0,0,0,0,0,0,0,46,원
naver,홍대 육지,OtsuboYuka,3.0,2026.03.23,1번째 방문,영수증,예전부터 궁금했던 고깃집인데 처음으로 방문해봤습니다🩷 직원분들도 너무너무 친절하시고 고기 질도 너무 좋구 정말 맛있게 잘 먹었습니다ෆ ̫ ෆ 일본에서 여행 온 친구들도 너무 만족했답니당!! 또 방문할게용!! 감사합니다ദ്ദി ˃ ᵕ ˂ )💞 ̖́-,138,True,,,,예전부터 궁금했던 고깃집인데 처음으로 방문해봤습니다🩷 직원분들도 너무너무 친절하시고 고기 질도 너무 좋구 정말 맛있게 잘 먹었습니다ෆ ̫ ෆ 일본에서 여행 온 친구들도 너무 만족했답니당!! 또 방문할게용!! 감사합니다ദ്ദി ˃ ᵕ ˂ )💞 ̖́-,예전부터 궁금했던 고깃집인데 처음으로 방문해봤습니다 직원분들도 너무너무 친절하시고 고기 질도 너무 좋구 정말 맛있게 잘 먹었습니다 일본에서 여행 온 친구들도 너무 만족했답니당 EXCLAM 또 방문할게용 EXCLAM 감사합니다 EMO_POS,1,0,0,0,1,0,0,138,원
naver,육산장 홍대본점,26894,58.0,2026.04.17,1번째 방문,영수증,"고기 질이 신선하고 육즙이 살아 있어서 정말 맛있게 먹었습니다. 직원분들도 친절하게 응대해주셔서 기분 좋게 식사할 수 있었고, 매장도 깔끔해서 전체적으로 만족스러운 방문이었어요. 다음에 또 방문하고 싶은 고깃집입니다.",121,True,,,,"고기 질이 신선하고 육즙이 살아 있어서 정말 맛있게 먹었습니다. 직원분들도 친절하게 응대해주셔서 기분 좋게 식사할 수 있었고, 매장도 깔끔해서 전체적으로 만족스러운 방문이었어요. 다음에 또 방문하고 싶은 고깃집입니다.",고기 질이 신선하고 육즙이 살아 있어서 정말 맛있게 먹었습니다 직원분들도 친절하게 응대해주셔서 기분 좋게 식사할 수 있었고 매장도 깔끔해서 전체적으로 만족스러운 방문이었어요 다음에 또 방문하고 싶은 고깃집입니다,0,0,0,0,0,0,0,121,원
naver,보끔당 성수점,KimM13,20.0,2026.01.18,1번째 방문,영수증,꽈리찜닭 시켰는데 꽈리고추가 엄청 신선하고 맛있어요 닭볶음탕 점심 할인도 하고 있어서 주중에도 와보려구요 인테리어 깔끔하고 음식도 기대 이상이에요~ 김치가 있으면 더 좋을 것 같아요😉,102,True,,,,꽈리찜닭 시켰는데 꽈리고추가 엄청 신선하고 맛있어요 닭볶음탕 점심 할인도 하고 있어서 주중에도 와보려구요 인테리어 깔끔하고 음식도 기대 이상이에요~ 김치가 있으면 더 좋을 것 같아요😉,꽈리찜닭 시켰는데 꽈리고추가 엄청 신선하고 맛있어요 닭볶음탕 점심 할인도 하고 있어서 주중에도 와보려구요 인테리어 깔끔하고 음식도 기대 이상이에요 김치가 있으면 더 좋을 것 같아요,0,0,0,0,0,0,0,102,할인
naver,이태리국시 성수,안녕하세요9116,62.0,2026.04.04,1번째 방문,영수증,기념일이여서 방문했는데 예약하고 네이버 리뷰 봣을때는 특별한 맛은 아니라고 되어있어서 걱정했는데 대창 파스타 너무 맛있어서 놀랐어요 ㅎㅎ불맛 짱이에요 그리고 반계 리조도도 닭에 양념도 잘베어있고 저는 너무 맛있게 잘먹었어요 가격대는 좀 있지만 또 와보고싶어요 추천 합니다~!!,154,True,,,,기념일이여서 방문했는데 예약하고 네이버 리뷰 봣을때는 특별한 맛은 아니라고 되어있어서 걱정했는데 대창 파스타 너무 맛있어서 놀랐어요 ㅎㅎ불맛 짱이에요 그리고 반계 리조도도 닭에 양념도 잘베어있고 저는 너무 맛있게 잘먹었어요 가격대는 좀 있지만 또 와보고싶어요 추천 합니다~!!,기념일이여서 방문했는데 예약하고 네이버 리뷰 봣을때는 특별한 맛은 아니라고 되어있어서 걱정했는데 대창 파스타 너무 맛있어서 놀랐어요 불맛 짱이에요 그리고 반계 리조도도 닭에 양념도 잘베어있고 저는 너무 맛있게 잘먹었어요 가격대는 좀 있지만 또 와보고싶어요 추천 합니다 EXCLAM,0,0,0,0,1,0,0,154,"가격, 가격대"
kakao,뼈탄집 성수역점,최수연,1.0,2026-02-02,,,고기 맛이랑 밑반찬이 잘나와요! 직원분들도 좋고 후식 아이스크림도 굳,38,True,5.0,5.0,브론즈 레벨,고기 맛이랑 밑반찬이 잘나와요! 직원분들도 좋고 후식 아이스크림도 굳,고기 맛이랑 밑반찬이 잘나와요 EXCLAM 직원분들도 좋고 후식 아이스크림도 굳,0,0,0,0,1,0,0,38,원
naver,뼈탄집 성수역점,dreamk,7.0,2026.03.23,1번째 방문,영수증,성수 맛집 인정 👍 뼈삼겹 진짜 맛있어요. 고기 자체도 좋고 직원분들이 직접 구워주셔서 더 맛있게 먹을 수 있었어요. 반찬도 하나하나 다 잘 어울리고 특히 표고와사비랑 고추장아찌 조합 최고였습니다. 된장찌개도 고기 듬뿍 들어가 있어서 만족스러웠어요. 매장 깔끔하고 친절해서 재방문 의사 있습니다!,165,True,,,,성수 맛집 인정 👍 뼈삼겹 진짜 맛있어요. 고기 자체도 좋고 직원분들이 직접 구워주셔서 더 맛있게 먹을 수 있었어요. 반찬도 하나하나 다 잘 어울리고 특히 표고와사비랑 고추장아찌 조합 최고였습니다. 된장찌개도 고기 듬뿍 들어가 있어서 만족스러웠어요. 매장 깔끔하고 친절해서 재방문 의사 있습니다!,성수 맛집 인정 EMO_POS 뼈삼겹 진짜 맛있어요 고기 자체도 좋고 직원분들이 직접 구워주셔서 더 맛있게 먹을 수 있었어요 반찬도 하나하나 다 잘 어울리고 특히 표고와사비랑 고추장아찌 조합 최고였습니다 된장찌개도 고기 듬뿍 들어가 있어서 만족스러웠어요 매장 깔끔하고 친절해서 재방문 의사 있습니다 EXCLAM,1,0,0,0,1,0,0,165,원
naver,옥동식,라라랜드4397,556.0,2025.12.10,1번째 방문,영수증,흑백2가 방영되기 전에 무조건 먼저 먹어본다는 마음으로 웨이팅.. 원래도 유명한 곳이라 들었는데 평일 저녁임에도 웨이팅이 길었어요🥹 추운 겨울날 기다리다 먹어서인지 돼지국밥 먹고 몸보신하는 기분이었네요😊 맛도 깔끔하고 정갈한 김치도 국밥이랑 잘 어울려요! 토렴식 국밥은 처음인데 맛있게 잘먹었습니다💛,167,True,,,,흑백2가 방영되기 전에 무조건 먼저 먹어본다는 마음으로 웨이팅.. 원래도 유명한 곳이라 들었는데 평일 저녁임에도 웨이팅이 길었어요🥹 추운 겨울날 기다리다 먹어서인지 돼지국밥 먹고 몸보신하는 기분이었네요😊 맛도 깔끔하고 정갈한 김치도 국밥이랑 잘 어울려요! 토렴식 국밥은 처음인데 맛있게 잘먹었습니다💛,흑백2가 방영되기 전에 무조건 먼저 먹어본다는 마음으로 웨이팅 원래도 유명한 곳이라 들었는데 평일 저녁임에도 웨이팅이 길었어요 추운 겨울날 기다리다 먹어서인지 돼지국밥 먹고 몸보신하는 기분이었네요 EMO_POS 맛도 깔끔하고 정갈한 김치도 국밥이랑 잘 어울려요 EXCLAM 토렴식 국밥은 처음인데 맛있게 잘먹었습니다 EMO_POS,1,0,0,0,1,0,1,167,원
kakao,일등식당,YEE,48.0,2026-03-04,,,우거지해장국스타일 많은 우거지 많은 뼈다구 저렴한 가격 맛좋은 국물과 고기 5점이 아닐 수 있을 수가 없는 것이다,63,False,5.0,3.9,실버 레벨,우거지해장국스타일 많은 우거지 많은 뼈다구 저렴한 가격 맛좋은 국물과 고기 5점이 아닐 수 있을 수가 없는 것이다,우거지해장국스타일 많은 우거지 많은 뼈다구 저렴한 가격 맛좋은 국물과 고기 5점이 아닐 수 있을 수가 없는 것이다,0,0,0,0,0,0,1,63,"가격, 저렴"
naver,을밀대 평양냉면,내일은41,269.0,2025.10.02,8번째 방문,예약,흑흑 너무맛있어 🥹🥹 감동의 눈물이 절로나옴 너무 맛잇어서 오줌도 싸기 아깝다!!!!🐷🐷,49,True,,,,흑흑 너무맛있어 🥹🥹 감동의 눈물이 절로나옴 너무 맛잇어서 오줌도 싸기 아깝다!!!!🐷🐷,흑흑 너무맛있어 감동의 눈물이 절로나옴 너무 맛잇어서 오줌도 싸기 아깝다 EXCLAM,0,0,0,0,1,0,0,49,아깝
naver,뼈탄집 성수역점,황혜진7342,45.0,2026.04.09,2번째 방문,영수증,"성수역 근처 뼈탄집 성수역점 다녀왔어요! 퇴근하고 가서 살짝 웨이팅 있었는데 금방 들어갔고, 매장 분위기는 활기차고 편하게 술 한잔하기 좋은 느낌이었어요. 뼈구이 주문했는데 불향이 은은하게 나고 고기도 부드럽게 잘 발라져서 생각보다 훨씬 맛있었어요. 양념도 과하지 않아서 질리지 않고 계속 먹게 되더라고요. 직원분들도 친절했고 전반적으로 편하게 잘 먹고 나온 곳입니다. 성수에서 고기 먹고 싶을 때 한 번쯤 가볼만한 집이에요!",238,True,,,,"성수역 근처 뼈탄집 성수역점 다녀왔어요! 퇴근하고 가서 살짝 웨이팅 있었는데 금방 들어갔고, 매장 분위기는 활기차고 편하게 술 한잔하기 좋은 느낌이었어요. 뼈구이 주문했는데 불향이 은은하게 나고 고기도 부드럽게 잘 발라져서 생각보다 훨씬 맛있었어요. 양념도 과하지 않아서 질리지 않고 계속 먹게 되더라고요. 직원분들도 친절했고 전반적으로 편하게 잘 먹고 나온 곳입니다. 성수에서 고기 먹고 싶을 때 한 번쯤 가볼만한 집이에요!",성수역 근처 뼈탄집 성수역점 다녀왔어요 EXCLAM 퇴근하고 가서 살짝 웨이팅 있었는데 금방 들어갔고 매장 분위기는 활기차고 편하게 술 한잔하기 좋은 느낌이었어요 뼈구이 주문했는데 불향이 은은하게 나고 고기도 부드럽게 잘 발라져서 생각보다 훨씬 맛있었어요 양념도 과하지 않아서 질리지 않고 계속 먹게 되더라고요 직원분들도 친절했고 전반적으로 편하게 잘 먹고 나온 곳입니다 성수에서 고기 먹고 싶을 때 한 번쯤 가볼만한 집이에요 EXCLAM,0,0,0,0,1,0,0,238,원
naver,각시보쌈,블루3838,604.0,2025.09.05,2번째 방문,영수증,오랜만에 방문했는데 여전히 맛있네요 양도 많고 가성비 독보적이라고 생각해요 그런데 화장실 앞쪽의 테이블이 너무 너무 더워서 40분만에 나왔어요 더운 여름엔 에어컨 한대 더 가동해야 될듯합니다,106,True,,,,오랜만에 방문했는데 여전히 맛있네요 양도 많고 가성비 독보적이라고 생각해요 그런데 화장실 앞쪽의 테이블이 너무 너무 더워서 40분만에 나왔어요 더운 여름엔 에어컨 한대 더 가동해야 될듯합니다,오랜만에 방문했는데 여전히 맛있네요 양도 많고 가성비 독보적이라고 생각해요 그런데 화장실 앞쪽의 테이블이 너무 너무 더워서 40분만에 나왔어요 더운 여름엔 에어컨 한대 더 가동해야 될듯합니다,0,0,0,0,0,0,1,106,가성비
naver,뼈탄집 성수역점,H홍블리,239.0,2026.02.09,1번째 방문,영수증,"한번 방문하고 반한 삼겹살집!! 숙성삼겹살이라 그런지 육즙 가득하고 너무너무 맛있어요 ㅠㅠ 남편하고 둘이서 먹었는데 여기 또 오자고 했어요 직원분이 고기 맛있게 구워주셔서 먹기만 하면 됩니다 백김치, 고추절임, 명이나물 장아찌 등 곁들여서 먹는 반찬들이 잘 나와요 성수 삼겹살 맛집으로 강추!!",164,True,,,,"한번 방문하고 반한 삼겹살집!! 숙성삼겹살이라 그런지 육즙 가득하고 너무너무 맛있어요 ㅠㅠ 남편하고 둘이서 먹었는데 여기 또 오자고 했어요 직원분이 고기 맛있게 구워주셔서 먹기만 하면 됩니다 백김치, 고추절임, 명이나물 장아찌 등 곁들여서 먹는 반찬들이 잘 나와요 성수 삼겹살 맛집으로 강추!!",한번 방문하고 반한 삼겹살집 EXCLAM 숙성삼겹살이라 그런지 육즙 가득하고 너무너무 맛있어요 남편하고 둘이서 먹었는데 여기 또 오자고 했어요 직원분이 고기 맛있게 구워주셔서 먹기만 하면 됩니다 백김치 고추절임 명이나물 장아찌 등 곁들여서 먹는 반찬들이 잘 나와요 성수 삼겹살 맛집으로 강추 EXCLAM,0,0,0,1,1,0,0,164,원
kakao,능동미나리 성수점,🩵,94.0,2025-04-14,,,무난해요 근데 넘비쌈 ㅠ,13,True,3.0,3.9,실버 레벨,무난해요 근데 넘비쌈 ㅠ,무난해요 근데 넘비쌈,0,0,0,0,0,0,0,13,비쌈
naver,육산장 홍대본점,lee****,33.0,2025.12.19,1번째 방문,영수증,홍대에서 캠핑 감성 가득 한 끼 먹을 수 있는 곳이에요! 🏮 내부 자리와 외부 자리로 나뉘어 있는데 외부도 히터와 비닐문으로 되어 있어서 따뜻하게 즐길 수 있어요 🔥 고기도 완전 맛있고 옥수수까지 주다니 너무 가성비 아닌가요!!🥩🥩 매장도 넓어서 모임 하기도 좋은 홍대 맛집 육산장 추천드려요 🫶,165,True,,,,홍대에서 캠핑 감성 가득 한 끼 먹을 수 있는 곳이에요! 🏮 내부 자리와 외부 자리로 나뉘어 있는데 외부도 히터와 비닐문으로 되어 있어서 따뜻하게 즐길 수 있어요 🔥 고기도 완전 맛있고 옥수수까지 주다니 너무 가성비 아닌가요!!🥩🥩 매장도 넓어서 모임 하기도 좋은 홍대 맛집 육산장 추천드려요 🫶,홍대에서 캠핑 감성 가득 한 끼 먹을 수 있는 곳이에요 EXCLAM 내부 자리와 외부 자리로 나뉘어 있는데 외부도 히터와 비닐문으로 되어 있어서 따뜻하게 즐길 수 있어요 EMO_POS 고기도 완전 맛있고 옥수수까지 주다니 너무 가성비 아닌가요 EXCLAM 매장도 넓어서 모임 하기도 좋은 홍대 맛집 육산장 추천드려요,1,0,0,0,1,0,0,165,가성비
naver,능동미나리 성수지점,네플상,494.0,2025.09.24,1번째 방문,영수증,"성수에 새로 생긴 능동미나리 성수지점 다녀왔어요 😊 신선한 미나리를 메인으로 한 다양한 메뉴가 준비되어 있는데, 향긋하고 아삭한 식감이 정말 매력적이었어요. 특히 미나리 삼겹살은 고기와 미나리의 조합이 의외로 너무 잘 어울려서 깜짝 놀랐답니다. 느끼함을 잡아주면서 상큼하게 마무리되는 맛이 인상적이었어요. 매장도 깔끔하고 직원분들이 친절해서 기분 좋게 식사할 수 있었습니다. 성수에서 건강하고 맛있는 한 끼 찾으신다면 능동미나리 성수지점 꼭 추천드려요 🌿✨",255,True,,,,"성수에 새로 생긴 능동미나리 성수지점 다녀왔어요 😊 신선한 미나리를 메인으로 한 다양한 메뉴가 준비되어 있는데, 향긋하고 아삭한 식감이 정말 매력적이었어요. 특히 미나리 삼겹살은 고기와 미나리의 조합이 의외로 너무 잘 어울려서 깜짝 놀랐답니다. 느끼함을 잡아주면서 상큼하게 마무리되는 맛이 인상적이었어요. 매장도 깔끔하고 직원분들이 친절해서 기분 좋게 식사할 수 있었습니다. 성수에서 건강하고 맛있는 한 끼 찾으신다면 능동미나리 성수지점 꼭 추천드려요 🌿✨",성수에 새로 생긴 능동미나리 성수지점 다녀왔어요 EMO_POS 신선한 미나리를 메인으로 한 다양한 메뉴가 준비되어 있는데 향긋하고 아삭한 식감이 정말 매력적이었어요 특히 미나리 삼겹살은 고기와 미나리의 조합이 의외로 너무 잘 어울려서 깜짝 놀랐답니다 느끼함을 잡아주면서 상큼하게 마무리되는 맛이 인상적이었어요 매장도 깔끔하고 직원분들이 친절해서 기분 좋게 식사할 수 있었습니다 성수에서 건강하고 맛있는 한 끼 찾으신다면 능동미나리 성수지점 꼭 추천드려요 EMO_POS,1,0,0,0,0,0,0,255,원
naver,금금 성수점,knnng,24.0,2026.04.25,1번째 방문,영수증,원래 금금 좋아하능데 성수 왔다가 있어서 바로 먹으로 왔어요! 금금은 어디 지점이나 다 맛있어요!,54,True,,,,원래 금금 좋아하능데 성수 왔다가 있어서 바로 먹으로 왔어요! 금금은 어디 지점이나 다 맛있어요!,원래 금금 좋아하능데 성수 왔다가 있어서 바로 먹으로 왔어요 EXCLAM 금금은 어디 지점이나 다 맛있어요 EXCLAM,0,0,0,0,1,0,0,54,원
kakao,태양곱창 성수,먹정,15.0,2025-04-08,,,가성비갑!!! 국물이 텁텁하긴 하지만 맛있음!! 굿,28,False,5.0,5.0,실버 레벨,가성비갑!!! 국물이 텁텁하긴 하지만 맛있음!! 굿,가성비갑 EXCLAM 국물이 텁텁하긴 하지만 맛있음 EXCLAM 굿,0,0,0,0,1,0,0,28,가성비
kakao,홍대 조선시대,고수바질딜레몬그라스미나리쑥갓달래,273.0,2026-02-22,,,"리뷰 이벤트 있습니다. 네이버 영수증 리뷰 필수, 카카오맵이나 구글맵 중 하나 리뷰 올리면 감자전 서비스라고 하니 참여해서 꼭 받아가세요. 꾀돌이 맛집입니다. 1, 2차로 이미 배가 부르다, 나는 술만 있으면 된다 하시는 분들께 추천드립니다. 직원 몇몇 분들 덕에 입장부터 기분이 좋지 않았습니다. 후문으로 들어온 손님 보이면 정문 카운터로 가시라고 안내 좀 빠르게 부탁드립니다. 휴대폰 보느라 오는 손님 무시하지 말아주세요.",238,False,1.0,3.4,골드 레벨,"리뷰 이벤트 있습니다. 네이버 영수증 리뷰 필수, 카카오맵이나 구글맵 중 하나 리뷰 올리면 감자전 서비스라고 하니 참여해서 꼭 받아가세요. 꾀돌이 맛집입니다. 1, 2차로 이미 배가 부르다, 나는 술만 있으면 된다 하시는 분들께 추천드립니다. 직원 몇몇 분들 덕에 입장부터 기분이 좋지 않았습니다. 후문으로 들어온 손님 보이면 정문 카운터로 가시라고 안내 좀 빠르게 부탁드립니다. 휴대폰 보느라 오는 손님 무시하지 말아주세요.",리뷰 이벤트 있습니다 네이버 영수증 리뷰 필수 카카오맵이나 구글맵 중 하나 리뷰 올리면 감자전 서비스라고 하니 참여해서 꼭 받아가세요 꾀돌이 맛집입니다 1 2차로 이미 배가 부르다 나는 술만 있으면 된다 하시는 분들께 추천드립니다 직원 몇몇 분들 덕에 입장부터 기분이 좋지 않았습니다 후문으로 들어온 손님 보이면 정문 카운터로 가시라고 안내 좀 빠르게 부탁드립니다 휴대폰 보느라 오는 손님 무시하지 말아주세요,0,0,0,0,0,0,1,238,원
naver,할머니의 레시피,97****,479.0,2025.09.16,2번째 방문,영수증,쌈밥정식은 처음인 것 같은데 맛 괜찮아요. 젓갈은 원래도 잘 안 먹긴 한데 제육이 양념이라 굳이 구성에 필요한지 모르겠네요. 점심특선 제공 안 되는 중이라 하니 참고하세요,95,True,,,,쌈밥정식은 처음인 것 같은데 맛 괜찮아요. 젓갈은 원래도 잘 안 먹긴 한데 제육이 양념이라 굳이 구성에 필요한지 모르겠네요. 점심특선 제공 안 되는 중이라 하니 참고하세요,쌈밥정식은 처음인 것 같은데 맛 괜찮아요 젓갈은 원래도 잘 안 먹긴 한데 제육이 양념이라 굳이 구성에 필요한지 모르겠네요 점심특선 제공 안 되는 중이라 하니 참고하세요,0,0,0,0,0,0,0,95,원
naver,일등식당,Endngs,340.0,2025.09.20,2번째 방문,영수증,뼈해장국 명품 맛집 30년전통 망원동 일등식당 여긴 정말 최고에요,36,True,,,,뼈해장국 명품 맛집 30년전통 망원동 일등식당 여긴 정말 최고에요,뼈해장국 명품 맛집 30년전통 망원동 일등식당 여긴 정말 최고에요,0,0,0,0,0,0,1,36,원
kakao,마포양지설렁탕 도화점,이혜진,1.0,2025-08-11,,,육수에 신경좀 써주시길 바랍니다 이거 뭐지 하는 생각이 먼저들었습니다. 여기서 많이 먹어봤늠데..처음 보는 비쥬얼 오믈은 돈이 아깝다는 생각이 먼저드네요,85,True,3.0,3.0,브론즈 레벨,육수에 신경좀 써주시길 바랍니다 이거 뭐지 하는 생각이 먼저들었습니다. 여기서 많이 먹어봤늠데..처음 보는 비쥬얼 오믈은 돈이 아깝다는 생각이 먼저드네요,육수에 신경좀 써주시길 바랍니다 이거 뭐지 하는 생각이 먼저들었습니다 여기서 많이 먹어봤늠데 처음 보는 비쥬얼 오믈은 돈이 아깝다는 생각이 먼저드네요,0,0,0,0,0,0,0,85,"돈, 아깝"
naver,소문난성수감자탕,pin****,1132.0,2026.03.19,2번째 방문,영수증,포장이 언제 또 이렇게 가격이 올랏지요?^^ 양은 푸짐한거 같긴한데 포장이 더 비싸고 김치도 그냥 봉지애 싸주기 때문에 대중교통은 ㅋㅋ좀 냄새나요 아들이 좋아해서 가끔 포장하긴 하는데 가격에 좀 멈칫 햿내요,115,True,,,,포장이 언제 또 이렇게 가격이 올랏지요?^^ 양은 푸짐한거 같긴한데 포장이 더 비싸고 김치도 그냥 봉지애 싸주기 때문에 대중교통은 ㅋㅋ좀 냄새나요 아들이 좋아해서 가끔 포장하긴 하는데 가격에 좀 멈칫 햿내요,포장이 언제 또 이렇게 가격이 올랏지요 QUESTION 양은 푸짐한거 같긴한데 포장이 더 비싸고 김치도 그냥 봉지애 싸주기 때문에 대중교통은 좀 냄새나요 아들이 좋아해서 가끔 포장하긴 하는데 가격에 좀 멈칫 햿내요,0,0,0,0,0,1,0,115,"가격, 비싸"
kakao,이태리국시 성수,쵬지,2.0,2026-04-04,,,숯불대창파스타와 청양차돌오일파스타 먹었는데 얼큰하고 깔금해서 조합이 좋았어요!! 직원분들도 친절하시고 분위기도 좋아서 즐거운 식사했습니다😁,77,True,5.0,5.0,브론즈 레벨,숯불대창파스타와 청양차돌오일파스타 먹었는데 얼큰하고 깔금해서 조합이 좋았어요!! 직원분들도 친절하시고 분위기도 좋아서 즐거운 식사했습니다😁,숯불대창파스타와 청양차돌오일파스타 먹었는데 얼큰하고 깔금해서 조합이 좋았어요 EXCLAM 직원분들도 친절하시고 분위기도 좋아서 즐거운 식사했습니다 EMO_POS,1,0,0,0,1,0,0,77,원
kakao,홍대 조선시대,김현성,1.0,2026-04-06,,,서비스랑 해서 직원 분들도 친절 하셔서 기쁘게 마신거 같습니다 막걸리도 좋고 소주도 좋고!,50,True,5.0,5.0,브론즈 레벨,서비스랑 해서 직원 분들도 친절 하셔서 기쁘게 마신거 같습니다 막걸리도 좋고 소주도 좋고!,서비스랑 해서 직원 분들도 친절 하셔서 기쁘게 마신거 같습니다 막걸리도 좋고 소주도 좋고 EXCLAM,0,0,0,0,1,0,0,50,원
naver,락희옥 마포본점,parkhyerin1,2.0,2025.12.20,1번째 방문,영수증,오랜만에 왔는데 너무 친절하시고 음식 맛있게 먹다가요! 특히 컷트머리 하신 직원분 너무너무 친절하셔서 기분 좋게 식사했습니당 :),72,False,,,,오랜만에 왔는데 너무 친절하시고 음식 맛있게 먹다가요! 특히 컷트머리 하신 직원분 너무너무 친절하셔서 기분 좋게 식사했습니당 :),오랜만에 왔는데 너무 친절하시고 음식 맛있게 먹다가요 EXCLAM 특히 컷트머리 하신 직원분 너무너무 친절하셔서 기분 좋게 식사했습니당,0,0,0,0,1,0,0,72,원
kakao,장인닭갈비 홍대점,동글동글도비,9.0,2025-04-08,,,"보러색 헤어 하신 외국인 여직원분 굉장히 친절 하셨습니다 중간맛도 매울 수 있다고 설명도 해주시고 계속 웃으면서 응대해주셔서 좋았습니다 먹는 중간중간 주위 테이블 외국인분들이 계속 반도 못 먹고 나가시길래 보니 남자 직원분이 되게 건성건성 응대하시고 기본맛으로 주셔서 매워서 못드시고 나가시더라구요 안내멘트도 없고 불러도 안오셔서 저희 테이블이 설명해드렸어요 뭐 이런것도 바빠서 그럴 수 있지, 직원분이 영어를 잘 못하시나보다 하고 넘어 갈 수 있는데 저희 테이블이 볶음밥 시키고 15분이 넘게 안나와서 부르니까 ""이제 나와요"" 하고 주문 넣으러 가신것도 봤어요 근데 주문도 잘못 넣으셔서 재주문 했습니다 이런 상황이면 직원응대가 미흡했다던지 매장이 너무 바빠서 깜빡했다던지 말을 하면서 죄송하다는 사과가 있어야하는데 그냥 새로 가져온거 볶으시면서 ""죄송해요~"" 이러고 가셔서 기분이 좀 많이 나빴네요 웨이팅도 많고 방문객도 많습니다 맛도 괜찮았고 양도 괜찮았습니다 하지만 직원응대가 너무 별로라서 그 장점을 다 깎아 먹는다고 생각하시면 됩니다",528,False,1.0,3.9,실버 레벨,"보러색 헤어 하신 외국인 여직원분 굉장히 친절 하셨습니다 중간맛도 매울 수 있다고 설명도 해주시고 계속 웃으면서 응대해주셔서 좋았습니다 먹는 중간중간 주위 테이블 외국인분들이 계속 반도 못 먹고 나가시길래 보니 남자 직원분이 되게 건성건성 응대하시고 기본맛으로 주셔서 매워서 못드시고 나가시더라구요 안내멘트도 없고 불러도 안오셔서 저희 테이블이 설명해드렸어요 뭐 이런것도 바빠서 그럴 수 있지, 직원분이 영어를 잘 못하시나보다 하고 넘어 갈 수 있는데 저희 테이블이 볶음밥 시키고 15분이 넘게 안나와서 부르니까 ""이제 나와요"" 하고 주문 넣으러 가신것도 봤어요 근데 주문도 잘못 넣으셔서 재주문 했습니다 이런 상황이면 직원응대가 미흡했다던지 매장이 너무 바빠서 깜빡했다던지 말을 하면서 죄송하다는 사과가 있어야하는데 그냥 새로 가져온거 볶으시면서 ""죄송해요~"" 이러고 가셔서 기분이 좀 많이 나빴네요 웨이팅도 많고 방문객도 많습니다 맛도 괜찮았고 양도 괜찮았습니다 하지만 직원응대가 너무 별로라서 그 장점을 다 깎아 먹는다고 생각하시면 됩니다",보러색 헤어 하신 외국인 여직원분 굉장히 친절 하셨습니다 중간맛도 매울 수 있다고 설명도 해주시고 계속 웃으면서 응대해주셔서 좋았습니다 먹는 중간중간 주위 테이블 외국인분들이 계속 반도 못 먹고 나가시길래 보니 남자 직원분이 되게 건성건성 응대하시고 기본맛으로 주셔서 매워서 못드시고 나가시더라구요 안내멘트도 없고 불러도 안오셔서 저희 테이블이 설명해드렸어요 뭐 이런것도 바빠서 그럴 수 있지 직원분이 영어를 잘 못하시나보다 하고 넘어 갈 수 있는데 저희 테이블이 볶음밥 시키고 15분이 넘게 안나와서 부르니까 이제 나와요 하고 주문 넣으러 가신것도 봤어요 근데 주문도 잘못 넣으셔서 재주문 했습니다 이런 상황이면 직원응대가 미흡했다던지 매장이 너무 바빠서 깜빡했다던지 말을 하면서 죄송하다는 사과가 있어야하는데 그냥 새로 가져온거 볶으시면서 죄송해요 이러고 가셔서 기분이 좀 많이 나빴네요 웨이팅도 많고 방문객도 많습니다 맛도 괜찮았고 양도 괜찮았습니다 하지만 직원응대가 너무 별로라서 그 장점을 다 깎아 먹는다고 생각하시면 됩니다,0,0,0,0,0,0,1,528,원
naver,장인닭갈비 홍대점,이다영2753,24.0,2026.04.14,2번째 방문,영수증,"홍대에서 장인닭갈비 안 가보신 분 있나요 너무 맛있고… 음식도 빨리 나오는 편이예요! 직원 분들도 친절 하시고, 회전률 나름 빠릅니다!! 중간맛 먹었는데 좀 맵긴 했어요!",95,True,,,,"홍대에서 장인닭갈비 안 가보신 분 있나요 너무 맛있고… 음식도 빨리 나오는 편이예요! 직원 분들도 친절 하시고, 회전률 나름 빠릅니다!! 중간맛 먹었는데 좀 맵긴 했어요!",홍대에서 장인닭갈비 안 가보신 분 있나요 너무 맛있고 음식도 빨리 나오는 편이예요 EXCLAM 직원 분들도 친절 하시고 회전률 나름 빠릅니다 EXCLAM 중간맛 먹었는데 좀 맵긴 했어요 EXCLAM,0,0,0,0,1,0,0,95,원
naver,뼈탄집 성수역점,인절미토끼,8.0,2026.04.16,1번째 방문,영수증,고기가 엄청 신선하고 맛있었고 구워주셔서 정말 좋아요! 후식 메뉴도 맛있었습니다! 직원분들도 모두 친절하셔요!,61,True,,,,고기가 엄청 신선하고 맛있었고 구워주셔서 정말 좋아요! 후식 메뉴도 맛있었습니다! 직원분들도 모두 친절하셔요!,고기가 엄청 신선하고 맛있었고 구워주셔서 정말 좋아요 EXCLAM 후식 메뉴도 맛있었습니다 EXCLAM 직원분들도 모두 친절하셔요 EXCLAM,0,0,0,0,1,0,0,61,원
naver,원조 조박집 본관,바람576,19.0,2025.06.21,1번째 방문,영수증,예전부터 자주 다니던 곳 입니다. 가격이 2만원인거 고기가 250g 이라 넉넉해서 괜찮기는 한데 조미료 맛과 단만이 양념이 넘 강하네요 예전에는 이정도는 아니였는데 참숯이 아닌건 그렇다 해도 양념이 넘 강해서 이제는 그만 이용해야 할듯 하네요 숙성된 고기 맛이 아니라 조미료와 설탕 ~,159,False,,,,예전부터 자주 다니던 곳 입니다. 가격이 2만원인거 고기가 250g 이라 넉넉해서 괜찮기는 한데 조미료 맛과 단만이 양념이 넘 강하네요 예전에는 이정도는 아니였는데 참숯이 아닌건 그렇다 해도 양념이 넘 강해서 이제는 그만 이용해야 할듯 하네요 숙성된 고기 맛이 아니라 조미료와 설탕 ~,예전부터 자주 다니던 곳 입니다 가격이 2만원인거 고기가 250g 이라 넉넉해서 괜찮기는 한데 조미료 맛과 단만이 양념이 넘 강하네요 예전에는 이정도는 아니였는데 참숯이 아닌건 그렇다 해도 양념이 넘 강해서 이제는 그만 이용해야 할듯 하네요 숙성된 고기 맛이 아니라 조미료와 설탕,0,0,0,0,0,0,1,159,"가격, 원"
naver,홍대 육지,안녕친구야32,23.0,2026.04.26,1번째 방문,영수증,계획없이 방문했는데 너무 만족스러운 식사였습니다 직원분들도 너무 친절하시고 상차림 구성도 만족스럽습니다 맛있게 잘 먹었습니다 ㅎㅎ,72,True,,,,계획없이 방문했는데 너무 만족스러운 식사였습니다 직원분들도 너무 친절하시고 상차림 구성도 만족스럽습니다 맛있게 잘 먹었습니다 ㅎㅎ,계획없이 방문했는데 너무 만족스러운 식사였습니다 직원분들도 너무 친절하시고 상차림 구성도 만족스럽습니다 맛있게 잘 먹었습니다,0,0,0,0,0,0,0,72,원
naver,옥동식,이매지1,1480.0,2025.10.01,1번째 방문,영수증,옥동식을 웨이팅 없이 즐기는 법=8시 반 이후에 오면 됩니다. 야근하고 메뉴를 고민하다가 국밥 생각이 나서 왔어요. 보통으로 주문했는데 가격이 살짝 올라 11.0이지만 그래도 이 정도면 여전히 가격이 괜찮은 것 같아요. 국물도 적당히 간이 되어 있어서 마냥 심심하지 않고 위에 올라간 고기도 몇 점 안 되어 보이지만 먹다보면 왠지 안 줄어드는 느낌 ㅎㅎ 김치만두는 혼밥러를 위해 2알만도 파셨으면 좋겠어요.,227,True,,,,옥동식을 웨이팅 없이 즐기는 법=8시 반 이후에 오면 됩니다. 야근하고 메뉴를 고민하다가 국밥 생각이 나서 왔어요. 보통으로 주문했는데 가격이 살짝 올라 11.0이지만 그래도 이 정도면 여전히 가격이 괜찮은 것 같아요. 국물도 적당히 간이 되어 있어서 마냥 심심하지 않고 위에 올라간 고기도 몇 점 안 되어 보이지만 먹다보면 왠지 안 줄어드는 느낌 ㅎㅎ 김치만두는 혼밥러를 위해 2알만도 파셨으면 좋겠어요.,옥동식을 웨이팅 없이 즐기는 법 8시 반 이후에 오면 됩니다 야근하고 메뉴를 고민하다가 국밥 생각이 나서 왔어요 보통으로 주문했는데 가격이 살짝 올라 11 0이지만 그래도 이 정도면 여전히 가격이 괜찮은 것 같아요 국물도 적당히 간이 되어 있어서 마냥 심심하지 않고 위에 올라간 고기도 몇 점 안 되어 보이지만 먹다보면 왠지 안 줄어드는 느낌 김치만두는 혼밥러를 위해 2알만도 파셨으면 좋겠어요,0,0,0,0,0,0,1,227,가격
naver,뼈탄집 성수역점,지도링,29.0,2026.03.29,1번째 방문,예약,사장님 너무 맛있게 잘 먹었습니다 친구들이 다 맛있다고 난리도 아니었어요 ㅠㅠㅠ 저도 아직까지 잊을 수 없어요 고기들이 다 맛있었지만 그 중에도 숙성 뼈탄 삼겹살이 너무 너무 너무 맛있었어요 그리고 된장술밥 … 사장님 정말 배우신 분 … 최고예요 고기가 다 익기도 전에 이미 클리어 했습니닼ㅋㅋㅋ 직원분들이 다 직접 구워주시고 친철하셔서 너무 감사했습니다 덕분에 편하게 먹었어요 다음에 또 방문할게요 맛집으로 저장해놨습니다요 ✨ !!!!!!!,247,True,,,,사장님 너무 맛있게 잘 먹었습니다 친구들이 다 맛있다고 난리도 아니었어요 ㅠㅠㅠ 저도 아직까지 잊을 수 없어요 고기들이 다 맛있었지만 그 중에도 숙성 뼈탄 삼겹살이 너무 너무 너무 맛있었어요 그리고 된장술밥 … 사장님 정말 배우신 분 … 최고예요 고기가 다 익기도 전에 이미 클리어 했습니닼ㅋㅋㅋ 직원분들이 다 직접 구워주시고 친철하셔서 너무 감사했습니다 덕분에 편하게 먹었어요 다음에 또 방문할게요 맛집으로 저장해놨습니다요 ✨ !!!!!!!,사장님 너무 맛있게 잘 먹었습니다 친구들이 다 맛있다고 난리도 아니었어요 저도 아직까지 잊을 수 없어요 고기들이 다 맛있었지만 그 중에도 숙성 뼈탄 삼겹살이 너무 너무 너무 맛있었어요 그리고 된장술밥 사장님 정말 배우신 분 최고예요 고기가 다 익기도 전에 이미 클리어 했습니닼 직원분들이 다 직접 구워주시고 친철하셔서 너무 감사했습니다 덕분에 편하게 먹었어요 다음에 또 방문할게요 맛집으로 저장해놨습니다요 EMO_POS EXCLAM,1,0,0,1,1,0,0,247,원
kakao,육산장 홍대본점,ham,50.0,2025-08-04,,,음... 가성비 별로 맛이 그저그럼 분위기는 좋음,27,False,2.0,4.1,실버 레벨,음... 가성비 별로 맛이 그저그럼 분위기는 좋음,음 가성비 별로 맛이 그저그럼 분위기는 좋음,0,0,0,0,0,0,0,27,가성비
kakao,을밀대 본점,채리,8.0,2026-04-19,,,"인생에서 2번째로 먹어본 평양냉면! 처음 나온 육수의 짭짜름한 사골 육수와 특이하게 겉절이가 나오는 가게였는데 밥한공기 먹고 싶을정도👍 냉면은 슴슴하면서도 깔끔한게 좋았고 위에 올라간 고기고명 정말 맛있었습니다! 그런데 재방문의사는 고민해볼거같아요,, 16,000원 냉면은 저렴한 가격은 아니라고 생각하는데 홀직원만 여러명 계시는 곳에 서로 소통이 안되시는건지 몇명이라고 얘기만 5번을 넘게해도 셋팅은 2인으로 해주시고 나중에 한번더 강하게 말씀드리니까 그제서야 제대로 주시더라구요 홀직원도 많으시고 플레이트가 많은 것도 아닌데 인기에 비해 많이 아쉽고 기분이나쁘네요",317,True,3.0,4.3,실버 레벨,"인생에서 2번째로 먹어본 평양냉면! 처음 나온 육수의 짭짜름한 사골 육수와 특이하게 겉절이가 나오는 가게였는데 밥한공기 먹고 싶을정도👍 냉면은 슴슴하면서도 깔끔한게 좋았고 위에 올라간 고기고명 정말 맛있었습니다! 그런데 재방문의사는 고민해볼거같아요,, 16,000원 냉면은 저렴한 가격은 아니라고 생각하는데 홀직원만 여러명 계시는 곳에 서로 소통이 안되시는건지 몇명이라고 얘기만 5번을 넘게해도 셋팅은 2인으로 해주시고 나중에 한번더 강하게 말씀드리니까 그제서야 제대로 주시더라구요 홀직원도 많으시고 플레이트가 많은 것도 아닌데 인기에 비해 많이 아쉽고 기분이나쁘네요",인생에서 2번째로 먹어본 평양냉면 EXCLAM 처음 나온 육수의 짭짜름한 사골 육수와 특이하게 겉절이가 나오는 가게였는데 밥한공기 먹고 싶을정도 EMO_POS 냉면은 슴슴하면서도 깔끔한게 좋았고 위에 올라간 고기고명 정말 맛있었습니다 EXCLAM 그런데 재방문의사는 고민해볼거같아요 16 000원 냉면은 저렴한 가격은 아니라고 생각하는데 홀직원만 여러명 계시는 곳에 서로 소통이 안되시는건지 몇명이라고 얘기만 5번을 넘게해도 셋팅은 2인으로 해주시고 나중에 한번더 강하게 말씀드리니까 그제서야 제대로 주시더라구요 홀직원도 많으시고 플레이트가 많은 것도 아닌데 인기에 비해 많이 아쉽고 기분이나쁘네요,1,0,0,0,1,0,1,317,"가격, 저렴, 원"
naver,을밀대 평양냉면,cess2010,1214.0,2026.03.21,1번째 방문,영수증,"서울온 김에 을밀대...^^, 물냉면 면에도 맛이 느껴지네요...비냉은 쏘쏘~~~, 매장 내부는 레트로 감성이구요...복잡한 곳이라 평일에 오기는 쫌 무리인듯! 가격 물냉,비냉 ₩16,000원 ~~~.",112,True,,,,"서울온 김에 을밀대...^^, 물냉면 면에도 맛이 느껴지네요...비냉은 쏘쏘~~~, 매장 내부는 레트로 감성이구요...복잡한 곳이라 평일에 오기는 쫌 무리인듯! 가격 물냉,비냉 ₩16,000원 ~~~.",서울온 김에 을밀대 물냉면 면에도 맛이 느껴지네요 비냉은 쏘쏘 TILDE 매장 내부는 레트로 감성이구요 복잡한 곳이라 평일에 오기는 쫌 무리인듯 EXCLAM 가격 물냉 비냉 16 000원 TILDE,0,0,0,0,1,0,1,112,"가격, 원"
kakao,훼미리손칼국수보쌈,가또,822.0,2025-12-02,,,나혼산에 방송 나오고 더 유명해진 칼국수&보쌈 맛집.. 맛집이라기 보단 가성비 좋은 맛 괜찮은 집 인것 같아요~ 본메뉴보다 오히려 감자전은 진짜 맛있어요 ㅎㅎ,88,False,3.0,3.6,블루 레벨,나혼산에 방송 나오고 더 유명해진 칼국수&보쌈 맛집.. 맛집이라기 보단 가성비 좋은 맛 괜찮은 집 인것 같아요~ 본메뉴보다 오히려 감자전은 진짜 맛있어요 ㅎㅎ,나혼산에 방송 나오고 더 유명해진 칼국수 보쌈 맛집 맛집이라기 보단 가성비 좋은 맛 괜찮은 집 인것 같아요 본메뉴보다 오히려 감자전은 진짜 맛있어요,0,0,0,0,0,0,0,88,가성비
naver,원조 조박집 본관,yeoppii,771.0,2026.03.28,1번째 방문,영수증,"돼지갈비, 된장찌개 주문. 돼지갈비 질도 좋고, 양념도 맛있었어요. 동치미 국수 조금씩 먹을수 있게 나오는데 시원하고 좋았어요. 된장찌개는 슴슴한데 시래기 많이 들어가서 담백하고 좋았습니다. 같이 나온 깍두기도 상당히 맛있네요. 공간도 넓어서 나름 쾌적했습니다. 직원분들도 친절하시네요 즐거운 점심 먹고 갑니다.",174,True,,,,"돼지갈비, 된장찌개 주문. 돼지갈비 질도 좋고, 양념도 맛있었어요. 동치미 국수 조금씩 먹을수 있게 나오는데 시원하고 좋았어요. 된장찌개는 슴슴한데 시래기 많이 들어가서 담백하고 좋았습니다. 같이 나온 깍두기도 상당히 맛있네요. 공간도 넓어서 나름 쾌적했습니다. 직원분들도 친절하시네요 즐거운 점심 먹고 갑니다.",돼지갈비 된장찌개 주문 돼지갈비 질도 좋고 양념도 맛있었어요 동치미 국수 조금씩 먹을수 있게 나오는데 시원하고 좋았어요 된장찌개는 슴슴한데 시래기 많이 들어가서 담백하고 좋았습니다 같이 나온 깍두기도 상당히 맛있네요 공간도 넓어서 나름 쾌적했습니다 직원분들도 친절하시네요 즐거운 점심 먹고 갑니다,0,0,0,0,0,0,0,174,원
naver,각시보쌈,까미오빠얌,150.0,2026.02.04,1번째 방문,영수증,합정에서 유명하다고 해서 들렸네요~ 반찬도 구성도 너무 알찼습니다. 모두 맛있었네요. 가격도 만원이라 기분 좋았습니다. 잘 먹었습니다.,75,True,,,,합정에서 유명하다고 해서 들렸네요~ 반찬도 구성도 너무 알찼습니다. 모두 맛있었네요. 가격도 만원이라 기분 좋았습니다. 잘 먹었습니다.,합정에서 유명하다고 해서 들렸네요 반찬도 구성도 너무 알찼습니다 모두 맛있었네요 가격도 만원이라 기분 좋았습니다 잘 먹었습니다,0,0,0,0,0,0,0,75,"가격, 원"
naver,태양곱창 성수점,김지윤8833,6.0,2026.01.31,1번째 방문,영수증,음식 빨리 나와서 좋아요 매장도 넓고 쾌적한데 직원 흡연실은 따로 배치하시는게 좋을거 같아요!! 근데 내장냄새 예민하신분은 힘드실거 같아요!,78,True,,,,음식 빨리 나와서 좋아요 매장도 넓고 쾌적한데 직원 흡연실은 따로 배치하시는게 좋을거 같아요!! 근데 내장냄새 예민하신분은 힘드실거 같아요!,음식 빨리 나와서 좋아요 매장도 넓고 쾌적한데 직원 흡연실은 따로 배치하시는게 좋을거 같아요 EXCLAM 근데 내장냄새 예민하신분은 힘드실거 같아요 EXCLAM,0,0,0,0,1,0,0,78,원
naver,마포양지설렁탕,jun****,7.0,2025.12.24,1번째 방문,영수증,외국인들이 많았어요 첫 방문인데 14000원 치고는 양도 너무 적고 평범했습니다 김치는 깍두기가 맛났고 재방문은 안할듯,66,False,,,,외국인들이 많았어요 첫 방문인데 14000원 치고는 양도 너무 적고 평범했습니다 김치는 깍두기가 맛났고 재방문은 안할듯,외국인들이 많았어요 첫 방문인데 14000원 치고는 양도 너무 적고 평범했습니다 김치는 깍두기가 맛났고 재방문은 안할듯,0,0,0,0,0,0,1,66,원
naver,뼈탄집 성수역점,호랑이1068,29.0,2026.04.22,1번째 방문,영수증,저번에 뼈탄삼겹살이 품절되서 아쉬운마음에 재방문해서 이번엔 주문성공 직원들 항상 친절하시고 밑반찬부터 고기까지 넘 맛있어요 특히 된장찌개는 필수임,81,True,,,,저번에 뼈탄삼겹살이 품절되서 아쉬운마음에 재방문해서 이번엔 주문성공 직원들 항상 친절하시고 밑반찬부터 고기까지 넘 맛있어요 특히 된장찌개는 필수임,저번에 뼈탄삼겹살이 품절되서 아쉬운마음에 재방문해서 이번엔 주문성공 직원들 항상 친절하시고 밑반찬부터 고기까지 넘 맛있어요 특히 된장찌개는 필수임,0,0,0,0,0,0,0,81,원
naver,조선시대,유진060,18.0,2026.04.30,1번째 방문,영수증,일단 여기 정말 자주 오는데요. 너무 너무 맛있고 너무 너무 분위기가 좋아요. 그리고 마지막으로 딸기 요거트 막걸리 이거 미친놈입니다…요것은 정말 와서 드셔야 해요!!! 그리고 돈까스 전골 정말 맛있어요. 꼭 먹으세요요. 그리고 + 날치알 단무지 주먹밥도 당연히 시켜야 되용~~,155,False,,,,일단 여기 정말 자주 오는데요. 너무 너무 맛있고 너무 너무 분위기가 좋아요. 그리고 마지막으로 딸기 요거트 막걸리 이거 미친놈입니다…요것은 정말 와서 드셔야 해요!!! 그리고 돈까스 전골 정말 맛있어요. 꼭 먹으세요요. 그리고 + 날치알 단무지 주먹밥도 당연히 시켜야 되용~~,일단 여기 정말 자주 오는데요 너무 너무 맛있고 너무 너무 분위기가 좋아요 그리고 마지막으로 딸기 요거트 막걸리 이거 미친놈입니다 요것은 정말 와서 드셔야 해요 EXCLAM 그리고 돈까스 전골 정말 맛있어요 꼭 먹으세요요 그리고 날치알 단무지 주먹밥도 당연히 시켜야 되용 TILDE,0,0,0,0,1,0,0,155,돈
naver,능동미나리 성수지점,사부작사부작유니,715.0,2026.03.27,1번째 방문,영수증,"미나리 곰탕 (15,000원) 말 그대로 미나리가 정말 많이 들어있는 맑은 고기 곰탕입니다. 향긋한 미나리 덕분에 곰탕이지만 느끼하거나 니글거리지 않고 상큼하며 아삭한 식감이 특징이었어요. 안에 들어있는 고기도 부드러워서 같이 먹기 좋았습니다.",136,True,,,,"미나리 곰탕 (15,000원) 말 그대로 미나리가 정말 많이 들어있는 맑은 고기 곰탕입니다. 향긋한 미나리 덕분에 곰탕이지만 느끼하거나 니글거리지 않고 상큼하며 아삭한 식감이 특징이었어요. 안에 들어있는 고기도 부드러워서 같이 먹기 좋았습니다.",미나리 곰탕 15 000원 말 그대로 미나리가 정말 많이 들어있는 맑은 고기 곰탕입니다 향긋한 미나리 덕분에 곰탕이지만 느끼하거나 니글거리지 않고 상큼하며 아삭한 식감이 특징이었어요 안에 들어있는 고기도 부드러워서 같이 먹기 좋았습니다,0,0,0,0,0,0,1,136,원
kakao,훼미리손칼국수보쌈,Yns,37.0,2025-04-11,,,맛 가성비 다 잡은 맛집!! 웨이팅 꽤 오래했지만 그럴 가치가 있었어용,39,,5.0,3.7,실버 레벨,맛 가성비 다 잡은 맛집!! 웨이팅 꽤 오래했지만 그럴 가치가 있었어용,맛 가성비 다 잡은 맛집 EXCLAM 웨이팅 꽤 오래했지만 그럴 가치가 있었어용,0,0,0,0,1,0,0,39,가성비
naver,능동미나리 성수지점,곰곰히5,5.0,2026.01.17,1번째 방문,영수증,가격에 비해 맛이나 반찬도 별로에요. 무엇보다 자리가 너무 좁아서 밥먹는데 정신이하나도 없어요. 바로 앞에 화장실 옆에는 부엌이고 최악이었습니다.,81,True,,,,가격에 비해 맛이나 반찬도 별로에요. 무엇보다 자리가 너무 좁아서 밥먹는데 정신이하나도 없어요. 바로 앞에 화장실 옆에는 부엌이고 최악이었습니다.,가격에 비해 맛이나 반찬도 별로에요 무엇보다 자리가 너무 좁아서 밥먹는데 정신이하나도 없어요 바로 앞에 화장실 옆에는 부엌이고 최악이었습니다,0,0,0,0,0,0,0,81,가격
naver,일등식당,또리3671,3182.0,2025.06.28,2번째 방문,영수증,망원동뼈해장국맛집! 깔끔하고 된장국 느낌나는 육수에 우거지와 부드러운 뼈도 듬뿍 들어감 보통해장국이 단돈 팔천원인데 양 많고 특은 만얼마인데 양 차이가 꽤나요 반주하기에도 좋은곳~,100,True,,,,망원동뼈해장국맛집! 깔끔하고 된장국 느낌나는 육수에 우거지와 부드러운 뼈도 듬뿍 들어감 보통해장국이 단돈 팔천원인데 양 많고 특은 만얼마인데 양 차이가 꽤나요 반주하기에도 좋은곳~,망원동뼈해장국맛집 EXCLAM 깔끔하고 된장국 느낌나는 육수에 우거지와 부드러운 뼈도 듬뿍 들어감 보통해장국이 단돈 팔천원인데 양 많고 특은 만얼마인데 양 차이가 꽤나요 반주하기에도 좋은곳,0,0,0,0,1,0,0,100,"돈, 원"
naver,원조 조박집 본관,apo****,1543.0,2026.03.26,1번째 방문,영수증,특별한 돼지고기 맛이 였습니다 변하지 않는 25년 단골손님의 소개로 갔는데 예전 그맛 그대로라 하네요 반찬도 맛깔 스럽고 직접만드신 식혜한잔에 만족값 100배 였습니다,93,True,,,,특별한 돼지고기 맛이 였습니다 변하지 않는 25년 단골손님의 소개로 갔는데 예전 그맛 그대로라 하네요 반찬도 맛깔 스럽고 직접만드신 식혜한잔에 만족값 100배 였습니다,특별한 돼지고기 맛이 였습니다 변하지 않는 25년 단골손님의 소개로 갔는데 예전 그맛 그대로라 하네요 반찬도 맛깔 스럽고 직접만드신 식혜한잔에 만족값 100배 였습니다,0,0,0,0,0,0,1,93,값
naver,금금 성수점,찐 원앤온리,17.0,2026.02.09,1번째 방문,영수증,"퓨전한식이라 한국인 입맛에 제격!! 색다른 맛으로 질리지 않게 먹었습니다. 특히 묵은지참치말이는 한알만 먹어도 든든 친구, 연인과 같이 오면 깔끔하고 맛있는 식사가 될거예요! (점원분의 친절함도 감사했습니다😍)",117,True,,,,"퓨전한식이라 한국인 입맛에 제격!! 색다른 맛으로 질리지 않게 먹었습니다. 특히 묵은지참치말이는 한알만 먹어도 든든 친구, 연인과 같이 오면 깔끔하고 맛있는 식사가 될거예요! (점원분의 친절함도 감사했습니다😍)",퓨전한식이라 한국인 입맛에 제격 EXCLAM 색다른 맛으로 질리지 않게 먹었습니다 특히 묵은지참치말이는 한알만 먹어도 든든 친구 연인과 같이 오면 깔끔하고 맛있는 식사가 될거예요 EXCLAM 점원분의 친절함도 감사했습니다 EMO_POS,1,0,0,0,1,0,0,117,원
kakao,원조조박집 본관,펭수,57.0,2025-10-07,,,맛은 있는데 가격은 갈수록 선 넘어가는 느낌. 생고기도 아닌 양념 돼갈을 이 가격 주고 먹어? 느낌. 전에 조박집 브랜딩으로 오마카세 열었던거 잘 안된거 아님? 거기 로스를 조박집 가격인상으로 때우는 삘인데. 거의 2만원인데 인도네시아 산 싸구려 숯 쓰는것도 좀,146,False,3.0,3.5,실버 레벨,맛은 있는데 가격은 갈수록 선 넘어가는 느낌. 생고기도 아닌 양념 돼갈을 이 가격 주고 먹어? 느낌. 전에 조박집 브랜딩으로 오마카세 열었던거 잘 안된거 아님? 거기 로스를 조박집 가격인상으로 때우는 삘인데. 거의 2만원인데 인도네시아 산 싸구려 숯 쓰는것도 좀,맛은 있는데 가격은 갈수록 선 넘어가는 느낌 생고기도 아닌 양념 돼갈을 이 가격 주고 먹어 QUESTION 느낌 전에 조박집 브랜딩으로 오마카세 열었던거 잘 안된거 아님 QUESTION 거기 로스를 조박집 가격인상으로 때우는 삘인데 거의 2만원인데 인도네시아 산 싸구려 숯 쓰는것도 좀,0,0,0,0,0,1,1,146,"가격, 원"
kakao,일등식당,99856,49.0,2025-06-22,,,젊은 남자직원 불친절,11,True,1.0,2.7,실버 레벨,젊은 남자직원 불친절,젊은 남자직원 불친절,0,0,0,0,0,0,0,11,원
naver,홍대 육지,랄뽕 랄라라,20.0,2026.03.17,1번째 방문,영수증,와우ㅎㅎ 엄청 부드럽고맛있네요🙃🙃👍👍👍 지방에서 아이랑여행 왔는데 조카만나 함께맛있게먹었어요.. 2인분만시킬수있는 돈대갈비 아주야들야들최고예요ㅎㅎ 삼겹살도맛있고 지방내려가면 생각날거같아요ㅎㅎ.담에홍대온다면 한번더오고싶은맛집ㅎㅎ 오늘저녁 너무 맛있었습니다,141,True,,,,와우ㅎㅎ 엄청 부드럽고맛있네요🙃🙃👍👍👍 지방에서 아이랑여행 왔는데 조카만나 함께맛있게먹었어요.. 2인분만시킬수있는 돈대갈비 아주야들야들최고예요ㅎㅎ 삼겹살도맛있고 지방내려가면 생각날거같아요ㅎㅎ.담에홍대온다면 한번더오고싶은맛집ㅎㅎ 오늘저녁 너무 맛있었습니다,와우 엄청 부드럽고맛있네요 EMO_POS EMO_POS EMO_POS 지방에서 아이랑여행 왔는데 조카만나 함께맛있게먹었어요 2인분만시킬수있는 돈대갈비 아주야들야들최고예요 삼겹살도맛있고 지방내려가면 생각날거같아요 담에홍대온다면 한번더오고싶은맛집 오늘저녁 너무 맛있었습니다,1,0,0,0,0,0,1,141,돈
kakao,을밀대 본점,밍,101.0,2025-11-18,,,맛이 좀 먹을때마다 왔다갔다 육향이 거의없고 면도 단단한? 서민평냉같은 맛인데 가격은 그렇지 않음. 개인적으로 취향은아닌데 먹다보면 또 그 매력이 있음. 녹두전은 다들 시키길래 한번 먹어봤는데.. 기름에 넘 찌든맛에 두입먹고 남겼음. 주차는 옆골목 안쪽에 유료주차 이용했고 겨울에는 너무 추워서 못가겠어요,170,False,3.0,3.4,실버 레벨,맛이 좀 먹을때마다 왔다갔다 육향이 거의없고 면도 단단한? 서민평냉같은 맛인데 가격은 그렇지 않음. 개인적으로 취향은아닌데 먹다보면 또 그 매력이 있음. 녹두전은 다들 시키길래 한번 먹어봤는데.. 기름에 넘 찌든맛에 두입먹고 남겼음. 주차는 옆골목 안쪽에 유료주차 이용했고 겨울에는 너무 추워서 못가겠어요,맛이 좀 먹을때마다 왔다갔다 육향이 거의없고 면도 단단한 QUESTION 서민평냉같은 맛인데 가격은 그렇지 않음 개인적으로 취향은아닌데 먹다보면 또 그 매력이 있음 녹두전은 다들 시키길래 한번 먹어봤는데 기름에 넘 찌든맛에 두입먹고 남겼음 주차는 옆골목 안쪽에 유료주차 이용했고 겨울에는 너무 추워서 못가겠어요,0,0,0,0,0,1,0,170,가격
naver,보끔당 성수점,mer****,4.0,2026.03.16,1번째 방문,영수증,성수에서 가성비 좋게 식사하기 좋은 곳이에요. 음식이 따끈하게 나와서 좋았고 양도 꽤 푸짐했습니다. 동생이랑 함께 와는데 너무 촣았어요. 기본 반찬도 깔끔하게 나오고 전체적으로 만족스러운 식사였습니다. 성수에서 편하게 한 끼 먹기 좋은 식당이라 다시 방문할 의향 있어요.,151,True,,,,성수에서 가성비 좋게 식사하기 좋은 곳이에요. 음식이 따끈하게 나와서 좋았고 양도 꽤 푸짐했습니다. 동생이랑 함께 와는데 너무 촣았어요. 기본 반찬도 깔끔하게 나오고 전체적으로 만족스러운 식사였습니다. 성수에서 편하게 한 끼 먹기 좋은 식당이라 다시 방문할 의향 있어요.,성수에서 가성비 좋게 식사하기 좋은 곳이에요 음식이 따끈하게 나와서 좋았고 양도 꽤 푸짐했습니다 동생이랑 함께 와는데 너무 촣았어요 기본 반찬도 깔끔하게 나오고 전체적으로 만족스러운 식사였습니다 성수에서 편하게 한 끼 먹기 좋은 식당이라 다시 방문할 의향 있어요,0,0,0,0,0,0,0,151,가성비
kakao,마포양지설렁탕 도화점,아예,1.0,2025-02-08,,,"이디야 1층 매장 바로 앞에 주차장이 있길래 주차했습니다. 30-40분가량 지난 시점에 갑자기 차번호를 부르길래 나갔더니 설렁탕 집에서 이디야 주차장이 아니라고 하더군요. 이디야 주차장처럼 생겨서 착각했고, 꽤 시간이 지났음에도 별 다른 연락이 없어 잘못 주차했다는 생각조차 못 했습니다. 착각이었다 해도 주차를 잘못한 건 제 잘못이 맞습니다. 그로 인해 사장님들이 화가 난다는 것도 백번 이해하고요. 그런데 다짜고짜 저에게 생각이 있냐, 영업방해를 해도 유분수가 있지 남의 사업장 망칠 일 있냐는 둥 혼잣말 섞인 욕들을 포함해 직원 여러명이 고성을 지르며 짧은 시간 내에 별소릴 다 하더군요. 죄송해서라도 설렁탕 먹으려했던 생각이 사라질 정도로요. 참고로 메뉴판보니 설렁탕 한 그릇이 14,000원인데 주차비 18,000원을 내라고 했습니다. 사실 뭐 주차비야 부르는게 값이고 이디야 공간이 아니니 주차비 받겠다고 했으면 잘못한 값이라 생각하고 비용이 얼마가 됐든 기분이 별로 안 상했을 겁니다. 그런데 중요한 건요. 결국에 주차비 받을거였으면 저한테 생각이 있냐는 식의 모욕적 발언하면 안 됐죠? 이거 고소 성립되는거 알고 한 소린가요? 그거 누굽니까? 저도 식사하려 했던 고객인데 너 한명쯤 안와도 된다는 식의 손님응대~ 역시 장사 잘되는 집이라 다르네요~",650,False,1.0,1.0,브론즈 레벨,"이디야 1층 매장 바로 앞에 주차장이 있길래 주차했습니다. 30-40분가량 지난 시점에 갑자기 차번호를 부르길래 나갔더니 설렁탕 집에서 이디야 주차장이 아니라고 하더군요. 이디야 주차장처럼 생겨서 착각했고, 꽤 시간이 지났음에도 별 다른 연락이 없어 잘못 주차했다는 생각조차 못 했습니다. 착각이었다 해도 주차를 잘못한 건 제 잘못이 맞습니다. 그로 인해 사장님들이 화가 난다는 것도 백번 이해하고요. 그런데 다짜고짜 저에게 생각이 있냐, 영업방해를 해도 유분수가 있지 남의 사업장 망칠 일 있냐는 둥 혼잣말 섞인 욕들을 포함해 직원 여러명이 고성을 지르며 짧은 시간 내에 별소릴 다 하더군요. 죄송해서라도 설렁탕 먹으려했던 생각이 사라질 정도로요. 참고로 메뉴판보니 설렁탕 한 그릇이 14,000원인데 주차비 18,000원을 내라고 했습니다. 사실 뭐 주차비야 부르는게 값이고 이디야 공간이 아니니 주차비 받겠다고 했으면 잘못한 값이라 생각하고 비용이 얼마가 됐든 기분이 별로 안 상했을 겁니다. 그런데 중요한 건요. 결국에 주차비 받을거였으면 저한테 생각이 있냐는 식의 모욕적 발언하면 안 됐죠? 이거 고소 성립되는거 알고 한 소린가요? 그거 누굽니까? 저도 식사하려 했던 고객인데 너 한명쯤 안와도 된다는 식의 손님응대~ 역시 장사 잘되는 집이라 다르네요~",이디야 1층 매장 바로 앞에 주차장이 있길래 주차했습니다 30 40분가량 지난 시점에 갑자기 차번호를 부르길래 나갔더니 설렁탕 집에서 이디야 주차장이 아니라고 하더군요 이디야 주차장처럼 생겨서 착각했고 꽤 시간이 지났음에도 별 다른 연락이 없어 잘못 주차했다는 생각조차 못 했습니다 착각이었다 해도 주차를 잘못한 건 제 잘못이 맞습니다 그로 인해 사장님들이 화가 난다는 것도 백번 이해하고요 그런데 다짜고짜 저에게 생각이 있냐 영업방해를 해도 유분수가 있지 남의 사업장 망칠 일 있냐는 둥 혼잣말 섞인 욕들을 포함해 직원 여러명이 고성을 지르며 짧은 시간 내에 별소릴 다 하더군요 죄송해서라도 설렁탕 먹으려했던 생각이 사라질 정도로요 참고로 메뉴판보니 설렁탕 한 그릇이 14 000원인데 주차비 18 000원을 내라고 했습니다 사실 뭐 주차비야 부르는게 값이고 이디야 공간이 아니니 주차비 받겠다고 했으면 잘못한 값이라 생각하고 비용이 얼마가 됐든 기분이 별로 안 상했을 겁니다 그런데 중요한 건요 결국에 주차비 받을거였으면 저한테 생각이 있냐는 식의 모욕적 발언하면 안 됐죠 QUESTION 이거 고소 성립되는거 알고 한 소린가요 QUESTION 그거 누굽니까 QUESTION 저도 식사하려 했던 고객인데 너 한명쯤 안와도 된다는 식의 손님응대 역시 장사 잘되는 집이라 다르네요,0,0,0,0,0,1,1,650,"값, 원, 비용"
naver,태양곱창 성수점,wlt****,183.0,2025.10.19,1번째 방문,영수증,💡태양곱창💡 오랜만에 대학교 이후로 곱창은 오랜만에 먹는 거같아요!!!! 정말 행복한 안주에 술 한잔이였답니다..❤️ 요즘 술 맛도 없고 뭐 먹더라도 하이볼이나 자꾸 맛있는 술만 찾게 되더라구요 그러다 남자친구 추천으로 야채곱창을 먹는데 오늘 제대로 술한잔 했네요 ㅎㅎ 정말 감사합니다 여기 직원분들 너무 친절해요 휴지 없을까봐 휴지 챙겨갔는데 갑자기 휴지 채워주시고 청소도 해주시더라구요 !!! 성수오면 또 들릴게요❤️❤️❤️🙏,240,True,,,,💡태양곱창💡 오랜만에 대학교 이후로 곱창은 오랜만에 먹는 거같아요!!!! 정말 행복한 안주에 술 한잔이였답니다..❤️ 요즘 술 맛도 없고 뭐 먹더라도 하이볼이나 자꾸 맛있는 술만 찾게 되더라구요 그러다 남자친구 추천으로 야채곱창을 먹는데 오늘 제대로 술한잔 했네요 ㅎㅎ 정말 감사합니다 여기 직원분들 너무 친절해요 휴지 없을까봐 휴지 챙겨갔는데 갑자기 휴지 채워주시고 청소도 해주시더라구요 !!! 성수오면 또 들릴게요❤️❤️❤️🙏,태양곱창 오랜만에 대학교 이후로 곱창은 오랜만에 먹는 거같아요 EXCLAM 정말 행복한 안주에 술 한잔이였답니다 EMO_POS 요즘 술 맛도 없고 뭐 먹더라도 하이볼이나 자꾸 맛있는 술만 찾게 되더라구요 그러다 남자친구 추천으로 야채곱창을 먹는데 오늘 제대로 술한잔 했네요 정말 감사합니다 여기 직원분들 너무 친절해요 휴지 없을까봐 휴지 챙겨갔는데 갑자기 휴지 채워주시고 청소도 해주시더라구요 EXCLAM 성수오면 또 들릴게요 EMO_POS EMO_POS EMO_POS,1,0,0,0,1,0,0,240,원
naver,각시보쌈,헤시시,495.0,2025.07.23,5번째 방문,영수증,"이미 수십 번은 방문했던 집이에요. 늦은 점심에 혼밥으로, 친구 동료를 초대하기도 좋습니다. 저녁에 가면 요리로 주문해서 한잔 했겠지만. 점심에 이만한 가성비는 어디에도 없을 거예요. 오늘은 외국인 친구들이랑 같이 갔는데, 모두들 엄지척 올려주더군요. 또 뵙겠습니다.",149,True,,,,"이미 수십 번은 방문했던 집이에요. 늦은 점심에 혼밥으로, 친구 동료를 초대하기도 좋습니다. 저녁에 가면 요리로 주문해서 한잔 했겠지만. 점심에 이만한 가성비는 어디에도 없을 거예요. 오늘은 외국인 친구들이랑 같이 갔는데, 모두들 엄지척 올려주더군요. 또 뵙겠습니다.",이미 수십 번은 방문했던 집이에요 늦은 점심에 혼밥으로 친구 동료를 초대하기도 좋습니다 저녁에 가면 요리로 주문해서 한잔 했겠지만 점심에 이만한 가성비는 어디에도 없을 거예요 오늘은 외국인 친구들이랑 같이 갔는데 모두들 엄지척 올려주더군요 또 뵙겠습니다,0,0,0,0,0,0,0,149,가성비
kakao,옥동식 서교점,김성일,1.0,2025-05-10,,,웨이팅은 좀 길지만 맛은 충분히 좋다. 특과 일반의 고기 양이 차이가 많이 나는 듯. 일반을 먹은 친구는 고기가 많지 않았지만 특을 먹은 나는 먹어도 먹어도 고기가 줄지 않았다. 비싸긴 하지만 특을 추천. 동네도 차분하고 식당 분위기도 차분하고 맛도 차분하고 마음에 드는 식당. 저녁에 가면 분위기 있게 즐길 수 있다.,178,True,5.0,5.0,브론즈 레벨,웨이팅은 좀 길지만 맛은 충분히 좋다. 특과 일반의 고기 양이 차이가 많이 나는 듯. 일반을 먹은 친구는 고기가 많지 않았지만 특을 먹은 나는 먹어도 먹어도 고기가 줄지 않았다. 비싸긴 하지만 특을 추천. 동네도 차분하고 식당 분위기도 차분하고 맛도 차분하고 마음에 드는 식당. 저녁에 가면 분위기 있게 즐길 수 있다.,웨이팅은 좀 길지만 맛은 충분히 좋다 특과 일반의 고기 양이 차이가 많이 나는 듯 일반을 먹은 친구는 고기가 많지 않았지만 특을 먹은 나는 먹어도 먹어도 고기가 줄지 않았다 비싸긴 하지만 특을 추천 동네도 차분하고 식당 분위기도 차분하고 맛도 차분하고 마음에 드는 식당 저녁에 가면 분위기 있게 즐길 수 있다,0,0,0,0,0,0,0,178,비싸
naver,각시보쌈,부산보라,520.0,2025.09.07,3번째 방문,예약,합정역에서 보쌈정식 단돈 만 원에 먹을 수 있는 곳. 다른 곳 다녀봐도 깔끔하고 빠르게 서빙되고 실패 없이 먹을 수 있는 보쌈정식은 여기뿐입니다. 늘 사람이 붐비는 건 다 그만한 이유가 있습니다.,109,True,,,,합정역에서 보쌈정식 단돈 만 원에 먹을 수 있는 곳. 다른 곳 다녀봐도 깔끔하고 빠르게 서빙되고 실패 없이 먹을 수 있는 보쌈정식은 여기뿐입니다. 늘 사람이 붐비는 건 다 그만한 이유가 있습니다.,합정역에서 보쌈정식 단돈 만 원에 먹을 수 있는 곳 다른 곳 다녀봐도 깔끔하고 빠르게 서빙되고 실패 없이 먹을 수 있는 보쌈정식은 여기뿐입니다 늘 사람이 붐비는 건 다 그만한 이유가 있습니다,0,0,0,0,0,0,0,109,"돈, 원"
naver,굴다리식당,사냥꾼93,313.0,2025.03.22,1번째 방문,예약,오랜만에 가서 밥 잘먹고 온다. 오뎅에 깎두기가 같이나와서 설마 반찬을 재사용한건가 의심이조금 들긴 했는데. 김치양이 많고 배부르게 먹고 간다. 물가가 참 많이 오른건지… 김치찌개 서민음식이 만원이나 하는 부분이 아쉬웠지만. 얼큰힌 찌개 생각날때 종종 오는 집. 잘 먹고 간다,154,True,,,,오랜만에 가서 밥 잘먹고 온다. 오뎅에 깎두기가 같이나와서 설마 반찬을 재사용한건가 의심이조금 들긴 했는데. 김치양이 많고 배부르게 먹고 간다. 물가가 참 많이 오른건지… 김치찌개 서민음식이 만원이나 하는 부분이 아쉬웠지만. 얼큰힌 찌개 생각날때 종종 오는 집. 잘 먹고 간다,오랜만에 가서 밥 잘먹고 온다 오뎅에 깎두기가 같이나와서 설마 반찬을 재사용한건가 의심이조금 들긴 했는데 김치양이 많고 배부르게 먹고 간다 물가가 참 많이 오른건지 김치찌개 서민음식이 만원이나 하는 부분이 아쉬웠지만 얼큰힌 찌개 생각날때 종종 오는 집 잘 먹고 간다,0,0,0,0,0,0,0,154,원
naver,홍대 육지,소연4,47.0,2026.04.26,1번째 방문,영수증,고기가 너무너무 맛있어서 먹다가 추가주문 했어요💋 직접 구워주시는데 직원분들 정말 친절하시고 정성껏 구워주셔서 좋았어요!! 찬도 너무 맛있었고 차돌된찌 시켯는데 이건 필수로 시키셔야해요!!! 마포구 오셧으면 추천드려요❤️,123,True,,,,고기가 너무너무 맛있어서 먹다가 추가주문 했어요💋 직접 구워주시는데 직원분들 정말 친절하시고 정성껏 구워주셔서 좋았어요!! 찬도 너무 맛있었고 차돌된찌 시켯는데 이건 필수로 시키셔야해요!!! 마포구 오셧으면 추천드려요❤️,고기가 너무너무 맛있어서 먹다가 추가주문 했어요 직접 구워주시는데 직원분들 정말 친절하시고 정성껏 구워주셔서 좋았어요 EXCLAM 찬도 너무 맛있었고 차돌된찌 시켯는데 이건 필수로 시키셔야해요 EXCLAM 마포구 오셧으면 추천드려요 EMO_POS,1,0,0,0,1,0,0,123,원
kakao,육지,bit,4.0,2025-08-29,,,고기도 잘 구워주시고 친절하시고 시원하고 깨끗하고 좋아요! 재방문 예정 입니다,43,True,5.0,4.0,브론즈 레벨,고기도 잘 구워주시고 친절하시고 시원하고 깨끗하고 좋아요! 재방문 예정 입니다,고기도 잘 구워주시고 친절하시고 시원하고 깨끗하고 좋아요 EXCLAM 재방문 예정 입니다,0,0,0,0,1,0,0,43,원
naver,굴다리식당,I real review,934.0,2025.03.02,1번째 방문,영수증,"메뉴- 제육12.0,김치찌개10.0 만족도★★ 분위기★★ 재방문★★ 후기✍️ 오랜만에 맛있게 먹은 기억이 있어 5년만에 방문을 했어요😉 재방문 후기는 실망 ㅠ 예전에는 제육이 부드럽고 간이 잘 밴 고기라면 현재는 뻑뻑하고 양념과 따로 노는느낌 질기기까지해요ㅜ😞 김치찌개는 예전엔 할머니가 끓여 주시는 깊은맛이 느껴지는 국물맛이였는데 현재는 너무 김치가 시고 고기양도 적어요 국물맛은 좋더라구요! 깊은맛이 좀 떨어졌지만요..ㅎ 맛집, 가성비는 이제는 아닌가봐요 ㅠ 계란말이는 만원짜리가 아닌퀄리티 = 1분컷 계란말이 직원과 사장님이 나이가 드셔서 그런가 사람이 별로 없는대도 큰소리로 대화하고 진짜 정신사나웠어요 교포말투의 직원분.. 특히요😫 예전에 기억은 잊고 재방문은 고민을 많이 해봐야 할거같아요 🥲",393,True,,,,"메뉴- 제육12.0,김치찌개10.0 만족도★★ 분위기★★ 재방문★★ 후기✍️ 오랜만에 맛있게 먹은 기억이 있어 5년만에 방문을 했어요😉 재방문 후기는 실망 ㅠ 예전에는 제육이 부드럽고 간이 잘 밴 고기라면 현재는 뻑뻑하고 양념과 따로 노는느낌 질기기까지해요ㅜ😞 김치찌개는 예전엔 할머니가 끓여 주시는 깊은맛이 느껴지는 국물맛이였는데 현재는 너무 김치가 시고 고기양도 적어요 국물맛은 좋더라구요! 깊은맛이 좀 떨어졌지만요..ㅎ 맛집, 가성비는 이제는 아닌가봐요 ㅠ 계란말이는 만원짜리가 아닌퀄리티 = 1분컷 계란말이 직원과 사장님이 나이가 드셔서 그런가 사람이 별로 없는대도 큰소리로 대화하고 진짜 정신사나웠어요 교포말투의 직원분.. 특히요😫 예전에 기억은 잊고 재방문은 고민을 많이 해봐야 할거같아요 🥲",메뉴 제육12 0 김치찌개10 0 만족도 분위기 재방문 후기 오랜만에 맛있게 먹은 기억이 있어 5년만에 방문을 했어요 재방문 후기는 실망 예전에는 제육이 부드럽고 간이 잘 밴 고기라면 현재는 뻑뻑하고 양념과 따로 노는느낌 질기기까지해요 EMO_NEG 김치찌개는 예전엔 할머니가 끓여 주시는 깊은맛이 느껴지는 국물맛이였는데 현재는 너무 김치가 시고 고기양도 적어요 국물맛은 좋더라구요 EXCLAM 깊은맛이 좀 떨어졌지만요 맛집 가성비는 이제는 아닌가봐요 계란말이는 만원짜리가 아닌퀄리티 1분컷 계란말이 직원과 사장님이 나이가 드셔서 그런가 사람이 별로 없는대도 큰소리로 대화하고 진짜 정신사나웠어요 교포말투의 직원분 특히요 EMO_NEG 예전에 기억은 잊고 재방문은 고민을 많이 해봐야 할거같아요,0,1,0,0,1,0,1,393,"가성비, 원"
kakao,홍대 조선시대,김경환,1.0,2026-01-30,,,술 종류가 다양하구 안주 퀄리티가 대박이에요ㅋㅋㅋ 글구 테이블 오더기로 다른 테이블랑 겜도 할 수 있어서 넘 재밌어요!! 게임에 이겨서 코인을 얻으면 1000원씩 할인도 해주는게 너무 재밌게 잘만든거같애욯ㅎㅎ,116,True,5.0,5.0,실버 레벨,술 종류가 다양하구 안주 퀄리티가 대박이에요ㅋㅋㅋ 글구 테이블 오더기로 다른 테이블랑 겜도 할 수 있어서 넘 재밌어요!! 게임에 이겨서 코인을 얻으면 1000원씩 할인도 해주는게 너무 재밌게 잘만든거같애욯ㅎㅎ,술 종류가 다양하구 안주 퀄리티가 대박이에요 글구 테이블 오더기로 다른 테이블랑 겜도 할 수 있어서 넘 재밌어요 EXCLAM 게임에 이겨서 코인을 얻으면 1000원씩 할인도 해주는게 너무 재밌게 잘만든거같애욯,0,0,0,0,1,0,1,116,"원, 할인"
naver,락희옥 마포본점,yon****,13.0,2026.03.06,1번째 방문,영수증,제철메뉴 도다리쑥국 대박이예요. 문어도 맛있고 가격이 좀 있지만 전혀 아깝지 않아요. 오랜만에 만난 친구들이 신나게 먹고 수다떨며 좋은 시간 보냈네요!,84,True,,,,제철메뉴 도다리쑥국 대박이예요. 문어도 맛있고 가격이 좀 있지만 전혀 아깝지 않아요. 오랜만에 만난 친구들이 신나게 먹고 수다떨며 좋은 시간 보냈네요!,제철메뉴 도다리쑥국 대박이예요 문어도 맛있고 가격이 좀 있지만 전혀 아깝지 않아요 오랜만에 만난 친구들이 신나게 먹고 수다떨며 좋은 시간 보냈네요 EXCLAM,0,0,0,0,1,0,0,84,"가격, 아깝"
naver,장인닭갈비 홍대점,단밮팡,5.0,2025.12.15,1번째 방문,영수증,닭갈비양 많고 맛있어요!! 직원분들 정말 친절하세요… 볶음밥도 직접 볶아주시고 좋아요 볶음밥까지 꼭 드세요… 철판에 눌은 부분까지 긁어먹는 재미 있음🤤 매장도 깔끔하고 자리 간격 넉넉해서 친구들이랑 수다 떨면서 먹기 딱!,123,True,,,,닭갈비양 많고 맛있어요!! 직원분들 정말 친절하세요… 볶음밥도 직접 볶아주시고 좋아요 볶음밥까지 꼭 드세요… 철판에 눌은 부분까지 긁어먹는 재미 있음🤤 매장도 깔끔하고 자리 간격 넉넉해서 친구들이랑 수다 떨면서 먹기 딱!,닭갈비양 많고 맛있어요 EXCLAM 직원분들 정말 친절하세요 볶음밥도 직접 볶아주시고 좋아요 볶음밥까지 꼭 드세요 철판에 눌은 부분까지 긁어먹는 재미 있음 매장도 깔끔하고 자리 간격 넉넉해서 친구들이랑 수다 떨면서 먹기 딱 EXCLAM,0,0,0,0,1,0,0,123,원
naver,장인닭갈비 홍대점,당산걸,263.0,2025.11.29,1번째 방문,영수증,외국인 한국인 늘 많음! 약간 애매한 시간에 갔는데도 대기 5-10분 정도 있었음 바빠서그런지 늘 직원분들이 지쳐보이심.. ㅠ 닭갈비는 맛있움 냠냠 보통맛 불닭맵기라고 하셨는데 전혀 아님! 담엔 매운맛 먹어도 괜춘할듯,121,True,,,,외국인 한국인 늘 많음! 약간 애매한 시간에 갔는데도 대기 5-10분 정도 있었음 바빠서그런지 늘 직원분들이 지쳐보이심.. ㅠ 닭갈비는 맛있움 냠냠 보통맛 불닭맵기라고 하셨는데 전혀 아님! 담엔 매운맛 먹어도 괜춘할듯,외국인 한국인 늘 많음 EXCLAM 약간 애매한 시간에 갔는데도 대기 5 10분 정도 있었음 바빠서그런지 늘 직원분들이 지쳐보이심 닭갈비는 맛있움 냠냠 보통맛 불닭맵기라고 하셨는데 전혀 아님 EXCLAM 담엔 매운맛 먹어도 괜춘할듯,0,0,0,0,1,0,1,121,원
naver,장인닭갈비 홍대점,물망초870,1.0,2026.04.10,1번째 방문,영수증,처음와본 곳인데 매장이 넓고 직원분들이 친절하세요 ~ 음식 양도 많았습니다 !,43,True,,,,처음와본 곳인데 매장이 넓고 직원분들이 친절하세요 ~ 음식 양도 많았습니다 !,처음와본 곳인데 매장이 넓고 직원분들이 친절하세요 음식 양도 많았습니다 EXCLAM,0,0,0,0,1,0,0,43,원
kakao,락희옥 마포본점,오,18.0,2025-01-27,,,콜키지프리가 유일한 장점. 불친절한 알바 가성비망 음식들,31,False,1.0,3.2,실버 레벨,콜키지프리가 유일한 장점. 불친절한 알바 가성비망 음식들,콜키지프리가 유일한 장점 불친절한 알바 가성비망 음식들,0,0,0,0,0,0,0,31,가성비
naver,이태리국시 성수,맛집투어32,32.0,2026.05.09,1번째 방문,영수증,느끼할줄 알았는데 하나도 안느끼하고 맛있어요!! 대창도 냄새도 안나고 굿입니다 웨이팅 좀 있긴한데 그만한 값하는거같아요,66,True,,,,느끼할줄 알았는데 하나도 안느끼하고 맛있어요!! 대창도 냄새도 안나고 굿입니다 웨이팅 좀 있긴한데 그만한 값하는거같아요,느끼할줄 알았는데 하나도 안느끼하고 맛있어요 EXCLAM 대창도 냄새도 안나고 굿입니다 웨이팅 좀 있긴한데 그만한 값하는거같아요,0,0,0,0,1,0,0,66,값
naver,보끔당 성수점,너구리밥밥,21.0,2026.04.13,1번째 방문,영수증,직원분들 친절하시고 음식 예쁘게 잘 나와서 좋았어요~ 맛도 있어요ㅎㅎ 재방문 의사 있습니다 밥이랑 먹기 너무 좋아요,64,True,,,,직원분들 친절하시고 음식 예쁘게 잘 나와서 좋았어요~ 맛도 있어요ㅎㅎ 재방문 의사 있습니다 밥이랑 먹기 너무 좋아요,직원분들 친절하시고 음식 예쁘게 잘 나와서 좋았어요 맛도 있어요 재방문 의사 있습니다 밥이랑 먹기 너무 좋아요,0,0,0,0,0,0,0,64,원
kakao,을밀대 본점,Alex,26.0,2025-06-16,,,국물 진하고 좋아요. 면발은 제 입맛엔 좀 굵은듯. ☆ 가면 안됨. ☆☆ 내돈내산 X. 누가 사주면 감. ☆☆☆ 내돈내산 O. ☆☆☆☆ 재방문의사 O. 지인에게 추천 가능. ☆☆☆☆☆ 1티어.,107,True,3.0,3.9,실버 레벨,국물 진하고 좋아요. 면발은 제 입맛엔 좀 굵은듯. ☆ 가면 안됨. ☆☆ 내돈내산 X. 누가 사주면 감. ☆☆☆ 내돈내산 O. ☆☆☆☆ 재방문의사 O. 지인에게 추천 가능. ☆☆☆☆☆ 1티어.,국물 진하고 좋아요 면발은 제 입맛엔 좀 굵은듯 가면 안됨 내돈내산 X 누가 사주면 감 내돈내산 O 재방문의사 O 지인에게 추천 가능 1티어,0,0,0,0,0,0,1,107,돈
naver,이태리국시 성수,SJ4845,55.0,2026.05.01,1번째 방문,영수증,웨이팅 좀 있어도 성수동 가면 다시 갈 의향 200%에요~ 대창파스타는 걸쭉하니 진하고 바질국물파스타는 시원해요~,63,True,,,,웨이팅 좀 있어도 성수동 가면 다시 갈 의향 200%에요~ 대창파스타는 걸쭉하니 진하고 바질국물파스타는 시원해요~,웨이팅 좀 있어도 성수동 가면 다시 갈 의향 200 에요 대창파스타는 걸쭉하니 진하고 바질국물파스타는 시원해요,0,0,0,0,0,0,1,63,원
naver,훼미리손칼국수보쌈,kim****,42.0,2025.05.04,1번째 방문,영수증,"화려한 리뷰에 가려진 실체를 폭로합니다. 오래 웨이팅해서 들어간만큼 많이 기대했는데, 고기는 거의 20분이 넘어서 나왔구요, 칼국수는 30분 넘게 기다려서 나왔습니다. 늦게 나왔어도 맛이라도 있으면 모르겠는데, 살면서 먹어본 고기 중에 제일 딱딱하고 맛없어요. 너무 비계만 있어서 고민하다가 고기 바꿔주실 수 있냐고 여쭤봤더니, 원래 마감 시간이라 손님을 안 받는데 남은 고기라서 그렇다 라고만 말씀하셨습니다. 남은 고기를 줄거면 손님을 안 받는 게 맞지 않나요? 그리고 처음에 고기에 비계가 너무 많다고 직원 분께 말씀 드렸는데 들은 척도 안하시고 무시하더군요. 아무리 맛집이라고 해도 서비스가 꽝이면 아니지 않나요? 심지어 먹고 있는데 계산 해야한다면서 나가라는 식으로 말씀하셨습니다. 정말정말 불친절해요.",397,True,,,,"화려한 리뷰에 가려진 실체를 폭로합니다. 오래 웨이팅해서 들어간만큼 많이 기대했는데, 고기는 거의 20분이 넘어서 나왔구요, 칼국수는 30분 넘게 기다려서 나왔습니다. 늦게 나왔어도 맛이라도 있으면 모르겠는데, 살면서 먹어본 고기 중에 제일 딱딱하고 맛없어요. 너무 비계만 있어서 고민하다가 고기 바꿔주실 수 있냐고 여쭤봤더니, 원래 마감 시간이라 손님을 안 받는데 남은 고기라서 그렇다 라고만 말씀하셨습니다. 남은 고기를 줄거면 손님을 안 받는 게 맞지 않나요? 그리고 처음에 고기에 비계가 너무 많다고 직원 분께 말씀 드렸는데 들은 척도 안하시고 무시하더군요. 아무리 맛집이라고 해도 서비스가 꽝이면 아니지 않나요? 심지어 먹고 있는데 계산 해야한다면서 나가라는 식으로 말씀하셨습니다. 정말정말 불친절해요.",화려한 리뷰에 가려진 실체를 폭로합니다 오래 웨이팅해서 들어간만큼 많이 기대했는데 고기는 거의 20분이 넘어서 나왔구요 칼국수는 30분 넘게 기다려서 나왔습니다 늦게 나왔어도 맛이라도 있으면 모르겠는데 살면서 먹어본 고기 중에 제일 딱딱하고 맛없어요 너무 비계만 있어서 고민하다가 고기 바꿔주실 수 있냐고 여쭤봤더니 원래 마감 시간이라 손님을 안 받는데 남은 고기라서 그렇다 라고만 말씀하셨습니다 남은 고기를 줄거면 손님을 안 받는 게 맞지 않나요 QUESTION 그리고 처음에 고기에 비계가 너무 많다고 직원 분께 말씀 드렸는데 들은 척도 안하시고 무시하더군요 아무리 맛집이라고 해도 서비스가 꽝이면 아니지 않나요 QUESTION 심지어 먹고 있는데 계산 해야한다면서 나가라는 식으로 말씀하셨습니다 정말정말 불친절해요,0,0,0,0,0,1,1,397,원
naver,락희옥 마포본점,kim****,9.0,2025.10.31,1번째 방문,영수증,음식이 다 맛있그 직원들이 친절해요,19,True,,,,음식이 다 맛있그 직원들이 친절해요,음식이 다 맛있그 직원들이 친절해요,0,0,0,0,0,0,0,19,원
naver,을밀대 평양냉면,온누리은행,41.0,2025.12.17,1번째 방문,예약,언제나의 을밀대… 가격비싸지만 맛있어요,21,True,,,,언제나의 을밀대… 가격비싸지만 맛있어요,언제나의 을밀대 가격비싸지만 맛있어요,0,0,0,0,0,0,0,21,"가격, 비싸"
naver,훼미리손칼국수보쌈,궁금해ㅋ47,23.0,2025.11.09,1번째 방문,영수증,맛이 평범 이하에요. 더 별로였던 점은 직원들이 너무 불친절해요 특히 녹색티 입었던 한국 아주머니는 손님이 물어보면 온갖 짜증을 내서 매우 불쾌했어요. 절대 재방문의사 없어요.,98,False,,,,맛이 평범 이하에요. 더 별로였던 점은 직원들이 너무 불친절해요 특히 녹색티 입었던 한국 아주머니는 손님이 물어보면 온갖 짜증을 내서 매우 불쾌했어요. 절대 재방문의사 없어요.,맛이 평범 이하에요 더 별로였던 점은 직원들이 너무 불친절해요 특히 녹색티 입었던 한국 아주머니는 손님이 물어보면 온갖 짜증을 내서 매우 불쾌했어요 절대 재방문의사 없어요,0,0,0,0,0,0,0,98,원
kakao,육지,🌈,7.0,2025-09-19,,,사장님이 혼자 날아다니셔요 직원분들 모두가 전체적으로 친절한 느낌은 아니었지만 사활을 걸고 계시는 느낌... 고기가 두껍고 숙성이 잘 되어서 맛있었어요 마지막 오더 직전 도착했는데도 반갑게 맞아주시고 문의 전화 드렸었는데 확인차 콜백까지 해주셔서 감사했어요 직접 구워주시니까 더 맛있는 거 같아요,165,True,5.0,2.7,실버 레벨,사장님이 혼자 날아다니셔요 직원분들 모두가 전체적으로 친절한 느낌은 아니었지만 사활을 걸고 계시는 느낌... 고기가 두껍고 숙성이 잘 되어서 맛있었어요 마지막 오더 직전 도착했는데도 반갑게 맞아주시고 문의 전화 드렸었는데 확인차 콜백까지 해주셔서 감사했어요 직접 구워주시니까 더 맛있는 거 같아요,사장님이 혼자 날아다니셔요 직원분들 모두가 전체적으로 친절한 느낌은 아니었지만 사활을 걸고 계시는 느낌 고기가 두껍고 숙성이 잘 되어서 맛있었어요 마지막 오더 직전 도착했는데도 반갑게 맞아주시고 문의 전화 드렸었는데 확인차 콜백까지 해주셔서 감사했어요 직접 구워주시니까 더 맛있는 거 같아요,0,0,0,0,0,0,0,165,원
naver,할머니의 레시피,swing6948,230.0,2025.02.01,1번째 방문,영수증,비빔밥 정식은 불고기가 야들하네 양념맛은 살짝 짜나 맛있어요 한우떡갈비는 삼삼하니 그냥 먹어도 맛있어요. 제일!!! 맛있었어요 생선구이는 가자미인거 같은데 밑간이 좀 더 필요할 듯하고 좀 더 비삭해도 좋을 듯해요 호박죽은 단호박에 찰쌉을 푼듯 맛있어요 특히 밥.. 쌀이 좋아요 밥 잘 안먹는데 싹 비웠어요 전체적으로 삼삼하고 깔끔해서 건강식이네요 혼밥으로도 탁월할 듯 그리고 가격도 성수동에서 착해요,223,True,,,,비빔밥 정식은 불고기가 야들하네 양념맛은 살짝 짜나 맛있어요 한우떡갈비는 삼삼하니 그냥 먹어도 맛있어요. 제일!!! 맛있었어요 생선구이는 가자미인거 같은데 밑간이 좀 더 필요할 듯하고 좀 더 비삭해도 좋을 듯해요 호박죽은 단호박에 찰쌉을 푼듯 맛있어요 특히 밥.. 쌀이 좋아요 밥 잘 안먹는데 싹 비웠어요 전체적으로 삼삼하고 깔끔해서 건강식이네요 혼밥으로도 탁월할 듯 그리고 가격도 성수동에서 착해요,비빔밥 정식은 불고기가 야들하네 양념맛은 살짝 짜나 맛있어요 한우떡갈비는 삼삼하니 그냥 먹어도 맛있어요 제일 EXCLAM 맛있었어요 생선구이는 가자미인거 같은데 밑간이 좀 더 필요할 듯하고 좀 더 비삭해도 좋을 듯해요 호박죽은 단호박에 찰쌉을 푼듯 맛있어요 특히 밥 쌀이 좋아요 밥 잘 안먹는데 싹 비웠어요 전체적으로 삼삼하고 깔끔해서 건강식이네요 혼밥으로도 탁월할 듯 그리고 가격도 성수동에서 착해요,0,0,0,0,1,0,0,223,가격
naver,뼈탄집 성수역점,우리집구피,343.0,2026.03.08,1번째 방문,영수증,"성수에서 고기 맛집을 발견해버렸읍니더..💖💖💖 다들 꼭 드셔보세요 저는 삼겹목살세트(60,000) 목살변경, 곰취냉면(8,000), 홍어무침비빔냉면(12,000), 공기밥(1,000) 주문해서 냠냠 맛있게 먹었어요 인테리어도 너무너무 예뻤고 음식들도 진짜 너무 맛있었어요 양도 엄청 많아요!!!! 그래서 저는 가성비가 좋다고 느겼어용 고기는 엄청 두껍고 기룸지고 너무너무맛있고 직원분께서 직접 공들여서 구워주셔서 최고상태로 먹을 수 있었어요!!! 다음에도 성수에서 고기 먹을 일 잇으면 무조건 뼈탄집 올 예정입니당 히히 화장실도 짱 깨끗함!! 단체석도 완전 넓구요~~",317,True,,,,"성수에서 고기 맛집을 발견해버렸읍니더..💖💖💖 다들 꼭 드셔보세요 저는 삼겹목살세트(60,000) 목살변경, 곰취냉면(8,000), 홍어무침비빔냉면(12,000), 공기밥(1,000) 주문해서 냠냠 맛있게 먹었어요 인테리어도 너무너무 예뻤고 음식들도 진짜 너무 맛있었어요 양도 엄청 많아요!!!! 그래서 저는 가성비가 좋다고 느겼어용 고기는 엄청 두껍고 기룸지고 너무너무맛있고 직원분께서 직접 공들여서 구워주셔서 최고상태로 먹을 수 있었어요!!! 다음에도 성수에서 고기 먹을 일 잇으면 무조건 뼈탄집 올 예정입니당 히히 화장실도 짱 깨끗함!! 단체석도 완전 넓구요~~",성수에서 고기 맛집을 발견해버렸읍니더 EMO_POS EMO_POS EMO_POS 다들 꼭 드셔보세요 저는 삼겹목살세트 60 000 목살변경 곰취냉면 8 000 홍어무침비빔냉면 12 000 공기밥 1 000 주문해서 냠냠 맛있게 먹었어요 인테리어도 너무너무 예뻤고 음식들도 진짜 너무 맛있었어요 양도 엄청 많아요 EXCLAM 그래서 저는 가성비가 좋다고 느겼어용 고기는 엄청 두껍고 기룸지고 너무너무맛있고 직원분께서 직접 공들여서 구워주셔서 최고상태로 먹을 수 있었어요 EXCLAM 다음에도 성수에서 고기 먹을 일 잇으면 무조건 뼈탄집 올 예정입니당 히히 화장실도 짱 깨끗함 EXCLAM 단체석도 완전 넓구요 TILDE,1,0,0,0,1,0,1,317,"가성비, 원"
naver,을밀대 평양냉면,전생에사또,531.0,2025.08.04,2번째 방문,영수증,"거냉 양많이 16,000원 녹두전 13,000원 일전에 방문했을 때 대기 줄이 너무 길어서 포기했다가 오랜만에 방문. 좋은 분과 함께 먹으면 더욱 맛있어지는 시간. 저녁 늦게라서 그런지 이날은 평소보다 국물이 더 진하고 걸쭉한 것 같았다. 항상 만족스러운 포만감. 녹두전도 강추.",156,True,,,,"거냉 양많이 16,000원 녹두전 13,000원 일전에 방문했을 때 대기 줄이 너무 길어서 포기했다가 오랜만에 방문. 좋은 분과 함께 먹으면 더욱 맛있어지는 시간. 저녁 늦게라서 그런지 이날은 평소보다 국물이 더 진하고 걸쭉한 것 같았다. 항상 만족스러운 포만감. 녹두전도 강추.",거냉 양많이 16 000원 녹두전 13 000원 일전에 방문했을 때 대기 줄이 너무 길어서 포기했다가 오랜만에 방문 좋은 분과 함께 먹으면 더욱 맛있어지는 시간 저녁 늦게라서 그런지 이날은 평소보다 국물이 더 진하고 걸쭉한 것 같았다 항상 만족스러운 포만감 녹두전도 강추,0,0,0,0,0,0,1,156,원
naver,쭌곱창,hel****,17.0,2026.01.08,2번째 방문,영수증,가성비 너무 좋고 증말 맛있습니다 강추!!,23,True,,,,가성비 너무 좋고 증말 맛있습니다 강추!!,가성비 너무 좋고 증말 맛있습니다 강추 EXCLAM,0,0,0,0,1,0,0,23,가성비
naver,장인닭갈비 홍대점,아아1345,87.0,2026.04.02,1번째 방문,영수증,직원분들도 친절하시고 닭갈비도 짜지않고 양도 많고 맛있습니다👍🏻,35,True,,,,직원분들도 친절하시고 닭갈비도 짜지않고 양도 많고 맛있습니다👍🏻,직원분들도 친절하시고 닭갈비도 짜지않고 양도 많고 맛있습니다 EMO_POS,1,0,0,0,0,0,0,35,원
kakao,홍대 조선시대,박두현,1.0,2026-01-21,,,괜찮은 가격테 재미있게 놀았습니다!,19,True,5.0,5.0,브론즈 레벨,괜찮은 가격테 재미있게 놀았습니다!,괜찮은 가격테 재미있게 놀았습니다 EXCLAM,0,0,0,0,1,0,0,19,가격
kakao,홍대 조선시대,이채현,1.0,2026-03-19,,,분위기 좋고 딸기막걸리 짱맛..🩷 직원분들도 유쾌하고 친절하세요,35,True,5.0,5.0,브론즈 레벨,분위기 좋고 딸기막걸리 짱맛..🩷 직원분들도 유쾌하고 친절하세요,분위기 좋고 딸기막걸리 짱맛 직원분들도 유쾌하고 친절하세요,0,0,0,0,0,0,0,35,원
naver,일등식당,인어공주951,220.0,2025.06.13,1번째 방문,영수증,"동네 주민이여서 오래전부터 혼자 자주 왔습니다 그런데 요즘 성시경(먹을텐데) 때문인지 손님이 많아지기 시작(원래도 많았지만 줄을 서진않았거든요)하면서 기본 서비스가 참 맘에 안드네요 혼자오는 손님 무작정 4인테이블에 합석시키려고 하고 (별도에 양해없이)그래서 빈정상한 손님 가든 말든 신경 안쓰고(물론 사장님아니고 종업원 아줌마입니다) 이렇게 장사 하시면 결국 기존 손님들 다시 안올듯,).. 그리고 뼈다귀 세개중 한개에서 예전에 없던 이상한 맛도 나고(나머지 두갠 기존 맛 그대로) 여튼 그동안 쌓아온 입소문 지금 신경 쓰셔야 할듯.. 전 다신 안갑니다",310,False,,,,"동네 주민이여서 오래전부터 혼자 자주 왔습니다 그런데 요즘 성시경(먹을텐데) 때문인지 손님이 많아지기 시작(원래도 많았지만 줄을 서진않았거든요)하면서 기본 서비스가 참 맘에 안드네요 혼자오는 손님 무작정 4인테이블에 합석시키려고 하고 (별도에 양해없이)그래서 빈정상한 손님 가든 말든 신경 안쓰고(물론 사장님아니고 종업원 아줌마입니다) 이렇게 장사 하시면 결국 기존 손님들 다시 안올듯,).. 그리고 뼈다귀 세개중 한개에서 예전에 없던 이상한 맛도 나고(나머지 두갠 기존 맛 그대로) 여튼 그동안 쌓아온 입소문 지금 신경 쓰셔야 할듯.. 전 다신 안갑니다",동네 주민이여서 오래전부터 혼자 자주 왔습니다 그런데 요즘 성시경 먹을텐데 때문인지 손님이 많아지기 시작 원래도 많았지만 줄을 서진않았거든요 하면서 기본 서비스가 참 맘에 안드네요 혼자오는 손님 무작정 4인테이블에 합석시키려고 하고 별도에 양해없이 그래서 빈정상한 손님 가든 말든 신경 안쓰고 물론 사장님아니고 종업원 아줌마입니다 이렇게 장사 하시면 결국 기존 손님들 다시 안올듯 그리고 뼈다귀 세개중 한개에서 예전에 없던 이상한 맛도 나고 나머지 두갠 기존 맛 그대로 여튼 그동안 쌓아온 입소문 지금 신경 쓰셔야 할듯 전 다신 안갑니다,0,0,0,0,0,0,1,310,원
kakao,소문난성수감자탕,",",951.0,2025-07-05,,,맛있음 간도 안 세고 삼삼한 편 같이 나오는 양념장이랑 김치도 맛있는 편인데 사람이 많아서 그런가 깨끗하진않고 고기는 많은데 부드럽진 않음 볶음밥은 그저그럼 돈 아까움,93,True,3.0,4.5,블루 레벨,맛있음 간도 안 세고 삼삼한 편 같이 나오는 양념장이랑 김치도 맛있는 편인데 사람이 많아서 그런가 깨끗하진않고 고기는 많은데 부드럽진 않음 볶음밥은 그저그럼 돈 아까움,맛있음 간도 안 세고 삼삼한 편 같이 나오는 양념장이랑 김치도 맛있는 편인데 사람이 많아서 그런가 깨끗하진않고 고기는 많은데 부드럽진 않음 볶음밥은 그저그럼 돈 아까움,0,0,0,0,0,0,0,93,돈
kakao,장인닭갈비 홍대점,하연이아빠,22.0,2026-03-18,,,"친구들이랑 또 방문했어요! 매장 분위기도 좋고 직원분들도 친절하셔서 기분 좋게 식사할 수 있었어요^^ 닭갈비부터 사리, 볶음밥까지 깔끔하게 식사했고 야채도 풍성히 즐겼어요~~",97,False,5.0,5.0,실버 레벨,"친구들이랑 또 방문했어요! 매장 분위기도 좋고 직원분들도 친절하셔서 기분 좋게 식사할 수 있었어요^^ 닭갈비부터 사리, 볶음밥까지 깔끔하게 식사했고 야채도 풍성히 즐겼어요~~",친구들이랑 또 방문했어요 EXCLAM 매장 분위기도 좋고 직원분들도 친절하셔서 기분 좋게 식사할 수 있었어요 닭갈비부터 사리 볶음밥까지 깔끔하게 식사했고 야채도 풍성히 즐겼어요 TILDE,0,0,0,0,1,0,0,97,원
kakao,을밀대 본점,FB,321.0,2025-07-19,,,오랫만에 다시 와봤는 데.. 물냉은 여전히 좋습니다. 수육은 가성비가 너무 없네요.. 개인적으로는 비추입니다.. 저는 녹두전이 훨씬 좋았습니다. 주말임에도 힌진빌딩 주차 (1시간 무료) 여유 있었습니다.,113,True,4.0,4.0,골드 레벨,오랫만에 다시 와봤는 데.. 물냉은 여전히 좋습니다. 수육은 가성비가 너무 없네요.. 개인적으로는 비추입니다.. 저는 녹두전이 훨씬 좋았습니다. 주말임에도 힌진빌딩 주차 (1시간 무료) 여유 있었습니다.,오랫만에 다시 와봤는 데 물냉은 여전히 좋습니다 수육은 가성비가 너무 없네요 개인적으로는 비추입니다 저는 녹두전이 훨씬 좋았습니다 주말임에도 힌진빌딩 주차 1시간 무료 여유 있었습니다,0,0,0,0,0,0,1,113,가성비
naver,마포양지설렁탕,yjinv,1971.0,2026.04.04,2번째 방문,영수증,친구들과 이야기하면서 수육에 술 한잔하는데 일하시는분들이 양해도 없이 아무렇지 않게 얼굴 옆쪽으로 손을 뻗으시더니 휴지통을 채우시네요 ㅎ 그리고 원래 수육시키면 국물이 조금 나왔던걸로 기억하는데 이젠 안 주나봅니다 설렁탕을 따로 시켰네요 수육시켰는데 국물 안 나오는 가게는 첨 봅니다 이제 못 가겠네요 양지 ㅋ,173,False,,,,친구들과 이야기하면서 수육에 술 한잔하는데 일하시는분들이 양해도 없이 아무렇지 않게 얼굴 옆쪽으로 손을 뻗으시더니 휴지통을 채우시네요 ㅎ 그리고 원래 수육시키면 국물이 조금 나왔던걸로 기억하는데 이젠 안 주나봅니다 설렁탕을 따로 시켰네요 수육시켰는데 국물 안 나오는 가게는 첨 봅니다 이제 못 가겠네요 양지 ㅋ,친구들과 이야기하면서 수육에 술 한잔하는데 일하시는분들이 양해도 없이 아무렇지 않게 얼굴 옆쪽으로 손을 뻗으시더니 휴지통을 채우시네요 그리고 원래 수육시키면 국물이 조금 나왔던걸로 기억하는데 이젠 안 주나봅니다 설렁탕을 따로 시켰네요 수육시켰는데 국물 안 나오는 가게는 첨 봅니다 이제 못 가겠네요 양지,0,0,0,0,0,0,0,173,원
naver,소문난성수감자탕,물이좋아좋아,202.0,2026.04.19,1번째 방문,영수증,"티비소개된 맛집이라는데 정말 이런 감자탕 처음 입니다. 감자탕소자가 32천원이지만 살없는 뼈에 수제비,밥 추가해야 국물에 밥 먹어요.고기는 정말 이렇게 없을 수 있을까.뼈가 분리안되고 먹을게 없어요. 삼대천왕에 나왔다는데 초심을 잃었을까요. 두번은 안가지 싶어요",146,False,,,,"티비소개된 맛집이라는데 정말 이런 감자탕 처음 입니다. 감자탕소자가 32천원이지만 살없는 뼈에 수제비,밥 추가해야 국물에 밥 먹어요.고기는 정말 이렇게 없을 수 있을까.뼈가 분리안되고 먹을게 없어요. 삼대천왕에 나왔다는데 초심을 잃었을까요. 두번은 안가지 싶어요",티비소개된 맛집이라는데 정말 이런 감자탕 처음 입니다 감자탕소자가 32천원이지만 살없는 뼈에 수제비 밥 추가해야 국물에 밥 먹어요 고기는 정말 이렇게 없을 수 있을까 뼈가 분리안되고 먹을게 없어요 삼대천왕에 나왔다는데 초심을 잃었을까요 두번은 안가지 싶어요,0,0,0,0,0,0,1,146,원
kakao,능동미나리 성수점,김효신,2.0,2025-10-22,,,"저희 아빠랑 예비신랑 같이 아침밥으로 능미 출근했습니다! 평일 아침이라 웨이팅 없이 바로 입장가능🫧 메뉴도 언제나 그랬듯이 스피드하게 바로 나와 주시고, 역시나 메뉴들 전부다 실망 안시키고 너무 맛있습니다 ! 직원분들도 들어가기전부터 나올때까지 너무너무 친절하시고 , 인사도 너무 잘해주시고 , 진짜 능동미나리 직원분들 진짜 최고입니다👍🏻👍🏻🫶🏻🫶🏻 내일도 저녁밥먹으러 능미 출근예정😍 항상 이자리 그대로 있어주세요... 능미 못잃어🫶🏻",244,True,5.0,5.0,브론즈 레벨,"저희 아빠랑 예비신랑 같이 아침밥으로 능미 출근했습니다! 평일 아침이라 웨이팅 없이 바로 입장가능🫧 메뉴도 언제나 그랬듯이 스피드하게 바로 나와 주시고, 역시나 메뉴들 전부다 실망 안시키고 너무 맛있습니다 ! 직원분들도 들어가기전부터 나올때까지 너무너무 친절하시고 , 인사도 너무 잘해주시고 , 진짜 능동미나리 직원분들 진짜 최고입니다👍🏻👍🏻🫶🏻🫶🏻 내일도 저녁밥먹으러 능미 출근예정😍 항상 이자리 그대로 있어주세요... 능미 못잃어🫶🏻",저희 아빠랑 예비신랑 같이 아침밥으로 능미 출근했습니다 EXCLAM 평일 아침이라 웨이팅 없이 바로 입장가능 메뉴도 언제나 그랬듯이 스피드하게 바로 나와 주시고 역시나 메뉴들 전부다 실망 안시키고 너무 맛있습니다 EXCLAM 직원분들도 들어가기전부터 나올때까지 너무너무 친절하시고 인사도 너무 잘해주시고 진짜 능동미나리 직원분들 진짜 최고입니다 EMO_POS EMO_POS 내일도 저녁밥먹으러 능미 출근예정 EMO_POS 항상 이자리 그대로 있어주세요 능미 못잃어,1,0,0,0,1,0,0,244,원
kakao,육지,ㅎㅈㅎ,1.0,2025-08-15,,,직원 분들이 친절하고 분위기 좋고 맛있어요👍,24,False,5.0,5.0,브론즈 레벨,직원 분들이 친절하고 분위기 좋고 맛있어요👍,직원 분들이 친절하고 분위기 좋고 맛있어요 EMO_POS,1,0,0,0,0,0,0,24,원
kakao,육지,김유민,3.0,2025-07-09,,,직원분들 친절하고 고기랑 사이드 다 맛있습니다!,26,True,5.0,5.0,브론즈 레벨,직원분들 친절하고 고기랑 사이드 다 맛있습니다!,직원분들 친절하고 고기랑 사이드 다 맛있습니다 EXCLAM,0,0,0,0,1,0,0,26,원
naver,뼈탄집 성수역점,hel****,32.0,2026.01.15,1번째 방문,영수증,직원분이 열심히 구워주신 고기를 냠냠념뇸 먹기만 하면 돼서 너무좋네요…🙈💕💕💕 고기는 두꺼워야한다는게 제 지론인데 굽기도 두께도 넘나 맘에 듦!!! 야채에도 콩고물 뿌려있어서 너무 고소하고 아삭하고 맛있슴다ㅠㅠ💕 밑반찬도 짭짤/매콤/시원아삭(묵은지) 다양해서 물리지 않게 먹을 수 있어요! 추천추천!!!,169,True,,,,직원분이 열심히 구워주신 고기를 냠냠념뇸 먹기만 하면 돼서 너무좋네요…🙈💕💕💕 고기는 두꺼워야한다는게 제 지론인데 굽기도 두께도 넘나 맘에 듦!!! 야채에도 콩고물 뿌려있어서 너무 고소하고 아삭하고 맛있슴다ㅠㅠ💕 밑반찬도 짭짤/매콤/시원아삭(묵은지) 다양해서 물리지 않게 먹을 수 있어요! 추천추천!!!,직원분이 열심히 구워주신 고기를 냠냠념뇸 먹기만 하면 돼서 너무좋네요 EMO_POS EMO_POS EMO_POS 고기는 두꺼워야한다는게 제 지론인데 굽기도 두께도 넘나 맘에 듦 EXCLAM 야채에도 콩고물 뿌려있어서 너무 고소하고 아삭하고 맛있슴다 EMO_POS 밑반찬도 짭짤 매콤 시원아삭 묵은지 다양해서 물리지 않게 먹을 수 있어요 EXCLAM 추천추천 EXCLAM,1,0,0,1,1,0,0,169,원
kakao,옥동식 서교점,wooh,26.0,2025-02-01,,,맛이나 분위기는 나쁘진 않은데 웨이팅해서 먹을정돈 진짜 아닌듯ㅋㅋ....,40,False,3.0,4.2,실버 레벨,맛이나 분위기는 나쁘진 않은데 웨이팅해서 먹을정돈 진짜 아닌듯ㅋㅋ....,맛이나 분위기는 나쁘진 않은데 웨이팅해서 먹을정돈 진짜 아닌듯,0,0,0,0,0,0,0,40,돈
naver,원조 조박집 본관,올리브많이,1547.0,2025.05.02,1번째 방문,영수증,"양념 돼지갈비가 맛있고, 같이 나오는 동치미 국수가 시원하고 좋았어요. 점심에 어르신들도 많이 오시고 직원분이 친절하셔서 기분 좋게 식사했습니다.",81,True,,,,"양념 돼지갈비가 맛있고, 같이 나오는 동치미 국수가 시원하고 좋았어요. 점심에 어르신들도 많이 오시고 직원분이 친절하셔서 기분 좋게 식사했습니다.",양념 돼지갈비가 맛있고 같이 나오는 동치미 국수가 시원하고 좋았어요 점심에 어르신들도 많이 오시고 직원분이 친절하셔서 기분 좋게 식사했습니다,0,0,0,0,0,0,0,81,원
naver,원조 조박집 본관,수근68,2069.0,2025.02.10,6번째 방문,영수증,늦은 점심식사하러 간만에 조박집을 갔어요. 돼지갈비 맛집이죠. 참 오래 다녔는데 한결같은 맛이에요. 동치미 국수와 마지막에 나오는 얼음동동 식혜도 일품 제가 돼지갈비가 땡기면 가는곳. 공기밥과 된장찌개도 시켜먹었어요. 전과 다른점은 된장소스만 나온다는거 고추장소스는 달라하면 가져다 주네요. 고추장소스도 맛있어요. 간만에 잘 먹고 갑니다. 1인분 19000원이지만 아깝지않다는^^ 최고^^,217,True,,,,늦은 점심식사하러 간만에 조박집을 갔어요. 돼지갈비 맛집이죠. 참 오래 다녔는데 한결같은 맛이에요. 동치미 국수와 마지막에 나오는 얼음동동 식혜도 일품 제가 돼지갈비가 땡기면 가는곳. 공기밥과 된장찌개도 시켜먹었어요. 전과 다른점은 된장소스만 나온다는거 고추장소스는 달라하면 가져다 주네요. 고추장소스도 맛있어요. 간만에 잘 먹고 갑니다. 1인분 19000원이지만 아깝지않다는^^ 최고^^,늦은 점심식사하러 간만에 조박집을 갔어요 돼지갈비 맛집이죠 참 오래 다녔는데 한결같은 맛이에요 동치미 국수와 마지막에 나오는 얼음동동 식혜도 일품 제가 돼지갈비가 땡기면 가는곳 공기밥과 된장찌개도 시켜먹었어요 전과 다른점은 된장소스만 나온다는거 고추장소스는 달라하면 가져다 주네요 고추장소스도 맛있어요 간만에 잘 먹고 갑니다 1인분 19000원이지만 아깝지않다는 최고,0,0,0,0,0,0,1,217,"원, 아깝"
naver,능동미나리 성수지점,star0605,126.0,2026.02.18,1번째 방문,영수증,연휴지만12시전에 방문해서 바로입장👏👏미나리향연 🌿 ☘️ 이네요 ㅎㅎ 공기법리필가능하고 곰탕에 고기도 듬뿍👍 좌석이 좁아서 4인테이블에 4명이 가방과 겨울외투까지두려니 불편하긴해요☺️그래도 줄안선다면 가격대비 훌륭한 식사인듯요👌 전 재방문해서 수육과 육전먹어보려고요😘,149,True,,,,연휴지만12시전에 방문해서 바로입장👏👏미나리향연 🌿 ☘️ 이네요 ㅎㅎ 공기법리필가능하고 곰탕에 고기도 듬뿍👍 좌석이 좁아서 4인테이블에 4명이 가방과 겨울외투까지두려니 불편하긴해요☺️그래도 줄안선다면 가격대비 훌륭한 식사인듯요👌 전 재방문해서 수육과 육전먹어보려고요😘,연휴지만12시전에 방문해서 바로입장 EMO_POS EMO_POS 미나리향연 이네요 공기법리필가능하고 곰탕에 고기도 듬뿍 EMO_POS 좌석이 좁아서 4인테이블에 4명이 가방과 겨울외투까지두려니 불편하긴해요 그래도 줄안선다면 가격대비 훌륭한 식사인듯요 전 재방문해서 수육과 육전먹어보려고요 EMO_POS,1,0,0,0,0,0,1,149,"가격, 가격대"
kakao,이태리국시 성수,솜,2.0,2026-04-12,,,재료 신선한 느낌에 소스들이 다 맛있어요! 제 픽은 뇨끼! 아 그리구 직원분 나긋나긋 친절하세요🤓,54,True,5.0,5.0,브론즈 레벨,재료 신선한 느낌에 소스들이 다 맛있어요! 제 픽은 뇨끼! 아 그리구 직원분 나긋나긋 친절하세요🤓,재료 신선한 느낌에 소스들이 다 맛있어요 EXCLAM 제 픽은 뇨끼 EXCLAM 아 그리구 직원분 나긋나긋 친절하세요,0,0,0,0,1,0,0,54,원
naver,조선시대,lsjn0005,5.0,2026.03.24,1번째 방문,영수증,성인 남자 둘이서도 뜨끈하게 우정을 나누며 감성도 챙길 수 있는 술집입니다. 저희는 항상 둘이서 술을 마시러 올 때 이곳을 1차로 와서 미스터 선샤인 감성을 냅니다. 가성비도 좋아서 자주오게 되는 술집입니다.,116,True,,,,성인 남자 둘이서도 뜨끈하게 우정을 나누며 감성도 챙길 수 있는 술집입니다. 저희는 항상 둘이서 술을 마시러 올 때 이곳을 1차로 와서 미스터 선샤인 감성을 냅니다. 가성비도 좋아서 자주오게 되는 술집입니다.,성인 남자 둘이서도 뜨끈하게 우정을 나누며 감성도 챙길 수 있는 술집입니다 저희는 항상 둘이서 술을 마시러 올 때 이곳을 1차로 와서 미스터 선샤인 감성을 냅니다 가성비도 좋아서 자주오게 되는 술집입니다,0,0,0,0,0,0,1,116,가성비
naver,옥동식,libra1978,3329.0,2026.01.19,17번째 방문,영수증,깔끔한 맑은곰탕 담백하고 시원함이 느껴지는 명실상부 합정 맛집~ TV에 나온뒤 대기가 너무 길어져서 더더욱 먹기 쉽지 않네요...,72,True,,,,깔끔한 맑은곰탕 담백하고 시원함이 느껴지는 명실상부 합정 맛집~ TV에 나온뒤 대기가 너무 길어져서 더더욱 먹기 쉽지 않네요...,깔끔한 맑은곰탕 담백하고 시원함이 느껴지는 명실상부 합정 맛집 TV에 나온뒤 대기가 너무 길어져서 더더욱 먹기 쉽지 않네요,0,0,0,0,0,0,0,72,원
naver,장인닭갈비 홍대점,bae****,33.0,2026.04.08,1번째 방문,영수증,직원분이 친절하시고 음식 양도 많고 맛있습니다 !!👍👍,30,True,,,,직원분이 친절하시고 음식 양도 많고 맛있습니다 !!👍👍,직원분이 친절하시고 음식 양도 많고 맛있습니다 EXCLAM EMO_POS EMO_POS,1,0,0,0,1,0,0,30,원
naver,황금콩밭,배잘리나,75.0,2026.01.11,1번째 방문,영수증,"오늘 방문해서 추가 고기를 주문했는데, 고기에서 수세미 같은 실오라기 이물질이 나왔습니다. 직원분께 말씀드리니 고기는 다시 준비해 주셨고 확인해 보겠다고 가져가셨지만, 그 이후 어떤 설명이나 사과의 말도 없었습니다. 고기만 새로 나왔을 뿐, 직원이나 계산 시 사장님으로부터 “불편을 드려 죄송하다”는 한마디조차 없어 많이 아쉬웠습니다. 매년 미쉐린에 등재되는 곳이고, 가족이 정말 좋아하던 식당이라 더욱 기대가 컸는데 응대 부분에서는 실망이 컸습니다. 음식의 문제보다도 이런 상황에서의 기본적인 소통과 태도가 더 중요하다고 생각합니다. 좋은 음식과 명성에 걸맞은 응대를 기대하며, 같은 일이 반복되지 않기를 바라는 마음으로 남깁니다",353,True,,,,"오늘 방문해서 추가 고기를 주문했는데, 고기에서 수세미 같은 실오라기 이물질이 나왔습니다. 직원분께 말씀드리니 고기는 다시 준비해 주셨고 확인해 보겠다고 가져가셨지만, 그 이후 어떤 설명이나 사과의 말도 없었습니다. 고기만 새로 나왔을 뿐, 직원이나 계산 시 사장님으로부터 “불편을 드려 죄송하다”는 한마디조차 없어 많이 아쉬웠습니다. 매년 미쉐린에 등재되는 곳이고, 가족이 정말 좋아하던 식당이라 더욱 기대가 컸는데 응대 부분에서는 실망이 컸습니다. 음식의 문제보다도 이런 상황에서의 기본적인 소통과 태도가 더 중요하다고 생각합니다. 좋은 음식과 명성에 걸맞은 응대를 기대하며, 같은 일이 반복되지 않기를 바라는 마음으로 남깁니다",오늘 방문해서 추가 고기를 주문했는데 고기에서 수세미 같은 실오라기 이물질이 나왔습니다 직원분께 말씀드리니 고기는 다시 준비해 주셨고 확인해 보겠다고 가져가셨지만 그 이후 어떤 설명이나 사과의 말도 없었습니다 고기만 새로 나왔을 뿐 직원이나 계산 시 사장님으로부터 불편을 드려 죄송하다 는 한마디조차 없어 많이 아쉬웠습니다 매년 미쉐린에 등재되는 곳이고 가족이 정말 좋아하던 식당이라 더욱 기대가 컸는데 응대 부분에서는 실망이 컸습니다 음식의 문제보다도 이런 상황에서의 기본적인 소통과 태도가 더 중요하다고 생각합니다 좋은 음식과 명성에 걸맞은 응대를 기대하며 같은 일이 반복되지 않기를 바라는 마음으로 남깁니다,0,0,0,0,0,0,0,353,원
naver,홍대 육지,kay****,89.0,2026.04.29,1번째 방문,영수증,지나가다 사람많고 분위기 좋아서 들어왔ㄴ ㄴ데 고기 맛있고 직원들 친절하고 좋아요 👍,47,True,,,,지나가다 사람많고 분위기 좋아서 들어왔ㄴ ㄴ데 고기 맛있고 직원들 친절하고 좋아요 👍,지나가다 사람많고 분위기 좋아서 들어왔 데 고기 맛있고 직원들 친절하고 좋아요 EMO_POS,1,0,0,0,0,0,0,47,원
naver,락희옥 마포본점,비상509,19.0,2025.08.05,1번째 방문,영수증,"고기 정말 맛있고요 껍데기 야들야들 쫀득해서 맛있어요 네이버 예약하고 전병 쿠폰 받으면 전병 주시고요, 김치말이 국수도 시원하고 국물이 자극적이지 않지만 맛있게 깔끔해서 좋았어요 공덕역 회식 맛집입니다",112,True,,,,"고기 정말 맛있고요 껍데기 야들야들 쫀득해서 맛있어요 네이버 예약하고 전병 쿠폰 받으면 전병 주시고요, 김치말이 국수도 시원하고 국물이 자극적이지 않지만 맛있게 깔끔해서 좋았어요 공덕역 회식 맛집입니다",고기 정말 맛있고요 껍데기 야들야들 쫀득해서 맛있어요 네이버 예약하고 전병 쿠폰 받으면 전병 주시고요 김치말이 국수도 시원하고 국물이 자극적이지 않지만 맛있게 깔끔해서 좋았어요 공덕역 회식 맛집입니다,0,0,0,0,0,0,0,112,원
kakao,능동미나리 성수점,스껄,1035.0,2025-07-30,,,미나리곰탕 아주 맛있게 먹었습니다. 깍두기 맛있었고 기본으로 나오는 미나리무침도 맛있었어요. 육전은 무난해요. 직원분이 아주 친절하셨어요!,77,False,5.0,4.1,블루 레벨,미나리곰탕 아주 맛있게 먹었습니다. 깍두기 맛있었고 기본으로 나오는 미나리무침도 맛있었어요. 육전은 무난해요. 직원분이 아주 친절하셨어요!,미나리곰탕 아주 맛있게 먹었습니다 깍두기 맛있었고 기본으로 나오는 미나리무침도 맛있었어요 육전은 무난해요 직원분이 아주 친절하셨어요 EXCLAM,0,0,0,0,1,0,0,77,원
naver,뼈탄집 성수역점,ruwk1807,13.0,2026.02.26,1번째 방문,영수증,예전부터 지나가다가 저기 한번 가야지 가야지 하다가 오늘 여자친구랑 같이 처음 뼈탄집 방문했는데요!!! 일단 음식 너무 맛있어용😄 직원분들도 너무 친절하시고~앞으로 자주 올꺼같아요👍 p.s 여기 시그니처 숙성뼈탄삼겹살 꼭 드셔요!!!강추,132,True,,,,예전부터 지나가다가 저기 한번 가야지 가야지 하다가 오늘 여자친구랑 같이 처음 뼈탄집 방문했는데요!!! 일단 음식 너무 맛있어용😄 직원분들도 너무 친절하시고~앞으로 자주 올꺼같아요👍 p.s 여기 시그니처 숙성뼈탄삼겹살 꼭 드셔요!!!강추,예전부터 지나가다가 저기 한번 가야지 가야지 하다가 오늘 여자친구랑 같이 처음 뼈탄집 방문했는데요 EXCLAM 일단 음식 너무 맛있어용 EMO_POS 직원분들도 너무 친절하시고 앞으로 자주 올꺼같아요 EMO_POS p s 여기 시그니처 숙성뼈탄삼겹살 꼭 드셔요 EXCLAM 강추,1,0,0,0,1,0,0,132,원
naver,마포양지설렁탕,먹고걷고햇빛듬뿍,1961.0,2026.03.17,1번째 방문,영수증,"처음으로 방문을 했습니다 5호선 마포역이나 공덕역을 통해서 올수가 있습니다, 공덕역 8번출구로 나와서 약 200미터 직진후에 왼쪽편에 건물이 보입니다, 창강빌딩 맞은편 풀리오매장과 다락광고판이 보이고 인근에 호텔 4군데가 있습니다, 가든호텔, 로이넷호텔, 신라스테이, 롯데 시티호텔이 있어서 외국분들도 많이 옵니다, 기본 설렁탕(14,000원)입니다, 테이블위에 대파통과 깍두기 파김치,배추김치통이 있으니 원하시는 김치를 드세요 공기밥과 국수사리는 처음부터 추가하거나 나중에도 가능하고 포장은 2인부터가능 국물이 많이 포장됩니다, 대한민국 방방곡곡 도시거리와 둘레길을 걸어다니면서 음식점 카페 빵집 박물관 기념관 소개하는 리뷰어입니다 ✅️ MY플레이스 리뷰어순위 TOP 30등 🌼🌸 ✅️리뷰 총조회수 1,800만회",399,True,,,,"처음으로 방문을 했습니다 5호선 마포역이나 공덕역을 통해서 올수가 있습니다, 공덕역 8번출구로 나와서 약 200미터 직진후에 왼쪽편에 건물이 보입니다, 창강빌딩 맞은편 풀리오매장과 다락광고판이 보이고 인근에 호텔 4군데가 있습니다, 가든호텔, 로이넷호텔, 신라스테이, 롯데 시티호텔이 있어서 외국분들도 많이 옵니다, 기본 설렁탕(14,000원)입니다, 테이블위에 대파통과 깍두기 파김치,배추김치통이 있으니 원하시는 김치를 드세요 공기밥과 국수사리는 처음부터 추가하거나 나중에도 가능하고 포장은 2인부터가능 국물이 많이 포장됩니다, 대한민국 방방곡곡 도시거리와 둘레길을 걸어다니면서 음식점 카페 빵집 박물관 기념관 소개하는 리뷰어입니다 ✅️ MY플레이스 리뷰어순위 TOP 30등 🌼🌸 ✅️리뷰 총조회수 1,800만회",처음으로 방문을 했습니다 5호선 마포역이나 공덕역을 통해서 올수가 있습니다 공덕역 8번출구로 나와서 약 200미터 직진후에 왼쪽편에 건물이 보입니다 창강빌딩 맞은편 풀리오매장과 다락광고판이 보이고 인근에 호텔 4군데가 있습니다 가든호텔 로이넷호텔 신라스테이 롯데 시티호텔이 있어서 외국분들도 많이 옵니다 기본 설렁탕 14 000원 입니다 테이블위에 대파통과 깍두기 파김치 배추김치통이 있으니 원하시는 김치를 드세요 공기밥과 국수사리는 처음부터 추가하거나 나중에도 가능하고 포장은 2인부터가능 국물이 많이 포장됩니다 대한민국 방방곡곡 도시거리와 둘레길을 걸어다니면서 음식점 카페 빵집 박물관 기념관 소개하는 리뷰어입니다 MY플레이스 리뷰어순위 TOP 30등 리뷰 총조회수 1 800만회,0,0,0,0,0,0,1,399,원
kakao,쭌곱창,한지희,1.0,2025-02-23,,,친절하게 먹는법 알려주시고 가성비 좋은 음식점입니다! 친구랑 왔는데 맛있게 먹구 갑니다~,49,True,5.0,5.0,브론즈 레벨,친절하게 먹는법 알려주시고 가성비 좋은 음식점입니다! 친구랑 왔는데 맛있게 먹구 갑니다~,친절하게 먹는법 알려주시고 가성비 좋은 음식점입니다 EXCLAM 친구랑 왔는데 맛있게 먹구 갑니다,0,0,0,0,1,0,0,49,가성비
naver,홍대 육지,12****,1547.0,2026.04.11,1번째 방문,영수증,합정역 20인분 한정메뉴 돈대갈비 먹었는데 존맛탱 직원분들도 너무 친절하고 시그니처 메뉴 일찍와서 꼭 먹어요!!,62,True,,,,합정역 20인분 한정메뉴 돈대갈비 먹었는데 존맛탱 직원분들도 너무 친절하고 시그니처 메뉴 일찍와서 꼭 먹어요!!,합정역 20인분 한정메뉴 돈대갈비 먹었는데 존맛탱 직원분들도 너무 친절하고 시그니처 메뉴 일찍와서 꼭 먹어요 EXCLAM,0,0,0,0,1,0,1,62,"돈, 원"
naver,옥동식,MoleLogBox,142.0,2025.03.01,1번째 방문,영수증,"가격을 생각하면 굉장히 훌륭한 음식이고 조용한 분위기에 온전히 음식에 집중할 수 있어 좋았습니다. 무척 맛있습니다만 약간의 아쉬움이 있다면, 토렴을 고려한 밥알의 단단함이 약간 부담스러웠습니다. 그리고 많이 짠 편이라 같이 제공하신 보리차가 굉장히 맛있어 계속 마셨습니다. 김치를 잘 먹지 않는데 여기선 많이 먹을 정도로 맛있었고 고추지도 돼지고기와 곁들여 먹기에 무척 훌륭합니다.",213,True,,,,"가격을 생각하면 굉장히 훌륭한 음식이고 조용한 분위기에 온전히 음식에 집중할 수 있어 좋았습니다. 무척 맛있습니다만 약간의 아쉬움이 있다면, 토렴을 고려한 밥알의 단단함이 약간 부담스러웠습니다. 그리고 많이 짠 편이라 같이 제공하신 보리차가 굉장히 맛있어 계속 마셨습니다. 김치를 잘 먹지 않는데 여기선 많이 먹을 정도로 맛있었고 고추지도 돼지고기와 곁들여 먹기에 무척 훌륭합니다.",가격을 생각하면 굉장히 훌륭한 음식이고 조용한 분위기에 온전히 음식에 집중할 수 있어 좋았습니다 무척 맛있습니다만 약간의 아쉬움이 있다면 토렴을 고려한 밥알의 단단함이 약간 부담스러웠습니다 그리고 많이 짠 편이라 같이 제공하신 보리차가 굉장히 맛있어 계속 마셨습니다 김치를 잘 먹지 않는데 여기선 많이 먹을 정도로 맛있었고 고추지도 돼지고기와 곁들여 먹기에 무척 훌륭합니다,0,0,0,0,0,0,0,213,가격
naver,홍대 육지,펠로4,23.0,2026.04.11,1번째 방문,영수증,"합정역에 가장 인기있는 육지 고기집… 한정메뉴로 돈대갈비 먹었는데 숙성이 너무 잘되서 존맛탱….. 하루에 20분 한정이니깐 빨리 가야될듯….🥹 고기도 잘 구워주시고, 일하시는 분들도 너무 친절하고 매장도 청결해요. 추천 꾸욱🫣",126,True,,,,"합정역에 가장 인기있는 육지 고기집… 한정메뉴로 돈대갈비 먹었는데 숙성이 너무 잘되서 존맛탱….. 하루에 20분 한정이니깐 빨리 가야될듯….🥹 고기도 잘 구워주시고, 일하시는 분들도 너무 친절하고 매장도 청결해요. 추천 꾸욱🫣",합정역에 가장 인기있는 육지 고기집 한정메뉴로 돈대갈비 먹었는데 숙성이 너무 잘되서 존맛탱 하루에 20분 한정이니깐 빨리 가야될듯 고기도 잘 구워주시고 일하시는 분들도 너무 친절하고 매장도 청결해요 추천 꾸욱,0,0,0,0,0,0,1,126,돈
naver,마포양지설렁탕,별로면안먹음,1256.0,2026.01.29,1번째 방문,영수증,"설렁탕 한그릇 14,000원 마포 올때마다 가요",26,False,,,,"설렁탕 한그릇 14,000원 마포 올때마다 가요",설렁탕 한그릇 14 000원 마포 올때마다 가요,0,0,0,0,0,0,1,26,원
naver,각시보쌈,4 8 8 5,1375.0,2025.06.27,1번째 방문,영수증,최곱니다 최고ㅠㅠ 갓시보쌈이에요ㅜ 우선 혼자갔는데도 넘 친절하게 대해주시구 보쌈정식도 단돈 만원에 반찬 쫙 깔리구 찌개까지 나오다니 엄청나용!!ㅜ 최근에 이렇게 맛있게 많이 먹은적이 없었던 것 같은데 오늘 밥 3공기 때려뿌수고 왔어요 고기도 잡내없이 부드럽고 맛있구요 김치도 맛있구 상추도 많이 주셔요 마카로니?도 맛있었는데 특히 그 옆에있는 배추무침? 같은거 넘 맛있어요 제 입맛에 간간하니 너무 딱 잘 맞았네요😋 찌개도 보쌈에 같이 나오는거다보니 그냥 김치찌개이겠거니 했는데 고기도 들어있고 참치가 많이 들어있어요!! 4인석인데도 혼자 먹는데 정말 편안하게 아주 잘 먹었구요 맛집을 찾아 여기저기 다니지만 이런 곳을 방문할 때마다 너무 행복하구 기분이 좋아요🥰 재방문 의사 10000000000000%에요🫶,397,True,,,,최곱니다 최고ㅠㅠ 갓시보쌈이에요ㅜ 우선 혼자갔는데도 넘 친절하게 대해주시구 보쌈정식도 단돈 만원에 반찬 쫙 깔리구 찌개까지 나오다니 엄청나용!!ㅜ 최근에 이렇게 맛있게 많이 먹은적이 없었던 것 같은데 오늘 밥 3공기 때려뿌수고 왔어요 고기도 잡내없이 부드럽고 맛있구요 김치도 맛있구 상추도 많이 주셔요 마카로니?도 맛있었는데 특히 그 옆에있는 배추무침? 같은거 넘 맛있어요 제 입맛에 간간하니 너무 딱 잘 맞았네요😋 찌개도 보쌈에 같이 나오는거다보니 그냥 김치찌개이겠거니 했는데 고기도 들어있고 참치가 많이 들어있어요!! 4인석인데도 혼자 먹는데 정말 편안하게 아주 잘 먹었구요 맛집을 찾아 여기저기 다니지만 이런 곳을 방문할 때마다 너무 행복하구 기분이 좋아요🥰 재방문 의사 10000000000000%에요🫶,최곱니다 최고 갓시보쌈이에요 우선 혼자갔는데도 넘 친절하게 대해주시구 보쌈정식도 단돈 만원에 반찬 쫙 깔리구 찌개까지 나오다니 엄청나용 EXCLAM 최근에 이렇게 맛있게 많이 먹은적이 없었던 것 같은데 오늘 밥 3공기 때려뿌수고 왔어요 고기도 잡내없이 부드럽고 맛있구요 김치도 맛있구 상추도 많이 주셔요 마카로니 QUESTION 도 맛있었는데 특히 그 옆에있는 배추무침 QUESTION 같은거 넘 맛있어요 제 입맛에 간간하니 너무 딱 잘 맞았네요 EMO_POS 찌개도 보쌈에 같이 나오는거다보니 그냥 김치찌개이겠거니 했는데 고기도 들어있고 참치가 많이 들어있어요 EXCLAM 4인석인데도 혼자 먹는데 정말 편안하게 아주 잘 먹었구요 맛집을 찾아 여기저기 다니지만 이런 곳을 방문할 때마다 너무 행복하구 기분이 좋아요 EMO_POS 재방문 의사 10000000000000 에요,1,0,0,1,1,1,1,397,"돈, 원"
naver,소문난성수감자탕,ruask,168.0,2025.10.11,1번째 방문,,"성수 갈때마다 줄서잇길래 너무너무 궁금했는데 대기 별로 없어서 방문해봤어요! 안에 자리 많고 직원분들은 기계식으로 친절하셔요 ~~ 먹어도 된다구 해도 조금 더 끓여드시면 좋을거같구 ,, 가격은 조금 비싼편인것 같습니다 ㅠㅅㅜ 맛잇어요 ~~ 수제비 추천 !!!",144,True,,,,"성수 갈때마다 줄서잇길래 너무너무 궁금했는데 대기 별로 없어서 방문해봤어요! 안에 자리 많고 직원분들은 기계식으로 친절하셔요 ~~ 먹어도 된다구 해도 조금 더 끓여드시면 좋을거같구 ,, 가격은 조금 비싼편인것 같습니다 ㅠㅅㅜ 맛잇어요 ~~ 수제비 추천 !!!",성수 갈때마다 줄서잇길래 너무너무 궁금했는데 대기 별로 없어서 방문해봤어요 EXCLAM 안에 자리 많고 직원분들은 기계식으로 친절하셔요 TILDE 먹어도 된다구 해도 조금 더 끓여드시면 좋을거같구 가격은 조금 비싼편인것 같습니다 맛잇어요 TILDE 수제비 추천 EXCLAM,0,0,0,0,1,0,0,144,"가격, 원"
kakao,훼미리손칼국수보쌈,냠냠,259.0,2025-05-27,,,15000원에 김치 3종 + 보쌈 + 칼국수 + 밥 반공기 + 배추 완존 푸짐해용 보쌈이랑 김치가 진짜 맛있어요.. 칼국수도 맛있었는데 예상은 가는 맛이에요! 주말 점심이라 웨이팅 1시간 넘게했는데 worth it!,120,True,5.0,4.0,골드 레벨,15000원에 김치 3종 + 보쌈 + 칼국수 + 밥 반공기 + 배추 완존 푸짐해용 보쌈이랑 김치가 진짜 맛있어요.. 칼국수도 맛있었는데 예상은 가는 맛이에요! 주말 점심이라 웨이팅 1시간 넘게했는데 worth it!,15000원에 김치 3종 보쌈 칼국수 밥 반공기 배추 완존 푸짐해용 보쌈이랑 김치가 진짜 맛있어요 칼국수도 맛있었는데 예상은 가는 맛이에요 EXCLAM 주말 점심이라 웨이팅 1시간 넘게했는데 worth it EXCLAM,0,0,0,0,1,0,1,120,원
kakao,옥동식 서교점,sulsulsultv,475.0,2026-02-12,,,"3위 아직까지? 는 옥동식 ㅎ 포장으로 국물만 따로 먹으면 이상한 약맛이 난다 . 육수는 약한데 짠편이다 .식어가면서 짠맛과 신맛이 많이 올라온다 . 육수를 밥과 수육을 같이 먹으면 약맛은 덜하나 신맛은 식을수록 쎄진다 . 육향이 강한 수육은 옥동식만의 매력이 있다 . 1위 쌍림동 서울곰탕 차원이 다른맛 그냥 보약이다 . 2위 황학1779 육수가 더 진한데 라이트한 깔끔함. 1,2위가 강력하여 재방문은 없겠다 . 포장하지말고 매장에서 경험하는게 좋을듯",254,True,2.0,3.3,골드 레벨,"3위 아직까지? 는 옥동식 ㅎ 포장으로 국물만 따로 먹으면 이상한 약맛이 난다 . 육수는 약한데 짠편이다 .식어가면서 짠맛과 신맛이 많이 올라온다 . 육수를 밥과 수육을 같이 먹으면 약맛은 덜하나 신맛은 식을수록 쎄진다 . 육향이 강한 수육은 옥동식만의 매력이 있다 . 1위 쌍림동 서울곰탕 차원이 다른맛 그냥 보약이다 . 2위 황학1779 육수가 더 진한데 라이트한 깔끔함. 1,2위가 강력하여 재방문은 없겠다 . 포장하지말고 매장에서 경험하는게 좋을듯",3위 아직까지 QUESTION 는 옥동식 포장으로 국물만 따로 먹으면 이상한 약맛이 난다 육수는 약한데 짠편이다 식어가면서 짠맛과 신맛이 많이 올라온다 육수를 밥과 수육을 같이 먹으면 약맛은 덜하나 신맛은 식을수록 쎄진다 육향이 강한 수육은 옥동식만의 매력이 있다 1위 쌍림동 서울곰탕 차원이 다른맛 그냥 보약이다 2위 황학1779 육수가 더 진한데 라이트한 깔끔함 1 2위가 강력하여 재방문은 없겠다 포장하지말고 매장에서 경험하는게 좋을듯,0,0,0,0,0,1,1,254,원
kakao,쭌곱창,ㅇ,1.0,2025-03-13,,,분위기도 넘 좋구 가성비 최고에요 홍대에수 이렇게 가성비 좋은곳찾기 힘들듯싶어요!! 직원분도 되게 친절하시구 재방문 의사 100프로 입니다 !! 곱창 먹고싶었는데 잘 먹고가요 👍🏻🤍 근데 대기시간은 좀 길어요..! 참고바랍니당,126,True,5.0,5.0,브론즈 레벨,분위기도 넘 좋구 가성비 최고에요 홍대에수 이렇게 가성비 좋은곳찾기 힘들듯싶어요!! 직원분도 되게 친절하시구 재방문 의사 100프로 입니다 !! 곱창 먹고싶었는데 잘 먹고가요 👍🏻🤍 근데 대기시간은 좀 길어요..! 참고바랍니당,분위기도 넘 좋구 가성비 최고에요 홍대에수 이렇게 가성비 좋은곳찾기 힘들듯싶어요 EXCLAM 직원분도 되게 친절하시구 재방문 의사 100프로 입니다 EXCLAM 곱창 먹고싶었는데 잘 먹고가요 EMO_POS EMO_POS 근데 대기시간은 좀 길어요 EXCLAM 참고바랍니당,1,0,0,0,1,0,1,126,"가성비, 원"
naver,훼미리손칼국수보쌈,금붕어6979,1508.0,2026.01.15,1번째 방문,영수증,보쌈정식의 고기가 부드럽고 맛있어요 2000원을 추가하면 따뜻한 만두국을 먹을 수 있어서 좋아요,53,True,,,,보쌈정식의 고기가 부드럽고 맛있어요 2000원을 추가하면 따뜻한 만두국을 먹을 수 있어서 좋아요,보쌈정식의 고기가 부드럽고 맛있어요 2000원을 추가하면 따뜻한 만두국을 먹을 수 있어서 좋아요,0,0,0,0,0,0,1,53,원
naver,능동미나리 성수지점,소마35,23.0,2026.03.10,1번째 방문,영수증,온다 온다 하다가 결국. 괜찮음. 일단 사진 비주얼. (내가 못찍는거임) 한식 탕 좋아하면 와볼만. 기본이 곰탕이니 가격은 인장.,72,True,,,,온다 온다 하다가 결국. 괜찮음. 일단 사진 비주얼. (내가 못찍는거임) 한식 탕 좋아하면 와볼만. 기본이 곰탕이니 가격은 인장.,온다 온다 하다가 결국 괜찮음 일단 사진 비주얼 내가 못찍는거임 한식 탕 좋아하면 와볼만 기본이 곰탕이니 가격은 인장,0,0,0,0,0,0,0,72,가격
kakao,육지,평점마술사,76.0,2025-09-14,,,그정돈가,4,False,3.0,3.3,골드 레벨,그정돈가,그정돈가,0,0,0,0,0,0,0,4,돈
kakao,할머니의레시피,맛집알려주께(팔로우하고맛있게드세요),14.0,2025-07-13,,,몇 달 전 주말 점심때 방문했어요. 타이밍 좋게 웨이팅 없었는데 제가 들어온 이후로 웨이팅 하시는 분들 조금 계셨어요. 직원들이 바빠서 조금 쌀쌀맞다고 느낄 수도 있지만 친절하시고 음식은 10분 이상 걸려서 나왔어요. 건강한 맛이에요. 간이 세지않고 맛있게 만들었어요.,150,False,4.0,3.7,실버 레벨,몇 달 전 주말 점심때 방문했어요. 타이밍 좋게 웨이팅 없었는데 제가 들어온 이후로 웨이팅 하시는 분들 조금 계셨어요. 직원들이 바빠서 조금 쌀쌀맞다고 느낄 수도 있지만 친절하시고 음식은 10분 이상 걸려서 나왔어요. 건강한 맛이에요. 간이 세지않고 맛있게 만들었어요.,몇 달 전 주말 점심때 방문했어요 타이밍 좋게 웨이팅 없었는데 제가 들어온 이후로 웨이팅 하시는 분들 조금 계셨어요 직원들이 바빠서 조금 쌀쌀맞다고 느낄 수도 있지만 친절하시고 음식은 10분 이상 걸려서 나왔어요 건강한 맛이에요 간이 세지않고 맛있게 만들었어요,0,0,0,0,0,0,1,150,원
naver,보끔당 성수점,sj0****,21.0,2026.03.27,1번째 방문,영수증,양도 많고 너무 맛있어요! 직원분들도 너무 친절하셔요 다음에 또 성수오면 오려구요 ㅎㅎ 잘 먹고갑니다!!,58,True,,,,양도 많고 너무 맛있어요! 직원분들도 너무 친절하셔요 다음에 또 성수오면 오려구요 ㅎㅎ 잘 먹고갑니다!!,양도 많고 너무 맛있어요 EXCLAM 직원분들도 너무 친절하셔요 다음에 또 성수오면 오려구요 잘 먹고갑니다 EXCLAM,0,0,0,0,1,0,0,58,원
naver,원조 조박집 본관,UK8,474.0,2025.08.01,1번째 방문,예약,"서울에서 돼지갈비하면 넘버원인 곳. 고기 퀄리티가 남달라 항상 사람이 많은 곳. 매번 사람이 많아 붐벼도, 직원분들이 친절합니다.",72,True,,,,"서울에서 돼지갈비하면 넘버원인 곳. 고기 퀄리티가 남달라 항상 사람이 많은 곳. 매번 사람이 많아 붐벼도, 직원분들이 친절합니다.",서울에서 돼지갈비하면 넘버원인 곳 고기 퀄리티가 남달라 항상 사람이 많은 곳 매번 사람이 많아 붐벼도 직원분들이 친절합니다,0,0,0,0,0,0,0,72,원
kakao,육지,김유진,1.0,2025-07-07,,,고기가 너무 부드럽고 직원분들도 친절해서 너무 좋았어요☺️ 다음에 다시 방문하고 싶습니다💗,50,True,5.0,5.0,브론즈 레벨,고기가 너무 부드럽고 직원분들도 친절해서 너무 좋았어요☺️ 다음에 다시 방문하고 싶습니다💗,고기가 너무 부드럽고 직원분들도 친절해서 너무 좋았어요 다음에 다시 방문하고 싶습니다 EMO_POS,1,0,0,0,0,0,0,50,원
naver,홍대 육지,뇨료룡,21.0,2026.04.20,1번째 방문,예약,여기 진짜 위험한 가게예요. 고기 먹으러 갔다가 직원분들 비주얼에 먼저 구워지고 왔습니다… 아니 직원분들이 왜 이렇게 잘생기신 거죠? 삼겹살 굽는 손길은 프로인데 얼굴은 아이돌이세요;; 고기 익는 거 기다리다가 제 마음이 먼저 익어버렸어요ㅋㅋ,135,True,,,,여기 진짜 위험한 가게예요. 고기 먹으러 갔다가 직원분들 비주얼에 먼저 구워지고 왔습니다… 아니 직원분들이 왜 이렇게 잘생기신 거죠? 삼겹살 굽는 손길은 프로인데 얼굴은 아이돌이세요;; 고기 익는 거 기다리다가 제 마음이 먼저 익어버렸어요ㅋㅋ,여기 진짜 위험한 가게예요 고기 먹으러 갔다가 직원분들 비주얼에 먼저 구워지고 왔습니다 아니 직원분들이 왜 이렇게 잘생기신 거죠 QUESTION 삼겹살 굽는 손길은 프로인데 얼굴은 아이돌이세요 고기 익는 거 기다리다가 제 마음이 먼저 익어버렸어요,0,0,0,0,0,1,0,135,원
naver,장인닭갈비 홍대점,rnl****,590.0,2025.12.15,1번째 방문,영수증,양도 많고 점심 할인으로 치즈 사리까지 추가돼서 먹었어요 맛있어요👍,37,True,,,,양도 많고 점심 할인으로 치즈 사리까지 추가돼서 먹었어요 맛있어요👍,양도 많고 점심 할인으로 치즈 사리까지 추가돼서 먹었어요 맛있어요 EMO_POS,1,0,0,0,0,0,0,37,할인
kakao,홍대 조선시대,ㅁ,2.0,2026-02-14,,,직원분들이 친절합니다,11,False,5.0,3.0,브론즈 레벨,직원분들이 친절합니다,직원분들이 친절합니다,0,0,0,0,0,0,0,11,원
naver,일등식당,빵식빵식빵,275.0,2025.06.04,1번째 방문,영수증,"가격이 저렴하고 양이 푸짐해요. 가성비 좋아요. 국물은 다른 해장국들과 비교해 맑은 편이지만 그렇다고 맛이 담백하고 깔끔하기보단 고기도, 국물도 감칠맛 폭탄입니다. 이 부분이 상당히 호불호가 갈릴 것 같아요. 우거지는 질기지도, 너무 무르지도 않고 딱 좋아요.",145,True,,,,"가격이 저렴하고 양이 푸짐해요. 가성비 좋아요. 국물은 다른 해장국들과 비교해 맑은 편이지만 그렇다고 맛이 담백하고 깔끔하기보단 고기도, 국물도 감칠맛 폭탄입니다. 이 부분이 상당히 호불호가 갈릴 것 같아요. 우거지는 질기지도, 너무 무르지도 않고 딱 좋아요.",가격이 저렴하고 양이 푸짐해요 가성비 좋아요 국물은 다른 해장국들과 비교해 맑은 편이지만 그렇다고 맛이 담백하고 깔끔하기보단 고기도 국물도 감칠맛 폭탄입니다 이 부분이 상당히 호불호가 갈릴 것 같아요 우거지는 질기지도 너무 무르지도 않고 딱 좋아요,0,0,0,0,0,0,0,145,"가격, 가성비, 저렴"
kakao,일등식당,이주원,45.0,2025-04-11,,,맛있습니다!! 고기가 너무 부드러웠어요😍 너무 자극적이지 않은 맛이 참 좋았어요. 직원분들도 너무 친절하셨고!! 가성비도 좋아서 재방문의사 있습니다!,83,True,5.0,4.7,실버 레벨,맛있습니다!! 고기가 너무 부드러웠어요😍 너무 자극적이지 않은 맛이 참 좋았어요. 직원분들도 너무 친절하셨고!! 가성비도 좋아서 재방문의사 있습니다!,맛있습니다 EXCLAM 고기가 너무 부드러웠어요 EMO_POS 너무 자극적이지 않은 맛이 참 좋았어요 직원분들도 너무 친절하셨고 EXCLAM 가성비도 좋아서 재방문의사 있습니다 EXCLAM,1,0,0,0,1,0,0,83,"가성비, 원"
kakao,락희옥 마포본점,JS CHAI,3.0,2025-07-16,,,음식 질에 비해 터무니 없는 가격입니다 직원들 대응도 별로이고 퓨전 한식을 내세운 고가 전략인듯....정말 별로인데 좋게 평가 해준분들 믿고 간게 실수였네요,87,True,1.0,2.3,브론즈 레벨,음식 질에 비해 터무니 없는 가격입니다 직원들 대응도 별로이고 퓨전 한식을 내세운 고가 전략인듯....정말 별로인데 좋게 평가 해준분들 믿고 간게 실수였네요,음식 질에 비해 터무니 없는 가격입니다 직원들 대응도 별로이고 퓨전 한식을 내세운 고가 전략인듯 정말 별로인데 좋게 평가 해준분들 믿고 간게 실수였네요,0,0,0,0,0,0,0,87,"가격, 원"
kakao,육산장 홍대본점,지은,6.0,2025-06-10,,,와..홍대에 이런데가 있었다니..웨이팅 30-40분 뒤에 들어갔는데 할만합니다! 분위기 너무 좋고 고기 구워져서 나와서 넘 편하고 고기 맛도 진짜 맛도리인데 가격대비 고기 양도 진짜 합리적이고 넘 좋았네용!! 분위기도 넘 좋고 직원분들이 다 넘 친절하셨어용(Tmi지만..애견동반 가능한데 직원분들 갱얼쥐 오면 사심채우시는 모습도 넘 귀여우셨어용ㅋㅋ),195,True,5.0,4.2,브론즈 레벨,와..홍대에 이런데가 있었다니..웨이팅 30-40분 뒤에 들어갔는데 할만합니다! 분위기 너무 좋고 고기 구워져서 나와서 넘 편하고 고기 맛도 진짜 맛도리인데 가격대비 고기 양도 진짜 합리적이고 넘 좋았네용!! 분위기도 넘 좋고 직원분들이 다 넘 친절하셨어용(Tmi지만..애견동반 가능한데 직원분들 갱얼쥐 오면 사심채우시는 모습도 넘 귀여우셨어용ㅋㅋ),와 홍대에 이런데가 있었다니 웨이팅 30 40분 뒤에 들어갔는데 할만합니다 EXCLAM 분위기 너무 좋고 고기 구워져서 나와서 넘 편하고 고기 맛도 진짜 맛도리인데 가격대비 고기 양도 진짜 합리적이고 넘 좋았네용 EXCLAM 분위기도 넘 좋고 직원분들이 다 넘 친절하셨어용 Tmi지만 애견동반 가능한데 직원분들 갱얼쥐 오면 사심채우시는 모습도 넘 귀여우셨어용,0,0,0,0,1,0,1,195,"가격, 원, 가격대"
kakao,홍대 조선시대,배유찬,1.0,2025-12-20,,,첨 왔는데~ 안주가 맛있고 분위기도 좋아요!! (직원/사장님 모두 친절해요!!❤️) 다음에 재방문 하고 싶어요:),63,True,5.0,5.0,브론즈 레벨,첨 왔는데~ 안주가 맛있고 분위기도 좋아요!! (직원/사장님 모두 친절해요!!❤️) 다음에 재방문 하고 싶어요:),첨 왔는데 안주가 맛있고 분위기도 좋아요 EXCLAM 직원 사장님 모두 친절해요 EXCLAM EMO_POS 다음에 재방문 하고 싶어요,1,0,0,0,1,0,0,63,원
kakao,뼈탄집 성수역점,수영,1.0,2026-04-05,,,성수동 맛집 삼겹살 추천이용. 가성비굿 맛도 짱이예용 ㅋㅋ,32,True,5.0,5.0,브론즈 레벨,성수동 맛집 삼겹살 추천이용. 가성비굿 맛도 짱이예용 ㅋㅋ,성수동 맛집 삼겹살 추천이용 가성비굿 맛도 짱이예용,0,0,0,0,0,0,0,32,가성비
kakao,홍대 조선시대,다이소,3.0,2026-04-16,,,맛있고 게임이.재밌어요 안주 싼편은아닌데 할인혜택이많아서 오히려 가성비있을지도??,45,False,5.0,5.0,브론즈 레벨,맛있고 게임이.재밌어요 안주 싼편은아닌데 할인혜택이많아서 오히려 가성비있을지도??,맛있고 게임이 재밌어요 안주 싼편은아닌데 할인혜택이많아서 오히려 가성비있을지도 QUESTION,0,0,0,0,0,1,0,45,"가성비, 할인"
kakao,뼈탄집 성수역점,오리너굴이,5.0,2026-01-20,,,맛있어서 또왔어요 직원분들도 엄청 친절하세요!,25,True,5.0,4.2,브론즈 레벨,맛있어서 또왔어요 직원분들도 엄청 친절하세요!,맛있어서 또왔어요 직원분들도 엄청 친절하세요 EXCLAM,0,0,0,0,1,0,0,25,원
kakao,옥동식 서교점,아옳옳,120.0,2026-01-08,,,국물 맛으로는 서울 돼지국밥 중 손에 꼽을 것 같다 웨이팅은 매우 오래 걸리지만 걸어놓고 주변서 놀다 온다면 크게 부담스럽진 않다 개인적으로 흑돼지를 좋아하지 않지만 국밥에서는 내가 흑돼지에서 싫어하는 부분이 오히려 장점으로 작용한다. 흑돼지 특유의 지방과 껍질 쪽 식감이 국밥에는 안 어울릴 수 있는데 잘 처리하였다 밥과 국물도 계속 더 받을 수 있어서 좋다 밥은 고슬밥인데 밥알이 계속 국물이 말려있는 입장인 만큼 딱 좋다 국물의 맛이 특히나 만족스러웠기 때문에 부담 없이 계속해서 맛볼 수 있어 좋았다 고기는 다대기 없이 먹는게 더 입에 맞았다 하지만 고급스러움을 지향한다면 아쉬운 점이 두 가지 있다 기성품의 맛이 강하게 느껴지는 김치(아니라면 미안함과 동시에 오히려 더 아쉬운 부분이다)와 돼지의 털 처리다 나야 털이 보여도 그냥 먹지만 다른 리뷰들에서 지적한 것처럼 그 모양새가 기괴할 정도로 많다 고기의 절반 이상이 그런 고기들이었다 특히나 정갈하고 깔끔한 분위기라 더 튀어보인다 심지어 털이 덜 다듬어져 길쭉하게 빠져나온 부분도 있었다 맛이야 일품이니 그런 부분을 손본다면 지향하는 것처럼 더 고급스러운 맛과 분위기이지 않을까 물론 분위기가 그렇다는거지 가격과 맛을 생각하면 충분히 훌륭하다 ps 잔 막걸리는 알콜부즈가 굉장히 심하다 하지만 꾸덕하고 진한 맛이 있어서 알콜부즈를 잘 억눌러준다 중후반부터는 그걸 뚫고도 알콜부즈가 강하게 오지만 나름의 개성으로 먹을만하다 브랜드의 다른 술이 기대된다,734,True,4.0,3.4,골드 레벨,국물 맛으로는 서울 돼지국밥 중 손에 꼽을 것 같다 웨이팅은 매우 오래 걸리지만 걸어놓고 주변서 놀다 온다면 크게 부담스럽진 않다 개인적으로 흑돼지를 좋아하지 않지만 국밥에서는 내가 흑돼지에서 싫어하는 부분이 오히려 장점으로 작용한다. 흑돼지 특유의 지방과 껍질 쪽 식감이 국밥에는 안 어울릴 수 있는데 잘 처리하였다 밥과 국물도 계속 더 받을 수 있어서 좋다 밥은 고슬밥인데 밥알이 계속 국물이 말려있는 입장인 만큼 딱 좋다 국물의 맛이 특히나 만족스러웠기 때문에 부담 없이 계속해서 맛볼 수 있어 좋았다 고기는 다대기 없이 먹는게 더 입에 맞았다 하지만 고급스러움을 지향한다면 아쉬운 점이 두 가지 있다 기성품의 맛이 강하게 느껴지는 김치(아니라면 미안함과 동시에 오히려 더 아쉬운 부분이다)와 돼지의 털 처리다 나야 털이 보여도 그냥 먹지만 다른 리뷰들에서 지적한 것처럼 그 모양새가 기괴할 정도로 많다 고기의 절반 이상이 그런 고기들이었다 특히나 정갈하고 깔끔한 분위기라 더 튀어보인다 심지어 털이 덜 다듬어져 길쭉하게 빠져나온 부분도 있었다 맛이야 일품이니 그런 부분을 손본다면 지향하는 것처럼 더 고급스러운 맛과 분위기이지 않을까 물론 분위기가 그렇다는거지 가격과 맛을 생각하면 충분히 훌륭하다 ps 잔 막걸리는 알콜부즈가 굉장히 심하다 하지만 꾸덕하고 진한 맛이 있어서 알콜부즈를 잘 억눌러준다 중후반부터는 그걸 뚫고도 알콜부즈가 강하게 오지만 나름의 개성으로 먹을만하다 브랜드의 다른 술이 기대된다,국물 맛으로는 서울 돼지국밥 중 손에 꼽을 것 같다 웨이팅은 매우 오래 걸리지만 걸어놓고 주변서 놀다 온다면 크게 부담스럽진 않다 개인적으로 흑돼지를 좋아하지 않지만 국밥에서는 내가 흑돼지에서 싫어하는 부분이 오히려 장점으로 작용한다 흑돼지 특유의 지방과 껍질 쪽 식감이 국밥에는 안 어울릴 수 있는데 잘 처리하였다 밥과 국물도 계속 더 받을 수 있어서 좋다 밥은 고슬밥인데 밥알이 계속 국물이 말려있는 입장인 만큼 딱 좋다 국물의 맛이 특히나 만족스러웠기 때문에 부담 없이 계속해서 맛볼 수 있어 좋았다 고기는 다대기 없이 먹는게 더 입에 맞았다 하지만 고급스러움을 지향한다면 아쉬운 점이 두 가지 있다 기성품의 맛이 강하게 느껴지는 김치 아니라면 미안함과 동시에 오히려 더 아쉬운 부분이다 와 돼지의 털 처리다 나야 털이 보여도 그냥 먹지만 다른 리뷰들에서 지적한 것처럼 그 모양새가 기괴할 정도로 많다 고기의 절반 이상이 그런 고기들이었다 특히나 정갈하고 깔끔한 분위기라 더 튀어보인다 심지어 털이 덜 다듬어져 길쭉하게 빠져나온 부분도 있었다 맛이야 일품이니 그런 부분을 손본다면 지향하는 것처럼 더 고급스러운 맛과 분위기이지 않을까 물론 분위기가 그렇다는거지 가격과 맛을 생각하면 충분히 훌륭하다 ps 잔 막걸리는 알콜부즈가 굉장히 심하다 하지만 꾸덕하고 진한 맛이 있어서 알콜부즈를 잘 억눌러준다 중후반부터는 그걸 뚫고도 알콜부즈가 강하게 오지만 나름의 개성으로 먹을만하다 브랜드의 다른 술이 기대된다,0,0,0,0,0,0,0,734,가격
kakao,황금콩밭,이영우,11.0,2026-03-15,,,두부에 이 가격을? 하면서 들어와서 맛보고 어느정도 납득은 가는 가게. 두부 맛이 훌륭함 단단해서 씹는맛이 좋은 두부라기보단 콩 향이 좋은 부드러운 두부. 간이 전반적으로 담백해 자극적인 맛을 좋아한다면 짜글이를 필수로 주문해야함,128,True,4.0,3.4,실버 레벨,두부에 이 가격을? 하면서 들어와서 맛보고 어느정도 납득은 가는 가게. 두부 맛이 훌륭함 단단해서 씹는맛이 좋은 두부라기보단 콩 향이 좋은 부드러운 두부. 간이 전반적으로 담백해 자극적인 맛을 좋아한다면 짜글이를 필수로 주문해야함,두부에 이 가격을 QUESTION 하면서 들어와서 맛보고 어느정도 납득은 가는 가게 두부 맛이 훌륭함 단단해서 씹는맛이 좋은 두부라기보단 콩 향이 좋은 부드러운 두부 간이 전반적으로 담백해 자극적인 맛을 좋아한다면 짜글이를 필수로 주문해야함,0,0,0,0,0,1,0,128,가격
naver,소문난성수감자탕,eornjseh123,622.0,2026.01.27,2번째 방문,영수증,평일 저녁 10분 대기후 혼자 방문했고 일반 감자국 12000원으로 주문해서 먹었고 일인석이 따로 있어서 혼자 오시면 별관에서는 식사가 안되고 본관에서만 식사가 가능합니다! 기본찬도 좋고 감자탕도 맛있게 잘 먹었습니다!,122,True,,,,평일 저녁 10분 대기후 혼자 방문했고 일반 감자국 12000원으로 주문해서 먹었고 일인석이 따로 있어서 혼자 오시면 별관에서는 식사가 안되고 본관에서만 식사가 가능합니다! 기본찬도 좋고 감자탕도 맛있게 잘 먹었습니다!,평일 저녁 10분 대기후 혼자 방문했고 일반 감자국 12000원으로 주문해서 먹었고 일인석이 따로 있어서 혼자 오시면 별관에서는 식사가 안되고 본관에서만 식사가 가능합니다 EXCLAM 기본찬도 좋고 감자탕도 맛있게 잘 먹었습니다 EXCLAM,0,0,0,0,1,0,1,122,원
kakao,황금콩밭,왜이레,603.0,2025-02-24,,,•아무래도 단품으로 미쉐린을 받은 건 아닐 듯- 특별할 건 없다. 맛에 비해 가격대는 높은 편인 듯. •두부짜글이: 달고 텁텁한 고추장찌개 맛. 강릉에서 먹는 순두부찌개보다 못함. •비지찌개: 시래기 들어가고 맛있음. 짜글이보다 나음. 다음에도 비지찌개,141,False,3.0,3.4,블루 레벨,•아무래도 단품으로 미쉐린을 받은 건 아닐 듯- 특별할 건 없다. 맛에 비해 가격대는 높은 편인 듯. •두부짜글이: 달고 텁텁한 고추장찌개 맛. 강릉에서 먹는 순두부찌개보다 못함. •비지찌개: 시래기 들어가고 맛있음. 짜글이보다 나음. 다음에도 비지찌개,아무래도 단품으로 미쉐린을 받은 건 아닐 듯 특별할 건 없다 맛에 비해 가격대는 높은 편인 듯 두부짜글이 달고 텁텁한 고추장찌개 맛 강릉에서 먹는 순두부찌개보다 못함 비지찌개 시래기 들어가고 맛있음 짜글이보다 나음 다음에도 비지찌개,0,0,0,0,0,0,0,141,"가격, 가격대"
naver,이태리국시 성수,긍정이가될꺼야,91.0,2026.04.02,1번째 방문,영수증,동친이랑 오랜만에 성수나들이 왔다가 들렀습니다. 특별한 메뉴가 먹고싶어 왔는데 역시 즤 동네는 없는 메뉴들이 독특하게 다가오네요^^ 맛있었습니다! 오징어와 관자도 싱싱하고 대창도 통통하네요! 오늘의 메뉴는 가성비도 좋아요^^,125,True,,,,동친이랑 오랜만에 성수나들이 왔다가 들렀습니다. 특별한 메뉴가 먹고싶어 왔는데 역시 즤 동네는 없는 메뉴들이 독특하게 다가오네요^^ 맛있었습니다! 오징어와 관자도 싱싱하고 대창도 통통하네요! 오늘의 메뉴는 가성비도 좋아요^^,동친이랑 오랜만에 성수나들이 왔다가 들렀습니다 특별한 메뉴가 먹고싶어 왔는데 역시 즤 동네는 없는 메뉴들이 독특하게 다가오네요 맛있었습니다 EXCLAM 오징어와 관자도 싱싱하고 대창도 통통하네요 EXCLAM 오늘의 메뉴는 가성비도 좋아요,0,0,0,0,1,0,0,125,가성비
naver,뼈탄집 성수역점,행복하쟈11,46.0,2025.12.21,1번째 방문,영수증,"육즙이 터지는 숙성고기와 정갈한 반찬이 진짜 너무 만족스러웠어요💕 뼈탄삼겹살은 숙성이 잘 되었는지 육향이 진하고, 한 입 베어 무는 순간 육즙이 가득 느껴져서 정신차려보니 순식간에 사라졌더라구요…✨ 반찬들도 기대 이상이었는데, 특히 장아찌류와 묵은지가 정말 미쳤습니다!!! 고기랑 같이 먹기 딱 좋은 밸런스라 조합 최고였구요 한우된찌도 건더기 가득 너무 맛있었어요👍🏻 인테리어도 너무 예쁘고 직원분들도 친절하셔서 다음에 팀 회식으로 오려구요 ㅎㅎ 성수에서 잘하는 고깃집 찾기 어려운데 완전 뼈탄집 강추드립니다!✨",286,True,,,,"육즙이 터지는 숙성고기와 정갈한 반찬이 진짜 너무 만족스러웠어요💕 뼈탄삼겹살은 숙성이 잘 되었는지 육향이 진하고, 한 입 베어 무는 순간 육즙이 가득 느껴져서 정신차려보니 순식간에 사라졌더라구요…✨ 반찬들도 기대 이상이었는데, 특히 장아찌류와 묵은지가 정말 미쳤습니다!!! 고기랑 같이 먹기 딱 좋은 밸런스라 조합 최고였구요 한우된찌도 건더기 가득 너무 맛있었어요👍🏻 인테리어도 너무 예쁘고 직원분들도 친절하셔서 다음에 팀 회식으로 오려구요 ㅎㅎ 성수에서 잘하는 고깃집 찾기 어려운데 완전 뼈탄집 강추드립니다!✨",육즙이 터지는 숙성고기와 정갈한 반찬이 진짜 너무 만족스러웠어요 EMO_POS 뼈탄삼겹살은 숙성이 잘 되었는지 육향이 진하고 한 입 베어 무는 순간 육즙이 가득 느껴져서 정신차려보니 순식간에 사라졌더라구요 EMO_POS 반찬들도 기대 이상이었는데 특히 장아찌류와 묵은지가 정말 미쳤습니다 EXCLAM 고기랑 같이 먹기 딱 좋은 밸런스라 조합 최고였구요 한우된찌도 건더기 가득 너무 맛있었어요 EMO_POS 인테리어도 너무 예쁘고 직원분들도 친절하셔서 다음에 팀 회식으로 오려구요 성수에서 잘하는 고깃집 찾기 어려운데 완전 뼈탄집 강추드립니다 EXCLAM EMO_POS,1,0,0,0,1,0,0,286,원
kakao,홍대 조선시대,두부,2.0,2026-04-19,,,직원분들도 친절하고 음식이 맛있어서 좋아요~ 다음에 또 오고싶어요!!,38,True,5.0,3.0,브론즈 레벨,직원분들도 친절하고 음식이 맛있어서 좋아요~ 다음에 또 오고싶어요!!,직원분들도 친절하고 음식이 맛있어서 좋아요 다음에 또 오고싶어요 EXCLAM,0,0,0,0,1,0,0,38,원
kakao,소문난성수감자탕,매매매,1.0,2025-03-08,,,줄이 길게 서있길래 맛집인줄 알고 먹음 그런데 경험해보니 최악 중에 최악 짧게 말하면 맛도 드릅게 없고 불친절 함 굳이 경험하지 마세요 줄이 왜 긴지 이해가 안가는 가게 카카오 리뷰가 정확해서 늘 보고 들어가는데 이번에 안본게 한입니다.. 먼저 맛이 드릅게 없음 여태까지 먹은 감자탕 중에서 여기가 제일 맛없었음 살이 퍽퍽한 부분이 많고 잘 떨어지지도 않음 뼈만 햝아 먹고 옴 원래 잘 익은 감자탕이라면 살이 쉽게 떨어지기 마련인데 절대 떨어지지 않았음 볶음밥도 맛없었음 두번째로는 야채 상태들이 안 좋았음 깻잎도 위에는 멀쩡해보이는걸 놓고 안에 파보면 절반은 검게 변해있었음 마지막으로 제일 최악은 불친절 먹고 있는데 식탁을 당기면서 옮긴다고 함 상식적으로 옮겨야하면 손님이 가고나서 옮기는게 맞지 않나 싶음 그리고 먹고 있는 중에 그릇을 치운다기에 치우라 하였더니 먹던 냄비까지 싹 다치우고 물로 테이블 자체를 닦아버림 뭐하자는건지 어이가 없음 먹는 내내 사람 불편하게 하고 먹는 도중이어도 치워버림 그릇 치운다면서 먹는 것까지 치워버리길래 벙쪄 있었더니 치운다고 했잖아요 이래버림 사람을 이런식으로 쫓아내는 가게는 처음봄 맛없어서 화나 있다가 하는 꼬라지 보니 더 기분이 나빠져서 글까지 쓰게 됌 먹고 나올때 보니 줄 세우는 직원도 사람들한테 승질은 있는대로 부림 웬만하면 다른 곳 가세요 감자탕 맛없기 힘든데 여기는 그걸 해내네요 줄 서지 마세요 여러분들의 시간과 돈을 아끼세요ㅜㅜ,721,True,1.0,1.0,브론즈 레벨,줄이 길게 서있길래 맛집인줄 알고 먹음 그런데 경험해보니 최악 중에 최악 짧게 말하면 맛도 드릅게 없고 불친절 함 굳이 경험하지 마세요 줄이 왜 긴지 이해가 안가는 가게 카카오 리뷰가 정확해서 늘 보고 들어가는데 이번에 안본게 한입니다.. 먼저 맛이 드릅게 없음 여태까지 먹은 감자탕 중에서 여기가 제일 맛없었음 살이 퍽퍽한 부분이 많고 잘 떨어지지도 않음 뼈만 햝아 먹고 옴 원래 잘 익은 감자탕이라면 살이 쉽게 떨어지기 마련인데 절대 떨어지지 않았음 볶음밥도 맛없었음 두번째로는 야채 상태들이 안 좋았음 깻잎도 위에는 멀쩡해보이는걸 놓고 안에 파보면 절반은 검게 변해있었음 마지막으로 제일 최악은 불친절 먹고 있는데 식탁을 당기면서 옮긴다고 함 상식적으로 옮겨야하면 손님이 가고나서 옮기는게 맞지 않나 싶음 그리고 먹고 있는 중에 그릇을 치운다기에 치우라 하였더니 먹던 냄비까지 싹 다치우고 물로 테이블 자체를 닦아버림 뭐하자는건지 어이가 없음 먹는 내내 사람 불편하게 하고 먹는 도중이어도 치워버림 그릇 치운다면서 먹는 것까지 치워버리길래 벙쪄 있었더니 치운다고 했잖아요 이래버림 사람을 이런식으로 쫓아내는 가게는 처음봄 맛없어서 화나 있다가 하는 꼬라지 보니 더 기분이 나빠져서 글까지 쓰게 됌 먹고 나올때 보니 줄 세우는 직원도 사람들한테 승질은 있는대로 부림 웬만하면 다른 곳 가세요 감자탕 맛없기 힘든데 여기는 그걸 해내네요 줄 서지 마세요 여러분들의 시간과 돈을 아끼세요ㅜㅜ,줄이 길게 서있길래 맛집인줄 알고 먹음 그런데 경험해보니 최악 중에 최악 짧게 말하면 맛도 드릅게 없고 불친절 함 굳이 경험하지 마세요 줄이 왜 긴지 이해가 안가는 가게 카카오 리뷰가 정확해서 늘 보고 들어가는데 이번에 안본게 한입니다 먼저 맛이 드릅게 없음 여태까지 먹은 감자탕 중에서 여기가 제일 맛없었음 살이 퍽퍽한 부분이 많고 잘 떨어지지도 않음 뼈만 햝아 먹고 옴 원래 잘 익은 감자탕이라면 살이 쉽게 떨어지기 마련인데 절대 떨어지지 않았음 볶음밥도 맛없었음 두번째로는 야채 상태들이 안 좋았음 깻잎도 위에는 멀쩡해보이는걸 놓고 안에 파보면 절반은 검게 변해있었음 마지막으로 제일 최악은 불친절 먹고 있는데 식탁을 당기면서 옮긴다고 함 상식적으로 옮겨야하면 손님이 가고나서 옮기는게 맞지 않나 싶음 그리고 먹고 있는 중에 그릇을 치운다기에 치우라 하였더니 먹던 냄비까지 싹 다치우고 물로 테이블 자체를 닦아버림 뭐하자는건지 어이가 없음 먹는 내내 사람 불편하게 하고 먹는 도중이어도 치워버림 그릇 치운다면서 먹는 것까지 치워버리길래 벙쪄 있었더니 치운다고 했잖아요 이래버림 사람을 이런식으로 쫓아내는 가게는 처음봄 맛없어서 화나 있다가 하는 꼬라지 보니 더 기분이 나빠져서 글까지 쓰게 됌 먹고 나올때 보니 줄 세우는 직원도 사람들한테 승질은 있는대로 부림 웬만하면 다른 곳 가세요 감자탕 맛없기 힘든데 여기는 그걸 해내네요 줄 서지 마세요 여러분들의 시간과 돈을 아끼세요,0,0,0,1,0,0,0,721,"돈, 원"
kakao,소문난성수감자탕,백종원 3대 독자,4.0,2025-12-04,,,직원들 불친절 최악 ㅋㅋ 이럴 거면 줄서서 왜 기다리나요 지들 맘대로 순서 정할 거면 안그래도 추워죽겠는데 열받아서 나왔어요,69,True,1.0,3.0,브론즈 레벨,직원들 불친절 최악 ㅋㅋ 이럴 거면 줄서서 왜 기다리나요 지들 맘대로 순서 정할 거면 안그래도 추워죽겠는데 열받아서 나왔어요,직원들 불친절 최악 이럴 거면 줄서서 왜 기다리나요 지들 맘대로 순서 정할 거면 안그래도 추워죽겠는데 열받아서 나왔어요,0,0,0,0,0,0,0,69,원
naver,을밀대 평양냉면,나루식객,512.0,2025.03.08,1번째 방문,예약,"올해 첫 냉면 개시로 주말 점심에 들렀습니다. 아직 날씨도 쌀쌀하고 해서 쉽게 생각했는지, 12시반 정도에 도착했는데 20분 정도 기다리고 들어갈 수 있었어요. 뜨거운 육수 한 컵 맛 보며, 두 명이서 물냉 하나, 거냉 하나, 녹두전 한장을 주문했습니다. 오랜만에 맛보는 을밀대의 녹두전은 명불허전, 바삭하면서도 돼지고기가 듬뿍 들어가 고소한 맛이 일품이었어요. 이번엔 오랜만에 들르는 거라 그냥 물냉으로 주문을 했는데, 시원한 것도 좋지만, 역시 진한 육향의 육수를 맛보기에는 거냉이 낫다는 걸 다시 느꼈습니다. 구수한 면발 입안 가득 넣고 씹으니 간만에 맛보는 행복이었네요. 둘이서 살짝 양이 부족해 사리 하나 추가해서 먹었더니 아주 든든한 한 끼가 되었습니다. 대기만 아니면 자주 오고 싶어요 ㅎ",392,True,,,,"올해 첫 냉면 개시로 주말 점심에 들렀습니다. 아직 날씨도 쌀쌀하고 해서 쉽게 생각했는지, 12시반 정도에 도착했는데 20분 정도 기다리고 들어갈 수 있었어요. 뜨거운 육수 한 컵 맛 보며, 두 명이서 물냉 하나, 거냉 하나, 녹두전 한장을 주문했습니다. 오랜만에 맛보는 을밀대의 녹두전은 명불허전, 바삭하면서도 돼지고기가 듬뿍 들어가 고소한 맛이 일품이었어요. 이번엔 오랜만에 들르는 거라 그냥 물냉으로 주문을 했는데, 시원한 것도 좋지만, 역시 진한 육향의 육수를 맛보기에는 거냉이 낫다는 걸 다시 느꼈습니다. 구수한 면발 입안 가득 넣고 씹으니 간만에 맛보는 행복이었네요. 둘이서 살짝 양이 부족해 사리 하나 추가해서 먹었더니 아주 든든한 한 끼가 되었습니다. 대기만 아니면 자주 오고 싶어요 ㅎ",올해 첫 냉면 개시로 주말 점심에 들렀습니다 아직 날씨도 쌀쌀하고 해서 쉽게 생각했는지 12시반 정도에 도착했는데 20분 정도 기다리고 들어갈 수 있었어요 뜨거운 육수 한 컵 맛 보며 두 명이서 물냉 하나 거냉 하나 녹두전 한장을 주문했습니다 오랜만에 맛보는 을밀대의 녹두전은 명불허전 바삭하면서도 돼지고기가 듬뿍 들어가 고소한 맛이 일품이었어요 이번엔 오랜만에 들르는 거라 그냥 물냉으로 주문을 했는데 시원한 것도 좋지만 역시 진한 육향의 육수를 맛보기에는 거냉이 낫다는 걸 다시 느꼈습니다 구수한 면발 입안 가득 넣고 씹으니 간만에 맛보는 행복이었네요 둘이서 살짝 양이 부족해 사리 하나 추가해서 먹었더니 아주 든든한 한 끼가 되었습니다 대기만 아니면 자주 오고 싶어요,0,0,0,0,0,0,1,392,원
naver,할머니의 레시피,jini4uuu,237.0,2025.11.28,1번째 방문,영수증,쌈밥정식 주문했는데 반찬이 정말 다양하고 푸짐하네요! 밥이랑 국도 넘 맛있게먹었어요💕 외국인 분들에게도 인기가 많은 가게인듯 합니다~ 가게가 아늑하고 편안한 분위기인데 직원분들도 너무 친절하셔서 자주 방문할 것 같아요!😊👍,124,True,,,,쌈밥정식 주문했는데 반찬이 정말 다양하고 푸짐하네요! 밥이랑 국도 넘 맛있게먹었어요💕 외국인 분들에게도 인기가 많은 가게인듯 합니다~ 가게가 아늑하고 편안한 분위기인데 직원분들도 너무 친절하셔서 자주 방문할 것 같아요!😊👍,쌈밥정식 주문했는데 반찬이 정말 다양하고 푸짐하네요 EXCLAM 밥이랑 국도 넘 맛있게먹었어요 EMO_POS 외국인 분들에게도 인기가 많은 가게인듯 합니다 가게가 아늑하고 편안한 분위기인데 직원분들도 너무 친절하셔서 자주 방문할 것 같아요 EXCLAM EMO_POS EMO_POS,1,0,0,0,1,0,0,124,원
naver,뼈탄집 성수역점,겸손한굴전,139.0,2025.11.22,2번째 방문,영수증,"뼈탄집 다른 지점 가봤었는데 여기 성수점도 생겨서 너무 좋아요! 고기질도 역시나 너무 좋고 직원분들도 너무 친절하십니다. 가게 앞에 무료 주차도 가능해서 좋은 것 같아요. 반찬도 맛있고 고기도 다 구워주셔서 회식이나, 연말 모임으로 오기도 좋을 것 같아요! 계탄밥도 정말 맛있으니 꼭 드셔보세요!",165,True,,,,"뼈탄집 다른 지점 가봤었는데 여기 성수점도 생겨서 너무 좋아요! 고기질도 역시나 너무 좋고 직원분들도 너무 친절하십니다. 가게 앞에 무료 주차도 가능해서 좋은 것 같아요. 반찬도 맛있고 고기도 다 구워주셔서 회식이나, 연말 모임으로 오기도 좋을 것 같아요! 계탄밥도 정말 맛있으니 꼭 드셔보세요!",뼈탄집 다른 지점 가봤었는데 여기 성수점도 생겨서 너무 좋아요 EXCLAM 고기질도 역시나 너무 좋고 직원분들도 너무 친절하십니다 가게 앞에 무료 주차도 가능해서 좋은 것 같아요 반찬도 맛있고 고기도 다 구워주셔서 회식이나 연말 모임으로 오기도 좋을 것 같아요 EXCLAM 계탄밥도 정말 맛있으니 꼭 드셔보세요 EXCLAM,0,0,0,0,1,0,0,165,원
kakao,을밀대 본점,다야,80.0,2025-02-14,,,명불허전. 3월 1일부터 천원씩 가격 인상 예정,26,False,5.0,4.1,실버 레벨,명불허전. 3월 1일부터 천원씩 가격 인상 예정,명불허전 3월 1일부터 천원씩 가격 인상 예정,0,0,0,0,0,0,1,26,"가격, 원"
naver,훼미리손칼국수보쌈,닉네임 고민하다 1시간 보낸 사람,1414.0,2026.01.23,1번째 방문,영수증,"보쌈정식 15,000. 사진 속 보쌈은 2인분의 양이다. 이정도면 꽤 괜찮지 않았나 생각한다. 보통 보쌈을 먹으려면 족발집에 가서야 볼 수 있는 메뉴인데, 보쌈을 필두로 가성비있게 먹을 수 있는 식당이 있어서 나이스했다. 약간의 밥과 칼국수가 나오는데, 약간의 다진 고기와 후추의 향이 꽤나 어우러지는 맛있는 칼국수였다. 꽤나 젊은 사람들이 많다. 일본프로에서도 방영이 되었던 식당이라 그런지 보고서 찾아 오는 일본인 관광객도 꽤나 되는 것 같다.",250,True,,,,"보쌈정식 15,000. 사진 속 보쌈은 2인분의 양이다. 이정도면 꽤 괜찮지 않았나 생각한다. 보통 보쌈을 먹으려면 족발집에 가서야 볼 수 있는 메뉴인데, 보쌈을 필두로 가성비있게 먹을 수 있는 식당이 있어서 나이스했다. 약간의 밥과 칼국수가 나오는데, 약간의 다진 고기와 후추의 향이 꽤나 어우러지는 맛있는 칼국수였다. 꽤나 젊은 사람들이 많다. 일본프로에서도 방영이 되었던 식당이라 그런지 보고서 찾아 오는 일본인 관광객도 꽤나 되는 것 같다.",보쌈정식 15 000 사진 속 보쌈은 2인분의 양이다 이정도면 꽤 괜찮지 않았나 생각한다 보통 보쌈을 먹으려면 족발집에 가서야 볼 수 있는 메뉴인데 보쌈을 필두로 가성비있게 먹을 수 있는 식당이 있어서 나이스했다 약간의 밥과 칼국수가 나오는데 약간의 다진 고기와 후추의 향이 꽤나 어우러지는 맛있는 칼국수였다 꽤나 젊은 사람들이 많다 일본프로에서도 방영이 되었던 식당이라 그런지 보고서 찾아 오는 일본인 관광객도 꽤나 되는 것 같다,0,0,0,0,0,0,1,250,가성비
naver,뼈탄집 성수역점,bean6355,35.0,2026.04.09,1번째 방문,영수증,줄이 길어서 전부터 오고싶었는데 왜 인기있는지 알거같아요 직원분들도 너무 친절하시고 고기도 다 구워주셔서 편하고 맛있게 먹을 수 있었어요 다음에도 또 방문할게요 ❤️,92,True,,,,줄이 길어서 전부터 오고싶었는데 왜 인기있는지 알거같아요 직원분들도 너무 친절하시고 고기도 다 구워주셔서 편하고 맛있게 먹을 수 있었어요 다음에도 또 방문할게요 ❤️,줄이 길어서 전부터 오고싶었는데 왜 인기있는지 알거같아요 직원분들도 너무 친절하시고 고기도 다 구워주셔서 편하고 맛있게 먹을 수 있었어요 다음에도 또 방문할게요 EMO_POS,1,0,0,0,0,0,0,92,원
kakao,원조조박집 본관,금나비,1736.0,2025-04-30,,,"잡내없이 부드러운 식감의 돼지갈비와 아삭하게 잘익은 총각김치 까지 여러모로 장점이 많은 이름난 식당인지라 돼지갈비 1인분(250g)에 19,000원 이면 참숯을 사용해야 되는건 아닐까 하는 생각이다. since 1979",122,False,3.0,3.6,퍼플 레벨,"잡내없이 부드러운 식감의 돼지갈비와 아삭하게 잘익은 총각김치 까지 여러모로 장점이 많은 이름난 식당인지라 돼지갈비 1인분(250g)에 19,000원 이면 참숯을 사용해야 되는건 아닐까 하는 생각이다. since 1979",잡내없이 부드러운 식감의 돼지갈비와 아삭하게 잘익은 총각김치 까지 여러모로 장점이 많은 이름난 식당인지라 돼지갈비 1인분 250g 에 19 000원 이면 참숯을 사용해야 되는건 아닐까 하는 생각이다 since 1979,0,0,0,0,0,0,1,122,원
naver,홍대 육지,이민성6613,36.0,2026.04.25,1번째 방문,영수증,고기 질이 좋고 잡내 없이 깔끔해서 먹는 내내 만족스러웠어요 직원분들이 불 조절도 잘해주시고 응대가 빠르고 친절합니다 반찬 구성도 알차고 계속 리필해주셔서 편하게 먹었네요 전체적으로 분위기도 좋아서 다음에 또 방문하고 싶은 집이에요,129,True,,,,고기 질이 좋고 잡내 없이 깔끔해서 먹는 내내 만족스러웠어요 직원분들이 불 조절도 잘해주시고 응대가 빠르고 친절합니다 반찬 구성도 알차고 계속 리필해주셔서 편하게 먹었네요 전체적으로 분위기도 좋아서 다음에 또 방문하고 싶은 집이에요,고기 질이 좋고 잡내 없이 깔끔해서 먹는 내내 만족스러웠어요 직원분들이 불 조절도 잘해주시고 응대가 빠르고 친절합니다 반찬 구성도 알차고 계속 리필해주셔서 편하게 먹었네요 전체적으로 분위기도 좋아서 다음에 또 방문하고 싶은 집이에요,0,0,0,0,0,0,0,129,원
kakao,쭌곱창,수영,16.0,2026-04-12,,,처음 먹었을 때의 충격을 잊을수가 없음 깻잎+곱창+생크림 듬뿍 조합으로 한 입 넣어 먹으면 그게 바로 극락임 그냥 ㅜ 그리고 쌈 가능한 모든 조합으로 다 싸먹으면 다 다르게 맛있어서 좋음 메뉴가 너무 특이한데 계란물도 부어주시고 토치질 퍼포먼스도 있어서 이런곳이 있다더라 하고 사람들 데려가기 좋음ㅎㅎ 항상 반응이 너무 좋아서 어깨가 으쓱해지는 집 아무리 생각해도 나보다 한국어를 잘 하시는 것 같은 친절한 금발 푸른눈의 직원분이 서빙해 주심. 기본으로 나오는 소스 3종도 크리미하되 각각 느낌이 좀 다름. 기본 곱창이 조금 매콤하게 나오는데 느끼한 소스에 찍어먹으니 매운맛도 중화되고 소스가 물리지도 않음. 정말 양식과 한식 그 중간 어딘가의 오묘한 맛을 경험할 수 있음 + 볶음밥은 필수!! 홍대에서 이정도면 가성비도 상당한 편이구 단순히 곱창집이라고 생각하고 방문했다가는 그 이상의 신세계를 경험하게 됨. -아쉬운 점 반지하이고 공간이 좁아서 자리가 불편할 수 있음 갈 때마다 조리시간이 꽤 길었던 편. 다 조리해서 빼는 메뉴기도 하고 좁은 가게라 그럴수 있음. 일정 급할 땐 피하기~ 금요일/주말 저녁시간은 웨이팅 언제나 있는 편,580,False,5.0,4.5,실버 레벨,처음 먹었을 때의 충격을 잊을수가 없음 깻잎+곱창+생크림 듬뿍 조합으로 한 입 넣어 먹으면 그게 바로 극락임 그냥 ㅜ 그리고 쌈 가능한 모든 조합으로 다 싸먹으면 다 다르게 맛있어서 좋음 메뉴가 너무 특이한데 계란물도 부어주시고 토치질 퍼포먼스도 있어서 이런곳이 있다더라 하고 사람들 데려가기 좋음ㅎㅎ 항상 반응이 너무 좋아서 어깨가 으쓱해지는 집 아무리 생각해도 나보다 한국어를 잘 하시는 것 같은 친절한 금발 푸른눈의 직원분이 서빙해 주심. 기본으로 나오는 소스 3종도 크리미하되 각각 느낌이 좀 다름. 기본 곱창이 조금 매콤하게 나오는데 느끼한 소스에 찍어먹으니 매운맛도 중화되고 소스가 물리지도 않음. 정말 양식과 한식 그 중간 어딘가의 오묘한 맛을 경험할 수 있음 + 볶음밥은 필수!! 홍대에서 이정도면 가성비도 상당한 편이구 단순히 곱창집이라고 생각하고 방문했다가는 그 이상의 신세계를 경험하게 됨. -아쉬운 점 반지하이고 공간이 좁아서 자리가 불편할 수 있음 갈 때마다 조리시간이 꽤 길었던 편. 다 조리해서 빼는 메뉴기도 하고 좁은 가게라 그럴수 있음. 일정 급할 땐 피하기~ 금요일/주말 저녁시간은 웨이팅 언제나 있는 편,처음 먹었을 때의 충격을 잊을수가 없음 깻잎 곱창 생크림 듬뿍 조합으로 한 입 넣어 먹으면 그게 바로 극락임 그냥 그리고 쌈 가능한 모든 조합으로 다 싸먹으면 다 다르게 맛있어서 좋음 메뉴가 너무 특이한데 계란물도 부어주시고 토치질 퍼포먼스도 있어서 이런곳이 있다더라 하고 사람들 데려가기 좋음 항상 반응이 너무 좋아서 어깨가 으쓱해지는 집 아무리 생각해도 나보다 한국어를 잘 하시는 것 같은 친절한 금발 푸른눈의 직원분이 서빙해 주심 기본으로 나오는 소스 3종도 크리미하되 각각 느낌이 좀 다름 기본 곱창이 조금 매콤하게 나오는데 느끼한 소스에 찍어먹으니 매운맛도 중화되고 소스가 물리지도 않음 정말 양식과 한식 그 중간 어딘가의 오묘한 맛을 경험할 수 있음 볶음밥은 필수 EXCLAM 홍대에서 이정도면 가성비도 상당한 편이구 단순히 곱창집이라고 생각하고 방문했다가는 그 이상의 신세계를 경험하게 됨 아쉬운 점 반지하이고 공간이 좁아서 자리가 불편할 수 있음 갈 때마다 조리시간이 꽤 길었던 편 다 조리해서 빼는 메뉴기도 하고 좁은 가게라 그럴수 있음 일정 급할 땐 피하기 금요일 주말 저녁시간은 웨이팅 언제나 있는 편,0,0,0,0,1,0,1,580,"가성비, 원"
kakao,태양곱창 성수,김종선,14.0,2025-01-09,,,돼지곱창 맛있게 친구들과 잘 먹었어요 돼지 잡냄새도 안나고 마지막 볶음밥도 대중의 맛이라 재방문 하고 싶어요 직원분들의 친절함까지 한스푼~~ 최고예요~~~~,87,True,5.0,4.7,브론즈 레벨,돼지곱창 맛있게 친구들과 잘 먹었어요 돼지 잡냄새도 안나고 마지막 볶음밥도 대중의 맛이라 재방문 하고 싶어요 직원분들의 친절함까지 한스푼~~ 최고예요~~~~,돼지곱창 맛있게 친구들과 잘 먹었어요 돼지 잡냄새도 안나고 마지막 볶음밥도 대중의 맛이라 재방문 하고 싶어요 직원분들의 친절함까지 한스푼 TILDE 최고예요 TILDE,0,0,0,0,0,0,0,87,원
naver,장인닭갈비 홍대점,jib****,94.0,2025.09.24,14번째 방문,영수증,"이제 엄마만 남았다,, 여동생이랑 아빠는 장인닭갈비 맛을 보았다,, 여동생은 2-3개월 전 아빠는 오늘,, 서울 살면서 제일 맛집 중 하나인 이곳 “장인닭갈비 홍대점” 아빠 퇴원 후 바로 달려와서 뇸뇸 엄마는 언제쯤 올 수 있을까ㅋㅋㅋㅋ 아빠는 맛있다고 하시니 다행😀 -비오는날 찰라와 아빠 그리고 나 -",170,True,,,,"이제 엄마만 남았다,, 여동생이랑 아빠는 장인닭갈비 맛을 보았다,, 여동생은 2-3개월 전 아빠는 오늘,, 서울 살면서 제일 맛집 중 하나인 이곳 “장인닭갈비 홍대점” 아빠 퇴원 후 바로 달려와서 뇸뇸 엄마는 언제쯤 올 수 있을까ㅋㅋㅋㅋ 아빠는 맛있다고 하시니 다행😀 -비오는날 찰라와 아빠 그리고 나 -",이제 엄마만 남았다 여동생이랑 아빠는 장인닭갈비 맛을 보았다 여동생은 2 3개월 전 아빠는 오늘 서울 살면서 제일 맛집 중 하나인 이곳 장인닭갈비 홍대점 아빠 퇴원 후 바로 달려와서 뇸뇸 엄마는 언제쯤 올 수 있을까 아빠는 맛있다고 하시니 다행 EMO_POS 비오는날 찰라와 아빠 그리고 나,1,0,0,0,0,0,1,170,원
naver,할머니의 레시피,파트라8292,1666.0,2025.06.29,1번째 방문,영수증,서울숲에 왔다가 검색하여 식사 가격도 착하고 쾌적한 공간에서 맛있는 식사,40,True,,,,서울숲에 왔다가 검색하여 식사 가격도 착하고 쾌적한 공간에서 맛있는 식사,서울숲에 왔다가 검색하여 식사 가격도 착하고 쾌적한 공간에서 맛있는 식사,0,0,0,0,0,0,0,40,"가격, 착하고"
naver,육산장 홍대본점,jee****,3.0,2026.04.23,1번째 방문,영수증,"직원분들도 친절하시고, 감성있음. 고기도 맛있음",26,True,,,,"직원분들도 친절하시고, 감성있음. 고기도 맛있음",직원분들도 친절하시고 감성있음 고기도 맛있음,0,0,0,0,0,0,0,26,원
kakao,소문난성수감자탕,Hyoki,2.0,2025-11-02,,,"존1니 싸가지 없어요 손님 때리고 소리 지름 본인 바쁘고 힘든 거 손님한테 ○○○○로 푸는 곳 ^^ 친구 만나서 반가워서 인사하려니까 후다닥 오더니 언니, 언니, 언니 조용히 해!!!!! 이러고 (다른 손님 다 떠들고 그 씨끄러운 성수에서?) 지 따라 오랬다가 말랬다가 2층 따라오래서 움직이려니까 가만히있어!!!!! 이러면서? ㅋ;; 존니 큰소리를 ㅋㅋㅋㅋㅋ 소리만 지르게요? 가만히 있는 사람 팔뚝을 톡톡도 아니고 손아귀로 퍽퍽 때리면서 (진심 한 10번은 연속으로 계속 침) 나 따라와!!!! ㅎㅏ....... 내가 니 딸입니까? 울 엄마도 나 그렇게 우악스럽게 안 키웠어 ㅋㅋㅋ 직원 단도리 잘 하세요... 기분 개처나빠서 진짜 친구 생일 땜에 모인 거라 참았지 살다살다 식당 가서 이런 푸대접은 처음 ㅋ 직원이 본인 바쁘고 힘든 거 손님한테 푸는 곳 레전드 진짜;",432,False,1.0,3.0,브론즈 레벨,"존1니 싸가지 없어요 손님 때리고 소리 지름 본인 바쁘고 힘든 거 손님한테 ○○○○로 푸는 곳 ^^ 친구 만나서 반가워서 인사하려니까 후다닥 오더니 언니, 언니, 언니 조용히 해!!!!! 이러고 (다른 손님 다 떠들고 그 씨끄러운 성수에서?) 지 따라 오랬다가 말랬다가 2층 따라오래서 움직이려니까 가만히있어!!!!! 이러면서? ㅋ;; 존니 큰소리를 ㅋㅋㅋㅋㅋ 소리만 지르게요? 가만히 있는 사람 팔뚝을 톡톡도 아니고 손아귀로 퍽퍽 때리면서 (진심 한 10번은 연속으로 계속 침) 나 따라와!!!! ㅎㅏ....... 내가 니 딸입니까? 울 엄마도 나 그렇게 우악스럽게 안 키웠어 ㅋㅋㅋ 직원 단도리 잘 하세요... 기분 개처나빠서 진짜 친구 생일 땜에 모인 거라 참았지 살다살다 식당 가서 이런 푸대접은 처음 ㅋ 직원이 본인 바쁘고 힘든 거 손님한테 푸는 곳 레전드 진짜;",존1니 싸가지 없어요 손님 때리고 소리 지름 본인 바쁘고 힘든 거 손님한테 로 푸는 곳 친구 만나서 반가워서 인사하려니까 후다닥 오더니 언니 언니 언니 조용히 해 EXCLAM 이러고 다른 손님 다 떠들고 그 씨끄러운 성수에서 QUESTION 지 따라 오랬다가 말랬다가 2층 따라오래서 움직이려니까 가만히있어 EXCLAM 이러면서 QUESTION 존니 큰소리를 소리만 지르게요 QUESTION 가만히 있는 사람 팔뚝을 톡톡도 아니고 손아귀로 퍽퍽 때리면서 진심 한 10번은 연속으로 계속 침 나 따라와 EXCLAM 내가 니 딸입니까 QUESTION 울 엄마도 나 그렇게 우악스럽게 안 키웠어 직원 단도리 잘 하세요 기분 개처나빠서 진짜 친구 생일 땜에 모인 거라 참았지 살다살다 식당 가서 이런 푸대접은 처음 직원이 본인 바쁘고 힘든 거 손님한테 푸는 곳 레전드 진짜,0,0,0,0,1,1,1,432,원
kakao,황금콩밭,좋은게 좋은거지,47.0,2025-04-20,,,솔직히 왜 맛집인지 모르겠음… 두부는 맛있어요 근데 두부 요리들이 엄청 맛 좋은지는 모르겠어요. 가격도 좀 심각하게 비쌈,67,True,3.0,3.7,실버 레벨,솔직히 왜 맛집인지 모르겠음… 두부는 맛있어요 근데 두부 요리들이 엄청 맛 좋은지는 모르겠어요. 가격도 좀 심각하게 비쌈,솔직히 왜 맛집인지 모르겠음 두부는 맛있어요 근데 두부 요리들이 엄청 맛 좋은지는 모르겠어요 가격도 좀 심각하게 비쌈,0,0,0,0,0,0,0,67,"가격, 비쌈"
kakao,태양곱창 성수,불친절은참지않긔,24.0,2025-09-21,,,"쑥갓 당면 곱창 들어있는 게 35,000원이라는 게 믿을 수 없음, 줄서서 먹는 것도 노이해 맛있다고 해서 왔는데 먹을만한 사이드도 없고 가격도 너무 높게 책정되어 있어서 굳이? 시켜먹고 싶지 않음 ㅠ 네이버 리뷰쓰면 음료수 줘서 별점이 높은건가 볶음밥도 4천원 치고 퀄이 낮은 느낌(기름맛)",163,True,1.0,4.0,실버 레벨,"쑥갓 당면 곱창 들어있는 게 35,000원이라는 게 믿을 수 없음, 줄서서 먹는 것도 노이해 맛있다고 해서 왔는데 먹을만한 사이드도 없고 가격도 너무 높게 책정되어 있어서 굳이? 시켜먹고 싶지 않음 ㅠ 네이버 리뷰쓰면 음료수 줘서 별점이 높은건가 볶음밥도 4천원 치고 퀄이 낮은 느낌(기름맛)",쑥갓 당면 곱창 들어있는 게 35 000원이라는 게 믿을 수 없음 줄서서 먹는 것도 노이해 맛있다고 해서 왔는데 먹을만한 사이드도 없고 가격도 너무 높게 책정되어 있어서 굳이 QUESTION 시켜먹고 싶지 않음 네이버 리뷰쓰면 음료수 줘서 별점이 높은건가 볶음밥도 4천원 치고 퀄이 낮은 느낌 기름맛,0,0,0,0,0,1,1,163,"가격, 원"
kakao,이태리국시 성수,황수진,1.0,2026-04-18,,,직원분들이 친절하고 맛있어요ㅎㅎ,17,True,5.0,5.0,브론즈 레벨,직원분들이 친절하고 맛있어요ㅎㅎ,직원분들이 친절하고 맛있어요,0,0,0,0,0,0,0,17,원
kakao,육지,찐,2.0,2025-09-16,,,너무 맛있게 먹었어요 서비스도 좋구 직원분들 넘 친절하세요 또 올게요^^,40,True,5.0,5.0,브론즈 레벨,너무 맛있게 먹었어요 서비스도 좋구 직원분들 넘 친절하세요 또 올게요^^,너무 맛있게 먹었어요 서비스도 좋구 직원분들 넘 친절하세요 또 올게요,0,0,0,0,0,0,0,40,원
kakao,을밀대 본점,맛은과학이다,99.0,2025-03-17,,,"언제 방문해도 맛있게 먹게됩니다. 다른곳보다 면을 천천히 씹을 때 진가가 발휘되는 집, 평소엔 없는 살얼음이 많아서 이가 조금 시려웠지만 늘 맛나네요. 수육과 녹두전은 맛은 좋으나 가격이 조금 세네요. 냉면은 대체 할 맛이 없는듯 합니다. 평양냉면이 처음이라면 소주와 함께 드셔보세요. 소주는 달아지고 냉면의 풍미는 살아납니다. 작성자도 평소엔 술을 하지 않지만 이곳 냉면엔 두세잔 반주가 늘 당기네요.",225,False,4.0,3.6,골드 레벨,"언제 방문해도 맛있게 먹게됩니다. 다른곳보다 면을 천천히 씹을 때 진가가 발휘되는 집, 평소엔 없는 살얼음이 많아서 이가 조금 시려웠지만 늘 맛나네요. 수육과 녹두전은 맛은 좋으나 가격이 조금 세네요. 냉면은 대체 할 맛이 없는듯 합니다. 평양냉면이 처음이라면 소주와 함께 드셔보세요. 소주는 달아지고 냉면의 풍미는 살아납니다. 작성자도 평소엔 술을 하지 않지만 이곳 냉면엔 두세잔 반주가 늘 당기네요.",언제 방문해도 맛있게 먹게됩니다 다른곳보다 면을 천천히 씹을 때 진가가 발휘되는 집 평소엔 없는 살얼음이 많아서 이가 조금 시려웠지만 늘 맛나네요 수육과 녹두전은 맛은 좋으나 가격이 조금 세네요 냉면은 대체 할 맛이 없는듯 합니다 평양냉면이 처음이라면 소주와 함께 드셔보세요 소주는 달아지고 냉면의 풍미는 살아납니다 작성자도 평소엔 술을 하지 않지만 이곳 냉면엔 두세잔 반주가 늘 당기네요,0,0,0,0,0,0,0,225,가격
naver,원조 조박집 본관,뾰로롱꼬마마녀뿅,2030.0,2025.12.06,1번째 방문,영수증,물엿 인지 설탕인지 마니너어성 판을 자주 갈아줘야해요 천장고가 낮아서 답답해요 직원이 몇명 없으니 야채 셀프바 필요할듯요 내부가 몹시 시끄럽고 정신 없어 소리 크게 내는 손님만 먹을 수 잇음,106,True,,,,물엿 인지 설탕인지 마니너어성 판을 자주 갈아줘야해요 천장고가 낮아서 답답해요 직원이 몇명 없으니 야채 셀프바 필요할듯요 내부가 몹시 시끄럽고 정신 없어 소리 크게 내는 손님만 먹을 수 잇음,물엿 인지 설탕인지 마니너어성 판을 자주 갈아줘야해요 천장고가 낮아서 답답해요 직원이 몇명 없으니 야채 셀프바 필요할듯요 내부가 몹시 시끄럽고 정신 없어 소리 크게 내는 손님만 먹을 수 잇음,0,0,0,0,0,0,0,106,원
kakao,각시보쌈,Emily,43.0,2026-04-17,,,가끔 손님이 많아서 대기를 해야할 때가 있어요! 그 만큼 가격과 맛 퀄리티 모두 백점 만점에 95점 정도 주고 싶어요~! 보쌈이 땡기는 날~~ 붐비지 않는 시간 때에 가세요! 후회없는 선택이 되실 듯!!,113,True,5.0,3.2,실버 레벨,가끔 손님이 많아서 대기를 해야할 때가 있어요! 그 만큼 가격과 맛 퀄리티 모두 백점 만점에 95점 정도 주고 싶어요~! 보쌈이 땡기는 날~~ 붐비지 않는 시간 때에 가세요! 후회없는 선택이 되실 듯!!,가끔 손님이 많아서 대기를 해야할 때가 있어요 EXCLAM 그 만큼 가격과 맛 퀄리티 모두 백점 만점에 95점 정도 주고 싶어요 EXCLAM 보쌈이 땡기는 날 TILDE 붐비지 않는 시간 때에 가세요 EXCLAM 후회없는 선택이 되실 듯 EXCLAM,0,0,0,0,1,0,1,113,가격
kakao,쭌곱창,채웅,1.0,2025-05-11,,,가성비의 끝! 곱창 맛도 정말 좋아요 검색해서 왔다가 정말 맛있게 잘먹습니다 :),45,True,5.0,5.0,브론즈 레벨,가성비의 끝! 곱창 맛도 정말 좋아요 검색해서 왔다가 정말 맛있게 잘먹습니다 :),가성비의 끝 EXCLAM 곱창 맛도 정말 좋아요 검색해서 왔다가 정말 맛있게 잘먹습니다,0,0,0,0,1,0,0,45,가성비
naver,조선시대,영수증리뷰중독자,953.0,2026.02.02,1번째 방문,영수증,"※협찬 받고 남기는 리뷰지만 원래 간 곳들 리뷰 다 남기는 사람입니당 :) 🎈 기본적으로 소수보단 단체 모임에 추천하는 술집 🎈 내부 공간이 다양하고, 룸이나 구석진 자리가 다양하게 있어서 좋음 🎈 전체적으로 안주 가격대가 있으나 그만치 양도 많은 곳 🎈 부대찌개 솔직히 짰는데 그만치 안에 햄과 고기가 미친듯이 많고, 더 여럿이 갔으면 라면사리 추가해서 물붓고 두판이상은 먹을만한 양 🎈 딸기막걸리 진심 딸기반 막걸리반. 덜어마시고 막걸리 더 섞어먹어도 될듯 🎈 게임 + 코인 시스템도 재밌음. 코인 할인(개당 천원)이 은근 쏠쏠함",298,True,,,,"※협찬 받고 남기는 리뷰지만 원래 간 곳들 리뷰 다 남기는 사람입니당 :) 🎈 기본적으로 소수보단 단체 모임에 추천하는 술집 🎈 내부 공간이 다양하고, 룸이나 구석진 자리가 다양하게 있어서 좋음 🎈 전체적으로 안주 가격대가 있으나 그만치 양도 많은 곳 🎈 부대찌개 솔직히 짰는데 그만치 안에 햄과 고기가 미친듯이 많고, 더 여럿이 갔으면 라면사리 추가해서 물붓고 두판이상은 먹을만한 양 🎈 딸기막걸리 진심 딸기반 막걸리반. 덜어마시고 막걸리 더 섞어먹어도 될듯 🎈 게임 + 코인 시스템도 재밌음. 코인 할인(개당 천원)이 은근 쏠쏠함",협찬 받고 남기는 리뷰지만 원래 간 곳들 리뷰 다 남기는 사람입니당 기본적으로 소수보단 단체 모임에 추천하는 술집 내부 공간이 다양하고 룸이나 구석진 자리가 다양하게 있어서 좋음 전체적으로 안주 가격대가 있으나 그만치 양도 많은 곳 부대찌개 솔직히 짰는데 그만치 안에 햄과 고기가 미친듯이 많고 더 여럿이 갔으면 라면사리 추가해서 물붓고 두판이상은 먹을만한 양 딸기막걸리 진심 딸기반 막걸리반 덜어마시고 막걸리 더 섞어먹어도 될듯 게임 코인 시스템도 재밌음 코인 할인 개당 천원 이 은근 쏠쏠함,0,0,0,0,0,0,0,298,"가격, 원, 가격대, 할인"
naver,각시보쌈,JoRi,1122.0,2025.07.05,1번째 방문,영수증,각시정식 2인분... 정말 가성비 최고입니다👍👍👍 반찬도 깔끔하게 맛있었어요 합정 주변 밥집으로 대추천해용☺️,61,True,,,,각시정식 2인분... 정말 가성비 최고입니다👍👍👍 반찬도 깔끔하게 맛있었어요 합정 주변 밥집으로 대추천해용☺️,각시정식 2인분 정말 가성비 최고입니다 EMO_POS EMO_POS EMO_POS 반찬도 깔끔하게 맛있었어요 합정 주변 밥집으로 대추천해용,1,0,0,0,0,0,1,61,가성비
kakao,각시보쌈,금나비,1736.0,2026-03-10,,,"적당한 식감의 맛과 퀄리티를 모두 갖춘 가브리살 보쌈정식은 웨이팅도 기꺼이 감내하는 최고의 가성비를 뽐낸다. □ 보쌈정식 인당 10,500원 ■ 주차불가",85,True,4.0,3.6,퍼플 레벨,"적당한 식감의 맛과 퀄리티를 모두 갖춘 가브리살 보쌈정식은 웨이팅도 기꺼이 감내하는 최고의 가성비를 뽐낸다. □ 보쌈정식 인당 10,500원 ■ 주차불가",적당한 식감의 맛과 퀄리티를 모두 갖춘 가브리살 보쌈정식은 웨이팅도 기꺼이 감내하는 최고의 가성비를 뽐낸다 보쌈정식 인당 10 500원 주차불가,0,0,0,0,0,0,1,85,"가성비, 원"
naver,보끔당 성수점,ghl****,6.0,2026.03.03,1번째 방문,영수증,점심 식사로 종종 방문하는 곳인데 항상 맛있는 것 같아요!! 항상 웨이팅 있었는데 오늘은 운이 좋게 바로 입장해서 먹을 수 있었어요! 직원분들도 친절해서 너무 좋았습니다.,95,True,,,,점심 식사로 종종 방문하는 곳인데 항상 맛있는 것 같아요!! 항상 웨이팅 있었는데 오늘은 운이 좋게 바로 입장해서 먹을 수 있었어요! 직원분들도 친절해서 너무 좋았습니다.,점심 식사로 종종 방문하는 곳인데 항상 맛있는 것 같아요 EXCLAM 항상 웨이팅 있었는데 오늘은 운이 좋게 바로 입장해서 먹을 수 있었어요 EXCLAM 직원분들도 친절해서 너무 좋았습니다,0,0,0,0,1,0,0,95,원
naver,쭌곱창,yjyj02033,29.0,2025.12.10,1번째 방문,영수증,사장님이 먹는 방법도 잘 알려주시고 세트메뉴 가성비 넘 좋고 진짜 맛있어요!!😍,44,True,,,,사장님이 먹는 방법도 잘 알려주시고 세트메뉴 가성비 넘 좋고 진짜 맛있어요!!😍,사장님이 먹는 방법도 잘 알려주시고 세트메뉴 가성비 넘 좋고 진짜 맛있어요 EXCLAM EMO_POS,1,0,0,0,1,0,0,44,가성비
kakao,일등식당,웃는날,182.0,2025-12-05,,,심심한 뼈해장국이지만 맛은 은근 짜요 노포 느낌에 위생이나 친절함이 없고 최악은 합석을 시킨다는 것 뼈다귀는 너무 삶아서 국물에 밥 말아먹으면 가끔씩 뼛조각이 씹힙니다 8천원이라는 가성비가 사람을 모으는 곳이지만 딱히 재방문의사는 없습니다,133,False,3.0,3.5,골드 레벨,심심한 뼈해장국이지만 맛은 은근 짜요 노포 느낌에 위생이나 친절함이 없고 최악은 합석을 시킨다는 것 뼈다귀는 너무 삶아서 국물에 밥 말아먹으면 가끔씩 뼛조각이 씹힙니다 8천원이라는 가성비가 사람을 모으는 곳이지만 딱히 재방문의사는 없습니다,심심한 뼈해장국이지만 맛은 은근 짜요 노포 느낌에 위생이나 친절함이 없고 최악은 합석을 시킨다는 것 뼈다귀는 너무 삶아서 국물에 밥 말아먹으면 가끔씩 뼛조각이 씹힙니다 8천원이라는 가성비가 사람을 모으는 곳이지만 딱히 재방문의사는 없습니다,0,0,0,0,0,0,1,133,"가성비, 원"
kakao,쭌곱창,sairai,114.0,2025-01-24,,,한줄리뷰; 뭐가 원탑이냐 이 조작충들아 내가 여기 4년전부터 한 번씩 왔는데 그 정도 아님 나중에 마저씀,58,True,2.0,3.7,골드 레벨,한줄리뷰; 뭐가 원탑이냐 이 조작충들아 내가 여기 4년전부터 한 번씩 왔는데 그 정도 아님 나중에 마저씀,한줄리뷰 뭐가 원탑이냐 이 조작충들아 내가 여기 4년전부터 한 번씩 왔는데 그 정도 아님 나중에 마저씀,0,0,0,0,0,0,1,58,원
naver,을밀대 평양냉면,계란말이48,891.0,2025.11.16,12번째 방문,영수증,비싸지만 맛있는곳,9,True,,,,비싸지만 맛있는곳,비싸지만 맛있는곳,0,0,0,0,0,0,0,9,비싸
kakao,소문난성수감자탕,솔직한리뷰,25.0,2025-06-15,,,성수 위치 때문이지 가격에 비해 양은 많지 않는건 이해하지만 맛은 그냥그럼 동네에 아무 감자탕 가는게 나음 지나갈때 냄새는 죽여줘서 지하철에 파는 만쥬같음,86,False,3.0,3.7,실버 레벨,성수 위치 때문이지 가격에 비해 양은 많지 않는건 이해하지만 맛은 그냥그럼 동네에 아무 감자탕 가는게 나음 지나갈때 냄새는 죽여줘서 지하철에 파는 만쥬같음,성수 위치 때문이지 가격에 비해 양은 많지 않는건 이해하지만 맛은 그냥그럼 동네에 아무 감자탕 가는게 나음 지나갈때 냄새는 죽여줘서 지하철에 파는 만쥬같음,0,0,0,0,0,0,0,86,가격
naver,을밀대 평양냉면,ililiiliiiliil,380.0,2026.03.14,2번째 방문,영수증,주차장 존재 맛으론 사오이시 가성비 포함 삼팔이시 겨울에도 은근 사람 존재 전은 냉면 다 먹고 시키는게 낫다 맛이 안 느껴짐,69,True,,,,주차장 존재 맛으론 사오이시 가성비 포함 삼팔이시 겨울에도 은근 사람 존재 전은 냉면 다 먹고 시키는게 낫다 맛이 안 느껴짐,주차장 존재 맛으론 사오이시 가성비 포함 삼팔이시 겨울에도 은근 사람 존재 전은 냉면 다 먹고 시키는게 낫다 맛이 안 느껴짐,0,0,0,0,0,0,0,69,가성비
kakao,홍대 조선시대,도형,1.0,2026-03-02,,,음식도 맛있고 분위기도 좋아서 만족스러웠어요. 직원분들도 친절해서 기분 좋게 식사할 수 있었습니다. 다음에 또 방문하고 싶은 맛집이에요 😊,77,True,5.0,5.0,브론즈 레벨,음식도 맛있고 분위기도 좋아서 만족스러웠어요. 직원분들도 친절해서 기분 좋게 식사할 수 있었습니다. 다음에 또 방문하고 싶은 맛집이에요 😊,음식도 맛있고 분위기도 좋아서 만족스러웠어요 직원분들도 친절해서 기분 좋게 식사할 수 있었습니다 다음에 또 방문하고 싶은 맛집이에요 EMO_POS,1,0,0,0,0,0,0,77,원
kakao,홍대 조선시대,정홍기,7.0,2026-02-14,,,음식 짱 맛있고 분위기 좋네요 ㅎㅎ 직원분들도 엄청 친절해요^^,35,True,5.0,4.6,브론즈 레벨,음식 짱 맛있고 분위기 좋네요 ㅎㅎ 직원분들도 엄청 친절해요^^,음식 짱 맛있고 분위기 좋네요 직원분들도 엄청 친절해요,0,0,0,0,0,0,0,35,원
kakao,소문난성수감자탕,준수,7.0,2026-01-06,,,직원분들 너무 친절하시고 유명한만큼 너무 맛있었어요,28,False,5.0,2.7,브론즈 레벨,직원분들 너무 친절하시고 유명한만큼 너무 맛있었어요,직원분들 너무 친절하시고 유명한만큼 너무 맛있었어요,0,0,0,0,0,0,0,28,원
kakao,소문난성수감자탕,곰돌이,11.0,2025-05-11,,,맛도 평범하고 크게 특별한 곳이 없는데 왜 유명한지 모르겠어요 사람도 너무 많고 좌석 간격이 좁아서 직원분들 감자탕 냄비 서빙할 때마다 불안하고 의자에 걸어둔 코트나 가방은 계속 떨어지고 ㅠㅠ 외국인 관광객이 많아 엄청 시끄러워요,128,False,3.0,4.5,브론즈 레벨,맛도 평범하고 크게 특별한 곳이 없는데 왜 유명한지 모르겠어요 사람도 너무 많고 좌석 간격이 좁아서 직원분들 감자탕 냄비 서빙할 때마다 불안하고 의자에 걸어둔 코트나 가방은 계속 떨어지고 ㅠㅠ 외국인 관광객이 많아 엄청 시끄러워요,맛도 평범하고 크게 특별한 곳이 없는데 왜 유명한지 모르겠어요 사람도 너무 많고 좌석 간격이 좁아서 직원분들 감자탕 냄비 서빙할 때마다 불안하고 의자에 걸어둔 코트나 가방은 계속 떨어지고 외국인 관광객이 많아 엄청 시끄러워요,0,0,0,1,0,0,0,128,원
kakao,일등식당,ananas,217.0,2025-05-12,,,살코기도 많고 가격도 좋고,14,False,3.0,3.5,골드 레벨,살코기도 많고 가격도 좋고,살코기도 많고 가격도 좋고,0,0,0,0,0,0,0,14,가격
naver,홍대 육지,안 준 서,5.0,2026.04.18,1번째 방문,영수증,"고기 질이 정말 좋아서 한입 먹자마자 차이가 느껴졌어요. 잡내 없고 육즙도 풍부해서 계속 손이 가더라고요. 불판 관리도 잘 해주셔서 편하게 먹을 수 있었고, 직원분들도 전체적으로 친절했습니다. 반찬 구성도 깔끔하고 고기랑 잘 어울려서 조합이 좋았어요. 가격 대비 만족도 높아서 다음에 또 방문할 생각입니다 👍",172,True,,,,"고기 질이 정말 좋아서 한입 먹자마자 차이가 느껴졌어요. 잡내 없고 육즙도 풍부해서 계속 손이 가더라고요. 불판 관리도 잘 해주셔서 편하게 먹을 수 있었고, 직원분들도 전체적으로 친절했습니다. 반찬 구성도 깔끔하고 고기랑 잘 어울려서 조합이 좋았어요. 가격 대비 만족도 높아서 다음에 또 방문할 생각입니다 👍",고기 질이 정말 좋아서 한입 먹자마자 차이가 느껴졌어요 잡내 없고 육즙도 풍부해서 계속 손이 가더라고요 불판 관리도 잘 해주셔서 편하게 먹을 수 있었고 직원분들도 전체적으로 친절했습니다 반찬 구성도 깔끔하고 고기랑 잘 어울려서 조합이 좋았어요 가격 대비 만족도 높아서 다음에 또 방문할 생각입니다 EMO_POS,1,0,0,0,0,0,0,172,"가격, 원"
kakao,소문난성수감자탕,행복,182.0,2025-07-06,,,혼자가면.웨이팅두 없고 좋네요 ㅎ 우거지는 좀 많이짠데 고기가 간이 삼삼해서 좋았어요. 저는 간이 더 덜됐으면좋겠어요~ 직원 아주머니들도.친절하시고 메뉴도.1분만에 나와서 최고입니다. 위생이 그닥이라 4점인데 전 재방문의사.있어요(웨이팅있으면 x),138,False,4.0,3.9,골드 레벨,혼자가면.웨이팅두 없고 좋네요 ㅎ 우거지는 좀 많이짠데 고기가 간이 삼삼해서 좋았어요. 저는 간이 더 덜됐으면좋겠어요~ 직원 아주머니들도.친절하시고 메뉴도.1분만에 나와서 최고입니다. 위생이 그닥이라 4점인데 전 재방문의사.있어요(웨이팅있으면 x),혼자가면 웨이팅두 없고 좋네요 우거지는 좀 많이짠데 고기가 간이 삼삼해서 좋았어요 저는 간이 더 덜됐으면좋겠어요 직원 아주머니들도 친절하시고 메뉴도 1분만에 나와서 최고입니다 위생이 그닥이라 4점인데 전 재방문의사 있어요 웨이팅있으면 x,0,0,0,0,0,0,1,138,원
kakao,장인닭갈비 홍대점,밍,1.0,2025-08-23,,,"작년 여름 친구 3명이랑 가서 각자 따로 계산할려고 햇거든요 근데 알바가 잘못 계산해놔서 다시가서 돈 받을려 했는데 ""겨우 1000원 때문에 다시 오신거에요??"" 하시면서 ㅋㅋㅋ아니 학생이고 1000원이 얼마나 큰 돈인데 겨우 천원? 그리고 사과한마디도 안하시고 어떻게 하실거냐고, 4명 취소하고 다시 결제해야한다면서 그러고 걍 짜증나서 죄송합니다하고 나왔네요 직원분 사과라도 하셨으면 저희 기분이 안좋진 않았을텐데 알바 인성교육좀 시키세요 왜 우리가 사과를 해야함?ㅋㅋ 꼽주고 싸가지도 없는곳. 가지마세요.",284,False,1.0,1.0,브론즈 레벨,"작년 여름 친구 3명이랑 가서 각자 따로 계산할려고 햇거든요 근데 알바가 잘못 계산해놔서 다시가서 돈 받을려 했는데 ""겨우 1000원 때문에 다시 오신거에요??"" 하시면서 ㅋㅋㅋ아니 학생이고 1000원이 얼마나 큰 돈인데 겨우 천원? 그리고 사과한마디도 안하시고 어떻게 하실거냐고, 4명 취소하고 다시 결제해야한다면서 그러고 걍 짜증나서 죄송합니다하고 나왔네요 직원분 사과라도 하셨으면 저희 기분이 안좋진 않았을텐데 알바 인성교육좀 시키세요 왜 우리가 사과를 해야함?ㅋㅋ 꼽주고 싸가지도 없는곳. 가지마세요.",작년 여름 친구 3명이랑 가서 각자 따로 계산할려고 햇거든요 근데 알바가 잘못 계산해놔서 다시가서 돈 받을려 했는데 겨우 1000원 때문에 다시 오신거에요 QUESTION 하시면서 아니 학생이고 1000원이 얼마나 큰 돈인데 겨우 천원 QUESTION 그리고 사과한마디도 안하시고 어떻게 하실거냐고 4명 취소하고 다시 결제해야한다면서 그러고 걍 짜증나서 죄송합니다하고 나왔네요 직원분 사과라도 하셨으면 저희 기분이 안좋진 않았을텐데 알바 인성교육좀 시키세요 왜 우리가 사과를 해야함 QUESTION 꼽주고 싸가지도 없는곳 가지마세요,0,0,0,0,0,1,1,284,"돈, 원"
naver,능동미나리 성수지점,yus****,439.0,2026.03.17,1번째 방문,영수증,11시에갔더니빈자리가 많았어용 미나리 먹으러 간줄알았는데 결국 고기먹고왔어요. 메뉴마다 깨알같이 맛있네요 직원들도 신속하게 응대해주시고 실내가 좀 미로갔지만ㅋㅋㅋ 나름 재밌네요 일부자리는 옆자리랑 너무 가까워서 식사중에 옆테이블분이 나가일때 자꾸 엉덩이가 테이블에…ㅋㅋㅋ 장사가너무 잘되서.그런가바요 나오니 줄이….. 저렴하지 않은 가격인디…👍,192,False,,,,11시에갔더니빈자리가 많았어용 미나리 먹으러 간줄알았는데 결국 고기먹고왔어요. 메뉴마다 깨알같이 맛있네요 직원들도 신속하게 응대해주시고 실내가 좀 미로갔지만ㅋㅋㅋ 나름 재밌네요 일부자리는 옆자리랑 너무 가까워서 식사중에 옆테이블분이 나가일때 자꾸 엉덩이가 테이블에…ㅋㅋㅋ 장사가너무 잘되서.그런가바요 나오니 줄이….. 저렴하지 않은 가격인디…👍,11시에갔더니빈자리가 많았어용 미나리 먹으러 간줄알았는데 결국 고기먹고왔어요 메뉴마다 깨알같이 맛있네요 직원들도 신속하게 응대해주시고 실내가 좀 미로갔지만 나름 재밌네요 일부자리는 옆자리랑 너무 가까워서 식사중에 옆테이블분이 나가일때 자꾸 엉덩이가 테이블에 장사가너무 잘되서 그런가바요 나오니 줄이 저렴하지 않은 가격인디 EMO_POS,1,0,0,0,0,0,1,192,"가격, 저렴, 원"
kakao,각시보쌈,❤️,5.0,2026-01-26,,,아니 무슨 80년대도아니고 혼자손님이 와도 자기가 앉고싶은자릴 앉는거지 이래라저래라 저기앉아라이러고 통제를 합니까 무슨 공산주의에요????밥먹으러왔다가 기분잡쳐서가네요 먹는 내내 중국종업원들 먹는거 구경하면서 낄낄대고 다음에 가서그러면 가만히 않있습니다 두고보세요,147,False,1.0,2.0,브론즈 레벨,아니 무슨 80년대도아니고 혼자손님이 와도 자기가 앉고싶은자릴 앉는거지 이래라저래라 저기앉아라이러고 통제를 합니까 무슨 공산주의에요????밥먹으러왔다가 기분잡쳐서가네요 먹는 내내 중국종업원들 먹는거 구경하면서 낄낄대고 다음에 가서그러면 가만히 않있습니다 두고보세요,아니 무슨 80년대도아니고 혼자손님이 와도 자기가 앉고싶은자릴 앉는거지 이래라저래라 저기앉아라이러고 통제를 합니까 무슨 공산주의에요 QUESTION 밥먹으러왔다가 기분잡쳐서가네요 먹는 내내 중국종업원들 먹는거 구경하면서 낄낄대고 다음에 가서그러면 가만히 않있습니다 두고보세요,0,0,0,0,0,1,1,147,원
kakao,육산장 홍대본점,강용준,1.0,2025-08-05,,,가성비 되게 좋고 직원분들이 친절해여ㅎㅎ,22,False,5.0,5.0,브론즈 레벨,가성비 되게 좋고 직원분들이 친절해여ㅎㅎ,가성비 되게 좋고 직원분들이 친절해여,0,0,0,0,0,0,0,22,"가성비, 원"
naver,태양곱창 성수점,yeo****,39.0,2026.02.04,1번째 방문,영수증,직원분들도 친절하고 맛있어요!!,17,True,,,,직원분들도 친절하고 맛있어요!!,직원분들도 친절하고 맛있어요 EXCLAM,0,0,0,0,1,0,0,17,원
naver,육산장 홍대본점,dls****,3.0,2026.04.30,1번째 방문,영수증,분위기가 좋아요!!! 대기없이 야장쪽으로 입장했어요 주말이나 금요일 저녁에 오면 대기해야 할 수도 있을거같아요!! 고기 정말 맛있고 직원분들 너무 친절해서 기분좋은 식사 했습니다 매장도 크고 분위기도 좋아서 친구들이랑 기분좋게 식사했습니다🤤 최고최고!!!,142,True,,,,분위기가 좋아요!!! 대기없이 야장쪽으로 입장했어요 주말이나 금요일 저녁에 오면 대기해야 할 수도 있을거같아요!! 고기 정말 맛있고 직원분들 너무 친절해서 기분좋은 식사 했습니다 매장도 크고 분위기도 좋아서 친구들이랑 기분좋게 식사했습니다🤤 최고최고!!!,분위기가 좋아요 EXCLAM 대기없이 야장쪽으로 입장했어요 주말이나 금요일 저녁에 오면 대기해야 할 수도 있을거같아요 EXCLAM 고기 정말 맛있고 직원분들 너무 친절해서 기분좋은 식사 했습니다 매장도 크고 분위기도 좋아서 친구들이랑 기분좋게 식사했습니다 최고최고 EXCLAM,0,0,0,0,1,0,0,142,원
naver,마포양지설렁탕,kkocoma48,18.0,2026.04.10,1번째 방문,영수증,"예전부터 이용하던 곳이라 부모님이 뜨끈한 거 드시고 싶을 때 설렁탕을 사다 드리곤 했는데 , 요즘엔 가격도 비싸져서 ㅎㅎ 매장에 가서 먹으면 뜨끈한 맛으로 먹고 싶어서 가는 건데 오늘 같은 경우 국물이 뜨겁게 나오지 않아서 조금 실망스러웠어요. 서빙보시는 어머니들이 오래하신 분들이 많아서 착착 잘 서빙하시는데 오늘따라 조금 그랬고, 대신 김치, 깍두기가 맛있어요 엄마는 파김치가 맛있다고하고, 아들은 예전의 겉절이를 더 좋아했구요. 포장을 하면 최소 2인분부터기 때문에 가격대가 조금 부담스럴 수도 있지만 두 번 이상 먹을 수 있어서 가끔 겨울에 이용해욫 공덕역이라 편하고 또 주차 관리를 하시기 때문에 바로 앞에 주차하고 포장하거나 식사하는 건 편합니다. 개인적으로 국물이 프림탄것처럼 뿌옇지않고 맑아서 좋아요",399,True,,,,"예전부터 이용하던 곳이라 부모님이 뜨끈한 거 드시고 싶을 때 설렁탕을 사다 드리곤 했는데 , 요즘엔 가격도 비싸져서 ㅎㅎ 매장에 가서 먹으면 뜨끈한 맛으로 먹고 싶어서 가는 건데 오늘 같은 경우 국물이 뜨겁게 나오지 않아서 조금 실망스러웠어요. 서빙보시는 어머니들이 오래하신 분들이 많아서 착착 잘 서빙하시는데 오늘따라 조금 그랬고, 대신 김치, 깍두기가 맛있어요 엄마는 파김치가 맛있다고하고, 아들은 예전의 겉절이를 더 좋아했구요. 포장을 하면 최소 2인분부터기 때문에 가격대가 조금 부담스럴 수도 있지만 두 번 이상 먹을 수 있어서 가끔 겨울에 이용해욫 공덕역이라 편하고 또 주차 관리를 하시기 때문에 바로 앞에 주차하고 포장하거나 식사하는 건 편합니다. 개인적으로 국물이 프림탄것처럼 뿌옇지않고 맑아서 좋아요",예전부터 이용하던 곳이라 부모님이 뜨끈한 거 드시고 싶을 때 설렁탕을 사다 드리곤 했는데 요즘엔 가격도 비싸져서 매장에 가서 먹으면 뜨끈한 맛으로 먹고 싶어서 가는 건데 오늘 같은 경우 국물이 뜨겁게 나오지 않아서 조금 실망스러웠어요 서빙보시는 어머니들이 오래하신 분들이 많아서 착착 잘 서빙하시는데 오늘따라 조금 그랬고 대신 김치 깍두기가 맛있어요 엄마는 파김치가 맛있다고하고 아들은 예전의 겉절이를 더 좋아했구요 포장을 하면 최소 2인분부터기 때문에 가격대가 조금 부담스럴 수도 있지만 두 번 이상 먹을 수 있어서 가끔 겨울에 이용해욫 공덕역이라 편하고 또 주차 관리를 하시기 때문에 바로 앞에 주차하고 포장하거나 식사하는 건 편합니다 개인적으로 국물이 프림탄것처럼 뿌옇지않고 맑아서 좋아요,0,0,0,0,0,0,1,399,"가격, 비싸, 가격대"
kakao,황금콩밭,맛집심의관,563.0,2025-07-14,,,"여러 해 미쉐린 가이드에 오른 본점은, 전반적으로 정갈하고 담백한 콩요리를 선보입니다. 청국장은 구수하면서도 자극적이지 않아 부담 없이 즐길 수 있었고, 두부짜글이는 부드러운 두부와 진한 양념이 따뜻한 흰밥과 잘 어울렸습니다. 음식의 간이 세지 않아 재료 본연의 맛을 즐길 수 있으며, 가격대는 약간 높은 편입니다. 일상에서 가정식이 그리운 날 건강하게 한 끼 하고 싶을 때 찾기 좋은 곳입니다.",221,False,4.0,3.8,골드 레벨,"여러 해 미쉐린 가이드에 오른 본점은, 전반적으로 정갈하고 담백한 콩요리를 선보입니다. 청국장은 구수하면서도 자극적이지 않아 부담 없이 즐길 수 있었고, 두부짜글이는 부드러운 두부와 진한 양념이 따뜻한 흰밥과 잘 어울렸습니다. 음식의 간이 세지 않아 재료 본연의 맛을 즐길 수 있으며, 가격대는 약간 높은 편입니다. 일상에서 가정식이 그리운 날 건강하게 한 끼 하고 싶을 때 찾기 좋은 곳입니다.",여러 해 미쉐린 가이드에 오른 본점은 전반적으로 정갈하고 담백한 콩요리를 선보입니다 청국장은 구수하면서도 자극적이지 않아 부담 없이 즐길 수 있었고 두부짜글이는 부드러운 두부와 진한 양념이 따뜻한 흰밥과 잘 어울렸습니다 음식의 간이 세지 않아 재료 본연의 맛을 즐길 수 있으며 가격대는 약간 높은 편입니다 일상에서 가정식이 그리운 날 건강하게 한 끼 하고 싶을 때 찾기 좋은 곳입니다,0,0,0,0,0,0,0,221,"가격, 가격대"
naver,옥동식,lcy****,1996.0,2025.01.05,2번째 방문,영수증,"자꾸 생각나서 재방문했어요😳 원래 국밥 안 좋아 하는데 국밥러버 남자친구랑 갔다가 국밥에 눈이 트인 계기가 됐달까🥸 주문하면 5분 내로 나와서 좋고, 양은 일반으로 주문해도 배불러서 평소 먹는 양 적은 분들은 굳이 특 안시켜도 충분할 정도예요~! 앞에 대기 34팀 있을 때 2시간 정도 기다린 거 같아요. 매장 앞에 기다릴 공간이 마땅치 않으니 미리미리 캐치테이블 걸어 두고 가시길★",214,True,,,,"자꾸 생각나서 재방문했어요😳 원래 국밥 안 좋아 하는데 국밥러버 남자친구랑 갔다가 국밥에 눈이 트인 계기가 됐달까🥸 주문하면 5분 내로 나와서 좋고, 양은 일반으로 주문해도 배불러서 평소 먹는 양 적은 분들은 굳이 특 안시켜도 충분할 정도예요~! 앞에 대기 34팀 있을 때 2시간 정도 기다린 거 같아요. 매장 앞에 기다릴 공간이 마땅치 않으니 미리미리 캐치테이블 걸어 두고 가시길★",자꾸 생각나서 재방문했어요 원래 국밥 안 좋아 하는데 국밥러버 남자친구랑 갔다가 국밥에 눈이 트인 계기가 됐달까 주문하면 5분 내로 나와서 좋고 양은 일반으로 주문해도 배불러서 평소 먹는 양 적은 분들은 굳이 특 안시켜도 충분할 정도예요 EXCLAM 앞에 대기 34팀 있을 때 2시간 정도 기다린 거 같아요 매장 앞에 기다릴 공간이 마땅치 않으니 미리미리 캐치테이블 걸어 두고 가시길,0,0,0,0,1,0,1,214,원
naver,소문난성수감자탕,조대장13,794.0,2025.12.29,1번째 방문,영수증,왜 줄서는집인지 서울3대 감자탕인지 먹어보면 바로 알수있는집. 맛집투어좋아하는 사람들은 꼭 가야하는 맛집 먹고맛있어서 포장해오고 또생각나는집~ 주차는 공영주차장이나 매장주차장2천원 이용 인정맛집 소문난 감자탕~ 👍 👍 👍 👍 👍,127,True,,,,왜 줄서는집인지 서울3대 감자탕인지 먹어보면 바로 알수있는집. 맛집투어좋아하는 사람들은 꼭 가야하는 맛집 먹고맛있어서 포장해오고 또생각나는집~ 주차는 공영주차장이나 매장주차장2천원 이용 인정맛집 소문난 감자탕~ 👍 👍 👍 👍 👍,왜 줄서는집인지 서울3대 감자탕인지 먹어보면 바로 알수있는집 맛집투어좋아하는 사람들은 꼭 가야하는 맛집 먹고맛있어서 포장해오고 또생각나는집 주차는 공영주차장이나 매장주차장2천원 이용 인정맛집 소문난 감자탕 EMO_POS EMO_POS EMO_POS EMO_POS EMO_POS,1,0,0,0,0,0,1,127,원
naver,훼미리손칼국수보쌈,노시13,3383.0,2025.12.02,1번째 방문,영수증,가성비 맛집이에요.. 친절하게 리필도 더 주시고 보쌈김치도 넘 맛나요~,39,True,,,,가성비 맛집이에요.. 친절하게 리필도 더 주시고 보쌈김치도 넘 맛나요~,가성비 맛집이에요 친절하게 리필도 더 주시고 보쌈김치도 넘 맛나요,0,0,0,0,0,0,0,39,가성비
kakao,금금,예찬,7.0,2025-08-24,,,묵은지 문어 면요리 / 떡갈비 를 먹었습니다 태어나서 이렇게 많이 설탕으로 범벅이 된 요리는 먹어본 적이 없습니다. 특히 떡갈비는 시럽에 바로 찍어먹어도 이거보단 덜 달 것 같아요. 마치 손님의 혈당스파이크는 개나 주고 제 2의 백종원을 꿈꾸시지는 않나 싶은 맛입니다. 단언컨데 태어나 이런 괴식은 처음이었습니다. 친구의 제육덮밥은 그냥저냥 먹을만 하더군요..,201,True,2.0,4.3,브론즈 레벨,묵은지 문어 면요리 / 떡갈비 를 먹었습니다 태어나서 이렇게 많이 설탕으로 범벅이 된 요리는 먹어본 적이 없습니다. 특히 떡갈비는 시럽에 바로 찍어먹어도 이거보단 덜 달 것 같아요. 마치 손님의 혈당스파이크는 개나 주고 제 2의 백종원을 꿈꾸시지는 않나 싶은 맛입니다. 단언컨데 태어나 이런 괴식은 처음이었습니다. 친구의 제육덮밥은 그냥저냥 먹을만 하더군요..,묵은지 문어 면요리 떡갈비 를 먹었습니다 태어나서 이렇게 많이 설탕으로 범벅이 된 요리는 먹어본 적이 없습니다 특히 떡갈비는 시럽에 바로 찍어먹어도 이거보단 덜 달 것 같아요 마치 손님의 혈당스파이크는 개나 주고 제 2의 백종원을 꿈꾸시지는 않나 싶은 맛입니다 단언컨데 태어나 이런 괴식은 처음이었습니다 친구의 제육덮밥은 그냥저냥 먹을만 하더군요,0,0,0,0,0,0,1,201,원
naver,굴다리식당,shi****,21.0,2026.02.11,1번째 방문,영수증,"화장실 앞쪽 좌석을 안내받았습니다. 옆테이블에서는 수저 정리를 소리지르시며 시끄럽게 하시길래 그런가보다 하고 넘어갔지만, 식사가 나오고 얼마 안돼, 화장실청소를 시작하시더군요. 문도 닫지 않으시고 락스를 사용하시면서요. 향락스나 마일드한 락스냄새도 아닌 나프탈렌보다 강한 락스냄새였습니다. 문을 닫아줄 것을 요청했으나 들은척도 하지 않으셨고 결국 저희는 식사를 모두 남기고 나왔습니다. 노포의 친절이나 위생을 감안한다 하여도 이건 유해한 환경이었습니다. 미안한 기색 없이 식사금액을 받으시던 사장님 모습도 인상깊었습니다.",291,True,,,,"화장실 앞쪽 좌석을 안내받았습니다. 옆테이블에서는 수저 정리를 소리지르시며 시끄럽게 하시길래 그런가보다 하고 넘어갔지만, 식사가 나오고 얼마 안돼, 화장실청소를 시작하시더군요. 문도 닫지 않으시고 락스를 사용하시면서요. 향락스나 마일드한 락스냄새도 아닌 나프탈렌보다 강한 락스냄새였습니다. 문을 닫아줄 것을 요청했으나 들은척도 하지 않으셨고 결국 저희는 식사를 모두 남기고 나왔습니다. 노포의 친절이나 위생을 감안한다 하여도 이건 유해한 환경이었습니다. 미안한 기색 없이 식사금액을 받으시던 사장님 모습도 인상깊었습니다.",화장실 앞쪽 좌석을 안내받았습니다 옆테이블에서는 수저 정리를 소리지르시며 시끄럽게 하시길래 그런가보다 하고 넘어갔지만 식사가 나오고 얼마 안돼 화장실청소를 시작하시더군요 문도 닫지 않으시고 락스를 사용하시면서요 향락스나 마일드한 락스냄새도 아닌 나프탈렌보다 강한 락스냄새였습니다 문을 닫아줄 것을 요청했으나 들은척도 하지 않으셨고 결국 저희는 식사를 모두 남기고 나왔습니다 노포의 친절이나 위생을 감안한다 하여도 이건 유해한 환경이었습니다 미안한 기색 없이 식사금액을 받으시던 사장님 모습도 인상깊었습니다,0,0,0,0,0,0,0,291,금액
kakao,소문난성수감자탕,쭈니,42.0,2025-05-04,,,여기는 관광객 상대로 장사하는 곳으로 변한것 같네요. 20년 전에 와보고 오늘 성수에 약속있어 왔는데 많이 변했네요. 가격은 비싸고 뼈에 살이 별로 없고 우거지는 질기고 공기밥 2천원 받으면서 별도. 뼈해장국 좋아하는데 최근 몇년동안 와본곳중 진짜 별로입니다. 조선족 서빙 아줌마들도 친절하지 않네요.,168,True,1.0,3.5,실버 레벨,여기는 관광객 상대로 장사하는 곳으로 변한것 같네요. 20년 전에 와보고 오늘 성수에 약속있어 왔는데 많이 변했네요. 가격은 비싸고 뼈에 살이 별로 없고 우거지는 질기고 공기밥 2천원 받으면서 별도. 뼈해장국 좋아하는데 최근 몇년동안 와본곳중 진짜 별로입니다. 조선족 서빙 아줌마들도 친절하지 않네요.,여기는 관광객 상대로 장사하는 곳으로 변한것 같네요 20년 전에 와보고 오늘 성수에 약속있어 왔는데 많이 변했네요 가격은 비싸고 뼈에 살이 별로 없고 우거지는 질기고 공기밥 2천원 받으면서 별도 뼈해장국 좋아하는데 최근 몇년동안 와본곳중 진짜 별로입니다 조선족 서빙 아줌마들도 친절하지 않네요,0,0,0,0,0,0,1,168,"가격, 비싸, 원"
kakao,황금콩밭,stevemin12,2.0,2026-03-31,,,절대 가지 마세요 ㅠㅠ 이런 청국장 처음이고 두부 4피스에 16000 원 .. 그래서 뭔가 특별한가 맛봤는데 마켓 두부와 차이를 모르겠네요 왜 줄을 서는지 ? 마포에 이렇게 맛집이 없나요 ? 다시는 못찾아먹을 한끼 … 너무 억울합니다 ㅠㅠ,133,True,1.0,1.0,브론즈 레벨,절대 가지 마세요 ㅠㅠ 이런 청국장 처음이고 두부 4피스에 16000 원 .. 그래서 뭔가 특별한가 맛봤는데 마켓 두부와 차이를 모르겠네요 왜 줄을 서는지 ? 마포에 이렇게 맛집이 없나요 ? 다시는 못찾아먹을 한끼 … 너무 억울합니다 ㅠㅠ,절대 가지 마세요 이런 청국장 처음이고 두부 4피스에 16000 원 그래서 뭔가 특별한가 맛봤는데 마켓 두부와 차이를 모르겠네요 왜 줄을 서는지 QUESTION 마포에 이렇게 맛집이 없나요 QUESTION 다시는 못찾아먹을 한끼 너무 억울합니다,0,0,0,1,0,1,1,133,원
kakao,장인닭갈비 홍대점,Kim하나💕,21.0,2025-07-08,,,닭갈비 사이로 모짜렐라치즈가 똬~아악!! 지금도 군침이 ㅎㅎ 또 먹고 싶네요 ㅋ 요즘 채소 비싼데 쌈채소도 무한리필이라 너무 좋았구요 식당 내부도 깔끔하고 직원분들도 친절하셔서 넘 좋았어요 기분좋게 배부르게 잘 먹고 왔네요 ^^,127,False,5.0,5.0,실버 레벨,닭갈비 사이로 모짜렐라치즈가 똬~아악!! 지금도 군침이 ㅎㅎ 또 먹고 싶네요 ㅋ 요즘 채소 비싼데 쌈채소도 무한리필이라 너무 좋았구요 식당 내부도 깔끔하고 직원분들도 친절하셔서 넘 좋았어요 기분좋게 배부르게 잘 먹고 왔네요 ^^,닭갈비 사이로 모짜렐라치즈가 똬 아악 EXCLAM 지금도 군침이 또 먹고 싶네요 요즘 채소 비싼데 쌈채소도 무한리필이라 너무 좋았구요 식당 내부도 깔끔하고 직원분들도 친절하셔서 넘 좋았어요 기분좋게 배부르게 잘 먹고 왔네요,0,0,0,0,1,0,0,127,원
naver,이태리국시 성수,리리릭,16.0,2026.05.04,1번째 방문,영수증,한식기반이라 양식 뱔로 안좋아하는 사람들도 거부감 없이 즐길수 있어 좋았어요~ 매장도 깔끔하고 직원분들께서 친절해서 식사 즐겁게 할수 있었어요,79,True,,,,한식기반이라 양식 뱔로 안좋아하는 사람들도 거부감 없이 즐길수 있어 좋았어요~ 매장도 깔끔하고 직원분들께서 친절해서 식사 즐겁게 할수 있었어요,한식기반이라 양식 뱔로 안좋아하는 사람들도 거부감 없이 즐길수 있어 좋았어요 매장도 깔끔하고 직원분들께서 친절해서 식사 즐겁게 할수 있었어요,0,0,0,0,0,0,0,79,원
naver,을밀대 평양냉면,푸드Man,783.0,2025.08.06,1번째 방문,영수증,서울 3대 평양냉면 맛집으로 늘 웨이팅이 엄청 많은 평양냉면 을밀대의 평양냉면 진짜 맛있어요. 와!!! 왜 줄서서 먹는지 진짜 한입 먹고 알겠으며 국물과 면 진짜 제대로 맛없없 그자체입니다ㅎㅎ +특히 같이 먹으면 좋은 녹두전도 진짜 맛나서 비싸지만 꼭 같이 주문해서 드시는거 강추합니다. 끝으로 가성비는 없이 가격은 비싸다고 드는데 맛은 진짜 후회없이 돈값한다고 생각되는 곳입니다.,213,True,,,,서울 3대 평양냉면 맛집으로 늘 웨이팅이 엄청 많은 평양냉면 을밀대의 평양냉면 진짜 맛있어요. 와!!! 왜 줄서서 먹는지 진짜 한입 먹고 알겠으며 국물과 면 진짜 제대로 맛없없 그자체입니다ㅎㅎ +특히 같이 먹으면 좋은 녹두전도 진짜 맛나서 비싸지만 꼭 같이 주문해서 드시는거 강추합니다. 끝으로 가성비는 없이 가격은 비싸다고 드는데 맛은 진짜 후회없이 돈값한다고 생각되는 곳입니다.,서울 3대 평양냉면 맛집으로 늘 웨이팅이 엄청 많은 평양냉면 을밀대의 평양냉면 진짜 맛있어요 와 EXCLAM 왜 줄서서 먹는지 진짜 한입 먹고 알겠으며 국물과 면 진짜 제대로 맛없없 그자체입니다 특히 같이 먹으면 좋은 녹두전도 진짜 맛나서 비싸지만 꼭 같이 주문해서 드시는거 강추합니다 끝으로 가성비는 없이 가격은 비싸다고 드는데 맛은 진짜 후회없이 돈값한다고 생각되는 곳입니다,0,0,0,0,1,0,1,213,"가격, 가성비, 비싸, 싸다, 값, 돈"
naver,락희옥 마포본점,먹짐,239.0,2026.01.10,1번째 방문,영수증,"좌석 정말 많고 쾌적함. 간편하게 네이버예약으로 시간대별 방문이 가능해서 예약해갔고, 무엇보다 콜키지프리! 정말 좋았다. 대표메뉴인 보쌈은 가격대비 양이 많진 않지만 무말랭이가 정말 맛있었다.. 고기는 좀 기름이 많아서 느끼했던 편. 계절메뉴였던 굴무침은 양념이 쎄긴했는데 채소가 많고 향이 좋아서 배불때 가볍게 먹을 수 있었다. 전체적으로 가격대가 있긴 한데, 쾌적한 분위기에서 한식과 와인을 먹을 수 있어 만족스러웠다.",236,True,,,,"좌석 정말 많고 쾌적함. 간편하게 네이버예약으로 시간대별 방문이 가능해서 예약해갔고, 무엇보다 콜키지프리! 정말 좋았다. 대표메뉴인 보쌈은 가격대비 양이 많진 않지만 무말랭이가 정말 맛있었다.. 고기는 좀 기름이 많아서 느끼했던 편. 계절메뉴였던 굴무침은 양념이 쎄긴했는데 채소가 많고 향이 좋아서 배불때 가볍게 먹을 수 있었다. 전체적으로 가격대가 있긴 한데, 쾌적한 분위기에서 한식과 와인을 먹을 수 있어 만족스러웠다.",좌석 정말 많고 쾌적함 간편하게 네이버예약으로 시간대별 방문이 가능해서 예약해갔고 무엇보다 콜키지프리 EXCLAM 정말 좋았다 대표메뉴인 보쌈은 가격대비 양이 많진 않지만 무말랭이가 정말 맛있었다 고기는 좀 기름이 많아서 느끼했던 편 계절메뉴였던 굴무침은 양념이 쎄긴했는데 채소가 많고 향이 좋아서 배불때 가볍게 먹을 수 있었다 전체적으로 가격대가 있긴 한데 쾌적한 분위기에서 한식과 와인을 먹을 수 있어 만족스러웠다,0,0,0,0,1,0,0,236,"가격, 가격대"
kakao,능동미나리 성수점,지니팡,260.0,2025-10-24,,,이 가격에 한우 곰탕과 육회비빔밥 그냥 가세요 무조건 가세요 !! 최애 원픽,42,True,5.0,4.4,골드 레벨,이 가격에 한우 곰탕과 육회비빔밥 그냥 가세요 무조건 가세요 !! 최애 원픽,이 가격에 한우 곰탕과 육회비빔밥 그냥 가세요 무조건 가세요 EXCLAM 최애 원픽,0,0,0,0,1,0,0,42,"가격, 원"
naver,훼미리손칼국수보쌈,끼임미,13.0,2025.10.11,1번째 방문,영수증,우연히 가게 됬는데 나혼산 전현무님도 가셨더라고요 보쌈중 칼국수1 막걸리1 소주1 시켜먹었어요 보쌈나오고 좀 지나 칼국수 나오고 후추 달라고 이야기했는데 갔다주셔서 친구가 후추를 탈탈 터는데 너무 심하게 안나와서 센스있게 보셨는지 다른후추를 가져다 주시더니 갑자기 냅다 칼국수에 후추를 확 부으시더라고요ㅡㅡ 아니그렇게 맘대로 하시면 어떡 이렇게 얘기하는데 확 가버리시더라고요 아주머니 칼국수 아니잖아요 제가 만원 주고 돈내고 먹는건대 함부로 그렇게 하지말아주세요 아주머니 먹는 칼국수에 후추 많이 넣어드세요 아주머니가 제칼국수 돈 내주시는거 아니잖아요(중국분이신거같은데) 너무 불쾌했습니다,329,False,,,,우연히 가게 됬는데 나혼산 전현무님도 가셨더라고요 보쌈중 칼국수1 막걸리1 소주1 시켜먹었어요 보쌈나오고 좀 지나 칼국수 나오고 후추 달라고 이야기했는데 갔다주셔서 친구가 후추를 탈탈 터는데 너무 심하게 안나와서 센스있게 보셨는지 다른후추를 가져다 주시더니 갑자기 냅다 칼국수에 후추를 확 부으시더라고요ㅡㅡ 아니그렇게 맘대로 하시면 어떡 이렇게 얘기하는데 확 가버리시더라고요 아주머니 칼국수 아니잖아요 제가 만원 주고 돈내고 먹는건대 함부로 그렇게 하지말아주세요 아주머니 먹는 칼국수에 후추 많이 넣어드세요 아주머니가 제칼국수 돈 내주시는거 아니잖아요(중국분이신거같은데) 너무 불쾌했습니다,우연히 가게 됬는데 나혼산 전현무님도 가셨더라고요 보쌈중 칼국수1 막걸리1 소주1 시켜먹었어요 보쌈나오고 좀 지나 칼국수 나오고 후추 달라고 이야기했는데 갔다주셔서 친구가 후추를 탈탈 터는데 너무 심하게 안나와서 센스있게 보셨는지 다른후추를 가져다 주시더니 갑자기 냅다 칼국수에 후추를 확 부으시더라고요 아니그렇게 맘대로 하시면 어떡 이렇게 얘기하는데 확 가버리시더라고요 아주머니 칼국수 아니잖아요 제가 만원 주고 돈내고 먹는건대 함부로 그렇게 하지말아주세요 아주머니 먹는 칼국수에 후추 많이 넣어드세요 아주머니가 제칼국수 돈 내주시는거 아니잖아요 중국분이신거같은데 너무 불쾌했습니다,0,0,0,0,0,0,1,329,"돈, 원"
kakao,능동미나리 성수점,김현우,1.0,2026-03-30,,,첫방문이었는데 보기보다 매장이 넚고요 밥먹기 좋은 분위기였습니다 직원분들이 메뉴설명을 잘해주셔서 맛있게 먹었고요 직원분들이 친절해서 기분좋게 먹었습니다 비빔밥을 먹었는데 간장양념이더라고요 간장 비빔밥은 처음 먹어봤는데 제가 알던 비빔밥이 맞나싶을 정도로 맛있었습니다 육회도 굉장히 좋았습니다 웨이팅이 좀 많이 길긴하지만 기다려서 먹고가도 절대 후회없을 정도로 맛있었습니다!!,209,True,5.0,5.0,브론즈 레벨,첫방문이었는데 보기보다 매장이 넚고요 밥먹기 좋은 분위기였습니다 직원분들이 메뉴설명을 잘해주셔서 맛있게 먹었고요 직원분들이 친절해서 기분좋게 먹었습니다 비빔밥을 먹었는데 간장양념이더라고요 간장 비빔밥은 처음 먹어봤는데 제가 알던 비빔밥이 맞나싶을 정도로 맛있었습니다 육회도 굉장히 좋았습니다 웨이팅이 좀 많이 길긴하지만 기다려서 먹고가도 절대 후회없을 정도로 맛있었습니다!!,첫방문이었는데 보기보다 매장이 넚고요 밥먹기 좋은 분위기였습니다 직원분들이 메뉴설명을 잘해주셔서 맛있게 먹었고요 직원분들이 친절해서 기분좋게 먹었습니다 비빔밥을 먹었는데 간장양념이더라고요 간장 비빔밥은 처음 먹어봤는데 제가 알던 비빔밥이 맞나싶을 정도로 맛있었습니다 육회도 굉장히 좋았습니다 웨이팅이 좀 많이 길긴하지만 기다려서 먹고가도 절대 후회없을 정도로 맛있었습니다 EXCLAM,0,0,0,0,1,0,0,209,원
naver,쭌곱창,포카리쑥,370.0,2026.04.02,1번째 방문,영수증,"너무 맛있어요~ 곱창과 닭발의 환상조합~ 이런곳은 첨입니다.맛나고, 분위기도 좋고, 직원분도 친절하고~ 홍대 나들이~ 더욱 즐겁네요~ 다음에 또 올게에요~^^",88,True,,,,"너무 맛있어요~ 곱창과 닭발의 환상조합~ 이런곳은 첨입니다.맛나고, 분위기도 좋고, 직원분도 친절하고~ 홍대 나들이~ 더욱 즐겁네요~ 다음에 또 올게에요~^^",너무 맛있어요 곱창과 닭발의 환상조합 이런곳은 첨입니다 맛나고 분위기도 좋고 직원분도 친절하고 홍대 나들이 더욱 즐겁네요 다음에 또 올게에요,0,0,0,0,0,0,0,88,원
kakao,이태리국시 성수,sun.P,1.0,2026-04-03,,,회사 근처 점심집으로 유명해서 함 와봤어용! 저렴한맛아니고 꾸덕꾸덕 맛있는 크림파스타네요! 성수에 점심 이가격에 파스타면 절대 못참죵🥰 다음에 또 오려구요 추천해요!!,93,True,5.0,5.0,브론즈 레벨,회사 근처 점심집으로 유명해서 함 와봤어용! 저렴한맛아니고 꾸덕꾸덕 맛있는 크림파스타네요! 성수에 점심 이가격에 파스타면 절대 못참죵🥰 다음에 또 오려구요 추천해요!!,회사 근처 점심집으로 유명해서 함 와봤어용 EXCLAM 저렴한맛아니고 꾸덕꾸덕 맛있는 크림파스타네요 EXCLAM 성수에 점심 이가격에 파스타면 절대 못참죵 EMO_POS 다음에 또 오려구요 추천해요 EXCLAM,1,0,0,0,1,0,0,93,"가격, 저렴"
kakao,일등식당,탱탱균🚊🏊🚴⚽⚾,405.0,2025-09-26,,,밥시간되면 꽉찹니다 혼자오시면 모르는분이랑 합석해서 식사 길건너감자탕집 해장국 한그릇 만원인데 여긴 아직 8천원유지하네요 포장은 수시로 할수있구요 포장용기값 1천원 있습니다,96,True,5.0,4.2,골드 레벨,밥시간되면 꽉찹니다 혼자오시면 모르는분이랑 합석해서 식사 길건너감자탕집 해장국 한그릇 만원인데 여긴 아직 8천원유지하네요 포장은 수시로 할수있구요 포장용기값 1천원 있습니다,밥시간되면 꽉찹니다 혼자오시면 모르는분이랑 합석해서 식사 길건너감자탕집 해장국 한그릇 만원인데 여긴 아직 8천원유지하네요 포장은 수시로 할수있구요 포장용기값 1천원 있습니다,0,0,0,0,0,0,1,96,"값, 원"
naver,이태리국시 성수,룰루랄랄랗,79.0,2026.05.04,1번째 방문,영수증,퓨전한식느낌의 맛있는 파스타집이에요 ㅎㅎㅎ 맨날 둘이와서 대창파스타에 불고기쌈피자만 먹다가 셋이와서 빠에야랑 뇨끼까지 먹었는데 너무 맛있는 시간이었어요~~~ 원래 반계마늘리조또 먹고싶었는데 품절이라 너무 아쉽... 다음에는 꼭 먹어볼거에요~냠냠굿😋,138,True,,,,퓨전한식느낌의 맛있는 파스타집이에요 ㅎㅎㅎ 맨날 둘이와서 대창파스타에 불고기쌈피자만 먹다가 셋이와서 빠에야랑 뇨끼까지 먹었는데 너무 맛있는 시간이었어요~~~ 원래 반계마늘리조또 먹고싶었는데 품절이라 너무 아쉽... 다음에는 꼭 먹어볼거에요~냠냠굿😋,퓨전한식느낌의 맛있는 파스타집이에요 맨날 둘이와서 대창파스타에 불고기쌈피자만 먹다가 셋이와서 빠에야랑 뇨끼까지 먹었는데 너무 맛있는 시간이었어요 TILDE 원래 반계마늘리조또 먹고싶었는데 품절이라 너무 아쉽 다음에는 꼭 먹어볼거에요 냠냠굿 EMO_POS,1,0,0,0,0,0,0,138,원
kakao,소문난성수감자탕,세모눈,223.0,2025-01-05,,,객관적으로 딱 맛으로만 본다면 엄청 특별한건 아니지만 꽤 괜찮아요. msg 때려넣은 자극적인 맛이 아니라 나름의 내공이 있는 무난한 맛? 웨이팅도 15분정도 했고 회전율이 빨라서 기다릴만해요. 위생은 흐린눈 좀 하셔야겠지만 이정도 가격에 맛이면 만족합니다.,143,True,4.0,4.5,골드 레벨,객관적으로 딱 맛으로만 본다면 엄청 특별한건 아니지만 꽤 괜찮아요. msg 때려넣은 자극적인 맛이 아니라 나름의 내공이 있는 무난한 맛? 웨이팅도 15분정도 했고 회전율이 빨라서 기다릴만해요. 위생은 흐린눈 좀 하셔야겠지만 이정도 가격에 맛이면 만족합니다.,객관적으로 딱 맛으로만 본다면 엄청 특별한건 아니지만 꽤 괜찮아요 msg 때려넣은 자극적인 맛이 아니라 나름의 내공이 있는 무난한 맛 QUESTION 웨이팅도 15분정도 했고 회전율이 빨라서 기다릴만해요 위생은 흐린눈 좀 하셔야겠지만 이정도 가격에 맛이면 만족합니다,0,0,0,0,0,1,1,143,가격
naver,홍대 육지,하하6781,39.0,2026.04.10,1번째 방문,영수증,캐치테이블 예약 후 방문해서 5분 대기 하고 방문 했습다! 고기 질도 좋고 너무 직원분들 친절해서 맛있게 먹구 나왔어용💗,67,True,,,,캐치테이블 예약 후 방문해서 5분 대기 하고 방문 했습다! 고기 질도 좋고 너무 직원분들 친절해서 맛있게 먹구 나왔어용💗,캐치테이블 예약 후 방문해서 5분 대기 하고 방문 했습다 EXCLAM 고기 질도 좋고 너무 직원분들 친절해서 맛있게 먹구 나왔어용 EMO_POS,1,0,0,0,1,0,1,67,원
naver,뼈탄집 성수역점,buz****,20.0,2026.04.05,1번째 방문,영수증,서울 여행와서 뭐먹을까 고민하다 오래 영업하는 곳으로 찾아왔는데 직원분들도 너무 친절하시고 고기도 다 구워주셔서 너무 편하게 식하했습니다! 고기도 맛있고 설명도 잘해주셔서 좋아요! 맛있게 잘먹구 갑니다 ㅎㅎ,115,True,,,,서울 여행와서 뭐먹을까 고민하다 오래 영업하는 곳으로 찾아왔는데 직원분들도 너무 친절하시고 고기도 다 구워주셔서 너무 편하게 식하했습니다! 고기도 맛있고 설명도 잘해주셔서 좋아요! 맛있게 잘먹구 갑니다 ㅎㅎ,서울 여행와서 뭐먹을까 고민하다 오래 영업하는 곳으로 찾아왔는데 직원분들도 너무 친절하시고 고기도 다 구워주셔서 너무 편하게 식하했습니다 EXCLAM 고기도 맛있고 설명도 잘해주셔서 좋아요 EXCLAM 맛있게 잘먹구 갑니다,0,0,0,0,1,0,0,115,원
kakao,원조조박집 본관,ISTP,35.0,2025-02-16,,,돼지갈비 맛도리. 맛있어서 사진도 안찍고 먹어버렸음. 직원분들도 매우 친절하심. 불판도 알아서 잘 교체해주시고 반찬 떨어지면 더 드릴지 먼저 물어봐주심. 잘되는 집 답게 모든게 다 원활하게 돌아감. 주차는 마포유수지공영주차장에 하시면 꽤 좋음.,136,True,5.0,3.6,실버 레벨,돼지갈비 맛도리. 맛있어서 사진도 안찍고 먹어버렸음. 직원분들도 매우 친절하심. 불판도 알아서 잘 교체해주시고 반찬 떨어지면 더 드릴지 먼저 물어봐주심. 잘되는 집 답게 모든게 다 원활하게 돌아감. 주차는 마포유수지공영주차장에 하시면 꽤 좋음.,돼지갈비 맛도리 맛있어서 사진도 안찍고 먹어버렸음 직원분들도 매우 친절하심 불판도 알아서 잘 교체해주시고 반찬 떨어지면 더 드릴지 먼저 물어봐주심 잘되는 집 답게 모든게 다 원활하게 돌아감 주차는 마포유수지공영주차장에 하시면 꽤 좋음,0,0,0,0,0,0,0,136,원
naver,쭌곱창,붕어빵1318,11.0,2026.03.06,1번째 방문,영수증,너무넘 맛있고 직원분들이 직접 구워주시기도 햇어요 친절하시고 좋네용!,38,True,,,,너무넘 맛있고 직원분들이 직접 구워주시기도 햇어요 친절하시고 좋네용!,너무넘 맛있고 직원분들이 직접 구워주시기도 햇어요 친절하시고 좋네용 EXCLAM,0,0,0,0,1,0,0,38,원
kakao,태양곱창 성수,최지현,2.0,2025-01-21,,,곱창순대국밥 신메뉴 나왔다고 어제 회식하다가 들어서 해장하러 바로 왔습니다 ㅎ 일단 양이 ..너무너무.. 많구여 고소하니 칼칼하고 아주 해장에 goooood 입니다 ~~! 가격대비 가성비 갑 추천 !,111,False,5.0,5.0,브론즈 레벨,곱창순대국밥 신메뉴 나왔다고 어제 회식하다가 들어서 해장하러 바로 왔습니다 ㅎ 일단 양이 ..너무너무.. 많구여 고소하니 칼칼하고 아주 해장에 goooood 입니다 ~~! 가격대비 가성비 갑 추천 !,곱창순대국밥 신메뉴 나왔다고 어제 회식하다가 들어서 해장하러 바로 왔습니다 일단 양이 너무너무 많구여 고소하니 칼칼하고 아주 해장에 good 입니다 TILDE EXCLAM 가격대비 가성비 갑 추천 EXCLAM,0,0,0,0,1,0,0,111,"가격, 가성비, 가격대"
kakao,장인닭갈비 홍대점,푸름이,15.0,2025-10-17,,,"런치타임이라 손님이 많았지만, 가성비 최고에 회전율이 빨라서 웨이팅 있어도 금방 들어가요~",50,False,5.0,5.0,브론즈 레벨,"런치타임이라 손님이 많았지만, 가성비 최고에 회전율이 빨라서 웨이팅 있어도 금방 들어가요~",런치타임이라 손님이 많았지만 가성비 최고에 회전율이 빨라서 웨이팅 있어도 금방 들어가요,0,0,0,0,0,0,0,50,가성비
naver,황금콩밭,최송화 데레사,629.0,2025.04.06,1번째 방문,영수증,존경하는 우리 서울시 콩요리전문점 대표맛집~^^ 아현동 황금콩밭에서~ 맛있고 든든한~ 돼지짜글이와~ 맥주 테라 주문했습니다~~^^ 음식이 정말 맛있어~ 반찬 접시도 빨리 비웠더니~ 존경하는 우리 사장님께서 더 갖다 주시는 등 남자사장님과 직원분들 모두 너무나 친절하셔서~ 큰 감동이었어요~~^^♥♥♥♥♥존경하는 우리 황금콩밭이~더욱더 번창하기를 기원드리며~자주 애용하겠습니다~~^^ 화이팅 입니다~~^^ 늘 감사드립니다~^^☆★☆★☆★☆★☆,246,True,,,,존경하는 우리 서울시 콩요리전문점 대표맛집~^^ 아현동 황금콩밭에서~ 맛있고 든든한~ 돼지짜글이와~ 맥주 테라 주문했습니다~~^^ 음식이 정말 맛있어~ 반찬 접시도 빨리 비웠더니~ 존경하는 우리 사장님께서 더 갖다 주시는 등 남자사장님과 직원분들 모두 너무나 친절하셔서~ 큰 감동이었어요~~^^♥♥♥♥♥존경하는 우리 황금콩밭이~더욱더 번창하기를 기원드리며~자주 애용하겠습니다~~^^ 화이팅 입니다~~^^ 늘 감사드립니다~^^☆★☆★☆★☆★☆,존경하는 우리 서울시 콩요리전문점 대표맛집 아현동 황금콩밭에서 맛있고 든든한 돼지짜글이와 맥주 테라 주문했습니다 TILDE 음식이 정말 맛있어 반찬 접시도 빨리 비웠더니 존경하는 우리 사장님께서 더 갖다 주시는 등 남자사장님과 직원분들 모두 너무나 친절하셔서 큰 감동이었어요 TILDE EMO_POS EMO_POS EMO_POS EMO_POS EMO_POS 존경하는 우리 황금콩밭이 더욱더 번창하기를 기원드리며 자주 애용하겠습니다 TILDE 화이팅 입니다 TILDE 늘 감사드립니다,1,0,0,0,0,0,0,246,원
kakao,을밀대 본점,크라프록신,235.0,2025-03-28,,,평냉 입문자라 대단히 맛있고 맛 없고를 분간하기 어려운데.. 먹을수록 맛있는 것 같아요....! 다만 가격이 비싼 느낌 ㅎ.ㅎ,70,True,4.0,3.9,골드 레벨,평냉 입문자라 대단히 맛있고 맛 없고를 분간하기 어려운데.. 먹을수록 맛있는 것 같아요....! 다만 가격이 비싼 느낌 ㅎ.ㅎ,평냉 입문자라 대단히 맛있고 맛 없고를 분간하기 어려운데 먹을수록 맛있는 것 같아요 EXCLAM 다만 가격이 비싼 느낌,0,0,0,0,1,0,0,70,가격
kakao,능동미나리 성수점,스마일,41.0,2026-02-11,,,가격에 비해 양이 너~~무 적어요... 친구랑 둘이서 메뉴 두개 시켜먹었는데 배가 안차... 양 좀 늘려주세요~~~!!!!!!!!,72,True,2.0,3.6,실버 레벨,가격에 비해 양이 너~~무 적어요... 친구랑 둘이서 메뉴 두개 시켜먹었는데 배가 안차... 양 좀 늘려주세요~~~!!!!!!!!,가격에 비해 양이 너 TILDE 무 적어요 친구랑 둘이서 메뉴 두개 시켜먹었는데 배가 안차 양 좀 늘려주세요 TILDE EXCLAM,0,0,0,0,1,0,0,72,가격
naver,소문난성수감자탕,비비빅89,2.0,2026.01.04,1번째 방문,예약,"웬만해선 자의로 리뷰 안 남기고, 리뷰이벤트 경우만 남기는데 여기는 진짜 글을 쓰게 만듦 일단 음식 먹으러 가서 기가빨린 것도 처음이고, 도대체가 음식을 팔아서 먹으라는건지 밥을 먹는 와중에 중국어로 계속 침튀겨가며 말하는 직원분들 때문에 밥맛이 너무 떨어졌음. 최악임 진짜 뭐 바이럴 돼서 장사 잘 되는 것도 알고, 다들 바쁜 것도 아는데 그냥 너무 더러웠음. 손님 응대하는 것부터 자기들 아쉬울 거 없으니 뭐 알아서 하시라 식의 말투도 그냥 바쁘니까 그러려니 했으나, 음식 먹고 있는데 침튀겨가며 특유의 중국어 써 가면서 다른 주문 받으면 밥 먹는 나는 뭐가 됨? 적어도 마스크 정도는 쓰던가 그렇다고 맛있냐? 그것도 아님. 진지하게 조마루감자탕 압승임 걍 먹다가 진짜 침 몇번 튀겨갖고 더러워서 나왔음ㅋㅋ",397,False,,,,"웬만해선 자의로 리뷰 안 남기고, 리뷰이벤트 경우만 남기는데 여기는 진짜 글을 쓰게 만듦 일단 음식 먹으러 가서 기가빨린 것도 처음이고, 도대체가 음식을 팔아서 먹으라는건지 밥을 먹는 와중에 중국어로 계속 침튀겨가며 말하는 직원분들 때문에 밥맛이 너무 떨어졌음. 최악임 진짜 뭐 바이럴 돼서 장사 잘 되는 것도 알고, 다들 바쁜 것도 아는데 그냥 너무 더러웠음. 손님 응대하는 것부터 자기들 아쉬울 거 없으니 뭐 알아서 하시라 식의 말투도 그냥 바쁘니까 그러려니 했으나, 음식 먹고 있는데 침튀겨가며 특유의 중국어 써 가면서 다른 주문 받으면 밥 먹는 나는 뭐가 됨? 적어도 마스크 정도는 쓰던가 그렇다고 맛있냐? 그것도 아님. 진지하게 조마루감자탕 압승임 걍 먹다가 진짜 침 몇번 튀겨갖고 더러워서 나왔음ㅋㅋ",웬만해선 자의로 리뷰 안 남기고 리뷰이벤트 경우만 남기는데 여기는 진짜 글을 쓰게 만듦 일단 음식 먹으러 가서 기가빨린 것도 처음이고 도대체가 음식을 팔아서 먹으라는건지 밥을 먹는 와중에 중국어로 계속 침튀겨가며 말하는 직원분들 때문에 밥맛이 너무 떨어졌음 최악임 진짜 뭐 바이럴 돼서 장사 잘 되는 것도 알고 다들 바쁜 것도 아는데 그냥 너무 더러웠음 손님 응대하는 것부터 자기들 아쉬울 거 없으니 뭐 알아서 하시라 식의 말투도 그냥 바쁘니까 그러려니 했으나 음식 먹고 있는데 침튀겨가며 특유의 중국어 써 가면서 다른 주문 받으면 밥 먹는 나는 뭐가 됨 QUESTION 적어도 마스크 정도는 쓰던가 그렇다고 맛있냐 QUESTION 그것도 아님 진지하게 조마루감자탕 압승임 걍 먹다가 진짜 침 몇번 튀겨갖고 더러워서 나왔음,0,0,0,0,0,1,0,397,원
kakao,훼미리손칼국수보쌈,뽈이,154.0,2025-07-11,,,맛있지만 •• 비위생적이고 .. 처음 먹었을때의 그 감동이 사라졌어요 ㅜ ㅠ 그치만 가성비집이니깐 .. 노포 느낌으로 흐린눈 할 만 했습니다 •• 위생에 민감하시면 가지 마세용,98,True,3.0,3.4,골드 레벨,맛있지만 •• 비위생적이고 .. 처음 먹었을때의 그 감동이 사라졌어요 ㅜ ㅠ 그치만 가성비집이니깐 .. 노포 느낌으로 흐린눈 할 만 했습니다 •• 위생에 민감하시면 가지 마세용,맛있지만 비위생적이고 처음 먹었을때의 그 감동이 사라졌어요 그치만 가성비집이니깐 노포 느낌으로 흐린눈 할 만 했습니다 위생에 민감하시면 가지 마세용,0,0,0,0,0,0,0,98,가성비
kakao,육지,OvO,31.0,2026-01-03,,,"아니 9시 라스트오더인데 8시 50분에 들어갔습니다. 직원분이 몇분이세요? 라고 하셔서 2명이요 라고 말했는데 갑자기 영어쓰시면서 “텐어클락, 텐어클락” 하면서 손짓하더라구요? 자리도 있었는데;;; 그래서 아쉽게 그냥 나왔는데 생각할수록 한국인한테 왜 갑자기 영어를 쓰면서 외국인 취급을 하는건지 기분이 나빴습니다. 제 남자친구가 좀 피부가 까맸는데, 토종 한국인이거든요? 남자친구가 너무 속상해해서 제가 다 어이없더라구요. ㅋㅋㅋㅋ",242,True,1.0,2.5,실버 레벨,"아니 9시 라스트오더인데 8시 50분에 들어갔습니다. 직원분이 몇분이세요? 라고 하셔서 2명이요 라고 말했는데 갑자기 영어쓰시면서 “텐어클락, 텐어클락” 하면서 손짓하더라구요? 자리도 있었는데;;; 그래서 아쉽게 그냥 나왔는데 생각할수록 한국인한테 왜 갑자기 영어를 쓰면서 외국인 취급을 하는건지 기분이 나빴습니다. 제 남자친구가 좀 피부가 까맸는데, 토종 한국인이거든요? 남자친구가 너무 속상해해서 제가 다 어이없더라구요. ㅋㅋㅋㅋ",아니 9시 라스트오더인데 8시 50분에 들어갔습니다 직원분이 몇분이세요 QUESTION 라고 하셔서 2명이요 라고 말했는데 갑자기 영어쓰시면서 텐어클락 텐어클락 하면서 손짓하더라구요 QUESTION 자리도 있었는데 그래서 아쉽게 그냥 나왔는데 생각할수록 한국인한테 왜 갑자기 영어를 쓰면서 외국인 취급을 하는건지 기분이 나빴습니다 제 남자친구가 좀 피부가 까맸는데 토종 한국인이거든요 QUESTION 남자친구가 너무 속상해해서 제가 다 어이없더라구요,0,0,0,0,0,1,1,242,원
kakao,소문난성수감자탕,앙,474.0,2025-06-21,,,저는 친절하고 양도 많고 맛있었어욤 고기도 부드럽고! 근데 원래 그런거같았는데 좀 안맵고 삼삼 달달 부드럽! 매운걸 좋아해서 살짝 아숩 근데 맛있었음,83,False,4.0,3.4,골드 레벨,저는 친절하고 양도 많고 맛있었어욤 고기도 부드럽고! 근데 원래 그런거같았는데 좀 안맵고 삼삼 달달 부드럽! 매운걸 좋아해서 살짝 아숩 근데 맛있었음,저는 친절하고 양도 많고 맛있었어욤 고기도 부드럽고 EXCLAM 근데 원래 그런거같았는데 좀 안맵고 삼삼 달달 부드럽 EXCLAM 매운걸 좋아해서 살짝 아숩 근데 맛있었음,0,0,0,0,1,0,0,83,원
naver,쭌곱창,Hsbwndi,24.0,2026.02.14,1번째 방문,영수증,맛있고 가성비가 좋아요👍🏻,14,True,,,,맛있고 가성비가 좋아요👍🏻,맛있고 가성비가 좋아요 EMO_POS,1,0,0,0,0,0,0,14,가성비
naver,조선시대,송현우55,13.0,2026.04.25,1번째 방문,영수증,매장 분위기가 좋고 술이 싸요 직원분들도 친절하시고 안주도 다들 맛있어요,40,True,,,,매장 분위기가 좋고 술이 싸요 직원분들도 친절하시고 안주도 다들 맛있어요,매장 분위기가 좋고 술이 싸요 직원분들도 친절하시고 안주도 다들 맛있어요,0,0,0,0,0,0,0,40,원
kakao,이태리국시 성수,야호,1.0,2026-04-02,,,성수에서 파스타 먹고 싶어서 엄마랑 방문했는데 맛있구 양도 꽤 푸짐해서 배불리 먹구 갑니당ㅎㅎ 직원들도 친절해요!,63,True,5.0,5.0,브론즈 레벨,성수에서 파스타 먹고 싶어서 엄마랑 방문했는데 맛있구 양도 꽤 푸짐해서 배불리 먹구 갑니당ㅎㅎ 직원들도 친절해요!,성수에서 파스타 먹고 싶어서 엄마랑 방문했는데 맛있구 양도 꽤 푸짐해서 배불리 먹구 갑니당 직원들도 친절해요 EXCLAM,0,0,0,0,1,0,0,63,원
kakao,황금콩밭,유명해지지마아니유명해져,58.0,2025-04-01,,,두부를 이돈주고 사먹어? 하겠지만 먹어보면 안다. 이건 두부가 아니라 두부푸딩이다. 그냥 두부가 아니라 예술이다. 먹어본 두부 중에 제일맛있는 모두부. 가격값을 한다.,93,False,4.0,4.3,실버 레벨,두부를 이돈주고 사먹어? 하겠지만 먹어보면 안다. 이건 두부가 아니라 두부푸딩이다. 그냥 두부가 아니라 예술이다. 먹어본 두부 중에 제일맛있는 모두부. 가격값을 한다.,두부를 이돈주고 사먹어 QUESTION 하겠지만 먹어보면 안다 이건 두부가 아니라 두부푸딩이다 그냥 두부가 아니라 예술이다 먹어본 두부 중에 제일맛있는 모두부 가격값을 한다,0,0,0,0,0,1,0,93,"가격, 값, 돈"
kakao,뼈탄집 성수역점,동건,1.0,2026-03-26,,,직원분들이 친절하고 직접 구워주셔서 편히 먹을 수 있었어요!,33,True,5.0,5.0,브론즈 레벨,직원분들이 친절하고 직접 구워주셔서 편히 먹을 수 있었어요!,직원분들이 친절하고 직접 구워주셔서 편히 먹을 수 있었어요 EXCLAM,0,0,0,0,1,0,0,33,원
naver,뼈탄집 성수역점,오하나0402,32.0,2025.11.09,1번째 방문,영수증,"오겹살이 정말 맛있었어요! 특히 매운 뼈구이는 진짜 최고였어요🔥 그리고 고기를 구워주신 베트남 여학생분도 너무 멋졌어요! 요즘 중국어를 배우고 있다던데, 정말 귀엽고 밝은 분이었어요. 화이팅이에요! 응원할게요! 🥰",119,True,,,,"오겹살이 정말 맛있었어요! 특히 매운 뼈구이는 진짜 최고였어요🔥 그리고 고기를 구워주신 베트남 여학생분도 너무 멋졌어요! 요즘 중국어를 배우고 있다던데, 정말 귀엽고 밝은 분이었어요. 화이팅이에요! 응원할게요! 🥰",오겹살이 정말 맛있었어요 EXCLAM 특히 매운 뼈구이는 진짜 최고였어요 EMO_POS 그리고 고기를 구워주신 베트남 여학생분도 너무 멋졌어요 EXCLAM 요즘 중국어를 배우고 있다던데 정말 귀엽고 밝은 분이었어요 화이팅이에요 EXCLAM 응원할게요 EXCLAM EMO_POS,1,0,0,0,1,0,0,119,원
naver,보끔당 성수점,yoojh282,25.0,2026.03.21,1번째 방문,영수증,성수에서 가격도 합리적이고 맛있는 닭볶음탕을 잘 먹었습니다,32,True,,,,성수에서 가격도 합리적이고 맛있는 닭볶음탕을 잘 먹었습니다,성수에서 가격도 합리적이고 맛있는 닭볶음탕을 잘 먹었습니다,0,0,0,0,0,0,0,32,가격
naver,소문난성수감자탕,미냥쿵,14.0,2025.12.04,1번째 방문,영수증,"직원분들은 반말하고, 계산하시는 분은 인사는 커녕 저와 한마디도 안하시네요. 인사는 안하는 스타일이시라고 해도 최소한 결제가 되었는지 아닌지는 말해줘야 제가 카드를 뽑고 나가지 않을까요? 기대하고 먹으러 간거였는데 다시 이용할 생각 없습니다.",135,False,,,,"직원분들은 반말하고, 계산하시는 분은 인사는 커녕 저와 한마디도 안하시네요. 인사는 안하는 스타일이시라고 해도 최소한 결제가 되었는지 아닌지는 말해줘야 제가 카드를 뽑고 나가지 않을까요? 기대하고 먹으러 간거였는데 다시 이용할 생각 없습니다.",직원분들은 반말하고 계산하시는 분은 인사는 커녕 저와 한마디도 안하시네요 인사는 안하는 스타일이시라고 해도 최소한 결제가 되었는지 아닌지는 말해줘야 제가 카드를 뽑고 나가지 않을까요 QUESTION 기대하고 먹으러 간거였는데 다시 이용할 생각 없습니다,0,0,0,0,0,1,0,135,원
naver,훼미리손칼국수보쌈,unseo00,9.0,2025.07.01,1번째 방문,영수증,가성비 있는 맛집 맞지만 사장님인지 직원분인지 모르겠지만 서빙하시는 분이 맛을 다 지워버리네요 고기접시를 퉁명스럽게 거의 내팽기듯이 내려놓고 가시더군요 음식은 재료의 맛과 서비스로 결정지어지는 세상인데 서비스를 바라는 식당은 아니더군요,131,False,,,,가성비 있는 맛집 맞지만 사장님인지 직원분인지 모르겠지만 서빙하시는 분이 맛을 다 지워버리네요 고기접시를 퉁명스럽게 거의 내팽기듯이 내려놓고 가시더군요 음식은 재료의 맛과 서비스로 결정지어지는 세상인데 서비스를 바라는 식당은 아니더군요,가성비 있는 맛집 맞지만 사장님인지 직원분인지 모르겠지만 서빙하시는 분이 맛을 다 지워버리네요 고기접시를 퉁명스럽게 거의 내팽기듯이 내려놓고 가시더군요 음식은 재료의 맛과 서비스로 결정지어지는 세상인데 서비스를 바라는 식당은 아니더군요,0,0,0,0,0,0,0,131,"가성비, 원"
naver,훼미리손칼국수보쌈,쵸코상자,1933.0,2026.04.04,3번째 방문,영수증,산책하러 서울숲 갔다가 정원박람회한다고 막아놔서 이른저녁먹으러 감. 웨이팅은 보통수준이었음. 보쌈은 평소처럼 맛있었지만 칼국수는 국물이 좀 아쉬웠음. 그래도 친절한 이모님들 덕분에 찍꿍이랑 맛있는 식사하고 나옴.,118,True,,,,산책하러 서울숲 갔다가 정원박람회한다고 막아놔서 이른저녁먹으러 감. 웨이팅은 보통수준이었음. 보쌈은 평소처럼 맛있었지만 칼국수는 국물이 좀 아쉬웠음. 그래도 친절한 이모님들 덕분에 찍꿍이랑 맛있는 식사하고 나옴.,산책하러 서울숲 갔다가 정원박람회한다고 막아놔서 이른저녁먹으러 감 웨이팅은 보통수준이었음 보쌈은 평소처럼 맛있었지만 칼국수는 국물이 좀 아쉬웠음 그래도 친절한 이모님들 덕분에 찍꿍이랑 맛있는 식사하고 나옴,0,0,0,0,0,0,0,118,원
naver,홍대 육지,KHJ5590,13.0,2026.03.21,1번째 방문,영수증,"삼겹살, 목살, 김치볶음밥 먹었는데 고기 너무 부드럽고, 볶음밥도 맛있었어요~ 직원분들도 너무 친절하셔서 기분 좋게 먹고 갑니다. 다음에 또 올게요!",83,False,,,,"삼겹살, 목살, 김치볶음밥 먹었는데 고기 너무 부드럽고, 볶음밥도 맛있었어요~ 직원분들도 너무 친절하셔서 기분 좋게 먹고 갑니다. 다음에 또 올게요!",삼겹살 목살 김치볶음밥 먹었는데 고기 너무 부드럽고 볶음밥도 맛있었어요 직원분들도 너무 친절하셔서 기분 좋게 먹고 갑니다 다음에 또 올게요 EXCLAM,0,0,0,0,1,0,0,83,원
naver,육산장 홍대본점,마요네즈48,4.0,2026.02.27,1번째 방문,영수증,오자마자 오픈키친에서 불쇼볼수있었구 직원분들께서 고기뒤집는타이밍 등등 다 알려주셨음요.. 너무 친절하셔요 고기도 너무맛있구 공깃밥위에 밥싸먹는햄은 진짜 센스네요♡ 감사합니다ㅋㅋ 가게도 너무 깨끗했으요 사실 가게리뷰 잘 안쓰는데 여기는 정말 기억에 남았으요..,144,True,,,,오자마자 오픈키친에서 불쇼볼수있었구 직원분들께서 고기뒤집는타이밍 등등 다 알려주셨음요.. 너무 친절하셔요 고기도 너무맛있구 공깃밥위에 밥싸먹는햄은 진짜 센스네요♡ 감사합니다ㅋㅋ 가게도 너무 깨끗했으요 사실 가게리뷰 잘 안쓰는데 여기는 정말 기억에 남았으요..,오자마자 오픈키친에서 불쇼볼수있었구 직원분들께서 고기뒤집는타이밍 등등 다 알려주셨음요 너무 친절하셔요 고기도 너무맛있구 공깃밥위에 밥싸먹는햄은 진짜 센스네요 EMO_POS 감사합니다 가게도 너무 깨끗했으요 사실 가게리뷰 잘 안쓰는데 여기는 정말 기억에 남았으요,1,0,0,0,0,0,0,144,원
kakao,소문난성수감자탕,ssom0720,42.0,2025-09-10,,,"서비스별로임. 위생 의심되는 수준. 중국인 일본인이 더 많은느낌. 양은 많은 것 같지만 12000원 일반 감자탕 가격이라고 생각하면 그럭저럭임 오후 늦게가서 웨이팅없이 들어갔지만, 웨이팅이면 더 억울했을듯. 쨋든 다신 갈일 없음",127,False,2.0,4.0,실버 레벨,"서비스별로임. 위생 의심되는 수준. 중국인 일본인이 더 많은느낌. 양은 많은 것 같지만 12000원 일반 감자탕 가격이라고 생각하면 그럭저럭임 오후 늦게가서 웨이팅없이 들어갔지만, 웨이팅이면 더 억울했을듯. 쨋든 다신 갈일 없음",서비스별로임 위생 의심되는 수준 중국인 일본인이 더 많은느낌 양은 많은 것 같지만 12000원 일반 감자탕 가격이라고 생각하면 그럭저럭임 오후 늦게가서 웨이팅없이 들어갔지만 웨이팅이면 더 억울했을듯 쨋든 다신 갈일 없음,0,0,0,0,0,0,1,127,"가격, 원"
naver,홍대 육지,핀15,20.0,2026.03.27,1번째 방문,영수증,구워주시는 직원분이 너무 친절해요! 고기도 진짜 두툼하고 맛있네요 ㅎㅎ 재방문 의사 있습니다 ~~ 🤗🤗,57,True,,,,구워주시는 직원분이 너무 친절해요! 고기도 진짜 두툼하고 맛있네요 ㅎㅎ 재방문 의사 있습니다 ~~ 🤗🤗,구워주시는 직원분이 너무 친절해요 EXCLAM 고기도 진짜 두툼하고 맛있네요 재방문 의사 있습니다 TILDE,0,0,0,0,1,0,0,57,원
kakao,을밀대 본점,ny,32.0,2025-07-25,,,물냉이 16천원인가요?ㄷㄷㄷ 갈비탕 가격이네요,25,True,2.0,2.8,실버 레벨,물냉이 16천원인가요?ㄷㄷㄷ 갈비탕 가격이네요,물냉이 16천원인가요 QUESTION 갈비탕 가격이네요,0,0,0,0,0,1,1,25,"가격, 원"
kakao,육산장 홍대본점,지연,1.0,2025-05-06,,,다양하게 구성된 사이드와 초벌로 구워지는 고기가 너무 좋아요!! 야외도 있어서 실내와 야외 중 원하는 곳 가면 너무 좋을거같아요 저는 야외에서 먹었는데 강아지도 올 수 있어서 귀여운 강아지들도 많이 보고 너무 좋네요!!,122,True,5.0,5.0,브론즈 레벨,다양하게 구성된 사이드와 초벌로 구워지는 고기가 너무 좋아요!! 야외도 있어서 실내와 야외 중 원하는 곳 가면 너무 좋을거같아요 저는 야외에서 먹었는데 강아지도 올 수 있어서 귀여운 강아지들도 많이 보고 너무 좋네요!!,다양하게 구성된 사이드와 초벌로 구워지는 고기가 너무 좋아요 EXCLAM 야외도 있어서 실내와 야외 중 원하는 곳 가면 너무 좋을거같아요 저는 야외에서 먹었는데 강아지도 올 수 있어서 귀여운 강아지들도 많이 보고 너무 좋네요 EXCLAM,0,0,0,0,1,0,0,122,원
kakao,을밀대 본점,바이커리,119.0,2025-06-18,,,"솔직히 이정도 금액으로 먹을 정도인가? 엄청난 대기줄을 기다려가면서 먹을정도인가? 나름의 의문이 많이 생겻다, 내돈이면 안사먹을 듯 한철장사라 엄청나게 높은 음식값을 정한건지도 의문이네 내돈으론 재방문X",113,True,2.0,2.2,골드 레벨,"솔직히 이정도 금액으로 먹을 정도인가? 엄청난 대기줄을 기다려가면서 먹을정도인가? 나름의 의문이 많이 생겻다, 내돈이면 안사먹을 듯 한철장사라 엄청나게 높은 음식값을 정한건지도 의문이네 내돈으론 재방문X",솔직히 이정도 금액으로 먹을 정도인가 QUESTION 엄청난 대기줄을 기다려가면서 먹을정도인가 QUESTION 나름의 의문이 많이 생겻다 내돈이면 안사먹을 듯 한철장사라 엄청나게 높은 음식값을 정한건지도 의문이네 내돈으론 재방문X,0,0,0,0,0,1,0,113,"값, 금액, 돈"
naver,소문난성수감자탕,Jerary,300.0,2026.01.01,2번째 방문,영수증,날씨도 추운데 대기 인원 진짜 많네요. 다행히 일행이 줄서 있어서 저는 바로 먹었어요. 중자 시켜야 되는데 소자 시켜서 아쉽게 먹은 거 빼고는 맛있게 잘 먹었습니다.,92,True,,,,날씨도 추운데 대기 인원 진짜 많네요. 다행히 일행이 줄서 있어서 저는 바로 먹었어요. 중자 시켜야 되는데 소자 시켜서 아쉽게 먹은 거 빼고는 맛있게 잘 먹었습니다.,날씨도 추운데 대기 인원 진짜 많네요 다행히 일행이 줄서 있어서 저는 바로 먹었어요 중자 시켜야 되는데 소자 시켜서 아쉽게 먹은 거 빼고는 맛있게 잘 먹었습니다,0,0,0,0,0,0,0,92,원
naver,능동미나리 성수지점,쥬쥬스팟,53.0,2025.11.28,1번째 방문,영수증,이물질 두개나 나옴 진짜 최악임 !!!!!!!! 무말랭이 반찬에는 양념 뭍은 긴 머리카락 들어있었고 국에서는 비닐조각 나옴.... 비닐나올줄알았으면 머리카락 사진도 찍어둘걸 그랬네요 진짜 먹기 전부터 비위상하고 반쯤먹다가 비닐나와서 못먹고..ㅋㅋ 근데 더 화가나는건 맛이없었다는거임.. 왜인기 많은건지 모르겠어요 국물에서 아무맛도안나고 희미하게 잡내랑 미나리맛만 나요 다시해주겠다는데 도저히 맛도없고 비위도상해서 그냥 됐다고하고 만칠천원 내고 나왔어요 불쾌하고 맛도없고 비위상하고 진짜 환불받고싶음,278,True,,,,이물질 두개나 나옴 진짜 최악임 !!!!!!!! 무말랭이 반찬에는 양념 뭍은 긴 머리카락 들어있었고 국에서는 비닐조각 나옴.... 비닐나올줄알았으면 머리카락 사진도 찍어둘걸 그랬네요 진짜 먹기 전부터 비위상하고 반쯤먹다가 비닐나와서 못먹고..ㅋㅋ 근데 더 화가나는건 맛이없었다는거임.. 왜인기 많은건지 모르겠어요 국물에서 아무맛도안나고 희미하게 잡내랑 미나리맛만 나요 다시해주겠다는데 도저히 맛도없고 비위도상해서 그냥 됐다고하고 만칠천원 내고 나왔어요 불쾌하고 맛도없고 비위상하고 진짜 환불받고싶음,이물질 두개나 나옴 진짜 최악임 EXCLAM 무말랭이 반찬에는 양념 뭍은 긴 머리카락 들어있었고 국에서는 비닐조각 나옴 비닐나올줄알았으면 머리카락 사진도 찍어둘걸 그랬네요 진짜 먹기 전부터 비위상하고 반쯤먹다가 비닐나와서 못먹고 근데 더 화가나는건 맛이없었다는거임 왜인기 많은건지 모르겠어요 국물에서 아무맛도안나고 희미하게 잡내랑 미나리맛만 나요 다시해주겠다는데 도저히 맛도없고 비위도상해서 그냥 됐다고하고 만칠천원 내고 나왔어요 불쾌하고 맛도없고 비위상하고 진짜 환불받고싶음,0,0,0,0,1,0,0,278,원
naver,금금 성수점,헬스타트,58.0,2026.02.20,1번째 방문,영수증,"지도를 보다가 우연히 발견했는데 퓨전 한식을 좋아해서 방문하게 되었습니다. 기대를 많이 하고 갔뎐 만큼 보리된장국수가 맛있어서 매우 만족했습니다. 가게 내부도 깔끔하고 직원 분들도 친절하셔서 편안하게 식사할 수 있었습니다. 지금은 문어가 들어간 메뉴가 전부 안 되는 것 같아 아쉬웠지만, 다음에 또 방문하라는 뜻으로 생각하고 다시 오겠습니다!",191,True,,,,"지도를 보다가 우연히 발견했는데 퓨전 한식을 좋아해서 방문하게 되었습니다. 기대를 많이 하고 갔뎐 만큼 보리된장국수가 맛있어서 매우 만족했습니다. 가게 내부도 깔끔하고 직원 분들도 친절하셔서 편안하게 식사할 수 있었습니다. 지금은 문어가 들어간 메뉴가 전부 안 되는 것 같아 아쉬웠지만, 다음에 또 방문하라는 뜻으로 생각하고 다시 오겠습니다!",지도를 보다가 우연히 발견했는데 퓨전 한식을 좋아해서 방문하게 되었습니다 기대를 많이 하고 갔뎐 만큼 보리된장국수가 맛있어서 매우 만족했습니다 가게 내부도 깔끔하고 직원 분들도 친절하셔서 편안하게 식사할 수 있었습니다 지금은 문어가 들어간 메뉴가 전부 안 되는 것 같아 아쉬웠지만 다음에 또 방문하라는 뜻으로 생각하고 다시 오겠습니다 EXCLAM,0,0,0,0,1,0,0,191,원
naver,옥동식,Brachioo,1324.0,2025.08.20,3번째 방문,영수증,돼지곰탕 보통(11000원) 먹었어요. 고기가 되게 많다고 느꼈어요. 얇고 김치랑 먹으면 더 맛있어요. 원래 그런 것 같긴 한데 저는 소금 간을 조금 더 하고 싶었어요. 그래도 배부르고 맛있었어요. 직원분들도 다 친절하시고 좋아요. 혼밥도 눈치 안 보이고 좋음!,146,True,,,,돼지곰탕 보통(11000원) 먹었어요. 고기가 되게 많다고 느꼈어요. 얇고 김치랑 먹으면 더 맛있어요. 원래 그런 것 같긴 한데 저는 소금 간을 조금 더 하고 싶었어요. 그래도 배부르고 맛있었어요. 직원분들도 다 친절하시고 좋아요. 혼밥도 눈치 안 보이고 좋음!,돼지곰탕 보통 11000원 먹었어요 고기가 되게 많다고 느꼈어요 얇고 김치랑 먹으면 더 맛있어요 원래 그런 것 같긴 한데 저는 소금 간을 조금 더 하고 싶었어요 그래도 배부르고 맛있었어요 직원분들도 다 친절하시고 좋아요 혼밥도 눈치 안 보이고 좋음 EXCLAM,0,0,0,0,1,0,1,146,원
naver,장인닭갈비 홍대점,thd****,24.0,2025.12.12,1번째 방문,영수증,직원 한 분인지 알바생인지.. 유독 한분이 불친절하셔서 오랜만에 데이트 나와서 간 식당에 기분만 망쳐서 나왔었네용 음식은 맛있었지만 처음 가게 들어갈때부터 인사도 없이 쳐다만 보시고 나중에야 자리 안내도 거기 앉으세요. 하시면서 대충 안내 해 주셔서 다른 직원분이 자리 다시 안내해주셨네욤 추가 주문 하려고 바로 옆에 계신 직원분에게 말 거니 한숨 쉬시면서 벨 눌러서 주문해주세요. 하시고..;; 바쁜거 알고 벨 눌러서 주문해 달라고 한 것 까지 그나마 이해하겠지만 왜 손님 이 부르고 쳐다보고 있는 상황에서 한숨 부터 쉬시면서 귀찮다는 식으로 하시면 안되는게 아닐까 합니다ㅠ 덕분에 데이트 초반 잘 망쳐서 나왔네요ㅠ 그렇게 해도 손님이 많으셔서 그런건지..자기 힘들어서 손님 줄이려는 수법인지..,390,True,,,,직원 한 분인지 알바생인지.. 유독 한분이 불친절하셔서 오랜만에 데이트 나와서 간 식당에 기분만 망쳐서 나왔었네용 음식은 맛있었지만 처음 가게 들어갈때부터 인사도 없이 쳐다만 보시고 나중에야 자리 안내도 거기 앉으세요. 하시면서 대충 안내 해 주셔서 다른 직원분이 자리 다시 안내해주셨네욤 추가 주문 하려고 바로 옆에 계신 직원분에게 말 거니 한숨 쉬시면서 벨 눌러서 주문해주세요. 하시고..;; 바쁜거 알고 벨 눌러서 주문해 달라고 한 것 까지 그나마 이해하겠지만 왜 손님 이 부르고 쳐다보고 있는 상황에서 한숨 부터 쉬시면서 귀찮다는 식으로 하시면 안되는게 아닐까 합니다ㅠ 덕분에 데이트 초반 잘 망쳐서 나왔네요ㅠ 그렇게 해도 손님이 많으셔서 그런건지..자기 힘들어서 손님 줄이려는 수법인지..,직원 한 분인지 알바생인지 유독 한분이 불친절하셔서 오랜만에 데이트 나와서 간 식당에 기분만 망쳐서 나왔었네용 음식은 맛있었지만 처음 가게 들어갈때부터 인사도 없이 쳐다만 보시고 나중에야 자리 안내도 거기 앉으세요 하시면서 대충 안내 해 주셔서 다른 직원분이 자리 다시 안내해주셨네욤 추가 주문 하려고 바로 옆에 계신 직원분에게 말 거니 한숨 쉬시면서 벨 눌러서 주문해주세요 하시고 바쁜거 알고 벨 눌러서 주문해 달라고 한 것 까지 그나마 이해하겠지만 왜 손님 이 부르고 쳐다보고 있는 상황에서 한숨 부터 쉬시면서 귀찮다는 식으로 하시면 안되는게 아닐까 합니다 덕분에 데이트 초반 잘 망쳐서 나왔네요 그렇게 해도 손님이 많으셔서 그런건지 자기 힘들어서 손님 줄이려는 수법인지,0,0,0,0,0,0,0,390,원
kakao,육지,박하은,2.0,2025-09-11,,,"합정에서 어디갈까 하다 온 육지 ~ 서울에 오랜만에 온 친구가 먹고싶다고 해서 방문했어요 🤭 모둠 한 판을 시키니 직원분께서 구워주시더라구요! 그릴 야채와 삼겹살, 꽃목살, 벌집덧살을 함께 먹을 수 있는 모둠이라 정말 좋았어요! 특히 꽃목살에 붙어있는 적당한 지방이 야들하고 고소하니 좋았고, 그 외 다른 부위들도 타지 않게 바로 먹기 좋은 익힘으로, 크기로 나와 정말 좋았습니다! 사진에는 없지만 ㅠ 적신목살도 시켰는데 보통 고기와 양념이 따로 노는 반면 여기는 고기 속까지 양념이 촉촉하더라구요! 단짠의 조화가 잘 느껴지는 고기라 좋았습니다~ 차돌 된장찌개도 너무 짜지 않게 부드러운 느낌! 솥밥과 먹기 참 좋았어요! 직원분들이 E신 거 같아서 ,, MBTI E신분들이 가시면 즐겁게 드시고 오지 않을까 합니다! ㅎ.ㅎ 맛있는 한끼 감사합니다~!",419,False,5.0,5.0,브론즈 레벨,"합정에서 어디갈까 하다 온 육지 ~ 서울에 오랜만에 온 친구가 먹고싶다고 해서 방문했어요 🤭 모둠 한 판을 시키니 직원분께서 구워주시더라구요! 그릴 야채와 삼겹살, 꽃목살, 벌집덧살을 함께 먹을 수 있는 모둠이라 정말 좋았어요! 특히 꽃목살에 붙어있는 적당한 지방이 야들하고 고소하니 좋았고, 그 외 다른 부위들도 타지 않게 바로 먹기 좋은 익힘으로, 크기로 나와 정말 좋았습니다! 사진에는 없지만 ㅠ 적신목살도 시켰는데 보통 고기와 양념이 따로 노는 반면 여기는 고기 속까지 양념이 촉촉하더라구요! 단짠의 조화가 잘 느껴지는 고기라 좋았습니다~ 차돌 된장찌개도 너무 짜지 않게 부드러운 느낌! 솥밥과 먹기 참 좋았어요! 직원분들이 E신 거 같아서 ,, MBTI E신분들이 가시면 즐겁게 드시고 오지 않을까 합니다! ㅎ.ㅎ 맛있는 한끼 감사합니다~!",합정에서 어디갈까 하다 온 육지 서울에 오랜만에 온 친구가 먹고싶다고 해서 방문했어요 모둠 한 판을 시키니 직원분께서 구워주시더라구요 EXCLAM 그릴 야채와 삼겹살 꽃목살 벌집덧살을 함께 먹을 수 있는 모둠이라 정말 좋았어요 EXCLAM 특히 꽃목살에 붙어있는 적당한 지방이 야들하고 고소하니 좋았고 그 외 다른 부위들도 타지 않게 바로 먹기 좋은 익힘으로 크기로 나와 정말 좋았습니다 EXCLAM 사진에는 없지만 적신목살도 시켰는데 보통 고기와 양념이 따로 노는 반면 여기는 고기 속까지 양념이 촉촉하더라구요 EXCLAM 단짠의 조화가 잘 느껴지는 고기라 좋았습니다 차돌 된장찌개도 너무 짜지 않게 부드러운 느낌 EXCLAM 솥밥과 먹기 참 좋았어요 EXCLAM 직원분들이 E신 거 같아서 MBTI E신분들이 가시면 즐겁게 드시고 오지 않을까 합니다 EXCLAM 맛있는 한끼 감사합니다 EXCLAM,0,0,0,0,1,0,0,419,원
naver,굴다리식당,lmj****,22.0,2025.11.27,1번째 방문,영수증,유명하다해서 처음으로 방문했는데 김치찌개 하나 제육볶음 하나 시켰는데 주문받으시는분이 당연하게 계란말이는 안시키냐고 하시고 2명이었는데 마치 3개를 시켜야하는것처럼.. 두개만 시켰는데 김치찌개가 나와서 먹고있다가 보니 고기가 한점 없더라고요 이상해서 물어봤더니 직접 퍼 주신 분이 3점 넣었다며 줬는데 안 먹었다고 하면 어쩌냐네요. 설마 먹었는데 안줬다고 할까요 게다가 줬어도 3점이 많이 준건가봐요 순식간에 몰아가는 사람 만들어서 불쾌했습니다. 그리고 제육 너무 달고 고기 질김. 고기 한점 없는 김치찌개가 만원입니다~,291,True,,,,유명하다해서 처음으로 방문했는데 김치찌개 하나 제육볶음 하나 시켰는데 주문받으시는분이 당연하게 계란말이는 안시키냐고 하시고 2명이었는데 마치 3개를 시켜야하는것처럼.. 두개만 시켰는데 김치찌개가 나와서 먹고있다가 보니 고기가 한점 없더라고요 이상해서 물어봤더니 직접 퍼 주신 분이 3점 넣었다며 줬는데 안 먹었다고 하면 어쩌냐네요. 설마 먹었는데 안줬다고 할까요 게다가 줬어도 3점이 많이 준건가봐요 순식간에 몰아가는 사람 만들어서 불쾌했습니다. 그리고 제육 너무 달고 고기 질김. 고기 한점 없는 김치찌개가 만원입니다~,유명하다해서 처음으로 방문했는데 김치찌개 하나 제육볶음 하나 시켰는데 주문받으시는분이 당연하게 계란말이는 안시키냐고 하시고 2명이었는데 마치 3개를 시켜야하는것처럼 두개만 시켰는데 김치찌개가 나와서 먹고있다가 보니 고기가 한점 없더라고요 이상해서 물어봤더니 직접 퍼 주신 분이 3점 넣었다며 줬는데 안 먹었다고 하면 어쩌냐네요 설마 먹었는데 안줬다고 할까요 게다가 줬어도 3점이 많이 준건가봐요 순식간에 몰아가는 사람 만들어서 불쾌했습니다 그리고 제육 너무 달고 고기 질김 고기 한점 없는 김치찌개가 만원입니다,0,0,0,0,0,0,1,291,원
kakao,소문난성수감자탕,8irpods,33.0,2025-07-05,,,몇 년 전 서울 성수동에서 처음 식사를 여기서 했습니다. 그때도 부산에서 올라와 완전 새벽에 식사를 했었는데요. 카맵 평점과는 달리 맛있어서 놀랐습니다. 이번에 또 방문했어요. 웨이팅은 여전히 있더라고요. 특별한 맛은 아닙니다. 그렇지만 성수동의 물가를 생각했을 때 비싼 가격이 아니기에 올 때마다 자주 방문합니다. 경상도 입맛에는 딱이었어요. 매장이 너무 정신이 없는 게 가장 큰 단점. 주차 불가한 점도 단점. 한 번도 드셔보지지 않았다면 강추. 두 번 이상 방문이면 그냥 추천. 혼밥존도 있어요. 혼밥 하시는 분에게도 추천.,296,False,4.0,3.5,실버 레벨,몇 년 전 서울 성수동에서 처음 식사를 여기서 했습니다. 그때도 부산에서 올라와 완전 새벽에 식사를 했었는데요. 카맵 평점과는 달리 맛있어서 놀랐습니다. 이번에 또 방문했어요. 웨이팅은 여전히 있더라고요. 특별한 맛은 아닙니다. 그렇지만 성수동의 물가를 생각했을 때 비싼 가격이 아니기에 올 때마다 자주 방문합니다. 경상도 입맛에는 딱이었어요. 매장이 너무 정신이 없는 게 가장 큰 단점. 주차 불가한 점도 단점. 한 번도 드셔보지지 않았다면 강추. 두 번 이상 방문이면 그냥 추천. 혼밥존도 있어요. 혼밥 하시는 분에게도 추천.,몇 년 전 서울 성수동에서 처음 식사를 여기서 했습니다 그때도 부산에서 올라와 완전 새벽에 식사를 했었는데요 카맵 평점과는 달리 맛있어서 놀랐습니다 이번에 또 방문했어요 웨이팅은 여전히 있더라고요 특별한 맛은 아닙니다 그렇지만 성수동의 물가를 생각했을 때 비싼 가격이 아니기에 올 때마다 자주 방문합니다 경상도 입맛에는 딱이었어요 매장이 너무 정신이 없는 게 가장 큰 단점 주차 불가한 점도 단점 한 번도 드셔보지지 않았다면 강추 두 번 이상 방문이면 그냥 추천 혼밥존도 있어요 혼밥 하시는 분에게도 추천,0,0,0,0,0,0,0,296,가격
kakao,이태리국시 성수,챨옥슈슈,1.0,2026-04-25,,,한우곱창 파스타 깔끔하고 맛있어요! 뇨끼는 조금 느끼해서 꼭 깔끔한 거 같이 드세요! 분위기 좋고 직원분들이 엄청 친절하셔서 좋습니당 테이블끼리 간격도 너무 좁지 않아서 얘기하기 좋아요😀,104,True,4.0,4.0,브론즈 레벨,한우곱창 파스타 깔끔하고 맛있어요! 뇨끼는 조금 느끼해서 꼭 깔끔한 거 같이 드세요! 분위기 좋고 직원분들이 엄청 친절하셔서 좋습니당 테이블끼리 간격도 너무 좁지 않아서 얘기하기 좋아요😀,한우곱창 파스타 깔끔하고 맛있어요 EXCLAM 뇨끼는 조금 느끼해서 꼭 깔끔한 거 같이 드세요 EXCLAM 분위기 좋고 직원분들이 엄청 친절하셔서 좋습니당 테이블끼리 간격도 너무 좁지 않아서 얘기하기 좋아요 EMO_POS,1,0,0,0,1,0,0,104,원
naver,을밀대 평양냉면,로즈카이트,179.0,2025.10.26,1번째 방문,예약,인기가 많은 이유를 알겠어요 맛있어요 비빔은 새콤달콤 느낌은 아니라 싱거웠지만 평냉은 원래 그러니까~ 주차도 편하고! 대신 냉면만 주문하면 김치는 안줘서 아쉬웠네요ㅠㅠ,93,True,,,,인기가 많은 이유를 알겠어요 맛있어요 비빔은 새콤달콤 느낌은 아니라 싱거웠지만 평냉은 원래 그러니까~ 주차도 편하고! 대신 냉면만 주문하면 김치는 안줘서 아쉬웠네요ㅠㅠ,인기가 많은 이유를 알겠어요 맛있어요 비빔은 새콤달콤 느낌은 아니라 싱거웠지만 평냉은 원래 그러니까 주차도 편하고 EXCLAM 대신 냉면만 주문하면 김치는 안줘서 아쉬웠네요,0,0,0,1,1,0,0,93,원
kakao,훼미리손칼국수보쌈,오미자,57.0,2025-05-29,,,예전엔 저렴한데 양많고 맛도 있었는데 어느순간 사장님이 안보이시더니 일본인 손님이 많아졌음 오랜만에 갔는데 너무 맛 없어서 국수 다 남김ㅠ 밥도 김치도 넉넉하게 주시고 칼국수도 진한 국물에 빨리빨리 나왔는데 보쌈 다 먹을동안 칼국수는 나오지도 않고 밥 양도 엄청 줄었음 직원들 불친절은 덤 김치랑 칼국수 맛이 밍밍해지고 달아진듯 그래서 없던 간장도 생겼음 좋아하던 집이었는데 이젠 보내줄때가... 김치 달아졌고 눅눅함(예전엔 시원했음) 칼국수 맹물에 밀가루면 보쌈은 양많고 부드러움 저렴하게 배채우는걸론 추천 일부러 찾아오고 기다려서 먹을 집은 절대절대 아님,312,False,1.0,3.8,실버 레벨,예전엔 저렴한데 양많고 맛도 있었는데 어느순간 사장님이 안보이시더니 일본인 손님이 많아졌음 오랜만에 갔는데 너무 맛 없어서 국수 다 남김ㅠ 밥도 김치도 넉넉하게 주시고 칼국수도 진한 국물에 빨리빨리 나왔는데 보쌈 다 먹을동안 칼국수는 나오지도 않고 밥 양도 엄청 줄었음 직원들 불친절은 덤 김치랑 칼국수 맛이 밍밍해지고 달아진듯 그래서 없던 간장도 생겼음 좋아하던 집이었는데 이젠 보내줄때가... 김치 달아졌고 눅눅함(예전엔 시원했음) 칼국수 맹물에 밀가루면 보쌈은 양많고 부드러움 저렴하게 배채우는걸론 추천 일부러 찾아오고 기다려서 먹을 집은 절대절대 아님,예전엔 저렴한데 양많고 맛도 있었는데 어느순간 사장님이 안보이시더니 일본인 손님이 많아졌음 오랜만에 갔는데 너무 맛 없어서 국수 다 남김 밥도 김치도 넉넉하게 주시고 칼국수도 진한 국물에 빨리빨리 나왔는데 보쌈 다 먹을동안 칼국수는 나오지도 않고 밥 양도 엄청 줄었음 직원들 불친절은 덤 김치랑 칼국수 맛이 밍밍해지고 달아진듯 그래서 없던 간장도 생겼음 좋아하던 집이었는데 이젠 보내줄때가 김치 달아졌고 눅눅함 예전엔 시원했음 칼국수 맹물에 밀가루면 보쌈은 양많고 부드러움 저렴하게 배채우는걸론 추천 일부러 찾아오고 기다려서 먹을 집은 절대절대 아님,0,0,0,0,0,0,0,312,"저렴, 원"
naver,훼미리손칼국수보쌈,에스티구르망,1236.0,2025.09.17,1번째 방문,영수증,보쌈정식 구성 너무 가성비 갑이에요!! 맛도 너무 맛있습니다~~,35,True,,,,보쌈정식 구성 너무 가성비 갑이에요!! 맛도 너무 맛있습니다~~,보쌈정식 구성 너무 가성비 갑이에요 EXCLAM 맛도 너무 맛있습니다 TILDE,0,0,0,0,1,0,0,35,가성비
naver,홍대 육지,cha****,30.0,2026.04.29,1번째 방문,영수증,"볶음밥, 계란찜, 들기름막국수 다 맛있어요!! 테이블 간격이 좀 좁은데 옆사람들 소리가 너무 커서 좀 힘들긴 했는데ㅠㅠㅠㅠ 그래도 음식 다 너무 맛있고 직원분들 친절하십니다",96,True,,,,"볶음밥, 계란찜, 들기름막국수 다 맛있어요!! 테이블 간격이 좀 좁은데 옆사람들 소리가 너무 커서 좀 힘들긴 했는데ㅠㅠㅠㅠ 그래도 음식 다 너무 맛있고 직원분들 친절하십니다",볶음밥 계란찜 들기름막국수 다 맛있어요 EXCLAM 테이블 간격이 좀 좁은데 옆사람들 소리가 너무 커서 좀 힘들긴 했는데 그래도 음식 다 너무 맛있고 직원분들 친절하십니다,0,0,0,1,1,0,0,96,원
naver,홍대 육지,주니룽,20.0,2026.04.20,1번째 방문,영수증,고기질도 좋고 너무맛있는데 직원분들까지 너무친절하니까 다시방문하고싶어지는!!! 너무잘먹었어요 다음에또올거에요🤭,61,True,,,,고기질도 좋고 너무맛있는데 직원분들까지 너무친절하니까 다시방문하고싶어지는!!! 너무잘먹었어요 다음에또올거에요🤭,고기질도 좋고 너무맛있는데 직원분들까지 너무친절하니까 다시방문하고싶어지는 EXCLAM 너무잘먹었어요 다음에또올거에요,0,0,0,0,1,0,0,61,원
kakao,훼미리손칼국수보쌈,역시배운사람,79.0,2025-10-25,,,보쌈과 김치도 좋지만 칼국수 육수가 진국입니다!! 가격은 1만원으로 올랐어요~ 25년 10월 이후 이제는 다른곳에 가는게 좋은듯~,72,False,1.0,3.0,실버 레벨,보쌈과 김치도 좋지만 칼국수 육수가 진국입니다!! 가격은 1만원으로 올랐어요~ 25년 10월 이후 이제는 다른곳에 가는게 좋은듯~,보쌈과 김치도 좋지만 칼국수 육수가 진국입니다 EXCLAM 가격은 1만원으로 올랐어요 25년 10월 이후 이제는 다른곳에 가는게 좋은듯,0,0,0,0,1,0,1,72,"가격, 원"
naver,을밀대 평양냉면,하겐다즈매니아,784.0,2026.01.29,6번째 방문,,"겨울이 좋은 이유,,하나 더 을밀대 웨이팅이 없다! 갑자기 며칠전부터 을밀대 생각나서 남편한테 말하다 왔어용ㅋㅋㅋ 거냉 양많이 시켜서 한그릇 뚝딱 하니 넘 좋아요 저는 여러집 가봐도 평냉중에 을밀대가 젤 입에 맞아요 녹두전도 같이 먹으면 김치도 같이 나와서 좋습니다 두쫀쿠 가격 생각하면 한그릇 1.6도 크게 비싼것 같지도 않아요ㅋㅋ 마포 동네사람 저녁에 산책하다가 을밀대 근처 지나는데 얼마나 깨끗하게 청소를 하시는지,,,잘되는집은 다 이유 있다고 생각합니다. 좌식 뜨끈한 바닥에 앉아서 먹으니 좋았어요 남편은 함냉을 더 좋아하는것 같지만 전 무조건 평냉ㅋㅋㅋ 오늘도 맛있게 먹고 갑니다!",330,True,,,,"겨울이 좋은 이유,,하나 더 을밀대 웨이팅이 없다! 갑자기 며칠전부터 을밀대 생각나서 남편한테 말하다 왔어용ㅋㅋㅋ 거냉 양많이 시켜서 한그릇 뚝딱 하니 넘 좋아요 저는 여러집 가봐도 평냉중에 을밀대가 젤 입에 맞아요 녹두전도 같이 먹으면 김치도 같이 나와서 좋습니다 두쫀쿠 가격 생각하면 한그릇 1.6도 크게 비싼것 같지도 않아요ㅋㅋ 마포 동네사람 저녁에 산책하다가 을밀대 근처 지나는데 얼마나 깨끗하게 청소를 하시는지,,,잘되는집은 다 이유 있다고 생각합니다. 좌식 뜨끈한 바닥에 앉아서 먹으니 좋았어요 남편은 함냉을 더 좋아하는것 같지만 전 무조건 평냉ㅋㅋㅋ 오늘도 맛있게 먹고 갑니다!",겨울이 좋은 이유 하나 더 을밀대 웨이팅이 없다 EXCLAM 갑자기 며칠전부터 을밀대 생각나서 남편한테 말하다 왔어용 거냉 양많이 시켜서 한그릇 뚝딱 하니 넘 좋아요 저는 여러집 가봐도 평냉중에 을밀대가 젤 입에 맞아요 녹두전도 같이 먹으면 김치도 같이 나와서 좋습니다 두쫀쿠 가격 생각하면 한그릇 1 6도 크게 비싼것 같지도 않아요 마포 동네사람 저녁에 산책하다가 을밀대 근처 지나는데 얼마나 깨끗하게 청소를 하시는지 잘되는집은 다 이유 있다고 생각합니다 좌식 뜨끈한 바닥에 앉아서 먹으니 좋았어요 남편은 함냉을 더 좋아하는것 같지만 전 무조건 평냉 오늘도 맛있게 먹고 갑니다 EXCLAM,0,0,0,0,1,0,1,330,가격
naver,각시보쌈,백수인,1607.0,2025.07.29,11번째 방문,영수증,좋은 식당인데 너무 많이 와서 질려버림..^^ 거의 20번 온 입장에서 이제 와서 어렵게 쓴소리하자면 처음부터 후기 쓰는 오늘까지 여전히 전 직원이 불친절합니다. 저물어간 한때 영광인 놀부 보쌈이 될 것인가,115,True,,,,좋은 식당인데 너무 많이 와서 질려버림..^^ 거의 20번 온 입장에서 이제 와서 어렵게 쓴소리하자면 처음부터 후기 쓰는 오늘까지 여전히 전 직원이 불친절합니다. 저물어간 한때 영광인 놀부 보쌈이 될 것인가,좋은 식당인데 너무 많이 와서 질려버림 거의 20번 온 입장에서 이제 와서 어렵게 쓴소리하자면 처음부터 후기 쓰는 오늘까지 여전히 전 직원이 불친절합니다 저물어간 한때 영광인 놀부 보쌈이 될 것인가,0,0,0,0,0,0,1,115,원
kakao,육지,죠르딬,193.0,2025-09-27,,,"테이블 비어 있는데 치우지 않아서 손님들 1시간 넘게 대기... 들어와보니 직원들 바쁜 것도 아니고 그냥 설렁설렁 돌아다니고 있네요. 빨리빨리 치우고 손님 받으시지. 덩치 큰 건희님은 친절하십니다. K.H 불친절. + 매니저 같은 분은 외국인 둘이 말 못 알아들으니까 ""아이씨""라고 함. 별개로 삼겹살은 육즙 가득하고 쫄깃하니 맛있습니다.",189,True,1.0,4.6,골드 레벨,"테이블 비어 있는데 치우지 않아서 손님들 1시간 넘게 대기... 들어와보니 직원들 바쁜 것도 아니고 그냥 설렁설렁 돌아다니고 있네요. 빨리빨리 치우고 손님 받으시지. 덩치 큰 건희님은 친절하십니다. K.H 불친절. + 매니저 같은 분은 외국인 둘이 말 못 알아들으니까 ""아이씨""라고 함. 별개로 삼겹살은 육즙 가득하고 쫄깃하니 맛있습니다.",테이블 비어 있는데 치우지 않아서 손님들 1시간 넘게 대기 들어와보니 직원들 바쁜 것도 아니고 그냥 설렁설렁 돌아다니고 있네요 빨리빨리 치우고 손님 받으시지 덩치 큰 건희님은 친절하십니다 K H 불친절 매니저 같은 분은 외국인 둘이 말 못 알아들으니까 아이씨 라고 함 별개로 삼겹살은 육즙 가득하고 쫄깃하니 맛있습니다,0,0,0,0,0,0,1,189,원
kakao,태양곱창 성수,서현,11.0,2025-01-11,,,직원분들도 너무 친절하고 깨끗한 느낌에 다시 재방문 하고 싶어요 곱창 또한 냄새도 안나고 매콤하니 맛있게 먹었어요 마지막 볶음밥이 킬포인트~~~~,81,True,5.0,5.0,브론즈 레벨,직원분들도 너무 친절하고 깨끗한 느낌에 다시 재방문 하고 싶어요 곱창 또한 냄새도 안나고 매콤하니 맛있게 먹었어요 마지막 볶음밥이 킬포인트~~~~,직원분들도 너무 친절하고 깨끗한 느낌에 다시 재방문 하고 싶어요 곱창 또한 냄새도 안나고 매콤하니 맛있게 먹었어요 마지막 볶음밥이 킬포인트 TILDE,0,0,0,0,0,0,0,81,원
kakao,락희옥 마포본점,천생연분,1.0,2025-01-31,,,너무너무 맛있고 직원분들 넘 친절하세용! 재방문의사 100%,33,False,5.0,5.0,브론즈 레벨,너무너무 맛있고 직원분들 넘 친절하세용! 재방문의사 100%,너무너무 맛있고 직원분들 넘 친절하세용 EXCLAM 재방문의사 100,0,0,0,0,1,0,1,33,원
kakao,능동미나리 성수점,훼💗,1.0,2026-01-26,,,곱창전골 너무 맛있었어용ㅇㅇ 직원분들도 너무너무 친절해주시고 좋았습니다 또 방문할게요. ♡♡,51,True,5.0,5.0,브론즈 레벨,곱창전골 너무 맛있었어용ㅇㅇ 직원분들도 너무너무 친절해주시고 좋았습니다 또 방문할게요. ♡♡,곱창전골 너무 맛있었어용 직원분들도 너무너무 친절해주시고 좋았습니다 또 방문할게요 EMO_POS EMO_POS,1,0,0,0,0,0,0,51,원
naver,보끔당 성수점,zjy****,5.0,2026.04.10,1번째 방문,영수증,"닭 보끔당 진짜 맛있어요! 닭고기가 엄청 부드럽고 소스가 자극적이지 않으면서도 감칠맛 나요. 매운 정도도 선택할 수 있어서 좋고, 기본 반찬으로 나오는 김도 아삭하니 맛있어요. 분위기도 깔끔하고 직원분들 친절해서 다음에 또 가고 싶어요. 강추합니다!",139,True,,,,"닭 보끔당 진짜 맛있어요! 닭고기가 엄청 부드럽고 소스가 자극적이지 않으면서도 감칠맛 나요. 매운 정도도 선택할 수 있어서 좋고, 기본 반찬으로 나오는 김도 아삭하니 맛있어요. 분위기도 깔끔하고 직원분들 친절해서 다음에 또 가고 싶어요. 강추합니다!",닭 보끔당 진짜 맛있어요 EXCLAM 닭고기가 엄청 부드럽고 소스가 자극적이지 않으면서도 감칠맛 나요 매운 정도도 선택할 수 있어서 좋고 기본 반찬으로 나오는 김도 아삭하니 맛있어요 분위기도 깔끔하고 직원분들 친절해서 다음에 또 가고 싶어요 강추합니다 EXCLAM,0,0,0,0,1,0,0,139,원
naver,조선시대,jiy****,39.0,2026.02.02,1번째 방문,영수증,조선시대 컨셉 맞게 인테리어도 잘 꾸며져 있고 매장도 넓고 깨끗해요~ 육회도 질 좋고 직원분들도 다 친절하셔서 기분 좋게 먹고 갑니다!,75,True,,,,조선시대 컨셉 맞게 인테리어도 잘 꾸며져 있고 매장도 넓고 깨끗해요~ 육회도 질 좋고 직원분들도 다 친절하셔서 기분 좋게 먹고 갑니다!,조선시대 컨셉 맞게 인테리어도 잘 꾸며져 있고 매장도 넓고 깨끗해요 육회도 질 좋고 직원분들도 다 친절하셔서 기분 좋게 먹고 갑니다 EXCLAM,0,0,0,0,1,0,0,75,원
naver,태양곱창 성수점,hayonk,24.0,2026.01.28,1번째 방문,영수증,곱창전골 너무 맛있고 직원분들이 너무 친절하세요!!,28,True,,,,곱창전골 너무 맛있고 직원분들이 너무 친절하세요!!,곱창전골 너무 맛있고 직원분들이 너무 친절하세요 EXCLAM,0,0,0,0,1,0,0,28,원
naver,원조 조박집 본관,야임마23,1315.0,2025.06.18,3번째 방문,영수증,돼지갈비도 총각김치도 서비스 동치미 국수도 맛있는 조박집 멀어서 못온사이에 가격이 많이 올랐네요 ㅠ ㅋㅋ,58,True,,,,돼지갈비도 총각김치도 서비스 동치미 국수도 맛있는 조박집 멀어서 못온사이에 가격이 많이 올랐네요 ㅠ ㅋㅋ,돼지갈비도 총각김치도 서비스 동치미 국수도 맛있는 조박집 멀어서 못온사이에 가격이 많이 올랐네요,0,0,0,0,0,0,0,58,가격
naver,락희옥 마포본점,HAY BAE,23.0,2025.12.22,1번째 방문,영수증,연말 모임하려고 예약해서 방문했어요! 보쌈이 부드러우면서 지방까지 탱글해서 감동했어요ㅠㅠ 직원분들이 모두 친절하시고 요리가 하나같이 너무 맛있어서 모임하기 정말 좋아요 추천~ 또올게용,102,True,,,,연말 모임하려고 예약해서 방문했어요! 보쌈이 부드러우면서 지방까지 탱글해서 감동했어요ㅠㅠ 직원분들이 모두 친절하시고 요리가 하나같이 너무 맛있어서 모임하기 정말 좋아요 추천~ 또올게용,연말 모임하려고 예약해서 방문했어요 EXCLAM 보쌈이 부드러우면서 지방까지 탱글해서 감동했어요 직원분들이 모두 친절하시고 요리가 하나같이 너무 맛있어서 모임하기 정말 좋아요 추천 또올게용,0,0,0,1,1,0,0,102,원
kakao,소문난성수감자탕,미스터빈,216.0,2026-02-24,,,리뷰 보면 알겠지만 점원 태도 신경 안쓰는 편이지만 이 집은 개선이 좀 필요해보임 맛은 그냥 맛있는 감자탕임,60,True,2.0,3.3,실버 레벨,리뷰 보면 알겠지만 점원 태도 신경 안쓰는 편이지만 이 집은 개선이 좀 필요해보임 맛은 그냥 맛있는 감자탕임,리뷰 보면 알겠지만 점원 태도 신경 안쓰는 편이지만 이 집은 개선이 좀 필요해보임 맛은 그냥 맛있는 감자탕임,0,0,0,0,0,0,0,60,원
naver,이태리국시 성수,xxxgg,112.0,2026.04.21,1번째 방문,영수증,분위기도 좋고 음식 그릇도 너무 정갈하고 예뻐서 데이트하러와도 좋을 것 같아요! 직원분들도 매우 친절하세요!,60,True,,,,분위기도 좋고 음식 그릇도 너무 정갈하고 예뻐서 데이트하러와도 좋을 것 같아요! 직원분들도 매우 친절하세요!,분위기도 좋고 음식 그릇도 너무 정갈하고 예뻐서 데이트하러와도 좋을 것 같아요 EXCLAM 직원분들도 매우 친절하세요 EXCLAM,0,0,0,0,1,0,0,60,원
naver,할머니의 레시피,배짱유미,1096.0,2025.10.02,1번째 방문,영수증,"쌈밥과 비빔밥정식에 무염버터 명란 먹었습니다. 고기도 상추쌈도 너무 싱싱하고 반찬도 하나하나 다 맛나네요. 떡갈비가 조금 덜익은거 같아서 더 익혀달라했는데, 사장님께서 떡갈비값을 빼주셨어요. 친절한 사장님 감사합니다!! 줄서서 먹은 보람 있네요~!! 잘 먹었습니다!!",149,True,,,,"쌈밥과 비빔밥정식에 무염버터 명란 먹었습니다. 고기도 상추쌈도 너무 싱싱하고 반찬도 하나하나 다 맛나네요. 떡갈비가 조금 덜익은거 같아서 더 익혀달라했는데, 사장님께서 떡갈비값을 빼주셨어요. 친절한 사장님 감사합니다!! 줄서서 먹은 보람 있네요~!! 잘 먹었습니다!!",쌈밥과 비빔밥정식에 무염버터 명란 먹었습니다 고기도 상추쌈도 너무 싱싱하고 반찬도 하나하나 다 맛나네요 떡갈비가 조금 덜익은거 같아서 더 익혀달라했는데 사장님께서 떡갈비값을 빼주셨어요 친절한 사장님 감사합니다 EXCLAM 줄서서 먹은 보람 있네요 EXCLAM 잘 먹었습니다 EXCLAM,0,0,0,0,1,0,0,149,값
naver,옥동식,짜잔01,549.0,2025.10.29,1번째 방문,영수증,깔끔하고 잡내 없는 국밥 먹다보면 고기 양도 생각보다 많은 느낌 김치는 시원한 맛에 맛있엇지만 김치만두는 흔한 냉동만두급 다들 많이 드시길래 시켰는데 그냥 보통이였다 흔히 먹던 국밥 스타일이 아니라 한번쯤은 먹어봐도 좋을 듯 하다,128,True,,,,깔끔하고 잡내 없는 국밥 먹다보면 고기 양도 생각보다 많은 느낌 김치는 시원한 맛에 맛있엇지만 김치만두는 흔한 냉동만두급 다들 많이 드시길래 시켰는데 그냥 보통이였다 흔히 먹던 국밥 스타일이 아니라 한번쯤은 먹어봐도 좋을 듯 하다,깔끔하고 잡내 없는 국밥 먹다보면 고기 양도 생각보다 많은 느낌 김치는 시원한 맛에 맛있엇지만 김치만두는 흔한 냉동만두급 다들 많이 드시길래 시켰는데 그냥 보통이였다 흔히 먹던 국밥 스타일이 아니라 한번쯤은 먹어봐도 좋을 듯 하다,0,0,0,0,0,0,0,128,원
naver,쭌곱창,크51,27.0,2025.11.15,1번째 방문,영수증,곱창은 잡내 없이 잘 손질되어 있었고 직원분들이 직접 구워주셔서 편하게 맛있게 먹을 수 있었습니다. 사이드 메뉴들도 만족스러워서 술이 자연스럽게 들어가더군요. 다시 방문하고 싶은 곳입니다,104,True,,,,곱창은 잡내 없이 잘 손질되어 있었고 직원분들이 직접 구워주셔서 편하게 맛있게 먹을 수 있었습니다. 사이드 메뉴들도 만족스러워서 술이 자연스럽게 들어가더군요. 다시 방문하고 싶은 곳입니다,곱창은 잡내 없이 잘 손질되어 있었고 직원분들이 직접 구워주셔서 편하게 맛있게 먹을 수 있었습니다 사이드 메뉴들도 만족스러워서 술이 자연스럽게 들어가더군요 다시 방문하고 싶은 곳입니다,0,0,0,0,0,0,0,104,원
naver,능동미나리 성수지점,KOR66,1069.0,2025.12.27,1번째 방문,영수증,운이좋아서 웨이팅을 피했습니다. 직원분들께서 친절하시고 육회비빔밥 추천,39,True,,,,운이좋아서 웨이팅을 피했습니다. 직원분들께서 친절하시고 육회비빔밥 추천,운이좋아서 웨이팅을 피했습니다 직원분들께서 친절하시고 육회비빔밥 추천,0,0,0,0,0,0,0,39,원
naver,소문난성수감자탕,미술하는쿠키정,349.0,2025.12.29,1번째 방문,영수증,"소문난 성수 감자탕은 성수동에서 이미 잘 알려진 핫플레이스 감자탕집이에요. 국물은 진하고 깊은데 텁텁하지 않고, 고기는 큼직하고 푸짐해서 한 숟갈 뜰 때마다 만족감이 큽니다. 직원분들도 친절해서 주문부터 식사까지 편안하게 즐길 수 있었고, 처음 방문해도 어색함 없이 식사할 수 있는 분위기예요. 든든한 한 끼가 필요할 때, 진한 국물의 감자탕이 생각날 때 성수에서 믿고 찾기 좋은 곳입니다 🍲",219,True,,,,"소문난 성수 감자탕은 성수동에서 이미 잘 알려진 핫플레이스 감자탕집이에요. 국물은 진하고 깊은데 텁텁하지 않고, 고기는 큼직하고 푸짐해서 한 숟갈 뜰 때마다 만족감이 큽니다. 직원분들도 친절해서 주문부터 식사까지 편안하게 즐길 수 있었고, 처음 방문해도 어색함 없이 식사할 수 있는 분위기예요. 든든한 한 끼가 필요할 때, 진한 국물의 감자탕이 생각날 때 성수에서 믿고 찾기 좋은 곳입니다 🍲",소문난 성수 감자탕은 성수동에서 이미 잘 알려진 핫플레이스 감자탕집이에요 국물은 진하고 깊은데 텁텁하지 않고 고기는 큼직하고 푸짐해서 한 숟갈 뜰 때마다 만족감이 큽니다 직원분들도 친절해서 주문부터 식사까지 편안하게 즐길 수 있었고 처음 방문해도 어색함 없이 식사할 수 있는 분위기예요 든든한 한 끼가 필요할 때 진한 국물의 감자탕이 생각날 때 성수에서 믿고 찾기 좋은 곳입니다,0,0,0,0,0,0,0,219,원
kakao,뼈탄집 성수역점,박다희,5.0,2026-04-05,,,"성수역 근처 고기집 찾다가 방문했는데 외관도 깔끔하고 웨이팅 공간이 잘 되어 있어서 기다리기 편했습니다. 내부도 넓고 쾌적해서 아이와 함께 방문하기에도 부담 없었어요. 직원분들이 정말 친절하시고, 고기를 처음부터 끝까지 다 구워주셔서 편하게 식사할 수 있었던 점이 특히 좋았습니다. 고기 퀄리티도 좋고 백김치, 마늘, 버섯, 대파 같이 구워 먹는 구성이 정말 맛있어요. 특히 구운 백김치랑 고기 조합 추천합니다! 곰취냉면도 깔끔한 맛이라 마무리로 좋았고 전체적으로 만족스러웠어요. 재방문 의사 있습니다 👍",282,True,5.0,5.0,브론즈 레벨,"성수역 근처 고기집 찾다가 방문했는데 외관도 깔끔하고 웨이팅 공간이 잘 되어 있어서 기다리기 편했습니다. 내부도 넓고 쾌적해서 아이와 함께 방문하기에도 부담 없었어요. 직원분들이 정말 친절하시고, 고기를 처음부터 끝까지 다 구워주셔서 편하게 식사할 수 있었던 점이 특히 좋았습니다. 고기 퀄리티도 좋고 백김치, 마늘, 버섯, 대파 같이 구워 먹는 구성이 정말 맛있어요. 특히 구운 백김치랑 고기 조합 추천합니다! 곰취냉면도 깔끔한 맛이라 마무리로 좋았고 전체적으로 만족스러웠어요. 재방문 의사 있습니다 👍",성수역 근처 고기집 찾다가 방문했는데 외관도 깔끔하고 웨이팅 공간이 잘 되어 있어서 기다리기 편했습니다 내부도 넓고 쾌적해서 아이와 함께 방문하기에도 부담 없었어요 직원분들이 정말 친절하시고 고기를 처음부터 끝까지 다 구워주셔서 편하게 식사할 수 있었던 점이 특히 좋았습니다 고기 퀄리티도 좋고 백김치 마늘 버섯 대파 같이 구워 먹는 구성이 정말 맛있어요 특히 구운 백김치랑 고기 조합 추천합니다 EXCLAM 곰취냉면도 깔끔한 맛이라 마무리로 좋았고 전체적으로 만족스러웠어요 재방문 의사 있습니다 EMO_POS,1,0,0,0,1,0,0,282,원
naver,각시보쌈,brown28,1771.0,2026.01.23,3번째 방문,,점심한정메뉴인 1만원짜리 각시정식(보쌈정식)이 구성도 알차고 양도 넉넉하고 맛도 참 괜찮아 푸짐하고 만족스러운 점심한끼를 먹을수 있습니다.. 보쌈 고기는 부드러운 가브리살 부위고 여럿이 시켜도 한접시에 같이 나오는게 아니라 1인분씩 각자 별도로 제공되 위생적이기도 하고 모호한 양이 아닌 일정하게 정량이 제공되는 것도 큰 장점 입니다.. 그리고 함께 제공되는 참치김치찌개도 맛이 참 괜찮고 요즘 같이 추운겨울 날씨에 먹기 딱 좋습니다.. 가성비로는 단연 압도적이고 음식맛도 괜찮고 거기다 눈치 안보고 혼밥하기 좋고 직원분도 참 친절한 합정쪽에선 완전 강추하는 식당입니다..,320,True,,,,점심한정메뉴인 1만원짜리 각시정식(보쌈정식)이 구성도 알차고 양도 넉넉하고 맛도 참 괜찮아 푸짐하고 만족스러운 점심한끼를 먹을수 있습니다.. 보쌈 고기는 부드러운 가브리살 부위고 여럿이 시켜도 한접시에 같이 나오는게 아니라 1인분씩 각자 별도로 제공되 위생적이기도 하고 모호한 양이 아닌 일정하게 정량이 제공되는 것도 큰 장점 입니다.. 그리고 함께 제공되는 참치김치찌개도 맛이 참 괜찮고 요즘 같이 추운겨울 날씨에 먹기 딱 좋습니다.. 가성비로는 단연 압도적이고 음식맛도 괜찮고 거기다 눈치 안보고 혼밥하기 좋고 직원분도 참 친절한 합정쪽에선 완전 강추하는 식당입니다..,점심한정메뉴인 1만원짜리 각시정식 보쌈정식 이 구성도 알차고 양도 넉넉하고 맛도 참 괜찮아 푸짐하고 만족스러운 점심한끼를 먹을수 있습니다 보쌈 고기는 부드러운 가브리살 부위고 여럿이 시켜도 한접시에 같이 나오는게 아니라 1인분씩 각자 별도로 제공되 위생적이기도 하고 모호한 양이 아닌 일정하게 정량이 제공되는 것도 큰 장점 입니다 그리고 함께 제공되는 참치김치찌개도 맛이 참 괜찮고 요즘 같이 추운겨울 날씨에 먹기 딱 좋습니다 가성비로는 단연 압도적이고 음식맛도 괜찮고 거기다 눈치 안보고 혼밥하기 좋고 직원분도 참 친절한 합정쪽에선 완전 강추하는 식당입니다,0,0,0,0,0,0,1,320,"가성비, 원"
naver,일등식당,일일다식,245.0,2025.06.19,1번째 방문,영수증,맑고 개운한 등뼈해장국이에요 자극없어서 아이도 잘 먹을 수 있는 스타일이구요 매운거 좋아하는 편인데 준비된 고춧가루 뿌려서 먹으니 칼칼하더라구요 잡내 전혀 없이 고기도 부드럽고 양도 넉넉해요! 8000원의 행복❤️,119,True,,,,맑고 개운한 등뼈해장국이에요 자극없어서 아이도 잘 먹을 수 있는 스타일이구요 매운거 좋아하는 편인데 준비된 고춧가루 뿌려서 먹으니 칼칼하더라구요 잡내 전혀 없이 고기도 부드럽고 양도 넉넉해요! 8000원의 행복❤️,맑고 개운한 등뼈해장국이에요 자극없어서 아이도 잘 먹을 수 있는 스타일이구요 매운거 좋아하는 편인데 준비된 고춧가루 뿌려서 먹으니 칼칼하더라구요 잡내 전혀 없이 고기도 부드럽고 양도 넉넉해요 EXCLAM 8000원의 행복 EMO_POS,1,0,0,0,1,0,1,119,원
kakao,육산장 홍대본점,따 히,1.0,2025-08-05,,,야장느낌인데도 에어컨 있어서 시원해서 좋았어요! 평일 저녁에 갔는데 생각보다 한산했고 직원분도 친절하십니다~ 고기도 정말 맛있어요~~~!!👍👍👍,80,True,5.0,5.0,브론즈 레벨,야장느낌인데도 에어컨 있어서 시원해서 좋았어요! 평일 저녁에 갔는데 생각보다 한산했고 직원분도 친절하십니다~ 고기도 정말 맛있어요~~~!!👍👍👍,야장느낌인데도 에어컨 있어서 시원해서 좋았어요 EXCLAM 평일 저녁에 갔는데 생각보다 한산했고 직원분도 친절하십니다 고기도 정말 맛있어요 TILDE EXCLAM EMO_POS EMO_POS EMO_POS,1,0,0,0,1,0,0,80,원
naver,홍대 육지,Lovable2,166.0,2026.04.20,1번째 방문,영수증,삼겹살이랑 땡초국수 먹었는데 고기도 쫀쫀하고 두툼해서 넘 맛있어요! 직원분들도 친절하시구 매장도 넓고 고깃집인데도 불구하고 쾌적한 느낌이라 좋네요 !!,84,True,,,,삼겹살이랑 땡초국수 먹었는데 고기도 쫀쫀하고 두툼해서 넘 맛있어요! 직원분들도 친절하시구 매장도 넓고 고깃집인데도 불구하고 쾌적한 느낌이라 좋네요 !!,삼겹살이랑 땡초국수 먹었는데 고기도 쫀쫀하고 두툼해서 넘 맛있어요 EXCLAM 직원분들도 친절하시구 매장도 넓고 고깃집인데도 불구하고 쾌적한 느낌이라 좋네요 EXCLAM,0,0,0,0,1,0,0,84,원
kakao,홍대 조선시대,송현우,1.0,2026-04-25,,,술이 일단 정말 싸고 직원분들도 다 친절하셔요 무엇보다 분위기가 정말 좋아요,42,True,5.0,5.0,브론즈 레벨,술이 일단 정말 싸고 직원분들도 다 친절하셔요 무엇보다 분위기가 정말 좋아요,술이 일단 정말 싸고 직원분들도 다 친절하셔요 무엇보다 분위기가 정말 좋아요,0,0,0,0,0,0,0,42,원
naver,일등식당,닥피생,499.0,2025.06.01,1번째 방문,영수증,"깔끔한 국물이 인상적인 망원동 일등식당 일요일 점심 1시에 여자친구와 방문하였습니다. 도착했을 때 웨이팅이 있었고 약 15분 정도 기다려 입장하였는데, 2시까지도 계속 웨이팅이 있었습니다. 너무 배가 고파서 해장국 특사이즈를 주문. 큰 등뼈가 석탑처럼 3덩이 올라간 비쥬얼이 인상적이었으며, 살코기가 많이 붙어 있어 배부르게 먹을 수 있었습니다. 국물은 일반적인 뼈해장국보다 맑고 가벼워 뒷맛이 깔끔하였습니다. 우리 커플이 좋아하는 후암동의 일미집 감자탕과 비슷한 느낌이었습니다. 최근 성시경의 먹을텐데에 출연 이후 손님이 더 많아졌다고 하는데, 식사 위주 손님이 많아 다행히도 회전율은 좋아 많이 기다리지 않아도 되네요. 중간 중간 동네 포장 손님이 많은 것을 보니 맛집 신뢰도가 쭉올라가네요 ㅎㅎ",391,True,,,,"깔끔한 국물이 인상적인 망원동 일등식당 일요일 점심 1시에 여자친구와 방문하였습니다. 도착했을 때 웨이팅이 있었고 약 15분 정도 기다려 입장하였는데, 2시까지도 계속 웨이팅이 있었습니다. 너무 배가 고파서 해장국 특사이즈를 주문. 큰 등뼈가 석탑처럼 3덩이 올라간 비쥬얼이 인상적이었으며, 살코기가 많이 붙어 있어 배부르게 먹을 수 있었습니다. 국물은 일반적인 뼈해장국보다 맑고 가벼워 뒷맛이 깔끔하였습니다. 우리 커플이 좋아하는 후암동의 일미집 감자탕과 비슷한 느낌이었습니다. 최근 성시경의 먹을텐데에 출연 이후 손님이 더 많아졌다고 하는데, 식사 위주 손님이 많아 다행히도 회전율은 좋아 많이 기다리지 않아도 되네요. 중간 중간 동네 포장 손님이 많은 것을 보니 맛집 신뢰도가 쭉올라가네요 ㅎㅎ",깔끔한 국물이 인상적인 망원동 일등식당 일요일 점심 1시에 여자친구와 방문하였습니다 도착했을 때 웨이팅이 있었고 약 15분 정도 기다려 입장하였는데 2시까지도 계속 웨이팅이 있었습니다 너무 배가 고파서 해장국 특사이즈를 주문 큰 등뼈가 석탑처럼 3덩이 올라간 비쥬얼이 인상적이었으며 살코기가 많이 붙어 있어 배부르게 먹을 수 있었습니다 국물은 일반적인 뼈해장국보다 맑고 가벼워 뒷맛이 깔끔하였습니다 우리 커플이 좋아하는 후암동의 일미집 감자탕과 비슷한 느낌이었습니다 최근 성시경의 먹을텐데에 출연 이후 손님이 더 많아졌다고 하는데 식사 위주 손님이 많아 다행히도 회전율은 좋아 많이 기다리지 않아도 되네요 중간 중간 동네 포장 손님이 많은 것을 보니 맛집 신뢰도가 쭉올라가네요,0,0,0,0,0,0,1,391,원
kakao,일등식당,투여,262.0,2025-01-19,,,진짜미첬음. 고기양도많고 국물미첬고 가성비에 음식도빨리나옴. 인생 뼈해장국집,42,False,5.0,3.2,골드 레벨,진짜미첬음. 고기양도많고 국물미첬고 가성비에 음식도빨리나옴. 인생 뼈해장국집,진짜미첬음 고기양도많고 국물미첬고 가성비에 음식도빨리나옴 인생 뼈해장국집,0,0,0,0,0,0,0,42,가성비
naver,쭌곱창,지이예오,17.0,2026.01.15,1번째 방문,영수증,맛집으로 추천 받아서 왔는데 진짜 맛있네용 !!! 직원분도 친절하시구 화장실도 안에 있고 깨끗해서 좋았슴니다 ㅎ ㅎ ㅎ 곱창 냄새 안 나고 안 질기고 맛잇어요 !! 💗 주먹밥 필 수. 추가. 하세요 !!!!,115,True,,,,맛집으로 추천 받아서 왔는데 진짜 맛있네용 !!! 직원분도 친절하시구 화장실도 안에 있고 깨끗해서 좋았슴니다 ㅎ ㅎ ㅎ 곱창 냄새 안 나고 안 질기고 맛잇어요 !! 💗 주먹밥 필 수. 추가. 하세요 !!!!,맛집으로 추천 받아서 왔는데 진짜 맛있네용 EXCLAM 직원분도 친절하시구 화장실도 안에 있고 깨끗해서 좋았슴니다 곱창 냄새 안 나고 안 질기고 맛잇어요 EXCLAM EMO_POS 주먹밥 필 수 추가 하세요 EXCLAM,1,0,0,0,1,0,0,115,원
kakao,홍대 조선시대,선우,1.0,2026-04-25,,,홍대에서 이렇게 가성비 좋은 술집 찾기 힘든거 같아요 너무 맛있고 지인들이랑 같이 오기도 좋은 거 같아요. 다음에는 룸 예약해서 오고 싶네요 ㅎㅎ,81,False,5.0,5.0,브론즈 레벨,홍대에서 이렇게 가성비 좋은 술집 찾기 힘든거 같아요 너무 맛있고 지인들이랑 같이 오기도 좋은 거 같아요. 다음에는 룸 예약해서 오고 싶네요 ㅎㅎ,홍대에서 이렇게 가성비 좋은 술집 찾기 힘든거 같아요 너무 맛있고 지인들이랑 같이 오기도 좋은 거 같아요 다음에는 룸 예약해서 오고 싶네요,0,0,0,0,0,0,0,81,가성비
naver,각시보쌈,Niki,200.0,2025.11.19,1번째 방문,영수증,합정역 최고 보쌈 맛집 :) (제 기준) 한국 최고의 가성비! 최고에요! 주차는 어렵습니다.,51,True,,,,합정역 최고 보쌈 맛집 :) (제 기준) 한국 최고의 가성비! 최고에요! 주차는 어렵습니다.,합정역 최고 보쌈 맛집 제 기준 한국 최고의 가성비 EXCLAM 최고에요 EXCLAM 주차는 어렵습니다,0,0,0,0,1,0,0,51,가성비
kakao,을밀대 본점,LUXMEA,2.0,2025-07-20,,,줄서서 먹을곳은 아니고 그냥 이마트 냉면 맛이 낫겠음. 이름값한다고 가격도 착하지도 않음. 오래된 간판만 잘봤음,62,True,2.0,1.5,브론즈 레벨,줄서서 먹을곳은 아니고 그냥 이마트 냉면 맛이 낫겠음. 이름값한다고 가격도 착하지도 않음. 오래된 간판만 잘봤음,줄서서 먹을곳은 아니고 그냥 이마트 냉면 맛이 낫겠음 이름값한다고 가격도 착하지도 않음 오래된 간판만 잘봤음,0,0,0,0,0,0,0,62,"가격, 값"
naver,뼈탄집 성수역점,dannn21,16.0,2026.04.22,1번째 방문,영수증,매장이 시원하고 고기가 너무 맛있어요~,21,True,,,,매장이 시원하고 고기가 너무 맛있어요~,매장이 시원하고 고기가 너무 맛있어요,0,0,0,0,0,0,0,21,원
naver,원조 조박집 본관,펭수콩국수,2348.0,2025.09.18,1번째 방문,영수증,"바쁜데도 친절하세요. 동치미는 국수가 불어있어 아쉽고 무생채, 식혜 맛집 !!! 공영주차장 1시간 지원해주심.",61,True,,,,"바쁜데도 친절하세요. 동치미는 국수가 불어있어 아쉽고 무생채, 식혜 맛집 !!! 공영주차장 1시간 지원해주심.",바쁜데도 친절하세요 동치미는 국수가 불어있어 아쉽고 무생채 식혜 맛집 EXCLAM 공영주차장 1시간 지원해주심,0,0,0,0,1,0,1,61,원
naver,소문난성수감자탕,AY77,18.0,2025.12.19,1번째 방문,영수증,약 8-9년 전에 처음 갔었고 그때나 지금이나 줄없이 들어가서 가성비 좋게 먹기 좋은 곳. 분위기는 시장통이고 일하시는 분들 계속 소리질러서 귀 아픔. 절대 기다려서 먹을 맛은 아님.,102,False,,,,약 8-9년 전에 처음 갔었고 그때나 지금이나 줄없이 들어가서 가성비 좋게 먹기 좋은 곳. 분위기는 시장통이고 일하시는 분들 계속 소리질러서 귀 아픔. 절대 기다려서 먹을 맛은 아님.,약 8 9년 전에 처음 갔었고 그때나 지금이나 줄없이 들어가서 가성비 좋게 먹기 좋은 곳 분위기는 시장통이고 일하시는 분들 계속 소리질러서 귀 아픔 절대 기다려서 먹을 맛은 아님,0,0,0,0,0,0,1,102,가성비
naver,홍대 육지,bmw****,4.0,2026.03.22,1번째 방문,영수증,고기의 질이 매우 좋아서 정말 맛있게 식사할 수 있었습니다. 또한 직원분께서 고기를 직접 구워주셔서 더욱 편안하게 즐길 수 있었습니다.,75,True,,,,고기의 질이 매우 좋아서 정말 맛있게 식사할 수 있었습니다. 또한 직원분께서 고기를 직접 구워주셔서 더욱 편안하게 즐길 수 있었습니다.,고기의 질이 매우 좋아서 정말 맛있게 식사할 수 있었습니다 또한 직원분께서 고기를 직접 구워주셔서 더욱 편안하게 즐길 수 있었습니다,0,0,0,0,0,0,0,75,원
kakao,보끔당 성수점,Nature,12.0,2025-08-22,,,"사장님 센스 최고👍🏻 친절함을 넘어서 진정성있는 장사 해주셔서 감사해요:) 테이블이랑 화로 주변도 엄청 깨끗하고, 그냥 가보시면 여기가 왜 장사가 잘 되는지 아실거예요! 장사하실 분들 여기 필수 코습니다🤗직원분들도 너무 좋으시고 진짜 맛도 너무 좋아요!",141,False,5.0,4.7,실버 레벨,"사장님 센스 최고👍🏻 친절함을 넘어서 진정성있는 장사 해주셔서 감사해요:) 테이블이랑 화로 주변도 엄청 깨끗하고, 그냥 가보시면 여기가 왜 장사가 잘 되는지 아실거예요! 장사하실 분들 여기 필수 코습니다🤗직원분들도 너무 좋으시고 진짜 맛도 너무 좋아요!",사장님 센스 최고 EMO_POS 친절함을 넘어서 진정성있는 장사 해주셔서 감사해요 테이블이랑 화로 주변도 엄청 깨끗하고 그냥 가보시면 여기가 왜 장사가 잘 되는지 아실거예요 EXCLAM 장사하실 분들 여기 필수 코습니다 직원분들도 너무 좋으시고 진짜 맛도 너무 좋아요 EXCLAM,1,0,0,0,1,0,0,141,원
naver,쭌곱창,킹킹진,23.0,2026.04.12,1번째 방문,영수증,"홍대에서 곱창 드실거라면 무조건 쭌곱창❤️‍🔥 다른곳가서 어딜가도 먹을 수 있는 메뉴가 아닌 쭌곱창에는 계란찜+고기+곱창이 세트로 있어요! 게다가 치즈 소스와 갈릭 소스, 생크림 파인애플도 사이드로 나와서 같이 먹으면 극락행 탑승 가능합니다 후..❤️‍🔥❤️‍🔥❤️‍🔥 외국인들도 이 리뷰 보고 여기 와서 여기 대박났으면 좋겠어요.. 다른 평범한데 비싸게 받는곳 말구 여기 와서 다음에 올땐 웨이팅 있었으면하는 바램🥵❤️",235,True,,,,"홍대에서 곱창 드실거라면 무조건 쭌곱창❤️‍🔥 다른곳가서 어딜가도 먹을 수 있는 메뉴가 아닌 쭌곱창에는 계란찜+고기+곱창이 세트로 있어요! 게다가 치즈 소스와 갈릭 소스, 생크림 파인애플도 사이드로 나와서 같이 먹으면 극락행 탑승 가능합니다 후..❤️‍🔥❤️‍🔥❤️‍🔥 외국인들도 이 리뷰 보고 여기 와서 여기 대박났으면 좋겠어요.. 다른 평범한데 비싸게 받는곳 말구 여기 와서 다음에 올땐 웨이팅 있었으면하는 바램🥵❤️",홍대에서 곱창 드실거라면 무조건 쭌곱창 EMO_POS EMO_POS 다른곳가서 어딜가도 먹을 수 있는 메뉴가 아닌 쭌곱창에는 계란찜 고기 곱창이 세트로 있어요 EXCLAM 게다가 치즈 소스와 갈릭 소스 생크림 파인애플도 사이드로 나와서 같이 먹으면 극락행 탑승 가능합니다 후 EMO_POS EMO_POS EMO_POS EMO_POS EMO_POS EMO_POS 외국인들도 이 리뷰 보고 여기 와서 여기 대박났으면 좋겠어요 다른 평범한데 비싸게 받는곳 말구 여기 와서 다음에 올땐 웨이팅 있었으면하는 바램 EMO_POS,1,0,0,0,1,0,0,235,비싸
naver,훼미리손칼국수보쌈,jyu****,463.0,2025.07.12,1번째 방문,영수증,어딜 가든 다른 지역에 비해 특출난 음식점이 서울에만 있는 건 아니지만 훼미리손칼국수처럼 끝내주는 구성의 보쌈칼국수집은 어디에서도 본 적 없는 듯 해요 고기 진짜 야들야들 김치가 맛나고 구성에 맞게 칼국수 양도 적당해서 1인 15000원 정식 최고라 생각 들어요 밥집이라 회전빨라서 대기 할 만해요,166,True,,,,어딜 가든 다른 지역에 비해 특출난 음식점이 서울에만 있는 건 아니지만 훼미리손칼국수처럼 끝내주는 구성의 보쌈칼국수집은 어디에서도 본 적 없는 듯 해요 고기 진짜 야들야들 김치가 맛나고 구성에 맞게 칼국수 양도 적당해서 1인 15000원 정식 최고라 생각 들어요 밥집이라 회전빨라서 대기 할 만해요,어딜 가든 다른 지역에 비해 특출난 음식점이 서울에만 있는 건 아니지만 훼미리손칼국수처럼 끝내주는 구성의 보쌈칼국수집은 어디에서도 본 적 없는 듯 해요 고기 진짜 야들야들 김치가 맛나고 구성에 맞게 칼국수 양도 적당해서 1인 15000원 정식 최고라 생각 들어요 밥집이라 회전빨라서 대기 할 만해요,0,0,0,0,0,0,1,166,원
naver,홍대 육지,배고파4990,43.0,2026.02.26,1번째 방문,영수증,고기는 가격에 맞게 엄청나에 질이 좋았고 최근 먹어본 고기 중 휼륭했어요..하지만 볶음밥이 하이라이트였어요 2개나 시킬정도로 너무 맛있었습니다!,80,True,,,,고기는 가격에 맞게 엄청나에 질이 좋았고 최근 먹어본 고기 중 휼륭했어요..하지만 볶음밥이 하이라이트였어요 2개나 시킬정도로 너무 맛있었습니다!,고기는 가격에 맞게 엄청나에 질이 좋았고 최근 먹어본 고기 중 휼륭했어요 하지만 볶음밥이 하이라이트였어요 2개나 시킬정도로 너무 맛있었습니다 EXCLAM,0,0,0,0,1,0,1,80,가격
naver,락희옥 마포본점,ssongssong54,6.0,2025.08.27,1번째 방문,영수증,음식이 정갈하니 맛있고 분위기도 너무 좋아요~~!! 직원분들도 정말 친절하셔서 모임장소로 완전 추천입니다.,59,True,,,,음식이 정갈하니 맛있고 분위기도 너무 좋아요~~!! 직원분들도 정말 친절하셔서 모임장소로 완전 추천입니다.,음식이 정갈하니 맛있고 분위기도 너무 좋아요 TILDE EXCLAM 직원분들도 정말 친절하셔서 모임장소로 완전 추천입니다,0,0,0,0,1,0,0,59,원
naver,을밀대 평양냉면,메메38,87.0,2025.12.19,1번째 방문,예약,"전부터 와보고 싶었는데 주변에서 술약속이 있어 다음날 드디어 왔네요. 물냉면과 양지탕밥을 주문했고, 물냉면은 간이 좀 되어있어 슴슴보다는 강한 맛이었네요. 오히려 양지탕밥이 따뜻해서 그런지 간이 안 되어 있는 느낌이라 소금/후추 간을 좀 해서 먹으면 좋습니다. 면을 풀어보니 양도 많고 시원하고 깊은 감칠맛이 꽤나 디테일하게 나서 끝까지 물리지 않게 먹을 수 있었네요. 고기도 양이 적어서 그렇지 맛도리입니다. 반찬들 중에 김치도 정말 맛있었고 온육수를 기본으로 주시는데 속 풀기엔 제격입니다. 11시 전에 들어와서 기다림 없이 들어왔는데 나올 때 보니 줄이 꽤 길더군요. 다행이었습니다.. 맛있게 잘 먹었습니다~~!!:)",348,True,,,,"전부터 와보고 싶었는데 주변에서 술약속이 있어 다음날 드디어 왔네요. 물냉면과 양지탕밥을 주문했고, 물냉면은 간이 좀 되어있어 슴슴보다는 강한 맛이었네요. 오히려 양지탕밥이 따뜻해서 그런지 간이 안 되어 있는 느낌이라 소금/후추 간을 좀 해서 먹으면 좋습니다. 면을 풀어보니 양도 많고 시원하고 깊은 감칠맛이 꽤나 디테일하게 나서 끝까지 물리지 않게 먹을 수 있었네요. 고기도 양이 적어서 그렇지 맛도리입니다. 반찬들 중에 김치도 정말 맛있었고 온육수를 기본으로 주시는데 속 풀기엔 제격입니다. 11시 전에 들어와서 기다림 없이 들어왔는데 나올 때 보니 줄이 꽤 길더군요. 다행이었습니다.. 맛있게 잘 먹었습니다~~!!:)",전부터 와보고 싶었는데 주변에서 술약속이 있어 다음날 드디어 왔네요 물냉면과 양지탕밥을 주문했고 물냉면은 간이 좀 되어있어 슴슴보다는 강한 맛이었네요 오히려 양지탕밥이 따뜻해서 그런지 간이 안 되어 있는 느낌이라 소금 후추 간을 좀 해서 먹으면 좋습니다 면을 풀어보니 양도 많고 시원하고 깊은 감칠맛이 꽤나 디테일하게 나서 끝까지 물리지 않게 먹을 수 있었네요 고기도 양이 적어서 그렇지 맛도리입니다 반찬들 중에 김치도 정말 맛있었고 온육수를 기본으로 주시는데 속 풀기엔 제격입니다 11시 전에 들어와서 기다림 없이 들어왔는데 나올 때 보니 줄이 꽤 길더군요 다행이었습니다 맛있게 잘 먹었습니다 TILDE EXCLAM,0,0,0,0,1,0,1,348,원
naver,굴다리식당,세도나의 마리포사,641.0,2026.01.25,1번째 방문,영수증,마포 노포 맛집 가성비 좋아요. 다 못먹었지만 양이 엄청 푸짐하네요.,38,True,,,,마포 노포 맛집 가성비 좋아요. 다 못먹었지만 양이 엄청 푸짐하네요.,마포 노포 맛집 가성비 좋아요 다 못먹었지만 양이 엄청 푸짐하네요,0,0,0,0,0,0,0,38,가성비
naver,각시보쌈,시켜줘마포구보안관,102.0,2025.08.15,1번째 방문,영수증,"[마포구 보안관 출동 일지] 사건 번호: 2025-08-15 / Case #F-010 사건 개요: 합정인의 피에는 각시보쌈이 흐른다 현장 기록: 합정동 사람이라면 가봤을 확률 90%, 한 번만 가봤을 확률 0%, 점심이든 저녁이든 항상 북적이는 덴 이유가 있음, 엄마의 손맛과 만원의 행복이 동시에 성립되는 곳 증거물: 각시정식(메뉴판 볼 필요 없음) 특이 사항: 상추 추가 2천원 별도 수사 결과: 합정동의 심리적 안전망",236,True,,,,"[마포구 보안관 출동 일지] 사건 번호: 2025-08-15 / Case #F-010 사건 개요: 합정인의 피에는 각시보쌈이 흐른다 현장 기록: 합정동 사람이라면 가봤을 확률 90%, 한 번만 가봤을 확률 0%, 점심이든 저녁이든 항상 북적이는 덴 이유가 있음, 엄마의 손맛과 만원의 행복이 동시에 성립되는 곳 증거물: 각시정식(메뉴판 볼 필요 없음) 특이 사항: 상추 추가 2천원 별도 수사 결과: 합정동의 심리적 안전망",마포구 보안관 출동 일지 사건 번호 2025 08 15 Case F 010 사건 개요 합정인의 피에는 각시보쌈이 흐른다 현장 기록 합정동 사람이라면 가봤을 확률 90 한 번만 가봤을 확률 0 점심이든 저녁이든 항상 북적이는 덴 이유가 있음 엄마의 손맛과 만원의 행복이 동시에 성립되는 곳 증거물 각시정식 메뉴판 볼 필요 없음 특이 사항 상추 추가 2천원 별도 수사 결과 합정동의 심리적 안전망,0,0,0,0,0,0,1,236,원
naver,장인닭갈비 홍대점,유리배54,17.0,2026.02.12,1번째 방문,영수증,홍대 가면 자주 들르는 곳이에요 맛있고 양도 많고 직원들이 친절해요 야채도 셀프로 먹을 수 있어서 좋아요,58,True,,,,홍대 가면 자주 들르는 곳이에요 맛있고 양도 많고 직원들이 친절해요 야채도 셀프로 먹을 수 있어서 좋아요,홍대 가면 자주 들르는 곳이에요 맛있고 양도 많고 직원들이 친절해요 야채도 셀프로 먹을 수 있어서 좋아요,0,0,0,0,0,0,0,58,원
naver,옥동식,lee****,5.0,2026.03.17,1번째 방문,예약,"3시간 웨이팅 끝에 기대를 많이 하고 들어갔는데, 솔직히 국밥 맛은 기대 이하였습니다. 개인적으로는 동네 프랜차이즈 국밥집이 더 나은 수준이라고 느껴졌습니다. 직원분들은 친절하다기보다는 약간 자기들만의 분위기와 컨셉에 몰입해 있는 느낌이 강했고, 편하게 식사하기에는 다소 거리감이 있었습니다. 요리 프로그램에 나왔다고 해서 줄 서서 먹을 정도의 맛집인지는 잘 모르겠습니다. 긴 웨이팅을 감수하면서까지 다시 방문할 생각은 없습니다.",240,True,,,,"3시간 웨이팅 끝에 기대를 많이 하고 들어갔는데, 솔직히 국밥 맛은 기대 이하였습니다. 개인적으로는 동네 프랜차이즈 국밥집이 더 나은 수준이라고 느껴졌습니다. 직원분들은 친절하다기보다는 약간 자기들만의 분위기와 컨셉에 몰입해 있는 느낌이 강했고, 편하게 식사하기에는 다소 거리감이 있었습니다. 요리 프로그램에 나왔다고 해서 줄 서서 먹을 정도의 맛집인지는 잘 모르겠습니다. 긴 웨이팅을 감수하면서까지 다시 방문할 생각은 없습니다.",3시간 웨이팅 끝에 기대를 많이 하고 들어갔는데 솔직히 국밥 맛은 기대 이하였습니다 개인적으로는 동네 프랜차이즈 국밥집이 더 나은 수준이라고 느껴졌습니다 직원분들은 친절하다기보다는 약간 자기들만의 분위기와 컨셉에 몰입해 있는 느낌이 강했고 편하게 식사하기에는 다소 거리감이 있었습니다 요리 프로그램에 나왔다고 해서 줄 서서 먹을 정도의 맛집인지는 잘 모르겠습니다 긴 웨이팅을 감수하면서까지 다시 방문할 생각은 없습니다,0,0,0,0,0,0,1,240,원
naver,훼미리손칼국수보쌈,반찬하고 밥하고,391.0,2025.04.09,1번째 방문,영수증,1. 시설 노포 갬성 가득 뚝섬역 맛집 주차는 좀 아쉬운편 화장실 깨끗 8~90년대 통기타 음악이 나옴 2. 음식 워낙 알려진 맛집인 만큼 점심시간을 피해 갔어도 절반 정도 손님들이 식사 중 보쌈은 야들야들 촉촉하고 비계에서 비린내 1도 없이 맛있어요 함께 나오는 보쌈김치 짱 입니다 알배추도 깨끗이 씼어 싱싱하게 아삭아삭한 맛이 나구요 칼국수는 진한 사골 국물에 끓여서 인지 정말 국물이 끝내 줍니다 간도 적당하구요 남은 국물에 보리밥 말아 먹으니 든든 합니다 정식 1인 1만5천원이 아깝지 않아요 운전해야해서 소주 반주를 못한게 아쉬웠어요,303,True,,,,1. 시설 노포 갬성 가득 뚝섬역 맛집 주차는 좀 아쉬운편 화장실 깨끗 8~90년대 통기타 음악이 나옴 2. 음식 워낙 알려진 맛집인 만큼 점심시간을 피해 갔어도 절반 정도 손님들이 식사 중 보쌈은 야들야들 촉촉하고 비계에서 비린내 1도 없이 맛있어요 함께 나오는 보쌈김치 짱 입니다 알배추도 깨끗이 씼어 싱싱하게 아삭아삭한 맛이 나구요 칼국수는 진한 사골 국물에 끓여서 인지 정말 국물이 끝내 줍니다 간도 적당하구요 남은 국물에 보리밥 말아 먹으니 든든 합니다 정식 1인 1만5천원이 아깝지 않아요 운전해야해서 소주 반주를 못한게 아쉬웠어요,1 시설 노포 갬성 가득 뚝섬역 맛집 주차는 좀 아쉬운편 화장실 깨끗 8 90년대 통기타 음악이 나옴 2 음식 워낙 알려진 맛집인 만큼 점심시간을 피해 갔어도 절반 정도 손님들이 식사 중 보쌈은 야들야들 촉촉하고 비계에서 비린내 1도 없이 맛있어요 함께 나오는 보쌈김치 짱 입니다 알배추도 깨끗이 씼어 싱싱하게 아삭아삭한 맛이 나구요 칼국수는 진한 사골 국물에 끓여서 인지 정말 국물이 끝내 줍니다 간도 적당하구요 남은 국물에 보리밥 말아 먹으니 든든 합니다 정식 1인 1만5천원이 아깝지 않아요 운전해야해서 소주 반주를 못한게 아쉬웠어요,0,0,0,0,0,0,1,303,"원, 아깝"
kakao,홍대 조선시대,이유은,1.0,2026-01-14,,,막걸리도 너무너무 맛잇구 분위기두 좋아용 직원분들도 너무너무❤️ 친절하세용,41,True,5.0,5.0,브론즈 레벨,막걸리도 너무너무 맛잇구 분위기두 좋아용 직원분들도 너무너무❤️ 친절하세용,막걸리도 너무너무 맛잇구 분위기두 좋아용 직원분들도 너무너무 EMO_POS 친절하세용,1,0,0,0,0,0,0,41,원
kakao,각시보쌈,토끼공듀,128.0,2026-04-27,,,런치 정식 가성비 말이 안됨. 다른 곳이면 최소 2배 이상 받았음. 다만 맛이 엄청 훌륭한건 아닌 괜찮은 정도.,62,True,3.0,2.5,실버 레벨,런치 정식 가성비 말이 안됨. 다른 곳이면 최소 2배 이상 받았음. 다만 맛이 엄청 훌륭한건 아닌 괜찮은 정도.,런치 정식 가성비 말이 안됨 다른 곳이면 최소 2배 이상 받았음 다만 맛이 엄청 훌륭한건 아닌 괜찮은 정도,0,0,0,0,0,0,1,62,가성비
kakao,홍대 조선시대,숭이,12.0,2025-12-25,,,맛있구~~~~~ 가성비도 좋구~~~~ 넓어서 웨이팅있어도 빨리 빠지고! 그리고 분위기며뭐며너무좋아요구냥 소주한병에 5천원이하인 서울술집은 흔치않다… 메뉴도 다양하고 친절하시고! 무엇보다 앉아있는 곳이 있어서 좋아요 …,121,False,5.0,2.9,브론즈 레벨,맛있구~~~~~ 가성비도 좋구~~~~ 넓어서 웨이팅있어도 빨리 빠지고! 그리고 분위기며뭐며너무좋아요구냥 소주한병에 5천원이하인 서울술집은 흔치않다… 메뉴도 다양하고 친절하시고! 무엇보다 앉아있는 곳이 있어서 좋아요 …,맛있구 TILDE 가성비도 좋구 TILDE 넓어서 웨이팅있어도 빨리 빠지고 EXCLAM 그리고 분위기며뭐며너무좋아요구냥 소주한병에 5천원이하인 서울술집은 흔치않다 메뉴도 다양하고 친절하시고 EXCLAM 무엇보다 앉아있는 곳이 있어서 좋아요,0,0,0,0,1,0,1,121,"가성비, 원"
naver,조선시대,qw5****,2.0,2026.03.13,1번째 방문,영수증,김치 칼칼함이 돈까스의 느끼함을 잘 잡아줘서 조합이 좋았어용 너무 맛있어서 술은 손도 거의 안댔어요..,57,True,,,,김치 칼칼함이 돈까스의 느끼함을 잘 잡아줘서 조합이 좋았어용 너무 맛있어서 술은 손도 거의 안댔어요..,김치 칼칼함이 돈까스의 느끼함을 잘 잡아줘서 조합이 좋았어용 너무 맛있어서 술은 손도 거의 안댔어요,0,0,0,0,0,0,0,57,돈
naver,옥동식,bestibest,560.0,2025.07.29,1번째 방문,영수증,음식이 맛있고 직원분들이 친절합니다.,20,True,,,,음식이 맛있고 직원분들이 친절합니다.,음식이 맛있고 직원분들이 친절합니다,0,0,0,0,0,0,0,20,원
naver,훼미리손칼국수보쌈,Dominic92,12.0,2026.05.09,1번째 방문,영수증,오랜만에 방문했는데 엄청 불친절 하네요. 전반적으로 모든 직원이 불친절 합니다. 여기는 손님에게 반말이 기본인가요? 김치는 테이블에 던지고 배추좀 더 달라고 했더니 대꾸도 안하고 나중에 와서는 자기 서빙할때는 말하지 말라고 하네요. 정식에 나온 고기는 일부가 완전 지방 덩어리로 나왔습니다. 옛날엔 엄청난 맛집은 아니어도 푸짐하고 친절한 맛에 종종 방문했는데 이젠 다시 방문하거나 추천할일 없겠네요. 오랜만에 최악의 식당을 경험했습니다.,244,True,,,,오랜만에 방문했는데 엄청 불친절 하네요. 전반적으로 모든 직원이 불친절 합니다. 여기는 손님에게 반말이 기본인가요? 김치는 테이블에 던지고 배추좀 더 달라고 했더니 대꾸도 안하고 나중에 와서는 자기 서빙할때는 말하지 말라고 하네요. 정식에 나온 고기는 일부가 완전 지방 덩어리로 나왔습니다. 옛날엔 엄청난 맛집은 아니어도 푸짐하고 친절한 맛에 종종 방문했는데 이젠 다시 방문하거나 추천할일 없겠네요. 오랜만에 최악의 식당을 경험했습니다.,오랜만에 방문했는데 엄청 불친절 하네요 전반적으로 모든 직원이 불친절 합니다 여기는 손님에게 반말이 기본인가요 QUESTION 김치는 테이블에 던지고 배추좀 더 달라고 했더니 대꾸도 안하고 나중에 와서는 자기 서빙할때는 말하지 말라고 하네요 정식에 나온 고기는 일부가 완전 지방 덩어리로 나왔습니다 옛날엔 엄청난 맛집은 아니어도 푸짐하고 친절한 맛에 종종 방문했는데 이젠 다시 방문하거나 추천할일 없겠네요 오랜만에 최악의 식당을 경험했습니다,0,0,0,0,0,1,0,244,원
naver,황금콩밭,하이 하와,26.0,2026.03.16,1번째 방문,영수증,11시40분에 도착했는데 웨이팅 번호가 18번 이었다 맛집이군 !! 사실 티비에서 보고 소쿠리두부랑 짜글이 먹어보려고 갔는데 후기보고. 청국장이랑 두부부침으로 시켰다. 짜글이도 궁금했고~ 50분정도 기다린후 입장!!! 반찬 그냥보통/ 청국장은 맛있고/ 짜글이는 기대이하라 다 남김. 아까비~/두부부침 부들부들 고소하니 맛있음 그러나 두조각먹으니 느끼함 두부맛집은. 확실하다!!! 두부만 꼭 먹으보면 좋을듯♡♡♡ 근데 시간 돈 모든걸 쓰기엔 아까운듯 해요,253,True,,,,11시40분에 도착했는데 웨이팅 번호가 18번 이었다 맛집이군 !! 사실 티비에서 보고 소쿠리두부랑 짜글이 먹어보려고 갔는데 후기보고. 청국장이랑 두부부침으로 시켰다. 짜글이도 궁금했고~ 50분정도 기다린후 입장!!! 반찬 그냥보통/ 청국장은 맛있고/ 짜글이는 기대이하라 다 남김. 아까비~/두부부침 부들부들 고소하니 맛있음 그러나 두조각먹으니 느끼함 두부맛집은. 확실하다!!! 두부만 꼭 먹으보면 좋을듯♡♡♡ 근데 시간 돈 모든걸 쓰기엔 아까운듯 해요,11시40분에 도착했는데 웨이팅 번호가 18번 이었다 맛집이군 EXCLAM 사실 티비에서 보고 소쿠리두부랑 짜글이 먹어보려고 갔는데 후기보고 청국장이랑 두부부침으로 시켰다 짜글이도 궁금했고 50분정도 기다린후 입장 EXCLAM 반찬 그냥보통 청국장은 맛있고 짜글이는 기대이하라 다 남김 아까비 두부부침 부들부들 고소하니 맛있음 그러나 두조각먹으니 느끼함 두부맛집은 확실하다 EXCLAM 두부만 꼭 먹으보면 좋을듯 EMO_POS EMO_POS EMO_POS 근데 시간 돈 모든걸 쓰기엔 아까운듯 해요,1,0,0,0,1,0,1,253,돈
naver,금금 성수점,보라색54,26.0,2026.02.23,1번째 방문,영수증,처음 방문했는데 음식이 맛있고 매장도 깔끔하고 직원분도 너무 친절하세용😊,40,True,,,,처음 방문했는데 음식이 맛있고 매장도 깔끔하고 직원분도 너무 친절하세용😊,처음 방문했는데 음식이 맛있고 매장도 깔끔하고 직원분도 너무 친절하세용 EMO_POS,1,0,0,0,0,0,0,40,원
naver,쭌곱창,Ances,6.0,2026.04.11,1번째 방문,영수증,쭌곱창에서 식사하고 너무 만족했어요! 곱창이 잡내 없이 고소하고 정말 맛있었습니다 😊 직원분들도 친절해서 기분 좋게 먹었어요. 양도 푸짐해서 가성비도 좋은 것 같아요! 다음에 또 방문하고 싶은 맛집입니다 👍,115,True,,,,쭌곱창에서 식사하고 너무 만족했어요! 곱창이 잡내 없이 고소하고 정말 맛있었습니다 😊 직원분들도 친절해서 기분 좋게 먹었어요. 양도 푸짐해서 가성비도 좋은 것 같아요! 다음에 또 방문하고 싶은 맛집입니다 👍,쭌곱창에서 식사하고 너무 만족했어요 EXCLAM 곱창이 잡내 없이 고소하고 정말 맛있었습니다 EMO_POS 직원분들도 친절해서 기분 좋게 먹었어요 양도 푸짐해서 가성비도 좋은 것 같아요 EXCLAM 다음에 또 방문하고 싶은 맛집입니다 EMO_POS,1,0,0,0,1,0,0,115,"가성비, 원"
naver,홍대 육지,JUDA47,63.0,2026.02.05,1번째 방문,영수증,"돈대라는 부위는 처음 먹어봤는데 한정수량이라서 그런지 진짜 존맛탱이에요 ,, ㅠㅠㅠㅠㅠㅠ 입에서 살살녹고 육향도 진하고 이때까지 먹은 고기 중 탑에 듭니다!!! 고기도 다 구워주시고 넘 친절하셔서 즐거운 식사였습니당 ❤️",123,True,,,,"돈대라는 부위는 처음 먹어봤는데 한정수량이라서 그런지 진짜 존맛탱이에요 ,, ㅠㅠㅠㅠㅠㅠ 입에서 살살녹고 육향도 진하고 이때까지 먹은 고기 중 탑에 듭니다!!! 고기도 다 구워주시고 넘 친절하셔서 즐거운 식사였습니당 ❤️",돈대라는 부위는 처음 먹어봤는데 한정수량이라서 그런지 진짜 존맛탱이에요 입에서 살살녹고 육향도 진하고 이때까지 먹은 고기 중 탑에 듭니다 EXCLAM 고기도 다 구워주시고 넘 친절하셔서 즐거운 식사였습니당 EMO_POS,1,0,0,1,1,0,0,123,돈
kakao,육지,고윤영,2.0,2025-09-14,,,"친구들과 합정 근처 고깃집 찾다가 리뷰가 좋길래 방문했어요! 직원분이 무척 친절하시고 직접 구워주셔서 편했어요. 일단 비주얼부터 최고고, 육즙이 넘쳐서 정말 맛있었어요~!",95,True,5.0,5.0,브론즈 레벨,"친구들과 합정 근처 고깃집 찾다가 리뷰가 좋길래 방문했어요! 직원분이 무척 친절하시고 직접 구워주셔서 편했어요. 일단 비주얼부터 최고고, 육즙이 넘쳐서 정말 맛있었어요~!",친구들과 합정 근처 고깃집 찾다가 리뷰가 좋길래 방문했어요 EXCLAM 직원분이 무척 친절하시고 직접 구워주셔서 편했어요 일단 비주얼부터 최고고 육즙이 넘쳐서 정말 맛있었어요 EXCLAM,0,0,0,0,1,0,0,95,원
kakao,할머니의레시피,흐음,13.0,2025-08-26,,,맛은 잇는데 비쌈 ㅠㅠ,12,False,3.0,2.6,실버 레벨,맛은 잇는데 비쌈 ㅠㅠ,맛은 잇는데 비쌈,0,0,0,1,0,0,0,12,비쌈
naver,능동미나리 성수지점,POUTINE,139.0,2025.11.15,1번째 방문,영수증,육회비빔밥 곰탕 둘 다 맛있어요 하나만 고르자면 육회비빔밥이 좀 더 좋았네요 국도 따로 나오고 육회랑 미나리 향이 잘 어울려서 좋았어요 수육은 가격대비 양이 좀 적은 느낌이었어요,99,True,,,,육회비빔밥 곰탕 둘 다 맛있어요 하나만 고르자면 육회비빔밥이 좀 더 좋았네요 국도 따로 나오고 육회랑 미나리 향이 잘 어울려서 좋았어요 수육은 가격대비 양이 좀 적은 느낌이었어요,육회비빔밥 곰탕 둘 다 맛있어요 하나만 고르자면 육회비빔밥이 좀 더 좋았네요 국도 따로 나오고 육회랑 미나리 향이 잘 어울려서 좋았어요 수육은 가격대비 양이 좀 적은 느낌이었어요,0,0,0,0,0,0,0,99,"가격, 가격대"
kakao,할머니의레시피,JVKE,371.0,2025-10-12,,,"숨뼈국, 비빔밥불고기정식, 한우떡갈비정식 먹었는데 숨뼈국은 그냥저냥인데 반찬인 가자미는 구워놨다 다시 데운 것처럼 바짝 말라서 최악이었고 비빔밥불고기는 예상한 그맛으로 괜찮았으며 떡갈비도 보통인데 소고기라 그런가 약간 뻑뻑한 느낌. 전체적으로 약간 가격이 있는 편이지만 장소를 생각하면 이해할 수 있는 수준임.",173,False,3.0,3.3,골드 레벨,"숨뼈국, 비빔밥불고기정식, 한우떡갈비정식 먹었는데 숨뼈국은 그냥저냥인데 반찬인 가자미는 구워놨다 다시 데운 것처럼 바짝 말라서 최악이었고 비빔밥불고기는 예상한 그맛으로 괜찮았으며 떡갈비도 보통인데 소고기라 그런가 약간 뻑뻑한 느낌. 전체적으로 약간 가격이 있는 편이지만 장소를 생각하면 이해할 수 있는 수준임.",숨뼈국 비빔밥불고기정식 한우떡갈비정식 먹었는데 숨뼈국은 그냥저냥인데 반찬인 가자미는 구워놨다 다시 데운 것처럼 바짝 말라서 최악이었고 비빔밥불고기는 예상한 그맛으로 괜찮았으며 떡갈비도 보통인데 소고기라 그런가 약간 뻑뻑한 느낌 전체적으로 약간 가격이 있는 편이지만 장소를 생각하면 이해할 수 있는 수준임,0,0,0,0,0,0,0,173,가격
naver,뼈탄집 성수역점,ddao****,12.0,2026.04.09,1번째 방문,영수증,고기 퀄리티가 정말 좋아서 한입 먹자마자 만족!! 고기도 부드럽고 잡내 없이 깔끔하더라구요~ 매장 분위기가 좋아 데이트 장소로도 추천이랍니다💕 직원분들도 친절하셔서 기분 좋게 식사하고 왔습니다 재방문 의사 완전 있어요!,122,True,,,,고기 퀄리티가 정말 좋아서 한입 먹자마자 만족!! 고기도 부드럽고 잡내 없이 깔끔하더라구요~ 매장 분위기가 좋아 데이트 장소로도 추천이랍니다💕 직원분들도 친절하셔서 기분 좋게 식사하고 왔습니다 재방문 의사 완전 있어요!,고기 퀄리티가 정말 좋아서 한입 먹자마자 만족 EXCLAM 고기도 부드럽고 잡내 없이 깔끔하더라구요 매장 분위기가 좋아 데이트 장소로도 추천이랍니다 EMO_POS 직원분들도 친절하셔서 기분 좋게 식사하고 왔습니다 재방문 의사 완전 있어요 EXCLAM,1,0,0,0,1,0,0,122,원
kakao,홍대 조선시대,민선,1.0,2025-12-21,,,친구들이랑 오랜만에 만나는건데 이런 좋은곳에 올 수 있어서 너무 좋아요 음식은 말해뭐해고 직원분들 너무 친절하세요 잘 먹고 갈수있을거같아요,77,True,5.0,5.0,브론즈 레벨,친구들이랑 오랜만에 만나는건데 이런 좋은곳에 올 수 있어서 너무 좋아요 음식은 말해뭐해고 직원분들 너무 친절하세요 잘 먹고 갈수있을거같아요,친구들이랑 오랜만에 만나는건데 이런 좋은곳에 올 수 있어서 너무 좋아요 음식은 말해뭐해고 직원분들 너무 친절하세요 잘 먹고 갈수있을거같아요,0,0,0,0,0,0,0,77,원
naver,육산장 홍대본점,최제윤,46.0,2026.04.11,1번째 방문,영수증,요새 날씨도 좋아서 바깥에서 먹으니 기분도 좋고 시원하네요 서비스도 좋아요~,42,True,,,,요새 날씨도 좋아서 바깥에서 먹으니 기분도 좋고 시원하네요 서비스도 좋아요~,요새 날씨도 좋아서 바깥에서 먹으니 기분도 좋고 시원하네요 서비스도 좋아요,0,0,0,0,0,0,0,42,원
kakao,을밀대 본점,치치한 치치,6.0,2025-04-21,,,"일요일 오후에 웨이팅 30분 기다렸어요. 우래옥, 필동면옥, 남포면옥보다 더 심심해요. 냉면에 얼음이 있어 여름에 더 맛있을 것 같아요. 녹두전은 개인적으로 1.3 가격에는 못 미친다고 봅니다. 그냥 집에서 만든 것보다 조금 맛있는 정도… 8천원 정도면 딱 좋을텐데.. 물냉은 개인적으로 5번 이상 먹어봐야 맛이 느껴질 거 에요. 사실 저도 4번 째 먹고 나서 맛을 느껴서 ㅎ 그전까진 해장으로 먹은..",225,False,3.0,3.2,브론즈 레벨,"일요일 오후에 웨이팅 30분 기다렸어요. 우래옥, 필동면옥, 남포면옥보다 더 심심해요. 냉면에 얼음이 있어 여름에 더 맛있을 것 같아요. 녹두전은 개인적으로 1.3 가격에는 못 미친다고 봅니다. 그냥 집에서 만든 것보다 조금 맛있는 정도… 8천원 정도면 딱 좋을텐데.. 물냉은 개인적으로 5번 이상 먹어봐야 맛이 느껴질 거 에요. 사실 저도 4번 째 먹고 나서 맛을 느껴서 ㅎ 그전까진 해장으로 먹은..",일요일 오후에 웨이팅 30분 기다렸어요 우래옥 필동면옥 남포면옥보다 더 심심해요 냉면에 얼음이 있어 여름에 더 맛있을 것 같아요 녹두전은 개인적으로 1 3 가격에는 못 미친다고 봅니다 그냥 집에서 만든 것보다 조금 맛있는 정도 8천원 정도면 딱 좋을텐데 물냉은 개인적으로 5번 이상 먹어봐야 맛이 느껴질 거 에요 사실 저도 4번 째 먹고 나서 맛을 느껴서 그전까진 해장으로 먹은,0,0,0,0,0,0,1,225,"가격, 원"
naver,홍대 육지,고즈니,379.0,2026.04.09,1번째 방문,영수증,"홍대 돈대갈비가 맛있는 고기 맛집이에요~! 엄청난 육향과 두툼한 고기가 정말 맛있는데 점심, 저녁 항상 인기 많은 맛집이에요. 돈대갈비 완전 추천✨✨ 웨이팅은 캐치테이블로 가능하니깐 메인 식사 시간에 방문하신다면 미리 원격 웨이팅 필수입니다!",135,True,,,,"홍대 돈대갈비가 맛있는 고기 맛집이에요~! 엄청난 육향과 두툼한 고기가 정말 맛있는데 점심, 저녁 항상 인기 많은 맛집이에요. 돈대갈비 완전 추천✨✨ 웨이팅은 캐치테이블로 가능하니깐 메인 식사 시간에 방문하신다면 미리 원격 웨이팅 필수입니다!",홍대 돈대갈비가 맛있는 고기 맛집이에요 EXCLAM 엄청난 육향과 두툼한 고기가 정말 맛있는데 점심 저녁 항상 인기 많은 맛집이에요 돈대갈비 완전 추천 EMO_POS EMO_POS 웨이팅은 캐치테이블로 가능하니깐 메인 식사 시간에 방문하신다면 미리 원격 웨이팅 필수입니다 EXCLAM,1,0,0,0,1,0,0,135,"돈, 원"
naver,장인닭갈비 홍대점,muk11,52.0,2026.04.30,1번째 방문,영수증,음식은 맛있는데 직원들 서비스가 별로에요 반찬이 셀프면 셀프라고 처음부터 미리 알려주셔야죠 응대도 별로고,58,False,,,,음식은 맛있는데 직원들 서비스가 별로에요 반찬이 셀프면 셀프라고 처음부터 미리 알려주셔야죠 응대도 별로고,음식은 맛있는데 직원들 서비스가 별로에요 반찬이 셀프면 셀프라고 처음부터 미리 알려주셔야죠 응대도 별로고,0,0,0,0,0,0,0,58,원
kakao,이태리국시 성수,🤔,1.0,2026-04-27,,,오픈시간 맞춰 가서 대기 시간 없이 바로 입장하였습니다. 분위기도 좋고 음식이 깔끔하고 맛있어요~대창숯불파스타는 정말 원픽입니다^^ 알배추샐러드랑 뇨끼 청량불고기파스타 다 맛있게 잘 먹었습니다.,108,True,5.0,5.0,브론즈 레벨,오픈시간 맞춰 가서 대기 시간 없이 바로 입장하였습니다. 분위기도 좋고 음식이 깔끔하고 맛있어요~대창숯불파스타는 정말 원픽입니다^^ 알배추샐러드랑 뇨끼 청량불고기파스타 다 맛있게 잘 먹었습니다.,오픈시간 맞춰 가서 대기 시간 없이 바로 입장하였습니다 분위기도 좋고 음식이 깔끔하고 맛있어요 대창숯불파스타는 정말 원픽입니다 알배추샐러드랑 뇨끼 청량불고기파스타 다 맛있게 잘 먹었습니다,0,0,0,0,0,0,0,108,원
kakao,원조조박집 본관,느슨노,718.0,2025-05-29,,,"10번 이상 방문. 심할때는 1시간 이상 웨이팅 필요한 맛집. 기본반찬, 동치미국수 등 구성도 훌륭하고 직원들의 자동화된 시스템으로 운영. 무엇보다 고기맛있고 구워주심.",94,False,5.0,5.0,골드 레벨,"10번 이상 방문. 심할때는 1시간 이상 웨이팅 필요한 맛집. 기본반찬, 동치미국수 등 구성도 훌륭하고 직원들의 자동화된 시스템으로 운영. 무엇보다 고기맛있고 구워주심.",10번 이상 방문 심할때는 1시간 이상 웨이팅 필요한 맛집 기본반찬 동치미국수 등 구성도 훌륭하고 직원들의 자동화된 시스템으로 운영 무엇보다 고기맛있고 구워주심,0,0,0,0,0,0,1,94,원
naver,홍대 육지,김민주1880,32.0,2026.04.11,1번째 방문,영수증,고기 구워주셔서 편하고 맛이 맛있었어요! 직원분들도 친절하셔서 다음에도 또 올만한 맛집인거 같아요! 고기는 제 고기 top3집에 등극할 정도로 맛있었어요!!,87,True,,,,고기 구워주셔서 편하고 맛이 맛있었어요! 직원분들도 친절하셔서 다음에도 또 올만한 맛집인거 같아요! 고기는 제 고기 top3집에 등극할 정도로 맛있었어요!!,고기 구워주셔서 편하고 맛이 맛있었어요 EXCLAM 직원분들도 친절하셔서 다음에도 또 올만한 맛집인거 같아요 EXCLAM 고기는 제 고기 top3집에 등극할 정도로 맛있었어요 EXCLAM,0,0,0,0,1,0,1,87,원
naver,일등식당,백수인,1607.0,2025.05.25,2번째 방문,영수증,"해장으로 뭘 먹을까 고민했습니다. 여의도 원해장국 무교동 북어국집 둘 중에 하나 가려다가 급 선회해서 4일 만에 다시 일등 식당 방문해 봅니다. 맛없다고 후기 남기는 분 계시던데 아마 그분들은 성수 감자탕이나 한남동 감자탕 좋아하실 거예요 용산 일미 감자탕(본점 추천) 좋아하시는 분이라면 그 대체제로 망원동 일등 식당 또한 좋아하실 듯 일요일 아침 오픈 시간 8시 30분에 도착했는데 제 앞에 20명 정도 있었어요 집에 가려다가 그냥 40분 기다려서 특 사이즈로 주문. ""맛있습니다"" 당분간 사람들 붐빌 걸로 예상되니 시간 좀 지나면 방문해 보세요",307,True,,,,"해장으로 뭘 먹을까 고민했습니다. 여의도 원해장국 무교동 북어국집 둘 중에 하나 가려다가 급 선회해서 4일 만에 다시 일등 식당 방문해 봅니다. 맛없다고 후기 남기는 분 계시던데 아마 그분들은 성수 감자탕이나 한남동 감자탕 좋아하실 거예요 용산 일미 감자탕(본점 추천) 좋아하시는 분이라면 그 대체제로 망원동 일등 식당 또한 좋아하실 듯 일요일 아침 오픈 시간 8시 30분에 도착했는데 제 앞에 20명 정도 있었어요 집에 가려다가 그냥 40분 기다려서 특 사이즈로 주문. ""맛있습니다"" 당분간 사람들 붐빌 걸로 예상되니 시간 좀 지나면 방문해 보세요",해장으로 뭘 먹을까 고민했습니다 여의도 원해장국 무교동 북어국집 둘 중에 하나 가려다가 급 선회해서 4일 만에 다시 일등 식당 방문해 봅니다 맛없다고 후기 남기는 분 계시던데 아마 그분들은 성수 감자탕이나 한남동 감자탕 좋아하실 거예요 용산 일미 감자탕 본점 추천 좋아하시는 분이라면 그 대체제로 망원동 일등 식당 또한 좋아하실 듯 일요일 아침 오픈 시간 8시 30분에 도착했는데 제 앞에 20명 정도 있었어요 집에 가려다가 그냥 40분 기다려서 특 사이즈로 주문 맛있습니다 당분간 사람들 붐빌 걸로 예상되니 시간 좀 지나면 방문해 보세요,0,0,0,0,0,0,1,307,원
naver,을밀대 평양냉면,S보리형아2,515.0,2025.10.12,1번째 방문,영수증,가격은 너무나 올랐지만 평양냉면 맛집은 맞아요 삼삼한 맛에 먹기 좋음!!,40,True,,,,가격은 너무나 올랐지만 평양냉면 맛집은 맞아요 삼삼한 맛에 먹기 좋음!!,가격은 너무나 올랐지만 평양냉면 맛집은 맞아요 삼삼한 맛에 먹기 좋음 EXCLAM,0,0,0,0,1,0,0,40,가격
naver,훼미리손칼국수보쌈,망그러진롱자,448.0,2025.05.23,1번째 방문,영수증,"금요일 평일기준 11:05분쯤 도착하여 11:20쯤 들어갔습니다. 줄이 이미 좀 있었고, 오픈전까지 저희 뒤로 줄을 엄청 섰어요. 회사 점심시간이라 여럿이 오신 분들도 많았구요. 다행히 오픈시간 조금 전부터 들어가게 해주시더라구요. 밑반찬이 나온 후, 보쌈 먼저 나왔고 보쌈무김치가 아주 맛있었어요. 고기도 야들하고 질기지 않았구요. 칼국수는 국물이 사골처럼 부드러우면서도 시원했어요. 제공해주신 밥 양이 조금 적나? 싶었는데 먹다보면 배불러요 ㅋㅋ 밑반찬이나 배추는 리필 가능했구요. 10명 이상은 예약하면 대기 안하고 입장 가능해보였어요. 그리고 입장인원이 다 시간맞춰 안오면 대기해야합니다. 꼭 시간맞추세요^^ 아무래도 대기가 많다보니 그렇게 하시는듯해요.",370,True,,,,"금요일 평일기준 11:05분쯤 도착하여 11:20쯤 들어갔습니다. 줄이 이미 좀 있었고, 오픈전까지 저희 뒤로 줄을 엄청 섰어요. 회사 점심시간이라 여럿이 오신 분들도 많았구요. 다행히 오픈시간 조금 전부터 들어가게 해주시더라구요. 밑반찬이 나온 후, 보쌈 먼저 나왔고 보쌈무김치가 아주 맛있었어요. 고기도 야들하고 질기지 않았구요. 칼국수는 국물이 사골처럼 부드러우면서도 시원했어요. 제공해주신 밥 양이 조금 적나? 싶었는데 먹다보면 배불러요 ㅋㅋ 밑반찬이나 배추는 리필 가능했구요. 10명 이상은 예약하면 대기 안하고 입장 가능해보였어요. 그리고 입장인원이 다 시간맞춰 안오면 대기해야합니다. 꼭 시간맞추세요^^ 아무래도 대기가 많다보니 그렇게 하시는듯해요.",금요일 평일기준 11 05분쯤 도착하여 11 20쯤 들어갔습니다 줄이 이미 좀 있었고 오픈전까지 저희 뒤로 줄을 엄청 섰어요 회사 점심시간이라 여럿이 오신 분들도 많았구요 다행히 오픈시간 조금 전부터 들어가게 해주시더라구요 밑반찬이 나온 후 보쌈 먼저 나왔고 보쌈무김치가 아주 맛있었어요 고기도 야들하고 질기지 않았구요 칼국수는 국물이 사골처럼 부드러우면서도 시원했어요 제공해주신 밥 양이 조금 적나 QUESTION 싶었는데 먹다보면 배불러요 밑반찬이나 배추는 리필 가능했구요 10명 이상은 예약하면 대기 안하고 입장 가능해보였어요 그리고 입장인원이 다 시간맞춰 안오면 대기해야합니다 꼭 시간맞추세요 아무래도 대기가 많다보니 그렇게 하시는듯해요,0,0,0,0,0,1,1,370,원
naver,옥동식,ureternity,57.0,2025.06.23,1번째 방문,영수증,원래 이런 맑은 국물에 얇은 고기가 올라가는 국밥을 좋아하는데 흔하게 파는 스타일의 국밥은 아니어서 찾아다니면서 먹어야 하거든요… 매장이 넓은 편은 아니어서 웨이팅 걸고도 한 시간은 기다렸는데 딱 제가 좋아하는 국밥이어서 좋았어요!! 전에도 한 번 오고 이번이 두 번째 방문인데 앞으로도 종종 오게 될 것 같아요,174,True,,,,원래 이런 맑은 국물에 얇은 고기가 올라가는 국밥을 좋아하는데 흔하게 파는 스타일의 국밥은 아니어서 찾아다니면서 먹어야 하거든요… 매장이 넓은 편은 아니어서 웨이팅 걸고도 한 시간은 기다렸는데 딱 제가 좋아하는 국밥이어서 좋았어요!! 전에도 한 번 오고 이번이 두 번째 방문인데 앞으로도 종종 오게 될 것 같아요,원래 이런 맑은 국물에 얇은 고기가 올라가는 국밥을 좋아하는데 흔하게 파는 스타일의 국밥은 아니어서 찾아다니면서 먹어야 하거든요 매장이 넓은 편은 아니어서 웨이팅 걸고도 한 시간은 기다렸는데 딱 제가 좋아하는 국밥이어서 좋았어요 EXCLAM 전에도 한 번 오고 이번이 두 번째 방문인데 앞으로도 종종 오게 될 것 같아요,0,0,0,0,1,0,0,174,원
naver,금금 성수점,꾸러기3366,25.0,2026.03.26,1번째 방문,영수증,맛있고 분위기 좋아요~ 직원분도 넘 친절해요^^,26,True,,,,맛있고 분위기 좋아요~ 직원분도 넘 친절해요^^,맛있고 분위기 좋아요 직원분도 넘 친절해요,0,0,0,0,0,0,0,26,원
kakao,굴다리식당,그냥짱쎈블로거,288.0,2026-04-19,,,"10,000원이라는 가격 책정에 분노가 끓어오르는 퀄리티와 맛.. 전체적인 음식들을 노포 감성이라고 치부하기에는 너무 .. 너무너무 맛이 없어요 정말 심각합니다.. 이걸 먹고 맛있다고 하는 사람들은 대체 뭘 드시고 살아계시는건지 ㄹㅇ 아무리 생각해도 이해불가임... 김치찌개도 김치 + 고기 + 국물이 끝인데 일반 고깃집 가면 서비스로 나오는 된찌가 훨씬 맛있습니다. 제육볶음은 이걸 제육볶음이라고 부르는 게 범죄라고 느껴질 정도로 겁나 질기고 퍽퍽합니다. 그냥 씨유에서 컵라면에 삼김만 먹어도 이거보단 만족스러울 것 같습니다. 이게 대체 어디서 들여온 고기일까요 사장님..??? 다른 건 몰라도 고기라도 바꾸세요 제발.. 맛: 분위기:⭐️ 친철함:⭐️",365,False,1.0,4.0,골드 레벨,"10,000원이라는 가격 책정에 분노가 끓어오르는 퀄리티와 맛.. 전체적인 음식들을 노포 감성이라고 치부하기에는 너무 .. 너무너무 맛이 없어요 정말 심각합니다.. 이걸 먹고 맛있다고 하는 사람들은 대체 뭘 드시고 살아계시는건지 ㄹㅇ 아무리 생각해도 이해불가임... 김치찌개도 김치 + 고기 + 국물이 끝인데 일반 고깃집 가면 서비스로 나오는 된찌가 훨씬 맛있습니다. 제육볶음은 이걸 제육볶음이라고 부르는 게 범죄라고 느껴질 정도로 겁나 질기고 퍽퍽합니다. 그냥 씨유에서 컵라면에 삼김만 먹어도 이거보단 만족스러울 것 같습니다. 이게 대체 어디서 들여온 고기일까요 사장님..??? 다른 건 몰라도 고기라도 바꾸세요 제발.. 맛: 분위기:⭐️ 친철함:⭐️",10 000원이라는 가격 책정에 분노가 끓어오르는 퀄리티와 맛 전체적인 음식들을 노포 감성이라고 치부하기에는 너무 너무너무 맛이 없어요 정말 심각합니다 이걸 먹고 맛있다고 하는 사람들은 대체 뭘 드시고 살아계시는건지 아무리 생각해도 이해불가임 김치찌개도 김치 고기 국물이 끝인데 일반 고깃집 가면 서비스로 나오는 된찌가 훨씬 맛있습니다 제육볶음은 이걸 제육볶음이라고 부르는 게 범죄라고 느껴질 정도로 겁나 질기고 퍽퍽합니다 그냥 씨유에서 컵라면에 삼김만 먹어도 이거보단 만족스러울 것 같습니다 이게 대체 어디서 들여온 고기일까요 사장님 QUESTION 다른 건 몰라도 고기라도 바꾸세요 제발 맛 분위기 친철함,0,0,0,0,0,1,1,365,"가격, 원"
kakao,능동미나리 성수점,마포걷달,710.0,2025-02-08,,,"팩트체크\ “호기심에 한 번 정도는 좋은” 맛 미나리채가 ‘곰탕’ 위에 걸쳐 있을 줄 알았는데, 미나리를 잘게잘게 썰어 마치 ‘개구리밥’처럼 곰탕 수면 위를 뒤덮었습니다. 뷰는 강력하네요. 잘게 썬 미나리가 자연스럽게 국물과 함께 떠져 입속으로 들어갑니다. 입속에서 씹혀 목구멍을 타고 넘어가면, 미나리의 향내가 입안을 가득 채웁니다. 자칫 곰탕 고유의 푹 고운 맛이 가려지기도 하네요. 이건 호불호가 될 수도 있을 것 같습니다. 고기의 질은 최상급, 아주 훌륭합니다. 전반적으로 곰탕은 잘 고와져 나왔으나 특유의 푹 고운 소고기 맛보다는 미나리 맛이 섞여 정통스럽지는 않습니다. 미나리 육회는 냉동 육회이며 고기의 품질은 좋지만 상태는 그저 준수한 수준입니다. 노른자와 참기름을 적당히 섞으면 비주얼이 아주 훌륭합니다. 놋쇠가 주는 묵직함과 품격, 전통성이 음식에 더 좋은 기운을 주지만 맛은 평범합니다. 김치 맛은 훌륭합니다. 서비스 다소 복잡합니다. 기본 웨이팅이 있으나 회전은 빠른 편입니다. 저희는 대기 없이 바로 들어갔으며, 안내하는 수준은 평이합니다. 아무 자리나 앉을 수 없으며 특히 둘이 가면 넓은 테이블에 앉을 수가 없습니다. 무조건 2인석으로 인도되네요. 젊은 분들의 서빙이 속도는 빠르지만, 그저 빠른 회전을 위해 프로세스화가 되어 있는 느낌입니다. 분위기 옛 건물이며 내부는 미로처럼 방이 여럿입니다. 한 방에 대략 서너 개의 테이블이 있으며, 다닥다닥 붙어 있는 편입니다. 이동 동선이 크게 어렵지는 않지만 손님이 많아서 복잡해 보이기는 합니다. 층고는 평범하고 전형적인 식당의 모습입니다. 빠르게 먹고 빠르게 나와주어야 할 분위기네요^^ 가격 곰탕과 비빔밥은 15,000원으로 싸지 않습니다. 육회 또한 27,000원 수준으로 굳이 광장시장 육회와 비교하면 가격은 다소 높고, 맛은 떨어집니다. 냉동과 냉장의 차이가 있습니다. 가격 수준은 보통보다는 약간 높은 수준으로 보시면 됩니다. - 끝",962,True,3.0,3.4,퍼플 레벨,"팩트체크\ “호기심에 한 번 정도는 좋은” 맛 미나리채가 ‘곰탕’ 위에 걸쳐 있을 줄 알았는데, 미나리를 잘게잘게 썰어 마치 ‘개구리밥’처럼 곰탕 수면 위를 뒤덮었습니다. 뷰는 강력하네요. 잘게 썬 미나리가 자연스럽게 국물과 함께 떠져 입속으로 들어갑니다. 입속에서 씹혀 목구멍을 타고 넘어가면, 미나리의 향내가 입안을 가득 채웁니다. 자칫 곰탕 고유의 푹 고운 맛이 가려지기도 하네요. 이건 호불호가 될 수도 있을 것 같습니다. 고기의 질은 최상급, 아주 훌륭합니다. 전반적으로 곰탕은 잘 고와져 나왔으나 특유의 푹 고운 소고기 맛보다는 미나리 맛이 섞여 정통스럽지는 않습니다. 미나리 육회는 냉동 육회이며 고기의 품질은 좋지만 상태는 그저 준수한 수준입니다. 노른자와 참기름을 적당히 섞으면 비주얼이 아주 훌륭합니다. 놋쇠가 주는 묵직함과 품격, 전통성이 음식에 더 좋은 기운을 주지만 맛은 평범합니다. 김치 맛은 훌륭합니다. 서비스 다소 복잡합니다. 기본 웨이팅이 있으나 회전은 빠른 편입니다. 저희는 대기 없이 바로 들어갔으며, 안내하는 수준은 평이합니다. 아무 자리나 앉을 수 없으며 특히 둘이 가면 넓은 테이블에 앉을 수가 없습니다. 무조건 2인석으로 인도되네요. 젊은 분들의 서빙이 속도는 빠르지만, 그저 빠른 회전을 위해 프로세스화가 되어 있는 느낌입니다. 분위기 옛 건물이며 내부는 미로처럼 방이 여럿입니다. 한 방에 대략 서너 개의 테이블이 있으며, 다닥다닥 붙어 있는 편입니다. 이동 동선이 크게 어렵지는 않지만 손님이 많아서 복잡해 보이기는 합니다. 층고는 평범하고 전형적인 식당의 모습입니다. 빠르게 먹고 빠르게 나와주어야 할 분위기네요^^ 가격 곰탕과 비빔밥은 15,000원으로 싸지 않습니다. 육회 또한 27,000원 수준으로 굳이 광장시장 육회와 비교하면 가격은 다소 높고, 맛은 떨어집니다. 냉동과 냉장의 차이가 있습니다. 가격 수준은 보통보다는 약간 높은 수준으로 보시면 됩니다. - 끝",팩트체크 호기심에 한 번 정도는 좋은 맛 미나리채가 곰탕 위에 걸쳐 있을 줄 알았는데 미나리를 잘게잘게 썰어 마치 개구리밥 처럼 곰탕 수면 위를 뒤덮었습니다 뷰는 강력하네요 잘게 썬 미나리가 자연스럽게 국물과 함께 떠져 입속으로 들어갑니다 입속에서 씹혀 목구멍을 타고 넘어가면 미나리의 향내가 입안을 가득 채웁니다 자칫 곰탕 고유의 푹 고운 맛이 가려지기도 하네요 이건 호불호가 될 수도 있을 것 같습니다 고기의 질은 최상급 아주 훌륭합니다 전반적으로 곰탕은 잘 고와져 나왔으나 특유의 푹 고운 소고기 맛보다는 미나리 맛이 섞여 정통스럽지는 않습니다 미나리 육회는 냉동 육회이며 고기의 품질은 좋지만 상태는 그저 준수한 수준입니다 노른자와 참기름을 적당히 섞으면 비주얼이 아주 훌륭합니다 놋쇠가 주는 묵직함과 품격 전통성이 음식에 더 좋은 기운을 주지만 맛은 평범합니다 김치 맛은 훌륭합니다 서비스 다소 복잡합니다 기본 웨이팅이 있으나 회전은 빠른 편입니다 저희는 대기 없이 바로 들어갔으며 안내하는 수준은 평이합니다 아무 자리나 앉을 수 없으며 특히 둘이 가면 넓은 테이블에 앉을 수가 없습니다 무조건 2인석으로 인도되네요 젊은 분들의 서빙이 속도는 빠르지만 그저 빠른 회전을 위해 프로세스화가 되어 있는 느낌입니다 분위기 옛 건물이며 내부는 미로처럼 방이 여럿입니다 한 방에 대략 서너 개의 테이블이 있으며 다닥다닥 붙어 있는 편입니다 이동 동선이 크게 어렵지는 않지만 손님이 많아서 복잡해 보이기는 합니다 층고는 평범하고 전형적인 식당의 모습입니다 빠르게 먹고 빠르게 나와주어야 할 분위기네요 가격 곰탕과 비빔밥은 15 000원으로 싸지 않습니다 육회 또한 27 000원 수준으로 굳이 광장시장 육회와 비교하면 가격은 다소 높고 맛은 떨어집니다 냉동과 냉장의 차이가 있습니다 가격 수준은 보통보다는 약간 높은 수준으로 보시면 됩니다 끝,0,0,0,0,0,0,1,962,"가격, 원"
kakao,소문난성수감자탕,박광덕,2.0,2025-10-05,,,직원분이 정말 싸가지가 없네요 항상 사람 많고 웨이팅 있어서 궁금해서 왔는데 다시는 안오고싶네요,53,False,1.0,1.0,브론즈 레벨,직원분이 정말 싸가지가 없네요 항상 사람 많고 웨이팅 있어서 궁금해서 왔는데 다시는 안오고싶네요,직원분이 정말 싸가지가 없네요 항상 사람 많고 웨이팅 있어서 궁금해서 왔는데 다시는 안오고싶네요,0,0,0,0,0,0,0,53,원
naver,홍대 육지,Diohi,14.0,2026.04.15,1번째 방문,영수증,기본 메뉴인 고기 너무 맛있고 특히 계란찜 너무 맛있어서 2번이나 리필했네요. 사이드 김치볶음밥 막국수도 2번씩 ㅎㅎㅎ 최고! 반찬이 하나하나 다 정성스러워요. 웨이팅 길만 합니다. 운좋게 대기없이 들어갔네요 - 직원분들도 친절하셔요. 데이트 가족외식 전부로 강추합니다 🤍,152,True,,,,기본 메뉴인 고기 너무 맛있고 특히 계란찜 너무 맛있어서 2번이나 리필했네요. 사이드 김치볶음밥 막국수도 2번씩 ㅎㅎㅎ 최고! 반찬이 하나하나 다 정성스러워요. 웨이팅 길만 합니다. 운좋게 대기없이 들어갔네요 - 직원분들도 친절하셔요. 데이트 가족외식 전부로 강추합니다 🤍,기본 메뉴인 고기 너무 맛있고 특히 계란찜 너무 맛있어서 2번이나 리필했네요 사이드 김치볶음밥 막국수도 2번씩 최고 EXCLAM 반찬이 하나하나 다 정성스러워요 웨이팅 길만 합니다 운좋게 대기없이 들어갔네요 직원분들도 친절하셔요 데이트 가족외식 전부로 강추합니다 EMO_POS,1,0,0,0,1,0,1,152,원
kakao,이태리국시 성수,채선,4.0,2026-04-17,,,간만에 지인과 모임으로 왔는데 너무너무 분위기가 좋은 것 같아요!! 맛도 원하는 딱 그 맛이네요.!!소개팅,59,True,5.0,5.0,브론즈 레벨,간만에 지인과 모임으로 왔는데 너무너무 분위기가 좋은 것 같아요!! 맛도 원하는 딱 그 맛이네요.!!소개팅,간만에 지인과 모임으로 왔는데 너무너무 분위기가 좋은 것 같아요 EXCLAM 맛도 원하는 딱 그 맛이네요 EXCLAM 소개팅,0,0,0,0,1,0,0,59,원
naver,장인닭갈비 홍대점,hye****,5.0,2026.04.04,1번째 방문,영수증,닭갈비가 땡겨서 왔는데 정말 맛있어요! 직원분들도 친절하셔서 다음에 또 올거 같아요:) 잘 먹었습니다!,57,True,,,,닭갈비가 땡겨서 왔는데 정말 맛있어요! 직원분들도 친절하셔서 다음에 또 올거 같아요:) 잘 먹었습니다!,닭갈비가 땡겨서 왔는데 정말 맛있어요 EXCLAM 직원분들도 친절하셔서 다음에 또 올거 같아요 잘 먹었습니다 EXCLAM,0,0,0,0,1,0,0,57,원
kakao,옥동식 서교점,동쉐린🐷,135.0,2025-01-30,,,"호불호 갈릴 수도 있는 맛이지만 나에게는 극호. 영혼 없는 친절, 느린 회전, 가성비는 아쉽지만 정말 맛있음",60,True,4.0,2.6,골드 레벨,"호불호 갈릴 수도 있는 맛이지만 나에게는 극호. 영혼 없는 친절, 느린 회전, 가성비는 아쉽지만 정말 맛있음",호불호 갈릴 수도 있는 맛이지만 나에게는 극호 영혼 없는 친절 느린 회전 가성비는 아쉽지만 정말 맛있음,0,0,0,0,0,0,0,60,가성비
naver,이태리국시 성수,김포수소맘,68.0,2026.05.02,1번째 방문,영수증,아이가 다니는 학원건물에 있는데 항상 사람이 많아서 와봤어요. 운좋게 대기없이 바로 식사가능했습니다^^ 면 좋아하는 아이들이 엄청 맛있다고 잘먹네요ㅋ,83,True,,,,아이가 다니는 학원건물에 있는데 항상 사람이 많아서 와봤어요. 운좋게 대기없이 바로 식사가능했습니다^^ 면 좋아하는 아이들이 엄청 맛있다고 잘먹네요ㅋ,아이가 다니는 학원건물에 있는데 항상 사람이 많아서 와봤어요 운좋게 대기없이 바로 식사가능했습니다 면 좋아하는 아이들이 엄청 맛있다고 잘먹네요,0,0,0,0,0,0,0,83,원
naver,을밀대 평양냉면,하겐다즈매니아,784.0,2025.08.14,5번째 방문,영수증,집 근처이기도 하지만 저는 을밀대가 제일 좋아요 면발과 육수가 둘다 훌륭 ㅠㅠㅜㅜ 오픈런 15분 전에 도착했는데도 이미 사람들 많더라구요 그래도 첫타임에 안정적으로 들어가긴 했어요 오픈시간 맞춰오시면 첫타임에 못 들어갈 수도 있을 것 같아요 동네살아서 산책하면서 마지막 정리하시는것도 보는데 정리때 조리도구 정리도 깔끔하시고 매장도 청결해서 좋아요 잘되는데는 다 이유가 있음 삼성카드 냉면대전으로 3만원이상 4천원할인 몇달째 잘 먹고 있습니다 남편은 이집에서 꼭 완냉을 합니다 ㅋㅋㅋㅋ 오늘도 맛있게 잘 먹었습니다…🩷,289,True,,,,집 근처이기도 하지만 저는 을밀대가 제일 좋아요 면발과 육수가 둘다 훌륭 ㅠㅠㅜㅜ 오픈런 15분 전에 도착했는데도 이미 사람들 많더라구요 그래도 첫타임에 안정적으로 들어가긴 했어요 오픈시간 맞춰오시면 첫타임에 못 들어갈 수도 있을 것 같아요 동네살아서 산책하면서 마지막 정리하시는것도 보는데 정리때 조리도구 정리도 깔끔하시고 매장도 청결해서 좋아요 잘되는데는 다 이유가 있음 삼성카드 냉면대전으로 3만원이상 4천원할인 몇달째 잘 먹고 있습니다 남편은 이집에서 꼭 완냉을 합니다 ㅋㅋㅋㅋ 오늘도 맛있게 잘 먹었습니다…🩷,집 근처이기도 하지만 저는 을밀대가 제일 좋아요 면발과 육수가 둘다 훌륭 오픈런 15분 전에 도착했는데도 이미 사람들 많더라구요 그래도 첫타임에 안정적으로 들어가긴 했어요 오픈시간 맞춰오시면 첫타임에 못 들어갈 수도 있을 것 같아요 동네살아서 산책하면서 마지막 정리하시는것도 보는데 정리때 조리도구 정리도 깔끔하시고 매장도 청결해서 좋아요 잘되는데는 다 이유가 있음 삼성카드 냉면대전으로 3만원이상 4천원할인 몇달째 잘 먹고 있습니다 남편은 이집에서 꼭 완냉을 합니다 오늘도 맛있게 잘 먹었습니다,0,0,0,1,0,0,1,289,"원, 할인"
kakao,육산장 홍대본점,서현빈,2.0,2025-09-06,,,맛과 분위기 모두 잡은집 ! 기본반찬도 잘 나오고 정말 야외에서 시원하게 고기구워먹는 느낌입니다 다음에 또 올게요~!!,66,True,5.0,5.0,브론즈 레벨,맛과 분위기 모두 잡은집 ! 기본반찬도 잘 나오고 정말 야외에서 시원하게 고기구워먹는 느낌입니다 다음에 또 올게요~!!,맛과 분위기 모두 잡은집 EXCLAM 기본반찬도 잘 나오고 정말 야외에서 시원하게 고기구워먹는 느낌입니다 다음에 또 올게요 EXCLAM,0,0,0,0,1,0,0,66,원
naver,락희옥 마포본점,matinsoir36,70.0,2025.11.05,1번째 방문,예약,음식이 정말 맛있습니다 특히 돼지수육보쌈 훌륭합니다. 음식값이 조금 높다 싶지만 실제 맛보면 수긍이 가는 가격인데다 콜키지 프리(아이스버킷 5000원인데 이 정도는 괜찮음)여서 결과적으로는 대단히 만족스러워요.,117,False,,,,음식이 정말 맛있습니다 특히 돼지수육보쌈 훌륭합니다. 음식값이 조금 높다 싶지만 실제 맛보면 수긍이 가는 가격인데다 콜키지 프리(아이스버킷 5000원인데 이 정도는 괜찮음)여서 결과적으로는 대단히 만족스러워요.,음식이 정말 맛있습니다 특히 돼지수육보쌈 훌륭합니다 음식값이 조금 높다 싶지만 실제 맛보면 수긍이 가는 가격인데다 콜키지 프리 아이스버킷 5000원인데 이 정도는 괜찮음 여서 결과적으로는 대단히 만족스러워요,0,0,0,0,0,0,1,117,"가격, 값, 원"
naver,태양곱창 성수점,lunaaaaa2,127.0,2026.03.14,1번째 방문,영수증,막창이랑 곱창 다 맛있고 감자전도 맛있어요! 직원분들도 친절하세요!! 성수 맛집이에요,47,True,,,,막창이랑 곱창 다 맛있고 감자전도 맛있어요! 직원분들도 친절하세요!! 성수 맛집이에요,막창이랑 곱창 다 맛있고 감자전도 맛있어요 EXCLAM 직원분들도 친절하세요 EXCLAM 성수 맛집이에요,0,0,0,0,1,0,0,47,원
naver,마포양지설렁탕,오늘의리뷰는,3890.0,2025.12.31,4번째 방문,영수증,맛있게 잘 먹고 갑니다!!🤍 직원 분들도 넘 친절하셔요,30,True,,,,맛있게 잘 먹고 갑니다!!🤍 직원 분들도 넘 친절하셔요,맛있게 잘 먹고 갑니다 EXCLAM EMO_POS 직원 분들도 넘 친절하셔요,1,0,0,0,1,0,0,30,원
naver,을밀대 평양냉면,주마요,220.0,2026.03.05,1번째 방문,예약,평양냉면이랑 녹두전 먹었어요! 좀 비싸다 생각했는데 다시 가고 싶을 정도로 맛있었어요 같이간 친구는 평냉이 처음이었는데도 맛있다고 했어요👍🏻 아직 날이 풀리지 않아서 그런지 웨이팅도 없었습니다☺️,109,True,,,,평양냉면이랑 녹두전 먹었어요! 좀 비싸다 생각했는데 다시 가고 싶을 정도로 맛있었어요 같이간 친구는 평냉이 처음이었는데도 맛있다고 했어요👍🏻 아직 날이 풀리지 않아서 그런지 웨이팅도 없었습니다☺️,평양냉면이랑 녹두전 먹었어요 EXCLAM 좀 비싸다 생각했는데 다시 가고 싶을 정도로 맛있었어요 같이간 친구는 평냉이 처음이었는데도 맛있다고 했어요 EMO_POS 아직 날이 풀리지 않아서 그런지 웨이팅도 없었습니다,1,0,0,0,1,0,0,109,"비싸, 싸다"
kakao,홍대 조선시대,김은채,1.0,2026-01-29,,,가성비 좋고 너무 맛있어요~ 홍대 올때마다 들리는 곳♥,30,True,5.0,5.0,브론즈 레벨,가성비 좋고 너무 맛있어요~ 홍대 올때마다 들리는 곳♥,가성비 좋고 너무 맛있어요 홍대 올때마다 들리는 곳 EMO_POS,1,0,0,0,0,0,0,30,가성비
naver,원조 조박집 본관,0702313,80.0,2025.11.01,1번째 방문,영수증,토요일 12:30 걱정했는데 다행히 웨이팅없이 바로 들어갔어요 직원분들 너무너무친절하시구 좋았습니다 !! 불판도 제때 갈아주시고 수시로 체크하시면서 빈 반찬을 채워주시는것 같아요 ! 다만 음식은 너무 기대를 하고간 탓인지..... 저와 엄마기준에는 양념갈비 고기 간이 쎄서 짜다고 느껴졌고 ㅠㅠ 갈비살은 두껍고 뼈가 전부 크게 붙어있어서 불편했어요 .... 굽기도 어렵고.... 막 크게 특색이 있거나 진짜 기억에 남을 양념갈비 맛집? 인지 잘모르겠어요....ㅜㅜ 재방문 의사는 없습니다 ..!,276,True,,,,토요일 12:30 걱정했는데 다행히 웨이팅없이 바로 들어갔어요 직원분들 너무너무친절하시구 좋았습니다 !! 불판도 제때 갈아주시고 수시로 체크하시면서 빈 반찬을 채워주시는것 같아요 ! 다만 음식은 너무 기대를 하고간 탓인지..... 저와 엄마기준에는 양념갈비 고기 간이 쎄서 짜다고 느껴졌고 ㅠㅠ 갈비살은 두껍고 뼈가 전부 크게 붙어있어서 불편했어요 .... 굽기도 어렵고.... 막 크게 특색이 있거나 진짜 기억에 남을 양념갈비 맛집? 인지 잘모르겠어요....ㅜㅜ 재방문 의사는 없습니다 ..!,토요일 12 30 걱정했는데 다행히 웨이팅없이 바로 들어갔어요 직원분들 너무너무친절하시구 좋았습니다 EXCLAM 불판도 제때 갈아주시고 수시로 체크하시면서 빈 반찬을 채워주시는것 같아요 EXCLAM 다만 음식은 너무 기대를 하고간 탓인지 저와 엄마기준에는 양념갈비 고기 간이 쎄서 짜다고 느껴졌고 갈비살은 두껍고 뼈가 전부 크게 붙어있어서 불편했어요 굽기도 어렵고 막 크게 특색이 있거나 진짜 기억에 남을 양념갈비 맛집 QUESTION 인지 잘모르겠어요 재방문 의사는 없습니다 EXCLAM,0,0,0,1,1,1,1,276,원
naver,락희옥 마포본점,gab****,14.0,2025.09.29,1번째 방문,영수증,음식도 맛있고 위스키 콜키지도 무료여서 술마시기 좋아요. 직원분도 친절하고 또오고싶어요.,49,True,,,,음식도 맛있고 위스키 콜키지도 무료여서 술마시기 좋아요. 직원분도 친절하고 또오고싶어요.,음식도 맛있고 위스키 콜키지도 무료여서 술마시기 좋아요 직원분도 친절하고 또오고싶어요,0,0,0,0,0,0,0,49,원
kakao,홍대 조선시대,백재이,1.0,2025-12-23,,,"조선시대 컨셉에 맞춘 분위기가 너무 재밌었고, 여자 2명 기준 안주도 양이 많았어요! 딸기 막걸리 너무 맛있으니 다들 드셔요… 🍓 소주값도 다른 곳보다 저렴합니당!!!",93,False,5.0,5.0,브론즈 레벨,"조선시대 컨셉에 맞춘 분위기가 너무 재밌었고, 여자 2명 기준 안주도 양이 많았어요! 딸기 막걸리 너무 맛있으니 다들 드셔요… 🍓 소주값도 다른 곳보다 저렴합니당!!!",조선시대 컨셉에 맞춘 분위기가 너무 재밌었고 여자 2명 기준 안주도 양이 많았어요 EXCLAM 딸기 막걸리 너무 맛있으니 다들 드셔요 소주값도 다른 곳보다 저렴합니당 EXCLAM,0,0,0,0,1,0,1,93,"저렴, 값"
kakao,육산장 홍대본점,그늘민이,10.0,2025-10-03,,,가격도 괜찮고 맛있는데 무엇보다 분위기가 진짜 여행 온 것 같아 좋네용,39,True,5.0,2.6,브론즈 레벨,가격도 괜찮고 맛있는데 무엇보다 분위기가 진짜 여행 온 것 같아 좋네용,가격도 괜찮고 맛있는데 무엇보다 분위기가 진짜 여행 온 것 같아 좋네용,0,0,0,0,0,0,0,39,가격
kakao,옥동식 서교점,바르다숲선생,28.0,2025-05-17,,,"돼지국밥의 날카로운 면을 깎아내어 원으로 만든 것 같은 맛. 뭉툭한 본래의 돼지국밥은 없으나 호불호 없이 맑은 형태로 대다수를 만족시킬 수 있는 ‘맛있음’을 가지게 됨. 종종 생각날듯하다. 서비스, 품질, 입지를 고려할 때 합당하거나 오히려 저렴한 가격책정이라는 생각이 든다.",154,True,4.0,3.8,실버 레벨,"돼지국밥의 날카로운 면을 깎아내어 원으로 만든 것 같은 맛. 뭉툭한 본래의 돼지국밥은 없으나 호불호 없이 맑은 형태로 대다수를 만족시킬 수 있는 ‘맛있음’을 가지게 됨. 종종 생각날듯하다. 서비스, 품질, 입지를 고려할 때 합당하거나 오히려 저렴한 가격책정이라는 생각이 든다.",돼지국밥의 날카로운 면을 깎아내어 원으로 만든 것 같은 맛 뭉툭한 본래의 돼지국밥은 없으나 호불호 없이 맑은 형태로 대다수를 만족시킬 수 있는 맛있음 을 가지게 됨 종종 생각날듯하다 서비스 품질 입지를 고려할 때 합당하거나 오히려 저렴한 가격책정이라는 생각이 든다,0,0,0,0,0,0,0,154,"가격, 저렴, 원"
kakao,쭌곱창,허허실실,22.0,2025-02-13,,,너무 달고짜고 곱창에대한모욕 리뷰조작이 의심됩니다 직원분들이 친절해서 별2줌 그러나 음식맛으로인해 화만나고말았다..,64,True,2.0,3.6,실버 레벨,너무 달고짜고 곱창에대한모욕 리뷰조작이 의심됩니다 직원분들이 친절해서 별2줌 그러나 음식맛으로인해 화만나고말았다..,너무 달고짜고 곱창에대한모욕 리뷰조작이 의심됩니다 직원분들이 친절해서 별2줌 그러나 음식맛으로인해 화만나고말았다,0,0,0,0,0,0,1,64,원
kakao,을밀대 본점,문어,21.0,2025-04-11,,,"그 때 그 때 달라지는 고명 컨디션과 자리. 오늘은 어떤 게 당첨될까 매번 두근두근함. 본관 별관 옆집 2층 다 가봤는데 별관, 2층, 1층 방은 좌식임ㅜㅜ 다른 곳에 비해 국물 간이 슴슴하고, 일반/거냉/민자/양많이 등 버전이 여러 가지인데 가격은 모두 같음. 오돌토돌 거칠고 뚝뚝 끊어지는 면발, 길고 묵직해서 면 집기에 제격인 젓가락, 가로 방향으로 썬 계란, 부드럽고 따뜻한 육수 등이 시그니처인데 모두 다 무척 마음에 듦. 특히 육수는 소주 안주로 제격임. 그리고 무절임! 슴슴~하고 딱 적당하게 익은데다 무 본연의 맛이 잘 살아있는 무절임은 지금까지 먹어 본 모든 평냉집 곁들임 중 단연 원탑!! 녹두전은 바삭함을 넘어 딱딱한 수준인데, 개인적으론 치아가 안 좋아서 잘 시키지 않는다🥲",389,False,5.0,3.3,실버 레벨,"그 때 그 때 달라지는 고명 컨디션과 자리. 오늘은 어떤 게 당첨될까 매번 두근두근함. 본관 별관 옆집 2층 다 가봤는데 별관, 2층, 1층 방은 좌식임ㅜㅜ 다른 곳에 비해 국물 간이 슴슴하고, 일반/거냉/민자/양많이 등 버전이 여러 가지인데 가격은 모두 같음. 오돌토돌 거칠고 뚝뚝 끊어지는 면발, 길고 묵직해서 면 집기에 제격인 젓가락, 가로 방향으로 썬 계란, 부드럽고 따뜻한 육수 등이 시그니처인데 모두 다 무척 마음에 듦. 특히 육수는 소주 안주로 제격임. 그리고 무절임! 슴슴~하고 딱 적당하게 익은데다 무 본연의 맛이 잘 살아있는 무절임은 지금까지 먹어 본 모든 평냉집 곁들임 중 단연 원탑!! 녹두전은 바삭함을 넘어 딱딱한 수준인데, 개인적으론 치아가 안 좋아서 잘 시키지 않는다🥲",그 때 그 때 달라지는 고명 컨디션과 자리 오늘은 어떤 게 당첨될까 매번 두근두근함 본관 별관 옆집 2층 다 가봤는데 별관 2층 1층 방은 좌식임 다른 곳에 비해 국물 간이 슴슴하고 일반 거냉 민자 양많이 등 버전이 여러 가지인데 가격은 모두 같음 오돌토돌 거칠고 뚝뚝 끊어지는 면발 길고 묵직해서 면 집기에 제격인 젓가락 가로 방향으로 썬 계란 부드럽고 따뜻한 육수 등이 시그니처인데 모두 다 무척 마음에 듦 특히 육수는 소주 안주로 제격임 그리고 무절임 EXCLAM 슴슴 하고 딱 적당하게 익은데다 무 본연의 맛이 잘 살아있는 무절임은 지금까지 먹어 본 모든 평냉집 곁들임 중 단연 원탑 EXCLAM 녹두전은 바삭함을 넘어 딱딱한 수준인데 개인적으론 치아가 안 좋아서 잘 시키지 않는다,0,0,0,1,1,0,1,389,"가격, 원"
kakao,태양곱창 성수,키티덕후,5.0,2025-12-15,,,진짜 ★한개도 아까움 개 존 노 맛 돼지냄새 개ㅐㅐㅐ심하고 짜기만 하고 가격도 비싸고ㅡㅡ,49,True,1.0,2.8,브론즈 레벨,진짜 ★한개도 아까움 개 존 노 맛 돼지냄새 개ㅐㅐㅐ심하고 짜기만 하고 가격도 비싸고ㅡㅡ,진짜 한개도 아까움 개 존 노 맛 돼지냄새 개 심하고 짜기만 하고 가격도 비싸고,0,0,0,0,0,0,0,49,"가격, 비싸"
kakao,옥동식 서교점,이지호 dave.lake,2.0,2026-04-04,,,"토요일 디너 웨이팅을 위해 2시부터 1시간 넘게 기다렸는데, 현장 캐치테이블 키오스크 안내 문구가 “Lunch is over” -> “Dinner is over” 로 말도 없이 바뀌네요. 직원에게 물어보니 저녁까지 마감되었답니다. 밖에서 기다리는 사람들한테 말 한 마디라도 해줘야 하는 거 아닌가 싶네요.",170,True,1.0,3.0,브론즈 레벨,"토요일 디너 웨이팅을 위해 2시부터 1시간 넘게 기다렸는데, 현장 캐치테이블 키오스크 안내 문구가 “Lunch is over” -> “Dinner is over” 로 말도 없이 바뀌네요. 직원에게 물어보니 저녁까지 마감되었답니다. 밖에서 기다리는 사람들한테 말 한 마디라도 해줘야 하는 거 아닌가 싶네요.",토요일 디너 웨이팅을 위해 2시부터 1시간 넘게 기다렸는데 현장 캐치테이블 키오스크 안내 문구가 Lunch is over Dinner is over 로 말도 없이 바뀌네요 직원에게 물어보니 저녁까지 마감되었답니다 밖에서 기다리는 사람들한테 말 한 마디라도 해줘야 하는 거 아닌가 싶네요,0,0,0,0,0,0,1,170,원
kakao,능동미나리 성수점,앙,474.0,2025-06-21,,,달달허이 맛잇는대요???? 육비 곰탕 둘다 굿 막걸리는 그냥 페트로 된거 주전자에 따라줌 근데 역시 성수 줘홀래 비쌈,65,True,5.0,3.4,골드 레벨,달달허이 맛잇는대요???? 육비 곰탕 둘다 굿 막걸리는 그냥 페트로 된거 주전자에 따라줌 근데 역시 성수 줘홀래 비쌈,달달허이 맛잇는대요 QUESTION 육비 곰탕 둘다 굿 막걸리는 그냥 페트로 된거 주전자에 따라줌 근데 역시 성수 줘홀래 비쌈,0,0,0,0,0,1,0,65,비쌈
naver,이태리국시 성수,kim****,5.0,2026.05.06,1번째 방문,영수증,점심특선 메뉴와 갈비깍뚜기리조토 먹었어요 익숙한 맛이 나서 좋았습니다 ㅎㅎ 매장 분위기도 좋고 직원분들도 친절하세요 근처 오시면 추천합니다,77,True,,,,점심특선 메뉴와 갈비깍뚜기리조토 먹었어요 익숙한 맛이 나서 좋았습니다 ㅎㅎ 매장 분위기도 좋고 직원분들도 친절하세요 근처 오시면 추천합니다,점심특선 메뉴와 갈비깍뚜기리조토 먹었어요 익숙한 맛이 나서 좋았습니다 매장 분위기도 좋고 직원분들도 친절하세요 근처 오시면 추천합니다,0,0,0,0,0,0,0,77,원
naver,각시보쌈,x괴도감자x,559.0,2026.03.10,3번째 방문,영수증,포장해서만 먹다가 드디어 점심에 방문해서 정식을 먹어봤습니다. 정말 가성비 짱!!!! 수육은 당연히 맛있구요. 김치찌개도 넘 맛있어요. 김치찌개만 있어도 공기밥 뚝딱인데 수육까지ㅠㅠ 너무 맛있어서 감동입니다. 잘먹었어요. 와이프가 또 오자고 하네요ㅎㅎㅎ,141,True,,,,포장해서만 먹다가 드디어 점심에 방문해서 정식을 먹어봤습니다. 정말 가성비 짱!!!! 수육은 당연히 맛있구요. 김치찌개도 넘 맛있어요. 김치찌개만 있어도 공기밥 뚝딱인데 수육까지ㅠㅠ 너무 맛있어서 감동입니다. 잘먹었어요. 와이프가 또 오자고 하네요ㅎㅎㅎ,포장해서만 먹다가 드디어 점심에 방문해서 정식을 먹어봤습니다 정말 가성비 짱 EXCLAM 수육은 당연히 맛있구요 김치찌개도 넘 맛있어요 김치찌개만 있어도 공기밥 뚝딱인데 수육까지 너무 맛있어서 감동입니다 잘먹었어요 와이프가 또 오자고 하네요,0,0,0,1,1,0,0,141,가성비
kakao,육지,😇,203.0,2025-12-09,,,"식당은 근본적으로 음식을 먹는 공간이잖아요 ? 음식에 대한 고민은 하셨겠지만 공간은 꽤 아쉬웠습니다,, 일요일이라 만석이었습니다만 매장 내부 너무 시끄러워서 대화가 힘겨워요 음악에 춤을 춘다거나 경기를 응원하는 곳이 아니잖아요 ? 맛있는 음식 먹으면서 대화를 편하게 나눌 수 있어야죠. 목에 힘주고 큰소리 대화 하는데 음식을 맛있게 넘어갈 수 없으니까요. 더군다나 (정신없는 환경 탓이겠지만) 직원 실수가 잦고 서비스가 떨어지더라구요. 깔끔한? 느낌을 주고 건축비를 최소화하기 위해 건축마감을 안하는게 추세이나 이런 인테리어는 소리 반사율이 높아 내부가 쉽게 시끄러워집니다. 무튼 제가 리뷰 길게 남겨본 적이 첨인데 사장님 글이 보이길래 피드백이 될것같아 적어봅니다 번창하시길",378,True,1.0,4.0,골드 레벨,"식당은 근본적으로 음식을 먹는 공간이잖아요 ? 음식에 대한 고민은 하셨겠지만 공간은 꽤 아쉬웠습니다,, 일요일이라 만석이었습니다만 매장 내부 너무 시끄러워서 대화가 힘겨워요 음악에 춤을 춘다거나 경기를 응원하는 곳이 아니잖아요 ? 맛있는 음식 먹으면서 대화를 편하게 나눌 수 있어야죠. 목에 힘주고 큰소리 대화 하는데 음식을 맛있게 넘어갈 수 없으니까요. 더군다나 (정신없는 환경 탓이겠지만) 직원 실수가 잦고 서비스가 떨어지더라구요. 깔끔한? 느낌을 주고 건축비를 최소화하기 위해 건축마감을 안하는게 추세이나 이런 인테리어는 소리 반사율이 높아 내부가 쉽게 시끄러워집니다. 무튼 제가 리뷰 길게 남겨본 적이 첨인데 사장님 글이 보이길래 피드백이 될것같아 적어봅니다 번창하시길",식당은 근본적으로 음식을 먹는 공간이잖아요 QUESTION 음식에 대한 고민은 하셨겠지만 공간은 꽤 아쉬웠습니다 일요일이라 만석이었습니다만 매장 내부 너무 시끄러워서 대화가 힘겨워요 음악에 춤을 춘다거나 경기를 응원하는 곳이 아니잖아요 QUESTION 맛있는 음식 먹으면서 대화를 편하게 나눌 수 있어야죠 목에 힘주고 큰소리 대화 하는데 음식을 맛있게 넘어갈 수 없으니까요 더군다나 정신없는 환경 탓이겠지만 직원 실수가 잦고 서비스가 떨어지더라구요 깔끔한 QUESTION 느낌을 주고 건축비를 최소화하기 위해 건축마감을 안하는게 추세이나 이런 인테리어는 소리 반사율이 높아 내부가 쉽게 시끄러워집니다 무튼 제가 리뷰 길게 남겨본 적이 첨인데 사장님 글이 보이길래 피드백이 될것같아 적어봅니다 번창하시길,0,0,0,0,0,1,0,378,원
naver,홍대 육지,mmmmxxi,29.0,2026.04.23,1번째 방문,영수증,지인추천으로 왔는데 너무너무 맛있어요! 고기질도 너무 좋고.. 삼겹살인데 사르르 녹아요ㅠ... 진심 계란찜 제발 시켜주세요ㅠㅠ 보통 고깃집 다 덥고 그런데 여긴 심지어 시원해서 맛도리로 즐길 수 있는 곳.... 왜 유명한지 알꺼같아요..💗,133,True,,,,지인추천으로 왔는데 너무너무 맛있어요! 고기질도 너무 좋고.. 삼겹살인데 사르르 녹아요ㅠ... 진심 계란찜 제발 시켜주세요ㅠㅠ 보통 고깃집 다 덥고 그런데 여긴 심지어 시원해서 맛도리로 즐길 수 있는 곳.... 왜 유명한지 알꺼같아요..💗,지인추천으로 왔는데 너무너무 맛있어요 EXCLAM 고기질도 너무 좋고 삼겹살인데 사르르 녹아요 진심 계란찜 제발 시켜주세요 보통 고깃집 다 덥고 그런데 여긴 심지어 시원해서 맛도리로 즐길 수 있는 곳 왜 유명한지 알꺼같아요 EMO_POS,1,0,0,1,1,0,0,133,원
naver,홍대 육지,솔솔3466,23.0,2026.04.18,1번째 방문,예약,고기 상태가 좋아서 첫입부터 만족스러웠어요. 직원분들도 친절하시고 응대가 편해서 식사하는 내내 부담이 없었습니다. 매장 분위기도 깔끔하고 널찍해서 더 편하게 머물 수 있습니다. 같이 나오는 메뉴들이랑 조합도 좋아서 전체적으로 만족도가 높았습니다! 🙂 홍대에서 고기 먹고 싶을 때 다시 생각날 것 같은 곳이에요.,173,True,,,,고기 상태가 좋아서 첫입부터 만족스러웠어요. 직원분들도 친절하시고 응대가 편해서 식사하는 내내 부담이 없었습니다. 매장 분위기도 깔끔하고 널찍해서 더 편하게 머물 수 있습니다. 같이 나오는 메뉴들이랑 조합도 좋아서 전체적으로 만족도가 높았습니다! 🙂 홍대에서 고기 먹고 싶을 때 다시 생각날 것 같은 곳이에요.,고기 상태가 좋아서 첫입부터 만족스러웠어요 직원분들도 친절하시고 응대가 편해서 식사하는 내내 부담이 없었습니다 매장 분위기도 깔끔하고 널찍해서 더 편하게 머물 수 있습니다 같이 나오는 메뉴들이랑 조합도 좋아서 전체적으로 만족도가 높았습니다 EXCLAM EMO_POS 홍대에서 고기 먹고 싶을 때 다시 생각날 것 같은 곳이에요,1,0,0,0,1,0,0,173,원
naver,보끔당 성수점,꾼지63,29.0,2026.04.25,1번째 방문,영수증,닭볶음탕 맛집이에요 너무 맛있습니다!! 재방문 의사 있고요 직원분들도 너무 친절하십니다!,49,False,,,,닭볶음탕 맛집이에요 너무 맛있습니다!! 재방문 의사 있고요 직원분들도 너무 친절하십니다!,닭볶음탕 맛집이에요 너무 맛있습니다 EXCLAM 재방문 의사 있고요 직원분들도 너무 친절하십니다 EXCLAM,0,0,0,0,1,0,0,49,원
naver,소문난성수감자탕,싼퉁스,500.0,2026.02.26,1번째 방문,영수증,주차는 본관 옆에 타워주차장이 있어서 편해요… 맛은 특별함은 없고 우리가 생각하는 감자탕인데 덜 자극적인… 뼈에 붙어있는 살코기도 좀 작고 양이 그렇게 푸짐하진않아요 한가지 좋은건 수제비 사리를 주문하면 직원분이 반죽을 직접 뜯어서 넣어주는건 좋더라구요,141,True,,,,주차는 본관 옆에 타워주차장이 있어서 편해요… 맛은 특별함은 없고 우리가 생각하는 감자탕인데 덜 자극적인… 뼈에 붙어있는 살코기도 좀 작고 양이 그렇게 푸짐하진않아요 한가지 좋은건 수제비 사리를 주문하면 직원분이 반죽을 직접 뜯어서 넣어주는건 좋더라구요,주차는 본관 옆에 타워주차장이 있어서 편해요 맛은 특별함은 없고 우리가 생각하는 감자탕인데 덜 자극적인 뼈에 붙어있는 살코기도 좀 작고 양이 그렇게 푸짐하진않아요 한가지 좋은건 수제비 사리를 주문하면 직원분이 반죽을 직접 뜯어서 넣어주는건 좋더라구요,0,0,0,0,0,0,0,141,원
naver,락희옥 마포본점,뉠릴리야,312.0,2025.10.31,1번째 방문,영수증,김치말이 국수 너무 깔끔하고 맛있어요! 김치메밀전병도 바삭하니 너무 맛있었습니다🥹 직원분들도 친절하시고 강추합니다👍,64,True,,,,김치말이 국수 너무 깔끔하고 맛있어요! 김치메밀전병도 바삭하니 너무 맛있었습니다🥹 직원분들도 친절하시고 강추합니다👍,김치말이 국수 너무 깔끔하고 맛있어요 EXCLAM 김치메밀전병도 바삭하니 너무 맛있었습니다 직원분들도 친절하시고 강추합니다 EMO_POS,1,0,0,0,1,0,0,64,원
naver,홍대 육지,꼬미151,34.0,2026.03.25,1번째 방문,영수증,고기도 다 구워주시고 고기도 너무 맛있어요 ㅎㅎㅎ 직원분들도 다 너무 친절하시고 너무 잘 구우세요!!👍🏻👍🏻 또 올게요~~,68,True,,,,고기도 다 구워주시고 고기도 너무 맛있어요 ㅎㅎㅎ 직원분들도 다 너무 친절하시고 너무 잘 구우세요!!👍🏻👍🏻 또 올게요~~,고기도 다 구워주시고 고기도 너무 맛있어요 직원분들도 다 너무 친절하시고 너무 잘 구우세요 EXCLAM EMO_POS EMO_POS 또 올게요 TILDE,1,0,0,0,1,0,0,68,원
kakao,뼈탄집 성수역점,반짝반짝인디쏘잉,1.0,2026-01-04,,,두툼힌 고기에 부드러운 육질에 맛있는 간장소스 상추무침 등 가족나들이로 정말 맛있게 외식했어요 직원분들이 친절하게 구워주셔서 편하고 대접받은 휼룡한 식사였어요~~♡♡♡,93,True,2.0,2.0,브론즈 레벨,두툼힌 고기에 부드러운 육질에 맛있는 간장소스 상추무침 등 가족나들이로 정말 맛있게 외식했어요 직원분들이 친절하게 구워주셔서 편하고 대접받은 휼룡한 식사였어요~~♡♡♡,두툼힌 고기에 부드러운 육질에 맛있는 간장소스 상추무침 등 가족나들이로 정말 맛있게 외식했어요 직원분들이 친절하게 구워주셔서 편하고 대접받은 휼룡한 식사였어요 TILDE EMO_POS EMO_POS EMO_POS,1,0,0,0,0,0,0,93,원
kakao,각시보쌈,입 짧은 사람,98.0,2025-02-17,,,사람 많고 연령대가 높다.. 낮부터 술취하신 분 잔뜩... 나한테 삿대질하며 쟤가 시킨거랑 똑같이 달라하는 어르신부터 나랑 반찬 공유하는 날파리까지.. 그리고 더워도 너무 더운 내부에 환기도 안해서 답답하니 얇은 니트 하나만 입어도 식사 내내 땀 나서 도망치듯 나왔다. 수육은 잡내 안나고 맛있는데 찌개는 참치김치찌개라서 쿰쿰하고 비린 맛에 한 입도 못 먹었다. 수육세트 점심에 저렴하게 먹고 싶다면 나쁘지 않다.,231,False,2.0,3.2,골드 레벨,사람 많고 연령대가 높다.. 낮부터 술취하신 분 잔뜩... 나한테 삿대질하며 쟤가 시킨거랑 똑같이 달라하는 어르신부터 나랑 반찬 공유하는 날파리까지.. 그리고 더워도 너무 더운 내부에 환기도 안해서 답답하니 얇은 니트 하나만 입어도 식사 내내 땀 나서 도망치듯 나왔다. 수육은 잡내 안나고 맛있는데 찌개는 참치김치찌개라서 쿰쿰하고 비린 맛에 한 입도 못 먹었다. 수육세트 점심에 저렴하게 먹고 싶다면 나쁘지 않다.,사람 많고 연령대가 높다 낮부터 술취하신 분 잔뜩 나한테 삿대질하며 쟤가 시킨거랑 똑같이 달라하는 어르신부터 나랑 반찬 공유하는 날파리까지 그리고 더워도 너무 더운 내부에 환기도 안해서 답답하니 얇은 니트 하나만 입어도 식사 내내 땀 나서 도망치듯 나왔다 수육은 잡내 안나고 맛있는데 찌개는 참치김치찌개라서 쿰쿰하고 비린 맛에 한 입도 못 먹었다 수육세트 점심에 저렴하게 먹고 싶다면 나쁘지 않다,0,0,0,0,0,0,0,231,저렴
naver,보끔당 성수점,silversol,27.0,2026.03.20,1번째 방문,영수증,"지난번에 기본 먹어보고 너무 맛있게 먹었어서 이번엔 묵은지 닭볶음탕 먹으러 왔어요! 이달의 메뉴 할인으로 할인도 받아서 최고,, 보끔당 떡은 무조건.. 추가하세여..",92,True,,,,"지난번에 기본 먹어보고 너무 맛있게 먹었어서 이번엔 묵은지 닭볶음탕 먹으러 왔어요! 이달의 메뉴 할인으로 할인도 받아서 최고,, 보끔당 떡은 무조건.. 추가하세여..",지난번에 기본 먹어보고 너무 맛있게 먹었어서 이번엔 묵은지 닭볶음탕 먹으러 왔어요 EXCLAM 이달의 메뉴 할인으로 할인도 받아서 최고 보끔당 떡은 무조건 추가하세여,0,0,0,0,1,0,0,92,할인
kakao,락희옥 마포본점,지지,3.0,2025-02-06,,,"가격대는 좀 나가지만, 맛이 모두 훌륭합니다.. 그리고 모든 직원들이 정말 친절해서 너무 기분이 좋았어요 재방문 의사 10000%",72,True,5.0,3.7,브론즈 레벨,"가격대는 좀 나가지만, 맛이 모두 훌륭합니다.. 그리고 모든 직원들이 정말 친절해서 너무 기분이 좋았어요 재방문 의사 10000%",가격대는 좀 나가지만 맛이 모두 훌륭합니다 그리고 모든 직원들이 정말 친절해서 너무 기분이 좋았어요 재방문 의사 10000,0,0,0,0,0,0,1,72,"가격, 원, 가격대"
naver,금금 성수점,냠냐ㅁㅁ,23.0,2026.03.03,1번째 방문,영수증,묵은지 참치말이 보리된장국수 문어간장비빔밥 먹엇어요!! 제 원픽은 보리된장국수💗 다른것도 맛잇는데 입맛에 제일 맛잇는건 국수엿어요 사장님도 친절하시고 너무 맛잇게 잘먹엇습니다😊,98,True,,,,묵은지 참치말이 보리된장국수 문어간장비빔밥 먹엇어요!! 제 원픽은 보리된장국수💗 다른것도 맛잇는데 입맛에 제일 맛잇는건 국수엿어요 사장님도 친절하시고 너무 맛잇게 잘먹엇습니다😊,묵은지 참치말이 보리된장국수 문어간장비빔밥 먹엇어요 EXCLAM 제 원픽은 보리된장국수 EMO_POS 다른것도 맛잇는데 입맛에 제일 맛잇는건 국수엿어요 사장님도 친절하시고 너무 맛잇게 잘먹엇습니다 EMO_POS,1,0,0,0,1,0,0,98,원
kakao,뼈탄집 성수역점,불주먹,12.0,2025-12-23,,,저희 들어오자마자 만석됐어요 그만큼 존맛탱 고깃집 원탑,30,True,5.0,5.0,실버 레벨,저희 들어오자마자 만석됐어요 그만큼 존맛탱 고깃집 원탑,저희 들어오자마자 만석됐어요 그만큼 존맛탱 고깃집 원탑,0,0,0,0,0,0,0,30,원
naver,뼈탄집 성수역점,잔차등교,10.0,2025.12.25,1번째 방문,영수증,동네에서 지나다니기만 하다가 처음으로 뼈탄집에 와봤는데 고기가 맛있습니다 가격대비 양은 조금 적지만 시그니처 뼈탄삼겹살을 먹었는데 구워주시는 정도와 고기 퀄리티가 앚 좋았습니다 다음에 또 와서 다른 메뉴도 먹어보고 싶습니다,124,True,,,,동네에서 지나다니기만 하다가 처음으로 뼈탄집에 와봤는데 고기가 맛있습니다 가격대비 양은 조금 적지만 시그니처 뼈탄삼겹살을 먹었는데 구워주시는 정도와 고기 퀄리티가 앚 좋았습니다 다음에 또 와서 다른 메뉴도 먹어보고 싶습니다,동네에서 지나다니기만 하다가 처음으로 뼈탄집에 와봤는데 고기가 맛있습니다 가격대비 양은 조금 적지만 시그니처 뼈탄삼겹살을 먹었는데 구워주시는 정도와 고기 퀄리티가 앚 좋았습니다 다음에 또 와서 다른 메뉴도 먹어보고 싶습니다,0,0,0,0,0,0,0,124,"가격, 가격대"
naver,옥동식,요망진어멍,273.0,2026.03.14,1번째 방문,영수증,음 2시간 대기하고 2번으로 착석함 원래 돼지국밥 종류 잘먹지못함 냄새에 민감해서 돼지 특유의 누린내가 남 앞다리살로 얇게 썬 고기와 국밥은 특유의 냄새로 인해 국물은 전혀 못먹음 국물에 기름이 떠있어서 느끼함 미지근해서 느끼함 부산에서 먹은 정짓간을 다시 가고싶었다 미슐랭은 나랑 거리가 멀다ㅠ,165,True,,,,음 2시간 대기하고 2번으로 착석함 원래 돼지국밥 종류 잘먹지못함 냄새에 민감해서 돼지 특유의 누린내가 남 앞다리살로 얇게 썬 고기와 국밥은 특유의 냄새로 인해 국물은 전혀 못먹음 국물에 기름이 떠있어서 느끼함 미지근해서 느끼함 부산에서 먹은 정짓간을 다시 가고싶었다 미슐랭은 나랑 거리가 멀다ㅠ,음 2시간 대기하고 2번으로 착석함 원래 돼지국밥 종류 잘먹지못함 냄새에 민감해서 돼지 특유의 누린내가 남 앞다리살로 얇게 썬 고기와 국밥은 특유의 냄새로 인해 국물은 전혀 못먹음 국물에 기름이 떠있어서 느끼함 미지근해서 느끼함 부산에서 먹은 정짓간을 다시 가고싶었다 미슐랭은 나랑 거리가 멀다,0,0,0,0,0,0,1,165,원
naver,보끔당 성수점,xaxaxa,44.0,2025.12.30,2번째 방문,영수증,저번에 친구랑 왔다가 맛있게 먹어서 한 번 더 왔어요 ㅎㅎ 이번엔 묵은지 들어간거 먹었는데 얼큰하고 간도 딱 좋아서 저번보다 더 맛있게 먹었어요!! 얼큰하고 뜨끈해서 요즘 같은 날씨에 먹기 딱 좋은 음식이에요😖 직원분들도 친절하시고 올때마다 만족스러워거 다음에 또 올게요:),153,True,,,,저번에 친구랑 왔다가 맛있게 먹어서 한 번 더 왔어요 ㅎㅎ 이번엔 묵은지 들어간거 먹었는데 얼큰하고 간도 딱 좋아서 저번보다 더 맛있게 먹었어요!! 얼큰하고 뜨끈해서 요즘 같은 날씨에 먹기 딱 좋은 음식이에요😖 직원분들도 친절하시고 올때마다 만족스러워거 다음에 또 올게요:),저번에 친구랑 왔다가 맛있게 먹어서 한 번 더 왔어요 이번엔 묵은지 들어간거 먹었는데 얼큰하고 간도 딱 좋아서 저번보다 더 맛있게 먹었어요 EXCLAM 얼큰하고 뜨끈해서 요즘 같은 날씨에 먹기 딱 좋은 음식이에요 직원분들도 친절하시고 올때마다 만족스러워거 다음에 또 올게요,0,0,0,0,1,0,0,153,원
naver,조선시대,천학관,14.0,2026.01.30,1번째 방문,영수증,술 종류가 다양하구 안주 퀄리티가 대박이에요ㅋㅋㅋ 글구 테이블 오더기로 다른 테이블랑 겜도 할 수 있어서 넘 재밌어요!! 게임에 이겨서 코인을 얻으면 1000원씩 할인도 해주는게 너무 재밌게 잘만든거같애욯ㅎㅎㅎ,117,True,,,,술 종류가 다양하구 안주 퀄리티가 대박이에요ㅋㅋㅋ 글구 테이블 오더기로 다른 테이블랑 겜도 할 수 있어서 넘 재밌어요!! 게임에 이겨서 코인을 얻으면 1000원씩 할인도 해주는게 너무 재밌게 잘만든거같애욯ㅎㅎㅎ,술 종류가 다양하구 안주 퀄리티가 대박이에요 글구 테이블 오더기로 다른 테이블랑 겜도 할 수 있어서 넘 재밌어요 EXCLAM 게임에 이겨서 코인을 얻으면 1000원씩 할인도 해주는게 너무 재밌게 잘만든거같애욯,0,0,0,0,1,0,1,117,"원, 할인"
kakao,을밀대 본점,K-리뷰어,340.0,2026-05-02,,,인생 두번째 평양냉면으로 첫평냉집이 너무 맛집이었어서 그랬는지 ₩16000 같은 가격에 첫평냉집은 특별하기도 하고 대만족이었는데 을밀대는 같은 가격에 평범하고 그저 그랬어요. 평냉답게 슴슴하고 크게 특별한 것은 없었고 고기나 서비스나 여러모로 옛날집같고 평범하게 느껴진..! 주말 오후3시 방문. 줄은 좀 길었고 항상 긴것 같아요! 이 가격에 재방문은 굳이 안할것 같긴 한ㅎ..,211,True,2.0,4.1,골드 레벨,인생 두번째 평양냉면으로 첫평냉집이 너무 맛집이었어서 그랬는지 ₩16000 같은 가격에 첫평냉집은 특별하기도 하고 대만족이었는데 을밀대는 같은 가격에 평범하고 그저 그랬어요. 평냉답게 슴슴하고 크게 특별한 것은 없었고 고기나 서비스나 여러모로 옛날집같고 평범하게 느껴진..! 주말 오후3시 방문. 줄은 좀 길었고 항상 긴것 같아요! 이 가격에 재방문은 굳이 안할것 같긴 한ㅎ..,인생 두번째 평양냉면으로 첫평냉집이 너무 맛집이었어서 그랬는지 16000 같은 가격에 첫평냉집은 특별하기도 하고 대만족이었는데 을밀대는 같은 가격에 평범하고 그저 그랬어요 평냉답게 슴슴하고 크게 특별한 것은 없었고 고기나 서비스나 여러모로 옛날집같고 평범하게 느껴진 EXCLAM 주말 오후3시 방문 줄은 좀 길었고 항상 긴것 같아요 EXCLAM 이 가격에 재방문은 굳이 안할것 같긴 한,0,0,0,0,1,0,1,211,가격
naver,마포양지설렁탕,Eric9899,669.0,2025.03.10,1번째 방문,예약,맛이 없진 않다 하지만 기대가 컸던 탓인가? 아님 설렁탕이 가지고 있는 한계 때문일까? 깍두기는 달고 배추김치는 덜 익었고 가격은 착하지 않고 주차공간은 부족하고 다음에 기회가 된다면 다시 방문하겠지만 한동안은 갈 일이 없을듯 하다,129,True,,,,맛이 없진 않다 하지만 기대가 컸던 탓인가? 아님 설렁탕이 가지고 있는 한계 때문일까? 깍두기는 달고 배추김치는 덜 익었고 가격은 착하지 않고 주차공간은 부족하고 다음에 기회가 된다면 다시 방문하겠지만 한동안은 갈 일이 없을듯 하다,맛이 없진 않다 하지만 기대가 컸던 탓인가 QUESTION 아님 설렁탕이 가지고 있는 한계 때문일까 QUESTION 깍두기는 달고 배추김치는 덜 익었고 가격은 착하지 않고 주차공간은 부족하고 다음에 기회가 된다면 다시 방문하겠지만 한동안은 갈 일이 없을듯 하다,0,0,0,0,0,1,0,129,가격
naver,옥동식,먹죽귀,3548.0,2025.01.12,2번째 방문,영수증,마포 합정역에 위치한 빕그루망 옥동식 다녀왔어요 원격 테이블링을 안 하고 방문했더니 웨이팅이 있어 30분 정도 기다렸습니다 특히 일요일은 주변 맛집들이 휴무가 많아 대기가 더 길어졌어요 옥동식의 대표 메뉴인 돼지곰탕(특)과 김치만두를 주문했습니다 은은하고 따듯한 분위기와 좌석은 카운터석으로 되어 있어 혼밥 하기 좋은 분위기였어요 국물은 슴슴하면서 돼지국밥과는 다른 깔끔 담백한 맛입니다 고추지는 국물에 넣어 먹지 않고 고기를 수육처럼 따로 먹는 걸 추천드려요 계속 먹다 보면 감칠맛이 계속 올라오고 같이 나온 김치가 좋았습니다 특으로 주문해서 고기의 양이 많은 편이었고 김치만두는 다소 평범한 듯했으나 슴슴한 곰탕 국물과 잘 어울렸어요 혼밥 하기 눈치도 안보였고 직원분들도 굉장히 친절하셨습니다,389,True,,,,마포 합정역에 위치한 빕그루망 옥동식 다녀왔어요 원격 테이블링을 안 하고 방문했더니 웨이팅이 있어 30분 정도 기다렸습니다 특히 일요일은 주변 맛집들이 휴무가 많아 대기가 더 길어졌어요 옥동식의 대표 메뉴인 돼지곰탕(특)과 김치만두를 주문했습니다 은은하고 따듯한 분위기와 좌석은 카운터석으로 되어 있어 혼밥 하기 좋은 분위기였어요 국물은 슴슴하면서 돼지국밥과는 다른 깔끔 담백한 맛입니다 고추지는 국물에 넣어 먹지 않고 고기를 수육처럼 따로 먹는 걸 추천드려요 계속 먹다 보면 감칠맛이 계속 올라오고 같이 나온 김치가 좋았습니다 특으로 주문해서 고기의 양이 많은 편이었고 김치만두는 다소 평범한 듯했으나 슴슴한 곰탕 국물과 잘 어울렸어요 혼밥 하기 눈치도 안보였고 직원분들도 굉장히 친절하셨습니다,마포 합정역에 위치한 빕그루망 옥동식 다녀왔어요 원격 테이블링을 안 하고 방문했더니 웨이팅이 있어 30분 정도 기다렸습니다 특히 일요일은 주변 맛집들이 휴무가 많아 대기가 더 길어졌어요 옥동식의 대표 메뉴인 돼지곰탕 특 과 김치만두를 주문했습니다 은은하고 따듯한 분위기와 좌석은 카운터석으로 되어 있어 혼밥 하기 좋은 분위기였어요 국물은 슴슴하면서 돼지국밥과는 다른 깔끔 담백한 맛입니다 고추지는 국물에 넣어 먹지 않고 고기를 수육처럼 따로 먹는 걸 추천드려요 계속 먹다 보면 감칠맛이 계속 올라오고 같이 나온 김치가 좋았습니다 특으로 주문해서 고기의 양이 많은 편이었고 김치만두는 다소 평범한 듯했으나 슴슴한 곰탕 국물과 잘 어울렸어요 혼밥 하기 눈치도 안보였고 직원분들도 굉장히 친절하셨습니다,0,0,0,0,0,0,1,389,원
kakao,뼈탄집 성수역점,Sk,3.0,2026-01-03,,,"처음 방문한 곳이었는데 들어서자마자 깔끔하고 정돈된 인테리어가 인상적이었어요. 매장이 전반적으로 깨끗해서 식사하는 내내 기분이 좋았습니다. 무엇보다 고기 맛이 정말 기대 이상이었어요. 육질이 신선하고 잡내 없이 부드러워서 한 점 먹자마자 “잘 왔다”는 생각이 들더라고요. 굽는 동안에도 향이 좋아서 계속 입맛을 자극했고, 어떻게 먹어도 맛있어서 만족도가 높았습니다. 직원분들도 하나같이 친절하게 응대해 주셔서 처음 방문했음에도 불편함 없이 편하게 식사할 수 있었어요. 필요한 부분을 바로바로 챙겨주시고 설명도 잘 해주셔서 더 좋았습니다. 전체적으로 맛, 분위기, 서비스까지 고루 만족스러운 곳이라 다음에도 꼭 다시 방문하고 싶은 곳이에요. 고기 맛있는 집 찾으시는 분들께 추천하고 싶습니다! 👍",388,True,5.0,5.0,브론즈 레벨,"처음 방문한 곳이었는데 들어서자마자 깔끔하고 정돈된 인테리어가 인상적이었어요. 매장이 전반적으로 깨끗해서 식사하는 내내 기분이 좋았습니다. 무엇보다 고기 맛이 정말 기대 이상이었어요. 육질이 신선하고 잡내 없이 부드러워서 한 점 먹자마자 “잘 왔다”는 생각이 들더라고요. 굽는 동안에도 향이 좋아서 계속 입맛을 자극했고, 어떻게 먹어도 맛있어서 만족도가 높았습니다. 직원분들도 하나같이 친절하게 응대해 주셔서 처음 방문했음에도 불편함 없이 편하게 식사할 수 있었어요. 필요한 부분을 바로바로 챙겨주시고 설명도 잘 해주셔서 더 좋았습니다. 전체적으로 맛, 분위기, 서비스까지 고루 만족스러운 곳이라 다음에도 꼭 다시 방문하고 싶은 곳이에요. 고기 맛있는 집 찾으시는 분들께 추천하고 싶습니다! 👍",처음 방문한 곳이었는데 들어서자마자 깔끔하고 정돈된 인테리어가 인상적이었어요 매장이 전반적으로 깨끗해서 식사하는 내내 기분이 좋았습니다 무엇보다 고기 맛이 정말 기대 이상이었어요 육질이 신선하고 잡내 없이 부드러워서 한 점 먹자마자 잘 왔다 는 생각이 들더라고요 굽는 동안에도 향이 좋아서 계속 입맛을 자극했고 어떻게 먹어도 맛있어서 만족도가 높았습니다 직원분들도 하나같이 친절하게 응대해 주셔서 처음 방문했음에도 불편함 없이 편하게 식사할 수 있었어요 필요한 부분을 바로바로 챙겨주시고 설명도 잘 해주셔서 더 좋았습니다 전체적으로 맛 분위기 서비스까지 고루 만족스러운 곳이라 다음에도 꼭 다시 방문하고 싶은 곳이에요 고기 맛있는 집 찾으시는 분들께 추천하고 싶습니다 EXCLAM EMO_POS,1,0,0,0,1,0,0,388,"돈, 원"
naver,금금 성수점,seohyeonie,34.0,2026.03.07,1번째 방문,영수증,음식도 정갈하고 직원분들도 친절하세요!! 친구랑 같이 저녁으로 밥 먹기 좋은 장소인거 같아요~~ 다음에 성수 오면 또 올거 같아요!! 추천해용🤍🤍,81,True,,,,음식도 정갈하고 직원분들도 친절하세요!! 친구랑 같이 저녁으로 밥 먹기 좋은 장소인거 같아요~~ 다음에 성수 오면 또 올거 같아요!! 추천해용🤍🤍,음식도 정갈하고 직원분들도 친절하세요 EXCLAM 친구랑 같이 저녁으로 밥 먹기 좋은 장소인거 같아요 TILDE 다음에 성수 오면 또 올거 같아요 EXCLAM 추천해용 EMO_POS EMO_POS,1,0,0,0,1,0,0,81,원
naver,일등식당,지금yr,30.0,2026.01.02,1번째 방문,영수증,왜??????왜 맛집이라는거죠?????고기는 잡내에 국물은 맹탕인데 시원한맛도 구수한 맛도 없는데 중간만도 못한 집인데....8천원도 아깝네요,79,False,,,,왜??????왜 맛집이라는거죠?????고기는 잡내에 국물은 맹탕인데 시원한맛도 구수한 맛도 없는데 중간만도 못한 집인데....8천원도 아깝네요,왜 QUESTION 왜 맛집이라는거죠 QUESTION 고기는 잡내에 국물은 맹탕인데 시원한맛도 구수한 맛도 없는데 중간만도 못한 집인데 8천원도 아깝네요,0,0,0,0,0,1,1,79,"원, 아깝"
naver,굴다리식당,테디정84,438.0,2025.07.20,1번째 방문,예약,"오래된 공덕역 근처 김치찌개 전문 ‘굴다리식당’ 묵은지 느낌의 깊은 맛의 김치찌개와 감칠맛 양념이 들어간 제육볶음 맛있게 먹었어요. 계란말이도(10,000원) 두명 이상 가면 꼭 주문해서 옛날 케첩에 찍어서 먹어보세요. 밑반찬류도 어르신 손맛이 느껴지는 집밥 한끼 든든히 먹고 싶으면 굴다리식당 추천해요. 꿀팁🍯 식사 후 근처 ‘프릳츠 도화점’에서 커피 한잔 마시면 젤 좋은 루트",212,True,,,,"오래된 공덕역 근처 김치찌개 전문 ‘굴다리식당’ 묵은지 느낌의 깊은 맛의 김치찌개와 감칠맛 양념이 들어간 제육볶음 맛있게 먹었어요. 계란말이도(10,000원) 두명 이상 가면 꼭 주문해서 옛날 케첩에 찍어서 먹어보세요. 밑반찬류도 어르신 손맛이 느껴지는 집밥 한끼 든든히 먹고 싶으면 굴다리식당 추천해요. 꿀팁🍯 식사 후 근처 ‘프릳츠 도화점’에서 커피 한잔 마시면 젤 좋은 루트",오래된 공덕역 근처 김치찌개 전문 굴다리식당 묵은지 느낌의 깊은 맛의 김치찌개와 감칠맛 양념이 들어간 제육볶음 맛있게 먹었어요 계란말이도 10 000원 두명 이상 가면 꼭 주문해서 옛날 케첩에 찍어서 먹어보세요 밑반찬류도 어르신 손맛이 느껴지는 집밥 한끼 든든히 먹고 싶으면 굴다리식당 추천해요 꿀팁 식사 후 근처 프릳츠 도화점 에서 커피 한잔 마시면 젤 좋은 루트,0,0,0,0,0,0,1,212,원
naver,뼈탄집 성수역점,룩엣제이,95.0,2026.04.19,1번째 방문,영수증,두툼한 고기를 직원분들이 직접 구워줘서 너무 좋아요! 볶음밥도 치즈폭탄 마싯었어요🤤,46,True,,,,두툼한 고기를 직원분들이 직접 구워줘서 너무 좋아요! 볶음밥도 치즈폭탄 마싯었어요🤤,두툼한 고기를 직원분들이 직접 구워줘서 너무 좋아요 EXCLAM 볶음밥도 치즈폭탄 마싯었어요,0,0,0,0,1,0,0,46,원
kakao,락희옥 마포본점,등촌댁,5.0,2025-03-29,,,원래 종로 지하에 있을때 종종 갔었는데 마포본점은 처음 와봐요~ 오랜만에 김치말이 국수도 먹고 싶었는데 잘 먹었습니다 분위기도 너무 좋고 친절하시고 맛있기도 해서 친구들과 모임장소로 딱좋아요!!,108,False,5.0,4.2,브론즈 레벨,원래 종로 지하에 있을때 종종 갔었는데 마포본점은 처음 와봐요~ 오랜만에 김치말이 국수도 먹고 싶었는데 잘 먹었습니다 분위기도 너무 좋고 친절하시고 맛있기도 해서 친구들과 모임장소로 딱좋아요!!,원래 종로 지하에 있을때 종종 갔었는데 마포본점은 처음 와봐요 오랜만에 김치말이 국수도 먹고 싶었는데 잘 먹었습니다 분위기도 너무 좋고 친절하시고 맛있기도 해서 친구들과 모임장소로 딱좋아요 EXCLAM,0,0,0,0,1,0,0,108,원
naver,옥동식,데일리한 웅이,204.0,2026.03.16,1번째 방문,영수증,"웨이팅은 기본으로 있는 유명하다는 미쉐린 맛집 ""옥동식""에 다녀온 솔직한 평가 반찬부터보면 고추지와 김치만 딱 나오는데, 김치는 시원하면서 깔끔했고, 고추지는 돼지곰탕의 고기와 함께먹는 용도 돼지곰탕은 금방 나왔는데, 일단 간이 아주 슴슴한 편이라서 평양냉면같다는 말이 왜 나온지 알 것 같은 느낌 맑고 깔끔한 스타일을 좋아하는 편이라서 선호하는 스타일이지만 확실히 간이 약한 편이라서 처음 먹어보는 스타일이였음, 고기는 솔직히 말해서 전체적으로 간을 쎄게 안해서 그런지 고기가 신선하지 않을리는 없을텐데, 고기에서의 잡내가 은은하게 올라와서 먹었을 때 살짝 당황스럽긴했음, 본래의 추구미인지 모르겠지만 잡내가 느껴지긴했음, 전반적으로 깔끔하게 한끼를 마무리할 수 있고, 속이 아주 편안한 느낌을 받음, 모르겠어요!",400,True,,,,"웨이팅은 기본으로 있는 유명하다는 미쉐린 맛집 ""옥동식""에 다녀온 솔직한 평가 반찬부터보면 고추지와 김치만 딱 나오는데, 김치는 시원하면서 깔끔했고, 고추지는 돼지곰탕의 고기와 함께먹는 용도 돼지곰탕은 금방 나왔는데, 일단 간이 아주 슴슴한 편이라서 평양냉면같다는 말이 왜 나온지 알 것 같은 느낌 맑고 깔끔한 스타일을 좋아하는 편이라서 선호하는 스타일이지만 확실히 간이 약한 편이라서 처음 먹어보는 스타일이였음, 고기는 솔직히 말해서 전체적으로 간을 쎄게 안해서 그런지 고기가 신선하지 않을리는 없을텐데, 고기에서의 잡내가 은은하게 올라와서 먹었을 때 살짝 당황스럽긴했음, 본래의 추구미인지 모르겠지만 잡내가 느껴지긴했음, 전반적으로 깔끔하게 한끼를 마무리할 수 있고, 속이 아주 편안한 느낌을 받음, 모르겠어요!",웨이팅은 기본으로 있는 유명하다는 미쉐린 맛집 옥동식 에 다녀온 솔직한 평가 반찬부터보면 고추지와 김치만 딱 나오는데 김치는 시원하면서 깔끔했고 고추지는 돼지곰탕의 고기와 함께먹는 용도 돼지곰탕은 금방 나왔는데 일단 간이 아주 슴슴한 편이라서 평양냉면같다는 말이 왜 나온지 알 것 같은 느낌 맑고 깔끔한 스타일을 좋아하는 편이라서 선호하는 스타일이지만 확실히 간이 약한 편이라서 처음 먹어보는 스타일이였음 고기는 솔직히 말해서 전체적으로 간을 쎄게 안해서 그런지 고기가 신선하지 않을리는 없을텐데 고기에서의 잡내가 은은하게 올라와서 먹었을 때 살짝 당황스럽긴했음 본래의 추구미인지 모르겠지만 잡내가 느껴지긴했음 전반적으로 깔끔하게 한끼를 마무리할 수 있고 속이 아주 편안한 느낌을 받음 모르겠어요 EXCLAM,0,0,0,0,1,0,0,400,원
naver,일등식당,보리보리47,681.0,2025.08.02,1번째 방문,영수증,뼈와 시래기다 푹 삶아져서 어린이도 먹기좋습니다. 주차할 곳이 없어서 망원시장에 하고 왔어요. 매장이 조금 더웠습니다. 잘먹고 포장도 해왔어요. 장사하시는 어르신들 건강하세요.,98,True,,,,뼈와 시래기다 푹 삶아져서 어린이도 먹기좋습니다. 주차할 곳이 없어서 망원시장에 하고 왔어요. 매장이 조금 더웠습니다. 잘먹고 포장도 해왔어요. 장사하시는 어르신들 건강하세요.,뼈와 시래기다 푹 삶아져서 어린이도 먹기좋습니다 주차할 곳이 없어서 망원시장에 하고 왔어요 매장이 조금 더웠습니다 잘먹고 포장도 해왔어요 장사하시는 어르신들 건강하세요,0,0,0,0,0,0,0,98,원
naver,훼미리손칼국수보쌈,닉네임 고민하다 1시간 보낸 사람,1414.0,2026.03.06,2번째 방문,영수증,"맛있는 보쌈집. 이만한 가격에 양을 주는 곳이 없다. 부드러운 보쌈고기에 김치까지. 한식과 김치의 맛을 느끼기엔 참 좋은 곳이다. 일본 tv에도 나왔어서 그런지 일본 관광객이 있는 편. 점심시간 대기는 20분이 걸렸다. 그래도 요리가 금방 나오고 먹는데에 20분이면 충분하니 기다릴만 한 것 같다. 인당 15,000원의 보쌈 정식으로 셋이 먹으면 저정도 양이 나온다. 한점씩 적당히 먹으면 배부르게 먹을 수 있다(대식가가 일행에 안 껴있는 조건).",250,True,,,,"맛있는 보쌈집. 이만한 가격에 양을 주는 곳이 없다. 부드러운 보쌈고기에 김치까지. 한식과 김치의 맛을 느끼기엔 참 좋은 곳이다. 일본 tv에도 나왔어서 그런지 일본 관광객이 있는 편. 점심시간 대기는 20분이 걸렸다. 그래도 요리가 금방 나오고 먹는데에 20분이면 충분하니 기다릴만 한 것 같다. 인당 15,000원의 보쌈 정식으로 셋이 먹으면 저정도 양이 나온다. 한점씩 적당히 먹으면 배부르게 먹을 수 있다(대식가가 일행에 안 껴있는 조건).",맛있는 보쌈집 이만한 가격에 양을 주는 곳이 없다 부드러운 보쌈고기에 김치까지 한식과 김치의 맛을 느끼기엔 참 좋은 곳이다 일본 tv에도 나왔어서 그런지 일본 관광객이 있는 편 점심시간 대기는 20분이 걸렸다 그래도 요리가 금방 나오고 먹는데에 20분이면 충분하니 기다릴만 한 것 같다 인당 15 000원의 보쌈 정식으로 셋이 먹으면 저정도 양이 나온다 한점씩 적당히 먹으면 배부르게 먹을 수 있다 대식가가 일행에 안 껴있는 조건,0,0,0,0,0,0,1,250,"가격, 원"
naver,장인닭갈비 홍대점,emp****,14.0,2026.01.02,1번째 방문,영수증,20분 웨이팅이 아깝지않은 맛입니다 정말정말 맛있어요 홍대가면 꼭 방문해보세요,43,True,,,,20분 웨이팅이 아깝지않은 맛입니다 정말정말 맛있어요 홍대가면 꼭 방문해보세요,20분 웨이팅이 아깝지않은 맛입니다 정말정말 맛있어요 홍대가면 꼭 방문해보세요,0,0,0,0,0,0,1,43,아깝
kakao,이태리국시 성수,흉노족족장,17.0,2026-04-18,,,직원분들 넘 친절하시고 빠에야 넘 맛있어요~! 데이트할때 오기좋을것같아요,40,True,5.0,4.5,실버 레벨,직원분들 넘 친절하시고 빠에야 넘 맛있어요~! 데이트할때 오기좋을것같아요,직원분들 넘 친절하시고 빠에야 넘 맛있어요 EXCLAM 데이트할때 오기좋을것같아요,0,0,0,0,1,0,0,40,원
kakao,각시보쌈,Hul,67.0,2026-05-02,,,"주변에 살고 있기에 오가며 보면, 대기인원이 제법있기에 맛이 궁금했다. 마침 어버이 날이라 가족과 방문했다. 주문메뉴는 쟁반국수, 홍어, 보쌈 세가지 주문함. 이제부터 맛점수 : 쟁반국수:★(엄청 달고 겨자가 너무 많아 먹기 힘듬) 보쌈:★★★ (사진발, 보쌈밑에 상추로 기초공사) 홍어 : ★★★★★(정말 제대로 삭힌 홍어:갑) 홍어를 즐길 줄 아는 친구랑은 방문의사 있어도 쟁반, 보쌈으로는 재방문의사 없음.",230,False,2.0,2.9,실버 레벨,"주변에 살고 있기에 오가며 보면, 대기인원이 제법있기에 맛이 궁금했다. 마침 어버이 날이라 가족과 방문했다. 주문메뉴는 쟁반국수, 홍어, 보쌈 세가지 주문함. 이제부터 맛점수 : 쟁반국수:★(엄청 달고 겨자가 너무 많아 먹기 힘듬) 보쌈:★★★ (사진발, 보쌈밑에 상추로 기초공사) 홍어 : ★★★★★(정말 제대로 삭힌 홍어:갑) 홍어를 즐길 줄 아는 친구랑은 방문의사 있어도 쟁반, 보쌈으로는 재방문의사 없음.",주변에 살고 있기에 오가며 보면 대기인원이 제법있기에 맛이 궁금했다 마침 어버이 날이라 가족과 방문했다 주문메뉴는 쟁반국수 홍어 보쌈 세가지 주문함 이제부터 맛점수 쟁반국수 엄청 달고 겨자가 너무 많아 먹기 힘듬 보쌈 사진발 보쌈밑에 상추로 기초공사 홍어 정말 제대로 삭힌 홍어 갑 홍어를 즐길 줄 아는 친구랑은 방문의사 있어도 쟁반 보쌈으로는 재방문의사 없음,0,0,0,0,0,0,0,230,원
kakao,일등식당,어때,35.0,2025-04-27,,,"서울하프마라톤 끝나고 절뚝이면서 갔습니다. 와보니까 웬걸 페이스메이커분들 회식 ㄷㄷ 여긴 맛집이다 싶어서 웨이팅 하기로 함. 혼밥은 합석도 가능하다고해서 어떤 분이랑 마주보며 먹었습니다. 맛있어서 어색함도 잊고 그냥 허겁지겁 먹었습미다. 해장국의 맛을 설명하자면 조미료 범벅 시뻘건 일반적인 그런 해장국 아니구요, 시래기 넣고 맑게 끓인 덜 자극적인 그런 시원한(?) 해장국입니다. 간은 적당했습니다. 돼지뼈는 오래 삶아서인지 살과 뼈가 분리가 아주 잘 됐습니다. 뼛가루 조심하세요!! 상암 들릴 때마다 출출할 때 가봄직한 곳입니다. 멀리에서 이 해장국 먹자고 찾아올 정도는 아니에요 그래도 좋았습니다~",337,False,4.0,3.9,실버 레벨,"서울하프마라톤 끝나고 절뚝이면서 갔습니다. 와보니까 웬걸 페이스메이커분들 회식 ㄷㄷ 여긴 맛집이다 싶어서 웨이팅 하기로 함. 혼밥은 합석도 가능하다고해서 어떤 분이랑 마주보며 먹었습니다. 맛있어서 어색함도 잊고 그냥 허겁지겁 먹었습미다. 해장국의 맛을 설명하자면 조미료 범벅 시뻘건 일반적인 그런 해장국 아니구요, 시래기 넣고 맑게 끓인 덜 자극적인 그런 시원한(?) 해장국입니다. 간은 적당했습니다. 돼지뼈는 오래 삶아서인지 살과 뼈가 분리가 아주 잘 됐습니다. 뼛가루 조심하세요!! 상암 들릴 때마다 출출할 때 가봄직한 곳입니다. 멀리에서 이 해장국 먹자고 찾아올 정도는 아니에요 그래도 좋았습니다~",서울하프마라톤 끝나고 절뚝이면서 갔습니다 와보니까 웬걸 페이스메이커분들 회식 여긴 맛집이다 싶어서 웨이팅 하기로 함 혼밥은 합석도 가능하다고해서 어떤 분이랑 마주보며 먹었습니다 맛있어서 어색함도 잊고 그냥 허겁지겁 먹었습미다 해장국의 맛을 설명하자면 조미료 범벅 시뻘건 일반적인 그런 해장국 아니구요 시래기 넣고 맑게 끓인 덜 자극적인 그런 시원한 QUESTION 해장국입니다 간은 적당했습니다 돼지뼈는 오래 삶아서인지 살과 뼈가 분리가 아주 잘 됐습니다 뼛가루 조심하세요 EXCLAM 상암 들릴 때마다 출출할 때 가봄직한 곳입니다 멀리에서 이 해장국 먹자고 찾아올 정도는 아니에요 그래도 좋았습니다,0,0,0,0,1,1,0,337,원
naver,장인닭갈비 홍대점,el****,22.0,2026.04.10,1번째 방문,영수증,직원분들도 너무 친절하시구 음식도 완전 맛잇어요ㅠㅠㅠ 사장님도 완전 재밋으신 분 같으시고 직원언니들 너무너무 이뻐여,64,True,,,,직원분들도 너무 친절하시구 음식도 완전 맛잇어요ㅠㅠㅠ 사장님도 완전 재밋으신 분 같으시고 직원언니들 너무너무 이뻐여,직원분들도 너무 친절하시구 음식도 완전 맛잇어요 사장님도 완전 재밋으신 분 같으시고 직원언니들 너무너무 이뻐여,0,0,0,1,0,0,0,64,원
naver,이태리국시 성수,란8854,8.0,2026.03.27,1번째 방문,영수증,"1인 예약 했는데도 자리 잘 정리해서 잡아놓아주셔서 기분 좋게 식사 했습니다. 식사 도중에도 방해 안되게 조용히 서빙해주시고 자리간의 간격도 넓어서 쾌적하네요~ 음식 너무 맛있고, 식사 분위기 직원분들 센스 너무 좋아서 남편이랑 한번 더 오려합니다^^ 파스타에 대창은 처음인데 너무 맛있어요 ♡ 짱아찌 JMT",172,True,,,,"1인 예약 했는데도 자리 잘 정리해서 잡아놓아주셔서 기분 좋게 식사 했습니다. 식사 도중에도 방해 안되게 조용히 서빙해주시고 자리간의 간격도 넓어서 쾌적하네요~ 음식 너무 맛있고, 식사 분위기 직원분들 센스 너무 좋아서 남편이랑 한번 더 오려합니다^^ 파스타에 대창은 처음인데 너무 맛있어요 ♡ 짱아찌 JMT",1인 예약 했는데도 자리 잘 정리해서 잡아놓아주셔서 기분 좋게 식사 했습니다 식사 도중에도 방해 안되게 조용히 서빙해주시고 자리간의 간격도 넓어서 쾌적하네요 음식 너무 맛있고 식사 분위기 직원분들 센스 너무 좋아서 남편이랑 한번 더 오려합니다 파스타에 대창은 처음인데 너무 맛있어요 EMO_POS 짱아찌 JMT,1,0,0,0,0,0,1,172,원
naver,옥동식,맛집지도쏘쏘,450.0,2025.08.10,1번째 방문,영수증,일요일 오전 11시30분 캐치테이블로 예약하고 43번째였는데 1시40분에 들어갔습니다 (2시간10분 걸림) 중간중간 온라인 예약도 인원이 많으면 마감되더라고요 뉴욕 매장 티비로 보다가 궁금해서 방문했고 국물이 맑은게 우리가 흔히아는 부산 돼지국밥과는 다른 맛이었고 국물 오묘하니 맛있었습니다 김치만두는 평범했고 아쉬운 점은 밥이 너무 덜익은 것같았어요. 국물에 토렴해서 주시니 퍼질것을 예상하고 지은 밥 인듯 한데 엄마랑 저에겐 좀 딱딱하게 느껴졌습니다. 고기는 부드럽고 얇고 특히 양념장이 정말 개운하게 느끼함을 잡아주었습니다 :),298,True,,,,일요일 오전 11시30분 캐치테이블로 예약하고 43번째였는데 1시40분에 들어갔습니다 (2시간10분 걸림) 중간중간 온라인 예약도 인원이 많으면 마감되더라고요 뉴욕 매장 티비로 보다가 궁금해서 방문했고 국물이 맑은게 우리가 흔히아는 부산 돼지국밥과는 다른 맛이었고 국물 오묘하니 맛있었습니다 김치만두는 평범했고 아쉬운 점은 밥이 너무 덜익은 것같았어요. 국물에 토렴해서 주시니 퍼질것을 예상하고 지은 밥 인듯 한데 엄마랑 저에겐 좀 딱딱하게 느껴졌습니다. 고기는 부드럽고 얇고 특히 양념장이 정말 개운하게 느끼함을 잡아주었습니다 :),일요일 오전 11시30분 캐치테이블로 예약하고 43번째였는데 1시40분에 들어갔습니다 2시간10분 걸림 중간중간 온라인 예약도 인원이 많으면 마감되더라고요 뉴욕 매장 티비로 보다가 궁금해서 방문했고 국물이 맑은게 우리가 흔히아는 부산 돼지국밥과는 다른 맛이었고 국물 오묘하니 맛있었습니다 김치만두는 평범했고 아쉬운 점은 밥이 너무 덜익은 것같았어요 국물에 토렴해서 주시니 퍼질것을 예상하고 지은 밥 인듯 한데 엄마랑 저에겐 좀 딱딱하게 느껴졌습니다 고기는 부드럽고 얇고 특히 양념장이 정말 개운하게 느끼함을 잡아주었습니다,0,0,0,0,0,0,1,298,원
naver,을밀대 평양냉면,Crorong,,2025.06.20,1번째 방문,영수증,아직까진 을밀대를 평냉 중에 제일 좋아합니다. 일산점만 가봤는데 본점이 더 맛있네요. 일단 기본으로 나오는 육수 온도와 거냉 국물 온도가 다릅니다. 육수는 따듯하규 거냉국물은 시원해요. 다른 지점은 춥고 차가운데 본점은 온도가 잘 맞으니 저는 더 맛있더라고요. 고기도 얇고 더 부드러웠고 맛이 진했습니다. 소신발언 하자면 녹두전 너무 맛있지만 왜 만삼천원인지는 모르겠어요. 다른 지점에 비해서 더 바싹하게 구워졌는데 맛있어요. 너무 맛있는데 8천원 받아도 많이 받는다 생각이 들고 솔직히 6천원이면 충분합니다. 잘 먹었습니다.,294,True,,,,아직까진 을밀대를 평냉 중에 제일 좋아합니다. 일산점만 가봤는데 본점이 더 맛있네요. 일단 기본으로 나오는 육수 온도와 거냉 국물 온도가 다릅니다. 육수는 따듯하규 거냉국물은 시원해요. 다른 지점은 춥고 차가운데 본점은 온도가 잘 맞으니 저는 더 맛있더라고요. 고기도 얇고 더 부드러웠고 맛이 진했습니다. 소신발언 하자면 녹두전 너무 맛있지만 왜 만삼천원인지는 모르겠어요. 다른 지점에 비해서 더 바싹하게 구워졌는데 맛있어요. 너무 맛있는데 8천원 받아도 많이 받는다 생각이 들고 솔직히 6천원이면 충분합니다. 잘 먹었습니다.,아직까진 을밀대를 평냉 중에 제일 좋아합니다 일산점만 가봤는데 본점이 더 맛있네요 일단 기본으로 나오는 육수 온도와 거냉 국물 온도가 다릅니다 육수는 따듯하규 거냉국물은 시원해요 다른 지점은 춥고 차가운데 본점은 온도가 잘 맞으니 저는 더 맛있더라고요 고기도 얇고 더 부드러웠고 맛이 진했습니다 소신발언 하자면 녹두전 너무 맛있지만 왜 만삼천원인지는 모르겠어요 다른 지점에 비해서 더 바싹하게 구워졌는데 맛있어요 너무 맛있는데 8천원 받아도 많이 받는다 생각이 들고 솔직히 6천원이면 충분합니다 잘 먹었습니다,0,0,0,0,0,0,1,294,원
naver,황금콩밭,Limes,2011.0,2025.02.22,1번째 방문,영수증,"애오개역 부근에 있는 콩 전문 음식점이에요. 2명이 가서 청국장(13,000원)과 두부완자(25,000원) 주문해서 먹었어요. 청국장은 이곳의 대표 음식으로, 간은 좀 싱거웠지만 건강한 음식인 듯 했고, 두부완자는 기름에 거의 튀겨낸 듯ᆢ🥢",134,True,,,,"애오개역 부근에 있는 콩 전문 음식점이에요. 2명이 가서 청국장(13,000원)과 두부완자(25,000원) 주문해서 먹었어요. 청국장은 이곳의 대표 음식으로, 간은 좀 싱거웠지만 건강한 음식인 듯 했고, 두부완자는 기름에 거의 튀겨낸 듯ᆢ🥢",애오개역 부근에 있는 콩 전문 음식점이에요 2명이 가서 청국장 13 000원 과 두부완자 25 000원 주문해서 먹었어요 청국장은 이곳의 대표 음식으로 간은 좀 싱거웠지만 건강한 음식인 듯 했고 두부완자는 기름에 거의 튀겨낸 듯,0,0,0,0,0,0,1,134,원
kakao,능동미나리 성수점,술쟁이,120.0,2025-04-28,,,"토요일 11시15분쯤에 가니 줄안서고 바로 들어감. 먹고 12시쯤 나오니 웨이팅 장난 아니었음. 정갈하게 맛있음. 미나리육회비빔밥은 사실 해먹으면 집에서 해먹을 수 있는 맛이지만, 그래도 굿. 다만 가격이 다소 비싼느낌",122,False,4.0,3.6,골드 레벨,"토요일 11시15분쯤에 가니 줄안서고 바로 들어감. 먹고 12시쯤 나오니 웨이팅 장난 아니었음. 정갈하게 맛있음. 미나리육회비빔밥은 사실 해먹으면 집에서 해먹을 수 있는 맛이지만, 그래도 굿. 다만 가격이 다소 비싼느낌",토요일 11시15분쯤에 가니 줄안서고 바로 들어감 먹고 12시쯤 나오니 웨이팅 장난 아니었음 정갈하게 맛있음 미나리육회비빔밥은 사실 해먹으면 집에서 해먹을 수 있는 맛이지만 그래도 굿 다만 가격이 다소 비싼느낌,0,0,0,0,0,0,1,122,가격
naver,성수족발,BeomJop,3478.0,2025.09.22,1번째 방문,영수증,"많이 식기도 했고, 말랐었던 족발이었으며, 포스기가 없고 마지막에 계산하는 중국인 아줌마가 캐셔 아줌마에게 말하는 것이 결국 가격이라 제가 중짜를 먹었음에도 불구하고 특대 가격으로 불러서 잘못 결제를 했습니다. 가시는분들 꼭 자기 테이블이 얼마 먹었는지 계산 꼭!! 꼭!! 하고 결제하세요, 그냥 부르는대로 결제합니다. 삼대족발이라고 많이들 줄서서 먹지만, 좌식 테이블은 수십년 그대로 이어져오며, 시설에 대한 투자는 없고, 낙후된 결제방식만이 남아있는 삼대족발이네요",261,True,,,,"많이 식기도 했고, 말랐었던 족발이었으며, 포스기가 없고 마지막에 계산하는 중국인 아줌마가 캐셔 아줌마에게 말하는 것이 결국 가격이라 제가 중짜를 먹었음에도 불구하고 특대 가격으로 불러서 잘못 결제를 했습니다. 가시는분들 꼭 자기 테이블이 얼마 먹었는지 계산 꼭!! 꼭!! 하고 결제하세요, 그냥 부르는대로 결제합니다. 삼대족발이라고 많이들 줄서서 먹지만, 좌식 테이블은 수십년 그대로 이어져오며, 시설에 대한 투자는 없고, 낙후된 결제방식만이 남아있는 삼대족발이네요",많이 식기도 했고 말랐었던 족발이었으며 포스기가 없고 마지막에 계산하는 중국인 아줌마가 캐셔 아줌마에게 말하는 것이 결국 가격이라 제가 중짜를 먹었음에도 불구하고 특대 가격으로 불러서 잘못 결제를 했습니다 가시는분들 꼭 자기 테이블이 얼마 먹었는지 계산 꼭 EXCLAM 꼭 EXCLAM 하고 결제하세요 그냥 부르는대로 결제합니다 삼대족발이라고 많이들 줄서서 먹지만 좌식 테이블은 수십년 그대로 이어져오며 시설에 대한 투자는 없고 낙후된 결제방식만이 남아있는 삼대족발이네요,0,0,0,0,1,0,0,261,가격
kakao,황금콩밭,정직하게 살자.,267.0,2026-01-25,,,음식점 쌀 원산지 거짓표시 2025.08.29 표시변경 국립농산물품질관리원 경기지원장,47,False,1.0,1.4,골드 레벨,음식점 쌀 원산지 거짓표시 2025.08.29 표시변경 국립농산물품질관리원 경기지원장,음식점 쌀 원산지 거짓표시 2025 08 29 표시변경 국립농산물품질관리원 경기지원장,0,0,0,0,0,0,1,47,원
naver,이태리국시 성수,힘두러용37,38.0,2026.05.02,1번째 방문,영수증,직원 분들도 친절하시고 매장도 쾌적하고 넓어요! 메뉴도 너무너무 맛있어요 🤤,42,True,,,,직원 분들도 친절하시고 매장도 쾌적하고 넓어요! 메뉴도 너무너무 맛있어요 🤤,직원 분들도 친절하시고 매장도 쾌적하고 넓어요 EXCLAM 메뉴도 너무너무 맛있어요,0,0,0,0,1,0,0,42,원
naver,훼미리손칼국수보쌈,찐찐찐39,27.0,2025.05.21,1번째 방문,영수증,"”전현무“가는 식당 다신 안갑니다. 11:15에 도착해서 12:10쯤 들어갔는데 1. 청결도 테이블도 치우고 양념무생채도 만지는 만능 라텍스 장갑 낀 젊은남자분 서빙에 경악했어요. 2. 맛 보쌈과 칼국수 바로 나왔는데 어떤 부위인지 알 수 없는 고기에 원래 비계랑 살코기 같이 먹는데 떼고 먹었고 김치가 정말 맛없었어요. 칼국수 면은 기성품인데 너무 퍼져서 국물 몇번 떠먹고 말았습니다. 3. 매장 분위기 주방 바로 앞이라 더 그럴 수 있지만 그릇 딸그락 거리는 소리, 부딪히는 소리에 대화가 안 되었고 밥을 코로 먹었는지 입으로 먹었는지 모르겠어서 대충 먹고 20분만에 나왔습니다. 심지어 은색 전축에선 구슬픈 김광석 노래가 나와요. 4. 전체평 전현무는 못 믿고 거른다. 내 아까운 한끼 내놔라!",391,True,,,,"”전현무“가는 식당 다신 안갑니다. 11:15에 도착해서 12:10쯤 들어갔는데 1. 청결도 테이블도 치우고 양념무생채도 만지는 만능 라텍스 장갑 낀 젊은남자분 서빙에 경악했어요. 2. 맛 보쌈과 칼국수 바로 나왔는데 어떤 부위인지 알 수 없는 고기에 원래 비계랑 살코기 같이 먹는데 떼고 먹었고 김치가 정말 맛없었어요. 칼국수 면은 기성품인데 너무 퍼져서 국물 몇번 떠먹고 말았습니다. 3. 매장 분위기 주방 바로 앞이라 더 그럴 수 있지만 그릇 딸그락 거리는 소리, 부딪히는 소리에 대화가 안 되었고 밥을 코로 먹었는지 입으로 먹었는지 모르겠어서 대충 먹고 20분만에 나왔습니다. 심지어 은색 전축에선 구슬픈 김광석 노래가 나와요. 4. 전체평 전현무는 못 믿고 거른다. 내 아까운 한끼 내놔라!",전현무 가는 식당 다신 안갑니다 11 15에 도착해서 12 10쯤 들어갔는데 1 청결도 테이블도 치우고 양념무생채도 만지는 만능 라텍스 장갑 낀 젊은남자분 서빙에 경악했어요 2 맛 보쌈과 칼국수 바로 나왔는데 어떤 부위인지 알 수 없는 고기에 원래 비계랑 살코기 같이 먹는데 떼고 먹었고 김치가 정말 맛없었어요 칼국수 면은 기성품인데 너무 퍼져서 국물 몇번 떠먹고 말았습니다 3 매장 분위기 주방 바로 앞이라 더 그럴 수 있지만 그릇 딸그락 거리는 소리 부딪히는 소리에 대화가 안 되었고 밥을 코로 먹었는지 입으로 먹었는지 모르겠어서 대충 먹고 20분만에 나왔습니다 심지어 은색 전축에선 구슬픈 김광석 노래가 나와요 4 전체평 전현무는 못 믿고 거른다 내 아까운 한끼 내놔라 EXCLAM,0,0,0,0,1,0,1,391,원
naver,보끔당 성수점,hyeon9K,,2026.01.04,1번째 방문,영수증,회사 근처라서 점심에 자주 오다가 저녁에 와서 여유롭게 먹으니 좋네요 살도 야들하고 직원들도 친절합니다 나중에 볶아먹는 밥이 맛있어요 근데 기본적으로 좀 매운편입니다,92,True,,,,회사 근처라서 점심에 자주 오다가 저녁에 와서 여유롭게 먹으니 좋네요 살도 야들하고 직원들도 친절합니다 나중에 볶아먹는 밥이 맛있어요 근데 기본적으로 좀 매운편입니다,회사 근처라서 점심에 자주 오다가 저녁에 와서 여유롭게 먹으니 좋네요 살도 야들하고 직원들도 친절합니다 나중에 볶아먹는 밥이 맛있어요 근데 기본적으로 좀 매운편입니다,0,0,0,0,0,0,0,92,원
naver,성수족발,굿데이9757,2.0,2026.03.05,1번째 방문,예약,"좀ㆍ달고 짜고 그래요..밥하고 먹어야 간이 맞느듯 같이 나오는 밑반찬에 머리카락이 똭..ㅎ 참고 먹음.. 청결한 느낌은 아니고요, 재사용 패트병에 물 주는거 이것도 좀.. 전체적으로 정신없고, 철푸덕 좁은 자리도 좀 불편.. 양에 비해가격도 좀 쎄고, 동네에 사람도 많은데다가 장소가 좁으니 웨이팅 좀만해도 대박집 같다는 느낌을 받을수 있겠다는 전술적 느낌, 조금만 외곽에 빠져있다면 줄까지서서 먹는다? 글쎄....",232,True,,,,"좀ㆍ달고 짜고 그래요..밥하고 먹어야 간이 맞느듯 같이 나오는 밑반찬에 머리카락이 똭..ㅎ 참고 먹음.. 청결한 느낌은 아니고요, 재사용 패트병에 물 주는거 이것도 좀.. 전체적으로 정신없고, 철푸덕 좁은 자리도 좀 불편.. 양에 비해가격도 좀 쎄고, 동네에 사람도 많은데다가 장소가 좁으니 웨이팅 좀만해도 대박집 같다는 느낌을 받을수 있겠다는 전술적 느낌, 조금만 외곽에 빠져있다면 줄까지서서 먹는다? 글쎄....",좀 달고 짜고 그래요 밥하고 먹어야 간이 맞느듯 같이 나오는 밑반찬에 머리카락이 똭 참고 먹음 청결한 느낌은 아니고요 재사용 패트병에 물 주는거 이것도 좀 전체적으로 정신없고 철푸덕 좁은 자리도 좀 불편 양에 비해가격도 좀 쎄고 동네에 사람도 많은데다가 장소가 좁으니 웨이팅 좀만해도 대박집 같다는 느낌을 받을수 있겠다는 전술적 느낌 조금만 외곽에 빠져있다면 줄까지서서 먹는다 QUESTION 글쎄,0,0,0,0,0,1,0,232,가격
naver,락희옥 마포본점,jyk****,9.0,2025.09.26,1번째 방문,영수증,"여기 김치말이국수도 그렇고 모든 음식이 정말 맛있어요! 김치말이국수는 국물이 시원하고 깔끔해서 자꾸 생각나고, 면도 퍼지지 않아 좋아요. 된장비빔밥은 된장 향이 진하고 고소해서 밥이랑 슥슥 비벼 먹으면 집밥 같은 편안함이 느껴집니다. 가게도 깔끔하고 직원분들이 정말 친절해서 올 때마다 기분 좋게 식사하고 가는 단골집이에요.",181,True,,,,"여기 김치말이국수도 그렇고 모든 음식이 정말 맛있어요! 김치말이국수는 국물이 시원하고 깔끔해서 자꾸 생각나고, 면도 퍼지지 않아 좋아요. 된장비빔밥은 된장 향이 진하고 고소해서 밥이랑 슥슥 비벼 먹으면 집밥 같은 편안함이 느껴집니다. 가게도 깔끔하고 직원분들이 정말 친절해서 올 때마다 기분 좋게 식사하고 가는 단골집이에요.",여기 김치말이국수도 그렇고 모든 음식이 정말 맛있어요 EXCLAM 김치말이국수는 국물이 시원하고 깔끔해서 자꾸 생각나고 면도 퍼지지 않아 좋아요 된장비빔밥은 된장 향이 진하고 고소해서 밥이랑 슥슥 비벼 먹으면 집밥 같은 편안함이 느껴집니다 가게도 깔끔하고 직원분들이 정말 친절해서 올 때마다 기분 좋게 식사하고 가는 단골집이에요,0,0,0,0,1,0,0,181,원
kakao,장인닭갈비 홍대점,oh5,92.0,2026-02-01,,,홍대 식당 여기저기 다녀봤지만 이런곳은 처음이네요. 웨이팅은 없지만 주문후 음식이 나오기까지 너무 오래걸리고 가격에 비해 음식이 너무 적어요. 1인분을 2인분으로 잘못준줄 알았습니다. 직원분들 친절함이라고는 1도 찾아보기 힘든데 옆테이블쪽은 더 가관이였습니다. 사리 추가하는데 주방장님 스트레스 받으시니 추가하지말라 하시더라구요. 듣고 제 귀를 의심했습니다. 식당하기전에 직원교육부터 제대로 시켜야하지 않을까요? 알바들끼리 잡담 주고받을 시간있으면 손님케어나 더 하시면 좋겠는데요. 이글을 보시는 분들은 제발 댓글 알바들한테 낚이지않으셨면 좋겠습니다. 5점짜리 리뷰는 넘치는데 왜 평균별점이 3점대일까요? 저같은 기분을 느낀사람이 한둘이 아니라는거겠죠.,365,False,1.0,3.5,실버 레벨,홍대 식당 여기저기 다녀봤지만 이런곳은 처음이네요. 웨이팅은 없지만 주문후 음식이 나오기까지 너무 오래걸리고 가격에 비해 음식이 너무 적어요. 1인분을 2인분으로 잘못준줄 알았습니다. 직원분들 친절함이라고는 1도 찾아보기 힘든데 옆테이블쪽은 더 가관이였습니다. 사리 추가하는데 주방장님 스트레스 받으시니 추가하지말라 하시더라구요. 듣고 제 귀를 의심했습니다. 식당하기전에 직원교육부터 제대로 시켜야하지 않을까요? 알바들끼리 잡담 주고받을 시간있으면 손님케어나 더 하시면 좋겠는데요. 이글을 보시는 분들은 제발 댓글 알바들한테 낚이지않으셨면 좋겠습니다. 5점짜리 리뷰는 넘치는데 왜 평균별점이 3점대일까요? 저같은 기분을 느낀사람이 한둘이 아니라는거겠죠.,홍대 식당 여기저기 다녀봤지만 이런곳은 처음이네요 웨이팅은 없지만 주문후 음식이 나오기까지 너무 오래걸리고 가격에 비해 음식이 너무 적어요 1인분을 2인분으로 잘못준줄 알았습니다 직원분들 친절함이라고는 1도 찾아보기 힘든데 옆테이블쪽은 더 가관이였습니다 사리 추가하는데 주방장님 스트레스 받으시니 추가하지말라 하시더라구요 듣고 제 귀를 의심했습니다 식당하기전에 직원교육부터 제대로 시켜야하지 않을까요 QUESTION 알바들끼리 잡담 주고받을 시간있으면 손님케어나 더 하시면 좋겠는데요 이글을 보시는 분들은 제발 댓글 알바들한테 낚이지않으셨면 좋겠습니다 5점짜리 리뷰는 넘치는데 왜 평균별점이 3점대일까요 QUESTION 저같은 기분을 느낀사람이 한둘이 아니라는거겠죠,0,0,0,0,0,1,1,365,"가격, 원"
kakao,육지,조서환,3.0,2025-08-13,,,돈대갈비의비주얼이특이해요 맛이있어요,19,True,5.0,5.0,실버 레벨,돈대갈비의비주얼이특이해요 맛이있어요,돈대갈비의비주얼이특이해요 맛이있어요,0,0,0,0,0,0,0,19,돈
naver,할머니의 레시피,크런키와사삭,57.0,2025.09.22,1번째 방문,영수증,성수에서 이 가격과 구성으로 먹을 수 있는 한식집 거의 없을 거예요! 진짜 가성비 최고! 정갈하게 나오고 음식 간도 딱 좋아서 남녀노소 누구나 맛있게 드실 수 있을 것 같아요. 외국인 분들도 많이 오셨더라구요~! 맛있게 잘 먹었습니다.,131,True,,,,성수에서 이 가격과 구성으로 먹을 수 있는 한식집 거의 없을 거예요! 진짜 가성비 최고! 정갈하게 나오고 음식 간도 딱 좋아서 남녀노소 누구나 맛있게 드실 수 있을 것 같아요. 외국인 분들도 많이 오셨더라구요~! 맛있게 잘 먹었습니다.,성수에서 이 가격과 구성으로 먹을 수 있는 한식집 거의 없을 거예요 EXCLAM 진짜 가성비 최고 EXCLAM 정갈하게 나오고 음식 간도 딱 좋아서 남녀노소 누구나 맛있게 드실 수 있을 것 같아요 외국인 분들도 많이 오셨더라구요 EXCLAM 맛있게 잘 먹었습니다,0,0,0,0,1,0,0,131,"가격, 가성비"
kakao,육지,윤여견,1.0,2025-07-15,,,맛있습니당 직원분들친절하세요!!!,18,False,5.0,5.0,브론즈 레벨,맛있습니당 직원분들친절하세요!!!,맛있습니당 직원분들친절하세요 EXCLAM,0,0,0,0,1,0,0,18,원
naver,금금 성수점,hpine,51.0,2026.03.01,1번째 방문,영수증,다 맛있는데 된장국수가 제일 맛도리에요~! 캐치테이블 웨이팅 미루기 했다가 방문의사 또 체크해야 되는지 모르고 취소돼서 다시 웨이팅 하고 먹은 시간이 아깝지는 않았어요 !,95,True,,,,다 맛있는데 된장국수가 제일 맛도리에요~! 캐치테이블 웨이팅 미루기 했다가 방문의사 또 체크해야 되는지 모르고 취소돼서 다시 웨이팅 하고 먹은 시간이 아깝지는 않았어요 !,다 맛있는데 된장국수가 제일 맛도리에요 EXCLAM 캐치테이블 웨이팅 미루기 했다가 방문의사 또 체크해야 되는지 모르고 취소돼서 다시 웨이팅 하고 먹은 시간이 아깝지는 않았어요 EXCLAM,0,0,0,0,1,0,0,95,아깝
naver,홍대 육지,3151760,58.0,2026.04.17,1번째 방문,영수증,돈대갈비 진짜 맛있어요 !! 직원분들도 친절하시고 다 구워주셔서 맛있게 먹었습니당 🤤,47,True,,,,돈대갈비 진짜 맛있어요 !! 직원분들도 친절하시고 다 구워주셔서 맛있게 먹었습니당 🤤,돈대갈비 진짜 맛있어요 EXCLAM 직원분들도 친절하시고 다 구워주셔서 맛있게 먹었습니당,0,0,0,0,1,0,0,47,"돈, 원"
kakao,할머니의레시피,맛없으면짖는멍멍이,24.0,2025-11-16,,,웨이팅 할 가치가 없어요.. 자리에 앉았거니 의자에 음식물 묻은거 안치워서 바지에 묻었구요 사람들이 가성비가성비하는데 양이 정말 콩알같아요.. 남자 사장님과 직원들도 불친절...사장이 불친절한건 또 신박하네요..사장이 아닌건지... 외국인들이 많던데 너무 짠했어요 왜 멀리 여행와서 굳이 여길 왔을까.. ㅠㅠ 맛도 너무나 평범.. 이하.. 차라리 우리 직장 구내식당이 더 맛있는데.. 웨이팅해서 갔는데 시간이 너무 아까워서 눈물흘렸습니다,244,False,1.0,4.2,실버 레벨,웨이팅 할 가치가 없어요.. 자리에 앉았거니 의자에 음식물 묻은거 안치워서 바지에 묻었구요 사람들이 가성비가성비하는데 양이 정말 콩알같아요.. 남자 사장님과 직원들도 불친절...사장이 불친절한건 또 신박하네요..사장이 아닌건지... 외국인들이 많던데 너무 짠했어요 왜 멀리 여행와서 굳이 여길 왔을까.. ㅠㅠ 맛도 너무나 평범.. 이하.. 차라리 우리 직장 구내식당이 더 맛있는데.. 웨이팅해서 갔는데 시간이 너무 아까워서 눈물흘렸습니다,웨이팅 할 가치가 없어요 자리에 앉았거니 의자에 음식물 묻은거 안치워서 바지에 묻었구요 사람들이 가성비가성비하는데 양이 정말 콩알같아요 남자 사장님과 직원들도 불친절 사장이 불친절한건 또 신박하네요 사장이 아닌건지 외국인들이 많던데 너무 짠했어요 왜 멀리 여행와서 굳이 여길 왔을까 맛도 너무나 평범 이하 차라리 우리 직장 구내식당이 더 맛있는데 웨이팅해서 갔는데 시간이 너무 아까워서 눈물흘렸습니다,0,0,0,1,0,0,0,244,"가성비, 원"
kakao,이태리국시 성수,서준,1.0,2026-04-19,,,분위기도 좋고 직원분들도 친절하게 잘 설명해주시고 너무 좋은 거 같아요 다음에도 꼭 올 거 같아요 !,56,True,5.0,5.0,브론즈 레벨,분위기도 좋고 직원분들도 친절하게 잘 설명해주시고 너무 좋은 거 같아요 다음에도 꼭 올 거 같아요 !,분위기도 좋고 직원분들도 친절하게 잘 설명해주시고 너무 좋은 거 같아요 다음에도 꼭 올 거 같아요 EXCLAM,0,0,0,0,1,0,0,56,원
naver,굴다리식당,ana****,76.0,2025.10.12,1번째 방문,영수증,신선하고 큼직한 껍데기붙은 돼지고기라 호불호있을듯. 밍밍하고 시원한 눅진하게 녹은 김치찌게예요. 돼지불백은 양념이 잘배어있어 좀짜네요. 동네백반집처럼 친근함.,88,True,,,,신선하고 큼직한 껍데기붙은 돼지고기라 호불호있을듯. 밍밍하고 시원한 눅진하게 녹은 김치찌게예요. 돼지불백은 양념이 잘배어있어 좀짜네요. 동네백반집처럼 친근함.,신선하고 큼직한 껍데기붙은 돼지고기라 호불호있을듯 밍밍하고 시원한 눅진하게 녹은 김치찌게예요 돼지불백은 양념이 잘배어있어 좀짜네요 동네백반집처럼 친근함,0,0,0,0,0,0,0,88,원
naver,각시보쌈,단어록,1265.0,2025.09.14,1번째 방문,예약,보쌈 맛있고 가성비 좋아요,14,True,,,,보쌈 맛있고 가성비 좋아요,보쌈 맛있고 가성비 좋아요,0,0,0,0,0,0,0,14,가성비
kakao,태양곱창 성수,티미,1.0,2025-09-12,,,왜 줄 서는지 모르겠음 알바생 응대 태도도 그렇고 음식도 별로임 다른데 가시길 돈 아까움,49,False,1.0,1.0,브론즈 레벨,왜 줄 서는지 모르겠음 알바생 응대 태도도 그렇고 음식도 별로임 다른데 가시길 돈 아까움,왜 줄 서는지 모르겠음 알바생 응대 태도도 그렇고 음식도 별로임 다른데 가시길 돈 아까움,0,0,0,0,0,0,0,49,돈
naver,락희옥 마포본점,dbw****,72.0,2025.10.24,1번째 방문,영수증,회사 점심으로 다함께 왔습니다. 너무 맛있고 깔끔하게 잘 먹었습니다!!! 적극 추천합니다^.^ 그리고 직원분 너무 친절하세요~~,71,True,,,,회사 점심으로 다함께 왔습니다. 너무 맛있고 깔끔하게 잘 먹었습니다!!! 적극 추천합니다^.^ 그리고 직원분 너무 친절하세요~~,회사 점심으로 다함께 왔습니다 너무 맛있고 깔끔하게 잘 먹었습니다 EXCLAM 적극 추천합니다 그리고 직원분 너무 친절하세요 TILDE,0,0,0,0,1,0,0,71,원
naver,뼈탄집 성수역점,룰루랄라예,66.0,2026.04.19,1번째 방문,영수증,"오랜만에 친구랑 만나서 고기 먹고싶어서 방문했어요!! 여기 찾은 제 자신..칭찬...너무맛있어요!!!고기가 어쩜이리 쫀득한데 부드럽고,둘이서 엄청먹었네요, 직원분들도 친절하고 너무 만족한 식사였습니다!굳",113,True,,,,"오랜만에 친구랑 만나서 고기 먹고싶어서 방문했어요!! 여기 찾은 제 자신..칭찬...너무맛있어요!!!고기가 어쩜이리 쫀득한데 부드럽고,둘이서 엄청먹었네요, 직원분들도 친절하고 너무 만족한 식사였습니다!굳",오랜만에 친구랑 만나서 고기 먹고싶어서 방문했어요 EXCLAM 여기 찾은 제 자신 칭찬 너무맛있어요 EXCLAM 고기가 어쩜이리 쫀득한데 부드럽고 둘이서 엄청먹었네요 직원분들도 친절하고 너무 만족한 식사였습니다 EXCLAM 굳,0,0,0,0,1,0,0,113,원
kakao,훼미리손칼국수보쌈,국자,61.0,2025-03-22,,,"친절하신건 분명하고, 이동네로 치면 가성비 저렴하고 푸짐한거도 맞는데 맛이 아쉬움 진짜 퍽퍽한 수육, 그냥 그냥 칼국수 외국인들까지 왜 웨이팅하고있는지 모르겠음..",91,,3.0,4.1,실버 레벨,"친절하신건 분명하고, 이동네로 치면 가성비 저렴하고 푸짐한거도 맞는데 맛이 아쉬움 진짜 퍽퍽한 수육, 그냥 그냥 칼국수 외국인들까지 왜 웨이팅하고있는지 모르겠음..",친절하신건 분명하고 이동네로 치면 가성비 저렴하고 푸짐한거도 맞는데 맛이 아쉬움 진짜 퍽퍽한 수육 그냥 그냥 칼국수 외국인들까지 왜 웨이팅하고있는지 모르겠음,0,0,0,0,0,0,0,91,"가성비, 저렴"
naver,훼미리손칼국수보쌈,psc****,20.0,2025.11.30,1번째 방문,영수증,진짜 너무 불친절 끝판왕이심 직원들이 싹 다 싸가지가 너무 없습니다 음식 위생도 엉망입니다 그릇에는 다 고춧가루 묻어있거 음식에 손 넣어서 주고 정말 이랗게 맛 앖고 불친절 한 곳 처음 가봤습니다 재방문 절대 없고요 리뷰보고 가지마세요,131,False,,,,진짜 너무 불친절 끝판왕이심 직원들이 싹 다 싸가지가 너무 없습니다 음식 위생도 엉망입니다 그릇에는 다 고춧가루 묻어있거 음식에 손 넣어서 주고 정말 이랗게 맛 앖고 불친절 한 곳 처음 가봤습니다 재방문 절대 없고요 리뷰보고 가지마세요,진짜 너무 불친절 끝판왕이심 직원들이 싹 다 싸가지가 너무 없습니다 음식 위생도 엉망입니다 그릇에는 다 고춧가루 묻어있거 음식에 손 넣어서 주고 정말 이랗게 맛 앖고 불친절 한 곳 처음 가봤습니다 재방문 절대 없고요 리뷰보고 가지마세요,0,0,0,0,0,0,0,131,원
kakao,소문난성수감자탕,딘닷,216.0,2025-08-07,,,구수하면서도 시원. 연한 고기와 시래기의 조합 굿.,28,False,4.0,3.8,골드 레벨,구수하면서도 시원. 연한 고기와 시래기의 조합 굿.,구수하면서도 시원 연한 고기와 시래기의 조합 굿,0,0,0,0,0,0,0,28,원
naver,이태리국시 성수,littlebird33,6.0,2026.05.04,1번째 방문,영수증,오랜만에 성수 놀러간거라 이왕이면 맛있는걸로 먹고싶어서 열심히 찾아 방문했습니다! 식당 찾았던 그 시간이 아깝지 않게 맛있게 먹었습니다아 다른 궁금한 메뉴도 많았는데 인기메뉴랑 런치메뉴 하나씩 시켰어요~~,114,True,,,,오랜만에 성수 놀러간거라 이왕이면 맛있는걸로 먹고싶어서 열심히 찾아 방문했습니다! 식당 찾았던 그 시간이 아깝지 않게 맛있게 먹었습니다아 다른 궁금한 메뉴도 많았는데 인기메뉴랑 런치메뉴 하나씩 시켰어요~~,오랜만에 성수 놀러간거라 이왕이면 맛있는걸로 먹고싶어서 열심히 찾아 방문했습니다 EXCLAM 식당 찾았던 그 시간이 아깝지 않게 맛있게 먹었습니다아 다른 궁금한 메뉴도 많았는데 인기메뉴랑 런치메뉴 하나씩 시켰어요 TILDE,0,0,0,0,1,0,0,114,아깝
naver,옥동식,이앵앵,324.0,2026.01.02,1번째 방문,영수증,평일 오전 9시 15분쯤 가서 웨이팅 7번 받았습니다. 근처 카페에서 대기하고 워낙 매장이 작아서 첫타임 입장못하고 11시 30분쯤 입장. 친구랑 온김에 막걸리 김치만두 국밥 전부 시켰고 새해부터 2천원 오른 국밥부터 등장. 놋그릇에 나와서 국물부터 숟가락으로 먹었는데 처음에 쇠향이 났고 그다음 맛은 비쥬얼대로 자극적이지 않은 갈비탕(?)느낌 돼지로 이런국물이 나는게 신기하지만 자극적인 순대국밥 좋아하는 입장에선 맛있지도 맛없지도 않은 국밥계의 평냉 느낌이였습니다. 고기는 야들하게 맛있었고 김치가 맛있었습니다. 막걸리는 알콜이 느껴지는 무난한 막걸리 김치만두는 밀가루 맛이 느껴져서 아쉬운 정도 퀄리티 국물이랑 밥이 리필가능이라 추운날씨 국물 리필했고..가격 웨이팅 생각하면 경험을 샀다로 생각합니다,394,True,,,,평일 오전 9시 15분쯤 가서 웨이팅 7번 받았습니다. 근처 카페에서 대기하고 워낙 매장이 작아서 첫타임 입장못하고 11시 30분쯤 입장. 친구랑 온김에 막걸리 김치만두 국밥 전부 시켰고 새해부터 2천원 오른 국밥부터 등장. 놋그릇에 나와서 국물부터 숟가락으로 먹었는데 처음에 쇠향이 났고 그다음 맛은 비쥬얼대로 자극적이지 않은 갈비탕(?)느낌 돼지로 이런국물이 나는게 신기하지만 자극적인 순대국밥 좋아하는 입장에선 맛있지도 맛없지도 않은 국밥계의 평냉 느낌이였습니다. 고기는 야들하게 맛있었고 김치가 맛있었습니다. 막걸리는 알콜이 느껴지는 무난한 막걸리 김치만두는 밀가루 맛이 느껴져서 아쉬운 정도 퀄리티 국물이랑 밥이 리필가능이라 추운날씨 국물 리필했고..가격 웨이팅 생각하면 경험을 샀다로 생각합니다,평일 오전 9시 15분쯤 가서 웨이팅 7번 받았습니다 근처 카페에서 대기하고 워낙 매장이 작아서 첫타임 입장못하고 11시 30분쯤 입장 친구랑 온김에 막걸리 김치만두 국밥 전부 시켰고 새해부터 2천원 오른 국밥부터 등장 놋그릇에 나와서 국물부터 숟가락으로 먹었는데 처음에 쇠향이 났고 그다음 맛은 비쥬얼대로 자극적이지 않은 갈비탕 QUESTION 느낌 돼지로 이런국물이 나는게 신기하지만 자극적인 순대국밥 좋아하는 입장에선 맛있지도 맛없지도 않은 국밥계의 평냉 느낌이였습니다 고기는 야들하게 맛있었고 김치가 맛있었습니다 막걸리는 알콜이 느껴지는 무난한 막걸리 김치만두는 밀가루 맛이 느껴져서 아쉬운 정도 퀄리티 국물이랑 밥이 리필가능이라 추운날씨 국물 리필했고 가격 웨이팅 생각하면 경험을 샀다로 생각합니다,0,0,0,0,0,1,1,394,"가격, 원"
naver,홍대 육지,yun****,24.0,2026.04.18,1번째 방문,영수증,"평소 고기의 질에 예민한 편인데, 이곳은 원육 자체가 주는 힘이 확실히 다르네요. 찰진 식감과 진한 풍미가 돋보였습니다. 특히 인상 깊었던 점은 세심한 그릴링 서비스였어요. 가장 맛있는 온도로 구워주신 덕분에 최상의 맛을 경험할 수 있었습니다. 곁들임 찬들도 자극적이지 않고 정성스러워 고기 본연의 맛을 해치지 않으면서도 풍성함을 더해주더군요. 깔끔한 매장 내부와 세심한 서비스 덕분에 대접받는 기분으로 만족스러운 식사를 마쳤습니다. 제대로 된 고기 맛을 아시는 분들이라면 꼭 한 번 방문해 보시길 추천합니다. 🥩💼",288,True,,,,"평소 고기의 질에 예민한 편인데, 이곳은 원육 자체가 주는 힘이 확실히 다르네요. 찰진 식감과 진한 풍미가 돋보였습니다. 특히 인상 깊었던 점은 세심한 그릴링 서비스였어요. 가장 맛있는 온도로 구워주신 덕분에 최상의 맛을 경험할 수 있었습니다. 곁들임 찬들도 자극적이지 않고 정성스러워 고기 본연의 맛을 해치지 않으면서도 풍성함을 더해주더군요. 깔끔한 매장 내부와 세심한 서비스 덕분에 대접받는 기분으로 만족스러운 식사를 마쳤습니다. 제대로 된 고기 맛을 아시는 분들이라면 꼭 한 번 방문해 보시길 추천합니다. 🥩💼",평소 고기의 질에 예민한 편인데 이곳은 원육 자체가 주는 힘이 확실히 다르네요 찰진 식감과 진한 풍미가 돋보였습니다 특히 인상 깊었던 점은 세심한 그릴링 서비스였어요 가장 맛있는 온도로 구워주신 덕분에 최상의 맛을 경험할 수 있었습니다 곁들임 찬들도 자극적이지 않고 정성스러워 고기 본연의 맛을 해치지 않으면서도 풍성함을 더해주더군요 깔끔한 매장 내부와 세심한 서비스 덕분에 대접받는 기분으로 만족스러운 식사를 마쳤습니다 제대로 된 고기 맛을 아시는 분들이라면 꼭 한 번 방문해 보시길 추천합니다,0,0,0,0,0,0,0,288,원
kakao,이태리국시 성수,MJ,1.0,2026-04-30,,,직원분들도 친절하고 음식도 너무 맛있게 잘먹었어요 다른 식당에서 흔히 먹을 수 있는 메뉴들이 아니라 좋았어요!,61,True,5.0,5.0,브론즈 레벨,직원분들도 친절하고 음식도 너무 맛있게 잘먹었어요 다른 식당에서 흔히 먹을 수 있는 메뉴들이 아니라 좋았어요!,직원분들도 친절하고 음식도 너무 맛있게 잘먹었어요 다른 식당에서 흔히 먹을 수 있는 메뉴들이 아니라 좋았어요 EXCLAM,0,0,0,0,1,0,0,61,원
kakao,을밀대 본점,WILDKAT,63.0,2025-08-04,,,면발 미쳤고 가히 국내원탑이라 믿습니다🫶,22,True,5.0,3.4,실버 레벨,면발 미쳤고 가히 국내원탑이라 믿습니다🫶,면발 미쳤고 가히 국내원탑이라 믿습니다,0,0,0,0,0,0,0,22,원
naver,홍대 육지,갈라뮤트,225.0,2026.01.24,2번째 방문,예약,지난 번 친구들과 방문하고 맛있어서 이번에도 여기로 정했습니다. 확실히 가격 대비 퀄리티가 좋다고 생각해서 재방문 의사는 있습니다. 근데 서비스 부분은 좀 손 볼 필요가 있어보입니다. QR로 음료 및 추가 메뉴 주문하는데 누락되는지 계속 늦어지더라구요. 한 세 번 정도를 계속 언제 나오나 기다리면서 직원 불러서 말했네요. 그리고 지난번에도 느낀거지만 남자 직원들은 친절하고 활기 넘치는데 여직원분은 표정이 너무 어둡고 고기 굽는것도 좀 미숙해 보입니다. 서비스 부분까지 완벽하면 좋을 것 같아요. 맛은 진짜 굿입니다. 된장찌개도 좀 비싼감이 있지만 그만큼 맛이 깔끔하고 좋았네요,324,True,,,,지난 번 친구들과 방문하고 맛있어서 이번에도 여기로 정했습니다. 확실히 가격 대비 퀄리티가 좋다고 생각해서 재방문 의사는 있습니다. 근데 서비스 부분은 좀 손 볼 필요가 있어보입니다. QR로 음료 및 추가 메뉴 주문하는데 누락되는지 계속 늦어지더라구요. 한 세 번 정도를 계속 언제 나오나 기다리면서 직원 불러서 말했네요. 그리고 지난번에도 느낀거지만 남자 직원들은 친절하고 활기 넘치는데 여직원분은 표정이 너무 어둡고 고기 굽는것도 좀 미숙해 보입니다. 서비스 부분까지 완벽하면 좋을 것 같아요. 맛은 진짜 굿입니다. 된장찌개도 좀 비싼감이 있지만 그만큼 맛이 깔끔하고 좋았네요,지난 번 친구들과 방문하고 맛있어서 이번에도 여기로 정했습니다 확실히 가격 대비 퀄리티가 좋다고 생각해서 재방문 의사는 있습니다 근데 서비스 부분은 좀 손 볼 필요가 있어보입니다 QR로 음료 및 추가 메뉴 주문하는데 누락되는지 계속 늦어지더라구요 한 세 번 정도를 계속 언제 나오나 기다리면서 직원 불러서 말했네요 그리고 지난번에도 느낀거지만 남자 직원들은 친절하고 활기 넘치는데 여직원분은 표정이 너무 어둡고 고기 굽는것도 좀 미숙해 보입니다 서비스 부분까지 완벽하면 좋을 것 같아요 맛은 진짜 굿입니다 된장찌개도 좀 비싼감이 있지만 그만큼 맛이 깔끔하고 좋았네요,0,0,0,0,0,0,0,324,"가격, 원"
naver,황금콩밭,eyl****,42.0,2025.07.03,1번째 방문,영수증,여기 정말 맛있고 좋아하는 곳이라 여러번갔는데 오늘은 서버분들이 너무 불친절해서 아쉬웠네요. 뭘 부탁드려도 대답도 없고 여러모로 너무 눈치 보게끔 하셔서 참 불편했습니다. 맛좋고 훌륭한 좋은 식당인데 그에 걸맞는 직원분들도 필요해보입니다.,133,False,,,,여기 정말 맛있고 좋아하는 곳이라 여러번갔는데 오늘은 서버분들이 너무 불친절해서 아쉬웠네요. 뭘 부탁드려도 대답도 없고 여러모로 너무 눈치 보게끔 하셔서 참 불편했습니다. 맛좋고 훌륭한 좋은 식당인데 그에 걸맞는 직원분들도 필요해보입니다.,여기 정말 맛있고 좋아하는 곳이라 여러번갔는데 오늘은 서버분들이 너무 불친절해서 아쉬웠네요 뭘 부탁드려도 대답도 없고 여러모로 너무 눈치 보게끔 하셔서 참 불편했습니다 맛좋고 훌륭한 좋은 식당인데 그에 걸맞는 직원분들도 필요해보입니다,0,0,0,0,0,0,0,133,원
kakao,쭌곱창,^-^,3.0,2025-05-26,,,"처음 와봤는데 아늑하고 친절하시구 너무 좋아요,,! 소스도 다양하구 구성도 알찹니당 홍대 곱창은 여기가 원픽이에여 이제",66,True,5.0,3.7,브론즈 레벨,"처음 와봤는데 아늑하고 친절하시구 너무 좋아요,,! 소스도 다양하구 구성도 알찹니당 홍대 곱창은 여기가 원픽이에여 이제",처음 와봤는데 아늑하고 친절하시구 너무 좋아요 EXCLAM 소스도 다양하구 구성도 알찹니당 홍대 곱창은 여기가 원픽이에여 이제,0,0,0,0,1,0,0,66,원
kakao,소문난성수감자탕,밍닝옝,69.0,2025-02-26,,,"내 취향이랑은 거리가 먼 감자탕인데(국물에 깊은 맛이 없음),, 본의아니게 지금까지 한 10번은 온듯 대충 말하자면, 국물이 깊진 않고 맑은 느낌인데 그래도 국물의 양념자체는 괜츈함 고기가 퍽퍽해보여도 나름 먹어보면 부드러움 성수라는 비싼 땅에서, 이 가격에 이 양은 말이 안되긴 함. 어쨌든 먹게 된다면 꼭 수제비사리 팍팍넣고 마지막에 라면사리 넣고 볶음밥까지 드시긴해보세여,, 제 갠적으론 볶음밥은 모든 감자탕집 중에 젤 별로입니다. 참기름+김가루 진짜 너무 많이 들어감. 볶음밥이 아니라 참기름밥 같음. 참기름을 정말 사랑하신다면 좋아하실 수도 무슨 평일 밤 10시 11시에도 웨이팅이있던데,, 그정도 진짜 절대 아니고, 24시 영업이라 해장하러 새벽에 가기 나쁘진 않은 정도. 요즘 일본인 대만인 중국인 등등 외국인도 많이 보이던데 그래서 더 웨이팅 늘어난 듯. 참고로 위생도 안좋습니다. 여름철엔 웨이팅 하는 곳 위에 거미줄개많음. 여름엔 식당 내부에도 엄청 큰 거미 벽에 기어댕김. 요즘엔 좀 치우시나 몰겠네.",515,False,3.0,3.3,골드 레벨,"내 취향이랑은 거리가 먼 감자탕인데(국물에 깊은 맛이 없음),, 본의아니게 지금까지 한 10번은 온듯 대충 말하자면, 국물이 깊진 않고 맑은 느낌인데 그래도 국물의 양념자체는 괜츈함 고기가 퍽퍽해보여도 나름 먹어보면 부드러움 성수라는 비싼 땅에서, 이 가격에 이 양은 말이 안되긴 함. 어쨌든 먹게 된다면 꼭 수제비사리 팍팍넣고 마지막에 라면사리 넣고 볶음밥까지 드시긴해보세여,, 제 갠적으론 볶음밥은 모든 감자탕집 중에 젤 별로입니다. 참기름+김가루 진짜 너무 많이 들어감. 볶음밥이 아니라 참기름밥 같음. 참기름을 정말 사랑하신다면 좋아하실 수도 무슨 평일 밤 10시 11시에도 웨이팅이있던데,, 그정도 진짜 절대 아니고, 24시 영업이라 해장하러 새벽에 가기 나쁘진 않은 정도. 요즘 일본인 대만인 중국인 등등 외국인도 많이 보이던데 그래서 더 웨이팅 늘어난 듯. 참고로 위생도 안좋습니다. 여름철엔 웨이팅 하는 곳 위에 거미줄개많음. 여름엔 식당 내부에도 엄청 큰 거미 벽에 기어댕김. 요즘엔 좀 치우시나 몰겠네.",내 취향이랑은 거리가 먼 감자탕인데 국물에 깊은 맛이 없음 본의아니게 지금까지 한 10번은 온듯 대충 말하자면 국물이 깊진 않고 맑은 느낌인데 그래도 국물의 양념자체는 괜츈함 고기가 퍽퍽해보여도 나름 먹어보면 부드러움 성수라는 비싼 땅에서 이 가격에 이 양은 말이 안되긴 함 어쨌든 먹게 된다면 꼭 수제비사리 팍팍넣고 마지막에 라면사리 넣고 볶음밥까지 드시긴해보세여 제 갠적으론 볶음밥은 모든 감자탕집 중에 젤 별로입니다 참기름 김가루 진짜 너무 많이 들어감 볶음밥이 아니라 참기름밥 같음 참기름을 정말 사랑하신다면 좋아하실 수도 무슨 평일 밤 10시 11시에도 웨이팅이있던데 그정도 진짜 절대 아니고 24시 영업이라 해장하러 새벽에 가기 나쁘진 않은 정도 요즘 일본인 대만인 중국인 등등 외국인도 많이 보이던데 그래서 더 웨이팅 늘어난 듯 참고로 위생도 안좋습니다 여름철엔 웨이팅 하는 곳 위에 거미줄개많음 여름엔 식당 내부에도 엄청 큰 거미 벽에 기어댕김 요즘엔 좀 치우시나 몰겠네,0,0,0,0,0,0,1,515,가격
naver,소문난성수감자탕,내돈내산맛집탐방,413.0,2025.08.10,1번째 방문,영수증,"감자탕보다 감자국먹으러가는 곳. 평일, 주말 가리지않고 웨이팅이 있는 곳. 한국인보다 외국인이 많은 곳. 성수 소만난 감자탕... 추천 메뉴는 우거지 곱빼기 1인 14.000원 무난하게 먹을만 합니다 특히 24시간. 연중무휴라 좋아요!!!",133,True,,,,"감자탕보다 감자국먹으러가는 곳. 평일, 주말 가리지않고 웨이팅이 있는 곳. 한국인보다 외국인이 많은 곳. 성수 소만난 감자탕... 추천 메뉴는 우거지 곱빼기 1인 14.000원 무난하게 먹을만 합니다 특히 24시간. 연중무휴라 좋아요!!!",감자탕보다 감자국먹으러가는 곳 평일 주말 가리지않고 웨이팅이 있는 곳 한국인보다 외국인이 많은 곳 성수 소만난 감자탕 추천 메뉴는 우거지 곱빼기 1인 14 000원 무난하게 먹을만 합니다 특히 24시간 연중무휴라 좋아요 EXCLAM,0,0,0,0,1,0,1,133,원
kakao,각시보쌈,ggoolggool,136.0,2025-01-04,,,"가시는 분들 결제 제대로 됐는지 확인 꼭 잘 하세요. 반반보쌈 중자, 막걸리 두병 먹었는데 천원이긴하지만 먹지도 않은 금액 결제되어 있네요. 날짜 시간 보시고 내부 cctv 보시면 확인 되실테니 뭐 더이상 얘기 안합니다. 앉는 순간부터 메뉴 독촉하시더니 다 먹을때까지 한시간 남짓한 시간 그마저 독촉 하셔서 독촉만 안했어도 천원 잘 못 결제한거 이렇게 쓰지도 않았습니다.",207,False,1.0,4.6,골드 레벨,"가시는 분들 결제 제대로 됐는지 확인 꼭 잘 하세요. 반반보쌈 중자, 막걸리 두병 먹었는데 천원이긴하지만 먹지도 않은 금액 결제되어 있네요. 날짜 시간 보시고 내부 cctv 보시면 확인 되실테니 뭐 더이상 얘기 안합니다. 앉는 순간부터 메뉴 독촉하시더니 다 먹을때까지 한시간 남짓한 시간 그마저 독촉 하셔서 독촉만 안했어도 천원 잘 못 결제한거 이렇게 쓰지도 않았습니다.",가시는 분들 결제 제대로 됐는지 확인 꼭 잘 하세요 반반보쌈 중자 막걸리 두병 먹었는데 천원이긴하지만 먹지도 않은 금액 결제되어 있네요 날짜 시간 보시고 내부 cctv 보시면 확인 되실테니 뭐 더이상 얘기 안합니다 앉는 순간부터 메뉴 독촉하시더니 다 먹을때까지 한시간 남짓한 시간 그마저 독촉 하셔서 독촉만 안했어도 천원 잘 못 결제한거 이렇게 쓰지도 않았습니다,0,0,0,0,0,0,0,207,"금액, 원"
kakao,원조조박집 본관,도슐랭가이드,604.0,2025-09-17,,,"《가성비 봉피양》 거의 꽉찬 육각형 다만, 가격이 거슬려지기 시작",36,False,4.0,3.3,블루 레벨,"《가성비 봉피양》 거의 꽉찬 육각형 다만, 가격이 거슬려지기 시작",가성비 봉피양 거의 꽉찬 육각형 다만 가격이 거슬려지기 시작,0,0,0,0,0,0,0,36,"가격, 가성비"
naver,뼈탄집 성수역점,qkrd****,9.0,2026.03.29,1번째 방문,영수증,고기 짱짱맛있습니다!! 신선해서그런지 잡내두 안나요 매장이 넓어가지구 고기냄새가 안배서 좋았구 직원분들이 고기를 구워주시니깐 편하게먹었어요😄,78,True,,,,고기 짱짱맛있습니다!! 신선해서그런지 잡내두 안나요 매장이 넓어가지구 고기냄새가 안배서 좋았구 직원분들이 고기를 구워주시니깐 편하게먹었어요😄,고기 짱짱맛있습니다 EXCLAM 신선해서그런지 잡내두 안나요 매장이 넓어가지구 고기냄새가 안배서 좋았구 직원분들이 고기를 구워주시니깐 편하게먹었어요 EMO_POS,1,0,0,0,1,0,0,78,원
naver,장인닭갈비 홍대점,소영779,9.0,2026.04.05,1번째 방문,영수증,적당히 매콤하고 너뮤 맛있어요! 치즈 양도 좋고 직원분들이 친절하셔서 유명한 거 같아요!! 다음에 또 오겠습니다,62,True,,,,적당히 매콤하고 너뮤 맛있어요! 치즈 양도 좋고 직원분들이 친절하셔서 유명한 거 같아요!! 다음에 또 오겠습니다,적당히 매콤하고 너뮤 맛있어요 EXCLAM 치즈 양도 좋고 직원분들이 친절하셔서 유명한 거 같아요 EXCLAM 다음에 또 오겠습니다,0,0,0,0,1,0,0,62,원
naver,을밀대 평양냉면,bestibest,560.0,2025.08.15,1번째 방문,영수증,음식이 맛있고 직원분들이 친절합니다.,20,True,,,,음식이 맛있고 직원분들이 친절합니다.,음식이 맛있고 직원분들이 친절합니다,0,0,0,0,0,0,0,20,원
naver,홍대 육지,whrud92,59.0,2026.03.15,1번째 방문,영수증,친목하러 왔는데 직원분도 너무 친절하고 고기도 맛있고 BGM도 취향저격이에요!! 다음에 또올게요 기억해주세여!!!,63,True,,,,친목하러 왔는데 직원분도 너무 친절하고 고기도 맛있고 BGM도 취향저격이에요!! 다음에 또올게요 기억해주세여!!!,친목하러 왔는데 직원분도 너무 친절하고 고기도 맛있고 BGM도 취향저격이에요 EXCLAM 다음에 또올게요 기억해주세여 EXCLAM,0,0,0,0,1,0,0,63,원
kakao,각시보쌈,냠냠,11.0,2025-08-01,,,가성비 갑 맛도 겁나 맛있음요,16,False,5.0,4.5,브론즈 레벨,가성비 갑 맛도 겁나 맛있음요,가성비 갑 맛도 겁나 맛있음요,0,0,0,0,0,0,0,16,가성비
kakao,뼈탄집 성수역점,양희수,1.0,2026-02-28,,,지나가다가 들어와봤는데 고기도 너무 맛있고 반찬들도 너무 맛있었어요~~ 고기 구워주신 직원분이 설명을 너무 잘해주셔서 맛있게 잘 먹었습니다~,78,True,5.0,5.0,브론즈 레벨,지나가다가 들어와봤는데 고기도 너무 맛있고 반찬들도 너무 맛있었어요~~ 고기 구워주신 직원분이 설명을 너무 잘해주셔서 맛있게 잘 먹었습니다~,지나가다가 들어와봤는데 고기도 너무 맛있고 반찬들도 너무 맛있었어요 TILDE 고기 구워주신 직원분이 설명을 너무 잘해주셔서 맛있게 잘 먹었습니다,0,0,0,0,0,0,0,78,원
kakao,을밀대 본점,,1.0,2025-07-18,,,50대 중반 아저씨입니다. 사람 각각의 입맛은 다 다르기 때문에 조심스럽긴 합니다. 오늘 물냉 비냉 전 먹어봤는데... 육수 면발 올라간 고기 어느것 하나 평균 보다 못한듯 하여 너무 실망 했습니다. 최소한 면발이라도 소화가 잘되는 면발좀 쓰세요 명성과 그 가격에 너무 안맞네요 우리나라 평냉집들 정말 거품이 많습니다,177,False,1.0,1.0,브론즈 레벨,50대 중반 아저씨입니다. 사람 각각의 입맛은 다 다르기 때문에 조심스럽긴 합니다. 오늘 물냉 비냉 전 먹어봤는데... 육수 면발 올라간 고기 어느것 하나 평균 보다 못한듯 하여 너무 실망 했습니다. 최소한 면발이라도 소화가 잘되는 면발좀 쓰세요 명성과 그 가격에 너무 안맞네요 우리나라 평냉집들 정말 거품이 많습니다,50대 중반 아저씨입니다 사람 각각의 입맛은 다 다르기 때문에 조심스럽긴 합니다 오늘 물냉 비냉 전 먹어봤는데 육수 면발 올라간 고기 어느것 하나 평균 보다 못한듯 하여 너무 실망 했습니다 최소한 면발이라도 소화가 잘되는 면발좀 쓰세요 명성과 그 가격에 너무 안맞네요 우리나라 평냉집들 정말 거품이 많습니다,0,0,0,0,0,0,1,177,가격
naver,이태리국시 성수,당케당크,102.0,2026.04.09,1번째 방문,영수증,오늘 회사 단체 점심으로 먹으러왔는데 다양하게 맛있게먹었어요~ 대창이 아주 실하고 불향이 확나네요 피자가 아주 프레시하니 맛있어요 시그니처 바질 파스타 국물도 국밥처럼 시원해요,98,True,,,,오늘 회사 단체 점심으로 먹으러왔는데 다양하게 맛있게먹었어요~ 대창이 아주 실하고 불향이 확나네요 피자가 아주 프레시하니 맛있어요 시그니처 바질 파스타 국물도 국밥처럼 시원해요,오늘 회사 단체 점심으로 먹으러왔는데 다양하게 맛있게먹었어요 대창이 아주 실하고 불향이 확나네요 피자가 아주 프레시하니 맛있어요 시그니처 바질 파스타 국물도 국밥처럼 시원해요,0,0,0,0,0,0,0,98,원
naver,뼈탄집 성수역점,다다다다63,12.0,2026.04.15,2번째 방문,영수증,오랜만에 왔는데 너무 맛있고 직원분들도 너무 친절하십니다 ! 김찌 존맛이에요 !! 고기도 존맛,52,True,,,,오랜만에 왔는데 너무 맛있고 직원분들도 너무 친절하십니다 ! 김찌 존맛이에요 !! 고기도 존맛,오랜만에 왔는데 너무 맛있고 직원분들도 너무 친절하십니다 EXCLAM 김찌 존맛이에요 EXCLAM 고기도 존맛,0,0,0,0,1,0,0,52,원
kakao,소문난성수감자탕,후기 1000% 진심,3.0,2025-07-31,,,"2025년 07월 31일 - 새벽 2:30 야~~~~ 그놈 솔직히 말씀드리면, 너무 시끄려워 이곳이 술을 함께 파는 음식점이라는 건 알고 있지만, 그래도 공공장소입니다. 다른 손님들도 함께 있는 공간인 만큼, 최소한의 예의는 지켜야 한다고 생각합니다. 제발 목소리를 낮춰 주세요. 당신의 사업 이야기를 듣고 싶어 하는 사람은 주변에 없습니다. 함께 술 마시는 사람들에게만 들릴 정도로 이야기해 주세요. 오늘 이 가게에 세 번째 방문인데, 소음이 너무 심해서 식사 도중에 속이 울렁거릴 정도였습니다. 이건 너무 무례한 행동입니다. 직원분들께 부탁드립니다. 목소리가 지나치게 크고 다른 손님들에게 불편을 주는 경우, 꼭 조용히 주의를 주시기 바랍니다. 이런 부분이 관리되지 않으면, 다시 방문하기 어려울 것 같습니다.",399,True,5.0,2.3,브론즈 레벨,"2025년 07월 31일 - 새벽 2:30 야~~~~ 그놈 솔직히 말씀드리면, 너무 시끄려워 이곳이 술을 함께 파는 음식점이라는 건 알고 있지만, 그래도 공공장소입니다. 다른 손님들도 함께 있는 공간인 만큼, 최소한의 예의는 지켜야 한다고 생각합니다. 제발 목소리를 낮춰 주세요. 당신의 사업 이야기를 듣고 싶어 하는 사람은 주변에 없습니다. 함께 술 마시는 사람들에게만 들릴 정도로 이야기해 주세요. 오늘 이 가게에 세 번째 방문인데, 소음이 너무 심해서 식사 도중에 속이 울렁거릴 정도였습니다. 이건 너무 무례한 행동입니다. 직원분들께 부탁드립니다. 목소리가 지나치게 크고 다른 손님들에게 불편을 주는 경우, 꼭 조용히 주의를 주시기 바랍니다. 이런 부분이 관리되지 않으면, 다시 방문하기 어려울 것 같습니다.",2025년 07월 31일 새벽 2 30 야 TILDE 그놈 솔직히 말씀드리면 너무 시끄려워 이곳이 술을 함께 파는 음식점이라는 건 알고 있지만 그래도 공공장소입니다 다른 손님들도 함께 있는 공간인 만큼 최소한의 예의는 지켜야 한다고 생각합니다 제발 목소리를 낮춰 주세요 당신의 사업 이야기를 듣고 싶어 하는 사람은 주변에 없습니다 함께 술 마시는 사람들에게만 들릴 정도로 이야기해 주세요 오늘 이 가게에 세 번째 방문인데 소음이 너무 심해서 식사 도중에 속이 울렁거릴 정도였습니다 이건 너무 무례한 행동입니다 직원분들께 부탁드립니다 목소리가 지나치게 크고 다른 손님들에게 불편을 주는 경우 꼭 조용히 주의를 주시기 바랍니다 이런 부분이 관리되지 않으면 다시 방문하기 어려울 것 같습니다,0,0,0,0,0,0,1,399,원
naver,훼미리손칼국수보쌈,또니5129,1107.0,2025.11.08,1번째 방문,영수증,인당 만오천원에 보쌈+칼국수 세트로 먹을 수 있다는게 가성비있습니다! 고기가 부드럽고 맛있어요. 칼국수는 후추가 많이 뿌려져서 호불호가 갈릴 수 있겠어요. 참고로 주말 오픈런 했는데도 웨이팅했어요..,111,True,,,,인당 만오천원에 보쌈+칼국수 세트로 먹을 수 있다는게 가성비있습니다! 고기가 부드럽고 맛있어요. 칼국수는 후추가 많이 뿌려져서 호불호가 갈릴 수 있겠어요. 참고로 주말 오픈런 했는데도 웨이팅했어요..,인당 만오천원에 보쌈 칼국수 세트로 먹을 수 있다는게 가성비있습니다 EXCLAM 고기가 부드럽고 맛있어요 칼국수는 후추가 많이 뿌려져서 호불호가 갈릴 수 있겠어요 참고로 주말 오픈런 했는데도 웨이팅했어요,0,0,0,0,1,0,0,111,"가성비, 원"
naver,홍대 육지,나초감,332.0,2026.03.21,1번째 방문,영수증,"육지 첫번 째 방문후기에요 4시정도로 애매한 시간대에 방문했어요!! 저희가 주문한 메뉴는 (3인) 모둠고기 한상(450g) 59,000원 화산 계란찜 6,000원 진로 5,500원 테라 6,000원 매장 내부가 독특했어요 뭔가 컨셉이 엄청난 자리도 생각보다 넉넉한편 근데 전반적으로 가격이 좀 비싸고 고기 퀄이 아쉬웠어요... 재방문은 음....",193,True,,,,"육지 첫번 째 방문후기에요 4시정도로 애매한 시간대에 방문했어요!! 저희가 주문한 메뉴는 (3인) 모둠고기 한상(450g) 59,000원 화산 계란찜 6,000원 진로 5,500원 테라 6,000원 매장 내부가 독특했어요 뭔가 컨셉이 엄청난 자리도 생각보다 넉넉한편 근데 전반적으로 가격이 좀 비싸고 고기 퀄이 아쉬웠어요... 재방문은 음....",육지 첫번 째 방문후기에요 4시정도로 애매한 시간대에 방문했어요 EXCLAM 저희가 주문한 메뉴는 3인 모둠고기 한상 450g 59 000원 화산 계란찜 6 000원 진로 5 500원 테라 6 000원 매장 내부가 독특했어요 뭔가 컨셉이 엄청난 자리도 생각보다 넉넉한편 근데 전반적으로 가격이 좀 비싸고 고기 퀄이 아쉬웠어요 재방문은 음,0,0,0,0,1,0,1,193,"가격, 비싸, 원"
naver,뼈탄집 성수역점,룽이다,93.0,2026.02.10,1번째 방문,영수증,"너~~무 잘먹고가요!! 조용한 개별공간도 있어서 좋음. 표고와사비, 상추도 셀프로 들고가는데 넘~나 신선ㅋㅋ 엄마랑 엄청 많이 먹었어용ㅋ 직원분이 고기 다 구워주시는데, 육즙폭발 ㅠㅠㅠ왜케 맛있는거죠??? 블루리본 믿고감^^❤️",127,True,,,,"너~~무 잘먹고가요!! 조용한 개별공간도 있어서 좋음. 표고와사비, 상추도 셀프로 들고가는데 넘~나 신선ㅋㅋ 엄마랑 엄청 많이 먹었어용ㅋ 직원분이 고기 다 구워주시는데, 육즙폭발 ㅠㅠㅠ왜케 맛있는거죠??? 블루리본 믿고감^^❤️",너 TILDE 무 잘먹고가요 EXCLAM 조용한 개별공간도 있어서 좋음 표고와사비 상추도 셀프로 들고가는데 넘 나 신선 엄마랑 엄청 많이 먹었어용 직원분이 고기 다 구워주시는데 육즙폭발 왜케 맛있는거죠 QUESTION 블루리본 믿고감 EMO_POS,1,0,0,1,1,1,0,127,원
naver,홍대 육지,강봄누나다,19.0,2026.04.03,1번째 방문,영수증,"처음 오픈했을 때부터 합정에서 약속이 있으면 항상 오는데, 여기는 계란찜은 무조건 먹어야하구요 돈대갈비로 일단 시작해서 삼겹살이나 목살 추가해서 먹으면 딱입니다. 그리고 깍뚝볶음밥은 다 볶아져서 나오니까 먹기도 편하고 맛있어여!!! 웨이팅이 좀 오래걸리는편이니 제일 먼저 도착한 사람이 웨이팅걸어놓는게 좋아여",172,True,,,,"처음 오픈했을 때부터 합정에서 약속이 있으면 항상 오는데, 여기는 계란찜은 무조건 먹어야하구요 돈대갈비로 일단 시작해서 삼겹살이나 목살 추가해서 먹으면 딱입니다. 그리고 깍뚝볶음밥은 다 볶아져서 나오니까 먹기도 편하고 맛있어여!!! 웨이팅이 좀 오래걸리는편이니 제일 먼저 도착한 사람이 웨이팅걸어놓는게 좋아여",처음 오픈했을 때부터 합정에서 약속이 있으면 항상 오는데 여기는 계란찜은 무조건 먹어야하구요 돈대갈비로 일단 시작해서 삼겹살이나 목살 추가해서 먹으면 딱입니다 그리고 깍뚝볶음밥은 다 볶아져서 나오니까 먹기도 편하고 맛있어여 EXCLAM 웨이팅이 좀 오래걸리는편이니 제일 먼저 도착한 사람이 웨이팅걸어놓는게 좋아여,0,0,0,0,1,0,0,172,돈
kakao,할머니의레시피,ms,2.0,2026-04-01,,,떡갈비 1조각(9천원) 추가 주문할때도 1조각 맞냐고 4조각 2조각도 있다고 몇번을 큰소리로 말해 민망했음. 결국 2조각 나옴. 주문이 잘 못들어갔나 하고 그냥 먹고 있었더니 왜 잘못 나왔는데 얘기를 안했냐고 화내듯 말함. 2조각 비용 결제할때도 미안하다는 말한마디 없음. 재방문 의사 없음.,163,True,1.0,3.0,브론즈 레벨,떡갈비 1조각(9천원) 추가 주문할때도 1조각 맞냐고 4조각 2조각도 있다고 몇번을 큰소리로 말해 민망했음. 결국 2조각 나옴. 주문이 잘 못들어갔나 하고 그냥 먹고 있었더니 왜 잘못 나왔는데 얘기를 안했냐고 화내듯 말함. 2조각 비용 결제할때도 미안하다는 말한마디 없음. 재방문 의사 없음.,떡갈비 1조각 9천원 추가 주문할때도 1조각 맞냐고 4조각 2조각도 있다고 몇번을 큰소리로 말해 민망했음 결국 2조각 나옴 주문이 잘 못들어갔나 하고 그냥 먹고 있었더니 왜 잘못 나왔는데 얘기를 안했냐고 화내듯 말함 2조각 비용 결제할때도 미안하다는 말한마디 없음 재방문 의사 없음,0,0,0,0,0,0,1,163,"원, 비용"
kakao,육산장 홍대본점,박순현,5.0,2025-04-27,,,"고기가 너무 먹고 싶어서 홍대본점 육산장에 다녀왔습니다. 입구에 들어서자마자 고기 굽는 고소한 냄새에 기대감이 한껏 올라갔어요. 저는 삼겹살과 목살을 주문했는데요, 직원분께서 친절하게 추천도 해주시고, 고기도 직접 구워주셔서 정말 편하게 먹을 수 있었습니다. 삼겹살은 겉은 바삭하고 속은 촉촉해서 식감이 정말 좋았고, 목살은 육즙이 살아 있어서 씹을 때마다 고소한 풍미가 가득 퍼졌어요. 소금에만 살짝 찍어 먹어도 고기 본연의 맛이 느껴져서 너무 만족스러웠습니다.",259,True,5.0,5.0,브론즈 레벨,"고기가 너무 먹고 싶어서 홍대본점 육산장에 다녀왔습니다. 입구에 들어서자마자 고기 굽는 고소한 냄새에 기대감이 한껏 올라갔어요. 저는 삼겹살과 목살을 주문했는데요, 직원분께서 친절하게 추천도 해주시고, 고기도 직접 구워주셔서 정말 편하게 먹을 수 있었습니다. 삼겹살은 겉은 바삭하고 속은 촉촉해서 식감이 정말 좋았고, 목살은 육즙이 살아 있어서 씹을 때마다 고소한 풍미가 가득 퍼졌어요. 소금에만 살짝 찍어 먹어도 고기 본연의 맛이 느껴져서 너무 만족스러웠습니다.",고기가 너무 먹고 싶어서 홍대본점 육산장에 다녀왔습니다 입구에 들어서자마자 고기 굽는 고소한 냄새에 기대감이 한껏 올라갔어요 저는 삼겹살과 목살을 주문했는데요 직원분께서 친절하게 추천도 해주시고 고기도 직접 구워주셔서 정말 편하게 먹을 수 있었습니다 삼겹살은 겉은 바삭하고 속은 촉촉해서 식감이 정말 좋았고 목살은 육즙이 살아 있어서 씹을 때마다 고소한 풍미가 가득 퍼졌어요 소금에만 살짝 찍어 먹어도 고기 본연의 맛이 느껴져서 너무 만족스러웠습니다,0,0,0,0,0,0,0,259,원
kakao,훼미리손칼국수보쌈,박은영,3.0,2026-02-09,,,"주말 저녁에 단독으로 방문하였습니다. 현지 고객들로 붐볐습니다. 1인 주문이 가능하며, 15,000원의 보쌈과 칼국수가 포함된 정식을 주문하였습니다. 보쌈은 매우 두툼하며, 여성 1인이 섭취하기에 충분한 양이었고, 배추잎, 보쌈김치, 보쌈무와 훌륭하게 어우러져 맛있는 조화를 이루었습니다. 특히 김치의 맛이 뛰어났습니다. 조가 첨가된 밥도 반 공기 제공되어 보쌈과 함께 곁들였습니다. 칼국수는 고기와 야채 육수로 조리되었으며, 일반적인 맛이었습니다. 양은 1인분 칼국수 양보다 적었기 때문에 사이드 느낌이었습니다. 직원분들은 매우 친절하게 응대해주셨으며, 고객의 불편 사항에 대해서도 친절하게 처리하는 모습을 확인할 수 있었습니다.",353,True,5.0,3.7,브론즈 레벨,"주말 저녁에 단독으로 방문하였습니다. 현지 고객들로 붐볐습니다. 1인 주문이 가능하며, 15,000원의 보쌈과 칼국수가 포함된 정식을 주문하였습니다. 보쌈은 매우 두툼하며, 여성 1인이 섭취하기에 충분한 양이었고, 배추잎, 보쌈김치, 보쌈무와 훌륭하게 어우러져 맛있는 조화를 이루었습니다. 특히 김치의 맛이 뛰어났습니다. 조가 첨가된 밥도 반 공기 제공되어 보쌈과 함께 곁들였습니다. 칼국수는 고기와 야채 육수로 조리되었으며, 일반적인 맛이었습니다. 양은 1인분 칼국수 양보다 적었기 때문에 사이드 느낌이었습니다. 직원분들은 매우 친절하게 응대해주셨으며, 고객의 불편 사항에 대해서도 친절하게 처리하는 모습을 확인할 수 있었습니다.",주말 저녁에 단독으로 방문하였습니다 현지 고객들로 붐볐습니다 1인 주문이 가능하며 15 000원의 보쌈과 칼국수가 포함된 정식을 주문하였습니다 보쌈은 매우 두툼하며 여성 1인이 섭취하기에 충분한 양이었고 배추잎 보쌈김치 보쌈무와 훌륭하게 어우러져 맛있는 조화를 이루었습니다 특히 김치의 맛이 뛰어났습니다 조가 첨가된 밥도 반 공기 제공되어 보쌈과 함께 곁들였습니다 칼국수는 고기와 야채 육수로 조리되었으며 일반적인 맛이었습니다 양은 1인분 칼국수 양보다 적었기 때문에 사이드 느낌이었습니다 직원분들은 매우 친절하게 응대해주셨으며 고객의 불편 사항에 대해서도 친절하게 처리하는 모습을 확인할 수 있었습니다,0,0,0,0,0,0,1,353,원
naver,옥동식,손쫑구,1260.0,2025.12.25,1번째 방문,영수증,"흑백요리사 나오기 전부터 알고 있던 곳이었는데 이제야 가게 돼서 후회막심 .. 🤣 맑은 국물 돼지곰탕 중엔 젤 맛있는 것 같아요 ! 고기가 살코기랑 비계 비율이 적절해서 고소하고 맛있었어요. 원래 고추 별로 안 좋아하는데, 고추지 올려먹으니 간도 딱 맞고 킥이 되더라구요 !! 속도 넘 편했고 든든하게 먹고 갑니다 ~",177,True,,,,"흑백요리사 나오기 전부터 알고 있던 곳이었는데 이제야 가게 돼서 후회막심 .. 🤣 맑은 국물 돼지곰탕 중엔 젤 맛있는 것 같아요 ! 고기가 살코기랑 비계 비율이 적절해서 고소하고 맛있었어요. 원래 고추 별로 안 좋아하는데, 고추지 올려먹으니 간도 딱 맞고 킥이 되더라구요 !! 속도 넘 편했고 든든하게 먹고 갑니다 ~",흑백요리사 나오기 전부터 알고 있던 곳이었는데 이제야 가게 돼서 후회막심 EMO_LAUGH 맑은 국물 돼지곰탕 중엔 젤 맛있는 것 같아요 EXCLAM 고기가 살코기랑 비계 비율이 적절해서 고소하고 맛있었어요 원래 고추 별로 안 좋아하는데 고추지 올려먹으니 간도 딱 맞고 킥이 되더라구요 EXCLAM 속도 넘 편했고 든든하게 먹고 갑니다,0,0,1,0,1,0,0,177,원
naver,각시보쌈,캡틴화니,1257.0,2026.02.21,4번째 방문,예약,맛있어요 친절해요 가성비 좋아요 굿굿굿,21,True,,,,맛있어요 친절해요 가성비 좋아요 굿굿굿,맛있어요 친절해요 가성비 좋아요 굿굿,0,0,0,0,0,0,0,21,가성비
naver,옥동식,김옥돌옥돌,1044.0,2025.12.08,1번째 방문,예약,이 가격에 훌륭한 국밥을... 맑은 국물의 감칠맛과 위에 올라간 고기의 육향이 인상적이었음,50,True,,,,이 가격에 훌륭한 국밥을... 맑은 국물의 감칠맛과 위에 올라간 고기의 육향이 인상적이었음,이 가격에 훌륭한 국밥을 맑은 국물의 감칠맛과 위에 올라간 고기의 육향이 인상적이었음,0,0,0,0,0,0,0,50,가격
naver,능동미나리 성수지점,cjd****,480.0,2025.11.30,1번째 방문,영수증,"음식들이 전부다 맛있었고, 특히 육회비빔밥이 조화롭고 육회가 정말 신선했어요👍🏻 직원분들도 친절하고 빠르게 서빙해주셔서 잘먹었습니다^^",75,True,,,,"음식들이 전부다 맛있었고, 특히 육회비빔밥이 조화롭고 육회가 정말 신선했어요👍🏻 직원분들도 친절하고 빠르게 서빙해주셔서 잘먹었습니다^^",음식들이 전부다 맛있었고 특히 육회비빔밥이 조화롭고 육회가 정말 신선했어요 EMO_POS 직원분들도 친절하고 빠르게 서빙해주셔서 잘먹었습니다,1,0,0,0,0,0,0,75,원
naver,육산장 홍대본점,딸기케이크주세요,25.0,2026.01.27,1번째 방문,영수증,친구랑 고기 먹었는데 넘 맛있어요!!! 직원분들도 너무 친절하시고! 특별 메뉴도 잇어서 꼭 와보세요😍😍,57,True,,,,친구랑 고기 먹었는데 넘 맛있어요!!! 직원분들도 너무 친절하시고! 특별 메뉴도 잇어서 꼭 와보세요😍😍,친구랑 고기 먹었는데 넘 맛있어요 EXCLAM 직원분들도 너무 친절하시고 EXCLAM 특별 메뉴도 잇어서 꼭 와보세요 EMO_POS EMO_POS,1,0,0,0,1,0,0,57,원
kakao,각시보쌈,ㅎㅎ,417.0,2025-08-22,,,반반보쌈 소짜 32000원 퀄리티도 좋은데 2인이서 다 못먹음 줄 설만하네요,42,False,5.0,3.8,골드 레벨,반반보쌈 소짜 32000원 퀄리티도 좋은데 2인이서 다 못먹음 줄 설만하네요,반반보쌈 소짜 32000원 퀄리티도 좋은데 2인이서 다 못먹음 줄 설만하네요,0,0,0,0,0,0,1,42,원
naver,보끔당 성수점,아이스크림5228,9.0,2026.04.04,1번째 방문,영수증,집에서 해서 먹는 것처럼 집밥느낌 나는 닭도리탕입니다~ 직원분들도 친절하시고 공기밥 주문했는데 밥 짓는 대 오래 걸린다며 서비스로 밥 주셨어요 ㅎㅎㅎ,83,True,,,,집에서 해서 먹는 것처럼 집밥느낌 나는 닭도리탕입니다~ 직원분들도 친절하시고 공기밥 주문했는데 밥 짓는 대 오래 걸린다며 서비스로 밥 주셨어요 ㅎㅎㅎ,집에서 해서 먹는 것처럼 집밥느낌 나는 닭도리탕입니다 직원분들도 친절하시고 공기밥 주문했는데 밥 짓는 대 오래 걸린다며 서비스로 밥 주셨어요,0,0,0,0,0,0,0,83,원
naver,육산장 홍대본점,Zzok,93.0,2026.02.12,1번째 방문,영수증,직원들친절하고 맛있었어요!!!!,17,True,,,,직원들친절하고 맛있었어요!!!!,직원들친절하고 맛있었어요 EXCLAM,0,0,0,0,1,0,0,17,원
naver,훼미리손칼국수보쌈,Jinheon,1071.0,2025.06.15,1번째 방문,예약,병원갔다가 밥 먹으러 왔는데 10분정도 기다리고 들어갔네요. 나혼산에도 나왔던거 얼핏 봤었는데 양이 많이 좋네요. 고기는 다소 퍽퍽한 부위긴 한데 양이 깡패라 괜찮습니다.,95,True,,,,병원갔다가 밥 먹으러 왔는데 10분정도 기다리고 들어갔네요. 나혼산에도 나왔던거 얼핏 봤었는데 양이 많이 좋네요. 고기는 다소 퍽퍽한 부위긴 한데 양이 깡패라 괜찮습니다.,병원갔다가 밥 먹으러 왔는데 10분정도 기다리고 들어갔네요 나혼산에도 나왔던거 얼핏 봤었는데 양이 많이 좋네요 고기는 다소 퍽퍽한 부위긴 한데 양이 깡패라 괜찮습니다,0,0,0,0,0,0,1,95,원
naver,락희옥 마포본점,멍멍이예요,154.0,2025.10.02,1번째 방문,영수증,풀리오 체험관에 들리면서 주위 맛집을 검색하던 중 한식을 먹을까 하던 참에 락희옥을 발견했습니다. 엄마가 좋아할 만한 김치말이 국수도 눈에 띄고 부추된장비빔밥이 땡겨서 방문했어요. 이름도 특이한 락희옥 한문이름이라 더 독특하면서 고급스러웠죠. 보쌈도 먹고 싶었고 정식을 먹고 싶었지만 엄마가 밥양이 정말 작고 저도 부추된장비빔밥이 먹고 싶어 단품 2개만 시켰어요 단품시키면서 메밀전병쿠폰을 써서 죄송했지만...^^ 정말 고급 한식집이라는 것이 음식이 나올때 알겠더라고요. 하나같이 맛스럽고 환상적인 반찬들 오래 묵은 된장을 끓여놓은듯한 구수한 된장찌개 요즘 단걸을 때려넣는 다른집과 달리 본연의 깔끔하고 시원한 맛의 김치말이국수 그리고 정말 환상적으로 이쁘게 잘구워나온 메밀전병. 아쉬운점은 현미가 찰진거였어요 강추,400,True,,,,풀리오 체험관에 들리면서 주위 맛집을 검색하던 중 한식을 먹을까 하던 참에 락희옥을 발견했습니다. 엄마가 좋아할 만한 김치말이 국수도 눈에 띄고 부추된장비빔밥이 땡겨서 방문했어요. 이름도 특이한 락희옥 한문이름이라 더 독특하면서 고급스러웠죠. 보쌈도 먹고 싶었고 정식을 먹고 싶었지만 엄마가 밥양이 정말 작고 저도 부추된장비빔밥이 먹고 싶어 단품 2개만 시켰어요 단품시키면서 메밀전병쿠폰을 써서 죄송했지만...^^ 정말 고급 한식집이라는 것이 음식이 나올때 알겠더라고요. 하나같이 맛스럽고 환상적인 반찬들 오래 묵은 된장을 끓여놓은듯한 구수한 된장찌개 요즘 단걸을 때려넣는 다른집과 달리 본연의 깔끔하고 시원한 맛의 김치말이국수 그리고 정말 환상적으로 이쁘게 잘구워나온 메밀전병. 아쉬운점은 현미가 찰진거였어요 강추,풀리오 체험관에 들리면서 주위 맛집을 검색하던 중 한식을 먹을까 하던 참에 락희옥을 발견했습니다 엄마가 좋아할 만한 김치말이 국수도 눈에 띄고 부추된장비빔밥이 땡겨서 방문했어요 이름도 특이한 락희옥 한문이름이라 더 독특하면서 고급스러웠죠 보쌈도 먹고 싶었고 정식을 먹고 싶었지만 엄마가 밥양이 정말 작고 저도 부추된장비빔밥이 먹고 싶어 단품 2개만 시켰어요 단품시키면서 메밀전병쿠폰을 써서 죄송했지만 정말 고급 한식집이라는 것이 음식이 나올때 알겠더라고요 하나같이 맛스럽고 환상적인 반찬들 오래 묵은 된장을 끓여놓은듯한 구수한 된장찌개 요즘 단걸을 때려넣는 다른집과 달리 본연의 깔끔하고 시원한 맛의 김치말이국수 그리고 정말 환상적으로 이쁘게 잘구워나온 메밀전병 아쉬운점은 현미가 찰진거였어요 강추,0,0,0,0,0,0,1,400,원
naver,쭌곱창,연서야앙,7.0,2025.12.09,1번째 방문,영수증,두번째 방문인데요 여전히 맛있구 직원도 넘넘 친절해서 좋은 시간이 됐습니당 앞으로 자주 올 것 가타용 💕,58,True,,,,두번째 방문인데요 여전히 맛있구 직원도 넘넘 친절해서 좋은 시간이 됐습니당 앞으로 자주 올 것 가타용 💕,두번째 방문인데요 여전히 맛있구 직원도 넘넘 친절해서 좋은 시간이 됐습니당 앞으로 자주 올 것 가타용 EMO_POS,1,0,0,0,0,0,0,58,원
kakao,홍대 조선시대,강명주 (바다),1.0,2026-01-16,,,직원분 친절하시고 넘 마싯어요,16,True,5.0,5.0,브론즈 레벨,직원분 친절하시고 넘 마싯어요,직원분 친절하시고 넘 마싯어요,0,0,0,0,0,0,0,16,원
kakao,소문난성수감자탕,ㅇㅇ,558.0,2025-06-23,,,"첫 한입은 굳이 줄을 서야하나엿지만 먹으면 먹을수록 이뤃게 유명한데는 이유가잇구나 납득이 됨 생각보다 싸고 맛이 조미료없는 맛 특색잇거나양념ㅁ맛이 아냐서 왜유명하냐 할순잇지만 근본 그자체 너무유명하거나 너무 줄서는 맛집 잘 안가는데 기대도 안하는데 여기는 꼭 포장해서라도 두고두고 늙어서 또 먹고싶음 진로도 시원해서인지 맛잇음 막걸리도 좋음 라면사리 넣을때쯤 나한텐 좀 짯지만 같이간사람은 이때 간이 좋다고,, 54000 소 진로2막걸리1라면사리1 볶음밥1,, 외국인 많음 월5시에 가면 사람 없을듯",279,False,5.0,4.6,블루 레벨,"첫 한입은 굳이 줄을 서야하나엿지만 먹으면 먹을수록 이뤃게 유명한데는 이유가잇구나 납득이 됨 생각보다 싸고 맛이 조미료없는 맛 특색잇거나양념ㅁ맛이 아냐서 왜유명하냐 할순잇지만 근본 그자체 너무유명하거나 너무 줄서는 맛집 잘 안가는데 기대도 안하는데 여기는 꼭 포장해서라도 두고두고 늙어서 또 먹고싶음 진로도 시원해서인지 맛잇음 막걸리도 좋음 라면사리 넣을때쯤 나한텐 좀 짯지만 같이간사람은 이때 간이 좋다고,, 54000 소 진로2막걸리1라면사리1 볶음밥1,, 외국인 많음 월5시에 가면 사람 없을듯",첫 한입은 굳이 줄을 서야하나엿지만 먹으면 먹을수록 이뤃게 유명한데는 이유가잇구나 납득이 됨 생각보다 싸고 맛이 조미료없는 맛 특색잇거나양념 맛이 아냐서 왜유명하냐 할순잇지만 근본 그자체 너무유명하거나 너무 줄서는 맛집 잘 안가는데 기대도 안하는데 여기는 꼭 포장해서라도 두고두고 늙어서 또 먹고싶음 진로도 시원해서인지 맛잇음 막걸리도 좋음 라면사리 넣을때쯤 나한텐 좀 짯지만 같이간사람은 이때 간이 좋다고 54000 소 진로2막걸리1라면사리1 볶음밥1 외국인 많음 월5시에 가면 사람 없을듯,0,0,0,0,0,0,1,279,원
kakao,락희옥 마포본점,김지호,9.0,2025-06-09,,,보쌈정식&된장찌개 맛있고 건강한맛! 많은 인원이었는데 예약없이 바로 들어올 수 있어서 좋았고 고급스럽지만 편안한 분위기 였습니다! 직원분들도 친절하셨어요💕,86,True,5.0,4.2,브론즈 레벨,보쌈정식&된장찌개 맛있고 건강한맛! 많은 인원이었는데 예약없이 바로 들어올 수 있어서 좋았고 고급스럽지만 편안한 분위기 였습니다! 직원분들도 친절하셨어요💕,보쌈정식 된장찌개 맛있고 건강한맛 EXCLAM 많은 인원이었는데 예약없이 바로 들어올 수 있어서 좋았고 고급스럽지만 편안한 분위기 였습니다 EXCLAM 직원분들도 친절하셨어요 EMO_POS,1,0,0,0,1,0,0,86,원
kakao,할머니의레시피,GrOL,51.0,2025-09-05,,,음식 잘 나오고 여자 직원분은 친절함 (다른 리뷰처럼 남자 사장은 불친절). 테이블 간격이 너무 좁아 정신없음,61,False,4.0,3.9,실버 레벨,음식 잘 나오고 여자 직원분은 친절함 (다른 리뷰처럼 남자 사장은 불친절). 테이블 간격이 너무 좁아 정신없음,음식 잘 나오고 여자 직원분은 친절함 다른 리뷰처럼 남자 사장은 불친절 테이블 간격이 너무 좁아 정신없음,0,0,0,0,0,0,0,61,원
naver,황금콩밭,비도그,948.0,2026.02.21,2번째 방문,영수증,"저녁에 방문. 콩밭정찬 주문. 두부전문점으로서 내놓는 코스요리. 🔸️ 식전입가심으로 블루베리+두부를 갈아 만든 두유죽 비슷한 게 먼저 나옴. 이어 샐러드~생두부~호박전·동태전~가자미찜~돼지수육~냄비두부 순으로 차려짐. 🔸️ 샐러드 야채 신선. 쥐눈이콩 같은게 들어 있음. 생두부 조흠. 동태전은 가시 발라내느라 번잡. 가자미찜은 식었고 딱딱함. 뱃속에 알. 돼지수육은 부드럽고 잡내 없이 훌륭. 냄비두부찌개는 지나치게 짜고 달아 그저그런.. 전체적으로 가성비 저조⚠️ 🔸️ 어느 음식점이나 저녁에 가면 점심 때보다 조리 질 떨어지는 걸 느낌. 오늘 여기도 그럼. 🔸️ 저녁엔 접객도 힘들어지는 시간. 사장님,이모님들 모두 피곤해 보이고 힘겹게 손님 응대하는 인상. 🔸️ 주차 집앞 길거리에 했다간 불법딱지 주의〰️",399,True,,,,"저녁에 방문. 콩밭정찬 주문. 두부전문점으로서 내놓는 코스요리. 🔸️ 식전입가심으로 블루베리+두부를 갈아 만든 두유죽 비슷한 게 먼저 나옴. 이어 샐러드~생두부~호박전·동태전~가자미찜~돼지수육~냄비두부 순으로 차려짐. 🔸️ 샐러드 야채 신선. 쥐눈이콩 같은게 들어 있음. 생두부 조흠. 동태전은 가시 발라내느라 번잡. 가자미찜은 식었고 딱딱함. 뱃속에 알. 돼지수육은 부드럽고 잡내 없이 훌륭. 냄비두부찌개는 지나치게 짜고 달아 그저그런.. 전체적으로 가성비 저조⚠️ 🔸️ 어느 음식점이나 저녁에 가면 점심 때보다 조리 질 떨어지는 걸 느낌. 오늘 여기도 그럼. 🔸️ 저녁엔 접객도 힘들어지는 시간. 사장님,이모님들 모두 피곤해 보이고 힘겹게 손님 응대하는 인상. 🔸️ 주차 집앞 길거리에 했다간 불법딱지 주의〰️",저녁에 방문 콩밭정찬 주문 두부전문점으로서 내놓는 코스요리 식전입가심으로 블루베리 두부를 갈아 만든 두유죽 비슷한 게 먼저 나옴 이어 샐러드 생두부 호박전 동태전 가자미찜 돼지수육 냄비두부 순으로 차려짐 샐러드 야채 신선 쥐눈이콩 같은게 들어 있음 생두부 조흠 동태전은 가시 발라내느라 번잡 가자미찜은 식었고 딱딱함 뱃속에 알 돼지수육은 부드럽고 잡내 없이 훌륭 냄비두부찌개는 지나치게 짜고 달아 그저그런 전체적으로 가성비 저조 어느 음식점이나 저녁에 가면 점심 때보다 조리 질 떨어지는 걸 느낌 오늘 여기도 그럼 저녁엔 접객도 힘들어지는 시간 사장님 이모님들 모두 피곤해 보이고 힘겹게 손님 응대하는 인상 주차 집앞 길거리에 했다간 불법딱지 주의,0,0,0,0,0,0,0,399,가성비
naver,락희옥 마포본점,예쁜이6179,46.0,2025.09.30,1번째 방문,영수증,점심세트메뉴들 가성비도 좋고 맛있어요! 전병도 별미네요 보쌈은 역시 락희옥...!!,46,True,,,,점심세트메뉴들 가성비도 좋고 맛있어요! 전병도 별미네요 보쌈은 역시 락희옥...!!,점심세트메뉴들 가성비도 좋고 맛있어요 EXCLAM 전병도 별미네요 보쌈은 역시 락희옥 EXCLAM,0,0,0,0,1,0,0,46,가성비
kakao,뼈탄집 성수역점,이유진,1.0,2026-04-27,,,"저번에 방문하고 좋아서 또 방문했어요! ❤️ 고기가 진짜 맛있고 직원분께서 구워주셔서 편하게 먹을 수 있었어요 😊 상차림도 잘 나오고 전체적으로 메뉴 하나하나 다 만족스러웠어요 💛 찌개도 진하고 깊은 맛이라 좋았고, 볶음밥까지 맛있어서 마무리까지 완벽했어요 💕 다음에도 또 재방문할 예정입니다! 💖",166,True,5.0,5.0,브론즈 레벨,"저번에 방문하고 좋아서 또 방문했어요! ❤️ 고기가 진짜 맛있고 직원분께서 구워주셔서 편하게 먹을 수 있었어요 😊 상차림도 잘 나오고 전체적으로 메뉴 하나하나 다 만족스러웠어요 💛 찌개도 진하고 깊은 맛이라 좋았고, 볶음밥까지 맛있어서 마무리까지 완벽했어요 💕 다음에도 또 재방문할 예정입니다! 💖",저번에 방문하고 좋아서 또 방문했어요 EXCLAM EMO_POS 고기가 진짜 맛있고 직원분께서 구워주셔서 편하게 먹을 수 있었어요 EMO_POS 상차림도 잘 나오고 전체적으로 메뉴 하나하나 다 만족스러웠어요 EMO_POS 찌개도 진하고 깊은 맛이라 좋았고 볶음밥까지 맛있어서 마무리까지 완벽했어요 EMO_POS 다음에도 또 재방문할 예정입니다 EXCLAM EMO_POS,1,0,0,0,1,0,0,166,원
naver,쭌곱창,나를막을수없으셈,13.0,2026.03.22,1번째 방문,영수증,친구들이랑 급하게 곱창집 찾다가 방문하게 됐는데 직원분이랑 사장님이 너무 유머러스하고 분위기 넘 죠아요ㅠㅠㅠ 친구들이랑 맛나게 먹고갑니당 불향 장난 아니에유 💕💕💕,91,True,,,,친구들이랑 급하게 곱창집 찾다가 방문하게 됐는데 직원분이랑 사장님이 너무 유머러스하고 분위기 넘 죠아요ㅠㅠㅠ 친구들이랑 맛나게 먹고갑니당 불향 장난 아니에유 💕💕💕,친구들이랑 급하게 곱창집 찾다가 방문하게 됐는데 직원분이랑 사장님이 너무 유머러스하고 분위기 넘 죠아요 친구들이랑 맛나게 먹고갑니당 불향 장난 아니에유 EMO_POS EMO_POS EMO_POS,1,0,0,1,0,0,0,91,원
naver,원조 조박집 본관,sal****,94.0,2025.05.08,1번째 방문,예약,간이 대체적으로 슴슴하고 익숙한 맛이라 좋았어요 불판 불 조절하는게 반대로 된 테이블인데 직원분들 안내도 없고 고기 타는데 물어보니 오는 사람마다 불 조절 방법 방향 다르게 말해줘 좀 아쉽습니다,108,True,,,,간이 대체적으로 슴슴하고 익숙한 맛이라 좋았어요 불판 불 조절하는게 반대로 된 테이블인데 직원분들 안내도 없고 고기 타는데 물어보니 오는 사람마다 불 조절 방법 방향 다르게 말해줘 좀 아쉽습니다,간이 대체적으로 슴슴하고 익숙한 맛이라 좋았어요 불판 불 조절하는게 반대로 된 테이블인데 직원분들 안내도 없고 고기 타는데 물어보니 오는 사람마다 불 조절 방법 방향 다르게 말해줘 좀 아쉽습니다,0,0,0,0,0,0,0,108,원
naver,훼미리손칼국수보쌈,ji37519,18.0,2025.07.19,1번째 방문,영수증,토요일 11시40분쯤에 도착하여 대략 30분가량 대기하고 들어갔습니다. 칼국수와 보쌈 중으로 주문했습니다. 주문하고 얼마 지나지않아 보쌈이 먼저 나왔는데 맛은 평범하였고 고기에 비계가 많았습니다. 칼국수는 센스있게 두그릇으로 나눠서 주셨습니다. 국물이 맛있었고 그 외에는 평범한 보쌈과 칼국수였습니다. 둘이 먹기에 양이 적당했습니다. 보쌈정식으로 주문한다면 가성비있는 차림을 먹을 수 있을 듯 하지만 웨이팅하면서까지 먹을 맛집은 아닙니다.,245,True,,,,토요일 11시40분쯤에 도착하여 대략 30분가량 대기하고 들어갔습니다. 칼국수와 보쌈 중으로 주문했습니다. 주문하고 얼마 지나지않아 보쌈이 먼저 나왔는데 맛은 평범하였고 고기에 비계가 많았습니다. 칼국수는 센스있게 두그릇으로 나눠서 주셨습니다. 국물이 맛있었고 그 외에는 평범한 보쌈과 칼국수였습니다. 둘이 먹기에 양이 적당했습니다. 보쌈정식으로 주문한다면 가성비있는 차림을 먹을 수 있을 듯 하지만 웨이팅하면서까지 먹을 맛집은 아닙니다.,토요일 11시40분쯤에 도착하여 대략 30분가량 대기하고 들어갔습니다 칼국수와 보쌈 중으로 주문했습니다 주문하고 얼마 지나지않아 보쌈이 먼저 나왔는데 맛은 평범하였고 고기에 비계가 많았습니다 칼국수는 센스있게 두그릇으로 나눠서 주셨습니다 국물이 맛있었고 그 외에는 평범한 보쌈과 칼국수였습니다 둘이 먹기에 양이 적당했습니다 보쌈정식으로 주문한다면 가성비있는 차림을 먹을 수 있을 듯 하지만 웨이팅하면서까지 먹을 맛집은 아닙니다,0,0,0,0,0,0,1,245,가성비
naver,일등식당,냠냠쩝쩝1,174.0,2026.01.09,1번째 방문,영수증,"오랜만에 방문한 추억의 뼈다귀 해장국 전문점 일등식당!! 분위기, 맛, 가성비, 친절함까지 역시 일등입니다!!",61,True,,,,"오랜만에 방문한 추억의 뼈다귀 해장국 전문점 일등식당!! 분위기, 맛, 가성비, 친절함까지 역시 일등입니다!!",오랜만에 방문한 추억의 뼈다귀 해장국 전문점 일등식당 EXCLAM 분위기 맛 가성비 친절함까지 역시 일등입니다 EXCLAM,0,0,0,0,1,0,0,61,가성비
naver,홍대 육지,마라윤댕,33.0,2026.03.23,1번째 방문,영수증,매장이 엄청 힙해서 고깃집같지 않고 직원분들이 엄청 친절하세요!! 불판에 그려진 돼지모양이 귀엽고 퀄리티도 좋은데다가 구워주셔서 편히 먹을 수 있아요 굿굿,86,True,,,,매장이 엄청 힙해서 고깃집같지 않고 직원분들이 엄청 친절하세요!! 불판에 그려진 돼지모양이 귀엽고 퀄리티도 좋은데다가 구워주셔서 편히 먹을 수 있아요 굿굿,매장이 엄청 힙해서 고깃집같지 않고 직원분들이 엄청 친절하세요 EXCLAM 불판에 그려진 돼지모양이 귀엽고 퀄리티도 좋은데다가 구워주셔서 편히 먹을 수 있아요 굿굿,0,0,0,0,1,0,0,86,원
kakao,장인닭갈비 홍대점,♩,48.0,2026-01-10,,,"닭갈비 먹고 싶어서 왔는데 역근처에 있어서 편하게 찾을 수 있어서 좋았고, 맛,가성비,서비스,분위기 모두 괜찮았습니다!! 덕분에 기분좋게 식사했어요~~^^ㅎㅎ",88,False,5.0,5.0,실버 레벨,"닭갈비 먹고 싶어서 왔는데 역근처에 있어서 편하게 찾을 수 있어서 좋았고, 맛,가성비,서비스,분위기 모두 괜찮았습니다!! 덕분에 기분좋게 식사했어요~~^^ㅎㅎ",닭갈비 먹고 싶어서 왔는데 역근처에 있어서 편하게 찾을 수 있어서 좋았고 맛 가성비 서비스 분위기 모두 괜찮았습니다 EXCLAM 덕분에 기분좋게 식사했어요 TILDE,0,0,0,0,1,0,0,88,가성비
naver,홍대 육지,poiuytlkjh,14.0,2026.04.13,1번째 방문,영수증,삼겹살에 비계가 너무 두꺼워서 직원분께 말씀 드리니 친절하게 바뀌주셨어요 고기질은 좋은편이예요 다만 위생관리는 좀 실망스럽네요,70,True,,,,삼겹살에 비계가 너무 두꺼워서 직원분께 말씀 드리니 친절하게 바뀌주셨어요 고기질은 좋은편이예요 다만 위생관리는 좀 실망스럽네요,삼겹살에 비계가 너무 두꺼워서 직원분께 말씀 드리니 친절하게 바뀌주셨어요 고기질은 좋은편이예요 다만 위생관리는 좀 실망스럽네요,0,0,0,0,0,0,0,70,원
kakao,마포양지설렁탕 도화점,후후,17.0,2025-01-27,,,맛은 좋으나 가격이 점점 오르더니 너무 올랐어요. 마감 9시 30분도 늘 안맞습니다. 하루이틀 그러려니했는데 세번째에요. 8시 30분에도 마감되어 못 먹습니다. 수정즘 해두세요.,99,False,1.0,2.8,실버 레벨,맛은 좋으나 가격이 점점 오르더니 너무 올랐어요. 마감 9시 30분도 늘 안맞습니다. 하루이틀 그러려니했는데 세번째에요. 8시 30분에도 마감되어 못 먹습니다. 수정즘 해두세요.,맛은 좋으나 가격이 점점 오르더니 너무 올랐어요 마감 9시 30분도 늘 안맞습니다 하루이틀 그러려니했는데 세번째에요 8시 30분에도 마감되어 못 먹습니다 수정즘 해두세요,0,0,0,0,0,0,1,99,가격
naver,할머니의 레시피,데이지쥬,129.0,2026.02.26,1번째 방문,영수증,사람들이 북적이는 성수에서 혼밥 할 수 있는 곳이라서 너무 좋았어요! 눈치 하나도 안 보고 맛있게 먹고 왔습니다. 건강한 맛이라서 더 좋았던 거 같구요. 반찬이 많이 나오는 것도 좋았습니다! 사장님도 너무 친절하시고 적게 일하고 돈 많이 버세요!,137,True,,,,사람들이 북적이는 성수에서 혼밥 할 수 있는 곳이라서 너무 좋았어요! 눈치 하나도 안 보고 맛있게 먹고 왔습니다. 건강한 맛이라서 더 좋았던 거 같구요. 반찬이 많이 나오는 것도 좋았습니다! 사장님도 너무 친절하시고 적게 일하고 돈 많이 버세요!,사람들이 북적이는 성수에서 혼밥 할 수 있는 곳이라서 너무 좋았어요 EXCLAM 눈치 하나도 안 보고 맛있게 먹고 왔습니다 건강한 맛이라서 더 좋았던 거 같구요 반찬이 많이 나오는 것도 좋았습니다 EXCLAM 사장님도 너무 친절하시고 적게 일하고 돈 많이 버세요 EXCLAM,0,0,0,0,1,0,0,137,돈
naver,소문난성수감자탕,봄날은올껄,1175.0,2025.12.22,1번째 방문,영수증,성수동와서 줄서서 맛본 감자탕~~ 사실 감자탕이 별거없다고 다른 곳 갈려고 찜했으나 너무너무춥고 다리도 아프고 그냥 눈앞에 있는 소문남감자탕 줄서기 ㅜㅜ 추워서 따땃한거 먹으니 좋긴하나 ㅋㅋ감자탕 뭐 특별한 맛은 없는~~우거지가 적어서 좀 아쉽~ 라면 사리 하나 3천원 ㅋㅋ웃음이 나는구나~~ 한번 먹어본걸로 만족~!!,178,True,,,,성수동와서 줄서서 맛본 감자탕~~ 사실 감자탕이 별거없다고 다른 곳 갈려고 찜했으나 너무너무춥고 다리도 아프고 그냥 눈앞에 있는 소문남감자탕 줄서기 ㅜㅜ 추워서 따땃한거 먹으니 좋긴하나 ㅋㅋ감자탕 뭐 특별한 맛은 없는~~우거지가 적어서 좀 아쉽~ 라면 사리 하나 3천원 ㅋㅋ웃음이 나는구나~~ 한번 먹어본걸로 만족~!!,성수동와서 줄서서 맛본 감자탕 TILDE 사실 감자탕이 별거없다고 다른 곳 갈려고 찜했으나 너무너무춥고 다리도 아프고 그냥 눈앞에 있는 소문남감자탕 줄서기 추워서 따땃한거 먹으니 좋긴하나 감자탕 뭐 특별한 맛은 없는 TILDE 우거지가 적어서 좀 아쉽 라면 사리 하나 3천원 웃음이 나는구나 TILDE 한번 먹어본걸로 만족 EXCLAM,0,0,0,1,1,0,1,178,원
kakao,소문난성수감자탕,히망,1.0,2025-07-27,,,진짜..... 사람 줄 완전 길던 곳이라 기대하고 갔는데 세상에 제가 먹은 감자탕중 제일 별로였어요 뼈가 안갈라지고 질긴 고기..직원한테 너무 질겼다고 말씀 드렸더니 눈도 안마주치고 그냥 고개만 끄덕하고 보내더라고요 그리고 제일 최악인점. 다음손님 받겠다고 웨이팅 많은곳인건 알겠는데 밥 다먹자마자 숟가락 놓았는데 아줌마 직원 와서 치워도 되냐 묻는데 전 세상에 어떤 식당이 식사 즐기던 손님한테 저런 말 하는곳 처음 봤습니다 나가라는거잖아요 다른사람 받아야하니까 눈치주고.. 왜 유명한거에요 대체?,279,False,1.0,1.0,브론즈 레벨,진짜..... 사람 줄 완전 길던 곳이라 기대하고 갔는데 세상에 제가 먹은 감자탕중 제일 별로였어요 뼈가 안갈라지고 질긴 고기..직원한테 너무 질겼다고 말씀 드렸더니 눈도 안마주치고 그냥 고개만 끄덕하고 보내더라고요 그리고 제일 최악인점. 다음손님 받겠다고 웨이팅 많은곳인건 알겠는데 밥 다먹자마자 숟가락 놓았는데 아줌마 직원 와서 치워도 되냐 묻는데 전 세상에 어떤 식당이 식사 즐기던 손님한테 저런 말 하는곳 처음 봤습니다 나가라는거잖아요 다른사람 받아야하니까 눈치주고.. 왜 유명한거에요 대체?,진짜 사람 줄 완전 길던 곳이라 기대하고 갔는데 세상에 제가 먹은 감자탕중 제일 별로였어요 뼈가 안갈라지고 질긴 고기 직원한테 너무 질겼다고 말씀 드렸더니 눈도 안마주치고 그냥 고개만 끄덕하고 보내더라고요 그리고 제일 최악인점 다음손님 받겠다고 웨이팅 많은곳인건 알겠는데 밥 다먹자마자 숟가락 놓았는데 아줌마 직원 와서 치워도 되냐 묻는데 전 세상에 어떤 식당이 식사 즐기던 손님한테 저런 말 하는곳 처음 봤습니다 나가라는거잖아요 다른사람 받아야하니까 눈치주고 왜 유명한거에요 대체 QUESTION,0,0,0,0,0,1,0,279,원
naver,옥동식,푸드Man,783.0,2025.02.09,1번째 방문,영수증,&lt;옥동식&gt; 합정역 돼지국밥 찐 맛집 합정역 부근에 있는 돼지국밥 찐 맛집으로 다른 돼지국밥과는 전혀 다른 맑은 국물의 돼지국밥을 맛볼수있는 옥동식입니다. 여기는 진짜로 웨이팅이 엄청난 곳으로 꼭 캐치테이블로 원격 예약을 하시고가세요. 그리고 꼭 한번 먹어봤으면 하는 돼지국밥으로 다른분들도 옥동식 가보시는걸 강력 추천드립니다.,188,True,,,,&lt;옥동식&gt; 합정역 돼지국밥 찐 맛집 합정역 부근에 있는 돼지국밥 찐 맛집으로 다른 돼지국밥과는 전혀 다른 맑은 국물의 돼지국밥을 맛볼수있는 옥동식입니다. 여기는 진짜로 웨이팅이 엄청난 곳으로 꼭 캐치테이블로 원격 예약을 하시고가세요. 그리고 꼭 한번 먹어봤으면 하는 돼지국밥으로 다른분들도 옥동식 가보시는걸 강력 추천드립니다.,lt 옥동식 gt 합정역 돼지국밥 찐 맛집 합정역 부근에 있는 돼지국밥 찐 맛집으로 다른 돼지국밥과는 전혀 다른 맑은 국물의 돼지국밥을 맛볼수있는 옥동식입니다 여기는 진짜로 웨이팅이 엄청난 곳으로 꼭 캐치테이블로 원격 예약을 하시고가세요 그리고 꼭 한번 먹어봤으면 하는 돼지국밥으로 다른분들도 옥동식 가보시는걸 강력 추천드립니다,0,0,0,0,0,0,0,188,원
naver,장인닭갈비 홍대점,dlatmfr7715,136.0,2026.04.13,1번째 방문,영수증,너무 맛있어요 처음 와봤는데 너무 맛있고 직원분들 너무 친절하고 매장도 쾌적하고 좋아요 닭갈비 순한맛으로 먹었는데 너무 맛있어요 ㅎㅎ,74,True,,,,너무 맛있어요 처음 와봤는데 너무 맛있고 직원분들 너무 친절하고 매장도 쾌적하고 좋아요 닭갈비 순한맛으로 먹었는데 너무 맛있어요 ㅎㅎ,너무 맛있어요 처음 와봤는데 너무 맛있고 직원분들 너무 친절하고 매장도 쾌적하고 좋아요 닭갈비 순한맛으로 먹었는데 너무 맛있어요,0,0,0,0,0,0,0,74,원
naver,황금콩밭,ohmona,1920.0,2025.06.09,1번째 방문,영수증,혼밥이나 여럿이 먹으러 와도 괜찮을 듯한 가격 구성도 좋고 미슐랭이라 지정 된 만큼 맛도 좋네요! 오랜만에 청국장 먹었는데 간이 쌔지않고 조금 슴슴하면서 구수한 맛이 올라와요. 식후 짠기로 목이 마르거나 텁텁함이 없어 더 좋았습니다. 근처 오게되면 재방문 하고싶어요👏,149,True,,,,혼밥이나 여럿이 먹으러 와도 괜찮을 듯한 가격 구성도 좋고 미슐랭이라 지정 된 만큼 맛도 좋네요! 오랜만에 청국장 먹었는데 간이 쌔지않고 조금 슴슴하면서 구수한 맛이 올라와요. 식후 짠기로 목이 마르거나 텁텁함이 없어 더 좋았습니다. 근처 오게되면 재방문 하고싶어요👏,혼밥이나 여럿이 먹으러 와도 괜찮을 듯한 가격 구성도 좋고 미슐랭이라 지정 된 만큼 맛도 좋네요 EXCLAM 오랜만에 청국장 먹었는데 간이 쌔지않고 조금 슴슴하면서 구수한 맛이 올라와요 식후 짠기로 목이 마르거나 텁텁함이 없어 더 좋았습니다 근처 오게되면 재방문 하고싶어요 EMO_POS,1,0,0,0,1,0,0,149,가격
naver,조선시대,컭ㅅ,27.0,2026.03.07,1번째 방문,영수증,대창닭목살전골 맛있어요!! 키오스크에 할인해주는 게임도 나와서 재밌어용,39,True,,,,대창닭목살전골 맛있어요!! 키오스크에 할인해주는 게임도 나와서 재밌어용,대창닭목살전골 맛있어요 EXCLAM 키오스크에 할인해주는 게임도 나와서 재밌어용,0,0,0,0,1,0,0,39,할인
naver,금금 성수점,지수094,53.0,2026.04.05,1번째 방문,영수증,음식 너무 맛있고 직원분들도 너무 친절하세요!😻,26,True,,,,음식 너무 맛있고 직원분들도 너무 친절하세요!😻,음식 너무 맛있고 직원분들도 너무 친절하세요 EXCLAM,0,0,0,0,1,0,0,26,원
naver,훼미리손칼국수보쌈,기타치는제육볶음,24.0,2026.02.24,1번째 방문,예약,회사와 집에서 가까워서 일주일에 한번은 가서 보쌈정식에 소주 한병 먹고 나온지 7~8년은 된것 같아요. 보쌈정식에 소주 한병 딱 이만원 나와요. 티비 및 유튜브에 많이 나온 집이라서 지나가다가 웨이팅 있으면 그냥 가고 없으면 들어가서 먹고 나오는 그런 편한 집입니다. 아무래도 가성비가 뛰어난 집이라고 할 수 있고 만오천원에 일인분으로 넉넉한 수육과 칼국수 맛있는 김치에 신선한 알배추까지 먹을 수 있습니다. 일본사람들이 꽤 많이 오고 술 없이 식사만 하고 가는 테이블도 많은데 오히려 혼자 혹은 둘이서 식사 하면서 가볍게 한잔 할 수 있는 최고의 집입니다. 혼자가도 전혀 눈치주지 않는 아주 고마운 집이에요. 그래서 혼자갈 땐 미안해서 후다닥 먹고 나오게 됩니다. 뚝섬역 근처 오시면 한번 들러 보세요.,394,True,,,,회사와 집에서 가까워서 일주일에 한번은 가서 보쌈정식에 소주 한병 먹고 나온지 7~8년은 된것 같아요. 보쌈정식에 소주 한병 딱 이만원 나와요. 티비 및 유튜브에 많이 나온 집이라서 지나가다가 웨이팅 있으면 그냥 가고 없으면 들어가서 먹고 나오는 그런 편한 집입니다. 아무래도 가성비가 뛰어난 집이라고 할 수 있고 만오천원에 일인분으로 넉넉한 수육과 칼국수 맛있는 김치에 신선한 알배추까지 먹을 수 있습니다. 일본사람들이 꽤 많이 오고 술 없이 식사만 하고 가는 테이블도 많은데 오히려 혼자 혹은 둘이서 식사 하면서 가볍게 한잔 할 수 있는 최고의 집입니다. 혼자가도 전혀 눈치주지 않는 아주 고마운 집이에요. 그래서 혼자갈 땐 미안해서 후다닥 먹고 나오게 됩니다. 뚝섬역 근처 오시면 한번 들러 보세요.,회사와 집에서 가까워서 일주일에 한번은 가서 보쌈정식에 소주 한병 먹고 나온지 7 8년은 된것 같아요 보쌈정식에 소주 한병 딱 이만원 나와요 티비 및 유튜브에 많이 나온 집이라서 지나가다가 웨이팅 있으면 그냥 가고 없으면 들어가서 먹고 나오는 그런 편한 집입니다 아무래도 가성비가 뛰어난 집이라고 할 수 있고 만오천원에 일인분으로 넉넉한 수육과 칼국수 맛있는 김치에 신선한 알배추까지 먹을 수 있습니다 일본사람들이 꽤 많이 오고 술 없이 식사만 하고 가는 테이블도 많은데 오히려 혼자 혹은 둘이서 식사 하면서 가볍게 한잔 할 수 있는 최고의 집입니다 혼자가도 전혀 눈치주지 않는 아주 고마운 집이에요 그래서 혼자갈 땐 미안해서 후다닥 먹고 나오게 됩니다 뚝섬역 근처 오시면 한번 들러 보세요,0,0,0,0,0,0,1,394,"가성비, 원"
kakao,뼈탄집 성수역점,꺼비월드,3.0,2025-12-22,,,"육즙이 터지는 숙성고기와 정갈한 반찬이 진짜 너무 만족스러웠어요💕 뼈탄삼겹살은 숙성이 잘 되었는지 육향이 진하고, 육즙이 가득 느껴져서 정신차려보니 이미 끝.. 반찬들도 기대 이상이었는데, 특히 장아찌류와 묵은지가 정말 미쳤습니다!!! 고기랑 같이 먹기 딱 좋은 밸런스라 조합 최고였구요😆 한우된찌도 건더기 가득 너무 맛있었어요👍🏻 인테리어도 너무 예쁘고 직원분들도 친절하셔서 다음에 팀 회식으로 오려구요 ㅎㅎ 성수에서 잘하는 고깃집 찾기 어려운데 완전 추천해요",258,True,5.0,5.0,브론즈 레벨,"육즙이 터지는 숙성고기와 정갈한 반찬이 진짜 너무 만족스러웠어요💕 뼈탄삼겹살은 숙성이 잘 되었는지 육향이 진하고, 육즙이 가득 느껴져서 정신차려보니 이미 끝.. 반찬들도 기대 이상이었는데, 특히 장아찌류와 묵은지가 정말 미쳤습니다!!! 고기랑 같이 먹기 딱 좋은 밸런스라 조합 최고였구요😆 한우된찌도 건더기 가득 너무 맛있었어요👍🏻 인테리어도 너무 예쁘고 직원분들도 친절하셔서 다음에 팀 회식으로 오려구요 ㅎㅎ 성수에서 잘하는 고깃집 찾기 어려운데 완전 추천해요",육즙이 터지는 숙성고기와 정갈한 반찬이 진짜 너무 만족스러웠어요 EMO_POS 뼈탄삼겹살은 숙성이 잘 되었는지 육향이 진하고 육즙이 가득 느껴져서 정신차려보니 이미 끝 반찬들도 기대 이상이었는데 특히 장아찌류와 묵은지가 정말 미쳤습니다 EXCLAM 고기랑 같이 먹기 딱 좋은 밸런스라 조합 최고였구요 EMO_POS 한우된찌도 건더기 가득 너무 맛있었어요 EMO_POS 인테리어도 너무 예쁘고 직원분들도 친절하셔서 다음에 팀 회식으로 오려구요 성수에서 잘하는 고깃집 찾기 어려운데 완전 추천해요,1,0,0,0,1,0,0,258,원
naver,각시보쌈,dorigoguma,14.0,2026.03.28,1번째 방문,영수증,너무 맛잇고 가성비가 쩔어요 김치가 예술입니다ㅜㅜ,27,True,,,,너무 맛잇고 가성비가 쩔어요 김치가 예술입니다ㅜㅜ,너무 맛잇고 가성비가 쩔어요 김치가 예술입니다,0,0,0,1,0,0,0,27,가성비
naver,할머니의 레시피,Longlongto,32.0,2025.08.09,1번째 방문,예약,어머님가 좋아하실만한 식당을 찾아 방문했습니다. 문열고 들어서는 순간 친절하신 직원분들의 인사에 기분이 좋아지고 포근하면서도 깔끔한 인테리어에 기분이 더 좋아졌습니다. 창가 쪽에 자리를 잡고 앉았는데 뷰도 마음에 들었습니다. 각메뉴를 시키고 기다리는데 반찬을 놔주시고 간단한 설명까지 너무 친절하시고 배려하는 말투에 대접받는 느낌이었습니다. 어머니도 남편도 저도 모두 식사를 너무 맛있게 했고 양도 배부르고 가성비 최고라고 생각이 들었습니다. 음식은 깔끔하고 간이 적당했으며 모든 메뉴를 맛보고 싶을 정도입니다. 친정 가족들도 모시고 재방문 해야겠습니다. 번창하세요♡,317,False,,,,어머님가 좋아하실만한 식당을 찾아 방문했습니다. 문열고 들어서는 순간 친절하신 직원분들의 인사에 기분이 좋아지고 포근하면서도 깔끔한 인테리어에 기분이 더 좋아졌습니다. 창가 쪽에 자리를 잡고 앉았는데 뷰도 마음에 들었습니다. 각메뉴를 시키고 기다리는데 반찬을 놔주시고 간단한 설명까지 너무 친절하시고 배려하는 말투에 대접받는 느낌이었습니다. 어머니도 남편도 저도 모두 식사를 너무 맛있게 했고 양도 배부르고 가성비 최고라고 생각이 들었습니다. 음식은 깔끔하고 간이 적당했으며 모든 메뉴를 맛보고 싶을 정도입니다. 친정 가족들도 모시고 재방문 해야겠습니다. 번창하세요♡,어머님가 좋아하실만한 식당을 찾아 방문했습니다 문열고 들어서는 순간 친절하신 직원분들의 인사에 기분이 좋아지고 포근하면서도 깔끔한 인테리어에 기분이 더 좋아졌습니다 창가 쪽에 자리를 잡고 앉았는데 뷰도 마음에 들었습니다 각메뉴를 시키고 기다리는데 반찬을 놔주시고 간단한 설명까지 너무 친절하시고 배려하는 말투에 대접받는 느낌이었습니다 어머니도 남편도 저도 모두 식사를 너무 맛있게 했고 양도 배부르고 가성비 최고라고 생각이 들었습니다 음식은 깔끔하고 간이 적당했으며 모든 메뉴를 맛보고 싶을 정도입니다 친정 가족들도 모시고 재방문 해야겠습니다 번창하세요 EMO_POS,1,0,0,0,0,0,0,317,"가성비, 원"
naver,장인닭갈비 홍대점,소원406,10.0,2026.03.25,1번째 방문,영수증,친한 언니와 장인닭갈비에 저녁 먹으러 왔습니다! 사람도 너무 많았고 되게 바쁜 매장이였어요~ 5분정도 기다리고 입장했는데 직원분들도 너무 친절했고 서비스가 만족스러웠습니다! 닭갈비는 순한맛으로 주문했는데 맵찔이인 저에게는 딱 맞는 맵기였어요! 셀프바도 잘 되어있고 바쁜 와중에도 다들 친절하게 대해주셔서 기분좋게 식사하고 갔습니다! 재방문 의사 100프로예요!!♡♡ 늦게까지 하는 홍대 맛집으로 추천입니다!!♡,229,True,,,,친한 언니와 장인닭갈비에 저녁 먹으러 왔습니다! 사람도 너무 많았고 되게 바쁜 매장이였어요~ 5분정도 기다리고 입장했는데 직원분들도 너무 친절했고 서비스가 만족스러웠습니다! 닭갈비는 순한맛으로 주문했는데 맵찔이인 저에게는 딱 맞는 맵기였어요! 셀프바도 잘 되어있고 바쁜 와중에도 다들 친절하게 대해주셔서 기분좋게 식사하고 갔습니다! 재방문 의사 100프로예요!!♡♡ 늦게까지 하는 홍대 맛집으로 추천입니다!!♡,친한 언니와 장인닭갈비에 저녁 먹으러 왔습니다 EXCLAM 사람도 너무 많았고 되게 바쁜 매장이였어요 5분정도 기다리고 입장했는데 직원분들도 너무 친절했고 서비스가 만족스러웠습니다 EXCLAM 닭갈비는 순한맛으로 주문했는데 맵찔이인 저에게는 딱 맞는 맵기였어요 EXCLAM 셀프바도 잘 되어있고 바쁜 와중에도 다들 친절하게 대해주셔서 기분좋게 식사하고 갔습니다 EXCLAM 재방문 의사 100프로예요 EXCLAM EMO_POS EMO_POS 늦게까지 하는 홍대 맛집으로 추천입니다 EXCLAM EMO_POS,1,0,0,0,1,0,1,229,원
naver,홍대 육지,유빙빙e,43.0,2026.03.27,1번째 방문,영수증,처음 왔는데 맛있고 직원분들도 너무 친절하셔서 만족했습니다! 계란찜이 특히 맛있네요 ㅎ̆̈ㅎ̆̈ㅎ̆̈ 또 올게요:D,64,True,,,,처음 왔는데 맛있고 직원분들도 너무 친절하셔서 만족했습니다! 계란찜이 특히 맛있네요 ㅎ̆̈ㅎ̆̈ㅎ̆̈ 또 올게요:D,처음 왔는데 맛있고 직원분들도 너무 친절하셔서 만족했습니다 EXCLAM 계란찜이 특히 맛있네요 또 올게요 D,0,0,0,0,1,0,0,64,원
naver,각시보쌈,은은한날,267.0,2026.03.26,1번째 방문,영수증,가성비 대박 현지인 추천맛집이라 갔는데 왜 줄서는지 바로 알겠더라구여!ㅋㅋ,41,True,,,,가성비 대박 현지인 추천맛집이라 갔는데 왜 줄서는지 바로 알겠더라구여!ㅋㅋ,가성비 대박 현지인 추천맛집이라 갔는데 왜 줄서는지 바로 알겠더라구여 EXCLAM,0,0,0,0,1,0,0,41,가성비
naver,원조 조박집 본관,kato19,80.0,2025.06.03,1번째 방문,영수증,돼지갈비가 부드럽고 많이 안달고 맛있어요 같이나오는 동치미국수도 시원하고 맛있어요,45,False,,,,돼지갈비가 부드럽고 많이 안달고 맛있어요 같이나오는 동치미국수도 시원하고 맛있어요,돼지갈비가 부드럽고 많이 안달고 맛있어요 같이나오는 동치미국수도 시원하고 맛있어요,0,0,0,0,0,0,0,45,원
naver,쭌곱창,jeo****,41.0,2025.12.19,1번째 방문,예약,음식이 너무 맛있어요!! 직원분들도 착하시고 맛있게 잘 먹구 가구 재방문의사 있어요!!,48,True,,,,음식이 너무 맛있어요!! 직원분들도 착하시고 맛있게 잘 먹구 가구 재방문의사 있어요!!,음식이 너무 맛있어요 EXCLAM 직원분들도 착하시고 맛있게 잘 먹구 가구 재방문의사 있어요 EXCLAM,0,0,0,0,1,0,0,48,원
naver,할머니의 레시피,JohnIeatwell,1210.0,2025.06.28,1번째 방문,영수증,"반찬도 잘 나오고 비빔밥정식이랑 쌈밥정식 먹었는데 와,, 정말 맛있었어요 ㅠㅠ 👍🏻 음식도 정갈하고 재료도 신선하고 건강하게 맛있는 맛이라 최고였어요! 쌈밥정식을 골랐던 남자친구도 정말 만족스러워하면서 먹더라고요! ☺️🥰 이곳에서 든든한 한 끼 맛있게 잘 먹고 왔습니당! 아무래도 식당 이름을 할머니의 마법 레시피로 바꾸셔야겠어요! 👵🏻🪄 사장님께서도 친절하셔서 더 좋았어요~~! 😆😆 ** 원래 쌈밥정식에 상추도 같이 나오는데 사진에서 잘렸습니다!",251,True,,,,"반찬도 잘 나오고 비빔밥정식이랑 쌈밥정식 먹었는데 와,, 정말 맛있었어요 ㅠㅠ 👍🏻 음식도 정갈하고 재료도 신선하고 건강하게 맛있는 맛이라 최고였어요! 쌈밥정식을 골랐던 남자친구도 정말 만족스러워하면서 먹더라고요! ☺️🥰 이곳에서 든든한 한 끼 맛있게 잘 먹고 왔습니당! 아무래도 식당 이름을 할머니의 마법 레시피로 바꾸셔야겠어요! 👵🏻🪄 사장님께서도 친절하셔서 더 좋았어요~~! 😆😆 ** 원래 쌈밥정식에 상추도 같이 나오는데 사진에서 잘렸습니다!",반찬도 잘 나오고 비빔밥정식이랑 쌈밥정식 먹었는데 와 정말 맛있었어요 EMO_POS 음식도 정갈하고 재료도 신선하고 건강하게 맛있는 맛이라 최고였어요 EXCLAM 쌈밥정식을 골랐던 남자친구도 정말 만족스러워하면서 먹더라고요 EXCLAM EMO_POS 이곳에서 든든한 한 끼 맛있게 잘 먹고 왔습니당 EXCLAM 아무래도 식당 이름을 할머니의 마법 레시피로 바꾸셔야겠어요 EXCLAM 사장님께서도 친절하셔서 더 좋았어요 TILDE EXCLAM EMO_POS EMO_POS 원래 쌈밥정식에 상추도 같이 나오는데 사진에서 잘렸습니다 EXCLAM,1,0,0,1,1,0,0,251,원
naver,각시보쌈,hea****,91.0,2025.09.20,1번째 방문,영수증,대기있었어요 나이드신 분이 많아서 놀랐습니다 친절하시고 양도 푸짐하고 맛도 괜찮아요 가성비 갑!!?,55,True,,,,대기있었어요 나이드신 분이 많아서 놀랐습니다 친절하시고 양도 푸짐하고 맛도 괜찮아요 가성비 갑!!?,대기있었어요 나이드신 분이 많아서 놀랐습니다 친절하시고 양도 푸짐하고 맛도 괜찮아요 가성비 갑 EXCLAM QUESTION,0,0,0,0,1,1,0,55,가성비
naver,쭌곱창,리미비니맘,208.0,2026.01.15,1번째 방문,영수증,직원분친절하시고직접구워주시고 곱창맛있어요~~^^,26,True,,,,직원분친절하시고직접구워주시고 곱창맛있어요~~^^,직원분친절하시고직접구워주시고 곱창맛있어요 TILDE,0,0,0,0,0,0,0,26,원
naver,육산장 홍대본점,과감한스페이스,14.0,2026.04.11,1번째 방문,영수증,"홍대 육산장 다녀왔어요🔥 고기 퀄리티도 좋고 전체적으로 깔끔해서 기분 좋게 먹고 왔어요! 양도 생각보다 넉넉해서 배부르게 먹었네요ㅎㅎ 직원분들도 친절하셔서 편하게 식사할 수 있었고, 홍대에서 고기 먹고 싶을 때 다시 방문할 것 같아요👍",131,True,,,,"홍대 육산장 다녀왔어요🔥 고기 퀄리티도 좋고 전체적으로 깔끔해서 기분 좋게 먹고 왔어요! 양도 생각보다 넉넉해서 배부르게 먹었네요ㅎㅎ 직원분들도 친절하셔서 편하게 식사할 수 있었고, 홍대에서 고기 먹고 싶을 때 다시 방문할 것 같아요👍",홍대 육산장 다녀왔어요 EMO_POS 고기 퀄리티도 좋고 전체적으로 깔끔해서 기분 좋게 먹고 왔어요 EXCLAM 양도 생각보다 넉넉해서 배부르게 먹었네요 직원분들도 친절하셔서 편하게 식사할 수 있었고 홍대에서 고기 먹고 싶을 때 다시 방문할 것 같아요 EMO_POS,1,0,0,0,1,0,0,131,원
naver,락희옥 마포본점,냥냥냥냐냥냥냥81,13.0,2025.10.08,1번째 방문,영수증,식사류는 나름 저렴한데 깔끔하고 맛있습니다. 그래도 수육이나 차돌 같은 메인 디쉬가 비싸도 비싼 값을 하고 훨씬 더 맛있어요,69,True,,,,식사류는 나름 저렴한데 깔끔하고 맛있습니다. 그래도 수육이나 차돌 같은 메인 디쉬가 비싸도 비싼 값을 하고 훨씬 더 맛있어요,식사류는 나름 저렴한데 깔끔하고 맛있습니다 그래도 수육이나 차돌 같은 메인 디쉬가 비싸도 비싼 값을 하고 훨씬 더 맛있어요,0,0,0,0,0,0,0,69,"비싸, 저렴, 값"
kakao,뼈탄집 성수역점,.,2.0,2026-03-13,,,예전에 우연히 한번 왔다가 너무 맛있어사 성수 들린김에 또 왔어요!!! 고기도 직접 구워주셔서 너무 편하고 테이블도 널찍널찍 해서 좋아용 고기는 물론 계탄밥도 존맛이고 직원분들도 하나같이 다 친절하십니다 완전 만족스런 식사에요🥰,127,True,5.0,5.0,브론즈 레벨,예전에 우연히 한번 왔다가 너무 맛있어사 성수 들린김에 또 왔어요!!! 고기도 직접 구워주셔서 너무 편하고 테이블도 널찍널찍 해서 좋아용 고기는 물론 계탄밥도 존맛이고 직원분들도 하나같이 다 친절하십니다 완전 만족스런 식사에요🥰,예전에 우연히 한번 왔다가 너무 맛있어사 성수 들린김에 또 왔어요 EXCLAM 고기도 직접 구워주셔서 너무 편하고 테이블도 널찍널찍 해서 좋아용 고기는 물론 계탄밥도 존맛이고 직원분들도 하나같이 다 친절하십니다 완전 만족스런 식사에요 EMO_POS,1,0,0,0,1,0,0,127,원
kakao,쭌곱창,이경미,1.0,2025-03-03,,,직원분도 친절하시고 음식도 엄청 맛있었어용 내부 인테리어도 따뜻하고 아늑한 느낌이라 좋아요😊 여기오면 볶음밥 꼭 해드셔용,67,True,5.0,5.0,브론즈 레벨,직원분도 친절하시고 음식도 엄청 맛있었어용 내부 인테리어도 따뜻하고 아늑한 느낌이라 좋아요😊 여기오면 볶음밥 꼭 해드셔용,직원분도 친절하시고 음식도 엄청 맛있었어용 내부 인테리어도 따뜻하고 아늑한 느낌이라 좋아요 EMO_POS 여기오면 볶음밥 꼭 해드셔용,1,0,0,0,0,0,0,67,원
kakao,소문난성수감자탕,맛 없으면 안 먹는 사람,45.0,2025-06-19,,,"토요일 저녁 방문 후기 (재방문의사 없음) 1. 웨이팅 3분 만에 입장 2. 맛은 있는데 호들갑 떨정도로 맛있진 않고 그냥 감자탕. 청양고추 썰어넣은 마늘 소스가 킥임 3. 이모님들, 웨이팅 빠르게 빠지도록 응대 잘 하심 4. 청결하진 않음 5. 계산하는데 직원이 왕 같음 6. 가격 비쌈. + 그리고 음식 시킬 때 양 적다고 많이 시키게 유도해서 정량보다 음식이 많이 나옴. 친구들이 억지로 먹음",222,False,1.0,3.6,실버 레벨,"토요일 저녁 방문 후기 (재방문의사 없음) 1. 웨이팅 3분 만에 입장 2. 맛은 있는데 호들갑 떨정도로 맛있진 않고 그냥 감자탕. 청양고추 썰어넣은 마늘 소스가 킥임 3. 이모님들, 웨이팅 빠르게 빠지도록 응대 잘 하심 4. 청결하진 않음 5. 계산하는데 직원이 왕 같음 6. 가격 비쌈. + 그리고 음식 시킬 때 양 적다고 많이 시키게 유도해서 정량보다 음식이 많이 나옴. 친구들이 억지로 먹음",토요일 저녁 방문 후기 재방문의사 없음 1 웨이팅 3분 만에 입장 2 맛은 있는데 호들갑 떨정도로 맛있진 않고 그냥 감자탕 청양고추 썰어넣은 마늘 소스가 킥임 3 이모님들 웨이팅 빠르게 빠지도록 응대 잘 하심 4 청결하진 않음 5 계산하는데 직원이 왕 같음 6 가격 비쌈 그리고 음식 시킬 때 양 적다고 많이 시키게 유도해서 정량보다 음식이 많이 나옴 친구들이 억지로 먹음,0,0,0,0,0,0,1,222,"가격, 비쌈, 원"
naver,훼미리손칼국수보쌈,bestibest,561.0,2025.11.10,2번째 방문,영수증,음식이 맛있고 직원분들이 친절합니다.,20,True,,,,음식이 맛있고 직원분들이 친절합니다.,음식이 맛있고 직원분들이 친절합니다,0,0,0,0,0,0,0,20,원
naver,소문난성수감자탕,내돈내산맛집탐방,413.0,2025.12.09,2번째 방문,영수증,우거지곱빼기 14.000원 성수동 물가 고려했을때 싸고 맛있습니다. 자주 오는데 감자탕보다는 감자국 추천합니다.,62,True,,,,우거지곱빼기 14.000원 성수동 물가 고려했을때 싸고 맛있습니다. 자주 오는데 감자탕보다는 감자국 추천합니다.,우거지곱빼기 14 000원 성수동 물가 고려했을때 싸고 맛있습니다 자주 오는데 감자탕보다는 감자국 추천합니다,0,0,0,0,0,0,1,62,원
kakao,육지,듀,2.0,2025-07-10,,,세명이서 갔는데 7인분 넘게 먹었어요!! 너무 맛있고 직원분들도 친절하셔서 좋았어요,46,False,5.0,3.0,브론즈 레벨,세명이서 갔는데 7인분 넘게 먹었어요!! 너무 맛있고 직원분들도 친절하셔서 좋았어요,세명이서 갔는데 7인분 넘게 먹었어요 EXCLAM 너무 맛있고 직원분들도 친절하셔서 좋았어요,0,0,0,0,1,0,1,46,원
naver,할머니의 레시피,유리하늘37,937.0,2025.04.11,1번째 방문,영수증,점심특선으로 먹었는데 정갈하고 맛있어요.가격도 착하고 친절해요.,35,True,,,,점심특선으로 먹었는데 정갈하고 맛있어요.가격도 착하고 친절해요.,점심특선으로 먹었는데 정갈하고 맛있어요 가격도 착하고 친절해요,0,0,0,0,0,0,0,35,"가격, 착하고"
kakao,소문난성수감자탕,아리 🐣🐥🐤789,10.0,2025-12-06,,,맛도 좋고 가격도 적당합니다.,16,True,4.0,4.4,실버 레벨,맛도 좋고 가격도 적당합니다.,맛도 좋고 가격도 적당합니다,0,0,0,0,0,0,0,16,가격
naver,마포양지설렁탕,waikikibeach,537.0,2026.04.19,1번째 방문,영수증,"설렁탕14,000원/주차는 매장입구에 가능해요. 국내산이라 부드럽고 파김치,배추김치,깍두기 모두 맛있어요!",59,True,,,,"설렁탕14,000원/주차는 매장입구에 가능해요. 국내산이라 부드럽고 파김치,배추김치,깍두기 모두 맛있어요!",설렁탕14 000원 주차는 매장입구에 가능해요 국내산이라 부드럽고 파김치 배추김치 깍두기 모두 맛있어요 EXCLAM,0,0,0,0,1,0,1,59,원
kakao,훼미리손칼국수보쌈,은,4.0,2025-01-20,,,그냥 이가격으로 보쌈정식이 되네?정도 칼국수는 상상한 칼국수맛 아니고 걍 만둣국~ 곰탕..맛 보쌈은 무난 밥은 반만 주심 전체적인 양은 많은듯 근데 화장실이 진짜 당황스러움,96,,3.0,3.8,브론즈 레벨,그냥 이가격으로 보쌈정식이 되네?정도 칼국수는 상상한 칼국수맛 아니고 걍 만둣국~ 곰탕..맛 보쌈은 무난 밥은 반만 주심 전체적인 양은 많은듯 근데 화장실이 진짜 당황스러움,그냥 이가격으로 보쌈정식이 되네 QUESTION 정도 칼국수는 상상한 칼국수맛 아니고 걍 만둣국 곰탕 맛 보쌈은 무난 밥은 반만 주심 전체적인 양은 많은듯 근데 화장실이 진짜 당황스러움,0,0,0,0,0,1,0,96,가격
kakao,훼미리손칼국수보쌈,Tommy,6.0,2026-04-17,,,수육에서 누린내 남. 직원들 손님 앞에서 다툼. 전반적 메뉴 구성은 문안함.,42,False,2.0,4.3,브론즈 레벨,수육에서 누린내 남. 직원들 손님 앞에서 다툼. 전반적 메뉴 구성은 문안함.,수육에서 누린내 남 직원들 손님 앞에서 다툼 전반적 메뉴 구성은 문안함,0,0,0,0,0,0,0,42,원
naver,능동미나리 성수지점,아프리카사장이다,37.0,2025.06.01,7번째 방문,영수증,"오늘도 마음을 채우고 갑니다 :) 능동미나리는 제가 자주 찾는 단골집이에요. 오늘은 가족과 자전거 라이딩을 마치고 들렀습니다. 시원한 헛개차로 갈증을 달래고, 늘처럼 반갑게 인사해주시는 직원분들의 환대에 기분이 좋아졌습니다. 매장은 전통적인 느낌과 세련됨이 잘 어우러져 있어 성수 한복판에서 잠시 쉬어가기 딱 좋은 공간이에요. ✔️ 수육전골은 언제나처럼 완벽! 맑고 깊은 투뿔 한우 육수에, 부드럽고 잡내 없는 수육이 정말 정성스럽게 느껴집니다. 저에겐 진짜 ‘소울푸드’ 같은 메뉴예요. ✔️ 육회비빔밥은 고소한 육회와 미나리 간장 양념의 조합이 정말 맛있고, ✔️ 한우 투뿔 육전은 따끈하게 바로 나와 미나리와 양파장을 곁들이면 고소함과 상큼함이 한 번에! 진심으로 ""와~"" 소리가 절로 나는 맛이었어요.",395,True,,,,"오늘도 마음을 채우고 갑니다 :) 능동미나리는 제가 자주 찾는 단골집이에요. 오늘은 가족과 자전거 라이딩을 마치고 들렀습니다. 시원한 헛개차로 갈증을 달래고, 늘처럼 반갑게 인사해주시는 직원분들의 환대에 기분이 좋아졌습니다. 매장은 전통적인 느낌과 세련됨이 잘 어우러져 있어 성수 한복판에서 잠시 쉬어가기 딱 좋은 공간이에요. ✔️ 수육전골은 언제나처럼 완벽! 맑고 깊은 투뿔 한우 육수에, 부드럽고 잡내 없는 수육이 정말 정성스럽게 느껴집니다. 저에겐 진짜 ‘소울푸드’ 같은 메뉴예요. ✔️ 육회비빔밥은 고소한 육회와 미나리 간장 양념의 조합이 정말 맛있고, ✔️ 한우 투뿔 육전은 따끈하게 바로 나와 미나리와 양파장을 곁들이면 고소함과 상큼함이 한 번에! 진심으로 ""와~"" 소리가 절로 나는 맛이었어요.",오늘도 마음을 채우고 갑니다 능동미나리는 제가 자주 찾는 단골집이에요 오늘은 가족과 자전거 라이딩을 마치고 들렀습니다 시원한 헛개차로 갈증을 달래고 늘처럼 반갑게 인사해주시는 직원분들의 환대에 기분이 좋아졌습니다 매장은 전통적인 느낌과 세련됨이 잘 어우러져 있어 성수 한복판에서 잠시 쉬어가기 딱 좋은 공간이에요 수육전골은 언제나처럼 완벽 EXCLAM 맑고 깊은 투뿔 한우 육수에 부드럽고 잡내 없는 수육이 정말 정성스럽게 느껴집니다 저에겐 진짜 소울푸드 같은 메뉴예요 육회비빔밥은 고소한 육회와 미나리 간장 양념의 조합이 정말 맛있고 한우 투뿔 육전은 따끈하게 바로 나와 미나리와 양파장을 곁들이면 고소함과 상큼함이 한 번에 EXCLAM 진심으로 와 소리가 절로 나는 맛이었어요,0,0,0,0,1,0,0,395,원
kakao,을밀대 본점,칭찬해요,10.0,2025-09-26,,,"가격은 비싸고 직원은 불친절한데, 이걸 모두 감수할 맛대가리도 없다. 거품도 이런 거품이 없다. 가격, 이름 모두 씹거품이다. 물냉면 16000원 면을 죽어라 때려넣어서 육수에 비벼먹으라는듯이 주는데 국물을 좀 더 달라하니까 ""양 많이""를 시키란다. 아니 이 질리는 면말고 국물만 정상적인 물냉면 먹듯이 먹게 해달라는게 너무 큰 요구인가? 16000원짜리 회냉면은 고명외에 그냥 아무런 맛이 없다. 45000원짜리 고기는 질기고 고기아래 파를 열심히 깔아 놨다. 13000원짜리 손바닥만한 녹두전은.. 야. 평양냉면은 녹두전까지 싱거워야돼?",302,True,1.0,3.8,실버 레벨,"가격은 비싸고 직원은 불친절한데, 이걸 모두 감수할 맛대가리도 없다. 거품도 이런 거품이 없다. 가격, 이름 모두 씹거품이다. 물냉면 16000원 면을 죽어라 때려넣어서 육수에 비벼먹으라는듯이 주는데 국물을 좀 더 달라하니까 ""양 많이""를 시키란다. 아니 이 질리는 면말고 국물만 정상적인 물냉면 먹듯이 먹게 해달라는게 너무 큰 요구인가? 16000원짜리 회냉면은 고명외에 그냥 아무런 맛이 없다. 45000원짜리 고기는 질기고 고기아래 파를 열심히 깔아 놨다. 13000원짜리 손바닥만한 녹두전은.. 야. 평양냉면은 녹두전까지 싱거워야돼?",가격은 비싸고 직원은 불친절한데 이걸 모두 감수할 맛대가리도 없다 거품도 이런 거품이 없다 가격 이름 모두 씹거품이다 물냉면 16000원 면을 죽어라 때려넣어서 육수에 비벼먹으라는듯이 주는데 국물을 좀 더 달라하니까 양 많이 를 시키란다 아니 이 질리는 면말고 국물만 정상적인 물냉면 먹듯이 먹게 해달라는게 너무 큰 요구인가 QUESTION 16000원짜리 회냉면은 고명외에 그냥 아무런 맛이 없다 45000원짜리 고기는 질기고 고기아래 파를 열심히 깔아 놨다 13000원짜리 손바닥만한 녹두전은 야 평양냉면은 녹두전까지 싱거워야돼 QUESTION,0,0,0,0,0,1,1,302,"가격, 비싸, 원"
kakao,소문난성수감자탕,프로 백수,202.0,2025-08-03,,,무난한맛 웨이팅은 ㄴㄴ 가격이 많이 오름 ㅠㅠ,25,True,3.0,3.5,골드 레벨,무난한맛 웨이팅은 ㄴㄴ 가격이 많이 오름 ㅠㅠ,무난한맛 웨이팅은 가격이 많이 오름,0,0,0,1,0,0,0,25,가격
naver,을밀대 평양냉면,뚜벅이삼,1578.0,2025.08.14,2번째 방문,영수증,"수육 진심 너무 비싸요 ㅠ 저게 85,000원이라니",28,True,,,,"수육 진심 너무 비싸요 ㅠ 저게 85,000원이라니",수육 진심 너무 비싸요 저게 85 000원이라니,0,0,0,0,0,0,1,28,"비싸, 원"
naver,홍대 육지,답답한빈,24.0,2026.04.07,1번째 방문,영수증,여기 진짜 고기 질 좋고 직원들도 친절해요ㅜㅜ 또올집👍,30,True,,,,여기 진짜 고기 질 좋고 직원들도 친절해요ㅜㅜ 또올집👍,여기 진짜 고기 질 좋고 직원들도 친절해요 또올집 EMO_POS,1,0,0,1,0,0,0,30,원
naver,장인닭갈비 홍대점,짤랑쨜랑,13.0,2026.04.12,1번째 방문,영수증,배고파서 지나가다 닭갈비 먹으러 왔는데 엄청난 맛집이네요 직원분들도 친절하고 맛있어요!,48,True,,,,배고파서 지나가다 닭갈비 먹으러 왔는데 엄청난 맛집이네요 직원분들도 친절하고 맛있어요!,배고파서 지나가다 닭갈비 먹으러 왔는데 엄청난 맛집이네요 직원분들도 친절하고 맛있어요 EXCLAM,0,0,0,0,1,0,0,48,원
naver,할머니의 레시피,딸기무화과사과,305.0,2025.11.02,1번째 방문,예약,쌈밥정식 15000원 한우떡갈비정식 17000원 직화바싹불고기 23000원 백명란무염버터 5000원,55,True,,,,쌈밥정식 15000원 한우떡갈비정식 17000원 직화바싹불고기 23000원 백명란무염버터 5000원,쌈밥정식 15000원 한우떡갈비정식 17000원 직화바싹불고기 23000원 백명란무염버터 5000원,0,0,0,0,0,0,1,55,원
naver,홍대 육지,강아지아지17,37.0,2026.04.03,1번째 방문,영수증,"일단 들어가자마자 느껴지는 분위기가 너무 좋았음. 조명도 은은하고 인테리어도 깔끔해서 데이트나 모임 장소로 딱이라는 생각이 들었음. 시끄럽지 않고 적당히 편안한 분위기라서 대화하기에도 좋았음. 고기도 신선하고 질이 좋아서 먹는 내내 만족스러웠음. 직원분들도 친절하게 응대해주셔서 기분 좋게 식사할 수 있었음. 맛, 분위기, 서비스까지 전체적으로 균형이 잘 맞는 곳이라 재방문 의사 있음. 다음에는 다른 메뉴도 도전해보고 싶음. 분위기 좋은 고기집 찾는 분들께 추천드림 👍",263,True,,,,"일단 들어가자마자 느껴지는 분위기가 너무 좋았음. 조명도 은은하고 인테리어도 깔끔해서 데이트나 모임 장소로 딱이라는 생각이 들었음. 시끄럽지 않고 적당히 편안한 분위기라서 대화하기에도 좋았음. 고기도 신선하고 질이 좋아서 먹는 내내 만족스러웠음. 직원분들도 친절하게 응대해주셔서 기분 좋게 식사할 수 있었음. 맛, 분위기, 서비스까지 전체적으로 균형이 잘 맞는 곳이라 재방문 의사 있음. 다음에는 다른 메뉴도 도전해보고 싶음. 분위기 좋은 고기집 찾는 분들께 추천드림 👍",일단 들어가자마자 느껴지는 분위기가 너무 좋았음 조명도 은은하고 인테리어도 깔끔해서 데이트나 모임 장소로 딱이라는 생각이 들었음 시끄럽지 않고 적당히 편안한 분위기라서 대화하기에도 좋았음 고기도 신선하고 질이 좋아서 먹는 내내 만족스러웠음 직원분들도 친절하게 응대해주셔서 기분 좋게 식사할 수 있었음 맛 분위기 서비스까지 전체적으로 균형이 잘 맞는 곳이라 재방문 의사 있음 다음에는 다른 메뉴도 도전해보고 싶음 분위기 좋은 고기집 찾는 분들께 추천드림 EMO_POS,1,0,0,0,0,0,0,263,원
kakao,쭌곱창,강혜영,2.0,2025-04-20,,,"소스가 새로워요 치즈,갈릭,마요네즈 소스에 파인애플 생크림이 생소한데 맛있어요!! 세트 가성비도 좋고 다음에 또 올 거 같아요! 잘 먹었습니다~~",81,True,5.0,5.0,브론즈 레벨,"소스가 새로워요 치즈,갈릭,마요네즈 소스에 파인애플 생크림이 생소한데 맛있어요!! 세트 가성비도 좋고 다음에 또 올 거 같아요! 잘 먹었습니다~~",소스가 새로워요 치즈 갈릭 마요네즈 소스에 파인애플 생크림이 생소한데 맛있어요 EXCLAM 세트 가성비도 좋고 다음에 또 올 거 같아요 EXCLAM 잘 먹었습니다 TILDE,0,0,0,0,1,0,0,81,가성비
naver,할머니의 레시피,하이디ee,87.0,2025.11.03,1번째 방문,영수증,"평일에 오픈시간에 맞춰서 방문했는데도 이미 테이블에 손님들로 가득차있는 찐 맛집이었어요. 아무 정보없이 근처에 오픈한 한식집 찾다가 우연히 들어간 곳이라 너무 깜짝 놀랐는데요,, 왜 그렇게 사람이 많은지 음식들이 나오자마자 바로 알겠더라고요! 진짜 정갈하고 알차게 나오는 한상차림에 맛도 자극적이지 않고 담백하면서 너무 맛있었어요! 가격도 훌륭해서 집 근처라면 자주 방문하고싶은 곳입니다🫶🏼 고민중이시라면 꼭 방문해보세요!",236,True,,,,"평일에 오픈시간에 맞춰서 방문했는데도 이미 테이블에 손님들로 가득차있는 찐 맛집이었어요. 아무 정보없이 근처에 오픈한 한식집 찾다가 우연히 들어간 곳이라 너무 깜짝 놀랐는데요,, 왜 그렇게 사람이 많은지 음식들이 나오자마자 바로 알겠더라고요! 진짜 정갈하고 알차게 나오는 한상차림에 맛도 자극적이지 않고 담백하면서 너무 맛있었어요! 가격도 훌륭해서 집 근처라면 자주 방문하고싶은 곳입니다🫶🏼 고민중이시라면 꼭 방문해보세요!",평일에 오픈시간에 맞춰서 방문했는데도 이미 테이블에 손님들로 가득차있는 찐 맛집이었어요 아무 정보없이 근처에 오픈한 한식집 찾다가 우연히 들어간 곳이라 너무 깜짝 놀랐는데요 왜 그렇게 사람이 많은지 음식들이 나오자마자 바로 알겠더라고요 EXCLAM 진짜 정갈하고 알차게 나오는 한상차림에 맛도 자극적이지 않고 담백하면서 너무 맛있었어요 EXCLAM 가격도 훌륭해서 집 근처라면 자주 방문하고싶은 곳입니다 고민중이시라면 꼭 방문해보세요 EXCLAM,0,0,0,0,1,0,0,236,가격
naver,훼미리손칼국수보쌈,맛집구름,65.0,2025.07.05,1번째 방문,예약,"나혼산에서 보고 혼밥하러 토요일 4시쯤 갔는데 대기는 없었어요 ! 혼밥러들 합석 후기를 봤는데 자리가 널널해서 저는 편하게 그냥 혼자 먹고 나왔어요 일단 이 조합이 미쳤습니다… 이 가격에 밥 조금, 보쌈, 칼국수 혼자 다 먹느라 힘들었네요 😅 밥은 아예 못먹었고 고기도 생각보다 양이 많았어요.. !!얼마전에 서촌에서 유명한 보쌈정식 먹었는데 거기보다 더 맛있고 구성이 좋았습니다 아 그리고 식기전에 드셔야 안뻑뻑하고 맛있는거 같아요 ㅎㅎ 저는 성수 갈 일 있으면 무조건 여기 갈거 같아요 15000원에 요즘 이런곳이 있다니 내돈내산 강추합니다.",305,True,,,,"나혼산에서 보고 혼밥하러 토요일 4시쯤 갔는데 대기는 없었어요 ! 혼밥러들 합석 후기를 봤는데 자리가 널널해서 저는 편하게 그냥 혼자 먹고 나왔어요 일단 이 조합이 미쳤습니다… 이 가격에 밥 조금, 보쌈, 칼국수 혼자 다 먹느라 힘들었네요 😅 밥은 아예 못먹었고 고기도 생각보다 양이 많았어요.. !!얼마전에 서촌에서 유명한 보쌈정식 먹었는데 거기보다 더 맛있고 구성이 좋았습니다 아 그리고 식기전에 드셔야 안뻑뻑하고 맛있는거 같아요 ㅎㅎ 저는 성수 갈 일 있으면 무조건 여기 갈거 같아요 15000원에 요즘 이런곳이 있다니 내돈내산 강추합니다.",나혼산에서 보고 혼밥하러 토요일 4시쯤 갔는데 대기는 없었어요 EXCLAM 혼밥러들 합석 후기를 봤는데 자리가 널널해서 저는 편하게 그냥 혼자 먹고 나왔어요 일단 이 조합이 미쳤습니다 이 가격에 밥 조금 보쌈 칼국수 혼자 다 먹느라 힘들었네요 밥은 아예 못먹었고 고기도 생각보다 양이 많았어요 EXCLAM 얼마전에 서촌에서 유명한 보쌈정식 먹었는데 거기보다 더 맛있고 구성이 좋았습니다 아 그리고 식기전에 드셔야 안뻑뻑하고 맛있는거 같아요 저는 성수 갈 일 있으면 무조건 여기 갈거 같아요 15000원에 요즘 이런곳이 있다니 내돈내산 강추합니다,0,0,0,0,1,0,1,305,"가격, 돈, 원"
kakao,홍대 조선시대,김정환,1.0,2026-04-23,,,음식이 맛있고 가성비가 좋아요. 술도 다양해서 추천합니다!,32,True,5.0,5.0,브론즈 레벨,음식이 맛있고 가성비가 좋아요. 술도 다양해서 추천합니다!,음식이 맛있고 가성비가 좋아요 술도 다양해서 추천합니다 EXCLAM,0,0,0,0,1,0,0,32,가성비
naver,일등식당,로드스트,354.0,2025.06.17,1번째 방문,영수증,"시간이 쌓여 깊어진 국물, 망원동 골목 끝에서 만난 40년 전통의 뼈해장국집, 일등식당. 아침부터 저녁까지 끊이지 않는 손님 행렬이 말해주듯, 이곳은 단순한 해장국집이 아니다. 뽀얗게 우러난 국물은 한 숟갈만 떠도 속이 풀리는 듯 시원하고 묵직하다. 잘 삶아진 돼지 등뼈는 살코기가 부드럽게 발라지며, 양도 넉넉해 든든함까지 더해준다. 겉보기엔 소박한 공간이지만, 시간이 만들어낸 노련함과 정직함이 맛으로 느껴지는 집이다. 맵지도 짜지도 않지만, 뒷맛이 깊게 남아 다시 찾게 되는 그런 국물. 이른 아침 시장 상인들이, 늦은 밤 술 한잔 뒤 직장인들이 늘 같은 자리에서 위로받는 그런 식당. 일등식당, 이름값을 한다.",345,True,,,,"시간이 쌓여 깊어진 국물, 망원동 골목 끝에서 만난 40년 전통의 뼈해장국집, 일등식당. 아침부터 저녁까지 끊이지 않는 손님 행렬이 말해주듯, 이곳은 단순한 해장국집이 아니다. 뽀얗게 우러난 국물은 한 숟갈만 떠도 속이 풀리는 듯 시원하고 묵직하다. 잘 삶아진 돼지 등뼈는 살코기가 부드럽게 발라지며, 양도 넉넉해 든든함까지 더해준다. 겉보기엔 소박한 공간이지만, 시간이 만들어낸 노련함과 정직함이 맛으로 느껴지는 집이다. 맵지도 짜지도 않지만, 뒷맛이 깊게 남아 다시 찾게 되는 그런 국물. 이른 아침 시장 상인들이, 늦은 밤 술 한잔 뒤 직장인들이 늘 같은 자리에서 위로받는 그런 식당. 일등식당, 이름값을 한다.",시간이 쌓여 깊어진 국물 망원동 골목 끝에서 만난 40년 전통의 뼈해장국집 일등식당 아침부터 저녁까지 끊이지 않는 손님 행렬이 말해주듯 이곳은 단순한 해장국집이 아니다 뽀얗게 우러난 국물은 한 숟갈만 떠도 속이 풀리는 듯 시원하고 묵직하다 잘 삶아진 돼지 등뼈는 살코기가 부드럽게 발라지며 양도 넉넉해 든든함까지 더해준다 겉보기엔 소박한 공간이지만 시간이 만들어낸 노련함과 정직함이 맛으로 느껴지는 집이다 맵지도 짜지도 않지만 뒷맛이 깊게 남아 다시 찾게 되는 그런 국물 이른 아침 시장 상인들이 늦은 밤 술 한잔 뒤 직장인들이 늘 같은 자리에서 위로받는 그런 식당 일등식당 이름값을 한다,0,0,0,0,0,0,1,345,"값, 원"
naver,쭌곱창,민이옹,62.0,2025.10.03,1번째 방문,영수증,직원분도 친절하시고 아주 맛있게 섞어주셔요 ㅋ 맛있게 먹는법도 알려주시구 생크림파인애플이랑 같이먹는거 별미.ᐟ.ᐟ 닭발 곱창 조합 꼭 드시길ㅋ 존맛이에요 ㅠ 또간집 예약.. 다음에 또 올거에여&gt;_&lt; 우하하,120,True,,,,직원분도 친절하시고 아주 맛있게 섞어주셔요 ㅋ 맛있게 먹는법도 알려주시구 생크림파인애플이랑 같이먹는거 별미.ᐟ.ᐟ 닭발 곱창 조합 꼭 드시길ㅋ 존맛이에요 ㅠ 또간집 예약.. 다음에 또 올거에여&gt;_&lt; 우하하,직원분도 친절하시고 아주 맛있게 섞어주셔요 맛있게 먹는법도 알려주시구 생크림파인애플이랑 같이먹는거 별미 닭발 곱창 조합 꼭 드시길 존맛이에요 또간집 예약 다음에 또 올거에여 gt _ lt 우하하,0,0,0,0,0,0,0,120,원
naver,마포양지설렁탕,지혀온온,796.0,2025.08.21,1번째 방문,영수증,가격은 비싸지만 비싼만큼 맛있어요.꼬리찜을 강추합니다.,30,True,,,,가격은 비싸지만 비싼만큼 맛있어요.꼬리찜을 강추합니다.,가격은 비싸지만 비싼만큼 맛있어요 꼬리찜을 강추합니다,0,0,0,0,0,0,0,30,"가격, 비싸"
kakao,할머니의레시피,비밀,11.0,2025-05-29,,,정갈하고 맛있네용 웨이팅 좀 있고 쌈밥정식은 돈갖ㅅ하는거 같아요,35,False,4.0,2.6,실버 레벨,정갈하고 맛있네용 웨이팅 좀 있고 쌈밥정식은 돈갖ㅅ하는거 같아요,정갈하고 맛있네용 웨이팅 좀 있고 쌈밥정식은 돈갖 하는거 같아요,0,0,0,0,0,0,0,35,돈
naver,을밀대 평양냉면,Bonnieahn,2033.0,2025.10.19,1번째 방문,영수증,평양 냉면 맛있어요 녹두전도. . 수육은 가격 대비 좀 그래요 뜻밖의 수육이라 파마늘 너무 매웠고 고기 질겨요,61,True,,,,평양 냉면 맛있어요 녹두전도. . 수육은 가격 대비 좀 그래요 뜻밖의 수육이라 파마늘 너무 매웠고 고기 질겨요,평양 냉면 맛있어요 녹두전도 수육은 가격 대비 좀 그래요 뜻밖의 수육이라 파마늘 너무 매웠고 고기 질겨요,0,0,0,0,0,0,0,61,가격
naver,소문난성수감자탕,한끼도,358.0,2026.03.17,1번째 방문,영수증,외국까지 소문난 듯한 감자탕..ㅎㅎ 양도 많고 직원들도 친절하시구 매장도 넓어서 별로 안 기다려요!! 추천합니당ㅎㅎ,64,True,,,,외국까지 소문난 듯한 감자탕..ㅎㅎ 양도 많고 직원들도 친절하시구 매장도 넓어서 별로 안 기다려요!! 추천합니당ㅎㅎ,외국까지 소문난 듯한 감자탕 양도 많고 직원들도 친절하시구 매장도 넓어서 별로 안 기다려요 EXCLAM 추천합니당,0,0,0,0,1,0,0,64,원
kakao,을밀대 본점,ㅡㅡ,44.0,2025-02-28,,,"예전부터 평양냉면 맛집 하면 언급되는 노포 중 하나인 을밀대에 다녀왔습니다. 토요일 6시에 도착했는데 가게 앞에 대기하는 사람이 10여명 정도 있었네요. 2월에도 이렇게 밀리는데 여름에는 대체 얼마나 밀릴지 짐작이 안 갈 정도입니다. 사실 평양냉면 맛이라고 하면, 좋게 말하면 슴슴하고 깔끔한데, 나쁘게 말하면 밍밍하다고 표현하지요. 예전에 몇몇 가게들 또한 그런 느낌이었는데, 을밀대는 그래도 육수 맛이 비교적 진하게 느껴졌습니다. 물론 공장제 육수처럼 짭짤하고 시큼한 맛을 기대하고 가면 안 됩니다. 거냉(얼음 빼고), 양마니(곱빼기), 오이 빼고 주문했습니다. 가격은 보통과 똑같은데 양을 정말 많이 주셨어요. 다음에는 녹두전도 시켜봐야겠습니다. 그리고 3월부터 가격이 오른다네요. 메뉴판 사진 속 가격이 3월부터 적용되는 가격입니다. 참고하시길.",421,False,5.0,4.8,실버 레벨,"예전부터 평양냉면 맛집 하면 언급되는 노포 중 하나인 을밀대에 다녀왔습니다. 토요일 6시에 도착했는데 가게 앞에 대기하는 사람이 10여명 정도 있었네요. 2월에도 이렇게 밀리는데 여름에는 대체 얼마나 밀릴지 짐작이 안 갈 정도입니다. 사실 평양냉면 맛이라고 하면, 좋게 말하면 슴슴하고 깔끔한데, 나쁘게 말하면 밍밍하다고 표현하지요. 예전에 몇몇 가게들 또한 그런 느낌이었는데, 을밀대는 그래도 육수 맛이 비교적 진하게 느껴졌습니다. 물론 공장제 육수처럼 짭짤하고 시큼한 맛을 기대하고 가면 안 됩니다. 거냉(얼음 빼고), 양마니(곱빼기), 오이 빼고 주문했습니다. 가격은 보통과 똑같은데 양을 정말 많이 주셨어요. 다음에는 녹두전도 시켜봐야겠습니다. 그리고 3월부터 가격이 오른다네요. 메뉴판 사진 속 가격이 3월부터 적용되는 가격입니다. 참고하시길.",예전부터 평양냉면 맛집 하면 언급되는 노포 중 하나인 을밀대에 다녀왔습니다 토요일 6시에 도착했는데 가게 앞에 대기하는 사람이 10여명 정도 있었네요 2월에도 이렇게 밀리는데 여름에는 대체 얼마나 밀릴지 짐작이 안 갈 정도입니다 사실 평양냉면 맛이라고 하면 좋게 말하면 슴슴하고 깔끔한데 나쁘게 말하면 밍밍하다고 표현하지요 예전에 몇몇 가게들 또한 그런 느낌이었는데 을밀대는 그래도 육수 맛이 비교적 진하게 느껴졌습니다 물론 공장제 육수처럼 짭짤하고 시큼한 맛을 기대하고 가면 안 됩니다 거냉 얼음 빼고 양마니 곱빼기 오이 빼고 주문했습니다 가격은 보통과 똑같은데 양을 정말 많이 주셨어요 다음에는 녹두전도 시켜봐야겠습니다 그리고 3월부터 가격이 오른다네요 메뉴판 사진 속 가격이 3월부터 적용되는 가격입니다 참고하시길,0,0,0,0,0,0,1,421,가격
kakao,홍대 조선시대,🍒,1.0,2026-02-01,,,분위기도 너무 좋고 안주도 너무 맛있어요 무엇ㅂㅎ다도 직원분들이 너무 친절하세요,44,True,5.0,5.0,브론즈 레벨,분위기도 너무 좋고 안주도 너무 맛있어요 무엇ㅂㅎ다도 직원분들이 너무 친절하세요,분위기도 너무 좋고 안주도 너무 맛있어요 무엇 다도 직원분들이 너무 친절하세요,0,0,0,0,0,0,0,44,원
naver,뼈탄집 성수역점,Now20,47.0,2025.12.21,1번째 방문,영수증,"뼈탄집너무맛있다는 소문을듣고 방문했어요~ 와!!진짜 입소문이날만하구나~~ 싶은게 고기도 직원분이다구워주시고먹는방법도얘기해주더라구요. 그래서대접받는기분이었어요! ㅎ 또고기육즙이 고기안에 딱 갇혀있어서. 입에서녹아요&gt;""&lt; 직원분들도 너무 친절하구요 특히 세트주문에나오는 된장찌개는 정말 맛있더라구요!안에 알차게 꽃게부터고기도씹히구요 콩도있구 냉이도있었어요 ~밥과비벼 먹음 순삭이예요~~!밥도둑♡한입먹는데 눈이감겨지더라구요!!! 우리집은. 냉면파가있어서 홍어회냉면 주문했는데요. 엄지척!!!이집의 마지막화룡정점은 뼈구이예요~요건 숯불향이 싸악입혀져서 마지막에기분좋게 마무리했어요 만석입니다먄석입니다~계속얘기하시더라구요 문밖에사람들줄~쬐악서계시고~~^^ 정말 기분좋게 배부르게 맛있게 잘먹었어요~~재방문의사100%",401,True,,,,"뼈탄집너무맛있다는 소문을듣고 방문했어요~ 와!!진짜 입소문이날만하구나~~ 싶은게 고기도 직원분이다구워주시고먹는방법도얘기해주더라구요. 그래서대접받는기분이었어요! ㅎ 또고기육즙이 고기안에 딱 갇혀있어서. 입에서녹아요&gt;""&lt; 직원분들도 너무 친절하구요 특히 세트주문에나오는 된장찌개는 정말 맛있더라구요!안에 알차게 꽃게부터고기도씹히구요 콩도있구 냉이도있었어요 ~밥과비벼 먹음 순삭이예요~~!밥도둑♡한입먹는데 눈이감겨지더라구요!!! 우리집은. 냉면파가있어서 홍어회냉면 주문했는데요. 엄지척!!!이집의 마지막화룡정점은 뼈구이예요~요건 숯불향이 싸악입혀져서 마지막에기분좋게 마무리했어요 만석입니다먄석입니다~계속얘기하시더라구요 문밖에사람들줄~쬐악서계시고~~^^ 정말 기분좋게 배부르게 맛있게 잘먹었어요~~재방문의사100%",뼈탄집너무맛있다는 소문을듣고 방문했어요 와 EXCLAM 진짜 입소문이날만하구나 TILDE 싶은게 고기도 직원분이다구워주시고먹는방법도얘기해주더라구요 그래서대접받는기분이었어요 EXCLAM 또고기육즙이 고기안에 딱 갇혀있어서 입에서녹아요 gt lt 직원분들도 너무 친절하구요 특히 세트주문에나오는 된장찌개는 정말 맛있더라구요 EXCLAM 안에 알차게 꽃게부터고기도씹히구요 콩도있구 냉이도있었어요 밥과비벼 먹음 순삭이예요 TILDE EXCLAM 밥도둑 EMO_POS 한입먹는데 눈이감겨지더라구요 EXCLAM 우리집은 냉면파가있어서 홍어회냉면 주문했는데요 엄지척 EXCLAM 이집의 마지막화룡정점은 뼈구이예요 요건 숯불향이 싸악입혀져서 마지막에기분좋게 마무리했어요 만석입니다먄석입니다 계속얘기하시더라구요 문밖에사람들줄 쬐악서계시고 TILDE 정말 기분좋게 배부르게 맛있게 잘먹었어요 TILDE 재방문의사100,1,0,0,0,1,0,1,401,원
naver,원조 조박집 본관,나비 처럼 날아,1408.0,2025.04.29,1번째 방문,영수증,"잡내없이 부드러운 식감의 돼지갈비와 아삭하게 잘익은 총각김치 까지 여러모로 장점이 많은 이름난 식당인지라 돼지갈비 1인분(250g)에 19,000원 이면 참숯을 사용해야 되는건 아닐까 하는 생각이다. since 1979",122,True,,,,"잡내없이 부드러운 식감의 돼지갈비와 아삭하게 잘익은 총각김치 까지 여러모로 장점이 많은 이름난 식당인지라 돼지갈비 1인분(250g)에 19,000원 이면 참숯을 사용해야 되는건 아닐까 하는 생각이다. since 1979",잡내없이 부드러운 식감의 돼지갈비와 아삭하게 잘익은 총각김치 까지 여러모로 장점이 많은 이름난 식당인지라 돼지갈비 1인분 250g 에 19 000원 이면 참숯을 사용해야 되는건 아닐까 하는 생각이다 since 1979,0,0,0,0,0,0,1,122,원
kakao,쭌곱창,이승우,94.0,2025-06-07,,,대존맛 가성비도 좋고 너무 맛있음 ㅠ ㅠ 강추,25,True,5.0,3.6,실버 레벨,대존맛 가성비도 좋고 너무 맛있음 ㅠ ㅠ 강추,대존맛 가성비도 좋고 너무 맛있음 강추,0,0,0,0,0,0,0,25,가성비
kakao,각시보쌈,5점이면가세요1점이면거르세요,267.0,2026-04-15,,,1인식사 거절당함 소보원 신고예정 - 소보원 접수 후 진행 중 - 2026.04.15. 시정조치 완료 그래도 가면 또 거절하겠지,71,False,1.0,3.7,골드 레벨,1인식사 거절당함 소보원 신고예정 - 소보원 접수 후 진행 중 - 2026.04.15. 시정조치 완료 그래도 가면 또 거절하겠지,1인식사 거절당함 소보원 신고예정 소보원 접수 후 진행 중 2026 04 15 시정조치 완료 그래도 가면 또 거절하겠지,0,0,0,0,0,0,1,71,원
kakao,육산장 홍대본점,😶‍🌫️,1.0,2026-04-14,,,고기들이 너무 맛있고 찌개도 너무 맛있어요! 덕분에 잘 먹고 갑니당 야외 분위기 실내분위기 다 너무 좋고 직원분들도 친절하셨어요 또다른 맛있고 예쁜 추억을 만들어주셔거 감사합니다,99,True,5.0,5.0,브론즈 레벨,고기들이 너무 맛있고 찌개도 너무 맛있어요! 덕분에 잘 먹고 갑니당 야외 분위기 실내분위기 다 너무 좋고 직원분들도 친절하셨어요 또다른 맛있고 예쁜 추억을 만들어주셔거 감사합니다,고기들이 너무 맛있고 찌개도 너무 맛있어요 EXCLAM 덕분에 잘 먹고 갑니당 야외 분위기 실내분위기 다 너무 좋고 직원분들도 친절하셨어요 또다른 맛있고 예쁜 추억을 만들어주셔거 감사합니다,0,0,0,0,1,0,0,99,원
naver,소문난성수감자탕,심콩언닝,307.0,2025.10.03,1번째 방문,예약,정말 오랜만에 방문한 성수감자탕ㅎㅎ 성수에서 일할때 점심시간에 자주가던곳잇데 완전핫플이되엇더라구요ㅎㅎ 다행히 금방들어갓습니다ㅎㅎ 여전히 양이많고 맛은잇어요ㅎ 근데 진짜 시장통에서 밥먹는 느낌입니다... 직원들은 엄청나게 바빠서 카트(?)끌고 좁은통로 왓다갓다하고 중국인들이 천지라 겁나시끄러워요... 저희옆테이블빼고 주위에 다중국인 관광객...중국와서 밥먹고잇나 싶엇던...ㅋㅋㅋ 근데 직원분들 바쁘실텐데 정말 친절하십니다! 몬가 예전같은 정겨운 느낌은 사라졋지만 맛은 여전한곳!,268,True,,,,정말 오랜만에 방문한 성수감자탕ㅎㅎ 성수에서 일할때 점심시간에 자주가던곳잇데 완전핫플이되엇더라구요ㅎㅎ 다행히 금방들어갓습니다ㅎㅎ 여전히 양이많고 맛은잇어요ㅎ 근데 진짜 시장통에서 밥먹는 느낌입니다... 직원들은 엄청나게 바빠서 카트(?)끌고 좁은통로 왓다갓다하고 중국인들이 천지라 겁나시끄러워요... 저희옆테이블빼고 주위에 다중국인 관광객...중국와서 밥먹고잇나 싶엇던...ㅋㅋㅋ 근데 직원분들 바쁘실텐데 정말 친절하십니다! 몬가 예전같은 정겨운 느낌은 사라졋지만 맛은 여전한곳!,정말 오랜만에 방문한 성수감자탕 성수에서 일할때 점심시간에 자주가던곳잇데 완전핫플이되엇더라구요 다행히 금방들어갓습니다 여전히 양이많고 맛은잇어요 근데 진짜 시장통에서 밥먹는 느낌입니다 직원들은 엄청나게 바빠서 카트 QUESTION 끌고 좁은통로 왓다갓다하고 중국인들이 천지라 겁나시끄러워요 저희옆테이블빼고 주위에 다중국인 관광객 중국와서 밥먹고잇나 싶엇던 근데 직원분들 바쁘실텐데 정말 친절하십니다 EXCLAM 몬가 예전같은 정겨운 느낌은 사라졋지만 맛은 여전한곳 EXCLAM,0,0,0,0,1,1,0,268,원
naver,각시보쌈,맛따멋맨,1033.0,2025.05.19,1번째 방문,영수증,가격대비 양이 많고 고기가 느끼하지 않네요 홍어는 그리 쎄지 않아서 초보도 먹을만해요 테이블이 붙어있어서 옆테이블 술병 계산할 때 조심,75,True,,,,가격대비 양이 많고 고기가 느끼하지 않네요 홍어는 그리 쎄지 않아서 초보도 먹을만해요 테이블이 붙어있어서 옆테이블 술병 계산할 때 조심,가격대비 양이 많고 고기가 느끼하지 않네요 홍어는 그리 쎄지 않아서 초보도 먹을만해요 테이블이 붙어있어서 옆테이블 술병 계산할 때 조심,0,0,0,0,0,0,0,75,"가격, 가격대"
naver,을밀대 평양냉면,김동현0907,554.0,2025.04.13,1번째 방문,예약,살얼음 동동을 원하시는 분들은 어느정도의 육향을 포기하셔야 할듯 육수만 리필 하면 짠맛이 쫌 강함 육향과 면의 식감으로만 따지면 우래옥 보다는 솔직히 좀 못하지만 그래도 서울 평냉 맛집 인정^^ 수육도 조리 후 식혀서 기름기를 싹 ~ 걷어내신 듯 식어도 느끼함이 없슴 한번쯤 잡쏴~봐도 후회는 엄쓸껴 ~~ 녹두전은 옛날 처럼 녹두 향이 진하지는 않으나 근래들어 먹어본 것중에 상위권 개인적으론 얼리지 않은 육수로 주문 하는것을 추천합니다 ^^ PS : 솔직히 수육은 유명하다니까 경험삼아 주문... 식감이나 육질 면에서는 그돈주고 먹을 정도의 맛은 아닌듯요,311,True,,,,살얼음 동동을 원하시는 분들은 어느정도의 육향을 포기하셔야 할듯 육수만 리필 하면 짠맛이 쫌 강함 육향과 면의 식감으로만 따지면 우래옥 보다는 솔직히 좀 못하지만 그래도 서울 평냉 맛집 인정^^ 수육도 조리 후 식혀서 기름기를 싹 ~ 걷어내신 듯 식어도 느끼함이 없슴 한번쯤 잡쏴~봐도 후회는 엄쓸껴 ~~ 녹두전은 옛날 처럼 녹두 향이 진하지는 않으나 근래들어 먹어본 것중에 상위권 개인적으론 얼리지 않은 육수로 주문 하는것을 추천합니다 ^^ PS : 솔직히 수육은 유명하다니까 경험삼아 주문... 식감이나 육질 면에서는 그돈주고 먹을 정도의 맛은 아닌듯요,살얼음 동동을 원하시는 분들은 어느정도의 육향을 포기하셔야 할듯 육수만 리필 하면 짠맛이 쫌 강함 육향과 면의 식감으로만 따지면 우래옥 보다는 솔직히 좀 못하지만 그래도 서울 평냉 맛집 인정 수육도 조리 후 식혀서 기름기를 싹 걷어내신 듯 식어도 느끼함이 없슴 한번쯤 잡쏴 봐도 후회는 엄쓸껴 TILDE 녹두전은 옛날 처럼 녹두 향이 진하지는 않으나 근래들어 먹어본 것중에 상위권 개인적으론 얼리지 않은 육수로 주문 하는것을 추천합니다 PS 솔직히 수육은 유명하다니까 경험삼아 주문 식감이나 육질 면에서는 그돈주고 먹을 정도의 맛은 아닌듯요,0,0,0,0,0,0,0,311,"돈, 원"
naver,황금콩밭,502의 사부작사부작,485.0,2025.02.18,1번째 방문,예약,두부 식감이 입에서 녹는 두부였음. 꼭 순두부를 먹는 느낌이랄까? 내가 좋아하는 그런 두부는 아니었지만 그래도 맛있었고 청국장은 누구나 먹을 수 있게 구수한 맛이 아닌 순~~~한 맛이었다. 정식은 가격이 사악한듯하다,120,True,,,,두부 식감이 입에서 녹는 두부였음. 꼭 순두부를 먹는 느낌이랄까? 내가 좋아하는 그런 두부는 아니었지만 그래도 맛있었고 청국장은 누구나 먹을 수 있게 구수한 맛이 아닌 순~~~한 맛이었다. 정식은 가격이 사악한듯하다,두부 식감이 입에서 녹는 두부였음 꼭 순두부를 먹는 느낌이랄까 QUESTION 내가 좋아하는 그런 두부는 아니었지만 그래도 맛있었고 청국장은 누구나 먹을 수 있게 구수한 맛이 아닌 순 TILDE 한 맛이었다 정식은 가격이 사악한듯하다,0,0,0,0,0,1,0,120,가격
naver,각시보쌈,예약할배,76.0,2026.01.03,1번째 방문,예약,엄마 나 각시 보쌈 먹고 왔어.....🤤 . 별이 다섯개 오성급 보쌈집!!! 아직도 각시 보쌈 안 드시분 계십니까....!? 요즘 물가에 싱싱한 야채 들이 넘쳐 납니다.. 건강해지는 늬낌~!! 꼭 와서 드시길 바랍니다!! 피크 시간대에는 웨이팅 걸릴수도 있어요!! 그리고 직원분들께 늘 감사드립니다 ♡,168,True,,,,엄마 나 각시 보쌈 먹고 왔어.....🤤 . 별이 다섯개 오성급 보쌈집!!! 아직도 각시 보쌈 안 드시분 계십니까....!? 요즘 물가에 싱싱한 야채 들이 넘쳐 납니다.. 건강해지는 늬낌~!! 꼭 와서 드시길 바랍니다!! 피크 시간대에는 웨이팅 걸릴수도 있어요!! 그리고 직원분들께 늘 감사드립니다 ♡,엄마 나 각시 보쌈 먹고 왔어 별이 다섯개 오성급 보쌈집 EXCLAM 아직도 각시 보쌈 안 드시분 계십니까 EXCLAM QUESTION 요즘 물가에 싱싱한 야채 들이 넘쳐 납니다 건강해지는 늬낌 EXCLAM 꼭 와서 드시길 바랍니다 EXCLAM 피크 시간대에는 웨이팅 걸릴수도 있어요 EXCLAM 그리고 직원분들께 늘 감사드립니다 EMO_POS,1,0,0,0,1,1,0,168,원
naver,원조 조박집 본관,JOY PD,1064.0,2025.10.27,1번째 방문,영수증,"달짝지근, 감칠맛나는 옛날맛 돼지갈비. 직접 구워먹으면 됨. 가격도 착하고 이모들도 잘해주시고 술맛도 좋았더라",61,True,,,,"달짝지근, 감칠맛나는 옛날맛 돼지갈비. 직접 구워먹으면 됨. 가격도 착하고 이모들도 잘해주시고 술맛도 좋았더라",달짝지근 감칠맛나는 옛날맛 돼지갈비 직접 구워먹으면 됨 가격도 착하고 이모들도 잘해주시고 술맛도 좋았더라,0,0,0,0,0,0,0,61,"가격, 착하고"
kakao,장인닭갈비 홍대점,-,234.0,2025-04-23,,,닭갈비 2인분에 라면사리 추가했는데 사리가 꼬들하다 못해 덜 익어서 바삭거렸습니다 살은 좀 퍽퍽한 편이었고 양은 둘이서 먹기 딱 괜찮은 정도였습니다 직원분께선 정말 친절하셨어요!,99,False,4.0,4.4,골드 레벨,닭갈비 2인분에 라면사리 추가했는데 사리가 꼬들하다 못해 덜 익어서 바삭거렸습니다 살은 좀 퍽퍽한 편이었고 양은 둘이서 먹기 딱 괜찮은 정도였습니다 직원분께선 정말 친절하셨어요!,닭갈비 2인분에 라면사리 추가했는데 사리가 꼬들하다 못해 덜 익어서 바삭거렸습니다 살은 좀 퍽퍽한 편이었고 양은 둘이서 먹기 딱 괜찮은 정도였습니다 직원분께선 정말 친절하셨어요 EXCLAM,0,0,0,0,1,0,1,99,원
naver,훼미리손칼국수보쌈,리얼케이,647.0,2025.10.10,1번째 방문,예약,가격은 저렴하지만 웨이팅 40분씩 하면서 먹을 정도는 아닌데... 진짜 앙은 엄청 많습니다 보쌈은 먹을만 했지만 칼국수는 후추탕 급,73,True,,,,가격은 저렴하지만 웨이팅 40분씩 하면서 먹을 정도는 아닌데... 진짜 앙은 엄청 많습니다 보쌈은 먹을만 했지만 칼국수는 후추탕 급,가격은 저렴하지만 웨이팅 40분씩 하면서 먹을 정도는 아닌데 진짜 앙은 엄청 많습니다 보쌈은 먹을만 했지만 칼국수는 후추탕 급,0,0,0,0,0,0,1,73,"가격, 저렴"
naver,쭌곱창,jin****,31.0,2026.02.23,1번째 방문,영수증,돼지곱창인데 잡내 하나도 안나고 세트 구성도 좋아서 가성비 좋아요! 리뷰보고 왔는데 너무 맛있게 먹었어요,58,True,,,,돼지곱창인데 잡내 하나도 안나고 세트 구성도 좋아서 가성비 좋아요! 리뷰보고 왔는데 너무 맛있게 먹었어요,돼지곱창인데 잡내 하나도 안나고 세트 구성도 좋아서 가성비 좋아요 EXCLAM 리뷰보고 왔는데 너무 맛있게 먹었어요,0,0,0,0,1,0,0,58,가성비
kakao,육지,정연실,1.0,2025-07-04,,,직원분들 바쁘시지만 다 구워주시고 친절하셔서 잘먹었습니당~ 물론 모든 음식 짱맛😉👍,46,True,5.0,5.0,브론즈 레벨,직원분들 바쁘시지만 다 구워주시고 친절하셔서 잘먹었습니당~ 물론 모든 음식 짱맛😉👍,직원분들 바쁘시지만 다 구워주시고 친절하셔서 잘먹었습니당 물론 모든 음식 짱맛 EMO_POS,1,0,0,0,0,0,0,46,원
naver,소문난성수감자탕,hae****,46.0,2026.02.09,1번째 방문,영수증,여기가 왜 그렇게 핫플인지 모르겠네요. 저는 많이 실망했어요. 어떤 외국인 손님이 물어보시는데 직원이 짜증만 내고 저희한테도 진짜 불친절하네요. 물기도 줄줄 흐르는채로 수저통에 꽂고 제 옷에까지 묻었네요. 다시는 안갑니다😡😡,125,False,,,,여기가 왜 그렇게 핫플인지 모르겠네요. 저는 많이 실망했어요. 어떤 외국인 손님이 물어보시는데 직원이 짜증만 내고 저희한테도 진짜 불친절하네요. 물기도 줄줄 흐르는채로 수저통에 꽂고 제 옷에까지 묻었네요. 다시는 안갑니다😡😡,여기가 왜 그렇게 핫플인지 모르겠네요 저는 많이 실망했어요 어떤 외국인 손님이 물어보시는데 직원이 짜증만 내고 저희한테도 진짜 불친절하네요 물기도 줄줄 흐르는채로 수저통에 꽂고 제 옷에까지 묻었네요 다시는 안갑니다 EMO_NEG EMO_NEG,0,1,0,0,0,0,0,125,원
naver,굴다리식당,말랑8383,76.0,2026.01.18,1번째 방문,영수증,홍석천이 원일 형님 채널 보고 꽃혀서 바로 와이프와 찾아 갔는데 주변에 유료 주차를 해야 되는 단점을 제외하고는 우리 부부가 좋아하는 김치찌개 와 제육볶음 계란말이 스타일이라 만족스러운 한끼였습니다 아침 여덟 시부터 밤 열 시까지 라는 매력적인 운영 시간이 아주 장점 입니다 포장도 가능합니다 인근 주차장은 30분의 2000원 십 분당 1000원 정도에 주차비라 조금 아쉽지만 지역 특성상 주차 할 곳이 있는 것만 해도 다행스럽 습니다,243,True,,,,홍석천이 원일 형님 채널 보고 꽃혀서 바로 와이프와 찾아 갔는데 주변에 유료 주차를 해야 되는 단점을 제외하고는 우리 부부가 좋아하는 김치찌개 와 제육볶음 계란말이 스타일이라 만족스러운 한끼였습니다 아침 여덟 시부터 밤 열 시까지 라는 매력적인 운영 시간이 아주 장점 입니다 포장도 가능합니다 인근 주차장은 30분의 2000원 십 분당 1000원 정도에 주차비라 조금 아쉽지만 지역 특성상 주차 할 곳이 있는 것만 해도 다행스럽 습니다,홍석천이 원일 형님 채널 보고 꽃혀서 바로 와이프와 찾아 갔는데 주변에 유료 주차를 해야 되는 단점을 제외하고는 우리 부부가 좋아하는 김치찌개 와 제육볶음 계란말이 스타일이라 만족스러운 한끼였습니다 아침 여덟 시부터 밤 열 시까지 라는 매력적인 운영 시간이 아주 장점 입니다 포장도 가능합니다 인근 주차장은 30분의 2000원 십 분당 1000원 정도에 주차비라 조금 아쉽지만 지역 특성상 주차 할 곳이 있는 것만 해도 다행스럽 습니다,0,0,0,0,0,0,1,243,원
kakao,소문난성수감자탕,터진귤,34.0,2026-04-08,,,종업원이 입에 욕을 달고 사는듯...너어어무 기분이 나빠서 이제는 못가겠음...이제는 동네 맛집도 아니고 맛도 없어짐....너무 눈치보게하고 안간다고 욕하고 빨리 따라오라고 욕하고 느리다고 욕하고 사람 밀고....정말 여기는 종업원교육울 시켜야할듯....이게 기분나쁨을 넘어서 서러울정도로 욕을함...,168,True,1.0,2.3,실버 레벨,종업원이 입에 욕을 달고 사는듯...너어어무 기분이 나빠서 이제는 못가겠음...이제는 동네 맛집도 아니고 맛도 없어짐....너무 눈치보게하고 안간다고 욕하고 빨리 따라오라고 욕하고 느리다고 욕하고 사람 밀고....정말 여기는 종업원교육울 시켜야할듯....이게 기분나쁨을 넘어서 서러울정도로 욕을함...,종업원이 입에 욕을 달고 사는듯 너어어무 기분이 나빠서 이제는 못가겠음 이제는 동네 맛집도 아니고 맛도 없어짐 너무 눈치보게하고 안간다고 욕하고 빨리 따라오라고 욕하고 느리다고 욕하고 사람 밀고 정말 여기는 종업원교육울 시켜야할듯 이게 기분나쁨을 넘어서 서러울정도로 욕을함,0,0,0,0,0,0,0,168,원
naver,홍대 육지,cococo65,71.0,2026.04.27,1번째 방문,영수증,"월요일 저녁 배고파서 맛집 찾아와봤어요!! 가장 많이 먹는거같은 갈비랑 깍두기 볶음밥이랑 계란찜 기본으로 시키고, 적셔갈비까지 추가로 시켜서 먹어봤어요😀 맛은 기본으로 맛있고, 나오는 찬들(깻잎소스?, 궁채, 기본 간장소스)이 일단 기본이상으로 합격!!!ㅋㅋㅋ 이었어요ㅋㅋ 그렇다고 리뷰를 쓰진않는데... 직원분들 다들 너무 쏘 친절하셔서 감동적이어서 리뷰쓰게되었네여ㅋㅋ 고기 뽜이팅👍있게 구워주시고 센스있게 앞치마까지...크으으으으 👍👍 남친 한줄평 : 굿. 스바라시 ㅋㅋ",265,True,,,,"월요일 저녁 배고파서 맛집 찾아와봤어요!! 가장 많이 먹는거같은 갈비랑 깍두기 볶음밥이랑 계란찜 기본으로 시키고, 적셔갈비까지 추가로 시켜서 먹어봤어요😀 맛은 기본으로 맛있고, 나오는 찬들(깻잎소스?, 궁채, 기본 간장소스)이 일단 기본이상으로 합격!!!ㅋㅋㅋ 이었어요ㅋㅋ 그렇다고 리뷰를 쓰진않는데... 직원분들 다들 너무 쏘 친절하셔서 감동적이어서 리뷰쓰게되었네여ㅋㅋ 고기 뽜이팅👍있게 구워주시고 센스있게 앞치마까지...크으으으으 👍👍 남친 한줄평 : 굿. 스바라시 ㅋㅋ",월요일 저녁 배고파서 맛집 찾아와봤어요 EXCLAM 가장 많이 먹는거같은 갈비랑 깍두기 볶음밥이랑 계란찜 기본으로 시키고 적셔갈비까지 추가로 시켜서 먹어봤어요 EMO_POS 맛은 기본으로 맛있고 나오는 찬들 깻잎소스 QUESTION 궁채 기본 간장소스 이 일단 기본이상으로 합격 EXCLAM 이었어요 그렇다고 리뷰를 쓰진않는데 직원분들 다들 너무 쏘 친절하셔서 감동적이어서 리뷰쓰게되었네여 고기 뽜이팅 EMO_POS 있게 구워주시고 센스있게 앞치마까지 크으으 EMO_POS EMO_POS 남친 한줄평 굿 스바라시,1,0,0,0,1,1,0,265,원
kakao,쭌곱창,구밍밍,1.0,2025-01-01,,,단순 가성비만 좋은게 아니라 진짜 너무 맛있어요 ㅠ 곱창+갈비 다양한 소스에 찍어먹는 재미도 있고 추천드리는 맛집입니다 🥹,68,True,5.0,5.0,브론즈 레벨,단순 가성비만 좋은게 아니라 진짜 너무 맛있어요 ㅠ 곱창+갈비 다양한 소스에 찍어먹는 재미도 있고 추천드리는 맛집입니다 🥹,단순 가성비만 좋은게 아니라 진짜 너무 맛있어요 곱창 갈비 다양한 소스에 찍어먹는 재미도 있고 추천드리는 맛집입니다,0,0,0,0,0,0,0,68,가성비
kakao,소문난성수감자탕,vinn,29.0,2025-06-30,,,미친 개맛있는 감자탕 근데 공기밥 2000원은 좀 개빡치긴함,33,True,5.0,2.8,실버 레벨,미친 개맛있는 감자탕 근데 공기밥 2000원은 좀 개빡치긴함,미친 개맛있는 감자탕 근데 공기밥 2000원은 좀 개빡치긴함,0,0,0,0,0,0,1,33,원
kakao,을밀대 본점,리뷰다람쥐,105.0,2025-07-07,,,사악한 가격대비 맛이 제 입맛은 아니었어요. 면이 좀 특이한 느낌을 주는데 저는 쏘쏘였고... 여름에 진짜 오지게 줄 서는데 저는 그정도 맛집은 아니라고 생각해요,90,False,3.0,4.3,골드 레벨,사악한 가격대비 맛이 제 입맛은 아니었어요. 면이 좀 특이한 느낌을 주는데 저는 쏘쏘였고... 여름에 진짜 오지게 줄 서는데 저는 그정도 맛집은 아니라고 생각해요,사악한 가격대비 맛이 제 입맛은 아니었어요 면이 좀 특이한 느낌을 주는데 저는 쏘쏘였고 여름에 진짜 오지게 줄 서는데 저는 그정도 맛집은 아니라고 생각해요,0,0,0,0,0,0,0,90,"가격, 가격대"
kakao,소문난성수감자탕,쩝쩝박사,13.0,2026-04-07,,,아..인별에서 맛집이러고 떳길래 감자탕 땡겨서 갔는데 웨이팅 20~30분 정도 후에 들어감 감칠맛나고 깊은 국물맛 X 뼈에 붙은 살이 정말 질기게 안뜯김 고기가 식으면 누린내가 나는데 행주 안삶은 것 같은 냄새.. 물컵도 물비린내인지 쇠냄새인지 물컵이 오래되서 나는 듯한 느낌 중국인 & 외국인 무진장 많음(중국인이 앉으면서 가방으로 밥먹는 날 밀어버림 ㅋㅋㅋㅋㅋㅋㅋㅋㅋㅋㅋㅋㅋㅋㅋㅋ) 벨 4-5번 눌러도 직원들끼리 서로 쳐다보면서 미루면서 안오니까 부르려면 그냥 직접 부르는 게 나음 청양고추 달라고 해서 먹었는데 안매움 감자탕 소자 시켰는데 뼈다귀 양 많은 건 인정 근데 감자가 단 한개만 있음ㅋㅋㅋㅋㅋㅋㅋㅋㅋㅋㅋㅋㅋㅋ 배고픔에 지쳐서 먹으면 쏘쏘하다고 느낄 수 있으나 여길 진짜 맛집으로 생각하고 찾아갈 예정이라면 후기에 있는 글들을 꼼꼼히 읽어보면 도움이 될 것 같음..,435,False,1.0,3.5,실버 레벨,아..인별에서 맛집이러고 떳길래 감자탕 땡겨서 갔는데 웨이팅 20~30분 정도 후에 들어감 감칠맛나고 깊은 국물맛 X 뼈에 붙은 살이 정말 질기게 안뜯김 고기가 식으면 누린내가 나는데 행주 안삶은 것 같은 냄새.. 물컵도 물비린내인지 쇠냄새인지 물컵이 오래되서 나는 듯한 느낌 중국인 & 외국인 무진장 많음(중국인이 앉으면서 가방으로 밥먹는 날 밀어버림 ㅋㅋㅋㅋㅋㅋㅋㅋㅋㅋㅋㅋㅋㅋㅋㅋ) 벨 4-5번 눌러도 직원들끼리 서로 쳐다보면서 미루면서 안오니까 부르려면 그냥 직접 부르는 게 나음 청양고추 달라고 해서 먹었는데 안매움 감자탕 소자 시켰는데 뼈다귀 양 많은 건 인정 근데 감자가 단 한개만 있음ㅋㅋㅋㅋㅋㅋㅋㅋㅋㅋㅋㅋㅋㅋ 배고픔에 지쳐서 먹으면 쏘쏘하다고 느낄 수 있으나 여길 진짜 맛집으로 생각하고 찾아갈 예정이라면 후기에 있는 글들을 꼼꼼히 읽어보면 도움이 될 것 같음..,아 인별에서 맛집이러고 떳길래 감자탕 땡겨서 갔는데 웨이팅 20 30분 정도 후에 들어감 감칠맛나고 깊은 국물맛 X 뼈에 붙은 살이 정말 질기게 안뜯김 고기가 식으면 누린내가 나는데 행주 안삶은 것 같은 냄새 물컵도 물비린내인지 쇠냄새인지 물컵이 오래되서 나는 듯한 느낌 중국인 외국인 무진장 많음 중국인이 앉으면서 가방으로 밥먹는 날 밀어버림 벨 4 5번 눌러도 직원들끼리 서로 쳐다보면서 미루면서 안오니까 부르려면 그냥 직접 부르는 게 나음 청양고추 달라고 해서 먹었는데 안매움 감자탕 소자 시켰는데 뼈다귀 양 많은 건 인정 근데 감자가 단 한개만 있음 배고픔에 지쳐서 먹으면 쏘쏘하다고 느낄 수 있으나 여길 진짜 맛집으로 생각하고 찾아갈 예정이라면 후기에 있는 글들을 꼼꼼히 읽어보면 도움이 될 것 같음,0,0,0,0,0,0,1,435,원
naver,능동미나리 성수지점,데이지87,976.0,2026.03.11,1번째 방문,영수증,11시에 갔더니 대기없이 입장할 수 있었다. 안에 들어가보니 이미 손님들이 많이 차서 11시반부터는 대기가 발생할 것같다. 미나리때문에 곰탕이 더 시원한 맛이었고 육전도 부드럽고 맛있었다.👍,106,True,,,,11시에 갔더니 대기없이 입장할 수 있었다. 안에 들어가보니 이미 손님들이 많이 차서 11시반부터는 대기가 발생할 것같다. 미나리때문에 곰탕이 더 시원한 맛이었고 육전도 부드럽고 맛있었다.👍,11시에 갔더니 대기없이 입장할 수 있었다 안에 들어가보니 이미 손님들이 많이 차서 11시반부터는 대기가 발생할 것같다 미나리때문에 곰탕이 더 시원한 맛이었고 육전도 부드럽고 맛있었다 EMO_POS,1,0,0,0,0,0,1,106,원
kakao,육지,김보아,2.0,2025-11-05,,,고기가 진짜 맛있고 사이드도 다 맛있습니다!!직원분들이 다 너무 친절하셔서 좋았어요,46,True,5.0,5.0,브론즈 레벨,고기가 진짜 맛있고 사이드도 다 맛있습니다!!직원분들이 다 너무 친절하셔서 좋았어요,고기가 진짜 맛있고 사이드도 다 맛있습니다 EXCLAM 직원분들이 다 너무 친절하셔서 좋았어요,0,0,0,0,1,0,0,46,원
kakao,소문난성수감자탕,김지현,5.0,2025-05-23,,,입장하자마자 처음이라 메뉴판 벽지에 붙은거 보려는데 주문뭐하실거냐고 물여보셔서 메뉴좀 보고 말씀드리겠다 했는데 3초만에 다시 물으시더라구요 자리 앉지도못하고 압박당해서 바로 소짜 2인시켰더니 소짜에서 벌레가 나왔습니다 사진에 보시면.. 어디 날라와서 붙은거라고 다시 바꿔주시긴 하셨는데 여전히 찝찝했고 벨버튼이 안보여서 이모님이랑 눈마주쳐서 불렀더니 벨눌러달라고 혼났습니다.. ㅠ 바쁘신건 알겠는데 너무 불친절하셨어요.. 더군다나 공기밥 2000원이 조금 충격적이였습니다 뼈에 고기는 별로 없고요.. 외국인들이 많았고 관광장사하는곳으로 타이틀을 변경하셨나봅니다.. 다신 안가겠어요 벌레도 나오고 무섭니다,337,True,1.0,1.0,브론즈 레벨,입장하자마자 처음이라 메뉴판 벽지에 붙은거 보려는데 주문뭐하실거냐고 물여보셔서 메뉴좀 보고 말씀드리겠다 했는데 3초만에 다시 물으시더라구요 자리 앉지도못하고 압박당해서 바로 소짜 2인시켰더니 소짜에서 벌레가 나왔습니다 사진에 보시면.. 어디 날라와서 붙은거라고 다시 바꿔주시긴 하셨는데 여전히 찝찝했고 벨버튼이 안보여서 이모님이랑 눈마주쳐서 불렀더니 벨눌러달라고 혼났습니다.. ㅠ 바쁘신건 알겠는데 너무 불친절하셨어요.. 더군다나 공기밥 2000원이 조금 충격적이였습니다 뼈에 고기는 별로 없고요.. 외국인들이 많았고 관광장사하는곳으로 타이틀을 변경하셨나봅니다.. 다신 안가겠어요 벌레도 나오고 무섭니다,입장하자마자 처음이라 메뉴판 벽지에 붙은거 보려는데 주문뭐하실거냐고 물여보셔서 메뉴좀 보고 말씀드리겠다 했는데 3초만에 다시 물으시더라구요 자리 앉지도못하고 압박당해서 바로 소짜 2인시켰더니 소짜에서 벌레가 나왔습니다 사진에 보시면 어디 날라와서 붙은거라고 다시 바꿔주시긴 하셨는데 여전히 찝찝했고 벨버튼이 안보여서 이모님이랑 눈마주쳐서 불렀더니 벨눌러달라고 혼났습니다 바쁘신건 알겠는데 너무 불친절하셨어요 더군다나 공기밥 2000원이 조금 충격적이였습니다 뼈에 고기는 별로 없고요 외국인들이 많았고 관광장사하는곳으로 타이틀을 변경하셨나봅니다 다신 안가겠어요 벌레도 나오고 무섭니다,0,0,0,0,0,0,1,337,원
kakao,육지,김규아,1.0,2025-11-05,,,오랜만에 먹는 고기였는데 너무 맛있게 잘 먹었습니다😭 고기도 맛있고 사이드 메뉴들도 전부 다 너무 맛있었어요 👍 직원분들도 너무 친절하시고 고기도 맛있게 잘 구워주셔서 잘 먹고 갑니다 😋,104,True,5.0,5.0,브론즈 레벨,오랜만에 먹는 고기였는데 너무 맛있게 잘 먹었습니다😭 고기도 맛있고 사이드 메뉴들도 전부 다 너무 맛있었어요 👍 직원분들도 너무 친절하시고 고기도 맛있게 잘 구워주셔서 잘 먹고 갑니다 😋,오랜만에 먹는 고기였는데 너무 맛있게 잘 먹었습니다 EMO_NEG 고기도 맛있고 사이드 메뉴들도 전부 다 너무 맛있었어요 EMO_POS 직원분들도 너무 친절하시고 고기도 맛있게 잘 구워주셔서 잘 먹고 갑니다 EMO_POS,1,1,0,0,0,0,0,104,원
naver,조선시대,사는게일이다,93.0,2026.03.04,1번째 방문,영수증,컨샙이 장난이 아닙니다. 여기 진짜 재미있고 음식 맛있습니다. 특히 과일막걸리 꼭 주문하세요. 술아니고 거의 원액 과일 슬러시같은 느낌이라 정말 맛있고 중간중간 이벤트도 있어서 진짜 재미잇습니다. 컨샙의 극한,116,True,,,,컨샙이 장난이 아닙니다. 여기 진짜 재미있고 음식 맛있습니다. 특히 과일막걸리 꼭 주문하세요. 술아니고 거의 원액 과일 슬러시같은 느낌이라 정말 맛있고 중간중간 이벤트도 있어서 진짜 재미잇습니다. 컨샙의 극한,컨샙이 장난이 아닙니다 여기 진짜 재미있고 음식 맛있습니다 특히 과일막걸리 꼭 주문하세요 술아니고 거의 원액 과일 슬러시같은 느낌이라 정말 맛있고 중간중간 이벤트도 있어서 진짜 재미잇습니다 컨샙의 극한,0,0,0,0,0,0,0,116,원
naver,홍대 육지,현이피,27.0,2026.04.27,1번째 방문,영수증,직원분들이 친절하시고 사이드가 맛있어요! 물론 고기도 맛있어용! 잘 먹고 갑니다!,45,True,,,,직원분들이 친절하시고 사이드가 맛있어요! 물론 고기도 맛있어용! 잘 먹고 갑니다!,직원분들이 친절하시고 사이드가 맛있어요 EXCLAM 물론 고기도 맛있어용 EXCLAM 잘 먹고 갑니다 EXCLAM,0,0,0,0,1,0,0,45,원
naver,이태리국시 성수,유니318,792.0,2026.02.03,1번째 방문,영수증,오랫만에 성수 나들이로 맛집 검색하다 오게 되었어요~ 6명 인원이 같이 앉을수없어 앞뒤로 앉아 먹었어요 역시 평 좋은 이유가 있었네요 음식 다 맛있어요 아이들도 넘 맛있다고 다 잘먹네요~^^ 이중 제일 맛난걸 뽑자고 하니 어려웠지만 전 첫번째사진 딸은 두번째 사진이네요ㅎㅎ,152,True,,,,오랫만에 성수 나들이로 맛집 검색하다 오게 되었어요~ 6명 인원이 같이 앉을수없어 앞뒤로 앉아 먹었어요 역시 평 좋은 이유가 있었네요 음식 다 맛있어요 아이들도 넘 맛있다고 다 잘먹네요~^^ 이중 제일 맛난걸 뽑자고 하니 어려웠지만 전 첫번째사진 딸은 두번째 사진이네요ㅎㅎ,오랫만에 성수 나들이로 맛집 검색하다 오게 되었어요 6명 인원이 같이 앉을수없어 앞뒤로 앉아 먹었어요 역시 평 좋은 이유가 있었네요 음식 다 맛있어요 아이들도 넘 맛있다고 다 잘먹네요 이중 제일 맛난걸 뽑자고 하니 어려웠지만 전 첫번째사진 딸은 두번째 사진이네요,0,0,0,0,0,0,1,152,원
kakao,원조조박집 본관,오래오‘s travelplate,144.0,2025-09-01,,,"단맛을 진짜로 절제 잘하는 맛집. 모든게 계산 된 것 같은 그런 맛을 내는 집이다. 과하지 않게 딱 필요한 사이드와 물리지 않을만큼 끊임없이 들어가는 돼지갈비. 된장찌개, 동치미국수 추가는 1000원으로 가격도 이쁘고 인위적으로 낸 맛이 아닌 누구나 생각할 법한 이상적인 자연스러운 맛이다. 쌀밥에 총각무도 기똥차고 뒤에 내어주는 후식인 식혜마저 너무 달면 물릴 수 있는데, 슴슴한 시원한 식혜. 나한테는 돼지갈비의 정석과도 같은 교본 같은 집이다.",251,True,5.0,4.7,골드 레벨,"단맛을 진짜로 절제 잘하는 맛집. 모든게 계산 된 것 같은 그런 맛을 내는 집이다. 과하지 않게 딱 필요한 사이드와 물리지 않을만큼 끊임없이 들어가는 돼지갈비. 된장찌개, 동치미국수 추가는 1000원으로 가격도 이쁘고 인위적으로 낸 맛이 아닌 누구나 생각할 법한 이상적인 자연스러운 맛이다. 쌀밥에 총각무도 기똥차고 뒤에 내어주는 후식인 식혜마저 너무 달면 물릴 수 있는데, 슴슴한 시원한 식혜. 나한테는 돼지갈비의 정석과도 같은 교본 같은 집이다.",단맛을 진짜로 절제 잘하는 맛집 모든게 계산 된 것 같은 그런 맛을 내는 집이다 과하지 않게 딱 필요한 사이드와 물리지 않을만큼 끊임없이 들어가는 돼지갈비 된장찌개 동치미국수 추가는 1000원으로 가격도 이쁘고 인위적으로 낸 맛이 아닌 누구나 생각할 법한 이상적인 자연스러운 맛이다 쌀밥에 총각무도 기똥차고 뒤에 내어주는 후식인 식혜마저 너무 달면 물릴 수 있는데 슴슴한 시원한 식혜 나한테는 돼지갈비의 정석과도 같은 교본 같은 집이다,0,0,0,0,0,0,1,251,"가격, 원"
naver,을밀대 평양냉면,Cadillac,1801.0,2025.11.22,1번째 방문,예약,"아주 오랫만. 토요일 19시 방문. 앞에 3-4팀 대기 중이었고 운좋게 약 10분 대기 후 입장. 주문하자마자 거의 10초만에 (?!) 냉면 입장. 냉면2+녹두전 45,000원",98,True,,,,"아주 오랫만. 토요일 19시 방문. 앞에 3-4팀 대기 중이었고 운좋게 약 10분 대기 후 입장. 주문하자마자 거의 10초만에 (?!) 냉면 입장. 냉면2+녹두전 45,000원",아주 오랫만 토요일 19시 방문 앞에 3 4팀 대기 중이었고 운좋게 약 10분 대기 후 입장 주문하자마자 거의 10초만에 QUESTION EXCLAM 냉면 입장 냉면2 녹두전 45 000원,0,0,0,0,1,1,1,98,원
kakao,홍대 조선시대,오세빈,1.0,2026-02-03,,,너무너무 분위기도 좋고 맛있어요! 안주도 가성비고 게임까지 즐길수 있어서 최고예요..,47,False,5.0,5.0,브론즈 레벨,너무너무 분위기도 좋고 맛있어요! 안주도 가성비고 게임까지 즐길수 있어서 최고예요..,너무너무 분위기도 좋고 맛있어요 EXCLAM 안주도 가성비고 게임까지 즐길수 있어서 최고예요,0,0,0,0,1,0,0,47,가성비
naver,금금 성수점,천재16,33.0,2026.02.02,1번째 방문,영수증,여자친구랑 데이트로 밥먹기에 딱이고 웨이팅 없이 먹어서 좋았어요 가격도 다른곳에 비해 합리적이라 다음에 또 방문할거같습니다,68,True,,,,여자친구랑 데이트로 밥먹기에 딱이고 웨이팅 없이 먹어서 좋았어요 가격도 다른곳에 비해 합리적이라 다음에 또 방문할거같습니다,여자친구랑 데이트로 밥먹기에 딱이고 웨이팅 없이 먹어서 좋았어요 가격도 다른곳에 비해 합리적이라 다음에 또 방문할거같습니다,0,0,0,0,0,0,0,68,가격
naver,각시보쌈,하겐다즈매니아,784.0,2026.04.13,3번째 방문,영수증,근처 참손길 마사지왔다가 방문했어요 각시보쌈은 애매한시간에 오는게 꿀팁 고기야들야들 보쌈김치도 맛있고 찬도 많은데 이가격 안믿겨요ㅠㅠ 각시보쌈 가게 오래오래 해주세요 ❤️,95,True,,,,근처 참손길 마사지왔다가 방문했어요 각시보쌈은 애매한시간에 오는게 꿀팁 고기야들야들 보쌈김치도 맛있고 찬도 많은데 이가격 안믿겨요ㅠㅠ 각시보쌈 가게 오래오래 해주세요 ❤️,근처 참손길 마사지왔다가 방문했어요 각시보쌈은 애매한시간에 오는게 꿀팁 고기야들야들 보쌈김치도 맛있고 찬도 많은데 이가격 안믿겨요 각시보쌈 가게 오래오래 해주세요 EMO_POS,1,0,0,1,0,0,0,95,가격
naver,각시보쌈,먹녀사,707.0,2026.03.18,4번째 방문,예약,가성비 좋은 맛집이에요옹 💗 잘 먹었습니다,23,True,,,,가성비 좋은 맛집이에요옹 💗 잘 먹었습니다,가성비 좋은 맛집이에요옹 EMO_POS 잘 먹었습니다,1,0,0,0,0,0,0,23,가성비
naver,홍대 육지,edith7492,43.0,2026.04.09,1번째 방문,영수증,"친구랑 급번개로 인스타에서 보던 곳에 웨이팅 없이 들어왔는데 우와,,, 고기 퀄리티가 미쳤어요🫢 직원분들도 친절하시고 매장도 너무 깔끔 그잡채👍🏻 다음엔 남친이랑 올게요오 ㅎㅎㅎ",99,True,,,,"친구랑 급번개로 인스타에서 보던 곳에 웨이팅 없이 들어왔는데 우와,,, 고기 퀄리티가 미쳤어요🫢 직원분들도 친절하시고 매장도 너무 깔끔 그잡채👍🏻 다음엔 남친이랑 올게요오 ㅎㅎㅎ",친구랑 급번개로 인스타에서 보던 곳에 웨이팅 없이 들어왔는데 우와 고기 퀄리티가 미쳤어요 직원분들도 친절하시고 매장도 너무 깔끔 그잡채 EMO_POS 다음엔 남친이랑 올게요오,1,0,0,0,0,0,0,99,원
kakao,육산장 홍대본점,정직남,61.0,2025-05-05,,,고기 퀄리티 미쳤고 분위기는 더 미쳤고!! 직원 분들도 친절하시고 맛있어요 ^^ 육산장 두번오세요 세번오세요~~,62,False,5.0,2.6,실버 레벨,고기 퀄리티 미쳤고 분위기는 더 미쳤고!! 직원 분들도 친절하시고 맛있어요 ^^ 육산장 두번오세요 세번오세요~~,고기 퀄리티 미쳤고 분위기는 더 미쳤고 EXCLAM 직원 분들도 친절하시고 맛있어요 육산장 두번오세요 세번오세요 TILDE,0,0,0,0,1,0,0,62,원
naver,훼미리손칼국수보쌈,harry2358,52.0,2025.12.07,1번째 방문,영수증,"먹다가 찍은 사진이라 많이 안 보이지만 평소보다 고기 상태가 엉망이었습니다. 비계만 있거나 저런식으로 짜투리 고기마냥 나왔는데 말없이 먹다가 옆테이블은 제대로 나온 거 보고 직원분께 여쭤봤습니다. 그랬더니 대답도 없이 휙 가시더니 주방에서 비교적 제대로 된 고기 몇점 더 가져다주셨습니다. 저게 맛있는 고기인데, 고기 더 줬다고 생색내시는데 황당했습니다. 고기 더 얻어먹자고 한 말이 아니었는데도요. 결제한 뒤에 보니 다른 테이블은 다 제대로 나와있길래 직원분께 여쭤보니 다음에 오면 비계 섞인 걸로 달라고 하라는 해결책을 주셨습니다. 같은 돈 내고 먹는데 황당하네요. 방송 나온 이후로 불친절하셨던 건 바쁜 식당이고 굳이 친절할 필요 없다는 생각에 상관 없었지만 음식까지 이러는 건 개선되어야 할 것 같습니다.",398,True,,,,"먹다가 찍은 사진이라 많이 안 보이지만 평소보다 고기 상태가 엉망이었습니다. 비계만 있거나 저런식으로 짜투리 고기마냥 나왔는데 말없이 먹다가 옆테이블은 제대로 나온 거 보고 직원분께 여쭤봤습니다. 그랬더니 대답도 없이 휙 가시더니 주방에서 비교적 제대로 된 고기 몇점 더 가져다주셨습니다. 저게 맛있는 고기인데, 고기 더 줬다고 생색내시는데 황당했습니다. 고기 더 얻어먹자고 한 말이 아니었는데도요. 결제한 뒤에 보니 다른 테이블은 다 제대로 나와있길래 직원분께 여쭤보니 다음에 오면 비계 섞인 걸로 달라고 하라는 해결책을 주셨습니다. 같은 돈 내고 먹는데 황당하네요. 방송 나온 이후로 불친절하셨던 건 바쁜 식당이고 굳이 친절할 필요 없다는 생각에 상관 없었지만 음식까지 이러는 건 개선되어야 할 것 같습니다.",먹다가 찍은 사진이라 많이 안 보이지만 평소보다 고기 상태가 엉망이었습니다 비계만 있거나 저런식으로 짜투리 고기마냥 나왔는데 말없이 먹다가 옆테이블은 제대로 나온 거 보고 직원분께 여쭤봤습니다 그랬더니 대답도 없이 휙 가시더니 주방에서 비교적 제대로 된 고기 몇점 더 가져다주셨습니다 저게 맛있는 고기인데 고기 더 줬다고 생색내시는데 황당했습니다 고기 더 얻어먹자고 한 말이 아니었는데도요 결제한 뒤에 보니 다른 테이블은 다 제대로 나와있길래 직원분께 여쭤보니 다음에 오면 비계 섞인 걸로 달라고 하라는 해결책을 주셨습니다 같은 돈 내고 먹는데 황당하네요 방송 나온 이후로 불친절하셨던 건 바쁜 식당이고 굳이 친절할 필요 없다는 생각에 상관 없었지만 음식까지 이러는 건 개선되어야 할 것 같습니다,0,0,0,0,0,0,0,398,"돈, 원"
naver,보끔당 성수점,yuu****,3.0,2026.04.20,1번째 방문,영수증,로제는 진짜 최고입니다 특히 떡은 되게 쫄깃쫄깃하더라구요 환경도 좋고 점원님도 엄청 친절하시구요 다음에 또 올게욥-!ㅎㅎ,67,True,,,,로제는 진짜 최고입니다 특히 떡은 되게 쫄깃쫄깃하더라구요 환경도 좋고 점원님도 엄청 친절하시구요 다음에 또 올게욥-!ㅎㅎ,로제는 진짜 최고입니다 특히 떡은 되게 쫄깃쫄깃하더라구요 환경도 좋고 점원님도 엄청 친절하시구요 다음에 또 올게욥 EXCLAM,0,0,0,0,1,0,0,67,원
naver,을밀대 평양냉면,im1****,508.0,2025.11.03,1번째 방문,예약,평냉 투어중 먹은곳중 가장 무난하다고 느낀곳 육향이 너무 강하지도 않고 슴슴하지도 않았고 면도 너무 으깨지지도 질기지도 않고 모든것이 중간의 느낌이라 평냉의 기본값이 아닌가 하는 느낌 맛있음,106,True,,,,평냉 투어중 먹은곳중 가장 무난하다고 느낀곳 육향이 너무 강하지도 않고 슴슴하지도 않았고 면도 너무 으깨지지도 질기지도 않고 모든것이 중간의 느낌이라 평냉의 기본값이 아닌가 하는 느낌 맛있음,평냉 투어중 먹은곳중 가장 무난하다고 느낀곳 육향이 너무 강하지도 않고 슴슴하지도 않았고 면도 너무 으깨지지도 질기지도 않고 모든것이 중간의 느낌이라 평냉의 기본값이 아닌가 하는 느낌 맛있음,0,0,0,0,0,0,0,106,값
kakao,훼미리손칼국수보쌈,밍키,96.0,2026-03-16,,,매일 줄서있는 맛집.. 칼국수는 쏘쏘이지만 보쌈+칼국수 정식으로 1인 15000원 컷인게 짱임ㅋ,53,True,5.0,4.9,실버 레벨,매일 줄서있는 맛집.. 칼국수는 쏘쏘이지만 보쌈+칼국수 정식으로 1인 15000원 컷인게 짱임ㅋ,매일 줄서있는 맛집 칼국수는 쏘쏘이지만 보쌈 칼국수 정식으로 1인 15000원 컷인게 짱임,0,0,0,0,0,0,1,53,원
naver,원조 조박집 본관,냠냠올리오,284.0,2025.09.13,1번째 방문,영수증,"짭쪼름한 돼지갈비가 맛있는 조박집. 두 명이 돼지갈비 4인분, 찌개 1, 공기밥 1 주문해먹었어요. 반찬 종류도 많고 직원분들이 친절하셔서 계속 찬도 리필해주시고 불판도 갈아주셔서 편하게 먹었어요! 갈비는 늘 맛있고, 찌개나 동치미국수, 밥 다 맛있고 식사류는 특히 가격 저렴해요. 주차는 바로 앞 유수지 공영주차장에 하면 되어서 편해요.",189,True,,,,"짭쪼름한 돼지갈비가 맛있는 조박집. 두 명이 돼지갈비 4인분, 찌개 1, 공기밥 1 주문해먹었어요. 반찬 종류도 많고 직원분들이 친절하셔서 계속 찬도 리필해주시고 불판도 갈아주셔서 편하게 먹었어요! 갈비는 늘 맛있고, 찌개나 동치미국수, 밥 다 맛있고 식사류는 특히 가격 저렴해요. 주차는 바로 앞 유수지 공영주차장에 하면 되어서 편해요.",짭쪼름한 돼지갈비가 맛있는 조박집 두 명이 돼지갈비 4인분 찌개 1 공기밥 1 주문해먹었어요 반찬 종류도 많고 직원분들이 친절하셔서 계속 찬도 리필해주시고 불판도 갈아주셔서 편하게 먹었어요 EXCLAM 갈비는 늘 맛있고 찌개나 동치미국수 밥 다 맛있고 식사류는 특히 가격 저렴해요 주차는 바로 앞 유수지 공영주차장에 하면 되어서 편해요,0,0,0,0,1,0,1,189,"가격, 저렴, 원"
kakao,장인닭갈비 홍대점,가지 말라면 좀 가지마,3.0,2025-05-25,,,"치즈포함 12,000원이라 해서 갔는데 주문할때 미포함이라고 말함. 가격 속이는거부터 기분 상하고 시작함",58,False,1.0,1.0,브론즈 레벨,"치즈포함 12,000원이라 해서 갔는데 주문할때 미포함이라고 말함. 가격 속이는거부터 기분 상하고 시작함",치즈포함 12 000원이라 해서 갔는데 주문할때 미포함이라고 말함 가격 속이는거부터 기분 상하고 시작함,0,0,0,0,0,0,1,58,"가격, 원"
naver,각시보쌈,먹고걷고햇빛듬뿍,1961.0,2025.12.22,2번째 방문,영수증,"오늘은 24절기중에 22번째 동지입니다, 애동지,소동지, 애기동지, 그래서 팥죽을 안먹고 따뜻한 음식을 먹습니다 각시보쌈 합정점에 가서 각시정식과 생굴을 먹습니다. 각시정식(10,000원), 생굴(12,000원)입니다, 한동안 생굴이나 굴이 들어간음식을 잘먹지않았는데 오늘은 굴이 땡겨서 생굴을 초고추장에 찍어서 상추위에 올려서 생마늘을 쌈장에 찍고 새우젓을 위에 올려서 먹습니다, 점심시간에는 웨이팅작성을 안하고 인원이 다오면 바로 입장가능하고 인원이 덜오면 입장이 안됩니다 잘먹었습니다 감사합니다 대한민국 방방곡곡 도시거리와 둘레길을 걸어다니면서 음식점 카페 빵집 풍경 경치를 소개하는 리뷰어 &amp; 유튜버 ✅️ MY플레이스 리뷰어순위 TOP 30등 ✅️리뷰 총조회수 1,500만회 (0.1% 리뷰어)",396,True,,,,"오늘은 24절기중에 22번째 동지입니다, 애동지,소동지, 애기동지, 그래서 팥죽을 안먹고 따뜻한 음식을 먹습니다 각시보쌈 합정점에 가서 각시정식과 생굴을 먹습니다. 각시정식(10,000원), 생굴(12,000원)입니다, 한동안 생굴이나 굴이 들어간음식을 잘먹지않았는데 오늘은 굴이 땡겨서 생굴을 초고추장에 찍어서 상추위에 올려서 생마늘을 쌈장에 찍고 새우젓을 위에 올려서 먹습니다, 점심시간에는 웨이팅작성을 안하고 인원이 다오면 바로 입장가능하고 인원이 덜오면 입장이 안됩니다 잘먹었습니다 감사합니다 대한민국 방방곡곡 도시거리와 둘레길을 걸어다니면서 음식점 카페 빵집 풍경 경치를 소개하는 리뷰어 &amp; 유튜버 ✅️ MY플레이스 리뷰어순위 TOP 30등 ✅️리뷰 총조회수 1,500만회 (0.1% 리뷰어)",오늘은 24절기중에 22번째 동지입니다 애동지 소동지 애기동지 그래서 팥죽을 안먹고 따뜻한 음식을 먹습니다 각시보쌈 합정점에 가서 각시정식과 생굴을 먹습니다 각시정식 10 000원 생굴 12 000원 입니다 한동안 생굴이나 굴이 들어간음식을 잘먹지않았는데 오늘은 굴이 땡겨서 생굴을 초고추장에 찍어서 상추위에 올려서 생마늘을 쌈장에 찍고 새우젓을 위에 올려서 먹습니다 점심시간에는 웨이팅작성을 안하고 인원이 다오면 바로 입장가능하고 인원이 덜오면 입장이 안됩니다 잘먹었습니다 감사합니다 대한민국 방방곡곡 도시거리와 둘레길을 걸어다니면서 음식점 카페 빵집 풍경 경치를 소개하는 리뷰어 amp 유튜버 MY플레이스 리뷰어순위 TOP 30등 리뷰 총조회수 1 500만회 0 1 리뷰어,0,0,0,0,0,0,1,396,원
kakao,을밀대 본점,띵,33.0,2025-12-09,,,간이 좀 셈 맛은 있다 수육이 너무 비싸서 곤란함,27,False,4.0,4.1,실버 레벨,간이 좀 셈 맛은 있다 수육이 너무 비싸서 곤란함,간이 좀 셈 맛은 있다 수육이 너무 비싸서 곤란함,0,0,0,0,0,0,0,27,비싸
naver,쭌곱창,조용민27,36.0,2026.04.16,1번째 방문,영수증,홍대 숨은맛집 가격 진짜저렴하고 메뉴도 독특한데 진짜 너무너무너무너무 맛있어요 매운거 못먹는편인데도 사장님이 알려준 방법으로 먹으니 맛있더라고요 번창하세요,86,True,,,,홍대 숨은맛집 가격 진짜저렴하고 메뉴도 독특한데 진짜 너무너무너무너무 맛있어요 매운거 못먹는편인데도 사장님이 알려준 방법으로 먹으니 맛있더라고요 번창하세요,홍대 숨은맛집 가격 진짜저렴하고 메뉴도 독특한데 진짜 너무너무너무너무 맛있어요 매운거 못먹는편인데도 사장님이 알려준 방법으로 먹으니 맛있더라고요 번창하세요,0,0,0,0,0,0,0,86,"가격, 저렴"
kakao,소문난성수감자탕,염윤종,274.0,2025-11-09,,,기본적으로 감자탕이라 맛없기 힘들긴 합니다. 테이블 간격도 좁은데 손님이 많아 직원분들이 계속 정신없이 다니다보니 어수선한 분위기가 있습니다.,79,False,3.0,3.5,골드 레벨,기본적으로 감자탕이라 맛없기 힘들긴 합니다. 테이블 간격도 좁은데 손님이 많아 직원분들이 계속 정신없이 다니다보니 어수선한 분위기가 있습니다.,기본적으로 감자탕이라 맛없기 힘들긴 합니다 테이블 간격도 좁은데 손님이 많아 직원분들이 계속 정신없이 다니다보니 어수선한 분위기가 있습니다,0,0,0,0,0,0,0,79,원
naver,소문난성수감자탕,david7064,83.0,2025.12.06,1번째 방문,영수증,여기는 갈 때마다 정신이 없고 손님을 물건으로 보는 느낌임 . 아줌마들은 친절했으나 고기가 살이 하나도 없고 다. 뼈뿐임 1만3000원짜리 특을 시켰는데도 뼈가 4ㅡ 5개가 왔는데도 살이 하나도 없었음 그리고 일반적인 등뼈 해장국이 아니고 이상한 내장 같은 부위가 있어서 약간 곱창 맛이 나는데 역겨웠음 다신 안가고 싶음 배가 부르지도 않고 기분 나쁘게 배가 부름.,204,False,,,,여기는 갈 때마다 정신이 없고 손님을 물건으로 보는 느낌임 . 아줌마들은 친절했으나 고기가 살이 하나도 없고 다. 뼈뿐임 1만3000원짜리 특을 시켰는데도 뼈가 4ㅡ 5개가 왔는데도 살이 하나도 없었음 그리고 일반적인 등뼈 해장국이 아니고 이상한 내장 같은 부위가 있어서 약간 곱창 맛이 나는데 역겨웠음 다신 안가고 싶음 배가 부르지도 않고 기분 나쁘게 배가 부름.,여기는 갈 때마다 정신이 없고 손님을 물건으로 보는 느낌임 아줌마들은 친절했으나 고기가 살이 하나도 없고 다 뼈뿐임 1만3000원짜리 특을 시켰는데도 뼈가 4 5개가 왔는데도 살이 하나도 없었음 그리고 일반적인 등뼈 해장국이 아니고 이상한 내장 같은 부위가 있어서 약간 곱창 맛이 나는데 역겨웠음 다신 안가고 싶음 배가 부르지도 않고 기분 나쁘게 배가 부름,0,0,0,0,0,0,1,204,원
naver,능동미나리 성수지점,냠냠뇨뇸,368.0,2026.01.17,1번째 방문,영수증,"웨이팅 10분 이내로 하고 회전율 빨랐습니다. 기다리는 분들을 위한 생강차도 입구쪽에 준비되어 있었어요~ 맛도 맛이지만 직원분들 한분 한분이 전문적이시고 굉장히 친절하셨어요~!! 덕분에 더 맛있고 훌륭한 식사였습니다. 곰탕의 미나리가 잔뜩 들어가있어서 맛있었는데 육회비빔밥이 저한테는 너무 특별했어요~! 처음 먹어보는 육회비빔밥 스타일이었고, 간장양념이었습니다. 싱거우면 따로 말해달라고 했지만 싱겁지는 않았네요. 같이 들어있던 무? 인지 오독오독하니 씹는 맛이 훌륭하고 새콤달콤한게 킥이었어요!! 다른 지점도 많이 생겨서 더 편하게 맛볼 수 있길 바래봅니다~!! 재방문 의사 무조건 있습니다.",332,True,,,,"웨이팅 10분 이내로 하고 회전율 빨랐습니다. 기다리는 분들을 위한 생강차도 입구쪽에 준비되어 있었어요~ 맛도 맛이지만 직원분들 한분 한분이 전문적이시고 굉장히 친절하셨어요~!! 덕분에 더 맛있고 훌륭한 식사였습니다. 곰탕의 미나리가 잔뜩 들어가있어서 맛있었는데 육회비빔밥이 저한테는 너무 특별했어요~! 처음 먹어보는 육회비빔밥 스타일이었고, 간장양념이었습니다. 싱거우면 따로 말해달라고 했지만 싱겁지는 않았네요. 같이 들어있던 무? 인지 오독오독하니 씹는 맛이 훌륭하고 새콤달콤한게 킥이었어요!! 다른 지점도 많이 생겨서 더 편하게 맛볼 수 있길 바래봅니다~!! 재방문 의사 무조건 있습니다.",웨이팅 10분 이내로 하고 회전율 빨랐습니다 기다리는 분들을 위한 생강차도 입구쪽에 준비되어 있었어요 맛도 맛이지만 직원분들 한분 한분이 전문적이시고 굉장히 친절하셨어요 EXCLAM 덕분에 더 맛있고 훌륭한 식사였습니다 곰탕의 미나리가 잔뜩 들어가있어서 맛있었는데 육회비빔밥이 저한테는 너무 특별했어요 EXCLAM 처음 먹어보는 육회비빔밥 스타일이었고 간장양념이었습니다 싱거우면 따로 말해달라고 했지만 싱겁지는 않았네요 같이 들어있던 무 QUESTION 인지 오독오독하니 씹는 맛이 훌륭하고 새콤달콤한게 킥이었어요 EXCLAM 다른 지점도 많이 생겨서 더 편하게 맛볼 수 있길 바래봅니다 EXCLAM 재방문 의사 무조건 있습니다,0,0,0,0,1,1,1,332,원
kakao,원조조박집 본관,JINA,16.0,2026-03-03,,,예전이나 지금이나 변함없는 맛이네요. 밑반찬과 고기의 간이 잘 어우러져 질리지 않는 맛입니다. 달지 않아서 좋습니다. 직원 분들도 친절하셔서 편한 식사를 했습니다. 다만 가격이 사악.,102,False,4.0,3.9,실버 레벨,예전이나 지금이나 변함없는 맛이네요. 밑반찬과 고기의 간이 잘 어우러져 질리지 않는 맛입니다. 달지 않아서 좋습니다. 직원 분들도 친절하셔서 편한 식사를 했습니다. 다만 가격이 사악.,예전이나 지금이나 변함없는 맛이네요 밑반찬과 고기의 간이 잘 어우러져 질리지 않는 맛입니다 달지 않아서 좋습니다 직원 분들도 친절하셔서 편한 식사를 했습니다 다만 가격이 사악,0,0,0,0,0,0,0,102,"가격, 원"
naver,뼈탄집 성수역점,ㄱ A 1,406.0,2026.04.04,2번째 방문,영수증,"매장 외관부터 깔끔하고 트렌디해서 눈에 잘 띄고, 웨이팅 공간도 따로 잘 마련되어 있어서 기다리기 편했어요. 내부는 넓고 테이블 간격도 여유 있어서 아이와 함께 방문하기에도 부담 없었습니다. 무엇보다 직원분들이 정말 친절하시고, 처음부터 끝까지 고기를 다 구워주시는 그릴링 서비스 덕분에 아이 챙기면서도 편하게 식사할 수 있었어요. 고기 퀄리티도 정말 좋고, 백김치·마늘·버섯·대파 등 같이 구워주는 구성들이 다 맛의 포인트였습니다. 특히 구워 먹는 백김치랑 고기 조합이 정말 최고였어요! 처음 두 점 먹자마자 너무 맛있어서 바로 추가 주문했을 정도로 만족도 높았고, 곰취냉면도 자극적이지 않고 깔끔한 맛이라 마무리까지 완벽했습니다.",354,True,,,,"매장 외관부터 깔끔하고 트렌디해서 눈에 잘 띄고, 웨이팅 공간도 따로 잘 마련되어 있어서 기다리기 편했어요. 내부는 넓고 테이블 간격도 여유 있어서 아이와 함께 방문하기에도 부담 없었습니다. 무엇보다 직원분들이 정말 친절하시고, 처음부터 끝까지 고기를 다 구워주시는 그릴링 서비스 덕분에 아이 챙기면서도 편하게 식사할 수 있었어요. 고기 퀄리티도 정말 좋고, 백김치·마늘·버섯·대파 등 같이 구워주는 구성들이 다 맛의 포인트였습니다. 특히 구워 먹는 백김치랑 고기 조합이 정말 최고였어요! 처음 두 점 먹자마자 너무 맛있어서 바로 추가 주문했을 정도로 만족도 높았고, 곰취냉면도 자극적이지 않고 깔끔한 맛이라 마무리까지 완벽했습니다.",매장 외관부터 깔끔하고 트렌디해서 눈에 잘 띄고 웨이팅 공간도 따로 잘 마련되어 있어서 기다리기 편했어요 내부는 넓고 테이블 간격도 여유 있어서 아이와 함께 방문하기에도 부담 없었습니다 무엇보다 직원분들이 정말 친절하시고 처음부터 끝까지 고기를 다 구워주시는 그릴링 서비스 덕분에 아이 챙기면서도 편하게 식사할 수 있었어요 고기 퀄리티도 정말 좋고 백김치 마늘 버섯 대파 등 같이 구워주는 구성들이 다 맛의 포인트였습니다 특히 구워 먹는 백김치랑 고기 조합이 정말 최고였어요 EXCLAM 처음 두 점 먹자마자 너무 맛있어서 바로 추가 주문했을 정도로 만족도 높았고 곰취냉면도 자극적이지 않고 깔끔한 맛이라 마무리까지 완벽했습니다,0,0,0,0,1,0,0,354,원
naver,보끔당 성수점,limerance,31.0,2026.02.12,1번째 방문,영수증,너무 배고파서 급하게 들어갔는데 직원분도 너무 친절하시고 묵은지랑 닭도 너무 맛있었어요 ㅎㅎㅎ 든든하게 한식 먹고싶었는데 잘 먹고 갑니다!! 번창하세요 ㅎ,86,True,,,,너무 배고파서 급하게 들어갔는데 직원분도 너무 친절하시고 묵은지랑 닭도 너무 맛있었어요 ㅎㅎㅎ 든든하게 한식 먹고싶었는데 잘 먹고 갑니다!! 번창하세요 ㅎ,너무 배고파서 급하게 들어갔는데 직원분도 너무 친절하시고 묵은지랑 닭도 너무 맛있었어요 든든하게 한식 먹고싶었는데 잘 먹고 갑니다 EXCLAM 번창하세요,0,0,0,0,1,0,0,86,원
kakao,각시보쌈,물티슈,57.0,2025-01-05,,,이 가격에 뭘 더 바래,12,False,5.0,3.9,실버 레벨,이 가격에 뭘 더 바래,이 가격에 뭘 더 바래,0,0,0,0,0,0,0,12,가격
naver,능동미나리 성수지점,stosg1,1.0,2026.04.30,1번째 방문,영수증,직원분들도 너무 친절하고 음식도 좋은재료가 느껴집니다!! 너무 맛있게 잘 먹고 갑니다. 다음에도 또 방문할 것 같아요! 대박나세요 :),75,False,,,,직원분들도 너무 친절하고 음식도 좋은재료가 느껴집니다!! 너무 맛있게 잘 먹고 갑니다. 다음에도 또 방문할 것 같아요! 대박나세요 :),직원분들도 너무 친절하고 음식도 좋은재료가 느껴집니다 EXCLAM 너무 맛있게 잘 먹고 갑니다 다음에도 또 방문할 것 같아요 EXCLAM 대박나세요,0,0,0,0,1,0,0,75,원
naver,각시보쌈,zi****,1068.0,2026.03.16,3번째 방문,영수증,"맛좋은 각시보쌈 부위가 앞다리 또는 뒷다리가 아닌 항정살부위인듯... 맛 좋습니다. 상추와 김치, 절임배추는 추가금액이 붇는듯 하지만 무말랭이는 추가금없이 더 주시네요~ 반반보쌈 33,000원",107,True,,,,"맛좋은 각시보쌈 부위가 앞다리 또는 뒷다리가 아닌 항정살부위인듯... 맛 좋습니다. 상추와 김치, 절임배추는 추가금액이 붇는듯 하지만 무말랭이는 추가금없이 더 주시네요~ 반반보쌈 33,000원",맛좋은 각시보쌈 부위가 앞다리 또는 뒷다리가 아닌 항정살부위인듯 맛 좋습니다 상추와 김치 절임배추는 추가금액이 붇는듯 하지만 무말랭이는 추가금없이 더 주시네요 반반보쌈 33 000원,0,0,0,0,0,0,1,107,"금액, 원"
naver,육산장 홍대본점,희짱ㅎㅎ,32.0,2026.02.21,1번째 방문,영수증,삼겹살 진짜 고기 상태 미쳤음… 입터짐 🤭 양념도 과하지 않고 고기 육즙 살아있어서 계속 들어감 가격 대비 만족도 꽤 높았고 다음에 또 갈 듯 !! 인테리어도 이쁨 ㅎㅎ 캠핑온 느낌 짱,103,True,,,,삼겹살 진짜 고기 상태 미쳤음… 입터짐 🤭 양념도 과하지 않고 고기 육즙 살아있어서 계속 들어감 가격 대비 만족도 꽤 높았고 다음에 또 갈 듯 !! 인테리어도 이쁨 ㅎㅎ 캠핑온 느낌 짱,삼겹살 진짜 고기 상태 미쳤음 입터짐 양념도 과하지 않고 고기 육즙 살아있어서 계속 들어감 가격 대비 만족도 꽤 높았고 다음에 또 갈 듯 EXCLAM 인테리어도 이쁨 캠핑온 느낌 짱,0,0,0,0,1,0,0,103,가격
naver,소문난성수감자탕,rna****,7.0,2026.01.25,1번째 방문,영수증,"음식맛, 위생을 다 떠나서 중국인인지 조선족인지 하얼빈 장첸처럼 말하는 여직원 진심 불친절을 넘어서 사가지없으심. 툴툴거리는건 기본에 직원들끼리 기싸움인지 서열싸움인지 계속 인상 찌푸린상태로 돌아다님. 의자에 옷걸어놨다고 본인 지나가기 불편하다고 짜증내는 식당직원 봤음? 들어오자마자 뭐먹을거냐고 압박하고, 메뉴 줄때도 개짜증내면서 비키라는식으로 음식놔줌; 혼나러 온줄;; 관광객 상대로 장사하면서 단체로 돌아버림?",232,False,,,,"음식맛, 위생을 다 떠나서 중국인인지 조선족인지 하얼빈 장첸처럼 말하는 여직원 진심 불친절을 넘어서 사가지없으심. 툴툴거리는건 기본에 직원들끼리 기싸움인지 서열싸움인지 계속 인상 찌푸린상태로 돌아다님. 의자에 옷걸어놨다고 본인 지나가기 불편하다고 짜증내는 식당직원 봤음? 들어오자마자 뭐먹을거냐고 압박하고, 메뉴 줄때도 개짜증내면서 비키라는식으로 음식놔줌; 혼나러 온줄;; 관광객 상대로 장사하면서 단체로 돌아버림?",음식맛 위생을 다 떠나서 중국인인지 조선족인지 하얼빈 장첸처럼 말하는 여직원 진심 불친절을 넘어서 사가지없으심 툴툴거리는건 기본에 직원들끼리 기싸움인지 서열싸움인지 계속 인상 찌푸린상태로 돌아다님 의자에 옷걸어놨다고 본인 지나가기 불편하다고 짜증내는 식당직원 봤음 QUESTION 들어오자마자 뭐먹을거냐고 압박하고 메뉴 줄때도 개짜증내면서 비키라는식으로 음식놔줌 혼나러 온줄 관광객 상대로 장사하면서 단체로 돌아버림 QUESTION,0,0,0,0,0,1,0,232,원
naver,각시보쌈,벨사운드,7.0,2026.01.02,1번째 방문,예약,"점심에도 혼자 자주 먹던 곳이라 맛있어서 저녁에 남친이랑 방문했어요. 정식을 각자 먹고 다른 메뉴도 추가로 시키려고 정식 먼저 주문했고, 막걸리 1병을 주문하자 안경낀 여자 직원분께서 정식에는 술이 안된다면서 윽박지르시듯 화를 내시더라구요... 아무것도 모르던 저희는 당황했고요. 벽에 안내문구라도 써놔야하는데 그런것도 없이 말씀하시길래 기분이 불쾌하여 다른 메뉴도 시키지 못하고 급히 먹고 나왔습니다. 사장님께서는 제 이야기를 듣고는 사과해주시고, 콜라도 서비스로 주셨는데 빨리 나가고 싶어서 안마시고 그냥 나왔어요. 친절하신 사장님께서 직원응대에 있어 조금 더 신경써주시고, 정식 주문시 술은 주문이 안된다고 미리 안내를 잘 해주시길 바랍니다. 음식은 맛있어서 잘못이 없습니다 ㅠ",382,True,,,,"점심에도 혼자 자주 먹던 곳이라 맛있어서 저녁에 남친이랑 방문했어요. 정식을 각자 먹고 다른 메뉴도 추가로 시키려고 정식 먼저 주문했고, 막걸리 1병을 주문하자 안경낀 여자 직원분께서 정식에는 술이 안된다면서 윽박지르시듯 화를 내시더라구요... 아무것도 모르던 저희는 당황했고요. 벽에 안내문구라도 써놔야하는데 그런것도 없이 말씀하시길래 기분이 불쾌하여 다른 메뉴도 시키지 못하고 급히 먹고 나왔습니다. 사장님께서는 제 이야기를 듣고는 사과해주시고, 콜라도 서비스로 주셨는데 빨리 나가고 싶어서 안마시고 그냥 나왔어요. 친절하신 사장님께서 직원응대에 있어 조금 더 신경써주시고, 정식 주문시 술은 주문이 안된다고 미리 안내를 잘 해주시길 바랍니다. 음식은 맛있어서 잘못이 없습니다 ㅠ",점심에도 혼자 자주 먹던 곳이라 맛있어서 저녁에 남친이랑 방문했어요 정식을 각자 먹고 다른 메뉴도 추가로 시키려고 정식 먼저 주문했고 막걸리 1병을 주문하자 안경낀 여자 직원분께서 정식에는 술이 안된다면서 윽박지르시듯 화를 내시더라구요 아무것도 모르던 저희는 당황했고요 벽에 안내문구라도 써놔야하는데 그런것도 없이 말씀하시길래 기분이 불쾌하여 다른 메뉴도 시키지 못하고 급히 먹고 나왔습니다 사장님께서는 제 이야기를 듣고는 사과해주시고 콜라도 서비스로 주셨는데 빨리 나가고 싶어서 안마시고 그냥 나왔어요 친절하신 사장님께서 직원응대에 있어 조금 더 신경써주시고 정식 주문시 술은 주문이 안된다고 미리 안내를 잘 해주시길 바랍니다 음식은 맛있어서 잘못이 없습니다,0,0,0,0,0,0,1,382,원
naver,홍대 육지,아메쇼코라손,457.0,2026.03.10,1번째 방문,예약,소고기는 역시 살짝 익혀야 맛있네열 소의 굽기는 각자의 취향을 타서 직접 구워먹는 시스템이구요 돼지는 직원분들이 아주 알맞게 잘 구워주십니다 폭룡적인 비주얼이었던 계란찜은 비주얼에 비해 맛까지는 그렇게 폭룡적이진 않았습니다 근데 뭐 고깃집에서 고기만 맛있으면 됐죠👍,148,True,,,,소고기는 역시 살짝 익혀야 맛있네열 소의 굽기는 각자의 취향을 타서 직접 구워먹는 시스템이구요 돼지는 직원분들이 아주 알맞게 잘 구워주십니다 폭룡적인 비주얼이었던 계란찜은 비주얼에 비해 맛까지는 그렇게 폭룡적이진 않았습니다 근데 뭐 고깃집에서 고기만 맛있으면 됐죠👍,소고기는 역시 살짝 익혀야 맛있네열 소의 굽기는 각자의 취향을 타서 직접 구워먹는 시스템이구요 돼지는 직원분들이 아주 알맞게 잘 구워주십니다 폭룡적인 비주얼이었던 계란찜은 비주얼에 비해 맛까지는 그렇게 폭룡적이진 않았습니다 근데 뭐 고깃집에서 고기만 맛있으면 됐죠 EMO_POS,1,0,0,0,0,0,0,148,원
naver,황금콩밭,그림자놀이19,52.0,2025.06.18,1번째 방문,영수증,두부가 비싸다 생각할 수 있지만 고기보다 맛있습니다,28,True,,,,두부가 비싸다 생각할 수 있지만 고기보다 맛있습니다,두부가 비싸다 생각할 수 있지만 고기보다 맛있습니다,0,0,0,0,0,0,0,28,"비싸, 싸다"
naver,각시보쌈,레몬6288,6.0,2025.08.18,1번째 방문,영수증,가성비는 괜찮은편인데 일단 너무 지저분함.테이블에서 나는지 식기에서 나는지 모르겠지만 행주쉰(?)냄새 같은 불쾌한 냄새남.그리고 무엇보다 안좋았던건 일하는 직원이 너무 불친절함.점심시간이라 혼잡하고 바빠서인지 옆테이블 손님 나가고 나서 그릇 정리하는데 깨부수는줄. 바로 옆에 손님 있던지말던지 꽝꽝 소리내면서 그릇 집어던지듯이 치움(키작고 안경쓰신 통통한 나이드신 직원분)어휴 너무시끄럽다고 해도 대꾸도 안함. 지인이 추천해서 갔는데 다신 안간다.,250,False,,,,가성비는 괜찮은편인데 일단 너무 지저분함.테이블에서 나는지 식기에서 나는지 모르겠지만 행주쉰(?)냄새 같은 불쾌한 냄새남.그리고 무엇보다 안좋았던건 일하는 직원이 너무 불친절함.점심시간이라 혼잡하고 바빠서인지 옆테이블 손님 나가고 나서 그릇 정리하는데 깨부수는줄. 바로 옆에 손님 있던지말던지 꽝꽝 소리내면서 그릇 집어던지듯이 치움(키작고 안경쓰신 통통한 나이드신 직원분)어휴 너무시끄럽다고 해도 대꾸도 안함. 지인이 추천해서 갔는데 다신 안간다.,가성비는 괜찮은편인데 일단 너무 지저분함 테이블에서 나는지 식기에서 나는지 모르겠지만 행주쉰 QUESTION 냄새 같은 불쾌한 냄새남 그리고 무엇보다 안좋았던건 일하는 직원이 너무 불친절함 점심시간이라 혼잡하고 바빠서인지 옆테이블 손님 나가고 나서 그릇 정리하는데 깨부수는줄 바로 옆에 손님 있던지말던지 꽝꽝 소리내면서 그릇 집어던지듯이 치움 키작고 안경쓰신 통통한 나이드신 직원분 어휴 너무시끄럽다고 해도 대꾸도 안함 지인이 추천해서 갔는데 다신 안간다,0,0,0,0,0,1,0,250,"가성비, 원"
naver,락희옥 마포본점,도화sek7,7.0,2026.03.25,1번째 방문,예약,처음왔는데 너무 고급지네요. 식기 수저 분위기.. 어르신이나 회사에서 임원분들하고 오거나 부모님 거래처 다 좋을거같아요. 가격이 있지만 고급짐으로 답합니다. 맛있고 재료 좋고 조명도 좋아요. 추천합니다!!,114,True,,,,처음왔는데 너무 고급지네요. 식기 수저 분위기.. 어르신이나 회사에서 임원분들하고 오거나 부모님 거래처 다 좋을거같아요. 가격이 있지만 고급짐으로 답합니다. 맛있고 재료 좋고 조명도 좋아요. 추천합니다!!,처음왔는데 너무 고급지네요 식기 수저 분위기 어르신이나 회사에서 임원분들하고 오거나 부모님 거래처 다 좋을거같아요 가격이 있지만 고급짐으로 답합니다 맛있고 재료 좋고 조명도 좋아요 추천합니다 EXCLAM,0,0,0,0,1,0,0,114,"가격, 원"
naver,을밀대 평양냉면,대한민국여권소지자,368.0,2026.04.18,1번째 방문,영수증,유명 해서 많이 들어 봤는데 처음 가봤어요. 국물은 시원하고 회냉면 맛있네요.🙂👍🏻,46,True,,,,유명 해서 많이 들어 봤는데 처음 가봤어요. 국물은 시원하고 회냉면 맛있네요.🙂👍🏻,유명 해서 많이 들어 봤는데 처음 가봤어요 국물은 시원하고 회냉면 맛있네요 EMO_POS EMO_POS,1,0,0,0,0,0,0,46,원
naver,각시보쌈,제주 사는 피글렛,953.0,2025.07.26,1번째 방문,영수증,반묶음? 노랑 염색 머리 아주머니가 정말 정말 너무 불친절하셔서 더운날 다들 불쾌했어요 웨이팅 끝에 들어갔는데 매장이 너무 더워서 에어컨 온도좀 내려주실 수 있나요? 요청드리니 자기한테 말하지 말라해서 진심으로 띠용..? 그럼 누구한테 말해요? 하니까 누구한테 말해도 안된대요ㅋㅋㅋ 이게 무슨.. 에어컨 수동으로 저희가 못 내려서 요청한건데.. 차라리 여기서 온도 더 못 낮춰요 죄송해요 한마디만 하셧어도 그런가보다 햇을거에요 더운거 싫어서 다른 매장보다 불로 익히는 게 아니니 시원하겠지 해서 온건데 일행들 다 더워서 그냥 얼른 먹고 다음 2차 장소로 이동했어요ㅡㅡ 인생에서 겪은 불친절 맛집 원탑 축하드립니다👍🏻 보쌈 자체는 비계 부분이 적어서 덜 느끼하고 촉촉하니 맛있어요 다른 지점 갈게요;;,391,True,,,,반묶음? 노랑 염색 머리 아주머니가 정말 정말 너무 불친절하셔서 더운날 다들 불쾌했어요 웨이팅 끝에 들어갔는데 매장이 너무 더워서 에어컨 온도좀 내려주실 수 있나요? 요청드리니 자기한테 말하지 말라해서 진심으로 띠용..? 그럼 누구한테 말해요? 하니까 누구한테 말해도 안된대요ㅋㅋㅋ 이게 무슨.. 에어컨 수동으로 저희가 못 내려서 요청한건데.. 차라리 여기서 온도 더 못 낮춰요 죄송해요 한마디만 하셧어도 그런가보다 햇을거에요 더운거 싫어서 다른 매장보다 불로 익히는 게 아니니 시원하겠지 해서 온건데 일행들 다 더워서 그냥 얼른 먹고 다음 2차 장소로 이동했어요ㅡㅡ 인생에서 겪은 불친절 맛집 원탑 축하드립니다👍🏻 보쌈 자체는 비계 부분이 적어서 덜 느끼하고 촉촉하니 맛있어요 다른 지점 갈게요;;,반묶음 QUESTION 노랑 염색 머리 아주머니가 정말 정말 너무 불친절하셔서 더운날 다들 불쾌했어요 웨이팅 끝에 들어갔는데 매장이 너무 더워서 에어컨 온도좀 내려주실 수 있나요 QUESTION 요청드리니 자기한테 말하지 말라해서 진심으로 띠용 QUESTION 그럼 누구한테 말해요 QUESTION 하니까 누구한테 말해도 안된대요 이게 무슨 에어컨 수동으로 저희가 못 내려서 요청한건데 차라리 여기서 온도 더 못 낮춰요 죄송해요 한마디만 하셧어도 그런가보다 햇을거에요 더운거 싫어서 다른 매장보다 불로 익히는 게 아니니 시원하겠지 해서 온건데 일행들 다 더워서 그냥 얼른 먹고 다음 2차 장소로 이동했어요 인생에서 겪은 불친절 맛집 원탑 축하드립니다 EMO_POS 보쌈 자체는 비계 부분이 적어서 덜 느끼하고 촉촉하니 맛있어요 다른 지점 갈게요,1,0,0,0,0,1,1,391,원
kakao,각시보쌈,뭐이런걸다,7.0,2026-04-22,,,보쌈정식 가성비가 너무 좋음,15,True,5.0,5.0,브론즈 레벨,보쌈정식 가성비가 너무 좋음,보쌈정식 가성비가 너무 좋음,0,0,0,0,0,0,0,15,가성비
naver,원조 조박집 본관,unikon7,1063.0,2025.10.04,2번째 방문,영수증,"돼지갈비 1인분 20,000원… 그래도 맛은 여전히 좋네",31,True,,,,"돼지갈비 1인분 20,000원… 그래도 맛은 여전히 좋네",돼지갈비 1인분 20 000원 그래도 맛은 여전히 좋네,0,0,0,0,0,0,1,31,원
naver,락희옥 마포본점,희동구56,48.0,2025.11.17,1번째 방문,영수증,아이 병원 오는 길에 점심시간이라 들렸어요 평일 점심에 들렸는데 사람 너무 많지 않고 좋았어요 매장 분위기도 좋고 메뉴도 다양해요 건강한 메뉴들이 다양해서 좋았어요 음식 맛도 좋아요,101,True,,,,아이 병원 오는 길에 점심시간이라 들렸어요 평일 점심에 들렸는데 사람 너무 많지 않고 좋았어요 매장 분위기도 좋고 메뉴도 다양해요 건강한 메뉴들이 다양해서 좋았어요 음식 맛도 좋아요,아이 병원 오는 길에 점심시간이라 들렸어요 평일 점심에 들렸는데 사람 너무 많지 않고 좋았어요 매장 분위기도 좋고 메뉴도 다양해요 건강한 메뉴들이 다양해서 좋았어요 음식 맛도 좋아요,0,0,0,0,0,0,0,101,원
kakao,마포양지설렁탕 도화점,Benny :),149.0,2025-07-27,,,맛있고 음식이 정말 빨리나옴. 가격이 조금 비쌈.,27,False,4.0,3.5,골드 레벨,맛있고 음식이 정말 빨리나옴. 가격이 조금 비쌈.,맛있고 음식이 정말 빨리나옴 가격이 조금 비쌈,0,0,0,0,0,0,0,27,"가격, 비쌈"
kakao,굴다리식당,YEE,48.0,2026-04-12,,,제육볶음은 시골동네 백반집에 나올법한 스타일 달큰한 맛이 강하고 장조림 고기 식감이다 김치찌개는 국물 맛이 깊은데 만원주고 먹기에는 비싼감이 있다 지방에서 올라와 집밥 먹기힘든 사람들에게는 메리트가 좀 더 있겠지만 개인적으로 재방문 의사는 없다,136,False,2.0,3.9,실버 레벨,제육볶음은 시골동네 백반집에 나올법한 스타일 달큰한 맛이 강하고 장조림 고기 식감이다 김치찌개는 국물 맛이 깊은데 만원주고 먹기에는 비싼감이 있다 지방에서 올라와 집밥 먹기힘든 사람들에게는 메리트가 좀 더 있겠지만 개인적으로 재방문 의사는 없다,제육볶음은 시골동네 백반집에 나올법한 스타일 달큰한 맛이 강하고 장조림 고기 식감이다 김치찌개는 국물 맛이 깊은데 만원주고 먹기에는 비싼감이 있다 지방에서 올라와 집밥 먹기힘든 사람들에게는 메리트가 좀 더 있겠지만 개인적으로 재방문 의사는 없다,0,0,0,0,0,0,0,136,원
naver,소문난성수감자탕,김호두36,9.0,2026.02.21,1번째 방문,영수증,성수 놀러와서 밥먹었는데 감자탕 먹을만했으나 비쌈 앞에 카운터보는 사장인지 베트콩인지 남자 계산할때 싸가지 너무없음 개패고싶었는데 놀러와서 싸우기 싫어서 그냥 나옴ㅋㅋㅋ 반말로 가격 그냥 띡 말하고 계산이 됐는지 안됐는지 영수증 빼고 그냥 가라하고 밥집에 손님이 많으면 친절해야지 ㅈㄴ 꺼드럭거리네 기분나쁘게 기분 개잡침 절대 가지마세요,188,False,,,,성수 놀러와서 밥먹었는데 감자탕 먹을만했으나 비쌈 앞에 카운터보는 사장인지 베트콩인지 남자 계산할때 싸가지 너무없음 개패고싶었는데 놀러와서 싸우기 싫어서 그냥 나옴ㅋㅋㅋ 반말로 가격 그냥 띡 말하고 계산이 됐는지 안됐는지 영수증 빼고 그냥 가라하고 밥집에 손님이 많으면 친절해야지 ㅈㄴ 꺼드럭거리네 기분나쁘게 기분 개잡침 절대 가지마세요,성수 놀러와서 밥먹었는데 감자탕 먹을만했으나 비쌈 앞에 카운터보는 사장인지 베트콩인지 남자 계산할때 싸가지 너무없음 개패고싶었는데 놀러와서 싸우기 싫어서 그냥 나옴 반말로 가격 그냥 띡 말하고 계산이 됐는지 안됐는지 영수증 빼고 그냥 가라하고 밥집에 손님이 많으면 친절해야지 꺼드럭거리네 기분나쁘게 기분 개잡침 절대 가지마세요,0,0,0,0,0,0,0,188,"가격, 비쌈"
naver,각시보쌈,상권읽어주는남자,756.0,2025.01.26,1번째 방문,영수증,"주말에 가족 모임이 있어서 합정역 부근에 왔다가 단체로 밥먹을 곳을 찾다가 보쌈집에 들어갔습니다. 열 여섯명이었는데, 일찍 도착해서 다행히 자리가 있었네요. 저희 앉고나서 바로 만석이 되는 바람에 금방 웨이팅이 걸렸습니다. 음식은 기본 밑반찬이 세팅되고 개인별로 공기밥, 보쌈과 보쌈김치 한접시, 찌개가 세팅이 되는데요.(정식) 주 메뉴와 밑반찬 하나하나가 엄청나게 맛있고 특별해서라기 보다는 이런 보쌈 정식이 1인당 만원이라는 놀라운 가성비 때문에 손님이 몰리는 것 같습니다. 만원치고는 보쌈의 양이나 상태도 훌륭하고, 밑반찬과 찌개까지 제공되는 것도 좋습니다. 아기의자가 없고 친절한 것 같다는 인상은 못 받았지만 그럼에도 가성비가 너무 좋아서 인기가 있을만 합니다.",375,True,,,,"주말에 가족 모임이 있어서 합정역 부근에 왔다가 단체로 밥먹을 곳을 찾다가 보쌈집에 들어갔습니다. 열 여섯명이었는데, 일찍 도착해서 다행히 자리가 있었네요. 저희 앉고나서 바로 만석이 되는 바람에 금방 웨이팅이 걸렸습니다. 음식은 기본 밑반찬이 세팅되고 개인별로 공기밥, 보쌈과 보쌈김치 한접시, 찌개가 세팅이 되는데요.(정식) 주 메뉴와 밑반찬 하나하나가 엄청나게 맛있고 특별해서라기 보다는 이런 보쌈 정식이 1인당 만원이라는 놀라운 가성비 때문에 손님이 몰리는 것 같습니다. 만원치고는 보쌈의 양이나 상태도 훌륭하고, 밑반찬과 찌개까지 제공되는 것도 좋습니다. 아기의자가 없고 친절한 것 같다는 인상은 못 받았지만 그럼에도 가성비가 너무 좋아서 인기가 있을만 합니다.",주말에 가족 모임이 있어서 합정역 부근에 왔다가 단체로 밥먹을 곳을 찾다가 보쌈집에 들어갔습니다 열 여섯명이었는데 일찍 도착해서 다행히 자리가 있었네요 저희 앉고나서 바로 만석이 되는 바람에 금방 웨이팅이 걸렸습니다 음식은 기본 밑반찬이 세팅되고 개인별로 공기밥 보쌈과 보쌈김치 한접시 찌개가 세팅이 되는데요 정식 주 메뉴와 밑반찬 하나하나가 엄청나게 맛있고 특별해서라기 보다는 이런 보쌈 정식이 1인당 만원이라는 놀라운 가성비 때문에 손님이 몰리는 것 같습니다 만원치고는 보쌈의 양이나 상태도 훌륭하고 밑반찬과 찌개까지 제공되는 것도 좋습니다 아기의자가 없고 친절한 것 같다는 인상은 못 받았지만 그럼에도 가성비가 너무 좋아서 인기가 있을만 합니다,0,0,0,0,0,0,1,375,"가성비, 원"
naver,소문난성수감자탕,울짬,25.0,2025.12.22,1번째 방문,영수증,"방문이 불쾌했어요. 바쁜 것 같아 자리뒤에 갑자기 캐리어로 길막힌거나 국자 늦게주신건 당연히 그럴수있다했는데 국물이 타고있어 냄비를 테이블에 내려둘 수도 없고 곤란해하던차에 직원분이 테이블 옆 버튼을 누르고가시며 ""타고있잖아. 왜 끌줄을 모르지?""라고 하시네요ㅋㅋㅋ 기분 엄청 나빴어요 외국인도 많이 오는것 같던데 손님응대가 이상해요. 식당직원도아니고 끄는법을 어떻게 아나요? 왜 비꼬는지 모르겠어요;; 계산하며 직원분께 컴플레인거는데 본인얘긴줄 알면서도 그냥 쑥 지나가버리네요. 다신 안올듯 합니다. 맛이고 뭐고ㅋㅋ",289,False,,,,"방문이 불쾌했어요. 바쁜 것 같아 자리뒤에 갑자기 캐리어로 길막힌거나 국자 늦게주신건 당연히 그럴수있다했는데 국물이 타고있어 냄비를 테이블에 내려둘 수도 없고 곤란해하던차에 직원분이 테이블 옆 버튼을 누르고가시며 ""타고있잖아. 왜 끌줄을 모르지?""라고 하시네요ㅋㅋㅋ 기분 엄청 나빴어요 외국인도 많이 오는것 같던데 손님응대가 이상해요. 식당직원도아니고 끄는법을 어떻게 아나요? 왜 비꼬는지 모르겠어요;; 계산하며 직원분께 컴플레인거는데 본인얘긴줄 알면서도 그냥 쑥 지나가버리네요. 다신 안올듯 합니다. 맛이고 뭐고ㅋㅋ",방문이 불쾌했어요 바쁜 것 같아 자리뒤에 갑자기 캐리어로 길막힌거나 국자 늦게주신건 당연히 그럴수있다했는데 국물이 타고있어 냄비를 테이블에 내려둘 수도 없고 곤란해하던차에 직원분이 테이블 옆 버튼을 누르고가시며 타고있잖아 왜 끌줄을 모르지 QUESTION 라고 하시네요 기분 엄청 나빴어요 외국인도 많이 오는것 같던데 손님응대가 이상해요 식당직원도아니고 끄는법을 어떻게 아나요 QUESTION 왜 비꼬는지 모르겠어요 계산하며 직원분께 컴플레인거는데 본인얘긴줄 알면서도 그냥 쑥 지나가버리네요 다신 안올듯 합니다 맛이고 뭐고,0,0,0,0,0,1,0,289,원
kakao,능동미나리 성수점,hh,74.0,2025-02-01,,,맛은 있지만 웨이팅해서 먹을정돈아님,19,True,4.0,4.1,실버 레벨,맛은 있지만 웨이팅해서 먹을정돈아님,맛은 있지만 웨이팅해서 먹을정돈아님,0,0,0,0,0,0,0,19,돈
naver,훼미리손칼국수보쌈,SiriJini,54.0,2025.10.15,1번째 방문,영수증,"보쌈정식은 점심 저녁 관계없이 주문이 가능하다. 양이 적어보일 수 있으나 밥까지 말아먹으면 배가 진짜 부르고, 가성비가 좋다. 외국인 관광객들도 종종 보임.",87,True,,,,"보쌈정식은 점심 저녁 관계없이 주문이 가능하다. 양이 적어보일 수 있으나 밥까지 말아먹으면 배가 진짜 부르고, 가성비가 좋다. 외국인 관광객들도 종종 보임.",보쌈정식은 점심 저녁 관계없이 주문이 가능하다 양이 적어보일 수 있으나 밥까지 말아먹으면 배가 진짜 부르고 가성비가 좋다 외국인 관광객들도 종종 보임,0,0,0,0,0,0,0,87,가성비
kakao,능동미나리 성수점,최하경,1.0,2026-01-26,,,우연히 들르게 되었는데 가게 분위기도 좋고 직원들도 친절해서 너무 좋았어요 무엇보다 육회랑 육회비빔밥이 넘 맛있었습니당 ❤️ 담에도 들를거 같아요 ! 수육전골도 짱 !!!,95,True,5.0,5.0,브론즈 레벨,우연히 들르게 되었는데 가게 분위기도 좋고 직원들도 친절해서 너무 좋았어요 무엇보다 육회랑 육회비빔밥이 넘 맛있었습니당 ❤️ 담에도 들를거 같아요 ! 수육전골도 짱 !!!,우연히 들르게 되었는데 가게 분위기도 좋고 직원들도 친절해서 너무 좋았어요 무엇보다 육회랑 육회비빔밥이 넘 맛있었습니당 EMO_POS 담에도 들를거 같아요 EXCLAM 수육전골도 짱 EXCLAM,1,0,0,0,1,0,0,95,원
naver,각시보쌈,맛집탐험소년,1070.0,2025.09.04,1번째 방문,영수증,혼밥하기 너무 좋아요 가성비 각시보쌈!,21,True,,,,혼밥하기 너무 좋아요 가성비 각시보쌈!,혼밥하기 너무 좋아요 가성비 각시보쌈 EXCLAM,0,0,0,0,1,0,0,21,가성비
kakao,금금,99,10.0,2025-02-08,,,무난하게 먹을만 하지만 약간 비쌈,18,False,3.0,3.7,브론즈 레벨,무난하게 먹을만 하지만 약간 비쌈,무난하게 먹을만 하지만 약간 비쌈,0,0,0,0,0,0,0,18,비쌈
naver,쭌곱창,ka93,60.0,2026.04.21,3번째 방문,,제가 홍대오면 오는 곱창집인데 진짜 맛있어요~!! 친구도 데리고 왔는데 맛집 바로 저장한다고 하더라구요 맛있는 저녁한끼 먹고 갑니다!! 가격도 가성비 최고입니다👍🏻,91,True,,,,제가 홍대오면 오는 곱창집인데 진짜 맛있어요~!! 친구도 데리고 왔는데 맛집 바로 저장한다고 하더라구요 맛있는 저녁한끼 먹고 갑니다!! 가격도 가성비 최고입니다👍🏻,제가 홍대오면 오는 곱창집인데 진짜 맛있어요 EXCLAM 친구도 데리고 왔는데 맛집 바로 저장한다고 하더라구요 맛있는 저녁한끼 먹고 갑니다 EXCLAM 가격도 가성비 최고입니다 EMO_POS,1,0,0,0,1,0,0,91,"가격, 가성비"
naver,원조 조박집 본관,PC크레이터 곰탱이,258.0,2025.01.10,1번째 방문,영수증,"달큰 새콤 시원한 동치미 국수로 시작하는 마포 돼지갈비 맛집 #원조_조박집 (☆☆☆), 점심시간에도 인산인해! 고기를 기다리며 동치미 미니어쳐로 입가심하고 1인분 19,000원씩하는 돼지갈비를 그릴 가득히 올려 살짝 탈정도? 타기 바로직전?정도로 구워서 상추랑 깻잎이랑 파채랑 양배추샐러드랑 무채랑 구운마늘까지 한쌈 크게싸서 입이 터져라 쑤셔넣고 힘겹게 씹으면 달큰한 육즙과 함께 갖은 채소들의 달큰 쌉싸름한 즙까지 혼합되어 입안은 무아지경 ~ 점심시간 남자 셋이서 먹다보니 어느새 5인분! 마무리로 된장찌개랑 공기밥이랑 각 한개씩 주문해서 쓱삭 ~ 입안이 절어있어 뭔가가 절실할때 내어주는 식혜 한사발까지! 마포 조박집은 돼지갈비 근본이다 ! 강추추추추추 !",369,True,,,,"달큰 새콤 시원한 동치미 국수로 시작하는 마포 돼지갈비 맛집 #원조_조박집 (☆☆☆), 점심시간에도 인산인해! 고기를 기다리며 동치미 미니어쳐로 입가심하고 1인분 19,000원씩하는 돼지갈비를 그릴 가득히 올려 살짝 탈정도? 타기 바로직전?정도로 구워서 상추랑 깻잎이랑 파채랑 양배추샐러드랑 무채랑 구운마늘까지 한쌈 크게싸서 입이 터져라 쑤셔넣고 힘겹게 씹으면 달큰한 육즙과 함께 갖은 채소들의 달큰 쌉싸름한 즙까지 혼합되어 입안은 무아지경 ~ 점심시간 남자 셋이서 먹다보니 어느새 5인분! 마무리로 된장찌개랑 공기밥이랑 각 한개씩 주문해서 쓱삭 ~ 입안이 절어있어 뭔가가 절실할때 내어주는 식혜 한사발까지! 마포 조박집은 돼지갈비 근본이다 ! 강추추추추추 !",달큰 새콤 시원한 동치미 국수로 시작하는 마포 돼지갈비 맛집 원조_조박집 점심시간에도 인산인해 EXCLAM 고기를 기다리며 동치미 미니어쳐로 입가심하고 1인분 19 000원씩하는 돼지갈비를 그릴 가득히 올려 살짝 탈정도 QUESTION 타기 바로직전 QUESTION 정도로 구워서 상추랑 깻잎이랑 파채랑 양배추샐러드랑 무채랑 구운마늘까지 한쌈 크게싸서 입이 터져라 쑤셔넣고 힘겹게 씹으면 달큰한 육즙과 함께 갖은 채소들의 달큰 쌉싸름한 즙까지 혼합되어 입안은 무아지경 점심시간 남자 셋이서 먹다보니 어느새 5인분 EXCLAM 마무리로 된장찌개랑 공기밥이랑 각 한개씩 주문해서 쓱삭 입안이 절어있어 뭔가가 절실할때 내어주는 식혜 한사발까지 EXCLAM 마포 조박집은 돼지갈비 근본이다 EXCLAM 강추추 EXCLAM,0,0,0,0,1,1,1,369,원
kakao,소문난성수감자탕,Lapis Lazuli,62.0,2025-08-11,,,맛있는 음식을 찾아 땡전을 꼬나박고 있는 중생들에게 뼈해장국 찐 맛집을 알려주마.. 진짜 맛집은 경기도 광주 시내에 있다 1인분짜리 해장국 시키면 쓸데없이 안맵고 뼈고기 부드럽고 양도 많다 보건소 건너편에 있는 전주감자탕 그 작은 경기도 광주 시내에 지점이 두개나 있다 중생들아 걱정말거라 너희의 사돈에 팔촌까지 합친 전재산보다 내가 먹을꺼에 쓴 비용이 훨씬 많으니..ㅎㅎ,208,False,1.0,2.6,실버 레벨,맛있는 음식을 찾아 땡전을 꼬나박고 있는 중생들에게 뼈해장국 찐 맛집을 알려주마.. 진짜 맛집은 경기도 광주 시내에 있다 1인분짜리 해장국 시키면 쓸데없이 안맵고 뼈고기 부드럽고 양도 많다 보건소 건너편에 있는 전주감자탕 그 작은 경기도 광주 시내에 지점이 두개나 있다 중생들아 걱정말거라 너희의 사돈에 팔촌까지 합친 전재산보다 내가 먹을꺼에 쓴 비용이 훨씬 많으니..ㅎㅎ,맛있는 음식을 찾아 땡전을 꼬나박고 있는 중생들에게 뼈해장국 찐 맛집을 알려주마 진짜 맛집은 경기도 광주 시내에 있다 1인분짜리 해장국 시키면 쓸데없이 안맵고 뼈고기 부드럽고 양도 많다 보건소 건너편에 있는 전주감자탕 그 작은 경기도 광주 시내에 지점이 두개나 있다 중생들아 걱정말거라 너희의 사돈에 팔촌까지 합친 전재산보다 내가 먹을꺼에 쓴 비용이 훨씬 많으니,0,0,0,0,0,0,1,208,"돈, 비용"
kakao,을밀대 본점,감자,152.0,2025-06-06,,,평냉 평범 녹두전 굿굿 그리고 소주가 진짜 싸다!,27,True,3.0,4.3,실버 레벨,평냉 평범 녹두전 굿굿 그리고 소주가 진짜 싸다!,평냉 평범 녹두전 굿굿 그리고 소주가 진짜 싸다 EXCLAM,0,0,0,0,1,0,0,27,싸다
naver,훼미리손칼국수보쌈,Uyunii,141.0,2025.06.19,1번째 방문,영수증,일단 사람도 많고 직원분도 바쁘셔서 시끄럽고 정신없어요 밥 먹는데 옆에서 숟가락 잔뜩 모아두고 정리하셔서 쇠 부딪히는 소리 계속 들으면서 밥 먹음.. 식사공간이랑 일하시는 공간이랑 분리가 안되있어서 진짜 정신 사납게 밥 먹었어요 칼국수는 쏘쏘(남김) 보쌈은 입에서 녹고 맛있어서 추가주문 반찬으로 주시는 김치 말고 보쌈이랑 나오는 김치랑 드세요 훨 맛있음 다녀온 지인 말로는 칼국수는 후추를 꼭 뿌려야한다고 하더라고요?? 칼국수가 기대이하라 다음에 가면 보쌈만 먹을 거 같아요 + 화장실 남녀공용,277,True,,,,일단 사람도 많고 직원분도 바쁘셔서 시끄럽고 정신없어요 밥 먹는데 옆에서 숟가락 잔뜩 모아두고 정리하셔서 쇠 부딪히는 소리 계속 들으면서 밥 먹음.. 식사공간이랑 일하시는 공간이랑 분리가 안되있어서 진짜 정신 사납게 밥 먹었어요 칼국수는 쏘쏘(남김) 보쌈은 입에서 녹고 맛있어서 추가주문 반찬으로 주시는 김치 말고 보쌈이랑 나오는 김치랑 드세요 훨 맛있음 다녀온 지인 말로는 칼국수는 후추를 꼭 뿌려야한다고 하더라고요?? 칼국수가 기대이하라 다음에 가면 보쌈만 먹을 거 같아요 + 화장실 남녀공용,일단 사람도 많고 직원분도 바쁘셔서 시끄럽고 정신없어요 밥 먹는데 옆에서 숟가락 잔뜩 모아두고 정리하셔서 쇠 부딪히는 소리 계속 들으면서 밥 먹음 식사공간이랑 일하시는 공간이랑 분리가 안되있어서 진짜 정신 사납게 밥 먹었어요 칼국수는 쏘쏘 남김 보쌈은 입에서 녹고 맛있어서 추가주문 반찬으로 주시는 김치 말고 보쌈이랑 나오는 김치랑 드세요 훨 맛있음 다녀온 지인 말로는 칼국수는 후추를 꼭 뿌려야한다고 하더라고요 QUESTION 칼국수가 기대이하라 다음에 가면 보쌈만 먹을 거 같아요 화장실 남녀공용,0,0,0,0,0,1,0,277,원
naver,쭌곱창,d1dm5dhr,32.0,2026.03.11,1번째 방문,영수증,메뉴 구성이랑 가성비 너무 좋아용… 단골 가게 확정…♡,30,True,,,,메뉴 구성이랑 가성비 너무 좋아용… 단골 가게 확정…♡,메뉴 구성이랑 가성비 너무 좋아용 단골 가게 확정 EMO_POS,1,0,0,0,0,0,0,30,가성비
kakao,옥동식 서교점,aki,86.0,2025-12-22,,,맑은 국물에 감동 받고 다시 갔는데 흑백 방송전부터 인기있는데였지만 방송후부터 웨이팅 장난 아니네요ㅠ전엔 평일 4시반쯤 현장웨이팅 등록하러 가니까 처번째로 입장했는데 이제 4시에 48팀ㅠ오전도 원격 캐치테이블이 9시부터 그 정도.이젠 포장도 안된다고 해요. 나중에 다시 가는걸로...,158,False,5.0,4.4,골드 레벨,맑은 국물에 감동 받고 다시 갔는데 흑백 방송전부터 인기있는데였지만 방송후부터 웨이팅 장난 아니네요ㅠ전엔 평일 4시반쯤 현장웨이팅 등록하러 가니까 처번째로 입장했는데 이제 4시에 48팀ㅠ오전도 원격 캐치테이블이 9시부터 그 정도.이젠 포장도 안된다고 해요. 나중에 다시 가는걸로...,맑은 국물에 감동 받고 다시 갔는데 흑백 방송전부터 인기있는데였지만 방송후부터 웨이팅 장난 아니네요 전엔 평일 4시반쯤 현장웨이팅 등록하러 가니까 처번째로 입장했는데 이제 4시에 48팀 오전도 원격 캐치테이블이 9시부터 그 정도 이젠 포장도 안된다고 해요 나중에 다시 가는걸로,0,0,0,0,0,0,1,158,원
kakao,뼈탄집 성수역점,유현진,2.0,2026-02-16,,,고기가 너무 맛있어요ㅎㅎ 직원분께서 구워주시고 고기 위에 야채를 올려주셔서 맛있게 먹었습니다~,52,True,5.0,5.0,브론즈 레벨,고기가 너무 맛있어요ㅎㅎ 직원분께서 구워주시고 고기 위에 야채를 올려주셔서 맛있게 먹었습니다~,고기가 너무 맛있어요 직원분께서 구워주시고 고기 위에 야채를 올려주셔서 맛있게 먹었습니다,0,0,0,0,0,0,0,52,원
naver,금금 성수점,snk****,82.0,2026.04.13,1번째 방문,영수증,맛있고 가성비 있어요! 음식이 깔끔해요,21,True,,,,맛있고 가성비 있어요! 음식이 깔끔해요,맛있고 가성비 있어요 EXCLAM 음식이 깔끔해요,0,0,0,0,1,0,0,21,가성비
naver,장인닭갈비 홍대점,bki****,2.0,2026.04.01,1번째 방문,영수증,친구들이랑 왔는데 가격도 괜찮고 너무 맛있어요. 다른 사람들한테도 강추~,40,True,,,,친구들이랑 왔는데 가격도 괜찮고 너무 맛있어요. 다른 사람들한테도 강추~,친구들이랑 왔는데 가격도 괜찮고 너무 맛있어요 다른 사람들한테도 강추,0,0,0,0,0,0,0,40,가격
kakao,을밀대 본점,오명우Ryanghyo(Clarity),34.0,2025-02-02,,,"뜨거운 여름철 시원하고 슴슴한 평양냉면, 녹두전 맛집",29,False,5.0,4.4,실버 레벨,"뜨거운 여름철 시원하고 슴슴한 평양냉면, 녹두전 맛집",뜨거운 여름철 시원하고 슴슴한 평양냉면 녹두전 맛집,0,0,0,0,0,0,0,29,원
naver,소문난성수감자탕,wm0****,9.0,2026.03.11,1번째 방문,영수증,"잡내나고 우유비린맛같은게 납니다 나오는 순서도 저희보다 늦게주문한 사람들이 끓여서 먹고있을때 저희꺼가 나오고요 기본오이는 말라서 먹기가 좀그렇더군요 그리고 직원분들이 자꾸 저희테이블아래 쓰레기통에 물건을 던져서 넣더군요 깨진 소주잔, 병뚜껑 등 참불쾌합니다 그럴꺼면 직원전용 쓰레기통을 만드세요 먹고있는데 자꾸 저희발옆 쓰레기통에 직원불들이 물건던지면 참 기분좋겠습니다 유명하다해서 갔는데 손님받기만바쁘지 잡내나고 쓰레기던지고 음식 늦게나오고 속도 좀안좋네요 밥처음 남겨봅니다 도저히 먹기가 힘듭니다",279,False,,,,"잡내나고 우유비린맛같은게 납니다 나오는 순서도 저희보다 늦게주문한 사람들이 끓여서 먹고있을때 저희꺼가 나오고요 기본오이는 말라서 먹기가 좀그렇더군요 그리고 직원분들이 자꾸 저희테이블아래 쓰레기통에 물건을 던져서 넣더군요 깨진 소주잔, 병뚜껑 등 참불쾌합니다 그럴꺼면 직원전용 쓰레기통을 만드세요 먹고있는데 자꾸 저희발옆 쓰레기통에 직원불들이 물건던지면 참 기분좋겠습니다 유명하다해서 갔는데 손님받기만바쁘지 잡내나고 쓰레기던지고 음식 늦게나오고 속도 좀안좋네요 밥처음 남겨봅니다 도저히 먹기가 힘듭니다",잡내나고 우유비린맛같은게 납니다 나오는 순서도 저희보다 늦게주문한 사람들이 끓여서 먹고있을때 저희꺼가 나오고요 기본오이는 말라서 먹기가 좀그렇더군요 그리고 직원분들이 자꾸 저희테이블아래 쓰레기통에 물건을 던져서 넣더군요 깨진 소주잔 병뚜껑 등 참불쾌합니다 그럴꺼면 직원전용 쓰레기통을 만드세요 먹고있는데 자꾸 저희발옆 쓰레기통에 직원불들이 물건던지면 참 기분좋겠습니다 유명하다해서 갔는데 손님받기만바쁘지 잡내나고 쓰레기던지고 음식 늦게나오고 속도 좀안좋네요 밥처음 남겨봅니다 도저히 먹기가 힘듭니다,0,0,0,0,0,0,0,279,원
kakao,능동미나리 성수점,냉정한 미식맨,481.0,2025-09-27,,,술 먹고 맛있게 먹음 좀 비싸긴 한데 은근 실하고 괜찮은 소고기가 꽤 들어가 있다. 토렴 국밥 싫어하는데 이 집은 토렴으로 드시길 인스타감성일까봐 피했는데 괜찮음. 비빔밥은 간장장이라 특이하긴 한데 넘 달아 냉정하게 평타,123,False,4.0,4.1,골드 레벨,술 먹고 맛있게 먹음 좀 비싸긴 한데 은근 실하고 괜찮은 소고기가 꽤 들어가 있다. 토렴 국밥 싫어하는데 이 집은 토렴으로 드시길 인스타감성일까봐 피했는데 괜찮음. 비빔밥은 간장장이라 특이하긴 한데 넘 달아 냉정하게 평타,술 먹고 맛있게 먹음 좀 비싸긴 한데 은근 실하고 괜찮은 소고기가 꽤 들어가 있다 토렴 국밥 싫어하는데 이 집은 토렴으로 드시길 인스타감성일까봐 피했는데 괜찮음 비빔밥은 간장장이라 특이하긴 한데 넘 달아 냉정하게 평타,0,0,0,0,0,0,0,123,비싸
naver,훼미리손칼국수보쌈,먹고 취하고 여행하라,111.0,2025.11.07,1번째 방문,예약,야들한 수육에 시원한 칼국수... 대존맛... 뚝섬오면 꼭 드세요🫵 칼국수 하나씩에 수육 시키려고 했는데 엄뫄 셋뚜로 팔더라고요?💗 칼국수에 조밥에 수육에 쌈배추도 왕창 주셔서 배터지게 먹고 나왔습니다...🐷 양만 많은 게 아니라 반찬까지 하나같이 맛있어요! 특히 무김치 진짜 미쳤슴다 리필 때렸어요...🤤 조합이 너무 좋아서 대화도 없이 와두와구 먹었네용... 서울숲 가면 꼭 다시 갈 것 같아요! 저는 금욜 5시에 바로 들어가서 먹었는데 나올 때 쯤 보니까 웨이팅 있더라구요.. 원래 줄 서는 집이라고 하니 참고하세요!,292,True,,,,야들한 수육에 시원한 칼국수... 대존맛... 뚝섬오면 꼭 드세요🫵 칼국수 하나씩에 수육 시키려고 했는데 엄뫄 셋뚜로 팔더라고요?💗 칼국수에 조밥에 수육에 쌈배추도 왕창 주셔서 배터지게 먹고 나왔습니다...🐷 양만 많은 게 아니라 반찬까지 하나같이 맛있어요! 특히 무김치 진짜 미쳤슴다 리필 때렸어요...🤤 조합이 너무 좋아서 대화도 없이 와두와구 먹었네용... 서울숲 가면 꼭 다시 갈 것 같아요! 저는 금욜 5시에 바로 들어가서 먹었는데 나올 때 쯤 보니까 웨이팅 있더라구요.. 원래 줄 서는 집이라고 하니 참고하세요!,야들한 수육에 시원한 칼국수 대존맛 뚝섬오면 꼭 드세요 칼국수 하나씩에 수육 시키려고 했는데 엄뫄 셋뚜로 팔더라고요 QUESTION EMO_POS 칼국수에 조밥에 수육에 쌈배추도 왕창 주셔서 배터지게 먹고 나왔습니다 양만 많은 게 아니라 반찬까지 하나같이 맛있어요 EXCLAM 특히 무김치 진짜 미쳤슴다 리필 때렸어요 조합이 너무 좋아서 대화도 없이 와두와구 먹었네용 서울숲 가면 꼭 다시 갈 것 같아요 EXCLAM 저는 금욜 5시에 바로 들어가서 먹었는데 나올 때 쯤 보니까 웨이팅 있더라구요 원래 줄 서는 집이라고 하니 참고하세요 EXCLAM,1,0,0,0,1,1,1,292,원
kakao,옥동식 서교점,하도,162.0,2025-01-18,,,"국물, 밥, 고기에 아주 특별함을 느낄 순 없었지만 전체적으로 깔끔함 고추지가 맛있음 단순 쌈장이 아니라 청양고추 맛이 팍팍 느껴지는... 근데 이게 이 국밥과 어울리나...? 석박지와 고추지가 있는데도 끝까지 못 먹은 이유는... 국밥을 면기에 주셔서 그런거같아요... 음식이 금방 식으면서 좀 질렸어요... 김치는 젓갈이 들어간 어리를빗 경상도식 김치스러운데 달달한편 (저는 불호) 웨이팅이 악마같음 캐치테이블 원격웨이팅 필수 식당 분위기가 묘함 너무 조용...하다 해야하나 바 형태로 다닥다닥 붙어앉아야하고(다찌), 매장엔 음악도 없고, 떠들기도 뭣하고 살짝 눈치보며 조용조용 얘기하다가 얼른 다 먹고 나갔음 번갯불에 콩구워먹듯... 편안하게 먹을 분위기는 아님 밖에 웨이팅도 많고...",387,True,4.0,3.4,골드 레벨,"국물, 밥, 고기에 아주 특별함을 느낄 순 없었지만 전체적으로 깔끔함 고추지가 맛있음 단순 쌈장이 아니라 청양고추 맛이 팍팍 느껴지는... 근데 이게 이 국밥과 어울리나...? 석박지와 고추지가 있는데도 끝까지 못 먹은 이유는... 국밥을 면기에 주셔서 그런거같아요... 음식이 금방 식으면서 좀 질렸어요... 김치는 젓갈이 들어간 어리를빗 경상도식 김치스러운데 달달한편 (저는 불호) 웨이팅이 악마같음 캐치테이블 원격웨이팅 필수 식당 분위기가 묘함 너무 조용...하다 해야하나 바 형태로 다닥다닥 붙어앉아야하고(다찌), 매장엔 음악도 없고, 떠들기도 뭣하고 살짝 눈치보며 조용조용 얘기하다가 얼른 다 먹고 나갔음 번갯불에 콩구워먹듯... 편안하게 먹을 분위기는 아님 밖에 웨이팅도 많고...",국물 밥 고기에 아주 특별함을 느낄 순 없었지만 전체적으로 깔끔함 고추지가 맛있음 단순 쌈장이 아니라 청양고추 맛이 팍팍 느껴지는 근데 이게 이 국밥과 어울리나 QUESTION 석박지와 고추지가 있는데도 끝까지 못 먹은 이유는 국밥을 면기에 주셔서 그런거같아요 음식이 금방 식으면서 좀 질렸어요 김치는 젓갈이 들어간 어리를빗 경상도식 김치스러운데 달달한편 저는 불호 웨이팅이 악마같음 캐치테이블 원격웨이팅 필수 식당 분위기가 묘함 너무 조용 하다 해야하나 바 형태로 다닥다닥 붙어앉아야하고 다찌 매장엔 음악도 없고 떠들기도 뭣하고 살짝 눈치보며 조용조용 얘기하다가 얼른 다 먹고 나갔음 번갯불에 콩구워먹듯 편안하게 먹을 분위기는 아님 밖에 웨이팅도 많고,0,0,0,0,0,1,0,387,원
naver,각시보쌈,커피와너와나,2418.0,2025.07.04,3번째 방문,영수증,점심시간에 앉자마자 나오는 각시정식 최고에요 1주에 한번은 주기적으로 먹어줘야합니다^^ 만원의 행복이네요~~,60,True,,,,점심시간에 앉자마자 나오는 각시정식 최고에요 1주에 한번은 주기적으로 먹어줘야합니다^^ 만원의 행복이네요~~,점심시간에 앉자마자 나오는 각시정식 최고에요 1주에 한번은 주기적으로 먹어줘야합니다 만원의 행복이네요 TILDE,0,0,0,0,0,0,1,60,원
kakao,마포양지설렁탕 도화점,빡동,44.0,2025-01-25,,,"설렁탕과 그 김치에 대한 기준을 높여버리는 곳. 맛은 변함없이 훌륭, 가격은 그렇지 않아지고있다.",54,True,4.0,3.6,실버 레벨,"설렁탕과 그 김치에 대한 기준을 높여버리는 곳. 맛은 변함없이 훌륭, 가격은 그렇지 않아지고있다.",설렁탕과 그 김치에 대한 기준을 높여버리는 곳 맛은 변함없이 훌륭 가격은 그렇지 않아지고있다,0,0,0,0,0,0,0,54,가격
naver,굴다리식당,리스트례토,264.0,2025.09.23,1번째 방문,예약,"배국장님 추천 음식점인데, 제 입엔 짜고 고기가 두꺼운데 퍽퍽해서 턱이 아팠습니다...국장님 추천은 진리였는데, 원숭이도 너무에 떨어질수 있는법이니 제가 참고 견뎌야겠죠!",95,True,,,,"배국장님 추천 음식점인데, 제 입엔 짜고 고기가 두꺼운데 퍽퍽해서 턱이 아팠습니다...국장님 추천은 진리였는데, 원숭이도 너무에 떨어질수 있는법이니 제가 참고 견뎌야겠죠!",배국장님 추천 음식점인데 제 입엔 짜고 고기가 두꺼운데 퍽퍽해서 턱이 아팠습니다 국장님 추천은 진리였는데 원숭이도 너무에 떨어질수 있는법이니 제가 참고 견뎌야겠죠 EXCLAM,0,0,0,0,1,0,0,95,원
naver,보끔당 성수점,뿡빵9819,19.0,2026.04.20,2번째 방문,영수증,올 때마다 맛있어서 항상 잘 먹고 가요! 직원도 친절하십니다,33,True,,,,올 때마다 맛있어서 항상 잘 먹고 가요! 직원도 친절하십니다,올 때마다 맛있어서 항상 잘 먹고 가요 EXCLAM 직원도 친절하십니다,0,0,0,0,1,0,0,33,원
naver,이태리국시 성수,히60,45.0,2026.02.26,1번째 방문,영수증,친구 생일파티로 모였는뎅 분위기도 좋고 음식도 맛있어서 좋은 시간 보내다 가요~~😆 대창에서 비린맛 날까 걱정했었는데 비리지도 않고 매콤하니 맛있습니다! 매장 인테리어도 특이하고 직원분들도 너무 친절하세요!!,116,True,,,,친구 생일파티로 모였는뎅 분위기도 좋고 음식도 맛있어서 좋은 시간 보내다 가요~~😆 대창에서 비린맛 날까 걱정했었는데 비리지도 않고 매콤하니 맛있습니다! 매장 인테리어도 특이하고 직원분들도 너무 친절하세요!!,친구 생일파티로 모였는뎅 분위기도 좋고 음식도 맛있어서 좋은 시간 보내다 가요 TILDE EMO_POS 대창에서 비린맛 날까 걱정했었는데 비리지도 않고 매콤하니 맛있습니다 EXCLAM 매장 인테리어도 특이하고 직원분들도 너무 친절하세요 EXCLAM,1,0,0,0,1,0,0,116,원
naver,옥동식,별빛노트,594.0,2025.01.23,1번째 방문,영수증,이 계절에 너무 어울리는 음식이에요. 캐치테이블로 예약하고 갔습니다. 예약 후 1시간 이후에 입장했어요. 곰탕 주문했구요. 고기는 고추지에 찍어 드시면 됩니다. 고추지는 맵지 않고 고추 본연의 맛이 잘 납니다. 매력적인 맛이에요. 김치는 회색 그릇에 덜어드시면 되는데 김치가 너무!! 맛있어요. 옆에 앉으셨던 분이 김치 판매 하냐고 물을 정도 였습니다. (김치 판매는 안 한다고 하네요.) 곰탕 국물은 깊은 맛이 나면서 계속 먹게 되는 맛이에요. 원래 국물을 잘 남기는데 여기 곰탕은 다 마시게 되네요. 육수와 밥은 리필이 되니 참고하세요!,302,True,,,,이 계절에 너무 어울리는 음식이에요. 캐치테이블로 예약하고 갔습니다. 예약 후 1시간 이후에 입장했어요. 곰탕 주문했구요. 고기는 고추지에 찍어 드시면 됩니다. 고추지는 맵지 않고 고추 본연의 맛이 잘 납니다. 매력적인 맛이에요. 김치는 회색 그릇에 덜어드시면 되는데 김치가 너무!! 맛있어요. 옆에 앉으셨던 분이 김치 판매 하냐고 물을 정도 였습니다. (김치 판매는 안 한다고 하네요.) 곰탕 국물은 깊은 맛이 나면서 계속 먹게 되는 맛이에요. 원래 국물을 잘 남기는데 여기 곰탕은 다 마시게 되네요. 육수와 밥은 리필이 되니 참고하세요!,이 계절에 너무 어울리는 음식이에요 캐치테이블로 예약하고 갔습니다 예약 후 1시간 이후에 입장했어요 곰탕 주문했구요 고기는 고추지에 찍어 드시면 됩니다 고추지는 맵지 않고 고추 본연의 맛이 잘 납니다 매력적인 맛이에요 김치는 회색 그릇에 덜어드시면 되는데 김치가 너무 EXCLAM 맛있어요 옆에 앉으셨던 분이 김치 판매 하냐고 물을 정도 였습니다 김치 판매는 안 한다고 하네요 곰탕 국물은 깊은 맛이 나면서 계속 먹게 되는 맛이에요 원래 국물을 잘 남기는데 여기 곰탕은 다 마시게 되네요 육수와 밥은 리필이 되니 참고하세요 EXCLAM,0,0,0,0,1,0,1,302,원
naver,홍대 육지,초코바나나딸기쉐이크,31.0,2026.04.24,1번째 방문,영수증,레전드존마탱 내가 먹은 고기 중에 돈대갈비가 미띤꿈에도 나와버릴 각이며 묵은지 두루찌개는 할머니 손맛이 느껴지고 등심 볶음밥으로 극락 간접 체험까지 스근하게 해버리니 이보다 더 맛있는 한상일 수가 없겠구나!,115,False,,,,레전드존마탱 내가 먹은 고기 중에 돈대갈비가 미띤꿈에도 나와버릴 각이며 묵은지 두루찌개는 할머니 손맛이 느껴지고 등심 볶음밥으로 극락 간접 체험까지 스근하게 해버리니 이보다 더 맛있는 한상일 수가 없겠구나!,레전드존마탱 내가 먹은 고기 중에 돈대갈비가 미띤꿈에도 나와버릴 각이며 묵은지 두루찌개는 할머니 손맛이 느껴지고 등심 볶음밥으로 극락 간접 체험까지 스근하게 해버리니 이보다 더 맛있는 한상일 수가 없겠구나 EXCLAM,0,0,0,0,1,0,0,115,돈
naver,보끔당 성수점,밥부,62.0,2025.11.10,1번째 방문,영수증,성수간다니까 지인이 강력추천해줘서 온 보끔당! 진짜 너무너무 맛있어용 ㅎㅎ 닭이 살이 부드러워서 소스가 깊이 베어있어서 더 맛있어용! 떡사리랑우동사리 꼭꼭 추가하시구요! 볶음밥도 드셔야합니당 ㅠㅠ 직원분들 다 너무 친절해서 더 기분 좋게 식사했습니당!,140,True,,,,성수간다니까 지인이 강력추천해줘서 온 보끔당! 진짜 너무너무 맛있어용 ㅎㅎ 닭이 살이 부드러워서 소스가 깊이 베어있어서 더 맛있어용! 떡사리랑우동사리 꼭꼭 추가하시구요! 볶음밥도 드셔야합니당 ㅠㅠ 직원분들 다 너무 친절해서 더 기분 좋게 식사했습니당!,성수간다니까 지인이 강력추천해줘서 온 보끔당 EXCLAM 진짜 너무너무 맛있어용 닭이 살이 부드러워서 소스가 깊이 베어있어서 더 맛있어용 EXCLAM 떡사리랑우동사리 꼭꼭 추가하시구요 EXCLAM 볶음밥도 드셔야합니당 직원분들 다 너무 친절해서 더 기분 좋게 식사했습니당 EXCLAM,0,0,0,1,1,0,0,140,원
naver,을밀대 평양냉면,꼬리리이,1053.0,2026.01.10,2번째 방문,영수증,"평냉 전문가인 제가 제일 좋아하는 곳입니다 토요일 8시 대기 없고요, 거냉 양많이로 먹었습니다 아직 소주가 3천원인건 경이롭네요",71,True,,,,"평냉 전문가인 제가 제일 좋아하는 곳입니다 토요일 8시 대기 없고요, 거냉 양많이로 먹었습니다 아직 소주가 3천원인건 경이롭네요",평냉 전문가인 제가 제일 좋아하는 곳입니다 토요일 8시 대기 없고요 거냉 양많이로 먹었습니다 아직 소주가 3천원인건 경이롭네요,0,0,0,0,0,0,1,71,원
naver,조선시대,Ria0124,423.0,2025.11.10,1번째 방문,영수증,매장을 조선시대 같이 꾸며놔서 분위기가 좋더라고요!ㅎㅎ 다양한 술들이 다양하게 있어서 너무 좋았어요! 딸기막걸리는 달달한 딸기우유에 살짝 막걸리가 섞인 맛이라 술맛이 거의 안나고 달달해서 맛있게 마셨고 동동주도 호리병에 나오고 맛도 있었어요! 두부김치 삼합도 막걸리에 안주로 먹기 딱 좋았어요~ 매장이 넓기도 하고 바쁘신데도 직원분이 친절하셔서 좋았어요!☺️,200,True,,,,매장을 조선시대 같이 꾸며놔서 분위기가 좋더라고요!ㅎㅎ 다양한 술들이 다양하게 있어서 너무 좋았어요! 딸기막걸리는 달달한 딸기우유에 살짝 막걸리가 섞인 맛이라 술맛이 거의 안나고 달달해서 맛있게 마셨고 동동주도 호리병에 나오고 맛도 있었어요! 두부김치 삼합도 막걸리에 안주로 먹기 딱 좋았어요~ 매장이 넓기도 하고 바쁘신데도 직원분이 친절하셔서 좋았어요!☺️,매장을 조선시대 같이 꾸며놔서 분위기가 좋더라고요 EXCLAM 다양한 술들이 다양하게 있어서 너무 좋았어요 EXCLAM 딸기막걸리는 달달한 딸기우유에 살짝 막걸리가 섞인 맛이라 술맛이 거의 안나고 달달해서 맛있게 마셨고 동동주도 호리병에 나오고 맛도 있었어요 EXCLAM 두부김치 삼합도 막걸리에 안주로 먹기 딱 좋았어요 매장이 넓기도 하고 바쁘신데도 직원분이 친절하셔서 좋았어요 EXCLAM,0,0,0,0,1,0,0,200,원
kakao,각시보쌈,슬기로운생활,390.0,2026-03-15,,,구성이 좋고 가성비도 좋아요. 웨이팅 생각 보다 빨리 줄어서 기다려볼만함,40,False,5.0,4.5,골드 레벨,구성이 좋고 가성비도 좋아요. 웨이팅 생각 보다 빨리 줄어서 기다려볼만함,구성이 좋고 가성비도 좋아요 웨이팅 생각 보다 빨리 줄어서 기다려볼만함,0,0,0,0,0,0,0,40,가성비
kakao,옥동식 서교점,고기전문가,1.0,2026-03-23,,,"3시간 웨이팅 끝에 기대를 많이 하고 들어갔는데, 솔직히 국밥 맛은 기대 이하였습니다. 개인적으로는 동네 프랜차이즈 국밥집이 더 나은 수준이라고 느껴졌습니다. 심지어 물도 시원한물이 아닌 미지근한물을 직원들이 한잔씩 따라줘야 먹을수 있습니다 직원분들은 친절하다기보다는 약간 자기들만의 분위기와 컨셉에 몰입해 있는 느낌이 강했고, 편하게 식사하기에는 다소 거리감이 있었습니다. 요리 프로그램에 나왔다고 해서 줄 서서 먹을 정도의 맛집인지는 잘 모르겠습니다. 긴 웨이팅을 감수하면서까지 다시 방문할 생각은 없습니다.",286,True,1.0,1.0,브론즈 레벨,"3시간 웨이팅 끝에 기대를 많이 하고 들어갔는데, 솔직히 국밥 맛은 기대 이하였습니다. 개인적으로는 동네 프랜차이즈 국밥집이 더 나은 수준이라고 느껴졌습니다. 심지어 물도 시원한물이 아닌 미지근한물을 직원들이 한잔씩 따라줘야 먹을수 있습니다 직원분들은 친절하다기보다는 약간 자기들만의 분위기와 컨셉에 몰입해 있는 느낌이 강했고, 편하게 식사하기에는 다소 거리감이 있었습니다. 요리 프로그램에 나왔다고 해서 줄 서서 먹을 정도의 맛집인지는 잘 모르겠습니다. 긴 웨이팅을 감수하면서까지 다시 방문할 생각은 없습니다.",3시간 웨이팅 끝에 기대를 많이 하고 들어갔는데 솔직히 국밥 맛은 기대 이하였습니다 개인적으로는 동네 프랜차이즈 국밥집이 더 나은 수준이라고 느껴졌습니다 심지어 물도 시원한물이 아닌 미지근한물을 직원들이 한잔씩 따라줘야 먹을수 있습니다 직원분들은 친절하다기보다는 약간 자기들만의 분위기와 컨셉에 몰입해 있는 느낌이 강했고 편하게 식사하기에는 다소 거리감이 있었습니다 요리 프로그램에 나왔다고 해서 줄 서서 먹을 정도의 맛집인지는 잘 모르겠습니다 긴 웨이팅을 감수하면서까지 다시 방문할 생각은 없습니다,0,0,0,0,0,0,1,286,원
naver,이태리국시 성수,해피뭉글이67,13.0,2026.04.30,1번째 방문,영수증,"일주일 전에 예약하고 방문했는데요~ 분위기가 너무 좋고 음식도 맛있어요. 알배추 숯불갈비 샐러드는 강추예요. 갈비양념이 은은하고 바질과 양념소스가 잘 어우러져 감칠맛의 끝입니다. 숯불대창돌솥파스타는 대창이 식으면 금방 기름 뜨고 식감이 쫄깃함이 떨어지는데 그걸 돌솥이 잘 잡아줘서 먹는동안 식감을 그대로 유지할 수 있고 끝맛의 매콤함이 느끼함을 잡아줘서 퓨전음식으루제대로 맛봤어요. 갈비찜버터파스타는 고소하고 아이도 어른도 호불호 없이 즐길 수 있고, 짧조름해서 느끼함이 덜해서 좋습니다. 직원분들도 너무 친절하셔서 편안하게 식사 잘 즐거마무리 합니다.다음에 또 방문할께요~",321,True,,,,"일주일 전에 예약하고 방문했는데요~ 분위기가 너무 좋고 음식도 맛있어요. 알배추 숯불갈비 샐러드는 강추예요. 갈비양념이 은은하고 바질과 양념소스가 잘 어우러져 감칠맛의 끝입니다. 숯불대창돌솥파스타는 대창이 식으면 금방 기름 뜨고 식감이 쫄깃함이 떨어지는데 그걸 돌솥이 잘 잡아줘서 먹는동안 식감을 그대로 유지할 수 있고 끝맛의 매콤함이 느끼함을 잡아줘서 퓨전음식으루제대로 맛봤어요. 갈비찜버터파스타는 고소하고 아이도 어른도 호불호 없이 즐길 수 있고, 짧조름해서 느끼함이 덜해서 좋습니다. 직원분들도 너무 친절하셔서 편안하게 식사 잘 즐거마무리 합니다.다음에 또 방문할께요~",일주일 전에 예약하고 방문했는데요 분위기가 너무 좋고 음식도 맛있어요 알배추 숯불갈비 샐러드는 강추예요 갈비양념이 은은하고 바질과 양념소스가 잘 어우러져 감칠맛의 끝입니다 숯불대창돌솥파스타는 대창이 식으면 금방 기름 뜨고 식감이 쫄깃함이 떨어지는데 그걸 돌솥이 잘 잡아줘서 먹는동안 식감을 그대로 유지할 수 있고 끝맛의 매콤함이 느끼함을 잡아줘서 퓨전음식으루제대로 맛봤어요 갈비찜버터파스타는 고소하고 아이도 어른도 호불호 없이 즐길 수 있고 짧조름해서 느끼함이 덜해서 좋습니다 직원분들도 너무 친절하셔서 편안하게 식사 잘 즐거마무리 합니다 다음에 또 방문할께요,0,0,0,0,0,0,0,321,원
naver,옥동식,mirmoong,165.0,2025.06.20,1번째 방문,영수증,주문메뉴: 돼지 곰탕 보통 + 김치만두 (총 18000원) 돼지 곰탕 단일 메뉴 맑고 담백하며 슴슴한 스타일 진득하거나 뽀얀 곰탕 아님 깔끔하고 슴슴한 맑은 곰탕을 선호하신다면 추천 자극적인 맛을 좋아하신다면 다소 밍밍하게 느껴질 수 있음 김치만두는 피가 두껍고 맛도 평범한 편 정제되고 고급스러운 분위기의 곰탕집 고추지 사용법은 꼭 안내문 확인 곰탕의 넣는 것이 아닌 고기와 먹는 것,215,True,,,,주문메뉴: 돼지 곰탕 보통 + 김치만두 (총 18000원) 돼지 곰탕 단일 메뉴 맑고 담백하며 슴슴한 스타일 진득하거나 뽀얀 곰탕 아님 깔끔하고 슴슴한 맑은 곰탕을 선호하신다면 추천 자극적인 맛을 좋아하신다면 다소 밍밍하게 느껴질 수 있음 김치만두는 피가 두껍고 맛도 평범한 편 정제되고 고급스러운 분위기의 곰탕집 고추지 사용법은 꼭 안내문 확인 곰탕의 넣는 것이 아닌 고기와 먹는 것,주문메뉴 돼지 곰탕 보통 김치만두 총 18000원 돼지 곰탕 단일 메뉴 맑고 담백하며 슴슴한 스타일 진득하거나 뽀얀 곰탕 아님 깔끔하고 슴슴한 맑은 곰탕을 선호하신다면 추천 자극적인 맛을 좋아하신다면 다소 밍밍하게 느껴질 수 있음 김치만두는 피가 두껍고 맛도 평범한 편 정제되고 고급스러운 분위기의 곰탕집 고추지 사용법은 꼭 안내문 확인 곰탕의 넣는 것이 아닌 고기와 먹는 것,0,0,0,0,0,0,1,215,원
kakao,쭌곱창,몽구,2.0,2025-12-22,,,개인적으로 홍대 곱창 원탑이라구 생각합니다 잡내도 안나고 맵기도 딱! 완전 맛있어요 추천합니다!!!,55,True,5.0,5.0,브론즈 레벨,개인적으로 홍대 곱창 원탑이라구 생각합니다 잡내도 안나고 맵기도 딱! 완전 맛있어요 추천합니다!!!,개인적으로 홍대 곱창 원탑이라구 생각합니다 잡내도 안나고 맵기도 딱 EXCLAM 완전 맛있어요 추천합니다 EXCLAM,0,0,0,0,1,0,0,55,원
kakao,육지,박호성,1.0,2025-10-07,,,너무 맛나게 먹었습니다 직원분들 너뮤 친절보스~~ 또 올게용,33,False,5.0,5.0,브론즈 레벨,너무 맛나게 먹었습니다 직원분들 너뮤 친절보스~~ 또 올게용,너무 맛나게 먹었습니다 직원분들 너뮤 친절보스 TILDE 또 올게용,0,0,0,0,0,0,0,33,원
naver,락희옥 마포본점,M0카,203.0,2026.02.02,1번째 방문,예약,가격대가좀잇는편인데 맛잇엇음. 콜키지가 되어서 갓던곳. 친절하신 남성직원분 감사합니다.ㅎ 다만 인당10정도 쓰고먹엇는데 주차2시간 써잇던데 30분두개넣어서 1시간 넣어주셧더라구요.잘못해주신건지 모르겟어요. 만얼마나오길래 주차비가시간당5천원이넘나햇어서 물어보니 무료주차30분두개넣어줫다구하드라구요. 별거아닌건데 같이갓던 지인들도 좀그렇다고 햇어요.ㅎ 확인잘해주시믄 좋을거같습니다,210,True,,,,가격대가좀잇는편인데 맛잇엇음. 콜키지가 되어서 갓던곳. 친절하신 남성직원분 감사합니다.ㅎ 다만 인당10정도 쓰고먹엇는데 주차2시간 써잇던데 30분두개넣어서 1시간 넣어주셧더라구요.잘못해주신건지 모르겟어요. 만얼마나오길래 주차비가시간당5천원이넘나햇어서 물어보니 무료주차30분두개넣어줫다구하드라구요. 별거아닌건데 같이갓던 지인들도 좀그렇다고 햇어요.ㅎ 확인잘해주시믄 좋을거같습니다,가격대가좀잇는편인데 맛잇엇음 콜키지가 되어서 갓던곳 친절하신 남성직원분 감사합니다 다만 인당10정도 쓰고먹엇는데 주차2시간 써잇던데 30분두개넣어서 1시간 넣어주셧더라구요 잘못해주신건지 모르겟어요 만얼마나오길래 주차비가시간당5천원이넘나햇어서 물어보니 무료주차30분두개넣어줫다구하드라구요 별거아닌건데 같이갓던 지인들도 좀그렇다고 햇어요 확인잘해주시믄 좋을거같습니다,0,0,0,0,0,0,1,210,"가격, 원, 가격대"
kakao,을밀대 본점,한경애,3.0,2025-11-04,,,전은 기름에 쩔고 타고 바닥ㆍ식탁. 너무 더럽고. 직원은 불 친절하고 을밀대가 죽었네 택시값. 아갑고 친구에게 미안해서 밥값은 내가 내고 최악입니다,82,False,1.0,2.3,브론즈 레벨,전은 기름에 쩔고 타고 바닥ㆍ식탁. 너무 더럽고. 직원은 불 친절하고 을밀대가 죽었네 택시값. 아갑고 친구에게 미안해서 밥값은 내가 내고 최악입니다,전은 기름에 쩔고 타고 바닥 식탁 너무 더럽고 직원은 불 친절하고 을밀대가 죽었네 택시값 아갑고 친구에게 미안해서 밥값은 내가 내고 최악입니다,0,0,0,0,0,0,0,82,"값, 원"
naver,각시보쌈,먹고걷고햇빛듬뿍,1961.0,2025.09.14,1번째 방문,영수증,"유튜버 서울사는남자 합정동 영상을 보고 찾아간 각시보쌈 매장입니다, 일요일 오후인데 웨이팅 30분을 했습니다, 짜잔~ 정식음식이 나왔는데 이게 만원 15,000원은 되어야하는데, 그래서 열씨미 빨랑 식사를 하고 기다리는 손님들에게 자리를 양보합니다, 느긋하게 먹을수도 있지만 잘먹었으면 뒷사람들 도 잘드시라고 빠르게 자리를 양보해줍니다, 여러분들의 많은 관심덕분에 리뷰 총조회수가 880만회가 되었고 그래서 네이버리뷰 순위가 TOP 100등 되었습니다 넘치는 사랑 감사드립니다 앞으로도 많은 관심부탁드립니다 ❤1)유튜버 검색: 음식먹고햇빛듬뿍 💚핸들: @Lets-Eat-Sunshine 💚영상주제: 음식점,카페 소개 ❤2)유튜버 검색: 걸으면서햇빛가득 💚핸들: @@Lets-Walk-Sunshine",390,True,,,,"유튜버 서울사는남자 합정동 영상을 보고 찾아간 각시보쌈 매장입니다, 일요일 오후인데 웨이팅 30분을 했습니다, 짜잔~ 정식음식이 나왔는데 이게 만원 15,000원은 되어야하는데, 그래서 열씨미 빨랑 식사를 하고 기다리는 손님들에게 자리를 양보합니다, 느긋하게 먹을수도 있지만 잘먹었으면 뒷사람들 도 잘드시라고 빠르게 자리를 양보해줍니다, 여러분들의 많은 관심덕분에 리뷰 총조회수가 880만회가 되었고 그래서 네이버리뷰 순위가 TOP 100등 되었습니다 넘치는 사랑 감사드립니다 앞으로도 많은 관심부탁드립니다 ❤1)유튜버 검색: 음식먹고햇빛듬뿍 💚핸들: @Lets-Eat-Sunshine 💚영상주제: 음식점,카페 소개 ❤2)유튜버 검색: 걸으면서햇빛가득 💚핸들: @@Lets-Walk-Sunshine",유튜버 서울사는남자 합정동 영상을 보고 찾아간 각시보쌈 매장입니다 일요일 오후인데 웨이팅 30분을 했습니다 짜잔 정식음식이 나왔는데 이게 만원 15 000원은 되어야하는데 그래서 열씨미 빨랑 식사를 하고 기다리는 손님들에게 자리를 양보합니다 느긋하게 먹을수도 있지만 잘먹었으면 뒷사람들 도 잘드시라고 빠르게 자리를 양보해줍니다 여러분들의 많은 관심덕분에 리뷰 총조회수가 880만회가 되었고 그래서 네이버리뷰 순위가 TOP 100등 되었습니다 넘치는 사랑 감사드립니다 앞으로도 많은 관심부탁드립니다 EMO_POS 1 유튜버 검색 음식먹고햇빛듬뿍 EMO_POS 핸들 Lets Eat Sunshine EMO_POS 영상주제 음식점 카페 소개 EMO_POS 2 유튜버 검색 걸으면서햇빛가득 EMO_POS 핸들,1,0,0,0,0,0,1,390,원
naver,뼈탄집 성수역점,팩트만 전달 판단은 알아서,29.0,2026.02.05,2번째 방문,영수증,도톰한 삼겹살과 버섯 등 맛있게 구워주시는 뼈탄집!!! 직원분들도 다 친절하시고 자리도 넓어 편하기 목기 너무 좋습니다!! 거기다 브레이크 차임도 없어 애매한 시간에 방문 하기도 좋아요~,104,True,,,,도톰한 삼겹살과 버섯 등 맛있게 구워주시는 뼈탄집!!! 직원분들도 다 친절하시고 자리도 넓어 편하기 목기 너무 좋습니다!! 거기다 브레이크 차임도 없어 애매한 시간에 방문 하기도 좋아요~,도톰한 삼겹살과 버섯 등 맛있게 구워주시는 뼈탄집 EXCLAM 직원분들도 다 친절하시고 자리도 넓어 편하기 목기 너무 좋습니다 EXCLAM 거기다 브레이크 차임도 없어 애매한 시간에 방문 하기도 좋아요,0,0,0,0,1,0,0,104,원
naver,락희옥 마포본점,butter89,100.0,2025.11.08,1번째 방문,영수증,"일단 맛과 서비스 다 평균 이상이라는거에 대해서는 다들 동의할듯. 다만 또 대부분은 다 가격대가 상당하는 것에 대하여도 동의할듯. 저녁에 7명이서 배부르게가 아니라 그냥 2차배를 위해서 적당히만 먹었는데 50만원이 넘게 나옴. 세트메뉴도 가격대가 있고, 막걸리 시리즈도 다들 비쌈. 양이 많은 것도 아니라서 내 돈 내고 가기는 쉽지 않을듯. 내 돈 내고 또 가라?고 하면 안 감.",212,True,,,,"일단 맛과 서비스 다 평균 이상이라는거에 대해서는 다들 동의할듯. 다만 또 대부분은 다 가격대가 상당하는 것에 대하여도 동의할듯. 저녁에 7명이서 배부르게가 아니라 그냥 2차배를 위해서 적당히만 먹었는데 50만원이 넘게 나옴. 세트메뉴도 가격대가 있고, 막걸리 시리즈도 다들 비쌈. 양이 많은 것도 아니라서 내 돈 내고 가기는 쉽지 않을듯. 내 돈 내고 또 가라?고 하면 안 감.",일단 맛과 서비스 다 평균 이상이라는거에 대해서는 다들 동의할듯 다만 또 대부분은 다 가격대가 상당하는 것에 대하여도 동의할듯 저녁에 7명이서 배부르게가 아니라 그냥 2차배를 위해서 적당히만 먹었는데 50만원이 넘게 나옴 세트메뉴도 가격대가 있고 막걸리 시리즈도 다들 비쌈 양이 많은 것도 아니라서 내 돈 내고 가기는 쉽지 않을듯 내 돈 내고 또 가라 QUESTION 고 하면 안 감,0,0,0,0,0,1,1,212,"가격, 비쌈, 돈, 원, 가격대"
naver,원조 조박집 본관,vld****,9.0,2026.01.17,1번째 방문,영수증,블루리본 맛집이라해서 갔는데 고기는 진짜 맛있긴했어요! 근데 직원분들이 너무 불친절해서 먹는데 기분이 매우 나빴습니다 바빠서 그러신건지 모르겠는데 메뉴 추가로 시켰다고 천천히 시켜달라고 하시더라고요 ㅋㅋ 고기가 다 떨어져서 1인분 더 시킨건데 계속 옆에서 천천히 시켜달라고 하시는데 좀 어이가 없더라고요 제 돈주고 추가 메뉴도 못시키나요 ㅎ 바빠서 힘드셔서 뭐 그런거라고 백번 이해는 하려고 하지만 그래도 솔직히 먹는데 기분은 안좋았습니다~ 이부분은 좀 바껴야할것같아요~^^,265,False,,,,블루리본 맛집이라해서 갔는데 고기는 진짜 맛있긴했어요! 근데 직원분들이 너무 불친절해서 먹는데 기분이 매우 나빴습니다 바빠서 그러신건지 모르겠는데 메뉴 추가로 시켰다고 천천히 시켜달라고 하시더라고요 ㅋㅋ 고기가 다 떨어져서 1인분 더 시킨건데 계속 옆에서 천천히 시켜달라고 하시는데 좀 어이가 없더라고요 제 돈주고 추가 메뉴도 못시키나요 ㅎ 바빠서 힘드셔서 뭐 그런거라고 백번 이해는 하려고 하지만 그래도 솔직히 먹는데 기분은 안좋았습니다~ 이부분은 좀 바껴야할것같아요~^^,블루리본 맛집이라해서 갔는데 고기는 진짜 맛있긴했어요 EXCLAM 근데 직원분들이 너무 불친절해서 먹는데 기분이 매우 나빴습니다 바빠서 그러신건지 모르겠는데 메뉴 추가로 시켰다고 천천히 시켜달라고 하시더라고요 고기가 다 떨어져서 1인분 더 시킨건데 계속 옆에서 천천히 시켜달라고 하시는데 좀 어이가 없더라고요 제 돈주고 추가 메뉴도 못시키나요 바빠서 힘드셔서 뭐 그런거라고 백번 이해는 하려고 하지만 그래도 솔직히 먹는데 기분은 안좋았습니다 이부분은 좀 바껴야할것같아요,0,0,0,0,1,0,1,265,"돈, 원"
kakao,각시보쌈,언금술사,13.0,2025-08-11,,,"가성비가 압권인 지역 맛집 보쌈, 밑반찬에 김치찌개까지 주는 압도적인 구성 보쌈도 쫄깃하고 반찬도 맛있으나 항상 정신없는 서비스가 조금 아쉽다.",80,False,4.0,4.2,실버 레벨,"가성비가 압권인 지역 맛집 보쌈, 밑반찬에 김치찌개까지 주는 압도적인 구성 보쌈도 쫄깃하고 반찬도 맛있으나 항상 정신없는 서비스가 조금 아쉽다.",가성비가 압권인 지역 맛집 보쌈 밑반찬에 김치찌개까지 주는 압도적인 구성 보쌈도 쫄깃하고 반찬도 맛있으나 항상 정신없는 서비스가 조금 아쉽다,0,0,0,0,0,0,0,80,가성비
naver,각시보쌈,Country Road,89.0,2025.07.30,1번째 방문,영수증,압도적인 쟁반국수양에 깜짝 놀라는~ 밑반찬도 잘 나오고 저렴한 가격에 보쌈도 맛있게 잘 먹었습니다.,55,True,,,,압도적인 쟁반국수양에 깜짝 놀라는~ 밑반찬도 잘 나오고 저렴한 가격에 보쌈도 맛있게 잘 먹었습니다.,압도적인 쟁반국수양에 깜짝 놀라는 밑반찬도 잘 나오고 저렴한 가격에 보쌈도 맛있게 잘 먹었습니다,0,0,0,0,0,0,0,55,"가격, 저렴"
kakao,일등식당,마포맛쟁이,113.0,2026-04-26,,,"일등식당 이란 이름에 걸맞게 망원동 뼈해장국 1등 맞습니다 ㅎㅎ 부들부들한 살코기에 국물을 머금은 시래기가 일품입니다 ㅎㅎ 재방문 의사 100프로 2번째 방문) 일요일 점심에 방문하니 제법 웨이팅 하는 인원이 있어서 20분 정도 대기 했으나 음식은 금방 나오는 편입니다.. 여전히 우거지도 맛있고 국물도 깔끔하고, 고기도 야들야들하니 특제소스 찍어먹으면 맛납니다 ㅎㅎ 저번에 사장님 수술 하신다고 몇일 쉬신다고 하셨던거 같은데 아프지 마시고 몸 건강하게 장사 계속 해주셨으면 좋겠습니다 ㅎㅎㅎ",275,False,5.0,4.7,골드 레벨,"일등식당 이란 이름에 걸맞게 망원동 뼈해장국 1등 맞습니다 ㅎㅎ 부들부들한 살코기에 국물을 머금은 시래기가 일품입니다 ㅎㅎ 재방문 의사 100프로 2번째 방문) 일요일 점심에 방문하니 제법 웨이팅 하는 인원이 있어서 20분 정도 대기 했으나 음식은 금방 나오는 편입니다.. 여전히 우거지도 맛있고 국물도 깔끔하고, 고기도 야들야들하니 특제소스 찍어먹으면 맛납니다 ㅎㅎ 저번에 사장님 수술 하신다고 몇일 쉬신다고 하셨던거 같은데 아프지 마시고 몸 건강하게 장사 계속 해주셨으면 좋겠습니다 ㅎㅎㅎ",일등식당 이란 이름에 걸맞게 망원동 뼈해장국 1등 맞습니다 부들부들한 살코기에 국물을 머금은 시래기가 일품입니다 재방문 의사 100프로 2번째 방문 일요일 점심에 방문하니 제법 웨이팅 하는 인원이 있어서 20분 정도 대기 했으나 음식은 금방 나오는 편입니다 여전히 우거지도 맛있고 국물도 깔끔하고 고기도 야들야들하니 특제소스 찍어먹으면 맛납니다 저번에 사장님 수술 하신다고 몇일 쉬신다고 하셨던거 같은데 아프지 마시고 몸 건강하게 장사 계속 해주셨으면 좋겠습니다,0,0,0,0,0,0,1,275,원
naver,쭌곱창,탁상픽,16.0,2025.12.21,2번째 방문,영수증,가게 분위기도 좋구 음식이 너무 너무 맛있어요! 매장 직원분들도 친절하셔서 좋았습니다😊,48,True,,,,가게 분위기도 좋구 음식이 너무 너무 맛있어요! 매장 직원분들도 친절하셔서 좋았습니다😊,가게 분위기도 좋구 음식이 너무 너무 맛있어요 EXCLAM 매장 직원분들도 친절하셔서 좋았습니다 EMO_POS,1,0,0,0,1,0,0,48,원
naver,각시보쌈,Mdoremi,1550.0,2025.05.06,6번째 방문,영수증,간단히 각시보쌈 정식 먹고 왔어요 요긴 늘 사람 많은 곳 ㅎ 평소엔 보쌈을 먹지만 장사가 너무 잘되서인지 고기가 양이 별로 없어 정식을 먹었네요 ㅎ 정식도 가성비 좋고 맛있네요,98,True,,,,간단히 각시보쌈 정식 먹고 왔어요 요긴 늘 사람 많은 곳 ㅎ 평소엔 보쌈을 먹지만 장사가 너무 잘되서인지 고기가 양이 별로 없어 정식을 먹었네요 ㅎ 정식도 가성비 좋고 맛있네요,간단히 각시보쌈 정식 먹고 왔어요 요긴 늘 사람 많은 곳 평소엔 보쌈을 먹지만 장사가 너무 잘되서인지 고기가 양이 별로 없어 정식을 먹었네요 정식도 가성비 좋고 맛있네요,0,0,0,0,0,0,0,98,가성비
kakao,육지,ㅇㅉ,1.0,2025-08-09,,,별 한개도 아까운 서비스였습니다 고기 태우고 음식 먹고있는데 물통 치운다고 손님 얼굴앞으로 직원 손 지나가고 이게 맞는 서비스인지 모르겠네요 다신 안갑니다,86,True,1.0,1.0,브론즈 레벨,별 한개도 아까운 서비스였습니다 고기 태우고 음식 먹고있는데 물통 치운다고 손님 얼굴앞으로 직원 손 지나가고 이게 맞는 서비스인지 모르겠네요 다신 안갑니다,별 한개도 아까운 서비스였습니다 고기 태우고 음식 먹고있는데 물통 치운다고 손님 얼굴앞으로 직원 손 지나가고 이게 맞는 서비스인지 모르겠네요 다신 안갑니다,0,0,0,0,0,0,0,86,원
naver,조선시대,lee****,14.0,2026.02.28,1번째 방문,영수증,먹다가 찍었는데 걍 존맛탱이에유 홍대에 맛있는 술집이 별로 없는데 여긴 맛있습니다... 전 닭발추천...!! 근데 맵찔이라 살짝 매운데 그래두 양념자체가 존맛..글고 술이 싸요...진심 대박 4000원대 홍대에서 첨봣아요,123,True,,,,먹다가 찍었는데 걍 존맛탱이에유 홍대에 맛있는 술집이 별로 없는데 여긴 맛있습니다... 전 닭발추천...!! 근데 맵찔이라 살짝 매운데 그래두 양념자체가 존맛..글고 술이 싸요...진심 대박 4000원대 홍대에서 첨봣아요,먹다가 찍었는데 걍 존맛탱이에유 홍대에 맛있는 술집이 별로 없는데 여긴 맛있습니다 전 닭발추천 EXCLAM 근데 맵찔이라 살짝 매운데 그래두 양념자체가 존맛 글고 술이 싸요 진심 대박 4000원대 홍대에서 첨봣아요,0,0,0,0,1,0,1,123,원
kakao,뼈탄집 성수역점,선민,2.0,2026-02-06,,,도톰한 삼겹살과 버섯 등 맛있게 구워주시는 뼈탄집!!! 직원분들도 다 친절하시고 자리도 넓어 편하기 먹기 너무 좋습니다!! 반찬도 다 맛있어요~~ 거기다 브레이크 차임도 없어 애매한 시간에 방문 하기도 좋아요~,117,True,5.0,5.0,브론즈 레벨,도톰한 삼겹살과 버섯 등 맛있게 구워주시는 뼈탄집!!! 직원분들도 다 친절하시고 자리도 넓어 편하기 먹기 너무 좋습니다!! 반찬도 다 맛있어요~~ 거기다 브레이크 차임도 없어 애매한 시간에 방문 하기도 좋아요~,도톰한 삼겹살과 버섯 등 맛있게 구워주시는 뼈탄집 EXCLAM 직원분들도 다 친절하시고 자리도 넓어 편하기 먹기 너무 좋습니다 EXCLAM 반찬도 다 맛있어요 TILDE 거기다 브레이크 차임도 없어 애매한 시간에 방문 하기도 좋아요,0,0,0,0,1,0,0,117,원
naver,홍대 육지,poi****,43.0,2026.03.20,1번째 방문,영수증,오랜만에 합정에 왔는데 지인추천으로 왔어요 직원분들이 너무 친절하시고 좋네요 :) 잘 먹었습니다!,54,True,,,,오랜만에 합정에 왔는데 지인추천으로 왔어요 직원분들이 너무 친절하시고 좋네요 :) 잘 먹었습니다!,오랜만에 합정에 왔는데 지인추천으로 왔어요 직원분들이 너무 친절하시고 좋네요 잘 먹었습니다 EXCLAM,0,0,0,0,1,0,0,54,원
naver,할머니의 레시피,깐깐한 아부지,3067.0,2025.02.21,4번째 방문,영수증,가게안도 깨끗 깔끔하고 직원분들 친절하고 음식도 전반적으로 맛있어서 가끔 오는 곳이랍니다~ 아이도 잘 먹고 잘 먹고 감니다~ 종종 들릴게요~ㅎㅎ,80,True,,,,가게안도 깨끗 깔끔하고 직원분들 친절하고 음식도 전반적으로 맛있어서 가끔 오는 곳이랍니다~ 아이도 잘 먹고 잘 먹고 감니다~ 종종 들릴게요~ㅎㅎ,가게안도 깨끗 깔끔하고 직원분들 친절하고 음식도 전반적으로 맛있어서 가끔 오는 곳이랍니다 아이도 잘 먹고 잘 먹고 감니다 종종 들릴게요,0,0,0,0,0,0,0,80,원
naver,옥동식,발렌시아89,3.0,2025.05.30,1번째 방문,영수증,"거품이고 비추. 일단 대기시간이 너무 긴게 가장 큼. 동네주민들이나 집에서 대기하다 와서 먹으면 될듯. 가격과 맛, 음식의 질도 광화문국밥이 더 나음. 기다린게 너무 아까워서 먹긴 했는데 다시 갈일 없을듯. 솔직히 웨이팅 없어도 갈까 말까임. 웨이팅시간을 대략적으로라도 알려줬으면 기다리지 않았을듯.",167,True,,,,"거품이고 비추. 일단 대기시간이 너무 긴게 가장 큼. 동네주민들이나 집에서 대기하다 와서 먹으면 될듯. 가격과 맛, 음식의 질도 광화문국밥이 더 나음. 기다린게 너무 아까워서 먹긴 했는데 다시 갈일 없을듯. 솔직히 웨이팅 없어도 갈까 말까임. 웨이팅시간을 대략적으로라도 알려줬으면 기다리지 않았을듯.",거품이고 비추 일단 대기시간이 너무 긴게 가장 큼 동네주민들이나 집에서 대기하다 와서 먹으면 될듯 가격과 맛 음식의 질도 광화문국밥이 더 나음 기다린게 너무 아까워서 먹긴 했는데 다시 갈일 없을듯 솔직히 웨이팅 없어도 갈까 말까임 웨이팅시간을 대략적으로라도 알려줬으면 기다리지 않았을듯,0,0,0,0,0,0,0,167,가격
naver,락희옥 마포본점,snugdori,517.0,2025.10.04,1번째 방문,영수증,반값할인으로 맛있게 잘 먹었어요,17,True,,,,반값할인으로 맛있게 잘 먹었어요,반값할인으로 맛있게 잘 먹었어요,0,0,0,0,0,0,0,17,"값, 할인"
naver,소문난성수감자탕,헐미키,952.0,2026.02.11,1번째 방문,예약,"성수명물 소문남감자탕에서 1인메뉴인 뼈해장국이 있어서 그걸로 주문했습니다. 시래기뼈해장국 13,000원으로 양 진~~짜 많아요!! 뼈도 많고 감자도 들어가 있고 시래기는 살짝 묵은지 같습니다. 맛있어요. 요즘 별관이 생겨서 그런지 오후 8시 쯤 갔는데도 웨이팅 많이 안했어요.",154,True,,,,"성수명물 소문남감자탕에서 1인메뉴인 뼈해장국이 있어서 그걸로 주문했습니다. 시래기뼈해장국 13,000원으로 양 진~~짜 많아요!! 뼈도 많고 감자도 들어가 있고 시래기는 살짝 묵은지 같습니다. 맛있어요. 요즘 별관이 생겨서 그런지 오후 8시 쯤 갔는데도 웨이팅 많이 안했어요.",성수명물 소문남감자탕에서 1인메뉴인 뼈해장국이 있어서 그걸로 주문했습니다 시래기뼈해장국 13 000원으로 양 진 TILDE 짜 많아요 EXCLAM 뼈도 많고 감자도 들어가 있고 시래기는 살짝 묵은지 같습니다 맛있어요 요즘 별관이 생겨서 그런지 오후 8시 쯤 갔는데도 웨이팅 많이 안했어요,0,0,0,0,1,0,1,154,원
naver,락희옥 마포본점,냠냠척척,2.0,2025.10.21,1번째 방문,영수증,"친구랑 가볍게 저녁 먹으러 갔는데, 너무 맛있었어요! 반찬도 다 맛있고 직원분들도 친절해요👍",51,True,,,,"친구랑 가볍게 저녁 먹으러 갔는데, 너무 맛있었어요! 반찬도 다 맛있고 직원분들도 친절해요👍",친구랑 가볍게 저녁 먹으러 갔는데 너무 맛있었어요 EXCLAM 반찬도 다 맛있고 직원분들도 친절해요 EMO_POS,1,0,0,0,1,0,0,51,원
naver,굴다리식당,펀드매니저 문견후,592.0,2026.02.16,1번째 방문,영수증,이원일홍석천보고 간 곳 김치찌게는 맛나고 제육은 그 날의 고기에 따라 달라질듯?😁,45,True,,,,이원일홍석천보고 간 곳 김치찌게는 맛나고 제육은 그 날의 고기에 따라 달라질듯?😁,이원일홍석천보고 간 곳 김치찌게는 맛나고 제육은 그 날의 고기에 따라 달라질듯 QUESTION EMO_POS,1,0,0,0,0,1,0,45,원
kakao,홍대 조선시대,윤정은,1.0,2026-02-07,,,직원분들 친절하시구 분위기가 좋아요~!,21,True,5.0,5.0,브론즈 레벨,직원분들 친절하시구 분위기가 좋아요~!,직원분들 친절하시구 분위기가 좋아요 EXCLAM,0,0,0,0,1,0,0,21,원
naver,락희옥 마포본점,Summer Greens,1002.0,2026.03.29,1번째 방문,영수증,친구들 점심 모임으로 예약후 이용. 낮부터 술 마실 수 있는 곳이라 밥값이라기보다 안주 값임. 맛은 괜찮았고 가격대비 양은 조금 적은 느낌. 식사만 하러가긴 좀 그렇고 술 좋아하는 사람은 괜찮을 듯. 친절하시고 깨끗함. 주차 편함.,129,True,,,,친구들 점심 모임으로 예약후 이용. 낮부터 술 마실 수 있는 곳이라 밥값이라기보다 안주 값임. 맛은 괜찮았고 가격대비 양은 조금 적은 느낌. 식사만 하러가긴 좀 그렇고 술 좋아하는 사람은 괜찮을 듯. 친절하시고 깨끗함. 주차 편함.,친구들 점심 모임으로 예약후 이용 낮부터 술 마실 수 있는 곳이라 밥값이라기보다 안주 값임 맛은 괜찮았고 가격대비 양은 조금 적은 느낌 식사만 하러가긴 좀 그렇고 술 좋아하는 사람은 괜찮을 듯 친절하시고 깨끗함 주차 편함,0,0,0,0,0,0,0,129,"가격, 값, 가격대"
kakao,장인닭갈비 홍대점,챠니챠니,10.0,2025-02-08,,,쌈채소에 하루살이벌레 수십게 붙어있길래 불러서 말하니까 쌈채소그릇 가져가더니 아무런응대도없고 볶음밥달라할때 쌈채소 벌레너무많으니까 한번다시 씻어야할거같다니까 대답도안하고감 ㅋㅋㅋㅋㅋㅋㅋ 개역겨워서 진짜 위생이라곤 없고 맛도 싱겁고 다신안갈곳 외국인상대하는곳같은데 사장인성 가게직원인성 위생까지 아주 더러운곳 다신안감 주변에 다가지말라할거임,189,False,1.0,1.7,실버 레벨,쌈채소에 하루살이벌레 수십게 붙어있길래 불러서 말하니까 쌈채소그릇 가져가더니 아무런응대도없고 볶음밥달라할때 쌈채소 벌레너무많으니까 한번다시 씻어야할거같다니까 대답도안하고감 ㅋㅋㅋㅋㅋㅋㅋ 개역겨워서 진짜 위생이라곤 없고 맛도 싱겁고 다신안갈곳 외국인상대하는곳같은데 사장인성 가게직원인성 위생까지 아주 더러운곳 다신안감 주변에 다가지말라할거임,쌈채소에 하루살이벌레 수십게 붙어있길래 불러서 말하니까 쌈채소그릇 가져가더니 아무런응대도없고 볶음밥달라할때 쌈채소 벌레너무많으니까 한번다시 씻어야할거같다니까 대답도안하고감 개역겨워서 진짜 위생이라곤 없고 맛도 싱겁고 다신안갈곳 외국인상대하는곳같은데 사장인성 가게직원인성 위생까지 아주 더러운곳 다신안감 주변에 다가지말라할거임,0,0,0,0,0,0,0,189,원
naver,쭌곱창,IR63,20.0,2026.01.17,1번째 방문,영수증,맛있어요♡♡ 직원분도 넘 친절하셔서 좋았습니당,25,True,,,,맛있어요♡♡ 직원분도 넘 친절하셔서 좋았습니당,맛있어요 EMO_POS EMO_POS 직원분도 넘 친절하셔서 좋았습니당,1,0,0,0,0,0,0,25,원
kakao,장인닭갈비 홍대점,호빵,48.0,2025-12-14,,,닭갈비집중에서 원탑이에요! ㅎ 친구들이랑 양푸짐해서 든든하게 먹었는데 사리종류도많아서 다양하게 즐기기도 좋았어요👍,63,False,5.0,5.0,실버 레벨,닭갈비집중에서 원탑이에요! ㅎ 친구들이랑 양푸짐해서 든든하게 먹었는데 사리종류도많아서 다양하게 즐기기도 좋았어요👍,닭갈비집중에서 원탑이에요 EXCLAM 친구들이랑 양푸짐해서 든든하게 먹었는데 사리종류도많아서 다양하게 즐기기도 좋았어요 EMO_POS,1,0,0,0,1,0,0,63,원
naver,장인닭갈비 홍대점,jib****,94.0,2025.12.14,16번째 방문,영수증,"입대 전 거의 마지막 장인닭갈비,,, 오늘 오고 1년이 지나서야 올것만 같은 느낌..아쉽긴 하지만 국방의 의무 때문에 가야지,,, 입장 전부터 봤던 중국인 손님과 함께 입장해서 메뉴 투이지엔 해드렸는데 직원분께 제제당함^^ 맛은 있어서 다행ㅎ 휴가 나와서 오던지 할게용",150,True,,,,"입대 전 거의 마지막 장인닭갈비,,, 오늘 오고 1년이 지나서야 올것만 같은 느낌..아쉽긴 하지만 국방의 의무 때문에 가야지,,, 입장 전부터 봤던 중국인 손님과 함께 입장해서 메뉴 투이지엔 해드렸는데 직원분께 제제당함^^ 맛은 있어서 다행ㅎ 휴가 나와서 오던지 할게용",입대 전 거의 마지막 장인닭갈비 오늘 오고 1년이 지나서야 올것만 같은 느낌 아쉽긴 하지만 국방의 의무 때문에 가야지 입장 전부터 봤던 중국인 손님과 함께 입장해서 메뉴 투이지엔 해드렸는데 직원분께 제제당함 맛은 있어서 다행 휴가 나와서 오던지 할게용,0,0,0,0,0,0,1,150,원
naver,옥동식,하예딩고미샤전국상위일프로리뷰어,1090.0,2025.12.30,1번째 방문,영수증,엥 진짜 겁나맛있음...... 곰탕 그렇게 안좋아하는데 너무 맛있어요.. 아침 8:30에 현장 캐치테이블 거니 2번이고 11시오픈하자마자 들어가서 먹엇어요! 내부 자리는 ㄱ자 바 형태고 10-12정도 자리있는것 같아요 너무너무 맛있어요 특히 김치가 경상도사람 향수자극하는 할머니김치맛이라 너무너무 좋음 고추지도 억지스러운 다데기아니고 고추속 그자체맛이 살아있는데 전반적으로 정말 깔끔하고 돼지 향이 구수한데 정말 깔끔하게 나요...... 일반 시켜도 고기가 정말 얇게 되게 많아서 보통양드시는 성인여자들 배터질듯요! 맛과 양에 비해 가격싼거같아요 김치만두도 저는 맛있었어요 잡내안나고 냉동아니라 진짜 촉촉하고 담백하고 너무 좋았어요 깔끔히 다 비우고 포장해왔습니다 행복한 한끼!!!!!!!!!!,388,True,,,,엥 진짜 겁나맛있음...... 곰탕 그렇게 안좋아하는데 너무 맛있어요.. 아침 8:30에 현장 캐치테이블 거니 2번이고 11시오픈하자마자 들어가서 먹엇어요! 내부 자리는 ㄱ자 바 형태고 10-12정도 자리있는것 같아요 너무너무 맛있어요 특히 김치가 경상도사람 향수자극하는 할머니김치맛이라 너무너무 좋음 고추지도 억지스러운 다데기아니고 고추속 그자체맛이 살아있는데 전반적으로 정말 깔끔하고 돼지 향이 구수한데 정말 깔끔하게 나요...... 일반 시켜도 고기가 정말 얇게 되게 많아서 보통양드시는 성인여자들 배터질듯요! 맛과 양에 비해 가격싼거같아요 김치만두도 저는 맛있었어요 잡내안나고 냉동아니라 진짜 촉촉하고 담백하고 너무 좋았어요 깔끔히 다 비우고 포장해왔습니다 행복한 한끼!!!!!!!!!!,엥 진짜 겁나맛있음 곰탕 그렇게 안좋아하는데 너무 맛있어요 아침 8 30에 현장 캐치테이블 거니 2번이고 11시오픈하자마자 들어가서 먹엇어요 EXCLAM 내부 자리는 자 바 형태고 10 12정도 자리있는것 같아요 너무너무 맛있어요 특히 김치가 경상도사람 향수자극하는 할머니김치맛이라 너무너무 좋음 고추지도 억지스러운 다데기아니고 고추속 그자체맛이 살아있는데 전반적으로 정말 깔끔하고 돼지 향이 구수한데 정말 깔끔하게 나요 일반 시켜도 고기가 정말 얇게 되게 많아서 보통양드시는 성인여자들 배터질듯요 EXCLAM 맛과 양에 비해 가격싼거같아요 김치만두도 저는 맛있었어요 잡내안나고 냉동아니라 진짜 촉촉하고 담백하고 너무 좋았어요 깔끔히 다 비우고 포장해왔습니다 행복한 한끼 EXCLAM,0,0,0,0,1,0,1,388,가격
naver,육산장 홍대본점,Dtayhxt,130.0,2026.03.28,1번째 방문,영수증,직원분들이 친절하고 고기질이 좋아요~ 맛있어요!!,27,True,,,,직원분들이 친절하고 고기질이 좋아요~ 맛있어요!!,직원분들이 친절하고 고기질이 좋아요 맛있어요 EXCLAM,0,0,0,0,1,0,0,27,원
naver,홍대 육지,snha13051,50.0,2026.04.11,1번째 방문,영수증,너무너무어무 맛잇는 집이고 무조건 또 오게될거 같습니다 합정내에서 고기집1등이라 생각합니다 야채도 푸짐하고 무엇보다 직원 분들 활기 넘치시고 너무 친절하셔서 너무 잘먹었습니다 또오겠습니다 !!,107,True,,,,너무너무어무 맛잇는 집이고 무조건 또 오게될거 같습니다 합정내에서 고기집1등이라 생각합니다 야채도 푸짐하고 무엇보다 직원 분들 활기 넘치시고 너무 친절하셔서 너무 잘먹었습니다 또오겠습니다 !!,너무너무어무 맛잇는 집이고 무조건 또 오게될거 같습니다 합정내에서 고기집1등이라 생각합니다 야채도 푸짐하고 무엇보다 직원 분들 활기 넘치시고 너무 친절하셔서 너무 잘먹었습니다 또오겠습니다 EXCLAM,0,0,0,0,1,0,1,107,원
naver,장인닭갈비 홍대점,임누뿅,9.0,2026.04.11,1번째 방문,영수증,줄서야 해서 엄청 오래 기다릴줄 알았는데 생각보다 빨리 들어왔어요 10분도 안기다린듯 ㅋㅋㅋ 외국인 관광객이 엄청 많아서 놀랐어요 쌈먹는 법도 설명 써져있어서 재밌네요 ㅋㅋㅋ 닭갈비 양도 많고 맛은 뭐 말해뭐해 ㅋㅋㅋㅋ 런치 메뮤라 가성비도 좋고 접근성도 좋습니다 덕분에 행복한 주말 런치 즐기고 가요~,169,True,,,,줄서야 해서 엄청 오래 기다릴줄 알았는데 생각보다 빨리 들어왔어요 10분도 안기다린듯 ㅋㅋㅋ 외국인 관광객이 엄청 많아서 놀랐어요 쌈먹는 법도 설명 써져있어서 재밌네요 ㅋㅋㅋ 닭갈비 양도 많고 맛은 뭐 말해뭐해 ㅋㅋㅋㅋ 런치 메뮤라 가성비도 좋고 접근성도 좋습니다 덕분에 행복한 주말 런치 즐기고 가요~,줄서야 해서 엄청 오래 기다릴줄 알았는데 생각보다 빨리 들어왔어요 10분도 안기다린듯 외국인 관광객이 엄청 많아서 놀랐어요 쌈먹는 법도 설명 써져있어서 재밌네요 닭갈비 양도 많고 맛은 뭐 말해뭐해 런치 메뮤라 가성비도 좋고 접근성도 좋습니다 덕분에 행복한 주말 런치 즐기고 가요,0,0,0,0,0,0,1,169,가성비
naver,할머니의 레시피,사라068,5.0,2025.09.07,1번째 방문,예약,웨이팅있어서 조금 기대했는데 실망ㅠ음식양이 너무 적음. 반찬은 정말 엄지손톱마냥 적게 나오고 맛도 그냥저냥..양이 적어서 신선한 맛인지도 모르겠..떡갈비 먹었는데 흔한 싸구려 기름진 떡갈비맛. 가격이 싼것도 아님,118,False,,,,웨이팅있어서 조금 기대했는데 실망ㅠ음식양이 너무 적음. 반찬은 정말 엄지손톱마냥 적게 나오고 맛도 그냥저냥..양이 적어서 신선한 맛인지도 모르겠..떡갈비 먹었는데 흔한 싸구려 기름진 떡갈비맛. 가격이 싼것도 아님,웨이팅있어서 조금 기대했는데 실망 음식양이 너무 적음 반찬은 정말 엄지손톱마냥 적게 나오고 맛도 그냥저냥 양이 적어서 신선한 맛인지도 모르겠 떡갈비 먹었는데 흔한 싸구려 기름진 떡갈비맛 가격이 싼것도 아님,0,0,0,0,0,0,0,118,가격
naver,이태리국시 성수,Keanu33,84.0,2026.04.05,1번째 방문,영수증,서울숲 벚꽃구경하러 온김에 예약하고 방문했는데 너무 맛있어요 대창파스타 특이하고 맛있어요 ㅎㅎ 매콤해서 대창이 느끼하지 않네요 리조또도 넘 맛있어요! 직원분들도 친절하고 분위기도 좋아요^^,105,True,,,,서울숲 벚꽃구경하러 온김에 예약하고 방문했는데 너무 맛있어요 대창파스타 특이하고 맛있어요 ㅎㅎ 매콤해서 대창이 느끼하지 않네요 리조또도 넘 맛있어요! 직원분들도 친절하고 분위기도 좋아요^^,서울숲 벚꽃구경하러 온김에 예약하고 방문했는데 너무 맛있어요 대창파스타 특이하고 맛있어요 매콤해서 대창이 느끼하지 않네요 리조또도 넘 맛있어요 EXCLAM 직원분들도 친절하고 분위기도 좋아요,0,0,0,0,1,0,0,105,원
naver,홍대 육지,하열12,2.0,2026.03.15,1번째 방문,영수증,고기와 음식이 정말 맛있어요! 사진은 없는 동미치막국수랑 고기랑 찰떡이라 진짜 꼭 싸먹어야해요 직원분도 너무 친절하시고 유머러스하셔서 너무 즐겁게 먹었습니다!,88,True,,,,고기와 음식이 정말 맛있어요! 사진은 없는 동미치막국수랑 고기랑 찰떡이라 진짜 꼭 싸먹어야해요 직원분도 너무 친절하시고 유머러스하셔서 너무 즐겁게 먹었습니다!,고기와 음식이 정말 맛있어요 EXCLAM 사진은 없는 동미치막국수랑 고기랑 찰떡이라 진짜 꼭 싸먹어야해요 직원분도 너무 친절하시고 유머러스하셔서 너무 즐겁게 먹었습니다 EXCLAM,0,0,0,0,1,0,0,88,원
kakao,이태리국시 성수,aiii,3.0,2026-04-28,,,"성수에서 분위기 좋은 파스타집 찾다가 방문했는데 완전 만족했어요. 숯불대돌솥파스타는 비주얼부터 압도적이고, 불향이 은은하게 올라와서 일반 파스타랑은 완전 다른 느낌이에요. 대창(?) 식감이 쫄깃하면서 소스랑 잘 어울려서 계속 손이 가는 맛이었어요. 매콤하면서도 꾸덕한 느낌이라 숟가락 멈추기 힘듦… 반계마늘돌솥리조또는 완전 반전 메뉴. 크림 베이스가 엄청 부드럽고 고소한데, 위에 올라간 닭다리가 진짜 잘 구워져서 겉바속촉 제대로였어요. 마늘향도 과하지 않고 딱 좋게 올라와서 전체 밸런스가 좋았어요. 매장도 깔끔하고 조용한 편이라 대화하기 좋고, 소개팅이나 데이트로도 괜찮을 듯. 직원분들도 친절해서 기분 좋게 식사했어요. 성수에서 색다른 파스타 먹고 싶으면 재방문 의사 있음 👍",381,True,5.0,3.7,브론즈 레벨,"성수에서 분위기 좋은 파스타집 찾다가 방문했는데 완전 만족했어요. 숯불대돌솥파스타는 비주얼부터 압도적이고, 불향이 은은하게 올라와서 일반 파스타랑은 완전 다른 느낌이에요. 대창(?) 식감이 쫄깃하면서 소스랑 잘 어울려서 계속 손이 가는 맛이었어요. 매콤하면서도 꾸덕한 느낌이라 숟가락 멈추기 힘듦… 반계마늘돌솥리조또는 완전 반전 메뉴. 크림 베이스가 엄청 부드럽고 고소한데, 위에 올라간 닭다리가 진짜 잘 구워져서 겉바속촉 제대로였어요. 마늘향도 과하지 않고 딱 좋게 올라와서 전체 밸런스가 좋았어요. 매장도 깔끔하고 조용한 편이라 대화하기 좋고, 소개팅이나 데이트로도 괜찮을 듯. 직원분들도 친절해서 기분 좋게 식사했어요. 성수에서 색다른 파스타 먹고 싶으면 재방문 의사 있음 👍",성수에서 분위기 좋은 파스타집 찾다가 방문했는데 완전 만족했어요 숯불대돌솥파스타는 비주얼부터 압도적이고 불향이 은은하게 올라와서 일반 파스타랑은 완전 다른 느낌이에요 대창 QUESTION 식감이 쫄깃하면서 소스랑 잘 어울려서 계속 손이 가는 맛이었어요 매콤하면서도 꾸덕한 느낌이라 숟가락 멈추기 힘듦 반계마늘돌솥리조또는 완전 반전 메뉴 크림 베이스가 엄청 부드럽고 고소한데 위에 올라간 닭다리가 진짜 잘 구워져서 겉바속촉 제대로였어요 마늘향도 과하지 않고 딱 좋게 올라와서 전체 밸런스가 좋았어요 매장도 깔끔하고 조용한 편이라 대화하기 좋고 소개팅이나 데이트로도 괜찮을 듯 직원분들도 친절해서 기분 좋게 식사했어요 성수에서 색다른 파스타 먹고 싶으면 재방문 의사 있음 EMO_POS,1,0,0,0,0,1,0,381,원
naver,이태리국시 성수,luc****,59.0,2026.04.26,1번째 방문,영수증,성수동에 이태리국시 왔어요! 종업원 분등도 다 너무 친절하시고 깍두기 리조또랑 바질해산물국물파스타 시켰는데 해산물이 정말 많고 맛있네요! 분위기도 좋아서 남자친구랑 데이트 잘 했습니다 ㅎㅎ 다음번에 친구들과도 올게요!💕🤍,123,True,,,,성수동에 이태리국시 왔어요! 종업원 분등도 다 너무 친절하시고 깍두기 리조또랑 바질해산물국물파스타 시켰는데 해산물이 정말 많고 맛있네요! 분위기도 좋아서 남자친구랑 데이트 잘 했습니다 ㅎㅎ 다음번에 친구들과도 올게요!💕🤍,성수동에 이태리국시 왔어요 EXCLAM 종업원 분등도 다 너무 친절하시고 깍두기 리조또랑 바질해산물국물파스타 시켰는데 해산물이 정말 많고 맛있네요 EXCLAM 분위기도 좋아서 남자친구랑 데이트 잘 했습니다 다음번에 친구들과도 올게요 EXCLAM EMO_POS EMO_POS,1,0,0,0,1,0,0,123,원
naver,굴다리식당,온토리짱,31.0,2025.07.15,1번째 방문,영수증,가성비 양도 많고 아주 훌륭합니다 보기와 다르게 메인 음식과 반찬 간이 강하지 않고 가짓수도 많고 아주 잘 먹고왔어요!,66,True,,,,가성비 양도 많고 아주 훌륭합니다 보기와 다르게 메인 음식과 반찬 간이 강하지 않고 가짓수도 많고 아주 잘 먹고왔어요!,가성비 양도 많고 아주 훌륭합니다 보기와 다르게 메인 음식과 반찬 간이 강하지 않고 가짓수도 많고 아주 잘 먹고왔어요 EXCLAM,0,0,0,0,1,0,0,66,가성비
naver,훼미리손칼국수보쌈,Y3AH,252.0,2026.03.29,1번째 방문,예약,"성수에서 15,000원에 칼국수 포함 보쌈정식이라니,, 가성비가 조아요 고기는 살코기 부분이 퍽퍽한 느낌이 있었는데 보쌈김치가 넘 맛있었어요 조금 달긴했지만 보쌈이랑 조합이 👍🏻 칼국수는 사골 베이스에 후추 맛이 많이 나는 스타일인데 깔끔하게 맛있었어요! 주말 16시 반에 방문했고, 웨이팅은 없었는데 혼자여서 합석해야 될 수도 있다고 안내 받았습니당~",197,True,,,,"성수에서 15,000원에 칼국수 포함 보쌈정식이라니,, 가성비가 조아요 고기는 살코기 부분이 퍽퍽한 느낌이 있었는데 보쌈김치가 넘 맛있었어요 조금 달긴했지만 보쌈이랑 조합이 👍🏻 칼국수는 사골 베이스에 후추 맛이 많이 나는 스타일인데 깔끔하게 맛있었어요! 주말 16시 반에 방문했고, 웨이팅은 없었는데 혼자여서 합석해야 될 수도 있다고 안내 받았습니당~",성수에서 15 000원에 칼국수 포함 보쌈정식이라니 가성비가 조아요 고기는 살코기 부분이 퍽퍽한 느낌이 있었는데 보쌈김치가 넘 맛있었어요 조금 달긴했지만 보쌈이랑 조합이 EMO_POS 칼국수는 사골 베이스에 후추 맛이 많이 나는 스타일인데 깔끔하게 맛있었어요 EXCLAM 주말 16시 반에 방문했고 웨이팅은 없었는데 혼자여서 합석해야 될 수도 있다고 안내 받았습니당,1,0,0,0,1,0,1,197,"가성비, 원"
kakao,훼미리손칼국수보쌈,쿨제이,50.0,2026-02-19,,,"항상 웨이팅이 긴 집이라 평일 어지간한 시간에 방문하니 바로 먹을수있고 좋네요ㅎ 여긴 90%이상이 보쌈정식을 시키고 일하시는 분들도 정식 먹으라고 권유하십니다^^ 시그니처 메뉴이기도 하고 양도 푸짐해요. 보쌈고기,알배추에 소주 한잔 먹고 있으면 칼국수랑 밥(1인용) 갖다주세요. 고기누린내도 없고 식당도 깔끔하니 좋아요. 맛이 특별한 곳이라기보다 가성비 좋은 노포라고 보시면 됩니다",213,False,5.0,3.6,실버 레벨,"항상 웨이팅이 긴 집이라 평일 어지간한 시간에 방문하니 바로 먹을수있고 좋네요ㅎ 여긴 90%이상이 보쌈정식을 시키고 일하시는 분들도 정식 먹으라고 권유하십니다^^ 시그니처 메뉴이기도 하고 양도 푸짐해요. 보쌈고기,알배추에 소주 한잔 먹고 있으면 칼국수랑 밥(1인용) 갖다주세요. 고기누린내도 없고 식당도 깔끔하니 좋아요. 맛이 특별한 곳이라기보다 가성비 좋은 노포라고 보시면 됩니다",항상 웨이팅이 긴 집이라 평일 어지간한 시간에 방문하니 바로 먹을수있고 좋네요 여긴 90 이상이 보쌈정식을 시키고 일하시는 분들도 정식 먹으라고 권유하십니다 시그니처 메뉴이기도 하고 양도 푸짐해요 보쌈고기 알배추에 소주 한잔 먹고 있으면 칼국수랑 밥 1인용 갖다주세요 고기누린내도 없고 식당도 깔끔하니 좋아요 맛이 특별한 곳이라기보다 가성비 좋은 노포라고 보시면 됩니다,0,0,0,0,0,0,1,213,가성비
naver,뼈탄집 성수역점,gra****,8.0,2026.03.07,1번째 방문,영수증,"삼겹목살 세트 계탄밥으로 2인이 배불리 먹었어요. 고기 부드럽고 숯불 잘 관리하고 구워주셔서 정갈하게 삼겹살 한입 한입 먹었네요!! 양 많은데 맛있어서 배 한도까지 꽉 채워 먹었고요. 묵은지+소스 조합으로 먹는 것 강추!합니다. 공간 넓어서 단체 회식하기도 좋아보이고, 직원 친절하고 서비스 깔끔. 점심 메뉴도 좋던데 근처 직장이었으면 방문 했을텐데 아쉬워요ㅠ 가서 기다리며 먹기만 하면 되니 추천드려요",225,True,,,,"삼겹목살 세트 계탄밥으로 2인이 배불리 먹었어요. 고기 부드럽고 숯불 잘 관리하고 구워주셔서 정갈하게 삼겹살 한입 한입 먹었네요!! 양 많은데 맛있어서 배 한도까지 꽉 채워 먹었고요. 묵은지+소스 조합으로 먹는 것 강추!합니다. 공간 넓어서 단체 회식하기도 좋아보이고, 직원 친절하고 서비스 깔끔. 점심 메뉴도 좋던데 근처 직장이었으면 방문 했을텐데 아쉬워요ㅠ 가서 기다리며 먹기만 하면 되니 추천드려요",삼겹목살 세트 계탄밥으로 2인이 배불리 먹었어요 고기 부드럽고 숯불 잘 관리하고 구워주셔서 정갈하게 삼겹살 한입 한입 먹었네요 EXCLAM 양 많은데 맛있어서 배 한도까지 꽉 채워 먹었고요 묵은지 소스 조합으로 먹는 것 강추 EXCLAM 합니다 공간 넓어서 단체 회식하기도 좋아보이고 직원 친절하고 서비스 깔끔 점심 메뉴도 좋던데 근처 직장이었으면 방문 했을텐데 아쉬워요 가서 기다리며 먹기만 하면 되니 추천드려요,0,0,0,0,1,0,1,225,원
kakao,훼미리손칼국수보쌈,닉,129.0,2025-04-12,,,여길 왜 웨이팅할까요..올해 최대 의문점이 되었습니다. 참 의아합니다 보쌈은 그냥 보쌈이고 칼국수는 사골국물 느낌이라 호불호 갈릴 것 같다고 생각했습니다 전 피크타임에 가지않아서 웨이팅하진 않았는데 친구가 여기 웨이팅해서 먹는다고하면 뜯어말립니다 구성이 좋긴한데 굳이? 두 번 갈 맛은 아니에요 가게 입장 후 자리 안내해준 직원분도 친절하다고 느껴지진 않았습니다 뒤쪽으로 가라고 퉁명스럽게 말씀하시고 서빙해주시는 직원분도 쟁반 그냥 던지듯이 휙휙 놓으시더라고요 그렇게 던지시다가 옆테이블 접시는 흐트러뜨리시더라고요 ㅋㅋㅋ 외국인 테이블이었는데.. 참 부끄럽습니다 ㅎ 바쁜건 알지만 그렇게 놓을 필요가 있나요? 주문도 바로바로 안들어가고~ 가게 직원들보다 손님들이 친절해야되는 가게 ㅎ 결론은 맛없는건 아닌데 특색없고 서비스가 별로입니다~,412,,2.0,4.2,골드 레벨,여길 왜 웨이팅할까요..올해 최대 의문점이 되었습니다. 참 의아합니다 보쌈은 그냥 보쌈이고 칼국수는 사골국물 느낌이라 호불호 갈릴 것 같다고 생각했습니다 전 피크타임에 가지않아서 웨이팅하진 않았는데 친구가 여기 웨이팅해서 먹는다고하면 뜯어말립니다 구성이 좋긴한데 굳이? 두 번 갈 맛은 아니에요 가게 입장 후 자리 안내해준 직원분도 친절하다고 느껴지진 않았습니다 뒤쪽으로 가라고 퉁명스럽게 말씀하시고 서빙해주시는 직원분도 쟁반 그냥 던지듯이 휙휙 놓으시더라고요 그렇게 던지시다가 옆테이블 접시는 흐트러뜨리시더라고요 ㅋㅋㅋ 외국인 테이블이었는데.. 참 부끄럽습니다 ㅎ 바쁜건 알지만 그렇게 놓을 필요가 있나요? 주문도 바로바로 안들어가고~ 가게 직원들보다 손님들이 친절해야되는 가게 ㅎ 결론은 맛없는건 아닌데 특색없고 서비스가 별로입니다~,여길 왜 웨이팅할까요 올해 최대 의문점이 되었습니다 참 의아합니다 보쌈은 그냥 보쌈이고 칼국수는 사골국물 느낌이라 호불호 갈릴 것 같다고 생각했습니다 전 피크타임에 가지않아서 웨이팅하진 않았는데 친구가 여기 웨이팅해서 먹는다고하면 뜯어말립니다 구성이 좋긴한데 굳이 QUESTION 두 번 갈 맛은 아니에요 가게 입장 후 자리 안내해준 직원분도 친절하다고 느껴지진 않았습니다 뒤쪽으로 가라고 퉁명스럽게 말씀하시고 서빙해주시는 직원분도 쟁반 그냥 던지듯이 휙휙 놓으시더라고요 그렇게 던지시다가 옆테이블 접시는 흐트러뜨리시더라고요 외국인 테이블이었는데 참 부끄럽습니다 바쁜건 알지만 그렇게 놓을 필요가 있나요 QUESTION 주문도 바로바로 안들어가고 가게 직원들보다 손님들이 친절해야되는 가게 결론은 맛없는건 아닌데 특색없고 서비스가 별로입니다,0,0,0,0,0,1,0,412,원
kakao,락희옥 마포본점,흰둥이네,86.0,2025-11-29,,,"음식들이 어느정도 맛은 있으나, 가격은 정말 비싸고 양은 정말 적음. 그렇다고 엄청나게 고급 분위기도 아님",59,True,1.0,3.5,골드 레벨,"음식들이 어느정도 맛은 있으나, 가격은 정말 비싸고 양은 정말 적음. 그렇다고 엄청나게 고급 분위기도 아님",음식들이 어느정도 맛은 있으나 가격은 정말 비싸고 양은 정말 적음 그렇다고 엄청나게 고급 분위기도 아님,0,0,0,0,0,0,0,59,"가격, 비싸"
naver,일등식당,먹뷰실록,264.0,2025.06.25,2번째 방문,영수증,"간단리뷰 - 포장은 1인분 8000원에 특해장국 양으로 나오고, 대신 밥 반찬 소스는 없어요 / 포장용기 비용 1000원 추가 되요, 매장에 포장 손님 많아서 여러개 포장 되어 있어요 / 2인분 포장하니 포장용기 큰거에 가득 들어 있고, 집에서 큰 궁중팬에 넣어보니 가득 이네요~ / 뼈고기 개수 세어보니 8개 덩어리 들어 있네요. 가볍게 2개씩 먹으면 4번 정도 먹을 수는 있는데, 그래도 넉넉히 먹으려면 4개씩 2번 먹는게 나은듯 했어요.",247,True,,,,"간단리뷰 - 포장은 1인분 8000원에 특해장국 양으로 나오고, 대신 밥 반찬 소스는 없어요 / 포장용기 비용 1000원 추가 되요, 매장에 포장 손님 많아서 여러개 포장 되어 있어요 / 2인분 포장하니 포장용기 큰거에 가득 들어 있고, 집에서 큰 궁중팬에 넣어보니 가득 이네요~ / 뼈고기 개수 세어보니 8개 덩어리 들어 있네요. 가볍게 2개씩 먹으면 4번 정도 먹을 수는 있는데, 그래도 넉넉히 먹으려면 4개씩 2번 먹는게 나은듯 했어요.",간단리뷰 포장은 1인분 8000원에 특해장국 양으로 나오고 대신 밥 반찬 소스는 없어요 포장용기 비용 1000원 추가 되요 매장에 포장 손님 많아서 여러개 포장 되어 있어요 2인분 포장하니 포장용기 큰거에 가득 들어 있고 집에서 큰 궁중팬에 넣어보니 가득 이네요 뼈고기 개수 세어보니 8개 덩어리 들어 있네요 가볍게 2개씩 먹으면 4번 정도 먹을 수는 있는데 그래도 넉넉히 먹으려면 4개씩 2번 먹는게 나은듯 했어요,0,0,0,0,0,0,1,247,"원, 비용"
naver,굴다리식당,오이가싫은사람,259.0,2025.02.01,1번째 방문,예약,진짜 추운날에 시원한 김치찌게가 먹고 싶어 들어갔는데 들어가자마자 빨리 나왔고 아이랑 같이 식탁자리 말고 앉아서 먹는데 장판에 엉뜨도 되어있어서 따뜻하게 잘먹고 왔어요~ 양 엄청나구요 배불러서 다 못먹고 나왔어요 😂,120,True,,,,진짜 추운날에 시원한 김치찌게가 먹고 싶어 들어갔는데 들어가자마자 빨리 나왔고 아이랑 같이 식탁자리 말고 앉아서 먹는데 장판에 엉뜨도 되어있어서 따뜻하게 잘먹고 왔어요~ 양 엄청나구요 배불러서 다 못먹고 나왔어요 😂,진짜 추운날에 시원한 김치찌게가 먹고 싶어 들어갔는데 들어가자마자 빨리 나왔고 아이랑 같이 식탁자리 말고 앉아서 먹는데 장판에 엉뜨도 되어있어서 따뜻하게 잘먹고 왔어요 양 엄청나구요 배불러서 다 못먹고 나왔어요 EMO_LAUGH,0,0,1,0,0,0,0,120,원
naver,일등식당,Nikc,599.0,2025.04.20,1번째 방문,,"★4.3 우거지의 탱탱한 식감이 좋다. 우거지 맛집. 뼈 살이 살살 녹고 육즙이 좋다. 국물은 맑고 깨끗하다. 가성비 좋은 한 끼. 김치와 깍두기는 손맛이 좋다. 김치는 길게, 깍두기는 큼직하게 베어먹는 게 맛인데 잘게 잘라 놓아서 이 부분은 아쉽다. 점심 저녁시간을 피해서 가면 쉽게 들어갈 수 있다.",169,True,,,,"★4.3 우거지의 탱탱한 식감이 좋다. 우거지 맛집. 뼈 살이 살살 녹고 육즙이 좋다. 국물은 맑고 깨끗하다. 가성비 좋은 한 끼. 김치와 깍두기는 손맛이 좋다. 김치는 길게, 깍두기는 큼직하게 베어먹는 게 맛인데 잘게 잘라 놓아서 이 부분은 아쉽다. 점심 저녁시간을 피해서 가면 쉽게 들어갈 수 있다.",4 3 우거지의 탱탱한 식감이 좋다 우거지 맛집 뼈 살이 살살 녹고 육즙이 좋다 국물은 맑고 깨끗하다 가성비 좋은 한 끼 김치와 깍두기는 손맛이 좋다 김치는 길게 깍두기는 큼직하게 베어먹는 게 맛인데 잘게 잘라 놓아서 이 부분은 아쉽다 점심 저녁시간을 피해서 가면 쉽게 들어갈 수 있다,0,0,0,0,0,0,1,169,가성비
naver,굴다리식당,bestibest,560.0,2026.04.08,1번째 방문,영수증,음식이 맛있고 사장님이랑 직원분들이 친절합니다.,26,True,,,,음식이 맛있고 사장님이랑 직원분들이 친절합니다.,음식이 맛있고 사장님이랑 직원분들이 친절합니다,0,0,0,0,0,0,0,26,원
kakao,성수족발,헤헤,23.0,2026-04-06,,,가격 맛 양 식당분위기 다 아쉽네요... 가격은 높고 족발은 달고짜고 반찬도 적어요 요즘 족발집 맛있는 데 많은디.. 명성은 그냥 옛 명성인가봅니다,82,False,1.0,2.4,실버 레벨,가격 맛 양 식당분위기 다 아쉽네요... 가격은 높고 족발은 달고짜고 반찬도 적어요 요즘 족발집 맛있는 데 많은디.. 명성은 그냥 옛 명성인가봅니다,가격 맛 양 식당분위기 다 아쉽네요 가격은 높고 족발은 달고짜고 반찬도 적어요 요즘 족발집 맛있는 데 많은디 명성은 그냥 옛 명성인가봅니다,0,0,0,0,0,0,0,82,가격
kakao,능동미나리 성수점,Araaa,53.0,2025-05-08,,,기대는 원래 안했지만 실망스러워요 곰탕 먹었는데 석박지부터 손이 안가네요 곰탕에 고기도 조금 들어서 국물에 밥먹을라니까 국물도 너무 심심해서 어떻게 이거랑 밥을 먹으라는건지 당최 모르겠어요ㅠㅠ 미성옥이 그리워지네요,119,True,3.0,4.1,실버 레벨,기대는 원래 안했지만 실망스러워요 곰탕 먹었는데 석박지부터 손이 안가네요 곰탕에 고기도 조금 들어서 국물에 밥먹을라니까 국물도 너무 심심해서 어떻게 이거랑 밥을 먹으라는건지 당최 모르겠어요ㅠㅠ 미성옥이 그리워지네요,기대는 원래 안했지만 실망스러워요 곰탕 먹었는데 석박지부터 손이 안가네요 곰탕에 고기도 조금 들어서 국물에 밥먹을라니까 국물도 너무 심심해서 어떻게 이거랑 밥을 먹으라는건지 당최 모르겠어요 미성옥이 그리워지네요,0,0,0,1,0,0,0,119,원
naver,원조 조박집 본관,봄이랑봄,557.0,2025.04.25,1번째 방문,영수증,직원분들 다 친절하시고 주차는 건너편에 있는 공영주차장에 하시면 되요. 후식 식혜도 맛있어요 ㅎㅎ,54,True,,,,직원분들 다 친절하시고 주차는 건너편에 있는 공영주차장에 하시면 되요. 후식 식혜도 맛있어요 ㅎㅎ,직원분들 다 친절하시고 주차는 건너편에 있는 공영주차장에 하시면 되요 후식 식혜도 맛있어요,0,0,0,0,0,0,0,54,원
kakao,소문난성수감자탕,+,20.0,2026-01-12,,,위생 최악에 맛도 그냥 그래요.. 직원들도 불친절하세요,30,False,1.0,2.8,실버 레벨,위생 최악에 맛도 그냥 그래요.. 직원들도 불친절하세요,위생 최악에 맛도 그냥 그래요 직원들도 불친절하세요,0,0,0,0,0,0,0,30,원
naver,홍대 육지,goo****,32.0,2026.04.12,1번째 방문,영수증,지인 소개로 홍대 육지에 방문하였습니다!! 너무 맛있고 직원분들도 친절하시다고 들어서 기대를 많이하고 갔는데 기대 이상으로 고기도 너무 맛있었고 사이드 메뉴들도 특색있게 맛있어서 만족스러운 저녁식사 하고 갑니다 잘 먹었습니다!!👍👍,129,True,,,,지인 소개로 홍대 육지에 방문하였습니다!! 너무 맛있고 직원분들도 친절하시다고 들어서 기대를 많이하고 갔는데 기대 이상으로 고기도 너무 맛있었고 사이드 메뉴들도 특색있게 맛있어서 만족스러운 저녁식사 하고 갑니다 잘 먹었습니다!!👍👍,지인 소개로 홍대 육지에 방문하였습니다 EXCLAM 너무 맛있고 직원분들도 친절하시다고 들어서 기대를 많이하고 갔는데 기대 이상으로 고기도 너무 맛있었고 사이드 메뉴들도 특색있게 맛있어서 만족스러운 저녁식사 하고 갑니다 잘 먹었습니다 EXCLAM EMO_POS EMO_POS,1,0,0,0,1,0,0,129,원
kakao,능동미나리 성수점,minimini 맛집만 평가할래,670.0,2025-04-10,,,맛있는집 이에요 전골 국물이 미나리랑 숙주가들어가서 시원하고 고기도 부드럽고 좋았어요 육회도 육전도 굿입니다^^,62,True,5.0,4.6,블루 레벨,맛있는집 이에요 전골 국물이 미나리랑 숙주가들어가서 시원하고 고기도 부드럽고 좋았어요 육회도 육전도 굿입니다^^,맛있는집 이에요 전골 국물이 미나리랑 숙주가들어가서 시원하고 고기도 부드럽고 좋았어요 육회도 육전도 굿입니다,0,0,0,0,0,0,0,62,원
kakao,금금,merrywanderer,46.0,2025-02-28,,,스파게티의 알 덴테를 연상시키는 면의 톡톡한 식감. 맛이 깊진 않지만 청량하고 깔끔함. 양이 푸짐하진 않고 가성비도 좋은 편은 아니나 면을 좋아한다면 한 번은 와볼만함,93,True,4.0,3.8,실버 레벨,스파게티의 알 덴테를 연상시키는 면의 톡톡한 식감. 맛이 깊진 않지만 청량하고 깔끔함. 양이 푸짐하진 않고 가성비도 좋은 편은 아니나 면을 좋아한다면 한 번은 와볼만함,스파게티의 알 덴테를 연상시키는 면의 톡톡한 식감 맛이 깊진 않지만 청량하고 깔끔함 양이 푸짐하진 않고 가성비도 좋은 편은 아니나 면을 좋아한다면 한 번은 와볼만함,0,0,0,0,0,0,0,93,가성비
kakao,홍대 조선시대,한성현,1.0,2026-01-19,,,너무 맛있고ㅎㅎㅎ 홍대 원탑입니다!,19,True,5.0,5.0,브론즈 레벨,너무 맛있고ㅎㅎㅎ 홍대 원탑입니다!,너무 맛있고 홍대 원탑입니다 EXCLAM,0,0,0,0,1,0,0,19,원
naver,소문난성수감자탕,상데렐라,89.0,2025.11.08,1번째 방문,영수증,돈과 시간 아까웠습니다. 맛집으로 소문난 곳이라 남자친구가 궁금해해서 웨이팅하고 갔습니다. 들어가자마자 빨리들어가라고 직원분이 손으로 계속 등을 미셔서 기분이 안좋았습니다. 주방 앞 좁은 길목에서 앞사람이랑 마주쳐서 기다렸다가 가야하는 상황이었는데도 뒤에서 미셨어요. 불쾌했습니다. 그래도 기다린김에 먹고가려고 앉아서 주문을 했습니다. 처음 비주얼을 보고 양도 많고 먹음직 스러워서 음식만 괜찮으면 좋다는 마인드로 기분좋게먹으려했습니다. 하지만 공장식 분위기여서 그런지 덜 삶아져 나왔더군요 퍽퍽하고 국물도 맛이없었어요. 뼈가 많고 우거지양도 많았지만 맛이없었어요. 앉자마자 소짜 준다하셨는데 저희는 강력하게 일반으로 달라했지만 외국인분들 걱정입니다. 다들 궁금해서 가보실텐데 이런 후기도 있다는 것을 알고 가셔요.,400,True,,,,돈과 시간 아까웠습니다. 맛집으로 소문난 곳이라 남자친구가 궁금해해서 웨이팅하고 갔습니다. 들어가자마자 빨리들어가라고 직원분이 손으로 계속 등을 미셔서 기분이 안좋았습니다. 주방 앞 좁은 길목에서 앞사람이랑 마주쳐서 기다렸다가 가야하는 상황이었는데도 뒤에서 미셨어요. 불쾌했습니다. 그래도 기다린김에 먹고가려고 앉아서 주문을 했습니다. 처음 비주얼을 보고 양도 많고 먹음직 스러워서 음식만 괜찮으면 좋다는 마인드로 기분좋게먹으려했습니다. 하지만 공장식 분위기여서 그런지 덜 삶아져 나왔더군요 퍽퍽하고 국물도 맛이없었어요. 뼈가 많고 우거지양도 많았지만 맛이없었어요. 앉자마자 소짜 준다하셨는데 저희는 강력하게 일반으로 달라했지만 외국인분들 걱정입니다. 다들 궁금해서 가보실텐데 이런 후기도 있다는 것을 알고 가셔요.,돈과 시간 아까웠습니다 맛집으로 소문난 곳이라 남자친구가 궁금해해서 웨이팅하고 갔습니다 들어가자마자 빨리들어가라고 직원분이 손으로 계속 등을 미셔서 기분이 안좋았습니다 주방 앞 좁은 길목에서 앞사람이랑 마주쳐서 기다렸다가 가야하는 상황이었는데도 뒤에서 미셨어요 불쾌했습니다 그래도 기다린김에 먹고가려고 앉아서 주문을 했습니다 처음 비주얼을 보고 양도 많고 먹음직 스러워서 음식만 괜찮으면 좋다는 마인드로 기분좋게먹으려했습니다 하지만 공장식 분위기여서 그런지 덜 삶아져 나왔더군요 퍽퍽하고 국물도 맛이없었어요 뼈가 많고 우거지양도 많았지만 맛이없었어요 앉자마자 소짜 준다하셨는데 저희는 강력하게 일반으로 달라했지만 외국인분들 걱정입니다 다들 궁금해서 가보실텐데 이런 후기도 있다는 것을 알고 가셔요,0,0,0,0,0,0,0,400,"돈, 원"
naver,성수족발,사자,466.0,2026.04.19,1번째 방문,영수증,서울 3대족발이라 불리는 성수족발 그들이 말하는 3대족발중에는 그나마 제일 좋아하는 곳 부드럽고 껍질은 쫄깃하고 좀 달달한 족발 아직고 줄을 서서 사와야하네요 좀더 따뜻하게 먹으면 부드러움이 배가 되요 이집 찍어먹는 소스는 다른곳들 냥 새우젓에 비해 맛있고 좀 달달한 족발에 찰떡 소스 시원한 무채와 먹으면 더 맛나요~,178,False,,,,서울 3대족발이라 불리는 성수족발 그들이 말하는 3대족발중에는 그나마 제일 좋아하는 곳 부드럽고 껍질은 쫄깃하고 좀 달달한 족발 아직고 줄을 서서 사와야하네요 좀더 따뜻하게 먹으면 부드러움이 배가 되요 이집 찍어먹는 소스는 다른곳들 냥 새우젓에 비해 맛있고 좀 달달한 족발에 찰떡 소스 시원한 무채와 먹으면 더 맛나요~,서울 3대족발이라 불리는 성수족발 그들이 말하는 3대족발중에는 그나마 제일 좋아하는 곳 부드럽고 껍질은 쫄깃하고 좀 달달한 족발 아직고 줄을 서서 사와야하네요 좀더 따뜻하게 먹으면 부드러움이 배가 되요 이집 찍어먹는 소스는 다른곳들 냥 새우젓에 비해 맛있고 좀 달달한 족발에 찰떡 소스 시원한 무채와 먹으면 더 맛나요,0,0,0,0,0,0,1,178,원
naver,뼈탄집 성수역점,기쑤기,5.0,2026.03.12,1번째 방문,영수증,고기 질이 정말 좋고 육즙이 장난 아니에요! 입에서 살살 녹습니다. 곁들여 나오는 밑반찬들도 고기와 궁합이 너무 좋고 정갈했어요. 직원분들도 친절하게 응대해 주셔서 아주 기분 좋게 식사했습니다. 맛으로만 봐도 재방문 의사 100%입니다!,132,True,,,,고기 질이 정말 좋고 육즙이 장난 아니에요! 입에서 살살 녹습니다. 곁들여 나오는 밑반찬들도 고기와 궁합이 너무 좋고 정갈했어요. 직원분들도 친절하게 응대해 주셔서 아주 기분 좋게 식사했습니다. 맛으로만 봐도 재방문 의사 100%입니다!,고기 질이 정말 좋고 육즙이 장난 아니에요 EXCLAM 입에서 살살 녹습니다 곁들여 나오는 밑반찬들도 고기와 궁합이 너무 좋고 정갈했어요 직원분들도 친절하게 응대해 주셔서 아주 기분 좋게 식사했습니다 맛으로만 봐도 재방문 의사 100 입니다 EXCLAM,0,0,0,0,1,0,1,132,원
naver,을밀대 평양냉면,JJINX,673.0,2025.07.10,1번째 방문,영수증,"물냉면, 녹두전 시원하니 깔끔한 맛. 여름철에 먹으면 👍 하지만 웨이팅이 너무 길어서 재방문은 없을 것 같아요.. 평일 점심시간에 40분정도 웨이팅 했어요 주차는 한진빌딩에 했고(주차 웨이팅도 🫠) 드시고 주차권에 도장받으시면 1시간은 무료에요 저희는 1시간 넘어서 추가요금 1400원 나왔네요",164,True,,,,"물냉면, 녹두전 시원하니 깔끔한 맛. 여름철에 먹으면 👍 하지만 웨이팅이 너무 길어서 재방문은 없을 것 같아요.. 평일 점심시간에 40분정도 웨이팅 했어요 주차는 한진빌딩에 했고(주차 웨이팅도 🫠) 드시고 주차권에 도장받으시면 1시간은 무료에요 저희는 1시간 넘어서 추가요금 1400원 나왔네요",물냉면 녹두전 시원하니 깔끔한 맛 여름철에 먹으면 EMO_POS 하지만 웨이팅이 너무 길어서 재방문은 없을 것 같아요 평일 점심시간에 40분정도 웨이팅 했어요 주차는 한진빌딩에 했고 주차 웨이팅도 드시고 주차권에 도장받으시면 1시간은 무료에요 저희는 1시간 넘어서 추가요금 1400원 나왔네요,1,0,0,0,0,0,1,164,원
naver,육산장 홍대본점,VpanoramaV,886.0,2026.04.26,1번째 방문,영수증,홍대 올리브영 팝업 왔다가 저녁 먹을 거 뭐 있나 하다 방문했어요! 외부/내부 선택할 수 있었는데 외부는 대기도 있기도 하고 개인적으로는 내부를 좋아하는 편이라ㅎㅎ 바로 입장 소스도 다양하구 고기도 맛있습니다! 특히 항정살 러버로서 굿굿 소스 중에 특제소스 있는데 이거에 빵가루 찍으면 완전 돈까스(?) 익숙한 맛인데 저는 이 맛이 좋아서 너무 잘 먹었습니다~ 다음엔 외부도 한 번 도전해 보고 싶네용,224,True,,,,홍대 올리브영 팝업 왔다가 저녁 먹을 거 뭐 있나 하다 방문했어요! 외부/내부 선택할 수 있었는데 외부는 대기도 있기도 하고 개인적으로는 내부를 좋아하는 편이라ㅎㅎ 바로 입장 소스도 다양하구 고기도 맛있습니다! 특히 항정살 러버로서 굿굿 소스 중에 특제소스 있는데 이거에 빵가루 찍으면 완전 돈까스(?) 익숙한 맛인데 저는 이 맛이 좋아서 너무 잘 먹었습니다~ 다음엔 외부도 한 번 도전해 보고 싶네용,홍대 올리브영 팝업 왔다가 저녁 먹을 거 뭐 있나 하다 방문했어요 EXCLAM 외부 내부 선택할 수 있었는데 외부는 대기도 있기도 하고 개인적으로는 내부를 좋아하는 편이라 바로 입장 소스도 다양하구 고기도 맛있습니다 EXCLAM 특히 항정살 러버로서 굿굿 소스 중에 특제소스 있는데 이거에 빵가루 찍으면 완전 돈까스 QUESTION 익숙한 맛인데 저는 이 맛이 좋아서 너무 잘 먹었습니다 다음엔 외부도 한 번 도전해 보고 싶네용,0,0,0,0,1,1,0,224,돈
kakao,황금콩밭,해조아,308.0,2025-11-26,,,저는 다들 친절한편이라 느꼈습니다 짜글이가 괜찮았고 두부는 순두부같이 부드러운 식감이었어요 두부전이 굳이 2만원주고 먹을 양과 맛은 아닌것같아 아쉽습니다,85,True,3.0,3.9,골드 레벨,저는 다들 친절한편이라 느꼈습니다 짜글이가 괜찮았고 두부는 순두부같이 부드러운 식감이었어요 두부전이 굳이 2만원주고 먹을 양과 맛은 아닌것같아 아쉽습니다,저는 다들 친절한편이라 느꼈습니다 짜글이가 괜찮았고 두부는 순두부같이 부드러운 식감이었어요 두부전이 굳이 2만원주고 먹을 양과 맛은 아닌것같아 아쉽습니다,0,0,0,0,0,0,1,85,원
naver,홍대 육지,바투투,23.0,2026.04.29,1번째 방문,영수증,직원분이 엄청 친절하시고!! 사람도 엄청 많아요👍🫶 맛집입니다아💖,36,True,,,,직원분이 엄청 친절하시고!! 사람도 엄청 많아요👍🫶 맛집입니다아💖,직원분이 엄청 친절하시고 EXCLAM 사람도 엄청 많아요 EMO_POS 맛집입니다아 EMO_POS,1,0,0,0,1,0,0,36,원
naver,홍대 육지,이챙76,36.0,2026.04.12,1번째 방문,영수증,음식 너무 맛있고 직원분들 넘친절하셔요! 담번에 또 올께요~~,34,True,,,,음식 너무 맛있고 직원분들 넘친절하셔요! 담번에 또 올께요~~,음식 너무 맛있고 직원분들 넘친절하셔요 EXCLAM 담번에 또 올께요 TILDE,0,0,0,0,1,0,0,34,원
kakao,육산장 홍대본점,이세진,1.0,2026-01-18,,,분위기 좋고 맛도 좋아요 갈비 이 가격이면 가성비인 것 같아요👍,35,True,5.0,5.0,브론즈 레벨,분위기 좋고 맛도 좋아요 갈비 이 가격이면 가성비인 것 같아요👍,분위기 좋고 맛도 좋아요 갈비 이 가격이면 가성비인 것 같아요 EMO_POS,1,0,0,0,0,0,0,35,"가격, 가성비"
kakao,홍대 조선시대,이상헌,1.0,2026-03-14,,,음식ㅇ이 너무 맛있고 직원분들도 다 친절하세요~~~! 분위가 좋고 단체모임하기에 좋습니당 추천이요!!!,57,True,5.0,5.0,브론즈 레벨,음식ㅇ이 너무 맛있고 직원분들도 다 친절하세요~~~! 분위가 좋고 단체모임하기에 좋습니당 추천이요!!!,음식 이 너무 맛있고 직원분들도 다 친절하세요 TILDE EXCLAM 분위가 좋고 단체모임하기에 좋습니당 추천이요 EXCLAM,0,0,0,0,1,0,0,57,원
naver,락희옥 마포본점,바위처럼3326,149.0,2025.11.18,1번째 방문,영수증,양이 너무 적어서 놀라웠어요.. 특히 메뉴판에는 위스키와 와인이 코키지 프리라고 적혀 있어서 부담없이 고급 백주(8대 중국 명주)를 가져갔는데.. 종업원에게 협박 당했어여… 참 어이가 없어도 한참 어이가 없는 집입니다.,122,True,,,,양이 너무 적어서 놀라웠어요.. 특히 메뉴판에는 위스키와 와인이 코키지 프리라고 적혀 있어서 부담없이 고급 백주(8대 중국 명주)를 가져갔는데.. 종업원에게 협박 당했어여… 참 어이가 없어도 한참 어이가 없는 집입니다.,양이 너무 적어서 놀라웠어요 특히 메뉴판에는 위스키와 와인이 코키지 프리라고 적혀 있어서 부담없이 고급 백주 8대 중국 명주 를 가져갔는데 종업원에게 협박 당했어여 참 어이가 없어도 한참 어이가 없는 집입니다,0,0,0,0,0,0,1,122,원
kakao,훼미리손칼국수보쌈,Monggil,260.0,2025-05-17,,,"장점: 맛은 기다릴만 하다! 단점: 대기 시스템이 없음 (👍: 보쌈정식) (⚠️: 대기하는 공간이 별도로 없어서 앞에서 대기해야함. 1시간 기다림… 조금 옆에 있는 카페에서 칼국수집 영수증 지참 시 할인) [주문] 보쌈정식: 우선 보쌈이 맛이 좋다. 비계와 살코기가 부드럽고 같이 나온 김치와 합이 좋다(기다릴 때, 냄새 엄청남…) 칼국수는 면발이 부드럽고 국물은 깔끔한 고기맛이 진짜 좋았다. 먹다보면 계속 먹고 있는 자신을 보고 있음 음식은 빨리 나오고, 사진에서도 알 수 있듯이 투박한 시골 느낌이 잘 묻어있다",288,True,4.0,3.8,골드 레벨,"장점: 맛은 기다릴만 하다! 단점: 대기 시스템이 없음 (👍: 보쌈정식) (⚠️: 대기하는 공간이 별도로 없어서 앞에서 대기해야함. 1시간 기다림… 조금 옆에 있는 카페에서 칼국수집 영수증 지참 시 할인) [주문] 보쌈정식: 우선 보쌈이 맛이 좋다. 비계와 살코기가 부드럽고 같이 나온 김치와 합이 좋다(기다릴 때, 냄새 엄청남…) 칼국수는 면발이 부드럽고 국물은 깔끔한 고기맛이 진짜 좋았다. 먹다보면 계속 먹고 있는 자신을 보고 있음 음식은 빨리 나오고, 사진에서도 알 수 있듯이 투박한 시골 느낌이 잘 묻어있다",장점 맛은 기다릴만 하다 EXCLAM 단점 대기 시스템이 없음 EMO_POS 보쌈정식 대기하는 공간이 별도로 없어서 앞에서 대기해야함 1시간 기다림 조금 옆에 있는 카페에서 칼국수집 영수증 지참 시 할인 주문 보쌈정식 우선 보쌈이 맛이 좋다 비계와 살코기가 부드럽고 같이 나온 김치와 합이 좋다 기다릴 때 냄새 엄청남 칼국수는 면발이 부드럽고 국물은 깔끔한 고기맛이 진짜 좋았다 먹다보면 계속 먹고 있는 자신을 보고 있음 음식은 빨리 나오고 사진에서도 알 수 있듯이 투박한 시골 느낌이 잘 묻어있다,1,0,0,0,1,0,1,288,할인
naver,보끔당 성수점,이현정888,11.0,2026.03.31,1번째 방문,영수증,맛닜어요!!!!직원들도 친절했어요,18,True,,,,맛닜어요!!!!직원들도 친절했어요,맛닜어요 EXCLAM 직원들도 친절했어요,0,0,0,0,1,0,0,18,원
naver,육산장 홍대본점,멜24,35.0,2026.03.24,1번째 방문,영수증,날이 좋아서 야장 삼겹살집에 왔습니다🥹 야외 테이블이 너무 예쁘고 감성있어요! 이제 봄 나들이로 오기 정말 딱 입니다💪 메뉴도 신박하고 너무 맛있습니다~ 직원분들도 친절하세요오,98,True,,,,날이 좋아서 야장 삼겹살집에 왔습니다🥹 야외 테이블이 너무 예쁘고 감성있어요! 이제 봄 나들이로 오기 정말 딱 입니다💪 메뉴도 신박하고 너무 맛있습니다~ 직원분들도 친절하세요오,날이 좋아서 야장 삼겹살집에 왔습니다 야외 테이블이 너무 예쁘고 감성있어요 EXCLAM 이제 봄 나들이로 오기 정말 딱 입니다 메뉴도 신박하고 너무 맛있습니다 직원분들도 친절하세요오,0,0,0,0,1,0,0,98,원
kakao,을밀대 본점,풀피리비빔밥,19.0,2025-07-31,,,언제나 맛있음 바쁜 매장이라 직원분들이 살갑진 않지만 불친절도 아님 맛의 균일함에 만족,48,True,5.0,4.4,실버 레벨,언제나 맛있음 바쁜 매장이라 직원분들이 살갑진 않지만 불친절도 아님 맛의 균일함에 만족,언제나 맛있음 바쁜 매장이라 직원분들이 살갑진 않지만 불친절도 아님 맛의 균일함에 만족,0,0,0,0,0,0,0,48,원
kakao,을밀대 본점,예은,7.0,2026-04-11,,,면이 많이 퍼져서 말씀드리니 나온 음식 확인도 없이 바로 나오는 면이여서 그럴일 없다고 가시는 직원분 좋아하던 평냉집인데 2번 방문 연속 불은면 받고 많이 속상합니다😅,93,False,1.0,3.4,브론즈 레벨,면이 많이 퍼져서 말씀드리니 나온 음식 확인도 없이 바로 나오는 면이여서 그럴일 없다고 가시는 직원분 좋아하던 평냉집인데 2번 방문 연속 불은면 받고 많이 속상합니다😅,면이 많이 퍼져서 말씀드리니 나온 음식 확인도 없이 바로 나오는 면이여서 그럴일 없다고 가시는 직원분 좋아하던 평냉집인데 2번 방문 연속 불은면 받고 많이 속상합니다,0,0,0,0,0,0,1,93,원
naver,각시보쌈,부산보라,520.0,2025.03.25,2번째 방문,영수증,합정역 가성비 보쌈집이죠. 채소값이 올라서 상추 추가비를 받지만 듬뿍 주셔서 남김 없이 먹으면 충분히 만족합니다. 웨이팅을 피하기 위해 조금 일찍 가면 편히 먹고 올 수 있습니다.,100,True,,,,합정역 가성비 보쌈집이죠. 채소값이 올라서 상추 추가비를 받지만 듬뿍 주셔서 남김 없이 먹으면 충분히 만족합니다. 웨이팅을 피하기 위해 조금 일찍 가면 편히 먹고 올 수 있습니다.,합정역 가성비 보쌈집이죠 채소값이 올라서 상추 추가비를 받지만 듬뿍 주셔서 남김 없이 먹으면 충분히 만족합니다 웨이팅을 피하기 위해 조금 일찍 가면 편히 먹고 올 수 있습니다,0,0,0,0,0,0,0,100,"가성비, 값"
naver,굴다리식당,kim****,10.0,2025.08.05,1번째 방문,영수증,왠만하면 별로인 리뷰는 안하고 싶은데 ㅜ 인간적으로 맛집으로 소개되어서 찾아갔는데 김치찌개에 김치가.....흐물흐물 ... 몇탕을 끓인건지 .... 만원도 아까워요 진짜 ㅜㅜㅠ,98,False,,,,왠만하면 별로인 리뷰는 안하고 싶은데 ㅜ 인간적으로 맛집으로 소개되어서 찾아갔는데 김치찌개에 김치가.....흐물흐물 ... 몇탕을 끓인건지 .... 만원도 아까워요 진짜 ㅜㅜㅠ,왠만하면 별로인 리뷰는 안하고 싶은데 인간적으로 맛집으로 소개되어서 찾아갔는데 김치찌개에 김치가 흐물흐물 몇탕을 끓인건지 만원도 아까워요 진짜,0,0,0,1,0,0,0,98,원
kakao,소문난성수감자탕,희성,15.0,2025-11-28,,,고기 뻣뻣해서 먹기 힘들고 직원들 불친절하고 매장 더럽고 전체적으로 간이 슴슴해요 최악...,51,True,1.0,3.2,실버 레벨,고기 뻣뻣해서 먹기 힘들고 직원들 불친절하고 매장 더럽고 전체적으로 간이 슴슴해요 최악...,고기 뻣뻣해서 먹기 힘들고 직원들 불친절하고 매장 더럽고 전체적으로 간이 슴슴해요 최악,0,0,0,0,0,0,0,51,원
naver,각시보쌈,멍뭉이는참지아나,26.0,2025.11.05,1번째 방문,예약,종종가는데 반찬잘나오고 만원에 가성비 짱입니다,25,False,,,,종종가는데 반찬잘나오고 만원에 가성비 짱입니다,종종가는데 반찬잘나오고 만원에 가성비 짱입니다,0,0,0,0,0,0,0,25,"가성비, 원"
naver,소문난성수감자탕,하이064,28.0,2026.02.09,1번째 방문,영수증,"반찬이며 계산서며 다 던지듯 주시고 서빙 직원, 카운터 직원, 직원들 대부분 다 굉장히 불친절 하세용!!! 맛집이라고 해서 기대하며 기분좋게 찾아갔는데...ㅠ 맛은 평범해요ㅎ",97,False,,,,"반찬이며 계산서며 다 던지듯 주시고 서빙 직원, 카운터 직원, 직원들 대부분 다 굉장히 불친절 하세용!!! 맛집이라고 해서 기대하며 기분좋게 찾아갔는데...ㅠ 맛은 평범해요ㅎ",반찬이며 계산서며 다 던지듯 주시고 서빙 직원 카운터 직원 직원들 대부분 다 굉장히 불친절 하세용 EXCLAM 맛집이라고 해서 기대하며 기분좋게 찾아갔는데 맛은 평범해요,0,0,0,0,1,0,0,97,원
kakao,을밀대 본점,맛있을지도,192.0,2025-06-28,,,거냉양많이로 주문한다음 소주안주라고 생각한다면 16000원이라는 가격이 혜자로 보임. 비싸다고 생각하는 이유는 냉면이라는 카테고리에 생각이 갇혀있어서 그럼.,87,True,5.0,4.3,골드 레벨,거냉양많이로 주문한다음 소주안주라고 생각한다면 16000원이라는 가격이 혜자로 보임. 비싸다고 생각하는 이유는 냉면이라는 카테고리에 생각이 갇혀있어서 그럼.,거냉양많이로 주문한다음 소주안주라고 생각한다면 16000원이라는 가격이 혜자로 보임 비싸다고 생각하는 이유는 냉면이라는 카테고리에 생각이 갇혀있어서 그럼,0,0,0,0,0,0,1,87,"가격, 비싸, 싸다, 원"
kakao,금금,꾸익,3.0,2025-07-21,,,불친절하고 눈치보면서 먹어야하는 곳. 특히 팔에 문신있는 홀보는 직원은 외식업 하면 안됨,49,False,1.0,3.7,브론즈 레벨,불친절하고 눈치보면서 먹어야하는 곳. 특히 팔에 문신있는 홀보는 직원은 외식업 하면 안됨,불친절하고 눈치보면서 먹어야하는 곳 특히 팔에 문신있는 홀보는 직원은 외식업 하면 안됨,0,0,0,0,0,0,0,49,원
naver,장인닭갈비 홍대점,oow****,4.0,2026.04.10,1번째 방문,영수증,친구랑 닭갈비 먹으러 왔는데 직원분들도 친절하시고 좋아여 가격도 저렴해서 친구랑 오기 굿굿입니당,53,True,,,,친구랑 닭갈비 먹으러 왔는데 직원분들도 친절하시고 좋아여 가격도 저렴해서 친구랑 오기 굿굿입니당,친구랑 닭갈비 먹으러 왔는데 직원분들도 친절하시고 좋아여 가격도 저렴해서 친구랑 오기 굿굿입니당,0,0,0,0,0,0,0,53,"가격, 저렴, 원"
naver,장인닭갈비 홍대점,고하늘68,5.0,2026.04.11,1번째 방문,영수증,"토요일 점심에 먹으러 방문했는데, 줄이길어서 대기 엄청해야될 줄 알고 우왕좌왕하던와중 5분도 안되서 입장했습니다. 회전률도 빠르고 직원분들도 친절하셔서 오랜만에 만난 동생과 아주 맛나게 잘 먹었습니다~",112,True,,,,"토요일 점심에 먹으러 방문했는데, 줄이길어서 대기 엄청해야될 줄 알고 우왕좌왕하던와중 5분도 안되서 입장했습니다. 회전률도 빠르고 직원분들도 친절하셔서 오랜만에 만난 동생과 아주 맛나게 잘 먹었습니다~",토요일 점심에 먹으러 방문했는데 줄이길어서 대기 엄청해야될 줄 알고 우왕좌왕하던와중 5분도 안되서 입장했습니다 회전률도 빠르고 직원분들도 친절하셔서 오랜만에 만난 동생과 아주 맛나게 잘 먹었습니다,0,0,0,0,0,0,1,112,원
naver,성수족발,알로하7071,505.0,2025.11.16,1번째 방문,영수증,"성수 핫플을 하루종일 돌아다니고 조금일찍 저녁을 먹으러 찾아다니다가 유명한 성수족발집을 발견... 줄서서 먹는곳이라더니 줄이없다.. 브레이크타임... 대기자명단에 7번으로 예약을 걸고 대기실에 앉아있다가 전원참석이라서 10분일찍 들어갔다.. 포장만 해먹던 족발을 테이블에서 바로 먹으니 또다른맛이다,.껍질이 엄청 쫀득하고 잡내가 거의없고 족발특유의향이 없어서 좋다..작은 족발을 손으로 뜯어먹으니 제맛이다...근데 작은족에서 살짝 돼지냄새가 올라와서 조금 아쉬움",258,True,,,,"성수 핫플을 하루종일 돌아다니고 조금일찍 저녁을 먹으러 찾아다니다가 유명한 성수족발집을 발견... 줄서서 먹는곳이라더니 줄이없다.. 브레이크타임... 대기자명단에 7번으로 예약을 걸고 대기실에 앉아있다가 전원참석이라서 10분일찍 들어갔다.. 포장만 해먹던 족발을 테이블에서 바로 먹으니 또다른맛이다,.껍질이 엄청 쫀득하고 잡내가 거의없고 족발특유의향이 없어서 좋다..작은 족발을 손으로 뜯어먹으니 제맛이다...근데 작은족에서 살짝 돼지냄새가 올라와서 조금 아쉬움",성수 핫플을 하루종일 돌아다니고 조금일찍 저녁을 먹으러 찾아다니다가 유명한 성수족발집을 발견 줄서서 먹는곳이라더니 줄이없다 브레이크타임 대기자명단에 7번으로 예약을 걸고 대기실에 앉아있다가 전원참석이라서 10분일찍 들어갔다 포장만 해먹던 족발을 테이블에서 바로 먹으니 또다른맛이다 껍질이 엄청 쫀득하고 잡내가 거의없고 족발특유의향이 없어서 좋다 작은 족발을 손으로 뜯어먹으니 제맛이다 근데 작은족에서 살짝 돼지냄새가 올라와서 조금 아쉬움,0,0,0,0,0,0,1,258,원
naver,뼈탄집 성수역점,mand****,46.0,2026.04.05,2번째 방문,영수증,전에. 한번 소개로 왓다가.. 이번엔 제가 친구를 데리고 다시 방문. 고기도 맛잇지만 직원분들도 친절하시고.. 분위기 좋구.. 성수오면 생각나는집임...,85,True,,,,전에. 한번 소개로 왓다가.. 이번엔 제가 친구를 데리고 다시 방문. 고기도 맛잇지만 직원분들도 친절하시고.. 분위기 좋구.. 성수오면 생각나는집임...,전에 한번 소개로 왓다가 이번엔 제가 친구를 데리고 다시 방문 고기도 맛잇지만 직원분들도 친절하시고 분위기 좋구 성수오면 생각나는집임,0,0,0,0,0,0,0,85,원
kakao,뼈탄집 성수역점,%,4.0,2025-12-25,,,성수동에 일이있어갔다가 친구한테 전에 이집맛있다고 듣고예약후방문했어요~~여기가 숙성삼겹살이랑 뼈직화구이가유명하다하더라구요~ 역시맛집은다르더라구요 고기굽는데고소한향이나더니 고기가탱글해요 안에육즙이잡혀있어서 입이즐겁더라구요~ 냉면파라 냉면도 감칠맛있게너무맛있었고. 특히추천하는밥도둑된장찌개는잊을수가없어요. 안에게도들어있고 된장콩에호박에 진짜 밥한공기뚝딱!이예요 ㅎ 마지막피날레는 뼈직화구이예요 숯불향이저양념과 너무조화롭고 고기가너무잘익어서 그냥살점이입에서녹아요~~~ 입과눈이너무행복한식사였어요직원분이구워줘서 식사하기도좋구요!그런데꼭예야하고가시는추천해요~직원분들이조금있으니. 만석입니다만석입니다~~계속얘기하시더라구요~다먹고나왔을땐 대기줄이있었구요~성수동에서고기집찾을땐 뼈탄집추천해요!^^ 전재방문의사1000000%입니다^^*,402,False,5.0,5.0,브론즈 레벨,성수동에 일이있어갔다가 친구한테 전에 이집맛있다고 듣고예약후방문했어요~~여기가 숙성삼겹살이랑 뼈직화구이가유명하다하더라구요~ 역시맛집은다르더라구요 고기굽는데고소한향이나더니 고기가탱글해요 안에육즙이잡혀있어서 입이즐겁더라구요~ 냉면파라 냉면도 감칠맛있게너무맛있었고. 특히추천하는밥도둑된장찌개는잊을수가없어요. 안에게도들어있고 된장콩에호박에 진짜 밥한공기뚝딱!이예요 ㅎ 마지막피날레는 뼈직화구이예요 숯불향이저양념과 너무조화롭고 고기가너무잘익어서 그냥살점이입에서녹아요~~~ 입과눈이너무행복한식사였어요직원분이구워줘서 식사하기도좋구요!그런데꼭예야하고가시는추천해요~직원분들이조금있으니. 만석입니다만석입니다~~계속얘기하시더라구요~다먹고나왔을땐 대기줄이있었구요~성수동에서고기집찾을땐 뼈탄집추천해요!^^ 전재방문의사1000000%입니다^^*,성수동에 일이있어갔다가 친구한테 전에 이집맛있다고 듣고예약후방문했어요 TILDE 여기가 숙성삼겹살이랑 뼈직화구이가유명하다하더라구요 역시맛집은다르더라구요 고기굽는데고소한향이나더니 고기가탱글해요 안에육즙이잡혀있어서 입이즐겁더라구요 냉면파라 냉면도 감칠맛있게너무맛있었고 특히추천하는밥도둑된장찌개는잊을수가없어요 안에게도들어있고 된장콩에호박에 진짜 밥한공기뚝딱 EXCLAM 이예요 마지막피날레는 뼈직화구이예요 숯불향이저양념과 너무조화롭고 고기가너무잘익어서 그냥살점이입에서녹아요 TILDE 입과눈이너무행복한식사였어요직원분이구워줘서 식사하기도좋구요 EXCLAM 그런데꼭예야하고가시는추천해요 직원분들이조금있으니 만석입니다만석입니다 TILDE 계속얘기하시더라구요 다먹고나왔을땐 대기줄이있었구요 성수동에서고기집찾을땐 뼈탄집추천해요 EXCLAM 전재방문의사1000000 입니다,0,0,0,0,1,0,1,402,원
kakao,황금콩밭,deugro박영도,17.0,2025-05-02,,,비싸지만 한 번쯤 가볼만해요,15,False,5.0,4.8,실버 레벨,비싸지만 한 번쯤 가볼만해요,비싸지만 한 번쯤 가볼만해요,0,0,0,0,0,0,0,15,비싸
naver,각시보쌈,brown28,1771.0,2026.04.26,4번째 방문,영수증,요즘 같은 고물가시대에 더 가치가 돋보이는 혜자스러운 보쌈집입니다.. 가성비 좋고 푸짐하고 맛있는 점심한끼 사먹기 딱 좋습니다.. 1인씩 보쌈고기가 따로 제공되서 위생적이기도 하고 모호한 양이 아닌 각각 정량이 제공되는 장점까지 있어요.. 그리고 함께 제공되는 참치김치찌개도 별미입니다.. 찌개만으로도 밥 한공기는 거뜬히 비울 맛입니다.. 보쌈 고기도 가브리살 부위로 제공되 잡내없고 아주 부드럽습니다... 거기다 카운터를 보는 키 큰 여자분 손님응대가 참 친절하세요.. 덕분에 늘 기분 좋게 식사 하고 갑니다..,287,True,,,,요즘 같은 고물가시대에 더 가치가 돋보이는 혜자스러운 보쌈집입니다.. 가성비 좋고 푸짐하고 맛있는 점심한끼 사먹기 딱 좋습니다.. 1인씩 보쌈고기가 따로 제공되서 위생적이기도 하고 모호한 양이 아닌 각각 정량이 제공되는 장점까지 있어요.. 그리고 함께 제공되는 참치김치찌개도 별미입니다.. 찌개만으로도 밥 한공기는 거뜬히 비울 맛입니다.. 보쌈 고기도 가브리살 부위로 제공되 잡내없고 아주 부드럽습니다... 거기다 카운터를 보는 키 큰 여자분 손님응대가 참 친절하세요.. 덕분에 늘 기분 좋게 식사 하고 갑니다..,요즘 같은 고물가시대에 더 가치가 돋보이는 혜자스러운 보쌈집입니다 가성비 좋고 푸짐하고 맛있는 점심한끼 사먹기 딱 좋습니다 1인씩 보쌈고기가 따로 제공되서 위생적이기도 하고 모호한 양이 아닌 각각 정량이 제공되는 장점까지 있어요 그리고 함께 제공되는 참치김치찌개도 별미입니다 찌개만으로도 밥 한공기는 거뜬히 비울 맛입니다 보쌈 고기도 가브리살 부위로 제공되 잡내없고 아주 부드럽습니다 거기다 카운터를 보는 키 큰 여자분 손님응대가 참 친절하세요 덕분에 늘 기분 좋게 식사 하고 갑니다,0,0,0,0,0,0,1,287,가성비
kakao,홍대 조선시대,지윤,1.0,2025-12-21,,,주말 저녁에 웨이팅이 조금 있긴 했는데 회전율도 좋고 직원분들이 친절해요 딸기막걸리 딸기라떼같고 완전 맛있어요💕💕,63,True,5.0,5.0,브론즈 레벨,주말 저녁에 웨이팅이 조금 있긴 했는데 회전율도 좋고 직원분들이 친절해요 딸기막걸리 딸기라떼같고 완전 맛있어요💕💕,주말 저녁에 웨이팅이 조금 있긴 했는데 회전율도 좋고 직원분들이 친절해요 딸기막걸리 딸기라떼같고 완전 맛있어요 EMO_POS EMO_POS,1,0,0,0,0,0,0,63,원
kakao,황금콩밭,민보리,2.0,2026-03-31,,,"왜 이집에 줄을 서는지 모르겠네요 최악의 청국장 ,,이런 맛 처음이고 두부 4쪽에 1만 6천원 ㅠㅠ 비추 입니다 ^^ 나를 맛집이러고 데리고 가신분도 황당해서 몸둘바를 몰라해서 내가 되려 미안했어요",110,False,1.0,1.0,브론즈 레벨,"왜 이집에 줄을 서는지 모르겠네요 최악의 청국장 ,,이런 맛 처음이고 두부 4쪽에 1만 6천원 ㅠㅠ 비추 입니다 ^^ 나를 맛집이러고 데리고 가신분도 황당해서 몸둘바를 몰라해서 내가 되려 미안했어요",왜 이집에 줄을 서는지 모르겠네요 최악의 청국장 이런 맛 처음이고 두부 4쪽에 1만 6천원 비추 입니다 나를 맛집이러고 데리고 가신분도 황당해서 몸둘바를 몰라해서 내가 되려 미안했어요,0,0,0,1,0,0,1,110,원
naver,굴다리식당,건방진오리,2905.0,2026.04.01,1번째 방문,영수증,투박 큼직하면서 두툼한 고기가 들어있는 제육볶음에 칼칼 시원한 김치찌개 맛있어요~,45,True,,,,투박 큼직하면서 두툼한 고기가 들어있는 제육볶음에 칼칼 시원한 김치찌개 맛있어요~,투박 큼직하면서 두툼한 고기가 들어있는 제육볶음에 칼칼 시원한 김치찌개 맛있어요,0,0,0,0,0,0,0,45,원
naver,굴다리식당,zbzusbjz,883.0,2026.01.19,1번째 방문,영수증,이걸 만원 주고 왜 먹는지…? 특별한맛 없는데,25,True,,,,이걸 만원 주고 왜 먹는지…? 특별한맛 없는데,이걸 만원 주고 왜 먹는지 QUESTION 특별한맛 없는데,0,0,0,0,0,1,0,25,원
kakao,락희옥 마포본점,유슐랭,22.0,2026-04-18,,,가격은 있지만 대부분 요리가 맛있습니다.,22,False,3.0,3.5,실버 레벨,가격은 있지만 대부분 요리가 맛있습니다.,가격은 있지만 대부분 요리가 맛있습니다,0,0,0,0,0,0,0,22,가격
naver,굴다리식당,모취,53.0,2026.01.29,1번째 방문,영수증,"찌개나 양념 맛은 좋은데 고기가 너무 질겨요.. 사장님과 직원들 모두 불친절하고 좌석도 불편합니다. 반찬 놓는 거 대놓고 같이 하자고 말하고, 밑반찬도 안 챙겨주고. 기대가 너무 높았어요.",105,False,,,,"찌개나 양념 맛은 좋은데 고기가 너무 질겨요.. 사장님과 직원들 모두 불친절하고 좌석도 불편합니다. 반찬 놓는 거 대놓고 같이 하자고 말하고, 밑반찬도 안 챙겨주고. 기대가 너무 높았어요.",찌개나 양념 맛은 좋은데 고기가 너무 질겨요 사장님과 직원들 모두 불친절하고 좌석도 불편합니다 반찬 놓는 거 대놓고 같이 하자고 말하고 밑반찬도 안 챙겨주고 기대가 너무 높았어요,0,0,0,0,0,0,0,105,원
naver,장인닭갈비 홍대점,mov****,3.0,2026.04.05,1번째 방문,영수증,맛있어요!!!!! 직원분들도 친절하시고 좋아요,25,True,,,,맛있어요!!!!! 직원분들도 친절하시고 좋아요,맛있어요 EXCLAM 직원분들도 친절하시고 좋아요,0,0,0,0,1,0,0,25,원
kakao,을밀대 본점,먹보짱,31.0,2025-08-09,,,우래옥이 영업을 안해서 을밀대로! 우래옥과는 다른 매력으로 맛있었당 👍🏻 직원분들 친절하셨어용! 줄이 길었는데 웨이팅 하는 곳에 냉방시설도 설치해놓으시고 줄도 금방 빠져서 힘들게 오래 기다리지 않았어요!,113,True,5.0,5.0,실버 레벨,우래옥이 영업을 안해서 을밀대로! 우래옥과는 다른 매력으로 맛있었당 👍🏻 직원분들 친절하셨어용! 줄이 길었는데 웨이팅 하는 곳에 냉방시설도 설치해놓으시고 줄도 금방 빠져서 힘들게 오래 기다리지 않았어요!,우래옥이 영업을 안해서 을밀대로 EXCLAM 우래옥과는 다른 매력으로 맛있었당 EMO_POS 직원분들 친절하셨어용 EXCLAM 줄이 길었는데 웨이팅 하는 곳에 냉방시설도 설치해놓으시고 줄도 금방 빠져서 힘들게 오래 기다리지 않았어요 EXCLAM,1,0,0,0,1,0,0,113,원
naver,보끔당 성수점,penguin8869,16.0,2026.03.24,2번째 방문,영수증,직원분들도 친절하시고 너무 맛있어요 😊😊,22,True,,,,직원분들도 친절하시고 너무 맛있어요 😊😊,직원분들도 친절하시고 너무 맛있어요 EMO_POS EMO_POS,1,0,0,0,0,0,0,22,원
kakao,이태리국시 성수,예소,1.0,2026-03-29,,,매장 너무 쾌적하고 좋아용 대창파스타가 별미면서 완전맛있어요 ㅠㅠ 오는 이유 대창파스타 하나로 설명가능해요 직원분도 친절하시구 재방문의사 또 있습니다~!,85,True,5.0,5.0,브론즈 레벨,매장 너무 쾌적하고 좋아용 대창파스타가 별미면서 완전맛있어요 ㅠㅠ 오는 이유 대창파스타 하나로 설명가능해요 직원분도 친절하시구 재방문의사 또 있습니다~!,매장 너무 쾌적하고 좋아용 대창파스타가 별미면서 완전맛있어요 오는 이유 대창파스타 하나로 설명가능해요 직원분도 친절하시구 재방문의사 또 있습니다 EXCLAM,0,0,0,1,1,0,0,85,원
kakao,소문난성수감자탕,둥이,8.0,2025-05-18,,,"장사 잘 되면 가격부터 올리고 보자. 소32000원으로 올랐네요. 초심잃은 집.예전 방 있을때가 더 맛있고 좋았는데,방송나오고 사람많아지며 변했네..",83,True,1.0,1.5,실버 레벨,"장사 잘 되면 가격부터 올리고 보자. 소32000원으로 올랐네요. 초심잃은 집.예전 방 있을때가 더 맛있고 좋았는데,방송나오고 사람많아지며 변했네..",장사 잘 되면 가격부터 올리고 보자 소32000원으로 올랐네요 초심잃은 집 예전 방 있을때가 더 맛있고 좋았는데 방송나오고 사람많아지며 변했네,0,0,0,0,0,0,1,83,"가격, 원"
naver,장인닭갈비 홍대점,rauren4,28.0,2026.04.14,1번째 방문,영수증,장인닭갈비 좋아해서 자주 방문해요~~ 테이블 수도 많고 무엇보다 넘 맛있네요~~👍🏻👍🏻 직원분들도 친절하고 좋아요,63,True,,,,장인닭갈비 좋아해서 자주 방문해요~~ 테이블 수도 많고 무엇보다 넘 맛있네요~~👍🏻👍🏻 직원분들도 친절하고 좋아요,장인닭갈비 좋아해서 자주 방문해요 TILDE 테이블 수도 많고 무엇보다 넘 맛있네요 TILDE EMO_POS EMO_POS 직원분들도 친절하고 좋아요,1,0,0,0,0,0,0,63,원
naver,성수족발,별별별91,271.0,2025.11.23,1번째 방문,영수증,그 유명하다는 성수족발 포장으로 첨 먹어보네요 쪽득하니 맛나네요 가격이 쎈편이긴 하네요,48,True,,,,그 유명하다는 성수족발 포장으로 첨 먹어보네요 쪽득하니 맛나네요 가격이 쎈편이긴 하네요,그 유명하다는 성수족발 포장으로 첨 먹어보네요 쪽득하니 맛나네요 가격이 쎈편이긴 하네요,0,0,0,0,0,0,0,48,가격
naver,이태리국시 성수,주희15,27.0,2026.03.14,1번째 방문,영수증,3가지 시킨메뉴가 모두 진짜 너무 맛있어요!! 쫄깃한 불맛나는 대창파스타에 순한 마늘 리조또가 찰떡입니다. 담백한 트러플 뇨끼는 말해모하나요ㅋ 메뉴 3가지 조합 추천하니 시켜보시길요. 내돈내산 리뷰♡,111,True,,,,3가지 시킨메뉴가 모두 진짜 너무 맛있어요!! 쫄깃한 불맛나는 대창파스타에 순한 마늘 리조또가 찰떡입니다. 담백한 트러플 뇨끼는 말해모하나요ㅋ 메뉴 3가지 조합 추천하니 시켜보시길요. 내돈내산 리뷰♡,3가지 시킨메뉴가 모두 진짜 너무 맛있어요 EXCLAM 쫄깃한 불맛나는 대창파스타에 순한 마늘 리조또가 찰떡입니다 담백한 트러플 뇨끼는 말해모하나요 메뉴 3가지 조합 추천하니 시켜보시길요 내돈내산 리뷰 EMO_POS,1,0,0,0,1,0,1,111,돈
naver,능동미나리 성수지점,dls****,27.0,2025.12.25,1번째 방문,영수증,매장이 넓고 은근히 조용해서 식사 즐기기 좋았어요 미나리 반찬이 엄청 맛있었어요 그리고 직원들이 굉장히 많은데 다들 친절하셨어요 저희가 2층에서 먹었는데 이미 다들 아시고 저희를 보기만 해도 알아서 안내해주시더라구요 그리고 사소하게 손님들을 챙기는 느낌이었습니다 좋았어요!!,153,True,,,,매장이 넓고 은근히 조용해서 식사 즐기기 좋았어요 미나리 반찬이 엄청 맛있었어요 그리고 직원들이 굉장히 많은데 다들 친절하셨어요 저희가 2층에서 먹었는데 이미 다들 아시고 저희를 보기만 해도 알아서 안내해주시더라구요 그리고 사소하게 손님들을 챙기는 느낌이었습니다 좋았어요!!,매장이 넓고 은근히 조용해서 식사 즐기기 좋았어요 미나리 반찬이 엄청 맛있었어요 그리고 직원들이 굉장히 많은데 다들 친절하셨어요 저희가 2층에서 먹었는데 이미 다들 아시고 저희를 보기만 해도 알아서 안내해주시더라구요 그리고 사소하게 손님들을 챙기는 느낌이었습니다 좋았어요 EXCLAM,0,0,0,0,1,0,1,153,원
naver,이태리국시 성수,김밥사랑이야요,20.0,2026.04.01,1번째 방문,영수증,친구들이랑 오랜만에 함께 만난 오늘 즐거운 시간을 보내기위해 찾은 이태리국시를 방문했습니다. 식사하면서 친절한 직원들과 맛있는 음식으로 눈과입이 즐거운 시간을 가졌습니다. 다음에 또 성수에 오면 반드시 재방문할거예요.😁,122,True,,,,친구들이랑 오랜만에 함께 만난 오늘 즐거운 시간을 보내기위해 찾은 이태리국시를 방문했습니다. 식사하면서 친절한 직원들과 맛있는 음식으로 눈과입이 즐거운 시간을 가졌습니다. 다음에 또 성수에 오면 반드시 재방문할거예요.😁,친구들이랑 오랜만에 함께 만난 오늘 즐거운 시간을 보내기위해 찾은 이태리국시를 방문했습니다 식사하면서 친절한 직원들과 맛있는 음식으로 눈과입이 즐거운 시간을 가졌습니다 다음에 또 성수에 오면 반드시 재방문할거예요 EMO_POS,1,0,0,0,0,0,0,122,원
kakao,각시보쌈,uni,49.0,2025-03-28,,,서울에서 보쌈 정식을 저렴한 가격에 먹을 수 있을까? 고기 퀄리티도 괜찮고 무김치가 맛있으,50,True,5.0,4.3,실버 레벨,서울에서 보쌈 정식을 저렴한 가격에 먹을 수 있을까? 고기 퀄리티도 괜찮고 무김치가 맛있으,서울에서 보쌈 정식을 저렴한 가격에 먹을 수 있을까 QUESTION 고기 퀄리티도 괜찮고 무김치가 맛있으,0,0,0,0,0,1,0,50,"가격, 저렴"
kakao,육산장 홍대본점,올마이트,64.0,2026-04-30,,,"하 진짜 기대안했는데 흔한 고기집이라고 생각한 내 자신이 부끄럽고 죄스러움. 가성비, 맛, 서비스 뺄게 없음 우선 고기를 좋아한다면 3-4인 세트로 추천 드림. 그리고 찌개를 무조건 시켜야함. 그러고 나서 바로 셀프바로 가서 자신이 먹는것을 잘 담고 구워진 두부를 2점 정도 챙겨야 함. (나중에 찌개나오면 넣으셈) 특제소스 마늘소스 미친거 같음. 개인적으로 애입맛이라 그런 소스를 좋아하기도 하지만 또띠아(사진참고)도 제공되서 선택지가 많아지는게 걍 식사 시간 자체가 되게 풍부했음. 고기도 진짜 맛있고.. 양 많고 아 그냥 너무 맛있게먹음 ㅡㅡ 홍대 특성상 외국인 많은데 내가 외국인 친구있으면 여기 멱살잡고 협박해서라도 데려옴.",354,True,5.0,3.7,실버 레벨,"하 진짜 기대안했는데 흔한 고기집이라고 생각한 내 자신이 부끄럽고 죄스러움. 가성비, 맛, 서비스 뺄게 없음 우선 고기를 좋아한다면 3-4인 세트로 추천 드림. 그리고 찌개를 무조건 시켜야함. 그러고 나서 바로 셀프바로 가서 자신이 먹는것을 잘 담고 구워진 두부를 2점 정도 챙겨야 함. (나중에 찌개나오면 넣으셈) 특제소스 마늘소스 미친거 같음. 개인적으로 애입맛이라 그런 소스를 좋아하기도 하지만 또띠아(사진참고)도 제공되서 선택지가 많아지는게 걍 식사 시간 자체가 되게 풍부했음. 고기도 진짜 맛있고.. 양 많고 아 그냥 너무 맛있게먹음 ㅡㅡ 홍대 특성상 외국인 많은데 내가 외국인 친구있으면 여기 멱살잡고 협박해서라도 데려옴.",하 진짜 기대안했는데 흔한 고기집이라고 생각한 내 자신이 부끄럽고 죄스러움 가성비 맛 서비스 뺄게 없음 우선 고기를 좋아한다면 3 4인 세트로 추천 드림 그리고 찌개를 무조건 시켜야함 그러고 나서 바로 셀프바로 가서 자신이 먹는것을 잘 담고 구워진 두부를 2점 정도 챙겨야 함 나중에 찌개나오면 넣으셈 특제소스 마늘소스 미친거 같음 개인적으로 애입맛이라 그런 소스를 좋아하기도 하지만 또띠아 사진참고 도 제공되서 선택지가 많아지는게 걍 식사 시간 자체가 되게 풍부했음 고기도 진짜 맛있고 양 많고 아 그냥 너무 맛있게먹음 홍대 특성상 외국인 많은데 내가 외국인 친구있으면 여기 멱살잡고 협박해서라도 데려옴,0,0,0,0,0,0,1,354,가성비
kakao,쭌곱창,뀰뀩,19.0,2025-01-01,,,너무 친절하구 음식이 너무 맛있어요! 가성비 킹입니다..❤️,33,True,5.0,4.4,실버 레벨,너무 친절하구 음식이 너무 맛있어요! 가성비 킹입니다..❤️,너무 친절하구 음식이 너무 맛있어요 EXCLAM 가성비 킹입니다 EMO_POS,1,0,0,0,1,0,0,33,가성비
kakao,을밀대 본점,미식짱 피클씨,280.0,2025-02-27,,,"맛있다 맛있다해서 갔더니 임팩트도 없고 별로였음. 나는 깔끔하고 간이 잘되고 면이 너무 뚜걱거리지 않는 걸 좋아해서 서령이 평냉집 중에는 최고였고(강화도에서 서울로 와주셔서 감사합니다 큰 절 올립니다 여기는 면발의 글루텐도 으득으득 끊기는 전형적인 평냉 집들과 달라서 그냥 메밀국수같은 느낌이라 더 좋게 느낀 듯) 능라도가 그 다음/ 광평, 정인면옥, 을밀대, 봉피양은 다 별로였음 돈아까워",218,False,2.0,3.4,골드 레벨,"맛있다 맛있다해서 갔더니 임팩트도 없고 별로였음. 나는 깔끔하고 간이 잘되고 면이 너무 뚜걱거리지 않는 걸 좋아해서 서령이 평냉집 중에는 최고였고(강화도에서 서울로 와주셔서 감사합니다 큰 절 올립니다 여기는 면발의 글루텐도 으득으득 끊기는 전형적인 평냉 집들과 달라서 그냥 메밀국수같은 느낌이라 더 좋게 느낀 듯) 능라도가 그 다음/ 광평, 정인면옥, 을밀대, 봉피양은 다 별로였음 돈아까워",맛있다 맛있다해서 갔더니 임팩트도 없고 별로였음 나는 깔끔하고 간이 잘되고 면이 너무 뚜걱거리지 않는 걸 좋아해서 서령이 평냉집 중에는 최고였고 강화도에서 서울로 와주셔서 감사합니다 큰 절 올립니다 여기는 면발의 글루텐도 으득으득 끊기는 전형적인 평냉 집들과 달라서 그냥 메밀국수같은 느낌이라 더 좋게 느낀 듯 능라도가 그 다음 광평 정인면옥 을밀대 봉피양은 다 별로였음 돈아까워,0,0,0,0,0,0,0,218,돈
naver,일등식당,nks****,54.0,2026.02.06,1번째 방문,영수증,전부터 궁금했지만 가까이 산다는 이유로 멀리했던… 평일 늦은 점심 약간의 웨이팅 후 입장 ! 원래 좀 뜨겁지 않게 나오나 싶을 정도의 온도감이었는데 후에 다른 후기들을 보니 그건 아닌거 같더라구요.. 먹으면서 시래기도 맛있고 고기도 너무 부드러워서 다음엔 포장해서 집에서 뜨겁게 끓여먹자고 말할 정도로 맛은 기억에 남습니다. 후추를 좋아하지만 여기는 안넣는게 개인적으론 더 좋았어요🤓 잘먹었습니다🔥,222,True,,,,전부터 궁금했지만 가까이 산다는 이유로 멀리했던… 평일 늦은 점심 약간의 웨이팅 후 입장 ! 원래 좀 뜨겁지 않게 나오나 싶을 정도의 온도감이었는데 후에 다른 후기들을 보니 그건 아닌거 같더라구요.. 먹으면서 시래기도 맛있고 고기도 너무 부드러워서 다음엔 포장해서 집에서 뜨겁게 끓여먹자고 말할 정도로 맛은 기억에 남습니다. 후추를 좋아하지만 여기는 안넣는게 개인적으론 더 좋았어요🤓 잘먹었습니다🔥,전부터 궁금했지만 가까이 산다는 이유로 멀리했던 평일 늦은 점심 약간의 웨이팅 후 입장 EXCLAM 원래 좀 뜨겁지 않게 나오나 싶을 정도의 온도감이었는데 후에 다른 후기들을 보니 그건 아닌거 같더라구요 먹으면서 시래기도 맛있고 고기도 너무 부드러워서 다음엔 포장해서 집에서 뜨겁게 끓여먹자고 말할 정도로 맛은 기억에 남습니다 후추를 좋아하지만 여기는 안넣는게 개인적으론 더 좋았어요 잘먹었습니다 EMO_POS,1,0,0,0,1,0,0,222,원
kakao,보끔당 성수점,라라,39.0,2026-03-15,,,너무 맛있고 직원분께서 친절하셔서 좋았는데 일요일 점심인데도 너무 바쁘시더라고요! 홀에 혼자서 일하시는데 일하시는분 더 충원되야된다고 생각해요 다들 안쓰러워하면서 기다리고 계시더라고요 ㅠ 저희도 너무 배고팠는데 직원분께서 일일이 친절하게 대해주면서 바쁘게 움직이여서 기다렸어요 잘되었으면해요~,163,False,5.0,5.0,실버 레벨,너무 맛있고 직원분께서 친절하셔서 좋았는데 일요일 점심인데도 너무 바쁘시더라고요! 홀에 혼자서 일하시는데 일하시는분 더 충원되야된다고 생각해요 다들 안쓰러워하면서 기다리고 계시더라고요 ㅠ 저희도 너무 배고팠는데 직원분께서 일일이 친절하게 대해주면서 바쁘게 움직이여서 기다렸어요 잘되었으면해요~,너무 맛있고 직원분께서 친절하셔서 좋았는데 일요일 점심인데도 너무 바쁘시더라고요 EXCLAM 홀에 혼자서 일하시는데 일하시는분 더 충원되야된다고 생각해요 다들 안쓰러워하면서 기다리고 계시더라고요 저희도 너무 배고팠는데 직원분께서 일일이 친절하게 대해주면서 바쁘게 움직이여서 기다렸어요 잘되었으면해요,0,0,0,0,1,0,0,163,원
kakao,일등식당,AR.,24.0,2025-10-29,,,"뼈해장국 1등줄만 하네요! 국물도 맑으면서도 깊은 맛이 있고, 우거지도 제대로 끓여져서 나와요. 뼈에 살코기도 많고 매우 부드럽고 고소합니다. 우거지 좋아하는데 실제로 우거지 맛있게 잘 끓여서 주는 집 찾기가 어려운데 여긴 제대로! 심지어 가격도 25년 10월 기준 8천원! 이 가격에 이 맛이라니 대박입니다!",173,True,5.0,4.0,실버 레벨,"뼈해장국 1등줄만 하네요! 국물도 맑으면서도 깊은 맛이 있고, 우거지도 제대로 끓여져서 나와요. 뼈에 살코기도 많고 매우 부드럽고 고소합니다. 우거지 좋아하는데 실제로 우거지 맛있게 잘 끓여서 주는 집 찾기가 어려운데 여긴 제대로! 심지어 가격도 25년 10월 기준 8천원! 이 가격에 이 맛이라니 대박입니다!",뼈해장국 1등줄만 하네요 EXCLAM 국물도 맑으면서도 깊은 맛이 있고 우거지도 제대로 끓여져서 나와요 뼈에 살코기도 많고 매우 부드럽고 고소합니다 우거지 좋아하는데 실제로 우거지 맛있게 잘 끓여서 주는 집 찾기가 어려운데 여긴 제대로 EXCLAM 심지어 가격도 25년 10월 기준 8천원 EXCLAM 이 가격에 이 맛이라니 대박입니다 EXCLAM,0,0,0,0,1,0,1,173,"가격, 원"
kakao,쭌곱창,오은빈,1.0,2025-01-03,,,홍대 근처에 가성비에 양많구 맛있는 곱창집은 처음이예요…🥺 비주얼부터가 미쳤고 세트 구성 진짜 야무져요!! 덕분에 일행이랑 맛있게 먹는 저녁입니다 ☺️,84,True,5.0,5.0,브론즈 레벨,홍대 근처에 가성비에 양많구 맛있는 곱창집은 처음이예요…🥺 비주얼부터가 미쳤고 세트 구성 진짜 야무져요!! 덕분에 일행이랑 맛있게 먹는 저녁입니다 ☺️,홍대 근처에 가성비에 양많구 맛있는 곱창집은 처음이예요 비주얼부터가 미쳤고 세트 구성 진짜 야무져요 EXCLAM 덕분에 일행이랑 맛있게 먹는 저녁입니다,0,0,0,0,1,0,0,84,가성비
naver,락희옥 마포본점,닥터킴11,8.0,2026.04.15,1번째 방문,영수증,공덕에 모임이 있어 예약 후 방문해서 보쌈과 육전을 시켰는데 넘 맛있고 가볍게 술한잔하기 딱 좋았습니다. 직원분들도 친절하고 매장도 넓고 깨끗합니다. 보쌈은 넘 맛있게 먹느라 사진을 못찍었네요. 다음에 재방문 할께요.,121,True,,,,공덕에 모임이 있어 예약 후 방문해서 보쌈과 육전을 시켰는데 넘 맛있고 가볍게 술한잔하기 딱 좋았습니다. 직원분들도 친절하고 매장도 넓고 깨끗합니다. 보쌈은 넘 맛있게 먹느라 사진을 못찍었네요. 다음에 재방문 할께요.,공덕에 모임이 있어 예약 후 방문해서 보쌈과 육전을 시켰는데 넘 맛있고 가볍게 술한잔하기 딱 좋았습니다 직원분들도 친절하고 매장도 넓고 깨끗합니다 보쌈은 넘 맛있게 먹느라 사진을 못찍었네요 다음에 재방문 할께요,0,0,0,0,0,0,0,121,원
naver,금금 성수점,doxx79,68.0,2026.03.27,1번째 방문,영수증,오 진짜 맛있아요ㅜ회사근처인데 처음맛보는 맛이기도하고 너무 가격도 가설비도 너무 좋아요 남편 해산물안먹는데 문어비빔밥 맛있다네요ㅠ 자주올거같아요,80,True,,,,오 진짜 맛있아요ㅜ회사근처인데 처음맛보는 맛이기도하고 너무 가격도 가설비도 너무 좋아요 남편 해산물안먹는데 문어비빔밥 맛있다네요ㅠ 자주올거같아요,오 진짜 맛있아요 회사근처인데 처음맛보는 맛이기도하고 너무 가격도 가설비도 너무 좋아요 남편 해산물안먹는데 문어비빔밥 맛있다네요 자주올거같아요,0,0,0,0,0,0,0,80,가격
kakao,금금,스누피,6.0,2025-03-22,,,마제소바 비슷한 퓨전한식 평일 오후6시쯤 웨이팅 없이 입장했습니다 메뉴 이름에 된장이 들어가는데 된장맛이 안느껴졌던 것 같고 고기에선 잡내가 살짝 느껴져 아쉬웠어요 맛은 있었습니다 직원분 친절하셔서 좋았고 1인 좌석도 있네요 다른메뉴도 궁금해지네요,138,False,4.0,4.3,브론즈 레벨,마제소바 비슷한 퓨전한식 평일 오후6시쯤 웨이팅 없이 입장했습니다 메뉴 이름에 된장이 들어가는데 된장맛이 안느껴졌던 것 같고 고기에선 잡내가 살짝 느껴져 아쉬웠어요 맛은 있었습니다 직원분 친절하셔서 좋았고 1인 좌석도 있네요 다른메뉴도 궁금해지네요,마제소바 비슷한 퓨전한식 평일 오후6시쯤 웨이팅 없이 입장했습니다 메뉴 이름에 된장이 들어가는데 된장맛이 안느껴졌던 것 같고 고기에선 잡내가 살짝 느껴져 아쉬웠어요 맛은 있었습니다 직원분 친절하셔서 좋았고 1인 좌석도 있네요 다른메뉴도 궁금해지네요,0,0,0,0,0,0,1,138,원
kakao,굴다리식당,hayley o,20.0,2026-01-05,,,"음 좀 애매한 곳 맛 자체는 나쁘지 않음 김치찌개, 제육, 달걀말이 이렇게 주문했는데 일단 만원짜리 김치찌개에 고기가 딱 한점 두부도 없음 제육은 흔히 아는 스탈이 아닌 찜용 고기에다 뭔지 알기 어려운, 일반적으로 잘 안쓰는 향신료가 들어감 거의 처음 맛 본 향신료-> 결론 낯선 맛이었음 중국 사람이 만든 요리가 아닐까 함 다 만들어져 있는 음식을 그냥 담아서 내주는 형태에, 내용도 좀 부실함",221,False,3.0,4.6,실버 레벨,"음 좀 애매한 곳 맛 자체는 나쁘지 않음 김치찌개, 제육, 달걀말이 이렇게 주문했는데 일단 만원짜리 김치찌개에 고기가 딱 한점 두부도 없음 제육은 흔히 아는 스탈이 아닌 찜용 고기에다 뭔지 알기 어려운, 일반적으로 잘 안쓰는 향신료가 들어감 거의 처음 맛 본 향신료-> 결론 낯선 맛이었음 중국 사람이 만든 요리가 아닐까 함 다 만들어져 있는 음식을 그냥 담아서 내주는 형태에, 내용도 좀 부실함",음 좀 애매한 곳 맛 자체는 나쁘지 않음 김치찌개 제육 달걀말이 이렇게 주문했는데 일단 만원짜리 김치찌개에 고기가 딱 한점 두부도 없음 제육은 흔히 아는 스탈이 아닌 찜용 고기에다 뭔지 알기 어려운 일반적으로 잘 안쓰는 향신료가 들어감 거의 처음 맛 본 향신료 결론 낯선 맛이었음 중국 사람이 만든 요리가 아닐까 함 다 만들어져 있는 음식을 그냥 담아서 내주는 형태에 내용도 좀 부실함,0,0,0,0,0,0,0,221,원
naver,보끔당 성수점,은서9489,24.0,2026.02.21,1번째 방문,영수증,너무 맛있고 직원분도 친절하셔요! 묵은지도 다음에 와서 먹어보고 싶어요,39,True,,,,너무 맛있고 직원분도 친절하셔요! 묵은지도 다음에 와서 먹어보고 싶어요,너무 맛있고 직원분도 친절하셔요 EXCLAM 묵은지도 다음에 와서 먹어보고 싶어요,0,0,0,0,1,0,0,39,원
kakao,뼈탄집 성수역점,미미원,1.0,2026-01-13,,,뼈탄집 성수점은 처음 방문해보았는데 직원분께서 직접 구워주시고 엄청난 두께의 삼겹살 맛집입니당!! 뼈구이도 진짜 맵달맵달이고 무엇보다 김치찌개도 진짜 맛있습니다!! 완전 만족하고왔습니다 ㅎㅎ 오래 영업해주세요!! 🥹,120,True,5.0,5.0,브론즈 레벨,뼈탄집 성수점은 처음 방문해보았는데 직원분께서 직접 구워주시고 엄청난 두께의 삼겹살 맛집입니당!! 뼈구이도 진짜 맵달맵달이고 무엇보다 김치찌개도 진짜 맛있습니다!! 완전 만족하고왔습니다 ㅎㅎ 오래 영업해주세요!! 🥹,뼈탄집 성수점은 처음 방문해보았는데 직원분께서 직접 구워주시고 엄청난 두께의 삼겹살 맛집입니당 EXCLAM 뼈구이도 진짜 맵달맵달이고 무엇보다 김치찌개도 진짜 맛있습니다 EXCLAM 완전 만족하고왔습니다 오래 영업해주세요 EXCLAM,0,0,0,0,1,0,0,120,원
naver,소문난성수감자탕,cr1****,42.0,2025.10.24,1번째 방문,예약,맛은5점만점에1점 너무 맹맹하고 이모님들께 뭐 넣을거 없냐 부탁드렸는데 다 바쁘셔서 그런지 준다하시고 끝내 싱거운채로 먹고 남김이슈.. 고기도 넘 뻑뻑했어요..볶음밥은4천원 인데 깻잎 김가루 들기름만 들어가요 …….저 밥 남기는 거 안좋아하는데 진짜 고기도 남기고 밥도 남기고 돌아옴.. 줄서고 먹었음 화날뻔 응대해주는 직원분 바쁘신건 알겠는데 조금 친절해야할 필요가 있을 것 같아요.. 주차해주시는 분들도 되게 당황 ..주차비 받는 것도 충격..계산할때 주차비도 같이받아요 참고하세요 다신 안갈듯요,279,True,,,,맛은5점만점에1점 너무 맹맹하고 이모님들께 뭐 넣을거 없냐 부탁드렸는데 다 바쁘셔서 그런지 준다하시고 끝내 싱거운채로 먹고 남김이슈.. 고기도 넘 뻑뻑했어요..볶음밥은4천원 인데 깻잎 김가루 들기름만 들어가요 …….저 밥 남기는 거 안좋아하는데 진짜 고기도 남기고 밥도 남기고 돌아옴.. 줄서고 먹었음 화날뻔 응대해주는 직원분 바쁘신건 알겠는데 조금 친절해야할 필요가 있을 것 같아요.. 주차해주시는 분들도 되게 당황 ..주차비 받는 것도 충격..계산할때 주차비도 같이받아요 참고하세요 다신 안갈듯요,맛은5점만점에1점 너무 맹맹하고 이모님들께 뭐 넣을거 없냐 부탁드렸는데 다 바쁘셔서 그런지 준다하시고 끝내 싱거운채로 먹고 남김이슈 고기도 넘 뻑뻑했어요 볶음밥은4천원 인데 깻잎 김가루 들기름만 들어가요 저 밥 남기는 거 안좋아하는데 진짜 고기도 남기고 밥도 남기고 돌아옴 줄서고 먹었음 화날뻔 응대해주는 직원분 바쁘신건 알겠는데 조금 친절해야할 필요가 있을 것 같아요 주차해주시는 분들도 되게 당황 주차비 받는 것도 충격 계산할때 주차비도 같이받아요 참고하세요 다신 안갈듯요,0,0,0,0,0,0,1,279,원
kakao,뼈탄집 성수역점,이재원,1.0,2026-02-28,,,"매장 앞에 주차도 가능하고, 가격 괜찮고 맛있어요!",28,True,5.0,5.0,브론즈 레벨,"매장 앞에 주차도 가능하고, 가격 괜찮고 맛있어요!",매장 앞에 주차도 가능하고 가격 괜찮고 맛있어요 EXCLAM,0,0,0,0,1,0,0,28,가격
kakao,옥동식 서교점,bbnolle,10.0,2025-03-22,,,밥이 설익은 냄비밥 먹는거 같아요. 내부가 조용해서 그런지 아무도 맛잇다는말을 안하는데 왜 맛집인지....의문스러워요. 그냥 좀 유명한 아무 국밥집이나 갓어도 이보다는 더 맛있게 먹었을거예요... 맛집이라고 가격도 비싸게 받는데 왜 밥이 이런건지...밥빼고 봐도 굳이 이 가격에 집 앞에 있어도 안갈것같아요.,172,False,1.0,4.2,브론즈 레벨,밥이 설익은 냄비밥 먹는거 같아요. 내부가 조용해서 그런지 아무도 맛잇다는말을 안하는데 왜 맛집인지....의문스러워요. 그냥 좀 유명한 아무 국밥집이나 갓어도 이보다는 더 맛있게 먹었을거예요... 맛집이라고 가격도 비싸게 받는데 왜 밥이 이런건지...밥빼고 봐도 굳이 이 가격에 집 앞에 있어도 안갈것같아요.,밥이 설익은 냄비밥 먹는거 같아요 내부가 조용해서 그런지 아무도 맛잇다는말을 안하는데 왜 맛집인지 의문스러워요 그냥 좀 유명한 아무 국밥집이나 갓어도 이보다는 더 맛있게 먹었을거예요 맛집이라고 가격도 비싸게 받는데 왜 밥이 이런건지 밥빼고 봐도 굳이 이 가격에 집 앞에 있어도 안갈것같아요,0,0,0,0,0,0,0,172,"가격, 비싸"
naver,각시보쌈,진저앤,527.0,2025.06.29,1번째 방문,영수증,"여전히 가성비 최고!!항정살보쌈이라 더 부드럽고 맛있어요! 요즘은 줄이 길어 오랫만에 방문했는데, 직원분들끼리 싸우는것 빼고는 맛있고 가성비좋아서 십년넘게 갑니다.",91,True,,,,"여전히 가성비 최고!!항정살보쌈이라 더 부드럽고 맛있어요! 요즘은 줄이 길어 오랫만에 방문했는데, 직원분들끼리 싸우는것 빼고는 맛있고 가성비좋아서 십년넘게 갑니다.",여전히 가성비 최고 EXCLAM 항정살보쌈이라 더 부드럽고 맛있어요 EXCLAM 요즘은 줄이 길어 오랫만에 방문했는데 직원분들끼리 싸우는것 빼고는 맛있고 가성비좋아서 십년넘게 갑니다,0,0,0,0,1,0,0,91,"가성비, 원"
naver,홍대 육지,Se현,47.0,2026.04.23,1번째 방문,영수증,친구들이랑 밥 먹으려고 방문했는데 기대 안했는데 매우 맛있어요… 고기도 질이 좋고 직원분들도 깔끔하게 고기 잘 구워주십니당 ! 특히 후식으로 한우볶음밥(매운맛) 이거 꼭 추천이에요…!!,103,True,,,,친구들이랑 밥 먹으려고 방문했는데 기대 안했는데 매우 맛있어요… 고기도 질이 좋고 직원분들도 깔끔하게 고기 잘 구워주십니당 ! 특히 후식으로 한우볶음밥(매운맛) 이거 꼭 추천이에요…!!,친구들이랑 밥 먹으려고 방문했는데 기대 안했는데 매우 맛있어요 고기도 질이 좋고 직원분들도 깔끔하게 고기 잘 구워주십니당 EXCLAM 특히 후식으로 한우볶음밥 매운맛 이거 꼭 추천이에요 EXCLAM,0,0,0,0,1,0,0,103,원
naver,이태리국시 성수,정혜인2639,25.0,2026.04.25,1번째 방문,영수증,칭구들과 먹고 갔어요 다 가격 값하는 맛이 었습니다!! 넘 맛있어서 올 클리어했습니다. 다음에 또 올 생각이에용,62,True,,,,칭구들과 먹고 갔어요 다 가격 값하는 맛이 었습니다!! 넘 맛있어서 올 클리어했습니다. 다음에 또 올 생각이에용,칭구들과 먹고 갔어요 다 가격 값하는 맛이 었습니다 EXCLAM 넘 맛있어서 올 클리어했습니다 다음에 또 올 생각이에용,0,0,0,0,1,0,0,62,"가격, 값"
naver,성수족발,봄바스틱04,569.0,2025.05.31,1번째 방문,영수증,"오랜만에 재방문한 성수족발 토요일 방문이라서 카페가면서 3시에 첫번째로 이름쓰고 5시에 가니 사람들 엄청 많았어요! 미리 써놓기를 잘 했다는 생각이 ㅎㅎ... 웨이팅 하는데 안에서 잡내 비릿내랑 시큼한 냄새가 너무 나서 오랜만에 왔는데 맛없으면 어쩌나 고민했는데, 첫번째 순서라 그냥 먹어보자! 하고 들어갔어요 다행히 냄새만 이상했고, 먹어보니 잡내 하나 없이 맛있었어요👍🏻🤤 직원분들이.. 대부분은 친절하시지는 않은... 부르면 한번에 오지를 않는 ,,, 극 I들은 절대 못갈듯 😅 다른리뷰들에 써있는거처럼 야채들은 넘 시들시들 했어요🥹 포장은 미리 썰어논거를 줘서 위생은 .. 걱정되어서 오픈런해서 매장에서 먹는게 나을거같아요! 맛 하나는 최고👍🏻 콩나물국도 시원해서 3번 리필 해먹었어요🤤",388,True,,,,"오랜만에 재방문한 성수족발 토요일 방문이라서 카페가면서 3시에 첫번째로 이름쓰고 5시에 가니 사람들 엄청 많았어요! 미리 써놓기를 잘 했다는 생각이 ㅎㅎ... 웨이팅 하는데 안에서 잡내 비릿내랑 시큼한 냄새가 너무 나서 오랜만에 왔는데 맛없으면 어쩌나 고민했는데, 첫번째 순서라 그냥 먹어보자! 하고 들어갔어요 다행히 냄새만 이상했고, 먹어보니 잡내 하나 없이 맛있었어요👍🏻🤤 직원분들이.. 대부분은 친절하시지는 않은... 부르면 한번에 오지를 않는 ,,, 극 I들은 절대 못갈듯 😅 다른리뷰들에 써있는거처럼 야채들은 넘 시들시들 했어요🥹 포장은 미리 썰어논거를 줘서 위생은 .. 걱정되어서 오픈런해서 매장에서 먹는게 나을거같아요! 맛 하나는 최고👍🏻 콩나물국도 시원해서 3번 리필 해먹었어요🤤",오랜만에 재방문한 성수족발 토요일 방문이라서 카페가면서 3시에 첫번째로 이름쓰고 5시에 가니 사람들 엄청 많았어요 EXCLAM 미리 써놓기를 잘 했다는 생각이 웨이팅 하는데 안에서 잡내 비릿내랑 시큼한 냄새가 너무 나서 오랜만에 왔는데 맛없으면 어쩌나 고민했는데 첫번째 순서라 그냥 먹어보자 EXCLAM 하고 들어갔어요 다행히 냄새만 이상했고 먹어보니 잡내 하나 없이 맛있었어요 EMO_POS 직원분들이 대부분은 친절하시지는 않은 부르면 한번에 오지를 않는 극 I들은 절대 못갈듯 다른리뷰들에 써있는거처럼 야채들은 넘 시들시들 했어요 포장은 미리 썰어논거를 줘서 위생은 걱정되어서 오픈런해서 매장에서 먹는게 나을거같아요 EXCLAM 맛 하나는 최고 EMO_POS 콩나물국도 시원해서 3번 리필 해먹었어요,1,0,0,0,1,0,1,388,원
kakao,장인닭갈비 홍대점,도토리,1.0,2025-12-19,,,일단 처음 들어갈 때부터 너무 불친절하시고 안내도 제대로 안해주시고 메뉴판에도 안써있는 상황에 돈 더 낼 뻔 해서 안내를 못받았다 말씀 드리니까 한소리 듣고 맵기 어떻게 할지 물어보시지도 않고 그냥 주시고 친구랑 기분좋게 먹으러 왔는데 불쾌했네요…,138,False,1.0,1.0,브론즈 레벨,일단 처음 들어갈 때부터 너무 불친절하시고 안내도 제대로 안해주시고 메뉴판에도 안써있는 상황에 돈 더 낼 뻔 해서 안내를 못받았다 말씀 드리니까 한소리 듣고 맵기 어떻게 할지 물어보시지도 않고 그냥 주시고 친구랑 기분좋게 먹으러 왔는데 불쾌했네요…,일단 처음 들어갈 때부터 너무 불친절하시고 안내도 제대로 안해주시고 메뉴판에도 안써있는 상황에 돈 더 낼 뻔 해서 안내를 못받았다 말씀 드리니까 한소리 듣고 맵기 어떻게 할지 물어보시지도 않고 그냥 주시고 친구랑 기분좋게 먹으러 왔는데 불쾌했네요,0,0,0,0,0,0,0,138,돈
naver,육산장 홍대본점,the****,13.0,2026.04.19,1번째 방문,영수증,진짜 맛있고 양도 많고 저렴한데 분위기도 미쳣어요 도심 속 캠핑! 추천드려요,42,True,,,,진짜 맛있고 양도 많고 저렴한데 분위기도 미쳣어요 도심 속 캠핑! 추천드려요,진짜 맛있고 양도 많고 저렴한데 분위기도 미쳣어요 도심 속 캠핑 EXCLAM 추천드려요,0,0,0,0,1,0,0,42,저렴
naver,원조 조박집 본관,cho****,109.0,2025.05.10,5번째 방문,영수증,고기질도 좋고 양념도 은은하고 불판도 잘 갈아주시고 야채도 넉넉히 잘 챙겨주시네요 총각김치도 식혜도 직접 만들어서 너무나도 맛있고요 가격도 너무 착하고 항상 맛있담니다 진짜 음식장사 이렇게 하시니 계속 대박 나실거예요 고기맛은 언급 안해도 될만큼 맛나고요 저의 최애 맛집입니다 매장 이모님들도 불가져다주시는 삼촌도 다 친절하심니다 강추강추강추입니다 항상 사진 찍을 틈이 없담니다 먹기 바빠서요 그래도 오늘은 겨우 3장 건졋어요 다만 일요일에 문 닫으시는거가 불만입니다 월욜 닫고 가족들 갈 수 있게 일욜 오픈을 바래봅니다 👍🏻👍🏻👍🏻👍🏻👍🏻👍🏻👍🏻,306,True,,,,고기질도 좋고 양념도 은은하고 불판도 잘 갈아주시고 야채도 넉넉히 잘 챙겨주시네요 총각김치도 식혜도 직접 만들어서 너무나도 맛있고요 가격도 너무 착하고 항상 맛있담니다 진짜 음식장사 이렇게 하시니 계속 대박 나실거예요 고기맛은 언급 안해도 될만큼 맛나고요 저의 최애 맛집입니다 매장 이모님들도 불가져다주시는 삼촌도 다 친절하심니다 강추강추강추입니다 항상 사진 찍을 틈이 없담니다 먹기 바빠서요 그래도 오늘은 겨우 3장 건졋어요 다만 일요일에 문 닫으시는거가 불만입니다 월욜 닫고 가족들 갈 수 있게 일욜 오픈을 바래봅니다 👍🏻👍🏻👍🏻👍🏻👍🏻👍🏻👍🏻,고기질도 좋고 양념도 은은하고 불판도 잘 갈아주시고 야채도 넉넉히 잘 챙겨주시네요 총각김치도 식혜도 직접 만들어서 너무나도 맛있고요 가격도 너무 착하고 항상 맛있담니다 진짜 음식장사 이렇게 하시니 계속 대박 나실거예요 고기맛은 언급 안해도 될만큼 맛나고요 저의 최애 맛집입니다 매장 이모님들도 불가져다주시는 삼촌도 다 친절하심니다 강추강추강추입니다 항상 사진 찍을 틈이 없담니다 먹기 바빠서요 그래도 오늘은 겨우 3장 건졋어요 다만 일요일에 문 닫으시는거가 불만입니다 월욜 닫고 가족들 갈 수 있게 일욜 오픈을 바래봅니다 EMO_POS EMO_POS EMO_POS EMO_POS EMO_POS EMO_POS EMO_POS,1,0,0,0,0,0,1,306,"가격, 착하고"
naver,락희옥 마포본점,gㅡyㅡjoo,345.0,2025.09.18,1번째 방문,영수증,"회사 동료분들과 청모 겸 방문했는데, 매번 올때마다 맛있어요!!! 직원분들도 정말 친절하시고, 음식도 빠르게 나오는 편이라 모임에두 아주 좋은 식당입니다!! QR코드로 주문할 수 있는 테이블 주문도 생겼는데 훨씬 편합니다!!",125,True,,,,"회사 동료분들과 청모 겸 방문했는데, 매번 올때마다 맛있어요!!! 직원분들도 정말 친절하시고, 음식도 빠르게 나오는 편이라 모임에두 아주 좋은 식당입니다!! QR코드로 주문할 수 있는 테이블 주문도 생겼는데 훨씬 편합니다!!",회사 동료분들과 청모 겸 방문했는데 매번 올때마다 맛있어요 EXCLAM 직원분들도 정말 친절하시고 음식도 빠르게 나오는 편이라 모임에두 아주 좋은 식당입니다 EXCLAM QR코드로 주문할 수 있는 테이블 주문도 생겼는데 훨씬 편합니다 EXCLAM,0,0,0,0,1,0,0,125,원
kakao,소문난성수감자탕,맛없으면 리뷰 안남김,73.0,2025-06-14,,,주말인데 사람도 많지 않았고 그런데도 직원들 빨리빨리 호들갑떠는것 보니 슬슬 거품 꺼지는구나 싶음 고기도 퍽퍽하고 양도 엄청많은지도 모르겠고 가격도 비싸고 수제비가 4천원임 솔직히 우리 테이블오신 아주머니가 수제비 얇게 잘떠주셔서 수제비만 맛있었고 감자탕은 실망,146,True,3.0,4.5,실버 레벨,주말인데 사람도 많지 않았고 그런데도 직원들 빨리빨리 호들갑떠는것 보니 슬슬 거품 꺼지는구나 싶음 고기도 퍽퍽하고 양도 엄청많은지도 모르겠고 가격도 비싸고 수제비가 4천원임 솔직히 우리 테이블오신 아주머니가 수제비 얇게 잘떠주셔서 수제비만 맛있었고 감자탕은 실망,주말인데 사람도 많지 않았고 그런데도 직원들 빨리빨리 호들갑떠는것 보니 슬슬 거품 꺼지는구나 싶음 고기도 퍽퍽하고 양도 엄청많은지도 모르겠고 가격도 비싸고 수제비가 4천원임 솔직히 우리 테이블오신 아주머니가 수제비 얇게 잘떠주셔서 수제비만 맛있었고 감자탕은 실망,0,0,0,0,0,0,1,146,"가격, 비싸, 원"
naver,을밀대 평양냉면,김동현0907,554.0,2025.08.31,2번째 방문,영수증,"우래옥 처럼 묵직한 육향은 아니지만 자극적이지 않고 슴슴하면서 중독성 있습니다 기본간은 주관적으로 대체로 좀 짠편 ~~~ 역시 ""거냉"" 추천 녹두전 까지는 그럭저럭 수육은 그돈주고 먹을 맛이나 식감은 아닌 듯",116,True,,,,"우래옥 처럼 묵직한 육향은 아니지만 자극적이지 않고 슴슴하면서 중독성 있습니다 기본간은 주관적으로 대체로 좀 짠편 ~~~ 역시 ""거냉"" 추천 녹두전 까지는 그럭저럭 수육은 그돈주고 먹을 맛이나 식감은 아닌 듯",우래옥 처럼 묵직한 육향은 아니지만 자극적이지 않고 슴슴하면서 중독성 있습니다 기본간은 주관적으로 대체로 좀 짠편 TILDE 역시 거냉 추천 녹두전 까지는 그럭저럭 수육은 그돈주고 먹을 맛이나 식감은 아닌 듯,0,0,0,0,0,0,0,116,돈
kakao,홍대 조선시대,김예인,1.0,2025-12-26,,,"카카오맵 리뷰 보고서 찾았던 곳인데, 직원 분들도 친절하고 시킨 음식 맛도 좋았어서 또 방문하고 싶은 곳이에요! 가격이 처음에는 좀 있어서 걱정됐는데 가격대비 양 많고 걱정이 무색하게 생각보다 더 좋았던 것 같습니다☺️💕",123,True,5.0,5.0,브론즈 레벨,"카카오맵 리뷰 보고서 찾았던 곳인데, 직원 분들도 친절하고 시킨 음식 맛도 좋았어서 또 방문하고 싶은 곳이에요! 가격이 처음에는 좀 있어서 걱정됐는데 가격대비 양 많고 걱정이 무색하게 생각보다 더 좋았던 것 같습니다☺️💕",카카오맵 리뷰 보고서 찾았던 곳인데 직원 분들도 친절하고 시킨 음식 맛도 좋았어서 또 방문하고 싶은 곳이에요 EXCLAM 가격이 처음에는 좀 있어서 걱정됐는데 가격대비 양 많고 걱정이 무색하게 생각보다 더 좋았던 것 같습니다 EMO_POS,1,0,0,0,1,0,0,123,"가격, 원, 가격대"
naver,락희옥 마포본점,dad****,57.0,2025.11.17,1번째 방문,영수증,음식이 정성스럽고 깔끔하며 직원분들이 모두 친절합니다. 연말다가오기전 이른모임으로 찾게되었는데 너무좋아요^^,60,True,,,,음식이 정성스럽고 깔끔하며 직원분들이 모두 친절합니다. 연말다가오기전 이른모임으로 찾게되었는데 너무좋아요^^,음식이 정성스럽고 깔끔하며 직원분들이 모두 친절합니다 연말다가오기전 이른모임으로 찾게되었는데 너무좋아요,0,0,0,0,0,0,0,60,원
kakao,훼미리손칼국수보쌈,BSR,1149.0,2025-06-09,,,"보쌈정식 15,000원. 보쌈은 적당한 익기여서 좋았다. 칼국수는 특별함은 없었고 칼국수를 먹으러 다시 가겠냐면 그건 ….. 경험은 좋았다",77,True,3.0,3.7,블루 레벨,"보쌈정식 15,000원. 보쌈은 적당한 익기여서 좋았다. 칼국수는 특별함은 없었고 칼국수를 먹으러 다시 가겠냐면 그건 ….. 경험은 좋았다",보쌈정식 15 000원 보쌈은 적당한 익기여서 좋았다 칼국수는 특별함은 없었고 칼국수를 먹으러 다시 가겠냐면 그건 경험은 좋았다,0,0,0,0,0,0,1,77,원
kakao,을밀대 본점,서강 서경은 취향차이,9.0,2025-01-16,,,육수 은은해서 좋고 비빔 소스는 과일로 직접 만든 정성이 느껴져요. 녹두전도 담백해서 좋았어요. 근데 이 가격이면 다른데 가고도 남아요.,76,False,3.0,2.7,브론즈 레벨,육수 은은해서 좋고 비빔 소스는 과일로 직접 만든 정성이 느껴져요. 녹두전도 담백해서 좋았어요. 근데 이 가격이면 다른데 가고도 남아요.,육수 은은해서 좋고 비빔 소스는 과일로 직접 만든 정성이 느껴져요 녹두전도 담백해서 좋았어요 근데 이 가격이면 다른데 가고도 남아요,0,0,0,0,0,0,0,76,가격
naver,육산장 홍대본점,tmd****,31.0,2026.03.22,1번째 방문,영수증,야장도 되게 낭만있게 잘 되어있고 직원분들도 다 친절하고 가게분위기가 좋아요,42,True,,,,야장도 되게 낭만있게 잘 되어있고 직원분들도 다 친절하고 가게분위기가 좋아요,야장도 되게 낭만있게 잘 되어있고 직원분들도 다 친절하고 가게분위기가 좋아요,0,0,0,0,0,0,0,42,원
kakao,태양곱창 성수,별이되어라,147.0,2025-10-08,,,곱창 전골을 먹었습니다 죄송합니다만 다시는 안 올 거 같아요 성수동은 역시 삐까뻔쩍하면 월세가 비싸요 퀄리티가 좋을 수가 없다는 것을 다시 한 번 느낍니다 구석탱이 줄서있는 맛집을 가세요 다 이유가 있습니다 양은 많아요 전문가가 아니라서 그런지... 양은 많아서 별 2개입니다 돼지곱창이 원래 이렇다라고 한다면.... 주방에서 돼지잡내가 많이 나서 들깨넣어서 거의 들깨국으로 먹었어요,214,True,2.0,4.6,골드 레벨,곱창 전골을 먹었습니다 죄송합니다만 다시는 안 올 거 같아요 성수동은 역시 삐까뻔쩍하면 월세가 비싸요 퀄리티가 좋을 수가 없다는 것을 다시 한 번 느낍니다 구석탱이 줄서있는 맛집을 가세요 다 이유가 있습니다 양은 많아요 전문가가 아니라서 그런지... 양은 많아서 별 2개입니다 돼지곱창이 원래 이렇다라고 한다면.... 주방에서 돼지잡내가 많이 나서 들깨넣어서 거의 들깨국으로 먹었어요,곱창 전골을 먹었습니다 죄송합니다만 다시는 안 올 거 같아요 성수동은 역시 삐까뻔쩍하면 월세가 비싸요 퀄리티가 좋을 수가 없다는 것을 다시 한 번 느낍니다 구석탱이 줄서있는 맛집을 가세요 다 이유가 있습니다 양은 많아요 전문가가 아니라서 그런지 양은 많아서 별 2개입니다 돼지곱창이 원래 이렇다라고 한다면 주방에서 돼지잡내가 많이 나서 들깨넣어서 거의 들깨국으로 먹었어요,0,0,0,0,0,0,1,214,"비싸, 원"
kakao,뼈탄집 성수역점,Hyejung,1.0,2026-02-12,,,직원분들도 친절하시고 고기도 맛있어요. 또 오고 싶습니다.👍👍👍👍👍👍👍,39,True,5.0,5.0,브론즈 레벨,직원분들도 친절하시고 고기도 맛있어요. 또 오고 싶습니다.👍👍👍👍👍👍👍,직원분들도 친절하시고 고기도 맛있어요 또 오고 싶습니다 EMO_POS EMO_POS EMO_POS EMO_POS EMO_POS EMO_POS EMO_POS,1,0,0,0,0,0,0,39,원
kakao,홍대 조선시대,박태윤,1.0,2026-01-25,,,분위기도 좋고 가성비도 너무 좋아요!!!!,23,True,5.0,5.0,브론즈 레벨,분위기도 좋고 가성비도 너무 좋아요!!!!,분위기도 좋고 가성비도 너무 좋아요 EXCLAM,0,0,0,0,1,0,0,23,가성비
naver,각시보쌈,해피바이러스4149,3.0,2026.03.15,1번째 방문,영수증,"전엔 이러지 않았는데 서비스 너무 엉망입니다. 다신 안갑니다. 1) 벨이 없는 것까진 이해하나, 적어도 부르고 알겠다고 했음 와야하는 거 아닌가요? 결국 직접 가서 요청했습니다. 그리고 직원분 하는 말 들었는데 ""아 포장해달래?""라고 하시더군요. 그럼 저희가 부른 걸 인지하고 있었다는 건데 왜 그리 행동 하세요? 2) 전에는 콩나물국 리필하면 콩나물까지 다시 떠서 갔다 줬는데 오늘은 달라고 하니 그냥 주전자 가지고 와서 국물만 왕창 리필(한번 리필했습니다) 3) 남은 거 포장 요청하니 앞에서 장갑 끼고 막고 그리고 상식적으로 손님 포장해줄 용기를 본인 앞치마에 대고 있음 어떡합니다? 여긴 직원들 위생 교육도 안시키나요? 숟가락 젓가락엔 뭐가 많이 묻어있던데 세척한 거 맞나요? 안묻어있는거 찾는라 힘들었음",398,True,,,,"전엔 이러지 않았는데 서비스 너무 엉망입니다. 다신 안갑니다. 1) 벨이 없는 것까진 이해하나, 적어도 부르고 알겠다고 했음 와야하는 거 아닌가요? 결국 직접 가서 요청했습니다. 그리고 직원분 하는 말 들었는데 ""아 포장해달래?""라고 하시더군요. 그럼 저희가 부른 걸 인지하고 있었다는 건데 왜 그리 행동 하세요? 2) 전에는 콩나물국 리필하면 콩나물까지 다시 떠서 갔다 줬는데 오늘은 달라고 하니 그냥 주전자 가지고 와서 국물만 왕창 리필(한번 리필했습니다) 3) 남은 거 포장 요청하니 앞에서 장갑 끼고 막고 그리고 상식적으로 손님 포장해줄 용기를 본인 앞치마에 대고 있음 어떡합니다? 여긴 직원들 위생 교육도 안시키나요? 숟가락 젓가락엔 뭐가 많이 묻어있던데 세척한 거 맞나요? 안묻어있는거 찾는라 힘들었음",전엔 이러지 않았는데 서비스 너무 엉망입니다 다신 안갑니다 1 벨이 없는 것까진 이해하나 적어도 부르고 알겠다고 했음 와야하는 거 아닌가요 QUESTION 결국 직접 가서 요청했습니다 그리고 직원분 하는 말 들었는데 아 포장해달래 QUESTION 라고 하시더군요 그럼 저희가 부른 걸 인지하고 있었다는 건데 왜 그리 행동 하세요 QUESTION 2 전에는 콩나물국 리필하면 콩나물까지 다시 떠서 갔다 줬는데 오늘은 달라고 하니 그냥 주전자 가지고 와서 국물만 왕창 리필 한번 리필했습니다 3 남은 거 포장 요청하니 앞에서 장갑 끼고 막고 그리고 상식적으로 손님 포장해줄 용기를 본인 앞치마에 대고 있음 어떡합니다 QUESTION 여긴 직원들 위생 교육도 안시키나요 QUESTION 숟가락 젓가락엔 뭐가 많이 묻어있던데 세척한 거 맞나요 QUESTION 안묻어있는거 찾는라 힘들었음,0,0,0,0,0,1,1,398,원
naver,장인닭갈비 홍대점,vkd****,6.0,2026.04.10,1번째 방문,영수증,너무 맛있게 잘 먹었어요! 양도 푸짐하고 닭고기가 잡내 없이 부드러워서 대만족입니다. 직원분들도 친절하셔서 기분 좋게 식사했어요. 다음에 또 방문할게요,84,True,,,,너무 맛있게 잘 먹었어요! 양도 푸짐하고 닭고기가 잡내 없이 부드러워서 대만족입니다. 직원분들도 친절하셔서 기분 좋게 식사했어요. 다음에 또 방문할게요,너무 맛있게 잘 먹었어요 EXCLAM 양도 푸짐하고 닭고기가 잡내 없이 부드러워서 대만족입니다 직원분들도 친절하셔서 기분 좋게 식사했어요 다음에 또 방문할게요,0,0,0,0,1,0,0,84,원
kakao,소문난성수감자탕,cintamani,23.0,2025-02-02,,,가격 대비 양 많습니다. 맛있구요. 제가 왔을땐 관광객분들도 많이 오시더라구요.,44,True,5.0,4.6,실버 레벨,가격 대비 양 많습니다. 맛있구요. 제가 왔을땐 관광객분들도 많이 오시더라구요.,가격 대비 양 많습니다 맛있구요 제가 왔을땐 관광객분들도 많이 오시더라구요,0,0,0,0,0,0,0,44,가격
