platform,store_name,account_id,account_review_count,visit_date,visit_count,verification_method,review_text,review_length,has_photo,rating,account_avg_rating,reviewer_level,review_original,review_sentiment,has_emo_pos,has_emo_neg,has_laugh,has_cry,has_exclamation,has_question,has_number,original_char_len,서비스_matched_keywords
kakao,능동미나리 성수점,Hailey,6.0,2025-11-10,,,"진짜 너무 맛있었어요!! 서울에서 먹은 음식 중 단연 최고였어요. 오후 1시가 넘었는데도 줄이 길었지만 금방 들어갈 수 있었어요. 안에 들어가 보니 이유를 알겠더라고요… 음식이 5분도 안 돼서 나와요! 외국인들에게는 독특한 맛일 수도 있지만, 현지인과 관광객 모두에게 인기 있는 이유가 확실히 있어요. 음식도 맛있고, 서비스도 정말 빠르고 훌륭했어요. 완전 추천합니다!",206,True,5.0,5.0,실버 레벨,"진짜 너무 맛있었어요!! 서울에서 먹은 음식 중 단연 최고였어요. 오후 1시가 넘었는데도 줄이 길었지만 금방 들어갈 수 있었어요. 안에 들어가 보니 이유를 알겠더라고요… 음식이 5분도 안 돼서 나와요! 외국인들에게는 독특한 맛일 수도 있지만, 현지인과 관광객 모두에게 인기 있는 이유가 확실히 있어요. 음식도 맛있고, 서비스도 정말 빠르고 훌륭했어요. 완전 추천합니다!",진짜 너무 맛있었어요 EXCLAM 서울에서 먹은 음식 중 단연 최고였어요 오후 1시가 넘었는데도 줄이 길었지만 금방 들어갈 수 있었어요 안에 들어가 보니 이유를 알겠더라고요 음식이 5분도 안 돼서 나와요 EXCLAM 외국인들에게는 독특한 맛일 수도 있지만 현지인과 관광객 모두에게 인기 있는 이유가 확실히 있어요 음식도 맛있고 서비스도 정말 빠르고 훌륭했어요 완전 추천합니다 EXCLAM,0,0,0,0,1,0,1,206,서비스
kakao,뼈탄집 성수역점,Dream Maker,1.0,2026-03-27,,,반찬종류 많고 친절하고 맛있습니다!!,20,True,5.0,5.0,브론즈 레벨,반찬종류 많고 친절하고 맛있습니다!!,반찬종류 많고 친절하고 맛있습니다 EXCLAM,0,0,0,0,1,0,0,20,친절
kakao,육지,김치세탁기,2.0,2025-11-18,,,삼겹살 너무 맛있었고 친절하십니다 데이트 하기 좋아여!!,31,False,5.0,4.5,브론즈 레벨,삼겹살 너무 맛있었고 친절하십니다 데이트 하기 좋아여!!,삼겹살 너무 맛있었고 친절하십니다 데이트 하기 좋아여 EXCLAM,0,0,0,0,1,0,0,31,친절
kakao,이태리국시 성수,이지원,1.0,2026-04-11,,,"데이트하기에 분위기도 너무 좋고, 맛있기도 한 완전 맛집이에요! 직원분들도 친절하시고, 덕분에 좋은 시간 보내고 가요!",66,True,5.0,5.0,브론즈 레벨,"데이트하기에 분위기도 너무 좋고, 맛있기도 한 완전 맛집이에요! 직원분들도 친절하시고, 덕분에 좋은 시간 보내고 가요!",데이트하기에 분위기도 너무 좋고 맛있기도 한 완전 맛집이에요 EXCLAM 직원분들도 친절하시고 덕분에 좋은 시간 보내고 가요 EXCLAM,0,0,0,0,1,0,0,66,"친절, 직원"
naver,황금콩밭,곰슐랭 33,597.0,2025.08.22,1번째 방문,영수증,"황금콩팥 일단 맛있습니다! 오랜만에 방문이라 그런지 시스템이 좀 바뀐거 같아요. 일단 일행 모두 와야 입장 가능하고 이분 거리 바로 앞이라 주문 먼저 한다고 해도 절대 안됩니다. 규칙이니 참고해주시면 좋을거 같아요- 두부가 사이즈가 두껍게 바뀐건지 지난번엔 길죽했던 느낌인데 체감상 다르게 느껴졌던거 같아요, 양이 좀 줄었나? 싶었는데 오랜만에 방문이라 이건 잘 모르겠어요. 남자 사장님분 친절한듯 불친절한듯 하시는데 상 치우시도 테이블 잘 닦아주셨으면 더 좋을거 같아요. 상치우고 냅킨으로 쓱쓱 닦으셔서 보기 조금 불편 했습니다. 물티슈로 다시 닦았는데 다행히 깨끗했어요. 밑반찬 간이 좀 쎄진 느낌이지만 본 메뉴 두부가 맛있어서 재방문 의사 있습니다.",366,True,,,,"황금콩팥 일단 맛있습니다! 오랜만에 방문이라 그런지 시스템이 좀 바뀐거 같아요. 일단 일행 모두 와야 입장 가능하고 이분 거리 바로 앞이라 주문 먼저 한다고 해도 절대 안됩니다. 규칙이니 참고해주시면 좋을거 같아요- 두부가 사이즈가 두껍게 바뀐건지 지난번엔 길죽했던 느낌인데 체감상 다르게 느껴졌던거 같아요, 양이 좀 줄었나? 싶었는데 오랜만에 방문이라 이건 잘 모르겠어요. 남자 사장님분 친절한듯 불친절한듯 하시는데 상 치우시도 테이블 잘 닦아주셨으면 더 좋을거 같아요. 상치우고 냅킨으로 쓱쓱 닦으셔서 보기 조금 불편 했습니다. 물티슈로 다시 닦았는데 다행히 깨끗했어요. 밑반찬 간이 좀 쎄진 느낌이지만 본 메뉴 두부가 맛있어서 재방문 의사 있습니다.",황금콩팥 일단 맛있습니다 EXCLAM 오랜만에 방문이라 그런지 시스템이 좀 바뀐거 같아요 일단 일행 모두 와야 입장 가능하고 이분 거리 바로 앞이라 주문 먼저 한다고 해도 절대 안됩니다 규칙이니 참고해주시면 좋을거 같아요 두부가 사이즈가 두껍게 바뀐건지 지난번엔 길죽했던 느낌인데 체감상 다르게 느껴졌던거 같아요 양이 좀 줄었나 QUESTION 싶었는데 오랜만에 방문이라 이건 잘 모르겠어요 남자 사장님분 친절한듯 불친절한듯 하시는데 상 치우시도 테이블 잘 닦아주셨으면 더 좋을거 같아요 상치우고 냅킨으로 쓱쓱 닦으셔서 보기 조금 불편 했습니다 물티슈로 다시 닦았는데 다행히 깨끗했어요 밑반찬 간이 좀 쎄진 느낌이지만 본 메뉴 두부가 맛있어서 재방문 의사 있습니다,0,0,0,0,1,1,0,366,"친절, 불친절, 사장님, 주문"
kakao,소문난성수감자탕,준수,7.0,2026-01-06,,,직원분들 너무 친절하시고 유명한만큼 너무 맛있었어요,28,False,5.0,2.7,브론즈 레벨,직원분들 너무 친절하시고 유명한만큼 너무 맛있었어요,직원분들 너무 친절하시고 유명한만큼 너무 맛있었어요,0,0,0,0,0,0,0,28,"친절, 직원"
kakao,육산장 홍대본점,샭키,7.0,2025-05-16,,,분위기 좋고 고기도 맛있어요! 대기없이 괜찮게 먹었어요☺️ 오미자술은 단 편!이지만 얼음 녹으면서 괜찮아짐 전반적으로 좋습니당,70,True,5.0,4.4,브론즈 레벨,분위기 좋고 고기도 맛있어요! 대기없이 괜찮게 먹었어요☺️ 오미자술은 단 편!이지만 얼음 녹으면서 괜찮아짐 전반적으로 좋습니당,분위기 좋고 고기도 맛있어요 EXCLAM 대기없이 괜찮게 먹었어요 오미자술은 단 편 EXCLAM 이지만 얼음 녹으면서 괜찮아짐 전반적으로 좋습니당,0,0,0,0,1,0,0,70,대기
kakao,굴다리식당,개똥이말똥이,89.0,2025-03-29,,,"2020년 어느때 저한테는 최고의 김치찌게 집중에 하나입니다 혼자 가서 먹어도 눈치 보일일도 없고 십년전이나 똑같은 맛과 서비스, 그리고 단골들은 아시겠지만 여기 히필 가능합니다 ㅋㅋㅋ 매우 추천합니다. 근데 평가보니 호불호가 갈리는군요... 2025년 재방문 하도 악플이 많길래 정말 많이 변한건지 걱정했는데.. 그냥 여전합니다 스타일 똑같습니다. 옛날 맛 그대로고 좋아하시는 분은 드시고 싫어하시는 분은 안가면 될 듯요. 저는 또 언제 올지 모르겠지만 리필도 한번해서 정말 잘 먹고 갑니다 더럽다고 하는데 회전율이 높아서 그러는지 몰라도 깔끔합니다. 친절은 기대하지 마세요. 그런거 모르는 곳이에요. 사장 할머니가 20년전에도 같으셨는데 아마 돌아가시면 그땐 변할까 싶네요 좋은 싫든 한결 같다는 측면에서 매우 감사한 마음입니다. 제 첫 직장에서 맛있게 먹었던 김치찌게의 추억이 깃든 곳.",443,False,5.0,3.5,골드 레벨,"2020년 어느때 저한테는 최고의 김치찌게 집중에 하나입니다 혼자 가서 먹어도 눈치 보일일도 없고 십년전이나 똑같은 맛과 서비스, 그리고 단골들은 아시겠지만 여기 히필 가능합니다 ㅋㅋㅋ 매우 추천합니다. 근데 평가보니 호불호가 갈리는군요... 2025년 재방문 하도 악플이 많길래 정말 많이 변한건지 걱정했는데.. 그냥 여전합니다 스타일 똑같습니다. 옛날 맛 그대로고 좋아하시는 분은 드시고 싫어하시는 분은 안가면 될 듯요. 저는 또 언제 올지 모르겠지만 리필도 한번해서 정말 잘 먹고 갑니다 더럽다고 하는데 회전율이 높아서 그러는지 몰라도 깔끔합니다. 친절은 기대하지 마세요. 그런거 모르는 곳이에요. 사장 할머니가 20년전에도 같으셨는데 아마 돌아가시면 그땐 변할까 싶네요 좋은 싫든 한결 같다는 측면에서 매우 감사한 마음입니다. 제 첫 직장에서 맛있게 먹었던 김치찌게의 추억이 깃든 곳.",2020년 어느때 저한테는 최고의 김치찌게 집중에 하나입니다 혼자 가서 먹어도 눈치 보일일도 없고 십년전이나 똑같은 맛과 서비스 그리고 단골들은 아시겠지만 여기 히필 가능합니다 매우 추천합니다 근데 평가보니 호불호가 갈리는군요 2025년 재방문 하도 악플이 많길래 정말 많이 변한건지 걱정했는데 그냥 여전합니다 스타일 똑같습니다 옛날 맛 그대로고 좋아하시는 분은 드시고 싫어하시는 분은 안가면 될 듯요 저는 또 언제 올지 모르겠지만 리필도 한번해서 정말 잘 먹고 갑니다 더럽다고 하는데 회전율이 높아서 그러는지 몰라도 깔끔합니다 친절은 기대하지 마세요 그런거 모르는 곳이에요 사장 할머니가 20년전에도 같으셨는데 아마 돌아가시면 그땐 변할까 싶네요 좋은 싫든 한결 같다는 측면에서 매우 감사한 마음입니다 제 첫 직장에서 맛있게 먹었던 김치찌게의 추억이 깃든 곳,0,0,0,0,0,0,1,443,"서비스, 친절"
naver,훼미리손칼국수보쌈,묭묭v,4679.0,2025.08.16,3번째 방문,영수증,"보쌈정식 양도 많고 맛있어요. 반찬은 단촐하지만 보쌈 칼국수에 다 어울리는 것들이에요. 특히 김치를 두 종류 내어주시는데 보쌈김치도 맛있고 따로나오는 저 김치는 칼국수랑 같이 먹으면 그냥 쥬금,, 웨이팅 있지만 나름 빨리 빠지는 것 같아요",133,True,,,,"보쌈정식 양도 많고 맛있어요. 반찬은 단촐하지만 보쌈 칼국수에 다 어울리는 것들이에요. 특히 김치를 두 종류 내어주시는데 보쌈김치도 맛있고 따로나오는 저 김치는 칼국수랑 같이 먹으면 그냥 쥬금,, 웨이팅 있지만 나름 빨리 빠지는 것 같아요",보쌈정식 양도 많고 맛있어요 반찬은 단촐하지만 보쌈 칼국수에 다 어울리는 것들이에요 특히 김치를 두 종류 내어주시는데 보쌈김치도 맛있고 따로나오는 저 김치는 칼국수랑 같이 먹으면 그냥 쥬금 웨이팅 있지만 나름 빨리 빠지는 것 같아요,0,0,0,0,0,0,0,133,"웨이팅, 빨리"
naver,이태리국시 성수,qlove3,126.0,2026.03.25,1번째 방문,영수증,예약하고 방문해서 대기 없이 바로 입장했어요. 매장 넓고 분위기도 좋아서 편하게 식사하기 좋았습니다. 특히 반계 마늘돌솥리조트가 진짜 맛있었어요! 마늘 향이 은은하고 닭도 촉촉해서 계속 손이 가는 맛이에요.,115,True,,,,예약하고 방문해서 대기 없이 바로 입장했어요. 매장 넓고 분위기도 좋아서 편하게 식사하기 좋았습니다. 특히 반계 마늘돌솥리조트가 진짜 맛있었어요! 마늘 향이 은은하고 닭도 촉촉해서 계속 손이 가는 맛이에요.,예약하고 방문해서 대기 없이 바로 입장했어요 매장 넓고 분위기도 좋아서 편하게 식사하기 좋았습니다 특히 반계 마늘돌솥리조트가 진짜 맛있었어요 EXCLAM 마늘 향이 은은하고 닭도 촉촉해서 계속 손이 가는 맛이에요,0,0,0,0,1,0,0,115,"대기, 예약"
naver,이태리국시 성수,Jo030,63.0,2026.03.24,1번째 방문,영수증,"오늘 점심 특선으로 먹은 들깨/베이컨리조또는 정말 고소하면서도 묵직한 맛이라 한입 먹자마자 만족스러웠어요! 😊 곱창치즈돌솥파스타는 은은한 불맛과 치즈의 조합이 잘 어우러져서 가장 기억에 남는 메뉴였습니다. 🍝🧀✨ 음료로 주문한 오렌지자몽청에이드는 상큼해서 함께 주문한 메뉴들과 곁들이기 아주 좋았어요!! 🍊🥤 엄마랑 함께한 점심 데이트 장소로 선택한 곳이었는데, 정말 잘한 선택이었던 것 같아요~! 💕👍👍",226,True,,,,"오늘 점심 특선으로 먹은 들깨/베이컨리조또는 정말 고소하면서도 묵직한 맛이라 한입 먹자마자 만족스러웠어요! 😊 곱창치즈돌솥파스타는 은은한 불맛과 치즈의 조합이 잘 어우러져서 가장 기억에 남는 메뉴였습니다. 🍝🧀✨ 음료로 주문한 오렌지자몽청에이드는 상큼해서 함께 주문한 메뉴들과 곁들이기 아주 좋았어요!! 🍊🥤 엄마랑 함께한 점심 데이트 장소로 선택한 곳이었는데, 정말 잘한 선택이었던 것 같아요~! 💕👍👍",오늘 점심 특선으로 먹은 들깨 베이컨리조또는 정말 고소하면서도 묵직한 맛이라 한입 먹자마자 만족스러웠어요 EXCLAM EMO_POS 곱창치즈돌솥파스타는 은은한 불맛과 치즈의 조합이 잘 어우러져서 가장 기억에 남는 메뉴였습니다 EMO_POS 음료로 주문한 오렌지자몽청에이드는 상큼해서 함께 주문한 메뉴들과 곁들이기 아주 좋았어요 EXCLAM 엄마랑 함께한 점심 데이트 장소로 선택한 곳이었는데 정말 잘한 선택이었던 것 같아요 EXCLAM EMO_POS EMO_POS EMO_POS,1,0,0,0,1,0,0,226,주문
kakao,장인닭갈비 홍대점,맛집 탐험가,2.0,2025-02-14,,,ㅇㄴ 여기 진짜 ㄱㅊ음 사장님인지 매니저인지 엄청 친절하시고 하트 ..도 만들어주셨음 ㅎㅎ 물론 닭갈비도 ○○○○ 맛있음 닭갈비를 내 최애 메뉴로 만들어준 개쩌는 집임,93,False,5.0,3.0,브론즈 레벨,ㅇㄴ 여기 진짜 ㄱㅊ음 사장님인지 매니저인지 엄청 친절하시고 하트 ..도 만들어주셨음 ㅎㅎ 물론 닭갈비도 ○○○○ 맛있음 닭갈비를 내 최애 메뉴로 만들어준 개쩌는 집임,여기 진짜 음 사장님인지 매니저인지 엄청 친절하시고 하트 도 만들어주셨음 물론 닭갈비도 맛있음 닭갈비를 내 최애 메뉴로 만들어준 개쩌는 집임,0,0,0,0,0,0,0,93,"친절, 사장님"
naver,홍대 육지,핀15,20.0,2026.03.27,1번째 방문,영수증,구워주시는 직원분이 너무 친절해요! 고기도 진짜 두툼하고 맛있네요 ㅎㅎ 재방문 의사 있습니다 ~~ 🤗🤗,57,True,,,,구워주시는 직원분이 너무 친절해요! 고기도 진짜 두툼하고 맛있네요 ㅎㅎ 재방문 의사 있습니다 ~~ 🤗🤗,구워주시는 직원분이 너무 친절해요 EXCLAM 고기도 진짜 두툼하고 맛있네요 재방문 의사 있습니다 TILDE,0,0,0,0,1,0,0,57,"친절, 직원, 구워주"
kakao,옥동식 서교점,울룰루,4.0,2025-12-21,,,맛은 있으나 웨이팅 경험에 비해서는 한 번만 경험해볼 그런.......,39,False,3.0,3.5,브론즈 레벨,맛은 있으나 웨이팅 경험에 비해서는 한 번만 경험해볼 그런.......,맛은 있으나 웨이팅 경험에 비해서는 한 번만 경험해볼 그런,0,0,0,0,0,0,0,39,웨이팅
naver,옥동식,yes****,154.0,2025.09.03,1번째 방문,예약,최근 이런 스타일의 곰탕집이 많이 생겨서 맛있기는 했지만 특별함을 느끼진 못했습니다. 그리고 호출받고 입장시간이 2분 내라... 바로 옆 스타벅스에서 출발해서 갔지만 5시 2분에 가서 대기하게 되었네요.. 혹시 들리실 분들은 참고하시길..,133,True,,,,최근 이런 스타일의 곰탕집이 많이 생겨서 맛있기는 했지만 특별함을 느끼진 못했습니다. 그리고 호출받고 입장시간이 2분 내라... 바로 옆 스타벅스에서 출발해서 갔지만 5시 2분에 가서 대기하게 되었네요.. 혹시 들리실 분들은 참고하시길..,최근 이런 스타일의 곰탕집이 많이 생겨서 맛있기는 했지만 특별함을 느끼진 못했습니다 그리고 호출받고 입장시간이 2분 내라 바로 옆 스타벅스에서 출발해서 갔지만 5시 2분에 가서 대기하게 되었네요 혹시 들리실 분들은 참고하시길,0,0,0,0,0,0,1,133,대기
naver,홍대 육지,snha13051,50.0,2026.04.11,1번째 방문,영수증,너무너무어무 맛잇는 집이고 무조건 또 오게될거 같습니다 합정내에서 고기집1등이라 생각합니다 야채도 푸짐하고 무엇보다 직원 분들 활기 넘치시고 너무 친절하셔서 너무 잘먹었습니다 또오겠습니다 !!,107,True,,,,너무너무어무 맛잇는 집이고 무조건 또 오게될거 같습니다 합정내에서 고기집1등이라 생각합니다 야채도 푸짐하고 무엇보다 직원 분들 활기 넘치시고 너무 친절하셔서 너무 잘먹었습니다 또오겠습니다 !!,너무너무어무 맛잇는 집이고 무조건 또 오게될거 같습니다 합정내에서 고기집1등이라 생각합니다 야채도 푸짐하고 무엇보다 직원 분들 활기 넘치시고 너무 친절하셔서 너무 잘먹었습니다 또오겠습니다 EXCLAM,0,0,0,0,1,0,1,107,"친절, 직원"
naver,장인닭갈비 홍대점,단밮팡,5.0,2025.12.15,1번째 방문,영수증,닭갈비양 많고 맛있어요!! 직원분들 정말 친절하세요… 볶음밥도 직접 볶아주시고 좋아요 볶음밥까지 꼭 드세요… 철판에 눌은 부분까지 긁어먹는 재미 있음🤤 매장도 깔끔하고 자리 간격 넉넉해서 친구들이랑 수다 떨면서 먹기 딱!,123,True,,,,닭갈비양 많고 맛있어요!! 직원분들 정말 친절하세요… 볶음밥도 직접 볶아주시고 좋아요 볶음밥까지 꼭 드세요… 철판에 눌은 부분까지 긁어먹는 재미 있음🤤 매장도 깔끔하고 자리 간격 넉넉해서 친구들이랑 수다 떨면서 먹기 딱!,닭갈비양 많고 맛있어요 EXCLAM 직원분들 정말 친절하세요 볶음밥도 직접 볶아주시고 좋아요 볶음밥까지 꼭 드세요 철판에 눌은 부분까지 긁어먹는 재미 있음 매장도 깔끔하고 자리 간격 넉넉해서 친구들이랑 수다 떨면서 먹기 딱 EXCLAM,0,0,0,0,1,0,0,123,"친절, 직원"
naver,태양곱창 성수점,현순13,1.0,2026.02.07,1번째 방문,영수증,웨이팅이 있는 만큼 맛있어요ଘ(´•3•)⊃━☆ 양도 진짜 많고 곱창에서 냄새 안나서 곱창 먹고싶을때 방문해도 좋을것 같아요 ㅎㅎ,71,True,,,,웨이팅이 있는 만큼 맛있어요ଘ(´•3•)⊃━☆ 양도 진짜 많고 곱창에서 냄새 안나서 곱창 먹고싶을때 방문해도 좋을것 같아요 ㅎㅎ,웨이팅이 있는 만큼 맛있어요 3 양도 진짜 많고 곱창에서 냄새 안나서 곱창 먹고싶을때 방문해도 좋을것 같아요,0,0,0,0,0,0,1,71,웨이팅
naver,장인닭갈비 홍대점,sy247,10.0,2025.12.21,1번째 방문,영수증,웨이팅이 길었지만 화가 안날정도로 맛있어요 다들친절하시규요 짱짱,35,True,,,,웨이팅이 길었지만 화가 안날정도로 맛있어요 다들친절하시규요 짱짱,웨이팅이 길었지만 화가 안날정도로 맛있어요 다들친절하시규요 짱짱,0,0,0,0,0,0,0,35,"친절, 웨이팅"
kakao,능동미나리 성수점,먹고노는게제일좋아,1607.0,2025-09-27,,,"육회비빔밥, 곰탕, 육전 다 기절쌈바리... 미니리맛이 킥이에요 뭘 먹어도 향긋하니 익숙하면서도 색다른 맛! 특히 육회비빔밥은 간장양념 베이스인데 달달하니 제일 맛있었어요 줄 길었는데 생각보다 빨리 줄더라구요 츄라이 해보세요🥹",126,True,5.0,3.7,퍼플 레벨,"육회비빔밥, 곰탕, 육전 다 기절쌈바리... 미니리맛이 킥이에요 뭘 먹어도 향긋하니 익숙하면서도 색다른 맛! 특히 육회비빔밥은 간장양념 베이스인데 달달하니 제일 맛있었어요 줄 길었는데 생각보다 빨리 줄더라구요 츄라이 해보세요🥹",육회비빔밥 곰탕 육전 다 기절쌈바리 미니리맛이 킥이에요 뭘 먹어도 향긋하니 익숙하면서도 색다른 맛 EXCLAM 특히 육회비빔밥은 간장양념 베이스인데 달달하니 제일 맛있었어요 줄 길었는데 생각보다 빨리 줄더라구요 츄라이 해보세요,0,0,0,0,1,0,0,126,빨리
kakao,태양곱창 성수,뇽뇽이,11.0,2026-01-11,,,맛도 레전드 서비스도 레전드 알바생 진짜 인성 레전드 ㅋㅋㅋㅋ 아니 걍 물어본건데 뭐 못들을거 들은것처럼 와.. 진짜 살면서 이런 쓰레기 리뷰 적는거 처음인데 그렇게 장사하지마세요 웨이팅하기 싫어서 들어왔는데 와.... 걍 말이 안나옴,131,False,1.0,4.5,브론즈 레벨,맛도 레전드 서비스도 레전드 알바생 진짜 인성 레전드 ㅋㅋㅋㅋ 아니 걍 물어본건데 뭐 못들을거 들은것처럼 와.. 진짜 살면서 이런 쓰레기 리뷰 적는거 처음인데 그렇게 장사하지마세요 웨이팅하기 싫어서 들어왔는데 와.... 걍 말이 안나옴,맛도 레전드 서비스도 레전드 알바생 진짜 인성 레전드 아니 걍 물어본건데 뭐 못들을거 들은것처럼 와 진짜 살면서 이런 쓰레기 리뷰 적는거 처음인데 그렇게 장사하지마세요 웨이팅하기 싫어서 들어왔는데 와 걍 말이 안나옴,0,0,0,0,0,0,0,131,"서비스, 알바, 웨이팅"
kakao,소문난성수감자탕,멍멍,24.0,2026-02-23,,,예전보다 양 적어진듯 맛은 있어요 공기밥 2000원인게 아쉽 직원들 바빠서인지 잘 안옴,48,False,3.0,3.6,실버 레벨,예전보다 양 적어진듯 맛은 있어요 공기밥 2000원인게 아쉽 직원들 바빠서인지 잘 안옴,예전보다 양 적어진듯 맛은 있어요 공기밥 2000원인게 아쉽 직원들 바빠서인지 잘 안옴,0,0,0,0,0,0,1,48,직원
naver,이태리국시 성수,forevery0uth,9.0,2026.04.21,1번째 방문,영수증,"이태리국시 다녀왔는데 기대 이상으로 만족했어요! 생각보다 든든하고, 맛이 진해서 계속 손이 가더라고요. 면도 쫄깃하고 소스랑 조합이 잘 맞아서 마지막까지 맛있게 먹었어요. 매장 분위기도 깔끔하고 직원분들도 친절해서 기분 좋게 식사할 수 있었어요. 메뉴도 다양해서 재방문 의사 있습니다 👍",160,True,,,,"이태리국시 다녀왔는데 기대 이상으로 만족했어요! 생각보다 든든하고, 맛이 진해서 계속 손이 가더라고요. 면도 쫄깃하고 소스랑 조합이 잘 맞아서 마지막까지 맛있게 먹었어요. 매장 분위기도 깔끔하고 직원분들도 친절해서 기분 좋게 식사할 수 있었어요. 메뉴도 다양해서 재방문 의사 있습니다 👍",이태리국시 다녀왔는데 기대 이상으로 만족했어요 EXCLAM 생각보다 든든하고 맛이 진해서 계속 손이 가더라고요 면도 쫄깃하고 소스랑 조합이 잘 맞아서 마지막까지 맛있게 먹었어요 매장 분위기도 깔끔하고 직원분들도 친절해서 기분 좋게 식사할 수 있었어요 메뉴도 다양해서 재방문 의사 있습니다 EMO_POS,1,0,0,0,1,0,0,160,"친절, 직원"
naver,홍대 육지,팔로우하면 손해 놉,817.0,2026.02.11,1번째 방문,영수증,"홍대 합정에 위치한 고기맛집! ""홍대 육지"" 다녀왔습니다. 요즘 핫하다고 소문나서 방문했어요. 평일 5시 조금 넘어서 방문했는데 마지막 한자리!휴~ 다행 한번에 입장했네요~ 역시 핫합니다~ 열기 후끈! 실외, 실내 모두 분위기 좋고 깔끔하고~ 👍 주문한 메뉴는 돈대갈비2인분, 꽃목살 1인분, 모듬그릴야채, 화산계란찜, 깍둑볶음밥, 제로콜라 이렇게요~ 고기를 직접 정성스럽게 구워주셔서 편하게 입에 넣고 먹기만하면 됩니다~^^ 돈대갈비는 조기 품절 될 수 있고 테이블당 2인분만 되네요. 맛이~ 맛이~ 끝내줍니다. 부드럽고 육질 탱탱에 육향최고에요. 고기 질을 논할 그런 곳이 아닙니다~ 넘 맛나게 먹었어요. 계란찜과 볶음밥도 재료 안아끼고 팍팍 넣어서 만드신 그런 비쥬얼이고요~ 홍대육지 완전 초강추! 합니다.",398,True,,,,"홍대 합정에 위치한 고기맛집! ""홍대 육지"" 다녀왔습니다. 요즘 핫하다고 소문나서 방문했어요. 평일 5시 조금 넘어서 방문했는데 마지막 한자리!휴~ 다행 한번에 입장했네요~ 역시 핫합니다~ 열기 후끈! 실외, 실내 모두 분위기 좋고 깔끔하고~ 👍 주문한 메뉴는 돈대갈비2인분, 꽃목살 1인분, 모듬그릴야채, 화산계란찜, 깍둑볶음밥, 제로콜라 이렇게요~ 고기를 직접 정성스럽게 구워주셔서 편하게 입에 넣고 먹기만하면 됩니다~^^ 돈대갈비는 조기 품절 될 수 있고 테이블당 2인분만 되네요. 맛이~ 맛이~ 끝내줍니다. 부드럽고 육질 탱탱에 육향최고에요. 고기 질을 논할 그런 곳이 아닙니다~ 넘 맛나게 먹었어요. 계란찜과 볶음밥도 재료 안아끼고 팍팍 넣어서 만드신 그런 비쥬얼이고요~ 홍대육지 완전 초강추! 합니다.",홍대 합정에 위치한 고기맛집 EXCLAM 홍대 육지 다녀왔습니다 요즘 핫하다고 소문나서 방문했어요 평일 5시 조금 넘어서 방문했는데 마지막 한자리 EXCLAM 휴 다행 한번에 입장했네요 역시 핫합니다 열기 후끈 EXCLAM 실외 실내 모두 분위기 좋고 깔끔하고 EMO_POS 주문한 메뉴는 돈대갈비2인분 꽃목살 1인분 모듬그릴야채 화산계란찜 깍둑볶음밥 제로콜라 이렇게요 고기를 직접 정성스럽게 구워주셔서 편하게 입에 넣고 먹기만하면 됩니다 돈대갈비는 조기 품절 될 수 있고 테이블당 2인분만 되네요 맛이 맛이 끝내줍니다 부드럽고 육질 탱탱에 육향최고에요 고기 질을 논할 그런 곳이 아닙니다 넘 맛나게 먹었어요 계란찜과 볶음밥도 재료 안아끼고 팍팍 넣어서 만드신 그런 비쥬얼이고요 홍대육지 완전 초강추 EXCLAM 합니다,1,0,0,0,1,0,1,398,"주문, 구워주"
naver,훼미리손칼국수보쌈,영블러드26,1941.0,2026.03.07,1번째 방문,영수증,오픈시간에 가서 웨이팅없이 먹을수있었어요 다먹고 나오니 웨이팅 줄이 엄청 길더라구요 보쌈은 진짜 맛있어요,58,True,,,,오픈시간에 가서 웨이팅없이 먹을수있었어요 다먹고 나오니 웨이팅 줄이 엄청 길더라구요 보쌈은 진짜 맛있어요,오픈시간에 가서 웨이팅없이 먹을수있었어요 다먹고 나오니 웨이팅 줄이 엄청 길더라구요 보쌈은 진짜 맛있어요,0,0,0,0,0,0,0,58,웨이팅
naver,훼미리손칼국수보쌈,Y3AH,252.0,2026.03.29,1번째 방문,예약,"성수에서 15,000원에 칼국수 포함 보쌈정식이라니,, 가성비가 조아요 고기는 살코기 부분이 퍽퍽한 느낌이 있었는데 보쌈김치가 넘 맛있었어요 조금 달긴했지만 보쌈이랑 조합이 👍🏻 칼국수는 사골 베이스에 후추 맛이 많이 나는 스타일인데 깔끔하게 맛있었어요! 주말 16시 반에 방문했고, 웨이팅은 없었는데 혼자여서 합석해야 될 수도 있다고 안내 받았습니당~",197,True,,,,"성수에서 15,000원에 칼국수 포함 보쌈정식이라니,, 가성비가 조아요 고기는 살코기 부분이 퍽퍽한 느낌이 있었는데 보쌈김치가 넘 맛있었어요 조금 달긴했지만 보쌈이랑 조합이 👍🏻 칼국수는 사골 베이스에 후추 맛이 많이 나는 스타일인데 깔끔하게 맛있었어요! 주말 16시 반에 방문했고, 웨이팅은 없었는데 혼자여서 합석해야 될 수도 있다고 안내 받았습니당~",성수에서 15 000원에 칼국수 포함 보쌈정식이라니 가성비가 조아요 고기는 살코기 부분이 퍽퍽한 느낌이 있었는데 보쌈김치가 넘 맛있었어요 조금 달긴했지만 보쌈이랑 조합이 EMO_POS 칼국수는 사골 베이스에 후추 맛이 많이 나는 스타일인데 깔끔하게 맛있었어요 EXCLAM 주말 16시 반에 방문했고 웨이팅은 없었는데 혼자여서 합석해야 될 수도 있다고 안내 받았습니당,1,0,0,0,1,0,1,197,"안내, 웨이팅"
kakao,뼈탄집 성수역점,수수,1.0,2026-02-15,,,다 구워주셔서 편하게 먹을 수 있어요. 고기도 맛있구 곁들일 반찬이 많아서 좋았습니다,47,True,5.0,5.0,브론즈 레벨,다 구워주셔서 편하게 먹을 수 있어요. 고기도 맛있구 곁들일 반찬이 많아서 좋았습니다,다 구워주셔서 편하게 먹을 수 있어요 고기도 맛있구 곁들일 반찬이 많아서 좋았습니다,0,0,0,0,0,0,0,47,구워주
kakao,이태리국시 성수,박지은,1.0,2026-04-24,,,너무 분위기도좋고 친절하고 맛나요~~주차도되고 1층카페도있어서 동선도편해요!,42,True,5.0,5.0,브론즈 레벨,너무 분위기도좋고 친절하고 맛나요~~주차도되고 1층카페도있어서 동선도편해요!,너무 분위기도좋고 친절하고 맛나요 TILDE 주차도되고 1층카페도있어서 동선도편해요 EXCLAM,0,0,0,0,1,0,1,42,친절
naver,이태리국시 성수,nnnnnny71,6.0,2026.04.25,1번째 방문,영수증,"이태리국시 말만듣다가 근처온김에 운좋게 웨이팅없이 들어오게되었습니다. 식당들어오면서부터 너무맛있는냄새가 나서 기분좋게 들었고, 메뉴도 다양하게시켰는데 하나하나 맛있고 서로 잘어울려서 리프레시잘하고갑니다. 번창하세요",119,True,,,,"이태리국시 말만듣다가 근처온김에 운좋게 웨이팅없이 들어오게되었습니다. 식당들어오면서부터 너무맛있는냄새가 나서 기분좋게 들었고, 메뉴도 다양하게시켰는데 하나하나 맛있고 서로 잘어울려서 리프레시잘하고갑니다. 번창하세요",이태리국시 말만듣다가 근처온김에 운좋게 웨이팅없이 들어오게되었습니다 식당들어오면서부터 너무맛있는냄새가 나서 기분좋게 들었고 메뉴도 다양하게시켰는데 하나하나 맛있고 서로 잘어울려서 리프레시잘하고갑니다 번창하세요,0,0,0,0,0,0,0,119,웨이팅
kakao,육산장 홍대본점,따 히,1.0,2025-08-05,,,야장느낌인데도 에어컨 있어서 시원해서 좋았어요! 평일 저녁에 갔는데 생각보다 한산했고 직원분도 친절하십니다~ 고기도 정말 맛있어요~~~!!👍👍👍,80,True,5.0,5.0,브론즈 레벨,야장느낌인데도 에어컨 있어서 시원해서 좋았어요! 평일 저녁에 갔는데 생각보다 한산했고 직원분도 친절하십니다~ 고기도 정말 맛있어요~~~!!👍👍👍,야장느낌인데도 에어컨 있어서 시원해서 좋았어요 EXCLAM 평일 저녁에 갔는데 생각보다 한산했고 직원분도 친절하십니다 고기도 정말 맛있어요 TILDE EXCLAM EMO_POS EMO_POS EMO_POS,1,0,0,0,1,0,0,80,"친절, 직원"
kakao,육지,여행자,4.0,2025-09-14,,,주말에 갔다가 기분만 상하고 왔네요 반이상 테이블이 비었는데 예약후 기다리라고 해서 물어보니 고기굽는 인원이 3명이라 대기 필요하다하네요 그럴수 있다고 생각하고 30-40분 기다렸다가 입장후 고기가 아직 생으로 보이는게 있는데 본인들은 70%만 해주고 나머지는 입맛대로 하라네요 제대로 구워주지도 않을거면서 30-40분 대기는 왜 한건지 모르겠네요? 그나마 여직원이 더 구워줄라하니 남직원이 와서 하지말라고 얘기하는거 보니 대충하고 간건 티 날까봐 그런걸로 보이네요 맛은 하남이나 맛찬들이나 여기나 비슷해요 다시 갈일은 없을거 같네요,298,False,1.0,1.0,브론즈 레벨,주말에 갔다가 기분만 상하고 왔네요 반이상 테이블이 비었는데 예약후 기다리라고 해서 물어보니 고기굽는 인원이 3명이라 대기 필요하다하네요 그럴수 있다고 생각하고 30-40분 기다렸다가 입장후 고기가 아직 생으로 보이는게 있는데 본인들은 70%만 해주고 나머지는 입맛대로 하라네요 제대로 구워주지도 않을거면서 30-40분 대기는 왜 한건지 모르겠네요? 그나마 여직원이 더 구워줄라하니 남직원이 와서 하지말라고 얘기하는거 보니 대충하고 간건 티 날까봐 그런걸로 보이네요 맛은 하남이나 맛찬들이나 여기나 비슷해요 다시 갈일은 없을거 같네요,주말에 갔다가 기분만 상하고 왔네요 반이상 테이블이 비었는데 예약후 기다리라고 해서 물어보니 고기굽는 인원이 3명이라 대기 필요하다하네요 그럴수 있다고 생각하고 30 40분 기다렸다가 입장후 고기가 아직 생으로 보이는게 있는데 본인들은 70 만 해주고 나머지는 입맛대로 하라네요 제대로 구워주지도 않을거면서 30 40분 대기는 왜 한건지 모르겠네요 QUESTION 그나마 여직원이 더 구워줄라하니 남직원이 와서 하지말라고 얘기하는거 보니 대충하고 간건 티 날까봐 그런걸로 보이네요 맛은 하남이나 맛찬들이나 여기나 비슷해요 다시 갈일은 없을거 같네요,0,0,0,0,0,1,1,298,"직원, 구워주, 대기, 예약"
naver,뼈탄집 성수역점,냐옹이이구,44.0,2025.11.22,1번째 방문,영수증,삼겹살에 뼈구이에 계탄밥까지..진짜 완벽한 한 끼 식사였어요 ㅎㅎㅎ직원분이 능숙하게 고기도 잘 구워주시고 하나씩 친절하게 설명해주셔서 먹는내내 기분이 좋았습니다! 그리고 자리도 굉장히 넓고 고급스러운 분위기여서 남자친구와 둘다 넘 만족스러운 곳이었습니당ㅎㅎ,143,True,,,,삼겹살에 뼈구이에 계탄밥까지..진짜 완벽한 한 끼 식사였어요 ㅎㅎㅎ직원분이 능숙하게 고기도 잘 구워주시고 하나씩 친절하게 설명해주셔서 먹는내내 기분이 좋았습니다! 그리고 자리도 굉장히 넓고 고급스러운 분위기여서 남자친구와 둘다 넘 만족스러운 곳이었습니당ㅎㅎ,삼겹살에 뼈구이에 계탄밥까지 진짜 완벽한 한 끼 식사였어요 직원분이 능숙하게 고기도 잘 구워주시고 하나씩 친절하게 설명해주셔서 먹는내내 기분이 좋았습니다 EXCLAM 그리고 자리도 굉장히 넓고 고급스러운 분위기여서 남자친구와 둘다 넘 만족스러운 곳이었습니당,0,0,0,0,1,0,0,143,"친절, 직원, 설명, 구워주"
naver,홍대 육지,민서885,16.0,2026.04.30,1번째 방문,영수증,"로제,대성님도 다녀가신 맛집!!! 고기가 정말 오동통해서 너무 맛있었습니다 삼겹살만 먹고 가는데 다음에 오면 갈비 먹어보고 싶어요 직원분들도 너무 친절하십니다 야르",91,True,,,,"로제,대성님도 다녀가신 맛집!!! 고기가 정말 오동통해서 너무 맛있었습니다 삼겹살만 먹고 가는데 다음에 오면 갈비 먹어보고 싶어요 직원분들도 너무 친절하십니다 야르",로제 대성님도 다녀가신 맛집 EXCLAM 고기가 정말 오동통해서 너무 맛있었습니다 삼겹살만 먹고 가는데 다음에 오면 갈비 먹어보고 싶어요 직원분들도 너무 친절하십니다 야르,0,0,0,0,1,0,0,91,"친절, 직원"
kakao,능동미나리 성수점,미옥,1.0,2025-10-22,,,"웨이팅했는데 회전율 빨라서 금방 입장했어요 육회비빔밥, 미나리곰탕, 육전 이렇게 맛있게 잘 먹었습니다 다음에 또 방문할게요 잘 먹고갑니다~",77,True,5.0,5.0,브론즈 레벨,"웨이팅했는데 회전율 빨라서 금방 입장했어요 육회비빔밥, 미나리곰탕, 육전 이렇게 맛있게 잘 먹었습니다 다음에 또 방문할게요 잘 먹고갑니다~",웨이팅했는데 회전율 빨라서 금방 입장했어요 육회비빔밥 미나리곰탕 육전 이렇게 맛있게 잘 먹었습니다 다음에 또 방문할게요 잘 먹고갑니다,0,0,0,0,0,0,0,77,웨이팅
naver,장인닭갈비 홍대점,bab****,7.0,2026.02.04,1번째 방문,영수증,넘 맛있고 저렴하고 친절까지,15,True,,,,넘 맛있고 저렴하고 친절까지,넘 맛있고 저렴하고 친절까지,0,0,0,0,0,0,0,15,친절
naver,소문난성수감자탕,hap****,40.0,2026.01.01,1번째 방문,영수증,추운 새해 첫 날에 성수에 왔다 예상대로 사람들이 많다. 30분정도 웨이팅 하고 입장했습니다. 음식 맛있습니다,61,True,,,,추운 새해 첫 날에 성수에 왔다 예상대로 사람들이 많다. 30분정도 웨이팅 하고 입장했습니다. 음식 맛있습니다,추운 새해 첫 날에 성수에 왔다 예상대로 사람들이 많다 30분정도 웨이팅 하고 입장했습니다 음식 맛있습니다,0,0,0,0,0,0,1,61,웨이팅
naver,조선시대,리안147,19.0,2026.03.31,1번째 방문,영수증,기본 안주도 너무 맛있고 술이랑 안주도 너무 맛있어여!! 직원분들도 너무 친절해서 다음에 또 올게요!,56,True,,,,기본 안주도 너무 맛있고 술이랑 안주도 너무 맛있어여!! 직원분들도 너무 친절해서 다음에 또 올게요!,기본 안주도 너무 맛있고 술이랑 안주도 너무 맛있어여 EXCLAM 직원분들도 너무 친절해서 다음에 또 올게요 EXCLAM,0,0,0,0,1,0,0,56,"친절, 직원"
kakao,이태리국시 성수,챨옥슈슈,1.0,2026-04-25,,,한우곱창 파스타 깔끔하고 맛있어요! 뇨끼는 조금 느끼해서 꼭 깔끔한 거 같이 드세요! 분위기 좋고 직원분들이 엄청 친절하셔서 좋습니당 테이블끼리 간격도 너무 좁지 않아서 얘기하기 좋아요😀,104,True,4.0,4.0,브론즈 레벨,한우곱창 파스타 깔끔하고 맛있어요! 뇨끼는 조금 느끼해서 꼭 깔끔한 거 같이 드세요! 분위기 좋고 직원분들이 엄청 친절하셔서 좋습니당 테이블끼리 간격도 너무 좁지 않아서 얘기하기 좋아요😀,한우곱창 파스타 깔끔하고 맛있어요 EXCLAM 뇨끼는 조금 느끼해서 꼭 깔끔한 거 같이 드세요 EXCLAM 분위기 좋고 직원분들이 엄청 친절하셔서 좋습니당 테이블끼리 간격도 너무 좁지 않아서 얘기하기 좋아요 EMO_POS,1,0,0,0,1,0,0,104,"친절, 직원"
kakao,뼈탄집 성수역점,하늘에구름이둥둥,11.0,2025-11-30,,,고기가 밋있는집으로 신선한 고기맛에 반했답니다. 쫄깃한 삼겹살 목살까지 아주 맛있게 잘먹었답니다. 친철하시고 고기도 구워주는집이에요. 부담없이 친구들과 함께 와서 먹기좋은 고기집. 다음에 또뵈요ㅎㅎ,110,True,5.0,5.0,실버 레벨,고기가 밋있는집으로 신선한 고기맛에 반했답니다. 쫄깃한 삼겹살 목살까지 아주 맛있게 잘먹었답니다. 친철하시고 고기도 구워주는집이에요. 부담없이 친구들과 함께 와서 먹기좋은 고기집. 다음에 또뵈요ㅎㅎ,고기가 밋있는집으로 신선한 고기맛에 반했답니다 쫄깃한 삼겹살 목살까지 아주 맛있게 잘먹었답니다 친철하시고 고기도 구워주는집이에요 부담없이 친구들과 함께 와서 먹기좋은 고기집 다음에 또뵈요,0,0,0,0,0,0,0,110,구워주
kakao,육지,문준호,1.0,2025-07-19,,,여기는 고기 구워주고 맛도 좋고 친절하기까지~ 합정 오면 꼭 들러보세요~~별5개추천입니다~!!,52,True,5.0,5.0,브론즈 레벨,여기는 고기 구워주고 맛도 좋고 친절하기까지~ 합정 오면 꼭 들러보세요~~별5개추천입니다~!!,여기는 고기 구워주고 맛도 좋고 친절하기까지 합정 오면 꼭 들러보세요 TILDE 별5개추천입니다 EXCLAM,0,0,0,0,1,0,1,52,"친절, 구워주"
naver,락희옥 마포본점,똑편언니,143.0,2025.07.29,1번째 방문,영수증,여행중에 유명한 곳이라 꼭 오고 싶었던 곳이에요 아이들을 데리고 다니다보니 정신없이 다니다 예약 없이 들어왔는데 정말 친절하게 맞아주시고 음식과 술 모든 부분에 대해서 상세히 안내해주셨어요 여느 호텔에가도 이런 느낌을 느낄 수 있을까요 마음가득히 감사한 기분입니다 진수성찬 대접받고 가요,160,True,,,,여행중에 유명한 곳이라 꼭 오고 싶었던 곳이에요 아이들을 데리고 다니다보니 정신없이 다니다 예약 없이 들어왔는데 정말 친절하게 맞아주시고 음식과 술 모든 부분에 대해서 상세히 안내해주셨어요 여느 호텔에가도 이런 느낌을 느낄 수 있을까요 마음가득히 감사한 기분입니다 진수성찬 대접받고 가요,여행중에 유명한 곳이라 꼭 오고 싶었던 곳이에요 아이들을 데리고 다니다보니 정신없이 다니다 예약 없이 들어왔는데 정말 친절하게 맞아주시고 음식과 술 모든 부분에 대해서 상세히 안내해주셨어요 여느 호텔에가도 이런 느낌을 느낄 수 있을까요 마음가득히 감사한 기분입니다 진수성찬 대접받고 가요,0,0,0,0,0,0,0,160,"친절, 안내, 예약"
kakao,육산장 홍대본점,박순현,5.0,2025-04-27,,,"고기가 너무 먹고 싶어서 홍대본점 육산장에 다녀왔습니다. 입구에 들어서자마자 고기 굽는 고소한 냄새에 기대감이 한껏 올라갔어요. 저는 삼겹살과 목살을 주문했는데요, 직원분께서 친절하게 추천도 해주시고, 고기도 직접 구워주셔서 정말 편하게 먹을 수 있었습니다. 삼겹살은 겉은 바삭하고 속은 촉촉해서 식감이 정말 좋았고, 목살은 육즙이 살아 있어서 씹을 때마다 고소한 풍미가 가득 퍼졌어요. 소금에만 살짝 찍어 먹어도 고기 본연의 맛이 느껴져서 너무 만족스러웠습니다.",259,True,5.0,5.0,브론즈 레벨,"고기가 너무 먹고 싶어서 홍대본점 육산장에 다녀왔습니다. 입구에 들어서자마자 고기 굽는 고소한 냄새에 기대감이 한껏 올라갔어요. 저는 삼겹살과 목살을 주문했는데요, 직원분께서 친절하게 추천도 해주시고, 고기도 직접 구워주셔서 정말 편하게 먹을 수 있었습니다. 삼겹살은 겉은 바삭하고 속은 촉촉해서 식감이 정말 좋았고, 목살은 육즙이 살아 있어서 씹을 때마다 고소한 풍미가 가득 퍼졌어요. 소금에만 살짝 찍어 먹어도 고기 본연의 맛이 느껴져서 너무 만족스러웠습니다.",고기가 너무 먹고 싶어서 홍대본점 육산장에 다녀왔습니다 입구에 들어서자마자 고기 굽는 고소한 냄새에 기대감이 한껏 올라갔어요 저는 삼겹살과 목살을 주문했는데요 직원분께서 친절하게 추천도 해주시고 고기도 직접 구워주셔서 정말 편하게 먹을 수 있었습니다 삼겹살은 겉은 바삭하고 속은 촉촉해서 식감이 정말 좋았고 목살은 육즙이 살아 있어서 씹을 때마다 고소한 풍미가 가득 퍼졌어요 소금에만 살짝 찍어 먹어도 고기 본연의 맛이 느껴져서 너무 만족스러웠습니다,0,0,0,0,0,0,0,259,"친절, 직원, 주문, 구워주"
naver,각시보쌈,오산철인,7.0,2025.08.04,1번째 방문,영수증,브레이크타임 전에 들어가서 대기별로없이 맛있게 잘먹었습니다. 키크고 연예인 닮은 언니 넘 친절하셔서 기분좋았네요. 또 방문할께요~~~,74,False,,,,브레이크타임 전에 들어가서 대기별로없이 맛있게 잘먹었습니다. 키크고 연예인 닮은 언니 넘 친절하셔서 기분좋았네요. 또 방문할께요~~~,브레이크타임 전에 들어가서 대기별로없이 맛있게 잘먹었습니다 키크고 연예인 닮은 언니 넘 친절하셔서 기분좋았네요 또 방문할께요 TILDE,0,0,0,0,0,0,0,74,"친절, 대기"
naver,소문난성수감자탕,용흥동보스,661.0,2025.11.17,1번째 방문,영수증,줄 서는 유명한집!! 맛집까진.... 하지만 다들 바쁜데 친절 하심.. 웨이팅이 장난 아닌데..유명세가 한몫..^^ 하지만 사람들이 붐비는덴 분명 이유가 있음.. 단지 그 이율 몬 찾았을뿐...ㅋ,109,True,,,,줄 서는 유명한집!! 맛집까진.... 하지만 다들 바쁜데 친절 하심.. 웨이팅이 장난 아닌데..유명세가 한몫..^^ 하지만 사람들이 붐비는덴 분명 이유가 있음.. 단지 그 이율 몬 찾았을뿐...ㅋ,줄 서는 유명한집 EXCLAM 맛집까진 하지만 다들 바쁜데 친절 하심 웨이팅이 장난 아닌데 유명세가 한몫 하지만 사람들이 붐비는덴 분명 이유가 있음 단지 그 이율 몬 찾았을뿐,0,0,0,0,1,0,0,109,"친절, 웨이팅"
kakao,장인닭갈비 홍대점,sairai,114.0,2025-01-23,,,양 :없음. 고기도 1개짜리를 4등분 해놓은 것처럼 작음 맛 :있음. 재방문 의사 O 메뉴 내놓고 바로 먹어도 되는지 설명도 안 하면서 치즈 안 시키면 기본으로 안나온다고 한 테이블 한 테이블 다시 되물으러 오는거 좀 킹받음 닭갈비 먹고싶대서 홍대 닭갈비집 한바퀴 다 돌았는데 여기가 제일 사람 많았음 리뷰조작하는거 킹받음 2층 조명 너무 밝음 멜라민 식기 까져있는데 좀 그릇 좀 새로 시키지 그래? 발암물질 나오는 거 다 알면서,240,True,4.0,3.7,골드 레벨,양 :없음. 고기도 1개짜리를 4등분 해놓은 것처럼 작음 맛 :있음. 재방문 의사 O 메뉴 내놓고 바로 먹어도 되는지 설명도 안 하면서 치즈 안 시키면 기본으로 안나온다고 한 테이블 한 테이블 다시 되물으러 오는거 좀 킹받음 닭갈비 먹고싶대서 홍대 닭갈비집 한바퀴 다 돌았는데 여기가 제일 사람 많았음 리뷰조작하는거 킹받음 2층 조명 너무 밝음 멜라민 식기 까져있는데 좀 그릇 좀 새로 시키지 그래? 발암물질 나오는 거 다 알면서,양 없음 고기도 1개짜리를 4등분 해놓은 것처럼 작음 맛 있음 재방문 의사 O 메뉴 내놓고 바로 먹어도 되는지 설명도 안 하면서 치즈 안 시키면 기본으로 안나온다고 한 테이블 한 테이블 다시 되물으러 오는거 좀 킹받음 닭갈비 먹고싶대서 홍대 닭갈비집 한바퀴 다 돌았는데 여기가 제일 사람 많았음 리뷰조작하는거 킹받음 2층 조명 너무 밝음 멜라민 식기 까져있는데 좀 그릇 좀 새로 시키지 그래 QUESTION 발암물질 나오는 거 다 알면서,0,0,0,0,0,1,1,240,설명
naver,훼미리손칼국수보쌈,용영영,117.0,2025.07.20,2번째 방문,영수증,"사진은 보쌈정식 2인 기준 양이에요. 일요일 오후 3시쯤 갔는데 20분 정도 기다렸어요. 두번째 방문인데, 처음 왔을 때도 그렇고 위생면이 좀 아쉽습니다. 아무리 가성비고 직원분들이 다 중년이시고 노포라고 해도 위생은 별개라고 생각해요. 수저에 반찬, 양념장 조금씩 묻어있었어요. 주변 손님들 보니 제 테이블만 그런 게 아니더라고요. 🥲 음식은 맛있어요.",198,True,,,,"사진은 보쌈정식 2인 기준 양이에요. 일요일 오후 3시쯤 갔는데 20분 정도 기다렸어요. 두번째 방문인데, 처음 왔을 때도 그렇고 위생면이 좀 아쉽습니다. 아무리 가성비고 직원분들이 다 중년이시고 노포라고 해도 위생은 별개라고 생각해요. 수저에 반찬, 양념장 조금씩 묻어있었어요. 주변 손님들 보니 제 테이블만 그런 게 아니더라고요. 🥲 음식은 맛있어요.",사진은 보쌈정식 2인 기준 양이에요 일요일 오후 3시쯤 갔는데 20분 정도 기다렸어요 두번째 방문인데 처음 왔을 때도 그렇고 위생면이 좀 아쉽습니다 아무리 가성비고 직원분들이 다 중년이시고 노포라고 해도 위생은 별개라고 생각해요 수저에 반찬 양념장 조금씩 묻어있었어요 주변 손님들 보니 제 테이블만 그런 게 아니더라고요 음식은 맛있어요,0,0,0,0,0,0,1,198,직원
kakao,육지,보코블린,87.0,2026-01-13,,,**고기는 맛있으나** 서비스가 역대급 개판 1. 다른 테이블은 앉자마자 앞치마 바로 갖다주는데 본인 테이블은 앞치마 안 갖다줌. 불러도 잠시만요~ 이러고 대꾸도 안함. 두세번 불러서야 받을 수 있었음. 2. 다른 테이블은 2인이어도 소스가 1인 1세트씩 나옴. 나는 일행포함 2명이서 방문했는데 소스가 1세트밖에 안 나와서 혹시 소스 하나 더 줄 수 있냐고 물어봤는데 2인 1세트가 원칙이라고 함. 바로 옆 2인 테이블이랑 4인 테이블은 1인1세트였음ㅋㅋ; 3. 응대가 개판임. 위에서도 언급했지만 한 두세번은 불러야 한 번 오심. 근데 친절은 밥말아먹은 응대였음. 4. 고기 자체는 맛있음... 구워주는 것도 좋았고 볶음밥도 맛있었음. 문제는 구워주는 직원도 태도가 영;; 5. 불판 제대로 안 닦여서 처음에 달굴때 틈 사이로 낀 찌꺼기랑 기름같은게 계속 파팍파팍 계속 튐. 이건 좀 아니지 않나... 고깃집은 대체재가 많으니 재방문은 안 할듯. 그러나 볶음밥은 맛있었음.,490,True,2.0,3.3,실버 레벨,**고기는 맛있으나** 서비스가 역대급 개판 1. 다른 테이블은 앉자마자 앞치마 바로 갖다주는데 본인 테이블은 앞치마 안 갖다줌. 불러도 잠시만요~ 이러고 대꾸도 안함. 두세번 불러서야 받을 수 있었음. 2. 다른 테이블은 2인이어도 소스가 1인 1세트씩 나옴. 나는 일행포함 2명이서 방문했는데 소스가 1세트밖에 안 나와서 혹시 소스 하나 더 줄 수 있냐고 물어봤는데 2인 1세트가 원칙이라고 함. 바로 옆 2인 테이블이랑 4인 테이블은 1인1세트였음ㅋㅋ; 3. 응대가 개판임. 위에서도 언급했지만 한 두세번은 불러야 한 번 오심. 근데 친절은 밥말아먹은 응대였음. 4. 고기 자체는 맛있음... 구워주는 것도 좋았고 볶음밥도 맛있었음. 문제는 구워주는 직원도 태도가 영;; 5. 불판 제대로 안 닦여서 처음에 달굴때 틈 사이로 낀 찌꺼기랑 기름같은게 계속 파팍파팍 계속 튐. 이건 좀 아니지 않나... 고깃집은 대체재가 많으니 재방문은 안 할듯. 그러나 볶음밥은 맛있었음.,고기는 맛있으나 서비스가 역대급 개판 1 다른 테이블은 앉자마자 앞치마 바로 갖다주는데 본인 테이블은 앞치마 안 갖다줌 불러도 잠시만요 이러고 대꾸도 안함 두세번 불러서야 받을 수 있었음 2 다른 테이블은 2인이어도 소스가 1인 1세트씩 나옴 나는 일행포함 2명이서 방문했는데 소스가 1세트밖에 안 나와서 혹시 소스 하나 더 줄 수 있냐고 물어봤는데 2인 1세트가 원칙이라고 함 바로 옆 2인 테이블이랑 4인 테이블은 1인1세트였음 3 응대가 개판임 위에서도 언급했지만 한 두세번은 불러야 한 번 오심 근데 친절은 밥말아먹은 응대였음 4 고기 자체는 맛있음 구워주는 것도 좋았고 볶음밥도 맛있었음 문제는 구워주는 직원도 태도가 영 5 불판 제대로 안 닦여서 처음에 달굴때 틈 사이로 낀 찌꺼기랑 기름같은게 계속 파팍파팍 계속 튐 이건 좀 아니지 않나 고깃집은 대체재가 많으니 재방문은 안 할듯 그러나 볶음밥은 맛있었음,0,0,0,0,0,0,1,490,"서비스, 친절, 응대, 직원, 태도, 구워주"
naver,옥동식,미스테LEE,270.0,2025.08.18,1번째 방문,영수증,"맛있어서 자연스럽게 소문 난 맛집이 아니라 만들어진 맛집 같은 느낌, 이렇게까지 웨이팅해서 먹을 맛은 아닌 것 같아요… 제가 방문한 날만 그런건지, 고기는 냄새(돼지고기 특유의 누린내)나고 질기고 김치만두랑 김치는 맛있다고 하기엔 애매한 맛이었어요. 세상에 맛있는게 얼마나 많은데...기다린 시간이 아까웠어요. 그래도 맛이란게 주관적인거니까 저만 맛없는 것일 수도 있구요. 저는 잔뜩 기대하고 일부러 찾아갔는데 실망이었어요.",237,True,,,,"맛있어서 자연스럽게 소문 난 맛집이 아니라 만들어진 맛집 같은 느낌, 이렇게까지 웨이팅해서 먹을 맛은 아닌 것 같아요… 제가 방문한 날만 그런건지, 고기는 냄새(돼지고기 특유의 누린내)나고 질기고 김치만두랑 김치는 맛있다고 하기엔 애매한 맛이었어요. 세상에 맛있는게 얼마나 많은데...기다린 시간이 아까웠어요. 그래도 맛이란게 주관적인거니까 저만 맛없는 것일 수도 있구요. 저는 잔뜩 기대하고 일부러 찾아갔는데 실망이었어요.",맛있어서 자연스럽게 소문 난 맛집이 아니라 만들어진 맛집 같은 느낌 이렇게까지 웨이팅해서 먹을 맛은 아닌 것 같아요 제가 방문한 날만 그런건지 고기는 냄새 돼지고기 특유의 누린내 나고 질기고 김치만두랑 김치는 맛있다고 하기엔 애매한 맛이었어요 세상에 맛있는게 얼마나 많은데 기다린 시간이 아까웠어요 그래도 맛이란게 주관적인거니까 저만 맛없는 것일 수도 있구요 저는 잔뜩 기대하고 일부러 찾아갔는데 실망이었어요,0,0,0,0,0,0,0,237,웨이팅
naver,홍대 육지,고즈니,379.0,2026.04.09,1번째 방문,영수증,"홍대 돈대갈비가 맛있는 고기 맛집이에요~! 엄청난 육향과 두툼한 고기가 정말 맛있는데 점심, 저녁 항상 인기 많은 맛집이에요. 돈대갈비 완전 추천✨✨ 웨이팅은 캐치테이블로 가능하니깐 메인 식사 시간에 방문하신다면 미리 원격 웨이팅 필수입니다!",135,True,,,,"홍대 돈대갈비가 맛있는 고기 맛집이에요~! 엄청난 육향과 두툼한 고기가 정말 맛있는데 점심, 저녁 항상 인기 많은 맛집이에요. 돈대갈비 완전 추천✨✨ 웨이팅은 캐치테이블로 가능하니깐 메인 식사 시간에 방문하신다면 미리 원격 웨이팅 필수입니다!",홍대 돈대갈비가 맛있는 고기 맛집이에요 EXCLAM 엄청난 육향과 두툼한 고기가 정말 맛있는데 점심 저녁 항상 인기 많은 맛집이에요 돈대갈비 완전 추천 EMO_POS EMO_POS 웨이팅은 캐치테이블로 가능하니깐 메인 식사 시간에 방문하신다면 미리 원격 웨이팅 필수입니다 EXCLAM,1,0,0,0,1,0,0,135,웨이팅
kakao,능동미나리 성수점,술쟁이,120.0,2025-04-28,,,"토요일 11시15분쯤에 가니 줄안서고 바로 들어감. 먹고 12시쯤 나오니 웨이팅 장난 아니었음. 정갈하게 맛있음. 미나리육회비빔밥은 사실 해먹으면 집에서 해먹을 수 있는 맛이지만, 그래도 굿. 다만 가격이 다소 비싼느낌",122,False,4.0,3.6,골드 레벨,"토요일 11시15분쯤에 가니 줄안서고 바로 들어감. 먹고 12시쯤 나오니 웨이팅 장난 아니었음. 정갈하게 맛있음. 미나리육회비빔밥은 사실 해먹으면 집에서 해먹을 수 있는 맛이지만, 그래도 굿. 다만 가격이 다소 비싼느낌",토요일 11시15분쯤에 가니 줄안서고 바로 들어감 먹고 12시쯤 나오니 웨이팅 장난 아니었음 정갈하게 맛있음 미나리육회비빔밥은 사실 해먹으면 집에서 해먹을 수 있는 맛이지만 그래도 굿 다만 가격이 다소 비싼느낌,0,0,0,0,0,0,1,122,웨이팅
naver,뼈탄집 성수역점,que****,48.0,2026.01.21,1번째 방문,영수증,점심특선으로 가격도 가성비 좋고 맛이 너무 맛있어요!! 직원분들도 친절하셔서 점심 먹으러 자주 옵니당 야채 샐러드바까지 쌈 좋아하시면 드세요,78,True,,,,점심특선으로 가격도 가성비 좋고 맛이 너무 맛있어요!! 직원분들도 친절하셔서 점심 먹으러 자주 옵니당 야채 샐러드바까지 쌈 좋아하시면 드세요,점심특선으로 가격도 가성비 좋고 맛이 너무 맛있어요 EXCLAM 직원분들도 친절하셔서 점심 먹으러 자주 옵니당 야채 샐러드바까지 쌈 좋아하시면 드세요,0,0,0,0,1,0,0,78,"친절, 직원"
kakao,태양곱창 성수,팩트,61.0,2025-05-27,,,진짜 맛없네요 첫입먹고 음? 산초가루 안넣은 매운탕맛에다 싱거워서 다대기 받았는데 고춧가루땜 텁텁하고 진짜 휴 거짓리뷰 믿지마세요 서울와서 첫끼인데 빡치네요 그리고 다 알곱창에 야채도 쑥 대파말곤 없음,112,False,1.0,3.1,실버 레벨,진짜 맛없네요 첫입먹고 음? 산초가루 안넣은 매운탕맛에다 싱거워서 다대기 받았는데 고춧가루땜 텁텁하고 진짜 휴 거짓리뷰 믿지마세요 서울와서 첫끼인데 빡치네요 그리고 다 알곱창에 야채도 쑥 대파말곤 없음,진짜 맛없네요 첫입먹고 음 QUESTION 산초가루 안넣은 매운탕맛에다 싱거워서 다대기 받았는데 고춧가루땜 텁텁하고 진짜 휴 거짓리뷰 믿지마세요 서울와서 첫끼인데 빡치네요 그리고 다 알곱창에 야채도 쑥 대파말곤 없음,0,0,0,0,0,1,0,112,대기
naver,을밀대 평양냉면,미식추구자,1312.0,2025.08.30,2번째 방문,영수증,"원래 거냉으로 먹는데, 이 날은 날씨가 더워서 얼음 넣은 평양냉면으로 주문했습니다. 냉면이랑 같이 녹두전도 주문했는데 주문이 누락되었는지, 다시 주문확인요청했을 때 그때서야 만들어주었습니다. 녹두전 상태는 별로였습니다. 추억의 맛으로 먹었습니다.",137,True,,,,"원래 거냉으로 먹는데, 이 날은 날씨가 더워서 얼음 넣은 평양냉면으로 주문했습니다. 냉면이랑 같이 녹두전도 주문했는데 주문이 누락되었는지, 다시 주문확인요청했을 때 그때서야 만들어주었습니다. 녹두전 상태는 별로였습니다. 추억의 맛으로 먹었습니다.",원래 거냉으로 먹는데 이 날은 날씨가 더워서 얼음 넣은 평양냉면으로 주문했습니다 냉면이랑 같이 녹두전도 주문했는데 주문이 누락되었는지 다시 주문확인요청했을 때 그때서야 만들어주었습니다 녹두전 상태는 별로였습니다 추억의 맛으로 먹었습니다,0,0,0,0,0,0,0,137,주문
naver,쭌곱창,주야9586,3.0,2026.02.18,1번째 방문,예약,A세트 시켰습니다 양도 많고 맛도 진짜 맛있었습니다! 사장님이 친절하십니다! 다음에도 재 방문할 정도로 좋았습니다!!,65,True,,,,A세트 시켰습니다 양도 많고 맛도 진짜 맛있었습니다! 사장님이 친절하십니다! 다음에도 재 방문할 정도로 좋았습니다!!,A세트 시켰습니다 양도 많고 맛도 진짜 맛있었습니다 EXCLAM 사장님이 친절하십니다 EXCLAM 다음에도 재 방문할 정도로 좋았습니다 EXCLAM,0,0,0,0,1,0,0,65,"친절, 사장님"
kakao,을밀대 본점,돌감자,308.0,2025-06-14,,,사장님! 요새 무김치 콧뮬같구 이상해요! 개선부탁합니다! 물론 저는 계속 갈테니까는,46,False,5.0,3.4,골드 레벨,사장님! 요새 무김치 콧뮬같구 이상해요! 개선부탁합니다! 물론 저는 계속 갈테니까는,사장님 EXCLAM 요새 무김치 콧뮬같구 이상해요 EXCLAM 개선부탁합니다 EXCLAM 물론 저는 계속 갈테니까는,0,0,0,0,1,0,0,46,사장님
naver,쭌곱창,도딘도딘,28.0,2025.12.15,1번째 방문,영수증,학교다닐때 멀어서 못오다가 이 근처 이사오고 나서 자주 오게 됐어요 홍대와서 곱창 먹고싶으면 고민 안하고 쭌곱창으로 옵니다 ㅎㅎㅎ 여기 모르는 친구들도 데려오는데 다들 맛있다고 해요! 3년 전에 처음 왔을때랑 똑같이 맛있어요 사장님도 너무 친절하시구요!! 올때마다 같은 자리 앉는거도 재밌어요 ㅎㅎㅎ 조만간 또올게요 감사합니다!! 아 육회도 맛있으니까 드셔보세요 ㅎㅎ!!,207,True,,,,학교다닐때 멀어서 못오다가 이 근처 이사오고 나서 자주 오게 됐어요 홍대와서 곱창 먹고싶으면 고민 안하고 쭌곱창으로 옵니다 ㅎㅎㅎ 여기 모르는 친구들도 데려오는데 다들 맛있다고 해요! 3년 전에 처음 왔을때랑 똑같이 맛있어요 사장님도 너무 친절하시구요!! 올때마다 같은 자리 앉는거도 재밌어요 ㅎㅎㅎ 조만간 또올게요 감사합니다!! 아 육회도 맛있으니까 드셔보세요 ㅎㅎ!!,학교다닐때 멀어서 못오다가 이 근처 이사오고 나서 자주 오게 됐어요 홍대와서 곱창 먹고싶으면 고민 안하고 쭌곱창으로 옵니다 여기 모르는 친구들도 데려오는데 다들 맛있다고 해요 EXCLAM 3년 전에 처음 왔을때랑 똑같이 맛있어요 사장님도 너무 친절하시구요 EXCLAM 올때마다 같은 자리 앉는거도 재밌어요 조만간 또올게요 감사합니다 EXCLAM 아 육회도 맛있으니까 드셔보세요 EXCLAM,0,0,0,0,1,0,1,207,"친절, 사장님"
kakao,뼈탄집 성수역점,채연아빠,1.0,2026-01-24,,,뼈탐삼셥겹살 너무 맛있고 다 고기를 구워주셔서 어찌나 편한지 쪄에 붙은 부분은 진짜 특히 맛나네요 후시 된찌도 강력추천합니다,69,True,5.0,5.0,브론즈 레벨,뼈탐삼셥겹살 너무 맛있고 다 고기를 구워주셔서 어찌나 편한지 쪄에 붙은 부분은 진짜 특히 맛나네요 후시 된찌도 강력추천합니다,뼈탐삼셥겹살 너무 맛있고 다 고기를 구워주셔서 어찌나 편한지 쪄에 붙은 부분은 진짜 특히 맛나네요 후시 된찌도 강력추천합니다,0,0,0,0,0,0,0,69,구워주
kakao,육산장 홍대본점,찡긋,8.0,2025-09-28,,,직원들이 일을 진~~짜 못해요 분위기 좋고 음식 맛있는데 그것을 다 차감할 인적악재.. 리뷰이벤트 상품이 바뀐걸 고지하지않고 영수증 2개 주시면서 말없이 바뀐 리뷰이벤트 상품인 콘치즈를 제공. 바뀐지 몰랐기에 영수증을 보여드리며 목살 100g이 나올줄 알았으나 나오지않아 다른 직원 두명을 더 불러 보여드림. 두번째 남자직원이 나오더니 네 확인됐습니다~! 하길래 나올 줄 알았으나 나오지않음. 다 먹어갈쯔음 그 남직원 불러 다시 물어봄. 그제서야 남직원이 리뷰이벤트로 콘치즈 받은것이다 답변해줌. 1. 리뷰이벤트 상품변경 고지 하지않음 (1개가 삼겹김치찌개 2개가 콘치즈. 콘치즈 양도 적었으며 미리 태블릿 리뷰이벤트 상품이 목살이 아닌 콘치즈로 교체되었음을 고지하지 않음. 콘치즈가 어떻게 삼겹김치찌개에 비빔ㅠ) 2. 리뷰이벤트 상품이라 말하지않고 콘치즈가 음식과 같이 등장. 기본 제공인줄. - 영수증을 두장 줬으니 당연 쓸줄알고 확인도 안하고 음식플레이트와 같이 동시 제공된 것. - 여러 식당들에서 리뷰를 보여줘야만 서비스가 제공되어 찍을 사진이 없었기에 플레이트가 나와 그 사진을 찍고 리뷰를 작성하게 됨. 3. 두 명의 직원에게 리뷰를 보여주었지만 그 아무도 얘기하지않고 두번째 남직원은 확인됐습니다 라고만 답변 4. 기다리다 안와서 직원호출해서 물어봄. 그제야 태블릿 이벤트와 다르게 상품이 바뀌었으며 같이 나온 콘치즈가 상품이라 확인받았기에 태블릿 보여주며 목살이 상품이 아니었냐 하니 들어가서 한참을 또 안나옴ㅎ 5. 본인들 실수이니 특별히 목살을 조금 드리겠다 하고 6조각 나옴. 직원들이 일을 정말정말 못하고 회사에서 내 아랫사람이라 생각하면 정말^^ 어떻게 세명을 부를때까지 아무런 설명도 없고 확인됐습니다. 이 한마디가 모든걸 설명함? 고객 입장에서 서비스 주겠다는걸로 안들림?ㅠ 저게 어떻게 니네 콘치즈 제공된걸로 확인됨이야ㅠ,924,True,1.0,1.5,실버 레벨,직원들이 일을 진~~짜 못해요 분위기 좋고 음식 맛있는데 그것을 다 차감할 인적악재.. 리뷰이벤트 상품이 바뀐걸 고지하지않고 영수증 2개 주시면서 말없이 바뀐 리뷰이벤트 상품인 콘치즈를 제공. 바뀐지 몰랐기에 영수증을 보여드리며 목살 100g이 나올줄 알았으나 나오지않아 다른 직원 두명을 더 불러 보여드림. 두번째 남자직원이 나오더니 네 확인됐습니다~! 하길래 나올 줄 알았으나 나오지않음. 다 먹어갈쯔음 그 남직원 불러 다시 물어봄. 그제서야 남직원이 리뷰이벤트로 콘치즈 받은것이다 답변해줌. 1. 리뷰이벤트 상품변경 고지 하지않음 (1개가 삼겹김치찌개 2개가 콘치즈. 콘치즈 양도 적었으며 미리 태블릿 리뷰이벤트 상품이 목살이 아닌 콘치즈로 교체되었음을 고지하지 않음. 콘치즈가 어떻게 삼겹김치찌개에 비빔ㅠ) 2. 리뷰이벤트 상품이라 말하지않고 콘치즈가 음식과 같이 등장. 기본 제공인줄. - 영수증을 두장 줬으니 당연 쓸줄알고 확인도 안하고 음식플레이트와 같이 동시 제공된 것. - 여러 식당들에서 리뷰를 보여줘야만 서비스가 제공되어 찍을 사진이 없었기에 플레이트가 나와 그 사진을 찍고 리뷰를 작성하게 됨. 3. 두 명의 직원에게 리뷰를 보여주었지만 그 아무도 얘기하지않고 두번째 남직원은 확인됐습니다 라고만 답변 4. 기다리다 안와서 직원호출해서 물어봄. 그제야 태블릿 이벤트와 다르게 상품이 바뀌었으며 같이 나온 콘치즈가 상품이라 확인받았기에 태블릿 보여주며 목살이 상품이 아니었냐 하니 들어가서 한참을 또 안나옴ㅎ 5. 본인들 실수이니 특별히 목살을 조금 드리겠다 하고 6조각 나옴. 직원들이 일을 정말정말 못하고 회사에서 내 아랫사람이라 생각하면 정말^^ 어떻게 세명을 부를때까지 아무런 설명도 없고 확인됐습니다. 이 한마디가 모든걸 설명함? 고객 입장에서 서비스 주겠다는걸로 안들림?ㅠ 저게 어떻게 니네 콘치즈 제공된걸로 확인됨이야ㅠ,직원들이 일을 진 TILDE 짜 못해요 분위기 좋고 음식 맛있는데 그것을 다 차감할 인적악재 리뷰이벤트 상품이 바뀐걸 고지하지않고 영수증 2개 주시면서 말없이 바뀐 리뷰이벤트 상품인 콘치즈를 제공 바뀐지 몰랐기에 영수증을 보여드리며 목살 100g이 나올줄 알았으나 나오지않아 다른 직원 두명을 더 불러 보여드림 두번째 남자직원이 나오더니 네 확인됐습니다 EXCLAM 하길래 나올 줄 알았으나 나오지않음 다 먹어갈쯔음 그 남직원 불러 다시 물어봄 그제서야 남직원이 리뷰이벤트로 콘치즈 받은것이다 답변해줌 1 리뷰이벤트 상품변경 고지 하지않음 1개가 삼겹김치찌개 2개가 콘치즈 콘치즈 양도 적었으며 미리 태블릿 리뷰이벤트 상품이 목살이 아닌 콘치즈로 교체되었음을 고지하지 않음 콘치즈가 어떻게 삼겹김치찌개에 비빔 2 리뷰이벤트 상품이라 말하지않고 콘치즈가 음식과 같이 등장 기본 제공인줄 영수증을 두장 줬으니 당연 쓸줄알고 확인도 안하고 음식플레이트와 같이 동시 제공된 것 여러 식당들에서 리뷰를 보여줘야만 서비스가 제공되어 찍을 사진이 없었기에 플레이트가 나와 그 사진을 찍고 리뷰를 작성하게 됨 3 두 명의 직원에게 리뷰를 보여주었지만 그 아무도 얘기하지않고 두번째 남직원은 확인됐습니다 라고만 답변 4 기다리다 안와서 직원호출해서 물어봄 그제야 태블릿 이벤트와 다르게 상품이 바뀌었으며 같이 나온 콘치즈가 상품이라 확인받았기에 태블릿 보여주며 목살이 상품이 아니었냐 하니 들어가서 한참을 또 안나옴 5 본인들 실수이니 특별히 목살을 조금 드리겠다 하고 6조각 나옴 직원들이 일을 정말정말 못하고 회사에서 내 아랫사람이라 생각하면 정말 어떻게 세명을 부를때까지 아무런 설명도 없고 확인됐습니다 이 한마디가 모든걸 설명함 QUESTION 고객 입장에서 서비스 주겠다는걸로 안들림 QUESTION 저게 어떻게 니네 콘치즈 제공된걸로 확인됨이야,0,0,0,0,1,1,1,924,"서비스, 직원, 설명"
naver,을밀대 평양냉면,요썰미,17.0,2025.05.05,1번째 방문,영수증,요즘 평양냉면에 빠져서 많이 찾아가보려고 하고있는데 이날은 서울3대 평양냉면집 중 한 곳 을밀대를 방문했다. 공휴일이라그런지 2시에 갔는데도 홀이 가득찼고 다행히 방에 1자리가 남아서 방으로 안내받고 들어갔다~아이를 위해서 양지탕밥을시켜는데 품절 그래서 사리를 하나 더 시켜서 첫 나오는 따뜻한 육수와 냉육수를 섞어서 아이를 줬는데 진짜 맛있게 먹더라 와이프는 비빔 나는 물 시켰는데 비빔은 슴슴해서 우리입맛에는 비빔보다는 육향과 메밀향이 좋은 물냉이 입맛에 맞았다.허나 아직은 우리에게는 우래옥을 이길수 없다^^(단점은 너무 긴 웨이팅) 을밀대는 브타도없어서 너무 좋구 맛도 괜찮았다.특히녹두전이 냉면 먹기전 바삭하게 한입꺼리로 일품이었다.,359,True,,,,요즘 평양냉면에 빠져서 많이 찾아가보려고 하고있는데 이날은 서울3대 평양냉면집 중 한 곳 을밀대를 방문했다. 공휴일이라그런지 2시에 갔는데도 홀이 가득찼고 다행히 방에 1자리가 남아서 방으로 안내받고 들어갔다~아이를 위해서 양지탕밥을시켜는데 품절 그래서 사리를 하나 더 시켜서 첫 나오는 따뜻한 육수와 냉육수를 섞어서 아이를 줬는데 진짜 맛있게 먹더라 와이프는 비빔 나는 물 시켰는데 비빔은 슴슴해서 우리입맛에는 비빔보다는 육향과 메밀향이 좋은 물냉이 입맛에 맞았다.허나 아직은 우리에게는 우래옥을 이길수 없다^^(단점은 너무 긴 웨이팅) 을밀대는 브타도없어서 너무 좋구 맛도 괜찮았다.특히녹두전이 냉면 먹기전 바삭하게 한입꺼리로 일품이었다.,요즘 평양냉면에 빠져서 많이 찾아가보려고 하고있는데 이날은 서울3대 평양냉면집 중 한 곳 을밀대를 방문했다 공휴일이라그런지 2시에 갔는데도 홀이 가득찼고 다행히 방에 1자리가 남아서 방으로 안내받고 들어갔다 아이를 위해서 양지탕밥을시켜는데 품절 그래서 사리를 하나 더 시켜서 첫 나오는 따뜻한 육수와 냉육수를 섞어서 아이를 줬는데 진짜 맛있게 먹더라 와이프는 비빔 나는 물 시켰는데 비빔은 슴슴해서 우리입맛에는 비빔보다는 육향과 메밀향이 좋은 물냉이 입맛에 맞았다 허나 아직은 우리에게는 우래옥을 이길수 없다 단점은 너무 긴 웨이팅 을밀대는 브타도없어서 너무 좋구 맛도 괜찮았다 특히녹두전이 냉면 먹기전 바삭하게 한입꺼리로 일품이었다,0,0,0,0,0,0,1,359,"안내, 웨이팅"
naver,훼미리손칼국수보쌈,anyeung,1764.0,2025.11.09,1번째 방문,주문,주말 오픈 15분전 도착 사람들 줄 있었지만 첫타임에 입장함 보쌈정식 주문! 고기 야들부들 맛있고 김치 달달하고 맛있음 칼국수는 곁다리로 끼워주는느낌이라 양 적은편이지만 보쌈에 밥이 같이 나와서 적당하다 3인에 보쌈고기 저정도면 비싸지도 싸지도 않은느낌 칼국수 덕분에 괜찮게 느껴짐 굿,159,True,,,,주말 오픈 15분전 도착 사람들 줄 있었지만 첫타임에 입장함 보쌈정식 주문! 고기 야들부들 맛있고 김치 달달하고 맛있음 칼국수는 곁다리로 끼워주는느낌이라 양 적은편이지만 보쌈에 밥이 같이 나와서 적당하다 3인에 보쌈고기 저정도면 비싸지도 싸지도 않은느낌 칼국수 덕분에 괜찮게 느껴짐 굿,주말 오픈 15분전 도착 사람들 줄 있었지만 첫타임에 입장함 보쌈정식 주문 EXCLAM 고기 야들부들 맛있고 김치 달달하고 맛있음 칼국수는 곁다리로 끼워주는느낌이라 양 적은편이지만 보쌈에 밥이 같이 나와서 적당하다 3인에 보쌈고기 저정도면 비싸지도 싸지도 않은느낌 칼국수 덕분에 괜찮게 느껴짐 굿,0,0,0,0,1,0,1,159,주문
naver,금금 성수점,qkr****,28.0,2026.04.29,1번째 방문,영수증,대기없이 입장했습니다! 봄과 여름사이 날씨에 너무 먹기 좋은 음식입니다!! 내부도 청결하고 다양한 메뉴가 있어 다 먹어보고 싶은 곳입니다!! 재방문 의사 있습니다:) 감사합니더,98,True,,,,대기없이 입장했습니다! 봄과 여름사이 날씨에 너무 먹기 좋은 음식입니다!! 내부도 청결하고 다양한 메뉴가 있어 다 먹어보고 싶은 곳입니다!! 재방문 의사 있습니다:) 감사합니더,대기없이 입장했습니다 EXCLAM 봄과 여름사이 날씨에 너무 먹기 좋은 음식입니다 EXCLAM 내부도 청결하고 다양한 메뉴가 있어 다 먹어보고 싶은 곳입니다 EXCLAM 재방문 의사 있습니다 감사합니더,0,0,0,0,1,0,0,98,대기
naver,훼미리손칼국수보쌈,먹고 취하고 여행하라,111.0,2025.11.07,1번째 방문,예약,야들한 수육에 시원한 칼국수... 대존맛... 뚝섬오면 꼭 드세요🫵 칼국수 하나씩에 수육 시키려고 했는데 엄뫄 셋뚜로 팔더라고요?💗 칼국수에 조밥에 수육에 쌈배추도 왕창 주셔서 배터지게 먹고 나왔습니다...🐷 양만 많은 게 아니라 반찬까지 하나같이 맛있어요! 특히 무김치 진짜 미쳤슴다 리필 때렸어요...🤤 조합이 너무 좋아서 대화도 없이 와두와구 먹었네용... 서울숲 가면 꼭 다시 갈 것 같아요! 저는 금욜 5시에 바로 들어가서 먹었는데 나올 때 쯤 보니까 웨이팅 있더라구요.. 원래 줄 서는 집이라고 하니 참고하세요!,292,True,,,,야들한 수육에 시원한 칼국수... 대존맛... 뚝섬오면 꼭 드세요🫵 칼국수 하나씩에 수육 시키려고 했는데 엄뫄 셋뚜로 팔더라고요?💗 칼국수에 조밥에 수육에 쌈배추도 왕창 주셔서 배터지게 먹고 나왔습니다...🐷 양만 많은 게 아니라 반찬까지 하나같이 맛있어요! 특히 무김치 진짜 미쳤슴다 리필 때렸어요...🤤 조합이 너무 좋아서 대화도 없이 와두와구 먹었네용... 서울숲 가면 꼭 다시 갈 것 같아요! 저는 금욜 5시에 바로 들어가서 먹었는데 나올 때 쯤 보니까 웨이팅 있더라구요.. 원래 줄 서는 집이라고 하니 참고하세요!,야들한 수육에 시원한 칼국수 대존맛 뚝섬오면 꼭 드세요 칼국수 하나씩에 수육 시키려고 했는데 엄뫄 셋뚜로 팔더라고요 QUESTION EMO_POS 칼국수에 조밥에 수육에 쌈배추도 왕창 주셔서 배터지게 먹고 나왔습니다 양만 많은 게 아니라 반찬까지 하나같이 맛있어요 EXCLAM 특히 무김치 진짜 미쳤슴다 리필 때렸어요 조합이 너무 좋아서 대화도 없이 와두와구 먹었네용 서울숲 가면 꼭 다시 갈 것 같아요 EXCLAM 저는 금욜 5시에 바로 들어가서 먹었는데 나올 때 쯤 보니까 웨이팅 있더라구요 원래 줄 서는 집이라고 하니 참고하세요 EXCLAM,1,0,0,0,1,1,1,292,웨이팅
kakao,옥동식 서교점,김석원,5.0,2025-06-02,,,캐치테이블로 미리 예약하고 가세요. 세명 이상은 힘들듯,30,False,4.0,3.6,브론즈 레벨,캐치테이블로 미리 예약하고 가세요. 세명 이상은 힘들듯,캐치테이블로 미리 예약하고 가세요 세명 이상은 힘들듯,0,0,0,0,0,0,0,30,예약
kakao,쭌곱창,용화,1.0,2025-01-18,,,친절하고 소스의 다양한 맛을 느껴서 좋아요,23,True,5.0,5.0,브론즈 레벨,친절하고 소스의 다양한 맛을 느껴서 좋아요,친절하고 소스의 다양한 맛을 느껴서 좋아요,0,0,0,0,0,0,0,23,친절
naver,소문난성수감자탕,Goldb,1789.0,2025.10.18,1번째 방문,예약,성수동 올때마다 웨이팅 줄 보고 놀랐었는데 막상 서니까 줄이 진짜 빨리 빠지고 엄청 빨리 들어갔어요. 감자탕 끓이는게 너무 신기했음 테이블에 내장이 돼있더라구요 감자탕도 맛있고 볶음밥도 맛있었어요!! 밥까지 볶아 먹으니까 딱 적당히 배불렀고 직원분이 너무너무 친절해서 감동 받고 나옴ㅠ,159,True,,,,성수동 올때마다 웨이팅 줄 보고 놀랐었는데 막상 서니까 줄이 진짜 빨리 빠지고 엄청 빨리 들어갔어요. 감자탕 끓이는게 너무 신기했음 테이블에 내장이 돼있더라구요 감자탕도 맛있고 볶음밥도 맛있었어요!! 밥까지 볶아 먹으니까 딱 적당히 배불렀고 직원분이 너무너무 친절해서 감동 받고 나옴ㅠ,성수동 올때마다 웨이팅 줄 보고 놀랐었는데 막상 서니까 줄이 진짜 빨리 빠지고 엄청 빨리 들어갔어요 감자탕 끓이는게 너무 신기했음 테이블에 내장이 돼있더라구요 감자탕도 맛있고 볶음밥도 맛있었어요 EXCLAM 밥까지 볶아 먹으니까 딱 적당히 배불렀고 직원분이 너무너무 친절해서 감동 받고 나옴,0,0,0,0,1,0,0,159,"친절, 직원, 웨이팅, 빨리"
naver,소문난성수감자탕,old times,319.0,2026.03.14,1번째 방문,영수증,거의 10년? 만에 방문한 성수동 헛! 한산했던 거리에 사람이 느므 많다 기억나는 곳은 이 감자탕집 뿐이라 다른 유혹 뿌리치고 대기 줄서서 10분 정도 기다림 둘이서 감자탕 소 장사가 잘되는 곳이고 저녁시간이라 감자탕이 자리에 앉는 동시에 나와버림 ㅋㅋㅋ 순환이 빨라서 재료가 신선하고 감자뼈가 엄청 야들거림 잡내 1도 없고 역시 이 근처 오면 난 여기가 답임 시레기랑 감자뼈 야무지게 발라 먹고 배불러서 볶음밥 고민을 옴총 함 하지만 결론은 역시 볶음밥은 먹어야지 배부를 쯤 옆 테이블이 보기 시작하는데 감자국식사라는 메뉴는 뼈해장국 같은데 정말 뚝배기에 뼈랑 우거지를 산 같이 쌓아 준다 차마 곱배기냐고 물어보지는 못했지만 다음엔 그걸 도전해봐야겠다 성수동 근처가면 일부러라도 들를법한,385,True,,,,거의 10년? 만에 방문한 성수동 헛! 한산했던 거리에 사람이 느므 많다 기억나는 곳은 이 감자탕집 뿐이라 다른 유혹 뿌리치고 대기 줄서서 10분 정도 기다림 둘이서 감자탕 소 장사가 잘되는 곳이고 저녁시간이라 감자탕이 자리에 앉는 동시에 나와버림 ㅋㅋㅋ 순환이 빨라서 재료가 신선하고 감자뼈가 엄청 야들거림 잡내 1도 없고 역시 이 근처 오면 난 여기가 답임 시레기랑 감자뼈 야무지게 발라 먹고 배불러서 볶음밥 고민을 옴총 함 하지만 결론은 역시 볶음밥은 먹어야지 배부를 쯤 옆 테이블이 보기 시작하는데 감자국식사라는 메뉴는 뼈해장국 같은데 정말 뚝배기에 뼈랑 우거지를 산 같이 쌓아 준다 차마 곱배기냐고 물어보지는 못했지만 다음엔 그걸 도전해봐야겠다 성수동 근처가면 일부러라도 들를법한,거의 10년 QUESTION 만에 방문한 성수동 헛 EXCLAM 한산했던 거리에 사람이 느므 많다 기억나는 곳은 이 감자탕집 뿐이라 다른 유혹 뿌리치고 대기 줄서서 10분 정도 기다림 둘이서 감자탕 소 장사가 잘되는 곳이고 저녁시간이라 감자탕이 자리에 앉는 동시에 나와버림 순환이 빨라서 재료가 신선하고 감자뼈가 엄청 야들거림 잡내 1도 없고 역시 이 근처 오면 난 여기가 답임 시레기랑 감자뼈 야무지게 발라 먹고 배불러서 볶음밥 고민을 옴총 함 하지만 결론은 역시 볶음밥은 먹어야지 배부를 쯤 옆 테이블이 보기 시작하는데 감자국식사라는 메뉴는 뼈해장국 같은데 정말 뚝배기에 뼈랑 우거지를 산 같이 쌓아 준다 차마 곱배기냐고 물어보지는 못했지만 다음엔 그걸 도전해봐야겠다 성수동 근처가면 일부러라도 들를법한,0,0,0,0,1,1,1,385,대기
naver,을밀대 평양냉면,ToBeH,55.0,2026.01.21,1번째 방문,영수증,"한파를 뚫고, 방문!!! 최근 다녀온 서X 보다는 육수 맛과 향이 강하고, 진X평XXX 보다는 약한 그 중간쯤의 맛! 특이하게 육수에 살얼음이 동동~ 여름에는 진짜 좋을거 같아요 ㅎㅎ 면발은 얼음 때문인지 더 쫄깃한데, 양은 앞서 다녀간 2군데보다 훨씬 많아 좋았어요~ 온육수도 맛과 향이 좋았고, 수육 주문은 소, 대 2가지만 있었는데, 반접시 같은 1,2인분 메뉴도 생기면 좋을거 같네요 ^^",221,True,,,,"한파를 뚫고, 방문!!! 최근 다녀온 서X 보다는 육수 맛과 향이 강하고, 진X평XXX 보다는 약한 그 중간쯤의 맛! 특이하게 육수에 살얼음이 동동~ 여름에는 진짜 좋을거 같아요 ㅎㅎ 면발은 얼음 때문인지 더 쫄깃한데, 양은 앞서 다녀간 2군데보다 훨씬 많아 좋았어요~ 온육수도 맛과 향이 좋았고, 수육 주문은 소, 대 2가지만 있었는데, 반접시 같은 1,2인분 메뉴도 생기면 좋을거 같네요 ^^",한파를 뚫고 방문 EXCLAM 최근 다녀온 서X 보다는 육수 맛과 향이 강하고 진X평XX 보다는 약한 그 중간쯤의 맛 EXCLAM 특이하게 육수에 살얼음이 동동 여름에는 진짜 좋을거 같아요 면발은 얼음 때문인지 더 쫄깃한데 양은 앞서 다녀간 2군데보다 훨씬 많아 좋았어요 온육수도 맛과 향이 좋았고 수육 주문은 소 대 2가지만 있었는데 반접시 같은 1 2인분 메뉴도 생기면 좋을거 같네요,0,0,0,0,1,0,1,221,주문
naver,홍대 육지,OtsuboYuka,3.0,2026.03.23,1번째 방문,영수증,예전부터 궁금했던 고깃집인데 처음으로 방문해봤습니다🩷 직원분들도 너무너무 친절하시고 고기 질도 너무 좋구 정말 맛있게 잘 먹었습니다ෆ ̫ ෆ 일본에서 여행 온 친구들도 너무 만족했답니당!! 또 방문할게용!! 감사합니다ദ്ദി ˃ ᵕ ˂ )💞 ̖́-,138,True,,,,예전부터 궁금했던 고깃집인데 처음으로 방문해봤습니다🩷 직원분들도 너무너무 친절하시고 고기 질도 너무 좋구 정말 맛있게 잘 먹었습니다ෆ ̫ ෆ 일본에서 여행 온 친구들도 너무 만족했답니당!! 또 방문할게용!! 감사합니다ദ്ദി ˃ ᵕ ˂ )💞 ̖́-,예전부터 궁금했던 고깃집인데 처음으로 방문해봤습니다 직원분들도 너무너무 친절하시고 고기 질도 너무 좋구 정말 맛있게 잘 먹었습니다 일본에서 여행 온 친구들도 너무 만족했답니당 EXCLAM 또 방문할게용 EXCLAM 감사합니다 EMO_POS,1,0,0,0,1,0,0,138,"친절, 직원"
naver,황금콩밭,비도그,948.0,2025.10.18,1번째 방문,영수증,"믿고 먹는 훌륭한 두부 맛집🥢.. 소백산 콩으로 매일 아침 만드신다는 두부 맛이 매우 고소함. 두부보쌈, 두부전골, 두부젓국, 두부조림, 두부전, 두부완자 등뿐 아니라 코스요리까지 메뉴 다양. 오늘 첫 방문이라 짜박두부 주문. ▪️ 짜박두부란 채소육수,고춧가루 베이스에 간 돼지고기와 콩밭두부,들기름,각종야채를 함께 자작하게 조린 요리. 부드러운 두부가 두툼한 두께. 고춧가루의 빨간색이 먹음직스러워 보이는데 과하게 맵진 않음. 한 냄비 2인이 먹기 푸짐. 건강스러운데다 맛까지 좋으니 참 좋은 음식. ▪️ 그뿐 아니라 너댓 종류 나오는 반찬도 맛있음. 멸치볶음 은근한 간에 작은 멸치 자체의 고소함이 극대화. 김치도 좋음. ▪️ 툐요일 늦은 점심 때 방문. 빈 자리 있었고 주차는 요행히 길거리에 댐🪄 #두부맛집",399,True,,,,"믿고 먹는 훌륭한 두부 맛집🥢.. 소백산 콩으로 매일 아침 만드신다는 두부 맛이 매우 고소함. 두부보쌈, 두부전골, 두부젓국, 두부조림, 두부전, 두부완자 등뿐 아니라 코스요리까지 메뉴 다양. 오늘 첫 방문이라 짜박두부 주문. ▪️ 짜박두부란 채소육수,고춧가루 베이스에 간 돼지고기와 콩밭두부,들기름,각종야채를 함께 자작하게 조린 요리. 부드러운 두부가 두툼한 두께. 고춧가루의 빨간색이 먹음직스러워 보이는데 과하게 맵진 않음. 한 냄비 2인이 먹기 푸짐. 건강스러운데다 맛까지 좋으니 참 좋은 음식. ▪️ 그뿐 아니라 너댓 종류 나오는 반찬도 맛있음. 멸치볶음 은근한 간에 작은 멸치 자체의 고소함이 극대화. 김치도 좋음. ▪️ 툐요일 늦은 점심 때 방문. 빈 자리 있었고 주차는 요행히 길거리에 댐🪄 #두부맛집",믿고 먹는 훌륭한 두부 맛집 소백산 콩으로 매일 아침 만드신다는 두부 맛이 매우 고소함 두부보쌈 두부전골 두부젓국 두부조림 두부전 두부완자 등뿐 아니라 코스요리까지 메뉴 다양 오늘 첫 방문이라 짜박두부 주문 짜박두부란 채소육수 고춧가루 베이스에 간 돼지고기와 콩밭두부 들기름 각종야채를 함께 자작하게 조린 요리 부드러운 두부가 두툼한 두께 고춧가루의 빨간색이 먹음직스러워 보이는데 과하게 맵진 않음 한 냄비 2인이 먹기 푸짐 건강스러운데다 맛까지 좋으니 참 좋은 음식 그뿐 아니라 너댓 종류 나오는 반찬도 맛있음 멸치볶음 은근한 간에 작은 멸치 자체의 고소함이 극대화 김치도 좋음 툐요일 늦은 점심 때 방문 빈 자리 있었고 주차는 요행히 길거리에 댐 두부맛집,0,0,0,0,0,0,1,399,주문
naver,옥동식,이명성29,14.0,2026.03.15,1번째 방문,예약,"3시간 웨이팅 후 입장했습니다 6번째 순서가 되면 가게 근처에서 도착인증을 해야하는 구조이고 입장순서가 되면 2분 안에 입장하지 않을 시 취소가 되니 주의하시길 바랍니다. 입장 이후 돼지곰탕 보통과 김치만두 주문하였으나, 저희보다 늦게 오신 손님이 김치만두를 먼저 받으셨습니다. 식사가 절반 가량 끝나갈 때까지 김치만두가 나오지 않자 주문이 들어갔는지 확인요청 드렸고 주문이 들어갔다는 말만 하시고 다른 분께 먼저 서빙한 부분에 대해서는 사과 한마디 없으시네요 식사가 거의 끝날 무렵 김치만두가 서빙된 점, 직원의 서비스 등 미슐랭이라는 기대감과 달리 실망감이 많았고, 맛은 그냥 특별함은 따로 없는 사골곰탕에 밥 말아먹는 정도이고 토렴을 했는데도 밥알이 풀어지지 않아 지인에게 추천은 하지 않을 것 같아요.",396,True,,,,"3시간 웨이팅 후 입장했습니다 6번째 순서가 되면 가게 근처에서 도착인증을 해야하는 구조이고 입장순서가 되면 2분 안에 입장하지 않을 시 취소가 되니 주의하시길 바랍니다. 입장 이후 돼지곰탕 보통과 김치만두 주문하였으나, 저희보다 늦게 오신 손님이 김치만두를 먼저 받으셨습니다. 식사가 절반 가량 끝나갈 때까지 김치만두가 나오지 않자 주문이 들어갔는지 확인요청 드렸고 주문이 들어갔다는 말만 하시고 다른 분께 먼저 서빙한 부분에 대해서는 사과 한마디 없으시네요 식사가 거의 끝날 무렵 김치만두가 서빙된 점, 직원의 서비스 등 미슐랭이라는 기대감과 달리 실망감이 많았고, 맛은 그냥 특별함은 따로 없는 사골곰탕에 밥 말아먹는 정도이고 토렴을 했는데도 밥알이 풀어지지 않아 지인에게 추천은 하지 않을 것 같아요.",3시간 웨이팅 후 입장했습니다 6번째 순서가 되면 가게 근처에서 도착인증을 해야하는 구조이고 입장순서가 되면 2분 안에 입장하지 않을 시 취소가 되니 주의하시길 바랍니다 입장 이후 돼지곰탕 보통과 김치만두 주문하였으나 저희보다 늦게 오신 손님이 김치만두를 먼저 받으셨습니다 식사가 절반 가량 끝나갈 때까지 김치만두가 나오지 않자 주문이 들어갔는지 확인요청 드렸고 주문이 들어갔다는 말만 하시고 다른 분께 먼저 서빙한 부분에 대해서는 사과 한마디 없으시네요 식사가 거의 끝날 무렵 김치만두가 서빙된 점 직원의 서비스 등 미슐랭이라는 기대감과 달리 실망감이 많았고 맛은 그냥 특별함은 따로 없는 사골곰탕에 밥 말아먹는 정도이고 토렴을 했는데도 밥알이 풀어지지 않아 지인에게 추천은 하지 않을 것 같아요,0,0,0,0,0,0,1,396,"서비스, 직원, 주문, 서빙, 사과, 늦게, 웨이팅"
naver,성수족발,EG01ST 꼬맹이,1547.0,2026.05.04,3번째 방문,영수증,SINCE 1983년 전통있는 족발맛집 성수족발 여전히 한결스럽게 맛있고 여전히 대기판에 웨이팅 많고 여전히 포장도 친절하게 해주시고 여전히 포장은 대기없이 브레이크 타임에도 가능 하고. 단 달라진게 있다면 포장은 길 건너편 투다리에서 먹을수있고 必 안주 1개 시켜야 한다는 것. 사진은 못 남겼지만 맛있게 먹었습니다.🩷,179,True,,,,SINCE 1983년 전통있는 족발맛집 성수족발 여전히 한결스럽게 맛있고 여전히 대기판에 웨이팅 많고 여전히 포장도 친절하게 해주시고 여전히 포장은 대기없이 브레이크 타임에도 가능 하고. 단 달라진게 있다면 포장은 길 건너편 투다리에서 먹을수있고 必 안주 1개 시켜야 한다는 것. 사진은 못 남겼지만 맛있게 먹었습니다.🩷,SINCE 1983년 전통있는 족발맛집 성수족발 여전히 한결스럽게 맛있고 여전히 대기판에 웨이팅 많고 여전히 포장도 친절하게 해주시고 여전히 포장은 대기없이 브레이크 타임에도 가능 하고 단 달라진게 있다면 포장은 길 건너편 투다리에서 먹을수있고 안주 1개 시켜야 한다는 것 사진은 못 남겼지만 맛있게 먹었습니다,0,0,0,0,0,0,1,179,"친절, 웨이팅, 대기"
kakao,소문난성수감자탕,후기 1000% 진심,3.0,2025-07-31,,,"2025년 07월 31일 - 새벽 2:30 야~~~~ 그놈 솔직히 말씀드리면, 너무 시끄려워 이곳이 술을 함께 파는 음식점이라는 건 알고 있지만, 그래도 공공장소입니다. 다른 손님들도 함께 있는 공간인 만큼, 최소한의 예의는 지켜야 한다고 생각합니다. 제발 목소리를 낮춰 주세요. 당신의 사업 이야기를 듣고 싶어 하는 사람은 주변에 없습니다. 함께 술 마시는 사람들에게만 들릴 정도로 이야기해 주세요. 오늘 이 가게에 세 번째 방문인데, 소음이 너무 심해서 식사 도중에 속이 울렁거릴 정도였습니다. 이건 너무 무례한 행동입니다. 직원분들께 부탁드립니다. 목소리가 지나치게 크고 다른 손님들에게 불편을 주는 경우, 꼭 조용히 주의를 주시기 바랍니다. 이런 부분이 관리되지 않으면, 다시 방문하기 어려울 것 같습니다.",399,True,5.0,2.3,브론즈 레벨,"2025년 07월 31일 - 새벽 2:30 야~~~~ 그놈 솔직히 말씀드리면, 너무 시끄려워 이곳이 술을 함께 파는 음식점이라는 건 알고 있지만, 그래도 공공장소입니다. 다른 손님들도 함께 있는 공간인 만큼, 최소한의 예의는 지켜야 한다고 생각합니다. 제발 목소리를 낮춰 주세요. 당신의 사업 이야기를 듣고 싶어 하는 사람은 주변에 없습니다. 함께 술 마시는 사람들에게만 들릴 정도로 이야기해 주세요. 오늘 이 가게에 세 번째 방문인데, 소음이 너무 심해서 식사 도중에 속이 울렁거릴 정도였습니다. 이건 너무 무례한 행동입니다. 직원분들께 부탁드립니다. 목소리가 지나치게 크고 다른 손님들에게 불편을 주는 경우, 꼭 조용히 주의를 주시기 바랍니다. 이런 부분이 관리되지 않으면, 다시 방문하기 어려울 것 같습니다.",2025년 07월 31일 새벽 2 30 야 TILDE 그놈 솔직히 말씀드리면 너무 시끄려워 이곳이 술을 함께 파는 음식점이라는 건 알고 있지만 그래도 공공장소입니다 다른 손님들도 함께 있는 공간인 만큼 최소한의 예의는 지켜야 한다고 생각합니다 제발 목소리를 낮춰 주세요 당신의 사업 이야기를 듣고 싶어 하는 사람은 주변에 없습니다 함께 술 마시는 사람들에게만 들릴 정도로 이야기해 주세요 오늘 이 가게에 세 번째 방문인데 소음이 너무 심해서 식사 도중에 속이 울렁거릴 정도였습니다 이건 너무 무례한 행동입니다 직원분들께 부탁드립니다 목소리가 지나치게 크고 다른 손님들에게 불편을 주는 경우 꼭 조용히 주의를 주시기 바랍니다 이런 부분이 관리되지 않으면 다시 방문하기 어려울 것 같습니다,0,0,0,0,0,0,1,399,직원
kakao,을밀대 본점,냠뇸,23.0,2025-08-01,,,옆방으로 들어가라고 알려주는데 거기 있는 50대? 여직원 🐶4가지 없음,39,True,1.0,3.5,실버 레벨,옆방으로 들어가라고 알려주는데 거기 있는 50대? 여직원 🐶4가지 없음,옆방으로 들어가라고 알려주는데 거기 있는 50대 QUESTION 여직원 4가지 없음,0,0,0,0,0,1,1,39,직원
kakao,각시보쌈,언금술사,13.0,2025-08-11,,,"가성비가 압권인 지역 맛집 보쌈, 밑반찬에 김치찌개까지 주는 압도적인 구성 보쌈도 쫄깃하고 반찬도 맛있으나 항상 정신없는 서비스가 조금 아쉽다.",80,False,4.0,4.2,실버 레벨,"가성비가 압권인 지역 맛집 보쌈, 밑반찬에 김치찌개까지 주는 압도적인 구성 보쌈도 쫄깃하고 반찬도 맛있으나 항상 정신없는 서비스가 조금 아쉽다.",가성비가 압권인 지역 맛집 보쌈 밑반찬에 김치찌개까지 주는 압도적인 구성 보쌈도 쫄깃하고 반찬도 맛있으나 항상 정신없는 서비스가 조금 아쉽다,0,0,0,0,0,0,0,80,서비스
naver,홍대 육지,ppun109,27.0,2026.04.03,1번째 방문,영수증,고기질이 좋고 맛있어요!! 직원분들도 친절하시고 분위기도 좋아서 재방문할거 같아요💕 합정&amp;홍대에서 고기맛집 찾으신다면 육지 강추해요!!,79,True,,,,고기질이 좋고 맛있어요!! 직원분들도 친절하시고 분위기도 좋아서 재방문할거 같아요💕 합정&amp;홍대에서 고기맛집 찾으신다면 육지 강추해요!!,고기질이 좋고 맛있어요 EXCLAM 직원분들도 친절하시고 분위기도 좋아서 재방문할거 같아요 EMO_POS 합정 amp 홍대에서 고기맛집 찾으신다면 육지 강추해요 EXCLAM,1,0,0,0,1,0,0,79,"친절, 직원"
naver,훼미리손칼국수보쌈,jyh****,1203.0,2025.09.24,1번째 방문,영수증,비오는날 칼국수가 땡겨서 그동안 성수가면 항상 웨이팅 있던곳이라 맛이 넘 궁금해서 다녀왔어요 칼국수 국물이 넘 뜨끈한것이 간도 좋고 시원하게 넘어가는 좋았어요 보쌈도 같이 나오는 정식이었는데 보쌈은 쫌 퍽퍽해서 난 불호 그래도 손님은 엄청나네요~,137,True,,,,비오는날 칼국수가 땡겨서 그동안 성수가면 항상 웨이팅 있던곳이라 맛이 넘 궁금해서 다녀왔어요 칼국수 국물이 넘 뜨끈한것이 간도 좋고 시원하게 넘어가는 좋았어요 보쌈도 같이 나오는 정식이었는데 보쌈은 쫌 퍽퍽해서 난 불호 그래도 손님은 엄청나네요~,비오는날 칼국수가 땡겨서 그동안 성수가면 항상 웨이팅 있던곳이라 맛이 넘 궁금해서 다녀왔어요 칼국수 국물이 넘 뜨끈한것이 간도 좋고 시원하게 넘어가는 좋았어요 보쌈도 같이 나오는 정식이었는데 보쌈은 쫌 퍽퍽해서 난 불호 그래도 손님은 엄청나네요,0,0,0,0,0,0,0,137,웨이팅
naver,옥동식,꼬리리이,1053.0,2025.07.21,1번째 방문,영수증,원격줄서기 됩니다 저는 평일 저녁이라 거의 대기 안하고 들어갔어요 역시나 맛있습니다 국밥계의 평양냉면이라는 말이 정말 잘 어울네요 특으로 시키세요 고기 양이 확 많아집니다 생맥도 너무 맛있네요,107,True,,,,원격줄서기 됩니다 저는 평일 저녁이라 거의 대기 안하고 들어갔어요 역시나 맛있습니다 국밥계의 평양냉면이라는 말이 정말 잘 어울네요 특으로 시키세요 고기 양이 확 많아집니다 생맥도 너무 맛있네요,원격줄서기 됩니다 저는 평일 저녁이라 거의 대기 안하고 들어갔어요 역시나 맛있습니다 국밥계의 평양냉면이라는 말이 정말 잘 어울네요 특으로 시키세요 고기 양이 확 많아집니다 생맥도 너무 맛있네요,0,0,0,0,0,0,0,107,대기
naver,훼미리손칼국수보쌈,Dominic92,12.0,2026.05.09,1번째 방문,영수증,오랜만에 방문했는데 엄청 불친절 하네요. 전반적으로 모든 직원이 불친절 합니다. 여기는 손님에게 반말이 기본인가요? 김치는 테이블에 던지고 배추좀 더 달라고 했더니 대꾸도 안하고 나중에 와서는 자기 서빙할때는 말하지 말라고 하네요. 정식에 나온 고기는 일부가 완전 지방 덩어리로 나왔습니다. 옛날엔 엄청난 맛집은 아니어도 푸짐하고 친절한 맛에 종종 방문했는데 이젠 다시 방문하거나 추천할일 없겠네요. 오랜만에 최악의 식당을 경험했습니다.,244,True,,,,오랜만에 방문했는데 엄청 불친절 하네요. 전반적으로 모든 직원이 불친절 합니다. 여기는 손님에게 반말이 기본인가요? 김치는 테이블에 던지고 배추좀 더 달라고 했더니 대꾸도 안하고 나중에 와서는 자기 서빙할때는 말하지 말라고 하네요. 정식에 나온 고기는 일부가 완전 지방 덩어리로 나왔습니다. 옛날엔 엄청난 맛집은 아니어도 푸짐하고 친절한 맛에 종종 방문했는데 이젠 다시 방문하거나 추천할일 없겠네요. 오랜만에 최악의 식당을 경험했습니다.,오랜만에 방문했는데 엄청 불친절 하네요 전반적으로 모든 직원이 불친절 합니다 여기는 손님에게 반말이 기본인가요 QUESTION 김치는 테이블에 던지고 배추좀 더 달라고 했더니 대꾸도 안하고 나중에 와서는 자기 서빙할때는 말하지 말라고 하네요 정식에 나온 고기는 일부가 완전 지방 덩어리로 나왔습니다 옛날엔 엄청난 맛집은 아니어도 푸짐하고 친절한 맛에 종종 방문했는데 이젠 다시 방문하거나 추천할일 없겠네요 오랜만에 최악의 식당을 경험했습니다,0,0,0,0,0,1,0,244,"친절, 불친절, 직원, 서빙"
naver,뼈탄집 성수역점,이볼통이,101.0,2025.12.28,2번째 방문,영수증,동네라 다녀왔는데 너무 맛있었어요! 고기 퀄리티가 너무 좋은데 맛있게 처음부터 끝까지 구워주시니 부드럽고 육즙도 한가득이 맛있는 고기를 먹기만 해도 되니 너무 좋았어요❣️ 밑반찬 퀄리티도 좋아서 부모님 모시고 재방문 예정! 성수동 고깃집으로 추천!,138,True,,,,동네라 다녀왔는데 너무 맛있었어요! 고기 퀄리티가 너무 좋은데 맛있게 처음부터 끝까지 구워주시니 부드럽고 육즙도 한가득이 맛있는 고기를 먹기만 해도 되니 너무 좋았어요❣️ 밑반찬 퀄리티도 좋아서 부모님 모시고 재방문 예정! 성수동 고깃집으로 추천!,동네라 다녀왔는데 너무 맛있었어요 EXCLAM 고기 퀄리티가 너무 좋은데 맛있게 처음부터 끝까지 구워주시니 부드럽고 육즙도 한가득이 맛있는 고기를 먹기만 해도 되니 너무 좋았어요 EMO_POS 밑반찬 퀄리티도 좋아서 부모님 모시고 재방문 예정 EXCLAM 성수동 고깃집으로 추천 EXCLAM,1,0,0,0,1,0,0,138,구워주
naver,락희옥 마포본점,cong53,4.0,2026.04.04,1번째 방문,영수증,깔끔하고 맛있고 친절하고 와인 콜키지 프리라 너무 좋아요!,32,True,,,,깔끔하고 맛있고 친절하고 와인 콜키지 프리라 너무 좋아요!,깔끔하고 맛있고 친절하고 와인 콜키지 프리라 너무 좋아요 EXCLAM,0,0,0,0,1,0,0,32,친절
naver,뼈탄집 성수역점,hel****,32.0,2026.01.15,1번째 방문,영수증,직원분이 열심히 구워주신 고기를 냠냠념뇸 먹기만 하면 돼서 너무좋네요…🙈💕💕💕 고기는 두꺼워야한다는게 제 지론인데 굽기도 두께도 넘나 맘에 듦!!! 야채에도 콩고물 뿌려있어서 너무 고소하고 아삭하고 맛있슴다ㅠㅠ💕 밑반찬도 짭짤/매콤/시원아삭(묵은지) 다양해서 물리지 않게 먹을 수 있어요! 추천추천!!!,169,True,,,,직원분이 열심히 구워주신 고기를 냠냠념뇸 먹기만 하면 돼서 너무좋네요…🙈💕💕💕 고기는 두꺼워야한다는게 제 지론인데 굽기도 두께도 넘나 맘에 듦!!! 야채에도 콩고물 뿌려있어서 너무 고소하고 아삭하고 맛있슴다ㅠㅠ💕 밑반찬도 짭짤/매콤/시원아삭(묵은지) 다양해서 물리지 않게 먹을 수 있어요! 추천추천!!!,직원분이 열심히 구워주신 고기를 냠냠념뇸 먹기만 하면 돼서 너무좋네요 EMO_POS EMO_POS EMO_POS 고기는 두꺼워야한다는게 제 지론인데 굽기도 두께도 넘나 맘에 듦 EXCLAM 야채에도 콩고물 뿌려있어서 너무 고소하고 아삭하고 맛있슴다 EMO_POS 밑반찬도 짭짤 매콤 시원아삭 묵은지 다양해서 물리지 않게 먹을 수 있어요 EXCLAM 추천추천 EXCLAM,1,0,0,1,1,0,0,169,"직원, 구워주"
naver,장인닭갈비 홍대점,갓종이,2.0,2026.04.11,1번째 방문,영수증,웨이팅 많았는데 자리도 빨리 빠져서 금방들어갔어요 반드시 라면사리 드세요 훌륭한 맛에 훌륭함이 또 추가되네요,60,True,,,,웨이팅 많았는데 자리도 빨리 빠져서 금방들어갔어요 반드시 라면사리 드세요 훌륭한 맛에 훌륭함이 또 추가되네요,웨이팅 많았는데 자리도 빨리 빠져서 금방들어갔어요 반드시 라면사리 드세요 훌륭한 맛에 훌륭함이 또 추가되네요,0,0,0,0,0,0,0,60,"웨이팅, 빨리"
kakao,육지,민석,2.0,2025-09-13,,,합정에서 삼겹살 맛있는 곳 찾기 힘든데 원래 쉬시다가 다시 오랜만에 가게 열어서 온 구워주는 고기집 친구랑 오기에도 좋아요,68,False,5.0,3.0,브론즈 레벨,합정에서 삼겹살 맛있는 곳 찾기 힘든데 원래 쉬시다가 다시 오랜만에 가게 열어서 온 구워주는 고기집 친구랑 오기에도 좋아요,합정에서 삼겹살 맛있는 곳 찾기 힘든데 원래 쉬시다가 다시 오랜만에 가게 열어서 온 구워주는 고기집 친구랑 오기에도 좋아요,0,0,0,0,0,0,0,68,구워주
naver,태양곱창 성수점,zzxwz0212,28.0,2026.03.18,1번째 방문,영수증,양도 많고 친절하셔서 너무 좋아요! 역시 성수에서 유명한 곳 좋아요!!,39,True,,,,양도 많고 친절하셔서 너무 좋아요! 역시 성수에서 유명한 곳 좋아요!!,양도 많고 친절하셔서 너무 좋아요 EXCLAM 역시 성수에서 유명한 곳 좋아요 EXCLAM,0,0,0,0,1,0,0,39,친절
naver,육산장 홍대본점,ryuw****,4.0,2026.03.04,1번째 방문,영수증,남자친구랑 왔는데 너무 맘에 들어했어요 고기도 너무 맛있고 분위기도 좋아요!!!💗 직원분들도 넘 친절하세요 또 올게여🙂‍↕️💖,70,True,,,,남자친구랑 왔는데 너무 맘에 들어했어요 고기도 너무 맛있고 분위기도 좋아요!!!💗 직원분들도 넘 친절하세요 또 올게여🙂‍↕️💖,남자친구랑 왔는데 너무 맘에 들어했어요 고기도 너무 맛있고 분위기도 좋아요 EXCLAM EMO_POS 직원분들도 넘 친절하세요 또 올게여 EMO_POS EMO_POS,1,0,0,0,1,0,0,70,"친절, 직원"
naver,홍대 육지,ㅈㅁㄸㄲ,23.0,2026.04.19,1번째 방문,영수증,매장이깔끔하고넓어요! 인기있는덴이유가있네요:) 직접 맛있게 구워주셔서 잘먹었습니다!! 재방문했는데 또또또올 의사100%!!,68,True,,,,매장이깔끔하고넓어요! 인기있는덴이유가있네요:) 직접 맛있게 구워주셔서 잘먹었습니다!! 재방문했는데 또또또올 의사100%!!,매장이깔끔하고넓어요 EXCLAM 인기있는덴이유가있네요 직접 맛있게 구워주셔서 잘먹었습니다 EXCLAM 재방문했는데 또또올 의사100 EXCLAM,0,0,0,0,1,0,1,68,구워주
naver,이태리국시 성수,ㅎㅎㅎㅎ6424,29.0,2026.05.04,1번째 방문,영수증,음식이 맛나요~~~근데 코스요리인줄ㅋㅋ하나 먹으면 하나 나와요.. 자리잡으면 꼭 주문먼저 하세요.많이 기다려요 맛나요,65,True,,,,음식이 맛나요~~~근데 코스요리인줄ㅋㅋ하나 먹으면 하나 나와요.. 자리잡으면 꼭 주문먼저 하세요.많이 기다려요 맛나요,음식이 맛나요 TILDE 근데 코스요리인줄 하나 먹으면 하나 나와요 자리잡으면 꼭 주문먼저 하세요 많이 기다려요 맛나요,0,0,0,0,0,0,0,65,주문
kakao,옥동식 서교점,wooh,26.0,2025-02-01,,,맛이나 분위기는 나쁘진 않은데 웨이팅해서 먹을정돈 진짜 아닌듯ㅋㅋ....,40,False,3.0,4.2,실버 레벨,맛이나 분위기는 나쁘진 않은데 웨이팅해서 먹을정돈 진짜 아닌듯ㅋㅋ....,맛이나 분위기는 나쁘진 않은데 웨이팅해서 먹을정돈 진짜 아닌듯,0,0,0,0,0,0,0,40,웨이팅
naver,쭌곱창,mjk****,10.0,2026.03.02,1번째 방문,,지나가다 들려본곳인데 분위기랑 맛이 일단 진짜 사기에요 가격도 너무 착한데다가 사장님께서도 너무 친절하시구 심지어 맛있게 먹는 법도 하나하나 알려주셔서 다시 방문하고 싶은곳입니다ㅜㅜ❤️,103,True,,,,지나가다 들려본곳인데 분위기랑 맛이 일단 진짜 사기에요 가격도 너무 착한데다가 사장님께서도 너무 친절하시구 심지어 맛있게 먹는 법도 하나하나 알려주셔서 다시 방문하고 싶은곳입니다ㅜㅜ❤️,지나가다 들려본곳인데 분위기랑 맛이 일단 진짜 사기에요 가격도 너무 착한데다가 사장님께서도 너무 친절하시구 심지어 맛있게 먹는 법도 하나하나 알려주셔서 다시 방문하고 싶은곳입니다 EMO_POS,1,0,0,1,0,0,0,103,"친절, 사장님"
kakao,육지,남다현,1.0,2025-07-18,,,다 구워주셔서 먹기도 편하고 다 친절하세요 ~~ 재방문 의사 완,35,True,5.0,5.0,브론즈 레벨,다 구워주셔서 먹기도 편하고 다 친절하세요 ~~ 재방문 의사 완,다 구워주셔서 먹기도 편하고 다 친절하세요 TILDE 재방문 의사 완,0,0,0,0,0,0,0,35,"친절, 구워주"
naver,능동미나리 성수지점,밤보52,452.0,2026.04.05,1번째 방문,예약,믿고먹는 능동ㅠㅠ진짜최고임 근데 웨이팅이 너무 극악이라 웨이팅만없으면 자주가서 먹을것같음,49,True,,,,믿고먹는 능동ㅠㅠ진짜최고임 근데 웨이팅이 너무 극악이라 웨이팅만없으면 자주가서 먹을것같음,믿고먹는 능동 진짜최고임 근데 웨이팅이 너무 극악이라 웨이팅만없으면 자주가서 먹을것같음,0,0,0,1,0,0,0,49,웨이팅
kakao,홍대 조선시대,두부,2.0,2026-04-19,,,직원분들도 친절하고 음식이 맛있어서 좋아요~ 다음에 또 오고싶어요!!,38,True,5.0,3.0,브론즈 레벨,직원분들도 친절하고 음식이 맛있어서 좋아요~ 다음에 또 오고싶어요!!,직원분들도 친절하고 음식이 맛있어서 좋아요 다음에 또 오고싶어요 EXCLAM,0,0,0,0,1,0,0,38,"친절, 직원"
naver,태양곱창 성수점,egg****,38.0,2026.01.12,1번째 방문,영수증,친절하시고 음식이 푸짐하고 맛나요. 분위기도 좋고 선곡도 좋아요. 재방문 예정👍🏻👍🏻👍🏻,49,True,,,,친절하시고 음식이 푸짐하고 맛나요. 분위기도 좋고 선곡도 좋아요. 재방문 예정👍🏻👍🏻👍🏻,친절하시고 음식이 푸짐하고 맛나요 분위기도 좋고 선곡도 좋아요 재방문 예정 EMO_POS EMO_POS EMO_POS,1,0,0,0,0,0,0,49,친절
naver,조선시대,지성1364,23.0,2026.03.22,1번째 방문,영수증,홍대에서 분위기 좋은 술집 찾다가 방문했습니다 주막컨셉 술집이라 인테리어도 좋았습니다 철판 닭목살삼겹살 주문했는데 소주랑 잘 어울리는 안주였어요,80,True,,,,홍대에서 분위기 좋은 술집 찾다가 방문했습니다 주막컨셉 술집이라 인테리어도 좋았습니다 철판 닭목살삼겹살 주문했는데 소주랑 잘 어울리는 안주였어요,홍대에서 분위기 좋은 술집 찾다가 방문했습니다 주막컨셉 술집이라 인테리어도 좋았습니다 철판 닭목살삼겹살 주문했는데 소주랑 잘 어울리는 안주였어요,0,0,0,0,0,0,0,80,주문
naver,홍대 육지,kmy****,21.0,2026.03.22,1번째 방문,영수증,최근에 먹은 고기 중에 가장 맛있던 것 같아요! 고기가 두꺼워서 굽기 힘들 것 같은데 직접 다 구워주셔서 먹기 편해요! 재방문 의사 있습니다 :),81,True,,,,최근에 먹은 고기 중에 가장 맛있던 것 같아요! 고기가 두꺼워서 굽기 힘들 것 같은데 직접 다 구워주셔서 먹기 편해요! 재방문 의사 있습니다 :),최근에 먹은 고기 중에 가장 맛있던 것 같아요 EXCLAM 고기가 두꺼워서 굽기 힘들 것 같은데 직접 다 구워주셔서 먹기 편해요 EXCLAM 재방문 의사 있습니다,0,0,0,0,1,0,0,81,구워주
naver,소문난성수감자탕,둥가둥가히릿,25.0,2025.12.13,1번째 방문,영수증,예전부터 방문 한번해보고 싶었었는데 오늘 성수동 볼일이있어서 와이프랑 방문했습니다 외국인분들도 많아서 그런지 직원분들도 정신없으시고 사장님이신지 카운터에 계시는분이 정리도 안되시고 시스템이 일단 안잡혀서 일차 불편 주문후에 한참을 기다려도 안나오는 메뉴.. 직원분이 주문 안했냐.. 했다..주문들어간게 없다.;; 이차 불편 삼차 불편은 감자탕 맛집이라고 했었는데..과연?? 국물에도 깊이도 없도 고기 살도 없고..김치도 정말 ..마지막 볶음밥은 정말 아무것도 안들어간 김 참기름 깻잎 무맛의볶음밥을 이돈을 내라고?? 분당쪽 서울 감자탕과 비교가 너무나 됐습니다.. 유명세엮는지..오늘만 이랬길 바라네요 저는 다시는 안갈것같습니다,351,True,,,,예전부터 방문 한번해보고 싶었었는데 오늘 성수동 볼일이있어서 와이프랑 방문했습니다 외국인분들도 많아서 그런지 직원분들도 정신없으시고 사장님이신지 카운터에 계시는분이 정리도 안되시고 시스템이 일단 안잡혀서 일차 불편 주문후에 한참을 기다려도 안나오는 메뉴.. 직원분이 주문 안했냐.. 했다..주문들어간게 없다.;; 이차 불편 삼차 불편은 감자탕 맛집이라고 했었는데..과연?? 국물에도 깊이도 없도 고기 살도 없고..김치도 정말 ..마지막 볶음밥은 정말 아무것도 안들어간 김 참기름 깻잎 무맛의볶음밥을 이돈을 내라고?? 분당쪽 서울 감자탕과 비교가 너무나 됐습니다.. 유명세엮는지..오늘만 이랬길 바라네요 저는 다시는 안갈것같습니다,예전부터 방문 한번해보고 싶었었는데 오늘 성수동 볼일이있어서 와이프랑 방문했습니다 외국인분들도 많아서 그런지 직원분들도 정신없으시고 사장님이신지 카운터에 계시는분이 정리도 안되시고 시스템이 일단 안잡혀서 일차 불편 주문후에 한참을 기다려도 안나오는 메뉴 직원분이 주문 안했냐 했다 주문들어간게 없다 이차 불편 삼차 불편은 감자탕 맛집이라고 했었는데 과연 QUESTION 국물에도 깊이도 없도 고기 살도 없고 김치도 정말 마지막 볶음밥은 정말 아무것도 안들어간 김 참기름 깻잎 무맛의볶음밥을 이돈을 내라고 QUESTION 분당쪽 서울 감자탕과 비교가 너무나 됐습니다 유명세엮는지 오늘만 이랬길 바라네요 저는 다시는 안갈것같습니다,0,0,0,0,0,1,0,351,"직원, 사장님, 주문"
kakao,소문난성수감자탕,맛케터,60.0,2025-10-02,,,"감자탕 이집만 갔었는데, 웨이팅 때문에 못가요… 시스템을 만드셔야 다시 갈 듯..",45,False,4.0,4.0,실버 레벨,"감자탕 이집만 갔었는데, 웨이팅 때문에 못가요… 시스템을 만드셔야 다시 갈 듯..",감자탕 이집만 갔었는데 웨이팅 때문에 못가요 시스템을 만드셔야 다시 갈 듯,0,0,0,0,0,0,0,45,웨이팅
naver,금금 성수점,지수094,53.0,2026.04.05,1번째 방문,영수증,음식 너무 맛있고 직원분들도 너무 친절하세요!😻,26,True,,,,음식 너무 맛있고 직원분들도 너무 친절하세요!😻,음식 너무 맛있고 직원분들도 너무 친절하세요 EXCLAM,0,0,0,0,1,0,0,26,"친절, 직원"
kakao,소문난성수감자탕,터진귤,34.0,2026-04-08,,,종업원이 입에 욕을 달고 사는듯...너어어무 기분이 나빠서 이제는 못가겠음...이제는 동네 맛집도 아니고 맛도 없어짐....너무 눈치보게하고 안간다고 욕하고 빨리 따라오라고 욕하고 느리다고 욕하고 사람 밀고....정말 여기는 종업원교육울 시켜야할듯....이게 기분나쁨을 넘어서 서러울정도로 욕을함...,168,True,1.0,2.3,실버 레벨,종업원이 입에 욕을 달고 사는듯...너어어무 기분이 나빠서 이제는 못가겠음...이제는 동네 맛집도 아니고 맛도 없어짐....너무 눈치보게하고 안간다고 욕하고 빨리 따라오라고 욕하고 느리다고 욕하고 사람 밀고....정말 여기는 종업원교육울 시켜야할듯....이게 기분나쁨을 넘어서 서러울정도로 욕을함...,종업원이 입에 욕을 달고 사는듯 너어어무 기분이 나빠서 이제는 못가겠음 이제는 동네 맛집도 아니고 맛도 없어짐 너무 눈치보게하고 안간다고 욕하고 빨리 따라오라고 욕하고 느리다고 욕하고 사람 밀고 정말 여기는 종업원교육울 시켜야할듯 이게 기분나쁨을 넘어서 서러울정도로 욕을함,0,0,0,0,0,0,0,168,빨리
naver,락희옥 마포본점,82715,75.0,2025.11.15,1번째 방문,영수증,너어어무 맛있어요!!! 콜키지 프리라 너무 좋구🥹🩷 보쌈이 진짜 맛있어요!!! 글고 방어회 진짜 최고임.... 다들 직원 친절하시구! 최에에에고!,81,True,,,,너어어무 맛있어요!!! 콜키지 프리라 너무 좋구🥹🩷 보쌈이 진짜 맛있어요!!! 글고 방어회 진짜 최고임.... 다들 직원 친절하시구! 최에에에고!,너어어무 맛있어요 EXCLAM 콜키지 프리라 너무 좋구 보쌈이 진짜 맛있어요 EXCLAM 글고 방어회 진짜 최고임 다들 직원 친절하시구 EXCLAM 최에에고 EXCLAM,0,0,0,0,1,0,0,81,"친절, 직원"
kakao,일등식당,서울 묵고재비,510.0,2025-10-22,,,"이제는 너무 유명해진 망원동 등뼈해장국집, 그래도 가격이나 맛 서비스를 과거와 비슷한 수준으로 유지중. 등뼈해장국 살 많고 부드럽고 가성비 좋음. 줄서서먹거나 멀리서 찾아올정돈 아니지만 근처라면 먹을만하고 포장해서 집에서 끓여먹어도 좋음.",133,False,4.0,3.3,골드 레벨,"이제는 너무 유명해진 망원동 등뼈해장국집, 그래도 가격이나 맛 서비스를 과거와 비슷한 수준으로 유지중. 등뼈해장국 살 많고 부드럽고 가성비 좋음. 줄서서먹거나 멀리서 찾아올정돈 아니지만 근처라면 먹을만하고 포장해서 집에서 끓여먹어도 좋음.",이제는 너무 유명해진 망원동 등뼈해장국집 그래도 가격이나 맛 서비스를 과거와 비슷한 수준으로 유지중 등뼈해장국 살 많고 부드럽고 가성비 좋음 줄서서먹거나 멀리서 찾아올정돈 아니지만 근처라면 먹을만하고 포장해서 집에서 끓여먹어도 좋음,0,0,0,0,0,0,0,133,서비스
kakao,홍대 조선시대,이채현,1.0,2026-03-19,,,분위기 좋고 딸기막걸리 짱맛..🩷 직원분들도 유쾌하고 친절하세요,35,True,5.0,5.0,브론즈 레벨,분위기 좋고 딸기막걸리 짱맛..🩷 직원분들도 유쾌하고 친절하세요,분위기 좋고 딸기막걸리 짱맛 직원분들도 유쾌하고 친절하세요,0,0,0,0,0,0,0,35,"친절, 직원"
kakao,훼미리손칼국수보쌈,하찌,11.0,2025-11-25,,,요기 다녀간지는 꽤 됐는데 평일 점심에 혼밥하러 갔을땐 맛있게 잘 먹고 왔었거든요 보쌈이랑 칼국수해서 근데 몇달 지나고 지인이랑 같이 다시 갔는데 저녁에 가서 웨이팅을 좀 하게됐는데 보쌈 떨어졌다고 기다릴껀지 묻더라구요 ㅠㅠ그래서 울며 겨자 먹기로 칼국수?만 먹고 왔던 기억이 있는데 그냥 칼국수만 먹으니까 제대로 된 식사가 안된 느낌이라 아쉬웠습니다! 웨이팅 관리랑 고기수량관리를 좀 하면 좋을 꺼 같아요😅,228,False,3.0,4.3,브론즈 레벨,요기 다녀간지는 꽤 됐는데 평일 점심에 혼밥하러 갔을땐 맛있게 잘 먹고 왔었거든요 보쌈이랑 칼국수해서 근데 몇달 지나고 지인이랑 같이 다시 갔는데 저녁에 가서 웨이팅을 좀 하게됐는데 보쌈 떨어졌다고 기다릴껀지 묻더라구요 ㅠㅠ그래서 울며 겨자 먹기로 칼국수?만 먹고 왔던 기억이 있는데 그냥 칼국수만 먹으니까 제대로 된 식사가 안된 느낌이라 아쉬웠습니다! 웨이팅 관리랑 고기수량관리를 좀 하면 좋을 꺼 같아요😅,요기 다녀간지는 꽤 됐는데 평일 점심에 혼밥하러 갔을땐 맛있게 잘 먹고 왔었거든요 보쌈이랑 칼국수해서 근데 몇달 지나고 지인이랑 같이 다시 갔는데 저녁에 가서 웨이팅을 좀 하게됐는데 보쌈 떨어졌다고 기다릴껀지 묻더라구요 그래서 울며 겨자 먹기로 칼국수 QUESTION 만 먹고 왔던 기억이 있는데 그냥 칼국수만 먹으니까 제대로 된 식사가 안된 느낌이라 아쉬웠습니다 EXCLAM 웨이팅 관리랑 고기수량관리를 좀 하면 좋을 꺼 같아요,0,0,0,1,1,1,0,228,웨이팅
kakao,옥동식 서교점,피리미리,8.0,2026-04-19,,,맛은 있지만 웨이팅 하면서까지 가진 않을 것 같아요!,29,True,4.0,3.3,브론즈 레벨,맛은 있지만 웨이팅 하면서까지 가진 않을 것 같아요!,맛은 있지만 웨이팅 하면서까지 가진 않을 것 같아요 EXCLAM,0,0,0,0,1,0,0,29,웨이팅
naver,이태리국시 성수,전형진60,43.0,2026.02.26,1번째 방문,영수증,닭 반마리가 나와서 가격대비 가성비가 좋은 것 같구요 대창도 넉넉해서 맛있었습니다! 다만 대창파스타는 조금 단맛이 있어서 저는 맛이 더 깔끔했으면 하는 생각은 듭니다! 직원분들도 친절하시고 테이블도 전부 4인석이라 눈치 안보고 넓은 좌석에 앉을 수 있어 좋았어용 ㅎㅎ,149,True,,,,닭 반마리가 나와서 가격대비 가성비가 좋은 것 같구요 대창도 넉넉해서 맛있었습니다! 다만 대창파스타는 조금 단맛이 있어서 저는 맛이 더 깔끔했으면 하는 생각은 듭니다! 직원분들도 친절하시고 테이블도 전부 4인석이라 눈치 안보고 넓은 좌석에 앉을 수 있어 좋았어용 ㅎㅎ,닭 반마리가 나와서 가격대비 가성비가 좋은 것 같구요 대창도 넉넉해서 맛있었습니다 EXCLAM 다만 대창파스타는 조금 단맛이 있어서 저는 맛이 더 깔끔했으면 하는 생각은 듭니다 EXCLAM 직원분들도 친절하시고 테이블도 전부 4인석이라 눈치 안보고 넓은 좌석에 앉을 수 있어 좋았어용,0,0,0,0,1,0,1,149,"친절, 직원"
kakao,뼈탄집 성수역점,dana.jung,1.0,2026-04-19,,,고기질이 좋고 구워주셔서 맛있고편하고 먹었습니다 매장도 쾌적하고 넓어서 좋습니다~!,46,True,5.0,5.0,브론즈 레벨,고기질이 좋고 구워주셔서 맛있고편하고 먹었습니다 매장도 쾌적하고 넓어서 좋습니다~!,고기질이 좋고 구워주셔서 맛있고편하고 먹었습니다 매장도 쾌적하고 넓어서 좋습니다 EXCLAM,0,0,0,0,1,0,0,46,구워주
naver,을밀대 평양냉면,계란말이48,891.0,2025.08.08,10번째 방문,영수증,더운 날이라 대기줄이 엄청났지만 시원하게 잘 먹음. 비싸지만 가끔 찾게되는 집,43,True,,,,더운 날이라 대기줄이 엄청났지만 시원하게 잘 먹음. 비싸지만 가끔 찾게되는 집,더운 날이라 대기줄이 엄청났지만 시원하게 잘 먹음 비싸지만 가끔 찾게되는 집,0,0,0,0,0,0,0,43,대기
kakao,능동미나리 성수점,맛친자,1.0,2026-01-26,,,웨이팅 낮에는 별로 없어서 좀만 기다렸다 금방 들어갔어여 그리고 추운데 밖에 생강차 센스 👍 생강안좋아하는데 달달해서 맛있어서 두번이나 먹었어여 그리고 직원분들 자리안내 잘 해주시고 미나리무침 젓갈 리필도 잘 해주셔서좋았어요 곰탕 집이지만 비빔밥 갸 존맛탱이에여 살짝 달기한데 간장베이스라 미나리 향이 해치지않고 어우러져서 질리지 않고 끝까지 먹을 수 있었어요 그리고 비빔밥 주문하면 무국 같이나오는데 리필가능하다고 하시니 다른분들도 꼭 리필 해드세여 재 방문 의사 있음 ᕕ( ᐛ )ᕗ,271,True,5.0,5.0,브론즈 레벨,웨이팅 낮에는 별로 없어서 좀만 기다렸다 금방 들어갔어여 그리고 추운데 밖에 생강차 센스 👍 생강안좋아하는데 달달해서 맛있어서 두번이나 먹었어여 그리고 직원분들 자리안내 잘 해주시고 미나리무침 젓갈 리필도 잘 해주셔서좋았어요 곰탕 집이지만 비빔밥 갸 존맛탱이에여 살짝 달기한데 간장베이스라 미나리 향이 해치지않고 어우러져서 질리지 않고 끝까지 먹을 수 있었어요 그리고 비빔밥 주문하면 무국 같이나오는데 리필가능하다고 하시니 다른분들도 꼭 리필 해드세여 재 방문 의사 있음 ᕕ( ᐛ )ᕗ,웨이팅 낮에는 별로 없어서 좀만 기다렸다 금방 들어갔어여 그리고 추운데 밖에 생강차 센스 EMO_POS 생강안좋아하는데 달달해서 맛있어서 두번이나 먹었어여 그리고 직원분들 자리안내 잘 해주시고 미나리무침 젓갈 리필도 잘 해주셔서좋았어요 곰탕 집이지만 비빔밥 갸 존맛탱이에여 살짝 달기한데 간장베이스라 미나리 향이 해치지않고 어우러져서 질리지 않고 끝까지 먹을 수 있었어요 그리고 비빔밥 주문하면 무국 같이나오는데 리필가능하다고 하시니 다른분들도 꼭 리필 해드세여 재 방문 의사 있음,1,0,0,0,0,0,0,271,"직원, 주문, 안내, 웨이팅"
kakao,장인닭갈비 홍대점,불꽃의초롱이,194.0,2025-02-13,,,"홍대 버스킹 거리에 있는 닭갈비 가게입니다. 기존 닭갈비 갈게와는 다른 밝은 분위기. 2인분, 모둠사리 주문했는데 양이 아주 많네요. 무엇보다 치즈양이 장난아닙니다. 치즈를 기준으로 1인분씩 딱 나누어서 나옵니다. 맛이 기존의 닭갈비와는 차이가 납니다. 순한 맛 기준으로 살짝 매콤하며 라볶이맛이 섞여있는듯한 맛인데 아주 맛이 좋습니다. 평일임에도 불구하고 일찍 만석입니다. 평일부터 웨이팅이네요.",222,False,5.0,4.3,골드 레벨,"홍대 버스킹 거리에 있는 닭갈비 가게입니다. 기존 닭갈비 갈게와는 다른 밝은 분위기. 2인분, 모둠사리 주문했는데 양이 아주 많네요. 무엇보다 치즈양이 장난아닙니다. 치즈를 기준으로 1인분씩 딱 나누어서 나옵니다. 맛이 기존의 닭갈비와는 차이가 납니다. 순한 맛 기준으로 살짝 매콤하며 라볶이맛이 섞여있는듯한 맛인데 아주 맛이 좋습니다. 평일임에도 불구하고 일찍 만석입니다. 평일부터 웨이팅이네요.",홍대 버스킹 거리에 있는 닭갈비 가게입니다 기존 닭갈비 갈게와는 다른 밝은 분위기 2인분 모둠사리 주문했는데 양이 아주 많네요 무엇보다 치즈양이 장난아닙니다 치즈를 기준으로 1인분씩 딱 나누어서 나옵니다 맛이 기존의 닭갈비와는 차이가 납니다 순한 맛 기준으로 살짝 매콤하며 라볶이맛이 섞여있는듯한 맛인데 아주 맛이 좋습니다 평일임에도 불구하고 일찍 만석입니다 평일부터 웨이팅이네요,0,0,0,0,0,0,1,222,"주문, 웨이팅"
kakao,을밀대 본점,후기000,21.0,2025-11-05,,,맛은 있지만 너무 불친절해요 다른 곳 맛집 많아서 다른 곳 갈듯,35,True,2.0,2.9,실버 레벨,맛은 있지만 너무 불친절해요 다른 곳 맛집 많아서 다른 곳 갈듯,맛은 있지만 너무 불친절해요 다른 곳 맛집 많아서 다른 곳 갈듯,0,0,0,0,0,0,0,35,"친절, 불친절"
naver,홍대 육지,12****,1547.0,2026.04.11,1번째 방문,영수증,합정역 20인분 한정메뉴 돈대갈비 먹었는데 존맛탱 직원분들도 너무 친절하고 시그니처 메뉴 일찍와서 꼭 먹어요!!,62,True,,,,합정역 20인분 한정메뉴 돈대갈비 먹었는데 존맛탱 직원분들도 너무 친절하고 시그니처 메뉴 일찍와서 꼭 먹어요!!,합정역 20인분 한정메뉴 돈대갈비 먹었는데 존맛탱 직원분들도 너무 친절하고 시그니처 메뉴 일찍와서 꼭 먹어요 EXCLAM,0,0,0,0,1,0,1,62,"친절, 직원"
naver,옥동식,이앵앵,324.0,2026.01.02,1번째 방문,영수증,평일 오전 9시 15분쯤 가서 웨이팅 7번 받았습니다. 근처 카페에서 대기하고 워낙 매장이 작아서 첫타임 입장못하고 11시 30분쯤 입장. 친구랑 온김에 막걸리 김치만두 국밥 전부 시켰고 새해부터 2천원 오른 국밥부터 등장. 놋그릇에 나와서 국물부터 숟가락으로 먹었는데 처음에 쇠향이 났고 그다음 맛은 비쥬얼대로 자극적이지 않은 갈비탕(?)느낌 돼지로 이런국물이 나는게 신기하지만 자극적인 순대국밥 좋아하는 입장에선 맛있지도 맛없지도 않은 국밥계의 평냉 느낌이였습니다. 고기는 야들하게 맛있었고 김치가 맛있었습니다. 막걸리는 알콜이 느껴지는 무난한 막걸리 김치만두는 밀가루 맛이 느껴져서 아쉬운 정도 퀄리티 국물이랑 밥이 리필가능이라 추운날씨 국물 리필했고..가격 웨이팅 생각하면 경험을 샀다로 생각합니다,394,True,,,,평일 오전 9시 15분쯤 가서 웨이팅 7번 받았습니다. 근처 카페에서 대기하고 워낙 매장이 작아서 첫타임 입장못하고 11시 30분쯤 입장. 친구랑 온김에 막걸리 김치만두 국밥 전부 시켰고 새해부터 2천원 오른 국밥부터 등장. 놋그릇에 나와서 국물부터 숟가락으로 먹었는데 처음에 쇠향이 났고 그다음 맛은 비쥬얼대로 자극적이지 않은 갈비탕(?)느낌 돼지로 이런국물이 나는게 신기하지만 자극적인 순대국밥 좋아하는 입장에선 맛있지도 맛없지도 않은 국밥계의 평냉 느낌이였습니다. 고기는 야들하게 맛있었고 김치가 맛있었습니다. 막걸리는 알콜이 느껴지는 무난한 막걸리 김치만두는 밀가루 맛이 느껴져서 아쉬운 정도 퀄리티 국물이랑 밥이 리필가능이라 추운날씨 국물 리필했고..가격 웨이팅 생각하면 경험을 샀다로 생각합니다,평일 오전 9시 15분쯤 가서 웨이팅 7번 받았습니다 근처 카페에서 대기하고 워낙 매장이 작아서 첫타임 입장못하고 11시 30분쯤 입장 친구랑 온김에 막걸리 김치만두 국밥 전부 시켰고 새해부터 2천원 오른 국밥부터 등장 놋그릇에 나와서 국물부터 숟가락으로 먹었는데 처음에 쇠향이 났고 그다음 맛은 비쥬얼대로 자극적이지 않은 갈비탕 QUESTION 느낌 돼지로 이런국물이 나는게 신기하지만 자극적인 순대국밥 좋아하는 입장에선 맛있지도 맛없지도 않은 국밥계의 평냉 느낌이였습니다 고기는 야들하게 맛있었고 김치가 맛있었습니다 막걸리는 알콜이 느껴지는 무난한 막걸리 김치만두는 밀가루 맛이 느껴져서 아쉬운 정도 퀄리티 국물이랑 밥이 리필가능이라 추운날씨 국물 리필했고 가격 웨이팅 생각하면 경험을 샀다로 생각합니다,0,0,0,0,0,1,1,394,"웨이팅, 대기"
naver,홍대 육지,Yepp15,21.0,2026.04.04,1번째 방문,영수증,"인스타에 워낙 유명한 곳이라 친구랑 같이 와봤는데, 그냥 그런 인스타 맛집이 아니라 정말 너무 맛있어서 놀랐습니다! 고기도 옆에서 친절하게 구워주시고 고기 질도 좋아서 맛있게 먹고 갑니다~",105,True,,,,"인스타에 워낙 유명한 곳이라 친구랑 같이 와봤는데, 그냥 그런 인스타 맛집이 아니라 정말 너무 맛있어서 놀랐습니다! 고기도 옆에서 친절하게 구워주시고 고기 질도 좋아서 맛있게 먹고 갑니다~",인스타에 워낙 유명한 곳이라 친구랑 같이 와봤는데 그냥 그런 인스타 맛집이 아니라 정말 너무 맛있어서 놀랐습니다 EXCLAM 고기도 옆에서 친절하게 구워주시고 고기 질도 좋아서 맛있게 먹고 갑니다,0,0,0,0,1,0,0,105,"친절, 구워주"
kakao,육지,태영,1.0,2025-08-30,,,고기가 정말 맛있고 직원분들도 친절하셔서 맛있게 잘 먹고갑니다!!!,37,False,5.0,5.0,브론즈 레벨,고기가 정말 맛있고 직원분들도 친절하셔서 맛있게 잘 먹고갑니다!!!,고기가 정말 맛있고 직원분들도 친절하셔서 맛있게 잘 먹고갑니다 EXCLAM,0,0,0,0,1,0,0,37,"친절, 직원"
naver,금금 성수점,왐감자,180.0,2026.03.05,1번째 방문,영수증,성수 금금 왔어요! 평일 점심 기준 웨이팅이 있긴 했지만 빨리 들어갔어요! 특별한 메뉴가 있어서 친구들이랑 오기 좋아요!!,68,True,,,,성수 금금 왔어요! 평일 점심 기준 웨이팅이 있긴 했지만 빨리 들어갔어요! 특별한 메뉴가 있어서 친구들이랑 오기 좋아요!!,성수 금금 왔어요 EXCLAM 평일 점심 기준 웨이팅이 있긴 했지만 빨리 들어갔어요 EXCLAM 특별한 메뉴가 있어서 친구들이랑 오기 좋아요 EXCLAM,0,0,0,0,1,0,0,68,"웨이팅, 빨리"
naver,태양곱창 성수점,wlt****,183.0,2025.10.19,1번째 방문,영수증,💡태양곱창💡 오랜만에 대학교 이후로 곱창은 오랜만에 먹는 거같아요!!!! 정말 행복한 안주에 술 한잔이였답니다..❤️ 요즘 술 맛도 없고 뭐 먹더라도 하이볼이나 자꾸 맛있는 술만 찾게 되더라구요 그러다 남자친구 추천으로 야채곱창을 먹는데 오늘 제대로 술한잔 했네요 ㅎㅎ 정말 감사합니다 여기 직원분들 너무 친절해요 휴지 없을까봐 휴지 챙겨갔는데 갑자기 휴지 채워주시고 청소도 해주시더라구요 !!! 성수오면 또 들릴게요❤️❤️❤️🙏,240,True,,,,💡태양곱창💡 오랜만에 대학교 이후로 곱창은 오랜만에 먹는 거같아요!!!! 정말 행복한 안주에 술 한잔이였답니다..❤️ 요즘 술 맛도 없고 뭐 먹더라도 하이볼이나 자꾸 맛있는 술만 찾게 되더라구요 그러다 남자친구 추천으로 야채곱창을 먹는데 오늘 제대로 술한잔 했네요 ㅎㅎ 정말 감사합니다 여기 직원분들 너무 친절해요 휴지 없을까봐 휴지 챙겨갔는데 갑자기 휴지 채워주시고 청소도 해주시더라구요 !!! 성수오면 또 들릴게요❤️❤️❤️🙏,태양곱창 오랜만에 대학교 이후로 곱창은 오랜만에 먹는 거같아요 EXCLAM 정말 행복한 안주에 술 한잔이였답니다 EMO_POS 요즘 술 맛도 없고 뭐 먹더라도 하이볼이나 자꾸 맛있는 술만 찾게 되더라구요 그러다 남자친구 추천으로 야채곱창을 먹는데 오늘 제대로 술한잔 했네요 정말 감사합니다 여기 직원분들 너무 친절해요 휴지 없을까봐 휴지 챙겨갔는데 갑자기 휴지 채워주시고 청소도 해주시더라구요 EXCLAM 성수오면 또 들릴게요 EMO_POS EMO_POS EMO_POS,1,0,0,0,1,0,0,240,"친절, 직원"
kakao,보끔당 성수점,뮨,33.0,2026-02-16,,,가끔 생각나면 옵니다 맛있어요 #보끔당 #성수맛집 #성수점심 ----26.01 사장님이 바뀐건지 .. 맛이 변한것 같아요ㅠ 조금 더 달고 짜졌달까 ..,84,True,5.0,4.2,실버 레벨,가끔 생각나면 옵니다 맛있어요 #보끔당 #성수맛집 #성수점심 ----26.01 사장님이 바뀐건지 .. 맛이 변한것 같아요ㅠ 조금 더 달고 짜졌달까 ..,가끔 생각나면 옵니다 맛있어요 보끔당 성수맛집 성수점심 26 01 사장님이 바뀐건지 맛이 변한것 같아요 조금 더 달고 짜졌달까,0,0,0,0,0,0,1,84,사장님
naver,락희옥 마포본점,산톢,531.0,2025.06.02,1번째 방문,영수증,공덕역 제철음식 맛집 락희옥. 여름 제철음식으로 민어회 먹으러 방문했어요. 락희옥은 콜키지프리라 방문할 때 와인이나 위스키 필수!! 이 날은 민어회와 잘 어울리는 샤르도네 와인으로 가져가서 민어회와 넘 맛있게 잘 먹었어요. 민어 껍질부터 부레까지 다양한 부위를 먹을 수 있어 좋고 민어 회도 쫄깃하니 비린 맛 하나 없이 넘 맛있네요. 락희옥 보쌈도 빠질수 없어서 주문!! 두툼한 보쌈이 넘 부드럽고 같이 나온 무말랭이와 넘 잘 어울려요. 와인 다 마시고 화요에 네이버 알림받기로 받은 김치메밀전병 같이 먹었는데 깔끔하니 넘 좋네요. 음식 하나하나 다 맛있고 깔끔해서 갈 때마다 만족해요. 여름 동안 민어회 먹으로 자주 방문할거 같아요.,355,True,,,,공덕역 제철음식 맛집 락희옥. 여름 제철음식으로 민어회 먹으러 방문했어요. 락희옥은 콜키지프리라 방문할 때 와인이나 위스키 필수!! 이 날은 민어회와 잘 어울리는 샤르도네 와인으로 가져가서 민어회와 넘 맛있게 잘 먹었어요. 민어 껍질부터 부레까지 다양한 부위를 먹을 수 있어 좋고 민어 회도 쫄깃하니 비린 맛 하나 없이 넘 맛있네요. 락희옥 보쌈도 빠질수 없어서 주문!! 두툼한 보쌈이 넘 부드럽고 같이 나온 무말랭이와 넘 잘 어울려요. 와인 다 마시고 화요에 네이버 알림받기로 받은 김치메밀전병 같이 먹었는데 깔끔하니 넘 좋네요. 음식 하나하나 다 맛있고 깔끔해서 갈 때마다 만족해요. 여름 동안 민어회 먹으로 자주 방문할거 같아요.,공덕역 제철음식 맛집 락희옥 여름 제철음식으로 민어회 먹으러 방문했어요 락희옥은 콜키지프리라 방문할 때 와인이나 위스키 필수 EXCLAM 이 날은 민어회와 잘 어울리는 샤르도네 와인으로 가져가서 민어회와 넘 맛있게 잘 먹었어요 민어 껍질부터 부레까지 다양한 부위를 먹을 수 있어 좋고 민어 회도 쫄깃하니 비린 맛 하나 없이 넘 맛있네요 락희옥 보쌈도 빠질수 없어서 주문 EXCLAM 두툼한 보쌈이 넘 부드럽고 같이 나온 무말랭이와 넘 잘 어울려요 와인 다 마시고 화요에 네이버 알림받기로 받은 김치메밀전병 같이 먹었는데 깔끔하니 넘 좋네요 음식 하나하나 다 맛있고 깔끔해서 갈 때마다 만족해요 여름 동안 민어회 먹으로 자주 방문할거 같아요,0,0,0,0,1,0,0,355,주문
naver,각시보쌈,아톰45,35.0,2025.10.13,1번째 방문,영수증,"우선 고기는 맛있었어요. 다만 직원분들의 태도가 너무 별로예요. 1. 착석 후 메뉴판을 테이블로 던지셨고요. 2. 2차로 간 거라 8시가 좀 안되어 입장했습니다. 마지막에 저희 포함 두 테이블이 남았더군요. 아직 고기도 있고 술을 더 시킬까 하는데(8시45분 정도 된 것 같아요. ) 아까 그 직원 분이 오셔서 마감이라고 가라더라고요? 그러고보니 한테이블도 막 나가셨어요. 그러고는 카운터에서 인상쓰며 계속 흘겨보셨어요. 이때부터 기분이 확 나빴습니다. 10시가 마감인 줄 알았는데 잘못 알았나보다 하고, 고기도 남기고 나오며 영업종료가 9시냐 물었습니다. 시큰둥한 표정으로 그건 아니지만 오늘 재료소진이라 문 닫는거라고 하네요. 아직 손님이 있는데,그것도 한시간 이상 남은 시점에서 이게 말이 되나요? 최악입니다",399,False,,,,"우선 고기는 맛있었어요. 다만 직원분들의 태도가 너무 별로예요. 1. 착석 후 메뉴판을 테이블로 던지셨고요. 2. 2차로 간 거라 8시가 좀 안되어 입장했습니다. 마지막에 저희 포함 두 테이블이 남았더군요. 아직 고기도 있고 술을 더 시킬까 하는데(8시45분 정도 된 것 같아요. ) 아까 그 직원 분이 오셔서 마감이라고 가라더라고요? 그러고보니 한테이블도 막 나가셨어요. 그러고는 카운터에서 인상쓰며 계속 흘겨보셨어요. 이때부터 기분이 확 나빴습니다. 10시가 마감인 줄 알았는데 잘못 알았나보다 하고, 고기도 남기고 나오며 영업종료가 9시냐 물었습니다. 시큰둥한 표정으로 그건 아니지만 오늘 재료소진이라 문 닫는거라고 하네요. 아직 손님이 있는데,그것도 한시간 이상 남은 시점에서 이게 말이 되나요? 최악입니다",우선 고기는 맛있었어요 다만 직원분들의 태도가 너무 별로예요 1 착석 후 메뉴판을 테이블로 던지셨고요 2 2차로 간 거라 8시가 좀 안되어 입장했습니다 마지막에 저희 포함 두 테이블이 남았더군요 아직 고기도 있고 술을 더 시킬까 하는데 8시45분 정도 된 것 같아요 아까 그 직원 분이 오셔서 마감이라고 가라더라고요 QUESTION 그러고보니 한테이블도 막 나가셨어요 그러고는 카운터에서 인상쓰며 계속 흘겨보셨어요 이때부터 기분이 확 나빴습니다 10시가 마감인 줄 알았는데 잘못 알았나보다 하고 고기도 남기고 나오며 영업종료가 9시냐 물었습니다 시큰둥한 표정으로 그건 아니지만 오늘 재료소진이라 문 닫는거라고 하네요 아직 손님이 있는데 그것도 한시간 이상 남은 시점에서 이게 말이 되나요 QUESTION 최악입니다,0,0,0,0,0,1,1,399,"직원, 태도"
naver,능동미나리 성수지점,elliws재원맘,187.0,2025.10.07,1번째 방문,영수증,"능동 미나리 곰탕,육회비빔밥 이곳의 시그니처 메뉴는 꼭 드셔요. 미나리가 연하고 싱싱해요. 대파랑 달리 미나리는 곰탕의 맛을 개운하게 해줍니다. 한우라 고기 육질도 좋네요. [육회비빔밥]은 재료는 심플한데 정말 깔끔하고 맛있어요. 본연의 맛에 충실히 한 점도 좋고 은은한 기름향이 미나리랑 넘 어울려요. 오후 3시 넘어서 갔더니 대기도 짧았네요. 미나리 특 곰탕 포장까지 했습니다. 강추",216,True,,,,"능동 미나리 곰탕,육회비빔밥 이곳의 시그니처 메뉴는 꼭 드셔요. 미나리가 연하고 싱싱해요. 대파랑 달리 미나리는 곰탕의 맛을 개운하게 해줍니다. 한우라 고기 육질도 좋네요. [육회비빔밥]은 재료는 심플한데 정말 깔끔하고 맛있어요. 본연의 맛에 충실히 한 점도 좋고 은은한 기름향이 미나리랑 넘 어울려요. 오후 3시 넘어서 갔더니 대기도 짧았네요. 미나리 특 곰탕 포장까지 했습니다. 강추",능동 미나리 곰탕 육회비빔밥 이곳의 시그니처 메뉴는 꼭 드셔요 미나리가 연하고 싱싱해요 대파랑 달리 미나리는 곰탕의 맛을 개운하게 해줍니다 한우라 고기 육질도 좋네요 육회비빔밥 은 재료는 심플한데 정말 깔끔하고 맛있어요 본연의 맛에 충실히 한 점도 좋고 은은한 기름향이 미나리랑 넘 어울려요 오후 3시 넘어서 갔더니 대기도 짧았네요 미나리 특 곰탕 포장까지 했습니다 강추,0,0,0,0,0,0,1,216,대기
naver,능동미나리 성수지점,맛집경영흔적리뷰,635.0,2025.12.12,1번째 방문,영수증,줄을 선 동안 서비스해주신 생강차도 맛있었고요. 육회미나리비빔밥과 고기국물은 진짜×100맛있음. 맛있는 것은 성수에 다 모였나봐요^^,74,True,,,,줄을 선 동안 서비스해주신 생강차도 맛있었고요. 육회미나리비빔밥과 고기국물은 진짜×100맛있음. 맛있는 것은 성수에 다 모였나봐요^^,줄을 선 동안 서비스해주신 생강차도 맛있었고요 육회미나리비빔밥과 고기국물은 진짜 100맛있음 맛있는 것은 성수에 다 모였나봐요,0,0,0,0,0,0,1,74,서비스
naver,옥동식,맛집지도쏘쏘,450.0,2025.08.10,1번째 방문,영수증,일요일 오전 11시30분 캐치테이블로 예약하고 43번째였는데 1시40분에 들어갔습니다 (2시간10분 걸림) 중간중간 온라인 예약도 인원이 많으면 마감되더라고요 뉴욕 매장 티비로 보다가 궁금해서 방문했고 국물이 맑은게 우리가 흔히아는 부산 돼지국밥과는 다른 맛이었고 국물 오묘하니 맛있었습니다 김치만두는 평범했고 아쉬운 점은 밥이 너무 덜익은 것같았어요. 국물에 토렴해서 주시니 퍼질것을 예상하고 지은 밥 인듯 한데 엄마랑 저에겐 좀 딱딱하게 느껴졌습니다. 고기는 부드럽고 얇고 특히 양념장이 정말 개운하게 느끼함을 잡아주었습니다 :),298,True,,,,일요일 오전 11시30분 캐치테이블로 예약하고 43번째였는데 1시40분에 들어갔습니다 (2시간10분 걸림) 중간중간 온라인 예약도 인원이 많으면 마감되더라고요 뉴욕 매장 티비로 보다가 궁금해서 방문했고 국물이 맑은게 우리가 흔히아는 부산 돼지국밥과는 다른 맛이었고 국물 오묘하니 맛있었습니다 김치만두는 평범했고 아쉬운 점은 밥이 너무 덜익은 것같았어요. 국물에 토렴해서 주시니 퍼질것을 예상하고 지은 밥 인듯 한데 엄마랑 저에겐 좀 딱딱하게 느껴졌습니다. 고기는 부드럽고 얇고 특히 양념장이 정말 개운하게 느끼함을 잡아주었습니다 :),일요일 오전 11시30분 캐치테이블로 예약하고 43번째였는데 1시40분에 들어갔습니다 2시간10분 걸림 중간중간 온라인 예약도 인원이 많으면 마감되더라고요 뉴욕 매장 티비로 보다가 궁금해서 방문했고 국물이 맑은게 우리가 흔히아는 부산 돼지국밥과는 다른 맛이었고 국물 오묘하니 맛있었습니다 김치만두는 평범했고 아쉬운 점은 밥이 너무 덜익은 것같았어요 국물에 토렴해서 주시니 퍼질것을 예상하고 지은 밥 인듯 한데 엄마랑 저에겐 좀 딱딱하게 느껴졌습니다 고기는 부드럽고 얇고 특히 양념장이 정말 개운하게 느끼함을 잡아주었습니다,0,0,0,0,0,0,1,298,예약
kakao,훼미리손칼국수보쌈,슛슛,224.0,2025-06-10,,,보쌈은 나쁘진 않았구 칼국수는 시판 건면에 후추범벅이긴 했는데 김치는 좋았어요. 다만 위생적이지 않았고 웨이팅하는 이유를 모르겠어요,73,True,2.0,3.5,골드 레벨,보쌈은 나쁘진 않았구 칼국수는 시판 건면에 후추범벅이긴 했는데 김치는 좋았어요. 다만 위생적이지 않았고 웨이팅하는 이유를 모르겠어요,보쌈은 나쁘진 않았구 칼국수는 시판 건면에 후추범벅이긴 했는데 김치는 좋았어요 다만 위생적이지 않았고 웨이팅하는 이유를 모르겠어요,0,0,0,0,0,0,0,73,웨이팅
kakao,할머니의레시피,EH,1.0,2025-09-14,,,숨뼈국과 쌈밥 정식을 먹었는데 같이 나온 가자미가 너어어무 딱딱해서 못 먹었습니다. 전날 만든 음식을 내온 느낌이었어요. 제육도 껍데기에 돼지털 엄청 길게 박혀 있고 맛도 너무 없었어요. 양파도 너무 크게 들어 있었어요. 웨이팅이 왜이렇게 많은지 전혀 이해가 안가네요.,150,False,1.0,1.0,브론즈 레벨,숨뼈국과 쌈밥 정식을 먹었는데 같이 나온 가자미가 너어어무 딱딱해서 못 먹었습니다. 전날 만든 음식을 내온 느낌이었어요. 제육도 껍데기에 돼지털 엄청 길게 박혀 있고 맛도 너무 없었어요. 양파도 너무 크게 들어 있었어요. 웨이팅이 왜이렇게 많은지 전혀 이해가 안가네요.,숨뼈국과 쌈밥 정식을 먹었는데 같이 나온 가자미가 너어어무 딱딱해서 못 먹었습니다 전날 만든 음식을 내온 느낌이었어요 제육도 껍데기에 돼지털 엄청 길게 박혀 있고 맛도 너무 없었어요 양파도 너무 크게 들어 있었어요 웨이팅이 왜이렇게 많은지 전혀 이해가 안가네요,0,0,0,0,0,0,0,150,웨이팅
kakao,장인닭갈비 홍대점,냐미,44.0,2025-08-03,,,"닭갈비 맛은…제가 먹어본 닭갈비 중에서 가장 별로였오요… 🤣엄청 밍숭한 고추장 맛에 깨맛만 남 🤣닭은 엄청 퍽퍽한 닭가슴갈이고 간이 안 배서 밍숭… 🤣이 더운 여름날 매장이 너무 더워서 자리 바꾸고 싶다고 했는데 거절… 심지어 안내 받은 자리는 에어컨도 꺼져있었어요.. 🤣반찬은 셀프에 쌈무, 샐러드, 상추말고는 없어요‼️ 🤣치즈가 녹다가 말았어욥 🤣점원분 반할이 외국인인데 치렁치렁한 모자부터 위생개념 제로에 가까워요 ‼️리뷰이벤트가 있어서 그런지…제 입맛이 까칠해서 그런지 좋은 리뷰 믿고 갔다가…남기고 나왔어욥🥹",289,False,1.0,3.7,실버 레벨,"닭갈비 맛은…제가 먹어본 닭갈비 중에서 가장 별로였오요… 🤣엄청 밍숭한 고추장 맛에 깨맛만 남 🤣닭은 엄청 퍽퍽한 닭가슴갈이고 간이 안 배서 밍숭… 🤣이 더운 여름날 매장이 너무 더워서 자리 바꾸고 싶다고 했는데 거절… 심지어 안내 받은 자리는 에어컨도 꺼져있었어요.. 🤣반찬은 셀프에 쌈무, 샐러드, 상추말고는 없어요‼️ 🤣치즈가 녹다가 말았어욥 🤣점원분 반할이 외국인인데 치렁치렁한 모자부터 위생개념 제로에 가까워요 ‼️리뷰이벤트가 있어서 그런지…제 입맛이 까칠해서 그런지 좋은 리뷰 믿고 갔다가…남기고 나왔어욥🥹",닭갈비 맛은 제가 먹어본 닭갈비 중에서 가장 별로였오요 EMO_LAUGH 엄청 밍숭한 고추장 맛에 깨맛만 남 EMO_LAUGH 닭은 엄청 퍽퍽한 닭가슴갈이고 간이 안 배서 밍숭 EMO_LAUGH 이 더운 여름날 매장이 너무 더워서 자리 바꾸고 싶다고 했는데 거절 심지어 안내 받은 자리는 에어컨도 꺼져있었어요 EMO_LAUGH 반찬은 셀프에 쌈무 샐러드 상추말고는 없어요 EMO_LAUGH 치즈가 녹다가 말았어욥 EMO_LAUGH 점원분 반할이 외국인인데 치렁치렁한 모자부터 위생개념 제로에 가까워요 리뷰이벤트가 있어서 그런지 제 입맛이 까칠해서 그런지 좋은 리뷰 믿고 갔다가 남기고 나왔어욥,0,0,1,0,0,0,0,289,안내
naver,마포양지설렁탕,yoo****,2133.0,2025.09.17,1번째 방문,영수증,개인적의견입니다 서비스아주머니 너무불친절,22,False,,,,개인적의견입니다 서비스아주머니 너무불친절,개인적의견입니다 서비스아주머니 너무불친절,0,0,0,0,0,0,0,22,"서비스, 친절, 불친절"
kakao,을밀대 본점,예은,7.0,2026-04-11,,,면이 많이 퍼져서 말씀드리니 나온 음식 확인도 없이 바로 나오는 면이여서 그럴일 없다고 가시는 직원분 좋아하던 평냉집인데 2번 방문 연속 불은면 받고 많이 속상합니다😅,93,False,1.0,3.4,브론즈 레벨,면이 많이 퍼져서 말씀드리니 나온 음식 확인도 없이 바로 나오는 면이여서 그럴일 없다고 가시는 직원분 좋아하던 평냉집인데 2번 방문 연속 불은면 받고 많이 속상합니다😅,면이 많이 퍼져서 말씀드리니 나온 음식 확인도 없이 바로 나오는 면이여서 그럴일 없다고 가시는 직원분 좋아하던 평냉집인데 2번 방문 연속 불은면 받고 많이 속상합니다,0,0,0,0,0,0,1,93,직원
naver,굴다리식당,도프어린이,655.0,2025.07.21,1번째 방문,영수증,"몇년 전 추억으로 오랜만에 굴다리 김치찌개집을 찾았어요. 회사동료와 3명(여자3) 방문했는데요 계란말이가 별도 메뉴 라고 하셔서 김치찌개/제육/계란말이 주문부탁했더니 계란말이(1만원) 를 시키려면, 무조건 인원수대로 제육이든 김치찌개든 시키고 시이드로 계란말이를 시키라는 겁니다? 계란말이가 1만원 이에요. 여자 셋은 주메뉴만 먹어도 배불러서 다 못먹고 남기는데… 더 기막힌 건 저희옆에도 똑같이 2분이 오셔서 제육1+계란말이1 주문하려다 안되서 2+계란츠추가 하셨는데 계란말이 양이 저희꺼보다 적더라고요. 잔반도 많이 남게되고 생각보다 점심값도 많이 나왔고 계란말이 추가로만 가능하다고 하셔서 기분도 좀 상했어요. 개선 이 있었으면 좋겠습니다.",361,False,,,,"몇년 전 추억으로 오랜만에 굴다리 김치찌개집을 찾았어요. 회사동료와 3명(여자3) 방문했는데요 계란말이가 별도 메뉴 라고 하셔서 김치찌개/제육/계란말이 주문부탁했더니 계란말이(1만원) 를 시키려면, 무조건 인원수대로 제육이든 김치찌개든 시키고 시이드로 계란말이를 시키라는 겁니다? 계란말이가 1만원 이에요. 여자 셋은 주메뉴만 먹어도 배불러서 다 못먹고 남기는데… 더 기막힌 건 저희옆에도 똑같이 2분이 오셔서 제육1+계란말이1 주문하려다 안되서 2+계란츠추가 하셨는데 계란말이 양이 저희꺼보다 적더라고요. 잔반도 많이 남게되고 생각보다 점심값도 많이 나왔고 계란말이 추가로만 가능하다고 하셔서 기분도 좀 상했어요. 개선 이 있었으면 좋겠습니다.",몇년 전 추억으로 오랜만에 굴다리 김치찌개집을 찾았어요 회사동료와 3명 여자3 방문했는데요 계란말이가 별도 메뉴 라고 하셔서 김치찌개 제육 계란말이 주문부탁했더니 계란말이 1만원 를 시키려면 무조건 인원수대로 제육이든 김치찌개든 시키고 시이드로 계란말이를 시키라는 겁니다 QUESTION 계란말이가 1만원 이에요 여자 셋은 주메뉴만 먹어도 배불러서 다 못먹고 남기는데 더 기막힌 건 저희옆에도 똑같이 2분이 오셔서 제육1 계란말이1 주문하려다 안되서 2 계란츠추가 하셨는데 계란말이 양이 저희꺼보다 적더라고요 잔반도 많이 남게되고 생각보다 점심값도 많이 나왔고 계란말이 추가로만 가능하다고 하셔서 기분도 좀 상했어요 개선 이 있었으면 좋겠습니다,0,0,0,0,0,1,1,361,주문
naver,이태리국시 성수,yj****,17.0,2026.05.09,1번째 방문,영수증,시그니처 메뉴 숯불대창돌솥파스타가 정말 맛있네요. 대창을 아주 잘 요리했습니다. 같이 주문한 숯불갈비깍두기돌솥리조또도 일품입니다. 다음 방문때 새로운 요리에 도전해 보고 싶네요.,99,True,,,,시그니처 메뉴 숯불대창돌솥파스타가 정말 맛있네요. 대창을 아주 잘 요리했습니다. 같이 주문한 숯불갈비깍두기돌솥리조또도 일품입니다. 다음 방문때 새로운 요리에 도전해 보고 싶네요.,시그니처 메뉴 숯불대창돌솥파스타가 정말 맛있네요 대창을 아주 잘 요리했습니다 같이 주문한 숯불갈비깍두기돌솥리조또도 일품입니다 다음 방문때 새로운 요리에 도전해 보고 싶네요,0,0,0,0,0,0,0,99,주문
naver,황금콩밭,푸른하늘0812,158.0,2025.10.19,1번째 방문,예약,"예약은 정식을 먹어야 합니다 4만원코스인데 두부가 부드럽고 고소해서 맛있어요.전반적으로 간이 심심하고 자극적이지 않은 순수한 맛입니다.멍게젓서비스지만 없으면 서운할 조합입니다.싱거우니까 새우젓, 멍개젓으로 젓가락이 저절로 갑니다. 만족스럽지만 빈약하다는 느낌이 있어요.특히 생선은 이렇게 작은 생선을 얼마만에 먹어보는지 병어라 이해한다지만 가시발라먹기 어려웠고 소쿠리두부 먹을 배는 안남았지만 뭔가 아쉽네요.",228,True,,,,"예약은 정식을 먹어야 합니다 4만원코스인데 두부가 부드럽고 고소해서 맛있어요.전반적으로 간이 심심하고 자극적이지 않은 순수한 맛입니다.멍게젓서비스지만 없으면 서운할 조합입니다.싱거우니까 새우젓, 멍개젓으로 젓가락이 저절로 갑니다. 만족스럽지만 빈약하다는 느낌이 있어요.특히 생선은 이렇게 작은 생선을 얼마만에 먹어보는지 병어라 이해한다지만 가시발라먹기 어려웠고 소쿠리두부 먹을 배는 안남았지만 뭔가 아쉽네요.",예약은 정식을 먹어야 합니다 4만원코스인데 두부가 부드럽고 고소해서 맛있어요 전반적으로 간이 심심하고 자극적이지 않은 순수한 맛입니다 멍게젓서비스지만 없으면 서운할 조합입니다 싱거우니까 새우젓 멍개젓으로 젓가락이 저절로 갑니다 만족스럽지만 빈약하다는 느낌이 있어요 특히 생선은 이렇게 작은 생선을 얼마만에 먹어보는지 병어라 이해한다지만 가시발라먹기 어려웠고 소쿠리두부 먹을 배는 안남았지만 뭔가 아쉽네요,0,0,0,0,0,0,1,228,"서비스, 예약"
kakao,홍대 조선시대,조예은,1.0,2026-01-28,,,분위기 너무 좋고 직원분들도 친절해요 된장술밥 맛있습니다!,32,True,5.0,5.0,브론즈 레벨,분위기 너무 좋고 직원분들도 친절해요 된장술밥 맛있습니다!,분위기 너무 좋고 직원분들도 친절해요 된장술밥 맛있습니다 EXCLAM,0,0,0,0,1,0,0,32,"친절, 직원"
naver,뼈탄집 성수역점,오하나0402,32.0,2025.11.09,1번째 방문,영수증,"오겹살이 정말 맛있었어요! 특히 매운 뼈구이는 진짜 최고였어요🔥 그리고 고기를 구워주신 베트남 여학생분도 너무 멋졌어요! 요즘 중국어를 배우고 있다던데, 정말 귀엽고 밝은 분이었어요. 화이팅이에요! 응원할게요! 🥰",119,True,,,,"오겹살이 정말 맛있었어요! 특히 매운 뼈구이는 진짜 최고였어요🔥 그리고 고기를 구워주신 베트남 여학생분도 너무 멋졌어요! 요즘 중국어를 배우고 있다던데, 정말 귀엽고 밝은 분이었어요. 화이팅이에요! 응원할게요! 🥰",오겹살이 정말 맛있었어요 EXCLAM 특히 매운 뼈구이는 진짜 최고였어요 EMO_POS 그리고 고기를 구워주신 베트남 여학생분도 너무 멋졌어요 EXCLAM 요즘 중국어를 배우고 있다던데 정말 귀엽고 밝은 분이었어요 화이팅이에요 EXCLAM 응원할게요 EXCLAM EMO_POS,1,0,0,0,1,0,0,119,구워주
naver,능동미나리 성수지점,summerc,347.0,2025.12.01,1번째 방문,영수증,"워낙 유명한 웨이팅 맛집. 늘 줄이 길어 시도할 생각도 안했는데, 평일 이른 점심에 방문하니 바로 들어갈 수 있었어요. 날이 추운 탓에 유난히 국물이 맛있었어요. 확실히 맛집은 맛집. 시원하고 깊은 국물맛에 반했습니다. 밑반찬 김치와 오징어 젓갈, 그리고 추가 주문한 육전까지 만족스러웠어요👍🏼👍🏼👍🏼",168,True,,,,"워낙 유명한 웨이팅 맛집. 늘 줄이 길어 시도할 생각도 안했는데, 평일 이른 점심에 방문하니 바로 들어갈 수 있었어요. 날이 추운 탓에 유난히 국물이 맛있었어요. 확실히 맛집은 맛집. 시원하고 깊은 국물맛에 반했습니다. 밑반찬 김치와 오징어 젓갈, 그리고 추가 주문한 육전까지 만족스러웠어요👍🏼👍🏼👍🏼",워낙 유명한 웨이팅 맛집 늘 줄이 길어 시도할 생각도 안했는데 평일 이른 점심에 방문하니 바로 들어갈 수 있었어요 날이 추운 탓에 유난히 국물이 맛있었어요 확실히 맛집은 맛집 시원하고 깊은 국물맛에 반했습니다 밑반찬 김치와 오징어 젓갈 그리고 추가 주문한 육전까지 만족스러웠어요 EMO_POS EMO_POS EMO_POS,1,0,0,0,0,0,0,168,"주문, 웨이팅"
naver,이태리국시 성수,myj****,22.0,2026.04.02,1번째 방문,예약,회사 동기들이랑 퇴근하고 왔는데 회사에서 받은 스트레스 날아가는 힐링되는 맛이에요.. 🥹 분위기도 너모 좋고 인테리어도 예쁘고 직원분들도 친절해서 기분 좋아지는 곳.. ❣️ 한식적인 파스타라고 해서 궁금했는데 진짜 색다르게 맛있어서 엄마랑 또 오고 싶어요 🫶🫶,145,True,,,,회사 동기들이랑 퇴근하고 왔는데 회사에서 받은 스트레스 날아가는 힐링되는 맛이에요.. 🥹 분위기도 너모 좋고 인테리어도 예쁘고 직원분들도 친절해서 기분 좋아지는 곳.. ❣️ 한식적인 파스타라고 해서 궁금했는데 진짜 색다르게 맛있어서 엄마랑 또 오고 싶어요 🫶🫶,회사 동기들이랑 퇴근하고 왔는데 회사에서 받은 스트레스 날아가는 힐링되는 맛이에요 분위기도 너모 좋고 인테리어도 예쁘고 직원분들도 친절해서 기분 좋아지는 곳 EMO_POS 한식적인 파스타라고 해서 궁금했는데 진짜 색다르게 맛있어서 엄마랑 또 오고 싶어요,1,0,0,0,0,0,0,145,"친절, 직원"
naver,소문난성수감자탕,싹쓸이요,1553.0,2026.01.17,1번째 방문,영수증,요즘 핫한~성수동 안에 위치해있고 예전에 티비에 나온곳이라서 그런지 24시간 손님 많아요.. 성수동 놀러가서 맛집!이라고해서 방문 했습니다. 주말 점심시간..웨이팅 있네요 맛집은 이유가 있겠지만.. 감자탕.뼈다귀탕 많이 먹어본 제 입맛에는ᆢ 전체적인 맛이 좀..슴슴...했어요😅 볶음밥은 공기밥에 깻잎조금.김가루 4000원 이더라구요 2개면 8000원인데ᆢ 서울물가 체험하고 갑니다😅,214,True,,,,요즘 핫한~성수동 안에 위치해있고 예전에 티비에 나온곳이라서 그런지 24시간 손님 많아요.. 성수동 놀러가서 맛집!이라고해서 방문 했습니다. 주말 점심시간..웨이팅 있네요 맛집은 이유가 있겠지만.. 감자탕.뼈다귀탕 많이 먹어본 제 입맛에는ᆢ 전체적인 맛이 좀..슴슴...했어요😅 볶음밥은 공기밥에 깻잎조금.김가루 4000원 이더라구요 2개면 8000원인데ᆢ 서울물가 체험하고 갑니다😅,요즘 핫한 성수동 안에 위치해있고 예전에 티비에 나온곳이라서 그런지 24시간 손님 많아요 성수동 놀러가서 맛집 EXCLAM 이라고해서 방문 했습니다 주말 점심시간 웨이팅 있네요 맛집은 이유가 있겠지만 감자탕 뼈다귀탕 많이 먹어본 제 입맛에는 전체적인 맛이 좀 슴슴 했어요 볶음밥은 공기밥에 깻잎조금 김가루 4000원 이더라구요 2개면 8000원인데 서울물가 체험하고 갑니다,0,0,0,0,1,0,1,214,웨이팅
naver,훼미리손칼국수보쌈,딸기주스,1409.0,2025.05.01,1번째 방문,영수증,"나혼산 보는데 요근래 서울여행 다녀오면서 본 보쌈정식이랑 유사한걸 보고는 ""어!나 다녀온 곳과 유사하네"" 했는데 딱 거기ㅎ 보쌈정식 구성좋아요. 칼국수는 국물은 좋은데 면이 좀.. 안은 넓진않지만 회전률 좋아서 웨이팅은 좀 되도 괜찮은듯요. 하지만 방송타서 이젠 그것도 가능할지 모르겠네요",161,True,,,,"나혼산 보는데 요근래 서울여행 다녀오면서 본 보쌈정식이랑 유사한걸 보고는 ""어!나 다녀온 곳과 유사하네"" 했는데 딱 거기ㅎ 보쌈정식 구성좋아요. 칼국수는 국물은 좋은데 면이 좀.. 안은 넓진않지만 회전률 좋아서 웨이팅은 좀 되도 괜찮은듯요. 하지만 방송타서 이젠 그것도 가능할지 모르겠네요",나혼산 보는데 요근래 서울여행 다녀오면서 본 보쌈정식이랑 유사한걸 보고는 어 EXCLAM 나 다녀온 곳과 유사하네 했는데 딱 거기 보쌈정식 구성좋아요 칼국수는 국물은 좋은데 면이 좀 안은 넓진않지만 회전률 좋아서 웨이팅은 좀 되도 괜찮은듯요 하지만 방송타서 이젠 그것도 가능할지 모르겠네요,0,0,0,0,1,0,0,161,웨이팅
kakao,장인닭갈비 홍대점,oh5,92.0,2026-02-01,,,홍대 식당 여기저기 다녀봤지만 이런곳은 처음이네요. 웨이팅은 없지만 주문후 음식이 나오기까지 너무 오래걸리고 가격에 비해 음식이 너무 적어요. 1인분을 2인분으로 잘못준줄 알았습니다. 직원분들 친절함이라고는 1도 찾아보기 힘든데 옆테이블쪽은 더 가관이였습니다. 사리 추가하는데 주방장님 스트레스 받으시니 추가하지말라 하시더라구요. 듣고 제 귀를 의심했습니다. 식당하기전에 직원교육부터 제대로 시켜야하지 않을까요? 알바들끼리 잡담 주고받을 시간있으면 손님케어나 더 하시면 좋겠는데요. 이글을 보시는 분들은 제발 댓글 알바들한테 낚이지않으셨면 좋겠습니다. 5점짜리 리뷰는 넘치는데 왜 평균별점이 3점대일까요? 저같은 기분을 느낀사람이 한둘이 아니라는거겠죠.,365,False,1.0,3.5,실버 레벨,홍대 식당 여기저기 다녀봤지만 이런곳은 처음이네요. 웨이팅은 없지만 주문후 음식이 나오기까지 너무 오래걸리고 가격에 비해 음식이 너무 적어요. 1인분을 2인분으로 잘못준줄 알았습니다. 직원분들 친절함이라고는 1도 찾아보기 힘든데 옆테이블쪽은 더 가관이였습니다. 사리 추가하는데 주방장님 스트레스 받으시니 추가하지말라 하시더라구요. 듣고 제 귀를 의심했습니다. 식당하기전에 직원교육부터 제대로 시켜야하지 않을까요? 알바들끼리 잡담 주고받을 시간있으면 손님케어나 더 하시면 좋겠는데요. 이글을 보시는 분들은 제발 댓글 알바들한테 낚이지않으셨면 좋겠습니다. 5점짜리 리뷰는 넘치는데 왜 평균별점이 3점대일까요? 저같은 기분을 느낀사람이 한둘이 아니라는거겠죠.,홍대 식당 여기저기 다녀봤지만 이런곳은 처음이네요 웨이팅은 없지만 주문후 음식이 나오기까지 너무 오래걸리고 가격에 비해 음식이 너무 적어요 1인분을 2인분으로 잘못준줄 알았습니다 직원분들 친절함이라고는 1도 찾아보기 힘든데 옆테이블쪽은 더 가관이였습니다 사리 추가하는데 주방장님 스트레스 받으시니 추가하지말라 하시더라구요 듣고 제 귀를 의심했습니다 식당하기전에 직원교육부터 제대로 시켜야하지 않을까요 QUESTION 알바들끼리 잡담 주고받을 시간있으면 손님케어나 더 하시면 좋겠는데요 이글을 보시는 분들은 제발 댓글 알바들한테 낚이지않으셨면 좋겠습니다 5점짜리 리뷰는 넘치는데 왜 평균별점이 3점대일까요 QUESTION 저같은 기분을 느낀사람이 한둘이 아니라는거겠죠,0,0,0,0,0,1,1,365,"친절, 직원, 알바, 주문, 웨이팅"
naver,소문난성수감자탕,리노이나,92.0,2026.04.28,1번째 방문,영수증,오랜만에 한국 온 친구가 먹고 싶다던 한식. 10시 30분에 성수역에 만나서 갔더니 웨이팅 없이 바로 입장했어요. 평일 11시전에는 웨이팅 없는 듯. 일본인 초딩도 맛있다고 함,98,False,,,,오랜만에 한국 온 친구가 먹고 싶다던 한식. 10시 30분에 성수역에 만나서 갔더니 웨이팅 없이 바로 입장했어요. 평일 11시전에는 웨이팅 없는 듯. 일본인 초딩도 맛있다고 함,오랜만에 한국 온 친구가 먹고 싶다던 한식 10시 30분에 성수역에 만나서 갔더니 웨이팅 없이 바로 입장했어요 평일 11시전에는 웨이팅 없는 듯 일본인 초딩도 맛있다고 함,0,0,0,0,0,0,1,98,웨이팅
naver,장인닭갈비 홍대점,bae****,33.0,2026.04.08,1번째 방문,영수증,직원분이 친절하시고 음식 양도 많고 맛있습니다 !!👍👍,30,True,,,,직원분이 친절하시고 음식 양도 많고 맛있습니다 !!👍👍,직원분이 친절하시고 음식 양도 많고 맛있습니다 EXCLAM EMO_POS EMO_POS,1,0,0,0,1,0,0,30,"친절, 직원"
naver,홍대 육지,Egyption97,37.0,2026.02.27,1번째 방문,영수증,청첩장 모임으로 왔는데 고기 직접 잘구워주시고 친절했습니다. 심지어 고기도 부드럽고 맛있네요!! 질 좋습니다. 같이만난 지인들도 따로 올정도로 기억에 남을 고깃집 입니다!👍👍👍,98,True,,,,청첩장 모임으로 왔는데 고기 직접 잘구워주시고 친절했습니다. 심지어 고기도 부드럽고 맛있네요!! 질 좋습니다. 같이만난 지인들도 따로 올정도로 기억에 남을 고깃집 입니다!👍👍👍,청첩장 모임으로 왔는데 고기 직접 잘구워주시고 친절했습니다 심지어 고기도 부드럽고 맛있네요 EXCLAM 질 좋습니다 같이만난 지인들도 따로 올정도로 기억에 남을 고깃집 입니다 EXCLAM EMO_POS EMO_POS EMO_POS,1,0,0,0,1,0,0,98,"친절, 구워주"
kakao,육지,채수혁,1.0,2025-07-22,,,고기 맛있고 서비스 좋습니다 다시 올게요~!,24,True,5.0,5.0,브론즈 레벨,고기 맛있고 서비스 좋습니다 다시 올게요~!,고기 맛있고 서비스 좋습니다 다시 올게요 EXCLAM,0,0,0,0,1,0,0,24,서비스
naver,뼈탄집 성수역점,kjo****,191.0,2026.04.15,1번째 방문,영수증,"서비스, 맛, 분위기 다 만족스러웠어요 😊고기 생각날 때 다시 올 것 같은 찐 맛집이에요 ㅎㅎ 너무 잘먹고갑니다♥️",64,True,,,,"서비스, 맛, 분위기 다 만족스러웠어요 😊고기 생각날 때 다시 올 것 같은 찐 맛집이에요 ㅎㅎ 너무 잘먹고갑니다♥️",서비스 맛 분위기 다 만족스러웠어요 EMO_POS 고기 생각날 때 다시 올 것 같은 찐 맛집이에요 너무 잘먹고갑니다 EMO_POS,1,0,0,0,0,0,0,64,서비스
kakao,능동미나리 성수점,지니,6.0,2025-10-15,,,"미나리곰탕, 육회비빔밥, 육전 먹었습니다~ 깔끔하고 친절해요! 맛있습니다~",41,False,5.0,3.7,브론즈 레벨,"미나리곰탕, 육회비빔밥, 육전 먹었습니다~ 깔끔하고 친절해요! 맛있습니다~",미나리곰탕 육회비빔밥 육전 먹었습니다 깔끔하고 친절해요 EXCLAM 맛있습니다,0,0,0,0,1,0,0,41,친절
naver,뼈탄집 성수역점,kkm82,1790.0,2026.03.27,1번째 방문,영수증,직접 고기 구워주시고 친절해요 기본반찬도 깔끔하고 맛있어요,32,True,,,,직접 고기 구워주시고 친절해요 기본반찬도 깔끔하고 맛있어요,직접 고기 구워주시고 친절해요 기본반찬도 깔끔하고 맛있어요,0,0,0,0,0,0,0,32,"친절, 구워주"
kakao,뼈탄집 성수역점,H,3.0,2026-02-18,,,뼈탄집이 웨이팅 있는 블루리본 맛집인데 인기 있는 이유가 있네요 삼겹살 직원분이 다 구워주시는데 숙성이라 육즙 가득하니 진짜 맛있어요 뼈구이도 매콤달달하니 솥밥 주문해서 먹으면ㅠㅠ 재방문 필수에요,109,True,5.0,5.0,브론즈 레벨,뼈탄집이 웨이팅 있는 블루리본 맛집인데 인기 있는 이유가 있네요 삼겹살 직원분이 다 구워주시는데 숙성이라 육즙 가득하니 진짜 맛있어요 뼈구이도 매콤달달하니 솥밥 주문해서 먹으면ㅠㅠ 재방문 필수에요,뼈탄집이 웨이팅 있는 블루리본 맛집인데 인기 있는 이유가 있네요 삼겹살 직원분이 다 구워주시는데 숙성이라 육즙 가득하니 진짜 맛있어요 뼈구이도 매콤달달하니 솥밥 주문해서 먹으면 재방문 필수에요,0,0,0,1,0,0,0,109,"직원, 주문, 구워주, 웨이팅"
naver,뼈탄집 성수역점,서하영87,66.0,2026.03.08,1번째 방문,영수증,고기가 맛있고 반찬이 정갈해요! 다음에 또 올 것 같아요.직원분들도 친절하시고 고기구워주셔서 좋아요,55,True,,,,고기가 맛있고 반찬이 정갈해요! 다음에 또 올 것 같아요.직원분들도 친절하시고 고기구워주셔서 좋아요,고기가 맛있고 반찬이 정갈해요 EXCLAM 다음에 또 올 것 같아요 직원분들도 친절하시고 고기구워주셔서 좋아요,0,0,0,0,1,0,0,55,"친절, 직원, 구워주"
kakao,육지,재원,1.0,2025-08-03,,,맛좋고 친절하고 좋았어요 ㅎ,15,True,5.0,5.0,브론즈 레벨,맛좋고 친절하고 좋았어요 ㅎ,맛좋고 친절하고 좋았어요,0,0,0,0,0,0,0,15,친절
kakao,능동미나리 성수점,고영이,17.0,2026-02-23,,,어느 지점이든 웨이팅 극악이지만.. 또 한번쯤은 먹어볼만한 곳 같아요. 미나리 곰탕은 평범했고 의외로 육회비빔밥이랑 육전 정말 맛있게 먹었어요. 웨이팅만 아니면 종종 생각날 것 같은 집이에요!,107,False,3.0,4.2,실버 레벨,어느 지점이든 웨이팅 극악이지만.. 또 한번쯤은 먹어볼만한 곳 같아요. 미나리 곰탕은 평범했고 의외로 육회비빔밥이랑 육전 정말 맛있게 먹었어요. 웨이팅만 아니면 종종 생각날 것 같은 집이에요!,어느 지점이든 웨이팅 극악이지만 또 한번쯤은 먹어볼만한 곳 같아요 미나리 곰탕은 평범했고 의외로 육회비빔밥이랑 육전 정말 맛있게 먹었어요 웨이팅만 아니면 종종 생각날 것 같은 집이에요 EXCLAM,0,0,0,0,1,0,0,107,웨이팅
naver,원조 조박집 본관,점박이스누피,1577.0,2026.02.27,1번째 방문,영수증,돼지갈비가 달지않아서 물리지않고 맛있어요. 맛보기 동치미국수도 개운하고 된장찌개가 너무 맛있어요. 밑반찬으로 나오는 김치도 고기랑 잘 어울려요. 저녁에 가면 대기가 많긴하지만 자리가 금방 빠져서 오래 기다리지않았어요. 손님이 많지만 직원분들이 불판도 자주 갈아주시고 친절하세요. 후식 식혜도 시판용이 아니라서 많이 달지않아서 맛있어요.,187,False,,,,돼지갈비가 달지않아서 물리지않고 맛있어요. 맛보기 동치미국수도 개운하고 된장찌개가 너무 맛있어요. 밑반찬으로 나오는 김치도 고기랑 잘 어울려요. 저녁에 가면 대기가 많긴하지만 자리가 금방 빠져서 오래 기다리지않았어요. 손님이 많지만 직원분들이 불판도 자주 갈아주시고 친절하세요. 후식 식혜도 시판용이 아니라서 많이 달지않아서 맛있어요.,돼지갈비가 달지않아서 물리지않고 맛있어요 맛보기 동치미국수도 개운하고 된장찌개가 너무 맛있어요 밑반찬으로 나오는 김치도 고기랑 잘 어울려요 저녁에 가면 대기가 많긴하지만 자리가 금방 빠져서 오래 기다리지않았어요 손님이 많지만 직원분들이 불판도 자주 갈아주시고 친절하세요 후식 식혜도 시판용이 아니라서 많이 달지않아서 맛있어요,0,0,0,0,0,0,0,187,"친절, 직원, 대기"
kakao,성수족발,김대훈,20.0,2025-06-06,,,웨이팅 수기로 써놓고 호명후 들어가는 방식인데 시간 지났어도 들여보내줍니다. 그럼 자리에 계속 앉아서 기다린사람은 뭐가되나요? 장사속에 손님시간은 안중에도 없네요 시간아까우신분들은 다른데 가세요,108,False,1.0,2.0,실버 레벨,웨이팅 수기로 써놓고 호명후 들어가는 방식인데 시간 지났어도 들여보내줍니다. 그럼 자리에 계속 앉아서 기다린사람은 뭐가되나요? 장사속에 손님시간은 안중에도 없네요 시간아까우신분들은 다른데 가세요,웨이팅 수기로 써놓고 호명후 들어가는 방식인데 시간 지났어도 들여보내줍니다 그럼 자리에 계속 앉아서 기다린사람은 뭐가되나요 QUESTION 장사속에 손님시간은 안중에도 없네요 시간아까우신분들은 다른데 가세요,0,0,0,0,0,1,0,108,웨이팅
naver,옥동식,강과장90,131.0,2025.11.12,1번째 방문,예약,약간 추운날 뜨뜻한 국물이 먹고 싶어서 인터넷에서 찾아서 갔다왔습니다. 일 끝나고 갔는데 30분 조금 넘게 대기했어요 첫 느낌은 조용하고 매장이 작습니다 음식은 깔끔하고 담백해요 김치가 정말 맛있습니다. 음식은 맛있는데 회전율이 빠른편은 아니예요,137,True,,,,약간 추운날 뜨뜻한 국물이 먹고 싶어서 인터넷에서 찾아서 갔다왔습니다. 일 끝나고 갔는데 30분 조금 넘게 대기했어요 첫 느낌은 조용하고 매장이 작습니다 음식은 깔끔하고 담백해요 김치가 정말 맛있습니다. 음식은 맛있는데 회전율이 빠른편은 아니예요,약간 추운날 뜨뜻한 국물이 먹고 싶어서 인터넷에서 찾아서 갔다왔습니다 일 끝나고 갔는데 30분 조금 넘게 대기했어요 첫 느낌은 조용하고 매장이 작습니다 음식은 깔끔하고 담백해요 김치가 정말 맛있습니다 음식은 맛있는데 회전율이 빠른편은 아니예요,0,0,0,0,0,0,1,137,대기
naver,태양곱창 성수점,hay****,48.0,2025.12.20,1번째 방문,영수증,"연말약속으로 따뜻한 국물메뉴로 원했는데 딱 지나가다가태 양 곱창 있어서 바로 들어갔습니당!! 다른 지점에서 먹어 봤는데, 성수점도 역시 맛있어요~!! 직원분들도 너무 친절하시고 다음에 또 올게요!!",110,True,,,,"연말약속으로 따뜻한 국물메뉴로 원했는데 딱 지나가다가태 양 곱창 있어서 바로 들어갔습니당!! 다른 지점에서 먹어 봤는데, 성수점도 역시 맛있어요~!! 직원분들도 너무 친절하시고 다음에 또 올게요!!",연말약속으로 따뜻한 국물메뉴로 원했는데 딱 지나가다가태 양 곱창 있어서 바로 들어갔습니당 EXCLAM 다른 지점에서 먹어 봤는데 성수점도 역시 맛있어요 EXCLAM 직원분들도 너무 친절하시고 다음에 또 올게요 EXCLAM,0,0,0,0,1,0,0,110,"친절, 직원"
naver,금금 성수점,갓균,37.0,2026.04.20,1번째 방문,영수증,안내도 빠르게해주시고 음식도 생각이상으로 빠르게 나옵니다! 한국식마제소바도 신기하고 쌈밥도 정망 맛있어요👍🏻👍🏻👍🏻,64,True,,,,안내도 빠르게해주시고 음식도 생각이상으로 빠르게 나옵니다! 한국식마제소바도 신기하고 쌈밥도 정망 맛있어요👍🏻👍🏻👍🏻,안내도 빠르게해주시고 음식도 생각이상으로 빠르게 나옵니다 EXCLAM 한국식마제소바도 신기하고 쌈밥도 정망 맛있어요 EMO_POS EMO_POS EMO_POS,1,0,0,0,1,0,0,64,안내
naver,장인닭갈비 홍대점,아아1345,87.0,2026.04.02,1번째 방문,영수증,직원분들도 친절하시고 닭갈비도 짜지않고 양도 많고 맛있습니다👍🏻,35,True,,,,직원분들도 친절하시고 닭갈비도 짜지않고 양도 많고 맛있습니다👍🏻,직원분들도 친절하시고 닭갈비도 짜지않고 양도 많고 맛있습니다 EMO_POS,1,0,0,0,0,0,0,35,"친절, 직원"
kakao,홍대 조선시대,박지영,1.0,2026-02-02,,,분위기 좋고 매장도 넓고 쾌적해요!! 직원분들 친절하시고 육회도 넘넘 맛있어요~~,45,True,5.0,5.0,브론즈 레벨,분위기 좋고 매장도 넓고 쾌적해요!! 직원분들 친절하시고 육회도 넘넘 맛있어요~~,분위기 좋고 매장도 넓고 쾌적해요 EXCLAM 직원분들 친절하시고 육회도 넘넘 맛있어요 TILDE,0,0,0,0,1,0,0,45,"친절, 직원"
kakao,옥동식 서교점,나달,29.0,2025-02-09,,,솔직히 맛도 잘 모르겠고 대기체계가 엉망이네요 좌석이 10개밖에 없는데 운용이 제대로 되지 않습니다. 시간이 많으시거나 한두명인 분들만 가세요.,80,True,1.0,3.0,실버 레벨,솔직히 맛도 잘 모르겠고 대기체계가 엉망이네요 좌석이 10개밖에 없는데 운용이 제대로 되지 않습니다. 시간이 많으시거나 한두명인 분들만 가세요.,솔직히 맛도 잘 모르겠고 대기체계가 엉망이네요 좌석이 10개밖에 없는데 운용이 제대로 되지 않습니다 시간이 많으시거나 한두명인 분들만 가세요,0,0,0,0,0,0,1,80,대기
naver,을밀대 평양냉면,ssaewon,167.0,2025.05.02,1번째 방문,예약,"금요일 17:40 자리 적당히 남아있었어요. 냉면은 얼음 없는 거냉이 맛있다는 리뷰가 많아 거냉으로 주문했는데 정말 탁월한 선택이었어요. 얼음 없지만 충분히 시원하고 차가워요. 국물 맛은 적당히 짭조름하고 감칠맛 강하게 있어 심심하지 않아요. 살짝 무겁게 담백해요. 우래x에 비해 간, 감칠맛이 더 세게 느껴져요. 고명으로 양지고기 2점 있고, 면도 맛있어요. 온육수는 맑은 곰탕 맛이에요. 처음에는 조금 심심한 것 같다가 끝 맛이 짭조름해서 좋았어요. 여러 평양냉면 먹어보고 있는데, 감칠맛 밸런스가 가장 좋은 냉면집이에요.",294,True,,,,"금요일 17:40 자리 적당히 남아있었어요. 냉면은 얼음 없는 거냉이 맛있다는 리뷰가 많아 거냉으로 주문했는데 정말 탁월한 선택이었어요. 얼음 없지만 충분히 시원하고 차가워요. 국물 맛은 적당히 짭조름하고 감칠맛 강하게 있어 심심하지 않아요. 살짝 무겁게 담백해요. 우래x에 비해 간, 감칠맛이 더 세게 느껴져요. 고명으로 양지고기 2점 있고, 면도 맛있어요. 온육수는 맑은 곰탕 맛이에요. 처음에는 조금 심심한 것 같다가 끝 맛이 짭조름해서 좋았어요. 여러 평양냉면 먹어보고 있는데, 감칠맛 밸런스가 가장 좋은 냉면집이에요.",금요일 17 40 자리 적당히 남아있었어요 냉면은 얼음 없는 거냉이 맛있다는 리뷰가 많아 거냉으로 주문했는데 정말 탁월한 선택이었어요 얼음 없지만 충분히 시원하고 차가워요 국물 맛은 적당히 짭조름하고 감칠맛 강하게 있어 심심하지 않아요 살짝 무겁게 담백해요 우래x에 비해 간 감칠맛이 더 세게 느껴져요 고명으로 양지고기 2점 있고 면도 맛있어요 온육수는 맑은 곰탕 맛이에요 처음에는 조금 심심한 것 같다가 끝 맛이 짭조름해서 좋았어요 여러 평양냉면 먹어보고 있는데 감칠맛 밸런스가 가장 좋은 냉면집이에요,0,0,0,0,0,0,1,294,주문
naver,능동미나리 성수지점,먹죽귀,3560.0,2025.12.01,1번째 방문,영수증,성동구 성수역 근처에 위치한 능동미나리 성수점 다녀왔어요 예전에 용산에서 먹으려다 실패한 후 육회 비빔밥이 유명한 곳이라 기대하며 방문했습니다 주문한 메뉴는 능동육회비빔밥과 신메뉴인 능동육전 한 접시 음식은 빠르게 서빙되어 비주얼부터 푸짐했어요 능동육회비빔밥은 신선한 육회가 넉넉히 올라가 있어 잡내 없이 달큼하고 고소한 풍미가 살아 있었고 미나리 향이 은은하게 더해져 전체적인 조화가 좋았습니다 밥과 비벼 먹으면 육회의 촉촉함과 야채의 아삭함이 잘 어우러져 먹는 내내 질리지 않고 편안하게 즐길 수 있었어요 신메뉴인 능동육전은 한 입 크기로 잘라져 나와 먹기 편했고 고기의 부드러움과 달걀옷의 고소함이 겉은 바삭하면서 속은 촉촉하게 잘 살았습니다 웨이팅만 길지 않으면 다시 방문하고 싶은 곳이었습니다,392,True,,,,성동구 성수역 근처에 위치한 능동미나리 성수점 다녀왔어요 예전에 용산에서 먹으려다 실패한 후 육회 비빔밥이 유명한 곳이라 기대하며 방문했습니다 주문한 메뉴는 능동육회비빔밥과 신메뉴인 능동육전 한 접시 음식은 빠르게 서빙되어 비주얼부터 푸짐했어요 능동육회비빔밥은 신선한 육회가 넉넉히 올라가 있어 잡내 없이 달큼하고 고소한 풍미가 살아 있었고 미나리 향이 은은하게 더해져 전체적인 조화가 좋았습니다 밥과 비벼 먹으면 육회의 촉촉함과 야채의 아삭함이 잘 어우러져 먹는 내내 질리지 않고 편안하게 즐길 수 있었어요 신메뉴인 능동육전은 한 입 크기로 잘라져 나와 먹기 편했고 고기의 부드러움과 달걀옷의 고소함이 겉은 바삭하면서 속은 촉촉하게 잘 살았습니다 웨이팅만 길지 않으면 다시 방문하고 싶은 곳이었습니다,성동구 성수역 근처에 위치한 능동미나리 성수점 다녀왔어요 예전에 용산에서 먹으려다 실패한 후 육회 비빔밥이 유명한 곳이라 기대하며 방문했습니다 주문한 메뉴는 능동육회비빔밥과 신메뉴인 능동육전 한 접시 음식은 빠르게 서빙되어 비주얼부터 푸짐했어요 능동육회비빔밥은 신선한 육회가 넉넉히 올라가 있어 잡내 없이 달큼하고 고소한 풍미가 살아 있었고 미나리 향이 은은하게 더해져 전체적인 조화가 좋았습니다 밥과 비벼 먹으면 육회의 촉촉함과 야채의 아삭함이 잘 어우러져 먹는 내내 질리지 않고 편안하게 즐길 수 있었어요 신메뉴인 능동육전은 한 입 크기로 잘라져 나와 먹기 편했고 고기의 부드러움과 달걀옷의 고소함이 겉은 바삭하면서 속은 촉촉하게 잘 살았습니다 웨이팅만 길지 않으면 다시 방문하고 싶은 곳이었습니다,0,0,0,0,0,0,0,392,"주문, 서빙, 웨이팅"
kakao,할머니의레시피,코코솜,6.0,2025-11-02,,,"쌈밥정식 먹었습니다! 웨이팅이 좀 있긴 했지만 금방 빠져서 괜찮았어요. 직원분들 친절하시고, 음식도 양 많고 든든하니 기분 좋게 먹고 나왔습니다! 또 방문하고 싶어요!",93,False,5.0,5.0,브론즈 레벨,"쌈밥정식 먹었습니다! 웨이팅이 좀 있긴 했지만 금방 빠져서 괜찮았어요. 직원분들 친절하시고, 음식도 양 많고 든든하니 기분 좋게 먹고 나왔습니다! 또 방문하고 싶어요!",쌈밥정식 먹었습니다 EXCLAM 웨이팅이 좀 있긴 했지만 금방 빠져서 괜찮았어요 직원분들 친절하시고 음식도 양 많고 든든하니 기분 좋게 먹고 나왔습니다 EXCLAM 또 방문하고 싶어요 EXCLAM,0,0,0,0,1,0,0,93,"친절, 직원, 웨이팅"
naver,능동미나리 성수지점,cjd****,480.0,2025.11.30,1번째 방문,영수증,"음식들이 전부다 맛있었고, 특히 육회비빔밥이 조화롭고 육회가 정말 신선했어요👍🏻 직원분들도 친절하고 빠르게 서빙해주셔서 잘먹었습니다^^",75,True,,,,"음식들이 전부다 맛있었고, 특히 육회비빔밥이 조화롭고 육회가 정말 신선했어요👍🏻 직원분들도 친절하고 빠르게 서빙해주셔서 잘먹었습니다^^",음식들이 전부다 맛있었고 특히 육회비빔밥이 조화롭고 육회가 정말 신선했어요 EMO_POS 직원분들도 친절하고 빠르게 서빙해주셔서 잘먹었습니다,1,0,0,0,0,0,0,75,"친절, 직원, 서빙"
naver,옥동식,kkr****,886.0,2025.12.31,1번째 방문,영수증,웨이팅 실패해서 포장했어요 포장도 맛있어요 ㅎㅎ,26,False,,,,웨이팅 실패해서 포장했어요 포장도 맛있어요 ㅎㅎ,웨이팅 실패해서 포장했어요 포장도 맛있어요,0,0,0,0,0,0,0,26,웨이팅
naver,홍대 육지,y00****,12.0,2026.04.16,1번째 방문,영수증,맛있음 간 좋고 친절하시고 쾌적하네요 양도 적당합니다 또 오겠습니다,37,True,,,,맛있음 간 좋고 친절하시고 쾌적하네요 양도 적당합니다 또 오겠습니다,맛있음 간 좋고 친절하시고 쾌적하네요 양도 적당합니다 또 오겠습니다,0,0,0,0,0,0,0,37,친절
naver,이태리국시 성수,김밥사랑이야요,20.0,2026.04.01,1번째 방문,영수증,친구들이랑 오랜만에 함께 만난 오늘 즐거운 시간을 보내기위해 찾은 이태리국시를 방문했습니다. 식사하면서 친절한 직원들과 맛있는 음식으로 눈과입이 즐거운 시간을 가졌습니다. 다음에 또 성수에 오면 반드시 재방문할거예요.😁,122,True,,,,친구들이랑 오랜만에 함께 만난 오늘 즐거운 시간을 보내기위해 찾은 이태리국시를 방문했습니다. 식사하면서 친절한 직원들과 맛있는 음식으로 눈과입이 즐거운 시간을 가졌습니다. 다음에 또 성수에 오면 반드시 재방문할거예요.😁,친구들이랑 오랜만에 함께 만난 오늘 즐거운 시간을 보내기위해 찾은 이태리국시를 방문했습니다 식사하면서 친절한 직원들과 맛있는 음식으로 눈과입이 즐거운 시간을 가졌습니다 다음에 또 성수에 오면 반드시 재방문할거예요 EMO_POS,1,0,0,0,0,0,0,122,"친절, 직원"
kakao,이태리국시 성수,한샘리하우스 OK대리점 정선혜,1.0,2026-04-05,,,미리 예약했는데 센스있게 창가 자리로 잡아주셨습니다. 음식 또한 모두 맛있게 잘먹었습니다. 특히 파스타가 맛있었습니다.,66,True,5.0,5.0,브론즈 레벨,미리 예약했는데 센스있게 창가 자리로 잡아주셨습니다. 음식 또한 모두 맛있게 잘먹었습니다. 특히 파스타가 맛있었습니다.,미리 예약했는데 센스있게 창가 자리로 잡아주셨습니다 음식 또한 모두 맛있게 잘먹었습니다 특히 파스타가 맛있었습니다,0,0,0,0,0,0,0,66,예약
kakao,옥동식 서교점,aki,86.0,2025-12-22,,,맑은 국물에 감동 받고 다시 갔는데 흑백 방송전부터 인기있는데였지만 방송후부터 웨이팅 장난 아니네요ㅠ전엔 평일 4시반쯤 현장웨이팅 등록하러 가니까 처번째로 입장했는데 이제 4시에 48팀ㅠ오전도 원격 캐치테이블이 9시부터 그 정도.이젠 포장도 안된다고 해요. 나중에 다시 가는걸로...,158,False,5.0,4.4,골드 레벨,맑은 국물에 감동 받고 다시 갔는데 흑백 방송전부터 인기있는데였지만 방송후부터 웨이팅 장난 아니네요ㅠ전엔 평일 4시반쯤 현장웨이팅 등록하러 가니까 처번째로 입장했는데 이제 4시에 48팀ㅠ오전도 원격 캐치테이블이 9시부터 그 정도.이젠 포장도 안된다고 해요. 나중에 다시 가는걸로...,맑은 국물에 감동 받고 다시 갔는데 흑백 방송전부터 인기있는데였지만 방송후부터 웨이팅 장난 아니네요 전엔 평일 4시반쯤 현장웨이팅 등록하러 가니까 처번째로 입장했는데 이제 4시에 48팀 오전도 원격 캐치테이블이 9시부터 그 정도 이젠 포장도 안된다고 해요 나중에 다시 가는걸로,0,0,0,0,0,0,1,158,웨이팅
kakao,홍대 조선시대,심진용,1.0,2025-12-29,,,음식이 맛있고 직원이 친절해요~,17,True,5.0,5.0,브론즈 레벨,음식이 맛있고 직원이 친절해요~,음식이 맛있고 직원이 친절해요,0,0,0,0,0,0,0,17,"친절, 직원"
naver,금금 성수점,진힁,32.0,2026.02.21,1번째 방문,영수증,캐치테이블 웨이팅 하고 들어왔어요 매장이 큰 편은 아니지만 깔끔하고 옷 걸수있는 공간도 마련되어 있어요 음식양이 많지는 않아서 남자 혼자 먹기엔 좀 부족할수도 있어요 그래도 정말 맛있게 먹었습니다!!,111,True,,,,캐치테이블 웨이팅 하고 들어왔어요 매장이 큰 편은 아니지만 깔끔하고 옷 걸수있는 공간도 마련되어 있어요 음식양이 많지는 않아서 남자 혼자 먹기엔 좀 부족할수도 있어요 그래도 정말 맛있게 먹었습니다!!,캐치테이블 웨이팅 하고 들어왔어요 매장이 큰 편은 아니지만 깔끔하고 옷 걸수있는 공간도 마련되어 있어요 음식양이 많지는 않아서 남자 혼자 먹기엔 좀 부족할수도 있어요 그래도 정말 맛있게 먹었습니다 EXCLAM,0,0,0,0,1,0,0,111,웨이팅
kakao,쭌곱창,옥자,26.0,2025-06-24,,,직원이 친절하진 않고 맛은 배달음식맛정도,22,True,2.0,4.0,실버 레벨,직원이 친절하진 않고 맛은 배달음식맛정도,직원이 친절하진 않고 맛은 배달음식맛정도,0,0,0,0,0,0,0,22,"친절, 직원"
kakao,을밀대 본점,치치한 치치,6.0,2025-04-21,,,"일요일 오후에 웨이팅 30분 기다렸어요. 우래옥, 필동면옥, 남포면옥보다 더 심심해요. 냉면에 얼음이 있어 여름에 더 맛있을 것 같아요. 녹두전은 개인적으로 1.3 가격에는 못 미친다고 봅니다. 그냥 집에서 만든 것보다 조금 맛있는 정도… 8천원 정도면 딱 좋을텐데.. 물냉은 개인적으로 5번 이상 먹어봐야 맛이 느껴질 거 에요. 사실 저도 4번 째 먹고 나서 맛을 느껴서 ㅎ 그전까진 해장으로 먹은..",225,False,3.0,3.2,브론즈 레벨,"일요일 오후에 웨이팅 30분 기다렸어요. 우래옥, 필동면옥, 남포면옥보다 더 심심해요. 냉면에 얼음이 있어 여름에 더 맛있을 것 같아요. 녹두전은 개인적으로 1.3 가격에는 못 미친다고 봅니다. 그냥 집에서 만든 것보다 조금 맛있는 정도… 8천원 정도면 딱 좋을텐데.. 물냉은 개인적으로 5번 이상 먹어봐야 맛이 느껴질 거 에요. 사실 저도 4번 째 먹고 나서 맛을 느껴서 ㅎ 그전까진 해장으로 먹은..",일요일 오후에 웨이팅 30분 기다렸어요 우래옥 필동면옥 남포면옥보다 더 심심해요 냉면에 얼음이 있어 여름에 더 맛있을 것 같아요 녹두전은 개인적으로 1 3 가격에는 못 미친다고 봅니다 그냥 집에서 만든 것보다 조금 맛있는 정도 8천원 정도면 딱 좋을텐데 물냉은 개인적으로 5번 이상 먹어봐야 맛이 느껴질 거 에요 사실 저도 4번 째 먹고 나서 맛을 느껴서 그전까진 해장으로 먹은,0,0,0,0,0,0,1,225,웨이팅
kakao,을밀대 본점,바이커리,119.0,2025-06-18,,,"솔직히 이정도 금액으로 먹을 정도인가? 엄청난 대기줄을 기다려가면서 먹을정도인가? 나름의 의문이 많이 생겻다, 내돈이면 안사먹을 듯 한철장사라 엄청나게 높은 음식값을 정한건지도 의문이네 내돈으론 재방문X",113,True,2.0,2.2,골드 레벨,"솔직히 이정도 금액으로 먹을 정도인가? 엄청난 대기줄을 기다려가면서 먹을정도인가? 나름의 의문이 많이 생겻다, 내돈이면 안사먹을 듯 한철장사라 엄청나게 높은 음식값을 정한건지도 의문이네 내돈으론 재방문X",솔직히 이정도 금액으로 먹을 정도인가 QUESTION 엄청난 대기줄을 기다려가면서 먹을정도인가 QUESTION 나름의 의문이 많이 생겻다 내돈이면 안사먹을 듯 한철장사라 엄청나게 높은 음식값을 정한건지도 의문이네 내돈으론 재방문X,0,0,0,0,0,1,0,113,대기
naver,뼈탄집 성수역점,잔차등교,10.0,2025.12.25,1번째 방문,영수증,동네에서 지나다니기만 하다가 처음으로 뼈탄집에 와봤는데 고기가 맛있습니다 가격대비 양은 조금 적지만 시그니처 뼈탄삼겹살을 먹었는데 구워주시는 정도와 고기 퀄리티가 앚 좋았습니다 다음에 또 와서 다른 메뉴도 먹어보고 싶습니다,124,True,,,,동네에서 지나다니기만 하다가 처음으로 뼈탄집에 와봤는데 고기가 맛있습니다 가격대비 양은 조금 적지만 시그니처 뼈탄삼겹살을 먹었는데 구워주시는 정도와 고기 퀄리티가 앚 좋았습니다 다음에 또 와서 다른 메뉴도 먹어보고 싶습니다,동네에서 지나다니기만 하다가 처음으로 뼈탄집에 와봤는데 고기가 맛있습니다 가격대비 양은 조금 적지만 시그니처 뼈탄삼겹살을 먹었는데 구워주시는 정도와 고기 퀄리티가 앚 좋았습니다 다음에 또 와서 다른 메뉴도 먹어보고 싶습니다,0,0,0,0,0,0,0,124,구워주
naver,원조 조박집 본관,0702313,80.0,2025.11.01,1번째 방문,영수증,토요일 12:30 걱정했는데 다행히 웨이팅없이 바로 들어갔어요 직원분들 너무너무친절하시구 좋았습니다 !! 불판도 제때 갈아주시고 수시로 체크하시면서 빈 반찬을 채워주시는것 같아요 ! 다만 음식은 너무 기대를 하고간 탓인지..... 저와 엄마기준에는 양념갈비 고기 간이 쎄서 짜다고 느껴졌고 ㅠㅠ 갈비살은 두껍고 뼈가 전부 크게 붙어있어서 불편했어요 .... 굽기도 어렵고.... 막 크게 특색이 있거나 진짜 기억에 남을 양념갈비 맛집? 인지 잘모르겠어요....ㅜㅜ 재방문 의사는 없습니다 ..!,276,True,,,,토요일 12:30 걱정했는데 다행히 웨이팅없이 바로 들어갔어요 직원분들 너무너무친절하시구 좋았습니다 !! 불판도 제때 갈아주시고 수시로 체크하시면서 빈 반찬을 채워주시는것 같아요 ! 다만 음식은 너무 기대를 하고간 탓인지..... 저와 엄마기준에는 양념갈비 고기 간이 쎄서 짜다고 느껴졌고 ㅠㅠ 갈비살은 두껍고 뼈가 전부 크게 붙어있어서 불편했어요 .... 굽기도 어렵고.... 막 크게 특색이 있거나 진짜 기억에 남을 양념갈비 맛집? 인지 잘모르겠어요....ㅜㅜ 재방문 의사는 없습니다 ..!,토요일 12 30 걱정했는데 다행히 웨이팅없이 바로 들어갔어요 직원분들 너무너무친절하시구 좋았습니다 EXCLAM 불판도 제때 갈아주시고 수시로 체크하시면서 빈 반찬을 채워주시는것 같아요 EXCLAM 다만 음식은 너무 기대를 하고간 탓인지 저와 엄마기준에는 양념갈비 고기 간이 쎄서 짜다고 느껴졌고 갈비살은 두껍고 뼈가 전부 크게 붙어있어서 불편했어요 굽기도 어렵고 막 크게 특색이 있거나 진짜 기억에 남을 양념갈비 맛집 QUESTION 인지 잘모르겠어요 재방문 의사는 없습니다 EXCLAM,0,0,0,1,1,1,1,276,"친절, 직원, 웨이팅"
kakao,홍대 조선시대,덕윤,1.0,2025-12-24,,,6명이서 먹다 6명 다 죽었습니다.. 직원분들 친절하시고 분위기 좋고 매장 넓고 안주도 퀄리티 좋고 맛있어요 !,62,True,5.0,5.0,브론즈 레벨,6명이서 먹다 6명 다 죽었습니다.. 직원분들 친절하시고 분위기 좋고 매장 넓고 안주도 퀄리티 좋고 맛있어요 !,6명이서 먹다 6명 다 죽었습니다 직원분들 친절하시고 분위기 좋고 매장 넓고 안주도 퀄리티 좋고 맛있어요 EXCLAM,0,0,0,0,1,0,1,62,"친절, 직원"
kakao,을밀대 본점,Chaan,5.0,2025-06-14,,,사리 추가한적이 없는데 사리 추가 시킨 걸로 주문 받고 추가 요금,36,False,1.0,2.4,브론즈 레벨,사리 추가한적이 없는데 사리 추가 시킨 걸로 주문 받고 추가 요금,사리 추가한적이 없는데 사리 추가 시킨 걸로 주문 받고 추가 요금,0,0,0,0,0,0,0,36,주문
naver,옥동식,즐거운아빠,362.0,2025.07.21,1번째 방문,영수증,정말 한번 먹어봐야할 맛입니다! 대기도 많고~ 돼지곰탕은 맛집입니다!!!,40,True,,,,정말 한번 먹어봐야할 맛입니다! 대기도 많고~ 돼지곰탕은 맛집입니다!!!,정말 한번 먹어봐야할 맛입니다 EXCLAM 대기도 많고 돼지곰탕은 맛집입니다 EXCLAM,0,0,0,0,1,0,0,40,대기
naver,을밀대 평양냉면,김공유1988,32.0,2026.03.13,1번째 방문,예약,❤️♥️친구 덕분에 알게된 맛집! 언제와도 대기는 피힐수 없는 핫플😋,38,False,,,,❤️♥️친구 덕분에 알게된 맛집! 언제와도 대기는 피힐수 없는 핫플😋,EMO_POS EMO_POS 친구 덕분에 알게된 맛집 EXCLAM 언제와도 대기는 피힐수 없는 핫플 EMO_POS,1,0,0,0,1,0,0,38,대기
kakao,뼈탄집 성수역점,신용문,1.0,2026-01-19,,,고기(삼겹살 등)의 품질이 끝내줍니다. 고기에 잘어울리는 밑반찬 종류도 마음에 쏙 듭니다. 친절한 직원들은 오히려 덤! 아주 맛있게 잘먹었습니다.,81,True,5.0,5.0,브론즈 레벨,고기(삼겹살 등)의 품질이 끝내줍니다. 고기에 잘어울리는 밑반찬 종류도 마음에 쏙 듭니다. 친절한 직원들은 오히려 덤! 아주 맛있게 잘먹었습니다.,고기 삼겹살 등 의 품질이 끝내줍니다 고기에 잘어울리는 밑반찬 종류도 마음에 쏙 듭니다 친절한 직원들은 오히려 덤 EXCLAM 아주 맛있게 잘먹었습니다,0,0,0,0,1,0,0,81,"친절, 직원"
naver,각시보쌈,joo****,3.0,2025.12.21,1번째 방문,예약,보쌈 고기 연하고 홍어와 같이 먹으니 색다르고 맛은 있으나 막걸리잔 네 개에 한결같이 고춧가루 뭍어있고 양념장에도 고춧가루. 숟가락도 더럽고 바꿔달라고 한 잔도 매 만찬가지 일하시는 양반들 집에서 싸우고 나왔나 다들 불친절 조선족 아줌마가 제일 친절하더이다. 합정동 모임있어 갔으나 동네라면 굳이 웨이팅 해서 갈곳은 이닌듯,180,False,,,,보쌈 고기 연하고 홍어와 같이 먹으니 색다르고 맛은 있으나 막걸리잔 네 개에 한결같이 고춧가루 뭍어있고 양념장에도 고춧가루. 숟가락도 더럽고 바꿔달라고 한 잔도 매 만찬가지 일하시는 양반들 집에서 싸우고 나왔나 다들 불친절 조선족 아줌마가 제일 친절하더이다. 합정동 모임있어 갔으나 동네라면 굳이 웨이팅 해서 갈곳은 이닌듯,보쌈 고기 연하고 홍어와 같이 먹으니 색다르고 맛은 있으나 막걸리잔 네 개에 한결같이 고춧가루 뭍어있고 양념장에도 고춧가루 숟가락도 더럽고 바꿔달라고 한 잔도 매 만찬가지 일하시는 양반들 집에서 싸우고 나왔나 다들 불친절 조선족 아줌마가 제일 친절하더이다 합정동 모임있어 갔으나 동네라면 굳이 웨이팅 해서 갈곳은 이닌듯,0,0,0,0,0,0,0,180,"친절, 불친절, 웨이팅"
kakao,육지,꼬꾸라진 춘시기,2.0,2025-07-04,,,고기도 전부 직접 구워주시고 밥이랑 계란찜까지 너무 맛있었어요!!! 분위기도 좋습니다 :),50,True,5.0,5.0,브론즈 레벨,고기도 전부 직접 구워주시고 밥이랑 계란찜까지 너무 맛있었어요!!! 분위기도 좋습니다 :),고기도 전부 직접 구워주시고 밥이랑 계란찜까지 너무 맛있었어요 EXCLAM 분위기도 좋습니다,0,0,0,0,1,0,0,50,구워주
kakao,락희옥 마포본점,후,6.0,2026-04-16,,,콜키지 프리라서 왓는데 직원분 퍼포먼스 너무 좋아요 ㅋㅋㅋ그리구 음식두 맛있어용 또올게용,49,False,5.0,5.0,브론즈 레벨,콜키지 프리라서 왓는데 직원분 퍼포먼스 너무 좋아요 ㅋㅋㅋ그리구 음식두 맛있어용 또올게용,콜키지 프리라서 왓는데 직원분 퍼포먼스 너무 좋아요 그리구 음식두 맛있어용 또올게용,0,0,0,0,0,0,0,49,직원
naver,옥동식,쥐방우리,129.0,2025.12.23,1번째 방문,영수증,이번에 흑백요리사2에 나와서 사람이 더많아졌어요 ㅠㅠ 평일 2시에도 홀식사는 대기 마감었는데 다향이 포장은 바로 됐어요. 집에서 먹어도 가게에서 먹는것처럼 맛있어서 좋았어요❤️,98,True,,,,이번에 흑백요리사2에 나와서 사람이 더많아졌어요 ㅠㅠ 평일 2시에도 홀식사는 대기 마감었는데 다향이 포장은 바로 됐어요. 집에서 먹어도 가게에서 먹는것처럼 맛있어서 좋았어요❤️,이번에 흑백요리사2에 나와서 사람이 더많아졌어요 평일 2시에도 홀식사는 대기 마감었는데 다향이 포장은 바로 됐어요 집에서 먹어도 가게에서 먹는것처럼 맛있어서 좋았어요 EMO_POS,1,0,0,1,0,0,1,98,대기
naver,옥동식,맛좋아15,170.0,2025.09.25,1번째 방문,영수증,"합정역에서 가까운 옥동식! 곰탕집이지만,항상 웨이팅 엄청나요 11시15분,대기 4번째요 나오면서 다들 맛있다고~ 돼지곰탕과 김치만두 바로 주문, 뚝배기가 아닌, 유기그릇에 정갈하게 담겨나와요 밥위에 얇고 넓게 펴진 고기가 생각보다 충분하고, 고추지양념장에 찍어 먹으면 매콤하니👍 맑은 국물도 깔끔하고 속꽉찬 김치만두도 맛있구요 다들 속삭이듯이 이렇게 조용할수가 , 너~~무 조용한 분위기에, 👀👀 그래도 맛있기에 포장2인분 해왔어요🤗",242,True,,,,"합정역에서 가까운 옥동식! 곰탕집이지만,항상 웨이팅 엄청나요 11시15분,대기 4번째요 나오면서 다들 맛있다고~ 돼지곰탕과 김치만두 바로 주문, 뚝배기가 아닌, 유기그릇에 정갈하게 담겨나와요 밥위에 얇고 넓게 펴진 고기가 생각보다 충분하고, 고추지양념장에 찍어 먹으면 매콤하니👍 맑은 국물도 깔끔하고 속꽉찬 김치만두도 맛있구요 다들 속삭이듯이 이렇게 조용할수가 , 너~~무 조용한 분위기에, 👀👀 그래도 맛있기에 포장2인분 해왔어요🤗",합정역에서 가까운 옥동식 EXCLAM 곰탕집이지만 항상 웨이팅 엄청나요 11시15분 대기 4번째요 나오면서 다들 맛있다고 돼지곰탕과 김치만두 바로 주문 뚝배기가 아닌 유기그릇에 정갈하게 담겨나와요 밥위에 얇고 넓게 펴진 고기가 생각보다 충분하고 고추지양념장에 찍어 먹으면 매콤하니 EMO_POS 맑은 국물도 깔끔하고 속꽉찬 김치만두도 맛있구요 다들 속삭이듯이 이렇게 조용할수가 너 TILDE 무 조용한 분위기에 그래도 맛있기에 포장2인분 해왔어요,1,0,0,0,1,0,1,242,"주문, 웨이팅, 대기"
naver,옥동식,주마요,220.0,2026.02.21,1번째 방문,예약,돼지곰탕 입맛에 너무 잘 맞구 다 먹지 못할 만큼 생각보다 양도 많았어요! 요청 드리면 밥을 더 주신다고 하는데 기본적으로 양이 꽤 많아요 캐치테이블 온라인 웨이팅 열리는 시간에 맞춰서 웨이팅 걸었는데 2시간 반 넘게 기다렸어요😭 매장이 큰 편이 아니라서 회전율이 느린 것 같아요 매장 안은 엄청엄청 조용합니다 다들 조용하셔서 대화할 때 속삭이면서 했어요😂 먹고 있을 때 포장해가시는 분들 보이던데 다음번엔 저도 포장해가서 먹어보려고 생각하고 있어요!,252,True,,,,돼지곰탕 입맛에 너무 잘 맞구 다 먹지 못할 만큼 생각보다 양도 많았어요! 요청 드리면 밥을 더 주신다고 하는데 기본적으로 양이 꽤 많아요 캐치테이블 온라인 웨이팅 열리는 시간에 맞춰서 웨이팅 걸었는데 2시간 반 넘게 기다렸어요😭 매장이 큰 편이 아니라서 회전율이 느린 것 같아요 매장 안은 엄청엄청 조용합니다 다들 조용하셔서 대화할 때 속삭이면서 했어요😂 먹고 있을 때 포장해가시는 분들 보이던데 다음번엔 저도 포장해가서 먹어보려고 생각하고 있어요!,돼지곰탕 입맛에 너무 잘 맞구 다 먹지 못할 만큼 생각보다 양도 많았어요 EXCLAM 요청 드리면 밥을 더 주신다고 하는데 기본적으로 양이 꽤 많아요 캐치테이블 온라인 웨이팅 열리는 시간에 맞춰서 웨이팅 걸었는데 2시간 반 넘게 기다렸어요 EMO_NEG 매장이 큰 편이 아니라서 회전율이 느린 것 같아요 매장 안은 엄청엄청 조용합니다 다들 조용하셔서 대화할 때 속삭이면서 했어요 EMO_LAUGH 먹고 있을 때 포장해가시는 분들 보이던데 다음번엔 저도 포장해가서 먹어보려고 생각하고 있어요 EXCLAM,0,1,1,0,1,0,1,252,웨이팅
naver,옥동식,뀽ㅎ,156.0,2026.01.27,1번째 방문,영수증,웨이팅이 빡세다고 해서 평일 3시에 웨이팅 하러 갔어요. 2시 4-50분쯤 웨이팅 걸었을 때 6번이었고 돌아다니다 근처 카페에서 기다렸는데 4번으로 줄어들었고 5시 오픈 하자마자 호출됐습니다. 근처에 있었지만 바로 불릴 줄 몰랐어서 뛰어 갔는데 2분 안에 입장 안하면 취소더라구요..? 다른 가게들은 5분 정도라 안일했습니다..ㅎㅎ 그래도 뛰어서 2분 안에 들어가 먹었습니다. 이 곳은 흑백요리사 나오기 전부터 친구에게 추천 받아 꼭 한 번 가고 싶었는데 너무 유명해지고서 와버렸네요. 전 원래 기름진 음식과 밥이 국에 말아진 걸 안 좋아합니다. 그럼에도 맛있게 먹었어요. 국물은 평양냉면 육수를 따뜻하게 해놓은 느낌이었고 고기가 참 맛있었습니다. 아주 얇게 7점 정도 있었어요! 먹을만 하고 맛있어서 추천!!,397,True,,,,웨이팅이 빡세다고 해서 평일 3시에 웨이팅 하러 갔어요. 2시 4-50분쯤 웨이팅 걸었을 때 6번이었고 돌아다니다 근처 카페에서 기다렸는데 4번으로 줄어들었고 5시 오픈 하자마자 호출됐습니다. 근처에 있었지만 바로 불릴 줄 몰랐어서 뛰어 갔는데 2분 안에 입장 안하면 취소더라구요..? 다른 가게들은 5분 정도라 안일했습니다..ㅎㅎ 그래도 뛰어서 2분 안에 들어가 먹었습니다. 이 곳은 흑백요리사 나오기 전부터 친구에게 추천 받아 꼭 한 번 가고 싶었는데 너무 유명해지고서 와버렸네요. 전 원래 기름진 음식과 밥이 국에 말아진 걸 안 좋아합니다. 그럼에도 맛있게 먹었어요. 국물은 평양냉면 육수를 따뜻하게 해놓은 느낌이었고 고기가 참 맛있었습니다. 아주 얇게 7점 정도 있었어요! 먹을만 하고 맛있어서 추천!!,웨이팅이 빡세다고 해서 평일 3시에 웨이팅 하러 갔어요 2시 4 50분쯤 웨이팅 걸었을 때 6번이었고 돌아다니다 근처 카페에서 기다렸는데 4번으로 줄어들었고 5시 오픈 하자마자 호출됐습니다 근처에 있었지만 바로 불릴 줄 몰랐어서 뛰어 갔는데 2분 안에 입장 안하면 취소더라구요 QUESTION 다른 가게들은 5분 정도라 안일했습니다 그래도 뛰어서 2분 안에 들어가 먹었습니다 이 곳은 흑백요리사 나오기 전부터 친구에게 추천 받아 꼭 한 번 가고 싶었는데 너무 유명해지고서 와버렸네요 전 원래 기름진 음식과 밥이 국에 말아진 걸 안 좋아합니다 그럼에도 맛있게 먹었어요 국물은 평양냉면 육수를 따뜻하게 해놓은 느낌이었고 고기가 참 맛있었습니다 아주 얇게 7점 정도 있었어요 EXCLAM 먹을만 하고 맛있어서 추천 EXCLAM,0,0,0,0,1,1,1,397,웨이팅
naver,홍대 육지,bmw****,4.0,2026.03.22,1번째 방문,영수증,고기의 질이 매우 좋아서 정말 맛있게 식사할 수 있었습니다. 또한 직원분께서 고기를 직접 구워주셔서 더욱 편안하게 즐길 수 있었습니다.,75,True,,,,고기의 질이 매우 좋아서 정말 맛있게 식사할 수 있었습니다. 또한 직원분께서 고기를 직접 구워주셔서 더욱 편안하게 즐길 수 있었습니다.,고기의 질이 매우 좋아서 정말 맛있게 식사할 수 있었습니다 또한 직원분께서 고기를 직접 구워주셔서 더욱 편안하게 즐길 수 있었습니다,0,0,0,0,0,0,0,75,"직원, 구워주"
kakao,홍대 조선시대,이상헌,1.0,2026-03-14,,,음식ㅇ이 너무 맛있고 직원분들도 다 친절하세요~~~! 분위가 좋고 단체모임하기에 좋습니당 추천이요!!!,57,True,5.0,5.0,브론즈 레벨,음식ㅇ이 너무 맛있고 직원분들도 다 친절하세요~~~! 분위가 좋고 단체모임하기에 좋습니당 추천이요!!!,음식 이 너무 맛있고 직원분들도 다 친절하세요 TILDE EXCLAM 분위가 좋고 단체모임하기에 좋습니당 추천이요 EXCLAM,0,0,0,0,1,0,0,57,"친절, 직원"
naver,육산장 홍대본점,A영2,127.0,2026.03.27,1번째 방문,영수증,고기 맛있구 양도 많아여! 알바 분들도 친절하시구 야장 분위기도 좋고ㅠ 요즘 어기 딱입니두!,51,True,,,,고기 맛있구 양도 많아여! 알바 분들도 친절하시구 야장 분위기도 좋고ㅠ 요즘 어기 딱입니두!,고기 맛있구 양도 많아여 EXCLAM 알바 분들도 친절하시구 야장 분위기도 좋고 요즘 어기 딱입니두 EXCLAM,0,0,0,0,1,0,0,51,"친절, 알바"
kakao,을밀대 본점,앤듀,4.0,2025-08-05,,,맛은 기가막한데 대기가 많아 지침 ㅎ,20,True,5.0,5.0,브론즈 레벨,맛은 기가막한데 대기가 많아 지침 ㅎ,맛은 기가막한데 대기가 많아 지침,0,0,0,0,0,0,0,20,대기
naver,장인닭갈비 홍대점,유리배54,17.0,2026.02.12,1번째 방문,영수증,홍대 가면 자주 들르는 곳이에요 맛있고 양도 많고 직원들이 친절해요 야채도 셀프로 먹을 수 있어서 좋아요,58,True,,,,홍대 가면 자주 들르는 곳이에요 맛있고 양도 많고 직원들이 친절해요 야채도 셀프로 먹을 수 있어서 좋아요,홍대 가면 자주 들르는 곳이에요 맛있고 양도 많고 직원들이 친절해요 야채도 셀프로 먹을 수 있어서 좋아요,0,0,0,0,0,0,0,58,"친절, 직원"
naver,소문난성수감자탕,고구마랑팥빙수,95.0,2026.04.04,1번째 방문,예약,웨이팅 줄에 겁먹지 마세요 금방 빠져요! 감자탕 소자 두명이서 먹었고 다음에도 먹고 싶어요~,51,True,,,,웨이팅 줄에 겁먹지 마세요 금방 빠져요! 감자탕 소자 두명이서 먹었고 다음에도 먹고 싶어요~,웨이팅 줄에 겁먹지 마세요 금방 빠져요 EXCLAM 감자탕 소자 두명이서 먹었고 다음에도 먹고 싶어요,0,0,0,0,1,0,0,51,웨이팅
naver,홍대 육지,진심을담은yummy,38.0,2026.04.18,1번째 방문,영수증,홍대에서 유명한 육지 라고 해서 다녀왔습니다! 폭탄 계란찜에 묵은지 두루치기 솥밥 까지 시켜먹었는데 어느것하나 부족한게 없었어요:) 고기 구워주시는 언니가 너무 예쁘고 잘구워주셨습니다!@ 다들 홍대에서 고기 육지 추천드려요!!,126,True,,,,홍대에서 유명한 육지 라고 해서 다녀왔습니다! 폭탄 계란찜에 묵은지 두루치기 솥밥 까지 시켜먹었는데 어느것하나 부족한게 없었어요:) 고기 구워주시는 언니가 너무 예쁘고 잘구워주셨습니다!@ 다들 홍대에서 고기 육지 추천드려요!!,홍대에서 유명한 육지 라고 해서 다녀왔습니다 EXCLAM 폭탄 계란찜에 묵은지 두루치기 솥밥 까지 시켜먹었는데 어느것하나 부족한게 없었어요 고기 구워주시는 언니가 너무 예쁘고 잘구워주셨습니다 EXCLAM 다들 홍대에서 고기 육지 추천드려요 EXCLAM,0,0,0,0,1,0,0,126,구워주
kakao,이태리국시 성수,띰바,1.0,2026-04-05,,,"서울숲 벚꽃 산책 후, 낮술로 딱딱딱!!!! 맛,분위기,친절 모두 갖춤 또 올게요~~",47,True,5.0,5.0,브론즈 레벨,"서울숲 벚꽃 산책 후, 낮술로 딱딱딱!!!! 맛,분위기,친절 모두 갖춤 또 올게요~~",서울숲 벚꽃 산책 후 낮술로 딱딱 EXCLAM 맛 분위기 친절 모두 갖춤 또 올게요 TILDE,0,0,0,0,1,0,0,47,친절
naver,뼈탄집 성수역점,ddldk18,11.0,2026.03.17,1번째 방문,영수증,고기가 너무 두툼하고 밑반찬도 너무 푸짐해요!! 고기도 다 구워주시고 친절하셔서 정말 만족하면서 먹었습니다😊,60,True,,,,고기가 너무 두툼하고 밑반찬도 너무 푸짐해요!! 고기도 다 구워주시고 친절하셔서 정말 만족하면서 먹었습니다😊,고기가 너무 두툼하고 밑반찬도 너무 푸짐해요 EXCLAM 고기도 다 구워주시고 친절하셔서 정말 만족하면서 먹었습니다 EMO_POS,1,0,0,0,1,0,0,60,"친절, 구워주"
naver,옥동식,ureternity,57.0,2025.06.23,1번째 방문,영수증,원래 이런 맑은 국물에 얇은 고기가 올라가는 국밥을 좋아하는데 흔하게 파는 스타일의 국밥은 아니어서 찾아다니면서 먹어야 하거든요… 매장이 넓은 편은 아니어서 웨이팅 걸고도 한 시간은 기다렸는데 딱 제가 좋아하는 국밥이어서 좋았어요!! 전에도 한 번 오고 이번이 두 번째 방문인데 앞으로도 종종 오게 될 것 같아요,174,True,,,,원래 이런 맑은 국물에 얇은 고기가 올라가는 국밥을 좋아하는데 흔하게 파는 스타일의 국밥은 아니어서 찾아다니면서 먹어야 하거든요… 매장이 넓은 편은 아니어서 웨이팅 걸고도 한 시간은 기다렸는데 딱 제가 좋아하는 국밥이어서 좋았어요!! 전에도 한 번 오고 이번이 두 번째 방문인데 앞으로도 종종 오게 될 것 같아요,원래 이런 맑은 국물에 얇은 고기가 올라가는 국밥을 좋아하는데 흔하게 파는 스타일의 국밥은 아니어서 찾아다니면서 먹어야 하거든요 매장이 넓은 편은 아니어서 웨이팅 걸고도 한 시간은 기다렸는데 딱 제가 좋아하는 국밥이어서 좋았어요 EXCLAM 전에도 한 번 오고 이번이 두 번째 방문인데 앞으로도 종종 오게 될 것 같아요,0,0,0,0,1,0,0,174,웨이팅
naver,이태리국시 성수,yeonma,22.0,2026.03.29,1번째 방문,영수증,"이태리국시 성수점 남자친구랑 다녀왔는데 분위기부터 음식까지 너무 만족스러웠어요. 주문한 메뉴 하나하나 다 맛있어서 제대로 힐링하고 온 느낌이에요. 리조또는 고소하고 크리미하면서도 바삭한 식감까지 살아 있어서 계속 손이 갔고, 파스타는 오일이 느끼하지도 않고 딱 좋았어요 감튀도 트러플 좋아하시면 완전 추천. 전체적으로 양도 넉넉하고 사진 찍기에도 좋았고, 데이트 장소로 분위기가 딱이었어요. 성수에서 맛집 찾는다면 한 번쯤 꼭 방문해볼 만한 곳이에요!",252,True,,,,"이태리국시 성수점 남자친구랑 다녀왔는데 분위기부터 음식까지 너무 만족스러웠어요. 주문한 메뉴 하나하나 다 맛있어서 제대로 힐링하고 온 느낌이에요. 리조또는 고소하고 크리미하면서도 바삭한 식감까지 살아 있어서 계속 손이 갔고, 파스타는 오일이 느끼하지도 않고 딱 좋았어요 감튀도 트러플 좋아하시면 완전 추천. 전체적으로 양도 넉넉하고 사진 찍기에도 좋았고, 데이트 장소로 분위기가 딱이었어요. 성수에서 맛집 찾는다면 한 번쯤 꼭 방문해볼 만한 곳이에요!",이태리국시 성수점 남자친구랑 다녀왔는데 분위기부터 음식까지 너무 만족스러웠어요 주문한 메뉴 하나하나 다 맛있어서 제대로 힐링하고 온 느낌이에요 리조또는 고소하고 크리미하면서도 바삭한 식감까지 살아 있어서 계속 손이 갔고 파스타는 오일이 느끼하지도 않고 딱 좋았어요 감튀도 트러플 좋아하시면 완전 추천 전체적으로 양도 넉넉하고 사진 찍기에도 좋았고 데이트 장소로 분위기가 딱이었어요 성수에서 맛집 찾는다면 한 번쯤 꼭 방문해볼 만한 곳이에요 EXCLAM,0,0,0,0,1,0,0,252,주문
kakao,장인닭갈비 홍대점,이인애,124.0,2026-01-21,,,치즈닭갈비 너무 맛있고 직원분들도 친절하시니 아이들과 맛나게 먹고왔답니다,40,False,5.0,4.9,실버 레벨,치즈닭갈비 너무 맛있고 직원분들도 친절하시니 아이들과 맛나게 먹고왔답니다,치즈닭갈비 너무 맛있고 직원분들도 친절하시니 아이들과 맛나게 먹고왔답니다,0,0,0,0,0,0,0,40,"친절, 직원"
kakao,소문난성수감자탕,dida,275.0,2025-01-06,,,회전이 잘 되서 웨이팅은 금방 빠진다. 성수동 지대에 인기가 많아서 그런지 가격은 매우 비싸다. 맛은 담백함 바탕에 감칠맛 매운맛 살짝 있는 느낌. 볶음밥도 예상가능한 맛. 이 가격에 먹은 건 아쉽다. 사람 많은데도 직원분들의 접객과 서비스가 대단했음.,141,True,3.0,3.7,골드 레벨,회전이 잘 되서 웨이팅은 금방 빠진다. 성수동 지대에 인기가 많아서 그런지 가격은 매우 비싸다. 맛은 담백함 바탕에 감칠맛 매운맛 살짝 있는 느낌. 볶음밥도 예상가능한 맛. 이 가격에 먹은 건 아쉽다. 사람 많은데도 직원분들의 접객과 서비스가 대단했음.,회전이 잘 되서 웨이팅은 금방 빠진다 성수동 지대에 인기가 많아서 그런지 가격은 매우 비싸다 맛은 담백함 바탕에 감칠맛 매운맛 살짝 있는 느낌 볶음밥도 예상가능한 맛 이 가격에 먹은 건 아쉽다 사람 많은데도 직원분들의 접객과 서비스가 대단했음,0,0,0,0,0,0,0,141,"서비스, 직원, 접객, 웨이팅"
naver,장인닭갈비 홍대점,kwo****,7.0,2026.01.11,1번째 방문,영수증,맛있다고 해서 와봤는데 직원분들도 너무 친절하시고 양도 많고 너무 맛있었어요!! 다음에도 또 올려구용!! 번창하세요,64,True,,,,맛있다고 해서 와봤는데 직원분들도 너무 친절하시고 양도 많고 너무 맛있었어요!! 다음에도 또 올려구용!! 번창하세요,맛있다고 해서 와봤는데 직원분들도 너무 친절하시고 양도 많고 너무 맛있었어요 EXCLAM 다음에도 또 올려구용 EXCLAM 번창하세요,0,0,0,0,1,0,0,64,"친절, 직원"
naver,뼈탄집 성수역점,해피한걸98,42.0,2026.02.27,1번째 방문,영수증,성수역을 지나가는 길에 아이가 TV에서 봤다며 유명한 식당이라고 해서 우연히 들어왔는데~ 직접 고기도 구워주시고 냄새나 연기도 전혀없이 깔끔해요~ 고기 상태도 신선하고 맛있습니다.👍,101,True,,,,성수역을 지나가는 길에 아이가 TV에서 봤다며 유명한 식당이라고 해서 우연히 들어왔는데~ 직접 고기도 구워주시고 냄새나 연기도 전혀없이 깔끔해요~ 고기 상태도 신선하고 맛있습니다.👍,성수역을 지나가는 길에 아이가 TV에서 봤다며 유명한 식당이라고 해서 우연히 들어왔는데 직접 고기도 구워주시고 냄새나 연기도 전혀없이 깔끔해요 고기 상태도 신선하고 맛있습니다 EMO_POS,1,0,0,0,0,0,0,101,"태도, 구워주"
naver,홍대 육지,이예링링,38.0,2026.03.03,1번째 방문,영수증,"친구랑 바로 방문 했습니다. 웨이팅 많은 맛집이라서 걱정했는데, 화요일이라 그런지 손님이 없었어요. 고기 다 구워 주시고 고기질 너무 좋습니다. 너무 맛있게 먹고 가고 특히 계란찜 꼭 드세요 !!!!",111,True,,,,"친구랑 바로 방문 했습니다. 웨이팅 많은 맛집이라서 걱정했는데, 화요일이라 그런지 손님이 없었어요. 고기 다 구워 주시고 고기질 너무 좋습니다. 너무 맛있게 먹고 가고 특히 계란찜 꼭 드세요 !!!!",친구랑 바로 방문 했습니다 웨이팅 많은 맛집이라서 걱정했는데 화요일이라 그런지 손님이 없었어요 고기 다 구워 주시고 고기질 너무 좋습니다 너무 맛있게 먹고 가고 특히 계란찜 꼭 드세요 EXCLAM,0,0,0,0,1,0,0,111,웨이팅
naver,능동미나리 성수지점,슬픈말린,242.0,2025.08.30,1번째 방문,영수증,상큼하고 너무 맛있었습니다!! 회전율이 빨라서 생각보다 빨리 들어갈 수 있었습니다. 부모님 모시고도 오고 싶네요👍,63,True,,,,상큼하고 너무 맛있었습니다!! 회전율이 빨라서 생각보다 빨리 들어갈 수 있었습니다. 부모님 모시고도 오고 싶네요👍,상큼하고 너무 맛있었습니다 EXCLAM 회전율이 빨라서 생각보다 빨리 들어갈 수 있었습니다 부모님 모시고도 오고 싶네요 EMO_POS,1,0,0,0,1,0,0,63,빨리
naver,옥동식,감성 돼지,676.0,2025.05.28,1번째 방문,영수증,"평일 오픈11시 캐치테이블 2순위 입장 주택가 안쪽에 있어 웨이팅 민원이 상당한듯 곳곳에 안내문 특 17 , 김치만두4개 7천 주문 성인남자 기준 보통은 적을수 있다하여 특 주문 앏게 슬라이스 된 고기 약 15ㅡ20장 내외 찐 흑돼지 인증 고기와 함께 주는 된장소스인줄 알았지만 고추절임? 개인적으론 새우젓이 생각남 기본김치는 무난한 국물에 큰 영향 안끼침 김치만두는 패스해도 될듯 비비고 승 밥은 꼬들밥에 토렴방식x 최근들어 맑은 돼지 국밥류 많이 있는데 가성비는 안좋은듯 흑돼지 특유 비계의 꼬들함을 느끼기엔 굿 지나가다 줄 안선다면 재방문의사O 잘먹었읍니다",314,True,,,,"평일 오픈11시 캐치테이블 2순위 입장 주택가 안쪽에 있어 웨이팅 민원이 상당한듯 곳곳에 안내문 특 17 , 김치만두4개 7천 주문 성인남자 기준 보통은 적을수 있다하여 특 주문 앏게 슬라이스 된 고기 약 15ㅡ20장 내외 찐 흑돼지 인증 고기와 함께 주는 된장소스인줄 알았지만 고추절임? 개인적으론 새우젓이 생각남 기본김치는 무난한 국물에 큰 영향 안끼침 김치만두는 패스해도 될듯 비비고 승 밥은 꼬들밥에 토렴방식x 최근들어 맑은 돼지 국밥류 많이 있는데 가성비는 안좋은듯 흑돼지 특유 비계의 꼬들함을 느끼기엔 굿 지나가다 줄 안선다면 재방문의사O 잘먹었읍니다",평일 오픈11시 캐치테이블 2순위 입장 주택가 안쪽에 있어 웨이팅 민원이 상당한듯 곳곳에 안내문 특 17 김치만두4개 7천 주문 성인남자 기준 보통은 적을수 있다하여 특 주문 앏게 슬라이스 된 고기 약 15 20장 내외 찐 흑돼지 인증 고기와 함께 주는 된장소스인줄 알았지만 고추절임 QUESTION 개인적으론 새우젓이 생각남 기본김치는 무난한 국물에 큰 영향 안끼침 김치만두는 패스해도 될듯 비비고 승 밥은 꼬들밥에 토렴방식x 최근들어 맑은 돼지 국밥류 많이 있는데 가성비는 안좋은듯 흑돼지 특유 비계의 꼬들함을 느끼기엔 굿 지나가다 줄 안선다면 재방문의사O 잘먹었읍니다,0,0,0,0,0,1,1,314,"주문, 안내, 웨이팅"
naver,훼미리손칼국수보쌈,yurika101058,210.0,2026.04.14,1번째 방문,영수증,건강하고 담백한 맛 칼국수까지 주니 양이 푸짐해요 인기 맛집 웨이팅 필수예요,42,True,,,,건강하고 담백한 맛 칼국수까지 주니 양이 푸짐해요 인기 맛집 웨이팅 필수예요,건강하고 담백한 맛 칼국수까지 주니 양이 푸짐해요 인기 맛집 웨이팅 필수예요,0,0,0,0,0,0,0,42,웨이팅
kakao,홍대 조선시대,유진,1.0,2026-03-24,,,가게 분위기 너무 좋고 안주도 맛있어요 직원분도 친절하세요🩷🩷,34,True,5.0,5.0,브론즈 레벨,가게 분위기 너무 좋고 안주도 맛있어요 직원분도 친절하세요🩷🩷,가게 분위기 너무 좋고 안주도 맛있어요 직원분도 친절하세요,0,0,0,0,0,0,0,34,"친절, 직원"
kakao,장인닭갈비 홍대점,으하,17.0,2025-02-12,,,"단점 - 양념이 달다 - 밑반찬 없음(셀프바에 쌈, 쌈장, 쌈무, 야채샐러드 있음) - 알바생 대체로 불친절 - 위생 별로.. 식탁이 잘 안닦여있음 - 철판 올리고 버너 불 안켜길래 그냥 먹으면 되는 줄 알고 안뒤적거렸는데 치즈가 너무 타서 탄맛만 남… 먹다가 중간중간 뒤집어주라는 말해주는게 어렵나? - 가게에 엠씨몽 있음.. 엠씨몽 노래 나오면 진짜 알바생 중 하나가 엄청 크게 부름.. 좋은 목소리도 아니라 입맛 떨어저서 볶음밥 먹으려다 걍 나옴 - 재방문 의사 0",263,False,1.0,3.2,실버 레벨,"단점 - 양념이 달다 - 밑반찬 없음(셀프바에 쌈, 쌈장, 쌈무, 야채샐러드 있음) - 알바생 대체로 불친절 - 위생 별로.. 식탁이 잘 안닦여있음 - 철판 올리고 버너 불 안켜길래 그냥 먹으면 되는 줄 알고 안뒤적거렸는데 치즈가 너무 타서 탄맛만 남… 먹다가 중간중간 뒤집어주라는 말해주는게 어렵나? - 가게에 엠씨몽 있음.. 엠씨몽 노래 나오면 진짜 알바생 중 하나가 엄청 크게 부름.. 좋은 목소리도 아니라 입맛 떨어저서 볶음밥 먹으려다 걍 나옴 - 재방문 의사 0",단점 양념이 달다 밑반찬 없음 셀프바에 쌈 쌈장 쌈무 야채샐러드 있음 알바생 대체로 불친절 위생 별로 식탁이 잘 안닦여있음 철판 올리고 버너 불 안켜길래 그냥 먹으면 되는 줄 알고 안뒤적거렸는데 치즈가 너무 타서 탄맛만 남 먹다가 중간중간 뒤집어주라는 말해주는게 어렵나 QUESTION 가게에 엠씨몽 있음 엠씨몽 노래 나오면 진짜 알바생 중 하나가 엄청 크게 부름 좋은 목소리도 아니라 입맛 떨어저서 볶음밥 먹으려다 걍 나옴 재방문 의사 0,0,0,0,0,0,1,1,263,"친절, 불친절, 알바"
naver,각시보쌈,4 8 8 5,1375.0,2025.06.27,1번째 방문,영수증,최곱니다 최고ㅠㅠ 갓시보쌈이에요ㅜ 우선 혼자갔는데도 넘 친절하게 대해주시구 보쌈정식도 단돈 만원에 반찬 쫙 깔리구 찌개까지 나오다니 엄청나용!!ㅜ 최근에 이렇게 맛있게 많이 먹은적이 없었던 것 같은데 오늘 밥 3공기 때려뿌수고 왔어요 고기도 잡내없이 부드럽고 맛있구요 김치도 맛있구 상추도 많이 주셔요 마카로니?도 맛있었는데 특히 그 옆에있는 배추무침? 같은거 넘 맛있어요 제 입맛에 간간하니 너무 딱 잘 맞았네요😋 찌개도 보쌈에 같이 나오는거다보니 그냥 김치찌개이겠거니 했는데 고기도 들어있고 참치가 많이 들어있어요!! 4인석인데도 혼자 먹는데 정말 편안하게 아주 잘 먹었구요 맛집을 찾아 여기저기 다니지만 이런 곳을 방문할 때마다 너무 행복하구 기분이 좋아요🥰 재방문 의사 10000000000000%에요🫶,397,True,,,,최곱니다 최고ㅠㅠ 갓시보쌈이에요ㅜ 우선 혼자갔는데도 넘 친절하게 대해주시구 보쌈정식도 단돈 만원에 반찬 쫙 깔리구 찌개까지 나오다니 엄청나용!!ㅜ 최근에 이렇게 맛있게 많이 먹은적이 없었던 것 같은데 오늘 밥 3공기 때려뿌수고 왔어요 고기도 잡내없이 부드럽고 맛있구요 김치도 맛있구 상추도 많이 주셔요 마카로니?도 맛있었는데 특히 그 옆에있는 배추무침? 같은거 넘 맛있어요 제 입맛에 간간하니 너무 딱 잘 맞았네요😋 찌개도 보쌈에 같이 나오는거다보니 그냥 김치찌개이겠거니 했는데 고기도 들어있고 참치가 많이 들어있어요!! 4인석인데도 혼자 먹는데 정말 편안하게 아주 잘 먹었구요 맛집을 찾아 여기저기 다니지만 이런 곳을 방문할 때마다 너무 행복하구 기분이 좋아요🥰 재방문 의사 10000000000000%에요🫶,최곱니다 최고 갓시보쌈이에요 우선 혼자갔는데도 넘 친절하게 대해주시구 보쌈정식도 단돈 만원에 반찬 쫙 깔리구 찌개까지 나오다니 엄청나용 EXCLAM 최근에 이렇게 맛있게 많이 먹은적이 없었던 것 같은데 오늘 밥 3공기 때려뿌수고 왔어요 고기도 잡내없이 부드럽고 맛있구요 김치도 맛있구 상추도 많이 주셔요 마카로니 QUESTION 도 맛있었는데 특히 그 옆에있는 배추무침 QUESTION 같은거 넘 맛있어요 제 입맛에 간간하니 너무 딱 잘 맞았네요 EMO_POS 찌개도 보쌈에 같이 나오는거다보니 그냥 김치찌개이겠거니 했는데 고기도 들어있고 참치가 많이 들어있어요 EXCLAM 4인석인데도 혼자 먹는데 정말 편안하게 아주 잘 먹었구요 맛집을 찾아 여기저기 다니지만 이런 곳을 방문할 때마다 너무 행복하구 기분이 좋아요 EMO_POS 재방문 의사 10000000000000 에요,1,0,0,1,1,1,1,397,친절
kakao,소문난성수감자탕,크크크,48.0,2025-08-07,,,성수 돌아다닐 때마다 항상 웨이팅 줄이 있길래 가봤습니다. 평일 오전에 줄 안서고 바로 들어갔어요. 근데 들어가기 전에 뭐먹을지 상의하고 들어가시길~ 앉자마자 바로 물어보는데 재촉하듯이 물어봐서 쪼큼 그랬음.. 기분 나쁘게 물어보시더라~ 수저는 잘 안닦여서 틴트 묻은 입술 각질 그대로 붙어 있고 물 자국들 다 남아 있었어요 맛은 외국인들도 먹을 정도로 맵지 않았어요. 저한테는 국물이 전체적으로 썼습니다. 고기는 약간 뻑뻑슨! 감자는 포슬포슬까지는 아니였어요. 집 앞에 자주 먹는 자극적인 감자탕 생각하면 안될 거 같아요,292,False,3.0,4.1,실버 레벨,성수 돌아다닐 때마다 항상 웨이팅 줄이 있길래 가봤습니다. 평일 오전에 줄 안서고 바로 들어갔어요. 근데 들어가기 전에 뭐먹을지 상의하고 들어가시길~ 앉자마자 바로 물어보는데 재촉하듯이 물어봐서 쪼큼 그랬음.. 기분 나쁘게 물어보시더라~ 수저는 잘 안닦여서 틴트 묻은 입술 각질 그대로 붙어 있고 물 자국들 다 남아 있었어요 맛은 외국인들도 먹을 정도로 맵지 않았어요. 저한테는 국물이 전체적으로 썼습니다. 고기는 약간 뻑뻑슨! 감자는 포슬포슬까지는 아니였어요. 집 앞에 자주 먹는 자극적인 감자탕 생각하면 안될 거 같아요,성수 돌아다닐 때마다 항상 웨이팅 줄이 있길래 가봤습니다 평일 오전에 줄 안서고 바로 들어갔어요 근데 들어가기 전에 뭐먹을지 상의하고 들어가시길 앉자마자 바로 물어보는데 재촉하듯이 물어봐서 쪼큼 그랬음 기분 나쁘게 물어보시더라 수저는 잘 안닦여서 틴트 묻은 입술 각질 그대로 붙어 있고 물 자국들 다 남아 있었어요 맛은 외국인들도 먹을 정도로 맵지 않았어요 저한테는 국물이 전체적으로 썼습니다 고기는 약간 뻑뻑슨 EXCLAM 감자는 포슬포슬까지는 아니였어요 집 앞에 자주 먹는 자극적인 감자탕 생각하면 안될 거 같아요,0,0,0,0,1,0,0,292,웨이팅
kakao,육산장 홍대본점,맛집찾아삼만리,2.0,2025-06-14,,,홍대에서 이런 분위기 느끼며 고기먹을수있다니 좋아요 직원이 친절하고 고기가맛있어요,45,True,5.0,5.0,브론즈 레벨,홍대에서 이런 분위기 느끼며 고기먹을수있다니 좋아요 직원이 친절하고 고기가맛있어요,홍대에서 이런 분위기 느끼며 고기먹을수있다니 좋아요 직원이 친절하고 고기가맛있어요,0,0,0,0,0,0,0,45,"친절, 직원"
naver,금금 성수점,김현서8441,83.0,2026.01.07,1번째 방문,영수증,"맛있게 잘 먹었습니다~ 예약 안하고 방문했는데 다행히 자리가 있었어요!! 들기름 막국수, 보리된장국수, 묵은지참치말이 모두 맛있었습니다 ㅎㅎ 보리된장국수는 마재소바처럼 다 먹고 밥을 비벼먹을 수 있는데 그게 정말 맛있었어요😋 다음에 또 방문하고싶습니다~",141,True,,,,"맛있게 잘 먹었습니다~ 예약 안하고 방문했는데 다행히 자리가 있었어요!! 들기름 막국수, 보리된장국수, 묵은지참치말이 모두 맛있었습니다 ㅎㅎ 보리된장국수는 마재소바처럼 다 먹고 밥을 비벼먹을 수 있는데 그게 정말 맛있었어요😋 다음에 또 방문하고싶습니다~",맛있게 잘 먹었습니다 예약 안하고 방문했는데 다행히 자리가 있었어요 EXCLAM 들기름 막국수 보리된장국수 묵은지참치말이 모두 맛있었습니다 보리된장국수는 마재소바처럼 다 먹고 밥을 비벼먹을 수 있는데 그게 정말 맛있었어요 EMO_POS 다음에 또 방문하고싶습니다,1,0,0,0,1,0,0,141,예약
kakao,육지,이현승,3.0,2025-07-13,,,정말 친절하시고 정말 맛있어요,16,True,5.0,5.0,브론즈 레벨,정말 친절하시고 정말 맛있어요,정말 친절하시고 정말 맛있어요,0,0,0,0,0,0,0,16,친절
naver,이태리국시 성수,꿈틀루씨,76.0,2026.05.01,1번째 방문,영수증,너무 와보고 싶었던 곳인데 아이와 오늘 예약없이 갑자기 방문했는데 1팀 대기 후에 들어왔네요. 대표메뉴 2개시키고 샐러드 추가했는데 정말 맛있어요. ㅇ양도 많고 깔끔하니 다른 메뉴도 너무 궁금합니다,110,True,,,,너무 와보고 싶었던 곳인데 아이와 오늘 예약없이 갑자기 방문했는데 1팀 대기 후에 들어왔네요. 대표메뉴 2개시키고 샐러드 추가했는데 정말 맛있어요. ㅇ양도 많고 깔끔하니 다른 메뉴도 너무 궁금합니다,너무 와보고 싶었던 곳인데 아이와 오늘 예약없이 갑자기 방문했는데 1팀 대기 후에 들어왔네요 대표메뉴 2개시키고 샐러드 추가했는데 정말 맛있어요 양도 많고 깔끔하니 다른 메뉴도 너무 궁금합니다,0,0,0,0,0,0,1,110,"대기, 예약"
naver,소문난성수감자탕,aij****,10.0,2026.02.10,1번째 방문,영수증,맛있고 다 좋은데 직원이 불친절해요 벨을 2번 정도 눌렀는데도 안 오시고 직접 말을 거니 인상쓰며 대답도 안 하시고 손짓으로만 응대하시더라구요 결국 추가 주문 못 했어요 나가려고 옷 입고 있는데 트레이 앞에다 놓고 계속 쳐다봐요,127,False,,,,맛있고 다 좋은데 직원이 불친절해요 벨을 2번 정도 눌렀는데도 안 오시고 직접 말을 거니 인상쓰며 대답도 안 하시고 손짓으로만 응대하시더라구요 결국 추가 주문 못 했어요 나가려고 옷 입고 있는데 트레이 앞에다 놓고 계속 쳐다봐요,맛있고 다 좋은데 직원이 불친절해요 벨을 2번 정도 눌렀는데도 안 오시고 직접 말을 거니 인상쓰며 대답도 안 하시고 손짓으로만 응대하시더라구요 결국 추가 주문 못 했어요 나가려고 옷 입고 있는데 트레이 앞에다 놓고 계속 쳐다봐요,0,0,0,0,0,0,1,127,"친절, 불친절, 응대, 직원, 주문"
naver,굴다리식당,늘기쁨1515,1168.0,2025.10.27,1번째 방문,영수증,여기가지마세요 3명갓더니ㅡ서빙이모가ㅡ이렇게시키면되요 해서ㅡ네햇더니ㅡ4인분시켜준거있죠 찌게2 제육 1 계란말이 만윈인데ㅡ 세트도아니고 ㅡ한개씩준것도이니고 황당 무계한 주문방식,96,False,,,,여기가지마세요 3명갓더니ㅡ서빙이모가ㅡ이렇게시키면되요 해서ㅡ네햇더니ㅡ4인분시켜준거있죠 찌게2 제육 1 계란말이 만윈인데ㅡ 세트도아니고 ㅡ한개씩준것도이니고 황당 무계한 주문방식,여기가지마세요 3명갓더니 서빙이모가 이렇게시키면되요 해서 네햇더니 4인분시켜준거있죠 찌게2 제육 1 계란말이 만윈인데 세트도아니고 한개씩준것도이니고 황당 무계한 주문방식,0,0,0,0,0,0,1,96,"주문, 서빙"
naver,뼈탄집 성수역점,뮹량명,93.0,2026.03.15,1번째 방문,영수증,너무 맛있고 깔끔해요 직원분들도 친절하고 너무 좋아요 추천 합니당 짱짱,39,True,,,,너무 맛있고 깔끔해요 직원분들도 친절하고 너무 좋아요 추천 합니당 짱짱,너무 맛있고 깔끔해요 직원분들도 친절하고 너무 좋아요 추천 합니당 짱짱,0,0,0,0,0,0,0,39,"친절, 직원"
kakao,훼미리손칼국수보쌈,Monggil,260.0,2025-05-17,,,"장점: 맛은 기다릴만 하다! 단점: 대기 시스템이 없음 (👍: 보쌈정식) (⚠️: 대기하는 공간이 별도로 없어서 앞에서 대기해야함. 1시간 기다림… 조금 옆에 있는 카페에서 칼국수집 영수증 지참 시 할인) [주문] 보쌈정식: 우선 보쌈이 맛이 좋다. 비계와 살코기가 부드럽고 같이 나온 김치와 합이 좋다(기다릴 때, 냄새 엄청남…) 칼국수는 면발이 부드럽고 국물은 깔끔한 고기맛이 진짜 좋았다. 먹다보면 계속 먹고 있는 자신을 보고 있음 음식은 빨리 나오고, 사진에서도 알 수 있듯이 투박한 시골 느낌이 잘 묻어있다",288,True,4.0,3.8,골드 레벨,"장점: 맛은 기다릴만 하다! 단점: 대기 시스템이 없음 (👍: 보쌈정식) (⚠️: 대기하는 공간이 별도로 없어서 앞에서 대기해야함. 1시간 기다림… 조금 옆에 있는 카페에서 칼국수집 영수증 지참 시 할인) [주문] 보쌈정식: 우선 보쌈이 맛이 좋다. 비계와 살코기가 부드럽고 같이 나온 김치와 합이 좋다(기다릴 때, 냄새 엄청남…) 칼국수는 면발이 부드럽고 국물은 깔끔한 고기맛이 진짜 좋았다. 먹다보면 계속 먹고 있는 자신을 보고 있음 음식은 빨리 나오고, 사진에서도 알 수 있듯이 투박한 시골 느낌이 잘 묻어있다",장점 맛은 기다릴만 하다 EXCLAM 단점 대기 시스템이 없음 EMO_POS 보쌈정식 대기하는 공간이 별도로 없어서 앞에서 대기해야함 1시간 기다림 조금 옆에 있는 카페에서 칼국수집 영수증 지참 시 할인 주문 보쌈정식 우선 보쌈이 맛이 좋다 비계와 살코기가 부드럽고 같이 나온 김치와 합이 좋다 기다릴 때 냄새 엄청남 칼국수는 면발이 부드럽고 국물은 깔끔한 고기맛이 진짜 좋았다 먹다보면 계속 먹고 있는 자신을 보고 있음 음식은 빨리 나오고 사진에서도 알 수 있듯이 투박한 시골 느낌이 잘 묻어있다,1,0,0,0,1,0,1,288,"주문, 대기, 빨리"
kakao,굴다리식당,김소방,816.0,2025-07-12,,,"후배랑 둘이서 3메뉴 한 개씩 주문함. 달걀말이, 찌개, 제육~ 제육볶음이라는 이름으로 약간은 다른 돼지고기 요리라고 하는 게 더 맞을 듯 싶다. 찌개는 묵은지로 해서 깊은 맛이 나고 밑반찬들도 다 맛있어서 밥이 게눈 감추듯 사라짐. 재방문 OK",137,False,5.0,4.4,블루 레벨,"후배랑 둘이서 3메뉴 한 개씩 주문함. 달걀말이, 찌개, 제육~ 제육볶음이라는 이름으로 약간은 다른 돼지고기 요리라고 하는 게 더 맞을 듯 싶다. 찌개는 묵은지로 해서 깊은 맛이 나고 밑반찬들도 다 맛있어서 밥이 게눈 감추듯 사라짐. 재방문 OK",후배랑 둘이서 3메뉴 한 개씩 주문함 달걀말이 찌개 제육 제육볶음이라는 이름으로 약간은 다른 돼지고기 요리라고 하는 게 더 맞을 듯 싶다 찌개는 묵은지로 해서 깊은 맛이 나고 밑반찬들도 다 맛있어서 밥이 게눈 감추듯 사라짐 재방문 OK,0,0,0,0,0,0,1,137,주문
kakao,보끔당 성수점,Nature,12.0,2025-08-22,,,"사장님 센스 최고👍🏻 친절함을 넘어서 진정성있는 장사 해주셔서 감사해요:) 테이블이랑 화로 주변도 엄청 깨끗하고, 그냥 가보시면 여기가 왜 장사가 잘 되는지 아실거예요! 장사하실 분들 여기 필수 코습니다🤗직원분들도 너무 좋으시고 진짜 맛도 너무 좋아요!",141,False,5.0,4.7,실버 레벨,"사장님 센스 최고👍🏻 친절함을 넘어서 진정성있는 장사 해주셔서 감사해요:) 테이블이랑 화로 주변도 엄청 깨끗하고, 그냥 가보시면 여기가 왜 장사가 잘 되는지 아실거예요! 장사하실 분들 여기 필수 코습니다🤗직원분들도 너무 좋으시고 진짜 맛도 너무 좋아요!",사장님 센스 최고 EMO_POS 친절함을 넘어서 진정성있는 장사 해주셔서 감사해요 테이블이랑 화로 주변도 엄청 깨끗하고 그냥 가보시면 여기가 왜 장사가 잘 되는지 아실거예요 EXCLAM 장사하실 분들 여기 필수 코습니다 직원분들도 너무 좋으시고 진짜 맛도 너무 좋아요 EXCLAM,1,0,0,0,1,0,0,141,"친절, 직원, 사장님"
naver,을밀대 평양냉면,리뷰쓰기위해먹는남자,,2025.08.11,1번째 방문,영수증,물냉1+비냉1+전1 = 45000원 1140분쯤 식당 도착 -&gt; 웨이팅 대략 40~45분정도 필요,57,True,,,,물냉1+비냉1+전1 = 45000원 1140분쯤 식당 도착 -&gt; 웨이팅 대략 40~45분정도 필요,물냉1 비냉1 전1 45000원 1140분쯤 식당 도착 gt 웨이팅 대략 40 45분정도 필요,0,0,0,0,0,0,1,57,웨이팅
kakao,소문난성수감자탕,Hyoki,2.0,2025-11-02,,,"존1니 싸가지 없어요 손님 때리고 소리 지름 본인 바쁘고 힘든 거 손님한테 ○○○○로 푸는 곳 ^^ 친구 만나서 반가워서 인사하려니까 후다닥 오더니 언니, 언니, 언니 조용히 해!!!!! 이러고 (다른 손님 다 떠들고 그 씨끄러운 성수에서?) 지 따라 오랬다가 말랬다가 2층 따라오래서 움직이려니까 가만히있어!!!!! 이러면서? ㅋ;; 존니 큰소리를 ㅋㅋㅋㅋㅋ 소리만 지르게요? 가만히 있는 사람 팔뚝을 톡톡도 아니고 손아귀로 퍽퍽 때리면서 (진심 한 10번은 연속으로 계속 침) 나 따라와!!!! ㅎㅏ....... 내가 니 딸입니까? 울 엄마도 나 그렇게 우악스럽게 안 키웠어 ㅋㅋㅋ 직원 단도리 잘 하세요... 기분 개처나빠서 진짜 친구 생일 땜에 모인 거라 참았지 살다살다 식당 가서 이런 푸대접은 처음 ㅋ 직원이 본인 바쁘고 힘든 거 손님한테 푸는 곳 레전드 진짜;",432,False,1.0,3.0,브론즈 레벨,"존1니 싸가지 없어요 손님 때리고 소리 지름 본인 바쁘고 힘든 거 손님한테 ○○○○로 푸는 곳 ^^ 친구 만나서 반가워서 인사하려니까 후다닥 오더니 언니, 언니, 언니 조용히 해!!!!! 이러고 (다른 손님 다 떠들고 그 씨끄러운 성수에서?) 지 따라 오랬다가 말랬다가 2층 따라오래서 움직이려니까 가만히있어!!!!! 이러면서? ㅋ;; 존니 큰소리를 ㅋㅋㅋㅋㅋ 소리만 지르게요? 가만히 있는 사람 팔뚝을 톡톡도 아니고 손아귀로 퍽퍽 때리면서 (진심 한 10번은 연속으로 계속 침) 나 따라와!!!! ㅎㅏ....... 내가 니 딸입니까? 울 엄마도 나 그렇게 우악스럽게 안 키웠어 ㅋㅋㅋ 직원 단도리 잘 하세요... 기분 개처나빠서 진짜 친구 생일 땜에 모인 거라 참았지 살다살다 식당 가서 이런 푸대접은 처음 ㅋ 직원이 본인 바쁘고 힘든 거 손님한테 푸는 곳 레전드 진짜;",존1니 싸가지 없어요 손님 때리고 소리 지름 본인 바쁘고 힘든 거 손님한테 로 푸는 곳 친구 만나서 반가워서 인사하려니까 후다닥 오더니 언니 언니 언니 조용히 해 EXCLAM 이러고 다른 손님 다 떠들고 그 씨끄러운 성수에서 QUESTION 지 따라 오랬다가 말랬다가 2층 따라오래서 움직이려니까 가만히있어 EXCLAM 이러면서 QUESTION 존니 큰소리를 소리만 지르게요 QUESTION 가만히 있는 사람 팔뚝을 톡톡도 아니고 손아귀로 퍽퍽 때리면서 진심 한 10번은 연속으로 계속 침 나 따라와 EXCLAM 내가 니 딸입니까 QUESTION 울 엄마도 나 그렇게 우악스럽게 안 키웠어 직원 단도리 잘 하세요 기분 개처나빠서 진짜 친구 생일 땜에 모인 거라 참았지 살다살다 식당 가서 이런 푸대접은 처음 직원이 본인 바쁘고 힘든 거 손님한테 푸는 곳 레전드 진짜,0,0,0,0,1,1,1,432,직원
kakao,뼈탄집 성수역점,김한길,2.0,2026-01-18,,,유명한 사람들도 많이 온 뼈탄집 정말 맛있게 잘먹었습니다 직원분들도 친절하시고 반찬류도 다 맛있고 배불러서 더 못시켜먹은게 아쉽네요…,74,False,5.0,5.0,브론즈 레벨,유명한 사람들도 많이 온 뼈탄집 정말 맛있게 잘먹었습니다 직원분들도 친절하시고 반찬류도 다 맛있고 배불러서 더 못시켜먹은게 아쉽네요…,유명한 사람들도 많이 온 뼈탄집 정말 맛있게 잘먹었습니다 직원분들도 친절하시고 반찬류도 다 맛있고 배불러서 더 못시켜먹은게 아쉽네요,0,0,0,0,0,0,0,74,"친절, 직원"
naver,성수족발,kimpotato,143.0,2025.12.25,1번째 방문,영수증,브레이크타임 끝나기전에 도착해서 웨이팅 20분정도했어요. 족발이 제 생각보다 더 달달한 맛이 강해서 달달한 족발 좋아하시는분들이 좋아하실것같아요 !,82,True,,,,브레이크타임 끝나기전에 도착해서 웨이팅 20분정도했어요. 족발이 제 생각보다 더 달달한 맛이 강해서 달달한 족발 좋아하시는분들이 좋아하실것같아요 !,브레이크타임 끝나기전에 도착해서 웨이팅 20분정도했어요 족발이 제 생각보다 더 달달한 맛이 강해서 달달한 족발 좋아하시는분들이 좋아하실것같아요 EXCLAM,0,0,0,0,1,0,1,82,웨이팅
kakao,태양곱창 성수,tong283,1.0,2025-02-13,,,약속 있어 성수 왔는데 식당을 예약 못해서 저녁 뭐 먹지 하다 발견해서 들어간 맛집이에요~추운 눈 내리는 날 얼큰한 곱창 전골 먹으니 몸이 따뜻해지며 맛있게 먹었어요~다음에 또 올게요,102,False,5.0,5.0,브론즈 레벨,약속 있어 성수 왔는데 식당을 예약 못해서 저녁 뭐 먹지 하다 발견해서 들어간 맛집이에요~추운 눈 내리는 날 얼큰한 곱창 전골 먹으니 몸이 따뜻해지며 맛있게 먹었어요~다음에 또 올게요,약속 있어 성수 왔는데 식당을 예약 못해서 저녁 뭐 먹지 하다 발견해서 들어간 맛집이에요 추운 눈 내리는 날 얼큰한 곱창 전골 먹으니 몸이 따뜻해지며 맛있게 먹었어요 다음에 또 올게요,0,0,0,0,0,0,0,102,예약
kakao,뼈탄집 성수역점,박다희,5.0,2026-04-05,,,"성수역 근처 고기집 찾다가 방문했는데 외관도 깔끔하고 웨이팅 공간이 잘 되어 있어서 기다리기 편했습니다. 내부도 넓고 쾌적해서 아이와 함께 방문하기에도 부담 없었어요. 직원분들이 정말 친절하시고, 고기를 처음부터 끝까지 다 구워주셔서 편하게 식사할 수 있었던 점이 특히 좋았습니다. 고기 퀄리티도 좋고 백김치, 마늘, 버섯, 대파 같이 구워 먹는 구성이 정말 맛있어요. 특히 구운 백김치랑 고기 조합 추천합니다! 곰취냉면도 깔끔한 맛이라 마무리로 좋았고 전체적으로 만족스러웠어요. 재방문 의사 있습니다 👍",282,True,5.0,5.0,브론즈 레벨,"성수역 근처 고기집 찾다가 방문했는데 외관도 깔끔하고 웨이팅 공간이 잘 되어 있어서 기다리기 편했습니다. 내부도 넓고 쾌적해서 아이와 함께 방문하기에도 부담 없었어요. 직원분들이 정말 친절하시고, 고기를 처음부터 끝까지 다 구워주셔서 편하게 식사할 수 있었던 점이 특히 좋았습니다. 고기 퀄리티도 좋고 백김치, 마늘, 버섯, 대파 같이 구워 먹는 구성이 정말 맛있어요. 특히 구운 백김치랑 고기 조합 추천합니다! 곰취냉면도 깔끔한 맛이라 마무리로 좋았고 전체적으로 만족스러웠어요. 재방문 의사 있습니다 👍",성수역 근처 고기집 찾다가 방문했는데 외관도 깔끔하고 웨이팅 공간이 잘 되어 있어서 기다리기 편했습니다 내부도 넓고 쾌적해서 아이와 함께 방문하기에도 부담 없었어요 직원분들이 정말 친절하시고 고기를 처음부터 끝까지 다 구워주셔서 편하게 식사할 수 있었던 점이 특히 좋았습니다 고기 퀄리티도 좋고 백김치 마늘 버섯 대파 같이 구워 먹는 구성이 정말 맛있어요 특히 구운 백김치랑 고기 조합 추천합니다 EXCLAM 곰취냉면도 깔끔한 맛이라 마무리로 좋았고 전체적으로 만족스러웠어요 재방문 의사 있습니다 EMO_POS,1,0,0,0,1,0,0,282,"친절, 직원, 구워주, 웨이팅"
kakao,능동미나리 성수점,깐깐하니,63.0,2025-06-06,,,휴일낮에 갔는데 10명정도 웨이팅있었지만 회전율이 빨라서 금방들어갔고 육회비빔밥이 간장양념이라서 걱정을 했는데 후기가 좋았던거처럼 진짜 너어어어무 맛있네요,86,True,5.0,2.9,실버 레벨,휴일낮에 갔는데 10명정도 웨이팅있었지만 회전율이 빨라서 금방들어갔고 육회비빔밥이 간장양념이라서 걱정을 했는데 후기가 좋았던거처럼 진짜 너어어어무 맛있네요,휴일낮에 갔는데 10명정도 웨이팅있었지만 회전율이 빨라서 금방들어갔고 육회비빔밥이 간장양념이라서 걱정을 했는데 후기가 좋았던거처럼 진짜 너어어무 맛있네요,0,0,0,0,0,0,1,86,웨이팅
naver,일등식당,nks****,54.0,2026.02.06,1번째 방문,영수증,전부터 궁금했지만 가까이 산다는 이유로 멀리했던… 평일 늦은 점심 약간의 웨이팅 후 입장 ! 원래 좀 뜨겁지 않게 나오나 싶을 정도의 온도감이었는데 후에 다른 후기들을 보니 그건 아닌거 같더라구요.. 먹으면서 시래기도 맛있고 고기도 너무 부드러워서 다음엔 포장해서 집에서 뜨겁게 끓여먹자고 말할 정도로 맛은 기억에 남습니다. 후추를 좋아하지만 여기는 안넣는게 개인적으론 더 좋았어요🤓 잘먹었습니다🔥,222,True,,,,전부터 궁금했지만 가까이 산다는 이유로 멀리했던… 평일 늦은 점심 약간의 웨이팅 후 입장 ! 원래 좀 뜨겁지 않게 나오나 싶을 정도의 온도감이었는데 후에 다른 후기들을 보니 그건 아닌거 같더라구요.. 먹으면서 시래기도 맛있고 고기도 너무 부드러워서 다음엔 포장해서 집에서 뜨겁게 끓여먹자고 말할 정도로 맛은 기억에 남습니다. 후추를 좋아하지만 여기는 안넣는게 개인적으론 더 좋았어요🤓 잘먹었습니다🔥,전부터 궁금했지만 가까이 산다는 이유로 멀리했던 평일 늦은 점심 약간의 웨이팅 후 입장 EXCLAM 원래 좀 뜨겁지 않게 나오나 싶을 정도의 온도감이었는데 후에 다른 후기들을 보니 그건 아닌거 같더라구요 먹으면서 시래기도 맛있고 고기도 너무 부드러워서 다음엔 포장해서 집에서 뜨겁게 끓여먹자고 말할 정도로 맛은 기억에 남습니다 후추를 좋아하지만 여기는 안넣는게 개인적으론 더 좋았어요 잘먹었습니다 EMO_POS,1,0,0,0,1,0,0,222,웨이팅
naver,쭌곱창,크51,27.0,2025.11.15,1번째 방문,영수증,곱창은 잡내 없이 잘 손질되어 있었고 직원분들이 직접 구워주셔서 편하게 맛있게 먹을 수 있었습니다. 사이드 메뉴들도 만족스러워서 술이 자연스럽게 들어가더군요. 다시 방문하고 싶은 곳입니다,104,True,,,,곱창은 잡내 없이 잘 손질되어 있었고 직원분들이 직접 구워주셔서 편하게 맛있게 먹을 수 있었습니다. 사이드 메뉴들도 만족스러워서 술이 자연스럽게 들어가더군요. 다시 방문하고 싶은 곳입니다,곱창은 잡내 없이 잘 손질되어 있었고 직원분들이 직접 구워주셔서 편하게 맛있게 먹을 수 있었습니다 사이드 메뉴들도 만족스러워서 술이 자연스럽게 들어가더군요 다시 방문하고 싶은 곳입니다,0,0,0,0,0,0,0,104,"직원, 구워주"
naver,홍대 육지,달빛52,1641.0,2026.02.13,1번째 방문,영수증,"전부터 와보고 싶었던 곳인데 웨이팅이 있어서 아쉬운 마음이 있어서 이번에 저녁 먹으러 왔더니 ! 때마침이 웨이팅이 없던 상태라 방문했고, 모둠고기한상 시켰는데 구성이 알차고 고기 질도 너무 좋았습니다 ! 다음에 또 방문할게요 !",127,True,,,,"전부터 와보고 싶었던 곳인데 웨이팅이 있어서 아쉬운 마음이 있어서 이번에 저녁 먹으러 왔더니 ! 때마침이 웨이팅이 없던 상태라 방문했고, 모둠고기한상 시켰는데 구성이 알차고 고기 질도 너무 좋았습니다 ! 다음에 또 방문할게요 !",전부터 와보고 싶었던 곳인데 웨이팅이 있어서 아쉬운 마음이 있어서 이번에 저녁 먹으러 왔더니 EXCLAM 때마침이 웨이팅이 없던 상태라 방문했고 모둠고기한상 시켰는데 구성이 알차고 고기 질도 너무 좋았습니다 EXCLAM 다음에 또 방문할게요 EXCLAM,0,0,0,0,1,0,0,127,웨이팅
naver,육산장 홍대본점,IDLER,23.0,2026.03.03,1번째 방문,영수증,쪼아요 쪼아요~ 고기질이 좋아요~ 쪼아요 쪼아요~ 친절해서 좋아요~,37,True,,,,쪼아요 쪼아요~ 고기질이 좋아요~ 쪼아요 쪼아요~ 친절해서 좋아요~,쪼아요 쪼아요 고기질이 좋아요 쪼아요 쪼아요 친절해서 좋아요,0,0,0,0,0,0,0,37,친절
naver,옥동식,lcy****,1996.0,2025.01.05,2번째 방문,영수증,"자꾸 생각나서 재방문했어요😳 원래 국밥 안 좋아 하는데 국밥러버 남자친구랑 갔다가 국밥에 눈이 트인 계기가 됐달까🥸 주문하면 5분 내로 나와서 좋고, 양은 일반으로 주문해도 배불러서 평소 먹는 양 적은 분들은 굳이 특 안시켜도 충분할 정도예요~! 앞에 대기 34팀 있을 때 2시간 정도 기다린 거 같아요. 매장 앞에 기다릴 공간이 마땅치 않으니 미리미리 캐치테이블 걸어 두고 가시길★",214,True,,,,"자꾸 생각나서 재방문했어요😳 원래 국밥 안 좋아 하는데 국밥러버 남자친구랑 갔다가 국밥에 눈이 트인 계기가 됐달까🥸 주문하면 5분 내로 나와서 좋고, 양은 일반으로 주문해도 배불러서 평소 먹는 양 적은 분들은 굳이 특 안시켜도 충분할 정도예요~! 앞에 대기 34팀 있을 때 2시간 정도 기다린 거 같아요. 매장 앞에 기다릴 공간이 마땅치 않으니 미리미리 캐치테이블 걸어 두고 가시길★",자꾸 생각나서 재방문했어요 원래 국밥 안 좋아 하는데 국밥러버 남자친구랑 갔다가 국밥에 눈이 트인 계기가 됐달까 주문하면 5분 내로 나와서 좋고 양은 일반으로 주문해도 배불러서 평소 먹는 양 적은 분들은 굳이 특 안시켜도 충분할 정도예요 EXCLAM 앞에 대기 34팀 있을 때 2시간 정도 기다린 거 같아요 매장 앞에 기다릴 공간이 마땅치 않으니 미리미리 캐치테이블 걸어 두고 가시길,0,0,0,0,1,0,1,214,"주문, 대기"
kakao,훼미리손칼국수보쌈,ㅇ,24.0,2026-03-20,,,웨이팅 좀 있지만 가성비 굿,15,False,4.0,4.2,실버 레벨,웨이팅 좀 있지만 가성비 굿,웨이팅 좀 있지만 가성비 굿,0,0,0,0,0,0,0,15,웨이팅
naver,훼미리손칼국수보쌈,또니5129,1107.0,2025.11.08,1번째 방문,영수증,인당 만오천원에 보쌈+칼국수 세트로 먹을 수 있다는게 가성비있습니다! 고기가 부드럽고 맛있어요. 칼국수는 후추가 많이 뿌려져서 호불호가 갈릴 수 있겠어요. 참고로 주말 오픈런 했는데도 웨이팅했어요..,111,True,,,,인당 만오천원에 보쌈+칼국수 세트로 먹을 수 있다는게 가성비있습니다! 고기가 부드럽고 맛있어요. 칼국수는 후추가 많이 뿌려져서 호불호가 갈릴 수 있겠어요. 참고로 주말 오픈런 했는데도 웨이팅했어요..,인당 만오천원에 보쌈 칼국수 세트로 먹을 수 있다는게 가성비있습니다 EXCLAM 고기가 부드럽고 맛있어요 칼국수는 후추가 많이 뿌려져서 호불호가 갈릴 수 있겠어요 참고로 주말 오픈런 했는데도 웨이팅했어요,0,0,0,0,1,0,0,111,웨이팅
kakao,육지,정연실,1.0,2025-07-04,,,직원분들 바쁘시지만 다 구워주시고 친절하셔서 잘먹었습니당~ 물론 모든 음식 짱맛😉👍,46,True,5.0,5.0,브론즈 레벨,직원분들 바쁘시지만 다 구워주시고 친절하셔서 잘먹었습니당~ 물론 모든 음식 짱맛😉👍,직원분들 바쁘시지만 다 구워주시고 친절하셔서 잘먹었습니당 물론 모든 음식 짱맛 EMO_POS,1,0,0,0,0,0,0,46,"친절, 직원, 구워주"
kakao,훼미리손칼국수보쌈,이대로,1.0,2025-06-01,,,"위생최악 고추 달라고 했더니 뒤 테이블이 남긴 고추 🌶 그대로 갖다 주네요 .식사중인 저희 테이블에서 수저통 정리,주변 테이블 다대기통 하나로 합치기를 자꾸하시는지.. 보쌈 맛은 평범 칼국수면은 흐물텅 합니다. 왜 줄서서 먹는지 이해 안감 다시는 안가요",141,True,1.0,1.0,브론즈 레벨,"위생최악 고추 달라고 했더니 뒤 테이블이 남긴 고추 🌶 그대로 갖다 주네요 .식사중인 저희 테이블에서 수저통 정리,주변 테이블 다대기통 하나로 합치기를 자꾸하시는지.. 보쌈 맛은 평범 칼국수면은 흐물텅 합니다. 왜 줄서서 먹는지 이해 안감 다시는 안가요",위생최악 고추 달라고 했더니 뒤 테이블이 남긴 고추 그대로 갖다 주네요 식사중인 저희 테이블에서 수저통 정리 주변 테이블 다대기통 하나로 합치기를 자꾸하시는지 보쌈 맛은 평범 칼국수면은 흐물텅 합니다 왜 줄서서 먹는지 이해 안감 다시는 안가요,0,0,0,0,0,0,0,141,대기
naver,훼미리손칼국수보쌈,SiriJini,54.0,2025.10.15,1번째 방문,영수증,"보쌈정식은 점심 저녁 관계없이 주문이 가능하다. 양이 적어보일 수 있으나 밥까지 말아먹으면 배가 진짜 부르고, 가성비가 좋다. 외국인 관광객들도 종종 보임.",87,True,,,,"보쌈정식은 점심 저녁 관계없이 주문이 가능하다. 양이 적어보일 수 있으나 밥까지 말아먹으면 배가 진짜 부르고, 가성비가 좋다. 외국인 관광객들도 종종 보임.",보쌈정식은 점심 저녁 관계없이 주문이 가능하다 양이 적어보일 수 있으나 밥까지 말아먹으면 배가 진짜 부르고 가성비가 좋다 외국인 관광객들도 종종 보임,0,0,0,0,0,0,0,87,주문
kakao,소문난성수감자탕,+,20.0,2026-01-12,,,위생 최악에 맛도 그냥 그래요.. 직원들도 불친절하세요,30,False,1.0,2.8,실버 레벨,위생 최악에 맛도 그냥 그래요.. 직원들도 불친절하세요,위생 최악에 맛도 그냥 그래요 직원들도 불친절하세요,0,0,0,0,0,0,0,30,"친절, 불친절, 직원"
naver,성수족발,JAYBY,9.0,2025.08.30,1번째 방문,예약,"사장님, 근 15년째 이용중인데, 야채가 다 물러터졌습니다. 전화는 원래 안받으시는거 아는데, 오랜만에 포장해 왔는데, 마음이 좋지않네요.",77,True,,,,"사장님, 근 15년째 이용중인데, 야채가 다 물러터졌습니다. 전화는 원래 안받으시는거 아는데, 오랜만에 포장해 왔는데, 마음이 좋지않네요.",사장님 근 15년째 이용중인데 야채가 다 물러터졌습니다 전화는 원래 안받으시는거 아는데 오랜만에 포장해 왔는데 마음이 좋지않네요,0,0,0,0,0,0,1,77,사장님
naver,소문난성수감자탕,신선선,550.0,2025.12.21,1번째 방문,영수증,나쁘지는 않았는데 웨이팅하면서 먹기엔 좀 곤란함. 자극적이지 않아서 호불호는 좀 있을듯. 볶음밥은 참기름맛이 강했고 맛도리는 아님. 수제비 사리는 즉석에서 반죽을 잘라서 넣어주는데 괜찮았음,105,True,,,,나쁘지는 않았는데 웨이팅하면서 먹기엔 좀 곤란함. 자극적이지 않아서 호불호는 좀 있을듯. 볶음밥은 참기름맛이 강했고 맛도리는 아님. 수제비 사리는 즉석에서 반죽을 잘라서 넣어주는데 괜찮았음,나쁘지는 않았는데 웨이팅하면서 먹기엔 좀 곤란함 자극적이지 않아서 호불호는 좀 있을듯 볶음밥은 참기름맛이 강했고 맛도리는 아님 수제비 사리는 즉석에서 반죽을 잘라서 넣어주는데 괜찮았음,0,0,0,0,0,0,0,105,웨이팅
kakao,원조조박집 본관,스페셜리스트,273.0,2025-07-31,,,친절하고 맛있네요,9,False,4.0,3.4,골드 레벨,친절하고 맛있네요,친절하고 맛있네요,0,0,0,0,0,0,0,9,친절
naver,육산장 홍대본점,최제윤,46.0,2026.04.11,1번째 방문,영수증,요새 날씨도 좋아서 바깥에서 먹으니 기분도 좋고 시원하네요 서비스도 좋아요~,42,True,,,,요새 날씨도 좋아서 바깥에서 먹으니 기분도 좋고 시원하네요 서비스도 좋아요~,요새 날씨도 좋아서 바깥에서 먹으니 기분도 좋고 시원하네요 서비스도 좋아요,0,0,0,0,0,0,0,42,서비스
kakao,소문난성수감자탕,냠,351.0,2025-10-03,,,줄이 길어도 웨이팅 금방 빠져서 좋아요 감자탕 자체의 맛은 무난한 느낌인데 찍어 먹는 소스 맛이 미쳤어요,58,False,4.0,3.7,골드 레벨,줄이 길어도 웨이팅 금방 빠져서 좋아요 감자탕 자체의 맛은 무난한 느낌인데 찍어 먹는 소스 맛이 미쳤어요,줄이 길어도 웨이팅 금방 빠져서 좋아요 감자탕 자체의 맛은 무난한 느낌인데 찍어 먹는 소스 맛이 미쳤어요,0,0,0,0,0,0,0,58,웨이팅
naver,금금 성수점,ddessr,25.0,2026.04.03,1번째 방문,영수증,"와… 여기 진짜 미쳤어요;; 그냥 배 채우려고 들어왔는데 인생 맛집 발견한 기분…🤤 한입 먹자마자 ‘아 여기 찐이다’ 싶어서 계속 감탄하면서 먹었어요ㅋㅋ 음식 하나하나 정성 들어간 게 느껴지고 간도 완전 딱 맞아서 멈출 수가 없음…✨ 무엇보다 사장님 센스가 장난 아니세요ㅠㅠ 응대도 너무 기분 좋게 해주시고 세심하게 챙겨주셔서 먹는 내내 행복했어요🥹 분위기도 아늑하고 깔끔해서 그냥 앉아있는 것만으로도 힐링되는 느낌…💛 맛, 서비스, 분위기까지 완벽한 곳이라 재방문 100% 확정입니다🔥 다음엔 친구들 데리고 또 올게요!!",292,True,,,,"와… 여기 진짜 미쳤어요;; 그냥 배 채우려고 들어왔는데 인생 맛집 발견한 기분…🤤 한입 먹자마자 ‘아 여기 찐이다’ 싶어서 계속 감탄하면서 먹었어요ㅋㅋ 음식 하나하나 정성 들어간 게 느껴지고 간도 완전 딱 맞아서 멈출 수가 없음…✨ 무엇보다 사장님 센스가 장난 아니세요ㅠㅠ 응대도 너무 기분 좋게 해주시고 세심하게 챙겨주셔서 먹는 내내 행복했어요🥹 분위기도 아늑하고 깔끔해서 그냥 앉아있는 것만으로도 힐링되는 느낌…💛 맛, 서비스, 분위기까지 완벽한 곳이라 재방문 100% 확정입니다🔥 다음엔 친구들 데리고 또 올게요!!",와 여기 진짜 미쳤어요 그냥 배 채우려고 들어왔는데 인생 맛집 발견한 기분 한입 먹자마자 아 여기 찐이다 싶어서 계속 감탄하면서 먹었어요 음식 하나하나 정성 들어간 게 느껴지고 간도 완전 딱 맞아서 멈출 수가 없음 EMO_POS 무엇보다 사장님 센스가 장난 아니세요 응대도 너무 기분 좋게 해주시고 세심하게 챙겨주셔서 먹는 내내 행복했어요 분위기도 아늑하고 깔끔해서 그냥 앉아있는 것만으로도 힐링되는 느낌 EMO_POS 맛 서비스 분위기까지 완벽한 곳이라 재방문 100 확정입니다 EMO_POS 다음엔 친구들 데리고 또 올게요 EXCLAM,1,0,0,1,1,0,1,292,"서비스, 응대, 사장님"
naver,할머니의 레시피,고소라떼,893.0,2025.09.03,1번째 방문,영수증,쌈밥정식과 비빔밥불고기정식을 주문했는데 자극적이지 않고 담백해서 건강하게 한 끼 잘 먹은 느낌이었습니다.,58,True,,,,쌈밥정식과 비빔밥불고기정식을 주문했는데 자극적이지 않고 담백해서 건강하게 한 끼 잘 먹은 느낌이었습니다.,쌈밥정식과 비빔밥불고기정식을 주문했는데 자극적이지 않고 담백해서 건강하게 한 끼 잘 먹은 느낌이었습니다,0,0,0,0,0,0,0,58,주문
naver,뼈탄집 성수역점,다라ㅁ,37.0,2026.03.14,1번째 방문,영수증,"성수 고기 맛집이라 들어서 바로 달려왔는데 운 좋게 웨이팅 없이 먹을 수 있었어요!😄🫶 고기 질도 너무 좋고, 내부도 깨끗하고, 무엇보다 직원분들이 너무 친절하세요😊 다음에 또 와서 먹을 것 같아요!",111,True,,,,"성수 고기 맛집이라 들어서 바로 달려왔는데 운 좋게 웨이팅 없이 먹을 수 있었어요!😄🫶 고기 질도 너무 좋고, 내부도 깨끗하고, 무엇보다 직원분들이 너무 친절하세요😊 다음에 또 와서 먹을 것 같아요!",성수 고기 맛집이라 들어서 바로 달려왔는데 운 좋게 웨이팅 없이 먹을 수 있었어요 EXCLAM EMO_POS 고기 질도 너무 좋고 내부도 깨끗하고 무엇보다 직원분들이 너무 친절하세요 EMO_POS 다음에 또 와서 먹을 것 같아요 EXCLAM,1,0,0,0,1,0,0,111,"친절, 직원, 웨이팅"
kakao,옥동식 서교점,돌슐랭,635.0,2025-09-12,,,"장점: 깔끔하고 정갈한 맛과 플레이팅, 국밥 한그릇이지만 대접받는 느낌 단점: 웨이팅 너무 길고 만두는 별로임, 포장은 2인분부터 가능 그래도 포장해오는게 좋음 집오면 생각남 - 8개월 지난 재방문 후기 고기 몇점에서 1cm 정도 그을린 돼지털이 촘촘하게 박혀있는게 보임 하얀 국밥과 대조되서 역겨웠고 잡내도 있어서 전에 맛있게 먹었던 곳과 도저히 같다고 믿기 힘든 퀄리티였음 재방문의사X",217,True,2.0,3.9,골드 레벨,"장점: 깔끔하고 정갈한 맛과 플레이팅, 국밥 한그릇이지만 대접받는 느낌 단점: 웨이팅 너무 길고 만두는 별로임, 포장은 2인분부터 가능 그래도 포장해오는게 좋음 집오면 생각남 - 8개월 지난 재방문 후기 고기 몇점에서 1cm 정도 그을린 돼지털이 촘촘하게 박혀있는게 보임 하얀 국밥과 대조되서 역겨웠고 잡내도 있어서 전에 맛있게 먹었던 곳과 도저히 같다고 믿기 힘든 퀄리티였음 재방문의사X",장점 깔끔하고 정갈한 맛과 플레이팅 국밥 한그릇이지만 대접받는 느낌 단점 웨이팅 너무 길고 만두는 별로임 포장은 2인분부터 가능 그래도 포장해오는게 좋음 집오면 생각남 8개월 지난 재방문 후기 고기 몇점에서 1cm 정도 그을린 돼지털이 촘촘하게 박혀있는게 보임 하얀 국밥과 대조되서 역겨웠고 잡내도 있어서 전에 맛있게 먹었던 곳과 도저히 같다고 믿기 힘든 퀄리티였음 재방문의사X,0,0,0,0,0,0,1,217,웨이팅
naver,뼈탄집 성수역점,kim012695,78.0,2026.01.18,1번째 방문,영수증,성수에서 고기먹고싶어서 방문했습니다 유명한사람도 엄청 많이왔고 외국인이 정말 많더라구요 그래서 그런가 직원분들이 매우 친절하시고 고기도 정말 맛있었습니다!! 먹는방법도 다양하게 알려주시고 마지막으로 볶음밥까지 배터지게 먹고왔습니다~ 맛있어요!!,136,True,,,,성수에서 고기먹고싶어서 방문했습니다 유명한사람도 엄청 많이왔고 외국인이 정말 많더라구요 그래서 그런가 직원분들이 매우 친절하시고 고기도 정말 맛있었습니다!! 먹는방법도 다양하게 알려주시고 마지막으로 볶음밥까지 배터지게 먹고왔습니다~ 맛있어요!!,성수에서 고기먹고싶어서 방문했습니다 유명한사람도 엄청 많이왔고 외국인이 정말 많더라구요 그래서 그런가 직원분들이 매우 친절하시고 고기도 정말 맛있었습니다 EXCLAM 먹는방법도 다양하게 알려주시고 마지막으로 볶음밥까지 배터지게 먹고왔습니다 맛있어요 EXCLAM,0,0,0,0,1,0,0,136,"친절, 직원"
naver,금금 성수점,슬741,26.0,2026.02.09,1번째 방문,영수증,음식이 다 맛있어요. 4명이라 예약하고갔는데 자리가 넓어서 좋았어요. 메뉴가 다 중복되는 맛이아니라 여러개를즐길수있어좋네요,68,True,,,,음식이 다 맛있어요. 4명이라 예약하고갔는데 자리가 넓어서 좋았어요. 메뉴가 다 중복되는 맛이아니라 여러개를즐길수있어좋네요,음식이 다 맛있어요 4명이라 예약하고갔는데 자리가 넓어서 좋았어요 메뉴가 다 중복되는 맛이아니라 여러개를즐길수있어좋네요,0,0,0,0,0,0,1,68,예약
naver,황금콩밭,joycham,2573.0,2025.09.28,1번째 방문,영수증,부모님이 청국장 좋아하셔서 방문했어요. 구수한 시골청국장이 아니라 아쉬웠는데 부모님과 함께 한 식사여서 나름 즐기고 왔습니다. 직원 언니 친절하시니 너무 좋았어요 평이하게 식사할 수 있는 곳이었네요,110,True,,,,부모님이 청국장 좋아하셔서 방문했어요. 구수한 시골청국장이 아니라 아쉬웠는데 부모님과 함께 한 식사여서 나름 즐기고 왔습니다. 직원 언니 친절하시니 너무 좋았어요 평이하게 식사할 수 있는 곳이었네요,부모님이 청국장 좋아하셔서 방문했어요 구수한 시골청국장이 아니라 아쉬웠는데 부모님과 함께 한 식사여서 나름 즐기고 왔습니다 직원 언니 친절하시니 너무 좋았어요 평이하게 식사할 수 있는 곳이었네요,0,0,0,0,0,0,0,110,"친절, 직원"
naver,소문난성수감자탕,mi****,20.0,2026.01.16,1번째 방문,예약,감자탕 맛은 평범한 편이에요. 오히려 요새 맛있는 집들이 많아져서 평균 이하인 것 같기도? 음식이 진짜 엄청 빨리 나오긴 합니다. 근데 서빙하시는 분들 서비스는 한번쯤 다시 생각해보실 필요가 있을 것 같아요. 아무리 그래도 손님인데 테이블에 공기밥을 던지듯이..ㅎㅎ 외국인 손님들이 많아서 괜찮으려나요,168,False,,,,감자탕 맛은 평범한 편이에요. 오히려 요새 맛있는 집들이 많아져서 평균 이하인 것 같기도? 음식이 진짜 엄청 빨리 나오긴 합니다. 근데 서빙하시는 분들 서비스는 한번쯤 다시 생각해보실 필요가 있을 것 같아요. 아무리 그래도 손님인데 테이블에 공기밥을 던지듯이..ㅎㅎ 외국인 손님들이 많아서 괜찮으려나요,감자탕 맛은 평범한 편이에요 오히려 요새 맛있는 집들이 많아져서 평균 이하인 것 같기도 QUESTION 음식이 진짜 엄청 빨리 나오긴 합니다 근데 서빙하시는 분들 서비스는 한번쯤 다시 생각해보실 필요가 있을 것 같아요 아무리 그래도 손님인데 테이블에 공기밥을 던지듯이 외국인 손님들이 많아서 괜찮으려나요,0,0,0,0,0,1,0,168,"서비스, 서빙, 빨리"
kakao,육지,박호성,1.0,2025-10-07,,,너무 맛나게 먹었습니다 직원분들 너뮤 친절보스~~ 또 올게용,33,False,5.0,5.0,브론즈 레벨,너무 맛나게 먹었습니다 직원분들 너뮤 친절보스~~ 또 올게용,너무 맛나게 먹었습니다 직원분들 너뮤 친절보스 TILDE 또 올게용,0,0,0,0,0,0,0,33,"친절, 직원"
naver,육산장 홍대본점,Zzok,93.0,2026.02.12,1번째 방문,영수증,직원들친절하고 맛있었어요!!!!,17,True,,,,직원들친절하고 맛있었어요!!!!,직원들친절하고 맛있었어요 EXCLAM,0,0,0,0,1,0,0,17,"친절, 직원"
naver,쭌곱창,jeo****,41.0,2025.12.19,1번째 방문,예약,음식이 너무 맛있어요!! 직원분들도 착하시고 맛있게 잘 먹구 가구 재방문의사 있어요!!,48,True,,,,음식이 너무 맛있어요!! 직원분들도 착하시고 맛있게 잘 먹구 가구 재방문의사 있어요!!,음식이 너무 맛있어요 EXCLAM 직원분들도 착하시고 맛있게 잘 먹구 가구 재방문의사 있어요 EXCLAM,0,0,0,0,1,0,0,48,직원
naver,홍대 육지,이끼17,13.0,2026.04.25,1번째 방문,영수증,"고기 다 구워주시고 고기 맛있어요. 고기 다먹고 채소도 구워 먹었는데, 채소도 맛있어요. 특히 양파가 너무 달았어요 정보 없이 웨이팅 딱 없을때 들어왔는데, 맛있게 먹고 갔어요",98,True,,,,"고기 다 구워주시고 고기 맛있어요. 고기 다먹고 채소도 구워 먹었는데, 채소도 맛있어요. 특히 양파가 너무 달았어요 정보 없이 웨이팅 딱 없을때 들어왔는데, 맛있게 먹고 갔어요",고기 다 구워주시고 고기 맛있어요 고기 다먹고 채소도 구워 먹었는데 채소도 맛있어요 특히 양파가 너무 달았어요 정보 없이 웨이팅 딱 없을때 들어왔는데 맛있게 먹고 갔어요,0,0,0,0,0,0,0,98,"구워주, 웨이팅"
naver,락희옥 마포본점,5266gy,30.0,2025.10.11,1번째 방문,영수증,분위기 넘 조용해서 이야기하기 좋아요! 직원분들도 넘 친절하시네요 맛있는 술 많고 안주 맛있습니다☺️💛,57,True,,,,분위기 넘 조용해서 이야기하기 좋아요! 직원분들도 넘 친절하시네요 맛있는 술 많고 안주 맛있습니다☺️💛,분위기 넘 조용해서 이야기하기 좋아요 EXCLAM 직원분들도 넘 친절하시네요 맛있는 술 많고 안주 맛있습니다 EMO_POS,1,0,0,0,1,0,0,57,"친절, 직원"
naver,옥동식,댕댕이와숨바꼭질,136.0,2026.01.08,1번째 방문,영수증,정갈한 한끼 식사 기분좋게 하고 갑니다. 쌀밥의 익힘정도가 훌륭합니다😎 다른 것보다 고소한 밥이 진짜 예술! 씹을 때 알알이 느껴지는 게 매력적이에요. 그리고 고추지 레시피 알고 싶다.. 고추지 진짜 맛있어욤.. 저 술 좋아하는데 곰탕 한그릇에 이렇게 보리소주 곁들일 수 있게 잔술로 파는 것도 너무 좋은 거 같아요ㅠ 소주는 약간 달달한 청주느낌이었고 묵직하게 도수감 느껴져서 잘어울렸어요. 깔끔하고 따땃하고 군더더기 없다.. 조용하고 편안한 분위기라 식사에 집중하기 좋았습니다. (웨이팅: 4시에 리스팅하고 7시 경 입장. 대기번호 5번째 호출당한 이후로도 밖에서 떨면서 40분 이상 대기했어요😭🥶),336,True,,,,정갈한 한끼 식사 기분좋게 하고 갑니다. 쌀밥의 익힘정도가 훌륭합니다😎 다른 것보다 고소한 밥이 진짜 예술! 씹을 때 알알이 느껴지는 게 매력적이에요. 그리고 고추지 레시피 알고 싶다.. 고추지 진짜 맛있어욤.. 저 술 좋아하는데 곰탕 한그릇에 이렇게 보리소주 곁들일 수 있게 잔술로 파는 것도 너무 좋은 거 같아요ㅠ 소주는 약간 달달한 청주느낌이었고 묵직하게 도수감 느껴져서 잘어울렸어요. 깔끔하고 따땃하고 군더더기 없다.. 조용하고 편안한 분위기라 식사에 집중하기 좋았습니다. (웨이팅: 4시에 리스팅하고 7시 경 입장. 대기번호 5번째 호출당한 이후로도 밖에서 떨면서 40분 이상 대기했어요😭🥶),정갈한 한끼 식사 기분좋게 하고 갑니다 쌀밥의 익힘정도가 훌륭합니다 EMO_POS 다른 것보다 고소한 밥이 진짜 예술 EXCLAM 씹을 때 알알이 느껴지는 게 매력적이에요 그리고 고추지 레시피 알고 싶다 고추지 진짜 맛있어욤 저 술 좋아하는데 곰탕 한그릇에 이렇게 보리소주 곁들일 수 있게 잔술로 파는 것도 너무 좋은 거 같아요 소주는 약간 달달한 청주느낌이었고 묵직하게 도수감 느껴져서 잘어울렸어요 깔끔하고 따땃하고 군더더기 없다 조용하고 편안한 분위기라 식사에 집중하기 좋았습니다 웨이팅 4시에 리스팅하고 7시 경 입장 대기번호 5번째 호출당한 이후로도 밖에서 떨면서 40분 이상 대기했어요 EMO_NEG,1,1,0,0,1,0,1,336,"웨이팅, 대기"
kakao,육지,ㅎㅎㅎㅎ,6.0,2025-10-11,,,"벌집이 정말 맛있고 깍둑볶음밥도 정말 맛있어요!! 일단 구워주셔서 편하게 먹을 수 있었고, 다른 메뉴도 맛있었습니다 💕",66,True,5.0,4.3,실버 레벨,"벌집이 정말 맛있고 깍둑볶음밥도 정말 맛있어요!! 일단 구워주셔서 편하게 먹을 수 있었고, 다른 메뉴도 맛있었습니다 💕",벌집이 정말 맛있고 깍둑볶음밥도 정말 맛있어요 EXCLAM 일단 구워주셔서 편하게 먹을 수 있었고 다른 메뉴도 맛있었습니다 EMO_POS,1,0,0,0,1,0,0,66,구워주
naver,훼미리손칼국수보쌈,세계여행7995,2188.0,2025.12.14,1번째 방문,영수증,웨이팅이 엄청나네요 맛있어요,15,True,,,,웨이팅이 엄청나네요 맛있어요,웨이팅이 엄청나네요 맛있어요,0,0,0,0,0,0,0,15,웨이팅
naver,뼈탄집 성수역점,mun****,94.0,2026.04.09,3번째 방문,영수증,제가 서촌 시청 을지로 안가본 뼈탄집이 없습니다 성수점을 제일 많이와요 친절하고 찌개도 맛있읍니다 또올거에요,60,True,,,,제가 서촌 시청 을지로 안가본 뼈탄집이 없습니다 성수점을 제일 많이와요 친절하고 찌개도 맛있읍니다 또올거에요,제가 서촌 시청 을지로 안가본 뼈탄집이 없습니다 성수점을 제일 많이와요 친절하고 찌개도 맛있읍니다 또올거에요,0,0,0,0,0,0,0,60,친절
kakao,능동미나리 성수점,박민선,2.0,2025-06-26,,,생각보다 쾌적하고 음식도 빨리나와요!,20,True,5.0,5.0,브론즈 레벨,생각보다 쾌적하고 음식도 빨리나와요!,생각보다 쾌적하고 음식도 빨리나와요 EXCLAM,0,0,0,0,1,0,0,20,빨리
naver,육산장 홍대본점,jee****,3.0,2026.04.23,1번째 방문,영수증,"직원분들도 친절하시고, 감성있음. 고기도 맛있음",26,True,,,,"직원분들도 친절하시고, 감성있음. 고기도 맛있음",직원분들도 친절하시고 감성있음 고기도 맛있음,0,0,0,0,0,0,0,26,"친절, 직원"
kakao,을밀대 본점,바깥밥백선생,95.0,2025-02-17,,,“거냉 양많이에 녹두전이요” 가게 문턱 넘어서며 숨쉬듯 내뱉는 주문입니다. 육수맛은 물론이고 면이 굵기 적당하게 탱글하고 메밀향 가득해서 먹을 때마다 만족스럽고 기분이 좋아요. 녹두전은 기름에 바싹 튀기다싶이 해서 아주 바삭바삭하고 녹두보다 고기의 비율이 현저히 높습니다. 이건 좀 기름져서 호불호가 갈릴 수는 있겠는데 저는 매번 맛있게 먹습니다. 변함없이 맛 유지해 주셔서 감사합니다. 오래오래 번창하십시오.,229,False,5.0,3.7,골드 레벨,“거냉 양많이에 녹두전이요” 가게 문턱 넘어서며 숨쉬듯 내뱉는 주문입니다. 육수맛은 물론이고 면이 굵기 적당하게 탱글하고 메밀향 가득해서 먹을 때마다 만족스럽고 기분이 좋아요. 녹두전은 기름에 바싹 튀기다싶이 해서 아주 바삭바삭하고 녹두보다 고기의 비율이 현저히 높습니다. 이건 좀 기름져서 호불호가 갈릴 수는 있겠는데 저는 매번 맛있게 먹습니다. 변함없이 맛 유지해 주셔서 감사합니다. 오래오래 번창하십시오.,거냉 양많이에 녹두전이요 가게 문턱 넘어서며 숨쉬듯 내뱉는 주문입니다 육수맛은 물론이고 면이 굵기 적당하게 탱글하고 메밀향 가득해서 먹을 때마다 만족스럽고 기분이 좋아요 녹두전은 기름에 바싹 튀기다싶이 해서 아주 바삭바삭하고 녹두보다 고기의 비율이 현저히 높습니다 이건 좀 기름져서 호불호가 갈릴 수는 있겠는데 저는 매번 맛있게 먹습니다 변함없이 맛 유지해 주셔서 감사합니다 오래오래 번창하십시오,0,0,0,0,0,0,0,229,주문
naver,홍대 육지,20250520,189.0,2026.04.12,1번째 방문,영수증,"와인 콜키지도 되고 , 고기질이 되게 좋네요 완전 추천 . 웨이팅 많다고 했는데 일요일이라 그런지 금방 들어왔어요 ㅎㅎ 계란찜도 볶음밥도 맛나요",80,True,,,,"와인 콜키지도 되고 , 고기질이 되게 좋네요 완전 추천 . 웨이팅 많다고 했는데 일요일이라 그런지 금방 들어왔어요 ㅎㅎ 계란찜도 볶음밥도 맛나요",와인 콜키지도 되고 고기질이 되게 좋네요 완전 추천 웨이팅 많다고 했는데 일요일이라 그런지 금방 들어왔어요 계란찜도 볶음밥도 맛나요,0,0,0,0,0,0,0,80,웨이팅
kakao,이태리국시 성수,염혜선(Sunny),1.0,2026-03-29,,,너무 즐거운 식사였습니다! 메뉴도 특색있고 와인콜키지 서비스도 너무 좋았어요,42,True,5.0,5.0,브론즈 레벨,너무 즐거운 식사였습니다! 메뉴도 특색있고 와인콜키지 서비스도 너무 좋았어요,너무 즐거운 식사였습니다 EXCLAM 메뉴도 특색있고 와인콜키지 서비스도 너무 좋았어요,0,0,0,0,1,0,0,42,서비스
naver,조선시대,Ria0124,423.0,2025.11.10,1번째 방문,영수증,매장을 조선시대 같이 꾸며놔서 분위기가 좋더라고요!ㅎㅎ 다양한 술들이 다양하게 있어서 너무 좋았어요! 딸기막걸리는 달달한 딸기우유에 살짝 막걸리가 섞인 맛이라 술맛이 거의 안나고 달달해서 맛있게 마셨고 동동주도 호리병에 나오고 맛도 있었어요! 두부김치 삼합도 막걸리에 안주로 먹기 딱 좋았어요~ 매장이 넓기도 하고 바쁘신데도 직원분이 친절하셔서 좋았어요!☺️,200,True,,,,매장을 조선시대 같이 꾸며놔서 분위기가 좋더라고요!ㅎㅎ 다양한 술들이 다양하게 있어서 너무 좋았어요! 딸기막걸리는 달달한 딸기우유에 살짝 막걸리가 섞인 맛이라 술맛이 거의 안나고 달달해서 맛있게 마셨고 동동주도 호리병에 나오고 맛도 있었어요! 두부김치 삼합도 막걸리에 안주로 먹기 딱 좋았어요~ 매장이 넓기도 하고 바쁘신데도 직원분이 친절하셔서 좋았어요!☺️,매장을 조선시대 같이 꾸며놔서 분위기가 좋더라고요 EXCLAM 다양한 술들이 다양하게 있어서 너무 좋았어요 EXCLAM 딸기막걸리는 달달한 딸기우유에 살짝 막걸리가 섞인 맛이라 술맛이 거의 안나고 달달해서 맛있게 마셨고 동동주도 호리병에 나오고 맛도 있었어요 EXCLAM 두부김치 삼합도 막걸리에 안주로 먹기 딱 좋았어요 매장이 넓기도 하고 바쁘신데도 직원분이 친절하셔서 좋았어요 EXCLAM,0,0,0,0,1,0,0,200,"친절, 직원"
naver,락희옥 마포본점,gㅡyㅡjoo,345.0,2025.09.18,1번째 방문,영수증,"회사 동료분들과 청모 겸 방문했는데, 매번 올때마다 맛있어요!!! 직원분들도 정말 친절하시고, 음식도 빠르게 나오는 편이라 모임에두 아주 좋은 식당입니다!! QR코드로 주문할 수 있는 테이블 주문도 생겼는데 훨씬 편합니다!!",125,True,,,,"회사 동료분들과 청모 겸 방문했는데, 매번 올때마다 맛있어요!!! 직원분들도 정말 친절하시고, 음식도 빠르게 나오는 편이라 모임에두 아주 좋은 식당입니다!! QR코드로 주문할 수 있는 테이블 주문도 생겼는데 훨씬 편합니다!!",회사 동료분들과 청모 겸 방문했는데 매번 올때마다 맛있어요 EXCLAM 직원분들도 정말 친절하시고 음식도 빠르게 나오는 편이라 모임에두 아주 좋은 식당입니다 EXCLAM QR코드로 주문할 수 있는 테이블 주문도 생겼는데 훨씬 편합니다 EXCLAM,0,0,0,0,1,0,0,125,"친절, 직원, 주문"
kakao,육산장 홍대본점,Yoona,1.0,2025-10-09,,,구성도 알차고 육질이 좋아요! 서비스도 좋아서 재방문 할것 같습니다!,38,True,5.0,5.0,브론즈 레벨,구성도 알차고 육질이 좋아요! 서비스도 좋아서 재방문 할것 같습니다!,구성도 알차고 육질이 좋아요 EXCLAM 서비스도 좋아서 재방문 할것 같습니다 EXCLAM,0,0,0,0,1,0,0,38,서비스
naver,이태리국시 성수,웅쓰27,20.0,2026.05.09,1번째 방문,영수증,성수 이태리국시 처음와봣는데 양식을 먹으면서 한식을 먹는거처럼 부담스럽지않고 맛있습니다~ 다음엔 미리 웨이팅해서 방문할생각입니다,71,True,,,,성수 이태리국시 처음와봣는데 양식을 먹으면서 한식을 먹는거처럼 부담스럽지않고 맛있습니다~ 다음엔 미리 웨이팅해서 방문할생각입니다,성수 이태리국시 처음와봣는데 양식을 먹으면서 한식을 먹는거처럼 부담스럽지않고 맛있습니다 다음엔 미리 웨이팅해서 방문할생각입니다,0,0,0,0,0,0,0,71,웨이팅
kakao,일등식당,서강주,14.0,2025-09-04,,,먹다가 비닐봉ㅈ 같은거 나오ㅓ씀 초심 잃은듯 사장님🥲,29,False,1.0,2.3,브론즈 레벨,먹다가 비닐봉ㅈ 같은거 나오ㅓ씀 초심 잃은듯 사장님🥲,먹다가 비닐봉 같은거 나오 씀 초심 잃은듯 사장님,0,0,0,0,0,0,0,29,사장님
kakao,소문난성수감자탕,호카게,8.0,2025-04-08,,,"아줌마 개불친절. 손님이 자기보다 젊다고 아래로 보는듯. 말하는 게 굉장히 무례함. 그리고 맛은 싱겁고, 고기양도 별로 없고 질기기까지한 감자탕임. 왜 이정도로 유명해지고 줄도 많은지 노이해... 중국, 일본 등 외국인 관광객들이 많던데 관광객 장사인 거 같기도..",148,False,1.0,3.5,브론즈 레벨,"아줌마 개불친절. 손님이 자기보다 젊다고 아래로 보는듯. 말하는 게 굉장히 무례함. 그리고 맛은 싱겁고, 고기양도 별로 없고 질기기까지한 감자탕임. 왜 이정도로 유명해지고 줄도 많은지 노이해... 중국, 일본 등 외국인 관광객들이 많던데 관광객 장사인 거 같기도..",아줌마 개불친절 손님이 자기보다 젊다고 아래로 보는듯 말하는 게 굉장히 무례함 그리고 맛은 싱겁고 고기양도 별로 없고 질기기까지한 감자탕임 왜 이정도로 유명해지고 줄도 많은지 노이해 중국 일본 등 외국인 관광객들이 많던데 관광객 장사인 거 같기도,0,0,0,0,0,0,0,148,"친절, 불친절"
kakao,훼미리손칼국수보쌈,쿨제이,50.0,2026-02-19,,,"항상 웨이팅이 긴 집이라 평일 어지간한 시간에 방문하니 바로 먹을수있고 좋네요ㅎ 여긴 90%이상이 보쌈정식을 시키고 일하시는 분들도 정식 먹으라고 권유하십니다^^ 시그니처 메뉴이기도 하고 양도 푸짐해요. 보쌈고기,알배추에 소주 한잔 먹고 있으면 칼국수랑 밥(1인용) 갖다주세요. 고기누린내도 없고 식당도 깔끔하니 좋아요. 맛이 특별한 곳이라기보다 가성비 좋은 노포라고 보시면 됩니다",213,False,5.0,3.6,실버 레벨,"항상 웨이팅이 긴 집이라 평일 어지간한 시간에 방문하니 바로 먹을수있고 좋네요ㅎ 여긴 90%이상이 보쌈정식을 시키고 일하시는 분들도 정식 먹으라고 권유하십니다^^ 시그니처 메뉴이기도 하고 양도 푸짐해요. 보쌈고기,알배추에 소주 한잔 먹고 있으면 칼국수랑 밥(1인용) 갖다주세요. 고기누린내도 없고 식당도 깔끔하니 좋아요. 맛이 특별한 곳이라기보다 가성비 좋은 노포라고 보시면 됩니다",항상 웨이팅이 긴 집이라 평일 어지간한 시간에 방문하니 바로 먹을수있고 좋네요 여긴 90 이상이 보쌈정식을 시키고 일하시는 분들도 정식 먹으라고 권유하십니다 시그니처 메뉴이기도 하고 양도 푸짐해요 보쌈고기 알배추에 소주 한잔 먹고 있으면 칼국수랑 밥 1인용 갖다주세요 고기누린내도 없고 식당도 깔끔하니 좋아요 맛이 특별한 곳이라기보다 가성비 좋은 노포라고 보시면 됩니다,0,0,0,0,0,0,1,213,웨이팅
naver,뼈탄집 성수역점,qkrd****,9.0,2026.03.29,1번째 방문,영수증,고기 짱짱맛있습니다!! 신선해서그런지 잡내두 안나요 매장이 넓어가지구 고기냄새가 안배서 좋았구 직원분들이 고기를 구워주시니깐 편하게먹었어요😄,78,True,,,,고기 짱짱맛있습니다!! 신선해서그런지 잡내두 안나요 매장이 넓어가지구 고기냄새가 안배서 좋았구 직원분들이 고기를 구워주시니깐 편하게먹었어요😄,고기 짱짱맛있습니다 EXCLAM 신선해서그런지 잡내두 안나요 매장이 넓어가지구 고기냄새가 안배서 좋았구 직원분들이 고기를 구워주시니깐 편하게먹었어요 EMO_POS,1,0,0,0,1,0,0,78,"직원, 구워주"
naver,소문난성수감자탕,wm0****,9.0,2026.03.11,1번째 방문,영수증,"잡내나고 우유비린맛같은게 납니다 나오는 순서도 저희보다 늦게주문한 사람들이 끓여서 먹고있을때 저희꺼가 나오고요 기본오이는 말라서 먹기가 좀그렇더군요 그리고 직원분들이 자꾸 저희테이블아래 쓰레기통에 물건을 던져서 넣더군요 깨진 소주잔, 병뚜껑 등 참불쾌합니다 그럴꺼면 직원전용 쓰레기통을 만드세요 먹고있는데 자꾸 저희발옆 쓰레기통에 직원불들이 물건던지면 참 기분좋겠습니다 유명하다해서 갔는데 손님받기만바쁘지 잡내나고 쓰레기던지고 음식 늦게나오고 속도 좀안좋네요 밥처음 남겨봅니다 도저히 먹기가 힘듭니다",279,False,,,,"잡내나고 우유비린맛같은게 납니다 나오는 순서도 저희보다 늦게주문한 사람들이 끓여서 먹고있을때 저희꺼가 나오고요 기본오이는 말라서 먹기가 좀그렇더군요 그리고 직원분들이 자꾸 저희테이블아래 쓰레기통에 물건을 던져서 넣더군요 깨진 소주잔, 병뚜껑 등 참불쾌합니다 그럴꺼면 직원전용 쓰레기통을 만드세요 먹고있는데 자꾸 저희발옆 쓰레기통에 직원불들이 물건던지면 참 기분좋겠습니다 유명하다해서 갔는데 손님받기만바쁘지 잡내나고 쓰레기던지고 음식 늦게나오고 속도 좀안좋네요 밥처음 남겨봅니다 도저히 먹기가 힘듭니다",잡내나고 우유비린맛같은게 납니다 나오는 순서도 저희보다 늦게주문한 사람들이 끓여서 먹고있을때 저희꺼가 나오고요 기본오이는 말라서 먹기가 좀그렇더군요 그리고 직원분들이 자꾸 저희테이블아래 쓰레기통에 물건을 던져서 넣더군요 깨진 소주잔 병뚜껑 등 참불쾌합니다 그럴꺼면 직원전용 쓰레기통을 만드세요 먹고있는데 자꾸 저희발옆 쓰레기통에 직원불들이 물건던지면 참 기분좋겠습니다 유명하다해서 갔는데 손님받기만바쁘지 잡내나고 쓰레기던지고 음식 늦게나오고 속도 좀안좋네요 밥처음 남겨봅니다 도저히 먹기가 힘듭니다,0,0,0,0,0,0,0,279,"직원, 주문, 늦게"
naver,각시보쌈,항상새로운나,1272.0,2025.09.13,1번째 방문,영수증,웨이팅 1시간 가량 했네요. 처음 나온 상차림외에 고기는 먹느라 못찍었는데 냄새도 안나고 고기 김치 모두 맛나요. 공기밥 주문하면 찌개도 같이 나와요 맛있고 재방문 의사 있어요,98,True,,,,웨이팅 1시간 가량 했네요. 처음 나온 상차림외에 고기는 먹느라 못찍었는데 냄새도 안나고 고기 김치 모두 맛나요. 공기밥 주문하면 찌개도 같이 나와요 맛있고 재방문 의사 있어요,웨이팅 1시간 가량 했네요 처음 나온 상차림외에 고기는 먹느라 못찍었는데 냄새도 안나고 고기 김치 모두 맛나요 공기밥 주문하면 찌개도 같이 나와요 맛있고 재방문 의사 있어요,0,0,0,0,0,0,1,98,"주문, 웨이팅"
naver,각시보쌈,진저앤,527.0,2025.06.29,1번째 방문,영수증,"여전히 가성비 최고!!항정살보쌈이라 더 부드럽고 맛있어요! 요즘은 줄이 길어 오랫만에 방문했는데, 직원분들끼리 싸우는것 빼고는 맛있고 가성비좋아서 십년넘게 갑니다.",91,True,,,,"여전히 가성비 최고!!항정살보쌈이라 더 부드럽고 맛있어요! 요즘은 줄이 길어 오랫만에 방문했는데, 직원분들끼리 싸우는것 빼고는 맛있고 가성비좋아서 십년넘게 갑니다.",여전히 가성비 최고 EXCLAM 항정살보쌈이라 더 부드럽고 맛있어요 EXCLAM 요즘은 줄이 길어 오랫만에 방문했는데 직원분들끼리 싸우는것 빼고는 맛있고 가성비좋아서 십년넘게 갑니다,0,0,0,0,1,0,0,91,직원
naver,홍대 육지,ryudals66,18.0,2026.02.27,1번째 방문,영수증,"들어오자마자 인테리어가 너무 멋있어서 좋았고, 직원들이 다 친절하시고 고기도 맛있게 잘 구워주십니다!! 홍대에서 고기 드시고 싶을때 🐷육지🐷 추천합니다 사이드로 동치미 막국수도 먹었는데 걍 미쳤습니다(p) 후식으로 볶음밥도 꼬옥 드세여 젭알...🥹🩵",139,True,,,,"들어오자마자 인테리어가 너무 멋있어서 좋았고, 직원들이 다 친절하시고 고기도 맛있게 잘 구워주십니다!! 홍대에서 고기 드시고 싶을때 🐷육지🐷 추천합니다 사이드로 동치미 막국수도 먹었는데 걍 미쳤습니다(p) 후식으로 볶음밥도 꼬옥 드세여 젭알...🥹🩵",들어오자마자 인테리어가 너무 멋있어서 좋았고 직원들이 다 친절하시고 고기도 맛있게 잘 구워주십니다 EXCLAM 홍대에서 고기 드시고 싶을때 육지 추천합니다 사이드로 동치미 막국수도 먹었는데 걍 미쳤습니다 p 후식으로 볶음밥도 꼬옥 드세여 젭알,0,0,0,0,1,0,0,139,"친절, 직원, 구워주"
naver,각시보쌈,먹고걷고햇빛듬뿍,1961.0,2025.09.14,1번째 방문,영수증,"유튜버 서울사는남자 합정동 영상을 보고 찾아간 각시보쌈 매장입니다, 일요일 오후인데 웨이팅 30분을 했습니다, 짜잔~ 정식음식이 나왔는데 이게 만원 15,000원은 되어야하는데, 그래서 열씨미 빨랑 식사를 하고 기다리는 손님들에게 자리를 양보합니다, 느긋하게 먹을수도 있지만 잘먹었으면 뒷사람들 도 잘드시라고 빠르게 자리를 양보해줍니다, 여러분들의 많은 관심덕분에 리뷰 총조회수가 880만회가 되었고 그래서 네이버리뷰 순위가 TOP 100등 되었습니다 넘치는 사랑 감사드립니다 앞으로도 많은 관심부탁드립니다 ❤1)유튜버 검색: 음식먹고햇빛듬뿍 💚핸들: @Lets-Eat-Sunshine 💚영상주제: 음식점,카페 소개 ❤2)유튜버 검색: 걸으면서햇빛가득 💚핸들: @@Lets-Walk-Sunshine",390,True,,,,"유튜버 서울사는남자 합정동 영상을 보고 찾아간 각시보쌈 매장입니다, 일요일 오후인데 웨이팅 30분을 했습니다, 짜잔~ 정식음식이 나왔는데 이게 만원 15,000원은 되어야하는데, 그래서 열씨미 빨랑 식사를 하고 기다리는 손님들에게 자리를 양보합니다, 느긋하게 먹을수도 있지만 잘먹었으면 뒷사람들 도 잘드시라고 빠르게 자리를 양보해줍니다, 여러분들의 많은 관심덕분에 리뷰 총조회수가 880만회가 되었고 그래서 네이버리뷰 순위가 TOP 100등 되었습니다 넘치는 사랑 감사드립니다 앞으로도 많은 관심부탁드립니다 ❤1)유튜버 검색: 음식먹고햇빛듬뿍 💚핸들: @Lets-Eat-Sunshine 💚영상주제: 음식점,카페 소개 ❤2)유튜버 검색: 걸으면서햇빛가득 💚핸들: @@Lets-Walk-Sunshine",유튜버 서울사는남자 합정동 영상을 보고 찾아간 각시보쌈 매장입니다 일요일 오후인데 웨이팅 30분을 했습니다 짜잔 정식음식이 나왔는데 이게 만원 15 000원은 되어야하는데 그래서 열씨미 빨랑 식사를 하고 기다리는 손님들에게 자리를 양보합니다 느긋하게 먹을수도 있지만 잘먹었으면 뒷사람들 도 잘드시라고 빠르게 자리를 양보해줍니다 여러분들의 많은 관심덕분에 리뷰 총조회수가 880만회가 되었고 그래서 네이버리뷰 순위가 TOP 100등 되었습니다 넘치는 사랑 감사드립니다 앞으로도 많은 관심부탁드립니다 EMO_POS 1 유튜버 검색 음식먹고햇빛듬뿍 EMO_POS 핸들 Lets Eat Sunshine EMO_POS 영상주제 음식점 카페 소개 EMO_POS 2 유튜버 검색 걸으면서햇빛가득 EMO_POS 핸들,1,0,0,0,0,0,1,390,웨이팅
naver,태양곱창 성수점,비귤,32.0,2026.04.05,1번째 방문,영수증,손님이 많았지만 웨이팅 오래 안기다리고 금방 왔어요! 잡내도 없고 술을 부르는 맛이에요☺️ 맛있게 잘 먹었습니다,62,True,,,,손님이 많았지만 웨이팅 오래 안기다리고 금방 왔어요! 잡내도 없고 술을 부르는 맛이에요☺️ 맛있게 잘 먹었습니다,손님이 많았지만 웨이팅 오래 안기다리고 금방 왔어요 EXCLAM 잡내도 없고 술을 부르는 맛이에요 맛있게 잘 먹었습니다,0,0,0,0,1,0,0,62,웨이팅
kakao,보끔당 성수점,ㅂㄱㅍ,37.0,2025-06-17,,,친절하고 맛있음 닭발튀김도 존맛 그러나 양이 작다,27,True,5.0,4.9,실버 레벨,친절하고 맛있음 닭발튀김도 존맛 그러나 양이 작다,친절하고 맛있음 닭발튀김도 존맛 그러나 양이 작다,0,0,0,0,0,0,0,27,친절
naver,장인닭갈비 홍대점,thd****,24.0,2025.12.12,1번째 방문,영수증,직원 한 분인지 알바생인지.. 유독 한분이 불친절하셔서 오랜만에 데이트 나와서 간 식당에 기분만 망쳐서 나왔었네용 음식은 맛있었지만 처음 가게 들어갈때부터 인사도 없이 쳐다만 보시고 나중에야 자리 안내도 거기 앉으세요. 하시면서 대충 안내 해 주셔서 다른 직원분이 자리 다시 안내해주셨네욤 추가 주문 하려고 바로 옆에 계신 직원분에게 말 거니 한숨 쉬시면서 벨 눌러서 주문해주세요. 하시고..;; 바쁜거 알고 벨 눌러서 주문해 달라고 한 것 까지 그나마 이해하겠지만 왜 손님 이 부르고 쳐다보고 있는 상황에서 한숨 부터 쉬시면서 귀찮다는 식으로 하시면 안되는게 아닐까 합니다ㅠ 덕분에 데이트 초반 잘 망쳐서 나왔네요ㅠ 그렇게 해도 손님이 많으셔서 그런건지..자기 힘들어서 손님 줄이려는 수법인지..,390,True,,,,직원 한 분인지 알바생인지.. 유독 한분이 불친절하셔서 오랜만에 데이트 나와서 간 식당에 기분만 망쳐서 나왔었네용 음식은 맛있었지만 처음 가게 들어갈때부터 인사도 없이 쳐다만 보시고 나중에야 자리 안내도 거기 앉으세요. 하시면서 대충 안내 해 주셔서 다른 직원분이 자리 다시 안내해주셨네욤 추가 주문 하려고 바로 옆에 계신 직원분에게 말 거니 한숨 쉬시면서 벨 눌러서 주문해주세요. 하시고..;; 바쁜거 알고 벨 눌러서 주문해 달라고 한 것 까지 그나마 이해하겠지만 왜 손님 이 부르고 쳐다보고 있는 상황에서 한숨 부터 쉬시면서 귀찮다는 식으로 하시면 안되는게 아닐까 합니다ㅠ 덕분에 데이트 초반 잘 망쳐서 나왔네요ㅠ 그렇게 해도 손님이 많으셔서 그런건지..자기 힘들어서 손님 줄이려는 수법인지..,직원 한 분인지 알바생인지 유독 한분이 불친절하셔서 오랜만에 데이트 나와서 간 식당에 기분만 망쳐서 나왔었네용 음식은 맛있었지만 처음 가게 들어갈때부터 인사도 없이 쳐다만 보시고 나중에야 자리 안내도 거기 앉으세요 하시면서 대충 안내 해 주셔서 다른 직원분이 자리 다시 안내해주셨네욤 추가 주문 하려고 바로 옆에 계신 직원분에게 말 거니 한숨 쉬시면서 벨 눌러서 주문해주세요 하시고 바쁜거 알고 벨 눌러서 주문해 달라고 한 것 까지 그나마 이해하겠지만 왜 손님 이 부르고 쳐다보고 있는 상황에서 한숨 부터 쉬시면서 귀찮다는 식으로 하시면 안되는게 아닐까 합니다 덕분에 데이트 초반 잘 망쳐서 나왔네요 그렇게 해도 손님이 많으셔서 그런건지 자기 힘들어서 손님 줄이려는 수법인지,0,0,0,0,0,0,0,390,"친절, 불친절, 직원, 알바, 주문, 안내"
naver,훼미리손칼국수보쌈,먹마로롱,448.0,2025.11.22,1번째 방문,영수증,성수에서 모르면 간첩이라는 훼미리보쌈!!😋🫶 성수러버로서 참을수업찌.. 박뚜기소금빵 먹으러갔다가 홀리듯이 웨이팅해서 먹어봤어요!! 진짜 가성비부터 대박이었고 양도 푸짐하고 보쌈이랑 김치가 무엇보다 너무너무 맛있었습니다 이 가격에 이 비쥬얼에 이 맛이 말이안됨!!! 마지막에 칼국수까지 요즘날씨에 말해뭐해..👍👍 무조건 가보쎄용💛 ✅웨이팅은 주말 기준 (오픈런) 30분정도 한거같아요 !! 회전률이 빨라서 그런지 오히려 1시쯤에는 웨이팅 없더라구요ㅎㅎ,251,True,,,,성수에서 모르면 간첩이라는 훼미리보쌈!!😋🫶 성수러버로서 참을수업찌.. 박뚜기소금빵 먹으러갔다가 홀리듯이 웨이팅해서 먹어봤어요!! 진짜 가성비부터 대박이었고 양도 푸짐하고 보쌈이랑 김치가 무엇보다 너무너무 맛있었습니다 이 가격에 이 비쥬얼에 이 맛이 말이안됨!!! 마지막에 칼국수까지 요즘날씨에 말해뭐해..👍👍 무조건 가보쎄용💛 ✅웨이팅은 주말 기준 (오픈런) 30분정도 한거같아요 !! 회전률이 빨라서 그런지 오히려 1시쯤에는 웨이팅 없더라구요ㅎㅎ,성수에서 모르면 간첩이라는 훼미리보쌈 EXCLAM EMO_POS 성수러버로서 참을수업찌 박뚜기소금빵 먹으러갔다가 홀리듯이 웨이팅해서 먹어봤어요 EXCLAM 진짜 가성비부터 대박이었고 양도 푸짐하고 보쌈이랑 김치가 무엇보다 너무너무 맛있었습니다 이 가격에 이 비쥬얼에 이 맛이 말이안됨 EXCLAM 마지막에 칼국수까지 요즘날씨에 말해뭐해 EMO_POS EMO_POS 무조건 가보쎄용 EMO_POS 웨이팅은 주말 기준 오픈런 30분정도 한거같아요 EXCLAM 회전률이 빨라서 그런지 오히려 1시쯤에는 웨이팅 없더라구요,1,0,0,0,1,0,1,251,웨이팅
naver,락희옥 마포본점,dung7760,10.0,2025.12.20,1번째 방문,영수증,예약 없이 방문 했는데 점심시간이 지난 시간이라 그런지 바로 착석해서 식사할 수 있었어요! 예전부터 와보고 싶었던 곳인데 직원분들도 친절하시고 음식 맛도 좋아서 재방문 하고 싶은 곳입니다 :),107,False,,,,예약 없이 방문 했는데 점심시간이 지난 시간이라 그런지 바로 착석해서 식사할 수 있었어요! 예전부터 와보고 싶었던 곳인데 직원분들도 친절하시고 음식 맛도 좋아서 재방문 하고 싶은 곳입니다 :),예약 없이 방문 했는데 점심시간이 지난 시간이라 그런지 바로 착석해서 식사할 수 있었어요 EXCLAM 예전부터 와보고 싶었던 곳인데 직원분들도 친절하시고 음식 맛도 좋아서 재방문 하고 싶은 곳입니다,0,0,0,0,1,0,0,107,"친절, 직원, 예약"
kakao,장인닭갈비 홍대점,오늘날씨맑음,5.0,2026-01-27,,,닭갈비가 먹고 싶으면 저는 무조건 여기로 갑니다! 매콤달콤하면서 정말 쭉쭉 들어가요! 직원분들도 정말 친절합니다! 사람이 많은 날에는 웨이팅을 해야할 수도 있어요! 하지만 그만큼 정말 맛있게 드실 수 있다고 장담합니다!! 가족이나 친구랑 와도 정말 잘 먹을 수 있을 거에요! 양도 많이 주거든요!! 다음에 또 꼭 오겠습니다!!,182,False,5.0,4.6,브론즈 레벨,닭갈비가 먹고 싶으면 저는 무조건 여기로 갑니다! 매콤달콤하면서 정말 쭉쭉 들어가요! 직원분들도 정말 친절합니다! 사람이 많은 날에는 웨이팅을 해야할 수도 있어요! 하지만 그만큼 정말 맛있게 드실 수 있다고 장담합니다!! 가족이나 친구랑 와도 정말 잘 먹을 수 있을 거에요! 양도 많이 주거든요!! 다음에 또 꼭 오겠습니다!!,닭갈비가 먹고 싶으면 저는 무조건 여기로 갑니다 EXCLAM 매콤달콤하면서 정말 쭉쭉 들어가요 EXCLAM 직원분들도 정말 친절합니다 EXCLAM 사람이 많은 날에는 웨이팅을 해야할 수도 있어요 EXCLAM 하지만 그만큼 정말 맛있게 드실 수 있다고 장담합니다 EXCLAM 가족이나 친구랑 와도 정말 잘 먹을 수 있을 거에요 EXCLAM 양도 많이 주거든요 EXCLAM 다음에 또 꼭 오겠습니다 EXCLAM,0,0,0,0,1,0,0,182,"친절, 직원, 웨이팅"
naver,금금 성수점,돼지쉑32,114.0,2026.04.08,1번째 방문,예약,성수 최고의 맛집입니다ㅎㅎ 음식 맛있고 직원분들 너무 친절해요 부모님과 다시 방문하고 싶은 식당입니다!,57,True,,,,성수 최고의 맛집입니다ㅎㅎ 음식 맛있고 직원분들 너무 친절해요 부모님과 다시 방문하고 싶은 식당입니다!,성수 최고의 맛집입니다 음식 맛있고 직원분들 너무 친절해요 부모님과 다시 방문하고 싶은 식당입니다 EXCLAM,0,0,0,0,1,0,0,57,"친절, 직원"
naver,이태리국시 성수,애리73,56.0,2026.04.25,1번째 방문,영수증,조금 웨이팅이있었지만 기다린만큼 너무 맛있게 먹었어요 색다른 메뉴라서 더 좋았어요🫶🏻❤️❤️,51,True,,,,조금 웨이팅이있었지만 기다린만큼 너무 맛있게 먹었어요 색다른 메뉴라서 더 좋았어요🫶🏻❤️❤️,조금 웨이팅이있었지만 기다린만큼 너무 맛있게 먹었어요 색다른 메뉴라서 더 좋았어요 EMO_POS EMO_POS,1,0,0,0,0,0,0,51,웨이팅
naver,뼈탄집 성수역점,LuckyMK,75.0,2026.04.19,1번째 방문,영수증,"여기 고기집 맛있습니다 매장도 넓고 쾌적하고 고기도 다 구워주시고 화장실도 매장 내부에 있고 !! 추천합니다 친절하세용 성수 데이트, 가족 단체모임, 회식으로 추천이용!!",95,True,,,,"여기 고기집 맛있습니다 매장도 넓고 쾌적하고 고기도 다 구워주시고 화장실도 매장 내부에 있고 !! 추천합니다 친절하세용 성수 데이트, 가족 단체모임, 회식으로 추천이용!!",여기 고기집 맛있습니다 매장도 넓고 쾌적하고 고기도 다 구워주시고 화장실도 매장 내부에 있고 EXCLAM 추천합니다 친절하세용 성수 데이트 가족 단체모임 회식으로 추천이용 EXCLAM,0,0,0,0,1,0,0,95,"친절, 구워주"
naver,홍대 육지,Diohi,14.0,2026.04.15,1번째 방문,영수증,기본 메뉴인 고기 너무 맛있고 특히 계란찜 너무 맛있어서 2번이나 리필했네요. 사이드 김치볶음밥 막국수도 2번씩 ㅎㅎㅎ 최고! 반찬이 하나하나 다 정성스러워요. 웨이팅 길만 합니다. 운좋게 대기없이 들어갔네요 - 직원분들도 친절하셔요. 데이트 가족외식 전부로 강추합니다 🤍,152,True,,,,기본 메뉴인 고기 너무 맛있고 특히 계란찜 너무 맛있어서 2번이나 리필했네요. 사이드 김치볶음밥 막국수도 2번씩 ㅎㅎㅎ 최고! 반찬이 하나하나 다 정성스러워요. 웨이팅 길만 합니다. 운좋게 대기없이 들어갔네요 - 직원분들도 친절하셔요. 데이트 가족외식 전부로 강추합니다 🤍,기본 메뉴인 고기 너무 맛있고 특히 계란찜 너무 맛있어서 2번이나 리필했네요 사이드 김치볶음밥 막국수도 2번씩 최고 EXCLAM 반찬이 하나하나 다 정성스러워요 웨이팅 길만 합니다 운좋게 대기없이 들어갔네요 직원분들도 친절하셔요 데이트 가족외식 전부로 강추합니다 EMO_POS,1,0,0,0,1,0,1,152,"친절, 직원, 웨이팅, 대기"
kakao,장인닭갈비 홍대점,조은희,115.0,2026-03-14,,,모임으로 온 곳인데 유명하더라고요 사이드 시키고 닭갈비를 어느 정도 드셨다면 남은 닭갈비에 장인볶음밥을 더해서 드신다면 더 맛있게 먹을 수 있어요 완젼 강추!사장님 친절하세요,97,False,5.0,5.0,실버 레벨,모임으로 온 곳인데 유명하더라고요 사이드 시키고 닭갈비를 어느 정도 드셨다면 남은 닭갈비에 장인볶음밥을 더해서 드신다면 더 맛있게 먹을 수 있어요 완젼 강추!사장님 친절하세요,모임으로 온 곳인데 유명하더라고요 사이드 시키고 닭갈비를 어느 정도 드셨다면 남은 닭갈비에 장인볶음밥을 더해서 드신다면 더 맛있게 먹을 수 있어요 완젼 강추 EXCLAM 사장님 친절하세요,0,0,0,0,1,0,0,97,"친절, 사장님"
kakao,소문난성수감자탕,박광덕,2.0,2025-10-05,,,직원분이 정말 싸가지가 없네요 항상 사람 많고 웨이팅 있어서 궁금해서 왔는데 다시는 안오고싶네요,53,False,1.0,1.0,브론즈 레벨,직원분이 정말 싸가지가 없네요 항상 사람 많고 웨이팅 있어서 궁금해서 왔는데 다시는 안오고싶네요,직원분이 정말 싸가지가 없네요 항상 사람 많고 웨이팅 있어서 궁금해서 왔는데 다시는 안오고싶네요,0,0,0,0,0,0,0,53,"직원, 웨이팅"
naver,원조 조박집 본관,klo****,3.0,2025.04.14,1번째 방문,영수증,15년째 단골입니다. 정말 그동안 아무리 오래 기다리고 사람들로 붐볐어도 늘 친절하시고 잘 챙겨주셨는데 오늘은 별로 붐비지도 않았는데 서빙보는 아줌마들이 들어도 못들은척 많이 하고 같은 것도 몇번씩 시켜야하네요. 뭘 시키면 짜증나는 표정으로 쳐다보는 분도 계시네요. 요즘 보기 드물게 기분 나쁘게 밥먹었습니다.,173,False,,,,15년째 단골입니다. 정말 그동안 아무리 오래 기다리고 사람들로 붐볐어도 늘 친절하시고 잘 챙겨주셨는데 오늘은 별로 붐비지도 않았는데 서빙보는 아줌마들이 들어도 못들은척 많이 하고 같은 것도 몇번씩 시켜야하네요. 뭘 시키면 짜증나는 표정으로 쳐다보는 분도 계시네요. 요즘 보기 드물게 기분 나쁘게 밥먹었습니다.,15년째 단골입니다 정말 그동안 아무리 오래 기다리고 사람들로 붐볐어도 늘 친절하시고 잘 챙겨주셨는데 오늘은 별로 붐비지도 않았는데 서빙보는 아줌마들이 들어도 못들은척 많이 하고 같은 것도 몇번씩 시켜야하네요 뭘 시키면 짜증나는 표정으로 쳐다보는 분도 계시네요 요즘 보기 드물게 기분 나쁘게 밥먹었습니다,0,0,0,0,0,0,1,173,"친절, 서빙"
naver,훼미리손칼국수보쌈,mobilpolice,551.0,2025.12.12,1번째 방문,영수증,평소 웨이팅이 많아서 오픈 시간에 맞춰 방문하였습니다. 먼저 수육과 김치가 나와서 배추에 싸서 먹으니 좋습니다. 약간의 밥과 칼국수도 같이 나와 맛있게 잘 먹었습니다. 다음에 또 방문하려구요.,107,True,,,,평소 웨이팅이 많아서 오픈 시간에 맞춰 방문하였습니다. 먼저 수육과 김치가 나와서 배추에 싸서 먹으니 좋습니다. 약간의 밥과 칼국수도 같이 나와 맛있게 잘 먹었습니다. 다음에 또 방문하려구요.,평소 웨이팅이 많아서 오픈 시간에 맞춰 방문하였습니다 먼저 수육과 김치가 나와서 배추에 싸서 먹으니 좋습니다 약간의 밥과 칼국수도 같이 나와 맛있게 잘 먹었습니다 다음에 또 방문하려구요,0,0,0,0,0,0,0,107,웨이팅
naver,훼미리손칼국수보쌈,시티즌38,24.0,2026.05.01,1번째 방문,영수증,"굉장히 좋아하는 식당입니다. 그래서 오랜 단골이에요. 그런데 최근 들어 예전만 못하다 싶은 생각이 들어 너무 아쉽습니다. 예전엔 손님으로 가득 차도 엄청 친절하신 남자 사장님이 직접 홀에서 진두 지휘하시며 착착 돌아가서 전혀 불편함이 없었거든요 그런데 요즘은 고기 상태도 갈 때마다 편차가 좀 있구요, 무엇보다 4인 고기양과 2인으로 갈 때 고기 양을 보면 2인 방문이 더 나은 것 같기도 합니다. 게다가 홀을 진두 지휘하시던 사장님이 안계시니 꽤 어수선(?)해요 혹시나 어디 편찮으신지 걱정되요 역시 요식업은 사장님이 직접 진두지휘하시는 곳이 뭐가 달라도 다른것 같습니다",320,True,,,,"굉장히 좋아하는 식당입니다. 그래서 오랜 단골이에요. 그런데 최근 들어 예전만 못하다 싶은 생각이 들어 너무 아쉽습니다. 예전엔 손님으로 가득 차도 엄청 친절하신 남자 사장님이 직접 홀에서 진두 지휘하시며 착착 돌아가서 전혀 불편함이 없었거든요 그런데 요즘은 고기 상태도 갈 때마다 편차가 좀 있구요, 무엇보다 4인 고기양과 2인으로 갈 때 고기 양을 보면 2인 방문이 더 나은 것 같기도 합니다. 게다가 홀을 진두 지휘하시던 사장님이 안계시니 꽤 어수선(?)해요 혹시나 어디 편찮으신지 걱정되요 역시 요식업은 사장님이 직접 진두지휘하시는 곳이 뭐가 달라도 다른것 같습니다",굉장히 좋아하는 식당입니다 그래서 오랜 단골이에요 그런데 최근 들어 예전만 못하다 싶은 생각이 들어 너무 아쉽습니다 예전엔 손님으로 가득 차도 엄청 친절하신 남자 사장님이 직접 홀에서 진두 지휘하시며 착착 돌아가서 전혀 불편함이 없었거든요 그런데 요즘은 고기 상태도 갈 때마다 편차가 좀 있구요 무엇보다 4인 고기양과 2인으로 갈 때 고기 양을 보면 2인 방문이 더 나은 것 같기도 합니다 게다가 홀을 진두 지휘하시던 사장님이 안계시니 꽤 어수선 QUESTION 해요 혹시나 어디 편찮으신지 걱정되요 역시 요식업은 사장님이 직접 진두지휘하시는 곳이 뭐가 달라도 다른것 같습니다,0,0,0,0,0,1,1,320,"친절, 사장님, 태도"
naver,능동미나리 성수지점,상봉동 삼겹살 맛집 1등 꿀삼겹,537.0,2026.04.06,1번째 방문,영수증,"성수에서 요즘 핫한 능동미나리 다녀왔습니다 😊 미나리 요리 좋아하시는 분들은 무조건 좋아할 집이에요! 미나리 향이 진짜 신선하고 향긋해서 고기랑 같이 먹으니까 느끼함도 싹 잡아주고 계속 들어가더라고요 👍 특히 미나리랑 고기 조합이 너무 좋아서 한 입 먹을 때마다 “여긴 제대로다” 느낌이었습니다ㅎㅎ 양도 푸짐해서 가성비도 좋고, 전체적으로 깔끔하게 잘 나와서 만족도 높았어요! 직원분들도 친절하게 응대해주셔서 기분 좋게 식사했습니다 😊 성수 맛집 찾으신다면 한 번 꼭 가보세요! 미나리 좋아하시는 분들께는 특히 강추드립니다 👍 #꿀삼겹 #상봉맛집 #삼겹살맛집",312,False,,,,"성수에서 요즘 핫한 능동미나리 다녀왔습니다 😊 미나리 요리 좋아하시는 분들은 무조건 좋아할 집이에요! 미나리 향이 진짜 신선하고 향긋해서 고기랑 같이 먹으니까 느끼함도 싹 잡아주고 계속 들어가더라고요 👍 특히 미나리랑 고기 조합이 너무 좋아서 한 입 먹을 때마다 “여긴 제대로다” 느낌이었습니다ㅎㅎ 양도 푸짐해서 가성비도 좋고, 전체적으로 깔끔하게 잘 나와서 만족도 높았어요! 직원분들도 친절하게 응대해주셔서 기분 좋게 식사했습니다 😊 성수 맛집 찾으신다면 한 번 꼭 가보세요! 미나리 좋아하시는 분들께는 특히 강추드립니다 👍 #꿀삼겹 #상봉맛집 #삼겹살맛집",성수에서 요즘 핫한 능동미나리 다녀왔습니다 EMO_POS 미나리 요리 좋아하시는 분들은 무조건 좋아할 집이에요 EXCLAM 미나리 향이 진짜 신선하고 향긋해서 고기랑 같이 먹으니까 느끼함도 싹 잡아주고 계속 들어가더라고요 EMO_POS 특히 미나리랑 고기 조합이 너무 좋아서 한 입 먹을 때마다 여긴 제대로다 느낌이었습니다 양도 푸짐해서 가성비도 좋고 전체적으로 깔끔하게 잘 나와서 만족도 높았어요 EXCLAM 직원분들도 친절하게 응대해주셔서 기분 좋게 식사했습니다 EMO_POS 성수 맛집 찾으신다면 한 번 꼭 가보세요 EXCLAM 미나리 좋아하시는 분들께는 특히 강추드립니다 EMO_POS 꿀삼겹 상봉맛집 삼겹살맛집,1,0,0,0,1,0,0,312,"친절, 응대, 직원"
naver,훼미리손칼국수보쌈,fla****,202.0,2026.01.29,1번째 방문,영수증,"지난번 평일 점심시간에 방문했다가 웨이팅이 너무 길어서 아쉽게 포기했었는데요, 이번에 다시 재도전해서 다녀왔어요! 보쌈 정식과 만두국을 주문했는데, 보쌈은 배추쌈과 함께 먹으니 깔끔하고 맛있었고, 만두국은 국물이 진하고 담백해서 추운 날씨에 몸이 따뜻하게 풀리는 느낌이었어요. 만두피는 어느 정도 존재감이 있지만 두껍게 느껴질 정도는 아니어서 쫄깃한 식감이 국물과 잘 어울렸습니다.",213,True,,,,"지난번 평일 점심시간에 방문했다가 웨이팅이 너무 길어서 아쉽게 포기했었는데요, 이번에 다시 재도전해서 다녀왔어요! 보쌈 정식과 만두국을 주문했는데, 보쌈은 배추쌈과 함께 먹으니 깔끔하고 맛있었고, 만두국은 국물이 진하고 담백해서 추운 날씨에 몸이 따뜻하게 풀리는 느낌이었어요. 만두피는 어느 정도 존재감이 있지만 두껍게 느껴질 정도는 아니어서 쫄깃한 식감이 국물과 잘 어울렸습니다.",지난번 평일 점심시간에 방문했다가 웨이팅이 너무 길어서 아쉽게 포기했었는데요 이번에 다시 재도전해서 다녀왔어요 EXCLAM 보쌈 정식과 만두국을 주문했는데 보쌈은 배추쌈과 함께 먹으니 깔끔하고 맛있었고 만두국은 국물이 진하고 담백해서 추운 날씨에 몸이 따뜻하게 풀리는 느낌이었어요 만두피는 어느 정도 존재감이 있지만 두껍게 느껴질 정도는 아니어서 쫄깃한 식감이 국물과 잘 어울렸습니다,0,0,0,0,1,0,0,213,"주문, 웨이팅"
kakao,이태리국시 성수,야채,1.0,2026-04-21,,,아이랑 계획없이 데이트하게된날 아이가 나서서 성수동 맛집을 검색해보겠다고 해서 알게된집인데 평이 너무 좋길래 고민없이 바로 예약하고 왔습니다. 특이한 대창돌솥파스타 얼큰해서 맛있고 아이가 먹어보고싶다고 고른 갈비찜버터파스타도 맛있다고 잘먹었습니다. 건물 3층에 있는데 안내가 더 잘되어있으면 너무 좋을것같습니다.,174,True,5.0,5.0,브론즈 레벨,아이랑 계획없이 데이트하게된날 아이가 나서서 성수동 맛집을 검색해보겠다고 해서 알게된집인데 평이 너무 좋길래 고민없이 바로 예약하고 왔습니다. 특이한 대창돌솥파스타 얼큰해서 맛있고 아이가 먹어보고싶다고 고른 갈비찜버터파스타도 맛있다고 잘먹었습니다. 건물 3층에 있는데 안내가 더 잘되어있으면 너무 좋을것같습니다.,아이랑 계획없이 데이트하게된날 아이가 나서서 성수동 맛집을 검색해보겠다고 해서 알게된집인데 평이 너무 좋길래 고민없이 바로 예약하고 왔습니다 특이한 대창돌솥파스타 얼큰해서 맛있고 아이가 먹어보고싶다고 고른 갈비찜버터파스타도 맛있다고 잘먹었습니다 건물 3층에 있는데 안내가 더 잘되어있으면 너무 좋을것같습니다,0,0,0,0,0,0,1,174,"안내, 예약"
kakao,쭌곱창,서연,1.0,2025-10-14,,,사장님이 친절하게 먹는 방법을 설명해주셔서 더 맛있게 먹었어요 ! 파인애플생크림이 다른 곳에서는 없는 맛이라 더 특별했어요 ☺️,71,True,5.0,5.0,브론즈 레벨,사장님이 친절하게 먹는 방법을 설명해주셔서 더 맛있게 먹었어요 ! 파인애플생크림이 다른 곳에서는 없는 맛이라 더 특별했어요 ☺️,사장님이 친절하게 먹는 방법을 설명해주셔서 더 맛있게 먹었어요 EXCLAM 파인애플생크림이 다른 곳에서는 없는 맛이라 더 특별했어요,0,0,0,0,1,0,0,71,"친절, 사장님, 설명"
kakao,뼈탄집 성수역점,유아라,1.0,2025-12-22,,,"음식도 깔끔하고 고기도 다 구워주셔서 간편하게 먹을 수 있습니다 회식장소, 데이트로 추천😊",50,True,5.0,5.0,브론즈 레벨,"음식도 깔끔하고 고기도 다 구워주셔서 간편하게 먹을 수 있습니다 회식장소, 데이트로 추천😊",음식도 깔끔하고 고기도 다 구워주셔서 간편하게 먹을 수 있습니다 회식장소 데이트로 추천 EMO_POS,1,0,0,0,0,0,0,50,구워주
kakao,뼈탄집 성수역점,윤하경,3.0,2026-02-12,,,삼겹살 퀄리티가 미쳤어요 진짜 맛있습니다 고기두깨가 적당하고 육즙이 팡 터저요 ㅋㅋ 직접 다 구워주셔서 편하게 잘 먹었어요 ㅎㅎ,71,True,5.0,5.0,브론즈 레벨,삼겹살 퀄리티가 미쳤어요 진짜 맛있습니다 고기두깨가 적당하고 육즙이 팡 터저요 ㅋㅋ 직접 다 구워주셔서 편하게 잘 먹었어요 ㅎㅎ,삼겹살 퀄리티가 미쳤어요 진짜 맛있습니다 고기두깨가 적당하고 육즙이 팡 터저요 직접 다 구워주셔서 편하게 잘 먹었어요,0,0,0,0,0,0,0,71,구워주
naver,옥동식,미식가짱구,1414.0,2025.09.03,1번째 방문,영수증,국물이 끝내죠용!! 친절하십미가👍🏻,19,True,,,,국물이 끝내죠용!! 친절하십미가👍🏻,국물이 끝내죠용 EXCLAM 친절하십미가 EMO_POS,1,0,0,0,1,0,0,19,친절
naver,각시보쌈,변신전피오나,66.0,2025.06.25,1번째 방문,영수증,혼자 먹으러 갔는데요. 완전 최고최고^^ 평소엔 대기가 많은데 오늘은 그냥 들어감. 정말 맛있어요. 근데 치우실때 도자기 소리가 조금 시끄러워요. 하지만 상관없음. 맛있으니까.,98,True,,,,혼자 먹으러 갔는데요. 완전 최고최고^^ 평소엔 대기가 많은데 오늘은 그냥 들어감. 정말 맛있어요. 근데 치우실때 도자기 소리가 조금 시끄러워요. 하지만 상관없음. 맛있으니까.,혼자 먹으러 갔는데요 완전 최고최고 평소엔 대기가 많은데 오늘은 그냥 들어감 정말 맛있어요 근데 치우실때 도자기 소리가 조금 시끄러워요 하지만 상관없음 맛있으니까,0,0,0,0,0,0,0,98,대기
naver,훼미리손칼국수보쌈,나쁜토끼122,26.0,2025.10.12,1번째 방문,영수증,1. 보쌈정식하나 칼국수 하나 해물파전 하나 시켰는데 남자둘은 보쌈정식 두개 시켜야 양이찬다고 충고 2. 해물파전 시켰는데 주문 누락됐는데 죄송하단 말 한마디 없음. 밥 다먹어가는데 다짜고짜 추가 시키시길래 부랴부랴 취소함. 3. 뭣보다 맛이 기대치보다 없었음. 간판이랑 노포분위기가 다임. 일단 칼국수면은 손칼국수 맞나 싶고 육수가 너무 맹탕무맛임... 다대기간장 맛으로 먹는 칼국수임. 또 보쌈고기는 어떤건 퍽퍽한 살만 있고 또 어떤건 지방만 있음. 막 엄청 촉촉 그런건 아니고 살짝 기름기없는 느낌이라 호불호는 있을듯 함. 4. 해물파전은 못먹어서 몰겠으나 아쉽진 않음. 5. 항상 느끼는 건 성수동 근처 식당들은.. 맛도 그닥인데 뭣보다 죄송합니다가 없다. 장사 그렇게 하는 동네 오래 못감.,391,True,,,,1. 보쌈정식하나 칼국수 하나 해물파전 하나 시켰는데 남자둘은 보쌈정식 두개 시켜야 양이찬다고 충고 2. 해물파전 시켰는데 주문 누락됐는데 죄송하단 말 한마디 없음. 밥 다먹어가는데 다짜고짜 추가 시키시길래 부랴부랴 취소함. 3. 뭣보다 맛이 기대치보다 없었음. 간판이랑 노포분위기가 다임. 일단 칼국수면은 손칼국수 맞나 싶고 육수가 너무 맹탕무맛임... 다대기간장 맛으로 먹는 칼국수임. 또 보쌈고기는 어떤건 퍽퍽한 살만 있고 또 어떤건 지방만 있음. 막 엄청 촉촉 그런건 아니고 살짝 기름기없는 느낌이라 호불호는 있을듯 함. 4. 해물파전은 못먹어서 몰겠으나 아쉽진 않음. 5. 항상 느끼는 건 성수동 근처 식당들은.. 맛도 그닥인데 뭣보다 죄송합니다가 없다. 장사 그렇게 하는 동네 오래 못감.,1 보쌈정식하나 칼국수 하나 해물파전 하나 시켰는데 남자둘은 보쌈정식 두개 시켜야 양이찬다고 충고 2 해물파전 시켰는데 주문 누락됐는데 죄송하단 말 한마디 없음 밥 다먹어가는데 다짜고짜 추가 시키시길래 부랴부랴 취소함 3 뭣보다 맛이 기대치보다 없었음 간판이랑 노포분위기가 다임 일단 칼국수면은 손칼국수 맞나 싶고 육수가 너무 맹탕무맛임 다대기간장 맛으로 먹는 칼국수임 또 보쌈고기는 어떤건 퍽퍽한 살만 있고 또 어떤건 지방만 있음 막 엄청 촉촉 그런건 아니고 살짝 기름기없는 느낌이라 호불호는 있을듯 함 4 해물파전은 못먹어서 몰겠으나 아쉽진 않음 5 항상 느끼는 건 성수동 근처 식당들은 맛도 그닥인데 뭣보다 죄송합니다가 없다 장사 그렇게 하는 동네 오래 못감,0,0,0,0,0,0,1,391,"주문, 대기"
naver,홍대 육지,오리도스,21.0,2026.04.01,1번째 방문,영수증,"아우 사진이 다 먹은 사진이라 죄송해요; 근데 진짜 맛있어서 먹고 찍게됐습니다;; 사촌 동생이 한국에 놀러와서 오게됐는데, 맛있는 음식과 친절한 서비스 덕분에 어깨가 한껏 올라갈 수 있았아요😉 심지어 사진엔 없는 된장찌개가 진짜 맛있아욬ㅋㅋㅋㅋ저는 가브리살 삼겹살 차돌된장찌개 완전 강추구요 계란찜도 빼먹지 마세요!!!!",179,True,,,,"아우 사진이 다 먹은 사진이라 죄송해요; 근데 진짜 맛있어서 먹고 찍게됐습니다;; 사촌 동생이 한국에 놀러와서 오게됐는데, 맛있는 음식과 친절한 서비스 덕분에 어깨가 한껏 올라갈 수 있았아요😉 심지어 사진엔 없는 된장찌개가 진짜 맛있아욬ㅋㅋㅋㅋ저는 가브리살 삼겹살 차돌된장찌개 완전 강추구요 계란찜도 빼먹지 마세요!!!!",아우 사진이 다 먹은 사진이라 죄송해요 근데 진짜 맛있어서 먹고 찍게됐습니다 사촌 동생이 한국에 놀러와서 오게됐는데 맛있는 음식과 친절한 서비스 덕분에 어깨가 한껏 올라갈 수 있았아요 심지어 사진엔 없는 된장찌개가 진짜 맛있아욬 저는 가브리살 삼겹살 차돌된장찌개 완전 강추구요 계란찜도 빼먹지 마세요 EXCLAM,0,0,0,0,1,0,0,179,"서비스, 친절"
naver,각시보쌈,Runshang,25.0,2025.06.14,1번째 방문,영수증,음식은 맛있는데 서빙하시는분들과 카운터보시는분들 응대가 불만족스러웠습니다.,41,True,,,,음식은 맛있는데 서빙하시는분들과 카운터보시는분들 응대가 불만족스러웠습니다.,음식은 맛있는데 서빙하시는분들과 카운터보시는분들 응대가 불만족스러웠습니다,0,0,0,0,0,0,0,41,"응대, 서빙"
naver,을밀대 평양냉면,임금2621,78.0,2026.04.04,1번째 방문,영수증,국내산재료로 만드는 평냉...! 기대하고 갔는데 역시나 맛있네요 웨이팅이 많은 이유를 알겠어요 이날도 웨이팅 줄이 길었는데 매장이 워낙 넓어 회전율이 좋았습니다! 20분 정도 대기 후 들어갔어요👍🏻,110,True,,,,국내산재료로 만드는 평냉...! 기대하고 갔는데 역시나 맛있네요 웨이팅이 많은 이유를 알겠어요 이날도 웨이팅 줄이 길었는데 매장이 워낙 넓어 회전율이 좋았습니다! 20분 정도 대기 후 들어갔어요👍🏻,국내산재료로 만드는 평냉 EXCLAM 기대하고 갔는데 역시나 맛있네요 웨이팅이 많은 이유를 알겠어요 이날도 웨이팅 줄이 길었는데 매장이 워낙 넓어 회전율이 좋았습니다 EXCLAM 20분 정도 대기 후 들어갔어요 EMO_POS,1,0,0,0,1,0,1,110,"웨이팅, 대기"
kakao,소문난성수감자탕,커진눈박수손,5.0,2025-11-08,,,돈과 시간 아까웠습니다.😡 맛집으로 소문난 곳이라 남자친구가 궁금해해서 웨이팅하고 갔습니다. 들어가자마자 빨리들어가라고 직원분이 손으로 계속 등을 미셔서 기분이 안좋았습니다. 주방 앞 좁은 길목에서 앞사람이랑 마주쳐서 기다렸다가 가야하는 상황이었는데도 뒤에서 미셨어요. 불쾌했습니다. 그래도 기다린김에 먹고가려고 앉아서 주문을 했습니다. 처음 비주얼을 보고 양도 많고 먹음직 스러워서 음식만 괜찮으면 좋다는 마인드로 기분좋게먹으려했습니다. 하지만 공장식 분위기여서 그런지 덜 삶아져 나왔더군요 퍽퍽하고 국물도 맛이없었어요. 뼈가 많고 우거지양도 많았지만 맛이없었어요. 앉자마자 소짜 준다하셨는데 저희는 강력하게 일반으로 달라했지만 외국인분들 걱정입니다. 다들 궁금해서 가보실텐데 이런 후기도 있다는 것을 알고 가셔요.,401,False,1.0,3.2,브론즈 레벨,돈과 시간 아까웠습니다.😡 맛집으로 소문난 곳이라 남자친구가 궁금해해서 웨이팅하고 갔습니다. 들어가자마자 빨리들어가라고 직원분이 손으로 계속 등을 미셔서 기분이 안좋았습니다. 주방 앞 좁은 길목에서 앞사람이랑 마주쳐서 기다렸다가 가야하는 상황이었는데도 뒤에서 미셨어요. 불쾌했습니다. 그래도 기다린김에 먹고가려고 앉아서 주문을 했습니다. 처음 비주얼을 보고 양도 많고 먹음직 스러워서 음식만 괜찮으면 좋다는 마인드로 기분좋게먹으려했습니다. 하지만 공장식 분위기여서 그런지 덜 삶아져 나왔더군요 퍽퍽하고 국물도 맛이없었어요. 뼈가 많고 우거지양도 많았지만 맛이없었어요. 앉자마자 소짜 준다하셨는데 저희는 강력하게 일반으로 달라했지만 외국인분들 걱정입니다. 다들 궁금해서 가보실텐데 이런 후기도 있다는 것을 알고 가셔요.,돈과 시간 아까웠습니다 EMO_NEG 맛집으로 소문난 곳이라 남자친구가 궁금해해서 웨이팅하고 갔습니다 들어가자마자 빨리들어가라고 직원분이 손으로 계속 등을 미셔서 기분이 안좋았습니다 주방 앞 좁은 길목에서 앞사람이랑 마주쳐서 기다렸다가 가야하는 상황이었는데도 뒤에서 미셨어요 불쾌했습니다 그래도 기다린김에 먹고가려고 앉아서 주문을 했습니다 처음 비주얼을 보고 양도 많고 먹음직 스러워서 음식만 괜찮으면 좋다는 마인드로 기분좋게먹으려했습니다 하지만 공장식 분위기여서 그런지 덜 삶아져 나왔더군요 퍽퍽하고 국물도 맛이없었어요 뼈가 많고 우거지양도 많았지만 맛이없었어요 앉자마자 소짜 준다하셨는데 저희는 강력하게 일반으로 달라했지만 외국인분들 걱정입니다 다들 궁금해서 가보실텐데 이런 후기도 있다는 것을 알고 가셔요,0,1,0,0,0,0,0,401,"직원, 주문, 웨이팅, 빨리"
kakao,장인닭갈비 홍대점,주주하우스,24.0,2025-10-21,,,너무 맵지도 않아서 어린아이들도 먹을수 있어요. 매운걸 아예 못먹는 아이는 못먹을수도 있어요. 맛도 너무 좋고 친절한 식당 입니다,72,False,5.0,5.0,실버 레벨,너무 맵지도 않아서 어린아이들도 먹을수 있어요. 매운걸 아예 못먹는 아이는 못먹을수도 있어요. 맛도 너무 좋고 친절한 식당 입니다,너무 맵지도 않아서 어린아이들도 먹을수 있어요 매운걸 아예 못먹는 아이는 못먹을수도 있어요 맛도 너무 좋고 친절한 식당 입니다,0,0,0,0,0,0,0,72,친절
kakao,태양곱창 성수,빵글이 김진수,233.0,2025-11-23,,,"진짜 명관은 홍보 같은거 안하죠. 여기는 인스타, 블러그,리뷰조작질 어마어마 합니다. 역대급임.. 임대비,천문학적 홍보비 지출인 매장인데 음식,서비스,인테리어 품질이 좋을수가 없죠, 결국 다 소비자만 손해보는것",117,True,1.0,3.0,골드 레벨,"진짜 명관은 홍보 같은거 안하죠. 여기는 인스타, 블러그,리뷰조작질 어마어마 합니다. 역대급임.. 임대비,천문학적 홍보비 지출인 매장인데 음식,서비스,인테리어 품질이 좋을수가 없죠, 결국 다 소비자만 손해보는것",진짜 명관은 홍보 같은거 안하죠 여기는 인스타 블러그 리뷰조작질 어마어마 합니다 역대급임 임대비 천문학적 홍보비 지출인 매장인데 음식 서비스 인테리어 품질이 좋을수가 없죠 결국 다 소비자만 손해보는것,0,0,0,0,0,0,0,117,서비스
naver,홍대 육지,tng****,24.0,2026.04.07,1번째 방문,영수증,서비스부터 고기질까지 인테리어 포함 모든게 완벽한 시작이 되는 식당입니다! 지나가다 무조건 들어오고 싶은 식당은 여기가 일등입니다. 무조건 오세요,81,True,,,,서비스부터 고기질까지 인테리어 포함 모든게 완벽한 시작이 되는 식당입니다! 지나가다 무조건 들어오고 싶은 식당은 여기가 일등입니다. 무조건 오세요,서비스부터 고기질까지 인테리어 포함 모든게 완벽한 시작이 되는 식당입니다 EXCLAM 지나가다 무조건 들어오고 싶은 식당은 여기가 일등입니다 무조건 오세요,0,0,0,0,1,0,0,81,서비스
naver,조선시대,aks****,20.0,2026.02.06,1번째 방문,영수증,직원분들도 친절하시고 맛도 너무 맛있었고 양도 엄청 많고 메뉴가 다양해서 다 너무 좋았던 거 같아요 다음에도 또 오고싶은곳이였어요 다들 오시면 홍대 조선시대 술집 많이 와주세여!,99,True,,,,직원분들도 친절하시고 맛도 너무 맛있었고 양도 엄청 많고 메뉴가 다양해서 다 너무 좋았던 거 같아요 다음에도 또 오고싶은곳이였어요 다들 오시면 홍대 조선시대 술집 많이 와주세여!,직원분들도 친절하시고 맛도 너무 맛있었고 양도 엄청 많고 메뉴가 다양해서 다 너무 좋았던 거 같아요 다음에도 또 오고싶은곳이였어요 다들 오시면 홍대 조선시대 술집 많이 와주세여 EXCLAM,0,0,0,0,1,0,0,99,"친절, 직원"
naver,능동미나리 성수지점,abc1767,279.0,2025.10.12,2번째 방문,영수증,"추울 때 더 생각나는 곰탕 잘 익은 김치도 맛있고 직원 분들도 친절합니다. 육회비빔밥, 미나리곰탕 👍🏻 고기가 완전 야들야들해요.",72,True,,,,"추울 때 더 생각나는 곰탕 잘 익은 김치도 맛있고 직원 분들도 친절합니다. 육회비빔밥, 미나리곰탕 👍🏻 고기가 완전 야들야들해요.",추울 때 더 생각나는 곰탕 잘 익은 김치도 맛있고 직원 분들도 친절합니다 육회비빔밥 미나리곰탕 EMO_POS 고기가 완전 야들야들해요,1,0,0,0,0,0,0,72,"친절, 직원"
naver,락희옥 마포본점,swhong1992,74.0,2025.09.30,1번째 방문,영수증,와우… 역시 락희옥 좋은 음식과 좋은 술 같이 먹기 너무 좋아요. 안주도 맛있고 친절하고 콜키즈 프리!! 강추입니다 :),67,True,,,,와우… 역시 락희옥 좋은 음식과 좋은 술 같이 먹기 너무 좋아요. 안주도 맛있고 친절하고 콜키즈 프리!! 강추입니다 :),와우 역시 락희옥 좋은 음식과 좋은 술 같이 먹기 너무 좋아요 안주도 맛있고 친절하고 콜키즈 프리 EXCLAM 강추입니다,0,0,0,0,1,0,0,67,친절
naver,장인닭갈비 홍대점,mov****,3.0,2026.04.05,1번째 방문,영수증,맛있어요!!!!! 직원분들도 친절하시고 좋아요,25,True,,,,맛있어요!!!!! 직원분들도 친절하시고 좋아요,맛있어요 EXCLAM 직원분들도 친절하시고 좋아요,0,0,0,0,1,0,0,25,"친절, 직원"
kakao,쭌곱창,이재영,1.0,2025-05-03,,,맛있고 깔끔하고 친절해요,13,False,5.0,5.0,브론즈 레벨,맛있고 깔끔하고 친절해요,맛있고 깔끔하고 친절해요,0,0,0,0,0,0,0,13,친절
kakao,홍대 조선시대,오정현,1.0,2026-01-21,,,사장님이 친절하고 가게가 넓어요 단체 회식하기 좋아요,29,True,5.0,5.0,브론즈 레벨,사장님이 친절하고 가게가 넓어요 단체 회식하기 좋아요,사장님이 친절하고 가게가 넓어요 단체 회식하기 좋아요,0,0,0,0,0,0,0,29,"친절, 사장님"
kakao,홍대 조선시대,박근주,1.0,2026-05-01,,,분위기가 너무 좋고 친절하고 맛있어요!!🫶,23,True,5.0,5.0,브론즈 레벨,분위기가 너무 좋고 친절하고 맛있어요!!🫶,분위기가 너무 좋고 친절하고 맛있어요 EXCLAM,0,0,0,0,1,0,0,23,친절
kakao,옥동식 서교점,깨깨깨깨깨버리고싶어,695.0,2026-03-08,,,맛에 비해 웨이팅이 너무 길다,16,True,4.0,4.0,블루 레벨,맛에 비해 웨이팅이 너무 길다,맛에 비해 웨이팅이 너무 길다,0,0,0,0,0,0,0,16,웨이팅
naver,소문난성수감자탕,Jeetopia,37.0,2025.12.03,1번째 방문,영수증,"항상 줄이 길어서 궁금해서 평일 점심에 가봤어요. 웨이팅은 금방 줄어드는 편이고, 가게 안쪽은 정말 정신없습니다 ㅋㅋ 감자탕은 2인이상만 가능해서 식사메뉴인 우거지해장국주문햇는데, 와 양이 엄청나네요. 배불러서 거의 밥은 못먹었고, 고기 진짜 맛있었어요. 살도 잘 발라지고요. 다만 국물이 연하달까? 감자탕은 직접 끓여서 졸이면 될텐데 식사류라서 그런가 국물이 다소 싱겁고 아쉬웠어요 ㅠㅠ좀만 더 끓이면 맛날것같은데 아마 바빠서 그런게 아닐까 싶네요. 다음에는 방문해서 감자탕을 먹어봐야겠어요 ㅎㅎ",278,True,,,,"항상 줄이 길어서 궁금해서 평일 점심에 가봤어요. 웨이팅은 금방 줄어드는 편이고, 가게 안쪽은 정말 정신없습니다 ㅋㅋ 감자탕은 2인이상만 가능해서 식사메뉴인 우거지해장국주문햇는데, 와 양이 엄청나네요. 배불러서 거의 밥은 못먹었고, 고기 진짜 맛있었어요. 살도 잘 발라지고요. 다만 국물이 연하달까? 감자탕은 직접 끓여서 졸이면 될텐데 식사류라서 그런가 국물이 다소 싱겁고 아쉬웠어요 ㅠㅠ좀만 더 끓이면 맛날것같은데 아마 바빠서 그런게 아닐까 싶네요. 다음에는 방문해서 감자탕을 먹어봐야겠어요 ㅎㅎ",항상 줄이 길어서 궁금해서 평일 점심에 가봤어요 웨이팅은 금방 줄어드는 편이고 가게 안쪽은 정말 정신없습니다 감자탕은 2인이상만 가능해서 식사메뉴인 우거지해장국주문햇는데 와 양이 엄청나네요 배불러서 거의 밥은 못먹었고 고기 진짜 맛있었어요 살도 잘 발라지고요 다만 국물이 연하달까 QUESTION 감자탕은 직접 끓여서 졸이면 될텐데 식사류라서 그런가 국물이 다소 싱겁고 아쉬웠어요 좀만 더 끓이면 맛날것같은데 아마 바빠서 그런게 아닐까 싶네요 다음에는 방문해서 감자탕을 먹어봐야겠어요,0,0,0,1,0,1,1,278,"주문, 웨이팅"
naver,홍대 육지,유상현89,28.0,2026.02.22,1번째 방문,영수증,가게 분위기가 힙하고 고기가 맛있어요 직원분들이 많으셔서 바로바로 응대해주시고 넘 친절하셨어요 그리고 구워주셔서 너무 편하고 맛있게 먹었습니다 !,81,True,,,,가게 분위기가 힙하고 고기가 맛있어요 직원분들이 많으셔서 바로바로 응대해주시고 넘 친절하셨어요 그리고 구워주셔서 너무 편하고 맛있게 먹었습니다 !,가게 분위기가 힙하고 고기가 맛있어요 직원분들이 많으셔서 바로바로 응대해주시고 넘 친절하셨어요 그리고 구워주셔서 너무 편하고 맛있게 먹었습니다 EXCLAM,0,0,0,0,1,0,0,81,"친절, 응대, 직원, 구워주"
kakao,육산장 홍대본점,이종명,2.0,2025-04-19,,,분위기 좋아요!! 캠핑하러 멀리 안가도 되겠네요 ㅎㅎㅎ 직원분들도 친절!,40,True,5.0,3.0,브론즈 레벨,분위기 좋아요!! 캠핑하러 멀리 안가도 되겠네요 ㅎㅎㅎ 직원분들도 친절!,분위기 좋아요 EXCLAM 캠핑하러 멀리 안가도 되겠네요 직원분들도 친절 EXCLAM,0,0,0,0,1,0,0,40,"친절, 직원"
naver,각시보쌈,VKY,316.0,2025.08.31,1번째 방문,영수증,"음식이 정말 맛있었습니다! 주차 자리는 한 두자리 밖에 없어 다른 곳에 주차하여야 했구요! 브레이크 타임 끝나는 시간쯤에 가도 대기하는 팀이 꽤 많았습니다!! 보쌈고기가 항정살인듯 하였는데, 담백함과 부드러움이 무척이나 좋았습니다!! 가게가 넓었으나 워낙 맛집이어서 시간이 잘 맞지 않으면 대기를 꽤나 해야할 것으로 보였습니다!! 직원분들도 친절하셨구요!! 개인적인 평점 [4.4/5]",215,True,,,,"음식이 정말 맛있었습니다! 주차 자리는 한 두자리 밖에 없어 다른 곳에 주차하여야 했구요! 브레이크 타임 끝나는 시간쯤에 가도 대기하는 팀이 꽤 많았습니다!! 보쌈고기가 항정살인듯 하였는데, 담백함과 부드러움이 무척이나 좋았습니다!! 가게가 넓었으나 워낙 맛집이어서 시간이 잘 맞지 않으면 대기를 꽤나 해야할 것으로 보였습니다!! 직원분들도 친절하셨구요!! 개인적인 평점 [4.4/5]",음식이 정말 맛있었습니다 EXCLAM 주차 자리는 한 두자리 밖에 없어 다른 곳에 주차하여야 했구요 EXCLAM 브레이크 타임 끝나는 시간쯤에 가도 대기하는 팀이 꽤 많았습니다 EXCLAM 보쌈고기가 항정살인듯 하였는데 담백함과 부드러움이 무척이나 좋았습니다 EXCLAM 가게가 넓었으나 워낙 맛집이어서 시간이 잘 맞지 않으면 대기를 꽤나 해야할 것으로 보였습니다 EXCLAM 직원분들도 친절하셨구요 EXCLAM 개인적인 평점 4 4 5,0,0,0,0,1,0,1,215,"친절, 직원, 대기"
naver,황금콩밭,당근맛케터,196.0,2025.04.06,1번째 방문,영수증,정말 깔끔하게 맛있는 두부 미쉐린 빕구르망 맛집 설명은 더이상 필요없음,39,True,,,,정말 깔끔하게 맛있는 두부 미쉐린 빕구르망 맛집 설명은 더이상 필요없음,정말 깔끔하게 맛있는 두부 미쉐린 빕구르망 맛집 설명은 더이상 필요없음,0,0,0,0,0,0,0,39,설명
naver,뼈탄집 성수역점,Tth,18.0,2026.03.28,1번째 방문,영수증,직원분이 너무 친절하고 밑반찬 너무 깔끔하니 맛있어용 ❤️❤️❤️ 조명도 이쁘고 깔끔해서 데이트하기 딱이에요,60,True,,,,직원분이 너무 친절하고 밑반찬 너무 깔끔하니 맛있어용 ❤️❤️❤️ 조명도 이쁘고 깔끔해서 데이트하기 딱이에요,직원분이 너무 친절하고 밑반찬 너무 깔끔하니 맛있어용 EMO_POS EMO_POS EMO_POS 조명도 이쁘고 깔끔해서 데이트하기 딱이에요,1,0,0,0,0,0,0,60,"친절, 직원"
kakao,성수족발,삭제,119.0,2025-08-05,,,"전 주로 포장으로 먹는데.. 아직까지 이 집보다 맛있는 족발집 못 찾았음~ 포장은 대기없이 바로 주니, 대기하는 사람 많다고 같이 기다리지 마시고 들어가서 포장 주문 바로 하심 됩니다~",103,False,5.0,3.8,골드 레벨,"전 주로 포장으로 먹는데.. 아직까지 이 집보다 맛있는 족발집 못 찾았음~ 포장은 대기없이 바로 주니, 대기하는 사람 많다고 같이 기다리지 마시고 들어가서 포장 주문 바로 하심 됩니다~",전 주로 포장으로 먹는데 아직까지 이 집보다 맛있는 족발집 못 찾았음 포장은 대기없이 바로 주니 대기하는 사람 많다고 같이 기다리지 마시고 들어가서 포장 주문 바로 하심 됩니다,0,0,0,0,0,0,0,103,"주문, 대기"
naver,훼미리손칼국수보쌈,뱀의눈물,579.0,2025.08.30,1번째 방문,영수증,티비보고 다녀왔는데요 수육 너무 맛있어요 밥하고 마늘하고 같이 올려서 한쌈 싸먹고~ 막걸리를 한잔하면~ 배불러서 고기를 많이 못 먹음요 칼국수에 다대기 풀고 김치랑 같이 먹으면 맛있어요 칼국수는 사골국물 같네요,117,True,,,,티비보고 다녀왔는데요 수육 너무 맛있어요 밥하고 마늘하고 같이 올려서 한쌈 싸먹고~ 막걸리를 한잔하면~ 배불러서 고기를 많이 못 먹음요 칼국수에 다대기 풀고 김치랑 같이 먹으면 맛있어요 칼국수는 사골국물 같네요,티비보고 다녀왔는데요 수육 너무 맛있어요 밥하고 마늘하고 같이 올려서 한쌈 싸먹고 막걸리를 한잔하면 배불러서 고기를 많이 못 먹음요 칼국수에 다대기 풀고 김치랑 같이 먹으면 맛있어요 칼국수는 사골국물 같네요,0,0,0,0,0,0,0,117,대기
naver,황금콩밭,집요한탐험가,17.0,2025.10.08,1번째 방문,예약,점심코스 주문했는데 정말 돈 아까웠어요.. 인당 4만원이나 하는데 반찬도 부실하고 두부요리가 다양하게 나오는 것도 아니에요. 차라리 단품으로 먹었으면 더 만족도가 높았을 것 같습니다.,102,True,,,,점심코스 주문했는데 정말 돈 아까웠어요.. 인당 4만원이나 하는데 반찬도 부실하고 두부요리가 다양하게 나오는 것도 아니에요. 차라리 단품으로 먹었으면 더 만족도가 높았을 것 같습니다.,점심코스 주문했는데 정말 돈 아까웠어요 인당 4만원이나 하는데 반찬도 부실하고 두부요리가 다양하게 나오는 것도 아니에요 차라리 단품으로 먹었으면 더 만족도가 높았을 것 같습니다,0,0,0,0,0,0,1,102,주문
kakao,각시보쌈,웬만하면먹어,273.0,2025-01-04,,,"가격대비 양이 적다고 생각할 수 있지만 항정살이라 생각하면 감안할 만 합니다.그래도 목살,삼겹에 비해 고기량이 적습니다. 직원 응대면에서 좋지 않습니다.자리에 앉자마자 메뉴 골랐냐고 물어보면서, 다 먹으니까 누구보다 빠르게 다 드셨는지 물어보는게 나가라는 뉘앙스네요.1시간 남짓 있었는데…피크타임에 시간제한을 명시하시던지요.",181,False,1.0,4.0,골드 레벨,"가격대비 양이 적다고 생각할 수 있지만 항정살이라 생각하면 감안할 만 합니다.그래도 목살,삼겹에 비해 고기량이 적습니다. 직원 응대면에서 좋지 않습니다.자리에 앉자마자 메뉴 골랐냐고 물어보면서, 다 먹으니까 누구보다 빠르게 다 드셨는지 물어보는게 나가라는 뉘앙스네요.1시간 남짓 있었는데…피크타임에 시간제한을 명시하시던지요.",가격대비 양이 적다고 생각할 수 있지만 항정살이라 생각하면 감안할 만 합니다 그래도 목살 삼겹에 비해 고기량이 적습니다 직원 응대면에서 좋지 않습니다 자리에 앉자마자 메뉴 골랐냐고 물어보면서 다 먹으니까 누구보다 빠르게 다 드셨는지 물어보는게 나가라는 뉘앙스네요 1시간 남짓 있었는데 피크타임에 시간제한을 명시하시던지요,0,0,0,0,0,0,1,181,"응대, 직원"
kakao,을밀대 본점,채리,8.0,2026-04-19,,,"인생에서 2번째로 먹어본 평양냉면! 처음 나온 육수의 짭짜름한 사골 육수와 특이하게 겉절이가 나오는 가게였는데 밥한공기 먹고 싶을정도👍 냉면은 슴슴하면서도 깔끔한게 좋았고 위에 올라간 고기고명 정말 맛있었습니다! 그런데 재방문의사는 고민해볼거같아요,, 16,000원 냉면은 저렴한 가격은 아니라고 생각하는데 홀직원만 여러명 계시는 곳에 서로 소통이 안되시는건지 몇명이라고 얘기만 5번을 넘게해도 셋팅은 2인으로 해주시고 나중에 한번더 강하게 말씀드리니까 그제서야 제대로 주시더라구요 홀직원도 많으시고 플레이트가 많은 것도 아닌데 인기에 비해 많이 아쉽고 기분이나쁘네요",317,True,3.0,4.3,실버 레벨,"인생에서 2번째로 먹어본 평양냉면! 처음 나온 육수의 짭짜름한 사골 육수와 특이하게 겉절이가 나오는 가게였는데 밥한공기 먹고 싶을정도👍 냉면은 슴슴하면서도 깔끔한게 좋았고 위에 올라간 고기고명 정말 맛있었습니다! 그런데 재방문의사는 고민해볼거같아요,, 16,000원 냉면은 저렴한 가격은 아니라고 생각하는데 홀직원만 여러명 계시는 곳에 서로 소통이 안되시는건지 몇명이라고 얘기만 5번을 넘게해도 셋팅은 2인으로 해주시고 나중에 한번더 강하게 말씀드리니까 그제서야 제대로 주시더라구요 홀직원도 많으시고 플레이트가 많은 것도 아닌데 인기에 비해 많이 아쉽고 기분이나쁘네요",인생에서 2번째로 먹어본 평양냉면 EXCLAM 처음 나온 육수의 짭짜름한 사골 육수와 특이하게 겉절이가 나오는 가게였는데 밥한공기 먹고 싶을정도 EMO_POS 냉면은 슴슴하면서도 깔끔한게 좋았고 위에 올라간 고기고명 정말 맛있었습니다 EXCLAM 그런데 재방문의사는 고민해볼거같아요 16 000원 냉면은 저렴한 가격은 아니라고 생각하는데 홀직원만 여러명 계시는 곳에 서로 소통이 안되시는건지 몇명이라고 얘기만 5번을 넘게해도 셋팅은 2인으로 해주시고 나중에 한번더 강하게 말씀드리니까 그제서야 제대로 주시더라구요 홀직원도 많으시고 플레이트가 많은 것도 아닌데 인기에 비해 많이 아쉽고 기분이나쁘네요,1,0,0,0,1,0,1,317,직원
naver,원조 조박집 본관,뾰로롱꼬마마녀뿅,2030.0,2025.12.06,1번째 방문,영수증,물엿 인지 설탕인지 마니너어성 판을 자주 갈아줘야해요 천장고가 낮아서 답답해요 직원이 몇명 없으니 야채 셀프바 필요할듯요 내부가 몹시 시끄럽고 정신 없어 소리 크게 내는 손님만 먹을 수 잇음,106,True,,,,물엿 인지 설탕인지 마니너어성 판을 자주 갈아줘야해요 천장고가 낮아서 답답해요 직원이 몇명 없으니 야채 셀프바 필요할듯요 내부가 몹시 시끄럽고 정신 없어 소리 크게 내는 손님만 먹을 수 잇음,물엿 인지 설탕인지 마니너어성 판을 자주 갈아줘야해요 천장고가 낮아서 답답해요 직원이 몇명 없으니 야채 셀프바 필요할듯요 내부가 몹시 시끄럽고 정신 없어 소리 크게 내는 손님만 먹을 수 잇음,0,0,0,0,0,0,0,106,직원
kakao,옥동식 서교점,asdfghjkl,1.0,2026-03-03,,,사장님 없어서 그런가 점심 라스트 오더 2:30라고 표기 해두고 2:10에 가니까 웨이팅도 없는데 주문 안된다고 하는거 어이없음 .. ㅋㅋ 재료소진도 아니고 라스트 오더 시간은 좀 지키시길 직원교육좀 시키세요,116,False,1.0,1.0,브론즈 레벨,사장님 없어서 그런가 점심 라스트 오더 2:30라고 표기 해두고 2:10에 가니까 웨이팅도 없는데 주문 안된다고 하는거 어이없음 .. ㅋㅋ 재료소진도 아니고 라스트 오더 시간은 좀 지키시길 직원교육좀 시키세요,사장님 없어서 그런가 점심 라스트 오더 2 30라고 표기 해두고 2 10에 가니까 웨이팅도 없는데 주문 안된다고 하는거 어이없음 재료소진도 아니고 라스트 오더 시간은 좀 지키시길 직원교육좀 시키세요,0,0,0,0,0,0,1,116,"직원, 사장님, 주문, 웨이팅"
kakao,옥동식 서교점,가오리,248.0,2026-01-21,,,두시간 기다려서 들어갔는데 웨이팅하고 먹을 맛🫶🏻 고추지+ 고기= 극락💛,40,True,5.0,4.1,실버 레벨,두시간 기다려서 들어갔는데 웨이팅하고 먹을 맛🫶🏻 고추지+ 고기= 극락💛,두시간 기다려서 들어갔는데 웨이팅하고 먹을 맛 고추지 고기 극락 EMO_POS,1,0,0,0,0,0,0,40,웨이팅
naver,이태리국시 성수,tmv****,22.0,2026.04.06,1번째 방문,영수증,월요일이라 저녁시간에 웨이팅없이 입장 가능했어요 그래도 사람은 꽤나 많더라구요 음식도 빠르게 잘 나오고 맛도 있었습니다!,67,True,,,,월요일이라 저녁시간에 웨이팅없이 입장 가능했어요 그래도 사람은 꽤나 많더라구요 음식도 빠르게 잘 나오고 맛도 있었습니다!,월요일이라 저녁시간에 웨이팅없이 입장 가능했어요 그래도 사람은 꽤나 많더라구요 음식도 빠르게 잘 나오고 맛도 있었습니다 EXCLAM,0,0,0,0,1,0,0,67,웨이팅
naver,쭌곱창,연서야앙,7.0,2025.12.09,1번째 방문,영수증,두번째 방문인데요 여전히 맛있구 직원도 넘넘 친절해서 좋은 시간이 됐습니당 앞으로 자주 올 것 가타용 💕,58,True,,,,두번째 방문인데요 여전히 맛있구 직원도 넘넘 친절해서 좋은 시간이 됐습니당 앞으로 자주 올 것 가타용 💕,두번째 방문인데요 여전히 맛있구 직원도 넘넘 친절해서 좋은 시간이 됐습니당 앞으로 자주 올 것 가타용 EMO_POS,1,0,0,0,0,0,0,58,"친절, 직원"
kakao,황금콩밭,해조아,308.0,2025-11-26,,,저는 다들 친절한편이라 느꼈습니다 짜글이가 괜찮았고 두부는 순두부같이 부드러운 식감이었어요 두부전이 굳이 2만원주고 먹을 양과 맛은 아닌것같아 아쉽습니다,85,True,3.0,3.9,골드 레벨,저는 다들 친절한편이라 느꼈습니다 짜글이가 괜찮았고 두부는 순두부같이 부드러운 식감이었어요 두부전이 굳이 2만원주고 먹을 양과 맛은 아닌것같아 아쉽습니다,저는 다들 친절한편이라 느꼈습니다 짜글이가 괜찮았고 두부는 순두부같이 부드러운 식감이었어요 두부전이 굳이 2만원주고 먹을 양과 맛은 아닌것같아 아쉽습니다,0,0,0,0,0,0,1,85,친절
naver,뼈탄집 성수역점,칠바다,29.0,2026.04.07,1번째 방문,영수증,잠심에도 삼겹살을 맛있게 먹을수있어서 굿굿👍🤍 고기 질도 좋고 직원분이 구워주시니까 아기 데리고 가족식사 하기에도 좋은거 같아용,71,True,,,,잠심에도 삼겹살을 맛있게 먹을수있어서 굿굿👍🤍 고기 질도 좋고 직원분이 구워주시니까 아기 데리고 가족식사 하기에도 좋은거 같아용,잠심에도 삼겹살을 맛있게 먹을수있어서 굿굿 EMO_POS EMO_POS 고기 질도 좋고 직원분이 구워주시니까 아기 데리고 가족식사 하기에도 좋은거 같아용,1,0,0,0,0,0,0,71,"직원, 구워주"
naver,이태리국시 성수,뚜띤555,166.0,2026.03.07,1번째 방문,영수증,알배추숯불갈비 샐러드는 시원한 배추맛과 숯불향가득나는 갈비의 조합이 미쳤네여 숯불대창돌솥파스타는 신랑이 좋아해서 주문했는데 대창이 엄청 통통하고 떡볶이 느낌도 나면서 파스타같고 묘한매력이 많았어요 그리고 존맛 반계마늘돌솥리조또는 다 먹을때까지 따듯하더라구요 마늘향이 가득나는데 치즈의 짭짤함이 느껴져서 맛나게 즐겼습니다👍,179,True,,,,알배추숯불갈비 샐러드는 시원한 배추맛과 숯불향가득나는 갈비의 조합이 미쳤네여 숯불대창돌솥파스타는 신랑이 좋아해서 주문했는데 대창이 엄청 통통하고 떡볶이 느낌도 나면서 파스타같고 묘한매력이 많았어요 그리고 존맛 반계마늘돌솥리조또는 다 먹을때까지 따듯하더라구요 마늘향이 가득나는데 치즈의 짭짤함이 느껴져서 맛나게 즐겼습니다👍,알배추숯불갈비 샐러드는 시원한 배추맛과 숯불향가득나는 갈비의 조합이 미쳤네여 숯불대창돌솥파스타는 신랑이 좋아해서 주문했는데 대창이 엄청 통통하고 떡볶이 느낌도 나면서 파스타같고 묘한매력이 많았어요 그리고 존맛 반계마늘돌솥리조또는 다 먹을때까지 따듯하더라구요 마늘향이 가득나는데 치즈의 짭짤함이 느껴져서 맛나게 즐겼습니다 EMO_POS,1,0,0,0,0,0,0,179,주문
kakao,원조조박집 본관,펭귄오리,71.0,2025-02-02,,,세계적인 돼지갈비. 끝내주는 돼지갈비. 된장국이랑 총각김치만으로도 한공기 가능. 항상 꽉 차 있지만 별관까지 자리가 넉넉해서 10분 내로 들어갈 수 있음. 자부심을 가지고 일하시는 종업원들의 친절과 센스에 감동. 더 잘 되셨으면 좋겠습니다.,134,True,5.0,4.0,실버 레벨,세계적인 돼지갈비. 끝내주는 돼지갈비. 된장국이랑 총각김치만으로도 한공기 가능. 항상 꽉 차 있지만 별관까지 자리가 넉넉해서 10분 내로 들어갈 수 있음. 자부심을 가지고 일하시는 종업원들의 친절과 센스에 감동. 더 잘 되셨으면 좋겠습니다.,세계적인 돼지갈비 끝내주는 돼지갈비 된장국이랑 총각김치만으로도 한공기 가능 항상 꽉 차 있지만 별관까지 자리가 넉넉해서 10분 내로 들어갈 수 있음 자부심을 가지고 일하시는 종업원들의 친절과 센스에 감동 더 잘 되셨으면 좋겠습니다,0,0,0,0,0,0,1,134,친절
kakao,옥동식 서교점,준슐랭 가이드,34.0,2026-01-03,,,"( 3회 방문 , 만두 추가 추천 ) 하 이제 더 먹기 힘들어지겠네요 ㅋㅋ… 다대기가 예술입니다 김치는 맛이 계속 달라져서 아쉬워요",73,False,4.0,3.7,실버 레벨,"( 3회 방문 , 만두 추가 추천 ) 하 이제 더 먹기 힘들어지겠네요 ㅋㅋ… 다대기가 예술입니다 김치는 맛이 계속 달라져서 아쉬워요",3회 방문 만두 추가 추천 하 이제 더 먹기 힘들어지겠네요 다대기가 예술입니다 김치는 맛이 계속 달라져서 아쉬워요,0,0,0,0,0,0,1,73,대기
kakao,을밀대 본점,17,14.0,2025-05-31,,,미치겠어요... 너무 맛있어서 계속 생각나여ㅠㅠㅠ 웨이팅 있었지만 후회 전혀 안 합니다 또 먹으러 가려구여🥹,60,True,5.0,5.0,실버 레벨,미치겠어요... 너무 맛있어서 계속 생각나여ㅠㅠㅠ 웨이팅 있었지만 후회 전혀 안 합니다 또 먹으러 가려구여🥹,미치겠어요 너무 맛있어서 계속 생각나여 웨이팅 있었지만 후회 전혀 안 합니다 또 먹으러 가려구여,0,0,0,1,0,0,0,60,웨이팅
kakao,옥동식 서교점,국밥투어러,54.0,2026-04-19,,,기대와 웨이팅에비해 맛은 생각보다 평범..,23,False,3.0,3.9,실버 레벨,기대와 웨이팅에비해 맛은 생각보다 평범..,기대와 웨이팅에비해 맛은 생각보다 평범,0,0,0,0,0,0,0,23,웨이팅
naver,원조 조박집 본관,Genesis1212,67.0,2025.10.01,1번째 방문,영수증,마포갔다가 오랜만에 조박집 왔어요 😄 조박집 돼지갈비 맛있지만 전 동치미국수가 그렇게 생각나요 😋 (면 참 좋아해요🍜) 얼음동동 동치미국수에 양념된 돼지갈비 올려 한 입 넣으면 행복해요😆 그리곤 흰쌀밥에 고기 올려 한 입먹고 바로바로바로 된장찌개에 한 입 넣어주면 스트레스 날려버렷요 🤾‍♀️🤾‍♀️🤾‍♀️ 오늘도 찬에 나오는 국수 한 입에 먹고 동치미국수를 추가로 주문해서 먹어줬어요 크크크 리뷰 작성하면서도 또 먹고 싶네요 😋😋😋,242,True,,,,마포갔다가 오랜만에 조박집 왔어요 😄 조박집 돼지갈비 맛있지만 전 동치미국수가 그렇게 생각나요 😋 (면 참 좋아해요🍜) 얼음동동 동치미국수에 양념된 돼지갈비 올려 한 입 넣으면 행복해요😆 그리곤 흰쌀밥에 고기 올려 한 입먹고 바로바로바로 된장찌개에 한 입 넣어주면 스트레스 날려버렷요 🤾‍♀️🤾‍♀️🤾‍♀️ 오늘도 찬에 나오는 국수 한 입에 먹고 동치미국수를 추가로 주문해서 먹어줬어요 크크크 리뷰 작성하면서도 또 먹고 싶네요 😋😋😋,마포갔다가 오랜만에 조박집 왔어요 EMO_POS 조박집 돼지갈비 맛있지만 전 동치미국수가 그렇게 생각나요 EMO_POS 면 참 좋아해요 얼음동동 동치미국수에 양념된 돼지갈비 올려 한 입 넣으면 행복해요 EMO_POS 그리곤 흰쌀밥에 고기 올려 한 입먹고 바로바로바로 된장찌개에 한 입 넣어주면 스트레스 날려버렷요 오늘도 찬에 나오는 국수 한 입에 먹고 동치미국수를 추가로 주문해서 먹어줬어요 크크 리뷰 작성하면서도 또 먹고 싶네요 EMO_POS EMO_POS EMO_POS,1,0,0,0,0,0,0,242,주문
naver,보끔당 성수점,뿡빵9819,19.0,2026.04.20,2번째 방문,영수증,올 때마다 맛있어서 항상 잘 먹고 가요! 직원도 친절하십니다,33,True,,,,올 때마다 맛있어서 항상 잘 먹고 가요! 직원도 친절하십니다,올 때마다 맛있어서 항상 잘 먹고 가요 EXCLAM 직원도 친절하십니다,0,0,0,0,1,0,0,33,"친절, 직원"
naver,소문난성수감자탕,파이어멜론,558.0,2025.10.02,1번째 방문,영수증,항상 웨이팅있었는데 이날따라 자리가 남더라구요? 그래서 바로 입장해서 처음 먹어봤어요. 인기가 워낙많아서 한번쯤 먹어보고 싶었거든요. 감자탕이나 뼈해장국을 다른 매장에서도 많이먹어본 사람으로써! 일단 소스 장이 맛있어요. 양파랑 고추가 같이 썰려있어서 맛나네요. 그리고 고기가 되게 부드러워요. 퍽퍽한 부분이 많지않아서 맛있게 먹었습니다! 탕이 있고 뚝배기가 있는데 여자둘이서 탕 (소) 시키니까 양이 넘많았어요.. ㅎㅎ 탕이랑 뚝배기는 고기양과 볶음밥을 할수있고없고 차이래요. 근데 볶음밥은 별로였어요.. 그냥 밥 맛.. 맛있긴한데 굳이 웨이팅할 정도는 전혀아니에요! 담에 오게되면 뚝배기로 먹어볼게요~ (근데 중국인손님이 되게많네요),356,True,,,,항상 웨이팅있었는데 이날따라 자리가 남더라구요? 그래서 바로 입장해서 처음 먹어봤어요. 인기가 워낙많아서 한번쯤 먹어보고 싶었거든요. 감자탕이나 뼈해장국을 다른 매장에서도 많이먹어본 사람으로써! 일단 소스 장이 맛있어요. 양파랑 고추가 같이 썰려있어서 맛나네요. 그리고 고기가 되게 부드러워요. 퍽퍽한 부분이 많지않아서 맛있게 먹었습니다! 탕이 있고 뚝배기가 있는데 여자둘이서 탕 (소) 시키니까 양이 넘많았어요.. ㅎㅎ 탕이랑 뚝배기는 고기양과 볶음밥을 할수있고없고 차이래요. 근데 볶음밥은 별로였어요.. 그냥 밥 맛.. 맛있긴한데 굳이 웨이팅할 정도는 전혀아니에요! 담에 오게되면 뚝배기로 먹어볼게요~ (근데 중국인손님이 되게많네요),항상 웨이팅있었는데 이날따라 자리가 남더라구요 QUESTION 그래서 바로 입장해서 처음 먹어봤어요 인기가 워낙많아서 한번쯤 먹어보고 싶었거든요 감자탕이나 뼈해장국을 다른 매장에서도 많이먹어본 사람으로써 EXCLAM 일단 소스 장이 맛있어요 양파랑 고추가 같이 썰려있어서 맛나네요 그리고 고기가 되게 부드러워요 퍽퍽한 부분이 많지않아서 맛있게 먹었습니다 EXCLAM 탕이 있고 뚝배기가 있는데 여자둘이서 탕 소 시키니까 양이 넘많았어요 탕이랑 뚝배기는 고기양과 볶음밥을 할수있고없고 차이래요 근데 볶음밥은 별로였어요 그냥 밥 맛 맛있긴한데 굳이 웨이팅할 정도는 전혀아니에요 EXCLAM 담에 오게되면 뚝배기로 먹어볼게요 근데 중국인손님이 되게많네요,0,0,0,0,1,1,0,356,웨이팅
kakao,이태리국시 성수,신은지,1.0,2026-04-18,,,피자 무한 추천!!!!! 담백하고 맛있어요 ㅠㅠ 예약하고 가시는거 추천,39,True,5.0,5.0,브론즈 레벨,피자 무한 추천!!!!! 담백하고 맛있어요 ㅠㅠ 예약하고 가시는거 추천,피자 무한 추천 EXCLAM 담백하고 맛있어요 예약하고 가시는거 추천,0,0,0,1,1,0,0,39,예약
naver,금금 성수점,hpine,51.0,2026.03.01,1번째 방문,영수증,다 맛있는데 된장국수가 제일 맛도리에요~! 캐치테이블 웨이팅 미루기 했다가 방문의사 또 체크해야 되는지 모르고 취소돼서 다시 웨이팅 하고 먹은 시간이 아깝지는 않았어요 !,95,True,,,,다 맛있는데 된장국수가 제일 맛도리에요~! 캐치테이블 웨이팅 미루기 했다가 방문의사 또 체크해야 되는지 모르고 취소돼서 다시 웨이팅 하고 먹은 시간이 아깝지는 않았어요 !,다 맛있는데 된장국수가 제일 맛도리에요 EXCLAM 캐치테이블 웨이팅 미루기 했다가 방문의사 또 체크해야 되는지 모르고 취소돼서 다시 웨이팅 하고 먹은 시간이 아깝지는 않았어요 EXCLAM,0,0,0,0,1,0,0,95,웨이팅
kakao,육지,걸러야되는곳만리뷰,39.0,2025-08-02,,,2시간 기다려서 들어갔는데 그정도 맛은 절대네버 아님... 그냥 고기맛은 어느 고기집과 다름 없는데 반찬리필을 돈 받는거에 너무 충격받았음 ㅋㅋㅋㅋㅋㅋ사장님 수익모델을 잘못잡으신거같아요 30년살면서 마늘 리필받는데 천원 받는 고기집은 진심 첨봐요,137,True,1.0,2.8,실버 레벨,2시간 기다려서 들어갔는데 그정도 맛은 절대네버 아님... 그냥 고기맛은 어느 고기집과 다름 없는데 반찬리필을 돈 받는거에 너무 충격받았음 ㅋㅋㅋㅋㅋㅋ사장님 수익모델을 잘못잡으신거같아요 30년살면서 마늘 리필받는데 천원 받는 고기집은 진심 첨봐요,2시간 기다려서 들어갔는데 그정도 맛은 절대네버 아님 그냥 고기맛은 어느 고기집과 다름 없는데 반찬리필을 돈 받는거에 너무 충격받았음 사장님 수익모델을 잘못잡으신거같아요 30년살면서 마늘 리필받는데 천원 받는 고기집은 진심 첨봐요,0,0,0,0,0,0,1,137,사장님
kakao,소문난성수감자탕,바람부는 날에...,65.0,2025-01-30,,,"주변에 오픈한 식당이 없어 예전부터 맛이 별로라 생각않고 갔지만, 종업원 불친절하고 청결한 느낌은 없으며, 소문난 특별한 맛은 없고, 뼈해장국에 시레기는 기본인데 구분하고, 주차장 완비로 안내하는데, 주차장은 없고 노상에 주차하고 관리비를 받네요.",138,True,1.0,3.1,실버 레벨,"주변에 오픈한 식당이 없어 예전부터 맛이 별로라 생각않고 갔지만, 종업원 불친절하고 청결한 느낌은 없으며, 소문난 특별한 맛은 없고, 뼈해장국에 시레기는 기본인데 구분하고, 주차장 완비로 안내하는데, 주차장은 없고 노상에 주차하고 관리비를 받네요.",주변에 오픈한 식당이 없어 예전부터 맛이 별로라 생각않고 갔지만 종업원 불친절하고 청결한 느낌은 없으며 소문난 특별한 맛은 없고 뼈해장국에 시레기는 기본인데 구분하고 주차장 완비로 안내하는데 주차장은 없고 노상에 주차하고 관리비를 받네요,0,0,0,0,0,0,0,138,"친절, 불친절, 안내"
naver,옥동식,하진이랑빡빡이,60.0,2025.12.22,1번째 방문,예약,흑백요리사 보고 궁금 해서 다녀 왔어요 맑은 곰탕은 처음 이었는데 맛은 있었는데 이 추위에 웨이팅을 4시간 해서 두번 먹기는쫌..,72,True,,,,흑백요리사 보고 궁금 해서 다녀 왔어요 맑은 곰탕은 처음 이었는데 맛은 있었는데 이 추위에 웨이팅을 4시간 해서 두번 먹기는쫌..,흑백요리사 보고 궁금 해서 다녀 왔어요 맑은 곰탕은 처음 이었는데 맛은 있었는데 이 추위에 웨이팅을 4시간 해서 두번 먹기는쫌,0,0,0,0,0,0,1,72,웨이팅
naver,할머니의 레시피,만다린S2,18.0,2025.08.02,1번째 방문,영수증,음식은 맛있었지만 먹다가 머리카락이... 손님들도 많고 하니 조심스럽게 직원분을 불러서 그 부분에 말씀드렸지만 대처하는 부분이 굉장히 미흡했습니다. 누가 지인들과 맛있는 거 먹으러와서 머리카락을 넣을까요? 저희 모두 숏컷 아니면 묶고 있었고(곱슬머리)에어컨 바람에 날리는 상황도 아니였음에도 남자직원들 밖에 없다며 저희 머리카락일 수도 있다며 말씀하시는 부분이 굉장히 불친절하다고 느꼈습니다. 남자직원들만 있다고 하셨지만 직모모발에 기장이 엄청 긴 것도 아니고 모발 굵기가 굵어서 절대 저희한테서 나올리 없는 것이기도 하고 충분히 남자분에게서도 빠질 수 있는데도 불고하고 저희를 질책하는 듯한 말투 등이 보기 좋지 않았습니다. 아무리 음식이 맛있었어도 사장님으로 보이는 분의 언행 때문에 재방문의사는 없습니다.,397,True,,,,음식은 맛있었지만 먹다가 머리카락이... 손님들도 많고 하니 조심스럽게 직원분을 불러서 그 부분에 말씀드렸지만 대처하는 부분이 굉장히 미흡했습니다. 누가 지인들과 맛있는 거 먹으러와서 머리카락을 넣을까요? 저희 모두 숏컷 아니면 묶고 있었고(곱슬머리)에어컨 바람에 날리는 상황도 아니였음에도 남자직원들 밖에 없다며 저희 머리카락일 수도 있다며 말씀하시는 부분이 굉장히 불친절하다고 느꼈습니다. 남자직원들만 있다고 하셨지만 직모모발에 기장이 엄청 긴 것도 아니고 모발 굵기가 굵어서 절대 저희한테서 나올리 없는 것이기도 하고 충분히 남자분에게서도 빠질 수 있는데도 불고하고 저희를 질책하는 듯한 말투 등이 보기 좋지 않았습니다. 아무리 음식이 맛있었어도 사장님으로 보이는 분의 언행 때문에 재방문의사는 없습니다.,음식은 맛있었지만 먹다가 머리카락이 손님들도 많고 하니 조심스럽게 직원분을 불러서 그 부분에 말씀드렸지만 대처하는 부분이 굉장히 미흡했습니다 누가 지인들과 맛있는 거 먹으러와서 머리카락을 넣을까요 QUESTION 저희 모두 숏컷 아니면 묶고 있었고 곱슬머리 에어컨 바람에 날리는 상황도 아니였음에도 남자직원들 밖에 없다며 저희 머리카락일 수도 있다며 말씀하시는 부분이 굉장히 불친절하다고 느꼈습니다 남자직원들만 있다고 하셨지만 직모모발에 기장이 엄청 긴 것도 아니고 모발 굵기가 굵어서 절대 저희한테서 나올리 없는 것이기도 하고 충분히 남자분에게서도 빠질 수 있는데도 불고하고 저희를 질책하는 듯한 말투 등이 보기 좋지 않았습니다 아무리 음식이 맛있었어도 사장님으로 보이는 분의 언행 때문에 재방문의사는 없습니다,0,0,0,0,0,1,0,397,"친절, 불친절, 직원, 사장님, 대처"
naver,뼈탄집 성수역점,Rohstar,32.0,2026.05.03,1번째 방문,영수증,고기도 정말 맛있고 직접 다 구워주셔서 정말 맛있게 잘 먹었어요! 유명하다고 해서 찾아와봤는데 고기의 품질이 진짜 달랐어요. 계탄밥 진짜 엄청 맛있어서 다음 날에 생각 날 정도에요! 또 방문할게요!!,111,True,,,,고기도 정말 맛있고 직접 다 구워주셔서 정말 맛있게 잘 먹었어요! 유명하다고 해서 찾아와봤는데 고기의 품질이 진짜 달랐어요. 계탄밥 진짜 엄청 맛있어서 다음 날에 생각 날 정도에요! 또 방문할게요!!,고기도 정말 맛있고 직접 다 구워주셔서 정말 맛있게 잘 먹었어요 EXCLAM 유명하다고 해서 찾아와봤는데 고기의 품질이 진짜 달랐어요 계탄밥 진짜 엄청 맛있어서 다음 날에 생각 날 정도에요 EXCLAM 또 방문할게요 EXCLAM,0,0,0,0,1,0,0,111,구워주
naver,홍대 육지,솔솔3466,23.0,2026.04.18,1번째 방문,예약,고기 상태가 좋아서 첫입부터 만족스러웠어요. 직원분들도 친절하시고 응대가 편해서 식사하는 내내 부담이 없었습니다. 매장 분위기도 깔끔하고 널찍해서 더 편하게 머물 수 있습니다. 같이 나오는 메뉴들이랑 조합도 좋아서 전체적으로 만족도가 높았습니다! 🙂 홍대에서 고기 먹고 싶을 때 다시 생각날 것 같은 곳이에요.,173,True,,,,고기 상태가 좋아서 첫입부터 만족스러웠어요. 직원분들도 친절하시고 응대가 편해서 식사하는 내내 부담이 없었습니다. 매장 분위기도 깔끔하고 널찍해서 더 편하게 머물 수 있습니다. 같이 나오는 메뉴들이랑 조합도 좋아서 전체적으로 만족도가 높았습니다! 🙂 홍대에서 고기 먹고 싶을 때 다시 생각날 것 같은 곳이에요.,고기 상태가 좋아서 첫입부터 만족스러웠어요 직원분들도 친절하시고 응대가 편해서 식사하는 내내 부담이 없었습니다 매장 분위기도 깔끔하고 널찍해서 더 편하게 머물 수 있습니다 같이 나오는 메뉴들이랑 조합도 좋아서 전체적으로 만족도가 높았습니다 EXCLAM EMO_POS 홍대에서 고기 먹고 싶을 때 다시 생각날 것 같은 곳이에요,1,0,0,0,1,0,0,173,"친절, 응대, 직원"
naver,소문난성수감자탕,맛없는 거 안 먹는 애,288.0,2025.09.18,1번째 방문,예약,감자탕은 언제나 소문난성수감자탕🔥 웨이팅은 빡세지만 기다려서라도 먹어줘야죠 푸짐히 고기 뜯고🙉 수제비를 넣고~🙊 마지막 볶음밥은 국룰🙈 수제비를 먹는 이유 손수제비 직접 뜯어넣어주셔서‼️ 볶음밥의 참기름은 방앗간 기름병‼️ 뭐하나 빠지지 않는 내 맛집 입니다❤️‍🔥❤️‍🔥,152,True,,,,감자탕은 언제나 소문난성수감자탕🔥 웨이팅은 빡세지만 기다려서라도 먹어줘야죠 푸짐히 고기 뜯고🙉 수제비를 넣고~🙊 마지막 볶음밥은 국룰🙈 수제비를 먹는 이유 손수제비 직접 뜯어넣어주셔서‼️ 볶음밥의 참기름은 방앗간 기름병‼️ 뭐하나 빠지지 않는 내 맛집 입니다❤️‍🔥❤️‍🔥,감자탕은 언제나 소문난성수감자탕 EMO_POS 웨이팅은 빡세지만 기다려서라도 먹어줘야죠 푸짐히 고기 뜯고 수제비를 넣고 마지막 볶음밥은 국룰 수제비를 먹는 이유 손수제비 직접 뜯어넣어주셔서 볶음밥의 참기름은 방앗간 기름병 뭐하나 빠지지 않는 내 맛집 입니다 EMO_POS EMO_POS EMO_POS EMO_POS,1,0,0,0,0,0,0,152,웨이팅
naver,각시보쌈,부산보라,520.0,2025.03.25,2번째 방문,영수증,합정역 가성비 보쌈집이죠. 채소값이 올라서 상추 추가비를 받지만 듬뿍 주셔서 남김 없이 먹으면 충분히 만족합니다. 웨이팅을 피하기 위해 조금 일찍 가면 편히 먹고 올 수 있습니다.,100,True,,,,합정역 가성비 보쌈집이죠. 채소값이 올라서 상추 추가비를 받지만 듬뿍 주셔서 남김 없이 먹으면 충분히 만족합니다. 웨이팅을 피하기 위해 조금 일찍 가면 편히 먹고 올 수 있습니다.,합정역 가성비 보쌈집이죠 채소값이 올라서 상추 추가비를 받지만 듬뿍 주셔서 남김 없이 먹으면 충분히 만족합니다 웨이팅을 피하기 위해 조금 일찍 가면 편히 먹고 올 수 있습니다,0,0,0,0,0,0,0,100,웨이팅
naver,금금 성수점,찐 원앤온리,17.0,2026.02.09,1번째 방문,영수증,"퓨전한식이라 한국인 입맛에 제격!! 색다른 맛으로 질리지 않게 먹었습니다. 특히 묵은지참치말이는 한알만 먹어도 든든 친구, 연인과 같이 오면 깔끔하고 맛있는 식사가 될거예요! (점원분의 친절함도 감사했습니다😍)",117,True,,,,"퓨전한식이라 한국인 입맛에 제격!! 색다른 맛으로 질리지 않게 먹었습니다. 특히 묵은지참치말이는 한알만 먹어도 든든 친구, 연인과 같이 오면 깔끔하고 맛있는 식사가 될거예요! (점원분의 친절함도 감사했습니다😍)",퓨전한식이라 한국인 입맛에 제격 EXCLAM 색다른 맛으로 질리지 않게 먹었습니다 특히 묵은지참치말이는 한알만 먹어도 든든 친구 연인과 같이 오면 깔끔하고 맛있는 식사가 될거예요 EXCLAM 점원분의 친절함도 감사했습니다 EMO_POS,1,0,0,0,1,0,0,117,친절
kakao,쭌곱창,구미,53.0,2025-03-27,,,사장님이 재밌으시고 곱창양념이랑 불맛이 진짜 칼칼하고 맛있어요:9 다음에도 오픈런(?) 하러 옵니다🙌💕💕💕,59,True,5.0,4.6,실버 레벨,사장님이 재밌으시고 곱창양념이랑 불맛이 진짜 칼칼하고 맛있어요:9 다음에도 오픈런(?) 하러 옵니다🙌💕💕💕,사장님이 재밌으시고 곱창양념이랑 불맛이 진짜 칼칼하고 맛있어요 9 다음에도 오픈런 QUESTION 하러 옵니다 EMO_POS EMO_POS EMO_POS EMO_POS,1,0,0,0,0,1,1,59,사장님
naver,능동미나리 성수지점,미유리블,2260.0,2026.02.02,5번째 방문,영수증,친절해요,4,False,,,,친절해요,친절해요,0,0,0,0,0,0,0,4,친절
naver,락희옥 마포본점,ravelc,21.0,2026.04.15,1번째 방문,영수증,"밤에 갑자기 김치말이국수 생각나서 방문했어요. 원래 김치말이국수는 구운 고기랑 먹어야 제맛인데, 소세지가 자극적이지 않게 맛있어서 잘 어울렸습니다. 쿠폰으로 서비스 받은 전병도 너무 맛있었구요. 자리도 넓직하고 주류 종류가 다양해서 모임하기에도 좋아보여요",142,True,,,,"밤에 갑자기 김치말이국수 생각나서 방문했어요. 원래 김치말이국수는 구운 고기랑 먹어야 제맛인데, 소세지가 자극적이지 않게 맛있어서 잘 어울렸습니다. 쿠폰으로 서비스 받은 전병도 너무 맛있었구요. 자리도 넓직하고 주류 종류가 다양해서 모임하기에도 좋아보여요",밤에 갑자기 김치말이국수 생각나서 방문했어요 원래 김치말이국수는 구운 고기랑 먹어야 제맛인데 소세지가 자극적이지 않게 맛있어서 잘 어울렸습니다 쿠폰으로 서비스 받은 전병도 너무 맛있었구요 자리도 넓직하고 주류 종류가 다양해서 모임하기에도 좋아보여요,0,0,0,0,0,0,0,142,서비스
kakao,뼈탄집 성수역점,문소빈,1.0,2026-01-16,,,저녁에 먹으러 왔는데 분위기도 너무 좋고 맛있게 먹고 가요!!!!! 9시 쯤에 왔는데 웨이팅은 따로 안하고 들어왓어요,65,True,4.0,4.0,브론즈 레벨,저녁에 먹으러 왔는데 분위기도 너무 좋고 맛있게 먹고 가요!!!!! 9시 쯤에 왔는데 웨이팅은 따로 안하고 들어왓어요,저녁에 먹으러 왔는데 분위기도 너무 좋고 맛있게 먹고 가요 EXCLAM 9시 쯤에 왔는데 웨이팅은 따로 안하고 들어왓어요,0,0,0,0,1,0,1,65,웨이팅
naver,조선시대,gkl****,26.0,2026.03.28,1번째 방문,영수증,분위기도 좋고 친절하셔서 너무재밌습니다. 게임도많고 음식도 맛있어요,37,True,,,,분위기도 좋고 친절하셔서 너무재밌습니다. 게임도많고 음식도 맛있어요,분위기도 좋고 친절하셔서 너무재밌습니다 게임도많고 음식도 맛있어요,0,0,0,0,0,0,0,37,친절
naver,원조 조박집 본관,eun****,242.0,2026.01.03,2번째 방문,영수증,언제나 한결같이 맛있음.친절도 서비스 아주 좋아요.돼지갈비로는 서울에서 탑3안에 반드시 있음.최상급 굿굿굿,59,False,,,,언제나 한결같이 맛있음.친절도 서비스 아주 좋아요.돼지갈비로는 서울에서 탑3안에 반드시 있음.최상급 굿굿굿,언제나 한결같이 맛있음 친절도 서비스 아주 좋아요 돼지갈비로는 서울에서 탑3안에 반드시 있음 최상급 굿굿,0,0,0,0,0,0,1,59,"서비스, 친절"
kakao,이태리국시 성수,김세화,1.0,2026-03-28,,,웨이팅 길었지만…만족! 좋아요 매우 만족합니다 핸드폰으로 주문할수 있네요^^추천해요~ 강추강추합니다^^~ㅎㅎ,60,False,5.0,5.0,브론즈 레벨,웨이팅 길었지만…만족! 좋아요 매우 만족합니다 핸드폰으로 주문할수 있네요^^추천해요~ 강추강추합니다^^~ㅎㅎ,웨이팅 길었지만 만족 EXCLAM 좋아요 매우 만족합니다 핸드폰으로 주문할수 있네요 추천해요 강추강추합니다,0,0,0,0,1,0,0,60,"주문, 웨이팅"
kakao,능동미나리 성수점,vita,175.0,2025-10-04,,,맛 친절 분위기 굳.,11,True,5.0,4.6,골드 레벨,맛 친절 분위기 굳.,맛 친절 분위기 굳,0,0,0,0,0,0,0,11,친절
naver,이태리국시 성수,dud****,26.0,2026.05.08,1번째 방문,영수증,대표메뉴 두개 시켜봤는데 이유가 있네요!! 돌판이라 식지 않아서 넘 따뜻하고 맛있어용~ 다만 대기가 너무 길어서 예약하는게 좋을 것 같습니당,78,True,,,,대표메뉴 두개 시켜봤는데 이유가 있네요!! 돌판이라 식지 않아서 넘 따뜻하고 맛있어용~ 다만 대기가 너무 길어서 예약하는게 좋을 것 같습니당,대표메뉴 두개 시켜봤는데 이유가 있네요 EXCLAM 돌판이라 식지 않아서 넘 따뜻하고 맛있어용 다만 대기가 너무 길어서 예약하는게 좋을 것 같습니당,0,0,0,0,1,0,0,78,"대기, 예약"
naver,금금 성수점,쵸코비쨩,14.0,2026.04.05,1번째 방문,영수증,진짜 맛있어용!! 데이트 장소로 좋은 거 같아요! 직원들도 친절하시고 음식이 새롭고 맛있습니다! 추천해용!!!,61,True,,,,진짜 맛있어용!! 데이트 장소로 좋은 거 같아요! 직원들도 친절하시고 음식이 새롭고 맛있습니다! 추천해용!!!,진짜 맛있어용 EXCLAM 데이트 장소로 좋은 거 같아요 EXCLAM 직원들도 친절하시고 음식이 새롭고 맛있습니다 EXCLAM 추천해용 EXCLAM,0,0,0,0,1,0,0,61,"친절, 직원"
naver,장인닭갈비 홍대점,러브33,30.0,2025.12.21,1번째 방문,영수증,웨이팅은 조금 했지만 너무 맛나요 오랜만에 먹으니 더더 맛나네요 분위기도 좋습니다,45,True,,,,웨이팅은 조금 했지만 너무 맛나요 오랜만에 먹으니 더더 맛나네요 분위기도 좋습니다,웨이팅은 조금 했지만 너무 맛나요 오랜만에 먹으니 더더 맛나네요 분위기도 좋습니다,0,0,0,0,0,0,0,45,웨이팅
naver,쭌곱창,Hahajung,33.0,2025.10.31,1번째 방문,영수증,사장님이 누무 친절하세요 쌈까지 싸주셨어요ㅌㅋㅋㅋ가성빋ㅎ 좋고 다른 곱창집과 다르게 소스도 많아서 자주옵니당 ㅎㅎㅎ,64,True,,,,사장님이 누무 친절하세요 쌈까지 싸주셨어요ㅌㅋㅋㅋ가성빋ㅎ 좋고 다른 곱창집과 다르게 소스도 많아서 자주옵니당 ㅎㅎㅎ,사장님이 누무 친절하세요 쌈까지 싸주셨어요 가성빋 좋고 다른 곱창집과 다르게 소스도 많아서 자주옵니당,0,0,0,0,0,0,0,64,"친절, 사장님"
naver,홍대 육지,안 준 서,5.0,2026.04.18,1번째 방문,영수증,"고기 질이 정말 좋아서 한입 먹자마자 차이가 느껴졌어요. 잡내 없고 육즙도 풍부해서 계속 손이 가더라고요. 불판 관리도 잘 해주셔서 편하게 먹을 수 있었고, 직원분들도 전체적으로 친절했습니다. 반찬 구성도 깔끔하고 고기랑 잘 어울려서 조합이 좋았어요. 가격 대비 만족도 높아서 다음에 또 방문할 생각입니다 👍",172,True,,,,"고기 질이 정말 좋아서 한입 먹자마자 차이가 느껴졌어요. 잡내 없고 육즙도 풍부해서 계속 손이 가더라고요. 불판 관리도 잘 해주셔서 편하게 먹을 수 있었고, 직원분들도 전체적으로 친절했습니다. 반찬 구성도 깔끔하고 고기랑 잘 어울려서 조합이 좋았어요. 가격 대비 만족도 높아서 다음에 또 방문할 생각입니다 👍",고기 질이 정말 좋아서 한입 먹자마자 차이가 느껴졌어요 잡내 없고 육즙도 풍부해서 계속 손이 가더라고요 불판 관리도 잘 해주셔서 편하게 먹을 수 있었고 직원분들도 전체적으로 친절했습니다 반찬 구성도 깔끔하고 고기랑 잘 어울려서 조합이 좋았어요 가격 대비 만족도 높아서 다음에 또 방문할 생각입니다 EMO_POS,1,0,0,0,0,0,0,172,"친절, 직원"
kakao,태양곱창 성수,du155,1.0,2025-02-12,,,방문하기 전 찾아보니 곱창전공이랑 치즈 감자전을 많이 추천하시길래 저희도 곱창전골 2인분에 치즈 감자전을 주문했어요~치즈 감자전이 겉바 속촉 스타일이라 너무 맛있었어요~물론 곱창전골도 너무 맛있었어요요~♡,114,False,5.0,5.0,브론즈 레벨,방문하기 전 찾아보니 곱창전공이랑 치즈 감자전을 많이 추천하시길래 저희도 곱창전골 2인분에 치즈 감자전을 주문했어요~치즈 감자전이 겉바 속촉 스타일이라 너무 맛있었어요~물론 곱창전골도 너무 맛있었어요요~♡,방문하기 전 찾아보니 곱창전공이랑 치즈 감자전을 많이 추천하시길래 저희도 곱창전골 2인분에 치즈 감자전을 주문했어요 치즈 감자전이 겉바 속촉 스타일이라 너무 맛있었어요 물론 곱창전골도 너무 맛있었어요요 EMO_POS,1,0,0,0,0,0,1,114,주문
kakao,태양곱창 성수,노을,2.0,2025-02-10,,,얼마 전 그 근처 다른 식당 갔다가 너무 맛있어보여서 맛집 리스트에 넣었다가 성수역에 갈 일이 있어서 방문해보았어요. 문 열고 들어가니 이미 많은 분들이 많이 계시더라고요~바쁜데도 직원분들이 너무 친절하게 잘 해주셔서 맛있게 먹고 왔어요!! 재방문할 의사 있습니다~,148,False,5.0,5.0,브론즈 레벨,얼마 전 그 근처 다른 식당 갔다가 너무 맛있어보여서 맛집 리스트에 넣었다가 성수역에 갈 일이 있어서 방문해보았어요. 문 열고 들어가니 이미 많은 분들이 많이 계시더라고요~바쁜데도 직원분들이 너무 친절하게 잘 해주셔서 맛있게 먹고 왔어요!! 재방문할 의사 있습니다~,얼마 전 그 근처 다른 식당 갔다가 너무 맛있어보여서 맛집 리스트에 넣었다가 성수역에 갈 일이 있어서 방문해보았어요 문 열고 들어가니 이미 많은 분들이 많이 계시더라고요 바쁜데도 직원분들이 너무 친절하게 잘 해주셔서 맛있게 먹고 왔어요 EXCLAM 재방문할 의사 있습니다,0,0,0,0,1,0,0,148,"친절, 직원"
naver,옥동식,Rotterdam,962.0,2025.12.30,1번째 방문,영수증,"몸 상태가 안 좋아서, 대기는 너무 길어서 포장해왔는데 몸보신용으로 너무 좋습니다.",46,True,,,,"몸 상태가 안 좋아서, 대기는 너무 길어서 포장해왔는데 몸보신용으로 너무 좋습니다.",몸 상태가 안 좋아서 대기는 너무 길어서 포장해왔는데 몸보신용으로 너무 좋습니다,0,0,0,0,0,0,0,46,대기
naver,태양곱창 성수점,새싹비비빅,76.0,2026.03.22,1번째 방문,영수증,"국물부터 딱 얼큰하고 진해요. 첫 숟갈 먹자마자 “아, 이거 술 안 시킬 수 없는 맛이다” 싶은 스타일. 곱창도 냄새 안 나고 꽤 실하게 들어 있어서 먹는 내내 아쉽지 않았어요. 야채도 넉넉해서 국물이 더 시원한 느낌이고요. 양은 둘이 먹기 충분했고, 셋이 가면 사리 하나 추가하면 딱 좋을 것 같아요. 무엇보다 마지막에 볶음밥 꼭 시켜야 합니다. 남은 국물에 비벼 먹으면 그게 진짜 마무리예요. 배불러도 그냥 들어가요. 가게는 살짝 북적이는 편이라 피크 타임엔 웨이팅 있을 수 있어요. 분위기는 딱 동네 맛집 느낌이라 편하게 먹기 좋고, 친구들이랑 가볍게 술 한잔하기도 괜찮아요.",325,True,,,,"국물부터 딱 얼큰하고 진해요. 첫 숟갈 먹자마자 “아, 이거 술 안 시킬 수 없는 맛이다” 싶은 스타일. 곱창도 냄새 안 나고 꽤 실하게 들어 있어서 먹는 내내 아쉽지 않았어요. 야채도 넉넉해서 국물이 더 시원한 느낌이고요. 양은 둘이 먹기 충분했고, 셋이 가면 사리 하나 추가하면 딱 좋을 것 같아요. 무엇보다 마지막에 볶음밥 꼭 시켜야 합니다. 남은 국물에 비벼 먹으면 그게 진짜 마무리예요. 배불러도 그냥 들어가요. 가게는 살짝 북적이는 편이라 피크 타임엔 웨이팅 있을 수 있어요. 분위기는 딱 동네 맛집 느낌이라 편하게 먹기 좋고, 친구들이랑 가볍게 술 한잔하기도 괜찮아요.",국물부터 딱 얼큰하고 진해요 첫 숟갈 먹자마자 아 이거 술 안 시킬 수 없는 맛이다 싶은 스타일 곱창도 냄새 안 나고 꽤 실하게 들어 있어서 먹는 내내 아쉽지 않았어요 야채도 넉넉해서 국물이 더 시원한 느낌이고요 양은 둘이 먹기 충분했고 셋이 가면 사리 하나 추가하면 딱 좋을 것 같아요 무엇보다 마지막에 볶음밥 꼭 시켜야 합니다 남은 국물에 비벼 먹으면 그게 진짜 마무리예요 배불러도 그냥 들어가요 가게는 살짝 북적이는 편이라 피크 타임엔 웨이팅 있을 수 있어요 분위기는 딱 동네 맛집 느낌이라 편하게 먹기 좋고 친구들이랑 가볍게 술 한잔하기도 괜찮아요,0,0,0,0,0,0,0,325,웨이팅
naver,장인닭갈비 홍대점,whdmsql102579,3.0,2026.04.01,1번째 방문,영수증,소문의 장인의 닭갈비 드디어 가봤어요! 소문대로 넘 맛있었습니다~! 직원분들도 친절하시고 친구랑 맛있게 잘 먹었어요🥰🥰,66,True,,,,소문의 장인의 닭갈비 드디어 가봤어요! 소문대로 넘 맛있었습니다~! 직원분들도 친절하시고 친구랑 맛있게 잘 먹었어요🥰🥰,소문의 장인의 닭갈비 드디어 가봤어요 EXCLAM 소문대로 넘 맛있었습니다 EXCLAM 직원분들도 친절하시고 친구랑 맛있게 잘 먹었어요 EMO_POS EMO_POS,1,0,0,0,1,0,0,66,"친절, 직원"
kakao,각시보쌈,개볶긔,16.0,2026-01-03,,,맛있는데 너무 불친절함 정식먹었는데 찌개추가라고했는데 리필안됀다고 눈치주고 화내심 ;; 빨리먹으란식의 눈치주시고 두번다시올일없슴다,72,False,1.0,3.1,실버 레벨,맛있는데 너무 불친절함 정식먹었는데 찌개추가라고했는데 리필안됀다고 눈치주고 화내심 ;; 빨리먹으란식의 눈치주시고 두번다시올일없슴다,맛있는데 너무 불친절함 정식먹었는데 찌개추가라고했는데 리필안됀다고 눈치주고 화내심 빨리먹으란식의 눈치주시고 두번다시올일없슴다,0,0,0,0,0,0,0,72,"친절, 불친절, 빨리"
naver,이태리국시 성수,안은빈20,104.0,2026.04.25,1번째 방문,영수증,여기 진짜 좋아요 분위기 좋고 맛 좋고 직원 분들도 친절하세요 성수 오면 여기서 저녁 먹는 거 추천해요 !!,60,True,,,,여기 진짜 좋아요 분위기 좋고 맛 좋고 직원 분들도 친절하세요 성수 오면 여기서 저녁 먹는 거 추천해요 !!,여기 진짜 좋아요 분위기 좋고 맛 좋고 직원 분들도 친절하세요 성수 오면 여기서 저녁 먹는 거 추천해요 EXCLAM,0,0,0,0,1,0,0,60,"친절, 직원"
kakao,훼미리손칼국수보쌈,정신병걸릴것같애,26.0,2025-04-28,,,칼국수가 매우 아쉽다.. 근데? 보쌈이 레전드 맛집임!!! 무조건 재방문… ㅠㅠ 웨이팅만 없길 빌 뿐..🥵,59,True,4.0,4.2,실버 레벨,칼국수가 매우 아쉽다.. 근데? 보쌈이 레전드 맛집임!!! 무조건 재방문… ㅠㅠ 웨이팅만 없길 빌 뿐..🥵,칼국수가 매우 아쉽다 근데 QUESTION 보쌈이 레전드 맛집임 EXCLAM 무조건 재방문 웨이팅만 없길 빌 뿐,0,0,0,1,1,1,0,59,웨이팅
naver,소문난성수감자탕,rna****,7.0,2026.01.25,1번째 방문,영수증,"음식맛, 위생을 다 떠나서 중국인인지 조선족인지 하얼빈 장첸처럼 말하는 여직원 진심 불친절을 넘어서 사가지없으심. 툴툴거리는건 기본에 직원들끼리 기싸움인지 서열싸움인지 계속 인상 찌푸린상태로 돌아다님. 의자에 옷걸어놨다고 본인 지나가기 불편하다고 짜증내는 식당직원 봤음? 들어오자마자 뭐먹을거냐고 압박하고, 메뉴 줄때도 개짜증내면서 비키라는식으로 음식놔줌; 혼나러 온줄;; 관광객 상대로 장사하면서 단체로 돌아버림?",232,False,,,,"음식맛, 위생을 다 떠나서 중국인인지 조선족인지 하얼빈 장첸처럼 말하는 여직원 진심 불친절을 넘어서 사가지없으심. 툴툴거리는건 기본에 직원들끼리 기싸움인지 서열싸움인지 계속 인상 찌푸린상태로 돌아다님. 의자에 옷걸어놨다고 본인 지나가기 불편하다고 짜증내는 식당직원 봤음? 들어오자마자 뭐먹을거냐고 압박하고, 메뉴 줄때도 개짜증내면서 비키라는식으로 음식놔줌; 혼나러 온줄;; 관광객 상대로 장사하면서 단체로 돌아버림?",음식맛 위생을 다 떠나서 중국인인지 조선족인지 하얼빈 장첸처럼 말하는 여직원 진심 불친절을 넘어서 사가지없으심 툴툴거리는건 기본에 직원들끼리 기싸움인지 서열싸움인지 계속 인상 찌푸린상태로 돌아다님 의자에 옷걸어놨다고 본인 지나가기 불편하다고 짜증내는 식당직원 봤음 QUESTION 들어오자마자 뭐먹을거냐고 압박하고 메뉴 줄때도 개짜증내면서 비키라는식으로 음식놔줌 혼나러 온줄 관광객 상대로 장사하면서 단체로 돌아버림 QUESTION,0,0,0,0,0,1,0,232,"친절, 불친절, 직원"
kakao,쭌곱창,^-^,3.0,2025-05-26,,,"처음 와봤는데 아늑하고 친절하시구 너무 좋아요,,! 소스도 다양하구 구성도 알찹니당 홍대 곱창은 여기가 원픽이에여 이제",66,True,5.0,3.7,브론즈 레벨,"처음 와봤는데 아늑하고 친절하시구 너무 좋아요,,! 소스도 다양하구 구성도 알찹니당 홍대 곱창은 여기가 원픽이에여 이제",처음 와봤는데 아늑하고 친절하시구 너무 좋아요 EXCLAM 소스도 다양하구 구성도 알찹니당 홍대 곱창은 여기가 원픽이에여 이제,0,0,0,0,1,0,0,66,친절
kakao,홍대 조선시대,송현우,1.0,2026-04-25,,,술이 일단 정말 싸고 직원분들도 다 친절하셔요 무엇보다 분위기가 정말 좋아요,42,True,5.0,5.0,브론즈 레벨,술이 일단 정말 싸고 직원분들도 다 친절하셔요 무엇보다 분위기가 정말 좋아요,술이 일단 정말 싸고 직원분들도 다 친절하셔요 무엇보다 분위기가 정말 좋아요,0,0,0,0,0,0,0,42,"친절, 직원"
naver,황금콩밭,맛집지도쏘쏘,450.0,2025.11.02,1번째 방문,영수증,"테이블링 가면서 예약 후 10분 정도 기다렸다가 금방 들어갔어요. 회전이 빠른편이고 두부가 올리브유, 바질과 잘어울릴줄 몰랐네요 짜글이는 밥비벼먹기좋고 콩비지는 부드럽고 고기가 맛있어요",103,True,,,,"테이블링 가면서 예약 후 10분 정도 기다렸다가 금방 들어갔어요. 회전이 빠른편이고 두부가 올리브유, 바질과 잘어울릴줄 몰랐네요 짜글이는 밥비벼먹기좋고 콩비지는 부드럽고 고기가 맛있어요",테이블링 가면서 예약 후 10분 정도 기다렸다가 금방 들어갔어요 회전이 빠른편이고 두부가 올리브유 바질과 잘어울릴줄 몰랐네요 짜글이는 밥비벼먹기좋고 콩비지는 부드럽고 고기가 맛있어요,0,0,0,0,0,0,1,103,예약
naver,각시보쌈,brown28,1771.0,2026.01.23,3번째 방문,,점심한정메뉴인 1만원짜리 각시정식(보쌈정식)이 구성도 알차고 양도 넉넉하고 맛도 참 괜찮아 푸짐하고 만족스러운 점심한끼를 먹을수 있습니다.. 보쌈 고기는 부드러운 가브리살 부위고 여럿이 시켜도 한접시에 같이 나오는게 아니라 1인분씩 각자 별도로 제공되 위생적이기도 하고 모호한 양이 아닌 일정하게 정량이 제공되는 것도 큰 장점 입니다.. 그리고 함께 제공되는 참치김치찌개도 맛이 참 괜찮고 요즘 같이 추운겨울 날씨에 먹기 딱 좋습니다.. 가성비로는 단연 압도적이고 음식맛도 괜찮고 거기다 눈치 안보고 혼밥하기 좋고 직원분도 참 친절한 합정쪽에선 완전 강추하는 식당입니다..,320,True,,,,점심한정메뉴인 1만원짜리 각시정식(보쌈정식)이 구성도 알차고 양도 넉넉하고 맛도 참 괜찮아 푸짐하고 만족스러운 점심한끼를 먹을수 있습니다.. 보쌈 고기는 부드러운 가브리살 부위고 여럿이 시켜도 한접시에 같이 나오는게 아니라 1인분씩 각자 별도로 제공되 위생적이기도 하고 모호한 양이 아닌 일정하게 정량이 제공되는 것도 큰 장점 입니다.. 그리고 함께 제공되는 참치김치찌개도 맛이 참 괜찮고 요즘 같이 추운겨울 날씨에 먹기 딱 좋습니다.. 가성비로는 단연 압도적이고 음식맛도 괜찮고 거기다 눈치 안보고 혼밥하기 좋고 직원분도 참 친절한 합정쪽에선 완전 강추하는 식당입니다..,점심한정메뉴인 1만원짜리 각시정식 보쌈정식 이 구성도 알차고 양도 넉넉하고 맛도 참 괜찮아 푸짐하고 만족스러운 점심한끼를 먹을수 있습니다 보쌈 고기는 부드러운 가브리살 부위고 여럿이 시켜도 한접시에 같이 나오는게 아니라 1인분씩 각자 별도로 제공되 위생적이기도 하고 모호한 양이 아닌 일정하게 정량이 제공되는 것도 큰 장점 입니다 그리고 함께 제공되는 참치김치찌개도 맛이 참 괜찮고 요즘 같이 추운겨울 날씨에 먹기 딱 좋습니다 가성비로는 단연 압도적이고 음식맛도 괜찮고 거기다 눈치 안보고 혼밥하기 좋고 직원분도 참 친절한 합정쪽에선 완전 강추하는 식당입니다,0,0,0,0,0,0,1,320,"친절, 직원"
naver,홍대 육지,펠로4,23.0,2026.04.11,1번째 방문,영수증,"합정역에 가장 인기있는 육지 고기집… 한정메뉴로 돈대갈비 먹었는데 숙성이 너무 잘되서 존맛탱….. 하루에 20분 한정이니깐 빨리 가야될듯….🥹 고기도 잘 구워주시고, 일하시는 분들도 너무 친절하고 매장도 청결해요. 추천 꾸욱🫣",126,True,,,,"합정역에 가장 인기있는 육지 고기집… 한정메뉴로 돈대갈비 먹었는데 숙성이 너무 잘되서 존맛탱….. 하루에 20분 한정이니깐 빨리 가야될듯….🥹 고기도 잘 구워주시고, 일하시는 분들도 너무 친절하고 매장도 청결해요. 추천 꾸욱🫣",합정역에 가장 인기있는 육지 고기집 한정메뉴로 돈대갈비 먹었는데 숙성이 너무 잘되서 존맛탱 하루에 20분 한정이니깐 빨리 가야될듯 고기도 잘 구워주시고 일하시는 분들도 너무 친절하고 매장도 청결해요 추천 꾸욱,0,0,0,0,0,0,1,126,"친절, 구워주, 빨리"
kakao,소문난성수감자탕,곤,41.0,2025-09-05,,,"최근에 집 근처에 있는 감자탕집을 방문했는데, 솔직히 말해서 음식 맛보다도 서비스 때문에 다시는 가고 싶지 않은 경험을 했습니다. 저는 보통 웬만한 음식점에서는 서비스에 크게 예민하지 않은 편입니다. 음식이 조금 늦게 나오거나 직원이 바쁘면 이해하려고 하는 편인데, 이 집은 그 수준을 넘어선 최악의 서비스로 기억에 남게 되었습니다. 먼저 가게에 들어섰을 때부터 기분이 좋지 않았습니다. 손님이 많지 않았는데도 직원들은 손님을 맞이하는 인사조차 제대로 하지 않았습니다. 그냥 무심하게 눈길만 주고는 테이블을 가리키는 식이었죠. 자리에 앉아 메뉴판을 보려는데, 메뉴판이 낡고 지저분해서 첫인상부터 불쾌했습니다. 그래도 맛만 있으면 괜찮겠지 싶어 감자탕과 공깃밥을 주문했습니다. 문제는 주문 이후부터 본격적으로 시작되었습니다. 손님이 많지 않았음에도 불구하고 음식이 나오기까지 무려 30분 이상이 걸렸습니다. 기다리는 동안 다른 테이블 손님들도 불만을 토로하고 있었습니다. 그런데 직원들은 사과 한마디 없이 주방과 홀 사이에서 서로 짜증을 내며 큰 소리로 대화를 이어갔습니다. 손님이 듣고 있는데도 아랑곳하지 않는 모습에 당황스러웠습니다. 드디어 감자탕이 나왔을 때는 기대보다는 실망이 컸습니다. 국물은 미지근했고, 고기도 충분히 우려내지 않은 듯 퍽퍽했습니다. 게다가 밑반찬은 3가지뿐이었는데, 하나는 이미 쉬어 신맛이 났습니다. 반찬을 교체해 달라고 요청했더니 직원은 귀찮다는 듯한 표정을 지으며 “원래 다 이런 거예요”라고 퉁명스럽게 대답했습니다. 순간 기분이 확 상했습니다. 더 최악이었던 건 공깃밥을 추가로 주문했을 때였습니다. 공깃밥이 한참 동안 나오지 않아 다시 요청했는데, 직원이 “아직 안 가져가셨어요?”라며 마치 제 잘못인 듯 말하더군요. 결국 밥은 국물이 다 식어갈 무렵에야 나왔습니다. 이런 상황에서 제대로 된 식사를 즐기기는 불가능했습니다. 계산할 때도 기분이 좋지 않았습니다. 카드 결제를 요청했는데, 계산대 직원이 핸드폰을 보며 대충 결제를 처리하더니 영수증도 건네주지 않았습니다. 제가 “영수증 주세요”라고 하자 그제야 짜증 섞인 한숨을 쉬며 종이를 내밀었습니다. 마지막 순간까지 불친절한 태도 덕분에 기분은 최악이었습니다. 돌아오면서 곰곰이 생각해 보니, 이 집은 음식 맛이나 가격 문제가 아니라 기본적인 서비스 마인드 자체가 부족하다는 게 문제였습니다. 손님이 식사를 하러 오는 공간이라면 최소한의 친절과 배려는 있어야 하는데, 이 집은 오히려 손님이 방해되는 존재인 것처럼 대하는 느낌이었습니다. 아무리 맛이 좋아도 이런 태도라면 재방문할 이유가 없을 것입니다. 결론적으로, 이 감자탕집은 제게 있어 ‘두 번 다시 가지 않을 집’으로 확실히 자리 잡았습니다. 혹시라도 주변에서 이곳을 추천받는다면 반드시 말릴 것입니다. 식당이라는 공간은 단순히 음식을 먹는 곳이 아니라, 기분 좋은 시간을 보내는 장소이기도 합니다. 그런데 이곳은 그런 최소한의 기대마저 무너뜨렸습니다.",1455,True,1.0,4.1,골드 레벨,"최근에 집 근처에 있는 감자탕집을 방문했는데, 솔직히 말해서 음식 맛보다도 서비스 때문에 다시는 가고 싶지 않은 경험을 했습니다. 저는 보통 웬만한 음식점에서는 서비스에 크게 예민하지 않은 편입니다. 음식이 조금 늦게 나오거나 직원이 바쁘면 이해하려고 하는 편인데, 이 집은 그 수준을 넘어선 최악의 서비스로 기억에 남게 되었습니다. 먼저 가게에 들어섰을 때부터 기분이 좋지 않았습니다. 손님이 많지 않았는데도 직원들은 손님을 맞이하는 인사조차 제대로 하지 않았습니다. 그냥 무심하게 눈길만 주고는 테이블을 가리키는 식이었죠. 자리에 앉아 메뉴판을 보려는데, 메뉴판이 낡고 지저분해서 첫인상부터 불쾌했습니다. 그래도 맛만 있으면 괜찮겠지 싶어 감자탕과 공깃밥을 주문했습니다. 문제는 주문 이후부터 본격적으로 시작되었습니다. 손님이 많지 않았음에도 불구하고 음식이 나오기까지 무려 30분 이상이 걸렸습니다. 기다리는 동안 다른 테이블 손님들도 불만을 토로하고 있었습니다. 그런데 직원들은 사과 한마디 없이 주방과 홀 사이에서 서로 짜증을 내며 큰 소리로 대화를 이어갔습니다. 손님이 듣고 있는데도 아랑곳하지 않는 모습에 당황스러웠습니다. 드디어 감자탕이 나왔을 때는 기대보다는 실망이 컸습니다. 국물은 미지근했고, 고기도 충분히 우려내지 않은 듯 퍽퍽했습니다. 게다가 밑반찬은 3가지뿐이었는데, 하나는 이미 쉬어 신맛이 났습니다. 반찬을 교체해 달라고 요청했더니 직원은 귀찮다는 듯한 표정을 지으며 “원래 다 이런 거예요”라고 퉁명스럽게 대답했습니다. 순간 기분이 확 상했습니다. 더 최악이었던 건 공깃밥을 추가로 주문했을 때였습니다. 공깃밥이 한참 동안 나오지 않아 다시 요청했는데, 직원이 “아직 안 가져가셨어요?”라며 마치 제 잘못인 듯 말하더군요. 결국 밥은 국물이 다 식어갈 무렵에야 나왔습니다. 이런 상황에서 제대로 된 식사를 즐기기는 불가능했습니다. 계산할 때도 기분이 좋지 않았습니다. 카드 결제를 요청했는데, 계산대 직원이 핸드폰을 보며 대충 결제를 처리하더니 영수증도 건네주지 않았습니다. 제가 “영수증 주세요”라고 하자 그제야 짜증 섞인 한숨을 쉬며 종이를 내밀었습니다. 마지막 순간까지 불친절한 태도 덕분에 기분은 최악이었습니다. 돌아오면서 곰곰이 생각해 보니, 이 집은 음식 맛이나 가격 문제가 아니라 기본적인 서비스 마인드 자체가 부족하다는 게 문제였습니다. 손님이 식사를 하러 오는 공간이라면 최소한의 친절과 배려는 있어야 하는데, 이 집은 오히려 손님이 방해되는 존재인 것처럼 대하는 느낌이었습니다. 아무리 맛이 좋아도 이런 태도라면 재방문할 이유가 없을 것입니다. 결론적으로, 이 감자탕집은 제게 있어 ‘두 번 다시 가지 않을 집’으로 확실히 자리 잡았습니다. 혹시라도 주변에서 이곳을 추천받는다면 반드시 말릴 것입니다. 식당이라는 공간은 단순히 음식을 먹는 곳이 아니라, 기분 좋은 시간을 보내는 장소이기도 합니다. 그런데 이곳은 그런 최소한의 기대마저 무너뜨렸습니다.",최근에 집 근처에 있는 감자탕집을 방문했는데 솔직히 말해서 음식 맛보다도 서비스 때문에 다시는 가고 싶지 않은 경험을 했습니다 저는 보통 웬만한 음식점에서는 서비스에 크게 예민하지 않은 편입니다 음식이 조금 늦게 나오거나 직원이 바쁘면 이해하려고 하는 편인데 이 집은 그 수준을 넘어선 최악의 서비스로 기억에 남게 되었습니다 먼저 가게에 들어섰을 때부터 기분이 좋지 않았습니다 손님이 많지 않았는데도 직원들은 손님을 맞이하는 인사조차 제대로 하지 않았습니다 그냥 무심하게 눈길만 주고는 테이블을 가리키는 식이었죠 자리에 앉아 메뉴판을 보려는데 메뉴판이 낡고 지저분해서 첫인상부터 불쾌했습니다 그래도 맛만 있으면 괜찮겠지 싶어 감자탕과 공깃밥을 주문했습니다 문제는 주문 이후부터 본격적으로 시작되었습니다 손님이 많지 않았음에도 불구하고 음식이 나오기까지 무려 30분 이상이 걸렸습니다 기다리는 동안 다른 테이블 손님들도 불만을 토로하고 있었습니다 그런데 직원들은 사과 한마디 없이 주방과 홀 사이에서 서로 짜증을 내며 큰 소리로 대화를 이어갔습니다 손님이 듣고 있는데도 아랑곳하지 않는 모습에 당황스러웠습니다 드디어 감자탕이 나왔을 때는 기대보다는 실망이 컸습니다 국물은 미지근했고 고기도 충분히 우려내지 않은 듯 퍽퍽했습니다 게다가 밑반찬은 3가지뿐이었는데 하나는 이미 쉬어 신맛이 났습니다 반찬을 교체해 달라고 요청했더니 직원은 귀찮다는 듯한 표정을 지으며 원래 다 이런 거예요 라고 퉁명스럽게 대답했습니다 순간 기분이 확 상했습니다 더 최악이었던 건 공깃밥을 추가로 주문했을 때였습니다 공깃밥이 한참 동안 나오지 않아 다시 요청했는데 직원이 아직 안 가져가셨어요 QUESTION 라며 마치 제 잘못인 듯 말하더군요 결국 밥은 국물이 다 식어갈 무렵에야 나왔습니다 이런 상황에서 제대로 된 식사를 즐기기는 불가능했습니다 계산할 때도 기분이 좋지 않았습니다 카드 결제를 요청했는데 계산대 직원이 핸드폰을 보며 대충 결제를 처리하더니 영수증도 건네주지 않았습니다 제가 영수증 주세요 라고 하자 그제야 짜증 섞인 한숨을 쉬며 종이를 내밀었습니다 마지막 순간까지 불친절한 태도 덕분에 기분은 최악이었습니다 돌아오면서 곰곰이 생각해 보니 이 집은 음식 맛이나 가격 문제가 아니라 기본적인 서비스 마인드 자체가 부족하다는 게 문제였습니다 손님이 식사를 하러 오는 공간이라면 최소한의 친절과 배려는 있어야 하는데 이 집은 오히려 손님이 방해되는 존재인 것처럼 대하는 느낌이었습니다 아무리 맛이 좋아도 이런 태도라면 재방문할 이유가 없을 것입니다 결론적으로 이 감자탕집은 제게 있어 두 번 다시 가지 않을 집 으로 확실히 자리 잡았습니다 혹시라도 주변에서 이곳을 추천받는다면 반드시 말릴 것입니다 식당이라는 공간은 단순히 음식을 먹는 곳이 아니라 기분 좋은 시간을 보내는 장소이기도 합니다 그런데 이곳은 그런 최소한의 기대마저 무너뜨렸습니다,0,0,0,0,0,1,1,1455,"서비스, 친절, 불친절, 직원, 주문, 태도, 사과, 늦게"
naver,장인닭갈비 홍대점,맹진희,27.0,2026.01.11,1번째 방문,영수증,딸아이와 함께 식사하러왔는데 아이입에도 잘 맞는 맛이에요 외국인들도 많이 찾는 곳이라 그런지 외국인 직원이 주문받아서 놀랐어요ㅎㅎ 외국인지 한국인지?ㅎ,84,True,,,,딸아이와 함께 식사하러왔는데 아이입에도 잘 맞는 맛이에요 외국인들도 많이 찾는 곳이라 그런지 외국인 직원이 주문받아서 놀랐어요ㅎㅎ 외국인지 한국인지?ㅎ,딸아이와 함께 식사하러왔는데 아이입에도 잘 맞는 맛이에요 외국인들도 많이 찾는 곳이라 그런지 외국인 직원이 주문받아서 놀랐어요 외국인지 한국인지 QUESTION,0,0,0,0,0,1,0,84,"직원, 주문"
kakao,육지,백경,1.0,2025-08-26,,,고기 너무 맛있어요 고기 잡내없고 부드럽습니다 돼지고기 좋아하시는분들이라면 무조건 추천이요 그리고 무엇보다 고기를 구워주셔서 편하게 먹을수있어서 너무좋아요,86,True,5.0,5.0,브론즈 레벨,고기 너무 맛있어요 고기 잡내없고 부드럽습니다 돼지고기 좋아하시는분들이라면 무조건 추천이요 그리고 무엇보다 고기를 구워주셔서 편하게 먹을수있어서 너무좋아요,고기 너무 맛있어요 고기 잡내없고 부드럽습니다 돼지고기 좋아하시는분들이라면 무조건 추천이요 그리고 무엇보다 고기를 구워주셔서 편하게 먹을수있어서 너무좋아요,0,0,0,0,0,0,0,86,구워주
naver,뼈탄집 성수역점,아이으에오100,158.0,2026.03.13,1번째 방문,영수증,데이트하기 좋다고 해서 처음 가봤는데 남자친구도 엄청 좋아하네요~ 담에 또 올게요 사장님!,50,True,,,,데이트하기 좋다고 해서 처음 가봤는데 남자친구도 엄청 좋아하네요~ 담에 또 올게요 사장님!,데이트하기 좋다고 해서 처음 가봤는데 남자친구도 엄청 좋아하네요 담에 또 올게요 사장님 EXCLAM,0,0,0,0,1,0,0,50,사장님
naver,일등식당,백수인,1607.0,2025.05.21,1번째 방문,영수증,아침 9시에 방문했는데 살짝 대기했습니다 고기 육향이 나는 뼈해장국으로 이런 계열 좋아하시면 아주 만족하시며 드실 거예요 원래 성시경 나오는 곳은 불신하는 편인데 오늘은 성시경에게 패배했습니다. 저는 이 식당 강력 추천합니다,125,True,,,,아침 9시에 방문했는데 살짝 대기했습니다 고기 육향이 나는 뼈해장국으로 이런 계열 좋아하시면 아주 만족하시며 드실 거예요 원래 성시경 나오는 곳은 불신하는 편인데 오늘은 성시경에게 패배했습니다. 저는 이 식당 강력 추천합니다,아침 9시에 방문했는데 살짝 대기했습니다 고기 육향이 나는 뼈해장국으로 이런 계열 좋아하시면 아주 만족하시며 드실 거예요 원래 성시경 나오는 곳은 불신하는 편인데 오늘은 성시경에게 패배했습니다 저는 이 식당 강력 추천합니다,0,0,0,0,0,0,1,125,대기
naver,각시보쌈,따봉 가이드,253.0,2025.05.30,1번째 방문,예약,항상 입구에 대기줄로 바글바글한 단연 최고의 보쌈집입니다! 🍖 야들부들한 항정수육에 배추에 무말랭이와 함께 싸먹으면 정말 최고입니다 👍 양도 정말 많고 밑반찬도 푸짐합니다! 다만 웨이팅이 조금 있긴 하지만 기다릴만한 가치가 있어요! 😉,131,True,,,,항상 입구에 대기줄로 바글바글한 단연 최고의 보쌈집입니다! 🍖 야들부들한 항정수육에 배추에 무말랭이와 함께 싸먹으면 정말 최고입니다 👍 양도 정말 많고 밑반찬도 푸짐합니다! 다만 웨이팅이 조금 있긴 하지만 기다릴만한 가치가 있어요! 😉,항상 입구에 대기줄로 바글바글한 단연 최고의 보쌈집입니다 EXCLAM 야들부들한 항정수육에 배추에 무말랭이와 함께 싸먹으면 정말 최고입니다 EMO_POS 양도 정말 많고 밑반찬도 푸짐합니다 EXCLAM 다만 웨이팅이 조금 있긴 하지만 기다릴만한 가치가 있어요 EXCLAM,1,0,0,0,1,0,0,131,"웨이팅, 대기"
kakao,육지,김유민,3.0,2025-07-09,,,직원분들 친절하고 고기랑 사이드 다 맛있습니다!,26,True,5.0,5.0,브론즈 레벨,직원분들 친절하고 고기랑 사이드 다 맛있습니다!,직원분들 친절하고 고기랑 사이드 다 맛있습니다 EXCLAM,0,0,0,0,1,0,0,26,"친절, 직원"
kakao,소문난성수감자탕,lucky guy,137.0,2025-07-01,,,"오랜만에 가봤는데, 손님이 엄청 많아졌네요. 그 탓인지 주문량이 많으니 간이 하나도 베어있질 않네요. 정말 밍밍하고 맛 없게 먹었습니다. 다만 양이 늘어난게 눈에 띄네요. 굳이 사람들에 치이면 재방문은 하지 않을 것 같습니다. 예전에 맛있는 감자탕에 소주 먹던 추억의 장소인데 아쉽네요",159,True,1.0,3.0,골드 레벨,"오랜만에 가봤는데, 손님이 엄청 많아졌네요. 그 탓인지 주문량이 많으니 간이 하나도 베어있질 않네요. 정말 밍밍하고 맛 없게 먹었습니다. 다만 양이 늘어난게 눈에 띄네요. 굳이 사람들에 치이면 재방문은 하지 않을 것 같습니다. 예전에 맛있는 감자탕에 소주 먹던 추억의 장소인데 아쉽네요",오랜만에 가봤는데 손님이 엄청 많아졌네요 그 탓인지 주문량이 많으니 간이 하나도 베어있질 않네요 정말 밍밍하고 맛 없게 먹었습니다 다만 양이 늘어난게 눈에 띄네요 굳이 사람들에 치이면 재방문은 하지 않을 것 같습니다 예전에 맛있는 감자탕에 소주 먹던 추억의 장소인데 아쉽네요,0,0,0,0,0,0,0,159,주문
kakao,뼈탄집 성수역점,놈쥐,1.0,2026-03-29,,,고기 질이 너무 좋고 다 구워주셔서 편해요 식사 메뉴도 다양해서 좋았어요😋,41,True,5.0,5.0,브론즈 레벨,고기 질이 너무 좋고 다 구워주셔서 편해요 식사 메뉴도 다양해서 좋았어요😋,고기 질이 너무 좋고 다 구워주셔서 편해요 식사 메뉴도 다양해서 좋았어요 EMO_POS,1,0,0,0,0,0,0,41,구워주
naver,할머니의 레시피,슬긔51,32.0,2025.08.08,1번째 방문,예약,✔️아이와 함께하실 분들은 참고하세요. 대기가 있어 지하로 갔고 앞에 대기팀이 있어 방해되지 않게 아이들 조용히 시키며 대기하시는분들 옆으로 가지 않도록 지도했습니다. 모든 대기팀이 빠지고 지하 대기실에 저희만 남았습니다. 아이들에게 조용히하라고 말했지만 순간 두돌안된 막내가 신이났는지 소리를 크게 냈습니다. 바로 여성분이 내려와 날카로운 목소리와 표정으로 아이들에게 조용히 하세요라며 2번 소리쳤습니다. 죄송하여 아이들 지도 다시했고 그 뒤로 소리내지 않고 잘 기다렸습니다. 그리고 남성분들이 대기실에 내려왔습니다. 대기방송이 안들릴정도로 큰 목소리로 떠들며 하하호호웃었습니다. 지하실에 크게 울릴 정도로요. 하지만 제지는 없었습니다. 아이랑갈 때 감정 상하지 않게 조심하세요.,381,False,,,,✔️아이와 함께하실 분들은 참고하세요. 대기가 있어 지하로 갔고 앞에 대기팀이 있어 방해되지 않게 아이들 조용히 시키며 대기하시는분들 옆으로 가지 않도록 지도했습니다. 모든 대기팀이 빠지고 지하 대기실에 저희만 남았습니다. 아이들에게 조용히하라고 말했지만 순간 두돌안된 막내가 신이났는지 소리를 크게 냈습니다. 바로 여성분이 내려와 날카로운 목소리와 표정으로 아이들에게 조용히 하세요라며 2번 소리쳤습니다. 죄송하여 아이들 지도 다시했고 그 뒤로 소리내지 않고 잘 기다렸습니다. 그리고 남성분들이 대기실에 내려왔습니다. 대기방송이 안들릴정도로 큰 목소리로 떠들며 하하호호웃었습니다. 지하실에 크게 울릴 정도로요. 하지만 제지는 없었습니다. 아이랑갈 때 감정 상하지 않게 조심하세요.,아이와 함께하실 분들은 참고하세요 대기가 있어 지하로 갔고 앞에 대기팀이 있어 방해되지 않게 아이들 조용히 시키며 대기하시는분들 옆으로 가지 않도록 지도했습니다 모든 대기팀이 빠지고 지하 대기실에 저희만 남았습니다 아이들에게 조용히하라고 말했지만 순간 두돌안된 막내가 신이났는지 소리를 크게 냈습니다 바로 여성분이 내려와 날카로운 목소리와 표정으로 아이들에게 조용히 하세요라며 2번 소리쳤습니다 죄송하여 아이들 지도 다시했고 그 뒤로 소리내지 않고 잘 기다렸습니다 그리고 남성분들이 대기실에 내려왔습니다 대기방송이 안들릴정도로 큰 목소리로 떠들며 하하호호웃었습니다 지하실에 크게 울릴 정도로요 하지만 제지는 없었습니다 아이랑갈 때 감정 상하지 않게 조심하세요,0,0,0,0,0,0,1,381,대기
naver,금금 성수점,헬스타트,58.0,2026.02.20,1번째 방문,영수증,"지도를 보다가 우연히 발견했는데 퓨전 한식을 좋아해서 방문하게 되었습니다. 기대를 많이 하고 갔뎐 만큼 보리된장국수가 맛있어서 매우 만족했습니다. 가게 내부도 깔끔하고 직원 분들도 친절하셔서 편안하게 식사할 수 있었습니다. 지금은 문어가 들어간 메뉴가 전부 안 되는 것 같아 아쉬웠지만, 다음에 또 방문하라는 뜻으로 생각하고 다시 오겠습니다!",191,True,,,,"지도를 보다가 우연히 발견했는데 퓨전 한식을 좋아해서 방문하게 되었습니다. 기대를 많이 하고 갔뎐 만큼 보리된장국수가 맛있어서 매우 만족했습니다. 가게 내부도 깔끔하고 직원 분들도 친절하셔서 편안하게 식사할 수 있었습니다. 지금은 문어가 들어간 메뉴가 전부 안 되는 것 같아 아쉬웠지만, 다음에 또 방문하라는 뜻으로 생각하고 다시 오겠습니다!",지도를 보다가 우연히 발견했는데 퓨전 한식을 좋아해서 방문하게 되었습니다 기대를 많이 하고 갔뎐 만큼 보리된장국수가 맛있어서 매우 만족했습니다 가게 내부도 깔끔하고 직원 분들도 친절하셔서 편안하게 식사할 수 있었습니다 지금은 문어가 들어간 메뉴가 전부 안 되는 것 같아 아쉬웠지만 다음에 또 방문하라는 뜻으로 생각하고 다시 오겠습니다 EXCLAM,0,0,0,0,1,0,0,191,"친절, 직원"
naver,락희옥 마포본점,ssongssong54,6.0,2025.08.27,1번째 방문,영수증,음식이 정갈하니 맛있고 분위기도 너무 좋아요~~!! 직원분들도 정말 친절하셔서 모임장소로 완전 추천입니다.,59,True,,,,음식이 정갈하니 맛있고 분위기도 너무 좋아요~~!! 직원분들도 정말 친절하셔서 모임장소로 완전 추천입니다.,음식이 정갈하니 맛있고 분위기도 너무 좋아요 TILDE EXCLAM 직원분들도 정말 친절하셔서 모임장소로 완전 추천입니다,0,0,0,0,1,0,0,59,"친절, 직원"
naver,뼈탄집 성수역점,송어2363,23.0,2026.04.05,1번째 방문,영수증,성수에 근무하는 직장인으로써 회식 장소로 너무 좋은 거 같습니다!! 우선 고기를 구워주셔서 너무 편하게 먹을 수 있고 고기 퀄도 너무 좋아요ㅋㅋ 회식장소로 강추드립니당👍,94,True,,,,성수에 근무하는 직장인으로써 회식 장소로 너무 좋은 거 같습니다!! 우선 고기를 구워주셔서 너무 편하게 먹을 수 있고 고기 퀄도 너무 좋아요ㅋㅋ 회식장소로 강추드립니당👍,성수에 근무하는 직장인으로써 회식 장소로 너무 좋은 거 같습니다 EXCLAM 우선 고기를 구워주셔서 너무 편하게 먹을 수 있고 고기 퀄도 너무 좋아요 회식장소로 강추드립니당 EMO_POS,1,0,0,0,1,0,0,94,구워주
naver,장인닭갈비 홍대점,012****,1.0,2026.04.05,1번째 방문,영수증,재방문 합니당!! 맛있고 양도 푸짐해서 홍대오면 한번쯤 들리기 좋아용 기다린 만큼 가치가 있는 곳 입니당!! 직원분들도 친절하시고 맛도 좋아용❤️❤️,83,True,,,,재방문 합니당!! 맛있고 양도 푸짐해서 홍대오면 한번쯤 들리기 좋아용 기다린 만큼 가치가 있는 곳 입니당!! 직원분들도 친절하시고 맛도 좋아용❤️❤️,재방문 합니당 EXCLAM 맛있고 양도 푸짐해서 홍대오면 한번쯤 들리기 좋아용 기다린 만큼 가치가 있는 곳 입니당 EXCLAM 직원분들도 친절하시고 맛도 좋아용 EMO_POS EMO_POS,1,0,0,0,1,0,0,83,"친절, 직원"
naver,소문난성수감자탕,Mimeow,92.0,2025.11.10,1번째 방문,영수증,친구랑 늦은 저녁 먹으러 방문했는데 시간이 늦어서인지 대기는 한팀정도였어요. 볶음밥은 그냥 그렇고 감자탕은 괜춘. 특별한 맛은 아니라 줄서서먹긴 비추고 한번정도 먹어볼만해요. 외국인 맛집으로 소문난듯 외국사람 정~~~~~~~~~~~~~~말 많습니다.,139,True,,,,친구랑 늦은 저녁 먹으러 방문했는데 시간이 늦어서인지 대기는 한팀정도였어요. 볶음밥은 그냥 그렇고 감자탕은 괜춘. 특별한 맛은 아니라 줄서서먹긴 비추고 한번정도 먹어볼만해요. 외국인 맛집으로 소문난듯 외국사람 정~~~~~~~~~~~~~~말 많습니다.,친구랑 늦은 저녁 먹으러 방문했는데 시간이 늦어서인지 대기는 한팀정도였어요 볶음밥은 그냥 그렇고 감자탕은 괜춘 특별한 맛은 아니라 줄서서먹긴 비추고 한번정도 먹어볼만해요 외국인 맛집으로 소문난듯 외국사람 정 TILDE 말 많습니다,0,0,0,0,0,0,0,139,대기
kakao,육지,규리,2.0,2025-10-02,,,고기랑 계란찜 전부 다 너무 맛있어요!!! 고기 다 구워주셔서 넘 편해요👍,41,True,5.0,5.0,브론즈 레벨,고기랑 계란찜 전부 다 너무 맛있어요!!! 고기 다 구워주셔서 넘 편해요👍,고기랑 계란찜 전부 다 너무 맛있어요 EXCLAM 고기 다 구워주셔서 넘 편해요 EMO_POS,1,0,0,0,1,0,0,41,구워주
naver,옥동식,진파리다,699.0,2025.12.23,1번째 방문,예약,"흑백2. 뉴욕으로 간 돼지국밥 그 가게. 흑수저라고 하기 좀 그렇고 서울 외에 뉴욕, 파리, 도쿄에서도 식당을 운영중이다. 23년 뉴욕타임즈지 선정 최고의 뉴욕 요리 7위에 선정된바 있다. 웨이팅 극악인데, 블로그 ‘감성 시골러 묵호 진파리다’에 잘 설명되어 있다. 실제 가기 전엔 걍 하동관 깔끔한 곰탕이랑 비슷한 느낌이겠지 했다. 근데 이걸 먹어보니 여기가 깔끔하게 느껴지고 하동관이 구수하게 생각되었다. 그만큼 깔끔하다. 국물 고소 담백하면서 딱떨어진다. 고기는 얇게 썰려 있는데. 기본 나오는 고추짱아치느낌의 양념장 살짝 올려 먹는다. 저 양념장이 진짜 감칠맛 폭격기다. 전반적으로 고소 담백한 맛에. 쌀알의 식감이 굉장히 잘 느껴진다. 고기에 감칠맛 살짝 더하여 먹는. 조화로움이 매우 좋다.",392,True,,,,"흑백2. 뉴욕으로 간 돼지국밥 그 가게. 흑수저라고 하기 좀 그렇고 서울 외에 뉴욕, 파리, 도쿄에서도 식당을 운영중이다. 23년 뉴욕타임즈지 선정 최고의 뉴욕 요리 7위에 선정된바 있다. 웨이팅 극악인데, 블로그 ‘감성 시골러 묵호 진파리다’에 잘 설명되어 있다. 실제 가기 전엔 걍 하동관 깔끔한 곰탕이랑 비슷한 느낌이겠지 했다. 근데 이걸 먹어보니 여기가 깔끔하게 느껴지고 하동관이 구수하게 생각되었다. 그만큼 깔끔하다. 국물 고소 담백하면서 딱떨어진다. 고기는 얇게 썰려 있는데. 기본 나오는 고추짱아치느낌의 양념장 살짝 올려 먹는다. 저 양념장이 진짜 감칠맛 폭격기다. 전반적으로 고소 담백한 맛에. 쌀알의 식감이 굉장히 잘 느껴진다. 고기에 감칠맛 살짝 더하여 먹는. 조화로움이 매우 좋다.",흑백2 뉴욕으로 간 돼지국밥 그 가게 흑수저라고 하기 좀 그렇고 서울 외에 뉴욕 파리 도쿄에서도 식당을 운영중이다 23년 뉴욕타임즈지 선정 최고의 뉴욕 요리 7위에 선정된바 있다 웨이팅 극악인데 블로그 감성 시골러 묵호 진파리다 에 잘 설명되어 있다 실제 가기 전엔 걍 하동관 깔끔한 곰탕이랑 비슷한 느낌이겠지 했다 근데 이걸 먹어보니 여기가 깔끔하게 느껴지고 하동관이 구수하게 생각되었다 그만큼 깔끔하다 국물 고소 담백하면서 딱떨어진다 고기는 얇게 썰려 있는데 기본 나오는 고추짱아치느낌의 양념장 살짝 올려 먹는다 저 양념장이 진짜 감칠맛 폭격기다 전반적으로 고소 담백한 맛에 쌀알의 식감이 굉장히 잘 느껴진다 고기에 감칠맛 살짝 더하여 먹는 조화로움이 매우 좋다,0,0,0,0,0,0,1,392,"설명, 웨이팅"
naver,장인닭갈비 홍대점,소영779,9.0,2026.04.05,1번째 방문,영수증,적당히 매콤하고 너뮤 맛있어요! 치즈 양도 좋고 직원분들이 친절하셔서 유명한 거 같아요!! 다음에 또 오겠습니다,62,True,,,,적당히 매콤하고 너뮤 맛있어요! 치즈 양도 좋고 직원분들이 친절하셔서 유명한 거 같아요!! 다음에 또 오겠습니다,적당히 매콤하고 너뮤 맛있어요 EXCLAM 치즈 양도 좋고 직원분들이 친절하셔서 유명한 거 같아요 EXCLAM 다음에 또 오겠습니다,0,0,0,0,1,0,0,62,"친절, 직원"
kakao,장인닭갈비 홍대점,♩,48.0,2026-01-10,,,"닭갈비 먹고 싶어서 왔는데 역근처에 있어서 편하게 찾을 수 있어서 좋았고, 맛,가성비,서비스,분위기 모두 괜찮았습니다!! 덕분에 기분좋게 식사했어요~~^^ㅎㅎ",88,False,5.0,5.0,실버 레벨,"닭갈비 먹고 싶어서 왔는데 역근처에 있어서 편하게 찾을 수 있어서 좋았고, 맛,가성비,서비스,분위기 모두 괜찮았습니다!! 덕분에 기분좋게 식사했어요~~^^ㅎㅎ",닭갈비 먹고 싶어서 왔는데 역근처에 있어서 편하게 찾을 수 있어서 좋았고 맛 가성비 서비스 분위기 모두 괜찮았습니다 EXCLAM 덕분에 기분좋게 식사했어요 TILDE,0,0,0,0,1,0,0,88,서비스
kakao,뼈탄집 성수역점,승현,1.0,2026-01-03,,,매장이 넓고 깨끗해서 가족 모임하기 좋아요. 밑반찬이 정갈하고 고기도 직접 구워주셔서 맛있게 먹었습니다. 다음에 또 방문하고 싶어요.,74,True,5.0,5.0,브론즈 레벨,매장이 넓고 깨끗해서 가족 모임하기 좋아요. 밑반찬이 정갈하고 고기도 직접 구워주셔서 맛있게 먹었습니다. 다음에 또 방문하고 싶어요.,매장이 넓고 깨끗해서 가족 모임하기 좋아요 밑반찬이 정갈하고 고기도 직접 구워주셔서 맛있게 먹었습니다 다음에 또 방문하고 싶어요,0,0,0,0,0,0,0,74,구워주
naver,원조 조박집 본관,yos****,1202.0,2025.09.04,12번째 방문,영수증,맛있고 친절해요~~~~~~~~,16,True,,,,맛있고 친절해요~~~~~~~~,맛있고 친절해요 TILDE,0,0,0,0,0,0,0,16,친절
kakao,옥동식 서교점,최영민,13.0,2025-12-19,,,"국물 진짜 깔끔하고 맛있음. 소곰탕을 크게 안좋아하는편이라 소곰탕보다도 훨씬 맛있다고 느꼈음. 굉장히 앏게 썰려 있는 고기를 고추지랑 같이 먹는데, 이 고추지가 또 고기랑 너무 잘 어울림. 밥알은 처음엔 살짝 설억었다고 느낄 수 있으나 토렴돼서 나오는거라 먹다 보면 딱 맞게 익음. 막걸리를 같이 시켜서 먹었는데 묵직하고 맛있었음. 근데 꽤 도수가 쎄서 그건 참고해야할듯. 원래 가야지 가야지 하다가 귀찮아서 안 간 집인데 이젠 너무 유명해져버렸음... 이젠 못가겠지 직접 가서 웨이팅 등록해야하는데 17시 저녁 영업 시작인데도 불구하고 16시 30분에 봤을 때 마감이었음",320,True,5.0,3.6,실버 레벨,"국물 진짜 깔끔하고 맛있음. 소곰탕을 크게 안좋아하는편이라 소곰탕보다도 훨씬 맛있다고 느꼈음. 굉장히 앏게 썰려 있는 고기를 고추지랑 같이 먹는데, 이 고추지가 또 고기랑 너무 잘 어울림. 밥알은 처음엔 살짝 설억었다고 느낄 수 있으나 토렴돼서 나오는거라 먹다 보면 딱 맞게 익음. 막걸리를 같이 시켜서 먹었는데 묵직하고 맛있었음. 근데 꽤 도수가 쎄서 그건 참고해야할듯. 원래 가야지 가야지 하다가 귀찮아서 안 간 집인데 이젠 너무 유명해져버렸음... 이젠 못가겠지 직접 가서 웨이팅 등록해야하는데 17시 저녁 영업 시작인데도 불구하고 16시 30분에 봤을 때 마감이었음",국물 진짜 깔끔하고 맛있음 소곰탕을 크게 안좋아하는편이라 소곰탕보다도 훨씬 맛있다고 느꼈음 굉장히 앏게 썰려 있는 고기를 고추지랑 같이 먹는데 이 고추지가 또 고기랑 너무 잘 어울림 밥알은 처음엔 살짝 설억었다고 느낄 수 있으나 토렴돼서 나오는거라 먹다 보면 딱 맞게 익음 막걸리를 같이 시켜서 먹었는데 묵직하고 맛있었음 근데 꽤 도수가 쎄서 그건 참고해야할듯 원래 가야지 가야지 하다가 귀찮아서 안 간 집인데 이젠 너무 유명해져버렸음 이젠 못가겠지 직접 가서 웨이팅 등록해야하는데 17시 저녁 영업 시작인데도 불구하고 16시 30분에 봤을 때 마감이었음,0,0,0,0,0,0,1,320,웨이팅
kakao,장인닭갈비 홍대점,참파,7.0,2025-09-09,,,광고글 엄청 많네요 1인분에 만이천원인데 닭고기 어린아이가 먹을정도의 양과 양배추만 있음 사리는 모두 추가옵션인데 이것도 말 잘해야됨 나중에 말하면 혼남 철판닭갈비 집인데 불을 못킴 불 키면 또 혼남 밥 볶는 것도 공깃밥 남은 거 볶으면 안 됨! 꼭 볶음밥 추가해야지 안 그러면 직원이 손님 또 혼냄ㅋㅋ 돈 주고 하대받고싶은 사람들만 와야되는 가게.. 덜덜.. 내부에 외국인들 많던데 … ㅋㅋ 이딴 걸 한식이라고 파는 건가..? 싶음 그냥 상상하는 그 이하의 닭갈비 급식닭갈비 기내식 닭갈비 편의점 도시락 닭갈비 보다도 못함 완조리가 언제된지 모르는 차갑게 식은 비계덩어리와 눅진 양배추를 입안 가득 씹으며 닭갈비라고 최면 100번 걸어야 닭갈비 먹는 느낌 해외여행 10개국 넘게 가봤는데 그 나라에서먹은 짭닭갈비가 여기보단 맛있었음 가게 위생도 .. 상상하는 그 수준이고 여기서 이 돈 주고 닭갈비 먹을 바에 편의점에서 마크정식 먹고 후식으로 하겐다즈 드시는게 현명할듯 악플리뷰 잘 안 다는데 여기는 시간내서 악플 쓰고싶을 정도의 서비스와 맛임.,530,True,1.0,3.3,브론즈 레벨,광고글 엄청 많네요 1인분에 만이천원인데 닭고기 어린아이가 먹을정도의 양과 양배추만 있음 사리는 모두 추가옵션인데 이것도 말 잘해야됨 나중에 말하면 혼남 철판닭갈비 집인데 불을 못킴 불 키면 또 혼남 밥 볶는 것도 공깃밥 남은 거 볶으면 안 됨! 꼭 볶음밥 추가해야지 안 그러면 직원이 손님 또 혼냄ㅋㅋ 돈 주고 하대받고싶은 사람들만 와야되는 가게.. 덜덜.. 내부에 외국인들 많던데 … ㅋㅋ 이딴 걸 한식이라고 파는 건가..? 싶음 그냥 상상하는 그 이하의 닭갈비 급식닭갈비 기내식 닭갈비 편의점 도시락 닭갈비 보다도 못함 완조리가 언제된지 모르는 차갑게 식은 비계덩어리와 눅진 양배추를 입안 가득 씹으며 닭갈비라고 최면 100번 걸어야 닭갈비 먹는 느낌 해외여행 10개국 넘게 가봤는데 그 나라에서먹은 짭닭갈비가 여기보단 맛있었음 가게 위생도 .. 상상하는 그 수준이고 여기서 이 돈 주고 닭갈비 먹을 바에 편의점에서 마크정식 먹고 후식으로 하겐다즈 드시는게 현명할듯 악플리뷰 잘 안 다는데 여기는 시간내서 악플 쓰고싶을 정도의 서비스와 맛임.,광고글 엄청 많네요 1인분에 만이천원인데 닭고기 어린아이가 먹을정도의 양과 양배추만 있음 사리는 모두 추가옵션인데 이것도 말 잘해야됨 나중에 말하면 혼남 철판닭갈비 집인데 불을 못킴 불 키면 또 혼남 밥 볶는 것도 공깃밥 남은 거 볶으면 안 됨 EXCLAM 꼭 볶음밥 추가해야지 안 그러면 직원이 손님 또 혼냄 돈 주고 하대받고싶은 사람들만 와야되는 가게 덜덜 내부에 외국인들 많던데 이딴 걸 한식이라고 파는 건가 QUESTION 싶음 그냥 상상하는 그 이하의 닭갈비 급식닭갈비 기내식 닭갈비 편의점 도시락 닭갈비 보다도 못함 완조리가 언제된지 모르는 차갑게 식은 비계덩어리와 눅진 양배추를 입안 가득 씹으며 닭갈비라고 최면 100번 걸어야 닭갈비 먹는 느낌 해외여행 10개국 넘게 가봤는데 그 나라에서먹은 짭닭갈비가 여기보단 맛있었음 가게 위생도 상상하는 그 수준이고 여기서 이 돈 주고 닭갈비 먹을 바에 편의점에서 마크정식 먹고 후식으로 하겐다즈 드시는게 현명할듯 악플리뷰 잘 안 다는데 여기는 시간내서 악플 쓰고싶을 정도의 서비스와 맛임,0,0,0,0,1,1,1,530,"서비스, 직원"
naver,능동미나리 성수지점,스뇨디,28.0,2026.03.31,1번째 방문,예약,전부터 와보고 싶었는데 드디어 와봤어요! 운좋게도 웨이팅 없이 아주 맛있게 잘먹었습니다~! 직원분들도 아주 친절해요 ㅎㅎ,67,True,,,,전부터 와보고 싶었는데 드디어 와봤어요! 운좋게도 웨이팅 없이 아주 맛있게 잘먹었습니다~! 직원분들도 아주 친절해요 ㅎㅎ,전부터 와보고 싶었는데 드디어 와봤어요 EXCLAM 운좋게도 웨이팅 없이 아주 맛있게 잘먹었습니다 EXCLAM 직원분들도 아주 친절해요,0,0,0,0,1,0,0,67,"친절, 직원, 웨이팅"
naver,일등식당,It from bit,432.0,2025.05.08,1번째 방문,영수증,"뼈해장국의 표본 질 좋은 고기, 푸짐한 양, 적당한 청결함과 친절함 자극적이지 않은 국물, 잘 익은 우거지 포장하면 양은 더 많아진다 가끔 일부러 찾게되는 식당",89,True,,,,"뼈해장국의 표본 질 좋은 고기, 푸짐한 양, 적당한 청결함과 친절함 자극적이지 않은 국물, 잘 익은 우거지 포장하면 양은 더 많아진다 가끔 일부러 찾게되는 식당",뼈해장국의 표본 질 좋은 고기 푸짐한 양 적당한 청결함과 친절함 자극적이지 않은 국물 잘 익은 우거지 포장하면 양은 더 많아진다 가끔 일부러 찾게되는 식당,0,0,0,0,0,0,0,89,친절
naver,홍대 육지,호랭뮤,203.0,2026.03.15,1번째 방문,영수증,대학교 동창들 다섯명이서 가서 완전 신나게 맛있게 먹고왓어요! 고기도 너무 맛있고 사이드도 너무 맛있고 고기 구워주시는분도 너무 친절하고 재밌으셔서 시간가는줄 모르고 먹었네요 진짜 최고의 고깃집!!이에요 이번이 4회차 방문! 감사히 먹었습니당😍,136,True,,,,대학교 동창들 다섯명이서 가서 완전 신나게 맛있게 먹고왓어요! 고기도 너무 맛있고 사이드도 너무 맛있고 고기 구워주시는분도 너무 친절하고 재밌으셔서 시간가는줄 모르고 먹었네요 진짜 최고의 고깃집!!이에요 이번이 4회차 방문! 감사히 먹었습니당😍,대학교 동창들 다섯명이서 가서 완전 신나게 맛있게 먹고왓어요 EXCLAM 고기도 너무 맛있고 사이드도 너무 맛있고 고기 구워주시는분도 너무 친절하고 재밌으셔서 시간가는줄 모르고 먹었네요 진짜 최고의 고깃집 EXCLAM 이에요 이번이 4회차 방문 EXCLAM 감사히 먹었습니당 EMO_POS,1,0,0,0,1,0,1,136,"친절, 구워주"
naver,성수족발,코파카바나97,106.0,2025.04.02,1번째 방문,영수증,"족발 맛집으로 유명한 성수족발에서 포장해왔습니다.포장하러가니 작은 매장안은 이미 만석이고 웨이팅이 있더군요.저는 처음 맛보는데, 집에서 같이 먹은 친구는 15년전부터 이용해왔는데 늘 같은 맛이라고 합니다.전반적으로 간이 슴슴합니다.족발과 김치, 양념장은 조금 달달해요.다른 족발집 3배 두께로 썰어져 있고, 먹어보면 잡내를 비롯해서 한약냄새, 오향 냄새 같은것 하나없이 깔끔해요.껍데기가 이렇게 쫄깃하다 못해 안끊어지고 질긴것도 첨이에요.낮에 포장해와서 밤에 먹었는데, 살코기가 퍽퍽하지않고 부드럽습니다.반찬 및 족발 간이 약한데도 잡내없이 부드럽고 쫄깃한것이 상당한 내공이 느껴집니다.다음엔 따뜻할때 먹어보고 싶어요.",346,True,,,,"족발 맛집으로 유명한 성수족발에서 포장해왔습니다.포장하러가니 작은 매장안은 이미 만석이고 웨이팅이 있더군요.저는 처음 맛보는데, 집에서 같이 먹은 친구는 15년전부터 이용해왔는데 늘 같은 맛이라고 합니다.전반적으로 간이 슴슴합니다.족발과 김치, 양념장은 조금 달달해요.다른 족발집 3배 두께로 썰어져 있고, 먹어보면 잡내를 비롯해서 한약냄새, 오향 냄새 같은것 하나없이 깔끔해요.껍데기가 이렇게 쫄깃하다 못해 안끊어지고 질긴것도 첨이에요.낮에 포장해와서 밤에 먹었는데, 살코기가 퍽퍽하지않고 부드럽습니다.반찬 및 족발 간이 약한데도 잡내없이 부드럽고 쫄깃한것이 상당한 내공이 느껴집니다.다음엔 따뜻할때 먹어보고 싶어요.",족발 맛집으로 유명한 성수족발에서 포장해왔습니다 포장하러가니 작은 매장안은 이미 만석이고 웨이팅이 있더군요 저는 처음 맛보는데 집에서 같이 먹은 친구는 15년전부터 이용해왔는데 늘 같은 맛이라고 합니다 전반적으로 간이 슴슴합니다 족발과 김치 양념장은 조금 달달해요 다른 족발집 3배 두께로 썰어져 있고 먹어보면 잡내를 비롯해서 한약냄새 오향 냄새 같은것 하나없이 깔끔해요 껍데기가 이렇게 쫄깃하다 못해 안끊어지고 질긴것도 첨이에요 낮에 포장해와서 밤에 먹었는데 살코기가 퍽퍽하지않고 부드럽습니다 반찬 및 족발 간이 약한데도 잡내없이 부드럽고 쫄깃한것이 상당한 내공이 느껴집니다 다음엔 따뜻할때 먹어보고 싶어요,0,0,0,0,0,0,1,346,웨이팅
naver,태양곱창 성수점,aud****,25.0,2026.02.15,1번째 방문,영수증,웨이팅은긴데양많고맛있어용,13,True,,,,웨이팅은긴데양많고맛있어용,웨이팅은긴데양많고맛있어용,0,0,0,0,0,0,0,13,웨이팅
naver,황금콩밭,행복한일상35,784.0,2025.01.18,1번째 방문,영수증,"마포에 있는 유명한 두부 전문점입니다. 미슐랭에 블루리본도 있으시더라구요. 네이버에는 11:30로 되어 있고 캐치테이블 예약 운영하신다고 해서 11:00에 갔는데 바로 입장했습니다. 커플세트로 시켰는데, 두부전골, 전, 보쌈, 가자미찜 등이 잔뜩나왔습니다. 다 맛있었고, 두부가 부드러우면서 구수했습니다. 강릉맥주나 굴전 등 독특한 메뉴도 있었는데 또 오면 시켜보고 싶네요. 당여히 추천.",217,True,,,,"마포에 있는 유명한 두부 전문점입니다. 미슐랭에 블루리본도 있으시더라구요. 네이버에는 11:30로 되어 있고 캐치테이블 예약 운영하신다고 해서 11:00에 갔는데 바로 입장했습니다. 커플세트로 시켰는데, 두부전골, 전, 보쌈, 가자미찜 등이 잔뜩나왔습니다. 다 맛있었고, 두부가 부드러우면서 구수했습니다. 강릉맥주나 굴전 등 독특한 메뉴도 있었는데 또 오면 시켜보고 싶네요. 당여히 추천.",마포에 있는 유명한 두부 전문점입니다 미슐랭에 블루리본도 있으시더라구요 네이버에는 11 30로 되어 있고 캐치테이블 예약 운영하신다고 해서 11 00에 갔는데 바로 입장했습니다 커플세트로 시켰는데 두부전골 전 보쌈 가자미찜 등이 잔뜩나왔습니다 다 맛있었고 두부가 부드러우면서 구수했습니다 강릉맥주나 굴전 등 독특한 메뉴도 있었는데 또 오면 시켜보고 싶네요 당여히 추천,0,0,0,0,0,0,1,217,예약
naver,금금 성수점,꾸러기3366,25.0,2026.03.26,1번째 방문,영수증,맛있고 분위기 좋아요~ 직원분도 넘 친절해요^^,26,True,,,,맛있고 분위기 좋아요~ 직원분도 넘 친절해요^^,맛있고 분위기 좋아요 직원분도 넘 친절해요,0,0,0,0,0,0,0,26,"친절, 직원"
kakao,쭌곱창,안세영,1.0,2025-03-21,,,맛있어서 또 방문했어요!!! 사장님도 친절하십니다... 다음에 또 올게요 😍😍,43,True,5.0,5.0,브론즈 레벨,맛있어서 또 방문했어요!!! 사장님도 친절하십니다... 다음에 또 올게요 😍😍,맛있어서 또 방문했어요 EXCLAM 사장님도 친절하십니다 다음에 또 올게요 EMO_POS EMO_POS,1,0,0,0,1,0,0,43,"친절, 사장님"
naver,홍대 육지,cha****,30.0,2026.04.29,1번째 방문,영수증,"볶음밥, 계란찜, 들기름막국수 다 맛있어요!! 테이블 간격이 좀 좁은데 옆사람들 소리가 너무 커서 좀 힘들긴 했는데ㅠㅠㅠㅠ 그래도 음식 다 너무 맛있고 직원분들 친절하십니다",96,True,,,,"볶음밥, 계란찜, 들기름막국수 다 맛있어요!! 테이블 간격이 좀 좁은데 옆사람들 소리가 너무 커서 좀 힘들긴 했는데ㅠㅠㅠㅠ 그래도 음식 다 너무 맛있고 직원분들 친절하십니다",볶음밥 계란찜 들기름막국수 다 맛있어요 EXCLAM 테이블 간격이 좀 좁은데 옆사람들 소리가 너무 커서 좀 힘들긴 했는데 그래도 음식 다 너무 맛있고 직원분들 친절하십니다,0,0,0,1,1,0,0,96,"친절, 직원"
naver,옥동식,니니이모82,821.0,2025.10.22,3번째 방문,예약,수요일 11시 01분 캐치테이블 예약 6번째 11시 31분 입장 여전히 깔끔하고 맛있어요 주말 아니라 생각보다 웨이팅은 길지 않았어요 웨이팅 때문에 평일 시간 날때 와야지 했는데 드디어 방문했습니다 고추지도 김치도 여전히 맛있었어요,129,True,,,,수요일 11시 01분 캐치테이블 예약 6번째 11시 31분 입장 여전히 깔끔하고 맛있어요 주말 아니라 생각보다 웨이팅은 길지 않았어요 웨이팅 때문에 평일 시간 날때 와야지 했는데 드디어 방문했습니다 고추지도 김치도 여전히 맛있었어요,수요일 11시 01분 캐치테이블 예약 6번째 11시 31분 입장 여전히 깔끔하고 맛있어요 주말 아니라 생각보다 웨이팅은 길지 않았어요 웨이팅 때문에 평일 시간 날때 와야지 했는데 드디어 방문했습니다 고추지도 김치도 여전히 맛있었어요,0,0,0,0,0,0,1,129,"웨이팅, 예약"
kakao,육지,이동미,98.0,2026-03-20,,,손님이 많아서 그런가... 거기도 대충 구워주고 ㅠ 비싸고.다시 방문하고 싶지 않아요.,48,False,3.0,3.4,실버 레벨,손님이 많아서 그런가... 거기도 대충 구워주고 ㅠ 비싸고.다시 방문하고 싶지 않아요.,손님이 많아서 그런가 거기도 대충 구워주고 비싸고 다시 방문하고 싶지 않아요,0,0,0,0,0,0,0,48,구워주
naver,락희옥 마포본점,도다토람리쥐,86.0,2025.11.15,1번째 방문,영수증,친구들이랑 같이 왔는데 너무 맛있어용 ~~ 직원분들도 친절하시구 좋아용 ㅎㅎㅎ,43,True,,,,친구들이랑 같이 왔는데 너무 맛있어용 ~~ 직원분들도 친절하시구 좋아용 ㅎㅎㅎ,친구들이랑 같이 왔는데 너무 맛있어용 TILDE 직원분들도 친절하시구 좋아용,0,0,0,0,0,0,0,43,"친절, 직원"
naver,각시보쌈,예약할배,76.0,2026.01.03,1번째 방문,예약,엄마 나 각시 보쌈 먹고 왔어.....🤤 . 별이 다섯개 오성급 보쌈집!!! 아직도 각시 보쌈 안 드시분 계십니까....!? 요즘 물가에 싱싱한 야채 들이 넘쳐 납니다.. 건강해지는 늬낌~!! 꼭 와서 드시길 바랍니다!! 피크 시간대에는 웨이팅 걸릴수도 있어요!! 그리고 직원분들께 늘 감사드립니다 ♡,168,True,,,,엄마 나 각시 보쌈 먹고 왔어.....🤤 . 별이 다섯개 오성급 보쌈집!!! 아직도 각시 보쌈 안 드시분 계십니까....!? 요즘 물가에 싱싱한 야채 들이 넘쳐 납니다.. 건강해지는 늬낌~!! 꼭 와서 드시길 바랍니다!! 피크 시간대에는 웨이팅 걸릴수도 있어요!! 그리고 직원분들께 늘 감사드립니다 ♡,엄마 나 각시 보쌈 먹고 왔어 별이 다섯개 오성급 보쌈집 EXCLAM 아직도 각시 보쌈 안 드시분 계십니까 EXCLAM QUESTION 요즘 물가에 싱싱한 야채 들이 넘쳐 납니다 건강해지는 늬낌 EXCLAM 꼭 와서 드시길 바랍니다 EXCLAM 피크 시간대에는 웨이팅 걸릴수도 있어요 EXCLAM 그리고 직원분들께 늘 감사드립니다 EMO_POS,1,0,0,0,1,1,0,168,"직원, 웨이팅"
naver,을밀대 평양냉면,bestibest,560.0,2025.08.15,1번째 방문,영수증,음식이 맛있고 직원분들이 친절합니다.,20,True,,,,음식이 맛있고 직원분들이 친절합니다.,음식이 맛있고 직원분들이 친절합니다,0,0,0,0,0,0,0,20,"친절, 직원"
naver,훼미리손칼국수보쌈,Scott3111,20.0,2026.02.08,1번째 방문,예약,"주말 저녁에 단독으로 방문하였습니다. 현지 고객들로 붐볐습니다. 1인 주문이 가능하며, 15,000원의 보쌈과 칼국수가 포함된 정식을 주문하였습니다. 보쌈은 매우 두툼하며, 여성 1인이 섭취하기에 충분한 양이었고, 배추잎, 보쌈김치, 보쌈무와 훌륭하게 어우러져 맛있는 조화를 이루었습니다. 특히 김치의 맛이 뛰어났습니다. 조가 첨가된 밥도 반 공기 제공되어 보쌈과 함께 곁들였습니다. 칼국수는 고기와 야채 육수로 조리되었으며, 일반적인 맛이었습니다. 양은 1인분 칼국수 양보다 적었기 때문에 사이드 느낌이었습니다. 직원분들은 매우 친절하게 응대해주셨으며, 고객의 불편 사항에 대해서도 친절하게 처리하는 모습을 확인할 수 있었습니다.",353,False,,,,"주말 저녁에 단독으로 방문하였습니다. 현지 고객들로 붐볐습니다. 1인 주문이 가능하며, 15,000원의 보쌈과 칼국수가 포함된 정식을 주문하였습니다. 보쌈은 매우 두툼하며, 여성 1인이 섭취하기에 충분한 양이었고, 배추잎, 보쌈김치, 보쌈무와 훌륭하게 어우러져 맛있는 조화를 이루었습니다. 특히 김치의 맛이 뛰어났습니다. 조가 첨가된 밥도 반 공기 제공되어 보쌈과 함께 곁들였습니다. 칼국수는 고기와 야채 육수로 조리되었으며, 일반적인 맛이었습니다. 양은 1인분 칼국수 양보다 적었기 때문에 사이드 느낌이었습니다. 직원분들은 매우 친절하게 응대해주셨으며, 고객의 불편 사항에 대해서도 친절하게 처리하는 모습을 확인할 수 있었습니다.",주말 저녁에 단독으로 방문하였습니다 현지 고객들로 붐볐습니다 1인 주문이 가능하며 15 000원의 보쌈과 칼국수가 포함된 정식을 주문하였습니다 보쌈은 매우 두툼하며 여성 1인이 섭취하기에 충분한 양이었고 배추잎 보쌈김치 보쌈무와 훌륭하게 어우러져 맛있는 조화를 이루었습니다 특히 김치의 맛이 뛰어났습니다 조가 첨가된 밥도 반 공기 제공되어 보쌈과 함께 곁들였습니다 칼국수는 고기와 야채 육수로 조리되었으며 일반적인 맛이었습니다 양은 1인분 칼국수 양보다 적었기 때문에 사이드 느낌이었습니다 직원분들은 매우 친절하게 응대해주셨으며 고객의 불편 사항에 대해서도 친절하게 처리하는 모습을 확인할 수 있었습니다,0,0,0,0,0,0,1,353,"친절, 응대, 직원, 주문"
naver,쭌곱창,wkd****,3.0,2025.11.21,1번째 방문,영수증,매콤쫄깃하고 맛있어요💓 소스 어려가지여서 너무 좋아용 생크림 있는 것까지 진짜 맛잘알 사장님😻,52,True,,,,매콤쫄깃하고 맛있어요💓 소스 어려가지여서 너무 좋아용 생크림 있는 것까지 진짜 맛잘알 사장님😻,매콤쫄깃하고 맛있어요 EMO_POS 소스 어려가지여서 너무 좋아용 생크림 있는 것까지 진짜 맛잘알 사장님,1,0,0,0,0,0,0,52,사장님
naver,훼미리손칼국수보쌈,hm0954,1169.0,2025.10.29,1번째 방문,영수증,브레이크 타임 없는 곳 찾다가 왔습니다. 맛은 있는데 이상하게 옆 테이블과 비교가 되었네요. 옆에 일본사람은 단골인지 모르겠지만 테이블도 사장님 안내로 바로 안내 받고 (저희가 들어갈 때에는 자리가 있었음에도 나가서 기다려라 불러주겠다 했음) 옆테이블 칼국수도 먼저 나오고 보쌈도 살이랑 비계랑 일정하게 붙은 고기가 나오고 저희는 살코기만 숭덩숭덩 썰린 고기를 주시더군요. 맛은 있었으나 일본 손님을 더 좋아하는 건지 은근히 차별이 있는 듯 해서 다시 방문은 조금 그렇네요..,266,True,,,,브레이크 타임 없는 곳 찾다가 왔습니다. 맛은 있는데 이상하게 옆 테이블과 비교가 되었네요. 옆에 일본사람은 단골인지 모르겠지만 테이블도 사장님 안내로 바로 안내 받고 (저희가 들어갈 때에는 자리가 있었음에도 나가서 기다려라 불러주겠다 했음) 옆테이블 칼국수도 먼저 나오고 보쌈도 살이랑 비계랑 일정하게 붙은 고기가 나오고 저희는 살코기만 숭덩숭덩 썰린 고기를 주시더군요. 맛은 있었으나 일본 손님을 더 좋아하는 건지 은근히 차별이 있는 듯 해서 다시 방문은 조금 그렇네요..,브레이크 타임 없는 곳 찾다가 왔습니다 맛은 있는데 이상하게 옆 테이블과 비교가 되었네요 옆에 일본사람은 단골인지 모르겠지만 테이블도 사장님 안내로 바로 안내 받고 저희가 들어갈 때에는 자리가 있었음에도 나가서 기다려라 불러주겠다 했음 옆테이블 칼국수도 먼저 나오고 보쌈도 살이랑 비계랑 일정하게 붙은 고기가 나오고 저희는 살코기만 숭덩숭덩 썰린 고기를 주시더군요 맛은 있었으나 일본 손님을 더 좋아하는 건지 은근히 차별이 있는 듯 해서 다시 방문은 조금 그렇네요,0,0,0,0,0,0,0,266,"사장님, 안내"
naver,홍대 육지,하열12,2.0,2026.03.15,1번째 방문,영수증,고기와 음식이 정말 맛있어요! 사진은 없는 동미치막국수랑 고기랑 찰떡이라 진짜 꼭 싸먹어야해요 직원분도 너무 친절하시고 유머러스하셔서 너무 즐겁게 먹었습니다!,88,True,,,,고기와 음식이 정말 맛있어요! 사진은 없는 동미치막국수랑 고기랑 찰떡이라 진짜 꼭 싸먹어야해요 직원분도 너무 친절하시고 유머러스하셔서 너무 즐겁게 먹었습니다!,고기와 음식이 정말 맛있어요 EXCLAM 사진은 없는 동미치막국수랑 고기랑 찰떡이라 진짜 꼭 싸먹어야해요 직원분도 너무 친절하시고 유머러스하셔서 너무 즐겁게 먹었습니다 EXCLAM,0,0,0,0,1,0,0,88,"친절, 직원"
kakao,쭌곱창,팅탱콩,4.0,2025-04-10,,,A세트 곱창+곱창 계란찜에 각종소스랑 어묵탕까지 ㅎㅎ 곱창 소스가 진짜 진짜 너어무 맛잇어요 .. 여자 직원분도 너무 친절하셔서 기분 좋았습니다! 숙주랑 고기 조합까지 최고! 재방문 의사 100입니다!,112,True,5.0,3.0,브론즈 레벨,A세트 곱창+곱창 계란찜에 각종소스랑 어묵탕까지 ㅎㅎ 곱창 소스가 진짜 진짜 너어무 맛잇어요 .. 여자 직원분도 너무 친절하셔서 기분 좋았습니다! 숙주랑 고기 조합까지 최고! 재방문 의사 100입니다!,A세트 곱창 곱창 계란찜에 각종소스랑 어묵탕까지 곱창 소스가 진짜 진짜 너어무 맛잇어요 여자 직원분도 너무 친절하셔서 기분 좋았습니다 EXCLAM 숙주랑 고기 조합까지 최고 EXCLAM 재방문 의사 100입니다 EXCLAM,0,0,0,0,1,0,1,112,"친절, 직원"
naver,옥동식,모르는 개 산책25,123.0,2026.03.10,1번째 방문,영수증,캐치테이블로 웨이팅하고 현장 대기해서 먹은 옥동식 돼지곰탕 첫 국물 한 숟가락 떠먹어보고 기존 곰탕이나 돼지국밥과는 전혀 다른맛(?)에 몇 숟가락을 연달아 떠먹어보았습니다 국물이 깔끔하니 너무 맛있네요!! 자극적이거나 요란하지 않고 고급진 맛 보통과 특 차이는 고기양이라고 하던데 밥 한 숟가락에 고기 한점 그 위에 고추지 올려서 먹었는데 완벽한 조합! 고기양도 적지 않아요 함께 시킨 김치만두도 속도 차고 살짝 칼칼하니 돼지곰탕과 먹기에 어울려서 아주 만족스런 점심 식사였습니다👍 👍 👍 자주 가고 싶다~~~^^,287,True,,,,캐치테이블로 웨이팅하고 현장 대기해서 먹은 옥동식 돼지곰탕 첫 국물 한 숟가락 떠먹어보고 기존 곰탕이나 돼지국밥과는 전혀 다른맛(?)에 몇 숟가락을 연달아 떠먹어보았습니다 국물이 깔끔하니 너무 맛있네요!! 자극적이거나 요란하지 않고 고급진 맛 보통과 특 차이는 고기양이라고 하던데 밥 한 숟가락에 고기 한점 그 위에 고추지 올려서 먹었는데 완벽한 조합! 고기양도 적지 않아요 함께 시킨 김치만두도 속도 차고 살짝 칼칼하니 돼지곰탕과 먹기에 어울려서 아주 만족스런 점심 식사였습니다👍 👍 👍 자주 가고 싶다~~~^^,캐치테이블로 웨이팅하고 현장 대기해서 먹은 옥동식 돼지곰탕 첫 국물 한 숟가락 떠먹어보고 기존 곰탕이나 돼지국밥과는 전혀 다른맛 QUESTION 에 몇 숟가락을 연달아 떠먹어보았습니다 국물이 깔끔하니 너무 맛있네요 EXCLAM 자극적이거나 요란하지 않고 고급진 맛 보통과 특 차이는 고기양이라고 하던데 밥 한 숟가락에 고기 한점 그 위에 고추지 올려서 먹었는데 완벽한 조합 EXCLAM 고기양도 적지 않아요 함께 시킨 김치만두도 속도 차고 살짝 칼칼하니 돼지곰탕과 먹기에 어울려서 아주 만족스런 점심 식사였습니다 EMO_POS EMO_POS EMO_POS 자주 가고 싶다 TILDE,1,0,0,0,1,1,0,287,"웨이팅, 대기"
naver,원조 조박집 본관,똥뺑애비,91.0,2026.01.06,1번째 방문,예약,"마포 상륙한 맥아더 아조씨,,, 마포쌤숭아파트 사는 친구에게 컴퓨터 의자 받으러 갔다가 맨입으로 받을 수 없어 고깃집 방문... 음식 서빙도 agile하게 나와서 만족... 무엇보다 한우주물럭이 상당히 매력적... 은근히 이 쪽 주변에 괜찮은 식당들이 많아 종종 이착륙 예정... 행복은 늘 가까이에...",170,True,,,,"마포 상륙한 맥아더 아조씨,,, 마포쌤숭아파트 사는 친구에게 컴퓨터 의자 받으러 갔다가 맨입으로 받을 수 없어 고깃집 방문... 음식 서빙도 agile하게 나와서 만족... 무엇보다 한우주물럭이 상당히 매력적... 은근히 이 쪽 주변에 괜찮은 식당들이 많아 종종 이착륙 예정... 행복은 늘 가까이에...",마포 상륙한 맥아더 아조씨 마포쌤숭아파트 사는 친구에게 컴퓨터 의자 받으러 갔다가 맨입으로 받을 수 없어 고깃집 방문 음식 서빙도 agile하게 나와서 만족 무엇보다 한우주물럭이 상당히 매력적 은근히 이 쪽 주변에 괜찮은 식당들이 많아 종종 이착륙 예정 행복은 늘 가까이에,0,0,0,0,0,0,0,170,서빙
naver,뼈탄집 성수역점,노틀담대학생,593.0,2026.01.23,1번째 방문,영수증,뼈탐삼셥겹살 너무 맛있고 다 고기를 구워주셔서 어찌나 편한지 뼈에 붙은 부분은 진짜 특히 맛나네요 후시 된찌도 강력추천합니다 나가면서 후식으로 아이스크림으로 입가심하는것도 추천드립니다.,103,True,,,,뼈탐삼셥겹살 너무 맛있고 다 고기를 구워주셔서 어찌나 편한지 뼈에 붙은 부분은 진짜 특히 맛나네요 후시 된찌도 강력추천합니다 나가면서 후식으로 아이스크림으로 입가심하는것도 추천드립니다.,뼈탐삼셥겹살 너무 맛있고 다 고기를 구워주셔서 어찌나 편한지 뼈에 붙은 부분은 진짜 특히 맛나네요 후시 된찌도 강력추천합니다 나가면서 후식으로 아이스크림으로 입가심하는것도 추천드립니다,0,0,0,0,0,0,0,103,구워주
naver,성수족발,Anywaythewindblows,1753.0,2026.02.21,1번째 방문,영수증,"족발도 맛있고, 사장님도 엄청 친절하세요😊 👍 👍 👍",29,True,,,,"족발도 맛있고, 사장님도 엄청 친절하세요😊 👍 👍 👍",족발도 맛있고 사장님도 엄청 친절하세요 EMO_POS EMO_POS EMO_POS EMO_POS,1,0,0,0,0,0,0,29,"친절, 사장님"
naver,할머니의 레시피,아름이냥,297.0,2025.08.22,1번째 방문,영수증,"런치메뉴 버섯 불고기 먹었어요. 호박죽,샐러드,도토리묵등 반찬도 너무 맛있어요. 친절하시고 음악도 좋고 카페에서 브런치 먹는 느낌이였어요. 두번째 방문인데 다음에도 또 방문 예정입니다.",103,True,,,,"런치메뉴 버섯 불고기 먹었어요. 호박죽,샐러드,도토리묵등 반찬도 너무 맛있어요. 친절하시고 음악도 좋고 카페에서 브런치 먹는 느낌이였어요. 두번째 방문인데 다음에도 또 방문 예정입니다.",런치메뉴 버섯 불고기 먹었어요 호박죽 샐러드 도토리묵등 반찬도 너무 맛있어요 친절하시고 음악도 좋고 카페에서 브런치 먹는 느낌이였어요 두번째 방문인데 다음에도 또 방문 예정입니다,0,0,0,0,0,0,0,103,친절
kakao,육지,솔직후기남,44.0,2025-07-20,,,"0 ~ 0.9점 : 최악 제발 가지마세요 1 ~ 1.9점 : 진짜 별로 였던 곳. 내돈 주고는 못먹고 누군가 사준다 할때만 고민하면서 갈정도 2 ~ 2.9점 : 지극히 평범. 누군가 먹어보고 싶다 하면 “그래..”하면서 같이 먹어 줄 정도 3 ~ 3.9점 : 맛있는편. 근처에 오면 먹을만하다 4 ~ 4.9점 : 진짜 맛있는거. 억지로 찾아서 갈정도 5점 : 미친곳 ------------------------------------------- - 맛 - 삼겹살 : 1점 (직원문제) 목살 : 1점 (직원문제) 들기름 : 막국수 3.5점 폭탄 : 계란찜 2.6점 소스 : 3.9점 - 서비스 - 안경안쓴 여성분 : 0.5점 문신하신 남성 분 : 4.5점 살면서 가본 수백번의 고깃집중 고기는 뒤에서 2등, 소스는 앞에서 2등 안경 안 쓴 여성직원분 겁나 일하고 싶지 않은 띠꺼운 표정 + 흐리멍텅하게 일하는거 이해O, 설명1도 없는거 이해O, 삼겹살을 비계랑 고기랑 분리해서 자르는거 이해X, 삼겹살, 목살을 엄지손톱 크기마냥 잘라놓는거 이해X, 고기를 바싹 구워서 돌 만들어 놓는거 이해X. 친구랑 오랜만에 웃으면서 이렇게 고기 최악으로 굽는 곳 처음본다면서 깔깔 거리면서 웃다가 왔네요.(아마 고기 라는걸 살면서 처음 구웠을꺼라 하면서 웃고 넘김) 삼겹, 목살 하나씩 시켜서 맛보고 맛있는걸로 쭉 시키려했는데 고기 저따구로 구워놓으면 집게 뺏고, 또 컴플레인 걸거 같아서 참았습니다. (그 전에 삼겹 비계 덩어리 주길래 컴플레인 한번 걸었는데 바로 야무진걸로 바꿔주심) 그래도 사이드 괜찮고 소스 맛있어서 2점 누르고 갑니다. - 결론 - 직원 고기에 대한 개념, 고기 굽는 방법 교육 필요. 소스 맛있음 사이드 괜찮음",852,True,2.0,3.7,골드 레벨,"0 ~ 0.9점 : 최악 제발 가지마세요 1 ~ 1.9점 : 진짜 별로 였던 곳. 내돈 주고는 못먹고 누군가 사준다 할때만 고민하면서 갈정도 2 ~ 2.9점 : 지극히 평범. 누군가 먹어보고 싶다 하면 “그래..”하면서 같이 먹어 줄 정도 3 ~ 3.9점 : 맛있는편. 근처에 오면 먹을만하다 4 ~ 4.9점 : 진짜 맛있는거. 억지로 찾아서 갈정도 5점 : 미친곳 ------------------------------------------- - 맛 - 삼겹살 : 1점 (직원문제) 목살 : 1점 (직원문제) 들기름 : 막국수 3.5점 폭탄 : 계란찜 2.6점 소스 : 3.9점 - 서비스 - 안경안쓴 여성분 : 0.5점 문신하신 남성 분 : 4.5점 살면서 가본 수백번의 고깃집중 고기는 뒤에서 2등, 소스는 앞에서 2등 안경 안 쓴 여성직원분 겁나 일하고 싶지 않은 띠꺼운 표정 + 흐리멍텅하게 일하는거 이해O, 설명1도 없는거 이해O, 삼겹살을 비계랑 고기랑 분리해서 자르는거 이해X, 삼겹살, 목살을 엄지손톱 크기마냥 잘라놓는거 이해X, 고기를 바싹 구워서 돌 만들어 놓는거 이해X. 친구랑 오랜만에 웃으면서 이렇게 고기 최악으로 굽는 곳 처음본다면서 깔깔 거리면서 웃다가 왔네요.(아마 고기 라는걸 살면서 처음 구웠을꺼라 하면서 웃고 넘김) 삼겹, 목살 하나씩 시켜서 맛보고 맛있는걸로 쭉 시키려했는데 고기 저따구로 구워놓으면 집게 뺏고, 또 컴플레인 걸거 같아서 참았습니다. (그 전에 삼겹 비계 덩어리 주길래 컴플레인 한번 걸었는데 바로 야무진걸로 바꿔주심) 그래도 사이드 괜찮고 소스 맛있어서 2점 누르고 갑니다. - 결론 - 직원 고기에 대한 개념, 고기 굽는 방법 교육 필요. 소스 맛있음 사이드 괜찮음",0 0 9점 최악 제발 가지마세요 1 1 9점 진짜 별로 였던 곳 내돈 주고는 못먹고 누군가 사준다 할때만 고민하면서 갈정도 2 2 9점 지극히 평범 누군가 먹어보고 싶다 하면 그래 하면서 같이 먹어 줄 정도 3 3 9점 맛있는편 근처에 오면 먹을만하다 4 4 9점 진짜 맛있는거 억지로 찾아서 갈정도 5점 미친곳 맛 삼겹살 1점 직원문제 목살 1점 직원문제 들기름 막국수 3 5점 폭탄 계란찜 2 6점 소스 3 9점 서비스 안경안쓴 여성분 0 5점 문신하신 남성 분 4 5점 살면서 가본 수백번의 고깃집중 고기는 뒤에서 2등 소스는 앞에서 2등 안경 안 쓴 여성직원분 겁나 일하고 싶지 않은 띠꺼운 표정 흐리멍텅하게 일하는거 이해O 설명1도 없는거 이해O 삼겹살을 비계랑 고기랑 분리해서 자르는거 이해X 삼겹살 목살을 엄지손톱 크기마냥 잘라놓는거 이해X 고기를 바싹 구워서 돌 만들어 놓는거 이해X 친구랑 오랜만에 웃으면서 이렇게 고기 최악으로 굽는 곳 처음본다면서 깔깔 거리면서 웃다가 왔네요 아마 고기 라는걸 살면서 처음 구웠을꺼라 하면서 웃고 넘김 삼겹 목살 하나씩 시켜서 맛보고 맛있는걸로 쭉 시키려했는데 고기 저따구로 구워놓으면 집게 뺏고 또 컴플레인 걸거 같아서 참았습니다 그 전에 삼겹 비계 덩어리 주길래 컴플레인 한번 걸었는데 바로 야무진걸로 바꿔주심 그래도 사이드 괜찮고 소스 맛있어서 2점 누르고 갑니다 결론 직원 고기에 대한 개념 고기 굽는 방법 교육 필요 소스 맛있음 사이드 괜찮음,0,0,0,0,0,0,1,852,"서비스, 직원, 설명"
naver,일등식당,상큼햇살,16.0,2025.08.10,1번째 방문,예약,특을시켯음에도 잘게다져논 김치를 한스푼내와서 다먹고 달라하니 주기싫은 티를 내고 특은 고기많느나....다시는 가기 싫다 서빙하는아주머니가 먹는중에 눈치를 너무많이주심,92,True,,,,특을시켯음에도 잘게다져논 김치를 한스푼내와서 다먹고 달라하니 주기싫은 티를 내고 특은 고기많느나....다시는 가기 싫다 서빙하는아주머니가 먹는중에 눈치를 너무많이주심,특을시켯음에도 잘게다져논 김치를 한스푼내와서 다먹고 달라하니 주기싫은 티를 내고 특은 고기많느나 다시는 가기 싫다 서빙하는아주머니가 먹는중에 눈치를 너무많이주심,0,0,0,0,0,0,0,92,서빙
naver,뼈탄집 성수역점,베스카두,149.0,2026.03.15,3번째 방문,영수증,"오랜만에 만난 친구랑 밀린 토크 하러 왔는데, 여기 직접 다 구워주셔서 진짜 편해요! 고기 굽느라 대화 끊길 걱정 1도 없어서 너무 좋았음 ㅎㅎ 삼겹살은 말해 뭐해 고소함 그 자체고, 고기 무한으로 들어가게 만드는 마법.. 친구도 여기 진짜 잘 찾았다고 칭찬해줘서 뿌듯했어요~!",155,True,,,,"오랜만에 만난 친구랑 밀린 토크 하러 왔는데, 여기 직접 다 구워주셔서 진짜 편해요! 고기 굽느라 대화 끊길 걱정 1도 없어서 너무 좋았음 ㅎㅎ 삼겹살은 말해 뭐해 고소함 그 자체고, 고기 무한으로 들어가게 만드는 마법.. 친구도 여기 진짜 잘 찾았다고 칭찬해줘서 뿌듯했어요~!",오랜만에 만난 친구랑 밀린 토크 하러 왔는데 여기 직접 다 구워주셔서 진짜 편해요 EXCLAM 고기 굽느라 대화 끊길 걱정 1도 없어서 너무 좋았음 삼겹살은 말해 뭐해 고소함 그 자체고 고기 무한으로 들어가게 만드는 마법 친구도 여기 진짜 잘 찾았다고 칭찬해줘서 뿌듯했어요 EXCLAM,0,0,0,0,1,0,1,155,구워주
naver,을밀대 평양냉면,꼬리리이,1053.0,2026.01.10,2번째 방문,영수증,"평냉 전문가인 제가 제일 좋아하는 곳입니다 토요일 8시 대기 없고요, 거냉 양많이로 먹었습니다 아직 소주가 3천원인건 경이롭네요",71,True,,,,"평냉 전문가인 제가 제일 좋아하는 곳입니다 토요일 8시 대기 없고요, 거냉 양많이로 먹었습니다 아직 소주가 3천원인건 경이롭네요",평냉 전문가인 제가 제일 좋아하는 곳입니다 토요일 8시 대기 없고요 거냉 양많이로 먹었습니다 아직 소주가 3천원인건 경이롭네요,0,0,0,0,0,0,1,71,대기
naver,락희옥 마포본점,helvetica26,33.0,2025.11.29,1번째 방문,예약,"다들 너무 친절하시고, 아이랑 함께 방문해서 너무 좋은 시간 보냈습니다. 좋은 날에 맛있는 식사 감사합니다:-)",62,True,,,,"다들 너무 친절하시고, 아이랑 함께 방문해서 너무 좋은 시간 보냈습니다. 좋은 날에 맛있는 식사 감사합니다:-)",다들 너무 친절하시고 아이랑 함께 방문해서 너무 좋은 시간 보냈습니다 좋은 날에 맛있는 식사 감사합니다,0,0,0,0,0,0,0,62,친절
kakao,능동미나리 성수점,앤쮸,881.0,2025-07-22,,,"능동 육회 비빔밥,차돌 모둠곰탕, 능동 육전 반접시,꼬리수육 주문했습니다. 몇번 더 방문했는데 근본메뉴는 육회비빔밥이 최고네요. 푸짐한미나리에 달짝하니 꼬소한향이 풍기는 간장소스가 정말맛도리에요 육회비빔밥 주문하면 작은 그릇에 곰탕국물을 주셔서 곰탕보다 육회비빔밥 드시는거 추천드려요 계속 주문한음식들이 누락되었어요 육전은 20분이 지나도록 나오지 않아서 취소했습니다. 맛집이라 외국인 손님이 많았어요. 소꼬리찜은 부드러운 소꼬리 고기에 푸짐한미나리만 있었는데 아래에 국물은 꼬리육수와 참기름이 섞여 고소한 기름물에 가까웠어요. 찍어먹는소스와도 어울리지도 않고 별로였어요. 모둠공탕은 밥이 말아져서 나왔는데 국물이 슴슴했고 싱싱한 미나리 향이 잘느껴져서 좋았어요",370,True,5.0,3.4,퍼플 레벨,"능동 육회 비빔밥,차돌 모둠곰탕, 능동 육전 반접시,꼬리수육 주문했습니다. 몇번 더 방문했는데 근본메뉴는 육회비빔밥이 최고네요. 푸짐한미나리에 달짝하니 꼬소한향이 풍기는 간장소스가 정말맛도리에요 육회비빔밥 주문하면 작은 그릇에 곰탕국물을 주셔서 곰탕보다 육회비빔밥 드시는거 추천드려요 계속 주문한음식들이 누락되었어요 육전은 20분이 지나도록 나오지 않아서 취소했습니다. 맛집이라 외국인 손님이 많았어요. 소꼬리찜은 부드러운 소꼬리 고기에 푸짐한미나리만 있었는데 아래에 국물은 꼬리육수와 참기름이 섞여 고소한 기름물에 가까웠어요. 찍어먹는소스와도 어울리지도 않고 별로였어요. 모둠공탕은 밥이 말아져서 나왔는데 국물이 슴슴했고 싱싱한 미나리 향이 잘느껴져서 좋았어요",능동 육회 비빔밥 차돌 모둠곰탕 능동 육전 반접시 꼬리수육 주문했습니다 몇번 더 방문했는데 근본메뉴는 육회비빔밥이 최고네요 푸짐한미나리에 달짝하니 꼬소한향이 풍기는 간장소스가 정말맛도리에요 육회비빔밥 주문하면 작은 그릇에 곰탕국물을 주셔서 곰탕보다 육회비빔밥 드시는거 추천드려요 계속 주문한음식들이 누락되었어요 육전은 20분이 지나도록 나오지 않아서 취소했습니다 맛집이라 외국인 손님이 많았어요 소꼬리찜은 부드러운 소꼬리 고기에 푸짐한미나리만 있었는데 아래에 국물은 꼬리육수와 참기름이 섞여 고소한 기름물에 가까웠어요 찍어먹는소스와도 어울리지도 않고 별로였어요 모둠공탕은 밥이 말아져서 나왔는데 국물이 슴슴했고 싱싱한 미나리 향이 잘느껴져서 좋았어요,0,0,0,0,0,0,1,370,주문
kakao,훼미리손칼국수보쌈,ㅇㅇㅇ,19.0,2026-02-11,,,후기가 별로길래 고민하다 갔는데 엄청 친절하고 딱히 비위생적인 부분도 안보였어요 보쌈도 맛있고 칼국수도 국물이 깔끔하고 슴슴해서 너무 잘먹었어요.. 저는 칼국수 진짜 맛있게 먹음..만두도 많이 슴슴한 맛이라 호불호 많이 가리니 간간하게 드신다면 다른 사이드 추천,146,False,5.0,3.8,실버 레벨,후기가 별로길래 고민하다 갔는데 엄청 친절하고 딱히 비위생적인 부분도 안보였어요 보쌈도 맛있고 칼국수도 국물이 깔끔하고 슴슴해서 너무 잘먹었어요.. 저는 칼국수 진짜 맛있게 먹음..만두도 많이 슴슴한 맛이라 호불호 많이 가리니 간간하게 드신다면 다른 사이드 추천,후기가 별로길래 고민하다 갔는데 엄청 친절하고 딱히 비위생적인 부분도 안보였어요 보쌈도 맛있고 칼국수도 국물이 깔끔하고 슴슴해서 너무 잘먹었어요 저는 칼국수 진짜 맛있게 먹음 만두도 많이 슴슴한 맛이라 호불호 많이 가리니 간간하게 드신다면 다른 사이드 추천,0,0,0,0,0,0,0,146,친절
kakao,황금콩밭,ㆍ,57.0,2025-11-09,,,몇 년전부터 와보고 싶어 저장해뒀던 곳. 공덕으로 이사와서 첫 방문했어요. 청국장이랑 비지찌개 먹고 반해서 이틀 뒤 삼합먹으러 재방문^^ 삼합도 맛있었어요. 사장님 부부이신듯(?). 반찬 부족한지 먼저 오셔서 신경써주시고 친절하셨어요. 음식이 정갈하고 가게 내부도 깨끗해요.,153,False,5.0,4.8,실버 레벨,몇 년전부터 와보고 싶어 저장해뒀던 곳. 공덕으로 이사와서 첫 방문했어요. 청국장이랑 비지찌개 먹고 반해서 이틀 뒤 삼합먹으러 재방문^^ 삼합도 맛있었어요. 사장님 부부이신듯(?). 반찬 부족한지 먼저 오셔서 신경써주시고 친절하셨어요. 음식이 정갈하고 가게 내부도 깨끗해요.,몇 년전부터 와보고 싶어 저장해뒀던 곳 공덕으로 이사와서 첫 방문했어요 청국장이랑 비지찌개 먹고 반해서 이틀 뒤 삼합먹으러 재방문 삼합도 맛있었어요 사장님 부부이신듯 QUESTION 반찬 부족한지 먼저 오셔서 신경써주시고 친절하셨어요 음식이 정갈하고 가게 내부도 깨끗해요,0,0,0,0,0,1,0,153,"친절, 사장님"
naver,능동미나리 성수지점,커피가죠화,1727.0,2025.12.05,1번째 방문,영수증,사람 매번 많아서 그냥 지나쳤었는데 운좋게 바로 들어갈수있어 좋았어요🫶🍀 미나리 엄청 많고 신선하고 맛있어서 좋았어요🥰 친절해요💚,72,True,,,,사람 매번 많아서 그냥 지나쳤었는데 운좋게 바로 들어갈수있어 좋았어요🫶🍀 미나리 엄청 많고 신선하고 맛있어서 좋았어요🥰 친절해요💚,사람 매번 많아서 그냥 지나쳤었는데 운좋게 바로 들어갈수있어 좋았어요 미나리 엄청 많고 신선하고 맛있어서 좋았어요 EMO_POS 친절해요 EMO_POS,1,0,0,0,0,0,0,72,친절
naver,옥동식,진진6957,585.0,2025.10.20,1번째 방문,영수증,"미쉐린 맛집이라고 짝궁이 가보고 싶어하여 예약 후, 다녀왔어요~ 국물이 정말 깔끔하고 밥알 하나 하나가 살아있는 느낌!돼지고기는 부드럽고 고추지가 맛있었습니다. (진한 국물을 좋아하시는 분께는 맞지 않을 것 같아요. 저는 국물에 맛이 더 첨가되는 걸 선호하는지라,, 마지막쯤에는 후추를 요청드렸습니다.ㅠ )",171,True,,,,"미쉐린 맛집이라고 짝궁이 가보고 싶어하여 예약 후, 다녀왔어요~ 국물이 정말 깔끔하고 밥알 하나 하나가 살아있는 느낌!돼지고기는 부드럽고 고추지가 맛있었습니다. (진한 국물을 좋아하시는 분께는 맞지 않을 것 같아요. 저는 국물에 맛이 더 첨가되는 걸 선호하는지라,, 마지막쯤에는 후추를 요청드렸습니다.ㅠ )",미쉐린 맛집이라고 짝궁이 가보고 싶어하여 예약 후 다녀왔어요 국물이 정말 깔끔하고 밥알 하나 하나가 살아있는 느낌 EXCLAM 돼지고기는 부드럽고 고추지가 맛있었습니다 진한 국물을 좋아하시는 분께는 맞지 않을 것 같아요 저는 국물에 맛이 더 첨가되는 걸 선호하는지라 마지막쯤에는 후추를 요청드렸습니다,0,0,0,0,1,0,0,171,예약
naver,홍대 육지,김민주1880,32.0,2026.04.11,1번째 방문,영수증,고기 구워주셔서 편하고 맛이 맛있었어요! 직원분들도 친절하셔서 다음에도 또 올만한 맛집인거 같아요! 고기는 제 고기 top3집에 등극할 정도로 맛있었어요!!,87,True,,,,고기 구워주셔서 편하고 맛이 맛있었어요! 직원분들도 친절하셔서 다음에도 또 올만한 맛집인거 같아요! 고기는 제 고기 top3집에 등극할 정도로 맛있었어요!!,고기 구워주셔서 편하고 맛이 맛있었어요 EXCLAM 직원분들도 친절하셔서 다음에도 또 올만한 맛집인거 같아요 EXCLAM 고기는 제 고기 top3집에 등극할 정도로 맛있었어요 EXCLAM,0,0,0,0,1,0,1,87,"친절, 직원, 구워주"
kakao,이태리국시 성수,김설아♥️🍀👍,1.0,2026-04-13,,,후기보고 찾아왔어요~ 싹 비우고 있는중~ 추천합니다~ 쾌적한 매장 친절한 서비스 맛있는 음식 잘 먹고 갑니다~^^,63,True,5.0,5.0,브론즈 레벨,후기보고 찾아왔어요~ 싹 비우고 있는중~ 추천합니다~ 쾌적한 매장 친절한 서비스 맛있는 음식 잘 먹고 갑니다~^^,후기보고 찾아왔어요 싹 비우고 있는중 추천합니다 쾌적한 매장 친절한 서비스 맛있는 음식 잘 먹고 갑니다,0,0,0,0,0,0,0,63,"서비스, 친절"
naver,원조 조박집 본관,뭘까요오42,86.0,2025.08.14,1번째 방문,영수증,"돼지갈비란 음식자체가 사실 저점이 낮지않고 최고점도 엄청 높지않아서 어딜가서먹어도 기본은 하는 음식인대요 이곳또한 막 엄청 특별한맛이다 이런 느낌은없습니다. 구지 멀리서 찾아올 맛은 아니나 잡내없이 깔끔하고 고기 신선한느낌이 있어서 확실히 맛있었고 서빙해주시는 이모님들이 너무 친절하셔서 이게 엄청난 플러스입니다. 후식 식혜도맛났고 웨이팅도 없고하니 멀지않으신분들 , 서울3대 양념갈비라는 곳이 궁금하시다면 방문해보시면 만족하실거같네요",243,True,,,,"돼지갈비란 음식자체가 사실 저점이 낮지않고 최고점도 엄청 높지않아서 어딜가서먹어도 기본은 하는 음식인대요 이곳또한 막 엄청 특별한맛이다 이런 느낌은없습니다. 구지 멀리서 찾아올 맛은 아니나 잡내없이 깔끔하고 고기 신선한느낌이 있어서 확실히 맛있었고 서빙해주시는 이모님들이 너무 친절하셔서 이게 엄청난 플러스입니다. 후식 식혜도맛났고 웨이팅도 없고하니 멀지않으신분들 , 서울3대 양념갈비라는 곳이 궁금하시다면 방문해보시면 만족하실거같네요",돼지갈비란 음식자체가 사실 저점이 낮지않고 최고점도 엄청 높지않아서 어딜가서먹어도 기본은 하는 음식인대요 이곳또한 막 엄청 특별한맛이다 이런 느낌은없습니다 구지 멀리서 찾아올 맛은 아니나 잡내없이 깔끔하고 고기 신선한느낌이 있어서 확실히 맛있었고 서빙해주시는 이모님들이 너무 친절하셔서 이게 엄청난 플러스입니다 후식 식혜도맛났고 웨이팅도 없고하니 멀지않으신분들 서울3대 양념갈비라는 곳이 궁금하시다면 방문해보시면 만족하실거같네요,0,0,0,0,0,0,1,243,"친절, 서빙, 웨이팅"
naver,을밀대 평양냉면,RYU1122,244.0,2025.09.28,1번째 방문,영수증,골목안쪽 이용했는데 키가크신분은 너무 친절하시고 다른분은 음식도 툭툭 던지듯 놓고 가시고 편차가 심해요,57,False,,,,골목안쪽 이용했는데 키가크신분은 너무 친절하시고 다른분은 음식도 툭툭 던지듯 놓고 가시고 편차가 심해요,골목안쪽 이용했는데 키가크신분은 너무 친절하시고 다른분은 음식도 툭툭 던지듯 놓고 가시고 편차가 심해요,0,0,0,0,0,0,0,57,친절
kakao,을밀대 본점,☺️,11.0,2025-05-27,,,웨이팅이 있지만 맛은 보장,14,False,5.0,4.0,실버 레벨,웨이팅이 있지만 맛은 보장,웨이팅이 있지만 맛은 보장,0,0,0,0,0,0,0,14,웨이팅
naver,홍대 육지,sy21022,24.0,2026.04.25,1번째 방문,영수증,친절하시고 깔끔하고 분위기도너무좋아요,20,True,,,,친절하시고 깔끔하고 분위기도너무좋아요,친절하시고 깔끔하고 분위기도너무좋아요,0,0,0,0,0,0,0,20,친절
kakao,소문난성수감자탕,먹돼지,84.0,2026-04-20,,,왜지....뼈가 갯수는 많은데 자잘하고 살코기가 많지 않음 국물도 평범하고 부재료가 많이 들어간 것도 아니고 친절하지도 않고 ㅠㅠ,72,True,2.0,4.3,실버 레벨,왜지....뼈가 갯수는 많은데 자잘하고 살코기가 많지 않음 국물도 평범하고 부재료가 많이 들어간 것도 아니고 친절하지도 않고 ㅠㅠ,왜지 뼈가 갯수는 많은데 자잘하고 살코기가 많지 않음 국물도 평범하고 부재료가 많이 들어간 것도 아니고 친절하지도 않고,0,0,0,1,0,0,0,72,친절
kakao,을밀대 본점,평타위로만후기남김,112.0,2025-06-23,,,개인평 : 5점만점 맛 ⭐⭐️⭐️⭐️⭐️ 분위기 ⭐️⭐️⭐️ 서비스 ⭐️⭐️ 평냉 입문하게 제에에일 무난한 곳임. 나도 여기서 입문함!!! 육수 간이 평냉집들 중 가장 쎈듯. 매해 여름마다 4번씩은 간다!!! 아 여기 녹두전 되게 맛있는데... 너무 비싸🥺,143,True,5.0,3.9,골드 레벨,개인평 : 5점만점 맛 ⭐⭐️⭐️⭐️⭐️ 분위기 ⭐️⭐️⭐️ 서비스 ⭐️⭐️ 평냉 입문하게 제에에일 무난한 곳임. 나도 여기서 입문함!!! 육수 간이 평냉집들 중 가장 쎈듯. 매해 여름마다 4번씩은 간다!!! 아 여기 녹두전 되게 맛있는데... 너무 비싸🥺,개인평 5점만점 맛 분위기 서비스 평냉 입문하게 제에에일 무난한 곳임 나도 여기서 입문함 EXCLAM 육수 간이 평냉집들 중 가장 쎈듯 매해 여름마다 4번씩은 간다 EXCLAM 아 여기 녹두전 되게 맛있는데 너무 비싸,0,0,0,0,1,0,1,143,서비스
kakao,소문난성수감자탕,맛있으면오점,83.0,2025-08-16,,,"부족함 없이 무난한 맛 이었요, 웨이팅 없이 바로 들어갔고 바빠보이셨지만 친절하게 응대해주셨어요🤠",54,False,4.0,4.5,골드 레벨,"부족함 없이 무난한 맛 이었요, 웨이팅 없이 바로 들어갔고 바빠보이셨지만 친절하게 응대해주셨어요🤠",부족함 없이 무난한 맛 이었요 웨이팅 없이 바로 들어갔고 바빠보이셨지만 친절하게 응대해주셨어요,0,0,0,0,0,0,0,54,"친절, 응대, 웨이팅"
naver,장인닭갈비 홍대점,mon****,7.0,2026.04.05,1번째 방문,영수증,"직원분들도 친절하시고 대기없이 입장해서 좋았습니다!, 양도 많아서 좋았습니당👍",43,True,,,,"직원분들도 친절하시고 대기없이 입장해서 좋았습니다!, 양도 많아서 좋았습니당👍",직원분들도 친절하시고 대기없이 입장해서 좋았습니다 EXCLAM 양도 많아서 좋았습니당 EMO_POS,1,0,0,0,1,0,0,43,"친절, 직원, 대기"
naver,홍대 육지,yun****,24.0,2026.04.18,1번째 방문,영수증,"평소 고기의 질에 예민한 편인데, 이곳은 원육 자체가 주는 힘이 확실히 다르네요. 찰진 식감과 진한 풍미가 돋보였습니다. 특히 인상 깊었던 점은 세심한 그릴링 서비스였어요. 가장 맛있는 온도로 구워주신 덕분에 최상의 맛을 경험할 수 있었습니다. 곁들임 찬들도 자극적이지 않고 정성스러워 고기 본연의 맛을 해치지 않으면서도 풍성함을 더해주더군요. 깔끔한 매장 내부와 세심한 서비스 덕분에 대접받는 기분으로 만족스러운 식사를 마쳤습니다. 제대로 된 고기 맛을 아시는 분들이라면 꼭 한 번 방문해 보시길 추천합니다. 🥩💼",288,True,,,,"평소 고기의 질에 예민한 편인데, 이곳은 원육 자체가 주는 힘이 확실히 다르네요. 찰진 식감과 진한 풍미가 돋보였습니다. 특히 인상 깊었던 점은 세심한 그릴링 서비스였어요. 가장 맛있는 온도로 구워주신 덕분에 최상의 맛을 경험할 수 있었습니다. 곁들임 찬들도 자극적이지 않고 정성스러워 고기 본연의 맛을 해치지 않으면서도 풍성함을 더해주더군요. 깔끔한 매장 내부와 세심한 서비스 덕분에 대접받는 기분으로 만족스러운 식사를 마쳤습니다. 제대로 된 고기 맛을 아시는 분들이라면 꼭 한 번 방문해 보시길 추천합니다. 🥩💼",평소 고기의 질에 예민한 편인데 이곳은 원육 자체가 주는 힘이 확실히 다르네요 찰진 식감과 진한 풍미가 돋보였습니다 특히 인상 깊었던 점은 세심한 그릴링 서비스였어요 가장 맛있는 온도로 구워주신 덕분에 최상의 맛을 경험할 수 있었습니다 곁들임 찬들도 자극적이지 않고 정성스러워 고기 본연의 맛을 해치지 않으면서도 풍성함을 더해주더군요 깔끔한 매장 내부와 세심한 서비스 덕분에 대접받는 기분으로 만족스러운 식사를 마쳤습니다 제대로 된 고기 맛을 아시는 분들이라면 꼭 한 번 방문해 보시길 추천합니다,0,0,0,0,0,0,0,288,"서비스, 구워주"
naver,락희옥 마포본점,지혜6358,83.0,2025.06.27,1번째 방문,영수증,"모임으로 왔는데 고기부터 반찬까지 하나하나 정성 가득하고, 직원분들도 친절해서 기분 좋게 식사했어요. 분위기도 좋아서 재방문 의사 있어용!!! 맛과 서비스 모두 만족스러웠습니다 :) 너무 맛있어요👍😍",111,True,,,,"모임으로 왔는데 고기부터 반찬까지 하나하나 정성 가득하고, 직원분들도 친절해서 기분 좋게 식사했어요. 분위기도 좋아서 재방문 의사 있어용!!! 맛과 서비스 모두 만족스러웠습니다 :) 너무 맛있어요👍😍",모임으로 왔는데 고기부터 반찬까지 하나하나 정성 가득하고 직원분들도 친절해서 기분 좋게 식사했어요 분위기도 좋아서 재방문 의사 있어용 EXCLAM 맛과 서비스 모두 만족스러웠습니다 너무 맛있어요 EMO_POS EMO_POS,1,0,0,0,1,0,0,111,"서비스, 친절, 직원"
naver,홍대 육지,sky****,3.0,2026.04.12,1번째 방문,영수증,"최근에 친구들과 함께 고기집에 다녀왔다. 가게에 들어가자마자 고소한 고기 냄새가 나서 식욕이 확 살아났다. 내부는 비교적 넓고 깔끔했으며, 테이블 간 간격도 적당해서 편하게 식사할 수 있었다. 우리는 삼겹살과 목살을 주문했는데, 고기의 신선도가 좋아서인지 굽는 동안 잡내가 거의 없고 육즙도 풍부했다. 특히 직원이 직접 고기를 구워주어서 굽기 정도가 딱 알맞았고, 덕분에 더 맛있게 먹을 수 있었다. 함께 나온 반찬들도 다양하고 정갈해서 고기와 잘 어울렸다.",256,True,,,,"최근에 친구들과 함께 고기집에 다녀왔다. 가게에 들어가자마자 고소한 고기 냄새가 나서 식욕이 확 살아났다. 내부는 비교적 넓고 깔끔했으며, 테이블 간 간격도 적당해서 편하게 식사할 수 있었다. 우리는 삼겹살과 목살을 주문했는데, 고기의 신선도가 좋아서인지 굽는 동안 잡내가 거의 없고 육즙도 풍부했다. 특히 직원이 직접 고기를 구워주어서 굽기 정도가 딱 알맞았고, 덕분에 더 맛있게 먹을 수 있었다. 함께 나온 반찬들도 다양하고 정갈해서 고기와 잘 어울렸다.",최근에 친구들과 함께 고기집에 다녀왔다 가게에 들어가자마자 고소한 고기 냄새가 나서 식욕이 확 살아났다 내부는 비교적 넓고 깔끔했으며 테이블 간 간격도 적당해서 편하게 식사할 수 있었다 우리는 삼겹살과 목살을 주문했는데 고기의 신선도가 좋아서인지 굽는 동안 잡내가 거의 없고 육즙도 풍부했다 특히 직원이 직접 고기를 구워주어서 굽기 정도가 딱 알맞았고 덕분에 더 맛있게 먹을 수 있었다 함께 나온 반찬들도 다양하고 정갈해서 고기와 잘 어울렸다,0,0,0,0,0,0,0,256,"직원, 주문, 구워주"
kakao,옥동식 서교점,물만쥬,32.0,2025-09-19,,,"좋은 분위기, 좋은 서비스 맛은 솔직히 모르겠음... 다대기가 되게 특색있는 맛이라고 느껴짐",51,True,3.0,3.3,실버 레벨,"좋은 분위기, 좋은 서비스 맛은 솔직히 모르겠음... 다대기가 되게 특색있는 맛이라고 느껴짐",좋은 분위기 좋은 서비스 맛은 솔직히 모르겠음 다대기가 되게 특색있는 맛이라고 느껴짐,0,0,0,0,0,0,0,51,"서비스, 대기"
naver,장인닭갈비 홍대점,hi2****,8.0,2026.04.08,1번째 방문,영수증,직원분도 친철하시고 맛있어용,15,True,,,,직원분도 친철하시고 맛있어용,직원분도 친철하시고 맛있어용,0,0,0,0,0,0,0,15,직원
naver,훼미리손칼국수보쌈,bluekihun,1669.0,2026.01.22,4번째 방문,영수증,대기가 많은 맛집이지만 날씨가 많이 추워 트라이해봤더니 대기가 없어 오랜만에 점심에 먹을 수 있었다. 👍 저녁에는 생각지도 않다가 손님이 와서 또 방문하게 되었는데 운이 좋은건지 대기 없이 앉을 수 있었다. 똑같은 걸 두끼 연속 먹었지만 질리지 않은 걸 보면 확실히 맛집이다.,154,True,,,,대기가 많은 맛집이지만 날씨가 많이 추워 트라이해봤더니 대기가 없어 오랜만에 점심에 먹을 수 있었다. 👍 저녁에는 생각지도 않다가 손님이 와서 또 방문하게 되었는데 운이 좋은건지 대기 없이 앉을 수 있었다. 똑같은 걸 두끼 연속 먹었지만 질리지 않은 걸 보면 확실히 맛집이다.,대기가 많은 맛집이지만 날씨가 많이 추워 트라이해봤더니 대기가 없어 오랜만에 점심에 먹을 수 있었다 EMO_POS 저녁에는 생각지도 않다가 손님이 와서 또 방문하게 되었는데 운이 좋은건지 대기 없이 앉을 수 있었다 똑같은 걸 두끼 연속 먹었지만 질리지 않은 걸 보면 확실히 맛집이다,1,0,0,0,0,0,0,154,대기
naver,옥동식,모르는 개 산책25,123.0,2026.03.29,2번째 방문,영수증,"지난번에 먹고 눈이 뻔쩍 떠진 돼지곰탕 일요일 저녁은 옥동식으로~ 외국인들에게도 인기가 점점 많아져서 앞으로 예약이 더 어려워지지 않을까... 당분간은 최대한 자주 가리라 ㅎㅎ 국물 첫 술이 약간 짰는데 아래에 깔려있는 밥과 섞으니 바로 괜찮아졌어요 지난번에는 순수한 돼지곰탕 맛을 느끼고 싶어서 김치는 안먹었는데 이번에는 한번은 고추지, 한번은 김치랑 번갈아 먹으니 이 또한 맛있네요 4월에는 일주일에 한번씩 갈거에요~^^",237,True,,,,"지난번에 먹고 눈이 뻔쩍 떠진 돼지곰탕 일요일 저녁은 옥동식으로~ 외국인들에게도 인기가 점점 많아져서 앞으로 예약이 더 어려워지지 않을까... 당분간은 최대한 자주 가리라 ㅎㅎ 국물 첫 술이 약간 짰는데 아래에 깔려있는 밥과 섞으니 바로 괜찮아졌어요 지난번에는 순수한 돼지곰탕 맛을 느끼고 싶어서 김치는 안먹었는데 이번에는 한번은 고추지, 한번은 김치랑 번갈아 먹으니 이 또한 맛있네요 4월에는 일주일에 한번씩 갈거에요~^^",지난번에 먹고 눈이 뻔쩍 떠진 돼지곰탕 일요일 저녁은 옥동식으로 외국인들에게도 인기가 점점 많아져서 앞으로 예약이 더 어려워지지 않을까 당분간은 최대한 자주 가리라 국물 첫 술이 약간 짰는데 아래에 깔려있는 밥과 섞으니 바로 괜찮아졌어요 지난번에는 순수한 돼지곰탕 맛을 느끼고 싶어서 김치는 안먹었는데 이번에는 한번은 고추지 한번은 김치랑 번갈아 먹으니 이 또한 맛있네요 4월에는 일주일에 한번씩 갈거에요,0,0,0,0,0,0,1,237,예약
naver,쭌곱창,예융,13.0,2026.01.25,1번째 방문,영수증,아늑하고 분위기 좋습니다! 음식도 맛있고 서비스도 좋았어요~,33,True,,,,아늑하고 분위기 좋습니다! 음식도 맛있고 서비스도 좋았어요~,아늑하고 분위기 좋습니다 EXCLAM 음식도 맛있고 서비스도 좋았어요,0,0,0,0,1,0,0,33,서비스
kakao,육지,부바우,9.0,2025-08-31,,,직원들은 친절했지만 맛은 형편없음. 그 친절도 사실 어영부영 가게 운영 안해본 조폭(문신)들이 운영하는 가게같다고 느낌. 절반 이상 남기고 나왔습니다. 리뷰를 보니 리뷰 총 개수 1개에 별 5개만 찍어놓은 계정들이 수두룩함. 정직하게 장사하는 집이 맞나 싶습니다. 맛으로는 도저히 승부할 수 없으니 억지로 평점을 올려놓은 것처럼 보입니다. 굳이 다시 가지 않을 뿐더러 사장님 정직하게 한다면 리뷰나 조작하지 말고 하시길..,236,True,1.0,2.3,브론즈 레벨,직원들은 친절했지만 맛은 형편없음. 그 친절도 사실 어영부영 가게 운영 안해본 조폭(문신)들이 운영하는 가게같다고 느낌. 절반 이상 남기고 나왔습니다. 리뷰를 보니 리뷰 총 개수 1개에 별 5개만 찍어놓은 계정들이 수두룩함. 정직하게 장사하는 집이 맞나 싶습니다. 맛으로는 도저히 승부할 수 없으니 억지로 평점을 올려놓은 것처럼 보입니다. 굳이 다시 가지 않을 뿐더러 사장님 정직하게 한다면 리뷰나 조작하지 말고 하시길..,직원들은 친절했지만 맛은 형편없음 그 친절도 사실 어영부영 가게 운영 안해본 조폭 문신 들이 운영하는 가게같다고 느낌 절반 이상 남기고 나왔습니다 리뷰를 보니 리뷰 총 개수 1개에 별 5개만 찍어놓은 계정들이 수두룩함 정직하게 장사하는 집이 맞나 싶습니다 맛으로는 도저히 승부할 수 없으니 억지로 평점을 올려놓은 것처럼 보입니다 굳이 다시 가지 않을 뿐더러 사장님 정직하게 한다면 리뷰나 조작하지 말고 하시길,0,0,0,0,0,0,1,236,"친절, 직원, 사장님"
kakao,장인닭갈비 홍대점,내맘이야,145.0,2026-02-25,,,물엿인지 설탕인지 여튼 엄청 들어간 느낌 너무 닮...... 본인이 5세 이상이면 오지 마세요 겁나 배고픈 상태로 갔는데 맛 없었으면 말 다한거죠 뭐 아니 후기 대충 보고 갔는데 다시 보니 여기 후기 알바 돌리는 곳이네ㅋㅋㅋㅋㅋ,127,False,1.0,3.3,골드 레벨,물엿인지 설탕인지 여튼 엄청 들어간 느낌 너무 닮...... 본인이 5세 이상이면 오지 마세요 겁나 배고픈 상태로 갔는데 맛 없었으면 말 다한거죠 뭐 아니 후기 대충 보고 갔는데 다시 보니 여기 후기 알바 돌리는 곳이네ㅋㅋㅋㅋㅋ,물엿인지 설탕인지 여튼 엄청 들어간 느낌 너무 닮 본인이 5세 이상이면 오지 마세요 겁나 배고픈 상태로 갔는데 맛 없었으면 말 다한거죠 뭐 아니 후기 대충 보고 갔는데 다시 보니 여기 후기 알바 돌리는 곳이네,0,0,0,0,0,0,1,127,알바
naver,훼미리손칼국수보쌈,별난i,410.0,2025.05.15,1번째 방문,영수증,ㅎㅎ 아주 핫한 맛집이네여 음식은 바로 나와서 너무 좋고 회전율 좋아서 웨이팅해도 괜찮아요! 보쌈엔 막걸리가 최고쥬 👍🏻,67,True,,,,ㅎㅎ 아주 핫한 맛집이네여 음식은 바로 나와서 너무 좋고 회전율 좋아서 웨이팅해도 괜찮아요! 보쌈엔 막걸리가 최고쥬 👍🏻,아주 핫한 맛집이네여 음식은 바로 나와서 너무 좋고 회전율 좋아서 웨이팅해도 괜찮아요 EXCLAM 보쌈엔 막걸리가 최고쥬 EMO_POS,1,0,0,0,1,0,0,67,웨이팅
naver,원조 조박집 본관,토니몬따나,165.0,2025.10.04,1번째 방문,영수증,근본넘치는 옛날식 양념에 푸짐한 돼지갈비 상차림 너무 친절하고 맛있게 먹었어요!!,45,True,,,,근본넘치는 옛날식 양념에 푸짐한 돼지갈비 상차림 너무 친절하고 맛있게 먹었어요!!,근본넘치는 옛날식 양념에 푸짐한 돼지갈비 상차림 너무 친절하고 맛있게 먹었어요 EXCLAM,0,0,0,0,1,0,0,45,친절
naver,능동미나리 성수지점,보노보노55,34.0,2026.05.05,1번째 방문,영수증,30분 넘게 웨이팅 했어요. 매장이 2층이라 생각보다 금방 들어간 것 같아요. 시스템이 체계적이고 맛도 깔끔하니 좋아요. 육회도 많고 안에 무가 오독오독하니 식감도 재밌고 킥이었어요. 간장소스도 미나리랑 잘어울려요. 곰탕도 미나리가 있어서 느끼하지않아요. 미나리 향이 세지 않아서 좋아요. 외국인 관광객들이 많이 오시더라고요 ㅎㅎ 맛있었어요. 추천합니다~~,199,False,,,,30분 넘게 웨이팅 했어요. 매장이 2층이라 생각보다 금방 들어간 것 같아요. 시스템이 체계적이고 맛도 깔끔하니 좋아요. 육회도 많고 안에 무가 오독오독하니 식감도 재밌고 킥이었어요. 간장소스도 미나리랑 잘어울려요. 곰탕도 미나리가 있어서 느끼하지않아요. 미나리 향이 세지 않아서 좋아요. 외국인 관광객들이 많이 오시더라고요 ㅎㅎ 맛있었어요. 추천합니다~~,30분 넘게 웨이팅 했어요 매장이 2층이라 생각보다 금방 들어간 것 같아요 시스템이 체계적이고 맛도 깔끔하니 좋아요 육회도 많고 안에 무가 오독오독하니 식감도 재밌고 킥이었어요 간장소스도 미나리랑 잘어울려요 곰탕도 미나리가 있어서 느끼하지않아요 미나리 향이 세지 않아서 좋아요 외국인 관광객들이 많이 오시더라고요 맛있었어요 추천합니다 TILDE,0,0,0,0,0,0,1,199,웨이팅
naver,소문난성수감자탕,한끼도,358.0,2026.03.17,1번째 방문,영수증,외국까지 소문난 듯한 감자탕..ㅎㅎ 양도 많고 직원들도 친절하시구 매장도 넓어서 별로 안 기다려요!! 추천합니당ㅎㅎ,64,True,,,,외국까지 소문난 듯한 감자탕..ㅎㅎ 양도 많고 직원들도 친절하시구 매장도 넓어서 별로 안 기다려요!! 추천합니당ㅎㅎ,외국까지 소문난 듯한 감자탕 양도 많고 직원들도 친절하시구 매장도 넓어서 별로 안 기다려요 EXCLAM 추천합니당,0,0,0,0,1,0,0,64,"친절, 직원"
naver,장인닭갈비 홍대점,38292892,26.0,2026.04.02,1번째 방문,영수증,"홍대에 오면 꼭 방문하는 곳이에요! 웨이팅 속도도 빠르고, 순한맛도 있어서 매운거 잘 못먹는 저도 맛있게 먹을 수 있었어요!👍🏻👍🏻",73,True,,,,"홍대에 오면 꼭 방문하는 곳이에요! 웨이팅 속도도 빠르고, 순한맛도 있어서 매운거 잘 못먹는 저도 맛있게 먹을 수 있었어요!👍🏻👍🏻",홍대에 오면 꼭 방문하는 곳이에요 EXCLAM 웨이팅 속도도 빠르고 순한맛도 있어서 매운거 잘 못먹는 저도 맛있게 먹을 수 있었어요 EXCLAM EMO_POS EMO_POS,1,0,0,0,1,0,0,73,웨이팅
kakao,뼈탄집 성수역점,세비,12.0,2025-12-30,,,"점심시간에 단체 예약했는데 친절하게 세팅 도와주시고, 고기도 모두 구워주셔서 너무 먹기 편하고 좋았어요!😊🥩 고기랑 반찬도 다 맛있어서 추천이예요!",82,True,5.0,4.0,실버 레벨,"점심시간에 단체 예약했는데 친절하게 세팅 도와주시고, 고기도 모두 구워주셔서 너무 먹기 편하고 좋았어요!😊🥩 고기랑 반찬도 다 맛있어서 추천이예요!",점심시간에 단체 예약했는데 친절하게 세팅 도와주시고 고기도 모두 구워주셔서 너무 먹기 편하고 좋았어요 EXCLAM EMO_POS 고기랑 반찬도 다 맛있어서 추천이예요 EXCLAM,1,0,0,0,1,0,0,82,"친절, 구워주, 예약"
naver,을밀대 평양냉면,먹키비스트,669.0,2025.12.28,1번째 방문,영수증,평양냉면 전통의 강자 을밀대 방문~ 가게가 넓어서 그런가 웨이팅 없이 들어왔습니다. 물냉으로 먹었는데 양도 많고 감칠맛 제대로 우러난 육수인데 호불호 타진 않을 맛이라 이래서 유명한가 싶더군요. 초보자들 와도 맛나게 먹을만 한거같아요. 평냉 잘하는 집들은 다 각자 자신있는 분야가 있는거 같습니다 ㅋㅋ 저는 여기 국물이 너무 맛났네요. 육수 제대로 우린 느낌? 거냉 이런걸 가서 알아서 빠른 시일내 다른 맛 느끼러 가볼까합니다 ㅎㅎ 완전 맛나기 먹고갑니다~,255,True,,,,평양냉면 전통의 강자 을밀대 방문~ 가게가 넓어서 그런가 웨이팅 없이 들어왔습니다. 물냉으로 먹었는데 양도 많고 감칠맛 제대로 우러난 육수인데 호불호 타진 않을 맛이라 이래서 유명한가 싶더군요. 초보자들 와도 맛나게 먹을만 한거같아요. 평냉 잘하는 집들은 다 각자 자신있는 분야가 있는거 같습니다 ㅋㅋ 저는 여기 국물이 너무 맛났네요. 육수 제대로 우린 느낌? 거냉 이런걸 가서 알아서 빠른 시일내 다른 맛 느끼러 가볼까합니다 ㅎㅎ 완전 맛나기 먹고갑니다~,평양냉면 전통의 강자 을밀대 방문 가게가 넓어서 그런가 웨이팅 없이 들어왔습니다 물냉으로 먹었는데 양도 많고 감칠맛 제대로 우러난 육수인데 호불호 타진 않을 맛이라 이래서 유명한가 싶더군요 초보자들 와도 맛나게 먹을만 한거같아요 평냉 잘하는 집들은 다 각자 자신있는 분야가 있는거 같습니다 저는 여기 국물이 너무 맛났네요 육수 제대로 우린 느낌 QUESTION 거냉 이런걸 가서 알아서 빠른 시일내 다른 맛 느끼러 가볼까합니다 완전 맛나기 먹고갑니다,0,0,0,0,0,1,0,255,웨이팅
kakao,홍대 조선시대,신유진,1.0,2025-12-22,,,친구들이랑 술마시러 자주 방문하는데 안주도 가성비있게 맛있고 직원분들도 너무 친절해요 오늘 예약해서 룸은 처음 들어왔는데 너무 좋았어요!!😘😘 다음에도 친구들이랑 홍대에서 술마시면 방문하려고여!!😍😍,111,True,5.0,5.0,브론즈 레벨,친구들이랑 술마시러 자주 방문하는데 안주도 가성비있게 맛있고 직원분들도 너무 친절해요 오늘 예약해서 룸은 처음 들어왔는데 너무 좋았어요!!😘😘 다음에도 친구들이랑 홍대에서 술마시면 방문하려고여!!😍😍,친구들이랑 술마시러 자주 방문하는데 안주도 가성비있게 맛있고 직원분들도 너무 친절해요 오늘 예약해서 룸은 처음 들어왔는데 너무 좋았어요 EXCLAM EMO_POS EMO_POS 다음에도 친구들이랑 홍대에서 술마시면 방문하려고여 EXCLAM EMO_POS EMO_POS,1,0,0,0,1,0,0,111,"친절, 직원, 예약"
kakao,육산장 홍대본점,신희주,2.0,2025-09-12,,,고기가 ㄷ두툼하고 서비스가 조아요!,19,False,5.0,5.0,브론즈 레벨,고기가 ㄷ두툼하고 서비스가 조아요!,고기가 두툼하고 서비스가 조아요 EXCLAM,0,0,0,0,1,0,0,19,서비스
naver,락희옥 마포본점,윤졍79,32.0,2025.06.25,1번째 방문,영수증,음식이 진짜 맛있어요! 점심메뉴 푸짐하게 나오고 직원분들도 친절하셔서 자주 오고싶어요!!,49,True,,,,음식이 진짜 맛있어요! 점심메뉴 푸짐하게 나오고 직원분들도 친절하셔서 자주 오고싶어요!!,음식이 진짜 맛있어요 EXCLAM 점심메뉴 푸짐하게 나오고 직원분들도 친절하셔서 자주 오고싶어요 EXCLAM,0,0,0,0,1,0,0,49,"친절, 직원"
naver,보끔당 성수점,에스더7491,23.0,2026.02.24,1번째 방문,영수증,너무너무 맛있고 직원분들도 친절하셔서 정말 좋았어요! 1단계 했는데 딱 맛있게 매콤했어요! 진짜 너무 맛있어서 여자 둘이서 밥 세그릇이나 먹었네요...ㅎㅎ;; 진짜 맛있었어요 덕분에 서울 여행와서 잘~~ 먹고 갑니당!,121,True,,,,너무너무 맛있고 직원분들도 친절하셔서 정말 좋았어요! 1단계 했는데 딱 맛있게 매콤했어요! 진짜 너무 맛있어서 여자 둘이서 밥 세그릇이나 먹었네요...ㅎㅎ;; 진짜 맛있었어요 덕분에 서울 여행와서 잘~~ 먹고 갑니당!,너무너무 맛있고 직원분들도 친절하셔서 정말 좋았어요 EXCLAM 1단계 했는데 딱 맛있게 매콤했어요 EXCLAM 진짜 너무 맛있어서 여자 둘이서 밥 세그릇이나 먹었네요 진짜 맛있었어요 덕분에 서울 여행와서 잘 TILDE 먹고 갑니당 EXCLAM,0,0,0,0,1,0,1,121,"친절, 직원"
naver,원조 조박집 본관,피카피카피카피카츄,1471.0,2025.03.27,2번째 방문,영수증,평일 저녁 늦게 가니 바로 먹을수있어요,21,True,,,,평일 저녁 늦게 가니 바로 먹을수있어요,평일 저녁 늦게 가니 바로 먹을수있어요,0,0,0,0,0,0,0,21,늦게
naver,훼미리손칼국수보쌈,리얼케이,647.0,2025.10.10,1번째 방문,예약,가격은 저렴하지만 웨이팅 40분씩 하면서 먹을 정도는 아닌데... 진짜 앙은 엄청 많습니다 보쌈은 먹을만 했지만 칼국수는 후추탕 급,73,True,,,,가격은 저렴하지만 웨이팅 40분씩 하면서 먹을 정도는 아닌데... 진짜 앙은 엄청 많습니다 보쌈은 먹을만 했지만 칼국수는 후추탕 급,가격은 저렴하지만 웨이팅 40분씩 하면서 먹을 정도는 아닌데 진짜 앙은 엄청 많습니다 보쌈은 먹을만 했지만 칼국수는 후추탕 급,0,0,0,0,0,0,1,73,웨이팅
naver,보끔당 성수점,ruc****,26.0,2026.04.21,1번째 방문,영수증,사장님이 친절하거 음싣이 맛임ㅅ어요!! 외국인이 ㅁ많아요'!!!!둣둣,38,True,,,,사장님이 친절하거 음싣이 맛임ㅅ어요!! 외국인이 ㅁ많아요'!!!!둣둣,사장님이 친절하거 음싣이 맛임 어요 EXCLAM 외국인이 많아요 EXCLAM 둣둣,0,0,0,0,1,0,0,38,"친절, 사장님"
kakao,뼈탄집 성수역점,세계여행하고파,6.0,2026-03-01,,,"성수동 삼겹살 맛집 뼈탄집을 예약 후 방문했어요. 줄 서는 고기 맛집이라 예약 후 방문하시면 대기 없이 바로 안내받을 수 있어 좋아요. 처음부터 끝까지 직원분들이 고기를 구워주셔서 맛있게 먹었습니다. 고기를 잘 못 굽는 사람으로서 너무 큰 장점이었어요. 삼겹살은 칼집을 낸 숙성 고기라 잡내 없이 부드럽고 담백해서 정말 맛있어요. 기본 반찬도 예사롭지 않습니다. 정갈하고 깔끔해서 고기와 함께 먹으면 최고예요. 뼈구이, 한우 된장찌개, 계란밥, 곰취 냉면도 별미예요. 음식 하나하나 다 맛있어요. 가족 외식, 모임 장소, 회식, 단체 모임 장소로 추천합니다. 매장도 넓고 프라이빗한 룸도 있어요. 무엇보다 직원분들이 정말 프로페셔널합니다.",357,True,5.0,5.0,브론즈 레벨,"성수동 삼겹살 맛집 뼈탄집을 예약 후 방문했어요. 줄 서는 고기 맛집이라 예약 후 방문하시면 대기 없이 바로 안내받을 수 있어 좋아요. 처음부터 끝까지 직원분들이 고기를 구워주셔서 맛있게 먹었습니다. 고기를 잘 못 굽는 사람으로서 너무 큰 장점이었어요. 삼겹살은 칼집을 낸 숙성 고기라 잡내 없이 부드럽고 담백해서 정말 맛있어요. 기본 반찬도 예사롭지 않습니다. 정갈하고 깔끔해서 고기와 함께 먹으면 최고예요. 뼈구이, 한우 된장찌개, 계란밥, 곰취 냉면도 별미예요. 음식 하나하나 다 맛있어요. 가족 외식, 모임 장소, 회식, 단체 모임 장소로 추천합니다. 매장도 넓고 프라이빗한 룸도 있어요. 무엇보다 직원분들이 정말 프로페셔널합니다.",성수동 삼겹살 맛집 뼈탄집을 예약 후 방문했어요 줄 서는 고기 맛집이라 예약 후 방문하시면 대기 없이 바로 안내받을 수 있어 좋아요 처음부터 끝까지 직원분들이 고기를 구워주셔서 맛있게 먹었습니다 고기를 잘 못 굽는 사람으로서 너무 큰 장점이었어요 삼겹살은 칼집을 낸 숙성 고기라 잡내 없이 부드럽고 담백해서 정말 맛있어요 기본 반찬도 예사롭지 않습니다 정갈하고 깔끔해서 고기와 함께 먹으면 최고예요 뼈구이 한우 된장찌개 계란밥 곰취 냉면도 별미예요 음식 하나하나 다 맛있어요 가족 외식 모임 장소 회식 단체 모임 장소로 추천합니다 매장도 넓고 프라이빗한 룸도 있어요 무엇보다 직원분들이 정말 프로페셔널합니다,0,0,0,0,0,0,0,357,"직원, 안내, 구워주, 대기, 예약"
kakao,각시보쌈,슬기로운생활,390.0,2026-03-15,,,구성이 좋고 가성비도 좋아요. 웨이팅 생각 보다 빨리 줄어서 기다려볼만함,40,False,5.0,4.5,골드 레벨,구성이 좋고 가성비도 좋아요. 웨이팅 생각 보다 빨리 줄어서 기다려볼만함,구성이 좋고 가성비도 좋아요 웨이팅 생각 보다 빨리 줄어서 기다려볼만함,0,0,0,0,0,0,0,40,"웨이팅, 빨리"
naver,락희옥 마포본점,좋아하는거해,31.0,2026.02.10,1번째 방문,영수증,점심 메뉴 있어서 좋고 매장도 넓어서 회사 동료분들이랑 오기 딱입니다!! 서빙해주시는 분들도 너무 친절하셔서 식사 잘 하고 갑니다~,73,True,,,,점심 메뉴 있어서 좋고 매장도 넓어서 회사 동료분들이랑 오기 딱입니다!! 서빙해주시는 분들도 너무 친절하셔서 식사 잘 하고 갑니다~,점심 메뉴 있어서 좋고 매장도 넓어서 회사 동료분들이랑 오기 딱입니다 EXCLAM 서빙해주시는 분들도 너무 친절하셔서 식사 잘 하고 갑니다,0,0,0,0,1,0,0,73,"친절, 서빙"
kakao,보끔당 성수점,^^,7.0,2025-08-16,,,몇 달 전에 친구랑 같이 왔던 집인데 오랜만에 성수동 왔는데 생각나서 또 온 집입니다 간장찜닭 먹었어요! 자리마다 주문 키오스크 있어서 이것저것 고르기 편하고 배달이랑 홀 둘다하는데 둘 다 찾는 사람들이 많아요 위생 맛 접근성 둘다 괜찮은 것 같습니다 밥도 많이줘용,148,True,5.0,3.9,브론즈 레벨,몇 달 전에 친구랑 같이 왔던 집인데 오랜만에 성수동 왔는데 생각나서 또 온 집입니다 간장찜닭 먹었어요! 자리마다 주문 키오스크 있어서 이것저것 고르기 편하고 배달이랑 홀 둘다하는데 둘 다 찾는 사람들이 많아요 위생 맛 접근성 둘다 괜찮은 것 같습니다 밥도 많이줘용,몇 달 전에 친구랑 같이 왔던 집인데 오랜만에 성수동 왔는데 생각나서 또 온 집입니다 간장찜닭 먹었어요 EXCLAM 자리마다 주문 키오스크 있어서 이것저것 고르기 편하고 배달이랑 홀 둘다하는데 둘 다 찾는 사람들이 많아요 위생 맛 접근성 둘다 괜찮은 것 같습니다 밥도 많이줘용,0,0,0,0,1,0,0,148,주문
naver,쭌곱창,공주262,96.0,2026.03.17,1번째 방문,영수증,"경의선숲길을 정처없이 걷다가 발견한 최고의 맛집!!! 사장님께서 세팅, 먹는방법을 알려주시는데 오마카세 이상이라고 생각합니다. 연인이랑 오기에도 분위기가 정말 좋고 파인애플 크림과 먹는 요리는 처음이었습니다! 그만큼 특별하고 사장님의 요리센스가 보이는 요리었습니다!!! 곱창은 매콤한 편으로 저같은 맵찔이한테는 매울 수 있으나 각종 맛있는 치즈소스가 있어서 완벽히 맛을 중화시키네요!!! 다음에도 또 방문하겠습니다!!!",234,True,,,,"경의선숲길을 정처없이 걷다가 발견한 최고의 맛집!!! 사장님께서 세팅, 먹는방법을 알려주시는데 오마카세 이상이라고 생각합니다. 연인이랑 오기에도 분위기가 정말 좋고 파인애플 크림과 먹는 요리는 처음이었습니다! 그만큼 특별하고 사장님의 요리센스가 보이는 요리었습니다!!! 곱창은 매콤한 편으로 저같은 맵찔이한테는 매울 수 있으나 각종 맛있는 치즈소스가 있어서 완벽히 맛을 중화시키네요!!! 다음에도 또 방문하겠습니다!!!",경의선숲길을 정처없이 걷다가 발견한 최고의 맛집 EXCLAM 사장님께서 세팅 먹는방법을 알려주시는데 오마카세 이상이라고 생각합니다 연인이랑 오기에도 분위기가 정말 좋고 파인애플 크림과 먹는 요리는 처음이었습니다 EXCLAM 그만큼 특별하고 사장님의 요리센스가 보이는 요리었습니다 EXCLAM 곱창은 매콤한 편으로 저같은 맵찔이한테는 매울 수 있으나 각종 맛있는 치즈소스가 있어서 완벽히 맛을 중화시키네요 EXCLAM 다음에도 또 방문하겠습니다 EXCLAM,0,0,0,0,1,0,0,234,사장님
naver,원조 조박집 본관,abcdefghl,7.0,2026.03.20,1번째 방문,예약,부일숯불갈비가 훨씬 친절하고 구성도 좋고 맛도 좋아요 비교가 안되는데 왜 같이 3대 돼지갈비로 묶이는지 모르겠어요 맛도 애매했는데 너무 불친절했어요 옆에 중년 테이블에는 친절하시던데 😂,103,True,,,,부일숯불갈비가 훨씬 친절하고 구성도 좋고 맛도 좋아요 비교가 안되는데 왜 같이 3대 돼지갈비로 묶이는지 모르겠어요 맛도 애매했는데 너무 불친절했어요 옆에 중년 테이블에는 친절하시던데 😂,부일숯불갈비가 훨씬 친절하고 구성도 좋고 맛도 좋아요 비교가 안되는데 왜 같이 3대 돼지갈비로 묶이는지 모르겠어요 맛도 애매했는데 너무 불친절했어요 옆에 중년 테이블에는 친절하시던데 EMO_LAUGH,0,0,1,0,0,0,1,103,"친절, 불친절"
naver,능동미나리 성수지점,Kicnjd,19.0,2026.01.17,6번째 방문,영수증,오랜만에 또 방문한 능미 성수점 웨이팅이 길지 않아 금방 입장했어요 전에는 비빔밥 맛있게 먹었고 오늘은 좀 추워서 수육전골 먹었는데 육수가 진짜 맛있네요 칼국수까지 마무리로 먹으니까 너무 든든했어요 잘먹고갑니다~,118,False,,,,오랜만에 또 방문한 능미 성수점 웨이팅이 길지 않아 금방 입장했어요 전에는 비빔밥 맛있게 먹었고 오늘은 좀 추워서 수육전골 먹었는데 육수가 진짜 맛있네요 칼국수까지 마무리로 먹으니까 너무 든든했어요 잘먹고갑니다~,오랜만에 또 방문한 능미 성수점 웨이팅이 길지 않아 금방 입장했어요 전에는 비빔밥 맛있게 먹었고 오늘은 좀 추워서 수육전골 먹었는데 육수가 진짜 맛있네요 칼국수까지 마무리로 먹으니까 너무 든든했어요 잘먹고갑니다,0,0,0,0,0,0,0,118,웨이팅
kakao,소문난성수감자탕,👩🏻‍🌾,216.0,2026-01-10,,,"저희 웨이팅 하고 들어갔는데, 먹는 중에 쫓겨났어요 계속 뭐 더 시킬거냐고 물어보길래 수제비도 먹고 잘 먹고 있는데 결국에 좀 반찬 정리 도와줄까요? 라규 해서 찬만 정리하는 줄 알았는데 제 숫가락과 앞접시를 다 들어 감자탕 통에 담으시더라고요; 너무 불쾌하고 친구 목도리도 책상에 있는데 그냥 물 부우셔서 치우셨어요 제가 그만하라고 말씀드려서 그만하셨지 목도리 더러워지거나 손님 물건 더러워지면 변상 어떻게 하려고 그러시는 건지 생각좀 하시고 행동하셨으면 좋겠습니다. 고기 개 퍽퍽해요 살 없어요 굳이?",282,True,1.0,3.6,골드 레벨,"저희 웨이팅 하고 들어갔는데, 먹는 중에 쫓겨났어요 계속 뭐 더 시킬거냐고 물어보길래 수제비도 먹고 잘 먹고 있는데 결국에 좀 반찬 정리 도와줄까요? 라규 해서 찬만 정리하는 줄 알았는데 제 숫가락과 앞접시를 다 들어 감자탕 통에 담으시더라고요; 너무 불쾌하고 친구 목도리도 책상에 있는데 그냥 물 부우셔서 치우셨어요 제가 그만하라고 말씀드려서 그만하셨지 목도리 더러워지거나 손님 물건 더러워지면 변상 어떻게 하려고 그러시는 건지 생각좀 하시고 행동하셨으면 좋겠습니다. 고기 개 퍽퍽해요 살 없어요 굳이?",저희 웨이팅 하고 들어갔는데 먹는 중에 쫓겨났어요 계속 뭐 더 시킬거냐고 물어보길래 수제비도 먹고 잘 먹고 있는데 결국에 좀 반찬 정리 도와줄까요 QUESTION 라규 해서 찬만 정리하는 줄 알았는데 제 숫가락과 앞접시를 다 들어 감자탕 통에 담으시더라고요 너무 불쾌하고 친구 목도리도 책상에 있는데 그냥 물 부우셔서 치우셨어요 제가 그만하라고 말씀드려서 그만하셨지 목도리 더러워지거나 손님 물건 더러워지면 변상 어떻게 하려고 그러시는 건지 생각좀 하시고 행동하셨으면 좋겠습니다 고기 개 퍽퍽해요 살 없어요 굳이 QUESTION,0,0,0,0,0,1,0,282,웨이팅
kakao,육산장 홍대본점,황중민,1.0,2025-05-03,,,너무 맛있고 사장님도 친절하시고 분위기도 최고입니다!,29,True,5.0,5.0,브론즈 레벨,너무 맛있고 사장님도 친절하시고 분위기도 최고입니다!,너무 맛있고 사장님도 친절하시고 분위기도 최고입니다 EXCLAM,0,0,0,0,1,0,0,29,"친절, 사장님"
naver,을밀대 평양냉면,알람5개맞춘팔락파니르,33.0,2025.08.15,1번째 방문,영수증,"제 인생 두번째 평냉은 서울에서 유명하다는 을밀대로 정해서 와봤습니다.. 8월 15일 공휴일에 11시 오픈인데 10시 30분, 오픈 시간보다 일찍 왔는데도 앞에 10명정도 대기가 있고 오픈 시간인 11시가 되니까 제 뒤에 4~50명 정도 대기한 상태가 되더라구요. 이렇게 기다린만큼 맛도 훌륭해야 하는데 어떨까? 하고 걱정반 기대반이었는데. 결론은 진짜 맛있었습니다. 이 맛을 다른 가게들이 넘을 수 있을까 싶을 정도였습니다. 을밀대를 골라 온 건 정말 잘한 것 같았습니다. 같이 시킨 녹두전도 너무 맛있어서 두번 놀랐구요. 다음에도 올 의향 만땅이고, 정말 맛있다는 진부한 표현만 떠오르는 게 아쉽습니다. 내가 평냉 첫 도전을 서울에서 해봐야겠다? 꼭 1순위로 들려서 드셔보시길 권합니다😍",386,True,,,,"제 인생 두번째 평냉은 서울에서 유명하다는 을밀대로 정해서 와봤습니다.. 8월 15일 공휴일에 11시 오픈인데 10시 30분, 오픈 시간보다 일찍 왔는데도 앞에 10명정도 대기가 있고 오픈 시간인 11시가 되니까 제 뒤에 4~50명 정도 대기한 상태가 되더라구요. 이렇게 기다린만큼 맛도 훌륭해야 하는데 어떨까? 하고 걱정반 기대반이었는데. 결론은 진짜 맛있었습니다. 이 맛을 다른 가게들이 넘을 수 있을까 싶을 정도였습니다. 을밀대를 골라 온 건 정말 잘한 것 같았습니다. 같이 시킨 녹두전도 너무 맛있어서 두번 놀랐구요. 다음에도 올 의향 만땅이고, 정말 맛있다는 진부한 표현만 떠오르는 게 아쉽습니다. 내가 평냉 첫 도전을 서울에서 해봐야겠다? 꼭 1순위로 들려서 드셔보시길 권합니다😍",제 인생 두번째 평냉은 서울에서 유명하다는 을밀대로 정해서 와봤습니다 8월 15일 공휴일에 11시 오픈인데 10시 30분 오픈 시간보다 일찍 왔는데도 앞에 10명정도 대기가 있고 오픈 시간인 11시가 되니까 제 뒤에 4 50명 정도 대기한 상태가 되더라구요 이렇게 기다린만큼 맛도 훌륭해야 하는데 어떨까 QUESTION 하고 걱정반 기대반이었는데 결론은 진짜 맛있었습니다 이 맛을 다른 가게들이 넘을 수 있을까 싶을 정도였습니다 을밀대를 골라 온 건 정말 잘한 것 같았습니다 같이 시킨 녹두전도 너무 맛있어서 두번 놀랐구요 다음에도 올 의향 만땅이고 정말 맛있다는 진부한 표현만 떠오르는 게 아쉽습니다 내가 평냉 첫 도전을 서울에서 해봐야겠다 QUESTION 꼭 1순위로 들려서 드셔보시길 권합니다 EMO_POS,1,0,0,0,0,1,1,386,대기
kakao,육지,유키,31.0,2025-08-29,,,직원분들 친절하시고 고기도 맛있어요!,20,False,5.0,3.8,브론즈 레벨,직원분들 친절하시고 고기도 맛있어요!,직원분들 친절하시고 고기도 맛있어요 EXCLAM,0,0,0,0,1,0,0,20,"친절, 직원"
kakao,소문난성수감자탕,난다요,18.0,2025-08-26,,,극 평범한 감자탕 .. 웨이팅 없이 들어와서 다행이지 기다렸으면 화날뻔 .. 걍 감자탕 맛이에요 무난무난 극무난 직원분들이 아무런 대답도 없이 응대하심 손님은 전부 외국인이라 여기가 외국인줄 ㄷㄷ 그냥 자리빨인듯 합니다 •• 볶음밥도 걍 감자탕 국물에 볶은 볶음밥 그 이상 그 이하도 아님 맛이 없진 않아요 공기밥 2천원 ~ 라면 4천원 참고 ❤️,194,False,1.0,3.1,실버 레벨,극 평범한 감자탕 .. 웨이팅 없이 들어와서 다행이지 기다렸으면 화날뻔 .. 걍 감자탕 맛이에요 무난무난 극무난 직원분들이 아무런 대답도 없이 응대하심 손님은 전부 외국인이라 여기가 외국인줄 ㄷㄷ 그냥 자리빨인듯 합니다 •• 볶음밥도 걍 감자탕 국물에 볶은 볶음밥 그 이상 그 이하도 아님 맛이 없진 않아요 공기밥 2천원 ~ 라면 4천원 참고 ❤️,극 평범한 감자탕 웨이팅 없이 들어와서 다행이지 기다렸으면 화날뻔 걍 감자탕 맛이에요 무난무난 극무난 직원분들이 아무런 대답도 없이 응대하심 손님은 전부 외국인이라 여기가 외국인줄 그냥 자리빨인듯 합니다 볶음밥도 걍 감자탕 국물에 볶은 볶음밥 그 이상 그 이하도 아님 맛이 없진 않아요 공기밥 2천원 라면 4천원 참고 EMO_POS,1,0,0,0,0,0,1,194,"응대, 직원, 웨이팅"
naver,일등식당,디노빠샤,903.0,2026.03.06,1번째 방문,영수증,재재재방문입니다... 웨이팅 열기가 좀 사그라져서 다행입니다.하하 암때나 편하게와서 먹을수있음 좋겠어요.. 유투버들 그만오세요....ㅎㅎㅎㅎ,78,True,,,,재재재방문입니다... 웨이팅 열기가 좀 사그라져서 다행입니다.하하 암때나 편하게와서 먹을수있음 좋겠어요.. 유투버들 그만오세요....ㅎㅎㅎㅎ,재재방문입니다 웨이팅 열기가 좀 사그라져서 다행입니다 하하 암때나 편하게와서 먹을수있음 좋겠어요 유투버들 그만오세요,0,0,0,0,0,0,0,78,웨이팅
kakao,홍대 조선시대,나서현,1.0,2025-12-29,,,음식도 맛있고 예약하고 왔더니 룸도 너무 좋네요,26,True,5.0,5.0,브론즈 레벨,음식도 맛있고 예약하고 왔더니 룸도 너무 좋네요,음식도 맛있고 예약하고 왔더니 룸도 너무 좋네요,0,0,0,0,0,0,0,26,예약
naver,장인닭갈비 홍대점,은정7621,129.0,2026.04.11,1번째 방문,영수증,웨이팅 기다릴만큼 맛있어용,14,True,,,,웨이팅 기다릴만큼 맛있어용,웨이팅 기다릴만큼 맛있어용,0,0,0,0,0,0,0,14,웨이팅
naver,보끔당 성수점,ghl****,6.0,2026.03.03,1번째 방문,영수증,점심 식사로 종종 방문하는 곳인데 항상 맛있는 것 같아요!! 항상 웨이팅 있었는데 오늘은 운이 좋게 바로 입장해서 먹을 수 있었어요! 직원분들도 친절해서 너무 좋았습니다.,95,True,,,,점심 식사로 종종 방문하는 곳인데 항상 맛있는 것 같아요!! 항상 웨이팅 있었는데 오늘은 운이 좋게 바로 입장해서 먹을 수 있었어요! 직원분들도 친절해서 너무 좋았습니다.,점심 식사로 종종 방문하는 곳인데 항상 맛있는 것 같아요 EXCLAM 항상 웨이팅 있었는데 오늘은 운이 좋게 바로 입장해서 먹을 수 있었어요 EXCLAM 직원분들도 친절해서 너무 좋았습니다,0,0,0,0,1,0,0,95,"친절, 직원, 웨이팅"
naver,장인닭갈비 홍대점,kdh****,5.0,2026.04.11,1번째 방문,영수증,진짜 맛있고요..사장님 너무 친절하세요!,22,True,,,,진짜 맛있고요..사장님 너무 친절하세요!,진짜 맛있고요 사장님 너무 친절하세요 EXCLAM,0,0,0,0,1,0,0,22,"친절, 사장님"
naver,조선시대,kyb****,13.0,2026.01.02,1번째 방문,영수증,안주가 마ㅅ있어요 직원분들 다들 친절하시고 분위기도 좋아요 중간중간 게임도 있어서 더 재밌게 분위기를 즐길 수 있었어요 성인 되고 처음으로 이런 곳 와봤는데 완전 추천해요 !! ❤️❤️🥰,104,True,,,,안주가 마ㅅ있어요 직원분들 다들 친절하시고 분위기도 좋아요 중간중간 게임도 있어서 더 재밌게 분위기를 즐길 수 있었어요 성인 되고 처음으로 이런 곳 와봤는데 완전 추천해요 !! ❤️❤️🥰,안주가 마 있어요 직원분들 다들 친절하시고 분위기도 좋아요 중간중간 게임도 있어서 더 재밌게 분위기를 즐길 수 있었어요 성인 되고 처음으로 이런 곳 와봤는데 완전 추천해요 EXCLAM EMO_POS EMO_POS EMO_POS,1,0,0,0,1,0,0,104,"친절, 직원"
naver,홍대 육지,jun****,8.0,2026.04.30,1번째 방문,영수증,리뷰 저 안쓰는데 여기는 안쓸 수가 없네요.. 너무 맛있었어요 직원분도 너무 친절하시고 매장도 너무 넓어서 편하게 식사할 수 있었습니다,75,True,,,,리뷰 저 안쓰는데 여기는 안쓸 수가 없네요.. 너무 맛있었어요 직원분도 너무 친절하시고 매장도 너무 넓어서 편하게 식사할 수 있었습니다,리뷰 저 안쓰는데 여기는 안쓸 수가 없네요 너무 맛있었어요 직원분도 너무 친절하시고 매장도 너무 넓어서 편하게 식사할 수 있었습니다,0,0,0,0,0,0,0,75,"친절, 직원"
kakao,원조조박집 본관,강실장님,8.0,2025-04-23,,,와이프랑 연애할때부터 다녔으니 25년 단골이네요. 주말에 어머니 모시고 자주 가는데 이만한 고기집 없죠 늘 맛있고 늘 친절하고 최고입니다.,77,True,5.0,4.0,브론즈 레벨,와이프랑 연애할때부터 다녔으니 25년 단골이네요. 주말에 어머니 모시고 자주 가는데 이만한 고기집 없죠 늘 맛있고 늘 친절하고 최고입니다.,와이프랑 연애할때부터 다녔으니 25년 단골이네요 주말에 어머니 모시고 자주 가는데 이만한 고기집 없죠 늘 맛있고 늘 친절하고 최고입니다,0,0,0,0,0,0,1,77,친절
kakao,육지,최희준,1.0,2025-09-18,,,맛있고 친절해서 좋아요!,13,True,5.0,5.0,브론즈 레벨,맛있고 친절해서 좋아요!,맛있고 친절해서 좋아요 EXCLAM,0,0,0,0,1,0,0,13,친절
naver,각시보쌈,달토끼226,166.0,2025.10.25,1번째 방문,영수증,주말 오픈 10분 전쯤 도착했는데 대기줄 있었습니다! 근데 직원분이 자리를 안내해주는게 아니라 알아서 앉고싶은데 착석하는데 그러다보니 주문을 순서대로 받진 못하셨어요. 전 딱히 상관없어서 기다려서 주문했는데 옆 테이블에서 좀 불편해하시더라구요. 근데 정식메뉴가 가격대비 양이나 맛이 진짜 가성비 좋아요. 고기 부드럽고 잡내도 없고 찌개도 맛있고 굳굳!!,197,True,,,,주말 오픈 10분 전쯤 도착했는데 대기줄 있었습니다! 근데 직원분이 자리를 안내해주는게 아니라 알아서 앉고싶은데 착석하는데 그러다보니 주문을 순서대로 받진 못하셨어요. 전 딱히 상관없어서 기다려서 주문했는데 옆 테이블에서 좀 불편해하시더라구요. 근데 정식메뉴가 가격대비 양이나 맛이 진짜 가성비 좋아요. 고기 부드럽고 잡내도 없고 찌개도 맛있고 굳굳!!,주말 오픈 10분 전쯤 도착했는데 대기줄 있었습니다 EXCLAM 근데 직원분이 자리를 안내해주는게 아니라 알아서 앉고싶은데 착석하는데 그러다보니 주문을 순서대로 받진 못하셨어요 전 딱히 상관없어서 기다려서 주문했는데 옆 테이블에서 좀 불편해하시더라구요 근데 정식메뉴가 가격대비 양이나 맛이 진짜 가성비 좋아요 고기 부드럽고 잡내도 없고 찌개도 맛있고 굳굳 EXCLAM,0,0,0,0,1,0,1,197,"직원, 주문, 안내, 대기"
naver,쭌곱창,아따고것참45,9.0,2026.01.25,1번째 방문,영수증,맛이좋아요!! 사장님 재미있으셔요ㅋㅋㅋ,21,True,,,,맛이좋아요!! 사장님 재미있으셔요ㅋㅋㅋ,맛이좋아요 EXCLAM 사장님 재미있으셔요,0,0,0,0,1,0,0,21,사장님
kakao,이태리국시 성수,은영,2.0,2026-04-16,,,직원분들도 친절하시고 음식도 맛있어요!!! 알배추&갈비 샐러드 완전추천!!!!,43,False,5.0,5.0,브론즈 레벨,직원분들도 친절하시고 음식도 맛있어요!!! 알배추&갈비 샐러드 완전추천!!!!,직원분들도 친절하시고 음식도 맛있어요 EXCLAM 알배추 갈비 샐러드 완전추천 EXCLAM,0,0,0,0,1,0,0,43,"친절, 직원"
kakao,을밀대 본점,russell kim,7.0,2025-04-20,,,개인적으로 평냉 원탑입니다. 전방 30미터부터 느껴지는 이 냄새.. 설레이는 웨이팅.. 주말낮에 냉쏘 한잔하고 낮잠한숨때리면 게임 끝..,76,True,5.0,4.4,실버 레벨,개인적으로 평냉 원탑입니다. 전방 30미터부터 느껴지는 이 냄새.. 설레이는 웨이팅.. 주말낮에 냉쏘 한잔하고 낮잠한숨때리면 게임 끝..,개인적으로 평냉 원탑입니다 전방 30미터부터 느껴지는 이 냄새 설레이는 웨이팅 주말낮에 냉쏘 한잔하고 낮잠한숨때리면 게임 끝,0,0,0,0,0,0,1,76,웨이팅
naver,옥동식,이랄라ㅎ,1938.0,2026.01.22,1번째 방문,영수증,정말 정말 깊고 맛있어요 국물리필해서 더먹었네요 포장주문도 했어요 ㅠㅠ 김치만두도 자극적이지않게 너무맛있고요 반하고갑니다,67,True,,,,정말 정말 깊고 맛있어요 국물리필해서 더먹었네요 포장주문도 했어요 ㅠㅠ 김치만두도 자극적이지않게 너무맛있고요 반하고갑니다,정말 정말 깊고 맛있어요 국물리필해서 더먹었네요 포장주문도 했어요 김치만두도 자극적이지않게 너무맛있고요 반하고갑니다,0,0,0,1,0,0,0,67,주문
kakao,능동미나리 성수점,성윤,1.0,2026-03-31,,,미나리가 싱싱합니다 직원들도 너무 친절하네요 나중에 가족들 다 데리고 오겠습니다 좋은음식 감사합니다!!,57,True,5.0,5.0,브론즈 레벨,미나리가 싱싱합니다 직원들도 너무 친절하네요 나중에 가족들 다 데리고 오겠습니다 좋은음식 감사합니다!!,미나리가 싱싱합니다 직원들도 너무 친절하네요 나중에 가족들 다 데리고 오겠습니다 좋은음식 감사합니다 EXCLAM,0,0,0,0,1,0,0,57,"친절, 직원"
naver,락희옥 마포본점,서대표5275,55.0,2025.07.29,1번째 방문,예약,장사가 잘 되어 바쁘다보니 직원들의 서비스가 소홀해서 기분이 상했는데 사장님이 직원보다 더 열심히 잘 응대해주셔서 좋았습니다. 맛은 더 이상 논할 일이 없네요. 민어회 맛나게 먹었습니다. 강추입니다.,111,True,,,,장사가 잘 되어 바쁘다보니 직원들의 서비스가 소홀해서 기분이 상했는데 사장님이 직원보다 더 열심히 잘 응대해주셔서 좋았습니다. 맛은 더 이상 논할 일이 없네요. 민어회 맛나게 먹었습니다. 강추입니다.,장사가 잘 되어 바쁘다보니 직원들의 서비스가 소홀해서 기분이 상했는데 사장님이 직원보다 더 열심히 잘 응대해주셔서 좋았습니다 맛은 더 이상 논할 일이 없네요 민어회 맛나게 먹었습니다 강추입니다,0,0,0,0,0,0,0,111,"서비스, 응대, 직원, 사장님"
naver,홍대 육지,scam,19.0,2026.04.13,1번째 방문,영수증,고기 깔끔하고 맛있었습니다! 구워주셔서 편하게 먹고왔어요~ 가게 내부도 깔끔하고 시끄럽지 않아서 모임장소로 추천드려요,65,True,,,,고기 깔끔하고 맛있었습니다! 구워주셔서 편하게 먹고왔어요~ 가게 내부도 깔끔하고 시끄럽지 않아서 모임장소로 추천드려요,고기 깔끔하고 맛있었습니다 EXCLAM 구워주셔서 편하게 먹고왔어요 가게 내부도 깔끔하고 시끄럽지 않아서 모임장소로 추천드려요,0,0,0,0,1,0,0,65,구워주
kakao,훼미리손칼국수보쌈,솜사탕,17.0,2025-06-22,,,땡땡이 머리띠 하신 분 너무 불친절해서 깜짝 놀랐습니다^^ 저희한테만 그런건 아니라 모두에게 공평하게 불친절하시더라구요ㅎㅎㅎ 칼국수는 후추로 승부하는 맛입니다. 칼국수 잘 못하는 곳이 유독 후추 많이 쓰더라구요? 서울에 정말 국물 진하게 깔끔한 맛으로 잘하는 곳 많은데 굳이 맹탕후추칼국수 먹으러 여기 왜 오나요... 수육과 김치맛은 무난했습니다. 다만 모든 음식에 손가락을 집어넣어서 서빙하시네요. 맛집 이미지로 메이킹을 잘한 곳일 뿐입니다. 위생적이고 친절하고 맛있는 집 널렸어요^^ 다신 안와요.,280,False,1.0,4.1,실버 레벨,땡땡이 머리띠 하신 분 너무 불친절해서 깜짝 놀랐습니다^^ 저희한테만 그런건 아니라 모두에게 공평하게 불친절하시더라구요ㅎㅎㅎ 칼국수는 후추로 승부하는 맛입니다. 칼국수 잘 못하는 곳이 유독 후추 많이 쓰더라구요? 서울에 정말 국물 진하게 깔끔한 맛으로 잘하는 곳 많은데 굳이 맹탕후추칼국수 먹으러 여기 왜 오나요... 수육과 김치맛은 무난했습니다. 다만 모든 음식에 손가락을 집어넣어서 서빙하시네요. 맛집 이미지로 메이킹을 잘한 곳일 뿐입니다. 위생적이고 친절하고 맛있는 집 널렸어요^^ 다신 안와요.,땡땡이 머리띠 하신 분 너무 불친절해서 깜짝 놀랐습니다 저희한테만 그런건 아니라 모두에게 공평하게 불친절하시더라구요 칼국수는 후추로 승부하는 맛입니다 칼국수 잘 못하는 곳이 유독 후추 많이 쓰더라구요 QUESTION 서울에 정말 국물 진하게 깔끔한 맛으로 잘하는 곳 많은데 굳이 맹탕후추칼국수 먹으러 여기 왜 오나요 수육과 김치맛은 무난했습니다 다만 모든 음식에 손가락을 집어넣어서 서빙하시네요 맛집 이미지로 메이킹을 잘한 곳일 뿐입니다 위생적이고 친절하고 맛있는 집 널렸어요 다신 안와요,0,0,0,0,0,1,0,280,"친절, 불친절, 서빙"
naver,락희옥 마포본점,땨히그,633.0,2026.01.10,1번째 방문,영수증,🎈락희옥 마포본점🎈 보쌈 먹으러 방문했어요 웨이팅 없이 들어갔고 주문하니 금방 요리가 나왔어요 보쌈은 부드러웠고 반찬도 맛있었습니다 수저가 묵직? 하다고 해야하나 색다르더라고요,98,True,,,,🎈락희옥 마포본점🎈 보쌈 먹으러 방문했어요 웨이팅 없이 들어갔고 주문하니 금방 요리가 나왔어요 보쌈은 부드러웠고 반찬도 맛있었습니다 수저가 묵직? 하다고 해야하나 색다르더라고요,락희옥 마포본점 보쌈 먹으러 방문했어요 웨이팅 없이 들어갔고 주문하니 금방 요리가 나왔어요 보쌈은 부드러웠고 반찬도 맛있었습니다 수저가 묵직 QUESTION 하다고 해야하나 색다르더라고요,0,0,0,0,0,1,0,98,"주문, 웨이팅"
naver,원조 조박집 본관,yos****,1202.0,2026.02.10,15번째 방문,영수증,너무 맛있어요. 맛집임에도 직원분들 정말 친절합니다.,29,True,,,,너무 맛있어요. 맛집임에도 직원분들 정말 친절합니다.,너무 맛있어요 맛집임에도 직원분들 정말 친절합니다,0,0,0,0,0,0,0,29,"친절, 직원"
naver,훼미리손칼국수보쌈,psc****,20.0,2025.11.30,1번째 방문,영수증,진짜 너무 불친절 끝판왕이심 직원들이 싹 다 싸가지가 너무 없습니다 음식 위생도 엉망입니다 그릇에는 다 고춧가루 묻어있거 음식에 손 넣어서 주고 정말 이랗게 맛 앖고 불친절 한 곳 처음 가봤습니다 재방문 절대 없고요 리뷰보고 가지마세요,131,False,,,,진짜 너무 불친절 끝판왕이심 직원들이 싹 다 싸가지가 너무 없습니다 음식 위생도 엉망입니다 그릇에는 다 고춧가루 묻어있거 음식에 손 넣어서 주고 정말 이랗게 맛 앖고 불친절 한 곳 처음 가봤습니다 재방문 절대 없고요 리뷰보고 가지마세요,진짜 너무 불친절 끝판왕이심 직원들이 싹 다 싸가지가 너무 없습니다 음식 위생도 엉망입니다 그릇에는 다 고춧가루 묻어있거 음식에 손 넣어서 주고 정말 이랗게 맛 앖고 불친절 한 곳 처음 가봤습니다 재방문 절대 없고요 리뷰보고 가지마세요,0,0,0,0,0,0,0,131,"친절, 불친절, 직원"
naver,할머니의 레시피,카르페디엠1145,1235.0,2026.02.21,1번째 방문,영수증,아기의자 있는 곳을 검색했을때 나와서 방문해보았습니다. 메뉴도 깔끔하고 맛나보여서 선택했는데 결론적으로는 너무 만족스러웠어요^^ 날 좋은 토요일 저녁 6시 다되서 방문했는데 웨이팅이 있더라구요. 지하 대기공간에서 메뉴보며 기다릴 수 있어서 웨이팅도 좀 편히 할 수 있었습니다. 순서가 되면 방송으로 불러주세요. 메뉴가 전반적으로 깔끔하고 맛나보여서 고민했는데 많이들 쌈밥정식이랑 떡갈비정식 시키셔서 똑같이 시켰네요ㅋㅋㅋ 기본반찬 5가지가 먼저 나오는데 깔끔하니 좋았어요. 메인메뉴들도 다 맛있었습니다. 제육은 살짝 매워서 매운거 못드시는 분들은 다른 메뉴를 선택하는 것도 방법인 것 같아요. 떡갈비도 적당히 달달하니 맛나요. 부분적으로 아주 조금 질긴 부분이 있긴 했지만 맛있었습니다:) 부모님들이랑 또 오고 싶어요,400,True,,,,아기의자 있는 곳을 검색했을때 나와서 방문해보았습니다. 메뉴도 깔끔하고 맛나보여서 선택했는데 결론적으로는 너무 만족스러웠어요^^ 날 좋은 토요일 저녁 6시 다되서 방문했는데 웨이팅이 있더라구요. 지하 대기공간에서 메뉴보며 기다릴 수 있어서 웨이팅도 좀 편히 할 수 있었습니다. 순서가 되면 방송으로 불러주세요. 메뉴가 전반적으로 깔끔하고 맛나보여서 고민했는데 많이들 쌈밥정식이랑 떡갈비정식 시키셔서 똑같이 시켰네요ㅋㅋㅋ 기본반찬 5가지가 먼저 나오는데 깔끔하니 좋았어요. 메인메뉴들도 다 맛있었습니다. 제육은 살짝 매워서 매운거 못드시는 분들은 다른 메뉴를 선택하는 것도 방법인 것 같아요. 떡갈비도 적당히 달달하니 맛나요. 부분적으로 아주 조금 질긴 부분이 있긴 했지만 맛있었습니다:) 부모님들이랑 또 오고 싶어요,아기의자 있는 곳을 검색했을때 나와서 방문해보았습니다 메뉴도 깔끔하고 맛나보여서 선택했는데 결론적으로는 너무 만족스러웠어요 날 좋은 토요일 저녁 6시 다되서 방문했는데 웨이팅이 있더라구요 지하 대기공간에서 메뉴보며 기다릴 수 있어서 웨이팅도 좀 편히 할 수 있었습니다 순서가 되면 방송으로 불러주세요 메뉴가 전반적으로 깔끔하고 맛나보여서 고민했는데 많이들 쌈밥정식이랑 떡갈비정식 시키셔서 똑같이 시켰네요 기본반찬 5가지가 먼저 나오는데 깔끔하니 좋았어요 메인메뉴들도 다 맛있었습니다 제육은 살짝 매워서 매운거 못드시는 분들은 다른 메뉴를 선택하는 것도 방법인 것 같아요 떡갈비도 적당히 달달하니 맛나요 부분적으로 아주 조금 질긴 부분이 있긴 했지만 맛있었습니다 부모님들이랑 또 오고 싶어요,0,0,0,0,0,0,1,400,"웨이팅, 대기"
kakao,육지,아무말,3.0,2025-07-17,,,고기도 직접 구워주시고 가게 분위기가 좋아요!!👍🏻,28,True,5.0,5.0,브론즈 레벨,고기도 직접 구워주시고 가게 분위기가 좋아요!!👍🏻,고기도 직접 구워주시고 가게 분위기가 좋아요 EXCLAM EMO_POS,1,0,0,0,1,0,0,28,구워주
naver,소문난성수감자탕,신신신신시니신,375.0,2025.11.08,1번째 방문,영수증,성수가면 항상 웨이팅있길래 궁금했었는데 이번에 갔을때 별로없어서 먹을수있었어요 우거지국 시켰는데 큰뼈 3개나오고 양 많았어요 다만 우거지가 국이랑 따로노는느낌..국물도.. 퍽퍽살도 많았어요 사람들이 계속오고 해서 가게안이 정신없어요 한번간걸로 만족해요,140,True,,,,성수가면 항상 웨이팅있길래 궁금했었는데 이번에 갔을때 별로없어서 먹을수있었어요 우거지국 시켰는데 큰뼈 3개나오고 양 많았어요 다만 우거지가 국이랑 따로노는느낌..국물도.. 퍽퍽살도 많았어요 사람들이 계속오고 해서 가게안이 정신없어요 한번간걸로 만족해요,성수가면 항상 웨이팅있길래 궁금했었는데 이번에 갔을때 별로없어서 먹을수있었어요 우거지국 시켰는데 큰뼈 3개나오고 양 많았어요 다만 우거지가 국이랑 따로노는느낌 국물도 퍽퍽살도 많았어요 사람들이 계속오고 해서 가게안이 정신없어요 한번간걸로 만족해요,0,0,0,0,0,0,1,140,웨이팅
kakao,장인닭갈비 홍대점,밍,1.0,2025-08-23,,,"작년 여름 친구 3명이랑 가서 각자 따로 계산할려고 햇거든요 근데 알바가 잘못 계산해놔서 다시가서 돈 받을려 했는데 ""겨우 1000원 때문에 다시 오신거에요??"" 하시면서 ㅋㅋㅋ아니 학생이고 1000원이 얼마나 큰 돈인데 겨우 천원? 그리고 사과한마디도 안하시고 어떻게 하실거냐고, 4명 취소하고 다시 결제해야한다면서 그러고 걍 짜증나서 죄송합니다하고 나왔네요 직원분 사과라도 하셨으면 저희 기분이 안좋진 않았을텐데 알바 인성교육좀 시키세요 왜 우리가 사과를 해야함?ㅋㅋ 꼽주고 싸가지도 없는곳. 가지마세요.",284,False,1.0,1.0,브론즈 레벨,"작년 여름 친구 3명이랑 가서 각자 따로 계산할려고 햇거든요 근데 알바가 잘못 계산해놔서 다시가서 돈 받을려 했는데 ""겨우 1000원 때문에 다시 오신거에요??"" 하시면서 ㅋㅋㅋ아니 학생이고 1000원이 얼마나 큰 돈인데 겨우 천원? 그리고 사과한마디도 안하시고 어떻게 하실거냐고, 4명 취소하고 다시 결제해야한다면서 그러고 걍 짜증나서 죄송합니다하고 나왔네요 직원분 사과라도 하셨으면 저희 기분이 안좋진 않았을텐데 알바 인성교육좀 시키세요 왜 우리가 사과를 해야함?ㅋㅋ 꼽주고 싸가지도 없는곳. 가지마세요.",작년 여름 친구 3명이랑 가서 각자 따로 계산할려고 햇거든요 근데 알바가 잘못 계산해놔서 다시가서 돈 받을려 했는데 겨우 1000원 때문에 다시 오신거에요 QUESTION 하시면서 아니 학생이고 1000원이 얼마나 큰 돈인데 겨우 천원 QUESTION 그리고 사과한마디도 안하시고 어떻게 하실거냐고 4명 취소하고 다시 결제해야한다면서 그러고 걍 짜증나서 죄송합니다하고 나왔네요 직원분 사과라도 하셨으면 저희 기분이 안좋진 않았을텐데 알바 인성교육좀 시키세요 왜 우리가 사과를 해야함 QUESTION 꼽주고 싸가지도 없는곳 가지마세요,0,0,0,0,0,1,1,284,"직원, 알바, 사과"
naver,을밀대 평양냉면,반짝이는 보조개,,2025.07.14,1번째 방문,예약,"녹두전..정말 작음.바삭함의 극치~이나, 탄맛남.비싸고, 탄것 같은 인상에 재주문 안할듯.냉면은 깔끔함~면은 고숩고~육수는 밍밍한듯 안한듯~ 좋았음.살엄음 있는것보다 없는게 확실히 맛있음.덥다고 1개는 살얼음 있는거 먹었는데, 니맛 네맛도 모를맛임.ㅋㅋ",141,True,,,,"녹두전..정말 작음.바삭함의 극치~이나, 탄맛남.비싸고, 탄것 같은 인상에 재주문 안할듯.냉면은 깔끔함~면은 고숩고~육수는 밍밍한듯 안한듯~ 좋았음.살엄음 있는것보다 없는게 확실히 맛있음.덥다고 1개는 살얼음 있는거 먹었는데, 니맛 네맛도 모를맛임.ㅋㅋ",녹두전 정말 작음 바삭함의 극치 이나 탄맛남 비싸고 탄것 같은 인상에 재주문 안할듯 냉면은 깔끔함 면은 고숩고 육수는 밍밍한듯 안한듯 좋았음 살엄음 있는것보다 없는게 확실히 맛있음 덥다고 1개는 살얼음 있는거 먹었는데 니맛 네맛도 모를맛임,0,0,0,0,0,0,1,141,주문
naver,소문난성수감자탕,창호지의전국구탐방,1807.0,2026.03.13,1번째 방문,영수증,성수동에서 감자탕 맛집하면 항상 나오는 곳! 저희는 평일 금요일 저녁 퇴근시간에 방문했는데도 2명이어서 그런지 큰 웨이팅 없이 10분 이내로 들어갔으며 기본적으로 넓은 외관과 감자탕 소 주문했는데 사람들이 많이 오는 맛집이어 그런지 거의 바로 나오더라고요. 회전율은 빠른편! 기본 반찬 김치와 깍두기 겨자 소스가 나오는데 겨자 소스가 고기에 찍어 먹으니 맛났으며 감자탕 소는 둘이 먹기에 괜찮은 양이었어요. 고기도 적당히 붙어 있고 야들야들 담백하니 맛있었으며 국물이 고소하면서 진한 감칠맛이 좋더라고요. 근데 개인적으로 막 찾아가서 먹을 정도는 아니였어요. 평범 한번 방문으로 만족! 지금도 곳곳에 매장이 있지만 저는 조마루감자탕 먹는 기분! 추가로 아쉬운점 소자가 감자 두개들어 있었고 가격에 비해 부실한 볶음밥,400,True,,,,성수동에서 감자탕 맛집하면 항상 나오는 곳! 저희는 평일 금요일 저녁 퇴근시간에 방문했는데도 2명이어서 그런지 큰 웨이팅 없이 10분 이내로 들어갔으며 기본적으로 넓은 외관과 감자탕 소 주문했는데 사람들이 많이 오는 맛집이어 그런지 거의 바로 나오더라고요. 회전율은 빠른편! 기본 반찬 김치와 깍두기 겨자 소스가 나오는데 겨자 소스가 고기에 찍어 먹으니 맛났으며 감자탕 소는 둘이 먹기에 괜찮은 양이었어요. 고기도 적당히 붙어 있고 야들야들 담백하니 맛있었으며 국물이 고소하면서 진한 감칠맛이 좋더라고요. 근데 개인적으로 막 찾아가서 먹을 정도는 아니였어요. 평범 한번 방문으로 만족! 지금도 곳곳에 매장이 있지만 저는 조마루감자탕 먹는 기분! 추가로 아쉬운점 소자가 감자 두개들어 있었고 가격에 비해 부실한 볶음밥,성수동에서 감자탕 맛집하면 항상 나오는 곳 EXCLAM 저희는 평일 금요일 저녁 퇴근시간에 방문했는데도 2명이어서 그런지 큰 웨이팅 없이 10분 이내로 들어갔으며 기본적으로 넓은 외관과 감자탕 소 주문했는데 사람들이 많이 오는 맛집이어 그런지 거의 바로 나오더라고요 회전율은 빠른편 EXCLAM 기본 반찬 김치와 깍두기 겨자 소스가 나오는데 겨자 소스가 고기에 찍어 먹으니 맛났으며 감자탕 소는 둘이 먹기에 괜찮은 양이었어요 고기도 적당히 붙어 있고 야들야들 담백하니 맛있었으며 국물이 고소하면서 진한 감칠맛이 좋더라고요 근데 개인적으로 막 찾아가서 먹을 정도는 아니였어요 평범 한번 방문으로 만족 EXCLAM 지금도 곳곳에 매장이 있지만 저는 조마루감자탕 먹는 기분 EXCLAM 추가로 아쉬운점 소자가 감자 두개들어 있었고 가격에 비해 부실한 볶음밥,0,0,0,0,1,0,1,400,"주문, 웨이팅"
kakao,소문난성수감자탕,배고프다,8.0,2025-02-22,,,이걸 기다려서 먹을 정도는 진짜 아닌 듯.. 웨이팅 없어도 실망스러운 맛 볶음밥은 맛없었고 감자탕도 뭐 평범해요 다시는 안 갈 것 같아요,76,False,2.0,2.9,브론즈 레벨,이걸 기다려서 먹을 정도는 진짜 아닌 듯.. 웨이팅 없어도 실망스러운 맛 볶음밥은 맛없었고 감자탕도 뭐 평범해요 다시는 안 갈 것 같아요,이걸 기다려서 먹을 정도는 진짜 아닌 듯 웨이팅 없어도 실망스러운 맛 볶음밥은 맛없었고 감자탕도 뭐 평범해요 다시는 안 갈 것 같아요,0,0,0,0,0,0,0,76,웨이팅
naver,옥동식,우리의우주,2660.0,2025.02.04,2번째 방문,예약,"추운 날씨에 뜨끈한 국밥이 간절했던 날, 합정 옥동식에 방문했다. 워낙 유명한 곳이라 캐치테이블로 미리 예약을 걸어두었는데, 예상대로 한 시간 정도 기다려야 했다. 하지만 날씨도 쌀쌀하고, 한 시간쯤 기다리는 건 이 국밥 한 그릇을 위해 충분히 감수할 가치가 있었다. 늦은 저녁 시간에 방문했음에도 불구하고 입구 밖에는 많은 사람들이 대기하고 있었다. 혼밥하기 좋은 다찌 스타일의 좌석이라 부담 없이 자리에 앉을 수 있었고, 혼자 오는 손님들도 많아 편안한 분위기였다. 주문한 돼지곰탕은 한 마디로 깔끔하고 깊은 맛! 국물이 맑으면서도 잡내 없이 진한 풍미가 느껴졌고, 고기는 부드럽게 잘 익어 씹을 필요 없이 사르르 녹아내렸다. 밥은 살짝 꼬들꼬들한 식감이라 국물에 적셔 먹기 좋다. 또 먹고 싶다😀",392,True,,,,"추운 날씨에 뜨끈한 국밥이 간절했던 날, 합정 옥동식에 방문했다. 워낙 유명한 곳이라 캐치테이블로 미리 예약을 걸어두었는데, 예상대로 한 시간 정도 기다려야 했다. 하지만 날씨도 쌀쌀하고, 한 시간쯤 기다리는 건 이 국밥 한 그릇을 위해 충분히 감수할 가치가 있었다. 늦은 저녁 시간에 방문했음에도 불구하고 입구 밖에는 많은 사람들이 대기하고 있었다. 혼밥하기 좋은 다찌 스타일의 좌석이라 부담 없이 자리에 앉을 수 있었고, 혼자 오는 손님들도 많아 편안한 분위기였다. 주문한 돼지곰탕은 한 마디로 깔끔하고 깊은 맛! 국물이 맑으면서도 잡내 없이 진한 풍미가 느껴졌고, 고기는 부드럽게 잘 익어 씹을 필요 없이 사르르 녹아내렸다. 밥은 살짝 꼬들꼬들한 식감이라 국물에 적셔 먹기 좋다. 또 먹고 싶다😀",추운 날씨에 뜨끈한 국밥이 간절했던 날 합정 옥동식에 방문했다 워낙 유명한 곳이라 캐치테이블로 미리 예약을 걸어두었는데 예상대로 한 시간 정도 기다려야 했다 하지만 날씨도 쌀쌀하고 한 시간쯤 기다리는 건 이 국밥 한 그릇을 위해 충분히 감수할 가치가 있었다 늦은 저녁 시간에 방문했음에도 불구하고 입구 밖에는 많은 사람들이 대기하고 있었다 혼밥하기 좋은 다찌 스타일의 좌석이라 부담 없이 자리에 앉을 수 있었고 혼자 오는 손님들도 많아 편안한 분위기였다 주문한 돼지곰탕은 한 마디로 깔끔하고 깊은 맛 EXCLAM 국물이 맑으면서도 잡내 없이 진한 풍미가 느껴졌고 고기는 부드럽게 잘 익어 씹을 필요 없이 사르르 녹아내렸다 밥은 살짝 꼬들꼬들한 식감이라 국물에 적셔 먹기 좋다 또 먹고 싶다 EMO_POS,1,0,0,0,1,0,0,392,"주문, 대기, 예약"
naver,훼미리손칼국수보쌈,뜬구름10,6.0,2026.04.21,1번째 방문,예약,평소에 회사 가까워서 자주 가는 맛집입니당. 점심때 줄을 너무 서야해서 일부러 날잡아서 엄청 빨리 가는데.. 이날은 고기가 너무 퍽퍽했어요 ㅠㅠ 전날꺼 데워주신 건가 싶을 정도로.. ㅠㅠ 맛 관리를 좀 더 신경써주시면 좋겠어요! 리뷰 진짜 안 쓰는데 애정해서 남깁니다.,150,False,,,,평소에 회사 가까워서 자주 가는 맛집입니당. 점심때 줄을 너무 서야해서 일부러 날잡아서 엄청 빨리 가는데.. 이날은 고기가 너무 퍽퍽했어요 ㅠㅠ 전날꺼 데워주신 건가 싶을 정도로.. ㅠㅠ 맛 관리를 좀 더 신경써주시면 좋겠어요! 리뷰 진짜 안 쓰는데 애정해서 남깁니다.,평소에 회사 가까워서 자주 가는 맛집입니당 점심때 줄을 너무 서야해서 일부러 날잡아서 엄청 빨리 가는데 이날은 고기가 너무 퍽퍽했어요 전날꺼 데워주신 건가 싶을 정도로 맛 관리를 좀 더 신경써주시면 좋겠어요 EXCLAM 리뷰 진짜 안 쓰는데 애정해서 남깁니다,0,0,0,1,1,0,0,150,빨리
naver,조선시대,혜연519,27.0,2025.12.06,1번째 방문,영수증,5명이 예약없이 왔는데 바로 입장할 수 있어서 좋았어요!! 개인적으로 전이 너무 맛있어요 완젼 강추🔥🔥🔥 분위기도 좋아서 맛있는 안주에 한 잔 하러 오실 분들 추천합니다~,95,True,,,,5명이 예약없이 왔는데 바로 입장할 수 있어서 좋았어요!! 개인적으로 전이 너무 맛있어요 완젼 강추🔥🔥🔥 분위기도 좋아서 맛있는 안주에 한 잔 하러 오실 분들 추천합니다~,5명이 예약없이 왔는데 바로 입장할 수 있어서 좋았어요 EXCLAM 개인적으로 전이 너무 맛있어요 완젼 강추 EMO_POS EMO_POS EMO_POS 분위기도 좋아서 맛있는 안주에 한 잔 하러 오실 분들 추천합니다,1,0,0,0,1,0,1,95,예약
naver,육산장 홍대본점,채혀닝,52.0,2026.02.18,1번째 방문,영수증,"사장님… 여기 왜 이제 알았죠? 🥩🔥 고기 퀄리티 미쳤습니다. 육즙이 입안에서 폭발하고 잡내 1도 없이 담백한데 풍미는 또 진해요. 직원분들 응대도 빠르고 친절해서 먹는 내내 기분 좋았습니당 밑반찬 하나하나 정성 가득이고 특히 소스 조합이 신의 한 수… 고기 추가 안 할 수가 없었습니다. 매장도 깔끔해서 회식, 데이트, 가족모임 다 가능할 듯! 다음에 또 올 게용 번창하세요 🙌",212,True,,,,"사장님… 여기 왜 이제 알았죠? 🥩🔥 고기 퀄리티 미쳤습니다. 육즙이 입안에서 폭발하고 잡내 1도 없이 담백한데 풍미는 또 진해요. 직원분들 응대도 빠르고 친절해서 먹는 내내 기분 좋았습니당 밑반찬 하나하나 정성 가득이고 특히 소스 조합이 신의 한 수… 고기 추가 안 할 수가 없었습니다. 매장도 깔끔해서 회식, 데이트, 가족모임 다 가능할 듯! 다음에 또 올 게용 번창하세요 🙌",사장님 여기 왜 이제 알았죠 QUESTION EMO_POS 고기 퀄리티 미쳤습니다 육즙이 입안에서 폭발하고 잡내 1도 없이 담백한데 풍미는 또 진해요 직원분들 응대도 빠르고 친절해서 먹는 내내 기분 좋았습니당 밑반찬 하나하나 정성 가득이고 특히 소스 조합이 신의 한 수 고기 추가 안 할 수가 없었습니다 매장도 깔끔해서 회식 데이트 가족모임 다 가능할 듯 EXCLAM 다음에 또 올 게용 번창하세요 EMO_POS,1,0,0,0,1,1,1,212,"친절, 응대, 직원, 사장님"
naver,할머니의 레시피,rkg****,21.0,2025.05.31,1번째 방문,예약,주말 12시 방문해서 한시간 기다려서 들어갔습니다 먹다보니 불고기에서 철수세미가 나오더라고요 사과받고 음식 다시 주신다해서 받았습니다 다시 받은 불고기는 자잘한 짜투리 불고기더라고요 자투리를 주시고 풀린기분 더 기분상해서 다시 여쭤보지도 않았어요 처음 받았던 불고기와 다른 덩어리었어요 음식은 정갈하니 맛있네요 다시 방문하지는 않을것 같네요 친구에게 기분 좋게 음식 사려다가 미안한 마음만 샀네요,221,False,,,,주말 12시 방문해서 한시간 기다려서 들어갔습니다 먹다보니 불고기에서 철수세미가 나오더라고요 사과받고 음식 다시 주신다해서 받았습니다 다시 받은 불고기는 자잘한 짜투리 불고기더라고요 자투리를 주시고 풀린기분 더 기분상해서 다시 여쭤보지도 않았어요 처음 받았던 불고기와 다른 덩어리었어요 음식은 정갈하니 맛있네요 다시 방문하지는 않을것 같네요 친구에게 기분 좋게 음식 사려다가 미안한 마음만 샀네요,주말 12시 방문해서 한시간 기다려서 들어갔습니다 먹다보니 불고기에서 철수세미가 나오더라고요 사과받고 음식 다시 주신다해서 받았습니다 다시 받은 불고기는 자잘한 짜투리 불고기더라고요 자투리를 주시고 풀린기분 더 기분상해서 다시 여쭤보지도 않았어요 처음 받았던 불고기와 다른 덩어리었어요 음식은 정갈하니 맛있네요 다시 방문하지는 않을것 같네요 친구에게 기분 좋게 음식 사려다가 미안한 마음만 샀네요,0,0,0,0,0,0,1,221,사과
kakao,쭌곱창,i_cas_k,1.0,2025-04-09,,,"인디밴드를 좋아하는 사람은 가끔 본인이 좋아하는 밴드가 유명해지지 않길 바라는 감정이 들때가 있다. 나에게 이 가게가 그런 존재다. 곱창 특유의 비린내는 전혀 없고, 입 안에 가득차게 되는 불맛, 그리고 약간의 매운 맛이 감칠맛으로 매우 조화롭다. 2017년 어느날 처음 먹어본 맛에 반해 평일 10일 동안 8일을 술 없이 식사만 하는 기염을 토하며 어느순간 단골이 되었다. 식탁 위에 올려져있던 팻말형 메뉴부터 천장의 커튼식 메뉴판, 지금의 메뉴판까지 다양한 변화가 있었던 이 가게에서 유일하게 변하지 않았던 것은 그 맛과 항상 웃으며 반겨주시면서도 부엌으로 달려가시던 사장님의 마음이다. 학교를 졸업하고 이제서야 리뷰를 다는 까닭은 가끔 살면서 다시한번 먹고싶을때 항상 이 자리에 가게가 남아 웃으며 B세트를 시키고 싶은 욕심이 아닐까.",414,True,5.0,5.0,브론즈 레벨,"인디밴드를 좋아하는 사람은 가끔 본인이 좋아하는 밴드가 유명해지지 않길 바라는 감정이 들때가 있다. 나에게 이 가게가 그런 존재다. 곱창 특유의 비린내는 전혀 없고, 입 안에 가득차게 되는 불맛, 그리고 약간의 매운 맛이 감칠맛으로 매우 조화롭다. 2017년 어느날 처음 먹어본 맛에 반해 평일 10일 동안 8일을 술 없이 식사만 하는 기염을 토하며 어느순간 단골이 되었다. 식탁 위에 올려져있던 팻말형 메뉴부터 천장의 커튼식 메뉴판, 지금의 메뉴판까지 다양한 변화가 있었던 이 가게에서 유일하게 변하지 않았던 것은 그 맛과 항상 웃으며 반겨주시면서도 부엌으로 달려가시던 사장님의 마음이다. 학교를 졸업하고 이제서야 리뷰를 다는 까닭은 가끔 살면서 다시한번 먹고싶을때 항상 이 자리에 가게가 남아 웃으며 B세트를 시키고 싶은 욕심이 아닐까.",인디밴드를 좋아하는 사람은 가끔 본인이 좋아하는 밴드가 유명해지지 않길 바라는 감정이 들때가 있다 나에게 이 가게가 그런 존재다 곱창 특유의 비린내는 전혀 없고 입 안에 가득차게 되는 불맛 그리고 약간의 매운 맛이 감칠맛으로 매우 조화롭다 2017년 어느날 처음 먹어본 맛에 반해 평일 10일 동안 8일을 술 없이 식사만 하는 기염을 토하며 어느순간 단골이 되었다 식탁 위에 올려져있던 팻말형 메뉴부터 천장의 커튼식 메뉴판 지금의 메뉴판까지 다양한 변화가 있었던 이 가게에서 유일하게 변하지 않았던 것은 그 맛과 항상 웃으며 반겨주시면서도 부엌으로 달려가시던 사장님의 마음이다 학교를 졸업하고 이제서야 리뷰를 다는 까닭은 가끔 살면서 다시한번 먹고싶을때 항상 이 자리에 가게가 남아 웃으며 B세트를 시키고 싶은 욕심이 아닐까,0,0,0,0,0,0,1,414,사장님
kakao,마포양지설렁탕 도화점,아예,1.0,2025-02-08,,,"이디야 1층 매장 바로 앞에 주차장이 있길래 주차했습니다. 30-40분가량 지난 시점에 갑자기 차번호를 부르길래 나갔더니 설렁탕 집에서 이디야 주차장이 아니라고 하더군요. 이디야 주차장처럼 생겨서 착각했고, 꽤 시간이 지났음에도 별 다른 연락이 없어 잘못 주차했다는 생각조차 못 했습니다. 착각이었다 해도 주차를 잘못한 건 제 잘못이 맞습니다. 그로 인해 사장님들이 화가 난다는 것도 백번 이해하고요. 그런데 다짜고짜 저에게 생각이 있냐, 영업방해를 해도 유분수가 있지 남의 사업장 망칠 일 있냐는 둥 혼잣말 섞인 욕들을 포함해 직원 여러명이 고성을 지르며 짧은 시간 내에 별소릴 다 하더군요. 죄송해서라도 설렁탕 먹으려했던 생각이 사라질 정도로요. 참고로 메뉴판보니 설렁탕 한 그릇이 14,000원인데 주차비 18,000원을 내라고 했습니다. 사실 뭐 주차비야 부르는게 값이고 이디야 공간이 아니니 주차비 받겠다고 했으면 잘못한 값이라 생각하고 비용이 얼마가 됐든 기분이 별로 안 상했을 겁니다. 그런데 중요한 건요. 결국에 주차비 받을거였으면 저한테 생각이 있냐는 식의 모욕적 발언하면 안 됐죠? 이거 고소 성립되는거 알고 한 소린가요? 그거 누굽니까? 저도 식사하려 했던 고객인데 너 한명쯤 안와도 된다는 식의 손님응대~ 역시 장사 잘되는 집이라 다르네요~",650,False,1.0,1.0,브론즈 레벨,"이디야 1층 매장 바로 앞에 주차장이 있길래 주차했습니다. 30-40분가량 지난 시점에 갑자기 차번호를 부르길래 나갔더니 설렁탕 집에서 이디야 주차장이 아니라고 하더군요. 이디야 주차장처럼 생겨서 착각했고, 꽤 시간이 지났음에도 별 다른 연락이 없어 잘못 주차했다는 생각조차 못 했습니다. 착각이었다 해도 주차를 잘못한 건 제 잘못이 맞습니다. 그로 인해 사장님들이 화가 난다는 것도 백번 이해하고요. 그런데 다짜고짜 저에게 생각이 있냐, 영업방해를 해도 유분수가 있지 남의 사업장 망칠 일 있냐는 둥 혼잣말 섞인 욕들을 포함해 직원 여러명이 고성을 지르며 짧은 시간 내에 별소릴 다 하더군요. 죄송해서라도 설렁탕 먹으려했던 생각이 사라질 정도로요. 참고로 메뉴판보니 설렁탕 한 그릇이 14,000원인데 주차비 18,000원을 내라고 했습니다. 사실 뭐 주차비야 부르는게 값이고 이디야 공간이 아니니 주차비 받겠다고 했으면 잘못한 값이라 생각하고 비용이 얼마가 됐든 기분이 별로 안 상했을 겁니다. 그런데 중요한 건요. 결국에 주차비 받을거였으면 저한테 생각이 있냐는 식의 모욕적 발언하면 안 됐죠? 이거 고소 성립되는거 알고 한 소린가요? 그거 누굽니까? 저도 식사하려 했던 고객인데 너 한명쯤 안와도 된다는 식의 손님응대~ 역시 장사 잘되는 집이라 다르네요~",이디야 1층 매장 바로 앞에 주차장이 있길래 주차했습니다 30 40분가량 지난 시점에 갑자기 차번호를 부르길래 나갔더니 설렁탕 집에서 이디야 주차장이 아니라고 하더군요 이디야 주차장처럼 생겨서 착각했고 꽤 시간이 지났음에도 별 다른 연락이 없어 잘못 주차했다는 생각조차 못 했습니다 착각이었다 해도 주차를 잘못한 건 제 잘못이 맞습니다 그로 인해 사장님들이 화가 난다는 것도 백번 이해하고요 그런데 다짜고짜 저에게 생각이 있냐 영업방해를 해도 유분수가 있지 남의 사업장 망칠 일 있냐는 둥 혼잣말 섞인 욕들을 포함해 직원 여러명이 고성을 지르며 짧은 시간 내에 별소릴 다 하더군요 죄송해서라도 설렁탕 먹으려했던 생각이 사라질 정도로요 참고로 메뉴판보니 설렁탕 한 그릇이 14 000원인데 주차비 18 000원을 내라고 했습니다 사실 뭐 주차비야 부르는게 값이고 이디야 공간이 아니니 주차비 받겠다고 했으면 잘못한 값이라 생각하고 비용이 얼마가 됐든 기분이 별로 안 상했을 겁니다 그런데 중요한 건요 결국에 주차비 받을거였으면 저한테 생각이 있냐는 식의 모욕적 발언하면 안 됐죠 QUESTION 이거 고소 성립되는거 알고 한 소린가요 QUESTION 그거 누굽니까 QUESTION 저도 식사하려 했던 고객인데 너 한명쯤 안와도 된다는 식의 손님응대 역시 장사 잘되는 집이라 다르네요,0,0,0,0,0,1,1,650,"응대, 직원, 사장님"
naver,원조 조박집 본관,비아22,20.0,2026.01.19,1번째 방문,영수증,이 집 진~짜 친절해요 저희 잘 먹는다고 추가로 된장도 주시고 마지막에는 식혜도 주셨어요. 돼지갈비도 너무 맛있고 가성비 좋아요. 다시 올 의향 있습니다!,86,True,,,,이 집 진~짜 친절해요 저희 잘 먹는다고 추가로 된장도 주시고 마지막에는 식혜도 주셨어요. 돼지갈비도 너무 맛있고 가성비 좋아요. 다시 올 의향 있습니다!,이 집 진 짜 친절해요 저희 잘 먹는다고 추가로 된장도 주시고 마지막에는 식혜도 주셨어요 돼지갈비도 너무 맛있고 가성비 좋아요 다시 올 의향 있습니다 EXCLAM,0,0,0,0,1,0,0,86,친절
naver,쭌곱창,할랑방구리,83.0,2026.04.22,1번째 방문,영수증,특별한 메뉴고 사장님이 진짜 친절해요 강추,23,True,,,,특별한 메뉴고 사장님이 진짜 친절해요 강추,특별한 메뉴고 사장님이 진짜 친절해요 강추,0,0,0,0,0,0,0,23,"친절, 사장님"
naver,소문난성수감자탕,옹혜,876.0,2025.10.18,3번째 방문,영수증,사람 많을 때는 포장이 답인 소문난성수감자탕 😚 매장에서도 먹어봤지만 포장해서 먹는 게 좋더라고요! 양도 많고 웨이팅 안 해도 되니까 굿 👍🏻 수제비까지 넣어서 먹으면 더 맛있으니 수제비 꼭 같이 드세요! 맛있고 자극적인 감자탕입니당 굿굿 😚💗,136,True,,,,사람 많을 때는 포장이 답인 소문난성수감자탕 😚 매장에서도 먹어봤지만 포장해서 먹는 게 좋더라고요! 양도 많고 웨이팅 안 해도 되니까 굿 👍🏻 수제비까지 넣어서 먹으면 더 맛있으니 수제비 꼭 같이 드세요! 맛있고 자극적인 감자탕입니당 굿굿 😚💗,사람 많을 때는 포장이 답인 소문난성수감자탕 매장에서도 먹어봤지만 포장해서 먹는 게 좋더라고요 EXCLAM 양도 많고 웨이팅 안 해도 되니까 굿 EMO_POS 수제비까지 넣어서 먹으면 더 맛있으니 수제비 꼭 같이 드세요 EXCLAM 맛있고 자극적인 감자탕입니당 굿굿 EMO_POS,1,0,0,0,1,0,0,136,웨이팅
naver,훼미리손칼국수보쌈,쵸코상자,1933.0,2025.02.08,1번째 방문,영수증,"짝꿍이랑 성수동 나갔다가 늦은점심 먹으러 들름. 다행이 웨이팅이 없어서 바로 앉았는데 뒷팀부터 웨이팅줄이 생김. 정식먹었는데 배추쌈도 싱싱하고 보쌈김치랑 보쌈고기도 맛있었음. 기본상에 깔리는 김치는 칼국수랑 먹기에 딱이었음. 칼국수는 옅은 사골국물 베이스었는데 밥과도 잘 어울리는 국물이라 국수랑 밥, 모두 맛나게 먹었음. 친절한 이모님 덕분에 더 기분좋은 식사였음. 짝꿍이 또 오자고 함.",218,True,,,,"짝꿍이랑 성수동 나갔다가 늦은점심 먹으러 들름. 다행이 웨이팅이 없어서 바로 앉았는데 뒷팀부터 웨이팅줄이 생김. 정식먹었는데 배추쌈도 싱싱하고 보쌈김치랑 보쌈고기도 맛있었음. 기본상에 깔리는 김치는 칼국수랑 먹기에 딱이었음. 칼국수는 옅은 사골국물 베이스었는데 밥과도 잘 어울리는 국물이라 국수랑 밥, 모두 맛나게 먹었음. 친절한 이모님 덕분에 더 기분좋은 식사였음. 짝꿍이 또 오자고 함.",짝꿍이랑 성수동 나갔다가 늦은점심 먹으러 들름 다행이 웨이팅이 없어서 바로 앉았는데 뒷팀부터 웨이팅줄이 생김 정식먹었는데 배추쌈도 싱싱하고 보쌈김치랑 보쌈고기도 맛있었음 기본상에 깔리는 김치는 칼국수랑 먹기에 딱이었음 칼국수는 옅은 사골국물 베이스었는데 밥과도 잘 어울리는 국물이라 국수랑 밥 모두 맛나게 먹었음 친절한 이모님 덕분에 더 기분좋은 식사였음 짝꿍이 또 오자고 함,0,0,0,0,0,0,0,218,"친절, 웨이팅"
naver,홍대 육지,dbw****,2.0,2026.04.12,1번째 방문,영수증,"여기 고기 먹고 나서 다른 곳 가면 입이 까다로워질 수 있습니다 주의하세요ㅋㅋ 고기 굽는 냄새부터 이미 게임 끝이고, 한입 먹자마자 감탄사 자동 발사됨. 특히 볶음밥은 진짜 배가 불러도 별도 위장 열어서 먹어야 합니다. 계란후라이 톡 터뜨려서 먹는 순간 행복이 이런 거구나 싶었어요. 심지어 직원분들이 다 얼굴맛집.. 술이 술술 들어가서 지갑은 울고 입은 웃는 곳입니다.",207,True,,,,"여기 고기 먹고 나서 다른 곳 가면 입이 까다로워질 수 있습니다 주의하세요ㅋㅋ 고기 굽는 냄새부터 이미 게임 끝이고, 한입 먹자마자 감탄사 자동 발사됨. 특히 볶음밥은 진짜 배가 불러도 별도 위장 열어서 먹어야 합니다. 계란후라이 톡 터뜨려서 먹는 순간 행복이 이런 거구나 싶었어요. 심지어 직원분들이 다 얼굴맛집.. 술이 술술 들어가서 지갑은 울고 입은 웃는 곳입니다.",여기 고기 먹고 나서 다른 곳 가면 입이 까다로워질 수 있습니다 주의하세요 고기 굽는 냄새부터 이미 게임 끝이고 한입 먹자마자 감탄사 자동 발사됨 특히 볶음밥은 진짜 배가 불러도 별도 위장 열어서 먹어야 합니다 계란후라이 톡 터뜨려서 먹는 순간 행복이 이런 거구나 싶었어요 심지어 직원분들이 다 얼굴맛집 술이 술술 들어가서 지갑은 울고 입은 웃는 곳입니다,0,0,0,0,0,0,0,207,직원
kakao,육산장 홍대본점,이도은,4.0,2025-05-30,,,전맛탱입니다 분위기 개좋고 직원분들도 친절해용!!,27,True,5.0,5.0,브론즈 레벨,전맛탱입니다 분위기 개좋고 직원분들도 친절해용!!,전맛탱입니다 분위기 개좋고 직원분들도 친절해용 EXCLAM,0,0,0,0,1,0,0,27,"친절, 직원"
naver,할머니의 레시피,여느니쓰,530.0,2025.09.03,1번째 방문,영수증,"저장해놓고 가야지 하다가 첫 방문인데요 진짜 맛있었고 친절하시고, 사실 외국인들 많은 식당은 별루인데 오히려 다른곳들보다 더 맛있었네요. 쌈밥하고 생선구이 먹었는데 다른거 먹으러 또 방문할 예정입니다 🤍",113,True,,,,"저장해놓고 가야지 하다가 첫 방문인데요 진짜 맛있었고 친절하시고, 사실 외국인들 많은 식당은 별루인데 오히려 다른곳들보다 더 맛있었네요. 쌈밥하고 생선구이 먹었는데 다른거 먹으러 또 방문할 예정입니다 🤍",저장해놓고 가야지 하다가 첫 방문인데요 진짜 맛있었고 친절하시고 사실 외국인들 많은 식당은 별루인데 오히려 다른곳들보다 더 맛있었네요 쌈밥하고 생선구이 먹었는데 다른거 먹으러 또 방문할 예정입니다 EMO_POS,1,0,0,0,0,0,0,113,친절
naver,훼미리손칼국수보쌈,궁금해ㅋ47,23.0,2025.11.09,1번째 방문,영수증,맛이 평범 이하에요. 더 별로였던 점은 직원들이 너무 불친절해요 특히 녹색티 입었던 한국 아주머니는 손님이 물어보면 온갖 짜증을 내서 매우 불쾌했어요. 절대 재방문의사 없어요.,98,False,,,,맛이 평범 이하에요. 더 별로였던 점은 직원들이 너무 불친절해요 특히 녹색티 입었던 한국 아주머니는 손님이 물어보면 온갖 짜증을 내서 매우 불쾌했어요. 절대 재방문의사 없어요.,맛이 평범 이하에요 더 별로였던 점은 직원들이 너무 불친절해요 특히 녹색티 입었던 한국 아주머니는 손님이 물어보면 온갖 짜증을 내서 매우 불쾌했어요 절대 재방문의사 없어요,0,0,0,0,0,0,0,98,"친절, 불친절, 직원"
kakao,금금,꾸익,3.0,2025-07-21,,,불친절하고 눈치보면서 먹어야하는 곳. 특히 팔에 문신있는 홀보는 직원은 외식업 하면 안됨,49,False,1.0,3.7,브론즈 레벨,불친절하고 눈치보면서 먹어야하는 곳. 특히 팔에 문신있는 홀보는 직원은 외식업 하면 안됨,불친절하고 눈치보면서 먹어야하는 곳 특히 팔에 문신있는 홀보는 직원은 외식업 하면 안됨,0,0,0,0,0,0,0,49,"친절, 불친절, 직원"
naver,각시보쌈,Yulmaeng,161.0,2025.07.09,1번째 방문,영수증,"평일 저녁 퇴근 직후 방문했는데도 사람들이 많았다. 상차림과 메인음식이 굉장히 빠르게 나오나 회식 및 저녁 술 손님이 많으셔 회전율은 다소 빠르지 않다. 및반찬도 정갈하게 잘 나오며, 보쌈 정식메뉴에 김치찌개가 함께나와 추가 주문없이 식사할 수 있어 좋았다. 수육은 고기잡내 하나 없이 굉장히 부드럽고, 간도 적당하니 맛있었다. 너무 푹 익어 흐물거리는 식감이 아니라 씹는맛도 즐길수 있었다.",219,True,,,,"평일 저녁 퇴근 직후 방문했는데도 사람들이 많았다. 상차림과 메인음식이 굉장히 빠르게 나오나 회식 및 저녁 술 손님이 많으셔 회전율은 다소 빠르지 않다. 및반찬도 정갈하게 잘 나오며, 보쌈 정식메뉴에 김치찌개가 함께나와 추가 주문없이 식사할 수 있어 좋았다. 수육은 고기잡내 하나 없이 굉장히 부드럽고, 간도 적당하니 맛있었다. 너무 푹 익어 흐물거리는 식감이 아니라 씹는맛도 즐길수 있었다.",평일 저녁 퇴근 직후 방문했는데도 사람들이 많았다 상차림과 메인음식이 굉장히 빠르게 나오나 회식 및 저녁 술 손님이 많으셔 회전율은 다소 빠르지 않다 및반찬도 정갈하게 잘 나오며 보쌈 정식메뉴에 김치찌개가 함께나와 추가 주문없이 식사할 수 있어 좋았다 수육은 고기잡내 하나 없이 굉장히 부드럽고 간도 적당하니 맛있었다 너무 푹 익어 흐물거리는 식감이 아니라 씹는맛도 즐길수 있었다,0,0,0,0,0,0,0,219,주문
naver,훼미리손칼국수보쌈,monsel,2142.0,2025.05.08,1번째 방문,영수증,친절하시고 음식도 맛있었어요,15,True,,,,친절하시고 음식도 맛있었어요,친절하시고 음식도 맛있었어요,0,0,0,0,0,0,0,15,친절
naver,훼미리손칼국수보쌈,루꼴롸,2133.0,2025.08.17,1번째 방문,예약,일요일 저녁때라 그런지 운좋게 웨이팅 없이 들어갔어요 여기는 고기도 맛있지만 겉절이 김치가 킥이네요 김치만 먹어도 맛있어서 고기가 오히려 남게 되는ㅎㅎ 맛보기 칼국수는 사골베이스라 다대기 안 넣어도 맛있었어요 기회되면 다시 가보고 싶네요!,133,True,,,,일요일 저녁때라 그런지 운좋게 웨이팅 없이 들어갔어요 여기는 고기도 맛있지만 겉절이 김치가 킥이네요 김치만 먹어도 맛있어서 고기가 오히려 남게 되는ㅎㅎ 맛보기 칼국수는 사골베이스라 다대기 안 넣어도 맛있었어요 기회되면 다시 가보고 싶네요!,일요일 저녁때라 그런지 운좋게 웨이팅 없이 들어갔어요 여기는 고기도 맛있지만 겉절이 김치가 킥이네요 김치만 먹어도 맛있어서 고기가 오히려 남게 되는 맛보기 칼국수는 사골베이스라 다대기 안 넣어도 맛있었어요 기회되면 다시 가보고 싶네요 EXCLAM,0,0,0,0,1,0,0,133,"웨이팅, 대기"
naver,능동미나리 성수지점,Art145,125.0,2026.01.06,4번째 방문,영수증,미나리 신선하고 너무 맛있어요 지나가다 대기줄 없어서 바로 들어갔어요 4번째 방문으로 인기있는 곳은 역시 이유가 있습니다 홀 가운데 자리라 조금 시끄러웠어요 안쪽 자리 앉는걸 추천합니다,103,True,,,,미나리 신선하고 너무 맛있어요 지나가다 대기줄 없어서 바로 들어갔어요 4번째 방문으로 인기있는 곳은 역시 이유가 있습니다 홀 가운데 자리라 조금 시끄러웠어요 안쪽 자리 앉는걸 추천합니다,미나리 신선하고 너무 맛있어요 지나가다 대기줄 없어서 바로 들어갔어요 4번째 방문으로 인기있는 곳은 역시 이유가 있습니다 홀 가운데 자리라 조금 시끄러웠어요 안쪽 자리 앉는걸 추천합니다,0,0,0,0,0,0,1,103,대기
naver,장인닭갈비 홍대점,yeo****,3.0,2026.04.11,1번째 방문,영수증,홍대 올때마다 맛있어서 항상 와서 먹어요! 조금 대기가 있긴 하지만 사람들이 빨리빨리 빠져서 금방 들어갑니다. 직원분들도 다 친절하십니다,76,True,,,,홍대 올때마다 맛있어서 항상 와서 먹어요! 조금 대기가 있긴 하지만 사람들이 빨리빨리 빠져서 금방 들어갑니다. 직원분들도 다 친절하십니다,홍대 올때마다 맛있어서 항상 와서 먹어요 EXCLAM 조금 대기가 있긴 하지만 사람들이 빨리빨리 빠져서 금방 들어갑니다 직원분들도 다 친절하십니다,0,0,0,0,1,0,0,76,"친절, 직원, 대기, 빨리"
naver,옥동식,연남웨일즈,2420.0,2025.11.06,2번째 방문,영수증,고기 냄새가 많이 나서 저는 별로였습니다. 애성회관이나 온수반이 더 좋아요. 외국인 손님이 많은 편입니다. 직원이 차라리 친절하기라도 하면 좋으련만... 외국인들한테라도...,97,True,,,,고기 냄새가 많이 나서 저는 별로였습니다. 애성회관이나 온수반이 더 좋아요. 외국인 손님이 많은 편입니다. 직원이 차라리 친절하기라도 하면 좋으련만... 외국인들한테라도...,고기 냄새가 많이 나서 저는 별로였습니다 애성회관이나 온수반이 더 좋아요 외국인 손님이 많은 편입니다 직원이 차라리 친절하기라도 하면 좋으련만 외국인들한테라도,0,0,0,0,0,0,0,97,"친절, 직원"
naver,훼미리손칼국수보쌈,endnrl12,11.0,2025.12.14,1번째 방문,영수증,"음식은 괜찮은편 직원 교육을 해야할듯 합니다 서빙하는 직원이 식기, 반찬을 던지듯 툭 툭 던지고 음료나 주류를 주문해도 대답도 안하고.. 아무리 바쁘더라도 이런 응대는 좀 불쾌하네요 다시 방문의사는 없습니다.",116,False,,,,"음식은 괜찮은편 직원 교육을 해야할듯 합니다 서빙하는 직원이 식기, 반찬을 던지듯 툭 툭 던지고 음료나 주류를 주문해도 대답도 안하고.. 아무리 바쁘더라도 이런 응대는 좀 불쾌하네요 다시 방문의사는 없습니다.",음식은 괜찮은편 직원 교육을 해야할듯 합니다 서빙하는 직원이 식기 반찬을 던지듯 툭 툭 던지고 음료나 주류를 주문해도 대답도 안하고 아무리 바쁘더라도 이런 응대는 좀 불쾌하네요 다시 방문의사는 없습니다,0,0,0,0,0,0,0,116,"응대, 직원, 주문, 서빙"
naver,조선시대,모만타이76,12.0,2026.03.14,1번째 방문,영수증,음식ㅇ이 너무 맛있고 직원분들도 다 친절하세요~~~! 분위가 좋고 단체모임하기에 좋습니당 추천이요!!!,57,True,,,,음식ㅇ이 너무 맛있고 직원분들도 다 친절하세요~~~! 분위가 좋고 단체모임하기에 좋습니당 추천이요!!!,음식 이 너무 맛있고 직원분들도 다 친절하세요 TILDE EXCLAM 분위가 좋고 단체모임하기에 좋습니당 추천이요 EXCLAM,0,0,0,0,1,0,0,57,"친절, 직원"
kakao,육지,고윤영,2.0,2025-09-14,,,"친구들과 합정 근처 고깃집 찾다가 리뷰가 좋길래 방문했어요! 직원분이 무척 친절하시고 직접 구워주셔서 편했어요. 일단 비주얼부터 최고고, 육즙이 넘쳐서 정말 맛있었어요~!",95,True,5.0,5.0,브론즈 레벨,"친구들과 합정 근처 고깃집 찾다가 리뷰가 좋길래 방문했어요! 직원분이 무척 친절하시고 직접 구워주셔서 편했어요. 일단 비주얼부터 최고고, 육즙이 넘쳐서 정말 맛있었어요~!",친구들과 합정 근처 고깃집 찾다가 리뷰가 좋길래 방문했어요 EXCLAM 직원분이 무척 친절하시고 직접 구워주셔서 편했어요 일단 비주얼부터 최고고 육즙이 넘쳐서 정말 맛있었어요 EXCLAM,0,0,0,0,1,0,0,95,"친절, 직원, 구워주"
naver,소문난성수감자탕,커피광광,27.0,2026.02.07,1번째 방문,예약,"정말 추운 날에 대기가 걱정이었는데, 10분? 15분만에 금방 들어가서 좋았습니다. 별관까지 있어서 줄은 금방 빠지더라구요. 감자탕으로 먹었는데 인원수만큼의 양만 주문해도 충분히 먹었습니다. 그리고 탕에 얼갈이는 많은 편은 아니라서 얼갈이 좋아하는 분은 추가로 해서 먹으면 딱일 것 같아요. 감자탕 맛은 기본적인 맛인데, 고기에서 냄새 안나고 뼈랑 살 분리 잘 되어서 좋았습니다. 국물 러버로써 이런 기본적인 맛의 국물이 참 좋더라구요~ 위장만 괜찮으면 밥 볶아먹고 싶었어요",265,True,,,,"정말 추운 날에 대기가 걱정이었는데, 10분? 15분만에 금방 들어가서 좋았습니다. 별관까지 있어서 줄은 금방 빠지더라구요. 감자탕으로 먹었는데 인원수만큼의 양만 주문해도 충분히 먹었습니다. 그리고 탕에 얼갈이는 많은 편은 아니라서 얼갈이 좋아하는 분은 추가로 해서 먹으면 딱일 것 같아요. 감자탕 맛은 기본적인 맛인데, 고기에서 냄새 안나고 뼈랑 살 분리 잘 되어서 좋았습니다. 국물 러버로써 이런 기본적인 맛의 국물이 참 좋더라구요~ 위장만 괜찮으면 밥 볶아먹고 싶었어요",정말 추운 날에 대기가 걱정이었는데 10분 QUESTION 15분만에 금방 들어가서 좋았습니다 별관까지 있어서 줄은 금방 빠지더라구요 감자탕으로 먹었는데 인원수만큼의 양만 주문해도 충분히 먹었습니다 그리고 탕에 얼갈이는 많은 편은 아니라서 얼갈이 좋아하는 분은 추가로 해서 먹으면 딱일 것 같아요 감자탕 맛은 기본적인 맛인데 고기에서 냄새 안나고 뼈랑 살 분리 잘 되어서 좋았습니다 국물 러버로써 이런 기본적인 맛의 국물이 참 좋더라구요 위장만 괜찮으면 밥 볶아먹고 싶었어요,0,0,0,0,0,1,1,265,"주문, 대기"
naver,뼈탄집 성수역점,cka06,21.0,2026.04.24,1번째 방문,영수증,예약후 방문 . 고기가 아주맛있고 친절해여~ 다음에 재방문할꺼예요 ㅎ 된장술밥 / 냉면 꼭 드시길 ㅎㅎ,57,True,,,,예약후 방문 . 고기가 아주맛있고 친절해여~ 다음에 재방문할꺼예요 ㅎ 된장술밥 / 냉면 꼭 드시길 ㅎㅎ,예약후 방문 고기가 아주맛있고 친절해여 다음에 재방문할꺼예요 된장술밥 냉면 꼭 드시길,0,0,0,0,0,0,0,57,"친절, 예약"
naver,능동미나리 성수지점,tel****,109.0,2025.10.17,1번째 방문,영수증,리뷰 쓰면서 또 생각나는 맛입니다. 석박지가 다 했어요 와! 👍🏻👍🏻 곱창전골 딱 소주를 부르는 맛이고 엄청 바쁘고 손님들 많은데 직원분들이 다 친절해서 더 좋아요. 매장이 엄청 춥고 시끄러운데 회전이 빨라요. 또 먹으러 올게요.,128,True,,,,리뷰 쓰면서 또 생각나는 맛입니다. 석박지가 다 했어요 와! 👍🏻👍🏻 곱창전골 딱 소주를 부르는 맛이고 엄청 바쁘고 손님들 많은데 직원분들이 다 친절해서 더 좋아요. 매장이 엄청 춥고 시끄러운데 회전이 빨라요. 또 먹으러 올게요.,리뷰 쓰면서 또 생각나는 맛입니다 석박지가 다 했어요 와 EXCLAM EMO_POS EMO_POS 곱창전골 딱 소주를 부르는 맛이고 엄청 바쁘고 손님들 많은데 직원분들이 다 친절해서 더 좋아요 매장이 엄청 춥고 시끄러운데 회전이 빨라요 또 먹으러 올게요,1,0,0,0,1,0,0,128,"친절, 직원"
naver,홍대 육지,Lukxi,11.0,2026.04.28,1번째 방문,영수증,가게 인테리어도 너무 이쁘고 맛있어보여서 들어왔는데 고기도 직접 구워주셔서 너무 편하게 먹었어요!! 고기도 맛있고 사이드도 맛있어서 나오자마자 정신없이 먹었네요 또 올게요~,96,True,,,,가게 인테리어도 너무 이쁘고 맛있어보여서 들어왔는데 고기도 직접 구워주셔서 너무 편하게 먹었어요!! 고기도 맛있고 사이드도 맛있어서 나오자마자 정신없이 먹었네요 또 올게요~,가게 인테리어도 너무 이쁘고 맛있어보여서 들어왔는데 고기도 직접 구워주셔서 너무 편하게 먹었어요 EXCLAM 고기도 맛있고 사이드도 맛있어서 나오자마자 정신없이 먹었네요 또 올게요,0,0,0,0,1,0,0,96,구워주
kakao,장인닭갈비 홍대점,동글동글도비,9.0,2025-04-08,,,"보러색 헤어 하신 외국인 여직원분 굉장히 친절 하셨습니다 중간맛도 매울 수 있다고 설명도 해주시고 계속 웃으면서 응대해주셔서 좋았습니다 먹는 중간중간 주위 테이블 외국인분들이 계속 반도 못 먹고 나가시길래 보니 남자 직원분이 되게 건성건성 응대하시고 기본맛으로 주셔서 매워서 못드시고 나가시더라구요 안내멘트도 없고 불러도 안오셔서 저희 테이블이 설명해드렸어요 뭐 이런것도 바빠서 그럴 수 있지, 직원분이 영어를 잘 못하시나보다 하고 넘어 갈 수 있는데 저희 테이블이 볶음밥 시키고 15분이 넘게 안나와서 부르니까 ""이제 나와요"" 하고 주문 넣으러 가신것도 봤어요 근데 주문도 잘못 넣으셔서 재주문 했습니다 이런 상황이면 직원응대가 미흡했다던지 매장이 너무 바빠서 깜빡했다던지 말을 하면서 죄송하다는 사과가 있어야하는데 그냥 새로 가져온거 볶으시면서 ""죄송해요~"" 이러고 가셔서 기분이 좀 많이 나빴네요 웨이팅도 많고 방문객도 많습니다 맛도 괜찮았고 양도 괜찮았습니다 하지만 직원응대가 너무 별로라서 그 장점을 다 깎아 먹는다고 생각하시면 됩니다",528,False,1.0,3.9,실버 레벨,"보러색 헤어 하신 외국인 여직원분 굉장히 친절 하셨습니다 중간맛도 매울 수 있다고 설명도 해주시고 계속 웃으면서 응대해주셔서 좋았습니다 먹는 중간중간 주위 테이블 외국인분들이 계속 반도 못 먹고 나가시길래 보니 남자 직원분이 되게 건성건성 응대하시고 기본맛으로 주셔서 매워서 못드시고 나가시더라구요 안내멘트도 없고 불러도 안오셔서 저희 테이블이 설명해드렸어요 뭐 이런것도 바빠서 그럴 수 있지, 직원분이 영어를 잘 못하시나보다 하고 넘어 갈 수 있는데 저희 테이블이 볶음밥 시키고 15분이 넘게 안나와서 부르니까 ""이제 나와요"" 하고 주문 넣으러 가신것도 봤어요 근데 주문도 잘못 넣으셔서 재주문 했습니다 이런 상황이면 직원응대가 미흡했다던지 매장이 너무 바빠서 깜빡했다던지 말을 하면서 죄송하다는 사과가 있어야하는데 그냥 새로 가져온거 볶으시면서 ""죄송해요~"" 이러고 가셔서 기분이 좀 많이 나빴네요 웨이팅도 많고 방문객도 많습니다 맛도 괜찮았고 양도 괜찮았습니다 하지만 직원응대가 너무 별로라서 그 장점을 다 깎아 먹는다고 생각하시면 됩니다",보러색 헤어 하신 외국인 여직원분 굉장히 친절 하셨습니다 중간맛도 매울 수 있다고 설명도 해주시고 계속 웃으면서 응대해주셔서 좋았습니다 먹는 중간중간 주위 테이블 외국인분들이 계속 반도 못 먹고 나가시길래 보니 남자 직원분이 되게 건성건성 응대하시고 기본맛으로 주셔서 매워서 못드시고 나가시더라구요 안내멘트도 없고 불러도 안오셔서 저희 테이블이 설명해드렸어요 뭐 이런것도 바빠서 그럴 수 있지 직원분이 영어를 잘 못하시나보다 하고 넘어 갈 수 있는데 저희 테이블이 볶음밥 시키고 15분이 넘게 안나와서 부르니까 이제 나와요 하고 주문 넣으러 가신것도 봤어요 근데 주문도 잘못 넣으셔서 재주문 했습니다 이런 상황이면 직원응대가 미흡했다던지 매장이 너무 바빠서 깜빡했다던지 말을 하면서 죄송하다는 사과가 있어야하는데 그냥 새로 가져온거 볶으시면서 죄송해요 이러고 가셔서 기분이 좀 많이 나빴네요 웨이팅도 많고 방문객도 많습니다 맛도 괜찮았고 양도 괜찮았습니다 하지만 직원응대가 너무 별로라서 그 장점을 다 깎아 먹는다고 생각하시면 됩니다,0,0,0,0,0,0,1,528,"친절, 응대, 직원, 주문, 안내, 설명, 사과, 웨이팅"
naver,훼미리손칼국수보쌈,unseo00,9.0,2025.07.01,1번째 방문,영수증,가성비 있는 맛집 맞지만 사장님인지 직원분인지 모르겠지만 서빙하시는 분이 맛을 다 지워버리네요 고기접시를 퉁명스럽게 거의 내팽기듯이 내려놓고 가시더군요 음식은 재료의 맛과 서비스로 결정지어지는 세상인데 서비스를 바라는 식당은 아니더군요,131,False,,,,가성비 있는 맛집 맞지만 사장님인지 직원분인지 모르겠지만 서빙하시는 분이 맛을 다 지워버리네요 고기접시를 퉁명스럽게 거의 내팽기듯이 내려놓고 가시더군요 음식은 재료의 맛과 서비스로 결정지어지는 세상인데 서비스를 바라는 식당은 아니더군요,가성비 있는 맛집 맞지만 사장님인지 직원분인지 모르겠지만 서빙하시는 분이 맛을 다 지워버리네요 고기접시를 퉁명스럽게 거의 내팽기듯이 내려놓고 가시더군요 음식은 재료의 맛과 서비스로 결정지어지는 세상인데 서비스를 바라는 식당은 아니더군요,0,0,0,0,0,0,0,131,"서비스, 직원, 사장님, 서빙"
kakao,소문난성수감자탕,희성,15.0,2025-11-28,,,고기 뻣뻣해서 먹기 힘들고 직원들 불친절하고 매장 더럽고 전체적으로 간이 슴슴해요 최악...,51,True,1.0,3.2,실버 레벨,고기 뻣뻣해서 먹기 힘들고 직원들 불친절하고 매장 더럽고 전체적으로 간이 슴슴해요 최악...,고기 뻣뻣해서 먹기 힘들고 직원들 불친절하고 매장 더럽고 전체적으로 간이 슴슴해요 최악,0,0,0,0,0,0,0,51,"친절, 불친절, 직원"
naver,원조 조박집 본관,안젤라씨네,1740.0,2025.10.28,1번째 방문,영수증,"마포에서 퇴근하는 남편 마중나갔다가 오랜만에 조박집 방문함. 퇴근시간 직전이라 빈 테이블이 몇개 있었으나 여섯시 조금 지나니까 빈자리가 없었음. 본관외에 별관과 신관도 있음. 처음에 주물럭 2인분 주문했고 맛있어서 1인분 추가함. 조박집 주물럭등심은 변함없이 부드럽고 맛있었음. 곁들여지는 반찬은 무생채, 파무침, 김치, 동치미 국물에 말아주는 국수가 전부. 조박집은 돼지갈비도 맛있으니 다음에는 돼지갈비 먹으러 가야겠음. 식당에 별도 주차장없음. 근처 마포 유수지 공영주차장이나 염리 공영주차장 이용 가능하지만 1시간만 요금이 지원됨.",300,True,,,,"마포에서 퇴근하는 남편 마중나갔다가 오랜만에 조박집 방문함. 퇴근시간 직전이라 빈 테이블이 몇개 있었으나 여섯시 조금 지나니까 빈자리가 없었음. 본관외에 별관과 신관도 있음. 처음에 주물럭 2인분 주문했고 맛있어서 1인분 추가함. 조박집 주물럭등심은 변함없이 부드럽고 맛있었음. 곁들여지는 반찬은 무생채, 파무침, 김치, 동치미 국물에 말아주는 국수가 전부. 조박집은 돼지갈비도 맛있으니 다음에는 돼지갈비 먹으러 가야겠음. 식당에 별도 주차장없음. 근처 마포 유수지 공영주차장이나 염리 공영주차장 이용 가능하지만 1시간만 요금이 지원됨.",마포에서 퇴근하는 남편 마중나갔다가 오랜만에 조박집 방문함 퇴근시간 직전이라 빈 테이블이 몇개 있었으나 여섯시 조금 지나니까 빈자리가 없었음 본관외에 별관과 신관도 있음 처음에 주물럭 2인분 주문했고 맛있어서 1인분 추가함 조박집 주물럭등심은 변함없이 부드럽고 맛있었음 곁들여지는 반찬은 무생채 파무침 김치 동치미 국물에 말아주는 국수가 전부 조박집은 돼지갈비도 맛있으니 다음에는 돼지갈비 먹으러 가야겠음 식당에 별도 주차장없음 근처 마포 유수지 공영주차장이나 염리 공영주차장 이용 가능하지만 1시간만 요금이 지원됨,0,0,0,0,0,0,1,300,주문
naver,할머니의 레시피,VKY,316.0,2025.05.24,1번째 방문,영수증,"무척 정갈하고 담백한, 깔끔한 한 끼였습니다!! 여자친구도 무척 만족스러워 하였고, 저 또한 마찬가지였습니다. 음식이 정말 맛있었고, 직원분들도 무척 친절하셨습니다!! 여자친구는 아주 잘차려진 맛있는 집밥을 먹는 느낌이라 표하였습니다!! 대기하는 공간도 따로 있어 좋았구요!! 이미 잘 알려진 유명한 곳이라 그런지 사람들이 참...많기는 하였습니다. 개인적인 평점 [4/5]",209,True,,,,"무척 정갈하고 담백한, 깔끔한 한 끼였습니다!! 여자친구도 무척 만족스러워 하였고, 저 또한 마찬가지였습니다. 음식이 정말 맛있었고, 직원분들도 무척 친절하셨습니다!! 여자친구는 아주 잘차려진 맛있는 집밥을 먹는 느낌이라 표하였습니다!! 대기하는 공간도 따로 있어 좋았구요!! 이미 잘 알려진 유명한 곳이라 그런지 사람들이 참...많기는 하였습니다. 개인적인 평점 [4/5]",무척 정갈하고 담백한 깔끔한 한 끼였습니다 EXCLAM 여자친구도 무척 만족스러워 하였고 저 또한 마찬가지였습니다 음식이 정말 맛있었고 직원분들도 무척 친절하셨습니다 EXCLAM 여자친구는 아주 잘차려진 맛있는 집밥을 먹는 느낌이라 표하였습니다 EXCLAM 대기하는 공간도 따로 있어 좋았구요 EXCLAM 이미 잘 알려진 유명한 곳이라 그런지 사람들이 참 많기는 하였습니다 개인적인 평점 4 5,0,0,0,0,1,0,1,209,"친절, 직원, 대기"
naver,굴다리식당,hog****,638.0,2025.10.03,1번째 방문,예약,가격도 저렴하고 맛있어요 음식도 빨리 나와요,24,True,,,,가격도 저렴하고 맛있어요 음식도 빨리 나와요,가격도 저렴하고 맛있어요 음식도 빨리 나와요,0,0,0,0,0,0,0,24,빨리
naver,조선시대,tld****,41.0,2026.03.09,1번째 방문,영수증,직원분들도 친절하시고 안주도 다양하고 분위기가 너무 좋아요!!! 다음에 또 방문할 의향 100%🩶🩶,55,True,,,,직원분들도 친절하시고 안주도 다양하고 분위기가 너무 좋아요!!! 다음에 또 방문할 의향 100%🩶🩶,직원분들도 친절하시고 안주도 다양하고 분위기가 너무 좋아요 EXCLAM 다음에 또 방문할 의향 100,0,0,0,0,1,0,1,55,"친절, 직원"
kakao,락희옥 마포본점,맛집찾아,3.0,2025-03-26,,,회도 싱싱하고 고기도 두툼해서 맛있게 잘 먹었습니다! 그리고 서빙해주시는 분이 사장님인 것 같은데 먹는 법도 알려주시고 와인도 따라주셨어요. 너무 친절해서 기분 좋게 식사했습니다 :),102,True,5.0,2.3,브론즈 레벨,회도 싱싱하고 고기도 두툼해서 맛있게 잘 먹었습니다! 그리고 서빙해주시는 분이 사장님인 것 같은데 먹는 법도 알려주시고 와인도 따라주셨어요. 너무 친절해서 기분 좋게 식사했습니다 :),회도 싱싱하고 고기도 두툼해서 맛있게 잘 먹었습니다 EXCLAM 그리고 서빙해주시는 분이 사장님인 것 같은데 먹는 법도 알려주시고 와인도 따라주셨어요 너무 친절해서 기분 좋게 식사했습니다,0,0,0,0,1,0,0,102,"친절, 사장님, 서빙"
naver,을밀대 평양냉면,당산의정령,,2025.08.13,1번째 방문,예약,을밀대 녹두전은 여전히 빠삭하고 평냉은 역시나 맛있습니다. 조금만 친절을 바라면 욕심이겠죠..?😏,54,True,,,,을밀대 녹두전은 여전히 빠삭하고 평냉은 역시나 맛있습니다. 조금만 친절을 바라면 욕심이겠죠..?😏,을밀대 녹두전은 여전히 빠삭하고 평냉은 역시나 맛있습니다 조금만 친절을 바라면 욕심이겠죠 QUESTION,0,0,0,0,0,1,0,54,친절
kakao,뼈탄집 성수역점,이강모,1.0,2026-03-23,,,부모님이랑 왔는데 직원분들도 친절하시고 고기도 맛있어요✌️,32,True,5.0,5.0,브론즈 레벨,부모님이랑 왔는데 직원분들도 친절하시고 고기도 맛있어요✌️,부모님이랑 왔는데 직원분들도 친절하시고 고기도 맛있어요,0,0,0,0,0,0,0,32,"친절, 직원"
naver,뼈탄집 성수역점,HiddenPlace,826.0,2026.01.29,1번째 방문,예약,지인들과 조용한 삼겹살집을 찾아 방운한 뼈탄집 성수 모듬메뉴를 주문하니 삼겹살 목살 가브리살 항정살이 나왔고 고기 하나하나가 다 육즙도 많고 풍미도 좋았음 게다가 구워먹을수있는 대파와 백김치가 먹어보니 그 맛이 일품이어서 예상보다 더 많은 소주와 맥주를 마시게되었음 고기도 초중벌까지는 친절히 구워주고 좀더 익혀먹으려면 셀프로 진행하면됨. 직원분들도 대부분 친절한편 재방문의사 120%,215,True,,,,지인들과 조용한 삼겹살집을 찾아 방운한 뼈탄집 성수 모듬메뉴를 주문하니 삼겹살 목살 가브리살 항정살이 나왔고 고기 하나하나가 다 육즙도 많고 풍미도 좋았음 게다가 구워먹을수있는 대파와 백김치가 먹어보니 그 맛이 일품이어서 예상보다 더 많은 소주와 맥주를 마시게되었음 고기도 초중벌까지는 친절히 구워주고 좀더 익혀먹으려면 셀프로 진행하면됨. 직원분들도 대부분 친절한편 재방문의사 120%,지인들과 조용한 삼겹살집을 찾아 방운한 뼈탄집 성수 모듬메뉴를 주문하니 삼겹살 목살 가브리살 항정살이 나왔고 고기 하나하나가 다 육즙도 많고 풍미도 좋았음 게다가 구워먹을수있는 대파와 백김치가 먹어보니 그 맛이 일품이어서 예상보다 더 많은 소주와 맥주를 마시게되었음 고기도 초중벌까지는 친절히 구워주고 좀더 익혀먹으려면 셀프로 진행하면됨 직원분들도 대부분 친절한편 재방문의사 120,0,0,0,0,0,0,1,215,"친절, 직원, 주문, 구워주"
kakao,뼈탄집 성수역점,🍪,4.0,2026-01-28,,,가족모임으로 방문한 고깃집이에요 🥩 고기 질이 좋아서 맛있게 먹었어요. 반찬도 골고루 잘 나와 만족! 직원분들 친절해서 기분 좋았고요. 아이랑 가기에도 편했어요. 가족모임 장소로 추천하는 고깃집입니다. 다음에 또 방문할게요 😊,126,True,5.0,5.0,브론즈 레벨,가족모임으로 방문한 고깃집이에요 🥩 고기 질이 좋아서 맛있게 먹었어요. 반찬도 골고루 잘 나와 만족! 직원분들 친절해서 기분 좋았고요. 아이랑 가기에도 편했어요. 가족모임 장소로 추천하는 고깃집입니다. 다음에 또 방문할게요 😊,가족모임으로 방문한 고깃집이에요 고기 질이 좋아서 맛있게 먹었어요 반찬도 골고루 잘 나와 만족 EXCLAM 직원분들 친절해서 기분 좋았고요 아이랑 가기에도 편했어요 가족모임 장소로 추천하는 고깃집입니다 다음에 또 방문할게요 EMO_POS,1,0,0,0,1,0,0,126,"친절, 직원"
naver,옥동식,posey666,728.0,2026.03.20,1번째 방문,영수증,맑은 국물 한수저 입에 떠 넣는 순간 오롯이 국밥을 먹는데만 집중하게 되는 맛으로 맑은 육수와 밥 한술 함께 떠서 4개월 숙성시킨 국산배추 김치를 곁들여 한 입 고기 한점 집어 수저에 올리고 고추지 톡 올려 홀린듯 먹다보면 어느새 한 그릇 깨끗이 비워져있다. 웨이팅 경쟁은 극악이지만 그만한 가치가 있는곳.,171,True,,,,맑은 국물 한수저 입에 떠 넣는 순간 오롯이 국밥을 먹는데만 집중하게 되는 맛으로 맑은 육수와 밥 한술 함께 떠서 4개월 숙성시킨 국산배추 김치를 곁들여 한 입 고기 한점 집어 수저에 올리고 고추지 톡 올려 홀린듯 먹다보면 어느새 한 그릇 깨끗이 비워져있다. 웨이팅 경쟁은 극악이지만 그만한 가치가 있는곳.,맑은 국물 한수저 입에 떠 넣는 순간 오롯이 국밥을 먹는데만 집중하게 되는 맛으로 맑은 육수와 밥 한술 함께 떠서 4개월 숙성시킨 국산배추 김치를 곁들여 한 입 고기 한점 집어 수저에 올리고 고추지 톡 올려 홀린듯 먹다보면 어느새 한 그릇 깨끗이 비워져있다 웨이팅 경쟁은 극악이지만 그만한 가치가 있는곳,0,0,0,0,0,0,1,171,웨이팅
naver,이태리국시 성수,Ryoonn,33.0,2026.05.05,1번째 방문,영수증,"너무 맛있어보여서 예약 후 첫 방문한 매장이에요~ 양식인데 느끼하지 않고, 양도 많아서 맛있게 먹었습니다!!",60,True,,,,"너무 맛있어보여서 예약 후 첫 방문한 매장이에요~ 양식인데 느끼하지 않고, 양도 많아서 맛있게 먹었습니다!!",너무 맛있어보여서 예약 후 첫 방문한 매장이에요 양식인데 느끼하지 않고 양도 많아서 맛있게 먹었습니다 EXCLAM,0,0,0,0,1,0,0,60,예약
naver,훼미리손칼국수보쌈,팔로우하면 손해 놉,826.0,2025.05.16,1번째 방문,영수증,"성수동에 위치한 맛집 ""훼미리손칼국수보쌈"" 다녀왔습니다. 이전부터 유명했는데 나혼자산다 전현무, 이주승 맛집 으로 더 유명한 곳! 이라고 해서 가봤어요. 비가엄청 오는날이라 더 땡기는듯~^^ 금요일 5시쯤 도착했는데 이미 웨이팅 시작요~ ㅠㅠ 저녁을 다들 일찍도 드시네요~ 주차는 바로앞 거주자 주차 2자리 있고요 자리없음 근처 유료주차장 가셔야합니다. 주문한 메뉴는 보쌈정식, 제로콜라 있어요~ 보쌈과 공기밥, 칼국수 이렇게 나옵니다. 보쌈은 잡내없고 칼국수는 사골베이스 국물이고요. 사골베이스국물 안좋아하시면 안맞으실겁니다. 맛은 이집 괜찮네~ 하는 정도? 맛있게 먹었어요. 공기밥은 공기에 반정도 주시네요~ 양이 그렇게 많은건 아니라 두명이가서 정식2, 파전이나 감자전 추가하시는걸 추천해요~ 회전빨라서 다행",399,True,,,,"성수동에 위치한 맛집 ""훼미리손칼국수보쌈"" 다녀왔습니다. 이전부터 유명했는데 나혼자산다 전현무, 이주승 맛집 으로 더 유명한 곳! 이라고 해서 가봤어요. 비가엄청 오는날이라 더 땡기는듯~^^ 금요일 5시쯤 도착했는데 이미 웨이팅 시작요~ ㅠㅠ 저녁을 다들 일찍도 드시네요~ 주차는 바로앞 거주자 주차 2자리 있고요 자리없음 근처 유료주차장 가셔야합니다. 주문한 메뉴는 보쌈정식, 제로콜라 있어요~ 보쌈과 공기밥, 칼국수 이렇게 나옵니다. 보쌈은 잡내없고 칼국수는 사골베이스 국물이고요. 사골베이스국물 안좋아하시면 안맞으실겁니다. 맛은 이집 괜찮네~ 하는 정도? 맛있게 먹었어요. 공기밥은 공기에 반정도 주시네요~ 양이 그렇게 많은건 아니라 두명이가서 정식2, 파전이나 감자전 추가하시는걸 추천해요~ 회전빨라서 다행",성수동에 위치한 맛집 훼미리손칼국수보쌈 다녀왔습니다 이전부터 유명했는데 나혼자산다 전현무 이주승 맛집 으로 더 유명한 곳 EXCLAM 이라고 해서 가봤어요 비가엄청 오는날이라 더 땡기는듯 금요일 5시쯤 도착했는데 이미 웨이팅 시작요 저녁을 다들 일찍도 드시네요 주차는 바로앞 거주자 주차 2자리 있고요 자리없음 근처 유료주차장 가셔야합니다 주문한 메뉴는 보쌈정식 제로콜라 있어요 보쌈과 공기밥 칼국수 이렇게 나옵니다 보쌈은 잡내없고 칼국수는 사골베이스 국물이고요 사골베이스국물 안좋아하시면 안맞으실겁니다 맛은 이집 괜찮네 하는 정도 QUESTION 맛있게 먹었어요 공기밥은 공기에 반정도 주시네요 양이 그렇게 많은건 아니라 두명이가서 정식2 파전이나 감자전 추가하시는걸 추천해요 회전빨라서 다행,0,0,0,1,1,1,1,399,"주문, 웨이팅"
kakao,육지,재영,1.0,2025-07-03,,,친절하고 맛있었습니다!,12,True,5.0,5.0,브론즈 레벨,친절하고 맛있었습니다!,친절하고 맛있었습니다 EXCLAM,0,0,0,0,1,0,0,12,친절
naver,뼈탄집 성수역점,륭71,47.0,2026.03.12,1번째 방문,영수증,예전에 우연히 한번 왔다가 너무 맛있어사 성수 들린김에 또 왔어요!!! 고기도 직접 구워주셔서 너무 편하고 테이블도 널찍널찍 해서 좋아용 고기는 물론 계탄밥도 존맛이고 직원분들도 하나같이 다 친절하십니다 완전 만족스런 식사에요🥰,127,True,,,,예전에 우연히 한번 왔다가 너무 맛있어사 성수 들린김에 또 왔어요!!! 고기도 직접 구워주셔서 너무 편하고 테이블도 널찍널찍 해서 좋아용 고기는 물론 계탄밥도 존맛이고 직원분들도 하나같이 다 친절하십니다 완전 만족스런 식사에요🥰,예전에 우연히 한번 왔다가 너무 맛있어사 성수 들린김에 또 왔어요 EXCLAM 고기도 직접 구워주셔서 너무 편하고 테이블도 널찍널찍 해서 좋아용 고기는 물론 계탄밥도 존맛이고 직원분들도 하나같이 다 친절하십니다 완전 만족스런 식사에요 EMO_POS,1,0,0,0,1,0,0,127,"친절, 직원, 구워주"
naver,을밀대 평양냉면,메메38,87.0,2025.12.19,1번째 방문,예약,"전부터 와보고 싶었는데 주변에서 술약속이 있어 다음날 드디어 왔네요. 물냉면과 양지탕밥을 주문했고, 물냉면은 간이 좀 되어있어 슴슴보다는 강한 맛이었네요. 오히려 양지탕밥이 따뜻해서 그런지 간이 안 되어 있는 느낌이라 소금/후추 간을 좀 해서 먹으면 좋습니다. 면을 풀어보니 양도 많고 시원하고 깊은 감칠맛이 꽤나 디테일하게 나서 끝까지 물리지 않게 먹을 수 있었네요. 고기도 양이 적어서 그렇지 맛도리입니다. 반찬들 중에 김치도 정말 맛있었고 온육수를 기본으로 주시는데 속 풀기엔 제격입니다. 11시 전에 들어와서 기다림 없이 들어왔는데 나올 때 보니 줄이 꽤 길더군요. 다행이었습니다.. 맛있게 잘 먹었습니다~~!!:)",348,True,,,,"전부터 와보고 싶었는데 주변에서 술약속이 있어 다음날 드디어 왔네요. 물냉면과 양지탕밥을 주문했고, 물냉면은 간이 좀 되어있어 슴슴보다는 강한 맛이었네요. 오히려 양지탕밥이 따뜻해서 그런지 간이 안 되어 있는 느낌이라 소금/후추 간을 좀 해서 먹으면 좋습니다. 면을 풀어보니 양도 많고 시원하고 깊은 감칠맛이 꽤나 디테일하게 나서 끝까지 물리지 않게 먹을 수 있었네요. 고기도 양이 적어서 그렇지 맛도리입니다. 반찬들 중에 김치도 정말 맛있었고 온육수를 기본으로 주시는데 속 풀기엔 제격입니다. 11시 전에 들어와서 기다림 없이 들어왔는데 나올 때 보니 줄이 꽤 길더군요. 다행이었습니다.. 맛있게 잘 먹었습니다~~!!:)",전부터 와보고 싶었는데 주변에서 술약속이 있어 다음날 드디어 왔네요 물냉면과 양지탕밥을 주문했고 물냉면은 간이 좀 되어있어 슴슴보다는 강한 맛이었네요 오히려 양지탕밥이 따뜻해서 그런지 간이 안 되어 있는 느낌이라 소금 후추 간을 좀 해서 먹으면 좋습니다 면을 풀어보니 양도 많고 시원하고 깊은 감칠맛이 꽤나 디테일하게 나서 끝까지 물리지 않게 먹을 수 있었네요 고기도 양이 적어서 그렇지 맛도리입니다 반찬들 중에 김치도 정말 맛있었고 온육수를 기본으로 주시는데 속 풀기엔 제격입니다 11시 전에 들어와서 기다림 없이 들어왔는데 나올 때 보니 줄이 꽤 길더군요 다행이었습니다 맛있게 잘 먹었습니다 TILDE EXCLAM,0,0,0,0,1,0,1,348,주문
naver,뼈탄집 성수역점,soyoung868,25.0,2026.04.02,1번째 방문,영수증,뼈탄집 그릴링서비스 너무 좋아요.. 고기를 너무 맛있게 구워주시네요 ㅎㅎ 계탄밥도 꼭 같이 드셔보시길.. 성수 데이트 왔다가 맛집 발견했네요👍,79,True,,,,뼈탄집 그릴링서비스 너무 좋아요.. 고기를 너무 맛있게 구워주시네요 ㅎㅎ 계탄밥도 꼭 같이 드셔보시길.. 성수 데이트 왔다가 맛집 발견했네요👍,뼈탄집 그릴링서비스 너무 좋아요 고기를 너무 맛있게 구워주시네요 계탄밥도 꼭 같이 드셔보시길 성수 데이트 왔다가 맛집 발견했네요 EMO_POS,1,0,0,0,0,0,0,79,"서비스, 구워주"
kakao,육지,냠냠도리,1.0,2025-07-18,,,벌써 세번째 방문이에요 !!!! 고기 품질도 너무 좋고 직접 구워주시니까 더 맛있게 먹을 수 있어요 🥹 솔직히 마포구 일등 고기집입니다 저녁에 좀만 일찍 오면 웨이팅도 안 해도 돼서 좋아요 ~!,108,False,5.0,5.0,브론즈 레벨,벌써 세번째 방문이에요 !!!! 고기 품질도 너무 좋고 직접 구워주시니까 더 맛있게 먹을 수 있어요 🥹 솔직히 마포구 일등 고기집입니다 저녁에 좀만 일찍 오면 웨이팅도 안 해도 돼서 좋아요 ~!,벌써 세번째 방문이에요 EXCLAM 고기 품질도 너무 좋고 직접 구워주시니까 더 맛있게 먹을 수 있어요 솔직히 마포구 일등 고기집입니다 저녁에 좀만 일찍 오면 웨이팅도 안 해도 돼서 좋아요 EXCLAM,0,0,0,0,1,0,0,108,"구워주, 웨이팅"
naver,이태리국시 성수,Hazelnotnuts,31.0,2026.05.02,1번째 방문,영수증,이태리국시 재작년에 시그니처 먹어보고 너무 맛있어서 친한 친구 데려왔습니다 ㅎㅎ 친구는 깍두기 리조또 시켰는데 고기 먹고선 눈 휘둥그레지네요 ㅋㅋㅋ 대화하기 딱 좋은 스타일의 매장이고 친구 연인 와도 좋을 거 같아요 ㅎㅎ 예약도 할 수 있는 거 같습니다,141,True,,,,이태리국시 재작년에 시그니처 먹어보고 너무 맛있어서 친한 친구 데려왔습니다 ㅎㅎ 친구는 깍두기 리조또 시켰는데 고기 먹고선 눈 휘둥그레지네요 ㅋㅋㅋ 대화하기 딱 좋은 스타일의 매장이고 친구 연인 와도 좋을 거 같아요 ㅎㅎ 예약도 할 수 있는 거 같습니다,이태리국시 재작년에 시그니처 먹어보고 너무 맛있어서 친한 친구 데려왔습니다 친구는 깍두기 리조또 시켰는데 고기 먹고선 눈 휘둥그레지네요 대화하기 딱 좋은 스타일의 매장이고 친구 연인 와도 좋을 거 같아요 예약도 할 수 있는 거 같습니다,0,0,0,0,0,0,0,141,예약
naver,뼈탄집 성수역점,onlyxeo,32.0,2026.04.22,1번째 방문,영수증,뼈탄집 성수 웨이팅 1시간정도 하고 입장했어요! 워낙 인기가 많은 곳이라서 궁금했는데 삼겹살 양이 많고 질이 좋은 것 같아요^^ 된장찌개랑 공기밥 같이 주문했고 밑반찬 풍부해요!,99,True,,,,뼈탄집 성수 웨이팅 1시간정도 하고 입장했어요! 워낙 인기가 많은 곳이라서 궁금했는데 삼겹살 양이 많고 질이 좋은 것 같아요^^ 된장찌개랑 공기밥 같이 주문했고 밑반찬 풍부해요!,뼈탄집 성수 웨이팅 1시간정도 하고 입장했어요 EXCLAM 워낙 인기가 많은 곳이라서 궁금했는데 삼겹살 양이 많고 질이 좋은 것 같아요 된장찌개랑 공기밥 같이 주문했고 밑반찬 풍부해요 EXCLAM,0,0,0,0,1,0,1,99,"주문, 웨이팅"
naver,훼미리손칼국수보쌈,피허니,65.0,2026.02.19,1번째 방문,영수증,점심 식사로 방문했습니다! 웨이팅이 있었지만 엄청 오래 기다리진 않은 것 같습니다ㅎㅎ 보쌈정식 2인 시켜서 먹었고 고기 양도 적당하고 배추쌈이 있어서 굿👍🏻 칼국수는 적당한 양으로 나와서 맛있게 먹었습니다!,115,True,,,,점심 식사로 방문했습니다! 웨이팅이 있었지만 엄청 오래 기다리진 않은 것 같습니다ㅎㅎ 보쌈정식 2인 시켜서 먹었고 고기 양도 적당하고 배추쌈이 있어서 굿👍🏻 칼국수는 적당한 양으로 나와서 맛있게 먹었습니다!,점심 식사로 방문했습니다 EXCLAM 웨이팅이 있었지만 엄청 오래 기다리진 않은 것 같습니다 보쌈정식 2인 시켜서 먹었고 고기 양도 적당하고 배추쌈이 있어서 굿 EMO_POS 칼국수는 적당한 양으로 나와서 맛있게 먹었습니다 EXCLAM,1,0,0,0,1,0,1,115,웨이팅
naver,쭌곱창,From B52,50.0,2026.01.21,1번째 방문,영수증,우연하게 들어왔눈데... 진짜 곱창 너무 맛있어요!!! 맵찔이인데도 기분 좋게 먹을 수 있고 사장님이 설명해주시는대로 먹으니까 새로운 세계가 열려요...! 가게도 아늑하고 너무 좋아요!,103,True,,,,우연하게 들어왔눈데... 진짜 곱창 너무 맛있어요!!! 맵찔이인데도 기분 좋게 먹을 수 있고 사장님이 설명해주시는대로 먹으니까 새로운 세계가 열려요...! 가게도 아늑하고 너무 좋아요!,우연하게 들어왔눈데 진짜 곱창 너무 맛있어요 EXCLAM 맵찔이인데도 기분 좋게 먹을 수 있고 사장님이 설명해주시는대로 먹으니까 새로운 세계가 열려요 EXCLAM 가게도 아늑하고 너무 좋아요 EXCLAM,0,0,0,0,1,0,0,103,"사장님, 설명"
naver,보끔당 성수점,xaxaxa,44.0,2025.12.30,2번째 방문,영수증,저번에 친구랑 왔다가 맛있게 먹어서 한 번 더 왔어요 ㅎㅎ 이번엔 묵은지 들어간거 먹었는데 얼큰하고 간도 딱 좋아서 저번보다 더 맛있게 먹었어요!! 얼큰하고 뜨끈해서 요즘 같은 날씨에 먹기 딱 좋은 음식이에요😖 직원분들도 친절하시고 올때마다 만족스러워거 다음에 또 올게요:),153,True,,,,저번에 친구랑 왔다가 맛있게 먹어서 한 번 더 왔어요 ㅎㅎ 이번엔 묵은지 들어간거 먹었는데 얼큰하고 간도 딱 좋아서 저번보다 더 맛있게 먹었어요!! 얼큰하고 뜨끈해서 요즘 같은 날씨에 먹기 딱 좋은 음식이에요😖 직원분들도 친절하시고 올때마다 만족스러워거 다음에 또 올게요:),저번에 친구랑 왔다가 맛있게 먹어서 한 번 더 왔어요 이번엔 묵은지 들어간거 먹었는데 얼큰하고 간도 딱 좋아서 저번보다 더 맛있게 먹었어요 EXCLAM 얼큰하고 뜨끈해서 요즘 같은 날씨에 먹기 딱 좋은 음식이에요 직원분들도 친절하시고 올때마다 만족스러워거 다음에 또 올게요,0,0,0,0,1,0,0,153,"친절, 직원"
kakao,각시보쌈,카일리,37.0,2025-01-06,,,"왠만하면 이런글은 안쓰는데 저도 어쩔수없는 욱!!!인가 봅니다. 맛집 검색하고 보쌈먹으러 갔었죠 사람많다고 들었는데, 횡잰가? 웨이팅없이 바로 입장했구요. 인원수만 체크해서 안쪽부터 차례로 앉으라고 하더군요. 자리에 앉자마자 주문부터 하래서 반반보쌈 주문했는데, 콩나물이 담긴 그릇을 포개어와서 주전자로 국물을 따라주고 가시더라구요. 뭐 거기까진 그럴수도 있다 싶었는데... 보쌈옆 절인배추 두번째장위에 떡하니 주문하지도 않은 밥풀과 고기부스러기가 올려져 있더군요. 솔직히 사진도 찍기 싫었었죠. 아.... 여기 반찬 재사용 하는구나 싶어 추가주문 생각은 넣어두고, 고기만 빠르게 입에 욱여넣고 나왔습니다. 그가격에 통조림콩, 콘, 데친브로콜리 뭐 이런반찬 나온것은 이해가 갑니다만, 배추 재사용은 좀... 배추만 재사용하진 않았을것 같은.... 전 맛도 좀.. 맛집이라해서 설레서 갔는데 그냥 집근처에서 배달보쌈이나 먹으렵니다. 같이간 지인 둘은 배탈 났다고 다음날 얘기 하더라는 후기도 있었습니다.",504,True,1.0,4.8,실버 레벨,"왠만하면 이런글은 안쓰는데 저도 어쩔수없는 욱!!!인가 봅니다. 맛집 검색하고 보쌈먹으러 갔었죠 사람많다고 들었는데, 횡잰가? 웨이팅없이 바로 입장했구요. 인원수만 체크해서 안쪽부터 차례로 앉으라고 하더군요. 자리에 앉자마자 주문부터 하래서 반반보쌈 주문했는데, 콩나물이 담긴 그릇을 포개어와서 주전자로 국물을 따라주고 가시더라구요. 뭐 거기까진 그럴수도 있다 싶었는데... 보쌈옆 절인배추 두번째장위에 떡하니 주문하지도 않은 밥풀과 고기부스러기가 올려져 있더군요. 솔직히 사진도 찍기 싫었었죠. 아.... 여기 반찬 재사용 하는구나 싶어 추가주문 생각은 넣어두고, 고기만 빠르게 입에 욱여넣고 나왔습니다. 그가격에 통조림콩, 콘, 데친브로콜리 뭐 이런반찬 나온것은 이해가 갑니다만, 배추 재사용은 좀... 배추만 재사용하진 않았을것 같은.... 전 맛도 좀.. 맛집이라해서 설레서 갔는데 그냥 집근처에서 배달보쌈이나 먹으렵니다. 같이간 지인 둘은 배탈 났다고 다음날 얘기 하더라는 후기도 있었습니다.",왠만하면 이런글은 안쓰는데 저도 어쩔수없는 욱 EXCLAM 인가 봅니다 맛집 검색하고 보쌈먹으러 갔었죠 사람많다고 들었는데 횡잰가 QUESTION 웨이팅없이 바로 입장했구요 인원수만 체크해서 안쪽부터 차례로 앉으라고 하더군요 자리에 앉자마자 주문부터 하래서 반반보쌈 주문했는데 콩나물이 담긴 그릇을 포개어와서 주전자로 국물을 따라주고 가시더라구요 뭐 거기까진 그럴수도 있다 싶었는데 보쌈옆 절인배추 두번째장위에 떡하니 주문하지도 않은 밥풀과 고기부스러기가 올려져 있더군요 솔직히 사진도 찍기 싫었었죠 아 여기 반찬 재사용 하는구나 싶어 추가주문 생각은 넣어두고 고기만 빠르게 입에 욱여넣고 나왔습니다 그가격에 통조림콩 콘 데친브로콜리 뭐 이런반찬 나온것은 이해가 갑니다만 배추 재사용은 좀 배추만 재사용하진 않았을것 같은 전 맛도 좀 맛집이라해서 설레서 갔는데 그냥 집근처에서 배달보쌈이나 먹으렵니다 같이간 지인 둘은 배탈 났다고 다음날 얘기 하더라는 후기도 있었습니다,0,0,0,0,1,1,0,504,"주문, 웨이팅"
kakao,소문난성수감자탕,먀옹,5.0,2025-11-17,,,계산하는 할머니 직원 싸가지가 없어요;;; 외국 직원들은 친절했는데 맛은 무난,43,True,1.0,3.4,실버 레벨,계산하는 할머니 직원 싸가지가 없어요;;; 외국 직원들은 친절했는데 맛은 무난,계산하는 할머니 직원 싸가지가 없어요 외국 직원들은 친절했는데 맛은 무난,0,0,0,0,0,0,0,43,"친절, 직원"
naver,각시보쌈,mina6324,42.0,2026.01.04,1번째 방문,영수증,보쌈 자체는 맛있습니다. 근데 불친절해서 두번 가고 싶진 않은 식당이네요~ 그런 리뷰들이 많던데 정말이네요! 다른 테이블보다 먼저 시켰는데 한참 늦게 나와도 미안하다는 말 한번 없으시고 물 엎지르고도 사과 한번 없으시더라구요. 불친절해도 괜찮다는 분들만 가셔요..,147,False,,,,보쌈 자체는 맛있습니다. 근데 불친절해서 두번 가고 싶진 않은 식당이네요~ 그런 리뷰들이 많던데 정말이네요! 다른 테이블보다 먼저 시켰는데 한참 늦게 나와도 미안하다는 말 한번 없으시고 물 엎지르고도 사과 한번 없으시더라구요. 불친절해도 괜찮다는 분들만 가셔요..,보쌈 자체는 맛있습니다 근데 불친절해서 두번 가고 싶진 않은 식당이네요 그런 리뷰들이 많던데 정말이네요 EXCLAM 다른 테이블보다 먼저 시켰는데 한참 늦게 나와도 미안하다는 말 한번 없으시고 물 엎지르고도 사과 한번 없으시더라구요 불친절해도 괜찮다는 분들만 가셔요,0,0,0,0,1,0,0,147,"친절, 불친절, 사과, 늦게"
kakao,소문난성수감자탕,히게포차아버지,40.0,2026-01-04,,,1/1 공휴일 저녁 10시쯤 방문했는데 사람 많았어요. 다행히 사람 빠져서 바로 별관으로 안내 받았음! 성수에서 관광 + 쇼핑하고 방문하는 외국인 많아요. 제 앞이랑 양 옆 전부 외국인이었긔 (중국인 일본인) 너무 외국인 맛집 느낌이라 걱정했는데 진짜 맛있게 먹었어요. 제 일본인 친구도 환장하면서 먹음 😋 가격도 많이 안비싸고 맛있습니다!,190,True,4.0,4.4,실버 레벨,1/1 공휴일 저녁 10시쯤 방문했는데 사람 많았어요. 다행히 사람 빠져서 바로 별관으로 안내 받았음! 성수에서 관광 + 쇼핑하고 방문하는 외국인 많아요. 제 앞이랑 양 옆 전부 외국인이었긔 (중국인 일본인) 너무 외국인 맛집 느낌이라 걱정했는데 진짜 맛있게 먹었어요. 제 일본인 친구도 환장하면서 먹음 😋 가격도 많이 안비싸고 맛있습니다!,1 1 공휴일 저녁 10시쯤 방문했는데 사람 많았어요 다행히 사람 빠져서 바로 별관으로 안내 받았음 EXCLAM 성수에서 관광 쇼핑하고 방문하는 외국인 많아요 제 앞이랑 양 옆 전부 외국인이었긔 중국인 일본인 너무 외국인 맛집 느낌이라 걱정했는데 진짜 맛있게 먹었어요 제 일본인 친구도 환장하면서 먹음 EMO_POS 가격도 많이 안비싸고 맛있습니다 EXCLAM,1,0,0,0,1,0,1,190,안내
naver,금금 성수점,LIZZY37,17.0,2026.03.05,1번째 방문,영수증,"된장으로 만든 한국식 마제소바라는데 완전 맛있다. 근래 먹은것 중에 제일 맛있었다. 맛이 그렇게 특이한건 아니고 일반 마제소바랑 거의 비슷하다. 된장맛이 나긴나는데 일반 마제소바맛이 더 강해서. 그래도 된장맛이 되게 잘 어울리고, 색다른 맛은 아니어도 이 자체로 맛있고, 고명으로 올라가는 수육이랑 튀긴두부도 잘 어울리고 맛있다 매장은 작은데 사람도 꽤 잘 빠져서 대기는 거의 없는 수준. 물론 주중이라 그렇고 주말엔 대기 길것 같다.",243,True,,,,"된장으로 만든 한국식 마제소바라는데 완전 맛있다. 근래 먹은것 중에 제일 맛있었다. 맛이 그렇게 특이한건 아니고 일반 마제소바랑 거의 비슷하다. 된장맛이 나긴나는데 일반 마제소바맛이 더 강해서. 그래도 된장맛이 되게 잘 어울리고, 색다른 맛은 아니어도 이 자체로 맛있고, 고명으로 올라가는 수육이랑 튀긴두부도 잘 어울리고 맛있다 매장은 작은데 사람도 꽤 잘 빠져서 대기는 거의 없는 수준. 물론 주중이라 그렇고 주말엔 대기 길것 같다.",된장으로 만든 한국식 마제소바라는데 완전 맛있다 근래 먹은것 중에 제일 맛있었다 맛이 그렇게 특이한건 아니고 일반 마제소바랑 거의 비슷하다 된장맛이 나긴나는데 일반 마제소바맛이 더 강해서 그래도 된장맛이 되게 잘 어울리고 색다른 맛은 아니어도 이 자체로 맛있고 고명으로 올라가는 수육이랑 튀긴두부도 잘 어울리고 맛있다 매장은 작은데 사람도 꽤 잘 빠져서 대기는 거의 없는 수준 물론 주중이라 그렇고 주말엔 대기 길것 같다,0,0,0,0,0,0,0,243,대기
kakao,뼈탄집 성수역점,"태의,지이맘",1.0,2025-12-21,,,직접 구워주시고 맛있어서 항상 찾는 집입니다~^^ 밑반찬도 정갈하고 솥밥 킥이에요~~,47,True,5.0,5.0,브론즈 레벨,직접 구워주시고 맛있어서 항상 찾는 집입니다~^^ 밑반찬도 정갈하고 솥밥 킥이에요~~,직접 구워주시고 맛있어서 항상 찾는 집입니다 밑반찬도 정갈하고 솥밥 킥이에요 TILDE,0,0,0,0,0,0,0,47,구워주
kakao,훼미리손칼국수보쌈,서,1.0,2025-09-15,,,"굳이 성수까지 찾아와서 먹을정도 아님+웨이팅해서 먹을정도 아닙니다. 15000원에 수육 칼국수 먹을 수 있다는게 장점이긴한대, 칼국수는 양적고 싱겁고 후추이 강하게 납니다. 수육은 맛 괜찮습니다. 그런데 가장 큰 문제는 진짜 불친절합니다. 웨이팅 목록 적어야 하는지 궁금해서 들어가서 물어보면 그런거 없다고 짜증내시고.. 짜증내실거면 안내문이라도 잘 써두시면 될텐데, 왜 그렇게 불친절하게 대하시는지 이해가 안되네요. 밥먹고 있는데, 웨이팅 많다고 눈치주시고.. 참 가격대비 양, 맛은 크게 나쁘지 않은데, 기분 좋게 식사하러가서 기분만 상하고 왔네요. 지나가시다가 웨이팅없으면 식사하고 가기는 나쁘지 않습니다. 재방문은 절대 안합니다.",356,True,2.0,2.0,브론즈 레벨,"굳이 성수까지 찾아와서 먹을정도 아님+웨이팅해서 먹을정도 아닙니다. 15000원에 수육 칼국수 먹을 수 있다는게 장점이긴한대, 칼국수는 양적고 싱겁고 후추이 강하게 납니다. 수육은 맛 괜찮습니다. 그런데 가장 큰 문제는 진짜 불친절합니다. 웨이팅 목록 적어야 하는지 궁금해서 들어가서 물어보면 그런거 없다고 짜증내시고.. 짜증내실거면 안내문이라도 잘 써두시면 될텐데, 왜 그렇게 불친절하게 대하시는지 이해가 안되네요. 밥먹고 있는데, 웨이팅 많다고 눈치주시고.. 참 가격대비 양, 맛은 크게 나쁘지 않은데, 기분 좋게 식사하러가서 기분만 상하고 왔네요. 지나가시다가 웨이팅없으면 식사하고 가기는 나쁘지 않습니다. 재방문은 절대 안합니다.",굳이 성수까지 찾아와서 먹을정도 아님 웨이팅해서 먹을정도 아닙니다 15000원에 수육 칼국수 먹을 수 있다는게 장점이긴한대 칼국수는 양적고 싱겁고 후추이 강하게 납니다 수육은 맛 괜찮습니다 그런데 가장 큰 문제는 진짜 불친절합니다 웨이팅 목록 적어야 하는지 궁금해서 들어가서 물어보면 그런거 없다고 짜증내시고 짜증내실거면 안내문이라도 잘 써두시면 될텐데 왜 그렇게 불친절하게 대하시는지 이해가 안되네요 밥먹고 있는데 웨이팅 많다고 눈치주시고 참 가격대비 양 맛은 크게 나쁘지 않은데 기분 좋게 식사하러가서 기분만 상하고 왔네요 지나가시다가 웨이팅없으면 식사하고 가기는 나쁘지 않습니다 재방문은 절대 안합니다,0,0,0,0,0,0,1,356,"친절, 불친절, 안내, 웨이팅"
kakao,옥동식 서교점,이번달에도월급이통장에스치운다,90.0,2026-03-20,,,맛있긴한데 웨이팅이 없어지면 또 올거같아요,23,True,4.0,4.2,골드 레벨,맛있긴한데 웨이팅이 없어지면 또 올거같아요,맛있긴한데 웨이팅이 없어지면 또 올거같아요,0,0,0,0,0,0,0,23,웨이팅
kakao,일등식당,이주원,45.0,2025-04-11,,,맛있습니다!! 고기가 너무 부드러웠어요😍 너무 자극적이지 않은 맛이 참 좋았어요. 직원분들도 너무 친절하셨고!! 가성비도 좋아서 재방문의사 있습니다!,83,True,5.0,4.7,실버 레벨,맛있습니다!! 고기가 너무 부드러웠어요😍 너무 자극적이지 않은 맛이 참 좋았어요. 직원분들도 너무 친절하셨고!! 가성비도 좋아서 재방문의사 있습니다!,맛있습니다 EXCLAM 고기가 너무 부드러웠어요 EMO_POS 너무 자극적이지 않은 맛이 참 좋았어요 직원분들도 너무 친절하셨고 EXCLAM 가성비도 좋아서 재방문의사 있습니다 EXCLAM,1,0,0,0,1,0,0,83,"친절, 직원"
kakao,황금콩밭,레쓰비,16.0,2026-02-27,,,장사 잘 되는만큼 불친철(사장님이 계산대 앞에서 제일 불친절함..) 손님 가려받음 그으래..부자돼라,55,True,1.0,3.5,실버 레벨,장사 잘 되는만큼 불친철(사장님이 계산대 앞에서 제일 불친절함..) 손님 가려받음 그으래..부자돼라,장사 잘 되는만큼 불친철 사장님이 계산대 앞에서 제일 불친절함 손님 가려받음 그으래 부자돼라,0,0,0,0,0,0,0,55,"친절, 불친절, 사장님"
naver,성수족발,EG01ST 꼬맹이,1547.0,2026.03.01,2번째 방문,영수증,서울 3대 족발맛집 성수족발🍖🍖 역시 족발맛집 답게 쥴슐랭 웨이팅 맛집의 면모를 실감! 배도 부르고 기다릴 자신이 없어 이번에도 특대로 포장 ▫️참고로 포장은 바로 됩니다▫️ 쫄깃쫄깃 씹을수록 탱글한 식감 은은한 단맛 성수족발 만의 고유한 맛이 있어요 증말루 짱~!👍👍 겉저리 무생채 부추무침도 맛있고 다음에는 식당에서 바로 먹어보고 싶지만 왠지 또 포장일듯..🤣,203,True,,,,서울 3대 족발맛집 성수족발🍖🍖 역시 족발맛집 답게 쥴슐랭 웨이팅 맛집의 면모를 실감! 배도 부르고 기다릴 자신이 없어 이번에도 특대로 포장 ▫️참고로 포장은 바로 됩니다▫️ 쫄깃쫄깃 씹을수록 탱글한 식감 은은한 단맛 성수족발 만의 고유한 맛이 있어요 증말루 짱~!👍👍 겉저리 무생채 부추무침도 맛있고 다음에는 식당에서 바로 먹어보고 싶지만 왠지 또 포장일듯..🤣,서울 3대 족발맛집 성수족발 역시 족발맛집 답게 쥴슐랭 웨이팅 맛집의 면모를 실감 EXCLAM 배도 부르고 기다릴 자신이 없어 이번에도 특대로 포장 참고로 포장은 바로 됩니다 쫄깃쫄깃 씹을수록 탱글한 식감 은은한 단맛 성수족발 만의 고유한 맛이 있어요 증말루 짱 EXCLAM EMO_POS EMO_POS 겉저리 무생채 부추무침도 맛있고 다음에는 식당에서 바로 먹어보고 싶지만 왠지 또 포장일듯 EMO_LAUGH,1,0,1,0,1,0,1,203,웨이팅
naver,원조 조박집 본관,야임마23,1315.0,2025.06.18,3번째 방문,영수증,돼지갈비도 총각김치도 서비스 동치미 국수도 맛있는 조박집 멀어서 못온사이에 가격이 많이 올랐네요 ㅠ ㅋㅋ,58,True,,,,돼지갈비도 총각김치도 서비스 동치미 국수도 맛있는 조박집 멀어서 못온사이에 가격이 많이 올랐네요 ㅠ ㅋㅋ,돼지갈비도 총각김치도 서비스 동치미 국수도 맛있는 조박집 멀어서 못온사이에 가격이 많이 올랐네요,0,0,0,0,0,0,0,58,서비스
naver,육산장 홍대본점,멜24,35.0,2026.03.24,1번째 방문,영수증,날이 좋아서 야장 삼겹살집에 왔습니다🥹 야외 테이블이 너무 예쁘고 감성있어요! 이제 봄 나들이로 오기 정말 딱 입니다💪 메뉴도 신박하고 너무 맛있습니다~ 직원분들도 친절하세요오,98,True,,,,날이 좋아서 야장 삼겹살집에 왔습니다🥹 야외 테이블이 너무 예쁘고 감성있어요! 이제 봄 나들이로 오기 정말 딱 입니다💪 메뉴도 신박하고 너무 맛있습니다~ 직원분들도 친절하세요오,날이 좋아서 야장 삼겹살집에 왔습니다 야외 테이블이 너무 예쁘고 감성있어요 EXCLAM 이제 봄 나들이로 오기 정말 딱 입니다 메뉴도 신박하고 너무 맛있습니다 직원분들도 친절하세요오,0,0,0,0,1,0,0,98,"친절, 직원"
naver,을밀대 평양냉면,피아니시모안단테,212.0,2025.06.17,1번째 방문,영수증,"화요일 11시 38분부터 줄 서기 시작해서 30분정도 기다린 후 입장했습니다. 전에 을밀대 강남점 가봤었는데, 본점은 본점인 것 같습니다.. 주문 시 얼음 빼달라고 할 수 있어요. 너무 오랜만에 와서 얼음 있는 버전으로 달라고 했습니다. 고기가 크게 2조각 있어구요. 녹두전도 맛있네요ㅠ 면 다 먹는 동안 얼음이 녹아서 2가지 맛이 느껴지는ㅁ 묘미 (?) 가 있습니다만 제 취향은 얼음없는 버전이라 다음에 오면 얼음없이 주문하려구요!!!",244,True,,,,"화요일 11시 38분부터 줄 서기 시작해서 30분정도 기다린 후 입장했습니다. 전에 을밀대 강남점 가봤었는데, 본점은 본점인 것 같습니다.. 주문 시 얼음 빼달라고 할 수 있어요. 너무 오랜만에 와서 얼음 있는 버전으로 달라고 했습니다. 고기가 크게 2조각 있어구요. 녹두전도 맛있네요ㅠ 면 다 먹는 동안 얼음이 녹아서 2가지 맛이 느껴지는ㅁ 묘미 (?) 가 있습니다만 제 취향은 얼음없는 버전이라 다음에 오면 얼음없이 주문하려구요!!!",화요일 11시 38분부터 줄 서기 시작해서 30분정도 기다린 후 입장했습니다 전에 을밀대 강남점 가봤었는데 본점은 본점인 것 같습니다 주문 시 얼음 빼달라고 할 수 있어요 너무 오랜만에 와서 얼음 있는 버전으로 달라고 했습니다 고기가 크게 2조각 있어구요 녹두전도 맛있네요 면 다 먹는 동안 얼음이 녹아서 2가지 맛이 느껴지는 묘미 QUESTION 가 있습니다만 제 취향은 얼음없는 버전이라 다음에 오면 얼음없이 주문하려구요 EXCLAM,0,0,0,0,1,1,1,244,주문
naver,원조 조박집 본관,스테이크좋아,2908.0,2025.08.25,1번째 방문,영수증,몇일전에 티비에서 다른마포 갈비가 나와서 가고싶었는데 조박집을 선택했어요 고기가 달지않아서 좋고 직원분들이 알아서 판도 잘갈아주시고 반찬도 더주시고 너무친절해서 좋았어요 바쁘신곳은 바쁘다는 핑계로 불친절하신곳들이 많은데 여기는 너무친절해서 따봉입니다 가기전 리뷰에 친절하다는말이 많아서 얼마나 친절한가했는데 말이필요없네요 후식 식혜까지 너무 맛있게 먹었어요^^,201,True,,,,몇일전에 티비에서 다른마포 갈비가 나와서 가고싶었는데 조박집을 선택했어요 고기가 달지않아서 좋고 직원분들이 알아서 판도 잘갈아주시고 반찬도 더주시고 너무친절해서 좋았어요 바쁘신곳은 바쁘다는 핑계로 불친절하신곳들이 많은데 여기는 너무친절해서 따봉입니다 가기전 리뷰에 친절하다는말이 많아서 얼마나 친절한가했는데 말이필요없네요 후식 식혜까지 너무 맛있게 먹었어요^^,몇일전에 티비에서 다른마포 갈비가 나와서 가고싶었는데 조박집을 선택했어요 고기가 달지않아서 좋고 직원분들이 알아서 판도 잘갈아주시고 반찬도 더주시고 너무친절해서 좋았어요 바쁘신곳은 바쁘다는 핑계로 불친절하신곳들이 많은데 여기는 너무친절해서 따봉입니다 가기전 리뷰에 친절하다는말이 많아서 얼마나 친절한가했는데 말이필요없네요 후식 식혜까지 너무 맛있게 먹었어요,0,0,0,0,0,0,0,201,"친절, 불친절, 직원"
naver,원조 조박집 본관,vld****,9.0,2026.01.17,1번째 방문,영수증,블루리본 맛집이라해서 갔는데 고기는 진짜 맛있긴했어요! 근데 직원분들이 너무 불친절해서 먹는데 기분이 매우 나빴습니다 바빠서 그러신건지 모르겠는데 메뉴 추가로 시켰다고 천천히 시켜달라고 하시더라고요 ㅋㅋ 고기가 다 떨어져서 1인분 더 시킨건데 계속 옆에서 천천히 시켜달라고 하시는데 좀 어이가 없더라고요 제 돈주고 추가 메뉴도 못시키나요 ㅎ 바빠서 힘드셔서 뭐 그런거라고 백번 이해는 하려고 하지만 그래도 솔직히 먹는데 기분은 안좋았습니다~ 이부분은 좀 바껴야할것같아요~^^,265,False,,,,블루리본 맛집이라해서 갔는데 고기는 진짜 맛있긴했어요! 근데 직원분들이 너무 불친절해서 먹는데 기분이 매우 나빴습니다 바빠서 그러신건지 모르겠는데 메뉴 추가로 시켰다고 천천히 시켜달라고 하시더라고요 ㅋㅋ 고기가 다 떨어져서 1인분 더 시킨건데 계속 옆에서 천천히 시켜달라고 하시는데 좀 어이가 없더라고요 제 돈주고 추가 메뉴도 못시키나요 ㅎ 바빠서 힘드셔서 뭐 그런거라고 백번 이해는 하려고 하지만 그래도 솔직히 먹는데 기분은 안좋았습니다~ 이부분은 좀 바껴야할것같아요~^^,블루리본 맛집이라해서 갔는데 고기는 진짜 맛있긴했어요 EXCLAM 근데 직원분들이 너무 불친절해서 먹는데 기분이 매우 나빴습니다 바빠서 그러신건지 모르겠는데 메뉴 추가로 시켰다고 천천히 시켜달라고 하시더라고요 고기가 다 떨어져서 1인분 더 시킨건데 계속 옆에서 천천히 시켜달라고 하시는데 좀 어이가 없더라고요 제 돈주고 추가 메뉴도 못시키나요 바빠서 힘드셔서 뭐 그런거라고 백번 이해는 하려고 하지만 그래도 솔직히 먹는데 기분은 안좋았습니다 이부분은 좀 바껴야할것같아요,0,0,0,0,1,0,1,265,"친절, 불친절, 직원"
naver,조선시대,나는얄,12.0,2026.03.07,1번째 방문,영수증,매번 된장술밥만 시켜먹었는데 오늘은 닭목살 삼겹 시켜먹어봤습니다!!!!너무 맛있어요!!!!!직원분들도 너무 친절하시고 다정하세여!!!,74,True,,,,매번 된장술밥만 시켜먹었는데 오늘은 닭목살 삼겹 시켜먹어봤습니다!!!!너무 맛있어요!!!!!직원분들도 너무 친절하시고 다정하세여!!!,매번 된장술밥만 시켜먹었는데 오늘은 닭목살 삼겹 시켜먹어봤습니다 EXCLAM 너무 맛있어요 EXCLAM 직원분들도 너무 친절하시고 다정하세여 EXCLAM,0,0,0,0,1,0,0,74,"친절, 직원"
naver,황금콩밭,겸손에 마음을 더한 리뷰어,220.0,2025.11.20,1번째 방문,영수증,"#마포맛집 #황금콩밭 #마포두부요리 #마포한정식 #연말모임 #마포룸식당 #가족모임 #남녀노소 서울 마포에 있는 황금콩밭에서 예약하고 룸에서 식사했어요 😊 두부 요리가 정말 맛있기로 유명한 곳인데, 직접 먹어보니 왜 소문이 났는지 알겠더라고요^^ 코스요리 구성이 알차고 간이 자극적이지 않아 남녀노소 누구나 부담 없이 즐기기 좋은 맛이에요 👍 아이부터 어르신까지 모두 좋아할 깔끔하고 담백한 음식이라 가족 모임에도 잘 어울립니다. 주택을 개조한 공간이라 구옥 느낌 없이 깔끔하고 세련된 인테리어도 마음에 들었어요. 조용한 룸이 있어 연말 모임이나 중요한 자리에도 잘 어울리는 곳입니다^^ 분위기와 맛 모두 만족스러워서 맛있게 잘 먹고 갑니다 😊",359,True,,,,"#마포맛집 #황금콩밭 #마포두부요리 #마포한정식 #연말모임 #마포룸식당 #가족모임 #남녀노소 서울 마포에 있는 황금콩밭에서 예약하고 룸에서 식사했어요 😊 두부 요리가 정말 맛있기로 유명한 곳인데, 직접 먹어보니 왜 소문이 났는지 알겠더라고요^^ 코스요리 구성이 알차고 간이 자극적이지 않아 남녀노소 누구나 부담 없이 즐기기 좋은 맛이에요 👍 아이부터 어르신까지 모두 좋아할 깔끔하고 담백한 음식이라 가족 모임에도 잘 어울립니다. 주택을 개조한 공간이라 구옥 느낌 없이 깔끔하고 세련된 인테리어도 마음에 들었어요. 조용한 룸이 있어 연말 모임이나 중요한 자리에도 잘 어울리는 곳입니다^^ 분위기와 맛 모두 만족스러워서 맛있게 잘 먹고 갑니다 😊",마포맛집 황금콩밭 마포두부요리 마포한정식 연말모임 마포룸식당 가족모임 남녀노소 서울 마포에 있는 황금콩밭에서 예약하고 룸에서 식사했어요 EMO_POS 두부 요리가 정말 맛있기로 유명한 곳인데 직접 먹어보니 왜 소문이 났는지 알겠더라고요 코스요리 구성이 알차고 간이 자극적이지 않아 남녀노소 누구나 부담 없이 즐기기 좋은 맛이에요 EMO_POS 아이부터 어르신까지 모두 좋아할 깔끔하고 담백한 음식이라 가족 모임에도 잘 어울립니다 주택을 개조한 공간이라 구옥 느낌 없이 깔끔하고 세련된 인테리어도 마음에 들었어요 조용한 룸이 있어 연말 모임이나 중요한 자리에도 잘 어울리는 곳입니다 분위기와 맛 모두 만족스러워서 맛있게 잘 먹고 갑니다 EMO_POS,1,0,0,0,0,0,0,359,예약
kakao,훼미리손칼국수보쌈,박은영,3.0,2026-02-09,,,"주말 저녁에 단독으로 방문하였습니다. 현지 고객들로 붐볐습니다. 1인 주문이 가능하며, 15,000원의 보쌈과 칼국수가 포함된 정식을 주문하였습니다. 보쌈은 매우 두툼하며, 여성 1인이 섭취하기에 충분한 양이었고, 배추잎, 보쌈김치, 보쌈무와 훌륭하게 어우러져 맛있는 조화를 이루었습니다. 특히 김치의 맛이 뛰어났습니다. 조가 첨가된 밥도 반 공기 제공되어 보쌈과 함께 곁들였습니다. 칼국수는 고기와 야채 육수로 조리되었으며, 일반적인 맛이었습니다. 양은 1인분 칼국수 양보다 적었기 때문에 사이드 느낌이었습니다. 직원분들은 매우 친절하게 응대해주셨으며, 고객의 불편 사항에 대해서도 친절하게 처리하는 모습을 확인할 수 있었습니다.",353,True,5.0,3.7,브론즈 레벨,"주말 저녁에 단독으로 방문하였습니다. 현지 고객들로 붐볐습니다. 1인 주문이 가능하며, 15,000원의 보쌈과 칼국수가 포함된 정식을 주문하였습니다. 보쌈은 매우 두툼하며, 여성 1인이 섭취하기에 충분한 양이었고, 배추잎, 보쌈김치, 보쌈무와 훌륭하게 어우러져 맛있는 조화를 이루었습니다. 특히 김치의 맛이 뛰어났습니다. 조가 첨가된 밥도 반 공기 제공되어 보쌈과 함께 곁들였습니다. 칼국수는 고기와 야채 육수로 조리되었으며, 일반적인 맛이었습니다. 양은 1인분 칼국수 양보다 적었기 때문에 사이드 느낌이었습니다. 직원분들은 매우 친절하게 응대해주셨으며, 고객의 불편 사항에 대해서도 친절하게 처리하는 모습을 확인할 수 있었습니다.",주말 저녁에 단독으로 방문하였습니다 현지 고객들로 붐볐습니다 1인 주문이 가능하며 15 000원의 보쌈과 칼국수가 포함된 정식을 주문하였습니다 보쌈은 매우 두툼하며 여성 1인이 섭취하기에 충분한 양이었고 배추잎 보쌈김치 보쌈무와 훌륭하게 어우러져 맛있는 조화를 이루었습니다 특히 김치의 맛이 뛰어났습니다 조가 첨가된 밥도 반 공기 제공되어 보쌈과 함께 곁들였습니다 칼국수는 고기와 야채 육수로 조리되었으며 일반적인 맛이었습니다 양은 1인분 칼국수 양보다 적었기 때문에 사이드 느낌이었습니다 직원분들은 매우 친절하게 응대해주셨으며 고객의 불편 사항에 대해서도 친절하게 처리하는 모습을 확인할 수 있었습니다,0,0,0,0,0,0,1,353,"친절, 응대, 직원, 주문"
naver,마포양지설렁탕,원주혁신혼밥러ㅇㅈ,571.0,2025.08.31,1번째 방문,영수증,"여러번 방문했는데 리뷰는 처음 써요. 마포양지설렁탕 올해는 미쉐린가이드에서 빠졌네요🤔 설렁탕 14,000 혼밥으로 먹었어요. 브레이크 타임 없어서 일요일 3시 정도에 방문했더니 자리 널널했어요. 마포양지설렁탕의 묘미는 무제한 덜어먹을 수 있는 파고명과 파김치이죠. 파 듬뿍 넣고 휘휘 저어 파김치 올려 먹으면👍🏼 배추김치도 맛있어요. 고기도 많이 들어있고, 소면도 있어요. 설렁탕집 국물에 영혼이 없어 김치맛으로 먹어야 되는 가게도 많은데 여기는 국물에 고기맛이 잘 나서 국물만 떠먹어도 맛있어요. 간 따로 안해도 딱 좋아요. 웨이팅하면서 먹을 정도의 맛은 아니지만, 마포양지설렁탕 먹고 맛없다고 할 한국인 없을듯. 특히 아침 7시에 열기 때문에 해장하러 와서 소주한병 걸치며 해장술하기 딱 좋은 곳이에요🤓ㅎㅎ",397,True,,,,"여러번 방문했는데 리뷰는 처음 써요. 마포양지설렁탕 올해는 미쉐린가이드에서 빠졌네요🤔 설렁탕 14,000 혼밥으로 먹었어요. 브레이크 타임 없어서 일요일 3시 정도에 방문했더니 자리 널널했어요. 마포양지설렁탕의 묘미는 무제한 덜어먹을 수 있는 파고명과 파김치이죠. 파 듬뿍 넣고 휘휘 저어 파김치 올려 먹으면👍🏼 배추김치도 맛있어요. 고기도 많이 들어있고, 소면도 있어요. 설렁탕집 국물에 영혼이 없어 김치맛으로 먹어야 되는 가게도 많은데 여기는 국물에 고기맛이 잘 나서 국물만 떠먹어도 맛있어요. 간 따로 안해도 딱 좋아요. 웨이팅하면서 먹을 정도의 맛은 아니지만, 마포양지설렁탕 먹고 맛없다고 할 한국인 없을듯. 특히 아침 7시에 열기 때문에 해장하러 와서 소주한병 걸치며 해장술하기 딱 좋은 곳이에요🤓ㅎㅎ",여러번 방문했는데 리뷰는 처음 써요 마포양지설렁탕 올해는 미쉐린가이드에서 빠졌네요 설렁탕 14 000 혼밥으로 먹었어요 브레이크 타임 없어서 일요일 3시 정도에 방문했더니 자리 널널했어요 마포양지설렁탕의 묘미는 무제한 덜어먹을 수 있는 파고명과 파김치이죠 파 듬뿍 넣고 휘휘 저어 파김치 올려 먹으면 EMO_POS 배추김치도 맛있어요 고기도 많이 들어있고 소면도 있어요 설렁탕집 국물에 영혼이 없어 김치맛으로 먹어야 되는 가게도 많은데 여기는 국물에 고기맛이 잘 나서 국물만 떠먹어도 맛있어요 간 따로 안해도 딱 좋아요 웨이팅하면서 먹을 정도의 맛은 아니지만 마포양지설렁탕 먹고 맛없다고 할 한국인 없을듯 특히 아침 7시에 열기 때문에 해장하러 와서 소주한병 걸치며 해장술하기 딱 좋은 곳이에요,1,0,0,0,0,0,1,397,웨이팅
naver,장인닭갈비 홍대점,그츠으,60.0,2026.04.05,1번째 방문,영수증,1.자리 비어있는데 줄이 있는지 없는지.. 우리가 밖에 서있는데 웨이팅 있는지 없는지 오랫동안 안내 안 해줌. 2.우리는 자리 앉자마자 바로 주문함. 3.한 5-10분 있다가 아까 주문 받으셨던 분이 다가와서 주문 안하시냐고 물어보심. 아까 주문 했다고 함. 4.5분 있다가 그분이 오셔서 다시 주문 받음. 5.그러고 한참 안 나옴. 😭⭐️옆에 우리보다 늦게 착석한 두 테이블이 먼저 받음⭐️😭 6.사과 못 받음 ㅠ.ㅠ,234,False,,,,1.자리 비어있는데 줄이 있는지 없는지.. 우리가 밖에 서있는데 웨이팅 있는지 없는지 오랫동안 안내 안 해줌. 2.우리는 자리 앉자마자 바로 주문함. 3.한 5-10분 있다가 아까 주문 받으셨던 분이 다가와서 주문 안하시냐고 물어보심. 아까 주문 했다고 함. 4.5분 있다가 그분이 오셔서 다시 주문 받음. 5.그러고 한참 안 나옴. 😭⭐️옆에 우리보다 늦게 착석한 두 테이블이 먼저 받음⭐️😭 6.사과 못 받음 ㅠ.ㅠ,1 자리 비어있는데 줄이 있는지 없는지 우리가 밖에 서있는데 웨이팅 있는지 없는지 오랫동안 안내 안 해줌 2 우리는 자리 앉자마자 바로 주문함 3 한 5 10분 있다가 아까 주문 받으셨던 분이 다가와서 주문 안하시냐고 물어보심 아까 주문 했다고 함 4 5분 있다가 그분이 오셔서 다시 주문 받음 5 그러고 한참 안 나옴 EMO_NEG 옆에 우리보다 늦게 착석한 두 테이블이 먼저 받음 EMO_NEG 6 사과 못 받음,0,1,0,0,0,0,1,234,"주문, 안내, 사과, 늦게, 웨이팅"
naver,뼈탄집 성수역점,H홍블리,239.0,2026.02.09,1번째 방문,영수증,"한번 방문하고 반한 삼겹살집!! 숙성삼겹살이라 그런지 육즙 가득하고 너무너무 맛있어요 ㅠㅠ 남편하고 둘이서 먹었는데 여기 또 오자고 했어요 직원분이 고기 맛있게 구워주셔서 먹기만 하면 됩니다 백김치, 고추절임, 명이나물 장아찌 등 곁들여서 먹는 반찬들이 잘 나와요 성수 삼겹살 맛집으로 강추!!",164,True,,,,"한번 방문하고 반한 삼겹살집!! 숙성삼겹살이라 그런지 육즙 가득하고 너무너무 맛있어요 ㅠㅠ 남편하고 둘이서 먹었는데 여기 또 오자고 했어요 직원분이 고기 맛있게 구워주셔서 먹기만 하면 됩니다 백김치, 고추절임, 명이나물 장아찌 등 곁들여서 먹는 반찬들이 잘 나와요 성수 삼겹살 맛집으로 강추!!",한번 방문하고 반한 삼겹살집 EXCLAM 숙성삼겹살이라 그런지 육즙 가득하고 너무너무 맛있어요 남편하고 둘이서 먹었는데 여기 또 오자고 했어요 직원분이 고기 맛있게 구워주셔서 먹기만 하면 됩니다 백김치 고추절임 명이나물 장아찌 등 곁들여서 먹는 반찬들이 잘 나와요 성수 삼겹살 맛집으로 강추 EXCLAM,0,0,0,1,1,0,0,164,"직원, 구워주"
kakao,락희옥 마포본점,오,18.0,2025-01-27,,,콜키지프리가 유일한 장점. 불친절한 알바 가성비망 음식들,31,False,1.0,3.2,실버 레벨,콜키지프리가 유일한 장점. 불친절한 알바 가성비망 음식들,콜키지프리가 유일한 장점 불친절한 알바 가성비망 음식들,0,0,0,0,0,0,0,31,"친절, 불친절, 알바"
kakao,능동미나리 성수점,금민섭,1.0,2026-03-31,,,맛있어요 웨이팅줄이 길었는데 빨리 들어갔어요,24,True,5.0,5.0,브론즈 레벨,맛있어요 웨이팅줄이 길었는데 빨리 들어갔어요,맛있어요 웨이팅줄이 길었는데 빨리 들어갔어요,0,0,0,0,0,0,0,24,"웨이팅, 빨리"
naver,금금 성수점,WADDYTravel,634.0,2026.01.25,1번째 방문,영수증,돌문어 좋아하는데 이런 맛집이 성수동에 있었네요! 음식 메뉴하나하나 특색있고 깔끔하고 맛있어요~ 주말인데 브레이크타임 없이 대기없이 맛있게 먹고가요! 특히 국수가 물회처럼 맛있어요!,101,True,,,,돌문어 좋아하는데 이런 맛집이 성수동에 있었네요! 음식 메뉴하나하나 특색있고 깔끔하고 맛있어요~ 주말인데 브레이크타임 없이 대기없이 맛있게 먹고가요! 특히 국수가 물회처럼 맛있어요!,돌문어 좋아하는데 이런 맛집이 성수동에 있었네요 EXCLAM 음식 메뉴하나하나 특색있고 깔끔하고 맛있어요 주말인데 브레이크타임 없이 대기없이 맛있게 먹고가요 EXCLAM 특히 국수가 물회처럼 맛있어요 EXCLAM,0,0,0,0,1,0,0,101,대기
naver,할머니의 레시피,kate0212,559.0,2025.08.20,1번째 방문,영수증,세상에나 너~~~~어무 제마음에 쏘옥든 한식집 처음 친구한테 가게이름을 들었을땐 동네 할머니가 하시는 백반집인가…했는데 :) 요런 힙한곳인줄 몰랐네요 평일 1시정도 방문했더니 웨이팅없이 바로 입장 기본반찬도 깔끔하게 나오고 반상에 나오는 호박죽이 아주 맛도립니다 간장게장을 주문하면 작은 버터조각이 곁들여 나오는데 따뜻한밥에 간장게장 양념과 같이 넣으니 우와와아아아앙bb 전메뉴 다 먹어보고 싶어요 서율숲가면 꼬옥 들려보세요 재방문의사*100000%,251,True,,,,세상에나 너~~~~어무 제마음에 쏘옥든 한식집 처음 친구한테 가게이름을 들었을땐 동네 할머니가 하시는 백반집인가…했는데 :) 요런 힙한곳인줄 몰랐네요 평일 1시정도 방문했더니 웨이팅없이 바로 입장 기본반찬도 깔끔하게 나오고 반상에 나오는 호박죽이 아주 맛도립니다 간장게장을 주문하면 작은 버터조각이 곁들여 나오는데 따뜻한밥에 간장게장 양념과 같이 넣으니 우와와아아아앙bb 전메뉴 다 먹어보고 싶어요 서율숲가면 꼬옥 들려보세요 재방문의사*100000%,세상에나 너 TILDE 어무 제마음에 쏘옥든 한식집 처음 친구한테 가게이름을 들었을땐 동네 할머니가 하시는 백반집인가 했는데 요런 힙한곳인줄 몰랐네요 평일 1시정도 방문했더니 웨이팅없이 바로 입장 기본반찬도 깔끔하게 나오고 반상에 나오는 호박죽이 아주 맛도립니다 간장게장을 주문하면 작은 버터조각이 곁들여 나오는데 따뜻한밥에 간장게장 양념과 같이 넣으니 우와와아아앙bb 전메뉴 다 먹어보고 싶어요 서율숲가면 꼬옥 들려보세요 재방문의사 100000,0,0,0,0,0,0,1,251,"주문, 웨이팅"
naver,뼈탄집 성수역점,옹이5480,11.0,2026.03.31,1번째 방문,영수증,성수역에 삼겹살이 먹고 싶어서 방문했는데 직접 다 구워주시고 맛있습니다!!,41,True,,,,성수역에 삼겹살이 먹고 싶어서 방문했는데 직접 다 구워주시고 맛있습니다!!,성수역에 삼겹살이 먹고 싶어서 방문했는데 직접 다 구워주시고 맛있습니다 EXCLAM,0,0,0,0,1,0,0,41,구워주
naver,각시보쌈,캡틴화니,1257.0,2026.02.21,4번째 방문,예약,맛있어요 친절해요 가성비 좋아요 굿굿굿,21,True,,,,맛있어요 친절해요 가성비 좋아요 굿굿굿,맛있어요 친절해요 가성비 좋아요 굿굿,0,0,0,0,0,0,0,21,친절
naver,이태리국시 성수,yxsxo,3.0,2026.04.30,1번째 방문,영수증,친구와 밥먹으려고 들른 이태리국시 성수점!! 저희는 숯불갈비/깍두기돌솥리소토와 바지락찜 파스타를 주문했습니다! 음식 너무 맛있어서 강추드려요 양식과 한식의 융합이 궁금해서 방문했는데 매우 성공적인 것 같습니다!! 여기는 뚝섬역에서 가까우니까 성수 말고 뚝섬에서 내리셔서 걸어오시면 금방이에여!! 한 번 방문해보세요~,176,True,,,,친구와 밥먹으려고 들른 이태리국시 성수점!! 저희는 숯불갈비/깍두기돌솥리소토와 바지락찜 파스타를 주문했습니다! 음식 너무 맛있어서 강추드려요 양식과 한식의 융합이 궁금해서 방문했는데 매우 성공적인 것 같습니다!! 여기는 뚝섬역에서 가까우니까 성수 말고 뚝섬에서 내리셔서 걸어오시면 금방이에여!! 한 번 방문해보세요~,친구와 밥먹으려고 들른 이태리국시 성수점 EXCLAM 저희는 숯불갈비 깍두기돌솥리소토와 바지락찜 파스타를 주문했습니다 EXCLAM 음식 너무 맛있어서 강추드려요 양식과 한식의 융합이 궁금해서 방문했는데 매우 성공적인 것 같습니다 EXCLAM 여기는 뚝섬역에서 가까우니까 성수 말고 뚝섬에서 내리셔서 걸어오시면 금방이에여 EXCLAM 한 번 방문해보세요,0,0,0,0,1,0,0,176,주문
naver,을밀대 평양냉면,nontitle,273.0,2025.11.22,1번째 방문,영수증,변함없이 맛있어요. 여름이 지나서 웨이팅 없이 먹을 수 있어 행복합니다 💛,41,False,,,,변함없이 맛있어요. 여름이 지나서 웨이팅 없이 먹을 수 있어 행복합니다 💛,변함없이 맛있어요 여름이 지나서 웨이팅 없이 먹을 수 있어 행복합니다 EMO_POS,1,0,0,0,0,0,0,41,웨이팅
naver,홍대 육지,윤죠죠,34.0,2026.04.18,1번째 방문,영수증,"너무 맛있어요!! 특히 삼겹살이 최고입니다!! 그리고 식사메뉴도 다양하고 넘 맛있고요, 인테리어도 예뻐요 ㅎㅎ 직원분들이 바빠서 정신없어보이지만 그래도 부탁드리면 어지간하면 바로바로 들어주시려고 하시더라고요 담에 또 오고 싶어욤",127,True,,,,"너무 맛있어요!! 특히 삼겹살이 최고입니다!! 그리고 식사메뉴도 다양하고 넘 맛있고요, 인테리어도 예뻐요 ㅎㅎ 직원분들이 바빠서 정신없어보이지만 그래도 부탁드리면 어지간하면 바로바로 들어주시려고 하시더라고요 담에 또 오고 싶어욤",너무 맛있어요 EXCLAM 특히 삼겹살이 최고입니다 EXCLAM 그리고 식사메뉴도 다양하고 넘 맛있고요 인테리어도 예뻐요 직원분들이 바빠서 정신없어보이지만 그래도 부탁드리면 어지간하면 바로바로 들어주시려고 하시더라고요 담에 또 오고 싶어욤,0,0,0,0,1,0,0,127,직원
naver,쭌곱창,ato****,22.0,2026.04.11,1번째 방문,영수증,"친구가 여기 맛집이라고 해서 오게 됐는데요, 사장님도 너무 친절하고 맛있어요!!! 불향이라 맛있게 먹는법도 알려줘서 너무 좋아요!",72,True,,,,"친구가 여기 맛집이라고 해서 오게 됐는데요, 사장님도 너무 친절하고 맛있어요!!! 불향이라 맛있게 먹는법도 알려줘서 너무 좋아요!",친구가 여기 맛집이라고 해서 오게 됐는데요 사장님도 너무 친절하고 맛있어요 EXCLAM 불향이라 맛있게 먹는법도 알려줘서 너무 좋아요 EXCLAM,0,0,0,0,1,0,0,72,"친절, 사장님"
naver,원조 조박집 본관,ma****,479.0,2025.05.31,2번째 방문,영수증,너무 정신없고 시끄럽고 판도 빨리 빨리 안 갈어주시고 너무달고 짜거 맛닜긴한데 집에오니 갈증엄청나고 그렇네요,60,False,,,,너무 정신없고 시끄럽고 판도 빨리 빨리 안 갈어주시고 너무달고 짜거 맛닜긴한데 집에오니 갈증엄청나고 그렇네요,너무 정신없고 시끄럽고 판도 빨리 빨리 안 갈어주시고 너무달고 짜거 맛닜긴한데 집에오니 갈증엄청나고 그렇네요,0,0,0,0,0,0,0,60,빨리
kakao,육지,민경,1.0,2025-09-22,,,"세번째 방문인데 올때마다 너무 친절하시고, 고기도 정말 맛있어요!!",37,False,5.0,5.0,브론즈 레벨,"세번째 방문인데 올때마다 너무 친절하시고, 고기도 정말 맛있어요!!",세번째 방문인데 올때마다 너무 친절하시고 고기도 정말 맛있어요 EXCLAM,0,0,0,0,1,0,0,37,친절
naver,능동미나리 성수지점,메르헨83,760.0,2025.12.07,1번째 방문,영수증,주말에 갔는데 12시 전에 가서 대기없이 바로 들어갔어요~비주얼이 특이하지만 그냥 곰탕..ㅎ 맛은 있어요~,59,True,,,,주말에 갔는데 12시 전에 가서 대기없이 바로 들어갔어요~비주얼이 특이하지만 그냥 곰탕..ㅎ 맛은 있어요~,주말에 갔는데 12시 전에 가서 대기없이 바로 들어갔어요 비주얼이 특이하지만 그냥 곰탕 맛은 있어요,0,0,0,0,0,0,1,59,대기
naver,장인닭갈비 홍대점,oow****,4.0,2026.04.10,1번째 방문,영수증,친구랑 닭갈비 먹으러 왔는데 직원분들도 친절하시고 좋아여 가격도 저렴해서 친구랑 오기 굿굿입니당,53,True,,,,친구랑 닭갈비 먹으러 왔는데 직원분들도 친절하시고 좋아여 가격도 저렴해서 친구랑 오기 굿굿입니당,친구랑 닭갈비 먹으러 왔는데 직원분들도 친절하시고 좋아여 가격도 저렴해서 친구랑 오기 굿굿입니당,0,0,0,0,0,0,0,53,"친절, 직원"
kakao,소문난성수감자탕,☀️,17.0,2025-08-28,,,서울 여행가서 유명하다길래 먹어봤는데 별로.. 웨이팅은 거의 없었고 바로 들어갔으나 너무 정산없는 내부로 직원분들께 메뉴를 몇번이나 주문해야했음. 고기는 뻑뻑하고 양념이 하나도 안베여있었음. 굳이 갈 이유가 없음. 경상도분이시면 아시겠지만 맛나감자탕이 진짜 맛집임,147,False,1.0,3.1,실버 레벨,서울 여행가서 유명하다길래 먹어봤는데 별로.. 웨이팅은 거의 없었고 바로 들어갔으나 너무 정산없는 내부로 직원분들께 메뉴를 몇번이나 주문해야했음. 고기는 뻑뻑하고 양념이 하나도 안베여있었음. 굳이 갈 이유가 없음. 경상도분이시면 아시겠지만 맛나감자탕이 진짜 맛집임,서울 여행가서 유명하다길래 먹어봤는데 별로 웨이팅은 거의 없었고 바로 들어갔으나 너무 정산없는 내부로 직원분들께 메뉴를 몇번이나 주문해야했음 고기는 뻑뻑하고 양념이 하나도 안베여있었음 굳이 갈 이유가 없음 경상도분이시면 아시겠지만 맛나감자탕이 진짜 맛집임,0,0,0,0,0,0,0,147,"직원, 주문, 웨이팅"
naver,쭌곱창,몰또어쩌라는건지,19.0,2026.02.22,1번째 방문,영수증,친구 추천으로 왔는데 곱창이랑 갈비 세트 먹었는데 소스가 진짜 맛있고 같이 싸먹으라고 하는 조합도 알려주시는데 맛있었어요 직원분도 엄청 친절하시고 분위기도 좋네요 다음에도 홍대에서 곱창 먹으려고 오면 여기로 올거같아요,121,True,,,,친구 추천으로 왔는데 곱창이랑 갈비 세트 먹었는데 소스가 진짜 맛있고 같이 싸먹으라고 하는 조합도 알려주시는데 맛있었어요 직원분도 엄청 친절하시고 분위기도 좋네요 다음에도 홍대에서 곱창 먹으려고 오면 여기로 올거같아요,친구 추천으로 왔는데 곱창이랑 갈비 세트 먹었는데 소스가 진짜 맛있고 같이 싸먹으라고 하는 조합도 알려주시는데 맛있었어요 직원분도 엄청 친절하시고 분위기도 좋네요 다음에도 홍대에서 곱창 먹으려고 오면 여기로 올거같아요,0,0,0,0,0,0,0,121,"친절, 직원"
naver,홍대 육지,안녕친구야32,23.0,2026.04.26,1번째 방문,영수증,계획없이 방문했는데 너무 만족스러운 식사였습니다 직원분들도 너무 친절하시고 상차림 구성도 만족스럽습니다 맛있게 잘 먹었습니다 ㅎㅎ,72,True,,,,계획없이 방문했는데 너무 만족스러운 식사였습니다 직원분들도 너무 친절하시고 상차림 구성도 만족스럽습니다 맛있게 잘 먹었습니다 ㅎㅎ,계획없이 방문했는데 너무 만족스러운 식사였습니다 직원분들도 너무 친절하시고 상차림 구성도 만족스럽습니다 맛있게 잘 먹었습니다,0,0,0,0,0,0,0,72,"친절, 직원"
kakao,각시보쌈,Hul,67.0,2026-05-02,,,"주변에 살고 있기에 오가며 보면, 대기인원이 제법있기에 맛이 궁금했다. 마침 어버이 날이라 가족과 방문했다. 주문메뉴는 쟁반국수, 홍어, 보쌈 세가지 주문함. 이제부터 맛점수 : 쟁반국수:★(엄청 달고 겨자가 너무 많아 먹기 힘듬) 보쌈:★★★ (사진발, 보쌈밑에 상추로 기초공사) 홍어 : ★★★★★(정말 제대로 삭힌 홍어:갑) 홍어를 즐길 줄 아는 친구랑은 방문의사 있어도 쟁반, 보쌈으로는 재방문의사 없음.",230,False,2.0,2.9,실버 레벨,"주변에 살고 있기에 오가며 보면, 대기인원이 제법있기에 맛이 궁금했다. 마침 어버이 날이라 가족과 방문했다. 주문메뉴는 쟁반국수, 홍어, 보쌈 세가지 주문함. 이제부터 맛점수 : 쟁반국수:★(엄청 달고 겨자가 너무 많아 먹기 힘듬) 보쌈:★★★ (사진발, 보쌈밑에 상추로 기초공사) 홍어 : ★★★★★(정말 제대로 삭힌 홍어:갑) 홍어를 즐길 줄 아는 친구랑은 방문의사 있어도 쟁반, 보쌈으로는 재방문의사 없음.",주변에 살고 있기에 오가며 보면 대기인원이 제법있기에 맛이 궁금했다 마침 어버이 날이라 가족과 방문했다 주문메뉴는 쟁반국수 홍어 보쌈 세가지 주문함 이제부터 맛점수 쟁반국수 엄청 달고 겨자가 너무 많아 먹기 힘듬 보쌈 사진발 보쌈밑에 상추로 기초공사 홍어 정말 제대로 삭힌 홍어 갑 홍어를 즐길 줄 아는 친구랑은 방문의사 있어도 쟁반 보쌈으로는 재방문의사 없음,0,0,0,0,0,0,0,230,"주문, 대기"
kakao,할머니의레시피,신프란,8.0,2025-04-23,,,웨이팅 길고 자리 안내하는 넘은 정말 싸가지없고 모욕 수준이다 별 하나도 아깝다. 이런 자세로 장사하는거 욕이 나온다. 모욕 당하고 싶고 하루 기분 잡치고 싶으신 분들만 가세요. 다른 맛집도 많아요.,111,False,1.0,2.1,실버 레벨,웨이팅 길고 자리 안내하는 넘은 정말 싸가지없고 모욕 수준이다 별 하나도 아깝다. 이런 자세로 장사하는거 욕이 나온다. 모욕 당하고 싶고 하루 기분 잡치고 싶으신 분들만 가세요. 다른 맛집도 많아요.,웨이팅 길고 자리 안내하는 넘은 정말 싸가지없고 모욕 수준이다 별 하나도 아깝다 이런 자세로 장사하는거 욕이 나온다 모욕 당하고 싶고 하루 기분 잡치고 싶으신 분들만 가세요 다른 맛집도 많아요,0,0,0,0,0,0,0,111,"안내, 웨이팅"
naver,금금 성수점,냠냐ㅁㅁ,23.0,2026.03.03,1번째 방문,영수증,묵은지 참치말이 보리된장국수 문어간장비빔밥 먹엇어요!! 제 원픽은 보리된장국수💗 다른것도 맛잇는데 입맛에 제일 맛잇는건 국수엿어요 사장님도 친절하시고 너무 맛잇게 잘먹엇습니다😊,98,True,,,,묵은지 참치말이 보리된장국수 문어간장비빔밥 먹엇어요!! 제 원픽은 보리된장국수💗 다른것도 맛잇는데 입맛에 제일 맛잇는건 국수엿어요 사장님도 친절하시고 너무 맛잇게 잘먹엇습니다😊,묵은지 참치말이 보리된장국수 문어간장비빔밥 먹엇어요 EXCLAM 제 원픽은 보리된장국수 EMO_POS 다른것도 맛잇는데 입맛에 제일 맛잇는건 국수엿어요 사장님도 친절하시고 너무 맛잇게 잘먹엇습니다 EMO_POS,1,0,0,0,1,0,0,98,"친절, 사장님"
kakao,육산장 홍대본점,규민,1.0,2025-10-26,,,사장님 직원분들 너무 친절하셔서 웃으면서 먹고 갔어요!!,31,True,5.0,5.0,브론즈 레벨,사장님 직원분들 너무 친절하셔서 웃으면서 먹고 갔어요!!,사장님 직원분들 너무 친절하셔서 웃으면서 먹고 갔어요 EXCLAM,0,0,0,0,1,0,0,31,"친절, 직원, 사장님"
naver,금금 성수점,호준285,20.0,2026.04.12,1번째 방문,영수증,완전 맛있어용!! 친절하시고 짱이네요 다음에도 올게요^^,31,True,,,,완전 맛있어용!! 친절하시고 짱이네요 다음에도 올게요^^,완전 맛있어용 EXCLAM 친절하시고 짱이네요 다음에도 올게요,0,0,0,0,1,0,0,31,친절
naver,옥동식,jiny2335,143.0,2025.05.09,1번째 방문,영수증,평일 11시고 비가 와서 그런가 줄은 없었는데 오픈시간 되자마자 사람들 와서 만석됨. 자릿수 자체가 적은 편. 음식은 깔끔했고 정갈했음. 보통과 특은 그릇 크기는 같은데 고기 양 차이인듯? 특 고기 엄청 많았음. 밥과 육수는 리필 가능. 깨끗하고 직원분들도 빠릿빠릿함. 근데 테이블 배치상? 그리고 조명도 어둡고 뭔가 시끄러운 분위기 아니고 밥만 먹고 다들 바로 일어나는 분위기라 회전은 빠른듯. 맛은 있는데 그래도 결국은 돼지국밥임. 정성껏 기름 겉어낸 느낌나는 깔끔한 돼지국밥 ㅎㅎ 만두는 그냥그저 그런 맛 ㅎ,287,True,,,,평일 11시고 비가 와서 그런가 줄은 없었는데 오픈시간 되자마자 사람들 와서 만석됨. 자릿수 자체가 적은 편. 음식은 깔끔했고 정갈했음. 보통과 특은 그릇 크기는 같은데 고기 양 차이인듯? 특 고기 엄청 많았음. 밥과 육수는 리필 가능. 깨끗하고 직원분들도 빠릿빠릿함. 근데 테이블 배치상? 그리고 조명도 어둡고 뭔가 시끄러운 분위기 아니고 밥만 먹고 다들 바로 일어나는 분위기라 회전은 빠른듯. 맛은 있는데 그래도 결국은 돼지국밥임. 정성껏 기름 겉어낸 느낌나는 깔끔한 돼지국밥 ㅎㅎ 만두는 그냥그저 그런 맛 ㅎ,평일 11시고 비가 와서 그런가 줄은 없었는데 오픈시간 되자마자 사람들 와서 만석됨 자릿수 자체가 적은 편 음식은 깔끔했고 정갈했음 보통과 특은 그릇 크기는 같은데 고기 양 차이인듯 QUESTION 특 고기 엄청 많았음 밥과 육수는 리필 가능 깨끗하고 직원분들도 빠릿빠릿함 근데 테이블 배치상 QUESTION 그리고 조명도 어둡고 뭔가 시끄러운 분위기 아니고 밥만 먹고 다들 바로 일어나는 분위기라 회전은 빠른듯 맛은 있는데 그래도 결국은 돼지국밥임 정성껏 기름 겉어낸 느낌나는 깔끔한 돼지국밥 만두는 그냥그저 그런 맛,0,0,0,0,0,1,1,287,직원
kakao,뼈탄집 성수역점,윤,3.0,2026-04-03,,,너무 맛있고 친절합니다아,13,True,5.0,5.0,브론즈 레벨,너무 맛있고 친절합니다아,너무 맛있고 친절합니다아,0,0,0,0,0,0,0,13,친절
kakao,각시보쌈,도쿄도쿄,38.0,2025-02-08,,,웨이팅 안하면 괜찮다고 생각하지만~ 시간 잘 못맞추면 사람 너무 많다 ㅎㅎ,41,False,4.0,4.6,실버 레벨,웨이팅 안하면 괜찮다고 생각하지만~ 시간 잘 못맞추면 사람 너무 많다 ㅎㅎ,웨이팅 안하면 괜찮다고 생각하지만 시간 잘 못맞추면 사람 너무 많다,0,0,0,0,0,0,0,41,웨이팅
naver,보끔당 성수점,klee10,23.0,2026.03.31,1번째 방문,영수증,진ㅋ자 맛잇는 보끔당 최애 닭볶음탕집인네 평일 저녁에도 사람 짘짜 많아요 배달주문도 왕창인 짱맛집 요즘 날씨엔 문열어주셔서 노상느낌 대박이엠!,79,True,,,,진ㅋ자 맛잇는 보끔당 최애 닭볶음탕집인네 평일 저녁에도 사람 짘짜 많아요 배달주문도 왕창인 짱맛집 요즘 날씨엔 문열어주셔서 노상느낌 대박이엠!,진 자 맛잇는 보끔당 최애 닭볶음탕집인네 평일 저녁에도 사람 짘짜 많아요 배달주문도 왕창인 짱맛집 요즘 날씨엔 문열어주셔서 노상느낌 대박이엠 EXCLAM,0,0,0,0,1,0,0,79,주문
naver,능동미나리 성수지점,술병난꼬부깅,1215.0,2026.01.10,2번째 방문,영수증,🌟🌟🌟🌟🌟 애정하는 곳인데 웨이팅이 부담스러워서 잘 못가는곳 그래도 요즘은 좀 나아진듯해요. 10분만에 드감. 소꼬리찜은 처음 먹었는데 소꼬리찜두 최고👍🏻 육회는 지난번에는 너무 맛있었는데 이번에는 속이 너무 얼어있었음🥲,123,True,,,,🌟🌟🌟🌟🌟 애정하는 곳인데 웨이팅이 부담스러워서 잘 못가는곳 그래도 요즘은 좀 나아진듯해요. 10분만에 드감. 소꼬리찜은 처음 먹었는데 소꼬리찜두 최고👍🏻 육회는 지난번에는 너무 맛있었는데 이번에는 속이 너무 얼어있었음🥲,애정하는 곳인데 웨이팅이 부담스러워서 잘 못가는곳 그래도 요즘은 좀 나아진듯해요 10분만에 드감 소꼬리찜은 처음 먹었는데 소꼬리찜두 최고 EMO_POS 육회는 지난번에는 너무 맛있었는데 이번에는 속이 너무 얼어있었음,1,0,0,0,0,0,1,123,웨이팅
naver,능동미나리 성수지점,민들레189,354.0,2025.08.09,1번째 방문,영수증,작년 서울 여행 왔을때 먹고 싶었지만 못먹었던 기억에 다시한번 찾아갔어요. 😊늦은시간(마감1시간 전) 이라 웨이팅 없이 바로 들어갔어요. 🎶 미나리 곱창전골을 먹었어요. 😋 기본 육수가 너무 맛있어 곱창전골도 맛있었어요. 쫄깃한 곱창과 매워보이지만 전혀 맵지않고 찐하게 맛있었어요. 👍🏽👍🏽,162,True,,,,작년 서울 여행 왔을때 먹고 싶었지만 못먹었던 기억에 다시한번 찾아갔어요. 😊늦은시간(마감1시간 전) 이라 웨이팅 없이 바로 들어갔어요. 🎶 미나리 곱창전골을 먹었어요. 😋 기본 육수가 너무 맛있어 곱창전골도 맛있었어요. 쫄깃한 곱창과 매워보이지만 전혀 맵지않고 찐하게 맛있었어요. 👍🏽👍🏽,작년 서울 여행 왔을때 먹고 싶었지만 못먹었던 기억에 다시한번 찾아갔어요 EMO_POS 늦은시간 마감1시간 전 이라 웨이팅 없이 바로 들어갔어요 미나리 곱창전골을 먹었어요 EMO_POS 기본 육수가 너무 맛있어 곱창전골도 맛있었어요 쫄깃한 곱창과 매워보이지만 전혀 맵지않고 찐하게 맛있었어요 EMO_POS EMO_POS,1,0,0,0,0,0,1,162,웨이팅
kakao,락희옥 마포본점,지지,3.0,2025-02-06,,,"가격대는 좀 나가지만, 맛이 모두 훌륭합니다.. 그리고 모든 직원들이 정말 친절해서 너무 기분이 좋았어요 재방문 의사 10000%",72,True,5.0,3.7,브론즈 레벨,"가격대는 좀 나가지만, 맛이 모두 훌륭합니다.. 그리고 모든 직원들이 정말 친절해서 너무 기분이 좋았어요 재방문 의사 10000%",가격대는 좀 나가지만 맛이 모두 훌륭합니다 그리고 모든 직원들이 정말 친절해서 너무 기분이 좋았어요 재방문 의사 10000,0,0,0,0,0,0,1,72,"친절, 직원"
naver,각시보쌈,해피바이러스4149,3.0,2026.03.15,1번째 방문,영수증,"전엔 이러지 않았는데 서비스 너무 엉망입니다. 다신 안갑니다. 1) 벨이 없는 것까진 이해하나, 적어도 부르고 알겠다고 했음 와야하는 거 아닌가요? 결국 직접 가서 요청했습니다. 그리고 직원분 하는 말 들었는데 ""아 포장해달래?""라고 하시더군요. 그럼 저희가 부른 걸 인지하고 있었다는 건데 왜 그리 행동 하세요? 2) 전에는 콩나물국 리필하면 콩나물까지 다시 떠서 갔다 줬는데 오늘은 달라고 하니 그냥 주전자 가지고 와서 국물만 왕창 리필(한번 리필했습니다) 3) 남은 거 포장 요청하니 앞에서 장갑 끼고 막고 그리고 상식적으로 손님 포장해줄 용기를 본인 앞치마에 대고 있음 어떡합니다? 여긴 직원들 위생 교육도 안시키나요? 숟가락 젓가락엔 뭐가 많이 묻어있던데 세척한 거 맞나요? 안묻어있는거 찾는라 힘들었음",398,True,,,,"전엔 이러지 않았는데 서비스 너무 엉망입니다. 다신 안갑니다. 1) 벨이 없는 것까진 이해하나, 적어도 부르고 알겠다고 했음 와야하는 거 아닌가요? 결국 직접 가서 요청했습니다. 그리고 직원분 하는 말 들었는데 ""아 포장해달래?""라고 하시더군요. 그럼 저희가 부른 걸 인지하고 있었다는 건데 왜 그리 행동 하세요? 2) 전에는 콩나물국 리필하면 콩나물까지 다시 떠서 갔다 줬는데 오늘은 달라고 하니 그냥 주전자 가지고 와서 국물만 왕창 리필(한번 리필했습니다) 3) 남은 거 포장 요청하니 앞에서 장갑 끼고 막고 그리고 상식적으로 손님 포장해줄 용기를 본인 앞치마에 대고 있음 어떡합니다? 여긴 직원들 위생 교육도 안시키나요? 숟가락 젓가락엔 뭐가 많이 묻어있던데 세척한 거 맞나요? 안묻어있는거 찾는라 힘들었음",전엔 이러지 않았는데 서비스 너무 엉망입니다 다신 안갑니다 1 벨이 없는 것까진 이해하나 적어도 부르고 알겠다고 했음 와야하는 거 아닌가요 QUESTION 결국 직접 가서 요청했습니다 그리고 직원분 하는 말 들었는데 아 포장해달래 QUESTION 라고 하시더군요 그럼 저희가 부른 걸 인지하고 있었다는 건데 왜 그리 행동 하세요 QUESTION 2 전에는 콩나물국 리필하면 콩나물까지 다시 떠서 갔다 줬는데 오늘은 달라고 하니 그냥 주전자 가지고 와서 국물만 왕창 리필 한번 리필했습니다 3 남은 거 포장 요청하니 앞에서 장갑 끼고 막고 그리고 상식적으로 손님 포장해줄 용기를 본인 앞치마에 대고 있음 어떡합니다 QUESTION 여긴 직원들 위생 교육도 안시키나요 QUESTION 숟가락 젓가락엔 뭐가 많이 묻어있던데 세척한 거 맞나요 QUESTION 안묻어있는거 찾는라 힘들었음,0,0,0,0,0,1,1,398,"서비스, 직원"
naver,원조 조박집 본관,sal****,94.0,2025.05.08,1번째 방문,예약,간이 대체적으로 슴슴하고 익숙한 맛이라 좋았어요 불판 불 조절하는게 반대로 된 테이블인데 직원분들 안내도 없고 고기 타는데 물어보니 오는 사람마다 불 조절 방법 방향 다르게 말해줘 좀 아쉽습니다,108,True,,,,간이 대체적으로 슴슴하고 익숙한 맛이라 좋았어요 불판 불 조절하는게 반대로 된 테이블인데 직원분들 안내도 없고 고기 타는데 물어보니 오는 사람마다 불 조절 방법 방향 다르게 말해줘 좀 아쉽습니다,간이 대체적으로 슴슴하고 익숙한 맛이라 좋았어요 불판 불 조절하는게 반대로 된 테이블인데 직원분들 안내도 없고 고기 타는데 물어보니 오는 사람마다 불 조절 방법 방향 다르게 말해줘 좀 아쉽습니다,0,0,0,0,0,0,0,108,"직원, 안내"
naver,원조 조박집 본관,seouler,607.0,2025.08.30,1번째 방문,영수증,오랜만에 갔는데도 사람이 많네요. 1인분 양이 그렇게 많진 않은거 같아요 친절하고 깔끔합니다,51,False,,,,오랜만에 갔는데도 사람이 많네요. 1인분 양이 그렇게 많진 않은거 같아요 친절하고 깔끔합니다,오랜만에 갔는데도 사람이 많네요 1인분 양이 그렇게 많진 않은거 같아요 친절하고 깔끔합니다,0,0,0,0,0,0,1,51,친절
naver,홍대 육지,tot****,33.0,2026.04.12,1번째 방문,영수증,"진짜 간만에 제대로 된 고기 먹고 왔어요. 고기 질이 너무 좋아서 잡내 하나 없고, 씹을 때마다 육즙이 팡팡 터지네요. 밑반찬도 정갈하고 고기랑 조합이 예술입니다. 직원분들도 친절하셔서 기분 좋게 식사했어요. 조만간 또 방문할 예정입니다",132,True,,,,"진짜 간만에 제대로 된 고기 먹고 왔어요. 고기 질이 너무 좋아서 잡내 하나 없고, 씹을 때마다 육즙이 팡팡 터지네요. 밑반찬도 정갈하고 고기랑 조합이 예술입니다. 직원분들도 친절하셔서 기분 좋게 식사했어요. 조만간 또 방문할 예정입니다",진짜 간만에 제대로 된 고기 먹고 왔어요 고기 질이 너무 좋아서 잡내 하나 없고 씹을 때마다 육즙이 팡팡 터지네요 밑반찬도 정갈하고 고기랑 조합이 예술입니다 직원분들도 친절하셔서 기분 좋게 식사했어요 조만간 또 방문할 예정입니다,0,0,0,0,0,0,0,132,"친절, 직원"
naver,굴다리식당,SM눈사람,120.0,2025.04.27,1번째 방문,영수증,오랜만에 굴다리식당에 다녀왔습니다~ 예전에 회사다닐 때 단골이었는데 최근 후기에 안좋은 후기가 있길래 걱정하면서 다녀왔어요. 하지만 여전히 예전 맛 그대로 맛있었고 사장님도 정말 친절하셨어요:) 너무 맛나게 잘 먹고 갑니다:),126,True,,,,오랜만에 굴다리식당에 다녀왔습니다~ 예전에 회사다닐 때 단골이었는데 최근 후기에 안좋은 후기가 있길래 걱정하면서 다녀왔어요. 하지만 여전히 예전 맛 그대로 맛있었고 사장님도 정말 친절하셨어요:) 너무 맛나게 잘 먹고 갑니다:),오랜만에 굴다리식당에 다녀왔습니다 예전에 회사다닐 때 단골이었는데 최근 후기에 안좋은 후기가 있길래 걱정하면서 다녀왔어요 하지만 여전히 예전 맛 그대로 맛있었고 사장님도 정말 친절하셨어요 너무 맛나게 잘 먹고 갑니다,0,0,0,0,0,0,0,126,"친절, 사장님"
naver,할머니의 레시피,하늘으,130.0,2026.03.22,1번째 방문,영수증,"처음에는 5살 아이도 1인 1메뉴 주문이 필요하다고 해서, 혹시 많이 남기지 않을까 조금 걱정했어요. 평소에는 그렇게 많이 먹는 편이 아닌데, 이날은 음식이 너무 맛있었는지 전부 다 먹었습니다. 아이도 정말 만족한 식사였던 것 같아요 😊",132,True,,,,"처음에는 5살 아이도 1인 1메뉴 주문이 필요하다고 해서, 혹시 많이 남기지 않을까 조금 걱정했어요. 평소에는 그렇게 많이 먹는 편이 아닌데, 이날은 음식이 너무 맛있었는지 전부 다 먹었습니다. 아이도 정말 만족한 식사였던 것 같아요 😊",처음에는 5살 아이도 1인 1메뉴 주문이 필요하다고 해서 혹시 많이 남기지 않을까 조금 걱정했어요 평소에는 그렇게 많이 먹는 편이 아닌데 이날은 음식이 너무 맛있었는지 전부 다 먹었습니다 아이도 정말 만족한 식사였던 것 같아요 EMO_POS,1,0,0,0,0,0,1,132,주문
naver,락희옥 마포본점,먹짐,239.0,2026.01.10,1번째 방문,영수증,"좌석 정말 많고 쾌적함. 간편하게 네이버예약으로 시간대별 방문이 가능해서 예약해갔고, 무엇보다 콜키지프리! 정말 좋았다. 대표메뉴인 보쌈은 가격대비 양이 많진 않지만 무말랭이가 정말 맛있었다.. 고기는 좀 기름이 많아서 느끼했던 편. 계절메뉴였던 굴무침은 양념이 쎄긴했는데 채소가 많고 향이 좋아서 배불때 가볍게 먹을 수 있었다. 전체적으로 가격대가 있긴 한데, 쾌적한 분위기에서 한식과 와인을 먹을 수 있어 만족스러웠다.",236,True,,,,"좌석 정말 많고 쾌적함. 간편하게 네이버예약으로 시간대별 방문이 가능해서 예약해갔고, 무엇보다 콜키지프리! 정말 좋았다. 대표메뉴인 보쌈은 가격대비 양이 많진 않지만 무말랭이가 정말 맛있었다.. 고기는 좀 기름이 많아서 느끼했던 편. 계절메뉴였던 굴무침은 양념이 쎄긴했는데 채소가 많고 향이 좋아서 배불때 가볍게 먹을 수 있었다. 전체적으로 가격대가 있긴 한데, 쾌적한 분위기에서 한식과 와인을 먹을 수 있어 만족스러웠다.",좌석 정말 많고 쾌적함 간편하게 네이버예약으로 시간대별 방문이 가능해서 예약해갔고 무엇보다 콜키지프리 EXCLAM 정말 좋았다 대표메뉴인 보쌈은 가격대비 양이 많진 않지만 무말랭이가 정말 맛있었다 고기는 좀 기름이 많아서 느끼했던 편 계절메뉴였던 굴무침은 양념이 쎄긴했는데 채소가 많고 향이 좋아서 배불때 가볍게 먹을 수 있었다 전체적으로 가격대가 있긴 한데 쾌적한 분위기에서 한식과 와인을 먹을 수 있어 만족스러웠다,0,0,0,0,1,0,0,236,예약
naver,훼미리손칼국수보쌈,쿨제이1031,2359.0,2026.01.26,2번째 방문,영수증,"항상 웨이팅이 긴 집이라 평일 어지간한 시간에 방문하니 바로 먹을수있고 좋네요ㅎ 여긴 90%이상이 보쌈정식을 시키고 일하시는 분들도 정식 먹으라고 권유하십니다^^ 시그니처 메뉴이기도 하고 양도 푸짐해요. 보쌈고기,알배추에 소주 한잔 먹고 있으면 칼국수랑 밥(1인용) 갖다주세요. 고기누린내도 없고 식당도 깔끔하니 좋아요. 맛이 특별한 곳이라기보다 가성비 좋은 노포라고 보시면 됩니다",213,True,,,,"항상 웨이팅이 긴 집이라 평일 어지간한 시간에 방문하니 바로 먹을수있고 좋네요ㅎ 여긴 90%이상이 보쌈정식을 시키고 일하시는 분들도 정식 먹으라고 권유하십니다^^ 시그니처 메뉴이기도 하고 양도 푸짐해요. 보쌈고기,알배추에 소주 한잔 먹고 있으면 칼국수랑 밥(1인용) 갖다주세요. 고기누린내도 없고 식당도 깔끔하니 좋아요. 맛이 특별한 곳이라기보다 가성비 좋은 노포라고 보시면 됩니다",항상 웨이팅이 긴 집이라 평일 어지간한 시간에 방문하니 바로 먹을수있고 좋네요 여긴 90 이상이 보쌈정식을 시키고 일하시는 분들도 정식 먹으라고 권유하십니다 시그니처 메뉴이기도 하고 양도 푸짐해요 보쌈고기 알배추에 소주 한잔 먹고 있으면 칼국수랑 밥 1인용 갖다주세요 고기누린내도 없고 식당도 깔끔하니 좋아요 맛이 특별한 곳이라기보다 가성비 좋은 노포라고 보시면 됩니다,0,0,0,0,0,0,1,213,웨이팅
naver,장인닭갈비 홍대점,천동50,39.0,2025.12.25,1번째 방문,영수증,친절하고 맛있는 곳 홍대에 온다면 또 방문하고 싶어요☺️,31,True,,,,친절하고 맛있는 곳 홍대에 온다면 또 방문하고 싶어요☺️,친절하고 맛있는 곳 홍대에 온다면 또 방문하고 싶어요,0,0,0,0,0,0,0,31,친절
naver,소문난성수감자탕,lapr1mavera,102.0,2026.02.05,1번째 방문,영수증,매일 웨이팅이 길어서 먹어볼 생각을 못했는데 혼밥구역(?)이 따로 있다고 해서 도전! 정말로 바로 입장해서 증말 조아써요 ㅋㅋㅋㅋㅋㅋ 고기도 왕큰걸로 3개나 있고 넘 맛있었어요ㅠㅠ,100,True,,,,매일 웨이팅이 길어서 먹어볼 생각을 못했는데 혼밥구역(?)이 따로 있다고 해서 도전! 정말로 바로 입장해서 증말 조아써요 ㅋㅋㅋㅋㅋㅋ 고기도 왕큰걸로 3개나 있고 넘 맛있었어요ㅠㅠ,매일 웨이팅이 길어서 먹어볼 생각을 못했는데 혼밥구역 QUESTION 이 따로 있다고 해서 도전 EXCLAM 정말로 바로 입장해서 증말 조아써요 고기도 왕큰걸로 3개나 있고 넘 맛있었어요,0,0,0,1,1,1,1,100,웨이팅
kakao,원조조박집 본관,탐험하는 탐험가,2.0,2026-01-07,,,돼갈 일단 미쳤고 직원분들 너무 친절해요.. 🤍 또 올 집입니다!!!,38,False,5.0,3.0,브론즈 레벨,돼갈 일단 미쳤고 직원분들 너무 친절해요.. 🤍 또 올 집입니다!!!,돼갈 일단 미쳤고 직원분들 너무 친절해요 EMO_POS 또 올 집입니다 EXCLAM,1,0,0,0,1,0,0,38,"친절, 직원"
naver,락희옥 마포본점,jae****,20.0,2026.02.23,1번째 방문,영수증,"오늘이 두번째인데, 저녁에 오니 분위기가 더 아늑하고 좋네요. 음식도 맛있고, 서비스도 좋고 스탭들도 친절해요. 특별한 날 방문하시는 것 강추드립니다!!",85,True,,,,"오늘이 두번째인데, 저녁에 오니 분위기가 더 아늑하고 좋네요. 음식도 맛있고, 서비스도 좋고 스탭들도 친절해요. 특별한 날 방문하시는 것 강추드립니다!!",오늘이 두번째인데 저녁에 오니 분위기가 더 아늑하고 좋네요 음식도 맛있고 서비스도 좋고 스탭들도 친절해요 특별한 날 방문하시는 것 강추드립니다 EXCLAM,0,0,0,0,1,0,0,85,"서비스, 친절"
naver,황금콩밭,cho****,86.0,2025.12.13,1번째 방문,영수증,생두부 포장해와서 먹었어요 크림같이 부드럽고 고소한맛!! 포장은 대기없이 바로할수있어서 더 편하고 좋아요~~,60,True,,,,생두부 포장해와서 먹었어요 크림같이 부드럽고 고소한맛!! 포장은 대기없이 바로할수있어서 더 편하고 좋아요~~,생두부 포장해와서 먹었어요 크림같이 부드럽고 고소한맛 EXCLAM 포장은 대기없이 바로할수있어서 더 편하고 좋아요 TILDE,0,0,0,0,1,0,0,60,대기
naver,훼미리손칼국수보쌈,stella0902,1595.0,2026.02.13,2번째 방문,영수증,여기는 언제 가도 기분이 좋더라고요. 고기가 정말로 부드러우면서도 김치도 맛있고 밥과 칼국수까지 주는데도 15000원이면 정말로 가성비가 정말로 좋습니다. 평1점심시간 끝나고 가도 한 10분 정도 웨이팅 있었고. 운이 좋으면 웨이팅이 없을 수도 있습니다. 음식도 빠르게 나오면서도 가성비 좋은 곳으로 인정합니다. 자주 가고 싶은 곳 중에 한 곳이에요,195,True,,,,여기는 언제 가도 기분이 좋더라고요. 고기가 정말로 부드러우면서도 김치도 맛있고 밥과 칼국수까지 주는데도 15000원이면 정말로 가성비가 정말로 좋습니다. 평1점심시간 끝나고 가도 한 10분 정도 웨이팅 있었고. 운이 좋으면 웨이팅이 없을 수도 있습니다. 음식도 빠르게 나오면서도 가성비 좋은 곳으로 인정합니다. 자주 가고 싶은 곳 중에 한 곳이에요,여기는 언제 가도 기분이 좋더라고요 고기가 정말로 부드러우면서도 김치도 맛있고 밥과 칼국수까지 주는데도 15000원이면 정말로 가성비가 정말로 좋습니다 평1점심시간 끝나고 가도 한 10분 정도 웨이팅 있었고 운이 좋으면 웨이팅이 없을 수도 있습니다 음식도 빠르게 나오면서도 가성비 좋은 곳으로 인정합니다 자주 가고 싶은 곳 중에 한 곳이에요,0,0,0,0,0,0,1,195,웨이팅
kakao,소문난성수감자탕,앙,474.0,2025-06-21,,,저는 친절하고 양도 많고 맛있었어욤 고기도 부드럽고! 근데 원래 그런거같았는데 좀 안맵고 삼삼 달달 부드럽! 매운걸 좋아해서 살짝 아숩 근데 맛있었음,83,False,4.0,3.4,골드 레벨,저는 친절하고 양도 많고 맛있었어욤 고기도 부드럽고! 근데 원래 그런거같았는데 좀 안맵고 삼삼 달달 부드럽! 매운걸 좋아해서 살짝 아숩 근데 맛있었음,저는 친절하고 양도 많고 맛있었어욤 고기도 부드럽고 EXCLAM 근데 원래 그런거같았는데 좀 안맵고 삼삼 달달 부드럽 EXCLAM 매운걸 좋아해서 살짝 아숩 근데 맛있었음,0,0,0,0,1,0,0,83,친절
kakao,쭌곱창,이하준,1.0,2025-12-29,,,맛과 서비스가 짱!!! 👍👍👍,16,False,5.0,5.0,브론즈 레벨,맛과 서비스가 짱!!! 👍👍👍,맛과 서비스가 짱 EXCLAM EMO_POS EMO_POS EMO_POS,1,0,0,0,1,0,0,16,서비스
naver,뼈탄집 성수역점,깽이78,29.0,2026.04.16,1번째 방문,영수증,직장동료들과 방문 너무맛있구 고기를 구워주셔서 넘좋아요,30,True,,,,직장동료들과 방문 너무맛있구 고기를 구워주셔서 넘좋아요,직장동료들과 방문 너무맛있구 고기를 구워주셔서 넘좋아요,0,0,0,0,0,0,0,30,구워주
kakao,쭌곱창,...,6.0,2025-06-16,,,홍대 오랜만에 와서 어딜갈까 고민하다가 방문했습니다! 친절하시고 너무 맛있어요~ 다음에는 세트메뉴도 도전해보고 싶은 맛이네요!ㅎㅎ,72,False,5.0,3.5,브론즈 레벨,홍대 오랜만에 와서 어딜갈까 고민하다가 방문했습니다! 친절하시고 너무 맛있어요~ 다음에는 세트메뉴도 도전해보고 싶은 맛이네요!ㅎㅎ,홍대 오랜만에 와서 어딜갈까 고민하다가 방문했습니다 EXCLAM 친절하시고 너무 맛있어요 다음에는 세트메뉴도 도전해보고 싶은 맛이네요 EXCLAM,0,0,0,0,1,0,0,72,친절
naver,능동미나리 성수지점,dnp****,2.0,2026.01.17,1번째 방문,영수증,너무 맛있어요 직원분들도 친절하시고 자리 안내도 잘 해주시더라고요! 웨이팅 하는 이유가 있는 매장입니다ㅎ 특히 차돌곰탕 가장 맛있었어요,75,False,,,,너무 맛있어요 직원분들도 친절하시고 자리 안내도 잘 해주시더라고요! 웨이팅 하는 이유가 있는 매장입니다ㅎ 특히 차돌곰탕 가장 맛있었어요,너무 맛있어요 직원분들도 친절하시고 자리 안내도 잘 해주시더라고요 EXCLAM 웨이팅 하는 이유가 있는 매장입니다 특히 차돌곰탕 가장 맛있었어요,0,0,0,0,1,0,0,75,"친절, 직원, 안내, 웨이팅"
naver,장인닭갈비 홍대점,사과조아요,11.0,2026.04.12,1번째 방문,영수증,진짜 맛있어요!! 엄청 배고팠는데 다 익혀 나와서 바로 맛있게 먹었습니당👍🏻 직원분들께서도 너무 상냥하고 다정하시네요. 덕분에 더 기분 좋게 먹었습니다. 치즈 양도 많고 밥 비벼먹는거까지 완벽했습니다!! 다음에 재방문 의사 20000% 😀,133,True,,,,진짜 맛있어요!! 엄청 배고팠는데 다 익혀 나와서 바로 맛있게 먹었습니당👍🏻 직원분들께서도 너무 상냥하고 다정하시네요. 덕분에 더 기분 좋게 먹었습니다. 치즈 양도 많고 밥 비벼먹는거까지 완벽했습니다!! 다음에 재방문 의사 20000% 😀,진짜 맛있어요 EXCLAM 엄청 배고팠는데 다 익혀 나와서 바로 맛있게 먹었습니당 EMO_POS 직원분들께서도 너무 상냥하고 다정하시네요 덕분에 더 기분 좋게 먹었습니다 치즈 양도 많고 밥 비벼먹는거까지 완벽했습니다 EXCLAM 다음에 재방문 의사 20000 EMO_POS,1,0,0,0,1,0,1,133,직원
naver,성수족발,민쉬,545.0,2026.01.08,1번째 방문,예약,첫입은 레전든데 진짜빨리 물리는맛,18,True,,,,첫입은 레전든데 진짜빨리 물리는맛,첫입은 레전든데 진짜빨리 물리는맛,0,0,0,0,0,0,0,18,빨리
kakao,장인닭갈비 홍대점,경호,12.0,2026-03-21,,,공간이 넓직하고 창이 있어서 깔끔히 먹기 좋습니다 사람이 많아 조금 대기해서 들어갔는데 회전율은 꽤 빠른 것 같습니다 닭갈비 3인에 치즈2인시켜먹었는데 양도 많고 치즈도 풍족해서 배부르게 먹었습니다 2층기준 셀프바에서 깻잎 상추 가져다 드시면 되고 직원분들도 조금 바빠서 그렇지 친절히 응대해주셨네요 여럿이서 가서 한끼 맛있게 먹기 좋습니다 닭갈비 드시고 싶으시면 한 번 방문해보셔도 괜찮습니다,220,False,5.0,4.2,실버 레벨,공간이 넓직하고 창이 있어서 깔끔히 먹기 좋습니다 사람이 많아 조금 대기해서 들어갔는데 회전율은 꽤 빠른 것 같습니다 닭갈비 3인에 치즈2인시켜먹었는데 양도 많고 치즈도 풍족해서 배부르게 먹었습니다 2층기준 셀프바에서 깻잎 상추 가져다 드시면 되고 직원분들도 조금 바빠서 그렇지 친절히 응대해주셨네요 여럿이서 가서 한끼 맛있게 먹기 좋습니다 닭갈비 드시고 싶으시면 한 번 방문해보셔도 괜찮습니다,공간이 넓직하고 창이 있어서 깔끔히 먹기 좋습니다 사람이 많아 조금 대기해서 들어갔는데 회전율은 꽤 빠른 것 같습니다 닭갈비 3인에 치즈2인시켜먹었는데 양도 많고 치즈도 풍족해서 배부르게 먹었습니다 2층기준 셀프바에서 깻잎 상추 가져다 드시면 되고 직원분들도 조금 바빠서 그렇지 친절히 응대해주셨네요 여럿이서 가서 한끼 맛있게 먹기 좋습니다 닭갈비 드시고 싶으시면 한 번 방문해보셔도 괜찮습니다,0,0,0,0,0,0,1,220,"친절, 응대, 직원, 대기"
kakao,능동미나리 성수점,인사이트,98.0,2025-02-04,,,평일 점심시간대에 방문하였고 입구 웨이팅은 대략 20분 정도 걸린 것 같아요. 차례되면 바로바로 들어가는 게 아니라 테이블 인원 맞춰서 들어가서 저는 조금 차례가 밀려서 들어갔어요. 육회비빔밥 메뉴 주문 바로하고 기다렸는데 정말 한참을 기다려도 안 나오더라구요. 가열 조리 음식이면 이해를 하겠는데 비가열 조리 음식인 육회비빔밥이 이렇게 오래 걸리나 할 정도였어요. 그런데 저보다 한참 늦게 들어온 옆자리 4인 테이블은 같은 메뉴가 금방 나왔는데 그러고도 제 메뉴는 한참 뒤에 나오더라구요. 육회비빔밥 맛은 미나리가 많이 올라간 게 특징이긴한데 양념이 너무 단 맛이예요. 음식이나 서비스는 웨이팅이나 가격대에 비해선 실망이네요. 1번은 궁금해서 먹어봤는데 2번은 안 가고 싶네요.,380,True,2.0,4.0,골드 레벨,평일 점심시간대에 방문하였고 입구 웨이팅은 대략 20분 정도 걸린 것 같아요. 차례되면 바로바로 들어가는 게 아니라 테이블 인원 맞춰서 들어가서 저는 조금 차례가 밀려서 들어갔어요. 육회비빔밥 메뉴 주문 바로하고 기다렸는데 정말 한참을 기다려도 안 나오더라구요. 가열 조리 음식이면 이해를 하겠는데 비가열 조리 음식인 육회비빔밥이 이렇게 오래 걸리나 할 정도였어요. 그런데 저보다 한참 늦게 들어온 옆자리 4인 테이블은 같은 메뉴가 금방 나왔는데 그러고도 제 메뉴는 한참 뒤에 나오더라구요. 육회비빔밥 맛은 미나리가 많이 올라간 게 특징이긴한데 양념이 너무 단 맛이예요. 음식이나 서비스는 웨이팅이나 가격대에 비해선 실망이네요. 1번은 궁금해서 먹어봤는데 2번은 안 가고 싶네요.,평일 점심시간대에 방문하였고 입구 웨이팅은 대략 20분 정도 걸린 것 같아요 차례되면 바로바로 들어가는 게 아니라 테이블 인원 맞춰서 들어가서 저는 조금 차례가 밀려서 들어갔어요 육회비빔밥 메뉴 주문 바로하고 기다렸는데 정말 한참을 기다려도 안 나오더라구요 가열 조리 음식이면 이해를 하겠는데 비가열 조리 음식인 육회비빔밥이 이렇게 오래 걸리나 할 정도였어요 그런데 저보다 한참 늦게 들어온 옆자리 4인 테이블은 같은 메뉴가 금방 나왔는데 그러고도 제 메뉴는 한참 뒤에 나오더라구요 육회비빔밥 맛은 미나리가 많이 올라간 게 특징이긴한데 양념이 너무 단 맛이예요 음식이나 서비스는 웨이팅이나 가격대에 비해선 실망이네요 1번은 궁금해서 먹어봤는데 2번은 안 가고 싶네요,0,0,0,0,0,0,1,380,"서비스, 주문, 늦게, 웨이팅"
kakao,일등식당,빠밤,46.0,2026-03-24,,,고기가 야들야들하고 크고 시래기가 많아서 좋아요 국물은 생각보다 슴슴한 맛이예요! 막 엄청 특별한 맛은 아니지만 주기적으로 생각나서 방문하게 돼요 갈때마다 사람 많은데 회전율이 빨라서 금방 빠지고 대기가 길지 않아요 저희는 집앞이라 계속 방문할 예정이지만 굳이 멀리서 찾아와서 먹어볼 맛인가는 물음표 입니다!,172,False,4.0,3.0,실버 레벨,고기가 야들야들하고 크고 시래기가 많아서 좋아요 국물은 생각보다 슴슴한 맛이예요! 막 엄청 특별한 맛은 아니지만 주기적으로 생각나서 방문하게 돼요 갈때마다 사람 많은데 회전율이 빨라서 금방 빠지고 대기가 길지 않아요 저희는 집앞이라 계속 방문할 예정이지만 굳이 멀리서 찾아와서 먹어볼 맛인가는 물음표 입니다!,고기가 야들야들하고 크고 시래기가 많아서 좋아요 국물은 생각보다 슴슴한 맛이예요 EXCLAM 막 엄청 특별한 맛은 아니지만 주기적으로 생각나서 방문하게 돼요 갈때마다 사람 많은데 회전율이 빨라서 금방 빠지고 대기가 길지 않아요 저희는 집앞이라 계속 방문할 예정이지만 굳이 멀리서 찾아와서 먹어볼 맛인가는 물음표 입니다 EXCLAM,0,0,0,0,1,0,0,172,대기
naver,을밀대 평양냉면,stella0902,,2025.05.16,2번째 방문,영수증,매년 이맘때쯤 방문합니다. 평일 오후 3시 정도에 방문했고 그때쯤이면 사람이 많지 않아요. 물론 5월달에 방문해서 사람이 그렇게 많진 않았기 때문 하지만 여름이 되면 정말로 웨이팅이 쩌는 곳입니다. 예제는 좀 짰는데 요즘에는 괜찮습니다. 샘샘한 맛이 그대로 있고 면발은 순면은 아니지만 찰기가 살짝 있으면서도 뚝뚝 끊어집니다. 육수가 정말로 괜찮습니다. 그리고 녹두전은 제가 먹어본 녹두전 중에선 최고입니다. 녹두전이라고 하지만 고기가 굉장히 많이 들어 있습니다. 친절하십니다,266,True,,,,매년 이맘때쯤 방문합니다. 평일 오후 3시 정도에 방문했고 그때쯤이면 사람이 많지 않아요. 물론 5월달에 방문해서 사람이 그렇게 많진 않았기 때문 하지만 여름이 되면 정말로 웨이팅이 쩌는 곳입니다. 예제는 좀 짰는데 요즘에는 괜찮습니다. 샘샘한 맛이 그대로 있고 면발은 순면은 아니지만 찰기가 살짝 있으면서도 뚝뚝 끊어집니다. 육수가 정말로 괜찮습니다. 그리고 녹두전은 제가 먹어본 녹두전 중에선 최고입니다. 녹두전이라고 하지만 고기가 굉장히 많이 들어 있습니다. 친절하십니다,매년 이맘때쯤 방문합니다 평일 오후 3시 정도에 방문했고 그때쯤이면 사람이 많지 않아요 물론 5월달에 방문해서 사람이 그렇게 많진 않았기 때문 하지만 여름이 되면 정말로 웨이팅이 쩌는 곳입니다 예제는 좀 짰는데 요즘에는 괜찮습니다 샘샘한 맛이 그대로 있고 면발은 순면은 아니지만 찰기가 살짝 있으면서도 뚝뚝 끊어집니다 육수가 정말로 괜찮습니다 그리고 녹두전은 제가 먹어본 녹두전 중에선 최고입니다 녹두전이라고 하지만 고기가 굉장히 많이 들어 있습니다 친절하십니다,0,0,0,0,0,0,1,266,"친절, 웨이팅"
naver,굴다리식당,hahayjl,538.0,2026.04.02,1번째 방문,영수증,"여기 근처에 살았을 때도 유명하다고 나왔던 식당인데 혼자 갈 시간이 없어서 못갔고 서울에 들릴 일이 있어서 한번 가봤어요 김치찌개 한 그릇과 제육볶음 한 그릇 주문하려고 했는데 일단 제육볶음 한 그릇 먼저 주문했어요😄 기본상으로 김치찌개가 나와서 안 시키길 잘했다 싶었지 뭐예요? 😆😁 제육볶음은 엄청 짭짤하고 고기도 두꺼웠어요 이러한 제육볶음은 처음 먹어봤네요 양념 소스가 엄청 짠데도 뭔가 중독성 있는 맛이에요🤣😂😋 기본 반찬으로 매콤어묵과 계란말이가 나와서 너무 든든했고,그리고 기본상으로 김도 같이 나왔는데 손님이 먹었던 김그릇에 리필을 하는 건지 손님이 나가고 나오면 새 것으로 갈아주는 건지 그것은 모르겠더라고요 먹으면서도 찝찝했고 여쭤보고 싶었으나 직원분들이 나이 있으신 분들이라 꾹참고 먹었어요😭",397,True,,,,"여기 근처에 살았을 때도 유명하다고 나왔던 식당인데 혼자 갈 시간이 없어서 못갔고 서울에 들릴 일이 있어서 한번 가봤어요 김치찌개 한 그릇과 제육볶음 한 그릇 주문하려고 했는데 일단 제육볶음 한 그릇 먼저 주문했어요😄 기본상으로 김치찌개가 나와서 안 시키길 잘했다 싶었지 뭐예요? 😆😁 제육볶음은 엄청 짭짤하고 고기도 두꺼웠어요 이러한 제육볶음은 처음 먹어봤네요 양념 소스가 엄청 짠데도 뭔가 중독성 있는 맛이에요🤣😂😋 기본 반찬으로 매콤어묵과 계란말이가 나와서 너무 든든했고,그리고 기본상으로 김도 같이 나왔는데 손님이 먹었던 김그릇에 리필을 하는 건지 손님이 나가고 나오면 새 것으로 갈아주는 건지 그것은 모르겠더라고요 먹으면서도 찝찝했고 여쭤보고 싶었으나 직원분들이 나이 있으신 분들이라 꾹참고 먹었어요😭",여기 근처에 살았을 때도 유명하다고 나왔던 식당인데 혼자 갈 시간이 없어서 못갔고 서울에 들릴 일이 있어서 한번 가봤어요 김치찌개 한 그릇과 제육볶음 한 그릇 주문하려고 했는데 일단 제육볶음 한 그릇 먼저 주문했어요 EMO_POS 기본상으로 김치찌개가 나와서 안 시키길 잘했다 싶었지 뭐예요 QUESTION EMO_POS EMO_POS 제육볶음은 엄청 짭짤하고 고기도 두꺼웠어요 이러한 제육볶음은 처음 먹어봤네요 양념 소스가 엄청 짠데도 뭔가 중독성 있는 맛이에요 EMO_LAUGH EMO_LAUGH EMO_POS 기본 반찬으로 매콤어묵과 계란말이가 나와서 너무 든든했고 그리고 기본상으로 김도 같이 나왔는데 손님이 먹었던 김그릇에 리필을 하는 건지 손님이 나가고 나오면 새 것으로 갈아주는 건지 그것은 모르겠더라고요 먹으면서도 찝찝했고 여쭤보고 싶었으나 직원분들이 나이 있으신 분들이라 꾹참고 먹었어요 EMO_NEG,1,1,1,0,0,1,0,397,"직원, 주문"
kakao,락희옥 마포본점,미미,42.0,2025-07-25,,,맛은 있으나 양이 너무 적고.. 직원 개 불친절함.....,32,True,1.0,3.2,실버 레벨,맛은 있으나 양이 너무 적고.. 직원 개 불친절함.....,맛은 있으나 양이 너무 적고 직원 개 불친절함,0,0,0,0,0,0,0,32,"친절, 불친절, 직원"
kakao,훼미리손칼국수보쌈,moose,41.0,2025-07-28,,,오랜만에 방문했어요 오려고 좀 찾아보니 방송에도 나왔더라구요 무튼 웨이팅 있다고 해서 오픈 20분 전 쯤 도착했는데 앞에 아무도 없었는데 또 오픈하니 금방 차더라구요 서빙 하는 직원들이 친근한 반말?도 아닌 기분 좋지 않은 반말도 섞어서 하며 메뉴도 약간 강요하는 느낌이었어요 김치 종류는 전에 왔을때와 같았으나 여름이라 좀 익었더라구요 이건 어쩔 수 없죠 고기는 맛은 전이랑 비슷하거나 조금 떨어지고 양은 좀 줄었고 국수는 조금 짰어요 한번쯤 먹어보는것도 괜찮을 듯 싶으나 주변에 추천은 이제 못하겠어요 재 방문은 없어요,292,True,3.0,3.8,실버 레벨,오랜만에 방문했어요 오려고 좀 찾아보니 방송에도 나왔더라구요 무튼 웨이팅 있다고 해서 오픈 20분 전 쯤 도착했는데 앞에 아무도 없었는데 또 오픈하니 금방 차더라구요 서빙 하는 직원들이 친근한 반말?도 아닌 기분 좋지 않은 반말도 섞어서 하며 메뉴도 약간 강요하는 느낌이었어요 김치 종류는 전에 왔을때와 같았으나 여름이라 좀 익었더라구요 이건 어쩔 수 없죠 고기는 맛은 전이랑 비슷하거나 조금 떨어지고 양은 좀 줄었고 국수는 조금 짰어요 한번쯤 먹어보는것도 괜찮을 듯 싶으나 주변에 추천은 이제 못하겠어요 재 방문은 없어요,오랜만에 방문했어요 오려고 좀 찾아보니 방송에도 나왔더라구요 무튼 웨이팅 있다고 해서 오픈 20분 전 쯤 도착했는데 앞에 아무도 없었는데 또 오픈하니 금방 차더라구요 서빙 하는 직원들이 친근한 반말 QUESTION 도 아닌 기분 좋지 않은 반말도 섞어서 하며 메뉴도 약간 강요하는 느낌이었어요 김치 종류는 전에 왔을때와 같았으나 여름이라 좀 익었더라구요 이건 어쩔 수 없죠 고기는 맛은 전이랑 비슷하거나 조금 떨어지고 양은 좀 줄었고 국수는 조금 짰어요 한번쯤 먹어보는것도 괜찮을 듯 싶으나 주변에 추천은 이제 못하겠어요 재 방문은 없어요,0,0,0,0,0,1,1,292,"직원, 서빙, 웨이팅"
naver,훼미리손칼국수보쌈,ji37519,18.0,2025.07.19,1번째 방문,영수증,토요일 11시40분쯤에 도착하여 대략 30분가량 대기하고 들어갔습니다. 칼국수와 보쌈 중으로 주문했습니다. 주문하고 얼마 지나지않아 보쌈이 먼저 나왔는데 맛은 평범하였고 고기에 비계가 많았습니다. 칼국수는 센스있게 두그릇으로 나눠서 주셨습니다. 국물이 맛있었고 그 외에는 평범한 보쌈과 칼국수였습니다. 둘이 먹기에 양이 적당했습니다. 보쌈정식으로 주문한다면 가성비있는 차림을 먹을 수 있을 듯 하지만 웨이팅하면서까지 먹을 맛집은 아닙니다.,245,True,,,,토요일 11시40분쯤에 도착하여 대략 30분가량 대기하고 들어갔습니다. 칼국수와 보쌈 중으로 주문했습니다. 주문하고 얼마 지나지않아 보쌈이 먼저 나왔는데 맛은 평범하였고 고기에 비계가 많았습니다. 칼국수는 센스있게 두그릇으로 나눠서 주셨습니다. 국물이 맛있었고 그 외에는 평범한 보쌈과 칼국수였습니다. 둘이 먹기에 양이 적당했습니다. 보쌈정식으로 주문한다면 가성비있는 차림을 먹을 수 있을 듯 하지만 웨이팅하면서까지 먹을 맛집은 아닙니다.,토요일 11시40분쯤에 도착하여 대략 30분가량 대기하고 들어갔습니다 칼국수와 보쌈 중으로 주문했습니다 주문하고 얼마 지나지않아 보쌈이 먼저 나왔는데 맛은 평범하였고 고기에 비계가 많았습니다 칼국수는 센스있게 두그릇으로 나눠서 주셨습니다 국물이 맛있었고 그 외에는 평범한 보쌈과 칼국수였습니다 둘이 먹기에 양이 적당했습니다 보쌈정식으로 주문한다면 가성비있는 차림을 먹을 수 있을 듯 하지만 웨이팅하면서까지 먹을 맛집은 아닙니다,0,0,0,0,0,0,1,245,"주문, 웨이팅, 대기"
naver,뼈탄집 성수역점,dreamk,7.0,2026.03.23,1번째 방문,영수증,성수 맛집 인정 👍 뼈삼겹 진짜 맛있어요. 고기 자체도 좋고 직원분들이 직접 구워주셔서 더 맛있게 먹을 수 있었어요. 반찬도 하나하나 다 잘 어울리고 특히 표고와사비랑 고추장아찌 조합 최고였습니다. 된장찌개도 고기 듬뿍 들어가 있어서 만족스러웠어요. 매장 깔끔하고 친절해서 재방문 의사 있습니다!,165,True,,,,성수 맛집 인정 👍 뼈삼겹 진짜 맛있어요. 고기 자체도 좋고 직원분들이 직접 구워주셔서 더 맛있게 먹을 수 있었어요. 반찬도 하나하나 다 잘 어울리고 특히 표고와사비랑 고추장아찌 조합 최고였습니다. 된장찌개도 고기 듬뿍 들어가 있어서 만족스러웠어요. 매장 깔끔하고 친절해서 재방문 의사 있습니다!,성수 맛집 인정 EMO_POS 뼈삼겹 진짜 맛있어요 고기 자체도 좋고 직원분들이 직접 구워주셔서 더 맛있게 먹을 수 있었어요 반찬도 하나하나 다 잘 어울리고 특히 표고와사비랑 고추장아찌 조합 최고였습니다 된장찌개도 고기 듬뿍 들어가 있어서 만족스러웠어요 매장 깔끔하고 친절해서 재방문 의사 있습니다 EXCLAM,1,0,0,0,1,0,0,165,"친절, 직원, 구워주"
kakao,뼈탄집 성수역점,김수민,1.0,2026-02-28,,,직접 구워주시고 내부도 청결하고 직원분들도 친절하시고 좋아요 !!!! 먹느라ㅜ맨 처음에만 찍엇는데ㅜ다른 덧들도 진짜 마싯엇어요...,73,False,5.0,5.0,브론즈 레벨,직접 구워주시고 내부도 청결하고 직원분들도 친절하시고 좋아요 !!!! 먹느라ㅜ맨 처음에만 찍엇는데ㅜ다른 덧들도 진짜 마싯엇어요...,직접 구워주시고 내부도 청결하고 직원분들도 친절하시고 좋아요 EXCLAM 먹느라 맨 처음에만 찍엇는데 다른 덧들도 진짜 마싯엇어요,0,0,0,0,1,0,0,73,"친절, 직원, 구워주"
kakao,장인닭갈비 홍대점,객관안,115.0,2025-05-05,,,그냥 그래요~ 웨이팅 할 정도 전혀 아님,22,False,4.0,4.5,골드 레벨,그냥 그래요~ 웨이팅 할 정도 전혀 아님,그냥 그래요 웨이팅 할 정도 전혀 아님,0,0,0,0,0,0,0,22,웨이팅
naver,을밀대 평양냉면,petit somm,,2025.07.14,1번째 방문,예약,"반찬으로 나오는 무절임이 매콤달콤하니 맛있었다. 여타 평냉집들과 달리 살얼음이 있다. 대신 육수의 육향과 면의 메밀향이 약하다. 주전자에 담긴 따뜻한 육수가 오히려 육향이 많이 날 정도. 시간이 지나면서 얼음이 녹고 전분기가 풀리면서 좀더 나아진다. 시간대만 잘노리면 웨이팅 없어서, 근처에 산다면 종종 올만하다..",176,True,,,,"반찬으로 나오는 무절임이 매콤달콤하니 맛있었다. 여타 평냉집들과 달리 살얼음이 있다. 대신 육수의 육향과 면의 메밀향이 약하다. 주전자에 담긴 따뜻한 육수가 오히려 육향이 많이 날 정도. 시간이 지나면서 얼음이 녹고 전분기가 풀리면서 좀더 나아진다. 시간대만 잘노리면 웨이팅 없어서, 근처에 산다면 종종 올만하다..",반찬으로 나오는 무절임이 매콤달콤하니 맛있었다 여타 평냉집들과 달리 살얼음이 있다 대신 육수의 육향과 면의 메밀향이 약하다 주전자에 담긴 따뜻한 육수가 오히려 육향이 많이 날 정도 시간이 지나면서 얼음이 녹고 전분기가 풀리면서 좀더 나아진다 시간대만 잘노리면 웨이팅 없어서 근처에 산다면 종종 올만하다,0,0,0,0,0,0,0,176,웨이팅
kakao,옥동식 서교점,푸른소나무,191.0,2025-04-09,,,특으로 먹었는데 고기도 적당히 부드럽고 국물이 자극적이지 않고 참 괜찮더라구요. 간만에 국물까지 다 먹은 국밥이었습니다. 가게가 크지 않아 웨이팅이 좀 길다는게 단점 아닌 단점이네여 ㅠ,103,False,4.0,4.2,골드 레벨,특으로 먹었는데 고기도 적당히 부드럽고 국물이 자극적이지 않고 참 괜찮더라구요. 간만에 국물까지 다 먹은 국밥이었습니다. 가게가 크지 않아 웨이팅이 좀 길다는게 단점 아닌 단점이네여 ㅠ,특으로 먹었는데 고기도 적당히 부드럽고 국물이 자극적이지 않고 참 괜찮더라구요 간만에 국물까지 다 먹은 국밥이었습니다 가게가 크지 않아 웨이팅이 좀 길다는게 단점 아닌 단점이네여,0,0,0,0,0,0,0,103,웨이팅
kakao,뼈탄집 성수역점,냠냠,1.0,2026-01-01,,,고기 다 구워주시고 고기 진짜 부드럽고 맛있어요 ! 또 방문하고싶어요 !!,41,True,5.0,5.0,브론즈 레벨,고기 다 구워주시고 고기 진짜 부드럽고 맛있어요 ! 또 방문하고싶어요 !!,고기 다 구워주시고 고기 진짜 부드럽고 맛있어요 EXCLAM 또 방문하고싶어요 EXCLAM,0,0,0,0,1,0,0,41,구워주
naver,을밀대 평양냉면,Happy joy,638.0,2026.04.04,1번째 방문,영수증,"평양냉면으로 유명한 을밀대에 갔는데 역시나 웨이팅 줄이..... 8번째였는데 회전율이 빨라서 10여분만에 입장했어요 ^^ 각각 물냉면, 회냉면, 비빔냉면을 주문했어요. 맵찔이한테는 비냉 소스가 매웠지만 바삭 고소하고 감칠맛나는 녹두전 덕분에 맛있게 마무리했어요 ^^ 다음에도 녹두전은 필수에요 👍",165,True,,,,"평양냉면으로 유명한 을밀대에 갔는데 역시나 웨이팅 줄이..... 8번째였는데 회전율이 빨라서 10여분만에 입장했어요 ^^ 각각 물냉면, 회냉면, 비빔냉면을 주문했어요. 맵찔이한테는 비냉 소스가 매웠지만 바삭 고소하고 감칠맛나는 녹두전 덕분에 맛있게 마무리했어요 ^^ 다음에도 녹두전은 필수에요 👍",평양냉면으로 유명한 을밀대에 갔는데 역시나 웨이팅 줄이 8번째였는데 회전율이 빨라서 10여분만에 입장했어요 각각 물냉면 회냉면 비빔냉면을 주문했어요 맵찔이한테는 비냉 소스가 매웠지만 바삭 고소하고 감칠맛나는 녹두전 덕분에 맛있게 마무리했어요 다음에도 녹두전은 필수에요 EMO_POS,1,0,0,0,0,0,1,165,"주문, 웨이팅"
naver,능동미나리 성수지점,요미요미냠냠냠,76.0,2026.02.01,1번째 방문,영수증,능동미나리 먹으러 성수동 가요 넘넘 맛있고 음식도 빨리 나와서 좋아요,38,False,,,,능동미나리 먹으러 성수동 가요 넘넘 맛있고 음식도 빨리 나와서 좋아요,능동미나리 먹으러 성수동 가요 넘넘 맛있고 음식도 빨리 나와서 좋아요,0,0,0,0,0,0,0,38,빨리
kakao,소문난성수감자탕,미스터빈,216.0,2026-02-24,,,리뷰 보면 알겠지만 점원 태도 신경 안쓰는 편이지만 이 집은 개선이 좀 필요해보임 맛은 그냥 맛있는 감자탕임,60,True,2.0,3.3,실버 레벨,리뷰 보면 알겠지만 점원 태도 신경 안쓰는 편이지만 이 집은 개선이 좀 필요해보임 맛은 그냥 맛있는 감자탕임,리뷰 보면 알겠지만 점원 태도 신경 안쓰는 편이지만 이 집은 개선이 좀 필요해보임 맛은 그냥 맛있는 감자탕임,0,0,0,0,0,0,0,60,태도
naver,훼미리손칼국수보쌈,닉네임 고민하다 1시간 보낸 사람,1414.0,2026.03.23,3번째 방문,예약,오늘은 4인 정식. 오늘은 살짝 비계의 비율이 좀 더 높은 편. 아무렴 괜찮다. 옆에 테이블에서 주문한 3인 정식과 양을 비교해본다. 비슷한 것 같다. 남의 떡이 더 커보이는 걸까. 그래도 4인으로 와서 배부르게 먹었으니 됐다. 오늘도 웨이팅이 있었지만 생각보다 길진 않았다. 아마 기다리며 떠드느라 시간 가는 줄 몰랐을 수도 있다. 스페인에서 온 친구가 맛있어했다. 고기며 칼국수며 다 입에 맞아보였다. 다행이다. 외국인 관광객도 많은 편인데 채식주의자가 아니면 호불호 없는 맛도리인가보다.,275,True,,,,오늘은 4인 정식. 오늘은 살짝 비계의 비율이 좀 더 높은 편. 아무렴 괜찮다. 옆에 테이블에서 주문한 3인 정식과 양을 비교해본다. 비슷한 것 같다. 남의 떡이 더 커보이는 걸까. 그래도 4인으로 와서 배부르게 먹었으니 됐다. 오늘도 웨이팅이 있었지만 생각보다 길진 않았다. 아마 기다리며 떠드느라 시간 가는 줄 몰랐을 수도 있다. 스페인에서 온 친구가 맛있어했다. 고기며 칼국수며 다 입에 맞아보였다. 다행이다. 외국인 관광객도 많은 편인데 채식주의자가 아니면 호불호 없는 맛도리인가보다.,오늘은 4인 정식 오늘은 살짝 비계의 비율이 좀 더 높은 편 아무렴 괜찮다 옆에 테이블에서 주문한 3인 정식과 양을 비교해본다 비슷한 것 같다 남의 떡이 더 커보이는 걸까 그래도 4인으로 와서 배부르게 먹었으니 됐다 오늘도 웨이팅이 있었지만 생각보다 길진 않았다 아마 기다리며 떠드느라 시간 가는 줄 몰랐을 수도 있다 스페인에서 온 친구가 맛있어했다 고기며 칼국수며 다 입에 맞아보였다 다행이다 외국인 관광객도 많은 편인데 채식주의자가 아니면 호불호 없는 맛도리인가보다,0,0,0,0,0,0,1,275,"주문, 웨이팅"
naver,보끔당 성수점,이현정888,11.0,2026.03.31,1번째 방문,영수증,맛닜어요!!!!직원들도 친절했어요,18,True,,,,맛닜어요!!!!직원들도 친절했어요,맛닜어요 EXCLAM 직원들도 친절했어요,0,0,0,0,1,0,0,18,"친절, 직원"
naver,각시보쌈,Mdoremi,1550.0,2025.06.22,7번째 방문,영수증,늘 사람이 많은 곳 대기하고 들어갔네요 :) 반반보쌈 ·먹었어요 공기밥 주문하면 1.김치찌개 나와요 늘 맛있어요 👍,64,True,,,,늘 사람이 많은 곳 대기하고 들어갔네요 :) 반반보쌈 ·먹었어요 공기밥 주문하면 1.김치찌개 나와요 늘 맛있어요 👍,늘 사람이 많은 곳 대기하고 들어갔네요 반반보쌈 먹었어요 공기밥 주문하면 1 김치찌개 나와요 늘 맛있어요 EMO_POS,1,0,0,0,0,0,1,64,"주문, 대기"
naver,각시보쌈,제주 사는 피글렛,953.0,2025.07.26,1번째 방문,영수증,반묶음? 노랑 염색 머리 아주머니가 정말 정말 너무 불친절하셔서 더운날 다들 불쾌했어요 웨이팅 끝에 들어갔는데 매장이 너무 더워서 에어컨 온도좀 내려주실 수 있나요? 요청드리니 자기한테 말하지 말라해서 진심으로 띠용..? 그럼 누구한테 말해요? 하니까 누구한테 말해도 안된대요ㅋㅋㅋ 이게 무슨.. 에어컨 수동으로 저희가 못 내려서 요청한건데.. 차라리 여기서 온도 더 못 낮춰요 죄송해요 한마디만 하셧어도 그런가보다 햇을거에요 더운거 싫어서 다른 매장보다 불로 익히는 게 아니니 시원하겠지 해서 온건데 일행들 다 더워서 그냥 얼른 먹고 다음 2차 장소로 이동했어요ㅡㅡ 인생에서 겪은 불친절 맛집 원탑 축하드립니다👍🏻 보쌈 자체는 비계 부분이 적어서 덜 느끼하고 촉촉하니 맛있어요 다른 지점 갈게요;;,391,True,,,,반묶음? 노랑 염색 머리 아주머니가 정말 정말 너무 불친절하셔서 더운날 다들 불쾌했어요 웨이팅 끝에 들어갔는데 매장이 너무 더워서 에어컨 온도좀 내려주실 수 있나요? 요청드리니 자기한테 말하지 말라해서 진심으로 띠용..? 그럼 누구한테 말해요? 하니까 누구한테 말해도 안된대요ㅋㅋㅋ 이게 무슨.. 에어컨 수동으로 저희가 못 내려서 요청한건데.. 차라리 여기서 온도 더 못 낮춰요 죄송해요 한마디만 하셧어도 그런가보다 햇을거에요 더운거 싫어서 다른 매장보다 불로 익히는 게 아니니 시원하겠지 해서 온건데 일행들 다 더워서 그냥 얼른 먹고 다음 2차 장소로 이동했어요ㅡㅡ 인생에서 겪은 불친절 맛집 원탑 축하드립니다👍🏻 보쌈 자체는 비계 부분이 적어서 덜 느끼하고 촉촉하니 맛있어요 다른 지점 갈게요;;,반묶음 QUESTION 노랑 염색 머리 아주머니가 정말 정말 너무 불친절하셔서 더운날 다들 불쾌했어요 웨이팅 끝에 들어갔는데 매장이 너무 더워서 에어컨 온도좀 내려주실 수 있나요 QUESTION 요청드리니 자기한테 말하지 말라해서 진심으로 띠용 QUESTION 그럼 누구한테 말해요 QUESTION 하니까 누구한테 말해도 안된대요 이게 무슨 에어컨 수동으로 저희가 못 내려서 요청한건데 차라리 여기서 온도 더 못 낮춰요 죄송해요 한마디만 하셧어도 그런가보다 햇을거에요 더운거 싫어서 다른 매장보다 불로 익히는 게 아니니 시원하겠지 해서 온건데 일행들 다 더워서 그냥 얼른 먹고 다음 2차 장소로 이동했어요 인생에서 겪은 불친절 맛집 원탑 축하드립니다 EMO_POS 보쌈 자체는 비계 부분이 적어서 덜 느끼하고 촉촉하니 맛있어요 다른 지점 갈게요,1,0,0,0,0,1,1,391,"친절, 불친절, 웨이팅"
kakao,할머니의레시피,토실맘,1.0,2026-04-13,,,"어른 2명, 아기 3명 오픈 시간에 맞춰 입장했으나 어른 수에 비해 아동 수가 많다고 입장거절 당함 매우 당황스럽고 사전에 고지되어 있지 않은 내용이라 화가 났고 사장의 불친절한 태도에 더 기분이 나쁜 식당이였음 음식 맛도 못봤지만 다시는 가고 싶지않은 배려없는 식당",149,True,1.0,1.0,브론즈 레벨,"어른 2명, 아기 3명 오픈 시간에 맞춰 입장했으나 어른 수에 비해 아동 수가 많다고 입장거절 당함 매우 당황스럽고 사전에 고지되어 있지 않은 내용이라 화가 났고 사장의 불친절한 태도에 더 기분이 나쁜 식당이였음 음식 맛도 못봤지만 다시는 가고 싶지않은 배려없는 식당",어른 2명 아기 3명 오픈 시간에 맞춰 입장했으나 어른 수에 비해 아동 수가 많다고 입장거절 당함 매우 당황스럽고 사전에 고지되어 있지 않은 내용이라 화가 났고 사장의 불친절한 태도에 더 기분이 나쁜 식당이였음 음식 맛도 못봤지만 다시는 가고 싶지않은 배려없는 식당,0,0,0,0,0,0,1,149,"친절, 불친절, 태도"
kakao,육산장 홍대본점,정직남,61.0,2025-05-05,,,고기 퀄리티 미쳤고 분위기는 더 미쳤고!! 직원 분들도 친절하시고 맛있어요 ^^ 육산장 두번오세요 세번오세요~~,62,False,5.0,2.6,실버 레벨,고기 퀄리티 미쳤고 분위기는 더 미쳤고!! 직원 분들도 친절하시고 맛있어요 ^^ 육산장 두번오세요 세번오세요~~,고기 퀄리티 미쳤고 분위기는 더 미쳤고 EXCLAM 직원 분들도 친절하시고 맛있어요 육산장 두번오세요 세번오세요 TILDE,0,0,0,0,1,0,0,62,"친절, 직원"
kakao,홍대 조선시대,강명주 (바다),1.0,2026-01-16,,,직원분 친절하시고 넘 마싯어요,16,True,5.0,5.0,브론즈 레벨,직원분 친절하시고 넘 마싯어요,직원분 친절하시고 넘 마싯어요,0,0,0,0,0,0,0,16,"친절, 직원"
kakao,장인닭갈비 홍대점,so,4.0,2025-07-26,,,"알바생 사장님 전부 너무 불친절해요 기다려서 들어갔는데 기분 다상했네요 ,,",42,False,1.0,4.0,브론즈 레벨,"알바생 사장님 전부 너무 불친절해요 기다려서 들어갔는데 기분 다상했네요 ,,",알바생 사장님 전부 너무 불친절해요 기다려서 들어갔는데 기분 다상했네요,0,0,0,0,0,0,0,42,"친절, 불친절, 사장님, 알바"
naver,이태리국시 성수,맛집투어32,32.0,2026.05.09,1번째 방문,영수증,느끼할줄 알았는데 하나도 안느끼하고 맛있어요!! 대창도 냄새도 안나고 굿입니다 웨이팅 좀 있긴한데 그만한 값하는거같아요,66,True,,,,느끼할줄 알았는데 하나도 안느끼하고 맛있어요!! 대창도 냄새도 안나고 굿입니다 웨이팅 좀 있긴한데 그만한 값하는거같아요,느끼할줄 알았는데 하나도 안느끼하고 맛있어요 EXCLAM 대창도 냄새도 안나고 굿입니다 웨이팅 좀 있긴한데 그만한 값하는거같아요,0,0,0,0,1,0,0,66,웨이팅
naver,을밀대 평양냉면,Highsol,170.0,2026.03.01,1번째 방문,예약,을밀대는 역시 마포 본점 웨이팅 있어도 순식간에 입장해요,31,True,,,,을밀대는 역시 마포 본점 웨이팅 있어도 순식간에 입장해요,을밀대는 역시 마포 본점 웨이팅 있어도 순식간에 입장해요,0,0,0,0,0,0,0,31,웨이팅
kakao,소문난성수감자탕,Jesus,12.0,2025-07-06,,,식기 물통 너무 더럽다 그리고 주문하자 바로 나오는 공장처럼 나오니깐 간이 개맛없음 다신 안갈듯,53,False,1.0,2.6,실버 레벨,식기 물통 너무 더럽다 그리고 주문하자 바로 나오는 공장처럼 나오니깐 간이 개맛없음 다신 안갈듯,식기 물통 너무 더럽다 그리고 주문하자 바로 나오는 공장처럼 나오니깐 간이 개맛없음 다신 안갈듯,0,0,0,0,0,0,0,53,주문
naver,할머니의 레시피,fleek플리크,422.0,2025.04.06,1번째 방문,영수증,"고깃집 제외하고 한식집 찾기 어려운 성수동. (저만 모르나요....? ) 게다가 대기줄은 가게마다 어마어마하고,. (주말이라 당연한거겠죠?!) 딸이랑 데이트하다가 식사하러 들렀습니다. 양도 넉넉하고 찬이 다양해서 좋았어요~😁",125,False,,,,"고깃집 제외하고 한식집 찾기 어려운 성수동. (저만 모르나요....? ) 게다가 대기줄은 가게마다 어마어마하고,. (주말이라 당연한거겠죠?!) 딸이랑 데이트하다가 식사하러 들렀습니다. 양도 넉넉하고 찬이 다양해서 좋았어요~😁",고깃집 제외하고 한식집 찾기 어려운 성수동 저만 모르나요 QUESTION 게다가 대기줄은 가게마다 어마어마하고 주말이라 당연한거겠죠 QUESTION EXCLAM 딸이랑 데이트하다가 식사하러 들렀습니다 양도 넉넉하고 찬이 다양해서 좋았어요 EMO_POS,1,0,0,0,1,1,0,125,대기
naver,뼈탄집 성수역점,챈63,16.0,2026.04.20,1번째 방문,영수증,삼겹이랑 항정 시켰는데 진짜 너무 맛있어요. 뼈탄집의 장점은 다구워주시는거예요! 그리고 묵은지인가 같이 구워주시는 김치도 너무 맛있고 파절이도 넘 맛있어요ㅜ 전 고기도 맛있어야하고 사이드나 소스도 맛있어야 하는 편인데 여긴 다맛있어여ㅜㅜ 전지점 다가보고 싶어요 진짜 최고~!,153,True,,,,삼겹이랑 항정 시켰는데 진짜 너무 맛있어요. 뼈탄집의 장점은 다구워주시는거예요! 그리고 묵은지인가 같이 구워주시는 김치도 너무 맛있고 파절이도 넘 맛있어요ㅜ 전 고기도 맛있어야하고 사이드나 소스도 맛있어야 하는 편인데 여긴 다맛있어여ㅜㅜ 전지점 다가보고 싶어요 진짜 최고~!,삼겹이랑 항정 시켰는데 진짜 너무 맛있어요 뼈탄집의 장점은 다구워주시는거예요 EXCLAM 그리고 묵은지인가 같이 구워주시는 김치도 너무 맛있고 파절이도 넘 맛있어요 전 고기도 맛있어야하고 사이드나 소스도 맛있어야 하는 편인데 여긴 다맛있어여 전지점 다가보고 싶어요 진짜 최고 EXCLAM,0,0,0,1,1,0,0,153,구워주
kakao,원조조박집 본관,•,1.0,2026-04-22,,,진짜 별점 한개도 한개가 최소라서 누른거임 처음 2인분 시켰을때 나온 고기도 뼈만 크고 별로였는데 그냥 먹음 그리고는 불판 바꾸려하는데 주방 바로 앞이였음에도 불구하고 불판 갈아달라고 여러번 불렀는데도 대답만 네네 하고는 갈아주지도 않고 진짜 겨우겨우 불판 갈았고 밥도 주문했는데 네 만 하고 가져다 주지 않아서 한 세번 말해서 겨우 받음 이 세번도 진짜 힘들게 말함 다 먹고 진짜 겨우 불러서 식혜달라해서 먹는데 화룡점정으로 식혜에서 머리카락 나옴 진짜 최악이었음 직원도 여러명이었고 내가 멀리 있었던 것도 아닌데 뭐 하나 시키기도 힘들고 진짜 부르다 진빠져서 나중엔 지쳐서 포기함 물도 더 달라고 하려고 부르다가 그냥 안마심,351,True,1.0,1.0,브론즈 레벨,진짜 별점 한개도 한개가 최소라서 누른거임 처음 2인분 시켰을때 나온 고기도 뼈만 크고 별로였는데 그냥 먹음 그리고는 불판 바꾸려하는데 주방 바로 앞이였음에도 불구하고 불판 갈아달라고 여러번 불렀는데도 대답만 네네 하고는 갈아주지도 않고 진짜 겨우겨우 불판 갈았고 밥도 주문했는데 네 만 하고 가져다 주지 않아서 한 세번 말해서 겨우 받음 이 세번도 진짜 힘들게 말함 다 먹고 진짜 겨우 불러서 식혜달라해서 먹는데 화룡점정으로 식혜에서 머리카락 나옴 진짜 최악이었음 직원도 여러명이었고 내가 멀리 있었던 것도 아닌데 뭐 하나 시키기도 힘들고 진짜 부르다 진빠져서 나중엔 지쳐서 포기함 물도 더 달라고 하려고 부르다가 그냥 안마심,진짜 별점 한개도 한개가 최소라서 누른거임 처음 2인분 시켰을때 나온 고기도 뼈만 크고 별로였는데 그냥 먹음 그리고는 불판 바꾸려하는데 주방 바로 앞이였음에도 불구하고 불판 갈아달라고 여러번 불렀는데도 대답만 네네 하고는 갈아주지도 않고 진짜 겨우겨우 불판 갈았고 밥도 주문했는데 네 만 하고 가져다 주지 않아서 한 세번 말해서 겨우 받음 이 세번도 진짜 힘들게 말함 다 먹고 진짜 겨우 불러서 식혜달라해서 먹는데 화룡점정으로 식혜에서 머리카락 나옴 진짜 최악이었음 직원도 여러명이었고 내가 멀리 있었던 것도 아닌데 뭐 하나 시키기도 힘들고 진짜 부르다 진빠져서 나중엔 지쳐서 포기함 물도 더 달라고 하려고 부르다가 그냥 안마심,0,0,0,0,0,0,1,351,"직원, 주문"
naver,옥동식,돌아다,891.0,2026.01.21,1번째 방문,영수증,머리카락 나왔어요 평일 4시간 웨이팅,20,True,,,,머리카락 나왔어요 평일 4시간 웨이팅,머리카락 나왔어요 평일 4시간 웨이팅,0,0,0,0,0,0,1,20,웨이팅
naver,능동미나리 성수지점,yan****,30.0,2025.12.29,1번째 방문,영수증,"장사가 잘되는 매장이라 좌석을 늘리려는 점은 이해합니다. 다만 직원들이 계속 오가는 통로이자 식기 정리 공간 앞에 테이블이 배치되어 있어 식사 환경이 매우 불편했습니다. 식사 중 일부 직원이 바로 옆에서 잡담과 욕설을 하는 상황도 있었고, 그로 인해 불쾌감을 느꼈습니다. 좌석 배치와 직원 관리 전반에 대한 개선이 필요해 보입니다. 종종 방문하던 곳이었는데 성수점은 재방문하지 않을 것 같네요.",220,False,,,,"장사가 잘되는 매장이라 좌석을 늘리려는 점은 이해합니다. 다만 직원들이 계속 오가는 통로이자 식기 정리 공간 앞에 테이블이 배치되어 있어 식사 환경이 매우 불편했습니다. 식사 중 일부 직원이 바로 옆에서 잡담과 욕설을 하는 상황도 있었고, 그로 인해 불쾌감을 느꼈습니다. 좌석 배치와 직원 관리 전반에 대한 개선이 필요해 보입니다. 종종 방문하던 곳이었는데 성수점은 재방문하지 않을 것 같네요.",장사가 잘되는 매장이라 좌석을 늘리려는 점은 이해합니다 다만 직원들이 계속 오가는 통로이자 식기 정리 공간 앞에 테이블이 배치되어 있어 식사 환경이 매우 불편했습니다 식사 중 일부 직원이 바로 옆에서 잡담과 욕설을 하는 상황도 있었고 그로 인해 불쾌감을 느꼈습니다 좌석 배치와 직원 관리 전반에 대한 개선이 필요해 보입니다 종종 방문하던 곳이었는데 성수점은 재방문하지 않을 것 같네요,0,0,0,0,0,0,0,220,직원
naver,황금콩밭,키친94,608.0,2025.02.02,1번째 방문,예약,"설연휴가 끝나는 일요일 점심...새벽까지 밤새 달린 부대낀 속을 풀려고 편안한 음식 찾아 간 곳. 딱 점심시간에 갔더니 손님가득, 살짝 웨이팅 하고 들어감. 가족들 많고 교회끝나고 온 듯한 단체들도 보임. 정식 주문하니 음식이 한번에 나와 2인석 좁다고 넓은 자리로 옮겨주심. 정말 금방 카트 서너대 음식들 주르륵 나옴. 새빨간데 안매운 두부찌게 별거 안들어갔는데 감칠맛 끝내주고 따뜻한 호박전 맛없없.멸치까지 반찬 하나하나 맛있어서 계속 집어먹고 네모난 생두부 한입 먹고 맛있어서 소쿠리두부 추가주문. 밥대신 두부랑 반찬 먹다보니 밥 남길정도로 생두부 맛에 폭 빠짐. 엄마드리려고 각자 소쿠리두부 하나씩 포장해 왔다.바쁜데 지나가다 먹는법 설명해 주시고 이것저것 계속 챙겨주신 이모님들이 너무 친절하셨다.",395,True,,,,"설연휴가 끝나는 일요일 점심...새벽까지 밤새 달린 부대낀 속을 풀려고 편안한 음식 찾아 간 곳. 딱 점심시간에 갔더니 손님가득, 살짝 웨이팅 하고 들어감. 가족들 많고 교회끝나고 온 듯한 단체들도 보임. 정식 주문하니 음식이 한번에 나와 2인석 좁다고 넓은 자리로 옮겨주심. 정말 금방 카트 서너대 음식들 주르륵 나옴. 새빨간데 안매운 두부찌게 별거 안들어갔는데 감칠맛 끝내주고 따뜻한 호박전 맛없없.멸치까지 반찬 하나하나 맛있어서 계속 집어먹고 네모난 생두부 한입 먹고 맛있어서 소쿠리두부 추가주문. 밥대신 두부랑 반찬 먹다보니 밥 남길정도로 생두부 맛에 폭 빠짐. 엄마드리려고 각자 소쿠리두부 하나씩 포장해 왔다.바쁜데 지나가다 먹는법 설명해 주시고 이것저것 계속 챙겨주신 이모님들이 너무 친절하셨다.",설연휴가 끝나는 일요일 점심 새벽까지 밤새 달린 부대낀 속을 풀려고 편안한 음식 찾아 간 곳 딱 점심시간에 갔더니 손님가득 살짝 웨이팅 하고 들어감 가족들 많고 교회끝나고 온 듯한 단체들도 보임 정식 주문하니 음식이 한번에 나와 2인석 좁다고 넓은 자리로 옮겨주심 정말 금방 카트 서너대 음식들 주르륵 나옴 새빨간데 안매운 두부찌게 별거 안들어갔는데 감칠맛 끝내주고 따뜻한 호박전 맛없없 멸치까지 반찬 하나하나 맛있어서 계속 집어먹고 네모난 생두부 한입 먹고 맛있어서 소쿠리두부 추가주문 밥대신 두부랑 반찬 먹다보니 밥 남길정도로 생두부 맛에 폭 빠짐 엄마드리려고 각자 소쿠리두부 하나씩 포장해 왔다 바쁜데 지나가다 먹는법 설명해 주시고 이것저것 계속 챙겨주신 이모님들이 너무 친절하셨다,0,0,0,0,0,0,1,395,"친절, 주문, 설명, 웨이팅"
naver,을밀대 평양냉면,마포구 인간,32.0,2025.04.16,1번째 방문,예약,종종 가는 을밀대. 평일 1시반쯤 도착했고 1층쪽은 만석이여서 옆쪽으로 안내해주셔셔 좌식 공간으로갔어요. 녹두전+ 평냉 주문했는데 녹두전 주문하면 저렇게 김치가 같이 나와요. (평냉주문하면 안나옴) 주전자 육수 주시는데 이것도 맛있구 녹두전은 고기와 바삭하게 구운 맛이 좋더라구요 을밀대 물평냉이 슴슴하다고 하는데 저는 슴슴한 느낌이 잘 안들고 냉면 육수맛이 늘 적당하고 맛있어요. 먹고 나면 또 생각나는 맛이에요.,232,True,,,,종종 가는 을밀대. 평일 1시반쯤 도착했고 1층쪽은 만석이여서 옆쪽으로 안내해주셔셔 좌식 공간으로갔어요. 녹두전+ 평냉 주문했는데 녹두전 주문하면 저렇게 김치가 같이 나와요. (평냉주문하면 안나옴) 주전자 육수 주시는데 이것도 맛있구 녹두전은 고기와 바삭하게 구운 맛이 좋더라구요 을밀대 물평냉이 슴슴하다고 하는데 저는 슴슴한 느낌이 잘 안들고 냉면 육수맛이 늘 적당하고 맛있어요. 먹고 나면 또 생각나는 맛이에요.,종종 가는 을밀대 평일 1시반쯤 도착했고 1층쪽은 만석이여서 옆쪽으로 안내해주셔셔 좌식 공간으로갔어요 녹두전 평냉 주문했는데 녹두전 주문하면 저렇게 김치가 같이 나와요 평냉주문하면 안나옴 주전자 육수 주시는데 이것도 맛있구 녹두전은 고기와 바삭하게 구운 맛이 좋더라구요 을밀대 물평냉이 슴슴하다고 하는데 저는 슴슴한 느낌이 잘 안들고 냉면 육수맛이 늘 적당하고 맛있어요 먹고 나면 또 생각나는 맛이에요,0,0,0,0,0,0,1,232,"주문, 안내"
naver,홍대 육지,rou****,4.0,2026.04.28,1번째 방문,영수증,고기도 직접 다 구워주시고 너무 맛있어요!! 매장도 넓고 음식이 다 맛있어요!! 🧡😄,47,True,,,,고기도 직접 다 구워주시고 너무 맛있어요!! 매장도 넓고 음식이 다 맛있어요!! 🧡😄,고기도 직접 다 구워주시고 너무 맛있어요 EXCLAM 매장도 넓고 음식이 다 맛있어요 EXCLAM EMO_POS EMO_POS,1,0,0,0,1,0,0,47,구워주
naver,을밀대 평양냉면,잠츙이,1439.0,2025.08.03,1번째 방문,영수증,1시간 웨이팅 하고 먹은 거냉양많이 물냉 .. 👍🏼👍🏼👍🏼 진짜 너무 꼬소해요. 누룽지고기국 맛입니다. 3분컷,61,True,,,,1시간 웨이팅 하고 먹은 거냉양많이 물냉 .. 👍🏼👍🏼👍🏼 진짜 너무 꼬소해요. 누룽지고기국 맛입니다. 3분컷,1시간 웨이팅 하고 먹은 거냉양많이 물냉 EMO_POS EMO_POS EMO_POS 진짜 너무 꼬소해요 누룽지고기국 맛입니다 3분컷,1,0,0,0,0,0,1,61,웨이팅
naver,소문난성수감자탕,헐미키,952.0,2026.02.11,1번째 방문,예약,"성수명물 소문남감자탕에서 1인메뉴인 뼈해장국이 있어서 그걸로 주문했습니다. 시래기뼈해장국 13,000원으로 양 진~~짜 많아요!! 뼈도 많고 감자도 들어가 있고 시래기는 살짝 묵은지 같습니다. 맛있어요. 요즘 별관이 생겨서 그런지 오후 8시 쯤 갔는데도 웨이팅 많이 안했어요.",154,True,,,,"성수명물 소문남감자탕에서 1인메뉴인 뼈해장국이 있어서 그걸로 주문했습니다. 시래기뼈해장국 13,000원으로 양 진~~짜 많아요!! 뼈도 많고 감자도 들어가 있고 시래기는 살짝 묵은지 같습니다. 맛있어요. 요즘 별관이 생겨서 그런지 오후 8시 쯤 갔는데도 웨이팅 많이 안했어요.",성수명물 소문남감자탕에서 1인메뉴인 뼈해장국이 있어서 그걸로 주문했습니다 시래기뼈해장국 13 000원으로 양 진 TILDE 짜 많아요 EXCLAM 뼈도 많고 감자도 들어가 있고 시래기는 살짝 묵은지 같습니다 맛있어요 요즘 별관이 생겨서 그런지 오후 8시 쯤 갔는데도 웨이팅 많이 안했어요,0,0,0,0,1,0,1,154,"주문, 웨이팅"
naver,보끔당 성수점,alswhd958459,22.0,2026.04.24,1번째 방문,영수증,주문즉시 조리해 나와서 더 맛있어보여요! 너무 맛있게 잘먹었어요~^^ 성수 맛집!이네요!,49,True,,,,주문즉시 조리해 나와서 더 맛있어보여요! 너무 맛있게 잘먹었어요~^^ 성수 맛집!이네요!,주문즉시 조리해 나와서 더 맛있어보여요 EXCLAM 너무 맛있게 잘먹었어요 성수 맛집 EXCLAM 이네요 EXCLAM,0,0,0,0,1,0,0,49,주문
naver,옥동식,연 희,138.0,2026.02.05,1번째 방문,영수증,삼성카드 링크 혜택에 할인이 있길래 방문했어요 점심은 어느 시간대에 들어가도 45팀 대기중이고 예약이 어렵다고만 뜨길래 뭐지 싶어 찾아보니 보통 그냥 오픈런으로 다 끝나는 거더라구요 최근에 좀 고생한 일이 있어서 오늘은 기필코 먹겠다고 4시 반 예약 열리자마자 예약해서 20팀 안쪽으로 예약 성공했어요 그런데 웨이팅만 한다고 끝이 아니라 6번째가 됐을때부터 도착인증을 해야 돼서 웨이팅을 어떻게든 강제하는 느낌? 6번째 부터도 진짜 한참을 기다려야 하는데 이러면 원격 웨이팅의 취지가 너무 퇴색되지 않나 싶었습니다 시스템이 특이하고 처음 보는 방식이라 혼란스러웠는데 설명도 부실해 더 불친절한 시스템이라는 느낌이 들었어요 웨이팅 환경도 너무 안 좋아서 사람들이 자꾸 창을 통해서 안에서 먹는 사람들을 노려봄ㅋㅋㅋ,398,True,,,,삼성카드 링크 혜택에 할인이 있길래 방문했어요 점심은 어느 시간대에 들어가도 45팀 대기중이고 예약이 어렵다고만 뜨길래 뭐지 싶어 찾아보니 보통 그냥 오픈런으로 다 끝나는 거더라구요 최근에 좀 고생한 일이 있어서 오늘은 기필코 먹겠다고 4시 반 예약 열리자마자 예약해서 20팀 안쪽으로 예약 성공했어요 그런데 웨이팅만 한다고 끝이 아니라 6번째가 됐을때부터 도착인증을 해야 돼서 웨이팅을 어떻게든 강제하는 느낌? 6번째 부터도 진짜 한참을 기다려야 하는데 이러면 원격 웨이팅의 취지가 너무 퇴색되지 않나 싶었습니다 시스템이 특이하고 처음 보는 방식이라 혼란스러웠는데 설명도 부실해 더 불친절한 시스템이라는 느낌이 들었어요 웨이팅 환경도 너무 안 좋아서 사람들이 자꾸 창을 통해서 안에서 먹는 사람들을 노려봄ㅋㅋㅋ,삼성카드 링크 혜택에 할인이 있길래 방문했어요 점심은 어느 시간대에 들어가도 45팀 대기중이고 예약이 어렵다고만 뜨길래 뭐지 싶어 찾아보니 보통 그냥 오픈런으로 다 끝나는 거더라구요 최근에 좀 고생한 일이 있어서 오늘은 기필코 먹겠다고 4시 반 예약 열리자마자 예약해서 20팀 안쪽으로 예약 성공했어요 그런데 웨이팅만 한다고 끝이 아니라 6번째가 됐을때부터 도착인증을 해야 돼서 웨이팅을 어떻게든 강제하는 느낌 QUESTION 6번째 부터도 진짜 한참을 기다려야 하는데 이러면 원격 웨이팅의 취지가 너무 퇴색되지 않나 싶었습니다 시스템이 특이하고 처음 보는 방식이라 혼란스러웠는데 설명도 부실해 더 불친절한 시스템이라는 느낌이 들었어요 웨이팅 환경도 너무 안 좋아서 사람들이 자꾸 창을 통해서 안에서 먹는 사람들을 노려봄,0,0,0,0,0,1,1,398,"친절, 불친절, 설명, 웨이팅, 대기, 예약"
naver,일등식당,실버스톤과루피맘,866.0,2026.04.12,2번째 방문,영수증,주말 저녁에 아내와 함께 마포구 망원동의 전설적인 맛집 일등식당에 다녀왔습니다. 이곳은 워낙 유명한 곳이라 기대를 많이 했는데 매장에 들어서자마자 느껴지는 정겨운 분위기와 맛있는 냄새 덕분에 식사 전부터 기분이 좋았습니다. ​우리는 뼈해장국을 주문했는데 뚝배기 가득 담겨 나온 고기의 양에 깜짝 놀랐습니다. 뼈에 붙은 살코기가 정말 부드러워서 젓가락만 대도 쏙 빠질 정도였고 국물은 자극적이지 않으면서도 깊고 구수한 맛이 일품이었습니다. 아내도 잡내 없이 깔끔한 맛이라며 인생 해장국이라고 칭찬을 아끼지 않더군요. 곁들여 먹는 김치와 깍두기도 적당히 잘 익어서 해장국과 환상의 궁합을 자랑했습니다. ​망원동 인근에서 든든한 한 끼 식사나 제대로 된 뼈해장국을 찾으신다면 일등식당을 추천합니다.,387,True,,,,주말 저녁에 아내와 함께 마포구 망원동의 전설적인 맛집 일등식당에 다녀왔습니다. 이곳은 워낙 유명한 곳이라 기대를 많이 했는데 매장에 들어서자마자 느껴지는 정겨운 분위기와 맛있는 냄새 덕분에 식사 전부터 기분이 좋았습니다. ​우리는 뼈해장국을 주문했는데 뚝배기 가득 담겨 나온 고기의 양에 깜짝 놀랐습니다. 뼈에 붙은 살코기가 정말 부드러워서 젓가락만 대도 쏙 빠질 정도였고 국물은 자극적이지 않으면서도 깊고 구수한 맛이 일품이었습니다. 아내도 잡내 없이 깔끔한 맛이라며 인생 해장국이라고 칭찬을 아끼지 않더군요. 곁들여 먹는 김치와 깍두기도 적당히 잘 익어서 해장국과 환상의 궁합을 자랑했습니다. ​망원동 인근에서 든든한 한 끼 식사나 제대로 된 뼈해장국을 찾으신다면 일등식당을 추천합니다.,주말 저녁에 아내와 함께 마포구 망원동의 전설적인 맛집 일등식당에 다녀왔습니다 이곳은 워낙 유명한 곳이라 기대를 많이 했는데 매장에 들어서자마자 느껴지는 정겨운 분위기와 맛있는 냄새 덕분에 식사 전부터 기분이 좋았습니다 우리는 뼈해장국을 주문했는데 뚝배기 가득 담겨 나온 고기의 양에 깜짝 놀랐습니다 뼈에 붙은 살코기가 정말 부드러워서 젓가락만 대도 쏙 빠질 정도였고 국물은 자극적이지 않으면서도 깊고 구수한 맛이 일품이었습니다 아내도 잡내 없이 깔끔한 맛이라며 인생 해장국이라고 칭찬을 아끼지 않더군요 곁들여 먹는 김치와 깍두기도 적당히 잘 익어서 해장국과 환상의 궁합을 자랑했습니다 망원동 인근에서 든든한 한 끼 식사나 제대로 된 뼈해장국을 찾으신다면 일등식당을 추천합니다,0,0,0,0,0,0,0,387,주문
naver,소문난성수감자탕,미냥쿵,14.0,2025.12.04,1번째 방문,영수증,"직원분들은 반말하고, 계산하시는 분은 인사는 커녕 저와 한마디도 안하시네요. 인사는 안하는 스타일이시라고 해도 최소한 결제가 되었는지 아닌지는 말해줘야 제가 카드를 뽑고 나가지 않을까요? 기대하고 먹으러 간거였는데 다시 이용할 생각 없습니다.",135,False,,,,"직원분들은 반말하고, 계산하시는 분은 인사는 커녕 저와 한마디도 안하시네요. 인사는 안하는 스타일이시라고 해도 최소한 결제가 되었는지 아닌지는 말해줘야 제가 카드를 뽑고 나가지 않을까요? 기대하고 먹으러 간거였는데 다시 이용할 생각 없습니다.",직원분들은 반말하고 계산하시는 분은 인사는 커녕 저와 한마디도 안하시네요 인사는 안하는 스타일이시라고 해도 최소한 결제가 되었는지 아닌지는 말해줘야 제가 카드를 뽑고 나가지 않을까요 QUESTION 기대하고 먹으러 간거였는데 다시 이용할 생각 없습니다,0,0,0,0,0,1,0,135,직원
naver,장인닭갈비 홍대점,공림78,10.0,2026.04.12,1번째 방문,영수증,양도 많고 진자 맛있어용~!~!~!~! 음식도 빨리 나오고 넘 좋아용👍🏻👍🏻,42,True,,,,양도 많고 진자 맛있어용~!~!~!~! 음식도 빨리 나오고 넘 좋아용👍🏻👍🏻,양도 많고 진자 맛있어용 EXCLAM EXCLAM EXCLAM EXCLAM 음식도 빨리 나오고 넘 좋아용 EMO_POS EMO_POS,1,0,0,0,1,0,0,42,빨리
naver,을밀대 평양냉면,Ian lee,1338.0,2025.09.25,2번째 방문,영수증,"거냉으로 주문했고, 쨍한맛이 없어 다소 아쉬웠지먼 그래도 홀짝홀짝 다 마셨네요. 수육 보다는 녹두전이 낫습니다",61,True,,,,"거냉으로 주문했고, 쨍한맛이 없어 다소 아쉬웠지먼 그래도 홀짝홀짝 다 마셨네요. 수육 보다는 녹두전이 낫습니다",거냉으로 주문했고 쨍한맛이 없어 다소 아쉬웠지먼 그래도 홀짝홀짝 다 마셨네요 수육 보다는 녹두전이 낫습니다,0,0,0,0,0,0,0,61,주문
naver,원조 조박집 본관,wndwjs1031,573.0,2025.08.13,1번째 방문,영수증,8월13일 일산에서 염리동 원조조박집까지 오전부터 내린 집중호우로 도로곳곳에 물이차 승용차들은 운행을 멈추고 서있고 제2자유로 구간침수되었다는 소방관아저씨의안내로 1자유로쪽으로 우회하여 우여곡절끝에 도착한 조박집 먼저 도착한 일행이 고기를 구워놓고 있었다 주물럭과 돼디갈비를 시컸는데 고기가 너무 맛있었고 함께나온 동치미국수랑 식혜도 맛있었고 써비스메니져님중 고효진님께서 너무 친절하게 부족한 찬들을 요청드리기전 미리미리 챙겨주시는 센스에 감동했습니다. 이런분이 계셔서 조박직이 더 빛나는것같네요,277,True,,,,8월13일 일산에서 염리동 원조조박집까지 오전부터 내린 집중호우로 도로곳곳에 물이차 승용차들은 운행을 멈추고 서있고 제2자유로 구간침수되었다는 소방관아저씨의안내로 1자유로쪽으로 우회하여 우여곡절끝에 도착한 조박집 먼저 도착한 일행이 고기를 구워놓고 있었다 주물럭과 돼디갈비를 시컸는데 고기가 너무 맛있었고 함께나온 동치미국수랑 식혜도 맛있었고 써비스메니져님중 고효진님께서 너무 친절하게 부족한 찬들을 요청드리기전 미리미리 챙겨주시는 센스에 감동했습니다. 이런분이 계셔서 조박직이 더 빛나는것같네요,8월13일 일산에서 염리동 원조조박집까지 오전부터 내린 집중호우로 도로곳곳에 물이차 승용차들은 운행을 멈추고 서있고 제2자유로 구간침수되었다는 소방관아저씨의안내로 1자유로쪽으로 우회하여 우여곡절끝에 도착한 조박집 먼저 도착한 일행이 고기를 구워놓고 있었다 주물럭과 돼디갈비를 시컸는데 고기가 너무 맛있었고 함께나온 동치미국수랑 식혜도 맛있었고 써비스메니져님중 고효진님께서 너무 친절하게 부족한 찬들을 요청드리기전 미리미리 챙겨주시는 센스에 감동했습니다 이런분이 계셔서 조박직이 더 빛나는것같네요,0,0,0,0,0,0,1,277,"친절, 안내"
kakao,홍대 조선시대,지윤,1.0,2025-12-21,,,주말 저녁에 웨이팅이 조금 있긴 했는데 회전율도 좋고 직원분들이 친절해요 딸기막걸리 딸기라떼같고 완전 맛있어요💕💕,63,True,5.0,5.0,브론즈 레벨,주말 저녁에 웨이팅이 조금 있긴 했는데 회전율도 좋고 직원분들이 친절해요 딸기막걸리 딸기라떼같고 완전 맛있어요💕💕,주말 저녁에 웨이팅이 조금 있긴 했는데 회전율도 좋고 직원분들이 친절해요 딸기막걸리 딸기라떼같고 완전 맛있어요 EMO_POS EMO_POS,1,0,0,0,0,0,0,63,"친절, 직원, 웨이팅"
kakao,뼈탄집 성수역점,...,6.0,2025-12-09,,,뼈탄집 다른 지점들을 방문해보고 너무 맛있게 먹었어서 성수로도 방문했는데요! 역시나입니다 ㅠㅠ 고기가 입에서 살살 녹고 구워주셔서 너무 편해요!! 단체 회식이나 모임하기에도 좋고 성수 맛집으로 강력 추천드립니다!,118,True,5.0,5.0,브론즈 레벨,뼈탄집 다른 지점들을 방문해보고 너무 맛있게 먹었어서 성수로도 방문했는데요! 역시나입니다 ㅠㅠ 고기가 입에서 살살 녹고 구워주셔서 너무 편해요!! 단체 회식이나 모임하기에도 좋고 성수 맛집으로 강력 추천드립니다!,뼈탄집 다른 지점들을 방문해보고 너무 맛있게 먹었어서 성수로도 방문했는데요 EXCLAM 역시나입니다 고기가 입에서 살살 녹고 구워주셔서 너무 편해요 EXCLAM 단체 회식이나 모임하기에도 좋고 성수 맛집으로 강력 추천드립니다 EXCLAM,0,0,0,1,1,0,0,118,구워주
kakao,훼미리손칼국수보쌈,٩( ᐛ )و,16.0,2025-03-12,,,일행보다 먼저 도착했는데 일행 언제오냐고 눈치주는거 하나 없으시고 주문 미리했는데도 센스있게 일행 오고나서 보쌈주셨어요.. 사장님 센스에 감동했습니다👍🏼 물론 맛도 최고였습니다:),100,,5.0,3.8,실버 레벨,일행보다 먼저 도착했는데 일행 언제오냐고 눈치주는거 하나 없으시고 주문 미리했는데도 센스있게 일행 오고나서 보쌈주셨어요.. 사장님 센스에 감동했습니다👍🏼 물론 맛도 최고였습니다:),일행보다 먼저 도착했는데 일행 언제오냐고 눈치주는거 하나 없으시고 주문 미리했는데도 센스있게 일행 오고나서 보쌈주셨어요 사장님 센스에 감동했습니다 EMO_POS 물론 맛도 최고였습니다,1,0,0,0,0,0,0,100,"사장님, 주문"
naver,각시보쌈,coc****,394.0,2025.08.02,6번째 방문,영수증,언제나 바쁘시고 언제나 친절하시고 언제나 맛있는곳~~~~~😃,33,True,,,,언제나 바쁘시고 언제나 친절하시고 언제나 맛있는곳~~~~~😃,언제나 바쁘시고 언제나 친절하시고 언제나 맛있는곳 TILDE EMO_POS,1,0,0,0,0,0,0,33,친절
kakao,능동미나리 성수점,垠,16.0,2025-07-01,,,기본찬으로 주는 참기름무침도 맛있었고 석박지도 아삭새콤하니 맛잏었어요 간 전체적으로 잘 맞춤 웨이팅 없으면.. 곰탕 먹으러 또 갈텐데,74,True,4.0,4.9,실버 레벨,기본찬으로 주는 참기름무침도 맛있었고 석박지도 아삭새콤하니 맛잏었어요 간 전체적으로 잘 맞춤 웨이팅 없으면.. 곰탕 먹으러 또 갈텐데,기본찬으로 주는 참기름무침도 맛있었고 석박지도 아삭새콤하니 맛잏었어요 간 전체적으로 잘 맞춤 웨이팅 없으면 곰탕 먹으러 또 갈텐데,0,0,0,0,0,0,0,74,웨이팅
naver,쭌곱창,킹킹진,23.0,2026.04.12,1번째 방문,영수증,"홍대에서 곱창 드실거라면 무조건 쭌곱창❤️‍🔥 다른곳가서 어딜가도 먹을 수 있는 메뉴가 아닌 쭌곱창에는 계란찜+고기+곱창이 세트로 있어요! 게다가 치즈 소스와 갈릭 소스, 생크림 파인애플도 사이드로 나와서 같이 먹으면 극락행 탑승 가능합니다 후..❤️‍🔥❤️‍🔥❤️‍🔥 외국인들도 이 리뷰 보고 여기 와서 여기 대박났으면 좋겠어요.. 다른 평범한데 비싸게 받는곳 말구 여기 와서 다음에 올땐 웨이팅 있었으면하는 바램🥵❤️",235,True,,,,"홍대에서 곱창 드실거라면 무조건 쭌곱창❤️‍🔥 다른곳가서 어딜가도 먹을 수 있는 메뉴가 아닌 쭌곱창에는 계란찜+고기+곱창이 세트로 있어요! 게다가 치즈 소스와 갈릭 소스, 생크림 파인애플도 사이드로 나와서 같이 먹으면 극락행 탑승 가능합니다 후..❤️‍🔥❤️‍🔥❤️‍🔥 외국인들도 이 리뷰 보고 여기 와서 여기 대박났으면 좋겠어요.. 다른 평범한데 비싸게 받는곳 말구 여기 와서 다음에 올땐 웨이팅 있었으면하는 바램🥵❤️",홍대에서 곱창 드실거라면 무조건 쭌곱창 EMO_POS EMO_POS 다른곳가서 어딜가도 먹을 수 있는 메뉴가 아닌 쭌곱창에는 계란찜 고기 곱창이 세트로 있어요 EXCLAM 게다가 치즈 소스와 갈릭 소스 생크림 파인애플도 사이드로 나와서 같이 먹으면 극락행 탑승 가능합니다 후 EMO_POS EMO_POS EMO_POS EMO_POS EMO_POS EMO_POS 외국인들도 이 리뷰 보고 여기 와서 여기 대박났으면 좋겠어요 다른 평범한데 비싸게 받는곳 말구 여기 와서 다음에 올땐 웨이팅 있었으면하는 바램 EMO_POS,1,0,0,0,1,0,0,235,웨이팅
naver,옥동식,JIEUN22,412.0,2026.01.09,1번째 방문,영수증,보기엔 특별하지않지만 먹어보면 생각이 완전히달라지는맛이에요 캐치테이블 입구에있는것 미리가서 해두세요 저녁 대기하면서 현장에서도 예약못해서돌아가는분들 여러팀봤어요 국물이정말 깔-끔 그자체이고 고기에 이렇게 까지 잡내 찾으려해도 없는고기 손에꼽는거같아요 고추지랑 고기를 같이곁들여서 먹는데 고추지도 너무맛있구요 기다려야해서 겨울에좀 힘들었지만 다음에 기회가 되면 꼭 다시 먹어보고싶어요!,214,True,,,,보기엔 특별하지않지만 먹어보면 생각이 완전히달라지는맛이에요 캐치테이블 입구에있는것 미리가서 해두세요 저녁 대기하면서 현장에서도 예약못해서돌아가는분들 여러팀봤어요 국물이정말 깔-끔 그자체이고 고기에 이렇게 까지 잡내 찾으려해도 없는고기 손에꼽는거같아요 고추지랑 고기를 같이곁들여서 먹는데 고추지도 너무맛있구요 기다려야해서 겨울에좀 힘들었지만 다음에 기회가 되면 꼭 다시 먹어보고싶어요!,보기엔 특별하지않지만 먹어보면 생각이 완전히달라지는맛이에요 캐치테이블 입구에있는것 미리가서 해두세요 저녁 대기하면서 현장에서도 예약못해서돌아가는분들 여러팀봤어요 국물이정말 깔 끔 그자체이고 고기에 이렇게 까지 잡내 찾으려해도 없는고기 손에꼽는거같아요 고추지랑 고기를 같이곁들여서 먹는데 고추지도 너무맛있구요 기다려야해서 겨울에좀 힘들었지만 다음에 기회가 되면 꼭 다시 먹어보고싶어요 EXCLAM,0,0,0,0,1,0,0,214,"대기, 예약"
kakao,장인닭갈비 홍대점,맛집이라구요?,317.0,2025-05-11,,,컵도 테이블도 청결하지 않고 관광지라 외국인 입맛에 맞춰서 그런지 순한맛은 진짜 순함 그리고 우동사리가 참 맛이 없습니다... 친절하지도 일처리가 빠르지도 않음,89,False,1.0,3.9,골드 레벨,컵도 테이블도 청결하지 않고 관광지라 외국인 입맛에 맞춰서 그런지 순한맛은 진짜 순함 그리고 우동사리가 참 맛이 없습니다... 친절하지도 일처리가 빠르지도 않음,컵도 테이블도 청결하지 않고 관광지라 외국인 입맛에 맞춰서 그런지 순한맛은 진짜 순함 그리고 우동사리가 참 맛이 없습니다 친절하지도 일처리가 빠르지도 않음,0,0,0,0,0,0,0,89,친절
naver,성수족발,평타치,389.0,2026.01.31,2번째 방문,영수증,"성수동에 들를 때면 고민 없이 선택하게 되는 성수족발입니다. 여전히 변함없는 맛으로 입을 즐겁게 해주네요. 이곳 특유의 감칠맛 나는 양념과 부드러운 식감은 확실히 독보적이라 주기적으로 생각나는 매력이 있습니다. 다만 이번에 포장해서 이용하며 느낀 점은, 대(大)자와 중(中)자의 고기 양 차이가 체감상 크게 느껴지지 않는다는 부분입니다. 맛은 여전히 훌륭하고 만족스럽지만, 포장 시 가성비를 고려한다면 사이즈 선택에 있어 약간의 고민이 생길 것 같네요. 2026년 1월 방문 기준으로 100,000원을 결제했는데, 워낙 인기가 많은 곳이라 대기 없이 즐기려면 포장이 답이긴 합니다. 성수동에서 실패 없는 족발 맛집을 찾으신다면 추천드리지만, 양에 민감하신 분들은 참고하시면 좋을 것 같습니다.",387,True,,,,"성수동에 들를 때면 고민 없이 선택하게 되는 성수족발입니다. 여전히 변함없는 맛으로 입을 즐겁게 해주네요. 이곳 특유의 감칠맛 나는 양념과 부드러운 식감은 확실히 독보적이라 주기적으로 생각나는 매력이 있습니다. 다만 이번에 포장해서 이용하며 느낀 점은, 대(大)자와 중(中)자의 고기 양 차이가 체감상 크게 느껴지지 않는다는 부분입니다. 맛은 여전히 훌륭하고 만족스럽지만, 포장 시 가성비를 고려한다면 사이즈 선택에 있어 약간의 고민이 생길 것 같네요. 2026년 1월 방문 기준으로 100,000원을 결제했는데, 워낙 인기가 많은 곳이라 대기 없이 즐기려면 포장이 답이긴 합니다. 성수동에서 실패 없는 족발 맛집을 찾으신다면 추천드리지만, 양에 민감하신 분들은 참고하시면 좋을 것 같습니다.",성수동에 들를 때면 고민 없이 선택하게 되는 성수족발입니다 여전히 변함없는 맛으로 입을 즐겁게 해주네요 이곳 특유의 감칠맛 나는 양념과 부드러운 식감은 확실히 독보적이라 주기적으로 생각나는 매력이 있습니다 다만 이번에 포장해서 이용하며 느낀 점은 대 자와 중 자의 고기 양 차이가 체감상 크게 느껴지지 않는다는 부분입니다 맛은 여전히 훌륭하고 만족스럽지만 포장 시 가성비를 고려한다면 사이즈 선택에 있어 약간의 고민이 생길 것 같네요 2026년 1월 방문 기준으로 100 000원을 결제했는데 워낙 인기가 많은 곳이라 대기 없이 즐기려면 포장이 답이긴 합니다 성수동에서 실패 없는 족발 맛집을 찾으신다면 추천드리지만 양에 민감하신 분들은 참고하시면 좋을 것 같습니다,0,0,0,0,0,0,1,387,대기
naver,황금콩밭,원피스654,2334.0,2025.07.09,1번째 방문,영수증,"두부보쌈, 육전 다 맛있어요~ 콩국수 저는 좋아하지 않는데 맛있다고 하시네요~주차공간은 별도로 없어요~2층 서빙해주시는 분들 친절했습니다~!",78,True,,,,"두부보쌈, 육전 다 맛있어요~ 콩국수 저는 좋아하지 않는데 맛있다고 하시네요~주차공간은 별도로 없어요~2층 서빙해주시는 분들 친절했습니다~!",두부보쌈 육전 다 맛있어요 콩국수 저는 좋아하지 않는데 맛있다고 하시네요 주차공간은 별도로 없어요 2층 서빙해주시는 분들 친절했습니다 EXCLAM,0,0,0,0,1,0,1,78,"친절, 서빙"
naver,락희옥 마포본점,실장k,2.0,2025.09.24,1번째 방문,예약,직원분이 어찌나 설명을 못하시고 말을 못 알아 들으시던지 설명 해 주신 것과 완전히 다른 음식을 먹게 되었네요 설명이 길어지니 생락하고 아내는 원치 않는 음식이 나와서 거의 먹지 못하고 나왔습니다 직원분 때문에 기분이 안 좋은 것도 있었겠지만 국수가 너무 맛이 없었습니다 양지머리 육수와 동치미 국물맛이 어디에 있는지 전혀 못느꼈습니다 다만 차돌구이는 매우 맛있었습니다 아무튼 원치 않은 음식을 먹지도 못하고 나와서 상당히 불편했습니다,243,False,,,,직원분이 어찌나 설명을 못하시고 말을 못 알아 들으시던지 설명 해 주신 것과 완전히 다른 음식을 먹게 되었네요 설명이 길어지니 생락하고 아내는 원치 않는 음식이 나와서 거의 먹지 못하고 나왔습니다 직원분 때문에 기분이 안 좋은 것도 있었겠지만 국수가 너무 맛이 없었습니다 양지머리 육수와 동치미 국물맛이 어디에 있는지 전혀 못느꼈습니다 다만 차돌구이는 매우 맛있었습니다 아무튼 원치 않은 음식을 먹지도 못하고 나와서 상당히 불편했습니다,직원분이 어찌나 설명을 못하시고 말을 못 알아 들으시던지 설명 해 주신 것과 완전히 다른 음식을 먹게 되었네요 설명이 길어지니 생락하고 아내는 원치 않는 음식이 나와서 거의 먹지 못하고 나왔습니다 직원분 때문에 기분이 안 좋은 것도 있었겠지만 국수가 너무 맛이 없었습니다 양지머리 육수와 동치미 국물맛이 어디에 있는지 전혀 못느꼈습니다 다만 차돌구이는 매우 맛있었습니다 아무튼 원치 않은 음식을 먹지도 못하고 나와서 상당히 불편했습니다,0,0,0,0,0,0,0,243,"직원, 설명"
naver,소문난성수감자탕,히카루34,11.0,2026.02.16,1번째 방문,영수증,"데이트코스 아니고, 외국인 대상으로 하는 식당으로 가격에 비해서 맛이나 서비스나 응대 등은 그닥이에요. 손님들 빨리 먹고 보내려는 식당중 하나에요. 보통 평범한 감자탕집으로 가격대비 별로에요. 재방문 의사는 없음.",119,False,,,,"데이트코스 아니고, 외국인 대상으로 하는 식당으로 가격에 비해서 맛이나 서비스나 응대 등은 그닥이에요. 손님들 빨리 먹고 보내려는 식당중 하나에요. 보통 평범한 감자탕집으로 가격대비 별로에요. 재방문 의사는 없음.",데이트코스 아니고 외국인 대상으로 하는 식당으로 가격에 비해서 맛이나 서비스나 응대 등은 그닥이에요 손님들 빨리 먹고 보내려는 식당중 하나에요 보통 평범한 감자탕집으로 가격대비 별로에요 재방문 의사는 없음,0,0,0,0,0,0,0,119,"서비스, 응대, 빨리"
naver,보끔당 성수점,jb0728,74.0,2026.01.27,1번째 방문,영수증,여자친구와 저녁을 먹으러 전부터 계속 와보고 싶었던 곳에 왔습니다ㅎㅎ 저희는 닭볶음탕을 주문했는데 양념이 고기에 잘 베어들어 맛있었고 고기도 부드러워 맛있었습니다. 다음에도 다시 오겠습니다ㅎㅎ,107,True,,,,여자친구와 저녁을 먹으러 전부터 계속 와보고 싶었던 곳에 왔습니다ㅎㅎ 저희는 닭볶음탕을 주문했는데 양념이 고기에 잘 베어들어 맛있었고 고기도 부드러워 맛있었습니다. 다음에도 다시 오겠습니다ㅎㅎ,여자친구와 저녁을 먹으러 전부터 계속 와보고 싶었던 곳에 왔습니다 저희는 닭볶음탕을 주문했는데 양념이 고기에 잘 베어들어 맛있었고 고기도 부드러워 맛있었습니다 다음에도 다시 오겠습니다,0,0,0,0,0,0,0,107,주문
naver,훼미리손칼국수보쌈,bluekihun,1669.0,2026.02.10,5번째 방문,영수증,간만에 저녁 방문. 약간 대기 후 들어왔다. 보쌈 양이 좀 줄은 느낌이다.,41,True,,,,간만에 저녁 방문. 약간 대기 후 들어왔다. 보쌈 양이 좀 줄은 느낌이다.,간만에 저녁 방문 약간 대기 후 들어왔다 보쌈 양이 좀 줄은 느낌이다,0,0,0,0,0,0,0,41,대기
naver,옥동식,담다84,9.0,2025.06.06,1번째 방문,영수증,"깔끔담백 그 잡채 국밥 장인이시다 너무 맛있음ㅠㅠ 오후 세시 직전이었는데 웨이팅만 12명… 그래도 회전률이 좋아 금방금방 사람이 빠져서 그렇게 오래 기다리지는 않았다. 쪼꾸맣게 오픈키친에 바테이블이라 다들 식사만 집중해서 하고 떠나는 분위기. 정갈하고 조용해서 좋았구. 주방 너무 깔끔하게 잘하셔서 두 배로 좋았다. 육고기 냄새에 굉장히 예민한 편인데 국밥 자체에 그런 것도 거의 없었고, 국물이 진짜 연하게 필요한 만큼의 간만 되어있고 깔끔해서 술술 들어가는 맛이었다. 고기가 아주아주 얇게 썰려있는 것도 최고였음. 두꺼웠으면 이 맛이 아녔다 진짜. 김치가 조금 아쉽지만 본판을 너무 잘하셔서 흠도 아님.. 솔직히 같이 먹기 나쁜 것도 아녔고. 다음에 동생이랑 부모님 모시고 가야지.",383,True,,,,"깔끔담백 그 잡채 국밥 장인이시다 너무 맛있음ㅠㅠ 오후 세시 직전이었는데 웨이팅만 12명… 그래도 회전률이 좋아 금방금방 사람이 빠져서 그렇게 오래 기다리지는 않았다. 쪼꾸맣게 오픈키친에 바테이블이라 다들 식사만 집중해서 하고 떠나는 분위기. 정갈하고 조용해서 좋았구. 주방 너무 깔끔하게 잘하셔서 두 배로 좋았다. 육고기 냄새에 굉장히 예민한 편인데 국밥 자체에 그런 것도 거의 없었고, 국물이 진짜 연하게 필요한 만큼의 간만 되어있고 깔끔해서 술술 들어가는 맛이었다. 고기가 아주아주 얇게 썰려있는 것도 최고였음. 두꺼웠으면 이 맛이 아녔다 진짜. 김치가 조금 아쉽지만 본판을 너무 잘하셔서 흠도 아님.. 솔직히 같이 먹기 나쁜 것도 아녔고. 다음에 동생이랑 부모님 모시고 가야지.",깔끔담백 그 잡채 국밥 장인이시다 너무 맛있음 오후 세시 직전이었는데 웨이팅만 12명 그래도 회전률이 좋아 금방금방 사람이 빠져서 그렇게 오래 기다리지는 않았다 쪼꾸맣게 오픈키친에 바테이블이라 다들 식사만 집중해서 하고 떠나는 분위기 정갈하고 조용해서 좋았구 주방 너무 깔끔하게 잘하셔서 두 배로 좋았다 육고기 냄새에 굉장히 예민한 편인데 국밥 자체에 그런 것도 거의 없었고 국물이 진짜 연하게 필요한 만큼의 간만 되어있고 깔끔해서 술술 들어가는 맛이었다 고기가 아주아주 얇게 썰려있는 것도 최고였음 두꺼웠으면 이 맛이 아녔다 진짜 김치가 조금 아쉽지만 본판을 너무 잘하셔서 흠도 아님 솔직히 같이 먹기 나쁜 것도 아녔고 다음에 동생이랑 부모님 모시고 가야지,0,0,0,1,0,0,1,383,웨이팅
naver,을밀대 평양냉면,하겐다즈매니아,784.0,2026.01.29,6번째 방문,,"겨울이 좋은 이유,,하나 더 을밀대 웨이팅이 없다! 갑자기 며칠전부터 을밀대 생각나서 남편한테 말하다 왔어용ㅋㅋㅋ 거냉 양많이 시켜서 한그릇 뚝딱 하니 넘 좋아요 저는 여러집 가봐도 평냉중에 을밀대가 젤 입에 맞아요 녹두전도 같이 먹으면 김치도 같이 나와서 좋습니다 두쫀쿠 가격 생각하면 한그릇 1.6도 크게 비싼것 같지도 않아요ㅋㅋ 마포 동네사람 저녁에 산책하다가 을밀대 근처 지나는데 얼마나 깨끗하게 청소를 하시는지,,,잘되는집은 다 이유 있다고 생각합니다. 좌식 뜨끈한 바닥에 앉아서 먹으니 좋았어요 남편은 함냉을 더 좋아하는것 같지만 전 무조건 평냉ㅋㅋㅋ 오늘도 맛있게 먹고 갑니다!",330,True,,,,"겨울이 좋은 이유,,하나 더 을밀대 웨이팅이 없다! 갑자기 며칠전부터 을밀대 생각나서 남편한테 말하다 왔어용ㅋㅋㅋ 거냉 양많이 시켜서 한그릇 뚝딱 하니 넘 좋아요 저는 여러집 가봐도 평냉중에 을밀대가 젤 입에 맞아요 녹두전도 같이 먹으면 김치도 같이 나와서 좋습니다 두쫀쿠 가격 생각하면 한그릇 1.6도 크게 비싼것 같지도 않아요ㅋㅋ 마포 동네사람 저녁에 산책하다가 을밀대 근처 지나는데 얼마나 깨끗하게 청소를 하시는지,,,잘되는집은 다 이유 있다고 생각합니다. 좌식 뜨끈한 바닥에 앉아서 먹으니 좋았어요 남편은 함냉을 더 좋아하는것 같지만 전 무조건 평냉ㅋㅋㅋ 오늘도 맛있게 먹고 갑니다!",겨울이 좋은 이유 하나 더 을밀대 웨이팅이 없다 EXCLAM 갑자기 며칠전부터 을밀대 생각나서 남편한테 말하다 왔어용 거냉 양많이 시켜서 한그릇 뚝딱 하니 넘 좋아요 저는 여러집 가봐도 평냉중에 을밀대가 젤 입에 맞아요 녹두전도 같이 먹으면 김치도 같이 나와서 좋습니다 두쫀쿠 가격 생각하면 한그릇 1 6도 크게 비싼것 같지도 않아요 마포 동네사람 저녁에 산책하다가 을밀대 근처 지나는데 얼마나 깨끗하게 청소를 하시는지 잘되는집은 다 이유 있다고 생각합니다 좌식 뜨끈한 바닥에 앉아서 먹으니 좋았어요 남편은 함냉을 더 좋아하는것 같지만 전 무조건 평냉 오늘도 맛있게 먹고 갑니다 EXCLAM,0,0,0,0,1,0,1,330,웨이팅
kakao,을밀대 본점,갑경이,217.0,2025-06-13,,,늘 맛있음. (거냉으로 양 많이주세요) 라고 주문할 때 말하시면 됩니다.,40,False,5.0,4.3,골드 레벨,늘 맛있음. (거냉으로 양 많이주세요) 라고 주문할 때 말하시면 됩니다.,늘 맛있음 거냉으로 양 많이주세요 라고 주문할 때 말하시면 됩니다,0,0,0,0,0,0,0,40,주문
kakao,능동미나리 성수점,😋,91.0,2025-06-12,,,대기줄이 있지만 평일은 그냥 괜찮은거 같아요 ㅎㅎ 엄청 강추하는 정도는 아니지만 그래도 맛있어서 종종 갈 거 같아요,64,True,4.0,3.2,골드 레벨,대기줄이 있지만 평일은 그냥 괜찮은거 같아요 ㅎㅎ 엄청 강추하는 정도는 아니지만 그래도 맛있어서 종종 갈 거 같아요,대기줄이 있지만 평일은 그냥 괜찮은거 같아요 엄청 강추하는 정도는 아니지만 그래도 맛있어서 종종 갈 거 같아요,0,0,0,0,0,0,0,64,대기
kakao,이태리국시 성수,야호,1.0,2026-04-02,,,성수에서 파스타 먹고 싶어서 엄마랑 방문했는데 맛있구 양도 꽤 푸짐해서 배불리 먹구 갑니당ㅎㅎ 직원들도 친절해요!,63,True,5.0,5.0,브론즈 레벨,성수에서 파스타 먹고 싶어서 엄마랑 방문했는데 맛있구 양도 꽤 푸짐해서 배불리 먹구 갑니당ㅎㅎ 직원들도 친절해요!,성수에서 파스타 먹고 싶어서 엄마랑 방문했는데 맛있구 양도 꽤 푸짐해서 배불리 먹구 갑니당 직원들도 친절해요 EXCLAM,0,0,0,0,1,0,0,63,"친절, 직원"
kakao,뼈탄집 성수역점,ㅇㅈㅇㅌ,1.0,2026-04-27,,,지인에게 추천받아 방문했는데 고기도 밑반찬도 너무 맛있었고 고기도 다 구워주셔서 대화하기 좋았어요👍,55,True,5.0,5.0,브론즈 레벨,지인에게 추천받아 방문했는데 고기도 밑반찬도 너무 맛있었고 고기도 다 구워주셔서 대화하기 좋았어요👍,지인에게 추천받아 방문했는데 고기도 밑반찬도 너무 맛있었고 고기도 다 구워주셔서 대화하기 좋았어요 EMO_POS,1,0,0,0,0,0,0,55,구워주
kakao,홍대 조선시대,윤서,2.0,2026-01-05,,,맛있고 친절하고 분위기 좋아요,16,True,5.0,5.0,브론즈 레벨,맛있고 친절하고 분위기 좋아요,맛있고 친절하고 분위기 좋아요,0,0,0,0,0,0,0,16,친절
naver,각시보쌈,까꿍이32,1303.0,2026.01.14,3번째 방문,영수증,"요기 보쌈 고기 진짜 맛있어요. 항정살로 해서 식어도 딱딱하지 않고, 쫄깃해서 맛있습니다. 평일 4시 20분에 갔어요. 브레이크 타임이 4시 30분까지입니다. 갔더니 앞에 손님들이 많이 계시더라구요. 4시 30분에 문 열어주셔서 다들 우루루루~ 들어가셨는데 전체 좌석의 2/3 정도 찼습니다. 5시 정도 되니까 전 좌석이 거의 다 찼고 5시 30분이 안되어서 웨이팅이 시작되었습니다. 둘이서 굴보쌈 대자로 1개 시켰는데 고기는 대자가 맞는데, 굴무침은 소자더라구요. 양이 너무 적어서 생굴 한접시 더 추가주문했는데 그래도 굴을 다 먹었는데도 고기가 남았습니다. 두분이서 가서 굴보쌈 드시고싶으면 굴보쌈 소자에 생굴이나 굴무침 추가해서 드세요. 옷 보관할데가 없어서 겁나 불편합니다. 옷 껴입고 먹어야해요.",394,True,,,,"요기 보쌈 고기 진짜 맛있어요. 항정살로 해서 식어도 딱딱하지 않고, 쫄깃해서 맛있습니다. 평일 4시 20분에 갔어요. 브레이크 타임이 4시 30분까지입니다. 갔더니 앞에 손님들이 많이 계시더라구요. 4시 30분에 문 열어주셔서 다들 우루루루~ 들어가셨는데 전체 좌석의 2/3 정도 찼습니다. 5시 정도 되니까 전 좌석이 거의 다 찼고 5시 30분이 안되어서 웨이팅이 시작되었습니다. 둘이서 굴보쌈 대자로 1개 시켰는데 고기는 대자가 맞는데, 굴무침은 소자더라구요. 양이 너무 적어서 생굴 한접시 더 추가주문했는데 그래도 굴을 다 먹었는데도 고기가 남았습니다. 두분이서 가서 굴보쌈 드시고싶으면 굴보쌈 소자에 생굴이나 굴무침 추가해서 드세요. 옷 보관할데가 없어서 겁나 불편합니다. 옷 껴입고 먹어야해요.",요기 보쌈 고기 진짜 맛있어요 항정살로 해서 식어도 딱딱하지 않고 쫄깃해서 맛있습니다 평일 4시 20분에 갔어요 브레이크 타임이 4시 30분까지입니다 갔더니 앞에 손님들이 많이 계시더라구요 4시 30분에 문 열어주셔서 다들 우루루 들어가셨는데 전체 좌석의 2 3 정도 찼습니다 5시 정도 되니까 전 좌석이 거의 다 찼고 5시 30분이 안되어서 웨이팅이 시작되었습니다 둘이서 굴보쌈 대자로 1개 시켰는데 고기는 대자가 맞는데 굴무침은 소자더라구요 양이 너무 적어서 생굴 한접시 더 추가주문했는데 그래도 굴을 다 먹었는데도 고기가 남았습니다 두분이서 가서 굴보쌈 드시고싶으면 굴보쌈 소자에 생굴이나 굴무침 추가해서 드세요 옷 보관할데가 없어서 겁나 불편합니다 옷 껴입고 먹어야해요,0,0,0,0,0,0,1,394,"주문, 웨이팅"
naver,이태리국시 성수,yew****,27.0,2026.05.01,1번째 방문,영수증,데이트하기 너무 좋을 거 같고 음식들도 다 맛있었어요!! 미리 예약하고 오시는 걸 추천드립니다! 해지고 오면 더 좋을 거 같아요ㅎㅎ,73,True,,,,데이트하기 너무 좋을 거 같고 음식들도 다 맛있었어요!! 미리 예약하고 오시는 걸 추천드립니다! 해지고 오면 더 좋을 거 같아요ㅎㅎ,데이트하기 너무 좋을 거 같고 음식들도 다 맛있었어요 EXCLAM 미리 예약하고 오시는 걸 추천드립니다 EXCLAM 해지고 오면 더 좋을 거 같아요,0,0,0,0,1,0,0,73,예약
naver,소문난성수감자탕,프로키온95,349.0,2026.02.11,1번째 방문,영수증,맛집이라 그런지 역시 웨이팅이 기네요 맛은 평범했지만 양이 많아서 만족스럽네오,43,False,,,,맛집이라 그런지 역시 웨이팅이 기네요 맛은 평범했지만 양이 많아서 만족스럽네오,맛집이라 그런지 역시 웨이팅이 기네요 맛은 평범했지만 양이 많아서 만족스럽네오,0,0,0,0,0,0,0,43,웨이팅
naver,홍대 육지,소연4,47.0,2026.04.26,1번째 방문,영수증,고기가 너무너무 맛있어서 먹다가 추가주문 했어요💋 직접 구워주시는데 직원분들 정말 친절하시고 정성껏 구워주셔서 좋았어요!! 찬도 너무 맛있었고 차돌된찌 시켯는데 이건 필수로 시키셔야해요!!! 마포구 오셧으면 추천드려요❤️,123,True,,,,고기가 너무너무 맛있어서 먹다가 추가주문 했어요💋 직접 구워주시는데 직원분들 정말 친절하시고 정성껏 구워주셔서 좋았어요!! 찬도 너무 맛있었고 차돌된찌 시켯는데 이건 필수로 시키셔야해요!!! 마포구 오셧으면 추천드려요❤️,고기가 너무너무 맛있어서 먹다가 추가주문 했어요 직접 구워주시는데 직원분들 정말 친절하시고 정성껏 구워주셔서 좋았어요 EXCLAM 찬도 너무 맛있었고 차돌된찌 시켯는데 이건 필수로 시키셔야해요 EXCLAM 마포구 오셧으면 추천드려요 EMO_POS,1,0,0,0,1,0,0,123,"친절, 직원, 주문, 구워주"
naver,을밀대 평양냉면,soosooㅎㅎㅎㅎ,289.0,2025.07.27,1번째 방문,영수증,물냉면 거냉이랑 그냥 시켰는데 제 입맛에는 거냉이 더 맛있는거같아요 ㅎㅎ 녹두전 짱 바삭하고 맛있어용 웨이팅은 좀 덥고 힘들었지만 맛있네용,77,True,,,,물냉면 거냉이랑 그냥 시켰는데 제 입맛에는 거냉이 더 맛있는거같아요 ㅎㅎ 녹두전 짱 바삭하고 맛있어용 웨이팅은 좀 덥고 힘들었지만 맛있네용,물냉면 거냉이랑 그냥 시켰는데 제 입맛에는 거냉이 더 맛있는거같아요 녹두전 짱 바삭하고 맛있어용 웨이팅은 좀 덥고 힘들었지만 맛있네용,0,0,0,0,0,0,0,77,웨이팅
naver,할머니의 레시피,Longlongto,32.0,2025.08.09,1번째 방문,예약,어머님가 좋아하실만한 식당을 찾아 방문했습니다. 문열고 들어서는 순간 친절하신 직원분들의 인사에 기분이 좋아지고 포근하면서도 깔끔한 인테리어에 기분이 더 좋아졌습니다. 창가 쪽에 자리를 잡고 앉았는데 뷰도 마음에 들었습니다. 각메뉴를 시키고 기다리는데 반찬을 놔주시고 간단한 설명까지 너무 친절하시고 배려하는 말투에 대접받는 느낌이었습니다. 어머니도 남편도 저도 모두 식사를 너무 맛있게 했고 양도 배부르고 가성비 최고라고 생각이 들었습니다. 음식은 깔끔하고 간이 적당했으며 모든 메뉴를 맛보고 싶을 정도입니다. 친정 가족들도 모시고 재방문 해야겠습니다. 번창하세요♡,317,False,,,,어머님가 좋아하실만한 식당을 찾아 방문했습니다. 문열고 들어서는 순간 친절하신 직원분들의 인사에 기분이 좋아지고 포근하면서도 깔끔한 인테리어에 기분이 더 좋아졌습니다. 창가 쪽에 자리를 잡고 앉았는데 뷰도 마음에 들었습니다. 각메뉴를 시키고 기다리는데 반찬을 놔주시고 간단한 설명까지 너무 친절하시고 배려하는 말투에 대접받는 느낌이었습니다. 어머니도 남편도 저도 모두 식사를 너무 맛있게 했고 양도 배부르고 가성비 최고라고 생각이 들었습니다. 음식은 깔끔하고 간이 적당했으며 모든 메뉴를 맛보고 싶을 정도입니다. 친정 가족들도 모시고 재방문 해야겠습니다. 번창하세요♡,어머님가 좋아하실만한 식당을 찾아 방문했습니다 문열고 들어서는 순간 친절하신 직원분들의 인사에 기분이 좋아지고 포근하면서도 깔끔한 인테리어에 기분이 더 좋아졌습니다 창가 쪽에 자리를 잡고 앉았는데 뷰도 마음에 들었습니다 각메뉴를 시키고 기다리는데 반찬을 놔주시고 간단한 설명까지 너무 친절하시고 배려하는 말투에 대접받는 느낌이었습니다 어머니도 남편도 저도 모두 식사를 너무 맛있게 했고 양도 배부르고 가성비 최고라고 생각이 들었습니다 음식은 깔끔하고 간이 적당했으며 모든 메뉴를 맛보고 싶을 정도입니다 친정 가족들도 모시고 재방문 해야겠습니다 번창하세요 EMO_POS,1,0,0,0,0,0,0,317,"친절, 직원, 설명"
naver,뼈탄집 성수역점,purena,27.0,2026.03.07,1번째 방문,영수증,계탄밥 맛있고 고기도 맛있네요 직접구워주셔서 편하게 먹을 수 있어요,37,True,,,,계탄밥 맛있고 고기도 맛있네요 직접구워주셔서 편하게 먹을 수 있어요,계탄밥 맛있고 고기도 맛있네요 직접구워주셔서 편하게 먹을 수 있어요,0,0,0,0,0,0,0,37,구워주
naver,각시보쌈,쮸크81,1467.0,2025.03.29,1번째 방문,영수증,보쌈고기가 뭐이리 고소한지 깜.놀 양도 많고 배추김치 상추 구성도알차고 일주일내내 대기하는보쌈집이래여 ㅎ 공기밥 주문하면 같이나온 김치찌개는 절반이 김치로가득찼어여~각시보쌈집은 손님상에 나오는재료는 아끼지않고주는것같아 푸짐하게 먹었네예^^,133,True,,,,보쌈고기가 뭐이리 고소한지 깜.놀 양도 많고 배추김치 상추 구성도알차고 일주일내내 대기하는보쌈집이래여 ㅎ 공기밥 주문하면 같이나온 김치찌개는 절반이 김치로가득찼어여~각시보쌈집은 손님상에 나오는재료는 아끼지않고주는것같아 푸짐하게 먹었네예^^,보쌈고기가 뭐이리 고소한지 깜 놀 양도 많고 배추김치 상추 구성도알차고 일주일내내 대기하는보쌈집이래여 공기밥 주문하면 같이나온 김치찌개는 절반이 김치로가득찼어여 각시보쌈집은 손님상에 나오는재료는 아끼지않고주는것같아 푸짐하게 먹었네예,0,0,0,0,0,0,0,133,"주문, 대기"
naver,쭌곱창,71828,7.0,2026.02.16,1번째 방문,영수증,친절하시고 불도 직접 구워주셔요! 음식 맛잇습니다,27,False,,,,친절하시고 불도 직접 구워주셔요! 음식 맛잇습니다,친절하시고 불도 직접 구워주셔요 EXCLAM 음식 맛잇습니다,0,0,0,0,1,0,0,27,"친절, 구워주"
naver,뼈탄집 성수역점,mrlee2001,95.0,2026.02.21,1번째 방문,예약,매장도 크고 깔끔하고 직원분들이 고기를 구워주셔서 편하고 맛있게 먹었어요,40,True,,,,매장도 크고 깔끔하고 직원분들이 고기를 구워주셔서 편하고 맛있게 먹었어요,매장도 크고 깔끔하고 직원분들이 고기를 구워주셔서 편하고 맛있게 먹었어요,0,0,0,0,0,0,0,40,"직원, 구워주"
naver,할머니의 레시피,아보카도코워시,160.0,2025.02.14,1번째 방문,영수증,생선구이 정식시키니 7첩반찬이 두둥! 🐟 +(된장국과 호박죽까지) 반찬 하나하나 정갈하고 딱 필요한만큼만 줘서 뿌듯하게 다 먹을 수 있어요! 😊 특히 모든음식간이 삼삼한편이라 자극적이지않으면서도 배부르게 먹어도 더부룩하지않더라구요!! 가자미의 담백함이 다른 반찬이랑 너무 잘 어울리고 뼈도 잘발려서 뼈때문에 고민할 필요없이 한끼 든든하게 가능합니다!😄 12시 땡 점심시간 되자마자 웨이팅이 생기니 조금 일찍 도착하시는거 추천!🏃‍♂️,242,True,,,,생선구이 정식시키니 7첩반찬이 두둥! 🐟 +(된장국과 호박죽까지) 반찬 하나하나 정갈하고 딱 필요한만큼만 줘서 뿌듯하게 다 먹을 수 있어요! 😊 특히 모든음식간이 삼삼한편이라 자극적이지않으면서도 배부르게 먹어도 더부룩하지않더라구요!! 가자미의 담백함이 다른 반찬이랑 너무 잘 어울리고 뼈도 잘발려서 뼈때문에 고민할 필요없이 한끼 든든하게 가능합니다!😄 12시 땡 점심시간 되자마자 웨이팅이 생기니 조금 일찍 도착하시는거 추천!🏃‍♂️,생선구이 정식시키니 7첩반찬이 두둥 EXCLAM 된장국과 호박죽까지 반찬 하나하나 정갈하고 딱 필요한만큼만 줘서 뿌듯하게 다 먹을 수 있어요 EXCLAM EMO_POS 특히 모든음식간이 삼삼한편이라 자극적이지않으면서도 배부르게 먹어도 더부룩하지않더라구요 EXCLAM 가자미의 담백함이 다른 반찬이랑 너무 잘 어울리고 뼈도 잘발려서 뼈때문에 고민할 필요없이 한끼 든든하게 가능합니다 EXCLAM EMO_POS 12시 땡 점심시간 되자마자 웨이팅이 생기니 조금 일찍 도착하시는거 추천 EXCLAM,1,0,0,0,1,0,1,242,웨이팅
kakao,육지,박민서,6.0,2025-08-24,,,직원분이 직접 구워주시는 살살녹는 고기맛이 일품이에요,29,False,5.0,4.8,브론즈 레벨,직원분이 직접 구워주시는 살살녹는 고기맛이 일품이에요,직원분이 직접 구워주시는 살살녹는 고기맛이 일품이에요,0,0,0,0,0,0,0,29,"직원, 구워주"
naver,옥동식,시시콜콜콜,221.0,2025.04.12,1번째 방문,영수증,주말에는 브레이크타임이 없어서 어중간한 시간에 웨이팅하고 입장 곰탕은 즉석으로 토렴해서 주셨고 잔술은 정이 넘치도록 주시니 괜시리 기분도 넘치게 좋았네요😇,86,True,,,,주말에는 브레이크타임이 없어서 어중간한 시간에 웨이팅하고 입장 곰탕은 즉석으로 토렴해서 주셨고 잔술은 정이 넘치도록 주시니 괜시리 기분도 넘치게 좋았네요😇,주말에는 브레이크타임이 없어서 어중간한 시간에 웨이팅하고 입장 곰탕은 즉석으로 토렴해서 주셨고 잔술은 정이 넘치도록 주시니 괜시리 기분도 넘치게 좋았네요,0,0,0,0,0,0,0,86,웨이팅
kakao,홍대 조선시대,나나,10.0,2025-12-23,,,김치전 완전 눅눅하고 기름에 절여져서 나옴 전을 부친게 아니라 시판용 냉동전을 그냥 익히기만 해서 나옴 ! 맛도 안났어요! 무맛! 버갈튀는 괜찮았음 다 아는 맛! 맛 좋았음! 직원이 술 서빙하다가 우리 테이블 바로 옆에 소주 떨궈서 와장창 깨짐! 사과도 안하고 개대충 치우고 감! 같이 간 일행들 소주 튀어서 발목 소독당함!,181,True,1.0,2.8,실버 레벨,김치전 완전 눅눅하고 기름에 절여져서 나옴 전을 부친게 아니라 시판용 냉동전을 그냥 익히기만 해서 나옴 ! 맛도 안났어요! 무맛! 버갈튀는 괜찮았음 다 아는 맛! 맛 좋았음! 직원이 술 서빙하다가 우리 테이블 바로 옆에 소주 떨궈서 와장창 깨짐! 사과도 안하고 개대충 치우고 감! 같이 간 일행들 소주 튀어서 발목 소독당함!,김치전 완전 눅눅하고 기름에 절여져서 나옴 전을 부친게 아니라 시판용 냉동전을 그냥 익히기만 해서 나옴 EXCLAM 맛도 안났어요 EXCLAM 무맛 EXCLAM 버갈튀는 괜찮았음 다 아는 맛 EXCLAM 맛 좋았음 EXCLAM 직원이 술 서빙하다가 우리 테이블 바로 옆에 소주 떨궈서 와장창 깨짐 EXCLAM 사과도 안하고 개대충 치우고 감 EXCLAM 같이 간 일행들 소주 튀어서 발목 소독당함 EXCLAM,0,0,0,0,1,0,0,181,"직원, 서빙, 사과"
kakao,옥동식 서교점,먹방러,172.0,2026-01-21,,,돼지 냄새가 강해요 맛은 그저 그럼 국과 밥이 잘 어울려서 3점 웨이팅할 정도는 아님,47,True,3.0,3.1,골드 레벨,돼지 냄새가 강해요 맛은 그저 그럼 국과 밥이 잘 어울려서 3점 웨이팅할 정도는 아님,돼지 냄새가 강해요 맛은 그저 그럼 국과 밥이 잘 어울려서 3점 웨이팅할 정도는 아님,0,0,0,0,0,0,1,47,웨이팅
naver,이태리국시 성수,Run25,17.0,2026.04.24,1번째 방문,영수증,시그니처 대창 파스타가 궁금했는데 매콤 칼칼하구 하이볼 종류도 다양해서 너무 맛있었어요&gt;_&lt; 직원분들도 친철하고 너무 기분 좋은 금요일 마무리였습니다!,90,True,,,,시그니처 대창 파스타가 궁금했는데 매콤 칼칼하구 하이볼 종류도 다양해서 너무 맛있었어요&gt;_&lt; 직원분들도 친철하고 너무 기분 좋은 금요일 마무리였습니다!,시그니처 대창 파스타가 궁금했는데 매콤 칼칼하구 하이볼 종류도 다양해서 너무 맛있었어요 gt _ lt 직원분들도 친철하고 너무 기분 좋은 금요일 마무리였습니다 EXCLAM,0,0,0,0,1,0,0,90,직원
kakao,을밀대 본점,관광객,147.0,2026-03-16,,,3월이라 웨이팅은 없었음 정문?의 입식자리는 다 차서 바로 옆문으로 별관으로 들어감 좌식으로 된 룸식이었고 보일러가 따뜻하게 켜져있어서 좋았음 따뜻한 육수는 바로 나오는데 육향이나 감칠맛보다 나트륨 맛이 먼저 느껴지는 편 마시다보면 곰탕 육수 맛처럼 느껴짐 그리고 녹두전이 나오는데 상당히 바삭한 편 그래서 젓가락으로 잘 안찢어지고 가위로 잘라야함 간장에 찍어먹으면 고소한데 특별한 맛은 안느껴짐 물냉은 얼음 없는걸로 달라했고 맛있게 먹음 육수에 육향과 감칠맛도 잘느껴지고 간도 있는 편이지만 과하지 않음 필동면옥이랑 비슷함 비냉은 단맛이 아예 안느껴짐 물냉보다도 안느껴져서 당황스러움 알고보니 테이블에 있는 설탕 취향껏 넣어먹으면 되는데 우리테이블엔 설탕이 없었음 그럴땐 달라하면 준다고 함 어쨌든 비냉은 안먹을듯 비냉이든 평냉이든 비싼만큼 양이 많아서 가볍게 먹으려는 평냉인데 좀 부담스럽기도 함 재방문은 글쎄,455,False,4.0,4.2,골드 레벨,3월이라 웨이팅은 없었음 정문?의 입식자리는 다 차서 바로 옆문으로 별관으로 들어감 좌식으로 된 룸식이었고 보일러가 따뜻하게 켜져있어서 좋았음 따뜻한 육수는 바로 나오는데 육향이나 감칠맛보다 나트륨 맛이 먼저 느껴지는 편 마시다보면 곰탕 육수 맛처럼 느껴짐 그리고 녹두전이 나오는데 상당히 바삭한 편 그래서 젓가락으로 잘 안찢어지고 가위로 잘라야함 간장에 찍어먹으면 고소한데 특별한 맛은 안느껴짐 물냉은 얼음 없는걸로 달라했고 맛있게 먹음 육수에 육향과 감칠맛도 잘느껴지고 간도 있는 편이지만 과하지 않음 필동면옥이랑 비슷함 비냉은 단맛이 아예 안느껴짐 물냉보다도 안느껴져서 당황스러움 알고보니 테이블에 있는 설탕 취향껏 넣어먹으면 되는데 우리테이블엔 설탕이 없었음 그럴땐 달라하면 준다고 함 어쨌든 비냉은 안먹을듯 비냉이든 평냉이든 비싼만큼 양이 많아서 가볍게 먹으려는 평냉인데 좀 부담스럽기도 함 재방문은 글쎄,3월이라 웨이팅은 없었음 정문 QUESTION 의 입식자리는 다 차서 바로 옆문으로 별관으로 들어감 좌식으로 된 룸식이었고 보일러가 따뜻하게 켜져있어서 좋았음 따뜻한 육수는 바로 나오는데 육향이나 감칠맛보다 나트륨 맛이 먼저 느껴지는 편 마시다보면 곰탕 육수 맛처럼 느껴짐 그리고 녹두전이 나오는데 상당히 바삭한 편 그래서 젓가락으로 잘 안찢어지고 가위로 잘라야함 간장에 찍어먹으면 고소한데 특별한 맛은 안느껴짐 물냉은 얼음 없는걸로 달라했고 맛있게 먹음 육수에 육향과 감칠맛도 잘느껴지고 간도 있는 편이지만 과하지 않음 필동면옥이랑 비슷함 비냉은 단맛이 아예 안느껴짐 물냉보다도 안느껴져서 당황스러움 알고보니 테이블에 있는 설탕 취향껏 넣어먹으면 되는데 우리테이블엔 설탕이 없었음 그럴땐 달라하면 준다고 함 어쨌든 비냉은 안먹을듯 비냉이든 평냉이든 비싼만큼 양이 많아서 가볍게 먹으려는 평냉인데 좀 부담스럽기도 함 재방문은 글쎄,0,0,0,0,0,1,1,455,웨이팅
kakao,각시보쌈,ㅇㅇㅇ,81.0,2026-02-26,,,정식 양 많고 싸고 맛있어요 웨이팅 빨리 빠져서 기다릴만 합니다,35,False,5.0,4.9,실버 레벨,정식 양 많고 싸고 맛있어요 웨이팅 빨리 빠져서 기다릴만 합니다,정식 양 많고 싸고 맛있어요 웨이팅 빨리 빠져서 기다릴만 합니다,0,0,0,0,0,0,0,35,"웨이팅, 빨리"
naver,성수족발,슬갱스터,1438.0,2026.03.29,1번째 방문,영수증,"서울 3대 족발로 유명한 성수족발에 드디어 와보았습니다!!!! 웨이팅 지옥으로 들었는데, 럭키비키하게 바로 입장했어요 꺅 ♥️♥️ 족발은 듣던대로 정말 역대급으로 맛있고, 제가 먹어본 족발 중 단연코 1등입니다!!!! 정말 야들야들하고 껍질부분이 킥이에요!!!! 매일매일 먹고싶어용 ♥️♥️",162,True,,,,"서울 3대 족발로 유명한 성수족발에 드디어 와보았습니다!!!! 웨이팅 지옥으로 들었는데, 럭키비키하게 바로 입장했어요 꺅 ♥️♥️ 족발은 듣던대로 정말 역대급으로 맛있고, 제가 먹어본 족발 중 단연코 1등입니다!!!! 정말 야들야들하고 껍질부분이 킥이에요!!!! 매일매일 먹고싶어용 ♥️♥️",서울 3대 족발로 유명한 성수족발에 드디어 와보았습니다 EXCLAM 웨이팅 지옥으로 들었는데 럭키비키하게 바로 입장했어요 꺅 EMO_POS EMO_POS 족발은 듣던대로 정말 역대급으로 맛있고 제가 먹어본 족발 중 단연코 1등입니다 EXCLAM 정말 야들야들하고 껍질부분이 킥이에요 EXCLAM 매일매일 먹고싶어용 EMO_POS EMO_POS,1,0,0,0,1,0,1,162,웨이팅
naver,홍대 육지,이챙76,36.0,2026.04.12,1번째 방문,영수증,음식 너무 맛있고 직원분들 넘친절하셔요! 담번에 또 올께요~~,34,True,,,,음식 너무 맛있고 직원분들 넘친절하셔요! 담번에 또 올께요~~,음식 너무 맛있고 직원분들 넘친절하셔요 EXCLAM 담번에 또 올께요 TILDE,0,0,0,0,1,0,0,34,"친절, 직원"
naver,소문난성수감자탕,털털썸,686.0,2025.11.28,1번째 방문,영수증,소문난감자탕 아침일찍들렀어요 ㅎ. 24시간인데 너무 줄도길고 사람이 많아서 우거지해장국주문했는데 넘양이많아서 기절할뻔... 우거지도맛있고 믿고갈만해요 고기살이 넘부드럽고 맛있네요^^,101,True,,,,소문난감자탕 아침일찍들렀어요 ㅎ. 24시간인데 너무 줄도길고 사람이 많아서 우거지해장국주문했는데 넘양이많아서 기절할뻔... 우거지도맛있고 믿고갈만해요 고기살이 넘부드럽고 맛있네요^^,소문난감자탕 아침일찍들렀어요 24시간인데 너무 줄도길고 사람이 많아서 우거지해장국주문했는데 넘양이많아서 기절할뻔 우거지도맛있고 믿고갈만해요 고기살이 넘부드럽고 맛있네요,0,0,0,0,0,0,1,101,주문
kakao,뼈탄집 성수역점,김나연,2.0,2026-02-02,,,우와.....너무 맛있어요...!!!!! 고기 정성스럽게 다 구워주시고 먹는 방법 친절하게 다 알려주시고 특히 목살 살살 녹습니다ㅠㅠㅠㅠㅠ추운날 입도 몸도 살살 녹이는 맛집이에요 꼭꼭 방문하세요 강추!!!!,115,True,5.0,5.0,브론즈 레벨,우와.....너무 맛있어요...!!!!! 고기 정성스럽게 다 구워주시고 먹는 방법 친절하게 다 알려주시고 특히 목살 살살 녹습니다ㅠㅠㅠㅠㅠ추운날 입도 몸도 살살 녹이는 맛집이에요 꼭꼭 방문하세요 강추!!!!,우와 너무 맛있어요 EXCLAM 고기 정성스럽게 다 구워주시고 먹는 방법 친절하게 다 알려주시고 특히 목살 살살 녹습니다 추운날 입도 몸도 살살 녹이는 맛집이에요 꼭꼭 방문하세요 강추 EXCLAM,0,0,0,1,1,0,0,115,"친절, 구워주"
kakao,뼈탄집 성수역점,김진석,1.0,2026-01-17,,,너무 맛있었고 직원분들도 친절해요~~ 다음에 또 올게요,30,True,5.0,5.0,브론즈 레벨,너무 맛있었고 직원분들도 친절해요~~ 다음에 또 올게요,너무 맛있었고 직원분들도 친절해요 TILDE 다음에 또 올게요,0,0,0,0,0,0,0,30,"친절, 직원"
naver,홍대 육지,Bingbingood,117.0,2026.03.25,1번째 방문,영수증,진짜 삼겹살 맛집이에요.....목살먹을까 고민했는데 삼겹살 맛있어서 추가 주문하고 사이드도 맛있어요 강추합니당,61,True,,,,진짜 삼겹살 맛집이에요.....목살먹을까 고민했는데 삼겹살 맛있어서 추가 주문하고 사이드도 맛있어요 강추합니당,진짜 삼겹살 맛집이에요 목살먹을까 고민했는데 삼겹살 맛있어서 추가 주문하고 사이드도 맛있어요 강추합니당,0,0,0,0,0,0,0,61,주문
naver,각시보쌈,coc****,394.0,2025.05.12,5번째 방문,영수증,항상 친절하시고 활기 넘침 ㅋㅋ 맛은 보장~~ 혼자가도 눈치 안줘서좋구여~~ 👍 👍 👍,48,True,,,,항상 친절하시고 활기 넘침 ㅋㅋ 맛은 보장~~ 혼자가도 눈치 안줘서좋구여~~ 👍 👍 👍,항상 친절하시고 활기 넘침 맛은 보장 TILDE 혼자가도 눈치 안줘서좋구여 TILDE EMO_POS EMO_POS EMO_POS,1,0,0,0,0,0,0,48,친절
naver,뼈탄집 성수역점,막시무스 커몬,55.0,2026.01.25,1번째 방문,영수증,고기도 구워주셔서 편하게 남자친규랑 대화하면서 먹을 수 있어서 데이트 장소로 좋은 것 같아요 고기도 맛있고 뼈구이 세트가 있어서 골고루 먹을 수 있어서 좋아용,88,True,,,,고기도 구워주셔서 편하게 남자친규랑 대화하면서 먹을 수 있어서 데이트 장소로 좋은 것 같아요 고기도 맛있고 뼈구이 세트가 있어서 골고루 먹을 수 있어서 좋아용,고기도 구워주셔서 편하게 남자친규랑 대화하면서 먹을 수 있어서 데이트 장소로 좋은 것 같아요 고기도 맛있고 뼈구이 세트가 있어서 골고루 먹을 수 있어서 좋아용,0,0,0,0,0,0,0,88,구워주
naver,각시보쌈,용이오오,763.0,2025.12.14,1번째 방문,주문,"혼밥 가능. 정식 주문. 공간이 넓지만 4인석들이라 혼밥 반기는 분위기는 아님. 12시 전에 갔는데 웨이팅 없이 착석 보쌈에 살코기와 비계 적절히 섞여서 맛있음. 된장배추무침, 새콤달콤한 김치찌개, 마카로니샐러드 곁들인 반찬들도 입맛이 당기는 맛이라 자꾸 손이 갔음.",149,True,,,,"혼밥 가능. 정식 주문. 공간이 넓지만 4인석들이라 혼밥 반기는 분위기는 아님. 12시 전에 갔는데 웨이팅 없이 착석 보쌈에 살코기와 비계 적절히 섞여서 맛있음. 된장배추무침, 새콤달콤한 김치찌개, 마카로니샐러드 곁들인 반찬들도 입맛이 당기는 맛이라 자꾸 손이 갔음.",혼밥 가능 정식 주문 공간이 넓지만 4인석들이라 혼밥 반기는 분위기는 아님 12시 전에 갔는데 웨이팅 없이 착석 보쌈에 살코기와 비계 적절히 섞여서 맛있음 된장배추무침 새콤달콤한 김치찌개 마카로니샐러드 곁들인 반찬들도 입맛이 당기는 맛이라 자꾸 손이 갔음,0,0,0,0,0,0,1,149,"주문, 웨이팅"
kakao,육지,맛잘알,1.0,2025-07-19,,,"고기도 반찬도 너무 맛있고, 무엇보다 직원분이 너무 친절👍🏻",33,False,5.0,5.0,브론즈 레벨,"고기도 반찬도 너무 맛있고, 무엇보다 직원분이 너무 친절👍🏻",고기도 반찬도 너무 맛있고 무엇보다 직원분이 너무 친절 EMO_POS,1,0,0,0,0,0,0,33,"친절, 직원"
naver,황금콩밭,리얼규규,1444.0,2025.05.19,1번째 방문,영수증,"8년 연속 블루리본 맛집. 사람이 많이 찾고 인기있는 곳엔 이유가 있다. 푸짐한 건더기와 건강한 두부 너무 좋아요. 자극적인 요리가 많은 요즘 이런 음식이 너무 간절했는데, 행복으로 가득 채우고 갑니다. 돼지 짜글이는 제주도산 돼지고기가 엄청납니다. 밥한공기로는 절대 다 끝낼 수 없는 맛과 양이에요. 청국장은 냄새가 그렇게 강하지도 않고 두부가 푸짐해 먹는 내내 즐겁습니다. 소쿠리 두부는 담백하면서 두부의 맛을 너무 잘 살린 메뉴라 생각이 들어요. 직원분들 모두 친절하고 대표메뉴가 많아 한번 방문으론 절대 끝날 수 없는 곳입니다. 꼭 다시 방문해야 할 집!!!! 너무 맛있게 잘 먹고 갑니다🥰",334,True,,,,"8년 연속 블루리본 맛집. 사람이 많이 찾고 인기있는 곳엔 이유가 있다. 푸짐한 건더기와 건강한 두부 너무 좋아요. 자극적인 요리가 많은 요즘 이런 음식이 너무 간절했는데, 행복으로 가득 채우고 갑니다. 돼지 짜글이는 제주도산 돼지고기가 엄청납니다. 밥한공기로는 절대 다 끝낼 수 없는 맛과 양이에요. 청국장은 냄새가 그렇게 강하지도 않고 두부가 푸짐해 먹는 내내 즐겁습니다. 소쿠리 두부는 담백하면서 두부의 맛을 너무 잘 살린 메뉴라 생각이 들어요. 직원분들 모두 친절하고 대표메뉴가 많아 한번 방문으론 절대 끝날 수 없는 곳입니다. 꼭 다시 방문해야 할 집!!!! 너무 맛있게 잘 먹고 갑니다🥰",8년 연속 블루리본 맛집 사람이 많이 찾고 인기있는 곳엔 이유가 있다 푸짐한 건더기와 건강한 두부 너무 좋아요 자극적인 요리가 많은 요즘 이런 음식이 너무 간절했는데 행복으로 가득 채우고 갑니다 돼지 짜글이는 제주도산 돼지고기가 엄청납니다 밥한공기로는 절대 다 끝낼 수 없는 맛과 양이에요 청국장은 냄새가 그렇게 강하지도 않고 두부가 푸짐해 먹는 내내 즐겁습니다 소쿠리 두부는 담백하면서 두부의 맛을 너무 잘 살린 메뉴라 생각이 들어요 직원분들 모두 친절하고 대표메뉴가 많아 한번 방문으론 절대 끝날 수 없는 곳입니다 꼭 다시 방문해야 할 집 EXCLAM 너무 맛있게 잘 먹고 갑니다 EMO_POS,1,0,0,0,1,0,1,334,"친절, 직원"
kakao,성수족발,음식 피디아,2.0,2025-02-25,,,던지면서 하는 서빙은 좀..,15,True,1.0,1.0,브론즈 레벨,던지면서 하는 서빙은 좀..,던지면서 하는 서빙은 좀,0,0,0,0,0,0,0,15,서빙
naver,홍대 육지,현이피,27.0,2026.04.27,1번째 방문,영수증,직원분들이 친절하시고 사이드가 맛있어요! 물론 고기도 맛있어용! 잘 먹고 갑니다!,45,True,,,,직원분들이 친절하시고 사이드가 맛있어요! 물론 고기도 맛있어용! 잘 먹고 갑니다!,직원분들이 친절하시고 사이드가 맛있어요 EXCLAM 물론 고기도 맛있어용 EXCLAM 잘 먹고 갑니다 EXCLAM,0,0,0,0,1,0,0,45,"친절, 직원"
naver,옥동식,Spdlqj49,63.0,2025.11.28,1번째 방문,영수증,맛은 있었으나.. 단발의 여성 직원분이 컴플레인 전화를 대응하시는 과정 중 어투가 다소 거칠게 들렸습니다. 해당 통화 소리가 바로 앞에서 그대로 들려 편안하게 식사하기 어려웠습니다. 해당 직원분 응대 교육을 부탁드립니다...,125,False,,,,맛은 있었으나.. 단발의 여성 직원분이 컴플레인 전화를 대응하시는 과정 중 어투가 다소 거칠게 들렸습니다. 해당 통화 소리가 바로 앞에서 그대로 들려 편안하게 식사하기 어려웠습니다. 해당 직원분 응대 교육을 부탁드립니다...,맛은 있었으나 단발의 여성 직원분이 컴플레인 전화를 대응하시는 과정 중 어투가 다소 거칠게 들렸습니다 해당 통화 소리가 바로 앞에서 그대로 들려 편안하게 식사하기 어려웠습니다 해당 직원분 응대 교육을 부탁드립니다,0,0,0,0,0,0,0,125,"응대, 직원"
naver,소문난성수감자탕,고오리10,29.0,2025.12.14,1번째 방문,영수증,"0. 나쁜 리뷰 처음 써 봄. 1. 맛: 평타 이상의 감자탕. 그러나 줄 서서 먹을 정도는 아님. 김치가 맛이 없음. 2. 가성비: 감자탕치고는 비싼 편. 특히 우거지는 기본 제공 아니고, 공기밥도 2000원 3. 서비스: 개인적으로 최악. 명령형이 기본. 유명 맛집 가지말라는 이유를 알게 하는 서비스. 아직 다 안 먹었는데 상 치우시고 옷 입을 시간조차도 안 주심. 계산할 때도 우리밖에 없었는데 호통치심. 그 외에도 기분 좋은 식사를 방해하는 요소들이 있었음. 최종 평가: 재방문 의사 없음",277,False,,,,"0. 나쁜 리뷰 처음 써 봄. 1. 맛: 평타 이상의 감자탕. 그러나 줄 서서 먹을 정도는 아님. 김치가 맛이 없음. 2. 가성비: 감자탕치고는 비싼 편. 특히 우거지는 기본 제공 아니고, 공기밥도 2000원 3. 서비스: 개인적으로 최악. 명령형이 기본. 유명 맛집 가지말라는 이유를 알게 하는 서비스. 아직 다 안 먹었는데 상 치우시고 옷 입을 시간조차도 안 주심. 계산할 때도 우리밖에 없었는데 호통치심. 그 외에도 기분 좋은 식사를 방해하는 요소들이 있었음. 최종 평가: 재방문 의사 없음",0 나쁜 리뷰 처음 써 봄 1 맛 평타 이상의 감자탕 그러나 줄 서서 먹을 정도는 아님 김치가 맛이 없음 2 가성비 감자탕치고는 비싼 편 특히 우거지는 기본 제공 아니고 공기밥도 2000원 3 서비스 개인적으로 최악 명령형이 기본 유명 맛집 가지말라는 이유를 알게 하는 서비스 아직 다 안 먹었는데 상 치우시고 옷 입을 시간조차도 안 주심 계산할 때도 우리밖에 없었는데 호통치심 그 외에도 기분 좋은 식사를 방해하는 요소들이 있었음 최종 평가 재방문 의사 없음,0,0,0,0,0,0,1,277,서비스
naver,쭌곱창,yeo****,27.0,2026.03.21,2번째 방문,영수증,저번에 왔다가 너무 맛있어서 또 방문했습니다 ㅎㅎ 여기 육회도 진짜 맛있고 사장님이랑 알바생분들도 친절하셔서 기분좋게 먹을 수 있었어요! 다음에 또 홍대 오면 무조건 올거같아요 많이 파세요 ㅎㅎ,108,True,,,,저번에 왔다가 너무 맛있어서 또 방문했습니다 ㅎㅎ 여기 육회도 진짜 맛있고 사장님이랑 알바생분들도 친절하셔서 기분좋게 먹을 수 있었어요! 다음에 또 홍대 오면 무조건 올거같아요 많이 파세요 ㅎㅎ,저번에 왔다가 너무 맛있어서 또 방문했습니다 여기 육회도 진짜 맛있고 사장님이랑 알바생분들도 친절하셔서 기분좋게 먹을 수 있었어요 EXCLAM 다음에 또 홍대 오면 무조건 올거같아요 많이 파세요,0,0,0,0,1,0,0,108,"친절, 사장님, 알바"
naver,소문난성수감자탕,퉁이2460,3398.0,2026.01.12,1번째 방문,영수증,성수역에서 제일 유명한? 사람이 많은 식당. 지난번에 친구랑 뚝배기해장국을 먹었는데 오늘은 감자탕 소짜로 주문했습니다 소짜 감자탕에는 뼈가 5~6개정도 들어있습니다 백종원의 3대천왕에도 소개된 곳인데 국물은 시원하면서 약간 느끼하고 뼈에는 고기는 많치만 아주 잘 발라지는거 같진 않아요 냄비가 좀 더 컸으면 해요 볶음밥도 다소 싱겁고 ~식당이 일하시는 분들로 조금 시끄러워요 드실거면 뚝배기로 드세요 그게 좀 나을듯,232,True,,,,성수역에서 제일 유명한? 사람이 많은 식당. 지난번에 친구랑 뚝배기해장국을 먹었는데 오늘은 감자탕 소짜로 주문했습니다 소짜 감자탕에는 뼈가 5~6개정도 들어있습니다 백종원의 3대천왕에도 소개된 곳인데 국물은 시원하면서 약간 느끼하고 뼈에는 고기는 많치만 아주 잘 발라지는거 같진 않아요 냄비가 좀 더 컸으면 해요 볶음밥도 다소 싱겁고 ~식당이 일하시는 분들로 조금 시끄러워요 드실거면 뚝배기로 드세요 그게 좀 나을듯,성수역에서 제일 유명한 QUESTION 사람이 많은 식당 지난번에 친구랑 뚝배기해장국을 먹었는데 오늘은 감자탕 소짜로 주문했습니다 소짜 감자탕에는 뼈가 5 6개정도 들어있습니다 백종원의 3대천왕에도 소개된 곳인데 국물은 시원하면서 약간 느끼하고 뼈에는 고기는 많치만 아주 잘 발라지는거 같진 않아요 냄비가 좀 더 컸으면 해요 볶음밥도 다소 싱겁고 식당이 일하시는 분들로 조금 시끄러워요 드실거면 뚝배기로 드세요 그게 좀 나을듯,0,0,0,0,0,1,1,232,주문
naver,조선시대,SOH2E,60.0,2026.02.02,1번째 방문,예약,"일단 분위기부터 넘나 제 스타일이라서 홀린듯이 빠져버렸어용 이번이 두번째 방문인데 완전 단골 예정!!! 국물류가 끝장나게 맛있는데 전도 끝이 바삭 속은 촉촉하고 최고에요!!! 직원분이랑 친해졌는데 정말 친절하시고, 인상도 좋고, 웃는 것도 예쁘시고 맛있는 것도 잘 챙겨주시구!!!! 이러니까 앞으로도 계속 오게 될 것 같아요! 다음번엔 저도 호패 만들래요!!",200,True,,,,"일단 분위기부터 넘나 제 스타일이라서 홀린듯이 빠져버렸어용 이번이 두번째 방문인데 완전 단골 예정!!! 국물류가 끝장나게 맛있는데 전도 끝이 바삭 속은 촉촉하고 최고에요!!! 직원분이랑 친해졌는데 정말 친절하시고, 인상도 좋고, 웃는 것도 예쁘시고 맛있는 것도 잘 챙겨주시구!!!! 이러니까 앞으로도 계속 오게 될 것 같아요! 다음번엔 저도 호패 만들래요!!",일단 분위기부터 넘나 제 스타일이라서 홀린듯이 빠져버렸어용 이번이 두번째 방문인데 완전 단골 예정 EXCLAM 국물류가 끝장나게 맛있는데 전도 끝이 바삭 속은 촉촉하고 최고에요 EXCLAM 직원분이랑 친해졌는데 정말 친절하시고 인상도 좋고 웃는 것도 예쁘시고 맛있는 것도 잘 챙겨주시구 EXCLAM 이러니까 앞으로도 계속 오게 될 것 같아요 EXCLAM 다음번엔 저도 호패 만들래요 EXCLAM,0,0,0,0,1,0,0,200,"친절, 직원"
kakao,보끔당 성수점,돼지니,72.0,2026-02-09,,,"알바 개많네,, 콩나물국부터 맛 없음",20,False,1.0,3.6,실버 레벨,"알바 개많네,, 콩나물국부터 맛 없음",알바 개많네 콩나물국부터 맛 없음,0,0,0,0,0,0,0,20,알바
naver,할머니의 레시피,직장인 1,1093.0,2025.07.10,3번째 방문,영수증,건강하고 푸짐한 한상차림. 정말 맛있고 친절하셔서 좋아요!,32,True,,,,건강하고 푸짐한 한상차림. 정말 맛있고 친절하셔서 좋아요!,건강하고 푸짐한 한상차림 정말 맛있고 친절하셔서 좋아요 EXCLAM,0,0,0,0,1,0,0,32,친절
naver,원조 조박집 본관,car****,91.0,2025.08.25,1번째 방문,영수증,친절하고 잘 먹었습니다. ^^,16,True,,,,친절하고 잘 먹었습니다. ^^,친절하고 잘 먹었습니다,0,0,0,0,0,0,0,16,친절
naver,옥동식,ryuhann,143.0,2026.01.07,1번째 방문,예약,하도 유명하길래 궁금해서 근처 볼일 있는 날 포장해왔습니다. 맛은 있더라구요. 그치만 몇 시간씩 웨이팅해서 먹진 않을 것 같아요^_ㅠ... 포장 웨이팅할 때도 너무 추웠어요,96,True,,,,하도 유명하길래 궁금해서 근처 볼일 있는 날 포장해왔습니다. 맛은 있더라구요. 그치만 몇 시간씩 웨이팅해서 먹진 않을 것 같아요^_ㅠ... 포장 웨이팅할 때도 너무 추웠어요,하도 유명하길래 궁금해서 근처 볼일 있는 날 포장해왔습니다 맛은 있더라구요 그치만 몇 시간씩 웨이팅해서 먹진 않을 것 같아요 _ 포장 웨이팅할 때도 너무 추웠어요,0,0,0,0,0,0,0,96,웨이팅
kakao,이태리국시 성수,wasson,2.0,2026-04-10,,,평일 런치 먹었는데 양도 많고 너무 맛있어요! ㅎㅎ 직원분들도 친절하시고 매장 분위기도 너무 좋네요! 성수 오면 또 방문 하겠습니다~~,75,True,5.0,5.0,브론즈 레벨,평일 런치 먹었는데 양도 많고 너무 맛있어요! ㅎㅎ 직원분들도 친절하시고 매장 분위기도 너무 좋네요! 성수 오면 또 방문 하겠습니다~~,평일 런치 먹었는데 양도 많고 너무 맛있어요 EXCLAM 직원분들도 친절하시고 매장 분위기도 너무 좋네요 EXCLAM 성수 오면 또 방문 하겠습니다 TILDE,0,0,0,0,1,0,0,75,"친절, 직원"
kakao,장인닭갈비 홍대점,꼬꼬,21.0,2025-12-28,,,"친구 모임으로 여럿이서 갔는데 자리도 불편하지 않고 음식도 빨리 나와서 좋았어요. 메뉴 구성이 단순한데도 질리지 않았고, 모듬사리추가하니 양도 충분해서 만족스러웠어요 배가 불러도 날치알 볶음밥은 꼭 추가해서 드세요~ 완벽한 마무리가 된답니다",134,False,5.0,5.0,실버 레벨,"친구 모임으로 여럿이서 갔는데 자리도 불편하지 않고 음식도 빨리 나와서 좋았어요. 메뉴 구성이 단순한데도 질리지 않았고, 모듬사리추가하니 양도 충분해서 만족스러웠어요 배가 불러도 날치알 볶음밥은 꼭 추가해서 드세요~ 완벽한 마무리가 된답니다",친구 모임으로 여럿이서 갔는데 자리도 불편하지 않고 음식도 빨리 나와서 좋았어요 메뉴 구성이 단순한데도 질리지 않았고 모듬사리추가하니 양도 충분해서 만족스러웠어요 배가 불러도 날치알 볶음밥은 꼭 추가해서 드세요 완벽한 마무리가 된답니다,0,0,0,0,0,0,0,134,빨리
kakao,훼미리손칼국수보쌈,봉밥이,98.0,2025-09-02,,,구우우우욷 보쌈이랑 무말랭이가 진짜 맛있음!! 근데 웨이팅 해서 먹을 정도는 아님...!!! 보쌈정식(밥+칼국수+보쌈) 추천! 밥은 공기밥 절반 정도... 칼국수는 싱거움 보쌈이 제일 맛있음!!,108,True,4.0,3.4,골드 레벨,구우우우욷 보쌈이랑 무말랭이가 진짜 맛있음!! 근데 웨이팅 해서 먹을 정도는 아님...!!! 보쌈정식(밥+칼국수+보쌈) 추천! 밥은 공기밥 절반 정도... 칼국수는 싱거움 보쌈이 제일 맛있음!!,구우우욷 보쌈이랑 무말랭이가 진짜 맛있음 EXCLAM 근데 웨이팅 해서 먹을 정도는 아님 EXCLAM 보쌈정식 밥 칼국수 보쌈 추천 EXCLAM 밥은 공기밥 절반 정도 칼국수는 싱거움 보쌈이 제일 맛있음 EXCLAM,0,0,0,0,1,0,0,108,웨이팅
naver,능동미나리 성수지점,아쟁소녀99,974.0,2025.10.30,1번째 방문,영수증,양도 괜찮고 맛도있어요~ 다만..웨이팅이 길어요..,28,True,,,,양도 괜찮고 맛도있어요~ 다만..웨이팅이 길어요..,양도 괜찮고 맛도있어요 다만 웨이팅이 길어요,0,0,0,0,0,0,0,28,웨이팅
naver,뼈탄집 성수역점,bri****,19.0,2026.04.06,1번째 방문,영수증,"진짜 너무너무 맛있어요 이런 곳을 왜 이제야 알았는지 후회될 정도로ㅜㅜ 고기 질도 너무 좋고요. 일단 저희가 들어갈때 만석이라 첫번째로 웨이팅 했는데, 웨이팅 끝나고 들어올때 사장님께서 감사하다면서 너무 깍듯하게 안내해주시더라고요. 거기서부터 진짜 감동 백배… 감동 먹고 들어왔는데 매장 안은 청결하고 직원들도 전부 친절하시고 서비스 최고구요. 맛은 더 난리에요 같이 나온 기본찬들이 말이 안될 정도로 고기랑 찰떡이고, 고기도 정말 질이 좋아서 입에 넣자마자 “헉. 지금까지 먹어본 삼겹살 집 중 최고다.” 했는데 사이드메뉴들도 너무너무너무 맛있어요 단골 확정입니다 ㅎㅎ 이런 리뷰도 잘 안남기고 사실 웨이팅도 안하는 귀차니즘인데, 여긴 마음을 감동시키고 움직이는 가게네요…. 감사합니다 오래 계셔주세요",393,True,,,,"진짜 너무너무 맛있어요 이런 곳을 왜 이제야 알았는지 후회될 정도로ㅜㅜ 고기 질도 너무 좋고요. 일단 저희가 들어갈때 만석이라 첫번째로 웨이팅 했는데, 웨이팅 끝나고 들어올때 사장님께서 감사하다면서 너무 깍듯하게 안내해주시더라고요. 거기서부터 진짜 감동 백배… 감동 먹고 들어왔는데 매장 안은 청결하고 직원들도 전부 친절하시고 서비스 최고구요. 맛은 더 난리에요 같이 나온 기본찬들이 말이 안될 정도로 고기랑 찰떡이고, 고기도 정말 질이 좋아서 입에 넣자마자 “헉. 지금까지 먹어본 삼겹살 집 중 최고다.” 했는데 사이드메뉴들도 너무너무너무 맛있어요 단골 확정입니다 ㅎㅎ 이런 리뷰도 잘 안남기고 사실 웨이팅도 안하는 귀차니즘인데, 여긴 마음을 감동시키고 움직이는 가게네요…. 감사합니다 오래 계셔주세요",진짜 너무너무 맛있어요 이런 곳을 왜 이제야 알았는지 후회될 정도로 고기 질도 너무 좋고요 일단 저희가 들어갈때 만석이라 첫번째로 웨이팅 했는데 웨이팅 끝나고 들어올때 사장님께서 감사하다면서 너무 깍듯하게 안내해주시더라고요 거기서부터 진짜 감동 백배 감동 먹고 들어왔는데 매장 안은 청결하고 직원들도 전부 친절하시고 서비스 최고구요 맛은 더 난리에요 같이 나온 기본찬들이 말이 안될 정도로 고기랑 찰떡이고 고기도 정말 질이 좋아서 입에 넣자마자 헉 지금까지 먹어본 삼겹살 집 중 최고다 했는데 사이드메뉴들도 너무너무너무 맛있어요 단골 확정입니다 이런 리뷰도 잘 안남기고 사실 웨이팅도 안하는 귀차니즘인데 여긴 마음을 감동시키고 움직이는 가게네요 감사합니다 오래 계셔주세요,0,0,0,1,0,0,0,393,"서비스, 친절, 직원, 사장님, 안내, 웨이팅"
naver,황금콩밭,배잘리나,75.0,2026.01.11,1번째 방문,영수증,"오늘 방문해서 추가 고기를 주문했는데, 고기에서 수세미 같은 실오라기 이물질이 나왔습니다. 직원분께 말씀드리니 고기는 다시 준비해 주셨고 확인해 보겠다고 가져가셨지만, 그 이후 어떤 설명이나 사과의 말도 없었습니다. 고기만 새로 나왔을 뿐, 직원이나 계산 시 사장님으로부터 “불편을 드려 죄송하다”는 한마디조차 없어 많이 아쉬웠습니다. 매년 미쉐린에 등재되는 곳이고, 가족이 정말 좋아하던 식당이라 더욱 기대가 컸는데 응대 부분에서는 실망이 컸습니다. 음식의 문제보다도 이런 상황에서의 기본적인 소통과 태도가 더 중요하다고 생각합니다. 좋은 음식과 명성에 걸맞은 응대를 기대하며, 같은 일이 반복되지 않기를 바라는 마음으로 남깁니다",353,True,,,,"오늘 방문해서 추가 고기를 주문했는데, 고기에서 수세미 같은 실오라기 이물질이 나왔습니다. 직원분께 말씀드리니 고기는 다시 준비해 주셨고 확인해 보겠다고 가져가셨지만, 그 이후 어떤 설명이나 사과의 말도 없었습니다. 고기만 새로 나왔을 뿐, 직원이나 계산 시 사장님으로부터 “불편을 드려 죄송하다”는 한마디조차 없어 많이 아쉬웠습니다. 매년 미쉐린에 등재되는 곳이고, 가족이 정말 좋아하던 식당이라 더욱 기대가 컸는데 응대 부분에서는 실망이 컸습니다. 음식의 문제보다도 이런 상황에서의 기본적인 소통과 태도가 더 중요하다고 생각합니다. 좋은 음식과 명성에 걸맞은 응대를 기대하며, 같은 일이 반복되지 않기를 바라는 마음으로 남깁니다",오늘 방문해서 추가 고기를 주문했는데 고기에서 수세미 같은 실오라기 이물질이 나왔습니다 직원분께 말씀드리니 고기는 다시 준비해 주셨고 확인해 보겠다고 가져가셨지만 그 이후 어떤 설명이나 사과의 말도 없었습니다 고기만 새로 나왔을 뿐 직원이나 계산 시 사장님으로부터 불편을 드려 죄송하다 는 한마디조차 없어 많이 아쉬웠습니다 매년 미쉐린에 등재되는 곳이고 가족이 정말 좋아하던 식당이라 더욱 기대가 컸는데 응대 부분에서는 실망이 컸습니다 음식의 문제보다도 이런 상황에서의 기본적인 소통과 태도가 더 중요하다고 생각합니다 좋은 음식과 명성에 걸맞은 응대를 기대하며 같은 일이 반복되지 않기를 바라는 마음으로 남깁니다,0,0,0,0,0,0,0,353,"응대, 직원, 사장님, 주문, 설명, 태도, 사과"
naver,보끔당 성수점,axc2424,38.0,2025.10.23,3번째 방문,영수증,"성수 보끔당 방문했어요 :) 묵은지 순살 보끔당이 진짜 맛있었어요. 매콤하면서도 자극적이지 않고, 밥이랑 순살이 잘 어우러져서 계속 먹게 되더라구요. 날치알 주먹밥이랑 같이 먹으니까 궁합도 딱이었어요! 닭발튀김은 바삭하면서도 안에 닭발이 부드럽게 익어서 식감이 좋았고, 계란찜도 부드럽고 따뜻해서 사이드로 완벽했어요. 전체적으로 음식이 다 맛있고 양도 적당했어요. 가게도 깔끔하고 분위기가 편해서 식사하기 좋았고, 사장님이 정말 친절하셔서 기분 좋게 먹고 나왔습니다. 성수에서 매콤한 한 끼 찾으신다면 보끔당 추천드려요 👍",292,True,,,,"성수 보끔당 방문했어요 :) 묵은지 순살 보끔당이 진짜 맛있었어요. 매콤하면서도 자극적이지 않고, 밥이랑 순살이 잘 어우러져서 계속 먹게 되더라구요. 날치알 주먹밥이랑 같이 먹으니까 궁합도 딱이었어요! 닭발튀김은 바삭하면서도 안에 닭발이 부드럽게 익어서 식감이 좋았고, 계란찜도 부드럽고 따뜻해서 사이드로 완벽했어요. 전체적으로 음식이 다 맛있고 양도 적당했어요. 가게도 깔끔하고 분위기가 편해서 식사하기 좋았고, 사장님이 정말 친절하셔서 기분 좋게 먹고 나왔습니다. 성수에서 매콤한 한 끼 찾으신다면 보끔당 추천드려요 👍",성수 보끔당 방문했어요 묵은지 순살 보끔당이 진짜 맛있었어요 매콤하면서도 자극적이지 않고 밥이랑 순살이 잘 어우러져서 계속 먹게 되더라구요 날치알 주먹밥이랑 같이 먹으니까 궁합도 딱이었어요 EXCLAM 닭발튀김은 바삭하면서도 안에 닭발이 부드럽게 익어서 식감이 좋았고 계란찜도 부드럽고 따뜻해서 사이드로 완벽했어요 전체적으로 음식이 다 맛있고 양도 적당했어요 가게도 깔끔하고 분위기가 편해서 식사하기 좋았고 사장님이 정말 친절하셔서 기분 좋게 먹고 나왔습니다 성수에서 매콤한 한 끼 찾으신다면 보끔당 추천드려요 EMO_POS,1,0,0,0,1,0,0,292,"친절, 사장님"
kakao,능동미나리 성수점,ㅇ,32.0,2026-04-08,,,웨이팅맛집이라 기대 안 했는데 맛있어서 당황,24,True,4.0,3.5,실버 레벨,웨이팅맛집이라 기대 안 했는데 맛있어서 당황,웨이팅맛집이라 기대 안 했는데 맛있어서 당황,0,0,0,0,0,0,0,24,웨이팅
naver,뼈탄집 성수역점,yju****,54.0,2026.01.25,1번째 방문,영수증,고기가 너무너무 맛있어요~~~ 직원분이 맛나게구워주시고 너무 친절하세요ㅎㅎ 매장도 깨끗하고 고기랑 곁들이는 반찬들이 특별해요~~~♡,73,True,,,,고기가 너무너무 맛있어요~~~ 직원분이 맛나게구워주시고 너무 친절하세요ㅎㅎ 매장도 깨끗하고 고기랑 곁들이는 반찬들이 특별해요~~~♡,고기가 너무너무 맛있어요 TILDE 직원분이 맛나게구워주시고 너무 친절하세요 매장도 깨끗하고 고기랑 곁들이는 반찬들이 특별해요 TILDE EMO_POS,1,0,0,0,0,0,0,73,"친절, 직원, 구워주"
naver,능동미나리 성수지점,YoddongGuri,106.0,2025.10.11,1번째 방문,영수증,진짜 맛있어요!!!! 진짜진짜!!!! 미나리 향긋하고 고기 도톰하고 기름지지않고!! 맛있어요!!! 육전 추가 주문!! 반전십!! 맛있어요!!,78,True,,,,진짜 맛있어요!!!! 진짜진짜!!!! 미나리 향긋하고 고기 도톰하고 기름지지않고!! 맛있어요!!! 육전 추가 주문!! 반전십!! 맛있어요!!,진짜 맛있어요 EXCLAM 진짜진짜 EXCLAM 미나리 향긋하고 고기 도톰하고 기름지지않고 EXCLAM 맛있어요 EXCLAM 육전 추가 주문 EXCLAM 반전십 EXCLAM 맛있어요 EXCLAM,0,0,0,0,1,0,0,78,주문
kakao,할머니의레시피,파란하늘,3.0,2025-01-12,,,"분위기도 고즈넉하고 직원들도 친절합니다 다만, 음식 양이 작습니다ㅋ.. 맛은 있음. 다만, 양이 작음... 할머니는 이렇게 손이 작지 않음",77,True,3.0,4.3,브론즈 레벨,"분위기도 고즈넉하고 직원들도 친절합니다 다만, 음식 양이 작습니다ㅋ.. 맛은 있음. 다만, 양이 작음... 할머니는 이렇게 손이 작지 않음",분위기도 고즈넉하고 직원들도 친절합니다 다만 음식 양이 작습니다 맛은 있음 다만 양이 작음 할머니는 이렇게 손이 작지 않음,0,0,0,0,0,0,0,77,"친절, 직원"
naver,홍대 육지,Kelly7936,27.0,2026.02.21,1번째 방문,영수증,"서울 나들이 와서 먹은 마지막 식당 ✨😎 고심하고 고심한 끝에 맛집을 찾아왔습니다! 당연히 웨이팅은 있었지만, 빨리 입장했고 기다리는 시간이 지루하지 않게 벤치도 있어서 편리했습니다. 돼지고기는 항상 먹는거라지만 만들어주신 특제소스랑, 벌집 덧살은 진짜 또 먹고 싶을만큼 맛있었습니다 🫢🫶 다음에도 꼭 들를게요 ! 좌석이 넓고 프라이빗한 공간이 있어서 단체 방문도 좋을 것 같습니다. 깔끔하고 청결하면서, 맛있는 홍대 고깃집을 찾는다면 1순위로 추천드리고 싶어요! 메뉴마다 맛있었지만 입가심으로 막국수도 꼭 시켜드시고, 따뜻한 차돌된장에 솥밥까지 완벽 조합이었습니다! 🥺♥️♥️ 사장님 번창하시고 또 방문하겠습니다 ♥️♥️",348,True,,,,"서울 나들이 와서 먹은 마지막 식당 ✨😎 고심하고 고심한 끝에 맛집을 찾아왔습니다! 당연히 웨이팅은 있었지만, 빨리 입장했고 기다리는 시간이 지루하지 않게 벤치도 있어서 편리했습니다. 돼지고기는 항상 먹는거라지만 만들어주신 특제소스랑, 벌집 덧살은 진짜 또 먹고 싶을만큼 맛있었습니다 🫢🫶 다음에도 꼭 들를게요 ! 좌석이 넓고 프라이빗한 공간이 있어서 단체 방문도 좋을 것 같습니다. 깔끔하고 청결하면서, 맛있는 홍대 고깃집을 찾는다면 1순위로 추천드리고 싶어요! 메뉴마다 맛있었지만 입가심으로 막국수도 꼭 시켜드시고, 따뜻한 차돌된장에 솥밥까지 완벽 조합이었습니다! 🥺♥️♥️ 사장님 번창하시고 또 방문하겠습니다 ♥️♥️",서울 나들이 와서 먹은 마지막 식당 EMO_POS EMO_POS 고심하고 고심한 끝에 맛집을 찾아왔습니다 EXCLAM 당연히 웨이팅은 있었지만 빨리 입장했고 기다리는 시간이 지루하지 않게 벤치도 있어서 편리했습니다 돼지고기는 항상 먹는거라지만 만들어주신 특제소스랑 벌집 덧살은 진짜 또 먹고 싶을만큼 맛있었습니다 다음에도 꼭 들를게요 EXCLAM 좌석이 넓고 프라이빗한 공간이 있어서 단체 방문도 좋을 것 같습니다 깔끔하고 청결하면서 맛있는 홍대 고깃집을 찾는다면 1순위로 추천드리고 싶어요 EXCLAM 메뉴마다 맛있었지만 입가심으로 막국수도 꼭 시켜드시고 따뜻한 차돌된장에 솥밥까지 완벽 조합이었습니다 EXCLAM EMO_POS EMO_POS 사장님 번창하시고 또 방문하겠습니다 EMO_POS EMO_POS,1,0,0,0,1,0,1,348,"사장님, 웨이팅, 빨리"
kakao,옥동식 서교점,왜이레,603.0,2025-03-01,,,"세번째 방문. 국밥부장관인 부산/경상 친구들은 많이 실망스럽다고 했으나, 국밥 불모지 도시에 사는 사람으로서는 이마저도 감지덕지. 분위기가 좋고, 조용하고, 구조가 마음에 들고, 맛있어서 꾸준히 방문했으나, 최근 웨이팅이 너무 심해서 안 감. •국밥: 깔끔한 맛. 고기는 돼지 잡내가 있지만 거슬릴 정도는 아님. •김치와 만두: 김치는 달아서 입맛에 안 맞았음. 김치 만두는 평범. 재주문 의사 x",222,False,4.0,3.4,블루 레벨,"세번째 방문. 국밥부장관인 부산/경상 친구들은 많이 실망스럽다고 했으나, 국밥 불모지 도시에 사는 사람으로서는 이마저도 감지덕지. 분위기가 좋고, 조용하고, 구조가 마음에 들고, 맛있어서 꾸준히 방문했으나, 최근 웨이팅이 너무 심해서 안 감. •국밥: 깔끔한 맛. 고기는 돼지 잡내가 있지만 거슬릴 정도는 아님. •김치와 만두: 김치는 달아서 입맛에 안 맞았음. 김치 만두는 평범. 재주문 의사 x",세번째 방문 국밥부장관인 부산 경상 친구들은 많이 실망스럽다고 했으나 국밥 불모지 도시에 사는 사람으로서는 이마저도 감지덕지 분위기가 좋고 조용하고 구조가 마음에 들고 맛있어서 꾸준히 방문했으나 최근 웨이팅이 너무 심해서 안 감 국밥 깔끔한 맛 고기는 돼지 잡내가 있지만 거슬릴 정도는 아님 김치와 만두 김치는 달아서 입맛에 안 맞았음 김치 만두는 평범 재주문 의사 x,0,0,0,0,0,0,0,222,"주문, 웨이팅"
naver,옥동식,별빛노트,594.0,2025.01.23,1번째 방문,영수증,이 계절에 너무 어울리는 음식이에요. 캐치테이블로 예약하고 갔습니다. 예약 후 1시간 이후에 입장했어요. 곰탕 주문했구요. 고기는 고추지에 찍어 드시면 됩니다. 고추지는 맵지 않고 고추 본연의 맛이 잘 납니다. 매력적인 맛이에요. 김치는 회색 그릇에 덜어드시면 되는데 김치가 너무!! 맛있어요. 옆에 앉으셨던 분이 김치 판매 하냐고 물을 정도 였습니다. (김치 판매는 안 한다고 하네요.) 곰탕 국물은 깊은 맛이 나면서 계속 먹게 되는 맛이에요. 원래 국물을 잘 남기는데 여기 곰탕은 다 마시게 되네요. 육수와 밥은 리필이 되니 참고하세요!,302,True,,,,이 계절에 너무 어울리는 음식이에요. 캐치테이블로 예약하고 갔습니다. 예약 후 1시간 이후에 입장했어요. 곰탕 주문했구요. 고기는 고추지에 찍어 드시면 됩니다. 고추지는 맵지 않고 고추 본연의 맛이 잘 납니다. 매력적인 맛이에요. 김치는 회색 그릇에 덜어드시면 되는데 김치가 너무!! 맛있어요. 옆에 앉으셨던 분이 김치 판매 하냐고 물을 정도 였습니다. (김치 판매는 안 한다고 하네요.) 곰탕 국물은 깊은 맛이 나면서 계속 먹게 되는 맛이에요. 원래 국물을 잘 남기는데 여기 곰탕은 다 마시게 되네요. 육수와 밥은 리필이 되니 참고하세요!,이 계절에 너무 어울리는 음식이에요 캐치테이블로 예약하고 갔습니다 예약 후 1시간 이후에 입장했어요 곰탕 주문했구요 고기는 고추지에 찍어 드시면 됩니다 고추지는 맵지 않고 고추 본연의 맛이 잘 납니다 매력적인 맛이에요 김치는 회색 그릇에 덜어드시면 되는데 김치가 너무 EXCLAM 맛있어요 옆에 앉으셨던 분이 김치 판매 하냐고 물을 정도 였습니다 김치 판매는 안 한다고 하네요 곰탕 국물은 깊은 맛이 나면서 계속 먹게 되는 맛이에요 원래 국물을 잘 남기는데 여기 곰탕은 다 마시게 되네요 육수와 밥은 리필이 되니 참고하세요 EXCLAM,0,0,0,0,1,0,1,302,"주문, 예약"
naver,금금 성수점,몽키랄라,21.0,2026.04.04,1번째 방문,영수증,시부모님 모시고 요즘 친구들 많이 온다는 성수동 나들이 왔다가 새로운 음식 드시게 하고 싶어서 리뷰보고 찾아왔어요. 색다른 메뉴에 어르신들 눈으로 감탄하시고 금방나오는 메뉴로 시장하신 허기 달래는 맛보고 놀라시고. 오늘 하루 기분좋게 마무리 하게되서 만족스럽네요. 문어국수 새콤해서 추천드리고요. 친절하시고 다들 취향저격이라 맛있게 먹었어요~!!,193,True,,,,시부모님 모시고 요즘 친구들 많이 온다는 성수동 나들이 왔다가 새로운 음식 드시게 하고 싶어서 리뷰보고 찾아왔어요. 색다른 메뉴에 어르신들 눈으로 감탄하시고 금방나오는 메뉴로 시장하신 허기 달래는 맛보고 놀라시고. 오늘 하루 기분좋게 마무리 하게되서 만족스럽네요. 문어국수 새콤해서 추천드리고요. 친절하시고 다들 취향저격이라 맛있게 먹었어요~!!,시부모님 모시고 요즘 친구들 많이 온다는 성수동 나들이 왔다가 새로운 음식 드시게 하고 싶어서 리뷰보고 찾아왔어요 색다른 메뉴에 어르신들 눈으로 감탄하시고 금방나오는 메뉴로 시장하신 허기 달래는 맛보고 놀라시고 오늘 하루 기분좋게 마무리 하게되서 만족스럽네요 문어국수 새콤해서 추천드리고요 친절하시고 다들 취향저격이라 맛있게 먹었어요 EXCLAM,0,0,0,0,1,0,0,193,친절
naver,옥동식,Yulmaeng,161.0,2025.12.17,2번째 방문,영수증,"3년 전에 방문했을 때 너무 맛있게 먹었던 기억이 있어, 이후에도 재방문을 시도했지만 웨이팅이 너무 길어 결국 다른 곳으로 가야만 했다. 그런데 흑백요리사에 출연하셨다는 소식을 듣고는, 더 이상 미룰 수 없겠다는 생각이 들어 4시부터 웨이팅을 걸어두고 한참을 기다린 끝에 드디어 먹을 수 있었다. 첫 입은 3년 전의 감동만큼은 아니었지만, 먹을수록 은은하게 퍼지는 고기 향과 국물의 맛이 끝까지 기분 좋게 이어졌다. 특히 처음 먹어본 김치만두에 오히려 놀랐다. 자칫하면 자극적일 수 있는 김치만두를 담백하면서도 김치 본연의 맛을 살렸다. 정말 만족스러운 식사였다~!",316,True,,,,"3년 전에 방문했을 때 너무 맛있게 먹었던 기억이 있어, 이후에도 재방문을 시도했지만 웨이팅이 너무 길어 결국 다른 곳으로 가야만 했다. 그런데 흑백요리사에 출연하셨다는 소식을 듣고는, 더 이상 미룰 수 없겠다는 생각이 들어 4시부터 웨이팅을 걸어두고 한참을 기다린 끝에 드디어 먹을 수 있었다. 첫 입은 3년 전의 감동만큼은 아니었지만, 먹을수록 은은하게 퍼지는 고기 향과 국물의 맛이 끝까지 기분 좋게 이어졌다. 특히 처음 먹어본 김치만두에 오히려 놀랐다. 자칫하면 자극적일 수 있는 김치만두를 담백하면서도 김치 본연의 맛을 살렸다. 정말 만족스러운 식사였다~!",3년 전에 방문했을 때 너무 맛있게 먹었던 기억이 있어 이후에도 재방문을 시도했지만 웨이팅이 너무 길어 결국 다른 곳으로 가야만 했다 그런데 흑백요리사에 출연하셨다는 소식을 듣고는 더 이상 미룰 수 없겠다는 생각이 들어 4시부터 웨이팅을 걸어두고 한참을 기다린 끝에 드디어 먹을 수 있었다 첫 입은 3년 전의 감동만큼은 아니었지만 먹을수록 은은하게 퍼지는 고기 향과 국물의 맛이 끝까지 기분 좋게 이어졌다 특히 처음 먹어본 김치만두에 오히려 놀랐다 자칫하면 자극적일 수 있는 김치만두를 담백하면서도 김치 본연의 맛을 살렸다 정말 만족스러운 식사였다 EXCLAM,0,0,0,0,1,0,1,316,웨이팅
naver,뼈탄집 성수역점,ddao****,12.0,2026.04.09,1번째 방문,영수증,고기 퀄리티가 정말 좋아서 한입 먹자마자 만족!! 고기도 부드럽고 잡내 없이 깔끔하더라구요~ 매장 분위기가 좋아 데이트 장소로도 추천이랍니다💕 직원분들도 친절하셔서 기분 좋게 식사하고 왔습니다 재방문 의사 완전 있어요!,122,True,,,,고기 퀄리티가 정말 좋아서 한입 먹자마자 만족!! 고기도 부드럽고 잡내 없이 깔끔하더라구요~ 매장 분위기가 좋아 데이트 장소로도 추천이랍니다💕 직원분들도 친절하셔서 기분 좋게 식사하고 왔습니다 재방문 의사 완전 있어요!,고기 퀄리티가 정말 좋아서 한입 먹자마자 만족 EXCLAM 고기도 부드럽고 잡내 없이 깔끔하더라구요 매장 분위기가 좋아 데이트 장소로도 추천이랍니다 EMO_POS 직원분들도 친절하셔서 기분 좋게 식사하고 왔습니다 재방문 의사 완전 있어요 EXCLAM,1,0,0,0,1,0,0,122,"친절, 직원"
naver,일등식당,묘묘에요,1025.0,2025.10.10,1번째 방문,예약,8천원에 양도 푸짐하고 맛있습니다 깍두기도 괜찮고요 배추김치는 중국산인가요? 사장님으로 보이시는분은 남자분 불친절은 아닌데 많이 피곤하신지 입을 아예 안여시는듯.,90,True,,,,8천원에 양도 푸짐하고 맛있습니다 깍두기도 괜찮고요 배추김치는 중국산인가요? 사장님으로 보이시는분은 남자분 불친절은 아닌데 많이 피곤하신지 입을 아예 안여시는듯.,8천원에 양도 푸짐하고 맛있습니다 깍두기도 괜찮고요 배추김치는 중국산인가요 QUESTION 사장님으로 보이시는분은 남자분 불친절은 아닌데 많이 피곤하신지 입을 아예 안여시는듯,0,0,0,0,0,1,1,90,"친절, 불친절, 사장님"
naver,홍대 육지,3151760,58.0,2026.04.17,1번째 방문,영수증,돈대갈비 진짜 맛있어요 !! 직원분들도 친절하시고 다 구워주셔서 맛있게 먹었습니당 🤤,47,True,,,,돈대갈비 진짜 맛있어요 !! 직원분들도 친절하시고 다 구워주셔서 맛있게 먹었습니당 🤤,돈대갈비 진짜 맛있어요 EXCLAM 직원분들도 친절하시고 다 구워주셔서 맛있게 먹었습니당,0,0,0,0,1,0,0,47,"친절, 직원, 구워주"
kakao,이태리국시 성수,맛도리,35.0,2026-03-29,,,예약하고 오면은 창가자리도 주시고 친절하세요~,25,True,5.0,4.3,실버 레벨,예약하고 오면은 창가자리도 주시고 친절하세요~,예약하고 오면은 창가자리도 주시고 친절하세요,0,0,0,0,0,0,0,25,"친절, 예약"
naver,성수족발,soong0619,118.0,2025.05.18,1번째 방문,예약,서율 3대족발이라 해서 방문 보드랍고 달달한 족발 쵝오 아쉬운점은 가게가 좀 좁았다는?? 그래서 오래도록 못앉아 있겠다는?? 대기 시간짧으면 완죤 재방문 의사 있음!! 너무길면 쫌...,103,True,,,,서율 3대족발이라 해서 방문 보드랍고 달달한 족발 쵝오 아쉬운점은 가게가 좀 좁았다는?? 그래서 오래도록 못앉아 있겠다는?? 대기 시간짧으면 완죤 재방문 의사 있음!! 너무길면 쫌...,서율 3대족발이라 해서 방문 보드랍고 달달한 족발 쵝오 아쉬운점은 가게가 좀 좁았다는 QUESTION 그래서 오래도록 못앉아 있겠다는 QUESTION 대기 시간짧으면 완죤 재방문 의사 있음 EXCLAM 너무길면 쫌,0,0,0,0,1,1,1,103,대기
naver,장인닭갈비 홍대점,rauren4,28.0,2026.04.14,1번째 방문,영수증,장인닭갈비 좋아해서 자주 방문해요~~ 테이블 수도 많고 무엇보다 넘 맛있네요~~👍🏻👍🏻 직원분들도 친절하고 좋아요,63,True,,,,장인닭갈비 좋아해서 자주 방문해요~~ 테이블 수도 많고 무엇보다 넘 맛있네요~~👍🏻👍🏻 직원분들도 친절하고 좋아요,장인닭갈비 좋아해서 자주 방문해요 TILDE 테이블 수도 많고 무엇보다 넘 맛있네요 TILDE EMO_POS EMO_POS 직원분들도 친절하고 좋아요,1,0,0,0,0,0,0,63,"친절, 직원"
naver,뼈탄집 성수역점,리지3025,168.0,2026.02.07,1번째 방문,영수증,동료 추천으로 오게된 뼈탄집! 고기를 직접 구워주셔서 편하게 먹을 수 있어요~~~~ 룸도 있어 6인도 추천합니다!,63,True,,,,동료 추천으로 오게된 뼈탄집! 고기를 직접 구워주셔서 편하게 먹을 수 있어요~~~~ 룸도 있어 6인도 추천합니다!,동료 추천으로 오게된 뼈탄집 EXCLAM 고기를 직접 구워주셔서 편하게 먹을 수 있어요 TILDE 룸도 있어 6인도 추천합니다 EXCLAM,0,0,0,0,1,0,1,63,구워주
naver,보끔당 성수점,미토리아,79.0,2026.03.16,1번째 방문,영수증,"리뷰가 좋아서 와봤는데 좋은이유가 있네요!!! 넘 맛있어요, 양도 넉넉하고 사장님들도 친절하셔서 좋아용. 성수 근처 놀러오게되면 또 올게요!!!!",81,True,,,,"리뷰가 좋아서 와봤는데 좋은이유가 있네요!!! 넘 맛있어요, 양도 넉넉하고 사장님들도 친절하셔서 좋아용. 성수 근처 놀러오게되면 또 올게요!!!!",리뷰가 좋아서 와봤는데 좋은이유가 있네요 EXCLAM 넘 맛있어요 양도 넉넉하고 사장님들도 친절하셔서 좋아용 성수 근처 놀러오게되면 또 올게요 EXCLAM,0,0,0,0,1,0,0,81,"친절, 사장님"
kakao,훼미리손칼국수보쌈,닉,129.0,2025-04-12,,,여길 왜 웨이팅할까요..올해 최대 의문점이 되었습니다. 참 의아합니다 보쌈은 그냥 보쌈이고 칼국수는 사골국물 느낌이라 호불호 갈릴 것 같다고 생각했습니다 전 피크타임에 가지않아서 웨이팅하진 않았는데 친구가 여기 웨이팅해서 먹는다고하면 뜯어말립니다 구성이 좋긴한데 굳이? 두 번 갈 맛은 아니에요 가게 입장 후 자리 안내해준 직원분도 친절하다고 느껴지진 않았습니다 뒤쪽으로 가라고 퉁명스럽게 말씀하시고 서빙해주시는 직원분도 쟁반 그냥 던지듯이 휙휙 놓으시더라고요 그렇게 던지시다가 옆테이블 접시는 흐트러뜨리시더라고요 ㅋㅋㅋ 외국인 테이블이었는데.. 참 부끄럽습니다 ㅎ 바쁜건 알지만 그렇게 놓을 필요가 있나요? 주문도 바로바로 안들어가고~ 가게 직원들보다 손님들이 친절해야되는 가게 ㅎ 결론은 맛없는건 아닌데 특색없고 서비스가 별로입니다~,412,,2.0,4.2,골드 레벨,여길 왜 웨이팅할까요..올해 최대 의문점이 되었습니다. 참 의아합니다 보쌈은 그냥 보쌈이고 칼국수는 사골국물 느낌이라 호불호 갈릴 것 같다고 생각했습니다 전 피크타임에 가지않아서 웨이팅하진 않았는데 친구가 여기 웨이팅해서 먹는다고하면 뜯어말립니다 구성이 좋긴한데 굳이? 두 번 갈 맛은 아니에요 가게 입장 후 자리 안내해준 직원분도 친절하다고 느껴지진 않았습니다 뒤쪽으로 가라고 퉁명스럽게 말씀하시고 서빙해주시는 직원분도 쟁반 그냥 던지듯이 휙휙 놓으시더라고요 그렇게 던지시다가 옆테이블 접시는 흐트러뜨리시더라고요 ㅋㅋㅋ 외국인 테이블이었는데.. 참 부끄럽습니다 ㅎ 바쁜건 알지만 그렇게 놓을 필요가 있나요? 주문도 바로바로 안들어가고~ 가게 직원들보다 손님들이 친절해야되는 가게 ㅎ 결론은 맛없는건 아닌데 특색없고 서비스가 별로입니다~,여길 왜 웨이팅할까요 올해 최대 의문점이 되었습니다 참 의아합니다 보쌈은 그냥 보쌈이고 칼국수는 사골국물 느낌이라 호불호 갈릴 것 같다고 생각했습니다 전 피크타임에 가지않아서 웨이팅하진 않았는데 친구가 여기 웨이팅해서 먹는다고하면 뜯어말립니다 구성이 좋긴한데 굳이 QUESTION 두 번 갈 맛은 아니에요 가게 입장 후 자리 안내해준 직원분도 친절하다고 느껴지진 않았습니다 뒤쪽으로 가라고 퉁명스럽게 말씀하시고 서빙해주시는 직원분도 쟁반 그냥 던지듯이 휙휙 놓으시더라고요 그렇게 던지시다가 옆테이블 접시는 흐트러뜨리시더라고요 외국인 테이블이었는데 참 부끄럽습니다 바쁜건 알지만 그렇게 놓을 필요가 있나요 QUESTION 주문도 바로바로 안들어가고 가게 직원들보다 손님들이 친절해야되는 가게 결론은 맛없는건 아닌데 특색없고 서비스가 별로입니다,0,0,0,0,0,1,0,412,"서비스, 친절, 직원, 주문, 서빙, 안내, 웨이팅"
kakao,육지,루루,2.0,2025-07-06,,,맛있어요!!! 직원분도 친철하시고 고기도 구워줘요!! 추천합니다!!,37,False,5.0,5.0,브론즈 레벨,맛있어요!!! 직원분도 친철하시고 고기도 구워줘요!! 추천합니다!!,맛있어요 EXCLAM 직원분도 친철하시고 고기도 구워줘요 EXCLAM 추천합니다 EXCLAM,0,0,0,0,1,0,0,37,직원
naver,조선시대,희35,20.0,2026.03.17,1번째 방문,영수증,일단 들어가자마자 바로 조선시대로 타임워프 하실 수 있습니다 너무 예뻐요!! 직원분들도 너무 친절하시고 행복한 추억 쌓다가 갑니다 💟,74,True,,,,일단 들어가자마자 바로 조선시대로 타임워프 하실 수 있습니다 너무 예뻐요!! 직원분들도 너무 친절하시고 행복한 추억 쌓다가 갑니다 💟,일단 들어가자마자 바로 조선시대로 타임워프 하실 수 있습니다 너무 예뻐요 EXCLAM 직원분들도 너무 친절하시고 행복한 추억 쌓다가 갑니다 EMO_POS,1,0,0,0,1,0,0,74,"친절, 직원"
naver,뼈탄집 성수역점,연두그린,31.0,2026.03.14,1번째 방문,영수증,성수역에서 고기집 찾다가 우연히 오게됬는데 알고보니 연예인들도 많이 찾아오는 맛집이여따 매장도 청결하고 직원분들도 친절하샤서 좋았고 고기도 넘 맛있어요🤤🤤,86,True,,,,성수역에서 고기집 찾다가 우연히 오게됬는데 알고보니 연예인들도 많이 찾아오는 맛집이여따 매장도 청결하고 직원분들도 친절하샤서 좋았고 고기도 넘 맛있어요🤤🤤,성수역에서 고기집 찾다가 우연히 오게됬는데 알고보니 연예인들도 많이 찾아오는 맛집이여따 매장도 청결하고 직원분들도 친절하샤서 좋았고 고기도 넘 맛있어요,0,0,0,0,0,0,0,86,"친절, 직원"
naver,홍대 육지,강아지아지17,37.0,2026.04.03,1번째 방문,영수증,"일단 들어가자마자 느껴지는 분위기가 너무 좋았음. 조명도 은은하고 인테리어도 깔끔해서 데이트나 모임 장소로 딱이라는 생각이 들었음. 시끄럽지 않고 적당히 편안한 분위기라서 대화하기에도 좋았음. 고기도 신선하고 질이 좋아서 먹는 내내 만족스러웠음. 직원분들도 친절하게 응대해주셔서 기분 좋게 식사할 수 있었음. 맛, 분위기, 서비스까지 전체적으로 균형이 잘 맞는 곳이라 재방문 의사 있음. 다음에는 다른 메뉴도 도전해보고 싶음. 분위기 좋은 고기집 찾는 분들께 추천드림 👍",263,True,,,,"일단 들어가자마자 느껴지는 분위기가 너무 좋았음. 조명도 은은하고 인테리어도 깔끔해서 데이트나 모임 장소로 딱이라는 생각이 들었음. 시끄럽지 않고 적당히 편안한 분위기라서 대화하기에도 좋았음. 고기도 신선하고 질이 좋아서 먹는 내내 만족스러웠음. 직원분들도 친절하게 응대해주셔서 기분 좋게 식사할 수 있었음. 맛, 분위기, 서비스까지 전체적으로 균형이 잘 맞는 곳이라 재방문 의사 있음. 다음에는 다른 메뉴도 도전해보고 싶음. 분위기 좋은 고기집 찾는 분들께 추천드림 👍",일단 들어가자마자 느껴지는 분위기가 너무 좋았음 조명도 은은하고 인테리어도 깔끔해서 데이트나 모임 장소로 딱이라는 생각이 들었음 시끄럽지 않고 적당히 편안한 분위기라서 대화하기에도 좋았음 고기도 신선하고 질이 좋아서 먹는 내내 만족스러웠음 직원분들도 친절하게 응대해주셔서 기분 좋게 식사할 수 있었음 맛 분위기 서비스까지 전체적으로 균형이 잘 맞는 곳이라 재방문 의사 있음 다음에는 다른 메뉴도 도전해보고 싶음 분위기 좋은 고기집 찾는 분들께 추천드림 EMO_POS,1,0,0,0,0,0,0,263,"서비스, 친절, 응대, 직원"
kakao,능동미나리 성수점,맛집 탐험가,933.0,2025-10-16,,,"깔끔하고 정갈한 맛의 정수 간이 약하지도 강하지도 않게 딱 맞으면서 미나리의 향을 해치지 않아 밸런스가 너무 좋음 고기의 질이 너무 좋아서 먹을 때마다 행복함 국밥은 육수가 진하면서도 깔끔하며 토렴식으로 말아진 밥이 부드럽게 넘어가고, 잘게 썰어진 미나리가 식감을 완성함 육전은 고기 자체가 너무 좋다보니 맛있을 수 밖에 없고 계란이 얇게 부쳐져 느끼하지 않고 깔끔했음 육회비빔밥은 사실 제일 평범하고 여럿이 나눠 먹을 때 시키기 좋은 메뉴같음 서비스 좋고, 음식이 금방 나와서 회전률 빠름 테이블 간격 좁아서 분위기는 그냥 시장통인걸 감안해야 함",306,False,5.0,3.2,퍼플 레벨,"깔끔하고 정갈한 맛의 정수 간이 약하지도 강하지도 않게 딱 맞으면서 미나리의 향을 해치지 않아 밸런스가 너무 좋음 고기의 질이 너무 좋아서 먹을 때마다 행복함 국밥은 육수가 진하면서도 깔끔하며 토렴식으로 말아진 밥이 부드럽게 넘어가고, 잘게 썰어진 미나리가 식감을 완성함 육전은 고기 자체가 너무 좋다보니 맛있을 수 밖에 없고 계란이 얇게 부쳐져 느끼하지 않고 깔끔했음 육회비빔밥은 사실 제일 평범하고 여럿이 나눠 먹을 때 시키기 좋은 메뉴같음 서비스 좋고, 음식이 금방 나와서 회전률 빠름 테이블 간격 좁아서 분위기는 그냥 시장통인걸 감안해야 함",깔끔하고 정갈한 맛의 정수 간이 약하지도 강하지도 않게 딱 맞으면서 미나리의 향을 해치지 않아 밸런스가 너무 좋음 고기의 질이 너무 좋아서 먹을 때마다 행복함 국밥은 육수가 진하면서도 깔끔하며 토렴식으로 말아진 밥이 부드럽게 넘어가고 잘게 썰어진 미나리가 식감을 완성함 육전은 고기 자체가 너무 좋다보니 맛있을 수 밖에 없고 계란이 얇게 부쳐져 느끼하지 않고 깔끔했음 육회비빔밥은 사실 제일 평범하고 여럿이 나눠 먹을 때 시키기 좋은 메뉴같음 서비스 좋고 음식이 금방 나와서 회전률 빠름 테이블 간격 좁아서 분위기는 그냥 시장통인걸 감안해야 함,0,0,0,0,0,0,0,306,서비스
naver,옥동식,라라랜드4397,556.0,2025.12.10,1번째 방문,영수증,흑백2가 방영되기 전에 무조건 먼저 먹어본다는 마음으로 웨이팅.. 원래도 유명한 곳이라 들었는데 평일 저녁임에도 웨이팅이 길었어요🥹 추운 겨울날 기다리다 먹어서인지 돼지국밥 먹고 몸보신하는 기분이었네요😊 맛도 깔끔하고 정갈한 김치도 국밥이랑 잘 어울려요! 토렴식 국밥은 처음인데 맛있게 잘먹었습니다💛,167,True,,,,흑백2가 방영되기 전에 무조건 먼저 먹어본다는 마음으로 웨이팅.. 원래도 유명한 곳이라 들었는데 평일 저녁임에도 웨이팅이 길었어요🥹 추운 겨울날 기다리다 먹어서인지 돼지국밥 먹고 몸보신하는 기분이었네요😊 맛도 깔끔하고 정갈한 김치도 국밥이랑 잘 어울려요! 토렴식 국밥은 처음인데 맛있게 잘먹었습니다💛,흑백2가 방영되기 전에 무조건 먼저 먹어본다는 마음으로 웨이팅 원래도 유명한 곳이라 들었는데 평일 저녁임에도 웨이팅이 길었어요 추운 겨울날 기다리다 먹어서인지 돼지국밥 먹고 몸보신하는 기분이었네요 EMO_POS 맛도 깔끔하고 정갈한 김치도 국밥이랑 잘 어울려요 EXCLAM 토렴식 국밥은 처음인데 맛있게 잘먹었습니다 EMO_POS,1,0,0,0,1,0,1,167,웨이팅
kakao,홍대 조선시대,상원,2.0,2026-02-22,,,홍대입구 조선시대 안주가 너무 맛있고 알바생들이 친절해서 너무 기분좋게 술 마시고 갑니다 홍대 술집 맛집으로 추천합니다!!,68,True,5.0,5.0,브론즈 레벨,홍대입구 조선시대 안주가 너무 맛있고 알바생들이 친절해서 너무 기분좋게 술 마시고 갑니다 홍대 술집 맛집으로 추천합니다!!,홍대입구 조선시대 안주가 너무 맛있고 알바생들이 친절해서 너무 기분좋게 술 마시고 갑니다 홍대 술집 맛집으로 추천합니다 EXCLAM,0,0,0,0,1,0,0,68,"친절, 알바"
kakao,뼈탄집 성수역점,🐥,1.0,2025-12-23,,,숙성고기를 그릴링서비스까지 해주시니 이건 맛없을수가 없죠~ 냉면이랑 조합도 진짜 최고입니다👍 고기에 홍어회비빔냉면 같이 먹는거 완전 추천!,77,False,5.0,5.0,브론즈 레벨,숙성고기를 그릴링서비스까지 해주시니 이건 맛없을수가 없죠~ 냉면이랑 조합도 진짜 최고입니다👍 고기에 홍어회비빔냉면 같이 먹는거 완전 추천!,숙성고기를 그릴링서비스까지 해주시니 이건 맛없을수가 없죠 냉면이랑 조합도 진짜 최고입니다 EMO_POS 고기에 홍어회비빔냉면 같이 먹는거 완전 추천 EXCLAM,1,0,0,0,1,0,0,77,서비스
naver,훼미리손칼국수보쌈,우리집1234,528.0,2025.06.03,1번째 방문,영수증,"최근에 나혼자 산다에 나온 칼국수와 보쌈을 판매하는 집인데, 대기가 길다고 해서 휴일 오픈런을 하러 갔습니다. 오픈은 11시반인데 11시에 도착했고요 앞에는 5팀 정도가 있었습니다. 보쌈정식 2인분을 주문했는데 생각보다 보쌈 고기양을 풍성하게 줍니다. 고기는 삼겹살 부위는 아니고 아마 전지가 아닐까 생각이 드는데 부드럽고 잡내도 없이 깔끔한 편입니다. 되려 삼겹살 수육보다는 덜 느끼해서 부담없이 먹기에 좋기도 합니다. 정식을 주문하면 인당 약 0.5 - 0.7인분 정도의 칼국수를 줍니다. 칼국수는 면이 상당히 푸들푸들해서 식감이 적은 편이고 국물은 약간 사골국물 풍미의 육수입니다. 맛이 엄청 특별한 곳은 아니지만 무난하게 맛있고 가격대비 맛이나 구성, 양이 상당히 좋아서 추천할만 합니다.",389,True,,,,"최근에 나혼자 산다에 나온 칼국수와 보쌈을 판매하는 집인데, 대기가 길다고 해서 휴일 오픈런을 하러 갔습니다. 오픈은 11시반인데 11시에 도착했고요 앞에는 5팀 정도가 있었습니다. 보쌈정식 2인분을 주문했는데 생각보다 보쌈 고기양을 풍성하게 줍니다. 고기는 삼겹살 부위는 아니고 아마 전지가 아닐까 생각이 드는데 부드럽고 잡내도 없이 깔끔한 편입니다. 되려 삼겹살 수육보다는 덜 느끼해서 부담없이 먹기에 좋기도 합니다. 정식을 주문하면 인당 약 0.5 - 0.7인분 정도의 칼국수를 줍니다. 칼국수는 면이 상당히 푸들푸들해서 식감이 적은 편이고 국물은 약간 사골국물 풍미의 육수입니다. 맛이 엄청 특별한 곳은 아니지만 무난하게 맛있고 가격대비 맛이나 구성, 양이 상당히 좋아서 추천할만 합니다.",최근에 나혼자 산다에 나온 칼국수와 보쌈을 판매하는 집인데 대기가 길다고 해서 휴일 오픈런을 하러 갔습니다 오픈은 11시반인데 11시에 도착했고요 앞에는 5팀 정도가 있었습니다 보쌈정식 2인분을 주문했는데 생각보다 보쌈 고기양을 풍성하게 줍니다 고기는 삼겹살 부위는 아니고 아마 전지가 아닐까 생각이 드는데 부드럽고 잡내도 없이 깔끔한 편입니다 되려 삼겹살 수육보다는 덜 느끼해서 부담없이 먹기에 좋기도 합니다 정식을 주문하면 인당 약 0 5 0 7인분 정도의 칼국수를 줍니다 칼국수는 면이 상당히 푸들푸들해서 식감이 적은 편이고 국물은 약간 사골국물 풍미의 육수입니다 맛이 엄청 특별한 곳은 아니지만 무난하게 맛있고 가격대비 맛이나 구성 양이 상당히 좋아서 추천할만 합니다,0,0,0,0,0,0,1,389,"주문, 대기"
naver,훼미리손칼국수보쌈,Lily1109,34.0,2026.02.20,1번째 방문,영수증,"점심 먹으러 우연히 들어갔다가 맛에 한번, 사장님의 매너에 두번 반했어요 ㅠㅠ 음식을 각 1인씩 시켰는데 그 메뉴들을 2인으로 나눠 서빙해주시는 갓센스 .. 정말 너무 친절하시고 건승하시면 좋겠다는 맘에 리뷰 남깁니다🫶 또 갈게요 ~~",131,True,,,,"점심 먹으러 우연히 들어갔다가 맛에 한번, 사장님의 매너에 두번 반했어요 ㅠㅠ 음식을 각 1인씩 시켰는데 그 메뉴들을 2인으로 나눠 서빙해주시는 갓센스 .. 정말 너무 친절하시고 건승하시면 좋겠다는 맘에 리뷰 남깁니다🫶 또 갈게요 ~~",점심 먹으러 우연히 들어갔다가 맛에 한번 사장님의 매너에 두번 반했어요 음식을 각 1인씩 시켰는데 그 메뉴들을 2인으로 나눠 서빙해주시는 갓센스 정말 너무 친절하시고 건승하시면 좋겠다는 맘에 리뷰 남깁니다 또 갈게요 TILDE,0,0,0,1,0,0,1,131,"친절, 사장님, 서빙"
kakao,굴다리식당,서울 묵고재비,510.0,2025-12-29,,,"서울 공덕 김치찌개,제육볶음집. 이 주변에선 꽤 유명한 집으로 미리 푹 끓여진 김치찌개, 제육을 주문 시 내어 주는 스타일. 김치찌개 1만 제육 1.2만 계란말이 1만원이다. 호불호가 갈리는 집으로 맛은 먹을만하나 가성비가 애매하다. 메뉴당 1만-1.2만인데 미리 만들어진 요리가 나오다보니 내가 이 돈 내고 왜 만들어진 걸 먹어야하지 라는 생각이 들 수 밖에 없다. 그렇다고 아주 고퀄도 아니기 때문에 가성비 의문이 계속 들게 된다.",243,False,2.0,3.3,골드 레벨,"서울 공덕 김치찌개,제육볶음집. 이 주변에선 꽤 유명한 집으로 미리 푹 끓여진 김치찌개, 제육을 주문 시 내어 주는 스타일. 김치찌개 1만 제육 1.2만 계란말이 1만원이다. 호불호가 갈리는 집으로 맛은 먹을만하나 가성비가 애매하다. 메뉴당 1만-1.2만인데 미리 만들어진 요리가 나오다보니 내가 이 돈 내고 왜 만들어진 걸 먹어야하지 라는 생각이 들 수 밖에 없다. 그렇다고 아주 고퀄도 아니기 때문에 가성비 의문이 계속 들게 된다.",서울 공덕 김치찌개 제육볶음집 이 주변에선 꽤 유명한 집으로 미리 푹 끓여진 김치찌개 제육을 주문 시 내어 주는 스타일 김치찌개 1만 제육 1 2만 계란말이 1만원이다 호불호가 갈리는 집으로 맛은 먹을만하나 가성비가 애매하다 메뉴당 1만 1 2만인데 미리 만들어진 요리가 나오다보니 내가 이 돈 내고 왜 만들어진 걸 먹어야하지 라는 생각이 들 수 밖에 없다 그렇다고 아주 고퀄도 아니기 때문에 가성비 의문이 계속 들게 된다,0,0,0,0,0,0,1,243,주문
naver,각시보쌈,바나나맛딸기,227.0,2025.09.27,1번째 방문,영수증,업장에서 먹는 건 대기가 길다고 해서 포장해왔습니다. 대기가 많은 이유가 있네요. 보쌈 많이 먹어봤는데 매우 훌륭해요.,66,True,,,,업장에서 먹는 건 대기가 길다고 해서 포장해왔습니다. 대기가 많은 이유가 있네요. 보쌈 많이 먹어봤는데 매우 훌륭해요.,업장에서 먹는 건 대기가 길다고 해서 포장해왔습니다 대기가 많은 이유가 있네요 보쌈 많이 먹어봤는데 매우 훌륭해요,0,0,0,0,0,0,0,66,대기
kakao,뼈탄집 성수역점,이뇽,2.0,2026-02-09,,,친절하고 고기 다 구워주셔서 너무 좋아요~~!! 맛있어요!,32,True,5.0,5.0,브론즈 레벨,친절하고 고기 다 구워주셔서 너무 좋아요~~!! 맛있어요!,친절하고 고기 다 구워주셔서 너무 좋아요 TILDE EXCLAM 맛있어요 EXCLAM,0,0,0,0,1,0,0,32,"친절, 구워주"
naver,소문난성수감자탕,싼퉁스,500.0,2026.02.26,1번째 방문,영수증,주차는 본관 옆에 타워주차장이 있어서 편해요… 맛은 특별함은 없고 우리가 생각하는 감자탕인데 덜 자극적인… 뼈에 붙어있는 살코기도 좀 작고 양이 그렇게 푸짐하진않아요 한가지 좋은건 수제비 사리를 주문하면 직원분이 반죽을 직접 뜯어서 넣어주는건 좋더라구요,141,True,,,,주차는 본관 옆에 타워주차장이 있어서 편해요… 맛은 특별함은 없고 우리가 생각하는 감자탕인데 덜 자극적인… 뼈에 붙어있는 살코기도 좀 작고 양이 그렇게 푸짐하진않아요 한가지 좋은건 수제비 사리를 주문하면 직원분이 반죽을 직접 뜯어서 넣어주는건 좋더라구요,주차는 본관 옆에 타워주차장이 있어서 편해요 맛은 특별함은 없고 우리가 생각하는 감자탕인데 덜 자극적인 뼈에 붙어있는 살코기도 좀 작고 양이 그렇게 푸짐하진않아요 한가지 좋은건 수제비 사리를 주문하면 직원분이 반죽을 직접 뜯어서 넣어주는건 좋더라구요,0,0,0,0,0,0,0,141,"직원, 주문"
naver,원조 조박집 본관,헬리오트로프,485.0,2025.11.14,1번째 방문,영수증,"조박집 좌식일때부터 20년 단골입니다. 동치미부터 돼지갈비, 된찌, 식혜까지 코스요리처럼 완벽해요😋💚 특히, 유경래이모님이 극진히 대접해주셔서 넘 좋았어요!!😆👍🏻👍🏻 서빙의 신",99,True,,,,"조박집 좌식일때부터 20년 단골입니다. 동치미부터 돼지갈비, 된찌, 식혜까지 코스요리처럼 완벽해요😋💚 특히, 유경래이모님이 극진히 대접해주셔서 넘 좋았어요!!😆👍🏻👍🏻 서빙의 신",조박집 좌식일때부터 20년 단골입니다 동치미부터 돼지갈비 된찌 식혜까지 코스요리처럼 완벽해요 EMO_POS EMO_POS 특히 유경래이모님이 극진히 대접해주셔서 넘 좋았어요 EXCLAM EMO_POS EMO_POS EMO_POS 서빙의 신,1,0,0,0,1,0,1,99,서빙
naver,뼈탄집 성수역점,bny17,64.0,2026.03.28,1번째 방문,영수증,"뼈탄삼겹살, 목살 각 2인분씩 주문했어요 고기 질 너무 좋고 다 구워주셔서 넘 편함!! 식사 메뉴도 알차고 다양해서 좋아요 ㅎㅎ",71,True,,,,"뼈탄삼겹살, 목살 각 2인분씩 주문했어요 고기 질 너무 좋고 다 구워주셔서 넘 편함!! 식사 메뉴도 알차고 다양해서 좋아요 ㅎㅎ",뼈탄삼겹살 목살 각 2인분씩 주문했어요 고기 질 너무 좋고 다 구워주셔서 넘 편함 EXCLAM 식사 메뉴도 알차고 다양해서 좋아요,0,0,0,0,1,0,1,71,"주문, 구워주"
naver,장인닭갈비 홍대점,dlatmfr7715,136.0,2026.04.13,1번째 방문,영수증,너무 맛있어요 처음 와봤는데 너무 맛있고 직원분들 너무 친절하고 매장도 쾌적하고 좋아요 닭갈비 순한맛으로 먹었는데 너무 맛있어요 ㅎㅎ,74,True,,,,너무 맛있어요 처음 와봤는데 너무 맛있고 직원분들 너무 친절하고 매장도 쾌적하고 좋아요 닭갈비 순한맛으로 먹었는데 너무 맛있어요 ㅎㅎ,너무 맛있어요 처음 와봤는데 너무 맛있고 직원분들 너무 친절하고 매장도 쾌적하고 좋아요 닭갈비 순한맛으로 먹었는데 너무 맛있어요,0,0,0,0,0,0,0,74,"친절, 직원"
kakao,뼈탄집 성수역점,혜인,7.0,2026-02-04,,,직접 구워주는 고깃집이라 더 편하고 맛있어요! 단체 모임하기 좋음,36,True,5.0,5.0,실버 레벨,직접 구워주는 고깃집이라 더 편하고 맛있어요! 단체 모임하기 좋음,직접 구워주는 고깃집이라 더 편하고 맛있어요 EXCLAM 단체 모임하기 좋음,0,0,0,0,1,0,0,36,구워주
kakao,할머니의레시피,yoe,1.0,2025-03-23,,,나이가 좀 들어 보이는 직원인지 점장인지 알 수 없는 남자분이 아주 불친절함..음식도 맛이 없고 한국 음식을 잘모르는 외국인들이 와서 경험삼아 먹을 만한 식당으로 보인다 우리나라 맛을 잘아는 한국 사람들은 절대 가지 않을 식당이다,128,False,1.0,1.0,브론즈 레벨,나이가 좀 들어 보이는 직원인지 점장인지 알 수 없는 남자분이 아주 불친절함..음식도 맛이 없고 한국 음식을 잘모르는 외국인들이 와서 경험삼아 먹을 만한 식당으로 보인다 우리나라 맛을 잘아는 한국 사람들은 절대 가지 않을 식당이다,나이가 좀 들어 보이는 직원인지 점장인지 알 수 없는 남자분이 아주 불친절함 음식도 맛이 없고 한국 음식을 잘모르는 외국인들이 와서 경험삼아 먹을 만한 식당으로 보인다 우리나라 맛을 잘아는 한국 사람들은 절대 가지 않을 식당이다,0,0,0,0,0,0,0,128,"친절, 불친절, 직원"
kakao,원조조박집 본관,ISTP,35.0,2025-02-16,,,돼지갈비 맛도리. 맛있어서 사진도 안찍고 먹어버렸음. 직원분들도 매우 친절하심. 불판도 알아서 잘 교체해주시고 반찬 떨어지면 더 드릴지 먼저 물어봐주심. 잘되는 집 답게 모든게 다 원활하게 돌아감. 주차는 마포유수지공영주차장에 하시면 꽤 좋음.,136,True,5.0,3.6,실버 레벨,돼지갈비 맛도리. 맛있어서 사진도 안찍고 먹어버렸음. 직원분들도 매우 친절하심. 불판도 알아서 잘 교체해주시고 반찬 떨어지면 더 드릴지 먼저 물어봐주심. 잘되는 집 답게 모든게 다 원활하게 돌아감. 주차는 마포유수지공영주차장에 하시면 꽤 좋음.,돼지갈비 맛도리 맛있어서 사진도 안찍고 먹어버렸음 직원분들도 매우 친절하심 불판도 알아서 잘 교체해주시고 반찬 떨어지면 더 드릴지 먼저 물어봐주심 잘되는 집 답게 모든게 다 원활하게 돌아감 주차는 마포유수지공영주차장에 하시면 꽤 좋음,0,0,0,0,0,0,0,136,"친절, 직원"
kakao,소문난성수감자탕,구름,330.0,2025-07-20,,,바쁜데도 친절하시고 맛도 괜찮았어요.,20,False,5.0,3.6,골드 레벨,바쁜데도 친절하시고 맛도 괜찮았어요.,바쁜데도 친절하시고 맛도 괜찮았어요,0,0,0,0,0,0,0,20,친절
kakao,능동미나리 성수점,이현제,185.0,2025-07-22,,,올해 먹은 한식 중 손에 꼽게 맛있네요 음식이 간편하면서도 깔끔해요 그리고 직원 분들 엄청 친절하십니다!,58,True,5.0,4.9,골드 레벨,올해 먹은 한식 중 손에 꼽게 맛있네요 음식이 간편하면서도 깔끔해요 그리고 직원 분들 엄청 친절하십니다!,올해 먹은 한식 중 손에 꼽게 맛있네요 음식이 간편하면서도 깔끔해요 그리고 직원 분들 엄청 친절하십니다 EXCLAM,0,0,0,0,1,0,0,58,"친절, 직원"
kakao,태양곱창 성수,냥,2.0,2025-04-08,,,"매장 분위기 좋고 친절하십니다! 곱창전골은 특별한건 없었지만 그래도 맛있게 잘 먹었습니다! 다만 볶음밥이 양이 너무 적고 간이 너무 안 된 느낌이 있네요. 버터밥,,계란밥? 느낌이에요. 남은 곱창전골 건더기랑 국물을 조금 넣어서 같이 볶으면 훨씬 맛있을 것 같아요~",148,False,3.0,4.0,브론즈 레벨,"매장 분위기 좋고 친절하십니다! 곱창전골은 특별한건 없었지만 그래도 맛있게 잘 먹었습니다! 다만 볶음밥이 양이 너무 적고 간이 너무 안 된 느낌이 있네요. 버터밥,,계란밥? 느낌이에요. 남은 곱창전골 건더기랑 국물을 조금 넣어서 같이 볶으면 훨씬 맛있을 것 같아요~",매장 분위기 좋고 친절하십니다 EXCLAM 곱창전골은 특별한건 없었지만 그래도 맛있게 잘 먹었습니다 EXCLAM 다만 볶음밥이 양이 너무 적고 간이 너무 안 된 느낌이 있네요 버터밥 계란밥 QUESTION 느낌이에요 남은 곱창전골 건더기랑 국물을 조금 넣어서 같이 볶으면 훨씬 맛있을 것 같아요,0,0,0,0,1,1,0,148,친절
naver,홍대 육지,하하6781,39.0,2026.04.10,1번째 방문,영수증,캐치테이블 예약 후 방문해서 5분 대기 하고 방문 했습다! 고기 질도 좋고 너무 직원분들 친절해서 맛있게 먹구 나왔어용💗,67,True,,,,캐치테이블 예약 후 방문해서 5분 대기 하고 방문 했습다! 고기 질도 좋고 너무 직원분들 친절해서 맛있게 먹구 나왔어용💗,캐치테이블 예약 후 방문해서 5분 대기 하고 방문 했습다 EXCLAM 고기 질도 좋고 너무 직원분들 친절해서 맛있게 먹구 나왔어용 EMO_POS,1,0,0,0,1,0,1,67,"친절, 직원, 대기, 예약"
naver,마포양지설렁탕,bestibest,560.0,2026.04.02,1번째 방문,영수증,음식이 맛있고 직원분들이 친절합니다.,20,True,,,,음식이 맛있고 직원분들이 친절합니다.,음식이 맛있고 직원분들이 친절합니다,0,0,0,0,0,0,0,20,"친절, 직원"
kakao,옥동식 서교점,슈,3.0,2026-03-23,,,"솔직히 왜 웨이팅까지 하면서 먹는지 이해 안 되는 집입니다. 가격은 비싼데 맛은 그에 한참 못 미치고, 기다린 시간이 아까울 정도예요. 국밥 자체는 평범 이하이고 위에 올라간 고기 몇 점만 그나마 먹을 만한 수준입니다. 직원들 태도도 별로예요. 전반적으로 예민하고 불친절해서 물 한 잔 더 달라는 것도 괜히 눈치 보게 만듭니다. 손님 응대 기본이 안 되어 있는 느낌. 이 가격에 이 맛, 이 서비스면 굳이 여기 올 이유 없습니다. 동네 아무 국밥집 들어가도 여기보단 나을 듯합니다.",269,True,1.0,2.3,브론즈 레벨,"솔직히 왜 웨이팅까지 하면서 먹는지 이해 안 되는 집입니다. 가격은 비싼데 맛은 그에 한참 못 미치고, 기다린 시간이 아까울 정도예요. 국밥 자체는 평범 이하이고 위에 올라간 고기 몇 점만 그나마 먹을 만한 수준입니다. 직원들 태도도 별로예요. 전반적으로 예민하고 불친절해서 물 한 잔 더 달라는 것도 괜히 눈치 보게 만듭니다. 손님 응대 기본이 안 되어 있는 느낌. 이 가격에 이 맛, 이 서비스면 굳이 여기 올 이유 없습니다. 동네 아무 국밥집 들어가도 여기보단 나을 듯합니다.",솔직히 왜 웨이팅까지 하면서 먹는지 이해 안 되는 집입니다 가격은 비싼데 맛은 그에 한참 못 미치고 기다린 시간이 아까울 정도예요 국밥 자체는 평범 이하이고 위에 올라간 고기 몇 점만 그나마 먹을 만한 수준입니다 직원들 태도도 별로예요 전반적으로 예민하고 불친절해서 물 한 잔 더 달라는 것도 괜히 눈치 보게 만듭니다 손님 응대 기본이 안 되어 있는 느낌 이 가격에 이 맛 이 서비스면 굳이 여기 올 이유 없습니다 동네 아무 국밥집 들어가도 여기보단 나을 듯합니다,0,0,0,0,0,0,0,269,"서비스, 친절, 불친절, 응대, 직원, 태도, 웨이팅"
naver,홍대 육지,Se현,47.0,2026.04.23,1번째 방문,영수증,친구들이랑 밥 먹으려고 방문했는데 기대 안했는데 매우 맛있어요… 고기도 질이 좋고 직원분들도 깔끔하게 고기 잘 구워주십니당 ! 특히 후식으로 한우볶음밥(매운맛) 이거 꼭 추천이에요…!!,103,True,,,,친구들이랑 밥 먹으려고 방문했는데 기대 안했는데 매우 맛있어요… 고기도 질이 좋고 직원분들도 깔끔하게 고기 잘 구워주십니당 ! 특히 후식으로 한우볶음밥(매운맛) 이거 꼭 추천이에요…!!,친구들이랑 밥 먹으려고 방문했는데 기대 안했는데 매우 맛있어요 고기도 질이 좋고 직원분들도 깔끔하게 고기 잘 구워주십니당 EXCLAM 특히 후식으로 한우볶음밥 매운맛 이거 꼭 추천이에요 EXCLAM,0,0,0,0,1,0,0,103,"직원, 구워주"
kakao,소문난성수감자탕,그날의기억,184.0,2025-10-09,,,불친절로 소문나긴함,10,False,1.0,2.3,골드 레벨,불친절로 소문나긴함,불친절로 소문나긴함,0,0,0,0,0,0,0,10,"친절, 불친절"
naver,을밀대 평양냉면,전생에사또,531.0,2025.08.04,2번째 방문,영수증,"거냉 양많이 16,000원 녹두전 13,000원 일전에 방문했을 때 대기 줄이 너무 길어서 포기했다가 오랜만에 방문. 좋은 분과 함께 먹으면 더욱 맛있어지는 시간. 저녁 늦게라서 그런지 이날은 평소보다 국물이 더 진하고 걸쭉한 것 같았다. 항상 만족스러운 포만감. 녹두전도 강추.",156,True,,,,"거냉 양많이 16,000원 녹두전 13,000원 일전에 방문했을 때 대기 줄이 너무 길어서 포기했다가 오랜만에 방문. 좋은 분과 함께 먹으면 더욱 맛있어지는 시간. 저녁 늦게라서 그런지 이날은 평소보다 국물이 더 진하고 걸쭉한 것 같았다. 항상 만족스러운 포만감. 녹두전도 강추.",거냉 양많이 16 000원 녹두전 13 000원 일전에 방문했을 때 대기 줄이 너무 길어서 포기했다가 오랜만에 방문 좋은 분과 함께 먹으면 더욱 맛있어지는 시간 저녁 늦게라서 그런지 이날은 평소보다 국물이 더 진하고 걸쭉한 것 같았다 항상 만족스러운 포만감 녹두전도 강추,0,0,0,0,0,0,1,156,"늦게, 대기"
naver,각시보쌈,단아한김션,2738.0,2025.12.18,1번째 방문,영수증,와~~진짜 오랜만에 각시보쌈 가성비짱 양도 엄청많고 밑반찬 굿굿 참치김치찌개도 맛있고 평일점심은 무조건 대기 잘먹고갑니다~~^^,71,True,,,,와~~진짜 오랜만에 각시보쌈 가성비짱 양도 엄청많고 밑반찬 굿굿 참치김치찌개도 맛있고 평일점심은 무조건 대기 잘먹고갑니다~~^^,와 TILDE 진짜 오랜만에 각시보쌈 가성비짱 양도 엄청많고 밑반찬 굿굿 참치김치찌개도 맛있고 평일점심은 무조건 대기 잘먹고갑니다 TILDE,0,0,0,0,0,0,0,71,대기
naver,소문난성수감자탕,실버듀88,1129.0,2026.03.11,1번째 방문,영수증,조금 이른 시간에 방문해서 대기없이 식사할 수 있었어요. 외국인 등 손님들 넘쳐나서 대박 맛집 분위기입니다. 다 좋았는데 고기질은 좀 아쉬웠어요.,81,True,,,,조금 이른 시간에 방문해서 대기없이 식사할 수 있었어요. 외국인 등 손님들 넘쳐나서 대박 맛집 분위기입니다. 다 좋았는데 고기질은 좀 아쉬웠어요.,조금 이른 시간에 방문해서 대기없이 식사할 수 있었어요 외국인 등 손님들 넘쳐나서 대박 맛집 분위기입니다 다 좋았는데 고기질은 좀 아쉬웠어요,0,0,0,0,0,0,0,81,대기
naver,마포양지설렁탕,kkocoma48,18.0,2026.04.10,1번째 방문,영수증,"예전부터 이용하던 곳이라 부모님이 뜨끈한 거 드시고 싶을 때 설렁탕을 사다 드리곤 했는데 , 요즘엔 가격도 비싸져서 ㅎㅎ 매장에 가서 먹으면 뜨끈한 맛으로 먹고 싶어서 가는 건데 오늘 같은 경우 국물이 뜨겁게 나오지 않아서 조금 실망스러웠어요. 서빙보시는 어머니들이 오래하신 분들이 많아서 착착 잘 서빙하시는데 오늘따라 조금 그랬고, 대신 김치, 깍두기가 맛있어요 엄마는 파김치가 맛있다고하고, 아들은 예전의 겉절이를 더 좋아했구요. 포장을 하면 최소 2인분부터기 때문에 가격대가 조금 부담스럴 수도 있지만 두 번 이상 먹을 수 있어서 가끔 겨울에 이용해욫 공덕역이라 편하고 또 주차 관리를 하시기 때문에 바로 앞에 주차하고 포장하거나 식사하는 건 편합니다. 개인적으로 국물이 프림탄것처럼 뿌옇지않고 맑아서 좋아요",399,True,,,,"예전부터 이용하던 곳이라 부모님이 뜨끈한 거 드시고 싶을 때 설렁탕을 사다 드리곤 했는데 , 요즘엔 가격도 비싸져서 ㅎㅎ 매장에 가서 먹으면 뜨끈한 맛으로 먹고 싶어서 가는 건데 오늘 같은 경우 국물이 뜨겁게 나오지 않아서 조금 실망스러웠어요. 서빙보시는 어머니들이 오래하신 분들이 많아서 착착 잘 서빙하시는데 오늘따라 조금 그랬고, 대신 김치, 깍두기가 맛있어요 엄마는 파김치가 맛있다고하고, 아들은 예전의 겉절이를 더 좋아했구요. 포장을 하면 최소 2인분부터기 때문에 가격대가 조금 부담스럴 수도 있지만 두 번 이상 먹을 수 있어서 가끔 겨울에 이용해욫 공덕역이라 편하고 또 주차 관리를 하시기 때문에 바로 앞에 주차하고 포장하거나 식사하는 건 편합니다. 개인적으로 국물이 프림탄것처럼 뿌옇지않고 맑아서 좋아요",예전부터 이용하던 곳이라 부모님이 뜨끈한 거 드시고 싶을 때 설렁탕을 사다 드리곤 했는데 요즘엔 가격도 비싸져서 매장에 가서 먹으면 뜨끈한 맛으로 먹고 싶어서 가는 건데 오늘 같은 경우 국물이 뜨겁게 나오지 않아서 조금 실망스러웠어요 서빙보시는 어머니들이 오래하신 분들이 많아서 착착 잘 서빙하시는데 오늘따라 조금 그랬고 대신 김치 깍두기가 맛있어요 엄마는 파김치가 맛있다고하고 아들은 예전의 겉절이를 더 좋아했구요 포장을 하면 최소 2인분부터기 때문에 가격대가 조금 부담스럴 수도 있지만 두 번 이상 먹을 수 있어서 가끔 겨울에 이용해욫 공덕역이라 편하고 또 주차 관리를 하시기 때문에 바로 앞에 주차하고 포장하거나 식사하는 건 편합니다 개인적으로 국물이 프림탄것처럼 뿌옇지않고 맑아서 좋아요,0,0,0,0,0,0,1,399,서빙
naver,쭌곱창,IR63,20.0,2026.01.17,1번째 방문,영수증,맛있어요♡♡ 직원분도 넘 친절하셔서 좋았습니당,25,True,,,,맛있어요♡♡ 직원분도 넘 친절하셔서 좋았습니당,맛있어요 EMO_POS EMO_POS 직원분도 넘 친절하셔서 좋았습니당,1,0,0,0,0,0,0,25,"친절, 직원"
kakao,옥동식 서교점,Lena Lee,11.0,2025-08-05,,,어? 어랏? 으음? 이게 맞나...? 밥은 끝까지 뭉쳐서 설익은 듯 꼬들거리고 심지어 탕은 뜨거운 게 아니라 따뜻했죠 고기는 이렇게 이불처럼 컸었나...? 이렇게 돼지냄새가 살짝 났었나...? 국물이 원래 이렇게...살짝 비렸었나...? 내가 이상한건가...? 갸웃 갸웃 거리며 먹는동안 경직되어있던 홀의 분위기도 한 몫 했습니다 따뜻하고 다정했던 분위기가 아닌. 직원분은 왔다갔다 사감선생님 모드셨고 손님들은 간혹가다 한두마디 섞을 정도의 고요함 기괴한 분위기... 차라리 만두가 났었는데 그나마 좀...덜 뜨겁더군요.... 다시 갈건지는 고민해봐야겠습니다,312,True,2.0,3.2,실버 레벨,어? 어랏? 으음? 이게 맞나...? 밥은 끝까지 뭉쳐서 설익은 듯 꼬들거리고 심지어 탕은 뜨거운 게 아니라 따뜻했죠 고기는 이렇게 이불처럼 컸었나...? 이렇게 돼지냄새가 살짝 났었나...? 국물이 원래 이렇게...살짝 비렸었나...? 내가 이상한건가...? 갸웃 갸웃 거리며 먹는동안 경직되어있던 홀의 분위기도 한 몫 했습니다 따뜻하고 다정했던 분위기가 아닌. 직원분은 왔다갔다 사감선생님 모드셨고 손님들은 간혹가다 한두마디 섞을 정도의 고요함 기괴한 분위기... 차라리 만두가 났었는데 그나마 좀...덜 뜨겁더군요.... 다시 갈건지는 고민해봐야겠습니다,어 QUESTION 어랏 QUESTION 으음 QUESTION 이게 맞나 QUESTION 밥은 끝까지 뭉쳐서 설익은 듯 꼬들거리고 심지어 탕은 뜨거운 게 아니라 따뜻했죠 고기는 이렇게 이불처럼 컸었나 QUESTION 이렇게 돼지냄새가 살짝 났었나 QUESTION 국물이 원래 이렇게 살짝 비렸었나 QUESTION 내가 이상한건가 QUESTION 갸웃 갸웃 거리며 먹는동안 경직되어있던 홀의 분위기도 한 몫 했습니다 따뜻하고 다정했던 분위기가 아닌 직원분은 왔다갔다 사감선생님 모드셨고 손님들은 간혹가다 한두마디 섞을 정도의 고요함 기괴한 분위기 차라리 만두가 났었는데 그나마 좀 덜 뜨겁더군요 다시 갈건지는 고민해봐야겠습니다,0,0,0,0,0,1,0,312,직원
naver,성수족발,can1066,51.0,2025.05.03,1번째 방문,영수증,"저녁에 먹었는데 브레이크타임 이후 오픈 시간 맞춰 가면 웨이팅이 있다고 해서 검색해서 알아본 대로 오후 2시 30분에 대기명단에 작성하고 오후 3시부터 오후 5시인 브레이크타임을 지나 오후 5시에 맞춰서 입장했습니다. 성수족발은 왜 사람들이 줄 서서 먹는지 한 번에 납득이 가는 맛이었습니다. 껍질은 일반 족발처럼 질기지 않고 탱글하면서도 쫀득하게 잘 끊어져 식감이 정말 좋았습니다. 은은하게 배어나는 단맛 덕분에 자꾸 손이 가고, 부추나 양파, 상추와도 조화롭게 어울립니다. 막국수 같은 곁들임 없이도 족발만으로 충분히 만족스럽습니다. 사장님들도 친절해서 기분 좋게 식사할 수 있었고, 포장 손님도 많았습니다. 브레이크타임 끝나기 전에 미리 대기명단 올려두는 게 팁이니까 미리 알아두세요.",386,True,,,,"저녁에 먹었는데 브레이크타임 이후 오픈 시간 맞춰 가면 웨이팅이 있다고 해서 검색해서 알아본 대로 오후 2시 30분에 대기명단에 작성하고 오후 3시부터 오후 5시인 브레이크타임을 지나 오후 5시에 맞춰서 입장했습니다. 성수족발은 왜 사람들이 줄 서서 먹는지 한 번에 납득이 가는 맛이었습니다. 껍질은 일반 족발처럼 질기지 않고 탱글하면서도 쫀득하게 잘 끊어져 식감이 정말 좋았습니다. 은은하게 배어나는 단맛 덕분에 자꾸 손이 가고, 부추나 양파, 상추와도 조화롭게 어울립니다. 막국수 같은 곁들임 없이도 족발만으로 충분히 만족스럽습니다. 사장님들도 친절해서 기분 좋게 식사할 수 있었고, 포장 손님도 많았습니다. 브레이크타임 끝나기 전에 미리 대기명단 올려두는 게 팁이니까 미리 알아두세요.",저녁에 먹었는데 브레이크타임 이후 오픈 시간 맞춰 가면 웨이팅이 있다고 해서 검색해서 알아본 대로 오후 2시 30분에 대기명단에 작성하고 오후 3시부터 오후 5시인 브레이크타임을 지나 오후 5시에 맞춰서 입장했습니다 성수족발은 왜 사람들이 줄 서서 먹는지 한 번에 납득이 가는 맛이었습니다 껍질은 일반 족발처럼 질기지 않고 탱글하면서도 쫀득하게 잘 끊어져 식감이 정말 좋았습니다 은은하게 배어나는 단맛 덕분에 자꾸 손이 가고 부추나 양파 상추와도 조화롭게 어울립니다 막국수 같은 곁들임 없이도 족발만으로 충분히 만족스럽습니다 사장님들도 친절해서 기분 좋게 식사할 수 있었고 포장 손님도 많았습니다 브레이크타임 끝나기 전에 미리 대기명단 올려두는 게 팁이니까 미리 알아두세요,0,0,0,0,0,0,1,386,"친절, 사장님, 웨이팅, 대기"
kakao,소문난성수감자탕,Rei,18.0,2025-12-16,,,"맛이나 친절은 개인차가 있을 수 있다고 생각하기 때문에 따로 적지 않겠습니다만 위생은 확실히 문제가 있어요.... 콜라 시켰는데 컵에 고춧가루랑 얼룩 있길래 바꿨는데 또 똑같고, 바꿨는데 또 똑같아서 그냥 병나발 불었습니다.",125,False,1.0,3.6,실버 레벨,"맛이나 친절은 개인차가 있을 수 있다고 생각하기 때문에 따로 적지 않겠습니다만 위생은 확실히 문제가 있어요.... 콜라 시켰는데 컵에 고춧가루랑 얼룩 있길래 바꿨는데 또 똑같고, 바꿨는데 또 똑같아서 그냥 병나발 불었습니다.",맛이나 친절은 개인차가 있을 수 있다고 생각하기 때문에 따로 적지 않겠습니다만 위생은 확실히 문제가 있어요 콜라 시켰는데 컵에 고춧가루랑 얼룩 있길래 바꿨는데 또 똑같고 바꿨는데 또 똑같아서 그냥 병나발 불었습니다,0,0,0,0,0,0,0,125,친절
kakao,소문난성수감자탕,😁,8.0,2025-01-05,,,또가격오름 최근몇년사이 3000올랐네 장사가 쟐되니 눈알이 돌음 종업원 주인 불친절,46,True,1.0,1.3,브론즈 레벨,또가격오름 최근몇년사이 3000올랐네 장사가 쟐되니 눈알이 돌음 종업원 주인 불친절,또가격오름 최근몇년사이 3000올랐네 장사가 쟐되니 눈알이 돌음 종업원 주인 불친절,0,0,0,0,0,0,1,46,"친절, 불친절"
kakao,옥동식 서교점,🤓,281.0,2026-03-08,,,밍밍하고 뭔맛인지 잘 모르겠는데 웨이팅도 길고 굳이,28,False,3.0,3.6,골드 레벨,밍밍하고 뭔맛인지 잘 모르겠는데 웨이팅도 길고 굳이,밍밍하고 뭔맛인지 잘 모르겠는데 웨이팅도 길고 굳이,0,0,0,0,0,0,0,28,웨이팅
kakao,뼈탄집 성수역점,송영은,1.0,2026-01-03,,,가족들이랑 방문했는데 친절하시고 고기도 다 구워주셔서 좋았어요! 매장도 깔끔하고 넓어서 사람 많아도 대화하기 괜찮아요!,66,True,5.0,5.0,브론즈 레벨,가족들이랑 방문했는데 친절하시고 고기도 다 구워주셔서 좋았어요! 매장도 깔끔하고 넓어서 사람 많아도 대화하기 괜찮아요!,가족들이랑 방문했는데 친절하시고 고기도 다 구워주셔서 좋았어요 EXCLAM 매장도 깔끔하고 넓어서 사람 많아도 대화하기 괜찮아요 EXCLAM,0,0,0,0,1,0,0,66,"친절, 구워주"
naver,이태리국시 성수,Zzz5620,410.0,2026.04.25,1번째 방문,영수증,음식 비쥬얼도 좋고 메뉴가 특색있고 다 맛있어요! 직원분들도 친절하시고 음식도 진짜 빨리 나와서 놀랐어요! 갑오징어빠에가 진짜 맛있어요🥹 담에도 재방문 의사 있습니다!,93,True,,,,음식 비쥬얼도 좋고 메뉴가 특색있고 다 맛있어요! 직원분들도 친절하시고 음식도 진짜 빨리 나와서 놀랐어요! 갑오징어빠에가 진짜 맛있어요🥹 담에도 재방문 의사 있습니다!,음식 비쥬얼도 좋고 메뉴가 특색있고 다 맛있어요 EXCLAM 직원분들도 친절하시고 음식도 진짜 빨리 나와서 놀랐어요 EXCLAM 갑오징어빠에가 진짜 맛있어요 담에도 재방문 의사 있습니다 EXCLAM,0,0,0,0,1,0,0,93,"친절, 직원, 빨리"
naver,금금 성수점,yeonni92,19.0,2026.03.07,1번째 방문,영수증,이벤트 리뷰~ 맛보기 수육 이벤트 있어서 참여했습니다~방송에 나왔던 곳에 맞게 대기 웨이팅이 있었지만 생각보다 빠르게 입장했어요. 한식이지만 새롭게 해석한 맛이여서 맛있게 잘 먹었습니다! 한국식 마제소바는 색다른 맛이였고 신메뉴에 들어간 미나리 오일이 색달랐어요! 맛있게 잘 먹고 갑니닷😆😆,162,True,,,,이벤트 리뷰~ 맛보기 수육 이벤트 있어서 참여했습니다~방송에 나왔던 곳에 맞게 대기 웨이팅이 있었지만 생각보다 빠르게 입장했어요. 한식이지만 새롭게 해석한 맛이여서 맛있게 잘 먹었습니다! 한국식 마제소바는 색다른 맛이였고 신메뉴에 들어간 미나리 오일이 색달랐어요! 맛있게 잘 먹고 갑니닷😆😆,이벤트 리뷰 맛보기 수육 이벤트 있어서 참여했습니다 방송에 나왔던 곳에 맞게 대기 웨이팅이 있었지만 생각보다 빠르게 입장했어요 한식이지만 새롭게 해석한 맛이여서 맛있게 잘 먹었습니다 EXCLAM 한국식 마제소바는 색다른 맛이였고 신메뉴에 들어간 미나리 오일이 색달랐어요 EXCLAM 맛있게 잘 먹고 갑니닷 EMO_POS EMO_POS,1,0,0,0,1,0,0,162,"웨이팅, 대기"
naver,뼈탄집 성수역점,ruwk1807,13.0,2026.02.26,1번째 방문,영수증,예전부터 지나가다가 저기 한번 가야지 가야지 하다가 오늘 여자친구랑 같이 처음 뼈탄집 방문했는데요!!! 일단 음식 너무 맛있어용😄 직원분들도 너무 친절하시고~앞으로 자주 올꺼같아요👍 p.s 여기 시그니처 숙성뼈탄삼겹살 꼭 드셔요!!!강추,132,True,,,,예전부터 지나가다가 저기 한번 가야지 가야지 하다가 오늘 여자친구랑 같이 처음 뼈탄집 방문했는데요!!! 일단 음식 너무 맛있어용😄 직원분들도 너무 친절하시고~앞으로 자주 올꺼같아요👍 p.s 여기 시그니처 숙성뼈탄삼겹살 꼭 드셔요!!!강추,예전부터 지나가다가 저기 한번 가야지 가야지 하다가 오늘 여자친구랑 같이 처음 뼈탄집 방문했는데요 EXCLAM 일단 음식 너무 맛있어용 EMO_POS 직원분들도 너무 친절하시고 앞으로 자주 올꺼같아요 EMO_POS p s 여기 시그니처 숙성뼈탄삼겹살 꼭 드셔요 EXCLAM 강추,1,0,0,0,1,0,0,132,"친절, 직원"
naver,육산장 홍대본점,jiu****,8.0,2026.04.03,1번째 방문,영수증,매장도 넓고 음식도 엄청 빨리 나와요! 대기 없이 바로 들어갈 수 있고 맛있어서 다음에 또 올거같아요:),58,True,,,,매장도 넓고 음식도 엄청 빨리 나와요! 대기 없이 바로 들어갈 수 있고 맛있어서 다음에 또 올거같아요:),매장도 넓고 음식도 엄청 빨리 나와요 EXCLAM 대기 없이 바로 들어갈 수 있고 맛있어서 다음에 또 올거같아요,0,0,0,0,1,0,0,58,"대기, 빨리"
naver,을밀대 평양냉면,psickmsick,606.0,2025.04.18,1번째 방문,예약,"서울 3대 평양냉면 집 since 1976 '을밀대 본점'에 더 더워지기 전에 다녀왔습니다. 평일 점심 1시 30분쯤 방문! 웨이팅이 조금 있었지만 10분 정도 기다렸다 바로 입장할수 있었습니다. 선주후면이라고 우선 녹두전(12,000원) + 막걸리 주문! 녹두전에는 다진고기가 듬뿍 들어가있고, 빠삭하고 기름져서 식욕을 더 자극합니다. 바로 거냉(물냉에 얼음 없이 제공) 두그릇 주문! 10분 정도 지나서 메뉴가 제공 됩니다. 배가 고명으로 올라가는게 특징인 을밀대. 육향은 장충동의 평양면옥보다 진하고, 면발은 필동의 필동면옥보다 두꺼워 한입 가득 면이 훅 들어와 매밀향이 입안에 가득 퍼집니다!! 얇게 저민 양지에 겨자를 살짝 올려 먹으면 이만한 안주가 따로 없습니다. 옛날 간판이 더 매력적이 을밀대!",396,True,,,,"서울 3대 평양냉면 집 since 1976 '을밀대 본점'에 더 더워지기 전에 다녀왔습니다. 평일 점심 1시 30분쯤 방문! 웨이팅이 조금 있었지만 10분 정도 기다렸다 바로 입장할수 있었습니다. 선주후면이라고 우선 녹두전(12,000원) + 막걸리 주문! 녹두전에는 다진고기가 듬뿍 들어가있고, 빠삭하고 기름져서 식욕을 더 자극합니다. 바로 거냉(물냉에 얼음 없이 제공) 두그릇 주문! 10분 정도 지나서 메뉴가 제공 됩니다. 배가 고명으로 올라가는게 특징인 을밀대. 육향은 장충동의 평양면옥보다 진하고, 면발은 필동의 필동면옥보다 두꺼워 한입 가득 면이 훅 들어와 매밀향이 입안에 가득 퍼집니다!! 얇게 저민 양지에 겨자를 살짝 올려 먹으면 이만한 안주가 따로 없습니다. 옛날 간판이 더 매력적이 을밀대!",서울 3대 평양냉면 집 since 1976 을밀대 본점 에 더 더워지기 전에 다녀왔습니다 평일 점심 1시 30분쯤 방문 EXCLAM 웨이팅이 조금 있었지만 10분 정도 기다렸다 바로 입장할수 있었습니다 선주후면이라고 우선 녹두전 12 000원 막걸리 주문 EXCLAM 녹두전에는 다진고기가 듬뿍 들어가있고 빠삭하고 기름져서 식욕을 더 자극합니다 바로 거냉 물냉에 얼음 없이 제공 두그릇 주문 EXCLAM 10분 정도 지나서 메뉴가 제공 됩니다 배가 고명으로 올라가는게 특징인 을밀대 육향은 장충동의 평양면옥보다 진하고 면발은 필동의 필동면옥보다 두꺼워 한입 가득 면이 훅 들어와 매밀향이 입안에 가득 퍼집니다 EXCLAM 얇게 저민 양지에 겨자를 살짝 올려 먹으면 이만한 안주가 따로 없습니다 옛날 간판이 더 매력적이 을밀대 EXCLAM,0,0,0,0,1,0,1,396,"주문, 웨이팅"
naver,훼미리손칼국수보쌈,소망하고 응원해,778.0,2025.05.13,1번째 방문,영수증,맛있어요~ 손님이 많네요! 대기시간 30분소요됨.,27,True,,,,맛있어요~ 손님이 많네요! 대기시간 30분소요됨.,맛있어요 손님이 많네요 EXCLAM 대기시간 30분소요됨,0,0,0,0,1,0,1,27,대기
naver,이태리국시 성수,쭈니쭈우운,37.0,2026.03.29,1번째 방문,영수증,"세련된 인테리어와 감각적인 조명, 입구부터 '성공적'인 데이트를 예감케 하는 곳이였어요😍 직원분들의 세심한 서비스 덕분에 아내와 대접받는 기분으로 완벽한 시간을 보냈어요ㅎㅎ - 메뉴별 한줄평 • 대창돌솥파스타 : 돌솥 열기에 녹아든 대창의 고소함! 마지막 한 입까지 뜨겁고 진한 풍미가 예술 • 반계마늘리조또 : 마늘의 깊은 향과 부드러운 닭고기의 조화. 보양식급 든든함과 고급스러운 감칠맛의 끝판왕! • 알배추갈비샐러드 : 익힘의 정도가 완벽한 알배추와 육향의 미친 조화! 메인 요리 사이에서 중심을 잡아주는 최고의 킥! - 총평 단순한 식사를 넘어 '감동'을 선사받은 기분입니다. 맛, 분위기, 서비스까지 빈틈이 없어 서울 올 때마다 무조건 재방문 0순위이네요ㅎㅎ 강력 추천합니다✌🏻",384,False,,,,"세련된 인테리어와 감각적인 조명, 입구부터 '성공적'인 데이트를 예감케 하는 곳이였어요😍 직원분들의 세심한 서비스 덕분에 아내와 대접받는 기분으로 완벽한 시간을 보냈어요ㅎㅎ - 메뉴별 한줄평 • 대창돌솥파스타 : 돌솥 열기에 녹아든 대창의 고소함! 마지막 한 입까지 뜨겁고 진한 풍미가 예술 • 반계마늘리조또 : 마늘의 깊은 향과 부드러운 닭고기의 조화. 보양식급 든든함과 고급스러운 감칠맛의 끝판왕! • 알배추갈비샐러드 : 익힘의 정도가 완벽한 알배추와 육향의 미친 조화! 메인 요리 사이에서 중심을 잡아주는 최고의 킥! - 총평 단순한 식사를 넘어 '감동'을 선사받은 기분입니다. 맛, 분위기, 서비스까지 빈틈이 없어 서울 올 때마다 무조건 재방문 0순위이네요ㅎㅎ 강력 추천합니다✌🏻",세련된 인테리어와 감각적인 조명 입구부터 성공적 인 데이트를 예감케 하는 곳이였어요 EMO_POS 직원분들의 세심한 서비스 덕분에 아내와 대접받는 기분으로 완벽한 시간을 보냈어요 메뉴별 한줄평 대창돌솥파스타 돌솥 열기에 녹아든 대창의 고소함 EXCLAM 마지막 한 입까지 뜨겁고 진한 풍미가 예술 반계마늘리조또 마늘의 깊은 향과 부드러운 닭고기의 조화 보양식급 든든함과 고급스러운 감칠맛의 끝판왕 EXCLAM 알배추갈비샐러드 익힘의 정도가 완벽한 알배추와 육향의 미친 조화 EXCLAM 메인 요리 사이에서 중심을 잡아주는 최고의 킥 EXCLAM 총평 단순한 식사를 넘어 감동 을 선사받은 기분입니다 맛 분위기 서비스까지 빈틈이 없어 서울 올 때마다 무조건 재방문 0순위이네요 강력 추천합니다,1,0,0,0,1,0,1,384,"서비스, 직원"
naver,조선시대,Akffkdehfl,58.0,2026.03.06,1번째 방문,예약,여기 진짜 너무 맛집입니다 ... 예약했는데 룸으로 주셔서 너무 안락하고 재밌게 놀고 갑니닷 ㅎㅎ ❤️❤️,59,True,,,,여기 진짜 너무 맛집입니다 ... 예약했는데 룸으로 주셔서 너무 안락하고 재밌게 놀고 갑니닷 ㅎㅎ ❤️❤️,여기 진짜 너무 맛집입니다 예약했는데 룸으로 주셔서 너무 안락하고 재밌게 놀고 갑니닷 EMO_POS EMO_POS,1,0,0,0,0,0,0,59,예약
naver,성수족발,복덩이 냠냠박사,816.0,2025.07.22,2번째 방문,영수증,포장해서 앞에 투다리에서 먹었어요 투다리 메뉴1개 주문하면 같이 먹을 수 있습니다,45,False,,,,포장해서 앞에 투다리에서 먹었어요 투다리 메뉴1개 주문하면 같이 먹을 수 있습니다,포장해서 앞에 투다리에서 먹었어요 투다리 메뉴1개 주문하면 같이 먹을 수 있습니다,0,0,0,0,0,0,1,45,주문
kakao,장인닭갈비 홍대점,가지 말라면 좀 가지마,3.0,2025-05-25,,,"치즈포함 12,000원이라 해서 갔는데 주문할때 미포함이라고 말함. 가격 속이는거부터 기분 상하고 시작함",58,False,1.0,1.0,브론즈 레벨,"치즈포함 12,000원이라 해서 갔는데 주문할때 미포함이라고 말함. 가격 속이는거부터 기분 상하고 시작함",치즈포함 12 000원이라 해서 갔는데 주문할때 미포함이라고 말함 가격 속이는거부터 기분 상하고 시작함,0,0,0,0,0,0,1,58,주문
naver,육산장 홍대본점,tmd****,31.0,2026.03.22,1번째 방문,영수증,야장도 되게 낭만있게 잘 되어있고 직원분들도 다 친절하고 가게분위기가 좋아요,42,True,,,,야장도 되게 낭만있게 잘 되어있고 직원분들도 다 친절하고 가게분위기가 좋아요,야장도 되게 낭만있게 잘 되어있고 직원분들도 다 친절하고 가게분위기가 좋아요,0,0,0,0,0,0,0,42,"친절, 직원"
naver,굴다리식당,도됴잉,325.0,2026.02.08,1번째 방문,영수증,향신료없는 건강한맛🫶🏻🌱🌱 진정한 한국인의 밥상 추천해요! 왕할머님이 주인장이신듯 친절하고 좋아여!👏🏻👏🏻,59,True,,,,향신료없는 건강한맛🫶🏻🌱🌱 진정한 한국인의 밥상 추천해요! 왕할머님이 주인장이신듯 친절하고 좋아여!👏🏻👏🏻,향신료없는 건강한맛 진정한 한국인의 밥상 추천해요 EXCLAM 왕할머님이 주인장이신듯 친절하고 좋아여 EXCLAM EMO_POS EMO_POS,1,0,0,0,1,0,0,59,친절
naver,뼈탄집 성수역점,glo****,74.0,2026.01.27,1번째 방문,영수증,성수 블루리본 고기맛집 친구들이랑 왔어요ㅎㅎㅎ 일찍와서 웨이팅 많이 없이 들어와서 좋아요ㅎㅎㅎ 고기 너무 맛있어요ㅎㅎㅎㅎ 또 올께요 ㅎㅎ,76,True,,,,성수 블루리본 고기맛집 친구들이랑 왔어요ㅎㅎㅎ 일찍와서 웨이팅 많이 없이 들어와서 좋아요ㅎㅎㅎ 고기 너무 맛있어요ㅎㅎㅎㅎ 또 올께요 ㅎㅎ,성수 블루리본 고기맛집 친구들이랑 왔어요 일찍와서 웨이팅 많이 없이 들어와서 좋아요 고기 너무 맛있어요 또 올께요,0,0,0,0,0,0,0,76,웨이팅
kakao,능동미나리 성수점,메롱,1.0,2026-01-26,,,전에 방문했을때 웨이팅이 길어서 비빔밥 포장했었는데 맛있었음 담에 한번 더 매장 방문해서 먹고싶은맛,55,True,5.0,5.0,브론즈 레벨,전에 방문했을때 웨이팅이 길어서 비빔밥 포장했었는데 맛있었음 담에 한번 더 매장 방문해서 먹고싶은맛,전에 방문했을때 웨이팅이 길어서 비빔밥 포장했었는데 맛있었음 담에 한번 더 매장 방문해서 먹고싶은맛,0,0,0,0,0,0,0,55,웨이팅
naver,이태리국시 성수,Tiger19,387.0,2026.04.26,1번째 방문,영수증,음식도 맛있으며 이태리국시만의 특별한 메뉴도 맛 볼 수 있어서 좋았어요. 인기가 많은 식당이라 원하는 시간대 예약 하고 오시는게 편하실 거예요. 추천 합니다.,88,True,,,,음식도 맛있으며 이태리국시만의 특별한 메뉴도 맛 볼 수 있어서 좋았어요. 인기가 많은 식당이라 원하는 시간대 예약 하고 오시는게 편하실 거예요. 추천 합니다.,음식도 맛있으며 이태리국시만의 특별한 메뉴도 맛 볼 수 있어서 좋았어요 인기가 많은 식당이라 원하는 시간대 예약 하고 오시는게 편하실 거예요 추천 합니다,0,0,0,0,0,0,0,88,예약
naver,소문난성수감자탕,ruask,168.0,2025.10.11,1번째 방문,,"성수 갈때마다 줄서잇길래 너무너무 궁금했는데 대기 별로 없어서 방문해봤어요! 안에 자리 많고 직원분들은 기계식으로 친절하셔요 ~~ 먹어도 된다구 해도 조금 더 끓여드시면 좋을거같구 ,, 가격은 조금 비싼편인것 같습니다 ㅠㅅㅜ 맛잇어요 ~~ 수제비 추천 !!!",144,True,,,,"성수 갈때마다 줄서잇길래 너무너무 궁금했는데 대기 별로 없어서 방문해봤어요! 안에 자리 많고 직원분들은 기계식으로 친절하셔요 ~~ 먹어도 된다구 해도 조금 더 끓여드시면 좋을거같구 ,, 가격은 조금 비싼편인것 같습니다 ㅠㅅㅜ 맛잇어요 ~~ 수제비 추천 !!!",성수 갈때마다 줄서잇길래 너무너무 궁금했는데 대기 별로 없어서 방문해봤어요 EXCLAM 안에 자리 많고 직원분들은 기계식으로 친절하셔요 TILDE 먹어도 된다구 해도 조금 더 끓여드시면 좋을거같구 가격은 조금 비싼편인것 같습니다 맛잇어요 TILDE 수제비 추천 EXCLAM,0,0,0,0,1,0,0,144,"친절, 직원, 대기"
naver,옥동식,Nomadmelody,636.0,2025.05.15,1번째 방문,예약,들어가자마자 국밥두개 만두하나 시켰고 얼마 안지나서 국밥이 나왔습니다. 그때 입장한 옆테이블 손님도 똑같이 시켰는데 그 테이블은 국밥과 만두가 거의 동시에 나왔고 저희는 다 먹을때까지 만두는 받지 못했습니다. 밥먹는데 바로 앞에 빠박이 알바생이 어슬렁 어슬렁 뒷짐지고 멍청하게 서있었고 혹시나해서 포스기를 보니 주문이 들어가 있었습니다. 깜빡할수도 있으니 여기까진 그렇다치고 만두는 원래 오래걸리나요? 여쭤봤습니다. 그럼 상식적으로 나오는 대답은 일단 ’죄송합니다‘ 를 예상했으나 ‘아 2분정도 걸리는데 해드릴까요?’ 이러고 있네요. 본인 실수인걸 확실히 아는 상황인데 사과는 커녕 회피나 하는 상황이라니. 저런 인간 이하 인생을 살고있는 빠박이를 알바생으로 둔 미슐랭 국밥집? 철저히 후회하게 만들어 드리겠습니다.,400,True,,,,들어가자마자 국밥두개 만두하나 시켰고 얼마 안지나서 국밥이 나왔습니다. 그때 입장한 옆테이블 손님도 똑같이 시켰는데 그 테이블은 국밥과 만두가 거의 동시에 나왔고 저희는 다 먹을때까지 만두는 받지 못했습니다. 밥먹는데 바로 앞에 빠박이 알바생이 어슬렁 어슬렁 뒷짐지고 멍청하게 서있었고 혹시나해서 포스기를 보니 주문이 들어가 있었습니다. 깜빡할수도 있으니 여기까진 그렇다치고 만두는 원래 오래걸리나요? 여쭤봤습니다. 그럼 상식적으로 나오는 대답은 일단 ’죄송합니다‘ 를 예상했으나 ‘아 2분정도 걸리는데 해드릴까요?’ 이러고 있네요. 본인 실수인걸 확실히 아는 상황인데 사과는 커녕 회피나 하는 상황이라니. 저런 인간 이하 인생을 살고있는 빠박이를 알바생으로 둔 미슐랭 국밥집? 철저히 후회하게 만들어 드리겠습니다.,들어가자마자 국밥두개 만두하나 시켰고 얼마 안지나서 국밥이 나왔습니다 그때 입장한 옆테이블 손님도 똑같이 시켰는데 그 테이블은 국밥과 만두가 거의 동시에 나왔고 저희는 다 먹을때까지 만두는 받지 못했습니다 밥먹는데 바로 앞에 빠박이 알바생이 어슬렁 어슬렁 뒷짐지고 멍청하게 서있었고 혹시나해서 포스기를 보니 주문이 들어가 있었습니다 깜빡할수도 있으니 여기까진 그렇다치고 만두는 원래 오래걸리나요 QUESTION 여쭤봤습니다 그럼 상식적으로 나오는 대답은 일단 죄송합니다 를 예상했으나 아 2분정도 걸리는데 해드릴까요 QUESTION 이러고 있네요 본인 실수인걸 확실히 아는 상황인데 사과는 커녕 회피나 하는 상황이라니 저런 인간 이하 인생을 살고있는 빠박이를 알바생으로 둔 미슐랭 국밥집 QUESTION 철저히 후회하게 만들어 드리겠습니다,0,0,0,0,0,1,1,400,"알바, 주문, 사과"
naver,태양곱창 성수점,ajj****,30.0,2026.04.02,1번째 방문,영수증,리뷰보고 처음 방문해봤는데 직원들도 완전 친절하시고 짱 맛있어요!!!!!,40,True,,,,리뷰보고 처음 방문해봤는데 직원들도 완전 친절하시고 짱 맛있어요!!!!!,리뷰보고 처음 방문해봤는데 직원들도 완전 친절하시고 짱 맛있어요 EXCLAM,0,0,0,0,1,0,0,40,"친절, 직원"
naver,쭌곱창,리미비니맘,208.0,2026.01.15,1번째 방문,영수증,직원분친절하시고직접구워주시고 곱창맛있어요~~^^,26,True,,,,직원분친절하시고직접구워주시고 곱창맛있어요~~^^,직원분친절하시고직접구워주시고 곱창맛있어요 TILDE,0,0,0,0,0,0,0,26,"친절, 직원, 구워주"
kakao,홍대 조선시대,민경,1.0,2026-01-02,,,여기 막걸리가 맛집이에요 특히 딸기 막걸리가 너무 맛있어서 빨리 마시게되네요..사람들도 많고 안주랑 주류도 다양하고 진짜 맛있어요,72,True,5.0,5.0,브론즈 레벨,여기 막걸리가 맛집이에요 특히 딸기 막걸리가 너무 맛있어서 빨리 마시게되네요..사람들도 많고 안주랑 주류도 다양하고 진짜 맛있어요,여기 막걸리가 맛집이에요 특히 딸기 막걸리가 너무 맛있어서 빨리 마시게되네요 사람들도 많고 안주랑 주류도 다양하고 진짜 맛있어요,0,0,0,0,0,0,0,72,빨리
naver,금금 성수점,싸피19,13.0,2026.04.10,1번째 방문,영수증,지나가는길에 대기가 없어서 방문해본 금금입니다! 메뉴는 베스트 두개였던 문어간장비빔밥이랑 한국식 마제소바라는 보리된장국수 주문했어요~ 뭔가 음식이 깔끔하고 정갈한 모양새와 맛이어서 속이 편안할거같습니다 특히 보리된장국수는 마제소바 좋아하는분이면 밥까지 비벼먹을맛 ㅜㅜ 다음엔 문어국수도 먹어보려구요 모든 메뉴 다 맛있을거같아요!,183,True,,,,지나가는길에 대기가 없어서 방문해본 금금입니다! 메뉴는 베스트 두개였던 문어간장비빔밥이랑 한국식 마제소바라는 보리된장국수 주문했어요~ 뭔가 음식이 깔끔하고 정갈한 모양새와 맛이어서 속이 편안할거같습니다 특히 보리된장국수는 마제소바 좋아하는분이면 밥까지 비벼먹을맛 ㅜㅜ 다음엔 문어국수도 먹어보려구요 모든 메뉴 다 맛있을거같아요!,지나가는길에 대기가 없어서 방문해본 금금입니다 EXCLAM 메뉴는 베스트 두개였던 문어간장비빔밥이랑 한국식 마제소바라는 보리된장국수 주문했어요 뭔가 음식이 깔끔하고 정갈한 모양새와 맛이어서 속이 편안할거같습니다 특히 보리된장국수는 마제소바 좋아하는분이면 밥까지 비벼먹을맛 다음엔 문어국수도 먹어보려구요 모든 메뉴 다 맛있을거같아요 EXCLAM,0,0,0,1,1,0,0,183,"주문, 대기"
naver,일등식당,아이미 IME,3629.0,2026.01.25,1번째 방문,영수증,친절하세요 가격도 착하고 양도적당해서 배부르게 먹었습니다 포장시 용기값있어요 냄비 가져오심 할인 쌉가능 😊,59,True,,,,친절하세요 가격도 착하고 양도적당해서 배부르게 먹었습니다 포장시 용기값있어요 냄비 가져오심 할인 쌉가능 😊,친절하세요 가격도 착하고 양도적당해서 배부르게 먹었습니다 포장시 용기값있어요 냄비 가져오심 할인 쌉가능 EMO_POS,1,0,0,0,0,0,0,59,친절
naver,금금 성수점,로로로윙,58.0,2026.03.01,1번째 방문,영수증,한식퓨전음식점이네요 된장국수는 마제소바같은 느낌인데 씹히는 쪽파가 식감을 살려줘서 맛있게 먹었습니다. 새우감자전은 고민하다 시켜보았는데 셋중 가장 맛있었어요~ 명란곁들여 흰소스에 꼭 찍어드세요ㅎㅎ 성수오랜만에 왔는데즐거운 식사였습니다. 미리 캐치테이블 예약하고오세요~~~,151,True,,,,한식퓨전음식점이네요 된장국수는 마제소바같은 느낌인데 씹히는 쪽파가 식감을 살려줘서 맛있게 먹었습니다. 새우감자전은 고민하다 시켜보았는데 셋중 가장 맛있었어요~ 명란곁들여 흰소스에 꼭 찍어드세요ㅎㅎ 성수오랜만에 왔는데즐거운 식사였습니다. 미리 캐치테이블 예약하고오세요~~~,한식퓨전음식점이네요 된장국수는 마제소바같은 느낌인데 씹히는 쪽파가 식감을 살려줘서 맛있게 먹었습니다 새우감자전은 고민하다 시켜보았는데 셋중 가장 맛있었어요 명란곁들여 흰소스에 꼭 찍어드세요 성수오랜만에 왔는데즐거운 식사였습니다 미리 캐치테이블 예약하고오세요 TILDE,0,0,0,0,0,0,0,151,예약
kakao,육지,이민정,1.0,2025-08-18,,,구워주시고 너무 맛있었어요,14,False,5.0,5.0,브론즈 레벨,구워주시고 너무 맛있었어요,구워주시고 너무 맛있었어요,0,0,0,0,0,0,0,14,구워주
kakao,금금,스누피,6.0,2025-03-22,,,마제소바 비슷한 퓨전한식 평일 오후6시쯤 웨이팅 없이 입장했습니다 메뉴 이름에 된장이 들어가는데 된장맛이 안느껴졌던 것 같고 고기에선 잡내가 살짝 느껴져 아쉬웠어요 맛은 있었습니다 직원분 친절하셔서 좋았고 1인 좌석도 있네요 다른메뉴도 궁금해지네요,138,False,4.0,4.3,브론즈 레벨,마제소바 비슷한 퓨전한식 평일 오후6시쯤 웨이팅 없이 입장했습니다 메뉴 이름에 된장이 들어가는데 된장맛이 안느껴졌던 것 같고 고기에선 잡내가 살짝 느껴져 아쉬웠어요 맛은 있었습니다 직원분 친절하셔서 좋았고 1인 좌석도 있네요 다른메뉴도 궁금해지네요,마제소바 비슷한 퓨전한식 평일 오후6시쯤 웨이팅 없이 입장했습니다 메뉴 이름에 된장이 들어가는데 된장맛이 안느껴졌던 것 같고 고기에선 잡내가 살짝 느껴져 아쉬웠어요 맛은 있었습니다 직원분 친절하셔서 좋았고 1인 좌석도 있네요 다른메뉴도 궁금해지네요,0,0,0,0,0,0,1,138,"친절, 직원, 웨이팅"
kakao,할머니의레시피,애용,15.0,2025-10-15,,,그냥 저냥 맛잇긴 한데 웨이팅까진? 굳이? 싶기도…….,30,False,3.0,4.9,실버 레벨,그냥 저냥 맛잇긴 한데 웨이팅까진? 굳이? 싶기도…….,그냥 저냥 맛잇긴 한데 웨이팅까진 QUESTION 굳이 QUESTION 싶기도,0,0,0,0,0,1,0,30,웨이팅
naver,보끔당 성수점,yuu****,3.0,2026.04.20,1번째 방문,영수증,로제는 진짜 최고입니다 특히 떡은 되게 쫄깃쫄깃하더라구요 환경도 좋고 점원님도 엄청 친절하시구요 다음에 또 올게욥-!ㅎㅎ,67,True,,,,로제는 진짜 최고입니다 특히 떡은 되게 쫄깃쫄깃하더라구요 환경도 좋고 점원님도 엄청 친절하시구요 다음에 또 올게욥-!ㅎㅎ,로제는 진짜 최고입니다 특히 떡은 되게 쫄깃쫄깃하더라구요 환경도 좋고 점원님도 엄청 친절하시구요 다음에 또 올게욥 EXCLAM,0,0,0,0,1,0,0,67,친절
kakao,육지,문지은,2.0,2025-10-12,,,완존 맛있어용 구워주셔서 편하게 맛있게 먹었습니댱 분위기도 좋고 역 근처라 접근성도 조아요 후배들이 막국수를 참 좋아하네요 담에 또올게요^^*,79,True,5.0,3.0,브론즈 레벨,완존 맛있어용 구워주셔서 편하게 맛있게 먹었습니댱 분위기도 좋고 역 근처라 접근성도 조아요 후배들이 막국수를 참 좋아하네요 담에 또올게요^^*,완존 맛있어용 구워주셔서 편하게 맛있게 먹었습니댱 분위기도 좋고 역 근처라 접근성도 조아요 후배들이 막국수를 참 좋아하네요 담에 또올게요,0,0,0,0,0,0,0,79,구워주
naver,원조 조박집 본관,몰리두커,1228.0,2025.10.01,1번째 방문,영수증,6개월만에 발문한거 같네요 돼지갈비 맛있어요 구워주지는 않지만 불판은 자주 교체해줘요,47,True,,,,6개월만에 발문한거 같네요 돼지갈비 맛있어요 구워주지는 않지만 불판은 자주 교체해줘요,6개월만에 발문한거 같네요 돼지갈비 맛있어요 구워주지는 않지만 불판은 자주 교체해줘요,0,0,0,0,0,0,1,47,구워주
kakao,원조조박집 본관,느슨노,718.0,2025-05-29,,,"10번 이상 방문. 심할때는 1시간 이상 웨이팅 필요한 맛집. 기본반찬, 동치미국수 등 구성도 훌륭하고 직원들의 자동화된 시스템으로 운영. 무엇보다 고기맛있고 구워주심.",94,False,5.0,5.0,골드 레벨,"10번 이상 방문. 심할때는 1시간 이상 웨이팅 필요한 맛집. 기본반찬, 동치미국수 등 구성도 훌륭하고 직원들의 자동화된 시스템으로 운영. 무엇보다 고기맛있고 구워주심.",10번 이상 방문 심할때는 1시간 이상 웨이팅 필요한 맛집 기본반찬 동치미국수 등 구성도 훌륭하고 직원들의 자동화된 시스템으로 운영 무엇보다 고기맛있고 구워주심,0,0,0,0,0,0,1,94,"직원, 구워주, 웨이팅"
naver,소문난성수감자탕,hae****,46.0,2026.02.09,1번째 방문,영수증,여기가 왜 그렇게 핫플인지 모르겠네요. 저는 많이 실망했어요. 어떤 외국인 손님이 물어보시는데 직원이 짜증만 내고 저희한테도 진짜 불친절하네요. 물기도 줄줄 흐르는채로 수저통에 꽂고 제 옷에까지 묻었네요. 다시는 안갑니다😡😡,125,False,,,,여기가 왜 그렇게 핫플인지 모르겠네요. 저는 많이 실망했어요. 어떤 외국인 손님이 물어보시는데 직원이 짜증만 내고 저희한테도 진짜 불친절하네요. 물기도 줄줄 흐르는채로 수저통에 꽂고 제 옷에까지 묻었네요. 다시는 안갑니다😡😡,여기가 왜 그렇게 핫플인지 모르겠네요 저는 많이 실망했어요 어떤 외국인 손님이 물어보시는데 직원이 짜증만 내고 저희한테도 진짜 불친절하네요 물기도 줄줄 흐르는채로 수저통에 꽂고 제 옷에까지 묻었네요 다시는 안갑니다 EMO_NEG EMO_NEG,0,1,0,0,0,0,0,125,"친절, 불친절, 직원"
kakao,장인닭갈비 홍대점,🥹🫶🏻,326.0,2025-08-11,,,닭갈비는 고추장베이스에 사리는 양배추 떡 닭갈비가 끝 순한맛으로 시켜도 약간 매콤함 양은 나쁘지않고 닭갈비보다 닭갈비 양념에 볶아먹는 볶음밥이 더 맛있음⭐️ 럭키봉봉은 오렌지쥬스에 물탄맛임 매장은 사람많고 정신없음 외국인알바생은 좀 서툰듯해오..🥹,138,False,3.0,4.1,골드 레벨,닭갈비는 고추장베이스에 사리는 양배추 떡 닭갈비가 끝 순한맛으로 시켜도 약간 매콤함 양은 나쁘지않고 닭갈비보다 닭갈비 양념에 볶아먹는 볶음밥이 더 맛있음⭐️ 럭키봉봉은 오렌지쥬스에 물탄맛임 매장은 사람많고 정신없음 외국인알바생은 좀 서툰듯해오..🥹,닭갈비는 고추장베이스에 사리는 양배추 떡 닭갈비가 끝 순한맛으로 시켜도 약간 매콤함 양은 나쁘지않고 닭갈비보다 닭갈비 양념에 볶아먹는 볶음밥이 더 맛있음 럭키봉봉은 오렌지쥬스에 물탄맛임 매장은 사람많고 정신없음 외국인알바생은 좀 서툰듯해오,0,0,0,0,0,0,0,138,알바
kakao,이태리국시 성수,🤔,1.0,2026-04-27,,,오픈시간 맞춰 가서 대기 시간 없이 바로 입장하였습니다. 분위기도 좋고 음식이 깔끔하고 맛있어요~대창숯불파스타는 정말 원픽입니다^^ 알배추샐러드랑 뇨끼 청량불고기파스타 다 맛있게 잘 먹었습니다.,108,True,5.0,5.0,브론즈 레벨,오픈시간 맞춰 가서 대기 시간 없이 바로 입장하였습니다. 분위기도 좋고 음식이 깔끔하고 맛있어요~대창숯불파스타는 정말 원픽입니다^^ 알배추샐러드랑 뇨끼 청량불고기파스타 다 맛있게 잘 먹었습니다.,오픈시간 맞춰 가서 대기 시간 없이 바로 입장하였습니다 분위기도 좋고 음식이 깔끔하고 맛있어요 대창숯불파스타는 정말 원픽입니다 알배추샐러드랑 뇨끼 청량불고기파스타 다 맛있게 잘 먹었습니다,0,0,0,0,0,0,0,108,대기
naver,뼈탄집 성수역점,현ㅉ6,15.0,2026.04.15,1번째 방문,영수증,고기가 진짜 신선한것같아요 잡내가 하나도 안나네요 백김치랑 구워먹는게 정말맛있더라구요 ㅠ 직원분들도 너무친절해서 기분좋게 먹고 나왔어요ㅎㅎ,77,True,,,,고기가 진짜 신선한것같아요 잡내가 하나도 안나네요 백김치랑 구워먹는게 정말맛있더라구요 ㅠ 직원분들도 너무친절해서 기분좋게 먹고 나왔어요ㅎㅎ,고기가 진짜 신선한것같아요 잡내가 하나도 안나네요 백김치랑 구워먹는게 정말맛있더라구요 직원분들도 너무친절해서 기분좋게 먹고 나왔어요,0,0,0,0,0,0,0,77,"친절, 직원"
naver,원조 조박집 본관,cho****,109.0,2025.05.10,5번째 방문,영수증,고기질도 좋고 양념도 은은하고 불판도 잘 갈아주시고 야채도 넉넉히 잘 챙겨주시네요 총각김치도 식혜도 직접 만들어서 너무나도 맛있고요 가격도 너무 착하고 항상 맛있담니다 진짜 음식장사 이렇게 하시니 계속 대박 나실거예요 고기맛은 언급 안해도 될만큼 맛나고요 저의 최애 맛집입니다 매장 이모님들도 불가져다주시는 삼촌도 다 친절하심니다 강추강추강추입니다 항상 사진 찍을 틈이 없담니다 먹기 바빠서요 그래도 오늘은 겨우 3장 건졋어요 다만 일요일에 문 닫으시는거가 불만입니다 월욜 닫고 가족들 갈 수 있게 일욜 오픈을 바래봅니다 👍🏻👍🏻👍🏻👍🏻👍🏻👍🏻👍🏻,306,True,,,,고기질도 좋고 양념도 은은하고 불판도 잘 갈아주시고 야채도 넉넉히 잘 챙겨주시네요 총각김치도 식혜도 직접 만들어서 너무나도 맛있고요 가격도 너무 착하고 항상 맛있담니다 진짜 음식장사 이렇게 하시니 계속 대박 나실거예요 고기맛은 언급 안해도 될만큼 맛나고요 저의 최애 맛집입니다 매장 이모님들도 불가져다주시는 삼촌도 다 친절하심니다 강추강추강추입니다 항상 사진 찍을 틈이 없담니다 먹기 바빠서요 그래도 오늘은 겨우 3장 건졋어요 다만 일요일에 문 닫으시는거가 불만입니다 월욜 닫고 가족들 갈 수 있게 일욜 오픈을 바래봅니다 👍🏻👍🏻👍🏻👍🏻👍🏻👍🏻👍🏻,고기질도 좋고 양념도 은은하고 불판도 잘 갈아주시고 야채도 넉넉히 잘 챙겨주시네요 총각김치도 식혜도 직접 만들어서 너무나도 맛있고요 가격도 너무 착하고 항상 맛있담니다 진짜 음식장사 이렇게 하시니 계속 대박 나실거예요 고기맛은 언급 안해도 될만큼 맛나고요 저의 최애 맛집입니다 매장 이모님들도 불가져다주시는 삼촌도 다 친절하심니다 강추강추강추입니다 항상 사진 찍을 틈이 없담니다 먹기 바빠서요 그래도 오늘은 겨우 3장 건졋어요 다만 일요일에 문 닫으시는거가 불만입니다 월욜 닫고 가족들 갈 수 있게 일욜 오픈을 바래봅니다 EMO_POS EMO_POS EMO_POS EMO_POS EMO_POS EMO_POS EMO_POS,1,0,0,0,0,0,1,306,친절
kakao,소문난성수감자탕,듀,3.0,2026-04-15,,,평일 저녁에 웨이팅 없이 들어가서 먹으면 별 5개 웨이팅 3시간이상? 별 3개입니다 ㅎㅎ 맛이 없진 않지만 호불호 갈릴.. 저는 깔끔한 국물에 야들한 살코기 넘 맛있었습니다 다만 씨끄러워서 정신이 없을뿐! 친절하셔서 별 4개 드립니당!!,132,False,4.0,4.7,브론즈 레벨,평일 저녁에 웨이팅 없이 들어가서 먹으면 별 5개 웨이팅 3시간이상? 별 3개입니다 ㅎㅎ 맛이 없진 않지만 호불호 갈릴.. 저는 깔끔한 국물에 야들한 살코기 넘 맛있었습니다 다만 씨끄러워서 정신이 없을뿐! 친절하셔서 별 4개 드립니당!!,평일 저녁에 웨이팅 없이 들어가서 먹으면 별 5개 웨이팅 3시간이상 QUESTION 별 3개입니다 맛이 없진 않지만 호불호 갈릴 저는 깔끔한 국물에 야들한 살코기 넘 맛있었습니다 다만 씨끄러워서 정신이 없을뿐 EXCLAM 친절하셔서 별 4개 드립니당 EXCLAM,0,0,0,0,1,1,1,132,"친절, 웨이팅"
naver,홍대 육지,jym****,17.0,2026.03.29,1번째 방문,영수증,고기가 신선해요 ! 직접 맛있게 구워주셔서 좋았고 색다른 소스와 함께먹어서 좋았습니다 추추천 👍🏻,54,True,,,,고기가 신선해요 ! 직접 맛있게 구워주셔서 좋았고 색다른 소스와 함께먹어서 좋았습니다 추추천 👍🏻,고기가 신선해요 EXCLAM 직접 맛있게 구워주셔서 좋았고 색다른 소스와 함께먹어서 좋았습니다 추추천 EMO_POS,1,0,0,0,1,0,0,54,구워주
naver,장인닭갈비 홍대점,뚜비뚜0,11.0,2026.04.11,1번째 방문,영수증,너무 맛있고 친절하시고 좋아요!!,18,True,,,,너무 맛있고 친절하시고 좋아요!!,너무 맛있고 친절하시고 좋아요 EXCLAM,0,0,0,0,1,0,0,18,친절
naver,락희옥 마포본점,essieseungeun,13.0,2025.07.08,1번째 방문,영수증,들어가자마자 제가 대기 없이 들어간 처음이자 마지막 손님이라고 하시면서 엄청 잘 챙겨주셨어요! 100일 기념으로 맛있는 곳 왔는데 오길 넘 잘했어요 고기가 살살 녹아요... 너무 맛있다 😍,105,True,,,,들어가자마자 제가 대기 없이 들어간 처음이자 마지막 손님이라고 하시면서 엄청 잘 챙겨주셨어요! 100일 기념으로 맛있는 곳 왔는데 오길 넘 잘했어요 고기가 살살 녹아요... 너무 맛있다 😍,들어가자마자 제가 대기 없이 들어간 처음이자 마지막 손님이라고 하시면서 엄청 잘 챙겨주셨어요 EXCLAM 100일 기념으로 맛있는 곳 왔는데 오길 넘 잘했어요 고기가 살살 녹아요 너무 맛있다 EMO_POS,1,0,0,0,1,0,1,105,대기
naver,보끔당 성수점,penguin8869,16.0,2026.03.24,2번째 방문,영수증,직원분들도 친절하시고 너무 맛있어요 😊😊,22,True,,,,직원분들도 친절하시고 너무 맛있어요 😊😊,직원분들도 친절하시고 너무 맛있어요 EMO_POS EMO_POS,1,0,0,0,0,0,0,22,"친절, 직원"
naver,소문난성수감자탕,킁카킁카로로,121.0,2026.03.08,1번째 방문,영수증,"소오오오문난 감자탕이래서 줄도 길고 기대하고 먹었는데 맛은 적당히 좋고, 고기는 확실히 푸짐하긴 했어요! 근데 매장 바쁘게 굴러간다고.. 직원분이 너무 날카롭고 퉁명스럽게 소리 지르면서 안내해주셔서 분위기는 좀 별로였어요;; 재방문 의사는 잘 모르겠습니다..",144,False,,,,"소오오오문난 감자탕이래서 줄도 길고 기대하고 먹었는데 맛은 적당히 좋고, 고기는 확실히 푸짐하긴 했어요! 근데 매장 바쁘게 굴러간다고.. 직원분이 너무 날카롭고 퉁명스럽게 소리 지르면서 안내해주셔서 분위기는 좀 별로였어요;; 재방문 의사는 잘 모르겠습니다..",소오오문난 감자탕이래서 줄도 길고 기대하고 먹었는데 맛은 적당히 좋고 고기는 확실히 푸짐하긴 했어요 EXCLAM 근데 매장 바쁘게 굴러간다고 직원분이 너무 날카롭고 퉁명스럽게 소리 지르면서 안내해주셔서 분위기는 좀 별로였어요 재방문 의사는 잘 모르겠습니다,0,0,0,0,1,0,0,144,"직원, 안내"
naver,각시보쌈,woo****,852.0,2025.11.21,1번째 방문,영수증,합정에서 각시보쌈 모르면 간첩인데 인생 보쌈이라고 해서 경기도 주민도 이 음식 먹으러 한시간 반을 달려오십니다🙏 그정도로 맛있다는 증거겠죠? 웨이팅 시 총인원이 전부 다 와야 들어갈수있고 오후5시반 되면 무조건 가게 꽉차요 ㅎㅎ 참고하세요~ 고기는 야들야들 정말 촉촉합니다🙏 직원분들께서 좀만 더 친절하게 응대해주셨으면 좋겠습니다!,185,True,,,,합정에서 각시보쌈 모르면 간첩인데 인생 보쌈이라고 해서 경기도 주민도 이 음식 먹으러 한시간 반을 달려오십니다🙏 그정도로 맛있다는 증거겠죠? 웨이팅 시 총인원이 전부 다 와야 들어갈수있고 오후5시반 되면 무조건 가게 꽉차요 ㅎㅎ 참고하세요~ 고기는 야들야들 정말 촉촉합니다🙏 직원분들께서 좀만 더 친절하게 응대해주셨으면 좋겠습니다!,합정에서 각시보쌈 모르면 간첩인데 인생 보쌈이라고 해서 경기도 주민도 이 음식 먹으러 한시간 반을 달려오십니다 그정도로 맛있다는 증거겠죠 QUESTION 웨이팅 시 총인원이 전부 다 와야 들어갈수있고 오후5시반 되면 무조건 가게 꽉차요 참고하세요 고기는 야들야들 정말 촉촉합니다 직원분들께서 좀만 더 친절하게 응대해주셨으면 좋겠습니다 EXCLAM,0,0,0,0,1,1,1,185,"친절, 응대, 직원, 웨이팅"
naver,락희옥 마포본점,HAY BAE,23.0,2025.12.22,1번째 방문,영수증,연말 모임하려고 예약해서 방문했어요! 보쌈이 부드러우면서 지방까지 탱글해서 감동했어요ㅠㅠ 직원분들이 모두 친절하시고 요리가 하나같이 너무 맛있어서 모임하기 정말 좋아요 추천~ 또올게용,102,True,,,,연말 모임하려고 예약해서 방문했어요! 보쌈이 부드러우면서 지방까지 탱글해서 감동했어요ㅠㅠ 직원분들이 모두 친절하시고 요리가 하나같이 너무 맛있어서 모임하기 정말 좋아요 추천~ 또올게용,연말 모임하려고 예약해서 방문했어요 EXCLAM 보쌈이 부드러우면서 지방까지 탱글해서 감동했어요 직원분들이 모두 친절하시고 요리가 하나같이 너무 맛있어서 모임하기 정말 좋아요 추천 또올게용,0,0,0,1,1,0,0,102,"친절, 직원, 예약"
naver,능동미나리 성수지점,라떼로드,3135.0,2026.02.10,2번째 방문,영수증,성수 늦게까지하는 밥집 찾으시면 여기 무조건 추천해요 회전률도 빠르고 능동미나리곰탕 최고 맛나요! 든든하게 맛나게 잘먹었어요,69,True,,,,성수 늦게까지하는 밥집 찾으시면 여기 무조건 추천해요 회전률도 빠르고 능동미나리곰탕 최고 맛나요! 든든하게 맛나게 잘먹었어요,성수 늦게까지하는 밥집 찾으시면 여기 무조건 추천해요 회전률도 빠르고 능동미나리곰탕 최고 맛나요 EXCLAM 든든하게 맛나게 잘먹었어요,0,0,0,0,1,0,0,69,늦게
naver,홍대 육지,Diohi,14.0,2026.04.22,2번째 방문,영수증,지난번 먹고 벌써 두번째 방문한 곳 ㅎㅎ 오늘은 동료분들이랑 회식하러 다시 방문했어요. 여기 오시면 꼭 계란찜 드셔보세요. 밥처럼 먹느라 두번이나 시켜먹었네요 :) (먹느라 집중해서 못찍었지만) 직원분들이 고기도 구워주시고 너무 친절하셔요. 고기 굽기도 완전 딱🤍 잘되는 식당은 다 이유가 있는 듯 합니다 ㅎㅎ,173,True,,,,지난번 먹고 벌써 두번째 방문한 곳 ㅎㅎ 오늘은 동료분들이랑 회식하러 다시 방문했어요. 여기 오시면 꼭 계란찜 드셔보세요. 밥처럼 먹느라 두번이나 시켜먹었네요 :) (먹느라 집중해서 못찍었지만) 직원분들이 고기도 구워주시고 너무 친절하셔요. 고기 굽기도 완전 딱🤍 잘되는 식당은 다 이유가 있는 듯 합니다 ㅎㅎ,지난번 먹고 벌써 두번째 방문한 곳 오늘은 동료분들이랑 회식하러 다시 방문했어요 여기 오시면 꼭 계란찜 드셔보세요 밥처럼 먹느라 두번이나 시켜먹었네요 먹느라 집중해서 못찍었지만 직원분들이 고기도 구워주시고 너무 친절하셔요 고기 굽기도 완전 딱 EMO_POS 잘되는 식당은 다 이유가 있는 듯 합니다,1,0,0,0,0,0,0,173,"친절, 직원, 구워주"
kakao,능동미나리 성수점,하하호호,36.0,2025-05-30,,,먹어보기 전까지는 광고때문에 유명해진 식당이라고 생각했다. 하지만 먹어보니까 맛 때문에 유명해진게 맞구나를 느꼈다 주말 점심에 가서 30분 정도 기다렸다 일본 방송을 탄건지 대기줄에 일본분들이 진짜 많았다. 다행히 회전율이 좋아서 줄은 금방금방 빠졌다 여자친구랑 둘이 가서 능동육회비빔밥과 능동미나리곰탕을 주문했다 미나리를 전문적으로 하는 식당 답게 미나리무침을 식전에 제공했다 평소에 미나리를 좋아하는 우리는 미나리무침으로 입맛을 돋구어줬다. 미나리가 쓰지도 않고 맛있었다 드디어 본 음식이 나왔다 우선 미나리곰탕은 미나리가 송송 썰어져서 곰탕국물과 어우러졌는데 진짜 너무 맛이 조화로웠다 미나리향기 느끼면서 국밥을 퍼먹으니까 진짜 끝내줬다 누가 이런 메뉴를 생각한거지? 미나리가 이렇게 곰탕이랑 잘 어울리다니 그다음 육회비빔밥 미나리와 어우러진 육회비빔밥 이것도 역시 너무 양념과 잘 어우러져서 맛있게 먹었다 그리고 같이 제공된 석박지도 진짜 알맞게 익어서 아삭아삭 너무 맛이 좋았다 이정도면 우리나라를 방문하는 일본분들에게 부끄럽지 않은 한식을 보여줄 수 있겠구나 생각했다 미나리를 평소에 좋아하던 우리는 진짜 원없이 미나리를 먹고 미나리가 이렇게 곰탕과 육회비빔밥에 어울릴 수 있구나는 것을 다시 한번 느꼈다 #능동미나리곰탕 #능동미나리곰탕성수 #서울미나리맛집 #능동육회비빔밥 #서울곰탕맛집 #서울육회비빔밥맛집,681,True,4.0,4.6,실버 레벨,먹어보기 전까지는 광고때문에 유명해진 식당이라고 생각했다. 하지만 먹어보니까 맛 때문에 유명해진게 맞구나를 느꼈다 주말 점심에 가서 30분 정도 기다렸다 일본 방송을 탄건지 대기줄에 일본분들이 진짜 많았다. 다행히 회전율이 좋아서 줄은 금방금방 빠졌다 여자친구랑 둘이 가서 능동육회비빔밥과 능동미나리곰탕을 주문했다 미나리를 전문적으로 하는 식당 답게 미나리무침을 식전에 제공했다 평소에 미나리를 좋아하는 우리는 미나리무침으로 입맛을 돋구어줬다. 미나리가 쓰지도 않고 맛있었다 드디어 본 음식이 나왔다 우선 미나리곰탕은 미나리가 송송 썰어져서 곰탕국물과 어우러졌는데 진짜 너무 맛이 조화로웠다 미나리향기 느끼면서 국밥을 퍼먹으니까 진짜 끝내줬다 누가 이런 메뉴를 생각한거지? 미나리가 이렇게 곰탕이랑 잘 어울리다니 그다음 육회비빔밥 미나리와 어우러진 육회비빔밥 이것도 역시 너무 양념과 잘 어우러져서 맛있게 먹었다 그리고 같이 제공된 석박지도 진짜 알맞게 익어서 아삭아삭 너무 맛이 좋았다 이정도면 우리나라를 방문하는 일본분들에게 부끄럽지 않은 한식을 보여줄 수 있겠구나 생각했다 미나리를 평소에 좋아하던 우리는 진짜 원없이 미나리를 먹고 미나리가 이렇게 곰탕과 육회비빔밥에 어울릴 수 있구나는 것을 다시 한번 느꼈다 #능동미나리곰탕 #능동미나리곰탕성수 #서울미나리맛집 #능동육회비빔밥 #서울곰탕맛집 #서울육회비빔밥맛집,먹어보기 전까지는 광고때문에 유명해진 식당이라고 생각했다 하지만 먹어보니까 맛 때문에 유명해진게 맞구나를 느꼈다 주말 점심에 가서 30분 정도 기다렸다 일본 방송을 탄건지 대기줄에 일본분들이 진짜 많았다 다행히 회전율이 좋아서 줄은 금방금방 빠졌다 여자친구랑 둘이 가서 능동육회비빔밥과 능동미나리곰탕을 주문했다 미나리를 전문적으로 하는 식당 답게 미나리무침을 식전에 제공했다 평소에 미나리를 좋아하는 우리는 미나리무침으로 입맛을 돋구어줬다 미나리가 쓰지도 않고 맛있었다 드디어 본 음식이 나왔다 우선 미나리곰탕은 미나리가 송송 썰어져서 곰탕국물과 어우러졌는데 진짜 너무 맛이 조화로웠다 미나리향기 느끼면서 국밥을 퍼먹으니까 진짜 끝내줬다 누가 이런 메뉴를 생각한거지 QUESTION 미나리가 이렇게 곰탕이랑 잘 어울리다니 그다음 육회비빔밥 미나리와 어우러진 육회비빔밥 이것도 역시 너무 양념과 잘 어우러져서 맛있게 먹었다 그리고 같이 제공된 석박지도 진짜 알맞게 익어서 아삭아삭 너무 맛이 좋았다 이정도면 우리나라를 방문하는 일본분들에게 부끄럽지 않은 한식을 보여줄 수 있겠구나 생각했다 미나리를 평소에 좋아하던 우리는 진짜 원없이 미나리를 먹고 미나리가 이렇게 곰탕과 육회비빔밥에 어울릴 수 있구나는 것을 다시 한번 느꼈다 능동미나리곰탕 능동미나리곰탕성수 서울미나리맛집 능동육회비빔밥 서울곰탕맛집 서울육회비빔밥맛집,0,0,0,0,0,1,1,681,"주문, 대기"
naver,이태리국시 성수,bbbxn,15.0,2026.05.09,1번째 방문,영수증,남자친구랑 예약없이 방문했는데 웨이팅 안 하고 바로 입장했어요~ 숯불대창파스타 불맛 나면서 엄청 맛있고 알배추도 진짜 맛있어요! 분위기도 좋고 친절하셔서 데이트하러 오시기 좋을 것 같아요~!,106,True,,,,남자친구랑 예약없이 방문했는데 웨이팅 안 하고 바로 입장했어요~ 숯불대창파스타 불맛 나면서 엄청 맛있고 알배추도 진짜 맛있어요! 분위기도 좋고 친절하셔서 데이트하러 오시기 좋을 것 같아요~!,남자친구랑 예약없이 방문했는데 웨이팅 안 하고 바로 입장했어요 숯불대창파스타 불맛 나면서 엄청 맛있고 알배추도 진짜 맛있어요 EXCLAM 분위기도 좋고 친절하셔서 데이트하러 오시기 좋을 것 같아요 EXCLAM,0,0,0,0,1,0,0,106,"친절, 웨이팅, 예약"
naver,각시보쌈,정이가는9,1532.0,2025.11.17,5번째 방문,영수증,설명이 따로 필요없는집 웨이팅 심함,19,True,,,,설명이 따로 필요없는집 웨이팅 심함,설명이 따로 필요없는집 웨이팅 심함,0,0,0,0,0,0,0,19,"설명, 웨이팅"
naver,홍대 육지,마라윤댕,33.0,2026.03.23,1번째 방문,영수증,매장이 엄청 힙해서 고깃집같지 않고 직원분들이 엄청 친절하세요!! 불판에 그려진 돼지모양이 귀엽고 퀄리티도 좋은데다가 구워주셔서 편히 먹을 수 있아요 굿굿,86,True,,,,매장이 엄청 힙해서 고깃집같지 않고 직원분들이 엄청 친절하세요!! 불판에 그려진 돼지모양이 귀엽고 퀄리티도 좋은데다가 구워주셔서 편히 먹을 수 있아요 굿굿,매장이 엄청 힙해서 고깃집같지 않고 직원분들이 엄청 친절하세요 EXCLAM 불판에 그려진 돼지모양이 귀엽고 퀄리티도 좋은데다가 구워주셔서 편히 먹을 수 있아요 굿굿,0,0,0,0,1,0,0,86,"친절, 직원, 구워주"
naver,능동미나리 성수지점,방랑객0227,29.0,2026.04.30,1번째 방문,영수증,지인이 맛있다고 추천해준 곳 웨이팅이 길줄 알았는데 생각보다 빨리 빠져서 좋았고요 웨이팅할만한 곳이다 싶게 맛있게 먹은곳 미나리거부감 없음 모두 만족할듯 해요 미나리가 조금더 연했음하는 바람😋,107,True,,,,지인이 맛있다고 추천해준 곳 웨이팅이 길줄 알았는데 생각보다 빨리 빠져서 좋았고요 웨이팅할만한 곳이다 싶게 맛있게 먹은곳 미나리거부감 없음 모두 만족할듯 해요 미나리가 조금더 연했음하는 바람😋,지인이 맛있다고 추천해준 곳 웨이팅이 길줄 알았는데 생각보다 빨리 빠져서 좋았고요 웨이팅할만한 곳이다 싶게 맛있게 먹은곳 미나리거부감 없음 모두 만족할듯 해요 미나리가 조금더 연했음하는 바람 EMO_POS,1,0,0,0,0,0,0,107,"웨이팅, 빨리"
kakao,육산장 홍대본점,수인,1.0,2025-05-21,,,친구랑 같이 방문했는데 주변에 비해서 가성비가 좋고 넘 맛있어요!! 특히 항정살이 느끼하지 않아서 좋았어요🥹 소스도 다양하게 주셔서 취향따라 골라 먹는 점과 콩나물이 아주 맛있었습니다☺️ 야외 좌석이 분위기가 캠핑온 것 같은 인테리어여서 독특했습니다!! 전체적인 서비스나 직원분들 응대도 흠없이 좋았습니다:) 나중에 또 방문할 것 같은 곳이에요!!,194,True,5.0,5.0,브론즈 레벨,친구랑 같이 방문했는데 주변에 비해서 가성비가 좋고 넘 맛있어요!! 특히 항정살이 느끼하지 않아서 좋았어요🥹 소스도 다양하게 주셔서 취향따라 골라 먹는 점과 콩나물이 아주 맛있었습니다☺️ 야외 좌석이 분위기가 캠핑온 것 같은 인테리어여서 독특했습니다!! 전체적인 서비스나 직원분들 응대도 흠없이 좋았습니다:) 나중에 또 방문할 것 같은 곳이에요!!,친구랑 같이 방문했는데 주변에 비해서 가성비가 좋고 넘 맛있어요 EXCLAM 특히 항정살이 느끼하지 않아서 좋았어요 소스도 다양하게 주셔서 취향따라 골라 먹는 점과 콩나물이 아주 맛있었습니다 야외 좌석이 분위기가 캠핑온 것 같은 인테리어여서 독특했습니다 EXCLAM 전체적인 서비스나 직원분들 응대도 흠없이 좋았습니다 나중에 또 방문할 것 같은 곳이에요 EXCLAM,0,0,0,0,1,0,0,194,"서비스, 응대, 직원"
naver,육산장 홍대본점,예지808,11.0,2026.04.24,1번째 방문,영수증,대기 별로 안하고 들어왔어요!! 매장 실내 분위기 엄청 좋고 음식도 빨리나오고 고기 질도 좋습니다♥️♥️♥️하이볼도 맛있습니당,70,True,,,,대기 별로 안하고 들어왔어요!! 매장 실내 분위기 엄청 좋고 음식도 빨리나오고 고기 질도 좋습니다♥️♥️♥️하이볼도 맛있습니당,대기 별로 안하고 들어왔어요 EXCLAM 매장 실내 분위기 엄청 좋고 음식도 빨리나오고 고기 질도 좋습니다 EMO_POS EMO_POS EMO_POS 하이볼도 맛있습니당,1,0,0,0,1,0,0,70,"대기, 빨리"
kakao,육지,윤다송,1.0,2025-09-22,,,친구 생일 겸 오랜만에 고기 먹으러 왔는데 분위기가 좋고 직접 구워주셔서 좋아용!,45,True,5.0,5.0,브론즈 레벨,친구 생일 겸 오랜만에 고기 먹으러 왔는데 분위기가 좋고 직접 구워주셔서 좋아용!,친구 생일 겸 오랜만에 고기 먹으러 왔는데 분위기가 좋고 직접 구워주셔서 좋아용 EXCLAM,0,0,0,0,1,0,0,45,구워주
naver,옥동식,기분좋으면리뷰쓰는가오리,27.0,2026.02.26,1번째 방문,영수증,"옥동식 벌써 7번은 간 것 같아요🤍 저 은근 단골이에요. 사실 흑백요리사 나오기 전부터 조용히 다녔거든요🥹 그때는 웨이팅이 지금만큼은 아니어서, 생각나면 한 그릇 하러 가는 느낌이었는데… 이제는 마음 먹고 날 잡아야 갈 수 있는 집이 되어버렸네요⏳ 처음 먹었을 때 그 맑은 국물의 충격을 아직도 기억해요. 돼지국밥인데 이렇게까지 투명하고, 이렇게까지 깊을 수 있나 싶었던 순간…✨ 자극적이지 않은데도 계속 생각나는 맛. 얇게 썬 고기랑 밥이랑 국물 한 숟갈 같이 떠먹으면, 아 이 집은 진짜다 싶어요🥣🤍 솔직히 방송 타고 더 유명해진 건 너무 당연한 일인데, 괜히 혼자 아쉬운 마음도 들어요😭 그래도 여전히 한 그릇 먹고 나오면 “아, 잘 왔다”는 생각이 들어요. 웨이팅의 기억보다 국물의 여운이 더 오래 남네요:)",400,True,,,,"옥동식 벌써 7번은 간 것 같아요🤍 저 은근 단골이에요. 사실 흑백요리사 나오기 전부터 조용히 다녔거든요🥹 그때는 웨이팅이 지금만큼은 아니어서, 생각나면 한 그릇 하러 가는 느낌이었는데… 이제는 마음 먹고 날 잡아야 갈 수 있는 집이 되어버렸네요⏳ 처음 먹었을 때 그 맑은 국물의 충격을 아직도 기억해요. 돼지국밥인데 이렇게까지 투명하고, 이렇게까지 깊을 수 있나 싶었던 순간…✨ 자극적이지 않은데도 계속 생각나는 맛. 얇게 썬 고기랑 밥이랑 국물 한 숟갈 같이 떠먹으면, 아 이 집은 진짜다 싶어요🥣🤍 솔직히 방송 타고 더 유명해진 건 너무 당연한 일인데, 괜히 혼자 아쉬운 마음도 들어요😭 그래도 여전히 한 그릇 먹고 나오면 “아, 잘 왔다”는 생각이 들어요. 웨이팅의 기억보다 국물의 여운이 더 오래 남네요:)",옥동식 벌써 7번은 간 것 같아요 EMO_POS 저 은근 단골이에요 사실 흑백요리사 나오기 전부터 조용히 다녔거든요 그때는 웨이팅이 지금만큼은 아니어서 생각나면 한 그릇 하러 가는 느낌이었는데 이제는 마음 먹고 날 잡아야 갈 수 있는 집이 되어버렸네요 처음 먹었을 때 그 맑은 국물의 충격을 아직도 기억해요 돼지국밥인데 이렇게까지 투명하고 이렇게까지 깊을 수 있나 싶었던 순간 EMO_POS 자극적이지 않은데도 계속 생각나는 맛 얇게 썬 고기랑 밥이랑 국물 한 숟갈 같이 떠먹으면 아 이 집은 진짜다 싶어요 EMO_POS 솔직히 방송 타고 더 유명해진 건 너무 당연한 일인데 괜히 혼자 아쉬운 마음도 들어요 EMO_NEG 그래도 여전히 한 그릇 먹고 나오면 아 잘 왔다 는 생각이 들어요 웨이팅의 기억보다 국물의 여운이 더 오래 남네요,1,1,0,0,0,0,1,400,웨이팅
kakao,소문난성수감자탕,냥냠이,11.0,2025-03-23,,,밍숭맹숭하고 수돗물 맛 나는 것 같은 국물.. 그다지 부드럽지도 않은 고기 찍어먹는 양념도 어울리지 않고 어딘가 부족한 맛 최근에 간 맛집..? 중 의문 그 자체 좋은 평점이 있다는 게 믿기지 않을 정도. 사장님 유무에 따라 맛의 편차가 크다면 그것 또한 문제,145,True,1.0,4.1,실버 레벨,밍숭맹숭하고 수돗물 맛 나는 것 같은 국물.. 그다지 부드럽지도 않은 고기 찍어먹는 양념도 어울리지 않고 어딘가 부족한 맛 최근에 간 맛집..? 중 의문 그 자체 좋은 평점이 있다는 게 믿기지 않을 정도. 사장님 유무에 따라 맛의 편차가 크다면 그것 또한 문제,밍숭맹숭하고 수돗물 맛 나는 것 같은 국물 그다지 부드럽지도 않은 고기 찍어먹는 양념도 어울리지 않고 어딘가 부족한 맛 최근에 간 맛집 QUESTION 중 의문 그 자체 좋은 평점이 있다는 게 믿기지 않을 정도 사장님 유무에 따라 맛의 편차가 크다면 그것 또한 문제,0,0,0,0,0,1,0,145,사장님
kakao,이태리국시 성수,서준,1.0,2026-04-19,,,분위기도 좋고 직원분들도 친절하게 잘 설명해주시고 너무 좋은 거 같아요 다음에도 꼭 올 거 같아요 !,56,True,5.0,5.0,브론즈 레벨,분위기도 좋고 직원분들도 친절하게 잘 설명해주시고 너무 좋은 거 같아요 다음에도 꼭 올 거 같아요 !,분위기도 좋고 직원분들도 친절하게 잘 설명해주시고 너무 좋은 거 같아요 다음에도 꼭 올 거 같아요 EXCLAM,0,0,0,0,1,0,0,56,"친절, 직원, 설명"
naver,장인닭갈비 홍대점,tha****,19.0,2026.02.13,2번째 방문,영수증,여러번 와도 질리지 않는 곳! 아이와 여행 중에 한국가면 꼭 가고 싶은 곳으로 여길 찍어줘서 또 오게 됐다! 서비스는 물론이고 맛도 최고~ 매콤함과 쫄깃함을 동시에 느낄 수 있는 최고의 닭갈비다 ㅎ,110,True,,,,여러번 와도 질리지 않는 곳! 아이와 여행 중에 한국가면 꼭 가고 싶은 곳으로 여길 찍어줘서 또 오게 됐다! 서비스는 물론이고 맛도 최고~ 매콤함과 쫄깃함을 동시에 느낄 수 있는 최고의 닭갈비다 ㅎ,여러번 와도 질리지 않는 곳 EXCLAM 아이와 여행 중에 한국가면 꼭 가고 싶은 곳으로 여길 찍어줘서 또 오게 됐다 EXCLAM 서비스는 물론이고 맛도 최고 매콤함과 쫄깃함을 동시에 느낄 수 있는 최고의 닭갈비다,0,0,0,0,1,0,0,110,서비스
naver,원조 조박집 본관,희돌이네,3591.0,2025.04.11,1번째 방문,영수증,"여기 돼지갈비(1인 ₩19,000) 맛있네요~~ 친절하시기도 하고 불판도 잘 갈아주시구요~~ 가끔씩은 와야겠네요~^^",65,True,,,,"여기 돼지갈비(1인 ₩19,000) 맛있네요~~ 친절하시기도 하고 불판도 잘 갈아주시구요~~ 가끔씩은 와야겠네요~^^",여기 돼지갈비 1인 19 000 맛있네요 TILDE 친절하시기도 하고 불판도 잘 갈아주시구요 TILDE 가끔씩은 와야겠네요,0,0,0,0,0,0,1,65,친절
kakao,홍대 조선시대,김예인,1.0,2025-12-26,,,"카카오맵 리뷰 보고서 찾았던 곳인데, 직원 분들도 친절하고 시킨 음식 맛도 좋았어서 또 방문하고 싶은 곳이에요! 가격이 처음에는 좀 있어서 걱정됐는데 가격대비 양 많고 걱정이 무색하게 생각보다 더 좋았던 것 같습니다☺️💕",123,True,5.0,5.0,브론즈 레벨,"카카오맵 리뷰 보고서 찾았던 곳인데, 직원 분들도 친절하고 시킨 음식 맛도 좋았어서 또 방문하고 싶은 곳이에요! 가격이 처음에는 좀 있어서 걱정됐는데 가격대비 양 많고 걱정이 무색하게 생각보다 더 좋았던 것 같습니다☺️💕",카카오맵 리뷰 보고서 찾았던 곳인데 직원 분들도 친절하고 시킨 음식 맛도 좋았어서 또 방문하고 싶은 곳이에요 EXCLAM 가격이 처음에는 좀 있어서 걱정됐는데 가격대비 양 많고 걱정이 무색하게 생각보다 더 좋았던 것 같습니다 EMO_POS,1,0,0,0,1,0,0,123,"친절, 직원"
naver,옥동식,kkim 간다,2351.0,2025.04.25,1번째 방문,영수증,"❇︎ 보통돼지국밥 11,000원 국밥으로만 웨이팅이 있다길래 궁금해서 방문했어요 깔끔한 맛이 좋네요 : ) 국밥을 엄청 좋아하지 않아서 엄청엄청 맛있지는 않지만.. 깔끔한 한끼는 되는 것 같아요~ 고기가 많이 들어있고, 함께 준 고추지(?) 랑 같이 먹으니 맛있어요. 김치도 맛있어요~!~! 평일 오픈런보다 30분 늦었는데 캐치테이블 해서 그나마 현장도착 15분 안에 들어간 것 같아요~",216,True,,,,"❇︎ 보통돼지국밥 11,000원 국밥으로만 웨이팅이 있다길래 궁금해서 방문했어요 깔끔한 맛이 좋네요 : ) 국밥을 엄청 좋아하지 않아서 엄청엄청 맛있지는 않지만.. 깔끔한 한끼는 되는 것 같아요~ 고기가 많이 들어있고, 함께 준 고추지(?) 랑 같이 먹으니 맛있어요. 김치도 맛있어요~!~! 평일 오픈런보다 30분 늦었는데 캐치테이블 해서 그나마 현장도착 15분 안에 들어간 것 같아요~",보통돼지국밥 11 000원 국밥으로만 웨이팅이 있다길래 궁금해서 방문했어요 깔끔한 맛이 좋네요 국밥을 엄청 좋아하지 않아서 엄청엄청 맛있지는 않지만 깔끔한 한끼는 되는 것 같아요 고기가 많이 들어있고 함께 준 고추지 QUESTION 랑 같이 먹으니 맛있어요 김치도 맛있어요 EXCLAM EXCLAM 평일 오픈런보다 30분 늦었는데 캐치테이블 해서 그나마 현장도착 15분 안에 들어간 것 같아요,0,0,0,0,1,1,1,216,웨이팅
naver,뼈탄집 성수역점,eun****,46.0,2026.01.28,1번째 방문,영수증,고기가 엄청 두껍고 신선해보여요! 점심시간에 방문했는데 거의 예약차있고 한자리 겨우 앉았습니다👍 반찬 깔끔하고 넘 좋아요,67,True,,,,고기가 엄청 두껍고 신선해보여요! 점심시간에 방문했는데 거의 예약차있고 한자리 겨우 앉았습니다👍 반찬 깔끔하고 넘 좋아요,고기가 엄청 두껍고 신선해보여요 EXCLAM 점심시간에 방문했는데 거의 예약차있고 한자리 겨우 앉았습니다 EMO_POS 반찬 깔끔하고 넘 좋아요,1,0,0,0,1,0,0,67,예약
kakao,능동미나리 성수점,송먹깹,74.0,2025-08-16,,,무난하게 맛있으나 웨이팅할정도는 X,19,True,4.0,3.9,실버 레벨,무난하게 맛있으나 웨이팅할정도는 X,무난하게 맛있으나 웨이팅할정도는 X,0,0,0,0,0,0,0,19,웨이팅
naver,일등식당,백수인,1607.0,2025.05.25,2번째 방문,영수증,"해장으로 뭘 먹을까 고민했습니다. 여의도 원해장국 무교동 북어국집 둘 중에 하나 가려다가 급 선회해서 4일 만에 다시 일등 식당 방문해 봅니다. 맛없다고 후기 남기는 분 계시던데 아마 그분들은 성수 감자탕이나 한남동 감자탕 좋아하실 거예요 용산 일미 감자탕(본점 추천) 좋아하시는 분이라면 그 대체제로 망원동 일등 식당 또한 좋아하실 듯 일요일 아침 오픈 시간 8시 30분에 도착했는데 제 앞에 20명 정도 있었어요 집에 가려다가 그냥 40분 기다려서 특 사이즈로 주문. ""맛있습니다"" 당분간 사람들 붐빌 걸로 예상되니 시간 좀 지나면 방문해 보세요",307,True,,,,"해장으로 뭘 먹을까 고민했습니다. 여의도 원해장국 무교동 북어국집 둘 중에 하나 가려다가 급 선회해서 4일 만에 다시 일등 식당 방문해 봅니다. 맛없다고 후기 남기는 분 계시던데 아마 그분들은 성수 감자탕이나 한남동 감자탕 좋아하실 거예요 용산 일미 감자탕(본점 추천) 좋아하시는 분이라면 그 대체제로 망원동 일등 식당 또한 좋아하실 듯 일요일 아침 오픈 시간 8시 30분에 도착했는데 제 앞에 20명 정도 있었어요 집에 가려다가 그냥 40분 기다려서 특 사이즈로 주문. ""맛있습니다"" 당분간 사람들 붐빌 걸로 예상되니 시간 좀 지나면 방문해 보세요",해장으로 뭘 먹을까 고민했습니다 여의도 원해장국 무교동 북어국집 둘 중에 하나 가려다가 급 선회해서 4일 만에 다시 일등 식당 방문해 봅니다 맛없다고 후기 남기는 분 계시던데 아마 그분들은 성수 감자탕이나 한남동 감자탕 좋아하실 거예요 용산 일미 감자탕 본점 추천 좋아하시는 분이라면 그 대체제로 망원동 일등 식당 또한 좋아하실 듯 일요일 아침 오픈 시간 8시 30분에 도착했는데 제 앞에 20명 정도 있었어요 집에 가려다가 그냥 40분 기다려서 특 사이즈로 주문 맛있습니다 당분간 사람들 붐빌 걸로 예상되니 시간 좀 지나면 방문해 보세요,0,0,0,0,0,0,1,307,주문
kakao,홍대 조선시대,김영아,1.0,2026-01-24,,,좋아요! 빨리입장해서 좋았어요 분위기는 우둡고 헌포 분위기도 있었음,37,True,5.0,5.0,브론즈 레벨,좋아요! 빨리입장해서 좋았어요 분위기는 우둡고 헌포 분위기도 있었음,좋아요 EXCLAM 빨리입장해서 좋았어요 분위기는 우둡고 헌포 분위기도 있었음,0,0,0,0,1,0,0,37,빨리
kakao,훼미리손칼국수보쌈,그러를그러세요,1.0,2026-02-25,,,"영점은 못주니까 일점 드립니다 제가 혼자 방문해서 받은 고기 상태입니다. 다른 분들의 리뷰 사진과 비교해 보면 아시겠지만 상태가 많이 다릅니다. 같은 시간대 혼자 밥 드시러 오신 다른 손님들 보쌈 정식에 나온 고기와도 달랐고, 제 것은 정갈하게 썰려 있지도 않은 자투리 부위 같아서 먹는 내내 기분이 좋지 않았습니다. 손님 가려서 주시는건가 생각이 드네요. 일부러 검색해서 찾아간 곳인데 실망이 큽니다. 고기는 퍽퍽하고, 칼국수는 싱겁고, 김치는 짭니다. 며칠 내내 먹을 생각에 신났었는데 다녀와보니 굳이 웨이팅을 하거나 멀리서 찾아와서 먹을 맛은 아닌 것 같습니다 !!",319,True,1.0,1.0,브론즈 레벨,"영점은 못주니까 일점 드립니다 제가 혼자 방문해서 받은 고기 상태입니다. 다른 분들의 리뷰 사진과 비교해 보면 아시겠지만 상태가 많이 다릅니다. 같은 시간대 혼자 밥 드시러 오신 다른 손님들 보쌈 정식에 나온 고기와도 달랐고, 제 것은 정갈하게 썰려 있지도 않은 자투리 부위 같아서 먹는 내내 기분이 좋지 않았습니다. 손님 가려서 주시는건가 생각이 드네요. 일부러 검색해서 찾아간 곳인데 실망이 큽니다. 고기는 퍽퍽하고, 칼국수는 싱겁고, 김치는 짭니다. 며칠 내내 먹을 생각에 신났었는데 다녀와보니 굳이 웨이팅을 하거나 멀리서 찾아와서 먹을 맛은 아닌 것 같습니다 !!",영점은 못주니까 일점 드립니다 제가 혼자 방문해서 받은 고기 상태입니다 다른 분들의 리뷰 사진과 비교해 보면 아시겠지만 상태가 많이 다릅니다 같은 시간대 혼자 밥 드시러 오신 다른 손님들 보쌈 정식에 나온 고기와도 달랐고 제 것은 정갈하게 썰려 있지도 않은 자투리 부위 같아서 먹는 내내 기분이 좋지 않았습니다 손님 가려서 주시는건가 생각이 드네요 일부러 검색해서 찾아간 곳인데 실망이 큽니다 고기는 퍽퍽하고 칼국수는 싱겁고 김치는 짭니다 며칠 내내 먹을 생각에 신났었는데 다녀와보니 굳이 웨이팅을 하거나 멀리서 찾아와서 먹을 맛은 아닌 것 같습니다 EXCLAM,0,0,0,0,1,0,0,319,웨이팅
kakao,뼈탄집 성수역점,hari,3.0,2026-04-13,,,너무 맛있고 구워주셔서 좋아요!! ㅎㅎ,21,True,5.0,5.0,브론즈 레벨,너무 맛있고 구워주셔서 좋아요!! ㅎㅎ,너무 맛있고 구워주셔서 좋아요 EXCLAM,0,0,0,0,1,0,0,21,구워주
naver,보끔당 성수점,ehd****,47.0,2026.03.26,1번째 방문,영수증,맛도 좋고 사장님들이 친절해요~👍🏻👍🏻,21,True,,,,맛도 좋고 사장님들이 친절해요~👍🏻👍🏻,맛도 좋고 사장님들이 친절해요 EMO_POS EMO_POS,1,0,0,0,0,0,0,21,"친절, 사장님"
kakao,육지,보니,6.0,2025-07-22,,,고기도 다 구워주시고 친절하십니다!! 고기도 맛있구 점심에도 영업해서 좋아욤,42,True,5.0,5.0,브론즈 레벨,고기도 다 구워주시고 친절하십니다!! 고기도 맛있구 점심에도 영업해서 좋아욤,고기도 다 구워주시고 친절하십니다 EXCLAM 고기도 맛있구 점심에도 영업해서 좋아욤,0,0,0,0,1,0,0,42,"친절, 구워주"
kakao,능동미나리 성수점,김현우,1.0,2026-03-30,,,첫방문이었는데 보기보다 매장이 넚고요 밥먹기 좋은 분위기였습니다 직원분들이 메뉴설명을 잘해주셔서 맛있게 먹었고요 직원분들이 친절해서 기분좋게 먹었습니다 비빔밥을 먹었는데 간장양념이더라고요 간장 비빔밥은 처음 먹어봤는데 제가 알던 비빔밥이 맞나싶을 정도로 맛있었습니다 육회도 굉장히 좋았습니다 웨이팅이 좀 많이 길긴하지만 기다려서 먹고가도 절대 후회없을 정도로 맛있었습니다!!,209,True,5.0,5.0,브론즈 레벨,첫방문이었는데 보기보다 매장이 넚고요 밥먹기 좋은 분위기였습니다 직원분들이 메뉴설명을 잘해주셔서 맛있게 먹었고요 직원분들이 친절해서 기분좋게 먹었습니다 비빔밥을 먹었는데 간장양념이더라고요 간장 비빔밥은 처음 먹어봤는데 제가 알던 비빔밥이 맞나싶을 정도로 맛있었습니다 육회도 굉장히 좋았습니다 웨이팅이 좀 많이 길긴하지만 기다려서 먹고가도 절대 후회없을 정도로 맛있었습니다!!,첫방문이었는데 보기보다 매장이 넚고요 밥먹기 좋은 분위기였습니다 직원분들이 메뉴설명을 잘해주셔서 맛있게 먹었고요 직원분들이 친절해서 기분좋게 먹었습니다 비빔밥을 먹었는데 간장양념이더라고요 간장 비빔밥은 처음 먹어봤는데 제가 알던 비빔밥이 맞나싶을 정도로 맛있었습니다 육회도 굉장히 좋았습니다 웨이팅이 좀 많이 길긴하지만 기다려서 먹고가도 절대 후회없을 정도로 맛있었습니다 EXCLAM,0,0,0,0,1,0,0,209,"친절, 직원, 설명, 웨이팅"
naver,이태리국시 성수,히60,45.0,2026.02.26,1번째 방문,영수증,친구 생일파티로 모였는뎅 분위기도 좋고 음식도 맛있어서 좋은 시간 보내다 가요~~😆 대창에서 비린맛 날까 걱정했었는데 비리지도 않고 매콤하니 맛있습니다! 매장 인테리어도 특이하고 직원분들도 너무 친절하세요!!,116,True,,,,친구 생일파티로 모였는뎅 분위기도 좋고 음식도 맛있어서 좋은 시간 보내다 가요~~😆 대창에서 비린맛 날까 걱정했었는데 비리지도 않고 매콤하니 맛있습니다! 매장 인테리어도 특이하고 직원분들도 너무 친절하세요!!,친구 생일파티로 모였는뎅 분위기도 좋고 음식도 맛있어서 좋은 시간 보내다 가요 TILDE EMO_POS 대창에서 비린맛 날까 걱정했었는데 비리지도 않고 매콤하니 맛있습니다 EXCLAM 매장 인테리어도 특이하고 직원분들도 너무 친절하세요 EXCLAM,1,0,0,0,1,0,0,116,"친절, 직원"
kakao,일등식당,넵넵,471.0,2025-12-14,,,깔끔한 맛이에요 무심한듯 하지만 은근히 세심히 친절하게 챙겨주세요,36,False,4.0,3.7,골드 레벨,깔끔한 맛이에요 무심한듯 하지만 은근히 세심히 친절하게 챙겨주세요,깔끔한 맛이에요 무심한듯 하지만 은근히 세심히 친절하게 챙겨주세요,0,0,0,0,0,0,0,36,친절
naver,할머니의 레시피,라온Amy,122.0,2026.04.19,1번째 방문,영수증,진짜 집밥이네요!! 이것저것 먹고 싶은 게 많았는데 사이드로 시킬 수 있는 것들이 다양해서 좋더라고요ㅋ 기본 식사로 가자미 한 상이랑 버섯 비빔밥을 시키고 떡갈비랑 명란을 사이드로 주문해서 맛있게 먹었어요!! 양도 적다하고 음식도 정갈하게 나와 눈도 입도 즐거운 식사였어요^^ 간이 자극적이지 않아 식사 후에도 속도 편하고 좋네요,184,True,,,,진짜 집밥이네요!! 이것저것 먹고 싶은 게 많았는데 사이드로 시킬 수 있는 것들이 다양해서 좋더라고요ㅋ 기본 식사로 가자미 한 상이랑 버섯 비빔밥을 시키고 떡갈비랑 명란을 사이드로 주문해서 맛있게 먹었어요!! 양도 적다하고 음식도 정갈하게 나와 눈도 입도 즐거운 식사였어요^^ 간이 자극적이지 않아 식사 후에도 속도 편하고 좋네요,진짜 집밥이네요 EXCLAM 이것저것 먹고 싶은 게 많았는데 사이드로 시킬 수 있는 것들이 다양해서 좋더라고요 기본 식사로 가자미 한 상이랑 버섯 비빔밥을 시키고 떡갈비랑 명란을 사이드로 주문해서 맛있게 먹었어요 EXCLAM 양도 적다하고 음식도 정갈하게 나와 눈도 입도 즐거운 식사였어요 간이 자극적이지 않아 식사 후에도 속도 편하고 좋네요,0,0,0,0,1,0,0,184,주문
kakao,원조조박집 본관,JINA,16.0,2026-03-03,,,예전이나 지금이나 변함없는 맛이네요. 밑반찬과 고기의 간이 잘 어우러져 질리지 않는 맛입니다. 달지 않아서 좋습니다. 직원 분들도 친절하셔서 편한 식사를 했습니다. 다만 가격이 사악.,102,False,4.0,3.9,실버 레벨,예전이나 지금이나 변함없는 맛이네요. 밑반찬과 고기의 간이 잘 어우러져 질리지 않는 맛입니다. 달지 않아서 좋습니다. 직원 분들도 친절하셔서 편한 식사를 했습니다. 다만 가격이 사악.,예전이나 지금이나 변함없는 맛이네요 밑반찬과 고기의 간이 잘 어우러져 질리지 않는 맛입니다 달지 않아서 좋습니다 직원 분들도 친절하셔서 편한 식사를 했습니다 다만 가격이 사악,0,0,0,0,0,0,0,102,"친절, 직원"
naver,금금 성수점,장진혁68,20.0,2026.03.24,1번째 방문,영수증,생각없이 들어왔다가 맛집을 찾아버렸어요.... 웨이팅 없이 들어와서 먹고 간다는 게 행운이였어요 맛있게 잘 먹었습니다~~,67,True,,,,생각없이 들어왔다가 맛집을 찾아버렸어요.... 웨이팅 없이 들어와서 먹고 간다는 게 행운이였어요 맛있게 잘 먹었습니다~~,생각없이 들어왔다가 맛집을 찾아버렸어요 웨이팅 없이 들어와서 먹고 간다는 게 행운이였어요 맛있게 잘 먹었습니다 TILDE,0,0,0,0,0,0,0,67,웨이팅
kakao,소문난성수감자탕,점미,60.0,2025-02-06,,,"평일엔 의외로 웨이팅 안 김 평상시엔 줄을 뭐같이 서있는 집이라 일부러 가서 먹어봤는데, 평범하다고 할 맛은 아님. 양이 많고, 고기 부드럽고, 막 자극적이지 않아서 충분히 맛있는 집. 그렇다고 평소 그 줄을 견디고 먹을 정도는 아닌 거 같음. 그리고 손님이 많아서 정신없는데도 살갑고 친절해서 좋았음",168,False,3.0,4.5,실버 레벨,"평일엔 의외로 웨이팅 안 김 평상시엔 줄을 뭐같이 서있는 집이라 일부러 가서 먹어봤는데, 평범하다고 할 맛은 아님. 양이 많고, 고기 부드럽고, 막 자극적이지 않아서 충분히 맛있는 집. 그렇다고 평소 그 줄을 견디고 먹을 정도는 아닌 거 같음. 그리고 손님이 많아서 정신없는데도 살갑고 친절해서 좋았음",평일엔 의외로 웨이팅 안 김 평상시엔 줄을 뭐같이 서있는 집이라 일부러 가서 먹어봤는데 평범하다고 할 맛은 아님 양이 많고 고기 부드럽고 막 자극적이지 않아서 충분히 맛있는 집 그렇다고 평소 그 줄을 견디고 먹을 정도는 아닌 거 같음 그리고 손님이 많아서 정신없는데도 살갑고 친절해서 좋았음,0,0,0,0,0,0,0,168,"친절, 웨이팅"
kakao,태양곱창 성수,핑크돌고래,1070.0,2025-10-25,,,드디어 가봤다! 전골이 유명한거 같지만 곱창볶음으로 먹어봄. 양도 진짜 많아서 다 못먹음.. 콘버터와 조합이 좋았음. 다음엔 전골로 도전해보고 싶음! 성수점 기준으로 17시에는 가야 대기 없이 먹을 수 있을듯!,117,False,5.0,4.0,퍼플 레벨,드디어 가봤다! 전골이 유명한거 같지만 곱창볶음으로 먹어봄. 양도 진짜 많아서 다 못먹음.. 콘버터와 조합이 좋았음. 다음엔 전골로 도전해보고 싶음! 성수점 기준으로 17시에는 가야 대기 없이 먹을 수 있을듯!,드디어 가봤다 EXCLAM 전골이 유명한거 같지만 곱창볶음으로 먹어봄 양도 진짜 많아서 다 못먹음 콘버터와 조합이 좋았음 다음엔 전골로 도전해보고 싶음 EXCLAM 성수점 기준으로 17시에는 가야 대기 없이 먹을 수 있을듯 EXCLAM,0,0,0,0,1,0,1,117,대기
kakao,쭌곱창,야호옹,1.0,2025-03-31,,,홍대에서 유명하다고 해서 방문 했어요 ⭐️ 불 맛도 많이 나고 다양한 양념이 있어서 너무 맛있게 먹었어요 🤤🤤🤤 사장님도 너무 친절하고 너무 좋았습니다 다음에도 또 방문할게요 ♥,99,True,5.0,5.0,브론즈 레벨,홍대에서 유명하다고 해서 방문 했어요 ⭐️ 불 맛도 많이 나고 다양한 양념이 있어서 너무 맛있게 먹었어요 🤤🤤🤤 사장님도 너무 친절하고 너무 좋았습니다 다음에도 또 방문할게요 ♥,홍대에서 유명하다고 해서 방문 했어요 불 맛도 많이 나고 다양한 양념이 있어서 너무 맛있게 먹었어요 사장님도 너무 친절하고 너무 좋았습니다 다음에도 또 방문할게요 EMO_POS,1,0,0,0,0,0,0,99,"친절, 사장님"
naver,일등식당,마포지키미1,880.0,2025.09.27,1번째 방문,영수증,동네에 오래 살았는데 처음 가 봤어요~ 성시경님이 와서 나름 주말에는 줄을 서서 먹더라구요~ 생각보다는 잡내나는거 싫어하시는분은 패스 하시고요~ 양 많고 술 좋아하시는분들 좋아할것 같아요~ 양이 어마어마~ 합니다 그러나 제 입맛에는 감자탕이 더 좋아요~ 거기 보다 대각선에 보이는 고ㅇ 감자탕집이 더 맛있습니다 사람마다 맛이 다 다르지만 전 그래요~ 거기에 파는 음식 대부분 다 괜찮아요~ 알바 아주머니 주문 실수하는 경우가 종종 있어서 주문만 잘 하면 돼요~~; 주문 다시 확인 하세요^^,274,True,,,,동네에 오래 살았는데 처음 가 봤어요~ 성시경님이 와서 나름 주말에는 줄을 서서 먹더라구요~ 생각보다는 잡내나는거 싫어하시는분은 패스 하시고요~ 양 많고 술 좋아하시는분들 좋아할것 같아요~ 양이 어마어마~ 합니다 그러나 제 입맛에는 감자탕이 더 좋아요~ 거기 보다 대각선에 보이는 고ㅇ 감자탕집이 더 맛있습니다 사람마다 맛이 다 다르지만 전 그래요~ 거기에 파는 음식 대부분 다 괜찮아요~ 알바 아주머니 주문 실수하는 경우가 종종 있어서 주문만 잘 하면 돼요~~; 주문 다시 확인 하세요^^,동네에 오래 살았는데 처음 가 봤어요 성시경님이 와서 나름 주말에는 줄을 서서 먹더라구요 생각보다는 잡내나는거 싫어하시는분은 패스 하시고요 양 많고 술 좋아하시는분들 좋아할것 같아요 양이 어마어마 합니다 그러나 제 입맛에는 감자탕이 더 좋아요 거기 보다 대각선에 보이는 고 감자탕집이 더 맛있습니다 사람마다 맛이 다 다르지만 전 그래요 거기에 파는 음식 대부분 다 괜찮아요 알바 아주머니 주문 실수하는 경우가 종종 있어서 주문만 잘 하면 돼요 TILDE 주문 다시 확인 하세요,0,0,0,0,0,0,0,274,"알바, 주문"
naver,훼미리손칼국수보쌈,bluekihun,1669.0,2026.04.13,6번째 방문,예약,웨이팅을 싫어해서 날씨가 따뜻한 현재는 점심은 항상 웨이팅이 걸려서 안가고 있었는데 최근 합류한 동료들은 가보지 못한 식당이라 들렸다. 20분 정도 웨이팅하고 자리에 앉았는데 행주 상태가 좋지 않아서 정리한 테이블에서 냄새가 났다. 🫢 음식은 잘 나와서 식사는 잘했지만 행주는 관리 좀 했으면 한다.,167,True,,,,웨이팅을 싫어해서 날씨가 따뜻한 현재는 점심은 항상 웨이팅이 걸려서 안가고 있었는데 최근 합류한 동료들은 가보지 못한 식당이라 들렸다. 20분 정도 웨이팅하고 자리에 앉았는데 행주 상태가 좋지 않아서 정리한 테이블에서 냄새가 났다. 🫢 음식은 잘 나와서 식사는 잘했지만 행주는 관리 좀 했으면 한다.,웨이팅을 싫어해서 날씨가 따뜻한 현재는 점심은 항상 웨이팅이 걸려서 안가고 있었는데 최근 합류한 동료들은 가보지 못한 식당이라 들렸다 20분 정도 웨이팅하고 자리에 앉았는데 행주 상태가 좋지 않아서 정리한 테이블에서 냄새가 났다 음식은 잘 나와서 식사는 잘했지만 행주는 관리 좀 했으면 한다,0,0,0,0,0,0,1,167,웨이팅
kakao,뼈탄집 성수역점,히동,2.0,2026-02-14,,,고기도 다 구워주시고 반찬들도 깔끔하니 맛있어요~,27,True,5.0,3.5,브론즈 레벨,고기도 다 구워주시고 반찬들도 깔끔하니 맛있어요~,고기도 다 구워주시고 반찬들도 깔끔하니 맛있어요,0,0,0,0,0,0,0,27,구워주
kakao,소문난성수감자탕,Fr,9.0,2026-02-19,,,밥먹는데 직원들끼리 큰소리내면서 싸우고 다 안먹었는데 치운뒤로는 이제 안갑니다,43,True,1.0,4.0,브론즈 레벨,밥먹는데 직원들끼리 큰소리내면서 싸우고 다 안먹었는데 치운뒤로는 이제 안갑니다,밥먹는데 직원들끼리 큰소리내면서 싸우고 다 안먹었는데 치운뒤로는 이제 안갑니다,0,0,0,0,0,0,0,43,직원
naver,성수족발,hgg****,12.0,2026.05.02,1번째 방문,예약,"주말 저녁에 갔는데 대기줄이 길어서 45,000원이나 주고 포장해 가지고 왔는데 맛은 그럭저럭 있습니다 근데 정말 최악이었네요 껍질은 질기고 살코기는 무슨 장조림처럼 다 찢어지고 부분부분 딱딱하게 말라 버렸으며 겉뜨린 반찬으로 준 무생채는 이 맛도 저맛도 아닌 가짓수만 채우려고 한 의도가 보이네요 같이 간 여자 친구가 그 전에 맛있게 먹었다 해서가 봤는데 제가 먹어본 족발 중에 정말 최악이었네요",222,False,,,,"주말 저녁에 갔는데 대기줄이 길어서 45,000원이나 주고 포장해 가지고 왔는데 맛은 그럭저럭 있습니다 근데 정말 최악이었네요 껍질은 질기고 살코기는 무슨 장조림처럼 다 찢어지고 부분부분 딱딱하게 말라 버렸으며 겉뜨린 반찬으로 준 무생채는 이 맛도 저맛도 아닌 가짓수만 채우려고 한 의도가 보이네요 같이 간 여자 친구가 그 전에 맛있게 먹었다 해서가 봤는데 제가 먹어본 족발 중에 정말 최악이었네요",주말 저녁에 갔는데 대기줄이 길어서 45 000원이나 주고 포장해 가지고 왔는데 맛은 그럭저럭 있습니다 근데 정말 최악이었네요 껍질은 질기고 살코기는 무슨 장조림처럼 다 찢어지고 부분부분 딱딱하게 말라 버렸으며 겉뜨린 반찬으로 준 무생채는 이 맛도 저맛도 아닌 가짓수만 채우려고 한 의도가 보이네요 같이 간 여자 친구가 그 전에 맛있게 먹었다 해서가 봤는데 제가 먹어본 족발 중에 정말 최악이었네요,0,0,0,0,0,0,1,222,대기
naver,능동미나리 성수지점,Really87,1135.0,2025.09.03,1번째 방문,영수증,2인기준 비빔밥하나 육전반접시 딱 맞았어요! 직원분 친절하고 반접시가 이인에 맞다고 솔직히 알려주셔서 감사했어요 ㅎㅎ 반찬도 맛잇고 국도 맛잇엇어요 미나리를 육회에 비벼먹다니!! 진짜 별미이고 강추입니다 또 생각나는 맛이에요^^ 댜기 길엇지만 그래도 순환이 빨랐어요 중국인 일본인 현지직장인 등 다양한 사람이 오더라구요 직원분들도 친절해요 까페사장님한테 소개받은 곳인데 ~ 재방문 추천입니당 ㅎㅎ,221,True,,,,2인기준 비빔밥하나 육전반접시 딱 맞았어요! 직원분 친절하고 반접시가 이인에 맞다고 솔직히 알려주셔서 감사했어요 ㅎㅎ 반찬도 맛잇고 국도 맛잇엇어요 미나리를 육회에 비벼먹다니!! 진짜 별미이고 강추입니다 또 생각나는 맛이에요^^ 댜기 길엇지만 그래도 순환이 빨랐어요 중국인 일본인 현지직장인 등 다양한 사람이 오더라구요 직원분들도 친절해요 까페사장님한테 소개받은 곳인데 ~ 재방문 추천입니당 ㅎㅎ,2인기준 비빔밥하나 육전반접시 딱 맞았어요 EXCLAM 직원분 친절하고 반접시가 이인에 맞다고 솔직히 알려주셔서 감사했어요 반찬도 맛잇고 국도 맛잇엇어요 미나리를 육회에 비벼먹다니 EXCLAM 진짜 별미이고 강추입니다 또 생각나는 맛이에요 댜기 길엇지만 그래도 순환이 빨랐어요 중국인 일본인 현지직장인 등 다양한 사람이 오더라구요 직원분들도 친절해요 까페사장님한테 소개받은 곳인데 재방문 추천입니당,0,0,0,0,1,0,1,221,"친절, 직원, 사장님"
naver,뼈탄집 성수역점,소유32,37.0,2026.04.15,1번째 방문,영수증,꽈리고추 킥이에여 진짜 너무맛있음 ㅠㅠ 알바분들도 친절해서 기분좋게 먹고왔어요,43,True,,,,꽈리고추 킥이에여 진짜 너무맛있음 ㅠㅠ 알바분들도 친절해서 기분좋게 먹고왔어요,꽈리고추 킥이에여 진짜 너무맛있음 알바분들도 친절해서 기분좋게 먹고왔어요,0,0,0,1,0,0,0,43,"친절, 알바"
naver,뼈탄집 성수역점,mimiiing,39.0,2026.04.05,1번째 방문,영수증,올때마다 만족스러운 뼈탄집 성수역점! 육즙 팡팡에 고기도 부드럽고 사이드 메뉴들도 다 맛있어요~ 친절한 서비스와 만족스러운 맛으로 모임할때 자주옵니다,83,True,,,,올때마다 만족스러운 뼈탄집 성수역점! 육즙 팡팡에 고기도 부드럽고 사이드 메뉴들도 다 맛있어요~ 친절한 서비스와 만족스러운 맛으로 모임할때 자주옵니다,올때마다 만족스러운 뼈탄집 성수역점 EXCLAM 육즙 팡팡에 고기도 부드럽고 사이드 메뉴들도 다 맛있어요 친절한 서비스와 만족스러운 맛으로 모임할때 자주옵니다,0,0,0,0,1,0,0,83,"서비스, 친절"
naver,각시보쌈,11월 신부되다,572.0,2025.08.22,2번째 방문,영수증,엄마랑 둘이 싹싹^^ 웨이팅없이 운좋게 냠냠,24,True,,,,엄마랑 둘이 싹싹^^ 웨이팅없이 운좋게 냠냠,엄마랑 둘이 싹싹 웨이팅없이 운좋게 냠냠,0,0,0,0,0,0,0,24,웨이팅
naver,황금콩밭,sds****,14.0,2026.03.16,1번째 방문,영수증,방송 나온곳은 거르라는말을 알게해주는곳.. 왜 웨이팅이 걸리는지 이해가 안된다.. 전부다 느끼해서 거의다 남기고 돌아왔다.. 세가지 시켜봤는데 이해가안된다.. 진짜맛집은 방송 안탄다는거.. 기대는 하지말고 가시길..,120,True,,,,방송 나온곳은 거르라는말을 알게해주는곳.. 왜 웨이팅이 걸리는지 이해가 안된다.. 전부다 느끼해서 거의다 남기고 돌아왔다.. 세가지 시켜봤는데 이해가안된다.. 진짜맛집은 방송 안탄다는거.. 기대는 하지말고 가시길..,방송 나온곳은 거르라는말을 알게해주는곳 왜 웨이팅이 걸리는지 이해가 안된다 전부다 느끼해서 거의다 남기고 돌아왔다 세가지 시켜봤는데 이해가안된다 진짜맛집은 방송 안탄다는거 기대는 하지말고 가시길,0,0,0,0,0,0,0,120,웨이팅
kakao,옥동식 서교점,하도,162.0,2025-01-18,,,"국물, 밥, 고기에 아주 특별함을 느낄 순 없었지만 전체적으로 깔끔함 고추지가 맛있음 단순 쌈장이 아니라 청양고추 맛이 팍팍 느껴지는... 근데 이게 이 국밥과 어울리나...? 석박지와 고추지가 있는데도 끝까지 못 먹은 이유는... 국밥을 면기에 주셔서 그런거같아요... 음식이 금방 식으면서 좀 질렸어요... 김치는 젓갈이 들어간 어리를빗 경상도식 김치스러운데 달달한편 (저는 불호) 웨이팅이 악마같음 캐치테이블 원격웨이팅 필수 식당 분위기가 묘함 너무 조용...하다 해야하나 바 형태로 다닥다닥 붙어앉아야하고(다찌), 매장엔 음악도 없고, 떠들기도 뭣하고 살짝 눈치보며 조용조용 얘기하다가 얼른 다 먹고 나갔음 번갯불에 콩구워먹듯... 편안하게 먹을 분위기는 아님 밖에 웨이팅도 많고...",387,True,4.0,3.4,골드 레벨,"국물, 밥, 고기에 아주 특별함을 느낄 순 없었지만 전체적으로 깔끔함 고추지가 맛있음 단순 쌈장이 아니라 청양고추 맛이 팍팍 느껴지는... 근데 이게 이 국밥과 어울리나...? 석박지와 고추지가 있는데도 끝까지 못 먹은 이유는... 국밥을 면기에 주셔서 그런거같아요... 음식이 금방 식으면서 좀 질렸어요... 김치는 젓갈이 들어간 어리를빗 경상도식 김치스러운데 달달한편 (저는 불호) 웨이팅이 악마같음 캐치테이블 원격웨이팅 필수 식당 분위기가 묘함 너무 조용...하다 해야하나 바 형태로 다닥다닥 붙어앉아야하고(다찌), 매장엔 음악도 없고, 떠들기도 뭣하고 살짝 눈치보며 조용조용 얘기하다가 얼른 다 먹고 나갔음 번갯불에 콩구워먹듯... 편안하게 먹을 분위기는 아님 밖에 웨이팅도 많고...",국물 밥 고기에 아주 특별함을 느낄 순 없었지만 전체적으로 깔끔함 고추지가 맛있음 단순 쌈장이 아니라 청양고추 맛이 팍팍 느껴지는 근데 이게 이 국밥과 어울리나 QUESTION 석박지와 고추지가 있는데도 끝까지 못 먹은 이유는 국밥을 면기에 주셔서 그런거같아요 음식이 금방 식으면서 좀 질렸어요 김치는 젓갈이 들어간 어리를빗 경상도식 김치스러운데 달달한편 저는 불호 웨이팅이 악마같음 캐치테이블 원격웨이팅 필수 식당 분위기가 묘함 너무 조용 하다 해야하나 바 형태로 다닥다닥 붙어앉아야하고 다찌 매장엔 음악도 없고 떠들기도 뭣하고 살짝 눈치보며 조용조용 얘기하다가 얼른 다 먹고 나갔음 번갯불에 콩구워먹듯 편안하게 먹을 분위기는 아님 밖에 웨이팅도 많고,0,0,0,0,0,1,0,387,웨이팅
kakao,뼈탄집 성수역점,호이짜,1.0,2026-03-26,,,성수에서 삼겹살 먹기 좋은 곳 👍 뼈삼겹 쫄깃하고 풍미 좋아서 맛있게 먹었어요. 직원분들이 직접 구워줘서 편하고 더 맛있게 즐길 수 있었어요. 반찬도 다양하고 고기랑 잘 어울립니다. 된장찌개까지 완성도 있어서 만족! 재방문 생각 있는 집이에요.,136,True,5.0,5.0,브론즈 레벨,성수에서 삼겹살 먹기 좋은 곳 👍 뼈삼겹 쫄깃하고 풍미 좋아서 맛있게 먹었어요. 직원분들이 직접 구워줘서 편하고 더 맛있게 즐길 수 있었어요. 반찬도 다양하고 고기랑 잘 어울립니다. 된장찌개까지 완성도 있어서 만족! 재방문 생각 있는 집이에요.,성수에서 삼겹살 먹기 좋은 곳 EMO_POS 뼈삼겹 쫄깃하고 풍미 좋아서 맛있게 먹었어요 직원분들이 직접 구워줘서 편하고 더 맛있게 즐길 수 있었어요 반찬도 다양하고 고기랑 잘 어울립니다 된장찌개까지 완성도 있어서 만족 EXCLAM 재방문 생각 있는 집이에요,1,0,0,0,1,0,0,136,직원
naver,보끔당 성수점,먕규규,18.0,2026.02.03,1번째 방문,영수증,"닭볶음탕 주문했는데 양도 푸짐하고 맛도 정말 만족스러웠어요. 닭이 잡내 없이 부드럽고 오래 끓였는데도 살이 퍽퍽하지 않아서 좋았습니다. 국물은 자극적이지 않으면서도 매콤달콤한 맛이 잘 어우러져 밥이 계속 들어가는 맛이었어요. 감자랑 양파도 푹 익어서 양념이 잘 배어 있었고, 특히 감자는 포슬포슬해서 국물에 비벼 먹기 좋았습니다. 매운맛도 적당해서 맵찔이인 저도 부담 없이 먹을 수 있었고, 먹다 보니 점점 더 맛있게 느껴졌어요. 전체적으로 간도 딱 맞고 집에서 만든 것처럼 정성스러운 느낌이라 재방문 의사 충분합니다. 다음에는 볶음밥까지 꼭 먹어보고 싶어요.",313,True,,,,"닭볶음탕 주문했는데 양도 푸짐하고 맛도 정말 만족스러웠어요. 닭이 잡내 없이 부드럽고 오래 끓였는데도 살이 퍽퍽하지 않아서 좋았습니다. 국물은 자극적이지 않으면서도 매콤달콤한 맛이 잘 어우러져 밥이 계속 들어가는 맛이었어요. 감자랑 양파도 푹 익어서 양념이 잘 배어 있었고, 특히 감자는 포슬포슬해서 국물에 비벼 먹기 좋았습니다. 매운맛도 적당해서 맵찔이인 저도 부담 없이 먹을 수 있었고, 먹다 보니 점점 더 맛있게 느껴졌어요. 전체적으로 간도 딱 맞고 집에서 만든 것처럼 정성스러운 느낌이라 재방문 의사 충분합니다. 다음에는 볶음밥까지 꼭 먹어보고 싶어요.",닭볶음탕 주문했는데 양도 푸짐하고 맛도 정말 만족스러웠어요 닭이 잡내 없이 부드럽고 오래 끓였는데도 살이 퍽퍽하지 않아서 좋았습니다 국물은 자극적이지 않으면서도 매콤달콤한 맛이 잘 어우러져 밥이 계속 들어가는 맛이었어요 감자랑 양파도 푹 익어서 양념이 잘 배어 있었고 특히 감자는 포슬포슬해서 국물에 비벼 먹기 좋았습니다 매운맛도 적당해서 맵찔이인 저도 부담 없이 먹을 수 있었고 먹다 보니 점점 더 맛있게 느껴졌어요 전체적으로 간도 딱 맞고 집에서 만든 것처럼 정성스러운 느낌이라 재방문 의사 충분합니다 다음에는 볶음밥까지 꼭 먹어보고 싶어요,0,0,0,0,0,0,0,313,주문
naver,훼미리손칼국수보쌈,qpalzm11,1969.0,2026.04.01,1번째 방문,영수증,지인 추천으로 방문. 대기가 많아 엄청 맛있을거라 생각하며 기다렸는데 생각보다 기대만큼은 아니라 약간 실망. 그래도 보쌈은 먹을만 했고 칼국수의 국물맛은 좋았고 만두는 만두피가 너무 두껍기만~~,108,True,,,,지인 추천으로 방문. 대기가 많아 엄청 맛있을거라 생각하며 기다렸는데 생각보다 기대만큼은 아니라 약간 실망. 그래도 보쌈은 먹을만 했고 칼국수의 국물맛은 좋았고 만두는 만두피가 너무 두껍기만~~,지인 추천으로 방문 대기가 많아 엄청 맛있을거라 생각하며 기다렸는데 생각보다 기대만큼은 아니라 약간 실망 그래도 보쌈은 먹을만 했고 칼국수의 국물맛은 좋았고 만두는 만두피가 너무 두껍기만 TILDE,0,0,0,0,0,0,0,108,대기
naver,을밀대 평양냉면,구68,846.0,2026.01.31,1번째 방문,주문,겨울엔 평냉ㅋㅋ 사진은 되게 노랗게 나왔는데 실제론 투명함! 온육수도 맛있었고 육향이 강해서 평냉이지만 호불호가 클 것 같진 않음. 김치는 전이나 수육 주문해야 나옴!,93,True,,,,겨울엔 평냉ㅋㅋ 사진은 되게 노랗게 나왔는데 실제론 투명함! 온육수도 맛있었고 육향이 강해서 평냉이지만 호불호가 클 것 같진 않음. 김치는 전이나 수육 주문해야 나옴!,겨울엔 평냉 사진은 되게 노랗게 나왔는데 실제론 투명함 EXCLAM 온육수도 맛있었고 육향이 강해서 평냉이지만 호불호가 클 것 같진 않음 김치는 전이나 수육 주문해야 나옴 EXCLAM,0,0,0,0,1,0,0,93,주문
naver,쭌곱창,hyo****,16.0,2025.12.29,1번째 방문,영수증,맵찔이도 맛있게 먹을 수 있게 매콤하니 너무 맛있습니다~ 사장님 너무 친절하세요😀 다음에 또 방문할게요!!,59,True,,,,맵찔이도 맛있게 먹을 수 있게 매콤하니 너무 맛있습니다~ 사장님 너무 친절하세요😀 다음에 또 방문할게요!!,맵찔이도 맛있게 먹을 수 있게 매콤하니 너무 맛있습니다 사장님 너무 친절하세요 EMO_POS 다음에 또 방문할게요 EXCLAM,1,0,0,0,1,0,0,59,"친절, 사장님"
kakao,훼미리손칼국수보쌈,azossii,1102.0,2025-03-06,,,"아조씨 뚝섬 탐방,, 30년 행복,,, 사골칼국수집 방문,,, 좋은 점: 보쌈,,, 시골칼국수,,, 파전,,, 조합입니다,,, 점심 저녁 늘 대기가 있어서 저녁은 예약도 가능한 것 같읍니다,,, 비슷한 조합의 대련집과 비교해보면,,, 보쌈과 파전은 양이 더 많고,,, 칼국수도 사골향이 더 진한 것 같읍니다,,, 보쌈과 배추쌈,,, 김치속은 확실히 행복입니다 ,,, 아쉬운 점: 워낙 정신이 없다보니,,, 홀,, 이모님들께서,,, 응대가 조금 느리거나,,, 누락하는 부분이 있기는 합니다,,, 불친절한건 아니니,,, 오해없이 즐길 수 있읍니다,,, 파전은,,, 양은 많은데,,, 보쌈에 비해 조금 약했읍니다,,, 칼국수도 육수는 사골향이 강하고 면은 조금 밀가루를 따로 넣은 느낌이라 호불호가 조금 있을 수 있읍니다,,, 행복은,,, 어디에나 있는 것,,,^^ @azossii",434,,5.0,4.8,퍼플 레벨,"아조씨 뚝섬 탐방,, 30년 행복,,, 사골칼국수집 방문,,, 좋은 점: 보쌈,,, 시골칼국수,,, 파전,,, 조합입니다,,, 점심 저녁 늘 대기가 있어서 저녁은 예약도 가능한 것 같읍니다,,, 비슷한 조합의 대련집과 비교해보면,,, 보쌈과 파전은 양이 더 많고,,, 칼국수도 사골향이 더 진한 것 같읍니다,,, 보쌈과 배추쌈,,, 김치속은 확실히 행복입니다 ,,, 아쉬운 점: 워낙 정신이 없다보니,,, 홀,, 이모님들께서,,, 응대가 조금 느리거나,,, 누락하는 부분이 있기는 합니다,,, 불친절한건 아니니,,, 오해없이 즐길 수 있읍니다,,, 파전은,,, 양은 많은데,,, 보쌈에 비해 조금 약했읍니다,,, 칼국수도 육수는 사골향이 강하고 면은 조금 밀가루를 따로 넣은 느낌이라 호불호가 조금 있을 수 있읍니다,,, 행복은,,, 어디에나 있는 것,,,^^ @azossii",아조씨 뚝섬 탐방 30년 행복 사골칼국수집 방문 좋은 점 보쌈 시골칼국수 파전 조합입니다 점심 저녁 늘 대기가 있어서 저녁은 예약도 가능한 것 같읍니다 비슷한 조합의 대련집과 비교해보면 보쌈과 파전은 양이 더 많고 칼국수도 사골향이 더 진한 것 같읍니다 보쌈과 배추쌈 김치속은 확실히 행복입니다 아쉬운 점 워낙 정신이 없다보니 홀 이모님들께서 응대가 조금 느리거나 누락하는 부분이 있기는 합니다 불친절한건 아니니 오해없이 즐길 수 있읍니다 파전은 양은 많은데 보쌈에 비해 조금 약했읍니다 칼국수도 육수는 사골향이 강하고 면은 조금 밀가루를 따로 넣은 느낌이라 호불호가 조금 있을 수 있읍니다 행복은 어디에나 있는 것 azossii,0,0,0,0,0,0,1,434,"친절, 불친절, 응대, 대기, 예약"
naver,이태리국시 성수,리리릭,16.0,2026.05.04,1번째 방문,영수증,한식기반이라 양식 뱔로 안좋아하는 사람들도 거부감 없이 즐길수 있어 좋았어요~ 매장도 깔끔하고 직원분들께서 친절해서 식사 즐겁게 할수 있었어요,79,True,,,,한식기반이라 양식 뱔로 안좋아하는 사람들도 거부감 없이 즐길수 있어 좋았어요~ 매장도 깔끔하고 직원분들께서 친절해서 식사 즐겁게 할수 있었어요,한식기반이라 양식 뱔로 안좋아하는 사람들도 거부감 없이 즐길수 있어 좋았어요 매장도 깔끔하고 직원분들께서 친절해서 식사 즐겁게 할수 있었어요,0,0,0,0,0,0,0,79,"친절, 직원"
naver,할머니의 레시피,딱숭아,359.0,2025.05.27,1번째 방문,예약,평일 오픈하고 5분 지나서 도착했는데 대기 1번이었어요....! 대기실이 지하1층에 있으니 기다리다가 금방 방송으로 이름을 불러주셔서 들어갔습니당 젓갈 정식이랑 점심특선 고추장불고기 시켰는데 둘다 맛있게 먹고 나왔어요~~! 제육은 불향 적당히 나고 젓갈도 밥이랑 먹기 딱 좋았어요ㅎㅎ 둘 다 추천!,166,True,,,,평일 오픈하고 5분 지나서 도착했는데 대기 1번이었어요....! 대기실이 지하1층에 있으니 기다리다가 금방 방송으로 이름을 불러주셔서 들어갔습니당 젓갈 정식이랑 점심특선 고추장불고기 시켰는데 둘다 맛있게 먹고 나왔어요~~! 제육은 불향 적당히 나고 젓갈도 밥이랑 먹기 딱 좋았어요ㅎㅎ 둘 다 추천!,평일 오픈하고 5분 지나서 도착했는데 대기 1번이었어요 EXCLAM 대기실이 지하1층에 있으니 기다리다가 금방 방송으로 이름을 불러주셔서 들어갔습니당 젓갈 정식이랑 점심특선 고추장불고기 시켰는데 둘다 맛있게 먹고 나왔어요 TILDE EXCLAM 제육은 불향 적당히 나고 젓갈도 밥이랑 먹기 딱 좋았어요 둘 다 추천 EXCLAM,0,0,0,0,1,0,1,166,대기
kakao,굴다리식당,ㄱㄱㅑ,1320.0,2025-03-07,,,"제육2인 주문하니 계란말이 반, 김치찌개 한공기는 기본찬? 제육 11. 2025-03-06",50,False,1.0,2.9,블루 레벨,"제육2인 주문하니 계란말이 반, 김치찌개 한공기는 기본찬? 제육 11. 2025-03-06",제육2인 주문하니 계란말이 반 김치찌개 한공기는 기본찬 QUESTION 제육 11 2025 03 06,0,0,0,0,0,1,1,50,주문
kakao,이태리국시 성수,aiii,3.0,2026-04-28,,,"성수에서 분위기 좋은 파스타집 찾다가 방문했는데 완전 만족했어요. 숯불대돌솥파스타는 비주얼부터 압도적이고, 불향이 은은하게 올라와서 일반 파스타랑은 완전 다른 느낌이에요. 대창(?) 식감이 쫄깃하면서 소스랑 잘 어울려서 계속 손이 가는 맛이었어요. 매콤하면서도 꾸덕한 느낌이라 숟가락 멈추기 힘듦… 반계마늘돌솥리조또는 완전 반전 메뉴. 크림 베이스가 엄청 부드럽고 고소한데, 위에 올라간 닭다리가 진짜 잘 구워져서 겉바속촉 제대로였어요. 마늘향도 과하지 않고 딱 좋게 올라와서 전체 밸런스가 좋았어요. 매장도 깔끔하고 조용한 편이라 대화하기 좋고, 소개팅이나 데이트로도 괜찮을 듯. 직원분들도 친절해서 기분 좋게 식사했어요. 성수에서 색다른 파스타 먹고 싶으면 재방문 의사 있음 👍",381,True,5.0,3.7,브론즈 레벨,"성수에서 분위기 좋은 파스타집 찾다가 방문했는데 완전 만족했어요. 숯불대돌솥파스타는 비주얼부터 압도적이고, 불향이 은은하게 올라와서 일반 파스타랑은 완전 다른 느낌이에요. 대창(?) 식감이 쫄깃하면서 소스랑 잘 어울려서 계속 손이 가는 맛이었어요. 매콤하면서도 꾸덕한 느낌이라 숟가락 멈추기 힘듦… 반계마늘돌솥리조또는 완전 반전 메뉴. 크림 베이스가 엄청 부드럽고 고소한데, 위에 올라간 닭다리가 진짜 잘 구워져서 겉바속촉 제대로였어요. 마늘향도 과하지 않고 딱 좋게 올라와서 전체 밸런스가 좋았어요. 매장도 깔끔하고 조용한 편이라 대화하기 좋고, 소개팅이나 데이트로도 괜찮을 듯. 직원분들도 친절해서 기분 좋게 식사했어요. 성수에서 색다른 파스타 먹고 싶으면 재방문 의사 있음 👍",성수에서 분위기 좋은 파스타집 찾다가 방문했는데 완전 만족했어요 숯불대돌솥파스타는 비주얼부터 압도적이고 불향이 은은하게 올라와서 일반 파스타랑은 완전 다른 느낌이에요 대창 QUESTION 식감이 쫄깃하면서 소스랑 잘 어울려서 계속 손이 가는 맛이었어요 매콤하면서도 꾸덕한 느낌이라 숟가락 멈추기 힘듦 반계마늘돌솥리조또는 완전 반전 메뉴 크림 베이스가 엄청 부드럽고 고소한데 위에 올라간 닭다리가 진짜 잘 구워져서 겉바속촉 제대로였어요 마늘향도 과하지 않고 딱 좋게 올라와서 전체 밸런스가 좋았어요 매장도 깔끔하고 조용한 편이라 대화하기 좋고 소개팅이나 데이트로도 괜찮을 듯 직원분들도 친절해서 기분 좋게 식사했어요 성수에서 색다른 파스타 먹고 싶으면 재방문 의사 있음 EMO_POS,1,0,0,0,0,1,0,381,"친절, 직원"
naver,홍대 육지,ejs****,26.0,2026.04.30,1번째 방문,영수증,직접 구워주시고 고기도 좋고 볶음밥 양도 엄청 많아요 직원들도 서비스정신이 좋습니다,46,True,,,,직접 구워주시고 고기도 좋고 볶음밥 양도 엄청 많아요 직원들도 서비스정신이 좋습니다,직접 구워주시고 고기도 좋고 볶음밥 양도 엄청 많아요 직원들도 서비스정신이 좋습니다,0,0,0,0,0,0,0,46,"서비스, 직원, 구워주"
naver,보끔당 성수점,먹바나나,61.0,2026.02.26,1번째 방문,영수증,맛있네요!!!!! 깔끔하고 일하시는 이모님도 완전 친절하세요,33,True,,,,맛있네요!!!!! 깔끔하고 일하시는 이모님도 완전 친절하세요,맛있네요 EXCLAM 깔끔하고 일하시는 이모님도 완전 친절하세요,0,0,0,0,1,0,0,33,친절
kakao,뼈탄집 성수역점,♥jeong,4.0,2026-03-01,,,처음 방문인데 고기 맛있어요. 다 구워주셔서 편하게 먹을수있습니다,36,True,5.0,3.0,브론즈 레벨,처음 방문인데 고기 맛있어요. 다 구워주셔서 편하게 먹을수있습니다,처음 방문인데 고기 맛있어요 다 구워주셔서 편하게 먹을수있습니다,0,0,0,0,0,0,0,36,구워주
kakao,쭌곱창,콩이,1.0,2025-05-11,,,서비스도 너무 좋고 맛있어요!! 홍대 또 오면 재방문할 듯용,33,True,5.0,5.0,브론즈 레벨,서비스도 너무 좋고 맛있어요!! 홍대 또 오면 재방문할 듯용,서비스도 너무 좋고 맛있어요 EXCLAM 홍대 또 오면 재방문할 듯용,0,0,0,0,1,0,0,33,서비스
naver,원조 조박집 본관,UK8,474.0,2025.08.01,1번째 방문,예약,"서울에서 돼지갈비하면 넘버원인 곳. 고기 퀄리티가 남달라 항상 사람이 많은 곳. 매번 사람이 많아 붐벼도, 직원분들이 친절합니다.",72,True,,,,"서울에서 돼지갈비하면 넘버원인 곳. 고기 퀄리티가 남달라 항상 사람이 많은 곳. 매번 사람이 많아 붐벼도, 직원분들이 친절합니다.",서울에서 돼지갈비하면 넘버원인 곳 고기 퀄리티가 남달라 항상 사람이 많은 곳 매번 사람이 많아 붐벼도 직원분들이 친절합니다,0,0,0,0,0,0,0,72,"친절, 직원"
kakao,소문난성수감자탕,최악만리뷰씀,4.0,2025-04-01,,,일단 맛이 없음 양은 많음 불청결 불친절 바쁘지도 않은시간에 조선족 아줌마들 싸갈쓰가 바갈쓰에요~ 줄서서 갈집은 아닌듯 전반적인 평점 1점이 적당.,82,False,1.0,1.0,브론즈 레벨,일단 맛이 없음 양은 많음 불청결 불친절 바쁘지도 않은시간에 조선족 아줌마들 싸갈쓰가 바갈쓰에요~ 줄서서 갈집은 아닌듯 전반적인 평점 1점이 적당.,일단 맛이 없음 양은 많음 불청결 불친절 바쁘지도 않은시간에 조선족 아줌마들 싸갈쓰가 바갈쓰에요 줄서서 갈집은 아닌듯 전반적인 평점 1점이 적당,0,0,0,0,0,0,1,82,"친절, 불친절"
kakao,훼미리손칼국수보쌈,qufdid,64.0,2025-02-20,,,사장님 친절하시고 정식 시키면 보쌈김치 왕창이랑 칼국수랑 밥도 0.5 인분씩 나와용,46,,5.0,4.2,실버 레벨,사장님 친절하시고 정식 시키면 보쌈김치 왕창이랑 칼국수랑 밥도 0.5 인분씩 나와용,사장님 친절하시고 정식 시키면 보쌈김치 왕창이랑 칼국수랑 밥도 0 5 인분씩 나와용,0,0,0,0,0,0,1,46,"친절, 사장님"
kakao,소문난성수감자탕,이채원,18.0,2025-09-09,,,"“ 굳이 줄서서 먹을 필요는 없다 ” 혼밥하면 줄 덜 기다린다고 봤는데 혼밥석 5좌석 중 자리가 나야지만 먹을 수 있어서 혼밥러인 내가 웨이팅 제일 길게 함 수저통, 물통에 빨간 양념 다 튀어있어서 청결은 기대 안함 우거지감자국 시켰는데 우거지 양 많고 고기 큰거 4개 고기는 퍽퍽, 우거지 맛있고 국물은 그냥 일반적인 해장국 또 갈 의향 X",191,False,3.0,3.9,실버 레벨,"“ 굳이 줄서서 먹을 필요는 없다 ” 혼밥하면 줄 덜 기다린다고 봤는데 혼밥석 5좌석 중 자리가 나야지만 먹을 수 있어서 혼밥러인 내가 웨이팅 제일 길게 함 수저통, 물통에 빨간 양념 다 튀어있어서 청결은 기대 안함 우거지감자국 시켰는데 우거지 양 많고 고기 큰거 4개 고기는 퍽퍽, 우거지 맛있고 국물은 그냥 일반적인 해장국 또 갈 의향 X",굳이 줄서서 먹을 필요는 없다 혼밥하면 줄 덜 기다린다고 봤는데 혼밥석 5좌석 중 자리가 나야지만 먹을 수 있어서 혼밥러인 내가 웨이팅 제일 길게 함 수저통 물통에 빨간 양념 다 튀어있어서 청결은 기대 안함 우거지감자국 시켰는데 우거지 양 많고 고기 큰거 4개 고기는 퍽퍽 우거지 맛있고 국물은 그냥 일반적인 해장국 또 갈 의향 X,0,0,0,0,0,0,1,191,웨이팅
naver,일등식당,Istanbulu,241.0,2025.02.22,1번째 방문,영수증,"일요일 저녁 시간대라서 20분 정도 대기했는데, 소주 손님들 빼면 식사 손님이라 기다릴만 해요. 장소는 좀 좁아요. 이모님이 친절하세요. 특 먹었는데 고기 양이 만족했고, 부드러워서 발라먹기 편해요. 고기 소스는 셀프에요. 국물도 자극적이지 않고 담백해요. 해장국 맛집 몇 군데 다녔는데 여기도 인정",167,True,,,,"일요일 저녁 시간대라서 20분 정도 대기했는데, 소주 손님들 빼면 식사 손님이라 기다릴만 해요. 장소는 좀 좁아요. 이모님이 친절하세요. 특 먹었는데 고기 양이 만족했고, 부드러워서 발라먹기 편해요. 고기 소스는 셀프에요. 국물도 자극적이지 않고 담백해요. 해장국 맛집 몇 군데 다녔는데 여기도 인정",일요일 저녁 시간대라서 20분 정도 대기했는데 소주 손님들 빼면 식사 손님이라 기다릴만 해요 장소는 좀 좁아요 이모님이 친절하세요 특 먹었는데 고기 양이 만족했고 부드러워서 발라먹기 편해요 고기 소스는 셀프에요 국물도 자극적이지 않고 담백해요 해장국 맛집 몇 군데 다녔는데 여기도 인정,0,0,0,0,0,0,1,167,"친절, 대기"
naver,일등식당,rla****,984.0,2025.10.10,1번째 방문,영수증,고기도 부드럽고 우거지 정말 맛있고 양도 넉넉해요. 여사님들 모두 친절하시고 매일 가고 싶네요. 정말 일등식당 답습니다!,67,True,,,,고기도 부드럽고 우거지 정말 맛있고 양도 넉넉해요. 여사님들 모두 친절하시고 매일 가고 싶네요. 정말 일등식당 답습니다!,고기도 부드럽고 우거지 정말 맛있고 양도 넉넉해요 여사님들 모두 친절하시고 매일 가고 싶네요 정말 일등식당 답습니다 EXCLAM,0,0,0,0,1,0,0,67,친절
naver,쭌곱창,굶주린 박명수,366.0,2025.10.02,1번째 방문,영수증,사장님이 제안해주신 대로 쌈 싸서 먹어보니 맛있었습니다 고기의 질이 좋은지는 잘 모르겠지만 전체적인 맛은 괜찮았고 만족스럽게 식사했습니다.,77,True,,,,사장님이 제안해주신 대로 쌈 싸서 먹어보니 맛있었습니다 고기의 질이 좋은지는 잘 모르겠지만 전체적인 맛은 괜찮았고 만족스럽게 식사했습니다.,사장님이 제안해주신 대로 쌈 싸서 먹어보니 맛있었습니다 고기의 질이 좋은지는 잘 모르겠지만 전체적인 맛은 괜찮았고 만족스럽게 식사했습니다,0,0,0,0,0,0,0,77,사장님
kakao,소문난성수감자탕,H,21.0,2025-06-12,,,"여기 리뷰들만큼 최악은 아닌데, 웨이팅까지 해서 먹을 가치는 없는 맛. 너무 싱겁고, 전형적인 관광객 타겟 비주얼만 얼큰한 맛이라 의아했음. 헛소문도 소문이긴 하죠 뭐.",94,False,3.0,3.2,실버 레벨,"여기 리뷰들만큼 최악은 아닌데, 웨이팅까지 해서 먹을 가치는 없는 맛. 너무 싱겁고, 전형적인 관광객 타겟 비주얼만 얼큰한 맛이라 의아했음. 헛소문도 소문이긴 하죠 뭐.",여기 리뷰들만큼 최악은 아닌데 웨이팅까지 해서 먹을 가치는 없는 맛 너무 싱겁고 전형적인 관광객 타겟 비주얼만 얼큰한 맛이라 의아했음 헛소문도 소문이긴 하죠 뭐,0,0,0,0,0,0,0,94,웨이팅
naver,훼미리손칼국수보쌈,참멋맛,319.0,2025.11.25,1번째 방문,영수증,보쌈정식이 보쌈에 칼국수까지 푸짐하게 먹을 수 있는 성수 노포 리필도 잘해주고 인심도 좋습니다 1인은 감자전으로 주문했는데 칼국수랑 조밥도 다 주셔서 배 터지는 줄 맛있고 배불러요 #참멋맛기행,107,True,,,,보쌈정식이 보쌈에 칼국수까지 푸짐하게 먹을 수 있는 성수 노포 리필도 잘해주고 인심도 좋습니다 1인은 감자전으로 주문했는데 칼국수랑 조밥도 다 주셔서 배 터지는 줄 맛있고 배불러요 #참멋맛기행,보쌈정식이 보쌈에 칼국수까지 푸짐하게 먹을 수 있는 성수 노포 리필도 잘해주고 인심도 좋습니다 1인은 감자전으로 주문했는데 칼국수랑 조밥도 다 주셔서 배 터지는 줄 맛있고 배불러요 참멋맛기행,0,0,0,0,0,0,1,107,주문
naver,락희옥 마포본점,hj560,78.0,2025.10.08,1번째 방문,영수증,추석연휴겸 엄마 생신으로 왔는데 너무 잘먹었어요~! 보쌈도 양이 적을줄 알았는데 충분했어요! 분위기도 좋고 너무 친절하셔서 다음에도 또 올게요~,80,True,,,,추석연휴겸 엄마 생신으로 왔는데 너무 잘먹었어요~! 보쌈도 양이 적을줄 알았는데 충분했어요! 분위기도 좋고 너무 친절하셔서 다음에도 또 올게요~,추석연휴겸 엄마 생신으로 왔는데 너무 잘먹었어요 EXCLAM 보쌈도 양이 적을줄 알았는데 충분했어요 EXCLAM 분위기도 좋고 너무 친절하셔서 다음에도 또 올게요,0,0,0,0,1,0,0,80,친절
kakao,뼈탄집 성수역점,요미파더,2.0,2025-12-16,,,너무 맛있고 직원들 너무 친절합니다..강추!!,25,True,5.0,5.0,브론즈 레벨,너무 맛있고 직원들 너무 친절합니다..강추!!,너무 맛있고 직원들 너무 친절합니다 강추 EXCLAM,0,0,0,0,1,0,0,25,"친절, 직원"
naver,훼미리손칼국수보쌈,밍크 인플루언서,5857.0,2026.03.31,2번째 방문,영수증,💜 훼미리손칼국수보쌈 : 이번이 재방문인데 11시 30분에 갔는데도 매장이 만석이라 10분 정도 대기했네요. 보쌈 고기가 국내산이 잘 없는데 보쌈 돼지고기 수육이 국내산이라 그런지 잡내도 없고 부드럽고 너무 맛있게 잘 먹었습니다.🙏 김치와 무생채 또한 별미인데 리필도 해주십니다.👍 국시와 작은 공기밥까지 인당 하나씩 주시고 이 모든게 인당 15000원이면 진짜 가성비 끝내줬습니다. 맛있게 잘 먹었고 다음을 또 기다리게 만드는 곳입니다.❤️,247,True,,,,💜 훼미리손칼국수보쌈 : 이번이 재방문인데 11시 30분에 갔는데도 매장이 만석이라 10분 정도 대기했네요. 보쌈 고기가 국내산이 잘 없는데 보쌈 돼지고기 수육이 국내산이라 그런지 잡내도 없고 부드럽고 너무 맛있게 잘 먹었습니다.🙏 김치와 무생채 또한 별미인데 리필도 해주십니다.👍 국시와 작은 공기밥까지 인당 하나씩 주시고 이 모든게 인당 15000원이면 진짜 가성비 끝내줬습니다. 맛있게 잘 먹었고 다음을 또 기다리게 만드는 곳입니다.❤️,EMO_POS 훼미리손칼국수보쌈 이번이 재방문인데 11시 30분에 갔는데도 매장이 만석이라 10분 정도 대기했네요 보쌈 고기가 국내산이 잘 없는데 보쌈 돼지고기 수육이 국내산이라 그런지 잡내도 없고 부드럽고 너무 맛있게 잘 먹었습니다 김치와 무생채 또한 별미인데 리필도 해주십니다 EMO_POS 국시와 작은 공기밥까지 인당 하나씩 주시고 이 모든게 인당 15000원이면 진짜 가성비 끝내줬습니다 맛있게 잘 먹었고 다음을 또 기다리게 만드는 곳입니다 EMO_POS,1,0,0,0,0,0,1,247,대기
kakao,쭌곱창,도리,1.0,2025-01-20,,,사장님이 너무 친절하시고 맛있어요! 생크림이 함께 나오는 것도 특이하고 소고기도 함께 먹으니 너무 잘 어울려요❤️,63,True,5.0,5.0,실버 레벨,사장님이 너무 친절하시고 맛있어요! 생크림이 함께 나오는 것도 특이하고 소고기도 함께 먹으니 너무 잘 어울려요❤️,사장님이 너무 친절하시고 맛있어요 EXCLAM 생크림이 함께 나오는 것도 특이하고 소고기도 함께 먹으니 너무 잘 어울려요 EMO_POS,1,0,0,0,1,0,0,63,"친절, 사장님"
naver,뼈탄집 성수역점,pwbl,3.0,2026.03.01,1번째 방문,영수증,고기가 먹고싶어서 급하게 찾아온 곳인데 너무 맛있게 잘 먹었어요! 다 구워주셔서 너무 편했고 직원분들 너무 친절하셔요☺️ 고기도 맛있어용!!,78,True,,,,고기가 먹고싶어서 급하게 찾아온 곳인데 너무 맛있게 잘 먹었어요! 다 구워주셔서 너무 편했고 직원분들 너무 친절하셔요☺️ 고기도 맛있어용!!,고기가 먹고싶어서 급하게 찾아온 곳인데 너무 맛있게 잘 먹었어요 EXCLAM 다 구워주셔서 너무 편했고 직원분들 너무 친절하셔요 고기도 맛있어용 EXCLAM,0,0,0,0,1,0,0,78,"친절, 직원, 구워주"
naver,능동미나리 성수지점,Granita그라니따,760.0,2025.11.28,1번째 방문,영수증,"성수 줄서서 먹는 식당. 그러나 회전율이 좋아서 쪼금의 웨이팅은 감수할만 해요. 미라니 듬뿍 들어간 곰탕은 고기 질도 좋고 담백하고 자극적이지 않아 누구라도 좋아할만한 맛!! 육회 비빔밥은 고추장 양념이 아니라서 감칠맛도 있으면서 순한 맛의 비빔밥인데, 그러다 보니 육회 맛의 본질, 야채의 식감과 향기와 맛도 제대로 느낄수 있습니다. 성수에서 식사 장소, 특별한 메뉴가 있는곳!!",213,True,,,,"성수 줄서서 먹는 식당. 그러나 회전율이 좋아서 쪼금의 웨이팅은 감수할만 해요. 미라니 듬뿍 들어간 곰탕은 고기 질도 좋고 담백하고 자극적이지 않아 누구라도 좋아할만한 맛!! 육회 비빔밥은 고추장 양념이 아니라서 감칠맛도 있으면서 순한 맛의 비빔밥인데, 그러다 보니 육회 맛의 본질, 야채의 식감과 향기와 맛도 제대로 느낄수 있습니다. 성수에서 식사 장소, 특별한 메뉴가 있는곳!!",성수 줄서서 먹는 식당 그러나 회전율이 좋아서 쪼금의 웨이팅은 감수할만 해요 미라니 듬뿍 들어간 곰탕은 고기 질도 좋고 담백하고 자극적이지 않아 누구라도 좋아할만한 맛 EXCLAM 육회 비빔밥은 고추장 양념이 아니라서 감칠맛도 있으면서 순한 맛의 비빔밥인데 그러다 보니 육회 맛의 본질 야채의 식감과 향기와 맛도 제대로 느낄수 있습니다 성수에서 식사 장소 특별한 메뉴가 있는곳 EXCLAM,0,0,0,0,1,0,0,213,웨이팅
naver,훼미리손칼국수보쌈,brown28,1773.0,2025.03.03,3번째 방문,주문,애정하는 노포 맛집입니다.. 이 집은 겉절이김치가 참 맛있는 칼국수집중 한곳이고 서비스로 제공되는 공기밥에 이 집 겉절이김치를 올려 먹으면 칼국수가 나오기도 전에 밥한공기가 금방 사라집니다..ㅎ 그리고 이 집의 제일 큰 장점은 보쌈집의 보쌈정식처럼 밥 대신 칼국수에 보쌈이 함께 나오는 칼국수보쌈정식이 있어서죠.. 1인분도 주문이 가능한데다.. 보쌈고기의 양도 넉넉하고 알배추쌈에 보쌈김치도 나오고 칼국수까지 함께 제공되기에.. 식사를 하러 가서 굳이 거하게 보쌈까지 시키지 않아도 맛있고 푸짐한 한끼를 즐길수 있습니다.. 보쌈고기는 전지(앞다리)인데 잡내 없이 부드럽고 사골베이스의 칼국수 육수는 인위적인 가미가 크지 않고 간이 간간한 편인데 이 집의 부드러운 옛날식 칼국수면과의 맛조화도 참 좋습니다..,395,True,,,,애정하는 노포 맛집입니다.. 이 집은 겉절이김치가 참 맛있는 칼국수집중 한곳이고 서비스로 제공되는 공기밥에 이 집 겉절이김치를 올려 먹으면 칼국수가 나오기도 전에 밥한공기가 금방 사라집니다..ㅎ 그리고 이 집의 제일 큰 장점은 보쌈집의 보쌈정식처럼 밥 대신 칼국수에 보쌈이 함께 나오는 칼국수보쌈정식이 있어서죠.. 1인분도 주문이 가능한데다.. 보쌈고기의 양도 넉넉하고 알배추쌈에 보쌈김치도 나오고 칼국수까지 함께 제공되기에.. 식사를 하러 가서 굳이 거하게 보쌈까지 시키지 않아도 맛있고 푸짐한 한끼를 즐길수 있습니다.. 보쌈고기는 전지(앞다리)인데 잡내 없이 부드럽고 사골베이스의 칼국수 육수는 인위적인 가미가 크지 않고 간이 간간한 편인데 이 집의 부드러운 옛날식 칼국수면과의 맛조화도 참 좋습니다..,애정하는 노포 맛집입니다 이 집은 겉절이김치가 참 맛있는 칼국수집중 한곳이고 서비스로 제공되는 공기밥에 이 집 겉절이김치를 올려 먹으면 칼국수가 나오기도 전에 밥한공기가 금방 사라집니다 그리고 이 집의 제일 큰 장점은 보쌈집의 보쌈정식처럼 밥 대신 칼국수에 보쌈이 함께 나오는 칼국수보쌈정식이 있어서죠 1인분도 주문이 가능한데다 보쌈고기의 양도 넉넉하고 알배추쌈에 보쌈김치도 나오고 칼국수까지 함께 제공되기에 식사를 하러 가서 굳이 거하게 보쌈까지 시키지 않아도 맛있고 푸짐한 한끼를 즐길수 있습니다 보쌈고기는 전지 앞다리 인데 잡내 없이 부드럽고 사골베이스의 칼국수 육수는 인위적인 가미가 크지 않고 간이 간간한 편인데 이 집의 부드러운 옛날식 칼국수면과의 맛조화도 참 좋습니다,0,0,0,0,0,0,1,395,"서비스, 주문"
naver,원조 조박집 본관,moon403,34.0,2025.05.03,1번째 방문,영수증,성시경씨 유튜브보고 부흥숯불갈비 갔더니 점심 대기까지 끝났대서 차로 10분내 유명 갈비집 검색해서 왔는데...너무 실망.. 일단 고기가 여기 근처 살아도 오고 싶은 정도도 아니고 고기집에서 샐러드 저렇게 남긴건 또 처음입니다. 국수 동치미도 동치미 국물 맛 자체가 없고 시래기(?)된장국도 고기집 된장국중 최하맛. 맛있다는 분들이 많으셔서 좀 놀랐습니다. 차라리 사는 동네에서 있는 고기집을 갈 걸 후회하며 얼른 먹고 나왔습니다.,240,True,,,,성시경씨 유튜브보고 부흥숯불갈비 갔더니 점심 대기까지 끝났대서 차로 10분내 유명 갈비집 검색해서 왔는데...너무 실망.. 일단 고기가 여기 근처 살아도 오고 싶은 정도도 아니고 고기집에서 샐러드 저렇게 남긴건 또 처음입니다. 국수 동치미도 동치미 국물 맛 자체가 없고 시래기(?)된장국도 고기집 된장국중 최하맛. 맛있다는 분들이 많으셔서 좀 놀랐습니다. 차라리 사는 동네에서 있는 고기집을 갈 걸 후회하며 얼른 먹고 나왔습니다.,성시경씨 유튜브보고 부흥숯불갈비 갔더니 점심 대기까지 끝났대서 차로 10분내 유명 갈비집 검색해서 왔는데 너무 실망 일단 고기가 여기 근처 살아도 오고 싶은 정도도 아니고 고기집에서 샐러드 저렇게 남긴건 또 처음입니다 국수 동치미도 동치미 국물 맛 자체가 없고 시래기 QUESTION 된장국도 고기집 된장국중 최하맛 맛있다는 분들이 많으셔서 좀 놀랐습니다 차라리 사는 동네에서 있는 고기집을 갈 걸 후회하며 얼른 먹고 나왔습니다,0,0,0,0,0,1,1,240,대기
kakao,뼈탄집 성수역점,영서,1.0,2025-12-19,,,"가족이랑 식사하러 방문했는데, 평소 좋아하던 메뉴가 있어서 기대하고 갔고 기대 이상으로 만족스러웠어요. 고기 퀄리티가 정말 좋아서 잡내 하나 없이 부드럽고 육즙도 풍부했고, 구워 먹을수록 맛이 살아나는 게 느껴졌습니다. 반찬도 깔끔하게 잘 나오고 고기랑 잘 어울려서 식사 내내 즐겁게 먹었어요. 사장님과 직원분들도 친절하게 응대해 주셔서 가족끼리 편안한 분위기에서 식사할 수 있었고, 전체적으로 맛·서비스·분위기까지 모두 만족스러워서 다음에 또 가족 외식으로 방문하고 싶은 곳입니다.",270,True,5.0,5.0,브론즈 레벨,"가족이랑 식사하러 방문했는데, 평소 좋아하던 메뉴가 있어서 기대하고 갔고 기대 이상으로 만족스러웠어요. 고기 퀄리티가 정말 좋아서 잡내 하나 없이 부드럽고 육즙도 풍부했고, 구워 먹을수록 맛이 살아나는 게 느껴졌습니다. 반찬도 깔끔하게 잘 나오고 고기랑 잘 어울려서 식사 내내 즐겁게 먹었어요. 사장님과 직원분들도 친절하게 응대해 주셔서 가족끼리 편안한 분위기에서 식사할 수 있었고, 전체적으로 맛·서비스·분위기까지 모두 만족스러워서 다음에 또 가족 외식으로 방문하고 싶은 곳입니다.",가족이랑 식사하러 방문했는데 평소 좋아하던 메뉴가 있어서 기대하고 갔고 기대 이상으로 만족스러웠어요 고기 퀄리티가 정말 좋아서 잡내 하나 없이 부드럽고 육즙도 풍부했고 구워 먹을수록 맛이 살아나는 게 느껴졌습니다 반찬도 깔끔하게 잘 나오고 고기랑 잘 어울려서 식사 내내 즐겁게 먹었어요 사장님과 직원분들도 친절하게 응대해 주셔서 가족끼리 편안한 분위기에서 식사할 수 있었고 전체적으로 맛 서비스 분위기까지 모두 만족스러워서 다음에 또 가족 외식으로 방문하고 싶은 곳입니다,0,0,0,0,0,0,0,270,"서비스, 친절, 응대, 직원, 사장님"
naver,뼈탄집 성수역점,패스패스84,14.0,2026.03.07,1번째 방문,영수증,이런 곳은 오랜만이에요 고기가 고소하고 맛있어요 시그니처 계탄밥? 오오 치즈 빵인 줄...🍞 다 하나하나 구워주시고 설명해 주셔서 편히 맛있게 먹었습니다. 맛집! 재방문의사 있음.,100,True,,,,이런 곳은 오랜만이에요 고기가 고소하고 맛있어요 시그니처 계탄밥? 오오 치즈 빵인 줄...🍞 다 하나하나 구워주시고 설명해 주셔서 편히 맛있게 먹었습니다. 맛집! 재방문의사 있음.,이런 곳은 오랜만이에요 고기가 고소하고 맛있어요 시그니처 계탄밥 QUESTION 오오 치즈 빵인 줄 다 하나하나 구워주시고 설명해 주셔서 편히 맛있게 먹었습니다 맛집 EXCLAM 재방문의사 있음,0,0,0,0,1,1,0,100,"설명, 구워주"
naver,뼈탄집 성수역점,OO290,19.0,2026.04.04,1번째 방문,영수증,서울로 이사하고 집근처라 저녁먹었는네 정말 맛나게 잘먹었네요. 편하게 대화할수있게 직원이 직접 구워주고 계탄밥은 꼭 먹어야겠네요 ㅋㅋ 존맛탱,78,True,,,,서울로 이사하고 집근처라 저녁먹었는네 정말 맛나게 잘먹었네요. 편하게 대화할수있게 직원이 직접 구워주고 계탄밥은 꼭 먹어야겠네요 ㅋㅋ 존맛탱,서울로 이사하고 집근처라 저녁먹었는네 정말 맛나게 잘먹었네요 편하게 대화할수있게 직원이 직접 구워주고 계탄밥은 꼭 먹어야겠네요 존맛탱,0,0,0,0,0,0,0,78,"직원, 구워주"
kakao,금금,김세영,6.0,2025-01-13,,,맛은 그냥저냥 있었으나 직원이 진짜 너무 불친절했습니다. 곰탕에 들깨가루 주시면서 뭐라 작게 대충 얘기하고 제대로 끝맺음도 안 하고 가시던데 곰탕에 넣어 먹는 거라는 거 다들 알고 있다고 하더라도 설명은 제대로 해주셔야죠... 일본인 친구 데려갔다가 너무 퉁명스러우셔서 친구한테 미안해졌네요,162,False,2.0,2.3,브론즈 레벨,맛은 그냥저냥 있었으나 직원이 진짜 너무 불친절했습니다. 곰탕에 들깨가루 주시면서 뭐라 작게 대충 얘기하고 제대로 끝맺음도 안 하고 가시던데 곰탕에 넣어 먹는 거라는 거 다들 알고 있다고 하더라도 설명은 제대로 해주셔야죠... 일본인 친구 데려갔다가 너무 퉁명스러우셔서 친구한테 미안해졌네요,맛은 그냥저냥 있었으나 직원이 진짜 너무 불친절했습니다 곰탕에 들깨가루 주시면서 뭐라 작게 대충 얘기하고 제대로 끝맺음도 안 하고 가시던데 곰탕에 넣어 먹는 거라는 거 다들 알고 있다고 하더라도 설명은 제대로 해주셔야죠 일본인 친구 데려갔다가 너무 퉁명스러우셔서 친구한테 미안해졌네요,0,0,0,0,0,0,0,162,"친절, 불친절, 직원, 설명"
naver,할머니의 레시피,Fantastic Cu,152.0,2025.10.30,1번째 방문,영수증,"전반적으로 음식 간이 적당하고 깔끔한 맛이예요! 비빔밥불고기정식, 한우떡갈비정식 주문했는데 한우떡갈비 타지않게 조리되어 맛있어요! 불고기는 일부분 겉이 타게 조리되어 아쉬워요!",98,True,,,,"전반적으로 음식 간이 적당하고 깔끔한 맛이예요! 비빔밥불고기정식, 한우떡갈비정식 주문했는데 한우떡갈비 타지않게 조리되어 맛있어요! 불고기는 일부분 겉이 타게 조리되어 아쉬워요!",전반적으로 음식 간이 적당하고 깔끔한 맛이예요 EXCLAM 비빔밥불고기정식 한우떡갈비정식 주문했는데 한우떡갈비 타지않게 조리되어 맛있어요 EXCLAM 불고기는 일부분 겉이 타게 조리되어 아쉬워요 EXCLAM,0,0,0,0,1,0,0,98,주문
naver,할머니의 레시피,jini4uuu,237.0,2025.11.28,1번째 방문,영수증,쌈밥정식 주문했는데 반찬이 정말 다양하고 푸짐하네요! 밥이랑 국도 넘 맛있게먹었어요💕 외국인 분들에게도 인기가 많은 가게인듯 합니다~ 가게가 아늑하고 편안한 분위기인데 직원분들도 너무 친절하셔서 자주 방문할 것 같아요!😊👍,124,True,,,,쌈밥정식 주문했는데 반찬이 정말 다양하고 푸짐하네요! 밥이랑 국도 넘 맛있게먹었어요💕 외국인 분들에게도 인기가 많은 가게인듯 합니다~ 가게가 아늑하고 편안한 분위기인데 직원분들도 너무 친절하셔서 자주 방문할 것 같아요!😊👍,쌈밥정식 주문했는데 반찬이 정말 다양하고 푸짐하네요 EXCLAM 밥이랑 국도 넘 맛있게먹었어요 EMO_POS 외국인 분들에게도 인기가 많은 가게인듯 합니다 가게가 아늑하고 편안한 분위기인데 직원분들도 너무 친절하셔서 자주 방문할 것 같아요 EXCLAM EMO_POS EMO_POS,1,0,0,0,1,0,0,124,"친절, 직원, 주문"
naver,뼈탄집 성수역점,주먹감자파티,44.0,2026.03.06,1번째 방문,영수증,집 근처라서 왔어요! 고기랑 같이 먹는 기본 구성 반찬이 존맛이에요ㅎㅎ 구워주니까 편하고 좋습니당 ! 계탄밥도 존맛근데 뼈탄인줄 알고 시켰는데 숙성뼈탄삼겹이랑 숙성삼겹은 다른거였어요ㅠㅠ 멍청이슈.. 다른분들은 제대로 시키시길!,126,True,,,,집 근처라서 왔어요! 고기랑 같이 먹는 기본 구성 반찬이 존맛이에요ㅎㅎ 구워주니까 편하고 좋습니당 ! 계탄밥도 존맛근데 뼈탄인줄 알고 시켰는데 숙성뼈탄삼겹이랑 숙성삼겹은 다른거였어요ㅠㅠ 멍청이슈.. 다른분들은 제대로 시키시길!,집 근처라서 왔어요 EXCLAM 고기랑 같이 먹는 기본 구성 반찬이 존맛이에요 구워주니까 편하고 좋습니당 EXCLAM 계탄밥도 존맛근데 뼈탄인줄 알고 시켰는데 숙성뼈탄삼겹이랑 숙성삼겹은 다른거였어요 멍청이슈 다른분들은 제대로 시키시길 EXCLAM,0,0,0,1,1,0,0,126,구워주
naver,훼미리손칼국수보쌈,kosnas,62.0,2026.02.22,1번째 방문,영수증,거의 오픈런 했는데 벌써 만석에 웨이팅 줄 생기더라구요🫢 성수 훼미리 들어만 봤지 기대는 안했는데 정말정말 맛있었어요 ㅠ 성수 맛집을 찾는 누군가가 생기면 바로 추천해줄 맛집입니다!,101,True,,,,거의 오픈런 했는데 벌써 만석에 웨이팅 줄 생기더라구요🫢 성수 훼미리 들어만 봤지 기대는 안했는데 정말정말 맛있었어요 ㅠ 성수 맛집을 찾는 누군가가 생기면 바로 추천해줄 맛집입니다!,거의 오픈런 했는데 벌써 만석에 웨이팅 줄 생기더라구요 성수 훼미리 들어만 봤지 기대는 안했는데 정말정말 맛있었어요 성수 맛집을 찾는 누군가가 생기면 바로 추천해줄 맛집입니다 EXCLAM,0,0,0,0,1,0,0,101,웨이팅
naver,육산장 홍대본점,세현임,2.0,2026.04.08,1번째 방문,영수증,양도 많고 맛있아요 !! 친구 추천으로 와봤는데 좋아요 👍🏻👍🏻 매장도 넓고 직원분들이 친절해요,53,True,,,,양도 많고 맛있아요 !! 친구 추천으로 와봤는데 좋아요 👍🏻👍🏻 매장도 넓고 직원분들이 친절해요,양도 많고 맛있아요 EXCLAM 친구 추천으로 와봤는데 좋아요 EMO_POS EMO_POS 매장도 넓고 직원분들이 친절해요,1,0,0,0,1,0,0,53,"친절, 직원"
naver,능동미나리 성수지점,Inkko,1343.0,2026.04.06,1번째 방문,영수증,미나리 가득한 곰탕이랑 고소한 육회비빔밥 맵지않아 맛있어요 거의 외국인이 많고 웨이팅도 만만찮고 그래도 다시 방문하고 싶어요 친절하게 설명도 해주고 미나리무침 추가도 해주었어요,98,True,,,,미나리 가득한 곰탕이랑 고소한 육회비빔밥 맵지않아 맛있어요 거의 외국인이 많고 웨이팅도 만만찮고 그래도 다시 방문하고 싶어요 친절하게 설명도 해주고 미나리무침 추가도 해주었어요,미나리 가득한 곰탕이랑 고소한 육회비빔밥 맵지않아 맛있어요 거의 외국인이 많고 웨이팅도 만만찮고 그래도 다시 방문하고 싶어요 친절하게 설명도 해주고 미나리무침 추가도 해주었어요,0,0,0,0,0,0,0,98,"친절, 설명, 웨이팅"
naver,뼈탄집 성수역점,지도링,29.0,2026.03.29,1번째 방문,예약,사장님 너무 맛있게 잘 먹었습니다 친구들이 다 맛있다고 난리도 아니었어요 ㅠㅠㅠ 저도 아직까지 잊을 수 없어요 고기들이 다 맛있었지만 그 중에도 숙성 뼈탄 삼겹살이 너무 너무 너무 맛있었어요 그리고 된장술밥 … 사장님 정말 배우신 분 … 최고예요 고기가 다 익기도 전에 이미 클리어 했습니닼ㅋㅋㅋ 직원분들이 다 직접 구워주시고 친철하셔서 너무 감사했습니다 덕분에 편하게 먹었어요 다음에 또 방문할게요 맛집으로 저장해놨습니다요 ✨ !!!!!!!,247,True,,,,사장님 너무 맛있게 잘 먹었습니다 친구들이 다 맛있다고 난리도 아니었어요 ㅠㅠㅠ 저도 아직까지 잊을 수 없어요 고기들이 다 맛있었지만 그 중에도 숙성 뼈탄 삼겹살이 너무 너무 너무 맛있었어요 그리고 된장술밥 … 사장님 정말 배우신 분 … 최고예요 고기가 다 익기도 전에 이미 클리어 했습니닼ㅋㅋㅋ 직원분들이 다 직접 구워주시고 친철하셔서 너무 감사했습니다 덕분에 편하게 먹었어요 다음에 또 방문할게요 맛집으로 저장해놨습니다요 ✨ !!!!!!!,사장님 너무 맛있게 잘 먹었습니다 친구들이 다 맛있다고 난리도 아니었어요 저도 아직까지 잊을 수 없어요 고기들이 다 맛있었지만 그 중에도 숙성 뼈탄 삼겹살이 너무 너무 너무 맛있었어요 그리고 된장술밥 사장님 정말 배우신 분 최고예요 고기가 다 익기도 전에 이미 클리어 했습니닼 직원분들이 다 직접 구워주시고 친철하셔서 너무 감사했습니다 덕분에 편하게 먹었어요 다음에 또 방문할게요 맛집으로 저장해놨습니다요 EMO_POS EXCLAM,1,0,0,1,1,0,0,247,"직원, 사장님, 구워주"
naver,홍대 육지,뇨료룡,21.0,2026.04.20,1번째 방문,예약,여기 진짜 위험한 가게예요. 고기 먹으러 갔다가 직원분들 비주얼에 먼저 구워지고 왔습니다… 아니 직원분들이 왜 이렇게 잘생기신 거죠? 삼겹살 굽는 손길은 프로인데 얼굴은 아이돌이세요;; 고기 익는 거 기다리다가 제 마음이 먼저 익어버렸어요ㅋㅋ,135,True,,,,여기 진짜 위험한 가게예요. 고기 먹으러 갔다가 직원분들 비주얼에 먼저 구워지고 왔습니다… 아니 직원분들이 왜 이렇게 잘생기신 거죠? 삼겹살 굽는 손길은 프로인데 얼굴은 아이돌이세요;; 고기 익는 거 기다리다가 제 마음이 먼저 익어버렸어요ㅋㅋ,여기 진짜 위험한 가게예요 고기 먹으러 갔다가 직원분들 비주얼에 먼저 구워지고 왔습니다 아니 직원분들이 왜 이렇게 잘생기신 거죠 QUESTION 삼겹살 굽는 손길은 프로인데 얼굴은 아이돌이세요 고기 익는 거 기다리다가 제 마음이 먼저 익어버렸어요,0,0,0,0,0,1,0,135,직원
naver,장인닭갈비 홍대점,muk11,52.0,2026.04.30,1번째 방문,영수증,음식은 맛있는데 직원들 서비스가 별로에요 반찬이 셀프면 셀프라고 처음부터 미리 알려주셔야죠 응대도 별로고,58,False,,,,음식은 맛있는데 직원들 서비스가 별로에요 반찬이 셀프면 셀프라고 처음부터 미리 알려주셔야죠 응대도 별로고,음식은 맛있는데 직원들 서비스가 별로에요 반찬이 셀프면 셀프라고 처음부터 미리 알려주셔야죠 응대도 별로고,0,0,0,0,0,0,0,58,"서비스, 응대, 직원"
naver,쭌곱창,han****,13.0,2026.04.12,1번째 방문,영수증,사장님께서 엄청 친절하시고 소스도 많고 완전맛잇어요,28,True,,,,사장님께서 엄청 친절하시고 소스도 많고 완전맛잇어요,사장님께서 엄청 친절하시고 소스도 많고 완전맛잇어요,0,0,0,0,0,0,0,28,"친절, 사장님"
kakao,태양곱창 성수,나락,1.0,2025-03-17,,,역시 맛집 인정!!이렇게 감동적으로 맛있는 집은 주인분과 일하시는 모든 분의 마음도 감동이더군요~뭐 대단한 서비스 받은것도 없지만 반찬 갖다주고 밥 볶아주실 떄 그냥 좋음요 반찬도 맛있고 곱창전골은 진짜 사랑입니다~,120,False,5.0,5.0,브론즈 레벨,역시 맛집 인정!!이렇게 감동적으로 맛있는 집은 주인분과 일하시는 모든 분의 마음도 감동이더군요~뭐 대단한 서비스 받은것도 없지만 반찬 갖다주고 밥 볶아주실 떄 그냥 좋음요 반찬도 맛있고 곱창전골은 진짜 사랑입니다~,역시 맛집 인정 EXCLAM 이렇게 감동적으로 맛있는 집은 주인분과 일하시는 모든 분의 마음도 감동이더군요 뭐 대단한 서비스 받은것도 없지만 반찬 갖다주고 밥 볶아주실 떄 그냥 좋음요 반찬도 맛있고 곱창전골은 진짜 사랑입니다,0,0,0,0,1,0,0,120,서비스
kakao,소문난성수감자탕,고구미,31.0,2026-03-15,,,왜 유명한지 모르겠어요 그냥 관광객 명소 된 느낌이고 먹고있는데 뒤에 손님 빨리 받으려고 자꾸 치우려고 하심 ㅎㅎ 국물도 밍밍하고.. 졸여서 먹고싶어서 온도 올리면 자꾸 와서 다시 내림 볶음밥도 싱겁고 그냥 동네 감자탕이 더 맛있어요,130,False,1.0,3.0,실버 레벨,왜 유명한지 모르겠어요 그냥 관광객 명소 된 느낌이고 먹고있는데 뒤에 손님 빨리 받으려고 자꾸 치우려고 하심 ㅎㅎ 국물도 밍밍하고.. 졸여서 먹고싶어서 온도 올리면 자꾸 와서 다시 내림 볶음밥도 싱겁고 그냥 동네 감자탕이 더 맛있어요,왜 유명한지 모르겠어요 그냥 관광객 명소 된 느낌이고 먹고있는데 뒤에 손님 빨리 받으려고 자꾸 치우려고 하심 국물도 밍밍하고 졸여서 먹고싶어서 온도 올리면 자꾸 와서 다시 내림 볶음밥도 싱겁고 그냥 동네 감자탕이 더 맛있어요,0,0,0,0,0,0,0,130,빨리
naver,원조 조박집 본관,lp****,2118.0,2025.12.03,1번째 방문,영수증,"점심에 돼지갈비~~ 야채랑 같이 먹어선지 고기양은 여성 소량식사 하는 사람에게는 1인분 적당~ 김치, 파썰은거, 무생채, 된장, 상추,깻잎 만~ 돼지양념 간 쎄지 않고 맛있는데.. 구워주지 않아서 죄다 탓네요..ㅠㅠ 굽느라..고기가 코로 들어가는지...ㅋㅋ",143,False,,,,"점심에 돼지갈비~~ 야채랑 같이 먹어선지 고기양은 여성 소량식사 하는 사람에게는 1인분 적당~ 김치, 파썰은거, 무생채, 된장, 상추,깻잎 만~ 돼지양념 간 쎄지 않고 맛있는데.. 구워주지 않아서 죄다 탓네요..ㅠㅠ 굽느라..고기가 코로 들어가는지...ㅋㅋ",점심에 돼지갈비 TILDE 야채랑 같이 먹어선지 고기양은 여성 소량식사 하는 사람에게는 1인분 적당 김치 파썰은거 무생채 된장 상추 깻잎 만 돼지양념 간 쎄지 않고 맛있는데 구워주지 않아서 죄다 탓네요 굽느라 고기가 코로 들어가는지,0,0,0,1,0,0,1,143,구워주
kakao,뼈탄집 성수역점,김호진,1.0,2026-04-06,,,진짜 너무 맛있어요 맛도 맛인데 서비스가 너무 좋으셔서 100점만점에 300점 입니다 ..,50,True,5.0,5.0,브론즈 레벨,진짜 너무 맛있어요 맛도 맛인데 서비스가 너무 좋으셔서 100점만점에 300점 입니다 ..,진짜 너무 맛있어요 맛도 맛인데 서비스가 너무 좋으셔서 100점만점에 300점 입니다,0,0,0,0,0,0,1,50,서비스
naver,이태리국시 성수,먹는 행복V,407.0,2026.03.13,1번째 방문,영수증,"특별한 날 어디에서 식사를 할까 찾아보다가 독특한 콘셉트의 음식점 같아서 방문했어요. '바지락찜 파스타'와 '숯불갈비 리소토' 주문했는데요. 이태리 음식이지만, 퓨전 느낌의 한국적인 맛과 차분한 인테리어가 잘 어우러졌습니다. 저녁에 오니 약간은 어두운 조명이 분위기 있더라고요. 🤭 만족스러운 식사였습니다. 🤗",173,True,,,,"특별한 날 어디에서 식사를 할까 찾아보다가 독특한 콘셉트의 음식점 같아서 방문했어요. '바지락찜 파스타'와 '숯불갈비 리소토' 주문했는데요. 이태리 음식이지만, 퓨전 느낌의 한국적인 맛과 차분한 인테리어가 잘 어우러졌습니다. 저녁에 오니 약간은 어두운 조명이 분위기 있더라고요. 🤭 만족스러운 식사였습니다. 🤗",특별한 날 어디에서 식사를 할까 찾아보다가 독특한 콘셉트의 음식점 같아서 방문했어요 바지락찜 파스타 와 숯불갈비 리소토 주문했는데요 이태리 음식이지만 퓨전 느낌의 한국적인 맛과 차분한 인테리어가 잘 어우러졌습니다 저녁에 오니 약간은 어두운 조명이 분위기 있더라고요 만족스러운 식사였습니다,0,0,0,0,0,0,0,173,주문
naver,소문난성수감자탕,젤라니이,1643.0,2026.01.10,1번째 방문,영수증,11시반에 갔더니 대기가 길지 않았어요. 잡내없이 맛있었고 볶음밥 거의 다 먹은 거 보고 이모님이 자리 치워도 되냐고 하셔서 서둘러 나와 보니 대기줄이 길었어요.,90,True,,,,11시반에 갔더니 대기가 길지 않았어요. 잡내없이 맛있었고 볶음밥 거의 다 먹은 거 보고 이모님이 자리 치워도 되냐고 하셔서 서둘러 나와 보니 대기줄이 길었어요.,11시반에 갔더니 대기가 길지 않았어요 잡내없이 맛있었고 볶음밥 거의 다 먹은 거 보고 이모님이 자리 치워도 되냐고 하셔서 서둘러 나와 보니 대기줄이 길었어요,0,0,0,0,0,0,1,90,대기
naver,할머니의 레시피,유리하늘37,937.0,2025.04.11,1번째 방문,영수증,점심특선으로 먹었는데 정갈하고 맛있어요.가격도 착하고 친절해요.,35,True,,,,점심특선으로 먹었는데 정갈하고 맛있어요.가격도 착하고 친절해요.,점심특선으로 먹었는데 정갈하고 맛있어요 가격도 착하고 친절해요,0,0,0,0,0,0,0,35,친절
naver,락희옥 마포본점,오호2881,4.0,2025.10.31,1번째 방문,영수증,음식이 맛있고 직원이 친절합니다. 모임 장소로 추천!,29,False,,,,음식이 맛있고 직원이 친절합니다. 모임 장소로 추천!,음식이 맛있고 직원이 친절합니다 모임 장소로 추천 EXCLAM,0,0,0,0,1,0,0,29,"친절, 직원"
kakao,금금,철준,157.0,2026-04-06,,,"된장어쩌구 메뉴에 홀려서 들어갔으나, 맛 서비스 다 최저. 무슨 반찬인지 모르는 그건 맛있었다.",53,False,1.0,4.2,골드 레벨,"된장어쩌구 메뉴에 홀려서 들어갔으나, 맛 서비스 다 최저. 무슨 반찬인지 모르는 그건 맛있었다.",된장어쩌구 메뉴에 홀려서 들어갔으나 맛 서비스 다 최저 무슨 반찬인지 모르는 그건 맛있었다,0,0,0,0,0,0,0,53,서비스
naver,각시보쌈,모나카아스크림,974.0,2026.04.21,1번째 방문,영수증,"브레이크 타임 끝나고 들어갔어요. 각시 정식. 항정살 수육과 두부와 참치가 들어간 김치찌개까지 나와서 배부른 한상 입니다. 상추 추가시 2,000원인데 고기와 상추 갯수가 같으니까 추가 주문할 일은 없을듯- 5시 이후엔 1인 정식 주문이 안될수 있으니 참고하세요.",147,True,,,,"브레이크 타임 끝나고 들어갔어요. 각시 정식. 항정살 수육과 두부와 참치가 들어간 김치찌개까지 나와서 배부른 한상 입니다. 상추 추가시 2,000원인데 고기와 상추 갯수가 같으니까 추가 주문할 일은 없을듯- 5시 이후엔 1인 정식 주문이 안될수 있으니 참고하세요.",브레이크 타임 끝나고 들어갔어요 각시 정식 항정살 수육과 두부와 참치가 들어간 김치찌개까지 나와서 배부른 한상 입니다 상추 추가시 2 000원인데 고기와 상추 갯수가 같으니까 추가 주문할 일은 없을듯 5시 이후엔 1인 정식 주문이 안될수 있으니 참고하세요,0,0,0,0,0,0,1,147,주문
naver,소문난성수감자탕,david7064,83.0,2025.12.06,1번째 방문,영수증,여기는 갈 때마다 정신이 없고 손님을 물건으로 보는 느낌임 . 아줌마들은 친절했으나 고기가 살이 하나도 없고 다. 뼈뿐임 1만3000원짜리 특을 시켰는데도 뼈가 4ㅡ 5개가 왔는데도 살이 하나도 없었음 그리고 일반적인 등뼈 해장국이 아니고 이상한 내장 같은 부위가 있어서 약간 곱창 맛이 나는데 역겨웠음 다신 안가고 싶음 배가 부르지도 않고 기분 나쁘게 배가 부름.,204,False,,,,여기는 갈 때마다 정신이 없고 손님을 물건으로 보는 느낌임 . 아줌마들은 친절했으나 고기가 살이 하나도 없고 다. 뼈뿐임 1만3000원짜리 특을 시켰는데도 뼈가 4ㅡ 5개가 왔는데도 살이 하나도 없었음 그리고 일반적인 등뼈 해장국이 아니고 이상한 내장 같은 부위가 있어서 약간 곱창 맛이 나는데 역겨웠음 다신 안가고 싶음 배가 부르지도 않고 기분 나쁘게 배가 부름.,여기는 갈 때마다 정신이 없고 손님을 물건으로 보는 느낌임 아줌마들은 친절했으나 고기가 살이 하나도 없고 다 뼈뿐임 1만3000원짜리 특을 시켰는데도 뼈가 4 5개가 왔는데도 살이 하나도 없었음 그리고 일반적인 등뼈 해장국이 아니고 이상한 내장 같은 부위가 있어서 약간 곱창 맛이 나는데 역겨웠음 다신 안가고 싶음 배가 부르지도 않고 기분 나쁘게 배가 부름,0,0,0,0,0,0,1,204,친절
naver,일등식당,둥둥찌둥,93.0,2025.06.28,1번째 방문,영수증,맑은 국물인데 그렇지 않은 깊은맛 ..! 아침부터 소주를 부르는 맛입니다. 김치도 맛있지만 깍두기가 좀 더 입에 맞았어요. 팔팔 끓어서 나오면 좋겠단 생각이 들어요. 금방 식어요 .. 오리지날 국물맛을 즐긴다음에 반정도 먹었을때 고춧가루랑 후추 넣어서 먹으니 또 다른 맛이에요 !! 고춧가루가 좀 매우니 적당히 맛 보면서 넣으세요 ! 후추맛 안좋아하는데 고춧가루+후추조합이 더 술을 부르는 자극적인 맛입니다. 웨이팅은 없었어요. 먹텐 짱 ㅠㅠ,247,True,,,,맑은 국물인데 그렇지 않은 깊은맛 ..! 아침부터 소주를 부르는 맛입니다. 김치도 맛있지만 깍두기가 좀 더 입에 맞았어요. 팔팔 끓어서 나오면 좋겠단 생각이 들어요. 금방 식어요 .. 오리지날 국물맛을 즐긴다음에 반정도 먹었을때 고춧가루랑 후추 넣어서 먹으니 또 다른 맛이에요 !! 고춧가루가 좀 매우니 적당히 맛 보면서 넣으세요 ! 후추맛 안좋아하는데 고춧가루+후추조합이 더 술을 부르는 자극적인 맛입니다. 웨이팅은 없었어요. 먹텐 짱 ㅠㅠ,맑은 국물인데 그렇지 않은 깊은맛 EXCLAM 아침부터 소주를 부르는 맛입니다 김치도 맛있지만 깍두기가 좀 더 입에 맞았어요 팔팔 끓어서 나오면 좋겠단 생각이 들어요 금방 식어요 오리지날 국물맛을 즐긴다음에 반정도 먹었을때 고춧가루랑 후추 넣어서 먹으니 또 다른 맛이에요 EXCLAM 고춧가루가 좀 매우니 적당히 맛 보면서 넣으세요 EXCLAM 후추맛 안좋아하는데 고춧가루 후추조합이 더 술을 부르는 자극적인 맛입니다 웨이팅은 없었어요 먹텐 짱,0,0,0,1,1,0,0,247,웨이팅
kakao,소문난성수감자탕,객관적시선,104.0,2025-11-08,,,최악의 악. 한가한 시간에 가도 손님 아는척도 안하다가 주문 안하냐고 화냄. 외국인관광객들 많던데 내가 다 부끄러울 정도의 위생과 맛. 위치빨,79,False,1.0,2.3,실버 레벨,최악의 악. 한가한 시간에 가도 손님 아는척도 안하다가 주문 안하냐고 화냄. 외국인관광객들 많던데 내가 다 부끄러울 정도의 위생과 맛. 위치빨,최악의 악 한가한 시간에 가도 손님 아는척도 안하다가 주문 안하냐고 화냄 외국인관광객들 많던데 내가 다 부끄러울 정도의 위생과 맛 위치빨,0,0,0,0,0,0,0,79,주문
naver,육산장 홍대본점,융3118,34.0,2026.04.14,1번째 방문,영수증,야외 버너에서 구워먹는거구 지금 같은 날씨 좋은 날 오기 너무 좋아요!! 주문할때 메뉴마다 술 종류 하나씩 추가해놓은 것도 뭔가 웃겼어요🤣🤣 고기가 초벌해서 나와서 편하고 맛있게 잘 먹었습니다🫶🏻🔥🔥,111,True,,,,야외 버너에서 구워먹는거구 지금 같은 날씨 좋은 날 오기 너무 좋아요!! 주문할때 메뉴마다 술 종류 하나씩 추가해놓은 것도 뭔가 웃겼어요🤣🤣 고기가 초벌해서 나와서 편하고 맛있게 잘 먹었습니다🫶🏻🔥🔥,야외 버너에서 구워먹는거구 지금 같은 날씨 좋은 날 오기 너무 좋아요 EXCLAM 주문할때 메뉴마다 술 종류 하나씩 추가해놓은 것도 뭔가 웃겼어요 EMO_LAUGH EMO_LAUGH 고기가 초벌해서 나와서 편하고 맛있게 잘 먹었습니다 EMO_POS EMO_POS,1,0,1,0,1,0,0,111,주문
naver,육산장 홍대본점,kah****,3.0,2026.02.26,1번째 방문,영수증,맛 짱! 친절 짱! 분위기 짱짱짱! 흠잡을 데 없이 맛있는 음식과 멋진 인테리어 덕준이 친구와의 우정이 한결 더 업업업~,67,True,,,,맛 짱! 친절 짱! 분위기 짱짱짱! 흠잡을 데 없이 맛있는 음식과 멋진 인테리어 덕준이 친구와의 우정이 한결 더 업업업~,맛 짱 EXCLAM 친절 짱 EXCLAM 분위기 짱짱 EXCLAM 흠잡을 데 없이 맛있는 음식과 멋진 인테리어 덕준이 친구와의 우정이 한결 더 업업,0,0,0,0,1,0,0,67,친절
naver,보끔당 성수점,mayqueenjhw,571.0,2026.02.14,1번째 방문,영수증,"토마토미트 주문했습니다. 매콤한 토마토 소스에 순살 닭고기, 미트볼, 스파게티면, 소시지, 올리브, 치즈 등이 들어 있어요. 매콤해서 느끼하지 않아요. 양도 꽤 되고요. 직원분들도 친절하십니다.",108,True,,,,"토마토미트 주문했습니다. 매콤한 토마토 소스에 순살 닭고기, 미트볼, 스파게티면, 소시지, 올리브, 치즈 등이 들어 있어요. 매콤해서 느끼하지 않아요. 양도 꽤 되고요. 직원분들도 친절하십니다.",토마토미트 주문했습니다 매콤한 토마토 소스에 순살 닭고기 미트볼 스파게티면 소시지 올리브 치즈 등이 들어 있어요 매콤해서 느끼하지 않아요 양도 꽤 되고요 직원분들도 친절하십니다,0,0,0,0,0,0,0,108,"친절, 직원, 주문"
naver,능동미나리 성수지점,아이엠뚜뚜,181.0,2025.12.11,1번째 방문,영수증,성수 ‘능동미나리’ 쪼금 아쉬웠던 능동미나리 다른메뉴를 먹어봐야겠지먼 우선 제가 먹어본 육회미나리비빔밥은 약이 너무 적어요...대기 없이 먹은건 너무좋지만... 미나리 60%+밥 20%+육회 20% 느낌이에요 가격대비 아쉽기도 하고 근데 맛이 없눈 조합은 아니라 맛은 있는데 석박지도 맛있눈데 배가 안불러요..,173,True,,,,성수 ‘능동미나리’ 쪼금 아쉬웠던 능동미나리 다른메뉴를 먹어봐야겠지먼 우선 제가 먹어본 육회미나리비빔밥은 약이 너무 적어요...대기 없이 먹은건 너무좋지만... 미나리 60%+밥 20%+육회 20% 느낌이에요 가격대비 아쉽기도 하고 근데 맛이 없눈 조합은 아니라 맛은 있는데 석박지도 맛있눈데 배가 안불러요..,성수 능동미나리 쪼금 아쉬웠던 능동미나리 다른메뉴를 먹어봐야겠지먼 우선 제가 먹어본 육회미나리비빔밥은 약이 너무 적어요 대기 없이 먹은건 너무좋지만 미나리 60 밥 20 육회 20 느낌이에요 가격대비 아쉽기도 하고 근데 맛이 없눈 조합은 아니라 맛은 있는데 석박지도 맛있눈데 배가 안불러요,0,0,0,0,0,0,1,173,대기
naver,옥동식,겨울눈이펑펑,400.0,2025.04.26,1번째 방문,영수증,캐치테이블 예약하고 방문했고 좌석이 많지 않다보니 생각보다 대기시간 더 걸린다 생각하는게 좋을 것 같아요! 국밥 보통이랑 만두 주문했고 국밥 첫맛은 응? 으응? 할 정도로 슴슴하고 단맛은 1도 없어요! 담백 건강함 그자체! 국밥의 고기가 엄청 부드러워 좋았고 양념장 역시 짭짤함만 더해 줍니다. 국밥계의 평냉 느낌!!! 만두는 건강한 김치만두맛! 맛있어요! 개인적으로는 후추를 살짝 뿌린다면 더 맛있게 먹었을 것 같아요!,235,True,,,,캐치테이블 예약하고 방문했고 좌석이 많지 않다보니 생각보다 대기시간 더 걸린다 생각하는게 좋을 것 같아요! 국밥 보통이랑 만두 주문했고 국밥 첫맛은 응? 으응? 할 정도로 슴슴하고 단맛은 1도 없어요! 담백 건강함 그자체! 국밥의 고기가 엄청 부드러워 좋았고 양념장 역시 짭짤함만 더해 줍니다. 국밥계의 평냉 느낌!!! 만두는 건강한 김치만두맛! 맛있어요! 개인적으로는 후추를 살짝 뿌린다면 더 맛있게 먹었을 것 같아요!,캐치테이블 예약하고 방문했고 좌석이 많지 않다보니 생각보다 대기시간 더 걸린다 생각하는게 좋을 것 같아요 EXCLAM 국밥 보통이랑 만두 주문했고 국밥 첫맛은 응 QUESTION 으응 QUESTION 할 정도로 슴슴하고 단맛은 1도 없어요 EXCLAM 담백 건강함 그자체 EXCLAM 국밥의 고기가 엄청 부드러워 좋았고 양념장 역시 짭짤함만 더해 줍니다 국밥계의 평냉 느낌 EXCLAM 만두는 건강한 김치만두맛 EXCLAM 맛있어요 EXCLAM 개인적으로는 후추를 살짝 뿌린다면 더 맛있게 먹었을 것 같아요 EXCLAM,0,0,0,0,1,1,1,235,"주문, 대기, 예약"
naver,홍대 육지,mrs****,8.0,2026.04.28,1번째 방문,영수증,친절한 서비스에 일단 감동으로 시작... 쾌적한 공간에 잔잔한 bgm.. 돈대갈비 👍 .. 모든 🐖 🐷 👍👍👍 호강하는 하루였어요.^^,75,True,,,,친절한 서비스에 일단 감동으로 시작... 쾌적한 공간에 잔잔한 bgm.. 돈대갈비 👍 .. 모든 🐖 🐷 👍👍👍 호강하는 하루였어요.^^,친절한 서비스에 일단 감동으로 시작 쾌적한 공간에 잔잔한 bgm 돈대갈비 EMO_POS 모든 EMO_POS EMO_POS EMO_POS 호강하는 하루였어요,1,0,0,0,0,0,0,75,"서비스, 친절"
kakao,락희옥 마포본점,고정원,1.0,2025-08-12,,,"락희옥에서 성게알밥과 김치말이국수를 먹었는데, 둘 다 만족스러웠어요. 성게알밥은 신선한 성게 특유의 고소하고 바다 향이 나는 맛이 밥알과 잘 어울렸고, 비린 맛 없이 깔끔했습니다. 김치말이국수는 시원한 육수에 김치 맛이 은은하게 배어 있어서 여름철 입맛 살리기에 딱 좋았어요. 직원분들도 매우 친절해서 기분 좋게 식사할 수 있었습니다. 재료 신선도와 서비스 모두 훌륭해 재방문 의사 100%",218,True,5.0,5.0,브론즈 레벨,"락희옥에서 성게알밥과 김치말이국수를 먹었는데, 둘 다 만족스러웠어요. 성게알밥은 신선한 성게 특유의 고소하고 바다 향이 나는 맛이 밥알과 잘 어울렸고, 비린 맛 없이 깔끔했습니다. 김치말이국수는 시원한 육수에 김치 맛이 은은하게 배어 있어서 여름철 입맛 살리기에 딱 좋았어요. 직원분들도 매우 친절해서 기분 좋게 식사할 수 있었습니다. 재료 신선도와 서비스 모두 훌륭해 재방문 의사 100%",락희옥에서 성게알밥과 김치말이국수를 먹었는데 둘 다 만족스러웠어요 성게알밥은 신선한 성게 특유의 고소하고 바다 향이 나는 맛이 밥알과 잘 어울렸고 비린 맛 없이 깔끔했습니다 김치말이국수는 시원한 육수에 김치 맛이 은은하게 배어 있어서 여름철 입맛 살리기에 딱 좋았어요 직원분들도 매우 친절해서 기분 좋게 식사할 수 있었습니다 재료 신선도와 서비스 모두 훌륭해 재방문 의사 100,0,0,0,0,0,0,1,218,"서비스, 친절, 직원"
naver,보끔당 성수점,bob****,38.0,2026.04.23,3번째 방문,영수증,너무맛있고 사장님들도 친절하시고 좋아요!! 다음에또 오겠습니다!!,36,True,,,,너무맛있고 사장님들도 친절하시고 좋아요!! 다음에또 오겠습니다!!,너무맛있고 사장님들도 친절하시고 좋아요 EXCLAM 다음에또 오겠습니다 EXCLAM,0,0,0,0,1,0,0,36,"친절, 사장님"
naver,홍대 육지,iny****,26.0,2026.04.07,1번째 방문,영수증,"홍대생 인증 맛집,,, 👍🏻👍🏻👍🏻 동기랑 방문했는데 넘 맛잇와요... 야르rrrr 고기도 구워주시고 서버분이 진짜재치가 넘치셔서 또방문예정^^... 🤤🤤 고기 잡내도 없고 아니근데계란찜이 ㄹㅇ 고트 너무맛있어서 고기 나오기전에 둘이서 다 먹어버럇어요....... 꼭 시키시길 🙏🏻🙏🏻🙏🏻🤩",162,True,,,,"홍대생 인증 맛집,,, 👍🏻👍🏻👍🏻 동기랑 방문했는데 넘 맛잇와요... 야르rrrr 고기도 구워주시고 서버분이 진짜재치가 넘치셔서 또방문예정^^... 🤤🤤 고기 잡내도 없고 아니근데계란찜이 ㄹㅇ 고트 너무맛있어서 고기 나오기전에 둘이서 다 먹어버럇어요....... 꼭 시키시길 🙏🏻🙏🏻🙏🏻🤩",홍대생 인증 맛집 EMO_POS EMO_POS EMO_POS 동기랑 방문했는데 넘 맛잇와요 야르rr 고기도 구워주시고 서버분이 진짜재치가 넘치셔서 또방문예정 고기 잡내도 없고 아니근데계란찜이 고트 너무맛있어서 고기 나오기전에 둘이서 다 먹어버럇어요 꼭 시키시길,1,0,0,0,0,0,0,162,구워주
naver,옥동식,도베르만46,751.0,2025.04.09,1번째 방문,예약,💙💜💗❤️🖤 플레이브 하민 추천 맛집이라 킵만 해놓고 항상 웨이팅 많아서 못왔어요! 10시 35분에 캐치 보니까 5팀 예약있었구 평일 아침이라 예약해야하나 싶은 나자신 반성해... 하도 리뷰 찬양글이 많길래 국밥이 그래도 국밥이지 싶었는데 홀린듯 싹싹 먹고왔습니다 ㅋㅋㅋㅋ 햄버거 세트 먹는 일반 여자인데 특 먹었구 고기 양 만조쿠~,186,True,,,,💙💜💗❤️🖤 플레이브 하민 추천 맛집이라 킵만 해놓고 항상 웨이팅 많아서 못왔어요! 10시 35분에 캐치 보니까 5팀 예약있었구 평일 아침이라 예약해야하나 싶은 나자신 반성해... 하도 리뷰 찬양글이 많길래 국밥이 그래도 국밥이지 싶었는데 홀린듯 싹싹 먹고왔습니다 ㅋㅋㅋㅋ 햄버거 세트 먹는 일반 여자인데 특 먹었구 고기 양 만조쿠~,EMO_POS EMO_POS EMO_POS EMO_POS EMO_POS 플레이브 하민 추천 맛집이라 킵만 해놓고 항상 웨이팅 많아서 못왔어요 EXCLAM 10시 35분에 캐치 보니까 5팀 예약있었구 평일 아침이라 예약해야하나 싶은 나자신 반성해 하도 리뷰 찬양글이 많길래 국밥이 그래도 국밥이지 싶었는데 홀린듯 싹싹 먹고왔습니다 햄버거 세트 먹는 일반 여자인데 특 먹었구 고기 양 만조쿠,1,0,0,0,1,0,1,186,"웨이팅, 예약"
kakao,능동미나리 성수점,마포걷달,710.0,2025-02-08,,,"팩트체크\ “호기심에 한 번 정도는 좋은” 맛 미나리채가 ‘곰탕’ 위에 걸쳐 있을 줄 알았는데, 미나리를 잘게잘게 썰어 마치 ‘개구리밥’처럼 곰탕 수면 위를 뒤덮었습니다. 뷰는 강력하네요. 잘게 썬 미나리가 자연스럽게 국물과 함께 떠져 입속으로 들어갑니다. 입속에서 씹혀 목구멍을 타고 넘어가면, 미나리의 향내가 입안을 가득 채웁니다. 자칫 곰탕 고유의 푹 고운 맛이 가려지기도 하네요. 이건 호불호가 될 수도 있을 것 같습니다. 고기의 질은 최상급, 아주 훌륭합니다. 전반적으로 곰탕은 잘 고와져 나왔으나 특유의 푹 고운 소고기 맛보다는 미나리 맛이 섞여 정통스럽지는 않습니다. 미나리 육회는 냉동 육회이며 고기의 품질은 좋지만 상태는 그저 준수한 수준입니다. 노른자와 참기름을 적당히 섞으면 비주얼이 아주 훌륭합니다. 놋쇠가 주는 묵직함과 품격, 전통성이 음식에 더 좋은 기운을 주지만 맛은 평범합니다. 김치 맛은 훌륭합니다. 서비스 다소 복잡합니다. 기본 웨이팅이 있으나 회전은 빠른 편입니다. 저희는 대기 없이 바로 들어갔으며, 안내하는 수준은 평이합니다. 아무 자리나 앉을 수 없으며 특히 둘이 가면 넓은 테이블에 앉을 수가 없습니다. 무조건 2인석으로 인도되네요. 젊은 분들의 서빙이 속도는 빠르지만, 그저 빠른 회전을 위해 프로세스화가 되어 있는 느낌입니다. 분위기 옛 건물이며 내부는 미로처럼 방이 여럿입니다. 한 방에 대략 서너 개의 테이블이 있으며, 다닥다닥 붙어 있는 편입니다. 이동 동선이 크게 어렵지는 않지만 손님이 많아서 복잡해 보이기는 합니다. 층고는 평범하고 전형적인 식당의 모습입니다. 빠르게 먹고 빠르게 나와주어야 할 분위기네요^^ 가격 곰탕과 비빔밥은 15,000원으로 싸지 않습니다. 육회 또한 27,000원 수준으로 굳이 광장시장 육회와 비교하면 가격은 다소 높고, 맛은 떨어집니다. 냉동과 냉장의 차이가 있습니다. 가격 수준은 보통보다는 약간 높은 수준으로 보시면 됩니다. - 끝",962,True,3.0,3.4,퍼플 레벨,"팩트체크\ “호기심에 한 번 정도는 좋은” 맛 미나리채가 ‘곰탕’ 위에 걸쳐 있을 줄 알았는데, 미나리를 잘게잘게 썰어 마치 ‘개구리밥’처럼 곰탕 수면 위를 뒤덮었습니다. 뷰는 강력하네요. 잘게 썬 미나리가 자연스럽게 국물과 함께 떠져 입속으로 들어갑니다. 입속에서 씹혀 목구멍을 타고 넘어가면, 미나리의 향내가 입안을 가득 채웁니다. 자칫 곰탕 고유의 푹 고운 맛이 가려지기도 하네요. 이건 호불호가 될 수도 있을 것 같습니다. 고기의 질은 최상급, 아주 훌륭합니다. 전반적으로 곰탕은 잘 고와져 나왔으나 특유의 푹 고운 소고기 맛보다는 미나리 맛이 섞여 정통스럽지는 않습니다. 미나리 육회는 냉동 육회이며 고기의 품질은 좋지만 상태는 그저 준수한 수준입니다. 노른자와 참기름을 적당히 섞으면 비주얼이 아주 훌륭합니다. 놋쇠가 주는 묵직함과 품격, 전통성이 음식에 더 좋은 기운을 주지만 맛은 평범합니다. 김치 맛은 훌륭합니다. 서비스 다소 복잡합니다. 기본 웨이팅이 있으나 회전은 빠른 편입니다. 저희는 대기 없이 바로 들어갔으며, 안내하는 수준은 평이합니다. 아무 자리나 앉을 수 없으며 특히 둘이 가면 넓은 테이블에 앉을 수가 없습니다. 무조건 2인석으로 인도되네요. 젊은 분들의 서빙이 속도는 빠르지만, 그저 빠른 회전을 위해 프로세스화가 되어 있는 느낌입니다. 분위기 옛 건물이며 내부는 미로처럼 방이 여럿입니다. 한 방에 대략 서너 개의 테이블이 있으며, 다닥다닥 붙어 있는 편입니다. 이동 동선이 크게 어렵지는 않지만 손님이 많아서 복잡해 보이기는 합니다. 층고는 평범하고 전형적인 식당의 모습입니다. 빠르게 먹고 빠르게 나와주어야 할 분위기네요^^ 가격 곰탕과 비빔밥은 15,000원으로 싸지 않습니다. 육회 또한 27,000원 수준으로 굳이 광장시장 육회와 비교하면 가격은 다소 높고, 맛은 떨어집니다. 냉동과 냉장의 차이가 있습니다. 가격 수준은 보통보다는 약간 높은 수준으로 보시면 됩니다. - 끝",팩트체크 호기심에 한 번 정도는 좋은 맛 미나리채가 곰탕 위에 걸쳐 있을 줄 알았는데 미나리를 잘게잘게 썰어 마치 개구리밥 처럼 곰탕 수면 위를 뒤덮었습니다 뷰는 강력하네요 잘게 썬 미나리가 자연스럽게 국물과 함께 떠져 입속으로 들어갑니다 입속에서 씹혀 목구멍을 타고 넘어가면 미나리의 향내가 입안을 가득 채웁니다 자칫 곰탕 고유의 푹 고운 맛이 가려지기도 하네요 이건 호불호가 될 수도 있을 것 같습니다 고기의 질은 최상급 아주 훌륭합니다 전반적으로 곰탕은 잘 고와져 나왔으나 특유의 푹 고운 소고기 맛보다는 미나리 맛이 섞여 정통스럽지는 않습니다 미나리 육회는 냉동 육회이며 고기의 품질은 좋지만 상태는 그저 준수한 수준입니다 노른자와 참기름을 적당히 섞으면 비주얼이 아주 훌륭합니다 놋쇠가 주는 묵직함과 품격 전통성이 음식에 더 좋은 기운을 주지만 맛은 평범합니다 김치 맛은 훌륭합니다 서비스 다소 복잡합니다 기본 웨이팅이 있으나 회전은 빠른 편입니다 저희는 대기 없이 바로 들어갔으며 안내하는 수준은 평이합니다 아무 자리나 앉을 수 없으며 특히 둘이 가면 넓은 테이블에 앉을 수가 없습니다 무조건 2인석으로 인도되네요 젊은 분들의 서빙이 속도는 빠르지만 그저 빠른 회전을 위해 프로세스화가 되어 있는 느낌입니다 분위기 옛 건물이며 내부는 미로처럼 방이 여럿입니다 한 방에 대략 서너 개의 테이블이 있으며 다닥다닥 붙어 있는 편입니다 이동 동선이 크게 어렵지는 않지만 손님이 많아서 복잡해 보이기는 합니다 층고는 평범하고 전형적인 식당의 모습입니다 빠르게 먹고 빠르게 나와주어야 할 분위기네요 가격 곰탕과 비빔밥은 15 000원으로 싸지 않습니다 육회 또한 27 000원 수준으로 굳이 광장시장 육회와 비교하면 가격은 다소 높고 맛은 떨어집니다 냉동과 냉장의 차이가 있습니다 가격 수준은 보통보다는 약간 높은 수준으로 보시면 됩니다 끝,0,0,0,0,0,0,1,962,"서비스, 서빙, 안내, 웨이팅, 대기"
kakao,훼미리손칼국수보쌈,옙,2.0,2025-12-07,,,옛날엔 맛도 좋고 친절했는데 너무 불친절 해졌다. 왜이렇게 산만하고 먹고 있는데 수저통 채우시는데 그렇게 까지 팍팍 소리내며 채울 일인가?? 일하기 싫어하는 티를 너무 내신다. 그리고 왜 반말이세요??그리고 앉자마자 정식2인분 할거죠? 라고 거의 반강요를 하신다. 보쌈이 나오고 칼국수가 나오는데 나보다 늦게온 사람들 칼국수 먼저 주고 십분 정도 더 기다려서야 나의 칼국수가 도착했다. 김치도 더달라고 했는데 알겠다고 하고 안주시고..다신 안올듯!,250,True,2.0,3.5,브론즈 레벨,옛날엔 맛도 좋고 친절했는데 너무 불친절 해졌다. 왜이렇게 산만하고 먹고 있는데 수저통 채우시는데 그렇게 까지 팍팍 소리내며 채울 일인가?? 일하기 싫어하는 티를 너무 내신다. 그리고 왜 반말이세요??그리고 앉자마자 정식2인분 할거죠? 라고 거의 반강요를 하신다. 보쌈이 나오고 칼국수가 나오는데 나보다 늦게온 사람들 칼국수 먼저 주고 십분 정도 더 기다려서야 나의 칼국수가 도착했다. 김치도 더달라고 했는데 알겠다고 하고 안주시고..다신 안올듯!,옛날엔 맛도 좋고 친절했는데 너무 불친절 해졌다 왜이렇게 산만하고 먹고 있는데 수저통 채우시는데 그렇게 까지 팍팍 소리내며 채울 일인가 QUESTION 일하기 싫어하는 티를 너무 내신다 그리고 왜 반말이세요 QUESTION 그리고 앉자마자 정식2인분 할거죠 QUESTION 라고 거의 반강요를 하신다 보쌈이 나오고 칼국수가 나오는데 나보다 늦게온 사람들 칼국수 먼저 주고 십분 정도 더 기다려서야 나의 칼국수가 도착했다 김치도 더달라고 했는데 알겠다고 하고 안주시고 다신 안올듯 EXCLAM,0,0,0,0,1,1,1,250,"친절, 불친절, 늦게"
naver,옥동식,Brachioo,1324.0,2025.08.20,3번째 방문,영수증,돼지곰탕 보통(11000원) 먹었어요. 고기가 되게 많다고 느꼈어요. 얇고 김치랑 먹으면 더 맛있어요. 원래 그런 것 같긴 한데 저는 소금 간을 조금 더 하고 싶었어요. 그래도 배부르고 맛있었어요. 직원분들도 다 친절하시고 좋아요. 혼밥도 눈치 안 보이고 좋음!,146,True,,,,돼지곰탕 보통(11000원) 먹었어요. 고기가 되게 많다고 느꼈어요. 얇고 김치랑 먹으면 더 맛있어요. 원래 그런 것 같긴 한데 저는 소금 간을 조금 더 하고 싶었어요. 그래도 배부르고 맛있었어요. 직원분들도 다 친절하시고 좋아요. 혼밥도 눈치 안 보이고 좋음!,돼지곰탕 보통 11000원 먹었어요 고기가 되게 많다고 느꼈어요 얇고 김치랑 먹으면 더 맛있어요 원래 그런 것 같긴 한데 저는 소금 간을 조금 더 하고 싶었어요 그래도 배부르고 맛있었어요 직원분들도 다 친절하시고 좋아요 혼밥도 눈치 안 보이고 좋음 EXCLAM,0,0,0,0,1,0,1,146,"친절, 직원"
naver,할머니의 레시피,깐깐한 아부지,3067.0,2025.02.21,4번째 방문,영수증,가게안도 깨끗 깔끔하고 직원분들 친절하고 음식도 전반적으로 맛있어서 가끔 오는 곳이랍니다~ 아이도 잘 먹고 잘 먹고 감니다~ 종종 들릴게요~ㅎㅎ,80,True,,,,가게안도 깨끗 깔끔하고 직원분들 친절하고 음식도 전반적으로 맛있어서 가끔 오는 곳이랍니다~ 아이도 잘 먹고 잘 먹고 감니다~ 종종 들릴게요~ㅎㅎ,가게안도 깨끗 깔끔하고 직원분들 친절하고 음식도 전반적으로 맛있어서 가끔 오는 곳이랍니다 아이도 잘 먹고 잘 먹고 감니다 종종 들릴게요,0,0,0,0,0,0,0,80,"친절, 직원"
naver,홍대 육지,별명2032,30.0,2026.03.09,1번째 방문,영수증,"직원분들도 친절하게 구워주셔서 편하게 식사할 수 있었고, 밑반찬도 깔끔하게 잘 나와서 계속 손이 갔어요. 전체적으로 분위기도 좋고 맛도 만족스러워서 다음에 또 방문하고 싶은 고깃집입니다!🤧",105,True,,,,"직원분들도 친절하게 구워주셔서 편하게 식사할 수 있었고, 밑반찬도 깔끔하게 잘 나와서 계속 손이 갔어요. 전체적으로 분위기도 좋고 맛도 만족스러워서 다음에 또 방문하고 싶은 고깃집입니다!🤧",직원분들도 친절하게 구워주셔서 편하게 식사할 수 있었고 밑반찬도 깔끔하게 잘 나와서 계속 손이 갔어요 전체적으로 분위기도 좋고 맛도 만족스러워서 다음에 또 방문하고 싶은 고깃집입니다 EXCLAM,0,0,0,0,1,0,0,105,"친절, 직원, 구워주"
naver,소문난성수감자탕,seo****,129.0,2026.03.12,1번째 방문,영수증,"오늘 오빠랑 같이 성수동 데이트하러 왔다 근데 내가 꼭 가고싶은 유명한 소문난 성수감자탕 와보고 싶었다.근데 왠일 웨이팅이 없어서 곧바로 입장해줄수 있어서 감사했다. 정말 국물이 진하고 맛있었고,또 소스가 독특하게 맛있었다.그리고 수제비도 직접 나와서 해주시고 정말 배부르게 잘먹고 왔다 오빠 맛있게 잘먹었어요~ ㅎㅎ",177,True,,,,"오늘 오빠랑 같이 성수동 데이트하러 왔다 근데 내가 꼭 가고싶은 유명한 소문난 성수감자탕 와보고 싶었다.근데 왠일 웨이팅이 없어서 곧바로 입장해줄수 있어서 감사했다. 정말 국물이 진하고 맛있었고,또 소스가 독특하게 맛있었다.그리고 수제비도 직접 나와서 해주시고 정말 배부르게 잘먹고 왔다 오빠 맛있게 잘먹었어요~ ㅎㅎ",오늘 오빠랑 같이 성수동 데이트하러 왔다 근데 내가 꼭 가고싶은 유명한 소문난 성수감자탕 와보고 싶었다 근데 왠일 웨이팅이 없어서 곧바로 입장해줄수 있어서 감사했다 정말 국물이 진하고 맛있었고 또 소스가 독특하게 맛있었다 그리고 수제비도 직접 나와서 해주시고 정말 배부르게 잘먹고 왔다 오빠 맛있게 잘먹었어요,0,0,0,0,0,0,0,177,웨이팅
naver,뼈탄집 성수역점,언제가는세계여행하고싶다,1333.0,2026.02.28,1번째 방문,영수증,"성수동 줄 서는 고기 맛집 뼈탄집에 예약 후 방문했어요. 직원분들 친절하시고 고기를 끝까지 다 구워주시는 서비스 덕분에 편안하게 식사하기 좋았습니다. 칼집 낸 숙성 삼겹살은 부드럽고 잡내 없이 담백합니다. 도톰한 삼겹살은 육즙 가득하고 씹을수록 고소하며 육향이 정말 좋습니다. 밑반찬도 예술이에요. 간이 세지 않고 깔끔한 고추채 절임, 마늘종채 절임, 백김치 추천합니다. 고기와 함께 먹으면 정말 계속 들어갑니다. 프라이빗한 룸 공간도 있어서 가족 외식, 회식, 단체 모임, 소모임 장소로 추천합니다. 매장도 넓고 직원분들 프로페셔널 서비스에 만족했던 식사였어요. 뼈탄구이, 한우 된장찌개, 계탄밥, 곰취 냉면도 맛있어요. 별미입니다. 뼈탄집 음식 다 맛있어서 과식하고 왔어요.",379,True,,,,"성수동 줄 서는 고기 맛집 뼈탄집에 예약 후 방문했어요. 직원분들 친절하시고 고기를 끝까지 다 구워주시는 서비스 덕분에 편안하게 식사하기 좋았습니다. 칼집 낸 숙성 삼겹살은 부드럽고 잡내 없이 담백합니다. 도톰한 삼겹살은 육즙 가득하고 씹을수록 고소하며 육향이 정말 좋습니다. 밑반찬도 예술이에요. 간이 세지 않고 깔끔한 고추채 절임, 마늘종채 절임, 백김치 추천합니다. 고기와 함께 먹으면 정말 계속 들어갑니다. 프라이빗한 룸 공간도 있어서 가족 외식, 회식, 단체 모임, 소모임 장소로 추천합니다. 매장도 넓고 직원분들 프로페셔널 서비스에 만족했던 식사였어요. 뼈탄구이, 한우 된장찌개, 계탄밥, 곰취 냉면도 맛있어요. 별미입니다. 뼈탄집 음식 다 맛있어서 과식하고 왔어요.",성수동 줄 서는 고기 맛집 뼈탄집에 예약 후 방문했어요 직원분들 친절하시고 고기를 끝까지 다 구워주시는 서비스 덕분에 편안하게 식사하기 좋았습니다 칼집 낸 숙성 삼겹살은 부드럽고 잡내 없이 담백합니다 도톰한 삼겹살은 육즙 가득하고 씹을수록 고소하며 육향이 정말 좋습니다 밑반찬도 예술이에요 간이 세지 않고 깔끔한 고추채 절임 마늘종채 절임 백김치 추천합니다 고기와 함께 먹으면 정말 계속 들어갑니다 프라이빗한 룸 공간도 있어서 가족 외식 회식 단체 모임 소모임 장소로 추천합니다 매장도 넓고 직원분들 프로페셔널 서비스에 만족했던 식사였어요 뼈탄구이 한우 된장찌개 계탄밥 곰취 냉면도 맛있어요 별미입니다 뼈탄집 음식 다 맛있어서 과식하고 왔어요,0,0,0,0,0,0,0,379,"서비스, 친절, 직원, 구워주, 예약"
naver,소문난성수감자탕,디저트러버 영이,703.0,2026.03.30,2번째 방문,영수증,미리 쎄팅이 되면 입장을 시켜 주시지… 컵도 수저도 밥도 늦게 나오고… 양은 혜자 스럽고 맛나요~ 치우는 것도 사람 좀 일어나면 치우세요 ㅠ,78,True,,,,미리 쎄팅이 되면 입장을 시켜 주시지… 컵도 수저도 밥도 늦게 나오고… 양은 혜자 스럽고 맛나요~ 치우는 것도 사람 좀 일어나면 치우세요 ㅠ,미리 쎄팅이 되면 입장을 시켜 주시지 컵도 수저도 밥도 늦게 나오고 양은 혜자 스럽고 맛나요 치우는 것도 사람 좀 일어나면 치우세요,0,0,0,0,0,0,0,78,늦게
naver,보끔당 성수점,hyeon9K,,2026.01.04,1번째 방문,영수증,회사 근처라서 점심에 자주 오다가 저녁에 와서 여유롭게 먹으니 좋네요 살도 야들하고 직원들도 친절합니다 나중에 볶아먹는 밥이 맛있어요 근데 기본적으로 좀 매운편입니다,92,True,,,,회사 근처라서 점심에 자주 오다가 저녁에 와서 여유롭게 먹으니 좋네요 살도 야들하고 직원들도 친절합니다 나중에 볶아먹는 밥이 맛있어요 근데 기본적으로 좀 매운편입니다,회사 근처라서 점심에 자주 오다가 저녁에 와서 여유롭게 먹으니 좋네요 살도 야들하고 직원들도 친절합니다 나중에 볶아먹는 밥이 맛있어요 근데 기본적으로 좀 매운편입니다,0,0,0,0,0,0,0,92,"친절, 직원"
kakao,쭌곱창,다영,2.0,2025-06-03,,,가게 분위기도 어두운데 사장님이신건지 직원분이신건지 근무하시는 분이 처음부터 너무 무기력해보이고 메뉴 나와서 설명을 해주시는데 말이 너무 빨라서 무슨말인지 잘 안들리더라구요 아무래도 음식은 한달에 한번은 자체 맛 점검을 해보셔야할것 같습니다 양념이 너무 많아서 계란찜이 양념에 담궈져서 먹은것 같지도 않고 양념은 너무 달고.. 외국분들을 겨냥해서 맛을 달게 하신건지 몰라도 너무 달고 양념은 많고 가격대비 가성비도 떨어진다고 느꼈어요 양념도 단데 생크림을 찍으니 매콤함이 중화되는게 아니라 더 달다고 느껴지고 양념도 많은데 볶음밥도 약간 붉은 양념에 비벼져서 나오고.. 보완이 필요한것 같습니다,332,True,1.0,3.0,브론즈 레벨,가게 분위기도 어두운데 사장님이신건지 직원분이신건지 근무하시는 분이 처음부터 너무 무기력해보이고 메뉴 나와서 설명을 해주시는데 말이 너무 빨라서 무슨말인지 잘 안들리더라구요 아무래도 음식은 한달에 한번은 자체 맛 점검을 해보셔야할것 같습니다 양념이 너무 많아서 계란찜이 양념에 담궈져서 먹은것 같지도 않고 양념은 너무 달고.. 외국분들을 겨냥해서 맛을 달게 하신건지 몰라도 너무 달고 양념은 많고 가격대비 가성비도 떨어진다고 느꼈어요 양념도 단데 생크림을 찍으니 매콤함이 중화되는게 아니라 더 달다고 느껴지고 양념도 많은데 볶음밥도 약간 붉은 양념에 비벼져서 나오고.. 보완이 필요한것 같습니다,가게 분위기도 어두운데 사장님이신건지 직원분이신건지 근무하시는 분이 처음부터 너무 무기력해보이고 메뉴 나와서 설명을 해주시는데 말이 너무 빨라서 무슨말인지 잘 안들리더라구요 아무래도 음식은 한달에 한번은 자체 맛 점검을 해보셔야할것 같습니다 양념이 너무 많아서 계란찜이 양념에 담궈져서 먹은것 같지도 않고 양념은 너무 달고 외국분들을 겨냥해서 맛을 달게 하신건지 몰라도 너무 달고 양념은 많고 가격대비 가성비도 떨어진다고 느꼈어요 양념도 단데 생크림을 찍으니 매콤함이 중화되는게 아니라 더 달다고 느껴지고 양념도 많은데 볶음밥도 약간 붉은 양념에 비벼져서 나오고 보완이 필요한것 같습니다,0,0,0,0,0,0,0,332,"직원, 사장님, 설명"
naver,할머니의 레시피,JohnIeatwell,1210.0,2025.06.28,1번째 방문,영수증,"반찬도 잘 나오고 비빔밥정식이랑 쌈밥정식 먹었는데 와,, 정말 맛있었어요 ㅠㅠ 👍🏻 음식도 정갈하고 재료도 신선하고 건강하게 맛있는 맛이라 최고였어요! 쌈밥정식을 골랐던 남자친구도 정말 만족스러워하면서 먹더라고요! ☺️🥰 이곳에서 든든한 한 끼 맛있게 잘 먹고 왔습니당! 아무래도 식당 이름을 할머니의 마법 레시피로 바꾸셔야겠어요! 👵🏻🪄 사장님께서도 친절하셔서 더 좋았어요~~! 😆😆 ** 원래 쌈밥정식에 상추도 같이 나오는데 사진에서 잘렸습니다!",251,True,,,,"반찬도 잘 나오고 비빔밥정식이랑 쌈밥정식 먹었는데 와,, 정말 맛있었어요 ㅠㅠ 👍🏻 음식도 정갈하고 재료도 신선하고 건강하게 맛있는 맛이라 최고였어요! 쌈밥정식을 골랐던 남자친구도 정말 만족스러워하면서 먹더라고요! ☺️🥰 이곳에서 든든한 한 끼 맛있게 잘 먹고 왔습니당! 아무래도 식당 이름을 할머니의 마법 레시피로 바꾸셔야겠어요! 👵🏻🪄 사장님께서도 친절하셔서 더 좋았어요~~! 😆😆 ** 원래 쌈밥정식에 상추도 같이 나오는데 사진에서 잘렸습니다!",반찬도 잘 나오고 비빔밥정식이랑 쌈밥정식 먹었는데 와 정말 맛있었어요 EMO_POS 음식도 정갈하고 재료도 신선하고 건강하게 맛있는 맛이라 최고였어요 EXCLAM 쌈밥정식을 골랐던 남자친구도 정말 만족스러워하면서 먹더라고요 EXCLAM EMO_POS 이곳에서 든든한 한 끼 맛있게 잘 먹고 왔습니당 EXCLAM 아무래도 식당 이름을 할머니의 마법 레시피로 바꾸셔야겠어요 EXCLAM 사장님께서도 친절하셔서 더 좋았어요 TILDE EXCLAM EMO_POS EMO_POS 원래 쌈밥정식에 상추도 같이 나오는데 사진에서 잘렸습니다 EXCLAM,1,0,0,1,1,0,0,251,"친절, 사장님"
naver,장인닭갈비 홍대점,물망초870,1.0,2026.04.10,1번째 방문,영수증,처음와본 곳인데 매장이 넓고 직원분들이 친절하세요 ~ 음식 양도 많았습니다 !,43,True,,,,처음와본 곳인데 매장이 넓고 직원분들이 친절하세요 ~ 음식 양도 많았습니다 !,처음와본 곳인데 매장이 넓고 직원분들이 친절하세요 음식 양도 많았습니다 EXCLAM,0,0,0,0,1,0,0,43,"친절, 직원"
naver,홍대 육지,박한별59,35.0,2026.04.16,2번째 방문,영수증,"오늘 재방문 했는데 고기도 직접 구워주셔서 편하게 먹었고, 고기며 채소며 너무 맛있게 먹었습니다❤️ 담에 또 방문할게요!!",68,True,,,,"오늘 재방문 했는데 고기도 직접 구워주셔서 편하게 먹었고, 고기며 채소며 너무 맛있게 먹었습니다❤️ 담에 또 방문할게요!!",오늘 재방문 했는데 고기도 직접 구워주셔서 편하게 먹었고 고기며 채소며 너무 맛있게 먹었습니다 EMO_POS 담에 또 방문할게요 EXCLAM,1,0,0,0,1,0,0,68,구워주
naver,옥동식,dld****,430.0,2025.03.10,1번째 방문,영수증,공간이 작아서 웨이팅은 있지만 인기가 많은 이유가 있었어요-! 국물맛은 어마어마하게 담백하고 김치는 시원하고 만두도 맛있습니다 :),73,True,,,,공간이 작아서 웨이팅은 있지만 인기가 많은 이유가 있었어요-! 국물맛은 어마어마하게 담백하고 김치는 시원하고 만두도 맛있습니다 :),공간이 작아서 웨이팅은 있지만 인기가 많은 이유가 있었어요 EXCLAM 국물맛은 어마어마하게 담백하고 김치는 시원하고 만두도 맛있습니다,0,0,0,0,1,0,0,73,웨이팅
naver,이태리국시 성수,Starry night18,36.0,2026.04.16,1번째 방문,영수증,"곱창치즈 돌솥파스타 원픽이에요! 알배추/숯불갈비, 곱창치즈 돌솥파스타, 라구떡볶이 먹었는데 곱창치즈 제 원픽이에용:) 모든 음식이 익힘 정도도 너무 좋고 매콤하고 치즈 듬뿍 들어있어서 민족이에용! 와인 피노누아 주문했는데 너무 맛있습니다!!",134,True,,,,"곱창치즈 돌솥파스타 원픽이에요! 알배추/숯불갈비, 곱창치즈 돌솥파스타, 라구떡볶이 먹었는데 곱창치즈 제 원픽이에용:) 모든 음식이 익힘 정도도 너무 좋고 매콤하고 치즈 듬뿍 들어있어서 민족이에용! 와인 피노누아 주문했는데 너무 맛있습니다!!",곱창치즈 돌솥파스타 원픽이에요 EXCLAM 알배추 숯불갈비 곱창치즈 돌솥파스타 라구떡볶이 먹었는데 곱창치즈 제 원픽이에용 모든 음식이 익힘 정도도 너무 좋고 매콤하고 치즈 듬뿍 들어있어서 민족이에용 EXCLAM 와인 피노누아 주문했는데 너무 맛있습니다 EXCLAM,0,0,0,0,1,0,0,134,주문
naver,황금콩밭,팔계핑,25.0,2026.01.12,1번째 방문,영수증,샐러드 먹고 있는데 드레싱 밑에서 벌레가 기어 나왔어요. 아무리 신선하다 해도 보통 얼음물에 담궈 놓으면 죽은채로 발견될 텐데.. 직원 호출 눌렀는데도 계속 안오시길래 직접 그릇 들고 카운터에 가져다 드렸어요. 새우젓 아니냐고 하시길래 움직이니까 직접 관찰해보라 말씀드리니 죄송하다고 하시면서 새걸로 가져다 주셨는데 찝찝해서 손이 별로 안가더라구요. 그리고 코스 2인 주문 받아주신건 감사한데 3인 부터 되는거면 메뉴판에 적어주시면 좋을 것 같아요.,251,True,,,,샐러드 먹고 있는데 드레싱 밑에서 벌레가 기어 나왔어요. 아무리 신선하다 해도 보통 얼음물에 담궈 놓으면 죽은채로 발견될 텐데.. 직원 호출 눌렀는데도 계속 안오시길래 직접 그릇 들고 카운터에 가져다 드렸어요. 새우젓 아니냐고 하시길래 움직이니까 직접 관찰해보라 말씀드리니 죄송하다고 하시면서 새걸로 가져다 주셨는데 찝찝해서 손이 별로 안가더라구요. 그리고 코스 2인 주문 받아주신건 감사한데 3인 부터 되는거면 메뉴판에 적어주시면 좋을 것 같아요.,샐러드 먹고 있는데 드레싱 밑에서 벌레가 기어 나왔어요 아무리 신선하다 해도 보통 얼음물에 담궈 놓으면 죽은채로 발견될 텐데 직원 호출 눌렀는데도 계속 안오시길래 직접 그릇 들고 카운터에 가져다 드렸어요 새우젓 아니냐고 하시길래 움직이니까 직접 관찰해보라 말씀드리니 죄송하다고 하시면서 새걸로 가져다 주셨는데 찝찝해서 손이 별로 안가더라구요 그리고 코스 2인 주문 받아주신건 감사한데 3인 부터 되는거면 메뉴판에 적어주시면 좋을 것 같아요,0,0,0,0,0,0,1,251,"직원, 주문"
kakao,소문난성수감자탕,Elizabeth J,13.0,2025-12-05,,,"다시는 안갈래요. 친구랑 갔는데 직원 한 분 응대하는 태도가 너무너무 무안하고 기분 나빴어요. 감자국이랑 감자탕 중에 뭐 시킬지 고민하는중에 직원 한 분이 빨리 시키라는 식으로 재촉하고... 아직 시키지도 않았는데 n번 테이블 잘못나왔잖아~ 면박주고...ㅋㅋㅋㅠ 아니 주문 실수 본인이 해놓고 왜 혼내세요ㅠㅠㅠ 우거지랑 일반 중에 고민하니까 ""메뉴 정확히 말하세요"" 짜증내고....웨이팅 없이 먹어서 다행이었지 웨이팅까지 했음 억울해 미칠뻔ㅎㅎ +)간 거 인증요 하 진짜 딴 데 가서 먹을걸ㅠ 딱히 고기 실하거나 하지도 않고....^_^....",304,False,1.0,4.3,실버 레벨,"다시는 안갈래요. 친구랑 갔는데 직원 한 분 응대하는 태도가 너무너무 무안하고 기분 나빴어요. 감자국이랑 감자탕 중에 뭐 시킬지 고민하는중에 직원 한 분이 빨리 시키라는 식으로 재촉하고... 아직 시키지도 않았는데 n번 테이블 잘못나왔잖아~ 면박주고...ㅋㅋㅋㅠ 아니 주문 실수 본인이 해놓고 왜 혼내세요ㅠㅠㅠ 우거지랑 일반 중에 고민하니까 ""메뉴 정확히 말하세요"" 짜증내고....웨이팅 없이 먹어서 다행이었지 웨이팅까지 했음 억울해 미칠뻔ㅎㅎ +)간 거 인증요 하 진짜 딴 데 가서 먹을걸ㅠ 딱히 고기 실하거나 하지도 않고....^_^....",다시는 안갈래요 친구랑 갔는데 직원 한 분 응대하는 태도가 너무너무 무안하고 기분 나빴어요 감자국이랑 감자탕 중에 뭐 시킬지 고민하는중에 직원 한 분이 빨리 시키라는 식으로 재촉하고 아직 시키지도 않았는데 n번 테이블 잘못나왔잖아 면박주고 아니 주문 실수 본인이 해놓고 왜 혼내세요 우거지랑 일반 중에 고민하니까 메뉴 정확히 말하세요 짜증내고 웨이팅 없이 먹어서 다행이었지 웨이팅까지 했음 억울해 미칠뻔 간 거 인증요 하 진짜 딴 데 가서 먹을걸 딱히 고기 실하거나 하지도 않고 _,0,0,0,1,0,0,0,304,"응대, 직원, 주문, 태도, 웨이팅, 빨리"
naver,옥동식,주주링JUJULING,307.0,2025.07.23,1번째 방문,예약,완전 유명한 국밥 맛집 옥동식... 드뎌 다녀왔습니다 주말에는 웨이팅 70팀인가 80팀인가 해서 포기했다가 수요일 밤 8시쯤 갔는데 웨이팅 없어서 바로 먹을수 있었어요 평소에 국밥 뜨거워서 잘 안먹는 1인인데 뚝배기에 나오는게아니라 놋그릇 같은데 나와서 안뜨거워서 일단 합격.. 그리고 국물이 자극적이지 않고 뽀얀 국물이아닌 맑은 국물.. 삼삼하고 깔끔하니 국물 너무 맛있고 특히 밥 식감이 개신기.. 밥알 하나하나 살아있는 느낌이었어요 ㄷㄷ 특 아니라 기본인데도 양 많아서 배불렀어요! 김치 만두도 존맛이니 꼭 시켜먹어보세요!,295,True,,,,완전 유명한 국밥 맛집 옥동식... 드뎌 다녀왔습니다 주말에는 웨이팅 70팀인가 80팀인가 해서 포기했다가 수요일 밤 8시쯤 갔는데 웨이팅 없어서 바로 먹을수 있었어요 평소에 국밥 뜨거워서 잘 안먹는 1인인데 뚝배기에 나오는게아니라 놋그릇 같은데 나와서 안뜨거워서 일단 합격.. 그리고 국물이 자극적이지 않고 뽀얀 국물이아닌 맑은 국물.. 삼삼하고 깔끔하니 국물 너무 맛있고 특히 밥 식감이 개신기.. 밥알 하나하나 살아있는 느낌이었어요 ㄷㄷ 특 아니라 기본인데도 양 많아서 배불렀어요! 김치 만두도 존맛이니 꼭 시켜먹어보세요!,완전 유명한 국밥 맛집 옥동식 드뎌 다녀왔습니다 주말에는 웨이팅 70팀인가 80팀인가 해서 포기했다가 수요일 밤 8시쯤 갔는데 웨이팅 없어서 바로 먹을수 있었어요 평소에 국밥 뜨거워서 잘 안먹는 1인인데 뚝배기에 나오는게아니라 놋그릇 같은데 나와서 안뜨거워서 일단 합격 그리고 국물이 자극적이지 않고 뽀얀 국물이아닌 맑은 국물 삼삼하고 깔끔하니 국물 너무 맛있고 특히 밥 식감이 개신기 밥알 하나하나 살아있는 느낌이었어요 특 아니라 기본인데도 양 많아서 배불렀어요 EXCLAM 김치 만두도 존맛이니 꼭 시켜먹어보세요 EXCLAM,0,0,0,0,1,0,1,295,웨이팅
naver,홍대 육지,koo****,24.0,2026.04.17,1번째 방문,영수증,다들 너무 친절하시고 고기랑 계란찜 너무 맛있어요!! 합정 방문하시면 꼭 여기에서 한끼 맛있게 하세요💕,57,True,,,,다들 너무 친절하시고 고기랑 계란찜 너무 맛있어요!! 합정 방문하시면 꼭 여기에서 한끼 맛있게 하세요💕,다들 너무 친절하시고 고기랑 계란찜 너무 맛있어요 EXCLAM 합정 방문하시면 꼭 여기에서 한끼 맛있게 하세요 EMO_POS,1,0,0,0,1,0,0,57,친절
kakao,락희옥 마포본점,세은,1.0,2025-02-12,,,분위기도 좋고 친절하고 맛있어요!,18,False,5.0,5.0,브론즈 레벨,분위기도 좋고 친절하고 맛있어요!,분위기도 좋고 친절하고 맛있어요 EXCLAM,0,0,0,0,1,0,0,18,친절
kakao,뼈탄집 성수역점,어서오시라구용,194.0,2026-02-06,,,"밥이 찰기 있어서 좋습니다~ 점심으로 제육, 애호박찌개 먹었습니다. 친절하서서 잘 먹고 갑니다:)",54,True,5.0,4.1,골드 레벨,"밥이 찰기 있어서 좋습니다~ 점심으로 제육, 애호박찌개 먹었습니다. 친절하서서 잘 먹고 갑니다:)",밥이 찰기 있어서 좋습니다 점심으로 제육 애호박찌개 먹었습니다 친절하서서 잘 먹고 갑니다,0,0,0,0,0,0,0,54,친절
naver,훼미리손칼국수보쌈,오늘저장꾼,1005.0,2025.03.15,1번째 방문,영수증,"토요일 오후 5시 30분 도착 후 약 30여분에 3번째 도전 성공이네요. 의외로 손님의 회전이 빠르고 술 손님도 대기 손님이 많아서인지 오래 머물지는 않으시네요. 일부 몰지각한 분들 빼고는요. 연신 포장 배달도 쉴새없이 이루어지는 이곳은 최근 가본 식당 중 가성비와 맛이 최강 맛집 중 하나에요. 김치는 칼국수 집에서 먹던 그 맛이 살아있고, 사골 육수와 부드러운 면발의 국수는 후루룩 후루룩 면치기가 불가피한 맛이네요. 사이드로는 둘다 괜찮지만 만두보다는 감자전을 추천해요.",266,True,,,,"토요일 오후 5시 30분 도착 후 약 30여분에 3번째 도전 성공이네요. 의외로 손님의 회전이 빠르고 술 손님도 대기 손님이 많아서인지 오래 머물지는 않으시네요. 일부 몰지각한 분들 빼고는요. 연신 포장 배달도 쉴새없이 이루어지는 이곳은 최근 가본 식당 중 가성비와 맛이 최강 맛집 중 하나에요. 김치는 칼국수 집에서 먹던 그 맛이 살아있고, 사골 육수와 부드러운 면발의 국수는 후루룩 후루룩 면치기가 불가피한 맛이네요. 사이드로는 둘다 괜찮지만 만두보다는 감자전을 추천해요.",토요일 오후 5시 30분 도착 후 약 30여분에 3번째 도전 성공이네요 의외로 손님의 회전이 빠르고 술 손님도 대기 손님이 많아서인지 오래 머물지는 않으시네요 일부 몰지각한 분들 빼고는요 연신 포장 배달도 쉴새없이 이루어지는 이곳은 최근 가본 식당 중 가성비와 맛이 최강 맛집 중 하나에요 김치는 칼국수 집에서 먹던 그 맛이 살아있고 사골 육수와 부드러운 면발의 국수는 후루룩 후루룩 면치기가 불가피한 맛이네요 사이드로는 둘다 괜찮지만 만두보다는 감자전을 추천해요,0,0,0,0,0,0,1,266,대기
naver,원조 조박집 본관,y01apple4,801.0,2025.06.24,1번째 방문,영수증,소문대로 돼지갈비 맛있네요 된찌가 시래기국 같아서 짭쪼름한 된찌를 원하신다면 실망요. 동치미국수도 감칠맛나는 동치미는 아녜요. 돼지갈비와 후식으로 주는 식혜가 젤 맛나요 일하시는 분들 친절해요,107,False,,,,소문대로 돼지갈비 맛있네요 된찌가 시래기국 같아서 짭쪼름한 된찌를 원하신다면 실망요. 동치미국수도 감칠맛나는 동치미는 아녜요. 돼지갈비와 후식으로 주는 식혜가 젤 맛나요 일하시는 분들 친절해요,소문대로 돼지갈비 맛있네요 된찌가 시래기국 같아서 짭쪼름한 된찌를 원하신다면 실망요 동치미국수도 감칠맛나는 동치미는 아녜요 돼지갈비와 후식으로 주는 식혜가 젤 맛나요 일하시는 분들 친절해요,0,0,0,0,0,0,0,107,친절
kakao,뼈탄집 성수역점,최수연,1.0,2026-02-02,,,고기 맛이랑 밑반찬이 잘나와요! 직원분들도 좋고 후식 아이스크림도 굳,38,True,5.0,5.0,브론즈 레벨,고기 맛이랑 밑반찬이 잘나와요! 직원분들도 좋고 후식 아이스크림도 굳,고기 맛이랑 밑반찬이 잘나와요 EXCLAM 직원분들도 좋고 후식 아이스크림도 굳,0,0,0,0,1,0,0,38,직원
naver,능동미나리 성수지점,yus****,439.0,2026.03.17,1번째 방문,영수증,11시에갔더니빈자리가 많았어용 미나리 먹으러 간줄알았는데 결국 고기먹고왔어요. 메뉴마다 깨알같이 맛있네요 직원들도 신속하게 응대해주시고 실내가 좀 미로갔지만ㅋㅋㅋ 나름 재밌네요 일부자리는 옆자리랑 너무 가까워서 식사중에 옆테이블분이 나가일때 자꾸 엉덩이가 테이블에…ㅋㅋㅋ 장사가너무 잘되서.그런가바요 나오니 줄이….. 저렴하지 않은 가격인디…👍,192,False,,,,11시에갔더니빈자리가 많았어용 미나리 먹으러 간줄알았는데 결국 고기먹고왔어요. 메뉴마다 깨알같이 맛있네요 직원들도 신속하게 응대해주시고 실내가 좀 미로갔지만ㅋㅋㅋ 나름 재밌네요 일부자리는 옆자리랑 너무 가까워서 식사중에 옆테이블분이 나가일때 자꾸 엉덩이가 테이블에…ㅋㅋㅋ 장사가너무 잘되서.그런가바요 나오니 줄이….. 저렴하지 않은 가격인디…👍,11시에갔더니빈자리가 많았어용 미나리 먹으러 간줄알았는데 결국 고기먹고왔어요 메뉴마다 깨알같이 맛있네요 직원들도 신속하게 응대해주시고 실내가 좀 미로갔지만 나름 재밌네요 일부자리는 옆자리랑 너무 가까워서 식사중에 옆테이블분이 나가일때 자꾸 엉덩이가 테이블에 장사가너무 잘되서 그런가바요 나오니 줄이 저렴하지 않은 가격인디 EMO_POS,1,0,0,0,0,0,1,192,"응대, 직원"
kakao,할머니의레시피,Stem cell,15.0,2025-03-30,,,아직도 이런 불친절한 매너로 식당을 하는 사람이 있다는 것이 놀라울 따름이다 점장인지 사장인지 40대로 보이는 남자 정말 불친절하다,73,True,1.0,3.9,브론즈 레벨,아직도 이런 불친절한 매너로 식당을 하는 사람이 있다는 것이 놀라울 따름이다 점장인지 사장인지 40대로 보이는 남자 정말 불친절하다,아직도 이런 불친절한 매너로 식당을 하는 사람이 있다는 것이 놀라울 따름이다 점장인지 사장인지 40대로 보이는 남자 정말 불친절하다,0,0,0,0,0,0,1,73,"친절, 불친절"
naver,홍대 육지,him****,29.0,2026.04.12,1번째 방문,영수증,폭탄 계란 찜 너무 비쥬얼이 좋아서 군침이 흐릅니다!! 매장 분위기도 좋고 삼겹살을 직접 구워주시는데 너무 친절하셔서 좋았습니다. 철판 깍두기 볶음밥 비쥬얼 너무 빨갛고 매콤해서 멋있었어요!! 홍대 육지 데이트나 모임 장소로 적극 추천 드려요!!😚🔥🔥🔥,141,True,,,,폭탄 계란 찜 너무 비쥬얼이 좋아서 군침이 흐릅니다!! 매장 분위기도 좋고 삼겹살을 직접 구워주시는데 너무 친절하셔서 좋았습니다. 철판 깍두기 볶음밥 비쥬얼 너무 빨갛고 매콤해서 멋있었어요!! 홍대 육지 데이트나 모임 장소로 적극 추천 드려요!!😚🔥🔥🔥,폭탄 계란 찜 너무 비쥬얼이 좋아서 군침이 흐릅니다 EXCLAM 매장 분위기도 좋고 삼겹살을 직접 구워주시는데 너무 친절하셔서 좋았습니다 철판 깍두기 볶음밥 비쥬얼 너무 빨갛고 매콤해서 멋있었어요 EXCLAM 홍대 육지 데이트나 모임 장소로 적극 추천 드려요 EXCLAM EMO_POS EMO_POS EMO_POS,1,0,0,0,1,0,0,141,"친절, 구워주"
kakao,태양곱창 성수,밍,7.0,2025-02-02,,,친절하긴한데 냄새 너무 나서 먹고 뱉음;; 진심 못 먹겠어요. 구역질 나요. 친구랑 둘 다 밥 못 먹음. 양념 듬뿍 찍으면 그나마 먹을만함. 돈버림 0.1점 주고픔.,92,True,1.0,2.7,실버 레벨,친절하긴한데 냄새 너무 나서 먹고 뱉음;; 진심 못 먹겠어요. 구역질 나요. 친구랑 둘 다 밥 못 먹음. 양념 듬뿍 찍으면 그나마 먹을만함. 돈버림 0.1점 주고픔.,친절하긴한데 냄새 너무 나서 먹고 뱉음 진심 못 먹겠어요 구역질 나요 친구랑 둘 다 밥 못 먹음 양념 듬뿍 찍으면 그나마 먹을만함 돈버림 0 1점 주고픔,0,0,0,0,0,0,1,92,친절
naver,각시보쌈,22695664,67.0,2026.02.09,1번째 방문,영수증,"월요일이라 웨이팅이 많지 않았습니다ㅎㅎ 여긴 항상 인기가 많아서 금,토에는 20-30분 정도 웨이팅 할 수도 있어요!! n번째 방문하고 있는데 항상 jmt...",89,True,,,,"월요일이라 웨이팅이 많지 않았습니다ㅎㅎ 여긴 항상 인기가 많아서 금,토에는 20-30분 정도 웨이팅 할 수도 있어요!! n번째 방문하고 있는데 항상 jmt...",월요일이라 웨이팅이 많지 않았습니다 여긴 항상 인기가 많아서 금 토에는 20 30분 정도 웨이팅 할 수도 있어요 EXCLAM n번째 방문하고 있는데 항상 jmt,0,0,0,0,1,0,1,89,웨이팅
kakao,소문난성수감자탕,HE ♬,4.0,2026-03-07,,,웨이팅 있는건아는데 왜케 다 먹었으면 정리하겠다고 3번씩이나 중국직원이 와서 말하는지 몰르겟네요. 저희도 웨이팅 하다가 들어왔는데 친구가천천히 먹고 있는데 자꾸 치워드릴까요 ? 해서 짜증나서 나왔어요 맛별로 ..다시는 안갈거 같네요 유명해서 가봤지 직원들 너무 불친절해요,151,True,1.0,3.0,브론즈 레벨,웨이팅 있는건아는데 왜케 다 먹었으면 정리하겠다고 3번씩이나 중국직원이 와서 말하는지 몰르겟네요. 저희도 웨이팅 하다가 들어왔는데 친구가천천히 먹고 있는데 자꾸 치워드릴까요 ? 해서 짜증나서 나왔어요 맛별로 ..다시는 안갈거 같네요 유명해서 가봤지 직원들 너무 불친절해요,웨이팅 있는건아는데 왜케 다 먹었으면 정리하겠다고 3번씩이나 중국직원이 와서 말하는지 몰르겟네요 저희도 웨이팅 하다가 들어왔는데 친구가천천히 먹고 있는데 자꾸 치워드릴까요 QUESTION 해서 짜증나서 나왔어요 맛별로 다시는 안갈거 같네요 유명해서 가봤지 직원들 너무 불친절해요,0,0,0,0,0,1,1,151,"친절, 불친절, 직원, 웨이팅"
naver,쭌곱창,승승장구8919,44.0,2026.03.14,1번째 방문,영수증,직접 구워주시고 맛있게 먹는 방법 설명해주셔서 너무 좋아요 메뉴도 다양하고 불맛나고 너무 맛있어요 소스도 다양해서 찍어먹기 좋아요 다음에 또 방문할게요,84,True,,,,직접 구워주시고 맛있게 먹는 방법 설명해주셔서 너무 좋아요 메뉴도 다양하고 불맛나고 너무 맛있어요 소스도 다양해서 찍어먹기 좋아요 다음에 또 방문할게요,직접 구워주시고 맛있게 먹는 방법 설명해주셔서 너무 좋아요 메뉴도 다양하고 불맛나고 너무 맛있어요 소스도 다양해서 찍어먹기 좋아요 다음에 또 방문할게요,0,0,0,0,0,0,0,84,"설명, 구워주"
kakao,쭌곱창,한지희,1.0,2025-02-23,,,친절하게 먹는법 알려주시고 가성비 좋은 음식점입니다! 친구랑 왔는데 맛있게 먹구 갑니다~,49,True,5.0,5.0,브론즈 레벨,친절하게 먹는법 알려주시고 가성비 좋은 음식점입니다! 친구랑 왔는데 맛있게 먹구 갑니다~,친절하게 먹는법 알려주시고 가성비 좋은 음식점입니다 EXCLAM 친구랑 왔는데 맛있게 먹구 갑니다,0,0,0,0,1,0,0,49,친절
kakao,뼈탄집 성수역점,선민,2.0,2026-02-06,,,도톰한 삼겹살과 버섯 등 맛있게 구워주시는 뼈탄집!!! 직원분들도 다 친절하시고 자리도 넓어 편하기 먹기 너무 좋습니다!! 반찬도 다 맛있어요~~ 거기다 브레이크 차임도 없어 애매한 시간에 방문 하기도 좋아요~,117,True,5.0,5.0,브론즈 레벨,도톰한 삼겹살과 버섯 등 맛있게 구워주시는 뼈탄집!!! 직원분들도 다 친절하시고 자리도 넓어 편하기 먹기 너무 좋습니다!! 반찬도 다 맛있어요~~ 거기다 브레이크 차임도 없어 애매한 시간에 방문 하기도 좋아요~,도톰한 삼겹살과 버섯 등 맛있게 구워주시는 뼈탄집 EXCLAM 직원분들도 다 친절하시고 자리도 넓어 편하기 먹기 너무 좋습니다 EXCLAM 반찬도 다 맛있어요 TILDE 거기다 브레이크 차임도 없어 애매한 시간에 방문 하기도 좋아요,0,0,0,0,1,0,0,117,"친절, 직원, 구워주"
naver,보끔당 성수점,sunny7632,24.0,2026.03.14,1번째 방문,영수증,매콤하고 깔끔하고 맛나요~~친절하셔서 좋아요!!😆,27,True,,,,매콤하고 깔끔하고 맛나요~~친절하셔서 좋아요!!😆,매콤하고 깔끔하고 맛나요 TILDE 친절하셔서 좋아요 EXCLAM EMO_POS,1,0,0,0,1,0,0,27,친절
naver,육산장 홍대본점,bas****,6.0,2026.03.28,1번째 방문,영수증,"주말 저녁에 방문했는데 분위기가 너무 좋아서 도심 속에서 잠깐 여행 온 느낌이었어요 🏕️✨ 웨이팅 없이 바로 들어갈 수 있어서 더 좋았고, 여유롭게 힐링하고 갑니다 🤍 홍대 오면 또 생각날 것 같아요! 다음에 재방문할게요 💖",125,True,,,,"주말 저녁에 방문했는데 분위기가 너무 좋아서 도심 속에서 잠깐 여행 온 느낌이었어요 🏕️✨ 웨이팅 없이 바로 들어갈 수 있어서 더 좋았고, 여유롭게 힐링하고 갑니다 🤍 홍대 오면 또 생각날 것 같아요! 다음에 재방문할게요 💖",주말 저녁에 방문했는데 분위기가 너무 좋아서 도심 속에서 잠깐 여행 온 느낌이었어요 EMO_POS 웨이팅 없이 바로 들어갈 수 있어서 더 좋았고 여유롭게 힐링하고 갑니다 EMO_POS 홍대 오면 또 생각날 것 같아요 EXCLAM 다음에 재방문할게요 EMO_POS,1,0,0,0,1,0,0,125,웨이팅
kakao,능동미나리 성수점,연이,40.0,2025-01-31,,,용산에서는 웨이팅이 3시간이라서 못 먹었는데 여기는 웨이팅 20분 정도 해서 들어갔어요. 미나리 좋아하시는 분들은 맛있게 드실수 있어용!! 국밥이랑 육회비빔밥 둘다 맛남ㅠ,95,False,5.0,4.8,실버 레벨,용산에서는 웨이팅이 3시간이라서 못 먹었는데 여기는 웨이팅 20분 정도 해서 들어갔어요. 미나리 좋아하시는 분들은 맛있게 드실수 있어용!! 국밥이랑 육회비빔밥 둘다 맛남ㅠ,용산에서는 웨이팅이 3시간이라서 못 먹었는데 여기는 웨이팅 20분 정도 해서 들어갔어요 미나리 좋아하시는 분들은 맛있게 드실수 있어용 EXCLAM 국밥이랑 육회비빔밥 둘다 맛남,0,0,0,0,1,0,1,95,웨이팅
kakao,능동미나리 성수점,주응짱,21.0,2026-02-21,,,명성과 웨이팅에 비해 ㅠㅡㅠ 다소 아쉬웠습니다. 개인적으로 쏘쏘네용,37,False,3.0,4.3,실버 레벨,명성과 웨이팅에 비해 ㅠㅡㅠ 다소 아쉬웠습니다. 개인적으로 쏘쏘네용,명성과 웨이팅에 비해 다소 아쉬웠습니다 개인적으로 쏘쏘네용,0,0,0,0,0,0,0,37,웨이팅
kakao,이태리국시 성수,윤영서,1.0,2026-03-29,,,지인 추천으로 와봤는데 너무 맛있게 잘먹었어요 다음에 또 오고 싶은 맛이에요~ 분위기도 좋아서 데이트 장소나 가족끼리 와도 좋은 것 같아요~ 웨이팅이 있을 수도 있어서 예약하고 오시는 걸 추천해요 !,111,True,5.0,5.0,브론즈 레벨,지인 추천으로 와봤는데 너무 맛있게 잘먹었어요 다음에 또 오고 싶은 맛이에요~ 분위기도 좋아서 데이트 장소나 가족끼리 와도 좋은 것 같아요~ 웨이팅이 있을 수도 있어서 예약하고 오시는 걸 추천해요 !,지인 추천으로 와봤는데 너무 맛있게 잘먹었어요 다음에 또 오고 싶은 맛이에요 분위기도 좋아서 데이트 장소나 가족끼리 와도 좋은 것 같아요 웨이팅이 있을 수도 있어서 예약하고 오시는 걸 추천해요 EXCLAM,0,0,0,0,1,0,0,111,"웨이팅, 예약"
naver,을밀대 평양냉면,뚜벅뚜벅냠냠54,123.0,2025.08.17,2번째 방문,예약,"학생 시절 왔었던 평양냉면집에 근 10여년만에 다시 방문했습니다. 여전히 맛있네요. 슴슴한 듯 자극적인 듯 오묘하게 입맛을 잡아끄는 국물맛과 탄력 있는 면, 그리고 바삭하면서도 고기가 씹히는 녹두전이란. 다만 맛있다는 것이 전세계적으로 소문이 난 것인지 대기 줄이 엄청나게 길어졌네요. 생수나 커피라도 사오셔서 조금씩 드시면서 기다리시는 게 좋을 것 같습니다.",201,True,,,,"학생 시절 왔었던 평양냉면집에 근 10여년만에 다시 방문했습니다. 여전히 맛있네요. 슴슴한 듯 자극적인 듯 오묘하게 입맛을 잡아끄는 국물맛과 탄력 있는 면, 그리고 바삭하면서도 고기가 씹히는 녹두전이란. 다만 맛있다는 것이 전세계적으로 소문이 난 것인지 대기 줄이 엄청나게 길어졌네요. 생수나 커피라도 사오셔서 조금씩 드시면서 기다리시는 게 좋을 것 같습니다.",학생 시절 왔었던 평양냉면집에 근 10여년만에 다시 방문했습니다 여전히 맛있네요 슴슴한 듯 자극적인 듯 오묘하게 입맛을 잡아끄는 국물맛과 탄력 있는 면 그리고 바삭하면서도 고기가 씹히는 녹두전이란 다만 맛있다는 것이 전세계적으로 소문이 난 것인지 대기 줄이 엄청나게 길어졌네요 생수나 커피라도 사오셔서 조금씩 드시면서 기다리시는 게 좋을 것 같습니다,0,0,0,0,0,0,1,201,대기
