platform,store_name,account_id,account_review_count,visit_date,visit_count,verification_method,review_text,review_length,has_photo,rating,account_avg_rating,reviewer_level,review_original,review_sentiment,has_emo_pos,has_emo_neg,has_laugh,has_cry,has_exclamation,has_question,has_number,original_char_len,분위기_matched_keywords
naver,조선시대,점7232,26.0,2026.02.20,1번째 방문,영수증,안주가 진짜 맛이써용 분위기도 진짜 젛구 직원분들 너무 친절하세요옵😍😍 완전 추천해오!!,49,True,,,,안주가 진짜 맛이써용 분위기도 진짜 젛구 직원분들 너무 친절하세요옵😍😍 완전 추천해오!!,안주가 진짜 맛이써용 분위기도 진짜 젛구 직원분들 너무 친절하세요옵 EMO_POS EMO_POS 완전 추천해오 EXCLAM,1,0,0,0,1,0,0,49,분위기
naver,뼈탄집 성수역점,dkk****,12.0,2026.01.24,1번째 방문,영수증,소문만 듣던 뼈탄집! 외부에서 보던것보다 실내도 넓고 화장실까지 쾌적하니 너무 좋았습니다🙏 아이들 데리고 갔는데 아기 의자랑 식기까지 준비해주시고 다 구워주셔서 너무 편안하게 식사했네요. 고기도 맛있고 성수 주민으로 너무 좋네요 또 방문할게요~,136,True,,,,소문만 듣던 뼈탄집! 외부에서 보던것보다 실내도 넓고 화장실까지 쾌적하니 너무 좋았습니다🙏 아이들 데리고 갔는데 아기 의자랑 식기까지 준비해주시고 다 구워주셔서 너무 편안하게 식사했네요. 고기도 맛있고 성수 주민으로 너무 좋네요 또 방문할게요~,소문만 듣던 뼈탄집 EXCLAM 외부에서 보던것보다 실내도 넓고 화장실까지 쾌적하니 너무 좋았습니다 아이들 데리고 갔는데 아기 의자랑 식기까지 준비해주시고 다 구워주셔서 너무 편안하게 식사했네요 고기도 맛있고 성수 주민으로 너무 좋네요 또 방문할게요,0,0,0,0,1,0,0,136,"화장실, 쾌적, 넓"
naver,뼈탄집 성수역점,냐옹이이구,44.0,2025.11.22,1번째 방문,영수증,삼겹살에 뼈구이에 계탄밥까지..진짜 완벽한 한 끼 식사였어요 ㅎㅎㅎ직원분이 능숙하게 고기도 잘 구워주시고 하나씩 친절하게 설명해주셔서 먹는내내 기분이 좋았습니다! 그리고 자리도 굉장히 넓고 고급스러운 분위기여서 남자친구와 둘다 넘 만족스러운 곳이었습니당ㅎㅎ,143,True,,,,삼겹살에 뼈구이에 계탄밥까지..진짜 완벽한 한 끼 식사였어요 ㅎㅎㅎ직원분이 능숙하게 고기도 잘 구워주시고 하나씩 친절하게 설명해주셔서 먹는내내 기분이 좋았습니다! 그리고 자리도 굉장히 넓고 고급스러운 분위기여서 남자친구와 둘다 넘 만족스러운 곳이었습니당ㅎㅎ,삼겹살에 뼈구이에 계탄밥까지 진짜 완벽한 한 끼 식사였어요 직원분이 능숙하게 고기도 잘 구워주시고 하나씩 친절하게 설명해주셔서 먹는내내 기분이 좋았습니다 EXCLAM 그리고 자리도 굉장히 넓고 고급스러운 분위기여서 남자친구와 둘다 넘 만족스러운 곳이었습니당,0,0,0,0,1,0,0,143,"분위기, 자리, 넓"
kakao,소문난성수감자탕,김하경,46.0,2025-10-06,,,시끄럽고 맛없음 전쟁히면서 총성소리들으면서 밥먹는장소 ㅋㅋ,32,False,1.0,3.6,실버 레벨,시끄럽고 맛없음 전쟁히면서 총성소리들으면서 밥먹는장소 ㅋㅋ,시끄럽고 맛없음 전쟁히면서 총성소리들으면서 밥먹는장소,0,0,0,0,0,0,0,32,시끄럽
kakao,장인닭갈비 홍대점,제한된 프로필입니다.,23.0,2026-02-21,,,무슨 음식점 알바가 젤네일이에요 위생관념 미쳐버리겠다 진짜 ㅋㅋㅋㅋㅋㅋㅋ 이런 말씀 죄송하지만 노랑색 빡빡머리분은 좀 잘라주세요 ..^.^^.^^^^^^^^^^^ 더는 말 안할게요,100,False,1.0,1.0,실버 레벨,무슨 음식점 알바가 젤네일이에요 위생관념 미쳐버리겠다 진짜 ㅋㅋㅋㅋㅋㅋㅋ 이런 말씀 죄송하지만 노랑색 빡빡머리분은 좀 잘라주세요 ..^.^^.^^^^^^^^^^^ 더는 말 안할게요,무슨 음식점 알바가 젤네일이에요 위생관념 미쳐버리겠다 진짜 이런 말씀 죄송하지만 노랑색 빡빡머리분은 좀 잘라주세요 더는 말 안할게요,0,0,0,0,0,0,0,100,위생
kakao,옥동식 서교점,JulianW,17.0,2025-10-10,,,깔끔하고 거슬림 없는 맛. 술을 싫어하는데도 잔술 한잔 같이 걸친 기억이 굉장히 긍정적으로 남아 있음,56,False,4.0,3.5,브론즈 레벨,깔끔하고 거슬림 없는 맛. 술을 싫어하는데도 잔술 한잔 같이 걸친 기억이 굉장히 긍정적으로 남아 있음,깔끔하고 거슬림 없는 맛 술을 싫어하는데도 잔술 한잔 같이 걸친 기억이 굉장히 긍정적으로 남아 있음,0,0,0,0,0,0,0,56,깔끔
kakao,홍대 조선시대,예원,1.0,2026-01-02,,,맛도 분위기도 짱이에요! 다음에 또 방문하려고 해요🫶,29,True,5.0,5.0,브론즈 레벨,맛도 분위기도 짱이에요! 다음에 또 방문하려고 해요🫶,맛도 분위기도 짱이에요 EXCLAM 다음에 또 방문하려고 해요,0,0,0,0,1,0,0,29,분위기
naver,뼈탄집 성수역점,soyoung868,25.0,2026.04.02,1번째 방문,영수증,뼈탄집 그릴링서비스 너무 좋아요.. 고기를 너무 맛있게 구워주시네요 ㅎㅎ 계탄밥도 꼭 같이 드셔보시길.. 성수 데이트 왔다가 맛집 발견했네요👍,79,True,,,,뼈탄집 그릴링서비스 너무 좋아요.. 고기를 너무 맛있게 구워주시네요 ㅎㅎ 계탄밥도 꼭 같이 드셔보시길.. 성수 데이트 왔다가 맛집 발견했네요👍,뼈탄집 그릴링서비스 너무 좋아요 고기를 너무 맛있게 구워주시네요 계탄밥도 꼭 같이 드셔보시길 성수 데이트 왔다가 맛집 발견했네요 EMO_POS,1,0,0,0,0,0,0,79,데이트
kakao,옥동식 서교점,미식이네요,61.0,2025-12-08,,,맛은 그럭저럭 괜찮으나 대기시간 대비 만족감은 덜 하다. 대기공간도 불편하고 주변 빌라에 붙은 경고문에 마음이 썩 편하지않다. 한번쯤은 가 볼만하지만 다시 대기할만큼 특출나지는 않은 곳,103,False,2.0,3.9,실버 레벨,맛은 그럭저럭 괜찮으나 대기시간 대비 만족감은 덜 하다. 대기공간도 불편하고 주변 빌라에 붙은 경고문에 마음이 썩 편하지않다. 한번쯤은 가 볼만하지만 다시 대기할만큼 특출나지는 않은 곳,맛은 그럭저럭 괜찮으나 대기시간 대비 만족감은 덜 하다 대기공간도 불편하고 주변 빌라에 붙은 경고문에 마음이 썩 편하지않다 한번쯤은 가 볼만하지만 다시 대기할만큼 특출나지는 않은 곳,0,0,0,0,0,0,0,103,공간
naver,성수족발,샤방샤방엘리스,908.0,2025.07.07,1번째 방문,영수증,서울 3대족발이라고 해서 갔어요 매장안은 생각보다 작네요 메뉴는 족발하나인데 그냥 이해가 가는맛 빛깔부터 다르고 쫄낏하니 너무 맛있네요👍 특대 주문했는데 양은 그리 많지 않아요 공기밥에 족발 김치랑 같이 먹으니 맛있어요 강추!!💕,128,True,,,,서울 3대족발이라고 해서 갔어요 매장안은 생각보다 작네요 메뉴는 족발하나인데 그냥 이해가 가는맛 빛깔부터 다르고 쫄낏하니 너무 맛있네요👍 특대 주문했는데 양은 그리 많지 않아요 공기밥에 족발 김치랑 같이 먹으니 맛있어요 강추!!💕,서울 3대족발이라고 해서 갔어요 매장안은 생각보다 작네요 메뉴는 족발하나인데 그냥 이해가 가는맛 빛깔부터 다르고 쫄낏하니 너무 맛있네요 EMO_POS 특대 주문했는데 양은 그리 많지 않아요 공기밥에 족발 김치랑 같이 먹으니 맛있어요 강추 EXCLAM EMO_POS,1,0,0,0,1,0,1,128,매장
kakao,옥동식 서교점,유성호,127.0,2025-02-05,,,2023년 연말 태평양 건너 미국 땅에서 낭보가 들렸다. 뉴욕타임스(NYT) ‘올해 뉴욕 최고의 요리 8선’ 중 하나로 뉴욕 코리아타운에 있는 한인 국밥집의 돼지곰탕 식당 ‘옥동식’이 선정된 것이다. NYT는 지난해 섣달 13일(현지 시간) 뉴욕 지역 레스토랑 대표 메뉴 중 최고 요리 8선에 ‘옥동식’을 포함시켰다. ‘옥동식’은 2016년 서울 마포구 합정역 인근 한 골목에서 문을 열었다. 개업 초기부터 골목에 대기 줄이 길게 늘어섰다. 맛집 소문도 있고 10석밖에 되지 않은 자리 때문이다. 테이블이 따로 있지 않고 바 형태다. 그만큼 매장 규모가 작다. 그런데도 미국의 경제 중심부이자 미식의 도시 뉴욕의 뉴요커들에게 인정받은 것이다. NYT는 ‘옥동식’ 돼지곰탕을 “매일 먹어도 질리지 않을 국물”이라고 평했다. 그러면서 “특별한 날에 먹으면 더 좋을 것”이라고 덧붙였다. 해석하기 나름이겠지만 매우 특별한 음식이란 의미에 무게가 실린다. ‘옥동식’의 성과는 2022년 11월 맨해튼에 매장을 낸 지 1년 만의 쾌거다. ‘옥동식’ 서교점은 2018년 미쉐린가이드 빕구르망에 선정되면서부터 매년 명성을 이어 가고 있다. 미쉐린가이드는 “돼지국밥에 대한 선입견을 완전히 뒤엎어 버린 이곳의 돼지국밥 또는 돼지곰탕은 지리산 버크셔 K-흑돼지의 앞다리와 뒷다릿살만을 고아 육수가 유난히 맑은 것이 특징”이라며 “한소끔 김을 뺀 밥과 80%만 익혀 얇게 썬 고기를 방짜유기에 담은 후 뜨거운 육수를 부으면 고기는 마저 익고 육수는 더 깊게 우러나 담백하면서도 진한 감칠맛을 낸다”고 선정 이유를 설명했다. 미쉐린가이드는 돼지국밥과 돼지곰탕을 혼용하고 있는데 이는 곰탕과 국밥의 메뉴 분류 때문이다. 옥동식은 “곰탕이 국밥에 속해 있기에 돼지국밥이 아닌 돼지곰탕으로 시작을 했고 새로 생겨난 많은 곳에서 돼지국밥이 아닌 돼지곰탕으로 명명해 판매하고 있다”고 부연했다. ‘옥동식’이 있는 서교동부터 연남동·망원동 등 홍대 상권을 중심으로 작은 식당들 개업이 붐을 이루고 있다. 큰 식당을 개업하려면 초기 투자비와 인건비가 많이 들기 때문에 최근에는 1~2인 정도가 운영 가능한 ‘작은 식당’ 개업이 느는 추세다.,1068,True,5.0,5.0,골드 레벨,2023년 연말 태평양 건너 미국 땅에서 낭보가 들렸다. 뉴욕타임스(NYT) ‘올해 뉴욕 최고의 요리 8선’ 중 하나로 뉴욕 코리아타운에 있는 한인 국밥집의 돼지곰탕 식당 ‘옥동식’이 선정된 것이다. NYT는 지난해 섣달 13일(현지 시간) 뉴욕 지역 레스토랑 대표 메뉴 중 최고 요리 8선에 ‘옥동식’을 포함시켰다. ‘옥동식’은 2016년 서울 마포구 합정역 인근 한 골목에서 문을 열었다. 개업 초기부터 골목에 대기 줄이 길게 늘어섰다. 맛집 소문도 있고 10석밖에 되지 않은 자리 때문이다. 테이블이 따로 있지 않고 바 형태다. 그만큼 매장 규모가 작다. 그런데도 미국의 경제 중심부이자 미식의 도시 뉴욕의 뉴요커들에게 인정받은 것이다. NYT는 ‘옥동식’ 돼지곰탕을 “매일 먹어도 질리지 않을 국물”이라고 평했다. 그러면서 “특별한 날에 먹으면 더 좋을 것”이라고 덧붙였다. 해석하기 나름이겠지만 매우 특별한 음식이란 의미에 무게가 실린다. ‘옥동식’의 성과는 2022년 11월 맨해튼에 매장을 낸 지 1년 만의 쾌거다. ‘옥동식’ 서교점은 2018년 미쉐린가이드 빕구르망에 선정되면서부터 매년 명성을 이어 가고 있다. 미쉐린가이드는 “돼지국밥에 대한 선입견을 완전히 뒤엎어 버린 이곳의 돼지국밥 또는 돼지곰탕은 지리산 버크셔 K-흑돼지의 앞다리와 뒷다릿살만을 고아 육수가 유난히 맑은 것이 특징”이라며 “한소끔 김을 뺀 밥과 80%만 익혀 얇게 썬 고기를 방짜유기에 담은 후 뜨거운 육수를 부으면 고기는 마저 익고 육수는 더 깊게 우러나 담백하면서도 진한 감칠맛을 낸다”고 선정 이유를 설명했다. 미쉐린가이드는 돼지국밥과 돼지곰탕을 혼용하고 있는데 이는 곰탕과 국밥의 메뉴 분류 때문이다. 옥동식은 “곰탕이 국밥에 속해 있기에 돼지국밥이 아닌 돼지곰탕으로 시작을 했고 새로 생겨난 많은 곳에서 돼지국밥이 아닌 돼지곰탕으로 명명해 판매하고 있다”고 부연했다. ‘옥동식’이 있는 서교동부터 연남동·망원동 등 홍대 상권을 중심으로 작은 식당들 개업이 붐을 이루고 있다. 큰 식당을 개업하려면 초기 투자비와 인건비가 많이 들기 때문에 최근에는 1~2인 정도가 운영 가능한 ‘작은 식당’ 개업이 느는 추세다.,2023년 연말 태평양 건너 미국 땅에서 낭보가 들렸다 뉴욕타임스 NYT 올해 뉴욕 최고의 요리 8선 중 하나로 뉴욕 코리아타운에 있는 한인 국밥집의 돼지곰탕 식당 옥동식 이 선정된 것이다 NYT는 지난해 섣달 13일 현지 시간 뉴욕 지역 레스토랑 대표 메뉴 중 최고 요리 8선에 옥동식 을 포함시켰다 옥동식 은 2016년 서울 마포구 합정역 인근 한 골목에서 문을 열었다 개업 초기부터 골목에 대기 줄이 길게 늘어섰다 맛집 소문도 있고 10석밖에 되지 않은 자리 때문이다 테이블이 따로 있지 않고 바 형태다 그만큼 매장 규모가 작다 그런데도 미국의 경제 중심부이자 미식의 도시 뉴욕의 뉴요커들에게 인정받은 것이다 NYT는 옥동식 돼지곰탕을 매일 먹어도 질리지 않을 국물 이라고 평했다 그러면서 특별한 날에 먹으면 더 좋을 것 이라고 덧붙였다 해석하기 나름이겠지만 매우 특별한 음식이란 의미에 무게가 실린다 옥동식 의 성과는 2022년 11월 맨해튼에 매장을 낸 지 1년 만의 쾌거다 옥동식 서교점은 2018년 미쉐린가이드 빕구르망에 선정되면서부터 매년 명성을 이어 가고 있다 미쉐린가이드는 돼지국밥에 대한 선입견을 완전히 뒤엎어 버린 이곳의 돼지국밥 또는 돼지곰탕은 지리산 버크셔 K 흑돼지의 앞다리와 뒷다릿살만을 고아 육수가 유난히 맑은 것이 특징 이라며 한소끔 김을 뺀 밥과 80 만 익혀 얇게 썬 고기를 방짜유기에 담은 후 뜨거운 육수를 부으면 고기는 마저 익고 육수는 더 깊게 우러나 담백하면서도 진한 감칠맛을 낸다 고 선정 이유를 설명했다 미쉐린가이드는 돼지국밥과 돼지곰탕을 혼용하고 있는데 이는 곰탕과 국밥의 메뉴 분류 때문이다 옥동식은 곰탕이 국밥에 속해 있기에 돼지국밥이 아닌 돼지곰탕으로 시작을 했고 새로 생겨난 많은 곳에서 돼지국밥이 아닌 돼지곰탕으로 명명해 판매하고 있다 고 부연했다 옥동식 이 있는 서교동부터 연남동 망원동 등 홍대 상권을 중심으로 작은 식당들 개업이 붐을 이루고 있다 큰 식당을 개업하려면 초기 투자비와 인건비가 많이 들기 때문에 최근에는 1 2인 정도가 운영 가능한 작은 식당 개업이 느는 추세다,0,0,0,0,0,0,1,1068,"매장, 자리, 테이블"
kakao,소문난성수감자탕,ㅊㅊ,144.0,2025-09-11,,,기대를 하지 않았지만 큰 기대를 할 필요 없었던 곳 정말 무난한 감자탕이지만 너무 번잡해서 불편했다 다만! 감자탕 특유의 조미료향이 더부룩하게 남는 경우가 많은데 여기는 깔끔했다,99,True,3.0,3.9,골드 레벨,기대를 하지 않았지만 큰 기대를 할 필요 없었던 곳 정말 무난한 감자탕이지만 너무 번잡해서 불편했다 다만! 감자탕 특유의 조미료향이 더부룩하게 남는 경우가 많은데 여기는 깔끔했다,기대를 하지 않았지만 큰 기대를 할 필요 없었던 곳 정말 무난한 감자탕이지만 너무 번잡해서 불편했다 다만 EXCLAM 감자탕 특유의 조미료향이 더부룩하게 남는 경우가 많은데 여기는 깔끔했다,0,0,0,0,1,0,0,99,깔끔
naver,육산장 홍대본점,채민5297,24.0,2026.04.06,1번째 방문,영수증,분위기 진짜좋고 넘 맛있습니다ㅠㅠㅠㅠㅠ 재방문의사 100😃💕,33,True,,,,분위기 진짜좋고 넘 맛있습니다ㅠㅠㅠㅠㅠ 재방문의사 100😃💕,분위기 진짜좋고 넘 맛있습니다 재방문의사 100 EMO_POS EMO_POS,1,0,0,1,0,0,1,33,분위기
kakao,육산장 홍대본점,😶‍🌫️,1.0,2026-04-14,,,고기들이 너무 맛있고 찌개도 너무 맛있어요! 덕분에 잘 먹고 갑니당 야외 분위기 실내분위기 다 너무 좋고 직원분들도 친절하셨어요 또다른 맛있고 예쁜 추억을 만들어주셔거 감사합니다,99,True,5.0,5.0,브론즈 레벨,고기들이 너무 맛있고 찌개도 너무 맛있어요! 덕분에 잘 먹고 갑니당 야외 분위기 실내분위기 다 너무 좋고 직원분들도 친절하셨어요 또다른 맛있고 예쁜 추억을 만들어주셔거 감사합니다,고기들이 너무 맛있고 찌개도 너무 맛있어요 EXCLAM 덕분에 잘 먹고 갑니당 야외 분위기 실내분위기 다 너무 좋고 직원분들도 친절하셨어요 또다른 맛있고 예쁜 추억을 만들어주셔거 감사합니다,0,0,0,0,1,0,0,99,분위기
kakao,소문난성수감자탕,바람부는 날에...,65.0,2025-01-30,,,"주변에 오픈한 식당이 없어 예전부터 맛이 별로라 생각않고 갔지만, 종업원 불친절하고 청결한 느낌은 없으며, 소문난 특별한 맛은 없고, 뼈해장국에 시레기는 기본인데 구분하고, 주차장 완비로 안내하는데, 주차장은 없고 노상에 주차하고 관리비를 받네요.",138,True,1.0,3.1,실버 레벨,"주변에 오픈한 식당이 없어 예전부터 맛이 별로라 생각않고 갔지만, 종업원 불친절하고 청결한 느낌은 없으며, 소문난 특별한 맛은 없고, 뼈해장국에 시레기는 기본인데 구분하고, 주차장 완비로 안내하는데, 주차장은 없고 노상에 주차하고 관리비를 받네요.",주변에 오픈한 식당이 없어 예전부터 맛이 별로라 생각않고 갔지만 종업원 불친절하고 청결한 느낌은 없으며 소문난 특별한 맛은 없고 뼈해장국에 시레기는 기본인데 구분하고 주차장 완비로 안내하는데 주차장은 없고 노상에 주차하고 관리비를 받네요,0,0,0,0,0,0,0,138,"청결, 주차"
naver,이태리국시 성수,kal****,958.0,2026.04.11,1번째 방문,영수증,"이태리국시 성수 다녀왔는데 분위기도 좋고 음식도 전체적으로 깔끔해서 만족스러웠어요. 면 식감이 좋고 소스 맛도 너무 무겁지 않아서 끝까지 맛있게 먹을 수 있었고, 성수 특유의 감성이랑도 잘 어울리는 공간이라 데이트나 친구랑 가기 좋았어요. 재방문 의사 있습니다.",146,True,,,,"이태리국시 성수 다녀왔는데 분위기도 좋고 음식도 전체적으로 깔끔해서 만족스러웠어요. 면 식감이 좋고 소스 맛도 너무 무겁지 않아서 끝까지 맛있게 먹을 수 있었고, 성수 특유의 감성이랑도 잘 어울리는 공간이라 데이트나 친구랑 가기 좋았어요. 재방문 의사 있습니다.",이태리국시 성수 다녀왔는데 분위기도 좋고 음식도 전체적으로 깔끔해서 만족스러웠어요 면 식감이 좋고 소스 맛도 너무 무겁지 않아서 끝까지 맛있게 먹을 수 있었고 성수 특유의 감성이랑도 잘 어울리는 공간이라 데이트나 친구랑 가기 좋았어요 재방문 의사 있습니다,0,0,0,0,0,0,0,146,"분위기, 공간, 깔끔, 데이트"
naver,보끔당 성수점,ghoood,45.0,2026.03.29,1번째 방문,영수증,매장 깔끔하고 음식 맛있어요! 추천드립니다! 일단계 추천이요~,34,True,,,,매장 깔끔하고 음식 맛있어요! 추천드립니다! 일단계 추천이요~,매장 깔끔하고 음식 맛있어요 EXCLAM 추천드립니다 EXCLAM 일단계 추천이요,0,0,0,0,1,0,0,34,"매장, 깔끔"
kakao,옥동식 서교점,보자기,206.0,2025-10-04,,,첫 입 먹었을 때 생각보다 육수가 간이 있었어요 깔끔한 육수라 더 간이 느껴졌을 수도 있고 이건 완전 개인차이라 저의 개인적인 의견입니다! 고기 양도 많고 부드러워서 맛있었어요 쌀알도 크고 씹는 맛도 있었지만 웨이팅하고 먹을 맛은 아니다 느낌?,136,True,3.0,3.9,골드 레벨,첫 입 먹었을 때 생각보다 육수가 간이 있었어요 깔끔한 육수라 더 간이 느껴졌을 수도 있고 이건 완전 개인차이라 저의 개인적인 의견입니다! 고기 양도 많고 부드러워서 맛있었어요 쌀알도 크고 씹는 맛도 있었지만 웨이팅하고 먹을 맛은 아니다 느낌?,첫 입 먹었을 때 생각보다 육수가 간이 있었어요 깔끔한 육수라 더 간이 느껴졌을 수도 있고 이건 완전 개인차이라 저의 개인적인 의견입니다 EXCLAM 고기 양도 많고 부드러워서 맛있었어요 쌀알도 크고 씹는 맛도 있었지만 웨이팅하고 먹을 맛은 아니다 느낌 QUESTION,0,0,0,0,1,1,0,136,깔끔
naver,홍대 육지,you****,12.0,2026.04.18,1번째 방문,영수증,"고기 진짜 맛있게 먹고 왔어요. 육즙도 살아있고 잡내 없이 깔끔해서 계속 손이 가더라고요. 굽기도 딱 적당하게 나와서 따로 손댈 필요도 없었고, 같이 나온 반찬들이랑도 조합이 잘 맞아서 더 만족스러웠습니다. 오랜만에 제대로 된 고기 먹은 느낌이라 다음에 또 방문할 생각이에요. 하",156,True,,,,"고기 진짜 맛있게 먹고 왔어요. 육즙도 살아있고 잡내 없이 깔끔해서 계속 손이 가더라고요. 굽기도 딱 적당하게 나와서 따로 손댈 필요도 없었고, 같이 나온 반찬들이랑도 조합이 잘 맞아서 더 만족스러웠습니다. 오랜만에 제대로 된 고기 먹은 느낌이라 다음에 또 방문할 생각이에요. 하",고기 진짜 맛있게 먹고 왔어요 육즙도 살아있고 잡내 없이 깔끔해서 계속 손이 가더라고요 굽기도 딱 적당하게 나와서 따로 손댈 필요도 없었고 같이 나온 반찬들이랑도 조합이 잘 맞아서 더 만족스러웠습니다 오랜만에 제대로 된 고기 먹은 느낌이라 다음에 또 방문할 생각이에요 하,0,0,0,0,0,0,0,156,깔끔
naver,능동미나리 성수지점,산에별하나,152.0,2025.12.21,1번째 방문,영수증,"줄서서 먹는 맛집이라 아점겸 일찍 갔더니 줄없이 바로 입장하여 먹었어요 육전 반접시, 곰탕 시켰는데 옆테이블에서 육회비빔밥이 맛있다네요 곰탕은 호불호가 있을것같아요 미나리 특유향이 싫다면 비빔밥 먹기를 추천하고싶네요 비빔밥을 못먹은것이 아쉽습니다",137,True,,,,"줄서서 먹는 맛집이라 아점겸 일찍 갔더니 줄없이 바로 입장하여 먹었어요 육전 반접시, 곰탕 시켰는데 옆테이블에서 육회비빔밥이 맛있다네요 곰탕은 호불호가 있을것같아요 미나리 특유향이 싫다면 비빔밥 먹기를 추천하고싶네요 비빔밥을 못먹은것이 아쉽습니다",줄서서 먹는 맛집이라 아점겸 일찍 갔더니 줄없이 바로 입장하여 먹었어요 육전 반접시 곰탕 시켰는데 옆테이블에서 육회비빔밥이 맛있다네요 곰탕은 호불호가 있을것같아요 미나리 특유향이 싫다면 비빔밥 먹기를 추천하고싶네요 비빔밥을 못먹은것이 아쉽습니다,0,0,0,0,0,0,0,137,테이블
naver,락희옥 마포본점,릴리로즈0114,281.0,2025.10.12,1번째 방문,영수증,지인 추천받아 락희옥 마포점에 다녀왔습니다 기존 보쌈과는 조금 다른 비주얼이 신선햏어요 고기맛이 무척 고소했습니다 보쌈을 여러가지 방법으로 먹어봤는데 저는 왜 생배추에 고기를 얹고 된장을 곁들여 먹는게 제일 맛있더라구요~ 그리고 시그니쳐메뉴 김치말이국수도 먹어봤는데 깔끔한 맛으로 고기를 먹고 난후 먹기 딱 좋았어요 전체적으로 깔끔하고 고급스러운 느낌으로 내주셔서 뭔가 대접 받는 느낌이였어요 다음엔 부모님과 오고 싶습니다~^^,239,True,,,,지인 추천받아 락희옥 마포점에 다녀왔습니다 기존 보쌈과는 조금 다른 비주얼이 신선햏어요 고기맛이 무척 고소했습니다 보쌈을 여러가지 방법으로 먹어봤는데 저는 왜 생배추에 고기를 얹고 된장을 곁들여 먹는게 제일 맛있더라구요~ 그리고 시그니쳐메뉴 김치말이국수도 먹어봤는데 깔끔한 맛으로 고기를 먹고 난후 먹기 딱 좋았어요 전체적으로 깔끔하고 고급스러운 느낌으로 내주셔서 뭔가 대접 받는 느낌이였어요 다음엔 부모님과 오고 싶습니다~^^,지인 추천받아 락희옥 마포점에 다녀왔습니다 기존 보쌈과는 조금 다른 비주얼이 신선햏어요 고기맛이 무척 고소했습니다 보쌈을 여러가지 방법으로 먹어봤는데 저는 왜 생배추에 고기를 얹고 된장을 곁들여 먹는게 제일 맛있더라구요 그리고 시그니쳐메뉴 김치말이국수도 먹어봤는데 깔끔한 맛으로 고기를 먹고 난후 먹기 딱 좋았어요 전체적으로 깔끔하고 고급스러운 느낌으로 내주셔서 뭔가 대접 받는 느낌이였어요 다음엔 부모님과 오고 싶습니다,0,0,0,0,0,0,0,239,깔끔
naver,이태리국시 성수,myj****,22.0,2026.04.02,1번째 방문,예약,회사 동기들이랑 퇴근하고 왔는데 회사에서 받은 스트레스 날아가는 힐링되는 맛이에요.. 🥹 분위기도 너모 좋고 인테리어도 예쁘고 직원분들도 친절해서 기분 좋아지는 곳.. ❣️ 한식적인 파스타라고 해서 궁금했는데 진짜 색다르게 맛있어서 엄마랑 또 오고 싶어요 🫶🫶,145,True,,,,회사 동기들이랑 퇴근하고 왔는데 회사에서 받은 스트레스 날아가는 힐링되는 맛이에요.. 🥹 분위기도 너모 좋고 인테리어도 예쁘고 직원분들도 친절해서 기분 좋아지는 곳.. ❣️ 한식적인 파스타라고 해서 궁금했는데 진짜 색다르게 맛있어서 엄마랑 또 오고 싶어요 🫶🫶,회사 동기들이랑 퇴근하고 왔는데 회사에서 받은 스트레스 날아가는 힐링되는 맛이에요 분위기도 너모 좋고 인테리어도 예쁘고 직원분들도 친절해서 기분 좋아지는 곳 EMO_POS 한식적인 파스타라고 해서 궁금했는데 진짜 색다르게 맛있어서 엄마랑 또 오고 싶어요,1,0,0,0,0,0,0,145,"분위기, 인테리어"
naver,육산장 홍대본점,YOUNG1127,103.0,2026.02.04,1번째 방문,영수증,분위기가 좋고 인테리어가 예뻐요 고기 맛있어요 데이트용으로 좋을거같아요,39,True,,,,분위기가 좋고 인테리어가 예뻐요 고기 맛있어요 데이트용으로 좋을거같아요,분위기가 좋고 인테리어가 예뻐요 고기 맛있어요 데이트용으로 좋을거같아요,0,0,0,0,0,0,0,39,"분위기, 인테리어, 데이트"
naver,육산장 홍대본점,dls****,3.0,2026.04.30,1번째 방문,영수증,분위기가 좋아요!!! 대기없이 야장쪽으로 입장했어요 주말이나 금요일 저녁에 오면 대기해야 할 수도 있을거같아요!! 고기 정말 맛있고 직원분들 너무 친절해서 기분좋은 식사 했습니다 매장도 크고 분위기도 좋아서 친구들이랑 기분좋게 식사했습니다🤤 최고최고!!!,142,True,,,,분위기가 좋아요!!! 대기없이 야장쪽으로 입장했어요 주말이나 금요일 저녁에 오면 대기해야 할 수도 있을거같아요!! 고기 정말 맛있고 직원분들 너무 친절해서 기분좋은 식사 했습니다 매장도 크고 분위기도 좋아서 친구들이랑 기분좋게 식사했습니다🤤 최고최고!!!,분위기가 좋아요 EXCLAM 대기없이 야장쪽으로 입장했어요 주말이나 금요일 저녁에 오면 대기해야 할 수도 있을거같아요 EXCLAM 고기 정말 맛있고 직원분들 너무 친절해서 기분좋은 식사 했습니다 매장도 크고 분위기도 좋아서 친구들이랑 기분좋게 식사했습니다 최고최고 EXCLAM,0,0,0,0,1,0,0,142,"분위기, 매장"
kakao,장인닭갈비 홍대점,임애진,48.0,2026-03-05,,,홍대에서 닭갈비 먹으려고 찾다가 장인닭갈비 홍대점 다녀왔어요. 국내산 닭을 사용해서 그런지 고기가 부드럽고 양념도 너무 자극적이지 않아서 맛있게 먹었어요. 특히 모짜렐라치즈를 함께 곁들여 먹으니까 고소함이 더해져서 정말 잘 어울리더라고요. 쌈채소가 셀프바로 준비되어 있어서 마음껏 가져다 먹을 수 있는 점도 좋았어요. 사리 종류도 다양해서 취향대로 추가하기 좋고 마지막에 먹은 볶음밥까지 든든하게 마무리했습니다. 매장도 깔끔하고 분위기도 좋아서 홍대에서 닭갈비 먹고 싶을 때 다시 방문하고 싶은 곳이에요.,282,False,5.0,5.0,실버 레벨,홍대에서 닭갈비 먹으려고 찾다가 장인닭갈비 홍대점 다녀왔어요. 국내산 닭을 사용해서 그런지 고기가 부드럽고 양념도 너무 자극적이지 않아서 맛있게 먹었어요. 특히 모짜렐라치즈를 함께 곁들여 먹으니까 고소함이 더해져서 정말 잘 어울리더라고요. 쌈채소가 셀프바로 준비되어 있어서 마음껏 가져다 먹을 수 있는 점도 좋았어요. 사리 종류도 다양해서 취향대로 추가하기 좋고 마지막에 먹은 볶음밥까지 든든하게 마무리했습니다. 매장도 깔끔하고 분위기도 좋아서 홍대에서 닭갈비 먹고 싶을 때 다시 방문하고 싶은 곳이에요.,홍대에서 닭갈비 먹으려고 찾다가 장인닭갈비 홍대점 다녀왔어요 국내산 닭을 사용해서 그런지 고기가 부드럽고 양념도 너무 자극적이지 않아서 맛있게 먹었어요 특히 모짜렐라치즈를 함께 곁들여 먹으니까 고소함이 더해져서 정말 잘 어울리더라고요 쌈채소가 셀프바로 준비되어 있어서 마음껏 가져다 먹을 수 있는 점도 좋았어요 사리 종류도 다양해서 취향대로 추가하기 좋고 마지막에 먹은 볶음밥까지 든든하게 마무리했습니다 매장도 깔끔하고 분위기도 좋아서 홍대에서 닭갈비 먹고 싶을 때 다시 방문하고 싶은 곳이에요,0,0,0,0,0,0,0,282,"분위기, 매장, 깔끔"
naver,육산장 홍대본점,hsa****,23.0,2026.04.28,1번째 방문,영수증,가게 분위기도 좋고 구성이 알차서 좋네요 셀프바도 좋습니다!,33,True,,,,가게 분위기도 좋고 구성이 알차서 좋네요 셀프바도 좋습니다!,가게 분위기도 좋고 구성이 알차서 좋네요 셀프바도 좋습니다 EXCLAM,0,0,0,0,1,0,0,33,분위기
kakao,옥동식 서교점,Lena Lee,11.0,2025-08-05,,,어? 어랏? 으음? 이게 맞나...? 밥은 끝까지 뭉쳐서 설익은 듯 꼬들거리고 심지어 탕은 뜨거운 게 아니라 따뜻했죠 고기는 이렇게 이불처럼 컸었나...? 이렇게 돼지냄새가 살짝 났었나...? 국물이 원래 이렇게...살짝 비렸었나...? 내가 이상한건가...? 갸웃 갸웃 거리며 먹는동안 경직되어있던 홀의 분위기도 한 몫 했습니다 따뜻하고 다정했던 분위기가 아닌. 직원분은 왔다갔다 사감선생님 모드셨고 손님들은 간혹가다 한두마디 섞을 정도의 고요함 기괴한 분위기... 차라리 만두가 났었는데 그나마 좀...덜 뜨겁더군요.... 다시 갈건지는 고민해봐야겠습니다,312,True,2.0,3.2,실버 레벨,어? 어랏? 으음? 이게 맞나...? 밥은 끝까지 뭉쳐서 설익은 듯 꼬들거리고 심지어 탕은 뜨거운 게 아니라 따뜻했죠 고기는 이렇게 이불처럼 컸었나...? 이렇게 돼지냄새가 살짝 났었나...? 국물이 원래 이렇게...살짝 비렸었나...? 내가 이상한건가...? 갸웃 갸웃 거리며 먹는동안 경직되어있던 홀의 분위기도 한 몫 했습니다 따뜻하고 다정했던 분위기가 아닌. 직원분은 왔다갔다 사감선생님 모드셨고 손님들은 간혹가다 한두마디 섞을 정도의 고요함 기괴한 분위기... 차라리 만두가 났었는데 그나마 좀...덜 뜨겁더군요.... 다시 갈건지는 고민해봐야겠습니다,어 QUESTION 어랏 QUESTION 으음 QUESTION 이게 맞나 QUESTION 밥은 끝까지 뭉쳐서 설익은 듯 꼬들거리고 심지어 탕은 뜨거운 게 아니라 따뜻했죠 고기는 이렇게 이불처럼 컸었나 QUESTION 이렇게 돼지냄새가 살짝 났었나 QUESTION 국물이 원래 이렇게 살짝 비렸었나 QUESTION 내가 이상한건가 QUESTION 갸웃 갸웃 거리며 먹는동안 경직되어있던 홀의 분위기도 한 몫 했습니다 따뜻하고 다정했던 분위기가 아닌 직원분은 왔다갔다 사감선생님 모드셨고 손님들은 간혹가다 한두마디 섞을 정도의 고요함 기괴한 분위기 차라리 만두가 났었는데 그나마 좀 덜 뜨겁더군요 다시 갈건지는 고민해봐야겠습니다,0,0,0,0,0,1,0,312,분위기
kakao,뼈탄집 성수역점,김예림,1.0,2026-01-31,,,매장이 쾌적하고 넓어서 좋아요 가족모임이나 회식장소로도 좋을 것 같아요 삼겹살도 맛있고 양도 넉넉해서 고깃집 데이트 장소로도 추천해용,74,True,5.0,5.0,브론즈 레벨,매장이 쾌적하고 넓어서 좋아요 가족모임이나 회식장소로도 좋을 것 같아요 삼겹살도 맛있고 양도 넉넉해서 고깃집 데이트 장소로도 추천해용,매장이 쾌적하고 넓어서 좋아요 가족모임이나 회식장소로도 좋을 것 같아요 삼겹살도 맛있고 양도 넉넉해서 고깃집 데이트 장소로도 추천해용,0,0,0,0,0,0,0,74,"매장, 쾌적, 넓, 데이트"
naver,할머니의 레시피,swing6948,230.0,2025.02.01,1번째 방문,영수증,비빔밥 정식은 불고기가 야들하네 양념맛은 살짝 짜나 맛있어요 한우떡갈비는 삼삼하니 그냥 먹어도 맛있어요. 제일!!! 맛있었어요 생선구이는 가자미인거 같은데 밑간이 좀 더 필요할 듯하고 좀 더 비삭해도 좋을 듯해요 호박죽은 단호박에 찰쌉을 푼듯 맛있어요 특히 밥.. 쌀이 좋아요 밥 잘 안먹는데 싹 비웠어요 전체적으로 삼삼하고 깔끔해서 건강식이네요 혼밥으로도 탁월할 듯 그리고 가격도 성수동에서 착해요,223,True,,,,비빔밥 정식은 불고기가 야들하네 양념맛은 살짝 짜나 맛있어요 한우떡갈비는 삼삼하니 그냥 먹어도 맛있어요. 제일!!! 맛있었어요 생선구이는 가자미인거 같은데 밑간이 좀 더 필요할 듯하고 좀 더 비삭해도 좋을 듯해요 호박죽은 단호박에 찰쌉을 푼듯 맛있어요 특히 밥.. 쌀이 좋아요 밥 잘 안먹는데 싹 비웠어요 전체적으로 삼삼하고 깔끔해서 건강식이네요 혼밥으로도 탁월할 듯 그리고 가격도 성수동에서 착해요,비빔밥 정식은 불고기가 야들하네 양념맛은 살짝 짜나 맛있어요 한우떡갈비는 삼삼하니 그냥 먹어도 맛있어요 제일 EXCLAM 맛있었어요 생선구이는 가자미인거 같은데 밑간이 좀 더 필요할 듯하고 좀 더 비삭해도 좋을 듯해요 호박죽은 단호박에 찰쌉을 푼듯 맛있어요 특히 밥 쌀이 좋아요 밥 잘 안먹는데 싹 비웠어요 전체적으로 삼삼하고 깔끔해서 건강식이네요 혼밥으로도 탁월할 듯 그리고 가격도 성수동에서 착해요,0,0,0,0,1,0,0,223,"깔끔, 혼밥"
naver,육산장 홍대본점,kimmmhii,17.0,2026.03.01,1번째 방문,영수증,일본인 친구와 방문했어요! 친구도 저도 맛있게 잘 먹었습니다 ㅎㅎ 매장 내 분위기 인테리어도 좋았어요,56,True,,,,일본인 친구와 방문했어요! 친구도 저도 맛있게 잘 먹었습니다 ㅎㅎ 매장 내 분위기 인테리어도 좋았어요,일본인 친구와 방문했어요 EXCLAM 친구도 저도 맛있게 잘 먹었습니다 매장 내 분위기 인테리어도 좋았어요,0,0,0,0,1,0,0,56,"분위기, 인테리어, 매장"
naver,원조 조박집 본관,점박이스누피,1577.0,2026.02.27,1번째 방문,영수증,돼지갈비가 달지않아서 물리지않고 맛있어요. 맛보기 동치미국수도 개운하고 된장찌개가 너무 맛있어요. 밑반찬으로 나오는 김치도 고기랑 잘 어울려요. 저녁에 가면 대기가 많긴하지만 자리가 금방 빠져서 오래 기다리지않았어요. 손님이 많지만 직원분들이 불판도 자주 갈아주시고 친절하세요. 후식 식혜도 시판용이 아니라서 많이 달지않아서 맛있어요.,187,False,,,,돼지갈비가 달지않아서 물리지않고 맛있어요. 맛보기 동치미국수도 개운하고 된장찌개가 너무 맛있어요. 밑반찬으로 나오는 김치도 고기랑 잘 어울려요. 저녁에 가면 대기가 많긴하지만 자리가 금방 빠져서 오래 기다리지않았어요. 손님이 많지만 직원분들이 불판도 자주 갈아주시고 친절하세요. 후식 식혜도 시판용이 아니라서 많이 달지않아서 맛있어요.,돼지갈비가 달지않아서 물리지않고 맛있어요 맛보기 동치미국수도 개운하고 된장찌개가 너무 맛있어요 밑반찬으로 나오는 김치도 고기랑 잘 어울려요 저녁에 가면 대기가 많긴하지만 자리가 금방 빠져서 오래 기다리지않았어요 손님이 많지만 직원분들이 불판도 자주 갈아주시고 친절하세요 후식 식혜도 시판용이 아니라서 많이 달지않아서 맛있어요,0,0,0,0,0,0,0,187,자리
kakao,각시보쌈,김민철,12.0,2025-05-18,,,항정수육 잘하는 집 막국수 많이 안 달아서 좋았던 집 반찬구성도 맘에 드는 곳 다만 테이블이 너무 끈적했음,59,False,4.0,4.8,실버 레벨,항정수육 잘하는 집 막국수 많이 안 달아서 좋았던 집 반찬구성도 맘에 드는 곳 다만 테이블이 너무 끈적했음,항정수육 잘하는 집 막국수 많이 안 달아서 좋았던 집 반찬구성도 맘에 드는 곳 다만 테이블이 너무 끈적했음,0,0,0,0,0,0,0,59,테이블
kakao,홍대 조선시대,오세빈,1.0,2026-02-03,,,너무너무 분위기도 좋고 맛있어요! 안주도 가성비고 게임까지 즐길수 있어서 최고예요..,47,False,5.0,5.0,브론즈 레벨,너무너무 분위기도 좋고 맛있어요! 안주도 가성비고 게임까지 즐길수 있어서 최고예요..,너무너무 분위기도 좋고 맛있어요 EXCLAM 안주도 가성비고 게임까지 즐길수 있어서 최고예요,0,0,0,0,1,0,0,47,분위기
kakao,쭌곱창,코풀소,7.0,2025-05-16,,,양 많구 맛있어요! 밑반찬도 깔끔하구 친절하세요!!😆,29,True,5.0,4.0,실버 레벨,양 많구 맛있어요! 밑반찬도 깔끔하구 친절하세요!!😆,양 많구 맛있어요 EXCLAM 밑반찬도 깔끔하구 친절하세요 EXCLAM EMO_POS,1,0,0,0,1,0,0,29,깔끔
naver,육산장 홍대본점,낑깡꽁17,16.0,2026.04.12,1번째 방문,영수증,홍대 중심부에 야장이 있다니 너무 좋아요ㅠㅠ 분위기도 아늑하고 고기도 너무 맛있어요…♡ 초벌해 나와서 완전 편합니다. 덕분에 행복하게 주말 즐겼습니다 !!!! 재방문 의사 너무너무 있슴 !,105,True,,,,홍대 중심부에 야장이 있다니 너무 좋아요ㅠㅠ 분위기도 아늑하고 고기도 너무 맛있어요…♡ 초벌해 나와서 완전 편합니다. 덕분에 행복하게 주말 즐겼습니다 !!!! 재방문 의사 너무너무 있슴 !,홍대 중심부에 야장이 있다니 너무 좋아요 분위기도 아늑하고 고기도 너무 맛있어요 EMO_POS 초벌해 나와서 완전 편합니다 덕분에 행복하게 주말 즐겼습니다 EXCLAM 재방문 의사 너무너무 있슴 EXCLAM,1,0,0,1,1,0,0,105,분위기
kakao,능동미나리 성수점,김현우,1.0,2026-03-30,,,첫방문이었는데 보기보다 매장이 넚고요 밥먹기 좋은 분위기였습니다 직원분들이 메뉴설명을 잘해주셔서 맛있게 먹었고요 직원분들이 친절해서 기분좋게 먹었습니다 비빔밥을 먹었는데 간장양념이더라고요 간장 비빔밥은 처음 먹어봤는데 제가 알던 비빔밥이 맞나싶을 정도로 맛있었습니다 육회도 굉장히 좋았습니다 웨이팅이 좀 많이 길긴하지만 기다려서 먹고가도 절대 후회없을 정도로 맛있었습니다!!,209,True,5.0,5.0,브론즈 레벨,첫방문이었는데 보기보다 매장이 넚고요 밥먹기 좋은 분위기였습니다 직원분들이 메뉴설명을 잘해주셔서 맛있게 먹었고요 직원분들이 친절해서 기분좋게 먹었습니다 비빔밥을 먹었는데 간장양념이더라고요 간장 비빔밥은 처음 먹어봤는데 제가 알던 비빔밥이 맞나싶을 정도로 맛있었습니다 육회도 굉장히 좋았습니다 웨이팅이 좀 많이 길긴하지만 기다려서 먹고가도 절대 후회없을 정도로 맛있었습니다!!,첫방문이었는데 보기보다 매장이 넚고요 밥먹기 좋은 분위기였습니다 직원분들이 메뉴설명을 잘해주셔서 맛있게 먹었고요 직원분들이 친절해서 기분좋게 먹었습니다 비빔밥을 먹었는데 간장양념이더라고요 간장 비빔밥은 처음 먹어봤는데 제가 알던 비빔밥이 맞나싶을 정도로 맛있었습니다 육회도 굉장히 좋았습니다 웨이팅이 좀 많이 길긴하지만 기다려서 먹고가도 절대 후회없을 정도로 맛있었습니다 EXCLAM,0,0,0,0,1,0,0,209,"분위기, 매장"
naver,마포양지설렁탕,먹고걷고햇빛듬뿍,1961.0,2026.03.17,1번째 방문,영수증,"처음으로 방문을 했습니다 5호선 마포역이나 공덕역을 통해서 올수가 있습니다, 공덕역 8번출구로 나와서 약 200미터 직진후에 왼쪽편에 건물이 보입니다, 창강빌딩 맞은편 풀리오매장과 다락광고판이 보이고 인근에 호텔 4군데가 있습니다, 가든호텔, 로이넷호텔, 신라스테이, 롯데 시티호텔이 있어서 외국분들도 많이 옵니다, 기본 설렁탕(14,000원)입니다, 테이블위에 대파통과 깍두기 파김치,배추김치통이 있으니 원하시는 김치를 드세요 공기밥과 국수사리는 처음부터 추가하거나 나중에도 가능하고 포장은 2인부터가능 국물이 많이 포장됩니다, 대한민국 방방곡곡 도시거리와 둘레길을 걸어다니면서 음식점 카페 빵집 박물관 기념관 소개하는 리뷰어입니다 ✅️ MY플레이스 리뷰어순위 TOP 30등 🌼🌸 ✅️리뷰 총조회수 1,800만회",399,True,,,,"처음으로 방문을 했습니다 5호선 마포역이나 공덕역을 통해서 올수가 있습니다, 공덕역 8번출구로 나와서 약 200미터 직진후에 왼쪽편에 건물이 보입니다, 창강빌딩 맞은편 풀리오매장과 다락광고판이 보이고 인근에 호텔 4군데가 있습니다, 가든호텔, 로이넷호텔, 신라스테이, 롯데 시티호텔이 있어서 외국분들도 많이 옵니다, 기본 설렁탕(14,000원)입니다, 테이블위에 대파통과 깍두기 파김치,배추김치통이 있으니 원하시는 김치를 드세요 공기밥과 국수사리는 처음부터 추가하거나 나중에도 가능하고 포장은 2인부터가능 국물이 많이 포장됩니다, 대한민국 방방곡곡 도시거리와 둘레길을 걸어다니면서 음식점 카페 빵집 박물관 기념관 소개하는 리뷰어입니다 ✅️ MY플레이스 리뷰어순위 TOP 30등 🌼🌸 ✅️리뷰 총조회수 1,800만회",처음으로 방문을 했습니다 5호선 마포역이나 공덕역을 통해서 올수가 있습니다 공덕역 8번출구로 나와서 약 200미터 직진후에 왼쪽편에 건물이 보입니다 창강빌딩 맞은편 풀리오매장과 다락광고판이 보이고 인근에 호텔 4군데가 있습니다 가든호텔 로이넷호텔 신라스테이 롯데 시티호텔이 있어서 외국분들도 많이 옵니다 기본 설렁탕 14 000원 입니다 테이블위에 대파통과 깍두기 파김치 배추김치통이 있으니 원하시는 김치를 드세요 공기밥과 국수사리는 처음부터 추가하거나 나중에도 가능하고 포장은 2인부터가능 국물이 많이 포장됩니다 대한민국 방방곡곡 도시거리와 둘레길을 걸어다니면서 음식점 카페 빵집 박물관 기념관 소개하는 리뷰어입니다 MY플레이스 리뷰어순위 TOP 30등 리뷰 총조회수 1 800만회,0,0,0,0,0,0,1,399,"매장, 테이블"
naver,보끔당 성수점,모찌젤리2,9.0,2026.04.17,1번째 방문,영수증,두 번째 방문이에요! 여기 진짜 맛있어요~!!! 매장도 깔끔하고 직원분들도 친절해요!,47,True,,,,두 번째 방문이에요! 여기 진짜 맛있어요~!!! 매장도 깔끔하고 직원분들도 친절해요!,두 번째 방문이에요 EXCLAM 여기 진짜 맛있어요 EXCLAM 매장도 깔끔하고 직원분들도 친절해요 EXCLAM,0,0,0,0,1,0,0,47,"매장, 깔끔"
kakao,이태리국시 성수,미정,1.0,2026-04-19,,,친구들이랑 만나서 점심먹으러왔어요 모임하기에 분위기도 좋고 음식도 맛있네요.,42,True,5.0,5.0,브론즈 레벨,친구들이랑 만나서 점심먹으러왔어요 모임하기에 분위기도 좋고 음식도 맛있네요.,친구들이랑 만나서 점심먹으러왔어요 모임하기에 분위기도 좋고 음식도 맛있네요,0,0,0,0,0,0,0,42,분위기
naver,황금콩밭,키친94,608.0,2025.02.02,1번째 방문,예약,"설연휴가 끝나는 일요일 점심...새벽까지 밤새 달린 부대낀 속을 풀려고 편안한 음식 찾아 간 곳. 딱 점심시간에 갔더니 손님가득, 살짝 웨이팅 하고 들어감. 가족들 많고 교회끝나고 온 듯한 단체들도 보임. 정식 주문하니 음식이 한번에 나와 2인석 좁다고 넓은 자리로 옮겨주심. 정말 금방 카트 서너대 음식들 주르륵 나옴. 새빨간데 안매운 두부찌게 별거 안들어갔는데 감칠맛 끝내주고 따뜻한 호박전 맛없없.멸치까지 반찬 하나하나 맛있어서 계속 집어먹고 네모난 생두부 한입 먹고 맛있어서 소쿠리두부 추가주문. 밥대신 두부랑 반찬 먹다보니 밥 남길정도로 생두부 맛에 폭 빠짐. 엄마드리려고 각자 소쿠리두부 하나씩 포장해 왔다.바쁜데 지나가다 먹는법 설명해 주시고 이것저것 계속 챙겨주신 이모님들이 너무 친절하셨다.",395,True,,,,"설연휴가 끝나는 일요일 점심...새벽까지 밤새 달린 부대낀 속을 풀려고 편안한 음식 찾아 간 곳. 딱 점심시간에 갔더니 손님가득, 살짝 웨이팅 하고 들어감. 가족들 많고 교회끝나고 온 듯한 단체들도 보임. 정식 주문하니 음식이 한번에 나와 2인석 좁다고 넓은 자리로 옮겨주심. 정말 금방 카트 서너대 음식들 주르륵 나옴. 새빨간데 안매운 두부찌게 별거 안들어갔는데 감칠맛 끝내주고 따뜻한 호박전 맛없없.멸치까지 반찬 하나하나 맛있어서 계속 집어먹고 네모난 생두부 한입 먹고 맛있어서 소쿠리두부 추가주문. 밥대신 두부랑 반찬 먹다보니 밥 남길정도로 생두부 맛에 폭 빠짐. 엄마드리려고 각자 소쿠리두부 하나씩 포장해 왔다.바쁜데 지나가다 먹는법 설명해 주시고 이것저것 계속 챙겨주신 이모님들이 너무 친절하셨다.",설연휴가 끝나는 일요일 점심 새벽까지 밤새 달린 부대낀 속을 풀려고 편안한 음식 찾아 간 곳 딱 점심시간에 갔더니 손님가득 살짝 웨이팅 하고 들어감 가족들 많고 교회끝나고 온 듯한 단체들도 보임 정식 주문하니 음식이 한번에 나와 2인석 좁다고 넓은 자리로 옮겨주심 정말 금방 카트 서너대 음식들 주르륵 나옴 새빨간데 안매운 두부찌게 별거 안들어갔는데 감칠맛 끝내주고 따뜻한 호박전 맛없없 멸치까지 반찬 하나하나 맛있어서 계속 집어먹고 네모난 생두부 한입 먹고 맛있어서 소쿠리두부 추가주문 밥대신 두부랑 반찬 먹다보니 밥 남길정도로 생두부 맛에 폭 빠짐 엄마드리려고 각자 소쿠리두부 하나씩 포장해 왔다 바쁜데 지나가다 먹는법 설명해 주시고 이것저것 계속 챙겨주신 이모님들이 너무 친절하셨다,0,0,0,0,0,0,1,395,"자리, 넓, 좁"
naver,옥동식,박미키,1142.0,2025.08.06,1번째 방문,예약,아쉬운점 1명은 캐치테이블에서 온라인 웨이팅이 되지 않아서 혼자 가는 사람은 현장에서 웨이팅을 하고 기다려야 해서 아쉬웠어요. 날이 너무 더운데 근처에 기다릴 만한 곳도 없어요. 근처 주민분들이 많이 데이셨는지 경고문이 많아서 좀 위압적인 느낌이 들었습니다. 11시9분 도착했는데 들어간건 12시가 지나서 들어갔어요. 좋았던점 배고파 죽는줄 알았는데 접객은 훌륭했고 음식이 너무 맛있었습니다. 사람들이 왜 좋아하는지 알겠어요. 뉴요커도 인정한 맛집이니 한국 사람이라면 꼭 드셔보셨으면 좋겠습니다. 우리가 평소에 먹는 흔한 돼지국밥이 아닙니다. 건강한 음식을 먹는 느낌입니다. 혼자 방문하는 손님을 위한 온라인 웨이팅만 개선해주셨으면 좋겠습니다.,360,True,,,,아쉬운점 1명은 캐치테이블에서 온라인 웨이팅이 되지 않아서 혼자 가는 사람은 현장에서 웨이팅을 하고 기다려야 해서 아쉬웠어요. 날이 너무 더운데 근처에 기다릴 만한 곳도 없어요. 근처 주민분들이 많이 데이셨는지 경고문이 많아서 좀 위압적인 느낌이 들었습니다. 11시9분 도착했는데 들어간건 12시가 지나서 들어갔어요. 좋았던점 배고파 죽는줄 알았는데 접객은 훌륭했고 음식이 너무 맛있었습니다. 사람들이 왜 좋아하는지 알겠어요. 뉴요커도 인정한 맛집이니 한국 사람이라면 꼭 드셔보셨으면 좋겠습니다. 우리가 평소에 먹는 흔한 돼지국밥이 아닙니다. 건강한 음식을 먹는 느낌입니다. 혼자 방문하는 손님을 위한 온라인 웨이팅만 개선해주셨으면 좋겠습니다.,아쉬운점 1명은 캐치테이블에서 온라인 웨이팅이 되지 않아서 혼자 가는 사람은 현장에서 웨이팅을 하고 기다려야 해서 아쉬웠어요 날이 너무 더운데 근처에 기다릴 만한 곳도 없어요 근처 주민분들이 많이 데이셨는지 경고문이 많아서 좀 위압적인 느낌이 들었습니다 11시9분 도착했는데 들어간건 12시가 지나서 들어갔어요 좋았던점 배고파 죽는줄 알았는데 접객은 훌륭했고 음식이 너무 맛있었습니다 사람들이 왜 좋아하는지 알겠어요 뉴요커도 인정한 맛집이니 한국 사람이라면 꼭 드셔보셨으면 좋겠습니다 우리가 평소에 먹는 흔한 돼지국밥이 아닙니다 건강한 음식을 먹는 느낌입니다 혼자 방문하는 손님을 위한 온라인 웨이팅만 개선해주셨으면 좋겠습니다,0,0,0,0,0,0,1,360,테이블
kakao,장인닭갈비 홍대점,oh5,92.0,2026-02-01,,,홍대 식당 여기저기 다녀봤지만 이런곳은 처음이네요. 웨이팅은 없지만 주문후 음식이 나오기까지 너무 오래걸리고 가격에 비해 음식이 너무 적어요. 1인분을 2인분으로 잘못준줄 알았습니다. 직원분들 친절함이라고는 1도 찾아보기 힘든데 옆테이블쪽은 더 가관이였습니다. 사리 추가하는데 주방장님 스트레스 받으시니 추가하지말라 하시더라구요. 듣고 제 귀를 의심했습니다. 식당하기전에 직원교육부터 제대로 시켜야하지 않을까요? 알바들끼리 잡담 주고받을 시간있으면 손님케어나 더 하시면 좋겠는데요. 이글을 보시는 분들은 제발 댓글 알바들한테 낚이지않으셨면 좋겠습니다. 5점짜리 리뷰는 넘치는데 왜 평균별점이 3점대일까요? 저같은 기분을 느낀사람이 한둘이 아니라는거겠죠.,365,False,1.0,3.5,실버 레벨,홍대 식당 여기저기 다녀봤지만 이런곳은 처음이네요. 웨이팅은 없지만 주문후 음식이 나오기까지 너무 오래걸리고 가격에 비해 음식이 너무 적어요. 1인분을 2인분으로 잘못준줄 알았습니다. 직원분들 친절함이라고는 1도 찾아보기 힘든데 옆테이블쪽은 더 가관이였습니다. 사리 추가하는데 주방장님 스트레스 받으시니 추가하지말라 하시더라구요. 듣고 제 귀를 의심했습니다. 식당하기전에 직원교육부터 제대로 시켜야하지 않을까요? 알바들끼리 잡담 주고받을 시간있으면 손님케어나 더 하시면 좋겠는데요. 이글을 보시는 분들은 제발 댓글 알바들한테 낚이지않으셨면 좋겠습니다. 5점짜리 리뷰는 넘치는데 왜 평균별점이 3점대일까요? 저같은 기분을 느낀사람이 한둘이 아니라는거겠죠.,홍대 식당 여기저기 다녀봤지만 이런곳은 처음이네요 웨이팅은 없지만 주문후 음식이 나오기까지 너무 오래걸리고 가격에 비해 음식이 너무 적어요 1인분을 2인분으로 잘못준줄 알았습니다 직원분들 친절함이라고는 1도 찾아보기 힘든데 옆테이블쪽은 더 가관이였습니다 사리 추가하는데 주방장님 스트레스 받으시니 추가하지말라 하시더라구요 듣고 제 귀를 의심했습니다 식당하기전에 직원교육부터 제대로 시켜야하지 않을까요 QUESTION 알바들끼리 잡담 주고받을 시간있으면 손님케어나 더 하시면 좋겠는데요 이글을 보시는 분들은 제발 댓글 알바들한테 낚이지않으셨면 좋겠습니다 5점짜리 리뷰는 넘치는데 왜 평균별점이 3점대일까요 QUESTION 저같은 기분을 느낀사람이 한둘이 아니라는거겠죠,0,0,0,0,0,1,1,365,테이블
naver,락희옥 마포본점,냥양이,15.0,2025.09.27,1번째 방문,영수증,"음식 구성이 너무 좋았어요. 단체로 옹기종기 모여소 맛있게 먹었습니당. 매장도 분위기도 좋고, 음식도 깔끔하고 기본 반찬도 맛있어서 밥 추가해서 먹었네욯ㅎㅎㅎㅎㅎ",90,True,,,,"음식 구성이 너무 좋았어요. 단체로 옹기종기 모여소 맛있게 먹었습니당. 매장도 분위기도 좋고, 음식도 깔끔하고 기본 반찬도 맛있어서 밥 추가해서 먹었네욯ㅎㅎㅎㅎㅎ",음식 구성이 너무 좋았어요 단체로 옹기종기 모여소 맛있게 먹었습니당 매장도 분위기도 좋고 음식도 깔끔하고 기본 반찬도 맛있어서 밥 추가해서 먹었네욯,0,0,0,0,0,0,0,90,"분위기, 매장, 깔끔"
naver,육산장 홍대본점,tskim444,25.0,2026.04.22,1번째 방문,영수증,분위기 너무 젛고 음식 항상 맛있습니다 사장님 너무 친절하세용....❤️☺️,42,True,,,,분위기 너무 젛고 음식 항상 맛있습니다 사장님 너무 친절하세용....❤️☺️,분위기 너무 젛고 음식 항상 맛있습니다 사장님 너무 친절하세용 EMO_POS,1,0,0,0,0,0,0,42,분위기
kakao,굴다리식당,h,4.0,2026-01-25,,,여길 추억 없이 맛 만으로 재방문할 사람이 있을지 의문 일단 가게 냄새가 식욕 떨어지게 하는 냄새… 김치찌개는 셔서 내 취향 아니고 위생이 걱정이라 밥을 절반 이상 남기고 왔던…,99,True,2.0,3.5,실버 레벨,여길 추억 없이 맛 만으로 재방문할 사람이 있을지 의문 일단 가게 냄새가 식욕 떨어지게 하는 냄새… 김치찌개는 셔서 내 취향 아니고 위생이 걱정이라 밥을 절반 이상 남기고 왔던…,여길 추억 없이 맛 만으로 재방문할 사람이 있을지 의문 일단 가게 냄새가 식욕 떨어지게 하는 냄새 김치찌개는 셔서 내 취향 아니고 위생이 걱정이라 밥을 절반 이상 남기고 왔던,0,0,0,0,0,0,0,99,위생
naver,옥동식,우정잉1,19.0,2025.08.22,1번째 방문,영수증,여자알바생분 불친절해용 서비스직하실거면 말투 좀 고치셨음 해요ㅜㅜ 맛은 되게 평범해요.. 이걸 왜 웨이팅해서 먹나싶은맛 그리고 바 자리밖에 없는데다가 분위기도 되게 숙연하고 조용한데 불편해서 친구들이랑 말한마디 못하고 조용히 밥만 먹게 되는곳..^^,139,True,,,,여자알바생분 불친절해용 서비스직하실거면 말투 좀 고치셨음 해요ㅜㅜ 맛은 되게 평범해요.. 이걸 왜 웨이팅해서 먹나싶은맛 그리고 바 자리밖에 없는데다가 분위기도 되게 숙연하고 조용한데 불편해서 친구들이랑 말한마디 못하고 조용히 밥만 먹게 되는곳..^^,여자알바생분 불친절해용 서비스직하실거면 말투 좀 고치셨음 해요 맛은 되게 평범해요 이걸 왜 웨이팅해서 먹나싶은맛 그리고 바 자리밖에 없는데다가 분위기도 되게 숙연하고 조용한데 불편해서 친구들이랑 말한마디 못하고 조용히 밥만 먹게 되는곳,0,0,0,1,0,0,0,139,"분위기, 자리, 조용"
kakao,홍대 조선시대,덕윤,1.0,2025-12-24,,,6명이서 먹다 6명 다 죽었습니다.. 직원분들 친절하시고 분위기 좋고 매장 넓고 안주도 퀄리티 좋고 맛있어요 !,62,True,5.0,5.0,브론즈 레벨,6명이서 먹다 6명 다 죽었습니다.. 직원분들 친절하시고 분위기 좋고 매장 넓고 안주도 퀄리티 좋고 맛있어요 !,6명이서 먹다 6명 다 죽었습니다 직원분들 친절하시고 분위기 좋고 매장 넓고 안주도 퀄리티 좋고 맛있어요 EXCLAM,0,0,0,0,1,0,1,62,"분위기, 매장, 넓"
naver,옥동식,jiny2335,143.0,2025.05.09,1번째 방문,영수증,평일 11시고 비가 와서 그런가 줄은 없었는데 오픈시간 되자마자 사람들 와서 만석됨. 자릿수 자체가 적은 편. 음식은 깔끔했고 정갈했음. 보통과 특은 그릇 크기는 같은데 고기 양 차이인듯? 특 고기 엄청 많았음. 밥과 육수는 리필 가능. 깨끗하고 직원분들도 빠릿빠릿함. 근데 테이블 배치상? 그리고 조명도 어둡고 뭔가 시끄러운 분위기 아니고 밥만 먹고 다들 바로 일어나는 분위기라 회전은 빠른듯. 맛은 있는데 그래도 결국은 돼지국밥임. 정성껏 기름 겉어낸 느낌나는 깔끔한 돼지국밥 ㅎㅎ 만두는 그냥그저 그런 맛 ㅎ,287,True,,,,평일 11시고 비가 와서 그런가 줄은 없었는데 오픈시간 되자마자 사람들 와서 만석됨. 자릿수 자체가 적은 편. 음식은 깔끔했고 정갈했음. 보통과 특은 그릇 크기는 같은데 고기 양 차이인듯? 특 고기 엄청 많았음. 밥과 육수는 리필 가능. 깨끗하고 직원분들도 빠릿빠릿함. 근데 테이블 배치상? 그리고 조명도 어둡고 뭔가 시끄러운 분위기 아니고 밥만 먹고 다들 바로 일어나는 분위기라 회전은 빠른듯. 맛은 있는데 그래도 결국은 돼지국밥임. 정성껏 기름 겉어낸 느낌나는 깔끔한 돼지국밥 ㅎㅎ 만두는 그냥그저 그런 맛 ㅎ,평일 11시고 비가 와서 그런가 줄은 없었는데 오픈시간 되자마자 사람들 와서 만석됨 자릿수 자체가 적은 편 음식은 깔끔했고 정갈했음 보통과 특은 그릇 크기는 같은데 고기 양 차이인듯 QUESTION 특 고기 엄청 많았음 밥과 육수는 리필 가능 깨끗하고 직원분들도 빠릿빠릿함 근데 테이블 배치상 QUESTION 그리고 조명도 어둡고 뭔가 시끄러운 분위기 아니고 밥만 먹고 다들 바로 일어나는 분위기라 회전은 빠른듯 맛은 있는데 그래도 결국은 돼지국밥임 정성껏 기름 겉어낸 느낌나는 깔끔한 돼지국밥 만두는 그냥그저 그런 맛,0,0,0,0,0,1,1,287,"분위기, 테이블, 조명, 깔끔"
naver,조선시대,쀼랭크,1042.0,2026.02.02,1번째 방문,예약,외국인 친구들과 오면 더 재밌을 것 같은 느낌이었어요! 음식도 다양하고 딸기막걸리뿐 아니라 특별한 주류도 가지각색으로 있어서 잘 즐기고 갑니다. 무엇보다 분위기가 진짜 특별해요!,99,True,,,,외국인 친구들과 오면 더 재밌을 것 같은 느낌이었어요! 음식도 다양하고 딸기막걸리뿐 아니라 특별한 주류도 가지각색으로 있어서 잘 즐기고 갑니다. 무엇보다 분위기가 진짜 특별해요!,외국인 친구들과 오면 더 재밌을 것 같은 느낌이었어요 EXCLAM 음식도 다양하고 딸기막걸리뿐 아니라 특별한 주류도 가지각색으로 있어서 잘 즐기고 갑니다 무엇보다 분위기가 진짜 특별해요 EXCLAM,0,0,0,0,1,0,0,99,분위기
naver,원조 조박집 본관,퐁퐁버블,1439.0,2025.05.08,1번째 방문,영수증,음식들 깔끔하고 고기 자극적이지않아 좋고 친절하시고 식혜가 미쳤네요👍,38,True,,,,음식들 깔끔하고 고기 자극적이지않아 좋고 친절하시고 식혜가 미쳤네요👍,음식들 깔끔하고 고기 자극적이지않아 좋고 친절하시고 식혜가 미쳤네요 EMO_POS,1,0,0,0,0,0,0,38,깔끔
naver,이태리국시 성수,hae****,7.0,2026.05.05,1번째 방문,영수증,퓨전 양식집이라고 해서 살짝 반신반의하며 방문했는데 너무 맛있습니다. 평소에 맛볼 수 없었던 메뉴가 많은데 다 풍미가 너무 좋고 맛있었어요. 분위기도 좋아서 데이트하거나 가족식사로 방문해도 좋을것같아요. 다시 방문하고싶은 곳 입니다.,130,True,,,,퓨전 양식집이라고 해서 살짝 반신반의하며 방문했는데 너무 맛있습니다. 평소에 맛볼 수 없었던 메뉴가 많은데 다 풍미가 너무 좋고 맛있었어요. 분위기도 좋아서 데이트하거나 가족식사로 방문해도 좋을것같아요. 다시 방문하고싶은 곳 입니다.,퓨전 양식집이라고 해서 살짝 반신반의하며 방문했는데 너무 맛있습니다 평소에 맛볼 수 없었던 메뉴가 많은데 다 풍미가 너무 좋고 맛있었어요 분위기도 좋아서 데이트하거나 가족식사로 방문해도 좋을것같아요 다시 방문하고싶은 곳 입니다,0,0,0,0,0,0,0,130,"분위기, 데이트"
kakao,육산장 홍대본점,명희,2.0,2025-12-14,,,초벌로 구워 놔와서 금방 먹을 수 있고 넘 맛있어요~ 캠핑 온 분위기로 먹을 수 있어서 정말 좋아요!!👍👍👍,60,True,5.0,5.0,브론즈 레벨,초벌로 구워 놔와서 금방 먹을 수 있고 넘 맛있어요~ 캠핑 온 분위기로 먹을 수 있어서 정말 좋아요!!👍👍👍,초벌로 구워 놔와서 금방 먹을 수 있고 넘 맛있어요 캠핑 온 분위기로 먹을 수 있어서 정말 좋아요 EXCLAM EMO_POS EMO_POS EMO_POS,1,0,0,0,1,0,0,60,분위기
kakao,이태리국시 성수,빠밤,1.0,2026-04-18,,,"분위기도 너무 좋고, 음식도 맛있어요!! 너무 만족하고 갑니당~🩷",36,True,5.0,5.0,브론즈 레벨,"분위기도 너무 좋고, 음식도 맛있어요!! 너무 만족하고 갑니당~🩷",분위기도 너무 좋고 음식도 맛있어요 EXCLAM 너무 만족하고 갑니당,0,0,0,0,1,0,0,36,분위기
naver,조선시대,강8760,9.0,2026.04.07,1번째 방문,영수증,맛있어서 먹다가 사진찍고 집와서 리뷰씁니다 분위기 좋고 막걸리 잘들어갈거같은 인테리어에요,49,True,,,,맛있어서 먹다가 사진찍고 집와서 리뷰씁니다 분위기 좋고 막걸리 잘들어갈거같은 인테리어에요,맛있어서 먹다가 사진찍고 집와서 리뷰씁니다 분위기 좋고 막걸리 잘들어갈거같은 인테리어에요,0,0,0,0,0,0,0,49,"분위기, 인테리어"
naver,뼈탄집 성수역점,Mj79,66.0,2026.04.09,1번째 방문,영수증,깔끔하고 맛있어요 친구가 제일 좋아하는 곳이라고 사줬어요!!! 넘넘 맛있었어요~~!,46,True,,,,깔끔하고 맛있어요 친구가 제일 좋아하는 곳이라고 사줬어요!!! 넘넘 맛있었어요~~!,깔끔하고 맛있어요 친구가 제일 좋아하는 곳이라고 사줬어요 EXCLAM 넘넘 맛있었어요 TILDE EXCLAM,0,0,0,0,1,0,0,46,깔끔
kakao,뼈탄집 성수역점,조혜경,2.0,2026-04-15,,,"성수역 2번 출구 도보 3분 거리로 접근성 좋음👍🏼 가게 입구에 주차 공간 및 캐치테이블 키오스크, 대기 공간 마련되어 있음 좌석 10개 이상이며 룸도 있어 프라이빗 식사 및 회식 가능함. 매장 전반적으로 청결하고 테이블 및 불판 관리 잘 되어 있음. 고기 질 아주 좋고 개맛도리임. 분위기, 동선, 편의성 균형 잡힌 고기집으로 재방문 가치 있음",193,True,5.0,5.0,브론즈 레벨,"성수역 2번 출구 도보 3분 거리로 접근성 좋음👍🏼 가게 입구에 주차 공간 및 캐치테이블 키오스크, 대기 공간 마련되어 있음 좌석 10개 이상이며 룸도 있어 프라이빗 식사 및 회식 가능함. 매장 전반적으로 청결하고 테이블 및 불판 관리 잘 되어 있음. 고기 질 아주 좋고 개맛도리임. 분위기, 동선, 편의성 균형 잡힌 고기집으로 재방문 가치 있음",성수역 2번 출구 도보 3분 거리로 접근성 좋음 EMO_POS 가게 입구에 주차 공간 및 캐치테이블 키오스크 대기 공간 마련되어 있음 좌석 10개 이상이며 룸도 있어 프라이빗 식사 및 회식 가능함 매장 전반적으로 청결하고 테이블 및 불판 관리 잘 되어 있음 고기 질 아주 좋고 개맛도리임 분위기 동선 편의성 균형 잡힌 고기집으로 재방문 가치 있음,1,0,0,0,0,0,1,193,"분위기, 매장, 공간, 테이블, 청결, 주차"
naver,육산장 홍대본점,the****,13.0,2026.04.19,1번째 방문,영수증,진짜 맛있고 양도 많고 저렴한데 분위기도 미쳣어요 도심 속 캠핑! 추천드려요,42,True,,,,진짜 맛있고 양도 많고 저렴한데 분위기도 미쳣어요 도심 속 캠핑! 추천드려요,진짜 맛있고 양도 많고 저렴한데 분위기도 미쳣어요 도심 속 캠핑 EXCLAM 추천드려요,0,0,0,0,1,0,0,42,분위기
naver,이태리국시 성수,봄이오면 28,2132.0,2026.04.26,1번째 방문,영수증,​가족들과 함께한 성수동 나들~~ '이태리국시' 덕분에 더욱 특별해졌습니다. 한식과 양식의 경계를 허문 독창적인 메뉴들이 인상적이었어요. 자극적이지 않으면서도 깊은 풍미가 느껴져 어른들부터 아이들까지 모두 만족스러운 식사였습니다. 세련된 공간에서 정성 담긴 요리를 즐기고 싶을 때 다시 찾고 싶은 곳입니다. 특히나 오늘은 우리 손녀도 함께 너무 즐겁고 행복한 시간 되었어요~~~♡♡♡,214,True,,,,​가족들과 함께한 성수동 나들~~ '이태리국시' 덕분에 더욱 특별해졌습니다. 한식과 양식의 경계를 허문 독창적인 메뉴들이 인상적이었어요. 자극적이지 않으면서도 깊은 풍미가 느껴져 어른들부터 아이들까지 모두 만족스러운 식사였습니다. 세련된 공간에서 정성 담긴 요리를 즐기고 싶을 때 다시 찾고 싶은 곳입니다. 특히나 오늘은 우리 손녀도 함께 너무 즐겁고 행복한 시간 되었어요~~~♡♡♡,가족들과 함께한 성수동 나들 TILDE 이태리국시 덕분에 더욱 특별해졌습니다 한식과 양식의 경계를 허문 독창적인 메뉴들이 인상적이었어요 자극적이지 않으면서도 깊은 풍미가 느껴져 어른들부터 아이들까지 모두 만족스러운 식사였습니다 세련된 공간에서 정성 담긴 요리를 즐기고 싶을 때 다시 찾고 싶은 곳입니다 특히나 오늘은 우리 손녀도 함께 너무 즐겁고 행복한 시간 되었어요 TILDE EMO_POS EMO_POS EMO_POS,1,0,0,0,0,0,0,214,공간
naver,태양곱창 성수점,JayShin659,5.0,2026.04.15,1번째 방문,영수증,"이곳은 최악의 음식점입니다. Don't go to the worst restaurant 곱창구이 시켰습니다.느끼해서 옆테이블에 있는 볶음밥보고 추가하려다가 노파심에 여기(곱창구이)에 저 볶음밥은 안되나요 물었더니 따로 그릇에 나올거라 말씀주셔서 안심하고 시켰더니 하~얀 볶음밥이 나오더군요..이게 맞냐고 물었더니, 문신 많으신 분이 전골이 아니면 이렇게 나오는게 맞답니다. 여러분은 곱창집에서 하얀 볶음밥을 보거나 드신 분이 계신가요? 맞다고 하니 그냥 전골 추가로 시켰습니다. 둘이서 십만원 썼네요. 진짜문제는 전골에 돼지곱창 특유의 비린잡내가 매우 심합니다. 역겨울 정도로 잡내가 심합니다. 젊으신 분들은 술 드시며 성수에 기분 내시러 오시겠지만, 성수 오랫동안 살아온 입장에서 이 가게 비추입니다.딴데 가셔요",399,False,,,,"이곳은 최악의 음식점입니다. Don't go to the worst restaurant 곱창구이 시켰습니다.느끼해서 옆테이블에 있는 볶음밥보고 추가하려다가 노파심에 여기(곱창구이)에 저 볶음밥은 안되나요 물었더니 따로 그릇에 나올거라 말씀주셔서 안심하고 시켰더니 하~얀 볶음밥이 나오더군요..이게 맞냐고 물었더니, 문신 많으신 분이 전골이 아니면 이렇게 나오는게 맞답니다. 여러분은 곱창집에서 하얀 볶음밥을 보거나 드신 분이 계신가요? 맞다고 하니 그냥 전골 추가로 시켰습니다. 둘이서 십만원 썼네요. 진짜문제는 전골에 돼지곱창 특유의 비린잡내가 매우 심합니다. 역겨울 정도로 잡내가 심합니다. 젊으신 분들은 술 드시며 성수에 기분 내시러 오시겠지만, 성수 오랫동안 살아온 입장에서 이 가게 비추입니다.딴데 가셔요",이곳은 최악의 음식점입니다 Don t go to the worst restaurant 곱창구이 시켰습니다 느끼해서 옆테이블에 있는 볶음밥보고 추가하려다가 노파심에 여기 곱창구이 에 저 볶음밥은 안되나요 물었더니 따로 그릇에 나올거라 말씀주셔서 안심하고 시켰더니 하 얀 볶음밥이 나오더군요 이게 맞냐고 물었더니 문신 많으신 분이 전골이 아니면 이렇게 나오는게 맞답니다 여러분은 곱창집에서 하얀 볶음밥을 보거나 드신 분이 계신가요 QUESTION 맞다고 하니 그냥 전골 추가로 시켰습니다 둘이서 십만원 썼네요 진짜문제는 전골에 돼지곱창 특유의 비린잡내가 매우 심합니다 역겨울 정도로 잡내가 심합니다 젊으신 분들은 술 드시며 성수에 기분 내시러 오시겠지만 성수 오랫동안 살아온 입장에서 이 가게 비추입니다 딴데 가셔요,0,0,0,0,0,1,0,399,테이블
kakao,쭌곱창,수영,16.0,2026-04-12,,,처음 먹었을 때의 충격을 잊을수가 없음 깻잎+곱창+생크림 듬뿍 조합으로 한 입 넣어 먹으면 그게 바로 극락임 그냥 ㅜ 그리고 쌈 가능한 모든 조합으로 다 싸먹으면 다 다르게 맛있어서 좋음 메뉴가 너무 특이한데 계란물도 부어주시고 토치질 퍼포먼스도 있어서 이런곳이 있다더라 하고 사람들 데려가기 좋음ㅎㅎ 항상 반응이 너무 좋아서 어깨가 으쓱해지는 집 아무리 생각해도 나보다 한국어를 잘 하시는 것 같은 친절한 금발 푸른눈의 직원분이 서빙해 주심. 기본으로 나오는 소스 3종도 크리미하되 각각 느낌이 좀 다름. 기본 곱창이 조금 매콤하게 나오는데 느끼한 소스에 찍어먹으니 매운맛도 중화되고 소스가 물리지도 않음. 정말 양식과 한식 그 중간 어딘가의 오묘한 맛을 경험할 수 있음 + 볶음밥은 필수!! 홍대에서 이정도면 가성비도 상당한 편이구 단순히 곱창집이라고 생각하고 방문했다가는 그 이상의 신세계를 경험하게 됨. -아쉬운 점 반지하이고 공간이 좁아서 자리가 불편할 수 있음 갈 때마다 조리시간이 꽤 길었던 편. 다 조리해서 빼는 메뉴기도 하고 좁은 가게라 그럴수 있음. 일정 급할 땐 피하기~ 금요일/주말 저녁시간은 웨이팅 언제나 있는 편,580,False,5.0,4.5,실버 레벨,처음 먹었을 때의 충격을 잊을수가 없음 깻잎+곱창+생크림 듬뿍 조합으로 한 입 넣어 먹으면 그게 바로 극락임 그냥 ㅜ 그리고 쌈 가능한 모든 조합으로 다 싸먹으면 다 다르게 맛있어서 좋음 메뉴가 너무 특이한데 계란물도 부어주시고 토치질 퍼포먼스도 있어서 이런곳이 있다더라 하고 사람들 데려가기 좋음ㅎㅎ 항상 반응이 너무 좋아서 어깨가 으쓱해지는 집 아무리 생각해도 나보다 한국어를 잘 하시는 것 같은 친절한 금발 푸른눈의 직원분이 서빙해 주심. 기본으로 나오는 소스 3종도 크리미하되 각각 느낌이 좀 다름. 기본 곱창이 조금 매콤하게 나오는데 느끼한 소스에 찍어먹으니 매운맛도 중화되고 소스가 물리지도 않음. 정말 양식과 한식 그 중간 어딘가의 오묘한 맛을 경험할 수 있음 + 볶음밥은 필수!! 홍대에서 이정도면 가성비도 상당한 편이구 단순히 곱창집이라고 생각하고 방문했다가는 그 이상의 신세계를 경험하게 됨. -아쉬운 점 반지하이고 공간이 좁아서 자리가 불편할 수 있음 갈 때마다 조리시간이 꽤 길었던 편. 다 조리해서 빼는 메뉴기도 하고 좁은 가게라 그럴수 있음. 일정 급할 땐 피하기~ 금요일/주말 저녁시간은 웨이팅 언제나 있는 편,처음 먹었을 때의 충격을 잊을수가 없음 깻잎 곱창 생크림 듬뿍 조합으로 한 입 넣어 먹으면 그게 바로 극락임 그냥 그리고 쌈 가능한 모든 조합으로 다 싸먹으면 다 다르게 맛있어서 좋음 메뉴가 너무 특이한데 계란물도 부어주시고 토치질 퍼포먼스도 있어서 이런곳이 있다더라 하고 사람들 데려가기 좋음 항상 반응이 너무 좋아서 어깨가 으쓱해지는 집 아무리 생각해도 나보다 한국어를 잘 하시는 것 같은 친절한 금발 푸른눈의 직원분이 서빙해 주심 기본으로 나오는 소스 3종도 크리미하되 각각 느낌이 좀 다름 기본 곱창이 조금 매콤하게 나오는데 느끼한 소스에 찍어먹으니 매운맛도 중화되고 소스가 물리지도 않음 정말 양식과 한식 그 중간 어딘가의 오묘한 맛을 경험할 수 있음 볶음밥은 필수 EXCLAM 홍대에서 이정도면 가성비도 상당한 편이구 단순히 곱창집이라고 생각하고 방문했다가는 그 이상의 신세계를 경험하게 됨 아쉬운 점 반지하이고 공간이 좁아서 자리가 불편할 수 있음 갈 때마다 조리시간이 꽤 길었던 편 다 조리해서 빼는 메뉴기도 하고 좁은 가게라 그럴수 있음 일정 급할 땐 피하기 금요일 주말 저녁시간은 웨이팅 언제나 있는 편,0,0,0,0,1,0,1,580,"공간, 자리, 좁"
kakao,일등식당,서준,125.0,2025-01-03,,,국물이 깔끔한듯 밍밍한 평범한 맛,18,False,3.0,3.4,실버 레벨,국물이 깔끔한듯 밍밍한 평범한 맛,국물이 깔끔한듯 밍밍한 평범한 맛,0,0,0,0,0,0,0,18,깔끔
kakao,이태리국시 성수,띰바,1.0,2026-04-05,,,"서울숲 벚꽃 산책 후, 낮술로 딱딱딱!!!! 맛,분위기,친절 모두 갖춤 또 올게요~~",47,True,5.0,5.0,브론즈 레벨,"서울숲 벚꽃 산책 후, 낮술로 딱딱딱!!!! 맛,분위기,친절 모두 갖춤 또 올게요~~",서울숲 벚꽃 산책 후 낮술로 딱딱 EXCLAM 맛 분위기 친절 모두 갖춤 또 올게요 TILDE,0,0,0,0,1,0,0,47,분위기
kakao,육산장 홍대본점,맛집찾아삼만리,2.0,2025-06-14,,,홍대에서 이런 분위기 느끼며 고기먹을수있다니 좋아요 직원이 친절하고 고기가맛있어요,45,True,5.0,5.0,브론즈 레벨,홍대에서 이런 분위기 느끼며 고기먹을수있다니 좋아요 직원이 친절하고 고기가맛있어요,홍대에서 이런 분위기 느끼며 고기먹을수있다니 좋아요 직원이 친절하고 고기가맛있어요,0,0,0,0,0,0,0,45,분위기
kakao,이태리국시 성수,뿅,1.0,2026-04-30,,,맛있는 음식 즐거운 분위기에서 잘 먹었습니다,24,True,5.0,5.0,브론즈 레벨,맛있는 음식 즐거운 분위기에서 잘 먹었습니다,맛있는 음식 즐거운 분위기에서 잘 먹었습니다,0,0,0,0,0,0,0,24,분위기
naver,일등식당,이매지1,1480.0,2025.08.19,1번째 방문,영수증,특은 안 된다고 하셔서 보통을 주문했는데 살코기가 실해서 든든하네요. 국물도 다른 뼈해장국집보다 덜 텁텁하고 깔끔했어요. 8천원이란 가격을 생각하면 가성비 너무 좋은 한 끼! 포장하는 경우에는 보통 가격에 특 정도의 양을 주신다는데 포장 손님도 많아서인지 미리 몇 개 포장을 해두셨더라고요. 근데 포장은 용기값 1천원이라고 하니 냄비나 그릇 가져가도 좋을 듯합니다!,204,True,,,,특은 안 된다고 하셔서 보통을 주문했는데 살코기가 실해서 든든하네요. 국물도 다른 뼈해장국집보다 덜 텁텁하고 깔끔했어요. 8천원이란 가격을 생각하면 가성비 너무 좋은 한 끼! 포장하는 경우에는 보통 가격에 특 정도의 양을 주신다는데 포장 손님도 많아서인지 미리 몇 개 포장을 해두셨더라고요. 근데 포장은 용기값 1천원이라고 하니 냄비나 그릇 가져가도 좋을 듯합니다!,특은 안 된다고 하셔서 보통을 주문했는데 살코기가 실해서 든든하네요 국물도 다른 뼈해장국집보다 덜 텁텁하고 깔끔했어요 8천원이란 가격을 생각하면 가성비 너무 좋은 한 끼 EXCLAM 포장하는 경우에는 보통 가격에 특 정도의 양을 주신다는데 포장 손님도 많아서인지 미리 몇 개 포장을 해두셨더라고요 근데 포장은 용기값 1천원이라고 하니 냄비나 그릇 가져가도 좋을 듯합니다 EXCLAM,0,0,0,0,1,0,1,204,깔끔
kakao,락희옥 마포본점,고정원,1.0,2025-08-12,,,"락희옥에서 성게알밥과 김치말이국수를 먹었는데, 둘 다 만족스러웠어요. 성게알밥은 신선한 성게 특유의 고소하고 바다 향이 나는 맛이 밥알과 잘 어울렸고, 비린 맛 없이 깔끔했습니다. 김치말이국수는 시원한 육수에 김치 맛이 은은하게 배어 있어서 여름철 입맛 살리기에 딱 좋았어요. 직원분들도 매우 친절해서 기분 좋게 식사할 수 있었습니다. 재료 신선도와 서비스 모두 훌륭해 재방문 의사 100%",218,True,5.0,5.0,브론즈 레벨,"락희옥에서 성게알밥과 김치말이국수를 먹었는데, 둘 다 만족스러웠어요. 성게알밥은 신선한 성게 특유의 고소하고 바다 향이 나는 맛이 밥알과 잘 어울렸고, 비린 맛 없이 깔끔했습니다. 김치말이국수는 시원한 육수에 김치 맛이 은은하게 배어 있어서 여름철 입맛 살리기에 딱 좋았어요. 직원분들도 매우 친절해서 기분 좋게 식사할 수 있었습니다. 재료 신선도와 서비스 모두 훌륭해 재방문 의사 100%",락희옥에서 성게알밥과 김치말이국수를 먹었는데 둘 다 만족스러웠어요 성게알밥은 신선한 성게 특유의 고소하고 바다 향이 나는 맛이 밥알과 잘 어울렸고 비린 맛 없이 깔끔했습니다 김치말이국수는 시원한 육수에 김치 맛이 은은하게 배어 있어서 여름철 입맛 살리기에 딱 좋았어요 직원분들도 매우 친절해서 기분 좋게 식사할 수 있었습니다 재료 신선도와 서비스 모두 훌륭해 재방문 의사 100,0,0,0,0,0,0,1,218,깔끔
naver,을밀대 평양냉면,반짝이는 보조개,,2025.07.14,1번째 방문,예약,"녹두전..정말 작음.바삭함의 극치~이나, 탄맛남.비싸고, 탄것 같은 인상에 재주문 안할듯.냉면은 깔끔함~면은 고숩고~육수는 밍밍한듯 안한듯~ 좋았음.살엄음 있는것보다 없는게 확실히 맛있음.덥다고 1개는 살얼음 있는거 먹었는데, 니맛 네맛도 모를맛임.ㅋㅋ",141,True,,,,"녹두전..정말 작음.바삭함의 극치~이나, 탄맛남.비싸고, 탄것 같은 인상에 재주문 안할듯.냉면은 깔끔함~면은 고숩고~육수는 밍밍한듯 안한듯~ 좋았음.살엄음 있는것보다 없는게 확실히 맛있음.덥다고 1개는 살얼음 있는거 먹었는데, 니맛 네맛도 모를맛임.ㅋㅋ",녹두전 정말 작음 바삭함의 극치 이나 탄맛남 비싸고 탄것 같은 인상에 재주문 안할듯 냉면은 깔끔함 면은 고숩고 육수는 밍밍한듯 안한듯 좋았음 살엄음 있는것보다 없는게 확실히 맛있음 덥다고 1개는 살얼음 있는거 먹었는데 니맛 네맛도 모를맛임,0,0,0,0,0,0,1,141,깔끔
kakao,이태리국시 성수,니모로그,2.0,2026-04-05,,,"신기한 메뉴가 많고 맛도 좋다! 분위기도 괜찮습니다! 데이트 코스로도 최적인거 같아요. 갑오징오파에야, 반계마늘돌솥리조토 강추! 건강한 재료에 맛도 있으니까 대만족이네요~",95,True,5.0,5.0,브론즈 레벨,"신기한 메뉴가 많고 맛도 좋다! 분위기도 괜찮습니다! 데이트 코스로도 최적인거 같아요. 갑오징오파에야, 반계마늘돌솥리조토 강추! 건강한 재료에 맛도 있으니까 대만족이네요~",신기한 메뉴가 많고 맛도 좋다 EXCLAM 분위기도 괜찮습니다 EXCLAM 데이트 코스로도 최적인거 같아요 갑오징오파에야 반계마늘돌솥리조토 강추 EXCLAM 건강한 재료에 맛도 있으니까 대만족이네요,0,0,0,0,1,0,0,95,"분위기, 데이트"
naver,락희옥 마포본점,lim****,5.0,2026.02.07,1번째 방문,영수증,"와인이나 맥주와 함께 곁들이기에 딱 적당한 음식이 나오고, 와인/맥주 셀렉션도 꽤 다양하고 좋다. 만취하려는 게 아니고 반주로 가볍게 술을 하려거나, 술자리에서 안주로 식사까지 해결하는 데 딱 알맞은 곳. 육전과 김치메밀전병, 그리고 식사메뉴 중에 된장찌개 함께 나오는 부추된장비빔밥과 멍게비빕밥 시켜봤는데 입맛 돈다.",178,True,,,,"와인이나 맥주와 함께 곁들이기에 딱 적당한 음식이 나오고, 와인/맥주 셀렉션도 꽤 다양하고 좋다. 만취하려는 게 아니고 반주로 가볍게 술을 하려거나, 술자리에서 안주로 식사까지 해결하는 데 딱 알맞은 곳. 육전과 김치메밀전병, 그리고 식사메뉴 중에 된장찌개 함께 나오는 부추된장비빔밥과 멍게비빕밥 시켜봤는데 입맛 돈다.",와인이나 맥주와 함께 곁들이기에 딱 적당한 음식이 나오고 와인 맥주 셀렉션도 꽤 다양하고 좋다 만취하려는 게 아니고 반주로 가볍게 술을 하려거나 술자리에서 안주로 식사까지 해결하는 데 딱 알맞은 곳 육전과 김치메밀전병 그리고 식사메뉴 중에 된장찌개 함께 나오는 부추된장비빔밥과 멍게비빕밥 시켜봤는데 입맛 돈다,0,0,0,0,0,0,0,178,자리
kakao,이태리국시 성수,박지은,1.0,2026-04-24,,,너무 분위기도좋고 친절하고 맛나요~~주차도되고 1층카페도있어서 동선도편해요!,42,True,5.0,5.0,브론즈 레벨,너무 분위기도좋고 친절하고 맛나요~~주차도되고 1층카페도있어서 동선도편해요!,너무 분위기도좋고 친절하고 맛나요 TILDE 주차도되고 1층카페도있어서 동선도편해요 EXCLAM,0,0,0,0,1,0,1,42,"분위기, 주차"
naver,쭌곱창,wjs****,17.0,2026.04.24,1번째 방문,영수증,"1. 곱창이 신선하고 잡내 없이 깔끔해서 첫 입부터 만족스러움. 2. 불 조절이 좋아 겉은 바삭하고 속은 촉촉하게 잘 구워짐. 3. 양념, 곁들임, 서비스까지 전체적으로 균형 잡힌 맛집.",104,True,,,,"1. 곱창이 신선하고 잡내 없이 깔끔해서 첫 입부터 만족스러움. 2. 불 조절이 좋아 겉은 바삭하고 속은 촉촉하게 잘 구워짐. 3. 양념, 곁들임, 서비스까지 전체적으로 균형 잡힌 맛집.",1 곱창이 신선하고 잡내 없이 깔끔해서 첫 입부터 만족스러움 2 불 조절이 좋아 겉은 바삭하고 속은 촉촉하게 잘 구워짐 3 양념 곁들임 서비스까지 전체적으로 균형 잡힌 맛집,0,0,0,0,0,0,1,104,깔끔
naver,이태리국시 성수,리리릭,16.0,2026.05.04,1번째 방문,영수증,한식기반이라 양식 뱔로 안좋아하는 사람들도 거부감 없이 즐길수 있어 좋았어요~ 매장도 깔끔하고 직원분들께서 친절해서 식사 즐겁게 할수 있었어요,79,True,,,,한식기반이라 양식 뱔로 안좋아하는 사람들도 거부감 없이 즐길수 있어 좋았어요~ 매장도 깔끔하고 직원분들께서 친절해서 식사 즐겁게 할수 있었어요,한식기반이라 양식 뱔로 안좋아하는 사람들도 거부감 없이 즐길수 있어 좋았어요 매장도 깔끔하고 직원분들께서 친절해서 식사 즐겁게 할수 있었어요,0,0,0,0,0,0,0,79,"매장, 깔끔"
kakao,육지,😇,203.0,2025-12-09,,,"식당은 근본적으로 음식을 먹는 공간이잖아요 ? 음식에 대한 고민은 하셨겠지만 공간은 꽤 아쉬웠습니다,, 일요일이라 만석이었습니다만 매장 내부 너무 시끄러워서 대화가 힘겨워요 음악에 춤을 춘다거나 경기를 응원하는 곳이 아니잖아요 ? 맛있는 음식 먹으면서 대화를 편하게 나눌 수 있어야죠. 목에 힘주고 큰소리 대화 하는데 음식을 맛있게 넘어갈 수 없으니까요. 더군다나 (정신없는 환경 탓이겠지만) 직원 실수가 잦고 서비스가 떨어지더라구요. 깔끔한? 느낌을 주고 건축비를 최소화하기 위해 건축마감을 안하는게 추세이나 이런 인테리어는 소리 반사율이 높아 내부가 쉽게 시끄러워집니다. 무튼 제가 리뷰 길게 남겨본 적이 첨인데 사장님 글이 보이길래 피드백이 될것같아 적어봅니다 번창하시길",378,True,1.0,4.0,골드 레벨,"식당은 근본적으로 음식을 먹는 공간이잖아요 ? 음식에 대한 고민은 하셨겠지만 공간은 꽤 아쉬웠습니다,, 일요일이라 만석이었습니다만 매장 내부 너무 시끄러워서 대화가 힘겨워요 음악에 춤을 춘다거나 경기를 응원하는 곳이 아니잖아요 ? 맛있는 음식 먹으면서 대화를 편하게 나눌 수 있어야죠. 목에 힘주고 큰소리 대화 하는데 음식을 맛있게 넘어갈 수 없으니까요. 더군다나 (정신없는 환경 탓이겠지만) 직원 실수가 잦고 서비스가 떨어지더라구요. 깔끔한? 느낌을 주고 건축비를 최소화하기 위해 건축마감을 안하는게 추세이나 이런 인테리어는 소리 반사율이 높아 내부가 쉽게 시끄러워집니다. 무튼 제가 리뷰 길게 남겨본 적이 첨인데 사장님 글이 보이길래 피드백이 될것같아 적어봅니다 번창하시길",식당은 근본적으로 음식을 먹는 공간이잖아요 QUESTION 음식에 대한 고민은 하셨겠지만 공간은 꽤 아쉬웠습니다 일요일이라 만석이었습니다만 매장 내부 너무 시끄러워서 대화가 힘겨워요 음악에 춤을 춘다거나 경기를 응원하는 곳이 아니잖아요 QUESTION 맛있는 음식 먹으면서 대화를 편하게 나눌 수 있어야죠 목에 힘주고 큰소리 대화 하는데 음식을 맛있게 넘어갈 수 없으니까요 더군다나 정신없는 환경 탓이겠지만 직원 실수가 잦고 서비스가 떨어지더라구요 깔끔한 QUESTION 느낌을 주고 건축비를 최소화하기 위해 건축마감을 안하는게 추세이나 이런 인테리어는 소리 반사율이 높아 내부가 쉽게 시끄러워집니다 무튼 제가 리뷰 길게 남겨본 적이 첨인데 사장님 글이 보이길래 피드백이 될것같아 적어봅니다 번창하시길,0,0,0,0,0,1,0,378,"인테리어, 매장, 내부, 공간, 음악, 깔끔"
kakao,태양곱창 성수,워나으니☆,21.0,2025-12-04,,,돼지누린내없이 역시 굿 하지만 쌈채를 안주고 달라해야만 준것에 충격(쌈채가 적어서 그랬는지 뭔지)그래서 다먹어가는 끝물에 다른 테이블 쌈채보고 물어보니 주심 헐~담엔 점심국밥이나 먹으러와야지,106,True,3.0,4.0,실버 레벨,돼지누린내없이 역시 굿 하지만 쌈채를 안주고 달라해야만 준것에 충격(쌈채가 적어서 그랬는지 뭔지)그래서 다먹어가는 끝물에 다른 테이블 쌈채보고 물어보니 주심 헐~담엔 점심국밥이나 먹으러와야지,돼지누린내없이 역시 굿 하지만 쌈채를 안주고 달라해야만 준것에 충격 쌈채가 적어서 그랬는지 뭔지 그래서 다먹어가는 끝물에 다른 테이블 쌈채보고 물어보니 주심 헐 담엔 점심국밥이나 먹으러와야지,0,0,0,0,0,0,0,106,테이블
naver,조선시대,슴미의시선,283.0,2025.11.23,1번째 방문,영수증,"진짜 외국인 친구들 있으면 데리고 오고싶은곳,,💛 안에 내부도 넓어서 여러명 친구들이랑 모임하기도 좋구요 2인테이블 있어서 데이트하기도 좋아요 특히 군데군데 한국정서가 가득담긴 컨셉룸이 있어서 여러번 와도 새로운 느낌으로 먹을 수 있겠더라구요😆",136,True,,,,"진짜 외국인 친구들 있으면 데리고 오고싶은곳,,💛 안에 내부도 넓어서 여러명 친구들이랑 모임하기도 좋구요 2인테이블 있어서 데이트하기도 좋아요 특히 군데군데 한국정서가 가득담긴 컨셉룸이 있어서 여러번 와도 새로운 느낌으로 먹을 수 있겠더라구요😆",진짜 외국인 친구들 있으면 데리고 오고싶은곳 EMO_POS 안에 내부도 넓어서 여러명 친구들이랑 모임하기도 좋구요 2인테이블 있어서 데이트하기도 좋아요 특히 군데군데 한국정서가 가득담긴 컨셉룸이 있어서 여러번 와도 새로운 느낌으로 먹을 수 있겠더라구요 EMO_POS,1,0,0,0,0,0,1,136,"내부, 테이블, 넓, 데이트"
kakao,뼈탄집 성수역점,강은상,7.0,2026-03-21,,,매장도 넓고 직원분들도 친절하고 무엇보다 고기가 기똥찹니다 이런 고깃집을 칮아다녔는데 드디어 찾았습니다😄😄,59,True,5.0,5.0,브론즈 레벨,매장도 넓고 직원분들도 친절하고 무엇보다 고기가 기똥찹니다 이런 고깃집을 칮아다녔는데 드디어 찾았습니다😄😄,매장도 넓고 직원분들도 친절하고 무엇보다 고기가 기똥찹니다 이런 고깃집을 칮아다녔는데 드디어 찾았습니다 EMO_POS EMO_POS,1,0,0,0,0,0,0,59,"매장, 넓"
kakao,옥동식 서교점,최영민,13.0,2025-12-19,,,"국물 진짜 깔끔하고 맛있음. 소곰탕을 크게 안좋아하는편이라 소곰탕보다도 훨씬 맛있다고 느꼈음. 굉장히 앏게 썰려 있는 고기를 고추지랑 같이 먹는데, 이 고추지가 또 고기랑 너무 잘 어울림. 밥알은 처음엔 살짝 설억었다고 느낄 수 있으나 토렴돼서 나오는거라 먹다 보면 딱 맞게 익음. 막걸리를 같이 시켜서 먹었는데 묵직하고 맛있었음. 근데 꽤 도수가 쎄서 그건 참고해야할듯. 원래 가야지 가야지 하다가 귀찮아서 안 간 집인데 이젠 너무 유명해져버렸음... 이젠 못가겠지 직접 가서 웨이팅 등록해야하는데 17시 저녁 영업 시작인데도 불구하고 16시 30분에 봤을 때 마감이었음",320,True,5.0,3.6,실버 레벨,"국물 진짜 깔끔하고 맛있음. 소곰탕을 크게 안좋아하는편이라 소곰탕보다도 훨씬 맛있다고 느꼈음. 굉장히 앏게 썰려 있는 고기를 고추지랑 같이 먹는데, 이 고추지가 또 고기랑 너무 잘 어울림. 밥알은 처음엔 살짝 설억었다고 느낄 수 있으나 토렴돼서 나오는거라 먹다 보면 딱 맞게 익음. 막걸리를 같이 시켜서 먹었는데 묵직하고 맛있었음. 근데 꽤 도수가 쎄서 그건 참고해야할듯. 원래 가야지 가야지 하다가 귀찮아서 안 간 집인데 이젠 너무 유명해져버렸음... 이젠 못가겠지 직접 가서 웨이팅 등록해야하는데 17시 저녁 영업 시작인데도 불구하고 16시 30분에 봤을 때 마감이었음",국물 진짜 깔끔하고 맛있음 소곰탕을 크게 안좋아하는편이라 소곰탕보다도 훨씬 맛있다고 느꼈음 굉장히 앏게 썰려 있는 고기를 고추지랑 같이 먹는데 이 고추지가 또 고기랑 너무 잘 어울림 밥알은 처음엔 살짝 설억었다고 느낄 수 있으나 토렴돼서 나오는거라 먹다 보면 딱 맞게 익음 막걸리를 같이 시켜서 먹었는데 묵직하고 맛있었음 근데 꽤 도수가 쎄서 그건 참고해야할듯 원래 가야지 가야지 하다가 귀찮아서 안 간 집인데 이젠 너무 유명해져버렸음 이젠 못가겠지 직접 가서 웨이팅 등록해야하는데 17시 저녁 영업 시작인데도 불구하고 16시 30분에 봤을 때 마감이었음,0,0,0,0,0,0,1,320,깔끔
naver,육산장 홍대본점,뎡서,26.0,2026.04.12,1번째 방문,영수증,분위기가 좋고 고기가 맛있어요!!,18,True,,,,분위기가 좋고 고기가 맛있어요!!,분위기가 좋고 고기가 맛있어요 EXCLAM,0,0,0,0,1,0,0,18,분위기
naver,락희옥 마포본점,밥레레,703.0,2026.03.01,1번째 방문,,"🍽️방어회, 보쌈, 멍게비빔밥, 관자샐러드 와인 콜키지 프리여서 와인 1병 들고 왔다가 음식 맛있어서 여기서 와인 더 시켜 먹었어요! 음식 하나같이 정갈하고 깔끔해요. 단체로 오기 좋은 곳!!",107,True,,,,"🍽️방어회, 보쌈, 멍게비빔밥, 관자샐러드 와인 콜키지 프리여서 와인 1병 들고 왔다가 음식 맛있어서 여기서 와인 더 시켜 먹었어요! 음식 하나같이 정갈하고 깔끔해요. 단체로 오기 좋은 곳!!",방어회 보쌈 멍게비빔밥 관자샐러드 와인 콜키지 프리여서 와인 1병 들고 왔다가 음식 맛있어서 여기서 와인 더 시켜 먹었어요 EXCLAM 음식 하나같이 정갈하고 깔끔해요 단체로 오기 좋은 곳 EXCLAM,0,0,0,0,1,0,1,107,깔끔
naver,소문난성수감자탕,ruask,168.0,2025.10.11,1번째 방문,,"성수 갈때마다 줄서잇길래 너무너무 궁금했는데 대기 별로 없어서 방문해봤어요! 안에 자리 많고 직원분들은 기계식으로 친절하셔요 ~~ 먹어도 된다구 해도 조금 더 끓여드시면 좋을거같구 ,, 가격은 조금 비싼편인것 같습니다 ㅠㅅㅜ 맛잇어요 ~~ 수제비 추천 !!!",144,True,,,,"성수 갈때마다 줄서잇길래 너무너무 궁금했는데 대기 별로 없어서 방문해봤어요! 안에 자리 많고 직원분들은 기계식으로 친절하셔요 ~~ 먹어도 된다구 해도 조금 더 끓여드시면 좋을거같구 ,, 가격은 조금 비싼편인것 같습니다 ㅠㅅㅜ 맛잇어요 ~~ 수제비 추천 !!!",성수 갈때마다 줄서잇길래 너무너무 궁금했는데 대기 별로 없어서 방문해봤어요 EXCLAM 안에 자리 많고 직원분들은 기계식으로 친절하셔요 TILDE 먹어도 된다구 해도 조금 더 끓여드시면 좋을거같구 가격은 조금 비싼편인것 같습니다 맛잇어요 TILDE 수제비 추천 EXCLAM,0,0,0,0,1,0,0,144,자리
kakao,옥동식 서교점,양산,5.0,2025-01-04,,,"국밥은 담백하게 맛있습니다. 다시 먹는다면 국밥보통&김치만두 대신 국밥 특으로 시킬 것 같아요 하지만 친절도에서 0점 드리고 싶습니다. 사람 말이 아 다르고 어 다르다고, 주차할 곳 어디있는지 여쭤보는 손님한테 그렇게 싸늘하게 대답하실 이유가 있나요? 직원분 말투에 제가 다 눈치보면서 먹었네요. 입장시간은 1분 이내로 제한되어 있으면서 식당입구 사방에는 여기서 기다리지 말라는 표지판이 세워져있고.. 여러모로 개선이 필요합니다.",240,False,2.0,4.4,브론즈 레벨,"국밥은 담백하게 맛있습니다. 다시 먹는다면 국밥보통&김치만두 대신 국밥 특으로 시킬 것 같아요 하지만 친절도에서 0점 드리고 싶습니다. 사람 말이 아 다르고 어 다르다고, 주차할 곳 어디있는지 여쭤보는 손님한테 그렇게 싸늘하게 대답하실 이유가 있나요? 직원분 말투에 제가 다 눈치보면서 먹었네요. 입장시간은 1분 이내로 제한되어 있으면서 식당입구 사방에는 여기서 기다리지 말라는 표지판이 세워져있고.. 여러모로 개선이 필요합니다.",국밥은 담백하게 맛있습니다 다시 먹는다면 국밥보통 김치만두 대신 국밥 특으로 시킬 것 같아요 하지만 친절도에서 0점 드리고 싶습니다 사람 말이 아 다르고 어 다르다고 주차할 곳 어디있는지 여쭤보는 손님한테 그렇게 싸늘하게 대답하실 이유가 있나요 QUESTION 직원분 말투에 제가 다 눈치보면서 먹었네요 입장시간은 1분 이내로 제한되어 있으면서 식당입구 사방에는 여기서 기다리지 말라는 표지판이 세워져있고 여러모로 개선이 필요합니다,0,0,0,0,0,1,1,240,주차
naver,쭌곱창,hon****,1.0,2026.04.14,1번째 방문,영수증,처음 와봤는데 너무 맛있어요..! 가게 분위기도 너무 좋고 곱창이 맛있어서 자주 올 예정! 강추합니다,56,False,,,,처음 와봤는데 너무 맛있어요..! 가게 분위기도 너무 좋고 곱창이 맛있어서 자주 올 예정! 강추합니다,처음 와봤는데 너무 맛있어요 EXCLAM 가게 분위기도 너무 좋고 곱창이 맛있어서 자주 올 예정 EXCLAM 강추합니다,0,0,0,0,1,0,0,56,분위기
naver,락희옥 마포본점,ssongssong54,6.0,2025.08.27,1번째 방문,영수증,음식이 정갈하니 맛있고 분위기도 너무 좋아요~~!! 직원분들도 정말 친절하셔서 모임장소로 완전 추천입니다.,59,True,,,,음식이 정갈하니 맛있고 분위기도 너무 좋아요~~!! 직원분들도 정말 친절하셔서 모임장소로 완전 추천입니다.,음식이 정갈하니 맛있고 분위기도 너무 좋아요 TILDE EXCLAM 직원분들도 정말 친절하셔서 모임장소로 완전 추천입니다,0,0,0,0,1,0,0,59,분위기
naver,각시보쌈,제주 사는 피글렛,953.0,2025.07.26,1번째 방문,영수증,반묶음? 노랑 염색 머리 아주머니가 정말 정말 너무 불친절하셔서 더운날 다들 불쾌했어요 웨이팅 끝에 들어갔는데 매장이 너무 더워서 에어컨 온도좀 내려주실 수 있나요? 요청드리니 자기한테 말하지 말라해서 진심으로 띠용..? 그럼 누구한테 말해요? 하니까 누구한테 말해도 안된대요ㅋㅋㅋ 이게 무슨.. 에어컨 수동으로 저희가 못 내려서 요청한건데.. 차라리 여기서 온도 더 못 낮춰요 죄송해요 한마디만 하셧어도 그런가보다 햇을거에요 더운거 싫어서 다른 매장보다 불로 익히는 게 아니니 시원하겠지 해서 온건데 일행들 다 더워서 그냥 얼른 먹고 다음 2차 장소로 이동했어요ㅡㅡ 인생에서 겪은 불친절 맛집 원탑 축하드립니다👍🏻 보쌈 자체는 비계 부분이 적어서 덜 느끼하고 촉촉하니 맛있어요 다른 지점 갈게요;;,391,True,,,,반묶음? 노랑 염색 머리 아주머니가 정말 정말 너무 불친절하셔서 더운날 다들 불쾌했어요 웨이팅 끝에 들어갔는데 매장이 너무 더워서 에어컨 온도좀 내려주실 수 있나요? 요청드리니 자기한테 말하지 말라해서 진심으로 띠용..? 그럼 누구한테 말해요? 하니까 누구한테 말해도 안된대요ㅋㅋㅋ 이게 무슨.. 에어컨 수동으로 저희가 못 내려서 요청한건데.. 차라리 여기서 온도 더 못 낮춰요 죄송해요 한마디만 하셧어도 그런가보다 햇을거에요 더운거 싫어서 다른 매장보다 불로 익히는 게 아니니 시원하겠지 해서 온건데 일행들 다 더워서 그냥 얼른 먹고 다음 2차 장소로 이동했어요ㅡㅡ 인생에서 겪은 불친절 맛집 원탑 축하드립니다👍🏻 보쌈 자체는 비계 부분이 적어서 덜 느끼하고 촉촉하니 맛있어요 다른 지점 갈게요;;,반묶음 QUESTION 노랑 염색 머리 아주머니가 정말 정말 너무 불친절하셔서 더운날 다들 불쾌했어요 웨이팅 끝에 들어갔는데 매장이 너무 더워서 에어컨 온도좀 내려주실 수 있나요 QUESTION 요청드리니 자기한테 말하지 말라해서 진심으로 띠용 QUESTION 그럼 누구한테 말해요 QUESTION 하니까 누구한테 말해도 안된대요 이게 무슨 에어컨 수동으로 저희가 못 내려서 요청한건데 차라리 여기서 온도 더 못 낮춰요 죄송해요 한마디만 하셧어도 그런가보다 햇을거에요 더운거 싫어서 다른 매장보다 불로 익히는 게 아니니 시원하겠지 해서 온건데 일행들 다 더워서 그냥 얼른 먹고 다음 2차 장소로 이동했어요 인생에서 겪은 불친절 맛집 원탑 축하드립니다 EMO_POS 보쌈 자체는 비계 부분이 적어서 덜 느끼하고 촉촉하니 맛있어요 다른 지점 갈게요,1,0,0,0,0,1,1,391,매장
naver,락희옥 마포본점,지혜6358,83.0,2025.06.27,1번째 방문,영수증,"모임으로 왔는데 고기부터 반찬까지 하나하나 정성 가득하고, 직원분들도 친절해서 기분 좋게 식사했어요. 분위기도 좋아서 재방문 의사 있어용!!! 맛과 서비스 모두 만족스러웠습니다 :) 너무 맛있어요👍😍",111,True,,,,"모임으로 왔는데 고기부터 반찬까지 하나하나 정성 가득하고, 직원분들도 친절해서 기분 좋게 식사했어요. 분위기도 좋아서 재방문 의사 있어용!!! 맛과 서비스 모두 만족스러웠습니다 :) 너무 맛있어요👍😍",모임으로 왔는데 고기부터 반찬까지 하나하나 정성 가득하고 직원분들도 친절해서 기분 좋게 식사했어요 분위기도 좋아서 재방문 의사 있어용 EXCLAM 맛과 서비스 모두 만족스러웠습니다 너무 맛있어요 EMO_POS EMO_POS,1,0,0,0,1,0,0,111,분위기
kakao,옥동식 서교점,정형진,18.0,2025-08-09,,,가시는분들은 아시겠지만 돼지국밥이 이렇게 깔끔하다니를 보여주는 곳입니다. 월강부산돼지국밥하고 비슷한 느낌입니다. 개인적으로 평냉좋아하시는분들은 좋아하실 거 같고 아닌 분들은 좀 다른 느낌이 드실거같아요! 저는 만족만족,121,True,5.0,4.1,실버 레벨,가시는분들은 아시겠지만 돼지국밥이 이렇게 깔끔하다니를 보여주는 곳입니다. 월강부산돼지국밥하고 비슷한 느낌입니다. 개인적으로 평냉좋아하시는분들은 좋아하실 거 같고 아닌 분들은 좀 다른 느낌이 드실거같아요! 저는 만족만족,가시는분들은 아시겠지만 돼지국밥이 이렇게 깔끔하다니를 보여주는 곳입니다 월강부산돼지국밥하고 비슷한 느낌입니다 개인적으로 평냉좋아하시는분들은 좋아하실 거 같고 아닌 분들은 좀 다른 느낌이 드실거같아요 EXCLAM 저는 만족만족,0,0,0,0,1,0,0,121,깔끔
kakao,황금콩밭,술쟁이,120.0,2025-07-13,,,집근처라 다섯번정도 가본 유명한 두부요리전문점 정갈하고 깔끔한 한식 요리를 먹고싶으면 생각나는집. 두부가 정말 고소하고 맛있어요. 다만 위치와 두부라는 요리라고 생각하면 가격은 다소 비싸다고 생각되네요,112,True,4.0,3.6,골드 레벨,집근처라 다섯번정도 가본 유명한 두부요리전문점 정갈하고 깔끔한 한식 요리를 먹고싶으면 생각나는집. 두부가 정말 고소하고 맛있어요. 다만 위치와 두부라는 요리라고 생각하면 가격은 다소 비싸다고 생각되네요,집근처라 다섯번정도 가본 유명한 두부요리전문점 정갈하고 깔끔한 한식 요리를 먹고싶으면 생각나는집 두부가 정말 고소하고 맛있어요 다만 위치와 두부라는 요리라고 생각하면 가격은 다소 비싸다고 생각되네요,0,0,0,0,0,0,0,112,"깔끔, 위치"
kakao,쭌곱창,홍서영,1.0,2025-02-13,,,분위기도 좋고 너무 맛있어요!!! 올 때마다 맛있게 먹고 갑니다!!,37,True,5.0,5.0,브론즈 레벨,분위기도 좋고 너무 맛있어요!!! 올 때마다 맛있게 먹고 갑니다!!,분위기도 좋고 너무 맛있어요 EXCLAM 올 때마다 맛있게 먹고 갑니다 EXCLAM,0,0,0,0,1,0,0,37,분위기
naver,조선시대,ojs92,51.0,2026.03.02,1번째 방문,영수증,오늘 세 번째 방문인데 분위기도 적당히 좋고 음식도 너무 맛있어요 직원분들도 친절해서 좋아요 ㅎㅎ 다음엔 남자친구 만들어서 다시 올게요!,76,True,,,,오늘 세 번째 방문인데 분위기도 적당히 좋고 음식도 너무 맛있어요 직원분들도 친절해서 좋아요 ㅎㅎ 다음엔 남자친구 만들어서 다시 올게요!,오늘 세 번째 방문인데 분위기도 적당히 좋고 음식도 너무 맛있어요 직원분들도 친절해서 좋아요 다음엔 남자친구 만들어서 다시 올게요 EXCLAM,0,0,0,0,1,0,0,76,분위기
kakao,이태리국시 성수,정은,1.0,2026-04-04,,,"분위기 좋고, 음식 맛있고~ 모처럼 친구들과 좋은 시간 보낼 수 있었어요. 재방문 의사 100%입니다~^^",59,True,4.0,4.0,브론즈 레벨,"분위기 좋고, 음식 맛있고~ 모처럼 친구들과 좋은 시간 보낼 수 있었어요. 재방문 의사 100%입니다~^^",분위기 좋고 음식 맛있고 모처럼 친구들과 좋은 시간 보낼 수 있었어요 재방문 의사 100 입니다,0,0,0,0,0,0,1,59,분위기
kakao,홍대 조선시대,김수현,1.0,2025-12-25,,,다 친절하시고 분위기도 좋아여!!,18,True,5.0,5.0,브론즈 레벨,다 친절하시고 분위기도 좋아여!!,다 친절하시고 분위기도 좋아여 EXCLAM,0,0,0,0,1,0,0,18,분위기
naver,육산장 홍대본점,동그라미7197,39.0,2026.03.20,1번째 방문,영수증,안녕하세요. 고기집 분위기가 캠핑하는 느낌이라 너무 좋아요! 분위기도 좋고 고기도 맛있어요!! 매장도 넓고 자리도 많아서 들리시길 좋을 거 같아요 다음에 또 방문하겠습니다. 감사합니다!,103,True,,,,안녕하세요. 고기집 분위기가 캠핑하는 느낌이라 너무 좋아요! 분위기도 좋고 고기도 맛있어요!! 매장도 넓고 자리도 많아서 들리시길 좋을 거 같아요 다음에 또 방문하겠습니다. 감사합니다!,안녕하세요 고기집 분위기가 캠핑하는 느낌이라 너무 좋아요 EXCLAM 분위기도 좋고 고기도 맛있어요 EXCLAM 매장도 넓고 자리도 많아서 들리시길 좋을 거 같아요 다음에 또 방문하겠습니다 감사합니다 EXCLAM,0,0,0,0,1,0,0,103,"분위기, 매장, 자리, 넓"
naver,성수족발,elfmom0,75.0,2025.08.06,1번째 방문,영수증,정말 오랫만에 가서 포장해왔어요 요즘 족발 새로 생기는곳 많잖아요 족발을 어디서 먹어도 이맛이 아니다 이맛이 아니다 해서 결국 비도오는데 가서 포장해왔어요 역시 껍질이 쫄깃쫄깃 양념도 너무 맛있었어요 근데 살코기가 너무 퍽퍽해서 어쩌나 고민할정도 였고 결국 쌈싸먹든 해야겠다하고 미뤄뒀어요 여긴 부추무침이 너무 맛있어서 다른데서 사먹더라도 꼭 이런 스타일로 집에서 부추 무침을 따로 해먹을 정도로 맛있어요 상추랑 야채가 미리 포장되어 있어서 상추는 다 짓눌려 상해있고 고추도 색이 다 변해있어서 잘라내고 먹었네요 여름이여서 위생이 더 중요한거 같아요 아무래도 오래된집이여서 요즘 새로 생신곳보다는 그런면이 좀 아쉬워요 성수족발만의 먹어봐야 아는맛은 모두 꼭 경험해보길 강추합니다 담엔 가서 더 맛있게 먹을래요,396,True,,,,정말 오랫만에 가서 포장해왔어요 요즘 족발 새로 생기는곳 많잖아요 족발을 어디서 먹어도 이맛이 아니다 이맛이 아니다 해서 결국 비도오는데 가서 포장해왔어요 역시 껍질이 쫄깃쫄깃 양념도 너무 맛있었어요 근데 살코기가 너무 퍽퍽해서 어쩌나 고민할정도 였고 결국 쌈싸먹든 해야겠다하고 미뤄뒀어요 여긴 부추무침이 너무 맛있어서 다른데서 사먹더라도 꼭 이런 스타일로 집에서 부추 무침을 따로 해먹을 정도로 맛있어요 상추랑 야채가 미리 포장되어 있어서 상추는 다 짓눌려 상해있고 고추도 색이 다 변해있어서 잘라내고 먹었네요 여름이여서 위생이 더 중요한거 같아요 아무래도 오래된집이여서 요즘 새로 생신곳보다는 그런면이 좀 아쉬워요 성수족발만의 먹어봐야 아는맛은 모두 꼭 경험해보길 강추합니다 담엔 가서 더 맛있게 먹을래요,정말 오랫만에 가서 포장해왔어요 요즘 족발 새로 생기는곳 많잖아요 족발을 어디서 먹어도 이맛이 아니다 이맛이 아니다 해서 결국 비도오는데 가서 포장해왔어요 역시 껍질이 쫄깃쫄깃 양념도 너무 맛있었어요 근데 살코기가 너무 퍽퍽해서 어쩌나 고민할정도 였고 결국 쌈싸먹든 해야겠다하고 미뤄뒀어요 여긴 부추무침이 너무 맛있어서 다른데서 사먹더라도 꼭 이런 스타일로 집에서 부추 무침을 따로 해먹을 정도로 맛있어요 상추랑 야채가 미리 포장되어 있어서 상추는 다 짓눌려 상해있고 고추도 색이 다 변해있어서 잘라내고 먹었네요 여름이여서 위생이 더 중요한거 같아요 아무래도 오래된집이여서 요즘 새로 생신곳보다는 그런면이 좀 아쉬워요 성수족발만의 먹어봐야 아는맛은 모두 꼭 경험해보길 강추합니다 담엔 가서 더 맛있게 먹을래요,0,0,0,0,0,0,0,396,위생
naver,육산장 홍대본점,나761,6.0,2026.03.30,1번째 방문,영수증,고기 너무 맛있게 먹었어요! 항정살 원래도 좋아하는데 여기서 먹으니까 더 맛있는 것 가타요 ㅎㅎ 밖에서 먹었는데 분위기도 좋고 친구들이랑 수다 떨면서 먹기 좋아요! 다음에 홍대 오면 또 방문할게요 ㅎㅎ 항정살이랑 삼겹살 강력추천하고 갑니다!,134,True,,,,고기 너무 맛있게 먹었어요! 항정살 원래도 좋아하는데 여기서 먹으니까 더 맛있는 것 가타요 ㅎㅎ 밖에서 먹었는데 분위기도 좋고 친구들이랑 수다 떨면서 먹기 좋아요! 다음에 홍대 오면 또 방문할게요 ㅎㅎ 항정살이랑 삼겹살 강력추천하고 갑니다!,고기 너무 맛있게 먹었어요 EXCLAM 항정살 원래도 좋아하는데 여기서 먹으니까 더 맛있는 것 가타요 밖에서 먹었는데 분위기도 좋고 친구들이랑 수다 떨면서 먹기 좋아요 EXCLAM 다음에 홍대 오면 또 방문할게요 항정살이랑 삼겹살 강력추천하고 갑니다 EXCLAM,0,0,0,0,1,0,0,134,분위기
kakao,육지,lee,1.0,2025-08-03,,,좋은 분위기에서 맛있게 먹고 갑니다!,20,True,5.0,5.0,브론즈 레벨,좋은 분위기에서 맛있게 먹고 갑니다!,좋은 분위기에서 맛있게 먹고 갑니다 EXCLAM,0,0,0,0,1,0,0,20,분위기
kakao,옥동식 서교점,aki,86.0,2025-12-22,,,맑은 국물에 감동 받고 다시 갔는데 흑백 방송전부터 인기있는데였지만 방송후부터 웨이팅 장난 아니네요ㅠ전엔 평일 4시반쯤 현장웨이팅 등록하러 가니까 처번째로 입장했는데 이제 4시에 48팀ㅠ오전도 원격 캐치테이블이 9시부터 그 정도.이젠 포장도 안된다고 해요. 나중에 다시 가는걸로...,158,False,5.0,4.4,골드 레벨,맑은 국물에 감동 받고 다시 갔는데 흑백 방송전부터 인기있는데였지만 방송후부터 웨이팅 장난 아니네요ㅠ전엔 평일 4시반쯤 현장웨이팅 등록하러 가니까 처번째로 입장했는데 이제 4시에 48팀ㅠ오전도 원격 캐치테이블이 9시부터 그 정도.이젠 포장도 안된다고 해요. 나중에 다시 가는걸로...,맑은 국물에 감동 받고 다시 갔는데 흑백 방송전부터 인기있는데였지만 방송후부터 웨이팅 장난 아니네요 전엔 평일 4시반쯤 현장웨이팅 등록하러 가니까 처번째로 입장했는데 이제 4시에 48팀 오전도 원격 캐치테이블이 9시부터 그 정도 이젠 포장도 안된다고 해요 나중에 다시 가는걸로,0,0,0,0,0,0,1,158,테이블
naver,조선시대,111112280,11.0,2026.01.28,1번째 방문,영수증,외국인 친구랑 왔는데 분위기도 넘 좋고 좌식 자리 아늑하고 편해요 음식도 다 맛있구 말차막걸리 먹자마자 너무 맛있어서 깜짝 놀랐어요 말차막걸리 필수,82,True,,,,외국인 친구랑 왔는데 분위기도 넘 좋고 좌식 자리 아늑하고 편해요 음식도 다 맛있구 말차막걸리 먹자마자 너무 맛있어서 깜짝 놀랐어요 말차막걸리 필수,외국인 친구랑 왔는데 분위기도 넘 좋고 좌식 자리 아늑하고 편해요 음식도 다 맛있구 말차막걸리 먹자마자 너무 맛있어서 깜짝 놀랐어요 말차막걸리 필수,0,0,0,0,0,0,0,82,"분위기, 자리"
naver,장인닭갈비 홍대점,tatisl,78.0,2026.01.10,1번째 방문,영수증,자리가 추워요. 맛있어요. 대기후 입장했어요.,25,True,,,,자리가 추워요. 맛있어요. 대기후 입장했어요.,자리가 추워요 맛있어요 대기후 입장했어요,0,0,0,0,0,0,0,25,자리
kakao,육산장 홍대본점,서민희,1.0,2025-05-16,,,붕위가 너무 좋고!! 고기도 멋있어요 인테리어가 넘 예뻐요 불쇼도 볼 수 잇아영 ㅎㅎ,47,True,5.0,5.0,브론즈 레벨,붕위가 너무 좋고!! 고기도 멋있어요 인테리어가 넘 예뻐요 불쇼도 볼 수 잇아영 ㅎㅎ,붕위가 너무 좋고 EXCLAM 고기도 멋있어요 인테리어가 넘 예뻐요 불쇼도 볼 수 잇아영,0,0,0,0,1,0,0,47,인테리어
kakao,육산장 홍대본점,H,9.0,2025-12-12,,,분위기도 좋고 친절하고 맛있어요!,18,True,5.0,3.2,브론즈 레벨,분위기도 좋고 친절하고 맛있어요!,분위기도 좋고 친절하고 맛있어요 EXCLAM,0,0,0,0,1,0,0,18,분위기
naver,뼈탄집 성수역점,해피한걸98,42.0,2026.02.27,1번째 방문,영수증,성수역을 지나가는 길에 아이가 TV에서 봤다며 유명한 식당이라고 해서 우연히 들어왔는데~ 직접 고기도 구워주시고 냄새나 연기도 전혀없이 깔끔해요~ 고기 상태도 신선하고 맛있습니다.👍,101,True,,,,성수역을 지나가는 길에 아이가 TV에서 봤다며 유명한 식당이라고 해서 우연히 들어왔는데~ 직접 고기도 구워주시고 냄새나 연기도 전혀없이 깔끔해요~ 고기 상태도 신선하고 맛있습니다.👍,성수역을 지나가는 길에 아이가 TV에서 봤다며 유명한 식당이라고 해서 우연히 들어왔는데 직접 고기도 구워주시고 냄새나 연기도 전혀없이 깔끔해요 고기 상태도 신선하고 맛있습니다 EMO_POS,1,0,0,0,0,0,0,101,깔끔
kakao,굴다리식당,머라카노하루키,712.0,2025-05-15,,,어떻게 위생까지 사랑하겠어 노포를 사랑하는거지,25,True,5.0,4.9,퍼플 레벨,어떻게 위생까지 사랑하겠어 노포를 사랑하는거지,어떻게 위생까지 사랑하겠어 노포를 사랑하는거지,0,0,0,0,0,0,0,25,위생
naver,홍대 육지,bad****,29.0,2026.04.28,1번째 방문,영수증,"돈대갈비가 유명하다해서 왔는데 역시 너무 맛있고 하나하나 구워주셔서 일행들과 너무 편하게 식사하고 왔습니다!! 찌개도 칼칼하니 너무 맛있어서 너무 만족스러운 식사였습니다 모임장소,데이트로 추천드려용!!",112,True,,,,"돈대갈비가 유명하다해서 왔는데 역시 너무 맛있고 하나하나 구워주셔서 일행들과 너무 편하게 식사하고 왔습니다!! 찌개도 칼칼하니 너무 맛있어서 너무 만족스러운 식사였습니다 모임장소,데이트로 추천드려용!!",돈대갈비가 유명하다해서 왔는데 역시 너무 맛있고 하나하나 구워주셔서 일행들과 너무 편하게 식사하고 왔습니다 EXCLAM 찌개도 칼칼하니 너무 맛있어서 너무 만족스러운 식사였습니다 모임장소 데이트로 추천드려용 EXCLAM,0,0,0,0,1,0,0,112,데이트
naver,금금 성수점,ddessr,25.0,2026.04.03,1번째 방문,영수증,"와… 여기 진짜 미쳤어요;; 그냥 배 채우려고 들어왔는데 인생 맛집 발견한 기분…🤤 한입 먹자마자 ‘아 여기 찐이다’ 싶어서 계속 감탄하면서 먹었어요ㅋㅋ 음식 하나하나 정성 들어간 게 느껴지고 간도 완전 딱 맞아서 멈출 수가 없음…✨ 무엇보다 사장님 센스가 장난 아니세요ㅠㅠ 응대도 너무 기분 좋게 해주시고 세심하게 챙겨주셔서 먹는 내내 행복했어요🥹 분위기도 아늑하고 깔끔해서 그냥 앉아있는 것만으로도 힐링되는 느낌…💛 맛, 서비스, 분위기까지 완벽한 곳이라 재방문 100% 확정입니다🔥 다음엔 친구들 데리고 또 올게요!!",292,True,,,,"와… 여기 진짜 미쳤어요;; 그냥 배 채우려고 들어왔는데 인생 맛집 발견한 기분…🤤 한입 먹자마자 ‘아 여기 찐이다’ 싶어서 계속 감탄하면서 먹었어요ㅋㅋ 음식 하나하나 정성 들어간 게 느껴지고 간도 완전 딱 맞아서 멈출 수가 없음…✨ 무엇보다 사장님 센스가 장난 아니세요ㅠㅠ 응대도 너무 기분 좋게 해주시고 세심하게 챙겨주셔서 먹는 내내 행복했어요🥹 분위기도 아늑하고 깔끔해서 그냥 앉아있는 것만으로도 힐링되는 느낌…💛 맛, 서비스, 분위기까지 완벽한 곳이라 재방문 100% 확정입니다🔥 다음엔 친구들 데리고 또 올게요!!",와 여기 진짜 미쳤어요 그냥 배 채우려고 들어왔는데 인생 맛집 발견한 기분 한입 먹자마자 아 여기 찐이다 싶어서 계속 감탄하면서 먹었어요 음식 하나하나 정성 들어간 게 느껴지고 간도 완전 딱 맞아서 멈출 수가 없음 EMO_POS 무엇보다 사장님 센스가 장난 아니세요 응대도 너무 기분 좋게 해주시고 세심하게 챙겨주셔서 먹는 내내 행복했어요 분위기도 아늑하고 깔끔해서 그냥 앉아있는 것만으로도 힐링되는 느낌 EMO_POS 맛 서비스 분위기까지 완벽한 곳이라 재방문 100 확정입니다 EMO_POS 다음엔 친구들 데리고 또 올게요 EXCLAM,1,0,0,1,1,0,1,292,"분위기, 깔끔"
naver,이태리국시 성수,개구리 왕눈이6128,45.0,2026.05.01,1번째 방문,영수증,숯불대창파스타랑 깍두기갈비리조토? 먹었는데 퓨젼이라 새롭고 맛있었어요! 대창파스타는 약간 떡볶이 느낌나고 리조토는 완전 깍두기 볶음밥 촉촉한 버전이에요. 매장 안 분위기가 너무 여유롭고 테이블 간격도 넓고 널널해서 좋았어요✨👍,126,True,,,,숯불대창파스타랑 깍두기갈비리조토? 먹었는데 퓨젼이라 새롭고 맛있었어요! 대창파스타는 약간 떡볶이 느낌나고 리조토는 완전 깍두기 볶음밥 촉촉한 버전이에요. 매장 안 분위기가 너무 여유롭고 테이블 간격도 넓고 널널해서 좋았어요✨👍,숯불대창파스타랑 깍두기갈비리조토 QUESTION 먹었는데 퓨젼이라 새롭고 맛있었어요 EXCLAM 대창파스타는 약간 떡볶이 느낌나고 리조토는 완전 깍두기 볶음밥 촉촉한 버전이에요 매장 안 분위기가 너무 여유롭고 테이블 간격도 넓고 널널해서 좋았어요 EMO_POS EMO_POS,1,0,0,0,1,1,0,126,"분위기, 매장, 테이블, 넓"
kakao,옥동식 서교점,지리거나잣같을때만남김,29.0,2026-01-22,,,주변 지인평 들어보면 깔끔해서 맛있다 vs 슴슴해서 평범하다로 호불호 갈림 개인적으로 군대에서 취사병이 해준 닭곰탕이 더 맛있어서 실망했는데 밥도 말아서 나와서 불호,92,True,2.0,3.8,실버 레벨,주변 지인평 들어보면 깔끔해서 맛있다 vs 슴슴해서 평범하다로 호불호 갈림 개인적으로 군대에서 취사병이 해준 닭곰탕이 더 맛있어서 실망했는데 밥도 말아서 나와서 불호,주변 지인평 들어보면 깔끔해서 맛있다 vs 슴슴해서 평범하다로 호불호 갈림 개인적으로 군대에서 취사병이 해준 닭곰탕이 더 맛있어서 실망했는데 밥도 말아서 나와서 불호,0,0,0,0,0,0,0,92,깔끔
naver,쭌곱창,지이예오,17.0,2026.01.15,1번째 방문,영수증,맛집으로 추천 받아서 왔는데 진짜 맛있네용 !!! 직원분도 친절하시구 화장실도 안에 있고 깨끗해서 좋았슴니다 ㅎ ㅎ ㅎ 곱창 냄새 안 나고 안 질기고 맛잇어요 !! 💗 주먹밥 필 수. 추가. 하세요 !!!!,115,True,,,,맛집으로 추천 받아서 왔는데 진짜 맛있네용 !!! 직원분도 친절하시구 화장실도 안에 있고 깨끗해서 좋았슴니다 ㅎ ㅎ ㅎ 곱창 냄새 안 나고 안 질기고 맛잇어요 !! 💗 주먹밥 필 수. 추가. 하세요 !!!!,맛집으로 추천 받아서 왔는데 진짜 맛있네용 EXCLAM 직원분도 친절하시구 화장실도 안에 있고 깨끗해서 좋았슴니다 곱창 냄새 안 나고 안 질기고 맛잇어요 EXCLAM EMO_POS 주먹밥 필 수 추가 하세요 EXCLAM,1,0,0,0,1,0,0,115,화장실
naver,금금 성수점,pic****,18.0,2026.03.25,1번째 방문,영수증,정갈하고 맛있는 집이네요 깔끔하고 맛난 음식 찾으신다면 만프로 추천드립니다!!,43,True,,,,정갈하고 맛있는 집이네요 깔끔하고 맛난 음식 찾으신다면 만프로 추천드립니다!!,정갈하고 맛있는 집이네요 깔끔하고 맛난 음식 찾으신다면 만프로 추천드립니다 EXCLAM,0,0,0,0,1,0,0,43,깔끔
naver,소문난성수감자탕,조대장13,794.0,2025.12.29,1번째 방문,영수증,왜 줄서는집인지 서울3대 감자탕인지 먹어보면 바로 알수있는집. 맛집투어좋아하는 사람들은 꼭 가야하는 맛집 먹고맛있어서 포장해오고 또생각나는집~ 주차는 공영주차장이나 매장주차장2천원 이용 인정맛집 소문난 감자탕~ 👍 👍 👍 👍 👍,127,True,,,,왜 줄서는집인지 서울3대 감자탕인지 먹어보면 바로 알수있는집. 맛집투어좋아하는 사람들은 꼭 가야하는 맛집 먹고맛있어서 포장해오고 또생각나는집~ 주차는 공영주차장이나 매장주차장2천원 이용 인정맛집 소문난 감자탕~ 👍 👍 👍 👍 👍,왜 줄서는집인지 서울3대 감자탕인지 먹어보면 바로 알수있는집 맛집투어좋아하는 사람들은 꼭 가야하는 맛집 먹고맛있어서 포장해오고 또생각나는집 주차는 공영주차장이나 매장주차장2천원 이용 인정맛집 소문난 감자탕 EMO_POS EMO_POS EMO_POS EMO_POS EMO_POS,1,0,0,0,0,0,1,127,"매장, 주차"
naver,조선시대,도유니83,119.0,2026.04.11,1번째 방문,영수증,기본안주도 맛있고 메뉴도 마싯고 분위기도 조아용 ㅎㅎ,29,True,,,,기본안주도 맛있고 메뉴도 마싯고 분위기도 조아용 ㅎㅎ,기본안주도 맛있고 메뉴도 마싯고 분위기도 조아용,0,0,0,0,0,0,0,29,분위기
kakao,소문난성수감자탕,듀,3.0,2026-04-15,,,평일 저녁에 웨이팅 없이 들어가서 먹으면 별 5개 웨이팅 3시간이상? 별 3개입니다 ㅎㅎ 맛이 없진 않지만 호불호 갈릴.. 저는 깔끔한 국물에 야들한 살코기 넘 맛있었습니다 다만 씨끄러워서 정신이 없을뿐! 친절하셔서 별 4개 드립니당!!,132,False,4.0,4.7,브론즈 레벨,평일 저녁에 웨이팅 없이 들어가서 먹으면 별 5개 웨이팅 3시간이상? 별 3개입니다 ㅎㅎ 맛이 없진 않지만 호불호 갈릴.. 저는 깔끔한 국물에 야들한 살코기 넘 맛있었습니다 다만 씨끄러워서 정신이 없을뿐! 친절하셔서 별 4개 드립니당!!,평일 저녁에 웨이팅 없이 들어가서 먹으면 별 5개 웨이팅 3시간이상 QUESTION 별 3개입니다 맛이 없진 않지만 호불호 갈릴 저는 깔끔한 국물에 야들한 살코기 넘 맛있었습니다 다만 씨끄러워서 정신이 없을뿐 EXCLAM 친절하셔서 별 4개 드립니당 EXCLAM,0,0,0,0,1,1,1,132,깔끔
kakao,을밀대 본점,김상협,5.0,2025-04-28,,,거냉 시키면 얼음이 없는게 맞는데 물어보니 실수 하셨다네요.. 아마 옆 테이블과 주문이 혼동된것 같더라구요 여기까지는 그럴수 있습니다. 근데 그냥 먹으라는건 무슨 심보죠.? 사과도 없이 주는대로 먹으라는건 노포라고 해도 서비스 마인드가 기본이 안되있다고 보는게 맞는것 같습니다. 원래 좋아하던 평냉집이었는데 기분 확 상했네요 우레옥이나 필동은 친절한데 여기는 맛은 둘째치고 서비스가 실망스럽습니다.,222,True,1.0,1.0,브론즈 레벨,거냉 시키면 얼음이 없는게 맞는데 물어보니 실수 하셨다네요.. 아마 옆 테이블과 주문이 혼동된것 같더라구요 여기까지는 그럴수 있습니다. 근데 그냥 먹으라는건 무슨 심보죠.? 사과도 없이 주는대로 먹으라는건 노포라고 해도 서비스 마인드가 기본이 안되있다고 보는게 맞는것 같습니다. 원래 좋아하던 평냉집이었는데 기분 확 상했네요 우레옥이나 필동은 친절한데 여기는 맛은 둘째치고 서비스가 실망스럽습니다.,거냉 시키면 얼음이 없는게 맞는데 물어보니 실수 하셨다네요 아마 옆 테이블과 주문이 혼동된것 같더라구요 여기까지는 그럴수 있습니다 근데 그냥 먹으라는건 무슨 심보죠 QUESTION 사과도 없이 주는대로 먹으라는건 노포라고 해도 서비스 마인드가 기본이 안되있다고 보는게 맞는것 같습니다 원래 좋아하던 평냉집이었는데 기분 확 상했네요 우레옥이나 필동은 친절한데 여기는 맛은 둘째치고 서비스가 실망스럽습니다,0,0,0,0,0,1,0,222,테이블
naver,할머니의 레시피,랭이랍니다,224.0,2025.12.19,1번째 방문,예약,"음식이 깔끔하고 자극적이지 않고 맛있어요!! 기본반찬도 맛있고 메인도 맛있었어요. 오픈 5분전에 도착해서 기다리지 않고 바로 식사했고, 먹고 나올때쯤 만석이 되었어요~ 외국인손님이 많았습니다!! 매장도 멋졌어요!!",119,True,,,,"음식이 깔끔하고 자극적이지 않고 맛있어요!! 기본반찬도 맛있고 메인도 맛있었어요. 오픈 5분전에 도착해서 기다리지 않고 바로 식사했고, 먹고 나올때쯤 만석이 되었어요~ 외국인손님이 많았습니다!! 매장도 멋졌어요!!",음식이 깔끔하고 자극적이지 않고 맛있어요 EXCLAM 기본반찬도 맛있고 메인도 맛있었어요 오픈 5분전에 도착해서 기다리지 않고 바로 식사했고 먹고 나올때쯤 만석이 되었어요 외국인손님이 많았습니다 EXCLAM 매장도 멋졌어요 EXCLAM,0,0,0,0,1,0,1,119,"매장, 깔끔"
kakao,홍대 조선시대,은혜,1.0,2026-02-17,,,양도 엄청 많고 맛있어요!!!! 분위기도 말해뭐해 최곱니다~🫶🏻 데이트로 강추합니다!!,48,False,5.0,5.0,브론즈 레벨,양도 엄청 많고 맛있어요!!!! 분위기도 말해뭐해 최곱니다~🫶🏻 데이트로 강추합니다!!,양도 엄청 많고 맛있어요 EXCLAM 분위기도 말해뭐해 최곱니다 데이트로 강추합니다 EXCLAM,0,0,0,0,1,0,0,48,"분위기, 데이트"
naver,홍대 육지,Kelly7936,27.0,2026.02.21,1번째 방문,영수증,"서울 나들이 와서 먹은 마지막 식당 ✨😎 고심하고 고심한 끝에 맛집을 찾아왔습니다! 당연히 웨이팅은 있었지만, 빨리 입장했고 기다리는 시간이 지루하지 않게 벤치도 있어서 편리했습니다. 돼지고기는 항상 먹는거라지만 만들어주신 특제소스랑, 벌집 덧살은 진짜 또 먹고 싶을만큼 맛있었습니다 🫢🫶 다음에도 꼭 들를게요 ! 좌석이 넓고 프라이빗한 공간이 있어서 단체 방문도 좋을 것 같습니다. 깔끔하고 청결하면서, 맛있는 홍대 고깃집을 찾는다면 1순위로 추천드리고 싶어요! 메뉴마다 맛있었지만 입가심으로 막국수도 꼭 시켜드시고, 따뜻한 차돌된장에 솥밥까지 완벽 조합이었습니다! 🥺♥️♥️ 사장님 번창하시고 또 방문하겠습니다 ♥️♥️",348,True,,,,"서울 나들이 와서 먹은 마지막 식당 ✨😎 고심하고 고심한 끝에 맛집을 찾아왔습니다! 당연히 웨이팅은 있었지만, 빨리 입장했고 기다리는 시간이 지루하지 않게 벤치도 있어서 편리했습니다. 돼지고기는 항상 먹는거라지만 만들어주신 특제소스랑, 벌집 덧살은 진짜 또 먹고 싶을만큼 맛있었습니다 🫢🫶 다음에도 꼭 들를게요 ! 좌석이 넓고 프라이빗한 공간이 있어서 단체 방문도 좋을 것 같습니다. 깔끔하고 청결하면서, 맛있는 홍대 고깃집을 찾는다면 1순위로 추천드리고 싶어요! 메뉴마다 맛있었지만 입가심으로 막국수도 꼭 시켜드시고, 따뜻한 차돌된장에 솥밥까지 완벽 조합이었습니다! 🥺♥️♥️ 사장님 번창하시고 또 방문하겠습니다 ♥️♥️",서울 나들이 와서 먹은 마지막 식당 EMO_POS EMO_POS 고심하고 고심한 끝에 맛집을 찾아왔습니다 EXCLAM 당연히 웨이팅은 있었지만 빨리 입장했고 기다리는 시간이 지루하지 않게 벤치도 있어서 편리했습니다 돼지고기는 항상 먹는거라지만 만들어주신 특제소스랑 벌집 덧살은 진짜 또 먹고 싶을만큼 맛있었습니다 다음에도 꼭 들를게요 EXCLAM 좌석이 넓고 프라이빗한 공간이 있어서 단체 방문도 좋을 것 같습니다 깔끔하고 청결하면서 맛있는 홍대 고깃집을 찾는다면 1순위로 추천드리고 싶어요 EXCLAM 메뉴마다 맛있었지만 입가심으로 막국수도 꼭 시켜드시고 따뜻한 차돌된장에 솥밥까지 완벽 조합이었습니다 EXCLAM EMO_POS EMO_POS 사장님 번창하시고 또 방문하겠습니다 EMO_POS EMO_POS,1,0,0,0,1,0,1,348,"공간, 청결, 깔끔, 넓"
kakao,뼈탄집 성수역점,이재일,1.0,2025-12-21,,,여자친구랑 데이트하다가 먹으로 왔는데 맛있어요,25,True,5.0,5.0,브론즈 레벨,여자친구랑 데이트하다가 먹으로 왔는데 맛있어요,여자친구랑 데이트하다가 먹으로 왔는데 맛있어요,0,0,0,0,0,0,0,25,데이트
kakao,이태리국시 성수,현경,1.0,2026-03-29,,,분위기도 좋고 새로운 메뉴가 많아 색다른 경험을 즐길수 있습니다. 다음에 또 새로운 메뉴를 접하러 또 올 것 같습니다.,66,True,4.0,4.0,브론즈 레벨,분위기도 좋고 새로운 메뉴가 많아 색다른 경험을 즐길수 있습니다. 다음에 또 새로운 메뉴를 접하러 또 올 것 같습니다.,분위기도 좋고 새로운 메뉴가 많아 색다른 경험을 즐길수 있습니다 다음에 또 새로운 메뉴를 접하러 또 올 것 같습니다,0,0,0,0,0,0,0,66,분위기
naver,락희옥 마포본점,멍멍이예요,154.0,2025.10.02,1번째 방문,영수증,풀리오 체험관에 들리면서 주위 맛집을 검색하던 중 한식을 먹을까 하던 참에 락희옥을 발견했습니다. 엄마가 좋아할 만한 김치말이 국수도 눈에 띄고 부추된장비빔밥이 땡겨서 방문했어요. 이름도 특이한 락희옥 한문이름이라 더 독특하면서 고급스러웠죠. 보쌈도 먹고 싶었고 정식을 먹고 싶었지만 엄마가 밥양이 정말 작고 저도 부추된장비빔밥이 먹고 싶어 단품 2개만 시켰어요 단품시키면서 메밀전병쿠폰을 써서 죄송했지만...^^ 정말 고급 한식집이라는 것이 음식이 나올때 알겠더라고요. 하나같이 맛스럽고 환상적인 반찬들 오래 묵은 된장을 끓여놓은듯한 구수한 된장찌개 요즘 단걸을 때려넣는 다른집과 달리 본연의 깔끔하고 시원한 맛의 김치말이국수 그리고 정말 환상적으로 이쁘게 잘구워나온 메밀전병. 아쉬운점은 현미가 찰진거였어요 강추,400,True,,,,풀리오 체험관에 들리면서 주위 맛집을 검색하던 중 한식을 먹을까 하던 참에 락희옥을 발견했습니다. 엄마가 좋아할 만한 김치말이 국수도 눈에 띄고 부추된장비빔밥이 땡겨서 방문했어요. 이름도 특이한 락희옥 한문이름이라 더 독특하면서 고급스러웠죠. 보쌈도 먹고 싶었고 정식을 먹고 싶었지만 엄마가 밥양이 정말 작고 저도 부추된장비빔밥이 먹고 싶어 단품 2개만 시켰어요 단품시키면서 메밀전병쿠폰을 써서 죄송했지만...^^ 정말 고급 한식집이라는 것이 음식이 나올때 알겠더라고요. 하나같이 맛스럽고 환상적인 반찬들 오래 묵은 된장을 끓여놓은듯한 구수한 된장찌개 요즘 단걸을 때려넣는 다른집과 달리 본연의 깔끔하고 시원한 맛의 김치말이국수 그리고 정말 환상적으로 이쁘게 잘구워나온 메밀전병. 아쉬운점은 현미가 찰진거였어요 강추,풀리오 체험관에 들리면서 주위 맛집을 검색하던 중 한식을 먹을까 하던 참에 락희옥을 발견했습니다 엄마가 좋아할 만한 김치말이 국수도 눈에 띄고 부추된장비빔밥이 땡겨서 방문했어요 이름도 특이한 락희옥 한문이름이라 더 독특하면서 고급스러웠죠 보쌈도 먹고 싶었고 정식을 먹고 싶었지만 엄마가 밥양이 정말 작고 저도 부추된장비빔밥이 먹고 싶어 단품 2개만 시켰어요 단품시키면서 메밀전병쿠폰을 써서 죄송했지만 정말 고급 한식집이라는 것이 음식이 나올때 알겠더라고요 하나같이 맛스럽고 환상적인 반찬들 오래 묵은 된장을 끓여놓은듯한 구수한 된장찌개 요즘 단걸을 때려넣는 다른집과 달리 본연의 깔끔하고 시원한 맛의 김치말이국수 그리고 정말 환상적으로 이쁘게 잘구워나온 메밀전병 아쉬운점은 현미가 찰진거였어요 강추,0,0,0,0,0,0,1,400,깔끔
kakao,장인닭갈비 홍대점,으하,17.0,2025-02-12,,,"단점 - 양념이 달다 - 밑반찬 없음(셀프바에 쌈, 쌈장, 쌈무, 야채샐러드 있음) - 알바생 대체로 불친절 - 위생 별로.. 식탁이 잘 안닦여있음 - 철판 올리고 버너 불 안켜길래 그냥 먹으면 되는 줄 알고 안뒤적거렸는데 치즈가 너무 타서 탄맛만 남… 먹다가 중간중간 뒤집어주라는 말해주는게 어렵나? - 가게에 엠씨몽 있음.. 엠씨몽 노래 나오면 진짜 알바생 중 하나가 엄청 크게 부름.. 좋은 목소리도 아니라 입맛 떨어저서 볶음밥 먹으려다 걍 나옴 - 재방문 의사 0",263,False,1.0,3.2,실버 레벨,"단점 - 양념이 달다 - 밑반찬 없음(셀프바에 쌈, 쌈장, 쌈무, 야채샐러드 있음) - 알바생 대체로 불친절 - 위생 별로.. 식탁이 잘 안닦여있음 - 철판 올리고 버너 불 안켜길래 그냥 먹으면 되는 줄 알고 안뒤적거렸는데 치즈가 너무 타서 탄맛만 남… 먹다가 중간중간 뒤집어주라는 말해주는게 어렵나? - 가게에 엠씨몽 있음.. 엠씨몽 노래 나오면 진짜 알바생 중 하나가 엄청 크게 부름.. 좋은 목소리도 아니라 입맛 떨어저서 볶음밥 먹으려다 걍 나옴 - 재방문 의사 0",단점 양념이 달다 밑반찬 없음 셀프바에 쌈 쌈장 쌈무 야채샐러드 있음 알바생 대체로 불친절 위생 별로 식탁이 잘 안닦여있음 철판 올리고 버너 불 안켜길래 그냥 먹으면 되는 줄 알고 안뒤적거렸는데 치즈가 너무 타서 탄맛만 남 먹다가 중간중간 뒤집어주라는 말해주는게 어렵나 QUESTION 가게에 엠씨몽 있음 엠씨몽 노래 나오면 진짜 알바생 중 하나가 엄청 크게 부름 좋은 목소리도 아니라 입맛 떨어저서 볶음밥 먹으려다 걍 나옴 재방문 의사 0,0,0,0,0,0,1,1,263,위생
kakao,원조조박집 본관,춤신춤왕,109.0,2025-12-03,,,이게 밑반찬 끝. 아 갈비를 못찍음.근데 진짜 맛은 있다. 또갈예정 . 가격은 점점 올라가..생갈비는 걍 .. 기본 돼지갈비추천 굽느라손은바쁨..상추는 청상추. 주차는 건너편공영주차장으로,104,True,4.0,3.3,골드 레벨,이게 밑반찬 끝. 아 갈비를 못찍음.근데 진짜 맛은 있다. 또갈예정 . 가격은 점점 올라가..생갈비는 걍 .. 기본 돼지갈비추천 굽느라손은바쁨..상추는 청상추. 주차는 건너편공영주차장으로,이게 밑반찬 끝 아 갈비를 못찍음 근데 진짜 맛은 있다 또갈예정 가격은 점점 올라가 생갈비는 걍 기본 돼지갈비추천 굽느라손은바쁨 상추는 청상추 주차는 건너편공영주차장으로,0,0,0,0,0,0,0,104,주차
kakao,홍대 조선시대,비니,1.0,2026-03-28,,,음식이 맛있어요 분위기도 좋아요,17,True,5.0,5.0,브론즈 레벨,음식이 맛있어요 분위기도 좋아요,음식이 맛있어요 분위기도 좋아요,0,0,0,0,0,0,0,17,분위기
naver,태양곱창 성수점,소비 기록,128.0,2026.04.04,1번째 방문,영수증,배달만 시켜먹다가 매장 방문해서 전골 먹었어요 맛있습니다!,32,True,,,,배달만 시켜먹다가 매장 방문해서 전골 먹었어요 맛있습니다!,배달만 시켜먹다가 매장 방문해서 전골 먹었어요 맛있습니다 EXCLAM,0,0,0,0,1,0,0,32,매장
naver,조선시대,yee****,10.0,2026.04.27,2번째 방문,영수증,중학교 친구들이랑 오랜만에 서울에서 모여서 만난 술자리였는데 2차로 오기 너무 좋은 곳인 것 같아요!,56,False,,,,중학교 친구들이랑 오랜만에 서울에서 모여서 만난 술자리였는데 2차로 오기 너무 좋은 곳인 것 같아요!,중학교 친구들이랑 오랜만에 서울에서 모여서 만난 술자리였는데 2차로 오기 너무 좋은 곳인 것 같아요 EXCLAM,0,0,0,0,1,0,1,56,자리
naver,락희옥 마포본점,지구인73,14.0,2025.07.27,1번째 방문,영수증,엄마와 점심 식사했는데 분위기 좋고 깔끔하게 나온다고 좋아하셨어요. 음식맛도 좋구요. 공덕 점심장소로 추천합니다.,63,True,,,,엄마와 점심 식사했는데 분위기 좋고 깔끔하게 나온다고 좋아하셨어요. 음식맛도 좋구요. 공덕 점심장소로 추천합니다.,엄마와 점심 식사했는데 분위기 좋고 깔끔하게 나온다고 좋아하셨어요 음식맛도 좋구요 공덕 점심장소로 추천합니다,0,0,0,0,0,0,0,63,"분위기, 깔끔"
kakao,홍대 조선시대,정홍기,7.0,2026-02-14,,,음식 짱 맛있고 분위기 좋네요 ㅎㅎ 직원분들도 엄청 친절해요^^,35,True,5.0,4.6,브론즈 레벨,음식 짱 맛있고 분위기 좋네요 ㅎㅎ 직원분들도 엄청 친절해요^^,음식 짱 맛있고 분위기 좋네요 직원분들도 엄청 친절해요,0,0,0,0,0,0,0,35,분위기
kakao,옥동식 서교점,밥밥,206.0,2025-10-17,,,고소 깔끔 은근 양이 많은 고기 궁합이 좋은 고추다짐,29,True,5.0,3.7,골드 레벨,고소 깔끔 은근 양이 많은 고기 궁합이 좋은 고추다짐,고소 깔끔 은근 양이 많은 고기 궁합이 좋은 고추다짐,0,0,0,0,0,0,0,29,깔끔
kakao,홍대 조선시대,이수민,1.0,2026-02-15,,,여기 진짜 직원분들도 친절하고 안주도 맛있어요 딸기 막걸리 술술 들어갑니다 ^_^ 두부김치랑 딸기 막걸리 추천합니다!!!! 분위기도 너무 좋구 친구들이랑 친목 다지기 너무 좋아요 ㅎ.ㅎ,103,True,5.0,5.0,브론즈 레벨,여기 진짜 직원분들도 친절하고 안주도 맛있어요 딸기 막걸리 술술 들어갑니다 ^_^ 두부김치랑 딸기 막걸리 추천합니다!!!! 분위기도 너무 좋구 친구들이랑 친목 다지기 너무 좋아요 ㅎ.ㅎ,여기 진짜 직원분들도 친절하고 안주도 맛있어요 딸기 막걸리 술술 들어갑니다 _ 두부김치랑 딸기 막걸리 추천합니다 EXCLAM 분위기도 너무 좋구 친구들이랑 친목 다지기 너무 좋아요,0,0,0,0,1,0,0,103,분위기
naver,장인닭갈비 홍대점,미소152,201.0,2026.04.05,1번째 방문,영수증,처음와본 곳인데 음식도 맛있고 쾌적하고 분위기 편안해요~^^ 아이가있어서 순한맛 시켰는데 안맵고 아이도 잘먹고 어른입맛에도 맛있어요^^,75,True,,,,처음와본 곳인데 음식도 맛있고 쾌적하고 분위기 편안해요~^^ 아이가있어서 순한맛 시켰는데 안맵고 아이도 잘먹고 어른입맛에도 맛있어요^^,처음와본 곳인데 음식도 맛있고 쾌적하고 분위기 편안해요 아이가있어서 순한맛 시켰는데 안맵고 아이도 잘먹고 어른입맛에도 맛있어요,0,0,0,0,0,0,0,75,"분위기, 쾌적"
kakao,이태리국시 성수,🐑,1.0,2026-04-24,,,분위기가 일딴 너무 좋구요 파스타랑 리조또가 다양해서 좋았습니당 ㅎㅎ! 맛있어요,44,True,5.0,5.0,브론즈 레벨,분위기가 일딴 너무 좋구요 파스타랑 리조또가 다양해서 좋았습니당 ㅎㅎ! 맛있어요,분위기가 일딴 너무 좋구요 파스타랑 리조또가 다양해서 좋았습니당 EXCLAM 맛있어요,0,0,0,0,1,0,0,44,분위기
kakao,능동미나리 성수점,노는곰,125.0,2026-04-10,,,"육회비빔밥 미나리가 가득하고, 일반적인 비빔밥소스와 다르게 깔끔하고 고소한맛 중심. 그런데도 풍미있음, 간 맞음.",63,False,5.0,4.2,골드 레벨,"육회비빔밥 미나리가 가득하고, 일반적인 비빔밥소스와 다르게 깔끔하고 고소한맛 중심. 그런데도 풍미있음, 간 맞음.",육회비빔밥 미나리가 가득하고 일반적인 비빔밥소스와 다르게 깔끔하고 고소한맛 중심 그런데도 풍미있음 간 맞음,0,0,0,0,0,0,0,63,깔끔
kakao,소문난성수감자탕,맛없으면 리뷰 안남김,73.0,2025-06-14,,,주말인데 사람도 많지 않았고 그런데도 직원들 빨리빨리 호들갑떠는것 보니 슬슬 거품 꺼지는구나 싶음 고기도 퍽퍽하고 양도 엄청많은지도 모르겠고 가격도 비싸고 수제비가 4천원임 솔직히 우리 테이블오신 아주머니가 수제비 얇게 잘떠주셔서 수제비만 맛있었고 감자탕은 실망,146,True,3.0,4.5,실버 레벨,주말인데 사람도 많지 않았고 그런데도 직원들 빨리빨리 호들갑떠는것 보니 슬슬 거품 꺼지는구나 싶음 고기도 퍽퍽하고 양도 엄청많은지도 모르겠고 가격도 비싸고 수제비가 4천원임 솔직히 우리 테이블오신 아주머니가 수제비 얇게 잘떠주셔서 수제비만 맛있었고 감자탕은 실망,주말인데 사람도 많지 않았고 그런데도 직원들 빨리빨리 호들갑떠는것 보니 슬슬 거품 꺼지는구나 싶음 고기도 퍽퍽하고 양도 엄청많은지도 모르겠고 가격도 비싸고 수제비가 4천원임 솔직히 우리 테이블오신 아주머니가 수제비 얇게 잘떠주셔서 수제비만 맛있었고 감자탕은 실망,0,0,0,0,0,0,1,146,테이블
kakao,할머니의레시피,HR,207.0,2025-08-08,,,"서울숲 바로 옆에 있어 위치도 좋고 분위기, 음식도 괜찮음 하지만 직원의 손님 험담은 …… 심지어 매니저? 사장? 같아 보이는 사람의 주도하의……나는 듣고도 내 귀를 의심했음",97,False,2.0,4.4,골드 레벨,"서울숲 바로 옆에 있어 위치도 좋고 분위기, 음식도 괜찮음 하지만 직원의 손님 험담은 …… 심지어 매니저? 사장? 같아 보이는 사람의 주도하의……나는 듣고도 내 귀를 의심했음",서울숲 바로 옆에 있어 위치도 좋고 분위기 음식도 괜찮음 하지만 직원의 손님 험담은 심지어 매니저 QUESTION 사장 QUESTION 같아 보이는 사람의 주도하의 나는 듣고도 내 귀를 의심했음,0,0,0,0,0,1,0,97,"분위기, 위치"
naver,원조 조박집 본관,안젤라씨네,1740.0,2025.10.28,1번째 방문,영수증,"마포에서 퇴근하는 남편 마중나갔다가 오랜만에 조박집 방문함. 퇴근시간 직전이라 빈 테이블이 몇개 있었으나 여섯시 조금 지나니까 빈자리가 없었음. 본관외에 별관과 신관도 있음. 처음에 주물럭 2인분 주문했고 맛있어서 1인분 추가함. 조박집 주물럭등심은 변함없이 부드럽고 맛있었음. 곁들여지는 반찬은 무생채, 파무침, 김치, 동치미 국물에 말아주는 국수가 전부. 조박집은 돼지갈비도 맛있으니 다음에는 돼지갈비 먹으러 가야겠음. 식당에 별도 주차장없음. 근처 마포 유수지 공영주차장이나 염리 공영주차장 이용 가능하지만 1시간만 요금이 지원됨.",300,True,,,,"마포에서 퇴근하는 남편 마중나갔다가 오랜만에 조박집 방문함. 퇴근시간 직전이라 빈 테이블이 몇개 있었으나 여섯시 조금 지나니까 빈자리가 없었음. 본관외에 별관과 신관도 있음. 처음에 주물럭 2인분 주문했고 맛있어서 1인분 추가함. 조박집 주물럭등심은 변함없이 부드럽고 맛있었음. 곁들여지는 반찬은 무생채, 파무침, 김치, 동치미 국물에 말아주는 국수가 전부. 조박집은 돼지갈비도 맛있으니 다음에는 돼지갈비 먹으러 가야겠음. 식당에 별도 주차장없음. 근처 마포 유수지 공영주차장이나 염리 공영주차장 이용 가능하지만 1시간만 요금이 지원됨.",마포에서 퇴근하는 남편 마중나갔다가 오랜만에 조박집 방문함 퇴근시간 직전이라 빈 테이블이 몇개 있었으나 여섯시 조금 지나니까 빈자리가 없었음 본관외에 별관과 신관도 있음 처음에 주물럭 2인분 주문했고 맛있어서 1인분 추가함 조박집 주물럭등심은 변함없이 부드럽고 맛있었음 곁들여지는 반찬은 무생채 파무침 김치 동치미 국물에 말아주는 국수가 전부 조박집은 돼지갈비도 맛있으니 다음에는 돼지갈비 먹으러 가야겠음 식당에 별도 주차장없음 근처 마포 유수지 공영주차장이나 염리 공영주차장 이용 가능하지만 1시간만 요금이 지원됨,0,0,0,0,0,0,1,300,"자리, 테이블, 주차"
naver,육산장 홍대본점,wlsghks458,3.0,2026.04.03,1번째 방문,영수증,분위기 아주 귯귯 ㅎㅎㅎ 다음에도 한번 다시와야겠어욥~👍✌️😍🥰,35,True,,,,분위기 아주 귯귯 ㅎㅎㅎ 다음에도 한번 다시와야겠어욥~👍✌️😍🥰,분위기 아주 귯귯 다음에도 한번 다시와야겠어욥 EMO_POS EMO_POS EMO_POS,1,0,0,0,0,0,0,35,분위기
kakao,육산장 홍대본점,김은지,1.0,2025-06-07,,,한판구이 너무 맛있어요!! 특제소스도 꿀맛입니다 홍대에서 젤 분위기좋은 고기집이요~~,47,True,5.0,5.0,브론즈 레벨,한판구이 너무 맛있어요!! 특제소스도 꿀맛입니다 홍대에서 젤 분위기좋은 고기집이요~~,한판구이 너무 맛있어요 EXCLAM 특제소스도 꿀맛입니다 홍대에서 젤 분위기좋은 고기집이요 TILDE,0,0,0,0,1,0,0,47,분위기
naver,육산장 홍대본점,did****,27.0,2026.02.21,1번째 방문,영수증,분위기도 좋고 육산장만의 특제소스를 찍어먹으니 고기의 맛이 더 살아나는 느낌입니다. 연인과의 데이트 장소로 강추 합디다.👍👍👍👍,71,True,,,,분위기도 좋고 육산장만의 특제소스를 찍어먹으니 고기의 맛이 더 살아나는 느낌입니다. 연인과의 데이트 장소로 강추 합디다.👍👍👍👍,분위기도 좋고 육산장만의 특제소스를 찍어먹으니 고기의 맛이 더 살아나는 느낌입니다 연인과의 데이트 장소로 강추 합디다 EMO_POS EMO_POS EMO_POS EMO_POS,1,0,0,0,0,0,0,71,"분위기, 데이트"
naver,홍대 육지,미슐랭선별가,25.0,2026.03.14,1번째 방문,영수증,메뉴도 다양하고 돈대갈비 진짜 부드럽고 맛있어요 !! 사이드 반찬도 다양한데 다 맛있고 차돌 된장찌개도 맛있었어요 ㅎㅎ 인테리어도 예쁘고 직원분들도 친절하셔서 홍대 고깃집 추천합니다💕,102,True,,,,메뉴도 다양하고 돈대갈비 진짜 부드럽고 맛있어요 !! 사이드 반찬도 다양한데 다 맛있고 차돌 된장찌개도 맛있었어요 ㅎㅎ 인테리어도 예쁘고 직원분들도 친절하셔서 홍대 고깃집 추천합니다💕,메뉴도 다양하고 돈대갈비 진짜 부드럽고 맛있어요 EXCLAM 사이드 반찬도 다양한데 다 맛있고 차돌 된장찌개도 맛있었어요 인테리어도 예쁘고 직원분들도 친절하셔서 홍대 고깃집 추천합니다 EMO_POS,1,0,0,0,1,0,0,102,인테리어
kakao,능동미나리 성수점,인사이트,98.0,2025-02-04,,,평일 점심시간대에 방문하였고 입구 웨이팅은 대략 20분 정도 걸린 것 같아요. 차례되면 바로바로 들어가는 게 아니라 테이블 인원 맞춰서 들어가서 저는 조금 차례가 밀려서 들어갔어요. 육회비빔밥 메뉴 주문 바로하고 기다렸는데 정말 한참을 기다려도 안 나오더라구요. 가열 조리 음식이면 이해를 하겠는데 비가열 조리 음식인 육회비빔밥이 이렇게 오래 걸리나 할 정도였어요. 그런데 저보다 한참 늦게 들어온 옆자리 4인 테이블은 같은 메뉴가 금방 나왔는데 그러고도 제 메뉴는 한참 뒤에 나오더라구요. 육회비빔밥 맛은 미나리가 많이 올라간 게 특징이긴한데 양념이 너무 단 맛이예요. 음식이나 서비스는 웨이팅이나 가격대에 비해선 실망이네요. 1번은 궁금해서 먹어봤는데 2번은 안 가고 싶네요.,380,True,2.0,4.0,골드 레벨,평일 점심시간대에 방문하였고 입구 웨이팅은 대략 20분 정도 걸린 것 같아요. 차례되면 바로바로 들어가는 게 아니라 테이블 인원 맞춰서 들어가서 저는 조금 차례가 밀려서 들어갔어요. 육회비빔밥 메뉴 주문 바로하고 기다렸는데 정말 한참을 기다려도 안 나오더라구요. 가열 조리 음식이면 이해를 하겠는데 비가열 조리 음식인 육회비빔밥이 이렇게 오래 걸리나 할 정도였어요. 그런데 저보다 한참 늦게 들어온 옆자리 4인 테이블은 같은 메뉴가 금방 나왔는데 그러고도 제 메뉴는 한참 뒤에 나오더라구요. 육회비빔밥 맛은 미나리가 많이 올라간 게 특징이긴한데 양념이 너무 단 맛이예요. 음식이나 서비스는 웨이팅이나 가격대에 비해선 실망이네요. 1번은 궁금해서 먹어봤는데 2번은 안 가고 싶네요.,평일 점심시간대에 방문하였고 입구 웨이팅은 대략 20분 정도 걸린 것 같아요 차례되면 바로바로 들어가는 게 아니라 테이블 인원 맞춰서 들어가서 저는 조금 차례가 밀려서 들어갔어요 육회비빔밥 메뉴 주문 바로하고 기다렸는데 정말 한참을 기다려도 안 나오더라구요 가열 조리 음식이면 이해를 하겠는데 비가열 조리 음식인 육회비빔밥이 이렇게 오래 걸리나 할 정도였어요 그런데 저보다 한참 늦게 들어온 옆자리 4인 테이블은 같은 메뉴가 금방 나왔는데 그러고도 제 메뉴는 한참 뒤에 나오더라구요 육회비빔밥 맛은 미나리가 많이 올라간 게 특징이긴한데 양념이 너무 단 맛이예요 음식이나 서비스는 웨이팅이나 가격대에 비해선 실망이네요 1번은 궁금해서 먹어봤는데 2번은 안 가고 싶네요,0,0,0,0,0,0,1,380,"자리, 테이블"
naver,육산장 홍대본점,dbwls10,35.0,2026.02.05,1번째 방문,영수증,분위기도 너무 좋고 음식도 너무 맛있어요!!!! 캠핑분위기 나서 너무 행복했어요ㅎㅎㅎ,47,True,,,,분위기도 너무 좋고 음식도 너무 맛있어요!!!! 캠핑분위기 나서 너무 행복했어요ㅎㅎㅎ,분위기도 너무 좋고 음식도 너무 맛있어요 EXCLAM 캠핑분위기 나서 너무 행복했어요,0,0,0,0,1,0,0,47,분위기
naver,을밀대 평양냉면,내가보려고만든계정,,2025.08.03,1번째 방문,영수증,남자친구와 평양냉면에 빠져서 여러군데 돌아다니다 유명하다해서 가본집입니다. 주차는 운안좋으면 못하실수도있을것같네요 매장에 전화한번하거나 걸어가세요 평양냉면맛은 여태 먹었던것중에 젤 맛있고 깔끔했습니다 녹두전도 촉촉하니 맛있구요 재방문할의사있음 하지만 가격이 좀 사악 쏘..굳..,155,True,,,,남자친구와 평양냉면에 빠져서 여러군데 돌아다니다 유명하다해서 가본집입니다. 주차는 운안좋으면 못하실수도있을것같네요 매장에 전화한번하거나 걸어가세요 평양냉면맛은 여태 먹었던것중에 젤 맛있고 깔끔했습니다 녹두전도 촉촉하니 맛있구요 재방문할의사있음 하지만 가격이 좀 사악 쏘..굳..,남자친구와 평양냉면에 빠져서 여러군데 돌아다니다 유명하다해서 가본집입니다 주차는 운안좋으면 못하실수도있을것같네요 매장에 전화한번하거나 걸어가세요 평양냉면맛은 여태 먹었던것중에 젤 맛있고 깔끔했습니다 녹두전도 촉촉하니 맛있구요 재방문할의사있음 하지만 가격이 좀 사악 쏘 굳,0,0,0,0,0,0,0,155,"매장, 깔끔, 주차"
kakao,훼미리손칼국수보쌈,뽈이,154.0,2025-07-11,,,맛있지만 •• 비위생적이고 .. 처음 먹었을때의 그 감동이 사라졌어요 ㅜ ㅠ 그치만 가성비집이니깐 .. 노포 느낌으로 흐린눈 할 만 했습니다 •• 위생에 민감하시면 가지 마세용,98,True,3.0,3.4,골드 레벨,맛있지만 •• 비위생적이고 .. 처음 먹었을때의 그 감동이 사라졌어요 ㅜ ㅠ 그치만 가성비집이니깐 .. 노포 느낌으로 흐린눈 할 만 했습니다 •• 위생에 민감하시면 가지 마세용,맛있지만 비위생적이고 처음 먹었을때의 그 감동이 사라졌어요 그치만 가성비집이니깐 노포 느낌으로 흐린눈 할 만 했습니다 위생에 민감하시면 가지 마세용,0,0,0,0,0,0,0,98,위생
kakao,할머니의레시피,GrOL,51.0,2025-09-05,,,음식 잘 나오고 여자 직원분은 친절함 (다른 리뷰처럼 남자 사장은 불친절). 테이블 간격이 너무 좁아 정신없음,61,False,4.0,3.9,실버 레벨,음식 잘 나오고 여자 직원분은 친절함 (다른 리뷰처럼 남자 사장은 불친절). 테이블 간격이 너무 좁아 정신없음,음식 잘 나오고 여자 직원분은 친절함 다른 리뷰처럼 남자 사장은 불친절 테이블 간격이 너무 좁아 정신없음,0,0,0,0,0,0,0,61,"테이블, 좁"
naver,쭌곱창,공주262,96.0,2026.03.17,1번째 방문,영수증,"경의선숲길을 정처없이 걷다가 발견한 최고의 맛집!!! 사장님께서 세팅, 먹는방법을 알려주시는데 오마카세 이상이라고 생각합니다. 연인이랑 오기에도 분위기가 정말 좋고 파인애플 크림과 먹는 요리는 처음이었습니다! 그만큼 특별하고 사장님의 요리센스가 보이는 요리었습니다!!! 곱창은 매콤한 편으로 저같은 맵찔이한테는 매울 수 있으나 각종 맛있는 치즈소스가 있어서 완벽히 맛을 중화시키네요!!! 다음에도 또 방문하겠습니다!!!",234,True,,,,"경의선숲길을 정처없이 걷다가 발견한 최고의 맛집!!! 사장님께서 세팅, 먹는방법을 알려주시는데 오마카세 이상이라고 생각합니다. 연인이랑 오기에도 분위기가 정말 좋고 파인애플 크림과 먹는 요리는 처음이었습니다! 그만큼 특별하고 사장님의 요리센스가 보이는 요리었습니다!!! 곱창은 매콤한 편으로 저같은 맵찔이한테는 매울 수 있으나 각종 맛있는 치즈소스가 있어서 완벽히 맛을 중화시키네요!!! 다음에도 또 방문하겠습니다!!!",경의선숲길을 정처없이 걷다가 발견한 최고의 맛집 EXCLAM 사장님께서 세팅 먹는방법을 알려주시는데 오마카세 이상이라고 생각합니다 연인이랑 오기에도 분위기가 정말 좋고 파인애플 크림과 먹는 요리는 처음이었습니다 EXCLAM 그만큼 특별하고 사장님의 요리센스가 보이는 요리었습니다 EXCLAM 곱창은 매콤한 편으로 저같은 맵찔이한테는 매울 수 있으나 각종 맛있는 치즈소스가 있어서 완벽히 맛을 중화시키네요 EXCLAM 다음에도 또 방문하겠습니다 EXCLAM,0,0,0,0,1,0,0,234,분위기
naver,금금 성수점,로로로윙,58.0,2026.03.01,1번째 방문,영수증,한식퓨전음식점이네요 된장국수는 마제소바같은 느낌인데 씹히는 쪽파가 식감을 살려줘서 맛있게 먹었습니다. 새우감자전은 고민하다 시켜보았는데 셋중 가장 맛있었어요~ 명란곁들여 흰소스에 꼭 찍어드세요ㅎㅎ 성수오랜만에 왔는데즐거운 식사였습니다. 미리 캐치테이블 예약하고오세요~~~,151,True,,,,한식퓨전음식점이네요 된장국수는 마제소바같은 느낌인데 씹히는 쪽파가 식감을 살려줘서 맛있게 먹었습니다. 새우감자전은 고민하다 시켜보았는데 셋중 가장 맛있었어요~ 명란곁들여 흰소스에 꼭 찍어드세요ㅎㅎ 성수오랜만에 왔는데즐거운 식사였습니다. 미리 캐치테이블 예약하고오세요~~~,한식퓨전음식점이네요 된장국수는 마제소바같은 느낌인데 씹히는 쪽파가 식감을 살려줘서 맛있게 먹었습니다 새우감자전은 고민하다 시켜보았는데 셋중 가장 맛있었어요 명란곁들여 흰소스에 꼭 찍어드세요 성수오랜만에 왔는데즐거운 식사였습니다 미리 캐치테이블 예약하고오세요 TILDE,0,0,0,0,0,0,0,151,테이블
kakao,육지,빵좋아,1.0,2025-09-11,,,"홍대 합정 근처 힙한 고깃집 ‘육지’ 방문, 깔끔한 분위기와 사진 잘 나오는 조명이 인상적이었어요. 삼겹살·목살·돈대갈비와 치즈 계란찜 등 사이드까지 고기 퀄리티와 조합이 훌륭합니다 테이블링으로 줄 서면 편하고, 여러가지로 아주 만족스러운 집이에요.",139,False,5.0,5.0,브론즈 레벨,"홍대 합정 근처 힙한 고깃집 ‘육지’ 방문, 깔끔한 분위기와 사진 잘 나오는 조명이 인상적이었어요. 삼겹살·목살·돈대갈비와 치즈 계란찜 등 사이드까지 고기 퀄리티와 조합이 훌륭합니다 테이블링으로 줄 서면 편하고, 여러가지로 아주 만족스러운 집이에요.",홍대 합정 근처 힙한 고깃집 육지 방문 깔끔한 분위기와 사진 잘 나오는 조명이 인상적이었어요 삼겹살 목살 돈대갈비와 치즈 계란찜 등 사이드까지 고기 퀄리티와 조합이 훌륭합니다 테이블링으로 줄 서면 편하고 여러가지로 아주 만족스러운 집이에요,0,0,0,0,0,0,0,139,"분위기, 테이블, 조명, 깔끔"
naver,이태리국시 성수,navi6025,32.0,2026.04.07,1번째 방문,영수증,"한식을 접목한 색다른 메뉴가 다양하고 정말 맛있어요! 분위기도 좋아서 지인들과 오래오래 대화 나누기도 편하고, 음식도 맛있어서 너무 마음에 들어요~",82,True,,,,"한식을 접목한 색다른 메뉴가 다양하고 정말 맛있어요! 분위기도 좋아서 지인들과 오래오래 대화 나누기도 편하고, 음식도 맛있어서 너무 마음에 들어요~",한식을 접목한 색다른 메뉴가 다양하고 정말 맛있어요 EXCLAM 분위기도 좋아서 지인들과 오래오래 대화 나누기도 편하고 음식도 맛있어서 너무 마음에 들어요,0,0,0,0,1,0,0,82,분위기
naver,육산장 홍대본점,see****,17.0,2026.02.24,1번째 방문,영수증,테이블에서 구워주시면 눈치 보여하는 편인데 여기는 초벌해주시면 저희가 구워먹는 거라서 애들이랑 여기하면서 편하게 먹었어용! 다음에 또 먹으러 오고 싶네요 :),88,True,,,,테이블에서 구워주시면 눈치 보여하는 편인데 여기는 초벌해주시면 저희가 구워먹는 거라서 애들이랑 여기하면서 편하게 먹었어용! 다음에 또 먹으러 오고 싶네요 :),테이블에서 구워주시면 눈치 보여하는 편인데 여기는 초벌해주시면 저희가 구워먹는 거라서 애들이랑 여기하면서 편하게 먹었어용 EXCLAM 다음에 또 먹으러 오고 싶네요,0,0,0,0,1,0,0,88,테이블
kakao,뼈탄집 성수역점,승현,1.0,2026-01-03,,,매장이 넓고 깨끗해서 가족 모임하기 좋아요. 밑반찬이 정갈하고 고기도 직접 구워주셔서 맛있게 먹었습니다. 다음에 또 방문하고 싶어요.,74,True,5.0,5.0,브론즈 레벨,매장이 넓고 깨끗해서 가족 모임하기 좋아요. 밑반찬이 정갈하고 고기도 직접 구워주셔서 맛있게 먹었습니다. 다음에 또 방문하고 싶어요.,매장이 넓고 깨끗해서 가족 모임하기 좋아요 밑반찬이 정갈하고 고기도 직접 구워주셔서 맛있게 먹었습니다 다음에 또 방문하고 싶어요,0,0,0,0,0,0,0,74,"매장, 넓"
naver,성수족발,루실86,224.0,2025.11.14,1번째 방문,영수증,서울 3대족발 이지요🤭 달고 짠 맛 좋아하시는 분들은 호 슴슴한 맛 좋아하시는 분들은 불 방문보단 픽업이 편한곳 주차는 다른데 하고 와야해요 아참 아이들도 잘먹는답니다☺️,95,True,,,,서울 3대족발 이지요🤭 달고 짠 맛 좋아하시는 분들은 호 슴슴한 맛 좋아하시는 분들은 불 방문보단 픽업이 편한곳 주차는 다른데 하고 와야해요 아참 아이들도 잘먹는답니다☺️,서울 3대족발 이지요 달고 짠 맛 좋아하시는 분들은 호 슴슴한 맛 좋아하시는 분들은 불 방문보단 픽업이 편한곳 주차는 다른데 하고 와야해요 아참 아이들도 잘먹는답니다,0,0,0,0,0,0,1,95,주차
kakao,육산장 홍대본점,윤재원,1.0,2025-05-29,,,분위기가 좋고 쾌적해요!! 맛있습니다:),22,True,5.0,5.0,브론즈 레벨,분위기가 좋고 쾌적해요!! 맛있습니다:),분위기가 좋고 쾌적해요 EXCLAM 맛있습니다,0,0,0,0,1,0,0,22,"분위기, 쾌적"
kakao,소문난성수감자탕,수환,126.0,2025-03-18,,,무난하다 줄설 정도는 아니며 가끔 고기도 퍽퍽한 부위가 있음 국물도 약간 싱겁다고 느낄 수 있음 매리트라면 감자가 들어가 있다는 것 무조건 곱빼기 시키는 것이 이득 천원에 뼈 하나 더 줌 혼밥은 줄 안서고 입장 가능하니 참고,125,False,3.0,3.9,골드 레벨,무난하다 줄설 정도는 아니며 가끔 고기도 퍽퍽한 부위가 있음 국물도 약간 싱겁다고 느낄 수 있음 매리트라면 감자가 들어가 있다는 것 무조건 곱빼기 시키는 것이 이득 천원에 뼈 하나 더 줌 혼밥은 줄 안서고 입장 가능하니 참고,무난하다 줄설 정도는 아니며 가끔 고기도 퍽퍽한 부위가 있음 국물도 약간 싱겁다고 느낄 수 있음 매리트라면 감자가 들어가 있다는 것 무조건 곱빼기 시키는 것이 이득 천원에 뼈 하나 더 줌 혼밥은 줄 안서고 입장 가능하니 참고,0,0,0,0,0,0,0,125,혼밥
naver,원조 조박집 본관,yeoppii,771.0,2026.03.28,1번째 방문,영수증,"돼지갈비, 된장찌개 주문. 돼지갈비 질도 좋고, 양념도 맛있었어요. 동치미 국수 조금씩 먹을수 있게 나오는데 시원하고 좋았어요. 된장찌개는 슴슴한데 시래기 많이 들어가서 담백하고 좋았습니다. 같이 나온 깍두기도 상당히 맛있네요. 공간도 넓어서 나름 쾌적했습니다. 직원분들도 친절하시네요 즐거운 점심 먹고 갑니다.",174,True,,,,"돼지갈비, 된장찌개 주문. 돼지갈비 질도 좋고, 양념도 맛있었어요. 동치미 국수 조금씩 먹을수 있게 나오는데 시원하고 좋았어요. 된장찌개는 슴슴한데 시래기 많이 들어가서 담백하고 좋았습니다. 같이 나온 깍두기도 상당히 맛있네요. 공간도 넓어서 나름 쾌적했습니다. 직원분들도 친절하시네요 즐거운 점심 먹고 갑니다.",돼지갈비 된장찌개 주문 돼지갈비 질도 좋고 양념도 맛있었어요 동치미 국수 조금씩 먹을수 있게 나오는데 시원하고 좋았어요 된장찌개는 슴슴한데 시래기 많이 들어가서 담백하고 좋았습니다 같이 나온 깍두기도 상당히 맛있네요 공간도 넓어서 나름 쾌적했습니다 직원분들도 친절하시네요 즐거운 점심 먹고 갑니다,0,0,0,0,0,0,0,174,"공간, 쾌적, 넓"
kakao,옥동식 서교점,돌아다니는,47.0,2025-12-06,,,국밥이 깔끔하고 매우 맛있음 그러나 2시간 이상 웨이팅할 정도는 결코 아님,41,False,4.0,4.2,실버 레벨,국밥이 깔끔하고 매우 맛있음 그러나 2시간 이상 웨이팅할 정도는 결코 아님,국밥이 깔끔하고 매우 맛있음 그러나 2시간 이상 웨이팅할 정도는 결코 아님,0,0,0,0,0,0,1,41,깔끔
kakao,이태리국시 성수,wasson,2.0,2026-04-10,,,평일 런치 먹었는데 양도 많고 너무 맛있어요! ㅎㅎ 직원분들도 친절하시고 매장 분위기도 너무 좋네요! 성수 오면 또 방문 하겠습니다~~,75,True,5.0,5.0,브론즈 레벨,평일 런치 먹었는데 양도 많고 너무 맛있어요! ㅎㅎ 직원분들도 친절하시고 매장 분위기도 너무 좋네요! 성수 오면 또 방문 하겠습니다~~,평일 런치 먹었는데 양도 많고 너무 맛있어요 EXCLAM 직원분들도 친절하시고 매장 분위기도 너무 좋네요 EXCLAM 성수 오면 또 방문 하겠습니다 TILDE,0,0,0,0,1,0,0,75,"분위기, 매장"
naver,육산장 홍대본점,노대19,12.0,2026.04.10,1번째 방문,영수증,리뷰보고 맘에 들어서 왔는데 역시나 분위기가 끝내주네요 고기도 너무 맛있고 최고네요~ 또 올게요,53,True,,,,리뷰보고 맘에 들어서 왔는데 역시나 분위기가 끝내주네요 고기도 너무 맛있고 최고네요~ 또 올게요,리뷰보고 맘에 들어서 왔는데 역시나 분위기가 끝내주네요 고기도 너무 맛있고 최고네요 또 올게요,0,0,0,0,0,0,0,53,분위기
kakao,뼈탄집 성수역점,이소희,1.0,2025-12-29,,,고기 질이 너무 좋아요! 질 좋은 고기를 맛있게 구워주시니 편하게 먹을 수 있고 밑반찬까지 모두 너무 맛있었어요! 삼겹살 강추! 분위기도 좋아 데이트하기에 딱이에요! 재방문 예정❣️,101,True,5.0,5.0,브론즈 레벨,고기 질이 너무 좋아요! 질 좋은 고기를 맛있게 구워주시니 편하게 먹을 수 있고 밑반찬까지 모두 너무 맛있었어요! 삼겹살 강추! 분위기도 좋아 데이트하기에 딱이에요! 재방문 예정❣️,고기 질이 너무 좋아요 EXCLAM 질 좋은 고기를 맛있게 구워주시니 편하게 먹을 수 있고 밑반찬까지 모두 너무 맛있었어요 EXCLAM 삼겹살 강추 EXCLAM 분위기도 좋아 데이트하기에 딱이에요 EXCLAM 재방문 예정 EMO_POS,1,0,0,0,1,0,0,101,"분위기, 데이트"
naver,마포양지설렁탕,오키드19,723.0,2025.12.16,1번째 방문,영수증,주차가 편해서 좋은데 바로 옆 카페와는 주차 공간을 절대 공유하지 않는다.,41,False,,,,주차가 편해서 좋은데 바로 옆 카페와는 주차 공간을 절대 공유하지 않는다.,주차가 편해서 좋은데 바로 옆 카페와는 주차 공간을 절대 공유하지 않는다,0,0,0,0,0,0,0,41,"공간, 주차"
naver,할머니의 레시피,파트라8292,1666.0,2025.06.29,1번째 방문,영수증,서울숲에 왔다가 검색하여 식사 가격도 착하고 쾌적한 공간에서 맛있는 식사,40,True,,,,서울숲에 왔다가 검색하여 식사 가격도 착하고 쾌적한 공간에서 맛있는 식사,서울숲에 왔다가 검색하여 식사 가격도 착하고 쾌적한 공간에서 맛있는 식사,0,0,0,0,0,0,0,40,"공간, 쾌적"
naver,각시보쌈,부산보라,520.0,2025.09.07,3번째 방문,예약,합정역에서 보쌈정식 단돈 만 원에 먹을 수 있는 곳. 다른 곳 다녀봐도 깔끔하고 빠르게 서빙되고 실패 없이 먹을 수 있는 보쌈정식은 여기뿐입니다. 늘 사람이 붐비는 건 다 그만한 이유가 있습니다.,109,True,,,,합정역에서 보쌈정식 단돈 만 원에 먹을 수 있는 곳. 다른 곳 다녀봐도 깔끔하고 빠르게 서빙되고 실패 없이 먹을 수 있는 보쌈정식은 여기뿐입니다. 늘 사람이 붐비는 건 다 그만한 이유가 있습니다.,합정역에서 보쌈정식 단돈 만 원에 먹을 수 있는 곳 다른 곳 다녀봐도 깔끔하고 빠르게 서빙되고 실패 없이 먹을 수 있는 보쌈정식은 여기뿐입니다 늘 사람이 붐비는 건 다 그만한 이유가 있습니다,0,0,0,0,0,0,0,109,깔끔
naver,일등식당,Gratia78,1961.0,2026.04.04,1번째 방문,영수증,최근 먹은 뼈해장국 중에 가장 맛있는 맛이에요. 끝까지 깔끔 담백합니다.,40,True,,,,최근 먹은 뼈해장국 중에 가장 맛있는 맛이에요. 끝까지 깔끔 담백합니다.,최근 먹은 뼈해장국 중에 가장 맛있는 맛이에요 끝까지 깔끔 담백합니다,0,0,0,0,0,0,0,40,깔끔
naver,락희옥 마포본점,si****,13.0,2026.03.12,1번째 방문,영수증,음식 깔끔하고 분위기가 고급스러워 만족합니다.,25,False,,,,음식 깔끔하고 분위기가 고급스러워 만족합니다.,음식 깔끔하고 분위기가 고급스러워 만족합니다,0,0,0,0,0,0,0,25,"분위기, 깔끔"
naver,홍대 육지,팔로우하면 손해 놉,817.0,2026.02.11,1번째 방문,영수증,"홍대 합정에 위치한 고기맛집! ""홍대 육지"" 다녀왔습니다. 요즘 핫하다고 소문나서 방문했어요. 평일 5시 조금 넘어서 방문했는데 마지막 한자리!휴~ 다행 한번에 입장했네요~ 역시 핫합니다~ 열기 후끈! 실외, 실내 모두 분위기 좋고 깔끔하고~ 👍 주문한 메뉴는 돈대갈비2인분, 꽃목살 1인분, 모듬그릴야채, 화산계란찜, 깍둑볶음밥, 제로콜라 이렇게요~ 고기를 직접 정성스럽게 구워주셔서 편하게 입에 넣고 먹기만하면 됩니다~^^ 돈대갈비는 조기 품절 될 수 있고 테이블당 2인분만 되네요. 맛이~ 맛이~ 끝내줍니다. 부드럽고 육질 탱탱에 육향최고에요. 고기 질을 논할 그런 곳이 아닙니다~ 넘 맛나게 먹었어요. 계란찜과 볶음밥도 재료 안아끼고 팍팍 넣어서 만드신 그런 비쥬얼이고요~ 홍대육지 완전 초강추! 합니다.",398,True,,,,"홍대 합정에 위치한 고기맛집! ""홍대 육지"" 다녀왔습니다. 요즘 핫하다고 소문나서 방문했어요. 평일 5시 조금 넘어서 방문했는데 마지막 한자리!휴~ 다행 한번에 입장했네요~ 역시 핫합니다~ 열기 후끈! 실외, 실내 모두 분위기 좋고 깔끔하고~ 👍 주문한 메뉴는 돈대갈비2인분, 꽃목살 1인분, 모듬그릴야채, 화산계란찜, 깍둑볶음밥, 제로콜라 이렇게요~ 고기를 직접 정성스럽게 구워주셔서 편하게 입에 넣고 먹기만하면 됩니다~^^ 돈대갈비는 조기 품절 될 수 있고 테이블당 2인분만 되네요. 맛이~ 맛이~ 끝내줍니다. 부드럽고 육질 탱탱에 육향최고에요. 고기 질을 논할 그런 곳이 아닙니다~ 넘 맛나게 먹었어요. 계란찜과 볶음밥도 재료 안아끼고 팍팍 넣어서 만드신 그런 비쥬얼이고요~ 홍대육지 완전 초강추! 합니다.",홍대 합정에 위치한 고기맛집 EXCLAM 홍대 육지 다녀왔습니다 요즘 핫하다고 소문나서 방문했어요 평일 5시 조금 넘어서 방문했는데 마지막 한자리 EXCLAM 휴 다행 한번에 입장했네요 역시 핫합니다 열기 후끈 EXCLAM 실외 실내 모두 분위기 좋고 깔끔하고 EMO_POS 주문한 메뉴는 돈대갈비2인분 꽃목살 1인분 모듬그릴야채 화산계란찜 깍둑볶음밥 제로콜라 이렇게요 고기를 직접 정성스럽게 구워주셔서 편하게 입에 넣고 먹기만하면 됩니다 돈대갈비는 조기 품절 될 수 있고 테이블당 2인분만 되네요 맛이 맛이 끝내줍니다 부드럽고 육질 탱탱에 육향최고에요 고기 질을 논할 그런 곳이 아닙니다 넘 맛나게 먹었어요 계란찜과 볶음밥도 재료 안아끼고 팍팍 넣어서 만드신 그런 비쥬얼이고요 홍대육지 완전 초강추 EXCLAM 합니다,1,0,0,0,1,0,1,398,"분위기, 자리, 테이블, 깔끔, 위치"
naver,조선시대,miang1107,15.0,2026.04.07,1번째 방문,영수증,분위기가 너무 좋고 룸도 있어서 단체로 와도 좋을 것 같아요! 음식도 맛있고 술도 저렴한 편이라 좋습니다! 다음에 또 방문하고 싶어요^*^,77,True,,,,분위기가 너무 좋고 룸도 있어서 단체로 와도 좋을 것 같아요! 음식도 맛있고 술도 저렴한 편이라 좋습니다! 다음에 또 방문하고 싶어요^*^,분위기가 너무 좋고 룸도 있어서 단체로 와도 좋을 것 같아요 EXCLAM 음식도 맛있고 술도 저렴한 편이라 좋습니다 EXCLAM 다음에 또 방문하고 싶어요,0,0,0,0,1,0,0,77,분위기
naver,뼈탄집 성수역점,cococooo,9.0,2026.03.20,1번째 방문,영수증,"분위기도 깔끔하고 자리도 넓어서 좋았음. 데이트로 가도 괜찮고 가족모임이나 단체로 가기에도 편한 느낌임! 고기는 잡내 없고 부드러워서 맛있었고, 직원분들이 구워줘서 편하게 먹을 수 있었던 것도 좋았음. 음식도 빨리 나오는 편이라 회식 장소로도 괜찮을 듯.",142,True,,,,"분위기도 깔끔하고 자리도 넓어서 좋았음. 데이트로 가도 괜찮고 가족모임이나 단체로 가기에도 편한 느낌임! 고기는 잡내 없고 부드러워서 맛있었고, 직원분들이 구워줘서 편하게 먹을 수 있었던 것도 좋았음. 음식도 빨리 나오는 편이라 회식 장소로도 괜찮을 듯.",분위기도 깔끔하고 자리도 넓어서 좋았음 데이트로 가도 괜찮고 가족모임이나 단체로 가기에도 편한 느낌임 EXCLAM 고기는 잡내 없고 부드러워서 맛있었고 직원분들이 구워줘서 편하게 먹을 수 있었던 것도 좋았음 음식도 빨리 나오는 편이라 회식 장소로도 괜찮을 듯,0,0,0,0,1,0,0,142,"분위기, 자리, 깔끔, 넓, 데이트"
naver,금금 성수점,LIZZY37,17.0,2026.03.05,1번째 방문,영수증,"된장으로 만든 한국식 마제소바라는데 완전 맛있다. 근래 먹은것 중에 제일 맛있었다. 맛이 그렇게 특이한건 아니고 일반 마제소바랑 거의 비슷하다. 된장맛이 나긴나는데 일반 마제소바맛이 더 강해서. 그래도 된장맛이 되게 잘 어울리고, 색다른 맛은 아니어도 이 자체로 맛있고, 고명으로 올라가는 수육이랑 튀긴두부도 잘 어울리고 맛있다 매장은 작은데 사람도 꽤 잘 빠져서 대기는 거의 없는 수준. 물론 주중이라 그렇고 주말엔 대기 길것 같다.",243,True,,,,"된장으로 만든 한국식 마제소바라는데 완전 맛있다. 근래 먹은것 중에 제일 맛있었다. 맛이 그렇게 특이한건 아니고 일반 마제소바랑 거의 비슷하다. 된장맛이 나긴나는데 일반 마제소바맛이 더 강해서. 그래도 된장맛이 되게 잘 어울리고, 색다른 맛은 아니어도 이 자체로 맛있고, 고명으로 올라가는 수육이랑 튀긴두부도 잘 어울리고 맛있다 매장은 작은데 사람도 꽤 잘 빠져서 대기는 거의 없는 수준. 물론 주중이라 그렇고 주말엔 대기 길것 같다.",된장으로 만든 한국식 마제소바라는데 완전 맛있다 근래 먹은것 중에 제일 맛있었다 맛이 그렇게 특이한건 아니고 일반 마제소바랑 거의 비슷하다 된장맛이 나긴나는데 일반 마제소바맛이 더 강해서 그래도 된장맛이 되게 잘 어울리고 색다른 맛은 아니어도 이 자체로 맛있고 고명으로 올라가는 수육이랑 튀긴두부도 잘 어울리고 맛있다 매장은 작은데 사람도 꽤 잘 빠져서 대기는 거의 없는 수준 물론 주중이라 그렇고 주말엔 대기 길것 같다,0,0,0,0,0,0,0,243,매장
kakao,홍대 조선시대,조윤환,2.0,2026-02-28,,,분위기가 좋고 맛있어요,12,True,5.0,5.0,브론즈 레벨,분위기가 좋고 맛있어요,분위기가 좋고 맛있어요,0,0,0,0,0,0,0,12,분위기
naver,육산장 홍대본점,져니7187,14.0,2026.04.17,1번째 방문,영수증,캠핑장 분위기 좋았어요 잘먹었습니다 또 올거같아요~,28,True,,,,캠핑장 분위기 좋았어요 잘먹었습니다 또 올거같아요~,캠핑장 분위기 좋았어요 잘먹었습니다 또 올거같아요,0,0,0,0,0,0,0,28,분위기
naver,소문난성수감자탕,실버듀88,1129.0,2026.03.11,1번째 방문,영수증,조금 이른 시간에 방문해서 대기없이 식사할 수 있었어요. 외국인 등 손님들 넘쳐나서 대박 맛집 분위기입니다. 다 좋았는데 고기질은 좀 아쉬웠어요.,81,True,,,,조금 이른 시간에 방문해서 대기없이 식사할 수 있었어요. 외국인 등 손님들 넘쳐나서 대박 맛집 분위기입니다. 다 좋았는데 고기질은 좀 아쉬웠어요.,조금 이른 시간에 방문해서 대기없이 식사할 수 있었어요 외국인 등 손님들 넘쳐나서 대박 맛집 분위기입니다 다 좋았는데 고기질은 좀 아쉬웠어요,0,0,0,0,0,0,0,81,분위기
kakao,장인닭갈비 홍대점,융딩이,99.0,2025-08-09,,,친구랑 닭갈비먹으러 다녀왔어요 치즈닭갈비 존맛!!! 분위기도 좋고 깨끗해요,41,False,5.0,5.0,실버 레벨,친구랑 닭갈비먹으러 다녀왔어요 치즈닭갈비 존맛!!! 분위기도 좋고 깨끗해요,친구랑 닭갈비먹으러 다녀왔어요 치즈닭갈비 존맛 EXCLAM 분위기도 좋고 깨끗해요,0,0,0,0,1,0,0,41,분위기
naver,락희옥 마포본점,5266gy,30.0,2025.10.11,1번째 방문,영수증,분위기 넘 조용해서 이야기하기 좋아요! 직원분들도 넘 친절하시네요 맛있는 술 많고 안주 맛있습니다☺️💛,57,True,,,,분위기 넘 조용해서 이야기하기 좋아요! 직원분들도 넘 친절하시네요 맛있는 술 많고 안주 맛있습니다☺️💛,분위기 넘 조용해서 이야기하기 좋아요 EXCLAM 직원분들도 넘 친절하시네요 맛있는 술 많고 안주 맛있습니다 EMO_POS,1,0,0,0,1,0,0,57,"분위기, 조용"
kakao,옥동식 서교점,솔직한리뷰,22.0,2025-12-16,,,가끔 생각날 정도로 맛있게 먹은 국밥집이에요. 드셔보지 않은분은 꼭 방문을 추천드립니다. 특히 국밥을 좋아하신다면요. 돼지곰탕으로 그렇게 잡내없이 깔끔한 국물을 내신게 정말 경의롭습니다. 고기는 같이 내주시는 고추지에 찍어 먹으면 더 맛있습니다. 다만 웨이팅을 2시간씩 하실거라면 손님 없는 시간대 방문을 추천드립니다. 시간은 금이니까요!,189,True,5.0,4.0,실버 레벨,가끔 생각날 정도로 맛있게 먹은 국밥집이에요. 드셔보지 않은분은 꼭 방문을 추천드립니다. 특히 국밥을 좋아하신다면요. 돼지곰탕으로 그렇게 잡내없이 깔끔한 국물을 내신게 정말 경의롭습니다. 고기는 같이 내주시는 고추지에 찍어 먹으면 더 맛있습니다. 다만 웨이팅을 2시간씩 하실거라면 손님 없는 시간대 방문을 추천드립니다. 시간은 금이니까요!,가끔 생각날 정도로 맛있게 먹은 국밥집이에요 드셔보지 않은분은 꼭 방문을 추천드립니다 특히 국밥을 좋아하신다면요 돼지곰탕으로 그렇게 잡내없이 깔끔한 국물을 내신게 정말 경의롭습니다 고기는 같이 내주시는 고추지에 찍어 먹으면 더 맛있습니다 다만 웨이팅을 2시간씩 하실거라면 손님 없는 시간대 방문을 추천드립니다 시간은 금이니까요 EXCLAM,0,0,0,0,1,0,1,189,깔끔
kakao,이태리국시 성수,윤은진,1.0,2026-03-30,,,분위기도 좋고 메뉴도 너무 맛있었습니다 ^^ 삼계리조또도 시켰는데 사진도 안찍고 다 먹어바렸네요. 다음에 또 와야겠어요!,67,True,5.0,5.0,브론즈 레벨,분위기도 좋고 메뉴도 너무 맛있었습니다 ^^ 삼계리조또도 시켰는데 사진도 안찍고 다 먹어바렸네요. 다음에 또 와야겠어요!,분위기도 좋고 메뉴도 너무 맛있었습니다 삼계리조또도 시켰는데 사진도 안찍고 다 먹어바렸네요 다음에 또 와야겠어요 EXCLAM,0,0,0,0,1,0,0,67,분위기
naver,조선시대,헬로지니14,42.0,2026.04.11,1번째 방문,영수증,한우 대창 목살 전골 먹었습니다!!!! 안주가 되게 맛있고 분위기가 좋아요~,42,True,,,,한우 대창 목살 전골 먹었습니다!!!! 안주가 되게 맛있고 분위기가 좋아요~,한우 대창 목살 전골 먹었습니다 EXCLAM 안주가 되게 맛있고 분위기가 좋아요,0,0,0,0,1,0,0,42,분위기
naver,이태리국시 성수,yew****,27.0,2026.05.01,1번째 방문,영수증,데이트하기 너무 좋을 거 같고 음식들도 다 맛있었어요!! 미리 예약하고 오시는 걸 추천드립니다! 해지고 오면 더 좋을 거 같아요ㅎㅎ,73,True,,,,데이트하기 너무 좋을 거 같고 음식들도 다 맛있었어요!! 미리 예약하고 오시는 걸 추천드립니다! 해지고 오면 더 좋을 거 같아요ㅎㅎ,데이트하기 너무 좋을 거 같고 음식들도 다 맛있었어요 EXCLAM 미리 예약하고 오시는 걸 추천드립니다 EXCLAM 해지고 오면 더 좋을 거 같아요,0,0,0,0,1,0,0,73,데이트
naver,육산장 홍대본점,과감한스페이스,14.0,2026.04.11,1번째 방문,영수증,"홍대 육산장 다녀왔어요🔥 고기 퀄리티도 좋고 전체적으로 깔끔해서 기분 좋게 먹고 왔어요! 양도 생각보다 넉넉해서 배부르게 먹었네요ㅎㅎ 직원분들도 친절하셔서 편하게 식사할 수 있었고, 홍대에서 고기 먹고 싶을 때 다시 방문할 것 같아요👍",131,True,,,,"홍대 육산장 다녀왔어요🔥 고기 퀄리티도 좋고 전체적으로 깔끔해서 기분 좋게 먹고 왔어요! 양도 생각보다 넉넉해서 배부르게 먹었네요ㅎㅎ 직원분들도 친절하셔서 편하게 식사할 수 있었고, 홍대에서 고기 먹고 싶을 때 다시 방문할 것 같아요👍",홍대 육산장 다녀왔어요 EMO_POS 고기 퀄리티도 좋고 전체적으로 깔끔해서 기분 좋게 먹고 왔어요 EXCLAM 양도 생각보다 넉넉해서 배부르게 먹었네요 직원분들도 친절하셔서 편하게 식사할 수 있었고 홍대에서 고기 먹고 싶을 때 다시 방문할 것 같아요 EMO_POS,1,0,0,0,1,0,0,131,깔끔
kakao,육산장 홍대본점,조종수,1.0,2026-03-01,,,고기가 맛있었고 분위기도 캠핑 분위기같아서 아늑하고 좋았네요!!강추합니다 글구 직원분도 친절하셔서 좋았습니다 리뷰 이벤트로 김치찌개와 콘치즈도 먹을수있으니 다들 시도해보시길💖,97,True,5.0,5.0,브론즈 레벨,고기가 맛있었고 분위기도 캠핑 분위기같아서 아늑하고 좋았네요!!강추합니다 글구 직원분도 친절하셔서 좋았습니다 리뷰 이벤트로 김치찌개와 콘치즈도 먹을수있으니 다들 시도해보시길💖,고기가 맛있었고 분위기도 캠핑 분위기같아서 아늑하고 좋았네요 EXCLAM 강추합니다 글구 직원분도 친절하셔서 좋았습니다 리뷰 이벤트로 김치찌개와 콘치즈도 먹을수있으니 다들 시도해보시길 EMO_POS,1,0,0,0,1,0,0,97,분위기
naver,조선시대,정이든37,9.0,2026.04.25,1번째 방문,영수증,분위기 너무 좋고 안주도 맛있어요~~,20,True,,,,분위기 너무 좋고 안주도 맛있어요~~,분위기 너무 좋고 안주도 맛있어요 TILDE,0,0,0,0,0,0,0,20,분위기
naver,금금 성수점,gah****,75.0,2026.04.25,1번째 방문,영수증,메뉴가 특색 있었고 한끼 깔끔하게 먹기 좋아요. 요즘 친구들이 좋아하는 달달한 맛이네요.,49,True,,,,메뉴가 특색 있었고 한끼 깔끔하게 먹기 좋아요. 요즘 친구들이 좋아하는 달달한 맛이네요.,메뉴가 특색 있었고 한끼 깔끔하게 먹기 좋아요 요즘 친구들이 좋아하는 달달한 맛이네요,0,0,0,0,0,0,0,49,깔끔
naver,소문난성수감자탕,파이어멜론,558.0,2025.10.02,1번째 방문,영수증,항상 웨이팅있었는데 이날따라 자리가 남더라구요? 그래서 바로 입장해서 처음 먹어봤어요. 인기가 워낙많아서 한번쯤 먹어보고 싶었거든요. 감자탕이나 뼈해장국을 다른 매장에서도 많이먹어본 사람으로써! 일단 소스 장이 맛있어요. 양파랑 고추가 같이 썰려있어서 맛나네요. 그리고 고기가 되게 부드러워요. 퍽퍽한 부분이 많지않아서 맛있게 먹었습니다! 탕이 있고 뚝배기가 있는데 여자둘이서 탕 (소) 시키니까 양이 넘많았어요.. ㅎㅎ 탕이랑 뚝배기는 고기양과 볶음밥을 할수있고없고 차이래요. 근데 볶음밥은 별로였어요.. 그냥 밥 맛.. 맛있긴한데 굳이 웨이팅할 정도는 전혀아니에요! 담에 오게되면 뚝배기로 먹어볼게요~ (근데 중국인손님이 되게많네요),356,True,,,,항상 웨이팅있었는데 이날따라 자리가 남더라구요? 그래서 바로 입장해서 처음 먹어봤어요. 인기가 워낙많아서 한번쯤 먹어보고 싶었거든요. 감자탕이나 뼈해장국을 다른 매장에서도 많이먹어본 사람으로써! 일단 소스 장이 맛있어요. 양파랑 고추가 같이 썰려있어서 맛나네요. 그리고 고기가 되게 부드러워요. 퍽퍽한 부분이 많지않아서 맛있게 먹었습니다! 탕이 있고 뚝배기가 있는데 여자둘이서 탕 (소) 시키니까 양이 넘많았어요.. ㅎㅎ 탕이랑 뚝배기는 고기양과 볶음밥을 할수있고없고 차이래요. 근데 볶음밥은 별로였어요.. 그냥 밥 맛.. 맛있긴한데 굳이 웨이팅할 정도는 전혀아니에요! 담에 오게되면 뚝배기로 먹어볼게요~ (근데 중국인손님이 되게많네요),항상 웨이팅있었는데 이날따라 자리가 남더라구요 QUESTION 그래서 바로 입장해서 처음 먹어봤어요 인기가 워낙많아서 한번쯤 먹어보고 싶었거든요 감자탕이나 뼈해장국을 다른 매장에서도 많이먹어본 사람으로써 EXCLAM 일단 소스 장이 맛있어요 양파랑 고추가 같이 썰려있어서 맛나네요 그리고 고기가 되게 부드러워요 퍽퍽한 부분이 많지않아서 맛있게 먹었습니다 EXCLAM 탕이 있고 뚝배기가 있는데 여자둘이서 탕 소 시키니까 양이 넘많았어요 탕이랑 뚝배기는 고기양과 볶음밥을 할수있고없고 차이래요 근데 볶음밥은 별로였어요 그냥 밥 맛 맛있긴한데 굳이 웨이팅할 정도는 전혀아니에요 EXCLAM 담에 오게되면 뚝배기로 먹어볼게요 근데 중국인손님이 되게많네요,0,0,0,0,1,1,0,356,"매장, 자리"
kakao,쭌곱창,정영훈,1.0,2025-05-10,,,양도 많고 정말 맛있어요!! 분위기도 좋아요,24,True,5.0,5.0,브론즈 레벨,양도 많고 정말 맛있어요!! 분위기도 좋아요,양도 많고 정말 맛있어요 EXCLAM 분위기도 좋아요,0,0,0,0,1,0,0,24,분위기
naver,마포양지설렁탕,달면뱉는여자,1116.0,2025.12.13,20번째 방문,영수증,"양지의 계절입니다🙂 도가니탕 꼬리곰탕 포장했어요. 김치 이렇게 많이주셔도 되나 싶을정도로 알차게 챙겨주십니다. 도가니, 꼬리, 국물많-이 포장 집에와서 맛있게 잘 먹었습니다. 국물 너무 깔끔해요.",109,True,,,,"양지의 계절입니다🙂 도가니탕 꼬리곰탕 포장했어요. 김치 이렇게 많이주셔도 되나 싶을정도로 알차게 챙겨주십니다. 도가니, 꼬리, 국물많-이 포장 집에와서 맛있게 잘 먹었습니다. 국물 너무 깔끔해요.",양지의 계절입니다 EMO_POS 도가니탕 꼬리곰탕 포장했어요 김치 이렇게 많이주셔도 되나 싶을정도로 알차게 챙겨주십니다 도가니 꼬리 국물많 이 포장 집에와서 맛있게 잘 먹었습니다 국물 너무 깔끔해요,1,0,0,0,0,0,0,109,깔끔
naver,락희옥 마포본점,썬탠한백조,11.0,2025.09.16,1번째 방문,영수증,"여기는 오래 전부터 좋아했던 집인데 오랜만에 찾아왔어요. 여전히 음식이 신선하고 맛있네요. 주류 주문 강요 없어서 맛있게 한끼 식사하기에도 좋구요, 콜키지 무제한 무료여서 술자리 하기에도 너무너무 좋은 곳입니다. 그리고 늦게까지 영업해주셔서 저같이 퇴근 늦게하는 사람들에게는 소중한 곳입니다. 오늘 먹은 보쌈은 잡내가 하나도 안 나고 쫄깃해서 정말 맛있게 먹었고요 곁들여 나오는 묵은지도 최고 맛도리네요!!",227,True,,,,"여기는 오래 전부터 좋아했던 집인데 오랜만에 찾아왔어요. 여전히 음식이 신선하고 맛있네요. 주류 주문 강요 없어서 맛있게 한끼 식사하기에도 좋구요, 콜키지 무제한 무료여서 술자리 하기에도 너무너무 좋은 곳입니다. 그리고 늦게까지 영업해주셔서 저같이 퇴근 늦게하는 사람들에게는 소중한 곳입니다. 오늘 먹은 보쌈은 잡내가 하나도 안 나고 쫄깃해서 정말 맛있게 먹었고요 곁들여 나오는 묵은지도 최고 맛도리네요!!",여기는 오래 전부터 좋아했던 집인데 오랜만에 찾아왔어요 여전히 음식이 신선하고 맛있네요 주류 주문 강요 없어서 맛있게 한끼 식사하기에도 좋구요 콜키지 무제한 무료여서 술자리 하기에도 너무너무 좋은 곳입니다 그리고 늦게까지 영업해주셔서 저같이 퇴근 늦게하는 사람들에게는 소중한 곳입니다 오늘 먹은 보쌈은 잡내가 하나도 안 나고 쫄깃해서 정말 맛있게 먹었고요 곁들여 나오는 묵은지도 최고 맛도리네요 EXCLAM,0,0,0,0,1,0,0,227,자리
kakao,장인닭갈비 홍대점,김민정,26.0,2026-03-23,,,제가 덝갈비도 좋아해서 종종 먹으러 더니는데 장인닭갈비 홍대점은 내부가 깔끔해서 되게 편안하게 먹을 수 있었는데 닭갈비도 양념이 너무 맛있오서 최근에 먹은 닭갈비 즁에서 제일 맛있게 먹었던 거 같고요 닭 자체가 엄청 쫄깃한 식감이라서 더 맛있게 먹고 왔어요,143,False,5.0,5.0,실버 레벨,제가 덝갈비도 좋아해서 종종 먹으러 더니는데 장인닭갈비 홍대점은 내부가 깔끔해서 되게 편안하게 먹을 수 있었는데 닭갈비도 양념이 너무 맛있오서 최근에 먹은 닭갈비 즁에서 제일 맛있게 먹었던 거 같고요 닭 자체가 엄청 쫄깃한 식감이라서 더 맛있게 먹고 왔어요,제가 덝갈비도 좋아해서 종종 먹으러 더니는데 장인닭갈비 홍대점은 내부가 깔끔해서 되게 편안하게 먹을 수 있었는데 닭갈비도 양념이 너무 맛있오서 최근에 먹은 닭갈비 즁에서 제일 맛있게 먹었던 거 같고요 닭 자체가 엄청 쫄깃한 식감이라서 더 맛있게 먹고 왔어요,0,0,0,0,0,0,0,143,"내부, 깔끔"
kakao,황금콩밭,미식가그로밋,271.0,2025-03-07,,,서울시 마포구 두부전골이 아주 맛있고 매장도 넓고 친절하십니다,34,False,4.0,4.0,골드 레벨,서울시 마포구 두부전골이 아주 맛있고 매장도 넓고 친절하십니다,서울시 마포구 두부전골이 아주 맛있고 매장도 넓고 친절하십니다,0,0,0,0,0,0,0,34,"매장, 넓"
naver,이태리국시 성수,papuri,16.0,2026.05.03,1번째 방문,영수증,"여자친구와 방문했습니다. 일단 음식도 다양하고 너무 맛있네요! 매장도 엄청 넓고, 분위기도 아늑하니 좋아요! 다음에 또 방문할게요",72,True,,,,"여자친구와 방문했습니다. 일단 음식도 다양하고 너무 맛있네요! 매장도 엄청 넓고, 분위기도 아늑하니 좋아요! 다음에 또 방문할게요",여자친구와 방문했습니다 일단 음식도 다양하고 너무 맛있네요 EXCLAM 매장도 엄청 넓고 분위기도 아늑하니 좋아요 EXCLAM 다음에 또 방문할게요,0,0,0,0,1,0,0,72,"분위기, 매장, 넓"
naver,조선시대,KimLatte,767.0,2025.12.13,1번째 방문,예약,외국에서 친구들이 놀러와서 와봤는데 역시 분위기며 전통주며 최고였어요!!😆 친구들도 다 맘에들어하고 저도 뿌듯하네요 ㅎㅎ,67,True,,,,외국에서 친구들이 놀러와서 와봤는데 역시 분위기며 전통주며 최고였어요!!😆 친구들도 다 맘에들어하고 저도 뿌듯하네요 ㅎㅎ,외국에서 친구들이 놀러와서 와봤는데 역시 분위기며 전통주며 최고였어요 EXCLAM EMO_POS 친구들도 다 맘에들어하고 저도 뿌듯하네요,1,0,0,0,1,0,0,67,분위기
naver,을밀대 평양냉면,초초는먹보,1801.0,2026.01.12,1번째 방문,영수증,평양냉면 먹어본 중에 면이 가장 쫄깃하고 육향이 입안에 돌면서 감칠맛이 좋아요! 살얼음 띄운 차가운 냉면은 겨울에 먹어야 제맛!! 밖에서 보는것보다 매장내부가 깔끔하고 좌석도 많아요 주차는 가게 앞이 아니라 뒷쪽 주차장이 있었고 재방문 할것이냐 물어보면 yes!!! 다음엔 국밥도 먹어보고싶어요 ㅎㅎ,167,True,,,,평양냉면 먹어본 중에 면이 가장 쫄깃하고 육향이 입안에 돌면서 감칠맛이 좋아요! 살얼음 띄운 차가운 냉면은 겨울에 먹어야 제맛!! 밖에서 보는것보다 매장내부가 깔끔하고 좌석도 많아요 주차는 가게 앞이 아니라 뒷쪽 주차장이 있었고 재방문 할것이냐 물어보면 yes!!! 다음엔 국밥도 먹어보고싶어요 ㅎㅎ,평양냉면 먹어본 중에 면이 가장 쫄깃하고 육향이 입안에 돌면서 감칠맛이 좋아요 EXCLAM 살얼음 띄운 차가운 냉면은 겨울에 먹어야 제맛 EXCLAM 밖에서 보는것보다 매장내부가 깔끔하고 좌석도 많아요 주차는 가게 앞이 아니라 뒷쪽 주차장이 있었고 재방문 할것이냐 물어보면 yes EXCLAM 다음엔 국밥도 먹어보고싶어요,0,0,0,0,1,0,0,167,"매장, 내부, 깔끔, 주차"
kakao,능동미나리 성수점,.,306.0,2025-03-23,,,왜 테이블링 없앴어요;;,13,False,5.0,2.7,골드 레벨,왜 테이블링 없앴어요;;,왜 테이블링 없앴어요,0,0,0,0,0,0,0,13,테이블
kakao,육산장 홍대본점,김나연,1.0,2026-04-12,,,분위기 너무 좋네요~~ 고기도 맛나구요 야장 고기는 여기로~~,34,True,5.0,5.0,브론즈 레벨,분위기 너무 좋네요~~ 고기도 맛나구요 야장 고기는 여기로~~,분위기 너무 좋네요 TILDE 고기도 맛나구요 야장 고기는 여기로 TILDE,0,0,0,0,0,0,0,34,분위기
naver,육산장 홍대본점,lee****,33.0,2025.12.19,1번째 방문,영수증,홍대에서 캠핑 감성 가득 한 끼 먹을 수 있는 곳이에요! 🏮 내부 자리와 외부 자리로 나뉘어 있는데 외부도 히터와 비닐문으로 되어 있어서 따뜻하게 즐길 수 있어요 🔥 고기도 완전 맛있고 옥수수까지 주다니 너무 가성비 아닌가요!!🥩🥩 매장도 넓어서 모임 하기도 좋은 홍대 맛집 육산장 추천드려요 🫶,165,True,,,,홍대에서 캠핑 감성 가득 한 끼 먹을 수 있는 곳이에요! 🏮 내부 자리와 외부 자리로 나뉘어 있는데 외부도 히터와 비닐문으로 되어 있어서 따뜻하게 즐길 수 있어요 🔥 고기도 완전 맛있고 옥수수까지 주다니 너무 가성비 아닌가요!!🥩🥩 매장도 넓어서 모임 하기도 좋은 홍대 맛집 육산장 추천드려요 🫶,홍대에서 캠핑 감성 가득 한 끼 먹을 수 있는 곳이에요 EXCLAM 내부 자리와 외부 자리로 나뉘어 있는데 외부도 히터와 비닐문으로 되어 있어서 따뜻하게 즐길 수 있어요 EMO_POS 고기도 완전 맛있고 옥수수까지 주다니 너무 가성비 아닌가요 EXCLAM 매장도 넓어서 모임 하기도 좋은 홍대 맛집 육산장 추천드려요,1,0,0,0,1,0,0,165,"매장, 내부, 자리, 넓"
kakao,육산장 홍대본점,이도은,4.0,2025-05-30,,,전맛탱입니다 분위기 개좋고 직원분들도 친절해용!!,27,True,5.0,5.0,브론즈 레벨,전맛탱입니다 분위기 개좋고 직원분들도 친절해용!!,전맛탱입니다 분위기 개좋고 직원분들도 친절해용 EXCLAM,0,0,0,0,1,0,0,27,분위기
kakao,육산장 홍대본점,원영인,1.0,2025-08-23,,,매장 분위기도 너무 좋고 고기도 너무 맛있어요!!!,28,True,5.0,5.0,브론즈 레벨,매장 분위기도 너무 좋고 고기도 너무 맛있어요!!!,매장 분위기도 너무 좋고 고기도 너무 맛있어요 EXCLAM,0,0,0,0,1,0,0,28,"분위기, 매장"
naver,옥동식,강과장90,131.0,2025.11.12,1번째 방문,예약,약간 추운날 뜨뜻한 국물이 먹고 싶어서 인터넷에서 찾아서 갔다왔습니다. 일 끝나고 갔는데 30분 조금 넘게 대기했어요 첫 느낌은 조용하고 매장이 작습니다 음식은 깔끔하고 담백해요 김치가 정말 맛있습니다. 음식은 맛있는데 회전율이 빠른편은 아니예요,137,True,,,,약간 추운날 뜨뜻한 국물이 먹고 싶어서 인터넷에서 찾아서 갔다왔습니다. 일 끝나고 갔는데 30분 조금 넘게 대기했어요 첫 느낌은 조용하고 매장이 작습니다 음식은 깔끔하고 담백해요 김치가 정말 맛있습니다. 음식은 맛있는데 회전율이 빠른편은 아니예요,약간 추운날 뜨뜻한 국물이 먹고 싶어서 인터넷에서 찾아서 갔다왔습니다 일 끝나고 갔는데 30분 조금 넘게 대기했어요 첫 느낌은 조용하고 매장이 작습니다 음식은 깔끔하고 담백해요 김치가 정말 맛있습니다 음식은 맛있는데 회전율이 빠른편은 아니예요,0,0,0,0,0,0,1,137,"매장, 깔끔, 조용"
naver,일등식당,소낙비8198,94.0,2025.05.22,1번째 방문,예약,성시경먹을텐데. 평일 오전 대기없이 입장이었으나 거의만석.주차x. 걸쭉하기보다 맑은 편인 국물이 간도 적당하고 손이 자꾸 가게한다. 전에 소개된 서부감자국과 비슷한 느낌. 오래 고와서인지 뼈가 조각조각 분리되어 먹기 편하고 양도 많음. 1인 특 추천.5.0,143,False,,,,성시경먹을텐데. 평일 오전 대기없이 입장이었으나 거의만석.주차x. 걸쭉하기보다 맑은 편인 국물이 간도 적당하고 손이 자꾸 가게한다. 전에 소개된 서부감자국과 비슷한 느낌. 오래 고와서인지 뼈가 조각조각 분리되어 먹기 편하고 양도 많음. 1인 특 추천.5.0,성시경먹을텐데 평일 오전 대기없이 입장이었으나 거의만석 주차x 걸쭉하기보다 맑은 편인 국물이 간도 적당하고 손이 자꾸 가게한다 전에 소개된 서부감자국과 비슷한 느낌 오래 고와서인지 뼈가 조각조각 분리되어 먹기 편하고 양도 많음 1인 특 추천 5 0,0,0,0,0,0,0,1,143,주차
kakao,옥동식 서교점,sulsulsultv,475.0,2026-02-12,,,"3위 아직까지? 는 옥동식 ㅎ 포장으로 국물만 따로 먹으면 이상한 약맛이 난다 . 육수는 약한데 짠편이다 .식어가면서 짠맛과 신맛이 많이 올라온다 . 육수를 밥과 수육을 같이 먹으면 약맛은 덜하나 신맛은 식을수록 쎄진다 . 육향이 강한 수육은 옥동식만의 매력이 있다 . 1위 쌍림동 서울곰탕 차원이 다른맛 그냥 보약이다 . 2위 황학1779 육수가 더 진한데 라이트한 깔끔함. 1,2위가 강력하여 재방문은 없겠다 . 포장하지말고 매장에서 경험하는게 좋을듯",254,True,2.0,3.3,골드 레벨,"3위 아직까지? 는 옥동식 ㅎ 포장으로 국물만 따로 먹으면 이상한 약맛이 난다 . 육수는 약한데 짠편이다 .식어가면서 짠맛과 신맛이 많이 올라온다 . 육수를 밥과 수육을 같이 먹으면 약맛은 덜하나 신맛은 식을수록 쎄진다 . 육향이 강한 수육은 옥동식만의 매력이 있다 . 1위 쌍림동 서울곰탕 차원이 다른맛 그냥 보약이다 . 2위 황학1779 육수가 더 진한데 라이트한 깔끔함. 1,2위가 강력하여 재방문은 없겠다 . 포장하지말고 매장에서 경험하는게 좋을듯",3위 아직까지 QUESTION 는 옥동식 포장으로 국물만 따로 먹으면 이상한 약맛이 난다 육수는 약한데 짠편이다 식어가면서 짠맛과 신맛이 많이 올라온다 육수를 밥과 수육을 같이 먹으면 약맛은 덜하나 신맛은 식을수록 쎄진다 육향이 강한 수육은 옥동식만의 매력이 있다 1위 쌍림동 서울곰탕 차원이 다른맛 그냥 보약이다 2위 황학1779 육수가 더 진한데 라이트한 깔끔함 1 2위가 강력하여 재방문은 없겠다 포장하지말고 매장에서 경험하는게 좋을듯,0,0,0,0,0,1,1,254,"매장, 깔끔"
naver,소문난성수감자탕,난고구마말랭이,107.0,2025.12.10,1번째 방문,예약,전에 남자친구랑 먹었을때 넘 맛있게 먹은 기억이 있어서 성수데이트 하다가 먹으러 왔어요 ㅎㅎ 항상 줄 긴데 운 좋게 바로 입장해서 맛있게 먹었습니다 ! 근데 진짜 관광객이 엄청난거 같아요 먹다가 해외여행 온 것 같았어요 ㅋㅋㅋ,126,True,,,,전에 남자친구랑 먹었을때 넘 맛있게 먹은 기억이 있어서 성수데이트 하다가 먹으러 왔어요 ㅎㅎ 항상 줄 긴데 운 좋게 바로 입장해서 맛있게 먹었습니다 ! 근데 진짜 관광객이 엄청난거 같아요 먹다가 해외여행 온 것 같았어요 ㅋㅋㅋ,전에 남자친구랑 먹었을때 넘 맛있게 먹은 기억이 있어서 성수데이트 하다가 먹으러 왔어요 항상 줄 긴데 운 좋게 바로 입장해서 맛있게 먹었습니다 EXCLAM 근데 진짜 관광객이 엄청난거 같아요 먹다가 해외여행 온 것 같았어요,0,0,0,0,1,0,0,126,데이트
naver,조선시대,혜연519,27.0,2025.12.06,1번째 방문,영수증,5명이 예약없이 왔는데 바로 입장할 수 있어서 좋았어요!! 개인적으로 전이 너무 맛있어요 완젼 강추🔥🔥🔥 분위기도 좋아서 맛있는 안주에 한 잔 하러 오실 분들 추천합니다~,95,True,,,,5명이 예약없이 왔는데 바로 입장할 수 있어서 좋았어요!! 개인적으로 전이 너무 맛있어요 완젼 강추🔥🔥🔥 분위기도 좋아서 맛있는 안주에 한 잔 하러 오실 분들 추천합니다~,5명이 예약없이 왔는데 바로 입장할 수 있어서 좋았어요 EXCLAM 개인적으로 전이 너무 맛있어요 완젼 강추 EMO_POS EMO_POS EMO_POS 분위기도 좋아서 맛있는 안주에 한 잔 하러 오실 분들 추천합니다,1,0,0,0,1,0,1,95,분위기
naver,장인닭갈비 홍대점,jib****,94.0,2025.09.04,13번째 방문,영수증,9월 되어서 처음 오는 “장인닭갈비 홍대점“ 자주 뵈는 모자 쓴 직원분은 어디가셨을까ㅎㅎ아 저기 계시네ㅋㅋ 점심 간단히 먹고 늦은 저녁 먹으러 왔댜 오늘은 1층 당첨ㅎㅎ 역시나 음식은 맛있고 분위기도 좋댜ㅎㅎ배불리 먹고 가요~! 내 리뷰 조회수는 점점 늘고 있다! 상위 1%가 되는 그날까지ㅎ,163,True,,,,9월 되어서 처음 오는 “장인닭갈비 홍대점“ 자주 뵈는 모자 쓴 직원분은 어디가셨을까ㅎㅎ아 저기 계시네ㅋㅋ 점심 간단히 먹고 늦은 저녁 먹으러 왔댜 오늘은 1층 당첨ㅎㅎ 역시나 음식은 맛있고 분위기도 좋댜ㅎㅎ배불리 먹고 가요~! 내 리뷰 조회수는 점점 늘고 있다! 상위 1%가 되는 그날까지ㅎ,9월 되어서 처음 오는 장인닭갈비 홍대점 자주 뵈는 모자 쓴 직원분은 어디가셨을까 아 저기 계시네 점심 간단히 먹고 늦은 저녁 먹으러 왔댜 오늘은 1층 당첨 역시나 음식은 맛있고 분위기도 좋댜 배불리 먹고 가요 EXCLAM 내 리뷰 조회수는 점점 늘고 있다 EXCLAM 상위 1 가 되는 그날까지,0,0,0,0,1,0,1,163,분위기
naver,이태리국시 성수,hermoseoy,24.0,2026.05.05,1번째 방문,영수증,남친이랑 오랜만에 성수와서 데이트하다가 여기 맛잇다 그래서 찾아왓는데 맛있엇구 분위기더 나쁘지 않아서 만족스럽게 식사하구 갓어용 다음에 가족들이랑 오거나 남친이랑 또 오고싶어졋어요 ! ☺️,105,True,,,,남친이랑 오랜만에 성수와서 데이트하다가 여기 맛잇다 그래서 찾아왓는데 맛있엇구 분위기더 나쁘지 않아서 만족스럽게 식사하구 갓어용 다음에 가족들이랑 오거나 남친이랑 또 오고싶어졋어요 ! ☺️,남친이랑 오랜만에 성수와서 데이트하다가 여기 맛잇다 그래서 찾아왓는데 맛있엇구 분위기더 나쁘지 않아서 만족스럽게 식사하구 갓어용 다음에 가족들이랑 오거나 남친이랑 또 오고싶어졋어요 EXCLAM,0,0,0,0,1,0,0,105,"분위기, 데이트"
kakao,육산장 홍대본점,정은,1.0,2025-02-10,,,너무 맛있고 분위기가 너무좋아요!!,19,False,5.0,5.0,브론즈 레벨,너무 맛있고 분위기가 너무좋아요!!,너무 맛있고 분위기가 너무좋아요 EXCLAM,0,0,0,0,1,0,0,19,분위기
naver,각시보쌈,JoRi,1122.0,2025.07.05,1번째 방문,영수증,각시정식 2인분... 정말 가성비 최고입니다👍👍👍 반찬도 깔끔하게 맛있었어요 합정 주변 밥집으로 대추천해용☺️,61,True,,,,각시정식 2인분... 정말 가성비 최고입니다👍👍👍 반찬도 깔끔하게 맛있었어요 합정 주변 밥집으로 대추천해용☺️,각시정식 2인분 정말 가성비 최고입니다 EMO_POS EMO_POS EMO_POS 반찬도 깔끔하게 맛있었어요 합정 주변 밥집으로 대추천해용,1,0,0,0,0,0,1,61,깔끔
kakao,장인닭갈비 홍대점,맛집이라구요?,317.0,2025-05-11,,,컵도 테이블도 청결하지 않고 관광지라 외국인 입맛에 맞춰서 그런지 순한맛은 진짜 순함 그리고 우동사리가 참 맛이 없습니다... 친절하지도 일처리가 빠르지도 않음,89,False,1.0,3.9,골드 레벨,컵도 테이블도 청결하지 않고 관광지라 외국인 입맛에 맞춰서 그런지 순한맛은 진짜 순함 그리고 우동사리가 참 맛이 없습니다... 친절하지도 일처리가 빠르지도 않음,컵도 테이블도 청결하지 않고 관광지라 외국인 입맛에 맞춰서 그런지 순한맛은 진짜 순함 그리고 우동사리가 참 맛이 없습니다 친절하지도 일처리가 빠르지도 않음,0,0,0,0,0,0,0,89,"테이블, 청결"
naver,금금 성수점,Qqqppp,28.0,2026.04.01,1번째 방문,영수증,문어비빔밥 향과 간이 너무 적절해서 좋았어요! 국수도 맛있었습니다! 내부가 넓진 않지만 분위기가 좋아서 종종 올 것 같습니다^^,71,True,,,,문어비빔밥 향과 간이 너무 적절해서 좋았어요! 국수도 맛있었습니다! 내부가 넓진 않지만 분위기가 좋아서 종종 올 것 같습니다^^,문어비빔밥 향과 간이 너무 적절해서 좋았어요 EXCLAM 국수도 맛있었습니다 EXCLAM 내부가 넓진 않지만 분위기가 좋아서 종종 올 것 같습니다,0,0,0,0,1,0,0,71,"분위기, 내부, 넓"
kakao,육지,김영웅,6.0,2026-04-26,,,"음식 맛과 별개로, 직원 교육이 상당히 미흡해 보입니다. 자리 착석 후 고기를 주문해서 나왔는데, 15분에서 20분 동안 고기를 방치하더라구요. 알아서 구워 먹을 수도 없었던게 철판도 없었고, 숯을 데우는 과정인 것 같았는데 이건 보통 따로 해놓고 손님 상에서 안하지 않나요? 그렇다고 양해 구하는 직원도 없었고, 주방과 가까운 자리였는데 오히려 일하기 싫다 및 비속어 쓰는 소리만 들려서 불쾌한 자리였어요. 고기 구워주실 때도, 집게를 거의 던지듯 내려놓고, 고기 굽는데 큰 소리로 오더 내리는게 위생적으로 그리고 앞에 있는 손님에게 옳은 행동일까요? 그리고 홀이 아닌 주방 마감이었는데, 옆 자리 치우면서 쓰레기 통을 자리 위에 두고 자리를 떠나고도 안 치우더라구요. 5점 후기가 많아서 갔는데. 다시 보니까 후기가 1,2개 달린 봇 계정들인지 모르겠네요. 다시 방문 의사 없고, 다른 분들도 후기에 속지 마시길 바랍니다. 합정에는 맛집 많으니까요",476,False,1.0,4.3,브론즈 레벨,"음식 맛과 별개로, 직원 교육이 상당히 미흡해 보입니다. 자리 착석 후 고기를 주문해서 나왔는데, 15분에서 20분 동안 고기를 방치하더라구요. 알아서 구워 먹을 수도 없었던게 철판도 없었고, 숯을 데우는 과정인 것 같았는데 이건 보통 따로 해놓고 손님 상에서 안하지 않나요? 그렇다고 양해 구하는 직원도 없었고, 주방과 가까운 자리였는데 오히려 일하기 싫다 및 비속어 쓰는 소리만 들려서 불쾌한 자리였어요. 고기 구워주실 때도, 집게를 거의 던지듯 내려놓고, 고기 굽는데 큰 소리로 오더 내리는게 위생적으로 그리고 앞에 있는 손님에게 옳은 행동일까요? 그리고 홀이 아닌 주방 마감이었는데, 옆 자리 치우면서 쓰레기 통을 자리 위에 두고 자리를 떠나고도 안 치우더라구요. 5점 후기가 많아서 갔는데. 다시 보니까 후기가 1,2개 달린 봇 계정들인지 모르겠네요. 다시 방문 의사 없고, 다른 분들도 후기에 속지 마시길 바랍니다. 합정에는 맛집 많으니까요",음식 맛과 별개로 직원 교육이 상당히 미흡해 보입니다 자리 착석 후 고기를 주문해서 나왔는데 15분에서 20분 동안 고기를 방치하더라구요 알아서 구워 먹을 수도 없었던게 철판도 없었고 숯을 데우는 과정인 것 같았는데 이건 보통 따로 해놓고 손님 상에서 안하지 않나요 QUESTION 그렇다고 양해 구하는 직원도 없었고 주방과 가까운 자리였는데 오히려 일하기 싫다 및 비속어 쓰는 소리만 들려서 불쾌한 자리였어요 고기 구워주실 때도 집게를 거의 던지듯 내려놓고 고기 굽는데 큰 소리로 오더 내리는게 위생적으로 그리고 앞에 있는 손님에게 옳은 행동일까요 QUESTION 그리고 홀이 아닌 주방 마감이었는데 옆 자리 치우면서 쓰레기 통을 자리 위에 두고 자리를 떠나고도 안 치우더라구요 5점 후기가 많아서 갔는데 다시 보니까 후기가 1 2개 달린 봇 계정들인지 모르겠네요 다시 방문 의사 없고 다른 분들도 후기에 속지 마시길 바랍니다 합정에는 맛집 많으니까요,0,0,0,0,0,1,1,476,"자리, 위생"
naver,이태리국시 성수,jih****,16.0,2026.05.09,1번째 방문,영수증,곱창파스타 먹으려고 방문한 이태리국시 성수점🍝 곱창이 질기지 않고 고소해서 파스타랑 조합이 진짜 잘 어울렸어요! 느끼하지도 않고 매콤한 맛이 은근 중독적이라 끝까지 맛있게 먹었습니다😋 매장 분위기도 깔끔하고 직원분들도 친절해서 기분 좋게 식사하고 왔어요. 성수에서 파스타 맛집 찾는다면 추천합니다!,166,True,,,,곱창파스타 먹으려고 방문한 이태리국시 성수점🍝 곱창이 질기지 않고 고소해서 파스타랑 조합이 진짜 잘 어울렸어요! 느끼하지도 않고 매콤한 맛이 은근 중독적이라 끝까지 맛있게 먹었습니다😋 매장 분위기도 깔끔하고 직원분들도 친절해서 기분 좋게 식사하고 왔어요. 성수에서 파스타 맛집 찾는다면 추천합니다!,곱창파스타 먹으려고 방문한 이태리국시 성수점 곱창이 질기지 않고 고소해서 파스타랑 조합이 진짜 잘 어울렸어요 EXCLAM 느끼하지도 않고 매콤한 맛이 은근 중독적이라 끝까지 맛있게 먹었습니다 EMO_POS 매장 분위기도 깔끔하고 직원분들도 친절해서 기분 좋게 식사하고 왔어요 성수에서 파스타 맛집 찾는다면 추천합니다 EXCLAM,1,0,0,0,1,0,0,166,"분위기, 매장, 깔끔"
naver,락희옥 마포본점,sssoh,39.0,2025.08.15,1번째 방문,영수증,너무 맛있어요! 매장 와서 먹으니까 더 맛있어요 ㅎㅎ 자주 방문할 것 같아요☺️,44,True,,,,너무 맛있어요! 매장 와서 먹으니까 더 맛있어요 ㅎㅎ 자주 방문할 것 같아요☺️,너무 맛있어요 EXCLAM 매장 와서 먹으니까 더 맛있어요 자주 방문할 것 같아요,0,0,0,0,1,0,0,44,매장
naver,금금 성수점,더치커피워터97,32.0,2026.04.05,1번째 방문,영수증,너무 맛있게 잘 먹었어요! 웨이팅도 길지 않아서 적극 추천드립니다! 캐치테이블도 가능해요~!,51,True,,,,너무 맛있게 잘 먹었어요! 웨이팅도 길지 않아서 적극 추천드립니다! 캐치테이블도 가능해요~!,너무 맛있게 잘 먹었어요 EXCLAM 웨이팅도 길지 않아서 적극 추천드립니다 EXCLAM 캐치테이블도 가능해요 EXCLAM,0,0,0,0,1,0,0,51,테이블
naver,옥동식,하예딩고미샤전국상위일프로리뷰어,1090.0,2025.12.30,1번째 방문,영수증,엥 진짜 겁나맛있음...... 곰탕 그렇게 안좋아하는데 너무 맛있어요.. 아침 8:30에 현장 캐치테이블 거니 2번이고 11시오픈하자마자 들어가서 먹엇어요! 내부 자리는 ㄱ자 바 형태고 10-12정도 자리있는것 같아요 너무너무 맛있어요 특히 김치가 경상도사람 향수자극하는 할머니김치맛이라 너무너무 좋음 고추지도 억지스러운 다데기아니고 고추속 그자체맛이 살아있는데 전반적으로 정말 깔끔하고 돼지 향이 구수한데 정말 깔끔하게 나요...... 일반 시켜도 고기가 정말 얇게 되게 많아서 보통양드시는 성인여자들 배터질듯요! 맛과 양에 비해 가격싼거같아요 김치만두도 저는 맛있었어요 잡내안나고 냉동아니라 진짜 촉촉하고 담백하고 너무 좋았어요 깔끔히 다 비우고 포장해왔습니다 행복한 한끼!!!!!!!!!!,388,True,,,,엥 진짜 겁나맛있음...... 곰탕 그렇게 안좋아하는데 너무 맛있어요.. 아침 8:30에 현장 캐치테이블 거니 2번이고 11시오픈하자마자 들어가서 먹엇어요! 내부 자리는 ㄱ자 바 형태고 10-12정도 자리있는것 같아요 너무너무 맛있어요 특히 김치가 경상도사람 향수자극하는 할머니김치맛이라 너무너무 좋음 고추지도 억지스러운 다데기아니고 고추속 그자체맛이 살아있는데 전반적으로 정말 깔끔하고 돼지 향이 구수한데 정말 깔끔하게 나요...... 일반 시켜도 고기가 정말 얇게 되게 많아서 보통양드시는 성인여자들 배터질듯요! 맛과 양에 비해 가격싼거같아요 김치만두도 저는 맛있었어요 잡내안나고 냉동아니라 진짜 촉촉하고 담백하고 너무 좋았어요 깔끔히 다 비우고 포장해왔습니다 행복한 한끼!!!!!!!!!!,엥 진짜 겁나맛있음 곰탕 그렇게 안좋아하는데 너무 맛있어요 아침 8 30에 현장 캐치테이블 거니 2번이고 11시오픈하자마자 들어가서 먹엇어요 EXCLAM 내부 자리는 자 바 형태고 10 12정도 자리있는것 같아요 너무너무 맛있어요 특히 김치가 경상도사람 향수자극하는 할머니김치맛이라 너무너무 좋음 고추지도 억지스러운 다데기아니고 고추속 그자체맛이 살아있는데 전반적으로 정말 깔끔하고 돼지 향이 구수한데 정말 깔끔하게 나요 일반 시켜도 고기가 정말 얇게 되게 많아서 보통양드시는 성인여자들 배터질듯요 EXCLAM 맛과 양에 비해 가격싼거같아요 김치만두도 저는 맛있었어요 잡내안나고 냉동아니라 진짜 촉촉하고 담백하고 너무 좋았어요 깔끔히 다 비우고 포장해왔습니다 행복한 한끼 EXCLAM,0,0,0,0,1,0,1,388,"내부, 자리, 테이블, 깔끔"
naver,옥동식,libra1978,3329.0,2025.06.10,13번째 방문,영수증,깔끔하고 단백한 맛~ 합정오면 생각나는 맛~ 맛있어요~,30,True,,,,깔끔하고 단백한 맛~ 합정오면 생각나는 맛~ 맛있어요~,깔끔하고 단백한 맛 합정오면 생각나는 맛 맛있어요,0,0,0,0,0,0,0,30,깔끔
naver,소문난성수감자탕,wm0****,9.0,2026.03.11,1번째 방문,영수증,"잡내나고 우유비린맛같은게 납니다 나오는 순서도 저희보다 늦게주문한 사람들이 끓여서 먹고있을때 저희꺼가 나오고요 기본오이는 말라서 먹기가 좀그렇더군요 그리고 직원분들이 자꾸 저희테이블아래 쓰레기통에 물건을 던져서 넣더군요 깨진 소주잔, 병뚜껑 등 참불쾌합니다 그럴꺼면 직원전용 쓰레기통을 만드세요 먹고있는데 자꾸 저희발옆 쓰레기통에 직원불들이 물건던지면 참 기분좋겠습니다 유명하다해서 갔는데 손님받기만바쁘지 잡내나고 쓰레기던지고 음식 늦게나오고 속도 좀안좋네요 밥처음 남겨봅니다 도저히 먹기가 힘듭니다",279,False,,,,"잡내나고 우유비린맛같은게 납니다 나오는 순서도 저희보다 늦게주문한 사람들이 끓여서 먹고있을때 저희꺼가 나오고요 기본오이는 말라서 먹기가 좀그렇더군요 그리고 직원분들이 자꾸 저희테이블아래 쓰레기통에 물건을 던져서 넣더군요 깨진 소주잔, 병뚜껑 등 참불쾌합니다 그럴꺼면 직원전용 쓰레기통을 만드세요 먹고있는데 자꾸 저희발옆 쓰레기통에 직원불들이 물건던지면 참 기분좋겠습니다 유명하다해서 갔는데 손님받기만바쁘지 잡내나고 쓰레기던지고 음식 늦게나오고 속도 좀안좋네요 밥처음 남겨봅니다 도저히 먹기가 힘듭니다",잡내나고 우유비린맛같은게 납니다 나오는 순서도 저희보다 늦게주문한 사람들이 끓여서 먹고있을때 저희꺼가 나오고요 기본오이는 말라서 먹기가 좀그렇더군요 그리고 직원분들이 자꾸 저희테이블아래 쓰레기통에 물건을 던져서 넣더군요 깨진 소주잔 병뚜껑 등 참불쾌합니다 그럴꺼면 직원전용 쓰레기통을 만드세요 먹고있는데 자꾸 저희발옆 쓰레기통에 직원불들이 물건던지면 참 기분좋겠습니다 유명하다해서 갔는데 손님받기만바쁘지 잡내나고 쓰레기던지고 음식 늦게나오고 속도 좀안좋네요 밥처음 남겨봅니다 도저히 먹기가 힘듭니다,0,0,0,0,0,0,0,279,테이블
kakao,홍대 조선시대,남지수,1.0,2026-03-14,,,대기가 조금 있었으나 맛있게 잘 먹었습니다 !! 분위기도 좋고 음식도 맛있어요!!,45,True,5.0,5.0,브론즈 레벨,대기가 조금 있었으나 맛있게 잘 먹었습니다 !! 분위기도 좋고 음식도 맛있어요!!,대기가 조금 있었으나 맛있게 잘 먹었습니다 EXCLAM 분위기도 좋고 음식도 맛있어요 EXCLAM,0,0,0,0,1,0,0,45,분위기
naver,훼미리손칼국수보쌈,연두연두두연두두두,107.0,2025.08.22,1번째 방문,영수증,늦은 점심시간에 갔는데도 웨이팅 있더라구요ㅠㅠ 근데 !!! 기다린만큼 알차고 넘 맛있었습니다 칼국수도 적절하고 수육고기 김치 다 최고에요 ㅎㅎㅎ 밥도 조금씩 주시는데 쌈 먹을때 잘어울려요 자리가 쫌 좁아 움직이는데 조금 불편하지만 그래도 먹느라 신경 안쓰여요 추천합니다,150,True,,,,늦은 점심시간에 갔는데도 웨이팅 있더라구요ㅠㅠ 근데 !!! 기다린만큼 알차고 넘 맛있었습니다 칼국수도 적절하고 수육고기 김치 다 최고에요 ㅎㅎㅎ 밥도 조금씩 주시는데 쌈 먹을때 잘어울려요 자리가 쫌 좁아 움직이는데 조금 불편하지만 그래도 먹느라 신경 안쓰여요 추천합니다,늦은 점심시간에 갔는데도 웨이팅 있더라구요 근데 EXCLAM 기다린만큼 알차고 넘 맛있었습니다 칼국수도 적절하고 수육고기 김치 다 최고에요 밥도 조금씩 주시는데 쌈 먹을때 잘어울려요 자리가 쫌 좁아 움직이는데 조금 불편하지만 그래도 먹느라 신경 안쓰여요 추천합니다,0,0,0,1,1,0,0,150,"자리, 좁"
kakao,육지,김진우,1.0,2025-11-02,,,목살 특히 너무 맛있고 솥밥하고 볶음밥 진짜 맛있어요 분위기도 너무 좋아요!!,43,False,5.0,5.0,브론즈 레벨,목살 특히 너무 맛있고 솥밥하고 볶음밥 진짜 맛있어요 분위기도 너무 좋아요!!,목살 특히 너무 맛있고 솥밥하고 볶음밥 진짜 맛있어요 분위기도 너무 좋아요 EXCLAM,0,0,0,0,1,0,0,43,분위기
naver,굴다리식당,쑴매,6.0,2025.06.06,1번째 방문,영수증,자리 앉을 때 메뉴에도 없는 제일 비싼 세트메뉴 줄까? 하시길래 처음부터 되게 쎄했습니다. 저희가 메뉴판 보기도 전에 어떻게든 더 비싼 메뉴를 추천하시더라고요. 그래서 그냥 김찌 2개 시켰는데 끝물 김치 걸린 건가요..? 김찌 너무 셔서 못 먹을 정도로 맛 최악이었습니다. 그리고 김찌 2개 값 이만원 아니고 김치 1개 제육 1개 값 이만이천원으로 계산하셨던 것도 실수셨겠지만 그냥 처음부터 끝까지 서비스 별로였어요. 안에 연예인들 싸인 많길래 믿고 들어갔는데 두번 다시 가고 싶지 않네요. 웬만한 거 정말 다 잘 먹는 잡식성 사람인데도 불구하고 인상 쓰게 만드는 신맛이었습니다.,324,False,,,,자리 앉을 때 메뉴에도 없는 제일 비싼 세트메뉴 줄까? 하시길래 처음부터 되게 쎄했습니다. 저희가 메뉴판 보기도 전에 어떻게든 더 비싼 메뉴를 추천하시더라고요. 그래서 그냥 김찌 2개 시켰는데 끝물 김치 걸린 건가요..? 김찌 너무 셔서 못 먹을 정도로 맛 최악이었습니다. 그리고 김찌 2개 값 이만원 아니고 김치 1개 제육 1개 값 이만이천원으로 계산하셨던 것도 실수셨겠지만 그냥 처음부터 끝까지 서비스 별로였어요. 안에 연예인들 싸인 많길래 믿고 들어갔는데 두번 다시 가고 싶지 않네요. 웬만한 거 정말 다 잘 먹는 잡식성 사람인데도 불구하고 인상 쓰게 만드는 신맛이었습니다.,자리 앉을 때 메뉴에도 없는 제일 비싼 세트메뉴 줄까 QUESTION 하시길래 처음부터 되게 쎄했습니다 저희가 메뉴판 보기도 전에 어떻게든 더 비싼 메뉴를 추천하시더라고요 그래서 그냥 김찌 2개 시켰는데 끝물 김치 걸린 건가요 QUESTION 김찌 너무 셔서 못 먹을 정도로 맛 최악이었습니다 그리고 김찌 2개 값 이만원 아니고 김치 1개 제육 1개 값 이만이천원으로 계산하셨던 것도 실수셨겠지만 그냥 처음부터 끝까지 서비스 별로였어요 안에 연예인들 싸인 많길래 믿고 들어갔는데 두번 다시 가고 싶지 않네요 웬만한 거 정말 다 잘 먹는 잡식성 사람인데도 불구하고 인상 쓰게 만드는 신맛이었습니다,0,0,0,0,0,1,1,324,자리
naver,을밀대 평양냉면,hewpqlff1,8.0,2026.04.16,1번째 방문,영수증,"​평소 혼자서도 자주 찾던 단골집인데, 오늘 서비스는 정말 최악이었습니다. 성수기라 바쁜 건 이해하지만 인원수에 따른 서비스 차별이 너무 노골적이네요. ​주문을 받을 때나 음식을 주실 때 대꾸 한마디 없이 툭툭 던지고 가셔서 식사 전부터 무척 불쾌했습니다. 정작 옆 테이블 다인원 손님들에게는 웃으며 친절히 인사하시는 모습을 보니, 혼자 온 손님은 눈치를 주는 건가 싶어 어처구니가 없더군요. ​믿고 찾던 을밀대였는데 서비스는 물론 맛까지 예전만 못해 정말 속상합니다. 1인 손님을 홀대하는 태도에 큰 실망을 느껴 이제는 다시 방문하지 않을 것 같습니다",309,False,,,,"​평소 혼자서도 자주 찾던 단골집인데, 오늘 서비스는 정말 최악이었습니다. 성수기라 바쁜 건 이해하지만 인원수에 따른 서비스 차별이 너무 노골적이네요. ​주문을 받을 때나 음식을 주실 때 대꾸 한마디 없이 툭툭 던지고 가셔서 식사 전부터 무척 불쾌했습니다. 정작 옆 테이블 다인원 손님들에게는 웃으며 친절히 인사하시는 모습을 보니, 혼자 온 손님은 눈치를 주는 건가 싶어 어처구니가 없더군요. ​믿고 찾던 을밀대였는데 서비스는 물론 맛까지 예전만 못해 정말 속상합니다. 1인 손님을 홀대하는 태도에 큰 실망을 느껴 이제는 다시 방문하지 않을 것 같습니다",평소 혼자서도 자주 찾던 단골집인데 오늘 서비스는 정말 최악이었습니다 성수기라 바쁜 건 이해하지만 인원수에 따른 서비스 차별이 너무 노골적이네요 주문을 받을 때나 음식을 주실 때 대꾸 한마디 없이 툭툭 던지고 가셔서 식사 전부터 무척 불쾌했습니다 정작 옆 테이블 다인원 손님들에게는 웃으며 친절히 인사하시는 모습을 보니 혼자 온 손님은 눈치를 주는 건가 싶어 어처구니가 없더군요 믿고 찾던 을밀대였는데 서비스는 물론 맛까지 예전만 못해 정말 속상합니다 1인 손님을 홀대하는 태도에 큰 실망을 느껴 이제는 다시 방문하지 않을 것 같습니다,0,0,0,0,0,0,1,309,테이블
kakao,훼미리손칼국수보쌈,holywaters,34.0,2025-11-26,,,비위생적인 느낌. 도떼기 시장같은 분위기. 두번 다시 가고 싶지 않음.,39,False,1.0,3.1,실버 레벨,비위생적인 느낌. 도떼기 시장같은 분위기. 두번 다시 가고 싶지 않음.,비위생적인 느낌 도떼기 시장같은 분위기 두번 다시 가고 싶지 않음,0,0,0,0,0,0,0,39,"분위기, 위생"
naver,보끔당 성수점,하오햐,76.0,2026.04.02,1번째 방문,영수증,"복잡한 성수동 메인 거리에서 아주 가깝게 위치에 있고, 편하게 먹었습니다. 세트로 먹었는데 아주 알찬 구성으로 되어 있었고, 맛 또한 신선하고 맛있어서 즐겁게 먹었습니다. 닭볶음탕도 맛있지만, 참치 주먹밥이 진짜 맛 도리 입니다. 꼭 시켜 드세요.",138,True,,,,"복잡한 성수동 메인 거리에서 아주 가깝게 위치에 있고, 편하게 먹었습니다. 세트로 먹었는데 아주 알찬 구성으로 되어 있었고, 맛 또한 신선하고 맛있어서 즐겁게 먹었습니다. 닭볶음탕도 맛있지만, 참치 주먹밥이 진짜 맛 도리 입니다. 꼭 시켜 드세요.",복잡한 성수동 메인 거리에서 아주 가깝게 위치에 있고 편하게 먹었습니다 세트로 먹었는데 아주 알찬 구성으로 되어 있었고 맛 또한 신선하고 맛있어서 즐겁게 먹었습니다 닭볶음탕도 맛있지만 참치 주먹밥이 진짜 맛 도리 입니다 꼭 시켜 드세요,0,0,0,0,0,0,0,138,위치
kakao,이태리국시 성수,오채은,1.0,2026-04-01,,,친구랑 놀러왔다가 발견했습니다!! 매장 분위기도 좋고 음식도 맛있어서 추천드려요,44,True,5.0,5.0,브론즈 레벨,친구랑 놀러왔다가 발견했습니다!! 매장 분위기도 좋고 음식도 맛있어서 추천드려요,친구랑 놀러왔다가 발견했습니다 EXCLAM 매장 분위기도 좋고 음식도 맛있어서 추천드려요,0,0,0,0,1,0,0,44,"분위기, 매장"
naver,이태리국시 성수,새싹ㅇ2,5.0,2026.04.04,1번째 방문,영수증,날이 너무 좋아서 벚꽃나들이 왔다가 양식먹으러 이태리 국시로 왔어요!!🌸 가게 분위기도 너무 좋고 깔끔한 매장이라서 부모님과 식사하기도 너무 좋았어요✨ 대창돌솥파스타는 대창이 엄청 토실토실하고 안에도 양념이 베어있어서 정말 고소하고 맛있어요! 느끼할것 같아보이지만 양념과먹으면 하나도 느끼하지않고 맛있어요😊 피자도 너무너무 추천드립니다!,188,True,,,,날이 너무 좋아서 벚꽃나들이 왔다가 양식먹으러 이태리 국시로 왔어요!!🌸 가게 분위기도 너무 좋고 깔끔한 매장이라서 부모님과 식사하기도 너무 좋았어요✨ 대창돌솥파스타는 대창이 엄청 토실토실하고 안에도 양념이 베어있어서 정말 고소하고 맛있어요! 느끼할것 같아보이지만 양념과먹으면 하나도 느끼하지않고 맛있어요😊 피자도 너무너무 추천드립니다!,날이 너무 좋아서 벚꽃나들이 왔다가 양식먹으러 이태리 국시로 왔어요 EXCLAM 가게 분위기도 너무 좋고 깔끔한 매장이라서 부모님과 식사하기도 너무 좋았어요 EMO_POS 대창돌솥파스타는 대창이 엄청 토실토실하고 안에도 양념이 베어있어서 정말 고소하고 맛있어요 EXCLAM 느끼할것 같아보이지만 양념과먹으면 하나도 느끼하지않고 맛있어요 EMO_POS 피자도 너무너무 추천드립니다 EXCLAM,1,0,0,0,1,0,0,188,"분위기, 매장, 깔끔"
naver,태양곱창 성수점,dbg****,8.0,2026.03.28,1번째 방문,영수증,곱창전골이 진짜ㅠㅜ 맛있어요!!!! 냄새도 안 나고 칼칼하고 깔끔함이 크☺️☺️ 맛있게 잘 먹었습니다!😄😄,59,True,,,,곱창전골이 진짜ㅠㅜ 맛있어요!!!! 냄새도 안 나고 칼칼하고 깔끔함이 크☺️☺️ 맛있게 잘 먹었습니다!😄😄,곱창전골이 진짜 맛있어요 EXCLAM 냄새도 안 나고 칼칼하고 깔끔함이 크 맛있게 잘 먹었습니다 EXCLAM EMO_POS EMO_POS,1,0,0,0,1,0,0,59,깔끔
kakao,육산장 홍대본점,황중민,1.0,2025-05-03,,,너무 맛있고 사장님도 친절하시고 분위기도 최고입니다!,29,True,5.0,5.0,브론즈 레벨,너무 맛있고 사장님도 친절하시고 분위기도 최고입니다!,너무 맛있고 사장님도 친절하시고 분위기도 최고입니다 EXCLAM,0,0,0,0,1,0,0,29,분위기
kakao,장인닭갈비 홍대점,김지현,26.0,2026-01-22,,,"홍대에서 닭갈비 생각날 때 자연스럽게 떠오르는 곳이에요. 기본에 충실한 맛을 바탕으로 국내산 닭갈비와 순수 모짜렐라 치즈의 조합이 인상적이었고, 과하지 않으면서도 계속 손이 가는 맛이라 만족스러웠어요. 사리 종류도 다양해 취향대로 즐기기 좋고, 쌈채소를 무한으로 이용할 수 있어 끝까지 부족함 없이 먹을 수 있었습니다. 식사 후에 볶아 먹는 볶음밥까지 깔끔하게 마무리하기 좋았고, 매장 인테리어도 세련돼서 모임이나 회식 장소로도 무난한 홍대 닭갈비 맛집이었어요.",258,False,5.0,5.0,실버 레벨,"홍대에서 닭갈비 생각날 때 자연스럽게 떠오르는 곳이에요. 기본에 충실한 맛을 바탕으로 국내산 닭갈비와 순수 모짜렐라 치즈의 조합이 인상적이었고, 과하지 않으면서도 계속 손이 가는 맛이라 만족스러웠어요. 사리 종류도 다양해 취향대로 즐기기 좋고, 쌈채소를 무한으로 이용할 수 있어 끝까지 부족함 없이 먹을 수 있었습니다. 식사 후에 볶아 먹는 볶음밥까지 깔끔하게 마무리하기 좋았고, 매장 인테리어도 세련돼서 모임이나 회식 장소로도 무난한 홍대 닭갈비 맛집이었어요.",홍대에서 닭갈비 생각날 때 자연스럽게 떠오르는 곳이에요 기본에 충실한 맛을 바탕으로 국내산 닭갈비와 순수 모짜렐라 치즈의 조합이 인상적이었고 과하지 않으면서도 계속 손이 가는 맛이라 만족스러웠어요 사리 종류도 다양해 취향대로 즐기기 좋고 쌈채소를 무한으로 이용할 수 있어 끝까지 부족함 없이 먹을 수 있었습니다 식사 후에 볶아 먹는 볶음밥까지 깔끔하게 마무리하기 좋았고 매장 인테리어도 세련돼서 모임이나 회식 장소로도 무난한 홍대 닭갈비 맛집이었어요,0,0,0,0,0,0,0,258,"인테리어, 매장, 깔끔"
kakao,금금,술빈,622.0,2026-01-06,,,굳굳 매장이 생각보다 협소하긴한데 기본은 하는 거같아요 다 깔끔하게 잘 먹었습니다,45,False,4.0,3.7,블루 레벨,굳굳 매장이 생각보다 협소하긴한데 기본은 하는 거같아요 다 깔끔하게 잘 먹었습니다,굳굳 매장이 생각보다 협소하긴한데 기본은 하는 거같아요 다 깔끔하게 잘 먹었습니다,0,0,0,0,0,0,0,45,"매장, 깔끔"
kakao,육산장 홍대본점,하윤,1.0,2025-04-30,,,너무 맛있고 분위기도 좋았습니다 그리고 구워서 나와 편해요,32,True,5.0,5.0,브론즈 레벨,너무 맛있고 분위기도 좋았습니다 그리고 구워서 나와 편해요,너무 맛있고 분위기도 좋았습니다 그리고 구워서 나와 편해요,0,0,0,0,0,0,0,32,분위기
naver,금금 성수점,원희17,18.0,2026.04.26,1번째 방문,영수증,꼭 먹어보고 싶었던 메뉴들이라서 캐치테이블로 예약하고 방문했어요! 주말 저녁이라 그런지 캐치테이블 50분 + 현장 20분 정도 대기했습니다...! 기다린 만큼 맛있네요 ㅎㅎ 안쪽에 단체석 테이블이 있어서 넓게 이용했어요~!,124,True,,,,꼭 먹어보고 싶었던 메뉴들이라서 캐치테이블로 예약하고 방문했어요! 주말 저녁이라 그런지 캐치테이블 50분 + 현장 20분 정도 대기했습니다...! 기다린 만큼 맛있네요 ㅎㅎ 안쪽에 단체석 테이블이 있어서 넓게 이용했어요~!,꼭 먹어보고 싶었던 메뉴들이라서 캐치테이블로 예약하고 방문했어요 EXCLAM 주말 저녁이라 그런지 캐치테이블 50분 현장 20분 정도 대기했습니다 EXCLAM 기다린 만큼 맛있네요 안쪽에 단체석 테이블이 있어서 넓게 이용했어요 EXCLAM,0,0,0,0,1,0,1,124,"테이블, 넓"
naver,옥동식,무무B,251.0,2025.04.21,1번째 방문,영수증,맛있어요 👍🏻👍🏻 고추지랑 김치랑 같이 먹으니 더 맛도리 ✨!!! (10시반쯤 캐치테이블 대기 타는거 추천드립니다 👀,65,True,,,,맛있어요 👍🏻👍🏻 고추지랑 김치랑 같이 먹으니 더 맛도리 ✨!!! (10시반쯤 캐치테이블 대기 타는거 추천드립니다 👀,맛있어요 EMO_POS EMO_POS 고추지랑 김치랑 같이 먹으니 더 맛도리 EMO_POS EXCLAM 10시반쯤 캐치테이블 대기 타는거 추천드립니다,1,0,0,0,1,0,1,65,테이블
naver,장인닭갈비 홍대점,그츠으,60.0,2026.04.05,1번째 방문,영수증,1.자리 비어있는데 줄이 있는지 없는지.. 우리가 밖에 서있는데 웨이팅 있는지 없는지 오랫동안 안내 안 해줌. 2.우리는 자리 앉자마자 바로 주문함. 3.한 5-10분 있다가 아까 주문 받으셨던 분이 다가와서 주문 안하시냐고 물어보심. 아까 주문 했다고 함. 4.5분 있다가 그분이 오셔서 다시 주문 받음. 5.그러고 한참 안 나옴. 😭⭐️옆에 우리보다 늦게 착석한 두 테이블이 먼저 받음⭐️😭 6.사과 못 받음 ㅠ.ㅠ,234,False,,,,1.자리 비어있는데 줄이 있는지 없는지.. 우리가 밖에 서있는데 웨이팅 있는지 없는지 오랫동안 안내 안 해줌. 2.우리는 자리 앉자마자 바로 주문함. 3.한 5-10분 있다가 아까 주문 받으셨던 분이 다가와서 주문 안하시냐고 물어보심. 아까 주문 했다고 함. 4.5분 있다가 그분이 오셔서 다시 주문 받음. 5.그러고 한참 안 나옴. 😭⭐️옆에 우리보다 늦게 착석한 두 테이블이 먼저 받음⭐️😭 6.사과 못 받음 ㅠ.ㅠ,1 자리 비어있는데 줄이 있는지 없는지 우리가 밖에 서있는데 웨이팅 있는지 없는지 오랫동안 안내 안 해줌 2 우리는 자리 앉자마자 바로 주문함 3 한 5 10분 있다가 아까 주문 받으셨던 분이 다가와서 주문 안하시냐고 물어보심 아까 주문 했다고 함 4 5분 있다가 그분이 오셔서 다시 주문 받음 5 그러고 한참 안 나옴 EMO_NEG 옆에 우리보다 늦게 착석한 두 테이블이 먼저 받음 EMO_NEG 6 사과 못 받음,0,1,0,0,0,0,1,234,"자리, 테이블"
naver,홍대 육지,Bella994,187.0,2026.03.29,1번째 방문,영수증,우연히 지나치다가 맛있어보여서 대기 걸고 들어왔어요!매장도 깔끔하고 상차림 등등 다 너무 깔끔해요 ㅎㅎ 고기맛도 좋아서 다 만족스러워요. 아이도 솥밥에 고기 배부르게 잘 먹었습니다😄👍,102,False,,,,우연히 지나치다가 맛있어보여서 대기 걸고 들어왔어요!매장도 깔끔하고 상차림 등등 다 너무 깔끔해요 ㅎㅎ 고기맛도 좋아서 다 만족스러워요. 아이도 솥밥에 고기 배부르게 잘 먹었습니다😄👍,우연히 지나치다가 맛있어보여서 대기 걸고 들어왔어요 EXCLAM 매장도 깔끔하고 상차림 등등 다 너무 깔끔해요 고기맛도 좋아서 다 만족스러워요 아이도 솥밥에 고기 배부르게 잘 먹었습니다 EMO_POS EMO_POS,1,0,0,0,1,0,0,102,"매장, 깔끔"
naver,이태리국시 성수,ksh****,22.0,2026.04.12,1번째 방문,영수증,"성수동에서 데이트 코스로 방문했는데 정말 만족스러운 식사였습니다. 매장이 넓고 쾌적해서 입장할 때부터 기분이 좋았고, 주말인데도 대기 없이 바로 들어갈 수 있어서 편리했습니다.",98,True,,,,"성수동에서 데이트 코스로 방문했는데 정말 만족스러운 식사였습니다. 매장이 넓고 쾌적해서 입장할 때부터 기분이 좋았고, 주말인데도 대기 없이 바로 들어갈 수 있어서 편리했습니다.",성수동에서 데이트 코스로 방문했는데 정말 만족스러운 식사였습니다 매장이 넓고 쾌적해서 입장할 때부터 기분이 좋았고 주말인데도 대기 없이 바로 들어갈 수 있어서 편리했습니다,0,0,0,0,0,0,0,98,"매장, 쾌적, 넓, 데이트"
naver,보끔당 성수점,071****,11.0,2026.04.28,1번째 방문,영수증,맛도있고 넓고 쾌적해거 좋았어요. 오랜만에 찜닭 먹는건데 행복했습니다ㅜ,39,True,,,,맛도있고 넓고 쾌적해거 좋았어요. 오랜만에 찜닭 먹는건데 행복했습니다ㅜ,맛도있고 넓고 쾌적해거 좋았어요 오랜만에 찜닭 먹는건데 행복했습니다,0,0,0,0,0,0,0,39,"쾌적, 넓"
kakao,태양곱창 성수,야호,1.0,2025-01-21,,,"이렇게 맛있는데,,, 누가 리뷰를 안먹고 다는거같네요 .. 부모님 모시고 성수 갔다가 방문했습니다 우선 매장 너무 깔끔하구요, 부모님꼐서 어렸을때 먹었던 맛있라고 너무 좋아하셨어요 배불러서 콘치즈까지만 먹고왔는데 다음에는 치즈감자전? 먹어보려구요 옆테이블 먹는데 비쥬얼이 ,,,ㅎ 이상한 리뷰보지마시고 꼭 한번 방문해보세요~~~!",184,False,5.0,5.0,브론즈 레벨,"이렇게 맛있는데,,, 누가 리뷰를 안먹고 다는거같네요 .. 부모님 모시고 성수 갔다가 방문했습니다 우선 매장 너무 깔끔하구요, 부모님꼐서 어렸을때 먹었던 맛있라고 너무 좋아하셨어요 배불러서 콘치즈까지만 먹고왔는데 다음에는 치즈감자전? 먹어보려구요 옆테이블 먹는데 비쥬얼이 ,,,ㅎ 이상한 리뷰보지마시고 꼭 한번 방문해보세요~~~!",이렇게 맛있는데 누가 리뷰를 안먹고 다는거같네요 부모님 모시고 성수 갔다가 방문했습니다 우선 매장 너무 깔끔하구요 부모님꼐서 어렸을때 먹었던 맛있라고 너무 좋아하셨어요 배불러서 콘치즈까지만 먹고왔는데 다음에는 치즈감자전 QUESTION 먹어보려구요 옆테이블 먹는데 비쥬얼이 이상한 리뷰보지마시고 꼭 한번 방문해보세요 TILDE EXCLAM,0,0,0,0,1,1,0,184,"매장, 테이블, 깔끔"
naver,옥동식,JayCan,184.0,2025.03.24,1번째 방문,영수증,맑은 돼지국밥이라고 해서 꼭 먹어보고 싶었습니다. 깔끔하고 슴슴한데 김치랑 먹으며 내 맘대로 간 조절이 가능해서 좋았습니다. 김치만두도 간이 세지 않아서 국밥이랑 잘 어울렸습니다. 자극적으로 맵고 짠 맛을 좋아하신다면 살짝 실망하실지도 모르겠지만 저는 정말 맛있게 잘 먹었습니다. 감사합니다!,163,True,,,,맑은 돼지국밥이라고 해서 꼭 먹어보고 싶었습니다. 깔끔하고 슴슴한데 김치랑 먹으며 내 맘대로 간 조절이 가능해서 좋았습니다. 김치만두도 간이 세지 않아서 국밥이랑 잘 어울렸습니다. 자극적으로 맵고 짠 맛을 좋아하신다면 살짝 실망하실지도 모르겠지만 저는 정말 맛있게 잘 먹었습니다. 감사합니다!,맑은 돼지국밥이라고 해서 꼭 먹어보고 싶었습니다 깔끔하고 슴슴한데 김치랑 먹으며 내 맘대로 간 조절이 가능해서 좋았습니다 김치만두도 간이 세지 않아서 국밥이랑 잘 어울렸습니다 자극적으로 맵고 짠 맛을 좋아하신다면 살짝 실망하실지도 모르겠지만 저는 정말 맛있게 잘 먹었습니다 감사합니다 EXCLAM,0,0,0,0,1,0,0,163,깔끔
naver,육산장 홍대본점,세현임,2.0,2026.04.08,1번째 방문,영수증,양도 많고 맛있아요 !! 친구 추천으로 와봤는데 좋아요 👍🏻👍🏻 매장도 넓고 직원분들이 친절해요,53,True,,,,양도 많고 맛있아요 !! 친구 추천으로 와봤는데 좋아요 👍🏻👍🏻 매장도 넓고 직원분들이 친절해요,양도 많고 맛있아요 EXCLAM 친구 추천으로 와봤는데 좋아요 EMO_POS EMO_POS 매장도 넓고 직원분들이 친절해요,1,0,0,0,1,0,0,53,"매장, 넓"
kakao,홍대 조선시대,이소민,11.0,2026-05-01,,,분위기 좋고 데이트하기 너무 좋아요👍👍부대찌개도 푸짐하고 너무 맛있었어요ㅎㅎㅎ,43,False,5.0,5.0,브론즈 레벨,분위기 좋고 데이트하기 너무 좋아요👍👍부대찌개도 푸짐하고 너무 맛있었어요ㅎㅎㅎ,분위기 좋고 데이트하기 너무 좋아요 EMO_POS EMO_POS 부대찌개도 푸짐하고 너무 맛있었어요,1,0,0,0,0,0,0,43,"분위기, 데이트"
naver,락희옥 마포본점,써니158,1032.0,2025.12.14,1번째 방문,영수증,음식이 깔끔하고 맛있어요 보쌈고기 엄청부드럽고 같이나온 김치도 맛있고~새우젓도 맛있어요.굴무침도 새콤하니 맛있어요 음식종류도 많네요,73,True,,,,음식이 깔끔하고 맛있어요 보쌈고기 엄청부드럽고 같이나온 김치도 맛있고~새우젓도 맛있어요.굴무침도 새콤하니 맛있어요 음식종류도 많네요,음식이 깔끔하고 맛있어요 보쌈고기 엄청부드럽고 같이나온 김치도 맛있고 새우젓도 맛있어요 굴무침도 새콤하니 맛있어요 음식종류도 많네요,0,0,0,0,0,0,0,73,깔끔
naver,락희옥 마포본점,스펀지송22,8.0,2026.03.27,1번째 방문,영수증,음식이 깔끔하고 정갈해서 또 생각나는 맛입니다. 맛있게 잘 먹었습니다!,39,True,,,,음식이 깔끔하고 정갈해서 또 생각나는 맛입니다. 맛있게 잘 먹었습니다!,음식이 깔끔하고 정갈해서 또 생각나는 맛입니다 맛있게 잘 먹었습니다 EXCLAM,0,0,0,0,1,0,0,39,깔끔
kakao,소문난성수감자탕,sjjk,110.0,2025-12-11,,,그냥 적당히 맛있어요 뼈 하나 빼곤 전부 잘 발렸고 잡내 안나고 부드러워요 고기 찍먹장 맛있었음 국물은 진하기보단 시원하고 깔끔한 맛 김치는 청량감이 좋았고 깍두기는 좀 달았음 바빠서 그렇지 불친절하단 느낌은 못받음 5분정도 웨이팅했는데 더 걸렸으면 평점 깎일지도 굳이 줄 서서 먹을 맛은 아님,164,False,3.0,3.1,골드 레벨,그냥 적당히 맛있어요 뼈 하나 빼곤 전부 잘 발렸고 잡내 안나고 부드러워요 고기 찍먹장 맛있었음 국물은 진하기보단 시원하고 깔끔한 맛 김치는 청량감이 좋았고 깍두기는 좀 달았음 바빠서 그렇지 불친절하단 느낌은 못받음 5분정도 웨이팅했는데 더 걸렸으면 평점 깎일지도 굳이 줄 서서 먹을 맛은 아님,그냥 적당히 맛있어요 뼈 하나 빼곤 전부 잘 발렸고 잡내 안나고 부드러워요 고기 찍먹장 맛있었음 국물은 진하기보단 시원하고 깔끔한 맛 김치는 청량감이 좋았고 깍두기는 좀 달았음 바빠서 그렇지 불친절하단 느낌은 못받음 5분정도 웨이팅했는데 더 걸렸으면 평점 깎일지도 굳이 줄 서서 먹을 맛은 아님,0,0,0,0,0,0,1,164,깔끔
naver,육산장 홍대본점,riz****,25.0,2026.02.10,1번째 방문,영수증,너무 맛있고 술잔에 그려진 그림 너무 귀엽내요ㅠㅠ 분위기도 잔잔해서 좋아요 !!,44,True,,,,너무 맛있고 술잔에 그려진 그림 너무 귀엽내요ㅠㅠ 분위기도 잔잔해서 좋아요 !!,너무 맛있고 술잔에 그려진 그림 너무 귀엽내요 분위기도 잔잔해서 좋아요 EXCLAM,0,0,0,1,1,0,0,44,분위기
naver,조선시대,sakusak,23.0,2026.02.28,1번째 방문,영수증,한국 전통 분위기 컨셉이 좋아요!! 음식과 막걸리도 맛있어요 ❤️,36,True,,,,한국 전통 분위기 컨셉이 좋아요!! 음식과 막걸리도 맛있어요 ❤️,한국 전통 분위기 컨셉이 좋아요 EXCLAM 음식과 막걸리도 맛있어요 EMO_POS,1,0,0,0,1,0,0,36,분위기
naver,성수족발,하이9830,3001.0,2026.04.25,1번째 방문,영수증,친절하고 너무 쫄깃해서 인생 최고의 족발 맛집입니다!! 성수역 인근 위치 (주차 불가),48,True,,,,친절하고 너무 쫄깃해서 인생 최고의 족발 맛집입니다!! 성수역 인근 위치 (주차 불가),친절하고 너무 쫄깃해서 인생 최고의 족발 맛집입니다 EXCLAM 성수역 인근 위치 주차 불가,0,0,0,0,1,0,0,48,"주차, 위치"
naver,육산장 홍대본점,sjsj6677,12.0,2026.04.28,1번째 방문,영수증,고기 초벌해서 나와서 깔끔하고 매장도 청결해요 !!고기두 맛있고 조아용🫶🏻,41,True,,,,고기 초벌해서 나와서 깔끔하고 매장도 청결해요 !!고기두 맛있고 조아용🫶🏻,고기 초벌해서 나와서 깔끔하고 매장도 청결해요 EXCLAM 고기두 맛있고 조아용,0,0,0,0,1,0,0,41,"매장, 청결, 깔끔"
naver,락희옥 마포본점,러뷰러뷰6,17.0,2026.01.06,1번째 방문,영수증,"오랜만에 방문했어요. 고급지고 깔끔한 식당이예요. 가족, 회사동료들과 함께 식사하기좋아요. 보쌈이 유명한곳인데 불고기도 참맛있어요. 찬으로 나온 참나물도 참맛있어요. 추천합니다!",99,True,,,,"오랜만에 방문했어요. 고급지고 깔끔한 식당이예요. 가족, 회사동료들과 함께 식사하기좋아요. 보쌈이 유명한곳인데 불고기도 참맛있어요. 찬으로 나온 참나물도 참맛있어요. 추천합니다!",오랜만에 방문했어요 고급지고 깔끔한 식당이예요 가족 회사동료들과 함께 식사하기좋아요 보쌈이 유명한곳인데 불고기도 참맛있어요 찬으로 나온 참나물도 참맛있어요 추천합니다 EXCLAM,0,0,0,0,1,0,0,99,깔끔
naver,이태리국시 성수,하이 수잔,19.0,2026.05.09,1번째 방문,영수증,"친구랑 성수 놀러온 김에 파스타 먹으러 왔습니다~ 대기가 조금 있었지만 기다린 보람이 있는만큼 맛있었고, 빠에야 추천드립니다😋 다른 메뉴들도 엄청 맛있었고 가게 분위기도 좋아서 다음에 또 올거 같아요! 다음에는 퍈하게 예약하고 오려구요😊",132,True,,,,"친구랑 성수 놀러온 김에 파스타 먹으러 왔습니다~ 대기가 조금 있었지만 기다린 보람이 있는만큼 맛있었고, 빠에야 추천드립니다😋 다른 메뉴들도 엄청 맛있었고 가게 분위기도 좋아서 다음에 또 올거 같아요! 다음에는 퍈하게 예약하고 오려구요😊",친구랑 성수 놀러온 김에 파스타 먹으러 왔습니다 대기가 조금 있었지만 기다린 보람이 있는만큼 맛있었고 빠에야 추천드립니다 EMO_POS 다른 메뉴들도 엄청 맛있었고 가게 분위기도 좋아서 다음에 또 올거 같아요 EXCLAM 다음에는 퍈하게 예약하고 오려구요 EMO_POS,1,0,0,0,1,0,0,132,분위기
kakao,각시보쌈,ggoolggool,136.0,2025-01-04,,,"가시는 분들 결제 제대로 됐는지 확인 꼭 잘 하세요. 반반보쌈 중자, 막걸리 두병 먹었는데 천원이긴하지만 먹지도 않은 금액 결제되어 있네요. 날짜 시간 보시고 내부 cctv 보시면 확인 되실테니 뭐 더이상 얘기 안합니다. 앉는 순간부터 메뉴 독촉하시더니 다 먹을때까지 한시간 남짓한 시간 그마저 독촉 하셔서 독촉만 안했어도 천원 잘 못 결제한거 이렇게 쓰지도 않았습니다.",207,False,1.0,4.6,골드 레벨,"가시는 분들 결제 제대로 됐는지 확인 꼭 잘 하세요. 반반보쌈 중자, 막걸리 두병 먹었는데 천원이긴하지만 먹지도 않은 금액 결제되어 있네요. 날짜 시간 보시고 내부 cctv 보시면 확인 되실테니 뭐 더이상 얘기 안합니다. 앉는 순간부터 메뉴 독촉하시더니 다 먹을때까지 한시간 남짓한 시간 그마저 독촉 하셔서 독촉만 안했어도 천원 잘 못 결제한거 이렇게 쓰지도 않았습니다.",가시는 분들 결제 제대로 됐는지 확인 꼭 잘 하세요 반반보쌈 중자 막걸리 두병 먹었는데 천원이긴하지만 먹지도 않은 금액 결제되어 있네요 날짜 시간 보시고 내부 cctv 보시면 확인 되실테니 뭐 더이상 얘기 안합니다 앉는 순간부터 메뉴 독촉하시더니 다 먹을때까지 한시간 남짓한 시간 그마저 독촉 하셔서 독촉만 안했어도 천원 잘 못 결제한거 이렇게 쓰지도 않았습니다,0,0,0,0,0,0,0,207,내부
naver,옥동식,Nomadmelody,636.0,2025.05.15,1번째 방문,예약,들어가자마자 국밥두개 만두하나 시켰고 얼마 안지나서 국밥이 나왔습니다. 그때 입장한 옆테이블 손님도 똑같이 시켰는데 그 테이블은 국밥과 만두가 거의 동시에 나왔고 저희는 다 먹을때까지 만두는 받지 못했습니다. 밥먹는데 바로 앞에 빠박이 알바생이 어슬렁 어슬렁 뒷짐지고 멍청하게 서있었고 혹시나해서 포스기를 보니 주문이 들어가 있었습니다. 깜빡할수도 있으니 여기까진 그렇다치고 만두는 원래 오래걸리나요? 여쭤봤습니다. 그럼 상식적으로 나오는 대답은 일단 ’죄송합니다‘ 를 예상했으나 ‘아 2분정도 걸리는데 해드릴까요?’ 이러고 있네요. 본인 실수인걸 확실히 아는 상황인데 사과는 커녕 회피나 하는 상황이라니. 저런 인간 이하 인생을 살고있는 빠박이를 알바생으로 둔 미슐랭 국밥집? 철저히 후회하게 만들어 드리겠습니다.,400,True,,,,들어가자마자 국밥두개 만두하나 시켰고 얼마 안지나서 국밥이 나왔습니다. 그때 입장한 옆테이블 손님도 똑같이 시켰는데 그 테이블은 국밥과 만두가 거의 동시에 나왔고 저희는 다 먹을때까지 만두는 받지 못했습니다. 밥먹는데 바로 앞에 빠박이 알바생이 어슬렁 어슬렁 뒷짐지고 멍청하게 서있었고 혹시나해서 포스기를 보니 주문이 들어가 있었습니다. 깜빡할수도 있으니 여기까진 그렇다치고 만두는 원래 오래걸리나요? 여쭤봤습니다. 그럼 상식적으로 나오는 대답은 일단 ’죄송합니다‘ 를 예상했으나 ‘아 2분정도 걸리는데 해드릴까요?’ 이러고 있네요. 본인 실수인걸 확실히 아는 상황인데 사과는 커녕 회피나 하는 상황이라니. 저런 인간 이하 인생을 살고있는 빠박이를 알바생으로 둔 미슐랭 국밥집? 철저히 후회하게 만들어 드리겠습니다.,들어가자마자 국밥두개 만두하나 시켰고 얼마 안지나서 국밥이 나왔습니다 그때 입장한 옆테이블 손님도 똑같이 시켰는데 그 테이블은 국밥과 만두가 거의 동시에 나왔고 저희는 다 먹을때까지 만두는 받지 못했습니다 밥먹는데 바로 앞에 빠박이 알바생이 어슬렁 어슬렁 뒷짐지고 멍청하게 서있었고 혹시나해서 포스기를 보니 주문이 들어가 있었습니다 깜빡할수도 있으니 여기까진 그렇다치고 만두는 원래 오래걸리나요 QUESTION 여쭤봤습니다 그럼 상식적으로 나오는 대답은 일단 죄송합니다 를 예상했으나 아 2분정도 걸리는데 해드릴까요 QUESTION 이러고 있네요 본인 실수인걸 확실히 아는 상황인데 사과는 커녕 회피나 하는 상황이라니 저런 인간 이하 인생을 살고있는 빠박이를 알바생으로 둔 미슐랭 국밥집 QUESTION 철저히 후회하게 만들어 드리겠습니다,0,0,0,0,0,1,1,400,테이블
naver,락희옥 마포본점,좋아하는거해,31.0,2026.02.10,1번째 방문,영수증,점심 메뉴 있어서 좋고 매장도 넓어서 회사 동료분들이랑 오기 딱입니다!! 서빙해주시는 분들도 너무 친절하셔서 식사 잘 하고 갑니다~,73,True,,,,점심 메뉴 있어서 좋고 매장도 넓어서 회사 동료분들이랑 오기 딱입니다!! 서빙해주시는 분들도 너무 친절하셔서 식사 잘 하고 갑니다~,점심 메뉴 있어서 좋고 매장도 넓어서 회사 동료분들이랑 오기 딱입니다 EXCLAM 서빙해주시는 분들도 너무 친절하셔서 식사 잘 하고 갑니다,0,0,0,0,1,0,0,73,"매장, 넓"
naver,원조 조박집 본관,냠냠올리오,284.0,2025.09.13,1번째 방문,영수증,"짭쪼름한 돼지갈비가 맛있는 조박집. 두 명이 돼지갈비 4인분, 찌개 1, 공기밥 1 주문해먹었어요. 반찬 종류도 많고 직원분들이 친절하셔서 계속 찬도 리필해주시고 불판도 갈아주셔서 편하게 먹었어요! 갈비는 늘 맛있고, 찌개나 동치미국수, 밥 다 맛있고 식사류는 특히 가격 저렴해요. 주차는 바로 앞 유수지 공영주차장에 하면 되어서 편해요.",189,True,,,,"짭쪼름한 돼지갈비가 맛있는 조박집. 두 명이 돼지갈비 4인분, 찌개 1, 공기밥 1 주문해먹었어요. 반찬 종류도 많고 직원분들이 친절하셔서 계속 찬도 리필해주시고 불판도 갈아주셔서 편하게 먹었어요! 갈비는 늘 맛있고, 찌개나 동치미국수, 밥 다 맛있고 식사류는 특히 가격 저렴해요. 주차는 바로 앞 유수지 공영주차장에 하면 되어서 편해요.",짭쪼름한 돼지갈비가 맛있는 조박집 두 명이 돼지갈비 4인분 찌개 1 공기밥 1 주문해먹었어요 반찬 종류도 많고 직원분들이 친절하셔서 계속 찬도 리필해주시고 불판도 갈아주셔서 편하게 먹었어요 EXCLAM 갈비는 늘 맛있고 찌개나 동치미국수 밥 다 맛있고 식사류는 특히 가격 저렴해요 주차는 바로 앞 유수지 공영주차장에 하면 되어서 편해요,0,0,0,0,1,0,1,189,주차
naver,옥동식,이앵앵,324.0,2026.01.02,1번째 방문,영수증,평일 오전 9시 15분쯤 가서 웨이팅 7번 받았습니다. 근처 카페에서 대기하고 워낙 매장이 작아서 첫타임 입장못하고 11시 30분쯤 입장. 친구랑 온김에 막걸리 김치만두 국밥 전부 시켰고 새해부터 2천원 오른 국밥부터 등장. 놋그릇에 나와서 국물부터 숟가락으로 먹었는데 처음에 쇠향이 났고 그다음 맛은 비쥬얼대로 자극적이지 않은 갈비탕(?)느낌 돼지로 이런국물이 나는게 신기하지만 자극적인 순대국밥 좋아하는 입장에선 맛있지도 맛없지도 않은 국밥계의 평냉 느낌이였습니다. 고기는 야들하게 맛있었고 김치가 맛있었습니다. 막걸리는 알콜이 느껴지는 무난한 막걸리 김치만두는 밀가루 맛이 느껴져서 아쉬운 정도 퀄리티 국물이랑 밥이 리필가능이라 추운날씨 국물 리필했고..가격 웨이팅 생각하면 경험을 샀다로 생각합니다,394,True,,,,평일 오전 9시 15분쯤 가서 웨이팅 7번 받았습니다. 근처 카페에서 대기하고 워낙 매장이 작아서 첫타임 입장못하고 11시 30분쯤 입장. 친구랑 온김에 막걸리 김치만두 국밥 전부 시켰고 새해부터 2천원 오른 국밥부터 등장. 놋그릇에 나와서 국물부터 숟가락으로 먹었는데 처음에 쇠향이 났고 그다음 맛은 비쥬얼대로 자극적이지 않은 갈비탕(?)느낌 돼지로 이런국물이 나는게 신기하지만 자극적인 순대국밥 좋아하는 입장에선 맛있지도 맛없지도 않은 국밥계의 평냉 느낌이였습니다. 고기는 야들하게 맛있었고 김치가 맛있었습니다. 막걸리는 알콜이 느껴지는 무난한 막걸리 김치만두는 밀가루 맛이 느껴져서 아쉬운 정도 퀄리티 국물이랑 밥이 리필가능이라 추운날씨 국물 리필했고..가격 웨이팅 생각하면 경험을 샀다로 생각합니다,평일 오전 9시 15분쯤 가서 웨이팅 7번 받았습니다 근처 카페에서 대기하고 워낙 매장이 작아서 첫타임 입장못하고 11시 30분쯤 입장 친구랑 온김에 막걸리 김치만두 국밥 전부 시켰고 새해부터 2천원 오른 국밥부터 등장 놋그릇에 나와서 국물부터 숟가락으로 먹었는데 처음에 쇠향이 났고 그다음 맛은 비쥬얼대로 자극적이지 않은 갈비탕 QUESTION 느낌 돼지로 이런국물이 나는게 신기하지만 자극적인 순대국밥 좋아하는 입장에선 맛있지도 맛없지도 않은 국밥계의 평냉 느낌이였습니다 고기는 야들하게 맛있었고 김치가 맛있었습니다 막걸리는 알콜이 느껴지는 무난한 막걸리 김치만두는 밀가루 맛이 느껴져서 아쉬운 정도 퀄리티 국물이랑 밥이 리필가능이라 추운날씨 국물 리필했고 가격 웨이팅 생각하면 경험을 샀다로 생각합니다,0,0,0,0,0,1,1,394,매장
naver,소문난성수감자탕,0밤하늘0,370.0,2025.10.31,1번째 방문,영수증,"성수동을 돌아다니면서 항상 사람들이 많아 맛이 궁금했던 곳이었습니다. 이번에 한번 먹어보고싶어서 대기했고, 나름 테이블 회전율이 빨라 생각했던것보다 기다리지않고 나름 빨리 들어간 느낌이었습니다. 감자탕과 뼈해장국을 주문했는데...확실히 단독으로 주는 뼈해장국의 고기가 실하더군요!! 많이 먹는 저로서는 너무나도 좋은 메뉴선택이었습니다! 앞으로도 기회가 된다면 다시 찾아가서 먹고싶네요^^ 근데 감자탕에는 공기밥이 추가되어있지않고 공기밥 한그릇에 2천원인게 좀...다른 의미로 놀라웠습니다ㅎㅎㅎ",275,True,,,,"성수동을 돌아다니면서 항상 사람들이 많아 맛이 궁금했던 곳이었습니다. 이번에 한번 먹어보고싶어서 대기했고, 나름 테이블 회전율이 빨라 생각했던것보다 기다리지않고 나름 빨리 들어간 느낌이었습니다. 감자탕과 뼈해장국을 주문했는데...확실히 단독으로 주는 뼈해장국의 고기가 실하더군요!! 많이 먹는 저로서는 너무나도 좋은 메뉴선택이었습니다! 앞으로도 기회가 된다면 다시 찾아가서 먹고싶네요^^ 근데 감자탕에는 공기밥이 추가되어있지않고 공기밥 한그릇에 2천원인게 좀...다른 의미로 놀라웠습니다ㅎㅎㅎ",성수동을 돌아다니면서 항상 사람들이 많아 맛이 궁금했던 곳이었습니다 이번에 한번 먹어보고싶어서 대기했고 나름 테이블 회전율이 빨라 생각했던것보다 기다리지않고 나름 빨리 들어간 느낌이었습니다 감자탕과 뼈해장국을 주문했는데 확실히 단독으로 주는 뼈해장국의 고기가 실하더군요 EXCLAM 많이 먹는 저로서는 너무나도 좋은 메뉴선택이었습니다 EXCLAM 앞으로도 기회가 된다면 다시 찾아가서 먹고싶네요 근데 감자탕에는 공기밥이 추가되어있지않고 공기밥 한그릇에 2천원인게 좀 다른 의미로 놀라웠습니다,0,0,0,0,1,0,1,275,테이블
naver,이태리국시 성수,냠쩌업,195.0,2026.03.22,1번째 방문,영수증,분위기도 너무 이쁘고 직원분들도 너무 친절합니다! 그리고 메뉴가 독특했는데 넘 맛도리네요~! 다음에도 또 방문하고싶어요,66,True,,,,분위기도 너무 이쁘고 직원분들도 너무 친절합니다! 그리고 메뉴가 독특했는데 넘 맛도리네요~! 다음에도 또 방문하고싶어요,분위기도 너무 이쁘고 직원분들도 너무 친절합니다 EXCLAM 그리고 메뉴가 독특했는데 넘 맛도리네요 EXCLAM 다음에도 또 방문하고싶어요,0,0,0,0,1,0,0,66,분위기
kakao,육산장 홍대본점,아이티쇼,1.0,2025-06-01,,,분위기가 너무 즇아요 또 오고싶어용 마싯엉ㅎ,24,True,5.0,5.0,브론즈 레벨,분위기가 너무 즇아요 또 오고싶어용 마싯엉ㅎ,분위기가 너무 즇아요 또 오고싶어용 마싯엉,0,0,0,0,0,0,0,24,분위기
kakao,소문난성수감자탕,안전이 최고,149.0,2026-03-02,,,아구힘 센 분이라면 뼈해장국 추천. 저는 뜯다가 국물이 좀 식었는데 음식이 식으면서 누린내가 꽤 났습니다. 우거지도 많이 주문하시던데 우거지 좀 궁금하네요. 허나 너무 바쁜 매장이라 먹을 수 있을지 걱정.,114,False,4.0,4.1,골드 레벨,아구힘 센 분이라면 뼈해장국 추천. 저는 뜯다가 국물이 좀 식었는데 음식이 식으면서 누린내가 꽤 났습니다. 우거지도 많이 주문하시던데 우거지 좀 궁금하네요. 허나 너무 바쁜 매장이라 먹을 수 있을지 걱정.,아구힘 센 분이라면 뼈해장국 추천 저는 뜯다가 국물이 좀 식었는데 음식이 식으면서 누린내가 꽤 났습니다 우거지도 많이 주문하시던데 우거지 좀 궁금하네요 허나 너무 바쁜 매장이라 먹을 수 있을지 걱정,0,0,0,0,0,0,0,114,매장
naver,능동미나리 성수지점,눈떠보니파인애플,304.0,2025.12.05,1번째 방문,,미나리곰탕 국물이 떠껀떠껀하니 깔끔 담백하고 맛있습니다!🌝 미나리 식감과 향이 아주 구웃 같이 나오는 밑반찬도 넘나 잘어울립니당⭐⭐⭐⭐⭐ 회전율 빨라요,84,True,,,,미나리곰탕 국물이 떠껀떠껀하니 깔끔 담백하고 맛있습니다!🌝 미나리 식감과 향이 아주 구웃 같이 나오는 밑반찬도 넘나 잘어울립니당⭐⭐⭐⭐⭐ 회전율 빨라요,미나리곰탕 국물이 떠껀떠껀하니 깔끔 담백하고 맛있습니다 EXCLAM 미나리 식감과 향이 아주 구웃 같이 나오는 밑반찬도 넘나 잘어울립니당 회전율 빨라요,0,0,0,0,1,0,0,84,깔끔
naver,이태리국시 성수,뎅굴뎅굴11,8.0,2026.04.27,1번째 방문,영수증,"데이트 올 때 여기저기 알아보고 왔는데, 역시 사람들 많이 가는 장소는 다 이유가 있더라고요. 숯불대창돌솥파스타가 이집 시그니처라고 하더니, 정말 맛있어요. 꼭 드셔보세요. 고소하고 매콤하고 혼자 다해요. 입짧은 짝궁도 맛있다고 다 먹었어요 ㅎㅎ 뚝섬 데이트 계획중이신 분들께 강추드려요 ㅎㅎ",163,True,,,,"데이트 올 때 여기저기 알아보고 왔는데, 역시 사람들 많이 가는 장소는 다 이유가 있더라고요. 숯불대창돌솥파스타가 이집 시그니처라고 하더니, 정말 맛있어요. 꼭 드셔보세요. 고소하고 매콤하고 혼자 다해요. 입짧은 짝궁도 맛있다고 다 먹었어요 ㅎㅎ 뚝섬 데이트 계획중이신 분들께 강추드려요 ㅎㅎ",데이트 올 때 여기저기 알아보고 왔는데 역시 사람들 많이 가는 장소는 다 이유가 있더라고요 숯불대창돌솥파스타가 이집 시그니처라고 하더니 정말 맛있어요 꼭 드셔보세요 고소하고 매콤하고 혼자 다해요 입짧은 짝궁도 맛있다고 다 먹었어요 뚝섬 데이트 계획중이신 분들께 강추드려요,0,0,0,0,0,0,0,163,데이트
kakao,홍대 조선시대,💜💜,1.0,2026-02-11,,,세번째 방문인데 처음 리뷰 남겨요 분위기도 너무 좋고 안주도 너무 맛있어서 술이 쭉쭉 들어갑니다👍👍,55,True,5.0,5.0,브론즈 레벨,세번째 방문인데 처음 리뷰 남겨요 분위기도 너무 좋고 안주도 너무 맛있어서 술이 쭉쭉 들어갑니다👍👍,세번째 방문인데 처음 리뷰 남겨요 분위기도 너무 좋고 안주도 너무 맛있어서 술이 쭉쭉 들어갑니다 EMO_POS EMO_POS,1,0,0,0,0,0,0,55,분위기
naver,뼈탄집 성수역점,cha****,35.0,2026.01.24,1번째 방문,영수증,고기가 정말 신선하구 두툼해요! 그리고 직접 구워주시고 친절하게 먹는 방법도 설명해주셔서 정말 좋았습니당 매장도 쾌적하고 밑반찬이나 사이드메뉴도 다 맛있네욤 성수역 삼겹살 맛집 추천합니다~,105,True,,,,고기가 정말 신선하구 두툼해요! 그리고 직접 구워주시고 친절하게 먹는 방법도 설명해주셔서 정말 좋았습니당 매장도 쾌적하고 밑반찬이나 사이드메뉴도 다 맛있네욤 성수역 삼겹살 맛집 추천합니다~,고기가 정말 신선하구 두툼해요 EXCLAM 그리고 직접 구워주시고 친절하게 먹는 방법도 설명해주셔서 정말 좋았습니당 매장도 쾌적하고 밑반찬이나 사이드메뉴도 다 맛있네욤 성수역 삼겹살 맛집 추천합니다,0,0,0,0,1,0,0,105,"매장, 쾌적"
naver,이태리국시 성수,ㅎㅎㅎㅎ6424,29.0,2026.05.04,1번째 방문,영수증,음식이 맛나요~~~근데 코스요리인줄ㅋㅋ하나 먹으면 하나 나와요.. 자리잡으면 꼭 주문먼저 하세요.많이 기다려요 맛나요,65,True,,,,음식이 맛나요~~~근데 코스요리인줄ㅋㅋ하나 먹으면 하나 나와요.. 자리잡으면 꼭 주문먼저 하세요.많이 기다려요 맛나요,음식이 맛나요 TILDE 근데 코스요리인줄 하나 먹으면 하나 나와요 자리잡으면 꼭 주문먼저 하세요 많이 기다려요 맛나요,0,0,0,0,0,0,0,65,자리
naver,조선시대,SOH2E,60.0,2026.02.02,1번째 방문,예약,"일단 분위기부터 넘나 제 스타일이라서 홀린듯이 빠져버렸어용 이번이 두번째 방문인데 완전 단골 예정!!! 국물류가 끝장나게 맛있는데 전도 끝이 바삭 속은 촉촉하고 최고에요!!! 직원분이랑 친해졌는데 정말 친절하시고, 인상도 좋고, 웃는 것도 예쁘시고 맛있는 것도 잘 챙겨주시구!!!! 이러니까 앞으로도 계속 오게 될 것 같아요! 다음번엔 저도 호패 만들래요!!",200,True,,,,"일단 분위기부터 넘나 제 스타일이라서 홀린듯이 빠져버렸어용 이번이 두번째 방문인데 완전 단골 예정!!! 국물류가 끝장나게 맛있는데 전도 끝이 바삭 속은 촉촉하고 최고에요!!! 직원분이랑 친해졌는데 정말 친절하시고, 인상도 좋고, 웃는 것도 예쁘시고 맛있는 것도 잘 챙겨주시구!!!! 이러니까 앞으로도 계속 오게 될 것 같아요! 다음번엔 저도 호패 만들래요!!",일단 분위기부터 넘나 제 스타일이라서 홀린듯이 빠져버렸어용 이번이 두번째 방문인데 완전 단골 예정 EXCLAM 국물류가 끝장나게 맛있는데 전도 끝이 바삭 속은 촉촉하고 최고에요 EXCLAM 직원분이랑 친해졌는데 정말 친절하시고 인상도 좋고 웃는 것도 예쁘시고 맛있는 것도 잘 챙겨주시구 EXCLAM 이러니까 앞으로도 계속 오게 될 것 같아요 EXCLAM 다음번엔 저도 호패 만들래요 EXCLAM,0,0,0,0,1,0,0,200,분위기
kakao,육산장 홍대본점,서현빈,2.0,2025-09-06,,,맛과 분위기 모두 잡은집 ! 기본반찬도 잘 나오고 정말 야외에서 시원하게 고기구워먹는 느낌입니다 다음에 또 올게요~!!,66,True,5.0,5.0,브론즈 레벨,맛과 분위기 모두 잡은집 ! 기본반찬도 잘 나오고 정말 야외에서 시원하게 고기구워먹는 느낌입니다 다음에 또 올게요~!!,맛과 분위기 모두 잡은집 EXCLAM 기본반찬도 잘 나오고 정말 야외에서 시원하게 고기구워먹는 느낌입니다 다음에 또 올게요 EXCLAM,0,0,0,0,1,0,0,66,분위기
naver,굴다리식당,마이콝둘리,4.0,2025.11.14,1번째 방문,영수증,"처음 들어가자마자 다른 테이블에 손님이 없었고 제육 4개를 시키려했는데 서빙하시는 분이 제육2, 김치찌개2 이렇게 얘기를 해서 그렇게 달라고 했고 먹어보니 제육은 고기에서 누린내, 비계덩어리가 크고 맛이 별로 였으며, 김치찌개 또한 양이 거의 1인분에 가까웠고 계란말이가 나와서 서비스인줄알고 먹고 계산 하고 나가는데 계란말이를 시켯다고 계산을 하라고 하길래 안시켰고 서비스로 주신건줄 알고 다 먹었다고 하니 분명 저희네게 말이 하나요라는 말을 들었다고 하셔서 저희가 절대 시킨적 없다고 했으나 본인들은 그렇게 들었다고 하셔서 어쩔수 없이 계산 하고 나왔습니다.. 진짜 안시켰는데 ...그리고 누가 계란말이를 말이라고 주문을 하나요.... 아무튼 다신 안갑니다.. 그나저나 밑반찬은 먹을만 했습니다...",393,False,,,,"처음 들어가자마자 다른 테이블에 손님이 없었고 제육 4개를 시키려했는데 서빙하시는 분이 제육2, 김치찌개2 이렇게 얘기를 해서 그렇게 달라고 했고 먹어보니 제육은 고기에서 누린내, 비계덩어리가 크고 맛이 별로 였으며, 김치찌개 또한 양이 거의 1인분에 가까웠고 계란말이가 나와서 서비스인줄알고 먹고 계산 하고 나가는데 계란말이를 시켯다고 계산을 하라고 하길래 안시켰고 서비스로 주신건줄 알고 다 먹었다고 하니 분명 저희네게 말이 하나요라는 말을 들었다고 하셔서 저희가 절대 시킨적 없다고 했으나 본인들은 그렇게 들었다고 하셔서 어쩔수 없이 계산 하고 나왔습니다.. 진짜 안시켰는데 ...그리고 누가 계란말이를 말이라고 주문을 하나요.... 아무튼 다신 안갑니다.. 그나저나 밑반찬은 먹을만 했습니다...",처음 들어가자마자 다른 테이블에 손님이 없었고 제육 4개를 시키려했는데 서빙하시는 분이 제육2 김치찌개2 이렇게 얘기를 해서 그렇게 달라고 했고 먹어보니 제육은 고기에서 누린내 비계덩어리가 크고 맛이 별로 였으며 김치찌개 또한 양이 거의 1인분에 가까웠고 계란말이가 나와서 서비스인줄알고 먹고 계산 하고 나가는데 계란말이를 시켯다고 계산을 하라고 하길래 안시켰고 서비스로 주신건줄 알고 다 먹었다고 하니 분명 저희네게 말이 하나요라는 말을 들었다고 하셔서 저희가 절대 시킨적 없다고 했으나 본인들은 그렇게 들었다고 하셔서 어쩔수 없이 계산 하고 나왔습니다 진짜 안시켰는데 그리고 누가 계란말이를 말이라고 주문을 하나요 아무튼 다신 안갑니다 그나저나 밑반찬은 먹을만 했습니다,0,0,0,0,0,0,1,393,테이블
kakao,소문난성수감자탕,이채원,18.0,2025-09-09,,,"“ 굳이 줄서서 먹을 필요는 없다 ” 혼밥하면 줄 덜 기다린다고 봤는데 혼밥석 5좌석 중 자리가 나야지만 먹을 수 있어서 혼밥러인 내가 웨이팅 제일 길게 함 수저통, 물통에 빨간 양념 다 튀어있어서 청결은 기대 안함 우거지감자국 시켰는데 우거지 양 많고 고기 큰거 4개 고기는 퍽퍽, 우거지 맛있고 국물은 그냥 일반적인 해장국 또 갈 의향 X",191,False,3.0,3.9,실버 레벨,"“ 굳이 줄서서 먹을 필요는 없다 ” 혼밥하면 줄 덜 기다린다고 봤는데 혼밥석 5좌석 중 자리가 나야지만 먹을 수 있어서 혼밥러인 내가 웨이팅 제일 길게 함 수저통, 물통에 빨간 양념 다 튀어있어서 청결은 기대 안함 우거지감자국 시켰는데 우거지 양 많고 고기 큰거 4개 고기는 퍽퍽, 우거지 맛있고 국물은 그냥 일반적인 해장국 또 갈 의향 X",굳이 줄서서 먹을 필요는 없다 혼밥하면 줄 덜 기다린다고 봤는데 혼밥석 5좌석 중 자리가 나야지만 먹을 수 있어서 혼밥러인 내가 웨이팅 제일 길게 함 수저통 물통에 빨간 양념 다 튀어있어서 청결은 기대 안함 우거지감자국 시켰는데 우거지 양 많고 고기 큰거 4개 고기는 퍽퍽 우거지 맛있고 국물은 그냥 일반적인 해장국 또 갈 의향 X,0,0,0,0,0,0,1,191,"자리, 청결, 혼밥"
naver,성수족발,2002jj,413.0,2025.08.08,1번째 방문,영수증,"성수족발 달달구리 족발 포장은 웨이팅 없이 바로 가능!! 특대 55,000원 주차 불가 ❌",50,True,,,,"성수족발 달달구리 족발 포장은 웨이팅 없이 바로 가능!! 특대 55,000원 주차 불가 ❌",성수족발 달달구리 족발 포장은 웨이팅 없이 바로 가능 EXCLAM 특대 55 000원 주차 불가,0,0,0,0,1,0,1,50,주차
kakao,장인닭갈비 홍대점,챠니챠니,10.0,2025-02-08,,,쌈채소에 하루살이벌레 수십게 붙어있길래 불러서 말하니까 쌈채소그릇 가져가더니 아무런응대도없고 볶음밥달라할때 쌈채소 벌레너무많으니까 한번다시 씻어야할거같다니까 대답도안하고감 ㅋㅋㅋㅋㅋㅋㅋ 개역겨워서 진짜 위생이라곤 없고 맛도 싱겁고 다신안갈곳 외국인상대하는곳같은데 사장인성 가게직원인성 위생까지 아주 더러운곳 다신안감 주변에 다가지말라할거임,189,False,1.0,1.7,실버 레벨,쌈채소에 하루살이벌레 수십게 붙어있길래 불러서 말하니까 쌈채소그릇 가져가더니 아무런응대도없고 볶음밥달라할때 쌈채소 벌레너무많으니까 한번다시 씻어야할거같다니까 대답도안하고감 ㅋㅋㅋㅋㅋㅋㅋ 개역겨워서 진짜 위생이라곤 없고 맛도 싱겁고 다신안갈곳 외국인상대하는곳같은데 사장인성 가게직원인성 위생까지 아주 더러운곳 다신안감 주변에 다가지말라할거임,쌈채소에 하루살이벌레 수십게 붙어있길래 불러서 말하니까 쌈채소그릇 가져가더니 아무런응대도없고 볶음밥달라할때 쌈채소 벌레너무많으니까 한번다시 씻어야할거같다니까 대답도안하고감 개역겨워서 진짜 위생이라곤 없고 맛도 싱겁고 다신안갈곳 외국인상대하는곳같은데 사장인성 가게직원인성 위생까지 아주 더러운곳 다신안감 주변에 다가지말라할거임,0,0,0,0,0,0,0,189,위생
naver,락희옥 마포본점,자감자,28.0,2025.12.20,1번째 방문,영수증,집앞 맛집 와인과 함께 분위기 내기 좋아요. 공덕맛집입니다.,33,True,,,,집앞 맛집 와인과 함께 분위기 내기 좋아요. 공덕맛집입니다.,집앞 맛집 와인과 함께 분위기 내기 좋아요 공덕맛집입니다,0,0,0,0,0,0,0,33,분위기
kakao,이태리국시 성수,김태규,1.0,2026-04-11,,,여자친구랑 벚꽃 데이트 왔다가 퓨전 파스타 집 유명하다해서 왔는데 진짜 맛있어요!!!!데이트 하기도 좋고 맛이랑 분위기 잘 어우러져서 너무 좋은 경험이였어요 여자친구도 다음에 또 오자하네요 트러플 거부감 있는 분도 여기 트러플은 향이 너무 심하지 않아서 즐길수 있을거 같아요!!!,156,True,5.0,5.0,브론즈 레벨,여자친구랑 벚꽃 데이트 왔다가 퓨전 파스타 집 유명하다해서 왔는데 진짜 맛있어요!!!!데이트 하기도 좋고 맛이랑 분위기 잘 어우러져서 너무 좋은 경험이였어요 여자친구도 다음에 또 오자하네요 트러플 거부감 있는 분도 여기 트러플은 향이 너무 심하지 않아서 즐길수 있을거 같아요!!!,여자친구랑 벚꽃 데이트 왔다가 퓨전 파스타 집 유명하다해서 왔는데 진짜 맛있어요 EXCLAM 데이트 하기도 좋고 맛이랑 분위기 잘 어우러져서 너무 좋은 경험이였어요 여자친구도 다음에 또 오자하네요 트러플 거부감 있는 분도 여기 트러플은 향이 너무 심하지 않아서 즐길수 있을거 같아요 EXCLAM,0,0,0,0,1,0,0,156,"분위기, 데이트"
kakao,이태리국시 성수,김동탁,4.0,2026-04-25,,,음식이 맛있고 식당 분위기가 좋아서 추천드려요,25,True,5.0,5.0,브론즈 레벨,음식이 맛있고 식당 분위기가 좋아서 추천드려요,음식이 맛있고 식당 분위기가 좋아서 추천드려요,0,0,0,0,0,0,0,25,분위기
kakao,쭌곱창,이경미,1.0,2025-03-03,,,직원분도 친절하시고 음식도 엄청 맛있었어용 내부 인테리어도 따뜻하고 아늑한 느낌이라 좋아요😊 여기오면 볶음밥 꼭 해드셔용,67,True,5.0,5.0,브론즈 레벨,직원분도 친절하시고 음식도 엄청 맛있었어용 내부 인테리어도 따뜻하고 아늑한 느낌이라 좋아요😊 여기오면 볶음밥 꼭 해드셔용,직원분도 친절하시고 음식도 엄청 맛있었어용 내부 인테리어도 따뜻하고 아늑한 느낌이라 좋아요 EMO_POS 여기오면 볶음밥 꼭 해드셔용,1,0,0,0,0,0,0,67,"인테리어, 내부"
kakao,육산장 홍대본점,dd,5.0,2025-06-14,,,분위기 좋고 고기 정말 맛있어요!,18,True,5.0,5.0,브론즈 레벨,분위기 좋고 고기 정말 맛있어요!,분위기 좋고 고기 정말 맛있어요 EXCLAM,0,0,0,0,1,0,0,18,분위기
kakao,소문난성수감자탕,난다요,18.0,2025-08-26,,,극 평범한 감자탕 .. 웨이팅 없이 들어와서 다행이지 기다렸으면 화날뻔 .. 걍 감자탕 맛이에요 무난무난 극무난 직원분들이 아무런 대답도 없이 응대하심 손님은 전부 외국인이라 여기가 외국인줄 ㄷㄷ 그냥 자리빨인듯 합니다 •• 볶음밥도 걍 감자탕 국물에 볶은 볶음밥 그 이상 그 이하도 아님 맛이 없진 않아요 공기밥 2천원 ~ 라면 4천원 참고 ❤️,194,False,1.0,3.1,실버 레벨,극 평범한 감자탕 .. 웨이팅 없이 들어와서 다행이지 기다렸으면 화날뻔 .. 걍 감자탕 맛이에요 무난무난 극무난 직원분들이 아무런 대답도 없이 응대하심 손님은 전부 외국인이라 여기가 외국인줄 ㄷㄷ 그냥 자리빨인듯 합니다 •• 볶음밥도 걍 감자탕 국물에 볶은 볶음밥 그 이상 그 이하도 아님 맛이 없진 않아요 공기밥 2천원 ~ 라면 4천원 참고 ❤️,극 평범한 감자탕 웨이팅 없이 들어와서 다행이지 기다렸으면 화날뻔 걍 감자탕 맛이에요 무난무난 극무난 직원분들이 아무런 대답도 없이 응대하심 손님은 전부 외국인이라 여기가 외국인줄 그냥 자리빨인듯 합니다 볶음밥도 걍 감자탕 국물에 볶은 볶음밥 그 이상 그 이하도 아님 맛이 없진 않아요 공기밥 2천원 라면 4천원 참고 EMO_POS,1,0,0,0,0,0,1,194,자리
naver,뼈탄집 성수역점,빵빵구르,151.0,2026.03.15,1번째 방문,영수증,"성수에 데이트 간 김에 맛집을 찾으러 카카오지도로 보는 중에 평이 너무 좋어서 반신반의하며 찾아 간곳이에요 ㅋㅋ 의심이 많은(?)지라 걱정 조금했지만 23년부터 블루리본 받은 곳이라 안심하며 갔어요 웬걸 ㅋㅋㅋ 성수인근이면 길게 웨이팅한 거 차고 대단한 맛집이 많지는 않은데 요기는 진짜 고기 찐찐맛집 세트메뉴 구성도 가격대비 품질좋고 양도 많아서 모임할 때도 부담없이 먹기 좋구요 일단 가장 중요한 ㅋㅋㅋ 고기가 존맛입니다 성수에 가면 항상 파스타 같은 것만 먹었었는데 이제는 요기 갈고야요 ㅎ 가족, 연인, 친구, 직장인 모두 다 좋아할 곳이에요 고기도 두툼하고 체인이라 다른 지점도 가볼계획 ㅋㅋ",336,True,,,,"성수에 데이트 간 김에 맛집을 찾으러 카카오지도로 보는 중에 평이 너무 좋어서 반신반의하며 찾아 간곳이에요 ㅋㅋ 의심이 많은(?)지라 걱정 조금했지만 23년부터 블루리본 받은 곳이라 안심하며 갔어요 웬걸 ㅋㅋㅋ 성수인근이면 길게 웨이팅한 거 차고 대단한 맛집이 많지는 않은데 요기는 진짜 고기 찐찐맛집 세트메뉴 구성도 가격대비 품질좋고 양도 많아서 모임할 때도 부담없이 먹기 좋구요 일단 가장 중요한 ㅋㅋㅋ 고기가 존맛입니다 성수에 가면 항상 파스타 같은 것만 먹었었는데 이제는 요기 갈고야요 ㅎ 가족, 연인, 친구, 직장인 모두 다 좋아할 곳이에요 고기도 두툼하고 체인이라 다른 지점도 가볼계획 ㅋㅋ",성수에 데이트 간 김에 맛집을 찾으러 카카오지도로 보는 중에 평이 너무 좋어서 반신반의하며 찾아 간곳이에요 의심이 많은 QUESTION 지라 걱정 조금했지만 23년부터 블루리본 받은 곳이라 안심하며 갔어요 웬걸 성수인근이면 길게 웨이팅한 거 차고 대단한 맛집이 많지는 않은데 요기는 진짜 고기 찐찐맛집 세트메뉴 구성도 가격대비 품질좋고 양도 많아서 모임할 때도 부담없이 먹기 좋구요 일단 가장 중요한 고기가 존맛입니다 성수에 가면 항상 파스타 같은 것만 먹었었는데 이제는 요기 갈고야요 가족 연인 친구 직장인 모두 다 좋아할 곳이에요 고기도 두툼하고 체인이라 다른 지점도 가볼계획,0,0,0,0,0,1,1,336,데이트
kakao,장인닭갈비 홍대점,마포 어둠의 맛집저격수,67.0,2025-12-10,,,생각보다? 맛있다 홍대 메인 거리에 외국인만 잔뜩 웨이팅하고 있어서 별로일 거 같지만 은근 맛있다. 또 외국인도 먹을 수 있게 별로 맵지 않아서 나 같은 맵찔이한테 좋다. 근처에 마땅히 밥 먹을 곳이 없다면 나쁘지 않다. 다만 좌석이 다닥다닥 있어서 좀 좁다.,145,False,3.0,4.2,골드 레벨,생각보다? 맛있다 홍대 메인 거리에 외국인만 잔뜩 웨이팅하고 있어서 별로일 거 같지만 은근 맛있다. 또 외국인도 먹을 수 있게 별로 맵지 않아서 나 같은 맵찔이한테 좋다. 근처에 마땅히 밥 먹을 곳이 없다면 나쁘지 않다. 다만 좌석이 다닥다닥 있어서 좀 좁다.,생각보다 QUESTION 맛있다 홍대 메인 거리에 외국인만 잔뜩 웨이팅하고 있어서 별로일 거 같지만 은근 맛있다 또 외국인도 먹을 수 있게 별로 맵지 않아서 나 같은 맵찔이한테 좋다 근처에 마땅히 밥 먹을 곳이 없다면 나쁘지 않다 다만 좌석이 다닥다닥 있어서 좀 좁다,0,0,0,0,0,1,0,145,좁
naver,각시보쌈,헤시시,495.0,2025.07.23,5번째 방문,영수증,"이미 수십 번은 방문했던 집이에요. 늦은 점심에 혼밥으로, 친구 동료를 초대하기도 좋습니다. 저녁에 가면 요리로 주문해서 한잔 했겠지만. 점심에 이만한 가성비는 어디에도 없을 거예요. 오늘은 외국인 친구들이랑 같이 갔는데, 모두들 엄지척 올려주더군요. 또 뵙겠습니다.",149,True,,,,"이미 수십 번은 방문했던 집이에요. 늦은 점심에 혼밥으로, 친구 동료를 초대하기도 좋습니다. 저녁에 가면 요리로 주문해서 한잔 했겠지만. 점심에 이만한 가성비는 어디에도 없을 거예요. 오늘은 외국인 친구들이랑 같이 갔는데, 모두들 엄지척 올려주더군요. 또 뵙겠습니다.",이미 수십 번은 방문했던 집이에요 늦은 점심에 혼밥으로 친구 동료를 초대하기도 좋습니다 저녁에 가면 요리로 주문해서 한잔 했겠지만 점심에 이만한 가성비는 어디에도 없을 거예요 오늘은 외국인 친구들이랑 같이 갔는데 모두들 엄지척 올려주더군요 또 뵙겠습니다,0,0,0,0,0,0,0,149,혼밥
kakao,홍대 조선시대,윤정은,1.0,2026-02-07,,,직원분들 친절하시구 분위기가 좋아요~!,21,True,5.0,5.0,브론즈 레벨,직원분들 친절하시구 분위기가 좋아요~!,직원분들 친절하시구 분위기가 좋아요 EXCLAM,0,0,0,0,1,0,0,21,분위기
naver,능동미나리 성수지점,yan****,30.0,2025.12.29,1번째 방문,영수증,"장사가 잘되는 매장이라 좌석을 늘리려는 점은 이해합니다. 다만 직원들이 계속 오가는 통로이자 식기 정리 공간 앞에 테이블이 배치되어 있어 식사 환경이 매우 불편했습니다. 식사 중 일부 직원이 바로 옆에서 잡담과 욕설을 하는 상황도 있었고, 그로 인해 불쾌감을 느꼈습니다. 좌석 배치와 직원 관리 전반에 대한 개선이 필요해 보입니다. 종종 방문하던 곳이었는데 성수점은 재방문하지 않을 것 같네요.",220,False,,,,"장사가 잘되는 매장이라 좌석을 늘리려는 점은 이해합니다. 다만 직원들이 계속 오가는 통로이자 식기 정리 공간 앞에 테이블이 배치되어 있어 식사 환경이 매우 불편했습니다. 식사 중 일부 직원이 바로 옆에서 잡담과 욕설을 하는 상황도 있었고, 그로 인해 불쾌감을 느꼈습니다. 좌석 배치와 직원 관리 전반에 대한 개선이 필요해 보입니다. 종종 방문하던 곳이었는데 성수점은 재방문하지 않을 것 같네요.",장사가 잘되는 매장이라 좌석을 늘리려는 점은 이해합니다 다만 직원들이 계속 오가는 통로이자 식기 정리 공간 앞에 테이블이 배치되어 있어 식사 환경이 매우 불편했습니다 식사 중 일부 직원이 바로 옆에서 잡담과 욕설을 하는 상황도 있었고 그로 인해 불쾌감을 느꼈습니다 좌석 배치와 직원 관리 전반에 대한 개선이 필요해 보입니다 종종 방문하던 곳이었는데 성수점은 재방문하지 않을 것 같네요,0,0,0,0,0,0,0,220,"매장, 공간, 테이블"
naver,조선시대,반포자이사모님,12.0,2026.02.14,1번째 방문,영수증,안주 맛있고 막걸리 너무 맛있게 마셨어요! 분위기도 신나고 게임들도 많고 재밌는 곳!,47,True,,,,안주 맛있고 막걸리 너무 맛있게 마셨어요! 분위기도 신나고 게임들도 많고 재밌는 곳!,안주 맛있고 막걸리 너무 맛있게 마셨어요 EXCLAM 분위기도 신나고 게임들도 많고 재밌는 곳 EXCLAM,0,0,0,0,1,0,0,47,분위기
kakao,각시보쌈,리뷰어,1.0,2025-09-18,,,여자 혼자 밥 천천히 먹으면 직원 분이 다가와 귓속말로 빨리 치우게 나가라고 합니다. 뭐라고 하신 거냐 물어보니 아무것도 아니라고 손사레 치십니다. 당당하게 하실 말씀이면 큰 소리로 외치시지 왜 조용히 귓속말로 하세요? 매니저분께서 정중히 사과해 주시고 시정하시겠다 했지만 재방문 의사 없습니다. 이런 일이 몇 번 있었다고 하셨고 그래서 직원들에게 하지 말라고 말하셨다는데 그럼 저한테도 그러셨으면 안 되죠,227,True,1.0,1.0,브론즈 레벨,여자 혼자 밥 천천히 먹으면 직원 분이 다가와 귓속말로 빨리 치우게 나가라고 합니다. 뭐라고 하신 거냐 물어보니 아무것도 아니라고 손사레 치십니다. 당당하게 하실 말씀이면 큰 소리로 외치시지 왜 조용히 귓속말로 하세요? 매니저분께서 정중히 사과해 주시고 시정하시겠다 했지만 재방문 의사 없습니다. 이런 일이 몇 번 있었다고 하셨고 그래서 직원들에게 하지 말라고 말하셨다는데 그럼 저한테도 그러셨으면 안 되죠,여자 혼자 밥 천천히 먹으면 직원 분이 다가와 귓속말로 빨리 치우게 나가라고 합니다 뭐라고 하신 거냐 물어보니 아무것도 아니라고 손사레 치십니다 당당하게 하실 말씀이면 큰 소리로 외치시지 왜 조용히 귓속말로 하세요 QUESTION 매니저분께서 정중히 사과해 주시고 시정하시겠다 했지만 재방문 의사 없습니다 이런 일이 몇 번 있었다고 하셨고 그래서 직원들에게 하지 말라고 말하셨다는데 그럼 저한테도 그러셨으면 안 되죠,0,0,0,0,0,1,0,227,조용
naver,소문난성수감자탕,seo****,129.0,2026.03.12,1번째 방문,영수증,"오늘 오빠랑 같이 성수동 데이트하러 왔다 근데 내가 꼭 가고싶은 유명한 소문난 성수감자탕 와보고 싶었다.근데 왠일 웨이팅이 없어서 곧바로 입장해줄수 있어서 감사했다. 정말 국물이 진하고 맛있었고,또 소스가 독특하게 맛있었다.그리고 수제비도 직접 나와서 해주시고 정말 배부르게 잘먹고 왔다 오빠 맛있게 잘먹었어요~ ㅎㅎ",177,True,,,,"오늘 오빠랑 같이 성수동 데이트하러 왔다 근데 내가 꼭 가고싶은 유명한 소문난 성수감자탕 와보고 싶었다.근데 왠일 웨이팅이 없어서 곧바로 입장해줄수 있어서 감사했다. 정말 국물이 진하고 맛있었고,또 소스가 독특하게 맛있었다.그리고 수제비도 직접 나와서 해주시고 정말 배부르게 잘먹고 왔다 오빠 맛있게 잘먹었어요~ ㅎㅎ",오늘 오빠랑 같이 성수동 데이트하러 왔다 근데 내가 꼭 가고싶은 유명한 소문난 성수감자탕 와보고 싶었다 근데 왠일 웨이팅이 없어서 곧바로 입장해줄수 있어서 감사했다 정말 국물이 진하고 맛있었고 또 소스가 독특하게 맛있었다 그리고 수제비도 직접 나와서 해주시고 정말 배부르게 잘먹고 왔다 오빠 맛있게 잘먹었어요,0,0,0,0,0,0,0,177,데이트
kakao,홍대 조선시대,케레케레켈켈,1.0,2026-01-13,,,대창이랑 감자튀김 무엇보다 기본안주가 너무 맛있어요! 무엇보다 화장실이 엄청 깨끗합니다!!! 좌식으로 좌석이 따로 잇는 것도 너무 좋았어요ㅠㅠ 다음에 또 올듯!!!!,92,True,5.0,5.0,브론즈 레벨,대창이랑 감자튀김 무엇보다 기본안주가 너무 맛있어요! 무엇보다 화장실이 엄청 깨끗합니다!!! 좌식으로 좌석이 따로 잇는 것도 너무 좋았어요ㅠㅠ 다음에 또 올듯!!!!,대창이랑 감자튀김 무엇보다 기본안주가 너무 맛있어요 EXCLAM 무엇보다 화장실이 엄청 깨끗합니다 EXCLAM 좌식으로 좌석이 따로 잇는 것도 너무 좋았어요 다음에 또 올듯 EXCLAM,0,0,0,1,1,0,0,92,화장실
kakao,쭌곱창,ㅎ,2.0,2025-06-28,,,매장이 넓진 않지만 아늑한 분위기라 친구들이랑 조용히 떠들면서 먹기에 ㅈ정말 좋았고 양이 정말 푸짐해서 좋았어요,62,True,5.0,5.0,브론즈 레벨,매장이 넓진 않지만 아늑한 분위기라 친구들이랑 조용히 떠들면서 먹기에 ㅈ정말 좋았고 양이 정말 푸짐해서 좋았어요,매장이 넓진 않지만 아늑한 분위기라 친구들이랑 조용히 떠들면서 먹기에 정말 좋았고 양이 정말 푸짐해서 좋았어요,0,0,0,0,0,0,0,62,"분위기, 매장, 조용, 넓"
kakao,쭌곱창,김소정,1.0,2025-01-27,,,세트로 시켜드세요~~ 게란찜까지 야무지고 분위기도 좋고 직원분도 친절하세용,41,False,5.0,5.0,브론즈 레벨,세트로 시켜드세요~~ 게란찜까지 야무지고 분위기도 좋고 직원분도 친절하세용,세트로 시켜드세요 TILDE 게란찜까지 야무지고 분위기도 좋고 직원분도 친절하세용,0,0,0,0,0,0,0,41,분위기
naver,일등식당,It from bit,432.0,2025.05.08,1번째 방문,영수증,"뼈해장국의 표본 질 좋은 고기, 푸짐한 양, 적당한 청결함과 친절함 자극적이지 않은 국물, 잘 익은 우거지 포장하면 양은 더 많아진다 가끔 일부러 찾게되는 식당",89,True,,,,"뼈해장국의 표본 질 좋은 고기, 푸짐한 양, 적당한 청결함과 친절함 자극적이지 않은 국물, 잘 익은 우거지 포장하면 양은 더 많아진다 가끔 일부러 찾게되는 식당",뼈해장국의 표본 질 좋은 고기 푸짐한 양 적당한 청결함과 친절함 자극적이지 않은 국물 잘 익은 우거지 포장하면 양은 더 많아진다 가끔 일부러 찾게되는 식당,0,0,0,0,0,0,0,89,청결
kakao,홍대 조선시대,김예지,1.0,2026-04-25,,,막걸리랑 잘 어울리는 안주 찾다가 방문했는데 분위기도 좋고 음식도 깔끔하네요. 특히 안주가 술이 술술 들어갈 메뉴네요 ㅎㅎ다음에 또 들를게요!,79,False,5.0,5.0,브론즈 레벨,막걸리랑 잘 어울리는 안주 찾다가 방문했는데 분위기도 좋고 음식도 깔끔하네요. 특히 안주가 술이 술술 들어갈 메뉴네요 ㅎㅎ다음에 또 들를게요!,막걸리랑 잘 어울리는 안주 찾다가 방문했는데 분위기도 좋고 음식도 깔끔하네요 특히 안주가 술이 술술 들어갈 메뉴네요 다음에 또 들를게요 EXCLAM,0,0,0,0,1,0,0,79,"분위기, 깔끔"
naver,굴다리식당,말랑8383,76.0,2026.01.18,1번째 방문,영수증,홍석천이 원일 형님 채널 보고 꽃혀서 바로 와이프와 찾아 갔는데 주변에 유료 주차를 해야 되는 단점을 제외하고는 우리 부부가 좋아하는 김치찌개 와 제육볶음 계란말이 스타일이라 만족스러운 한끼였습니다 아침 여덟 시부터 밤 열 시까지 라는 매력적인 운영 시간이 아주 장점 입니다 포장도 가능합니다 인근 주차장은 30분의 2000원 십 분당 1000원 정도에 주차비라 조금 아쉽지만 지역 특성상 주차 할 곳이 있는 것만 해도 다행스럽 습니다,243,True,,,,홍석천이 원일 형님 채널 보고 꽃혀서 바로 와이프와 찾아 갔는데 주변에 유료 주차를 해야 되는 단점을 제외하고는 우리 부부가 좋아하는 김치찌개 와 제육볶음 계란말이 스타일이라 만족스러운 한끼였습니다 아침 여덟 시부터 밤 열 시까지 라는 매력적인 운영 시간이 아주 장점 입니다 포장도 가능합니다 인근 주차장은 30분의 2000원 십 분당 1000원 정도에 주차비라 조금 아쉽지만 지역 특성상 주차 할 곳이 있는 것만 해도 다행스럽 습니다,홍석천이 원일 형님 채널 보고 꽃혀서 바로 와이프와 찾아 갔는데 주변에 유료 주차를 해야 되는 단점을 제외하고는 우리 부부가 좋아하는 김치찌개 와 제육볶음 계란말이 스타일이라 만족스러운 한끼였습니다 아침 여덟 시부터 밤 열 시까지 라는 매력적인 운영 시간이 아주 장점 입니다 포장도 가능합니다 인근 주차장은 30분의 2000원 십 분당 1000원 정도에 주차비라 조금 아쉽지만 지역 특성상 주차 할 곳이 있는 것만 해도 다행스럽 습니다,0,0,0,0,0,0,1,243,주차
naver,육산장 홍대본점,A영2,127.0,2026.03.27,1번째 방문,영수증,고기 맛있구 양도 많아여! 알바 분들도 친절하시구 야장 분위기도 좋고ㅠ 요즘 어기 딱입니두!,51,True,,,,고기 맛있구 양도 많아여! 알바 분들도 친절하시구 야장 분위기도 좋고ㅠ 요즘 어기 딱입니두!,고기 맛있구 양도 많아여 EXCLAM 알바 분들도 친절하시구 야장 분위기도 좋고 요즘 어기 딱입니두 EXCLAM,0,0,0,0,1,0,0,51,분위기
naver,옥동식,jan****,39.0,2025.12.23,1번째 방문,영수증,아침에 원격 캐치 테이블로 걸고 갔는데도 테이블수가 적어서 앞에서 조금 대기했어요. 느끼한 돼지고기 맛 하나도 안나고 깔끔한 국물에 고추지가 진짜 킥에에요ㅜ 아쉽게도 쉐프님은 없었지만 직원 분들도 친절하고 깔끔 하셨습니다. 조용해서 혼밥해도 부담없어여! 아 또먹고싶다 🥹,151,True,,,,아침에 원격 캐치 테이블로 걸고 갔는데도 테이블수가 적어서 앞에서 조금 대기했어요. 느끼한 돼지고기 맛 하나도 안나고 깔끔한 국물에 고추지가 진짜 킥에에요ㅜ 아쉽게도 쉐프님은 없었지만 직원 분들도 친절하고 깔끔 하셨습니다. 조용해서 혼밥해도 부담없어여! 아 또먹고싶다 🥹,아침에 원격 캐치 테이블로 걸고 갔는데도 테이블수가 적어서 앞에서 조금 대기했어요 느끼한 돼지고기 맛 하나도 안나고 깔끔한 국물에 고추지가 진짜 킥에에요 아쉽게도 쉐프님은 없었지만 직원 분들도 친절하고 깔끔 하셨습니다 조용해서 혼밥해도 부담없어여 EXCLAM 아 또먹고싶다,0,0,0,0,1,0,0,151,"테이블, 깔끔, 조용, 혼밥"
naver,조선시대,yoo****,31.0,2026.03.07,1번째 방문,영수증,낙곱새 먹어봤는데 너무 맛있고 양도 너무 많아요 분위기도 너무 좋아요 또 올게요~,45,True,,,,낙곱새 먹어봤는데 너무 맛있고 양도 너무 많아요 분위기도 너무 좋아요 또 올게요~,낙곱새 먹어봤는데 너무 맛있고 양도 너무 많아요 분위기도 너무 좋아요 또 올게요,0,0,0,0,0,0,0,45,분위기
naver,육산장 홍대본점,한주아53,38.0,2026.02.06,1번째 방문,영수증,오랜만에 엄마랑 데이트~!! 맛있게 잘먹었습니다 육회는 필수로 드셔보세요!! 날치알 조합... 맛없없 임 진짜,61,True,,,,오랜만에 엄마랑 데이트~!! 맛있게 잘먹었습니다 육회는 필수로 드셔보세요!! 날치알 조합... 맛없없 임 진짜,오랜만에 엄마랑 데이트 EXCLAM 맛있게 잘먹었습니다 육회는 필수로 드셔보세요 EXCLAM 날치알 조합 맛없없 임 진짜,0,0,0,0,1,0,0,61,데이트
kakao,이태리국시 성수,서연우,1.0,2026-04-06,,,음식 맛있고 매장이 이뻐서 분위기 좋아요,22,True,4.0,4.0,브론즈 레벨,음식 맛있고 매장이 이뻐서 분위기 좋아요,음식 맛있고 매장이 이뻐서 분위기 좋아요,0,0,0,0,0,0,0,22,"분위기, 매장"
kakao,원조조박집 본관,치릿치릿,4.0,2025-03-21,,,넘 정신없어요 생갈비/양념갈비 다 먹었는데 3대갈비인지는 잘.. 너무 시끄럽고 정싱없어요ㅠㅠ,51,True,2.0,4.3,브론즈 레벨,넘 정신없어요 생갈비/양념갈비 다 먹었는데 3대갈비인지는 잘.. 너무 시끄럽고 정싱없어요ㅠㅠ,넘 정신없어요 생갈비 양념갈비 다 먹었는데 3대갈비인지는 잘 너무 시끄럽고 정싱없어요,0,0,0,1,0,0,1,51,시끄럽
naver,쭌곱창,히힉힣ㅎ힣,8.0,2026.04.23,1번째 방문,영수증,낭만 가득한 인테리어와 맛있는 음식에 첫 데이트 장소로 골랐었는데 그때 이후로 좋은 관계로 발전해서 연인과 기념일마다 식사하러 오고있어요!,77,True,,,,낭만 가득한 인테리어와 맛있는 음식에 첫 데이트 장소로 골랐었는데 그때 이후로 좋은 관계로 발전해서 연인과 기념일마다 식사하러 오고있어요!,낭만 가득한 인테리어와 맛있는 음식에 첫 데이트 장소로 골랐었는데 그때 이후로 좋은 관계로 발전해서 연인과 기념일마다 식사하러 오고있어요 EXCLAM,0,0,0,0,1,0,0,77,"인테리어, 데이트"
kakao,육산장 홍대본점,문은진,1.0,2025-03-28,,,일단! 분위기가 너무 좋아요.. 진짜 놀러온 느낌! 사장님도 넘 친절하시구 중간중간 가게 디테일이 찾는 재미도 있고 또 오게 만듭니다! 앞으로 정말 자주 올 것 같아요! 고기 안 구워도 되고 고기로 맛있습니다~! 육산장 하이볼은 꼭 드세요 넘 맛있고 소주 한병 섞으면 딱 좋음,154,True,5.0,5.0,브론즈 레벨,일단! 분위기가 너무 좋아요.. 진짜 놀러온 느낌! 사장님도 넘 친절하시구 중간중간 가게 디테일이 찾는 재미도 있고 또 오게 만듭니다! 앞으로 정말 자주 올 것 같아요! 고기 안 구워도 되고 고기로 맛있습니다~! 육산장 하이볼은 꼭 드세요 넘 맛있고 소주 한병 섞으면 딱 좋음,일단 EXCLAM 분위기가 너무 좋아요 진짜 놀러온 느낌 EXCLAM 사장님도 넘 친절하시구 중간중간 가게 디테일이 찾는 재미도 있고 또 오게 만듭니다 EXCLAM 앞으로 정말 자주 올 것 같아요 EXCLAM 고기 안 구워도 되고 고기로 맛있습니다 EXCLAM 육산장 하이볼은 꼭 드세요 넘 맛있고 소주 한병 섞으면 딱 좋음,0,0,0,0,1,0,0,154,분위기
naver,육산장 홍대본점,kah****,3.0,2026.02.26,1번째 방문,영수증,맛 짱! 친절 짱! 분위기 짱짱짱! 흠잡을 데 없이 맛있는 음식과 멋진 인테리어 덕준이 친구와의 우정이 한결 더 업업업~,67,True,,,,맛 짱! 친절 짱! 분위기 짱짱짱! 흠잡을 데 없이 맛있는 음식과 멋진 인테리어 덕준이 친구와의 우정이 한결 더 업업업~,맛 짱 EXCLAM 친절 짱 EXCLAM 분위기 짱짱 EXCLAM 흠잡을 데 없이 맛있는 음식과 멋진 인테리어 덕준이 친구와의 우정이 한결 더 업업,0,0,0,0,1,0,0,67,"분위기, 인테리어"
naver,소문난성수감자탕,블라초,1880.0,2026.02.17,1번째 방문,영수증,성수동에서 43년 정도 된 유명한 감자탕집. 이 집은 365일 1년 내내 휴무일이 아예 없고 24시간 영업하는 요즘 보기 드문 천연기념물 식당이다. 설날 당일까지도 혼밥 손님을 포함해 사람들이 꾸준히 들어오고 나가고 있었다. 포장 손님들도 상당히 많은 집. 공깃밥 퀄이 괜찮고 해장국(감자국) 안에 고기 뼈다귀가 꽤 많이 들어가 있는 게 특징이다. 네이버에 블라초블로그 검색,209,True,,,,성수동에서 43년 정도 된 유명한 감자탕집. 이 집은 365일 1년 내내 휴무일이 아예 없고 24시간 영업하는 요즘 보기 드문 천연기념물 식당이다. 설날 당일까지도 혼밥 손님을 포함해 사람들이 꾸준히 들어오고 나가고 있었다. 포장 손님들도 상당히 많은 집. 공깃밥 퀄이 괜찮고 해장국(감자국) 안에 고기 뼈다귀가 꽤 많이 들어가 있는 게 특징이다. 네이버에 블라초블로그 검색,성수동에서 43년 정도 된 유명한 감자탕집 이 집은 365일 1년 내내 휴무일이 아예 없고 24시간 영업하는 요즘 보기 드문 천연기념물 식당이다 설날 당일까지도 혼밥 손님을 포함해 사람들이 꾸준히 들어오고 나가고 있었다 포장 손님들도 상당히 많은 집 공깃밥 퀄이 괜찮고 해장국 감자국 안에 고기 뼈다귀가 꽤 많이 들어가 있는 게 특징이다 네이버에 블라초블로그 검색,0,0,0,0,0,0,1,209,혼밥
naver,조선시대,By_Chan,297.0,2026.02.02,1번째 방문,영수증,독특한 인테리어에 엄청 넓은 매장! 안주도 기대보다 맛있었습니다!!😳 맛있게 잘 먹고 갑니다🙌🏻🙌🏻,55,True,,,,독특한 인테리어에 엄청 넓은 매장! 안주도 기대보다 맛있었습니다!!😳 맛있게 잘 먹고 갑니다🙌🏻🙌🏻,독특한 인테리어에 엄청 넓은 매장 EXCLAM 안주도 기대보다 맛있었습니다 EXCLAM 맛있게 잘 먹고 갑니다 EMO_POS EMO_POS,1,0,0,0,1,0,0,55,"인테리어, 매장, 넓"
naver,조선시대,아잉아잉잉,37.0,2026.04.24,1번째 방문,영수증,가게도 넓고 메뉴도 다양합니다! 딸기 막걸리도 너무 맛있어요 재방문의사 있습니다!,45,False,,,,가게도 넓고 메뉴도 다양합니다! 딸기 막걸리도 너무 맛있어요 재방문의사 있습니다!,가게도 넓고 메뉴도 다양합니다 EXCLAM 딸기 막걸리도 너무 맛있어요 재방문의사 있습니다 EXCLAM,0,0,0,0,1,0,0,45,넓
naver,이태리국시 성수,비와별이내리는밤,39.0,2026.05.04,1번째 방문,영수증,찐 성수맛집!! 메뉴 하나하나 다 맛있어요 분위기도 좋고 무엇보다 재료가 신선하고 맛있어서 만족도가 높았어요 음식도 빨리 나오고 남김없이 다 먹었어요 또 오고 싶어요 ㅎㅎ,95,True,,,,찐 성수맛집!! 메뉴 하나하나 다 맛있어요 분위기도 좋고 무엇보다 재료가 신선하고 맛있어서 만족도가 높았어요 음식도 빨리 나오고 남김없이 다 먹었어요 또 오고 싶어요 ㅎㅎ,찐 성수맛집 EXCLAM 메뉴 하나하나 다 맛있어요 분위기도 좋고 무엇보다 재료가 신선하고 맛있어서 만족도가 높았어요 음식도 빨리 나오고 남김없이 다 먹었어요 또 오고 싶어요,0,0,0,0,1,0,0,95,분위기
naver,이태리국시 성수,주제주제,42.0,2026.04.18,1번째 방문,영수증,음식이너무 독특하면서 너무 맛있어요 !!!! 다음에 또 방문할게요💘 분위기도 좋아서 기념일에 오몀좋을 것 같아요!,63,True,,,,음식이너무 독특하면서 너무 맛있어요 !!!! 다음에 또 방문할게요💘 분위기도 좋아서 기념일에 오몀좋을 것 같아요!,음식이너무 독특하면서 너무 맛있어요 EXCLAM 다음에 또 방문할게요 EMO_POS 분위기도 좋아서 기념일에 오몀좋을 것 같아요 EXCLAM,1,0,0,0,1,0,0,63,분위기
naver,옥동식,예나리8,11.0,2025.09.03,1번째 방문,예약,근처갔다가 유명해서 들렸어요 저녁 시간대라 한 50분 기다렸고 원래 깔끔한 음식 좋아하는데 저는 조금 실망했어요 😢 국물 자체는 생강 향이 짙고 시트러스한 상큼함 넘 좋았는데 국물의 온도가 저는 많이 아쉬웠어요 😭😭 저는 한번 경험이면 충분할듯해요 🥺,140,True,,,,근처갔다가 유명해서 들렸어요 저녁 시간대라 한 50분 기다렸고 원래 깔끔한 음식 좋아하는데 저는 조금 실망했어요 😢 국물 자체는 생강 향이 짙고 시트러스한 상큼함 넘 좋았는데 국물의 온도가 저는 많이 아쉬웠어요 😭😭 저는 한번 경험이면 충분할듯해요 🥺,근처갔다가 유명해서 들렸어요 저녁 시간대라 한 50분 기다렸고 원래 깔끔한 음식 좋아하는데 저는 조금 실망했어요 EMO_NEG 국물 자체는 생강 향이 짙고 시트러스한 상큼함 넘 좋았는데 국물의 온도가 저는 많이 아쉬웠어요 EMO_NEG EMO_NEG 저는 한번 경험이면 충분할듯해요,0,1,0,0,0,0,1,140,깔끔
naver,뼈탄집 성수역점,laaaaaa,39.0,2026.02.24,1번째 방문,영수증,매장 엄청 넓구 진짜 친절하시고 맛있어요!! 추천합니다,30,True,,,,매장 엄청 넓구 진짜 친절하시고 맛있어요!! 추천합니다,매장 엄청 넓구 진짜 친절하시고 맛있어요 EXCLAM 추천합니다,0,0,0,0,1,0,0,30,"매장, 넓"
naver,훼미리손칼국수보쌈,퀸카72,20.0,2025.06.27,1번째 방문,예약,"뚝섬역 근처 전시관 관람후, 나혼자 산다 프로그램에 나온 집이라 하여 방문함. 8시반 쯤 방문했는데. 곳곳 자리에 사람들이 많이 있어서 TV에 나온 그 맛집이구나 햇다. 보쌈 제외하고는 칼국수는 그닥이고. 무엇보다 칼국수 맛집에서 나오는 겉절이 김치는 아니고 밑반찬 김치는 정갈하게 나오지 않고, 재활용 하는듯한 느낌을 받음. 무엇보다 식사를 하고 있는 와중에 테이블에 와서 탁자 정리를 하지않나, 옆에 있는 쓰레기통 비우기, 식당 바닥 청소하기 등. 자기네들은 빨리 퇴근해서 집에 가고싶겠지만, 아직 손님이 식사를 하고 있는데 빨리 나가라고 하는건지. 어차피 다시 올 집 아니란 생각으로 급하게 마무리 하듯 먹다 나옴. 그리고, 연예인들이 간 집이라고 해서 다 맛집은 아니구나 또 한번 느끼고 온 날이다.",395,True,,,,"뚝섬역 근처 전시관 관람후, 나혼자 산다 프로그램에 나온 집이라 하여 방문함. 8시반 쯤 방문했는데. 곳곳 자리에 사람들이 많이 있어서 TV에 나온 그 맛집이구나 햇다. 보쌈 제외하고는 칼국수는 그닥이고. 무엇보다 칼국수 맛집에서 나오는 겉절이 김치는 아니고 밑반찬 김치는 정갈하게 나오지 않고, 재활용 하는듯한 느낌을 받음. 무엇보다 식사를 하고 있는 와중에 테이블에 와서 탁자 정리를 하지않나, 옆에 있는 쓰레기통 비우기, 식당 바닥 청소하기 등. 자기네들은 빨리 퇴근해서 집에 가고싶겠지만, 아직 손님이 식사를 하고 있는데 빨리 나가라고 하는건지. 어차피 다시 올 집 아니란 생각으로 급하게 마무리 하듯 먹다 나옴. 그리고, 연예인들이 간 집이라고 해서 다 맛집은 아니구나 또 한번 느끼고 온 날이다.",뚝섬역 근처 전시관 관람후 나혼자 산다 프로그램에 나온 집이라 하여 방문함 8시반 쯤 방문했는데 곳곳 자리에 사람들이 많이 있어서 TV에 나온 그 맛집이구나 햇다 보쌈 제외하고는 칼국수는 그닥이고 무엇보다 칼국수 맛집에서 나오는 겉절이 김치는 아니고 밑반찬 김치는 정갈하게 나오지 않고 재활용 하는듯한 느낌을 받음 무엇보다 식사를 하고 있는 와중에 테이블에 와서 탁자 정리를 하지않나 옆에 있는 쓰레기통 비우기 식당 바닥 청소하기 등 자기네들은 빨리 퇴근해서 집에 가고싶겠지만 아직 손님이 식사를 하고 있는데 빨리 나가라고 하는건지 어차피 다시 올 집 아니란 생각으로 급하게 마무리 하듯 먹다 나옴 그리고 연예인들이 간 집이라고 해서 다 맛집은 아니구나 또 한번 느끼고 온 날이다,0,0,0,0,0,0,1,395,"자리, 테이블"
kakao,뼈탄집 성수역점,빠방,13.0,2026-01-14,,,고기 맛집으로 유명한 뼈탄집 서촌 본점 방문했다가 너무 맛있어서 성수동 놀러온 김에 또 들렸어요 고기도 직접 다 구워주시니까 데이트 하기 너무 좋아요 !,85,True,5.0,4.7,브론즈 레벨,고기 맛집으로 유명한 뼈탄집 서촌 본점 방문했다가 너무 맛있어서 성수동 놀러온 김에 또 들렸어요 고기도 직접 다 구워주시니까 데이트 하기 너무 좋아요 !,고기 맛집으로 유명한 뼈탄집 서촌 본점 방문했다가 너무 맛있어서 성수동 놀러온 김에 또 들렸어요 고기도 직접 다 구워주시니까 데이트 하기 너무 좋아요 EXCLAM,0,0,0,0,1,0,0,85,데이트
kakao,이태리국시 성수,서희,1.0,2026-04-03,,,어디 갈 지 고민하다 가까운 곳으로 왔는데 와보니 분위기도 너무 좋고 맛도 너무 괜찮았어요 커플끼리 오세요~,60,True,5.0,5.0,브론즈 레벨,어디 갈 지 고민하다 가까운 곳으로 왔는데 와보니 분위기도 너무 좋고 맛도 너무 괜찮았어요 커플끼리 오세요~,어디 갈 지 고민하다 가까운 곳으로 왔는데 와보니 분위기도 너무 좋고 맛도 너무 괜찮았어요 커플끼리 오세요,0,0,0,0,0,0,0,60,분위기
kakao,육산장 홍대본점,이가은,1.0,2025-08-15,,,맛있어요! 분위기도 좋고 캠핑하는 느낌이 나네요! 다음에 다시 오고싶을 것 같아요:),47,True,5.0,5.0,브론즈 레벨,맛있어요! 분위기도 좋고 캠핑하는 느낌이 나네요! 다음에 다시 오고싶을 것 같아요:),맛있어요 EXCLAM 분위기도 좋고 캠핑하는 느낌이 나네요 EXCLAM 다음에 다시 오고싶을 것 같아요,0,0,0,0,1,0,0,47,분위기
kakao,육산장 홍대본점,HK,1.0,2025-05-09,,,고기 맛나고 분위기도 좋아용 :) 캠핑장에온거같아요,28,True,5.0,5.0,브론즈 레벨,고기 맛나고 분위기도 좋아용 :) 캠핑장에온거같아요,고기 맛나고 분위기도 좋아용 캠핑장에온거같아요,0,0,0,0,0,0,0,28,분위기
kakao,홍대 조선시대,배수훈,1.0,2026-02-28,,,"친구랑 홍대 조선시대에 다녀왔어요 🍻 분위기도 편하고 가볍게 한잔하기 좋더라고요. 라볶이랑 김치전을 시켜서 먹었는데 둘 다 진짜 맛있었어요 😋 라볶이는 매콤달콤해서 술이랑 잘 어울렸고, 김치전은 바삭하면서 김치 맛이 잘 살아있어서 계속 손이 갔습니다. 친구랑 편하게 술 한잔하면서 맛있는 안주 먹기 좋은 곳이라 다음에 또 올 것 같아요 👍",189,True,5.0,5.0,브론즈 레벨,"친구랑 홍대 조선시대에 다녀왔어요 🍻 분위기도 편하고 가볍게 한잔하기 좋더라고요. 라볶이랑 김치전을 시켜서 먹었는데 둘 다 진짜 맛있었어요 😋 라볶이는 매콤달콤해서 술이랑 잘 어울렸고, 김치전은 바삭하면서 김치 맛이 잘 살아있어서 계속 손이 갔습니다. 친구랑 편하게 술 한잔하면서 맛있는 안주 먹기 좋은 곳이라 다음에 또 올 것 같아요 👍",친구랑 홍대 조선시대에 다녀왔어요 분위기도 편하고 가볍게 한잔하기 좋더라고요 라볶이랑 김치전을 시켜서 먹었는데 둘 다 진짜 맛있었어요 EMO_POS 라볶이는 매콤달콤해서 술이랑 잘 어울렸고 김치전은 바삭하면서 김치 맛이 잘 살아있어서 계속 손이 갔습니다 친구랑 편하게 술 한잔하면서 맛있는 안주 먹기 좋은 곳이라 다음에 또 올 것 같아요 EMO_POS,1,0,0,0,0,0,0,189,분위기
kakao,육산장 홍대본점,예희,1.0,2025-10-11,,,야외도 있어서 분위기 좋고 맛있어오,19,True,5.0,5.0,브론즈 레벨,야외도 있어서 분위기 좋고 맛있어오,야외도 있어서 분위기 좋고 맛있어오,0,0,0,0,0,0,0,19,분위기
kakao,육산장 홍대본점,Fnenod,2.0,2025-09-06,,,야장분위기가 너무 좋아요! 홍대 한가운데 있는게 믿기지않네요 ㅎㅎ 좌석도 널찍하고 고기도 맛있어요 !!,57,True,5.0,5.0,브론즈 레벨,야장분위기가 너무 좋아요! 홍대 한가운데 있는게 믿기지않네요 ㅎㅎ 좌석도 널찍하고 고기도 맛있어요 !!,야장분위기가 너무 좋아요 EXCLAM 홍대 한가운데 있는게 믿기지않네요 좌석도 널찍하고 고기도 맛있어요 EXCLAM,0,0,0,0,1,0,0,57,분위기
kakao,이태리국시 성수,챨옥슈슈,1.0,2026-04-25,,,한우곱창 파스타 깔끔하고 맛있어요! 뇨끼는 조금 느끼해서 꼭 깔끔한 거 같이 드세요! 분위기 좋고 직원분들이 엄청 친절하셔서 좋습니당 테이블끼리 간격도 너무 좁지 않아서 얘기하기 좋아요😀,104,True,4.0,4.0,브론즈 레벨,한우곱창 파스타 깔끔하고 맛있어요! 뇨끼는 조금 느끼해서 꼭 깔끔한 거 같이 드세요! 분위기 좋고 직원분들이 엄청 친절하셔서 좋습니당 테이블끼리 간격도 너무 좁지 않아서 얘기하기 좋아요😀,한우곱창 파스타 깔끔하고 맛있어요 EXCLAM 뇨끼는 조금 느끼해서 꼭 깔끔한 거 같이 드세요 EXCLAM 분위기 좋고 직원분들이 엄청 친절하셔서 좋습니당 테이블끼리 간격도 너무 좁지 않아서 얘기하기 좋아요 EMO_POS,1,0,0,0,1,0,0,104,"분위기, 테이블, 깔끔, 좁"
naver,일등식당,e과장,141.0,2026.02.22,1번째 방문,예약,"망원한강공원에서 런닝하고 아침식사로 먹기 좋습니다. 깔끔한 국물에 부드럽고 잡내없는 살코기가 넉넉합니다. 다만 밥은 다소 적게 나오고, 김치도 아쉽긴한데 뼈해장국 자체가 너무 좋아서 추천해요.",107,True,,,,"망원한강공원에서 런닝하고 아침식사로 먹기 좋습니다. 깔끔한 국물에 부드럽고 잡내없는 살코기가 넉넉합니다. 다만 밥은 다소 적게 나오고, 김치도 아쉽긴한데 뼈해장국 자체가 너무 좋아서 추천해요.",망원한강공원에서 런닝하고 아침식사로 먹기 좋습니다 깔끔한 국물에 부드럽고 잡내없는 살코기가 넉넉합니다 다만 밥은 다소 적게 나오고 김치도 아쉽긴한데 뼈해장국 자체가 너무 좋아서 추천해요,0,0,0,0,0,0,0,107,깔끔
naver,보끔당 성수점,axc2424,38.0,2025.10.23,3번째 방문,영수증,"성수 보끔당 방문했어요 :) 묵은지 순살 보끔당이 진짜 맛있었어요. 매콤하면서도 자극적이지 않고, 밥이랑 순살이 잘 어우러져서 계속 먹게 되더라구요. 날치알 주먹밥이랑 같이 먹으니까 궁합도 딱이었어요! 닭발튀김은 바삭하면서도 안에 닭발이 부드럽게 익어서 식감이 좋았고, 계란찜도 부드럽고 따뜻해서 사이드로 완벽했어요. 전체적으로 음식이 다 맛있고 양도 적당했어요. 가게도 깔끔하고 분위기가 편해서 식사하기 좋았고, 사장님이 정말 친절하셔서 기분 좋게 먹고 나왔습니다. 성수에서 매콤한 한 끼 찾으신다면 보끔당 추천드려요 👍",292,True,,,,"성수 보끔당 방문했어요 :) 묵은지 순살 보끔당이 진짜 맛있었어요. 매콤하면서도 자극적이지 않고, 밥이랑 순살이 잘 어우러져서 계속 먹게 되더라구요. 날치알 주먹밥이랑 같이 먹으니까 궁합도 딱이었어요! 닭발튀김은 바삭하면서도 안에 닭발이 부드럽게 익어서 식감이 좋았고, 계란찜도 부드럽고 따뜻해서 사이드로 완벽했어요. 전체적으로 음식이 다 맛있고 양도 적당했어요. 가게도 깔끔하고 분위기가 편해서 식사하기 좋았고, 사장님이 정말 친절하셔서 기분 좋게 먹고 나왔습니다. 성수에서 매콤한 한 끼 찾으신다면 보끔당 추천드려요 👍",성수 보끔당 방문했어요 묵은지 순살 보끔당이 진짜 맛있었어요 매콤하면서도 자극적이지 않고 밥이랑 순살이 잘 어우러져서 계속 먹게 되더라구요 날치알 주먹밥이랑 같이 먹으니까 궁합도 딱이었어요 EXCLAM 닭발튀김은 바삭하면서도 안에 닭발이 부드럽게 익어서 식감이 좋았고 계란찜도 부드럽고 따뜻해서 사이드로 완벽했어요 전체적으로 음식이 다 맛있고 양도 적당했어요 가게도 깔끔하고 분위기가 편해서 식사하기 좋았고 사장님이 정말 친절하셔서 기분 좋게 먹고 나왔습니다 성수에서 매콤한 한 끼 찾으신다면 보끔당 추천드려요 EMO_POS,1,0,0,0,1,0,0,292,"분위기, 깔끔"
kakao,홍대 조선시대,파이팅하세용,2.0,2026-02-13,,,맛있고 분위기 좋아요,11,False,5.0,5.0,브론즈 레벨,맛있고 분위기 좋아요,맛있고 분위기 좋아요,0,0,0,0,0,0,0,11,분위기
naver,락희옥 마포본점,뭐냐옹,976.0,2025.08.20,1번째 방문,영수증,"보쌈정식에 옻된장찌개랑 김치전병을 같이 주문했는데 정말 맛있었어요. 보쌈은 부드럽고 잡내 없이 담백했고, 김치전병도 속이 꽉 차 있어서 든든하게 배부르게 먹을 수 있었어요. 옻된장찌개는 구수하면서도 깊은 맛이 나서 현미밥이랑 잘 어울렸습니다. 서빙해주시는 분들도 친절하고 밝아서 전체적으로 기분 좋은 식사 시간이었어요. 매장 분위기도 차분하고 깔끔해서 만족스러웠습니다. 추천받아서 간 집인데 다음에 또 가고싶어요.",231,True,,,,"보쌈정식에 옻된장찌개랑 김치전병을 같이 주문했는데 정말 맛있었어요. 보쌈은 부드럽고 잡내 없이 담백했고, 김치전병도 속이 꽉 차 있어서 든든하게 배부르게 먹을 수 있었어요. 옻된장찌개는 구수하면서도 깊은 맛이 나서 현미밥이랑 잘 어울렸습니다. 서빙해주시는 분들도 친절하고 밝아서 전체적으로 기분 좋은 식사 시간이었어요. 매장 분위기도 차분하고 깔끔해서 만족스러웠습니다. 추천받아서 간 집인데 다음에 또 가고싶어요.",보쌈정식에 옻된장찌개랑 김치전병을 같이 주문했는데 정말 맛있었어요 보쌈은 부드럽고 잡내 없이 담백했고 김치전병도 속이 꽉 차 있어서 든든하게 배부르게 먹을 수 있었어요 옻된장찌개는 구수하면서도 깊은 맛이 나서 현미밥이랑 잘 어울렸습니다 서빙해주시는 분들도 친절하고 밝아서 전체적으로 기분 좋은 식사 시간이었어요 매장 분위기도 차분하고 깔끔해서 만족스러웠습니다 추천받아서 간 집인데 다음에 또 가고싶어요,0,0,0,0,0,0,0,231,"분위기, 매장, 깔끔, 차분"
kakao,홍대 조선시대,숭이,12.0,2025-12-25,,,맛있구~~~~~ 가성비도 좋구~~~~ 넓어서 웨이팅있어도 빨리 빠지고! 그리고 분위기며뭐며너무좋아요구냥 소주한병에 5천원이하인 서울술집은 흔치않다… 메뉴도 다양하고 친절하시고! 무엇보다 앉아있는 곳이 있어서 좋아요 …,121,False,5.0,2.9,브론즈 레벨,맛있구~~~~~ 가성비도 좋구~~~~ 넓어서 웨이팅있어도 빨리 빠지고! 그리고 분위기며뭐며너무좋아요구냥 소주한병에 5천원이하인 서울술집은 흔치않다… 메뉴도 다양하고 친절하시고! 무엇보다 앉아있는 곳이 있어서 좋아요 …,맛있구 TILDE 가성비도 좋구 TILDE 넓어서 웨이팅있어도 빨리 빠지고 EXCLAM 그리고 분위기며뭐며너무좋아요구냥 소주한병에 5천원이하인 서울술집은 흔치않다 메뉴도 다양하고 친절하시고 EXCLAM 무엇보다 앉아있는 곳이 있어서 좋아요,0,0,0,0,1,0,1,121,"분위기, 넓"
kakao,육지,이민희,2.0,2025-10-07,,,힙한 분위기의 고깃집이에용! 맛있고 직원분들도 친절하세요! 합정오면 들리시는걸 추천드립니당!,51,False,5.0,5.0,브론즈 레벨,힙한 분위기의 고깃집이에용! 맛있고 직원분들도 친절하세요! 합정오면 들리시는걸 추천드립니당!,힙한 분위기의 고깃집이에용 EXCLAM 맛있고 직원분들도 친절하세요 EXCLAM 합정오면 들리시는걸 추천드립니당 EXCLAM,0,0,0,0,1,0,0,51,분위기
kakao,소문난성수감자탕,미식가,17.0,2026-01-26,,,"줄서서 먹을줄 몰랐는데 어쩌다보니 줄서서 먹게된 집. 생각보다 줄은 빨리 빠지는 편이고, 명불허전. 맛있는 감자탕이에요. 고기가 정말 보들보들하고 양도 많아요! 워낙 바빠서 살짝 번잡스러울수 있어 분위기보다는 맛으로 방문할 곳입니다.",130,False,5.0,5.0,실버 레벨,"줄서서 먹을줄 몰랐는데 어쩌다보니 줄서서 먹게된 집. 생각보다 줄은 빨리 빠지는 편이고, 명불허전. 맛있는 감자탕이에요. 고기가 정말 보들보들하고 양도 많아요! 워낙 바빠서 살짝 번잡스러울수 있어 분위기보다는 맛으로 방문할 곳입니다.",줄서서 먹을줄 몰랐는데 어쩌다보니 줄서서 먹게된 집 생각보다 줄은 빨리 빠지는 편이고 명불허전 맛있는 감자탕이에요 고기가 정말 보들보들하고 양도 많아요 EXCLAM 워낙 바빠서 살짝 번잡스러울수 있어 분위기보다는 맛으로 방문할 곳입니다,0,0,0,0,1,0,0,130,분위기
naver,소문난성수감자탕,싼퉁스,500.0,2026.02.26,1번째 방문,영수증,주차는 본관 옆에 타워주차장이 있어서 편해요… 맛은 특별함은 없고 우리가 생각하는 감자탕인데 덜 자극적인… 뼈에 붙어있는 살코기도 좀 작고 양이 그렇게 푸짐하진않아요 한가지 좋은건 수제비 사리를 주문하면 직원분이 반죽을 직접 뜯어서 넣어주는건 좋더라구요,141,True,,,,주차는 본관 옆에 타워주차장이 있어서 편해요… 맛은 특별함은 없고 우리가 생각하는 감자탕인데 덜 자극적인… 뼈에 붙어있는 살코기도 좀 작고 양이 그렇게 푸짐하진않아요 한가지 좋은건 수제비 사리를 주문하면 직원분이 반죽을 직접 뜯어서 넣어주는건 좋더라구요,주차는 본관 옆에 타워주차장이 있어서 편해요 맛은 특별함은 없고 우리가 생각하는 감자탕인데 덜 자극적인 뼈에 붙어있는 살코기도 좀 작고 양이 그렇게 푸짐하진않아요 한가지 좋은건 수제비 사리를 주문하면 직원분이 반죽을 직접 뜯어서 넣어주는건 좋더라구요,0,0,0,0,0,0,0,141,주차
naver,육산장 홍대본점,이다인43,17.0,2026.03.17,1번째 방문,영수증,고기질도 너무 좋고 분위기도 너무 좋아요 다음에 또 오려구요!!,35,True,,,,고기질도 너무 좋고 분위기도 너무 좋아요 다음에 또 오려구요!!,고기질도 너무 좋고 분위기도 너무 좋아요 다음에 또 오려구요 EXCLAM,0,0,0,0,1,0,0,35,분위기
kakao,육산장 홍대본점,과즙멍뭉시치,1.0,2025-06-21,,,친구랑 지나가다 들어왔는데 분위기가 너무 맘에 들어요,29,True,5.0,5.0,브론즈 레벨,친구랑 지나가다 들어왔는데 분위기가 너무 맘에 들어요,친구랑 지나가다 들어왔는데 분위기가 너무 맘에 들어요,0,0,0,0,0,0,0,29,분위기
kakao,육지,OvO,31.0,2026-01-03,,,"아니 9시 라스트오더인데 8시 50분에 들어갔습니다. 직원분이 몇분이세요? 라고 하셔서 2명이요 라고 말했는데 갑자기 영어쓰시면서 “텐어클락, 텐어클락” 하면서 손짓하더라구요? 자리도 있었는데;;; 그래서 아쉽게 그냥 나왔는데 생각할수록 한국인한테 왜 갑자기 영어를 쓰면서 외국인 취급을 하는건지 기분이 나빴습니다. 제 남자친구가 좀 피부가 까맸는데, 토종 한국인이거든요? 남자친구가 너무 속상해해서 제가 다 어이없더라구요. ㅋㅋㅋㅋ",242,True,1.0,2.5,실버 레벨,"아니 9시 라스트오더인데 8시 50분에 들어갔습니다. 직원분이 몇분이세요? 라고 하셔서 2명이요 라고 말했는데 갑자기 영어쓰시면서 “텐어클락, 텐어클락” 하면서 손짓하더라구요? 자리도 있었는데;;; 그래서 아쉽게 그냥 나왔는데 생각할수록 한국인한테 왜 갑자기 영어를 쓰면서 외국인 취급을 하는건지 기분이 나빴습니다. 제 남자친구가 좀 피부가 까맸는데, 토종 한국인이거든요? 남자친구가 너무 속상해해서 제가 다 어이없더라구요. ㅋㅋㅋㅋ",아니 9시 라스트오더인데 8시 50분에 들어갔습니다 직원분이 몇분이세요 QUESTION 라고 하셔서 2명이요 라고 말했는데 갑자기 영어쓰시면서 텐어클락 텐어클락 하면서 손짓하더라구요 QUESTION 자리도 있었는데 그래서 아쉽게 그냥 나왔는데 생각할수록 한국인한테 왜 갑자기 영어를 쓰면서 외국인 취급을 하는건지 기분이 나빴습니다 제 남자친구가 좀 피부가 까맸는데 토종 한국인이거든요 QUESTION 남자친구가 너무 속상해해서 제가 다 어이없더라구요,0,0,0,0,0,1,1,242,자리
naver,옥동식,rol****,16.0,2025.08.11,1번째 방문,예약,분위기는 깔끔하고 조용하나 뭔가 불편하고 맛도 별로인거 깉아요,34,False,,,,분위기는 깔끔하고 조용하나 뭔가 불편하고 맛도 별로인거 깉아요,분위기는 깔끔하고 조용하나 뭔가 불편하고 맛도 별로인거 깉아요,0,0,0,0,0,0,0,34,"분위기, 깔끔, 조용"
kakao,소문난성수감자탕,Rei,18.0,2025-12-16,,,"맛이나 친절은 개인차가 있을 수 있다고 생각하기 때문에 따로 적지 않겠습니다만 위생은 확실히 문제가 있어요.... 콜라 시켰는데 컵에 고춧가루랑 얼룩 있길래 바꿨는데 또 똑같고, 바꿨는데 또 똑같아서 그냥 병나발 불었습니다.",125,False,1.0,3.6,실버 레벨,"맛이나 친절은 개인차가 있을 수 있다고 생각하기 때문에 따로 적지 않겠습니다만 위생은 확실히 문제가 있어요.... 콜라 시켰는데 컵에 고춧가루랑 얼룩 있길래 바꿨는데 또 똑같고, 바꿨는데 또 똑같아서 그냥 병나발 불었습니다.",맛이나 친절은 개인차가 있을 수 있다고 생각하기 때문에 따로 적지 않겠습니다만 위생은 확실히 문제가 있어요 콜라 시켰는데 컵에 고춧가루랑 얼룩 있길래 바꿨는데 또 똑같고 바꿨는데 또 똑같아서 그냥 병나발 불었습니다,0,0,0,0,0,0,0,125,위생
kakao,소문난성수감자탕,한,467.0,2025-02-26,,,많이 안짜서 좋은것같음 주차가능 괜찮,20,False,3.0,3.5,블루 레벨,많이 안짜서 좋은것같음 주차가능 괜찮,많이 안짜서 좋은것같음 주차가능 괜찮,0,0,0,0,0,0,0,20,주차
kakao,뼈탄집 성수역점,박다희,5.0,2026-04-05,,,"성수역 근처 고기집 찾다가 방문했는데 외관도 깔끔하고 웨이팅 공간이 잘 되어 있어서 기다리기 편했습니다. 내부도 넓고 쾌적해서 아이와 함께 방문하기에도 부담 없었어요. 직원분들이 정말 친절하시고, 고기를 처음부터 끝까지 다 구워주셔서 편하게 식사할 수 있었던 점이 특히 좋았습니다. 고기 퀄리티도 좋고 백김치, 마늘, 버섯, 대파 같이 구워 먹는 구성이 정말 맛있어요. 특히 구운 백김치랑 고기 조합 추천합니다! 곰취냉면도 깔끔한 맛이라 마무리로 좋았고 전체적으로 만족스러웠어요. 재방문 의사 있습니다 👍",282,True,5.0,5.0,브론즈 레벨,"성수역 근처 고기집 찾다가 방문했는데 외관도 깔끔하고 웨이팅 공간이 잘 되어 있어서 기다리기 편했습니다. 내부도 넓고 쾌적해서 아이와 함께 방문하기에도 부담 없었어요. 직원분들이 정말 친절하시고, 고기를 처음부터 끝까지 다 구워주셔서 편하게 식사할 수 있었던 점이 특히 좋았습니다. 고기 퀄리티도 좋고 백김치, 마늘, 버섯, 대파 같이 구워 먹는 구성이 정말 맛있어요. 특히 구운 백김치랑 고기 조합 추천합니다! 곰취냉면도 깔끔한 맛이라 마무리로 좋았고 전체적으로 만족스러웠어요. 재방문 의사 있습니다 👍",성수역 근처 고기집 찾다가 방문했는데 외관도 깔끔하고 웨이팅 공간이 잘 되어 있어서 기다리기 편했습니다 내부도 넓고 쾌적해서 아이와 함께 방문하기에도 부담 없었어요 직원분들이 정말 친절하시고 고기를 처음부터 끝까지 다 구워주셔서 편하게 식사할 수 있었던 점이 특히 좋았습니다 고기 퀄리티도 좋고 백김치 마늘 버섯 대파 같이 구워 먹는 구성이 정말 맛있어요 특히 구운 백김치랑 고기 조합 추천합니다 EXCLAM 곰취냉면도 깔끔한 맛이라 마무리로 좋았고 전체적으로 만족스러웠어요 재방문 의사 있습니다 EMO_POS,1,0,0,0,1,0,0,282,"내부, 공간, 깔끔, 쾌적, 넓"
naver,육산장 홍대본점,pp2387,48.0,2026.03.31,1번째 방문,영수증,분위기가 너무 좋아요!!,13,True,,,,분위기가 너무 좋아요!!,분위기가 너무 좋아요 EXCLAM,0,0,0,0,1,0,0,13,분위기
naver,훼미리손칼국수보쌈,나쁜토끼122,26.0,2025.10.12,1번째 방문,영수증,1. 보쌈정식하나 칼국수 하나 해물파전 하나 시켰는데 남자둘은 보쌈정식 두개 시켜야 양이찬다고 충고 2. 해물파전 시켰는데 주문 누락됐는데 죄송하단 말 한마디 없음. 밥 다먹어가는데 다짜고짜 추가 시키시길래 부랴부랴 취소함. 3. 뭣보다 맛이 기대치보다 없었음. 간판이랑 노포분위기가 다임. 일단 칼국수면은 손칼국수 맞나 싶고 육수가 너무 맹탕무맛임... 다대기간장 맛으로 먹는 칼국수임. 또 보쌈고기는 어떤건 퍽퍽한 살만 있고 또 어떤건 지방만 있음. 막 엄청 촉촉 그런건 아니고 살짝 기름기없는 느낌이라 호불호는 있을듯 함. 4. 해물파전은 못먹어서 몰겠으나 아쉽진 않음. 5. 항상 느끼는 건 성수동 근처 식당들은.. 맛도 그닥인데 뭣보다 죄송합니다가 없다. 장사 그렇게 하는 동네 오래 못감.,391,True,,,,1. 보쌈정식하나 칼국수 하나 해물파전 하나 시켰는데 남자둘은 보쌈정식 두개 시켜야 양이찬다고 충고 2. 해물파전 시켰는데 주문 누락됐는데 죄송하단 말 한마디 없음. 밥 다먹어가는데 다짜고짜 추가 시키시길래 부랴부랴 취소함. 3. 뭣보다 맛이 기대치보다 없었음. 간판이랑 노포분위기가 다임. 일단 칼국수면은 손칼국수 맞나 싶고 육수가 너무 맹탕무맛임... 다대기간장 맛으로 먹는 칼국수임. 또 보쌈고기는 어떤건 퍽퍽한 살만 있고 또 어떤건 지방만 있음. 막 엄청 촉촉 그런건 아니고 살짝 기름기없는 느낌이라 호불호는 있을듯 함. 4. 해물파전은 못먹어서 몰겠으나 아쉽진 않음. 5. 항상 느끼는 건 성수동 근처 식당들은.. 맛도 그닥인데 뭣보다 죄송합니다가 없다. 장사 그렇게 하는 동네 오래 못감.,1 보쌈정식하나 칼국수 하나 해물파전 하나 시켰는데 남자둘은 보쌈정식 두개 시켜야 양이찬다고 충고 2 해물파전 시켰는데 주문 누락됐는데 죄송하단 말 한마디 없음 밥 다먹어가는데 다짜고짜 추가 시키시길래 부랴부랴 취소함 3 뭣보다 맛이 기대치보다 없었음 간판이랑 노포분위기가 다임 일단 칼국수면은 손칼국수 맞나 싶고 육수가 너무 맹탕무맛임 다대기간장 맛으로 먹는 칼국수임 또 보쌈고기는 어떤건 퍽퍽한 살만 있고 또 어떤건 지방만 있음 막 엄청 촉촉 그런건 아니고 살짝 기름기없는 느낌이라 호불호는 있을듯 함 4 해물파전은 못먹어서 몰겠으나 아쉽진 않음 5 항상 느끼는 건 성수동 근처 식당들은 맛도 그닥인데 뭣보다 죄송합니다가 없다 장사 그렇게 하는 동네 오래 못감,0,0,0,0,0,0,1,391,분위기
naver,육산장 홍대본점,wjd****,96.0,2026.04.23,1번째 방문,영수증,분위기가 너무 좋아요!!,13,True,,,,분위기가 너무 좋아요!!,분위기가 너무 좋아요 EXCLAM,0,0,0,0,1,0,0,13,분위기
kakao,육지,😽,3.0,2025-07-31,,,진짜맛잇습니다!!!강추 데이트잘하구가용 완.전힙합,27,True,5.0,3.7,브론즈 레벨,진짜맛잇습니다!!!강추 데이트잘하구가용 완.전힙합,진짜맛잇습니다 EXCLAM 강추 데이트잘하구가용 완 전힙합,0,0,0,0,1,0,0,27,데이트
naver,락희옥 마포본점,jae****,20.0,2026.02.23,1번째 방문,영수증,"오늘이 두번째인데, 저녁에 오니 분위기가 더 아늑하고 좋네요. 음식도 맛있고, 서비스도 좋고 스탭들도 친절해요. 특별한 날 방문하시는 것 강추드립니다!!",85,True,,,,"오늘이 두번째인데, 저녁에 오니 분위기가 더 아늑하고 좋네요. 음식도 맛있고, 서비스도 좋고 스탭들도 친절해요. 특별한 날 방문하시는 것 강추드립니다!!",오늘이 두번째인데 저녁에 오니 분위기가 더 아늑하고 좋네요 음식도 맛있고 서비스도 좋고 스탭들도 친절해요 특별한 날 방문하시는 것 강추드립니다 EXCLAM,0,0,0,0,1,0,0,85,분위기
kakao,이태리국시 성수,/,5.0,2026-04-12,,,맛있고 분위기가 고급스러워서 좋았습니다,21,True,5.0,5.0,브론즈 레벨,맛있고 분위기가 고급스러워서 좋았습니다,맛있고 분위기가 고급스러워서 좋았습니다,0,0,0,0,0,0,0,21,분위기
kakao,이태리국시 성수,김예원,2.0,2026-04-12,,,리조또랑 파스타 먹었는데 둘 다 흔하지 않은 맛이면서 너무 맛있었어요! 가게 분위기도 좋아서 데이트로 추천해요!,62,True,5.0,5.0,브론즈 레벨,리조또랑 파스타 먹었는데 둘 다 흔하지 않은 맛이면서 너무 맛있었어요! 가게 분위기도 좋아서 데이트로 추천해요!,리조또랑 파스타 먹었는데 둘 다 흔하지 않은 맛이면서 너무 맛있었어요 EXCLAM 가게 분위기도 좋아서 데이트로 추천해요 EXCLAM,0,0,0,0,1,0,0,62,"분위기, 데이트"
kakao,옥동식 서교점,jssook,1.0,2025-01-13,,,음식이 전반적으로 깔끔하고 맛있음. 국물은 맑은 국물에 후추향이 강해서 기대했던 맛은 아니었지만 나쁘지않음. 고기는 야들야들해서 정말 부드럽다. 고추지도 참 맛있음 밥이 말아져서 주는데 꼬들밥이라 익힘의 정도가 국밥과 딱 맞음. 밥이 뭉쳐있는 부분도 있어 아쉬웠음 웨이팅 오래 할 정도의 맛은 아님. 근처에 볼일 보면서 웨이팅 걸어두고 할일 하다가 시간되면 가면 괜찮음. 가격대비 분위기나 맛이 만족스러움.,227,True,4.0,4.0,브론즈 레벨,음식이 전반적으로 깔끔하고 맛있음. 국물은 맑은 국물에 후추향이 강해서 기대했던 맛은 아니었지만 나쁘지않음. 고기는 야들야들해서 정말 부드럽다. 고추지도 참 맛있음 밥이 말아져서 주는데 꼬들밥이라 익힘의 정도가 국밥과 딱 맞음. 밥이 뭉쳐있는 부분도 있어 아쉬웠음 웨이팅 오래 할 정도의 맛은 아님. 근처에 볼일 보면서 웨이팅 걸어두고 할일 하다가 시간되면 가면 괜찮음. 가격대비 분위기나 맛이 만족스러움.,음식이 전반적으로 깔끔하고 맛있음 국물은 맑은 국물에 후추향이 강해서 기대했던 맛은 아니었지만 나쁘지않음 고기는 야들야들해서 정말 부드럽다 고추지도 참 맛있음 밥이 말아져서 주는데 꼬들밥이라 익힘의 정도가 국밥과 딱 맞음 밥이 뭉쳐있는 부분도 있어 아쉬웠음 웨이팅 오래 할 정도의 맛은 아님 근처에 볼일 보면서 웨이팅 걸어두고 할일 하다가 시간되면 가면 괜찮음 가격대비 분위기나 맛이 만족스러움,0,0,0,0,0,0,0,227,"분위기, 깔끔"
kakao,이태리국시 성수,하늬,1.0,2026-04-12,,,분위기도 좋고 직원분이 정말 친철하셨어요. 가격대비 음식도 퀄리티 좋고 맛있었습니다! 즉흥적으로 온거지만 만족했어요!,65,True,5.0,5.0,브론즈 레벨,분위기도 좋고 직원분이 정말 친철하셨어요. 가격대비 음식도 퀄리티 좋고 맛있었습니다! 즉흥적으로 온거지만 만족했어요!,분위기도 좋고 직원분이 정말 친철하셨어요 가격대비 음식도 퀄리티 좋고 맛있었습니다 EXCLAM 즉흥적으로 온거지만 만족했어요 EXCLAM,0,0,0,0,1,0,0,65,분위기
naver,홍대 육지,ppun109,27.0,2026.04.03,1번째 방문,영수증,고기질이 좋고 맛있어요!! 직원분들도 친절하시고 분위기도 좋아서 재방문할거 같아요💕 합정&amp;홍대에서 고기맛집 찾으신다면 육지 강추해요!!,79,True,,,,고기질이 좋고 맛있어요!! 직원분들도 친절하시고 분위기도 좋아서 재방문할거 같아요💕 합정&amp;홍대에서 고기맛집 찾으신다면 육지 강추해요!!,고기질이 좋고 맛있어요 EXCLAM 직원분들도 친절하시고 분위기도 좋아서 재방문할거 같아요 EMO_POS 합정 amp 홍대에서 고기맛집 찾으신다면 육지 강추해요 EXCLAM,1,0,0,0,1,0,0,79,분위기
kakao,육산장 홍대본점,지우,3.0,2025-04-18,,,맛있고 분위기도 좋아요~~,14,True,5.0,5.0,브론즈 레벨,맛있고 분위기도 좋아요~~,맛있고 분위기도 좋아요 TILDE,0,0,0,0,0,0,0,14,분위기
naver,조선시대,쿠키러브,1386.0,2025.12.14,1번째 방문,영수증,아이들과 홍대입구역 나들이 고기집가던중 입구가 눈에띄어서 호기심에 들러봤어요. 인테리어 특색있고 넓은 주점이었어요. 친구들과 한잔하러 오기 좋은곳이고 여러가지 전종류를기대하고 갔는데 전보다는 한우대창닭목살 전골이 메인인거같아요 양 많은편이었고 양념이 과단하여 처음 덜어놨다가 면사라추가할때 덜어놓은 양념 넣어서 먹으니 딱이더라고요 친구들과 한번더 가볼예정이예요,201,False,,,,아이들과 홍대입구역 나들이 고기집가던중 입구가 눈에띄어서 호기심에 들러봤어요. 인테리어 특색있고 넓은 주점이었어요. 친구들과 한잔하러 오기 좋은곳이고 여러가지 전종류를기대하고 갔는데 전보다는 한우대창닭목살 전골이 메인인거같아요 양 많은편이었고 양념이 과단하여 처음 덜어놨다가 면사라추가할때 덜어놓은 양념 넣어서 먹으니 딱이더라고요 친구들과 한번더 가볼예정이예요,아이들과 홍대입구역 나들이 고기집가던중 입구가 눈에띄어서 호기심에 들러봤어요 인테리어 특색있고 넓은 주점이었어요 친구들과 한잔하러 오기 좋은곳이고 여러가지 전종류를기대하고 갔는데 전보다는 한우대창닭목살 전골이 메인인거같아요 양 많은편이었고 양념이 과단하여 처음 덜어놨다가 면사라추가할때 덜어놓은 양념 넣어서 먹으니 딱이더라고요 친구들과 한번더 가볼예정이예요,0,0,0,0,0,0,0,201,"인테리어, 넓"
naver,성수족발,soong0619,118.0,2025.05.18,1번째 방문,예약,서율 3대족발이라 해서 방문 보드랍고 달달한 족발 쵝오 아쉬운점은 가게가 좀 좁았다는?? 그래서 오래도록 못앉아 있겠다는?? 대기 시간짧으면 완죤 재방문 의사 있음!! 너무길면 쫌...,103,True,,,,서율 3대족발이라 해서 방문 보드랍고 달달한 족발 쵝오 아쉬운점은 가게가 좀 좁았다는?? 그래서 오래도록 못앉아 있겠다는?? 대기 시간짧으면 완죤 재방문 의사 있음!! 너무길면 쫌...,서율 3대족발이라 해서 방문 보드랍고 달달한 족발 쵝오 아쉬운점은 가게가 좀 좁았다는 QUESTION 그래서 오래도록 못앉아 있겠다는 QUESTION 대기 시간짧으면 완죤 재방문 의사 있음 EXCLAM 너무길면 쫌,0,0,0,0,1,1,1,103,좁
naver,뼈탄집 성수역점,홍진070,102.0,2026.03.31,1번째 방문,영수증,평소에 고기 맛 좀 따지는 편인데 여기 괜찮네요. 잡내 없이 깔끔하고 육즙도 충분해서 전체적으로 만족도 높았습니다.,64,True,,,,평소에 고기 맛 좀 따지는 편인데 여기 괜찮네요. 잡내 없이 깔끔하고 육즙도 충분해서 전체적으로 만족도 높았습니다.,평소에 고기 맛 좀 따지는 편인데 여기 괜찮네요 잡내 없이 깔끔하고 육즙도 충분해서 전체적으로 만족도 높았습니다,0,0,0,0,0,0,0,64,깔끔
kakao,장인닭갈비 홍대점,Luminous,83.0,2025-01-11,,,치즈닭갈비 먹었는데 음식도 맛있고 청결한 환경까지 ! 쌈채소를 무한으로 즐길 수 있는것도 큰 메리트인듯😊,58,True,5.0,4.9,실버 레벨,치즈닭갈비 먹었는데 음식도 맛있고 청결한 환경까지 ! 쌈채소를 무한으로 즐길 수 있는것도 큰 메리트인듯😊,치즈닭갈비 먹었는데 음식도 맛있고 청결한 환경까지 EXCLAM 쌈채소를 무한으로 즐길 수 있는것도 큰 메리트인듯 EMO_POS,1,0,0,0,1,0,0,58,청결
kakao,태양곱창 성수,냥,2.0,2025-04-08,,,"매장 분위기 좋고 친절하십니다! 곱창전골은 특별한건 없었지만 그래도 맛있게 잘 먹었습니다! 다만 볶음밥이 양이 너무 적고 간이 너무 안 된 느낌이 있네요. 버터밥,,계란밥? 느낌이에요. 남은 곱창전골 건더기랑 국물을 조금 넣어서 같이 볶으면 훨씬 맛있을 것 같아요~",148,False,3.0,4.0,브론즈 레벨,"매장 분위기 좋고 친절하십니다! 곱창전골은 특별한건 없었지만 그래도 맛있게 잘 먹었습니다! 다만 볶음밥이 양이 너무 적고 간이 너무 안 된 느낌이 있네요. 버터밥,,계란밥? 느낌이에요. 남은 곱창전골 건더기랑 국물을 조금 넣어서 같이 볶으면 훨씬 맛있을 것 같아요~",매장 분위기 좋고 친절하십니다 EXCLAM 곱창전골은 특별한건 없었지만 그래도 맛있게 잘 먹었습니다 EXCLAM 다만 볶음밥이 양이 너무 적고 간이 너무 안 된 느낌이 있네요 버터밥 계란밥 QUESTION 느낌이에요 남은 곱창전골 건더기랑 국물을 조금 넣어서 같이 볶으면 훨씬 맛있을 것 같아요,0,0,0,0,1,1,0,148,"분위기, 매장"
naver,황금콩밭,깜food,466.0,2025.12.21,1번째 방문,영수증,"마음이 콩밭에 가있다면 황금콩밭임이 분명합니다 마포공덕에 미쉘린 두부 맛집 알고 식사하시나요? 주택을 개조하여 넘나 고즈넉한 인테리어의 황금콩밭인데 매일 새벽 당일 판매할 두부를 100% 국내산 콩과 소금으로 맛깔나게 만들기 때문에 고소하고 달달하기까지한데 콩밭 두부를 고추장과 채수로 뚝배기에 짜글짜글 끓인 두부짜글이가 기가막히고 두부대신 고기를 넣은 돼지짜글이와 반반짜글이, 그 외에 청국장 등도 많이드세요 식사메뉴 말고도 두부전이나 전골, 보쌈 민어찜, 명태회무침, 홍어전 등 한잔 걸치기 좋은 메뉴들과 스페셜 코스요리까지 있으니 꼭 한번 영접해보세요 :)",314,True,,,,"마음이 콩밭에 가있다면 황금콩밭임이 분명합니다 마포공덕에 미쉘린 두부 맛집 알고 식사하시나요? 주택을 개조하여 넘나 고즈넉한 인테리어의 황금콩밭인데 매일 새벽 당일 판매할 두부를 100% 국내산 콩과 소금으로 맛깔나게 만들기 때문에 고소하고 달달하기까지한데 콩밭 두부를 고추장과 채수로 뚝배기에 짜글짜글 끓인 두부짜글이가 기가막히고 두부대신 고기를 넣은 돼지짜글이와 반반짜글이, 그 외에 청국장 등도 많이드세요 식사메뉴 말고도 두부전이나 전골, 보쌈 민어찜, 명태회무침, 홍어전 등 한잔 걸치기 좋은 메뉴들과 스페셜 코스요리까지 있으니 꼭 한번 영접해보세요 :)",마음이 콩밭에 가있다면 황금콩밭임이 분명합니다 마포공덕에 미쉘린 두부 맛집 알고 식사하시나요 QUESTION 주택을 개조하여 넘나 고즈넉한 인테리어의 황금콩밭인데 매일 새벽 당일 판매할 두부를 100 국내산 콩과 소금으로 맛깔나게 만들기 때문에 고소하고 달달하기까지한데 콩밭 두부를 고추장과 채수로 뚝배기에 짜글짜글 끓인 두부짜글이가 기가막히고 두부대신 고기를 넣은 돼지짜글이와 반반짜글이 그 외에 청국장 등도 많이드세요 식사메뉴 말고도 두부전이나 전골 보쌈 민어찜 명태회무침 홍어전 등 한잔 걸치기 좋은 메뉴들과 스페셜 코스요리까지 있으니 꼭 한번 영접해보세요,0,0,0,0,0,1,1,314,인테리어
naver,황금콩밭,비도그,948.0,2025.10.18,1번째 방문,영수증,"믿고 먹는 훌륭한 두부 맛집🥢.. 소백산 콩으로 매일 아침 만드신다는 두부 맛이 매우 고소함. 두부보쌈, 두부전골, 두부젓국, 두부조림, 두부전, 두부완자 등뿐 아니라 코스요리까지 메뉴 다양. 오늘 첫 방문이라 짜박두부 주문. ▪️ 짜박두부란 채소육수,고춧가루 베이스에 간 돼지고기와 콩밭두부,들기름,각종야채를 함께 자작하게 조린 요리. 부드러운 두부가 두툼한 두께. 고춧가루의 빨간색이 먹음직스러워 보이는데 과하게 맵진 않음. 한 냄비 2인이 먹기 푸짐. 건강스러운데다 맛까지 좋으니 참 좋은 음식. ▪️ 그뿐 아니라 너댓 종류 나오는 반찬도 맛있음. 멸치볶음 은근한 간에 작은 멸치 자체의 고소함이 극대화. 김치도 좋음. ▪️ 툐요일 늦은 점심 때 방문. 빈 자리 있었고 주차는 요행히 길거리에 댐🪄 #두부맛집",399,True,,,,"믿고 먹는 훌륭한 두부 맛집🥢.. 소백산 콩으로 매일 아침 만드신다는 두부 맛이 매우 고소함. 두부보쌈, 두부전골, 두부젓국, 두부조림, 두부전, 두부완자 등뿐 아니라 코스요리까지 메뉴 다양. 오늘 첫 방문이라 짜박두부 주문. ▪️ 짜박두부란 채소육수,고춧가루 베이스에 간 돼지고기와 콩밭두부,들기름,각종야채를 함께 자작하게 조린 요리. 부드러운 두부가 두툼한 두께. 고춧가루의 빨간색이 먹음직스러워 보이는데 과하게 맵진 않음. 한 냄비 2인이 먹기 푸짐. 건강스러운데다 맛까지 좋으니 참 좋은 음식. ▪️ 그뿐 아니라 너댓 종류 나오는 반찬도 맛있음. 멸치볶음 은근한 간에 작은 멸치 자체의 고소함이 극대화. 김치도 좋음. ▪️ 툐요일 늦은 점심 때 방문. 빈 자리 있었고 주차는 요행히 길거리에 댐🪄 #두부맛집",믿고 먹는 훌륭한 두부 맛집 소백산 콩으로 매일 아침 만드신다는 두부 맛이 매우 고소함 두부보쌈 두부전골 두부젓국 두부조림 두부전 두부완자 등뿐 아니라 코스요리까지 메뉴 다양 오늘 첫 방문이라 짜박두부 주문 짜박두부란 채소육수 고춧가루 베이스에 간 돼지고기와 콩밭두부 들기름 각종야채를 함께 자작하게 조린 요리 부드러운 두부가 두툼한 두께 고춧가루의 빨간색이 먹음직스러워 보이는데 과하게 맵진 않음 한 냄비 2인이 먹기 푸짐 건강스러운데다 맛까지 좋으니 참 좋은 음식 그뿐 아니라 너댓 종류 나오는 반찬도 맛있음 멸치볶음 은근한 간에 작은 멸치 자체의 고소함이 극대화 김치도 좋음 툐요일 늦은 점심 때 방문 빈 자리 있었고 주차는 요행히 길거리에 댐 두부맛집,0,0,0,0,0,0,1,399,"자리, 주차"
naver,육산장 홍대본점,tmd****,12.0,2026.02.23,1번째 방문,영수증,분위기 잇게 빕먹기 좋아용🤍 소스들도 다 맛잇고 고기도 맛잇게 잘 먹엇습니당 다음에 또 올게여🩷,53,True,,,,분위기 잇게 빕먹기 좋아용🤍 소스들도 다 맛잇고 고기도 맛잇게 잘 먹엇습니당 다음에 또 올게여🩷,분위기 잇게 빕먹기 좋아용 EMO_POS 소스들도 다 맛잇고 고기도 맛잇게 잘 먹엇습니당 다음에 또 올게여,1,0,0,0,0,0,0,53,분위기
kakao,장인닭갈비 홍대점,힘쎈곰,38.0,2025-06-20,,,매장 분위기 깔끔하고 닭갈비 양념이 진짜 찐이에요! 치즈 듬뿍에 볶음밥까지 완벽했어요!,48,True,5.0,4.9,실버 레벨,매장 분위기 깔끔하고 닭갈비 양념이 진짜 찐이에요! 치즈 듬뿍에 볶음밥까지 완벽했어요!,매장 분위기 깔끔하고 닭갈비 양념이 진짜 찐이에요 EXCLAM 치즈 듬뿍에 볶음밥까지 완벽했어요 EXCLAM,0,0,0,0,1,0,0,48,"분위기, 매장, 깔끔"
kakao,홍대 조선시대,은비,5.0,2026-04-01,,,처음 친구들이랑 왔는데 분위기도 좋고 음식도 다양하고 새로운 술들이 있어서 좋아요! 엄청 시끄럽지도 않고 천절하네용!!,66,True,5.0,5.0,브론즈 레벨,처음 친구들이랑 왔는데 분위기도 좋고 음식도 다양하고 새로운 술들이 있어서 좋아요! 엄청 시끄럽지도 않고 천절하네용!!,처음 친구들이랑 왔는데 분위기도 좋고 음식도 다양하고 새로운 술들이 있어서 좋아요 EXCLAM 엄청 시끄럽지도 않고 천절하네용 EXCLAM,0,0,0,0,1,0,0,66,"분위기, 시끄럽"
kakao,홍대 조선시대,가나디좋아,1.0,2025-12-22,,,넘맛잇엉요!! 일단 분위기도 너무조아요 💗💗,24,True,5.0,5.0,브론즈 레벨,넘맛잇엉요!! 일단 분위기도 너무조아요 💗💗,넘맛잇엉요 EXCLAM 일단 분위기도 너무조아요 EMO_POS EMO_POS,1,0,0,0,1,0,0,24,분위기
naver,을밀대 평양냉면,임금2621,78.0,2026.04.04,1번째 방문,영수증,국내산재료로 만드는 평냉...! 기대하고 갔는데 역시나 맛있네요 웨이팅이 많은 이유를 알겠어요 이날도 웨이팅 줄이 길었는데 매장이 워낙 넓어 회전율이 좋았습니다! 20분 정도 대기 후 들어갔어요👍🏻,110,True,,,,국내산재료로 만드는 평냉...! 기대하고 갔는데 역시나 맛있네요 웨이팅이 많은 이유를 알겠어요 이날도 웨이팅 줄이 길었는데 매장이 워낙 넓어 회전율이 좋았습니다! 20분 정도 대기 후 들어갔어요👍🏻,국내산재료로 만드는 평냉 EXCLAM 기대하고 갔는데 역시나 맛있네요 웨이팅이 많은 이유를 알겠어요 이날도 웨이팅 줄이 길었는데 매장이 워낙 넓어 회전율이 좋았습니다 EXCLAM 20분 정도 대기 후 들어갔어요 EMO_POS,1,0,0,0,1,0,1,110,"매장, 넓"
naver,금금 성수점,헬스타트,58.0,2026.02.20,1번째 방문,영수증,"지도를 보다가 우연히 발견했는데 퓨전 한식을 좋아해서 방문하게 되었습니다. 기대를 많이 하고 갔뎐 만큼 보리된장국수가 맛있어서 매우 만족했습니다. 가게 내부도 깔끔하고 직원 분들도 친절하셔서 편안하게 식사할 수 있었습니다. 지금은 문어가 들어간 메뉴가 전부 안 되는 것 같아 아쉬웠지만, 다음에 또 방문하라는 뜻으로 생각하고 다시 오겠습니다!",191,True,,,,"지도를 보다가 우연히 발견했는데 퓨전 한식을 좋아해서 방문하게 되었습니다. 기대를 많이 하고 갔뎐 만큼 보리된장국수가 맛있어서 매우 만족했습니다. 가게 내부도 깔끔하고 직원 분들도 친절하셔서 편안하게 식사할 수 있었습니다. 지금은 문어가 들어간 메뉴가 전부 안 되는 것 같아 아쉬웠지만, 다음에 또 방문하라는 뜻으로 생각하고 다시 오겠습니다!",지도를 보다가 우연히 발견했는데 퓨전 한식을 좋아해서 방문하게 되었습니다 기대를 많이 하고 갔뎐 만큼 보리된장국수가 맛있어서 매우 만족했습니다 가게 내부도 깔끔하고 직원 분들도 친절하셔서 편안하게 식사할 수 있었습니다 지금은 문어가 들어간 메뉴가 전부 안 되는 것 같아 아쉬웠지만 다음에 또 방문하라는 뜻으로 생각하고 다시 오겠습니다 EXCLAM,0,0,0,0,1,0,0,191,"내부, 깔끔"
naver,일등식당,닥피생,499.0,2025.06.01,1번째 방문,영수증,"깔끔한 국물이 인상적인 망원동 일등식당 일요일 점심 1시에 여자친구와 방문하였습니다. 도착했을 때 웨이팅이 있었고 약 15분 정도 기다려 입장하였는데, 2시까지도 계속 웨이팅이 있었습니다. 너무 배가 고파서 해장국 특사이즈를 주문. 큰 등뼈가 석탑처럼 3덩이 올라간 비쥬얼이 인상적이었으며, 살코기가 많이 붙어 있어 배부르게 먹을 수 있었습니다. 국물은 일반적인 뼈해장국보다 맑고 가벼워 뒷맛이 깔끔하였습니다. 우리 커플이 좋아하는 후암동의 일미집 감자탕과 비슷한 느낌이었습니다. 최근 성시경의 먹을텐데에 출연 이후 손님이 더 많아졌다고 하는데, 식사 위주 손님이 많아 다행히도 회전율은 좋아 많이 기다리지 않아도 되네요. 중간 중간 동네 포장 손님이 많은 것을 보니 맛집 신뢰도가 쭉올라가네요 ㅎㅎ",391,True,,,,"깔끔한 국물이 인상적인 망원동 일등식당 일요일 점심 1시에 여자친구와 방문하였습니다. 도착했을 때 웨이팅이 있었고 약 15분 정도 기다려 입장하였는데, 2시까지도 계속 웨이팅이 있었습니다. 너무 배가 고파서 해장국 특사이즈를 주문. 큰 등뼈가 석탑처럼 3덩이 올라간 비쥬얼이 인상적이었으며, 살코기가 많이 붙어 있어 배부르게 먹을 수 있었습니다. 국물은 일반적인 뼈해장국보다 맑고 가벼워 뒷맛이 깔끔하였습니다. 우리 커플이 좋아하는 후암동의 일미집 감자탕과 비슷한 느낌이었습니다. 최근 성시경의 먹을텐데에 출연 이후 손님이 더 많아졌다고 하는데, 식사 위주 손님이 많아 다행히도 회전율은 좋아 많이 기다리지 않아도 되네요. 중간 중간 동네 포장 손님이 많은 것을 보니 맛집 신뢰도가 쭉올라가네요 ㅎㅎ",깔끔한 국물이 인상적인 망원동 일등식당 일요일 점심 1시에 여자친구와 방문하였습니다 도착했을 때 웨이팅이 있었고 약 15분 정도 기다려 입장하였는데 2시까지도 계속 웨이팅이 있었습니다 너무 배가 고파서 해장국 특사이즈를 주문 큰 등뼈가 석탑처럼 3덩이 올라간 비쥬얼이 인상적이었으며 살코기가 많이 붙어 있어 배부르게 먹을 수 있었습니다 국물은 일반적인 뼈해장국보다 맑고 가벼워 뒷맛이 깔끔하였습니다 우리 커플이 좋아하는 후암동의 일미집 감자탕과 비슷한 느낌이었습니다 최근 성시경의 먹을텐데에 출연 이후 손님이 더 많아졌다고 하는데 식사 위주 손님이 많아 다행히도 회전율은 좋아 많이 기다리지 않아도 되네요 중간 중간 동네 포장 손님이 많은 것을 보니 맛집 신뢰도가 쭉올라가네요,0,0,0,0,0,0,1,391,깔끔
naver,금금 성수점,레트,19.0,2026.03.11,1번째 방문,영수증,"다른 매장에서 추천받아서 점심시간에 방문했습니다. 어디선가 먹어본 것 같기도 한 아부라 마제소바 느낌의 시그니처 디쉬인데, 재료들도 다 신선하고 조화로웠습니다. 특히나 노른자가 진짜 신선했어요. 사진을 제대로 못 찍었는데, 젓가락 꽂으면 꽂힌 채로 서있을 정도였어요 ㅋㅋㅋㅋ",153,True,,,,"다른 매장에서 추천받아서 점심시간에 방문했습니다. 어디선가 먹어본 것 같기도 한 아부라 마제소바 느낌의 시그니처 디쉬인데, 재료들도 다 신선하고 조화로웠습니다. 특히나 노른자가 진짜 신선했어요. 사진을 제대로 못 찍었는데, 젓가락 꽂으면 꽂힌 채로 서있을 정도였어요 ㅋㅋㅋㅋ",다른 매장에서 추천받아서 점심시간에 방문했습니다 어디선가 먹어본 것 같기도 한 아부라 마제소바 느낌의 시그니처 디쉬인데 재료들도 다 신선하고 조화로웠습니다 특히나 노른자가 진짜 신선했어요 사진을 제대로 못 찍었는데 젓가락 꽂으면 꽂힌 채로 서있을 정도였어요,0,0,0,0,0,0,0,153,매장
naver,조선시대,kyb****,13.0,2026.01.02,1번째 방문,영수증,안주가 마ㅅ있어요 직원분들 다들 친절하시고 분위기도 좋아요 중간중간 게임도 있어서 더 재밌게 분위기를 즐길 수 있었어요 성인 되고 처음으로 이런 곳 와봤는데 완전 추천해요 !! ❤️❤️🥰,104,True,,,,안주가 마ㅅ있어요 직원분들 다들 친절하시고 분위기도 좋아요 중간중간 게임도 있어서 더 재밌게 분위기를 즐길 수 있었어요 성인 되고 처음으로 이런 곳 와봤는데 완전 추천해요 !! ❤️❤️🥰,안주가 마 있어요 직원분들 다들 친절하시고 분위기도 좋아요 중간중간 게임도 있어서 더 재밌게 분위기를 즐길 수 있었어요 성인 되고 처음으로 이런 곳 와봤는데 완전 추천해요 EXCLAM EMO_POS EMO_POS EMO_POS,1,0,0,0,1,0,0,104,분위기
naver,할머니의 레시피,Lllllloooo,1051.0,2025.12.07,1번째 방문,영수증,골목길 위치 외국인 손님 많음 반찬 가짓수는 많은데 젓가락질 한번에 없어질 양 반찬좀 더 챙겨주지 고기는 양이 적당히 많았음 맛도 괜찮음,76,True,,,,골목길 위치 외국인 손님 많음 반찬 가짓수는 많은데 젓가락질 한번에 없어질 양 반찬좀 더 챙겨주지 고기는 양이 적당히 많았음 맛도 괜찮음,골목길 위치 외국인 손님 많음 반찬 가짓수는 많은데 젓가락질 한번에 없어질 양 반찬좀 더 챙겨주지 고기는 양이 적당히 많았음 맛도 괜찮음,0,0,0,0,0,0,0,76,위치
naver,육산장 홍대본점,xgr****,2.0,2026.04.25,1번째 방문,영수증,매장 느낌이 정말 캠핑 온 것 같아서 분위기가 좋아요! 요즘같이 날씨좋을때 오기 좋은 것 같아용,53,True,,,,매장 느낌이 정말 캠핑 온 것 같아서 분위기가 좋아요! 요즘같이 날씨좋을때 오기 좋은 것 같아용,매장 느낌이 정말 캠핑 온 것 같아서 분위기가 좋아요 EXCLAM 요즘같이 날씨좋을때 오기 좋은 것 같아용,0,0,0,0,1,0,0,53,"분위기, 매장"
naver,소문난성수감자탕,Goldb,1789.0,2025.10.18,1번째 방문,예약,성수동 올때마다 웨이팅 줄 보고 놀랐었는데 막상 서니까 줄이 진짜 빨리 빠지고 엄청 빨리 들어갔어요. 감자탕 끓이는게 너무 신기했음 테이블에 내장이 돼있더라구요 감자탕도 맛있고 볶음밥도 맛있었어요!! 밥까지 볶아 먹으니까 딱 적당히 배불렀고 직원분이 너무너무 친절해서 감동 받고 나옴ㅠ,159,True,,,,성수동 올때마다 웨이팅 줄 보고 놀랐었는데 막상 서니까 줄이 진짜 빨리 빠지고 엄청 빨리 들어갔어요. 감자탕 끓이는게 너무 신기했음 테이블에 내장이 돼있더라구요 감자탕도 맛있고 볶음밥도 맛있었어요!! 밥까지 볶아 먹으니까 딱 적당히 배불렀고 직원분이 너무너무 친절해서 감동 받고 나옴ㅠ,성수동 올때마다 웨이팅 줄 보고 놀랐었는데 막상 서니까 줄이 진짜 빨리 빠지고 엄청 빨리 들어갔어요 감자탕 끓이는게 너무 신기했음 테이블에 내장이 돼있더라구요 감자탕도 맛있고 볶음밥도 맛있었어요 EXCLAM 밥까지 볶아 먹으니까 딱 적당히 배불렀고 직원분이 너무너무 친절해서 감동 받고 나옴,0,0,0,0,1,0,0,159,테이블
naver,원조 조박집 본관,seouler,607.0,2025.08.30,1번째 방문,영수증,오랜만에 갔는데도 사람이 많네요. 1인분 양이 그렇게 많진 않은거 같아요 친절하고 깔끔합니다,51,False,,,,오랜만에 갔는데도 사람이 많네요. 1인분 양이 그렇게 많진 않은거 같아요 친절하고 깔끔합니다,오랜만에 갔는데도 사람이 많네요 1인분 양이 그렇게 많진 않은거 같아요 친절하고 깔끔합니다,0,0,0,0,0,0,1,51,깔끔
kakao,육산장 홍대본점,현송,1.0,2025-01-26,,,분위기 독특하고 맛있습니다!!,16,False,5.0,5.0,브론즈 레벨,분위기 독특하고 맛있습니다!!,분위기 독특하고 맛있습니다 EXCLAM,0,0,0,0,1,0,0,16,분위기
kakao,이태리국시 성수,카록,2.0,2026-03-30,,,분위기가 차분하고 음악이 좋아요. 새로운 파스타 메뉴를 즐길 수 있어서 즐거운 식사였습니다^-^,53,True,5.0,5.0,브론즈 레벨,분위기가 차분하고 음악이 좋아요. 새로운 파스타 메뉴를 즐길 수 있어서 즐거운 식사였습니다^-^,분위기가 차분하고 음악이 좋아요 새로운 파스타 메뉴를 즐길 수 있어서 즐거운 식사였습니다,0,0,0,0,0,0,0,53,"분위기, 음악, 차분"
naver,조선시대,슈OU,30.0,2026.04.10,1번째 방문,영수증,"홍대에 분위기 좋은 술집이라고 해서 와봤는데 한옥 분위기에 술 종류도 다양해서 좋았어요☺️ 포동소주, 딸기막걸리 추천드려요! 다음에도 재방문의사 있습니다☺️",87,True,,,,"홍대에 분위기 좋은 술집이라고 해서 와봤는데 한옥 분위기에 술 종류도 다양해서 좋았어요☺️ 포동소주, 딸기막걸리 추천드려요! 다음에도 재방문의사 있습니다☺️",홍대에 분위기 좋은 술집이라고 해서 와봤는데 한옥 분위기에 술 종류도 다양해서 좋았어요 포동소주 딸기막걸리 추천드려요 EXCLAM 다음에도 재방문의사 있습니다,0,0,0,0,1,0,0,87,분위기
kakao,성수족발,도슐랭가이드,603.0,2025-03-02,,,자극적인 단짠 좋아하면 5점 슴슴하고 깔끔 좋아하면 1점 식감은 보드람쫄깃,41,True,3.0,3.3,블루 레벨,자극적인 단짠 좋아하면 5점 슴슴하고 깔끔 좋아하면 1점 식감은 보드람쫄깃,자극적인 단짠 좋아하면 5점 슴슴하고 깔끔 좋아하면 1점 식감은 보드람쫄깃,0,0,0,0,0,0,1,41,깔끔
naver,조선시대,sih****,26.0,2026.03.22,1번째 방문,영수증,"전부 먹고나서 촬영하였지만 정말 재미있게 이벤트,게임,직원분들과 술자리시간을 보냈고 술자리를 재미있게 즐기게 도와주는 자리였어요",71,True,,,,"전부 먹고나서 촬영하였지만 정말 재미있게 이벤트,게임,직원분들과 술자리시간을 보냈고 술자리를 재미있게 즐기게 도와주는 자리였어요",전부 먹고나서 촬영하였지만 정말 재미있게 이벤트 게임 직원분들과 술자리시간을 보냈고 술자리를 재미있게 즐기게 도와주는 자리였어요,0,0,0,0,0,0,0,71,자리
naver,소문난성수감자탕,솔직하개,2258.0,2026.02.16,1번째 방문,영수증,맛있게 먹다보니 음식사진이 없네요 ㅠ 짜지않고 맛있네요. 주차는 기계식타워인데 발랫비를 음식결제시에 받네요.,60,False,,,,맛있게 먹다보니 음식사진이 없네요 ㅠ 짜지않고 맛있네요. 주차는 기계식타워인데 발랫비를 음식결제시에 받네요.,맛있게 먹다보니 음식사진이 없네요 짜지않고 맛있네요 주차는 기계식타워인데 발랫비를 음식결제시에 받네요,0,0,0,0,0,0,0,60,주차
naver,조선시대,최민석35,16.0,2026.03.31,1번째 방문,영수증,조용하고 맛있어서 좋아요,13,True,,,,조용하고 맛있어서 좋아요,조용하고 맛있어서 좋아요,0,0,0,0,0,0,0,13,조용
kakao,홍대 조선시대,Albert Kang,3.0,2026-02-09,,,"매장도 너무 청결하고 음식 플레이팅이 정말 예뻐요! 주문한 메뉴 다 성공적이었는데, 특히 시카고 탕수육 메뉴는 꼭 드셔보시길 추천합니다. 양도 푸짐하고 재료를 아끼지 않은 게 느껴지네요. 친구들이랑 왔는데 다들 대만족하고 갑니다. 조만간 또 올게요, 사장님 번창하세요!",150,True,5.0,3.7,브론즈 레벨,"매장도 너무 청결하고 음식 플레이팅이 정말 예뻐요! 주문한 메뉴 다 성공적이었는데, 특히 시카고 탕수육 메뉴는 꼭 드셔보시길 추천합니다. 양도 푸짐하고 재료를 아끼지 않은 게 느껴지네요. 친구들이랑 왔는데 다들 대만족하고 갑니다. 조만간 또 올게요, 사장님 번창하세요!",매장도 너무 청결하고 음식 플레이팅이 정말 예뻐요 EXCLAM 주문한 메뉴 다 성공적이었는데 특히 시카고 탕수육 메뉴는 꼭 드셔보시길 추천합니다 양도 푸짐하고 재료를 아끼지 않은 게 느껴지네요 친구들이랑 왔는데 다들 대만족하고 갑니다 조만간 또 올게요 사장님 번창하세요 EXCLAM,0,0,0,0,1,0,0,150,"매장, 청결"
naver,금금 성수점,오비780,1088.0,2026.02.24,1번째 방문,영수증,웨이팅은 평일 오후2시쯤 웨이팅 10분정도햇어요 테이블은 7개정도잇구 음식이 깔끔하고 맛잇어요! ^ㅠ^ 양념으로 밥도 비벼먹을수잇어서 좋앗어용 😝,81,True,,,,웨이팅은 평일 오후2시쯤 웨이팅 10분정도햇어요 테이블은 7개정도잇구 음식이 깔끔하고 맛잇어요! ^ㅠ^ 양념으로 밥도 비벼먹을수잇어서 좋앗어용 😝,웨이팅은 평일 오후2시쯤 웨이팅 10분정도햇어요 테이블은 7개정도잇구 음식이 깔끔하고 맛잇어요 EXCLAM 양념으로 밥도 비벼먹을수잇어서 좋앗어용,0,0,0,0,1,0,1,81,"테이블, 깔끔"
naver,태양곱창 성수점,o2k****,25.0,2026.02.14,1번째 방문,영수증,설맞이 남편과 오랫만의 데이트^^ 집이 멀어도 소주가 부르는 맛^^데이트 장소로 추천합니다.,51,True,,,,설맞이 남편과 오랫만의 데이트^^ 집이 멀어도 소주가 부르는 맛^^데이트 장소로 추천합니다.,설맞이 남편과 오랫만의 데이트 집이 멀어도 소주가 부르는 맛 데이트 장소로 추천합니다,0,0,0,0,0,0,0,51,데이트
naver,락희옥 마포본점,M0카,203.0,2026.02.02,1번째 방문,예약,가격대가좀잇는편인데 맛잇엇음. 콜키지가 되어서 갓던곳. 친절하신 남성직원분 감사합니다.ㅎ 다만 인당10정도 쓰고먹엇는데 주차2시간 써잇던데 30분두개넣어서 1시간 넣어주셧더라구요.잘못해주신건지 모르겟어요. 만얼마나오길래 주차비가시간당5천원이넘나햇어서 물어보니 무료주차30분두개넣어줫다구하드라구요. 별거아닌건데 같이갓던 지인들도 좀그렇다고 햇어요.ㅎ 확인잘해주시믄 좋을거같습니다,210,True,,,,가격대가좀잇는편인데 맛잇엇음. 콜키지가 되어서 갓던곳. 친절하신 남성직원분 감사합니다.ㅎ 다만 인당10정도 쓰고먹엇는데 주차2시간 써잇던데 30분두개넣어서 1시간 넣어주셧더라구요.잘못해주신건지 모르겟어요. 만얼마나오길래 주차비가시간당5천원이넘나햇어서 물어보니 무료주차30분두개넣어줫다구하드라구요. 별거아닌건데 같이갓던 지인들도 좀그렇다고 햇어요.ㅎ 확인잘해주시믄 좋을거같습니다,가격대가좀잇는편인데 맛잇엇음 콜키지가 되어서 갓던곳 친절하신 남성직원분 감사합니다 다만 인당10정도 쓰고먹엇는데 주차2시간 써잇던데 30분두개넣어서 1시간 넣어주셧더라구요 잘못해주신건지 모르겟어요 만얼마나오길래 주차비가시간당5천원이넘나햇어서 물어보니 무료주차30분두개넣어줫다구하드라구요 별거아닌건데 같이갓던 지인들도 좀그렇다고 햇어요 확인잘해주시믄 좋을거같습니다,0,0,0,0,0,0,1,210,주차
naver,일등식당,Istanbulu,241.0,2025.02.22,1번째 방문,영수증,"일요일 저녁 시간대라서 20분 정도 대기했는데, 소주 손님들 빼면 식사 손님이라 기다릴만 해요. 장소는 좀 좁아요. 이모님이 친절하세요. 특 먹었는데 고기 양이 만족했고, 부드러워서 발라먹기 편해요. 고기 소스는 셀프에요. 국물도 자극적이지 않고 담백해요. 해장국 맛집 몇 군데 다녔는데 여기도 인정",167,True,,,,"일요일 저녁 시간대라서 20분 정도 대기했는데, 소주 손님들 빼면 식사 손님이라 기다릴만 해요. 장소는 좀 좁아요. 이모님이 친절하세요. 특 먹었는데 고기 양이 만족했고, 부드러워서 발라먹기 편해요. 고기 소스는 셀프에요. 국물도 자극적이지 않고 담백해요. 해장국 맛집 몇 군데 다녔는데 여기도 인정",일요일 저녁 시간대라서 20분 정도 대기했는데 소주 손님들 빼면 식사 손님이라 기다릴만 해요 장소는 좀 좁아요 이모님이 친절하세요 특 먹었는데 고기 양이 만족했고 부드러워서 발라먹기 편해요 고기 소스는 셀프에요 국물도 자극적이지 않고 담백해요 해장국 맛집 몇 군데 다녔는데 여기도 인정,0,0,0,0,0,0,1,167,좁
naver,육산장 홍대본점,VpanoramaV,886.0,2026.04.26,1번째 방문,영수증,홍대 올리브영 팝업 왔다가 저녁 먹을 거 뭐 있나 하다 방문했어요! 외부/내부 선택할 수 있었는데 외부는 대기도 있기도 하고 개인적으로는 내부를 좋아하는 편이라ㅎㅎ 바로 입장 소스도 다양하구 고기도 맛있습니다! 특히 항정살 러버로서 굿굿 소스 중에 특제소스 있는데 이거에 빵가루 찍으면 완전 돈까스(?) 익숙한 맛인데 저는 이 맛이 좋아서 너무 잘 먹었습니다~ 다음엔 외부도 한 번 도전해 보고 싶네용,224,True,,,,홍대 올리브영 팝업 왔다가 저녁 먹을 거 뭐 있나 하다 방문했어요! 외부/내부 선택할 수 있었는데 외부는 대기도 있기도 하고 개인적으로는 내부를 좋아하는 편이라ㅎㅎ 바로 입장 소스도 다양하구 고기도 맛있습니다! 특히 항정살 러버로서 굿굿 소스 중에 특제소스 있는데 이거에 빵가루 찍으면 완전 돈까스(?) 익숙한 맛인데 저는 이 맛이 좋아서 너무 잘 먹었습니다~ 다음엔 외부도 한 번 도전해 보고 싶네용,홍대 올리브영 팝업 왔다가 저녁 먹을 거 뭐 있나 하다 방문했어요 EXCLAM 외부 내부 선택할 수 있었는데 외부는 대기도 있기도 하고 개인적으로는 내부를 좋아하는 편이라 바로 입장 소스도 다양하구 고기도 맛있습니다 EXCLAM 특히 항정살 러버로서 굿굿 소스 중에 특제소스 있는데 이거에 빵가루 찍으면 완전 돈까스 QUESTION 익숙한 맛인데 저는 이 맛이 좋아서 너무 잘 먹었습니다 다음엔 외부도 한 번 도전해 보고 싶네용,0,0,0,0,1,1,0,224,내부
naver,굴다리식당,레어43,438.0,2025.04.05,1번째 방문,영수증,여기 김치찌개는 약간 묵은지에 가까운 느낌이고 내부는 좌식 입식 둘다 존재하고 시키자마자 거의 바로 나왔습니다 위생은 솔직히 좀 아쉬운 편이고 (내부에 더러운 때가 좀 보임) 제육은 오겹살을 넣어주시는데 이게 아주 특별한 맛이고 두툼해서 만족스러웠습니다 대신 약간의 기름기는 감수 해야합니다 김 서비스는 좋고 가격도 솔직히 괜찮다고 생각드는데 양도 적당한 편이라서 맛있게 먹었으나 또 먹으러 올지는 고민해볼듯합니다,231,False,,,,여기 김치찌개는 약간 묵은지에 가까운 느낌이고 내부는 좌식 입식 둘다 존재하고 시키자마자 거의 바로 나왔습니다 위생은 솔직히 좀 아쉬운 편이고 (내부에 더러운 때가 좀 보임) 제육은 오겹살을 넣어주시는데 이게 아주 특별한 맛이고 두툼해서 만족스러웠습니다 대신 약간의 기름기는 감수 해야합니다 김 서비스는 좋고 가격도 솔직히 괜찮다고 생각드는데 양도 적당한 편이라서 맛있게 먹었으나 또 먹으러 올지는 고민해볼듯합니다,여기 김치찌개는 약간 묵은지에 가까운 느낌이고 내부는 좌식 입식 둘다 존재하고 시키자마자 거의 바로 나왔습니다 위생은 솔직히 좀 아쉬운 편이고 내부에 더러운 때가 좀 보임 제육은 오겹살을 넣어주시는데 이게 아주 특별한 맛이고 두툼해서 만족스러웠습니다 대신 약간의 기름기는 감수 해야합니다 김 서비스는 좋고 가격도 솔직히 괜찮다고 생각드는데 양도 적당한 편이라서 맛있게 먹었으나 또 먹으러 올지는 고민해볼듯합니다,0,0,0,0,0,0,0,231,"내부, 위생"
kakao,육산장 홍대본점,기리기리,219.0,2025-11-11,,,🥰 분위기 제대로 나는 고깃집이에요. 홍대에서 이렇게 귀한 곳을 찾다니! 글램핑 온 것 같아서 좋아요ㅋㅋ 고기도 초벌해서 나와서 진짜 편하네요!! 담에 또 올게용,90,True,5.0,4.5,골드 레벨,🥰 분위기 제대로 나는 고깃집이에요. 홍대에서 이렇게 귀한 곳을 찾다니! 글램핑 온 것 같아서 좋아요ㅋㅋ 고기도 초벌해서 나와서 진짜 편하네요!! 담에 또 올게용,EMO_POS 분위기 제대로 나는 고깃집이에요 홍대에서 이렇게 귀한 곳을 찾다니 EXCLAM 글램핑 온 것 같아서 좋아요 고기도 초벌해서 나와서 진짜 편하네요 EXCLAM 담에 또 올게용,1,0,0,0,1,0,0,90,분위기
naver,홍대 육지,윤죠죠,34.0,2026.04.18,1번째 방문,영수증,"너무 맛있어요!! 특히 삼겹살이 최고입니다!! 그리고 식사메뉴도 다양하고 넘 맛있고요, 인테리어도 예뻐요 ㅎㅎ 직원분들이 바빠서 정신없어보이지만 그래도 부탁드리면 어지간하면 바로바로 들어주시려고 하시더라고요 담에 또 오고 싶어욤",127,True,,,,"너무 맛있어요!! 특히 삼겹살이 최고입니다!! 그리고 식사메뉴도 다양하고 넘 맛있고요, 인테리어도 예뻐요 ㅎㅎ 직원분들이 바빠서 정신없어보이지만 그래도 부탁드리면 어지간하면 바로바로 들어주시려고 하시더라고요 담에 또 오고 싶어욤",너무 맛있어요 EXCLAM 특히 삼겹살이 최고입니다 EXCLAM 그리고 식사메뉴도 다양하고 넘 맛있고요 인테리어도 예뻐요 직원분들이 바빠서 정신없어보이지만 그래도 부탁드리면 어지간하면 바로바로 들어주시려고 하시더라고요 담에 또 오고 싶어욤,0,0,0,0,1,0,0,127,인테리어
naver,뼈탄집 성수역점,김존멋탱구리,74.0,2026.03.08,1번째 방문,영수증,가족모임으로 왔는데 음식도 깔끔 가게도 깔끔 하니 좋습니다,32,True,,,,가족모임으로 왔는데 음식도 깔끔 가게도 깔끔 하니 좋습니다,가족모임으로 왔는데 음식도 깔끔 가게도 깔끔 하니 좋습니다,0,0,0,0,0,0,0,32,깔끔
naver,육산장 홍대본점,닥터브로우 강남점,30.0,2026.03.26,1번째 방문,영수증,날씨도 좋은데 분위기도 좋고 고기 참 맛나요 복분자 술도 술술 들어가네요!! 친목하기 최고!!! 다음에 또 방문할게요👍🏻,67,True,,,,날씨도 좋은데 분위기도 좋고 고기 참 맛나요 복분자 술도 술술 들어가네요!! 친목하기 최고!!! 다음에 또 방문할게요👍🏻,날씨도 좋은데 분위기도 좋고 고기 참 맛나요 복분자 술도 술술 들어가네요 EXCLAM 친목하기 최고 EXCLAM 다음에 또 방문할게요 EMO_POS,1,0,0,0,1,0,0,67,분위기
kakao,육지,쩝쩝박사,126.0,2025-12-30,,,분위기 트렌디하고 맛있어요. 고기 굽는데 시간은 좀 걸려요. 캐치테이블로 웨이팅하면 호출되고 3분이내로 가야돼서 주변에서 다른거하면서 기다리기엔 좀 빡세요,86,False,4.0,3.3,골드 레벨,분위기 트렌디하고 맛있어요. 고기 굽는데 시간은 좀 걸려요. 캐치테이블로 웨이팅하면 호출되고 3분이내로 가야돼서 주변에서 다른거하면서 기다리기엔 좀 빡세요,분위기 트렌디하고 맛있어요 고기 굽는데 시간은 좀 걸려요 캐치테이블로 웨이팅하면 호출되고 3분이내로 가야돼서 주변에서 다른거하면서 기다리기엔 좀 빡세요,0,0,0,0,0,0,1,86,"분위기, 테이블"
kakao,홍대 조선시대,김메리앤,1.0,2026-03-07,,,음식이 맛있고 분위기가 좋습니다,17,True,5.0,5.0,브론즈 레벨,음식이 맛있고 분위기가 좋습니다,음식이 맛있고 분위기가 좋습니다,0,0,0,0,0,0,0,17,분위기
naver,홍대 육지,mrs****,8.0,2026.04.28,1번째 방문,영수증,친절한 서비스에 일단 감동으로 시작... 쾌적한 공간에 잔잔한 bgm.. 돈대갈비 👍 .. 모든 🐖 🐷 👍👍👍 호강하는 하루였어요.^^,75,True,,,,친절한 서비스에 일단 감동으로 시작... 쾌적한 공간에 잔잔한 bgm.. 돈대갈비 👍 .. 모든 🐖 🐷 👍👍👍 호강하는 하루였어요.^^,친절한 서비스에 일단 감동으로 시작 쾌적한 공간에 잔잔한 bgm 돈대갈비 EMO_POS 모든 EMO_POS EMO_POS EMO_POS 호강하는 하루였어요,1,0,0,0,0,0,0,75,"공간, 쾌적"
naver,홍대 육지,고즈니,379.0,2026.04.09,1번째 방문,영수증,"홍대 돈대갈비가 맛있는 고기 맛집이에요~! 엄청난 육향과 두툼한 고기가 정말 맛있는데 점심, 저녁 항상 인기 많은 맛집이에요. 돈대갈비 완전 추천✨✨ 웨이팅은 캐치테이블로 가능하니깐 메인 식사 시간에 방문하신다면 미리 원격 웨이팅 필수입니다!",135,True,,,,"홍대 돈대갈비가 맛있는 고기 맛집이에요~! 엄청난 육향과 두툼한 고기가 정말 맛있는데 점심, 저녁 항상 인기 많은 맛집이에요. 돈대갈비 완전 추천✨✨ 웨이팅은 캐치테이블로 가능하니깐 메인 식사 시간에 방문하신다면 미리 원격 웨이팅 필수입니다!",홍대 돈대갈비가 맛있는 고기 맛집이에요 EXCLAM 엄청난 육향과 두툼한 고기가 정말 맛있는데 점심 저녁 항상 인기 많은 맛집이에요 돈대갈비 완전 추천 EMO_POS EMO_POS 웨이팅은 캐치테이블로 가능하니깐 메인 식사 시간에 방문하신다면 미리 원격 웨이팅 필수입니다 EXCLAM,1,0,0,0,1,0,0,135,테이블
naver,뼈탄집 성수역점,언제가는세계여행하고싶다,1333.0,2026.02.28,1번째 방문,영수증,"성수동 줄 서는 고기 맛집 뼈탄집에 예약 후 방문했어요. 직원분들 친절하시고 고기를 끝까지 다 구워주시는 서비스 덕분에 편안하게 식사하기 좋았습니다. 칼집 낸 숙성 삼겹살은 부드럽고 잡내 없이 담백합니다. 도톰한 삼겹살은 육즙 가득하고 씹을수록 고소하며 육향이 정말 좋습니다. 밑반찬도 예술이에요. 간이 세지 않고 깔끔한 고추채 절임, 마늘종채 절임, 백김치 추천합니다. 고기와 함께 먹으면 정말 계속 들어갑니다. 프라이빗한 룸 공간도 있어서 가족 외식, 회식, 단체 모임, 소모임 장소로 추천합니다. 매장도 넓고 직원분들 프로페셔널 서비스에 만족했던 식사였어요. 뼈탄구이, 한우 된장찌개, 계탄밥, 곰취 냉면도 맛있어요. 별미입니다. 뼈탄집 음식 다 맛있어서 과식하고 왔어요.",379,True,,,,"성수동 줄 서는 고기 맛집 뼈탄집에 예약 후 방문했어요. 직원분들 친절하시고 고기를 끝까지 다 구워주시는 서비스 덕분에 편안하게 식사하기 좋았습니다. 칼집 낸 숙성 삼겹살은 부드럽고 잡내 없이 담백합니다. 도톰한 삼겹살은 육즙 가득하고 씹을수록 고소하며 육향이 정말 좋습니다. 밑반찬도 예술이에요. 간이 세지 않고 깔끔한 고추채 절임, 마늘종채 절임, 백김치 추천합니다. 고기와 함께 먹으면 정말 계속 들어갑니다. 프라이빗한 룸 공간도 있어서 가족 외식, 회식, 단체 모임, 소모임 장소로 추천합니다. 매장도 넓고 직원분들 프로페셔널 서비스에 만족했던 식사였어요. 뼈탄구이, 한우 된장찌개, 계탄밥, 곰취 냉면도 맛있어요. 별미입니다. 뼈탄집 음식 다 맛있어서 과식하고 왔어요.",성수동 줄 서는 고기 맛집 뼈탄집에 예약 후 방문했어요 직원분들 친절하시고 고기를 끝까지 다 구워주시는 서비스 덕분에 편안하게 식사하기 좋았습니다 칼집 낸 숙성 삼겹살은 부드럽고 잡내 없이 담백합니다 도톰한 삼겹살은 육즙 가득하고 씹을수록 고소하며 육향이 정말 좋습니다 밑반찬도 예술이에요 간이 세지 않고 깔끔한 고추채 절임 마늘종채 절임 백김치 추천합니다 고기와 함께 먹으면 정말 계속 들어갑니다 프라이빗한 룸 공간도 있어서 가족 외식 회식 단체 모임 소모임 장소로 추천합니다 매장도 넓고 직원분들 프로페셔널 서비스에 만족했던 식사였어요 뼈탄구이 한우 된장찌개 계탄밥 곰취 냉면도 맛있어요 별미입니다 뼈탄집 음식 다 맛있어서 과식하고 왔어요,0,0,0,0,0,0,0,379,"매장, 공간, 깔끔, 넓"
naver,뼈탄집 성수역점,LuckyMK,75.0,2026.04.19,1번째 방문,영수증,"여기 고기집 맛있습니다 매장도 넓고 쾌적하고 고기도 다 구워주시고 화장실도 매장 내부에 있고 !! 추천합니다 친절하세용 성수 데이트, 가족 단체모임, 회식으로 추천이용!!",95,True,,,,"여기 고기집 맛있습니다 매장도 넓고 쾌적하고 고기도 다 구워주시고 화장실도 매장 내부에 있고 !! 추천합니다 친절하세용 성수 데이트, 가족 단체모임, 회식으로 추천이용!!",여기 고기집 맛있습니다 매장도 넓고 쾌적하고 고기도 다 구워주시고 화장실도 매장 내부에 있고 EXCLAM 추천합니다 친절하세용 성수 데이트 가족 단체모임 회식으로 추천이용 EXCLAM,0,0,0,0,1,0,0,95,"매장, 내부, 화장실, 쾌적, 넓, 데이트"
naver,조선시대,Jing44,25.0,2026.02.15,1번째 방문,영수증,"음식이 정말 맛있고, 인테리어도 좋고 분위기도 좋아서 편안하게 식사하기에 아주 만족스러운 곳입니다.",55,True,,,,"음식이 정말 맛있고, 인테리어도 좋고 분위기도 좋아서 편안하게 식사하기에 아주 만족스러운 곳입니다.",음식이 정말 맛있고 인테리어도 좋고 분위기도 좋아서 편안하게 식사하기에 아주 만족스러운 곳입니다,0,0,0,0,0,0,0,55,"분위기, 인테리어"
naver,조선시대,얌생,30.0,2026.04.25,1번째 방문,영수증,안주 맛있고 단체석도 따로 있고 룸도 따로 있어서 너무 좋은 것 같아요. 조용히 대화하기도 좋아서 팀원들하고 함께 왔어요 ㅋㅋㅋㅋㅋ 친구 추천으로 온 맛집입니다,89,True,,,,안주 맛있고 단체석도 따로 있고 룸도 따로 있어서 너무 좋은 것 같아요. 조용히 대화하기도 좋아서 팀원들하고 함께 왔어요 ㅋㅋㅋㅋㅋ 친구 추천으로 온 맛집입니다,안주 맛있고 단체석도 따로 있고 룸도 따로 있어서 너무 좋은 것 같아요 조용히 대화하기도 좋아서 팀원들하고 함께 왔어요 친구 추천으로 온 맛집입니다,0,0,0,0,0,0,0,89,조용
kakao,각시보쌈,♥후암동짝눈이♥,174.0,2025-12-03,,,주말에 남편이랑 낮술하러 들른 각시보쌈 합정점이에요 합정역 7번 출구에서 가까워서 접근성도 좋고 항상 손님이 많아서 웨이팅은 기본인데 그래도 기다릴 가치 충분한 곳이에요 😊 저희는 점심에만 주문 가능한 보쌈정식을 먹었는데 보쌈 고기부터 감탄 나왔어요 잡내 없이 부드럽고 촉촉하게 삶아져서 한 점 씹을 때마다 고기결이 살아있고 무생채랑 같이 먹으면 조합이 정말 최고였어요 밑반찬도 깔끔하고 특히 김치찌개가 진짜 맛있어서 보쌈 먹다가 뜨끈한 국물 한입 먹으면 바로 소주 불러오는 맛이에요 🍶 손님이 많아도 이모님들이 너무 베테랑이라 주문도 빠르고 음식도 꼬이지 않아서 편하게 식사할 수 있었어요 합정에서 보쌈 드시고 싶으신 분들께 자신 있게 추천드려요 👍,364,True,5.0,4.3,골드 레벨,주말에 남편이랑 낮술하러 들른 각시보쌈 합정점이에요 합정역 7번 출구에서 가까워서 접근성도 좋고 항상 손님이 많아서 웨이팅은 기본인데 그래도 기다릴 가치 충분한 곳이에요 😊 저희는 점심에만 주문 가능한 보쌈정식을 먹었는데 보쌈 고기부터 감탄 나왔어요 잡내 없이 부드럽고 촉촉하게 삶아져서 한 점 씹을 때마다 고기결이 살아있고 무생채랑 같이 먹으면 조합이 정말 최고였어요 밑반찬도 깔끔하고 특히 김치찌개가 진짜 맛있어서 보쌈 먹다가 뜨끈한 국물 한입 먹으면 바로 소주 불러오는 맛이에요 🍶 손님이 많아도 이모님들이 너무 베테랑이라 주문도 빠르고 음식도 꼬이지 않아서 편하게 식사할 수 있었어요 합정에서 보쌈 드시고 싶으신 분들께 자신 있게 추천드려요 👍,주말에 남편이랑 낮술하러 들른 각시보쌈 합정점이에요 합정역 7번 출구에서 가까워서 접근성도 좋고 항상 손님이 많아서 웨이팅은 기본인데 그래도 기다릴 가치 충분한 곳이에요 EMO_POS 저희는 점심에만 주문 가능한 보쌈정식을 먹었는데 보쌈 고기부터 감탄 나왔어요 잡내 없이 부드럽고 촉촉하게 삶아져서 한 점 씹을 때마다 고기결이 살아있고 무생채랑 같이 먹으면 조합이 정말 최고였어요 밑반찬도 깔끔하고 특히 김치찌개가 진짜 맛있어서 보쌈 먹다가 뜨끈한 국물 한입 먹으면 바로 소주 불러오는 맛이에요 손님이 많아도 이모님들이 너무 베테랑이라 주문도 빠르고 음식도 꼬이지 않아서 편하게 식사할 수 있었어요 합정에서 보쌈 드시고 싶으신 분들께 자신 있게 추천드려요 EMO_POS,1,0,0,0,0,0,1,364,깔끔
kakao,육지,예지,4.0,2025-12-25,,,저번에 방문했을때 테이블 많이 비어있는데도 굳이 옆테이블 식사중인 팀과 붙혀주더라구요 +불판에 김치구우면 안된대요...엥 고깃집에서 김치못굽는 불판소리 첨들어봄,89,True,1.0,4.0,브론즈 레벨,저번에 방문했을때 테이블 많이 비어있는데도 굳이 옆테이블 식사중인 팀과 붙혀주더라구요 +불판에 김치구우면 안된대요...엥 고깃집에서 김치못굽는 불판소리 첨들어봄,저번에 방문했을때 테이블 많이 비어있는데도 굳이 옆테이블 식사중인 팀과 붙혀주더라구요 불판에 김치구우면 안된대요 엥 고깃집에서 김치못굽는 불판소리 첨들어봄,0,0,0,0,0,0,0,89,테이블
kakao,육지,sumjeora,5.0,2025-11-13,,,고기 너무 맛있고 매장 깔끔햐서 좋아요,21,True,5.0,2.6,브론즈 레벨,고기 너무 맛있고 매장 깔끔햐서 좋아요,고기 너무 맛있고 매장 깔끔햐서 좋아요,0,0,0,0,0,0,0,21,"매장, 깔끔"
kakao,할머니의레시피,먹보의하루,4.0,2025-08-07,,,여자 혼자 가면 손님으로 안받고싶은가봐요. 자리부터 구석진 자리 앉히더니 아무리 기다려도 주문받으러 안오던데요. 계속 주문한다 소리쳐도 이쪽으로 쳐다를 안보고 개무시.. 다른 테이블 손님이 저분이 먼저 왔다고 알려줘서 그제서야 주문받으러 옴. 너무 안좋은 기억때문에 다신 안가고싶네요.,159,False,1.0,4.0,브론즈 레벨,여자 혼자 가면 손님으로 안받고싶은가봐요. 자리부터 구석진 자리 앉히더니 아무리 기다려도 주문받으러 안오던데요. 계속 주문한다 소리쳐도 이쪽으로 쳐다를 안보고 개무시.. 다른 테이블 손님이 저분이 먼저 왔다고 알려줘서 그제서야 주문받으러 옴. 너무 안좋은 기억때문에 다신 안가고싶네요.,여자 혼자 가면 손님으로 안받고싶은가봐요 자리부터 구석진 자리 앉히더니 아무리 기다려도 주문받으러 안오던데요 계속 주문한다 소리쳐도 이쪽으로 쳐다를 안보고 개무시 다른 테이블 손님이 저분이 먼저 왔다고 알려줘서 그제서야 주문받으러 옴 너무 안좋은 기억때문에 다신 안가고싶네요,0,0,0,0,0,0,0,159,"자리, 테이블"
kakao,능동미나리 성수점,김효신,2.0,2025-10-22,,,"저희 아빠랑 예비신랑 같이 아침밥으로 능미 출근했습니다! 평일 아침이라 웨이팅 없이 바로 입장가능🫧 메뉴도 언제나 그랬듯이 스피드하게 바로 나와 주시고, 역시나 메뉴들 전부다 실망 안시키고 너무 맛있습니다 ! 직원분들도 들어가기전부터 나올때까지 너무너무 친절하시고 , 인사도 너무 잘해주시고 , 진짜 능동미나리 직원분들 진짜 최고입니다👍🏻👍🏻🫶🏻🫶🏻 내일도 저녁밥먹으러 능미 출근예정😍 항상 이자리 그대로 있어주세요... 능미 못잃어🫶🏻",244,True,5.0,5.0,브론즈 레벨,"저희 아빠랑 예비신랑 같이 아침밥으로 능미 출근했습니다! 평일 아침이라 웨이팅 없이 바로 입장가능🫧 메뉴도 언제나 그랬듯이 스피드하게 바로 나와 주시고, 역시나 메뉴들 전부다 실망 안시키고 너무 맛있습니다 ! 직원분들도 들어가기전부터 나올때까지 너무너무 친절하시고 , 인사도 너무 잘해주시고 , 진짜 능동미나리 직원분들 진짜 최고입니다👍🏻👍🏻🫶🏻🫶🏻 내일도 저녁밥먹으러 능미 출근예정😍 항상 이자리 그대로 있어주세요... 능미 못잃어🫶🏻",저희 아빠랑 예비신랑 같이 아침밥으로 능미 출근했습니다 EXCLAM 평일 아침이라 웨이팅 없이 바로 입장가능 메뉴도 언제나 그랬듯이 스피드하게 바로 나와 주시고 역시나 메뉴들 전부다 실망 안시키고 너무 맛있습니다 EXCLAM 직원분들도 들어가기전부터 나올때까지 너무너무 친절하시고 인사도 너무 잘해주시고 진짜 능동미나리 직원분들 진짜 최고입니다 EMO_POS EMO_POS 내일도 저녁밥먹으러 능미 출근예정 EMO_POS 항상 이자리 그대로 있어주세요 능미 못잃어,1,0,0,0,1,0,0,244,자리
kakao,옥동식 서교점,wooh,26.0,2025-02-01,,,맛이나 분위기는 나쁘진 않은데 웨이팅해서 먹을정돈 진짜 아닌듯ㅋㅋ....,40,False,3.0,4.2,실버 레벨,맛이나 분위기는 나쁘진 않은데 웨이팅해서 먹을정돈 진짜 아닌듯ㅋㅋ....,맛이나 분위기는 나쁘진 않은데 웨이팅해서 먹을정돈 진짜 아닌듯,0,0,0,0,0,0,0,40,분위기
naver,조선시대,임재호24,18.0,2026.04.23,1번째 방문,영수증,"홍대에서 분위기 좋은 술집 찾다가 방문한 조선시대. 이름처럼 한국적인 분위기가 살아 있어서 들어가자마자 눈길이 갔고, 인테리어가 독특해서 친구들이랑 사진 찍기에도 좋았음. 전체적으로 시끌벅적하면서도 부담 없는 분위기라 모임하기 편했고, 안주도 술이랑 잘 어울려서 만족스러웠다. 홍대 술집답게 접근성도 좋고, 2차나 가볍게 한잔하러 가기에도 괜찮은 곳. 색다른 분위기의 홍대 술집 찾는다면 한 번쯤 가볼 만한 곳!",230,False,,,,"홍대에서 분위기 좋은 술집 찾다가 방문한 조선시대. 이름처럼 한국적인 분위기가 살아 있어서 들어가자마자 눈길이 갔고, 인테리어가 독특해서 친구들이랑 사진 찍기에도 좋았음. 전체적으로 시끌벅적하면서도 부담 없는 분위기라 모임하기 편했고, 안주도 술이랑 잘 어울려서 만족스러웠다. 홍대 술집답게 접근성도 좋고, 2차나 가볍게 한잔하러 가기에도 괜찮은 곳. 색다른 분위기의 홍대 술집 찾는다면 한 번쯤 가볼 만한 곳!",홍대에서 분위기 좋은 술집 찾다가 방문한 조선시대 이름처럼 한국적인 분위기가 살아 있어서 들어가자마자 눈길이 갔고 인테리어가 독특해서 친구들이랑 사진 찍기에도 좋았음 전체적으로 시끌벅적하면서도 부담 없는 분위기라 모임하기 편했고 안주도 술이랑 잘 어울려서 만족스러웠다 홍대 술집답게 접근성도 좋고 2차나 가볍게 한잔하러 가기에도 괜찮은 곳 색다른 분위기의 홍대 술집 찾는다면 한 번쯤 가볼 만한 곳 EXCLAM,0,0,0,0,1,0,1,230,"분위기, 인테리어"
naver,옥동식,레전설33,452.0,2025.08.20,1번째 방문,영수증,양도 많고 맛도 깔끔하고 미쉐린맛집 답네요,23,True,,,,양도 많고 맛도 깔끔하고 미쉐린맛집 답네요,양도 많고 맛도 깔끔하고 미쉐린맛집 답네요,0,0,0,0,0,0,0,23,깔끔
naver,뼈탄집 성수역점,eksdud52,49.0,2026.03.22,1번째 방문,영수증,고기는 여기가 젤 맛있어요 데이트하려고만 오다가 오늘은 가족모임으로 이모랑 엄마랑 왔습니당,50,True,,,,고기는 여기가 젤 맛있어요 데이트하려고만 오다가 오늘은 가족모임으로 이모랑 엄마랑 왔습니당,고기는 여기가 젤 맛있어요 데이트하려고만 오다가 오늘은 가족모임으로 이모랑 엄마랑 왔습니당,0,0,0,0,0,0,0,50,데이트
kakao,뼈탄집 성수역점,🐳,1.0,2026-03-28,,,고기가 너무 맛있어여 밑반찬도 깔끔해용🤍🤍,23,True,5.0,5.0,브론즈 레벨,고기가 너무 맛있어여 밑반찬도 깔끔해용🤍🤍,고기가 너무 맛있어여 밑반찬도 깔끔해용 EMO_POS EMO_POS,1,0,0,0,0,0,0,23,깔끔
kakao,능동미나리 성수점,이재겸,2.0,2026-03-31,,,매장이 넓고 매뉴도 엄청 빨리 나오네요 육전이랑 곰탕 육회비빔밥 시켜먹었는데 맛있었습니다 다음에 또 올게요,59,True,5.0,5.0,브론즈 레벨,매장이 넓고 매뉴도 엄청 빨리 나오네요 육전이랑 곰탕 육회비빔밥 시켜먹었는데 맛있었습니다 다음에 또 올게요,매장이 넓고 매뉴도 엄청 빨리 나오네요 육전이랑 곰탕 육회비빔밥 시켜먹었는데 맛있었습니다 다음에 또 올게요,0,0,0,0,0,0,0,59,"매장, 넓"
naver,금금 성수점,유나님님,50.0,2026.01.31,1번째 방문,영수증,정확히 한달전에 방문했다가 못먹었던게 아쉬워서 다시 방문했어요 조금만 늦었으면 대기 할 뻔 했지만 다행히 바로 입장했고 음식과 매장이 전반적으로 깔끔해서 좋았다 다른 메뉴도 먹어보고싶어서 재방문 예정 한국식 마제소바인 된장국수는 강추!,131,True,,,,정확히 한달전에 방문했다가 못먹었던게 아쉬워서 다시 방문했어요 조금만 늦었으면 대기 할 뻔 했지만 다행히 바로 입장했고 음식과 매장이 전반적으로 깔끔해서 좋았다 다른 메뉴도 먹어보고싶어서 재방문 예정 한국식 마제소바인 된장국수는 강추!,정확히 한달전에 방문했다가 못먹었던게 아쉬워서 다시 방문했어요 조금만 늦었으면 대기 할 뻔 했지만 다행히 바로 입장했고 음식과 매장이 전반적으로 깔끔해서 좋았다 다른 메뉴도 먹어보고싶어서 재방문 예정 한국식 마제소바인 된장국수는 강추 EXCLAM,0,0,0,0,1,0,0,131,"매장, 깔끔"
naver,조선시대,천학관,14.0,2026.01.30,1번째 방문,영수증,술 종류가 다양하구 안주 퀄리티가 대박이에요ㅋㅋㅋ 글구 테이블 오더기로 다른 테이블랑 겜도 할 수 있어서 넘 재밌어요!! 게임에 이겨서 코인을 얻으면 1000원씩 할인도 해주는게 너무 재밌게 잘만든거같애욯ㅎㅎㅎ,117,True,,,,술 종류가 다양하구 안주 퀄리티가 대박이에요ㅋㅋㅋ 글구 테이블 오더기로 다른 테이블랑 겜도 할 수 있어서 넘 재밌어요!! 게임에 이겨서 코인을 얻으면 1000원씩 할인도 해주는게 너무 재밌게 잘만든거같애욯ㅎㅎㅎ,술 종류가 다양하구 안주 퀄리티가 대박이에요 글구 테이블 오더기로 다른 테이블랑 겜도 할 수 있어서 넘 재밌어요 EXCLAM 게임에 이겨서 코인을 얻으면 1000원씩 할인도 해주는게 너무 재밌게 잘만든거같애욯,0,0,0,0,1,0,1,117,테이블
kakao,일등식당,푸다뱅,1191.0,2025-09-30,,,"뼈해장국 일등! 이름처럼 일등식당입니다. 뼈 양도 많고 우거지도 너무 맛있고 고기도 잘 삶아져서 잘 풀어지고 고기도 부드럽고 기름이 있어서 담백하고 부드러웠으며, 국물도 깔끔하고 맛있습니다.",106,False,5.0,4.1,퍼플 레벨,"뼈해장국 일등! 이름처럼 일등식당입니다. 뼈 양도 많고 우거지도 너무 맛있고 고기도 잘 삶아져서 잘 풀어지고 고기도 부드럽고 기름이 있어서 담백하고 부드러웠으며, 국물도 깔끔하고 맛있습니다.",뼈해장국 일등 EXCLAM 이름처럼 일등식당입니다 뼈 양도 많고 우거지도 너무 맛있고 고기도 잘 삶아져서 잘 풀어지고 고기도 부드럽고 기름이 있어서 담백하고 부드러웠으며 국물도 깔끔하고 맛있습니다,0,0,0,0,1,0,0,106,깔끔
naver,옥동식,니니이모82,821.0,2026.04.01,4번째 방문,영수증,일정 있을때마다 오니 6개월만인데 웨이팅이 또 다르군요 흑백요리사 때문인가요? 지난번에는 11시 1분에 등록하고도 두번째 텀에 들어갔었는데 다행이도? 일정이 너무 일찍 끝나서 수요일 10시 6분 등록하니 3번째 였고 11시 입장했는데 캐치테이블 우선입장 예약한 분이 있어서 4번은 첫타임에 못들어 오셨어요 대기하다보니 10시 40분쯤 되니 대기 번호 30번 정도 되서 놀랐어요 평소처럼 11시 왔으면 그냥 돌아갔을것 같아요 보통 한텀이 30분 정도 걸리는데 국밥 양이 많은데도 이번에 같이 드신 분들은 어찌나 속도가 빠르던지 마지막 오분은 체할 것 같았지만 오늘도 맛있게 잘먹었습니다. 오늘은 포장까지 해서 기분 좋게 돌아갑니다.,352,True,,,,일정 있을때마다 오니 6개월만인데 웨이팅이 또 다르군요 흑백요리사 때문인가요? 지난번에는 11시 1분에 등록하고도 두번째 텀에 들어갔었는데 다행이도? 일정이 너무 일찍 끝나서 수요일 10시 6분 등록하니 3번째 였고 11시 입장했는데 캐치테이블 우선입장 예약한 분이 있어서 4번은 첫타임에 못들어 오셨어요 대기하다보니 10시 40분쯤 되니 대기 번호 30번 정도 되서 놀랐어요 평소처럼 11시 왔으면 그냥 돌아갔을것 같아요 보통 한텀이 30분 정도 걸리는데 국밥 양이 많은데도 이번에 같이 드신 분들은 어찌나 속도가 빠르던지 마지막 오분은 체할 것 같았지만 오늘도 맛있게 잘먹었습니다. 오늘은 포장까지 해서 기분 좋게 돌아갑니다.,일정 있을때마다 오니 6개월만인데 웨이팅이 또 다르군요 흑백요리사 때문인가요 QUESTION 지난번에는 11시 1분에 등록하고도 두번째 텀에 들어갔었는데 다행이도 QUESTION 일정이 너무 일찍 끝나서 수요일 10시 6분 등록하니 3번째 였고 11시 입장했는데 캐치테이블 우선입장 예약한 분이 있어서 4번은 첫타임에 못들어 오셨어요 대기하다보니 10시 40분쯤 되니 대기 번호 30번 정도 되서 놀랐어요 평소처럼 11시 왔으면 그냥 돌아갔을것 같아요 보통 한텀이 30분 정도 걸리는데 국밥 양이 많은데도 이번에 같이 드신 분들은 어찌나 속도가 빠르던지 마지막 오분은 체할 것 같았지만 오늘도 맛있게 잘먹었습니다 오늘은 포장까지 해서 기분 좋게 돌아갑니다,0,0,0,0,0,1,1,352,테이블
naver,각시보쌈,쿠루루큭큭,755.0,2026.03.15,1번째 방문,,"오픈런해서 먹음, 근데 너무 불친절하고 양도 적음 메뉴도 헷갈리셔서 시키지도 않은게 나오고.. 그랬음 다른 매장은 보쌈시키면 서비스로 막국수가 나오는데 여긴 더 비싸면서 불친절하기만 함",103,True,,,,"오픈런해서 먹음, 근데 너무 불친절하고 양도 적음 메뉴도 헷갈리셔서 시키지도 않은게 나오고.. 그랬음 다른 매장은 보쌈시키면 서비스로 막국수가 나오는데 여긴 더 비싸면서 불친절하기만 함",오픈런해서 먹음 근데 너무 불친절하고 양도 적음 메뉴도 헷갈리셔서 시키지도 않은게 나오고 그랬음 다른 매장은 보쌈시키면 서비스로 막국수가 나오는데 여긴 더 비싸면서 불친절하기만 함,0,0,0,0,0,0,0,103,매장
kakao,이태리국시 성수,윤영서,1.0,2026-03-29,,,지인 추천으로 와봤는데 너무 맛있게 잘먹었어요 다음에 또 오고 싶은 맛이에요~ 분위기도 좋아서 데이트 장소나 가족끼리 와도 좋은 것 같아요~ 웨이팅이 있을 수도 있어서 예약하고 오시는 걸 추천해요 !,111,True,5.0,5.0,브론즈 레벨,지인 추천으로 와봤는데 너무 맛있게 잘먹었어요 다음에 또 오고 싶은 맛이에요~ 분위기도 좋아서 데이트 장소나 가족끼리 와도 좋은 것 같아요~ 웨이팅이 있을 수도 있어서 예약하고 오시는 걸 추천해요 !,지인 추천으로 와봤는데 너무 맛있게 잘먹었어요 다음에 또 오고 싶은 맛이에요 분위기도 좋아서 데이트 장소나 가족끼리 와도 좋은 것 같아요 웨이팅이 있을 수도 있어서 예약하고 오시는 걸 추천해요 EXCLAM,0,0,0,0,1,0,0,111,"분위기, 데이트"
kakao,이태리국시 성수,정민경,1.0,2026-04-25,,,분위기 좋고 맛있어용,11,True,5.0,5.0,브론즈 레벨,분위기 좋고 맛있어용,분위기 좋고 맛있어용,0,0,0,0,0,0,0,11,분위기
naver,할머니의 레시피,kate0212,559.0,2025.08.20,1번째 방문,영수증,세상에나 너~~~~어무 제마음에 쏘옥든 한식집 처음 친구한테 가게이름을 들었을땐 동네 할머니가 하시는 백반집인가…했는데 :) 요런 힙한곳인줄 몰랐네요 평일 1시정도 방문했더니 웨이팅없이 바로 입장 기본반찬도 깔끔하게 나오고 반상에 나오는 호박죽이 아주 맛도립니다 간장게장을 주문하면 작은 버터조각이 곁들여 나오는데 따뜻한밥에 간장게장 양념과 같이 넣으니 우와와아아아앙bb 전메뉴 다 먹어보고 싶어요 서율숲가면 꼬옥 들려보세요 재방문의사*100000%,251,True,,,,세상에나 너~~~~어무 제마음에 쏘옥든 한식집 처음 친구한테 가게이름을 들었을땐 동네 할머니가 하시는 백반집인가…했는데 :) 요런 힙한곳인줄 몰랐네요 평일 1시정도 방문했더니 웨이팅없이 바로 입장 기본반찬도 깔끔하게 나오고 반상에 나오는 호박죽이 아주 맛도립니다 간장게장을 주문하면 작은 버터조각이 곁들여 나오는데 따뜻한밥에 간장게장 양념과 같이 넣으니 우와와아아아앙bb 전메뉴 다 먹어보고 싶어요 서율숲가면 꼬옥 들려보세요 재방문의사*100000%,세상에나 너 TILDE 어무 제마음에 쏘옥든 한식집 처음 친구한테 가게이름을 들었을땐 동네 할머니가 하시는 백반집인가 했는데 요런 힙한곳인줄 몰랐네요 평일 1시정도 방문했더니 웨이팅없이 바로 입장 기본반찬도 깔끔하게 나오고 반상에 나오는 호박죽이 아주 맛도립니다 간장게장을 주문하면 작은 버터조각이 곁들여 나오는데 따뜻한밥에 간장게장 양념과 같이 넣으니 우와와아아앙bb 전메뉴 다 먹어보고 싶어요 서율숲가면 꼬옥 들려보세요 재방문의사 100000,0,0,0,0,0,0,1,251,깔끔
naver,육산장 홍대본점,비미34,12.0,2026.03.22,1번째 방문,영수증,데이트 코스로 가격도 나쁘지 않고 고기 퀄리티 좋아요!!! 분위기 부터 실내 매우 좋아요 데이트 코스로 추천드려요!,64,True,,,,데이트 코스로 가격도 나쁘지 않고 고기 퀄리티 좋아요!!! 분위기 부터 실내 매우 좋아요 데이트 코스로 추천드려요!,데이트 코스로 가격도 나쁘지 않고 고기 퀄리티 좋아요 EXCLAM 분위기 부터 실내 매우 좋아요 데이트 코스로 추천드려요 EXCLAM,0,0,0,0,1,0,0,64,"분위기, 데이트"
naver,조선시대,해달해달달,51.0,2026.02.07,1번째 방문,영수증,친구랑 홍대 널러와서 우연히 찾고 왔는데 분웨기도 좋고 안주도 맛있어서 좋네요. 그리고 무엇보다 너무 시끄럽지 않아서 친구랑 같이 이야기 하기고 좋아요.,85,True,,,,친구랑 홍대 널러와서 우연히 찾고 왔는데 분웨기도 좋고 안주도 맛있어서 좋네요. 그리고 무엇보다 너무 시끄럽지 않아서 친구랑 같이 이야기 하기고 좋아요.,친구랑 홍대 널러와서 우연히 찾고 왔는데 분웨기도 좋고 안주도 맛있어서 좋네요 그리고 무엇보다 너무 시끄럽지 않아서 친구랑 같이 이야기 하기고 좋아요,0,0,0,0,0,0,0,85,시끄럽
naver,일등식당,빵식빵식빵,275.0,2025.06.04,1번째 방문,영수증,"가격이 저렴하고 양이 푸짐해요. 가성비 좋아요. 국물은 다른 해장국들과 비교해 맑은 편이지만 그렇다고 맛이 담백하고 깔끔하기보단 고기도, 국물도 감칠맛 폭탄입니다. 이 부분이 상당히 호불호가 갈릴 것 같아요. 우거지는 질기지도, 너무 무르지도 않고 딱 좋아요.",145,True,,,,"가격이 저렴하고 양이 푸짐해요. 가성비 좋아요. 국물은 다른 해장국들과 비교해 맑은 편이지만 그렇다고 맛이 담백하고 깔끔하기보단 고기도, 국물도 감칠맛 폭탄입니다. 이 부분이 상당히 호불호가 갈릴 것 같아요. 우거지는 질기지도, 너무 무르지도 않고 딱 좋아요.",가격이 저렴하고 양이 푸짐해요 가성비 좋아요 국물은 다른 해장국들과 비교해 맑은 편이지만 그렇다고 맛이 담백하고 깔끔하기보단 고기도 국물도 감칠맛 폭탄입니다 이 부분이 상당히 호불호가 갈릴 것 같아요 우거지는 질기지도 너무 무르지도 않고 딱 좋아요,0,0,0,0,0,0,0,145,깔끔
kakao,락희옥 마포본점,그냥직장인,64.0,2025-11-15,,,프라이빗하게 장소 격리가 필요해보임 그렇기에 중요한 약속 장소로를 부적합 가격 대비 분위기가 시끄러움 음식은 평범보다 살짝 위,70,True,3.0,3.5,실버 레벨,프라이빗하게 장소 격리가 필요해보임 그렇기에 중요한 약속 장소로를 부적합 가격 대비 분위기가 시끄러움 음식은 평범보다 살짝 위,프라이빗하게 장소 격리가 필요해보임 그렇기에 중요한 약속 장소로를 부적합 가격 대비 분위기가 시끄러움 음식은 평범보다 살짝 위,0,0,0,0,0,0,0,70,분위기
kakao,원조조박집 본관,맛집사냥꾼,158.0,2025-06-24,,,솔직히 위생이 좀 그렇다..,15,False,2.0,3.3,골드 레벨,솔직히 위생이 좀 그렇다..,솔직히 위생이 좀 그렇다,0,0,0,0,0,0,0,15,위생
kakao,장인닭갈비 홍대점,불꽃의초롱이,194.0,2025-02-13,,,"홍대 버스킹 거리에 있는 닭갈비 가게입니다. 기존 닭갈비 갈게와는 다른 밝은 분위기. 2인분, 모둠사리 주문했는데 양이 아주 많네요. 무엇보다 치즈양이 장난아닙니다. 치즈를 기준으로 1인분씩 딱 나누어서 나옵니다. 맛이 기존의 닭갈비와는 차이가 납니다. 순한 맛 기준으로 살짝 매콤하며 라볶이맛이 섞여있는듯한 맛인데 아주 맛이 좋습니다. 평일임에도 불구하고 일찍 만석입니다. 평일부터 웨이팅이네요.",222,False,5.0,4.3,골드 레벨,"홍대 버스킹 거리에 있는 닭갈비 가게입니다. 기존 닭갈비 갈게와는 다른 밝은 분위기. 2인분, 모둠사리 주문했는데 양이 아주 많네요. 무엇보다 치즈양이 장난아닙니다. 치즈를 기준으로 1인분씩 딱 나누어서 나옵니다. 맛이 기존의 닭갈비와는 차이가 납니다. 순한 맛 기준으로 살짝 매콤하며 라볶이맛이 섞여있는듯한 맛인데 아주 맛이 좋습니다. 평일임에도 불구하고 일찍 만석입니다. 평일부터 웨이팅이네요.",홍대 버스킹 거리에 있는 닭갈비 가게입니다 기존 닭갈비 갈게와는 다른 밝은 분위기 2인분 모둠사리 주문했는데 양이 아주 많네요 무엇보다 치즈양이 장난아닙니다 치즈를 기준으로 1인분씩 딱 나누어서 나옵니다 맛이 기존의 닭갈비와는 차이가 납니다 순한 맛 기준으로 살짝 매콤하며 라볶이맛이 섞여있는듯한 맛인데 아주 맛이 좋습니다 평일임에도 불구하고 일찍 만석입니다 평일부터 웨이팅이네요,0,0,0,0,0,0,1,222,분위기
naver,육산장 홍대본점,김정섭5973,8.0,2026.04.22,1번째 방문,영수증,네이버 지도 검색해서 왔는데 분위기도 너무 좋고 마싯어요,31,True,,,,네이버 지도 검색해서 왔는데 분위기도 너무 좋고 마싯어요,네이버 지도 검색해서 왔는데 분위기도 너무 좋고 마싯어요,0,0,0,0,0,0,0,31,분위기
naver,옥동식,Bbeeyo,1310.0,2025.09.11,1번째 방문,영수증,깔끔하고 맛있어요,9,True,,,,깔끔하고 맛있어요,깔끔하고 맛있어요,0,0,0,0,0,0,0,9,깔끔
naver,뼈탄집 성수역점,임유나야옹,71.0,2026.03.15,1번째 방문,영수증,성수에 놀러와서 갑자기 고기먹고 싶어서 들른 곳이에요! 근데 성수역 삼겹살 맛집이었더라고요...뼈삼겹살 진짜 너무 부드러워요 다음에 또시켜먹으려구요🥹💖매장이 넓고 좌석도 다 칸막이 잘되어있어서 모임장소로 괜찮을 거 같아서 다음에는 친구들 데리고 다시 뼈삼겹살 먹으러 가야겠어요 추천해요,159,True,,,,성수에 놀러와서 갑자기 고기먹고 싶어서 들른 곳이에요! 근데 성수역 삼겹살 맛집이었더라고요...뼈삼겹살 진짜 너무 부드러워요 다음에 또시켜먹으려구요🥹💖매장이 넓고 좌석도 다 칸막이 잘되어있어서 모임장소로 괜찮을 거 같아서 다음에는 친구들 데리고 다시 뼈삼겹살 먹으러 가야겠어요 추천해요,성수에 놀러와서 갑자기 고기먹고 싶어서 들른 곳이에요 EXCLAM 근데 성수역 삼겹살 맛집이었더라고요 뼈삼겹살 진짜 너무 부드러워요 다음에 또시켜먹으려구요 EMO_POS 매장이 넓고 좌석도 다 칸막이 잘되어있어서 모임장소로 괜찮을 거 같아서 다음에는 친구들 데리고 다시 뼈삼겹살 먹으러 가야겠어요 추천해요,1,0,0,0,1,0,0,159,"매장, 넓"
naver,원조 조박집 본관,ma****,479.0,2025.05.31,2번째 방문,영수증,너무 정신없고 시끄럽고 판도 빨리 빨리 안 갈어주시고 너무달고 짜거 맛닜긴한데 집에오니 갈증엄청나고 그렇네요,60,False,,,,너무 정신없고 시끄럽고 판도 빨리 빨리 안 갈어주시고 너무달고 짜거 맛닜긴한데 집에오니 갈증엄청나고 그렇네요,너무 정신없고 시끄럽고 판도 빨리 빨리 안 갈어주시고 너무달고 짜거 맛닜긴한데 집에오니 갈증엄청나고 그렇네요,0,0,0,0,0,0,0,60,시끄럽
naver,조선시대,kyl****,49.0,2026.01.25,1번째 방문,영수증,부모님이랑 홍대 놀러와서 조선시대라는 컨셉 잡고 있는 술집에 왔는데 신기하네요! 인테리어 짱이고 안주도 맛있어요!! 강추드려요!,71,True,,,,부모님이랑 홍대 놀러와서 조선시대라는 컨셉 잡고 있는 술집에 왔는데 신기하네요! 인테리어 짱이고 안주도 맛있어요!! 강추드려요!,부모님이랑 홍대 놀러와서 조선시대라는 컨셉 잡고 있는 술집에 왔는데 신기하네요 EXCLAM 인테리어 짱이고 안주도 맛있어요 EXCLAM 강추드려요 EXCLAM,0,0,0,0,1,0,0,71,인테리어
kakao,소문난성수감자탕,토끼공사,38.0,2026-02-21,,,웨이팅 포함해서 1점 맛도 서비스도 위생도 어느것 하나 만족스러운 것이 없음,42,False,1.0,2.7,실버 레벨,웨이팅 포함해서 1점 맛도 서비스도 위생도 어느것 하나 만족스러운 것이 없음,웨이팅 포함해서 1점 맛도 서비스도 위생도 어느것 하나 만족스러운 것이 없음,0,0,0,0,0,0,1,42,위생
naver,능동미나리 성수지점,star0605,126.0,2026.02.18,1번째 방문,영수증,연휴지만12시전에 방문해서 바로입장👏👏미나리향연 🌿 ☘️ 이네요 ㅎㅎ 공기법리필가능하고 곰탕에 고기도 듬뿍👍 좌석이 좁아서 4인테이블에 4명이 가방과 겨울외투까지두려니 불편하긴해요☺️그래도 줄안선다면 가격대비 훌륭한 식사인듯요👌 전 재방문해서 수육과 육전먹어보려고요😘,149,True,,,,연휴지만12시전에 방문해서 바로입장👏👏미나리향연 🌿 ☘️ 이네요 ㅎㅎ 공기법리필가능하고 곰탕에 고기도 듬뿍👍 좌석이 좁아서 4인테이블에 4명이 가방과 겨울외투까지두려니 불편하긴해요☺️그래도 줄안선다면 가격대비 훌륭한 식사인듯요👌 전 재방문해서 수육과 육전먹어보려고요😘,연휴지만12시전에 방문해서 바로입장 EMO_POS EMO_POS 미나리향연 이네요 공기법리필가능하고 곰탕에 고기도 듬뿍 EMO_POS 좌석이 좁아서 4인테이블에 4명이 가방과 겨울외투까지두려니 불편하긴해요 그래도 줄안선다면 가격대비 훌륭한 식사인듯요 전 재방문해서 수육과 육전먹어보려고요 EMO_POS,1,0,0,0,0,0,1,149,"테이블, 좁"
naver,을밀대 평양냉면,먹키비스트,669.0,2025.12.28,1번째 방문,영수증,평양냉면 전통의 강자 을밀대 방문~ 가게가 넓어서 그런가 웨이팅 없이 들어왔습니다. 물냉으로 먹었는데 양도 많고 감칠맛 제대로 우러난 육수인데 호불호 타진 않을 맛이라 이래서 유명한가 싶더군요. 초보자들 와도 맛나게 먹을만 한거같아요. 평냉 잘하는 집들은 다 각자 자신있는 분야가 있는거 같습니다 ㅋㅋ 저는 여기 국물이 너무 맛났네요. 육수 제대로 우린 느낌? 거냉 이런걸 가서 알아서 빠른 시일내 다른 맛 느끼러 가볼까합니다 ㅎㅎ 완전 맛나기 먹고갑니다~,255,True,,,,평양냉면 전통의 강자 을밀대 방문~ 가게가 넓어서 그런가 웨이팅 없이 들어왔습니다. 물냉으로 먹었는데 양도 많고 감칠맛 제대로 우러난 육수인데 호불호 타진 않을 맛이라 이래서 유명한가 싶더군요. 초보자들 와도 맛나게 먹을만 한거같아요. 평냉 잘하는 집들은 다 각자 자신있는 분야가 있는거 같습니다 ㅋㅋ 저는 여기 국물이 너무 맛났네요. 육수 제대로 우린 느낌? 거냉 이런걸 가서 알아서 빠른 시일내 다른 맛 느끼러 가볼까합니다 ㅎㅎ 완전 맛나기 먹고갑니다~,평양냉면 전통의 강자 을밀대 방문 가게가 넓어서 그런가 웨이팅 없이 들어왔습니다 물냉으로 먹었는데 양도 많고 감칠맛 제대로 우러난 육수인데 호불호 타진 않을 맛이라 이래서 유명한가 싶더군요 초보자들 와도 맛나게 먹을만 한거같아요 평냉 잘하는 집들은 다 각자 자신있는 분야가 있는거 같습니다 저는 여기 국물이 너무 맛났네요 육수 제대로 우린 느낌 QUESTION 거냉 이런걸 가서 알아서 빠른 시일내 다른 맛 느끼러 가볼까합니다 완전 맛나기 먹고갑니다,0,0,0,0,0,1,0,255,넓
kakao,성수족발,미남,20.0,2025-10-23,,,족발 맛있어요 주차 공간 없어요,17,False,3.0,3.7,골드 레벨,족발 맛있어요 주차 공간 없어요,족발 맛있어요 주차 공간 없어요,0,0,0,0,0,0,0,17,"공간, 주차"
naver,홍대 육지,슈쥬맘27,67.0,2026.01.28,1번째 방문,영수증,"왜 유명한지 알겠더라. 고기는 직원분이 직접 구워줘서 편했고, 굽는 내내 타이밍도 잘 맞춰줘서 너무 맛있게 먹었다. 고기 질도 좋고 잡내 없어서 만족스러웠다. 분위기도 홍대스럽게 힙한데 너무 시끄럽진 않아서 대화하기 괜찮았고, 데이트나 친구들이랑 가기 좋은 느낌 가격대는 살짝 있는 편이지만 그래도 한 번쯤은 충분히 갈 만한 집. 정말맛있는 외출잘했다~",197,True,,,,"왜 유명한지 알겠더라. 고기는 직원분이 직접 구워줘서 편했고, 굽는 내내 타이밍도 잘 맞춰줘서 너무 맛있게 먹었다. 고기 질도 좋고 잡내 없어서 만족스러웠다. 분위기도 홍대스럽게 힙한데 너무 시끄럽진 않아서 대화하기 괜찮았고, 데이트나 친구들이랑 가기 좋은 느낌 가격대는 살짝 있는 편이지만 그래도 한 번쯤은 충분히 갈 만한 집. 정말맛있는 외출잘했다~",왜 유명한지 알겠더라 고기는 직원분이 직접 구워줘서 편했고 굽는 내내 타이밍도 잘 맞춰줘서 너무 맛있게 먹었다 고기 질도 좋고 잡내 없어서 만족스러웠다 분위기도 홍대스럽게 힙한데 너무 시끄럽진 않아서 대화하기 괜찮았고 데이트나 친구들이랑 가기 좋은 느낌 가격대는 살짝 있는 편이지만 그래도 한 번쯤은 충분히 갈 만한 집 정말맛있는 외출잘했다,0,0,0,0,0,0,0,197,"분위기, 시끄럽, 데이트"
naver,훼미리손칼국수보쌈,jid****,14.0,2025.09.21,1번째 방문,영수증,혼밥 4인석에서 먹던중 갑자기 혼자인분 와서 앉으심 먹고있던 저에겐 합석괜찮냐고 질문 없음 여기 같이 앉아요라고... 다음 혼밥오실분을 위해 남깁니다. 도움이 되었다면 눌러주세요,99,False,,,,혼밥 4인석에서 먹던중 갑자기 혼자인분 와서 앉으심 먹고있던 저에겐 합석괜찮냐고 질문 없음 여기 같이 앉아요라고... 다음 혼밥오실분을 위해 남깁니다. 도움이 되었다면 눌러주세요,혼밥 4인석에서 먹던중 갑자기 혼자인분 와서 앉으심 먹고있던 저에겐 합석괜찮냐고 질문 없음 여기 같이 앉아요라고 다음 혼밥오실분을 위해 남깁니다 도움이 되었다면 눌러주세요,0,0,0,0,0,0,1,99,혼밥
naver,홍대 육지,강아지아지17,37.0,2026.04.03,1번째 방문,영수증,"일단 들어가자마자 느껴지는 분위기가 너무 좋았음. 조명도 은은하고 인테리어도 깔끔해서 데이트나 모임 장소로 딱이라는 생각이 들었음. 시끄럽지 않고 적당히 편안한 분위기라서 대화하기에도 좋았음. 고기도 신선하고 질이 좋아서 먹는 내내 만족스러웠음. 직원분들도 친절하게 응대해주셔서 기분 좋게 식사할 수 있었음. 맛, 분위기, 서비스까지 전체적으로 균형이 잘 맞는 곳이라 재방문 의사 있음. 다음에는 다른 메뉴도 도전해보고 싶음. 분위기 좋은 고기집 찾는 분들께 추천드림 👍",263,True,,,,"일단 들어가자마자 느껴지는 분위기가 너무 좋았음. 조명도 은은하고 인테리어도 깔끔해서 데이트나 모임 장소로 딱이라는 생각이 들었음. 시끄럽지 않고 적당히 편안한 분위기라서 대화하기에도 좋았음. 고기도 신선하고 질이 좋아서 먹는 내내 만족스러웠음. 직원분들도 친절하게 응대해주셔서 기분 좋게 식사할 수 있었음. 맛, 분위기, 서비스까지 전체적으로 균형이 잘 맞는 곳이라 재방문 의사 있음. 다음에는 다른 메뉴도 도전해보고 싶음. 분위기 좋은 고기집 찾는 분들께 추천드림 👍",일단 들어가자마자 느껴지는 분위기가 너무 좋았음 조명도 은은하고 인테리어도 깔끔해서 데이트나 모임 장소로 딱이라는 생각이 들었음 시끄럽지 않고 적당히 편안한 분위기라서 대화하기에도 좋았음 고기도 신선하고 질이 좋아서 먹는 내내 만족스러웠음 직원분들도 친절하게 응대해주셔서 기분 좋게 식사할 수 있었음 맛 분위기 서비스까지 전체적으로 균형이 잘 맞는 곳이라 재방문 의사 있음 다음에는 다른 메뉴도 도전해보고 싶음 분위기 좋은 고기집 찾는 분들께 추천드림 EMO_POS,1,0,0,0,0,0,0,263,"분위기, 인테리어, 조명, 깔끔, 시끄럽, 데이트"
naver,육산장 홍대본점,도란3,67.0,2026.04.21,1번째 방문,영수증,애인이랑 방문했는데 인테리어가 감성적이고 테이블이 매우 청결했어요. 공간도 넓어서 단체모임하기도 좋을 것 같아요! 고기 빠르게 초벌해주시고 반찬과 사이드가 여러가지라 골라먹는 맛이 있어서 좋았습니당🥺,111,True,,,,애인이랑 방문했는데 인테리어가 감성적이고 테이블이 매우 청결했어요. 공간도 넓어서 단체모임하기도 좋을 것 같아요! 고기 빠르게 초벌해주시고 반찬과 사이드가 여러가지라 골라먹는 맛이 있어서 좋았습니당🥺,애인이랑 방문했는데 인테리어가 감성적이고 테이블이 매우 청결했어요 공간도 넓어서 단체모임하기도 좋을 것 같아요 EXCLAM 고기 빠르게 초벌해주시고 반찬과 사이드가 여러가지라 골라먹는 맛이 있어서 좋았습니당,0,0,0,0,1,0,0,111,"인테리어, 공간, 테이블, 청결, 넓"
kakao,뼈탄집 성수역점,문소빈,1.0,2026-01-16,,,저녁에 먹으러 왔는데 분위기도 너무 좋고 맛있게 먹고 가요!!!!! 9시 쯤에 왔는데 웨이팅은 따로 안하고 들어왓어요,65,True,4.0,4.0,브론즈 레벨,저녁에 먹으러 왔는데 분위기도 너무 좋고 맛있게 먹고 가요!!!!! 9시 쯤에 왔는데 웨이팅은 따로 안하고 들어왓어요,저녁에 먹으러 왔는데 분위기도 너무 좋고 맛있게 먹고 가요 EXCLAM 9시 쯤에 왔는데 웨이팅은 따로 안하고 들어왓어요,0,0,0,0,1,0,1,65,분위기
kakao,금금,merrywanderer,46.0,2025-02-28,,,스파게티의 알 덴테를 연상시키는 면의 톡톡한 식감. 맛이 깊진 않지만 청량하고 깔끔함. 양이 푸짐하진 않고 가성비도 좋은 편은 아니나 면을 좋아한다면 한 번은 와볼만함,93,True,4.0,3.8,실버 레벨,스파게티의 알 덴테를 연상시키는 면의 톡톡한 식감. 맛이 깊진 않지만 청량하고 깔끔함. 양이 푸짐하진 않고 가성비도 좋은 편은 아니나 면을 좋아한다면 한 번은 와볼만함,스파게티의 알 덴테를 연상시키는 면의 톡톡한 식감 맛이 깊진 않지만 청량하고 깔끔함 양이 푸짐하진 않고 가성비도 좋은 편은 아니나 면을 좋아한다면 한 번은 와볼만함,0,0,0,0,0,0,0,93,깔끔
kakao,육지,뚠이,1.0,2025-09-11,,,고기도 맛있고 분위기도 좋네요! 직원분이 친절하셔서 더 맛있게 먹었습니다.,41,False,5.0,5.0,브론즈 레벨,고기도 맛있고 분위기도 좋네요! 직원분이 친절하셔서 더 맛있게 먹었습니다.,고기도 맛있고 분위기도 좋네요 EXCLAM 직원분이 친절하셔서 더 맛있게 먹었습니다,0,0,0,0,1,0,0,41,분위기
naver,원조 조박집 본관,UchelinGuide,179.0,2025.01.18,1번째 방문,영수증,식당 공간도 넓고 이모님도 친절하셔서 기분 좋게 맛있게 먹었습니다. 테이블 회전 속도도 은근히 빨라서 웨이팅이 있더라도 길게 기다리지는 않을 것 같아요. 부모님 모시고 와도 좋아하실 맛! 😋😋😋😋😋,110,True,,,,식당 공간도 넓고 이모님도 친절하셔서 기분 좋게 맛있게 먹었습니다. 테이블 회전 속도도 은근히 빨라서 웨이팅이 있더라도 길게 기다리지는 않을 것 같아요. 부모님 모시고 와도 좋아하실 맛! 😋😋😋😋😋,식당 공간도 넓고 이모님도 친절하셔서 기분 좋게 맛있게 먹었습니다 테이블 회전 속도도 은근히 빨라서 웨이팅이 있더라도 길게 기다리지는 않을 것 같아요 부모님 모시고 와도 좋아하실 맛 EXCLAM EMO_POS EMO_POS EMO_POS EMO_POS EMO_POS,1,0,0,0,1,0,0,110,"공간, 테이블, 넓"
naver,홍대 육지,Park쪙이,144.0,2026.04.04,1번째 방문,영수증,캐치테이블로 예약가능하고 고기가 넘 맛있어요 계란찜이링 볶음밥도 무조건 추가해서 드세요,48,True,,,,캐치테이블로 예약가능하고 고기가 넘 맛있어요 계란찜이링 볶음밥도 무조건 추가해서 드세요,캐치테이블로 예약가능하고 고기가 넘 맛있어요 계란찜이링 볶음밥도 무조건 추가해서 드세요,0,0,0,0,0,0,0,48,테이블
naver,이태리국시 성수,Laylaaaaaa,86.0,2026.02.23,1번째 방문,영수증,"저희는 오늘 청양봉골레크림파스타랑 불고기쌈피자 시켰고, 피자는 도우가 또띠야같은 얇은 도우로 되어있어서 뭔가 타코나 부리또같은 느낌이었구요, 피자라고 하면 좀 무거울 수 있는데 채소가 가득있어서 무겁지않고 산뜻한 맛이었어요🥹청양 봉골레크림 파스타는 매운맛이 쎄지않으면서 산뜻하게 입안을 정리해줘서 좋았고 면도 기본 파스타면이랑 다른 면이 오동통?해서 전체적으로 식감이 다양해서 좋았습니다🫶🏻평소 먹던 봉골레랑은 다른 느낌? 하이볼도 술 못드시는 분들도 드실 수 있을만큼 술맛이 강하지않아서 좋았어요🥹❣️그리고 가게 이름이 이태리국시라고 해서 좀 정겨운 가게 분위기 생각했는데 엄청 세련된 양식당 느낌이라 새롭고 인테리어나 분위기도 좋았습니다🤭🤭🤭데이트장소 찾으시면 이태리국시 추천드려요, 잘먹었습니다:)",393,True,,,,"저희는 오늘 청양봉골레크림파스타랑 불고기쌈피자 시켰고, 피자는 도우가 또띠야같은 얇은 도우로 되어있어서 뭔가 타코나 부리또같은 느낌이었구요, 피자라고 하면 좀 무거울 수 있는데 채소가 가득있어서 무겁지않고 산뜻한 맛이었어요🥹청양 봉골레크림 파스타는 매운맛이 쎄지않으면서 산뜻하게 입안을 정리해줘서 좋았고 면도 기본 파스타면이랑 다른 면이 오동통?해서 전체적으로 식감이 다양해서 좋았습니다🫶🏻평소 먹던 봉골레랑은 다른 느낌? 하이볼도 술 못드시는 분들도 드실 수 있을만큼 술맛이 강하지않아서 좋았어요🥹❣️그리고 가게 이름이 이태리국시라고 해서 좀 정겨운 가게 분위기 생각했는데 엄청 세련된 양식당 느낌이라 새롭고 인테리어나 분위기도 좋았습니다🤭🤭🤭데이트장소 찾으시면 이태리국시 추천드려요, 잘먹었습니다:)",저희는 오늘 청양봉골레크림파스타랑 불고기쌈피자 시켰고 피자는 도우가 또띠야같은 얇은 도우로 되어있어서 뭔가 타코나 부리또같은 느낌이었구요 피자라고 하면 좀 무거울 수 있는데 채소가 가득있어서 무겁지않고 산뜻한 맛이었어요 청양 봉골레크림 파스타는 매운맛이 쎄지않으면서 산뜻하게 입안을 정리해줘서 좋았고 면도 기본 파스타면이랑 다른 면이 오동통 QUESTION 해서 전체적으로 식감이 다양해서 좋았습니다 평소 먹던 봉골레랑은 다른 느낌 QUESTION 하이볼도 술 못드시는 분들도 드실 수 있을만큼 술맛이 강하지않아서 좋았어요 EMO_POS 그리고 가게 이름이 이태리국시라고 해서 좀 정겨운 가게 분위기 생각했는데 엄청 세련된 양식당 느낌이라 새롭고 인테리어나 분위기도 좋았습니다 데이트장소 찾으시면 이태리국시 추천드려요 잘먹었습니다,1,0,0,0,0,1,0,393,"분위기, 인테리어, 데이트"
kakao,옥동식 서교점,ISTP,35.0,2025-02-16,,,후추와 월계수잎? 맛을 베이스로 한 깔끔한 맛인 것 같으나 특별히 맛있지는 않음. 미쉐린도 붙어있고 유튜브도 몇군데 나오니까 유명해진것 같음. 조용하고 정갈한 감성은 있어서 분위기는 좋음. 지리산에서 키운 버크셔K 등등 있어보이는 요소들은 많은데 솔직히 캐나다산 돼지고기로도 비슷한 맛 만들어낼 수 있을듯. 만두는 담백해서 국밥과 조화로웠던 것 같음. 고추지는 솔직히 무슨 맛인지 잘 모르겠음. 간장베이스 소스에 찍어먹는게 더 나을 것 같다는 생각이 듦. 10자리 정도 밖에 없어서 순환이 잘 되는 편은 아님. 화장실도 좁고 주차도 안됨.,301,False,2.0,3.6,실버 레벨,후추와 월계수잎? 맛을 베이스로 한 깔끔한 맛인 것 같으나 특별히 맛있지는 않음. 미쉐린도 붙어있고 유튜브도 몇군데 나오니까 유명해진것 같음. 조용하고 정갈한 감성은 있어서 분위기는 좋음. 지리산에서 키운 버크셔K 등등 있어보이는 요소들은 많은데 솔직히 캐나다산 돼지고기로도 비슷한 맛 만들어낼 수 있을듯. 만두는 담백해서 국밥과 조화로웠던 것 같음. 고추지는 솔직히 무슨 맛인지 잘 모르겠음. 간장베이스 소스에 찍어먹는게 더 나을 것 같다는 생각이 듦. 10자리 정도 밖에 없어서 순환이 잘 되는 편은 아님. 화장실도 좁고 주차도 안됨.,후추와 월계수잎 QUESTION 맛을 베이스로 한 깔끔한 맛인 것 같으나 특별히 맛있지는 않음 미쉐린도 붙어있고 유튜브도 몇군데 나오니까 유명해진것 같음 조용하고 정갈한 감성은 있어서 분위기는 좋음 지리산에서 키운 버크셔K 등등 있어보이는 요소들은 많은데 솔직히 캐나다산 돼지고기로도 비슷한 맛 만들어낼 수 있을듯 만두는 담백해서 국밥과 조화로웠던 것 같음 고추지는 솔직히 무슨 맛인지 잘 모르겠음 간장베이스 소스에 찍어먹는게 더 나을 것 같다는 생각이 듦 10자리 정도 밖에 없어서 순환이 잘 되는 편은 아님 화장실도 좁고 주차도 안됨,0,0,0,0,0,1,1,301,"분위기, 자리, 깔끔, 조용, 화장실, 좁, 주차"
kakao,할머니의레시피,신프란,8.0,2025-04-23,,,웨이팅 길고 자리 안내하는 넘은 정말 싸가지없고 모욕 수준이다 별 하나도 아깝다. 이런 자세로 장사하는거 욕이 나온다. 모욕 당하고 싶고 하루 기분 잡치고 싶으신 분들만 가세요. 다른 맛집도 많아요.,111,False,1.0,2.1,실버 레벨,웨이팅 길고 자리 안내하는 넘은 정말 싸가지없고 모욕 수준이다 별 하나도 아깝다. 이런 자세로 장사하는거 욕이 나온다. 모욕 당하고 싶고 하루 기분 잡치고 싶으신 분들만 가세요. 다른 맛집도 많아요.,웨이팅 길고 자리 안내하는 넘은 정말 싸가지없고 모욕 수준이다 별 하나도 아깝다 이런 자세로 장사하는거 욕이 나온다 모욕 당하고 싶고 하루 기분 잡치고 싶으신 분들만 가세요 다른 맛집도 많아요,0,0,0,0,0,0,0,111,자리
kakao,이태리국시 성수,전유진,1.0,2026-03-29,,,분위기도 너무 좋고 너무 맛있어요!,19,True,5.0,5.0,브론즈 레벨,분위기도 너무 좋고 너무 맛있어요!,분위기도 너무 좋고 너무 맛있어요 EXCLAM,0,0,0,0,1,0,0,19,분위기
naver,홍대 육지,Lukxi,11.0,2026.04.28,1번째 방문,영수증,가게 인테리어도 너무 이쁘고 맛있어보여서 들어왔는데 고기도 직접 구워주셔서 너무 편하게 먹었어요!! 고기도 맛있고 사이드도 맛있어서 나오자마자 정신없이 먹었네요 또 올게요~,96,True,,,,가게 인테리어도 너무 이쁘고 맛있어보여서 들어왔는데 고기도 직접 구워주셔서 너무 편하게 먹었어요!! 고기도 맛있고 사이드도 맛있어서 나오자마자 정신없이 먹었네요 또 올게요~,가게 인테리어도 너무 이쁘고 맛있어보여서 들어왔는데 고기도 직접 구워주셔서 너무 편하게 먹었어요 EXCLAM 고기도 맛있고 사이드도 맛있어서 나오자마자 정신없이 먹었네요 또 올게요,0,0,0,0,1,0,0,96,인테리어
naver,조선시대,박건우880,8.0,2026.04.15,1번째 방문,영수증,너무 맛있고 한옥 분위기랑 조명때문인지 술이 계속 들어가네요ㅋㅋ 홍대 최고의 술집입니다!! 앞으로도 쭉 자주 갈 것 같아요!!,70,True,,,,너무 맛있고 한옥 분위기랑 조명때문인지 술이 계속 들어가네요ㅋㅋ 홍대 최고의 술집입니다!! 앞으로도 쭉 자주 갈 것 같아요!!,너무 맛있고 한옥 분위기랑 조명때문인지 술이 계속 들어가네요 홍대 최고의 술집입니다 EXCLAM 앞으로도 쭉 자주 갈 것 같아요 EXCLAM,0,0,0,0,1,0,0,70,"분위기, 조명"
naver,홍대 육지,유상현89,28.0,2026.02.22,1번째 방문,영수증,가게 분위기가 힙하고 고기가 맛있어요 직원분들이 많으셔서 바로바로 응대해주시고 넘 친절하셨어요 그리고 구워주셔서 너무 편하고 맛있게 먹었습니다 !,81,True,,,,가게 분위기가 힙하고 고기가 맛있어요 직원분들이 많으셔서 바로바로 응대해주시고 넘 친절하셨어요 그리고 구워주셔서 너무 편하고 맛있게 먹었습니다 !,가게 분위기가 힙하고 고기가 맛있어요 직원분들이 많으셔서 바로바로 응대해주시고 넘 친절하셨어요 그리고 구워주셔서 너무 편하고 맛있게 먹었습니다 EXCLAM,0,0,0,0,1,0,0,81,분위기
naver,일등식당,김너지,310.0,2025.06.06,1번째 방문,영수증,매일 사람들이 줄서 기다리는 곳. 오후 두 시쯤 갔더니 앞에 한 팀 있었어요. 거의 저희 테이블에서 재료 소진되어 포장만 가능했어요. 특 먹고 싶었는데 재료 없어서 일반으로. 고기 너무 부드럽고 맛 좋은데 확실히 양이 적었어요. 반찬은 김치와 깍두기인데 정갈하고 맛 좋아요. 담엔 특으로 도전 🍚,165,True,,,,매일 사람들이 줄서 기다리는 곳. 오후 두 시쯤 갔더니 앞에 한 팀 있었어요. 거의 저희 테이블에서 재료 소진되어 포장만 가능했어요. 특 먹고 싶었는데 재료 없어서 일반으로. 고기 너무 부드럽고 맛 좋은데 확실히 양이 적었어요. 반찬은 김치와 깍두기인데 정갈하고 맛 좋아요. 담엔 특으로 도전 🍚,매일 사람들이 줄서 기다리는 곳 오후 두 시쯤 갔더니 앞에 한 팀 있었어요 거의 저희 테이블에서 재료 소진되어 포장만 가능했어요 특 먹고 싶었는데 재료 없어서 일반으로 고기 너무 부드럽고 맛 좋은데 확실히 양이 적었어요 반찬은 김치와 깍두기인데 정갈하고 맛 좋아요 담엔 특으로 도전,0,0,0,0,0,0,0,165,테이블
kakao,이태리국시 성수,연,1.0,2026-04-11,,,좋은 음악과 분위기가 좋은 곳이에요. 고소한 곱창에 매콤한 소스가 잘 어울리는 파스타 맛집!,51,True,5.0,5.0,브론즈 레벨,좋은 음악과 분위기가 좋은 곳이에요. 고소한 곱창에 매콤한 소스가 잘 어울리는 파스타 맛집!,좋은 음악과 분위기가 좋은 곳이에요 고소한 곱창에 매콤한 소스가 잘 어울리는 파스타 맛집 EXCLAM,0,0,0,0,1,0,0,51,"분위기, 음악"
naver,금금 성수점,MnM21,41.0,2026.03.27,1번째 방문,영수증,송리단길점도 좋아해서 여러번 갔는데 성수에서도 올 수 있어서 좋아요 국수도 먹고 밥도 먹을 수 있어서 새로운 음식을 두번 먹는 느낌을 느낄 수 있어요 -!! 느끼하지 않고 깔끔해서 좋습니다—-,107,True,,,,송리단길점도 좋아해서 여러번 갔는데 성수에서도 올 수 있어서 좋아요 국수도 먹고 밥도 먹을 수 있어서 새로운 음식을 두번 먹는 느낌을 느낄 수 있어요 -!! 느끼하지 않고 깔끔해서 좋습니다—-,송리단길점도 좋아해서 여러번 갔는데 성수에서도 올 수 있어서 좋아요 국수도 먹고 밥도 먹을 수 있어서 새로운 음식을 두번 먹는 느낌을 느낄 수 있어요 EXCLAM 느끼하지 않고 깔끔해서 좋습니다,0,0,0,0,1,0,0,107,깔끔
kakao,육산장 홍대본점,김시윤,1.0,2025-10-28,,,분위기가 좋고 서비스도 많고 맛있어요! 꼭 와보세요,28,True,5.0,5.0,브론즈 레벨,분위기가 좋고 서비스도 많고 맛있어요! 꼭 와보세요,분위기가 좋고 서비스도 많고 맛있어요 EXCLAM 꼭 와보세요,0,0,0,0,1,0,0,28,분위기
naver,홍대 육지,펠로4,23.0,2026.04.11,1번째 방문,영수증,"합정역에 가장 인기있는 육지 고기집… 한정메뉴로 돈대갈비 먹었는데 숙성이 너무 잘되서 존맛탱….. 하루에 20분 한정이니깐 빨리 가야될듯….🥹 고기도 잘 구워주시고, 일하시는 분들도 너무 친절하고 매장도 청결해요. 추천 꾸욱🫣",126,True,,,,"합정역에 가장 인기있는 육지 고기집… 한정메뉴로 돈대갈비 먹었는데 숙성이 너무 잘되서 존맛탱….. 하루에 20분 한정이니깐 빨리 가야될듯….🥹 고기도 잘 구워주시고, 일하시는 분들도 너무 친절하고 매장도 청결해요. 추천 꾸욱🫣",합정역에 가장 인기있는 육지 고기집 한정메뉴로 돈대갈비 먹었는데 숙성이 너무 잘되서 존맛탱 하루에 20분 한정이니깐 빨리 가야될듯 고기도 잘 구워주시고 일하시는 분들도 너무 친절하고 매장도 청결해요 추천 꾸욱,0,0,0,0,0,0,1,126,"매장, 청결"
kakao,뼈탄집 성수역점,송영은,1.0,2026-01-03,,,가족들이랑 방문했는데 친절하시고 고기도 다 구워주셔서 좋았어요! 매장도 깔끔하고 넓어서 사람 많아도 대화하기 괜찮아요!,66,True,5.0,5.0,브론즈 레벨,가족들이랑 방문했는데 친절하시고 고기도 다 구워주셔서 좋았어요! 매장도 깔끔하고 넓어서 사람 많아도 대화하기 괜찮아요!,가족들이랑 방문했는데 친절하시고 고기도 다 구워주셔서 좋았어요 EXCLAM 매장도 깔끔하고 넓어서 사람 많아도 대화하기 괜찮아요 EXCLAM,0,0,0,0,1,0,0,66,"매장, 깔끔, 넓"
naver,조선시대,SNI030321,25.0,2026.02.17,1번째 방문,영수증,와 딸기막걸리 진짜 최고! 글고 다른메뉴들 전부 생각보다 양 많아서 놀랬어요 ㅋㅋ 데이트 장소로 추천이용,58,True,,,,와 딸기막걸리 진짜 최고! 글고 다른메뉴들 전부 생각보다 양 많아서 놀랬어요 ㅋㅋ 데이트 장소로 추천이용,와 딸기막걸리 진짜 최고 EXCLAM 글고 다른메뉴들 전부 생각보다 양 많아서 놀랬어요 데이트 장소로 추천이용,0,0,0,0,1,0,0,58,데이트
kakao,육산장 홍대본점,Chachae,2.0,2025-09-20,,,캠핑온것같아요 분위기있어요 맛있어요 !!!,23,True,5.0,5.0,브론즈 레벨,캠핑온것같아요 분위기있어요 맛있어요 !!!,캠핑온것같아요 분위기있어요 맛있어요 EXCLAM,0,0,0,0,1,0,0,23,분위기
naver,능동미나리 성수지점,네모아라,2117.0,2025.10.04,1번째 방문,영수증,친구 추천으로 미나리곰탕으로 깔끔한 몸보신~👍🏻 번창하실듯🍀,33,True,,,,친구 추천으로 미나리곰탕으로 깔끔한 몸보신~👍🏻 번창하실듯🍀,친구 추천으로 미나리곰탕으로 깔끔한 몸보신 EMO_POS 번창하실듯,1,0,0,0,0,0,0,33,깔끔
kakao,성수족발,헤헤,23.0,2026-04-06,,,가격 맛 양 식당분위기 다 아쉽네요... 가격은 높고 족발은 달고짜고 반찬도 적어요 요즘 족발집 맛있는 데 많은디.. 명성은 그냥 옛 명성인가봅니다,82,False,1.0,2.4,실버 레벨,가격 맛 양 식당분위기 다 아쉽네요... 가격은 높고 족발은 달고짜고 반찬도 적어요 요즘 족발집 맛있는 데 많은디.. 명성은 그냥 옛 명성인가봅니다,가격 맛 양 식당분위기 다 아쉽네요 가격은 높고 족발은 달고짜고 반찬도 적어요 요즘 족발집 맛있는 데 많은디 명성은 그냥 옛 명성인가봅니다,0,0,0,0,0,0,0,82,분위기
kakao,훼미리손칼국수보쌈,라봉,9.0,2025-06-14,,,서울에있는거치곤 가성비는 좋았어요! 근데 냄새나는거 잘못먹는데 칼국수에서 고기냄새같은게 나서 끝까지먹기힘들었네요.. 면도 물컹하고.. 제가간날은 보쌈은 살이랑 비계비율이 괜찮았던건지 보쌈은 맛있었어요 그리고 위생예민하신분은 안가시는게 좋을듯요,135,True,3.0,2.1,실버 레벨,서울에있는거치곤 가성비는 좋았어요! 근데 냄새나는거 잘못먹는데 칼국수에서 고기냄새같은게 나서 끝까지먹기힘들었네요.. 면도 물컹하고.. 제가간날은 보쌈은 살이랑 비계비율이 괜찮았던건지 보쌈은 맛있었어요 그리고 위생예민하신분은 안가시는게 좋을듯요,서울에있는거치곤 가성비는 좋았어요 EXCLAM 근데 냄새나는거 잘못먹는데 칼국수에서 고기냄새같은게 나서 끝까지먹기힘들었네요 면도 물컹하고 제가간날은 보쌈은 살이랑 비계비율이 괜찮았던건지 보쌈은 맛있었어요 그리고 위생예민하신분은 안가시는게 좋을듯요,0,0,0,0,1,0,0,135,위생
naver,옥동식,맛좋아15,170.0,2025.09.25,1번째 방문,영수증,"합정역에서 가까운 옥동식! 곰탕집이지만,항상 웨이팅 엄청나요 11시15분,대기 4번째요 나오면서 다들 맛있다고~ 돼지곰탕과 김치만두 바로 주문, 뚝배기가 아닌, 유기그릇에 정갈하게 담겨나와요 밥위에 얇고 넓게 펴진 고기가 생각보다 충분하고, 고추지양념장에 찍어 먹으면 매콤하니👍 맑은 국물도 깔끔하고 속꽉찬 김치만두도 맛있구요 다들 속삭이듯이 이렇게 조용할수가 , 너~~무 조용한 분위기에, 👀👀 그래도 맛있기에 포장2인분 해왔어요🤗",242,True,,,,"합정역에서 가까운 옥동식! 곰탕집이지만,항상 웨이팅 엄청나요 11시15분,대기 4번째요 나오면서 다들 맛있다고~ 돼지곰탕과 김치만두 바로 주문, 뚝배기가 아닌, 유기그릇에 정갈하게 담겨나와요 밥위에 얇고 넓게 펴진 고기가 생각보다 충분하고, 고추지양념장에 찍어 먹으면 매콤하니👍 맑은 국물도 깔끔하고 속꽉찬 김치만두도 맛있구요 다들 속삭이듯이 이렇게 조용할수가 , 너~~무 조용한 분위기에, 👀👀 그래도 맛있기에 포장2인분 해왔어요🤗",합정역에서 가까운 옥동식 EXCLAM 곰탕집이지만 항상 웨이팅 엄청나요 11시15분 대기 4번째요 나오면서 다들 맛있다고 돼지곰탕과 김치만두 바로 주문 뚝배기가 아닌 유기그릇에 정갈하게 담겨나와요 밥위에 얇고 넓게 펴진 고기가 생각보다 충분하고 고추지양념장에 찍어 먹으면 매콤하니 EMO_POS 맑은 국물도 깔끔하고 속꽉찬 김치만두도 맛있구요 다들 속삭이듯이 이렇게 조용할수가 너 TILDE 무 조용한 분위기에 그래도 맛있기에 포장2인분 해왔어요,1,0,0,0,1,0,1,242,"분위기, 깔끔, 조용, 넓"
kakao,홍대 조선시대,범수,1.0,2026-02-12,,,분위기 너무 좋고 신기했어요 ㅋㅋ 체험하는느낌! 음식도 종류 엄청 많고 맛있어요 굿!,47,True,5.0,5.0,브론즈 레벨,분위기 너무 좋고 신기했어요 ㅋㅋ 체험하는느낌! 음식도 종류 엄청 많고 맛있어요 굿!,분위기 너무 좋고 신기했어요 체험하는느낌 EXCLAM 음식도 종류 엄청 많고 맛있어요 굿 EXCLAM,0,0,0,0,1,0,0,47,분위기
naver,옥동식,라라랜드4397,556.0,2025.12.10,1번째 방문,영수증,흑백2가 방영되기 전에 무조건 먼저 먹어본다는 마음으로 웨이팅.. 원래도 유명한 곳이라 들었는데 평일 저녁임에도 웨이팅이 길었어요🥹 추운 겨울날 기다리다 먹어서인지 돼지국밥 먹고 몸보신하는 기분이었네요😊 맛도 깔끔하고 정갈한 김치도 국밥이랑 잘 어울려요! 토렴식 국밥은 처음인데 맛있게 잘먹었습니다💛,167,True,,,,흑백2가 방영되기 전에 무조건 먼저 먹어본다는 마음으로 웨이팅.. 원래도 유명한 곳이라 들었는데 평일 저녁임에도 웨이팅이 길었어요🥹 추운 겨울날 기다리다 먹어서인지 돼지국밥 먹고 몸보신하는 기분이었네요😊 맛도 깔끔하고 정갈한 김치도 국밥이랑 잘 어울려요! 토렴식 국밥은 처음인데 맛있게 잘먹었습니다💛,흑백2가 방영되기 전에 무조건 먼저 먹어본다는 마음으로 웨이팅 원래도 유명한 곳이라 들었는데 평일 저녁임에도 웨이팅이 길었어요 추운 겨울날 기다리다 먹어서인지 돼지국밥 먹고 몸보신하는 기분이었네요 EMO_POS 맛도 깔끔하고 정갈한 김치도 국밥이랑 잘 어울려요 EXCLAM 토렴식 국밥은 처음인데 맛있게 잘먹었습니다 EMO_POS,1,0,0,0,1,0,1,167,깔끔
naver,육산장 홍대본점,do****,43.0,2026.04.14,1번째 방문,영수증,고기가 너무 맛있고 분위기도 끝내줘요!,21,True,,,,고기가 너무 맛있고 분위기도 끝내줘요!,고기가 너무 맛있고 분위기도 끝내줘요 EXCLAM,0,0,0,0,1,0,0,21,분위기
naver,조선시대,sekao79,45.0,2025.11.28,1번째 방문,영수증,서울역에서 회사 끝나고 여자친구랑 바로 왔어요. 분위기도 좋고 노래도 좋고 중간에 무슨 게임? 같은 것도 있더라구요. 엄청 시끄럽지도 않고 맛도 있고 과일 막걸리도 있어서 저처럼 술에 약한 사람도 즐겁게 술자리를 즐길 수 있었습니다! 분위기가 한국스러워서 외국인들도 정말 좋아할 것 같아요!!,163,True,,,,서울역에서 회사 끝나고 여자친구랑 바로 왔어요. 분위기도 좋고 노래도 좋고 중간에 무슨 게임? 같은 것도 있더라구요. 엄청 시끄럽지도 않고 맛도 있고 과일 막걸리도 있어서 저처럼 술에 약한 사람도 즐겁게 술자리를 즐길 수 있었습니다! 분위기가 한국스러워서 외국인들도 정말 좋아할 것 같아요!!,서울역에서 회사 끝나고 여자친구랑 바로 왔어요 분위기도 좋고 노래도 좋고 중간에 무슨 게임 QUESTION 같은 것도 있더라구요 엄청 시끄럽지도 않고 맛도 있고 과일 막걸리도 있어서 저처럼 술에 약한 사람도 즐겁게 술자리를 즐길 수 있었습니다 EXCLAM 분위기가 한국스러워서 외국인들도 정말 좋아할 것 같아요 EXCLAM,0,0,0,0,1,1,0,163,"분위기, 자리, 시끄럽"
naver,쭌곱창,도장깨기중인채,29.0,2026.04.25,1번째 방문,영수증,최고에용 요즘같은 날씨 야장자리에 앉아서 호로록 내일은 모르겠고오늘을 즐깁니다🫶🏻,45,True,,,,최고에용 요즘같은 날씨 야장자리에 앉아서 호로록 내일은 모르겠고오늘을 즐깁니다🫶🏻,최고에용 요즘같은 날씨 야장자리에 앉아서 호로록 내일은 모르겠고오늘을 즐깁니다,0,0,0,0,0,0,0,45,자리
naver,육산장 홍대본점,Youngwon22,59.0,2026.04.11,1번째 방문,영수증,홍대 자주 놀러오는데 매장 처음 방문해봤어요~ 구석지에 있는데도 사람들이 많고 야외에서 즐길 수 있어서 캠핑 온 기분이라 분위기도 넘 좋았어요. 고기도 정말 맛있게 먹었어요! 다음에 또 홍대에서 고기 먹게되면 여기로 올 것 같아요 ㅎㅎ,131,True,,,,홍대 자주 놀러오는데 매장 처음 방문해봤어요~ 구석지에 있는데도 사람들이 많고 야외에서 즐길 수 있어서 캠핑 온 기분이라 분위기도 넘 좋았어요. 고기도 정말 맛있게 먹었어요! 다음에 또 홍대에서 고기 먹게되면 여기로 올 것 같아요 ㅎㅎ,홍대 자주 놀러오는데 매장 처음 방문해봤어요 구석지에 있는데도 사람들이 많고 야외에서 즐길 수 있어서 캠핑 온 기분이라 분위기도 넘 좋았어요 고기도 정말 맛있게 먹었어요 EXCLAM 다음에 또 홍대에서 고기 먹게되면 여기로 올 것 같아요,0,0,0,0,1,0,0,131,"분위기, 매장"
kakao,이태리국시 성수,쫑♥,1.0,2026-04-23,,,쉬는날 뭐할까 고민하다가 성수가 생각나서 검색해보고 방문했어요~ 분위기 너무 좋고 음식도 맛있었습니다~~^^,60,True,5.0,5.0,브론즈 레벨,쉬는날 뭐할까 고민하다가 성수가 생각나서 검색해보고 방문했어요~ 분위기 너무 좋고 음식도 맛있었습니다~~^^,쉬는날 뭐할까 고민하다가 성수가 생각나서 검색해보고 방문했어요 분위기 너무 좋고 음식도 맛있었습니다 TILDE,0,0,0,0,0,0,0,60,분위기
naver,조선시대,pan****,7.0,2026.04.26,1번째 방문,영수증,"이자카야 분위기 너무 좋고, 육회도 감자전도 정말 맛있어요. 다음에 또 오고 싶은 집이에요! #HongdaeBar #HongdaeMakgeolli #HongdaeEats/#HongdaeFood",107,True,,,,"이자카야 분위기 너무 좋고, 육회도 감자전도 정말 맛있어요. 다음에 또 오고 싶은 집이에요! #HongdaeBar #HongdaeMakgeolli #HongdaeEats/#HongdaeFood",이자카야 분위기 너무 좋고 육회도 감자전도 정말 맛있어요 다음에 또 오고 싶은 집이에요 EXCLAM HongdaeBar HongdaeMakgeolli HongdaeEats HongdaeFood,0,0,0,0,1,0,0,107,분위기
kakao,홍대 조선시대,채채,1.0,2025-12-29,,,조선시대 컨셉도 특별해서 재밌었고 분위기도 좋고 무엇보다 안주가 너무맛있어요!! 고기술국 국물이 정말 맛있으니까 꼭 시켜드세요~~,72,True,5.0,5.0,브론즈 레벨,조선시대 컨셉도 특별해서 재밌었고 분위기도 좋고 무엇보다 안주가 너무맛있어요!! 고기술국 국물이 정말 맛있으니까 꼭 시켜드세요~~,조선시대 컨셉도 특별해서 재밌었고 분위기도 좋고 무엇보다 안주가 너무맛있어요 EXCLAM 고기술국 국물이 정말 맛있으니까 꼭 시켜드세요 TILDE,0,0,0,0,1,0,0,72,분위기
naver,능동미나리 성수지점,아프리카사장이다,37.0,2025.06.01,7번째 방문,영수증,"오늘도 마음을 채우고 갑니다 :) 능동미나리는 제가 자주 찾는 단골집이에요. 오늘은 가족과 자전거 라이딩을 마치고 들렀습니다. 시원한 헛개차로 갈증을 달래고, 늘처럼 반갑게 인사해주시는 직원분들의 환대에 기분이 좋아졌습니다. 매장은 전통적인 느낌과 세련됨이 잘 어우러져 있어 성수 한복판에서 잠시 쉬어가기 딱 좋은 공간이에요. ✔️ 수육전골은 언제나처럼 완벽! 맑고 깊은 투뿔 한우 육수에, 부드럽고 잡내 없는 수육이 정말 정성스럽게 느껴집니다. 저에겐 진짜 ‘소울푸드’ 같은 메뉴예요. ✔️ 육회비빔밥은 고소한 육회와 미나리 간장 양념의 조합이 정말 맛있고, ✔️ 한우 투뿔 육전은 따끈하게 바로 나와 미나리와 양파장을 곁들이면 고소함과 상큼함이 한 번에! 진심으로 ""와~"" 소리가 절로 나는 맛이었어요.",395,True,,,,"오늘도 마음을 채우고 갑니다 :) 능동미나리는 제가 자주 찾는 단골집이에요. 오늘은 가족과 자전거 라이딩을 마치고 들렀습니다. 시원한 헛개차로 갈증을 달래고, 늘처럼 반갑게 인사해주시는 직원분들의 환대에 기분이 좋아졌습니다. 매장은 전통적인 느낌과 세련됨이 잘 어우러져 있어 성수 한복판에서 잠시 쉬어가기 딱 좋은 공간이에요. ✔️ 수육전골은 언제나처럼 완벽! 맑고 깊은 투뿔 한우 육수에, 부드럽고 잡내 없는 수육이 정말 정성스럽게 느껴집니다. 저에겐 진짜 ‘소울푸드’ 같은 메뉴예요. ✔️ 육회비빔밥은 고소한 육회와 미나리 간장 양념의 조합이 정말 맛있고, ✔️ 한우 투뿔 육전은 따끈하게 바로 나와 미나리와 양파장을 곁들이면 고소함과 상큼함이 한 번에! 진심으로 ""와~"" 소리가 절로 나는 맛이었어요.",오늘도 마음을 채우고 갑니다 능동미나리는 제가 자주 찾는 단골집이에요 오늘은 가족과 자전거 라이딩을 마치고 들렀습니다 시원한 헛개차로 갈증을 달래고 늘처럼 반갑게 인사해주시는 직원분들의 환대에 기분이 좋아졌습니다 매장은 전통적인 느낌과 세련됨이 잘 어우러져 있어 성수 한복판에서 잠시 쉬어가기 딱 좋은 공간이에요 수육전골은 언제나처럼 완벽 EXCLAM 맑고 깊은 투뿔 한우 육수에 부드럽고 잡내 없는 수육이 정말 정성스럽게 느껴집니다 저에겐 진짜 소울푸드 같은 메뉴예요 육회비빔밥은 고소한 육회와 미나리 간장 양념의 조합이 정말 맛있고 한우 투뿔 육전은 따끈하게 바로 나와 미나리와 양파장을 곁들이면 고소함과 상큼함이 한 번에 EXCLAM 진심으로 와 소리가 절로 나는 맛이었어요,0,0,0,0,1,0,0,395,"매장, 공간"
kakao,이태리국시 성수,쵬지,2.0,2026-04-04,,,숯불대창파스타와 청양차돌오일파스타 먹었는데 얼큰하고 깔금해서 조합이 좋았어요!! 직원분들도 친절하시고 분위기도 좋아서 즐거운 식사했습니다😁,77,True,5.0,5.0,브론즈 레벨,숯불대창파스타와 청양차돌오일파스타 먹었는데 얼큰하고 깔금해서 조합이 좋았어요!! 직원분들도 친절하시고 분위기도 좋아서 즐거운 식사했습니다😁,숯불대창파스타와 청양차돌오일파스타 먹었는데 얼큰하고 깔금해서 조합이 좋았어요 EXCLAM 직원분들도 친절하시고 분위기도 좋아서 즐거운 식사했습니다 EMO_POS,1,0,0,0,1,0,0,77,분위기
naver,이태리국시 성수,아이두28,9.0,2026.05.01,1번째 방문,영수증,"성수 데이트로 가기 좋은 곳이에요. 분위기 은은하고 조용해서 대화하기 편했고, 음식도 한식 느낌 섞인 파스타라 색다르고 맛있었습니다. 전체적으로 부담 없이 분위기+맛 둘 다 챙기기 좋은 느낌입니다!",110,True,,,,"성수 데이트로 가기 좋은 곳이에요. 분위기 은은하고 조용해서 대화하기 편했고, 음식도 한식 느낌 섞인 파스타라 색다르고 맛있었습니다. 전체적으로 부담 없이 분위기+맛 둘 다 챙기기 좋은 느낌입니다!",성수 데이트로 가기 좋은 곳이에요 분위기 은은하고 조용해서 대화하기 편했고 음식도 한식 느낌 섞인 파스타라 색다르고 맛있었습니다 전체적으로 부담 없이 분위기 맛 둘 다 챙기기 좋은 느낌입니다 EXCLAM,0,0,0,0,1,0,0,110,"분위기, 조용, 데이트"
kakao,육지,5점요정,1.0,2025-09-21,,,데이트하러왔는데 홍대 합정 돼지고기 맛집이라해서 왔는데 엄청 친절하시고 맛있겄어요 구워줘서 평했고 고기질이좋고 재방문의사 많이있습니다!,75,True,5.0,5.0,브론즈 레벨,데이트하러왔는데 홍대 합정 돼지고기 맛집이라해서 왔는데 엄청 친절하시고 맛있겄어요 구워줘서 평했고 고기질이좋고 재방문의사 많이있습니다!,데이트하러왔는데 홍대 합정 돼지고기 맛집이라해서 왔는데 엄청 친절하시고 맛있겄어요 구워줘서 평했고 고기질이좋고 재방문의사 많이있습니다 EXCLAM,0,0,0,0,1,0,0,75,데이트
naver,보끔당 성수점,띠요옹맨36,35.0,2026.03.13,1번째 방문,영수증,세트메뉴로 먹었는데 튀김 담가 먹기 좋네요 맛있고 가게가 넓어서 부모님과 맛있게 먹었어요-!,51,True,,,,세트메뉴로 먹었는데 튀김 담가 먹기 좋네요 맛있고 가게가 넓어서 부모님과 맛있게 먹었어요-!,세트메뉴로 먹었는데 튀김 담가 먹기 좋네요 맛있고 가게가 넓어서 부모님과 맛있게 먹었어요 EXCLAM,0,0,0,0,1,0,0,51,넓
naver,뼈탄집 성수역점,민지아74,160.0,2026.04.18,1번째 방문,영수증,삼겹살 진짜 맛있게 먹고 왔어요! 고기 퀄리티도 좋고 구워 먹으니까 엄청 고소하고 부드러웠습니당ㅎㅎ 같이 나온 반찬들이랑 조합도 좋아서 끝까지 맛있게 먹었어요! 매장 분위기도 깔끔해서 편하게 식사하기 좋았던 곳이에요~,121,True,,,,삼겹살 진짜 맛있게 먹고 왔어요! 고기 퀄리티도 좋고 구워 먹으니까 엄청 고소하고 부드러웠습니당ㅎㅎ 같이 나온 반찬들이랑 조합도 좋아서 끝까지 맛있게 먹었어요! 매장 분위기도 깔끔해서 편하게 식사하기 좋았던 곳이에요~,삼겹살 진짜 맛있게 먹고 왔어요 EXCLAM 고기 퀄리티도 좋고 구워 먹으니까 엄청 고소하고 부드러웠습니당 같이 나온 반찬들이랑 조합도 좋아서 끝까지 맛있게 먹었어요 EXCLAM 매장 분위기도 깔끔해서 편하게 식사하기 좋았던 곳이에요,0,0,0,0,1,0,0,121,"분위기, 매장, 깔끔"
naver,홍대 육지,복북복복,54.0,2026.03.03,1번째 방문,영수증,"홍대, 합정 고기는 여기입니다!! 어디서도 맛 볼 수 없던 메뉴를 맛 볼 수 있어서 좋았어요 된장찌개 고기도 넉넉하고 깔끔하니 정말 맛있게 잘 먹었네여!!",86,True,,,,"홍대, 합정 고기는 여기입니다!! 어디서도 맛 볼 수 없던 메뉴를 맛 볼 수 있어서 좋았어요 된장찌개 고기도 넉넉하고 깔끔하니 정말 맛있게 잘 먹었네여!!",홍대 합정 고기는 여기입니다 EXCLAM 어디서도 맛 볼 수 없던 메뉴를 맛 볼 수 있어서 좋았어요 된장찌개 고기도 넉넉하고 깔끔하니 정말 맛있게 잘 먹었네여 EXCLAM,0,0,0,0,1,0,0,86,깔끔
naver,육산장 홍대본점,HD0123,33.0,2026.01.18,1번째 방문,영수증,"우와 고기가 탱글탱글 먹음직스럽게 초벌해주셔서 너무너무 편하고, 셀프바가 있어서 대식가들이 부담없이 즐기기 넘넘 좋아요! 무엇보다 테이블도 많고 넓고 인테리어 넘넘 멋져요😋🤗👍",98,True,,,,"우와 고기가 탱글탱글 먹음직스럽게 초벌해주셔서 너무너무 편하고, 셀프바가 있어서 대식가들이 부담없이 즐기기 넘넘 좋아요! 무엇보다 테이블도 많고 넓고 인테리어 넘넘 멋져요😋🤗👍",우와 고기가 탱글탱글 먹음직스럽게 초벌해주셔서 너무너무 편하고 셀프바가 있어서 대식가들이 부담없이 즐기기 넘넘 좋아요 EXCLAM 무엇보다 테이블도 많고 넓고 인테리어 넘넘 멋져요 EMO_POS EMO_POS,1,0,0,0,1,0,0,98,"인테리어, 테이블, 넓"
naver,소문난성수감자탕,이쁜이엄마다77,6.0,2026.03.10,1번째 방문,영수증,들어가라해서 들어갔는데 자리없어서 말하니 째려보면서 인상팍팍쓰고 치우고 있으니까 기다리라고 왜 보채냐고 사장인듯..도때기 시장같고 이젠 별로인듯 사장님이 배부르신듯 장사잘된다고 외국인한텐 친절하고 한국인한테 홀대하고..,122,False,,,,들어가라해서 들어갔는데 자리없어서 말하니 째려보면서 인상팍팍쓰고 치우고 있으니까 기다리라고 왜 보채냐고 사장인듯..도때기 시장같고 이젠 별로인듯 사장님이 배부르신듯 장사잘된다고 외국인한텐 친절하고 한국인한테 홀대하고..,들어가라해서 들어갔는데 자리없어서 말하니 째려보면서 인상팍팍쓰고 치우고 있으니까 기다리라고 왜 보채냐고 사장인듯 도때기 시장같고 이젠 별로인듯 사장님이 배부르신듯 장사잘된다고 외국인한텐 친절하고 한국인한테 홀대하고,0,0,0,0,0,0,0,122,자리
naver,능동미나리 성수지점,바닐라딜라이트61,88.0,2026.05.01,1번째 방문,영수증,"웨이팅 줄이 꽤 길어서 걱정했는데 매장이 안쪽으로 넓어서 그런지 별로 안기다리고 금방 들어갔어요! 곰탕은 미나리가 듬뿍 들어가서 좀 상쾌한?신선한? 느낌이긴 하지만 우리가 아는 그 곰탕맛인데, 육회비빔밥이 진짜 미쳤습니다. 무조건 드세요...👍👍 담에 가면 육비 한그릇 온전히 뚝딱할거예요 찬도 다 맛있었고 전체적으로 만족스러웠습니다. 좀 바쁜 식당이라 직원들이 상을 대충 치우는 건 어쩔 수 없다고 생각하구요 그래도 맛있으니까요",240,True,,,,"웨이팅 줄이 꽤 길어서 걱정했는데 매장이 안쪽으로 넓어서 그런지 별로 안기다리고 금방 들어갔어요! 곰탕은 미나리가 듬뿍 들어가서 좀 상쾌한?신선한? 느낌이긴 하지만 우리가 아는 그 곰탕맛인데, 육회비빔밥이 진짜 미쳤습니다. 무조건 드세요...👍👍 담에 가면 육비 한그릇 온전히 뚝딱할거예요 찬도 다 맛있었고 전체적으로 만족스러웠습니다. 좀 바쁜 식당이라 직원들이 상을 대충 치우는 건 어쩔 수 없다고 생각하구요 그래도 맛있으니까요",웨이팅 줄이 꽤 길어서 걱정했는데 매장이 안쪽으로 넓어서 그런지 별로 안기다리고 금방 들어갔어요 EXCLAM 곰탕은 미나리가 듬뿍 들어가서 좀 상쾌한 QUESTION 신선한 QUESTION 느낌이긴 하지만 우리가 아는 그 곰탕맛인데 육회비빔밥이 진짜 미쳤습니다 무조건 드세요 EMO_POS EMO_POS 담에 가면 육비 한그릇 온전히 뚝딱할거예요 찬도 다 맛있었고 전체적으로 만족스러웠습니다 좀 바쁜 식당이라 직원들이 상을 대충 치우는 건 어쩔 수 없다고 생각하구요 그래도 맛있으니까요,1,0,0,0,1,1,0,240,"매장, 넓"
kakao,이태리국시 성수,흉노족족장,17.0,2026-04-18,,,직원분들 넘 친절하시고 빠에야 넘 맛있어요~! 데이트할때 오기좋을것같아요,40,True,5.0,4.5,실버 레벨,직원분들 넘 친절하시고 빠에야 넘 맛있어요~! 데이트할때 오기좋을것같아요,직원분들 넘 친절하시고 빠에야 넘 맛있어요 EXCLAM 데이트할때 오기좋을것같아요,0,0,0,0,1,0,0,40,데이트
kakao,이태리국시 성수,루비,26.0,2026-03-28,,,성수에서 분위기도 좋고 맛도 좋은 식당이에요!! 퓨전 음식으로 누구나 맛있게 먹을 수 있는 곳입니다~👍,57,False,5.0,4.3,실버 레벨,성수에서 분위기도 좋고 맛도 좋은 식당이에요!! 퓨전 음식으로 누구나 맛있게 먹을 수 있는 곳입니다~👍,성수에서 분위기도 좋고 맛도 좋은 식당이에요 EXCLAM 퓨전 음식으로 누구나 맛있게 먹을 수 있는 곳입니다 EMO_POS,1,0,0,0,1,0,0,57,분위기
naver,성수족발,보노보노6682,5.0,2025.08.30,1번째 방문,영수증,12시 영업시작 10분후 포장했는데 야채상태가 맞나해서요..고추는 눌러져서 자리에 육수가 남아있습니다,56,True,,,,12시 영업시작 10분후 포장했는데 야채상태가 맞나해서요..고추는 눌러져서 자리에 육수가 남아있습니다,12시 영업시작 10분후 포장했는데 야채상태가 맞나해서요 고추는 눌러져서 자리에 육수가 남아있습니다,0,0,0,0,0,0,1,56,자리
naver,옥동식,니니이모82,821.0,2025.10.22,3번째 방문,예약,수요일 11시 01분 캐치테이블 예약 6번째 11시 31분 입장 여전히 깔끔하고 맛있어요 주말 아니라 생각보다 웨이팅은 길지 않았어요 웨이팅 때문에 평일 시간 날때 와야지 했는데 드디어 방문했습니다 고추지도 김치도 여전히 맛있었어요,129,True,,,,수요일 11시 01분 캐치테이블 예약 6번째 11시 31분 입장 여전히 깔끔하고 맛있어요 주말 아니라 생각보다 웨이팅은 길지 않았어요 웨이팅 때문에 평일 시간 날때 와야지 했는데 드디어 방문했습니다 고추지도 김치도 여전히 맛있었어요,수요일 11시 01분 캐치테이블 예약 6번째 11시 31분 입장 여전히 깔끔하고 맛있어요 주말 아니라 생각보다 웨이팅은 길지 않았어요 웨이팅 때문에 평일 시간 날때 와야지 했는데 드디어 방문했습니다 고추지도 김치도 여전히 맛있었어요,0,0,0,0,0,0,1,129,"테이블, 깔끔"
naver,조선시대,일산강아지,36.0,2026.03.12,1번째 방문,영수증,분위기도 너무 좋구 인테리어도 너무 예뻐요 안주 양이 조금 적어서 아쉽긴해뇨,42,True,,,,분위기도 너무 좋구 인테리어도 너무 예뻐요 안주 양이 조금 적어서 아쉽긴해뇨,분위기도 너무 좋구 인테리어도 너무 예뻐요 안주 양이 조금 적어서 아쉽긴해뇨,0,0,0,0,0,0,0,42,"분위기, 인테리어"
naver,금금 성수점,신서영75,37.0,2026.03.17,1번째 방문,영수증,"매장 분위기도 넘 깔끔하고, 음식들도 넘 맛있었어요!!!! 담에 또 오겠습미다❤️❤️",47,True,,,,"매장 분위기도 넘 깔끔하고, 음식들도 넘 맛있었어요!!!! 담에 또 오겠습미다❤️❤️",매장 분위기도 넘 깔끔하고 음식들도 넘 맛있었어요 EXCLAM 담에 또 오겠습미다 EMO_POS EMO_POS,1,0,0,0,1,0,0,47,"분위기, 매장, 깔끔"
naver,소문난성수감자탕,울짬,25.0,2025.12.22,1번째 방문,영수증,"방문이 불쾌했어요. 바쁜 것 같아 자리뒤에 갑자기 캐리어로 길막힌거나 국자 늦게주신건 당연히 그럴수있다했는데 국물이 타고있어 냄비를 테이블에 내려둘 수도 없고 곤란해하던차에 직원분이 테이블 옆 버튼을 누르고가시며 ""타고있잖아. 왜 끌줄을 모르지?""라고 하시네요ㅋㅋㅋ 기분 엄청 나빴어요 외국인도 많이 오는것 같던데 손님응대가 이상해요. 식당직원도아니고 끄는법을 어떻게 아나요? 왜 비꼬는지 모르겠어요;; 계산하며 직원분께 컴플레인거는데 본인얘긴줄 알면서도 그냥 쑥 지나가버리네요. 다신 안올듯 합니다. 맛이고 뭐고ㅋㅋ",289,False,,,,"방문이 불쾌했어요. 바쁜 것 같아 자리뒤에 갑자기 캐리어로 길막힌거나 국자 늦게주신건 당연히 그럴수있다했는데 국물이 타고있어 냄비를 테이블에 내려둘 수도 없고 곤란해하던차에 직원분이 테이블 옆 버튼을 누르고가시며 ""타고있잖아. 왜 끌줄을 모르지?""라고 하시네요ㅋㅋㅋ 기분 엄청 나빴어요 외국인도 많이 오는것 같던데 손님응대가 이상해요. 식당직원도아니고 끄는법을 어떻게 아나요? 왜 비꼬는지 모르겠어요;; 계산하며 직원분께 컴플레인거는데 본인얘긴줄 알면서도 그냥 쑥 지나가버리네요. 다신 안올듯 합니다. 맛이고 뭐고ㅋㅋ",방문이 불쾌했어요 바쁜 것 같아 자리뒤에 갑자기 캐리어로 길막힌거나 국자 늦게주신건 당연히 그럴수있다했는데 국물이 타고있어 냄비를 테이블에 내려둘 수도 없고 곤란해하던차에 직원분이 테이블 옆 버튼을 누르고가시며 타고있잖아 왜 끌줄을 모르지 QUESTION 라고 하시네요 기분 엄청 나빴어요 외국인도 많이 오는것 같던데 손님응대가 이상해요 식당직원도아니고 끄는법을 어떻게 아나요 QUESTION 왜 비꼬는지 모르겠어요 계산하며 직원분께 컴플레인거는데 본인얘긴줄 알면서도 그냥 쑥 지나가버리네요 다신 안올듯 합니다 맛이고 뭐고,0,0,0,0,0,1,0,289,"자리, 테이블"
naver,성수족발,알로하7071,505.0,2025.11.16,1번째 방문,영수증,"성수 핫플을 하루종일 돌아다니고 조금일찍 저녁을 먹으러 찾아다니다가 유명한 성수족발집을 발견... 줄서서 먹는곳이라더니 줄이없다.. 브레이크타임... 대기자명단에 7번으로 예약을 걸고 대기실에 앉아있다가 전원참석이라서 10분일찍 들어갔다.. 포장만 해먹던 족발을 테이블에서 바로 먹으니 또다른맛이다,.껍질이 엄청 쫀득하고 잡내가 거의없고 족발특유의향이 없어서 좋다..작은 족발을 손으로 뜯어먹으니 제맛이다...근데 작은족에서 살짝 돼지냄새가 올라와서 조금 아쉬움",258,True,,,,"성수 핫플을 하루종일 돌아다니고 조금일찍 저녁을 먹으러 찾아다니다가 유명한 성수족발집을 발견... 줄서서 먹는곳이라더니 줄이없다.. 브레이크타임... 대기자명단에 7번으로 예약을 걸고 대기실에 앉아있다가 전원참석이라서 10분일찍 들어갔다.. 포장만 해먹던 족발을 테이블에서 바로 먹으니 또다른맛이다,.껍질이 엄청 쫀득하고 잡내가 거의없고 족발특유의향이 없어서 좋다..작은 족발을 손으로 뜯어먹으니 제맛이다...근데 작은족에서 살짝 돼지냄새가 올라와서 조금 아쉬움",성수 핫플을 하루종일 돌아다니고 조금일찍 저녁을 먹으러 찾아다니다가 유명한 성수족발집을 발견 줄서서 먹는곳이라더니 줄이없다 브레이크타임 대기자명단에 7번으로 예약을 걸고 대기실에 앉아있다가 전원참석이라서 10분일찍 들어갔다 포장만 해먹던 족발을 테이블에서 바로 먹으니 또다른맛이다 껍질이 엄청 쫀득하고 잡내가 거의없고 족발특유의향이 없어서 좋다 작은 족발을 손으로 뜯어먹으니 제맛이다 근데 작은족에서 살짝 돼지냄새가 올라와서 조금 아쉬움,0,0,0,0,0,0,1,258,테이블
naver,육산장 홍대본점,멜24,35.0,2026.03.24,1번째 방문,영수증,날이 좋아서 야장 삼겹살집에 왔습니다🥹 야외 테이블이 너무 예쁘고 감성있어요! 이제 봄 나들이로 오기 정말 딱 입니다💪 메뉴도 신박하고 너무 맛있습니다~ 직원분들도 친절하세요오,98,True,,,,날이 좋아서 야장 삼겹살집에 왔습니다🥹 야외 테이블이 너무 예쁘고 감성있어요! 이제 봄 나들이로 오기 정말 딱 입니다💪 메뉴도 신박하고 너무 맛있습니다~ 직원분들도 친절하세요오,날이 좋아서 야장 삼겹살집에 왔습니다 야외 테이블이 너무 예쁘고 감성있어요 EXCLAM 이제 봄 나들이로 오기 정말 딱 입니다 메뉴도 신박하고 너무 맛있습니다 직원분들도 친절하세요오,0,0,0,0,1,0,0,98,테이블
naver,태양곱창 성수점,egg****,38.0,2026.01.12,1번째 방문,영수증,친절하시고 음식이 푸짐하고 맛나요. 분위기도 좋고 선곡도 좋아요. 재방문 예정👍🏻👍🏻👍🏻,49,True,,,,친절하시고 음식이 푸짐하고 맛나요. 분위기도 좋고 선곡도 좋아요. 재방문 예정👍🏻👍🏻👍🏻,친절하시고 음식이 푸짐하고 맛나요 분위기도 좋고 선곡도 좋아요 재방문 예정 EMO_POS EMO_POS EMO_POS,1,0,0,0,0,0,0,49,분위기
naver,뼈탄집 성수역점,Guest67,37.0,2026.01.16,1번째 방문,영수증,"성수역 삼겹살 맛집 뼈탄집 와봤어요 숙성삼겹살 퀄리티가 좋고 맛있네요💗 된장술밥이랑 김치찌개, 된장찌개 국물류도 있어서 겨울에 데이트맛집으로 쵝오",81,True,,,,"성수역 삼겹살 맛집 뼈탄집 와봤어요 숙성삼겹살 퀄리티가 좋고 맛있네요💗 된장술밥이랑 김치찌개, 된장찌개 국물류도 있어서 겨울에 데이트맛집으로 쵝오",성수역 삼겹살 맛집 뼈탄집 와봤어요 숙성삼겹살 퀄리티가 좋고 맛있네요 EMO_POS 된장술밥이랑 김치찌개 된장찌개 국물류도 있어서 겨울에 데이트맛집으로 쵝오,1,0,0,0,0,0,0,81,데이트
naver,할머니의 레시피,드림하이123,223.0,2025.04.26,1번째 방문,영수증,주말 성수동은 정말 사람이 많습니다^^; 할머니의 레시피에 또 한번 방문하고 싶어서 들렀는데 역시 주말이라 그런지 대기줄이 길었어요^^;; 1시간정도는 기다림을 감수해야할듯합니다. 캐치 테이블이 없어서 사진처럼 저렇게 직접 기다리는게 좀 힘들었어요. 예약 시스템이 좀 바뀌었으면 합니다. 입장이 되면 다시 지하로 내려가 잠시 기다리면 호출이 되고 자리에 착석해서 주문하면 되요. 저흰 4명이서 둘둘 나눠서 앉았구요. 각자 좋아하는 메뉴 주문했습니다. 사장님 정말 정말 친절하시고 알바생분들도 넘 깔끔하고 예의바르세요. 깔끔하고 정갈한 한정식을 맛보고 싶다면 주말피해서 할머니의 레시피 추천드립니다^^,335,True,,,,주말 성수동은 정말 사람이 많습니다^^; 할머니의 레시피에 또 한번 방문하고 싶어서 들렀는데 역시 주말이라 그런지 대기줄이 길었어요^^;; 1시간정도는 기다림을 감수해야할듯합니다. 캐치 테이블이 없어서 사진처럼 저렇게 직접 기다리는게 좀 힘들었어요. 예약 시스템이 좀 바뀌었으면 합니다. 입장이 되면 다시 지하로 내려가 잠시 기다리면 호출이 되고 자리에 착석해서 주문하면 되요. 저흰 4명이서 둘둘 나눠서 앉았구요. 각자 좋아하는 메뉴 주문했습니다. 사장님 정말 정말 친절하시고 알바생분들도 넘 깔끔하고 예의바르세요. 깔끔하고 정갈한 한정식을 맛보고 싶다면 주말피해서 할머니의 레시피 추천드립니다^^,주말 성수동은 정말 사람이 많습니다 할머니의 레시피에 또 한번 방문하고 싶어서 들렀는데 역시 주말이라 그런지 대기줄이 길었어요 1시간정도는 기다림을 감수해야할듯합니다 캐치 테이블이 없어서 사진처럼 저렇게 직접 기다리는게 좀 힘들었어요 예약 시스템이 좀 바뀌었으면 합니다 입장이 되면 다시 지하로 내려가 잠시 기다리면 호출이 되고 자리에 착석해서 주문하면 되요 저흰 4명이서 둘둘 나눠서 앉았구요 각자 좋아하는 메뉴 주문했습니다 사장님 정말 정말 친절하시고 알바생분들도 넘 깔끔하고 예의바르세요 깔끔하고 정갈한 한정식을 맛보고 싶다면 주말피해서 할머니의 레시피 추천드립니다,0,0,0,0,0,0,1,335,"자리, 테이블, 깔끔"
kakao,육지,문지은,2.0,2025-10-12,,,완존 맛있어용 구워주셔서 편하게 맛있게 먹었습니댱 분위기도 좋고 역 근처라 접근성도 조아요 후배들이 막국수를 참 좋아하네요 담에 또올게요^^*,79,True,5.0,3.0,브론즈 레벨,완존 맛있어용 구워주셔서 편하게 맛있게 먹었습니댱 분위기도 좋고 역 근처라 접근성도 조아요 후배들이 막국수를 참 좋아하네요 담에 또올게요^^*,완존 맛있어용 구워주셔서 편하게 맛있게 먹었습니댱 분위기도 좋고 역 근처라 접근성도 조아요 후배들이 막국수를 참 좋아하네요 담에 또올게요,0,0,0,0,0,0,0,79,분위기
kakao,홍대 조선시대,채원,2.0,2026-02-13,,,안주가 너무 맛있어요!! 이름이 조선시대인 만큼 인테리어도 완전 조선시대 느낌이 나서 분위기도 좋은 거 같아요! 친구들이랑 마시기 추천합니당😋😋,80,True,5.0,5.0,브론즈 레벨,안주가 너무 맛있어요!! 이름이 조선시대인 만큼 인테리어도 완전 조선시대 느낌이 나서 분위기도 좋은 거 같아요! 친구들이랑 마시기 추천합니당😋😋,안주가 너무 맛있어요 EXCLAM 이름이 조선시대인 만큼 인테리어도 완전 조선시대 느낌이 나서 분위기도 좋은 거 같아요 EXCLAM 친구들이랑 마시기 추천합니당 EMO_POS EMO_POS,1,0,0,0,1,0,0,80,"분위기, 인테리어"
kakao,쭌곱창,썽일쿤,15.0,2025-02-22,,,맛있다:) 마지막 한 자리 남은 거 겟했어요 ㅎㅎ 메뉴도 색달라서 데이트하기 좋음!,46,True,5.0,5.0,브론즈 레벨,맛있다:) 마지막 한 자리 남은 거 겟했어요 ㅎㅎ 메뉴도 색달라서 데이트하기 좋음!,맛있다 마지막 한 자리 남은 거 겟했어요 메뉴도 색달라서 데이트하기 좋음 EXCLAM,0,0,0,0,1,0,0,46,"자리, 데이트"
kakao,뼈탄집 성수역점,manager,9.0,2025-12-28,,,오픈런했어요! 매장도 크고 고기는 역시 뼈탄집이라ㅠㅠ맛있습니다 두번째 방문인데 믿고 먹네요 ㅎㅎ 매장도 진짜 커서 회식으로도 좋을것같아요,76,True,5.0,4.6,실버 레벨,오픈런했어요! 매장도 크고 고기는 역시 뼈탄집이라ㅠㅠ맛있습니다 두번째 방문인데 믿고 먹네요 ㅎㅎ 매장도 진짜 커서 회식으로도 좋을것같아요,오픈런했어요 EXCLAM 매장도 크고 고기는 역시 뼈탄집이라 맛있습니다 두번째 방문인데 믿고 먹네요 매장도 진짜 커서 회식으로도 좋을것같아요,0,0,0,1,1,0,0,76,매장
kakao,뼈탄집 성수역점,히동,2.0,2026-02-14,,,고기도 다 구워주시고 반찬들도 깔끔하니 맛있어요~,27,True,5.0,3.5,브론즈 레벨,고기도 다 구워주시고 반찬들도 깔끔하니 맛있어요~,고기도 다 구워주시고 반찬들도 깔끔하니 맛있어요,0,0,0,0,0,0,0,27,깔끔
naver,옥동식,주주링JUJULING,307.0,2025.07.23,1번째 방문,예약,완전 유명한 국밥 맛집 옥동식... 드뎌 다녀왔습니다 주말에는 웨이팅 70팀인가 80팀인가 해서 포기했다가 수요일 밤 8시쯤 갔는데 웨이팅 없어서 바로 먹을수 있었어요 평소에 국밥 뜨거워서 잘 안먹는 1인인데 뚝배기에 나오는게아니라 놋그릇 같은데 나와서 안뜨거워서 일단 합격.. 그리고 국물이 자극적이지 않고 뽀얀 국물이아닌 맑은 국물.. 삼삼하고 깔끔하니 국물 너무 맛있고 특히 밥 식감이 개신기.. 밥알 하나하나 살아있는 느낌이었어요 ㄷㄷ 특 아니라 기본인데도 양 많아서 배불렀어요! 김치 만두도 존맛이니 꼭 시켜먹어보세요!,295,True,,,,완전 유명한 국밥 맛집 옥동식... 드뎌 다녀왔습니다 주말에는 웨이팅 70팀인가 80팀인가 해서 포기했다가 수요일 밤 8시쯤 갔는데 웨이팅 없어서 바로 먹을수 있었어요 평소에 국밥 뜨거워서 잘 안먹는 1인인데 뚝배기에 나오는게아니라 놋그릇 같은데 나와서 안뜨거워서 일단 합격.. 그리고 국물이 자극적이지 않고 뽀얀 국물이아닌 맑은 국물.. 삼삼하고 깔끔하니 국물 너무 맛있고 특히 밥 식감이 개신기.. 밥알 하나하나 살아있는 느낌이었어요 ㄷㄷ 특 아니라 기본인데도 양 많아서 배불렀어요! 김치 만두도 존맛이니 꼭 시켜먹어보세요!,완전 유명한 국밥 맛집 옥동식 드뎌 다녀왔습니다 주말에는 웨이팅 70팀인가 80팀인가 해서 포기했다가 수요일 밤 8시쯤 갔는데 웨이팅 없어서 바로 먹을수 있었어요 평소에 국밥 뜨거워서 잘 안먹는 1인인데 뚝배기에 나오는게아니라 놋그릇 같은데 나와서 안뜨거워서 일단 합격 그리고 국물이 자극적이지 않고 뽀얀 국물이아닌 맑은 국물 삼삼하고 깔끔하니 국물 너무 맛있고 특히 밥 식감이 개신기 밥알 하나하나 살아있는 느낌이었어요 특 아니라 기본인데도 양 많아서 배불렀어요 EXCLAM 김치 만두도 존맛이니 꼭 시켜먹어보세요 EXCLAM,0,0,0,0,1,0,1,295,깔끔
naver,각시보쌈,luliel,256.0,2025.12.07,2번째 방문,영수증,합정근처 보쌈 먹구싶을 땐 무조건 각시보쌈🥹 (주말 점심기준 20-30분 웨이팅 참고) 🏡 공간 -홀은 큰편이고 점심 때 사람은 많지만 회전율이 빠른편이에요. 🍽️ 맛 -반반보쌈(중) 주문. 고기가 지방과 살코기의 밸런스가 너무 좋고 아주 부드럽고 촉촉해서 진짜 맛있어요. 김치도 매콤달콤 감칠맛나고 절인배추에도 같이 싸먹으면 배추의 깔끔함이 김치의 자극적임을 잡아주면서 더 맛있다는..🥹 김치찌개는 사이드로 나오고 신맛이 강한편. 고기 좋아하는 남1 여1 기준으로는 중자 적당해요. 웨이팅만 없으면 더 자주오고 싶은 곳이에요ㅠ 🤵🏻‍♀️서비스 -사람이 항상 많아서 정신없지만 친절하세요. (지극히 개인적인 후기입니다),346,True,,,,합정근처 보쌈 먹구싶을 땐 무조건 각시보쌈🥹 (주말 점심기준 20-30분 웨이팅 참고) 🏡 공간 -홀은 큰편이고 점심 때 사람은 많지만 회전율이 빠른편이에요. 🍽️ 맛 -반반보쌈(중) 주문. 고기가 지방과 살코기의 밸런스가 너무 좋고 아주 부드럽고 촉촉해서 진짜 맛있어요. 김치도 매콤달콤 감칠맛나고 절인배추에도 같이 싸먹으면 배추의 깔끔함이 김치의 자극적임을 잡아주면서 더 맛있다는..🥹 김치찌개는 사이드로 나오고 신맛이 강한편. 고기 좋아하는 남1 여1 기준으로는 중자 적당해요. 웨이팅만 없으면 더 자주오고 싶은 곳이에요ㅠ 🤵🏻‍♀️서비스 -사람이 항상 많아서 정신없지만 친절하세요. (지극히 개인적인 후기입니다),합정근처 보쌈 먹구싶을 땐 무조건 각시보쌈 주말 점심기준 20 30분 웨이팅 참고 공간 홀은 큰편이고 점심 때 사람은 많지만 회전율이 빠른편이에요 맛 반반보쌈 중 주문 고기가 지방과 살코기의 밸런스가 너무 좋고 아주 부드럽고 촉촉해서 진짜 맛있어요 김치도 매콤달콤 감칠맛나고 절인배추에도 같이 싸먹으면 배추의 깔끔함이 김치의 자극적임을 잡아주면서 더 맛있다는 김치찌개는 사이드로 나오고 신맛이 강한편 고기 좋아하는 남1 여1 기준으로는 중자 적당해요 웨이팅만 없으면 더 자주오고 싶은 곳이에요 서비스 사람이 항상 많아서 정신없지만 친절하세요 지극히 개인적인 후기입니다,0,0,0,0,0,0,1,346,"공간, 깔끔"
naver,육산장 홍대본점,예지808,11.0,2026.04.24,1번째 방문,영수증,대기 별로 안하고 들어왔어요!! 매장 실내 분위기 엄청 좋고 음식도 빨리나오고 고기 질도 좋습니다♥️♥️♥️하이볼도 맛있습니당,70,True,,,,대기 별로 안하고 들어왔어요!! 매장 실내 분위기 엄청 좋고 음식도 빨리나오고 고기 질도 좋습니다♥️♥️♥️하이볼도 맛있습니당,대기 별로 안하고 들어왔어요 EXCLAM 매장 실내 분위기 엄청 좋고 음식도 빨리나오고 고기 질도 좋습니다 EMO_POS EMO_POS EMO_POS 하이볼도 맛있습니당,1,0,0,0,1,0,0,70,"분위기, 매장"
naver,쭌곱창,apd****,35.0,2026.03.03,1번째 방문,영수증,쭌곱창 이전에 1년전에도 데이트때 와서 먹었던 집인데 오랜만에 홍대 왔는데 또 생각나서 방문합니다☺️☺️ 여전히 불맛 맛있고 소스 가짓수 많고 요즘 리뷰 이벤트도 되게 후하게 있어서 좋았습니다!! 그리고 분위기도 홍대답게 힙하고 이늑하고 데이트하기에 놓습니다❤️❤️,148,True,,,,쭌곱창 이전에 1년전에도 데이트때 와서 먹었던 집인데 오랜만에 홍대 왔는데 또 생각나서 방문합니다☺️☺️ 여전히 불맛 맛있고 소스 가짓수 많고 요즘 리뷰 이벤트도 되게 후하게 있어서 좋았습니다!! 그리고 분위기도 홍대답게 힙하고 이늑하고 데이트하기에 놓습니다❤️❤️,쭌곱창 이전에 1년전에도 데이트때 와서 먹었던 집인데 오랜만에 홍대 왔는데 또 생각나서 방문합니다 여전히 불맛 맛있고 소스 가짓수 많고 요즘 리뷰 이벤트도 되게 후하게 있어서 좋았습니다 EXCLAM 그리고 분위기도 홍대답게 힙하고 이늑하고 데이트하기에 놓습니다 EMO_POS EMO_POS,1,0,0,0,1,0,1,148,"분위기, 데이트"
kakao,락희옥 마포본점,김지호,9.0,2025-06-09,,,보쌈정식&된장찌개 맛있고 건강한맛! 많은 인원이었는데 예약없이 바로 들어올 수 있어서 좋았고 고급스럽지만 편안한 분위기 였습니다! 직원분들도 친절하셨어요💕,86,True,5.0,4.2,브론즈 레벨,보쌈정식&된장찌개 맛있고 건강한맛! 많은 인원이었는데 예약없이 바로 들어올 수 있어서 좋았고 고급스럽지만 편안한 분위기 였습니다! 직원분들도 친절하셨어요💕,보쌈정식 된장찌개 맛있고 건강한맛 EXCLAM 많은 인원이었는데 예약없이 바로 들어올 수 있어서 좋았고 고급스럽지만 편안한 분위기 였습니다 EXCLAM 직원분들도 친절하셨어요 EMO_POS,1,0,0,0,1,0,0,86,분위기
naver,성수족발,JSA네,39.0,2025.07.11,1번째 방문,영수증,절대 먹지마세요 특히 포장은 김치부추 도 다흘리게 스티로폼 용기에 넣어주고 포장은 무슨 보온기? 안에서 꺼내주시는데 위생이 안좋아서 인지 배가 다음날까지 아프네 껍질 씹어지지도 않고 짜기만 하고 4만원이 아깝다 진짜 ;,122,False,,,,절대 먹지마세요 특히 포장은 김치부추 도 다흘리게 스티로폼 용기에 넣어주고 포장은 무슨 보온기? 안에서 꺼내주시는데 위생이 안좋아서 인지 배가 다음날까지 아프네 껍질 씹어지지도 않고 짜기만 하고 4만원이 아깝다 진짜 ;,절대 먹지마세요 특히 포장은 김치부추 도 다흘리게 스티로폼 용기에 넣어주고 포장은 무슨 보온기 QUESTION 안에서 꺼내주시는데 위생이 안좋아서 인지 배가 다음날까지 아프네 껍질 씹어지지도 않고 짜기만 하고 4만원이 아깝다 진짜,0,0,0,0,0,1,1,122,위생
kakao,이태리국시 성수,주연,1.0,2026-04-19,,,친구들과 모임으로 방문했는데 분위기도 좋고 음식도 맛있어요!! 담에 또 방문할게요,45,True,5.0,5.0,브론즈 레벨,친구들과 모임으로 방문했는데 분위기도 좋고 음식도 맛있어요!! 담에 또 방문할게요,친구들과 모임으로 방문했는데 분위기도 좋고 음식도 맛있어요 EXCLAM 담에 또 방문할게요,0,0,0,0,1,0,0,45,분위기
kakao,쭌곱창,이재영,1.0,2025-05-03,,,맛있고 깔끔하고 친절해요,13,False,5.0,5.0,브론즈 레벨,맛있고 깔끔하고 친절해요,맛있고 깔끔하고 친절해요,0,0,0,0,0,0,0,13,깔끔
kakao,태양곱창 성수,yun939,1.0,2025-02-28,,,남자친구가 맛있다고 같이 가자 해서 따라왔어요~가게 분위기도 너무 좋고 생각보다 더 맛있어요~아무 기대도 안 하고 왔는데 기대 이상으로 만족하고 갑니다~,85,True,5.0,5.0,브론즈 레벨,남자친구가 맛있다고 같이 가자 해서 따라왔어요~가게 분위기도 너무 좋고 생각보다 더 맛있어요~아무 기대도 안 하고 왔는데 기대 이상으로 만족하고 갑니다~,남자친구가 맛있다고 같이 가자 해서 따라왔어요 가게 분위기도 너무 좋고 생각보다 더 맛있어요 아무 기대도 안 하고 왔는데 기대 이상으로 만족하고 갑니다,0,0,0,0,0,0,0,85,분위기
kakao,각시보쌈,입 짧은 사람,98.0,2025-02-17,,,사람 많고 연령대가 높다.. 낮부터 술취하신 분 잔뜩... 나한테 삿대질하며 쟤가 시킨거랑 똑같이 달라하는 어르신부터 나랑 반찬 공유하는 날파리까지.. 그리고 더워도 너무 더운 내부에 환기도 안해서 답답하니 얇은 니트 하나만 입어도 식사 내내 땀 나서 도망치듯 나왔다. 수육은 잡내 안나고 맛있는데 찌개는 참치김치찌개라서 쿰쿰하고 비린 맛에 한 입도 못 먹었다. 수육세트 점심에 저렴하게 먹고 싶다면 나쁘지 않다.,231,False,2.0,3.2,골드 레벨,사람 많고 연령대가 높다.. 낮부터 술취하신 분 잔뜩... 나한테 삿대질하며 쟤가 시킨거랑 똑같이 달라하는 어르신부터 나랑 반찬 공유하는 날파리까지.. 그리고 더워도 너무 더운 내부에 환기도 안해서 답답하니 얇은 니트 하나만 입어도 식사 내내 땀 나서 도망치듯 나왔다. 수육은 잡내 안나고 맛있는데 찌개는 참치김치찌개라서 쿰쿰하고 비린 맛에 한 입도 못 먹었다. 수육세트 점심에 저렴하게 먹고 싶다면 나쁘지 않다.,사람 많고 연령대가 높다 낮부터 술취하신 분 잔뜩 나한테 삿대질하며 쟤가 시킨거랑 똑같이 달라하는 어르신부터 나랑 반찬 공유하는 날파리까지 그리고 더워도 너무 더운 내부에 환기도 안해서 답답하니 얇은 니트 하나만 입어도 식사 내내 땀 나서 도망치듯 나왔다 수육은 잡내 안나고 맛있는데 찌개는 참치김치찌개라서 쿰쿰하고 비린 맛에 한 입도 못 먹었다 수육세트 점심에 저렴하게 먹고 싶다면 나쁘지 않다,0,0,0,0,0,0,0,231,내부
kakao,쭌곱창,i_cas_k,1.0,2025-04-09,,,"인디밴드를 좋아하는 사람은 가끔 본인이 좋아하는 밴드가 유명해지지 않길 바라는 감정이 들때가 있다. 나에게 이 가게가 그런 존재다. 곱창 특유의 비린내는 전혀 없고, 입 안에 가득차게 되는 불맛, 그리고 약간의 매운 맛이 감칠맛으로 매우 조화롭다. 2017년 어느날 처음 먹어본 맛에 반해 평일 10일 동안 8일을 술 없이 식사만 하는 기염을 토하며 어느순간 단골이 되었다. 식탁 위에 올려져있던 팻말형 메뉴부터 천장의 커튼식 메뉴판, 지금의 메뉴판까지 다양한 변화가 있었던 이 가게에서 유일하게 변하지 않았던 것은 그 맛과 항상 웃으며 반겨주시면서도 부엌으로 달려가시던 사장님의 마음이다. 학교를 졸업하고 이제서야 리뷰를 다는 까닭은 가끔 살면서 다시한번 먹고싶을때 항상 이 자리에 가게가 남아 웃으며 B세트를 시키고 싶은 욕심이 아닐까.",414,True,5.0,5.0,브론즈 레벨,"인디밴드를 좋아하는 사람은 가끔 본인이 좋아하는 밴드가 유명해지지 않길 바라는 감정이 들때가 있다. 나에게 이 가게가 그런 존재다. 곱창 특유의 비린내는 전혀 없고, 입 안에 가득차게 되는 불맛, 그리고 약간의 매운 맛이 감칠맛으로 매우 조화롭다. 2017년 어느날 처음 먹어본 맛에 반해 평일 10일 동안 8일을 술 없이 식사만 하는 기염을 토하며 어느순간 단골이 되었다. 식탁 위에 올려져있던 팻말형 메뉴부터 천장의 커튼식 메뉴판, 지금의 메뉴판까지 다양한 변화가 있었던 이 가게에서 유일하게 변하지 않았던 것은 그 맛과 항상 웃으며 반겨주시면서도 부엌으로 달려가시던 사장님의 마음이다. 학교를 졸업하고 이제서야 리뷰를 다는 까닭은 가끔 살면서 다시한번 먹고싶을때 항상 이 자리에 가게가 남아 웃으며 B세트를 시키고 싶은 욕심이 아닐까.",인디밴드를 좋아하는 사람은 가끔 본인이 좋아하는 밴드가 유명해지지 않길 바라는 감정이 들때가 있다 나에게 이 가게가 그런 존재다 곱창 특유의 비린내는 전혀 없고 입 안에 가득차게 되는 불맛 그리고 약간의 매운 맛이 감칠맛으로 매우 조화롭다 2017년 어느날 처음 먹어본 맛에 반해 평일 10일 동안 8일을 술 없이 식사만 하는 기염을 토하며 어느순간 단골이 되었다 식탁 위에 올려져있던 팻말형 메뉴부터 천장의 커튼식 메뉴판 지금의 메뉴판까지 다양한 변화가 있었던 이 가게에서 유일하게 변하지 않았던 것은 그 맛과 항상 웃으며 반겨주시면서도 부엌으로 달려가시던 사장님의 마음이다 학교를 졸업하고 이제서야 리뷰를 다는 까닭은 가끔 살면서 다시한번 먹고싶을때 항상 이 자리에 가게가 남아 웃으며 B세트를 시키고 싶은 욕심이 아닐까,0,0,0,0,0,0,1,414,자리
kakao,소문난성수감자탕,김지현,5.0,2025-05-23,,,입장하자마자 처음이라 메뉴판 벽지에 붙은거 보려는데 주문뭐하실거냐고 물여보셔서 메뉴좀 보고 말씀드리겠다 했는데 3초만에 다시 물으시더라구요 자리 앉지도못하고 압박당해서 바로 소짜 2인시켰더니 소짜에서 벌레가 나왔습니다 사진에 보시면.. 어디 날라와서 붙은거라고 다시 바꿔주시긴 하셨는데 여전히 찝찝했고 벨버튼이 안보여서 이모님이랑 눈마주쳐서 불렀더니 벨눌러달라고 혼났습니다.. ㅠ 바쁘신건 알겠는데 너무 불친절하셨어요.. 더군다나 공기밥 2000원이 조금 충격적이였습니다 뼈에 고기는 별로 없고요.. 외국인들이 많았고 관광장사하는곳으로 타이틀을 변경하셨나봅니다.. 다신 안가겠어요 벌레도 나오고 무섭니다,337,True,1.0,1.0,브론즈 레벨,입장하자마자 처음이라 메뉴판 벽지에 붙은거 보려는데 주문뭐하실거냐고 물여보셔서 메뉴좀 보고 말씀드리겠다 했는데 3초만에 다시 물으시더라구요 자리 앉지도못하고 압박당해서 바로 소짜 2인시켰더니 소짜에서 벌레가 나왔습니다 사진에 보시면.. 어디 날라와서 붙은거라고 다시 바꿔주시긴 하셨는데 여전히 찝찝했고 벨버튼이 안보여서 이모님이랑 눈마주쳐서 불렀더니 벨눌러달라고 혼났습니다.. ㅠ 바쁘신건 알겠는데 너무 불친절하셨어요.. 더군다나 공기밥 2000원이 조금 충격적이였습니다 뼈에 고기는 별로 없고요.. 외국인들이 많았고 관광장사하는곳으로 타이틀을 변경하셨나봅니다.. 다신 안가겠어요 벌레도 나오고 무섭니다,입장하자마자 처음이라 메뉴판 벽지에 붙은거 보려는데 주문뭐하실거냐고 물여보셔서 메뉴좀 보고 말씀드리겠다 했는데 3초만에 다시 물으시더라구요 자리 앉지도못하고 압박당해서 바로 소짜 2인시켰더니 소짜에서 벌레가 나왔습니다 사진에 보시면 어디 날라와서 붙은거라고 다시 바꿔주시긴 하셨는데 여전히 찝찝했고 벨버튼이 안보여서 이모님이랑 눈마주쳐서 불렀더니 벨눌러달라고 혼났습니다 바쁘신건 알겠는데 너무 불친절하셨어요 더군다나 공기밥 2000원이 조금 충격적이였습니다 뼈에 고기는 별로 없고요 외국인들이 많았고 관광장사하는곳으로 타이틀을 변경하셨나봅니다 다신 안가겠어요 벌레도 나오고 무섭니다,0,0,0,0,0,0,1,337,자리
naver,일등식당,It from bit,432.0,2026.02.21,2번째 방문,영수증,"사진 속 해장국은 특사이즈다. 많다. 기본 8000원, 특 11000원이다. 맛과 양에 비하면 요즘 물가에 저렴한 편이다. 소스가 테이블 마다 구비되어 있진 않다. 꼭 가져다 고기 찍어먹으시라. 확실히 다르다. 이른 시간에도 매장은 거의 만원이다. 사람 많은덴 그럴만한 이유가 있다. 잘 먹고 갑니다~",168,True,,,,"사진 속 해장국은 특사이즈다. 많다. 기본 8000원, 특 11000원이다. 맛과 양에 비하면 요즘 물가에 저렴한 편이다. 소스가 테이블 마다 구비되어 있진 않다. 꼭 가져다 고기 찍어먹으시라. 확실히 다르다. 이른 시간에도 매장은 거의 만원이다. 사람 많은덴 그럴만한 이유가 있다. 잘 먹고 갑니다~",사진 속 해장국은 특사이즈다 많다 기본 8000원 특 11000원이다 맛과 양에 비하면 요즘 물가에 저렴한 편이다 소스가 테이블 마다 구비되어 있진 않다 꼭 가져다 고기 찍어먹으시라 확실히 다르다 이른 시간에도 매장은 거의 만원이다 사람 많은덴 그럴만한 이유가 있다 잘 먹고 갑니다,0,0,0,0,0,0,1,168,"매장, 테이블"
naver,이태리국시 성수,rla****,33.0,2026.05.03,1번째 방문,영수증,메뉴들이 다 너무 맛있어보여서 고민됐는데 너무 맛있게 잘 먹었어요!! 분위기도 너무 좋고 매장 인테리어도 너무 예뻐서 놀랬어요! 다음에 다른 메뉴도 먹어보고싶어요 또 올게요~~💕💕,100,True,,,,메뉴들이 다 너무 맛있어보여서 고민됐는데 너무 맛있게 잘 먹었어요!! 분위기도 너무 좋고 매장 인테리어도 너무 예뻐서 놀랬어요! 다음에 다른 메뉴도 먹어보고싶어요 또 올게요~~💕💕,메뉴들이 다 너무 맛있어보여서 고민됐는데 너무 맛있게 잘 먹었어요 EXCLAM 분위기도 너무 좋고 매장 인테리어도 너무 예뻐서 놀랬어요 EXCLAM 다음에 다른 메뉴도 먹어보고싶어요 또 올게요 TILDE EMO_POS EMO_POS,1,0,0,0,1,0,0,100,"분위기, 인테리어, 매장"
naver,옥동식,0아오리0,66.0,2025.07.04,1번째 방문,영수증,육향이 깊고 은은한 감칠맛이 좋다. 기름기 없이 담백한것이 특징. 수분감 좋고 부드러운 고기맛도 좋다. 셰프님의 국밥 철학을 함께 고민하면 더 맛있다. 1. 육향? 꼬릿함? 꼬릿함 찾는다면 순대국밥을 드시라. 육향과 꼬릿함은 다르다. 육향만 우려낸 깔끔함. 2. 미지근한 온도? 토렴은 과학이다. 탱글한 식감과 국물의 맛과 향을 밥알에 밀어 넣었다. 부드러운 고기도 미지근함에 그 비밀이 있다. 국물이 뜨거우면 얇은 고기가뻑뻑해짐. 밥도 퍼짐. 3. 설익은듯한 밥알? 의도한 조리법. 밥알이 풀어져 국물에 녹으면 국물이 혼탁해지고 텁텁해짐. 불리지 않고 살짝 설익게 지어 육수에 말아주는 이유. 후기들보단 더 간간하고 고추지보다는 잘익힌 김치가 낳은듯. 추천 할만 하다. 국밥의 맛이긴 하나 가볼만 함,392,True,,,,육향이 깊고 은은한 감칠맛이 좋다. 기름기 없이 담백한것이 특징. 수분감 좋고 부드러운 고기맛도 좋다. 셰프님의 국밥 철학을 함께 고민하면 더 맛있다. 1. 육향? 꼬릿함? 꼬릿함 찾는다면 순대국밥을 드시라. 육향과 꼬릿함은 다르다. 육향만 우려낸 깔끔함. 2. 미지근한 온도? 토렴은 과학이다. 탱글한 식감과 국물의 맛과 향을 밥알에 밀어 넣었다. 부드러운 고기도 미지근함에 그 비밀이 있다. 국물이 뜨거우면 얇은 고기가뻑뻑해짐. 밥도 퍼짐. 3. 설익은듯한 밥알? 의도한 조리법. 밥알이 풀어져 국물에 녹으면 국물이 혼탁해지고 텁텁해짐. 불리지 않고 살짝 설익게 지어 육수에 말아주는 이유. 후기들보단 더 간간하고 고추지보다는 잘익힌 김치가 낳은듯. 추천 할만 하다. 국밥의 맛이긴 하나 가볼만 함,육향이 깊고 은은한 감칠맛이 좋다 기름기 없이 담백한것이 특징 수분감 좋고 부드러운 고기맛도 좋다 셰프님의 국밥 철학을 함께 고민하면 더 맛있다 1 육향 QUESTION 꼬릿함 QUESTION 꼬릿함 찾는다면 순대국밥을 드시라 육향과 꼬릿함은 다르다 육향만 우려낸 깔끔함 2 미지근한 온도 QUESTION 토렴은 과학이다 탱글한 식감과 국물의 맛과 향을 밥알에 밀어 넣었다 부드러운 고기도 미지근함에 그 비밀이 있다 국물이 뜨거우면 얇은 고기가뻑뻑해짐 밥도 퍼짐 3 설익은듯한 밥알 QUESTION 의도한 조리법 밥알이 풀어져 국물에 녹으면 국물이 혼탁해지고 텁텁해짐 불리지 않고 살짝 설익게 지어 육수에 말아주는 이유 후기들보단 더 간간하고 고추지보다는 잘익힌 김치가 낳은듯 추천 할만 하다 국밥의 맛이긴 하나 가볼만 함,0,0,0,0,0,1,1,392,깔끔
naver,보끔당 성수점,mmm1345,45.0,2026.02.19,1번째 방문,영수증,매장도 넓고 음식도 맛있어요!!!😇👏🏻,21,True,,,,매장도 넓고 음식도 맛있어요!!!😇👏🏻,매장도 넓고 음식도 맛있어요 EXCLAM EMO_POS,1,0,0,0,1,0,0,21,"매장, 넓"
kakao,능동미나리 성수점,es,60.0,2025-09-27,,,깔끔한 맛. 누구나 좋아할 맛이어서 크게 호불호는 없을 듯~~,34,False,5.0,4.0,실버 레벨,깔끔한 맛. 누구나 좋아할 맛이어서 크게 호불호는 없을 듯~~,깔끔한 맛 누구나 좋아할 맛이어서 크게 호불호는 없을 듯 TILDE,0,0,0,0,0,0,0,34,깔끔
kakao,육산장 홍대본점,오리,1.0,2026-02-28,,,분위기가 너무 좋아요!! 쾌적하고 깔끔해서 기분 좋게 식사할 수 있는 장소예요,43,True,5.0,5.0,브론즈 레벨,분위기가 너무 좋아요!! 쾌적하고 깔끔해서 기분 좋게 식사할 수 있는 장소예요,분위기가 너무 좋아요 EXCLAM 쾌적하고 깔끔해서 기분 좋게 식사할 수 있는 장소예요,0,0,0,0,1,0,0,43,"분위기, 깔끔, 쾌적"
naver,이태리국시 성수,ab9254,39.0,2026.04.29,1번째 방문,영수증,이태리 국시 성수점 음식 .굿 분위기도 굿~~ 메인 곱창파스타도 너무 맛있네요👍👍👍 자주이용할께요~,55,True,,,,이태리 국시 성수점 음식 .굿 분위기도 굿~~ 메인 곱창파스타도 너무 맛있네요👍👍👍 자주이용할께요~,이태리 국시 성수점 음식 굿 분위기도 굿 TILDE 메인 곱창파스타도 너무 맛있네요 EMO_POS EMO_POS EMO_POS 자주이용할께요,1,0,0,0,0,0,0,55,분위기
naver,능동미나리 성수지점,보노보노55,34.0,2026.05.05,1번째 방문,영수증,30분 넘게 웨이팅 했어요. 매장이 2층이라 생각보다 금방 들어간 것 같아요. 시스템이 체계적이고 맛도 깔끔하니 좋아요. 육회도 많고 안에 무가 오독오독하니 식감도 재밌고 킥이었어요. 간장소스도 미나리랑 잘어울려요. 곰탕도 미나리가 있어서 느끼하지않아요. 미나리 향이 세지 않아서 좋아요. 외국인 관광객들이 많이 오시더라고요 ㅎㅎ 맛있었어요. 추천합니다~~,199,False,,,,30분 넘게 웨이팅 했어요. 매장이 2층이라 생각보다 금방 들어간 것 같아요. 시스템이 체계적이고 맛도 깔끔하니 좋아요. 육회도 많고 안에 무가 오독오독하니 식감도 재밌고 킥이었어요. 간장소스도 미나리랑 잘어울려요. 곰탕도 미나리가 있어서 느끼하지않아요. 미나리 향이 세지 않아서 좋아요. 외국인 관광객들이 많이 오시더라고요 ㅎㅎ 맛있었어요. 추천합니다~~,30분 넘게 웨이팅 했어요 매장이 2층이라 생각보다 금방 들어간 것 같아요 시스템이 체계적이고 맛도 깔끔하니 좋아요 육회도 많고 안에 무가 오독오독하니 식감도 재밌고 킥이었어요 간장소스도 미나리랑 잘어울려요 곰탕도 미나리가 있어서 느끼하지않아요 미나리 향이 세지 않아서 좋아요 외국인 관광객들이 많이 오시더라고요 맛있었어요 추천합니다 TILDE,0,0,0,0,0,0,1,199,"매장, 깔끔"
naver,태양곱창 성수점,seo****,7.0,2026.02.20,1번째 방문,영수증,잡내도 안나고 너무 맛있습니다😋😋 따스한 분위기의 곱창집!!,33,True,,,,잡내도 안나고 너무 맛있습니다😋😋 따스한 분위기의 곱창집!!,잡내도 안나고 너무 맛있습니다 EMO_POS EMO_POS 따스한 분위기의 곱창집 EXCLAM,1,0,0,0,1,0,0,33,분위기
naver,조선시대,지앵영,68.0,2026.03.19,1번째 방문,영수증,남자친구랑 기분 낼 겸 와봤는데 직원분들도 친절하시고 매장도 넓어서 대기 없이 잘 이용했습니다! 음식 양도 많고 가성비 좋게 잘 마신 것 같아요! ㅎㅎ 재방문 의사도 있습니다,97,True,,,,남자친구랑 기분 낼 겸 와봤는데 직원분들도 친절하시고 매장도 넓어서 대기 없이 잘 이용했습니다! 음식 양도 많고 가성비 좋게 잘 마신 것 같아요! ㅎㅎ 재방문 의사도 있습니다,남자친구랑 기분 낼 겸 와봤는데 직원분들도 친절하시고 매장도 넓어서 대기 없이 잘 이용했습니다 EXCLAM 음식 양도 많고 가성비 좋게 잘 마신 것 같아요 EXCLAM 재방문 의사도 있습니다,0,0,0,0,1,0,0,97,"매장, 넓"
naver,일등식당,누디19,39.0,2025.06.08,1번째 방문,영수증,"특1개, 보통+우거지추가 했는데, 보통2개 주시면서 다른테이블도 아니라해서 그냥 우리 먹으라고 하심; 그러면서 우거지추가한거 별도로 담아서 주신다고ㅎㅎㅎㅎㅎㅎ 그냥 내가 생각하는 해장국 맛이에요!! 다음은ㅜ 굳이 안먹어도 될 것 같아요",131,True,,,,"특1개, 보통+우거지추가 했는데, 보통2개 주시면서 다른테이블도 아니라해서 그냥 우리 먹으라고 하심; 그러면서 우거지추가한거 별도로 담아서 주신다고ㅎㅎㅎㅎㅎㅎ 그냥 내가 생각하는 해장국 맛이에요!! 다음은ㅜ 굳이 안먹어도 될 것 같아요",특1개 보통 우거지추가 했는데 보통2개 주시면서 다른테이블도 아니라해서 그냥 우리 먹으라고 하심 그러면서 우거지추가한거 별도로 담아서 주신다고 그냥 내가 생각하는 해장국 맛이에요 EXCLAM 다음은 굳이 안먹어도 될 것 같아요,0,0,0,0,1,0,1,131,테이블
kakao,장인닭갈비 홍대점,정연미(쌍둥이마미),40.0,2025-12-17,,,닭갈비 먹으러 자주오는곳인데요 오늘은 오랜만에 후기적어보려구요~ 100%국내산 닭갈비와 순수모짜렐라치즈를 먹을수있어서 갈때마다 기대가 가득한곳이에요. 인테리어가 깔끔하고 세련되어서 방문할때마다 특별한 감정을 느꼈어요. 홍대역 닭갈비 맛집을대표하는 곳 인거같아요. 닭갈비에어울리는 사리메뉴가 있어서 같이먹기 좋았고요 쌈채소는 셀프바에서 무한으로 제공되어 좋았어요. 그리고 닭갈비 다먹고 마무리 볶음밥까지.. 입이 즐거웠던 시간이었어요! 다음에도 올게요^^,253,False,5.0,5.0,실버 레벨,닭갈비 먹으러 자주오는곳인데요 오늘은 오랜만에 후기적어보려구요~ 100%국내산 닭갈비와 순수모짜렐라치즈를 먹을수있어서 갈때마다 기대가 가득한곳이에요. 인테리어가 깔끔하고 세련되어서 방문할때마다 특별한 감정을 느꼈어요. 홍대역 닭갈비 맛집을대표하는 곳 인거같아요. 닭갈비에어울리는 사리메뉴가 있어서 같이먹기 좋았고요 쌈채소는 셀프바에서 무한으로 제공되어 좋았어요. 그리고 닭갈비 다먹고 마무리 볶음밥까지.. 입이 즐거웠던 시간이었어요! 다음에도 올게요^^,닭갈비 먹으러 자주오는곳인데요 오늘은 오랜만에 후기적어보려구요 100 국내산 닭갈비와 순수모짜렐라치즈를 먹을수있어서 갈때마다 기대가 가득한곳이에요 인테리어가 깔끔하고 세련되어서 방문할때마다 특별한 감정을 느꼈어요 홍대역 닭갈비 맛집을대표하는 곳 인거같아요 닭갈비에어울리는 사리메뉴가 있어서 같이먹기 좋았고요 쌈채소는 셀프바에서 무한으로 제공되어 좋았어요 그리고 닭갈비 다먹고 마무리 볶음밥까지 입이 즐거웠던 시간이었어요 EXCLAM 다음에도 올게요,0,0,0,0,1,0,1,253,"인테리어, 깔끔"
kakao,뼈탄집 성수역점,yk,2.0,2025-12-07,,,데이트나 가족모임 회식하기 좋을 것 같아요~ 자리도 넓고 쾌적하고 고기도 맛있습니다~!!,49,False,5.0,3.0,브론즈 레벨,데이트나 가족모임 회식하기 좋을 것 같아요~ 자리도 넓고 쾌적하고 고기도 맛있습니다~!!,데이트나 가족모임 회식하기 좋을 것 같아요 자리도 넓고 쾌적하고 고기도 맛있습니다 EXCLAM,0,0,0,0,1,0,0,49,"자리, 쾌적, 넓, 데이트"
kakao,을밀대 본점,밍,101.0,2025-11-18,,,맛이 좀 먹을때마다 왔다갔다 육향이 거의없고 면도 단단한? 서민평냉같은 맛인데 가격은 그렇지 않음. 개인적으로 취향은아닌데 먹다보면 또 그 매력이 있음. 녹두전은 다들 시키길래 한번 먹어봤는데.. 기름에 넘 찌든맛에 두입먹고 남겼음. 주차는 옆골목 안쪽에 유료주차 이용했고 겨울에는 너무 추워서 못가겠어요,170,False,3.0,3.4,실버 레벨,맛이 좀 먹을때마다 왔다갔다 육향이 거의없고 면도 단단한? 서민평냉같은 맛인데 가격은 그렇지 않음. 개인적으로 취향은아닌데 먹다보면 또 그 매력이 있음. 녹두전은 다들 시키길래 한번 먹어봤는데.. 기름에 넘 찌든맛에 두입먹고 남겼음. 주차는 옆골목 안쪽에 유료주차 이용했고 겨울에는 너무 추워서 못가겠어요,맛이 좀 먹을때마다 왔다갔다 육향이 거의없고 면도 단단한 QUESTION 서민평냉같은 맛인데 가격은 그렇지 않음 개인적으로 취향은아닌데 먹다보면 또 그 매력이 있음 녹두전은 다들 시키길래 한번 먹어봤는데 기름에 넘 찌든맛에 두입먹고 남겼음 주차는 옆골목 안쪽에 유료주차 이용했고 겨울에는 너무 추워서 못가겠어요,0,0,0,0,0,1,0,170,주차
kakao,홍대 조선시대,시후🐶,1.0,2026-03-14,,,2번째 방문 했어요! 시끌벅적한 분위기에서 맛있는 술까지 먹으니까 너무 즐거워요💕 가끔 테이블에서 진행되는 미니게임도 재밌습니다!! 친구들끼리 와서 놀기에 아주 적합한 곳이에요😊😊 홍대올때마다 오고 싶은 곳이에용,118,True,5.0,5.0,브론즈 레벨,2번째 방문 했어요! 시끌벅적한 분위기에서 맛있는 술까지 먹으니까 너무 즐거워요💕 가끔 테이블에서 진행되는 미니게임도 재밌습니다!! 친구들끼리 와서 놀기에 아주 적합한 곳이에요😊😊 홍대올때마다 오고 싶은 곳이에용,2번째 방문 했어요 EXCLAM 시끌벅적한 분위기에서 맛있는 술까지 먹으니까 너무 즐거워요 EMO_POS 가끔 테이블에서 진행되는 미니게임도 재밌습니다 EXCLAM 친구들끼리 와서 놀기에 아주 적합한 곳이에요 EMO_POS EMO_POS 홍대올때마다 오고 싶은 곳이에용,1,0,0,0,1,0,1,118,"분위기, 테이블"
naver,마포양지설렁탕,멘드롱따또,147.0,2025.11.06,1번째 방문,영수증,"직장 후배와 저녁 먹으려고 들른 곳. 공덕역 주변 설렁탕 집으로는 잡내 없어 종종 방문하던 곳이다. 특히 소 내장탕을 이 곳처럼 맑게 끓여 내는 곳이 좋다(개인적으론 삼성역 중앙해장이 으뜸이다). 둘 다 설렁탕 특/내장탕 특을 시켰으며 이 곳은 김치 깍두기 외에 파김치도 나온다. 매장이 넓고 2층도 있어 회전율이 상당한 곳. 특 설렁탕/특 내장탕 가격이 1만8000원으로 다소 부담스러운 점, 그럼에도 불구하고 특이라 느껴질 만큼의 볼륨이 아닌 것(설렁탕은 푸짐한데 내장탕은 그에 비하면 아쉬운 수준)은 아쉽다. 맛은 상위권.",295,True,,,,"직장 후배와 저녁 먹으려고 들른 곳. 공덕역 주변 설렁탕 집으로는 잡내 없어 종종 방문하던 곳이다. 특히 소 내장탕을 이 곳처럼 맑게 끓여 내는 곳이 좋다(개인적으론 삼성역 중앙해장이 으뜸이다). 둘 다 설렁탕 특/내장탕 특을 시켰으며 이 곳은 김치 깍두기 외에 파김치도 나온다. 매장이 넓고 2층도 있어 회전율이 상당한 곳. 특 설렁탕/특 내장탕 가격이 1만8000원으로 다소 부담스러운 점, 그럼에도 불구하고 특이라 느껴질 만큼의 볼륨이 아닌 것(설렁탕은 푸짐한데 내장탕은 그에 비하면 아쉬운 수준)은 아쉽다. 맛은 상위권.",직장 후배와 저녁 먹으려고 들른 곳 공덕역 주변 설렁탕 집으로는 잡내 없어 종종 방문하던 곳이다 특히 소 내장탕을 이 곳처럼 맑게 끓여 내는 곳이 좋다 개인적으론 삼성역 중앙해장이 으뜸이다 둘 다 설렁탕 특 내장탕 특을 시켰으며 이 곳은 김치 깍두기 외에 파김치도 나온다 매장이 넓고 2층도 있어 회전율이 상당한 곳 특 설렁탕 특 내장탕 가격이 1만8000원으로 다소 부담스러운 점 그럼에도 불구하고 특이라 느껴질 만큼의 볼륨이 아닌 것 설렁탕은 푸짐한데 내장탕은 그에 비하면 아쉬운 수준 은 아쉽다 맛은 상위권,0,0,0,0,0,0,1,295,"매장, 넓"
kakao,육산장 홍대본점,황규연,1.0,2025-05-06,,,친구들이랑 왔는데 너무 맛있게 먹고 갑니다~ 야외에서 먹어서 분위기 있게 먹고 가요 >_<,50,True,5.0,5.0,브론즈 레벨,친구들이랑 왔는데 너무 맛있게 먹고 갑니다~ 야외에서 먹어서 분위기 있게 먹고 가요 >_<,친구들이랑 왔는데 너무 맛있게 먹고 갑니다 야외에서 먹어서 분위기 있게 먹고 가요 _,0,0,0,0,0,0,0,50,분위기
naver,이태리국시 성수,j드래곤17,82.0,2026.04.17,1번째 방문,영수증,너무맛있어요~~~~!!! 이국적인데 조화로운 맛~~ 예약안했는데 바로 들어가서 좋았어용~! 자리도 넓고 쾌적해요 창가자리는 이뻐요 ~~ 다음에 또올게염~,85,True,,,,너무맛있어요~~~~!!! 이국적인데 조화로운 맛~~ 예약안했는데 바로 들어가서 좋았어용~! 자리도 넓고 쾌적해요 창가자리는 이뻐요 ~~ 다음에 또올게염~,너무맛있어요 TILDE EXCLAM 이국적인데 조화로운 맛 TILDE 예약안했는데 바로 들어가서 좋았어용 EXCLAM 자리도 넓고 쾌적해요 창가자리는 이뻐요 TILDE 다음에 또올게염,0,0,0,0,1,0,0,85,"자리, 쾌적, 넓"
kakao,육산장 홍대본점,최보란,2.0,2025-04-17,,,산장같아서 야외에서 먹는 것 같은 분위기가 좋고 비주얼이 좋아요. 김치맛이 좀 아쉬운데 김치찌개는 또 존맛입니다. 김치찌개 김치로 구워주시면 훨씬 좋을 것 같아요. 맛있게 잘 먹었습니다.,104,True,5.0,5.0,브론즈 레벨,산장같아서 야외에서 먹는 것 같은 분위기가 좋고 비주얼이 좋아요. 김치맛이 좀 아쉬운데 김치찌개는 또 존맛입니다. 김치찌개 김치로 구워주시면 훨씬 좋을 것 같아요. 맛있게 잘 먹었습니다.,산장같아서 야외에서 먹는 것 같은 분위기가 좋고 비주얼이 좋아요 김치맛이 좀 아쉬운데 김치찌개는 또 존맛입니다 김치찌개 김치로 구워주시면 훨씬 좋을 것 같아요 맛있게 잘 먹었습니다,0,0,0,0,0,0,0,104,분위기
naver,육산장 홍대본점,우왕쿠왕,17.0,2026.04.05,1번째 방문,영수증,야외에서 먹는게 분위기가 좋아서 더더욱 맛있게 느껴졌습니다! 다음에 또 올게요,43,True,,,,야외에서 먹는게 분위기가 좋아서 더더욱 맛있게 느껴졌습니다! 다음에 또 올게요,야외에서 먹는게 분위기가 좋아서 더더욱 맛있게 느껴졌습니다 EXCLAM 다음에 또 올게요,0,0,0,0,1,0,0,43,분위기
naver,락희옥 마포본점,닥터킴11,8.0,2026.04.15,1번째 방문,영수증,공덕에 모임이 있어 예약 후 방문해서 보쌈과 육전을 시켰는데 넘 맛있고 가볍게 술한잔하기 딱 좋았습니다. 직원분들도 친절하고 매장도 넓고 깨끗합니다. 보쌈은 넘 맛있게 먹느라 사진을 못찍었네요. 다음에 재방문 할께요.,121,True,,,,공덕에 모임이 있어 예약 후 방문해서 보쌈과 육전을 시켰는데 넘 맛있고 가볍게 술한잔하기 딱 좋았습니다. 직원분들도 친절하고 매장도 넓고 깨끗합니다. 보쌈은 넘 맛있게 먹느라 사진을 못찍었네요. 다음에 재방문 할께요.,공덕에 모임이 있어 예약 후 방문해서 보쌈과 육전을 시켰는데 넘 맛있고 가볍게 술한잔하기 딱 좋았습니다 직원분들도 친절하고 매장도 넓고 깨끗합니다 보쌈은 넘 맛있게 먹느라 사진을 못찍었네요 다음에 재방문 할께요,0,0,0,0,0,0,0,121,"매장, 넓"
naver,능동미나리 성수지점,상봉동 삼겹살 맛집 1등 꿀삼겹,537.0,2026.04.06,1번째 방문,영수증,"성수에서 요즘 핫한 능동미나리 다녀왔습니다 😊 미나리 요리 좋아하시는 분들은 무조건 좋아할 집이에요! 미나리 향이 진짜 신선하고 향긋해서 고기랑 같이 먹으니까 느끼함도 싹 잡아주고 계속 들어가더라고요 👍 특히 미나리랑 고기 조합이 너무 좋아서 한 입 먹을 때마다 “여긴 제대로다” 느낌이었습니다ㅎㅎ 양도 푸짐해서 가성비도 좋고, 전체적으로 깔끔하게 잘 나와서 만족도 높았어요! 직원분들도 친절하게 응대해주셔서 기분 좋게 식사했습니다 😊 성수 맛집 찾으신다면 한 번 꼭 가보세요! 미나리 좋아하시는 분들께는 특히 강추드립니다 👍 #꿀삼겹 #상봉맛집 #삼겹살맛집",312,False,,,,"성수에서 요즘 핫한 능동미나리 다녀왔습니다 😊 미나리 요리 좋아하시는 분들은 무조건 좋아할 집이에요! 미나리 향이 진짜 신선하고 향긋해서 고기랑 같이 먹으니까 느끼함도 싹 잡아주고 계속 들어가더라고요 👍 특히 미나리랑 고기 조합이 너무 좋아서 한 입 먹을 때마다 “여긴 제대로다” 느낌이었습니다ㅎㅎ 양도 푸짐해서 가성비도 좋고, 전체적으로 깔끔하게 잘 나와서 만족도 높았어요! 직원분들도 친절하게 응대해주셔서 기분 좋게 식사했습니다 😊 성수 맛집 찾으신다면 한 번 꼭 가보세요! 미나리 좋아하시는 분들께는 특히 강추드립니다 👍 #꿀삼겹 #상봉맛집 #삼겹살맛집",성수에서 요즘 핫한 능동미나리 다녀왔습니다 EMO_POS 미나리 요리 좋아하시는 분들은 무조건 좋아할 집이에요 EXCLAM 미나리 향이 진짜 신선하고 향긋해서 고기랑 같이 먹으니까 느끼함도 싹 잡아주고 계속 들어가더라고요 EMO_POS 특히 미나리랑 고기 조합이 너무 좋아서 한 입 먹을 때마다 여긴 제대로다 느낌이었습니다 양도 푸짐해서 가성비도 좋고 전체적으로 깔끔하게 잘 나와서 만족도 높았어요 EXCLAM 직원분들도 친절하게 응대해주셔서 기분 좋게 식사했습니다 EMO_POS 성수 맛집 찾으신다면 한 번 꼭 가보세요 EXCLAM 미나리 좋아하시는 분들께는 특히 강추드립니다 EMO_POS 꿀삼겹 상봉맛집 삼겹살맛집,1,0,0,0,1,0,0,312,깔끔
naver,능동미나리 성수지점,모모잼잼,134.0,2026.02.08,1번째 방문,영수증,미나리가 정말 아낌없이 들어가서 비주얼부터 압도적이에요. 고기 국물인데도 미나리 덕분에 끝맛이 너무 깔끔해서 질리지 않아요. 같이 나오는 오징어 젓갈이랑 섞박지 조합은 말해 뭐해... 밥도둑 그 자체입니다.,115,True,,,,미나리가 정말 아낌없이 들어가서 비주얼부터 압도적이에요. 고기 국물인데도 미나리 덕분에 끝맛이 너무 깔끔해서 질리지 않아요. 같이 나오는 오징어 젓갈이랑 섞박지 조합은 말해 뭐해... 밥도둑 그 자체입니다.,미나리가 정말 아낌없이 들어가서 비주얼부터 압도적이에요 고기 국물인데도 미나리 덕분에 끝맛이 너무 깔끔해서 질리지 않아요 같이 나오는 오징어 젓갈이랑 섞박지 조합은 말해 뭐해 밥도둑 그 자체입니다,0,0,0,0,0,0,0,115,깔끔
naver,굴다리식당,세계로5,475.0,2026.01.19,1번째 방문,영수증,"김치찌개랑 제육볶음, 계란말이 3종 세트입니다. 주차는 근처 경보주차장 이용했습니다.",47,True,,,,"김치찌개랑 제육볶음, 계란말이 3종 세트입니다. 주차는 근처 경보주차장 이용했습니다.",김치찌개랑 제육볶음 계란말이 3종 세트입니다 주차는 근처 경보주차장 이용했습니다,0,0,0,0,0,0,1,47,주차
naver,육산장 홍대본점,레샾,37.0,2026.04.20,1번째 방문,영수증,직원분들도 너무 친절하고 맛있어요!! 분위기도 완존 즇네요❤️ 강추합니더 !!,43,True,,,,직원분들도 너무 친절하고 맛있어요!! 분위기도 완존 즇네요❤️ 강추합니더 !!,직원분들도 너무 친절하고 맛있어요 EXCLAM 분위기도 완존 즇네요 EMO_POS 강추합니더 EXCLAM,1,0,0,0,1,0,0,43,분위기
naver,락희옥 마포본점,장달홍,9.0,2025.10.11,1번째 방문,영수증,맛집답게 맛있고 분위기 좋은 술집이엇어요 이유가 있네요 한국 선술집,37,True,,,,맛집답게 맛있고 분위기 좋은 술집이엇어요 이유가 있네요 한국 선술집,맛집답게 맛있고 분위기 좋은 술집이엇어요 이유가 있네요 한국 선술집,0,0,0,0,0,0,0,37,분위기
naver,보끔당 성수점,데이케이,45.0,2026.03.30,2번째 방문,영수증,🥹 진짝 적당히 딱 좋게 맵구 맛있어요! 양도 많아서 데이트로 오면 항상 남기는데 저희는 싸가서 볶음밥해먹으면 딱이에요,66,True,,,,🥹 진짝 적당히 딱 좋게 맵구 맛있어요! 양도 많아서 데이트로 오면 항상 남기는데 저희는 싸가서 볶음밥해먹으면 딱이에요,진짝 적당히 딱 좋게 맵구 맛있어요 EXCLAM 양도 많아서 데이트로 오면 항상 남기는데 저희는 싸가서 볶음밥해먹으면 딱이에요,0,0,0,0,1,0,0,66,데이트
kakao,육산장 홍대본점,미진🐰,3.0,2026-04-11,,,항상 올때마다 분위기에 취하고 맛에 취하고 마늘장소스 생긴것같은데 맛있고 ㅁ특제소스와 빵가루는 킥이예요!!!ㅎㅎ 육회도 항상 맛있어요~,75,True,5.0,5.0,브론즈 레벨,항상 올때마다 분위기에 취하고 맛에 취하고 마늘장소스 생긴것같은데 맛있고 ㅁ특제소스와 빵가루는 킥이예요!!!ㅎㅎ 육회도 항상 맛있어요~,항상 올때마다 분위기에 취하고 맛에 취하고 마늘장소스 생긴것같은데 맛있고 특제소스와 빵가루는 킥이예요 EXCLAM 육회도 항상 맛있어요,0,0,0,0,1,0,0,75,분위기
naver,뼈탄집 성수역점,룽이다,93.0,2026.02.10,1번째 방문,영수증,"너~~무 잘먹고가요!! 조용한 개별공간도 있어서 좋음. 표고와사비, 상추도 셀프로 들고가는데 넘~나 신선ㅋㅋ 엄마랑 엄청 많이 먹었어용ㅋ 직원분이 고기 다 구워주시는데, 육즙폭발 ㅠㅠㅠ왜케 맛있는거죠??? 블루리본 믿고감^^❤️",127,True,,,,"너~~무 잘먹고가요!! 조용한 개별공간도 있어서 좋음. 표고와사비, 상추도 셀프로 들고가는데 넘~나 신선ㅋㅋ 엄마랑 엄청 많이 먹었어용ㅋ 직원분이 고기 다 구워주시는데, 육즙폭발 ㅠㅠㅠ왜케 맛있는거죠??? 블루리본 믿고감^^❤️",너 TILDE 무 잘먹고가요 EXCLAM 조용한 개별공간도 있어서 좋음 표고와사비 상추도 셀프로 들고가는데 넘 나 신선 엄마랑 엄청 많이 먹었어용 직원분이 고기 다 구워주시는데 육즙폭발 왜케 맛있는거죠 QUESTION 블루리본 믿고감 EMO_POS,1,0,0,1,1,1,0,127,"공간, 조용"
naver,락희옥 마포본점,정의역,13.0,2025.10.07,1번째 방문,영수증,편안한 저녁시간 분위기 좋게 시간 보내다 갑니다~ 메뉴도 알차고 친절하게 안내해주셔서 더욱 좋게 머물다 갑니다~,62,True,,,,편안한 저녁시간 분위기 좋게 시간 보내다 갑니다~ 메뉴도 알차고 친절하게 안내해주셔서 더욱 좋게 머물다 갑니다~,편안한 저녁시간 분위기 좋게 시간 보내다 갑니다 메뉴도 알차고 친절하게 안내해주셔서 더욱 좋게 머물다 갑니다,0,0,0,0,0,0,0,62,분위기
naver,뼈탄집 성수역점,mrlee2001,95.0,2026.02.21,1번째 방문,예약,매장도 크고 깔끔하고 직원분들이 고기를 구워주셔서 편하고 맛있게 먹었어요,40,True,,,,매장도 크고 깔끔하고 직원분들이 고기를 구워주셔서 편하고 맛있게 먹었어요,매장도 크고 깔끔하고 직원분들이 고기를 구워주셔서 편하고 맛있게 먹었어요,0,0,0,0,0,0,0,40,"매장, 깔끔"
naver,장인닭갈비 홍대점,권하늘120,11.0,2026.04.02,1번째 방문,영수증,처음 방문해보는데 매장도 깨끗하고 넓어요! 닭갈비도 맛있슴미다 홍대 또 오면 방문할거같아용,50,True,,,,처음 방문해보는데 매장도 깨끗하고 넓어요! 닭갈비도 맛있슴미다 홍대 또 오면 방문할거같아용,처음 방문해보는데 매장도 깨끗하고 넓어요 EXCLAM 닭갈비도 맛있슴미다 홍대 또 오면 방문할거같아용,0,0,0,0,1,0,0,50,"매장, 넓"
kakao,할머니의레시피,파란하늘,3.0,2025-01-12,,,"분위기도 고즈넉하고 직원들도 친절합니다 다만, 음식 양이 작습니다ㅋ.. 맛은 있음. 다만, 양이 작음... 할머니는 이렇게 손이 작지 않음",77,True,3.0,4.3,브론즈 레벨,"분위기도 고즈넉하고 직원들도 친절합니다 다만, 음식 양이 작습니다ㅋ.. 맛은 있음. 다만, 양이 작음... 할머니는 이렇게 손이 작지 않음",분위기도 고즈넉하고 직원들도 친절합니다 다만 음식 양이 작습니다 맛은 있음 다만 양이 작음 할머니는 이렇게 손이 작지 않음,0,0,0,0,0,0,0,77,분위기
kakao,홍대 조선시대,서수정,14.0,2026-01-25,,,안주가 진짜 맛있어요! 분위기도 짱 조아요☺️,25,False,5.0,3.9,실버 레벨,안주가 진짜 맛있어요! 분위기도 짱 조아요☺️,안주가 진짜 맛있어요 EXCLAM 분위기도 짱 조아요,0,0,0,0,1,0,0,25,분위기
naver,금금 성수점,봄아0005,24.0,2026.04.05,1번째 방문,영수증,양도 적당하고 맛이 깔끔하고 좋았어요!! 데이트로 딱인 식당인 것 같습니당,41,True,,,,양도 적당하고 맛이 깔끔하고 좋았어요!! 데이트로 딱인 식당인 것 같습니당,양도 적당하고 맛이 깔끔하고 좋았어요 EXCLAM 데이트로 딱인 식당인 것 같습니당,0,0,0,0,1,0,0,41,"깔끔, 데이트"
naver,조선시대,son****,29.0,2026.02.28,1번째 방문,영수증,길가다가 들어왔는데 분위기도 좋고 맛있어요 메뉴도 다양해요,32,True,,,,길가다가 들어왔는데 분위기도 좋고 맛있어요 메뉴도 다양해요,길가다가 들어왔는데 분위기도 좋고 맛있어요 메뉴도 다양해요,0,0,0,0,0,0,0,32,분위기
kakao,뼈탄집 성수역점,김수민,1.0,2026-02-28,,,직접 구워주시고 내부도 청결하고 직원분들도 친절하시고 좋아요 !!!! 먹느라ㅜ맨 처음에만 찍엇는데ㅜ다른 덧들도 진짜 마싯엇어요...,73,False,5.0,5.0,브론즈 레벨,직접 구워주시고 내부도 청결하고 직원분들도 친절하시고 좋아요 !!!! 먹느라ㅜ맨 처음에만 찍엇는데ㅜ다른 덧들도 진짜 마싯엇어요...,직접 구워주시고 내부도 청결하고 직원분들도 친절하시고 좋아요 EXCLAM 먹느라 맨 처음에만 찍엇는데 다른 덧들도 진짜 마싯엇어요,0,0,0,0,1,0,0,73,"내부, 청결"
kakao,옥동식 서교점,세영,512.0,2025-06-05,,,평소에 돼지국밥을 별로 좋아하지 않는 편인데 이곳은 꽤 깔끔한 육수를 사용해서 다른 곳들에 비해 먹기 편안했어요,62,True,4.0,4.6,골드 레벨,평소에 돼지국밥을 별로 좋아하지 않는 편인데 이곳은 꽤 깔끔한 육수를 사용해서 다른 곳들에 비해 먹기 편안했어요,평소에 돼지국밥을 별로 좋아하지 않는 편인데 이곳은 꽤 깔끔한 육수를 사용해서 다른 곳들에 비해 먹기 편안했어요,0,0,0,0,0,0,0,62,깔끔
naver,조선시대,geunahellie,49.0,2026.02.28,1번째 방문,영수증,분위기도 좋고 음식도 맛있습니다! 인테리어도 개성있고 너무 시끄럽지 않아 대화하기 좋아요!,50,True,,,,분위기도 좋고 음식도 맛있습니다! 인테리어도 개성있고 너무 시끄럽지 않아 대화하기 좋아요!,분위기도 좋고 음식도 맛있습니다 EXCLAM 인테리어도 개성있고 너무 시끄럽지 않아 대화하기 좋아요 EXCLAM,0,0,0,0,1,0,0,50,"분위기, 인테리어, 시끄럽"
naver,조선시대,투예엄마,25.0,2026.03.22,1번째 방문,영수증,처음 외국인친구들이랑 놀러 왔는데 친구들도너무 좋아하시고 맛있다거 하네요~ 막걸리도 달콤해서 먹기 편하고 분위기가 좋아서 술술 들어가네요.다음에 또 놀러와야겠어요,90,False,,,,처음 외국인친구들이랑 놀러 왔는데 친구들도너무 좋아하시고 맛있다거 하네요~ 막걸리도 달콤해서 먹기 편하고 분위기가 좋아서 술술 들어가네요.다음에 또 놀러와야겠어요,처음 외국인친구들이랑 놀러 왔는데 친구들도너무 좋아하시고 맛있다거 하네요 막걸리도 달콤해서 먹기 편하고 분위기가 좋아서 술술 들어가네요 다음에 또 놀러와야겠어요,0,0,0,0,0,0,0,90,분위기
naver,락희옥 마포본점,먹짐,239.0,2026.01.10,1번째 방문,영수증,"좌석 정말 많고 쾌적함. 간편하게 네이버예약으로 시간대별 방문이 가능해서 예약해갔고, 무엇보다 콜키지프리! 정말 좋았다. 대표메뉴인 보쌈은 가격대비 양이 많진 않지만 무말랭이가 정말 맛있었다.. 고기는 좀 기름이 많아서 느끼했던 편. 계절메뉴였던 굴무침은 양념이 쎄긴했는데 채소가 많고 향이 좋아서 배불때 가볍게 먹을 수 있었다. 전체적으로 가격대가 있긴 한데, 쾌적한 분위기에서 한식과 와인을 먹을 수 있어 만족스러웠다.",236,True,,,,"좌석 정말 많고 쾌적함. 간편하게 네이버예약으로 시간대별 방문이 가능해서 예약해갔고, 무엇보다 콜키지프리! 정말 좋았다. 대표메뉴인 보쌈은 가격대비 양이 많진 않지만 무말랭이가 정말 맛있었다.. 고기는 좀 기름이 많아서 느끼했던 편. 계절메뉴였던 굴무침은 양념이 쎄긴했는데 채소가 많고 향이 좋아서 배불때 가볍게 먹을 수 있었다. 전체적으로 가격대가 있긴 한데, 쾌적한 분위기에서 한식과 와인을 먹을 수 있어 만족스러웠다.",좌석 정말 많고 쾌적함 간편하게 네이버예약으로 시간대별 방문이 가능해서 예약해갔고 무엇보다 콜키지프리 EXCLAM 정말 좋았다 대표메뉴인 보쌈은 가격대비 양이 많진 않지만 무말랭이가 정말 맛있었다 고기는 좀 기름이 많아서 느끼했던 편 계절메뉴였던 굴무침은 양념이 쎄긴했는데 채소가 많고 향이 좋아서 배불때 가볍게 먹을 수 있었다 전체적으로 가격대가 있긴 한데 쾌적한 분위기에서 한식과 와인을 먹을 수 있어 만족스러웠다,0,0,0,0,1,0,0,236,"분위기, 쾌적"
naver,금금 성수점,윤서6535,30.0,2026.04.10,1번째 방문,영수증,고기도 많이 들어있고 맛있어용 버섯 싫어해서 하나는 빼달라고 미리 말씀드렸더니 빼고 해주셨습니당!! 가게도 깔끔하고 좋았어유,69,True,,,,고기도 많이 들어있고 맛있어용 버섯 싫어해서 하나는 빼달라고 미리 말씀드렸더니 빼고 해주셨습니당!! 가게도 깔끔하고 좋았어유,고기도 많이 들어있고 맛있어용 버섯 싫어해서 하나는 빼달라고 미리 말씀드렸더니 빼고 해주셨습니당 EXCLAM 가게도 깔끔하고 좋았어유,0,0,0,0,1,0,0,69,깔끔
naver,훼미리손칼국수보쌈,반찬하고 밥하고,391.0,2025.04.09,1번째 방문,영수증,1. 시설 노포 갬성 가득 뚝섬역 맛집 주차는 좀 아쉬운편 화장실 깨끗 8~90년대 통기타 음악이 나옴 2. 음식 워낙 알려진 맛집인 만큼 점심시간을 피해 갔어도 절반 정도 손님들이 식사 중 보쌈은 야들야들 촉촉하고 비계에서 비린내 1도 없이 맛있어요 함께 나오는 보쌈김치 짱 입니다 알배추도 깨끗이 씼어 싱싱하게 아삭아삭한 맛이 나구요 칼국수는 진한 사골 국물에 끓여서 인지 정말 국물이 끝내 줍니다 간도 적당하구요 남은 국물에 보리밥 말아 먹으니 든든 합니다 정식 1인 1만5천원이 아깝지 않아요 운전해야해서 소주 반주를 못한게 아쉬웠어요,303,True,,,,1. 시설 노포 갬성 가득 뚝섬역 맛집 주차는 좀 아쉬운편 화장실 깨끗 8~90년대 통기타 음악이 나옴 2. 음식 워낙 알려진 맛집인 만큼 점심시간을 피해 갔어도 절반 정도 손님들이 식사 중 보쌈은 야들야들 촉촉하고 비계에서 비린내 1도 없이 맛있어요 함께 나오는 보쌈김치 짱 입니다 알배추도 깨끗이 씼어 싱싱하게 아삭아삭한 맛이 나구요 칼국수는 진한 사골 국물에 끓여서 인지 정말 국물이 끝내 줍니다 간도 적당하구요 남은 국물에 보리밥 말아 먹으니 든든 합니다 정식 1인 1만5천원이 아깝지 않아요 운전해야해서 소주 반주를 못한게 아쉬웠어요,1 시설 노포 갬성 가득 뚝섬역 맛집 주차는 좀 아쉬운편 화장실 깨끗 8 90년대 통기타 음악이 나옴 2 음식 워낙 알려진 맛집인 만큼 점심시간을 피해 갔어도 절반 정도 손님들이 식사 중 보쌈은 야들야들 촉촉하고 비계에서 비린내 1도 없이 맛있어요 함께 나오는 보쌈김치 짱 입니다 알배추도 깨끗이 씼어 싱싱하게 아삭아삭한 맛이 나구요 칼국수는 진한 사골 국물에 끓여서 인지 정말 국물이 끝내 줍니다 간도 적당하구요 남은 국물에 보리밥 말아 먹으니 든든 합니다 정식 1인 1만5천원이 아깝지 않아요 운전해야해서 소주 반주를 못한게 아쉬웠어요,0,0,0,0,0,0,1,303,"음악, 화장실, 주차"
kakao,을밀대 본점,호우,6.0,2025-05-04,,,냉면이 16000원 비싸도 너무 비싸요 밑반찬도 없고 주재료가 다양하지도 않고. 요즘 오히려 채소 값이 비싼데 가격 그만 좀 올려요. 주말 저녁에 갔는데 웨이팅 없고 빈자리 널렸어요.,102,False,3.0,2.0,실버 레벨,냉면이 16000원 비싸도 너무 비싸요 밑반찬도 없고 주재료가 다양하지도 않고. 요즘 오히려 채소 값이 비싼데 가격 그만 좀 올려요. 주말 저녁에 갔는데 웨이팅 없고 빈자리 널렸어요.,냉면이 16000원 비싸도 너무 비싸요 밑반찬도 없고 주재료가 다양하지도 않고 요즘 오히려 채소 값이 비싼데 가격 그만 좀 올려요 주말 저녁에 갔는데 웨이팅 없고 빈자리 널렸어요,0,0,0,0,0,0,1,102,자리
naver,뼈탄집 성수역점,Hee613,8.0,2026.03.17,1번째 방문,영수증,성수 감성 제대로 느끼면서 고기 먹을 수 있는 곳이에요🤍 삼겹살이랑 목살 둘 다 괜찮아서 취향대로 골라 먹는 재미 있음 사진 찍기도 좋고 분위기도 좋아서 데이트 코스로 추천👍🏻 놀다가 중간에 들르기 좋은 위치라 더 좋았어요,124,True,,,,성수 감성 제대로 느끼면서 고기 먹을 수 있는 곳이에요🤍 삼겹살이랑 목살 둘 다 괜찮아서 취향대로 골라 먹는 재미 있음 사진 찍기도 좋고 분위기도 좋아서 데이트 코스로 추천👍🏻 놀다가 중간에 들르기 좋은 위치라 더 좋았어요,성수 감성 제대로 느끼면서 고기 먹을 수 있는 곳이에요 EMO_POS 삼겹살이랑 목살 둘 다 괜찮아서 취향대로 골라 먹는 재미 있음 사진 찍기도 좋고 분위기도 좋아서 데이트 코스로 추천 EMO_POS 놀다가 중간에 들르기 좋은 위치라 더 좋았어요,1,0,0,0,0,0,0,124,"분위기, 데이트, 위치"
naver,일등식당,dkfk7353,1181.0,2025.06.01,1번째 방문,,국물 깔끔하고 맛있어요,12,True,,,,국물 깔끔하고 맛있어요,국물 깔끔하고 맛있어요,0,0,0,0,0,0,0,12,깔끔
kakao,락희옥 마포본점,쿠롬,1.0,2025-05-16,,,보쌈 차돌 김치말이국수 다 너무 맛있어요! 안쪽까지 좌석도 넓고 시원하고 쾌적해요 저의 원픽은 보쌈이요👍🏻,59,False,5.0,5.0,브론즈 레벨,보쌈 차돌 김치말이국수 다 너무 맛있어요! 안쪽까지 좌석도 넓고 시원하고 쾌적해요 저의 원픽은 보쌈이요👍🏻,보쌈 차돌 김치말이국수 다 너무 맛있어요 EXCLAM 안쪽까지 좌석도 넓고 시원하고 쾌적해요 저의 원픽은 보쌈이요 EMO_POS,1,0,0,0,1,0,0,59,"쾌적, 넓"
naver,장인닭갈비 홍대점,거위공룡,28.0,2026.01.12,1번째 방문,영수증,갑자기 눈이 와서 들어왔는데 분위기도 좋고 구성도 괜찮아서 좋았어요! 맛도 좋았고 세트메뉴 시켜서 셋이 맛있게 먹었습니다 :9,70,True,,,,갑자기 눈이 와서 들어왔는데 분위기도 좋고 구성도 괜찮아서 좋았어요! 맛도 좋았고 세트메뉴 시켜서 셋이 맛있게 먹었습니다 :9,갑자기 눈이 와서 들어왔는데 분위기도 좋고 구성도 괜찮아서 좋았어요 EXCLAM 맛도 좋았고 세트메뉴 시켜서 셋이 맛있게 먹었습니다 9,0,0,0,0,1,0,1,70,분위기
naver,뼈탄집 성수역점,파아란당근,13.0,2026.04.26,1번째 방문,영수증,눚게 삼겹살 땡겨 봐둔 뼈탄집 왔는데 의자 편하고 깔끔하고 음식도 맛있네요,41,True,,,,눚게 삼겹살 땡겨 봐둔 뼈탄집 왔는데 의자 편하고 깔끔하고 음식도 맛있네요,눚게 삼겹살 땡겨 봐둔 뼈탄집 왔는데 의자 편하고 깔끔하고 음식도 맛있네요,0,0,0,0,0,0,0,41,깔끔
naver,금금 성수점,khb723,67.0,2026.03.25,1번째 방문,영수증,평일 점심 방문했어요! 매장은 좀 협소하지만 음식은 너무 맛있어요! 캐치테이블로 예약하고 가시는거 추천드려요! 보리된장국수가 진짜 맛있으니깐 꼭 드세요!!! 평일 점심에 사람많은데 직원 한 분만 홀에 계셔서 혼자 일 다하시느라 너무 바빠보이셨어요ㅠㅠ... 다 너무 좋은데 홀직원 늘리실 필요가 있으실 것 같아요..,175,True,,,,평일 점심 방문했어요! 매장은 좀 협소하지만 음식은 너무 맛있어요! 캐치테이블로 예약하고 가시는거 추천드려요! 보리된장국수가 진짜 맛있으니깐 꼭 드세요!!! 평일 점심에 사람많은데 직원 한 분만 홀에 계셔서 혼자 일 다하시느라 너무 바빠보이셨어요ㅠㅠ... 다 너무 좋은데 홀직원 늘리실 필요가 있으실 것 같아요..,평일 점심 방문했어요 EXCLAM 매장은 좀 협소하지만 음식은 너무 맛있어요 EXCLAM 캐치테이블로 예약하고 가시는거 추천드려요 EXCLAM 보리된장국수가 진짜 맛있으니깐 꼭 드세요 EXCLAM 평일 점심에 사람많은데 직원 한 분만 홀에 계셔서 혼자 일 다하시느라 너무 바빠보이셨어요 다 너무 좋은데 홀직원 늘리실 필요가 있으실 것 같아요,0,0,0,1,1,0,0,175,"매장, 테이블"
kakao,훼미리손칼국수보쌈,성수용만이,20.0,2025-08-26,,,가성비 좋고 테이블 순환이 빨라 갓 삶은 수육을 먹는게 장점,33,False,3.0,3.5,실버 레벨,가성비 좋고 테이블 순환이 빨라 갓 삶은 수육을 먹는게 장점,가성비 좋고 테이블 순환이 빨라 갓 삶은 수육을 먹는게 장점,0,0,0,0,0,0,0,33,테이블
kakao,능동미나리 성수점,느슨노,718.0,2025-05-14,,,예상을 빗나가는 기분좋은 충격. 기대를 뛰어넘는 맛이고 깔끔했음. 가게 분위기도 차분함과 동시에 역동성이 느껴짐. 우려와 달리 매우 만족했던 식사. 재방문의사있음,90,True,5.0,5.0,골드 레벨,예상을 빗나가는 기분좋은 충격. 기대를 뛰어넘는 맛이고 깔끔했음. 가게 분위기도 차분함과 동시에 역동성이 느껴짐. 우려와 달리 매우 만족했던 식사. 재방문의사있음,예상을 빗나가는 기분좋은 충격 기대를 뛰어넘는 맛이고 깔끔했음 가게 분위기도 차분함과 동시에 역동성이 느껴짐 우려와 달리 매우 만족했던 식사 재방문의사있음,0,0,0,0,0,0,0,90,"분위기, 깔끔, 차분"
kakao,성수족발,도치,42.0,2025-06-09,,,달고 자극적인맛 맛있고 양도많음 다만 위생은 기대하면 안되고 사이드가 없음,41,False,5.0,3.9,실버 레벨,달고 자극적인맛 맛있고 양도많음 다만 위생은 기대하면 안되고 사이드가 없음,달고 자극적인맛 맛있고 양도많음 다만 위생은 기대하면 안되고 사이드가 없음,0,0,0,0,0,0,0,41,위생
naver,육산장 홍대본점,류여경,22.0,2026.04.04,1번째 방문,영수증,고기 맛있고 바깥공간 캠핑느낌이라 좋았어요~~ 불닭도 팔아서 맛있게 잘 먹구갑니다~,46,True,,,,고기 맛있고 바깥공간 캠핑느낌이라 좋았어요~~ 불닭도 팔아서 맛있게 잘 먹구갑니다~,고기 맛있고 바깥공간 캠핑느낌이라 좋았어요 TILDE 불닭도 팔아서 맛있게 잘 먹구갑니다,0,0,0,0,0,0,0,46,공간
kakao,일등식당,넵넵,471.0,2025-12-14,,,깔끔한 맛이에요 무심한듯 하지만 은근히 세심히 친절하게 챙겨주세요,36,False,4.0,3.7,골드 레벨,깔끔한 맛이에요 무심한듯 하지만 은근히 세심히 친절하게 챙겨주세요,깔끔한 맛이에요 무심한듯 하지만 은근히 세심히 친절하게 챙겨주세요,0,0,0,0,0,0,0,36,깔끔
naver,홍대 육지,scam,19.0,2026.04.13,1번째 방문,영수증,고기 깔끔하고 맛있었습니다! 구워주셔서 편하게 먹고왔어요~ 가게 내부도 깔끔하고 시끄럽지 않아서 모임장소로 추천드려요,65,True,,,,고기 깔끔하고 맛있었습니다! 구워주셔서 편하게 먹고왔어요~ 가게 내부도 깔끔하고 시끄럽지 않아서 모임장소로 추천드려요,고기 깔끔하고 맛있었습니다 EXCLAM 구워주셔서 편하게 먹고왔어요 가게 내부도 깔끔하고 시끄럽지 않아서 모임장소로 추천드려요,0,0,0,0,1,0,0,65,"내부, 깔끔, 시끄럽"
kakao,옥동식 서교점,물만쥬,32.0,2025-09-19,,,"좋은 분위기, 좋은 서비스 맛은 솔직히 모르겠음... 다대기가 되게 특색있는 맛이라고 느껴짐",51,True,3.0,3.3,실버 레벨,"좋은 분위기, 좋은 서비스 맛은 솔직히 모르겠음... 다대기가 되게 특색있는 맛이라고 느껴짐",좋은 분위기 좋은 서비스 맛은 솔직히 모르겠음 다대기가 되게 특색있는 맛이라고 느껴짐,0,0,0,0,0,0,0,51,분위기
naver,태양곱창 성수점,ㅈㅇㅎㅎ,37.0,2025.12.18,1번째 방문,영수증,곱창전골 맛집 태양곱창 성수점에 와서 너무 맛있게 먹었어요~~ 전에도 체인점 자주 갔는데 성수점은 처음 오는데 여기도 너무 맛있네요 곱창 양도 많고 매장도 쾌적하니 너무 만족스러웠습니다!,104,True,,,,곱창전골 맛집 태양곱창 성수점에 와서 너무 맛있게 먹었어요~~ 전에도 체인점 자주 갔는데 성수점은 처음 오는데 여기도 너무 맛있네요 곱창 양도 많고 매장도 쾌적하니 너무 만족스러웠습니다!,곱창전골 맛집 태양곱창 성수점에 와서 너무 맛있게 먹었어요 TILDE 전에도 체인점 자주 갔는데 성수점은 처음 오는데 여기도 너무 맛있네요 곱창 양도 많고 매장도 쾌적하니 너무 만족스러웠습니다 EXCLAM,0,0,0,0,1,0,0,104,"매장, 쾌적"
naver,육산장 홍대본점,mmjj2478,26.0,2026.04.05,1번째 방문,영수증,캠핑 온것 같은 분위기네요!! 분위기 넘 좋고 밥에듀 햄 올려주시는거 넘 감동이에요!!🥹,49,True,,,,캠핑 온것 같은 분위기네요!! 분위기 넘 좋고 밥에듀 햄 올려주시는거 넘 감동이에요!!🥹,캠핑 온것 같은 분위기네요 EXCLAM 분위기 넘 좋고 밥에듀 햄 올려주시는거 넘 감동이에요 EXCLAM,0,0,0,0,1,0,0,49,분위기
naver,옥동식,우리의우주,2660.0,2025.02.04,2번째 방문,예약,"추운 날씨에 뜨끈한 국밥이 간절했던 날, 합정 옥동식에 방문했다. 워낙 유명한 곳이라 캐치테이블로 미리 예약을 걸어두었는데, 예상대로 한 시간 정도 기다려야 했다. 하지만 날씨도 쌀쌀하고, 한 시간쯤 기다리는 건 이 국밥 한 그릇을 위해 충분히 감수할 가치가 있었다. 늦은 저녁 시간에 방문했음에도 불구하고 입구 밖에는 많은 사람들이 대기하고 있었다. 혼밥하기 좋은 다찌 스타일의 좌석이라 부담 없이 자리에 앉을 수 있었고, 혼자 오는 손님들도 많아 편안한 분위기였다. 주문한 돼지곰탕은 한 마디로 깔끔하고 깊은 맛! 국물이 맑으면서도 잡내 없이 진한 풍미가 느껴졌고, 고기는 부드럽게 잘 익어 씹을 필요 없이 사르르 녹아내렸다. 밥은 살짝 꼬들꼬들한 식감이라 국물에 적셔 먹기 좋다. 또 먹고 싶다😀",392,True,,,,"추운 날씨에 뜨끈한 국밥이 간절했던 날, 합정 옥동식에 방문했다. 워낙 유명한 곳이라 캐치테이블로 미리 예약을 걸어두었는데, 예상대로 한 시간 정도 기다려야 했다. 하지만 날씨도 쌀쌀하고, 한 시간쯤 기다리는 건 이 국밥 한 그릇을 위해 충분히 감수할 가치가 있었다. 늦은 저녁 시간에 방문했음에도 불구하고 입구 밖에는 많은 사람들이 대기하고 있었다. 혼밥하기 좋은 다찌 스타일의 좌석이라 부담 없이 자리에 앉을 수 있었고, 혼자 오는 손님들도 많아 편안한 분위기였다. 주문한 돼지곰탕은 한 마디로 깔끔하고 깊은 맛! 국물이 맑으면서도 잡내 없이 진한 풍미가 느껴졌고, 고기는 부드럽게 잘 익어 씹을 필요 없이 사르르 녹아내렸다. 밥은 살짝 꼬들꼬들한 식감이라 국물에 적셔 먹기 좋다. 또 먹고 싶다😀",추운 날씨에 뜨끈한 국밥이 간절했던 날 합정 옥동식에 방문했다 워낙 유명한 곳이라 캐치테이블로 미리 예약을 걸어두었는데 예상대로 한 시간 정도 기다려야 했다 하지만 날씨도 쌀쌀하고 한 시간쯤 기다리는 건 이 국밥 한 그릇을 위해 충분히 감수할 가치가 있었다 늦은 저녁 시간에 방문했음에도 불구하고 입구 밖에는 많은 사람들이 대기하고 있었다 혼밥하기 좋은 다찌 스타일의 좌석이라 부담 없이 자리에 앉을 수 있었고 혼자 오는 손님들도 많아 편안한 분위기였다 주문한 돼지곰탕은 한 마디로 깔끔하고 깊은 맛 EXCLAM 국물이 맑으면서도 잡내 없이 진한 풍미가 느껴졌고 고기는 부드럽게 잘 익어 씹을 필요 없이 사르르 녹아내렸다 밥은 살짝 꼬들꼬들한 식감이라 국물에 적셔 먹기 좋다 또 먹고 싶다 EMO_POS,1,0,0,0,1,0,0,392,"분위기, 자리, 테이블, 깔끔, 혼밥"
kakao,능동미나리 성수점,봉준호루라기,24.0,2025-09-20,,,회전율 빠르고 깔끔함. 바닥이 미끄러워서 조심해야할 듯.,31,True,4.0,4.6,실버 레벨,회전율 빠르고 깔끔함. 바닥이 미끄러워서 조심해야할 듯.,회전율 빠르고 깔끔함 바닥이 미끄러워서 조심해야할 듯,0,0,0,0,0,0,0,31,깔끔
naver,금금 성수점,쵸코비쨩,14.0,2026.04.05,1번째 방문,영수증,진짜 맛있어용!! 데이트 장소로 좋은 거 같아요! 직원들도 친절하시고 음식이 새롭고 맛있습니다! 추천해용!!!,61,True,,,,진짜 맛있어용!! 데이트 장소로 좋은 거 같아요! 직원들도 친절하시고 음식이 새롭고 맛있습니다! 추천해용!!!,진짜 맛있어용 EXCLAM 데이트 장소로 좋은 거 같아요 EXCLAM 직원들도 친절하시고 음식이 새롭고 맛있습니다 EXCLAM 추천해용 EXCLAM,0,0,0,0,1,0,0,61,데이트
kakao,장인닭갈비 홍대점,냐미,44.0,2025-08-03,,,"닭갈비 맛은…제가 먹어본 닭갈비 중에서 가장 별로였오요… 🤣엄청 밍숭한 고추장 맛에 깨맛만 남 🤣닭은 엄청 퍽퍽한 닭가슴갈이고 간이 안 배서 밍숭… 🤣이 더운 여름날 매장이 너무 더워서 자리 바꾸고 싶다고 했는데 거절… 심지어 안내 받은 자리는 에어컨도 꺼져있었어요.. 🤣반찬은 셀프에 쌈무, 샐러드, 상추말고는 없어요‼️ 🤣치즈가 녹다가 말았어욥 🤣점원분 반할이 외국인인데 치렁치렁한 모자부터 위생개념 제로에 가까워요 ‼️리뷰이벤트가 있어서 그런지…제 입맛이 까칠해서 그런지 좋은 리뷰 믿고 갔다가…남기고 나왔어욥🥹",289,False,1.0,3.7,실버 레벨,"닭갈비 맛은…제가 먹어본 닭갈비 중에서 가장 별로였오요… 🤣엄청 밍숭한 고추장 맛에 깨맛만 남 🤣닭은 엄청 퍽퍽한 닭가슴갈이고 간이 안 배서 밍숭… 🤣이 더운 여름날 매장이 너무 더워서 자리 바꾸고 싶다고 했는데 거절… 심지어 안내 받은 자리는 에어컨도 꺼져있었어요.. 🤣반찬은 셀프에 쌈무, 샐러드, 상추말고는 없어요‼️ 🤣치즈가 녹다가 말았어욥 🤣점원분 반할이 외국인인데 치렁치렁한 모자부터 위생개념 제로에 가까워요 ‼️리뷰이벤트가 있어서 그런지…제 입맛이 까칠해서 그런지 좋은 리뷰 믿고 갔다가…남기고 나왔어욥🥹",닭갈비 맛은 제가 먹어본 닭갈비 중에서 가장 별로였오요 EMO_LAUGH 엄청 밍숭한 고추장 맛에 깨맛만 남 EMO_LAUGH 닭은 엄청 퍽퍽한 닭가슴갈이고 간이 안 배서 밍숭 EMO_LAUGH 이 더운 여름날 매장이 너무 더워서 자리 바꾸고 싶다고 했는데 거절 심지어 안내 받은 자리는 에어컨도 꺼져있었어요 EMO_LAUGH 반찬은 셀프에 쌈무 샐러드 상추말고는 없어요 EMO_LAUGH 치즈가 녹다가 말았어욥 EMO_LAUGH 점원분 반할이 외국인인데 치렁치렁한 모자부터 위생개념 제로에 가까워요 리뷰이벤트가 있어서 그런지 제 입맛이 까칠해서 그런지 좋은 리뷰 믿고 갔다가 남기고 나왔어욥,0,0,1,0,0,0,0,289,"매장, 자리, 위생"
naver,능동미나리 성수지점,221b,985.0,2026.01.15,1번째 방문,영수증,평일 1시에 운좋게 웨이팅 없이 입장!!! 미나리 곰탕은 처음엔 독특한 향이 났는데 국물맛은 깔끔하고 맛있었어요. 곰탕 고기도 두꺼운 편이라 배불러요. 육전은 같이 먹는 미나리 무침이 킥입니다!!! 간장소스도 맛있어요!,122,True,,,,평일 1시에 운좋게 웨이팅 없이 입장!!! 미나리 곰탕은 처음엔 독특한 향이 났는데 국물맛은 깔끔하고 맛있었어요. 곰탕 고기도 두꺼운 편이라 배불러요. 육전은 같이 먹는 미나리 무침이 킥입니다!!! 간장소스도 맛있어요!,평일 1시에 운좋게 웨이팅 없이 입장 EXCLAM 미나리 곰탕은 처음엔 독특한 향이 났는데 국물맛은 깔끔하고 맛있었어요 곰탕 고기도 두꺼운 편이라 배불러요 육전은 같이 먹는 미나리 무침이 킥입니다 EXCLAM 간장소스도 맛있어요 EXCLAM,0,0,0,0,1,0,1,122,깔끔
naver,금금 성수점,진힁,32.0,2026.02.21,1번째 방문,영수증,캐치테이블 웨이팅 하고 들어왔어요 매장이 큰 편은 아니지만 깔끔하고 옷 걸수있는 공간도 마련되어 있어요 음식양이 많지는 않아서 남자 혼자 먹기엔 좀 부족할수도 있어요 그래도 정말 맛있게 먹었습니다!!,111,True,,,,캐치테이블 웨이팅 하고 들어왔어요 매장이 큰 편은 아니지만 깔끔하고 옷 걸수있는 공간도 마련되어 있어요 음식양이 많지는 않아서 남자 혼자 먹기엔 좀 부족할수도 있어요 그래도 정말 맛있게 먹었습니다!!,캐치테이블 웨이팅 하고 들어왔어요 매장이 큰 편은 아니지만 깔끔하고 옷 걸수있는 공간도 마련되어 있어요 음식양이 많지는 않아서 남자 혼자 먹기엔 좀 부족할수도 있어요 그래도 정말 맛있게 먹었습니다 EXCLAM,0,0,0,0,1,0,0,111,"매장, 공간, 테이블, 깔끔"
naver,옥동식,moon0e,21.0,2026.02.26,1번째 방문,영수증,우연히 옥동식 동네갔다가 급으로 가게된 그 유명한 “옥동식” 이제야 외보네요. 집이랑 가까워서 한번 가봐야지해도 대기가 걱정되어 포기하곤 했었는데.. 거의 마감시간에 가게되어 저희를 받아주셨어요^^ 처음엔 응? 음? 했다가 몇숟갈 더 먹으몀서 온 몸에 열이 나면서 제대로 즐겼네요. 전 마감시간대다보니 다 비우진 못했지만 친구는 제꺼까지 완그릇 해줬네요. 또 방문 하고 싶지만 또 이런 대기없는 행운이 있을까요? ㅎㅎ 음식은 정말 깔끔하고 음... 뭐 특별한게 없었지만 그게 특별했던것 같아요. 우리가 아는 그 돼지 국밥이 아니잖아요 ㅎㅎ 외국사람들도 이 깊은 맛을 안다는게 놀랍네요.,327,True,,,,우연히 옥동식 동네갔다가 급으로 가게된 그 유명한 “옥동식” 이제야 외보네요. 집이랑 가까워서 한번 가봐야지해도 대기가 걱정되어 포기하곤 했었는데.. 거의 마감시간에 가게되어 저희를 받아주셨어요^^ 처음엔 응? 음? 했다가 몇숟갈 더 먹으몀서 온 몸에 열이 나면서 제대로 즐겼네요. 전 마감시간대다보니 다 비우진 못했지만 친구는 제꺼까지 완그릇 해줬네요. 또 방문 하고 싶지만 또 이런 대기없는 행운이 있을까요? ㅎㅎ 음식은 정말 깔끔하고 음... 뭐 특별한게 없었지만 그게 특별했던것 같아요. 우리가 아는 그 돼지 국밥이 아니잖아요 ㅎㅎ 외국사람들도 이 깊은 맛을 안다는게 놀랍네요.,우연히 옥동식 동네갔다가 급으로 가게된 그 유명한 옥동식 이제야 외보네요 집이랑 가까워서 한번 가봐야지해도 대기가 걱정되어 포기하곤 했었는데 거의 마감시간에 가게되어 저희를 받아주셨어요 처음엔 응 QUESTION 음 QUESTION 했다가 몇숟갈 더 먹으몀서 온 몸에 열이 나면서 제대로 즐겼네요 전 마감시간대다보니 다 비우진 못했지만 친구는 제꺼까지 완그릇 해줬네요 또 방문 하고 싶지만 또 이런 대기없는 행운이 있을까요 QUESTION 음식은 정말 깔끔하고 음 뭐 특별한게 없었지만 그게 특별했던것 같아요 우리가 아는 그 돼지 국밥이 아니잖아요 외국사람들도 이 깊은 맛을 안다는게 놀랍네요,0,0,0,0,0,1,0,327,깔끔
naver,소문난성수감자탕,성수언니,151.0,2025.11.04,1번째 방문,영수증,깔끔한 감자탕! 냄새없고 감칠맛은 가득한 우리동네 가장 유명한 맛집으로! 먹으면 와 유명한지 알게 됩니다,58,True,,,,깔끔한 감자탕! 냄새없고 감칠맛은 가득한 우리동네 가장 유명한 맛집으로! 먹으면 와 유명한지 알게 됩니다,깔끔한 감자탕 EXCLAM 냄새없고 감칠맛은 가득한 우리동네 가장 유명한 맛집으로 EXCLAM 먹으면 와 유명한지 알게 됩니다,0,0,0,0,1,0,0,58,깔끔
kakao,락희옥 마포본점,흰둥이네,86.0,2025-11-29,,,"음식들이 어느정도 맛은 있으나, 가격은 정말 비싸고 양은 정말 적음. 그렇다고 엄청나게 고급 분위기도 아님",59,True,1.0,3.5,골드 레벨,"음식들이 어느정도 맛은 있으나, 가격은 정말 비싸고 양은 정말 적음. 그렇다고 엄청나게 고급 분위기도 아님",음식들이 어느정도 맛은 있으나 가격은 정말 비싸고 양은 정말 적음 그렇다고 엄청나게 고급 분위기도 아님,0,0,0,0,0,0,0,59,분위기
naver,이태리국시 성수,yeyez,29.0,2026.05.06,1번째 방문,영수증,자리가 넓고 분위기가 좋아요!! 음식도 특이하고 맛있어요.,32,True,,,,자리가 넓고 분위기가 좋아요!! 음식도 특이하고 맛있어요.,자리가 넓고 분위기가 좋아요 EXCLAM 음식도 특이하고 맛있어요,0,0,0,0,1,0,0,32,"분위기, 자리, 넓"
naver,훼미리손칼국수보쌈,미스터화이트,993.0,2025.05.23,1번째 방문,영수증,가성비 넘치는 보쌈정식 🍭맛 - 진짜 미쳤네요 이 가격에 이 보쌈에 이 김치에 이 칼국수라니 그것도 요즘 제일 핫한 성수에서요 나혼산보고 왔는데 여기는 진짜 다 맛있어요 표현할 것이 없네요 보쌈은 부들부들 김치도 맛도리고 사골 칼국수도 좋고 거기에 밥도 주고 양도 좋고 가성비가 넘치네요 🍭내부모습 - 그냥 밥집!! 스러워요!! 🍭서비스 외 기타 - 금요일 6시 안되어 갔더니 한 20분 웨이팅 하고 들어갔습니다,230,True,,,,가성비 넘치는 보쌈정식 🍭맛 - 진짜 미쳤네요 이 가격에 이 보쌈에 이 김치에 이 칼국수라니 그것도 요즘 제일 핫한 성수에서요 나혼산보고 왔는데 여기는 진짜 다 맛있어요 표현할 것이 없네요 보쌈은 부들부들 김치도 맛도리고 사골 칼국수도 좋고 거기에 밥도 주고 양도 좋고 가성비가 넘치네요 🍭내부모습 - 그냥 밥집!! 스러워요!! 🍭서비스 외 기타 - 금요일 6시 안되어 갔더니 한 20분 웨이팅 하고 들어갔습니다,가성비 넘치는 보쌈정식 맛 진짜 미쳤네요 이 가격에 이 보쌈에 이 김치에 이 칼국수라니 그것도 요즘 제일 핫한 성수에서요 나혼산보고 왔는데 여기는 진짜 다 맛있어요 표현할 것이 없네요 보쌈은 부들부들 김치도 맛도리고 사골 칼국수도 좋고 거기에 밥도 주고 양도 좋고 가성비가 넘치네요 내부모습 그냥 밥집 EXCLAM 스러워요 EXCLAM 서비스 외 기타 금요일 6시 안되어 갔더니 한 20분 웨이팅 하고 들어갔습니다,0,0,0,0,1,0,1,230,내부
naver,능동미나리 성수지점,주디현스토리,696.0,2025.12.12,1번째 방문,예약,"차돌모둠곰탕 &gt;&gt; 육회비빔밥 금요일 저녁6시, 5분 대기후 입장 ✨곰탕국물에 미나리가 들어가니 깔끔하고 담백",66,True,,,,"차돌모둠곰탕 &gt;&gt; 육회비빔밥 금요일 저녁6시, 5분 대기후 입장 ✨곰탕국물에 미나리가 들어가니 깔끔하고 담백",차돌모둠곰탕 gt gt 육회비빔밥 금요일 저녁6시 5분 대기후 입장 EMO_POS 곰탕국물에 미나리가 들어가니 깔끔하고 담백,1,0,0,0,0,0,1,66,깔끔
naver,조선시대,태경222,40.0,2026.03.15,1번째 방문,영수증,처음왔는데 분위기도 너무 좋고 음식도 맛있습니다! 다음에 또 올게요!!,39,True,,,,처음왔는데 분위기도 너무 좋고 음식도 맛있습니다! 다음에 또 올게요!!,처음왔는데 분위기도 너무 좋고 음식도 맛있습니다 EXCLAM 다음에 또 올게요 EXCLAM,0,0,0,0,1,0,0,39,분위기
naver,황금콩밭,겸손에 마음을 더한 리뷰어,220.0,2025.11.20,1번째 방문,영수증,"#마포맛집 #황금콩밭 #마포두부요리 #마포한정식 #연말모임 #마포룸식당 #가족모임 #남녀노소 서울 마포에 있는 황금콩밭에서 예약하고 룸에서 식사했어요 😊 두부 요리가 정말 맛있기로 유명한 곳인데, 직접 먹어보니 왜 소문이 났는지 알겠더라고요^^ 코스요리 구성이 알차고 간이 자극적이지 않아 남녀노소 누구나 부담 없이 즐기기 좋은 맛이에요 👍 아이부터 어르신까지 모두 좋아할 깔끔하고 담백한 음식이라 가족 모임에도 잘 어울립니다. 주택을 개조한 공간이라 구옥 느낌 없이 깔끔하고 세련된 인테리어도 마음에 들었어요. 조용한 룸이 있어 연말 모임이나 중요한 자리에도 잘 어울리는 곳입니다^^ 분위기와 맛 모두 만족스러워서 맛있게 잘 먹고 갑니다 😊",359,True,,,,"#마포맛집 #황금콩밭 #마포두부요리 #마포한정식 #연말모임 #마포룸식당 #가족모임 #남녀노소 서울 마포에 있는 황금콩밭에서 예약하고 룸에서 식사했어요 😊 두부 요리가 정말 맛있기로 유명한 곳인데, 직접 먹어보니 왜 소문이 났는지 알겠더라고요^^ 코스요리 구성이 알차고 간이 자극적이지 않아 남녀노소 누구나 부담 없이 즐기기 좋은 맛이에요 👍 아이부터 어르신까지 모두 좋아할 깔끔하고 담백한 음식이라 가족 모임에도 잘 어울립니다. 주택을 개조한 공간이라 구옥 느낌 없이 깔끔하고 세련된 인테리어도 마음에 들었어요. 조용한 룸이 있어 연말 모임이나 중요한 자리에도 잘 어울리는 곳입니다^^ 분위기와 맛 모두 만족스러워서 맛있게 잘 먹고 갑니다 😊",마포맛집 황금콩밭 마포두부요리 마포한정식 연말모임 마포룸식당 가족모임 남녀노소 서울 마포에 있는 황금콩밭에서 예약하고 룸에서 식사했어요 EMO_POS 두부 요리가 정말 맛있기로 유명한 곳인데 직접 먹어보니 왜 소문이 났는지 알겠더라고요 코스요리 구성이 알차고 간이 자극적이지 않아 남녀노소 누구나 부담 없이 즐기기 좋은 맛이에요 EMO_POS 아이부터 어르신까지 모두 좋아할 깔끔하고 담백한 음식이라 가족 모임에도 잘 어울립니다 주택을 개조한 공간이라 구옥 느낌 없이 깔끔하고 세련된 인테리어도 마음에 들었어요 조용한 룸이 있어 연말 모임이나 중요한 자리에도 잘 어울리는 곳입니다 분위기와 맛 모두 만족스러워서 맛있게 잘 먹고 갑니다 EMO_POS,1,0,0,0,0,0,0,359,"분위기, 인테리어, 공간, 자리, 깔끔, 조용"
naver,할머니의 레시피,하이디ee,87.0,2025.11.03,1번째 방문,영수증,"평일에 오픈시간에 맞춰서 방문했는데도 이미 테이블에 손님들로 가득차있는 찐 맛집이었어요. 아무 정보없이 근처에 오픈한 한식집 찾다가 우연히 들어간 곳이라 너무 깜짝 놀랐는데요,, 왜 그렇게 사람이 많은지 음식들이 나오자마자 바로 알겠더라고요! 진짜 정갈하고 알차게 나오는 한상차림에 맛도 자극적이지 않고 담백하면서 너무 맛있었어요! 가격도 훌륭해서 집 근처라면 자주 방문하고싶은 곳입니다🫶🏼 고민중이시라면 꼭 방문해보세요!",236,True,,,,"평일에 오픈시간에 맞춰서 방문했는데도 이미 테이블에 손님들로 가득차있는 찐 맛집이었어요. 아무 정보없이 근처에 오픈한 한식집 찾다가 우연히 들어간 곳이라 너무 깜짝 놀랐는데요,, 왜 그렇게 사람이 많은지 음식들이 나오자마자 바로 알겠더라고요! 진짜 정갈하고 알차게 나오는 한상차림에 맛도 자극적이지 않고 담백하면서 너무 맛있었어요! 가격도 훌륭해서 집 근처라면 자주 방문하고싶은 곳입니다🫶🏼 고민중이시라면 꼭 방문해보세요!",평일에 오픈시간에 맞춰서 방문했는데도 이미 테이블에 손님들로 가득차있는 찐 맛집이었어요 아무 정보없이 근처에 오픈한 한식집 찾다가 우연히 들어간 곳이라 너무 깜짝 놀랐는데요 왜 그렇게 사람이 많은지 음식들이 나오자마자 바로 알겠더라고요 EXCLAM 진짜 정갈하고 알차게 나오는 한상차림에 맛도 자극적이지 않고 담백하면서 너무 맛있었어요 EXCLAM 가격도 훌륭해서 집 근처라면 자주 방문하고싶은 곳입니다 고민중이시라면 꼭 방문해보세요 EXCLAM,0,0,0,0,1,0,0,236,테이블
kakao,할머니의레시피,흠,133.0,2025-04-15,,,"평일 저녁에 방문하여 웨이팅 없이 들어갔고 일단 쌈밥은 개맛도리… 하지만 떡갈비는 유명한 거에 비해 너무 수분감도 없고 퍽퍽해서 아쉬웠습니다. 된장국도 맛있고 반찬들도 넉넉히 나와, 깔끔하고 정갈한 느낌. 외국분들이 많으시고 좋아하실 거 같음 굿굿",138,True,4.0,3.9,골드 레벨,"평일 저녁에 방문하여 웨이팅 없이 들어갔고 일단 쌈밥은 개맛도리… 하지만 떡갈비는 유명한 거에 비해 너무 수분감도 없고 퍽퍽해서 아쉬웠습니다. 된장국도 맛있고 반찬들도 넉넉히 나와, 깔끔하고 정갈한 느낌. 외국분들이 많으시고 좋아하실 거 같음 굿굿",평일 저녁에 방문하여 웨이팅 없이 들어갔고 일단 쌈밥은 개맛도리 하지만 떡갈비는 유명한 거에 비해 너무 수분감도 없고 퍽퍽해서 아쉬웠습니다 된장국도 맛있고 반찬들도 넉넉히 나와 깔끔하고 정갈한 느낌 외국분들이 많으시고 좋아하실 거 같음 굿굿,0,0,0,0,0,0,0,138,깔끔
kakao,육지,오월,81.0,2026-03-02,,,우연히 오게 됐는데 고기가 부드럽고 맛있어서 왕창 먹었어요! 분위기 깔끔하고 냄새 많이 안 배어서 다시 또 오려고요,64,True,5.0,3.9,골드 레벨,우연히 오게 됐는데 고기가 부드럽고 맛있어서 왕창 먹었어요! 분위기 깔끔하고 냄새 많이 안 배어서 다시 또 오려고요,우연히 오게 됐는데 고기가 부드럽고 맛있어서 왕창 먹었어요 EXCLAM 분위기 깔끔하고 냄새 많이 안 배어서 다시 또 오려고요,0,0,0,0,1,0,0,64,"분위기, 깔끔"
kakao,육산장 홍대본점,딩이,2.0,2026-02-16,,,도심에서 캠핑 온 느낌 제대로 나는 야장 고깃집이에요. 텐트 감성 인테리어에 조명까지 분위기 미쳤어요…✨ 삼겹살 두툼하고 육즙 팡팡 터지고 숯향 제대로라서 계속 들어가요. 사이드도 깔끔하고 전체적으로 만족! 무엇보다 강아지 동반 가능이라 더 좋았어요 야외석이라 눈치 덜 보이고 편하게 먹을 수 있어서 재방문 의사 있음 👍 캠핑 분위기에서 삼겹살 먹고 싶을 때 강추입니다!,207,True,5.0,5.0,브론즈 레벨,도심에서 캠핑 온 느낌 제대로 나는 야장 고깃집이에요. 텐트 감성 인테리어에 조명까지 분위기 미쳤어요…✨ 삼겹살 두툼하고 육즙 팡팡 터지고 숯향 제대로라서 계속 들어가요. 사이드도 깔끔하고 전체적으로 만족! 무엇보다 강아지 동반 가능이라 더 좋았어요 야외석이라 눈치 덜 보이고 편하게 먹을 수 있어서 재방문 의사 있음 👍 캠핑 분위기에서 삼겹살 먹고 싶을 때 강추입니다!,도심에서 캠핑 온 느낌 제대로 나는 야장 고깃집이에요 텐트 감성 인테리어에 조명까지 분위기 미쳤어요 EMO_POS 삼겹살 두툼하고 육즙 팡팡 터지고 숯향 제대로라서 계속 들어가요 사이드도 깔끔하고 전체적으로 만족 EXCLAM 무엇보다 강아지 동반 가능이라 더 좋았어요 야외석이라 눈치 덜 보이고 편하게 먹을 수 있어서 재방문 의사 있음 EMO_POS 캠핑 분위기에서 삼겹살 먹고 싶을 때 강추입니다 EXCLAM,1,0,0,0,1,0,0,207,"분위기, 인테리어, 조명, 깔끔"
naver,육산장 홍대본점,suz****,34.0,2026.04.17,1번째 방문,영수증,분위기도 좋고 고기도 너무 맛있고 친절하세요! 모임하기 좋은거같아요&gt;.&lt; 홍대 고기맛집 인정!,58,True,,,,분위기도 좋고 고기도 너무 맛있고 친절하세요! 모임하기 좋은거같아요&gt;.&lt; 홍대 고기맛집 인정!,분위기도 좋고 고기도 너무 맛있고 친절하세요 EXCLAM 모임하기 좋은거같아요 gt lt 홍대 고기맛집 인정 EXCLAM,0,0,0,0,1,0,0,58,분위기
kakao,홍대 조선시대,정승일,1.0,2026-02-24,,,너무 맛있고 분위기가 너무 좋아요! 홍대 놀러오실 때 강추입니다!!,37,False,5.0,5.0,브론즈 레벨,너무 맛있고 분위기가 너무 좋아요! 홍대 놀러오실 때 강추입니다!!,너무 맛있고 분위기가 너무 좋아요 EXCLAM 홍대 놀러오실 때 강추입니다 EXCLAM,0,0,0,0,1,0,0,37,분위기
kakao,육지,감귤,1.0,2025-08-09,,,테이블만 깨끗하면 뭐하나요 불판 틈 찌든 때 보고 너무 놀랐어요...ㅜㅜ,40,False,1.0,1.0,브론즈 레벨,테이블만 깨끗하면 뭐하나요 불판 틈 찌든 때 보고 너무 놀랐어요...ㅜㅜ,테이블만 깨끗하면 뭐하나요 불판 틈 찌든 때 보고 너무 놀랐어요,0,0,0,1,0,0,0,40,테이블
naver,이태리국시 성수,양인규63,11.0,2026.05.09,1번째 방문,영수증,분위기 너무 좋고 음식도 진짜 맛있었어요! 특히 대창돌솥파스타가 완전 레전드… 불향이랑 고소한 대창 조합이 미쳤고 돌솥이라 끝까지 따뜻하게 먹을 수 있어서 좋았어요. 직원분들도 친절하시고 매장 분위기도 감성 있어서 데이트나 친구랑 오기 딱 좋은 듯! 다음에 또 방문하고 싶어요 👍,156,True,,,,분위기 너무 좋고 음식도 진짜 맛있었어요! 특히 대창돌솥파스타가 완전 레전드… 불향이랑 고소한 대창 조합이 미쳤고 돌솥이라 끝까지 따뜻하게 먹을 수 있어서 좋았어요. 직원분들도 친절하시고 매장 분위기도 감성 있어서 데이트나 친구랑 오기 딱 좋은 듯! 다음에 또 방문하고 싶어요 👍,분위기 너무 좋고 음식도 진짜 맛있었어요 EXCLAM 특히 대창돌솥파스타가 완전 레전드 불향이랑 고소한 대창 조합이 미쳤고 돌솥이라 끝까지 따뜻하게 먹을 수 있어서 좋았어요 직원분들도 친절하시고 매장 분위기도 감성 있어서 데이트나 친구랑 오기 딱 좋은 듯 EXCLAM 다음에 또 방문하고 싶어요 EMO_POS,1,0,0,0,1,0,0,156,"분위기, 매장, 데이트"
kakao,홍대 조선시대,이준서,1.0,2026-01-21,,,맛있고 리뷰 이벤트도 좋아요 추천합니당! 게임도 할 수 있는데 기다릴 때 안 지루하고 좋은 거 같네욥. 데이트할 때 와도 돼용,70,True,5.0,5.0,브론즈 레벨,맛있고 리뷰 이벤트도 좋아요 추천합니당! 게임도 할 수 있는데 기다릴 때 안 지루하고 좋은 거 같네욥. 데이트할 때 와도 돼용,맛있고 리뷰 이벤트도 좋아요 추천합니당 EXCLAM 게임도 할 수 있는데 기다릴 때 안 지루하고 좋은 거 같네욥 데이트할 때 와도 돼용,0,0,0,0,1,0,0,70,데이트
kakao,홍대 조선시대,이채현,1.0,2026-03-19,,,분위기 좋고 딸기막걸리 짱맛..🩷 직원분들도 유쾌하고 친절하세요,35,True,5.0,5.0,브론즈 레벨,분위기 좋고 딸기막걸리 짱맛..🩷 직원분들도 유쾌하고 친절하세요,분위기 좋고 딸기막걸리 짱맛 직원분들도 유쾌하고 친절하세요,0,0,0,0,0,0,0,35,분위기
kakao,일등식당,어때,35.0,2025-04-27,,,"서울하프마라톤 끝나고 절뚝이면서 갔습니다. 와보니까 웬걸 페이스메이커분들 회식 ㄷㄷ 여긴 맛집이다 싶어서 웨이팅 하기로 함. 혼밥은 합석도 가능하다고해서 어떤 분이랑 마주보며 먹었습니다. 맛있어서 어색함도 잊고 그냥 허겁지겁 먹었습미다. 해장국의 맛을 설명하자면 조미료 범벅 시뻘건 일반적인 그런 해장국 아니구요, 시래기 넣고 맑게 끓인 덜 자극적인 그런 시원한(?) 해장국입니다. 간은 적당했습니다. 돼지뼈는 오래 삶아서인지 살과 뼈가 분리가 아주 잘 됐습니다. 뼛가루 조심하세요!! 상암 들릴 때마다 출출할 때 가봄직한 곳입니다. 멀리에서 이 해장국 먹자고 찾아올 정도는 아니에요 그래도 좋았습니다~",337,False,4.0,3.9,실버 레벨,"서울하프마라톤 끝나고 절뚝이면서 갔습니다. 와보니까 웬걸 페이스메이커분들 회식 ㄷㄷ 여긴 맛집이다 싶어서 웨이팅 하기로 함. 혼밥은 합석도 가능하다고해서 어떤 분이랑 마주보며 먹었습니다. 맛있어서 어색함도 잊고 그냥 허겁지겁 먹었습미다. 해장국의 맛을 설명하자면 조미료 범벅 시뻘건 일반적인 그런 해장국 아니구요, 시래기 넣고 맑게 끓인 덜 자극적인 그런 시원한(?) 해장국입니다. 간은 적당했습니다. 돼지뼈는 오래 삶아서인지 살과 뼈가 분리가 아주 잘 됐습니다. 뼛가루 조심하세요!! 상암 들릴 때마다 출출할 때 가봄직한 곳입니다. 멀리에서 이 해장국 먹자고 찾아올 정도는 아니에요 그래도 좋았습니다~",서울하프마라톤 끝나고 절뚝이면서 갔습니다 와보니까 웬걸 페이스메이커분들 회식 여긴 맛집이다 싶어서 웨이팅 하기로 함 혼밥은 합석도 가능하다고해서 어떤 분이랑 마주보며 먹었습니다 맛있어서 어색함도 잊고 그냥 허겁지겁 먹었습미다 해장국의 맛을 설명하자면 조미료 범벅 시뻘건 일반적인 그런 해장국 아니구요 시래기 넣고 맑게 끓인 덜 자극적인 그런 시원한 QUESTION 해장국입니다 간은 적당했습니다 돼지뼈는 오래 삶아서인지 살과 뼈가 분리가 아주 잘 됐습니다 뼛가루 조심하세요 EXCLAM 상암 들릴 때마다 출출할 때 가봄직한 곳입니다 멀리에서 이 해장국 먹자고 찾아올 정도는 아니에요 그래도 좋았습니다,0,0,0,0,1,1,0,337,혼밥
kakao,각시보쌈,웬만하면먹어,273.0,2025-01-04,,,"가격대비 양이 적다고 생각할 수 있지만 항정살이라 생각하면 감안할 만 합니다.그래도 목살,삼겹에 비해 고기량이 적습니다. 직원 응대면에서 좋지 않습니다.자리에 앉자마자 메뉴 골랐냐고 물어보면서, 다 먹으니까 누구보다 빠르게 다 드셨는지 물어보는게 나가라는 뉘앙스네요.1시간 남짓 있었는데…피크타임에 시간제한을 명시하시던지요.",181,False,1.0,4.0,골드 레벨,"가격대비 양이 적다고 생각할 수 있지만 항정살이라 생각하면 감안할 만 합니다.그래도 목살,삼겹에 비해 고기량이 적습니다. 직원 응대면에서 좋지 않습니다.자리에 앉자마자 메뉴 골랐냐고 물어보면서, 다 먹으니까 누구보다 빠르게 다 드셨는지 물어보는게 나가라는 뉘앙스네요.1시간 남짓 있었는데…피크타임에 시간제한을 명시하시던지요.",가격대비 양이 적다고 생각할 수 있지만 항정살이라 생각하면 감안할 만 합니다 그래도 목살 삼겹에 비해 고기량이 적습니다 직원 응대면에서 좋지 않습니다 자리에 앉자마자 메뉴 골랐냐고 물어보면서 다 먹으니까 누구보다 빠르게 다 드셨는지 물어보는게 나가라는 뉘앙스네요 1시간 남짓 있었는데 피크타임에 시간제한을 명시하시던지요,0,0,0,0,0,0,1,181,자리
kakao,이태리국시 성수,이선경,4.0,2026-04-18,,,분위기 좋고 맛있어요. 가게 분위기가 너무 취향~ 예약하고 오시면 좋을 것 같이요!,46,True,5.0,5.0,브론즈 레벨,분위기 좋고 맛있어요. 가게 분위기가 너무 취향~ 예약하고 오시면 좋을 것 같이요!,분위기 좋고 맛있어요 가게 분위기가 너무 취향 예약하고 오시면 좋을 것 같이요 EXCLAM,0,0,0,0,1,0,0,46,분위기
naver,뼈탄집 성수역점,대현이692,19.0,2026.04.15,1번째 방문,영수증,와.. 고기가 미쳤습니다 완전 부드럽고 맛있네여 ㅠㅠ 매장 분위기도 깔끔해서 다음번엔 회식장소로 다시 방문하고싶네요!,65,True,,,,와.. 고기가 미쳤습니다 완전 부드럽고 맛있네여 ㅠㅠ 매장 분위기도 깔끔해서 다음번엔 회식장소로 다시 방문하고싶네요!,와 고기가 미쳤습니다 완전 부드럽고 맛있네여 매장 분위기도 깔끔해서 다음번엔 회식장소로 다시 방문하고싶네요 EXCLAM,0,0,0,1,1,0,0,65,"분위기, 매장, 깔끔"
naver,조선시대,유빔니얕,72.0,2026.02.02,1번째 방문,영수증,갑작스럽게 들어와서 먹게 되었는데 넘넘 맛있고 분위기랑 인테리어가 넘 예쁘네요! 다음에 또 올게요!,55,True,,,,갑작스럽게 들어와서 먹게 되었는데 넘넘 맛있고 분위기랑 인테리어가 넘 예쁘네요! 다음에 또 올게요!,갑작스럽게 들어와서 먹게 되었는데 넘넘 맛있고 분위기랑 인테리어가 넘 예쁘네요 EXCLAM 다음에 또 올게요 EXCLAM,0,0,0,0,1,0,0,55,"분위기, 인테리어"
naver,이태리국시 성수,mip****,5.0,2026.05.04,1번째 방문,영수증,"예약 시간보다 빨리 왔는데 바로 입장 가능했어요!! 분위기 너무 좋고 음식도 맛있어요..🫶 매장에 친구,가족,연인분들 다 많았고 데이트 하러 오기 좋은 것 같아요! 노래도 좋고 다 좋았어요!",106,True,,,,"예약 시간보다 빨리 왔는데 바로 입장 가능했어요!! 분위기 너무 좋고 음식도 맛있어요..🫶 매장에 친구,가족,연인분들 다 많았고 데이트 하러 오기 좋은 것 같아요! 노래도 좋고 다 좋았어요!",예약 시간보다 빨리 왔는데 바로 입장 가능했어요 EXCLAM 분위기 너무 좋고 음식도 맛있어요 매장에 친구 가족 연인분들 다 많았고 데이트 하러 오기 좋은 것 같아요 EXCLAM 노래도 좋고 다 좋았어요 EXCLAM,0,0,0,0,1,0,0,106,"분위기, 매장, 데이트"
kakao,육산장 홍대본점,이찬희,1.0,2025-12-25,,,분위기가 좋고 세트메뉴라서 그런지 든든하게 먹을 수 있어요,32,True,5.0,5.0,브론즈 레벨,분위기가 좋고 세트메뉴라서 그런지 든든하게 먹을 수 있어요,분위기가 좋고 세트메뉴라서 그런지 든든하게 먹을 수 있어요,0,0,0,0,0,0,0,32,분위기
naver,이태리국시 성수,ydbean,40.0,2026.05.04,1번째 방문,영수증,음식 다 넘 맛있고 퓨전양식이라 특색있어서 좋았습니당!! 하나하나 다 과하지 않은 맛이라 더더 좋았던 것 같아요 ㅎㅎ 분위기도 좋아서 다음에 또 방문하고 싶어요🫶🏼☺️,93,True,,,,음식 다 넘 맛있고 퓨전양식이라 특색있어서 좋았습니당!! 하나하나 다 과하지 않은 맛이라 더더 좋았던 것 같아요 ㅎㅎ 분위기도 좋아서 다음에 또 방문하고 싶어요🫶🏼☺️,음식 다 넘 맛있고 퓨전양식이라 특색있어서 좋았습니당 EXCLAM 하나하나 다 과하지 않은 맛이라 더더 좋았던 것 같아요 분위기도 좋아서 다음에 또 방문하고 싶어요,0,0,0,0,1,0,0,93,분위기
naver,금금 성수점,imp****,58.0,2026.02.15,1번째 방문,예약,캐치테이블로 예약하고 올 수 있어서 좋아요! 인테리어가 깔끔하고 친절해요. 음식은 빨리 나오고 자극적이지 않은데 특별해서 다음에도 또 오고 싶네요.,82,True,,,,캐치테이블로 예약하고 올 수 있어서 좋아요! 인테리어가 깔끔하고 친절해요. 음식은 빨리 나오고 자극적이지 않은데 특별해서 다음에도 또 오고 싶네요.,캐치테이블로 예약하고 올 수 있어서 좋아요 EXCLAM 인테리어가 깔끔하고 친절해요 음식은 빨리 나오고 자극적이지 않은데 특별해서 다음에도 또 오고 싶네요,0,0,0,0,1,0,0,82,"인테리어, 테이블, 깔끔"
kakao,육산장 홍대본점,ㅎㅇㅎ,1.0,2025-02-10,,,산장 컨셉의 분위기가 너무 예뻐서 왔는데 고기도 너무 맛있었어요! 오뎅이랑 군고구마 무료로 먹을 수 있는데 리뷰 작성하면 삼겹살 김치찌개도 무료로 주니 합리적인 가격에 배부르게 먹고 갑니다! 산장 컨셉이 너무 매력적인 식당이라 다음에 또 방문할 것 같아요👍🏻 고기도 구워서 나와서 깔끔하고 맛있었어요🙌🏻☺️,171,True,5.0,5.0,브론즈 레벨,산장 컨셉의 분위기가 너무 예뻐서 왔는데 고기도 너무 맛있었어요! 오뎅이랑 군고구마 무료로 먹을 수 있는데 리뷰 작성하면 삼겹살 김치찌개도 무료로 주니 합리적인 가격에 배부르게 먹고 갑니다! 산장 컨셉이 너무 매력적인 식당이라 다음에 또 방문할 것 같아요👍🏻 고기도 구워서 나와서 깔끔하고 맛있었어요🙌🏻☺️,산장 컨셉의 분위기가 너무 예뻐서 왔는데 고기도 너무 맛있었어요 EXCLAM 오뎅이랑 군고구마 무료로 먹을 수 있는데 리뷰 작성하면 삼겹살 김치찌개도 무료로 주니 합리적인 가격에 배부르게 먹고 갑니다 EXCLAM 산장 컨셉이 너무 매력적인 식당이라 다음에 또 방문할 것 같아요 EMO_POS 고기도 구워서 나와서 깔끔하고 맛있었어요 EMO_POS,1,0,0,0,1,0,0,171,"분위기, 깔끔"
naver,소문난성수감자탕,한끼도,358.0,2026.03.17,1번째 방문,영수증,외국까지 소문난 듯한 감자탕..ㅎㅎ 양도 많고 직원들도 친절하시구 매장도 넓어서 별로 안 기다려요!! 추천합니당ㅎㅎ,64,True,,,,외국까지 소문난 듯한 감자탕..ㅎㅎ 양도 많고 직원들도 친절하시구 매장도 넓어서 별로 안 기다려요!! 추천합니당ㅎㅎ,외국까지 소문난 듯한 감자탕 양도 많고 직원들도 친절하시구 매장도 넓어서 별로 안 기다려요 EXCLAM 추천합니당,0,0,0,0,1,0,0,64,"매장, 넓"
naver,장인닭갈비 홍대점,물망초870,1.0,2026.04.10,1번째 방문,영수증,처음와본 곳인데 매장이 넓고 직원분들이 친절하세요 ~ 음식 양도 많았습니다 !,43,True,,,,처음와본 곳인데 매장이 넓고 직원분들이 친절하세요 ~ 음식 양도 많았습니다 !,처음와본 곳인데 매장이 넓고 직원분들이 친절하세요 음식 양도 많았습니다 EXCLAM,0,0,0,0,1,0,0,43,"매장, 넓"
kakao,원조조박집 본관,리커버리,4535.0,2025-06-03,,,3층까지 있다. 동치미 깔끔하다.,18,False,5.0,4.2,퍼플 레벨,3층까지 있다. 동치미 깔끔하다.,3층까지 있다 동치미 깔끔하다,0,0,0,0,0,0,1,18,깔끔
naver,육산장 홍대본점,유자9111,18.0,2026.04.19,1번째 방문,영수증,캠핑 분위기 낭낭하고 넘 좋앗어요!! 한판 시키니까 다 구워 주시고 몸에 고기 냄새 안 베일것 같아거 좋아요!,61,True,,,,캠핑 분위기 낭낭하고 넘 좋앗어요!! 한판 시키니까 다 구워 주시고 몸에 고기 냄새 안 베일것 같아거 좋아요!,캠핑 분위기 낭낭하고 넘 좋앗어요 EXCLAM 한판 시키니까 다 구워 주시고 몸에 고기 냄새 안 베일것 같아거 좋아요 EXCLAM,0,0,0,0,1,0,0,61,분위기
kakao,소문난성수감자탕,진실만씁니다,857.0,2025-02-15,,,"💕서울 감자탕 맛집 1위:: 2025.02 최신 내돈내산 솔직후기💕 ✔️웨이팅: 주말 저녁 6시 30분쯤 방문, 40분정도 서서 대기 (캐치테이블X 테이블링X 번호표X 예약X 일행다와야 입장가능, 현장대기만 가능합니다) 상황에 따라 별관으로 입장받을 수 있고 저희는 별관 이용했습니다! 옆 건물이고 별관이 좀 더 좁은 느낌이었어요~ 회전율은 쏘쏘인것 같고 심야시간대에도 웨이팅 기본이니 바로 입장할 생각으로 오시면 안됩니다. 1인 손님은 바로 말씀하시면 혼밥석 입장 가능합니다. ✔️가격: 2024년02월기준:: 감자국(12,000원) 우거지감자국(13,000원) 감자탕(소32,000 중37,000 대49,000원) 공기밥(2,000원) 감자국=뼈해장국이라 생각하시면 됩니다 ✔️맛: 확실히 다른 고기보다 부드러운게 비전문가인 저도 느껴질 정도입니다! 국물은 msg맛이 살짝 나지만 개운하고 얼큰해요~ 조미료만으로 간을 맞춘 다른 감자탕집하고 다르더라고요! 진짜 말그대로 술이 들어가는 소문난 감자탕 맛집~ 웨이팅 해서 먹을 만 해요! ✔️친절도: 볶음밥 볶아주시는데 말도 많이 걸어주시고 정겹다고 느꼈어요! 친절하십니다~ ✔️위생: 깨끗하다고도 못느꼈지만 더럽다고도 못느꼈어요 ✔️주차: 주차장 없습니다. 대중교통 이용 추천. 성수동 주차비 비쌈 ✔️재방문의사: 웨이팅만 없다면 400% (2024.06) 와 새벽 3시에 웨이팅 있는 집은 처음보네요 ㅋㅋㅋㅋㅋㅋㅋ 진짜 지금까지 먹어본 감자탕(뼈해장국) 중 원탑! 거짓말 안하고 고기가 이렇게 맛있을 수 있나 생각함 !!!! 진짜 최고다",778,False,5.0,4.6,퍼플 레벨,"💕서울 감자탕 맛집 1위:: 2025.02 최신 내돈내산 솔직후기💕 ✔️웨이팅: 주말 저녁 6시 30분쯤 방문, 40분정도 서서 대기 (캐치테이블X 테이블링X 번호표X 예약X 일행다와야 입장가능, 현장대기만 가능합니다) 상황에 따라 별관으로 입장받을 수 있고 저희는 별관 이용했습니다! 옆 건물이고 별관이 좀 더 좁은 느낌이었어요~ 회전율은 쏘쏘인것 같고 심야시간대에도 웨이팅 기본이니 바로 입장할 생각으로 오시면 안됩니다. 1인 손님은 바로 말씀하시면 혼밥석 입장 가능합니다. ✔️가격: 2024년02월기준:: 감자국(12,000원) 우거지감자국(13,000원) 감자탕(소32,000 중37,000 대49,000원) 공기밥(2,000원) 감자국=뼈해장국이라 생각하시면 됩니다 ✔️맛: 확실히 다른 고기보다 부드러운게 비전문가인 저도 느껴질 정도입니다! 국물은 msg맛이 살짝 나지만 개운하고 얼큰해요~ 조미료만으로 간을 맞춘 다른 감자탕집하고 다르더라고요! 진짜 말그대로 술이 들어가는 소문난 감자탕 맛집~ 웨이팅 해서 먹을 만 해요! ✔️친절도: 볶음밥 볶아주시는데 말도 많이 걸어주시고 정겹다고 느꼈어요! 친절하십니다~ ✔️위생: 깨끗하다고도 못느꼈지만 더럽다고도 못느꼈어요 ✔️주차: 주차장 없습니다. 대중교통 이용 추천. 성수동 주차비 비쌈 ✔️재방문의사: 웨이팅만 없다면 400% (2024.06) 와 새벽 3시에 웨이팅 있는 집은 처음보네요 ㅋㅋㅋㅋㅋㅋㅋ 진짜 지금까지 먹어본 감자탕(뼈해장국) 중 원탑! 거짓말 안하고 고기가 이렇게 맛있을 수 있나 생각함 !!!! 진짜 최고다",EMO_POS 서울 감자탕 맛집 1위 2025 02 최신 내돈내산 솔직후기 EMO_POS 웨이팅 주말 저녁 6시 30분쯤 방문 40분정도 서서 대기 캐치테이블X 테이블링X 번호표X 예약X 일행다와야 입장가능 현장대기만 가능합니다 상황에 따라 별관으로 입장받을 수 있고 저희는 별관 이용했습니다 EXCLAM 옆 건물이고 별관이 좀 더 좁은 느낌이었어요 회전율은 쏘쏘인것 같고 심야시간대에도 웨이팅 기본이니 바로 입장할 생각으로 오시면 안됩니다 1인 손님은 바로 말씀하시면 혼밥석 입장 가능합니다 가격 2024년02월기준 감자국 12 000원 우거지감자국 13 000원 감자탕 소32 000 중37 000 대49 000원 공기밥 2 000원 감자국 뼈해장국이라 생각하시면 됩니다 맛 확실히 다른 고기보다 부드러운게 비전문가인 저도 느껴질 정도입니다 EXCLAM 국물은 msg맛이 살짝 나지만 개운하고 얼큰해요 조미료만으로 간을 맞춘 다른 감자탕집하고 다르더라고요 EXCLAM 진짜 말그대로 술이 들어가는 소문난 감자탕 맛집 웨이팅 해서 먹을 만 해요 EXCLAM 친절도 볶음밥 볶아주시는데 말도 많이 걸어주시고 정겹다고 느꼈어요 EXCLAM 친절하십니다 위생 깨끗하다고도 못느꼈지만 더럽다고도 못느꼈어요 주차 주차장 없습니다 대중교통 이용 추천 성수동 주차비 비쌈 재방문의사 웨이팅만 없다면 400 2024 06 와 새벽 3시에 웨이팅 있는 집은 처음보네요 진짜 지금까지 먹어본 감자탕 뼈해장국 중 원탑 EXCLAM 거짓말 안하고 고기가 이렇게 맛있을 수 있나 생각함 EXCLAM 진짜 최고다,1,0,0,0,1,0,1,778,"테이블, 위생, 좁, 혼밥, 주차"
naver,육산장 홍대본점,멍읏,20.0,2026.02.17,1번째 방문,영수증,캠핑장 느낌의 산장으로 인테리어가 특이 했어요~ 고기 질도 좋고 부드럽고 맛있어요!!,47,True,,,,캠핑장 느낌의 산장으로 인테리어가 특이 했어요~ 고기 질도 좋고 부드럽고 맛있어요!!,캠핑장 느낌의 산장으로 인테리어가 특이 했어요 고기 질도 좋고 부드럽고 맛있어요 EXCLAM,0,0,0,0,1,0,0,47,인테리어
naver,이태리국시 성수,뽀미사랑맘,57.0,2026.03.12,1번째 방문,영수증,"우연찮게 들어온 식당이 엄청 맛집이에요~~~^^ 대창 파스타, 리조또, 피자 세가지 음식 다 모두 맛있어요~~~~여유롭게 오면 너무나 분위기까지 즐길수 있는 곳같아요 여자 친구랑~남자친구랑 와도 넘넘 좋을것 같아요^^",121,True,,,,"우연찮게 들어온 식당이 엄청 맛집이에요~~~^^ 대창 파스타, 리조또, 피자 세가지 음식 다 모두 맛있어요~~~~여유롭게 오면 너무나 분위기까지 즐길수 있는 곳같아요 여자 친구랑~남자친구랑 와도 넘넘 좋을것 같아요^^",우연찮게 들어온 식당이 엄청 맛집이에요 TILDE 대창 파스타 리조또 피자 세가지 음식 다 모두 맛있어요 TILDE 여유롭게 오면 너무나 분위기까지 즐길수 있는 곳같아요 여자 친구랑 남자친구랑 와도 넘넘 좋을것 같아요,0,0,0,0,0,0,0,121,분위기
naver,원조 조박집 본관,DJ슈슈,39.0,2025.11.08,1번째 방문,예약,진짜 갈비 넘 맛있네요😋 밥 한공이 뚝딱 ㅎ 된장찌게는 흔히 먹는 삼겹살집에서 파는 찌게보단 된장국 느낌이 강했네용 😄 마지막 식혜가 킥입니단 🚙주차도 근처 마포공영주차장에 세우면 되용 계산할때 차량번호 말하면 되서 넘 좋네용,126,True,,,,진짜 갈비 넘 맛있네요😋 밥 한공이 뚝딱 ㅎ 된장찌게는 흔히 먹는 삼겹살집에서 파는 찌게보단 된장국 느낌이 강했네용 😄 마지막 식혜가 킥입니단 🚙주차도 근처 마포공영주차장에 세우면 되용 계산할때 차량번호 말하면 되서 넘 좋네용,진짜 갈비 넘 맛있네요 EMO_POS 밥 한공이 뚝딱 된장찌게는 흔히 먹는 삼겹살집에서 파는 찌게보단 된장국 느낌이 강했네용 EMO_POS 마지막 식혜가 킥입니단 주차도 근처 마포공영주차장에 세우면 되용 계산할때 차량번호 말하면 되서 넘 좋네용,1,0,0,0,0,0,0,126,주차
naver,조선시대,ycy****,27.0,2026.03.24,1번째 방문,예약,술집 분위기도좋고 노래가 빵빵해서 좋았어요 !!,26,True,,,,술집 분위기도좋고 노래가 빵빵해서 좋았어요 !!,술집 분위기도좋고 노래가 빵빵해서 좋았어요 EXCLAM,0,0,0,0,1,0,0,26,분위기
kakao,이태리국시 성수,노을,2.0,2026-04-25,,,대창 너무 맛있어용~!! 🤍 다 너무 맛있어서 싹싹 먹었어요! 분위기도 너무 좋구 친구들이랑 이야기하면서 먹기도 좋아용 (•̀ᴗ•́)و ̑̑ ㅎㅎㅎ 잘 먹고 가요!,91,True,5.0,5.0,브론즈 레벨,대창 너무 맛있어용~!! 🤍 다 너무 맛있어서 싹싹 먹었어요! 분위기도 너무 좋구 친구들이랑 이야기하면서 먹기도 좋아용 (•̀ᴗ•́)و ̑̑ ㅎㅎㅎ 잘 먹고 가요!,대창 너무 맛있어용 EXCLAM EMO_POS 다 너무 맛있어서 싹싹 먹었어요 EXCLAM 분위기도 너무 좋구 친구들이랑 이야기하면서 먹기도 좋아용 잘 먹고 가요 EXCLAM,1,0,0,0,1,0,0,91,분위기
naver,뼈탄집 성수역점,ash****,13.0,2026.04.22,1번째 방문,예약,"주말 이른 저녁에 아이와 함께 방문한 뼈탄집 성수역점. 이른 시간이라 그런지 웨이팅 없이 비교적 여유롭게 들어갈 수 있었고, 매장도 전반적으로 깔끔한 느낌이었습니다. 아이와 함께 방문하다 보니 좌석 간격이나 분위기를 조금 보게 되는데, 크게 불편함 없이 식사하기 괜찮았어요. 직원분들도 요청드리는 부분에 빠르게 응대해주셔서 전반적으로 편안하게 식사할 수 있었습니다. 대표 메뉴인 뼈구이는 양념이 과하지 않고 적당히 자극적인 편이라 밥이랑 같이 먹기 좋았고, 고기도 잘 발라져서 먹기 편했어요. 아이랑 같이 먹기에도 크게 부담 없는 맛이었습니다. 주말 저녁 시간대에 가족 단위로 방문하기에도 무난한 곳이라, 성수 근처에서 식사할 곳 찾는 분들께 한 번쯤 가볼 만한 곳으로 생각됩니다.",381,True,,,,"주말 이른 저녁에 아이와 함께 방문한 뼈탄집 성수역점. 이른 시간이라 그런지 웨이팅 없이 비교적 여유롭게 들어갈 수 있었고, 매장도 전반적으로 깔끔한 느낌이었습니다. 아이와 함께 방문하다 보니 좌석 간격이나 분위기를 조금 보게 되는데, 크게 불편함 없이 식사하기 괜찮았어요. 직원분들도 요청드리는 부분에 빠르게 응대해주셔서 전반적으로 편안하게 식사할 수 있었습니다. 대표 메뉴인 뼈구이는 양념이 과하지 않고 적당히 자극적인 편이라 밥이랑 같이 먹기 좋았고, 고기도 잘 발라져서 먹기 편했어요. 아이랑 같이 먹기에도 크게 부담 없는 맛이었습니다. 주말 저녁 시간대에 가족 단위로 방문하기에도 무난한 곳이라, 성수 근처에서 식사할 곳 찾는 분들께 한 번쯤 가볼 만한 곳으로 생각됩니다.",주말 이른 저녁에 아이와 함께 방문한 뼈탄집 성수역점 이른 시간이라 그런지 웨이팅 없이 비교적 여유롭게 들어갈 수 있었고 매장도 전반적으로 깔끔한 느낌이었습니다 아이와 함께 방문하다 보니 좌석 간격이나 분위기를 조금 보게 되는데 크게 불편함 없이 식사하기 괜찮았어요 직원분들도 요청드리는 부분에 빠르게 응대해주셔서 전반적으로 편안하게 식사할 수 있었습니다 대표 메뉴인 뼈구이는 양념이 과하지 않고 적당히 자극적인 편이라 밥이랑 같이 먹기 좋았고 고기도 잘 발라져서 먹기 편했어요 아이랑 같이 먹기에도 크게 부담 없는 맛이었습니다 주말 저녁 시간대에 가족 단위로 방문하기에도 무난한 곳이라 성수 근처에서 식사할 곳 찾는 분들께 한 번쯤 가볼 만한 곳으로 생각됩니다,0,0,0,0,0,0,0,381,"분위기, 매장, 깔끔"
naver,옥동식,맛기,663.0,2025.05.20,1번째 방문,영수증,국밥 깔끔하고 맛있습니다.😀,15,True,,,,국밥 깔끔하고 맛있습니다.😀,국밥 깔끔하고 맛있습니다 EMO_POS,1,0,0,0,0,0,0,15,깔끔
kakao,육산장 홍대본점,백흠,1.0,2025-06-07,,,분위기 미친 맛집! 여름에 시원하고 딱 좋은 분위기같아요‘,32,True,5.0,5.0,브론즈 레벨,분위기 미친 맛집! 여름에 시원하고 딱 좋은 분위기같아요‘,분위기 미친 맛집 EXCLAM 여름에 시원하고 딱 좋은 분위기같아요,0,0,0,0,1,0,0,32,분위기
kakao,쭌곱창,최원민,1.0,2025-03-15,,,너무 맛있고 양도 많고 분위기 최고입니다ㅠㅠ 꼭 오세요,30,True,5.0,5.0,브론즈 레벨,너무 맛있고 양도 많고 분위기 최고입니다ㅠㅠ 꼭 오세요,너무 맛있고 양도 많고 분위기 최고입니다 꼭 오세요,0,0,0,1,0,0,0,30,분위기
naver,락희옥 마포본점,Summer Greens,1002.0,2026.03.29,1번째 방문,영수증,친구들 점심 모임으로 예약후 이용. 낮부터 술 마실 수 있는 곳이라 밥값이라기보다 안주 값임. 맛은 괜찮았고 가격대비 양은 조금 적은 느낌. 식사만 하러가긴 좀 그렇고 술 좋아하는 사람은 괜찮을 듯. 친절하시고 깨끗함. 주차 편함.,129,True,,,,친구들 점심 모임으로 예약후 이용. 낮부터 술 마실 수 있는 곳이라 밥값이라기보다 안주 값임. 맛은 괜찮았고 가격대비 양은 조금 적은 느낌. 식사만 하러가긴 좀 그렇고 술 좋아하는 사람은 괜찮을 듯. 친절하시고 깨끗함. 주차 편함.,친구들 점심 모임으로 예약후 이용 낮부터 술 마실 수 있는 곳이라 밥값이라기보다 안주 값임 맛은 괜찮았고 가격대비 양은 조금 적은 느낌 식사만 하러가긴 좀 그렇고 술 좋아하는 사람은 괜찮을 듯 친절하시고 깨끗함 주차 편함,0,0,0,0,0,0,0,129,주차
kakao,홍대 조선시대,장진우,1.0,2026-03-08,,,분위기도 좋고 너무 맛있어용!!!,18,True,5.0,5.0,브론즈 레벨,분위기도 좋고 너무 맛있어용!!!,분위기도 좋고 너무 맛있어용 EXCLAM,0,0,0,0,1,0,0,18,분위기
kakao,이태리국시 성수,냥냥이,1.0,2026-04-26,,,제대로 퓨전 음식이였어요 메뉴가 다 새로워요 데이트 코스로 완전 추천드립니다,42,True,5.0,5.0,브론즈 레벨,제대로 퓨전 음식이였어요 메뉴가 다 새로워요 데이트 코스로 완전 추천드립니다,제대로 퓨전 음식이였어요 메뉴가 다 새로워요 데이트 코스로 완전 추천드립니다,0,0,0,0,0,0,0,42,데이트
kakao,이태리국시 성수,예소,1.0,2026-03-29,,,매장 너무 쾌적하고 좋아용 대창파스타가 별미면서 완전맛있어요 ㅠㅠ 오는 이유 대창파스타 하나로 설명가능해요 직원분도 친절하시구 재방문의사 또 있습니다~!,85,True,5.0,5.0,브론즈 레벨,매장 너무 쾌적하고 좋아용 대창파스타가 별미면서 완전맛있어요 ㅠㅠ 오는 이유 대창파스타 하나로 설명가능해요 직원분도 친절하시구 재방문의사 또 있습니다~!,매장 너무 쾌적하고 좋아용 대창파스타가 별미면서 완전맛있어요 오는 이유 대창파스타 하나로 설명가능해요 직원분도 친절하시구 재방문의사 또 있습니다 EXCLAM,0,0,0,1,1,0,0,85,"매장, 쾌적"
naver,육산장 홍대본점,han****,23.0,2026.02.07,1번째 방문,영수증,육산장 네이버리뷰보고 너무 맛나보여서 첫방문 해봤는데 분위기도 너무 좋고 아늑했어요!ㅎㅎ 진짜 글램핑 온 기분😊 우대갈비도 너무 맛있었고 무엇보다 여기 특제소스랑 같이 찍어먹으니까 정막 너무 맛있었습니다🫶🫶 여행 온 기분나고 음식도 너무 맛나고 다음에도 또 방문할께요😉😉,151,True,,,,육산장 네이버리뷰보고 너무 맛나보여서 첫방문 해봤는데 분위기도 너무 좋고 아늑했어요!ㅎㅎ 진짜 글램핑 온 기분😊 우대갈비도 너무 맛있었고 무엇보다 여기 특제소스랑 같이 찍어먹으니까 정막 너무 맛있었습니다🫶🫶 여행 온 기분나고 음식도 너무 맛나고 다음에도 또 방문할께요😉😉,육산장 네이버리뷰보고 너무 맛나보여서 첫방문 해봤는데 분위기도 너무 좋고 아늑했어요 EXCLAM 진짜 글램핑 온 기분 EMO_POS 우대갈비도 너무 맛있었고 무엇보다 여기 특제소스랑 같이 찍어먹으니까 정막 너무 맛있었습니다 여행 온 기분나고 음식도 너무 맛나고 다음에도 또 방문할께요,1,0,0,0,1,0,0,151,분위기
naver,장인닭갈비 홍대점,mic****,4.0,2026.01.15,1번째 방문,영수증,물도정성껏 관리해서 고기도 신선하고 정말 맛있었어요. 양념이 너무 자극적이지 않아서 끝까지 맛있게 먹었어요. 닭고기 양도 푸짐해서 가성비가 좋았습니다. 사장님도 친절하시고 분위기도 편안했어요. 다음에 또 닭갈비 생각나면 재방문할게요 😊,131,False,,,,물도정성껏 관리해서 고기도 신선하고 정말 맛있었어요. 양념이 너무 자극적이지 않아서 끝까지 맛있게 먹었어요. 닭고기 양도 푸짐해서 가성비가 좋았습니다. 사장님도 친절하시고 분위기도 편안했어요. 다음에 또 닭갈비 생각나면 재방문할게요 😊,물도정성껏 관리해서 고기도 신선하고 정말 맛있었어요 양념이 너무 자극적이지 않아서 끝까지 맛있게 먹었어요 닭고기 양도 푸짐해서 가성비가 좋았습니다 사장님도 친절하시고 분위기도 편안했어요 다음에 또 닭갈비 생각나면 재방문할게요 EMO_POS,1,0,0,0,0,0,0,131,분위기
kakao,소문난성수감자탕,고양이캔따개,2.0,2025-09-15,,,"주말 11시쯤 방문했고요. 웨이팅 꽤 있었으나 일행이랑 다 같이 있었어서 운좋게 바로 입장했습니다. (일행 다 안왔으면 뒷사람한테 차례 넘어가니까 참고하세요) 들어가면 앉기도 전에 뭐시킬거냐고 물어보니까 입장하기 전에 메뉴 미리 정하는거 추천합니다. 조금이라도 고민하면 옆에서 재촉하세요. 아무래도 바쁜 매장 답게 준비를 잘해놨는지 시키면 거의 바로 나오긴하는데 저희보다 늦게 주문한 테이블이 먼저 나왔습니다. 이건 뭐 주방내부의 순서가 있을 수 있으니 이해합니다. 맛도 꽤 괜찮긴 했습니다. 평소에 담백하게 먹는거 즐기는 사람들은 맛있게 먹을 것 같고, 자극적이게 먹는 사람들은 밍밍하다고 생각 할 것 같아요. 하지만 오래 웨이팅 하면서까지 먹을 맛은 아닌 것 같아요. 그리고 서비스가 조금 불만족스러웠습니다. 일단 자리에 제대로 앉기도 전에 주문부터 하라는 것도 싫었고요. 결정적으로 중간에 필요한게 있거나 추가 주문하려고해도 직원분들 부르는게 너무 어렵습니다. 테이블에 벨이 있지만 벨을 눌러도 테이블 번호 나오는 기계를 쳐다보지도 않으십니다. 그래서 벨을 세네번씩 누르거나 직접 말로 불러야합니다. 그리고 불러도 테이블로 오지 않습니다. 포스기 앞에서 뭐 필요하냐고 물어봅니다. 저도 식당일을 해봤고 바빠서 그런거 이해합니다만.... 그래도 서비스 측에서 불편함을 느끼게 되는건 어쩔 수 없네요.",673,False,3.0,3.5,브론즈 레벨,"주말 11시쯤 방문했고요. 웨이팅 꽤 있었으나 일행이랑 다 같이 있었어서 운좋게 바로 입장했습니다. (일행 다 안왔으면 뒷사람한테 차례 넘어가니까 참고하세요) 들어가면 앉기도 전에 뭐시킬거냐고 물어보니까 입장하기 전에 메뉴 미리 정하는거 추천합니다. 조금이라도 고민하면 옆에서 재촉하세요. 아무래도 바쁜 매장 답게 준비를 잘해놨는지 시키면 거의 바로 나오긴하는데 저희보다 늦게 주문한 테이블이 먼저 나왔습니다. 이건 뭐 주방내부의 순서가 있을 수 있으니 이해합니다. 맛도 꽤 괜찮긴 했습니다. 평소에 담백하게 먹는거 즐기는 사람들은 맛있게 먹을 것 같고, 자극적이게 먹는 사람들은 밍밍하다고 생각 할 것 같아요. 하지만 오래 웨이팅 하면서까지 먹을 맛은 아닌 것 같아요. 그리고 서비스가 조금 불만족스러웠습니다. 일단 자리에 제대로 앉기도 전에 주문부터 하라는 것도 싫었고요. 결정적으로 중간에 필요한게 있거나 추가 주문하려고해도 직원분들 부르는게 너무 어렵습니다. 테이블에 벨이 있지만 벨을 눌러도 테이블 번호 나오는 기계를 쳐다보지도 않으십니다. 그래서 벨을 세네번씩 누르거나 직접 말로 불러야합니다. 그리고 불러도 테이블로 오지 않습니다. 포스기 앞에서 뭐 필요하냐고 물어봅니다. 저도 식당일을 해봤고 바빠서 그런거 이해합니다만.... 그래도 서비스 측에서 불편함을 느끼게 되는건 어쩔 수 없네요.",주말 11시쯤 방문했고요 웨이팅 꽤 있었으나 일행이랑 다 같이 있었어서 운좋게 바로 입장했습니다 일행 다 안왔으면 뒷사람한테 차례 넘어가니까 참고하세요 들어가면 앉기도 전에 뭐시킬거냐고 물어보니까 입장하기 전에 메뉴 미리 정하는거 추천합니다 조금이라도 고민하면 옆에서 재촉하세요 아무래도 바쁜 매장 답게 준비를 잘해놨는지 시키면 거의 바로 나오긴하는데 저희보다 늦게 주문한 테이블이 먼저 나왔습니다 이건 뭐 주방내부의 순서가 있을 수 있으니 이해합니다 맛도 꽤 괜찮긴 했습니다 평소에 담백하게 먹는거 즐기는 사람들은 맛있게 먹을 것 같고 자극적이게 먹는 사람들은 밍밍하다고 생각 할 것 같아요 하지만 오래 웨이팅 하면서까지 먹을 맛은 아닌 것 같아요 그리고 서비스가 조금 불만족스러웠습니다 일단 자리에 제대로 앉기도 전에 주문부터 하라는 것도 싫었고요 결정적으로 중간에 필요한게 있거나 추가 주문하려고해도 직원분들 부르는게 너무 어렵습니다 테이블에 벨이 있지만 벨을 눌러도 테이블 번호 나오는 기계를 쳐다보지도 않으십니다 그래서 벨을 세네번씩 누르거나 직접 말로 불러야합니다 그리고 불러도 테이블로 오지 않습니다 포스기 앞에서 뭐 필요하냐고 물어봅니다 저도 식당일을 해봤고 바빠서 그런거 이해합니다만 그래도 서비스 측에서 불편함을 느끼게 되는건 어쩔 수 없네요,0,0,0,0,0,0,1,673,"매장, 내부, 자리, 테이블"
naver,태양곱창 성수점,후후8764,30.0,2026.04.13,1번째 방문,영수증,항상 사람 많아서 못 먹었는데 친구랑 지나가다가 마침 자리 있어서 바로 들어왔어요!!! 잡내도 안 나고 곱창도 부드러워서 친구랑 마싯게 먹었어요 콘치즈도 추천합니도 💕💕💕,95,True,,,,항상 사람 많아서 못 먹었는데 친구랑 지나가다가 마침 자리 있어서 바로 들어왔어요!!! 잡내도 안 나고 곱창도 부드러워서 친구랑 마싯게 먹었어요 콘치즈도 추천합니도 💕💕💕,항상 사람 많아서 못 먹었는데 친구랑 지나가다가 마침 자리 있어서 바로 들어왔어요 EXCLAM 잡내도 안 나고 곱창도 부드러워서 친구랑 마싯게 먹었어요 콘치즈도 추천합니도 EMO_POS EMO_POS EMO_POS,1,0,0,0,1,0,0,95,자리
kakao,홍대 조선시대,송은열,1.0,2026-02-27,,,분위기도 좋고 좋은사람과 좋은시간 보낼수있어 좋았습니다!!,32,False,5.0,5.0,브론즈 레벨,분위기도 좋고 좋은사람과 좋은시간 보낼수있어 좋았습니다!!,분위기도 좋고 좋은사람과 좋은시간 보낼수있어 좋았습니다 EXCLAM,0,0,0,0,1,0,0,32,분위기
kakao,각시보쌈,금나비,1736.0,2026-03-10,,,"적당한 식감의 맛과 퀄리티를 모두 갖춘 가브리살 보쌈정식은 웨이팅도 기꺼이 감내하는 최고의 가성비를 뽐낸다. □ 보쌈정식 인당 10,500원 ■ 주차불가",85,True,4.0,3.6,퍼플 레벨,"적당한 식감의 맛과 퀄리티를 모두 갖춘 가브리살 보쌈정식은 웨이팅도 기꺼이 감내하는 최고의 가성비를 뽐낸다. □ 보쌈정식 인당 10,500원 ■ 주차불가",적당한 식감의 맛과 퀄리티를 모두 갖춘 가브리살 보쌈정식은 웨이팅도 기꺼이 감내하는 최고의 가성비를 뽐낸다 보쌈정식 인당 10 500원 주차불가,0,0,0,0,0,0,1,85,주차
naver,능동미나리 성수지점,tel****,109.0,2025.10.17,1번째 방문,영수증,리뷰 쓰면서 또 생각나는 맛입니다. 석박지가 다 했어요 와! 👍🏻👍🏻 곱창전골 딱 소주를 부르는 맛이고 엄청 바쁘고 손님들 많은데 직원분들이 다 친절해서 더 좋아요. 매장이 엄청 춥고 시끄러운데 회전이 빨라요. 또 먹으러 올게요.,128,True,,,,리뷰 쓰면서 또 생각나는 맛입니다. 석박지가 다 했어요 와! 👍🏻👍🏻 곱창전골 딱 소주를 부르는 맛이고 엄청 바쁘고 손님들 많은데 직원분들이 다 친절해서 더 좋아요. 매장이 엄청 춥고 시끄러운데 회전이 빨라요. 또 먹으러 올게요.,리뷰 쓰면서 또 생각나는 맛입니다 석박지가 다 했어요 와 EXCLAM EMO_POS EMO_POS 곱창전골 딱 소주를 부르는 맛이고 엄청 바쁘고 손님들 많은데 직원분들이 다 친절해서 더 좋아요 매장이 엄청 춥고 시끄러운데 회전이 빨라요 또 먹으러 올게요,1,0,0,0,1,0,0,128,매장
kakao,홍대 조선시대,오정현,1.0,2026-01-21,,,사장님이 친절하고 가게가 넓어요 단체 회식하기 좋아요,29,True,5.0,5.0,브론즈 레벨,사장님이 친절하고 가게가 넓어요 단체 회식하기 좋아요,사장님이 친절하고 가게가 넓어요 단체 회식하기 좋아요,0,0,0,0,0,0,0,29,넓
naver,할머니의 레시피,Fantastic Cu,152.0,2025.10.30,1번째 방문,영수증,"전반적으로 음식 간이 적당하고 깔끔한 맛이예요! 비빔밥불고기정식, 한우떡갈비정식 주문했는데 한우떡갈비 타지않게 조리되어 맛있어요! 불고기는 일부분 겉이 타게 조리되어 아쉬워요!",98,True,,,,"전반적으로 음식 간이 적당하고 깔끔한 맛이예요! 비빔밥불고기정식, 한우떡갈비정식 주문했는데 한우떡갈비 타지않게 조리되어 맛있어요! 불고기는 일부분 겉이 타게 조리되어 아쉬워요!",전반적으로 음식 간이 적당하고 깔끔한 맛이예요 EXCLAM 비빔밥불고기정식 한우떡갈비정식 주문했는데 한우떡갈비 타지않게 조리되어 맛있어요 EXCLAM 불고기는 일부분 겉이 타게 조리되어 아쉬워요 EXCLAM,0,0,0,0,1,0,0,98,깔끔
naver,락희옥 마포본점,준호88,23.0,2025.08.31,1번째 방문,영수증,여러 메뉴를 다양하게 먹을 수 있어서 좋아요 그리고 뭐 하나 부족함없이 모든 음식이 퀄이 좋고 깔끔하고 맛있었습니다. 잘먹었습니다!,73,True,,,,여러 메뉴를 다양하게 먹을 수 있어서 좋아요 그리고 뭐 하나 부족함없이 모든 음식이 퀄이 좋고 깔끔하고 맛있었습니다. 잘먹었습니다!,여러 메뉴를 다양하게 먹을 수 있어서 좋아요 그리고 뭐 하나 부족함없이 모든 음식이 퀄이 좋고 깔끔하고 맛있었습니다 잘먹었습니다 EXCLAM,0,0,0,0,1,0,0,73,깔끔
kakao,락희옥 마포본점,등촌댁,5.0,2025-03-29,,,원래 종로 지하에 있을때 종종 갔었는데 마포본점은 처음 와봐요~ 오랜만에 김치말이 국수도 먹고 싶었는데 잘 먹었습니다 분위기도 너무 좋고 친절하시고 맛있기도 해서 친구들과 모임장소로 딱좋아요!!,108,False,5.0,4.2,브론즈 레벨,원래 종로 지하에 있을때 종종 갔었는데 마포본점은 처음 와봐요~ 오랜만에 김치말이 국수도 먹고 싶었는데 잘 먹었습니다 분위기도 너무 좋고 친절하시고 맛있기도 해서 친구들과 모임장소로 딱좋아요!!,원래 종로 지하에 있을때 종종 갔었는데 마포본점은 처음 와봐요 오랜만에 김치말이 국수도 먹고 싶었는데 잘 먹었습니다 분위기도 너무 좋고 친절하시고 맛있기도 해서 친구들과 모임장소로 딱좋아요 EXCLAM,0,0,0,0,1,0,0,108,분위기
kakao,뼈탄집 성수역점,ㄱ손유진,1.0,2026-03-08,,,N차 방문한 뼈탄집!! 고기도 맛있고 구워줘서 더 좋아요ㅎㅎ 데이트로도 좋고 단체모임으로도 좋아서 언제나 방문가능ㅎㅎ 고기 땡기거나 회식 장소 찾고 있으면 추천해요🥰,92,True,5.0,5.0,브론즈 레벨,N차 방문한 뼈탄집!! 고기도 맛있고 구워줘서 더 좋아요ㅎㅎ 데이트로도 좋고 단체모임으로도 좋아서 언제나 방문가능ㅎㅎ 고기 땡기거나 회식 장소 찾고 있으면 추천해요🥰,N차 방문한 뼈탄집 EXCLAM 고기도 맛있고 구워줘서 더 좋아요 데이트로도 좋고 단체모임으로도 좋아서 언제나 방문가능 고기 땡기거나 회식 장소 찾고 있으면 추천해요 EMO_POS,1,0,0,0,1,0,0,92,데이트
naver,조선시대,sideaa,9.0,2026.04.25,1번째 방문,영수증,분위기가 너무 좋아요!! 다음에 또 오겠습니다 :),28,True,,,,분위기가 너무 좋아요!! 다음에 또 오겠습니다 :),분위기가 너무 좋아요 EXCLAM 다음에 또 오겠습니다,0,0,0,0,1,0,0,28,분위기
naver,장인닭갈비 홍대점,평강시온,48.0,2025.11.25,1번째 방문,영수증,"뭐 먹을까? 여기저기 식당 찾아 걷다가 오랫만에 닭갈비! 양도 적당하고 야채와 함께 싸서 먹으니 건강 식사한 느낌 좁은 식탁과 식탁 사이, 만석,, 열심히 서빙 하는 알바생, 복작복작 분위기 너무 좋았고 맛집인거 인정. 거의 다 먹고 밥 볶아 먹어서 저녁은 패스.",147,True,,,,"뭐 먹을까? 여기저기 식당 찾아 걷다가 오랫만에 닭갈비! 양도 적당하고 야채와 함께 싸서 먹으니 건강 식사한 느낌 좁은 식탁과 식탁 사이, 만석,, 열심히 서빙 하는 알바생, 복작복작 분위기 너무 좋았고 맛집인거 인정. 거의 다 먹고 밥 볶아 먹어서 저녁은 패스.",뭐 먹을까 QUESTION 여기저기 식당 찾아 걷다가 오랫만에 닭갈비 EXCLAM 양도 적당하고 야채와 함께 싸서 먹으니 건강 식사한 느낌 좁은 식탁과 식탁 사이 만석 열심히 서빙 하는 알바생 복작복작 분위기 너무 좋았고 맛집인거 인정 거의 다 먹고 밥 볶아 먹어서 저녁은 패스,0,0,0,0,1,1,0,147,"분위기, 좁"
naver,락희옥 마포본점,수민1192,78.0,2025.11.23,2번째 방문,영수증,집앞에 수요미식회 맛집이라 보쌈 먹으러 가져 오는데요 너무 맛있어요. 여기 점심 메뉴도 훌륭하고 마포 주민 분들 너무 추천 드립니다. 분위기도 좋아요.🩷🩷맨날 오고 싶어요.🫧,97,True,,,,집앞에 수요미식회 맛집이라 보쌈 먹으러 가져 오는데요 너무 맛있어요. 여기 점심 메뉴도 훌륭하고 마포 주민 분들 너무 추천 드립니다. 분위기도 좋아요.🩷🩷맨날 오고 싶어요.🫧,집앞에 수요미식회 맛집이라 보쌈 먹으러 가져 오는데요 너무 맛있어요 여기 점심 메뉴도 훌륭하고 마포 주민 분들 너무 추천 드립니다 분위기도 좋아요 맨날 오고 싶어요,0,0,0,0,0,0,0,97,분위기
naver,마포양지설렁탕,아미스트,869.0,2025.12.16,1번째 방문,영수증,바로 옆에 이디야커피숍 있으니 후식으로 먹기도 좋구요. 양지설렁탕이야 워낙 오래되고 맛있는 곳 이라. 한자리에서 30년 이상이라 믿고 먹는곳 이지요,82,True,,,,바로 옆에 이디야커피숍 있으니 후식으로 먹기도 좋구요. 양지설렁탕이야 워낙 오래되고 맛있는 곳 이라. 한자리에서 30년 이상이라 믿고 먹는곳 이지요,바로 옆에 이디야커피숍 있으니 후식으로 먹기도 좋구요 양지설렁탕이야 워낙 오래되고 맛있는 곳 이라 한자리에서 30년 이상이라 믿고 먹는곳 이지요,0,0,0,0,0,0,1,82,자리
naver,소문난성수감자탕,EG01ST 꼬맹이,1535.0,2026.03.01,2번째 방문,영수증,이른 아침 식사겸 다녀온 성수감자탕 감자탕中 주문했고 어른 셋이서 딱 좋은 양으로 맛있게 먹었어요 감자도 파근파근 맛있고 뼈에 살도 많아 발골하며 먹는 재미도 있어요 국물도 끓여질수록 진득하고 공기밥 말아 맛있게 먹었어요 이른 아침 혼밥러 분들 많고 포장 손님도 많고 성수에서 든든한 한끼 먹기 좋은곳 이에요 단 점심에는 웨이팅 주의!,187,True,,,,이른 아침 식사겸 다녀온 성수감자탕 감자탕中 주문했고 어른 셋이서 딱 좋은 양으로 맛있게 먹었어요 감자도 파근파근 맛있고 뼈에 살도 많아 발골하며 먹는 재미도 있어요 국물도 끓여질수록 진득하고 공기밥 말아 맛있게 먹었어요 이른 아침 혼밥러 분들 많고 포장 손님도 많고 성수에서 든든한 한끼 먹기 좋은곳 이에요 단 점심에는 웨이팅 주의!,이른 아침 식사겸 다녀온 성수감자탕 감자탕 주문했고 어른 셋이서 딱 좋은 양으로 맛있게 먹었어요 감자도 파근파근 맛있고 뼈에 살도 많아 발골하며 먹는 재미도 있어요 국물도 끓여질수록 진득하고 공기밥 말아 맛있게 먹었어요 이른 아침 혼밥러 분들 많고 포장 손님도 많고 성수에서 든든한 한끼 먹기 좋은곳 이에요 단 점심에는 웨이팅 주의 EXCLAM,0,0,0,0,1,0,0,187,혼밥
naver,홍대 육지,민석2570,17.0,2026.04.29,1번째 방문,영수증,이렇게 힙한 고깃집 처음 와봐요!! 너무 맛있고 인테리어가 정말 멋져요👍👍,41,True,,,,이렇게 힙한 고깃집 처음 와봐요!! 너무 맛있고 인테리어가 정말 멋져요👍👍,이렇게 힙한 고깃집 처음 와봐요 EXCLAM 너무 맛있고 인테리어가 정말 멋져요 EMO_POS EMO_POS,1,0,0,0,1,0,0,41,인테리어
kakao,할머니의레시피,Jun3am,2.0,2025-03-28,,,방문시기는 작년 9월말쯤.. 사장같은 남자?분 되게 불친절했던거로 기억. 좁디좁은 2인석에 쟁반한가득 식사내놓아서 너무 좁으니 방금 자리 난 4인석 앉겠다했는데 다른 2인팀들 4인석에 떡하니 잘 앉혀놓고 그건 안된다해서 어이가없었음. 결국 다시한번 요청하니 똥씹은 표정으로 그렇게 하면 다른분들도 다 바꿔줘야해서 안된다고 꼽주다 선심쓰듯 바꿔주고.. 아니 그러면 테이블 수 채우려고 아득바득 작은 테이블 두지말고 넉넉히 큰 테이블을 놨어야지 왜 그런 말도안되는 원칙을 정해놓고 손님보고 강요를하는지? 돈욕심 버리고 손님을 위한 식당을 만드세요,303,True,1.0,3.0,브론즈 레벨,방문시기는 작년 9월말쯤.. 사장같은 남자?분 되게 불친절했던거로 기억. 좁디좁은 2인석에 쟁반한가득 식사내놓아서 너무 좁으니 방금 자리 난 4인석 앉겠다했는데 다른 2인팀들 4인석에 떡하니 잘 앉혀놓고 그건 안된다해서 어이가없었음. 결국 다시한번 요청하니 똥씹은 표정으로 그렇게 하면 다른분들도 다 바꿔줘야해서 안된다고 꼽주다 선심쓰듯 바꿔주고.. 아니 그러면 테이블 수 채우려고 아득바득 작은 테이블 두지말고 넉넉히 큰 테이블을 놨어야지 왜 그런 말도안되는 원칙을 정해놓고 손님보고 강요를하는지? 돈욕심 버리고 손님을 위한 식당을 만드세요,방문시기는 작년 9월말쯤 사장같은 남자 QUESTION 분 되게 불친절했던거로 기억 좁디좁은 2인석에 쟁반한가득 식사내놓아서 너무 좁으니 방금 자리 난 4인석 앉겠다했는데 다른 2인팀들 4인석에 떡하니 잘 앉혀놓고 그건 안된다해서 어이가없었음 결국 다시한번 요청하니 똥씹은 표정으로 그렇게 하면 다른분들도 다 바꿔줘야해서 안된다고 꼽주다 선심쓰듯 바꿔주고 아니 그러면 테이블 수 채우려고 아득바득 작은 테이블 두지말고 넉넉히 큰 테이블을 놨어야지 왜 그런 말도안되는 원칙을 정해놓고 손님보고 강요를하는지 QUESTION 돈욕심 버리고 손님을 위한 식당을 만드세요,0,0,0,0,0,1,1,303,"자리, 테이블, 좁"
naver,락희옥 마포본점,dad****,57.0,2025.11.19,2번째 방문,영수증,2틀만에 다시찾게된곳이예요 모임에서 방문한곳인데 남편이랑같이왔어요. 음식이 정갈하고 깔끔하고 맛있네요!,57,True,,,,2틀만에 다시찾게된곳이예요 모임에서 방문한곳인데 남편이랑같이왔어요. 음식이 정갈하고 깔끔하고 맛있네요!,2틀만에 다시찾게된곳이예요 모임에서 방문한곳인데 남편이랑같이왔어요 음식이 정갈하고 깔끔하고 맛있네요 EXCLAM,0,0,0,0,1,0,1,57,깔끔
kakao,금금,아,54.0,2025-01-28,,,닭곰탕에서 닭냄새 많이나고 다른 국수류는 평타 공간 비좁아 테이블 없어서 기다리는거지 맛있어서 기다리는 곳은 아님. 기다리며 먹을 곳은 아님. 감자전은 간 부족. 서버는 불친절 한 편. 지나다가 사람 없으면 들어가서 먹을만한 곳 그 이상도 이하도 아님. 구지 장점을 찾자면 음식사진은 잘 나옴. 사진과 맛은 별개니 참고할 것.,182,False,2.0,3.1,실버 레벨,닭곰탕에서 닭냄새 많이나고 다른 국수류는 평타 공간 비좁아 테이블 없어서 기다리는거지 맛있어서 기다리는 곳은 아님. 기다리며 먹을 곳은 아님. 감자전은 간 부족. 서버는 불친절 한 편. 지나다가 사람 없으면 들어가서 먹을만한 곳 그 이상도 이하도 아님. 구지 장점을 찾자면 음식사진은 잘 나옴. 사진과 맛은 별개니 참고할 것.,닭곰탕에서 닭냄새 많이나고 다른 국수류는 평타 공간 비좁아 테이블 없어서 기다리는거지 맛있어서 기다리는 곳은 아님 기다리며 먹을 곳은 아님 감자전은 간 부족 서버는 불친절 한 편 지나다가 사람 없으면 들어가서 먹을만한 곳 그 이상도 이하도 아님 구지 장점을 찾자면 음식사진은 잘 나옴 사진과 맛은 별개니 참고할 것,0,0,0,0,0,0,0,182,"공간, 테이블, 좁"
naver,육산장 홍대본점,푸름이77,17.0,2026.03.28,1번째 방문,영수증,도심 속 캠핑온거 같은 분위기에 힐링하고 갑니다!!🤍 주말 저녁에 방문했는데 웨이팅 없이 바로 입장했어요!홍대 오면 또 방문할게요! 💖,75,True,,,,도심 속 캠핑온거 같은 분위기에 힐링하고 갑니다!!🤍 주말 저녁에 방문했는데 웨이팅 없이 바로 입장했어요!홍대 오면 또 방문할게요! 💖,도심 속 캠핑온거 같은 분위기에 힐링하고 갑니다 EXCLAM EMO_POS 주말 저녁에 방문했는데 웨이팅 없이 바로 입장했어요 EXCLAM 홍대 오면 또 방문할게요 EXCLAM EMO_POS,1,0,0,0,1,0,0,75,분위기
naver,각시보쌈,미세스 장,52.0,2026.02.02,1번째 방문,영수증,여기는 예약 안되어요 예약이 안되지만 인원수 많으면 미리 꼭 연락해보시고 가셔야 음식 떨어지지 않았는지(?!)알고 허탕치지 않고 갈 수 있습니다~ 맛집이어서 갈때마다 늘 사람 많았어요 점심 바쁜시간 살짝 지나서 가니 다행히 자리가 있어서 기다리지 않고 들어갔고 음식도 빨리 나왔어요. 이가격에 이런 밥상이라니~ 오래오래 번창하세요,184,True,,,,여기는 예약 안되어요 예약이 안되지만 인원수 많으면 미리 꼭 연락해보시고 가셔야 음식 떨어지지 않았는지(?!)알고 허탕치지 않고 갈 수 있습니다~ 맛집이어서 갈때마다 늘 사람 많았어요 점심 바쁜시간 살짝 지나서 가니 다행히 자리가 있어서 기다리지 않고 들어갔고 음식도 빨리 나왔어요. 이가격에 이런 밥상이라니~ 오래오래 번창하세요,여기는 예약 안되어요 예약이 안되지만 인원수 많으면 미리 꼭 연락해보시고 가셔야 음식 떨어지지 않았는지 QUESTION EXCLAM 알고 허탕치지 않고 갈 수 있습니다 맛집이어서 갈때마다 늘 사람 많았어요 점심 바쁜시간 살짝 지나서 가니 다행히 자리가 있어서 기다리지 않고 들어갔고 음식도 빨리 나왔어요 이가격에 이런 밥상이라니 오래오래 번창하세요,0,0,0,0,1,1,0,184,자리
kakao,육지,윤다송,1.0,2025-09-22,,,친구 생일 겸 오랜만에 고기 먹으러 왔는데 분위기가 좋고 직접 구워주셔서 좋아용!,45,True,5.0,5.0,브론즈 레벨,친구 생일 겸 오랜만에 고기 먹으러 왔는데 분위기가 좋고 직접 구워주셔서 좋아용!,친구 생일 겸 오랜만에 고기 먹으러 왔는데 분위기가 좋고 직접 구워주셔서 좋아용 EXCLAM,0,0,0,0,1,0,0,45,분위기
kakao,소문난성수감자탕,8irpods,33.0,2025-07-05,,,몇 년 전 서울 성수동에서 처음 식사를 여기서 했습니다. 그때도 부산에서 올라와 완전 새벽에 식사를 했었는데요. 카맵 평점과는 달리 맛있어서 놀랐습니다. 이번에 또 방문했어요. 웨이팅은 여전히 있더라고요. 특별한 맛은 아닙니다. 그렇지만 성수동의 물가를 생각했을 때 비싼 가격이 아니기에 올 때마다 자주 방문합니다. 경상도 입맛에는 딱이었어요. 매장이 너무 정신이 없는 게 가장 큰 단점. 주차 불가한 점도 단점. 한 번도 드셔보지지 않았다면 강추. 두 번 이상 방문이면 그냥 추천. 혼밥존도 있어요. 혼밥 하시는 분에게도 추천.,296,False,4.0,3.5,실버 레벨,몇 년 전 서울 성수동에서 처음 식사를 여기서 했습니다. 그때도 부산에서 올라와 완전 새벽에 식사를 했었는데요. 카맵 평점과는 달리 맛있어서 놀랐습니다. 이번에 또 방문했어요. 웨이팅은 여전히 있더라고요. 특별한 맛은 아닙니다. 그렇지만 성수동의 물가를 생각했을 때 비싼 가격이 아니기에 올 때마다 자주 방문합니다. 경상도 입맛에는 딱이었어요. 매장이 너무 정신이 없는 게 가장 큰 단점. 주차 불가한 점도 단점. 한 번도 드셔보지지 않았다면 강추. 두 번 이상 방문이면 그냥 추천. 혼밥존도 있어요. 혼밥 하시는 분에게도 추천.,몇 년 전 서울 성수동에서 처음 식사를 여기서 했습니다 그때도 부산에서 올라와 완전 새벽에 식사를 했었는데요 카맵 평점과는 달리 맛있어서 놀랐습니다 이번에 또 방문했어요 웨이팅은 여전히 있더라고요 특별한 맛은 아닙니다 그렇지만 성수동의 물가를 생각했을 때 비싼 가격이 아니기에 올 때마다 자주 방문합니다 경상도 입맛에는 딱이었어요 매장이 너무 정신이 없는 게 가장 큰 단점 주차 불가한 점도 단점 한 번도 드셔보지지 않았다면 강추 두 번 이상 방문이면 그냥 추천 혼밥존도 있어요 혼밥 하시는 분에게도 추천,0,0,0,0,0,0,0,296,"매장, 혼밥, 주차"
kakao,장인닭갈비 홍대점,카,36.0,2025-12-28,,,치즈와 사리 다양하게 추가해서 먹으니 좋았어요 소스도 입에 딱 맞았고 마지막 볶음밥 마무리까지 딱 깔끔!,58,False,5.0,5.0,실버 레벨,치즈와 사리 다양하게 추가해서 먹으니 좋았어요 소스도 입에 딱 맞았고 마지막 볶음밥 마무리까지 딱 깔끔!,치즈와 사리 다양하게 추가해서 먹으니 좋았어요 소스도 입에 딱 맞았고 마지막 볶음밥 마무리까지 딱 깔끔 EXCLAM,0,0,0,0,1,0,0,58,깔끔
naver,보끔당 성수점,Zzzzzxxxxxxxccccccvv77,131.0,2026.03.23,1번째 방문,영수증,매장 청결하구 혼밥하기도 좋아욤!!! 저는 순살 보끔당 먹었어요,35,True,,,,매장 청결하구 혼밥하기도 좋아욤!!! 저는 순살 보끔당 먹었어요,매장 청결하구 혼밥하기도 좋아욤 EXCLAM 저는 순살 보끔당 먹었어요,0,0,0,0,1,0,0,35,"매장, 청결, 혼밥"
naver,을밀대 평양냉면,홍그래,33.0,2025.08.02,1번째 방문,예약,누구나 알만한 깔끔하고 고소한 맛의 평양냉면 녹두전은 바삭해서 맛있음,38,True,,,,누구나 알만한 깔끔하고 고소한 맛의 평양냉면 녹두전은 바삭해서 맛있음,누구나 알만한 깔끔하고 고소한 맛의 평양냉면 녹두전은 바삭해서 맛있음,0,0,0,0,0,0,0,38,깔끔
naver,장인닭갈비 홍대점,dlatmfr7715,136.0,2026.04.13,1번째 방문,영수증,너무 맛있어요 처음 와봤는데 너무 맛있고 직원분들 너무 친절하고 매장도 쾌적하고 좋아요 닭갈비 순한맛으로 먹었는데 너무 맛있어요 ㅎㅎ,74,True,,,,너무 맛있어요 처음 와봤는데 너무 맛있고 직원분들 너무 친절하고 매장도 쾌적하고 좋아요 닭갈비 순한맛으로 먹었는데 너무 맛있어요 ㅎㅎ,너무 맛있어요 처음 와봤는데 너무 맛있고 직원분들 너무 친절하고 매장도 쾌적하고 좋아요 닭갈비 순한맛으로 먹었는데 너무 맛있어요,0,0,0,0,0,0,0,74,"매장, 쾌적"
kakao,을밀대 본점,평타위로만후기남김,112.0,2025-06-23,,,개인평 : 5점만점 맛 ⭐⭐️⭐️⭐️⭐️ 분위기 ⭐️⭐️⭐️ 서비스 ⭐️⭐️ 평냉 입문하게 제에에일 무난한 곳임. 나도 여기서 입문함!!! 육수 간이 평냉집들 중 가장 쎈듯. 매해 여름마다 4번씩은 간다!!! 아 여기 녹두전 되게 맛있는데... 너무 비싸🥺,143,True,5.0,3.9,골드 레벨,개인평 : 5점만점 맛 ⭐⭐️⭐️⭐️⭐️ 분위기 ⭐️⭐️⭐️ 서비스 ⭐️⭐️ 평냉 입문하게 제에에일 무난한 곳임. 나도 여기서 입문함!!! 육수 간이 평냉집들 중 가장 쎈듯. 매해 여름마다 4번씩은 간다!!! 아 여기 녹두전 되게 맛있는데... 너무 비싸🥺,개인평 5점만점 맛 분위기 서비스 평냉 입문하게 제에에일 무난한 곳임 나도 여기서 입문함 EXCLAM 육수 간이 평냉집들 중 가장 쎈듯 매해 여름마다 4번씩은 간다 EXCLAM 아 여기 녹두전 되게 맛있는데 너무 비싸,0,0,0,0,1,0,1,143,분위기
naver,육산장 홍대본점,yvu,4.0,2026.04.17,1번째 방문,영수증,야장하고 싶어서 검색해서 왔는데 분위기 너무 좋아요 ㅎㅎ 맛있고 깔끔해서 좋네요:)😃🤍,48,True,,,,야장하고 싶어서 검색해서 왔는데 분위기 너무 좋아요 ㅎㅎ 맛있고 깔끔해서 좋네요:)😃🤍,야장하고 싶어서 검색해서 왔는데 분위기 너무 좋아요 맛있고 깔끔해서 좋네요 EMO_POS EMO_POS,1,0,0,0,0,0,0,48,"분위기, 깔끔"
naver,뼈탄집 성수역점,bri****,19.0,2026.04.06,1번째 방문,영수증,"진짜 너무너무 맛있어요 이런 곳을 왜 이제야 알았는지 후회될 정도로ㅜㅜ 고기 질도 너무 좋고요. 일단 저희가 들어갈때 만석이라 첫번째로 웨이팅 했는데, 웨이팅 끝나고 들어올때 사장님께서 감사하다면서 너무 깍듯하게 안내해주시더라고요. 거기서부터 진짜 감동 백배… 감동 먹고 들어왔는데 매장 안은 청결하고 직원들도 전부 친절하시고 서비스 최고구요. 맛은 더 난리에요 같이 나온 기본찬들이 말이 안될 정도로 고기랑 찰떡이고, 고기도 정말 질이 좋아서 입에 넣자마자 “헉. 지금까지 먹어본 삼겹살 집 중 최고다.” 했는데 사이드메뉴들도 너무너무너무 맛있어요 단골 확정입니다 ㅎㅎ 이런 리뷰도 잘 안남기고 사실 웨이팅도 안하는 귀차니즘인데, 여긴 마음을 감동시키고 움직이는 가게네요…. 감사합니다 오래 계셔주세요",393,True,,,,"진짜 너무너무 맛있어요 이런 곳을 왜 이제야 알았는지 후회될 정도로ㅜㅜ 고기 질도 너무 좋고요. 일단 저희가 들어갈때 만석이라 첫번째로 웨이팅 했는데, 웨이팅 끝나고 들어올때 사장님께서 감사하다면서 너무 깍듯하게 안내해주시더라고요. 거기서부터 진짜 감동 백배… 감동 먹고 들어왔는데 매장 안은 청결하고 직원들도 전부 친절하시고 서비스 최고구요. 맛은 더 난리에요 같이 나온 기본찬들이 말이 안될 정도로 고기랑 찰떡이고, 고기도 정말 질이 좋아서 입에 넣자마자 “헉. 지금까지 먹어본 삼겹살 집 중 최고다.” 했는데 사이드메뉴들도 너무너무너무 맛있어요 단골 확정입니다 ㅎㅎ 이런 리뷰도 잘 안남기고 사실 웨이팅도 안하는 귀차니즘인데, 여긴 마음을 감동시키고 움직이는 가게네요…. 감사합니다 오래 계셔주세요",진짜 너무너무 맛있어요 이런 곳을 왜 이제야 알았는지 후회될 정도로 고기 질도 너무 좋고요 일단 저희가 들어갈때 만석이라 첫번째로 웨이팅 했는데 웨이팅 끝나고 들어올때 사장님께서 감사하다면서 너무 깍듯하게 안내해주시더라고요 거기서부터 진짜 감동 백배 감동 먹고 들어왔는데 매장 안은 청결하고 직원들도 전부 친절하시고 서비스 최고구요 맛은 더 난리에요 같이 나온 기본찬들이 말이 안될 정도로 고기랑 찰떡이고 고기도 정말 질이 좋아서 입에 넣자마자 헉 지금까지 먹어본 삼겹살 집 중 최고다 했는데 사이드메뉴들도 너무너무너무 맛있어요 단골 확정입니다 이런 리뷰도 잘 안남기고 사실 웨이팅도 안하는 귀차니즘인데 여긴 마음을 감동시키고 움직이는 가게네요 감사합니다 오래 계셔주세요,0,0,0,1,0,0,0,393,"매장, 청결"
kakao,훼미리손칼국수보쌈,1122,169.0,2025-12-29,,,항상 줄이 긴 성수동 맛집 훼미리손칼국수보쌈에 다녀왔습니다. 평일 점심은 오픈 시간인 11시반쯤에 이미 자리가 다 찹니다. 줄 안서시려면 11시 20분쯤에 가시면 될 것 같아요. 전 보쌈정식 시켜봤습니다. 보쌈 양이 적지 않은데 칼국수까지 나옵니다. 보쌈정식 가격이 15000원 으로 저렴하진 않지만 칼국수까지 나오는걸 고려하면 가성비가 나쁘지 않습니다. 칼국수를 줘서 그런지 밥 양이 적은 점은 아쉬웠네요. 보쌈은 야들야들하고 김치도 맛있었습니다. 오래 기다릴 정도의 맛집은 아니라고 생각하지만 한번쯤 가볼만한 식당입니다.,293,True,4.0,4.4,골드 레벨,항상 줄이 긴 성수동 맛집 훼미리손칼국수보쌈에 다녀왔습니다. 평일 점심은 오픈 시간인 11시반쯤에 이미 자리가 다 찹니다. 줄 안서시려면 11시 20분쯤에 가시면 될 것 같아요. 전 보쌈정식 시켜봤습니다. 보쌈 양이 적지 않은데 칼국수까지 나옵니다. 보쌈정식 가격이 15000원 으로 저렴하진 않지만 칼국수까지 나오는걸 고려하면 가성비가 나쁘지 않습니다. 칼국수를 줘서 그런지 밥 양이 적은 점은 아쉬웠네요. 보쌈은 야들야들하고 김치도 맛있었습니다. 오래 기다릴 정도의 맛집은 아니라고 생각하지만 한번쯤 가볼만한 식당입니다.,항상 줄이 긴 성수동 맛집 훼미리손칼국수보쌈에 다녀왔습니다 평일 점심은 오픈 시간인 11시반쯤에 이미 자리가 다 찹니다 줄 안서시려면 11시 20분쯤에 가시면 될 것 같아요 전 보쌈정식 시켜봤습니다 보쌈 양이 적지 않은데 칼국수까지 나옵니다 보쌈정식 가격이 15000원 으로 저렴하진 않지만 칼국수까지 나오는걸 고려하면 가성비가 나쁘지 않습니다 칼국수를 줘서 그런지 밥 양이 적은 점은 아쉬웠네요 보쌈은 야들야들하고 김치도 맛있었습니다 오래 기다릴 정도의 맛집은 아니라고 생각하지만 한번쯤 가볼만한 식당입니다,0,0,0,0,0,0,1,293,자리
kakao,금금,갱,3.0,2025-06-27,,,음식 맛은 좋아도 위생 안좋고 불친절해서 다시는 안가요 설거지 똑바로 안했으면 사과하는게 먼저 아닌가요 가지 마세요,64,True,1.0,2.3,브론즈 레벨,음식 맛은 좋아도 위생 안좋고 불친절해서 다시는 안가요 설거지 똑바로 안했으면 사과하는게 먼저 아닌가요 가지 마세요,음식 맛은 좋아도 위생 안좋고 불친절해서 다시는 안가요 설거지 똑바로 안했으면 사과하는게 먼저 아닌가요 가지 마세요,0,0,0,0,0,0,0,64,위생
kakao,황금콩밭,수지,114.0,2025-02-02,,,사장님이 한분이 아니고 뭐 내부 트러블이 있나봅니다. 제가 방문했을때는 사장님 부부 너무나 친절하시고 두부 진짜 너무 맛있어서 추가로 포장도 했어요. 확실히 코스보단 단품이 더 좋을거 같긴 했어요 코스 에 나오는 음식이 5점이면 두부가 11점이라 상대적으로 맛이 비교되어서 퀄리티가 떨어지는 느낌이랄까? 재방문 100%,178,True,5.0,4.4,골드 레벨,사장님이 한분이 아니고 뭐 내부 트러블이 있나봅니다. 제가 방문했을때는 사장님 부부 너무나 친절하시고 두부 진짜 너무 맛있어서 추가로 포장도 했어요. 확실히 코스보단 단품이 더 좋을거 같긴 했어요 코스 에 나오는 음식이 5점이면 두부가 11점이라 상대적으로 맛이 비교되어서 퀄리티가 떨어지는 느낌이랄까? 재방문 100%,사장님이 한분이 아니고 뭐 내부 트러블이 있나봅니다 제가 방문했을때는 사장님 부부 너무나 친절하시고 두부 진짜 너무 맛있어서 추가로 포장도 했어요 확실히 코스보단 단품이 더 좋을거 같긴 했어요 코스 에 나오는 음식이 5점이면 두부가 11점이라 상대적으로 맛이 비교되어서 퀄리티가 떨어지는 느낌이랄까 QUESTION 재방문 100,0,0,0,0,0,1,1,178,내부
naver,능동미나리 성수지점,딘둡,161.0,2026.01.14,1번째 방문,영수증,깔끔하고 맛있어요!!💟💟,13,True,,,,깔끔하고 맛있어요!!💟💟,깔끔하고 맛있어요 EXCLAM EMO_POS EMO_POS,1,0,0,0,1,0,0,13,깔끔
naver,이태리국시 성수,tkf****,80.0,2026.03.07,1번째 방문,영수증,주말이라 웨이팅을 걱정했는데 딱 한자리가 있었네요! 숯불대창돌솥파스타가 가장 유명하대서 주문했어요! 소스랑 같이 먹으니 대창도 느끼하지않고 맛있네요! 분위기도 좋아서 데이트에도 좋을거 같아요,106,True,,,,주말이라 웨이팅을 걱정했는데 딱 한자리가 있었네요! 숯불대창돌솥파스타가 가장 유명하대서 주문했어요! 소스랑 같이 먹으니 대창도 느끼하지않고 맛있네요! 분위기도 좋아서 데이트에도 좋을거 같아요,주말이라 웨이팅을 걱정했는데 딱 한자리가 있었네요 EXCLAM 숯불대창돌솥파스타가 가장 유명하대서 주문했어요 EXCLAM 소스랑 같이 먹으니 대창도 느끼하지않고 맛있네요 EXCLAM 분위기도 좋아서 데이트에도 좋을거 같아요,0,0,0,0,1,0,0,106,"분위기, 자리, 데이트"
kakao,능동미나리 성수점,행복,182.0,2025-07-27,,,가격 ★★★★☆ 무난 맛 ★★★★★ 분위기 ★★★★☆ 그냥 일반 국밥집 식당 친절함 ★★★★★ 여긴. 하루도 빠짐없이 웨이팅 있는데 회전률.빨라서 쉽게 들어가요~ 미슐랭 식당이라 실패할 수 없는 맛입니다^^ 재방문의사 100%,126,False,5.0,3.9,골드 레벨,가격 ★★★★☆ 무난 맛 ★★★★★ 분위기 ★★★★☆ 그냥 일반 국밥집 식당 친절함 ★★★★★ 여긴. 하루도 빠짐없이 웨이팅 있는데 회전률.빨라서 쉽게 들어가요~ 미슐랭 식당이라 실패할 수 없는 맛입니다^^ 재방문의사 100%,가격 무난 맛 분위기 그냥 일반 국밥집 식당 친절함 여긴 하루도 빠짐없이 웨이팅 있는데 회전률 빨라서 쉽게 들어가요 미슐랭 식당이라 실패할 수 없는 맛입니다 재방문의사 100,0,0,0,0,0,0,1,126,분위기
naver,금금 성수점,최민서632,31.0,2026.02.12,1번째 방문,영수증,성수 맛집이라고 해서 왔는데 말 그대로 맛집이네요! 양배추쌈밥이랑 문어국수? 와 미쳤습니다👍 사이드로 시킨 묵은지참치말이는 대표메뉴대로 맛있더라구요 분위기고 좋고 노래가 너무 시끄럽지도 않아서 혼밥하기에도 좋을 것 같아요 추천합니다♡,130,True,,,,성수 맛집이라고 해서 왔는데 말 그대로 맛집이네요! 양배추쌈밥이랑 문어국수? 와 미쳤습니다👍 사이드로 시킨 묵은지참치말이는 대표메뉴대로 맛있더라구요 분위기고 좋고 노래가 너무 시끄럽지도 않아서 혼밥하기에도 좋을 것 같아요 추천합니다♡,성수 맛집이라고 해서 왔는데 말 그대로 맛집이네요 EXCLAM 양배추쌈밥이랑 문어국수 QUESTION 와 미쳤습니다 EMO_POS 사이드로 시킨 묵은지참치말이는 대표메뉴대로 맛있더라구요 분위기고 좋고 노래가 너무 시끄럽지도 않아서 혼밥하기에도 좋을 것 같아요 추천합니다 EMO_POS,1,0,0,0,1,1,0,130,"분위기, 시끄럽, 혼밥"
naver,보끔당 성수점,은돌이누나,348.0,2026.03.14,3번째 방문,영수증,다먹어서 닭볶음탕 사진은 없네요 새우전도 넘나 맛!! 종종 와서 잘 먹고 있어요~ 사장님 친절하시고 메뉴 맛 가게 전부 깔끔합니다! 잘 먹었습니당~~~,84,True,,,,다먹어서 닭볶음탕 사진은 없네요 새우전도 넘나 맛!! 종종 와서 잘 먹고 있어요~ 사장님 친절하시고 메뉴 맛 가게 전부 깔끔합니다! 잘 먹었습니당~~~,다먹어서 닭볶음탕 사진은 없네요 새우전도 넘나 맛 EXCLAM 종종 와서 잘 먹고 있어요 사장님 친절하시고 메뉴 맛 가게 전부 깔끔합니다 EXCLAM 잘 먹었습니당 TILDE,0,0,0,0,1,0,0,84,깔끔
naver,뼈탄집 성수역점,hjk****,41.0,2026.03.29,1번째 방문,영수증,"성수역 2번 출구 도보 3분 거리로 접근성 좋음👍🏼 가게 입구에 주차 공간 및 캐치테이블 키오스크, 대기 공간 마련되어 있음 좌석 10개 이상이며 룸도 있어 프라이빗 식사 및 회식 가능함. 매장 전반적으로 청결하고 테이블 및 불판 관리 잘 되어 있음. 고기 질이 아주 좋고 완전 개맛도리임. 분위기, 동선, 편의성 균형 잡힌 고기집으로 재방문 가치 있음",197,True,,,,"성수역 2번 출구 도보 3분 거리로 접근성 좋음👍🏼 가게 입구에 주차 공간 및 캐치테이블 키오스크, 대기 공간 마련되어 있음 좌석 10개 이상이며 룸도 있어 프라이빗 식사 및 회식 가능함. 매장 전반적으로 청결하고 테이블 및 불판 관리 잘 되어 있음. 고기 질이 아주 좋고 완전 개맛도리임. 분위기, 동선, 편의성 균형 잡힌 고기집으로 재방문 가치 있음",성수역 2번 출구 도보 3분 거리로 접근성 좋음 EMO_POS 가게 입구에 주차 공간 및 캐치테이블 키오스크 대기 공간 마련되어 있음 좌석 10개 이상이며 룸도 있어 프라이빗 식사 및 회식 가능함 매장 전반적으로 청결하고 테이블 및 불판 관리 잘 되어 있음 고기 질이 아주 좋고 완전 개맛도리임 분위기 동선 편의성 균형 잡힌 고기집으로 재방문 가치 있음,1,0,0,0,0,0,1,197,"분위기, 매장, 공간, 테이블, 청결, 주차"
naver,이태리국시 성수,이꼼지92,12.0,2026.04.08,1번째 방문,영수증,"성수에서 요즘 핫하다는 이태리국시 성수점 다녀왔어요 🍝✨ 우리는 숯불불고기쌈피자랑 곱창로제파스타 주문했는데, 결론부터 말하면 완전 만족💛 숯불불고기쌈피자는 이름 그대로 쌈 싸먹는 느낌이라 신기했는데, 불고기 향이 진짜 찐하게 나면서 살짝 달달+짭짤해서 계속 손이 가더라구요. 같이 나오는 채소랑 싸먹으면 느끼함도 잡혀서 더 좋았어요! 곱창로제파스타는 솔직히 기대 이상…🥹 곱창이 질기지 않고 고소하게 잘 익혀져서 로제소스랑 진짜 잘 어울렸어요. 크리미한데 살짝 매콤해서 물리지 않는 맛! 둘이서 먹는데 계속 “이거 뭐야 왜 맛있어” 하면서 먹음ㅋㅋ 전체적으로 메뉴 조합이 독특한데도 맛 밸런스가 잘 맞아서 만족스러운 식사였어요. 성수 데이트나 친구랑 가기 딱 좋은 곳👍 다음엔 다른 메뉴도 도전해볼 예정!",394,True,,,,"성수에서 요즘 핫하다는 이태리국시 성수점 다녀왔어요 🍝✨ 우리는 숯불불고기쌈피자랑 곱창로제파스타 주문했는데, 결론부터 말하면 완전 만족💛 숯불불고기쌈피자는 이름 그대로 쌈 싸먹는 느낌이라 신기했는데, 불고기 향이 진짜 찐하게 나면서 살짝 달달+짭짤해서 계속 손이 가더라구요. 같이 나오는 채소랑 싸먹으면 느끼함도 잡혀서 더 좋았어요! 곱창로제파스타는 솔직히 기대 이상…🥹 곱창이 질기지 않고 고소하게 잘 익혀져서 로제소스랑 진짜 잘 어울렸어요. 크리미한데 살짝 매콤해서 물리지 않는 맛! 둘이서 먹는데 계속 “이거 뭐야 왜 맛있어” 하면서 먹음ㅋㅋ 전체적으로 메뉴 조합이 독특한데도 맛 밸런스가 잘 맞아서 만족스러운 식사였어요. 성수 데이트나 친구랑 가기 딱 좋은 곳👍 다음엔 다른 메뉴도 도전해볼 예정!",성수에서 요즘 핫하다는 이태리국시 성수점 다녀왔어요 EMO_POS 우리는 숯불불고기쌈피자랑 곱창로제파스타 주문했는데 결론부터 말하면 완전 만족 EMO_POS 숯불불고기쌈피자는 이름 그대로 쌈 싸먹는 느낌이라 신기했는데 불고기 향이 진짜 찐하게 나면서 살짝 달달 짭짤해서 계속 손이 가더라구요 같이 나오는 채소랑 싸먹으면 느끼함도 잡혀서 더 좋았어요 EXCLAM 곱창로제파스타는 솔직히 기대 이상 곱창이 질기지 않고 고소하게 잘 익혀져서 로제소스랑 진짜 잘 어울렸어요 크리미한데 살짝 매콤해서 물리지 않는 맛 EXCLAM 둘이서 먹는데 계속 이거 뭐야 왜 맛있어 하면서 먹음 전체적으로 메뉴 조합이 독특한데도 맛 밸런스가 잘 맞아서 만족스러운 식사였어요 성수 데이트나 친구랑 가기 딱 좋은 곳 EMO_POS 다음엔 다른 메뉴도 도전해볼 예정 EXCLAM,1,0,0,0,1,0,0,394,데이트
kakao,홍대 조선시대,혜린,1.0,2025-12-31,,,맛있고 매장도 넓어서 너무 좋았어요!,20,True,5.0,5.0,브론즈 레벨,맛있고 매장도 넓어서 너무 좋았어요!,맛있고 매장도 넓어서 너무 좋았어요 EXCLAM,0,0,0,0,1,0,0,20,"매장, 넓"
naver,육산장 홍대본점,kbk****,25.0,2026.03.28,1번째 방문,영수증,매장이 너무이쁘고 선선한 날씨에 최고에요+!!!,26,True,,,,매장이 너무이쁘고 선선한 날씨에 최고에요+!!!,매장이 너무이쁘고 선선한 날씨에 최고에요 EXCLAM,0,0,0,0,1,0,0,26,매장
kakao,육산장 홍대본점,후기미제공거름,66.0,2025-08-02,,,맛 ㄱㅊ 다만 위생 의심됨 물 따르는데 파채가 나왔어요,30,True,2.0,3.6,실버 레벨,맛 ㄱㅊ 다만 위생 의심됨 물 따르는데 파채가 나왔어요,맛 다만 위생 의심됨 물 따르는데 파채가 나왔어요,0,0,0,0,0,0,0,30,위생
kakao,뼈탄집 성수역점,쩡이,2.0,2026-03-28,,,직접고기구워주고 기본반찬깔끔 맛있어요,20,True,5.0,5.0,브론즈 레벨,직접고기구워주고 기본반찬깔끔 맛있어요,직접고기구워주고 기본반찬깔끔 맛있어요,0,0,0,0,0,0,0,20,깔끔
kakao,능동미나리 성수점,은구,508.0,2025-08-16,,,주말 1시에 갔는데 20분정도 웨이팅하고 바로 들어감 미나리곰탕 육회비빔밥 육전 모두 다 맛있었음 육회비빔밥 좋아하는 사람들은 여기꺼 먹어보기를 가게 내부는 생각보다 넓은데 탁 트여있는넓음이 아니라 방안에 방안에 방 느낌 뭔가 가게 내부가 어수선하고 먹는 곳옆에 화장실 먹는곳 옆에 쓰레기통 등 있어서 막 세련된 현대식 가게는 아님 그래도 추천 일본 방송을 탔는지 일본인 손님이 반이었음 신기..,221,False,5.0,4.4,골드 레벨,주말 1시에 갔는데 20분정도 웨이팅하고 바로 들어감 미나리곰탕 육회비빔밥 육전 모두 다 맛있었음 육회비빔밥 좋아하는 사람들은 여기꺼 먹어보기를 가게 내부는 생각보다 넓은데 탁 트여있는넓음이 아니라 방안에 방안에 방 느낌 뭔가 가게 내부가 어수선하고 먹는 곳옆에 화장실 먹는곳 옆에 쓰레기통 등 있어서 막 세련된 현대식 가게는 아님 그래도 추천 일본 방송을 탔는지 일본인 손님이 반이었음 신기..,주말 1시에 갔는데 20분정도 웨이팅하고 바로 들어감 미나리곰탕 육회비빔밥 육전 모두 다 맛있었음 육회비빔밥 좋아하는 사람들은 여기꺼 먹어보기를 가게 내부는 생각보다 넓은데 탁 트여있는넓음이 아니라 방안에 방안에 방 느낌 뭔가 가게 내부가 어수선하고 먹는 곳옆에 화장실 먹는곳 옆에 쓰레기통 등 있어서 막 세련된 현대식 가게는 아님 그래도 추천 일본 방송을 탔는지 일본인 손님이 반이었음 신기,0,0,0,0,0,0,1,221,"내부, 화장실, 넓"
naver,뼈탄집 성수역점,kkm82,1790.0,2026.03.27,1번째 방문,영수증,직접 고기 구워주시고 친절해요 기본반찬도 깔끔하고 맛있어요,32,True,,,,직접 고기 구워주시고 친절해요 기본반찬도 깔끔하고 맛있어요,직접 고기 구워주시고 친절해요 기본반찬도 깔끔하고 맛있어요,0,0,0,0,0,0,0,32,깔끔
naver,보끔당 성수점,sunny7632,24.0,2026.03.14,1번째 방문,영수증,매콤하고 깔끔하고 맛나요~~친절하셔서 좋아요!!😆,27,True,,,,매콤하고 깔끔하고 맛나요~~친절하셔서 좋아요!!😆,매콤하고 깔끔하고 맛나요 TILDE 친절하셔서 좋아요 EXCLAM EMO_POS,1,0,0,0,1,0,0,27,깔끔
naver,옥동식,진진6957,585.0,2025.10.20,1번째 방문,영수증,"미쉐린 맛집이라고 짝궁이 가보고 싶어하여 예약 후, 다녀왔어요~ 국물이 정말 깔끔하고 밥알 하나 하나가 살아있는 느낌!돼지고기는 부드럽고 고추지가 맛있었습니다. (진한 국물을 좋아하시는 분께는 맞지 않을 것 같아요. 저는 국물에 맛이 더 첨가되는 걸 선호하는지라,, 마지막쯤에는 후추를 요청드렸습니다.ㅠ )",171,True,,,,"미쉐린 맛집이라고 짝궁이 가보고 싶어하여 예약 후, 다녀왔어요~ 국물이 정말 깔끔하고 밥알 하나 하나가 살아있는 느낌!돼지고기는 부드럽고 고추지가 맛있었습니다. (진한 국물을 좋아하시는 분께는 맞지 않을 것 같아요. 저는 국물에 맛이 더 첨가되는 걸 선호하는지라,, 마지막쯤에는 후추를 요청드렸습니다.ㅠ )",미쉐린 맛집이라고 짝궁이 가보고 싶어하여 예약 후 다녀왔어요 국물이 정말 깔끔하고 밥알 하나 하나가 살아있는 느낌 EXCLAM 돼지고기는 부드럽고 고추지가 맛있었습니다 진한 국물을 좋아하시는 분께는 맞지 않을 것 같아요 저는 국물에 맛이 더 첨가되는 걸 선호하는지라 마지막쯤에는 후추를 요청드렸습니다,0,0,0,0,1,0,0,171,깔끔
naver,금금 성수점,JOY28,172.0,2026.04.26,1번째 방문,영수증,음식이 깔끔하고 맛있어요. 숯불 향이 진해서 색다른 매력을 느낄 수 있었어요. 매장도 깨끗하고 직원분들도 친절하셔서 기분 좋게 식사했습니다.,78,True,,,,음식이 깔끔하고 맛있어요. 숯불 향이 진해서 색다른 매력을 느낄 수 있었어요. 매장도 깨끗하고 직원분들도 친절하셔서 기분 좋게 식사했습니다.,음식이 깔끔하고 맛있어요 숯불 향이 진해서 색다른 매력을 느낄 수 있었어요 매장도 깨끗하고 직원분들도 친절하셔서 기분 좋게 식사했습니다,0,0,0,0,0,0,0,78,"매장, 깔끔"
kakao,홍대 조선시대,김도윤,1.0,2026-03-08,,,맛이야 워낙 맛집이고 호감주 꼭 드셔보세요 분위기부터 사로잡혀서 왔는데 썸녀랑 저절로 분위기가 잡히게 됐네요,60,True,5.0,5.0,브론즈 레벨,맛이야 워낙 맛집이고 호감주 꼭 드셔보세요 분위기부터 사로잡혀서 왔는데 썸녀랑 저절로 분위기가 잡히게 됐네요,맛이야 워낙 맛집이고 호감주 꼭 드셔보세요 분위기부터 사로잡혀서 왔는데 썸녀랑 저절로 분위기가 잡히게 됐네요,0,0,0,0,0,0,0,60,분위기
naver,락희옥 마포본점,희동구56,48.0,2025.11.17,1번째 방문,영수증,아이 병원 오는 길에 점심시간이라 들렸어요 평일 점심에 들렸는데 사람 너무 많지 않고 좋았어요 매장 분위기도 좋고 메뉴도 다양해요 건강한 메뉴들이 다양해서 좋았어요 음식 맛도 좋아요,101,True,,,,아이 병원 오는 길에 점심시간이라 들렸어요 평일 점심에 들렸는데 사람 너무 많지 않고 좋았어요 매장 분위기도 좋고 메뉴도 다양해요 건강한 메뉴들이 다양해서 좋았어요 음식 맛도 좋아요,아이 병원 오는 길에 점심시간이라 들렸어요 평일 점심에 들렸는데 사람 너무 많지 않고 좋았어요 매장 분위기도 좋고 메뉴도 다양해요 건강한 메뉴들이 다양해서 좋았어요 음식 맛도 좋아요,0,0,0,0,0,0,0,101,"분위기, 매장"
kakao,육산장 홍대본점,김성수,1.0,2025-04-26,,,주말이라 일찍 온다고 왔는데 대기~ 했지만 분위기와 맛이좋아 기분도 너무좋아요~,44,True,5.0,5.0,브론즈 레벨,주말이라 일찍 온다고 왔는데 대기~ 했지만 분위기와 맛이좋아 기분도 너무좋아요~,주말이라 일찍 온다고 왔는데 대기 했지만 분위기와 맛이좋아 기분도 너무좋아요,0,0,0,0,0,0,0,44,분위기
kakao,이태리국시 성수,채선,4.0,2026-04-17,,,간만에 지인과 모임으로 왔는데 너무너무 분위기가 좋은 것 같아요!! 맛도 원하는 딱 그 맛이네요.!!소개팅,59,True,5.0,5.0,브론즈 레벨,간만에 지인과 모임으로 왔는데 너무너무 분위기가 좋은 것 같아요!! 맛도 원하는 딱 그 맛이네요.!!소개팅,간만에 지인과 모임으로 왔는데 너무너무 분위기가 좋은 것 같아요 EXCLAM 맛도 원하는 딱 그 맛이네요 EXCLAM 소개팅,0,0,0,0,1,0,0,59,분위기
naver,을밀대 평양냉면,요썰미,17.0,2025.05.05,1번째 방문,영수증,요즘 평양냉면에 빠져서 많이 찾아가보려고 하고있는데 이날은 서울3대 평양냉면집 중 한 곳 을밀대를 방문했다. 공휴일이라그런지 2시에 갔는데도 홀이 가득찼고 다행히 방에 1자리가 남아서 방으로 안내받고 들어갔다~아이를 위해서 양지탕밥을시켜는데 품절 그래서 사리를 하나 더 시켜서 첫 나오는 따뜻한 육수와 냉육수를 섞어서 아이를 줬는데 진짜 맛있게 먹더라 와이프는 비빔 나는 물 시켰는데 비빔은 슴슴해서 우리입맛에는 비빔보다는 육향과 메밀향이 좋은 물냉이 입맛에 맞았다.허나 아직은 우리에게는 우래옥을 이길수 없다^^(단점은 너무 긴 웨이팅) 을밀대는 브타도없어서 너무 좋구 맛도 괜찮았다.특히녹두전이 냉면 먹기전 바삭하게 한입꺼리로 일품이었다.,359,True,,,,요즘 평양냉면에 빠져서 많이 찾아가보려고 하고있는데 이날은 서울3대 평양냉면집 중 한 곳 을밀대를 방문했다. 공휴일이라그런지 2시에 갔는데도 홀이 가득찼고 다행히 방에 1자리가 남아서 방으로 안내받고 들어갔다~아이를 위해서 양지탕밥을시켜는데 품절 그래서 사리를 하나 더 시켜서 첫 나오는 따뜻한 육수와 냉육수를 섞어서 아이를 줬는데 진짜 맛있게 먹더라 와이프는 비빔 나는 물 시켰는데 비빔은 슴슴해서 우리입맛에는 비빔보다는 육향과 메밀향이 좋은 물냉이 입맛에 맞았다.허나 아직은 우리에게는 우래옥을 이길수 없다^^(단점은 너무 긴 웨이팅) 을밀대는 브타도없어서 너무 좋구 맛도 괜찮았다.특히녹두전이 냉면 먹기전 바삭하게 한입꺼리로 일품이었다.,요즘 평양냉면에 빠져서 많이 찾아가보려고 하고있는데 이날은 서울3대 평양냉면집 중 한 곳 을밀대를 방문했다 공휴일이라그런지 2시에 갔는데도 홀이 가득찼고 다행히 방에 1자리가 남아서 방으로 안내받고 들어갔다 아이를 위해서 양지탕밥을시켜는데 품절 그래서 사리를 하나 더 시켜서 첫 나오는 따뜻한 육수와 냉육수를 섞어서 아이를 줬는데 진짜 맛있게 먹더라 와이프는 비빔 나는 물 시켰는데 비빔은 슴슴해서 우리입맛에는 비빔보다는 육향과 메밀향이 좋은 물냉이 입맛에 맞았다 허나 아직은 우리에게는 우래옥을 이길수 없다 단점은 너무 긴 웨이팅 을밀대는 브타도없어서 너무 좋구 맛도 괜찮았다 특히녹두전이 냉면 먹기전 바삭하게 한입꺼리로 일품이었다,0,0,0,0,0,0,1,359,자리
kakao,소문난성수감자탕,맛 없으면 안 먹는 사람,45.0,2025-06-19,,,"토요일 저녁 방문 후기 (재방문의사 없음) 1. 웨이팅 3분 만에 입장 2. 맛은 있는데 호들갑 떨정도로 맛있진 않고 그냥 감자탕. 청양고추 썰어넣은 마늘 소스가 킥임 3. 이모님들, 웨이팅 빠르게 빠지도록 응대 잘 하심 4. 청결하진 않음 5. 계산하는데 직원이 왕 같음 6. 가격 비쌈. + 그리고 음식 시킬 때 양 적다고 많이 시키게 유도해서 정량보다 음식이 많이 나옴. 친구들이 억지로 먹음",222,False,1.0,3.6,실버 레벨,"토요일 저녁 방문 후기 (재방문의사 없음) 1. 웨이팅 3분 만에 입장 2. 맛은 있는데 호들갑 떨정도로 맛있진 않고 그냥 감자탕. 청양고추 썰어넣은 마늘 소스가 킥임 3. 이모님들, 웨이팅 빠르게 빠지도록 응대 잘 하심 4. 청결하진 않음 5. 계산하는데 직원이 왕 같음 6. 가격 비쌈. + 그리고 음식 시킬 때 양 적다고 많이 시키게 유도해서 정량보다 음식이 많이 나옴. 친구들이 억지로 먹음",토요일 저녁 방문 후기 재방문의사 없음 1 웨이팅 3분 만에 입장 2 맛은 있는데 호들갑 떨정도로 맛있진 않고 그냥 감자탕 청양고추 썰어넣은 마늘 소스가 킥임 3 이모님들 웨이팅 빠르게 빠지도록 응대 잘 하심 4 청결하진 않음 5 계산하는데 직원이 왕 같음 6 가격 비쌈 그리고 음식 시킬 때 양 적다고 많이 시키게 유도해서 정량보다 음식이 많이 나옴 친구들이 억지로 먹음,0,0,0,0,0,0,1,222,청결
naver,락희옥 마포본점,ivy9712,61.0,2026.04.16,1번째 방문,영수증,맛있어요 계절음식이 있어서 다양한 메뉴를 맛 볼 수있어요 매장도 깔끔해요,40,True,,,,맛있어요 계절음식이 있어서 다양한 메뉴를 맛 볼 수있어요 매장도 깔끔해요,맛있어요 계절음식이 있어서 다양한 메뉴를 맛 볼 수있어요 매장도 깔끔해요,0,0,0,0,0,0,0,40,"매장, 깔끔"
kakao,일등식당,침침체리,103.0,2025-05-25,,,우연히 들렀는데 역시 유튜브 힘은 대단했습니다 식영이형이 들려주셔서 그런지 가게 분위기가 더욱 핫했고 줄이 상당히 많았어요 특은 안되는거 같고 모두에게 기본만 되는거 같았어요 포장도 되더라구요 밥은 시키면 더 주시고 깍두기 김치도 맛있어요 그래서 그런지 더욱 기대되더라구요 운이 좋아 7시 전에 먹을 수 있었는데요 7시 부터는 다시 재정비를 하며 7시 20분 부터 식사가 되나봐요 오랜시절 동안 주인장이 바뀐 듯 하지만 모 호불호도 있을 수 있는데 처음가본 저에게는 간만에 맛있었고 감동적인 맛이었네요 오랫만에 무언가를 이렇게 허겁지겁 맛있게 먹은 기억이 별로 없었는데요 특히 뼈해장국 감자탕 등등 살이 잘 발라져야 하는데 잘 발라지고 국물도 맵지 않고 짜지 않고 담백해서 좋았습니다 제가 이제까지 먹어본 뼈해장국 중 탑에 듭니다 물론 더 먹어야 할 길이 많지만 ㅎ,428,False,5.0,4.7,골드 레벨,우연히 들렀는데 역시 유튜브 힘은 대단했습니다 식영이형이 들려주셔서 그런지 가게 분위기가 더욱 핫했고 줄이 상당히 많았어요 특은 안되는거 같고 모두에게 기본만 되는거 같았어요 포장도 되더라구요 밥은 시키면 더 주시고 깍두기 김치도 맛있어요 그래서 그런지 더욱 기대되더라구요 운이 좋아 7시 전에 먹을 수 있었는데요 7시 부터는 다시 재정비를 하며 7시 20분 부터 식사가 되나봐요 오랜시절 동안 주인장이 바뀐 듯 하지만 모 호불호도 있을 수 있는데 처음가본 저에게는 간만에 맛있었고 감동적인 맛이었네요 오랫만에 무언가를 이렇게 허겁지겁 맛있게 먹은 기억이 별로 없었는데요 특히 뼈해장국 감자탕 등등 살이 잘 발라져야 하는데 잘 발라지고 국물도 맵지 않고 짜지 않고 담백해서 좋았습니다 제가 이제까지 먹어본 뼈해장국 중 탑에 듭니다 물론 더 먹어야 할 길이 많지만 ㅎ,우연히 들렀는데 역시 유튜브 힘은 대단했습니다 식영이형이 들려주셔서 그런지 가게 분위기가 더욱 핫했고 줄이 상당히 많았어요 특은 안되는거 같고 모두에게 기본만 되는거 같았어요 포장도 되더라구요 밥은 시키면 더 주시고 깍두기 김치도 맛있어요 그래서 그런지 더욱 기대되더라구요 운이 좋아 7시 전에 먹을 수 있었는데요 7시 부터는 다시 재정비를 하며 7시 20분 부터 식사가 되나봐요 오랜시절 동안 주인장이 바뀐 듯 하지만 모 호불호도 있을 수 있는데 처음가본 저에게는 간만에 맛있었고 감동적인 맛이었네요 오랫만에 무언가를 이렇게 허겁지겁 맛있게 먹은 기억이 별로 없었는데요 특히 뼈해장국 감자탕 등등 살이 잘 발라져야 하는데 잘 발라지고 국물도 맵지 않고 짜지 않고 담백해서 좋았습니다 제가 이제까지 먹어본 뼈해장국 중 탑에 듭니다 물론 더 먹어야 할 길이 많지만,0,0,0,0,0,0,1,428,분위기
naver,쭌곱창,hl0****,10.0,2025.12.04,1번째 방문,영수증,곱창이랑 주먹밥이랑 볶음밥 먹었는데 다 맛있습니다.. 사장님이 너무 친절하시고 분위기도 좋아요!! 곱창 진짜 너무너무 맛있네요. 진짜 짱입니다. 다음에 홍대 곱창은 이곳만 오려고요,100,True,,,,곱창이랑 주먹밥이랑 볶음밥 먹었는데 다 맛있습니다.. 사장님이 너무 친절하시고 분위기도 좋아요!! 곱창 진짜 너무너무 맛있네요. 진짜 짱입니다. 다음에 홍대 곱창은 이곳만 오려고요,곱창이랑 주먹밥이랑 볶음밥 먹었는데 다 맛있습니다 사장님이 너무 친절하시고 분위기도 좋아요 EXCLAM 곱창 진짜 너무너무 맛있네요 진짜 짱입니다 다음에 홍대 곱창은 이곳만 오려고요,0,0,0,0,1,0,0,100,분위기
naver,옥동식,카이4727,357.0,2025.03.17,1번째 방문,예약,국물은 깔끔 고기는 야들야들 이 한그릇에 들어간 정성이 온전히 느껴지네요. 저녁에 집에 와서 또 생각이 나더라구요. 또 들리겠습니다.,74,True,,,,국물은 깔끔 고기는 야들야들 이 한그릇에 들어간 정성이 온전히 느껴지네요. 저녁에 집에 와서 또 생각이 나더라구요. 또 들리겠습니다.,국물은 깔끔 고기는 야들야들 이 한그릇에 들어간 정성이 온전히 느껴지네요 저녁에 집에 와서 또 생각이 나더라구요 또 들리겠습니다,0,0,0,0,0,0,0,74,깔끔
naver,락희옥 마포본점,wizardkels,11.0,2025.09.20,1번째 방문,영수증,부모님하고 같이 왔는데 너무 맛있고 음식도 너무 정갈하고 분위기도 너무 좋아요~! 나중에 또 오고 싶어요!!!!,62,True,,,,부모님하고 같이 왔는데 너무 맛있고 음식도 너무 정갈하고 분위기도 너무 좋아요~! 나중에 또 오고 싶어요!!!!,부모님하고 같이 왔는데 너무 맛있고 음식도 너무 정갈하고 분위기도 너무 좋아요 EXCLAM 나중에 또 오고 싶어요 EXCLAM,0,0,0,0,1,0,0,62,분위기
kakao,옥동식 서교점,주접대마왕,19.0,2025-01-22,,,"생각보다 박한 평점의 이유를 알 것같기도. 성격, 분위기가 완벽하다는 주선자의 추천으로 만난 소개팅 상대가 있다. 그는 듣던 대로 모든 면에서 빈틈 없고 깔끔하다. 허나, 묘하게 계속 보고 싶은 인간미가 안 보인다. 푹 빠질 만한 사람냄새가 나지 않는 것이다. 옥동식의 국밥이 그런 느낌이다. 또 모른다. 그 깔끔함이 언젠가 문득 생각날지도.",191,False,4.0,3.9,실버 레벨,"생각보다 박한 평점의 이유를 알 것같기도. 성격, 분위기가 완벽하다는 주선자의 추천으로 만난 소개팅 상대가 있다. 그는 듣던 대로 모든 면에서 빈틈 없고 깔끔하다. 허나, 묘하게 계속 보고 싶은 인간미가 안 보인다. 푹 빠질 만한 사람냄새가 나지 않는 것이다. 옥동식의 국밥이 그런 느낌이다. 또 모른다. 그 깔끔함이 언젠가 문득 생각날지도.",생각보다 박한 평점의 이유를 알 것같기도 성격 분위기가 완벽하다는 주선자의 추천으로 만난 소개팅 상대가 있다 그는 듣던 대로 모든 면에서 빈틈 없고 깔끔하다 허나 묘하게 계속 보고 싶은 인간미가 안 보인다 푹 빠질 만한 사람냄새가 나지 않는 것이다 옥동식의 국밥이 그런 느낌이다 또 모른다 그 깔끔함이 언젠가 문득 생각날지도,0,0,0,0,0,0,0,191,"분위기, 깔끔"
kakao,옥동식 서교점,모른척,91.0,2025-05-01,,,왜 옥동식 옥동식 하는지 알았어요! 국물 진짜 깔끔하고 고기랑 같이 먹는 고추지가 진짜 맛있었어요. 밥이 진짜 술술술넘어가요! 김치도 진짜 맛있고 테이블 회전도 빠른편이라 웨이팅도 별로 안했습니다! 모든면에서 최구!,120,True,5.0,4.0,골드 레벨,왜 옥동식 옥동식 하는지 알았어요! 국물 진짜 깔끔하고 고기랑 같이 먹는 고추지가 진짜 맛있었어요. 밥이 진짜 술술술넘어가요! 김치도 진짜 맛있고 테이블 회전도 빠른편이라 웨이팅도 별로 안했습니다! 모든면에서 최구!,왜 옥동식 옥동식 하는지 알았어요 EXCLAM 국물 진짜 깔끔하고 고기랑 같이 먹는 고추지가 진짜 맛있었어요 밥이 진짜 술술넘어가요 EXCLAM 김치도 진짜 맛있고 테이블 회전도 빠른편이라 웨이팅도 별로 안했습니다 EXCLAM 모든면에서 최구 EXCLAM,0,0,0,0,1,0,0,120,"테이블, 깔끔"
kakao,소문난성수감자탕,밍닝옝,69.0,2025-02-26,,,"내 취향이랑은 거리가 먼 감자탕인데(국물에 깊은 맛이 없음),, 본의아니게 지금까지 한 10번은 온듯 대충 말하자면, 국물이 깊진 않고 맑은 느낌인데 그래도 국물의 양념자체는 괜츈함 고기가 퍽퍽해보여도 나름 먹어보면 부드러움 성수라는 비싼 땅에서, 이 가격에 이 양은 말이 안되긴 함. 어쨌든 먹게 된다면 꼭 수제비사리 팍팍넣고 마지막에 라면사리 넣고 볶음밥까지 드시긴해보세여,, 제 갠적으론 볶음밥은 모든 감자탕집 중에 젤 별로입니다. 참기름+김가루 진짜 너무 많이 들어감. 볶음밥이 아니라 참기름밥 같음. 참기름을 정말 사랑하신다면 좋아하실 수도 무슨 평일 밤 10시 11시에도 웨이팅이있던데,, 그정도 진짜 절대 아니고, 24시 영업이라 해장하러 새벽에 가기 나쁘진 않은 정도. 요즘 일본인 대만인 중국인 등등 외국인도 많이 보이던데 그래서 더 웨이팅 늘어난 듯. 참고로 위생도 안좋습니다. 여름철엔 웨이팅 하는 곳 위에 거미줄개많음. 여름엔 식당 내부에도 엄청 큰 거미 벽에 기어댕김. 요즘엔 좀 치우시나 몰겠네.",515,False,3.0,3.3,골드 레벨,"내 취향이랑은 거리가 먼 감자탕인데(국물에 깊은 맛이 없음),, 본의아니게 지금까지 한 10번은 온듯 대충 말하자면, 국물이 깊진 않고 맑은 느낌인데 그래도 국물의 양념자체는 괜츈함 고기가 퍽퍽해보여도 나름 먹어보면 부드러움 성수라는 비싼 땅에서, 이 가격에 이 양은 말이 안되긴 함. 어쨌든 먹게 된다면 꼭 수제비사리 팍팍넣고 마지막에 라면사리 넣고 볶음밥까지 드시긴해보세여,, 제 갠적으론 볶음밥은 모든 감자탕집 중에 젤 별로입니다. 참기름+김가루 진짜 너무 많이 들어감. 볶음밥이 아니라 참기름밥 같음. 참기름을 정말 사랑하신다면 좋아하실 수도 무슨 평일 밤 10시 11시에도 웨이팅이있던데,, 그정도 진짜 절대 아니고, 24시 영업이라 해장하러 새벽에 가기 나쁘진 않은 정도. 요즘 일본인 대만인 중국인 등등 외국인도 많이 보이던데 그래서 더 웨이팅 늘어난 듯. 참고로 위생도 안좋습니다. 여름철엔 웨이팅 하는 곳 위에 거미줄개많음. 여름엔 식당 내부에도 엄청 큰 거미 벽에 기어댕김. 요즘엔 좀 치우시나 몰겠네.",내 취향이랑은 거리가 먼 감자탕인데 국물에 깊은 맛이 없음 본의아니게 지금까지 한 10번은 온듯 대충 말하자면 국물이 깊진 않고 맑은 느낌인데 그래도 국물의 양념자체는 괜츈함 고기가 퍽퍽해보여도 나름 먹어보면 부드러움 성수라는 비싼 땅에서 이 가격에 이 양은 말이 안되긴 함 어쨌든 먹게 된다면 꼭 수제비사리 팍팍넣고 마지막에 라면사리 넣고 볶음밥까지 드시긴해보세여 제 갠적으론 볶음밥은 모든 감자탕집 중에 젤 별로입니다 참기름 김가루 진짜 너무 많이 들어감 볶음밥이 아니라 참기름밥 같음 참기름을 정말 사랑하신다면 좋아하실 수도 무슨 평일 밤 10시 11시에도 웨이팅이있던데 그정도 진짜 절대 아니고 24시 영업이라 해장하러 새벽에 가기 나쁘진 않은 정도 요즘 일본인 대만인 중국인 등등 외국인도 많이 보이던데 그래서 더 웨이팅 늘어난 듯 참고로 위생도 안좋습니다 여름철엔 웨이팅 하는 곳 위에 거미줄개많음 여름엔 식당 내부에도 엄청 큰 거미 벽에 기어댕김 요즘엔 좀 치우시나 몰겠네,0,0,0,0,0,0,1,515,"내부, 위생"
naver,옥동식,짜잔01,549.0,2025.10.29,1번째 방문,영수증,깔끔하고 잡내 없는 국밥 먹다보면 고기 양도 생각보다 많은 느낌 김치는 시원한 맛에 맛있엇지만 김치만두는 흔한 냉동만두급 다들 많이 드시길래 시켰는데 그냥 보통이였다 흔히 먹던 국밥 스타일이 아니라 한번쯤은 먹어봐도 좋을 듯 하다,128,True,,,,깔끔하고 잡내 없는 국밥 먹다보면 고기 양도 생각보다 많은 느낌 김치는 시원한 맛에 맛있엇지만 김치만두는 흔한 냉동만두급 다들 많이 드시길래 시켰는데 그냥 보통이였다 흔히 먹던 국밥 스타일이 아니라 한번쯤은 먹어봐도 좋을 듯 하다,깔끔하고 잡내 없는 국밥 먹다보면 고기 양도 생각보다 많은 느낌 김치는 시원한 맛에 맛있엇지만 김치만두는 흔한 냉동만두급 다들 많이 드시길래 시켰는데 그냥 보통이였다 흔히 먹던 국밥 스타일이 아니라 한번쯤은 먹어봐도 좋을 듯 하다,0,0,0,0,0,0,0,128,깔끔
naver,소문난성수감자탕,창호지의전국구탐방,1807.0,2026.03.13,1번째 방문,영수증,성수동에서 감자탕 맛집하면 항상 나오는 곳! 저희는 평일 금요일 저녁 퇴근시간에 방문했는데도 2명이어서 그런지 큰 웨이팅 없이 10분 이내로 들어갔으며 기본적으로 넓은 외관과 감자탕 소 주문했는데 사람들이 많이 오는 맛집이어 그런지 거의 바로 나오더라고요. 회전율은 빠른편! 기본 반찬 김치와 깍두기 겨자 소스가 나오는데 겨자 소스가 고기에 찍어 먹으니 맛났으며 감자탕 소는 둘이 먹기에 괜찮은 양이었어요. 고기도 적당히 붙어 있고 야들야들 담백하니 맛있었으며 국물이 고소하면서 진한 감칠맛이 좋더라고요. 근데 개인적으로 막 찾아가서 먹을 정도는 아니였어요. 평범 한번 방문으로 만족! 지금도 곳곳에 매장이 있지만 저는 조마루감자탕 먹는 기분! 추가로 아쉬운점 소자가 감자 두개들어 있었고 가격에 비해 부실한 볶음밥,400,True,,,,성수동에서 감자탕 맛집하면 항상 나오는 곳! 저희는 평일 금요일 저녁 퇴근시간에 방문했는데도 2명이어서 그런지 큰 웨이팅 없이 10분 이내로 들어갔으며 기본적으로 넓은 외관과 감자탕 소 주문했는데 사람들이 많이 오는 맛집이어 그런지 거의 바로 나오더라고요. 회전율은 빠른편! 기본 반찬 김치와 깍두기 겨자 소스가 나오는데 겨자 소스가 고기에 찍어 먹으니 맛났으며 감자탕 소는 둘이 먹기에 괜찮은 양이었어요. 고기도 적당히 붙어 있고 야들야들 담백하니 맛있었으며 국물이 고소하면서 진한 감칠맛이 좋더라고요. 근데 개인적으로 막 찾아가서 먹을 정도는 아니였어요. 평범 한번 방문으로 만족! 지금도 곳곳에 매장이 있지만 저는 조마루감자탕 먹는 기분! 추가로 아쉬운점 소자가 감자 두개들어 있었고 가격에 비해 부실한 볶음밥,성수동에서 감자탕 맛집하면 항상 나오는 곳 EXCLAM 저희는 평일 금요일 저녁 퇴근시간에 방문했는데도 2명이어서 그런지 큰 웨이팅 없이 10분 이내로 들어갔으며 기본적으로 넓은 외관과 감자탕 소 주문했는데 사람들이 많이 오는 맛집이어 그런지 거의 바로 나오더라고요 회전율은 빠른편 EXCLAM 기본 반찬 김치와 깍두기 겨자 소스가 나오는데 겨자 소스가 고기에 찍어 먹으니 맛났으며 감자탕 소는 둘이 먹기에 괜찮은 양이었어요 고기도 적당히 붙어 있고 야들야들 담백하니 맛있었으며 국물이 고소하면서 진한 감칠맛이 좋더라고요 근데 개인적으로 막 찾아가서 먹을 정도는 아니였어요 평범 한번 방문으로 만족 EXCLAM 지금도 곳곳에 매장이 있지만 저는 조마루감자탕 먹는 기분 EXCLAM 추가로 아쉬운점 소자가 감자 두개들어 있었고 가격에 비해 부실한 볶음밥,0,0,0,0,1,0,1,400,"매장, 넓"
naver,조선시대,jin****,32.0,2026.02.03,1번째 방문,영수증,"부산에서 서울 놀러왔는데, 부산에는 없는 특별한 곳을 가보고 싶어서 오게 되었어요!! 컨셉이 특이하고, 테이블 이벤트도 있어서 즐거웠어요💖⭐️",79,True,,,,"부산에서 서울 놀러왔는데, 부산에는 없는 특별한 곳을 가보고 싶어서 오게 되었어요!! 컨셉이 특이하고, 테이블 이벤트도 있어서 즐거웠어요💖⭐️",부산에서 서울 놀러왔는데 부산에는 없는 특별한 곳을 가보고 싶어서 오게 되었어요 EXCLAM 컨셉이 특이하고 테이블 이벤트도 있어서 즐거웠어요 EMO_POS,1,0,0,0,1,0,0,79,테이블
kakao,쭌곱창,어진,3.0,2025-03-25,,,쭌 곱창 분위기 좋고 맛있네요,16,True,5.0,5.0,브론즈 레벨,쭌 곱창 분위기 좋고 맛있네요,쭌 곱창 분위기 좋고 맛있네요,0,0,0,0,0,0,0,16,분위기
naver,각시보쌈,달토끼226,166.0,2025.10.25,1번째 방문,영수증,주말 오픈 10분 전쯤 도착했는데 대기줄 있었습니다! 근데 직원분이 자리를 안내해주는게 아니라 알아서 앉고싶은데 착석하는데 그러다보니 주문을 순서대로 받진 못하셨어요. 전 딱히 상관없어서 기다려서 주문했는데 옆 테이블에서 좀 불편해하시더라구요. 근데 정식메뉴가 가격대비 양이나 맛이 진짜 가성비 좋아요. 고기 부드럽고 잡내도 없고 찌개도 맛있고 굳굳!!,197,True,,,,주말 오픈 10분 전쯤 도착했는데 대기줄 있었습니다! 근데 직원분이 자리를 안내해주는게 아니라 알아서 앉고싶은데 착석하는데 그러다보니 주문을 순서대로 받진 못하셨어요. 전 딱히 상관없어서 기다려서 주문했는데 옆 테이블에서 좀 불편해하시더라구요. 근데 정식메뉴가 가격대비 양이나 맛이 진짜 가성비 좋아요. 고기 부드럽고 잡내도 없고 찌개도 맛있고 굳굳!!,주말 오픈 10분 전쯤 도착했는데 대기줄 있었습니다 EXCLAM 근데 직원분이 자리를 안내해주는게 아니라 알아서 앉고싶은데 착석하는데 그러다보니 주문을 순서대로 받진 못하셨어요 전 딱히 상관없어서 기다려서 주문했는데 옆 테이블에서 좀 불편해하시더라구요 근데 정식메뉴가 가격대비 양이나 맛이 진짜 가성비 좋아요 고기 부드럽고 잡내도 없고 찌개도 맛있고 굳굳 EXCLAM,0,0,0,0,1,0,1,197,"자리, 테이블"
naver,홍대 육지,ryudals66,18.0,2026.02.27,1번째 방문,영수증,"들어오자마자 인테리어가 너무 멋있어서 좋았고, 직원들이 다 친절하시고 고기도 맛있게 잘 구워주십니다!! 홍대에서 고기 드시고 싶을때 🐷육지🐷 추천합니다 사이드로 동치미 막국수도 먹었는데 걍 미쳤습니다(p) 후식으로 볶음밥도 꼬옥 드세여 젭알...🥹🩵",139,True,,,,"들어오자마자 인테리어가 너무 멋있어서 좋았고, 직원들이 다 친절하시고 고기도 맛있게 잘 구워주십니다!! 홍대에서 고기 드시고 싶을때 🐷육지🐷 추천합니다 사이드로 동치미 막국수도 먹었는데 걍 미쳤습니다(p) 후식으로 볶음밥도 꼬옥 드세여 젭알...🥹🩵",들어오자마자 인테리어가 너무 멋있어서 좋았고 직원들이 다 친절하시고 고기도 맛있게 잘 구워주십니다 EXCLAM 홍대에서 고기 드시고 싶을때 육지 추천합니다 사이드로 동치미 막국수도 먹었는데 걍 미쳤습니다 p 후식으로 볶음밥도 꼬옥 드세여 젭알,0,0,0,0,1,0,0,139,인테리어
kakao,육산장 홍대본점,단아,1.0,2025-09-21,,,야장 분위기 짱이에요 ㅠㅠ 대기걸고 먹은 보람이 있습니당 !!! 홍대안에서 이런 분위기라니... 최고최고,58,True,5.0,5.0,브론즈 레벨,야장 분위기 짱이에요 ㅠㅠ 대기걸고 먹은 보람이 있습니당 !!! 홍대안에서 이런 분위기라니... 최고최고,야장 분위기 짱이에요 대기걸고 먹은 보람이 있습니당 EXCLAM 홍대안에서 이런 분위기라니 최고최고,0,0,0,1,1,0,0,58,분위기
naver,육산장 홍대본점,areummmm,52.0,2026.04.17,1번째 방문,영수증,고기가 부들부들 질이 너무 좋아용 ㅠㅠ 야장 하는 곳도 따로 있어서 캠핑 하는 분위기도 낼 수 있습니덩 잘 먹었습니당,65,True,,,,고기가 부들부들 질이 너무 좋아용 ㅠㅠ 야장 하는 곳도 따로 있어서 캠핑 하는 분위기도 낼 수 있습니덩 잘 먹었습니당,고기가 부들부들 질이 너무 좋아용 야장 하는 곳도 따로 있어서 캠핑 하는 분위기도 낼 수 있습니덩 잘 먹었습니당,0,0,0,1,0,0,0,65,분위기
kakao,능동미나리 성수점,도슐랭가이드,603.0,2025-11-25,,,《서울비빔밥》 상쾌하고 달짝지근한 비빔밥 군더더기 없이 깔끔해서 일본인이 좋아할듯?한 맛 3.5,53,False,3.0,3.3,블루 레벨,《서울비빔밥》 상쾌하고 달짝지근한 비빔밥 군더더기 없이 깔끔해서 일본인이 좋아할듯?한 맛 3.5,서울비빔밥 상쾌하고 달짝지근한 비빔밥 군더더기 없이 깔끔해서 일본인이 좋아할듯 QUESTION 한 맛 3 5,0,0,0,0,0,1,1,53,깔끔
naver,홍대 육지,gus****,23.0,2026.01.30,1번째 방문,영수증,오랜만에 합정 놀러와서 맛있는곳 찾아서 길가던중 매장이 너무 힙하고 맛있어 보여 들린 곳인데 고기 질도 너무 좋고 정말 맛있고 배불르게 먹고 가네오 합정 오신다면 2차가기전에 배부르게 삼겹살 먹고 가세영,113,True,,,,오랜만에 합정 놀러와서 맛있는곳 찾아서 길가던중 매장이 너무 힙하고 맛있어 보여 들린 곳인데 고기 질도 너무 좋고 정말 맛있고 배불르게 먹고 가네오 합정 오신다면 2차가기전에 배부르게 삼겹살 먹고 가세영,오랜만에 합정 놀러와서 맛있는곳 찾아서 길가던중 매장이 너무 힙하고 맛있어 보여 들린 곳인데 고기 질도 너무 좋고 정말 맛있고 배불르게 먹고 가네오 합정 오신다면 2차가기전에 배부르게 삼겹살 먹고 가세영,0,0,0,0,0,0,1,113,매장
kakao,뼈탄집 성수역점,함지수,1.0,2026-04-26,,,"주말 이른 저녁에 아이와 함께 방문한 뼈탄집 성수역점. 이른 시간이라 그런지 웨이팅 없이 비교적 여유롭게 들어갈 수 있었고, 매장도 전반적으로 깔끔한 느낌이었습니다. 아이와 함께 방문하다 보니 좌석 간격이나 분위기를 조금 보게 되는데, 크게 불편함 없이 식사하기 괜찮았어요. 직원분들도 요청드리는 부분에 빠르게 응대해주셔서 전반적으로 편안하게 식사할 수 있었습니다. 대표 메뉴인 뼈구이는 양념이 과하지 않고 적당히 자극적인 편이라 밥이랑 같이 먹기 좋았고, 고기도 잘 발라져서 먹기 편했어요. 아이랑 같이 먹기에도 크게 부담 없는 맛이었습니다. 주말 저녁 시간대에 가족 단위로 방문하기에도 무난한 곳이라, 성수 근처에서 식사할 곳 찾는 분들께 한 번쯤 가볼 만한 곳으로 생각됩니다.",381,True,5.0,5.0,브론즈 레벨,"주말 이른 저녁에 아이와 함께 방문한 뼈탄집 성수역점. 이른 시간이라 그런지 웨이팅 없이 비교적 여유롭게 들어갈 수 있었고, 매장도 전반적으로 깔끔한 느낌이었습니다. 아이와 함께 방문하다 보니 좌석 간격이나 분위기를 조금 보게 되는데, 크게 불편함 없이 식사하기 괜찮았어요. 직원분들도 요청드리는 부분에 빠르게 응대해주셔서 전반적으로 편안하게 식사할 수 있었습니다. 대표 메뉴인 뼈구이는 양념이 과하지 않고 적당히 자극적인 편이라 밥이랑 같이 먹기 좋았고, 고기도 잘 발라져서 먹기 편했어요. 아이랑 같이 먹기에도 크게 부담 없는 맛이었습니다. 주말 저녁 시간대에 가족 단위로 방문하기에도 무난한 곳이라, 성수 근처에서 식사할 곳 찾는 분들께 한 번쯤 가볼 만한 곳으로 생각됩니다.",주말 이른 저녁에 아이와 함께 방문한 뼈탄집 성수역점 이른 시간이라 그런지 웨이팅 없이 비교적 여유롭게 들어갈 수 있었고 매장도 전반적으로 깔끔한 느낌이었습니다 아이와 함께 방문하다 보니 좌석 간격이나 분위기를 조금 보게 되는데 크게 불편함 없이 식사하기 괜찮았어요 직원분들도 요청드리는 부분에 빠르게 응대해주셔서 전반적으로 편안하게 식사할 수 있었습니다 대표 메뉴인 뼈구이는 양념이 과하지 않고 적당히 자극적인 편이라 밥이랑 같이 먹기 좋았고 고기도 잘 발라져서 먹기 편했어요 아이랑 같이 먹기에도 크게 부담 없는 맛이었습니다 주말 저녁 시간대에 가족 단위로 방문하기에도 무난한 곳이라 성수 근처에서 식사할 곳 찾는 분들께 한 번쯤 가볼 만한 곳으로 생각됩니다,0,0,0,0,0,0,0,381,"분위기, 매장, 깔끔"
naver,금금 성수점,놀튼,27.0,2026.04.12,1번째 방문,영수증,음식들도 너무 맛있고 분위기도 좋아요!!,22,True,,,,음식들도 너무 맛있고 분위기도 좋아요!!,음식들도 너무 맛있고 분위기도 좋아요 EXCLAM,0,0,0,0,1,0,0,22,분위기
naver,황금콩밭,dpfls,259.0,2025.02.12,1번째 방문,영수증,청국장과 두부 짜글이 먹었습니다. 전체적으로 깔끔하고 정갈한 맛이었어요👍👍 사진에는 없지만 소쿠리두부 포장해서 먹어봤는데 고소하고 부드럽고 간장없어도 간이 딱 맞아요! 다음에 다른 메뉴들도 먹어보고싶어요 두부 좋아하는 분들에게 강력 추천하고 싶은 곳입니다,142,True,,,,청국장과 두부 짜글이 먹었습니다. 전체적으로 깔끔하고 정갈한 맛이었어요👍👍 사진에는 없지만 소쿠리두부 포장해서 먹어봤는데 고소하고 부드럽고 간장없어도 간이 딱 맞아요! 다음에 다른 메뉴들도 먹어보고싶어요 두부 좋아하는 분들에게 강력 추천하고 싶은 곳입니다,청국장과 두부 짜글이 먹었습니다 전체적으로 깔끔하고 정갈한 맛이었어요 EMO_POS EMO_POS 사진에는 없지만 소쿠리두부 포장해서 먹어봤는데 고소하고 부드럽고 간장없어도 간이 딱 맞아요 EXCLAM 다음에 다른 메뉴들도 먹어보고싶어요 두부 좋아하는 분들에게 강력 추천하고 싶은 곳입니다,1,0,0,0,1,0,0,142,깔끔
naver,각시보쌈,나나누나42,78.0,2025.07.11,1번째 방문,영수증,단체식사로 너무 좋은 장소일 것 같아요. 저는 혼밥했지만 혼밥이여도 눈치 안보입니다! 혼밥인 손님들이 많나봐요~ 점심 1인정식 메뉴가 야무지고 맛있어서 좋았어요.,90,True,,,,단체식사로 너무 좋은 장소일 것 같아요. 저는 혼밥했지만 혼밥이여도 눈치 안보입니다! 혼밥인 손님들이 많나봐요~ 점심 1인정식 메뉴가 야무지고 맛있어서 좋았어요.,단체식사로 너무 좋은 장소일 것 같아요 저는 혼밥했지만 혼밥이여도 눈치 안보입니다 EXCLAM 혼밥인 손님들이 많나봐요 점심 1인정식 메뉴가 야무지고 맛있어서 좋았어요,0,0,0,0,1,0,1,90,혼밥
kakao,옥동식 서교점,Jin,42.0,2025-06-21,,,역시 맛있어요.. 테이블 수가 적어서 오래기다려야하는게 단점 ㅠ,35,True,5.0,3.6,실버 레벨,역시 맛있어요.. 테이블 수가 적어서 오래기다려야하는게 단점 ㅠ,역시 맛있어요 테이블 수가 적어서 오래기다려야하는게 단점,0,0,0,0,0,0,0,35,테이블
kakao,각시보쌈,솥뚜껑,1.0,2025-09-19,,,여기 맛은 있는데 위생이… 수저 설거지한거 정리하는데 바닥에 떨어진거(신발신고 다니는 바닥) 다시 걍 주워서 통에 넣음,66,False,1.0,1.0,브론즈 레벨,여기 맛은 있는데 위생이… 수저 설거지한거 정리하는데 바닥에 떨어진거(신발신고 다니는 바닥) 다시 걍 주워서 통에 넣음,여기 맛은 있는데 위생이 수저 설거지한거 정리하는데 바닥에 떨어진거 신발신고 다니는 바닥 다시 걍 주워서 통에 넣음,0,0,0,0,0,0,0,66,위생
naver,옥동식,겨울눈이펑펑,400.0,2025.04.26,1번째 방문,영수증,캐치테이블 예약하고 방문했고 좌석이 많지 않다보니 생각보다 대기시간 더 걸린다 생각하는게 좋을 것 같아요! 국밥 보통이랑 만두 주문했고 국밥 첫맛은 응? 으응? 할 정도로 슴슴하고 단맛은 1도 없어요! 담백 건강함 그자체! 국밥의 고기가 엄청 부드러워 좋았고 양념장 역시 짭짤함만 더해 줍니다. 국밥계의 평냉 느낌!!! 만두는 건강한 김치만두맛! 맛있어요! 개인적으로는 후추를 살짝 뿌린다면 더 맛있게 먹었을 것 같아요!,235,True,,,,캐치테이블 예약하고 방문했고 좌석이 많지 않다보니 생각보다 대기시간 더 걸린다 생각하는게 좋을 것 같아요! 국밥 보통이랑 만두 주문했고 국밥 첫맛은 응? 으응? 할 정도로 슴슴하고 단맛은 1도 없어요! 담백 건강함 그자체! 국밥의 고기가 엄청 부드러워 좋았고 양념장 역시 짭짤함만 더해 줍니다. 국밥계의 평냉 느낌!!! 만두는 건강한 김치만두맛! 맛있어요! 개인적으로는 후추를 살짝 뿌린다면 더 맛있게 먹었을 것 같아요!,캐치테이블 예약하고 방문했고 좌석이 많지 않다보니 생각보다 대기시간 더 걸린다 생각하는게 좋을 것 같아요 EXCLAM 국밥 보통이랑 만두 주문했고 국밥 첫맛은 응 QUESTION 으응 QUESTION 할 정도로 슴슴하고 단맛은 1도 없어요 EXCLAM 담백 건강함 그자체 EXCLAM 국밥의 고기가 엄청 부드러워 좋았고 양념장 역시 짭짤함만 더해 줍니다 국밥계의 평냉 느낌 EXCLAM 만두는 건강한 김치만두맛 EXCLAM 맛있어요 EXCLAM 개인적으로는 후추를 살짝 뿌린다면 더 맛있게 먹었을 것 같아요 EXCLAM,0,0,0,0,1,1,1,235,테이블
naver,이태리국시 성수,빠라밤7489,34.0,2026.02.20,1번째 방문,영수증,서울 여행와서 처음 방문한 곳인데 분위기도 고급지고 한식과 양식의 조화가 한국인의 입맛에 맞춘듯 너무 맛있게 잘먹고 갑니다. 제가 추천한 곳으로 왔는데 가족들도 다 만족한 식사해서 기분좋게 먹고가요 다음에 또 방문하고 싶어요~^^.,129,True,,,,서울 여행와서 처음 방문한 곳인데 분위기도 고급지고 한식과 양식의 조화가 한국인의 입맛에 맞춘듯 너무 맛있게 잘먹고 갑니다. 제가 추천한 곳으로 왔는데 가족들도 다 만족한 식사해서 기분좋게 먹고가요 다음에 또 방문하고 싶어요~^^.,서울 여행와서 처음 방문한 곳인데 분위기도 고급지고 한식과 양식의 조화가 한국인의 입맛에 맞춘듯 너무 맛있게 잘먹고 갑니다 제가 추천한 곳으로 왔는데 가족들도 다 만족한 식사해서 기분좋게 먹고가요 다음에 또 방문하고 싶어요,0,0,0,0,0,0,0,129,분위기
naver,육산장 홍대본점,bas****,6.0,2026.03.28,1번째 방문,영수증,"주말 저녁에 방문했는데 분위기가 너무 좋아서 도심 속에서 잠깐 여행 온 느낌이었어요 🏕️✨ 웨이팅 없이 바로 들어갈 수 있어서 더 좋았고, 여유롭게 힐링하고 갑니다 🤍 홍대 오면 또 생각날 것 같아요! 다음에 재방문할게요 💖",125,True,,,,"주말 저녁에 방문했는데 분위기가 너무 좋아서 도심 속에서 잠깐 여행 온 느낌이었어요 🏕️✨ 웨이팅 없이 바로 들어갈 수 있어서 더 좋았고, 여유롭게 힐링하고 갑니다 🤍 홍대 오면 또 생각날 것 같아요! 다음에 재방문할게요 💖",주말 저녁에 방문했는데 분위기가 너무 좋아서 도심 속에서 잠깐 여행 온 느낌이었어요 EMO_POS 웨이팅 없이 바로 들어갈 수 있어서 더 좋았고 여유롭게 힐링하고 갑니다 EMO_POS 홍대 오면 또 생각날 것 같아요 EXCLAM 다음에 재방문할게요 EMO_POS,1,0,0,0,1,0,0,125,분위기
naver,조선시대,Hkbshg,9.0,2026.03.12,1번째 방문,영수증,조선시대 컨셉이라 분위기가 재미있고 친구들이랑 술 한잔하기 좋았어요. 술국 시켰는데 국물이 얼큰하고 건더기도 푸짐해서 술안주로 딱이네요. 편하게 이야기하면서 마시기 좋은 곳이라 재방문 생각 있습니다 =),113,True,,,,조선시대 컨셉이라 분위기가 재미있고 친구들이랑 술 한잔하기 좋았어요. 술국 시켰는데 국물이 얼큰하고 건더기도 푸짐해서 술안주로 딱이네요. 편하게 이야기하면서 마시기 좋은 곳이라 재방문 생각 있습니다 =),조선시대 컨셉이라 분위기가 재미있고 친구들이랑 술 한잔하기 좋았어요 술국 시켰는데 국물이 얼큰하고 건더기도 푸짐해서 술안주로 딱이네요 편하게 이야기하면서 마시기 좋은 곳이라 재방문 생각 있습니다,0,0,0,0,0,0,0,113,분위기
naver,이태리국시 성수,하네지1,22.0,2026.03.01,1번째 방문,영수증,음식이 특별하고 맛있었어요. 데이트 하러 왔습니다 한식이랑 퓨전인 것 같아서 신기해서 먹어봤는데 너무 맛있습니다. 분위기도 너무 좋고 직원들도 친절하셔서 너무 맛있게 먹었습니다! 번창하세요💜💜,107,True,,,,음식이 특별하고 맛있었어요. 데이트 하러 왔습니다 한식이랑 퓨전인 것 같아서 신기해서 먹어봤는데 너무 맛있습니다. 분위기도 너무 좋고 직원들도 친절하셔서 너무 맛있게 먹었습니다! 번창하세요💜💜,음식이 특별하고 맛있었어요 데이트 하러 왔습니다 한식이랑 퓨전인 것 같아서 신기해서 먹어봤는데 너무 맛있습니다 분위기도 너무 좋고 직원들도 친절하셔서 너무 맛있게 먹었습니다 EXCLAM 번창하세요 EMO_POS EMO_POS,1,0,0,0,1,0,0,107,"분위기, 데이트"
naver,금금 성수점,snk****,82.0,2026.04.13,1번째 방문,영수증,맛있고 가성비 있어요! 음식이 깔끔해요,21,True,,,,맛있고 가성비 있어요! 음식이 깔끔해요,맛있고 가성비 있어요 EXCLAM 음식이 깔끔해요,0,0,0,0,1,0,0,21,깔끔
kakao,뼈탄집 성수역점,오영현,1.0,2026-04-04,,,매장도 쾌적하고 무엇보다 뼈삼겹살 맛이 미쳤습니다!! 또 올게요,35,True,5.0,5.0,브론즈 레벨,매장도 쾌적하고 무엇보다 뼈삼겹살 맛이 미쳤습니다!! 또 올게요,매장도 쾌적하고 무엇보다 뼈삼겹살 맛이 미쳤습니다 EXCLAM 또 올게요,0,0,0,0,1,0,0,35,"매장, 쾌적"
naver,육산장 홍대본점,zha****,8.0,2026.03.21,1번째 방문,영수증,여자친구랑 홍대 놀러왔다가 너무 맛있어서 많이 먹은곳입니다. 너무너무 맛있어요 분위기도 좋아서 술도 잘 들어가고 특히 갈매기살이 정말 맛있습니다 추천래드려요,87,True,,,,여자친구랑 홍대 놀러왔다가 너무 맛있어서 많이 먹은곳입니다. 너무너무 맛있어요 분위기도 좋아서 술도 잘 들어가고 특히 갈매기살이 정말 맛있습니다 추천래드려요,여자친구랑 홍대 놀러왔다가 너무 맛있어서 많이 먹은곳입니다 너무너무 맛있어요 분위기도 좋아서 술도 잘 들어가고 특히 갈매기살이 정말 맛있습니다 추천래드려요,0,0,0,0,0,0,0,87,분위기
naver,쭌곱창,kis****,3.0,2026.03.13,1번째 방문,영수증,분위기 좋고 맛도있네요,12,True,,,,분위기 좋고 맛도있네요,분위기 좋고 맛도있네요,0,0,0,0,0,0,0,12,분위기
naver,옥동식,모르는 개 산책25,123.0,2026.03.10,1번째 방문,영수증,캐치테이블로 웨이팅하고 현장 대기해서 먹은 옥동식 돼지곰탕 첫 국물 한 숟가락 떠먹어보고 기존 곰탕이나 돼지국밥과는 전혀 다른맛(?)에 몇 숟가락을 연달아 떠먹어보았습니다 국물이 깔끔하니 너무 맛있네요!! 자극적이거나 요란하지 않고 고급진 맛 보통과 특 차이는 고기양이라고 하던데 밥 한 숟가락에 고기 한점 그 위에 고추지 올려서 먹었는데 완벽한 조합! 고기양도 적지 않아요 함께 시킨 김치만두도 속도 차고 살짝 칼칼하니 돼지곰탕과 먹기에 어울려서 아주 만족스런 점심 식사였습니다👍 👍 👍 자주 가고 싶다~~~^^,287,True,,,,캐치테이블로 웨이팅하고 현장 대기해서 먹은 옥동식 돼지곰탕 첫 국물 한 숟가락 떠먹어보고 기존 곰탕이나 돼지국밥과는 전혀 다른맛(?)에 몇 숟가락을 연달아 떠먹어보았습니다 국물이 깔끔하니 너무 맛있네요!! 자극적이거나 요란하지 않고 고급진 맛 보통과 특 차이는 고기양이라고 하던데 밥 한 숟가락에 고기 한점 그 위에 고추지 올려서 먹었는데 완벽한 조합! 고기양도 적지 않아요 함께 시킨 김치만두도 속도 차고 살짝 칼칼하니 돼지곰탕과 먹기에 어울려서 아주 만족스런 점심 식사였습니다👍 👍 👍 자주 가고 싶다~~~^^,캐치테이블로 웨이팅하고 현장 대기해서 먹은 옥동식 돼지곰탕 첫 국물 한 숟가락 떠먹어보고 기존 곰탕이나 돼지국밥과는 전혀 다른맛 QUESTION 에 몇 숟가락을 연달아 떠먹어보았습니다 국물이 깔끔하니 너무 맛있네요 EXCLAM 자극적이거나 요란하지 않고 고급진 맛 보통과 특 차이는 고기양이라고 하던데 밥 한 숟가락에 고기 한점 그 위에 고추지 올려서 먹었는데 완벽한 조합 EXCLAM 고기양도 적지 않아요 함께 시킨 김치만두도 속도 차고 살짝 칼칼하니 돼지곰탕과 먹기에 어울려서 아주 만족스런 점심 식사였습니다 EMO_POS EMO_POS EMO_POS 자주 가고 싶다 TILDE,1,0,0,0,1,1,0,287,"테이블, 깔끔"
kakao,홍대 조선시대,고태욱,1.0,2026-02-04,,,말차막걸리랑 딸기막걸리 먹으러 왔는데 가게 인테리어도 너무 좋고 안주도 너무 맛있어요!,48,True,5.0,5.0,브론즈 레벨,말차막걸리랑 딸기막걸리 먹으러 왔는데 가게 인테리어도 너무 좋고 안주도 너무 맛있어요!,말차막걸리랑 딸기막걸리 먹으러 왔는데 가게 인테리어도 너무 좋고 안주도 너무 맛있어요 EXCLAM,0,0,0,0,1,0,0,48,인테리어
naver,육산장 홍대본점,jjeonjjaehyun,33.0,2026.02.15,1번째 방문,영수증,구성도 엄청 좋고 분위기가 대박이에요 꼭 어디 놀러 온 거 같아요! 고기도 초벌해주셔서 굽기 편하고 넘 좋습니다,62,True,,,,구성도 엄청 좋고 분위기가 대박이에요 꼭 어디 놀러 온 거 같아요! 고기도 초벌해주셔서 굽기 편하고 넘 좋습니다,구성도 엄청 좋고 분위기가 대박이에요 꼭 어디 놀러 온 거 같아요 EXCLAM 고기도 초벌해주셔서 굽기 편하고 넘 좋습니다,0,0,0,0,1,0,0,62,분위기
naver,락희옥 마포본점,010****,7.0,2025.11.21,1번째 방문,영수증,깔끔하고 맛있네요~~ 오랫만에 방문했는데 역쉬 변함없이 친절하고 맛있어요,40,True,,,,깔끔하고 맛있네요~~ 오랫만에 방문했는데 역쉬 변함없이 친절하고 맛있어요,깔끔하고 맛있네요 TILDE 오랫만에 방문했는데 역쉬 변함없이 친절하고 맛있어요,0,0,0,0,0,0,0,40,깔끔
naver,굴다리식당,지지지지지지지예,1805.0,2025.06.14,1번째 방문,영수증,오래된 맛집이긴한데 제 입에는 김치찌개가 좀 시고 불친절+청결하지 못했어요ㅠ. 아쉽네요,48,False,,,,오래된 맛집이긴한데 제 입에는 김치찌개가 좀 시고 불친절+청결하지 못했어요ㅠ. 아쉽네요,오래된 맛집이긴한데 제 입에는 김치찌개가 좀 시고 불친절 청결하지 못했어요 아쉽네요,0,0,0,0,0,0,0,48,청결
naver,일등식당,진지한내돈내산리뷰,138.0,2026.01.04,1번째 방문,예약,공영주차장도 자리가 없어서 자차보다는 대중교통을 추천해요 점심시간을 이용했지만 대기줄이 길었고 추운날씨에 딱 어울리는 음식이에요 김치도 맛있고 소스도 달짝지근해서 고기랑 잘 어울려요 담백한 감자탕 좋아하시면 입맛에 잘 맞을 것 같아요,130,True,,,,공영주차장도 자리가 없어서 자차보다는 대중교통을 추천해요 점심시간을 이용했지만 대기줄이 길었고 추운날씨에 딱 어울리는 음식이에요 김치도 맛있고 소스도 달짝지근해서 고기랑 잘 어울려요 담백한 감자탕 좋아하시면 입맛에 잘 맞을 것 같아요,공영주차장도 자리가 없어서 자차보다는 대중교통을 추천해요 점심시간을 이용했지만 대기줄이 길었고 추운날씨에 딱 어울리는 음식이에요 김치도 맛있고 소스도 달짝지근해서 고기랑 잘 어울려요 담백한 감자탕 좋아하시면 입맛에 잘 맞을 것 같아요,0,0,0,0,0,0,0,130,"자리, 주차"
naver,옥동식,주류전형,559.0,2026.01.20,2번째 방문,영수증,"점심에 옥동식에서 곰탕 한 그릇 했는데, 역시 국물이 깊고 진하게 우러나서 한 숟갈 뜨자마자 만족감이 확 옵니다. 밥과 국이 리필이 가능해서 보통만 시켜도 배부르게 먹을 수 있어요. 김치랑 고추지도 깔끔하고 입맛 살려줘서 곰탕이 더 맛있게 느껴집니다. 얇게 썬 고기가 국물에 스며 부드럽게 넘어가는 게 진짜 매력 포인트예요. 기다림이 길어도 한 번쯤은 꼭 가볼 만한 곳입니다.",210,True,,,,"점심에 옥동식에서 곰탕 한 그릇 했는데, 역시 국물이 깊고 진하게 우러나서 한 숟갈 뜨자마자 만족감이 확 옵니다. 밥과 국이 리필이 가능해서 보통만 시켜도 배부르게 먹을 수 있어요. 김치랑 고추지도 깔끔하고 입맛 살려줘서 곰탕이 더 맛있게 느껴집니다. 얇게 썬 고기가 국물에 스며 부드럽게 넘어가는 게 진짜 매력 포인트예요. 기다림이 길어도 한 번쯤은 꼭 가볼 만한 곳입니다.",점심에 옥동식에서 곰탕 한 그릇 했는데 역시 국물이 깊고 진하게 우러나서 한 숟갈 뜨자마자 만족감이 확 옵니다 밥과 국이 리필이 가능해서 보통만 시켜도 배부르게 먹을 수 있어요 김치랑 고추지도 깔끔하고 입맛 살려줘서 곰탕이 더 맛있게 느껴집니다 얇게 썬 고기가 국물에 스며 부드럽게 넘어가는 게 진짜 매력 포인트예요 기다림이 길어도 한 번쯤은 꼭 가볼 만한 곳입니다,0,0,0,0,0,0,0,210,깔끔
naver,금금 성수점,슈퍼파워마미93,24.0,2026.03.24,1번째 방문,영수증,첫방문!기대이상으로 너무 맛있어요!! 성수데이트 저녁코스 적극추천합니다!!! 또 오고싶어요~,51,True,,,,첫방문!기대이상으로 너무 맛있어요!! 성수데이트 저녁코스 적극추천합니다!!! 또 오고싶어요~,첫방문 EXCLAM 기대이상으로 너무 맛있어요 EXCLAM 성수데이트 저녁코스 적극추천합니다 EXCLAM 또 오고싶어요,0,0,0,0,1,0,0,51,데이트
naver,소문난성수감자탕,YHYOONEE,63.0,2025.11.23,1번째 방문,영수증,유명한 곳 드디어 방문해 봤어요. 무난하게 맛있었습니다. 주차가 기계식이라고 들어서 주변 다른 공영주차장에 주차했어요. 안쪽 테이블을 담당해 주셨던 직원분이 너무 친절하셔서 기분 좋게 식사할 수 있었습니다.,115,True,,,,유명한 곳 드디어 방문해 봤어요. 무난하게 맛있었습니다. 주차가 기계식이라고 들어서 주변 다른 공영주차장에 주차했어요. 안쪽 테이블을 담당해 주셨던 직원분이 너무 친절하셔서 기분 좋게 식사할 수 있었습니다.,유명한 곳 드디어 방문해 봤어요 무난하게 맛있었습니다 주차가 기계식이라고 들어서 주변 다른 공영주차장에 주차했어요 안쪽 테이블을 담당해 주셨던 직원분이 너무 친절하셔서 기분 좋게 식사할 수 있었습니다,0,0,0,0,0,0,0,115,"테이블, 주차"
naver,훼미리손칼국수보쌈,cha****,1367.0,2025.08.17,1번째 방문,영수증,보쌈정식3인분에 만두를추가했어요 보쌈이따뜻하고 부드러워 잘넘어가네요 성수동노포분위기로 옛향수를느끼게합니다!!,60,True,,,,보쌈정식3인분에 만두를추가했어요 보쌈이따뜻하고 부드러워 잘넘어가네요 성수동노포분위기로 옛향수를느끼게합니다!!,보쌈정식3인분에 만두를추가했어요 보쌈이따뜻하고 부드러워 잘넘어가네요 성수동노포분위기로 옛향수를느끼게합니다 EXCLAM,0,0,0,0,1,0,1,60,분위기
kakao,육산장 홍대본점,예감감삼,4.0,2025-05-05,,,삼겹 항정 세트 먹었구요 분위기 낭만 죽여요.. 술쟁이 추천 근데 웨이팅 하시는 분들 눈치 좀 보여욯ㅅㅎ,58,True,5.0,3.5,브론즈 레벨,삼겹 항정 세트 먹었구요 분위기 낭만 죽여요.. 술쟁이 추천 근데 웨이팅 하시는 분들 눈치 좀 보여욯ㅅㅎ,삼겹 항정 세트 먹었구요 분위기 낭만 죽여요 술쟁이 추천 근데 웨이팅 하시는 분들 눈치 좀 보여욯,0,0,0,0,0,0,0,58,분위기
naver,훼미리손칼국수보쌈,맛집구름,65.0,2025.07.05,1번째 방문,예약,"나혼산에서 보고 혼밥하러 토요일 4시쯤 갔는데 대기는 없었어요 ! 혼밥러들 합석 후기를 봤는데 자리가 널널해서 저는 편하게 그냥 혼자 먹고 나왔어요 일단 이 조합이 미쳤습니다… 이 가격에 밥 조금, 보쌈, 칼국수 혼자 다 먹느라 힘들었네요 😅 밥은 아예 못먹었고 고기도 생각보다 양이 많았어요.. !!얼마전에 서촌에서 유명한 보쌈정식 먹었는데 거기보다 더 맛있고 구성이 좋았습니다 아 그리고 식기전에 드셔야 안뻑뻑하고 맛있는거 같아요 ㅎㅎ 저는 성수 갈 일 있으면 무조건 여기 갈거 같아요 15000원에 요즘 이런곳이 있다니 내돈내산 강추합니다.",305,True,,,,"나혼산에서 보고 혼밥하러 토요일 4시쯤 갔는데 대기는 없었어요 ! 혼밥러들 합석 후기를 봤는데 자리가 널널해서 저는 편하게 그냥 혼자 먹고 나왔어요 일단 이 조합이 미쳤습니다… 이 가격에 밥 조금, 보쌈, 칼국수 혼자 다 먹느라 힘들었네요 😅 밥은 아예 못먹었고 고기도 생각보다 양이 많았어요.. !!얼마전에 서촌에서 유명한 보쌈정식 먹었는데 거기보다 더 맛있고 구성이 좋았습니다 아 그리고 식기전에 드셔야 안뻑뻑하고 맛있는거 같아요 ㅎㅎ 저는 성수 갈 일 있으면 무조건 여기 갈거 같아요 15000원에 요즘 이런곳이 있다니 내돈내산 강추합니다.",나혼산에서 보고 혼밥하러 토요일 4시쯤 갔는데 대기는 없었어요 EXCLAM 혼밥러들 합석 후기를 봤는데 자리가 널널해서 저는 편하게 그냥 혼자 먹고 나왔어요 일단 이 조합이 미쳤습니다 이 가격에 밥 조금 보쌈 칼국수 혼자 다 먹느라 힘들었네요 밥은 아예 못먹었고 고기도 생각보다 양이 많았어요 EXCLAM 얼마전에 서촌에서 유명한 보쌈정식 먹었는데 거기보다 더 맛있고 구성이 좋았습니다 아 그리고 식기전에 드셔야 안뻑뻑하고 맛있는거 같아요 저는 성수 갈 일 있으면 무조건 여기 갈거 같아요 15000원에 요즘 이런곳이 있다니 내돈내산 강추합니다,0,0,0,0,1,0,1,305,"자리, 혼밥"
kakao,홍대 조선시대,조예은,1.0,2026-01-28,,,분위기 너무 좋고 직원분들도 친절해요 된장술밥 맛있습니다!,32,True,5.0,5.0,브론즈 레벨,분위기 너무 좋고 직원분들도 친절해요 된장술밥 맛있습니다!,분위기 너무 좋고 직원분들도 친절해요 된장술밥 맛있습니다 EXCLAM,0,0,0,0,1,0,0,32,분위기
naver,장인닭갈비 홍대점,소원406,10.0,2026.03.25,1번째 방문,영수증,친한 언니와 장인닭갈비에 저녁 먹으러 왔습니다! 사람도 너무 많았고 되게 바쁜 매장이였어요~ 5분정도 기다리고 입장했는데 직원분들도 너무 친절했고 서비스가 만족스러웠습니다! 닭갈비는 순한맛으로 주문했는데 맵찔이인 저에게는 딱 맞는 맵기였어요! 셀프바도 잘 되어있고 바쁜 와중에도 다들 친절하게 대해주셔서 기분좋게 식사하고 갔습니다! 재방문 의사 100프로예요!!♡♡ 늦게까지 하는 홍대 맛집으로 추천입니다!!♡,229,True,,,,친한 언니와 장인닭갈비에 저녁 먹으러 왔습니다! 사람도 너무 많았고 되게 바쁜 매장이였어요~ 5분정도 기다리고 입장했는데 직원분들도 너무 친절했고 서비스가 만족스러웠습니다! 닭갈비는 순한맛으로 주문했는데 맵찔이인 저에게는 딱 맞는 맵기였어요! 셀프바도 잘 되어있고 바쁜 와중에도 다들 친절하게 대해주셔서 기분좋게 식사하고 갔습니다! 재방문 의사 100프로예요!!♡♡ 늦게까지 하는 홍대 맛집으로 추천입니다!!♡,친한 언니와 장인닭갈비에 저녁 먹으러 왔습니다 EXCLAM 사람도 너무 많았고 되게 바쁜 매장이였어요 5분정도 기다리고 입장했는데 직원분들도 너무 친절했고 서비스가 만족스러웠습니다 EXCLAM 닭갈비는 순한맛으로 주문했는데 맵찔이인 저에게는 딱 맞는 맵기였어요 EXCLAM 셀프바도 잘 되어있고 바쁜 와중에도 다들 친절하게 대해주셔서 기분좋게 식사하고 갔습니다 EXCLAM 재방문 의사 100프로예요 EXCLAM EMO_POS EMO_POS 늦게까지 하는 홍대 맛집으로 추천입니다 EXCLAM EMO_POS,1,0,0,0,1,0,1,229,매장
naver,옥동식,김맹두,23.0,2025.10.07,1번째 방문,예약,오랜만에 방문 했는데 사람이 더 많아졌네요. 다음부터는 꼭 예약을 미리 하고 가야겠어요. 음식은 맑은 돼지국밥으로 맛이 아주 깔끔하고 담백합니다. 10석 정도 되는 다찌식 공간에서 조용하고 차분하게 식사 할 수 있어서 좋아요.,126,True,,,,오랜만에 방문 했는데 사람이 더 많아졌네요. 다음부터는 꼭 예약을 미리 하고 가야겠어요. 음식은 맑은 돼지국밥으로 맛이 아주 깔끔하고 담백합니다. 10석 정도 되는 다찌식 공간에서 조용하고 차분하게 식사 할 수 있어서 좋아요.,오랜만에 방문 했는데 사람이 더 많아졌네요 다음부터는 꼭 예약을 미리 하고 가야겠어요 음식은 맑은 돼지국밥으로 맛이 아주 깔끔하고 담백합니다 10석 정도 되는 다찌식 공간에서 조용하고 차분하게 식사 할 수 있어서 좋아요,0,0,0,0,0,0,1,126,"공간, 깔끔, 조용, 차분"
kakao,일등식당,밍,101.0,2025-08-14,,,뼈해장국 Top5 위생은 잘 모르겠네요,21,True,4.0,3.4,실버 레벨,뼈해장국 Top5 위생은 잘 모르겠네요,뼈해장국 Top5 위생은 잘 모르겠네요,0,0,0,0,0,0,1,21,위생
kakao,이태리국시 성수,이상아,1.0,2026-04-07,,,점심 특선으로 먹었는데 맛도 분위기도 너무 좋아요!!,29,True,5.0,5.0,브론즈 레벨,점심 특선으로 먹었는데 맛도 분위기도 너무 좋아요!!,점심 특선으로 먹었는데 맛도 분위기도 너무 좋아요 EXCLAM,0,0,0,0,1,0,0,29,분위기
kakao,육산장 홍대본점,임혜연,1.0,2025-12-28,,,분위기도 좋고 맛은 더더욱 좋았습니다! 데이트 코스로 추천하는 곳이고 자주 방문할것같아요!!,51,True,5.0,5.0,브론즈 레벨,분위기도 좋고 맛은 더더욱 좋았습니다! 데이트 코스로 추천하는 곳이고 자주 방문할것같아요!!,분위기도 좋고 맛은 더더욱 좋았습니다 EXCLAM 데이트 코스로 추천하는 곳이고 자주 방문할것같아요 EXCLAM,0,0,0,0,1,0,0,51,"분위기, 데이트"
kakao,이태리국시 성수,정현,1.0,2026-04-11,,,분위기가 너무 좋아요! 룸도 있어서 프라이빗하게도 먹을 수 있을것 같아요. 메뉴도 특별하고 맛있어요 ~,57,True,4.0,4.0,브론즈 레벨,분위기가 너무 좋아요! 룸도 있어서 프라이빗하게도 먹을 수 있을것 같아요. 메뉴도 특별하고 맛있어요 ~,분위기가 너무 좋아요 EXCLAM 룸도 있어서 프라이빗하게도 먹을 수 있을것 같아요 메뉴도 특별하고 맛있어요,0,0,0,0,1,0,0,57,분위기
kakao,소문난성수감자탕,곰돌이,11.0,2025-05-11,,,맛도 평범하고 크게 특별한 곳이 없는데 왜 유명한지 모르겠어요 사람도 너무 많고 좌석 간격이 좁아서 직원분들 감자탕 냄비 서빙할 때마다 불안하고 의자에 걸어둔 코트나 가방은 계속 떨어지고 ㅠㅠ 외국인 관광객이 많아 엄청 시끄러워요,128,False,3.0,4.5,브론즈 레벨,맛도 평범하고 크게 특별한 곳이 없는데 왜 유명한지 모르겠어요 사람도 너무 많고 좌석 간격이 좁아서 직원분들 감자탕 냄비 서빙할 때마다 불안하고 의자에 걸어둔 코트나 가방은 계속 떨어지고 ㅠㅠ 외국인 관광객이 많아 엄청 시끄러워요,맛도 평범하고 크게 특별한 곳이 없는데 왜 유명한지 모르겠어요 사람도 너무 많고 좌석 간격이 좁아서 직원분들 감자탕 냄비 서빙할 때마다 불안하고 의자에 걸어둔 코트나 가방은 계속 떨어지고 외국인 관광객이 많아 엄청 시끄러워요,0,0,0,1,0,0,0,128,좁
naver,조선시대,gianchoi,65.0,2026.04.24,1번째 방문,영수증,친구 추천으로 왔는데 분위기 대박이네요!! 메뉴도 다행해서 기대되요 ㅎㅎ 다음엔 다른메뉴 먹어볼게요~,56,True,,,,친구 추천으로 왔는데 분위기 대박이네요!! 메뉴도 다행해서 기대되요 ㅎㅎ 다음엔 다른메뉴 먹어볼게요~,친구 추천으로 왔는데 분위기 대박이네요 EXCLAM 메뉴도 다행해서 기대되요 다음엔 다른메뉴 먹어볼게요,0,0,0,0,1,0,0,56,분위기
naver,육산장 홍대본점,예성,14.0,2026.03.14,1번째 방문,영수증,"냄새에 이끌려서 지나칠 수 없었는데 왠열 분위기가 개쩔음!!!!!!! 초벌 해서 나와서 편안하고 김치도 짱 맛있어요,,,, 돼지 고기도 맛있습니당!!! 이 분위기에 이 맛인데 비싼편이라고 느껴지지도 않았어요 또 올게요~",122,True,,,,"냄새에 이끌려서 지나칠 수 없었는데 왠열 분위기가 개쩔음!!!!!!! 초벌 해서 나와서 편안하고 김치도 짱 맛있어요,,,, 돼지 고기도 맛있습니당!!! 이 분위기에 이 맛인데 비싼편이라고 느껴지지도 않았어요 또 올게요~",냄새에 이끌려서 지나칠 수 없었는데 왠열 분위기가 개쩔음 EXCLAM 초벌 해서 나와서 편안하고 김치도 짱 맛있어요 돼지 고기도 맛있습니당 EXCLAM 이 분위기에 이 맛인데 비싼편이라고 느껴지지도 않았어요 또 올게요,0,0,0,0,1,0,0,122,분위기
kakao,육산장 홍대본점,이원빈,5.0,2025-06-02,,,저녁 타임은 오후 4시부터 오픈이라 미리왔어요 미리오면 캠핑 느낌나는 자리에서 맛나게 먹을 수 있어서 좋아요~~ 양도 많고 맛있고 분위기 좋아허 데이트 장소로 최적이예료~~,96,True,5.0,3.2,브론즈 레벨,저녁 타임은 오후 4시부터 오픈이라 미리왔어요 미리오면 캠핑 느낌나는 자리에서 맛나게 먹을 수 있어서 좋아요~~ 양도 많고 맛있고 분위기 좋아허 데이트 장소로 최적이예료~~,저녁 타임은 오후 4시부터 오픈이라 미리왔어요 미리오면 캠핑 느낌나는 자리에서 맛나게 먹을 수 있어서 좋아요 TILDE 양도 많고 맛있고 분위기 좋아허 데이트 장소로 최적이예료 TILDE,0,0,0,0,0,0,1,96,"분위기, 자리, 데이트"
kakao,태양곱창 성수,mewi,10.0,2025-07-06,,,진짜 맛없음요 아무리 끓여도 전혀 맛있어지지도 않고 주변 테이블 다 남기고 가더라구요 과거는 어땠는지 모르겠지만 지금은 아닌거같습니다,74,False,1.0,3.9,브론즈 레벨,진짜 맛없음요 아무리 끓여도 전혀 맛있어지지도 않고 주변 테이블 다 남기고 가더라구요 과거는 어땠는지 모르겠지만 지금은 아닌거같습니다,진짜 맛없음요 아무리 끓여도 전혀 맛있어지지도 않고 주변 테이블 다 남기고 가더라구요 과거는 어땠는지 모르겠지만 지금은 아닌거같습니다,0,0,0,0,0,0,0,74,테이블
kakao,홍대 조선시대,배유찬,1.0,2025-12-20,,,첨 왔는데~ 안주가 맛있고 분위기도 좋아요!! (직원/사장님 모두 친절해요!!❤️) 다음에 재방문 하고 싶어요:),63,True,5.0,5.0,브론즈 레벨,첨 왔는데~ 안주가 맛있고 분위기도 좋아요!! (직원/사장님 모두 친절해요!!❤️) 다음에 재방문 하고 싶어요:),첨 왔는데 안주가 맛있고 분위기도 좋아요 EXCLAM 직원 사장님 모두 친절해요 EXCLAM EMO_POS 다음에 재방문 하고 싶어요,1,0,0,0,1,0,0,63,분위기
kakao,할머니의레시피,곰곰,30.0,2025-11-01,,,"서울숲에서 이 가격에 정갈한 한정식 먹을 수 있어요 집밥입니다 그냥. 밥이 진짜 진짜 맛있음. 반찬도 다 깔끔하고 채소까지 신선해요!! 외국인 손님들이 대부분인데, 부모님 모시고 와도 될 듯. 어르신 손님들도 꽤 있었어요.",124,False,5.0,4.1,실버 레벨,"서울숲에서 이 가격에 정갈한 한정식 먹을 수 있어요 집밥입니다 그냥. 밥이 진짜 진짜 맛있음. 반찬도 다 깔끔하고 채소까지 신선해요!! 외국인 손님들이 대부분인데, 부모님 모시고 와도 될 듯. 어르신 손님들도 꽤 있었어요.",서울숲에서 이 가격에 정갈한 한정식 먹을 수 있어요 집밥입니다 그냥 밥이 진짜 진짜 맛있음 반찬도 다 깔끔하고 채소까지 신선해요 EXCLAM 외국인 손님들이 대부분인데 부모님 모시고 와도 될 듯 어르신 손님들도 꽤 있었어요,0,0,0,0,1,0,0,124,깔끔
naver,소문난성수감자탕,old times,319.0,2026.03.14,1번째 방문,영수증,거의 10년? 만에 방문한 성수동 헛! 한산했던 거리에 사람이 느므 많다 기억나는 곳은 이 감자탕집 뿐이라 다른 유혹 뿌리치고 대기 줄서서 10분 정도 기다림 둘이서 감자탕 소 장사가 잘되는 곳이고 저녁시간이라 감자탕이 자리에 앉는 동시에 나와버림 ㅋㅋㅋ 순환이 빨라서 재료가 신선하고 감자뼈가 엄청 야들거림 잡내 1도 없고 역시 이 근처 오면 난 여기가 답임 시레기랑 감자뼈 야무지게 발라 먹고 배불러서 볶음밥 고민을 옴총 함 하지만 결론은 역시 볶음밥은 먹어야지 배부를 쯤 옆 테이블이 보기 시작하는데 감자국식사라는 메뉴는 뼈해장국 같은데 정말 뚝배기에 뼈랑 우거지를 산 같이 쌓아 준다 차마 곱배기냐고 물어보지는 못했지만 다음엔 그걸 도전해봐야겠다 성수동 근처가면 일부러라도 들를법한,385,True,,,,거의 10년? 만에 방문한 성수동 헛! 한산했던 거리에 사람이 느므 많다 기억나는 곳은 이 감자탕집 뿐이라 다른 유혹 뿌리치고 대기 줄서서 10분 정도 기다림 둘이서 감자탕 소 장사가 잘되는 곳이고 저녁시간이라 감자탕이 자리에 앉는 동시에 나와버림 ㅋㅋㅋ 순환이 빨라서 재료가 신선하고 감자뼈가 엄청 야들거림 잡내 1도 없고 역시 이 근처 오면 난 여기가 답임 시레기랑 감자뼈 야무지게 발라 먹고 배불러서 볶음밥 고민을 옴총 함 하지만 결론은 역시 볶음밥은 먹어야지 배부를 쯤 옆 테이블이 보기 시작하는데 감자국식사라는 메뉴는 뼈해장국 같은데 정말 뚝배기에 뼈랑 우거지를 산 같이 쌓아 준다 차마 곱배기냐고 물어보지는 못했지만 다음엔 그걸 도전해봐야겠다 성수동 근처가면 일부러라도 들를법한,거의 10년 QUESTION 만에 방문한 성수동 헛 EXCLAM 한산했던 거리에 사람이 느므 많다 기억나는 곳은 이 감자탕집 뿐이라 다른 유혹 뿌리치고 대기 줄서서 10분 정도 기다림 둘이서 감자탕 소 장사가 잘되는 곳이고 저녁시간이라 감자탕이 자리에 앉는 동시에 나와버림 순환이 빨라서 재료가 신선하고 감자뼈가 엄청 야들거림 잡내 1도 없고 역시 이 근처 오면 난 여기가 답임 시레기랑 감자뼈 야무지게 발라 먹고 배불러서 볶음밥 고민을 옴총 함 하지만 결론은 역시 볶음밥은 먹어야지 배부를 쯤 옆 테이블이 보기 시작하는데 감자국식사라는 메뉴는 뼈해장국 같은데 정말 뚝배기에 뼈랑 우거지를 산 같이 쌓아 준다 차마 곱배기냐고 물어보지는 못했지만 다음엔 그걸 도전해봐야겠다 성수동 근처가면 일부러라도 들를법한,0,0,0,0,1,1,1,385,"자리, 테이블"
naver,조선시대,nexhyun,315.0,2026.01.27,1번째 방문,영수증,화려하고 레트로감성이 좋은 한옥컨셉의 홍대 대형술집이에요!! 자리도 진짜 많고 룸도 있어서 금토에도 웨이팅걱정 안해도 되고 흡연실 화장실 다 내부에 있어서 안나가고 술 왕창 먹기 가능!! 홍대단체모임장소로 강추해요🖤,120,True,,,,화려하고 레트로감성이 좋은 한옥컨셉의 홍대 대형술집이에요!! 자리도 진짜 많고 룸도 있어서 금토에도 웨이팅걱정 안해도 되고 흡연실 화장실 다 내부에 있어서 안나가고 술 왕창 먹기 가능!! 홍대단체모임장소로 강추해요🖤,화려하고 레트로감성이 좋은 한옥컨셉의 홍대 대형술집이에요 EXCLAM 자리도 진짜 많고 룸도 있어서 금토에도 웨이팅걱정 안해도 되고 흡연실 화장실 다 내부에 있어서 안나가고 술 왕창 먹기 가능 EXCLAM 홍대단체모임장소로 강추해요 EMO_POS,1,0,0,0,1,0,0,120,"내부, 자리, 화장실"
naver,이태리국시 성수,단델리온87,15.0,2026.05.02,1번째 방문,영수증,성수동 이태리국시집 방문! 반계리조또 고소하고 진해서 계속 손이 가요. 닭고기도 부드럽고 양도 넉넉해서 든든했습니다. 곱창 국시는 적당한 칼칼함에 면 식감도 쫄깃해서 밸런스가 좋아요. 분위기도 깔끔해서 재방문 의사 있어요.,124,True,,,,성수동 이태리국시집 방문! 반계리조또 고소하고 진해서 계속 손이 가요. 닭고기도 부드럽고 양도 넉넉해서 든든했습니다. 곱창 국시는 적당한 칼칼함에 면 식감도 쫄깃해서 밸런스가 좋아요. 분위기도 깔끔해서 재방문 의사 있어요.,성수동 이태리국시집 방문 EXCLAM 반계리조또 고소하고 진해서 계속 손이 가요 닭고기도 부드럽고 양도 넉넉해서 든든했습니다 곱창 국시는 적당한 칼칼함에 면 식감도 쫄깃해서 밸런스가 좋아요 분위기도 깔끔해서 재방문 의사 있어요,0,0,0,0,1,0,0,124,"분위기, 깔끔"
naver,원조 조박집 본관,모닝10,137.0,2025.06.03,1번째 방문,영수증,마포 갈비 맛집!! 11시30분 오픈 런!! 역시 자리없는 만석 수제 돼지갈비도 맛있지만 열무김치 너무 맛있어요 된장찌개 밥 👍 👍 👍,75,True,,,,마포 갈비 맛집!! 11시30분 오픈 런!! 역시 자리없는 만석 수제 돼지갈비도 맛있지만 열무김치 너무 맛있어요 된장찌개 밥 👍 👍 👍,마포 갈비 맛집 EXCLAM 11시30분 오픈 런 EXCLAM 역시 자리없는 만석 수제 돼지갈비도 맛있지만 열무김치 너무 맛있어요 된장찌개 밥 EMO_POS EMO_POS EMO_POS,1,0,0,0,1,0,1,75,자리
naver,이태리국시 성수,khj24,24.0,2026.04.11,1번째 방문,영수증,성수 서울숲 데이트 하러 온김에 온 이태리국시 성수점입니다 한국 퓨전 양식 좋아하는 사람이라면 만족하면서 먹을수 있을만한 집입니다 특히 빈계마늘리조또랑 갈비 알배추 샐러드가 맛있네요~,102,True,,,,성수 서울숲 데이트 하러 온김에 온 이태리국시 성수점입니다 한국 퓨전 양식 좋아하는 사람이라면 만족하면서 먹을수 있을만한 집입니다 특히 빈계마늘리조또랑 갈비 알배추 샐러드가 맛있네요~,성수 서울숲 데이트 하러 온김에 온 이태리국시 성수점입니다 한국 퓨전 양식 좋아하는 사람이라면 만족하면서 먹을수 있을만한 집입니다 특히 빈계마늘리조또랑 갈비 알배추 샐러드가 맛있네요,0,0,0,0,0,0,0,102,데이트
naver,이태리국시 성수,xxxgg,112.0,2026.04.21,1번째 방문,영수증,분위기도 좋고 음식 그릇도 너무 정갈하고 예뻐서 데이트하러와도 좋을 것 같아요! 직원분들도 매우 친절하세요!,60,True,,,,분위기도 좋고 음식 그릇도 너무 정갈하고 예뻐서 데이트하러와도 좋을 것 같아요! 직원분들도 매우 친절하세요!,분위기도 좋고 음식 그릇도 너무 정갈하고 예뻐서 데이트하러와도 좋을 것 같아요 EXCLAM 직원분들도 매우 친절하세요 EXCLAM,0,0,0,0,1,0,0,60,"분위기, 데이트"
kakao,을밀대 본점,치킨마카롱,19.0,2025-08-26,,,기대하고 갔는데 실망… 우래옥이 훨씬 맛있었네요… 가게 내부도 소리 다 울려서 너무 시끄럽고 녹두전 크기가 저게 맞나싶을정도로 작아요…ㅋㅋㅋㅋ 이제 더이상 방문 안할겁니다..,97,True,1.0,3.2,실버 레벨,기대하고 갔는데 실망… 우래옥이 훨씬 맛있었네요… 가게 내부도 소리 다 울려서 너무 시끄럽고 녹두전 크기가 저게 맞나싶을정도로 작아요…ㅋㅋㅋㅋ 이제 더이상 방문 안할겁니다..,기대하고 갔는데 실망 우래옥이 훨씬 맛있었네요 가게 내부도 소리 다 울려서 너무 시끄럽고 녹두전 크기가 저게 맞나싶을정도로 작아요 이제 더이상 방문 안할겁니다,0,0,0,0,0,0,0,97,"내부, 시끄럽"
naver,육산장 홍대본점,박진형5325,33.0,2026.04.04,1번째 방문,영수증,"분위기 너무 좋은데, 깔끔해요 메뉴도 저렴하고 고기도 맛있어요",34,True,,,,"분위기 너무 좋은데, 깔끔해요 메뉴도 저렴하고 고기도 맛있어요",분위기 너무 좋은데 깔끔해요 메뉴도 저렴하고 고기도 맛있어요,0,0,0,0,0,0,0,34,"분위기, 깔끔"
naver,을밀대 평양냉면,cess2010,1214.0,2026.03.21,1번째 방문,영수증,"서울온 김에 을밀대...^^, 물냉면 면에도 맛이 느껴지네요...비냉은 쏘쏘~~~, 매장 내부는 레트로 감성이구요...복잡한 곳이라 평일에 오기는 쫌 무리인듯! 가격 물냉,비냉 ₩16,000원 ~~~.",112,True,,,,"서울온 김에 을밀대...^^, 물냉면 면에도 맛이 느껴지네요...비냉은 쏘쏘~~~, 매장 내부는 레트로 감성이구요...복잡한 곳이라 평일에 오기는 쫌 무리인듯! 가격 물냉,비냉 ₩16,000원 ~~~.",서울온 김에 을밀대 물냉면 면에도 맛이 느껴지네요 비냉은 쏘쏘 TILDE 매장 내부는 레트로 감성이구요 복잡한 곳이라 평일에 오기는 쫌 무리인듯 EXCLAM 가격 물냉 비냉 16 000원 TILDE,0,0,0,0,1,0,1,112,"매장, 내부"
kakao,이태리국시 성수,혜원,1.0,2026-04-17,,,데이트하러 오기 좋은 곳이에요!! 맛도 있구 분위기두 좋아요 피자 꼭 드셔보세요👍🏻👍🏻👍🏻,50,True,5.0,5.0,브론즈 레벨,데이트하러 오기 좋은 곳이에요!! 맛도 있구 분위기두 좋아요 피자 꼭 드셔보세요👍🏻👍🏻👍🏻,데이트하러 오기 좋은 곳이에요 EXCLAM 맛도 있구 분위기두 좋아요 피자 꼭 드셔보세요 EMO_POS EMO_POS EMO_POS,1,0,0,0,1,0,0,50,"분위기, 데이트"
kakao,소문난성수감자탕,DDogani,307.0,2025-08-15,,,그냥 일반 감자탕이랑 비슷한데 저희집 동네가게가 더 맛있다 바로 나와서 국물 먹어봤는데 너무 짰던…. 들어가자마자 뭐 시키거거냐고 제촉하고 테이블도 깨끗하지는 않었던,92,True,2.0,3.5,골드 레벨,그냥 일반 감자탕이랑 비슷한데 저희집 동네가게가 더 맛있다 바로 나와서 국물 먹어봤는데 너무 짰던…. 들어가자마자 뭐 시키거거냐고 제촉하고 테이블도 깨끗하지는 않었던,그냥 일반 감자탕이랑 비슷한데 저희집 동네가게가 더 맛있다 바로 나와서 국물 먹어봤는데 너무 짰던 들어가자마자 뭐 시키거거냐고 제촉하고 테이블도 깨끗하지는 않었던,0,0,0,0,0,0,0,92,테이블
naver,육산장 홍대본점,dea****,14.0,2026.04.05,1번째 방문,영수증,분위기 넘 좋고 고기도 맛있네요~~ 봄 나들이 최고의 선택 육산장!!!,39,True,,,,분위기 넘 좋고 고기도 맛있네요~~ 봄 나들이 최고의 선택 육산장!!!,분위기 넘 좋고 고기도 맛있네요 TILDE 봄 나들이 최고의 선택 육산장 EXCLAM,0,0,0,0,1,0,0,39,분위기
naver,홍대 육지,갈라뮤트,225.0,2026.01.24,2번째 방문,예약,지난 번 친구들과 방문하고 맛있어서 이번에도 여기로 정했습니다. 확실히 가격 대비 퀄리티가 좋다고 생각해서 재방문 의사는 있습니다. 근데 서비스 부분은 좀 손 볼 필요가 있어보입니다. QR로 음료 및 추가 메뉴 주문하는데 누락되는지 계속 늦어지더라구요. 한 세 번 정도를 계속 언제 나오나 기다리면서 직원 불러서 말했네요. 그리고 지난번에도 느낀거지만 남자 직원들은 친절하고 활기 넘치는데 여직원분은 표정이 너무 어둡고 고기 굽는것도 좀 미숙해 보입니다. 서비스 부분까지 완벽하면 좋을 것 같아요. 맛은 진짜 굿입니다. 된장찌개도 좀 비싼감이 있지만 그만큼 맛이 깔끔하고 좋았네요,324,True,,,,지난 번 친구들과 방문하고 맛있어서 이번에도 여기로 정했습니다. 확실히 가격 대비 퀄리티가 좋다고 생각해서 재방문 의사는 있습니다. 근데 서비스 부분은 좀 손 볼 필요가 있어보입니다. QR로 음료 및 추가 메뉴 주문하는데 누락되는지 계속 늦어지더라구요. 한 세 번 정도를 계속 언제 나오나 기다리면서 직원 불러서 말했네요. 그리고 지난번에도 느낀거지만 남자 직원들은 친절하고 활기 넘치는데 여직원분은 표정이 너무 어둡고 고기 굽는것도 좀 미숙해 보입니다. 서비스 부분까지 완벽하면 좋을 것 같아요. 맛은 진짜 굿입니다. 된장찌개도 좀 비싼감이 있지만 그만큼 맛이 깔끔하고 좋았네요,지난 번 친구들과 방문하고 맛있어서 이번에도 여기로 정했습니다 확실히 가격 대비 퀄리티가 좋다고 생각해서 재방문 의사는 있습니다 근데 서비스 부분은 좀 손 볼 필요가 있어보입니다 QR로 음료 및 추가 메뉴 주문하는데 누락되는지 계속 늦어지더라구요 한 세 번 정도를 계속 언제 나오나 기다리면서 직원 불러서 말했네요 그리고 지난번에도 느낀거지만 남자 직원들은 친절하고 활기 넘치는데 여직원분은 표정이 너무 어둡고 고기 굽는것도 좀 미숙해 보입니다 서비스 부분까지 완벽하면 좋을 것 같아요 맛은 진짜 굿입니다 된장찌개도 좀 비싼감이 있지만 그만큼 맛이 깔끔하고 좋았네요,0,0,0,0,0,0,0,324,깔끔
naver,황금콩밭,원피스654,2334.0,2025.07.09,1번째 방문,영수증,"두부보쌈, 육전 다 맛있어요~ 콩국수 저는 좋아하지 않는데 맛있다고 하시네요~주차공간은 별도로 없어요~2층 서빙해주시는 분들 친절했습니다~!",78,True,,,,"두부보쌈, 육전 다 맛있어요~ 콩국수 저는 좋아하지 않는데 맛있다고 하시네요~주차공간은 별도로 없어요~2층 서빙해주시는 분들 친절했습니다~!",두부보쌈 육전 다 맛있어요 콩국수 저는 좋아하지 않는데 맛있다고 하시네요 주차공간은 별도로 없어요 2층 서빙해주시는 분들 친절했습니다 EXCLAM,0,0,0,0,1,0,1,78,"공간, 주차"
naver,육산장 홍대본점,hellovello,63.0,2026.01.22,2번째 방문,영수증,고기질 너무 좋고 여러가지 먹어봤는데 갈매기살이 가장 맛있어요 그리고 찌개도 맛있고 분위기도 좋아서 친구들이랑 모임하기 너무 좋아용 ㅎㅎ,76,True,,,,고기질 너무 좋고 여러가지 먹어봤는데 갈매기살이 가장 맛있어요 그리고 찌개도 맛있고 분위기도 좋아서 친구들이랑 모임하기 너무 좋아용 ㅎㅎ,고기질 너무 좋고 여러가지 먹어봤는데 갈매기살이 가장 맛있어요 그리고 찌개도 맛있고 분위기도 좋아서 친구들이랑 모임하기 너무 좋아용,0,0,0,0,0,0,0,76,분위기
naver,조선시대,gks****,93.0,2026.03.07,1번째 방문,영수증,넓어서 좋네요 ㅎㅎ,10,True,,,,넓어서 좋네요 ㅎㅎ,넓어서 좋네요,0,0,0,0,0,0,0,10,넓
naver,성수족발,누가쓰는닉네임,26.0,2026.05.06,2번째 방문,영수증,정~~~~~~말 오랫만에 매장 방문!!! 성 수 족 발,30,True,,,,정~~~~~~말 오랫만에 매장 방문!!! 성 수 족 발,정 TILDE 말 오랫만에 매장 방문 EXCLAM 성 수 족 발,0,0,0,0,1,0,0,30,매장
naver,옥동식,이매지1,1480.0,2025.10.01,1번째 방문,영수증,옥동식을 웨이팅 없이 즐기는 법=8시 반 이후에 오면 됩니다. 야근하고 메뉴를 고민하다가 국밥 생각이 나서 왔어요. 보통으로 주문했는데 가격이 살짝 올라 11.0이지만 그래도 이 정도면 여전히 가격이 괜찮은 것 같아요. 국물도 적당히 간이 되어 있어서 마냥 심심하지 않고 위에 올라간 고기도 몇 점 안 되어 보이지만 먹다보면 왠지 안 줄어드는 느낌 ㅎㅎ 김치만두는 혼밥러를 위해 2알만도 파셨으면 좋겠어요.,227,True,,,,옥동식을 웨이팅 없이 즐기는 법=8시 반 이후에 오면 됩니다. 야근하고 메뉴를 고민하다가 국밥 생각이 나서 왔어요. 보통으로 주문했는데 가격이 살짝 올라 11.0이지만 그래도 이 정도면 여전히 가격이 괜찮은 것 같아요. 국물도 적당히 간이 되어 있어서 마냥 심심하지 않고 위에 올라간 고기도 몇 점 안 되어 보이지만 먹다보면 왠지 안 줄어드는 느낌 ㅎㅎ 김치만두는 혼밥러를 위해 2알만도 파셨으면 좋겠어요.,옥동식을 웨이팅 없이 즐기는 법 8시 반 이후에 오면 됩니다 야근하고 메뉴를 고민하다가 국밥 생각이 나서 왔어요 보통으로 주문했는데 가격이 살짝 올라 11 0이지만 그래도 이 정도면 여전히 가격이 괜찮은 것 같아요 국물도 적당히 간이 되어 있어서 마냥 심심하지 않고 위에 올라간 고기도 몇 점 안 되어 보이지만 먹다보면 왠지 안 줄어드는 느낌 김치만두는 혼밥러를 위해 2알만도 파셨으면 좋겠어요,0,0,0,0,0,0,1,227,혼밥
naver,보끔당 성수점,yujini0328,388.0,2026.04.04,1번째 방문,영수증,매장도 쾌적하고 다들 너무 친절하세요!! 엽떡에서 닭도리탕 브랜드가 나왔다해서 궁금했는데 맛이 깔끔하고 살도 많아서 배부르게 너무 잘 먹었습니다👍 다음에도 가족들이랑 놀러나오면 여기로 또 오고싶어요ㅎㅎ,112,True,,,,매장도 쾌적하고 다들 너무 친절하세요!! 엽떡에서 닭도리탕 브랜드가 나왔다해서 궁금했는데 맛이 깔끔하고 살도 많아서 배부르게 너무 잘 먹었습니다👍 다음에도 가족들이랑 놀러나오면 여기로 또 오고싶어요ㅎㅎ,매장도 쾌적하고 다들 너무 친절하세요 EXCLAM 엽떡에서 닭도리탕 브랜드가 나왔다해서 궁금했는데 맛이 깔끔하고 살도 많아서 배부르게 너무 잘 먹었습니다 EMO_POS 다음에도 가족들이랑 놀러나오면 여기로 또 오고싶어요,1,0,0,0,1,0,0,112,"매장, 깔끔, 쾌적"
naver,쭌곱창,닉네임정하기싫은데,24.0,2026.04.14,1번째 방문,영수증,경의선숲길 쭉 따라가다보면 나오는 홍대 맛집입니다!! 약간 반지하라 분위기도 너무 좋고 아늑한 아지트입니다!!! 가격도 너무 합리적이고 음식도 진짜진짜 맛있습니다!!! 사장님도 너무 친절하시고 진짜 꼭 오세요ㅠㅠ 대표 사진에 사장님 사진이 있어서 너무 신기하고 재밌었는데 실제로도 너무너무 친절하시고 푸근하셨어요!!! 여기 안가면 손해예요 진짜 강추!!!,198,True,,,,경의선숲길 쭉 따라가다보면 나오는 홍대 맛집입니다!! 약간 반지하라 분위기도 너무 좋고 아늑한 아지트입니다!!! 가격도 너무 합리적이고 음식도 진짜진짜 맛있습니다!!! 사장님도 너무 친절하시고 진짜 꼭 오세요ㅠㅠ 대표 사진에 사장님 사진이 있어서 너무 신기하고 재밌었는데 실제로도 너무너무 친절하시고 푸근하셨어요!!! 여기 안가면 손해예요 진짜 강추!!!,경의선숲길 쭉 따라가다보면 나오는 홍대 맛집입니다 EXCLAM 약간 반지하라 분위기도 너무 좋고 아늑한 아지트입니다 EXCLAM 가격도 너무 합리적이고 음식도 진짜진짜 맛있습니다 EXCLAM 사장님도 너무 친절하시고 진짜 꼭 오세요 대표 사진에 사장님 사진이 있어서 너무 신기하고 재밌었는데 실제로도 너무너무 친절하시고 푸근하셨어요 EXCLAM 여기 안가면 손해예요 진짜 강추 EXCLAM,0,0,0,1,1,0,0,198,분위기
naver,능동미나리 성수지점,원투쓸이,1011.0,2026.02.12,2번째 방문,영수증,수육전골에 한잔 뙇!!! 깔끔하고 매력있는 전골이예요~ 소주한잔과 잘 어울리는 음식. 마지막엔 국수까지 해먹을수있어서 굳 👍 외국인도 줄 많이 서는곳 ㅋ 6시 정도가 딱 줄서기 시작하기 좋은 시간이네요.,113,True,,,,수육전골에 한잔 뙇!!! 깔끔하고 매력있는 전골이예요~ 소주한잔과 잘 어울리는 음식. 마지막엔 국수까지 해먹을수있어서 굳 👍 외국인도 줄 많이 서는곳 ㅋ 6시 정도가 딱 줄서기 시작하기 좋은 시간이네요.,수육전골에 한잔 뙇 EXCLAM 깔끔하고 매력있는 전골이예요 소주한잔과 잘 어울리는 음식 마지막엔 국수까지 해먹을수있어서 굳 EMO_POS 외국인도 줄 많이 서는곳 6시 정도가 딱 줄서기 시작하기 좋은 시간이네요,1,0,0,0,1,0,1,113,깔끔
kakao,뼈탄집 성수역점,태린,1.0,2026-04-05,,,맛있어요 늦게 가면 뼈탄삼겹살은 없네요ㅠㅠ 뼈구이도 사진엔 없지만 맛있습니다. 깔끔하고 시끌벅적하지 않아서 좋어요,63,False,5.0,5.0,브론즈 레벨,맛있어요 늦게 가면 뼈탄삼겹살은 없네요ㅠㅠ 뼈구이도 사진엔 없지만 맛있습니다. 깔끔하고 시끌벅적하지 않아서 좋어요,맛있어요 늦게 가면 뼈탄삼겹살은 없네요 뼈구이도 사진엔 없지만 맛있습니다 깔끔하고 시끌벅적하지 않아서 좋어요,0,0,0,1,0,0,0,63,깔끔
kakao,육지,최유경,1.0,2025-11-05,,,매장이 깔끔하고 분위기도 좋아요 메인 고기도 정말 맛있는데 사이드가 완전 맛있어요..🥹💓 고기랑 같이 먹으면 완전 무한대로 들어가요!!! 고기도 직접 구워주시고 계속 필요한거 있으신지 친절하게 물어봐주셔서 감사했습니당 다음에 또 올게요~!!,134,True,5.0,5.0,브론즈 레벨,매장이 깔끔하고 분위기도 좋아요 메인 고기도 정말 맛있는데 사이드가 완전 맛있어요..🥹💓 고기랑 같이 먹으면 완전 무한대로 들어가요!!! 고기도 직접 구워주시고 계속 필요한거 있으신지 친절하게 물어봐주셔서 감사했습니당 다음에 또 올게요~!!,매장이 깔끔하고 분위기도 좋아요 메인 고기도 정말 맛있는데 사이드가 완전 맛있어요 EMO_POS 고기랑 같이 먹으면 완전 무한대로 들어가요 EXCLAM 고기도 직접 구워주시고 계속 필요한거 있으신지 친절하게 물어봐주셔서 감사했습니당 다음에 또 올게요 EXCLAM,1,0,0,0,1,0,0,134,"분위기, 매장, 깔끔"
kakao,소문난성수감자탕,👨🏻‍🦲,4.0,2025-03-26,,,별관에서 식사 / 고기도 퍽퍽하고 대충 자른 티 남 고기 떼기어려워서 비닐장갑 요청하고 먹음(그래도 잘 안발라짐..) 외국인 관광객이 많아 그쪽 신경쓴다고 불친절함. 그리고 가장 베이스가 되는 국물이 정말 별로임 기름이 둥둥😅 김치도 신선하지않음 위생도 그닥.,145,True,1.0,3.5,브론즈 레벨,별관에서 식사 / 고기도 퍽퍽하고 대충 자른 티 남 고기 떼기어려워서 비닐장갑 요청하고 먹음(그래도 잘 안발라짐..) 외국인 관광객이 많아 그쪽 신경쓴다고 불친절함. 그리고 가장 베이스가 되는 국물이 정말 별로임 기름이 둥둥😅 김치도 신선하지않음 위생도 그닥.,별관에서 식사 고기도 퍽퍽하고 대충 자른 티 남 고기 떼기어려워서 비닐장갑 요청하고 먹음 그래도 잘 안발라짐 외국인 관광객이 많아 그쪽 신경쓴다고 불친절함 그리고 가장 베이스가 되는 국물이 정말 별로임 기름이 둥둥 김치도 신선하지않음 위생도 그닥,0,0,0,0,0,0,0,145,위생
naver,이태리국시 성수,수혀23,13.0,2026.04.18,1번째 방문,영수증,고등학교 칭구칭긔들과 만나서 방문한 곳입니다~~ 메뉴도 독특한 것이 많고 너무 맛있어요!!!! 그리고 테이블 간격이 넓어서 좋아여 또 방문할 것 같아요🥹,85,True,,,,고등학교 칭구칭긔들과 만나서 방문한 곳입니다~~ 메뉴도 독특한 것이 많고 너무 맛있어요!!!! 그리고 테이블 간격이 넓어서 좋아여 또 방문할 것 같아요🥹,고등학교 칭구칭긔들과 만나서 방문한 곳입니다 TILDE 메뉴도 독특한 것이 많고 너무 맛있어요 EXCLAM 그리고 테이블 간격이 넓어서 좋아여 또 방문할 것 같아요,0,0,0,0,1,0,0,85,"테이블, 넓"
naver,육산장 홍대본점,gwo****,30.0,2026.04.12,1번째 방문,영수증,맛있게 잘먹고 좋은 분위기 즐기다가 가요,22,True,,,,맛있게 잘먹고 좋은 분위기 즐기다가 가요,맛있게 잘먹고 좋은 분위기 즐기다가 가요,0,0,0,0,0,0,0,22,분위기
kakao,이태리국시 성수,요리왕앤디,4.0,2026-03-31,,,맛있고 분위기 좋습니다~^^,15,True,5.0,5.0,브론즈 레벨,맛있고 분위기 좋습니다~^^,맛있고 분위기 좋습니다,0,0,0,0,0,0,0,15,분위기
naver,일등식당,실버스톤과루피맘,866.0,2026.04.12,2번째 방문,영수증,주말 저녁에 아내와 함께 마포구 망원동의 전설적인 맛집 일등식당에 다녀왔습니다. 이곳은 워낙 유명한 곳이라 기대를 많이 했는데 매장에 들어서자마자 느껴지는 정겨운 분위기와 맛있는 냄새 덕분에 식사 전부터 기분이 좋았습니다. ​우리는 뼈해장국을 주문했는데 뚝배기 가득 담겨 나온 고기의 양에 깜짝 놀랐습니다. 뼈에 붙은 살코기가 정말 부드러워서 젓가락만 대도 쏙 빠질 정도였고 국물은 자극적이지 않으면서도 깊고 구수한 맛이 일품이었습니다. 아내도 잡내 없이 깔끔한 맛이라며 인생 해장국이라고 칭찬을 아끼지 않더군요. 곁들여 먹는 김치와 깍두기도 적당히 잘 익어서 해장국과 환상의 궁합을 자랑했습니다. ​망원동 인근에서 든든한 한 끼 식사나 제대로 된 뼈해장국을 찾으신다면 일등식당을 추천합니다.,387,True,,,,주말 저녁에 아내와 함께 마포구 망원동의 전설적인 맛집 일등식당에 다녀왔습니다. 이곳은 워낙 유명한 곳이라 기대를 많이 했는데 매장에 들어서자마자 느껴지는 정겨운 분위기와 맛있는 냄새 덕분에 식사 전부터 기분이 좋았습니다. ​우리는 뼈해장국을 주문했는데 뚝배기 가득 담겨 나온 고기의 양에 깜짝 놀랐습니다. 뼈에 붙은 살코기가 정말 부드러워서 젓가락만 대도 쏙 빠질 정도였고 국물은 자극적이지 않으면서도 깊고 구수한 맛이 일품이었습니다. 아내도 잡내 없이 깔끔한 맛이라며 인생 해장국이라고 칭찬을 아끼지 않더군요. 곁들여 먹는 김치와 깍두기도 적당히 잘 익어서 해장국과 환상의 궁합을 자랑했습니다. ​망원동 인근에서 든든한 한 끼 식사나 제대로 된 뼈해장국을 찾으신다면 일등식당을 추천합니다.,주말 저녁에 아내와 함께 마포구 망원동의 전설적인 맛집 일등식당에 다녀왔습니다 이곳은 워낙 유명한 곳이라 기대를 많이 했는데 매장에 들어서자마자 느껴지는 정겨운 분위기와 맛있는 냄새 덕분에 식사 전부터 기분이 좋았습니다 우리는 뼈해장국을 주문했는데 뚝배기 가득 담겨 나온 고기의 양에 깜짝 놀랐습니다 뼈에 붙은 살코기가 정말 부드러워서 젓가락만 대도 쏙 빠질 정도였고 국물은 자극적이지 않으면서도 깊고 구수한 맛이 일품이었습니다 아내도 잡내 없이 깔끔한 맛이라며 인생 해장국이라고 칭찬을 아끼지 않더군요 곁들여 먹는 김치와 깍두기도 적당히 잘 익어서 해장국과 환상의 궁합을 자랑했습니다 망원동 인근에서 든든한 한 끼 식사나 제대로 된 뼈해장국을 찾으신다면 일등식당을 추천합니다,0,0,0,0,0,0,0,387,"분위기, 매장, 깔끔"
kakao,육산장 홍대본점,윤채은,1.0,2025-12-06,,,맛있고 분위기가 너무 좋아요!!,17,True,5.0,5.0,브론즈 레벨,맛있고 분위기가 너무 좋아요!!,맛있고 분위기가 너무 좋아요 EXCLAM,0,0,0,0,1,0,0,17,분위기
naver,훼미리손칼국수보쌈,유키9985,54.0,2026.04.04,1번째 방문,예약,"맛도 그냥 평범한 사골칼국수 맛이였어요. 양이 요즘 물가에 비해 푸짐한 편이긴 했습니다. 근데 몇몇 직원분은 정말 불친절해서 다시는 안가고 싶어요. 혼자라고 하니까 대놓고 싫은 표정을 지으시고, 언짢아 하시더군요. 바쁘신건 알겠지만 혼자온 손님은 손님도 아닌가요? 오지못할 곳을 온건가요? 안좋은 후기 앵간하면 안남기는 스타일인데, 분위기는 아셨으면 해서 솔직하게 남깁니다.",209,True,,,,"맛도 그냥 평범한 사골칼국수 맛이였어요. 양이 요즘 물가에 비해 푸짐한 편이긴 했습니다. 근데 몇몇 직원분은 정말 불친절해서 다시는 안가고 싶어요. 혼자라고 하니까 대놓고 싫은 표정을 지으시고, 언짢아 하시더군요. 바쁘신건 알겠지만 혼자온 손님은 손님도 아닌가요? 오지못할 곳을 온건가요? 안좋은 후기 앵간하면 안남기는 스타일인데, 분위기는 아셨으면 해서 솔직하게 남깁니다.",맛도 그냥 평범한 사골칼국수 맛이였어요 양이 요즘 물가에 비해 푸짐한 편이긴 했습니다 근데 몇몇 직원분은 정말 불친절해서 다시는 안가고 싶어요 혼자라고 하니까 대놓고 싫은 표정을 지으시고 언짢아 하시더군요 바쁘신건 알겠지만 혼자온 손님은 손님도 아닌가요 QUESTION 오지못할 곳을 온건가요 QUESTION 안좋은 후기 앵간하면 안남기는 스타일인데 분위기는 아셨으면 해서 솔직하게 남깁니다,0,0,0,0,0,1,0,209,분위기
naver,홍대 육지,cha****,30.0,2026.04.29,1번째 방문,영수증,"볶음밥, 계란찜, 들기름막국수 다 맛있어요!! 테이블 간격이 좀 좁은데 옆사람들 소리가 너무 커서 좀 힘들긴 했는데ㅠㅠㅠㅠ 그래도 음식 다 너무 맛있고 직원분들 친절하십니다",96,True,,,,"볶음밥, 계란찜, 들기름막국수 다 맛있어요!! 테이블 간격이 좀 좁은데 옆사람들 소리가 너무 커서 좀 힘들긴 했는데ㅠㅠㅠㅠ 그래도 음식 다 너무 맛있고 직원분들 친절하십니다",볶음밥 계란찜 들기름막국수 다 맛있어요 EXCLAM 테이블 간격이 좀 좁은데 옆사람들 소리가 너무 커서 좀 힘들긴 했는데 그래도 음식 다 너무 맛있고 직원분들 친절하십니다,0,0,0,1,1,0,0,96,"테이블, 좁"
kakao,육산장 홍대본점,가채현,1.0,2025-05-04,,,"홍대골목 지나가다가 본 곳인데, 야장분위기가 너무 좋아서 1시간정도 기다렸다가 먹습니다. 밖에서 보던 것처럼 분위기 너무 좋고 고기도 두툼해서 맛있네요. 기본 구성에 꼬치나 치즈가 나와서 더 먹기가 좋은거 같아요. 술이랑 먹으니 더 맛나내요.",135,True,5.0,5.0,브론즈 레벨,"홍대골목 지나가다가 본 곳인데, 야장분위기가 너무 좋아서 1시간정도 기다렸다가 먹습니다. 밖에서 보던 것처럼 분위기 너무 좋고 고기도 두툼해서 맛있네요. 기본 구성에 꼬치나 치즈가 나와서 더 먹기가 좋은거 같아요. 술이랑 먹으니 더 맛나내요.",홍대골목 지나가다가 본 곳인데 야장분위기가 너무 좋아서 1시간정도 기다렸다가 먹습니다 밖에서 보던 것처럼 분위기 너무 좋고 고기도 두툼해서 맛있네요 기본 구성에 꼬치나 치즈가 나와서 더 먹기가 좋은거 같아요 술이랑 먹으니 더 맛나내요,0,0,0,0,0,0,1,135,분위기
naver,락희옥 마포본점,냥냥냥냐냥냥냥81,13.0,2025.10.08,1번째 방문,영수증,식사류는 나름 저렴한데 깔끔하고 맛있습니다. 그래도 수육이나 차돌 같은 메인 디쉬가 비싸도 비싼 값을 하고 훨씬 더 맛있어요,69,True,,,,식사류는 나름 저렴한데 깔끔하고 맛있습니다. 그래도 수육이나 차돌 같은 메인 디쉬가 비싸도 비싼 값을 하고 훨씬 더 맛있어요,식사류는 나름 저렴한데 깔끔하고 맛있습니다 그래도 수육이나 차돌 같은 메인 디쉬가 비싸도 비싼 값을 하고 훨씬 더 맛있어요,0,0,0,0,0,0,0,69,깔끔
naver,락희옥 마포본점,케이하트,12.0,2025.07.31,1번째 방문,영수증,회식으로 C세트 먹었는데 너무너무 신선하고 맛있어요!! 다음엔 연인과 데이트로 재방문하겠습니다!! 다들 너무 친절하시고 매장 관리도 잘되었습니다.,81,True,,,,회식으로 C세트 먹었는데 너무너무 신선하고 맛있어요!! 다음엔 연인과 데이트로 재방문하겠습니다!! 다들 너무 친절하시고 매장 관리도 잘되었습니다.,회식으로 C세트 먹었는데 너무너무 신선하고 맛있어요 EXCLAM 다음엔 연인과 데이트로 재방문하겠습니다 EXCLAM 다들 너무 친절하시고 매장 관리도 잘되었습니다,0,0,0,0,1,0,0,81,"매장, 데이트"
kakao,옥동식 서교점,mimi,186.0,2025-06-08,,,깔끔하고 담백해서 부담없이 국밥 싫어하는 사람도 먹을수 있는 맛,35,False,4.0,4.0,골드 레벨,깔끔하고 담백해서 부담없이 국밥 싫어하는 사람도 먹을수 있는 맛,깔끔하고 담백해서 부담없이 국밥 싫어하는 사람도 먹을수 있는 맛,0,0,0,0,0,0,0,35,깔끔
naver,능동미나리 성수지점,먹죽귀,3560.0,2025.12.01,1번째 방문,영수증,성동구 성수역 근처에 위치한 능동미나리 성수점 다녀왔어요 예전에 용산에서 먹으려다 실패한 후 육회 비빔밥이 유명한 곳이라 기대하며 방문했습니다 주문한 메뉴는 능동육회비빔밥과 신메뉴인 능동육전 한 접시 음식은 빠르게 서빙되어 비주얼부터 푸짐했어요 능동육회비빔밥은 신선한 육회가 넉넉히 올라가 있어 잡내 없이 달큼하고 고소한 풍미가 살아 있었고 미나리 향이 은은하게 더해져 전체적인 조화가 좋았습니다 밥과 비벼 먹으면 육회의 촉촉함과 야채의 아삭함이 잘 어우러져 먹는 내내 질리지 않고 편안하게 즐길 수 있었어요 신메뉴인 능동육전은 한 입 크기로 잘라져 나와 먹기 편했고 고기의 부드러움과 달걀옷의 고소함이 겉은 바삭하면서 속은 촉촉하게 잘 살았습니다 웨이팅만 길지 않으면 다시 방문하고 싶은 곳이었습니다,392,True,,,,성동구 성수역 근처에 위치한 능동미나리 성수점 다녀왔어요 예전에 용산에서 먹으려다 실패한 후 육회 비빔밥이 유명한 곳이라 기대하며 방문했습니다 주문한 메뉴는 능동육회비빔밥과 신메뉴인 능동육전 한 접시 음식은 빠르게 서빙되어 비주얼부터 푸짐했어요 능동육회비빔밥은 신선한 육회가 넉넉히 올라가 있어 잡내 없이 달큼하고 고소한 풍미가 살아 있었고 미나리 향이 은은하게 더해져 전체적인 조화가 좋았습니다 밥과 비벼 먹으면 육회의 촉촉함과 야채의 아삭함이 잘 어우러져 먹는 내내 질리지 않고 편안하게 즐길 수 있었어요 신메뉴인 능동육전은 한 입 크기로 잘라져 나와 먹기 편했고 고기의 부드러움과 달걀옷의 고소함이 겉은 바삭하면서 속은 촉촉하게 잘 살았습니다 웨이팅만 길지 않으면 다시 방문하고 싶은 곳이었습니다,성동구 성수역 근처에 위치한 능동미나리 성수점 다녀왔어요 예전에 용산에서 먹으려다 실패한 후 육회 비빔밥이 유명한 곳이라 기대하며 방문했습니다 주문한 메뉴는 능동육회비빔밥과 신메뉴인 능동육전 한 접시 음식은 빠르게 서빙되어 비주얼부터 푸짐했어요 능동육회비빔밥은 신선한 육회가 넉넉히 올라가 있어 잡내 없이 달큼하고 고소한 풍미가 살아 있었고 미나리 향이 은은하게 더해져 전체적인 조화가 좋았습니다 밥과 비벼 먹으면 육회의 촉촉함과 야채의 아삭함이 잘 어우러져 먹는 내내 질리지 않고 편안하게 즐길 수 있었어요 신메뉴인 능동육전은 한 입 크기로 잘라져 나와 먹기 편했고 고기의 부드러움과 달걀옷의 고소함이 겉은 바삭하면서 속은 촉촉하게 잘 살았습니다 웨이팅만 길지 않으면 다시 방문하고 싶은 곳이었습니다,0,0,0,0,0,0,0,392,위치
naver,육산장 홍대본점,희짱ㅎㅎ,32.0,2026.02.21,1번째 방문,영수증,삼겹살 진짜 고기 상태 미쳤음… 입터짐 🤭 양념도 과하지 않고 고기 육즙 살아있어서 계속 들어감 가격 대비 만족도 꽤 높았고 다음에 또 갈 듯 !! 인테리어도 이쁨 ㅎㅎ 캠핑온 느낌 짱,103,True,,,,삼겹살 진짜 고기 상태 미쳤음… 입터짐 🤭 양념도 과하지 않고 고기 육즙 살아있어서 계속 들어감 가격 대비 만족도 꽤 높았고 다음에 또 갈 듯 !! 인테리어도 이쁨 ㅎㅎ 캠핑온 느낌 짱,삼겹살 진짜 고기 상태 미쳤음 입터짐 양념도 과하지 않고 고기 육즙 살아있어서 계속 들어감 가격 대비 만족도 꽤 높았고 다음에 또 갈 듯 EXCLAM 인테리어도 이쁨 캠핑온 느낌 짱,0,0,0,0,1,0,0,103,인테리어
kakao,홍대 조선시대,김재희,1.0,2026-02-09,,,매장도 분위기 좋고 직원분들 너무너무 친절하심,25,True,5.0,5.0,브론즈 레벨,매장도 분위기 좋고 직원분들 너무너무 친절하심,매장도 분위기 좋고 직원분들 너무너무 친절하심,0,0,0,0,0,0,0,25,"분위기, 매장"
naver,마포양지설렁탕,원주혁신혼밥러ㅇㅈ,571.0,2025.08.31,1번째 방문,영수증,"여러번 방문했는데 리뷰는 처음 써요. 마포양지설렁탕 올해는 미쉐린가이드에서 빠졌네요🤔 설렁탕 14,000 혼밥으로 먹었어요. 브레이크 타임 없어서 일요일 3시 정도에 방문했더니 자리 널널했어요. 마포양지설렁탕의 묘미는 무제한 덜어먹을 수 있는 파고명과 파김치이죠. 파 듬뿍 넣고 휘휘 저어 파김치 올려 먹으면👍🏼 배추김치도 맛있어요. 고기도 많이 들어있고, 소면도 있어요. 설렁탕집 국물에 영혼이 없어 김치맛으로 먹어야 되는 가게도 많은데 여기는 국물에 고기맛이 잘 나서 국물만 떠먹어도 맛있어요. 간 따로 안해도 딱 좋아요. 웨이팅하면서 먹을 정도의 맛은 아니지만, 마포양지설렁탕 먹고 맛없다고 할 한국인 없을듯. 특히 아침 7시에 열기 때문에 해장하러 와서 소주한병 걸치며 해장술하기 딱 좋은 곳이에요🤓ㅎㅎ",397,True,,,,"여러번 방문했는데 리뷰는 처음 써요. 마포양지설렁탕 올해는 미쉐린가이드에서 빠졌네요🤔 설렁탕 14,000 혼밥으로 먹었어요. 브레이크 타임 없어서 일요일 3시 정도에 방문했더니 자리 널널했어요. 마포양지설렁탕의 묘미는 무제한 덜어먹을 수 있는 파고명과 파김치이죠. 파 듬뿍 넣고 휘휘 저어 파김치 올려 먹으면👍🏼 배추김치도 맛있어요. 고기도 많이 들어있고, 소면도 있어요. 설렁탕집 국물에 영혼이 없어 김치맛으로 먹어야 되는 가게도 많은데 여기는 국물에 고기맛이 잘 나서 국물만 떠먹어도 맛있어요. 간 따로 안해도 딱 좋아요. 웨이팅하면서 먹을 정도의 맛은 아니지만, 마포양지설렁탕 먹고 맛없다고 할 한국인 없을듯. 특히 아침 7시에 열기 때문에 해장하러 와서 소주한병 걸치며 해장술하기 딱 좋은 곳이에요🤓ㅎㅎ",여러번 방문했는데 리뷰는 처음 써요 마포양지설렁탕 올해는 미쉐린가이드에서 빠졌네요 설렁탕 14 000 혼밥으로 먹었어요 브레이크 타임 없어서 일요일 3시 정도에 방문했더니 자리 널널했어요 마포양지설렁탕의 묘미는 무제한 덜어먹을 수 있는 파고명과 파김치이죠 파 듬뿍 넣고 휘휘 저어 파김치 올려 먹으면 EMO_POS 배추김치도 맛있어요 고기도 많이 들어있고 소면도 있어요 설렁탕집 국물에 영혼이 없어 김치맛으로 먹어야 되는 가게도 많은데 여기는 국물에 고기맛이 잘 나서 국물만 떠먹어도 맛있어요 간 따로 안해도 딱 좋아요 웨이팅하면서 먹을 정도의 맛은 아니지만 마포양지설렁탕 먹고 맛없다고 할 한국인 없을듯 특히 아침 7시에 열기 때문에 해장하러 와서 소주한병 걸치며 해장술하기 딱 좋은 곳이에요,1,0,0,0,0,0,1,397,"자리, 혼밥"
naver,능동미나리 성수지점,yus****,439.0,2026.03.17,1번째 방문,영수증,11시에갔더니빈자리가 많았어용 미나리 먹으러 간줄알았는데 결국 고기먹고왔어요. 메뉴마다 깨알같이 맛있네요 직원들도 신속하게 응대해주시고 실내가 좀 미로갔지만ㅋㅋㅋ 나름 재밌네요 일부자리는 옆자리랑 너무 가까워서 식사중에 옆테이블분이 나가일때 자꾸 엉덩이가 테이블에…ㅋㅋㅋ 장사가너무 잘되서.그런가바요 나오니 줄이….. 저렴하지 않은 가격인디…👍,192,False,,,,11시에갔더니빈자리가 많았어용 미나리 먹으러 간줄알았는데 결국 고기먹고왔어요. 메뉴마다 깨알같이 맛있네요 직원들도 신속하게 응대해주시고 실내가 좀 미로갔지만ㅋㅋㅋ 나름 재밌네요 일부자리는 옆자리랑 너무 가까워서 식사중에 옆테이블분이 나가일때 자꾸 엉덩이가 테이블에…ㅋㅋㅋ 장사가너무 잘되서.그런가바요 나오니 줄이….. 저렴하지 않은 가격인디…👍,11시에갔더니빈자리가 많았어용 미나리 먹으러 간줄알았는데 결국 고기먹고왔어요 메뉴마다 깨알같이 맛있네요 직원들도 신속하게 응대해주시고 실내가 좀 미로갔지만 나름 재밌네요 일부자리는 옆자리랑 너무 가까워서 식사중에 옆테이블분이 나가일때 자꾸 엉덩이가 테이블에 장사가너무 잘되서 그런가바요 나오니 줄이 저렴하지 않은 가격인디 EMO_POS,1,0,0,0,0,0,1,192,"자리, 테이블"
kakao,육산장 홍대본점,ham,50.0,2025-08-04,,,음... 가성비 별로 맛이 그저그럼 분위기는 좋음,27,False,2.0,4.1,실버 레벨,음... 가성비 별로 맛이 그저그럼 분위기는 좋음,음 가성비 별로 맛이 그저그럼 분위기는 좋음,0,0,0,0,0,0,0,27,분위기
naver,옥동식,행복한빵떠기,470.0,2025.05.19,1번째 방문,영수증,소문대로 좐맛임 평소 깔끔쓰한 국물 좋아하는데 (소고기 뭇국같은..) 딱입니당! 특 아닌데도 양 많아요 (대식가는 무조권 특으로 하세유) 김치 만두는 그냥 저냥임.. 사이즈가 없어서 묵어봤숨당,107,True,,,,소문대로 좐맛임 평소 깔끔쓰한 국물 좋아하는데 (소고기 뭇국같은..) 딱입니당! 특 아닌데도 양 많아요 (대식가는 무조권 특으로 하세유) 김치 만두는 그냥 저냥임.. 사이즈가 없어서 묵어봤숨당,소문대로 좐맛임 평소 깔끔쓰한 국물 좋아하는데 소고기 뭇국같은 딱입니당 EXCLAM 특 아닌데도 양 많아요 대식가는 무조권 특으로 하세유 김치 만두는 그냥 저냥임 사이즈가 없어서 묵어봤숨당,0,0,0,0,1,0,0,107,깔끔
naver,훼미리손칼국수보쌈,현슈21,17.0,2025.05.10,1번째 방문,예약,주차가 우선 불편하고 ㅠㅠ 웨이팅이 있움… 맛집이라 웨이팅 이해함!..고기는 맛있었어요! 근데 칼국수는 … 물에 면 삶은 맛…? 간이 안베여 있다고 해야하나.. 너무 싱겁고… 맛없었음..그리고 김치가 맛있다고 리뷰 몇곳에 써있는데 맛있는 김치를 다들 안먹어보셨나…. ;;; 순서도 먼저 들어왔는데 다른테이플에 계속 먼저 나감… 말씀드렸는데도.. 다른테이블 계속 먼저 나감..;; 바쁜건 알겠으나.. 이런 부분에서 마이너스 같아요.. 오래 기다려서 들어왔는데 다른 손님 테이블에 먼저 나가다니요.. 두번은 안갈 듯..,288,True,,,,주차가 우선 불편하고 ㅠㅠ 웨이팅이 있움… 맛집이라 웨이팅 이해함!..고기는 맛있었어요! 근데 칼국수는 … 물에 면 삶은 맛…? 간이 안베여 있다고 해야하나.. 너무 싱겁고… 맛없었음..그리고 김치가 맛있다고 리뷰 몇곳에 써있는데 맛있는 김치를 다들 안먹어보셨나…. ;;; 순서도 먼저 들어왔는데 다른테이플에 계속 먼저 나감… 말씀드렸는데도.. 다른테이블 계속 먼저 나감..;; 바쁜건 알겠으나.. 이런 부분에서 마이너스 같아요.. 오래 기다려서 들어왔는데 다른 손님 테이블에 먼저 나가다니요.. 두번은 안갈 듯..,주차가 우선 불편하고 웨이팅이 있움 맛집이라 웨이팅 이해함 EXCLAM 고기는 맛있었어요 EXCLAM 근데 칼국수는 물에 면 삶은 맛 QUESTION 간이 안베여 있다고 해야하나 너무 싱겁고 맛없었음 그리고 김치가 맛있다고 리뷰 몇곳에 써있는데 맛있는 김치를 다들 안먹어보셨나 순서도 먼저 들어왔는데 다른테이플에 계속 먼저 나감 말씀드렸는데도 다른테이블 계속 먼저 나감 바쁜건 알겠으나 이런 부분에서 마이너스 같아요 오래 기다려서 들어왔는데 다른 손님 테이블에 먼저 나가다니요 두번은 안갈 듯,0,0,0,1,1,1,0,288,"테이블, 주차"
naver,옥동식,눈먼지,54.0,2026.04.09,2번째 방문,영수증,캐치 테이블 앱으로 웨이팅 신청. 2시간 반 걸린 후 입장. 맛은 좋음. 재방문 의사 있음,50,True,,,,캐치 테이블 앱으로 웨이팅 신청. 2시간 반 걸린 후 입장. 맛은 좋음. 재방문 의사 있음,캐치 테이블 앱으로 웨이팅 신청 2시간 반 걸린 후 입장 맛은 좋음 재방문 의사 있음,0,0,0,0,0,0,1,50,테이블
kakao,이태리국시 성수,늘 그자리에..,1.0,2026-04-07,,,친구랑 성수데이트~~♡ 맛집은 요기요기 이태리국시 독특해서 왔더니 역시나 메뉴가 퓨전식이네요. 왜 와서 꼭 먹어보란지 알겠어요~~ 두리서 세개는 거뜬히 먹어요 ㅋㅋ,91,True,4.0,4.0,브론즈 레벨,친구랑 성수데이트~~♡ 맛집은 요기요기 이태리국시 독특해서 왔더니 역시나 메뉴가 퓨전식이네요. 왜 와서 꼭 먹어보란지 알겠어요~~ 두리서 세개는 거뜬히 먹어요 ㅋㅋ,친구랑 성수데이트 TILDE EMO_POS 맛집은 요기요기 이태리국시 독특해서 왔더니 역시나 메뉴가 퓨전식이네요 왜 와서 꼭 먹어보란지 알겠어요 TILDE 두리서 세개는 거뜬히 먹어요,1,0,0,0,0,0,0,91,데이트
kakao,육산장 홍대본점,뿌샤뿌샤,54.0,2026-01-24,,,분위기 좋아요 맛있어요~,13,True,5.0,4.7,실버 레벨,분위기 좋아요 맛있어요~,분위기 좋아요 맛있어요,0,0,0,0,0,0,0,13,분위기
naver,이태리국시 성수,안은빈20,104.0,2026.04.25,1번째 방문,영수증,여기 진짜 좋아요 분위기 좋고 맛 좋고 직원 분들도 친절하세요 성수 오면 여기서 저녁 먹는 거 추천해요 !!,60,True,,,,여기 진짜 좋아요 분위기 좋고 맛 좋고 직원 분들도 친절하세요 성수 오면 여기서 저녁 먹는 거 추천해요 !!,여기 진짜 좋아요 분위기 좋고 맛 좋고 직원 분들도 친절하세요 성수 오면 여기서 저녁 먹는 거 추천해요 EXCLAM,0,0,0,0,1,0,0,60,분위기
kakao,홍대 조선시대,송현우,1.0,2026-04-25,,,술이 일단 정말 싸고 직원분들도 다 친절하셔요 무엇보다 분위기가 정말 좋아요,42,True,5.0,5.0,브론즈 레벨,술이 일단 정말 싸고 직원분들도 다 친절하셔요 무엇보다 분위기가 정말 좋아요,술이 일단 정말 싸고 직원분들도 다 친절하셔요 무엇보다 분위기가 정말 좋아요,0,0,0,0,0,0,0,42,분위기
kakao,소문난성수감자탕,서연,2.0,2025-12-19,,,음 숟가락에 고춧가루같은 소스가 묻어있어서 바꿨는데 또 묻어있어서 또 바꿨구요 제대로 된 안내가 없어서 바로 먹어야 되는 건지도 모르겠고 사람이 너무 많아서 다 먹고 조금만 앉아있어도 자꾸 쳐다보세요 잠깐 얘기하는데 다 먹었냐고 물어보시더니 그냥 앉아있는데 바로 치우시구요 ㅜㅜ 사람이 많아서 정신없었어요 음식 주문도 그냥 마음대로 해버리시구요 맛은 나쁘지 않았습니다만 웨이팅하면서 먹을 정도까지는 아닌 것 같구요 위생이 좀.. 그렇네요 ㅠ 다른 곳 가세요,255,True,2.0,3.5,브론즈 레벨,음 숟가락에 고춧가루같은 소스가 묻어있어서 바꿨는데 또 묻어있어서 또 바꿨구요 제대로 된 안내가 없어서 바로 먹어야 되는 건지도 모르겠고 사람이 너무 많아서 다 먹고 조금만 앉아있어도 자꾸 쳐다보세요 잠깐 얘기하는데 다 먹었냐고 물어보시더니 그냥 앉아있는데 바로 치우시구요 ㅜㅜ 사람이 많아서 정신없었어요 음식 주문도 그냥 마음대로 해버리시구요 맛은 나쁘지 않았습니다만 웨이팅하면서 먹을 정도까지는 아닌 것 같구요 위생이 좀.. 그렇네요 ㅠ 다른 곳 가세요,음 숟가락에 고춧가루같은 소스가 묻어있어서 바꿨는데 또 묻어있어서 또 바꿨구요 제대로 된 안내가 없어서 바로 먹어야 되는 건지도 모르겠고 사람이 너무 많아서 다 먹고 조금만 앉아있어도 자꾸 쳐다보세요 잠깐 얘기하는데 다 먹었냐고 물어보시더니 그냥 앉아있는데 바로 치우시구요 사람이 많아서 정신없었어요 음식 주문도 그냥 마음대로 해버리시구요 맛은 나쁘지 않았습니다만 웨이팅하면서 먹을 정도까지는 아닌 것 같구요 위생이 좀 그렇네요 다른 곳 가세요,0,0,0,1,0,0,0,255,위생
kakao,능동미나리 성수점,자유로운순록,11.0,2026-01-17,,,좁고 반찬도 별로없고 직원들도 불친절하고 비싸고 최악이었어요,33,True,1.0,1.6,실버 레벨,좁고 반찬도 별로없고 직원들도 불친절하고 비싸고 최악이었어요,좁고 반찬도 별로없고 직원들도 불친절하고 비싸고 최악이었어요,0,0,0,0,0,0,0,33,좁
naver,금금 성수점,MasterSs,16.0,2026.04.02,1번째 방문,영수증,수육 너무 맛있고 음식도 너무 만족스러웠어요! 매장도 청결하고 좋았습니다,40,True,,,,수육 너무 맛있고 음식도 너무 만족스러웠어요! 매장도 청결하고 좋았습니다,수육 너무 맛있고 음식도 너무 만족스러웠어요 EXCLAM 매장도 청결하고 좋았습니다,0,0,0,0,1,0,0,40,"매장, 청결"
kakao,옥동식 서교점,이재승,16.0,2026-02-12,,,맛있기는 했지만 인스타 맛집 마냥 조용함과 절제됨을 강요하는 느낌이라 짜증이 났다,45,False,3.0,4.2,실버 레벨,맛있기는 했지만 인스타 맛집 마냥 조용함과 절제됨을 강요하는 느낌이라 짜증이 났다,맛있기는 했지만 인스타 맛집 마냥 조용함과 절제됨을 강요하는 느낌이라 짜증이 났다,0,0,0,0,0,0,0,45,조용
naver,뼈탄집 성수역점,mallia1,20.0,2026.01.15,1번째 방문,영수증,"서촌점에서 너무 맛있게 먹었었는데 성수에 왔다가 성수점이 있길래 왔는데 역시나 맛있네요~반찬도 정갈하게 나오고 고기도 직접 구워서 소금, 상추겉절이, 고추절음 등 다양하게 먹으니 먹는 재미가 있네요. 다만 주차가 힘드니 근처 주차장 미리 알아놓고 오시는거 추천이요.",148,True,,,,"서촌점에서 너무 맛있게 먹었었는데 성수에 왔다가 성수점이 있길래 왔는데 역시나 맛있네요~반찬도 정갈하게 나오고 고기도 직접 구워서 소금, 상추겉절이, 고추절음 등 다양하게 먹으니 먹는 재미가 있네요. 다만 주차가 힘드니 근처 주차장 미리 알아놓고 오시는거 추천이요.",서촌점에서 너무 맛있게 먹었었는데 성수에 왔다가 성수점이 있길래 왔는데 역시나 맛있네요 반찬도 정갈하게 나오고 고기도 직접 구워서 소금 상추겉절이 고추절음 등 다양하게 먹으니 먹는 재미가 있네요 다만 주차가 힘드니 근처 주차장 미리 알아놓고 오시는거 추천이요,0,0,0,0,0,0,0,148,주차
naver,성수족발,행복하자5434,2370.0,2025.10.04,1번째 방문,영수증,한강 빛축제 와서 돗자리펴고 저녁먹었는데 사진이 어디로 갔는지 안보이네요. 사람도 적당히 있고 야외에서 먹는 맛이 있네요.분위기도 좋아요,76,True,,,,한강 빛축제 와서 돗자리펴고 저녁먹었는데 사진이 어디로 갔는지 안보이네요. 사람도 적당히 있고 야외에서 먹는 맛이 있네요.분위기도 좋아요,한강 빛축제 와서 돗자리펴고 저녁먹었는데 사진이 어디로 갔는지 안보이네요 사람도 적당히 있고 야외에서 먹는 맛이 있네요 분위기도 좋아요,0,0,0,0,0,0,0,76,"분위기, 자리"
naver,각시보쌈,mina6324,42.0,2026.01.04,1번째 방문,영수증,보쌈 자체는 맛있습니다. 근데 불친절해서 두번 가고 싶진 않은 식당이네요~ 그런 리뷰들이 많던데 정말이네요! 다른 테이블보다 먼저 시켰는데 한참 늦게 나와도 미안하다는 말 한번 없으시고 물 엎지르고도 사과 한번 없으시더라구요. 불친절해도 괜찮다는 분들만 가셔요..,147,False,,,,보쌈 자체는 맛있습니다. 근데 불친절해서 두번 가고 싶진 않은 식당이네요~ 그런 리뷰들이 많던데 정말이네요! 다른 테이블보다 먼저 시켰는데 한참 늦게 나와도 미안하다는 말 한번 없으시고 물 엎지르고도 사과 한번 없으시더라구요. 불친절해도 괜찮다는 분들만 가셔요..,보쌈 자체는 맛있습니다 근데 불친절해서 두번 가고 싶진 않은 식당이네요 그런 리뷰들이 많던데 정말이네요 EXCLAM 다른 테이블보다 먼저 시켰는데 한참 늦게 나와도 미안하다는 말 한번 없으시고 물 엎지르고도 사과 한번 없으시더라구요 불친절해도 괜찮다는 분들만 가셔요,0,0,0,0,1,0,0,147,테이블
kakao,능동미나리 성수점,얌이,233.0,2025-10-11,,,"절대 웨이팅하고 먹을 맛은 아님. 고기가 부드럽긴한데, 미나리가 억세고 향도 안 남. 곰탕 맛은 좋게 말하면 깔끔하고 나쁘게 말하면 아무 특색이 없음. 재방문 의사도 없음",95,True,2.0,2.4,골드 레벨,"절대 웨이팅하고 먹을 맛은 아님. 고기가 부드럽긴한데, 미나리가 억세고 향도 안 남. 곰탕 맛은 좋게 말하면 깔끔하고 나쁘게 말하면 아무 특색이 없음. 재방문 의사도 없음",절대 웨이팅하고 먹을 맛은 아님 고기가 부드럽긴한데 미나리가 억세고 향도 안 남 곰탕 맛은 좋게 말하면 깔끔하고 나쁘게 말하면 아무 특색이 없음 재방문 의사도 없음,0,0,0,0,0,0,0,95,깔끔
kakao,이태리국시 성수,함진희,1.0,2026-04-26,,,맛도 좋고 분위기 좋은곳이에요,16,True,5.0,5.0,브론즈 레벨,맛도 좋고 분위기 좋은곳이에요,맛도 좋고 분위기 좋은곳이에요,0,0,0,0,0,0,0,16,분위기
naver,육산장 홍대본점,아발란치에,12.0,2026.04.18,1번째 방문,영수증,너무 맛있고 분위기 좋고 친절해요,18,True,,,,너무 맛있고 분위기 좋고 친절해요,너무 맛있고 분위기 좋고 친절해요,0,0,0,0,0,0,0,18,분위기
naver,육산장 홍대본점,데브데드,20.0,2026.04.15,1번째 방문,영수증,아늑한 캠핑 분위기에서 잘 먹고 즐기다 가요~,25,True,,,,아늑한 캠핑 분위기에서 잘 먹고 즐기다 가요~,아늑한 캠핑 분위기에서 잘 먹고 즐기다 가요,0,0,0,0,0,0,0,25,분위기
naver,금금 성수점,김현서8441,83.0,2026.01.07,1번째 방문,영수증,"맛있게 잘 먹었습니다~ 예약 안하고 방문했는데 다행히 자리가 있었어요!! 들기름 막국수, 보리된장국수, 묵은지참치말이 모두 맛있었습니다 ㅎㅎ 보리된장국수는 마재소바처럼 다 먹고 밥을 비벼먹을 수 있는데 그게 정말 맛있었어요😋 다음에 또 방문하고싶습니다~",141,True,,,,"맛있게 잘 먹었습니다~ 예약 안하고 방문했는데 다행히 자리가 있었어요!! 들기름 막국수, 보리된장국수, 묵은지참치말이 모두 맛있었습니다 ㅎㅎ 보리된장국수는 마재소바처럼 다 먹고 밥을 비벼먹을 수 있는데 그게 정말 맛있었어요😋 다음에 또 방문하고싶습니다~",맛있게 잘 먹었습니다 예약 안하고 방문했는데 다행히 자리가 있었어요 EXCLAM 들기름 막국수 보리된장국수 묵은지참치말이 모두 맛있었습니다 보리된장국수는 마재소바처럼 다 먹고 밥을 비벼먹을 수 있는데 그게 정말 맛있었어요 EMO_POS 다음에 또 방문하고싶습니다,1,0,0,0,1,0,0,141,자리
naver,쭌곱창,doolyse,20.0,2026.03.21,1번째 방문,예약,아늑한 공간에서 아주 잘먹구 가요!! 곱창이 살짝 매콤한데 너무 맛있오요!!! 메뉴 구성도 알차고 사장님이 친절하게 먹는방법까지 설명해주셔서 아주 맛있게 먹었습니다 💕,93,True,,,,아늑한 공간에서 아주 잘먹구 가요!! 곱창이 살짝 매콤한데 너무 맛있오요!!! 메뉴 구성도 알차고 사장님이 친절하게 먹는방법까지 설명해주셔서 아주 맛있게 먹었습니다 💕,아늑한 공간에서 아주 잘먹구 가요 EXCLAM 곱창이 살짝 매콤한데 너무 맛있오요 EXCLAM 메뉴 구성도 알차고 사장님이 친절하게 먹는방법까지 설명해주셔서 아주 맛있게 먹었습니다 EMO_POS,1,0,0,0,1,0,0,93,공간
kakao,홍대 조선시대,윤아셀,1.0,2026-02-28,,,메뉴가 맛 없는 게 없고 다 맛있습니다. 분위기도 좋고 중간중간 게임도 진행해주셔서 아주 즐겁게 있었어요. 또 올 것 같습니다아,71,True,5.0,5.0,브론즈 레벨,메뉴가 맛 없는 게 없고 다 맛있습니다. 분위기도 좋고 중간중간 게임도 진행해주셔서 아주 즐겁게 있었어요. 또 올 것 같습니다아,메뉴가 맛 없는 게 없고 다 맛있습니다 분위기도 좋고 중간중간 게임도 진행해주셔서 아주 즐겁게 있었어요 또 올 것 같습니다아,0,0,0,0,0,0,0,71,분위기
kakao,육지,김호연,1.0,2026-03-07,,,시끄럽고 사람 붐비고 바쁜 거 이해하는데 10분 늦게 온 옆자리 손님 고기 굽기 시작. 불도 제대로 안 올리고 서빙한 고기만 덩그러니…매니저 컴플레인 대응도 실망스러움.,94,False,1.0,1.0,브론즈 레벨,시끄럽고 사람 붐비고 바쁜 거 이해하는데 10분 늦게 온 옆자리 손님 고기 굽기 시작. 불도 제대로 안 올리고 서빙한 고기만 덩그러니…매니저 컴플레인 대응도 실망스러움.,시끄럽고 사람 붐비고 바쁜 거 이해하는데 10분 늦게 온 옆자리 손님 고기 굽기 시작 불도 제대로 안 올리고 서빙한 고기만 덩그러니 매니저 컴플레인 대응도 실망스러움,0,0,0,0,0,0,1,94,"자리, 시끄럽"
naver,락희옥 마포본점,shull,61.0,2025.07.23,1번째 방문,영수증,정갈하게 음식이 나와서 종종 와요! 부모님 모시고 오기 좋습니다 :) 가게도 넓어서 모임하기 딱이에요!,57,True,,,,정갈하게 음식이 나와서 종종 와요! 부모님 모시고 오기 좋습니다 :) 가게도 넓어서 모임하기 딱이에요!,정갈하게 음식이 나와서 종종 와요 EXCLAM 부모님 모시고 오기 좋습니다 가게도 넓어서 모임하기 딱이에요 EXCLAM,0,0,0,0,1,0,0,57,넓
naver,훼미리손칼국수보쌈,다다구구두두,16.0,2026.04.04,1번째 방문,영수증,1년만에 다시 먹었는데 여전히 맛있었지만 직원분 때문에 기분 좀 많이 상했어요. 들어올 때 부터 인상쓰고 주문 받으시더니 음식 놓을 때도 던지듯이 툭툭 쾅쾅 .. 추가주문 하려고 불렀을 때 눈도 분명 마주쳤는데 그냥 쌩 지나가시고 .. 바쁜 매장이란 건 알지만 차라리 기다려달라 한마디라도 해주셨으면 이렇게까지 기분은 안나빴을 거 같은데 .. 좀 그렇네요. 특히 홀에 머리 묶으신 분 인상만 쓰고 빤히 쳐다보시면 어떻게 추가주문 할까요 ? 불렀는데 대답 없으셔서 못들으셨나하는 마음에 다시 불렀다고 기분 나쁜티 내시던데 바쁜 거 파악 못하고 주문하려한 저희가 잘못한 걸까요 ? 간만에 밥먹으러 왔다가 기분 나쁜 경험해서 댓글 남깁니다.,355,False,,,,1년만에 다시 먹었는데 여전히 맛있었지만 직원분 때문에 기분 좀 많이 상했어요. 들어올 때 부터 인상쓰고 주문 받으시더니 음식 놓을 때도 던지듯이 툭툭 쾅쾅 .. 추가주문 하려고 불렀을 때 눈도 분명 마주쳤는데 그냥 쌩 지나가시고 .. 바쁜 매장이란 건 알지만 차라리 기다려달라 한마디라도 해주셨으면 이렇게까지 기분은 안나빴을 거 같은데 .. 좀 그렇네요. 특히 홀에 머리 묶으신 분 인상만 쓰고 빤히 쳐다보시면 어떻게 추가주문 할까요 ? 불렀는데 대답 없으셔서 못들으셨나하는 마음에 다시 불렀다고 기분 나쁜티 내시던데 바쁜 거 파악 못하고 주문하려한 저희가 잘못한 걸까요 ? 간만에 밥먹으러 왔다가 기분 나쁜 경험해서 댓글 남깁니다.,1년만에 다시 먹었는데 여전히 맛있었지만 직원분 때문에 기분 좀 많이 상했어요 들어올 때 부터 인상쓰고 주문 받으시더니 음식 놓을 때도 던지듯이 툭툭 쾅쾅 추가주문 하려고 불렀을 때 눈도 분명 마주쳤는데 그냥 쌩 지나가시고 바쁜 매장이란 건 알지만 차라리 기다려달라 한마디라도 해주셨으면 이렇게까지 기분은 안나빴을 거 같은데 좀 그렇네요 특히 홀에 머리 묶으신 분 인상만 쓰고 빤히 쳐다보시면 어떻게 추가주문 할까요 QUESTION 불렀는데 대답 없으셔서 못들으셨나하는 마음에 다시 불렀다고 기분 나쁜티 내시던데 바쁜 거 파악 못하고 주문하려한 저희가 잘못한 걸까요 QUESTION 간만에 밥먹으러 왔다가 기분 나쁜 경험해서 댓글 남깁니다,0,0,0,0,0,1,1,355,매장
naver,육산장 홍대본점,deb****,13.0,2026.03.30,1번째 방문,영수증,너무너무 맛있어요 ㅜㅠ 세트로 시키니 고기 부위도 다양하고 밑반찬들도 다 맛잇엇습니다. 무엇보다 야외라서 더 분위기 있게 재밋게 즐길 수 잇엇어요 !,83,True,,,,너무너무 맛있어요 ㅜㅠ 세트로 시키니 고기 부위도 다양하고 밑반찬들도 다 맛잇엇습니다. 무엇보다 야외라서 더 분위기 있게 재밋게 즐길 수 잇엇어요 !,너무너무 맛있어요 세트로 시키니 고기 부위도 다양하고 밑반찬들도 다 맛잇엇습니다 무엇보다 야외라서 더 분위기 있게 재밋게 즐길 수 잇엇어요 EXCLAM,0,0,0,0,1,0,0,83,분위기
naver,이태리국시 성수,퍙 퍙,52.0,2026.04.06,1번째 방문,영수증,맛있다는 후기를 보고 처음 방문하게 되었는데요! 반계마늘돌솥리조또가 너무 맛있었어요 ෆ⸒⸒. 분위기도 좋아서 밥먹으러 오기 좋은 곳 같습니다!,79,True,,,,맛있다는 후기를 보고 처음 방문하게 되었는데요! 반계마늘돌솥리조또가 너무 맛있었어요 ෆ⸒⸒. 분위기도 좋아서 밥먹으러 오기 좋은 곳 같습니다!,맛있다는 후기를 보고 처음 방문하게 되었는데요 EXCLAM 반계마늘돌솥리조또가 너무 맛있었어요 분위기도 좋아서 밥먹으러 오기 좋은 곳 같습니다 EXCLAM,0,0,0,0,1,0,0,79,분위기
naver,능동미나리 성수지점,elliws재원맘,187.0,2025.10.07,1번째 방문,영수증,"능동 미나리 곰탕,육회비빔밥 이곳의 시그니처 메뉴는 꼭 드셔요. 미나리가 연하고 싱싱해요. 대파랑 달리 미나리는 곰탕의 맛을 개운하게 해줍니다. 한우라 고기 육질도 좋네요. [육회비빔밥]은 재료는 심플한데 정말 깔끔하고 맛있어요. 본연의 맛에 충실히 한 점도 좋고 은은한 기름향이 미나리랑 넘 어울려요. 오후 3시 넘어서 갔더니 대기도 짧았네요. 미나리 특 곰탕 포장까지 했습니다. 강추",216,True,,,,"능동 미나리 곰탕,육회비빔밥 이곳의 시그니처 메뉴는 꼭 드셔요. 미나리가 연하고 싱싱해요. 대파랑 달리 미나리는 곰탕의 맛을 개운하게 해줍니다. 한우라 고기 육질도 좋네요. [육회비빔밥]은 재료는 심플한데 정말 깔끔하고 맛있어요. 본연의 맛에 충실히 한 점도 좋고 은은한 기름향이 미나리랑 넘 어울려요. 오후 3시 넘어서 갔더니 대기도 짧았네요. 미나리 특 곰탕 포장까지 했습니다. 강추",능동 미나리 곰탕 육회비빔밥 이곳의 시그니처 메뉴는 꼭 드셔요 미나리가 연하고 싱싱해요 대파랑 달리 미나리는 곰탕의 맛을 개운하게 해줍니다 한우라 고기 육질도 좋네요 육회비빔밥 은 재료는 심플한데 정말 깔끔하고 맛있어요 본연의 맛에 충실히 한 점도 좋고 은은한 기름향이 미나리랑 넘 어울려요 오후 3시 넘어서 갔더니 대기도 짧았네요 미나리 특 곰탕 포장까지 했습니다 강추,0,0,0,0,0,0,1,216,깔끔
kakao,옥동식 서교점,JL,28.0,2025-10-31,,,웨이팅시스템 비효율적이에요~~! 자리가 좁아서 2인 이상부터 힘듭니다.,39,True,3.0,3.9,실버 레벨,웨이팅시스템 비효율적이에요~~! 자리가 좁아서 2인 이상부터 힘듭니다.,웨이팅시스템 비효율적이에요 TILDE EXCLAM 자리가 좁아서 2인 이상부터 힘듭니다,0,0,0,0,1,0,1,39,"자리, 좁"
kakao,이태리국시 성수,박현정,2.0,2026-03-28,,,성수동에 왔다가 처음 들렸는데 숯불대창파스타 진짜 맛있네요. 피자도 색다르고 분위기도 좋아요. 추천합니다.,59,False,5.0,5.0,브론즈 레벨,성수동에 왔다가 처음 들렸는데 숯불대창파스타 진짜 맛있네요. 피자도 색다르고 분위기도 좋아요. 추천합니다.,성수동에 왔다가 처음 들렸는데 숯불대창파스타 진짜 맛있네요 피자도 색다르고 분위기도 좋아요 추천합니다,0,0,0,0,0,0,0,59,분위기
kakao,이태리국시 성수,김진민,2.0,2026-04-12,,,분위기도 좋고 음식도 맛있었습니다! 샐러드도 신선한 느낌이 들고 좋아요!,40,True,5.0,3.0,브론즈 레벨,분위기도 좋고 음식도 맛있었습니다! 샐러드도 신선한 느낌이 들고 좋아요!,분위기도 좋고 음식도 맛있었습니다 EXCLAM 샐러드도 신선한 느낌이 들고 좋아요 EXCLAM,0,0,0,0,1,0,0,40,분위기
naver,보끔당 성수점,야핫호,25.0,2026.03.25,1번째 방문,영수증,"엽떡 자매브랜드라고해서 처음 가본 보끔당! 역시 너무 맛있었습니다👍 닭볶음탕 국물 한 입 먹자마자 깊은 맛이 느껴져서 밥 한 공기 싹싹 비벼먹었습니다🤤 이번엔 1인 닭볶음탕 시켜먹었는데, 다음에는 메인메뉴도 꼭 시켜먹어봐야겠네요! 너무 맛있어서 강추하는 곳입니다🤍 수요일 저녁 6시 30분 기준 테이블이 거의 꽉 찼더라구요! 점심에는 점심특선할인으로 더 저렴하게 먹을 수 있으니까 그때 가보시는걸 추천해요!",227,True,,,,"엽떡 자매브랜드라고해서 처음 가본 보끔당! 역시 너무 맛있었습니다👍 닭볶음탕 국물 한 입 먹자마자 깊은 맛이 느껴져서 밥 한 공기 싹싹 비벼먹었습니다🤤 이번엔 1인 닭볶음탕 시켜먹었는데, 다음에는 메인메뉴도 꼭 시켜먹어봐야겠네요! 너무 맛있어서 강추하는 곳입니다🤍 수요일 저녁 6시 30분 기준 테이블이 거의 꽉 찼더라구요! 점심에는 점심특선할인으로 더 저렴하게 먹을 수 있으니까 그때 가보시는걸 추천해요!",엽떡 자매브랜드라고해서 처음 가본 보끔당 EXCLAM 역시 너무 맛있었습니다 EMO_POS 닭볶음탕 국물 한 입 먹자마자 깊은 맛이 느껴져서 밥 한 공기 싹싹 비벼먹었습니다 이번엔 1인 닭볶음탕 시켜먹었는데 다음에는 메인메뉴도 꼭 시켜먹어봐야겠네요 EXCLAM 너무 맛있어서 강추하는 곳입니다 EMO_POS 수요일 저녁 6시 30분 기준 테이블이 거의 꽉 찼더라구요 EXCLAM 점심에는 점심특선할인으로 더 저렴하게 먹을 수 있으니까 그때 가보시는걸 추천해요 EXCLAM,1,0,0,0,1,0,1,227,테이블
naver,금금 성수점,하늘보리좋아,94.0,2026.04.25,1번째 방문,영수증,음식 깔끔하고 맛잇어요 대표메뉴 추천해요,22,True,,,,음식 깔끔하고 맛잇어요 대표메뉴 추천해요,음식 깔끔하고 맛잇어요 대표메뉴 추천해요,0,0,0,0,0,0,0,22,깔끔
naver,옥동식,kkim 간다,2351.0,2025.04.25,1번째 방문,영수증,"❇︎ 보통돼지국밥 11,000원 국밥으로만 웨이팅이 있다길래 궁금해서 방문했어요 깔끔한 맛이 좋네요 : ) 국밥을 엄청 좋아하지 않아서 엄청엄청 맛있지는 않지만.. 깔끔한 한끼는 되는 것 같아요~ 고기가 많이 들어있고, 함께 준 고추지(?) 랑 같이 먹으니 맛있어요. 김치도 맛있어요~!~! 평일 오픈런보다 30분 늦었는데 캐치테이블 해서 그나마 현장도착 15분 안에 들어간 것 같아요~",216,True,,,,"❇︎ 보통돼지국밥 11,000원 국밥으로만 웨이팅이 있다길래 궁금해서 방문했어요 깔끔한 맛이 좋네요 : ) 국밥을 엄청 좋아하지 않아서 엄청엄청 맛있지는 않지만.. 깔끔한 한끼는 되는 것 같아요~ 고기가 많이 들어있고, 함께 준 고추지(?) 랑 같이 먹으니 맛있어요. 김치도 맛있어요~!~! 평일 오픈런보다 30분 늦었는데 캐치테이블 해서 그나마 현장도착 15분 안에 들어간 것 같아요~",보통돼지국밥 11 000원 국밥으로만 웨이팅이 있다길래 궁금해서 방문했어요 깔끔한 맛이 좋네요 국밥을 엄청 좋아하지 않아서 엄청엄청 맛있지는 않지만 깔끔한 한끼는 되는 것 같아요 고기가 많이 들어있고 함께 준 고추지 QUESTION 랑 같이 먹으니 맛있어요 김치도 맛있어요 EXCLAM EXCLAM 평일 오픈런보다 30분 늦었는데 캐치테이블 해서 그나마 현장도착 15분 안에 들어간 것 같아요,0,0,0,0,1,1,1,216,"테이블, 깔끔"
kakao,이태리국시 성수,이재린,1.0,2026-04-17,,,분위기 너무 좋고 플레이팅도 예쁘고 맛있네요👍 소개팅 장소로 딱일거 같아요! 친구 모임하기에도 좋아보여요!,59,True,5.0,5.0,브론즈 레벨,분위기 너무 좋고 플레이팅도 예쁘고 맛있네요👍 소개팅 장소로 딱일거 같아요! 친구 모임하기에도 좋아보여요!,분위기 너무 좋고 플레이팅도 예쁘고 맛있네요 EMO_POS 소개팅 장소로 딱일거 같아요 EXCLAM 친구 모임하기에도 좋아보여요 EXCLAM,1,0,0,0,1,0,0,59,분위기
naver,옥동식,junland1,379.0,2026.01.12,1번째 방문,예약,깔끔한 맛!,6,True,,,,깔끔한 맛!,깔끔한 맛 EXCLAM,0,0,0,0,1,0,0,6,깔끔
naver,이태리국시 성수,OnulSmile,46.0,2026.03.22,1번째 방문,예약,숯불대창 돌솥파스타랑 쌈피자 먹었는데 조합 너무 좋아요! 불향도 좋고 음식이 끝까지 따뜻해서 더 맛있게 먹었습니다 매장 분위기도 깔끔해요.👍,78,True,,,,숯불대창 돌솥파스타랑 쌈피자 먹었는데 조합 너무 좋아요! 불향도 좋고 음식이 끝까지 따뜻해서 더 맛있게 먹었습니다 매장 분위기도 깔끔해요.👍,숯불대창 돌솥파스타랑 쌈피자 먹었는데 조합 너무 좋아요 EXCLAM 불향도 좋고 음식이 끝까지 따뜻해서 더 맛있게 먹었습니다 매장 분위기도 깔끔해요 EMO_POS,1,0,0,0,1,0,0,78,"분위기, 매장, 깔끔"
naver,쭌곱창,예융,13.0,2026.01.25,1번째 방문,영수증,아늑하고 분위기 좋습니다! 음식도 맛있고 서비스도 좋았어요~,33,True,,,,아늑하고 분위기 좋습니다! 음식도 맛있고 서비스도 좋았어요~,아늑하고 분위기 좋습니다 EXCLAM 음식도 맛있고 서비스도 좋았어요,0,0,0,0,1,0,0,33,분위기
naver,조선시대,유진060,18.0,2026.04.30,1번째 방문,영수증,일단 여기 정말 자주 오는데요. 너무 너무 맛있고 너무 너무 분위기가 좋아요. 그리고 마지막으로 딸기 요거트 막걸리 이거 미친놈입니다…요것은 정말 와서 드셔야 해요!!! 그리고 돈까스 전골 정말 맛있어요. 꼭 먹으세요요. 그리고 + 날치알 단무지 주먹밥도 당연히 시켜야 되용~~,155,False,,,,일단 여기 정말 자주 오는데요. 너무 너무 맛있고 너무 너무 분위기가 좋아요. 그리고 마지막으로 딸기 요거트 막걸리 이거 미친놈입니다…요것은 정말 와서 드셔야 해요!!! 그리고 돈까스 전골 정말 맛있어요. 꼭 먹으세요요. 그리고 + 날치알 단무지 주먹밥도 당연히 시켜야 되용~~,일단 여기 정말 자주 오는데요 너무 너무 맛있고 너무 너무 분위기가 좋아요 그리고 마지막으로 딸기 요거트 막걸리 이거 미친놈입니다 요것은 정말 와서 드셔야 해요 EXCLAM 그리고 돈까스 전골 정말 맛있어요 꼭 먹으세요요 그리고 날치알 단무지 주먹밥도 당연히 시켜야 되용 TILDE,0,0,0,0,1,0,0,155,분위기
kakao,육지,보코블린,87.0,2026-01-13,,,**고기는 맛있으나** 서비스가 역대급 개판 1. 다른 테이블은 앉자마자 앞치마 바로 갖다주는데 본인 테이블은 앞치마 안 갖다줌. 불러도 잠시만요~ 이러고 대꾸도 안함. 두세번 불러서야 받을 수 있었음. 2. 다른 테이블은 2인이어도 소스가 1인 1세트씩 나옴. 나는 일행포함 2명이서 방문했는데 소스가 1세트밖에 안 나와서 혹시 소스 하나 더 줄 수 있냐고 물어봤는데 2인 1세트가 원칙이라고 함. 바로 옆 2인 테이블이랑 4인 테이블은 1인1세트였음ㅋㅋ; 3. 응대가 개판임. 위에서도 언급했지만 한 두세번은 불러야 한 번 오심. 근데 친절은 밥말아먹은 응대였음. 4. 고기 자체는 맛있음... 구워주는 것도 좋았고 볶음밥도 맛있었음. 문제는 구워주는 직원도 태도가 영;; 5. 불판 제대로 안 닦여서 처음에 달굴때 틈 사이로 낀 찌꺼기랑 기름같은게 계속 파팍파팍 계속 튐. 이건 좀 아니지 않나... 고깃집은 대체재가 많으니 재방문은 안 할듯. 그러나 볶음밥은 맛있었음.,490,True,2.0,3.3,실버 레벨,**고기는 맛있으나** 서비스가 역대급 개판 1. 다른 테이블은 앉자마자 앞치마 바로 갖다주는데 본인 테이블은 앞치마 안 갖다줌. 불러도 잠시만요~ 이러고 대꾸도 안함. 두세번 불러서야 받을 수 있었음. 2. 다른 테이블은 2인이어도 소스가 1인 1세트씩 나옴. 나는 일행포함 2명이서 방문했는데 소스가 1세트밖에 안 나와서 혹시 소스 하나 더 줄 수 있냐고 물어봤는데 2인 1세트가 원칙이라고 함. 바로 옆 2인 테이블이랑 4인 테이블은 1인1세트였음ㅋㅋ; 3. 응대가 개판임. 위에서도 언급했지만 한 두세번은 불러야 한 번 오심. 근데 친절은 밥말아먹은 응대였음. 4. 고기 자체는 맛있음... 구워주는 것도 좋았고 볶음밥도 맛있었음. 문제는 구워주는 직원도 태도가 영;; 5. 불판 제대로 안 닦여서 처음에 달굴때 틈 사이로 낀 찌꺼기랑 기름같은게 계속 파팍파팍 계속 튐. 이건 좀 아니지 않나... 고깃집은 대체재가 많으니 재방문은 안 할듯. 그러나 볶음밥은 맛있었음.,고기는 맛있으나 서비스가 역대급 개판 1 다른 테이블은 앉자마자 앞치마 바로 갖다주는데 본인 테이블은 앞치마 안 갖다줌 불러도 잠시만요 이러고 대꾸도 안함 두세번 불러서야 받을 수 있었음 2 다른 테이블은 2인이어도 소스가 1인 1세트씩 나옴 나는 일행포함 2명이서 방문했는데 소스가 1세트밖에 안 나와서 혹시 소스 하나 더 줄 수 있냐고 물어봤는데 2인 1세트가 원칙이라고 함 바로 옆 2인 테이블이랑 4인 테이블은 1인1세트였음 3 응대가 개판임 위에서도 언급했지만 한 두세번은 불러야 한 번 오심 근데 친절은 밥말아먹은 응대였음 4 고기 자체는 맛있음 구워주는 것도 좋았고 볶음밥도 맛있었음 문제는 구워주는 직원도 태도가 영 5 불판 제대로 안 닦여서 처음에 달굴때 틈 사이로 낀 찌꺼기랑 기름같은게 계속 파팍파팍 계속 튐 이건 좀 아니지 않나 고깃집은 대체재가 많으니 재방문은 안 할듯 그러나 볶음밥은 맛있었음,0,0,0,0,0,0,1,490,테이블
naver,조선시대,융슈,85.0,2026.01.30,1번째 방문,영수증,된장술밥도 메뉴에있어서 좋아요! 좌식도 있고 분위기도 좋아요 잘먹겠습니다 :) 리뷰이벤트 감자전도 주셔요🧡,59,True,,,,된장술밥도 메뉴에있어서 좋아요! 좌식도 있고 분위기도 좋아요 잘먹겠습니다 :) 리뷰이벤트 감자전도 주셔요🧡,된장술밥도 메뉴에있어서 좋아요 EXCLAM 좌식도 있고 분위기도 좋아요 잘먹겠습니다 리뷰이벤트 감자전도 주셔요 EMO_POS,1,0,0,0,1,0,0,59,분위기
naver,옥동식,맛집지도쏘쏘,450.0,2025.08.10,1번째 방문,영수증,일요일 오전 11시30분 캐치테이블로 예약하고 43번째였는데 1시40분에 들어갔습니다 (2시간10분 걸림) 중간중간 온라인 예약도 인원이 많으면 마감되더라고요 뉴욕 매장 티비로 보다가 궁금해서 방문했고 국물이 맑은게 우리가 흔히아는 부산 돼지국밥과는 다른 맛이었고 국물 오묘하니 맛있었습니다 김치만두는 평범했고 아쉬운 점은 밥이 너무 덜익은 것같았어요. 국물에 토렴해서 주시니 퍼질것을 예상하고 지은 밥 인듯 한데 엄마랑 저에겐 좀 딱딱하게 느껴졌습니다. 고기는 부드럽고 얇고 특히 양념장이 정말 개운하게 느끼함을 잡아주었습니다 :),298,True,,,,일요일 오전 11시30분 캐치테이블로 예약하고 43번째였는데 1시40분에 들어갔습니다 (2시간10분 걸림) 중간중간 온라인 예약도 인원이 많으면 마감되더라고요 뉴욕 매장 티비로 보다가 궁금해서 방문했고 국물이 맑은게 우리가 흔히아는 부산 돼지국밥과는 다른 맛이었고 국물 오묘하니 맛있었습니다 김치만두는 평범했고 아쉬운 점은 밥이 너무 덜익은 것같았어요. 국물에 토렴해서 주시니 퍼질것을 예상하고 지은 밥 인듯 한데 엄마랑 저에겐 좀 딱딱하게 느껴졌습니다. 고기는 부드럽고 얇고 특히 양념장이 정말 개운하게 느끼함을 잡아주었습니다 :),일요일 오전 11시30분 캐치테이블로 예약하고 43번째였는데 1시40분에 들어갔습니다 2시간10분 걸림 중간중간 온라인 예약도 인원이 많으면 마감되더라고요 뉴욕 매장 티비로 보다가 궁금해서 방문했고 국물이 맑은게 우리가 흔히아는 부산 돼지국밥과는 다른 맛이었고 국물 오묘하니 맛있었습니다 김치만두는 평범했고 아쉬운 점은 밥이 너무 덜익은 것같았어요 국물에 토렴해서 주시니 퍼질것을 예상하고 지은 밥 인듯 한데 엄마랑 저에겐 좀 딱딱하게 느껴졌습니다 고기는 부드럽고 얇고 특히 양념장이 정말 개운하게 느끼함을 잡아주었습니다,0,0,0,0,0,0,1,298,"매장, 테이블"
kakao,홍대 조선시대,김범환,4.0,2026-01-11,,,친구들이랑 왔는데 분위기도 좋고 음식도 맛있었어요.,28,True,5.0,5.0,브론즈 레벨,친구들이랑 왔는데 분위기도 좋고 음식도 맛있었어요.,친구들이랑 왔는데 분위기도 좋고 음식도 맛있었어요,0,0,0,0,0,0,0,28,분위기
naver,보끔당 성수점,Mickey79,10.0,2026.03.29,1번째 방문,영수증,"성수 보끔당 닭볶음탕 맛집입니다. 맵기 조절이 가능해서 너무 좋았고, 매장이 널직하고 테이블 간격이 넓어서 식사하기 너무나 편했어요 닭볶음탕 메뉴도 너무나 푸짐하고 간도 적당했어요! 성수에 다양한 가게들이 많지만 닭요리는 보끔당이 정말 최고입니다! 추천드려요!",145,True,,,,"성수 보끔당 닭볶음탕 맛집입니다. 맵기 조절이 가능해서 너무 좋았고, 매장이 널직하고 테이블 간격이 넓어서 식사하기 너무나 편했어요 닭볶음탕 메뉴도 너무나 푸짐하고 간도 적당했어요! 성수에 다양한 가게들이 많지만 닭요리는 보끔당이 정말 최고입니다! 추천드려요!",성수 보끔당 닭볶음탕 맛집입니다 맵기 조절이 가능해서 너무 좋았고 매장이 널직하고 테이블 간격이 넓어서 식사하기 너무나 편했어요 닭볶음탕 메뉴도 너무나 푸짐하고 간도 적당했어요 EXCLAM 성수에 다양한 가게들이 많지만 닭요리는 보끔당이 정말 최고입니다 EXCLAM 추천드려요 EXCLAM,0,0,0,0,1,0,0,145,"매장, 테이블, 넓"
naver,홍대 육지,edith7492,43.0,2026.04.09,1번째 방문,영수증,"친구랑 급번개로 인스타에서 보던 곳에 웨이팅 없이 들어왔는데 우와,,, 고기 퀄리티가 미쳤어요🫢 직원분들도 친절하시고 매장도 너무 깔끔 그잡채👍🏻 다음엔 남친이랑 올게요오 ㅎㅎㅎ",99,True,,,,"친구랑 급번개로 인스타에서 보던 곳에 웨이팅 없이 들어왔는데 우와,,, 고기 퀄리티가 미쳤어요🫢 직원분들도 친절하시고 매장도 너무 깔끔 그잡채👍🏻 다음엔 남친이랑 올게요오 ㅎㅎㅎ",친구랑 급번개로 인스타에서 보던 곳에 웨이팅 없이 들어왔는데 우와 고기 퀄리티가 미쳤어요 직원분들도 친절하시고 매장도 너무 깔끔 그잡채 EMO_POS 다음엔 남친이랑 올게요오,1,0,0,0,0,0,0,99,"매장, 깔끔"
naver,락희옥 마포본점,supremeier,17.0,2025.10.17,1번째 방문,영수증,모임차 방문했는데 자리도 넓고 음식도 정말정말 맛있었습니다. 메뉴별로 맛있게 먹는법도 설명해주셔서 좋았습니당 맛있게먹었습니다!,70,True,,,,모임차 방문했는데 자리도 넓고 음식도 정말정말 맛있었습니다. 메뉴별로 맛있게 먹는법도 설명해주셔서 좋았습니당 맛있게먹었습니다!,모임차 방문했는데 자리도 넓고 음식도 정말정말 맛있었습니다 메뉴별로 맛있게 먹는법도 설명해주셔서 좋았습니당 맛있게먹었습니다 EXCLAM,0,0,0,0,1,0,0,70,"자리, 넓"
naver,성수족발,봄바스틱04,569.0,2025.05.31,1번째 방문,영수증,"오랜만에 재방문한 성수족발 토요일 방문이라서 카페가면서 3시에 첫번째로 이름쓰고 5시에 가니 사람들 엄청 많았어요! 미리 써놓기를 잘 했다는 생각이 ㅎㅎ... 웨이팅 하는데 안에서 잡내 비릿내랑 시큼한 냄새가 너무 나서 오랜만에 왔는데 맛없으면 어쩌나 고민했는데, 첫번째 순서라 그냥 먹어보자! 하고 들어갔어요 다행히 냄새만 이상했고, 먹어보니 잡내 하나 없이 맛있었어요👍🏻🤤 직원분들이.. 대부분은 친절하시지는 않은... 부르면 한번에 오지를 않는 ,,, 극 I들은 절대 못갈듯 😅 다른리뷰들에 써있는거처럼 야채들은 넘 시들시들 했어요🥹 포장은 미리 썰어논거를 줘서 위생은 .. 걱정되어서 오픈런해서 매장에서 먹는게 나을거같아요! 맛 하나는 최고👍🏻 콩나물국도 시원해서 3번 리필 해먹었어요🤤",388,True,,,,"오랜만에 재방문한 성수족발 토요일 방문이라서 카페가면서 3시에 첫번째로 이름쓰고 5시에 가니 사람들 엄청 많았어요! 미리 써놓기를 잘 했다는 생각이 ㅎㅎ... 웨이팅 하는데 안에서 잡내 비릿내랑 시큼한 냄새가 너무 나서 오랜만에 왔는데 맛없으면 어쩌나 고민했는데, 첫번째 순서라 그냥 먹어보자! 하고 들어갔어요 다행히 냄새만 이상했고, 먹어보니 잡내 하나 없이 맛있었어요👍🏻🤤 직원분들이.. 대부분은 친절하시지는 않은... 부르면 한번에 오지를 않는 ,,, 극 I들은 절대 못갈듯 😅 다른리뷰들에 써있는거처럼 야채들은 넘 시들시들 했어요🥹 포장은 미리 썰어논거를 줘서 위생은 .. 걱정되어서 오픈런해서 매장에서 먹는게 나을거같아요! 맛 하나는 최고👍🏻 콩나물국도 시원해서 3번 리필 해먹었어요🤤",오랜만에 재방문한 성수족발 토요일 방문이라서 카페가면서 3시에 첫번째로 이름쓰고 5시에 가니 사람들 엄청 많았어요 EXCLAM 미리 써놓기를 잘 했다는 생각이 웨이팅 하는데 안에서 잡내 비릿내랑 시큼한 냄새가 너무 나서 오랜만에 왔는데 맛없으면 어쩌나 고민했는데 첫번째 순서라 그냥 먹어보자 EXCLAM 하고 들어갔어요 다행히 냄새만 이상했고 먹어보니 잡내 하나 없이 맛있었어요 EMO_POS 직원분들이 대부분은 친절하시지는 않은 부르면 한번에 오지를 않는 극 I들은 절대 못갈듯 다른리뷰들에 써있는거처럼 야채들은 넘 시들시들 했어요 포장은 미리 썰어논거를 줘서 위생은 걱정되어서 오픈런해서 매장에서 먹는게 나을거같아요 EXCLAM 맛 하나는 최고 EMO_POS 콩나물국도 시원해서 3번 리필 해먹었어요,1,0,0,0,1,0,1,388,"매장, 위생"
naver,뼈탄집 성수역점,gra****,8.0,2026.03.07,1번째 방문,영수증,"삼겹목살 세트 계탄밥으로 2인이 배불리 먹었어요. 고기 부드럽고 숯불 잘 관리하고 구워주셔서 정갈하게 삼겹살 한입 한입 먹었네요!! 양 많은데 맛있어서 배 한도까지 꽉 채워 먹었고요. 묵은지+소스 조합으로 먹는 것 강추!합니다. 공간 넓어서 단체 회식하기도 좋아보이고, 직원 친절하고 서비스 깔끔. 점심 메뉴도 좋던데 근처 직장이었으면 방문 했을텐데 아쉬워요ㅠ 가서 기다리며 먹기만 하면 되니 추천드려요",225,True,,,,"삼겹목살 세트 계탄밥으로 2인이 배불리 먹었어요. 고기 부드럽고 숯불 잘 관리하고 구워주셔서 정갈하게 삼겹살 한입 한입 먹었네요!! 양 많은데 맛있어서 배 한도까지 꽉 채워 먹었고요. 묵은지+소스 조합으로 먹는 것 강추!합니다. 공간 넓어서 단체 회식하기도 좋아보이고, 직원 친절하고 서비스 깔끔. 점심 메뉴도 좋던데 근처 직장이었으면 방문 했을텐데 아쉬워요ㅠ 가서 기다리며 먹기만 하면 되니 추천드려요",삼겹목살 세트 계탄밥으로 2인이 배불리 먹었어요 고기 부드럽고 숯불 잘 관리하고 구워주셔서 정갈하게 삼겹살 한입 한입 먹었네요 EXCLAM 양 많은데 맛있어서 배 한도까지 꽉 채워 먹었고요 묵은지 소스 조합으로 먹는 것 강추 EXCLAM 합니다 공간 넓어서 단체 회식하기도 좋아보이고 직원 친절하고 서비스 깔끔 점심 메뉴도 좋던데 근처 직장이었으면 방문 했을텐데 아쉬워요 가서 기다리며 먹기만 하면 되니 추천드려요,0,0,0,0,1,0,1,225,"공간, 깔끔, 넓"
naver,옥동식,libra1978,3329.0,2026.01.19,17번째 방문,영수증,깔끔한 맑은곰탕 담백하고 시원함이 느껴지는 명실상부 합정 맛집~ TV에 나온뒤 대기가 너무 길어져서 더더욱 먹기 쉽지 않네요...,72,True,,,,깔끔한 맑은곰탕 담백하고 시원함이 느껴지는 명실상부 합정 맛집~ TV에 나온뒤 대기가 너무 길어져서 더더욱 먹기 쉽지 않네요...,깔끔한 맑은곰탕 담백하고 시원함이 느껴지는 명실상부 합정 맛집 TV에 나온뒤 대기가 너무 길어져서 더더욱 먹기 쉽지 않네요,0,0,0,0,0,0,0,72,깔끔
naver,홍대 육지,나초감,332.0,2026.03.21,1번째 방문,영수증,"육지 첫번 째 방문후기에요 4시정도로 애매한 시간대에 방문했어요!! 저희가 주문한 메뉴는 (3인) 모둠고기 한상(450g) 59,000원 화산 계란찜 6,000원 진로 5,500원 테라 6,000원 매장 내부가 독특했어요 뭔가 컨셉이 엄청난 자리도 생각보다 넉넉한편 근데 전반적으로 가격이 좀 비싸고 고기 퀄이 아쉬웠어요... 재방문은 음....",193,True,,,,"육지 첫번 째 방문후기에요 4시정도로 애매한 시간대에 방문했어요!! 저희가 주문한 메뉴는 (3인) 모둠고기 한상(450g) 59,000원 화산 계란찜 6,000원 진로 5,500원 테라 6,000원 매장 내부가 독특했어요 뭔가 컨셉이 엄청난 자리도 생각보다 넉넉한편 근데 전반적으로 가격이 좀 비싸고 고기 퀄이 아쉬웠어요... 재방문은 음....",육지 첫번 째 방문후기에요 4시정도로 애매한 시간대에 방문했어요 EXCLAM 저희가 주문한 메뉴는 3인 모둠고기 한상 450g 59 000원 화산 계란찜 6 000원 진로 5 500원 테라 6 000원 매장 내부가 독특했어요 뭔가 컨셉이 엄청난 자리도 생각보다 넉넉한편 근데 전반적으로 가격이 좀 비싸고 고기 퀄이 아쉬웠어요 재방문은 음,0,0,0,0,1,0,1,193,"매장, 내부, 자리"
kakao,을밀대 본점,채리,8.0,2026-04-19,,,"인생에서 2번째로 먹어본 평양냉면! 처음 나온 육수의 짭짜름한 사골 육수와 특이하게 겉절이가 나오는 가게였는데 밥한공기 먹고 싶을정도👍 냉면은 슴슴하면서도 깔끔한게 좋았고 위에 올라간 고기고명 정말 맛있었습니다! 그런데 재방문의사는 고민해볼거같아요,, 16,000원 냉면은 저렴한 가격은 아니라고 생각하는데 홀직원만 여러명 계시는 곳에 서로 소통이 안되시는건지 몇명이라고 얘기만 5번을 넘게해도 셋팅은 2인으로 해주시고 나중에 한번더 강하게 말씀드리니까 그제서야 제대로 주시더라구요 홀직원도 많으시고 플레이트가 많은 것도 아닌데 인기에 비해 많이 아쉽고 기분이나쁘네요",317,True,3.0,4.3,실버 레벨,"인생에서 2번째로 먹어본 평양냉면! 처음 나온 육수의 짭짜름한 사골 육수와 특이하게 겉절이가 나오는 가게였는데 밥한공기 먹고 싶을정도👍 냉면은 슴슴하면서도 깔끔한게 좋았고 위에 올라간 고기고명 정말 맛있었습니다! 그런데 재방문의사는 고민해볼거같아요,, 16,000원 냉면은 저렴한 가격은 아니라고 생각하는데 홀직원만 여러명 계시는 곳에 서로 소통이 안되시는건지 몇명이라고 얘기만 5번을 넘게해도 셋팅은 2인으로 해주시고 나중에 한번더 강하게 말씀드리니까 그제서야 제대로 주시더라구요 홀직원도 많으시고 플레이트가 많은 것도 아닌데 인기에 비해 많이 아쉽고 기분이나쁘네요",인생에서 2번째로 먹어본 평양냉면 EXCLAM 처음 나온 육수의 짭짜름한 사골 육수와 특이하게 겉절이가 나오는 가게였는데 밥한공기 먹고 싶을정도 EMO_POS 냉면은 슴슴하면서도 깔끔한게 좋았고 위에 올라간 고기고명 정말 맛있었습니다 EXCLAM 그런데 재방문의사는 고민해볼거같아요 16 000원 냉면은 저렴한 가격은 아니라고 생각하는데 홀직원만 여러명 계시는 곳에 서로 소통이 안되시는건지 몇명이라고 얘기만 5번을 넘게해도 셋팅은 2인으로 해주시고 나중에 한번더 강하게 말씀드리니까 그제서야 제대로 주시더라구요 홀직원도 많으시고 플레이트가 많은 것도 아닌데 인기에 비해 많이 아쉽고 기분이나쁘네요,1,0,0,0,1,0,1,317,깔끔
naver,일등식당,인어공주951,220.0,2025.06.13,1번째 방문,영수증,"동네 주민이여서 오래전부터 혼자 자주 왔습니다 그런데 요즘 성시경(먹을텐데) 때문인지 손님이 많아지기 시작(원래도 많았지만 줄을 서진않았거든요)하면서 기본 서비스가 참 맘에 안드네요 혼자오는 손님 무작정 4인테이블에 합석시키려고 하고 (별도에 양해없이)그래서 빈정상한 손님 가든 말든 신경 안쓰고(물론 사장님아니고 종업원 아줌마입니다) 이렇게 장사 하시면 결국 기존 손님들 다시 안올듯,).. 그리고 뼈다귀 세개중 한개에서 예전에 없던 이상한 맛도 나고(나머지 두갠 기존 맛 그대로) 여튼 그동안 쌓아온 입소문 지금 신경 쓰셔야 할듯.. 전 다신 안갑니다",310,False,,,,"동네 주민이여서 오래전부터 혼자 자주 왔습니다 그런데 요즘 성시경(먹을텐데) 때문인지 손님이 많아지기 시작(원래도 많았지만 줄을 서진않았거든요)하면서 기본 서비스가 참 맘에 안드네요 혼자오는 손님 무작정 4인테이블에 합석시키려고 하고 (별도에 양해없이)그래서 빈정상한 손님 가든 말든 신경 안쓰고(물론 사장님아니고 종업원 아줌마입니다) 이렇게 장사 하시면 결국 기존 손님들 다시 안올듯,).. 그리고 뼈다귀 세개중 한개에서 예전에 없던 이상한 맛도 나고(나머지 두갠 기존 맛 그대로) 여튼 그동안 쌓아온 입소문 지금 신경 쓰셔야 할듯.. 전 다신 안갑니다",동네 주민이여서 오래전부터 혼자 자주 왔습니다 그런데 요즘 성시경 먹을텐데 때문인지 손님이 많아지기 시작 원래도 많았지만 줄을 서진않았거든요 하면서 기본 서비스가 참 맘에 안드네요 혼자오는 손님 무작정 4인테이블에 합석시키려고 하고 별도에 양해없이 그래서 빈정상한 손님 가든 말든 신경 안쓰고 물론 사장님아니고 종업원 아줌마입니다 이렇게 장사 하시면 결국 기존 손님들 다시 안올듯 그리고 뼈다귀 세개중 한개에서 예전에 없던 이상한 맛도 나고 나머지 두갠 기존 맛 그대로 여튼 그동안 쌓아온 입소문 지금 신경 쓰셔야 할듯 전 다신 안갑니다,0,0,0,0,0,0,1,310,테이블
kakao,보끔당 성수점,^^,7.0,2025-08-16,,,몇 달 전에 친구랑 같이 왔던 집인데 오랜만에 성수동 왔는데 생각나서 또 온 집입니다 간장찜닭 먹었어요! 자리마다 주문 키오스크 있어서 이것저것 고르기 편하고 배달이랑 홀 둘다하는데 둘 다 찾는 사람들이 많아요 위생 맛 접근성 둘다 괜찮은 것 같습니다 밥도 많이줘용,148,True,5.0,3.9,브론즈 레벨,몇 달 전에 친구랑 같이 왔던 집인데 오랜만에 성수동 왔는데 생각나서 또 온 집입니다 간장찜닭 먹었어요! 자리마다 주문 키오스크 있어서 이것저것 고르기 편하고 배달이랑 홀 둘다하는데 둘 다 찾는 사람들이 많아요 위생 맛 접근성 둘다 괜찮은 것 같습니다 밥도 많이줘용,몇 달 전에 친구랑 같이 왔던 집인데 오랜만에 성수동 왔는데 생각나서 또 온 집입니다 간장찜닭 먹었어요 EXCLAM 자리마다 주문 키오스크 있어서 이것저것 고르기 편하고 배달이랑 홀 둘다하는데 둘 다 찾는 사람들이 많아요 위생 맛 접근성 둘다 괜찮은 것 같습니다 밥도 많이줘용,0,0,0,0,1,0,0,148,"자리, 위생"
naver,황금콩밭,saddo hn,946.0,2025.02.23,2번째 방문,영수증,이번이 두번째 방문인데 이번에도 역시 너무 맛있게 먹었어요~ 두부를 안좋아하시는분은 조금 심심할수도 있을거 같은데 두부자체가 정말 맛있고 짜글이와 청국장 모두 국물이 너무 좋았어요~! 운좋게 바로 입장하여 주문했는데 저희 뒤로는 웨이팅이 생겼어요 ㅎㅎ 주차는 조금 불편한데 주말엔 주변가게가 문닫아서 그앞에 주차하고 이용했습니다!,184,True,,,,이번이 두번째 방문인데 이번에도 역시 너무 맛있게 먹었어요~ 두부를 안좋아하시는분은 조금 심심할수도 있을거 같은데 두부자체가 정말 맛있고 짜글이와 청국장 모두 국물이 너무 좋았어요~! 운좋게 바로 입장하여 주문했는데 저희 뒤로는 웨이팅이 생겼어요 ㅎㅎ 주차는 조금 불편한데 주말엔 주변가게가 문닫아서 그앞에 주차하고 이용했습니다!,이번이 두번째 방문인데 이번에도 역시 너무 맛있게 먹었어요 두부를 안좋아하시는분은 조금 심심할수도 있을거 같은데 두부자체가 정말 맛있고 짜글이와 청국장 모두 국물이 너무 좋았어요 EXCLAM 운좋게 바로 입장하여 주문했는데 저희 뒤로는 웨이팅이 생겼어요 주차는 조금 불편한데 주말엔 주변가게가 문닫아서 그앞에 주차하고 이용했습니다 EXCLAM,0,0,0,0,1,0,0,184,주차
kakao,일등식당,처음,14.0,2026-02-18,,,지금까지 먹어 본 뼈해장국 중에 Top2 안에 들만큼 정말 맛있습니다 국물도 깔끔하고 고기도 너무 부드럽고 소스도 맛있고 진짜 근처 갈때마다 꼭 가서 먹어야 하는 곳!!!,95,True,5.0,2.6,브론즈 레벨,지금까지 먹어 본 뼈해장국 중에 Top2 안에 들만큼 정말 맛있습니다 국물도 깔끔하고 고기도 너무 부드럽고 소스도 맛있고 진짜 근처 갈때마다 꼭 가서 먹어야 하는 곳!!!,지금까지 먹어 본 뼈해장국 중에 Top2 안에 들만큼 정말 맛있습니다 국물도 깔끔하고 고기도 너무 부드럽고 소스도 맛있고 진짜 근처 갈때마다 꼭 가서 먹어야 하는 곳 EXCLAM,0,0,0,0,1,0,1,95,깔끔
naver,이태리국시 성수,굽닝이,146.0,2026.04.27,1번째 방문,영수증,완전 분위기 맛집😍 오랜만에 보는 친구들이라 기분 좋고 맛있어서 즐거운 시간이었어요. 특이한 메뉴 많아서 좋아요,62,True,,,,완전 분위기 맛집😍 오랜만에 보는 친구들이라 기분 좋고 맛있어서 즐거운 시간이었어요. 특이한 메뉴 많아서 좋아요,완전 분위기 맛집 EMO_POS 오랜만에 보는 친구들이라 기분 좋고 맛있어서 즐거운 시간이었어요 특이한 메뉴 많아서 좋아요,1,0,0,0,0,0,0,62,분위기
kakao,소문난성수감자탕,제발요,4.0,2025-10-19,,,그냥 평범한 감자탕 맛. 내부에 벌레 엄청 많음. 밥먹다 같이 온 사람 몸에 거미 떨어짐. 천장에 거미 엄청 많음.,64,False,1.0,3.0,브론즈 레벨,그냥 평범한 감자탕 맛. 내부에 벌레 엄청 많음. 밥먹다 같이 온 사람 몸에 거미 떨어짐. 천장에 거미 엄청 많음.,그냥 평범한 감자탕 맛 내부에 벌레 엄청 많음 밥먹다 같이 온 사람 몸에 거미 떨어짐 천장에 거미 엄청 많음,0,0,0,0,0,0,0,64,내부
naver,을밀대 평양냉면,몽몽씨의FUN한하루,1232.0,2025.08.29,2번째 방문,영수증,2년만에 다시 온 을밀대 마포 본점. 첫방문 주말였는데 웨이팅20분 오늘도 11:30에 와서 웨이팅 22분. 그 사이 벽지가 바뀐 노포의 느낌은 남기고 살짝 깔끔 ㅋㅋ 오늘은 둘다 평냉! 말이 필요없는 지존! 수육 특이함 생 마늘과 생파랑 간장양념에 디핑. 배가 부르지만 포기할수 없는 을밀대 시그니처 녹두전 추가 주문. 앞치마 처음 요청했는데 어깨끈 부실해서 내려옴:: 그래도 덕을 봄,216,True,,,,2년만에 다시 온 을밀대 마포 본점. 첫방문 주말였는데 웨이팅20분 오늘도 11:30에 와서 웨이팅 22분. 그 사이 벽지가 바뀐 노포의 느낌은 남기고 살짝 깔끔 ㅋㅋ 오늘은 둘다 평냉! 말이 필요없는 지존! 수육 특이함 생 마늘과 생파랑 간장양념에 디핑. 배가 부르지만 포기할수 없는 을밀대 시그니처 녹두전 추가 주문. 앞치마 처음 요청했는데 어깨끈 부실해서 내려옴:: 그래도 덕을 봄,2년만에 다시 온 을밀대 마포 본점 첫방문 주말였는데 웨이팅20분 오늘도 11 30에 와서 웨이팅 22분 그 사이 벽지가 바뀐 노포의 느낌은 남기고 살짝 깔끔 오늘은 둘다 평냉 EXCLAM 말이 필요없는 지존 EXCLAM 수육 특이함 생 마늘과 생파랑 간장양념에 디핑 배가 부르지만 포기할수 없는 을밀대 시그니처 녹두전 추가 주문 앞치마 처음 요청했는데 어깨끈 부실해서 내려옴 그래도 덕을 봄,0,0,0,0,1,0,1,216,깔끔
naver,이태리국시 성수,bbbxn,15.0,2026.05.09,1번째 방문,영수증,남자친구랑 예약없이 방문했는데 웨이팅 안 하고 바로 입장했어요~ 숯불대창파스타 불맛 나면서 엄청 맛있고 알배추도 진짜 맛있어요! 분위기도 좋고 친절하셔서 데이트하러 오시기 좋을 것 같아요~!,106,True,,,,남자친구랑 예약없이 방문했는데 웨이팅 안 하고 바로 입장했어요~ 숯불대창파스타 불맛 나면서 엄청 맛있고 알배추도 진짜 맛있어요! 분위기도 좋고 친절하셔서 데이트하러 오시기 좋을 것 같아요~!,남자친구랑 예약없이 방문했는데 웨이팅 안 하고 바로 입장했어요 숯불대창파스타 불맛 나면서 엄청 맛있고 알배추도 진짜 맛있어요 EXCLAM 분위기도 좋고 친절하셔서 데이트하러 오시기 좋을 것 같아요 EXCLAM,0,0,0,0,1,0,0,106,"분위기, 데이트"
naver,옥동식,민32,415.0,2025.10.09,1번째 방문,영수증,오픈 30분전에 캐치테이블로 웨이팅 걸고 11시 50분쯤 입장했어요. 한번에 열명정도 수용가능하다보니 오래 기다릴 수 밖에 없네요. 국에 간이 되어 나오는데 생각보다 제 입맛에는 간간했고 미지근한 온도로 바로 먹기 편했어요. 고기 양이 꽤 있었고 밥위에 육향이 진한 고기와 고추지를 얹어 먹은 후 깔끔한 국물까지 한입하니 별미네요. 만두는 슴슴하니 김치맛이 많이 나지 않는 김치만두였어요.,217,True,,,,오픈 30분전에 캐치테이블로 웨이팅 걸고 11시 50분쯤 입장했어요. 한번에 열명정도 수용가능하다보니 오래 기다릴 수 밖에 없네요. 국에 간이 되어 나오는데 생각보다 제 입맛에는 간간했고 미지근한 온도로 바로 먹기 편했어요. 고기 양이 꽤 있었고 밥위에 육향이 진한 고기와 고추지를 얹어 먹은 후 깔끔한 국물까지 한입하니 별미네요. 만두는 슴슴하니 김치맛이 많이 나지 않는 김치만두였어요.,오픈 30분전에 캐치테이블로 웨이팅 걸고 11시 50분쯤 입장했어요 한번에 열명정도 수용가능하다보니 오래 기다릴 수 밖에 없네요 국에 간이 되어 나오는데 생각보다 제 입맛에는 간간했고 미지근한 온도로 바로 먹기 편했어요 고기 양이 꽤 있었고 밥위에 육향이 진한 고기와 고추지를 얹어 먹은 후 깔끔한 국물까지 한입하니 별미네요 만두는 슴슴하니 김치맛이 많이 나지 않는 김치만두였어요,0,0,0,0,0,0,1,217,"테이블, 깔끔"
naver,홍대 육지,Lovable2,166.0,2026.04.20,1번째 방문,영수증,삼겹살이랑 땡초국수 먹었는데 고기도 쫀쫀하고 두툼해서 넘 맛있어요! 직원분들도 친절하시구 매장도 넓고 고깃집인데도 불구하고 쾌적한 느낌이라 좋네요 !!,84,True,,,,삼겹살이랑 땡초국수 먹었는데 고기도 쫀쫀하고 두툼해서 넘 맛있어요! 직원분들도 친절하시구 매장도 넓고 고깃집인데도 불구하고 쾌적한 느낌이라 좋네요 !!,삼겹살이랑 땡초국수 먹었는데 고기도 쫀쫀하고 두툼해서 넘 맛있어요 EXCLAM 직원분들도 친절하시구 매장도 넓고 고깃집인데도 불구하고 쾌적한 느낌이라 좋네요 EXCLAM,0,0,0,0,1,0,0,84,"매장, 쾌적, 넓"
naver,조선시대,지현nos,29.0,2026.02.24,1번째 방문,영수증,약간 민속톤 같은 느낌 들어서 외국인 분들 오시명 정말 좋을 것 같구요 된장술밥 진짜 맛있어요! 매장도 넓고 깔끔해서 다음에 또 올 것 같습니다!,81,True,,,,약간 민속톤 같은 느낌 들어서 외국인 분들 오시명 정말 좋을 것 같구요 된장술밥 진짜 맛있어요! 매장도 넓고 깔끔해서 다음에 또 올 것 같습니다!,약간 민속톤 같은 느낌 들어서 외국인 분들 오시명 정말 좋을 것 같구요 된장술밥 진짜 맛있어요 EXCLAM 매장도 넓고 깔끔해서 다음에 또 올 것 같습니다 EXCLAM,0,0,0,0,1,0,0,81,"매장, 깔끔, 넓"
naver,소문난성수감자탕,나가나가타그타그,2395.0,2026.04.21,11번째 방문,포장,"새벽 4시에 포장으로 픽업해 먹었습니다. 그 시간대에는 매장에서 먹기엔 취객들이 많고 다소 시끄러운 분위기라 집에서 편하게 먹는 쪽을 선택했습니다. 포장은 처음이었는데, 1인분 15,000원의 양이 상당히 푸짐했습니다. 감자는 빠져 있었지만 대신 고기가 넉넉하게 들어 있어 전체적인 만족도는 높았습니다. 충분히 배부르게 먹을 수 있는 구성입니다. 이전 예정이라는 이야기가 있었던 것 같은데 아직까지는 별다른 안내는 보이지 않았습니다. 개인적으로는 지금처럼 계속 영업해 주셨으면 하는 바람입니다.",276,True,,,,"새벽 4시에 포장으로 픽업해 먹었습니다. 그 시간대에는 매장에서 먹기엔 취객들이 많고 다소 시끄러운 분위기라 집에서 편하게 먹는 쪽을 선택했습니다. 포장은 처음이었는데, 1인분 15,000원의 양이 상당히 푸짐했습니다. 감자는 빠져 있었지만 대신 고기가 넉넉하게 들어 있어 전체적인 만족도는 높았습니다. 충분히 배부르게 먹을 수 있는 구성입니다. 이전 예정이라는 이야기가 있었던 것 같은데 아직까지는 별다른 안내는 보이지 않았습니다. 개인적으로는 지금처럼 계속 영업해 주셨으면 하는 바람입니다.",새벽 4시에 포장으로 픽업해 먹었습니다 그 시간대에는 매장에서 먹기엔 취객들이 많고 다소 시끄러운 분위기라 집에서 편하게 먹는 쪽을 선택했습니다 포장은 처음이었는데 1인분 15 000원의 양이 상당히 푸짐했습니다 감자는 빠져 있었지만 대신 고기가 넉넉하게 들어 있어 전체적인 만족도는 높았습니다 충분히 배부르게 먹을 수 있는 구성입니다 이전 예정이라는 이야기가 있었던 것 같은데 아직까지는 별다른 안내는 보이지 않았습니다 개인적으로는 지금처럼 계속 영업해 주셨으면 하는 바람입니다,0,0,0,0,0,0,1,276,"분위기, 매장"
kakao,능동미나리 성수점,BK,202.0,2025-04-09,,,친구가 소개시켜줘서 갔던 음식점입니다 내부가 깔끔하고 직원분들도 친절합니다 전골과 비빔밥을 먹었는데 둘 다 맛있었습니다 근처에 있었으면 여러번 갔을 가게,85,False,5.0,4.5,블루 레벨,친구가 소개시켜줘서 갔던 음식점입니다 내부가 깔끔하고 직원분들도 친절합니다 전골과 비빔밥을 먹었는데 둘 다 맛있었습니다 근처에 있었으면 여러번 갔을 가게,친구가 소개시켜줘서 갔던 음식점입니다 내부가 깔끔하고 직원분들도 친절합니다 전골과 비빔밥을 먹었는데 둘 다 맛있었습니다 근처에 있었으면 여러번 갔을 가게,0,0,0,0,0,0,0,85,"내부, 깔끔"
kakao,육산장 홍대본점,최동호,1.0,2025-05-09,,,너무 맛있어요 분위기도 좋아유 무조건 또 옴요,25,True,5.0,5.0,브론즈 레벨,너무 맛있어요 분위기도 좋아유 무조건 또 옴요,너무 맛있어요 분위기도 좋아유 무조건 또 옴요,0,0,0,0,0,0,0,25,분위기
kakao,홍대 조선시대,홍의진,1.0,2026-01-10,,,여자친구랑 간단하게 2차로 막걸리 먹으러 왔습니다! 처음 왓는데 맛있고 좋네요 ㅎㅎ 특별한 메뉴도 많이 있고 분위기도 좋아서 즐거운시간이었습니다!,81,True,5.0,5.0,브론즈 레벨,여자친구랑 간단하게 2차로 막걸리 먹으러 왔습니다! 처음 왓는데 맛있고 좋네요 ㅎㅎ 특별한 메뉴도 많이 있고 분위기도 좋아서 즐거운시간이었습니다!,여자친구랑 간단하게 2차로 막걸리 먹으러 왔습니다 EXCLAM 처음 왓는데 맛있고 좋네요 특별한 메뉴도 많이 있고 분위기도 좋아서 즐거운시간이었습니다 EXCLAM,0,0,0,0,1,0,1,81,분위기
naver,이태리국시 성수,란8854,8.0,2026.03.27,1번째 방문,영수증,"1인 예약 했는데도 자리 잘 정리해서 잡아놓아주셔서 기분 좋게 식사 했습니다. 식사 도중에도 방해 안되게 조용히 서빙해주시고 자리간의 간격도 넓어서 쾌적하네요~ 음식 너무 맛있고, 식사 분위기 직원분들 센스 너무 좋아서 남편이랑 한번 더 오려합니다^^ 파스타에 대창은 처음인데 너무 맛있어요 ♡ 짱아찌 JMT",172,True,,,,"1인 예약 했는데도 자리 잘 정리해서 잡아놓아주셔서 기분 좋게 식사 했습니다. 식사 도중에도 방해 안되게 조용히 서빙해주시고 자리간의 간격도 넓어서 쾌적하네요~ 음식 너무 맛있고, 식사 분위기 직원분들 센스 너무 좋아서 남편이랑 한번 더 오려합니다^^ 파스타에 대창은 처음인데 너무 맛있어요 ♡ 짱아찌 JMT",1인 예약 했는데도 자리 잘 정리해서 잡아놓아주셔서 기분 좋게 식사 했습니다 식사 도중에도 방해 안되게 조용히 서빙해주시고 자리간의 간격도 넓어서 쾌적하네요 음식 너무 맛있고 식사 분위기 직원분들 센스 너무 좋아서 남편이랑 한번 더 오려합니다 파스타에 대창은 처음인데 너무 맛있어요 EMO_POS 짱아찌 JMT,1,0,0,0,0,0,1,172,"분위기, 자리, 조용, 쾌적, 넓"
naver,보끔당 성수점,flashlight42,35.0,2026.02.26,1번째 방문,영수증,깔끔하고 맛있어요! 친구랑 먹기 좋아요 ㅎㅎ,24,True,,,,깔끔하고 맛있어요! 친구랑 먹기 좋아요 ㅎㅎ,깔끔하고 맛있어요 EXCLAM 친구랑 먹기 좋아요,0,0,0,0,1,0,0,24,깔끔
naver,소문난성수감자탕,이똘랭,468.0,2025.12.21,2번째 방문,영수증,"저번에 처음 먹었을때랑 맛이 조금 달라진 것 같아요..🤔 속으로만 생각하고 있었는데 옆테이블에서도 이런 얘기를 하더라구요, 그래도 볶음밥까지 맛있게 잘 먹었습니다!",91,True,,,,"저번에 처음 먹었을때랑 맛이 조금 달라진 것 같아요..🤔 속으로만 생각하고 있었는데 옆테이블에서도 이런 얘기를 하더라구요, 그래도 볶음밥까지 맛있게 잘 먹었습니다!",저번에 처음 먹었을때랑 맛이 조금 달라진 것 같아요 속으로만 생각하고 있었는데 옆테이블에서도 이런 얘기를 하더라구요 그래도 볶음밥까지 맛있게 잘 먹었습니다 EXCLAM,0,0,0,0,1,0,0,91,테이블
naver,성수족발,용우동86,50.0,2026.02.03,1번째 방문,영수증,특대포장해서 맛있게 잘먹었어요ㅎㅎ퇴근 5시 땡 되자마자 출발사여 5시10분인데 매장안은 이미 사람들로 가득했어요! 다행히 오늘은 예신님이 차로 데리너온다고해서 포장했어요ㅎㅎ예신님과 장인어른 장모님과 다같이 맛있게 잘 먹었습니다ㅎㅎ,128,True,,,,특대포장해서 맛있게 잘먹었어요ㅎㅎ퇴근 5시 땡 되자마자 출발사여 5시10분인데 매장안은 이미 사람들로 가득했어요! 다행히 오늘은 예신님이 차로 데리너온다고해서 포장했어요ㅎㅎ예신님과 장인어른 장모님과 다같이 맛있게 잘 먹었습니다ㅎㅎ,특대포장해서 맛있게 잘먹었어요 퇴근 5시 땡 되자마자 출발사여 5시10분인데 매장안은 이미 사람들로 가득했어요 EXCLAM 다행히 오늘은 예신님이 차로 데리너온다고해서 포장했어요 예신님과 장인어른 장모님과 다같이 맛있게 잘 먹었습니다,0,0,0,0,1,0,1,128,매장
naver,이태리국시 성수,Hazelnotnuts,31.0,2026.05.02,1번째 방문,영수증,이태리국시 재작년에 시그니처 먹어보고 너무 맛있어서 친한 친구 데려왔습니다 ㅎㅎ 친구는 깍두기 리조또 시켰는데 고기 먹고선 눈 휘둥그레지네요 ㅋㅋㅋ 대화하기 딱 좋은 스타일의 매장이고 친구 연인 와도 좋을 거 같아요 ㅎㅎ 예약도 할 수 있는 거 같습니다,141,True,,,,이태리국시 재작년에 시그니처 먹어보고 너무 맛있어서 친한 친구 데려왔습니다 ㅎㅎ 친구는 깍두기 리조또 시켰는데 고기 먹고선 눈 휘둥그레지네요 ㅋㅋㅋ 대화하기 딱 좋은 스타일의 매장이고 친구 연인 와도 좋을 거 같아요 ㅎㅎ 예약도 할 수 있는 거 같습니다,이태리국시 재작년에 시그니처 먹어보고 너무 맛있어서 친한 친구 데려왔습니다 친구는 깍두기 리조또 시켰는데 고기 먹고선 눈 휘둥그레지네요 대화하기 딱 좋은 스타일의 매장이고 친구 연인 와도 좋을 거 같아요 예약도 할 수 있는 거 같습니다,0,0,0,0,0,0,0,141,매장
naver,황금콩밭,당근맛케터,196.0,2025.04.06,1번째 방문,영수증,정말 깔끔하게 맛있는 두부 미쉐린 빕구르망 맛집 설명은 더이상 필요없음,39,True,,,,정말 깔끔하게 맛있는 두부 미쉐린 빕구르망 맛집 설명은 더이상 필요없음,정말 깔끔하게 맛있는 두부 미쉐린 빕구르망 맛집 설명은 더이상 필요없음,0,0,0,0,0,0,0,39,깔끔
naver,옥동식,녀니녀니,819.0,2026.03.31,1번째 방문,영수증,"국물이 깔끔하고, 맛있고,. 소주잔 짠 하는 소리가 너무 좋아요...",38,True,,,,"국물이 깔끔하고, 맛있고,. 소주잔 짠 하는 소리가 너무 좋아요...",국물이 깔끔하고 맛있고 소주잔 짠 하는 소리가 너무 좋아요,0,0,0,0,0,0,0,38,깔끔
kakao,장인닭갈비 홍대점,Leeミ进,39.0,2026-01-06,,,"닭갈비맛있다고해서 가족외식으로 다녀왔는데, 매장이 쾌적하고 넓어서 먹기 편했고, 소문만큼 맛이 좋았어요! 닭이 질기지않고 부드러우면서 치즈의 조합이 좋았고, 사리도 추가해서 먹었더니 더 풍성해지고 맛도 배가되서 더 맛있었습니다.",127,False,5.0,5.0,실버 레벨,"닭갈비맛있다고해서 가족외식으로 다녀왔는데, 매장이 쾌적하고 넓어서 먹기 편했고, 소문만큼 맛이 좋았어요! 닭이 질기지않고 부드러우면서 치즈의 조합이 좋았고, 사리도 추가해서 먹었더니 더 풍성해지고 맛도 배가되서 더 맛있었습니다.",닭갈비맛있다고해서 가족외식으로 다녀왔는데 매장이 쾌적하고 넓어서 먹기 편했고 소문만큼 맛이 좋았어요 EXCLAM 닭이 질기지않고 부드러우면서 치즈의 조합이 좋았고 사리도 추가해서 먹었더니 더 풍성해지고 맛도 배가되서 더 맛있었습니다,0,0,0,0,1,0,0,127,"매장, 쾌적, 넓"
kakao,뼈탄집 성수역점,홍서현,1.0,2026-01-01,,,가족과 함께 뼈탄집 성수에 방문했습니다 고기 퀄리티도 좋고 매장 분위기도 아주 쾌적했어요 특히 고기를 직접 구워주셔서 아주 편하고 맛있게 먹었습니다,82,True,4.0,4.0,브론즈 레벨,가족과 함께 뼈탄집 성수에 방문했습니다 고기 퀄리티도 좋고 매장 분위기도 아주 쾌적했어요 특히 고기를 직접 구워주셔서 아주 편하고 맛있게 먹었습니다,가족과 함께 뼈탄집 성수에 방문했습니다 고기 퀄리티도 좋고 매장 분위기도 아주 쾌적했어요 특히 고기를 직접 구워주셔서 아주 편하고 맛있게 먹었습니다,0,0,0,0,0,0,0,82,"분위기, 매장, 쾌적"
naver,홍대 육지,별명2032,30.0,2026.03.09,1번째 방문,영수증,"직원분들도 친절하게 구워주셔서 편하게 식사할 수 있었고, 밑반찬도 깔끔하게 잘 나와서 계속 손이 갔어요. 전체적으로 분위기도 좋고 맛도 만족스러워서 다음에 또 방문하고 싶은 고깃집입니다!🤧",105,True,,,,"직원분들도 친절하게 구워주셔서 편하게 식사할 수 있었고, 밑반찬도 깔끔하게 잘 나와서 계속 손이 갔어요. 전체적으로 분위기도 좋고 맛도 만족스러워서 다음에 또 방문하고 싶은 고깃집입니다!🤧",직원분들도 친절하게 구워주셔서 편하게 식사할 수 있었고 밑반찬도 깔끔하게 잘 나와서 계속 손이 갔어요 전체적으로 분위기도 좋고 맛도 만족스러워서 다음에 또 방문하고 싶은 고깃집입니다 EXCLAM,0,0,0,0,1,0,0,105,"분위기, 깔끔"
naver,쭌곱창,haley59,37.0,2026.01.19,1번째 방문,영수증,생각보다 매콤하고 양 많고 너무 맛있었어요! 수다떨기 딱 좋은 공간이였고 다음에 또 먹으러 올 것 같아요!!,60,True,,,,생각보다 매콤하고 양 많고 너무 맛있었어요! 수다떨기 딱 좋은 공간이였고 다음에 또 먹으러 올 것 같아요!!,생각보다 매콤하고 양 많고 너무 맛있었어요 EXCLAM 수다떨기 딱 좋은 공간이였고 다음에 또 먹으러 올 것 같아요 EXCLAM,0,0,0,0,1,0,0,60,공간
kakao,육산장 홍대본점,뒹굴뒹굴,12.0,2025-05-03,,,홍대 한가운데서 즐기는 캠핑장 분위기 고기도 구워져 나와서 편합니다!! 고기맛도 육즙 팡팡입니다🤩,54,True,5.0,4.6,실버 레벨,홍대 한가운데서 즐기는 캠핑장 분위기 고기도 구워져 나와서 편합니다!! 고기맛도 육즙 팡팡입니다🤩,홍대 한가운데서 즐기는 캠핑장 분위기 고기도 구워져 나와서 편합니다 EXCLAM 고기맛도 육즙 팡팡입니다,0,0,0,0,1,0,0,54,분위기
naver,보끔당 성수점,나뷰33,48.0,2026.04.26,5번째 방문,영수증,맛있게 잘 먹었습니다! 매장도 넓고 늘 맛있어요!,27,True,,,,맛있게 잘 먹었습니다! 매장도 넓고 늘 맛있어요!,맛있게 잘 먹었습니다 EXCLAM 매장도 넓고 늘 맛있어요 EXCLAM,0,0,0,0,1,0,0,27,"매장, 넓"
naver,이태리국시 성수,forevery0uth,9.0,2026.04.21,1번째 방문,영수증,"이태리국시 다녀왔는데 기대 이상으로 만족했어요! 생각보다 든든하고, 맛이 진해서 계속 손이 가더라고요. 면도 쫄깃하고 소스랑 조합이 잘 맞아서 마지막까지 맛있게 먹었어요. 매장 분위기도 깔끔하고 직원분들도 친절해서 기분 좋게 식사할 수 있었어요. 메뉴도 다양해서 재방문 의사 있습니다 👍",160,True,,,,"이태리국시 다녀왔는데 기대 이상으로 만족했어요! 생각보다 든든하고, 맛이 진해서 계속 손이 가더라고요. 면도 쫄깃하고 소스랑 조합이 잘 맞아서 마지막까지 맛있게 먹었어요. 매장 분위기도 깔끔하고 직원분들도 친절해서 기분 좋게 식사할 수 있었어요. 메뉴도 다양해서 재방문 의사 있습니다 👍",이태리국시 다녀왔는데 기대 이상으로 만족했어요 EXCLAM 생각보다 든든하고 맛이 진해서 계속 손이 가더라고요 면도 쫄깃하고 소스랑 조합이 잘 맞아서 마지막까지 맛있게 먹었어요 매장 분위기도 깔끔하고 직원분들도 친절해서 기분 좋게 식사할 수 있었어요 메뉴도 다양해서 재방문 의사 있습니다 EMO_POS,1,0,0,0,1,0,0,160,"분위기, 매장, 깔끔"
naver,조선시대,Ria0124,423.0,2025.11.10,1번째 방문,영수증,매장을 조선시대 같이 꾸며놔서 분위기가 좋더라고요!ㅎㅎ 다양한 술들이 다양하게 있어서 너무 좋았어요! 딸기막걸리는 달달한 딸기우유에 살짝 막걸리가 섞인 맛이라 술맛이 거의 안나고 달달해서 맛있게 마셨고 동동주도 호리병에 나오고 맛도 있었어요! 두부김치 삼합도 막걸리에 안주로 먹기 딱 좋았어요~ 매장이 넓기도 하고 바쁘신데도 직원분이 친절하셔서 좋았어요!☺️,200,True,,,,매장을 조선시대 같이 꾸며놔서 분위기가 좋더라고요!ㅎㅎ 다양한 술들이 다양하게 있어서 너무 좋았어요! 딸기막걸리는 달달한 딸기우유에 살짝 막걸리가 섞인 맛이라 술맛이 거의 안나고 달달해서 맛있게 마셨고 동동주도 호리병에 나오고 맛도 있었어요! 두부김치 삼합도 막걸리에 안주로 먹기 딱 좋았어요~ 매장이 넓기도 하고 바쁘신데도 직원분이 친절하셔서 좋았어요!☺️,매장을 조선시대 같이 꾸며놔서 분위기가 좋더라고요 EXCLAM 다양한 술들이 다양하게 있어서 너무 좋았어요 EXCLAM 딸기막걸리는 달달한 딸기우유에 살짝 막걸리가 섞인 맛이라 술맛이 거의 안나고 달달해서 맛있게 마셨고 동동주도 호리병에 나오고 맛도 있었어요 EXCLAM 두부김치 삼합도 막걸리에 안주로 먹기 딱 좋았어요 매장이 넓기도 하고 바쁘신데도 직원분이 친절하셔서 좋았어요 EXCLAM,0,0,0,0,1,0,0,200,"분위기, 매장, 넓"
naver,육산장 홍대본점,tra****,28.0,2026.04.13,1번째 방문,영수증,맛있어요!!! 야외 공간도 야장같이 하고 너무너무 맛있습니다 덕분에 잘 먹고 갑니당당 야외뿐 아니라 실내공간도 인테리어 고깃집이 아닌거같이 잘 해놓으셨어요! 모두 육산장으로 고공,99,True,,,,맛있어요!!! 야외 공간도 야장같이 하고 너무너무 맛있습니다 덕분에 잘 먹고 갑니당당 야외뿐 아니라 실내공간도 인테리어 고깃집이 아닌거같이 잘 해놓으셨어요! 모두 육산장으로 고공,맛있어요 EXCLAM 야외 공간도 야장같이 하고 너무너무 맛있습니다 덕분에 잘 먹고 갑니당당 야외뿐 아니라 실내공간도 인테리어 고깃집이 아닌거같이 잘 해놓으셨어요 EXCLAM 모두 육산장으로 고공,0,0,0,0,1,0,0,99,"인테리어, 공간"
naver,뼈탄집 성수역점,Tth,18.0,2026.03.28,1번째 방문,영수증,직원분이 너무 친절하고 밑반찬 너무 깔끔하니 맛있어용 ❤️❤️❤️ 조명도 이쁘고 깔끔해서 데이트하기 딱이에요,60,True,,,,직원분이 너무 친절하고 밑반찬 너무 깔끔하니 맛있어용 ❤️❤️❤️ 조명도 이쁘고 깔끔해서 데이트하기 딱이에요,직원분이 너무 친절하고 밑반찬 너무 깔끔하니 맛있어용 EMO_POS EMO_POS EMO_POS 조명도 이쁘고 깔끔해서 데이트하기 딱이에요,1,0,0,0,0,0,0,60,"조명, 깔끔, 데이트"
kakao,육산장 홍대본점,🌙,1.0,2025-09-15,,,가게 분위기도 너무 좋고 고기 질도 너무 좋아요! 치즈랑 같이 주는데 이게 은근 별미고 된장술밥 맛있습니다!!,61,False,5.0,5.0,브론즈 레벨,가게 분위기도 너무 좋고 고기 질도 너무 좋아요! 치즈랑 같이 주는데 이게 은근 별미고 된장술밥 맛있습니다!!,가게 분위기도 너무 좋고 고기 질도 너무 좋아요 EXCLAM 치즈랑 같이 주는데 이게 은근 별미고 된장술밥 맛있습니다 EXCLAM,0,0,0,0,1,0,0,61,분위기
kakao,이태리국시 성수,맛집내놔,10.0,2026-04-14,,,감동스러운 맛까진 아니지만 맛있음. 분위기도 좋음.,28,True,3.0,3.7,실버 레벨,감동스러운 맛까진 아니지만 맛있음. 분위기도 좋음.,감동스러운 맛까진 아니지만 맛있음 분위기도 좋음,0,0,0,0,0,0,0,28,분위기
naver,락희옥 마포본점,벨휠름,1769.0,2025.11.11,1번째 방문,영수증,건강건강! 신선한 맛~ 맛있어요! 분위기도 좋아요 넓어서 단체모임도 딱 좋음 와인도 많이 마시네여 ㅎㅎ,57,True,,,,건강건강! 신선한 맛~ 맛있어요! 분위기도 좋아요 넓어서 단체모임도 딱 좋음 와인도 많이 마시네여 ㅎㅎ,건강건강 EXCLAM 신선한 맛 맛있어요 EXCLAM 분위기도 좋아요 넓어서 단체모임도 딱 좋음 와인도 많이 마시네여,0,0,0,0,1,0,0,57,"분위기, 넓"
naver,굴다리식당,메론 마스크 마카롱,134.0,2026.03.08,1번째 방문,영수증,"김치찌개 4인 40,000원 계란말이 10,0000원 가격 대비 괜찮은 음식점이에요 김치찌개가 깔끔해서 밥 한공기 뚝딱 비웠어요 돼지고기는 잡내가 조금 나긴 했지만 콩나물 아삭하니 맛있었어요",106,True,,,,"김치찌개 4인 40,000원 계란말이 10,0000원 가격 대비 괜찮은 음식점이에요 김치찌개가 깔끔해서 밥 한공기 뚝딱 비웠어요 돼지고기는 잡내가 조금 나긴 했지만 콩나물 아삭하니 맛있었어요",김치찌개 4인 40 000원 계란말이 10 0000원 가격 대비 괜찮은 음식점이에요 김치찌개가 깔끔해서 밥 한공기 뚝딱 비웠어요 돼지고기는 잡내가 조금 나긴 했지만 콩나물 아삭하니 맛있었어요,0,0,0,0,0,0,1,106,깔끔
kakao,소문난성수감자탕,뚜뚜,2.0,2025-12-02,,,"불친절,위생 다 떠나서 맛이 너무 없음 .. 동네 기본 감자탕 맛도 못 따라감 간이 너무 슴슴함 진짜 짜증나서 먹다가 나옴",68,True,1.0,1.0,브론즈 레벨,"불친절,위생 다 떠나서 맛이 너무 없음 .. 동네 기본 감자탕 맛도 못 따라감 간이 너무 슴슴함 진짜 짜증나서 먹다가 나옴",불친절 위생 다 떠나서 맛이 너무 없음 동네 기본 감자탕 맛도 못 따라감 간이 너무 슴슴함 진짜 짜증나서 먹다가 나옴,0,0,0,0,0,0,0,68,위생
kakao,이태리국시 성수,유하울,2.0,2026-04-03,,,일단 분위기도 너무 좋고 직원들 착하시고 음식 맛은 뭐 말할 것도 없습니다 너무 맛있습니다 번창하세요,56,True,5.0,5.0,브론즈 레벨,일단 분위기도 너무 좋고 직원들 착하시고 음식 맛은 뭐 말할 것도 없습니다 너무 맛있습니다 번창하세요,일단 분위기도 너무 좋고 직원들 착하시고 음식 맛은 뭐 말할 것도 없습니다 너무 맛있습니다 번창하세요,0,0,0,0,0,0,0,56,분위기
naver,락희옥 마포본점,굿모닝과 안모닝,179.0,2025.07.17,1번째 방문,영수증,"오랫만에 3차했어요. 락희옥에서. 해외에 거주하는 친구와 향수를 달래는 자리. 조금 깔끔한 공간에서 우리가 즐기던 음식을 먹었어요. 육회와 김치말이 국수, 둘다 깔끔한 맛이었어요. 배가 불러 남기고 왔어요. 지금 적다보니 아쉽네요. 공간이 쾌적하고 넓어 좋았는데 화장실이 멀어요. 화장실 갔다오는 길에 비 흠뻑 맞았습니다.",180,True,,,,"오랫만에 3차했어요. 락희옥에서. 해외에 거주하는 친구와 향수를 달래는 자리. 조금 깔끔한 공간에서 우리가 즐기던 음식을 먹었어요. 육회와 김치말이 국수, 둘다 깔끔한 맛이었어요. 배가 불러 남기고 왔어요. 지금 적다보니 아쉽네요. 공간이 쾌적하고 넓어 좋았는데 화장실이 멀어요. 화장실 갔다오는 길에 비 흠뻑 맞았습니다.",오랫만에 3차했어요 락희옥에서 해외에 거주하는 친구와 향수를 달래는 자리 조금 깔끔한 공간에서 우리가 즐기던 음식을 먹었어요 육회와 김치말이 국수 둘다 깔끔한 맛이었어요 배가 불러 남기고 왔어요 지금 적다보니 아쉽네요 공간이 쾌적하고 넓어 좋았는데 화장실이 멀어요 화장실 갔다오는 길에 비 흠뻑 맞았습니다,0,0,0,0,0,0,1,180,"공간, 자리, 깔끔, 화장실, 쾌적, 넓"
naver,성수족발,I불타는돼지I,71.0,2025.05.28,1번째 방문,영수증,"족발은 너무 맛있는뎈ㅋㅋ위생 신경쓰는분들은 격하게 피해야 할듯하네요ㅎㅎㅎ 테이블 바닥 더러븐건 떠나서, 물컵서 미묘한 수영장냄새 ㅠㅠ 내어주신 야채더미에서는 고추 한입 베여문상태로 나왔는데, 모르시는듯... 그냥 냅두고 나왔습니다 족발은 맛나요 ㅎㅎ",139,False,,,,"족발은 너무 맛있는뎈ㅋㅋ위생 신경쓰는분들은 격하게 피해야 할듯하네요ㅎㅎㅎ 테이블 바닥 더러븐건 떠나서, 물컵서 미묘한 수영장냄새 ㅠㅠ 내어주신 야채더미에서는 고추 한입 베여문상태로 나왔는데, 모르시는듯... 그냥 냅두고 나왔습니다 족발은 맛나요 ㅎㅎ",족발은 너무 맛있는뎈 위생 신경쓰는분들은 격하게 피해야 할듯하네요 테이블 바닥 더러븐건 떠나서 물컵서 미묘한 수영장냄새 내어주신 야채더미에서는 고추 한입 베여문상태로 나왔는데 모르시는듯 그냥 냅두고 나왔습니다 족발은 맛나요,0,0,0,1,0,0,0,139,"테이블, 위생"
kakao,홍대 조선시대,염한울,1.0,2026-02-04,,,분위기가 좋고 음식이 너무 맛있어요 선곡센스도 좋네요 완전 강추합니다,38,True,5.0,5.0,브론즈 레벨,분위기가 좋고 음식이 너무 맛있어요 선곡센스도 좋네요 완전 강추합니다,분위기가 좋고 음식이 너무 맛있어요 선곡센스도 좋네요 완전 강추합니다,0,0,0,0,0,0,0,38,분위기
naver,이태리국시 성수,땍띠희야,38.0,2026.04.21,1번째 방문,영수증,"특별한 곳에서 특별한 맛을 느낄수 있었어요 맛있어요~~감튀도 왜케 맛있는거죵,?ㅋㅋ덕분에 즐거운 데이트 했어요^^",63,True,,,,"특별한 곳에서 특별한 맛을 느낄수 있었어요 맛있어요~~감튀도 왜케 맛있는거죵,?ㅋㅋ덕분에 즐거운 데이트 했어요^^",특별한 곳에서 특별한 맛을 느낄수 있었어요 맛있어요 TILDE 감튀도 왜케 맛있는거죵 QUESTION 덕분에 즐거운 데이트 했어요,0,0,0,0,0,1,0,63,데이트
kakao,이태리국시 성수,아자아자,172.0,2026-04-28,,,곱창파스타 맛있고 분위기 좋았어요~~,20,True,5.0,3.2,골드 레벨,곱창파스타 맛있고 분위기 좋았어요~~,곱창파스타 맛있고 분위기 좋았어요 TILDE,0,0,0,0,0,0,0,20,분위기
kakao,이태리국시 성수,S,1.0,2026-04-01,,,분위기 좋고 존맛입니다,12,True,5.0,5.0,브론즈 레벨,분위기 좋고 존맛입니다,분위기 좋고 존맛입니다,0,0,0,0,0,0,0,12,분위기
kakao,이태리국시 성수,김롸,1.0,2026-04-08,,,분위기도 너무 좋고 직원분들도 친절하십니다! 막창 넘 맛있어요!!,36,True,5.0,5.0,브론즈 레벨,분위기도 너무 좋고 직원분들도 친절하십니다! 막창 넘 맛있어요!!,분위기도 너무 좋고 직원분들도 친절하십니다 EXCLAM 막창 넘 맛있어요 EXCLAM,0,0,0,0,1,0,0,36,분위기
naver,옥동식,시켜줘마포구보안관,102.0,2025.12.27,1번째 방문,영수증,"[마포구 보안관 출동 일지] 사건 번호: 2025-12-27 / Case #F-040 사건 개요: 나 돼지곰탕 좋아하냐 현장 기록: 우리 동네에서 흑백요리사가 나왔다니 어찌 안 가보리, 8시 25분에 웨이팅 걸고 11시 오픈 때 입장, 10석이라 한 타임에 5팀 정도 수용 가능, 어마무시한 인기에도 불구하고 차분하게 식사할 수 있는 환경을 조성해줌 증거물: 돼지곰탕(깔끔한데 진할 수가 있구나) 특이사항: 가게명과 대표님 성함이 같음 수사 결과: 맛으로 설득당하니 끄덕일 수밖에",268,True,,,,"[마포구 보안관 출동 일지] 사건 번호: 2025-12-27 / Case #F-040 사건 개요: 나 돼지곰탕 좋아하냐 현장 기록: 우리 동네에서 흑백요리사가 나왔다니 어찌 안 가보리, 8시 25분에 웨이팅 걸고 11시 오픈 때 입장, 10석이라 한 타임에 5팀 정도 수용 가능, 어마무시한 인기에도 불구하고 차분하게 식사할 수 있는 환경을 조성해줌 증거물: 돼지곰탕(깔끔한데 진할 수가 있구나) 특이사항: 가게명과 대표님 성함이 같음 수사 결과: 맛으로 설득당하니 끄덕일 수밖에",마포구 보안관 출동 일지 사건 번호 2025 12 27 Case F 040 사건 개요 나 돼지곰탕 좋아하냐 현장 기록 우리 동네에서 흑백요리사가 나왔다니 어찌 안 가보리 8시 25분에 웨이팅 걸고 11시 오픈 때 입장 10석이라 한 타임에 5팀 정도 수용 가능 어마무시한 인기에도 불구하고 차분하게 식사할 수 있는 환경을 조성해줌 증거물 돼지곰탕 깔끔한데 진할 수가 있구나 특이사항 가게명과 대표님 성함이 같음 수사 결과 맛으로 설득당하니 끄덕일 수밖에,0,0,0,0,0,0,1,268,"깔끔, 차분"
naver,금금 성수점,sh935112,108.0,2026.03.21,1번째 방문,영수증,맛있엉ㅅ 좁아서 3명이라 한시간 기다렸지만 그래도 맛있어요 메뉴도 익숙한듯한데 또 맛은 새롭고 맛있네요!!,59,True,,,,맛있엉ㅅ 좁아서 3명이라 한시간 기다렸지만 그래도 맛있어요 메뉴도 익숙한듯한데 또 맛은 새롭고 맛있네요!!,맛있엉 좁아서 3명이라 한시간 기다렸지만 그래도 맛있어요 메뉴도 익숙한듯한데 또 맛은 새롭고 맛있네요 EXCLAM,0,0,0,0,1,0,1,59,좁
naver,육산장 홍대본점,파랑색바다,76.0,2026.04.17,1번째 방문,영수증,"6명 단체 방문했는데 테이블 넓어서 편해요! 고기도 절반까지 구워서 나와고, 다양한 이벤트가 있어서 좋아요! 맛도 조아요",67,True,,,,"6명 단체 방문했는데 테이블 넓어서 편해요! 고기도 절반까지 구워서 나와고, 다양한 이벤트가 있어서 좋아요! 맛도 조아요",6명 단체 방문했는데 테이블 넓어서 편해요 EXCLAM 고기도 절반까지 구워서 나와고 다양한 이벤트가 있어서 좋아요 EXCLAM 맛도 조아요,0,0,0,0,1,0,1,67,"테이블, 넓"
kakao,뼈탄집 성수역점,소현,1.0,2026-03-17,,,오픈 쯤 방문했었는데 깔끔하니 맛있어서 재방문 했어요! 역시나 넘 맛있어용 양이 적어보이는데 은근 많아요 ㅋㅋㅋㅋ 저녁엔 꼭 웨이팅 하고 오세용!,81,True,5.0,5.0,브론즈 레벨,오픈 쯤 방문했었는데 깔끔하니 맛있어서 재방문 했어요! 역시나 넘 맛있어용 양이 적어보이는데 은근 많아요 ㅋㅋㅋㅋ 저녁엔 꼭 웨이팅 하고 오세용!,오픈 쯤 방문했었는데 깔끔하니 맛있어서 재방문 했어요 EXCLAM 역시나 넘 맛있어용 양이 적어보이는데 은근 많아요 저녁엔 꼭 웨이팅 하고 오세용 EXCLAM,0,0,0,0,1,0,0,81,깔끔
kakao,장인닭갈비 홍대점,동글동글도비,9.0,2025-04-08,,,"보러색 헤어 하신 외국인 여직원분 굉장히 친절 하셨습니다 중간맛도 매울 수 있다고 설명도 해주시고 계속 웃으면서 응대해주셔서 좋았습니다 먹는 중간중간 주위 테이블 외국인분들이 계속 반도 못 먹고 나가시길래 보니 남자 직원분이 되게 건성건성 응대하시고 기본맛으로 주셔서 매워서 못드시고 나가시더라구요 안내멘트도 없고 불러도 안오셔서 저희 테이블이 설명해드렸어요 뭐 이런것도 바빠서 그럴 수 있지, 직원분이 영어를 잘 못하시나보다 하고 넘어 갈 수 있는데 저희 테이블이 볶음밥 시키고 15분이 넘게 안나와서 부르니까 ""이제 나와요"" 하고 주문 넣으러 가신것도 봤어요 근데 주문도 잘못 넣으셔서 재주문 했습니다 이런 상황이면 직원응대가 미흡했다던지 매장이 너무 바빠서 깜빡했다던지 말을 하면서 죄송하다는 사과가 있어야하는데 그냥 새로 가져온거 볶으시면서 ""죄송해요~"" 이러고 가셔서 기분이 좀 많이 나빴네요 웨이팅도 많고 방문객도 많습니다 맛도 괜찮았고 양도 괜찮았습니다 하지만 직원응대가 너무 별로라서 그 장점을 다 깎아 먹는다고 생각하시면 됩니다",528,False,1.0,3.9,실버 레벨,"보러색 헤어 하신 외국인 여직원분 굉장히 친절 하셨습니다 중간맛도 매울 수 있다고 설명도 해주시고 계속 웃으면서 응대해주셔서 좋았습니다 먹는 중간중간 주위 테이블 외국인분들이 계속 반도 못 먹고 나가시길래 보니 남자 직원분이 되게 건성건성 응대하시고 기본맛으로 주셔서 매워서 못드시고 나가시더라구요 안내멘트도 없고 불러도 안오셔서 저희 테이블이 설명해드렸어요 뭐 이런것도 바빠서 그럴 수 있지, 직원분이 영어를 잘 못하시나보다 하고 넘어 갈 수 있는데 저희 테이블이 볶음밥 시키고 15분이 넘게 안나와서 부르니까 ""이제 나와요"" 하고 주문 넣으러 가신것도 봤어요 근데 주문도 잘못 넣으셔서 재주문 했습니다 이런 상황이면 직원응대가 미흡했다던지 매장이 너무 바빠서 깜빡했다던지 말을 하면서 죄송하다는 사과가 있어야하는데 그냥 새로 가져온거 볶으시면서 ""죄송해요~"" 이러고 가셔서 기분이 좀 많이 나빴네요 웨이팅도 많고 방문객도 많습니다 맛도 괜찮았고 양도 괜찮았습니다 하지만 직원응대가 너무 별로라서 그 장점을 다 깎아 먹는다고 생각하시면 됩니다",보러색 헤어 하신 외국인 여직원분 굉장히 친절 하셨습니다 중간맛도 매울 수 있다고 설명도 해주시고 계속 웃으면서 응대해주셔서 좋았습니다 먹는 중간중간 주위 테이블 외국인분들이 계속 반도 못 먹고 나가시길래 보니 남자 직원분이 되게 건성건성 응대하시고 기본맛으로 주셔서 매워서 못드시고 나가시더라구요 안내멘트도 없고 불러도 안오셔서 저희 테이블이 설명해드렸어요 뭐 이런것도 바빠서 그럴 수 있지 직원분이 영어를 잘 못하시나보다 하고 넘어 갈 수 있는데 저희 테이블이 볶음밥 시키고 15분이 넘게 안나와서 부르니까 이제 나와요 하고 주문 넣으러 가신것도 봤어요 근데 주문도 잘못 넣으셔서 재주문 했습니다 이런 상황이면 직원응대가 미흡했다던지 매장이 너무 바빠서 깜빡했다던지 말을 하면서 죄송하다는 사과가 있어야하는데 그냥 새로 가져온거 볶으시면서 죄송해요 이러고 가셔서 기분이 좀 많이 나빴네요 웨이팅도 많고 방문객도 많습니다 맛도 괜찮았고 양도 괜찮았습니다 하지만 직원응대가 너무 별로라서 그 장점을 다 깎아 먹는다고 생각하시면 됩니다,0,0,0,0,0,0,1,528,"매장, 테이블"
kakao,이태리국시 성수,여혜미,1.0,2026-04-18,,,대창 파스타 맛있어요. 분위기도 좋구. 다음엔 저녁에 와야겠어요^^,37,True,5.0,5.0,브론즈 레벨,대창 파스타 맛있어요. 분위기도 좋구. 다음엔 저녁에 와야겠어요^^,대창 파스타 맛있어요 분위기도 좋구 다음엔 저녁에 와야겠어요,0,0,0,0,0,0,0,37,분위기
kakao,육산장 홍대본점,윤태승,1.0,2026-02-02,,,고기가 맛있어요! 야외(?)같은 곳에 테이블이 있는데 글램핑하는 느낌도 들어요! 근데 겨울에도 따뜻하고 좋습니다,62,False,5.0,5.0,브론즈 레벨,고기가 맛있어요! 야외(?)같은 곳에 테이블이 있는데 글램핑하는 느낌도 들어요! 근데 겨울에도 따뜻하고 좋습니다,고기가 맛있어요 EXCLAM 야외 QUESTION 같은 곳에 테이블이 있는데 글램핑하는 느낌도 들어요 EXCLAM 근데 겨울에도 따뜻하고 좋습니다,0,0,0,0,1,1,0,62,테이블
naver,능동미나리 성수지점,이리버61,84.0,2025.12.19,1번째 방문,영수증,추워서 급 들어간 곳인데 너무 맛있었어요 생각보다 매장에 테이블도 많고 순환도 잘되네요 미나리 너무 많이있는거 아니여?했지만 저 미나리들 다 흡입하고왔슴당 쵼맛탱,90,True,,,,추워서 급 들어간 곳인데 너무 맛있었어요 생각보다 매장에 테이블도 많고 순환도 잘되네요 미나리 너무 많이있는거 아니여?했지만 저 미나리들 다 흡입하고왔슴당 쵼맛탱,추워서 급 들어간 곳인데 너무 맛있었어요 생각보다 매장에 테이블도 많고 순환도 잘되네요 미나리 너무 많이있는거 아니여 QUESTION 했지만 저 미나리들 다 흡입하고왔슴당 쵼맛탱,0,0,0,0,0,1,0,90,"매장, 테이블"
naver,뼈탄집 성수역점,amelie90,71.0,2026.04.19,1번째 방문,영수증,고기가 질이 좋고 맛있네요 직원분들도 너무친절하고 매장도 넓어서 좋습니다~!,42,True,,,,고기가 질이 좋고 맛있네요 직원분들도 너무친절하고 매장도 넓어서 좋습니다~!,고기가 질이 좋고 맛있네요 직원분들도 너무친절하고 매장도 넓어서 좋습니다 EXCLAM,0,0,0,0,1,0,0,42,"매장, 넓"
naver,육산장 홍대본점,saltcaramel,4.0,2026.03.04,1번째 방문,영수증,고기가 신선하고 맛있는건 물론이고 가격도 타 고깃집들에 비해서 착합니다. 특히 가게 야외에 비닐 천막 공간이 놀러온것같은 느낌도 줘서 친구들이든 가족이든 연인이든 함께왔을때 많이들 만족할것같습니다,109,True,,,,고기가 신선하고 맛있는건 물론이고 가격도 타 고깃집들에 비해서 착합니다. 특히 가게 야외에 비닐 천막 공간이 놀러온것같은 느낌도 줘서 친구들이든 가족이든 연인이든 함께왔을때 많이들 만족할것같습니다,고기가 신선하고 맛있는건 물론이고 가격도 타 고깃집들에 비해서 착합니다 특히 가게 야외에 비닐 천막 공간이 놀러온것같은 느낌도 줘서 친구들이든 가족이든 연인이든 함께왔을때 많이들 만족할것같습니다,0,0,0,0,0,0,0,109,공간
kakao,이태리국시 성수,강신우,1.0,2026-03-29,,,여자친구랑 왔는데 너무 분위기도 좋고 맛있었어요!! 다음에 또 방문하고 싶어요,43,True,5.0,5.0,브론즈 레벨,여자친구랑 왔는데 너무 분위기도 좋고 맛있었어요!! 다음에 또 방문하고 싶어요,여자친구랑 왔는데 너무 분위기도 좋고 맛있었어요 EXCLAM 다음에 또 방문하고 싶어요,0,0,0,0,1,0,0,43,분위기
naver,조선시대,ash****,28.0,2026.02.28,1번째 방문,영수증,"안주 맛있는 조선시대, 테마에 맞게 막걸리랑 맛있는 안주들 맛있게 먹고 갑니다 냠냠 분위기도 좋아요오",56,True,,,,"안주 맛있는 조선시대, 테마에 맞게 막걸리랑 맛있는 안주들 맛있게 먹고 갑니다 냠냠 분위기도 좋아요오",안주 맛있는 조선시대 테마에 맞게 막걸리랑 맛있는 안주들 맛있게 먹고 갑니다 냠냠 분위기도 좋아요오,0,0,0,0,0,0,0,56,분위기
naver,뼈탄집 성수역점,겸손한굴전,139.0,2025.11.22,2번째 방문,영수증,"뼈탄집 다른 지점 가봤었는데 여기 성수점도 생겨서 너무 좋아요! 고기질도 역시나 너무 좋고 직원분들도 너무 친절하십니다. 가게 앞에 무료 주차도 가능해서 좋은 것 같아요. 반찬도 맛있고 고기도 다 구워주셔서 회식이나, 연말 모임으로 오기도 좋을 것 같아요! 계탄밥도 정말 맛있으니 꼭 드셔보세요!",165,True,,,,"뼈탄집 다른 지점 가봤었는데 여기 성수점도 생겨서 너무 좋아요! 고기질도 역시나 너무 좋고 직원분들도 너무 친절하십니다. 가게 앞에 무료 주차도 가능해서 좋은 것 같아요. 반찬도 맛있고 고기도 다 구워주셔서 회식이나, 연말 모임으로 오기도 좋을 것 같아요! 계탄밥도 정말 맛있으니 꼭 드셔보세요!",뼈탄집 다른 지점 가봤었는데 여기 성수점도 생겨서 너무 좋아요 EXCLAM 고기질도 역시나 너무 좋고 직원분들도 너무 친절하십니다 가게 앞에 무료 주차도 가능해서 좋은 것 같아요 반찬도 맛있고 고기도 다 구워주셔서 회식이나 연말 모임으로 오기도 좋을 것 같아요 EXCLAM 계탄밥도 정말 맛있으니 꼭 드셔보세요 EXCLAM,0,0,0,0,1,0,0,165,주차
kakao,이태리국시 성수,윤동하,1.0,2026-04-18,,,정말 분위기 좋고. 만석. 한식 스타일로 재해석한 이태리 식단 좋았 습니다,41,True,5.0,5.0,브론즈 레벨,정말 분위기 좋고. 만석. 한식 스타일로 재해석한 이태리 식단 좋았 습니다,정말 분위기 좋고 만석 한식 스타일로 재해석한 이태리 식단 좋았 습니다,0,0,0,0,0,0,0,41,분위기
kakao,육지,정현,1.0,2025-07-06,,,맛있게 먹었습니다!! 동치미 막국수도 맛있어용 시끄럽지 않아서 좋아요!,39,False,5.0,5.0,브론즈 레벨,맛있게 먹었습니다!! 동치미 막국수도 맛있어용 시끄럽지 않아서 좋아요!,맛있게 먹었습니다 EXCLAM 동치미 막국수도 맛있어용 시끄럽지 않아서 좋아요 EXCLAM,0,0,0,0,1,0,0,39,시끄럽
kakao,홍대 조선시대,이수철,2.0,2026-03-12,,,분위기 좋고 맛있어요!!!,14,False,5.0,5.0,브론즈 레벨,분위기 좋고 맛있어요!!!,분위기 좋고 맛있어요 EXCLAM,0,0,0,0,1,0,0,14,분위기
kakao,원조조박집 본관,X,65.0,2025-12-12,,,맛있어요 맛있는데 리뉴얼후로 깨끗해졌는데.(아주예전 건물은 좀 더러웠긴함..) 뭔가 분위기가 ㅋㅋㅋㅋ;; 먹고 노가다 뛰러가야할거같은 그느낌때문에 약간. 맛은 훌륭합니당,94,False,4.0,4.0,실버 레벨,맛있어요 맛있는데 리뉴얼후로 깨끗해졌는데.(아주예전 건물은 좀 더러웠긴함..) 뭔가 분위기가 ㅋㅋㅋㅋ;; 먹고 노가다 뛰러가야할거같은 그느낌때문에 약간. 맛은 훌륭합니당,맛있어요 맛있는데 리뉴얼후로 깨끗해졌는데 아주예전 건물은 좀 더러웠긴함 뭔가 분위기가 먹고 노가다 뛰러가야할거같은 그느낌때문에 약간 맛은 훌륭합니당,0,0,0,0,0,0,0,94,분위기
kakao,이태리국시 성수,이지은,1.0,2026-03-29,,,"매장도 너무 깔끔하고, 분위기 있어서 더 맛있게 느껴지네요. 파스타 면도 맛있고 간도 적절했습니다 :)",57,True,5.0,5.0,브론즈 레벨,"매장도 너무 깔끔하고, 분위기 있어서 더 맛있게 느껴지네요. 파스타 면도 맛있고 간도 적절했습니다 :)",매장도 너무 깔끔하고 분위기 있어서 더 맛있게 느껴지네요 파스타 면도 맛있고 간도 적절했습니다,0,0,0,0,0,0,0,57,"분위기, 매장, 깔끔"
naver,을밀대 평양냉면,ssaewon,167.0,2025.05.02,1번째 방문,예약,"금요일 17:40 자리 적당히 남아있었어요. 냉면은 얼음 없는 거냉이 맛있다는 리뷰가 많아 거냉으로 주문했는데 정말 탁월한 선택이었어요. 얼음 없지만 충분히 시원하고 차가워요. 국물 맛은 적당히 짭조름하고 감칠맛 강하게 있어 심심하지 않아요. 살짝 무겁게 담백해요. 우래x에 비해 간, 감칠맛이 더 세게 느껴져요. 고명으로 양지고기 2점 있고, 면도 맛있어요. 온육수는 맑은 곰탕 맛이에요. 처음에는 조금 심심한 것 같다가 끝 맛이 짭조름해서 좋았어요. 여러 평양냉면 먹어보고 있는데, 감칠맛 밸런스가 가장 좋은 냉면집이에요.",294,True,,,,"금요일 17:40 자리 적당히 남아있었어요. 냉면은 얼음 없는 거냉이 맛있다는 리뷰가 많아 거냉으로 주문했는데 정말 탁월한 선택이었어요. 얼음 없지만 충분히 시원하고 차가워요. 국물 맛은 적당히 짭조름하고 감칠맛 강하게 있어 심심하지 않아요. 살짝 무겁게 담백해요. 우래x에 비해 간, 감칠맛이 더 세게 느껴져요. 고명으로 양지고기 2점 있고, 면도 맛있어요. 온육수는 맑은 곰탕 맛이에요. 처음에는 조금 심심한 것 같다가 끝 맛이 짭조름해서 좋았어요. 여러 평양냉면 먹어보고 있는데, 감칠맛 밸런스가 가장 좋은 냉면집이에요.",금요일 17 40 자리 적당히 남아있었어요 냉면은 얼음 없는 거냉이 맛있다는 리뷰가 많아 거냉으로 주문했는데 정말 탁월한 선택이었어요 얼음 없지만 충분히 시원하고 차가워요 국물 맛은 적당히 짭조름하고 감칠맛 강하게 있어 심심하지 않아요 살짝 무겁게 담백해요 우래x에 비해 간 감칠맛이 더 세게 느껴져요 고명으로 양지고기 2점 있고 면도 맛있어요 온육수는 맑은 곰탕 맛이에요 처음에는 조금 심심한 것 같다가 끝 맛이 짭조름해서 좋았어요 여러 평양냉면 먹어보고 있는데 감칠맛 밸런스가 가장 좋은 냉면집이에요,0,0,0,0,0,0,1,294,자리
naver,육산장 홍대본점,Elinalove,345.0,2025.11.30,1번째 방문,영수증,홍대 고깃집 검색해서 왔는데요 되게 외관부터 분위기가 좋은 곳이었어요 사람도 많길래 오 여기 맛집이다 싶었는데 워터에이징한 고기부터 메뉴도 되게 좋은거같습니다 여러가지 소스와 반찬들이 있어서 여러개 찍어먹는 맛도있구 치즈 퐁듀나 김치삼겹도 가능해서 되게 다채롭게 맛볼수가있었어요 덕분에 맛있고 배부르게 한끼 식사 즐거웠던거같습니다 잘먹고가요,190,True,,,,홍대 고깃집 검색해서 왔는데요 되게 외관부터 분위기가 좋은 곳이었어요 사람도 많길래 오 여기 맛집이다 싶었는데 워터에이징한 고기부터 메뉴도 되게 좋은거같습니다 여러가지 소스와 반찬들이 있어서 여러개 찍어먹는 맛도있구 치즈 퐁듀나 김치삼겹도 가능해서 되게 다채롭게 맛볼수가있었어요 덕분에 맛있고 배부르게 한끼 식사 즐거웠던거같습니다 잘먹고가요,홍대 고깃집 검색해서 왔는데요 되게 외관부터 분위기가 좋은 곳이었어요 사람도 많길래 오 여기 맛집이다 싶었는데 워터에이징한 고기부터 메뉴도 되게 좋은거같습니다 여러가지 소스와 반찬들이 있어서 여러개 찍어먹는 맛도있구 치즈 퐁듀나 김치삼겹도 가능해서 되게 다채롭게 맛볼수가있었어요 덕분에 맛있고 배부르게 한끼 식사 즐거웠던거같습니다 잘먹고가요,0,0,0,0,0,0,0,190,분위기
naver,육산장 홍대본점,찌니58,33.0,2026.03.25,1번째 방문,영수증,분위기도 좋고 고기도 1차로 구워서 나와서 너무 좋아여 ♥️♥️♥️,37,True,,,,분위기도 좋고 고기도 1차로 구워서 나와서 너무 좋아여 ♥️♥️♥️,분위기도 좋고 고기도 1차로 구워서 나와서 너무 좋아여 EMO_POS EMO_POS EMO_POS,1,0,0,0,0,0,1,37,분위기
naver,할머니의 레시피,Longlongto,32.0,2025.08.09,1번째 방문,예약,어머님가 좋아하실만한 식당을 찾아 방문했습니다. 문열고 들어서는 순간 친절하신 직원분들의 인사에 기분이 좋아지고 포근하면서도 깔끔한 인테리어에 기분이 더 좋아졌습니다. 창가 쪽에 자리를 잡고 앉았는데 뷰도 마음에 들었습니다. 각메뉴를 시키고 기다리는데 반찬을 놔주시고 간단한 설명까지 너무 친절하시고 배려하는 말투에 대접받는 느낌이었습니다. 어머니도 남편도 저도 모두 식사를 너무 맛있게 했고 양도 배부르고 가성비 최고라고 생각이 들었습니다. 음식은 깔끔하고 간이 적당했으며 모든 메뉴를 맛보고 싶을 정도입니다. 친정 가족들도 모시고 재방문 해야겠습니다. 번창하세요♡,317,False,,,,어머님가 좋아하실만한 식당을 찾아 방문했습니다. 문열고 들어서는 순간 친절하신 직원분들의 인사에 기분이 좋아지고 포근하면서도 깔끔한 인테리어에 기분이 더 좋아졌습니다. 창가 쪽에 자리를 잡고 앉았는데 뷰도 마음에 들었습니다. 각메뉴를 시키고 기다리는데 반찬을 놔주시고 간단한 설명까지 너무 친절하시고 배려하는 말투에 대접받는 느낌이었습니다. 어머니도 남편도 저도 모두 식사를 너무 맛있게 했고 양도 배부르고 가성비 최고라고 생각이 들었습니다. 음식은 깔끔하고 간이 적당했으며 모든 메뉴를 맛보고 싶을 정도입니다. 친정 가족들도 모시고 재방문 해야겠습니다. 번창하세요♡,어머님가 좋아하실만한 식당을 찾아 방문했습니다 문열고 들어서는 순간 친절하신 직원분들의 인사에 기분이 좋아지고 포근하면서도 깔끔한 인테리어에 기분이 더 좋아졌습니다 창가 쪽에 자리를 잡고 앉았는데 뷰도 마음에 들었습니다 각메뉴를 시키고 기다리는데 반찬을 놔주시고 간단한 설명까지 너무 친절하시고 배려하는 말투에 대접받는 느낌이었습니다 어머니도 남편도 저도 모두 식사를 너무 맛있게 했고 양도 배부르고 가성비 최고라고 생각이 들었습니다 음식은 깔끔하고 간이 적당했으며 모든 메뉴를 맛보고 싶을 정도입니다 친정 가족들도 모시고 재방문 해야겠습니다 번창하세요 EMO_POS,1,0,0,0,0,0,0,317,"인테리어, 자리, 깔끔"
kakao,태양곱창 성수,빵글이 김진수,233.0,2025-11-23,,,"진짜 명관은 홍보 같은거 안하죠. 여기는 인스타, 블러그,리뷰조작질 어마어마 합니다. 역대급임.. 임대비,천문학적 홍보비 지출인 매장인데 음식,서비스,인테리어 품질이 좋을수가 없죠, 결국 다 소비자만 손해보는것",117,True,1.0,3.0,골드 레벨,"진짜 명관은 홍보 같은거 안하죠. 여기는 인스타, 블러그,리뷰조작질 어마어마 합니다. 역대급임.. 임대비,천문학적 홍보비 지출인 매장인데 음식,서비스,인테리어 품질이 좋을수가 없죠, 결국 다 소비자만 손해보는것",진짜 명관은 홍보 같은거 안하죠 여기는 인스타 블러그 리뷰조작질 어마어마 합니다 역대급임 임대비 천문학적 홍보비 지출인 매장인데 음식 서비스 인테리어 품질이 좋을수가 없죠 결국 다 소비자만 손해보는것,0,0,0,0,0,0,0,117,"인테리어, 매장"
kakao,훼미리손칼국수보쌈,오오옹,1.0,2026-03-28,,,"주인과 종업원이 자꾸 눈치주며 빨리먹고 나가라는 식으로 쳐다보며, 계산시 어디서 먹었는지 알려 달라해서 테이블 위치 알려줘도 어떤걸 먹었는지 하나하나 불러 달라면서 휴대용 계산기로 계산하고 먹은 리스트 없이 총액 영수증만 줌. 그리고 갈 때 인사도 없음.불친절 한데 맛은 있음. 이걸 감안하실 분만 가서 견디세요.",175,True,2.0,2.0,브론즈 레벨,"주인과 종업원이 자꾸 눈치주며 빨리먹고 나가라는 식으로 쳐다보며, 계산시 어디서 먹었는지 알려 달라해서 테이블 위치 알려줘도 어떤걸 먹었는지 하나하나 불러 달라면서 휴대용 계산기로 계산하고 먹은 리스트 없이 총액 영수증만 줌. 그리고 갈 때 인사도 없음.불친절 한데 맛은 있음. 이걸 감안하실 분만 가서 견디세요.",주인과 종업원이 자꾸 눈치주며 빨리먹고 나가라는 식으로 쳐다보며 계산시 어디서 먹었는지 알려 달라해서 테이블 위치 알려줘도 어떤걸 먹었는지 하나하나 불러 달라면서 휴대용 계산기로 계산하고 먹은 리스트 없이 총액 영수증만 줌 그리고 갈 때 인사도 없음 불친절 한데 맛은 있음 이걸 감안하실 분만 가서 견디세요,0,0,0,0,0,0,0,175,"테이블, 위치"
naver,보끔당 성수점,poi****,41.0,2026.03.14,1번째 방문,영수증,"성수동에 주차 가능한 한식 음식 뭘 먹을까 고민하다가 방문하였는데, 깔끔하고 맛있어서 만족스럽습니다. 순살 메뉴도 있어서 너무 좋아요!",75,True,,,,"성수동에 주차 가능한 한식 음식 뭘 먹을까 고민하다가 방문하였는데, 깔끔하고 맛있어서 만족스럽습니다. 순살 메뉴도 있어서 너무 좋아요!",성수동에 주차 가능한 한식 음식 뭘 먹을까 고민하다가 방문하였는데 깔끔하고 맛있어서 만족스럽습니다 순살 메뉴도 있어서 너무 좋아요 EXCLAM,0,0,0,0,1,0,0,75,"깔끔, 주차"
kakao,육지,명령하지마라,1.0,2026-01-02,,,원래 후기도 안 쓰고 계정 가입도 안 하고 쓰는데 이건 좀 심한 것 같아서 계정 가입하고 후기 씀 자리 많은데 굳이 식사 중인 테이블 옆에 붙여주고 고기 다 먹어가는데 마늘은 익지도 않았고 고기에 비계가 너무 많아서 고기도 좀 탔음 여러모로 아쉬움이 많았고 재방문은 안 할 것 같음,157,False,1.0,1.0,브론즈 레벨,원래 후기도 안 쓰고 계정 가입도 안 하고 쓰는데 이건 좀 심한 것 같아서 계정 가입하고 후기 씀 자리 많은데 굳이 식사 중인 테이블 옆에 붙여주고 고기 다 먹어가는데 마늘은 익지도 않았고 고기에 비계가 너무 많아서 고기도 좀 탔음 여러모로 아쉬움이 많았고 재방문은 안 할 것 같음,원래 후기도 안 쓰고 계정 가입도 안 하고 쓰는데 이건 좀 심한 것 같아서 계정 가입하고 후기 씀 자리 많은데 굳이 식사 중인 테이블 옆에 붙여주고 고기 다 먹어가는데 마늘은 익지도 않았고 고기에 비계가 너무 많아서 고기도 좀 탔음 여러모로 아쉬움이 많았고 재방문은 안 할 것 같음,0,0,0,0,0,0,0,157,"자리, 테이블"
kakao,뼈탄집 성수역점,S,3.0,2026-03-11,,,"고기 직접 구워주셔서 누가 굽나 눈치 안봐도 되고, 구워주시는대로 자유롭게 먹을 수 있어서 좋아요. 계탄밥 치즈도 많고 꼭 시켜드세요. 후식 아이스크림도 있어서 깔끔하게 식사 마무리할 수 있어요. 고기랑 함께 굽는 묵은지도 진짜 맛있는 묵은지고, 기타 양념장, 장아찌도 고기랑 곁들여 먹기 너무 좋은 구성이라 정말 성수 고기집 중 퀄리티 서비스 어느하나 빠지는 것 없는 집입니다!",212,True,5.0,5.0,브론즈 레벨,"고기 직접 구워주셔서 누가 굽나 눈치 안봐도 되고, 구워주시는대로 자유롭게 먹을 수 있어서 좋아요. 계탄밥 치즈도 많고 꼭 시켜드세요. 후식 아이스크림도 있어서 깔끔하게 식사 마무리할 수 있어요. 고기랑 함께 굽는 묵은지도 진짜 맛있는 묵은지고, 기타 양념장, 장아찌도 고기랑 곁들여 먹기 너무 좋은 구성이라 정말 성수 고기집 중 퀄리티 서비스 어느하나 빠지는 것 없는 집입니다!",고기 직접 구워주셔서 누가 굽나 눈치 안봐도 되고 구워주시는대로 자유롭게 먹을 수 있어서 좋아요 계탄밥 치즈도 많고 꼭 시켜드세요 후식 아이스크림도 있어서 깔끔하게 식사 마무리할 수 있어요 고기랑 함께 굽는 묵은지도 진짜 맛있는 묵은지고 기타 양념장 장아찌도 고기랑 곁들여 먹기 너무 좋은 구성이라 정말 성수 고기집 중 퀄리티 서비스 어느하나 빠지는 것 없는 집입니다 EXCLAM,0,0,0,0,1,0,0,212,깔끔
kakao,이태리국시 성수,aiii,3.0,2026-04-28,,,"성수에서 분위기 좋은 파스타집 찾다가 방문했는데 완전 만족했어요. 숯불대돌솥파스타는 비주얼부터 압도적이고, 불향이 은은하게 올라와서 일반 파스타랑은 완전 다른 느낌이에요. 대창(?) 식감이 쫄깃하면서 소스랑 잘 어울려서 계속 손이 가는 맛이었어요. 매콤하면서도 꾸덕한 느낌이라 숟가락 멈추기 힘듦… 반계마늘돌솥리조또는 완전 반전 메뉴. 크림 베이스가 엄청 부드럽고 고소한데, 위에 올라간 닭다리가 진짜 잘 구워져서 겉바속촉 제대로였어요. 마늘향도 과하지 않고 딱 좋게 올라와서 전체 밸런스가 좋았어요. 매장도 깔끔하고 조용한 편이라 대화하기 좋고, 소개팅이나 데이트로도 괜찮을 듯. 직원분들도 친절해서 기분 좋게 식사했어요. 성수에서 색다른 파스타 먹고 싶으면 재방문 의사 있음 👍",381,True,5.0,3.7,브론즈 레벨,"성수에서 분위기 좋은 파스타집 찾다가 방문했는데 완전 만족했어요. 숯불대돌솥파스타는 비주얼부터 압도적이고, 불향이 은은하게 올라와서 일반 파스타랑은 완전 다른 느낌이에요. 대창(?) 식감이 쫄깃하면서 소스랑 잘 어울려서 계속 손이 가는 맛이었어요. 매콤하면서도 꾸덕한 느낌이라 숟가락 멈추기 힘듦… 반계마늘돌솥리조또는 완전 반전 메뉴. 크림 베이스가 엄청 부드럽고 고소한데, 위에 올라간 닭다리가 진짜 잘 구워져서 겉바속촉 제대로였어요. 마늘향도 과하지 않고 딱 좋게 올라와서 전체 밸런스가 좋았어요. 매장도 깔끔하고 조용한 편이라 대화하기 좋고, 소개팅이나 데이트로도 괜찮을 듯. 직원분들도 친절해서 기분 좋게 식사했어요. 성수에서 색다른 파스타 먹고 싶으면 재방문 의사 있음 👍",성수에서 분위기 좋은 파스타집 찾다가 방문했는데 완전 만족했어요 숯불대돌솥파스타는 비주얼부터 압도적이고 불향이 은은하게 올라와서 일반 파스타랑은 완전 다른 느낌이에요 대창 QUESTION 식감이 쫄깃하면서 소스랑 잘 어울려서 계속 손이 가는 맛이었어요 매콤하면서도 꾸덕한 느낌이라 숟가락 멈추기 힘듦 반계마늘돌솥리조또는 완전 반전 메뉴 크림 베이스가 엄청 부드럽고 고소한데 위에 올라간 닭다리가 진짜 잘 구워져서 겉바속촉 제대로였어요 마늘향도 과하지 않고 딱 좋게 올라와서 전체 밸런스가 좋았어요 매장도 깔끔하고 조용한 편이라 대화하기 좋고 소개팅이나 데이트로도 괜찮을 듯 직원분들도 친절해서 기분 좋게 식사했어요 성수에서 색다른 파스타 먹고 싶으면 재방문 의사 있음 EMO_POS,1,0,0,0,0,1,0,381,"분위기, 매장, 깔끔, 조용, 데이트"
naver,뼈탄집 성수역점,행복하쟈11,46.0,2025.12.21,1번째 방문,영수증,"육즙이 터지는 숙성고기와 정갈한 반찬이 진짜 너무 만족스러웠어요💕 뼈탄삼겹살은 숙성이 잘 되었는지 육향이 진하고, 한 입 베어 무는 순간 육즙이 가득 느껴져서 정신차려보니 순식간에 사라졌더라구요…✨ 반찬들도 기대 이상이었는데, 특히 장아찌류와 묵은지가 정말 미쳤습니다!!! 고기랑 같이 먹기 딱 좋은 밸런스라 조합 최고였구요 한우된찌도 건더기 가득 너무 맛있었어요👍🏻 인테리어도 너무 예쁘고 직원분들도 친절하셔서 다음에 팀 회식으로 오려구요 ㅎㅎ 성수에서 잘하는 고깃집 찾기 어려운데 완전 뼈탄집 강추드립니다!✨",286,True,,,,"육즙이 터지는 숙성고기와 정갈한 반찬이 진짜 너무 만족스러웠어요💕 뼈탄삼겹살은 숙성이 잘 되었는지 육향이 진하고, 한 입 베어 무는 순간 육즙이 가득 느껴져서 정신차려보니 순식간에 사라졌더라구요…✨ 반찬들도 기대 이상이었는데, 특히 장아찌류와 묵은지가 정말 미쳤습니다!!! 고기랑 같이 먹기 딱 좋은 밸런스라 조합 최고였구요 한우된찌도 건더기 가득 너무 맛있었어요👍🏻 인테리어도 너무 예쁘고 직원분들도 친절하셔서 다음에 팀 회식으로 오려구요 ㅎㅎ 성수에서 잘하는 고깃집 찾기 어려운데 완전 뼈탄집 강추드립니다!✨",육즙이 터지는 숙성고기와 정갈한 반찬이 진짜 너무 만족스러웠어요 EMO_POS 뼈탄삼겹살은 숙성이 잘 되었는지 육향이 진하고 한 입 베어 무는 순간 육즙이 가득 느껴져서 정신차려보니 순식간에 사라졌더라구요 EMO_POS 반찬들도 기대 이상이었는데 특히 장아찌류와 묵은지가 정말 미쳤습니다 EXCLAM 고기랑 같이 먹기 딱 좋은 밸런스라 조합 최고였구요 한우된찌도 건더기 가득 너무 맛있었어요 EMO_POS 인테리어도 너무 예쁘고 직원분들도 친절하셔서 다음에 팀 회식으로 오려구요 성수에서 잘하는 고깃집 찾기 어려운데 완전 뼈탄집 강추드립니다 EXCLAM EMO_POS,1,0,0,0,1,0,0,286,인테리어
kakao,이태리국시 성수,양창렬,1.0,2026-04-05,,,맛있습니다! 데이트하기 좋아요,16,True,5.0,5.0,브론즈 레벨,맛있습니다! 데이트하기 좋아요,맛있습니다 EXCLAM 데이트하기 좋아요,0,0,0,0,1,0,0,16,데이트
kakao,락희옥 마포본점,세은,1.0,2025-02-12,,,분위기도 좋고 친절하고 맛있어요!,18,False,5.0,5.0,브론즈 레벨,분위기도 좋고 친절하고 맛있어요!,분위기도 좋고 친절하고 맛있어요 EXCLAM,0,0,0,0,1,0,0,18,분위기
naver,육산장 홍대본점,므흐므므,27.0,2026.03.28,1번째 방문,영수증,주변에 평점 높은 곳으로 왔는데 역시 성공 고기 질이 좋고 진짜 맛잇어요. 테이블도 넓고 야채도 싱싱해요 야장분위기 최고에요. 다음에도 또 올게요!!,83,True,,,,주변에 평점 높은 곳으로 왔는데 역시 성공 고기 질이 좋고 진짜 맛잇어요. 테이블도 넓고 야채도 싱싱해요 야장분위기 최고에요. 다음에도 또 올게요!!,주변에 평점 높은 곳으로 왔는데 역시 성공 고기 질이 좋고 진짜 맛잇어요 테이블도 넓고 야채도 싱싱해요 야장분위기 최고에요 다음에도 또 올게요 EXCLAM,0,0,0,0,1,0,0,83,"분위기, 테이블, 넓"
naver,태양곱창 성수점,샤넬3,80.0,2026.04.12,1번째 방문,영수증,"얼큰한 국물에 곱창 듬뿍 들어간 전골 한 냄비면 게임 끝. 매콤한 국물에 깻잎+쑥갓 향이 확 올라오면서 식욕 제대로 터진다. 곱창은 잡내 없이 쫄깃하고, 국물은 진하면서도 깔끔해서 계속 떠먹게 되는 맛. 반찬도 기본기 탄탄하고, 특히 마늘+고추 조합으로 먹으면 감칠맛 폭발🔥 끓일수록 국물 진해지고 마지막 볶음밥까지 가면 완벽한 마무리",187,True,,,,"얼큰한 국물에 곱창 듬뿍 들어간 전골 한 냄비면 게임 끝. 매콤한 국물에 깻잎+쑥갓 향이 확 올라오면서 식욕 제대로 터진다. 곱창은 잡내 없이 쫄깃하고, 국물은 진하면서도 깔끔해서 계속 떠먹게 되는 맛. 반찬도 기본기 탄탄하고, 특히 마늘+고추 조합으로 먹으면 감칠맛 폭발🔥 끓일수록 국물 진해지고 마지막 볶음밥까지 가면 완벽한 마무리",얼큰한 국물에 곱창 듬뿍 들어간 전골 한 냄비면 게임 끝 매콤한 국물에 깻잎 쑥갓 향이 확 올라오면서 식욕 제대로 터진다 곱창은 잡내 없이 쫄깃하고 국물은 진하면서도 깔끔해서 계속 떠먹게 되는 맛 반찬도 기본기 탄탄하고 특히 마늘 고추 조합으로 먹으면 감칠맛 폭발 EMO_POS 끓일수록 국물 진해지고 마지막 볶음밥까지 가면 완벽한 마무리,1,0,0,0,0,0,0,187,깔끔
naver,육산장 홍대본점,소화낭자,29.0,2026.04.03,1번째 방문,영수증,"서비스도좋고 맛도좋아요,분위기 갑인 추천완젼",24,True,,,,"서비스도좋고 맛도좋아요,분위기 갑인 추천완젼",서비스도좋고 맛도좋아요 분위기 갑인 추천완젼,0,0,0,0,0,0,0,24,분위기
kakao,훼미리손칼국수보쌈,바이커,801.0,2025-11-30,,,"요즘 세상에 웨이팅 장부 없는 가게이고 차량 대로변에 다른가게 피해가게 줄 세워놓는 가게도 처음본다 가게 입구에 안내문 붙여놓지 손님끼리 기다리는법 서로 물어봄 사장이 외국인을 애정하시는지 식사 중 왔던 유럽인.일본인에게는 계란부친거 ""써뷔쓰으~~""하면서 되도 않는 영어 쓰시며 주시더라 식대지불한 음식이라도 제대로 주면 다른건 상관없는데 외국인들은 고기 상태 좋은쪽 곱게 썰어서 주고 한국인 테이블엔 고기 잔 부스레기 +비계 잔뜩 외국인들 대접해주는건 좋게 보이는데 기존 다니던 손님 음식은 개밥처럼 주고..정 떨어져서 가기 싫어짐 칼국수 국물은 주다말은것처럼 주신다 칼국수 이렇게 맛없게 끓이는것도 재능이고 배추랑 고기 맛있음 서빙하는 아줌마 손님이 추가주문 하면 허공에 외치고 그리 바쁜데 다른 인력들이 그게 들릴리 없음 .가져다주는지 눈치 좀 보다가 아줌마가 가져다 주시던데 웃기심",441,False,4.0,3.0,블루 레벨,"요즘 세상에 웨이팅 장부 없는 가게이고 차량 대로변에 다른가게 피해가게 줄 세워놓는 가게도 처음본다 가게 입구에 안내문 붙여놓지 손님끼리 기다리는법 서로 물어봄 사장이 외국인을 애정하시는지 식사 중 왔던 유럽인.일본인에게는 계란부친거 ""써뷔쓰으~~""하면서 되도 않는 영어 쓰시며 주시더라 식대지불한 음식이라도 제대로 주면 다른건 상관없는데 외국인들은 고기 상태 좋은쪽 곱게 썰어서 주고 한국인 테이블엔 고기 잔 부스레기 +비계 잔뜩 외국인들 대접해주는건 좋게 보이는데 기존 다니던 손님 음식은 개밥처럼 주고..정 떨어져서 가기 싫어짐 칼국수 국물은 주다말은것처럼 주신다 칼국수 이렇게 맛없게 끓이는것도 재능이고 배추랑 고기 맛있음 서빙하는 아줌마 손님이 추가주문 하면 허공에 외치고 그리 바쁜데 다른 인력들이 그게 들릴리 없음 .가져다주는지 눈치 좀 보다가 아줌마가 가져다 주시던데 웃기심",요즘 세상에 웨이팅 장부 없는 가게이고 차량 대로변에 다른가게 피해가게 줄 세워놓는 가게도 처음본다 가게 입구에 안내문 붙여놓지 손님끼리 기다리는법 서로 물어봄 사장이 외국인을 애정하시는지 식사 중 왔던 유럽인 일본인에게는 계란부친거 써뷔쓰으 TILDE 하면서 되도 않는 영어 쓰시며 주시더라 식대지불한 음식이라도 제대로 주면 다른건 상관없는데 외국인들은 고기 상태 좋은쪽 곱게 썰어서 주고 한국인 테이블엔 고기 잔 부스레기 비계 잔뜩 외국인들 대접해주는건 좋게 보이는데 기존 다니던 손님 음식은 개밥처럼 주고 정 떨어져서 가기 싫어짐 칼국수 국물은 주다말은것처럼 주신다 칼국수 이렇게 맛없게 끓이는것도 재능이고 배추랑 고기 맛있음 서빙하는 아줌마 손님이 추가주문 하면 허공에 외치고 그리 바쁜데 다른 인력들이 그게 들릴리 없음 가져다주는지 눈치 좀 보다가 아줌마가 가져다 주시던데 웃기심,0,0,0,0,0,0,0,441,테이블
kakao,홍대 조선시대,도형,1.0,2026-03-02,,,음식도 맛있고 분위기도 좋아서 만족스러웠어요. 직원분들도 친절해서 기분 좋게 식사할 수 있었습니다. 다음에 또 방문하고 싶은 맛집이에요 😊,77,True,5.0,5.0,브론즈 레벨,음식도 맛있고 분위기도 좋아서 만족스러웠어요. 직원분들도 친절해서 기분 좋게 식사할 수 있었습니다. 다음에 또 방문하고 싶은 맛집이에요 😊,음식도 맛있고 분위기도 좋아서 만족스러웠어요 직원분들도 친절해서 기분 좋게 식사할 수 있었습니다 다음에 또 방문하고 싶은 맛집이에요 EMO_POS,1,0,0,0,0,0,0,77,분위기
kakao,소문난성수감자탕,Elizabeth J,13.0,2025-12-05,,,"다시는 안갈래요. 친구랑 갔는데 직원 한 분 응대하는 태도가 너무너무 무안하고 기분 나빴어요. 감자국이랑 감자탕 중에 뭐 시킬지 고민하는중에 직원 한 분이 빨리 시키라는 식으로 재촉하고... 아직 시키지도 않았는데 n번 테이블 잘못나왔잖아~ 면박주고...ㅋㅋㅋㅠ 아니 주문 실수 본인이 해놓고 왜 혼내세요ㅠㅠㅠ 우거지랑 일반 중에 고민하니까 ""메뉴 정확히 말하세요"" 짜증내고....웨이팅 없이 먹어서 다행이었지 웨이팅까지 했음 억울해 미칠뻔ㅎㅎ +)간 거 인증요 하 진짜 딴 데 가서 먹을걸ㅠ 딱히 고기 실하거나 하지도 않고....^_^....",304,False,1.0,4.3,실버 레벨,"다시는 안갈래요. 친구랑 갔는데 직원 한 분 응대하는 태도가 너무너무 무안하고 기분 나빴어요. 감자국이랑 감자탕 중에 뭐 시킬지 고민하는중에 직원 한 분이 빨리 시키라는 식으로 재촉하고... 아직 시키지도 않았는데 n번 테이블 잘못나왔잖아~ 면박주고...ㅋㅋㅋㅠ 아니 주문 실수 본인이 해놓고 왜 혼내세요ㅠㅠㅠ 우거지랑 일반 중에 고민하니까 ""메뉴 정확히 말하세요"" 짜증내고....웨이팅 없이 먹어서 다행이었지 웨이팅까지 했음 억울해 미칠뻔ㅎㅎ +)간 거 인증요 하 진짜 딴 데 가서 먹을걸ㅠ 딱히 고기 실하거나 하지도 않고....^_^....",다시는 안갈래요 친구랑 갔는데 직원 한 분 응대하는 태도가 너무너무 무안하고 기분 나빴어요 감자국이랑 감자탕 중에 뭐 시킬지 고민하는중에 직원 한 분이 빨리 시키라는 식으로 재촉하고 아직 시키지도 않았는데 n번 테이블 잘못나왔잖아 면박주고 아니 주문 실수 본인이 해놓고 왜 혼내세요 우거지랑 일반 중에 고민하니까 메뉴 정확히 말하세요 짜증내고 웨이팅 없이 먹어서 다행이었지 웨이팅까지 했음 억울해 미칠뻔 간 거 인증요 하 진짜 딴 데 가서 먹을걸 딱히 고기 실하거나 하지도 않고 _,0,0,0,1,0,0,0,304,테이블
naver,옥동식,NRSA,259.0,2025.12.24,1번째 방문,영수증,흑백요리사보고 자주가던 합정에서 드디어 가본 옥동식! ㅎㅎ 캐치테이블로 웨이팅하고 오래기다렸지만 너무너무너무 국물이 끝내주고 고기도 맛있고 ㅎㅎ 국밥이지만 밥알이 퍼지지않아서 너무 맛있었어요!!!,109,True,,,,흑백요리사보고 자주가던 합정에서 드디어 가본 옥동식! ㅎㅎ 캐치테이블로 웨이팅하고 오래기다렸지만 너무너무너무 국물이 끝내주고 고기도 맛있고 ㅎㅎ 국밥이지만 밥알이 퍼지지않아서 너무 맛있었어요!!!,흑백요리사보고 자주가던 합정에서 드디어 가본 옥동식 EXCLAM 캐치테이블로 웨이팅하고 오래기다렸지만 너무너무너무 국물이 끝내주고 고기도 맛있고 국밥이지만 밥알이 퍼지지않아서 너무 맛있었어요 EXCLAM,0,0,0,0,1,0,0,109,테이블
naver,각시보쌈,brown28,1771.0,2025.12.22,2번째 방문,영수증,가성비 좋은 보쌈정식이 입소문을 타고 많이 알려져 점심 피크시간대엔 대기가 필수인 인기 보쌈집입니다.. 점심특선 각시보쌈정식이 1만원인데.. 양도 정말 푸짐하고 맛도 참 괜찮고 아주 만족스러운 한끼를 먹을수 있습니다.. 보쌈 고기는 부드러운 가브리살 부위고 보쌈고기가 1인분씩 각자 별도로 제공 되 위생적이기도 하고 모호한 양이 아닌 일정하게 정량이 제공되는 것도 큰 장점 입니다.. 그리고 함께 제공되는 오가리찌개란 이름의 참치김치찌개도 맛이 아주 괜찮습니다.. 가성비 좋고 음식맛도 괜찮고 직원분들도 친절해서 자주 찾게 되는 보쌈집입니다..,304,True,,,,가성비 좋은 보쌈정식이 입소문을 타고 많이 알려져 점심 피크시간대엔 대기가 필수인 인기 보쌈집입니다.. 점심특선 각시보쌈정식이 1만원인데.. 양도 정말 푸짐하고 맛도 참 괜찮고 아주 만족스러운 한끼를 먹을수 있습니다.. 보쌈 고기는 부드러운 가브리살 부위고 보쌈고기가 1인분씩 각자 별도로 제공 되 위생적이기도 하고 모호한 양이 아닌 일정하게 정량이 제공되는 것도 큰 장점 입니다.. 그리고 함께 제공되는 오가리찌개란 이름의 참치김치찌개도 맛이 아주 괜찮습니다.. 가성비 좋고 음식맛도 괜찮고 직원분들도 친절해서 자주 찾게 되는 보쌈집입니다..,가성비 좋은 보쌈정식이 입소문을 타고 많이 알려져 점심 피크시간대엔 대기가 필수인 인기 보쌈집입니다 점심특선 각시보쌈정식이 1만원인데 양도 정말 푸짐하고 맛도 참 괜찮고 아주 만족스러운 한끼를 먹을수 있습니다 보쌈 고기는 부드러운 가브리살 부위고 보쌈고기가 1인분씩 각자 별도로 제공 되 위생적이기도 하고 모호한 양이 아닌 일정하게 정량이 제공되는 것도 큰 장점 입니다 그리고 함께 제공되는 오가리찌개란 이름의 참치김치찌개도 맛이 아주 괜찮습니다 가성비 좋고 음식맛도 괜찮고 직원분들도 친절해서 자주 찾게 되는 보쌈집입니다,0,0,0,0,0,0,1,304,위생
naver,옥동식,베키박,199.0,2025.11.25,1번째 방문,영수증,"평일 오픈할때 방문하였고, 대기번호는 10번, 웨이팅은 30분 정도 했습니다. 큰 기대없이 너무 유명한 곳이라서 방문했는데… 너무 맛있네요… 곰탕 너무 깔끔하고, 곰탕에 있는 고기도 맛있어요! 고추지는 한입 먹을때마다 조금 올려 먹으면 매콤한게 중독성 있어요! 김치도 깔끔하고, 맥주도 맛있습니다 :)",168,True,,,,"평일 오픈할때 방문하였고, 대기번호는 10번, 웨이팅은 30분 정도 했습니다. 큰 기대없이 너무 유명한 곳이라서 방문했는데… 너무 맛있네요… 곰탕 너무 깔끔하고, 곰탕에 있는 고기도 맛있어요! 고추지는 한입 먹을때마다 조금 올려 먹으면 매콤한게 중독성 있어요! 김치도 깔끔하고, 맥주도 맛있습니다 :)",평일 오픈할때 방문하였고 대기번호는 10번 웨이팅은 30분 정도 했습니다 큰 기대없이 너무 유명한 곳이라서 방문했는데 너무 맛있네요 곰탕 너무 깔끔하고 곰탕에 있는 고기도 맛있어요 EXCLAM 고추지는 한입 먹을때마다 조금 올려 먹으면 매콤한게 중독성 있어요 EXCLAM 김치도 깔끔하고 맥주도 맛있습니다,0,0,0,0,1,0,1,168,깔끔
naver,황금콩밭,비도그,948.0,2026.02.21,2번째 방문,영수증,"저녁에 방문. 콩밭정찬 주문. 두부전문점으로서 내놓는 코스요리. 🔸️ 식전입가심으로 블루베리+두부를 갈아 만든 두유죽 비슷한 게 먼저 나옴. 이어 샐러드~생두부~호박전·동태전~가자미찜~돼지수육~냄비두부 순으로 차려짐. 🔸️ 샐러드 야채 신선. 쥐눈이콩 같은게 들어 있음. 생두부 조흠. 동태전은 가시 발라내느라 번잡. 가자미찜은 식었고 딱딱함. 뱃속에 알. 돼지수육은 부드럽고 잡내 없이 훌륭. 냄비두부찌개는 지나치게 짜고 달아 그저그런.. 전체적으로 가성비 저조⚠️ 🔸️ 어느 음식점이나 저녁에 가면 점심 때보다 조리 질 떨어지는 걸 느낌. 오늘 여기도 그럼. 🔸️ 저녁엔 접객도 힘들어지는 시간. 사장님,이모님들 모두 피곤해 보이고 힘겹게 손님 응대하는 인상. 🔸️ 주차 집앞 길거리에 했다간 불법딱지 주의〰️",399,True,,,,"저녁에 방문. 콩밭정찬 주문. 두부전문점으로서 내놓는 코스요리. 🔸️ 식전입가심으로 블루베리+두부를 갈아 만든 두유죽 비슷한 게 먼저 나옴. 이어 샐러드~생두부~호박전·동태전~가자미찜~돼지수육~냄비두부 순으로 차려짐. 🔸️ 샐러드 야채 신선. 쥐눈이콩 같은게 들어 있음. 생두부 조흠. 동태전은 가시 발라내느라 번잡. 가자미찜은 식었고 딱딱함. 뱃속에 알. 돼지수육은 부드럽고 잡내 없이 훌륭. 냄비두부찌개는 지나치게 짜고 달아 그저그런.. 전체적으로 가성비 저조⚠️ 🔸️ 어느 음식점이나 저녁에 가면 점심 때보다 조리 질 떨어지는 걸 느낌. 오늘 여기도 그럼. 🔸️ 저녁엔 접객도 힘들어지는 시간. 사장님,이모님들 모두 피곤해 보이고 힘겹게 손님 응대하는 인상. 🔸️ 주차 집앞 길거리에 했다간 불법딱지 주의〰️",저녁에 방문 콩밭정찬 주문 두부전문점으로서 내놓는 코스요리 식전입가심으로 블루베리 두부를 갈아 만든 두유죽 비슷한 게 먼저 나옴 이어 샐러드 생두부 호박전 동태전 가자미찜 돼지수육 냄비두부 순으로 차려짐 샐러드 야채 신선 쥐눈이콩 같은게 들어 있음 생두부 조흠 동태전은 가시 발라내느라 번잡 가자미찜은 식었고 딱딱함 뱃속에 알 돼지수육은 부드럽고 잡내 없이 훌륭 냄비두부찌개는 지나치게 짜고 달아 그저그런 전체적으로 가성비 저조 어느 음식점이나 저녁에 가면 점심 때보다 조리 질 떨어지는 걸 느낌 오늘 여기도 그럼 저녁엔 접객도 힘들어지는 시간 사장님 이모님들 모두 피곤해 보이고 힘겹게 손님 응대하는 인상 주차 집앞 길거리에 했다간 불법딱지 주의,0,0,0,0,0,0,0,399,주차
naver,육산장 홍대본점,나는리아,41.0,2026.04.26,1번째 방문,영수증,글램핑 분위기에 고기도 맛있어서 좋아요~~,23,True,,,,글램핑 분위기에 고기도 맛있어서 좋아요~~,글램핑 분위기에 고기도 맛있어서 좋아요 TILDE,0,0,0,0,0,0,0,23,분위기
kakao,육산장 홍대본점,abcd,1.0,2026-02-16,,,캠핑장 온 분위기에 고기도 부드러워서 맛있었어요! 강아지도 올 수 있는 애견 동반 식당이라서 강아지 데려왔는데 조용하고 분위기가 좋아서 편하게 식사하고 왔습니다. 다음에도 홍대 고기먹으러오면 여기 무조건 또 오려구요!!👍👍,124,True,5.0,5.0,브론즈 레벨,캠핑장 온 분위기에 고기도 부드러워서 맛있었어요! 강아지도 올 수 있는 애견 동반 식당이라서 강아지 데려왔는데 조용하고 분위기가 좋아서 편하게 식사하고 왔습니다. 다음에도 홍대 고기먹으러오면 여기 무조건 또 오려구요!!👍👍,캠핑장 온 분위기에 고기도 부드러워서 맛있었어요 EXCLAM 강아지도 올 수 있는 애견 동반 식당이라서 강아지 데려왔는데 조용하고 분위기가 좋아서 편하게 식사하고 왔습니다 다음에도 홍대 고기먹으러오면 여기 무조건 또 오려구요 EXCLAM EMO_POS EMO_POS,1,0,0,0,1,0,0,124,"분위기, 조용"
kakao,육산장 홍대본점,이종명,2.0,2025-04-19,,,분위기 좋아요!! 캠핑하러 멀리 안가도 되겠네요 ㅎㅎㅎ 직원분들도 친절!,40,True,5.0,3.0,브론즈 레벨,분위기 좋아요!! 캠핑하러 멀리 안가도 되겠네요 ㅎㅎㅎ 직원분들도 친절!,분위기 좋아요 EXCLAM 캠핑하러 멀리 안가도 되겠네요 직원분들도 친절 EXCLAM,0,0,0,0,1,0,0,40,분위기
naver,마포양지설렁탕,waikikibeach,537.0,2026.04.19,1번째 방문,영수증,"설렁탕14,000원/주차는 매장입구에 가능해요. 국내산이라 부드럽고 파김치,배추김치,깍두기 모두 맛있어요!",59,True,,,,"설렁탕14,000원/주차는 매장입구에 가능해요. 국내산이라 부드럽고 파김치,배추김치,깍두기 모두 맛있어요!",설렁탕14 000원 주차는 매장입구에 가능해요 국내산이라 부드럽고 파김치 배추김치 깍두기 모두 맛있어요 EXCLAM,0,0,0,0,1,0,1,59,"매장, 주차"
naver,육산장 홍대본점,수빈586,28.0,2026.04.27,1번째 방문,영수증,분위기가 미쳤어용!!! 캠핑 야장 분위기 뿜뿜이고 고기도 너무 맛있어용 데이트나 모임하기 모듀 좋아용💖,57,True,,,,분위기가 미쳤어용!!! 캠핑 야장 분위기 뿜뿜이고 고기도 너무 맛있어용 데이트나 모임하기 모듀 좋아용💖,분위기가 미쳤어용 EXCLAM 캠핑 야장 분위기 뿜뿜이고 고기도 너무 맛있어용 데이트나 모임하기 모듀 좋아용 EMO_POS,1,0,0,0,1,0,0,57,"분위기, 데이트"
naver,뼈탄집 성수역점,수조이74,3.0,2026.04.10,1번째 방문,영수증,매장이 넓고 인기가 많아요~ 음식이 맛있습니다!,26,True,,,,매장이 넓고 인기가 많아요~ 음식이 맛있습니다!,매장이 넓고 인기가 많아요 음식이 맛있습니다 EXCLAM,0,0,0,0,1,0,0,26,"매장, 넓"
naver,뼈탄집 성수역점,은강7,63.0,2026.03.20,1번째 방문,영수증,매장도 넓고 직원분들도 친절하고 무엇보다 고기가 기똥찹니다 이런 고깃집을 칮아다녔는데 드디어 찾았습니다😄😄,59,True,,,,매장도 넓고 직원분들도 친절하고 무엇보다 고기가 기똥찹니다 이런 고깃집을 칮아다녔는데 드디어 찾았습니다😄😄,매장도 넓고 직원분들도 친절하고 무엇보다 고기가 기똥찹니다 이런 고깃집을 칮아다녔는데 드디어 찾았습니다 EMO_POS EMO_POS,1,0,0,0,0,0,0,59,"매장, 넓"
kakao,홍대 조선시대,솔직한 맛집 평가,993.0,2026-01-13,,,"들어오는 순간 조선시대로 타임슬립! 한약방, 화방, 포도청까지… 전 구역이 포토존📸 썸남썸녀라면 포도청 감옥 테이블은 무조건 추천💘 오늘부터 1일각…? 😉 🍲 원기회복 부대찌개 햄+소시지 조화 미쳤다… 국물 맛보고 놀람🤤 🍓🥭 수제 딸기,망고 막걸리 달달한데 깔끔! 막걸리 맛집은 바로 여기💯 노래 신청 가능🎶 게임 종류 미쳤음 (테이블 대결게임은 진짜 심장쫄깃…) 직원분들 너무 친절해서 감동… 여긴 서비스 맛집 인정 The moment comes in, time slip to the Joseon Dynasty! Herbal medicine shops, art shops, even police offices... The entire area is a photo zone📸 If it's a potential boyfriend or a potential girlfriend, then the prison table at the police station is... I unconditionally recommend it💘 From today, one day...? 😉 🍲 energy recovery budae jjigae The combination of ham and sausage is insane... Surprised by tasting the soup🤤 🍓🥭 handmade strawberries, mango makgeolli It's sweet but clean! The best makgeolli restaurant is right here💯 Can you request a song🎶 The game type is insane. Table duel games are really heart-pounding... The staff are so kind that I'm touched... This is a recognized restaurant with great service. 入ってきた瞬間、朝鮮時代にタイムスリップ! 漢方薬局、画材店、捕盗庁まで... 全区域がフォトゾーン📸 気になる男女なら、捕盗庁の監獄テーブルは 絶対おすすめ💘 今日から1日か...?😉 🍲元気回復プデチゲ ハム+ソーセージの調和がおかしい... スープを味わって驚🤤 🍓🥭手作りイチゴ、マンゴーマッコリ 甘いけどさっぱり!マッコリのおいしい店はここ💯 歌のリクエスト可能🎶 ゲームの種類、やばい。 (テーブル対決ゲームは本当に心臓がドキドキする...) スタッフの皆さん、とても親切で感動... ここはサービスグルメ店認定。 进入 的瞬间,仿佛穿越到了朝鲜时代! 中药房、花房、葡萄厅...... 整个区域都是拍照区📸 如果是暧昧男暧昧女的话，葡萄厅监狱的桌子 绝对推荐💘 从今天开始只剩一天时间......😉 🍲元气恢复部队锅 火腿 + 香肠的搭配太疯狂了...... 尝完汤后感到很惊讶🤤 🍓🥭手工草莓、芒果米酒 甜甜的,而且很清爽!米酒美食店就在这里💯 可以点歌🎶 游戏种类疯了 (桌面对决游戏真的让人心跳加速...) 职员们太亲切了，我很感动... 这里是服务美食店",1440,True,5.0,3.9,블루 레벨,"들어오는 순간 조선시대로 타임슬립! 한약방, 화방, 포도청까지… 전 구역이 포토존📸 썸남썸녀라면 포도청 감옥 테이블은 무조건 추천💘 오늘부터 1일각…? 😉 🍲 원기회복 부대찌개 햄+소시지 조화 미쳤다… 국물 맛보고 놀람🤤 🍓🥭 수제 딸기,망고 막걸리 달달한데 깔끔! 막걸리 맛집은 바로 여기💯 노래 신청 가능🎶 게임 종류 미쳤음 (테이블 대결게임은 진짜 심장쫄깃…) 직원분들 너무 친절해서 감동… 여긴 서비스 맛집 인정 The moment comes in, time slip to the Joseon Dynasty! Herbal medicine shops, art shops, even police offices... The entire area is a photo zone📸 If it's a potential boyfriend or a potential girlfriend, then the prison table at the police station is... I unconditionally recommend it💘 From today, one day...? 😉 🍲 energy recovery budae jjigae The combination of ham and sausage is insane... Surprised by tasting the soup🤤 🍓🥭 handmade strawberries, mango makgeolli It's sweet but clean! The best makgeolli restaurant is right here💯 Can you request a song🎶 The game type is insane. Table duel games are really heart-pounding... The staff are so kind that I'm touched... This is a recognized restaurant with great service. 入ってきた瞬間、朝鮮時代にタイムスリップ! 漢方薬局、画材店、捕盗庁まで... 全区域がフォトゾーン📸 気になる男女なら、捕盗庁の監獄テーブルは 絶対おすすめ💘 今日から1日か...?😉 🍲元気回復プデチゲ ハム+ソーセージの調和がおかしい... スープを味わって驚🤤 🍓🥭手作りイチゴ、マンゴーマッコリ 甘いけどさっぱり!マッコリのおいしい店はここ💯 歌のリクエスト可能🎶 ゲームの種類、やばい。 (テーブル対決ゲームは本当に心臓がドキドキする...) スタッフの皆さん、とても親切で感動... ここはサービスグルメ店認定。 进入 的瞬间,仿佛穿越到了朝鲜时代! 中药房、花房、葡萄厅...... 整个区域都是拍照区📸 如果是暧昧男暧昧女的话，葡萄厅监狱的桌子 绝对推荐💘 从今天开始只剩一天时间......😉 🍲元气恢复部队锅 火腿 + 香肠的搭配太疯狂了...... 尝完汤后感到很惊讶🤤 🍓🥭手工草莓、芒果米酒 甜甜的,而且很清爽!米酒美食店就在这里💯 可以点歌🎶 游戏种类疯了 (桌面对决游戏真的让人心跳加速...) 职员们太亲切了，我很感动... 这里是服务美食店",들어오는 순간 조선시대로 타임슬립 EXCLAM 한약방 화방 포도청까지 전 구역이 포토존 썸남썸녀라면 포도청 감옥 테이블은 무조건 추천 EMO_POS 오늘부터 1일각 QUESTION 원기회복 부대찌개 햄 소시지 조화 미쳤다 국물 맛보고 놀람 수제 딸기 망고 막걸리 달달한데 깔끔 EXCLAM 막걸리 맛집은 바로 여기 EMO_POS 노래 신청 가능 게임 종류 미쳤음 테이블 대결게임은 진짜 심장쫄깃 직원분들 너무 친절해서 감동 여긴 서비스 맛집 인정 The moment comes in time slip to the Joseon Dynasty EXCLAM Herbal medicine shops art shops even police offices The entire area is a photo zone If it s a potential boyfriend or a potential girlfriend then the prison table at the police station is I unconditionally recommend it EMO_POS From today one day QUESTION energy recovery budae jjigae The combination of ham and sausage is insane Surprised by tasting the soup handmade strawberries mango makgeolli It s sweet but clean EXCLAM The best makgeolli restaurant is right here EMO_POS Can you request a song The game type is insane Table duel games are really heart pounding The staff are so kind that I m touched This is a recognized restaurant with great service EXCLAM EMO_POS 1 QUESTION EXCLAM EMO_POS EXCLAM EMO_POS EXCLAM EMO_POS,1,0,0,0,1,1,1,1440,"테이블, 깔끔"
naver,락희옥 마포본점,UchelinGuide,179.0,2025.05.10,1번째 방문,영수증,콜키지 프리가 정말 큰 장점 같습니다. 매장 분위기도 조용하고 차분해요. 천천히 주류와 함께 음식을 즐기기에 정말 좋은 식당입니다. 전혀 가격이 아깝지 않고 좋은 날에 재방문하고 싶어요! 😋😋😋😋😋,110,True,,,,콜키지 프리가 정말 큰 장점 같습니다. 매장 분위기도 조용하고 차분해요. 천천히 주류와 함께 음식을 즐기기에 정말 좋은 식당입니다. 전혀 가격이 아깝지 않고 좋은 날에 재방문하고 싶어요! 😋😋😋😋😋,콜키지 프리가 정말 큰 장점 같습니다 매장 분위기도 조용하고 차분해요 천천히 주류와 함께 음식을 즐기기에 정말 좋은 식당입니다 전혀 가격이 아깝지 않고 좋은 날에 재방문하고 싶어요 EXCLAM EMO_POS EMO_POS EMO_POS EMO_POS EMO_POS,1,0,0,0,1,0,0,110,"분위기, 매장, 조용, 차분"
naver,뼈탄집 성수역점,제발도와주세요,24.0,2026.02.09,1번째 방문,영수증,"그냥 말뭐 고기 퀄리티,음식 깔끔함 너무 정갈하고 맛집이네요 모두들 한 번 오시지 마시고 두 번 세 번 오셔요!!!!",65,True,,,,"그냥 말뭐 고기 퀄리티,음식 깔끔함 너무 정갈하고 맛집이네요 모두들 한 번 오시지 마시고 두 번 세 번 오셔요!!!!",그냥 말뭐 고기 퀄리티 음식 깔끔함 너무 정갈하고 맛집이네요 모두들 한 번 오시지 마시고 두 번 세 번 오셔요 EXCLAM,0,0,0,0,1,0,0,65,깔끔
kakao,소문난성수감자탕,키티,564.0,2025-04-07,,,볶음밥 맛있음 위생 좀 별로인듯 그리고 전체적으로 너무 짜요 소스도 짜고..,42,False,3.0,4.1,골드 레벨,볶음밥 맛있음 위생 좀 별로인듯 그리고 전체적으로 너무 짜요 소스도 짜고..,볶음밥 맛있음 위생 좀 별로인듯 그리고 전체적으로 너무 짜요 소스도 짜고,0,0,0,0,0,0,0,42,위생
naver,조선시대,별에서온별이1,108.0,2026.03.30,2번째 방문,영수증,분위기 좋아요!!,9,True,,,,분위기 좋아요!!,분위기 좋아요 EXCLAM,0,0,0,0,1,0,0,9,분위기
naver,소문난성수감자탕,백수인,1607.0,2025.10.07,9번째 방문,영수증,저는 더 이상 성수 감자탕을 추천하지 않습니다. 대체할 곳도 있을뿐더러 가격도 예전만 매력적이지 않고 뼈다귀도 질이 떨어졌습니다. 정신없는 분위기에 서비스는 커녕 공장에서 물건 찍듯이 손님들 내보내는 느낌까지 듭니다 성수동은 길에 사람들이 어마어마하게 많네요. 성수가 이리 뜬 게 지금도 신기합니다. 예전 임장 다닐 때 연무장길 평당 5천 정도여서 이 구린 동네가 뭐 이리 비싸냐며 딴 동네로 눈을 돌렸었는데 지금은 평당 4억 달라네요 ㅋㅋㅋㅋ 당시 투자 관련 전문가들 성수동 추천하는 사람 단 한 명도 없었어요. 진짜 세상 아무도 모릅니다.,303,True,,,,저는 더 이상 성수 감자탕을 추천하지 않습니다. 대체할 곳도 있을뿐더러 가격도 예전만 매력적이지 않고 뼈다귀도 질이 떨어졌습니다. 정신없는 분위기에 서비스는 커녕 공장에서 물건 찍듯이 손님들 내보내는 느낌까지 듭니다 성수동은 길에 사람들이 어마어마하게 많네요. 성수가 이리 뜬 게 지금도 신기합니다. 예전 임장 다닐 때 연무장길 평당 5천 정도여서 이 구린 동네가 뭐 이리 비싸냐며 딴 동네로 눈을 돌렸었는데 지금은 평당 4억 달라네요 ㅋㅋㅋㅋ 당시 투자 관련 전문가들 성수동 추천하는 사람 단 한 명도 없었어요. 진짜 세상 아무도 모릅니다.,저는 더 이상 성수 감자탕을 추천하지 않습니다 대체할 곳도 있을뿐더러 가격도 예전만 매력적이지 않고 뼈다귀도 질이 떨어졌습니다 정신없는 분위기에 서비스는 커녕 공장에서 물건 찍듯이 손님들 내보내는 느낌까지 듭니다 성수동은 길에 사람들이 어마어마하게 많네요 성수가 이리 뜬 게 지금도 신기합니다 예전 임장 다닐 때 연무장길 평당 5천 정도여서 이 구린 동네가 뭐 이리 비싸냐며 딴 동네로 눈을 돌렸었는데 지금은 평당 4억 달라네요 당시 투자 관련 전문가들 성수동 추천하는 사람 단 한 명도 없었어요 진짜 세상 아무도 모릅니다,0,0,0,0,0,0,1,303,분위기
kakao,뼈탄집 성수역점,김성욱,1.0,2026-01-03,,,분위기좋고 맛있어요 강추합니당 앞으로자주이용할듯!!! 반찬 존맛탱,36,True,5.0,5.0,브론즈 레벨,분위기좋고 맛있어요 강추합니당 앞으로자주이용할듯!!! 반찬 존맛탱,분위기좋고 맛있어요 강추합니당 앞으로자주이용할듯 EXCLAM 반찬 존맛탱,0,0,0,0,1,0,0,36,분위기
kakao,홍대 조선시대,🪽,2.0,2026-03-22,,,홍대 올 때마다 오는 것 같은데 올 때마다 맛있고 분위기 좋아용 최고 👍😋,41,True,5.0,5.0,브론즈 레벨,홍대 올 때마다 오는 것 같은데 올 때마다 맛있고 분위기 좋아용 최고 👍😋,홍대 올 때마다 오는 것 같은데 올 때마다 맛있고 분위기 좋아용 최고 EMO_POS EMO_POS,1,0,0,0,0,0,0,41,분위기
kakao,홍대 조선시대,이지송,2.0,2026-05-01,,,처음와봤는데 안주도맛있고 분위기도 좋아요!,23,True,5.0,3.0,브론즈 레벨,처음와봤는데 안주도맛있고 분위기도 좋아요!,처음와봤는데 안주도맛있고 분위기도 좋아요 EXCLAM,0,0,0,0,1,0,0,23,분위기
naver,조선시대,Hanjuul,26.0,2026.03.14,1번째 방문,영수증,음식이 맛있고 분위기가 독특해요 추천합니다,23,True,,,,음식이 맛있고 분위기가 독특해요 추천합니다,음식이 맛있고 분위기가 독특해요 추천합니다,0,0,0,0,0,0,0,23,분위기
naver,락희옥 마포본점,미식가 돼지보스,238.0,2025.04.20,1번째 방문,영수증,"오늘의 불고기로드는 락희옥! 일단 첫 인상은 무지 깔끔하고 친절하다 였는데 음식 나오고는 행복으로 가득해졌다! 불고기 맛있게 다 구워주셔서 편했고, 메밀전병은 살짝 매콤한 정도라 굿! 김치말이밥은 애인픽인데 짱 시원하고 술을 부르는 맛이었다ㅋㅋ 된찌가 완전 내 취향이었는데, 야채 푸짐하게 들어있어서 만족만족... 아니 보통 메인만 쑉 먹고 나오기 마련인데 다른 것들도 구성이 너무 괜찮아서 이것저것 먹느라 배가 터져버림ㅋㅋ 널찍하게 주차도 됨! 진짜 돈값 하는 집...! 휴 또오겠습니다... 그때는 반주로!☺️",287,True,,,,"오늘의 불고기로드는 락희옥! 일단 첫 인상은 무지 깔끔하고 친절하다 였는데 음식 나오고는 행복으로 가득해졌다! 불고기 맛있게 다 구워주셔서 편했고, 메밀전병은 살짝 매콤한 정도라 굿! 김치말이밥은 애인픽인데 짱 시원하고 술을 부르는 맛이었다ㅋㅋ 된찌가 완전 내 취향이었는데, 야채 푸짐하게 들어있어서 만족만족... 아니 보통 메인만 쑉 먹고 나오기 마련인데 다른 것들도 구성이 너무 괜찮아서 이것저것 먹느라 배가 터져버림ㅋㅋ 널찍하게 주차도 됨! 진짜 돈값 하는 집...! 휴 또오겠습니다... 그때는 반주로!☺️",오늘의 불고기로드는 락희옥 EXCLAM 일단 첫 인상은 무지 깔끔하고 친절하다 였는데 음식 나오고는 행복으로 가득해졌다 EXCLAM 불고기 맛있게 다 구워주셔서 편했고 메밀전병은 살짝 매콤한 정도라 굿 EXCLAM 김치말이밥은 애인픽인데 짱 시원하고 술을 부르는 맛이었다 된찌가 완전 내 취향이었는데 야채 푸짐하게 들어있어서 만족만족 아니 보통 메인만 쑉 먹고 나오기 마련인데 다른 것들도 구성이 너무 괜찮아서 이것저것 먹느라 배가 터져버림 널찍하게 주차도 됨 EXCLAM 진짜 돈값 하는 집 EXCLAM 휴 또오겠습니다 그때는 반주로 EXCLAM,0,0,0,0,1,0,0,287,"깔끔, 주차"
kakao,뼈탄집 성수역점,노은우,1.0,2026-03-18,,,일본에서 온 친구들이랑 특별한 시간을 보내고 싶어서 왔는데 깔끔하고 맛있어서 친구들도 크게 만족했어요!!,58,True,5.0,5.0,브론즈 레벨,일본에서 온 친구들이랑 특별한 시간을 보내고 싶어서 왔는데 깔끔하고 맛있어서 친구들도 크게 만족했어요!!,일본에서 온 친구들이랑 특별한 시간을 보내고 싶어서 왔는데 깔끔하고 맛있어서 친구들도 크게 만족했어요 EXCLAM,0,0,0,0,1,0,0,58,깔끔
naver,조선시대,illiliiili,19.0,2026.04.17,1번째 방문,영수증,분위기도 좋고 맛있어요 ㅎㅅㅎ🫶🏻🫶🏻,20,False,,,,분위기도 좋고 맛있어요 ㅎㅅㅎ🫶🏻🫶🏻,분위기도 좋고 맛있어요,0,0,0,0,0,0,0,20,분위기
naver,옥동식,용산 케즈만,26.0,2025.02.22,1번째 방문,영수증,"짜지 않고 잡내 없고 너무 뜨겁지도 않아서 먹기 좋았고, 반찬도 깔끔하게 김치만 있어서 남기는 스트레스가 없습니다. 성인 남성이면 보통 말고 특으로 드셔야 아쉬움이 없을 듯합니다.",100,True,,,,"짜지 않고 잡내 없고 너무 뜨겁지도 않아서 먹기 좋았고, 반찬도 깔끔하게 김치만 있어서 남기는 스트레스가 없습니다. 성인 남성이면 보통 말고 특으로 드셔야 아쉬움이 없을 듯합니다.",짜지 않고 잡내 없고 너무 뜨겁지도 않아서 먹기 좋았고 반찬도 깔끔하게 김치만 있어서 남기는 스트레스가 없습니다 성인 남성이면 보통 말고 특으로 드셔야 아쉬움이 없을 듯합니다,0,0,0,0,0,0,0,100,깔끔
naver,금금 성수점,쿠우3363,24.0,2026.03.22,1번째 방문,예약,내부 분위기도 좋고 깔끔하게 관리 잘 되었습니다. 제가 먹은 음식은 보리된장국수인데 음식도 짜지않고 맛있어요~^^,63,True,,,,내부 분위기도 좋고 깔끔하게 관리 잘 되었습니다. 제가 먹은 음식은 보리된장국수인데 음식도 짜지않고 맛있어요~^^,내부 분위기도 좋고 깔끔하게 관리 잘 되었습니다 제가 먹은 음식은 보리된장국수인데 음식도 짜지않고 맛있어요,0,0,0,0,0,0,0,63,"분위기, 내부, 깔끔"
naver,능동미나리 성수지점,roka00,545.0,2025.10.08,1번째 방문,영수증,"맛있어요~ 예전에 여의도에서 너무 맛있게 먹어서, 연휴에 성수동으로 찾아왔는데, 관광객들에게 엄청 인기가 많네요. ^^ 웨이팅 앞뒤 팀이나, 테이블 주변 팀이나 절반 이상이 일본 또는 중국 분들인 것 같네요. 마늘 가득한 기름장을 듬뿍 찍은 후 감태에 싸먹는 육회는 달콤, 고소한 맛을 균형감 있게 느낄 수 있고, 미나리무침을 곁들인 육전은 너무 부드러우면서도 육즙이 가득했습니다. 곰탕은 맑은 육수는 아니고, 고기 맛이 진한 육수입니다. 탕에 있는 고기도 너무 맛있었어요. 저는 임영웅님이 앉았던 자리에서 먹었습니다. 성수동이 핫플이어서인지 유명인들도 자주 찾는 것 같네요.",322,True,,,,"맛있어요~ 예전에 여의도에서 너무 맛있게 먹어서, 연휴에 성수동으로 찾아왔는데, 관광객들에게 엄청 인기가 많네요. ^^ 웨이팅 앞뒤 팀이나, 테이블 주변 팀이나 절반 이상이 일본 또는 중국 분들인 것 같네요. 마늘 가득한 기름장을 듬뿍 찍은 후 감태에 싸먹는 육회는 달콤, 고소한 맛을 균형감 있게 느낄 수 있고, 미나리무침을 곁들인 육전은 너무 부드러우면서도 육즙이 가득했습니다. 곰탕은 맑은 육수는 아니고, 고기 맛이 진한 육수입니다. 탕에 있는 고기도 너무 맛있었어요. 저는 임영웅님이 앉았던 자리에서 먹었습니다. 성수동이 핫플이어서인지 유명인들도 자주 찾는 것 같네요.",맛있어요 예전에 여의도에서 너무 맛있게 먹어서 연휴에 성수동으로 찾아왔는데 관광객들에게 엄청 인기가 많네요 웨이팅 앞뒤 팀이나 테이블 주변 팀이나 절반 이상이 일본 또는 중국 분들인 것 같네요 마늘 가득한 기름장을 듬뿍 찍은 후 감태에 싸먹는 육회는 달콤 고소한 맛을 균형감 있게 느낄 수 있고 미나리무침을 곁들인 육전은 너무 부드러우면서도 육즙이 가득했습니다 곰탕은 맑은 육수는 아니고 고기 맛이 진한 육수입니다 탕에 있는 고기도 너무 맛있었어요 저는 임영웅님이 앉았던 자리에서 먹었습니다 성수동이 핫플이어서인지 유명인들도 자주 찾는 것 같네요,0,0,0,0,0,0,0,322,"자리, 테이블"
kakao,뼈탄집 성수역점,서승희,1.0,2026-04-24,,,깔끔하고 고기도 맛있어요!!,15,True,5.0,5.0,브론즈 레벨,깔끔하고 고기도 맛있어요!!,깔끔하고 고기도 맛있어요 EXCLAM,0,0,0,0,1,0,0,15,깔끔
kakao,육지,아무말,3.0,2025-07-17,,,고기도 직접 구워주시고 가게 분위기가 좋아요!!👍🏻,28,True,5.0,5.0,브론즈 레벨,고기도 직접 구워주시고 가게 분위기가 좋아요!!👍🏻,고기도 직접 구워주시고 가게 분위기가 좋아요 EXCLAM EMO_POS,1,0,0,0,1,0,0,28,분위기
naver,홍대 육지,하하6781,39.0,2026.04.10,1번째 방문,영수증,캐치테이블 예약 후 방문해서 5분 대기 하고 방문 했습다! 고기 질도 좋고 너무 직원분들 친절해서 맛있게 먹구 나왔어용💗,67,True,,,,캐치테이블 예약 후 방문해서 5분 대기 하고 방문 했습다! 고기 질도 좋고 너무 직원분들 친절해서 맛있게 먹구 나왔어용💗,캐치테이블 예약 후 방문해서 5분 대기 하고 방문 했습다 EXCLAM 고기 질도 좋고 너무 직원분들 친절해서 맛있게 먹구 나왔어용 EMO_POS,1,0,0,0,1,0,1,67,테이블
naver,육산장 홍대본점,Qwe78900,19.0,2026.03.29,1번째 방문,영수증,야장 분위기도 좋고 !!!! 맛도 있어요!!!,25,True,,,,야장 분위기도 좋고 !!!! 맛도 있어요!!!,야장 분위기도 좋고 EXCLAM 맛도 있어요 EXCLAM,0,0,0,0,1,0,0,25,분위기
kakao,육산장 홍대본점,쨘슐랭,100.0,2026-03-23,,,26.03.23 따뜻한 분위기 좋음 술이 술술들어감 고기맛은 평범함 한번쯤은 가기좋음 재방문의사 : ⭐️⭐️,60,True,3.0,3.4,골드 레벨,26.03.23 따뜻한 분위기 좋음 술이 술술들어감 고기맛은 평범함 한번쯤은 가기좋음 재방문의사 : ⭐️⭐️,26 03 23 따뜻한 분위기 좋음 술이 술술들어감 고기맛은 평범함 한번쯤은 가기좋음 재방문의사,0,0,0,0,0,0,1,60,분위기
naver,육산장 홍대본점,땅기,25.0,2026.04.12,1번째 방문,영수증,캠핑장분위기에 야외에서 구워먹는고기가 너무맛있습니다. 분위기 좋고 고기도맛있고 인테리어가 너무 좋아요. 다음에도 꼭 방문예정입니다! 홍대오시면 여기추천,84,True,,,,캠핑장분위기에 야외에서 구워먹는고기가 너무맛있습니다. 분위기 좋고 고기도맛있고 인테리어가 너무 좋아요. 다음에도 꼭 방문예정입니다! 홍대오시면 여기추천,캠핑장분위기에 야외에서 구워먹는고기가 너무맛있습니다 분위기 좋고 고기도맛있고 인테리어가 너무 좋아요 다음에도 꼭 방문예정입니다 EXCLAM 홍대오시면 여기추천,0,0,0,0,1,0,0,84,"분위기, 인테리어"
kakao,홍대 조선시대,배선희,1.0,2026-02-06,,,직원분들도 친절하시고 양도 많고 맛도 좋았어서 다음에도 또 오고싶은 곳이였고 안에 인테리어나 분위기도 엄청 좋았어요! 다들 홍대 조선시대 많이 와주세요,84,False,5.0,5.0,브론즈 레벨,직원분들도 친절하시고 양도 많고 맛도 좋았어서 다음에도 또 오고싶은 곳이였고 안에 인테리어나 분위기도 엄청 좋았어요! 다들 홍대 조선시대 많이 와주세요,직원분들도 친절하시고 양도 많고 맛도 좋았어서 다음에도 또 오고싶은 곳이였고 안에 인테리어나 분위기도 엄청 좋았어요 EXCLAM 다들 홍대 조선시대 많이 와주세요,0,0,0,0,1,0,0,84,"분위기, 인테리어"
naver,태양곱창 성수점,유혜진61,9.0,2026.01.31,1번째 방문,영수증,"곱창 전골 먹으러 왔는데 전체적으로 만족스러웠어요. 국물이 진하고 얼큰해서 첫 숟갈부터 입맛을 확 잡아주고, 끓일수록 깊이가 더해지는 스타일이에요. 자극적이기보단 밸런스가 좋아서 계속 먹게 되는 맛이고, 양도 넉넉한 편이라 여럿이 나눠 먹기 좋아요. 분위기도 편안해서 술 한잔 곁들이기 좋고, 추운 날 특히 생각나는 메뉴예요. 다음에도 재방문 의사 있어요.",199,False,,,,"곱창 전골 먹으러 왔는데 전체적으로 만족스러웠어요. 국물이 진하고 얼큰해서 첫 숟갈부터 입맛을 확 잡아주고, 끓일수록 깊이가 더해지는 스타일이에요. 자극적이기보단 밸런스가 좋아서 계속 먹게 되는 맛이고, 양도 넉넉한 편이라 여럿이 나눠 먹기 좋아요. 분위기도 편안해서 술 한잔 곁들이기 좋고, 추운 날 특히 생각나는 메뉴예요. 다음에도 재방문 의사 있어요.",곱창 전골 먹으러 왔는데 전체적으로 만족스러웠어요 국물이 진하고 얼큰해서 첫 숟갈부터 입맛을 확 잡아주고 끓일수록 깊이가 더해지는 스타일이에요 자극적이기보단 밸런스가 좋아서 계속 먹게 되는 맛이고 양도 넉넉한 편이라 여럿이 나눠 먹기 좋아요 분위기도 편안해서 술 한잔 곁들이기 좋고 추운 날 특히 생각나는 메뉴예요 다음에도 재방문 의사 있어요,0,0,0,0,0,0,0,199,분위기
naver,각시보쌈,맛집탐험소년,1070.0,2025.09.04,1번째 방문,영수증,혼밥하기 너무 좋아요 가성비 각시보쌈!,21,True,,,,혼밥하기 너무 좋아요 가성비 각시보쌈!,혼밥하기 너무 좋아요 가성비 각시보쌈 EXCLAM,0,0,0,0,1,0,0,21,혼밥
kakao,이태리국시 성수,🤔,1.0,2026-04-27,,,오픈시간 맞춰 가서 대기 시간 없이 바로 입장하였습니다. 분위기도 좋고 음식이 깔끔하고 맛있어요~대창숯불파스타는 정말 원픽입니다^^ 알배추샐러드랑 뇨끼 청량불고기파스타 다 맛있게 잘 먹었습니다.,108,True,5.0,5.0,브론즈 레벨,오픈시간 맞춰 가서 대기 시간 없이 바로 입장하였습니다. 분위기도 좋고 음식이 깔끔하고 맛있어요~대창숯불파스타는 정말 원픽입니다^^ 알배추샐러드랑 뇨끼 청량불고기파스타 다 맛있게 잘 먹었습니다.,오픈시간 맞춰 가서 대기 시간 없이 바로 입장하였습니다 분위기도 좋고 음식이 깔끔하고 맛있어요 대창숯불파스타는 정말 원픽입니다 알배추샐러드랑 뇨끼 청량불고기파스타 다 맛있게 잘 먹었습니다,0,0,0,0,0,0,0,108,"분위기, 깔끔"
naver,금금 성수점,seo****,25.0,2026.03.28,1번째 방문,영수증,부모님이 한식을 좋아하셔서 한식당 찾다가 들어왔어요! 음식 종류도 다양하고 특히 통밀국수...맛있습니다..! 매장도 너무 청결하고 맛있어요!,78,True,,,,부모님이 한식을 좋아하셔서 한식당 찾다가 들어왔어요! 음식 종류도 다양하고 특히 통밀국수...맛있습니다..! 매장도 너무 청결하고 맛있어요!,부모님이 한식을 좋아하셔서 한식당 찾다가 들어왔어요 EXCLAM 음식 종류도 다양하고 특히 통밀국수 맛있습니다 EXCLAM 매장도 너무 청결하고 맛있어요 EXCLAM,0,0,0,0,1,0,0,78,"매장, 청결"
naver,소문난성수감자탕,개구리소녀,38.0,2026.03.20,1번째 방문,영수증,"뚝배기 맨 밑에서 누군가 발라먹은듯은 앙상한 뼈가 깔려있더라구요. 뼈에 살이 자연스럽게 빠졌다기 보단, 왠지 뻐다귀만 재활용한 것 아니지 싶은~~;;; 기분이 썩 나쁜데, 뭐라 따지기엔 아시겠지만 음청 정신없고 붐비는 홀에서 괜히 딴지거는 거 같아 보일거 같아, 앙상한 뼈 발견한 후 수저를 내려놓고 나왔습니다. 맛집으로 소문나 이젠 외국인 손님이 더 많은 매장인데, 이런 오해가 생길만한 일은 생기지 말았으면 하네요~~;; K푸드 망신살이 아닐런지~~;;; 성수감자탕, 간만에 먹어보니 맛도 변했고, 왠지 재활용뼈 같다는 불편한 심경만 남기고 돌아섰네요~~;; 사진으로 보시긴 어떤가요? 저만 그리 보이나여??~ㅠ~;;",347,True,,,,"뚝배기 맨 밑에서 누군가 발라먹은듯은 앙상한 뼈가 깔려있더라구요. 뼈에 살이 자연스럽게 빠졌다기 보단, 왠지 뻐다귀만 재활용한 것 아니지 싶은~~;;; 기분이 썩 나쁜데, 뭐라 따지기엔 아시겠지만 음청 정신없고 붐비는 홀에서 괜히 딴지거는 거 같아 보일거 같아, 앙상한 뼈 발견한 후 수저를 내려놓고 나왔습니다. 맛집으로 소문나 이젠 외국인 손님이 더 많은 매장인데, 이런 오해가 생길만한 일은 생기지 말았으면 하네요~~;; K푸드 망신살이 아닐런지~~;;; 성수감자탕, 간만에 먹어보니 맛도 변했고, 왠지 재활용뼈 같다는 불편한 심경만 남기고 돌아섰네요~~;; 사진으로 보시긴 어떤가요? 저만 그리 보이나여??~ㅠ~;;",뚝배기 맨 밑에서 누군가 발라먹은듯은 앙상한 뼈가 깔려있더라구요 뼈에 살이 자연스럽게 빠졌다기 보단 왠지 뻐다귀만 재활용한 것 아니지 싶은 TILDE 기분이 썩 나쁜데 뭐라 따지기엔 아시겠지만 음청 정신없고 붐비는 홀에서 괜히 딴지거는 거 같아 보일거 같아 앙상한 뼈 발견한 후 수저를 내려놓고 나왔습니다 맛집으로 소문나 이젠 외국인 손님이 더 많은 매장인데 이런 오해가 생길만한 일은 생기지 말았으면 하네요 TILDE K푸드 망신살이 아닐런지 TILDE 성수감자탕 간만에 먹어보니 맛도 변했고 왠지 재활용뼈 같다는 불편한 심경만 남기고 돌아섰네요 TILDE 사진으로 보시긴 어떤가요 QUESTION 저만 그리 보이나여 QUESTION,0,0,0,0,0,1,0,347,매장
naver,옥동식,Appetite of Sue,345.0,2025.08.18,1번째 방문,영수증,가봐야지 했으나 웨이팅하고 싶지 않아 버티다가 친구가 가고 싶다 해서 드디어... 맛은 한마디로 깔끔! 국밥 좋아하는 또다른 친구 델코 가고 싶네요.,83,True,,,,가봐야지 했으나 웨이팅하고 싶지 않아 버티다가 친구가 가고 싶다 해서 드디어... 맛은 한마디로 깔끔! 국밥 좋아하는 또다른 친구 델코 가고 싶네요.,가봐야지 했으나 웨이팅하고 싶지 않아 버티다가 친구가 가고 싶다 해서 드디어 맛은 한마디로 깔끔 EXCLAM 국밥 좋아하는 또다른 친구 델코 가고 싶네요,0,0,0,0,1,0,0,83,깔끔
naver,을밀대 평양냉면,5h6,1369.0,2025.12.27,2번째 방문,예약,음식이 전반적으로 깔끔 거냉양많이를 해야한다함!,26,True,,,,음식이 전반적으로 깔끔 거냉양많이를 해야한다함!,음식이 전반적으로 깔끔 거냉양많이를 해야한다함 EXCLAM,0,0,0,0,1,0,0,26,깔끔
naver,조선시대,hunE,9.0,2026.02.28,1번째 방문,영수증,"친구랑 홍대 조선시대에 다녀왔어요 🍻 분위기도 편하고 가볍게 한잔하기 좋더라고요. 라볶이랑 김치전을 시켜서 먹었는데 둘 다 진짜 맛있었어요 😋 라볶이는 매콤달콤해서 술이랑 잘 어울렸고, 김치전은 바삭하면서 김치 맛이 잘 살아있어서 계속 손이 갔습니다. 친구랑 편하게 술 한잔하면서 맛있는 안주 먹기 좋은 곳이라 다음에 또 올 것 같아요 👍",189,True,,,,"친구랑 홍대 조선시대에 다녀왔어요 🍻 분위기도 편하고 가볍게 한잔하기 좋더라고요. 라볶이랑 김치전을 시켜서 먹었는데 둘 다 진짜 맛있었어요 😋 라볶이는 매콤달콤해서 술이랑 잘 어울렸고, 김치전은 바삭하면서 김치 맛이 잘 살아있어서 계속 손이 갔습니다. 친구랑 편하게 술 한잔하면서 맛있는 안주 먹기 좋은 곳이라 다음에 또 올 것 같아요 👍",친구랑 홍대 조선시대에 다녀왔어요 분위기도 편하고 가볍게 한잔하기 좋더라고요 라볶이랑 김치전을 시켜서 먹었는데 둘 다 진짜 맛있었어요 EMO_POS 라볶이는 매콤달콤해서 술이랑 잘 어울렸고 김치전은 바삭하면서 김치 맛이 잘 살아있어서 계속 손이 갔습니다 친구랑 편하게 술 한잔하면서 맛있는 안주 먹기 좋은 곳이라 다음에 또 올 것 같아요 EMO_POS,1,0,0,0,0,0,0,189,분위기
naver,장인닭갈비 홍대점,숨숨53,48.0,2026.01.21,1번째 방문,영수증,넘 깔끔하고 맛있어욘❣️,13,True,,,,넘 깔끔하고 맛있어욘❣️,넘 깔끔하고 맛있어욘 EMO_POS,1,0,0,0,0,0,0,13,깔끔
naver,조선시대,225764,122.0,2026.01.14,1번째 방문,영수증,친구랑 같이 왔어요 예약 없이 바로 들어왔고 분위기가 너무 좋아요 막걸리 추천합니다!,47,True,,,,친구랑 같이 왔어요 예약 없이 바로 들어왔고 분위기가 너무 좋아요 막걸리 추천합니다!,친구랑 같이 왔어요 예약 없이 바로 들어왔고 분위기가 너무 좋아요 막걸리 추천합니다 EXCLAM,0,0,0,0,1,0,0,47,분위기
naver,훼미리손칼국수보쌈,Dominic92,12.0,2026.05.09,1번째 방문,영수증,오랜만에 방문했는데 엄청 불친절 하네요. 전반적으로 모든 직원이 불친절 합니다. 여기는 손님에게 반말이 기본인가요? 김치는 테이블에 던지고 배추좀 더 달라고 했더니 대꾸도 안하고 나중에 와서는 자기 서빙할때는 말하지 말라고 하네요. 정식에 나온 고기는 일부가 완전 지방 덩어리로 나왔습니다. 옛날엔 엄청난 맛집은 아니어도 푸짐하고 친절한 맛에 종종 방문했는데 이젠 다시 방문하거나 추천할일 없겠네요. 오랜만에 최악의 식당을 경험했습니다.,244,True,,,,오랜만에 방문했는데 엄청 불친절 하네요. 전반적으로 모든 직원이 불친절 합니다. 여기는 손님에게 반말이 기본인가요? 김치는 테이블에 던지고 배추좀 더 달라고 했더니 대꾸도 안하고 나중에 와서는 자기 서빙할때는 말하지 말라고 하네요. 정식에 나온 고기는 일부가 완전 지방 덩어리로 나왔습니다. 옛날엔 엄청난 맛집은 아니어도 푸짐하고 친절한 맛에 종종 방문했는데 이젠 다시 방문하거나 추천할일 없겠네요. 오랜만에 최악의 식당을 경험했습니다.,오랜만에 방문했는데 엄청 불친절 하네요 전반적으로 모든 직원이 불친절 합니다 여기는 손님에게 반말이 기본인가요 QUESTION 김치는 테이블에 던지고 배추좀 더 달라고 했더니 대꾸도 안하고 나중에 와서는 자기 서빙할때는 말하지 말라고 하네요 정식에 나온 고기는 일부가 완전 지방 덩어리로 나왔습니다 옛날엔 엄청난 맛집은 아니어도 푸짐하고 친절한 맛에 종종 방문했는데 이젠 다시 방문하거나 추천할일 없겠네요 오랜만에 최악의 식당을 경험했습니다,0,0,0,0,0,1,0,244,테이블
naver,할머니의 레시피,VKY,316.0,2025.05.24,1번째 방문,영수증,"무척 정갈하고 담백한, 깔끔한 한 끼였습니다!! 여자친구도 무척 만족스러워 하였고, 저 또한 마찬가지였습니다. 음식이 정말 맛있었고, 직원분들도 무척 친절하셨습니다!! 여자친구는 아주 잘차려진 맛있는 집밥을 먹는 느낌이라 표하였습니다!! 대기하는 공간도 따로 있어 좋았구요!! 이미 잘 알려진 유명한 곳이라 그런지 사람들이 참...많기는 하였습니다. 개인적인 평점 [4/5]",209,True,,,,"무척 정갈하고 담백한, 깔끔한 한 끼였습니다!! 여자친구도 무척 만족스러워 하였고, 저 또한 마찬가지였습니다. 음식이 정말 맛있었고, 직원분들도 무척 친절하셨습니다!! 여자친구는 아주 잘차려진 맛있는 집밥을 먹는 느낌이라 표하였습니다!! 대기하는 공간도 따로 있어 좋았구요!! 이미 잘 알려진 유명한 곳이라 그런지 사람들이 참...많기는 하였습니다. 개인적인 평점 [4/5]",무척 정갈하고 담백한 깔끔한 한 끼였습니다 EXCLAM 여자친구도 무척 만족스러워 하였고 저 또한 마찬가지였습니다 음식이 정말 맛있었고 직원분들도 무척 친절하셨습니다 EXCLAM 여자친구는 아주 잘차려진 맛있는 집밥을 먹는 느낌이라 표하였습니다 EXCLAM 대기하는 공간도 따로 있어 좋았구요 EXCLAM 이미 잘 알려진 유명한 곳이라 그런지 사람들이 참 많기는 하였습니다 개인적인 평점 4 5,0,0,0,0,1,0,1,209,"공간, 깔끔"
kakao,소문난성수감자탕,마포걷달,708.0,2026-04-05,,,"팩트체크 “ 성수에서 보장된 감자탕 맛집을 찾는다면 ” 꽤나 유명한 곳입니다. 창업 시점부터 계산해 보니 대략 50년 가까이 운영해 오셨네요. 당연히 2세 경영을 넘어 3세까지도 충분히 갈 수 있는 입지와 브랜드를 가지고 있습니다. 통상 11:30분을 넘기면 최소 1시까지는 점심 시간대 대기줄을 탈 수 있습니다. 저희는 11:17분에 입성했는데 별관으로 안내받았고, 이후 10여 분 정도 지나니 자리가 꽉 차서 먹고 나갈 때까지 빈자리는 보이지 않네요. 확실히 사람들이 많이 오는 집입니다. 감자탕 맛은 다소 달착지근합니다. 나쁘지 않은 당의 효과입니다. 고기의 품질은 나쁘지 않았으며 특히 함께 나오는 찍어 먹는 소스는 제 기준 최고였습니다. 확실히 맛에 있어서는 오래된 만큼 보장된 맛입니다. 리뷰에 부정적으로 나오는 위생과 서비스 품질은 준수한 편입니다. 워낙 사람들이 들고 나서느라 서빙 보시는 이모님들이 매우 분주합니다. 손님이 나가면 치우고 채우고가 반복되는데, 이 정도 인기를 감안하면 약간의 불친절과 비위생은 감수할 수 있는 수준입니다. 역하거나 하지는 않습니다. 가격대는 보통 이상으로, 저렴한 곳보다는 약 15% 높은 수준을 보입니다. 성수에 동네 마실 나오듯 가볍게 들러 감자탕을 먹는 곳은 아니니, 자주 오기보다는 오랜만에 나와 먹는 식사라면 감당할 수준입니다. 조금만 부지런하면 꽤나 괜찮은 감자탕을 좋은 자리에서 맛볼 수 있습니다. - 끝",708,False,4.0,3.4,퍼플 레벨,"팩트체크 “ 성수에서 보장된 감자탕 맛집을 찾는다면 ” 꽤나 유명한 곳입니다. 창업 시점부터 계산해 보니 대략 50년 가까이 운영해 오셨네요. 당연히 2세 경영을 넘어 3세까지도 충분히 갈 수 있는 입지와 브랜드를 가지고 있습니다. 통상 11:30분을 넘기면 최소 1시까지는 점심 시간대 대기줄을 탈 수 있습니다. 저희는 11:17분에 입성했는데 별관으로 안내받았고, 이후 10여 분 정도 지나니 자리가 꽉 차서 먹고 나갈 때까지 빈자리는 보이지 않네요. 확실히 사람들이 많이 오는 집입니다. 감자탕 맛은 다소 달착지근합니다. 나쁘지 않은 당의 효과입니다. 고기의 품질은 나쁘지 않았으며 특히 함께 나오는 찍어 먹는 소스는 제 기준 최고였습니다. 확실히 맛에 있어서는 오래된 만큼 보장된 맛입니다. 리뷰에 부정적으로 나오는 위생과 서비스 품질은 준수한 편입니다. 워낙 사람들이 들고 나서느라 서빙 보시는 이모님들이 매우 분주합니다. 손님이 나가면 치우고 채우고가 반복되는데, 이 정도 인기를 감안하면 약간의 불친절과 비위생은 감수할 수 있는 수준입니다. 역하거나 하지는 않습니다. 가격대는 보통 이상으로, 저렴한 곳보다는 약 15% 높은 수준을 보입니다. 성수에 동네 마실 나오듯 가볍게 들러 감자탕을 먹는 곳은 아니니, 자주 오기보다는 오랜만에 나와 먹는 식사라면 감당할 수준입니다. 조금만 부지런하면 꽤나 괜찮은 감자탕을 좋은 자리에서 맛볼 수 있습니다. - 끝",팩트체크 성수에서 보장된 감자탕 맛집을 찾는다면 꽤나 유명한 곳입니다 창업 시점부터 계산해 보니 대략 50년 가까이 운영해 오셨네요 당연히 2세 경영을 넘어 3세까지도 충분히 갈 수 있는 입지와 브랜드를 가지고 있습니다 통상 11 30분을 넘기면 최소 1시까지는 점심 시간대 대기줄을 탈 수 있습니다 저희는 11 17분에 입성했는데 별관으로 안내받았고 이후 10여 분 정도 지나니 자리가 꽉 차서 먹고 나갈 때까지 빈자리는 보이지 않네요 확실히 사람들이 많이 오는 집입니다 감자탕 맛은 다소 달착지근합니다 나쁘지 않은 당의 효과입니다 고기의 품질은 나쁘지 않았으며 특히 함께 나오는 찍어 먹는 소스는 제 기준 최고였습니다 확실히 맛에 있어서는 오래된 만큼 보장된 맛입니다 리뷰에 부정적으로 나오는 위생과 서비스 품질은 준수한 편입니다 워낙 사람들이 들고 나서느라 서빙 보시는 이모님들이 매우 분주합니다 손님이 나가면 치우고 채우고가 반복되는데 이 정도 인기를 감안하면 약간의 불친절과 비위생은 감수할 수 있는 수준입니다 역하거나 하지는 않습니다 가격대는 보통 이상으로 저렴한 곳보다는 약 15 높은 수준을 보입니다 성수에 동네 마실 나오듯 가볍게 들러 감자탕을 먹는 곳은 아니니 자주 오기보다는 오랜만에 나와 먹는 식사라면 감당할 수준입니다 조금만 부지런하면 꽤나 괜찮은 감자탕을 좋은 자리에서 맛볼 수 있습니다 끝,0,0,0,0,0,0,1,708,"자리, 위생"
naver,뼈탄집 성수역점,ddao****,12.0,2026.04.09,1번째 방문,영수증,고기 퀄리티가 정말 좋아서 한입 먹자마자 만족!! 고기도 부드럽고 잡내 없이 깔끔하더라구요~ 매장 분위기가 좋아 데이트 장소로도 추천이랍니다💕 직원분들도 친절하셔서 기분 좋게 식사하고 왔습니다 재방문 의사 완전 있어요!,122,True,,,,고기 퀄리티가 정말 좋아서 한입 먹자마자 만족!! 고기도 부드럽고 잡내 없이 깔끔하더라구요~ 매장 분위기가 좋아 데이트 장소로도 추천이랍니다💕 직원분들도 친절하셔서 기분 좋게 식사하고 왔습니다 재방문 의사 완전 있어요!,고기 퀄리티가 정말 좋아서 한입 먹자마자 만족 EXCLAM 고기도 부드럽고 잡내 없이 깔끔하더라구요 매장 분위기가 좋아 데이트 장소로도 추천이랍니다 EMO_POS 직원분들도 친절하셔서 기분 좋게 식사하고 왔습니다 재방문 의사 완전 있어요 EXCLAM,1,0,0,0,1,0,0,122,"분위기, 매장, 깔끔, 데이트"
naver,각시보쌈,해피바이러스4149,3.0,2026.03.15,1번째 방문,영수증,"전엔 이러지 않았는데 서비스 너무 엉망입니다. 다신 안갑니다. 1) 벨이 없는 것까진 이해하나, 적어도 부르고 알겠다고 했음 와야하는 거 아닌가요? 결국 직접 가서 요청했습니다. 그리고 직원분 하는 말 들었는데 ""아 포장해달래?""라고 하시더군요. 그럼 저희가 부른 걸 인지하고 있었다는 건데 왜 그리 행동 하세요? 2) 전에는 콩나물국 리필하면 콩나물까지 다시 떠서 갔다 줬는데 오늘은 달라고 하니 그냥 주전자 가지고 와서 국물만 왕창 리필(한번 리필했습니다) 3) 남은 거 포장 요청하니 앞에서 장갑 끼고 막고 그리고 상식적으로 손님 포장해줄 용기를 본인 앞치마에 대고 있음 어떡합니다? 여긴 직원들 위생 교육도 안시키나요? 숟가락 젓가락엔 뭐가 많이 묻어있던데 세척한 거 맞나요? 안묻어있는거 찾는라 힘들었음",398,True,,,,"전엔 이러지 않았는데 서비스 너무 엉망입니다. 다신 안갑니다. 1) 벨이 없는 것까진 이해하나, 적어도 부르고 알겠다고 했음 와야하는 거 아닌가요? 결국 직접 가서 요청했습니다. 그리고 직원분 하는 말 들었는데 ""아 포장해달래?""라고 하시더군요. 그럼 저희가 부른 걸 인지하고 있었다는 건데 왜 그리 행동 하세요? 2) 전에는 콩나물국 리필하면 콩나물까지 다시 떠서 갔다 줬는데 오늘은 달라고 하니 그냥 주전자 가지고 와서 국물만 왕창 리필(한번 리필했습니다) 3) 남은 거 포장 요청하니 앞에서 장갑 끼고 막고 그리고 상식적으로 손님 포장해줄 용기를 본인 앞치마에 대고 있음 어떡합니다? 여긴 직원들 위생 교육도 안시키나요? 숟가락 젓가락엔 뭐가 많이 묻어있던데 세척한 거 맞나요? 안묻어있는거 찾는라 힘들었음",전엔 이러지 않았는데 서비스 너무 엉망입니다 다신 안갑니다 1 벨이 없는 것까진 이해하나 적어도 부르고 알겠다고 했음 와야하는 거 아닌가요 QUESTION 결국 직접 가서 요청했습니다 그리고 직원분 하는 말 들었는데 아 포장해달래 QUESTION 라고 하시더군요 그럼 저희가 부른 걸 인지하고 있었다는 건데 왜 그리 행동 하세요 QUESTION 2 전에는 콩나물국 리필하면 콩나물까지 다시 떠서 갔다 줬는데 오늘은 달라고 하니 그냥 주전자 가지고 와서 국물만 왕창 리필 한번 리필했습니다 3 남은 거 포장 요청하니 앞에서 장갑 끼고 막고 그리고 상식적으로 손님 포장해줄 용기를 본인 앞치마에 대고 있음 어떡합니다 QUESTION 여긴 직원들 위생 교육도 안시키나요 QUESTION 숟가락 젓가락엔 뭐가 많이 묻어있던데 세척한 거 맞나요 QUESTION 안묻어있는거 찾는라 힘들었음,0,0,0,0,0,1,1,398,위생
naver,할머니의 레시피,콩0710,425.0,2025.12.31,1번째 방문,영수증,한식먹고싶어서 방문했는데 진짜 맛있고 건강한 한식이라 만족했어요 인테리어도 예쁘고 직원분들도 친절하셔서 추천해용👍,63,True,,,,한식먹고싶어서 방문했는데 진짜 맛있고 건강한 한식이라 만족했어요 인테리어도 예쁘고 직원분들도 친절하셔서 추천해용👍,한식먹고싶어서 방문했는데 진짜 맛있고 건강한 한식이라 만족했어요 인테리어도 예쁘고 직원분들도 친절하셔서 추천해용 EMO_POS,1,0,0,0,0,0,0,63,인테리어
kakao,홍대 조선시대,효,1.0,2025-12-15,,,술집 엄청 넓고 안주 맛있어요!!,18,False,5.0,5.0,브론즈 레벨,술집 엄청 넓고 안주 맛있어요!!,술집 엄청 넓고 안주 맛있어요 EXCLAM,0,0,0,0,1,0,0,18,넓
naver,일등식당,냠냠쩝쩝1,174.0,2026.01.09,1번째 방문,영수증,"오랜만에 방문한 추억의 뼈다귀 해장국 전문점 일등식당!! 분위기, 맛, 가성비, 친절함까지 역시 일등입니다!!",61,True,,,,"오랜만에 방문한 추억의 뼈다귀 해장국 전문점 일등식당!! 분위기, 맛, 가성비, 친절함까지 역시 일등입니다!!",오랜만에 방문한 추억의 뼈다귀 해장국 전문점 일등식당 EXCLAM 분위기 맛 가성비 친절함까지 역시 일등입니다 EXCLAM,0,0,0,0,1,0,0,61,분위기
naver,육산장 홍대본점,phy****,12.0,2026.03.31,1번째 방문,영수증,구성좋고 야장이 잘 되있어서 먹기 좋은 분위기네요 고기도 맛있게 잘 먹었습니다ㅎㅎ,45,True,,,,구성좋고 야장이 잘 되있어서 먹기 좋은 분위기네요 고기도 맛있게 잘 먹었습니다ㅎㅎ,구성좋고 야장이 잘 되있어서 먹기 좋은 분위기네요 고기도 맛있게 잘 먹었습니다,0,0,0,0,0,0,0,45,분위기
naver,각시보쌈,joann0,31.0,2026.02.11,1번째 방문,영수증,"음식맛은 보통 이상이었지만, 점심때 손님이 워낙 많아 매장이 혼잡하고 종업원들이 넘쳐나는 뒷정리에 멘탈이 나갔는지 궁시렁 거리고 투덜대고 신경질적으로 식탁정리 하길래, 손님이 옆에서 식사중인데 더무한것 아니냐고 한마디 쏴붙였더니 죄송합니다라고 사과는 하는데...이미 밥맛 입맛 다 떨어지고 분위기만 망쳤음. 계산할때 컴플레인 했더니 사과는 하시는데...글세....이런 환경속에서 개선이 될런지는 확신이 안서네요. 다시 가라면 망설일것 같아요. 이정도 맛집은 흔하니까요.",262,False,,,,"음식맛은 보통 이상이었지만, 점심때 손님이 워낙 많아 매장이 혼잡하고 종업원들이 넘쳐나는 뒷정리에 멘탈이 나갔는지 궁시렁 거리고 투덜대고 신경질적으로 식탁정리 하길래, 손님이 옆에서 식사중인데 더무한것 아니냐고 한마디 쏴붙였더니 죄송합니다라고 사과는 하는데...이미 밥맛 입맛 다 떨어지고 분위기만 망쳤음. 계산할때 컴플레인 했더니 사과는 하시는데...글세....이런 환경속에서 개선이 될런지는 확신이 안서네요. 다시 가라면 망설일것 같아요. 이정도 맛집은 흔하니까요.",음식맛은 보통 이상이었지만 점심때 손님이 워낙 많아 매장이 혼잡하고 종업원들이 넘쳐나는 뒷정리에 멘탈이 나갔는지 궁시렁 거리고 투덜대고 신경질적으로 식탁정리 하길래 손님이 옆에서 식사중인데 더무한것 아니냐고 한마디 쏴붙였더니 죄송합니다라고 사과는 하는데 이미 밥맛 입맛 다 떨어지고 분위기만 망쳤음 계산할때 컴플레인 했더니 사과는 하시는데 글세 이런 환경속에서 개선이 될런지는 확신이 안서네요 다시 가라면 망설일것 같아요 이정도 맛집은 흔하니까요,0,0,0,0,0,0,0,262,"분위기, 매장"
naver,옥동식,dld****,430.0,2025.03.10,1번째 방문,영수증,공간이 작아서 웨이팅은 있지만 인기가 많은 이유가 있었어요-! 국물맛은 어마어마하게 담백하고 김치는 시원하고 만두도 맛있습니다 :),73,True,,,,공간이 작아서 웨이팅은 있지만 인기가 많은 이유가 있었어요-! 국물맛은 어마어마하게 담백하고 김치는 시원하고 만두도 맛있습니다 :),공간이 작아서 웨이팅은 있지만 인기가 많은 이유가 있었어요 EXCLAM 국물맛은 어마어마하게 담백하고 김치는 시원하고 만두도 맛있습니다,0,0,0,0,1,0,0,73,공간
kakao,황금콩밭,ㆍ,57.0,2025-11-09,,,몇 년전부터 와보고 싶어 저장해뒀던 곳. 공덕으로 이사와서 첫 방문했어요. 청국장이랑 비지찌개 먹고 반해서 이틀 뒤 삼합먹으러 재방문^^ 삼합도 맛있었어요. 사장님 부부이신듯(?). 반찬 부족한지 먼저 오셔서 신경써주시고 친절하셨어요. 음식이 정갈하고 가게 내부도 깨끗해요.,153,False,5.0,4.8,실버 레벨,몇 년전부터 와보고 싶어 저장해뒀던 곳. 공덕으로 이사와서 첫 방문했어요. 청국장이랑 비지찌개 먹고 반해서 이틀 뒤 삼합먹으러 재방문^^ 삼합도 맛있었어요. 사장님 부부이신듯(?). 반찬 부족한지 먼저 오셔서 신경써주시고 친절하셨어요. 음식이 정갈하고 가게 내부도 깨끗해요.,몇 년전부터 와보고 싶어 저장해뒀던 곳 공덕으로 이사와서 첫 방문했어요 청국장이랑 비지찌개 먹고 반해서 이틀 뒤 삼합먹으러 재방문 삼합도 맛있었어요 사장님 부부이신듯 QUESTION 반찬 부족한지 먼저 오셔서 신경써주시고 친절하셨어요 음식이 정갈하고 가게 내부도 깨끗해요,0,0,0,0,0,1,0,153,내부
naver,조선시대,마시마로판다,139.0,2026.04.01,1번째 방문,영수증,새로운 술들이 있어서 좋았어요! 그리고 분위기도 좋고 안주도 다양하고 좋네요! 친구들이랑 아주 좋은 시간이였습니다^^,65,True,,,,새로운 술들이 있어서 좋았어요! 그리고 분위기도 좋고 안주도 다양하고 좋네요! 친구들이랑 아주 좋은 시간이였습니다^^,새로운 술들이 있어서 좋았어요 EXCLAM 그리고 분위기도 좋고 안주도 다양하고 좋네요 EXCLAM 친구들이랑 아주 좋은 시간이였습니다,0,0,0,0,1,0,0,65,분위기
naver,옥동식,별빛노트,594.0,2025.01.23,1번째 방문,영수증,이 계절에 너무 어울리는 음식이에요. 캐치테이블로 예약하고 갔습니다. 예약 후 1시간 이후에 입장했어요. 곰탕 주문했구요. 고기는 고추지에 찍어 드시면 됩니다. 고추지는 맵지 않고 고추 본연의 맛이 잘 납니다. 매력적인 맛이에요. 김치는 회색 그릇에 덜어드시면 되는데 김치가 너무!! 맛있어요. 옆에 앉으셨던 분이 김치 판매 하냐고 물을 정도 였습니다. (김치 판매는 안 한다고 하네요.) 곰탕 국물은 깊은 맛이 나면서 계속 먹게 되는 맛이에요. 원래 국물을 잘 남기는데 여기 곰탕은 다 마시게 되네요. 육수와 밥은 리필이 되니 참고하세요!,302,True,,,,이 계절에 너무 어울리는 음식이에요. 캐치테이블로 예약하고 갔습니다. 예약 후 1시간 이후에 입장했어요. 곰탕 주문했구요. 고기는 고추지에 찍어 드시면 됩니다. 고추지는 맵지 않고 고추 본연의 맛이 잘 납니다. 매력적인 맛이에요. 김치는 회색 그릇에 덜어드시면 되는데 김치가 너무!! 맛있어요. 옆에 앉으셨던 분이 김치 판매 하냐고 물을 정도 였습니다. (김치 판매는 안 한다고 하네요.) 곰탕 국물은 깊은 맛이 나면서 계속 먹게 되는 맛이에요. 원래 국물을 잘 남기는데 여기 곰탕은 다 마시게 되네요. 육수와 밥은 리필이 되니 참고하세요!,이 계절에 너무 어울리는 음식이에요 캐치테이블로 예약하고 갔습니다 예약 후 1시간 이후에 입장했어요 곰탕 주문했구요 고기는 고추지에 찍어 드시면 됩니다 고추지는 맵지 않고 고추 본연의 맛이 잘 납니다 매력적인 맛이에요 김치는 회색 그릇에 덜어드시면 되는데 김치가 너무 EXCLAM 맛있어요 옆에 앉으셨던 분이 김치 판매 하냐고 물을 정도 였습니다 김치 판매는 안 한다고 하네요 곰탕 국물은 깊은 맛이 나면서 계속 먹게 되는 맛이에요 원래 국물을 잘 남기는데 여기 곰탕은 다 마시게 되네요 육수와 밥은 리필이 되니 참고하세요 EXCLAM,0,0,0,0,1,0,1,302,테이블
naver,각시보쌈,상권읽어주는남자,756.0,2025.01.26,1번째 방문,영수증,"주말에 가족 모임이 있어서 합정역 부근에 왔다가 단체로 밥먹을 곳을 찾다가 보쌈집에 들어갔습니다. 열 여섯명이었는데, 일찍 도착해서 다행히 자리가 있었네요. 저희 앉고나서 바로 만석이 되는 바람에 금방 웨이팅이 걸렸습니다. 음식은 기본 밑반찬이 세팅되고 개인별로 공기밥, 보쌈과 보쌈김치 한접시, 찌개가 세팅이 되는데요.(정식) 주 메뉴와 밑반찬 하나하나가 엄청나게 맛있고 특별해서라기 보다는 이런 보쌈 정식이 1인당 만원이라는 놀라운 가성비 때문에 손님이 몰리는 것 같습니다. 만원치고는 보쌈의 양이나 상태도 훌륭하고, 밑반찬과 찌개까지 제공되는 것도 좋습니다. 아기의자가 없고 친절한 것 같다는 인상은 못 받았지만 그럼에도 가성비가 너무 좋아서 인기가 있을만 합니다.",375,True,,,,"주말에 가족 모임이 있어서 합정역 부근에 왔다가 단체로 밥먹을 곳을 찾다가 보쌈집에 들어갔습니다. 열 여섯명이었는데, 일찍 도착해서 다행히 자리가 있었네요. 저희 앉고나서 바로 만석이 되는 바람에 금방 웨이팅이 걸렸습니다. 음식은 기본 밑반찬이 세팅되고 개인별로 공기밥, 보쌈과 보쌈김치 한접시, 찌개가 세팅이 되는데요.(정식) 주 메뉴와 밑반찬 하나하나가 엄청나게 맛있고 특별해서라기 보다는 이런 보쌈 정식이 1인당 만원이라는 놀라운 가성비 때문에 손님이 몰리는 것 같습니다. 만원치고는 보쌈의 양이나 상태도 훌륭하고, 밑반찬과 찌개까지 제공되는 것도 좋습니다. 아기의자가 없고 친절한 것 같다는 인상은 못 받았지만 그럼에도 가성비가 너무 좋아서 인기가 있을만 합니다.",주말에 가족 모임이 있어서 합정역 부근에 왔다가 단체로 밥먹을 곳을 찾다가 보쌈집에 들어갔습니다 열 여섯명이었는데 일찍 도착해서 다행히 자리가 있었네요 저희 앉고나서 바로 만석이 되는 바람에 금방 웨이팅이 걸렸습니다 음식은 기본 밑반찬이 세팅되고 개인별로 공기밥 보쌈과 보쌈김치 한접시 찌개가 세팅이 되는데요 정식 주 메뉴와 밑반찬 하나하나가 엄청나게 맛있고 특별해서라기 보다는 이런 보쌈 정식이 1인당 만원이라는 놀라운 가성비 때문에 손님이 몰리는 것 같습니다 만원치고는 보쌈의 양이나 상태도 훌륭하고 밑반찬과 찌개까지 제공되는 것도 좋습니다 아기의자가 없고 친절한 것 같다는 인상은 못 받았지만 그럼에도 가성비가 너무 좋아서 인기가 있을만 합니다,0,0,0,0,0,0,1,375,자리
naver,조선시대,our****,4.0,2026.04.08,1번째 방문,영수증,분위기 좋고 중간중간 나오는 게임도 도파민 터졌어용 재방문 의사 확실,38,True,,,,분위기 좋고 중간중간 나오는 게임도 도파민 터졌어용 재방문 의사 확실,분위기 좋고 중간중간 나오는 게임도 도파민 터졌어용 재방문 의사 확실,0,0,0,0,0,0,0,38,분위기
naver,원조 조박집 본관,다슬파더,2594.0,2025.06.11,1번째 방문,영수증,역시 갈비는 마포 입니다ㅎ 손님이 너무 많아서 대화하기에는 좋지 않고 고기를 구워주시지는 않지만 그 외 모든 리필 서비스를 서버분들이 신경써서 잘해주십니다! 주차할곳이 많이 있어보이진 않아서 건너편 공영주차장에 대고 먹었네요,125,True,,,,역시 갈비는 마포 입니다ㅎ 손님이 너무 많아서 대화하기에는 좋지 않고 고기를 구워주시지는 않지만 그 외 모든 리필 서비스를 서버분들이 신경써서 잘해주십니다! 주차할곳이 많이 있어보이진 않아서 건너편 공영주차장에 대고 먹었네요,역시 갈비는 마포 입니다 손님이 너무 많아서 대화하기에는 좋지 않고 고기를 구워주시지는 않지만 그 외 모든 리필 서비스를 서버분들이 신경써서 잘해주십니다 EXCLAM 주차할곳이 많이 있어보이진 않아서 건너편 공영주차장에 대고 먹었네요,0,0,0,0,1,0,0,125,주차
naver,뼈탄집 성수역점,yju****,54.0,2026.01.25,1번째 방문,영수증,고기가 너무너무 맛있어요~~~ 직원분이 맛나게구워주시고 너무 친절하세요ㅎㅎ 매장도 깨끗하고 고기랑 곁들이는 반찬들이 특별해요~~~♡,73,True,,,,고기가 너무너무 맛있어요~~~ 직원분이 맛나게구워주시고 너무 친절하세요ㅎㅎ 매장도 깨끗하고 고기랑 곁들이는 반찬들이 특별해요~~~♡,고기가 너무너무 맛있어요 TILDE 직원분이 맛나게구워주시고 너무 친절하세요 매장도 깨끗하고 고기랑 곁들이는 반찬들이 특별해요 TILDE EMO_POS,1,0,0,0,0,0,0,73,매장
kakao,훼미리손칼국수보쌈,버팔로,1.0,2025-05-28,,,"불친절의 끝, 남은 테이블이 많으나 밖에서 대기하라고 반말, 너무 단 김치 무말랭이, 진짜 맛대가리 없는 칼국수, 한대 근처에서 6년 살면서 더욱 맛이 없어지고 더 불친절해지는 집, 외국인 손님 많아진걸로 버티는 집, 다시는 안갈 집.",131,True,1.0,1.0,브론즈 레벨,"불친절의 끝, 남은 테이블이 많으나 밖에서 대기하라고 반말, 너무 단 김치 무말랭이, 진짜 맛대가리 없는 칼국수, 한대 근처에서 6년 살면서 더욱 맛이 없어지고 더 불친절해지는 집, 외국인 손님 많아진걸로 버티는 집, 다시는 안갈 집.",불친절의 끝 남은 테이블이 많으나 밖에서 대기하라고 반말 너무 단 김치 무말랭이 진짜 맛대가리 없는 칼국수 한대 근처에서 6년 살면서 더욱 맛이 없어지고 더 불친절해지는 집 외국인 손님 많아진걸로 버티는 집 다시는 안갈 집,0,0,0,0,0,0,1,131,테이블
naver,락희옥 마포본점,산톢,531.0,2025.06.02,1번째 방문,영수증,공덕역 제철음식 맛집 락희옥. 여름 제철음식으로 민어회 먹으러 방문했어요. 락희옥은 콜키지프리라 방문할 때 와인이나 위스키 필수!! 이 날은 민어회와 잘 어울리는 샤르도네 와인으로 가져가서 민어회와 넘 맛있게 잘 먹었어요. 민어 껍질부터 부레까지 다양한 부위를 먹을 수 있어 좋고 민어 회도 쫄깃하니 비린 맛 하나 없이 넘 맛있네요. 락희옥 보쌈도 빠질수 없어서 주문!! 두툼한 보쌈이 넘 부드럽고 같이 나온 무말랭이와 넘 잘 어울려요. 와인 다 마시고 화요에 네이버 알림받기로 받은 김치메밀전병 같이 먹었는데 깔끔하니 넘 좋네요. 음식 하나하나 다 맛있고 깔끔해서 갈 때마다 만족해요. 여름 동안 민어회 먹으로 자주 방문할거 같아요.,355,True,,,,공덕역 제철음식 맛집 락희옥. 여름 제철음식으로 민어회 먹으러 방문했어요. 락희옥은 콜키지프리라 방문할 때 와인이나 위스키 필수!! 이 날은 민어회와 잘 어울리는 샤르도네 와인으로 가져가서 민어회와 넘 맛있게 잘 먹었어요. 민어 껍질부터 부레까지 다양한 부위를 먹을 수 있어 좋고 민어 회도 쫄깃하니 비린 맛 하나 없이 넘 맛있네요. 락희옥 보쌈도 빠질수 없어서 주문!! 두툼한 보쌈이 넘 부드럽고 같이 나온 무말랭이와 넘 잘 어울려요. 와인 다 마시고 화요에 네이버 알림받기로 받은 김치메밀전병 같이 먹었는데 깔끔하니 넘 좋네요. 음식 하나하나 다 맛있고 깔끔해서 갈 때마다 만족해요. 여름 동안 민어회 먹으로 자주 방문할거 같아요.,공덕역 제철음식 맛집 락희옥 여름 제철음식으로 민어회 먹으러 방문했어요 락희옥은 콜키지프리라 방문할 때 와인이나 위스키 필수 EXCLAM 이 날은 민어회와 잘 어울리는 샤르도네 와인으로 가져가서 민어회와 넘 맛있게 잘 먹었어요 민어 껍질부터 부레까지 다양한 부위를 먹을 수 있어 좋고 민어 회도 쫄깃하니 비린 맛 하나 없이 넘 맛있네요 락희옥 보쌈도 빠질수 없어서 주문 EXCLAM 두툼한 보쌈이 넘 부드럽고 같이 나온 무말랭이와 넘 잘 어울려요 와인 다 마시고 화요에 네이버 알림받기로 받은 김치메밀전병 같이 먹었는데 깔끔하니 넘 좋네요 음식 하나하나 다 맛있고 깔끔해서 갈 때마다 만족해요 여름 동안 민어회 먹으로 자주 방문할거 같아요,0,0,0,0,1,0,0,355,깔끔
kakao,이태리국시 성수,최호현,1.0,2026-04-25,,,돌솥 대창 파스타 너무 맛있어요. 분위기도 데이트하기 딱 좋아요.,36,True,5.0,5.0,브론즈 레벨,돌솥 대창 파스타 너무 맛있어요. 분위기도 데이트하기 딱 좋아요.,돌솥 대창 파스타 너무 맛있어요 분위기도 데이트하기 딱 좋아요,0,0,0,0,0,0,0,36,"분위기, 데이트"
kakao,뼈탄집 성수역점,Sk,3.0,2026-01-03,,,"처음 방문한 곳이었는데 들어서자마자 깔끔하고 정돈된 인테리어가 인상적이었어요. 매장이 전반적으로 깨끗해서 식사하는 내내 기분이 좋았습니다. 무엇보다 고기 맛이 정말 기대 이상이었어요. 육질이 신선하고 잡내 없이 부드러워서 한 점 먹자마자 “잘 왔다”는 생각이 들더라고요. 굽는 동안에도 향이 좋아서 계속 입맛을 자극했고, 어떻게 먹어도 맛있어서 만족도가 높았습니다. 직원분들도 하나같이 친절하게 응대해 주셔서 처음 방문했음에도 불편함 없이 편하게 식사할 수 있었어요. 필요한 부분을 바로바로 챙겨주시고 설명도 잘 해주셔서 더 좋았습니다. 전체적으로 맛, 분위기, 서비스까지 고루 만족스러운 곳이라 다음에도 꼭 다시 방문하고 싶은 곳이에요. 고기 맛있는 집 찾으시는 분들께 추천하고 싶습니다! 👍",388,True,5.0,5.0,브론즈 레벨,"처음 방문한 곳이었는데 들어서자마자 깔끔하고 정돈된 인테리어가 인상적이었어요. 매장이 전반적으로 깨끗해서 식사하는 내내 기분이 좋았습니다. 무엇보다 고기 맛이 정말 기대 이상이었어요. 육질이 신선하고 잡내 없이 부드러워서 한 점 먹자마자 “잘 왔다”는 생각이 들더라고요. 굽는 동안에도 향이 좋아서 계속 입맛을 자극했고, 어떻게 먹어도 맛있어서 만족도가 높았습니다. 직원분들도 하나같이 친절하게 응대해 주셔서 처음 방문했음에도 불편함 없이 편하게 식사할 수 있었어요. 필요한 부분을 바로바로 챙겨주시고 설명도 잘 해주셔서 더 좋았습니다. 전체적으로 맛, 분위기, 서비스까지 고루 만족스러운 곳이라 다음에도 꼭 다시 방문하고 싶은 곳이에요. 고기 맛있는 집 찾으시는 분들께 추천하고 싶습니다! 👍",처음 방문한 곳이었는데 들어서자마자 깔끔하고 정돈된 인테리어가 인상적이었어요 매장이 전반적으로 깨끗해서 식사하는 내내 기분이 좋았습니다 무엇보다 고기 맛이 정말 기대 이상이었어요 육질이 신선하고 잡내 없이 부드러워서 한 점 먹자마자 잘 왔다 는 생각이 들더라고요 굽는 동안에도 향이 좋아서 계속 입맛을 자극했고 어떻게 먹어도 맛있어서 만족도가 높았습니다 직원분들도 하나같이 친절하게 응대해 주셔서 처음 방문했음에도 불편함 없이 편하게 식사할 수 있었어요 필요한 부분을 바로바로 챙겨주시고 설명도 잘 해주셔서 더 좋았습니다 전체적으로 맛 분위기 서비스까지 고루 만족스러운 곳이라 다음에도 꼭 다시 방문하고 싶은 곳이에요 고기 맛있는 집 찾으시는 분들께 추천하고 싶습니다 EXCLAM EMO_POS,1,0,0,0,1,0,0,388,"분위기, 인테리어, 매장, 깔끔"
kakao,홍대 조선시대,정이든,1.0,2026-04-25,,,안주 너무 맛있었고 분위기 완전 좋았어요!!,24,True,5.0,5.0,브론즈 레벨,안주 너무 맛있었고 분위기 완전 좋았어요!!,안주 너무 맛있었고 분위기 완전 좋았어요 EXCLAM,0,0,0,0,1,0,0,24,분위기
kakao,쭌곱창,밍망몽,19.0,2025-06-23,,,"후기 좋아서 갔는데 카카오맵,네이버 리뷰 이벤트를 진행하더라고요.. 위생도 너무 별로고.. 곱창에서도 냄새나고 먹고나서 저랑 같이 간 지인 전부 배탈났어요 ㅠㅠㅠ.. 진짜 제대로 탈나서 죽을 뻔한.. ㅠㅠㅠㅜ",116,True,1.0,3.2,실버 레벨,"후기 좋아서 갔는데 카카오맵,네이버 리뷰 이벤트를 진행하더라고요.. 위생도 너무 별로고.. 곱창에서도 냄새나고 먹고나서 저랑 같이 간 지인 전부 배탈났어요 ㅠㅠㅠ.. 진짜 제대로 탈나서 죽을 뻔한.. ㅠㅠㅠㅜ",후기 좋아서 갔는데 카카오맵 네이버 리뷰 이벤트를 진행하더라고요 위생도 너무 별로고 곱창에서도 냄새나고 먹고나서 저랑 같이 간 지인 전부 배탈났어요 진짜 제대로 탈나서 죽을 뻔한,0,0,0,1,0,0,0,116,위생
naver,보끔당 성수점,산 쏘,33.0,2026.01.01,2번째 방문,영수증,볶음탕 건강하게 맛있어요!! 고기도 부드럽고 로제찜닭은 처음 시켜봤는데 맛있네요 성수동에 몇 안되는 주차되는 매장이라 종종 방문합니다!!,76,True,,,,볶음탕 건강하게 맛있어요!! 고기도 부드럽고 로제찜닭은 처음 시켜봤는데 맛있네요 성수동에 몇 안되는 주차되는 매장이라 종종 방문합니다!!,볶음탕 건강하게 맛있어요 EXCLAM 고기도 부드럽고 로제찜닭은 처음 시켜봤는데 맛있네요 성수동에 몇 안되는 주차되는 매장이라 종종 방문합니다 EXCLAM,0,0,0,0,1,0,0,76,"매장, 주차"
naver,을밀대 평양냉면,파루파,210.0,2025.10.26,1번째 방문,예약,20년부터 꾸준히 오고있는 을밀대! 옛날부터 혼자서라도 오고싶어서 눈치만 보다가 저번에 여쭤보니 혼밥도 받으신다하셔서 오늘 혼자가서 먹었어요! 거냉에 양많이로 시켰고 금방나왔습니다! (16천원) 소고기고명 너무 맛있고 양도 많고 좋네요~ 역시 추운날엔 평냉!! 최고!,149,True,,,,20년부터 꾸준히 오고있는 을밀대! 옛날부터 혼자서라도 오고싶어서 눈치만 보다가 저번에 여쭤보니 혼밥도 받으신다하셔서 오늘 혼자가서 먹었어요! 거냉에 양많이로 시켰고 금방나왔습니다! (16천원) 소고기고명 너무 맛있고 양도 많고 좋네요~ 역시 추운날엔 평냉!! 최고!,20년부터 꾸준히 오고있는 을밀대 EXCLAM 옛날부터 혼자서라도 오고싶어서 눈치만 보다가 저번에 여쭤보니 혼밥도 받으신다하셔서 오늘 혼자가서 먹었어요 EXCLAM 거냉에 양많이로 시켰고 금방나왔습니다 EXCLAM 16천원 소고기고명 너무 맛있고 양도 많고 좋네요 역시 추운날엔 평냉 EXCLAM 최고 EXCLAM,0,0,0,0,1,0,1,149,혼밥
naver,뼈탄집 성수역점,kjo****,191.0,2026.04.15,1번째 방문,영수증,"서비스, 맛, 분위기 다 만족스러웠어요 😊고기 생각날 때 다시 올 것 같은 찐 맛집이에요 ㅎㅎ 너무 잘먹고갑니다♥️",64,True,,,,"서비스, 맛, 분위기 다 만족스러웠어요 😊고기 생각날 때 다시 올 것 같은 찐 맛집이에요 ㅎㅎ 너무 잘먹고갑니다♥️",서비스 맛 분위기 다 만족스러웠어요 EMO_POS 고기 생각날 때 다시 올 것 같은 찐 맛집이에요 너무 잘먹고갑니다 EMO_POS,1,0,0,0,0,0,0,64,분위기
naver,이태리국시 성수,코코나루53,25.0,2026.04.09,1번째 방문,영수증,"회사 근처에 있어서 동료들과 함께 맛집 찾다가 들렀는데, 기대 이상으로 좋은곳을 찾은것같아요. 음식도 예쁘게 담겨서 맛깔스럽고, 식당 분위기도 좋고, 잘 온것같아요~ 또올게요",97,True,,,,"회사 근처에 있어서 동료들과 함께 맛집 찾다가 들렀는데, 기대 이상으로 좋은곳을 찾은것같아요. 음식도 예쁘게 담겨서 맛깔스럽고, 식당 분위기도 좋고, 잘 온것같아요~ 또올게요",회사 근처에 있어서 동료들과 함께 맛집 찾다가 들렀는데 기대 이상으로 좋은곳을 찾은것같아요 음식도 예쁘게 담겨서 맛깔스럽고 식당 분위기도 좋고 잘 온것같아요 또올게요,0,0,0,0,0,0,0,97,분위기
kakao,소문난성수감자탕,달나라까지,607.0,2026-01-25,,,"성수감자탕, 예전엔 진한 국물 맛으로 자주 찾던 곳이었는데… 이제는 그 맛의 흔적조차 찾기 힘들다. 국물은 밍밍하고 고기엔 정성이 느껴지지 않는다. 손님이 많아져서 그런가 싶지만, 규모가 커진 만큼 맛의 중심을 완전히 잃은 느낌이다. 게다가 주인장의 쇠소리 같은 목소리가 식사 내내 끊이지 않아 제대로 된 대화조차 하기 어렵다. 손님은 북적이는데, 그 속에 ‘맛’을 찾아온 사람보다는 그냥 유명세에 이끌린 관광객만 가득한 듯하다. 분위기만 요란하고 감자탕의 본질은 사라진 곳. 앞으로는 굳이 다시 갈 이유가 없겠다.. 고기가 뻣뻣하고 말라 있는데 뜨거운 국물에 데쳐 내놓은 느낌.. 이제 안간다.",333,False,1.0,2.9,블루 레벨,"성수감자탕, 예전엔 진한 국물 맛으로 자주 찾던 곳이었는데… 이제는 그 맛의 흔적조차 찾기 힘들다. 국물은 밍밍하고 고기엔 정성이 느껴지지 않는다. 손님이 많아져서 그런가 싶지만, 규모가 커진 만큼 맛의 중심을 완전히 잃은 느낌이다. 게다가 주인장의 쇠소리 같은 목소리가 식사 내내 끊이지 않아 제대로 된 대화조차 하기 어렵다. 손님은 북적이는데, 그 속에 ‘맛’을 찾아온 사람보다는 그냥 유명세에 이끌린 관광객만 가득한 듯하다. 분위기만 요란하고 감자탕의 본질은 사라진 곳. 앞으로는 굳이 다시 갈 이유가 없겠다.. 고기가 뻣뻣하고 말라 있는데 뜨거운 국물에 데쳐 내놓은 느낌.. 이제 안간다.",성수감자탕 예전엔 진한 국물 맛으로 자주 찾던 곳이었는데 이제는 그 맛의 흔적조차 찾기 힘들다 국물은 밍밍하고 고기엔 정성이 느껴지지 않는다 손님이 많아져서 그런가 싶지만 규모가 커진 만큼 맛의 중심을 완전히 잃은 느낌이다 게다가 주인장의 쇠소리 같은 목소리가 식사 내내 끊이지 않아 제대로 된 대화조차 하기 어렵다 손님은 북적이는데 그 속에 맛 을 찾아온 사람보다는 그냥 유명세에 이끌린 관광객만 가득한 듯하다 분위기만 요란하고 감자탕의 본질은 사라진 곳 앞으로는 굳이 다시 갈 이유가 없겠다 고기가 뻣뻣하고 말라 있는데 뜨거운 국물에 데쳐 내놓은 느낌 이제 안간다,0,0,0,0,0,0,0,333,분위기
naver,할머니의 레시피,tir****,458.0,2025.11.25,1번째 방문,영수증,음식들이 정갈하고 맛있어요. 특히 호박죽 맛있게 먹었어요. 분위기도 좋고 친절해요.,46,True,,,,음식들이 정갈하고 맛있어요. 특히 호박죽 맛있게 먹었어요. 분위기도 좋고 친절해요.,음식들이 정갈하고 맛있어요 특히 호박죽 맛있게 먹었어요 분위기도 좋고 친절해요,0,0,0,0,0,0,0,46,분위기
kakao,소문난성수감자탕,행복,182.0,2025-07-06,,,혼자가면.웨이팅두 없고 좋네요 ㅎ 우거지는 좀 많이짠데 고기가 간이 삼삼해서 좋았어요. 저는 간이 더 덜됐으면좋겠어요~ 직원 아주머니들도.친절하시고 메뉴도.1분만에 나와서 최고입니다. 위생이 그닥이라 4점인데 전 재방문의사.있어요(웨이팅있으면 x),138,False,4.0,3.9,골드 레벨,혼자가면.웨이팅두 없고 좋네요 ㅎ 우거지는 좀 많이짠데 고기가 간이 삼삼해서 좋았어요. 저는 간이 더 덜됐으면좋겠어요~ 직원 아주머니들도.친절하시고 메뉴도.1분만에 나와서 최고입니다. 위생이 그닥이라 4점인데 전 재방문의사.있어요(웨이팅있으면 x),혼자가면 웨이팅두 없고 좋네요 우거지는 좀 많이짠데 고기가 간이 삼삼해서 좋았어요 저는 간이 더 덜됐으면좋겠어요 직원 아주머니들도 친절하시고 메뉴도 1분만에 나와서 최고입니다 위생이 그닥이라 4점인데 전 재방문의사 있어요 웨이팅있으면 x,0,0,0,0,0,0,1,138,위생
naver,조선시대,빙닝,125.0,2026.02.20,1번째 방문,영수증,계란왕누룽지랑 닭발김치전 시켰어요~! 간도 적당하고 넘 맛있게 먹얶어용 술집도 생각보다 조용해서 말하기 편했어요 강추~~~담에 와서 다른 안주도 먹어보려구용,87,True,,,,계란왕누룽지랑 닭발김치전 시켰어요~! 간도 적당하고 넘 맛있게 먹얶어용 술집도 생각보다 조용해서 말하기 편했어요 강추~~~담에 와서 다른 안주도 먹어보려구용,계란왕누룽지랑 닭발김치전 시켰어요 EXCLAM 간도 적당하고 넘 맛있게 먹얶어용 술집도 생각보다 조용해서 말하기 편했어요 강추 TILDE 담에 와서 다른 안주도 먹어보려구용,0,0,0,0,1,0,0,87,조용
kakao,뼈탄집 성수역점,심국현,2.0,2026-01-01,,,음식이 개긋하고 너무 맛있어요 깔끔식당,21,False,5.0,4.5,브론즈 레벨,음식이 개긋하고 너무 맛있어요 깔끔식당,음식이 개긋하고 너무 맛있어요 깔끔식당,0,0,0,0,0,0,0,21,깔끔
kakao,할머니의레시피,박지원,4.0,2026-02-22,,,창가자리 앉고싶어서 일부러 5시 오픈 하자마자 달려 갔는데 2인은 안된다고 구석 안쪽에 앉게 하셨습니다. 한참 뒤에 온 2인은 창가자리 앉게 해주시더라고요? 여기 가게 좋아해서 자주왔는데 창가 못앉게 한건 처음이였어요. 마음 상해서 이제 안갑니다,137,False,1.0,2.0,브론즈 레벨,창가자리 앉고싶어서 일부러 5시 오픈 하자마자 달려 갔는데 2인은 안된다고 구석 안쪽에 앉게 하셨습니다. 한참 뒤에 온 2인은 창가자리 앉게 해주시더라고요? 여기 가게 좋아해서 자주왔는데 창가 못앉게 한건 처음이였어요. 마음 상해서 이제 안갑니다,창가자리 앉고싶어서 일부러 5시 오픈 하자마자 달려 갔는데 2인은 안된다고 구석 안쪽에 앉게 하셨습니다 한참 뒤에 온 2인은 창가자리 앉게 해주시더라고요 QUESTION 여기 가게 좋아해서 자주왔는데 창가 못앉게 한건 처음이였어요 마음 상해서 이제 안갑니다,0,0,0,0,0,1,1,137,자리
naver,황금콩밭,ohmona,1920.0,2025.06.09,1번째 방문,영수증,혼밥이나 여럿이 먹으러 와도 괜찮을 듯한 가격 구성도 좋고 미슐랭이라 지정 된 만큼 맛도 좋네요! 오랜만에 청국장 먹었는데 간이 쌔지않고 조금 슴슴하면서 구수한 맛이 올라와요. 식후 짠기로 목이 마르거나 텁텁함이 없어 더 좋았습니다. 근처 오게되면 재방문 하고싶어요👏,149,True,,,,혼밥이나 여럿이 먹으러 와도 괜찮을 듯한 가격 구성도 좋고 미슐랭이라 지정 된 만큼 맛도 좋네요! 오랜만에 청국장 먹었는데 간이 쌔지않고 조금 슴슴하면서 구수한 맛이 올라와요. 식후 짠기로 목이 마르거나 텁텁함이 없어 더 좋았습니다. 근처 오게되면 재방문 하고싶어요👏,혼밥이나 여럿이 먹으러 와도 괜찮을 듯한 가격 구성도 좋고 미슐랭이라 지정 된 만큼 맛도 좋네요 EXCLAM 오랜만에 청국장 먹었는데 간이 쌔지않고 조금 슴슴하면서 구수한 맛이 올라와요 식후 짠기로 목이 마르거나 텁텁함이 없어 더 좋았습니다 근처 오게되면 재방문 하고싶어요 EMO_POS,1,0,0,0,1,0,0,149,혼밥
naver,을밀대 평양냉면,ililiiliiiliil,380.0,2026.03.14,2번째 방문,영수증,주차장 존재 맛으론 사오이시 가성비 포함 삼팔이시 겨울에도 은근 사람 존재 전은 냉면 다 먹고 시키는게 낫다 맛이 안 느껴짐,69,True,,,,주차장 존재 맛으론 사오이시 가성비 포함 삼팔이시 겨울에도 은근 사람 존재 전은 냉면 다 먹고 시키는게 낫다 맛이 안 느껴짐,주차장 존재 맛으론 사오이시 가성비 포함 삼팔이시 겨울에도 은근 사람 존재 전은 냉면 다 먹고 시키는게 낫다 맛이 안 느껴짐,0,0,0,0,0,0,0,69,주차
kakao,이태리국시 성수,박현영,1.0,2026-04-28,,,"넘 감동적인 맛이엇서요ㅜㅜ 데이트, 친구, 가족 누구랑 오든 추천합니다 갑오징어가 정말 ○○○○이에여!!!!",60,True,5.0,5.0,브론즈 레벨,"넘 감동적인 맛이엇서요ㅜㅜ 데이트, 친구, 가족 누구랑 오든 추천합니다 갑오징어가 정말 ○○○○이에여!!!!",넘 감동적인 맛이엇서요 데이트 친구 가족 누구랑 오든 추천합니다 갑오징어가 정말 이에여 EXCLAM,0,0,0,1,1,0,0,60,데이트
naver,홍대 육지,jun****,8.0,2026.04.30,1번째 방문,영수증,리뷰 저 안쓰는데 여기는 안쓸 수가 없네요.. 너무 맛있었어요 직원분도 너무 친절하시고 매장도 너무 넓어서 편하게 식사할 수 있었습니다,75,True,,,,리뷰 저 안쓰는데 여기는 안쓸 수가 없네요.. 너무 맛있었어요 직원분도 너무 친절하시고 매장도 너무 넓어서 편하게 식사할 수 있었습니다,리뷰 저 안쓰는데 여기는 안쓸 수가 없네요 너무 맛있었어요 직원분도 너무 친절하시고 매장도 너무 넓어서 편하게 식사할 수 있었습니다,0,0,0,0,0,0,0,75,"매장, 넓"
kakao,을밀대 본점,니니,5.0,2025-07-31,,,깔끔하니 찐평냉이 먹고 싶으면 추천👍🏻,21,False,5.0,3.4,브론즈 레벨,깔끔하니 찐평냉이 먹고 싶으면 추천👍🏻,깔끔하니 찐평냉이 먹고 싶으면 추천 EMO_POS,1,0,0,0,0,0,0,21,깔끔
naver,소문난성수감자탕,AY77,18.0,2025.12.19,1번째 방문,영수증,약 8-9년 전에 처음 갔었고 그때나 지금이나 줄없이 들어가서 가성비 좋게 먹기 좋은 곳. 분위기는 시장통이고 일하시는 분들 계속 소리질러서 귀 아픔. 절대 기다려서 먹을 맛은 아님.,102,False,,,,약 8-9년 전에 처음 갔었고 그때나 지금이나 줄없이 들어가서 가성비 좋게 먹기 좋은 곳. 분위기는 시장통이고 일하시는 분들 계속 소리질러서 귀 아픔. 절대 기다려서 먹을 맛은 아님.,약 8 9년 전에 처음 갔었고 그때나 지금이나 줄없이 들어가서 가성비 좋게 먹기 좋은 곳 분위기는 시장통이고 일하시는 분들 계속 소리질러서 귀 아픔 절대 기다려서 먹을 맛은 아님,0,0,0,0,0,0,1,102,분위기
kakao,능동미나리 성수점,맛집 항해사,48.0,2025-12-18,,,"미나리의 향 바다. 입구에서부터 미나리 향이 들어옵니다. 기본 반찬에 미나리 무침도 향긋하게 맛납니다. 석박지도 좋았어요. 일단 국밥은 깊고 깔끔한 맛에 미나리가 가득 올라가 있습니다. 고기도 굉장히 부드럽게 잘 삶아졌습니다. 밥은 아래에 깔려 있었어요. 국물에서 미나리가 가득 느껴지기 보단, 위에 잔뜩 올라간 미나리와 같이 국물을 씹을 때의 향이 좋았어요. 개인적으로 국밥보다 더 맛있다고 느낀 육회비빔밥! 참기름향과 향긋한 미나리, 맛난 육회고기가 만나서 정말 맛있었습니다. 육회비빔밥을 먹다가 중간중간 국밥의 국물을 먹으면 환상적이었어요. 전체적으로 가게 구조가 복잡하고 테이블 간 간격이 조금 좁아서 힘들지만, 그럼에도 기회가 되신다면 방문해보기를 추천하는 곳입니다. 전체적으로 너무 미나리지만, 오히려 그래서 향긋했던 맛집입니다. 잘 먹었습니다.",423,False,4.0,3.7,실버 레벨,"미나리의 향 바다. 입구에서부터 미나리 향이 들어옵니다. 기본 반찬에 미나리 무침도 향긋하게 맛납니다. 석박지도 좋았어요. 일단 국밥은 깊고 깔끔한 맛에 미나리가 가득 올라가 있습니다. 고기도 굉장히 부드럽게 잘 삶아졌습니다. 밥은 아래에 깔려 있었어요. 국물에서 미나리가 가득 느껴지기 보단, 위에 잔뜩 올라간 미나리와 같이 국물을 씹을 때의 향이 좋았어요. 개인적으로 국밥보다 더 맛있다고 느낀 육회비빔밥! 참기름향과 향긋한 미나리, 맛난 육회고기가 만나서 정말 맛있었습니다. 육회비빔밥을 먹다가 중간중간 국밥의 국물을 먹으면 환상적이었어요. 전체적으로 가게 구조가 복잡하고 테이블 간 간격이 조금 좁아서 힘들지만, 그럼에도 기회가 되신다면 방문해보기를 추천하는 곳입니다. 전체적으로 너무 미나리지만, 오히려 그래서 향긋했던 맛집입니다. 잘 먹었습니다.",미나리의 향 바다 입구에서부터 미나리 향이 들어옵니다 기본 반찬에 미나리 무침도 향긋하게 맛납니다 석박지도 좋았어요 일단 국밥은 깊고 깔끔한 맛에 미나리가 가득 올라가 있습니다 고기도 굉장히 부드럽게 잘 삶아졌습니다 밥은 아래에 깔려 있었어요 국물에서 미나리가 가득 느껴지기 보단 위에 잔뜩 올라간 미나리와 같이 국물을 씹을 때의 향이 좋았어요 개인적으로 국밥보다 더 맛있다고 느낀 육회비빔밥 EXCLAM 참기름향과 향긋한 미나리 맛난 육회고기가 만나서 정말 맛있었습니다 육회비빔밥을 먹다가 중간중간 국밥의 국물을 먹으면 환상적이었어요 전체적으로 가게 구조가 복잡하고 테이블 간 간격이 조금 좁아서 힘들지만 그럼에도 기회가 되신다면 방문해보기를 추천하는 곳입니다 전체적으로 너무 미나리지만 오히려 그래서 향긋했던 맛집입니다 잘 먹었습니다,0,0,0,0,1,0,0,423,"테이블, 깔끔, 좁"
naver,육산장 홍대본점,jiu****,8.0,2026.04.03,1번째 방문,영수증,매장도 넓고 음식도 엄청 빨리 나와요! 대기 없이 바로 들어갈 수 있고 맛있어서 다음에 또 올거같아요:),58,True,,,,매장도 넓고 음식도 엄청 빨리 나와요! 대기 없이 바로 들어갈 수 있고 맛있어서 다음에 또 올거같아요:),매장도 넓고 음식도 엄청 빨리 나와요 EXCLAM 대기 없이 바로 들어갈 수 있고 맛있어서 다음에 또 올거같아요,0,0,0,0,1,0,0,58,"매장, 넓"
kakao,뼈탄집 성수역점,.,2.0,2026-03-13,,,예전에 우연히 한번 왔다가 너무 맛있어사 성수 들린김에 또 왔어요!!! 고기도 직접 구워주셔서 너무 편하고 테이블도 널찍널찍 해서 좋아용 고기는 물론 계탄밥도 존맛이고 직원분들도 하나같이 다 친절하십니다 완전 만족스런 식사에요🥰,127,True,5.0,5.0,브론즈 레벨,예전에 우연히 한번 왔다가 너무 맛있어사 성수 들린김에 또 왔어요!!! 고기도 직접 구워주셔서 너무 편하고 테이블도 널찍널찍 해서 좋아용 고기는 물론 계탄밥도 존맛이고 직원분들도 하나같이 다 친절하십니다 완전 만족스런 식사에요🥰,예전에 우연히 한번 왔다가 너무 맛있어사 성수 들린김에 또 왔어요 EXCLAM 고기도 직접 구워주셔서 너무 편하고 테이블도 널찍널찍 해서 좋아용 고기는 물론 계탄밥도 존맛이고 직원분들도 하나같이 다 친절하십니다 완전 만족스런 식사에요 EMO_POS,1,0,0,0,1,0,0,127,테이블
naver,을밀대 평양냉면,상휘짱,575.0,2025.12.14,1번째 방문,영수증,몇년만에 오는 지. 자리 앉자마자 1분만에 갖다줍니다.ㅎㅎ 엄청 맛있게 흡입하고 왔어요~,49,True,,,,몇년만에 오는 지. 자리 앉자마자 1분만에 갖다줍니다.ㅎㅎ 엄청 맛있게 흡입하고 왔어요~,몇년만에 오는 지 자리 앉자마자 1분만에 갖다줍니다 엄청 맛있게 흡입하고 왔어요,0,0,0,0,0,0,1,49,자리
naver,할머니의 레시피,졸린곰돌,176.0,2026.04.11,1번째 방문,영수증,"장점: 친절해요, 맛있어요, 건강한 맛이에요, 매장이 청결해요, 깔끔합니다, 재방문 의사 있어요 참고: 웨이팅 길어요 토요일 12시 14분 도착해서 13시 04에 식사했습니다",97,True,,,,"장점: 친절해요, 맛있어요, 건강한 맛이에요, 매장이 청결해요, 깔끔합니다, 재방문 의사 있어요 참고: 웨이팅 길어요 토요일 12시 14분 도착해서 13시 04에 식사했습니다",장점 친절해요 맛있어요 건강한 맛이에요 매장이 청결해요 깔끔합니다 재방문 의사 있어요 참고 웨이팅 길어요 토요일 12시 14분 도착해서 13시 04에 식사했습니다,0,0,0,0,0,0,1,97,"매장, 청결, 깔끔"
naver,육산장 홍대본점,안뉴6346,26.0,2026.04.03,1번째 방문,영수증,지인분들과 함께 저녁먹으로 왔습니다 분위기가 너무 좋네요.,32,True,,,,지인분들과 함께 저녁먹으로 왔습니다 분위기가 너무 좋네요.,지인분들과 함께 저녁먹으로 왔습니다 분위기가 너무 좋네요,0,0,0,0,0,0,0,32,분위기
naver,육산장 홍대본점,뚜뚜65,167.0,2026.04.18,1번째 방문,영수증,너무 맛있어요!! 분위기 진짜 짱 대박이에요 초벌 햐쥬셔소 굽기 편하고 양념도 많아서 좋앗숩니다,53,True,,,,너무 맛있어요!! 분위기 진짜 짱 대박이에요 초벌 햐쥬셔소 굽기 편하고 양념도 많아서 좋앗숩니다,너무 맛있어요 EXCLAM 분위기 진짜 짱 대박이에요 초벌 햐쥬셔소 굽기 편하고 양념도 많아서 좋앗숩니다,0,0,0,0,1,0,0,53,분위기
naver,금금 성수점,j12uni,27.0,2026.04.28,1번째 방문,영수증,친구랑 방문했습니다 ~ 분위기 좋아요 !,22,True,,,,친구랑 방문했습니다 ~ 분위기 좋아요 !,친구랑 방문했습니다 분위기 좋아요 EXCLAM,0,0,0,0,1,0,0,22,분위기
naver,훼미리손칼국수보쌈,꽃10,6.0,2025.11.23,1번째 방문,영수증,"지인들이랑 맛집이라고 일부러 찾아간건데.. 맛은 평범한데 되게 실망했어요. 일단 다 먹지도 않았는데 빨리 나가라고 눈치를 되게 여러번 주셔서 다 먹지도 못하고 불편하게 나온게 제일 불쾌했구요. 보쌈이 퍽퍽살 부분이 걸리면 솔직히 맛없는데, 안그래도 퍽퍽한데 귀찮으셨는지 너무 크게 썰어져 나와서 먹을때마다 숟가락으로 잘라 먹고 이게 뭔가 싶었네요. 굳이 일부러 찾아가거나 웨이팅까지 할 정도는 아니라고 생각이 들었어요. 친절까진 아니더라도 사람이 밥을 먹고 있는데(사람들 왔다갔다 하도 정신없고 시끄러워서 지인들 대화도 없이 후딱 먹느라 늦게 먹는 것도 아니었음) 눈치를 대체 몇번을 주시는거에요. 그리고 위생도 좀.. 앞접시마다 고춧가루 묻어있고, 화장실 가는 입구쪽에 배추접시 쌓아져있고.. 다신 안갈것 같아요.",400,False,,,,"지인들이랑 맛집이라고 일부러 찾아간건데.. 맛은 평범한데 되게 실망했어요. 일단 다 먹지도 않았는데 빨리 나가라고 눈치를 되게 여러번 주셔서 다 먹지도 못하고 불편하게 나온게 제일 불쾌했구요. 보쌈이 퍽퍽살 부분이 걸리면 솔직히 맛없는데, 안그래도 퍽퍽한데 귀찮으셨는지 너무 크게 썰어져 나와서 먹을때마다 숟가락으로 잘라 먹고 이게 뭔가 싶었네요. 굳이 일부러 찾아가거나 웨이팅까지 할 정도는 아니라고 생각이 들었어요. 친절까진 아니더라도 사람이 밥을 먹고 있는데(사람들 왔다갔다 하도 정신없고 시끄러워서 지인들 대화도 없이 후딱 먹느라 늦게 먹는 것도 아니었음) 눈치를 대체 몇번을 주시는거에요. 그리고 위생도 좀.. 앞접시마다 고춧가루 묻어있고, 화장실 가는 입구쪽에 배추접시 쌓아져있고.. 다신 안갈것 같아요.",지인들이랑 맛집이라고 일부러 찾아간건데 맛은 평범한데 되게 실망했어요 일단 다 먹지도 않았는데 빨리 나가라고 눈치를 되게 여러번 주셔서 다 먹지도 못하고 불편하게 나온게 제일 불쾌했구요 보쌈이 퍽퍽살 부분이 걸리면 솔직히 맛없는데 안그래도 퍽퍽한데 귀찮으셨는지 너무 크게 썰어져 나와서 먹을때마다 숟가락으로 잘라 먹고 이게 뭔가 싶었네요 굳이 일부러 찾아가거나 웨이팅까지 할 정도는 아니라고 생각이 들었어요 친절까진 아니더라도 사람이 밥을 먹고 있는데 사람들 왔다갔다 하도 정신없고 시끄러워서 지인들 대화도 없이 후딱 먹느라 늦게 먹는 것도 아니었음 눈치를 대체 몇번을 주시는거에요 그리고 위생도 좀 앞접시마다 고춧가루 묻어있고 화장실 가는 입구쪽에 배추접시 쌓아져있고 다신 안갈것 같아요,0,0,0,0,0,0,0,400,"위생, 화장실"
kakao,일등식당,노란꽃,197.0,2025-02-15,,,넘 맛있아요ㅠㅠ 특아니고 일반시켰는데도 양 많고 뼈에 살도 많아요! 찍어먹는 소스도 진짜 맛있는데 모르시는 분들이 많으신가봐요 정수기 앞 테이블에 소스 있으니까 꼭 찍어서 드세요!!!,102,False,5.0,4.9,골드 레벨,넘 맛있아요ㅠㅠ 특아니고 일반시켰는데도 양 많고 뼈에 살도 많아요! 찍어먹는 소스도 진짜 맛있는데 모르시는 분들이 많으신가봐요 정수기 앞 테이블에 소스 있으니까 꼭 찍어서 드세요!!!,넘 맛있아요 특아니고 일반시켰는데도 양 많고 뼈에 살도 많아요 EXCLAM 찍어먹는 소스도 진짜 맛있는데 모르시는 분들이 많으신가봐요 정수기 앞 테이블에 소스 있으니까 꼭 찍어서 드세요 EXCLAM,0,0,0,1,1,0,0,102,테이블
naver,홍대 육지,eve****,26.0,2026.02.25,1번째 방문,영수증,운좋게 자리가 나서 바로 들어갈수있었어요 유명한만큼 고기질도 너무좋고 맛이 정말 황홀합니다 깍둑볶음밥은 필수입니다 필수!,67,True,,,,운좋게 자리가 나서 바로 들어갈수있었어요 유명한만큼 고기질도 너무좋고 맛이 정말 황홀합니다 깍둑볶음밥은 필수입니다 필수!,운좋게 자리가 나서 바로 들어갈수있었어요 유명한만큼 고기질도 너무좋고 맛이 정말 황홀합니다 깍둑볶음밥은 필수입니다 필수 EXCLAM,0,0,0,0,1,0,0,67,자리
naver,조선시대,지성1364,23.0,2026.03.22,1번째 방문,영수증,홍대에서 분위기 좋은 술집 찾다가 방문했습니다 주막컨셉 술집이라 인테리어도 좋았습니다 철판 닭목살삼겹살 주문했는데 소주랑 잘 어울리는 안주였어요,80,True,,,,홍대에서 분위기 좋은 술집 찾다가 방문했습니다 주막컨셉 술집이라 인테리어도 좋았습니다 철판 닭목살삼겹살 주문했는데 소주랑 잘 어울리는 안주였어요,홍대에서 분위기 좋은 술집 찾다가 방문했습니다 주막컨셉 술집이라 인테리어도 좋았습니다 철판 닭목살삼겹살 주문했는데 소주랑 잘 어울리는 안주였어요,0,0,0,0,0,0,0,80,"분위기, 인테리어"
naver,조선시대,영수증리뷰중독자,953.0,2026.02.02,1번째 방문,영수증,"※협찬 받고 남기는 리뷰지만 원래 간 곳들 리뷰 다 남기는 사람입니당 :) 🎈 기본적으로 소수보단 단체 모임에 추천하는 술집 🎈 내부 공간이 다양하고, 룸이나 구석진 자리가 다양하게 있어서 좋음 🎈 전체적으로 안주 가격대가 있으나 그만치 양도 많은 곳 🎈 부대찌개 솔직히 짰는데 그만치 안에 햄과 고기가 미친듯이 많고, 더 여럿이 갔으면 라면사리 추가해서 물붓고 두판이상은 먹을만한 양 🎈 딸기막걸리 진심 딸기반 막걸리반. 덜어마시고 막걸리 더 섞어먹어도 될듯 🎈 게임 + 코인 시스템도 재밌음. 코인 할인(개당 천원)이 은근 쏠쏠함",298,True,,,,"※협찬 받고 남기는 리뷰지만 원래 간 곳들 리뷰 다 남기는 사람입니당 :) 🎈 기본적으로 소수보단 단체 모임에 추천하는 술집 🎈 내부 공간이 다양하고, 룸이나 구석진 자리가 다양하게 있어서 좋음 🎈 전체적으로 안주 가격대가 있으나 그만치 양도 많은 곳 🎈 부대찌개 솔직히 짰는데 그만치 안에 햄과 고기가 미친듯이 많고, 더 여럿이 갔으면 라면사리 추가해서 물붓고 두판이상은 먹을만한 양 🎈 딸기막걸리 진심 딸기반 막걸리반. 덜어마시고 막걸리 더 섞어먹어도 될듯 🎈 게임 + 코인 시스템도 재밌음. 코인 할인(개당 천원)이 은근 쏠쏠함",협찬 받고 남기는 리뷰지만 원래 간 곳들 리뷰 다 남기는 사람입니당 기본적으로 소수보단 단체 모임에 추천하는 술집 내부 공간이 다양하고 룸이나 구석진 자리가 다양하게 있어서 좋음 전체적으로 안주 가격대가 있으나 그만치 양도 많은 곳 부대찌개 솔직히 짰는데 그만치 안에 햄과 고기가 미친듯이 많고 더 여럿이 갔으면 라면사리 추가해서 물붓고 두판이상은 먹을만한 양 딸기막걸리 진심 딸기반 막걸리반 덜어마시고 막걸리 더 섞어먹어도 될듯 게임 코인 시스템도 재밌음 코인 할인 개당 천원 이 은근 쏠쏠함,0,0,0,0,0,0,0,298,"내부, 공간, 자리"
kakao,태양곱창 성수,오소리,1.0,2025-02-12,,,저녁에 친구들이랑 술 한잔 하러 오기 좋은 성수 곱창 맛집!! 성수역이랑 가까운 편이라 곱창이랑 술 한잔 하고 대중교통 이용해서 집에 가기 좋은 위치에요~,86,False,5.0,5.0,브론즈 레벨,저녁에 친구들이랑 술 한잔 하러 오기 좋은 성수 곱창 맛집!! 성수역이랑 가까운 편이라 곱창이랑 술 한잔 하고 대중교통 이용해서 집에 가기 좋은 위치에요~,저녁에 친구들이랑 술 한잔 하러 오기 좋은 성수 곱창 맛집 EXCLAM 성수역이랑 가까운 편이라 곱창이랑 술 한잔 하고 대중교통 이용해서 집에 가기 좋은 위치에요,0,0,0,0,1,0,0,86,위치
naver,육산장 홍대본점,아라레짱,319.0,2026.02.04,1번째 방문,영수증,분위기가 좋아서 홍대 오면서 먹으러왔어요! 파무침 진짜 맛나구요…. 사장님특제소스에 빵가루 찍어서 고기먹으면 진짜 맛있어요… 분위기 맛 둘다 최고입니다 셀프볶음밥도 같이 볶던 김치랑 콩나물넣어서 먹으면 짱이에요,117,True,,,,분위기가 좋아서 홍대 오면서 먹으러왔어요! 파무침 진짜 맛나구요…. 사장님특제소스에 빵가루 찍어서 고기먹으면 진짜 맛있어요… 분위기 맛 둘다 최고입니다 셀프볶음밥도 같이 볶던 김치랑 콩나물넣어서 먹으면 짱이에요,분위기가 좋아서 홍대 오면서 먹으러왔어요 EXCLAM 파무침 진짜 맛나구요 사장님특제소스에 빵가루 찍어서 고기먹으면 진짜 맛있어요 분위기 맛 둘다 최고입니다 셀프볶음밥도 같이 볶던 김치랑 콩나물넣어서 먹으면 짱이에요,0,0,0,0,1,0,0,117,분위기
kakao,을밀대 본점,ㅡㅡ,44.0,2025-02-28,,,"예전부터 평양냉면 맛집 하면 언급되는 노포 중 하나인 을밀대에 다녀왔습니다. 토요일 6시에 도착했는데 가게 앞에 대기하는 사람이 10여명 정도 있었네요. 2월에도 이렇게 밀리는데 여름에는 대체 얼마나 밀릴지 짐작이 안 갈 정도입니다. 사실 평양냉면 맛이라고 하면, 좋게 말하면 슴슴하고 깔끔한데, 나쁘게 말하면 밍밍하다고 표현하지요. 예전에 몇몇 가게들 또한 그런 느낌이었는데, 을밀대는 그래도 육수 맛이 비교적 진하게 느껴졌습니다. 물론 공장제 육수처럼 짭짤하고 시큼한 맛을 기대하고 가면 안 됩니다. 거냉(얼음 빼고), 양마니(곱빼기), 오이 빼고 주문했습니다. 가격은 보통과 똑같은데 양을 정말 많이 주셨어요. 다음에는 녹두전도 시켜봐야겠습니다. 그리고 3월부터 가격이 오른다네요. 메뉴판 사진 속 가격이 3월부터 적용되는 가격입니다. 참고하시길.",421,False,5.0,4.8,실버 레벨,"예전부터 평양냉면 맛집 하면 언급되는 노포 중 하나인 을밀대에 다녀왔습니다. 토요일 6시에 도착했는데 가게 앞에 대기하는 사람이 10여명 정도 있었네요. 2월에도 이렇게 밀리는데 여름에는 대체 얼마나 밀릴지 짐작이 안 갈 정도입니다. 사실 평양냉면 맛이라고 하면, 좋게 말하면 슴슴하고 깔끔한데, 나쁘게 말하면 밍밍하다고 표현하지요. 예전에 몇몇 가게들 또한 그런 느낌이었는데, 을밀대는 그래도 육수 맛이 비교적 진하게 느껴졌습니다. 물론 공장제 육수처럼 짭짤하고 시큼한 맛을 기대하고 가면 안 됩니다. 거냉(얼음 빼고), 양마니(곱빼기), 오이 빼고 주문했습니다. 가격은 보통과 똑같은데 양을 정말 많이 주셨어요. 다음에는 녹두전도 시켜봐야겠습니다. 그리고 3월부터 가격이 오른다네요. 메뉴판 사진 속 가격이 3월부터 적용되는 가격입니다. 참고하시길.",예전부터 평양냉면 맛집 하면 언급되는 노포 중 하나인 을밀대에 다녀왔습니다 토요일 6시에 도착했는데 가게 앞에 대기하는 사람이 10여명 정도 있었네요 2월에도 이렇게 밀리는데 여름에는 대체 얼마나 밀릴지 짐작이 안 갈 정도입니다 사실 평양냉면 맛이라고 하면 좋게 말하면 슴슴하고 깔끔한데 나쁘게 말하면 밍밍하다고 표현하지요 예전에 몇몇 가게들 또한 그런 느낌이었는데 을밀대는 그래도 육수 맛이 비교적 진하게 느껴졌습니다 물론 공장제 육수처럼 짭짤하고 시큼한 맛을 기대하고 가면 안 됩니다 거냉 얼음 빼고 양마니 곱빼기 오이 빼고 주문했습니다 가격은 보통과 똑같은데 양을 정말 많이 주셨어요 다음에는 녹두전도 시켜봐야겠습니다 그리고 3월부터 가격이 오른다네요 메뉴판 사진 속 가격이 3월부터 적용되는 가격입니다 참고하시길,0,0,0,0,0,0,1,421,깔끔
kakao,육산장 홍대본점,태식,1.0,2025-05-25,,,고기 맛집!!! 분위기 맛집!!! 너무 좋아요~,26,True,5.0,5.0,브론즈 레벨,고기 맛집!!! 분위기 맛집!!! 너무 좋아요~,고기 맛집 EXCLAM 분위기 맛집 EXCLAM 너무 좋아요,0,0,0,0,1,0,0,26,분위기
naver,쭌곱창,Kartoon,24.0,2026.04.04,1번째 방문,영수증,맛있고 공간이 아늑해서 지인끼리 시간보내기 좋아요!,28,True,,,,맛있고 공간이 아늑해서 지인끼리 시간보내기 좋아요!,맛있고 공간이 아늑해서 지인끼리 시간보내기 좋아요 EXCLAM,0,0,0,0,1,0,0,28,공간
naver,할머니의 레시피,깐깐한 아부지,3067.0,2025.02.21,4번째 방문,영수증,가게안도 깨끗 깔끔하고 직원분들 친절하고 음식도 전반적으로 맛있어서 가끔 오는 곳이랍니다~ 아이도 잘 먹고 잘 먹고 감니다~ 종종 들릴게요~ㅎㅎ,80,True,,,,가게안도 깨끗 깔끔하고 직원분들 친절하고 음식도 전반적으로 맛있어서 가끔 오는 곳이랍니다~ 아이도 잘 먹고 잘 먹고 감니다~ 종종 들릴게요~ㅎㅎ,가게안도 깨끗 깔끔하고 직원분들 친절하고 음식도 전반적으로 맛있어서 가끔 오는 곳이랍니다 아이도 잘 먹고 잘 먹고 감니다 종종 들릴게요,0,0,0,0,0,0,0,80,깔끔
kakao,홍대 조선시대,박기현,1.0,2026-02-12,,,여긴 항상 분위기가 너무 좋아요!!!,20,True,5.0,5.0,브론즈 레벨,여긴 항상 분위기가 너무 좋아요!!!,여긴 항상 분위기가 너무 좋아요 EXCLAM,0,0,0,0,1,0,0,20,분위기
naver,훼미리손칼국수보쌈,fla****,202.0,2026.01.29,1번째 방문,영수증,"지난번 평일 점심시간에 방문했다가 웨이팅이 너무 길어서 아쉽게 포기했었는데요, 이번에 다시 재도전해서 다녀왔어요! 보쌈 정식과 만두국을 주문했는데, 보쌈은 배추쌈과 함께 먹으니 깔끔하고 맛있었고, 만두국은 국물이 진하고 담백해서 추운 날씨에 몸이 따뜻하게 풀리는 느낌이었어요. 만두피는 어느 정도 존재감이 있지만 두껍게 느껴질 정도는 아니어서 쫄깃한 식감이 국물과 잘 어울렸습니다.",213,True,,,,"지난번 평일 점심시간에 방문했다가 웨이팅이 너무 길어서 아쉽게 포기했었는데요, 이번에 다시 재도전해서 다녀왔어요! 보쌈 정식과 만두국을 주문했는데, 보쌈은 배추쌈과 함께 먹으니 깔끔하고 맛있었고, 만두국은 국물이 진하고 담백해서 추운 날씨에 몸이 따뜻하게 풀리는 느낌이었어요. 만두피는 어느 정도 존재감이 있지만 두껍게 느껴질 정도는 아니어서 쫄깃한 식감이 국물과 잘 어울렸습니다.",지난번 평일 점심시간에 방문했다가 웨이팅이 너무 길어서 아쉽게 포기했었는데요 이번에 다시 재도전해서 다녀왔어요 EXCLAM 보쌈 정식과 만두국을 주문했는데 보쌈은 배추쌈과 함께 먹으니 깔끔하고 맛있었고 만두국은 국물이 진하고 담백해서 추운 날씨에 몸이 따뜻하게 풀리는 느낌이었어요 만두피는 어느 정도 존재감이 있지만 두껍게 느껴질 정도는 아니어서 쫄깃한 식감이 국물과 잘 어울렸습니다,0,0,0,0,1,0,0,213,깔끔
naver,옥동식,hee****,545.0,2025.02.01,1번째 방문,영수증,옥동식! 마쉐린가이드 맛집으로 유명한 곳이라해서 오픈런으로 방문했어요 11시 오픈 10시 10분 도착 2번이였기에 캐치테이블 눌러놓고 골목 구경하며 시간 보냈는데 기다린 보람이 있을만큼 군더더기 없이 깔끔한 국밥맛이 참 좋았어요 기본이랑 특 사이즈가 이렇게 다를줄이야 고기 양이 상당히 많아지니 남자분들는 특 사이즈 주문해드셔도 좋을것 같아요,191,True,,,,옥동식! 마쉐린가이드 맛집으로 유명한 곳이라해서 오픈런으로 방문했어요 11시 오픈 10시 10분 도착 2번이였기에 캐치테이블 눌러놓고 골목 구경하며 시간 보냈는데 기다린 보람이 있을만큼 군더더기 없이 깔끔한 국밥맛이 참 좋았어요 기본이랑 특 사이즈가 이렇게 다를줄이야 고기 양이 상당히 많아지니 남자분들는 특 사이즈 주문해드셔도 좋을것 같아요,옥동식 EXCLAM 마쉐린가이드 맛집으로 유명한 곳이라해서 오픈런으로 방문했어요 11시 오픈 10시 10분 도착 2번이였기에 캐치테이블 눌러놓고 골목 구경하며 시간 보냈는데 기다린 보람이 있을만큼 군더더기 없이 깔끔한 국밥맛이 참 좋았어요 기본이랑 특 사이즈가 이렇게 다를줄이야 고기 양이 상당히 많아지니 남자분들는 특 사이즈 주문해드셔도 좋을것 같아요,0,0,0,0,1,0,1,191,"테이블, 깔끔"
naver,이태리국시 성수,imochan,51.0,2026.02.14,1번째 방문,예약,"💛 모두 맛있게 보여서 많이 고민했다. 우리는 숯불대창돌솥파스타(25.000)숯불불고기쌈피자(25.000)맥주를(10.000)✖︎2 주문했다. 🧡정말 모두 맛있었다❣️다른 테이블도 창돌솥파스타를 주문하시네요…다음에는 다들 시킨 반계마늘돌솥리조토도 먹어야겠다❣️ ⚠️주의 할 점 ⭐️주말이라면 반드시 예약 필수!! ⭐️예약금 1명당 5.000₩ 우리 2명으로 1.0000₩였다. 하지만 자리는 넉넉한 4명 테이블😊 ⭐️ 리뷰 사진에서는 홀이 넓어 보였지만, 생각보다 좌석 수가 적었다. 천장이 높아서인지 수다 소리가 울려 퍼지고 대화 나누기에는 좀 어렵다. ⭐️테이블 이용은 90분!! 요리가 나오기까지 시간이 조금 걸린다🥘아마 15분은 기다린 것 같아.그래서 바로 시간이 된 느낌이 들었다. 🧡하지만 요리는 정말 맛있었다❣️❣️",407,True,,,,"💛 모두 맛있게 보여서 많이 고민했다. 우리는 숯불대창돌솥파스타(25.000)숯불불고기쌈피자(25.000)맥주를(10.000)✖︎2 주문했다. 🧡정말 모두 맛있었다❣️다른 테이블도 창돌솥파스타를 주문하시네요…다음에는 다들 시킨 반계마늘돌솥리조토도 먹어야겠다❣️ ⚠️주의 할 점 ⭐️주말이라면 반드시 예약 필수!! ⭐️예약금 1명당 5.000₩ 우리 2명으로 1.0000₩였다. 하지만 자리는 넉넉한 4명 테이블😊 ⭐️ 리뷰 사진에서는 홀이 넓어 보였지만, 생각보다 좌석 수가 적었다. 천장이 높아서인지 수다 소리가 울려 퍼지고 대화 나누기에는 좀 어렵다. ⭐️테이블 이용은 90분!! 요리가 나오기까지 시간이 조금 걸린다🥘아마 15분은 기다린 것 같아.그래서 바로 시간이 된 느낌이 들었다. 🧡하지만 요리는 정말 맛있었다❣️❣️",EMO_POS 모두 맛있게 보여서 많이 고민했다 우리는 숯불대창돌솥파스타 25 000 숯불불고기쌈피자 25 000 맥주를 10 000 2 주문했다 EMO_POS 정말 모두 맛있었다 EMO_POS 다른 테이블도 창돌솥파스타를 주문하시네요 다음에는 다들 시킨 반계마늘돌솥리조토도 먹어야겠다 EMO_POS 주의 할 점 주말이라면 반드시 예약 필수 EXCLAM 예약금 1명당 5 000 우리 2명으로 1 0000 였다 하지만 자리는 넉넉한 4명 테이블 EMO_POS 리뷰 사진에서는 홀이 넓어 보였지만 생각보다 좌석 수가 적었다 천장이 높아서인지 수다 소리가 울려 퍼지고 대화 나누기에는 좀 어렵다 테이블 이용은 90분 EXCLAM 요리가 나오기까지 시간이 조금 걸린다 아마 15분은 기다린 것 같아 그래서 바로 시간이 된 느낌이 들었다 EMO_POS 하지만 요리는 정말 맛있었다 EMO_POS EMO_POS,1,0,0,0,1,0,1,407,"자리, 테이블, 넓"
naver,훼미리손칼국수보쌈,초이쥐니,295.0,2025.06.21,1번째 방문,예약,아 먹다가 찍어서 사진이 이것뿐 언제나 지인들 데려가면 성공인 맛집 내부가 조금 더워요 ㅠㅠ,51,True,,,,아 먹다가 찍어서 사진이 이것뿐 언제나 지인들 데려가면 성공인 맛집 내부가 조금 더워요 ㅠㅠ,아 먹다가 찍어서 사진이 이것뿐 언제나 지인들 데려가면 성공인 맛집 내부가 조금 더워요,0,0,0,1,0,0,0,51,내부
kakao,육산장 홍대본점,이현세,1.0,2026-03-25,,,분위기 좋고 고기도 좋아요. 사이드메뉴들도 맛있네요.,29,True,5.0,5.0,브론즈 레벨,분위기 좋고 고기도 좋아요. 사이드메뉴들도 맛있네요.,분위기 좋고 고기도 좋아요 사이드메뉴들도 맛있네요,0,0,0,0,0,0,0,29,분위기
naver,이태리국시 성수,뿌잉ㅎㅁㅇ,36.0,2026.03.28,1번째 방문,영수증,일단 인테리어와 분위기가 차분해서 좋았어요. 익숙한 맛이라 어렵지 않게 맛있게 먹을 수 있었습니다! 알바생들도 친절하시고 좋아요.,72,True,,,,일단 인테리어와 분위기가 차분해서 좋았어요. 익숙한 맛이라 어렵지 않게 맛있게 먹을 수 있었습니다! 알바생들도 친절하시고 좋아요.,일단 인테리어와 분위기가 차분해서 좋았어요 익숙한 맛이라 어렵지 않게 맛있게 먹을 수 있었습니다 EXCLAM 알바생들도 친절하시고 좋아요,0,0,0,0,1,0,0,72,"분위기, 인테리어, 차분"
